tag,context,y,x,mac_q,mac_sc_q,time
after_local_cswitch,0,0,0,0,-2378,6105380 ns
after_local_cswitch,0,32,0,0,-51232,6105380 ns
after_local_cswitch,0,0,0,0,-2378,6105380 ns
after_local_cswitch,0,32,0,0,-51232,6105380 ns
after_local_cswitch,0,0,0,0,-2378,6105380 ns
after_local_cswitch,0,32,0,0,-51232,6105380 ns
after_local_cswitch,0,0,1,0,-7075,6105390 ns
after_local_cswitch,0,1,0,0,-24449,6105390 ns
after_local_cswitch,0,32,1,0,25196,6105390 ns
after_local_cswitch,0,33,0,0,57335,6105390 ns
after_local_cswitch,0,0,1,0,-7075,6105390 ns
after_local_cswitch,0,1,0,0,-24449,6105390 ns
after_local_cswitch,0,32,1,0,25196,6105390 ns
after_local_cswitch,0,33,0,0,57335,6105390 ns
after_local_cswitch,0,0,1,0,-7075,6105390 ns
after_local_cswitch,0,1,0,0,-24449,6105390 ns
after_local_cswitch,0,32,1,0,25196,6105390 ns
after_local_cswitch,0,33,0,0,57335,6105390 ns
after_local_cswitch,0,0,2,0,-10148,6105400 ns
after_local_cswitch,0,1,1,0,-75347,6105400 ns
after_local_cswitch,0,2,0,0,-96053,6105400 ns
after_local_cswitch,0,32,2,0,95356,6105400 ns
after_local_cswitch,0,33,1,0,16944,6105400 ns
after_local_cswitch,0,34,0,0,53550,6105400 ns
after_local_cswitch,0,0,2,0,-10148,6105400 ns
after_local_cswitch,0,1,1,0,-75347,6105400 ns
after_local_cswitch,0,2,0,0,-96053,6105400 ns
after_local_cswitch,0,32,2,0,95356,6105400 ns
after_local_cswitch,0,33,1,0,16944,6105400 ns
after_local_cswitch,0,34,0,0,53550,6105400 ns
after_local_cswitch,0,0,2,0,-10148,6105400 ns
after_local_cswitch,0,1,1,0,-75347,6105400 ns
after_local_cswitch,0,2,0,0,-96053,6105400 ns
after_local_cswitch,0,32,2,0,95356,6105400 ns
after_local_cswitch,0,33,1,0,16944,6105400 ns
after_local_cswitch,0,34,0,0,53550,6105400 ns
after_local_cswitch,0,0,3,0,111420,6105410 ns
after_local_cswitch,0,1,2,0,-43538,6105410 ns
after_local_cswitch,0,2,1,0,52554,6105410 ns
after_local_cswitch,0,3,0,0,-98483,6105410 ns
after_local_cswitch,0,32,3,0,-25174,6105410 ns
after_local_cswitch,0,33,2,0,-10933,6105410 ns
after_local_cswitch,0,34,1,0,8191,6105410 ns
after_local_cswitch,0,35,0,0,49009,6105410 ns
after_local_cswitch,0,0,3,0,111420,6105410 ns
after_local_cswitch,0,1,2,0,-43538,6105410 ns
after_local_cswitch,0,2,1,0,52554,6105410 ns
after_local_cswitch,0,3,0,0,-98483,6105410 ns
after_local_cswitch,0,32,3,0,-25174,6105410 ns
after_local_cswitch,0,33,2,0,-10933,6105410 ns
after_local_cswitch,0,34,1,0,8191,6105410 ns
after_local_cswitch,0,35,0,0,49009,6105410 ns
after_local_cswitch,0,0,3,0,111420,6105410 ns
after_local_cswitch,0,1,2,0,-43538,6105410 ns
after_local_cswitch,0,2,1,0,52554,6105410 ns
after_local_cswitch,0,3,0,0,-98483,6105410 ns
after_local_cswitch,0,32,3,0,-25174,6105410 ns
after_local_cswitch,0,33,2,0,-10933,6105410 ns
after_local_cswitch,0,34,1,0,8191,6105410 ns
after_local_cswitch,0,35,0,0,49009,6105410 ns
after_local_cswitch,0,0,4,0,-57355,6105420 ns
after_local_cswitch,0,1,3,0,-96385,6105420 ns
after_local_cswitch,0,2,2,0,-87344,6105420 ns
after_local_cswitch,0,3,1,0,1673,6105420 ns
after_local_cswitch,0,4,0,0,-127880,6105420 ns
after_local_cswitch,0,32,4,0,65508,6105420 ns
after_local_cswitch,0,33,3,0,18679,6105420 ns
after_local_cswitch,0,34,2,0,19374,6105420 ns
after_local_cswitch,0,35,1,0,-116842,6105420 ns
after_local_cswitch,0,36,0,0,-110063,6105420 ns
after_local_cswitch,0,0,4,0,-57355,6105420 ns
after_local_cswitch,0,1,3,0,-96385,6105420 ns
after_local_cswitch,0,2,2,0,-87344,6105420 ns
after_local_cswitch,0,3,1,0,1673,6105420 ns
after_local_cswitch,0,4,0,0,-127880,6105420 ns
after_local_cswitch,0,32,4,0,65508,6105420 ns
after_local_cswitch,0,33,3,0,18679,6105420 ns
after_local_cswitch,0,34,2,0,19374,6105420 ns
after_local_cswitch,0,35,1,0,-116842,6105420 ns
after_local_cswitch,0,36,0,0,-110063,6105420 ns
after_local_cswitch,0,0,4,0,-57355,6105420 ns
after_local_cswitch,0,1,3,0,-96385,6105420 ns
after_local_cswitch,0,2,2,0,-87344,6105420 ns
after_local_cswitch,0,3,1,0,1673,6105420 ns
after_local_cswitch,0,4,0,0,-127880,6105420 ns
after_local_cswitch,0,32,4,0,65508,6105420 ns
after_local_cswitch,0,33,3,0,18679,6105420 ns
after_local_cswitch,0,34,2,0,19374,6105420 ns
after_local_cswitch,0,35,1,0,-116842,6105420 ns
after_local_cswitch,0,36,0,0,-110063,6105420 ns
after_local_cswitch,0,0,5,0,23634,6105430 ns
after_local_cswitch,0,1,4,0,-98112,6105430 ns
after_local_cswitch,0,2,3,0,67333,6105430 ns
after_local_cswitch,0,3,2,0,-45464,6105430 ns
after_local_cswitch,0,4,1,0,-74846,6105430 ns
after_local_cswitch,0,5,0,0,51920,6105430 ns
after_local_cswitch,0,32,5,0,-17582,6105430 ns
after_local_cswitch,0,33,4,0,-154077,6105430 ns
after_local_cswitch,0,34,3,0,-49409,6105430 ns
after_local_cswitch,0,35,2,0,59906,6105430 ns
after_local_cswitch,0,36,1,0,22873,6105430 ns
after_local_cswitch,0,37,0,0,99820,6105430 ns
after_local_cswitch,0,0,5,0,23634,6105430 ns
after_local_cswitch,0,1,4,0,-98112,6105430 ns
after_local_cswitch,0,2,3,0,67333,6105430 ns
after_local_cswitch,0,3,2,0,-45464,6105430 ns
after_local_cswitch,0,4,1,0,-74846,6105430 ns
after_local_cswitch,0,5,0,0,51920,6105430 ns
after_local_cswitch,0,32,5,0,-17582,6105430 ns
after_local_cswitch,0,33,4,0,-154077,6105430 ns
after_local_cswitch,0,34,3,0,-49409,6105430 ns
after_local_cswitch,0,35,2,0,59906,6105430 ns
after_local_cswitch,0,36,1,0,22873,6105430 ns
after_local_cswitch,0,37,0,0,99820,6105430 ns
after_local_cswitch,0,0,5,0,23634,6105430 ns
after_local_cswitch,0,1,4,0,-98112,6105430 ns
after_local_cswitch,0,2,3,0,67333,6105430 ns
after_local_cswitch,0,3,2,0,-45464,6105430 ns
after_local_cswitch,0,4,1,0,-74846,6105430 ns
after_local_cswitch,0,5,0,0,51920,6105430 ns
after_local_cswitch,0,32,5,0,-17582,6105430 ns
after_local_cswitch,0,33,4,0,-154077,6105430 ns
after_local_cswitch,0,34,3,0,-49409,6105430 ns
after_local_cswitch,0,35,2,0,59906,6105430 ns
after_local_cswitch,0,36,1,0,22873,6105430 ns
after_local_cswitch,0,37,0,0,99820,6105430 ns
after_local_cswitch,0,0,6,0,-54737,6105440 ns
after_local_cswitch,0,1,5,0,-60618,6105440 ns
after_local_cswitch,0,2,4,0,-103339,6105440 ns
after_local_cswitch,0,3,3,0,-23135,6105440 ns
after_local_cswitch,0,4,2,0,37058,6105440 ns
after_local_cswitch,0,5,1,0,-4337,6105440 ns
after_local_cswitch,0,6,0,0,28094,6105440 ns
after_local_cswitch,0,32,6,0,-4727,6105440 ns
after_local_cswitch,0,33,5,0,-39540,6105440 ns
after_local_cswitch,0,34,4,0,61517,6105440 ns
after_local_cswitch,0,35,3,0,27890,6105440 ns
after_local_cswitch,0,36,2,0,-16642,6105440 ns
after_local_cswitch,0,37,1,0,56728,6105440 ns
after_local_cswitch,0,38,0,0,-21761,6105440 ns
after_local_cswitch,0,0,6,0,-54737,6105440 ns
after_local_cswitch,0,1,5,0,-60618,6105440 ns
after_local_cswitch,0,2,4,0,-103339,6105440 ns
after_local_cswitch,0,3,3,0,-23135,6105440 ns
after_local_cswitch,0,4,2,0,37058,6105440 ns
after_local_cswitch,0,5,1,0,-4337,6105440 ns
after_local_cswitch,0,6,0,0,28094,6105440 ns
after_local_cswitch,0,32,6,0,-4727,6105440 ns
after_local_cswitch,0,33,5,0,-39540,6105440 ns
after_local_cswitch,0,34,4,0,61517,6105440 ns
after_local_cswitch,0,35,3,0,27890,6105440 ns
after_local_cswitch,0,36,2,0,-16642,6105440 ns
after_local_cswitch,0,37,1,0,56728,6105440 ns
after_local_cswitch,0,38,0,0,-21761,6105440 ns
after_local_cswitch,0,0,6,0,-54737,6105440 ns
after_local_cswitch,0,1,5,0,-60618,6105440 ns
after_local_cswitch,0,2,4,0,-103339,6105440 ns
after_local_cswitch,0,3,3,0,-23135,6105440 ns
after_local_cswitch,0,4,2,0,37058,6105440 ns
after_local_cswitch,0,5,1,0,-4337,6105440 ns
after_local_cswitch,0,6,0,0,28094,6105440 ns
after_local_cswitch,0,32,6,0,-4727,6105440 ns
after_local_cswitch,0,33,5,0,-39540,6105440 ns
after_local_cswitch,0,34,4,0,61517,6105440 ns
after_local_cswitch,0,35,3,0,27890,6105440 ns
after_local_cswitch,0,36,2,0,-16642,6105440 ns
after_local_cswitch,0,37,1,0,56728,6105440 ns
after_local_cswitch,0,38,0,0,-21761,6105440 ns
after_local_cswitch,0,0,7,0,-27094,6105450 ns
after_local_cswitch,0,1,6,0,77785,6105450 ns
after_local_cswitch,0,2,5,0,41987,6105450 ns
after_local_cswitch,0,3,4,0,-107666,6105450 ns
after_local_cswitch,0,4,3,0,-61092,6105450 ns
after_local_cswitch,0,5,2,0,39111,6105450 ns
after_local_cswitch,0,6,1,0,6429,6105450 ns
after_local_cswitch,0,7,0,0,68247,6105450 ns
after_local_cswitch,0,32,7,0,12012,6105450 ns
after_local_cswitch,0,33,6,0,52116,6105450 ns
after_local_cswitch,0,34,5,0,-37733,6105450 ns
after_local_cswitch,0,35,4,0,-102571,6105450 ns
after_local_cswitch,0,36,3,0,-99683,6105450 ns
after_local_cswitch,0,37,2,0,15181,6105450 ns
after_local_cswitch,0,38,1,0,-90561,6105450 ns
after_local_cswitch,0,39,0,0,-56721,6105450 ns
after_local_cswitch,0,0,7,0,-27094,6105450 ns
after_local_cswitch,0,1,6,0,77785,6105450 ns
after_local_cswitch,0,2,5,0,41987,6105450 ns
after_local_cswitch,0,3,4,0,-107666,6105450 ns
after_local_cswitch,0,4,3,0,-61092,6105450 ns
after_local_cswitch,0,5,2,0,39111,6105450 ns
after_local_cswitch,0,6,1,0,6429,6105450 ns
after_local_cswitch,0,7,0,0,68247,6105450 ns
after_local_cswitch,0,32,7,0,12012,6105450 ns
after_local_cswitch,0,33,6,0,52116,6105450 ns
after_local_cswitch,0,34,5,0,-37733,6105450 ns
after_local_cswitch,0,35,4,0,-102571,6105450 ns
after_local_cswitch,0,36,3,0,-99683,6105450 ns
after_local_cswitch,0,37,2,0,15181,6105450 ns
after_local_cswitch,0,38,1,0,-90561,6105450 ns
after_local_cswitch,0,39,0,0,-56721,6105450 ns
after_local_cswitch,0,0,7,0,-27094,6105450 ns
after_local_cswitch,0,1,6,0,77785,6105450 ns
after_local_cswitch,0,2,5,0,41987,6105450 ns
after_local_cswitch,0,3,4,0,-107666,6105450 ns
after_local_cswitch,0,4,3,0,-61092,6105450 ns
after_local_cswitch,0,5,2,0,39111,6105450 ns
after_local_cswitch,0,6,1,0,6429,6105450 ns
after_local_cswitch,0,7,0,0,68247,6105450 ns
after_local_cswitch,0,32,7,0,12012,6105450 ns
after_local_cswitch,0,33,6,0,52116,6105450 ns
after_local_cswitch,0,34,5,0,-37733,6105450 ns
after_local_cswitch,0,35,4,0,-102571,6105450 ns
after_local_cswitch,0,36,3,0,-99683,6105450 ns
after_local_cswitch,0,37,2,0,15181,6105450 ns
after_local_cswitch,0,38,1,0,-90561,6105450 ns
after_local_cswitch,0,39,0,0,-56721,6105450 ns
after_local_cswitch,0,0,8,0,-153192,6105460 ns
after_local_cswitch,0,1,7,0,49484,6105460 ns
after_local_cswitch,0,2,6,0,-97124,6105460 ns
after_local_cswitch,0,3,5,0,-35345,6105460 ns
after_local_cswitch,0,4,4,0,-101795,6105460 ns
after_local_cswitch,0,5,3,0,26801,6105460 ns
after_local_cswitch,0,6,2,0,-17171,6105460 ns
after_local_cswitch,0,7,1,0,73824,6105460 ns
after_local_cswitch,0,8,0,0,32363,6105460 ns
after_local_cswitch,0,32,8,0,-6059,6105460 ns
after_local_cswitch,0,33,7,0,56652,6105460 ns
after_local_cswitch,0,34,6,0,-12972,6105460 ns
after_local_cswitch,0,35,5,0,107134,6105460 ns
after_local_cswitch,0,36,4,0,-9947,6105460 ns
after_local_cswitch,0,37,3,0,67086,6105460 ns
after_local_cswitch,0,38,2,0,-37124,6105460 ns
after_local_cswitch,0,39,1,0,-25176,6105460 ns
after_local_cswitch,0,40,0,0,-215,6105460 ns
after_local_cswitch,0,0,8,0,-153192,6105460 ns
after_local_cswitch,0,1,7,0,49484,6105460 ns
after_local_cswitch,0,2,6,0,-97124,6105460 ns
after_local_cswitch,0,3,5,0,-35345,6105460 ns
after_local_cswitch,0,4,4,0,-101795,6105460 ns
after_local_cswitch,0,5,3,0,26801,6105460 ns
after_local_cswitch,0,6,2,0,-17171,6105460 ns
after_local_cswitch,0,7,1,0,73824,6105460 ns
after_local_cswitch,0,8,0,0,32363,6105460 ns
after_local_cswitch,0,32,8,0,-6059,6105460 ns
after_local_cswitch,0,33,7,0,56652,6105460 ns
after_local_cswitch,0,34,6,0,-12972,6105460 ns
after_local_cswitch,0,35,5,0,107134,6105460 ns
after_local_cswitch,0,36,4,0,-9947,6105460 ns
after_local_cswitch,0,37,3,0,67086,6105460 ns
after_local_cswitch,0,38,2,0,-37124,6105460 ns
after_local_cswitch,0,39,1,0,-25176,6105460 ns
after_local_cswitch,0,40,0,0,-215,6105460 ns
after_local_cswitch,0,0,8,0,-153192,6105460 ns
after_local_cswitch,0,1,7,0,49484,6105460 ns
after_local_cswitch,0,2,6,0,-97124,6105460 ns
after_local_cswitch,0,3,5,0,-35345,6105460 ns
after_local_cswitch,0,4,4,0,-101795,6105460 ns
after_local_cswitch,0,5,3,0,26801,6105460 ns
after_local_cswitch,0,6,2,0,-17171,6105460 ns
after_local_cswitch,0,7,1,0,73824,6105460 ns
after_local_cswitch,0,8,0,0,32363,6105460 ns
after_local_cswitch,0,32,8,0,-6059,6105460 ns
after_local_cswitch,0,33,7,0,56652,6105460 ns
after_local_cswitch,0,34,6,0,-12972,6105460 ns
after_local_cswitch,0,35,5,0,107134,6105460 ns
after_local_cswitch,0,36,4,0,-9947,6105460 ns
after_local_cswitch,0,37,3,0,67086,6105460 ns
after_local_cswitch,0,38,2,0,-37124,6105460 ns
after_local_cswitch,0,39,1,0,-25176,6105460 ns
after_local_cswitch,0,40,0,0,-215,6105460 ns
after_local_cswitch,0,0,9,0,14602,6105470 ns
after_local_cswitch,0,1,8,0,-7385,6105470 ns
after_local_cswitch,0,2,7,0,105906,6105470 ns
after_local_cswitch,0,3,6,0,55476,6105470 ns
after_local_cswitch,0,4,5,0,-30710,6105470 ns
after_local_cswitch,0,5,4,0,149749,6105470 ns
after_local_cswitch,0,6,3,0,98286,6105470 ns
after_local_cswitch,0,7,2,0,-781,6105470 ns
after_local_cswitch,0,8,1,0,96383,6105470 ns
after_local_cswitch,0,9,0,0,-55795,6105470 ns
after_local_cswitch,0,32,9,0,3980,6105470 ns
after_local_cswitch,0,33,8,0,45424,6105470 ns
after_local_cswitch,0,34,7,0,-4314,6105470 ns
after_local_cswitch,0,35,6,0,128198,6105470 ns
after_local_cswitch,0,36,5,0,-22347,6105470 ns
after_local_cswitch,0,37,4,0,-73226,6105470 ns
after_local_cswitch,0,38,3,0,34381,6105470 ns
after_local_cswitch,0,39,2,0,108142,6105470 ns
after_local_cswitch,0,40,1,0,-61638,6105470 ns
after_local_cswitch,0,41,0,0,107433,6105470 ns
after_local_cswitch,0,0,9,0,14602,6105470 ns
after_local_cswitch,0,1,8,0,-7385,6105470 ns
after_local_cswitch,0,2,7,0,105906,6105470 ns
after_local_cswitch,0,3,6,0,55476,6105470 ns
after_local_cswitch,0,4,5,0,-30710,6105470 ns
after_local_cswitch,0,5,4,0,149749,6105470 ns
after_local_cswitch,0,6,3,0,98286,6105470 ns
after_local_cswitch,0,7,2,0,-781,6105470 ns
after_local_cswitch,0,8,1,0,96383,6105470 ns
after_local_cswitch,0,9,0,0,-55795,6105470 ns
after_local_cswitch,0,32,9,0,3980,6105470 ns
after_local_cswitch,0,33,8,0,45424,6105470 ns
after_local_cswitch,0,34,7,0,-4314,6105470 ns
after_local_cswitch,0,35,6,0,128198,6105470 ns
after_local_cswitch,0,36,5,0,-22347,6105470 ns
after_local_cswitch,0,37,4,0,-73226,6105470 ns
after_local_cswitch,0,38,3,0,34381,6105470 ns
after_local_cswitch,0,39,2,0,108142,6105470 ns
after_local_cswitch,0,40,1,0,-61638,6105470 ns
after_local_cswitch,0,41,0,0,107433,6105470 ns
after_local_cswitch,0,0,9,0,14602,6105470 ns
after_local_cswitch,0,1,8,0,-7385,6105470 ns
after_local_cswitch,0,2,7,0,105906,6105470 ns
after_local_cswitch,0,3,6,0,55476,6105470 ns
after_local_cswitch,0,4,5,0,-30710,6105470 ns
after_local_cswitch,0,5,4,0,149749,6105470 ns
after_local_cswitch,0,6,3,0,98286,6105470 ns
after_local_cswitch,0,7,2,0,-781,6105470 ns
after_local_cswitch,0,8,1,0,96383,6105470 ns
after_local_cswitch,0,9,0,0,-55795,6105470 ns
after_local_cswitch,0,32,9,0,3980,6105470 ns
after_local_cswitch,0,33,8,0,45424,6105470 ns
after_local_cswitch,0,34,7,0,-4314,6105470 ns
after_local_cswitch,0,35,6,0,128198,6105470 ns
after_local_cswitch,0,36,5,0,-22347,6105470 ns
after_local_cswitch,0,37,4,0,-73226,6105470 ns
after_local_cswitch,0,38,3,0,34381,6105470 ns
after_local_cswitch,0,39,2,0,108142,6105470 ns
after_local_cswitch,0,40,1,0,-61638,6105470 ns
after_local_cswitch,0,41,0,0,107433,6105470 ns
after_local_cswitch,0,0,10,0,186462,6105480 ns
after_local_cswitch,0,1,9,0,39271,6105480 ns
after_local_cswitch,0,2,8,0,34754,6105480 ns
after_local_cswitch,0,3,7,0,73558,6105480 ns
after_local_cswitch,0,4,6,0,-62595,6105480 ns
after_local_cswitch,0,5,5,0,99881,6105480 ns
after_local_cswitch,0,6,4,0,84061,6105480 ns
after_local_cswitch,0,7,3,0,-160527,6105480 ns
after_local_cswitch,0,8,2,0,103471,6105480 ns
after_local_cswitch,0,9,1,0,62126,6105480 ns
after_local_cswitch,0,10,0,0,-84870,6105480 ns
after_local_cswitch,0,32,10,0,-35602,6105480 ns
after_local_cswitch,0,33,9,0,-65488,6105480 ns
after_local_cswitch,0,34,8,0,73097,6105480 ns
after_local_cswitch,0,35,7,0,-82647,6105480 ns
after_local_cswitch,0,36,6,0,3145,6105480 ns
after_local_cswitch,0,37,5,0,172556,6105480 ns
after_local_cswitch,0,38,4,0,210018,6105480 ns
after_local_cswitch,0,39,3,0,-96175,6105480 ns
after_local_cswitch,0,40,2,0,5147,6105480 ns
after_local_cswitch,0,41,1,0,41970,6105480 ns
after_local_cswitch,0,42,0,0,-24749,6105480 ns
after_local_cswitch,0,0,10,0,186462,6105480 ns
after_local_cswitch,0,1,9,0,39271,6105480 ns
after_local_cswitch,0,2,8,0,34754,6105480 ns
after_local_cswitch,0,3,7,0,73558,6105480 ns
after_local_cswitch,0,4,6,0,-62595,6105480 ns
after_local_cswitch,0,5,5,0,99881,6105480 ns
after_local_cswitch,0,6,4,0,84061,6105480 ns
after_local_cswitch,0,7,3,0,-160527,6105480 ns
after_local_cswitch,0,8,2,0,103471,6105480 ns
after_local_cswitch,0,9,1,0,62126,6105480 ns
after_local_cswitch,0,10,0,0,-84870,6105480 ns
after_local_cswitch,0,32,10,0,-35602,6105480 ns
after_local_cswitch,0,33,9,0,-65488,6105480 ns
after_local_cswitch,0,34,8,0,73097,6105480 ns
after_local_cswitch,0,35,7,0,-82647,6105480 ns
after_local_cswitch,0,36,6,0,3145,6105480 ns
after_local_cswitch,0,37,5,0,172556,6105480 ns
after_local_cswitch,0,38,4,0,210018,6105480 ns
after_local_cswitch,0,39,3,0,-96175,6105480 ns
after_local_cswitch,0,40,2,0,5147,6105480 ns
after_local_cswitch,0,41,1,0,41970,6105480 ns
after_local_cswitch,0,42,0,0,-24749,6105480 ns
after_local_cswitch,0,0,10,0,186462,6105480 ns
after_local_cswitch,0,1,9,0,39271,6105480 ns
after_local_cswitch,0,2,8,0,34754,6105480 ns
after_local_cswitch,0,3,7,0,73558,6105480 ns
after_local_cswitch,0,4,6,0,-62595,6105480 ns
after_local_cswitch,0,5,5,0,99881,6105480 ns
after_local_cswitch,0,6,4,0,84061,6105480 ns
after_local_cswitch,0,7,3,0,-160527,6105480 ns
after_local_cswitch,0,8,2,0,103471,6105480 ns
after_local_cswitch,0,9,1,0,62126,6105480 ns
after_local_cswitch,0,10,0,0,-84870,6105480 ns
after_local_cswitch,0,32,10,0,-35602,6105480 ns
after_local_cswitch,0,33,9,0,-65488,6105480 ns
after_local_cswitch,0,34,8,0,73097,6105480 ns
after_local_cswitch,0,35,7,0,-82647,6105480 ns
after_local_cswitch,0,36,6,0,3145,6105480 ns
after_local_cswitch,0,37,5,0,172556,6105480 ns
after_local_cswitch,0,38,4,0,210018,6105480 ns
after_local_cswitch,0,39,3,0,-96175,6105480 ns
after_local_cswitch,0,40,2,0,5147,6105480 ns
after_local_cswitch,0,41,1,0,41970,6105480 ns
after_local_cswitch,0,42,0,0,-24749,6105480 ns
after_local_cswitch,0,0,11,0,-7519,6105490 ns
after_local_cswitch,0,1,10,0,-77013,6105490 ns
after_local_cswitch,0,2,9,0,-17203,6105490 ns
after_local_cswitch,0,3,8,0,-47094,6105490 ns
after_local_cswitch,0,4,7,0,-21970,6105490 ns
after_local_cswitch,0,5,6,0,13738,6105490 ns
after_local_cswitch,0,6,5,0,36061,6105490 ns
after_local_cswitch,0,7,4,0,13766,6105490 ns
after_local_cswitch,0,8,3,0,-106660,6105490 ns
after_local_cswitch,0,9,2,0,-59200,6105490 ns
after_local_cswitch,0,10,1,0,-49689,6105490 ns
after_local_cswitch,0,11,0,0,6937,6105490 ns
after_local_cswitch,0,32,11,0,-39650,6105490 ns
after_local_cswitch,0,33,10,0,-40784,6105490 ns
after_local_cswitch,0,34,9,0,-13993,6105490 ns
after_local_cswitch,0,35,8,0,-44063,6105490 ns
after_local_cswitch,0,36,7,0,-53191,6105490 ns
after_local_cswitch,0,37,6,0,125598,6105490 ns
after_local_cswitch,0,38,5,0,162740,6105490 ns
after_local_cswitch,0,39,4,0,-80044,6105490 ns
after_local_cswitch,0,40,3,0,-171338,6105490 ns
after_local_cswitch,0,41,2,0,-81712,6105490 ns
after_local_cswitch,0,42,1,0,-77569,6105490 ns
after_local_cswitch,0,43,0,0,-2679,6105490 ns
after_local_cswitch,0,0,11,0,-7519,6105490 ns
after_local_cswitch,0,1,10,0,-77013,6105490 ns
after_local_cswitch,0,2,9,0,-17203,6105490 ns
after_local_cswitch,0,3,8,0,-47094,6105490 ns
after_local_cswitch,0,4,7,0,-21970,6105490 ns
after_local_cswitch,0,5,6,0,13738,6105490 ns
after_local_cswitch,0,6,5,0,36061,6105490 ns
after_local_cswitch,0,7,4,0,13766,6105490 ns
after_local_cswitch,0,8,3,0,-106660,6105490 ns
after_local_cswitch,0,9,2,0,-59200,6105490 ns
after_local_cswitch,0,10,1,0,-49689,6105490 ns
after_local_cswitch,0,11,0,0,6937,6105490 ns
after_local_cswitch,0,32,11,0,-39650,6105490 ns
after_local_cswitch,0,33,10,0,-40784,6105490 ns
after_local_cswitch,0,34,9,0,-13993,6105490 ns
after_local_cswitch,0,35,8,0,-44063,6105490 ns
after_local_cswitch,0,36,7,0,-53191,6105490 ns
after_local_cswitch,0,37,6,0,125598,6105490 ns
after_local_cswitch,0,38,5,0,162740,6105490 ns
after_local_cswitch,0,39,4,0,-80044,6105490 ns
after_local_cswitch,0,40,3,0,-171338,6105490 ns
after_local_cswitch,0,41,2,0,-81712,6105490 ns
after_local_cswitch,0,42,1,0,-77569,6105490 ns
after_local_cswitch,0,43,0,0,-2679,6105490 ns
after_local_cswitch,0,0,11,0,-7519,6105490 ns
after_local_cswitch,0,1,10,0,-77013,6105490 ns
after_local_cswitch,0,2,9,0,-17203,6105490 ns
after_local_cswitch,0,3,8,0,-47094,6105490 ns
after_local_cswitch,0,4,7,0,-21970,6105490 ns
after_local_cswitch,0,5,6,0,13738,6105490 ns
after_local_cswitch,0,6,5,0,36061,6105490 ns
after_local_cswitch,0,7,4,0,13766,6105490 ns
after_local_cswitch,0,8,3,0,-106660,6105490 ns
after_local_cswitch,0,9,2,0,-59200,6105490 ns
after_local_cswitch,0,10,1,0,-49689,6105490 ns
after_local_cswitch,0,11,0,0,6937,6105490 ns
after_local_cswitch,0,32,11,0,-39650,6105490 ns
after_local_cswitch,0,33,10,0,-40784,6105490 ns
after_local_cswitch,0,34,9,0,-13993,6105490 ns
after_local_cswitch,0,35,8,0,-44063,6105490 ns
after_local_cswitch,0,36,7,0,-53191,6105490 ns
after_local_cswitch,0,37,6,0,125598,6105490 ns
after_local_cswitch,0,38,5,0,162740,6105490 ns
after_local_cswitch,0,39,4,0,-80044,6105490 ns
after_local_cswitch,0,40,3,0,-171338,6105490 ns
after_local_cswitch,0,41,2,0,-81712,6105490 ns
after_local_cswitch,0,42,1,0,-77569,6105490 ns
after_local_cswitch,0,43,0,0,-2679,6105490 ns
after_local_cswitch,0,0,12,0,-3743,6105500 ns
after_local_cswitch,0,1,11,0,-23262,6105500 ns
after_local_cswitch,0,2,10,0,139094,6105500 ns
after_local_cswitch,0,3,9,0,-22213,6105500 ns
after_local_cswitch,0,4,8,0,-41238,6105500 ns
after_local_cswitch,0,5,7,0,-45425,6105500 ns
after_local_cswitch,0,6,6,0,1475,6105500 ns
after_local_cswitch,0,7,5,0,26296,6105500 ns
after_local_cswitch,0,8,4,0,-7669,6105500 ns
after_local_cswitch,0,9,3,0,-27066,6105500 ns
after_local_cswitch,0,10,2,0,-52486,6105500 ns
after_local_cswitch,0,11,1,0,16802,6105500 ns
after_local_cswitch,0,12,0,0,75269,6105500 ns
after_local_cswitch,0,32,12,0,-28477,6105500 ns
after_local_cswitch,0,33,11,0,8637,6105500 ns
after_local_cswitch,0,34,10,0,-105806,6105500 ns
after_local_cswitch,0,35,9,0,-39205,6105500 ns
after_local_cswitch,0,36,8,0,76430,6105500 ns
after_local_cswitch,0,37,7,0,70737,6105500 ns
after_local_cswitch,0,38,6,0,25790,6105500 ns
after_local_cswitch,0,39,5,0,-74041,6105500 ns
after_local_cswitch,0,40,4,0,84387,6105500 ns
after_local_cswitch,0,41,3,0,-14288,6105500 ns
after_local_cswitch,0,42,2,0,-40241,6105500 ns
after_local_cswitch,0,43,1,0,-42159,6105500 ns
after_local_cswitch,0,44,0,0,24930,6105500 ns
after_local_cswitch,0,0,12,0,-3743,6105500 ns
after_local_cswitch,0,1,11,0,-23262,6105500 ns
after_local_cswitch,0,2,10,0,139094,6105500 ns
after_local_cswitch,0,3,9,0,-22213,6105500 ns
after_local_cswitch,0,4,8,0,-41238,6105500 ns
after_local_cswitch,0,5,7,0,-45425,6105500 ns
after_local_cswitch,0,6,6,0,1475,6105500 ns
after_local_cswitch,0,7,5,0,26296,6105500 ns
after_local_cswitch,0,8,4,0,-7669,6105500 ns
after_local_cswitch,0,9,3,0,-27066,6105500 ns
after_local_cswitch,0,10,2,0,-52486,6105500 ns
after_local_cswitch,0,11,1,0,16802,6105500 ns
after_local_cswitch,0,12,0,0,75269,6105500 ns
after_local_cswitch,0,32,12,0,-28477,6105500 ns
after_local_cswitch,0,33,11,0,8637,6105500 ns
after_local_cswitch,0,34,10,0,-105806,6105500 ns
after_local_cswitch,0,35,9,0,-39205,6105500 ns
after_local_cswitch,0,36,8,0,76430,6105500 ns
after_local_cswitch,0,37,7,0,70737,6105500 ns
after_local_cswitch,0,38,6,0,25790,6105500 ns
after_local_cswitch,0,39,5,0,-74041,6105500 ns
after_local_cswitch,0,40,4,0,84387,6105500 ns
after_local_cswitch,0,41,3,0,-14288,6105500 ns
after_local_cswitch,0,42,2,0,-40241,6105500 ns
after_local_cswitch,0,43,1,0,-42159,6105500 ns
after_local_cswitch,0,44,0,0,24930,6105500 ns
after_local_cswitch,0,0,12,0,-3743,6105500 ns
after_local_cswitch,0,1,11,0,-23262,6105500 ns
after_local_cswitch,0,2,10,0,139094,6105500 ns
after_local_cswitch,0,3,9,0,-22213,6105500 ns
after_local_cswitch,0,4,8,0,-41238,6105500 ns
after_local_cswitch,0,5,7,0,-45425,6105500 ns
after_local_cswitch,0,6,6,0,1475,6105500 ns
after_local_cswitch,0,7,5,0,26296,6105500 ns
after_local_cswitch,0,8,4,0,-7669,6105500 ns
after_local_cswitch,0,9,3,0,-27066,6105500 ns
after_local_cswitch,0,10,2,0,-52486,6105500 ns
after_local_cswitch,0,11,1,0,16802,6105500 ns
after_local_cswitch,0,12,0,0,75269,6105500 ns
after_local_cswitch,0,32,12,0,-28477,6105500 ns
after_local_cswitch,0,33,11,0,8637,6105500 ns
after_local_cswitch,0,34,10,0,-105806,6105500 ns
after_local_cswitch,0,35,9,0,-39205,6105500 ns
after_local_cswitch,0,36,8,0,76430,6105500 ns
after_local_cswitch,0,37,7,0,70737,6105500 ns
after_local_cswitch,0,38,6,0,25790,6105500 ns
after_local_cswitch,0,39,5,0,-74041,6105500 ns
after_local_cswitch,0,40,4,0,84387,6105500 ns
after_local_cswitch,0,41,3,0,-14288,6105500 ns
after_local_cswitch,0,42,2,0,-40241,6105500 ns
after_local_cswitch,0,43,1,0,-42159,6105500 ns
after_local_cswitch,0,44,0,0,24930,6105500 ns
after_local_cswitch,0,0,13,0,89644,6105510 ns
after_local_cswitch,0,1,12,0,-42010,6105510 ns
after_local_cswitch,0,2,11,0,-104370,6105510 ns
after_local_cswitch,0,3,10,0,155715,6105510 ns
after_local_cswitch,0,4,9,0,-68056,6105510 ns
after_local_cswitch,0,5,8,0,-85963,6105510 ns
after_local_cswitch,0,6,7,0,25567,6105510 ns
after_local_cswitch,0,7,6,0,-90968,6105510 ns
after_local_cswitch,0,8,5,0,63411,6105510 ns
after_local_cswitch,0,9,4,0,-42761,6105510 ns
after_local_cswitch,0,10,3,0,-129312,6105510 ns
after_local_cswitch,0,11,2,0,12911,6105510 ns
after_local_cswitch,0,12,1,0,105719,6105510 ns
after_local_cswitch,0,13,0,0,64024,6105510 ns
after_local_cswitch,0,32,13,0,-73546,6105510 ns
after_local_cswitch,0,33,12,0,-35889,6105510 ns
after_local_cswitch,0,34,11,0,-60885,6105510 ns
after_local_cswitch,0,35,10,0,5766,6105510 ns
after_local_cswitch,0,36,9,0,-25825,6105510 ns
after_local_cswitch,0,37,8,0,94802,6105510 ns
after_local_cswitch,0,38,7,0,116914,6105510 ns
after_local_cswitch,0,39,6,0,20922,6105510 ns
after_local_cswitch,0,40,5,0,152309,6105510 ns
after_local_cswitch,0,41,4,0,94042,6105510 ns
after_local_cswitch,0,42,3,0,-31853,6105510 ns
after_local_cswitch,0,43,2,0,-45647,6105510 ns
after_local_cswitch,0,44,1,0,-165130,6105510 ns
after_local_cswitch,0,45,0,0,71395,6105510 ns
after_local_cswitch,0,0,13,0,89644,6105510 ns
after_local_cswitch,0,1,12,0,-42010,6105510 ns
after_local_cswitch,0,2,11,0,-104370,6105510 ns
after_local_cswitch,0,3,10,0,155715,6105510 ns
after_local_cswitch,0,4,9,0,-68056,6105510 ns
after_local_cswitch,0,5,8,0,-85963,6105510 ns
after_local_cswitch,0,6,7,0,25567,6105510 ns
after_local_cswitch,0,7,6,0,-90968,6105510 ns
after_local_cswitch,0,8,5,0,63411,6105510 ns
after_local_cswitch,0,9,4,0,-42761,6105510 ns
after_local_cswitch,0,10,3,0,-129312,6105510 ns
after_local_cswitch,0,11,2,0,12911,6105510 ns
after_local_cswitch,0,12,1,0,105719,6105510 ns
after_local_cswitch,0,13,0,0,64024,6105510 ns
after_local_cswitch,0,32,13,0,-73546,6105510 ns
after_local_cswitch,0,33,12,0,-35889,6105510 ns
after_local_cswitch,0,34,11,0,-60885,6105510 ns
after_local_cswitch,0,35,10,0,5766,6105510 ns
after_local_cswitch,0,36,9,0,-25825,6105510 ns
after_local_cswitch,0,37,8,0,94802,6105510 ns
after_local_cswitch,0,38,7,0,116914,6105510 ns
after_local_cswitch,0,39,6,0,20922,6105510 ns
after_local_cswitch,0,40,5,0,152309,6105510 ns
after_local_cswitch,0,41,4,0,94042,6105510 ns
after_local_cswitch,0,42,3,0,-31853,6105510 ns
after_local_cswitch,0,43,2,0,-45647,6105510 ns
after_local_cswitch,0,44,1,0,-165130,6105510 ns
after_local_cswitch,0,45,0,0,71395,6105510 ns
after_local_cswitch,0,0,13,0,89644,6105510 ns
after_local_cswitch,0,1,12,0,-42010,6105510 ns
after_local_cswitch,0,2,11,0,-104370,6105510 ns
after_local_cswitch,0,3,10,0,155715,6105510 ns
after_local_cswitch,0,4,9,0,-68056,6105510 ns
after_local_cswitch,0,5,8,0,-85963,6105510 ns
after_local_cswitch,0,6,7,0,25567,6105510 ns
after_local_cswitch,0,7,6,0,-90968,6105510 ns
after_local_cswitch,0,8,5,0,63411,6105510 ns
after_local_cswitch,0,9,4,0,-42761,6105510 ns
after_local_cswitch,0,10,3,0,-129312,6105510 ns
after_local_cswitch,0,11,2,0,12911,6105510 ns
after_local_cswitch,0,12,1,0,105719,6105510 ns
after_local_cswitch,0,13,0,0,64024,6105510 ns
after_local_cswitch,0,32,13,0,-73546,6105510 ns
after_local_cswitch,0,33,12,0,-35889,6105510 ns
after_local_cswitch,0,34,11,0,-60885,6105510 ns
after_local_cswitch,0,35,10,0,5766,6105510 ns
after_local_cswitch,0,36,9,0,-25825,6105510 ns
after_local_cswitch,0,37,8,0,94802,6105510 ns
after_local_cswitch,0,38,7,0,116914,6105510 ns
after_local_cswitch,0,39,6,0,20922,6105510 ns
after_local_cswitch,0,40,5,0,152309,6105510 ns
after_local_cswitch,0,41,4,0,94042,6105510 ns
after_local_cswitch,0,42,3,0,-31853,6105510 ns
after_local_cswitch,0,43,2,0,-45647,6105510 ns
after_local_cswitch,0,44,1,0,-165130,6105510 ns
after_local_cswitch,0,45,0,0,71395,6105510 ns
after_local_cswitch,0,0,14,0,-100941,6105520 ns
after_local_cswitch,0,1,13,0,128412,6105520 ns
after_local_cswitch,0,2,12,0,-122374,6105520 ns
after_local_cswitch,0,3,11,0,172450,6105520 ns
after_local_cswitch,0,4,10,0,38496,6105520 ns
after_local_cswitch,0,5,9,0,1200,6105520 ns
after_local_cswitch,0,6,8,0,-78263,6105520 ns
after_local_cswitch,0,7,7,0,-31517,6105520 ns
after_local_cswitch,0,8,6,0,-12857,6105520 ns
after_local_cswitch,0,9,5,0,50503,6105520 ns
after_local_cswitch,0,10,4,0,-59168,6105520 ns
after_local_cswitch,0,11,3,0,-30820,6105520 ns
after_local_cswitch,0,12,2,0,125525,6105520 ns
after_local_cswitch,0,13,1,0,-49465,6105520 ns
after_local_cswitch,0,14,0,0,-77363,6105520 ns
after_local_cswitch,0,32,14,0,-91029,6105520 ns
after_local_cswitch,0,33,13,0,-1117,6105520 ns
after_local_cswitch,0,34,12,0,-90676,6105520 ns
after_local_cswitch,0,35,11,0,97897,6105520 ns
after_local_cswitch,0,36,10,0,79787,6105520 ns
after_local_cswitch,0,37,9,0,-53006,6105520 ns
after_local_cswitch,0,38,8,0,1285,6105520 ns
after_local_cswitch,0,39,7,0,15053,6105520 ns
after_local_cswitch,0,40,6,0,-39334,6105520 ns
after_local_cswitch,0,41,5,0,174830,6105520 ns
after_local_cswitch,0,42,4,0,-16857,6105520 ns
after_local_cswitch,0,43,3,0,60148,6105520 ns
after_local_cswitch,0,44,2,0,133560,6105520 ns
after_local_cswitch,0,45,1,0,33723,6105520 ns
after_local_cswitch,0,46,0,0,-89086,6105520 ns
after_local_cswitch,0,0,14,0,-100941,6105520 ns
after_local_cswitch,0,1,13,0,128412,6105520 ns
after_local_cswitch,0,2,12,0,-122374,6105520 ns
after_local_cswitch,0,3,11,0,172450,6105520 ns
after_local_cswitch,0,4,10,0,38496,6105520 ns
after_local_cswitch,0,5,9,0,1200,6105520 ns
after_local_cswitch,0,6,8,0,-78263,6105520 ns
after_local_cswitch,0,7,7,0,-31517,6105520 ns
after_local_cswitch,0,8,6,0,-12857,6105520 ns
after_local_cswitch,0,9,5,0,50503,6105520 ns
after_local_cswitch,0,10,4,0,-59168,6105520 ns
after_local_cswitch,0,11,3,0,-30820,6105520 ns
after_local_cswitch,0,12,2,0,125525,6105520 ns
after_local_cswitch,0,13,1,0,-49465,6105520 ns
after_local_cswitch,0,14,0,0,-77363,6105520 ns
after_local_cswitch,0,32,14,0,-91029,6105520 ns
after_local_cswitch,0,33,13,0,-1117,6105520 ns
after_local_cswitch,0,34,12,0,-90676,6105520 ns
after_local_cswitch,0,35,11,0,97897,6105520 ns
after_local_cswitch,0,36,10,0,79787,6105520 ns
after_local_cswitch,0,37,9,0,-53006,6105520 ns
after_local_cswitch,0,38,8,0,1285,6105520 ns
after_local_cswitch,0,39,7,0,15053,6105520 ns
after_local_cswitch,0,40,6,0,-39334,6105520 ns
after_local_cswitch,0,41,5,0,174830,6105520 ns
after_local_cswitch,0,42,4,0,-16857,6105520 ns
after_local_cswitch,0,43,3,0,60148,6105520 ns
after_local_cswitch,0,44,2,0,133560,6105520 ns
after_local_cswitch,0,45,1,0,33723,6105520 ns
after_local_cswitch,0,46,0,0,-89086,6105520 ns
after_local_cswitch,0,0,14,0,-100941,6105520 ns
after_local_cswitch,0,1,13,0,128412,6105520 ns
after_local_cswitch,0,2,12,0,-122374,6105520 ns
after_local_cswitch,0,3,11,0,172450,6105520 ns
after_local_cswitch,0,4,10,0,38496,6105520 ns
after_local_cswitch,0,5,9,0,1200,6105520 ns
after_local_cswitch,0,6,8,0,-78263,6105520 ns
after_local_cswitch,0,7,7,0,-31517,6105520 ns
after_local_cswitch,0,8,6,0,-12857,6105520 ns
after_local_cswitch,0,9,5,0,50503,6105520 ns
after_local_cswitch,0,10,4,0,-59168,6105520 ns
after_local_cswitch,0,11,3,0,-30820,6105520 ns
after_local_cswitch,0,12,2,0,125525,6105520 ns
after_local_cswitch,0,13,1,0,-49465,6105520 ns
after_local_cswitch,0,14,0,0,-77363,6105520 ns
after_local_cswitch,0,32,14,0,-91029,6105520 ns
after_local_cswitch,0,33,13,0,-1117,6105520 ns
after_local_cswitch,0,34,12,0,-90676,6105520 ns
after_local_cswitch,0,35,11,0,97897,6105520 ns
after_local_cswitch,0,36,10,0,79787,6105520 ns
after_local_cswitch,0,37,9,0,-53006,6105520 ns
after_local_cswitch,0,38,8,0,1285,6105520 ns
after_local_cswitch,0,39,7,0,15053,6105520 ns
after_local_cswitch,0,40,6,0,-39334,6105520 ns
after_local_cswitch,0,41,5,0,174830,6105520 ns
after_local_cswitch,0,42,4,0,-16857,6105520 ns
after_local_cswitch,0,43,3,0,60148,6105520 ns
after_local_cswitch,0,44,2,0,133560,6105520 ns
after_local_cswitch,0,45,1,0,33723,6105520 ns
after_local_cswitch,0,46,0,0,-89086,6105520 ns
after_local_cswitch,0,0,15,0,-100826,6105530 ns
after_local_cswitch,0,1,14,0,-156571,6105530 ns
after_local_cswitch,0,2,13,0,130235,6105530 ns
after_local_cswitch,0,3,12,0,-77327,6105530 ns
after_local_cswitch,0,4,11,0,-12062,6105530 ns
after_local_cswitch,0,5,10,0,23176,6105530 ns
after_local_cswitch,0,6,9,0,-65069,6105530 ns
after_local_cswitch,0,7,8,0,28343,6105530 ns
after_local_cswitch,0,8,7,0,-57113,6105530 ns
after_local_cswitch,0,9,6,0,108654,6105530 ns
after_local_cswitch,0,10,5,0,23304,6105530 ns
after_local_cswitch,0,11,4,0,-39307,6105530 ns
after_local_cswitch,0,12,3,0,136752,6105530 ns
after_local_cswitch,0,13,2,0,-61816,6105530 ns
after_local_cswitch,0,14,1,0,53379,6105530 ns
after_local_cswitch,0,15,0,0,-69539,6105530 ns
after_local_cswitch,0,32,15,0,-16315,6105530 ns
after_local_cswitch,0,33,14,0,99167,6105530 ns
after_local_cswitch,0,34,13,0,-14299,6105530 ns
after_local_cswitch,0,35,12,0,13679,6105530 ns
after_local_cswitch,0,36,11,0,-8177,6105530 ns
after_local_cswitch,0,37,10,0,-80781,6105530 ns
after_local_cswitch,0,38,9,0,25665,6105530 ns
after_local_cswitch,0,39,8,0,54418,6105530 ns
after_local_cswitch,0,40,7,0,25756,6105530 ns
after_local_cswitch,0,41,6,0,-33754,6105530 ns
after_local_cswitch,0,42,5,0,-185133,6105530 ns
after_local_cswitch,0,43,4,0,23414,6105530 ns
after_local_cswitch,0,44,3,0,-62314,6105530 ns
after_local_cswitch,0,45,2,0,-81556,6105530 ns
after_local_cswitch,0,46,1,0,109521,6105530 ns
after_local_cswitch,0,47,0,0,44178,6105530 ns
after_local_cswitch,0,0,15,0,-100826,6105530 ns
after_local_cswitch,0,1,14,0,-156571,6105530 ns
after_local_cswitch,0,2,13,0,130235,6105530 ns
after_local_cswitch,0,3,12,0,-77327,6105530 ns
after_local_cswitch,0,4,11,0,-12062,6105530 ns
after_local_cswitch,0,5,10,0,23176,6105530 ns
after_local_cswitch,0,6,9,0,-65069,6105530 ns
after_local_cswitch,0,7,8,0,28343,6105530 ns
after_local_cswitch,0,8,7,0,-57113,6105530 ns
after_local_cswitch,0,9,6,0,108654,6105530 ns
after_local_cswitch,0,10,5,0,23304,6105530 ns
after_local_cswitch,0,11,4,0,-39307,6105530 ns
after_local_cswitch,0,12,3,0,136752,6105530 ns
after_local_cswitch,0,13,2,0,-61816,6105530 ns
after_local_cswitch,0,14,1,0,53379,6105530 ns
after_local_cswitch,0,15,0,0,-69539,6105530 ns
after_local_cswitch,0,32,15,0,-16315,6105530 ns
after_local_cswitch,0,33,14,0,99167,6105530 ns
after_local_cswitch,0,34,13,0,-14299,6105530 ns
after_local_cswitch,0,35,12,0,13679,6105530 ns
after_local_cswitch,0,36,11,0,-8177,6105530 ns
after_local_cswitch,0,37,10,0,-80781,6105530 ns
after_local_cswitch,0,38,9,0,25665,6105530 ns
after_local_cswitch,0,39,8,0,54418,6105530 ns
after_local_cswitch,0,40,7,0,25756,6105530 ns
after_local_cswitch,0,41,6,0,-33754,6105530 ns
after_local_cswitch,0,42,5,0,-185133,6105530 ns
after_local_cswitch,0,43,4,0,23414,6105530 ns
after_local_cswitch,0,44,3,0,-62314,6105530 ns
after_local_cswitch,0,45,2,0,-81556,6105530 ns
after_local_cswitch,0,46,1,0,109521,6105530 ns
after_local_cswitch,0,47,0,0,44178,6105530 ns
after_local_cswitch,0,0,15,0,-100826,6105530 ns
after_local_cswitch,0,1,14,0,-156571,6105530 ns
after_local_cswitch,0,2,13,0,130235,6105530 ns
after_local_cswitch,0,3,12,0,-77327,6105530 ns
after_local_cswitch,0,4,11,0,-12062,6105530 ns
after_local_cswitch,0,5,10,0,23176,6105530 ns
after_local_cswitch,0,6,9,0,-65069,6105530 ns
after_local_cswitch,0,7,8,0,28343,6105530 ns
after_local_cswitch,0,8,7,0,-57113,6105530 ns
after_local_cswitch,0,9,6,0,108654,6105530 ns
after_local_cswitch,0,10,5,0,23304,6105530 ns
after_local_cswitch,0,11,4,0,-39307,6105530 ns
after_local_cswitch,0,12,3,0,136752,6105530 ns
after_local_cswitch,0,13,2,0,-61816,6105530 ns
after_local_cswitch,0,14,1,0,53379,6105530 ns
after_local_cswitch,0,15,0,0,-69539,6105530 ns
after_local_cswitch,0,32,15,0,-16315,6105530 ns
after_local_cswitch,0,33,14,0,99167,6105530 ns
after_local_cswitch,0,34,13,0,-14299,6105530 ns
after_local_cswitch,0,35,12,0,13679,6105530 ns
after_local_cswitch,0,36,11,0,-8177,6105530 ns
after_local_cswitch,0,37,10,0,-80781,6105530 ns
after_local_cswitch,0,38,9,0,25665,6105530 ns
after_local_cswitch,0,39,8,0,54418,6105530 ns
after_local_cswitch,0,40,7,0,25756,6105530 ns
after_local_cswitch,0,41,6,0,-33754,6105530 ns
after_local_cswitch,0,42,5,0,-185133,6105530 ns
after_local_cswitch,0,43,4,0,23414,6105530 ns
after_local_cswitch,0,44,3,0,-62314,6105530 ns
after_local_cswitch,0,45,2,0,-81556,6105530 ns
after_local_cswitch,0,46,1,0,109521,6105530 ns
after_local_cswitch,0,47,0,0,44178,6105530 ns
after_local_cswitch,0,0,16,0,141070,6105540 ns
after_local_cswitch,0,1,15,0,148598,6105540 ns
after_local_cswitch,0,2,14,0,4787,6105540 ns
after_local_cswitch,0,3,13,0,104759,6105540 ns
after_local_cswitch,0,4,12,0,40631,6105540 ns
after_local_cswitch,0,5,11,0,35523,6105540 ns
after_local_cswitch,0,6,10,0,157953,6105540 ns
after_local_cswitch,0,7,9,0,5125,6105540 ns
after_local_cswitch,0,8,8,0,61697,6105540 ns
after_local_cswitch,0,9,7,0,-42213,6105540 ns
after_local_cswitch,0,10,6,0,-45561,6105540 ns
after_local_cswitch,0,11,5,0,11822,6105540 ns
after_local_cswitch,0,12,4,0,-138274,6105540 ns
after_local_cswitch,0,13,3,0,34187,6105540 ns
after_local_cswitch,0,14,2,0,-13371,6105540 ns
after_local_cswitch,0,15,1,0,-58811,6105540 ns
after_local_cswitch,0,16,0,0,-52721,6105540 ns
after_local_cswitch,0,32,16,0,-138634,6105540 ns
after_local_cswitch,0,33,15,0,-139729,6105540 ns
after_local_cswitch,0,34,14,0,-70064,6105540 ns
after_local_cswitch,0,35,13,0,-7956,6105540 ns
after_local_cswitch,0,36,12,0,48729,6105540 ns
after_local_cswitch,0,37,11,0,44748,6105540 ns
after_local_cswitch,0,38,10,0,48834,6105540 ns
after_local_cswitch,0,39,9,0,-83541,6105540 ns
after_local_cswitch,0,40,8,0,-12211,6105540 ns
after_local_cswitch,0,41,7,0,56340,6105540 ns
after_local_cswitch,0,42,6,0,177624,6105540 ns
after_local_cswitch,0,43,5,0,-42720,6105540 ns
after_local_cswitch,0,44,4,0,-95269,6105540 ns
after_local_cswitch,0,45,3,0,-37372,6105540 ns
after_local_cswitch,0,46,2,0,153227,6105540 ns
after_local_cswitch,0,47,1,0,-10944,6105540 ns
after_local_cswitch,0,48,0,0,55930,6105540 ns
after_local_cswitch,0,0,16,0,141070,6105540 ns
after_local_cswitch,0,1,15,0,148598,6105540 ns
after_local_cswitch,0,2,14,0,4787,6105540 ns
after_local_cswitch,0,3,13,0,104759,6105540 ns
after_local_cswitch,0,4,12,0,40631,6105540 ns
after_local_cswitch,0,5,11,0,35523,6105540 ns
after_local_cswitch,0,6,10,0,157953,6105540 ns
after_local_cswitch,0,7,9,0,5125,6105540 ns
after_local_cswitch,0,8,8,0,61697,6105540 ns
after_local_cswitch,0,9,7,0,-42213,6105540 ns
after_local_cswitch,0,10,6,0,-45561,6105540 ns
after_local_cswitch,0,11,5,0,11822,6105540 ns
after_local_cswitch,0,12,4,0,-138274,6105540 ns
after_local_cswitch,0,13,3,0,34187,6105540 ns
after_local_cswitch,0,14,2,0,-13371,6105540 ns
after_local_cswitch,0,15,1,0,-58811,6105540 ns
after_local_cswitch,0,16,0,0,-52721,6105540 ns
after_local_cswitch,0,32,16,0,-138634,6105540 ns
after_local_cswitch,0,33,15,0,-139729,6105540 ns
after_local_cswitch,0,34,14,0,-70064,6105540 ns
after_local_cswitch,0,35,13,0,-7956,6105540 ns
after_local_cswitch,0,36,12,0,48729,6105540 ns
after_local_cswitch,0,37,11,0,44748,6105540 ns
after_local_cswitch,0,38,10,0,48834,6105540 ns
after_local_cswitch,0,39,9,0,-83541,6105540 ns
after_local_cswitch,0,40,8,0,-12211,6105540 ns
after_local_cswitch,0,41,7,0,56340,6105540 ns
after_local_cswitch,0,42,6,0,177624,6105540 ns
after_local_cswitch,0,43,5,0,-42720,6105540 ns
after_local_cswitch,0,44,4,0,-95269,6105540 ns
after_local_cswitch,0,45,3,0,-37372,6105540 ns
after_local_cswitch,0,46,2,0,153227,6105540 ns
after_local_cswitch,0,47,1,0,-10944,6105540 ns
after_local_cswitch,0,48,0,0,55930,6105540 ns
after_local_cswitch,0,0,16,0,141070,6105540 ns
after_local_cswitch,0,1,15,0,148598,6105540 ns
after_local_cswitch,0,2,14,0,4787,6105540 ns
after_local_cswitch,0,3,13,0,104759,6105540 ns
after_local_cswitch,0,4,12,0,40631,6105540 ns
after_local_cswitch,0,5,11,0,35523,6105540 ns
after_local_cswitch,0,6,10,0,157953,6105540 ns
after_local_cswitch,0,7,9,0,5125,6105540 ns
after_local_cswitch,0,8,8,0,61697,6105540 ns
after_local_cswitch,0,9,7,0,-42213,6105540 ns
after_local_cswitch,0,10,6,0,-45561,6105540 ns
after_local_cswitch,0,11,5,0,11822,6105540 ns
after_local_cswitch,0,12,4,0,-138274,6105540 ns
after_local_cswitch,0,13,3,0,34187,6105540 ns
after_local_cswitch,0,14,2,0,-13371,6105540 ns
after_local_cswitch,0,15,1,0,-58811,6105540 ns
after_local_cswitch,0,16,0,0,-52721,6105540 ns
after_local_cswitch,0,32,16,0,-138634,6105540 ns
after_local_cswitch,0,33,15,0,-139729,6105540 ns
after_local_cswitch,0,34,14,0,-70064,6105540 ns
after_local_cswitch,0,35,13,0,-7956,6105540 ns
after_local_cswitch,0,36,12,0,48729,6105540 ns
after_local_cswitch,0,37,11,0,44748,6105540 ns
after_local_cswitch,0,38,10,0,48834,6105540 ns
after_local_cswitch,0,39,9,0,-83541,6105540 ns
after_local_cswitch,0,40,8,0,-12211,6105540 ns
after_local_cswitch,0,41,7,0,56340,6105540 ns
after_local_cswitch,0,42,6,0,177624,6105540 ns
after_local_cswitch,0,43,5,0,-42720,6105540 ns
after_local_cswitch,0,44,4,0,-95269,6105540 ns
after_local_cswitch,0,45,3,0,-37372,6105540 ns
after_local_cswitch,0,46,2,0,153227,6105540 ns
after_local_cswitch,0,47,1,0,-10944,6105540 ns
after_local_cswitch,0,48,0,0,55930,6105540 ns
after_local_cswitch,0,0,17,0,41396,6105550 ns
after_local_cswitch,0,1,16,0,97983,6105550 ns
after_local_cswitch,0,2,15,0,-52213,6105550 ns
after_local_cswitch,0,3,14,0,128736,6105550 ns
after_local_cswitch,0,4,13,0,55221,6105550 ns
after_local_cswitch,0,5,12,0,77824,6105550 ns
after_local_cswitch,0,6,11,0,-11343,6105550 ns
after_local_cswitch,0,7,10,0,-45289,6105550 ns
after_local_cswitch,0,8,9,0,-5922,6105550 ns
after_local_cswitch,0,9,8,0,57835,6105550 ns
after_local_cswitch,0,10,7,0,75502,6105550 ns
after_local_cswitch,0,11,6,0,13321,6105550 ns
after_local_cswitch,0,12,5,0,-63003,6105550 ns
after_local_cswitch,0,13,4,0,-22713,6105550 ns
after_local_cswitch,0,14,3,0,3877,6105550 ns
after_local_cswitch,0,15,2,0,27886,6105550 ns
after_local_cswitch,0,16,1,0,83034,6105550 ns
after_local_cswitch,0,17,0,0,-133431,6105550 ns
after_local_cswitch,0,32,17,0,18983,6105550 ns
after_local_cswitch,0,33,16,0,35717,6105550 ns
after_local_cswitch,0,34,15,0,34699,6105550 ns
after_local_cswitch,0,35,14,0,-1205,6105550 ns
after_local_cswitch,0,36,13,0,214393,6105550 ns
after_local_cswitch,0,37,12,0,74673,6105550 ns
after_local_cswitch,0,38,11,0,-72289,6105550 ns
after_local_cswitch,0,39,10,0,71657,6105550 ns
after_local_cswitch,0,40,9,0,-188909,6105550 ns
after_local_cswitch,0,41,8,0,14050,6105550 ns
after_local_cswitch,0,42,7,0,-27907,6105550 ns
after_local_cswitch,0,43,6,0,264258,6105550 ns
after_local_cswitch,0,44,5,0,7421,6105550 ns
after_local_cswitch,0,45,4,0,260672,6105550 ns
after_local_cswitch,0,46,3,0,84607,6105550 ns
after_local_cswitch,0,47,2,0,-52520,6105550 ns
after_local_cswitch,0,48,1,0,-28061,6105550 ns
after_local_cswitch,0,49,0,0,18481,6105550 ns
after_local_cswitch,0,0,17,0,41396,6105550 ns
after_local_cswitch,0,1,16,0,97983,6105550 ns
after_local_cswitch,0,2,15,0,-52213,6105550 ns
after_local_cswitch,0,3,14,0,128736,6105550 ns
after_local_cswitch,0,4,13,0,55221,6105550 ns
after_local_cswitch,0,5,12,0,77824,6105550 ns
after_local_cswitch,0,6,11,0,-11343,6105550 ns
after_local_cswitch,0,7,10,0,-45289,6105550 ns
after_local_cswitch,0,8,9,0,-5922,6105550 ns
after_local_cswitch,0,9,8,0,57835,6105550 ns
after_local_cswitch,0,10,7,0,75502,6105550 ns
after_local_cswitch,0,11,6,0,13321,6105550 ns
after_local_cswitch,0,12,5,0,-63003,6105550 ns
after_local_cswitch,0,13,4,0,-22713,6105550 ns
after_local_cswitch,0,14,3,0,3877,6105550 ns
after_local_cswitch,0,15,2,0,27886,6105550 ns
after_local_cswitch,0,16,1,0,83034,6105550 ns
after_local_cswitch,0,17,0,0,-133431,6105550 ns
after_local_cswitch,0,32,17,0,18983,6105550 ns
after_local_cswitch,0,33,16,0,35717,6105550 ns
after_local_cswitch,0,34,15,0,34699,6105550 ns
after_local_cswitch,0,35,14,0,-1205,6105550 ns
after_local_cswitch,0,36,13,0,214393,6105550 ns
after_local_cswitch,0,37,12,0,74673,6105550 ns
after_local_cswitch,0,38,11,0,-72289,6105550 ns
after_local_cswitch,0,39,10,0,71657,6105550 ns
after_local_cswitch,0,40,9,0,-188909,6105550 ns
after_local_cswitch,0,41,8,0,14050,6105550 ns
after_local_cswitch,0,42,7,0,-27907,6105550 ns
after_local_cswitch,0,43,6,0,264258,6105550 ns
after_local_cswitch,0,44,5,0,7421,6105550 ns
after_local_cswitch,0,45,4,0,260672,6105550 ns
after_local_cswitch,0,46,3,0,84607,6105550 ns
after_local_cswitch,0,47,2,0,-52520,6105550 ns
after_local_cswitch,0,48,1,0,-28061,6105550 ns
after_local_cswitch,0,49,0,0,18481,6105550 ns
after_local_cswitch,0,0,17,0,41396,6105550 ns
after_local_cswitch,0,1,16,0,97983,6105550 ns
after_local_cswitch,0,2,15,0,-52213,6105550 ns
after_local_cswitch,0,3,14,0,128736,6105550 ns
after_local_cswitch,0,4,13,0,55221,6105550 ns
after_local_cswitch,0,5,12,0,77824,6105550 ns
after_local_cswitch,0,6,11,0,-11343,6105550 ns
after_local_cswitch,0,7,10,0,-45289,6105550 ns
after_local_cswitch,0,8,9,0,-5922,6105550 ns
after_local_cswitch,0,9,8,0,57835,6105550 ns
after_local_cswitch,0,10,7,0,75502,6105550 ns
after_local_cswitch,0,11,6,0,13321,6105550 ns
after_local_cswitch,0,12,5,0,-63003,6105550 ns
after_local_cswitch,0,13,4,0,-22713,6105550 ns
after_local_cswitch,0,14,3,0,3877,6105550 ns
after_local_cswitch,0,15,2,0,27886,6105550 ns
after_local_cswitch,0,16,1,0,83034,6105550 ns
after_local_cswitch,0,17,0,0,-133431,6105550 ns
after_local_cswitch,0,32,17,0,18983,6105550 ns
after_local_cswitch,0,33,16,0,35717,6105550 ns
after_local_cswitch,0,34,15,0,34699,6105550 ns
after_local_cswitch,0,35,14,0,-1205,6105550 ns
after_local_cswitch,0,36,13,0,214393,6105550 ns
after_local_cswitch,0,37,12,0,74673,6105550 ns
after_local_cswitch,0,38,11,0,-72289,6105550 ns
after_local_cswitch,0,39,10,0,71657,6105550 ns
after_local_cswitch,0,40,9,0,-188909,6105550 ns
after_local_cswitch,0,41,8,0,14050,6105550 ns
after_local_cswitch,0,42,7,0,-27907,6105550 ns
after_local_cswitch,0,43,6,0,264258,6105550 ns
after_local_cswitch,0,44,5,0,7421,6105550 ns
after_local_cswitch,0,45,4,0,260672,6105550 ns
after_local_cswitch,0,46,3,0,84607,6105550 ns
after_local_cswitch,0,47,2,0,-52520,6105550 ns
after_local_cswitch,0,48,1,0,-28061,6105550 ns
after_local_cswitch,0,49,0,0,18481,6105550 ns
after_local_cswitch,0,0,18,0,-70121,6105560 ns
after_local_cswitch,0,1,17,0,91145,6105560 ns
after_local_cswitch,0,2,16,0,44084,6105560 ns
after_local_cswitch,0,3,15,0,-48293,6105560 ns
after_local_cswitch,0,4,14,0,-118334,6105560 ns
after_local_cswitch,0,5,13,0,-136640,6105560 ns
after_local_cswitch,0,6,12,0,40089,6105560 ns
after_local_cswitch,0,7,11,0,92466,6105560 ns
after_local_cswitch,0,8,10,0,-120794,6105560 ns
after_local_cswitch,0,9,9,0,45492,6105560 ns
after_local_cswitch,0,10,8,0,62470,6105560 ns
after_local_cswitch,0,11,7,0,-47219,6105560 ns
after_local_cswitch,0,12,6,0,-43965,6105560 ns
after_local_cswitch,0,13,5,0,-147533,6105560 ns
after_local_cswitch,0,14,4,0,-43519,6105560 ns
after_local_cswitch,0,15,3,0,85877,6105560 ns
after_local_cswitch,0,16,2,0,95983,6105560 ns
after_local_cswitch,0,17,1,0,23117,6105560 ns
after_local_cswitch,0,18,0,0,75712,6105560 ns
after_local_cswitch,0,32,18,0,-52158,6105560 ns
after_local_cswitch,0,33,17,0,80165,6105560 ns
after_local_cswitch,0,34,16,0,13697,6105560 ns
after_local_cswitch,0,35,15,0,-137396,6105560 ns
after_local_cswitch,0,36,14,0,-7559,6105560 ns
after_local_cswitch,0,37,13,0,52228,6105560 ns
after_local_cswitch,0,38,12,0,91432,6105560 ns
after_local_cswitch,0,39,11,0,134452,6105560 ns
after_local_cswitch,0,40,10,0,26315,6105560 ns
after_local_cswitch,0,41,9,0,-58848,6105560 ns
after_local_cswitch,0,42,8,0,-109615,6105560 ns
after_local_cswitch,0,43,7,0,184891,6105560 ns
after_local_cswitch,0,44,6,0,-37854,6105560 ns
after_local_cswitch,0,45,5,0,130701,6105560 ns
after_local_cswitch,0,46,4,0,46305,6105560 ns
after_local_cswitch,0,47,3,0,20324,6105560 ns
after_local_cswitch,0,48,2,0,-119250,6105560 ns
after_local_cswitch,0,49,1,0,5166,6105560 ns
after_local_cswitch,0,50,0,0,85927,6105560 ns
after_local_cswitch,0,0,18,0,-70121,6105560 ns
after_local_cswitch,0,1,17,0,91145,6105560 ns
after_local_cswitch,0,2,16,0,44084,6105560 ns
after_local_cswitch,0,3,15,0,-48293,6105560 ns
after_local_cswitch,0,4,14,0,-118334,6105560 ns
after_local_cswitch,0,5,13,0,-136640,6105560 ns
after_local_cswitch,0,6,12,0,40089,6105560 ns
after_local_cswitch,0,7,11,0,92466,6105560 ns
after_local_cswitch,0,8,10,0,-120794,6105560 ns
after_local_cswitch,0,9,9,0,45492,6105560 ns
after_local_cswitch,0,10,8,0,62470,6105560 ns
after_local_cswitch,0,11,7,0,-47219,6105560 ns
after_local_cswitch,0,12,6,0,-43965,6105560 ns
after_local_cswitch,0,13,5,0,-147533,6105560 ns
after_local_cswitch,0,14,4,0,-43519,6105560 ns
after_local_cswitch,0,15,3,0,85877,6105560 ns
after_local_cswitch,0,16,2,0,95983,6105560 ns
after_local_cswitch,0,17,1,0,23117,6105560 ns
after_local_cswitch,0,18,0,0,75712,6105560 ns
after_local_cswitch,0,32,18,0,-52158,6105560 ns
after_local_cswitch,0,33,17,0,80165,6105560 ns
after_local_cswitch,0,34,16,0,13697,6105560 ns
after_local_cswitch,0,35,15,0,-137396,6105560 ns
after_local_cswitch,0,36,14,0,-7559,6105560 ns
after_local_cswitch,0,37,13,0,52228,6105560 ns
after_local_cswitch,0,38,12,0,91432,6105560 ns
after_local_cswitch,0,39,11,0,134452,6105560 ns
after_local_cswitch,0,40,10,0,26315,6105560 ns
after_local_cswitch,0,41,9,0,-58848,6105560 ns
after_local_cswitch,0,42,8,0,-109615,6105560 ns
after_local_cswitch,0,43,7,0,184891,6105560 ns
after_local_cswitch,0,44,6,0,-37854,6105560 ns
after_local_cswitch,0,45,5,0,130701,6105560 ns
after_local_cswitch,0,46,4,0,46305,6105560 ns
after_local_cswitch,0,47,3,0,20324,6105560 ns
after_local_cswitch,0,48,2,0,-119250,6105560 ns
after_local_cswitch,0,49,1,0,5166,6105560 ns
after_local_cswitch,0,50,0,0,85927,6105560 ns
after_local_cswitch,0,0,18,0,-70121,6105560 ns
after_local_cswitch,0,1,17,0,91145,6105560 ns
after_local_cswitch,0,2,16,0,44084,6105560 ns
after_local_cswitch,0,3,15,0,-48293,6105560 ns
after_local_cswitch,0,4,14,0,-118334,6105560 ns
after_local_cswitch,0,5,13,0,-136640,6105560 ns
after_local_cswitch,0,6,12,0,40089,6105560 ns
after_local_cswitch,0,7,11,0,92466,6105560 ns
after_local_cswitch,0,8,10,0,-120794,6105560 ns
after_local_cswitch,0,9,9,0,45492,6105560 ns
after_local_cswitch,0,10,8,0,62470,6105560 ns
after_local_cswitch,0,11,7,0,-47219,6105560 ns
after_local_cswitch,0,12,6,0,-43965,6105560 ns
after_local_cswitch,0,13,5,0,-147533,6105560 ns
after_local_cswitch,0,14,4,0,-43519,6105560 ns
after_local_cswitch,0,15,3,0,85877,6105560 ns
after_local_cswitch,0,16,2,0,95983,6105560 ns
after_local_cswitch,0,17,1,0,23117,6105560 ns
after_local_cswitch,0,18,0,0,75712,6105560 ns
after_local_cswitch,0,32,18,0,-52158,6105560 ns
after_local_cswitch,0,33,17,0,80165,6105560 ns
after_local_cswitch,0,34,16,0,13697,6105560 ns
after_local_cswitch,0,35,15,0,-137396,6105560 ns
after_local_cswitch,0,36,14,0,-7559,6105560 ns
after_local_cswitch,0,37,13,0,52228,6105560 ns
after_local_cswitch,0,38,12,0,91432,6105560 ns
after_local_cswitch,0,39,11,0,134452,6105560 ns
after_local_cswitch,0,40,10,0,26315,6105560 ns
after_local_cswitch,0,41,9,0,-58848,6105560 ns
after_local_cswitch,0,42,8,0,-109615,6105560 ns
after_local_cswitch,0,43,7,0,184891,6105560 ns
after_local_cswitch,0,44,6,0,-37854,6105560 ns
after_local_cswitch,0,45,5,0,130701,6105560 ns
after_local_cswitch,0,46,4,0,46305,6105560 ns
after_local_cswitch,0,47,3,0,20324,6105560 ns
after_local_cswitch,0,48,2,0,-119250,6105560 ns
after_local_cswitch,0,49,1,0,5166,6105560 ns
after_local_cswitch,0,50,0,0,85927,6105560 ns
after_local_cswitch,0,0,19,0,53240,6105570 ns
after_local_cswitch,0,1,18,0,-154126,6105570 ns
after_local_cswitch,0,2,17,0,-11696,6105570 ns
after_local_cswitch,0,3,16,0,-38071,6105570 ns
after_local_cswitch,0,4,15,0,73677,6105570 ns
after_local_cswitch,0,5,14,0,-3425,6105570 ns
after_local_cswitch,0,6,13,0,2922,6105570 ns
after_local_cswitch,0,7,12,0,-71052,6105570 ns
after_local_cswitch,0,8,11,0,57420,6105570 ns
after_local_cswitch,0,9,10,0,-33604,6105570 ns
after_local_cswitch,0,10,9,0,35372,6105570 ns
after_local_cswitch,0,11,8,0,-111647,6105570 ns
after_local_cswitch,0,12,7,0,-20494,6105570 ns
after_local_cswitch,0,13,6,0,-61633,6105570 ns
after_local_cswitch,0,14,5,0,55455,6105570 ns
after_local_cswitch,0,15,4,0,54353,6105570 ns
after_local_cswitch,0,16,3,0,-27381,6105570 ns
after_local_cswitch,0,17,2,0,6323,6105570 ns
after_local_cswitch,0,18,1,0,-69716,6105570 ns
after_local_cswitch,0,19,0,0,-79144,6105570 ns
after_local_cswitch,0,32,19,0,109660,6105570 ns
after_local_cswitch,0,33,18,0,132914,6105570 ns
after_local_cswitch,0,34,17,0,-5838,6105570 ns
after_local_cswitch,0,35,16,0,55872,6105570 ns
after_local_cswitch,0,36,15,0,146645,6105570 ns
after_local_cswitch,0,37,14,0,-91231,6105570 ns
after_local_cswitch,0,38,13,0,-101637,6105570 ns
after_local_cswitch,0,39,12,0,-57976,6105570 ns
after_local_cswitch,0,40,11,0,-91928,6105570 ns
after_local_cswitch,0,41,10,0,10453,6105570 ns
after_local_cswitch,0,42,9,0,165238,6105570 ns
after_local_cswitch,0,43,8,0,55985,6105570 ns
after_local_cswitch,0,44,7,0,89395,6105570 ns
after_local_cswitch,0,45,6,0,33757,6105570 ns
after_local_cswitch,0,46,5,0,23912,6105570 ns
after_local_cswitch,0,47,4,0,-46488,6105570 ns
after_local_cswitch,0,48,3,0,-9081,6105570 ns
after_local_cswitch,0,49,2,0,26565,6105570 ns
after_local_cswitch,0,50,1,0,30676,6105570 ns
after_local_cswitch,0,51,0,0,-39090,6105570 ns
after_local_cswitch,0,0,19,0,53240,6105570 ns
after_local_cswitch,0,1,18,0,-154126,6105570 ns
after_local_cswitch,0,2,17,0,-11696,6105570 ns
after_local_cswitch,0,3,16,0,-38071,6105570 ns
after_local_cswitch,0,4,15,0,73677,6105570 ns
after_local_cswitch,0,5,14,0,-3425,6105570 ns
after_local_cswitch,0,6,13,0,2922,6105570 ns
after_local_cswitch,0,7,12,0,-71052,6105570 ns
after_local_cswitch,0,8,11,0,57420,6105570 ns
after_local_cswitch,0,9,10,0,-33604,6105570 ns
after_local_cswitch,0,10,9,0,35372,6105570 ns
after_local_cswitch,0,11,8,0,-111647,6105570 ns
after_local_cswitch,0,12,7,0,-20494,6105570 ns
after_local_cswitch,0,13,6,0,-61633,6105570 ns
after_local_cswitch,0,14,5,0,55455,6105570 ns
after_local_cswitch,0,15,4,0,54353,6105570 ns
after_local_cswitch,0,16,3,0,-27381,6105570 ns
after_local_cswitch,0,17,2,0,6323,6105570 ns
after_local_cswitch,0,18,1,0,-69716,6105570 ns
after_local_cswitch,0,19,0,0,-79144,6105570 ns
after_local_cswitch,0,32,19,0,109660,6105570 ns
after_local_cswitch,0,33,18,0,132914,6105570 ns
after_local_cswitch,0,34,17,0,-5838,6105570 ns
after_local_cswitch,0,35,16,0,55872,6105570 ns
after_local_cswitch,0,36,15,0,146645,6105570 ns
after_local_cswitch,0,37,14,0,-91231,6105570 ns
after_local_cswitch,0,38,13,0,-101637,6105570 ns
after_local_cswitch,0,39,12,0,-57976,6105570 ns
after_local_cswitch,0,40,11,0,-91928,6105570 ns
after_local_cswitch,0,41,10,0,10453,6105570 ns
after_local_cswitch,0,42,9,0,165238,6105570 ns
after_local_cswitch,0,43,8,0,55985,6105570 ns
after_local_cswitch,0,44,7,0,89395,6105570 ns
after_local_cswitch,0,45,6,0,33757,6105570 ns
after_local_cswitch,0,46,5,0,23912,6105570 ns
after_local_cswitch,0,47,4,0,-46488,6105570 ns
after_local_cswitch,0,48,3,0,-9081,6105570 ns
after_local_cswitch,0,49,2,0,26565,6105570 ns
after_local_cswitch,0,50,1,0,30676,6105570 ns
after_local_cswitch,0,51,0,0,-39090,6105570 ns
after_local_cswitch,0,0,19,0,53240,6105570 ns
after_local_cswitch,0,1,18,0,-154126,6105570 ns
after_local_cswitch,0,2,17,0,-11696,6105570 ns
after_local_cswitch,0,3,16,0,-38071,6105570 ns
after_local_cswitch,0,4,15,0,73677,6105570 ns
after_local_cswitch,0,5,14,0,-3425,6105570 ns
after_local_cswitch,0,6,13,0,2922,6105570 ns
after_local_cswitch,0,7,12,0,-71052,6105570 ns
after_local_cswitch,0,8,11,0,57420,6105570 ns
after_local_cswitch,0,9,10,0,-33604,6105570 ns
after_local_cswitch,0,10,9,0,35372,6105570 ns
after_local_cswitch,0,11,8,0,-111647,6105570 ns
after_local_cswitch,0,12,7,0,-20494,6105570 ns
after_local_cswitch,0,13,6,0,-61633,6105570 ns
after_local_cswitch,0,14,5,0,55455,6105570 ns
after_local_cswitch,0,15,4,0,54353,6105570 ns
after_local_cswitch,0,16,3,0,-27381,6105570 ns
after_local_cswitch,0,17,2,0,6323,6105570 ns
after_local_cswitch,0,18,1,0,-69716,6105570 ns
after_local_cswitch,0,19,0,0,-79144,6105570 ns
after_local_cswitch,0,32,19,0,109660,6105570 ns
after_local_cswitch,0,33,18,0,132914,6105570 ns
after_local_cswitch,0,34,17,0,-5838,6105570 ns
after_local_cswitch,0,35,16,0,55872,6105570 ns
after_local_cswitch,0,36,15,0,146645,6105570 ns
after_local_cswitch,0,37,14,0,-91231,6105570 ns
after_local_cswitch,0,38,13,0,-101637,6105570 ns
after_local_cswitch,0,39,12,0,-57976,6105570 ns
after_local_cswitch,0,40,11,0,-91928,6105570 ns
after_local_cswitch,0,41,10,0,10453,6105570 ns
after_local_cswitch,0,42,9,0,165238,6105570 ns
after_local_cswitch,0,43,8,0,55985,6105570 ns
after_local_cswitch,0,44,7,0,89395,6105570 ns
after_local_cswitch,0,45,6,0,33757,6105570 ns
after_local_cswitch,0,46,5,0,23912,6105570 ns
after_local_cswitch,0,47,4,0,-46488,6105570 ns
after_local_cswitch,0,48,3,0,-9081,6105570 ns
after_local_cswitch,0,49,2,0,26565,6105570 ns
after_local_cswitch,0,50,1,0,30676,6105570 ns
after_local_cswitch,0,51,0,0,-39090,6105570 ns
after_local_cswitch,0,0,20,0,-39362,6105580 ns
after_local_cswitch,0,1,19,0,-142588,6105580 ns
after_local_cswitch,0,2,18,0,264425,6105580 ns
after_local_cswitch,0,3,17,0,31596,6105580 ns
after_local_cswitch,0,4,16,0,13055,6105580 ns
after_local_cswitch,0,5,15,0,133529,6105580 ns
after_local_cswitch,0,6,14,0,128152,6105580 ns
after_local_cswitch,0,7,13,0,-20920,6105580 ns
after_local_cswitch,0,8,12,0,84278,6105580 ns
after_local_cswitch,0,9,11,0,-91045,6105580 ns
after_local_cswitch,0,10,10,0,-176343,6105580 ns
after_local_cswitch,0,11,9,0,69887,6105580 ns
after_local_cswitch,0,12,8,0,-29480,6105580 ns
after_local_cswitch,0,13,7,0,33171,6105580 ns
after_local_cswitch,0,14,6,0,-61675,6105580 ns
after_local_cswitch,0,15,5,0,-183824,6105580 ns
after_local_cswitch,0,16,4,0,65025,6105580 ns
after_local_cswitch,0,17,3,0,-36799,6105580 ns
after_local_cswitch,0,18,2,0,24656,6105580 ns
after_local_cswitch,0,19,1,0,4313,6105580 ns
after_local_cswitch,0,20,0,0,-40886,6105580 ns
after_local_cswitch,0,32,20,0,-47702,6105580 ns
after_local_cswitch,0,33,19,0,-56485,6105580 ns
after_local_cswitch,0,34,18,0,19706,6105580 ns
after_local_cswitch,0,35,17,0,482,6105580 ns
after_local_cswitch,0,36,16,0,-10048,6105580 ns
after_local_cswitch,0,37,15,0,146882,6105580 ns
after_local_cswitch,0,38,14,0,50,6105580 ns
after_local_cswitch,0,39,13,0,31870,6105580 ns
after_local_cswitch,0,40,12,0,-268467,6105580 ns
after_local_cswitch,0,41,11,0,72875,6105580 ns
after_local_cswitch,0,42,10,0,-19122,6105580 ns
after_local_cswitch,0,43,9,0,83300,6105580 ns
after_local_cswitch,0,44,8,0,-85619,6105580 ns
after_local_cswitch,0,45,7,0,-30371,6105580 ns
after_local_cswitch,0,46,6,0,7812,6105580 ns
after_local_cswitch,0,47,5,0,133858,6105580 ns
after_local_cswitch,0,48,4,0,129646,6105580 ns
after_local_cswitch,0,49,3,0,14053,6105580 ns
after_local_cswitch,0,50,2,0,-30819,6105580 ns
after_local_cswitch,0,51,1,0,-32067,6105580 ns
after_local_cswitch,0,52,0,0,-95104,6105580 ns
after_local_cswitch,0,0,20,0,-39362,6105580 ns
after_local_cswitch,0,1,19,0,-142588,6105580 ns
after_local_cswitch,0,2,18,0,264425,6105580 ns
after_local_cswitch,0,3,17,0,31596,6105580 ns
after_local_cswitch,0,4,16,0,13055,6105580 ns
after_local_cswitch,0,5,15,0,133529,6105580 ns
after_local_cswitch,0,6,14,0,128152,6105580 ns
after_local_cswitch,0,7,13,0,-20920,6105580 ns
after_local_cswitch,0,8,12,0,84278,6105580 ns
after_local_cswitch,0,9,11,0,-91045,6105580 ns
after_local_cswitch,0,10,10,0,-176343,6105580 ns
after_local_cswitch,0,11,9,0,69887,6105580 ns
after_local_cswitch,0,12,8,0,-29480,6105580 ns
after_local_cswitch,0,13,7,0,33171,6105580 ns
after_local_cswitch,0,14,6,0,-61675,6105580 ns
after_local_cswitch,0,15,5,0,-183824,6105580 ns
after_local_cswitch,0,16,4,0,65025,6105580 ns
after_local_cswitch,0,17,3,0,-36799,6105580 ns
after_local_cswitch,0,18,2,0,24656,6105580 ns
after_local_cswitch,0,19,1,0,4313,6105580 ns
after_local_cswitch,0,20,0,0,-40886,6105580 ns
after_local_cswitch,0,32,20,0,-47702,6105580 ns
after_local_cswitch,0,33,19,0,-56485,6105580 ns
after_local_cswitch,0,34,18,0,19706,6105580 ns
after_local_cswitch,0,35,17,0,482,6105580 ns
after_local_cswitch,0,36,16,0,-10048,6105580 ns
after_local_cswitch,0,37,15,0,146882,6105580 ns
after_local_cswitch,0,38,14,0,50,6105580 ns
after_local_cswitch,0,39,13,0,31870,6105580 ns
after_local_cswitch,0,40,12,0,-268467,6105580 ns
after_local_cswitch,0,41,11,0,72875,6105580 ns
after_local_cswitch,0,42,10,0,-19122,6105580 ns
after_local_cswitch,0,43,9,0,83300,6105580 ns
after_local_cswitch,0,44,8,0,-85619,6105580 ns
after_local_cswitch,0,45,7,0,-30371,6105580 ns
after_local_cswitch,0,46,6,0,7812,6105580 ns
after_local_cswitch,0,47,5,0,133858,6105580 ns
after_local_cswitch,0,48,4,0,129646,6105580 ns
after_local_cswitch,0,49,3,0,14053,6105580 ns
after_local_cswitch,0,50,2,0,-30819,6105580 ns
after_local_cswitch,0,51,1,0,-32067,6105580 ns
after_local_cswitch,0,52,0,0,-95104,6105580 ns
after_local_cswitch,0,0,20,0,-39362,6105580 ns
after_local_cswitch,0,1,19,0,-142588,6105580 ns
after_local_cswitch,0,2,18,0,264425,6105580 ns
after_local_cswitch,0,3,17,0,31596,6105580 ns
after_local_cswitch,0,4,16,0,13055,6105580 ns
after_local_cswitch,0,5,15,0,133529,6105580 ns
after_local_cswitch,0,6,14,0,128152,6105580 ns
after_local_cswitch,0,7,13,0,-20920,6105580 ns
after_local_cswitch,0,8,12,0,84278,6105580 ns
after_local_cswitch,0,9,11,0,-91045,6105580 ns
after_local_cswitch,0,10,10,0,-176343,6105580 ns
after_local_cswitch,0,11,9,0,69887,6105580 ns
after_local_cswitch,0,12,8,0,-29480,6105580 ns
after_local_cswitch,0,13,7,0,33171,6105580 ns
after_local_cswitch,0,14,6,0,-61675,6105580 ns
after_local_cswitch,0,15,5,0,-183824,6105580 ns
after_local_cswitch,0,16,4,0,65025,6105580 ns
after_local_cswitch,0,17,3,0,-36799,6105580 ns
after_local_cswitch,0,18,2,0,24656,6105580 ns
after_local_cswitch,0,19,1,0,4313,6105580 ns
after_local_cswitch,0,20,0,0,-40886,6105580 ns
after_local_cswitch,0,32,20,0,-47702,6105580 ns
after_local_cswitch,0,33,19,0,-56485,6105580 ns
after_local_cswitch,0,34,18,0,19706,6105580 ns
after_local_cswitch,0,35,17,0,482,6105580 ns
after_local_cswitch,0,36,16,0,-10048,6105580 ns
after_local_cswitch,0,37,15,0,146882,6105580 ns
after_local_cswitch,0,38,14,0,50,6105580 ns
after_local_cswitch,0,39,13,0,31870,6105580 ns
after_local_cswitch,0,40,12,0,-268467,6105580 ns
after_local_cswitch,0,41,11,0,72875,6105580 ns
after_local_cswitch,0,42,10,0,-19122,6105580 ns
after_local_cswitch,0,43,9,0,83300,6105580 ns
after_local_cswitch,0,44,8,0,-85619,6105580 ns
after_local_cswitch,0,45,7,0,-30371,6105580 ns
after_local_cswitch,0,46,6,0,7812,6105580 ns
after_local_cswitch,0,47,5,0,133858,6105580 ns
after_local_cswitch,0,48,4,0,129646,6105580 ns
after_local_cswitch,0,49,3,0,14053,6105580 ns
after_local_cswitch,0,50,2,0,-30819,6105580 ns
after_local_cswitch,0,51,1,0,-32067,6105580 ns
after_local_cswitch,0,52,0,0,-95104,6105580 ns
after_local_cswitch,0,0,21,0,22823,6105590 ns
after_local_cswitch,0,1,20,0,98709,6105590 ns
after_local_cswitch,0,2,19,0,44940,6105590 ns
after_local_cswitch,0,3,18,0,-94082,6105590 ns
after_local_cswitch,0,4,17,0,-57378,6105590 ns
after_local_cswitch,0,5,16,0,-216237,6105590 ns
after_local_cswitch,0,6,15,0,118986,6105590 ns
after_local_cswitch,0,7,14,0,-74730,6105590 ns
after_local_cswitch,0,8,13,0,-74883,6105590 ns
after_local_cswitch,0,9,12,0,64597,6105590 ns
after_local_cswitch,0,10,11,0,-10067,6105590 ns
after_local_cswitch,0,11,10,0,-66054,6105590 ns
after_local_cswitch,0,12,9,0,51033,6105590 ns
after_local_cswitch,0,13,8,0,34304,6105590 ns
after_local_cswitch,0,14,7,0,21415,6105590 ns
after_local_cswitch,0,15,6,0,2675,6105590 ns
after_local_cswitch,0,16,5,0,178927,6105590 ns
after_local_cswitch,0,17,4,0,-7916,6105590 ns
after_local_cswitch,0,18,3,0,-12216,6105590 ns
after_local_cswitch,0,19,2,0,-4067,6105590 ns
after_local_cswitch,0,20,1,0,129958,6105590 ns
after_local_cswitch,0,21,0,0,40296,6105590 ns
after_local_cswitch,0,32,21,0,56821,6105590 ns
after_local_cswitch,0,33,20,0,46543,6105590 ns
after_local_cswitch,0,34,19,0,-56811,6105590 ns
after_local_cswitch,0,35,18,0,104981,6105590 ns
after_local_cswitch,0,36,17,0,64147,6105590 ns
after_local_cswitch,0,37,16,0,-84358,6105590 ns
after_local_cswitch,0,38,15,0,-93661,6105590 ns
after_local_cswitch,0,39,14,0,-146700,6105590 ns
after_local_cswitch,0,40,13,0,-54772,6105590 ns
after_local_cswitch,0,41,12,0,105785,6105590 ns
after_local_cswitch,0,42,11,0,210660,6105590 ns
after_local_cswitch,0,43,10,0,9265,6105590 ns
after_local_cswitch,0,44,9,0,2578,6105590 ns
after_local_cswitch,0,45,8,0,90764,6105590 ns
after_local_cswitch,0,46,7,0,61696,6105590 ns
after_local_cswitch,0,47,6,0,-201902,6105590 ns
after_local_cswitch,0,48,5,0,10317,6105590 ns
after_local_cswitch,0,49,4,0,-30049,6105590 ns
after_local_cswitch,0,50,3,0,-17985,6105590 ns
after_local_cswitch,0,51,2,0,44234,6105590 ns
after_local_cswitch,0,52,1,0,25357,6105590 ns
after_local_cswitch,0,53,0,0,58814,6105590 ns
after_local_cswitch,0,0,21,0,22823,6105590 ns
after_local_cswitch,0,1,20,0,98709,6105590 ns
after_local_cswitch,0,2,19,0,44940,6105590 ns
after_local_cswitch,0,3,18,0,-94082,6105590 ns
after_local_cswitch,0,4,17,0,-57378,6105590 ns
after_local_cswitch,0,5,16,0,-216237,6105590 ns
after_local_cswitch,0,6,15,0,118986,6105590 ns
after_local_cswitch,0,7,14,0,-74730,6105590 ns
after_local_cswitch,0,8,13,0,-74883,6105590 ns
after_local_cswitch,0,9,12,0,64597,6105590 ns
after_local_cswitch,0,10,11,0,-10067,6105590 ns
after_local_cswitch,0,11,10,0,-66054,6105590 ns
after_local_cswitch,0,12,9,0,51033,6105590 ns
after_local_cswitch,0,13,8,0,34304,6105590 ns
after_local_cswitch,0,14,7,0,21415,6105590 ns
after_local_cswitch,0,15,6,0,2675,6105590 ns
after_local_cswitch,0,16,5,0,178927,6105590 ns
after_local_cswitch,0,17,4,0,-7916,6105590 ns
after_local_cswitch,0,18,3,0,-12216,6105590 ns
after_local_cswitch,0,19,2,0,-4067,6105590 ns
after_local_cswitch,0,20,1,0,129958,6105590 ns
after_local_cswitch,0,21,0,0,40296,6105590 ns
after_local_cswitch,0,32,21,0,56821,6105590 ns
after_local_cswitch,0,33,20,0,46543,6105590 ns
after_local_cswitch,0,34,19,0,-56811,6105590 ns
after_local_cswitch,0,35,18,0,104981,6105590 ns
after_local_cswitch,0,36,17,0,64147,6105590 ns
after_local_cswitch,0,37,16,0,-84358,6105590 ns
after_local_cswitch,0,38,15,0,-93661,6105590 ns
after_local_cswitch,0,39,14,0,-146700,6105590 ns
after_local_cswitch,0,40,13,0,-54772,6105590 ns
after_local_cswitch,0,41,12,0,105785,6105590 ns
after_local_cswitch,0,42,11,0,210660,6105590 ns
after_local_cswitch,0,43,10,0,9265,6105590 ns
after_local_cswitch,0,44,9,0,2578,6105590 ns
after_local_cswitch,0,45,8,0,90764,6105590 ns
after_local_cswitch,0,46,7,0,61696,6105590 ns
after_local_cswitch,0,47,6,0,-201902,6105590 ns
after_local_cswitch,0,48,5,0,10317,6105590 ns
after_local_cswitch,0,49,4,0,-30049,6105590 ns
after_local_cswitch,0,50,3,0,-17985,6105590 ns
after_local_cswitch,0,51,2,0,44234,6105590 ns
after_local_cswitch,0,52,1,0,25357,6105590 ns
after_local_cswitch,0,53,0,0,58814,6105590 ns
after_local_cswitch,0,0,21,0,22823,6105590 ns
after_local_cswitch,0,1,20,0,98709,6105590 ns
after_local_cswitch,0,2,19,0,44940,6105590 ns
after_local_cswitch,0,3,18,0,-94082,6105590 ns
after_local_cswitch,0,4,17,0,-57378,6105590 ns
after_local_cswitch,0,5,16,0,-216237,6105590 ns
after_local_cswitch,0,6,15,0,118986,6105590 ns
after_local_cswitch,0,7,14,0,-74730,6105590 ns
after_local_cswitch,0,8,13,0,-74883,6105590 ns
after_local_cswitch,0,9,12,0,64597,6105590 ns
after_local_cswitch,0,10,11,0,-10067,6105590 ns
after_local_cswitch,0,11,10,0,-66054,6105590 ns
after_local_cswitch,0,12,9,0,51033,6105590 ns
after_local_cswitch,0,13,8,0,34304,6105590 ns
after_local_cswitch,0,14,7,0,21415,6105590 ns
after_local_cswitch,0,15,6,0,2675,6105590 ns
after_local_cswitch,0,16,5,0,178927,6105590 ns
after_local_cswitch,0,17,4,0,-7916,6105590 ns
after_local_cswitch,0,18,3,0,-12216,6105590 ns
after_local_cswitch,0,19,2,0,-4067,6105590 ns
after_local_cswitch,0,20,1,0,129958,6105590 ns
after_local_cswitch,0,21,0,0,40296,6105590 ns
after_local_cswitch,0,32,21,0,56821,6105590 ns
after_local_cswitch,0,33,20,0,46543,6105590 ns
after_local_cswitch,0,34,19,0,-56811,6105590 ns
after_local_cswitch,0,35,18,0,104981,6105590 ns
after_local_cswitch,0,36,17,0,64147,6105590 ns
after_local_cswitch,0,37,16,0,-84358,6105590 ns
after_local_cswitch,0,38,15,0,-93661,6105590 ns
after_local_cswitch,0,39,14,0,-146700,6105590 ns
after_local_cswitch,0,40,13,0,-54772,6105590 ns
after_local_cswitch,0,41,12,0,105785,6105590 ns
after_local_cswitch,0,42,11,0,210660,6105590 ns
after_local_cswitch,0,43,10,0,9265,6105590 ns
after_local_cswitch,0,44,9,0,2578,6105590 ns
after_local_cswitch,0,45,8,0,90764,6105590 ns
after_local_cswitch,0,46,7,0,61696,6105590 ns
after_local_cswitch,0,47,6,0,-201902,6105590 ns
after_local_cswitch,0,48,5,0,10317,6105590 ns
after_local_cswitch,0,49,4,0,-30049,6105590 ns
after_local_cswitch,0,50,3,0,-17985,6105590 ns
after_local_cswitch,0,51,2,0,44234,6105590 ns
after_local_cswitch,0,52,1,0,25357,6105590 ns
after_local_cswitch,0,53,0,0,58814,6105590 ns
after_local_cswitch,0,0,22,0,-29032,6105600 ns
after_local_cswitch,0,1,21,0,-72705,6105600 ns
after_local_cswitch,0,2,20,0,90253,6105600 ns
after_local_cswitch,0,3,19,0,-58971,6105600 ns
after_local_cswitch,0,4,18,0,-44965,6105600 ns
after_local_cswitch,0,5,17,0,270542,6105600 ns
after_local_cswitch,0,6,16,0,-162206,6105600 ns
after_local_cswitch,0,7,15,0,-29747,6105600 ns
after_local_cswitch,0,8,14,0,-67157,6105600 ns
after_local_cswitch,0,9,13,0,-66067,6105600 ns
after_local_cswitch,0,10,12,0,49587,6105600 ns
after_local_cswitch,0,11,11,0,124312,6105600 ns
after_local_cswitch,0,12,10,0,2448,6105600 ns
after_local_cswitch,0,13,9,0,33872,6105600 ns
after_local_cswitch,0,14,8,0,8236,6105600 ns
after_local_cswitch,0,15,7,0,-72709,6105600 ns
after_local_cswitch,0,16,6,0,-98511,6105600 ns
after_local_cswitch,0,17,5,0,159309,6105600 ns
after_local_cswitch,0,18,4,0,-116246,6105600 ns
after_local_cswitch,0,19,3,0,9351,6105600 ns
after_local_cswitch,0,20,2,0,23868,6105600 ns
after_local_cswitch,0,21,1,0,-150318,6105600 ns
after_local_cswitch,0,22,0,0,-68221,6105600 ns
after_local_cswitch,0,32,22,0,-44454,6105600 ns
after_local_cswitch,0,33,21,0,105736,6105600 ns
after_local_cswitch,0,34,20,0,-52174,6105600 ns
after_local_cswitch,0,35,19,0,-111447,6105600 ns
after_local_cswitch,0,36,18,0,73652,6105600 ns
after_local_cswitch,0,37,17,0,-41139,6105600 ns
after_local_cswitch,0,38,16,0,-18804,6105600 ns
after_local_cswitch,0,39,15,0,-36275,6105600 ns
after_local_cswitch,0,40,14,0,-150532,6105600 ns
after_local_cswitch,0,41,13,0,-24118,6105600 ns
after_local_cswitch,0,42,12,0,34407,6105600 ns
after_local_cswitch,0,43,11,0,-60834,6105600 ns
after_local_cswitch,0,44,10,0,-887,6105600 ns
after_local_cswitch,0,45,9,0,-53415,6105600 ns
after_local_cswitch,0,46,8,0,-121384,6105600 ns
after_local_cswitch,0,47,7,0,-148275,6105600 ns
after_local_cswitch,0,48,6,0,-4260,6105600 ns
after_local_cswitch,0,49,5,0,-94988,6105600 ns
after_local_cswitch,0,50,4,0,-118390,6105600 ns
after_local_cswitch,0,51,3,0,65876,6105600 ns
after_local_cswitch,0,52,2,0,24544,6105600 ns
after_local_cswitch,0,53,1,0,-19408,6105600 ns
after_local_cswitch,0,54,0,0,-38963,6105600 ns
after_local_cswitch,0,0,22,0,-29032,6105600 ns
after_local_cswitch,0,1,21,0,-72705,6105600 ns
after_local_cswitch,0,2,20,0,90253,6105600 ns
after_local_cswitch,0,3,19,0,-58971,6105600 ns
after_local_cswitch,0,4,18,0,-44965,6105600 ns
after_local_cswitch,0,5,17,0,270542,6105600 ns
after_local_cswitch,0,6,16,0,-162206,6105600 ns
after_local_cswitch,0,7,15,0,-29747,6105600 ns
after_local_cswitch,0,8,14,0,-67157,6105600 ns
after_local_cswitch,0,9,13,0,-66067,6105600 ns
after_local_cswitch,0,10,12,0,49587,6105600 ns
after_local_cswitch,0,11,11,0,124312,6105600 ns
after_local_cswitch,0,12,10,0,2448,6105600 ns
after_local_cswitch,0,13,9,0,33872,6105600 ns
after_local_cswitch,0,14,8,0,8236,6105600 ns
after_local_cswitch,0,15,7,0,-72709,6105600 ns
after_local_cswitch,0,16,6,0,-98511,6105600 ns
after_local_cswitch,0,17,5,0,159309,6105600 ns
after_local_cswitch,0,18,4,0,-116246,6105600 ns
after_local_cswitch,0,19,3,0,9351,6105600 ns
after_local_cswitch,0,20,2,0,23868,6105600 ns
after_local_cswitch,0,21,1,0,-150318,6105600 ns
after_local_cswitch,0,22,0,0,-68221,6105600 ns
after_local_cswitch,0,32,22,0,-44454,6105600 ns
after_local_cswitch,0,33,21,0,105736,6105600 ns
after_local_cswitch,0,34,20,0,-52174,6105600 ns
after_local_cswitch,0,35,19,0,-111447,6105600 ns
after_local_cswitch,0,36,18,0,73652,6105600 ns
after_local_cswitch,0,37,17,0,-41139,6105600 ns
after_local_cswitch,0,38,16,0,-18804,6105600 ns
after_local_cswitch,0,39,15,0,-36275,6105600 ns
after_local_cswitch,0,40,14,0,-150532,6105600 ns
after_local_cswitch,0,41,13,0,-24118,6105600 ns
after_local_cswitch,0,42,12,0,34407,6105600 ns
after_local_cswitch,0,43,11,0,-60834,6105600 ns
after_local_cswitch,0,44,10,0,-887,6105600 ns
after_local_cswitch,0,45,9,0,-53415,6105600 ns
after_local_cswitch,0,46,8,0,-121384,6105600 ns
after_local_cswitch,0,47,7,0,-148275,6105600 ns
after_local_cswitch,0,48,6,0,-4260,6105600 ns
after_local_cswitch,0,49,5,0,-94988,6105600 ns
after_local_cswitch,0,50,4,0,-118390,6105600 ns
after_local_cswitch,0,51,3,0,65876,6105600 ns
after_local_cswitch,0,52,2,0,24544,6105600 ns
after_local_cswitch,0,53,1,0,-19408,6105600 ns
after_local_cswitch,0,54,0,0,-38963,6105600 ns
after_local_cswitch,0,0,22,0,-29032,6105600 ns
after_local_cswitch,0,1,21,0,-72705,6105600 ns
after_local_cswitch,0,2,20,0,90253,6105600 ns
after_local_cswitch,0,3,19,0,-58971,6105600 ns
after_local_cswitch,0,4,18,0,-44965,6105600 ns
after_local_cswitch,0,5,17,0,270542,6105600 ns
after_local_cswitch,0,6,16,0,-162206,6105600 ns
after_local_cswitch,0,7,15,0,-29747,6105600 ns
after_local_cswitch,0,8,14,0,-67157,6105600 ns
after_local_cswitch,0,9,13,0,-66067,6105600 ns
after_local_cswitch,0,10,12,0,49587,6105600 ns
after_local_cswitch,0,11,11,0,124312,6105600 ns
after_local_cswitch,0,12,10,0,2448,6105600 ns
after_local_cswitch,0,13,9,0,33872,6105600 ns
after_local_cswitch,0,14,8,0,8236,6105600 ns
after_local_cswitch,0,15,7,0,-72709,6105600 ns
after_local_cswitch,0,16,6,0,-98511,6105600 ns
after_local_cswitch,0,17,5,0,159309,6105600 ns
after_local_cswitch,0,18,4,0,-116246,6105600 ns
after_local_cswitch,0,19,3,0,9351,6105600 ns
after_local_cswitch,0,20,2,0,23868,6105600 ns
after_local_cswitch,0,21,1,0,-150318,6105600 ns
after_local_cswitch,0,22,0,0,-68221,6105600 ns
after_local_cswitch,0,32,22,0,-44454,6105600 ns
after_local_cswitch,0,33,21,0,105736,6105600 ns
after_local_cswitch,0,34,20,0,-52174,6105600 ns
after_local_cswitch,0,35,19,0,-111447,6105600 ns
after_local_cswitch,0,36,18,0,73652,6105600 ns
after_local_cswitch,0,37,17,0,-41139,6105600 ns
after_local_cswitch,0,38,16,0,-18804,6105600 ns
after_local_cswitch,0,39,15,0,-36275,6105600 ns
after_local_cswitch,0,40,14,0,-150532,6105600 ns
after_local_cswitch,0,41,13,0,-24118,6105600 ns
after_local_cswitch,0,42,12,0,34407,6105600 ns
after_local_cswitch,0,43,11,0,-60834,6105600 ns
after_local_cswitch,0,44,10,0,-887,6105600 ns
after_local_cswitch,0,45,9,0,-53415,6105600 ns
after_local_cswitch,0,46,8,0,-121384,6105600 ns
after_local_cswitch,0,47,7,0,-148275,6105600 ns
after_local_cswitch,0,48,6,0,-4260,6105600 ns
after_local_cswitch,0,49,5,0,-94988,6105600 ns
after_local_cswitch,0,50,4,0,-118390,6105600 ns
after_local_cswitch,0,51,3,0,65876,6105600 ns
after_local_cswitch,0,52,2,0,24544,6105600 ns
after_local_cswitch,0,53,1,0,-19408,6105600 ns
after_local_cswitch,0,54,0,0,-38963,6105600 ns
after_local_cswitch,0,0,23,0,68817,6105610 ns
after_local_cswitch,0,1,22,0,57516,6105610 ns
after_local_cswitch,0,2,21,0,-855,6105610 ns
after_local_cswitch,0,3,20,0,153211,6105610 ns
after_local_cswitch,0,4,19,0,-20565,6105610 ns
after_local_cswitch,0,5,18,0,35446,6105610 ns
after_local_cswitch,0,6,17,0,76581,6105610 ns
after_local_cswitch,0,7,16,0,-98850,6105610 ns
after_local_cswitch,0,8,15,0,-22999,6105610 ns
after_local_cswitch,0,9,14,0,-95141,6105610 ns
after_local_cswitch,0,10,13,0,85885,6105610 ns
after_local_cswitch,0,11,12,0,-34116,6105610 ns
after_local_cswitch,0,12,11,0,-108429,6105610 ns
after_local_cswitch,0,13,10,0,54844,6105610 ns
after_local_cswitch,0,14,9,0,37519,6105610 ns
after_local_cswitch,0,15,8,0,-34796,6105610 ns
after_local_cswitch,0,16,7,0,28359,6105610 ns
after_local_cswitch,0,17,6,0,54774,6105610 ns
after_local_cswitch,0,18,5,0,-16735,6105610 ns
after_local_cswitch,0,19,4,0,149853,6105610 ns
after_local_cswitch,0,20,3,0,-52704,6105610 ns
after_local_cswitch,0,21,2,0,73853,6105610 ns
after_local_cswitch,0,22,1,0,92197,6105610 ns
after_local_cswitch,0,23,0,0,32572,6105610 ns
after_local_cswitch,0,32,23,0,138005,6105610 ns
after_local_cswitch,0,33,22,0,81960,6105610 ns
after_local_cswitch,0,34,21,0,139148,6105610 ns
after_local_cswitch,0,35,20,0,-74064,6105610 ns
after_local_cswitch,0,36,19,0,-32894,6105610 ns
after_local_cswitch,0,37,18,0,-3293,6105610 ns
after_local_cswitch,0,38,17,0,87606,6105610 ns
after_local_cswitch,0,39,16,0,126375,6105610 ns
after_local_cswitch,0,40,15,0,37278,6105610 ns
after_local_cswitch,0,41,14,0,33970,6105610 ns
after_local_cswitch,0,42,13,0,-25384,6105610 ns
after_local_cswitch,0,43,12,0,99718,6105610 ns
after_local_cswitch,0,44,11,0,4158,6105610 ns
after_local_cswitch,0,45,10,0,-112252,6105610 ns
after_local_cswitch,0,46,9,0,-66824,6105610 ns
after_local_cswitch,0,47,8,0,-17855,6105610 ns
after_local_cswitch,0,48,7,0,26246,6105610 ns
after_local_cswitch,0,49,6,0,-78742,6105610 ns
after_local_cswitch,0,50,5,0,-186387,6105610 ns
after_local_cswitch,0,51,4,0,45597,6105610 ns
after_local_cswitch,0,52,3,0,185368,6105610 ns
after_local_cswitch,0,53,2,0,85445,6105610 ns
after_local_cswitch,0,54,1,0,133763,6105610 ns
after_local_cswitch,0,55,0,0,-54882,6105610 ns
after_local_cswitch,0,0,23,0,68817,6105610 ns
after_local_cswitch,0,1,22,0,57516,6105610 ns
after_local_cswitch,0,2,21,0,-855,6105610 ns
after_local_cswitch,0,3,20,0,153211,6105610 ns
after_local_cswitch,0,4,19,0,-20565,6105610 ns
after_local_cswitch,0,5,18,0,35446,6105610 ns
after_local_cswitch,0,6,17,0,76581,6105610 ns
after_local_cswitch,0,7,16,0,-98850,6105610 ns
after_local_cswitch,0,8,15,0,-22999,6105610 ns
after_local_cswitch,0,9,14,0,-95141,6105610 ns
after_local_cswitch,0,10,13,0,85885,6105610 ns
after_local_cswitch,0,11,12,0,-34116,6105610 ns
after_local_cswitch,0,12,11,0,-108429,6105610 ns
after_local_cswitch,0,13,10,0,54844,6105610 ns
after_local_cswitch,0,14,9,0,37519,6105610 ns
after_local_cswitch,0,15,8,0,-34796,6105610 ns
after_local_cswitch,0,16,7,0,28359,6105610 ns
after_local_cswitch,0,17,6,0,54774,6105610 ns
after_local_cswitch,0,18,5,0,-16735,6105610 ns
after_local_cswitch,0,19,4,0,149853,6105610 ns
after_local_cswitch,0,20,3,0,-52704,6105610 ns
after_local_cswitch,0,21,2,0,73853,6105610 ns
after_local_cswitch,0,22,1,0,92197,6105610 ns
after_local_cswitch,0,23,0,0,32572,6105610 ns
after_local_cswitch,0,32,23,0,138005,6105610 ns
after_local_cswitch,0,33,22,0,81960,6105610 ns
after_local_cswitch,0,34,21,0,139148,6105610 ns
after_local_cswitch,0,35,20,0,-74064,6105610 ns
after_local_cswitch,0,36,19,0,-32894,6105610 ns
after_local_cswitch,0,37,18,0,-3293,6105610 ns
after_local_cswitch,0,38,17,0,87606,6105610 ns
after_local_cswitch,0,39,16,0,126375,6105610 ns
after_local_cswitch,0,40,15,0,37278,6105610 ns
after_local_cswitch,0,41,14,0,33970,6105610 ns
after_local_cswitch,0,42,13,0,-25384,6105610 ns
after_local_cswitch,0,43,12,0,99718,6105610 ns
after_local_cswitch,0,44,11,0,4158,6105610 ns
after_local_cswitch,0,45,10,0,-112252,6105610 ns
after_local_cswitch,0,46,9,0,-66824,6105610 ns
after_local_cswitch,0,47,8,0,-17855,6105610 ns
after_local_cswitch,0,48,7,0,26246,6105610 ns
after_local_cswitch,0,49,6,0,-78742,6105610 ns
after_local_cswitch,0,50,5,0,-186387,6105610 ns
after_local_cswitch,0,51,4,0,45597,6105610 ns
after_local_cswitch,0,52,3,0,185368,6105610 ns
after_local_cswitch,0,53,2,0,85445,6105610 ns
after_local_cswitch,0,54,1,0,133763,6105610 ns
after_local_cswitch,0,55,0,0,-54882,6105610 ns
after_local_cswitch,0,0,23,0,68817,6105610 ns
after_local_cswitch,0,1,22,0,57516,6105610 ns
after_local_cswitch,0,2,21,0,-855,6105610 ns
after_local_cswitch,0,3,20,0,153211,6105610 ns
after_local_cswitch,0,4,19,0,-20565,6105610 ns
after_local_cswitch,0,5,18,0,35446,6105610 ns
after_local_cswitch,0,6,17,0,76581,6105610 ns
after_local_cswitch,0,7,16,0,-98850,6105610 ns
after_local_cswitch,0,8,15,0,-22999,6105610 ns
after_local_cswitch,0,9,14,0,-95141,6105610 ns
after_local_cswitch,0,10,13,0,85885,6105610 ns
after_local_cswitch,0,11,12,0,-34116,6105610 ns
after_local_cswitch,0,12,11,0,-108429,6105610 ns
after_local_cswitch,0,13,10,0,54844,6105610 ns
after_local_cswitch,0,14,9,0,37519,6105610 ns
after_local_cswitch,0,15,8,0,-34796,6105610 ns
after_local_cswitch,0,16,7,0,28359,6105610 ns
after_local_cswitch,0,17,6,0,54774,6105610 ns
after_local_cswitch,0,18,5,0,-16735,6105610 ns
after_local_cswitch,0,19,4,0,149853,6105610 ns
after_local_cswitch,0,20,3,0,-52704,6105610 ns
after_local_cswitch,0,21,2,0,73853,6105610 ns
after_local_cswitch,0,22,1,0,92197,6105610 ns
after_local_cswitch,0,23,0,0,32572,6105610 ns
after_local_cswitch,0,32,23,0,138005,6105610 ns
after_local_cswitch,0,33,22,0,81960,6105610 ns
after_local_cswitch,0,34,21,0,139148,6105610 ns
after_local_cswitch,0,35,20,0,-74064,6105610 ns
after_local_cswitch,0,36,19,0,-32894,6105610 ns
after_local_cswitch,0,37,18,0,-3293,6105610 ns
after_local_cswitch,0,38,17,0,87606,6105610 ns
after_local_cswitch,0,39,16,0,126375,6105610 ns
after_local_cswitch,0,40,15,0,37278,6105610 ns
after_local_cswitch,0,41,14,0,33970,6105610 ns
after_local_cswitch,0,42,13,0,-25384,6105610 ns
after_local_cswitch,0,43,12,0,99718,6105610 ns
after_local_cswitch,0,44,11,0,4158,6105610 ns
after_local_cswitch,0,45,10,0,-112252,6105610 ns
after_local_cswitch,0,46,9,0,-66824,6105610 ns
after_local_cswitch,0,47,8,0,-17855,6105610 ns
after_local_cswitch,0,48,7,0,26246,6105610 ns
after_local_cswitch,0,49,6,0,-78742,6105610 ns
after_local_cswitch,0,50,5,0,-186387,6105610 ns
after_local_cswitch,0,51,4,0,45597,6105610 ns
after_local_cswitch,0,52,3,0,185368,6105610 ns
after_local_cswitch,0,53,2,0,85445,6105610 ns
after_local_cswitch,0,54,1,0,133763,6105610 ns
after_local_cswitch,0,55,0,0,-54882,6105610 ns
after_local_cswitch,0,0,24,0,-14085,6105620 ns
after_local_cswitch,0,1,23,0,-48721,6105620 ns
after_local_cswitch,0,2,22,0,-34616,6105620 ns
after_local_cswitch,0,3,21,0,-35420,6105620 ns
after_local_cswitch,0,4,20,0,19154,6105620 ns
after_local_cswitch,0,5,19,0,3117,6105620 ns
after_local_cswitch,0,6,18,0,77405,6105620 ns
after_local_cswitch,0,7,17,0,-29019,6105620 ns
after_local_cswitch,0,8,16,0,-138112,6105620 ns
after_local_cswitch,0,9,15,0,-74645,6105620 ns
after_local_cswitch,0,10,14,0,-40642,6105620 ns
after_local_cswitch,0,11,13,0,101272,6105620 ns
after_local_cswitch,0,12,12,0,6231,6105620 ns
after_local_cswitch,0,13,11,0,75506,6105620 ns
after_local_cswitch,0,14,10,0,-76018,6105620 ns
after_local_cswitch,0,15,9,0,-19743,6105620 ns
after_local_cswitch,0,16,8,0,-63633,6105620 ns
after_local_cswitch,0,17,7,0,-106220,6105620 ns
after_local_cswitch,0,18,6,0,-13779,6105620 ns
after_local_cswitch,0,19,5,0,-40491,6105620 ns
after_local_cswitch,0,20,4,0,-73099,6105620 ns
after_local_cswitch,0,21,3,0,106325,6105620 ns
after_local_cswitch,0,22,2,0,98834,6105620 ns
after_local_cswitch,0,23,1,0,-177969,6105620 ns
after_local_cswitch,0,24,0,0,30037,6105620 ns
after_local_cswitch,0,32,24,0,-133912,6105620 ns
after_local_cswitch,0,33,23,0,14960,6105620 ns
after_local_cswitch,0,34,22,0,-6275,6105620 ns
after_local_cswitch,0,35,21,0,-19619,6105620 ns
after_local_cswitch,0,36,20,0,49948,6105620 ns
after_local_cswitch,0,37,19,0,-48398,6105620 ns
after_local_cswitch,0,38,18,0,-50106,6105620 ns
after_local_cswitch,0,39,17,0,13029,6105620 ns
after_local_cswitch,0,40,16,0,-42233,6105620 ns
after_local_cswitch,0,41,15,0,172333,6105620 ns
after_local_cswitch,0,42,14,0,-56737,6105620 ns
after_local_cswitch,0,43,13,0,-51557,6105620 ns
after_local_cswitch,0,44,12,0,96741,6105620 ns
after_local_cswitch,0,45,11,0,41201,6105620 ns
after_local_cswitch,0,46,10,0,-4444,6105620 ns
after_local_cswitch,0,47,9,0,74209,6105620 ns
after_local_cswitch,0,48,8,0,-44835,6105620 ns
after_local_cswitch,0,49,7,0,81914,6105620 ns
after_local_cswitch,0,50,6,0,29648,6105620 ns
after_local_cswitch,0,51,5,0,-28777,6105620 ns
after_local_cswitch,0,52,4,0,-127542,6105620 ns
after_local_cswitch,0,53,3,0,43497,6105620 ns
after_local_cswitch,0,54,2,0,39964,6105620 ns
after_local_cswitch,0,55,1,0,127116,6105620 ns
after_local_cswitch,0,56,0,0,-23974,6105620 ns
after_local_cswitch,0,0,24,0,-14085,6105620 ns
after_local_cswitch,0,1,23,0,-48721,6105620 ns
after_local_cswitch,0,2,22,0,-34616,6105620 ns
after_local_cswitch,0,3,21,0,-35420,6105620 ns
after_local_cswitch,0,4,20,0,19154,6105620 ns
after_local_cswitch,0,5,19,0,3117,6105620 ns
after_local_cswitch,0,6,18,0,77405,6105620 ns
after_local_cswitch,0,7,17,0,-29019,6105620 ns
after_local_cswitch,0,8,16,0,-138112,6105620 ns
after_local_cswitch,0,9,15,0,-74645,6105620 ns
after_local_cswitch,0,10,14,0,-40642,6105620 ns
after_local_cswitch,0,11,13,0,101272,6105620 ns
after_local_cswitch,0,12,12,0,6231,6105620 ns
after_local_cswitch,0,13,11,0,75506,6105620 ns
after_local_cswitch,0,14,10,0,-76018,6105620 ns
after_local_cswitch,0,15,9,0,-19743,6105620 ns
after_local_cswitch,0,16,8,0,-63633,6105620 ns
after_local_cswitch,0,17,7,0,-106220,6105620 ns
after_local_cswitch,0,18,6,0,-13779,6105620 ns
after_local_cswitch,0,19,5,0,-40491,6105620 ns
after_local_cswitch,0,20,4,0,-73099,6105620 ns
after_local_cswitch,0,21,3,0,106325,6105620 ns
after_local_cswitch,0,22,2,0,98834,6105620 ns
after_local_cswitch,0,23,1,0,-177969,6105620 ns
after_local_cswitch,0,24,0,0,30037,6105620 ns
after_local_cswitch,0,32,24,0,-133912,6105620 ns
after_local_cswitch,0,33,23,0,14960,6105620 ns
after_local_cswitch,0,34,22,0,-6275,6105620 ns
after_local_cswitch,0,35,21,0,-19619,6105620 ns
after_local_cswitch,0,36,20,0,49948,6105620 ns
after_local_cswitch,0,37,19,0,-48398,6105620 ns
after_local_cswitch,0,38,18,0,-50106,6105620 ns
after_local_cswitch,0,39,17,0,13029,6105620 ns
after_local_cswitch,0,40,16,0,-42233,6105620 ns
after_local_cswitch,0,41,15,0,172333,6105620 ns
after_local_cswitch,0,42,14,0,-56737,6105620 ns
after_local_cswitch,0,43,13,0,-51557,6105620 ns
after_local_cswitch,0,44,12,0,96741,6105620 ns
after_local_cswitch,0,45,11,0,41201,6105620 ns
after_local_cswitch,0,46,10,0,-4444,6105620 ns
after_local_cswitch,0,47,9,0,74209,6105620 ns
after_local_cswitch,0,48,8,0,-44835,6105620 ns
after_local_cswitch,0,49,7,0,81914,6105620 ns
after_local_cswitch,0,50,6,0,29648,6105620 ns
after_local_cswitch,0,51,5,0,-28777,6105620 ns
after_local_cswitch,0,52,4,0,-127542,6105620 ns
after_local_cswitch,0,53,3,0,43497,6105620 ns
after_local_cswitch,0,54,2,0,39964,6105620 ns
after_local_cswitch,0,55,1,0,127116,6105620 ns
after_local_cswitch,0,56,0,0,-23974,6105620 ns
after_local_cswitch,0,0,24,0,-14085,6105620 ns
after_local_cswitch,0,1,23,0,-48721,6105620 ns
after_local_cswitch,0,2,22,0,-34616,6105620 ns
after_local_cswitch,0,3,21,0,-35420,6105620 ns
after_local_cswitch,0,4,20,0,19154,6105620 ns
after_local_cswitch,0,5,19,0,3117,6105620 ns
after_local_cswitch,0,6,18,0,77405,6105620 ns
after_local_cswitch,0,7,17,0,-29019,6105620 ns
after_local_cswitch,0,8,16,0,-138112,6105620 ns
after_local_cswitch,0,9,15,0,-74645,6105620 ns
after_local_cswitch,0,10,14,0,-40642,6105620 ns
after_local_cswitch,0,11,13,0,101272,6105620 ns
after_local_cswitch,0,12,12,0,6231,6105620 ns
after_local_cswitch,0,13,11,0,75506,6105620 ns
after_local_cswitch,0,14,10,0,-76018,6105620 ns
after_local_cswitch,0,15,9,0,-19743,6105620 ns
after_local_cswitch,0,16,8,0,-63633,6105620 ns
after_local_cswitch,0,17,7,0,-106220,6105620 ns
after_local_cswitch,0,18,6,0,-13779,6105620 ns
after_local_cswitch,0,19,5,0,-40491,6105620 ns
after_local_cswitch,0,20,4,0,-73099,6105620 ns
after_local_cswitch,0,21,3,0,106325,6105620 ns
after_local_cswitch,0,22,2,0,98834,6105620 ns
after_local_cswitch,0,23,1,0,-177969,6105620 ns
after_local_cswitch,0,24,0,0,30037,6105620 ns
after_local_cswitch,0,32,24,0,-133912,6105620 ns
after_local_cswitch,0,33,23,0,14960,6105620 ns
after_local_cswitch,0,34,22,0,-6275,6105620 ns
after_local_cswitch,0,35,21,0,-19619,6105620 ns
after_local_cswitch,0,36,20,0,49948,6105620 ns
after_local_cswitch,0,37,19,0,-48398,6105620 ns
after_local_cswitch,0,38,18,0,-50106,6105620 ns
after_local_cswitch,0,39,17,0,13029,6105620 ns
after_local_cswitch,0,40,16,0,-42233,6105620 ns
after_local_cswitch,0,41,15,0,172333,6105620 ns
after_local_cswitch,0,42,14,0,-56737,6105620 ns
after_local_cswitch,0,43,13,0,-51557,6105620 ns
after_local_cswitch,0,44,12,0,96741,6105620 ns
after_local_cswitch,0,45,11,0,41201,6105620 ns
after_local_cswitch,0,46,10,0,-4444,6105620 ns
after_local_cswitch,0,47,9,0,74209,6105620 ns
after_local_cswitch,0,48,8,0,-44835,6105620 ns
after_local_cswitch,0,49,7,0,81914,6105620 ns
after_local_cswitch,0,50,6,0,29648,6105620 ns
after_local_cswitch,0,51,5,0,-28777,6105620 ns
after_local_cswitch,0,52,4,0,-127542,6105620 ns
after_local_cswitch,0,53,3,0,43497,6105620 ns
after_local_cswitch,0,54,2,0,39964,6105620 ns
after_local_cswitch,0,55,1,0,127116,6105620 ns
after_local_cswitch,0,56,0,0,-23974,6105620 ns
after_local_cswitch,0,0,25,0,100140,6105630 ns
after_local_cswitch,0,1,24,0,90917,6105630 ns
after_local_cswitch,0,2,23,0,14960,6105630 ns
after_local_cswitch,0,3,22,0,9776,6105630 ns
after_local_cswitch,0,4,21,0,94539,6105630 ns
after_local_cswitch,0,5,20,0,128576,6105630 ns
after_local_cswitch,0,6,19,0,81052,6105630 ns
after_local_cswitch,0,7,18,0,13945,6105630 ns
after_local_cswitch,0,8,17,0,-18717,6105630 ns
after_local_cswitch,0,9,16,0,12190,6105630 ns
after_local_cswitch,0,10,15,0,-38972,6105630 ns
after_local_cswitch,0,11,14,0,212440,6105630 ns
after_local_cswitch,0,12,13,0,-15394,6105630 ns
after_local_cswitch,0,13,12,0,-101255,6105630 ns
after_local_cswitch,0,14,11,0,328146,6105630 ns
after_local_cswitch,0,15,10,0,-99106,6105630 ns
after_local_cswitch,0,16,9,0,-8373,6105630 ns
after_local_cswitch,0,17,8,0,-215438,6105630 ns
after_local_cswitch,0,18,7,0,89106,6105630 ns
after_local_cswitch,0,19,6,0,-22261,6105630 ns
after_local_cswitch,0,20,5,0,-53498,6105630 ns
after_local_cswitch,0,21,4,0,-15779,6105630 ns
after_local_cswitch,0,22,3,0,29825,6105630 ns
after_local_cswitch,0,23,2,0,-32817,6105630 ns
after_local_cswitch,0,24,1,0,-42581,6105630 ns
after_local_cswitch,0,25,0,0,-146834,6105630 ns
after_local_cswitch,0,32,25,0,24850,6105630 ns
after_local_cswitch,0,33,24,0,47880,6105630 ns
after_local_cswitch,0,34,23,0,69661,6105630 ns
after_local_cswitch,0,35,22,0,-104311,6105630 ns
after_local_cswitch,0,36,21,0,54365,6105630 ns
after_local_cswitch,0,37,20,0,49177,6105630 ns
after_local_cswitch,0,38,19,0,79119,6105630 ns
after_local_cswitch,0,39,18,0,111835,6105630 ns
after_local_cswitch,0,40,17,0,-47528,6105630 ns
after_local_cswitch,0,41,16,0,129154,6105630 ns
after_local_cswitch,0,42,15,0,52395,6105630 ns
after_local_cswitch,0,43,14,0,-11526,6105630 ns
after_local_cswitch,0,44,13,0,82369,6105630 ns
after_local_cswitch,0,45,12,0,11801,6105630 ns
after_local_cswitch,0,46,11,0,24976,6105630 ns
after_local_cswitch,0,47,10,0,87530,6105630 ns
after_local_cswitch,0,48,9,0,-61095,6105630 ns
after_local_cswitch,0,49,8,0,-233326,6105630 ns
after_local_cswitch,0,50,7,0,105741,6105630 ns
after_local_cswitch,0,51,6,0,-92827,6105630 ns
after_local_cswitch,0,52,5,0,8699,6105630 ns
after_local_cswitch,0,53,4,0,55909,6105630 ns
after_local_cswitch,0,54,3,0,-2223,6105630 ns
after_local_cswitch,0,55,2,0,14201,6105630 ns
after_local_cswitch,0,56,1,0,101775,6105630 ns
after_local_cswitch,0,57,0,0,-31477,6105630 ns
after_local_cswitch,0,0,25,0,100140,6105630 ns
after_local_cswitch,0,1,24,0,90917,6105630 ns
after_local_cswitch,0,2,23,0,14960,6105630 ns
after_local_cswitch,0,3,22,0,9776,6105630 ns
after_local_cswitch,0,4,21,0,94539,6105630 ns
after_local_cswitch,0,5,20,0,128576,6105630 ns
after_local_cswitch,0,6,19,0,81052,6105630 ns
after_local_cswitch,0,7,18,0,13945,6105630 ns
after_local_cswitch,0,8,17,0,-18717,6105630 ns
after_local_cswitch,0,9,16,0,12190,6105630 ns
after_local_cswitch,0,10,15,0,-38972,6105630 ns
after_local_cswitch,0,11,14,0,212440,6105630 ns
after_local_cswitch,0,12,13,0,-15394,6105630 ns
after_local_cswitch,0,13,12,0,-101255,6105630 ns
after_local_cswitch,0,14,11,0,328146,6105630 ns
after_local_cswitch,0,15,10,0,-99106,6105630 ns
after_local_cswitch,0,16,9,0,-8373,6105630 ns
after_local_cswitch,0,17,8,0,-215438,6105630 ns
after_local_cswitch,0,18,7,0,89106,6105630 ns
after_local_cswitch,0,19,6,0,-22261,6105630 ns
after_local_cswitch,0,20,5,0,-53498,6105630 ns
after_local_cswitch,0,21,4,0,-15779,6105630 ns
after_local_cswitch,0,22,3,0,29825,6105630 ns
after_local_cswitch,0,23,2,0,-32817,6105630 ns
after_local_cswitch,0,24,1,0,-42581,6105630 ns
after_local_cswitch,0,25,0,0,-146834,6105630 ns
after_local_cswitch,0,32,25,0,24850,6105630 ns
after_local_cswitch,0,33,24,0,47880,6105630 ns
after_local_cswitch,0,34,23,0,69661,6105630 ns
after_local_cswitch,0,35,22,0,-104311,6105630 ns
after_local_cswitch,0,36,21,0,54365,6105630 ns
after_local_cswitch,0,37,20,0,49177,6105630 ns
after_local_cswitch,0,38,19,0,79119,6105630 ns
after_local_cswitch,0,39,18,0,111835,6105630 ns
after_local_cswitch,0,40,17,0,-47528,6105630 ns
after_local_cswitch,0,41,16,0,129154,6105630 ns
after_local_cswitch,0,42,15,0,52395,6105630 ns
after_local_cswitch,0,43,14,0,-11526,6105630 ns
after_local_cswitch,0,44,13,0,82369,6105630 ns
after_local_cswitch,0,45,12,0,11801,6105630 ns
after_local_cswitch,0,46,11,0,24976,6105630 ns
after_local_cswitch,0,47,10,0,87530,6105630 ns
after_local_cswitch,0,48,9,0,-61095,6105630 ns
after_local_cswitch,0,49,8,0,-233326,6105630 ns
after_local_cswitch,0,50,7,0,105741,6105630 ns
after_local_cswitch,0,51,6,0,-92827,6105630 ns
after_local_cswitch,0,52,5,0,8699,6105630 ns
after_local_cswitch,0,53,4,0,55909,6105630 ns
after_local_cswitch,0,54,3,0,-2223,6105630 ns
after_local_cswitch,0,55,2,0,14201,6105630 ns
after_local_cswitch,0,56,1,0,101775,6105630 ns
after_local_cswitch,0,57,0,0,-31477,6105630 ns
after_local_cswitch,0,0,25,0,100140,6105630 ns
after_local_cswitch,0,1,24,0,90917,6105630 ns
after_local_cswitch,0,2,23,0,14960,6105630 ns
after_local_cswitch,0,3,22,0,9776,6105630 ns
after_local_cswitch,0,4,21,0,94539,6105630 ns
after_local_cswitch,0,5,20,0,128576,6105630 ns
after_local_cswitch,0,6,19,0,81052,6105630 ns
after_local_cswitch,0,7,18,0,13945,6105630 ns
after_local_cswitch,0,8,17,0,-18717,6105630 ns
after_local_cswitch,0,9,16,0,12190,6105630 ns
after_local_cswitch,0,10,15,0,-38972,6105630 ns
after_local_cswitch,0,11,14,0,212440,6105630 ns
after_local_cswitch,0,12,13,0,-15394,6105630 ns
after_local_cswitch,0,13,12,0,-101255,6105630 ns
after_local_cswitch,0,14,11,0,328146,6105630 ns
after_local_cswitch,0,15,10,0,-99106,6105630 ns
after_local_cswitch,0,16,9,0,-8373,6105630 ns
after_local_cswitch,0,17,8,0,-215438,6105630 ns
after_local_cswitch,0,18,7,0,89106,6105630 ns
after_local_cswitch,0,19,6,0,-22261,6105630 ns
after_local_cswitch,0,20,5,0,-53498,6105630 ns
after_local_cswitch,0,21,4,0,-15779,6105630 ns
after_local_cswitch,0,22,3,0,29825,6105630 ns
after_local_cswitch,0,23,2,0,-32817,6105630 ns
after_local_cswitch,0,24,1,0,-42581,6105630 ns
after_local_cswitch,0,25,0,0,-146834,6105630 ns
after_local_cswitch,0,32,25,0,24850,6105630 ns
after_local_cswitch,0,33,24,0,47880,6105630 ns
after_local_cswitch,0,34,23,0,69661,6105630 ns
after_local_cswitch,0,35,22,0,-104311,6105630 ns
after_local_cswitch,0,36,21,0,54365,6105630 ns
after_local_cswitch,0,37,20,0,49177,6105630 ns
after_local_cswitch,0,38,19,0,79119,6105630 ns
after_local_cswitch,0,39,18,0,111835,6105630 ns
after_local_cswitch,0,40,17,0,-47528,6105630 ns
after_local_cswitch,0,41,16,0,129154,6105630 ns
after_local_cswitch,0,42,15,0,52395,6105630 ns
after_local_cswitch,0,43,14,0,-11526,6105630 ns
after_local_cswitch,0,44,13,0,82369,6105630 ns
after_local_cswitch,0,45,12,0,11801,6105630 ns
after_local_cswitch,0,46,11,0,24976,6105630 ns
after_local_cswitch,0,47,10,0,87530,6105630 ns
after_local_cswitch,0,48,9,0,-61095,6105630 ns
after_local_cswitch,0,49,8,0,-233326,6105630 ns
after_local_cswitch,0,50,7,0,105741,6105630 ns
after_local_cswitch,0,51,6,0,-92827,6105630 ns
after_local_cswitch,0,52,5,0,8699,6105630 ns
after_local_cswitch,0,53,4,0,55909,6105630 ns
after_local_cswitch,0,54,3,0,-2223,6105630 ns
after_local_cswitch,0,55,2,0,14201,6105630 ns
after_local_cswitch,0,56,1,0,101775,6105630 ns
after_local_cswitch,0,57,0,0,-31477,6105630 ns
after_local_cswitch,0,0,26,0,-81499,6105640 ns
after_local_cswitch,0,1,25,0,-14265,6105640 ns
after_local_cswitch,0,2,24,0,-109334,6105640 ns
after_local_cswitch,0,3,23,0,130119,6105640 ns
after_local_cswitch,0,4,22,0,92716,6105640 ns
after_local_cswitch,0,5,21,0,-43504,6105640 ns
after_local_cswitch,0,6,20,0,-3689,6105640 ns
after_local_cswitch,0,7,19,0,72845,6105640 ns
after_local_cswitch,0,8,18,0,42782,6105640 ns
after_local_cswitch,0,9,17,0,-114339,6105640 ns
after_local_cswitch,0,10,16,0,49675,6105640 ns
after_local_cswitch,0,11,15,0,-23673,6105640 ns
after_local_cswitch,0,12,14,0,-27175,6105640 ns
after_local_cswitch,0,13,13,0,101095,6105640 ns
after_local_cswitch,0,14,12,0,8976,6105640 ns
after_local_cswitch,0,15,11,0,-58329,6105640 ns
after_local_cswitch,0,16,10,0,51862,6105640 ns
after_local_cswitch,0,17,9,0,-6561,6105640 ns
after_local_cswitch,0,18,8,0,-77121,6105640 ns
after_local_cswitch,0,19,7,0,105317,6105640 ns
after_local_cswitch,0,20,6,0,-34844,6105640 ns
after_local_cswitch,0,21,5,0,-33962,6105640 ns
after_local_cswitch,0,22,4,0,-116542,6105640 ns
after_local_cswitch,0,23,3,0,46277,6105640 ns
after_local_cswitch,0,24,2,0,-67413,6105640 ns
after_local_cswitch,0,25,1,0,71344,6105640 ns
after_local_cswitch,0,26,0,0,-9563,6105640 ns
after_local_cswitch,0,32,26,0,92493,6105640 ns
after_local_cswitch,0,33,25,0,-77555,6105640 ns
after_local_cswitch,0,34,24,0,-101279,6105640 ns
after_local_cswitch,0,35,23,0,-15299,6105640 ns
after_local_cswitch,0,36,22,0,15365,6105640 ns
after_local_cswitch,0,37,21,0,12627,6105640 ns
after_local_cswitch,0,38,20,0,29747,6105640 ns
after_local_cswitch,0,39,19,0,88050,6105640 ns
after_local_cswitch,0,40,18,0,28262,6105640 ns
after_local_cswitch,0,41,17,0,-95777,6105640 ns
after_local_cswitch,0,42,16,0,-27158,6105640 ns
after_local_cswitch,0,43,15,0,76795,6105640 ns
after_local_cswitch,0,44,14,0,-50775,6105640 ns
after_local_cswitch,0,45,13,0,-65754,6105640 ns
after_local_cswitch,0,46,12,0,-248185,6105640 ns
after_local_cswitch,0,47,11,0,-27568,6105640 ns
after_local_cswitch,0,48,10,0,106224,6105640 ns
after_local_cswitch,0,49,9,0,-97954,6105640 ns
after_local_cswitch,0,50,8,0,-43752,6105640 ns
after_local_cswitch,0,51,7,0,42490,6105640 ns
after_local_cswitch,0,52,6,0,-41903,6105640 ns
after_local_cswitch,0,53,5,0,43667,6105640 ns
after_local_cswitch,0,54,4,0,20018,6105640 ns
after_local_cswitch,0,55,3,0,-114779,6105640 ns
after_local_cswitch,0,56,2,0,91023,6105640 ns
after_local_cswitch,0,57,1,0,-37264,6105640 ns
after_local_cswitch,0,58,0,0,49995,6105640 ns
after_local_cswitch,0,0,26,0,-81499,6105640 ns
after_local_cswitch,0,1,25,0,-14265,6105640 ns
after_local_cswitch,0,2,24,0,-109334,6105640 ns
after_local_cswitch,0,3,23,0,130119,6105640 ns
after_local_cswitch,0,4,22,0,92716,6105640 ns
after_local_cswitch,0,5,21,0,-43504,6105640 ns
after_local_cswitch,0,6,20,0,-3689,6105640 ns
after_local_cswitch,0,7,19,0,72845,6105640 ns
after_local_cswitch,0,8,18,0,42782,6105640 ns
after_local_cswitch,0,9,17,0,-114339,6105640 ns
after_local_cswitch,0,10,16,0,49675,6105640 ns
after_local_cswitch,0,11,15,0,-23673,6105640 ns
after_local_cswitch,0,12,14,0,-27175,6105640 ns
after_local_cswitch,0,13,13,0,101095,6105640 ns
after_local_cswitch,0,14,12,0,8976,6105640 ns
after_local_cswitch,0,15,11,0,-58329,6105640 ns
after_local_cswitch,0,16,10,0,51862,6105640 ns
after_local_cswitch,0,17,9,0,-6561,6105640 ns
after_local_cswitch,0,18,8,0,-77121,6105640 ns
after_local_cswitch,0,19,7,0,105317,6105640 ns
after_local_cswitch,0,20,6,0,-34844,6105640 ns
after_local_cswitch,0,21,5,0,-33962,6105640 ns
after_local_cswitch,0,22,4,0,-116542,6105640 ns
after_local_cswitch,0,23,3,0,46277,6105640 ns
after_local_cswitch,0,24,2,0,-67413,6105640 ns
after_local_cswitch,0,25,1,0,71344,6105640 ns
after_local_cswitch,0,26,0,0,-9563,6105640 ns
after_local_cswitch,0,32,26,0,92493,6105640 ns
after_local_cswitch,0,33,25,0,-77555,6105640 ns
after_local_cswitch,0,34,24,0,-101279,6105640 ns
after_local_cswitch,0,35,23,0,-15299,6105640 ns
after_local_cswitch,0,36,22,0,15365,6105640 ns
after_local_cswitch,0,37,21,0,12627,6105640 ns
after_local_cswitch,0,38,20,0,29747,6105640 ns
after_local_cswitch,0,39,19,0,88050,6105640 ns
after_local_cswitch,0,40,18,0,28262,6105640 ns
after_local_cswitch,0,41,17,0,-95777,6105640 ns
after_local_cswitch,0,42,16,0,-27158,6105640 ns
after_local_cswitch,0,43,15,0,76795,6105640 ns
after_local_cswitch,0,44,14,0,-50775,6105640 ns
after_local_cswitch,0,45,13,0,-65754,6105640 ns
after_local_cswitch,0,46,12,0,-248185,6105640 ns
after_local_cswitch,0,47,11,0,-27568,6105640 ns
after_local_cswitch,0,48,10,0,106224,6105640 ns
after_local_cswitch,0,49,9,0,-97954,6105640 ns
after_local_cswitch,0,50,8,0,-43752,6105640 ns
after_local_cswitch,0,51,7,0,42490,6105640 ns
after_local_cswitch,0,52,6,0,-41903,6105640 ns
after_local_cswitch,0,53,5,0,43667,6105640 ns
after_local_cswitch,0,54,4,0,20018,6105640 ns
after_local_cswitch,0,55,3,0,-114779,6105640 ns
after_local_cswitch,0,56,2,0,91023,6105640 ns
after_local_cswitch,0,57,1,0,-37264,6105640 ns
after_local_cswitch,0,58,0,0,49995,6105640 ns
after_local_cswitch,0,0,26,0,-81499,6105640 ns
after_local_cswitch,0,1,25,0,-14265,6105640 ns
after_local_cswitch,0,2,24,0,-109334,6105640 ns
after_local_cswitch,0,3,23,0,130119,6105640 ns
after_local_cswitch,0,4,22,0,92716,6105640 ns
after_local_cswitch,0,5,21,0,-43504,6105640 ns
after_local_cswitch,0,6,20,0,-3689,6105640 ns
after_local_cswitch,0,7,19,0,72845,6105640 ns
after_local_cswitch,0,8,18,0,42782,6105640 ns
after_local_cswitch,0,9,17,0,-114339,6105640 ns
after_local_cswitch,0,10,16,0,49675,6105640 ns
after_local_cswitch,0,11,15,0,-23673,6105640 ns
after_local_cswitch,0,12,14,0,-27175,6105640 ns
after_local_cswitch,0,13,13,0,101095,6105640 ns
after_local_cswitch,0,14,12,0,8976,6105640 ns
after_local_cswitch,0,15,11,0,-58329,6105640 ns
after_local_cswitch,0,16,10,0,51862,6105640 ns
after_local_cswitch,0,17,9,0,-6561,6105640 ns
after_local_cswitch,0,18,8,0,-77121,6105640 ns
after_local_cswitch,0,19,7,0,105317,6105640 ns
after_local_cswitch,0,20,6,0,-34844,6105640 ns
after_local_cswitch,0,21,5,0,-33962,6105640 ns
after_local_cswitch,0,22,4,0,-116542,6105640 ns
after_local_cswitch,0,23,3,0,46277,6105640 ns
after_local_cswitch,0,24,2,0,-67413,6105640 ns
after_local_cswitch,0,25,1,0,71344,6105640 ns
after_local_cswitch,0,26,0,0,-9563,6105640 ns
after_local_cswitch,0,32,26,0,92493,6105640 ns
after_local_cswitch,0,33,25,0,-77555,6105640 ns
after_local_cswitch,0,34,24,0,-101279,6105640 ns
after_local_cswitch,0,35,23,0,-15299,6105640 ns
after_local_cswitch,0,36,22,0,15365,6105640 ns
after_local_cswitch,0,37,21,0,12627,6105640 ns
after_local_cswitch,0,38,20,0,29747,6105640 ns
after_local_cswitch,0,39,19,0,88050,6105640 ns
after_local_cswitch,0,40,18,0,28262,6105640 ns
after_local_cswitch,0,41,17,0,-95777,6105640 ns
after_local_cswitch,0,42,16,0,-27158,6105640 ns
after_local_cswitch,0,43,15,0,76795,6105640 ns
after_local_cswitch,0,44,14,0,-50775,6105640 ns
after_local_cswitch,0,45,13,0,-65754,6105640 ns
after_local_cswitch,0,46,12,0,-248185,6105640 ns
after_local_cswitch,0,47,11,0,-27568,6105640 ns
after_local_cswitch,0,48,10,0,106224,6105640 ns
after_local_cswitch,0,49,9,0,-97954,6105640 ns
after_local_cswitch,0,50,8,0,-43752,6105640 ns
after_local_cswitch,0,51,7,0,42490,6105640 ns
after_local_cswitch,0,52,6,0,-41903,6105640 ns
after_local_cswitch,0,53,5,0,43667,6105640 ns
after_local_cswitch,0,54,4,0,20018,6105640 ns
after_local_cswitch,0,55,3,0,-114779,6105640 ns
after_local_cswitch,0,56,2,0,91023,6105640 ns
after_local_cswitch,0,57,1,0,-37264,6105640 ns
after_local_cswitch,0,58,0,0,49995,6105640 ns
after_local_cswitch,0,0,27,0,23793,6105650 ns
after_local_cswitch,0,1,26,0,12759,6105650 ns
after_local_cswitch,0,2,25,0,-90892,6105650 ns
after_local_cswitch,0,3,24,0,-46619,6105650 ns
after_local_cswitch,0,4,23,0,66217,6105650 ns
after_local_cswitch,0,5,22,0,-123393,6105650 ns
after_local_cswitch,0,6,21,0,-21571,6105650 ns
after_local_cswitch,0,7,20,0,-228774,6105650 ns
after_local_cswitch,0,8,19,0,-92913,6105650 ns
after_local_cswitch,0,9,18,0,11023,6105650 ns
after_local_cswitch,0,10,17,0,47413,6105650 ns
after_local_cswitch,0,11,16,0,-54765,6105650 ns
after_local_cswitch,0,12,15,0,-146986,6105650 ns
after_local_cswitch,0,13,14,0,51794,6105650 ns
after_local_cswitch,0,14,13,0,-8754,6105650 ns
after_local_cswitch,0,15,12,0,-4765,6105650 ns
after_local_cswitch,0,16,11,0,-87166,6105650 ns
after_local_cswitch,0,17,10,0,-122527,6105650 ns
after_local_cswitch,0,18,9,0,-61096,6105650 ns
after_local_cswitch,0,19,8,0,-2766,6105650 ns
after_local_cswitch,0,20,7,0,143466,6105650 ns
after_local_cswitch,0,21,6,0,-112706,6105650 ns
after_local_cswitch,0,22,5,0,1368,6105650 ns
after_local_cswitch,0,23,4,0,88570,6105650 ns
after_local_cswitch,0,24,3,0,-54428,6105650 ns
after_local_cswitch,0,25,2,0,49419,6105650 ns
after_local_cswitch,0,26,1,0,31951,6105650 ns
after_local_cswitch,0,27,0,0,135192,6105650 ns
after_local_cswitch,0,32,27,0,-153279,6105650 ns
after_local_cswitch,0,33,26,0,-47092,6105650 ns
after_local_cswitch,0,34,25,0,86220,6105650 ns
after_local_cswitch,0,35,24,0,-114212,6105650 ns
after_local_cswitch,0,36,23,0,37315,6105650 ns
after_local_cswitch,0,37,22,0,-6448,6105650 ns
after_local_cswitch,0,38,21,0,64098,6105650 ns
after_local_cswitch,0,39,20,0,-32544,6105650 ns
after_local_cswitch,0,40,19,0,-7638,6105650 ns
after_local_cswitch,0,41,18,0,146858,6105650 ns
after_local_cswitch,0,42,17,0,31729,6105650 ns
after_local_cswitch,0,43,16,0,48576,6105650 ns
after_local_cswitch,0,44,15,0,31257,6105650 ns
after_local_cswitch,0,45,14,0,12162,6105650 ns
after_local_cswitch,0,46,13,0,46729,6105650 ns
after_local_cswitch,0,47,12,0,-20818,6105650 ns
after_local_cswitch,0,48,11,0,14349,6105650 ns
after_local_cswitch,0,49,10,0,143108,6105650 ns
after_local_cswitch,0,50,9,0,102690,6105650 ns
after_local_cswitch,0,51,8,0,-29266,6105650 ns
after_local_cswitch,0,52,7,0,-185311,6105650 ns
after_local_cswitch,0,53,6,0,-26773,6105650 ns
after_local_cswitch,0,54,5,0,67207,6105650 ns
after_local_cswitch,0,55,4,0,-42667,6105650 ns
after_local_cswitch,0,56,3,0,893,6105650 ns
after_local_cswitch,0,57,2,0,-128487,6105650 ns
after_local_cswitch,0,58,1,0,29044,6105650 ns
after_local_cswitch,0,59,0,0,-91131,6105650 ns
after_local_cswitch,0,0,27,0,23793,6105650 ns
after_local_cswitch,0,1,26,0,12759,6105650 ns
after_local_cswitch,0,2,25,0,-90892,6105650 ns
after_local_cswitch,0,3,24,0,-46619,6105650 ns
after_local_cswitch,0,4,23,0,66217,6105650 ns
after_local_cswitch,0,5,22,0,-123393,6105650 ns
after_local_cswitch,0,6,21,0,-21571,6105650 ns
after_local_cswitch,0,7,20,0,-228774,6105650 ns
after_local_cswitch,0,8,19,0,-92913,6105650 ns
after_local_cswitch,0,9,18,0,11023,6105650 ns
after_local_cswitch,0,10,17,0,47413,6105650 ns
after_local_cswitch,0,11,16,0,-54765,6105650 ns
after_local_cswitch,0,12,15,0,-146986,6105650 ns
after_local_cswitch,0,13,14,0,51794,6105650 ns
after_local_cswitch,0,14,13,0,-8754,6105650 ns
after_local_cswitch,0,15,12,0,-4765,6105650 ns
after_local_cswitch,0,16,11,0,-87166,6105650 ns
after_local_cswitch,0,17,10,0,-122527,6105650 ns
after_local_cswitch,0,18,9,0,-61096,6105650 ns
after_local_cswitch,0,19,8,0,-2766,6105650 ns
after_local_cswitch,0,20,7,0,143466,6105650 ns
after_local_cswitch,0,21,6,0,-112706,6105650 ns
after_local_cswitch,0,22,5,0,1368,6105650 ns
after_local_cswitch,0,23,4,0,88570,6105650 ns
after_local_cswitch,0,24,3,0,-54428,6105650 ns
after_local_cswitch,0,25,2,0,49419,6105650 ns
after_local_cswitch,0,26,1,0,31951,6105650 ns
after_local_cswitch,0,27,0,0,135192,6105650 ns
after_local_cswitch,0,32,27,0,-153279,6105650 ns
after_local_cswitch,0,33,26,0,-47092,6105650 ns
after_local_cswitch,0,34,25,0,86220,6105650 ns
after_local_cswitch,0,35,24,0,-114212,6105650 ns
after_local_cswitch,0,36,23,0,37315,6105650 ns
after_local_cswitch,0,37,22,0,-6448,6105650 ns
after_local_cswitch,0,38,21,0,64098,6105650 ns
after_local_cswitch,0,39,20,0,-32544,6105650 ns
after_local_cswitch,0,40,19,0,-7638,6105650 ns
after_local_cswitch,0,41,18,0,146858,6105650 ns
after_local_cswitch,0,42,17,0,31729,6105650 ns
after_local_cswitch,0,43,16,0,48576,6105650 ns
after_local_cswitch,0,44,15,0,31257,6105650 ns
after_local_cswitch,0,45,14,0,12162,6105650 ns
after_local_cswitch,0,46,13,0,46729,6105650 ns
after_local_cswitch,0,47,12,0,-20818,6105650 ns
after_local_cswitch,0,48,11,0,14349,6105650 ns
after_local_cswitch,0,49,10,0,143108,6105650 ns
after_local_cswitch,0,50,9,0,102690,6105650 ns
after_local_cswitch,0,51,8,0,-29266,6105650 ns
after_local_cswitch,0,52,7,0,-185311,6105650 ns
after_local_cswitch,0,53,6,0,-26773,6105650 ns
after_local_cswitch,0,54,5,0,67207,6105650 ns
after_local_cswitch,0,55,4,0,-42667,6105650 ns
after_local_cswitch,0,56,3,0,893,6105650 ns
after_local_cswitch,0,57,2,0,-128487,6105650 ns
after_local_cswitch,0,58,1,0,29044,6105650 ns
after_local_cswitch,0,59,0,0,-91131,6105650 ns
after_local_cswitch,0,0,27,0,23793,6105650 ns
after_local_cswitch,0,1,26,0,12759,6105650 ns
after_local_cswitch,0,2,25,0,-90892,6105650 ns
after_local_cswitch,0,3,24,0,-46619,6105650 ns
after_local_cswitch,0,4,23,0,66217,6105650 ns
after_local_cswitch,0,5,22,0,-123393,6105650 ns
after_local_cswitch,0,6,21,0,-21571,6105650 ns
after_local_cswitch,0,7,20,0,-228774,6105650 ns
after_local_cswitch,0,8,19,0,-92913,6105650 ns
after_local_cswitch,0,9,18,0,11023,6105650 ns
after_local_cswitch,0,10,17,0,47413,6105650 ns
after_local_cswitch,0,11,16,0,-54765,6105650 ns
after_local_cswitch,0,12,15,0,-146986,6105650 ns
after_local_cswitch,0,13,14,0,51794,6105650 ns
after_local_cswitch,0,14,13,0,-8754,6105650 ns
after_local_cswitch,0,15,12,0,-4765,6105650 ns
after_local_cswitch,0,16,11,0,-87166,6105650 ns
after_local_cswitch,0,17,10,0,-122527,6105650 ns
after_local_cswitch,0,18,9,0,-61096,6105650 ns
after_local_cswitch,0,19,8,0,-2766,6105650 ns
after_local_cswitch,0,20,7,0,143466,6105650 ns
after_local_cswitch,0,21,6,0,-112706,6105650 ns
after_local_cswitch,0,22,5,0,1368,6105650 ns
after_local_cswitch,0,23,4,0,88570,6105650 ns
after_local_cswitch,0,24,3,0,-54428,6105650 ns
after_local_cswitch,0,25,2,0,49419,6105650 ns
after_local_cswitch,0,26,1,0,31951,6105650 ns
after_local_cswitch,0,27,0,0,135192,6105650 ns
after_local_cswitch,0,32,27,0,-153279,6105650 ns
after_local_cswitch,0,33,26,0,-47092,6105650 ns
after_local_cswitch,0,34,25,0,86220,6105650 ns
after_local_cswitch,0,35,24,0,-114212,6105650 ns
after_local_cswitch,0,36,23,0,37315,6105650 ns
after_local_cswitch,0,37,22,0,-6448,6105650 ns
after_local_cswitch,0,38,21,0,64098,6105650 ns
after_local_cswitch,0,39,20,0,-32544,6105650 ns
after_local_cswitch,0,40,19,0,-7638,6105650 ns
after_local_cswitch,0,41,18,0,146858,6105650 ns
after_local_cswitch,0,42,17,0,31729,6105650 ns
after_local_cswitch,0,43,16,0,48576,6105650 ns
after_local_cswitch,0,44,15,0,31257,6105650 ns
after_local_cswitch,0,45,14,0,12162,6105650 ns
after_local_cswitch,0,46,13,0,46729,6105650 ns
after_local_cswitch,0,47,12,0,-20818,6105650 ns
after_local_cswitch,0,48,11,0,14349,6105650 ns
after_local_cswitch,0,49,10,0,143108,6105650 ns
after_local_cswitch,0,50,9,0,102690,6105650 ns
after_local_cswitch,0,51,8,0,-29266,6105650 ns
after_local_cswitch,0,52,7,0,-185311,6105650 ns
after_local_cswitch,0,53,6,0,-26773,6105650 ns
after_local_cswitch,0,54,5,0,67207,6105650 ns
after_local_cswitch,0,55,4,0,-42667,6105650 ns
after_local_cswitch,0,56,3,0,893,6105650 ns
after_local_cswitch,0,57,2,0,-128487,6105650 ns
after_local_cswitch,0,58,1,0,29044,6105650 ns
after_local_cswitch,0,59,0,0,-91131,6105650 ns
after_local_cswitch,0,0,28,0,51654,6105660 ns
after_local_cswitch,0,1,27,0,-48013,6105660 ns
after_local_cswitch,0,2,26,0,-178134,6105660 ns
after_local_cswitch,0,3,25,0,-97367,6105660 ns
after_local_cswitch,0,4,24,0,-92105,6105660 ns
after_local_cswitch,0,5,23,0,-105940,6105660 ns
after_local_cswitch,0,6,22,0,100346,6105660 ns
after_local_cswitch,0,7,21,0,95713,6105660 ns
after_local_cswitch,0,8,20,0,-128138,6105660 ns
after_local_cswitch,0,9,19,0,43707,6105660 ns
after_local_cswitch,0,10,18,0,-83229,6105660 ns
after_local_cswitch,0,11,17,0,44075,6105660 ns
after_local_cswitch,0,12,16,0,-8209,6105660 ns
after_local_cswitch,0,13,15,0,-100331,6105660 ns
after_local_cswitch,0,14,14,0,-108669,6105660 ns
after_local_cswitch,0,15,13,0,75931,6105660 ns
after_local_cswitch,0,16,12,0,-102344,6105660 ns
after_local_cswitch,0,17,11,0,-134630,6105660 ns
after_local_cswitch,0,18,10,0,108926,6105660 ns
after_local_cswitch,0,19,9,0,56079,6105660 ns
after_local_cswitch,0,20,8,0,-15152,6105660 ns
after_local_cswitch,0,21,7,0,-4917,6105660 ns
after_local_cswitch,0,22,6,0,10709,6105660 ns
after_local_cswitch,0,23,5,0,-25272,6105660 ns
after_local_cswitch,0,24,4,0,43200,6105660 ns
after_local_cswitch,0,25,3,0,-43766,6105660 ns
after_local_cswitch,0,26,2,0,108678,6105660 ns
after_local_cswitch,0,27,1,0,56293,6105660 ns
after_local_cswitch,0,28,0,0,105343,6105660 ns
after_local_cswitch,0,32,28,0,-32170,6105660 ns
after_local_cswitch,0,33,27,0,53670,6105660 ns
after_local_cswitch,0,34,26,0,97271,6105660 ns
after_local_cswitch,0,35,25,0,-61593,6105660 ns
after_local_cswitch,0,36,24,0,-18915,6105660 ns
after_local_cswitch,0,37,23,0,104880,6105660 ns
after_local_cswitch,0,38,22,0,-95736,6105660 ns
after_local_cswitch,0,39,21,0,169628,6105660 ns
after_local_cswitch,0,40,20,0,53395,6105660 ns
after_local_cswitch,0,41,19,0,258491,6105660 ns
after_local_cswitch,0,42,18,0,13792,6105660 ns
after_local_cswitch,0,43,17,0,-37591,6105660 ns
after_local_cswitch,0,44,16,0,-41005,6105660 ns
after_local_cswitch,0,45,15,0,-113802,6105660 ns
after_local_cswitch,0,46,14,0,12884,6105660 ns
after_local_cswitch,0,47,13,0,109716,6105660 ns
after_local_cswitch,0,48,12,0,39693,6105660 ns
after_local_cswitch,0,49,11,0,-104892,6105660 ns
after_local_cswitch,0,50,10,0,-68622,6105660 ns
after_local_cswitch,0,51,9,0,-3150,6105660 ns
after_local_cswitch,0,52,8,0,45014,6105660 ns
after_local_cswitch,0,53,7,0,70674,6105660 ns
after_local_cswitch,0,54,6,0,3035,6105660 ns
after_local_cswitch,0,55,5,0,-37449,6105660 ns
after_local_cswitch,0,56,4,0,-4254,6105660 ns
after_local_cswitch,0,57,3,0,-13688,6105660 ns
after_local_cswitch,0,58,2,0,46965,6105660 ns
after_local_cswitch,0,59,1,0,-22986,6105660 ns
after_local_cswitch,0,60,0,0,-79483,6105660 ns
after_local_cswitch,0,0,28,0,51654,6105660 ns
after_local_cswitch,0,1,27,0,-48013,6105660 ns
after_local_cswitch,0,2,26,0,-178134,6105660 ns
after_local_cswitch,0,3,25,0,-97367,6105660 ns
after_local_cswitch,0,4,24,0,-92105,6105660 ns
after_local_cswitch,0,5,23,0,-105940,6105660 ns
after_local_cswitch,0,6,22,0,100346,6105660 ns
after_local_cswitch,0,7,21,0,95713,6105660 ns
after_local_cswitch,0,8,20,0,-128138,6105660 ns
after_local_cswitch,0,9,19,0,43707,6105660 ns
after_local_cswitch,0,10,18,0,-83229,6105660 ns
after_local_cswitch,0,11,17,0,44075,6105660 ns
after_local_cswitch,0,12,16,0,-8209,6105660 ns
after_local_cswitch,0,13,15,0,-100331,6105660 ns
after_local_cswitch,0,14,14,0,-108669,6105660 ns
after_local_cswitch,0,15,13,0,75931,6105660 ns
after_local_cswitch,0,16,12,0,-102344,6105660 ns
after_local_cswitch,0,17,11,0,-134630,6105660 ns
after_local_cswitch,0,18,10,0,108926,6105660 ns
after_local_cswitch,0,19,9,0,56079,6105660 ns
after_local_cswitch,0,20,8,0,-15152,6105660 ns
after_local_cswitch,0,21,7,0,-4917,6105660 ns
after_local_cswitch,0,22,6,0,10709,6105660 ns
after_local_cswitch,0,23,5,0,-25272,6105660 ns
after_local_cswitch,0,24,4,0,43200,6105660 ns
after_local_cswitch,0,25,3,0,-43766,6105660 ns
after_local_cswitch,0,26,2,0,108678,6105660 ns
after_local_cswitch,0,27,1,0,56293,6105660 ns
after_local_cswitch,0,28,0,0,105343,6105660 ns
after_local_cswitch,0,32,28,0,-32170,6105660 ns
after_local_cswitch,0,33,27,0,53670,6105660 ns
after_local_cswitch,0,34,26,0,97271,6105660 ns
after_local_cswitch,0,35,25,0,-61593,6105660 ns
after_local_cswitch,0,36,24,0,-18915,6105660 ns
after_local_cswitch,0,37,23,0,104880,6105660 ns
after_local_cswitch,0,38,22,0,-95736,6105660 ns
after_local_cswitch,0,39,21,0,169628,6105660 ns
after_local_cswitch,0,40,20,0,53395,6105660 ns
after_local_cswitch,0,41,19,0,258491,6105660 ns
after_local_cswitch,0,42,18,0,13792,6105660 ns
after_local_cswitch,0,43,17,0,-37591,6105660 ns
after_local_cswitch,0,44,16,0,-41005,6105660 ns
after_local_cswitch,0,45,15,0,-113802,6105660 ns
after_local_cswitch,0,46,14,0,12884,6105660 ns
after_local_cswitch,0,47,13,0,109716,6105660 ns
after_local_cswitch,0,48,12,0,39693,6105660 ns
after_local_cswitch,0,49,11,0,-104892,6105660 ns
after_local_cswitch,0,50,10,0,-68622,6105660 ns
after_local_cswitch,0,51,9,0,-3150,6105660 ns
after_local_cswitch,0,52,8,0,45014,6105660 ns
after_local_cswitch,0,53,7,0,70674,6105660 ns
after_local_cswitch,0,54,6,0,3035,6105660 ns
after_local_cswitch,0,55,5,0,-37449,6105660 ns
after_local_cswitch,0,56,4,0,-4254,6105660 ns
after_local_cswitch,0,57,3,0,-13688,6105660 ns
after_local_cswitch,0,58,2,0,46965,6105660 ns
after_local_cswitch,0,59,1,0,-22986,6105660 ns
after_local_cswitch,0,60,0,0,-79483,6105660 ns
after_local_cswitch,0,0,28,0,51654,6105660 ns
after_local_cswitch,0,1,27,0,-48013,6105660 ns
after_local_cswitch,0,2,26,0,-178134,6105660 ns
after_local_cswitch,0,3,25,0,-97367,6105660 ns
after_local_cswitch,0,4,24,0,-92105,6105660 ns
after_local_cswitch,0,5,23,0,-105940,6105660 ns
after_local_cswitch,0,6,22,0,100346,6105660 ns
after_local_cswitch,0,7,21,0,95713,6105660 ns
after_local_cswitch,0,8,20,0,-128138,6105660 ns
after_local_cswitch,0,9,19,0,43707,6105660 ns
after_local_cswitch,0,10,18,0,-83229,6105660 ns
after_local_cswitch,0,11,17,0,44075,6105660 ns
after_local_cswitch,0,12,16,0,-8209,6105660 ns
after_local_cswitch,0,13,15,0,-100331,6105660 ns
after_local_cswitch,0,14,14,0,-108669,6105660 ns
after_local_cswitch,0,15,13,0,75931,6105660 ns
after_local_cswitch,0,16,12,0,-102344,6105660 ns
after_local_cswitch,0,17,11,0,-134630,6105660 ns
after_local_cswitch,0,18,10,0,108926,6105660 ns
after_local_cswitch,0,19,9,0,56079,6105660 ns
after_local_cswitch,0,20,8,0,-15152,6105660 ns
after_local_cswitch,0,21,7,0,-4917,6105660 ns
after_local_cswitch,0,22,6,0,10709,6105660 ns
after_local_cswitch,0,23,5,0,-25272,6105660 ns
after_local_cswitch,0,24,4,0,43200,6105660 ns
after_local_cswitch,0,25,3,0,-43766,6105660 ns
after_local_cswitch,0,26,2,0,108678,6105660 ns
after_local_cswitch,0,27,1,0,56293,6105660 ns
after_local_cswitch,0,28,0,0,105343,6105660 ns
after_local_cswitch,0,32,28,0,-32170,6105660 ns
after_local_cswitch,0,33,27,0,53670,6105660 ns
after_local_cswitch,0,34,26,0,97271,6105660 ns
after_local_cswitch,0,35,25,0,-61593,6105660 ns
after_local_cswitch,0,36,24,0,-18915,6105660 ns
after_local_cswitch,0,37,23,0,104880,6105660 ns
after_local_cswitch,0,38,22,0,-95736,6105660 ns
after_local_cswitch,0,39,21,0,169628,6105660 ns
after_local_cswitch,0,40,20,0,53395,6105660 ns
after_local_cswitch,0,41,19,0,258491,6105660 ns
after_local_cswitch,0,42,18,0,13792,6105660 ns
after_local_cswitch,0,43,17,0,-37591,6105660 ns
after_local_cswitch,0,44,16,0,-41005,6105660 ns
after_local_cswitch,0,45,15,0,-113802,6105660 ns
after_local_cswitch,0,46,14,0,12884,6105660 ns
after_local_cswitch,0,47,13,0,109716,6105660 ns
after_local_cswitch,0,48,12,0,39693,6105660 ns
after_local_cswitch,0,49,11,0,-104892,6105660 ns
after_local_cswitch,0,50,10,0,-68622,6105660 ns
after_local_cswitch,0,51,9,0,-3150,6105660 ns
after_local_cswitch,0,52,8,0,45014,6105660 ns
after_local_cswitch,0,53,7,0,70674,6105660 ns
after_local_cswitch,0,54,6,0,3035,6105660 ns
after_local_cswitch,0,55,5,0,-37449,6105660 ns
after_local_cswitch,0,56,4,0,-4254,6105660 ns
after_local_cswitch,0,57,3,0,-13688,6105660 ns
after_local_cswitch,0,58,2,0,46965,6105660 ns
after_local_cswitch,0,59,1,0,-22986,6105660 ns
after_local_cswitch,0,60,0,0,-79483,6105660 ns
after_local_cswitch,0,0,29,0,20472,6105670 ns
after_local_cswitch,0,1,28,0,127692,6105670 ns
after_local_cswitch,0,2,27,0,-104524,6105670 ns
after_local_cswitch,0,3,26,0,-7529,6105670 ns
after_local_cswitch,0,4,25,0,-131038,6105670 ns
after_local_cswitch,0,5,24,0,-1415,6105670 ns
after_local_cswitch,0,6,23,0,-82258,6105670 ns
after_local_cswitch,0,7,22,0,-18367,6105670 ns
after_local_cswitch,0,8,21,0,12264,6105670 ns
after_local_cswitch,0,9,20,0,15225,6105670 ns
after_local_cswitch,0,10,19,0,-476,6105670 ns
after_local_cswitch,0,11,18,0,149127,6105670 ns
after_local_cswitch,0,12,17,0,99679,6105670 ns
after_local_cswitch,0,13,16,0,77349,6105670 ns
after_local_cswitch,0,14,15,0,29751,6105670 ns
after_local_cswitch,0,15,14,0,58003,6105670 ns
after_local_cswitch,0,16,13,0,-67240,6105670 ns
after_local_cswitch,0,17,12,0,-83437,6105670 ns
after_local_cswitch,0,18,11,0,-136854,6105670 ns
after_local_cswitch,0,19,10,0,45442,6105670 ns
after_local_cswitch,0,20,9,0,9203,6105670 ns
after_local_cswitch,0,21,8,0,21464,6105670 ns
after_local_cswitch,0,22,7,0,-16838,6105670 ns
after_local_cswitch,0,23,6,0,-42009,6105670 ns
after_local_cswitch,0,24,5,0,-24220,6105670 ns
after_local_cswitch,0,25,4,0,-103619,6105670 ns
after_local_cswitch,0,26,3,0,91073,6105670 ns
after_local_cswitch,0,27,2,0,-3210,6105670 ns
after_local_cswitch,0,28,1,0,-31318,6105670 ns
after_local_cswitch,0,29,0,0,-162839,6105670 ns
after_local_cswitch,0,32,29,0,-143946,6105670 ns
after_local_cswitch,0,33,28,0,-36067,6105670 ns
after_local_cswitch,0,34,27,0,192816,6105670 ns
after_local_cswitch,0,35,26,0,-82087,6105670 ns
after_local_cswitch,0,36,25,0,-42725,6105670 ns
after_local_cswitch,0,37,24,0,-109464,6105670 ns
after_local_cswitch,0,38,23,0,59258,6105670 ns
after_local_cswitch,0,39,22,0,94028,6105670 ns
after_local_cswitch,0,40,21,0,43354,6105670 ns
after_local_cswitch,0,41,20,0,47445,6105670 ns
after_local_cswitch,0,42,19,0,57497,6105670 ns
after_local_cswitch,0,43,18,0,48135,6105670 ns
after_local_cswitch,0,44,17,0,103664,6105670 ns
after_local_cswitch,0,45,16,0,-97488,6105670 ns
after_local_cswitch,0,46,15,0,30153,6105670 ns
after_local_cswitch,0,47,14,0,-133281,6105670 ns
after_local_cswitch,0,48,13,0,-65230,6105670 ns
after_local_cswitch,0,49,12,0,-26240,6105670 ns
after_local_cswitch,0,50,11,0,-135681,6105670 ns
after_local_cswitch,0,51,10,0,8987,6105670 ns
after_local_cswitch,0,52,9,0,88756,6105670 ns
after_local_cswitch,0,53,8,0,73349,6105670 ns
after_local_cswitch,0,54,7,0,-42879,6105670 ns
after_local_cswitch,0,55,6,0,27786,6105670 ns
after_local_cswitch,0,56,5,0,5922,6105670 ns
after_local_cswitch,0,57,4,0,-95246,6105670 ns
after_local_cswitch,0,58,3,0,-24500,6105670 ns
after_local_cswitch,0,59,2,0,-35804,6105670 ns
after_local_cswitch,0,60,1,0,-86097,6105670 ns
after_local_cswitch,0,61,0,0,3347,6105670 ns
after_local_cswitch,0,0,29,0,20472,6105670 ns
after_local_cswitch,0,1,28,0,127692,6105670 ns
after_local_cswitch,0,2,27,0,-104524,6105670 ns
after_local_cswitch,0,3,26,0,-7529,6105670 ns
after_local_cswitch,0,4,25,0,-131038,6105670 ns
after_local_cswitch,0,5,24,0,-1415,6105670 ns
after_local_cswitch,0,6,23,0,-82258,6105670 ns
after_local_cswitch,0,7,22,0,-18367,6105670 ns
after_local_cswitch,0,8,21,0,12264,6105670 ns
after_local_cswitch,0,9,20,0,15225,6105670 ns
after_local_cswitch,0,10,19,0,-476,6105670 ns
after_local_cswitch,0,11,18,0,149127,6105670 ns
after_local_cswitch,0,12,17,0,99679,6105670 ns
after_local_cswitch,0,13,16,0,77349,6105670 ns
after_local_cswitch,0,14,15,0,29751,6105670 ns
after_local_cswitch,0,15,14,0,58003,6105670 ns
after_local_cswitch,0,16,13,0,-67240,6105670 ns
after_local_cswitch,0,17,12,0,-83437,6105670 ns
after_local_cswitch,0,18,11,0,-136854,6105670 ns
after_local_cswitch,0,19,10,0,45442,6105670 ns
after_local_cswitch,0,20,9,0,9203,6105670 ns
after_local_cswitch,0,21,8,0,21464,6105670 ns
after_local_cswitch,0,22,7,0,-16838,6105670 ns
after_local_cswitch,0,23,6,0,-42009,6105670 ns
after_local_cswitch,0,24,5,0,-24220,6105670 ns
after_local_cswitch,0,25,4,0,-103619,6105670 ns
after_local_cswitch,0,26,3,0,91073,6105670 ns
after_local_cswitch,0,27,2,0,-3210,6105670 ns
after_local_cswitch,0,28,1,0,-31318,6105670 ns
after_local_cswitch,0,29,0,0,-162839,6105670 ns
after_local_cswitch,0,32,29,0,-143946,6105670 ns
after_local_cswitch,0,33,28,0,-36067,6105670 ns
after_local_cswitch,0,34,27,0,192816,6105670 ns
after_local_cswitch,0,35,26,0,-82087,6105670 ns
after_local_cswitch,0,36,25,0,-42725,6105670 ns
after_local_cswitch,0,37,24,0,-109464,6105670 ns
after_local_cswitch,0,38,23,0,59258,6105670 ns
after_local_cswitch,0,39,22,0,94028,6105670 ns
after_local_cswitch,0,40,21,0,43354,6105670 ns
after_local_cswitch,0,41,20,0,47445,6105670 ns
after_local_cswitch,0,42,19,0,57497,6105670 ns
after_local_cswitch,0,43,18,0,48135,6105670 ns
after_local_cswitch,0,44,17,0,103664,6105670 ns
after_local_cswitch,0,45,16,0,-97488,6105670 ns
after_local_cswitch,0,46,15,0,30153,6105670 ns
after_local_cswitch,0,47,14,0,-133281,6105670 ns
after_local_cswitch,0,48,13,0,-65230,6105670 ns
after_local_cswitch,0,49,12,0,-26240,6105670 ns
after_local_cswitch,0,50,11,0,-135681,6105670 ns
after_local_cswitch,0,51,10,0,8987,6105670 ns
after_local_cswitch,0,52,9,0,88756,6105670 ns
after_local_cswitch,0,53,8,0,73349,6105670 ns
after_local_cswitch,0,54,7,0,-42879,6105670 ns
after_local_cswitch,0,55,6,0,27786,6105670 ns
after_local_cswitch,0,56,5,0,5922,6105670 ns
after_local_cswitch,0,57,4,0,-95246,6105670 ns
after_local_cswitch,0,58,3,0,-24500,6105670 ns
after_local_cswitch,0,59,2,0,-35804,6105670 ns
after_local_cswitch,0,60,1,0,-86097,6105670 ns
after_local_cswitch,0,61,0,0,3347,6105670 ns
after_local_cswitch,0,0,29,0,20472,6105670 ns
after_local_cswitch,0,1,28,0,127692,6105670 ns
after_local_cswitch,0,2,27,0,-104524,6105670 ns
after_local_cswitch,0,3,26,0,-7529,6105670 ns
after_local_cswitch,0,4,25,0,-131038,6105670 ns
after_local_cswitch,0,5,24,0,-1415,6105670 ns
after_local_cswitch,0,6,23,0,-82258,6105670 ns
after_local_cswitch,0,7,22,0,-18367,6105670 ns
after_local_cswitch,0,8,21,0,12264,6105670 ns
after_local_cswitch,0,9,20,0,15225,6105670 ns
after_local_cswitch,0,10,19,0,-476,6105670 ns
after_local_cswitch,0,11,18,0,149127,6105670 ns
after_local_cswitch,0,12,17,0,99679,6105670 ns
after_local_cswitch,0,13,16,0,77349,6105670 ns
after_local_cswitch,0,14,15,0,29751,6105670 ns
after_local_cswitch,0,15,14,0,58003,6105670 ns
after_local_cswitch,0,16,13,0,-67240,6105670 ns
after_local_cswitch,0,17,12,0,-83437,6105670 ns
after_local_cswitch,0,18,11,0,-136854,6105670 ns
after_local_cswitch,0,19,10,0,45442,6105670 ns
after_local_cswitch,0,20,9,0,9203,6105670 ns
after_local_cswitch,0,21,8,0,21464,6105670 ns
after_local_cswitch,0,22,7,0,-16838,6105670 ns
after_local_cswitch,0,23,6,0,-42009,6105670 ns
after_local_cswitch,0,24,5,0,-24220,6105670 ns
after_local_cswitch,0,25,4,0,-103619,6105670 ns
after_local_cswitch,0,26,3,0,91073,6105670 ns
after_local_cswitch,0,27,2,0,-3210,6105670 ns
after_local_cswitch,0,28,1,0,-31318,6105670 ns
after_local_cswitch,0,29,0,0,-162839,6105670 ns
after_local_cswitch,0,32,29,0,-143946,6105670 ns
after_local_cswitch,0,33,28,0,-36067,6105670 ns
after_local_cswitch,0,34,27,0,192816,6105670 ns
after_local_cswitch,0,35,26,0,-82087,6105670 ns
after_local_cswitch,0,36,25,0,-42725,6105670 ns
after_local_cswitch,0,37,24,0,-109464,6105670 ns
after_local_cswitch,0,38,23,0,59258,6105670 ns
after_local_cswitch,0,39,22,0,94028,6105670 ns
after_local_cswitch,0,40,21,0,43354,6105670 ns
after_local_cswitch,0,41,20,0,47445,6105670 ns
after_local_cswitch,0,42,19,0,57497,6105670 ns
after_local_cswitch,0,43,18,0,48135,6105670 ns
after_local_cswitch,0,44,17,0,103664,6105670 ns
after_local_cswitch,0,45,16,0,-97488,6105670 ns
after_local_cswitch,0,46,15,0,30153,6105670 ns
after_local_cswitch,0,47,14,0,-133281,6105670 ns
after_local_cswitch,0,48,13,0,-65230,6105670 ns
after_local_cswitch,0,49,12,0,-26240,6105670 ns
after_local_cswitch,0,50,11,0,-135681,6105670 ns
after_local_cswitch,0,51,10,0,8987,6105670 ns
after_local_cswitch,0,52,9,0,88756,6105670 ns
after_local_cswitch,0,53,8,0,73349,6105670 ns
after_local_cswitch,0,54,7,0,-42879,6105670 ns
after_local_cswitch,0,55,6,0,27786,6105670 ns
after_local_cswitch,0,56,5,0,5922,6105670 ns
after_local_cswitch,0,57,4,0,-95246,6105670 ns
after_local_cswitch,0,58,3,0,-24500,6105670 ns
after_local_cswitch,0,59,2,0,-35804,6105670 ns
after_local_cswitch,0,60,1,0,-86097,6105670 ns
after_local_cswitch,0,61,0,0,3347,6105670 ns
after_local_cswitch,0,0,30,0,-84414,6105680 ns
after_local_cswitch,0,1,29,0,-37285,6105680 ns
after_local_cswitch,0,2,28,0,55864,6105680 ns
after_local_cswitch,0,3,27,0,68186,6105680 ns
after_local_cswitch,0,4,26,0,74226,6105680 ns
after_local_cswitch,0,5,25,0,51669,6105680 ns
after_local_cswitch,0,6,24,0,-25645,6105680 ns
after_local_cswitch,0,7,23,0,67795,6105680 ns
after_local_cswitch,0,8,22,0,-35859,6105680 ns
after_local_cswitch,0,9,21,0,31032,6105680 ns
after_local_cswitch,0,10,20,0,-146248,6105680 ns
after_local_cswitch,0,11,19,0,36685,6105680 ns
after_local_cswitch,0,12,18,0,-97925,6105680 ns
after_local_cswitch,0,13,17,0,127850,6105680 ns
after_local_cswitch,0,14,16,0,76820,6105680 ns
after_local_cswitch,0,15,15,0,-38374,6105680 ns
after_local_cswitch,0,16,14,0,31760,6105680 ns
after_local_cswitch,0,17,13,0,-115852,6105680 ns
after_local_cswitch,0,18,12,0,-52023,6105680 ns
after_local_cswitch,0,19,11,0,-147483,6105680 ns
after_local_cswitch,0,20,10,0,-37455,6105680 ns
after_local_cswitch,0,21,9,0,-26914,6105680 ns
after_local_cswitch,0,22,8,0,13485,6105680 ns
after_local_cswitch,0,23,7,0,-59005,6105680 ns
after_local_cswitch,0,24,6,0,86885,6105680 ns
after_local_cswitch,0,25,5,0,-75850,6105680 ns
after_local_cswitch,0,26,4,0,44339,6105680 ns
after_local_cswitch,0,27,3,0,-77193,6105680 ns
after_local_cswitch,0,28,2,0,-60990,6105680 ns
after_local_cswitch,0,29,1,0,70567,6105680 ns
after_local_cswitch,0,30,0,0,13857,6105680 ns
after_local_cswitch,0,32,30,0,204480,6105680 ns
after_local_cswitch,0,33,29,0,-95571,6105680 ns
after_local_cswitch,0,34,28,0,73860,6105680 ns
after_local_cswitch,0,35,27,0,21316,6105680 ns
after_local_cswitch,0,36,26,0,44353,6105680 ns
after_local_cswitch,0,37,25,0,20068,6105680 ns
after_local_cswitch,0,38,24,0,62454,6105680 ns
after_local_cswitch,0,39,23,0,66722,6105680 ns
after_local_cswitch,0,40,22,0,-89038,6105680 ns
after_local_cswitch,0,41,21,0,-58870,6105680 ns
after_local_cswitch,0,42,20,0,-75379,6105680 ns
after_local_cswitch,0,43,19,0,196263,6105680 ns
after_local_cswitch,0,44,18,0,-87779,6105680 ns
after_local_cswitch,0,45,17,0,-72159,6105680 ns
after_local_cswitch,0,46,16,0,21698,6105680 ns
after_local_cswitch,0,47,15,0,25515,6105680 ns
after_local_cswitch,0,48,14,0,104814,6105680 ns
after_local_cswitch,0,49,13,0,44268,6105680 ns
after_local_cswitch,0,50,12,0,64258,6105680 ns
after_local_cswitch,0,51,11,0,-77973,6105680 ns
after_local_cswitch,0,52,10,0,205349,6105680 ns
after_local_cswitch,0,53,9,0,53478,6105680 ns
after_local_cswitch,0,54,8,0,-64856,6105680 ns
after_local_cswitch,0,55,7,0,101822,6105680 ns
after_local_cswitch,0,56,6,0,-86710,6105680 ns
after_local_cswitch,0,57,5,0,-43618,6105680 ns
after_local_cswitch,0,58,4,0,-61753,6105680 ns
after_local_cswitch,0,59,3,0,194928,6105680 ns
after_local_cswitch,0,60,2,0,-75501,6105680 ns
after_local_cswitch,0,61,1,0,-6753,6105680 ns
after_local_cswitch,0,62,0,0,-66248,6105680 ns
after_local_cswitch,0,0,30,0,-84414,6105680 ns
after_local_cswitch,0,1,29,0,-37285,6105680 ns
after_local_cswitch,0,2,28,0,55864,6105680 ns
after_local_cswitch,0,3,27,0,68186,6105680 ns
after_local_cswitch,0,4,26,0,74226,6105680 ns
after_local_cswitch,0,5,25,0,51669,6105680 ns
after_local_cswitch,0,6,24,0,-25645,6105680 ns
after_local_cswitch,0,7,23,0,67795,6105680 ns
after_local_cswitch,0,8,22,0,-35859,6105680 ns
after_local_cswitch,0,9,21,0,31032,6105680 ns
after_local_cswitch,0,10,20,0,-146248,6105680 ns
after_local_cswitch,0,11,19,0,36685,6105680 ns
after_local_cswitch,0,12,18,0,-97925,6105680 ns
after_local_cswitch,0,13,17,0,127850,6105680 ns
after_local_cswitch,0,14,16,0,76820,6105680 ns
after_local_cswitch,0,15,15,0,-38374,6105680 ns
after_local_cswitch,0,16,14,0,31760,6105680 ns
after_local_cswitch,0,17,13,0,-115852,6105680 ns
after_local_cswitch,0,18,12,0,-52023,6105680 ns
after_local_cswitch,0,19,11,0,-147483,6105680 ns
after_local_cswitch,0,20,10,0,-37455,6105680 ns
after_local_cswitch,0,21,9,0,-26914,6105680 ns
after_local_cswitch,0,22,8,0,13485,6105680 ns
after_local_cswitch,0,23,7,0,-59005,6105680 ns
after_local_cswitch,0,24,6,0,86885,6105680 ns
after_local_cswitch,0,25,5,0,-75850,6105680 ns
after_local_cswitch,0,26,4,0,44339,6105680 ns
after_local_cswitch,0,27,3,0,-77193,6105680 ns
after_local_cswitch,0,28,2,0,-60990,6105680 ns
after_local_cswitch,0,29,1,0,70567,6105680 ns
after_local_cswitch,0,30,0,0,13857,6105680 ns
after_local_cswitch,0,32,30,0,204480,6105680 ns
after_local_cswitch,0,33,29,0,-95571,6105680 ns
after_local_cswitch,0,34,28,0,73860,6105680 ns
after_local_cswitch,0,35,27,0,21316,6105680 ns
after_local_cswitch,0,36,26,0,44353,6105680 ns
after_local_cswitch,0,37,25,0,20068,6105680 ns
after_local_cswitch,0,38,24,0,62454,6105680 ns
after_local_cswitch,0,39,23,0,66722,6105680 ns
after_local_cswitch,0,40,22,0,-89038,6105680 ns
after_local_cswitch,0,41,21,0,-58870,6105680 ns
after_local_cswitch,0,42,20,0,-75379,6105680 ns
after_local_cswitch,0,43,19,0,196263,6105680 ns
after_local_cswitch,0,44,18,0,-87779,6105680 ns
after_local_cswitch,0,45,17,0,-72159,6105680 ns
after_local_cswitch,0,46,16,0,21698,6105680 ns
after_local_cswitch,0,47,15,0,25515,6105680 ns
after_local_cswitch,0,48,14,0,104814,6105680 ns
after_local_cswitch,0,49,13,0,44268,6105680 ns
after_local_cswitch,0,50,12,0,64258,6105680 ns
after_local_cswitch,0,51,11,0,-77973,6105680 ns
after_local_cswitch,0,52,10,0,205349,6105680 ns
after_local_cswitch,0,53,9,0,53478,6105680 ns
after_local_cswitch,0,54,8,0,-64856,6105680 ns
after_local_cswitch,0,55,7,0,101822,6105680 ns
after_local_cswitch,0,56,6,0,-86710,6105680 ns
after_local_cswitch,0,57,5,0,-43618,6105680 ns
after_local_cswitch,0,58,4,0,-61753,6105680 ns
after_local_cswitch,0,59,3,0,194928,6105680 ns
after_local_cswitch,0,60,2,0,-75501,6105680 ns
after_local_cswitch,0,61,1,0,-6753,6105680 ns
after_local_cswitch,0,62,0,0,-66248,6105680 ns
after_local_cswitch,0,0,30,0,-84414,6105680 ns
after_local_cswitch,0,1,29,0,-37285,6105680 ns
after_local_cswitch,0,2,28,0,55864,6105680 ns
after_local_cswitch,0,3,27,0,68186,6105680 ns
after_local_cswitch,0,4,26,0,74226,6105680 ns
after_local_cswitch,0,5,25,0,51669,6105680 ns
after_local_cswitch,0,6,24,0,-25645,6105680 ns
after_local_cswitch,0,7,23,0,67795,6105680 ns
after_local_cswitch,0,8,22,0,-35859,6105680 ns
after_local_cswitch,0,9,21,0,31032,6105680 ns
after_local_cswitch,0,10,20,0,-146248,6105680 ns
after_local_cswitch,0,11,19,0,36685,6105680 ns
after_local_cswitch,0,12,18,0,-97925,6105680 ns
after_local_cswitch,0,13,17,0,127850,6105680 ns
after_local_cswitch,0,14,16,0,76820,6105680 ns
after_local_cswitch,0,15,15,0,-38374,6105680 ns
after_local_cswitch,0,16,14,0,31760,6105680 ns
after_local_cswitch,0,17,13,0,-115852,6105680 ns
after_local_cswitch,0,18,12,0,-52023,6105680 ns
after_local_cswitch,0,19,11,0,-147483,6105680 ns
after_local_cswitch,0,20,10,0,-37455,6105680 ns
after_local_cswitch,0,21,9,0,-26914,6105680 ns
after_local_cswitch,0,22,8,0,13485,6105680 ns
after_local_cswitch,0,23,7,0,-59005,6105680 ns
after_local_cswitch,0,24,6,0,86885,6105680 ns
after_local_cswitch,0,25,5,0,-75850,6105680 ns
after_local_cswitch,0,26,4,0,44339,6105680 ns
after_local_cswitch,0,27,3,0,-77193,6105680 ns
after_local_cswitch,0,28,2,0,-60990,6105680 ns
after_local_cswitch,0,29,1,0,70567,6105680 ns
after_local_cswitch,0,30,0,0,13857,6105680 ns
after_local_cswitch,0,32,30,0,204480,6105680 ns
after_local_cswitch,0,33,29,0,-95571,6105680 ns
after_local_cswitch,0,34,28,0,73860,6105680 ns
after_local_cswitch,0,35,27,0,21316,6105680 ns
after_local_cswitch,0,36,26,0,44353,6105680 ns
after_local_cswitch,0,37,25,0,20068,6105680 ns
after_local_cswitch,0,38,24,0,62454,6105680 ns
after_local_cswitch,0,39,23,0,66722,6105680 ns
after_local_cswitch,0,40,22,0,-89038,6105680 ns
after_local_cswitch,0,41,21,0,-58870,6105680 ns
after_local_cswitch,0,42,20,0,-75379,6105680 ns
after_local_cswitch,0,43,19,0,196263,6105680 ns
after_local_cswitch,0,44,18,0,-87779,6105680 ns
after_local_cswitch,0,45,17,0,-72159,6105680 ns
after_local_cswitch,0,46,16,0,21698,6105680 ns
after_local_cswitch,0,47,15,0,25515,6105680 ns
after_local_cswitch,0,48,14,0,104814,6105680 ns
after_local_cswitch,0,49,13,0,44268,6105680 ns
after_local_cswitch,0,50,12,0,64258,6105680 ns
after_local_cswitch,0,51,11,0,-77973,6105680 ns
after_local_cswitch,0,52,10,0,205349,6105680 ns
after_local_cswitch,0,53,9,0,53478,6105680 ns
after_local_cswitch,0,54,8,0,-64856,6105680 ns
after_local_cswitch,0,55,7,0,101822,6105680 ns
after_local_cswitch,0,56,6,0,-86710,6105680 ns
after_local_cswitch,0,57,5,0,-43618,6105680 ns
after_local_cswitch,0,58,4,0,-61753,6105680 ns
after_local_cswitch,0,59,3,0,194928,6105680 ns
after_local_cswitch,0,60,2,0,-75501,6105680 ns
after_local_cswitch,0,61,1,0,-6753,6105680 ns
after_local_cswitch,0,62,0,0,-66248,6105680 ns
after_local_cswitch,0,0,31,0,110743,6105690 ns
after_local_cswitch,0,1,30,0,-113085,6105690 ns
after_local_cswitch,0,2,29,0,33901,6105690 ns
after_local_cswitch,0,3,28,0,116919,6105690 ns
after_local_cswitch,0,4,27,0,-15976,6105690 ns
after_local_cswitch,0,5,26,0,-73133,6105690 ns
after_local_cswitch,0,6,25,0,-31950,6105690 ns
after_local_cswitch,0,7,24,0,46707,6105690 ns
after_local_cswitch,0,8,23,0,62871,6105690 ns
after_local_cswitch,0,9,22,0,-181539,6105690 ns
after_local_cswitch,0,10,21,0,35621,6105690 ns
after_local_cswitch,0,11,20,0,131902,6105690 ns
after_local_cswitch,0,12,19,0,-72888,6105690 ns
after_local_cswitch,0,13,18,0,-138214,6105690 ns
after_local_cswitch,0,14,17,0,36603,6105690 ns
after_local_cswitch,0,15,16,0,81110,6105690 ns
after_local_cswitch,0,16,15,0,2105,6105690 ns
after_local_cswitch,0,17,14,0,19759,6105690 ns
after_local_cswitch,0,18,13,0,-98476,6105690 ns
after_local_cswitch,0,19,12,0,-41657,6105690 ns
after_local_cswitch,0,20,11,0,-278890,6105690 ns
after_local_cswitch,0,21,10,0,90176,6105690 ns
after_local_cswitch,0,22,9,0,-33028,6105690 ns
after_local_cswitch,0,23,8,0,84211,6105690 ns
after_local_cswitch,0,24,7,0,88008,6105690 ns
after_local_cswitch,0,25,6,0,23568,6105690 ns
after_local_cswitch,0,26,5,0,-161600,6105690 ns
after_local_cswitch,0,27,4,0,186067,6105690 ns
after_local_cswitch,0,28,3,0,30572,6105690 ns
after_local_cswitch,0,29,2,0,-48268,6105690 ns
after_local_cswitch,0,30,1,0,-40770,6105690 ns
after_local_cswitch,0,31,0,0,16247,6105690 ns
after_local_cswitch,0,32,31,0,-10231,6105690 ns
after_local_cswitch,0,33,30,0,-62915,6105690 ns
after_local_cswitch,0,34,29,0,58949,6105690 ns
after_local_cswitch,0,35,28,0,484,6105690 ns
after_local_cswitch,0,36,27,0,-212652,6105690 ns
after_local_cswitch,0,37,26,0,25285,6105690 ns
after_local_cswitch,0,38,25,0,156712,6105690 ns
after_local_cswitch,0,39,24,0,155583,6105690 ns
after_local_cswitch,0,40,23,0,67909,6105690 ns
after_local_cswitch,0,41,22,0,11550,6105690 ns
after_local_cswitch,0,42,21,0,156274,6105690 ns
after_local_cswitch,0,43,20,0,15250,6105690 ns
after_local_cswitch,0,44,19,0,-16266,6105690 ns
after_local_cswitch,0,45,18,0,-76039,6105690 ns
after_local_cswitch,0,46,17,0,-4851,6105690 ns
after_local_cswitch,0,47,16,0,53821,6105690 ns
after_local_cswitch,0,48,15,0,-35857,6105690 ns
after_local_cswitch,0,49,14,0,-27942,6105690 ns
after_local_cswitch,0,50,13,0,-86994,6105690 ns
after_local_cswitch,0,51,12,0,-83294,6105690 ns
after_local_cswitch,0,52,11,0,-50371,6105690 ns
after_local_cswitch,0,53,10,0,60231,6105690 ns
after_local_cswitch,0,54,9,0,178508,6105690 ns
after_local_cswitch,0,55,8,0,-4443,6105690 ns
after_local_cswitch,0,56,7,0,45292,6105690 ns
after_local_cswitch,0,57,6,0,80223,6105690 ns
after_local_cswitch,0,58,5,0,8931,6105690 ns
after_local_cswitch,0,59,4,0,80324,6105690 ns
after_local_cswitch,0,60,3,0,-29554,6105690 ns
after_local_cswitch,0,61,2,0,31971,6105690 ns
after_local_cswitch,0,62,1,0,-33285,6105690 ns
after_local_cswitch,0,63,0,0,-16115,6105690 ns
after_local_cswitch,0,0,31,0,110743,6105690 ns
after_local_cswitch,0,1,30,0,-113085,6105690 ns
after_local_cswitch,0,2,29,0,33901,6105690 ns
after_local_cswitch,0,3,28,0,116919,6105690 ns
after_local_cswitch,0,4,27,0,-15976,6105690 ns
after_local_cswitch,0,5,26,0,-73133,6105690 ns
after_local_cswitch,0,6,25,0,-31950,6105690 ns
after_local_cswitch,0,7,24,0,46707,6105690 ns
after_local_cswitch,0,8,23,0,62871,6105690 ns
after_local_cswitch,0,9,22,0,-181539,6105690 ns
after_local_cswitch,0,10,21,0,35621,6105690 ns
after_local_cswitch,0,11,20,0,131902,6105690 ns
after_local_cswitch,0,12,19,0,-72888,6105690 ns
after_local_cswitch,0,13,18,0,-138214,6105690 ns
after_local_cswitch,0,14,17,0,36603,6105690 ns
after_local_cswitch,0,15,16,0,81110,6105690 ns
after_local_cswitch,0,16,15,0,2105,6105690 ns
after_local_cswitch,0,17,14,0,19759,6105690 ns
after_local_cswitch,0,18,13,0,-98476,6105690 ns
after_local_cswitch,0,19,12,0,-41657,6105690 ns
after_local_cswitch,0,20,11,0,-278890,6105690 ns
after_local_cswitch,0,21,10,0,90176,6105690 ns
after_local_cswitch,0,22,9,0,-33028,6105690 ns
after_local_cswitch,0,23,8,0,84211,6105690 ns
after_local_cswitch,0,24,7,0,88008,6105690 ns
after_local_cswitch,0,25,6,0,23568,6105690 ns
after_local_cswitch,0,26,5,0,-161600,6105690 ns
after_local_cswitch,0,27,4,0,186067,6105690 ns
after_local_cswitch,0,28,3,0,30572,6105690 ns
after_local_cswitch,0,29,2,0,-48268,6105690 ns
after_local_cswitch,0,30,1,0,-40770,6105690 ns
after_local_cswitch,0,31,0,0,16247,6105690 ns
after_local_cswitch,0,32,31,0,-10231,6105690 ns
after_local_cswitch,0,33,30,0,-62915,6105690 ns
after_local_cswitch,0,34,29,0,58949,6105690 ns
after_local_cswitch,0,35,28,0,484,6105690 ns
after_local_cswitch,0,36,27,0,-212652,6105690 ns
after_local_cswitch,0,37,26,0,25285,6105690 ns
after_local_cswitch,0,38,25,0,156712,6105690 ns
after_local_cswitch,0,39,24,0,155583,6105690 ns
after_local_cswitch,0,40,23,0,67909,6105690 ns
after_local_cswitch,0,41,22,0,11550,6105690 ns
after_local_cswitch,0,42,21,0,156274,6105690 ns
after_local_cswitch,0,43,20,0,15250,6105690 ns
after_local_cswitch,0,44,19,0,-16266,6105690 ns
after_local_cswitch,0,45,18,0,-76039,6105690 ns
after_local_cswitch,0,46,17,0,-4851,6105690 ns
after_local_cswitch,0,47,16,0,53821,6105690 ns
after_local_cswitch,0,48,15,0,-35857,6105690 ns
after_local_cswitch,0,49,14,0,-27942,6105690 ns
after_local_cswitch,0,50,13,0,-86994,6105690 ns
after_local_cswitch,0,51,12,0,-83294,6105690 ns
after_local_cswitch,0,52,11,0,-50371,6105690 ns
after_local_cswitch,0,53,10,0,60231,6105690 ns
after_local_cswitch,0,54,9,0,178508,6105690 ns
after_local_cswitch,0,55,8,0,-4443,6105690 ns
after_local_cswitch,0,56,7,0,45292,6105690 ns
after_local_cswitch,0,57,6,0,80223,6105690 ns
after_local_cswitch,0,58,5,0,8931,6105690 ns
after_local_cswitch,0,59,4,0,80324,6105690 ns
after_local_cswitch,0,60,3,0,-29554,6105690 ns
after_local_cswitch,0,61,2,0,31971,6105690 ns
after_local_cswitch,0,62,1,0,-33285,6105690 ns
after_local_cswitch,0,63,0,0,-16115,6105690 ns
after_local_cswitch,0,0,31,0,110743,6105690 ns
after_local_cswitch,0,1,30,0,-113085,6105690 ns
after_local_cswitch,0,2,29,0,33901,6105690 ns
after_local_cswitch,0,3,28,0,116919,6105690 ns
after_local_cswitch,0,4,27,0,-15976,6105690 ns
after_local_cswitch,0,5,26,0,-73133,6105690 ns
after_local_cswitch,0,6,25,0,-31950,6105690 ns
after_local_cswitch,0,7,24,0,46707,6105690 ns
after_local_cswitch,0,8,23,0,62871,6105690 ns
after_local_cswitch,0,9,22,0,-181539,6105690 ns
after_local_cswitch,0,10,21,0,35621,6105690 ns
after_local_cswitch,0,11,20,0,131902,6105690 ns
after_local_cswitch,0,12,19,0,-72888,6105690 ns
after_local_cswitch,0,13,18,0,-138214,6105690 ns
after_local_cswitch,0,14,17,0,36603,6105690 ns
after_local_cswitch,0,15,16,0,81110,6105690 ns
after_local_cswitch,0,16,15,0,2105,6105690 ns
after_local_cswitch,0,17,14,0,19759,6105690 ns
after_local_cswitch,0,18,13,0,-98476,6105690 ns
after_local_cswitch,0,19,12,0,-41657,6105690 ns
after_local_cswitch,0,20,11,0,-278890,6105690 ns
after_local_cswitch,0,21,10,0,90176,6105690 ns
after_local_cswitch,0,22,9,0,-33028,6105690 ns
after_local_cswitch,0,23,8,0,84211,6105690 ns
after_local_cswitch,0,24,7,0,88008,6105690 ns
after_local_cswitch,0,25,6,0,23568,6105690 ns
after_local_cswitch,0,26,5,0,-161600,6105690 ns
after_local_cswitch,0,27,4,0,186067,6105690 ns
after_local_cswitch,0,28,3,0,30572,6105690 ns
after_local_cswitch,0,29,2,0,-48268,6105690 ns
after_local_cswitch,0,30,1,0,-40770,6105690 ns
after_local_cswitch,0,31,0,0,16247,6105690 ns
after_local_cswitch,0,32,31,0,-10231,6105690 ns
after_local_cswitch,0,33,30,0,-62915,6105690 ns
after_local_cswitch,0,34,29,0,58949,6105690 ns
after_local_cswitch,0,35,28,0,484,6105690 ns
after_local_cswitch,0,36,27,0,-212652,6105690 ns
after_local_cswitch,0,37,26,0,25285,6105690 ns
after_local_cswitch,0,38,25,0,156712,6105690 ns
after_local_cswitch,0,39,24,0,155583,6105690 ns
after_local_cswitch,0,40,23,0,67909,6105690 ns
after_local_cswitch,0,41,22,0,11550,6105690 ns
after_local_cswitch,0,42,21,0,156274,6105690 ns
after_local_cswitch,0,43,20,0,15250,6105690 ns
after_local_cswitch,0,44,19,0,-16266,6105690 ns
after_local_cswitch,0,45,18,0,-76039,6105690 ns
after_local_cswitch,0,46,17,0,-4851,6105690 ns
after_local_cswitch,0,47,16,0,53821,6105690 ns
after_local_cswitch,0,48,15,0,-35857,6105690 ns
after_local_cswitch,0,49,14,0,-27942,6105690 ns
after_local_cswitch,0,50,13,0,-86994,6105690 ns
after_local_cswitch,0,51,12,0,-83294,6105690 ns
after_local_cswitch,0,52,11,0,-50371,6105690 ns
after_local_cswitch,0,53,10,0,60231,6105690 ns
after_local_cswitch,0,54,9,0,178508,6105690 ns
after_local_cswitch,0,55,8,0,-4443,6105690 ns
after_local_cswitch,0,56,7,0,45292,6105690 ns
after_local_cswitch,0,57,6,0,80223,6105690 ns
after_local_cswitch,0,58,5,0,8931,6105690 ns
after_local_cswitch,0,59,4,0,80324,6105690 ns
after_local_cswitch,0,60,3,0,-29554,6105690 ns
after_local_cswitch,0,61,2,0,31971,6105690 ns
after_local_cswitch,0,62,1,0,-33285,6105690 ns
after_local_cswitch,0,63,0,0,-16115,6105690 ns
after_local_cswitch,0,0,32,0,-75589,6105700 ns
after_local_cswitch,0,1,31,0,58632,6105700 ns
after_local_cswitch,0,2,30,0,14901,6105700 ns
after_local_cswitch,0,3,29,0,11682,6105700 ns
after_local_cswitch,0,4,28,0,-33381,6105700 ns
after_local_cswitch,0,5,27,0,-30310,6105700 ns
after_local_cswitch,0,6,26,0,-68391,6105700 ns
after_local_cswitch,0,7,25,0,13732,6105700 ns
after_local_cswitch,0,8,24,0,-123578,6105700 ns
after_local_cswitch,0,9,23,0,-109298,6105700 ns
after_local_cswitch,0,10,22,0,-7953,6105700 ns
after_local_cswitch,0,11,21,0,30003,6105700 ns
after_local_cswitch,0,12,20,0,-96213,6105700 ns
after_local_cswitch,0,13,19,0,84051,6105700 ns
after_local_cswitch,0,14,18,0,-108625,6105700 ns
after_local_cswitch,0,15,17,0,60802,6105700 ns
after_local_cswitch,0,16,16,0,100920,6105700 ns
after_local_cswitch,0,17,15,0,-7443,6105700 ns
after_local_cswitch,0,18,14,0,-34417,6105700 ns
after_local_cswitch,0,19,13,0,-9698,6105700 ns
after_local_cswitch,0,20,12,0,-185647,6105700 ns
after_local_cswitch,0,21,11,0,-63168,6105700 ns
after_local_cswitch,0,22,10,0,-120543,6105700 ns
after_local_cswitch,0,23,9,0,-10180,6105700 ns
after_local_cswitch,0,24,8,0,106369,6105700 ns
after_local_cswitch,0,25,7,0,-111707,6105700 ns
after_local_cswitch,0,26,6,0,28983,6105700 ns
after_local_cswitch,0,27,5,0,49459,6105700 ns
after_local_cswitch,0,28,4,0,11629,6105700 ns
after_local_cswitch,0,29,3,0,21005,6105700 ns
after_local_cswitch,0,30,2,0,57947,6105700 ns
after_local_cswitch,0,31,1,0,-82337,6105700 ns
after_local_cswitch,0,32,32,0,29879,6105700 ns
after_local_cswitch,0,33,31,0,-13514,6105700 ns
after_local_cswitch,0,34,30,0,227449,6105700 ns
after_local_cswitch,0,35,29,0,-201919,6105700 ns
after_local_cswitch,0,36,28,0,-62406,6105700 ns
after_local_cswitch,0,37,27,0,-57839,6105700 ns
after_local_cswitch,0,38,26,0,107090,6105700 ns
after_local_cswitch,0,39,25,0,-38862,6105700 ns
after_local_cswitch,0,40,24,0,47125,6105700 ns
after_local_cswitch,0,41,23,0,-9799,6105700 ns
after_local_cswitch,0,42,22,0,51921,6105700 ns
after_local_cswitch,0,43,21,0,52451,6105700 ns
after_local_cswitch,0,44,20,0,41062,6105700 ns
after_local_cswitch,0,45,19,0,-87485,6105700 ns
after_local_cswitch,0,46,18,0,150848,6105700 ns
after_local_cswitch,0,47,17,0,-40841,6105700 ns
after_local_cswitch,0,48,16,0,79388,6105700 ns
after_local_cswitch,0,49,15,0,-46724,6105700 ns
after_local_cswitch,0,50,14,0,-38762,6105700 ns
after_local_cswitch,0,51,13,0,44693,6105700 ns
after_local_cswitch,0,52,12,0,-119463,6105700 ns
after_local_cswitch,0,53,11,0,65859,6105700 ns
after_local_cswitch,0,54,10,0,36,6105700 ns
after_local_cswitch,0,55,9,0,-19537,6105700 ns
after_local_cswitch,0,56,8,0,-109421,6105700 ns
after_local_cswitch,0,57,7,0,41335,6105700 ns
after_local_cswitch,0,58,6,0,-84818,6105700 ns
after_local_cswitch,0,59,5,0,126349,6105700 ns
after_local_cswitch,0,60,4,0,28968,6105700 ns
after_local_cswitch,0,61,3,0,-161510,6105700 ns
after_local_cswitch,0,62,2,0,-15285,6105700 ns
after_local_cswitch,0,63,1,0,-11479,6105700 ns
after_local_cswitch,0,0,32,0,-75589,6105700 ns
after_local_cswitch,0,1,31,0,58632,6105700 ns
after_local_cswitch,0,2,30,0,14901,6105700 ns
after_local_cswitch,0,3,29,0,11682,6105700 ns
after_local_cswitch,0,4,28,0,-33381,6105700 ns
after_local_cswitch,0,5,27,0,-30310,6105700 ns
after_local_cswitch,0,6,26,0,-68391,6105700 ns
after_local_cswitch,0,7,25,0,13732,6105700 ns
after_local_cswitch,0,8,24,0,-123578,6105700 ns
after_local_cswitch,0,9,23,0,-109298,6105700 ns
after_local_cswitch,0,10,22,0,-7953,6105700 ns
after_local_cswitch,0,11,21,0,30003,6105700 ns
after_local_cswitch,0,12,20,0,-96213,6105700 ns
after_local_cswitch,0,13,19,0,84051,6105700 ns
after_local_cswitch,0,14,18,0,-108625,6105700 ns
after_local_cswitch,0,15,17,0,60802,6105700 ns
after_local_cswitch,0,16,16,0,100920,6105700 ns
after_local_cswitch,0,17,15,0,-7443,6105700 ns
after_local_cswitch,0,18,14,0,-34417,6105700 ns
after_local_cswitch,0,19,13,0,-9698,6105700 ns
after_local_cswitch,0,20,12,0,-185647,6105700 ns
after_local_cswitch,0,21,11,0,-63168,6105700 ns
after_local_cswitch,0,22,10,0,-120543,6105700 ns
after_local_cswitch,0,23,9,0,-10180,6105700 ns
after_local_cswitch,0,24,8,0,106369,6105700 ns
after_local_cswitch,0,25,7,0,-111707,6105700 ns
after_local_cswitch,0,26,6,0,28983,6105700 ns
after_local_cswitch,0,27,5,0,49459,6105700 ns
after_local_cswitch,0,28,4,0,11629,6105700 ns
after_local_cswitch,0,29,3,0,21005,6105700 ns
after_local_cswitch,0,30,2,0,57947,6105700 ns
after_local_cswitch,0,31,1,0,-82337,6105700 ns
after_local_cswitch,0,32,32,0,29879,6105700 ns
after_local_cswitch,0,33,31,0,-13514,6105700 ns
after_local_cswitch,0,34,30,0,227449,6105700 ns
after_local_cswitch,0,35,29,0,-201919,6105700 ns
after_local_cswitch,0,36,28,0,-62406,6105700 ns
after_local_cswitch,0,37,27,0,-57839,6105700 ns
after_local_cswitch,0,38,26,0,107090,6105700 ns
after_local_cswitch,0,39,25,0,-38862,6105700 ns
after_local_cswitch,0,40,24,0,47125,6105700 ns
after_local_cswitch,0,41,23,0,-9799,6105700 ns
after_local_cswitch,0,42,22,0,51921,6105700 ns
after_local_cswitch,0,43,21,0,52451,6105700 ns
after_local_cswitch,0,44,20,0,41062,6105700 ns
after_local_cswitch,0,45,19,0,-87485,6105700 ns
after_local_cswitch,0,46,18,0,150848,6105700 ns
after_local_cswitch,0,47,17,0,-40841,6105700 ns
after_local_cswitch,0,48,16,0,79388,6105700 ns
after_local_cswitch,0,49,15,0,-46724,6105700 ns
after_local_cswitch,0,50,14,0,-38762,6105700 ns
after_local_cswitch,0,51,13,0,44693,6105700 ns
after_local_cswitch,0,52,12,0,-119463,6105700 ns
after_local_cswitch,0,53,11,0,65859,6105700 ns
after_local_cswitch,0,54,10,0,36,6105700 ns
after_local_cswitch,0,55,9,0,-19537,6105700 ns
after_local_cswitch,0,56,8,0,-109421,6105700 ns
after_local_cswitch,0,57,7,0,41335,6105700 ns
after_local_cswitch,0,58,6,0,-84818,6105700 ns
after_local_cswitch,0,59,5,0,126349,6105700 ns
after_local_cswitch,0,60,4,0,28968,6105700 ns
after_local_cswitch,0,61,3,0,-161510,6105700 ns
after_local_cswitch,0,62,2,0,-15285,6105700 ns
after_local_cswitch,0,63,1,0,-11479,6105700 ns
after_local_cswitch,0,0,32,0,-75589,6105700 ns
after_local_cswitch,0,1,31,0,58632,6105700 ns
after_local_cswitch,0,2,30,0,14901,6105700 ns
after_local_cswitch,0,3,29,0,11682,6105700 ns
after_local_cswitch,0,4,28,0,-33381,6105700 ns
after_local_cswitch,0,5,27,0,-30310,6105700 ns
after_local_cswitch,0,6,26,0,-68391,6105700 ns
after_local_cswitch,0,7,25,0,13732,6105700 ns
after_local_cswitch,0,8,24,0,-123578,6105700 ns
after_local_cswitch,0,9,23,0,-109298,6105700 ns
after_local_cswitch,0,10,22,0,-7953,6105700 ns
after_local_cswitch,0,11,21,0,30003,6105700 ns
after_local_cswitch,0,12,20,0,-96213,6105700 ns
after_local_cswitch,0,13,19,0,84051,6105700 ns
after_local_cswitch,0,14,18,0,-108625,6105700 ns
after_local_cswitch,0,15,17,0,60802,6105700 ns
after_local_cswitch,0,16,16,0,100920,6105700 ns
after_local_cswitch,0,17,15,0,-7443,6105700 ns
after_local_cswitch,0,18,14,0,-34417,6105700 ns
after_local_cswitch,0,19,13,0,-9698,6105700 ns
after_local_cswitch,0,20,12,0,-185647,6105700 ns
after_local_cswitch,0,21,11,0,-63168,6105700 ns
after_local_cswitch,0,22,10,0,-120543,6105700 ns
after_local_cswitch,0,23,9,0,-10180,6105700 ns
after_local_cswitch,0,24,8,0,106369,6105700 ns
after_local_cswitch,0,25,7,0,-111707,6105700 ns
after_local_cswitch,0,26,6,0,28983,6105700 ns
after_local_cswitch,0,27,5,0,49459,6105700 ns
after_local_cswitch,0,28,4,0,11629,6105700 ns
after_local_cswitch,0,29,3,0,21005,6105700 ns
after_local_cswitch,0,30,2,0,57947,6105700 ns
after_local_cswitch,0,31,1,0,-82337,6105700 ns
after_local_cswitch,0,32,32,0,29879,6105700 ns
after_local_cswitch,0,33,31,0,-13514,6105700 ns
after_local_cswitch,0,34,30,0,227449,6105700 ns
after_local_cswitch,0,35,29,0,-201919,6105700 ns
after_local_cswitch,0,36,28,0,-62406,6105700 ns
after_local_cswitch,0,37,27,0,-57839,6105700 ns
after_local_cswitch,0,38,26,0,107090,6105700 ns
after_local_cswitch,0,39,25,0,-38862,6105700 ns
after_local_cswitch,0,40,24,0,47125,6105700 ns
after_local_cswitch,0,41,23,0,-9799,6105700 ns
after_local_cswitch,0,42,22,0,51921,6105700 ns
after_local_cswitch,0,43,21,0,52451,6105700 ns
after_local_cswitch,0,44,20,0,41062,6105700 ns
after_local_cswitch,0,45,19,0,-87485,6105700 ns
after_local_cswitch,0,46,18,0,150848,6105700 ns
after_local_cswitch,0,47,17,0,-40841,6105700 ns
after_local_cswitch,0,48,16,0,79388,6105700 ns
after_local_cswitch,0,49,15,0,-46724,6105700 ns
after_local_cswitch,0,50,14,0,-38762,6105700 ns
after_local_cswitch,0,51,13,0,44693,6105700 ns
after_local_cswitch,0,52,12,0,-119463,6105700 ns
after_local_cswitch,0,53,11,0,65859,6105700 ns
after_local_cswitch,0,54,10,0,36,6105700 ns
after_local_cswitch,0,55,9,0,-19537,6105700 ns
after_local_cswitch,0,56,8,0,-109421,6105700 ns
after_local_cswitch,0,57,7,0,41335,6105700 ns
after_local_cswitch,0,58,6,0,-84818,6105700 ns
after_local_cswitch,0,59,5,0,126349,6105700 ns
after_local_cswitch,0,60,4,0,28968,6105700 ns
after_local_cswitch,0,61,3,0,-161510,6105700 ns
after_local_cswitch,0,62,2,0,-15285,6105700 ns
after_local_cswitch,0,63,1,0,-11479,6105700 ns
after_local_cswitch,0,0,33,0,32773,6105710 ns
after_local_cswitch,0,1,32,0,-64240,6105710 ns
after_local_cswitch,0,2,31,0,44004,6105710 ns
after_local_cswitch,0,3,30,0,194,6105710 ns
after_local_cswitch,0,4,29,0,73781,6105710 ns
after_local_cswitch,0,5,28,0,70534,6105710 ns
after_local_cswitch,0,6,27,0,-106304,6105710 ns
after_local_cswitch,0,7,26,0,-9988,6105710 ns
after_local_cswitch,0,8,25,0,-48548,6105710 ns
after_local_cswitch,0,9,24,0,87173,6105710 ns
after_local_cswitch,0,10,23,0,-55838,6105710 ns
after_local_cswitch,0,11,22,0,-36657,6105710 ns
after_local_cswitch,0,12,21,0,-54749,6105710 ns
after_local_cswitch,0,13,20,0,-69180,6105710 ns
after_local_cswitch,0,14,19,0,19725,6105710 ns
after_local_cswitch,0,15,18,0,129712,6105710 ns
after_local_cswitch,0,16,17,0,111160,6105710 ns
after_local_cswitch,0,17,16,0,-57918,6105710 ns
after_local_cswitch,0,18,15,0,-25525,6105710 ns
after_local_cswitch,0,19,14,0,-48375,6105710 ns
after_local_cswitch,0,20,13,0,-146809,6105710 ns
after_local_cswitch,0,21,12,0,-2846,6105710 ns
after_local_cswitch,0,22,11,0,137763,6105710 ns
after_local_cswitch,0,23,10,0,5297,6105710 ns
after_local_cswitch,0,24,9,0,-22393,6105710 ns
after_local_cswitch,0,25,8,0,-5770,6105710 ns
after_local_cswitch,0,26,7,0,87966,6105710 ns
after_local_cswitch,0,27,6,0,-91771,6105710 ns
after_local_cswitch,0,28,5,0,-101846,6105710 ns
after_local_cswitch,0,29,4,0,113301,6105710 ns
after_local_cswitch,0,30,3,0,-26235,6105710 ns
after_local_cswitch,0,31,2,0,-102961,6105710 ns
after_local_cswitch,0,32,33,0,59472,6105710 ns
after_local_cswitch,0,33,32,0,-181468,6105710 ns
after_local_cswitch,0,34,31,0,-52346,6105710 ns
after_local_cswitch,0,35,30,0,-30332,6105710 ns
after_local_cswitch,0,36,29,0,70034,6105710 ns
after_local_cswitch,0,37,28,0,25318,6105710 ns
after_local_cswitch,0,38,27,0,38193,6105710 ns
after_local_cswitch,0,39,26,0,152895,6105710 ns
after_local_cswitch,0,40,25,0,19312,6105710 ns
after_local_cswitch,0,41,24,0,-83278,6105710 ns
after_local_cswitch,0,42,23,0,-12739,6105710 ns
after_local_cswitch,0,43,22,0,-118839,6105710 ns
after_local_cswitch,0,44,21,0,-47962,6105710 ns
after_local_cswitch,0,45,20,0,-77416,6105710 ns
after_local_cswitch,0,46,19,0,-8848,6105710 ns
after_local_cswitch,0,47,18,0,-78918,6105710 ns
after_local_cswitch,0,48,17,0,7046,6105710 ns
after_local_cswitch,0,49,16,0,-15988,6105710 ns
after_local_cswitch,0,50,15,0,60333,6105710 ns
after_local_cswitch,0,51,14,0,-6097,6105710 ns
after_local_cswitch,0,52,13,0,45038,6105710 ns
after_local_cswitch,0,53,12,0,87891,6105710 ns
after_local_cswitch,0,54,11,0,-56860,6105710 ns
after_local_cswitch,0,55,10,0,46867,6105710 ns
after_local_cswitch,0,56,9,0,-93141,6105710 ns
after_local_cswitch,0,57,8,0,86139,6105710 ns
after_local_cswitch,0,58,7,0,-7905,6105710 ns
after_local_cswitch,0,59,6,0,29006,6105710 ns
after_local_cswitch,0,60,5,0,8433,6105710 ns
after_local_cswitch,0,61,4,0,67809,6105710 ns
after_local_cswitch,0,62,3,0,73456,6105710 ns
after_local_cswitch,0,63,2,0,1247,6105710 ns
after_local_cswitch,0,0,33,0,32773,6105710 ns
after_local_cswitch,0,1,32,0,-64240,6105710 ns
after_local_cswitch,0,2,31,0,44004,6105710 ns
after_local_cswitch,0,3,30,0,194,6105710 ns
after_local_cswitch,0,4,29,0,73781,6105710 ns
after_local_cswitch,0,5,28,0,70534,6105710 ns
after_local_cswitch,0,6,27,0,-106304,6105710 ns
after_local_cswitch,0,7,26,0,-9988,6105710 ns
after_local_cswitch,0,8,25,0,-48548,6105710 ns
after_local_cswitch,0,9,24,0,87173,6105710 ns
after_local_cswitch,0,10,23,0,-55838,6105710 ns
after_local_cswitch,0,11,22,0,-36657,6105710 ns
after_local_cswitch,0,12,21,0,-54749,6105710 ns
after_local_cswitch,0,13,20,0,-69180,6105710 ns
after_local_cswitch,0,14,19,0,19725,6105710 ns
after_local_cswitch,0,15,18,0,129712,6105710 ns
after_local_cswitch,0,16,17,0,111160,6105710 ns
after_local_cswitch,0,17,16,0,-57918,6105710 ns
after_local_cswitch,0,18,15,0,-25525,6105710 ns
after_local_cswitch,0,19,14,0,-48375,6105710 ns
after_local_cswitch,0,20,13,0,-146809,6105710 ns
after_local_cswitch,0,21,12,0,-2846,6105710 ns
after_local_cswitch,0,22,11,0,137763,6105710 ns
after_local_cswitch,0,23,10,0,5297,6105710 ns
after_local_cswitch,0,24,9,0,-22393,6105710 ns
after_local_cswitch,0,25,8,0,-5770,6105710 ns
after_local_cswitch,0,26,7,0,87966,6105710 ns
after_local_cswitch,0,27,6,0,-91771,6105710 ns
after_local_cswitch,0,28,5,0,-101846,6105710 ns
after_local_cswitch,0,29,4,0,113301,6105710 ns
after_local_cswitch,0,30,3,0,-26235,6105710 ns
after_local_cswitch,0,31,2,0,-102961,6105710 ns
after_local_cswitch,0,32,33,0,59472,6105710 ns
after_local_cswitch,0,33,32,0,-181468,6105710 ns
after_local_cswitch,0,34,31,0,-52346,6105710 ns
after_local_cswitch,0,35,30,0,-30332,6105710 ns
after_local_cswitch,0,36,29,0,70034,6105710 ns
after_local_cswitch,0,37,28,0,25318,6105710 ns
after_local_cswitch,0,38,27,0,38193,6105710 ns
after_local_cswitch,0,39,26,0,152895,6105710 ns
after_local_cswitch,0,40,25,0,19312,6105710 ns
after_local_cswitch,0,41,24,0,-83278,6105710 ns
after_local_cswitch,0,42,23,0,-12739,6105710 ns
after_local_cswitch,0,43,22,0,-118839,6105710 ns
after_local_cswitch,0,44,21,0,-47962,6105710 ns
after_local_cswitch,0,45,20,0,-77416,6105710 ns
after_local_cswitch,0,46,19,0,-8848,6105710 ns
after_local_cswitch,0,47,18,0,-78918,6105710 ns
after_local_cswitch,0,48,17,0,7046,6105710 ns
after_local_cswitch,0,49,16,0,-15988,6105710 ns
after_local_cswitch,0,50,15,0,60333,6105710 ns
after_local_cswitch,0,51,14,0,-6097,6105710 ns
after_local_cswitch,0,52,13,0,45038,6105710 ns
after_local_cswitch,0,53,12,0,87891,6105710 ns
after_local_cswitch,0,54,11,0,-56860,6105710 ns
after_local_cswitch,0,55,10,0,46867,6105710 ns
after_local_cswitch,0,56,9,0,-93141,6105710 ns
after_local_cswitch,0,57,8,0,86139,6105710 ns
after_local_cswitch,0,58,7,0,-7905,6105710 ns
after_local_cswitch,0,59,6,0,29006,6105710 ns
after_local_cswitch,0,60,5,0,8433,6105710 ns
after_local_cswitch,0,61,4,0,67809,6105710 ns
after_local_cswitch,0,62,3,0,73456,6105710 ns
after_local_cswitch,0,63,2,0,1247,6105710 ns
after_local_cswitch,0,0,33,0,32773,6105710 ns
after_local_cswitch,0,1,32,0,-64240,6105710 ns
after_local_cswitch,0,2,31,0,44004,6105710 ns
after_local_cswitch,0,3,30,0,194,6105710 ns
after_local_cswitch,0,4,29,0,73781,6105710 ns
after_local_cswitch,0,5,28,0,70534,6105710 ns
after_local_cswitch,0,6,27,0,-106304,6105710 ns
after_local_cswitch,0,7,26,0,-9988,6105710 ns
after_local_cswitch,0,8,25,0,-48548,6105710 ns
after_local_cswitch,0,9,24,0,87173,6105710 ns
after_local_cswitch,0,10,23,0,-55838,6105710 ns
after_local_cswitch,0,11,22,0,-36657,6105710 ns
after_local_cswitch,0,12,21,0,-54749,6105710 ns
after_local_cswitch,0,13,20,0,-69180,6105710 ns
after_local_cswitch,0,14,19,0,19725,6105710 ns
after_local_cswitch,0,15,18,0,129712,6105710 ns
after_local_cswitch,0,16,17,0,111160,6105710 ns
after_local_cswitch,0,17,16,0,-57918,6105710 ns
after_local_cswitch,0,18,15,0,-25525,6105710 ns
after_local_cswitch,0,19,14,0,-48375,6105710 ns
after_local_cswitch,0,20,13,0,-146809,6105710 ns
after_local_cswitch,0,21,12,0,-2846,6105710 ns
after_local_cswitch,0,22,11,0,137763,6105710 ns
after_local_cswitch,0,23,10,0,5297,6105710 ns
after_local_cswitch,0,24,9,0,-22393,6105710 ns
after_local_cswitch,0,25,8,0,-5770,6105710 ns
after_local_cswitch,0,26,7,0,87966,6105710 ns
after_local_cswitch,0,27,6,0,-91771,6105710 ns
after_local_cswitch,0,28,5,0,-101846,6105710 ns
after_local_cswitch,0,29,4,0,113301,6105710 ns
after_local_cswitch,0,30,3,0,-26235,6105710 ns
after_local_cswitch,0,31,2,0,-102961,6105710 ns
after_local_cswitch,0,32,33,0,59472,6105710 ns
after_local_cswitch,0,33,32,0,-181468,6105710 ns
after_local_cswitch,0,34,31,0,-52346,6105710 ns
after_local_cswitch,0,35,30,0,-30332,6105710 ns
after_local_cswitch,0,36,29,0,70034,6105710 ns
after_local_cswitch,0,37,28,0,25318,6105710 ns
after_local_cswitch,0,38,27,0,38193,6105710 ns
after_local_cswitch,0,39,26,0,152895,6105710 ns
after_local_cswitch,0,40,25,0,19312,6105710 ns
after_local_cswitch,0,41,24,0,-83278,6105710 ns
after_local_cswitch,0,42,23,0,-12739,6105710 ns
after_local_cswitch,0,43,22,0,-118839,6105710 ns
after_local_cswitch,0,44,21,0,-47962,6105710 ns
after_local_cswitch,0,45,20,0,-77416,6105710 ns
after_local_cswitch,0,46,19,0,-8848,6105710 ns
after_local_cswitch,0,47,18,0,-78918,6105710 ns
after_local_cswitch,0,48,17,0,7046,6105710 ns
after_local_cswitch,0,49,16,0,-15988,6105710 ns
after_local_cswitch,0,50,15,0,60333,6105710 ns
after_local_cswitch,0,51,14,0,-6097,6105710 ns
after_local_cswitch,0,52,13,0,45038,6105710 ns
after_local_cswitch,0,53,12,0,87891,6105710 ns
after_local_cswitch,0,54,11,0,-56860,6105710 ns
after_local_cswitch,0,55,10,0,46867,6105710 ns
after_local_cswitch,0,56,9,0,-93141,6105710 ns
after_local_cswitch,0,57,8,0,86139,6105710 ns
after_local_cswitch,0,58,7,0,-7905,6105710 ns
after_local_cswitch,0,59,6,0,29006,6105710 ns
after_local_cswitch,0,60,5,0,8433,6105710 ns
after_local_cswitch,0,61,4,0,67809,6105710 ns
after_local_cswitch,0,62,3,0,73456,6105710 ns
after_local_cswitch,0,63,2,0,1247,6105710 ns
after_local_cswitch,0,0,34,0,-39025,6105720 ns
after_local_cswitch,0,1,33,0,27458,6105720 ns
after_local_cswitch,0,2,32,0,-50909,6105720 ns
after_local_cswitch,0,3,31,0,19475,6105720 ns
after_local_cswitch,0,4,30,0,174083,6105720 ns
after_local_cswitch,0,5,29,0,-15755,6105720 ns
after_local_cswitch,0,6,28,0,250,6105720 ns
after_local_cswitch,0,7,27,0,65446,6105720 ns
after_local_cswitch,0,8,26,0,132510,6105720 ns
after_local_cswitch,0,9,25,0,80205,6105720 ns
after_local_cswitch,0,10,24,0,-16610,6105720 ns
after_local_cswitch,0,11,23,0,27415,6105720 ns
after_local_cswitch,0,12,22,0,-40041,6105720 ns
after_local_cswitch,0,13,21,0,136781,6105720 ns
after_local_cswitch,0,14,20,0,89361,6105720 ns
after_local_cswitch,0,15,19,0,51779,6105720 ns
after_local_cswitch,0,16,18,0,69076,6105720 ns
after_local_cswitch,0,17,17,0,13435,6105720 ns
after_local_cswitch,0,18,16,0,-69560,6105720 ns
after_local_cswitch,0,19,15,0,-71228,6105720 ns
after_local_cswitch,0,20,14,0,118362,6105720 ns
after_local_cswitch,0,21,13,0,76460,6105720 ns
after_local_cswitch,0,22,12,0,-86439,6105720 ns
after_local_cswitch,0,23,11,0,27140,6105720 ns
after_local_cswitch,0,24,10,0,110804,6105720 ns
after_local_cswitch,0,25,9,0,-71091,6105720 ns
after_local_cswitch,0,26,8,0,42424,6105720 ns
after_local_cswitch,0,27,7,0,-146769,6105720 ns
after_local_cswitch,0,28,6,0,7890,6105720 ns
after_local_cswitch,0,29,5,0,63028,6105720 ns
after_local_cswitch,0,30,4,0,77460,6105720 ns
after_local_cswitch,0,31,3,0,-97685,6105720 ns
after_local_cswitch,0,32,34,0,-34499,6105720 ns
after_local_cswitch,0,33,33,0,99884,6105720 ns
after_local_cswitch,0,34,32,0,6871,6105720 ns
after_local_cswitch,0,35,31,0,10729,6105720 ns
after_local_cswitch,0,36,30,0,49222,6105720 ns
after_local_cswitch,0,37,29,0,-97481,6105720 ns
after_local_cswitch,0,38,28,0,30748,6105720 ns
after_local_cswitch,0,39,27,0,42166,6105720 ns
after_local_cswitch,0,40,26,0,30365,6105720 ns
after_local_cswitch,0,41,25,0,38177,6105720 ns
after_local_cswitch,0,42,24,0,-82485,6105720 ns
after_local_cswitch,0,43,23,0,-167156,6105720 ns
after_local_cswitch,0,44,22,0,-100215,6105720 ns
after_local_cswitch,0,45,21,0,-19236,6105720 ns
after_local_cswitch,0,46,20,0,33406,6105720 ns
after_local_cswitch,0,47,19,0,-54873,6105720 ns
after_local_cswitch,0,48,18,0,-30274,6105720 ns
after_local_cswitch,0,49,17,0,168740,6105720 ns
after_local_cswitch,0,50,16,0,53169,6105720 ns
after_local_cswitch,0,51,15,0,-112101,6105720 ns
after_local_cswitch,0,52,14,0,161995,6105720 ns
after_local_cswitch,0,53,13,0,117925,6105720 ns
after_local_cswitch,0,54,12,0,72209,6105720 ns
after_local_cswitch,0,55,11,0,65520,6105720 ns
after_local_cswitch,0,56,10,0,-26388,6105720 ns
after_local_cswitch,0,57,9,0,-10266,6105720 ns
after_local_cswitch,0,58,8,0,-40123,6105720 ns
after_local_cswitch,0,59,7,0,-6843,6105720 ns
after_local_cswitch,0,60,6,0,40731,6105720 ns
after_local_cswitch,0,61,5,0,56340,6105720 ns
after_local_cswitch,0,62,4,0,94459,6105720 ns
after_local_cswitch,0,63,3,0,-7965,6105720 ns
after_local_cswitch,0,0,34,0,-39025,6105720 ns
after_local_cswitch,0,1,33,0,27458,6105720 ns
after_local_cswitch,0,2,32,0,-50909,6105720 ns
after_local_cswitch,0,3,31,0,19475,6105720 ns
after_local_cswitch,0,4,30,0,174083,6105720 ns
after_local_cswitch,0,5,29,0,-15755,6105720 ns
after_local_cswitch,0,6,28,0,250,6105720 ns
after_local_cswitch,0,7,27,0,65446,6105720 ns
after_local_cswitch,0,8,26,0,132510,6105720 ns
after_local_cswitch,0,9,25,0,80205,6105720 ns
after_local_cswitch,0,10,24,0,-16610,6105720 ns
after_local_cswitch,0,11,23,0,27415,6105720 ns
after_local_cswitch,0,12,22,0,-40041,6105720 ns
after_local_cswitch,0,13,21,0,136781,6105720 ns
after_local_cswitch,0,14,20,0,89361,6105720 ns
after_local_cswitch,0,15,19,0,51779,6105720 ns
after_local_cswitch,0,16,18,0,69076,6105720 ns
after_local_cswitch,0,17,17,0,13435,6105720 ns
after_local_cswitch,0,18,16,0,-69560,6105720 ns
after_local_cswitch,0,19,15,0,-71228,6105720 ns
after_local_cswitch,0,20,14,0,118362,6105720 ns
after_local_cswitch,0,21,13,0,76460,6105720 ns
after_local_cswitch,0,22,12,0,-86439,6105720 ns
after_local_cswitch,0,23,11,0,27140,6105720 ns
after_local_cswitch,0,24,10,0,110804,6105720 ns
after_local_cswitch,0,25,9,0,-71091,6105720 ns
after_local_cswitch,0,26,8,0,42424,6105720 ns
after_local_cswitch,0,27,7,0,-146769,6105720 ns
after_local_cswitch,0,28,6,0,7890,6105720 ns
after_local_cswitch,0,29,5,0,63028,6105720 ns
after_local_cswitch,0,30,4,0,77460,6105720 ns
after_local_cswitch,0,31,3,0,-97685,6105720 ns
after_local_cswitch,0,32,34,0,-34499,6105720 ns
after_local_cswitch,0,33,33,0,99884,6105720 ns
after_local_cswitch,0,34,32,0,6871,6105720 ns
after_local_cswitch,0,35,31,0,10729,6105720 ns
after_local_cswitch,0,36,30,0,49222,6105720 ns
after_local_cswitch,0,37,29,0,-97481,6105720 ns
after_local_cswitch,0,38,28,0,30748,6105720 ns
after_local_cswitch,0,39,27,0,42166,6105720 ns
after_local_cswitch,0,40,26,0,30365,6105720 ns
after_local_cswitch,0,41,25,0,38177,6105720 ns
after_local_cswitch,0,42,24,0,-82485,6105720 ns
after_local_cswitch,0,43,23,0,-167156,6105720 ns
after_local_cswitch,0,44,22,0,-100215,6105720 ns
after_local_cswitch,0,45,21,0,-19236,6105720 ns
after_local_cswitch,0,46,20,0,33406,6105720 ns
after_local_cswitch,0,47,19,0,-54873,6105720 ns
after_local_cswitch,0,48,18,0,-30274,6105720 ns
after_local_cswitch,0,49,17,0,168740,6105720 ns
after_local_cswitch,0,50,16,0,53169,6105720 ns
after_local_cswitch,0,51,15,0,-112101,6105720 ns
after_local_cswitch,0,52,14,0,161995,6105720 ns
after_local_cswitch,0,53,13,0,117925,6105720 ns
after_local_cswitch,0,54,12,0,72209,6105720 ns
after_local_cswitch,0,55,11,0,65520,6105720 ns
after_local_cswitch,0,56,10,0,-26388,6105720 ns
after_local_cswitch,0,57,9,0,-10266,6105720 ns
after_local_cswitch,0,58,8,0,-40123,6105720 ns
after_local_cswitch,0,59,7,0,-6843,6105720 ns
after_local_cswitch,0,60,6,0,40731,6105720 ns
after_local_cswitch,0,61,5,0,56340,6105720 ns
after_local_cswitch,0,62,4,0,94459,6105720 ns
after_local_cswitch,0,63,3,0,-7965,6105720 ns
after_local_cswitch,0,0,34,0,-39025,6105720 ns
after_local_cswitch,0,1,33,0,27458,6105720 ns
after_local_cswitch,0,2,32,0,-50909,6105720 ns
after_local_cswitch,0,3,31,0,19475,6105720 ns
after_local_cswitch,0,4,30,0,174083,6105720 ns
after_local_cswitch,0,5,29,0,-15755,6105720 ns
after_local_cswitch,0,6,28,0,250,6105720 ns
after_local_cswitch,0,7,27,0,65446,6105720 ns
after_local_cswitch,0,8,26,0,132510,6105720 ns
after_local_cswitch,0,9,25,0,80205,6105720 ns
after_local_cswitch,0,10,24,0,-16610,6105720 ns
after_local_cswitch,0,11,23,0,27415,6105720 ns
after_local_cswitch,0,12,22,0,-40041,6105720 ns
after_local_cswitch,0,13,21,0,136781,6105720 ns
after_local_cswitch,0,14,20,0,89361,6105720 ns
after_local_cswitch,0,15,19,0,51779,6105720 ns
after_local_cswitch,0,16,18,0,69076,6105720 ns
after_local_cswitch,0,17,17,0,13435,6105720 ns
after_local_cswitch,0,18,16,0,-69560,6105720 ns
after_local_cswitch,0,19,15,0,-71228,6105720 ns
after_local_cswitch,0,20,14,0,118362,6105720 ns
after_local_cswitch,0,21,13,0,76460,6105720 ns
after_local_cswitch,0,22,12,0,-86439,6105720 ns
after_local_cswitch,0,23,11,0,27140,6105720 ns
after_local_cswitch,0,24,10,0,110804,6105720 ns
after_local_cswitch,0,25,9,0,-71091,6105720 ns
after_local_cswitch,0,26,8,0,42424,6105720 ns
after_local_cswitch,0,27,7,0,-146769,6105720 ns
after_local_cswitch,0,28,6,0,7890,6105720 ns
after_local_cswitch,0,29,5,0,63028,6105720 ns
after_local_cswitch,0,30,4,0,77460,6105720 ns
after_local_cswitch,0,31,3,0,-97685,6105720 ns
after_local_cswitch,0,32,34,0,-34499,6105720 ns
after_local_cswitch,0,33,33,0,99884,6105720 ns
after_local_cswitch,0,34,32,0,6871,6105720 ns
after_local_cswitch,0,35,31,0,10729,6105720 ns
after_local_cswitch,0,36,30,0,49222,6105720 ns
after_local_cswitch,0,37,29,0,-97481,6105720 ns
after_local_cswitch,0,38,28,0,30748,6105720 ns
after_local_cswitch,0,39,27,0,42166,6105720 ns
after_local_cswitch,0,40,26,0,30365,6105720 ns
after_local_cswitch,0,41,25,0,38177,6105720 ns
after_local_cswitch,0,42,24,0,-82485,6105720 ns
after_local_cswitch,0,43,23,0,-167156,6105720 ns
after_local_cswitch,0,44,22,0,-100215,6105720 ns
after_local_cswitch,0,45,21,0,-19236,6105720 ns
after_local_cswitch,0,46,20,0,33406,6105720 ns
after_local_cswitch,0,47,19,0,-54873,6105720 ns
after_local_cswitch,0,48,18,0,-30274,6105720 ns
after_local_cswitch,0,49,17,0,168740,6105720 ns
after_local_cswitch,0,50,16,0,53169,6105720 ns
after_local_cswitch,0,51,15,0,-112101,6105720 ns
after_local_cswitch,0,52,14,0,161995,6105720 ns
after_local_cswitch,0,53,13,0,117925,6105720 ns
after_local_cswitch,0,54,12,0,72209,6105720 ns
after_local_cswitch,0,55,11,0,65520,6105720 ns
after_local_cswitch,0,56,10,0,-26388,6105720 ns
after_local_cswitch,0,57,9,0,-10266,6105720 ns
after_local_cswitch,0,58,8,0,-40123,6105720 ns
after_local_cswitch,0,59,7,0,-6843,6105720 ns
after_local_cswitch,0,60,6,0,40731,6105720 ns
after_local_cswitch,0,61,5,0,56340,6105720 ns
after_local_cswitch,0,62,4,0,94459,6105720 ns
after_local_cswitch,0,63,3,0,-7965,6105720 ns
after_local_cswitch,0,0,35,0,105712,6105730 ns
after_local_cswitch,0,1,34,0,-16971,6105730 ns
after_local_cswitch,0,2,33,0,22951,6105730 ns
after_local_cswitch,0,3,32,0,180541,6105730 ns
after_local_cswitch,0,4,31,0,193058,6105730 ns
after_local_cswitch,0,5,30,0,107201,6105730 ns
after_local_cswitch,0,6,29,0,8209,6105730 ns
after_local_cswitch,0,7,28,0,75953,6105730 ns
after_local_cswitch,0,8,27,0,160146,6105730 ns
after_local_cswitch,0,9,26,0,30437,6105730 ns
after_local_cswitch,0,10,25,0,58966,6105730 ns
after_local_cswitch,0,11,24,0,-121034,6105730 ns
after_local_cswitch,0,12,23,0,35692,6105730 ns
after_local_cswitch,0,13,22,0,139183,6105730 ns
after_local_cswitch,0,14,21,0,125570,6105730 ns
after_local_cswitch,0,15,20,0,23202,6105730 ns
after_local_cswitch,0,16,19,0,-64505,6105730 ns
after_local_cswitch,0,17,18,0,-64572,6105730 ns
after_local_cswitch,0,18,17,0,-19289,6105730 ns
after_local_cswitch,0,19,16,0,-175017,6105730 ns
after_local_cswitch,0,20,15,0,-31117,6105730 ns
after_local_cswitch,0,21,14,0,-86327,6105730 ns
after_local_cswitch,0,22,13,0,-19177,6105730 ns
after_local_cswitch,0,23,12,0,-692,6105730 ns
after_local_cswitch,0,24,11,0,64558,6105730 ns
after_local_cswitch,0,25,10,0,-105582,6105730 ns
after_local_cswitch,0,26,9,0,199071,6105730 ns
after_local_cswitch,0,27,8,0,79178,6105730 ns
after_local_cswitch,0,28,7,0,101893,6105730 ns
after_local_cswitch,0,29,6,0,10915,6105730 ns
after_local_cswitch,0,30,5,0,-4002,6105730 ns
after_local_cswitch,0,31,4,0,-138187,6105730 ns
after_local_cswitch,0,32,35,0,-50771,6105730 ns
after_local_cswitch,0,33,34,0,79139,6105730 ns
after_local_cswitch,0,34,33,0,-72404,6105730 ns
after_local_cswitch,0,35,32,0,-30392,6105730 ns
after_local_cswitch,0,36,31,0,-59692,6105730 ns
after_local_cswitch,0,37,30,0,71187,6105730 ns
after_local_cswitch,0,38,29,0,-228108,6105730 ns
after_local_cswitch,0,39,28,0,-84360,6105730 ns
after_local_cswitch,0,40,27,0,-124005,6105730 ns
after_local_cswitch,0,41,26,0,-126672,6105730 ns
after_local_cswitch,0,42,25,0,-22642,6105730 ns
after_local_cswitch,0,43,24,0,66488,6105730 ns
after_local_cswitch,0,44,23,0,11083,6105730 ns
after_local_cswitch,0,45,22,0,12534,6105730 ns
after_local_cswitch,0,46,21,0,-57248,6105730 ns
after_local_cswitch,0,47,20,0,-58391,6105730 ns
after_local_cswitch,0,48,19,0,110303,6105730 ns
after_local_cswitch,0,49,18,0,-132411,6105730 ns
after_local_cswitch,0,50,17,0,25729,6105730 ns
after_local_cswitch,0,51,16,0,-1710,6105730 ns
after_local_cswitch,0,52,15,0,38713,6105730 ns
after_local_cswitch,0,53,14,0,-93870,6105730 ns
after_local_cswitch,0,54,13,0,-51247,6105730 ns
after_local_cswitch,0,55,12,0,18955,6105730 ns
after_local_cswitch,0,56,11,0,92600,6105730 ns
after_local_cswitch,0,57,10,0,32666,6105730 ns
after_local_cswitch,0,58,9,0,49419,6105730 ns
after_local_cswitch,0,59,8,0,76698,6105730 ns
after_local_cswitch,0,60,7,0,115026,6105730 ns
after_local_cswitch,0,61,6,0,47307,6105730 ns
after_local_cswitch,0,62,5,0,-44208,6105730 ns
after_local_cswitch,0,63,4,0,67680,6105730 ns
after_local_cswitch,0,0,35,0,105712,6105730 ns
after_local_cswitch,0,1,34,0,-16971,6105730 ns
after_local_cswitch,0,2,33,0,22951,6105730 ns
after_local_cswitch,0,3,32,0,180541,6105730 ns
after_local_cswitch,0,4,31,0,193058,6105730 ns
after_local_cswitch,0,5,30,0,107201,6105730 ns
after_local_cswitch,0,6,29,0,8209,6105730 ns
after_local_cswitch,0,7,28,0,75953,6105730 ns
after_local_cswitch,0,8,27,0,160146,6105730 ns
after_local_cswitch,0,9,26,0,30437,6105730 ns
after_local_cswitch,0,10,25,0,58966,6105730 ns
after_local_cswitch,0,11,24,0,-121034,6105730 ns
after_local_cswitch,0,12,23,0,35692,6105730 ns
after_local_cswitch,0,13,22,0,139183,6105730 ns
after_local_cswitch,0,14,21,0,125570,6105730 ns
after_local_cswitch,0,15,20,0,23202,6105730 ns
after_local_cswitch,0,16,19,0,-64505,6105730 ns
after_local_cswitch,0,17,18,0,-64572,6105730 ns
after_local_cswitch,0,18,17,0,-19289,6105730 ns
after_local_cswitch,0,19,16,0,-175017,6105730 ns
after_local_cswitch,0,20,15,0,-31117,6105730 ns
after_local_cswitch,0,21,14,0,-86327,6105730 ns
after_local_cswitch,0,22,13,0,-19177,6105730 ns
after_local_cswitch,0,23,12,0,-692,6105730 ns
after_local_cswitch,0,24,11,0,64558,6105730 ns
after_local_cswitch,0,25,10,0,-105582,6105730 ns
after_local_cswitch,0,26,9,0,199071,6105730 ns
after_local_cswitch,0,27,8,0,79178,6105730 ns
after_local_cswitch,0,28,7,0,101893,6105730 ns
after_local_cswitch,0,29,6,0,10915,6105730 ns
after_local_cswitch,0,30,5,0,-4002,6105730 ns
after_local_cswitch,0,31,4,0,-138187,6105730 ns
after_local_cswitch,0,32,35,0,-50771,6105730 ns
after_local_cswitch,0,33,34,0,79139,6105730 ns
after_local_cswitch,0,34,33,0,-72404,6105730 ns
after_local_cswitch,0,35,32,0,-30392,6105730 ns
after_local_cswitch,0,36,31,0,-59692,6105730 ns
after_local_cswitch,0,37,30,0,71187,6105730 ns
after_local_cswitch,0,38,29,0,-228108,6105730 ns
after_local_cswitch,0,39,28,0,-84360,6105730 ns
after_local_cswitch,0,40,27,0,-124005,6105730 ns
after_local_cswitch,0,41,26,0,-126672,6105730 ns
after_local_cswitch,0,42,25,0,-22642,6105730 ns
after_local_cswitch,0,43,24,0,66488,6105730 ns
after_local_cswitch,0,44,23,0,11083,6105730 ns
after_local_cswitch,0,45,22,0,12534,6105730 ns
after_local_cswitch,0,46,21,0,-57248,6105730 ns
after_local_cswitch,0,47,20,0,-58391,6105730 ns
after_local_cswitch,0,48,19,0,110303,6105730 ns
after_local_cswitch,0,49,18,0,-132411,6105730 ns
after_local_cswitch,0,50,17,0,25729,6105730 ns
after_local_cswitch,0,51,16,0,-1710,6105730 ns
after_local_cswitch,0,52,15,0,38713,6105730 ns
after_local_cswitch,0,53,14,0,-93870,6105730 ns
after_local_cswitch,0,54,13,0,-51247,6105730 ns
after_local_cswitch,0,55,12,0,18955,6105730 ns
after_local_cswitch,0,56,11,0,92600,6105730 ns
after_local_cswitch,0,57,10,0,32666,6105730 ns
after_local_cswitch,0,58,9,0,49419,6105730 ns
after_local_cswitch,0,59,8,0,76698,6105730 ns
after_local_cswitch,0,60,7,0,115026,6105730 ns
after_local_cswitch,0,61,6,0,47307,6105730 ns
after_local_cswitch,0,62,5,0,-44208,6105730 ns
after_local_cswitch,0,63,4,0,67680,6105730 ns
after_local_cswitch,0,0,35,0,105712,6105730 ns
after_local_cswitch,0,1,34,0,-16971,6105730 ns
after_local_cswitch,0,2,33,0,22951,6105730 ns
after_local_cswitch,0,3,32,0,180541,6105730 ns
after_local_cswitch,0,4,31,0,193058,6105730 ns
after_local_cswitch,0,5,30,0,107201,6105730 ns
after_local_cswitch,0,6,29,0,8209,6105730 ns
after_local_cswitch,0,7,28,0,75953,6105730 ns
after_local_cswitch,0,8,27,0,160146,6105730 ns
after_local_cswitch,0,9,26,0,30437,6105730 ns
after_local_cswitch,0,10,25,0,58966,6105730 ns
after_local_cswitch,0,11,24,0,-121034,6105730 ns
after_local_cswitch,0,12,23,0,35692,6105730 ns
after_local_cswitch,0,13,22,0,139183,6105730 ns
after_local_cswitch,0,14,21,0,125570,6105730 ns
after_local_cswitch,0,15,20,0,23202,6105730 ns
after_local_cswitch,0,16,19,0,-64505,6105730 ns
after_local_cswitch,0,17,18,0,-64572,6105730 ns
after_local_cswitch,0,18,17,0,-19289,6105730 ns
after_local_cswitch,0,19,16,0,-175017,6105730 ns
after_local_cswitch,0,20,15,0,-31117,6105730 ns
after_local_cswitch,0,21,14,0,-86327,6105730 ns
after_local_cswitch,0,22,13,0,-19177,6105730 ns
after_local_cswitch,0,23,12,0,-692,6105730 ns
after_local_cswitch,0,24,11,0,64558,6105730 ns
after_local_cswitch,0,25,10,0,-105582,6105730 ns
after_local_cswitch,0,26,9,0,199071,6105730 ns
after_local_cswitch,0,27,8,0,79178,6105730 ns
after_local_cswitch,0,28,7,0,101893,6105730 ns
after_local_cswitch,0,29,6,0,10915,6105730 ns
after_local_cswitch,0,30,5,0,-4002,6105730 ns
after_local_cswitch,0,31,4,0,-138187,6105730 ns
after_local_cswitch,0,32,35,0,-50771,6105730 ns
after_local_cswitch,0,33,34,0,79139,6105730 ns
after_local_cswitch,0,34,33,0,-72404,6105730 ns
after_local_cswitch,0,35,32,0,-30392,6105730 ns
after_local_cswitch,0,36,31,0,-59692,6105730 ns
after_local_cswitch,0,37,30,0,71187,6105730 ns
after_local_cswitch,0,38,29,0,-228108,6105730 ns
after_local_cswitch,0,39,28,0,-84360,6105730 ns
after_local_cswitch,0,40,27,0,-124005,6105730 ns
after_local_cswitch,0,41,26,0,-126672,6105730 ns
after_local_cswitch,0,42,25,0,-22642,6105730 ns
after_local_cswitch,0,43,24,0,66488,6105730 ns
after_local_cswitch,0,44,23,0,11083,6105730 ns
after_local_cswitch,0,45,22,0,12534,6105730 ns
after_local_cswitch,0,46,21,0,-57248,6105730 ns
after_local_cswitch,0,47,20,0,-58391,6105730 ns
after_local_cswitch,0,48,19,0,110303,6105730 ns
after_local_cswitch,0,49,18,0,-132411,6105730 ns
after_local_cswitch,0,50,17,0,25729,6105730 ns
after_local_cswitch,0,51,16,0,-1710,6105730 ns
after_local_cswitch,0,52,15,0,38713,6105730 ns
after_local_cswitch,0,53,14,0,-93870,6105730 ns
after_local_cswitch,0,54,13,0,-51247,6105730 ns
after_local_cswitch,0,55,12,0,18955,6105730 ns
after_local_cswitch,0,56,11,0,92600,6105730 ns
after_local_cswitch,0,57,10,0,32666,6105730 ns
after_local_cswitch,0,58,9,0,49419,6105730 ns
after_local_cswitch,0,59,8,0,76698,6105730 ns
after_local_cswitch,0,60,7,0,115026,6105730 ns
after_local_cswitch,0,61,6,0,47307,6105730 ns
after_local_cswitch,0,62,5,0,-44208,6105730 ns
after_local_cswitch,0,63,4,0,67680,6105730 ns
after_local_cswitch,0,0,36,0,26052,6105740 ns
after_local_cswitch,0,1,35,0,2517,6105740 ns
after_local_cswitch,0,2,34,0,54774,6105740 ns
after_local_cswitch,0,3,33,0,-55175,6105740 ns
after_local_cswitch,0,4,32,0,97585,6105740 ns
after_local_cswitch,0,5,31,0,35081,6105740 ns
after_local_cswitch,0,6,30,0,19674,6105740 ns
after_local_cswitch,0,7,29,0,95583,6105740 ns
after_local_cswitch,0,8,28,0,24642,6105740 ns
after_local_cswitch,0,9,27,0,-26821,6105740 ns
after_local_cswitch,0,10,26,0,-53490,6105740 ns
after_local_cswitch,0,11,25,0,-167844,6105740 ns
after_local_cswitch,0,12,24,0,120092,6105740 ns
after_local_cswitch,0,13,23,0,31509,6105740 ns
after_local_cswitch,0,14,22,0,-2304,6105740 ns
after_local_cswitch,0,15,21,0,72151,6105740 ns
after_local_cswitch,0,16,20,0,-20789,6105740 ns
after_local_cswitch,0,17,19,0,-45236,6105740 ns
after_local_cswitch,0,18,18,0,-8638,6105740 ns
after_local_cswitch,0,19,17,0,22799,6105740 ns
after_local_cswitch,0,20,16,0,-103726,6105740 ns
after_local_cswitch,0,21,15,0,-172683,6105740 ns
after_local_cswitch,0,22,14,0,195543,6105740 ns
after_local_cswitch,0,23,13,0,39826,6105740 ns
after_local_cswitch,0,24,12,0,9849,6105740 ns
after_local_cswitch,0,25,11,0,48317,6105740 ns
after_local_cswitch,0,26,10,0,179557,6105740 ns
after_local_cswitch,0,27,9,0,78587,6105740 ns
after_local_cswitch,0,28,8,0,-48925,6105740 ns
after_local_cswitch,0,29,7,0,-230138,6105740 ns
after_local_cswitch,0,30,6,0,-115339,6105740 ns
after_local_cswitch,0,31,5,0,30585,6105740 ns
after_local_cswitch,0,32,36,0,153134,6105740 ns
after_local_cswitch,0,33,35,0,37088,6105740 ns
after_local_cswitch,0,34,34,0,29051,6105740 ns
after_local_cswitch,0,35,33,0,59671,6105740 ns
after_local_cswitch,0,36,32,0,-105013,6105740 ns
after_local_cswitch,0,37,31,0,47063,6105740 ns
after_local_cswitch,0,38,30,0,23544,6105740 ns
after_local_cswitch,0,39,29,0,-77737,6105740 ns
after_local_cswitch,0,40,28,0,96097,6105740 ns
after_local_cswitch,0,41,27,0,16741,6105740 ns
after_local_cswitch,0,42,26,0,-31001,6105740 ns
after_local_cswitch,0,43,25,0,-141426,6105740 ns
after_local_cswitch,0,44,24,0,-101961,6105740 ns
after_local_cswitch,0,45,23,0,-31094,6105740 ns
after_local_cswitch,0,46,22,0,-160874,6105740 ns
after_local_cswitch,0,47,21,0,-57855,6105740 ns
after_local_cswitch,0,48,20,0,-174561,6105740 ns
after_local_cswitch,0,49,19,0,-56864,6105740 ns
after_local_cswitch,0,50,18,0,-2279,6105740 ns
after_local_cswitch,0,51,17,0,21146,6105740 ns
after_local_cswitch,0,52,16,0,-110457,6105740 ns
after_local_cswitch,0,53,15,0,-71356,6105740 ns
after_local_cswitch,0,54,14,0,118222,6105740 ns
after_local_cswitch,0,55,13,0,11791,6105740 ns
after_local_cswitch,0,56,12,0,21457,6105740 ns
after_local_cswitch,0,57,11,0,129521,6105740 ns
after_local_cswitch,0,58,10,0,54401,6105740 ns
after_local_cswitch,0,59,9,0,170755,6105740 ns
after_local_cswitch,0,60,8,0,63680,6105740 ns
after_local_cswitch,0,61,7,0,-156888,6105740 ns
after_local_cswitch,0,62,6,0,45787,6105740 ns
after_local_cswitch,0,63,5,0,57579,6105740 ns
after_local_cswitch,0,0,36,0,26052,6105740 ns
after_local_cswitch,0,1,35,0,2517,6105740 ns
after_local_cswitch,0,2,34,0,54774,6105740 ns
after_local_cswitch,0,3,33,0,-55175,6105740 ns
after_local_cswitch,0,4,32,0,97585,6105740 ns
after_local_cswitch,0,5,31,0,35081,6105740 ns
after_local_cswitch,0,6,30,0,19674,6105740 ns
after_local_cswitch,0,7,29,0,95583,6105740 ns
after_local_cswitch,0,8,28,0,24642,6105740 ns
after_local_cswitch,0,9,27,0,-26821,6105740 ns
after_local_cswitch,0,10,26,0,-53490,6105740 ns
after_local_cswitch,0,11,25,0,-167844,6105740 ns
after_local_cswitch,0,12,24,0,120092,6105740 ns
after_local_cswitch,0,13,23,0,31509,6105740 ns
after_local_cswitch,0,14,22,0,-2304,6105740 ns
after_local_cswitch,0,15,21,0,72151,6105740 ns
after_local_cswitch,0,16,20,0,-20789,6105740 ns
after_local_cswitch,0,17,19,0,-45236,6105740 ns
after_local_cswitch,0,18,18,0,-8638,6105740 ns
after_local_cswitch,0,19,17,0,22799,6105740 ns
after_local_cswitch,0,20,16,0,-103726,6105740 ns
after_local_cswitch,0,21,15,0,-172683,6105740 ns
after_local_cswitch,0,22,14,0,195543,6105740 ns
after_local_cswitch,0,23,13,0,39826,6105740 ns
after_local_cswitch,0,24,12,0,9849,6105740 ns
after_local_cswitch,0,25,11,0,48317,6105740 ns
after_local_cswitch,0,26,10,0,179557,6105740 ns
after_local_cswitch,0,27,9,0,78587,6105740 ns
after_local_cswitch,0,28,8,0,-48925,6105740 ns
after_local_cswitch,0,29,7,0,-230138,6105740 ns
after_local_cswitch,0,30,6,0,-115339,6105740 ns
after_local_cswitch,0,31,5,0,30585,6105740 ns
after_local_cswitch,0,32,36,0,153134,6105740 ns
after_local_cswitch,0,33,35,0,37088,6105740 ns
after_local_cswitch,0,34,34,0,29051,6105740 ns
after_local_cswitch,0,35,33,0,59671,6105740 ns
after_local_cswitch,0,36,32,0,-105013,6105740 ns
after_local_cswitch,0,37,31,0,47063,6105740 ns
after_local_cswitch,0,38,30,0,23544,6105740 ns
after_local_cswitch,0,39,29,0,-77737,6105740 ns
after_local_cswitch,0,40,28,0,96097,6105740 ns
after_local_cswitch,0,41,27,0,16741,6105740 ns
after_local_cswitch,0,42,26,0,-31001,6105740 ns
after_local_cswitch,0,43,25,0,-141426,6105740 ns
after_local_cswitch,0,44,24,0,-101961,6105740 ns
after_local_cswitch,0,45,23,0,-31094,6105740 ns
after_local_cswitch,0,46,22,0,-160874,6105740 ns
after_local_cswitch,0,47,21,0,-57855,6105740 ns
after_local_cswitch,0,48,20,0,-174561,6105740 ns
after_local_cswitch,0,49,19,0,-56864,6105740 ns
after_local_cswitch,0,50,18,0,-2279,6105740 ns
after_local_cswitch,0,51,17,0,21146,6105740 ns
after_local_cswitch,0,52,16,0,-110457,6105740 ns
after_local_cswitch,0,53,15,0,-71356,6105740 ns
after_local_cswitch,0,54,14,0,118222,6105740 ns
after_local_cswitch,0,55,13,0,11791,6105740 ns
after_local_cswitch,0,56,12,0,21457,6105740 ns
after_local_cswitch,0,57,11,0,129521,6105740 ns
after_local_cswitch,0,58,10,0,54401,6105740 ns
after_local_cswitch,0,59,9,0,170755,6105740 ns
after_local_cswitch,0,60,8,0,63680,6105740 ns
after_local_cswitch,0,61,7,0,-156888,6105740 ns
after_local_cswitch,0,62,6,0,45787,6105740 ns
after_local_cswitch,0,63,5,0,57579,6105740 ns
after_local_cswitch,0,0,36,0,26052,6105740 ns
after_local_cswitch,0,1,35,0,2517,6105740 ns
after_local_cswitch,0,2,34,0,54774,6105740 ns
after_local_cswitch,0,3,33,0,-55175,6105740 ns
after_local_cswitch,0,4,32,0,97585,6105740 ns
after_local_cswitch,0,5,31,0,35081,6105740 ns
after_local_cswitch,0,6,30,0,19674,6105740 ns
after_local_cswitch,0,7,29,0,95583,6105740 ns
after_local_cswitch,0,8,28,0,24642,6105740 ns
after_local_cswitch,0,9,27,0,-26821,6105740 ns
after_local_cswitch,0,10,26,0,-53490,6105740 ns
after_local_cswitch,0,11,25,0,-167844,6105740 ns
after_local_cswitch,0,12,24,0,120092,6105740 ns
after_local_cswitch,0,13,23,0,31509,6105740 ns
after_local_cswitch,0,14,22,0,-2304,6105740 ns
after_local_cswitch,0,15,21,0,72151,6105740 ns
after_local_cswitch,0,16,20,0,-20789,6105740 ns
after_local_cswitch,0,17,19,0,-45236,6105740 ns
after_local_cswitch,0,18,18,0,-8638,6105740 ns
after_local_cswitch,0,19,17,0,22799,6105740 ns
after_local_cswitch,0,20,16,0,-103726,6105740 ns
after_local_cswitch,0,21,15,0,-172683,6105740 ns
after_local_cswitch,0,22,14,0,195543,6105740 ns
after_local_cswitch,0,23,13,0,39826,6105740 ns
after_local_cswitch,0,24,12,0,9849,6105740 ns
after_local_cswitch,0,25,11,0,48317,6105740 ns
after_local_cswitch,0,26,10,0,179557,6105740 ns
after_local_cswitch,0,27,9,0,78587,6105740 ns
after_local_cswitch,0,28,8,0,-48925,6105740 ns
after_local_cswitch,0,29,7,0,-230138,6105740 ns
after_local_cswitch,0,30,6,0,-115339,6105740 ns
after_local_cswitch,0,31,5,0,30585,6105740 ns
after_local_cswitch,0,32,36,0,153134,6105740 ns
after_local_cswitch,0,33,35,0,37088,6105740 ns
after_local_cswitch,0,34,34,0,29051,6105740 ns
after_local_cswitch,0,35,33,0,59671,6105740 ns
after_local_cswitch,0,36,32,0,-105013,6105740 ns
after_local_cswitch,0,37,31,0,47063,6105740 ns
after_local_cswitch,0,38,30,0,23544,6105740 ns
after_local_cswitch,0,39,29,0,-77737,6105740 ns
after_local_cswitch,0,40,28,0,96097,6105740 ns
after_local_cswitch,0,41,27,0,16741,6105740 ns
after_local_cswitch,0,42,26,0,-31001,6105740 ns
after_local_cswitch,0,43,25,0,-141426,6105740 ns
after_local_cswitch,0,44,24,0,-101961,6105740 ns
after_local_cswitch,0,45,23,0,-31094,6105740 ns
after_local_cswitch,0,46,22,0,-160874,6105740 ns
after_local_cswitch,0,47,21,0,-57855,6105740 ns
after_local_cswitch,0,48,20,0,-174561,6105740 ns
after_local_cswitch,0,49,19,0,-56864,6105740 ns
after_local_cswitch,0,50,18,0,-2279,6105740 ns
after_local_cswitch,0,51,17,0,21146,6105740 ns
after_local_cswitch,0,52,16,0,-110457,6105740 ns
after_local_cswitch,0,53,15,0,-71356,6105740 ns
after_local_cswitch,0,54,14,0,118222,6105740 ns
after_local_cswitch,0,55,13,0,11791,6105740 ns
after_local_cswitch,0,56,12,0,21457,6105740 ns
after_local_cswitch,0,57,11,0,129521,6105740 ns
after_local_cswitch,0,58,10,0,54401,6105740 ns
after_local_cswitch,0,59,9,0,170755,6105740 ns
after_local_cswitch,0,60,8,0,63680,6105740 ns
after_local_cswitch,0,61,7,0,-156888,6105740 ns
after_local_cswitch,0,62,6,0,45787,6105740 ns
after_local_cswitch,0,63,5,0,57579,6105740 ns
after_local_cswitch,0,0,37,0,32417,6105750 ns
after_local_cswitch,0,1,36,0,-111667,6105750 ns
after_local_cswitch,0,2,35,0,74188,6105750 ns
after_local_cswitch,0,3,34,0,87012,6105750 ns
after_local_cswitch,0,4,33,0,30882,6105750 ns
after_local_cswitch,0,5,32,0,-31892,6105750 ns
after_local_cswitch,0,6,31,0,-51851,6105750 ns
after_local_cswitch,0,7,30,0,90282,6105750 ns
after_local_cswitch,0,8,29,0,93425,6105750 ns
after_local_cswitch,0,9,28,0,-4546,6105750 ns
after_local_cswitch,0,10,27,0,119389,6105750 ns
after_local_cswitch,0,11,26,0,33909,6105750 ns
after_local_cswitch,0,12,25,0,14485,6105750 ns
after_local_cswitch,0,13,24,0,-35195,6105750 ns
after_local_cswitch,0,14,23,0,-749,6105750 ns
after_local_cswitch,0,15,22,0,-118196,6105750 ns
after_local_cswitch,0,16,21,0,15754,6105750 ns
after_local_cswitch,0,17,20,0,29019,6105750 ns
after_local_cswitch,0,18,19,0,-13958,6105750 ns
after_local_cswitch,0,19,18,0,-20717,6105750 ns
after_local_cswitch,0,20,17,0,-19766,6105750 ns
after_local_cswitch,0,21,16,0,61685,6105750 ns
after_local_cswitch,0,22,15,0,16731,6105750 ns
after_local_cswitch,0,23,14,0,21841,6105750 ns
after_local_cswitch,0,24,13,0,68664,6105750 ns
after_local_cswitch,0,25,12,0,4812,6105750 ns
after_local_cswitch,0,26,11,0,-44690,6105750 ns
after_local_cswitch,0,27,10,0,16345,6105750 ns
after_local_cswitch,0,28,9,0,71499,6105750 ns
after_local_cswitch,0,29,8,0,114298,6105750 ns
after_local_cswitch,0,30,7,0,10526,6105750 ns
after_local_cswitch,0,31,6,0,-15258,6105750 ns
after_local_cswitch,0,32,37,0,58069,6105750 ns
after_local_cswitch,0,33,36,0,-22865,6105750 ns
after_local_cswitch,0,34,35,0,63735,6105750 ns
after_local_cswitch,0,35,34,0,-71017,6105750 ns
after_local_cswitch,0,36,33,0,93945,6105750 ns
after_local_cswitch,0,37,32,0,-76620,6105750 ns
after_local_cswitch,0,38,31,0,-52742,6105750 ns
after_local_cswitch,0,39,30,0,57924,6105750 ns
after_local_cswitch,0,40,29,0,-136386,6105750 ns
after_local_cswitch,0,41,28,0,138720,6105750 ns
after_local_cswitch,0,42,27,0,-161331,6105750 ns
after_local_cswitch,0,43,26,0,-60289,6105750 ns
after_local_cswitch,0,44,25,0,48245,6105750 ns
after_local_cswitch,0,45,24,0,158214,6105750 ns
after_local_cswitch,0,46,23,0,43799,6105750 ns
after_local_cswitch,0,47,22,0,23484,6105750 ns
after_local_cswitch,0,48,21,0,-94376,6105750 ns
after_local_cswitch,0,49,20,0,-34216,6105750 ns
after_local_cswitch,0,50,19,0,-12486,6105750 ns
after_local_cswitch,0,51,18,0,103126,6105750 ns
after_local_cswitch,0,52,17,0,128234,6105750 ns
after_local_cswitch,0,53,16,0,-129937,6105750 ns
after_local_cswitch,0,54,15,0,79769,6105750 ns
after_local_cswitch,0,55,14,0,182060,6105750 ns
after_local_cswitch,0,56,13,0,-76670,6105750 ns
after_local_cswitch,0,57,12,0,36799,6105750 ns
after_local_cswitch,0,58,11,0,-51191,6105750 ns
after_local_cswitch,0,59,10,0,-113020,6105750 ns
after_local_cswitch,0,60,9,0,33939,6105750 ns
after_local_cswitch,0,61,8,0,-89148,6105750 ns
after_local_cswitch,0,62,7,0,32000,6105750 ns
after_local_cswitch,0,63,6,0,12981,6105750 ns
after_local_cswitch,0,0,37,0,32417,6105750 ns
after_local_cswitch,0,1,36,0,-111667,6105750 ns
after_local_cswitch,0,2,35,0,74188,6105750 ns
after_local_cswitch,0,3,34,0,87012,6105750 ns
after_local_cswitch,0,4,33,0,30882,6105750 ns
after_local_cswitch,0,5,32,0,-31892,6105750 ns
after_local_cswitch,0,6,31,0,-51851,6105750 ns
after_local_cswitch,0,7,30,0,90282,6105750 ns
after_local_cswitch,0,8,29,0,93425,6105750 ns
after_local_cswitch,0,9,28,0,-4546,6105750 ns
after_local_cswitch,0,10,27,0,119389,6105750 ns
after_local_cswitch,0,11,26,0,33909,6105750 ns
after_local_cswitch,0,12,25,0,14485,6105750 ns
after_local_cswitch,0,13,24,0,-35195,6105750 ns
after_local_cswitch,0,14,23,0,-749,6105750 ns
after_local_cswitch,0,15,22,0,-118196,6105750 ns
after_local_cswitch,0,16,21,0,15754,6105750 ns
after_local_cswitch,0,17,20,0,29019,6105750 ns
after_local_cswitch,0,18,19,0,-13958,6105750 ns
after_local_cswitch,0,19,18,0,-20717,6105750 ns
after_local_cswitch,0,20,17,0,-19766,6105750 ns
after_local_cswitch,0,21,16,0,61685,6105750 ns
after_local_cswitch,0,22,15,0,16731,6105750 ns
after_local_cswitch,0,23,14,0,21841,6105750 ns
after_local_cswitch,0,24,13,0,68664,6105750 ns
after_local_cswitch,0,25,12,0,4812,6105750 ns
after_local_cswitch,0,26,11,0,-44690,6105750 ns
after_local_cswitch,0,27,10,0,16345,6105750 ns
after_local_cswitch,0,28,9,0,71499,6105750 ns
after_local_cswitch,0,29,8,0,114298,6105750 ns
after_local_cswitch,0,30,7,0,10526,6105750 ns
after_local_cswitch,0,31,6,0,-15258,6105750 ns
after_local_cswitch,0,32,37,0,58069,6105750 ns
after_local_cswitch,0,33,36,0,-22865,6105750 ns
after_local_cswitch,0,34,35,0,63735,6105750 ns
after_local_cswitch,0,35,34,0,-71017,6105750 ns
after_local_cswitch,0,36,33,0,93945,6105750 ns
after_local_cswitch,0,37,32,0,-76620,6105750 ns
after_local_cswitch,0,38,31,0,-52742,6105750 ns
after_local_cswitch,0,39,30,0,57924,6105750 ns
after_local_cswitch,0,40,29,0,-136386,6105750 ns
after_local_cswitch,0,41,28,0,138720,6105750 ns
after_local_cswitch,0,42,27,0,-161331,6105750 ns
after_local_cswitch,0,43,26,0,-60289,6105750 ns
after_local_cswitch,0,44,25,0,48245,6105750 ns
after_local_cswitch,0,45,24,0,158214,6105750 ns
after_local_cswitch,0,46,23,0,43799,6105750 ns
after_local_cswitch,0,47,22,0,23484,6105750 ns
after_local_cswitch,0,48,21,0,-94376,6105750 ns
after_local_cswitch,0,49,20,0,-34216,6105750 ns
after_local_cswitch,0,50,19,0,-12486,6105750 ns
after_local_cswitch,0,51,18,0,103126,6105750 ns
after_local_cswitch,0,52,17,0,128234,6105750 ns
after_local_cswitch,0,53,16,0,-129937,6105750 ns
after_local_cswitch,0,54,15,0,79769,6105750 ns
after_local_cswitch,0,55,14,0,182060,6105750 ns
after_local_cswitch,0,56,13,0,-76670,6105750 ns
after_local_cswitch,0,57,12,0,36799,6105750 ns
after_local_cswitch,0,58,11,0,-51191,6105750 ns
after_local_cswitch,0,59,10,0,-113020,6105750 ns
after_local_cswitch,0,60,9,0,33939,6105750 ns
after_local_cswitch,0,61,8,0,-89148,6105750 ns
after_local_cswitch,0,62,7,0,32000,6105750 ns
after_local_cswitch,0,63,6,0,12981,6105750 ns
after_local_cswitch,0,0,37,0,32417,6105750 ns
after_local_cswitch,0,1,36,0,-111667,6105750 ns
after_local_cswitch,0,2,35,0,74188,6105750 ns
after_local_cswitch,0,3,34,0,87012,6105750 ns
after_local_cswitch,0,4,33,0,30882,6105750 ns
after_local_cswitch,0,5,32,0,-31892,6105750 ns
after_local_cswitch,0,6,31,0,-51851,6105750 ns
after_local_cswitch,0,7,30,0,90282,6105750 ns
after_local_cswitch,0,8,29,0,93425,6105750 ns
after_local_cswitch,0,9,28,0,-4546,6105750 ns
after_local_cswitch,0,10,27,0,119389,6105750 ns
after_local_cswitch,0,11,26,0,33909,6105750 ns
after_local_cswitch,0,12,25,0,14485,6105750 ns
after_local_cswitch,0,13,24,0,-35195,6105750 ns
after_local_cswitch,0,14,23,0,-749,6105750 ns
after_local_cswitch,0,15,22,0,-118196,6105750 ns
after_local_cswitch,0,16,21,0,15754,6105750 ns
after_local_cswitch,0,17,20,0,29019,6105750 ns
after_local_cswitch,0,18,19,0,-13958,6105750 ns
after_local_cswitch,0,19,18,0,-20717,6105750 ns
after_local_cswitch,0,20,17,0,-19766,6105750 ns
after_local_cswitch,0,21,16,0,61685,6105750 ns
after_local_cswitch,0,22,15,0,16731,6105750 ns
after_local_cswitch,0,23,14,0,21841,6105750 ns
after_local_cswitch,0,24,13,0,68664,6105750 ns
after_local_cswitch,0,25,12,0,4812,6105750 ns
after_local_cswitch,0,26,11,0,-44690,6105750 ns
after_local_cswitch,0,27,10,0,16345,6105750 ns
after_local_cswitch,0,28,9,0,71499,6105750 ns
after_local_cswitch,0,29,8,0,114298,6105750 ns
after_local_cswitch,0,30,7,0,10526,6105750 ns
after_local_cswitch,0,31,6,0,-15258,6105750 ns
after_local_cswitch,0,32,37,0,58069,6105750 ns
after_local_cswitch,0,33,36,0,-22865,6105750 ns
after_local_cswitch,0,34,35,0,63735,6105750 ns
after_local_cswitch,0,35,34,0,-71017,6105750 ns
after_local_cswitch,0,36,33,0,93945,6105750 ns
after_local_cswitch,0,37,32,0,-76620,6105750 ns
after_local_cswitch,0,38,31,0,-52742,6105750 ns
after_local_cswitch,0,39,30,0,57924,6105750 ns
after_local_cswitch,0,40,29,0,-136386,6105750 ns
after_local_cswitch,0,41,28,0,138720,6105750 ns
after_local_cswitch,0,42,27,0,-161331,6105750 ns
after_local_cswitch,0,43,26,0,-60289,6105750 ns
after_local_cswitch,0,44,25,0,48245,6105750 ns
after_local_cswitch,0,45,24,0,158214,6105750 ns
after_local_cswitch,0,46,23,0,43799,6105750 ns
after_local_cswitch,0,47,22,0,23484,6105750 ns
after_local_cswitch,0,48,21,0,-94376,6105750 ns
after_local_cswitch,0,49,20,0,-34216,6105750 ns
after_local_cswitch,0,50,19,0,-12486,6105750 ns
after_local_cswitch,0,51,18,0,103126,6105750 ns
after_local_cswitch,0,52,17,0,128234,6105750 ns
after_local_cswitch,0,53,16,0,-129937,6105750 ns
after_local_cswitch,0,54,15,0,79769,6105750 ns
after_local_cswitch,0,55,14,0,182060,6105750 ns
after_local_cswitch,0,56,13,0,-76670,6105750 ns
after_local_cswitch,0,57,12,0,36799,6105750 ns
after_local_cswitch,0,58,11,0,-51191,6105750 ns
after_local_cswitch,0,59,10,0,-113020,6105750 ns
after_local_cswitch,0,60,9,0,33939,6105750 ns
after_local_cswitch,0,61,8,0,-89148,6105750 ns
after_local_cswitch,0,62,7,0,32000,6105750 ns
after_local_cswitch,0,63,6,0,12981,6105750 ns
after_local_cswitch,0,0,38,0,-30311,6105760 ns
after_local_cswitch,0,1,37,0,-31332,6105760 ns
after_local_cswitch,0,2,36,0,218588,6105760 ns
after_local_cswitch,0,3,35,0,31850,6105760 ns
after_local_cswitch,0,4,34,0,26455,6105760 ns
after_local_cswitch,0,5,33,0,-15407,6105760 ns
after_local_cswitch,0,6,32,0,173983,6105760 ns
after_local_cswitch,0,7,31,0,-127171,6105760 ns
after_local_cswitch,0,8,30,0,-221648,6105760 ns
after_local_cswitch,0,9,29,0,-10288,6105760 ns
after_local_cswitch,0,10,28,0,244298,6105760 ns
after_local_cswitch,0,11,27,0,1847,6105760 ns
after_local_cswitch,0,12,26,0,89357,6105760 ns
after_local_cswitch,0,13,25,0,-94825,6105760 ns
after_local_cswitch,0,14,24,0,-32915,6105760 ns
after_local_cswitch,0,15,23,0,159007,6105760 ns
after_local_cswitch,0,16,22,0,54704,6105760 ns
after_local_cswitch,0,17,21,0,-123407,6105760 ns
after_local_cswitch,0,18,20,0,-14683,6105760 ns
after_local_cswitch,0,19,19,0,31547,6105760 ns
after_local_cswitch,0,20,18,0,117176,6105760 ns
after_local_cswitch,0,21,17,0,-17434,6105760 ns
after_local_cswitch,0,22,16,0,-85550,6105760 ns
after_local_cswitch,0,23,15,0,-55961,6105760 ns
after_local_cswitch,0,24,14,0,-68913,6105760 ns
after_local_cswitch,0,25,13,0,-23865,6105760 ns
after_local_cswitch,0,26,12,0,5734,6105760 ns
after_local_cswitch,0,27,11,0,-163561,6105760 ns
after_local_cswitch,0,28,10,0,145175,6105760 ns
after_local_cswitch,0,29,9,0,19970,6105760 ns
after_local_cswitch,0,30,8,0,56290,6105760 ns
after_local_cswitch,0,31,7,0,-152281,6105760 ns
after_local_cswitch,0,32,38,0,-48492,6105760 ns
after_local_cswitch,0,33,37,0,-48947,6105760 ns
after_local_cswitch,0,34,36,0,-219814,6105760 ns
after_local_cswitch,0,35,35,0,-241,6105760 ns
after_local_cswitch,0,36,34,0,114377,6105760 ns
after_local_cswitch,0,37,33,0,-50049,6105760 ns
after_local_cswitch,0,38,32,0,-52019,6105760 ns
after_local_cswitch,0,39,31,0,-37787,6105760 ns
after_local_cswitch,0,40,30,0,-23565,6105760 ns
after_local_cswitch,0,41,29,0,-177570,6105760 ns
after_local_cswitch,0,42,28,0,1826,6105760 ns
after_local_cswitch,0,43,27,0,-66312,6105760 ns
after_local_cswitch,0,44,26,0,-69591,6105760 ns
after_local_cswitch,0,45,25,0,27876,6105760 ns
after_local_cswitch,0,46,24,0,-45085,6105760 ns
after_local_cswitch,0,47,23,0,60845,6105760 ns
after_local_cswitch,0,48,22,0,-27481,6105760 ns
after_local_cswitch,0,49,21,0,62044,6105760 ns
after_local_cswitch,0,50,20,0,25178,6105760 ns
after_local_cswitch,0,51,19,0,-22170,6105760 ns
after_local_cswitch,0,52,18,0,-231622,6105760 ns
after_local_cswitch,0,53,17,0,124878,6105760 ns
after_local_cswitch,0,54,16,0,6575,6105760 ns
after_local_cswitch,0,55,15,0,38889,6105760 ns
after_local_cswitch,0,56,14,0,31793,6105760 ns
after_local_cswitch,0,57,13,0,-23325,6105760 ns
after_local_cswitch,0,58,12,0,-37531,6105760 ns
after_local_cswitch,0,59,11,0,-3288,6105760 ns
after_local_cswitch,0,60,10,0,57352,6105760 ns
after_local_cswitch,0,61,9,0,184647,6105760 ns
after_local_cswitch,0,62,8,0,98805,6105760 ns
after_local_cswitch,0,63,7,0,-96091,6105760 ns
after_local_cswitch,0,0,38,0,-30311,6105760 ns
after_local_cswitch,0,1,37,0,-31332,6105760 ns
after_local_cswitch,0,2,36,0,218588,6105760 ns
after_local_cswitch,0,3,35,0,31850,6105760 ns
after_local_cswitch,0,4,34,0,26455,6105760 ns
after_local_cswitch,0,5,33,0,-15407,6105760 ns
after_local_cswitch,0,6,32,0,173983,6105760 ns
after_local_cswitch,0,7,31,0,-127171,6105760 ns
after_local_cswitch,0,8,30,0,-221648,6105760 ns
after_local_cswitch,0,9,29,0,-10288,6105760 ns
after_local_cswitch,0,10,28,0,244298,6105760 ns
after_local_cswitch,0,11,27,0,1847,6105760 ns
after_local_cswitch,0,12,26,0,89357,6105760 ns
after_local_cswitch,0,13,25,0,-94825,6105760 ns
after_local_cswitch,0,14,24,0,-32915,6105760 ns
after_local_cswitch,0,15,23,0,159007,6105760 ns
after_local_cswitch,0,16,22,0,54704,6105760 ns
after_local_cswitch,0,17,21,0,-123407,6105760 ns
after_local_cswitch,0,18,20,0,-14683,6105760 ns
after_local_cswitch,0,19,19,0,31547,6105760 ns
after_local_cswitch,0,20,18,0,117176,6105760 ns
after_local_cswitch,0,21,17,0,-17434,6105760 ns
after_local_cswitch,0,22,16,0,-85550,6105760 ns
after_local_cswitch,0,23,15,0,-55961,6105760 ns
after_local_cswitch,0,24,14,0,-68913,6105760 ns
after_local_cswitch,0,25,13,0,-23865,6105760 ns
after_local_cswitch,0,26,12,0,5734,6105760 ns
after_local_cswitch,0,27,11,0,-163561,6105760 ns
after_local_cswitch,0,28,10,0,145175,6105760 ns
after_local_cswitch,0,29,9,0,19970,6105760 ns
after_local_cswitch,0,30,8,0,56290,6105760 ns
after_local_cswitch,0,31,7,0,-152281,6105760 ns
after_local_cswitch,0,32,38,0,-48492,6105760 ns
after_local_cswitch,0,33,37,0,-48947,6105760 ns
after_local_cswitch,0,34,36,0,-219814,6105760 ns
after_local_cswitch,0,35,35,0,-241,6105760 ns
after_local_cswitch,0,36,34,0,114377,6105760 ns
after_local_cswitch,0,37,33,0,-50049,6105760 ns
after_local_cswitch,0,38,32,0,-52019,6105760 ns
after_local_cswitch,0,39,31,0,-37787,6105760 ns
after_local_cswitch,0,40,30,0,-23565,6105760 ns
after_local_cswitch,0,41,29,0,-177570,6105760 ns
after_local_cswitch,0,42,28,0,1826,6105760 ns
after_local_cswitch,0,43,27,0,-66312,6105760 ns
after_local_cswitch,0,44,26,0,-69591,6105760 ns
after_local_cswitch,0,45,25,0,27876,6105760 ns
after_local_cswitch,0,46,24,0,-45085,6105760 ns
after_local_cswitch,0,47,23,0,60845,6105760 ns
after_local_cswitch,0,48,22,0,-27481,6105760 ns
after_local_cswitch,0,49,21,0,62044,6105760 ns
after_local_cswitch,0,50,20,0,25178,6105760 ns
after_local_cswitch,0,51,19,0,-22170,6105760 ns
after_local_cswitch,0,52,18,0,-231622,6105760 ns
after_local_cswitch,0,53,17,0,124878,6105760 ns
after_local_cswitch,0,54,16,0,6575,6105760 ns
after_local_cswitch,0,55,15,0,38889,6105760 ns
after_local_cswitch,0,56,14,0,31793,6105760 ns
after_local_cswitch,0,57,13,0,-23325,6105760 ns
after_local_cswitch,0,58,12,0,-37531,6105760 ns
after_local_cswitch,0,59,11,0,-3288,6105760 ns
after_local_cswitch,0,60,10,0,57352,6105760 ns
after_local_cswitch,0,61,9,0,184647,6105760 ns
after_local_cswitch,0,62,8,0,98805,6105760 ns
after_local_cswitch,0,63,7,0,-96091,6105760 ns
after_local_cswitch,0,0,38,0,-30311,6105760 ns
after_local_cswitch,0,1,37,0,-31332,6105760 ns
after_local_cswitch,0,2,36,0,218588,6105760 ns
after_local_cswitch,0,3,35,0,31850,6105760 ns
after_local_cswitch,0,4,34,0,26455,6105760 ns
after_local_cswitch,0,5,33,0,-15407,6105760 ns
after_local_cswitch,0,6,32,0,173983,6105760 ns
after_local_cswitch,0,7,31,0,-127171,6105760 ns
after_local_cswitch,0,8,30,0,-221648,6105760 ns
after_local_cswitch,0,9,29,0,-10288,6105760 ns
after_local_cswitch,0,10,28,0,244298,6105760 ns
after_local_cswitch,0,11,27,0,1847,6105760 ns
after_local_cswitch,0,12,26,0,89357,6105760 ns
after_local_cswitch,0,13,25,0,-94825,6105760 ns
after_local_cswitch,0,14,24,0,-32915,6105760 ns
after_local_cswitch,0,15,23,0,159007,6105760 ns
after_local_cswitch,0,16,22,0,54704,6105760 ns
after_local_cswitch,0,17,21,0,-123407,6105760 ns
after_local_cswitch,0,18,20,0,-14683,6105760 ns
after_local_cswitch,0,19,19,0,31547,6105760 ns
after_local_cswitch,0,20,18,0,117176,6105760 ns
after_local_cswitch,0,21,17,0,-17434,6105760 ns
after_local_cswitch,0,22,16,0,-85550,6105760 ns
after_local_cswitch,0,23,15,0,-55961,6105760 ns
after_local_cswitch,0,24,14,0,-68913,6105760 ns
after_local_cswitch,0,25,13,0,-23865,6105760 ns
after_local_cswitch,0,26,12,0,5734,6105760 ns
after_local_cswitch,0,27,11,0,-163561,6105760 ns
after_local_cswitch,0,28,10,0,145175,6105760 ns
after_local_cswitch,0,29,9,0,19970,6105760 ns
after_local_cswitch,0,30,8,0,56290,6105760 ns
after_local_cswitch,0,31,7,0,-152281,6105760 ns
after_local_cswitch,0,32,38,0,-48492,6105760 ns
after_local_cswitch,0,33,37,0,-48947,6105760 ns
after_local_cswitch,0,34,36,0,-219814,6105760 ns
after_local_cswitch,0,35,35,0,-241,6105760 ns
after_local_cswitch,0,36,34,0,114377,6105760 ns
after_local_cswitch,0,37,33,0,-50049,6105760 ns
after_local_cswitch,0,38,32,0,-52019,6105760 ns
after_local_cswitch,0,39,31,0,-37787,6105760 ns
after_local_cswitch,0,40,30,0,-23565,6105760 ns
after_local_cswitch,0,41,29,0,-177570,6105760 ns
after_local_cswitch,0,42,28,0,1826,6105760 ns
after_local_cswitch,0,43,27,0,-66312,6105760 ns
after_local_cswitch,0,44,26,0,-69591,6105760 ns
after_local_cswitch,0,45,25,0,27876,6105760 ns
after_local_cswitch,0,46,24,0,-45085,6105760 ns
after_local_cswitch,0,47,23,0,60845,6105760 ns
after_local_cswitch,0,48,22,0,-27481,6105760 ns
after_local_cswitch,0,49,21,0,62044,6105760 ns
after_local_cswitch,0,50,20,0,25178,6105760 ns
after_local_cswitch,0,51,19,0,-22170,6105760 ns
after_local_cswitch,0,52,18,0,-231622,6105760 ns
after_local_cswitch,0,53,17,0,124878,6105760 ns
after_local_cswitch,0,54,16,0,6575,6105760 ns
after_local_cswitch,0,55,15,0,38889,6105760 ns
after_local_cswitch,0,56,14,0,31793,6105760 ns
after_local_cswitch,0,57,13,0,-23325,6105760 ns
after_local_cswitch,0,58,12,0,-37531,6105760 ns
after_local_cswitch,0,59,11,0,-3288,6105760 ns
after_local_cswitch,0,60,10,0,57352,6105760 ns
after_local_cswitch,0,61,9,0,184647,6105760 ns
after_local_cswitch,0,62,8,0,98805,6105760 ns
after_local_cswitch,0,63,7,0,-96091,6105760 ns
after_local_cswitch,0,0,39,0,-24919,6105770 ns
after_local_cswitch,0,1,38,0,14397,6105770 ns
after_local_cswitch,0,2,37,0,-84682,6105770 ns
after_local_cswitch,0,3,36,0,-100273,6105770 ns
after_local_cswitch,0,4,35,0,-86471,6105770 ns
after_local_cswitch,0,5,34,0,93448,6105770 ns
after_local_cswitch,0,6,33,0,5577,6105770 ns
after_local_cswitch,0,7,32,0,128803,6105770 ns
after_local_cswitch,0,8,31,0,89536,6105770 ns
after_local_cswitch,0,9,30,0,-98217,6105770 ns
after_local_cswitch,0,10,29,0,19593,6105770 ns
after_local_cswitch,0,11,28,0,-283650,6105770 ns
after_local_cswitch,0,12,27,0,63099,6105770 ns
after_local_cswitch,0,13,26,0,53694,6105770 ns
after_local_cswitch,0,14,25,0,47265,6105770 ns
after_local_cswitch,0,15,24,0,85468,6105770 ns
after_local_cswitch,0,16,23,0,44466,6105770 ns
after_local_cswitch,0,17,22,0,84380,6105770 ns
after_local_cswitch,0,18,21,0,100481,6105770 ns
after_local_cswitch,0,19,20,0,33190,6105770 ns
after_local_cswitch,0,20,19,0,16641,6105770 ns
after_local_cswitch,0,21,18,0,-79053,6105770 ns
after_local_cswitch,0,22,17,0,-105957,6105770 ns
after_local_cswitch,0,23,16,0,169590,6105770 ns
after_local_cswitch,0,24,15,0,-259904,6105770 ns
after_local_cswitch,0,25,14,0,39614,6105770 ns
after_local_cswitch,0,26,13,0,-84152,6105770 ns
after_local_cswitch,0,27,12,0,51741,6105770 ns
after_local_cswitch,0,28,11,0,-7736,6105770 ns
after_local_cswitch,0,29,10,0,24956,6105770 ns
after_local_cswitch,0,30,9,0,140837,6105770 ns
after_local_cswitch,0,31,8,0,-73312,6105770 ns
after_local_cswitch,0,32,39,0,141204,6105770 ns
after_local_cswitch,0,33,38,0,33279,6105770 ns
after_local_cswitch,0,34,37,0,-101498,6105770 ns
after_local_cswitch,0,35,36,0,20436,6105770 ns
after_local_cswitch,0,36,35,0,71112,6105770 ns
after_local_cswitch,0,37,34,0,-209684,6105770 ns
after_local_cswitch,0,38,33,0,166453,6105770 ns
after_local_cswitch,0,39,32,0,-16332,6105770 ns
after_local_cswitch,0,40,31,0,6913,6105770 ns
after_local_cswitch,0,41,30,0,11587,6105770 ns
after_local_cswitch,0,42,29,0,-13571,6105770 ns
after_local_cswitch,0,43,28,0,-22156,6105770 ns
after_local_cswitch,0,44,27,0,-25768,6105770 ns
after_local_cswitch,0,45,26,0,-658,6105770 ns
after_local_cswitch,0,46,25,0,1167,6105770 ns
after_local_cswitch,0,47,24,0,32380,6105770 ns
after_local_cswitch,0,48,23,0,-87939,6105770 ns
after_local_cswitch,0,49,22,0,119971,6105770 ns
after_local_cswitch,0,50,21,0,-8839,6105770 ns
after_local_cswitch,0,51,20,0,35764,6105770 ns
after_local_cswitch,0,52,19,0,-114624,6105770 ns
after_local_cswitch,0,53,18,0,-42315,6105770 ns
after_local_cswitch,0,54,17,0,124800,6105770 ns
after_local_cswitch,0,55,16,0,144773,6105770 ns
after_local_cswitch,0,56,15,0,-8221,6105770 ns
after_local_cswitch,0,57,14,0,-60199,6105770 ns
after_local_cswitch,0,58,13,0,90571,6105770 ns
after_local_cswitch,0,59,12,0,112303,6105770 ns
after_local_cswitch,0,60,11,0,-13477,6105770 ns
after_local_cswitch,0,61,10,0,105743,6105770 ns
after_local_cswitch,0,62,9,0,8486,6105770 ns
after_local_cswitch,0,63,8,0,-70871,6105770 ns
after_local_cswitch,0,0,39,0,-24919,6105770 ns
after_local_cswitch,0,1,38,0,14397,6105770 ns
after_local_cswitch,0,2,37,0,-84682,6105770 ns
after_local_cswitch,0,3,36,0,-100273,6105770 ns
after_local_cswitch,0,4,35,0,-86471,6105770 ns
after_local_cswitch,0,5,34,0,93448,6105770 ns
after_local_cswitch,0,6,33,0,5577,6105770 ns
after_local_cswitch,0,7,32,0,128803,6105770 ns
after_local_cswitch,0,8,31,0,89536,6105770 ns
after_local_cswitch,0,9,30,0,-98217,6105770 ns
after_local_cswitch,0,10,29,0,19593,6105770 ns
after_local_cswitch,0,11,28,0,-283650,6105770 ns
after_local_cswitch,0,12,27,0,63099,6105770 ns
after_local_cswitch,0,13,26,0,53694,6105770 ns
after_local_cswitch,0,14,25,0,47265,6105770 ns
after_local_cswitch,0,15,24,0,85468,6105770 ns
after_local_cswitch,0,16,23,0,44466,6105770 ns
after_local_cswitch,0,17,22,0,84380,6105770 ns
after_local_cswitch,0,18,21,0,100481,6105770 ns
after_local_cswitch,0,19,20,0,33190,6105770 ns
after_local_cswitch,0,20,19,0,16641,6105770 ns
after_local_cswitch,0,21,18,0,-79053,6105770 ns
after_local_cswitch,0,22,17,0,-105957,6105770 ns
after_local_cswitch,0,23,16,0,169590,6105770 ns
after_local_cswitch,0,24,15,0,-259904,6105770 ns
after_local_cswitch,0,25,14,0,39614,6105770 ns
after_local_cswitch,0,26,13,0,-84152,6105770 ns
after_local_cswitch,0,27,12,0,51741,6105770 ns
after_local_cswitch,0,28,11,0,-7736,6105770 ns
after_local_cswitch,0,29,10,0,24956,6105770 ns
after_local_cswitch,0,30,9,0,140837,6105770 ns
after_local_cswitch,0,31,8,0,-73312,6105770 ns
after_local_cswitch,0,32,39,0,141204,6105770 ns
after_local_cswitch,0,33,38,0,33279,6105770 ns
after_local_cswitch,0,34,37,0,-101498,6105770 ns
after_local_cswitch,0,35,36,0,20436,6105770 ns
after_local_cswitch,0,36,35,0,71112,6105770 ns
after_local_cswitch,0,37,34,0,-209684,6105770 ns
after_local_cswitch,0,38,33,0,166453,6105770 ns
after_local_cswitch,0,39,32,0,-16332,6105770 ns
after_local_cswitch,0,40,31,0,6913,6105770 ns
after_local_cswitch,0,41,30,0,11587,6105770 ns
after_local_cswitch,0,42,29,0,-13571,6105770 ns
after_local_cswitch,0,43,28,0,-22156,6105770 ns
after_local_cswitch,0,44,27,0,-25768,6105770 ns
after_local_cswitch,0,45,26,0,-658,6105770 ns
after_local_cswitch,0,46,25,0,1167,6105770 ns
after_local_cswitch,0,47,24,0,32380,6105770 ns
after_local_cswitch,0,48,23,0,-87939,6105770 ns
after_local_cswitch,0,49,22,0,119971,6105770 ns
after_local_cswitch,0,50,21,0,-8839,6105770 ns
after_local_cswitch,0,51,20,0,35764,6105770 ns
after_local_cswitch,0,52,19,0,-114624,6105770 ns
after_local_cswitch,0,53,18,0,-42315,6105770 ns
after_local_cswitch,0,54,17,0,124800,6105770 ns
after_local_cswitch,0,55,16,0,144773,6105770 ns
after_local_cswitch,0,56,15,0,-8221,6105770 ns
after_local_cswitch,0,57,14,0,-60199,6105770 ns
after_local_cswitch,0,58,13,0,90571,6105770 ns
after_local_cswitch,0,59,12,0,112303,6105770 ns
after_local_cswitch,0,60,11,0,-13477,6105770 ns
after_local_cswitch,0,61,10,0,105743,6105770 ns
after_local_cswitch,0,62,9,0,8486,6105770 ns
after_local_cswitch,0,63,8,0,-70871,6105770 ns
after_local_cswitch,0,0,39,0,-24919,6105770 ns
after_local_cswitch,0,1,38,0,14397,6105770 ns
after_local_cswitch,0,2,37,0,-84682,6105770 ns
after_local_cswitch,0,3,36,0,-100273,6105770 ns
after_local_cswitch,0,4,35,0,-86471,6105770 ns
after_local_cswitch,0,5,34,0,93448,6105770 ns
after_local_cswitch,0,6,33,0,5577,6105770 ns
after_local_cswitch,0,7,32,0,128803,6105770 ns
after_local_cswitch,0,8,31,0,89536,6105770 ns
after_local_cswitch,0,9,30,0,-98217,6105770 ns
after_local_cswitch,0,10,29,0,19593,6105770 ns
after_local_cswitch,0,11,28,0,-283650,6105770 ns
after_local_cswitch,0,12,27,0,63099,6105770 ns
after_local_cswitch,0,13,26,0,53694,6105770 ns
after_local_cswitch,0,14,25,0,47265,6105770 ns
after_local_cswitch,0,15,24,0,85468,6105770 ns
after_local_cswitch,0,16,23,0,44466,6105770 ns
after_local_cswitch,0,17,22,0,84380,6105770 ns
after_local_cswitch,0,18,21,0,100481,6105770 ns
after_local_cswitch,0,19,20,0,33190,6105770 ns
after_local_cswitch,0,20,19,0,16641,6105770 ns
after_local_cswitch,0,21,18,0,-79053,6105770 ns
after_local_cswitch,0,22,17,0,-105957,6105770 ns
after_local_cswitch,0,23,16,0,169590,6105770 ns
after_local_cswitch,0,24,15,0,-259904,6105770 ns
after_local_cswitch,0,25,14,0,39614,6105770 ns
after_local_cswitch,0,26,13,0,-84152,6105770 ns
after_local_cswitch,0,27,12,0,51741,6105770 ns
after_local_cswitch,0,28,11,0,-7736,6105770 ns
after_local_cswitch,0,29,10,0,24956,6105770 ns
after_local_cswitch,0,30,9,0,140837,6105770 ns
after_local_cswitch,0,31,8,0,-73312,6105770 ns
after_local_cswitch,0,32,39,0,141204,6105770 ns
after_local_cswitch,0,33,38,0,33279,6105770 ns
after_local_cswitch,0,34,37,0,-101498,6105770 ns
after_local_cswitch,0,35,36,0,20436,6105770 ns
after_local_cswitch,0,36,35,0,71112,6105770 ns
after_local_cswitch,0,37,34,0,-209684,6105770 ns
after_local_cswitch,0,38,33,0,166453,6105770 ns
after_local_cswitch,0,39,32,0,-16332,6105770 ns
after_local_cswitch,0,40,31,0,6913,6105770 ns
after_local_cswitch,0,41,30,0,11587,6105770 ns
after_local_cswitch,0,42,29,0,-13571,6105770 ns
after_local_cswitch,0,43,28,0,-22156,6105770 ns
after_local_cswitch,0,44,27,0,-25768,6105770 ns
after_local_cswitch,0,45,26,0,-658,6105770 ns
after_local_cswitch,0,46,25,0,1167,6105770 ns
after_local_cswitch,0,47,24,0,32380,6105770 ns
after_local_cswitch,0,48,23,0,-87939,6105770 ns
after_local_cswitch,0,49,22,0,119971,6105770 ns
after_local_cswitch,0,50,21,0,-8839,6105770 ns
after_local_cswitch,0,51,20,0,35764,6105770 ns
after_local_cswitch,0,52,19,0,-114624,6105770 ns
after_local_cswitch,0,53,18,0,-42315,6105770 ns
after_local_cswitch,0,54,17,0,124800,6105770 ns
after_local_cswitch,0,55,16,0,144773,6105770 ns
after_local_cswitch,0,56,15,0,-8221,6105770 ns
after_local_cswitch,0,57,14,0,-60199,6105770 ns
after_local_cswitch,0,58,13,0,90571,6105770 ns
after_local_cswitch,0,59,12,0,112303,6105770 ns
after_local_cswitch,0,60,11,0,-13477,6105770 ns
after_local_cswitch,0,61,10,0,105743,6105770 ns
after_local_cswitch,0,62,9,0,8486,6105770 ns
after_local_cswitch,0,63,8,0,-70871,6105770 ns
after_local_cswitch,0,0,40,0,168937,6105780 ns
after_local_cswitch,0,1,39,0,-83672,6105780 ns
after_local_cswitch,0,2,38,0,78228,6105780 ns
after_local_cswitch,0,3,37,0,-34916,6105780 ns
after_local_cswitch,0,4,36,0,-25096,6105780 ns
after_local_cswitch,0,5,35,0,-92198,6105780 ns
after_local_cswitch,0,6,34,0,97184,6105780 ns
after_local_cswitch,0,7,33,0,-160404,6105780 ns
after_local_cswitch,0,8,32,0,27473,6105780 ns
after_local_cswitch,0,9,31,0,209420,6105780 ns
after_local_cswitch,0,10,30,0,112174,6105780 ns
after_local_cswitch,0,11,29,0,-68064,6105780 ns
after_local_cswitch,0,12,28,0,-54726,6105780 ns
after_local_cswitch,0,13,27,0,75378,6105780 ns
after_local_cswitch,0,14,26,0,-43763,6105780 ns
after_local_cswitch,0,15,25,0,53974,6105780 ns
after_local_cswitch,0,16,24,0,5123,6105780 ns
after_local_cswitch,0,17,23,0,-30296,6105780 ns
after_local_cswitch,0,18,22,0,72801,6105780 ns
after_local_cswitch,0,19,21,0,40141,6105780 ns
after_local_cswitch,0,20,20,0,188459,6105780 ns
after_local_cswitch,0,21,19,0,-84489,6105780 ns
after_local_cswitch,0,22,18,0,-50398,6105780 ns
after_local_cswitch,0,23,17,0,93369,6105780 ns
after_local_cswitch,0,24,16,0,75180,6105780 ns
after_local_cswitch,0,25,15,0,52814,6105780 ns
after_local_cswitch,0,26,14,0,-154301,6105780 ns
after_local_cswitch,0,27,13,0,-1193,6105780 ns
after_local_cswitch,0,28,12,0,158325,6105780 ns
after_local_cswitch,0,29,11,0,-1511,6105780 ns
after_local_cswitch,0,30,10,0,59386,6105780 ns
after_local_cswitch,0,31,9,0,-22695,6105780 ns
after_local_cswitch,0,32,40,0,-142229,6105780 ns
after_local_cswitch,0,33,39,0,-48492,6105780 ns
after_local_cswitch,0,34,38,0,-7874,6105780 ns
after_local_cswitch,0,35,37,0,31708,6105780 ns
after_local_cswitch,0,36,36,0,69739,6105780 ns
after_local_cswitch,0,37,35,0,22839,6105780 ns
after_local_cswitch,0,38,34,0,-152061,6105780 ns
after_local_cswitch,0,39,33,0,152701,6105780 ns
after_local_cswitch,0,40,32,0,-5392,6105780 ns
after_local_cswitch,0,41,31,0,43465,6105780 ns
after_local_cswitch,0,42,30,0,37121,6105780 ns
after_local_cswitch,0,43,29,0,-90163,6105780 ns
after_local_cswitch,0,44,28,0,-4594,6105780 ns
after_local_cswitch,0,45,27,0,-89171,6105780 ns
after_local_cswitch,0,46,26,0,-77207,6105780 ns
after_local_cswitch,0,47,25,0,-170060,6105780 ns
after_local_cswitch,0,48,24,0,87232,6105780 ns
after_local_cswitch,0,49,23,0,153348,6105780 ns
after_local_cswitch,0,50,22,0,-52723,6105780 ns
after_local_cswitch,0,51,21,0,38089,6105780 ns
after_local_cswitch,0,52,20,0,-50415,6105780 ns
after_local_cswitch,0,53,19,0,-125775,6105780 ns
after_local_cswitch,0,54,18,0,-10664,6105780 ns
after_local_cswitch,0,55,17,0,-211514,6105780 ns
after_local_cswitch,0,56,16,0,-119609,6105780 ns
after_local_cswitch,0,57,15,0,-13829,6105780 ns
after_local_cswitch,0,58,14,0,-3817,6105780 ns
after_local_cswitch,0,59,13,0,-69810,6105780 ns
after_local_cswitch,0,60,12,0,48426,6105780 ns
after_local_cswitch,0,61,11,0,-93422,6105780 ns
after_local_cswitch,0,62,10,0,-26389,6105780 ns
after_local_cswitch,0,63,9,0,-61044,6105780 ns
after_local_cswitch,0,0,40,0,168937,6105780 ns
after_local_cswitch,0,1,39,0,-83672,6105780 ns
after_local_cswitch,0,2,38,0,78228,6105780 ns
after_local_cswitch,0,3,37,0,-34916,6105780 ns
after_local_cswitch,0,4,36,0,-25096,6105780 ns
after_local_cswitch,0,5,35,0,-92198,6105780 ns
after_local_cswitch,0,6,34,0,97184,6105780 ns
after_local_cswitch,0,7,33,0,-160404,6105780 ns
after_local_cswitch,0,8,32,0,27473,6105780 ns
after_local_cswitch,0,9,31,0,209420,6105780 ns
after_local_cswitch,0,10,30,0,112174,6105780 ns
after_local_cswitch,0,11,29,0,-68064,6105780 ns
after_local_cswitch,0,12,28,0,-54726,6105780 ns
after_local_cswitch,0,13,27,0,75378,6105780 ns
after_local_cswitch,0,14,26,0,-43763,6105780 ns
after_local_cswitch,0,15,25,0,53974,6105780 ns
after_local_cswitch,0,16,24,0,5123,6105780 ns
after_local_cswitch,0,17,23,0,-30296,6105780 ns
after_local_cswitch,0,18,22,0,72801,6105780 ns
after_local_cswitch,0,19,21,0,40141,6105780 ns
after_local_cswitch,0,20,20,0,188459,6105780 ns
after_local_cswitch,0,21,19,0,-84489,6105780 ns
after_local_cswitch,0,22,18,0,-50398,6105780 ns
after_local_cswitch,0,23,17,0,93369,6105780 ns
after_local_cswitch,0,24,16,0,75180,6105780 ns
after_local_cswitch,0,25,15,0,52814,6105780 ns
after_local_cswitch,0,26,14,0,-154301,6105780 ns
after_local_cswitch,0,27,13,0,-1193,6105780 ns
after_local_cswitch,0,28,12,0,158325,6105780 ns
after_local_cswitch,0,29,11,0,-1511,6105780 ns
after_local_cswitch,0,30,10,0,59386,6105780 ns
after_local_cswitch,0,31,9,0,-22695,6105780 ns
after_local_cswitch,0,32,40,0,-142229,6105780 ns
after_local_cswitch,0,33,39,0,-48492,6105780 ns
after_local_cswitch,0,34,38,0,-7874,6105780 ns
after_local_cswitch,0,35,37,0,31708,6105780 ns
after_local_cswitch,0,36,36,0,69739,6105780 ns
after_local_cswitch,0,37,35,0,22839,6105780 ns
after_local_cswitch,0,38,34,0,-152061,6105780 ns
after_local_cswitch,0,39,33,0,152701,6105780 ns
after_local_cswitch,0,40,32,0,-5392,6105780 ns
after_local_cswitch,0,41,31,0,43465,6105780 ns
after_local_cswitch,0,42,30,0,37121,6105780 ns
after_local_cswitch,0,43,29,0,-90163,6105780 ns
after_local_cswitch,0,44,28,0,-4594,6105780 ns
after_local_cswitch,0,45,27,0,-89171,6105780 ns
after_local_cswitch,0,46,26,0,-77207,6105780 ns
after_local_cswitch,0,47,25,0,-170060,6105780 ns
after_local_cswitch,0,48,24,0,87232,6105780 ns
after_local_cswitch,0,49,23,0,153348,6105780 ns
after_local_cswitch,0,50,22,0,-52723,6105780 ns
after_local_cswitch,0,51,21,0,38089,6105780 ns
after_local_cswitch,0,52,20,0,-50415,6105780 ns
after_local_cswitch,0,53,19,0,-125775,6105780 ns
after_local_cswitch,0,54,18,0,-10664,6105780 ns
after_local_cswitch,0,55,17,0,-211514,6105780 ns
after_local_cswitch,0,56,16,0,-119609,6105780 ns
after_local_cswitch,0,57,15,0,-13829,6105780 ns
after_local_cswitch,0,58,14,0,-3817,6105780 ns
after_local_cswitch,0,59,13,0,-69810,6105780 ns
after_local_cswitch,0,60,12,0,48426,6105780 ns
after_local_cswitch,0,61,11,0,-93422,6105780 ns
after_local_cswitch,0,62,10,0,-26389,6105780 ns
after_local_cswitch,0,63,9,0,-61044,6105780 ns
after_local_cswitch,0,0,40,0,168937,6105780 ns
after_local_cswitch,0,1,39,0,-83672,6105780 ns
after_local_cswitch,0,2,38,0,78228,6105780 ns
after_local_cswitch,0,3,37,0,-34916,6105780 ns
after_local_cswitch,0,4,36,0,-25096,6105780 ns
after_local_cswitch,0,5,35,0,-92198,6105780 ns
after_local_cswitch,0,6,34,0,97184,6105780 ns
after_local_cswitch,0,7,33,0,-160404,6105780 ns
after_local_cswitch,0,8,32,0,27473,6105780 ns
after_local_cswitch,0,9,31,0,209420,6105780 ns
after_local_cswitch,0,10,30,0,112174,6105780 ns
after_local_cswitch,0,11,29,0,-68064,6105780 ns
after_local_cswitch,0,12,28,0,-54726,6105780 ns
after_local_cswitch,0,13,27,0,75378,6105780 ns
after_local_cswitch,0,14,26,0,-43763,6105780 ns
after_local_cswitch,0,15,25,0,53974,6105780 ns
after_local_cswitch,0,16,24,0,5123,6105780 ns
after_local_cswitch,0,17,23,0,-30296,6105780 ns
after_local_cswitch,0,18,22,0,72801,6105780 ns
after_local_cswitch,0,19,21,0,40141,6105780 ns
after_local_cswitch,0,20,20,0,188459,6105780 ns
after_local_cswitch,0,21,19,0,-84489,6105780 ns
after_local_cswitch,0,22,18,0,-50398,6105780 ns
after_local_cswitch,0,23,17,0,93369,6105780 ns
after_local_cswitch,0,24,16,0,75180,6105780 ns
after_local_cswitch,0,25,15,0,52814,6105780 ns
after_local_cswitch,0,26,14,0,-154301,6105780 ns
after_local_cswitch,0,27,13,0,-1193,6105780 ns
after_local_cswitch,0,28,12,0,158325,6105780 ns
after_local_cswitch,0,29,11,0,-1511,6105780 ns
after_local_cswitch,0,30,10,0,59386,6105780 ns
after_local_cswitch,0,31,9,0,-22695,6105780 ns
after_local_cswitch,0,32,40,0,-142229,6105780 ns
after_local_cswitch,0,33,39,0,-48492,6105780 ns
after_local_cswitch,0,34,38,0,-7874,6105780 ns
after_local_cswitch,0,35,37,0,31708,6105780 ns
after_local_cswitch,0,36,36,0,69739,6105780 ns
after_local_cswitch,0,37,35,0,22839,6105780 ns
after_local_cswitch,0,38,34,0,-152061,6105780 ns
after_local_cswitch,0,39,33,0,152701,6105780 ns
after_local_cswitch,0,40,32,0,-5392,6105780 ns
after_local_cswitch,0,41,31,0,43465,6105780 ns
after_local_cswitch,0,42,30,0,37121,6105780 ns
after_local_cswitch,0,43,29,0,-90163,6105780 ns
after_local_cswitch,0,44,28,0,-4594,6105780 ns
after_local_cswitch,0,45,27,0,-89171,6105780 ns
after_local_cswitch,0,46,26,0,-77207,6105780 ns
after_local_cswitch,0,47,25,0,-170060,6105780 ns
after_local_cswitch,0,48,24,0,87232,6105780 ns
after_local_cswitch,0,49,23,0,153348,6105780 ns
after_local_cswitch,0,50,22,0,-52723,6105780 ns
after_local_cswitch,0,51,21,0,38089,6105780 ns
after_local_cswitch,0,52,20,0,-50415,6105780 ns
after_local_cswitch,0,53,19,0,-125775,6105780 ns
after_local_cswitch,0,54,18,0,-10664,6105780 ns
after_local_cswitch,0,55,17,0,-211514,6105780 ns
after_local_cswitch,0,56,16,0,-119609,6105780 ns
after_local_cswitch,0,57,15,0,-13829,6105780 ns
after_local_cswitch,0,58,14,0,-3817,6105780 ns
after_local_cswitch,0,59,13,0,-69810,6105780 ns
after_local_cswitch,0,60,12,0,48426,6105780 ns
after_local_cswitch,0,61,11,0,-93422,6105780 ns
after_local_cswitch,0,62,10,0,-26389,6105780 ns
after_local_cswitch,0,63,9,0,-61044,6105780 ns
after_local_cswitch,0,0,41,0,-64934,6105790 ns
after_local_cswitch,0,1,40,0,14649,6105790 ns
after_local_cswitch,0,2,39,0,-24339,6105790 ns
after_local_cswitch,0,3,38,0,88126,6105790 ns
after_local_cswitch,0,4,37,0,77449,6105790 ns
after_local_cswitch,0,5,36,0,-44566,6105790 ns
after_local_cswitch,0,6,35,0,-20208,6105790 ns
after_local_cswitch,0,7,34,0,-97494,6105790 ns
after_local_cswitch,0,8,33,0,52315,6105790 ns
after_local_cswitch,0,9,32,0,15876,6105790 ns
after_local_cswitch,0,10,31,0,-21360,6105790 ns
after_local_cswitch,0,11,30,0,-57350,6105790 ns
after_local_cswitch,0,12,29,0,-41753,6105790 ns
after_local_cswitch,0,13,28,0,-30312,6105790 ns
after_local_cswitch,0,14,27,0,-94168,6105790 ns
after_local_cswitch,0,15,26,0,-116618,6105790 ns
after_local_cswitch,0,16,25,0,85529,6105790 ns
after_local_cswitch,0,17,24,0,175829,6105790 ns
after_local_cswitch,0,18,23,0,35486,6105790 ns
after_local_cswitch,0,19,22,0,-32540,6105790 ns
after_local_cswitch,0,20,21,0,50531,6105790 ns
after_local_cswitch,0,21,20,0,-58625,6105790 ns
after_local_cswitch,0,22,19,0,-234040,6105790 ns
after_local_cswitch,0,23,18,0,-168644,6105790 ns
after_local_cswitch,0,24,17,0,51723,6105790 ns
after_local_cswitch,0,25,16,0,49050,6105790 ns
after_local_cswitch,0,26,15,0,147,6105790 ns
after_local_cswitch,0,27,14,0,117162,6105790 ns
after_local_cswitch,0,28,13,0,-159005,6105790 ns
after_local_cswitch,0,29,12,0,-39879,6105790 ns
after_local_cswitch,0,30,11,0,4096,6105790 ns
after_local_cswitch,0,31,10,0,36613,6105790 ns
after_local_cswitch,0,32,41,0,78772,6105790 ns
after_local_cswitch,0,33,40,0,99130,6105790 ns
after_local_cswitch,0,34,39,0,-16428,6105790 ns
after_local_cswitch,0,35,38,0,1902,6105790 ns
after_local_cswitch,0,36,37,0,-46934,6105790 ns
after_local_cswitch,0,37,36,0,70651,6105790 ns
after_local_cswitch,0,38,35,0,-160375,6105790 ns
after_local_cswitch,0,39,34,0,-72256,6105790 ns
after_local_cswitch,0,40,33,0,53746,6105790 ns
after_local_cswitch,0,41,32,0,35067,6105790 ns
after_local_cswitch,0,42,31,0,18821,6105790 ns
after_local_cswitch,0,43,30,0,89192,6105790 ns
after_local_cswitch,0,44,29,0,53308,6105790 ns
after_local_cswitch,0,45,28,0,-91828,6105790 ns
after_local_cswitch,0,46,27,0,44924,6105790 ns
after_local_cswitch,0,47,26,0,-27503,6105790 ns
after_local_cswitch,0,48,25,0,140266,6105790 ns
after_local_cswitch,0,49,24,0,35363,6105790 ns
after_local_cswitch,0,50,23,0,2453,6105790 ns
after_local_cswitch,0,51,22,0,-23578,6105790 ns
after_local_cswitch,0,52,21,0,55999,6105790 ns
after_local_cswitch,0,53,20,0,107035,6105790 ns
after_local_cswitch,0,54,19,0,-6058,6105790 ns
after_local_cswitch,0,55,18,0,-40888,6105790 ns
after_local_cswitch,0,56,17,0,159633,6105790 ns
after_local_cswitch,0,57,16,0,16916,6105790 ns
after_local_cswitch,0,58,15,0,42168,6105790 ns
after_local_cswitch,0,59,14,0,-98160,6105790 ns
after_local_cswitch,0,60,13,0,-43609,6105790 ns
after_local_cswitch,0,61,12,0,-138797,6105790 ns
after_local_cswitch,0,62,11,0,-12947,6105790 ns
after_local_cswitch,0,63,10,0,38910,6105790 ns
after_local_cswitch,0,0,41,0,-64934,6105790 ns
after_local_cswitch,0,1,40,0,14649,6105790 ns
after_local_cswitch,0,2,39,0,-24339,6105790 ns
after_local_cswitch,0,3,38,0,88126,6105790 ns
after_local_cswitch,0,4,37,0,77449,6105790 ns
after_local_cswitch,0,5,36,0,-44566,6105790 ns
after_local_cswitch,0,6,35,0,-20208,6105790 ns
after_local_cswitch,0,7,34,0,-97494,6105790 ns
after_local_cswitch,0,8,33,0,52315,6105790 ns
after_local_cswitch,0,9,32,0,15876,6105790 ns
after_local_cswitch,0,10,31,0,-21360,6105790 ns
after_local_cswitch,0,11,30,0,-57350,6105790 ns
after_local_cswitch,0,12,29,0,-41753,6105790 ns
after_local_cswitch,0,13,28,0,-30312,6105790 ns
after_local_cswitch,0,14,27,0,-94168,6105790 ns
after_local_cswitch,0,15,26,0,-116618,6105790 ns
after_local_cswitch,0,16,25,0,85529,6105790 ns
after_local_cswitch,0,17,24,0,175829,6105790 ns
after_local_cswitch,0,18,23,0,35486,6105790 ns
after_local_cswitch,0,19,22,0,-32540,6105790 ns
after_local_cswitch,0,20,21,0,50531,6105790 ns
after_local_cswitch,0,21,20,0,-58625,6105790 ns
after_local_cswitch,0,22,19,0,-234040,6105790 ns
after_local_cswitch,0,23,18,0,-168644,6105790 ns
after_local_cswitch,0,24,17,0,51723,6105790 ns
after_local_cswitch,0,25,16,0,49050,6105790 ns
after_local_cswitch,0,26,15,0,147,6105790 ns
after_local_cswitch,0,27,14,0,117162,6105790 ns
after_local_cswitch,0,28,13,0,-159005,6105790 ns
after_local_cswitch,0,29,12,0,-39879,6105790 ns
after_local_cswitch,0,30,11,0,4096,6105790 ns
after_local_cswitch,0,31,10,0,36613,6105790 ns
after_local_cswitch,0,32,41,0,78772,6105790 ns
after_local_cswitch,0,33,40,0,99130,6105790 ns
after_local_cswitch,0,34,39,0,-16428,6105790 ns
after_local_cswitch,0,35,38,0,1902,6105790 ns
after_local_cswitch,0,36,37,0,-46934,6105790 ns
after_local_cswitch,0,37,36,0,70651,6105790 ns
after_local_cswitch,0,38,35,0,-160375,6105790 ns
after_local_cswitch,0,39,34,0,-72256,6105790 ns
after_local_cswitch,0,40,33,0,53746,6105790 ns
after_local_cswitch,0,41,32,0,35067,6105790 ns
after_local_cswitch,0,42,31,0,18821,6105790 ns
after_local_cswitch,0,43,30,0,89192,6105790 ns
after_local_cswitch,0,44,29,0,53308,6105790 ns
after_local_cswitch,0,45,28,0,-91828,6105790 ns
after_local_cswitch,0,46,27,0,44924,6105790 ns
after_local_cswitch,0,47,26,0,-27503,6105790 ns
after_local_cswitch,0,48,25,0,140266,6105790 ns
after_local_cswitch,0,49,24,0,35363,6105790 ns
after_local_cswitch,0,50,23,0,2453,6105790 ns
after_local_cswitch,0,51,22,0,-23578,6105790 ns
after_local_cswitch,0,52,21,0,55999,6105790 ns
after_local_cswitch,0,53,20,0,107035,6105790 ns
after_local_cswitch,0,54,19,0,-6058,6105790 ns
after_local_cswitch,0,55,18,0,-40888,6105790 ns
after_local_cswitch,0,56,17,0,159633,6105790 ns
after_local_cswitch,0,57,16,0,16916,6105790 ns
after_local_cswitch,0,58,15,0,42168,6105790 ns
after_local_cswitch,0,59,14,0,-98160,6105790 ns
after_local_cswitch,0,60,13,0,-43609,6105790 ns
after_local_cswitch,0,61,12,0,-138797,6105790 ns
after_local_cswitch,0,62,11,0,-12947,6105790 ns
after_local_cswitch,0,63,10,0,38910,6105790 ns
after_local_cswitch,0,0,41,0,-64934,6105790 ns
after_local_cswitch,0,1,40,0,14649,6105790 ns
after_local_cswitch,0,2,39,0,-24339,6105790 ns
after_local_cswitch,0,3,38,0,88126,6105790 ns
after_local_cswitch,0,4,37,0,77449,6105790 ns
after_local_cswitch,0,5,36,0,-44566,6105790 ns
after_local_cswitch,0,6,35,0,-20208,6105790 ns
after_local_cswitch,0,7,34,0,-97494,6105790 ns
after_local_cswitch,0,8,33,0,52315,6105790 ns
after_local_cswitch,0,9,32,0,15876,6105790 ns
after_local_cswitch,0,10,31,0,-21360,6105790 ns
after_local_cswitch,0,11,30,0,-57350,6105790 ns
after_local_cswitch,0,12,29,0,-41753,6105790 ns
after_local_cswitch,0,13,28,0,-30312,6105790 ns
after_local_cswitch,0,14,27,0,-94168,6105790 ns
after_local_cswitch,0,15,26,0,-116618,6105790 ns
after_local_cswitch,0,16,25,0,85529,6105790 ns
after_local_cswitch,0,17,24,0,175829,6105790 ns
after_local_cswitch,0,18,23,0,35486,6105790 ns
after_local_cswitch,0,19,22,0,-32540,6105790 ns
after_local_cswitch,0,20,21,0,50531,6105790 ns
after_local_cswitch,0,21,20,0,-58625,6105790 ns
after_local_cswitch,0,22,19,0,-234040,6105790 ns
after_local_cswitch,0,23,18,0,-168644,6105790 ns
after_local_cswitch,0,24,17,0,51723,6105790 ns
after_local_cswitch,0,25,16,0,49050,6105790 ns
after_local_cswitch,0,26,15,0,147,6105790 ns
after_local_cswitch,0,27,14,0,117162,6105790 ns
after_local_cswitch,0,28,13,0,-159005,6105790 ns
after_local_cswitch,0,29,12,0,-39879,6105790 ns
after_local_cswitch,0,30,11,0,4096,6105790 ns
after_local_cswitch,0,31,10,0,36613,6105790 ns
after_local_cswitch,0,32,41,0,78772,6105790 ns
after_local_cswitch,0,33,40,0,99130,6105790 ns
after_local_cswitch,0,34,39,0,-16428,6105790 ns
after_local_cswitch,0,35,38,0,1902,6105790 ns
after_local_cswitch,0,36,37,0,-46934,6105790 ns
after_local_cswitch,0,37,36,0,70651,6105790 ns
after_local_cswitch,0,38,35,0,-160375,6105790 ns
after_local_cswitch,0,39,34,0,-72256,6105790 ns
after_local_cswitch,0,40,33,0,53746,6105790 ns
after_local_cswitch,0,41,32,0,35067,6105790 ns
after_local_cswitch,0,42,31,0,18821,6105790 ns
after_local_cswitch,0,43,30,0,89192,6105790 ns
after_local_cswitch,0,44,29,0,53308,6105790 ns
after_local_cswitch,0,45,28,0,-91828,6105790 ns
after_local_cswitch,0,46,27,0,44924,6105790 ns
after_local_cswitch,0,47,26,0,-27503,6105790 ns
after_local_cswitch,0,48,25,0,140266,6105790 ns
after_local_cswitch,0,49,24,0,35363,6105790 ns
after_local_cswitch,0,50,23,0,2453,6105790 ns
after_local_cswitch,0,51,22,0,-23578,6105790 ns
after_local_cswitch,0,52,21,0,55999,6105790 ns
after_local_cswitch,0,53,20,0,107035,6105790 ns
after_local_cswitch,0,54,19,0,-6058,6105790 ns
after_local_cswitch,0,55,18,0,-40888,6105790 ns
after_local_cswitch,0,56,17,0,159633,6105790 ns
after_local_cswitch,0,57,16,0,16916,6105790 ns
after_local_cswitch,0,58,15,0,42168,6105790 ns
after_local_cswitch,0,59,14,0,-98160,6105790 ns
after_local_cswitch,0,60,13,0,-43609,6105790 ns
after_local_cswitch,0,61,12,0,-138797,6105790 ns
after_local_cswitch,0,62,11,0,-12947,6105790 ns
after_local_cswitch,0,63,10,0,38910,6105790 ns
after_local_cswitch,0,0,42,0,-180394,6105800 ns
after_local_cswitch,0,1,41,0,-83976,6105800 ns
after_local_cswitch,0,2,40,0,70904,6105800 ns
after_local_cswitch,0,3,39,0,-34890,6105800 ns
after_local_cswitch,0,4,38,0,-140844,6105800 ns
after_local_cswitch,0,5,37,0,-30812,6105800 ns
after_local_cswitch,0,6,36,0,108384,6105800 ns
after_local_cswitch,0,7,35,0,-94906,6105800 ns
after_local_cswitch,0,8,34,0,77370,6105800 ns
after_local_cswitch,0,9,33,0,-57421,6105800 ns
after_local_cswitch,0,10,32,0,-179395,6105800 ns
after_local_cswitch,0,11,31,0,-163933,6105800 ns
after_local_cswitch,0,12,30,0,-21261,6105800 ns
after_local_cswitch,0,13,29,0,-61892,6105800 ns
after_local_cswitch,0,14,28,0,101839,6105800 ns
after_local_cswitch,0,15,27,0,-38009,6105800 ns
after_local_cswitch,0,16,26,0,-104103,6105800 ns
after_local_cswitch,0,17,25,0,33933,6105800 ns
after_local_cswitch,0,18,24,0,20196,6105800 ns
after_local_cswitch,0,19,23,0,40206,6105800 ns
after_local_cswitch,0,20,22,0,-97251,6105800 ns
after_local_cswitch,0,21,21,0,158485,6105800 ns
after_local_cswitch,0,22,20,0,79943,6105800 ns
after_local_cswitch,0,23,19,0,2176,6105800 ns
after_local_cswitch,0,24,18,0,-39819,6105800 ns
after_local_cswitch,0,25,17,0,18746,6105800 ns
after_local_cswitch,0,26,16,0,-84263,6105800 ns
after_local_cswitch,0,27,15,0,40875,6105800 ns
after_local_cswitch,0,28,14,0,21805,6105800 ns
after_local_cswitch,0,29,13,0,71587,6105800 ns
after_local_cswitch,0,30,12,0,-55028,6105800 ns
after_local_cswitch,0,31,11,0,-35884,6105800 ns
after_local_cswitch,0,32,42,0,782,6105800 ns
after_local_cswitch,0,33,41,0,30590,6105800 ns
after_local_cswitch,0,34,40,0,-32,6105800 ns
after_local_cswitch,0,35,39,0,150327,6105800 ns
after_local_cswitch,0,36,38,0,-61963,6105800 ns
after_local_cswitch,0,37,37,0,-10582,6105800 ns
after_local_cswitch,0,38,36,0,-67574,6105800 ns
after_local_cswitch,0,39,35,0,73253,6105800 ns
after_local_cswitch,0,40,34,0,-179530,6105800 ns
after_local_cswitch,0,41,33,0,-77220,6105800 ns
after_local_cswitch,0,42,32,0,2971,6105800 ns
after_local_cswitch,0,43,31,0,137626,6105800 ns
after_local_cswitch,0,44,30,0,30059,6105800 ns
after_local_cswitch,0,45,29,0,-44745,6105800 ns
after_local_cswitch,0,46,28,0,13543,6105800 ns
after_local_cswitch,0,47,27,0,-189250,6105800 ns
after_local_cswitch,0,48,26,0,51399,6105800 ns
after_local_cswitch,0,49,25,0,-17826,6105800 ns
after_local_cswitch,0,50,24,0,84479,6105800 ns
after_local_cswitch,0,51,23,0,15643,6105800 ns
after_local_cswitch,0,52,22,0,54817,6105800 ns
after_local_cswitch,0,53,21,0,-15918,6105800 ns
after_local_cswitch,0,54,20,0,-29554,6105800 ns
after_local_cswitch,0,55,19,0,-118381,6105800 ns
after_local_cswitch,0,56,18,0,-18889,6105800 ns
after_local_cswitch,0,57,17,0,-17747,6105800 ns
after_local_cswitch,0,58,16,0,51970,6105800 ns
after_local_cswitch,0,59,15,0,14132,6105800 ns
after_local_cswitch,0,60,14,0,-45809,6105800 ns
after_local_cswitch,0,61,13,0,-5456,6105800 ns
after_local_cswitch,0,62,12,0,-94829,6105800 ns
after_local_cswitch,0,63,11,0,64240,6105800 ns
after_local_cswitch,0,0,42,0,-180394,6105800 ns
after_local_cswitch,0,1,41,0,-83976,6105800 ns
after_local_cswitch,0,2,40,0,70904,6105800 ns
after_local_cswitch,0,3,39,0,-34890,6105800 ns
after_local_cswitch,0,4,38,0,-140844,6105800 ns
after_local_cswitch,0,5,37,0,-30812,6105800 ns
after_local_cswitch,0,6,36,0,108384,6105800 ns
after_local_cswitch,0,7,35,0,-94906,6105800 ns
after_local_cswitch,0,8,34,0,77370,6105800 ns
after_local_cswitch,0,9,33,0,-57421,6105800 ns
after_local_cswitch,0,10,32,0,-179395,6105800 ns
after_local_cswitch,0,11,31,0,-163933,6105800 ns
after_local_cswitch,0,12,30,0,-21261,6105800 ns
after_local_cswitch,0,13,29,0,-61892,6105800 ns
after_local_cswitch,0,14,28,0,101839,6105800 ns
after_local_cswitch,0,15,27,0,-38009,6105800 ns
after_local_cswitch,0,16,26,0,-104103,6105800 ns
after_local_cswitch,0,17,25,0,33933,6105800 ns
after_local_cswitch,0,18,24,0,20196,6105800 ns
after_local_cswitch,0,19,23,0,40206,6105800 ns
after_local_cswitch,0,20,22,0,-97251,6105800 ns
after_local_cswitch,0,21,21,0,158485,6105800 ns
after_local_cswitch,0,22,20,0,79943,6105800 ns
after_local_cswitch,0,23,19,0,2176,6105800 ns
after_local_cswitch,0,24,18,0,-39819,6105800 ns
after_local_cswitch,0,25,17,0,18746,6105800 ns
after_local_cswitch,0,26,16,0,-84263,6105800 ns
after_local_cswitch,0,27,15,0,40875,6105800 ns
after_local_cswitch,0,28,14,0,21805,6105800 ns
after_local_cswitch,0,29,13,0,71587,6105800 ns
after_local_cswitch,0,30,12,0,-55028,6105800 ns
after_local_cswitch,0,31,11,0,-35884,6105800 ns
after_local_cswitch,0,32,42,0,782,6105800 ns
after_local_cswitch,0,33,41,0,30590,6105800 ns
after_local_cswitch,0,34,40,0,-32,6105800 ns
after_local_cswitch,0,35,39,0,150327,6105800 ns
after_local_cswitch,0,36,38,0,-61963,6105800 ns
after_local_cswitch,0,37,37,0,-10582,6105800 ns
after_local_cswitch,0,38,36,0,-67574,6105800 ns
after_local_cswitch,0,39,35,0,73253,6105800 ns
after_local_cswitch,0,40,34,0,-179530,6105800 ns
after_local_cswitch,0,41,33,0,-77220,6105800 ns
after_local_cswitch,0,42,32,0,2971,6105800 ns
after_local_cswitch,0,43,31,0,137626,6105800 ns
after_local_cswitch,0,44,30,0,30059,6105800 ns
after_local_cswitch,0,45,29,0,-44745,6105800 ns
after_local_cswitch,0,46,28,0,13543,6105800 ns
after_local_cswitch,0,47,27,0,-189250,6105800 ns
after_local_cswitch,0,48,26,0,51399,6105800 ns
after_local_cswitch,0,49,25,0,-17826,6105800 ns
after_local_cswitch,0,50,24,0,84479,6105800 ns
after_local_cswitch,0,51,23,0,15643,6105800 ns
after_local_cswitch,0,52,22,0,54817,6105800 ns
after_local_cswitch,0,53,21,0,-15918,6105800 ns
after_local_cswitch,0,54,20,0,-29554,6105800 ns
after_local_cswitch,0,55,19,0,-118381,6105800 ns
after_local_cswitch,0,56,18,0,-18889,6105800 ns
after_local_cswitch,0,57,17,0,-17747,6105800 ns
after_local_cswitch,0,58,16,0,51970,6105800 ns
after_local_cswitch,0,59,15,0,14132,6105800 ns
after_local_cswitch,0,60,14,0,-45809,6105800 ns
after_local_cswitch,0,61,13,0,-5456,6105800 ns
after_local_cswitch,0,62,12,0,-94829,6105800 ns
after_local_cswitch,0,63,11,0,64240,6105800 ns
after_local_cswitch,0,0,42,0,-180394,6105800 ns
after_local_cswitch,0,1,41,0,-83976,6105800 ns
after_local_cswitch,0,2,40,0,70904,6105800 ns
after_local_cswitch,0,3,39,0,-34890,6105800 ns
after_local_cswitch,0,4,38,0,-140844,6105800 ns
after_local_cswitch,0,5,37,0,-30812,6105800 ns
after_local_cswitch,0,6,36,0,108384,6105800 ns
after_local_cswitch,0,7,35,0,-94906,6105800 ns
after_local_cswitch,0,8,34,0,77370,6105800 ns
after_local_cswitch,0,9,33,0,-57421,6105800 ns
after_local_cswitch,0,10,32,0,-179395,6105800 ns
after_local_cswitch,0,11,31,0,-163933,6105800 ns
after_local_cswitch,0,12,30,0,-21261,6105800 ns
after_local_cswitch,0,13,29,0,-61892,6105800 ns
after_local_cswitch,0,14,28,0,101839,6105800 ns
after_local_cswitch,0,15,27,0,-38009,6105800 ns
after_local_cswitch,0,16,26,0,-104103,6105800 ns
after_local_cswitch,0,17,25,0,33933,6105800 ns
after_local_cswitch,0,18,24,0,20196,6105800 ns
after_local_cswitch,0,19,23,0,40206,6105800 ns
after_local_cswitch,0,20,22,0,-97251,6105800 ns
after_local_cswitch,0,21,21,0,158485,6105800 ns
after_local_cswitch,0,22,20,0,79943,6105800 ns
after_local_cswitch,0,23,19,0,2176,6105800 ns
after_local_cswitch,0,24,18,0,-39819,6105800 ns
after_local_cswitch,0,25,17,0,18746,6105800 ns
after_local_cswitch,0,26,16,0,-84263,6105800 ns
after_local_cswitch,0,27,15,0,40875,6105800 ns
after_local_cswitch,0,28,14,0,21805,6105800 ns
after_local_cswitch,0,29,13,0,71587,6105800 ns
after_local_cswitch,0,30,12,0,-55028,6105800 ns
after_local_cswitch,0,31,11,0,-35884,6105800 ns
after_local_cswitch,0,32,42,0,782,6105800 ns
after_local_cswitch,0,33,41,0,30590,6105800 ns
after_local_cswitch,0,34,40,0,-32,6105800 ns
after_local_cswitch,0,35,39,0,150327,6105800 ns
after_local_cswitch,0,36,38,0,-61963,6105800 ns
after_local_cswitch,0,37,37,0,-10582,6105800 ns
after_local_cswitch,0,38,36,0,-67574,6105800 ns
after_local_cswitch,0,39,35,0,73253,6105800 ns
after_local_cswitch,0,40,34,0,-179530,6105800 ns
after_local_cswitch,0,41,33,0,-77220,6105800 ns
after_local_cswitch,0,42,32,0,2971,6105800 ns
after_local_cswitch,0,43,31,0,137626,6105800 ns
after_local_cswitch,0,44,30,0,30059,6105800 ns
after_local_cswitch,0,45,29,0,-44745,6105800 ns
after_local_cswitch,0,46,28,0,13543,6105800 ns
after_local_cswitch,0,47,27,0,-189250,6105800 ns
after_local_cswitch,0,48,26,0,51399,6105800 ns
after_local_cswitch,0,49,25,0,-17826,6105800 ns
after_local_cswitch,0,50,24,0,84479,6105800 ns
after_local_cswitch,0,51,23,0,15643,6105800 ns
after_local_cswitch,0,52,22,0,54817,6105800 ns
after_local_cswitch,0,53,21,0,-15918,6105800 ns
after_local_cswitch,0,54,20,0,-29554,6105800 ns
after_local_cswitch,0,55,19,0,-118381,6105800 ns
after_local_cswitch,0,56,18,0,-18889,6105800 ns
after_local_cswitch,0,57,17,0,-17747,6105800 ns
after_local_cswitch,0,58,16,0,51970,6105800 ns
after_local_cswitch,0,59,15,0,14132,6105800 ns
after_local_cswitch,0,60,14,0,-45809,6105800 ns
after_local_cswitch,0,61,13,0,-5456,6105800 ns
after_local_cswitch,0,62,12,0,-94829,6105800 ns
after_local_cswitch,0,63,11,0,64240,6105800 ns
after_local_cswitch,0,0,43,0,-157980,6105810 ns
after_local_cswitch,0,1,42,0,21952,6105810 ns
after_local_cswitch,0,2,41,0,-15085,6105810 ns
after_local_cswitch,0,3,40,0,-81083,6105810 ns
after_local_cswitch,0,4,39,0,-35954,6105810 ns
after_local_cswitch,0,5,38,0,-142099,6105810 ns
after_local_cswitch,0,6,37,0,141121,6105810 ns
after_local_cswitch,0,7,36,0,-129884,6105810 ns
after_local_cswitch,0,8,35,0,-114928,6105810 ns
after_local_cswitch,0,9,34,0,24762,6105810 ns
after_local_cswitch,0,10,33,0,22263,6105810 ns
after_local_cswitch,0,11,32,0,-85458,6105810 ns
after_local_cswitch,0,12,31,0,63556,6105810 ns
after_local_cswitch,0,13,30,0,-159405,6105810 ns
after_local_cswitch,0,14,29,0,-109334,6105810 ns
after_local_cswitch,0,15,28,0,53801,6105810 ns
after_local_cswitch,0,16,27,0,77167,6105810 ns
after_local_cswitch,0,17,26,0,161120,6105810 ns
after_local_cswitch,0,18,25,0,-63603,6105810 ns
after_local_cswitch,0,19,24,0,18418,6105810 ns
after_local_cswitch,0,20,23,0,-51084,6105810 ns
after_local_cswitch,0,21,22,0,-55880,6105810 ns
after_local_cswitch,0,22,21,0,-125287,6105810 ns
after_local_cswitch,0,23,20,0,-207687,6105810 ns
after_local_cswitch,0,24,19,0,76590,6105810 ns
after_local_cswitch,0,25,18,0,-28362,6105810 ns
after_local_cswitch,0,26,17,0,-143306,6105810 ns
after_local_cswitch,0,27,16,0,3846,6105810 ns
after_local_cswitch,0,28,15,0,57395,6105810 ns
after_local_cswitch,0,29,14,0,-96200,6105810 ns
after_local_cswitch,0,30,13,0,-118278,6105810 ns
after_local_cswitch,0,31,12,0,13807,6105810 ns
after_local_cswitch,0,32,43,0,5548,6105810 ns
after_local_cswitch,0,33,42,0,33541,6105810 ns
after_local_cswitch,0,34,41,0,35163,6105810 ns
after_local_cswitch,0,35,40,0,-105704,6105810 ns
after_local_cswitch,0,36,39,0,80214,6105810 ns
after_local_cswitch,0,37,38,0,68977,6105810 ns
after_local_cswitch,0,38,37,0,80197,6105810 ns
after_local_cswitch,0,39,36,0,89562,6105810 ns
after_local_cswitch,0,40,35,0,188784,6105810 ns
after_local_cswitch,0,41,34,0,-101946,6105810 ns
after_local_cswitch,0,42,33,0,-17094,6105810 ns
after_local_cswitch,0,43,32,0,-94335,6105810 ns
after_local_cswitch,0,44,31,0,69768,6105810 ns
after_local_cswitch,0,45,30,0,93892,6105810 ns
after_local_cswitch,0,46,29,0,-99854,6105810 ns
after_local_cswitch,0,47,28,0,-164873,6105810 ns
after_local_cswitch,0,48,27,0,-2608,6105810 ns
after_local_cswitch,0,49,26,0,-24572,6105810 ns
after_local_cswitch,0,50,25,0,11414,6105810 ns
after_local_cswitch,0,51,24,0,95775,6105810 ns
after_local_cswitch,0,52,23,0,164994,6105810 ns
after_local_cswitch,0,53,22,0,-19853,6105810 ns
after_local_cswitch,0,54,21,0,-114733,6105810 ns
after_local_cswitch,0,55,20,0,-92733,6105810 ns
after_local_cswitch,0,56,19,0,-53862,6105810 ns
after_local_cswitch,0,57,18,0,28548,6105810 ns
after_local_cswitch,0,58,17,0,100836,6105810 ns
after_local_cswitch,0,59,16,0,47108,6105810 ns
after_local_cswitch,0,60,15,0,-36687,6105810 ns
after_local_cswitch,0,61,14,0,180863,6105810 ns
after_local_cswitch,0,62,13,0,-186826,6105810 ns
after_local_cswitch,0,63,12,0,-31608,6105810 ns
after_local_cswitch,0,0,43,0,-157980,6105810 ns
after_local_cswitch,0,1,42,0,21952,6105810 ns
after_local_cswitch,0,2,41,0,-15085,6105810 ns
after_local_cswitch,0,3,40,0,-81083,6105810 ns
after_local_cswitch,0,4,39,0,-35954,6105810 ns
after_local_cswitch,0,5,38,0,-142099,6105810 ns
after_local_cswitch,0,6,37,0,141121,6105810 ns
after_local_cswitch,0,7,36,0,-129884,6105810 ns
after_local_cswitch,0,8,35,0,-114928,6105810 ns
after_local_cswitch,0,9,34,0,24762,6105810 ns
after_local_cswitch,0,10,33,0,22263,6105810 ns
after_local_cswitch,0,11,32,0,-85458,6105810 ns
after_local_cswitch,0,12,31,0,63556,6105810 ns
after_local_cswitch,0,13,30,0,-159405,6105810 ns
after_local_cswitch,0,14,29,0,-109334,6105810 ns
after_local_cswitch,0,15,28,0,53801,6105810 ns
after_local_cswitch,0,16,27,0,77167,6105810 ns
after_local_cswitch,0,17,26,0,161120,6105810 ns
after_local_cswitch,0,18,25,0,-63603,6105810 ns
after_local_cswitch,0,19,24,0,18418,6105810 ns
after_local_cswitch,0,20,23,0,-51084,6105810 ns
after_local_cswitch,0,21,22,0,-55880,6105810 ns
after_local_cswitch,0,22,21,0,-125287,6105810 ns
after_local_cswitch,0,23,20,0,-207687,6105810 ns
after_local_cswitch,0,24,19,0,76590,6105810 ns
after_local_cswitch,0,25,18,0,-28362,6105810 ns
after_local_cswitch,0,26,17,0,-143306,6105810 ns
after_local_cswitch,0,27,16,0,3846,6105810 ns
after_local_cswitch,0,28,15,0,57395,6105810 ns
after_local_cswitch,0,29,14,0,-96200,6105810 ns
after_local_cswitch,0,30,13,0,-118278,6105810 ns
after_local_cswitch,0,31,12,0,13807,6105810 ns
after_local_cswitch,0,32,43,0,5548,6105810 ns
after_local_cswitch,0,33,42,0,33541,6105810 ns
after_local_cswitch,0,34,41,0,35163,6105810 ns
after_local_cswitch,0,35,40,0,-105704,6105810 ns
after_local_cswitch,0,36,39,0,80214,6105810 ns
after_local_cswitch,0,37,38,0,68977,6105810 ns
after_local_cswitch,0,38,37,0,80197,6105810 ns
after_local_cswitch,0,39,36,0,89562,6105810 ns
after_local_cswitch,0,40,35,0,188784,6105810 ns
after_local_cswitch,0,41,34,0,-101946,6105810 ns
after_local_cswitch,0,42,33,0,-17094,6105810 ns
after_local_cswitch,0,43,32,0,-94335,6105810 ns
after_local_cswitch,0,44,31,0,69768,6105810 ns
after_local_cswitch,0,45,30,0,93892,6105810 ns
after_local_cswitch,0,46,29,0,-99854,6105810 ns
after_local_cswitch,0,47,28,0,-164873,6105810 ns
after_local_cswitch,0,48,27,0,-2608,6105810 ns
after_local_cswitch,0,49,26,0,-24572,6105810 ns
after_local_cswitch,0,50,25,0,11414,6105810 ns
after_local_cswitch,0,51,24,0,95775,6105810 ns
after_local_cswitch,0,52,23,0,164994,6105810 ns
after_local_cswitch,0,53,22,0,-19853,6105810 ns
after_local_cswitch,0,54,21,0,-114733,6105810 ns
after_local_cswitch,0,55,20,0,-92733,6105810 ns
after_local_cswitch,0,56,19,0,-53862,6105810 ns
after_local_cswitch,0,57,18,0,28548,6105810 ns
after_local_cswitch,0,58,17,0,100836,6105810 ns
after_local_cswitch,0,59,16,0,47108,6105810 ns
after_local_cswitch,0,60,15,0,-36687,6105810 ns
after_local_cswitch,0,61,14,0,180863,6105810 ns
after_local_cswitch,0,62,13,0,-186826,6105810 ns
after_local_cswitch,0,63,12,0,-31608,6105810 ns
after_local_cswitch,0,0,43,0,-157980,6105810 ns
after_local_cswitch,0,1,42,0,21952,6105810 ns
after_local_cswitch,0,2,41,0,-15085,6105810 ns
after_local_cswitch,0,3,40,0,-81083,6105810 ns
after_local_cswitch,0,4,39,0,-35954,6105810 ns
after_local_cswitch,0,5,38,0,-142099,6105810 ns
after_local_cswitch,0,6,37,0,141121,6105810 ns
after_local_cswitch,0,7,36,0,-129884,6105810 ns
after_local_cswitch,0,8,35,0,-114928,6105810 ns
after_local_cswitch,0,9,34,0,24762,6105810 ns
after_local_cswitch,0,10,33,0,22263,6105810 ns
after_local_cswitch,0,11,32,0,-85458,6105810 ns
after_local_cswitch,0,12,31,0,63556,6105810 ns
after_local_cswitch,0,13,30,0,-159405,6105810 ns
after_local_cswitch,0,14,29,0,-109334,6105810 ns
after_local_cswitch,0,15,28,0,53801,6105810 ns
after_local_cswitch,0,16,27,0,77167,6105810 ns
after_local_cswitch,0,17,26,0,161120,6105810 ns
after_local_cswitch,0,18,25,0,-63603,6105810 ns
after_local_cswitch,0,19,24,0,18418,6105810 ns
after_local_cswitch,0,20,23,0,-51084,6105810 ns
after_local_cswitch,0,21,22,0,-55880,6105810 ns
after_local_cswitch,0,22,21,0,-125287,6105810 ns
after_local_cswitch,0,23,20,0,-207687,6105810 ns
after_local_cswitch,0,24,19,0,76590,6105810 ns
after_local_cswitch,0,25,18,0,-28362,6105810 ns
after_local_cswitch,0,26,17,0,-143306,6105810 ns
after_local_cswitch,0,27,16,0,3846,6105810 ns
after_local_cswitch,0,28,15,0,57395,6105810 ns
after_local_cswitch,0,29,14,0,-96200,6105810 ns
after_local_cswitch,0,30,13,0,-118278,6105810 ns
after_local_cswitch,0,31,12,0,13807,6105810 ns
after_local_cswitch,0,32,43,0,5548,6105810 ns
after_local_cswitch,0,33,42,0,33541,6105810 ns
after_local_cswitch,0,34,41,0,35163,6105810 ns
after_local_cswitch,0,35,40,0,-105704,6105810 ns
after_local_cswitch,0,36,39,0,80214,6105810 ns
after_local_cswitch,0,37,38,0,68977,6105810 ns
after_local_cswitch,0,38,37,0,80197,6105810 ns
after_local_cswitch,0,39,36,0,89562,6105810 ns
after_local_cswitch,0,40,35,0,188784,6105810 ns
after_local_cswitch,0,41,34,0,-101946,6105810 ns
after_local_cswitch,0,42,33,0,-17094,6105810 ns
after_local_cswitch,0,43,32,0,-94335,6105810 ns
after_local_cswitch,0,44,31,0,69768,6105810 ns
after_local_cswitch,0,45,30,0,93892,6105810 ns
after_local_cswitch,0,46,29,0,-99854,6105810 ns
after_local_cswitch,0,47,28,0,-164873,6105810 ns
after_local_cswitch,0,48,27,0,-2608,6105810 ns
after_local_cswitch,0,49,26,0,-24572,6105810 ns
after_local_cswitch,0,50,25,0,11414,6105810 ns
after_local_cswitch,0,51,24,0,95775,6105810 ns
after_local_cswitch,0,52,23,0,164994,6105810 ns
after_local_cswitch,0,53,22,0,-19853,6105810 ns
after_local_cswitch,0,54,21,0,-114733,6105810 ns
after_local_cswitch,0,55,20,0,-92733,6105810 ns
after_local_cswitch,0,56,19,0,-53862,6105810 ns
after_local_cswitch,0,57,18,0,28548,6105810 ns
after_local_cswitch,0,58,17,0,100836,6105810 ns
after_local_cswitch,0,59,16,0,47108,6105810 ns
after_local_cswitch,0,60,15,0,-36687,6105810 ns
after_local_cswitch,0,61,14,0,180863,6105810 ns
after_local_cswitch,0,62,13,0,-186826,6105810 ns
after_local_cswitch,0,63,12,0,-31608,6105810 ns
after_local_cswitch,0,0,44,0,-100536,6105820 ns
after_local_cswitch,0,1,43,0,-38979,6105820 ns
after_local_cswitch,0,2,42,0,27402,6105820 ns
after_local_cswitch,0,3,41,0,-20535,6105820 ns
after_local_cswitch,0,4,40,0,84275,6105820 ns
after_local_cswitch,0,5,39,0,-104892,6105820 ns
after_local_cswitch,0,6,38,0,34435,6105820 ns
after_local_cswitch,0,7,37,0,-23388,6105820 ns
after_local_cswitch,0,8,36,0,-14720,6105820 ns
after_local_cswitch,0,9,35,0,25563,6105820 ns
after_local_cswitch,0,10,34,0,-79671,6105820 ns
after_local_cswitch,0,11,33,0,-89810,6105820 ns
after_local_cswitch,0,12,32,0,46006,6105820 ns
after_local_cswitch,0,13,31,0,-49942,6105820 ns
after_local_cswitch,0,14,30,0,-39832,6105820 ns
after_local_cswitch,0,15,29,0,7682,6105820 ns
after_local_cswitch,0,16,28,0,143445,6105820 ns
after_local_cswitch,0,17,27,0,-27666,6105820 ns
after_local_cswitch,0,18,26,0,-32940,6105820 ns
after_local_cswitch,0,19,25,0,170504,6105820 ns
after_local_cswitch,0,20,24,0,-103351,6105820 ns
after_local_cswitch,0,21,23,0,-13557,6105820 ns
after_local_cswitch,0,22,22,0,24482,6105820 ns
after_local_cswitch,0,23,21,0,-127521,6105820 ns
after_local_cswitch,0,24,20,0,-18855,6105820 ns
after_local_cswitch,0,25,19,0,-37396,6105820 ns
after_local_cswitch,0,26,18,0,-126570,6105820 ns
after_local_cswitch,0,27,17,0,-33826,6105820 ns
after_local_cswitch,0,28,16,0,5651,6105820 ns
after_local_cswitch,0,29,15,0,466,6105820 ns
after_local_cswitch,0,30,14,0,135425,6105820 ns
after_local_cswitch,0,31,13,0,5981,6105820 ns
after_local_cswitch,0,32,44,0,41203,6105820 ns
after_local_cswitch,0,33,43,0,-43324,6105820 ns
after_local_cswitch,0,34,42,0,-43327,6105820 ns
after_local_cswitch,0,35,41,0,-1041,6105820 ns
after_local_cswitch,0,36,40,0,-121629,6105820 ns
after_local_cswitch,0,37,39,0,8267,6105820 ns
after_local_cswitch,0,38,38,0,-105251,6105820 ns
after_local_cswitch,0,39,37,0,17754,6105820 ns
after_local_cswitch,0,40,36,0,-43833,6105820 ns
after_local_cswitch,0,41,35,0,-8779,6105820 ns
after_local_cswitch,0,42,34,0,-49980,6105820 ns
after_local_cswitch,0,43,33,0,-25327,6105820 ns
after_local_cswitch,0,44,32,0,-147626,6105820 ns
after_local_cswitch,0,45,31,0,124564,6105820 ns
after_local_cswitch,0,46,30,0,-42071,6105820 ns
after_local_cswitch,0,47,29,0,2609,6105820 ns
after_local_cswitch,0,48,28,0,-32708,6105820 ns
after_local_cswitch,0,49,27,0,4202,6105820 ns
after_local_cswitch,0,50,26,0,38512,6105820 ns
after_local_cswitch,0,51,25,0,42658,6105820 ns
after_local_cswitch,0,52,24,0,-24677,6105820 ns
after_local_cswitch,0,53,23,0,-4961,6105820 ns
after_local_cswitch,0,54,22,0,-105273,6105820 ns
after_local_cswitch,0,55,21,0,-73815,6105820 ns
after_local_cswitch,0,56,20,0,147619,6105820 ns
after_local_cswitch,0,57,19,0,-39171,6105820 ns
after_local_cswitch,0,58,18,0,3927,6105820 ns
after_local_cswitch,0,59,17,0,-67520,6105820 ns
after_local_cswitch,0,60,16,0,-18860,6105820 ns
after_local_cswitch,0,61,15,0,-133482,6105820 ns
after_local_cswitch,0,62,14,0,-17287,6105820 ns
after_local_cswitch,0,63,13,0,178665,6105820 ns
after_local_cswitch,0,0,44,0,-100536,6105820 ns
after_local_cswitch,0,1,43,0,-38979,6105820 ns
after_local_cswitch,0,2,42,0,27402,6105820 ns
after_local_cswitch,0,3,41,0,-20535,6105820 ns
after_local_cswitch,0,4,40,0,84275,6105820 ns
after_local_cswitch,0,5,39,0,-104892,6105820 ns
after_local_cswitch,0,6,38,0,34435,6105820 ns
after_local_cswitch,0,7,37,0,-23388,6105820 ns
after_local_cswitch,0,8,36,0,-14720,6105820 ns
after_local_cswitch,0,9,35,0,25563,6105820 ns
after_local_cswitch,0,10,34,0,-79671,6105820 ns
after_local_cswitch,0,11,33,0,-89810,6105820 ns
after_local_cswitch,0,12,32,0,46006,6105820 ns
after_local_cswitch,0,13,31,0,-49942,6105820 ns
after_local_cswitch,0,14,30,0,-39832,6105820 ns
after_local_cswitch,0,15,29,0,7682,6105820 ns
after_local_cswitch,0,16,28,0,143445,6105820 ns
after_local_cswitch,0,17,27,0,-27666,6105820 ns
after_local_cswitch,0,18,26,0,-32940,6105820 ns
after_local_cswitch,0,19,25,0,170504,6105820 ns
after_local_cswitch,0,20,24,0,-103351,6105820 ns
after_local_cswitch,0,21,23,0,-13557,6105820 ns
after_local_cswitch,0,22,22,0,24482,6105820 ns
after_local_cswitch,0,23,21,0,-127521,6105820 ns
after_local_cswitch,0,24,20,0,-18855,6105820 ns
after_local_cswitch,0,25,19,0,-37396,6105820 ns
after_local_cswitch,0,26,18,0,-126570,6105820 ns
after_local_cswitch,0,27,17,0,-33826,6105820 ns
after_local_cswitch,0,28,16,0,5651,6105820 ns
after_local_cswitch,0,29,15,0,466,6105820 ns
after_local_cswitch,0,30,14,0,135425,6105820 ns
after_local_cswitch,0,31,13,0,5981,6105820 ns
after_local_cswitch,0,32,44,0,41203,6105820 ns
after_local_cswitch,0,33,43,0,-43324,6105820 ns
after_local_cswitch,0,34,42,0,-43327,6105820 ns
after_local_cswitch,0,35,41,0,-1041,6105820 ns
after_local_cswitch,0,36,40,0,-121629,6105820 ns
after_local_cswitch,0,37,39,0,8267,6105820 ns
after_local_cswitch,0,38,38,0,-105251,6105820 ns
after_local_cswitch,0,39,37,0,17754,6105820 ns
after_local_cswitch,0,40,36,0,-43833,6105820 ns
after_local_cswitch,0,41,35,0,-8779,6105820 ns
after_local_cswitch,0,42,34,0,-49980,6105820 ns
after_local_cswitch,0,43,33,0,-25327,6105820 ns
after_local_cswitch,0,44,32,0,-147626,6105820 ns
after_local_cswitch,0,45,31,0,124564,6105820 ns
after_local_cswitch,0,46,30,0,-42071,6105820 ns
after_local_cswitch,0,47,29,0,2609,6105820 ns
after_local_cswitch,0,48,28,0,-32708,6105820 ns
after_local_cswitch,0,49,27,0,4202,6105820 ns
after_local_cswitch,0,50,26,0,38512,6105820 ns
after_local_cswitch,0,51,25,0,42658,6105820 ns
after_local_cswitch,0,52,24,0,-24677,6105820 ns
after_local_cswitch,0,53,23,0,-4961,6105820 ns
after_local_cswitch,0,54,22,0,-105273,6105820 ns
after_local_cswitch,0,55,21,0,-73815,6105820 ns
after_local_cswitch,0,56,20,0,147619,6105820 ns
after_local_cswitch,0,57,19,0,-39171,6105820 ns
after_local_cswitch,0,58,18,0,3927,6105820 ns
after_local_cswitch,0,59,17,0,-67520,6105820 ns
after_local_cswitch,0,60,16,0,-18860,6105820 ns
after_local_cswitch,0,61,15,0,-133482,6105820 ns
after_local_cswitch,0,62,14,0,-17287,6105820 ns
after_local_cswitch,0,63,13,0,178665,6105820 ns
after_local_cswitch,0,0,44,0,-100536,6105820 ns
after_local_cswitch,0,1,43,0,-38979,6105820 ns
after_local_cswitch,0,2,42,0,27402,6105820 ns
after_local_cswitch,0,3,41,0,-20535,6105820 ns
after_local_cswitch,0,4,40,0,84275,6105820 ns
after_local_cswitch,0,5,39,0,-104892,6105820 ns
after_local_cswitch,0,6,38,0,34435,6105820 ns
after_local_cswitch,0,7,37,0,-23388,6105820 ns
after_local_cswitch,0,8,36,0,-14720,6105820 ns
after_local_cswitch,0,9,35,0,25563,6105820 ns
after_local_cswitch,0,10,34,0,-79671,6105820 ns
after_local_cswitch,0,11,33,0,-89810,6105820 ns
after_local_cswitch,0,12,32,0,46006,6105820 ns
after_local_cswitch,0,13,31,0,-49942,6105820 ns
after_local_cswitch,0,14,30,0,-39832,6105820 ns
after_local_cswitch,0,15,29,0,7682,6105820 ns
after_local_cswitch,0,16,28,0,143445,6105820 ns
after_local_cswitch,0,17,27,0,-27666,6105820 ns
after_local_cswitch,0,18,26,0,-32940,6105820 ns
after_local_cswitch,0,19,25,0,170504,6105820 ns
after_local_cswitch,0,20,24,0,-103351,6105820 ns
after_local_cswitch,0,21,23,0,-13557,6105820 ns
after_local_cswitch,0,22,22,0,24482,6105820 ns
after_local_cswitch,0,23,21,0,-127521,6105820 ns
after_local_cswitch,0,24,20,0,-18855,6105820 ns
after_local_cswitch,0,25,19,0,-37396,6105820 ns
after_local_cswitch,0,26,18,0,-126570,6105820 ns
after_local_cswitch,0,27,17,0,-33826,6105820 ns
after_local_cswitch,0,28,16,0,5651,6105820 ns
after_local_cswitch,0,29,15,0,466,6105820 ns
after_local_cswitch,0,30,14,0,135425,6105820 ns
after_local_cswitch,0,31,13,0,5981,6105820 ns
after_local_cswitch,0,32,44,0,41203,6105820 ns
after_local_cswitch,0,33,43,0,-43324,6105820 ns
after_local_cswitch,0,34,42,0,-43327,6105820 ns
after_local_cswitch,0,35,41,0,-1041,6105820 ns
after_local_cswitch,0,36,40,0,-121629,6105820 ns
after_local_cswitch,0,37,39,0,8267,6105820 ns
after_local_cswitch,0,38,38,0,-105251,6105820 ns
after_local_cswitch,0,39,37,0,17754,6105820 ns
after_local_cswitch,0,40,36,0,-43833,6105820 ns
after_local_cswitch,0,41,35,0,-8779,6105820 ns
after_local_cswitch,0,42,34,0,-49980,6105820 ns
after_local_cswitch,0,43,33,0,-25327,6105820 ns
after_local_cswitch,0,44,32,0,-147626,6105820 ns
after_local_cswitch,0,45,31,0,124564,6105820 ns
after_local_cswitch,0,46,30,0,-42071,6105820 ns
after_local_cswitch,0,47,29,0,2609,6105820 ns
after_local_cswitch,0,48,28,0,-32708,6105820 ns
after_local_cswitch,0,49,27,0,4202,6105820 ns
after_local_cswitch,0,50,26,0,38512,6105820 ns
after_local_cswitch,0,51,25,0,42658,6105820 ns
after_local_cswitch,0,52,24,0,-24677,6105820 ns
after_local_cswitch,0,53,23,0,-4961,6105820 ns
after_local_cswitch,0,54,22,0,-105273,6105820 ns
after_local_cswitch,0,55,21,0,-73815,6105820 ns
after_local_cswitch,0,56,20,0,147619,6105820 ns
after_local_cswitch,0,57,19,0,-39171,6105820 ns
after_local_cswitch,0,58,18,0,3927,6105820 ns
after_local_cswitch,0,59,17,0,-67520,6105820 ns
after_local_cswitch,0,60,16,0,-18860,6105820 ns
after_local_cswitch,0,61,15,0,-133482,6105820 ns
after_local_cswitch,0,62,14,0,-17287,6105820 ns
after_local_cswitch,0,63,13,0,178665,6105820 ns
after_local_cswitch,0,0,45,0,16939,6105830 ns
after_local_cswitch,0,1,44,0,119308,6105830 ns
after_local_cswitch,0,2,43,0,79990,6105830 ns
after_local_cswitch,0,3,42,0,-2401,6105830 ns
after_local_cswitch,0,4,41,0,140357,6105830 ns
after_local_cswitch,0,5,40,0,-69497,6105830 ns
after_local_cswitch,0,6,39,0,2259,6105830 ns
after_local_cswitch,0,7,38,0,-165765,6105830 ns
after_local_cswitch,0,8,37,0,60703,6105830 ns
after_local_cswitch,0,9,36,0,20859,6105830 ns
after_local_cswitch,0,10,35,0,-19662,6105830 ns
after_local_cswitch,0,11,34,0,-43116,6105830 ns
after_local_cswitch,0,12,33,0,-136987,6105830 ns
after_local_cswitch,0,13,32,0,-69606,6105830 ns
after_local_cswitch,0,14,31,0,2273,6105830 ns
after_local_cswitch,0,15,30,0,208487,6105830 ns
after_local_cswitch,0,16,29,0,-29999,6105830 ns
after_local_cswitch,0,17,28,0,216573,6105830 ns
after_local_cswitch,0,18,27,0,50786,6105830 ns
after_local_cswitch,0,19,26,0,-46852,6105830 ns
after_local_cswitch,0,20,25,0,-75899,6105830 ns
after_local_cswitch,0,21,24,0,-23190,6105830 ns
after_local_cswitch,0,22,23,0,-145999,6105830 ns
after_local_cswitch,0,23,22,0,-56421,6105830 ns
after_local_cswitch,0,24,21,0,-1897,6105830 ns
after_local_cswitch,0,25,20,0,86615,6105830 ns
after_local_cswitch,0,26,19,0,145128,6105830 ns
after_local_cswitch,0,27,18,0,-18787,6105830 ns
after_local_cswitch,0,28,17,0,73867,6105830 ns
after_local_cswitch,0,29,16,0,49975,6105830 ns
after_local_cswitch,0,30,15,0,48609,6105830 ns
after_local_cswitch,0,31,14,0,-160463,6105830 ns
after_local_cswitch,0,32,45,0,-98024,6105830 ns
after_local_cswitch,0,33,44,0,-128705,6105830 ns
after_local_cswitch,0,34,43,0,17104,6105830 ns
after_local_cswitch,0,35,42,0,129970,6105830 ns
after_local_cswitch,0,36,41,0,138352,6105830 ns
after_local_cswitch,0,37,40,0,-33299,6105830 ns
after_local_cswitch,0,38,39,0,119455,6105830 ns
after_local_cswitch,0,39,38,0,64879,6105830 ns
after_local_cswitch,0,40,37,0,-13907,6105830 ns
after_local_cswitch,0,41,36,0,85034,6105830 ns
after_local_cswitch,0,42,35,0,21113,6105830 ns
after_local_cswitch,0,43,34,0,-218442,6105830 ns
after_local_cswitch,0,44,33,0,-11324,6105830 ns
after_local_cswitch,0,45,32,0,25587,6105830 ns
after_local_cswitch,0,46,31,0,-99235,6105830 ns
after_local_cswitch,0,47,30,0,-105453,6105830 ns
after_local_cswitch,0,48,29,0,53701,6105830 ns
after_local_cswitch,0,49,28,0,44985,6105830 ns
after_local_cswitch,0,50,27,0,-27814,6105830 ns
after_local_cswitch,0,51,26,0,-108909,6105830 ns
after_local_cswitch,0,52,25,0,-17468,6105830 ns
after_local_cswitch,0,53,24,0,861,6105830 ns
after_local_cswitch,0,54,23,0,-26908,6105830 ns
after_local_cswitch,0,55,22,0,71429,6105830 ns
after_local_cswitch,0,56,21,0,-66793,6105830 ns
after_local_cswitch,0,57,20,0,18744,6105830 ns
after_local_cswitch,0,58,19,0,-29201,6105830 ns
after_local_cswitch,0,59,18,0,28326,6105830 ns
after_local_cswitch,0,60,17,0,-52466,6105830 ns
after_local_cswitch,0,61,16,0,92450,6105830 ns
after_local_cswitch,0,62,15,0,50607,6105830 ns
after_local_cswitch,0,63,14,0,-93826,6105830 ns
after_local_cswitch,0,0,45,0,16939,6105830 ns
after_local_cswitch,0,1,44,0,119308,6105830 ns
after_local_cswitch,0,2,43,0,79990,6105830 ns
after_local_cswitch,0,3,42,0,-2401,6105830 ns
after_local_cswitch,0,4,41,0,140357,6105830 ns
after_local_cswitch,0,5,40,0,-69497,6105830 ns
after_local_cswitch,0,6,39,0,2259,6105830 ns
after_local_cswitch,0,7,38,0,-165765,6105830 ns
after_local_cswitch,0,8,37,0,60703,6105830 ns
after_local_cswitch,0,9,36,0,20859,6105830 ns
after_local_cswitch,0,10,35,0,-19662,6105830 ns
after_local_cswitch,0,11,34,0,-43116,6105830 ns
after_local_cswitch,0,12,33,0,-136987,6105830 ns
after_local_cswitch,0,13,32,0,-69606,6105830 ns
after_local_cswitch,0,14,31,0,2273,6105830 ns
after_local_cswitch,0,15,30,0,208487,6105830 ns
after_local_cswitch,0,16,29,0,-29999,6105830 ns
after_local_cswitch,0,17,28,0,216573,6105830 ns
after_local_cswitch,0,18,27,0,50786,6105830 ns
after_local_cswitch,0,19,26,0,-46852,6105830 ns
after_local_cswitch,0,20,25,0,-75899,6105830 ns
after_local_cswitch,0,21,24,0,-23190,6105830 ns
after_local_cswitch,0,22,23,0,-145999,6105830 ns
after_local_cswitch,0,23,22,0,-56421,6105830 ns
after_local_cswitch,0,24,21,0,-1897,6105830 ns
after_local_cswitch,0,25,20,0,86615,6105830 ns
after_local_cswitch,0,26,19,0,145128,6105830 ns
after_local_cswitch,0,27,18,0,-18787,6105830 ns
after_local_cswitch,0,28,17,0,73867,6105830 ns
after_local_cswitch,0,29,16,0,49975,6105830 ns
after_local_cswitch,0,30,15,0,48609,6105830 ns
after_local_cswitch,0,31,14,0,-160463,6105830 ns
after_local_cswitch,0,32,45,0,-98024,6105830 ns
after_local_cswitch,0,33,44,0,-128705,6105830 ns
after_local_cswitch,0,34,43,0,17104,6105830 ns
after_local_cswitch,0,35,42,0,129970,6105830 ns
after_local_cswitch,0,36,41,0,138352,6105830 ns
after_local_cswitch,0,37,40,0,-33299,6105830 ns
after_local_cswitch,0,38,39,0,119455,6105830 ns
after_local_cswitch,0,39,38,0,64879,6105830 ns
after_local_cswitch,0,40,37,0,-13907,6105830 ns
after_local_cswitch,0,41,36,0,85034,6105830 ns
after_local_cswitch,0,42,35,0,21113,6105830 ns
after_local_cswitch,0,43,34,0,-218442,6105830 ns
after_local_cswitch,0,44,33,0,-11324,6105830 ns
after_local_cswitch,0,45,32,0,25587,6105830 ns
after_local_cswitch,0,46,31,0,-99235,6105830 ns
after_local_cswitch,0,47,30,0,-105453,6105830 ns
after_local_cswitch,0,48,29,0,53701,6105830 ns
after_local_cswitch,0,49,28,0,44985,6105830 ns
after_local_cswitch,0,50,27,0,-27814,6105830 ns
after_local_cswitch,0,51,26,0,-108909,6105830 ns
after_local_cswitch,0,52,25,0,-17468,6105830 ns
after_local_cswitch,0,53,24,0,861,6105830 ns
after_local_cswitch,0,54,23,0,-26908,6105830 ns
after_local_cswitch,0,55,22,0,71429,6105830 ns
after_local_cswitch,0,56,21,0,-66793,6105830 ns
after_local_cswitch,0,57,20,0,18744,6105830 ns
after_local_cswitch,0,58,19,0,-29201,6105830 ns
after_local_cswitch,0,59,18,0,28326,6105830 ns
after_local_cswitch,0,60,17,0,-52466,6105830 ns
after_local_cswitch,0,61,16,0,92450,6105830 ns
after_local_cswitch,0,62,15,0,50607,6105830 ns
after_local_cswitch,0,63,14,0,-93826,6105830 ns
after_local_cswitch,0,0,45,0,16939,6105830 ns
after_local_cswitch,0,1,44,0,119308,6105830 ns
after_local_cswitch,0,2,43,0,79990,6105830 ns
after_local_cswitch,0,3,42,0,-2401,6105830 ns
after_local_cswitch,0,4,41,0,140357,6105830 ns
after_local_cswitch,0,5,40,0,-69497,6105830 ns
after_local_cswitch,0,6,39,0,2259,6105830 ns
after_local_cswitch,0,7,38,0,-165765,6105830 ns
after_local_cswitch,0,8,37,0,60703,6105830 ns
after_local_cswitch,0,9,36,0,20859,6105830 ns
after_local_cswitch,0,10,35,0,-19662,6105830 ns
after_local_cswitch,0,11,34,0,-43116,6105830 ns
after_local_cswitch,0,12,33,0,-136987,6105830 ns
after_local_cswitch,0,13,32,0,-69606,6105830 ns
after_local_cswitch,0,14,31,0,2273,6105830 ns
after_local_cswitch,0,15,30,0,208487,6105830 ns
after_local_cswitch,0,16,29,0,-29999,6105830 ns
after_local_cswitch,0,17,28,0,216573,6105830 ns
after_local_cswitch,0,18,27,0,50786,6105830 ns
after_local_cswitch,0,19,26,0,-46852,6105830 ns
after_local_cswitch,0,20,25,0,-75899,6105830 ns
after_local_cswitch,0,21,24,0,-23190,6105830 ns
after_local_cswitch,0,22,23,0,-145999,6105830 ns
after_local_cswitch,0,23,22,0,-56421,6105830 ns
after_local_cswitch,0,24,21,0,-1897,6105830 ns
after_local_cswitch,0,25,20,0,86615,6105830 ns
after_local_cswitch,0,26,19,0,145128,6105830 ns
after_local_cswitch,0,27,18,0,-18787,6105830 ns
after_local_cswitch,0,28,17,0,73867,6105830 ns
after_local_cswitch,0,29,16,0,49975,6105830 ns
after_local_cswitch,0,30,15,0,48609,6105830 ns
after_local_cswitch,0,31,14,0,-160463,6105830 ns
after_local_cswitch,0,32,45,0,-98024,6105830 ns
after_local_cswitch,0,33,44,0,-128705,6105830 ns
after_local_cswitch,0,34,43,0,17104,6105830 ns
after_local_cswitch,0,35,42,0,129970,6105830 ns
after_local_cswitch,0,36,41,0,138352,6105830 ns
after_local_cswitch,0,37,40,0,-33299,6105830 ns
after_local_cswitch,0,38,39,0,119455,6105830 ns
after_local_cswitch,0,39,38,0,64879,6105830 ns
after_local_cswitch,0,40,37,0,-13907,6105830 ns
after_local_cswitch,0,41,36,0,85034,6105830 ns
after_local_cswitch,0,42,35,0,21113,6105830 ns
after_local_cswitch,0,43,34,0,-218442,6105830 ns
after_local_cswitch,0,44,33,0,-11324,6105830 ns
after_local_cswitch,0,45,32,0,25587,6105830 ns
after_local_cswitch,0,46,31,0,-99235,6105830 ns
after_local_cswitch,0,47,30,0,-105453,6105830 ns
after_local_cswitch,0,48,29,0,53701,6105830 ns
after_local_cswitch,0,49,28,0,44985,6105830 ns
after_local_cswitch,0,50,27,0,-27814,6105830 ns
after_local_cswitch,0,51,26,0,-108909,6105830 ns
after_local_cswitch,0,52,25,0,-17468,6105830 ns
after_local_cswitch,0,53,24,0,861,6105830 ns
after_local_cswitch,0,54,23,0,-26908,6105830 ns
after_local_cswitch,0,55,22,0,71429,6105830 ns
after_local_cswitch,0,56,21,0,-66793,6105830 ns
after_local_cswitch,0,57,20,0,18744,6105830 ns
after_local_cswitch,0,58,19,0,-29201,6105830 ns
after_local_cswitch,0,59,18,0,28326,6105830 ns
after_local_cswitch,0,60,17,0,-52466,6105830 ns
after_local_cswitch,0,61,16,0,92450,6105830 ns
after_local_cswitch,0,62,15,0,50607,6105830 ns
after_local_cswitch,0,63,14,0,-93826,6105830 ns
after_local_cswitch,0,0,46,0,-116395,6105840 ns
after_local_cswitch,0,1,45,0,137491,6105840 ns
after_local_cswitch,0,2,44,0,-65367,6105840 ns
after_local_cswitch,0,3,43,0,-42034,6105840 ns
after_local_cswitch,0,4,42,0,118721,6105840 ns
after_local_cswitch,0,5,41,0,-142196,6105840 ns
after_local_cswitch,0,6,40,0,-13803,6105840 ns
after_local_cswitch,0,7,39,0,74912,6105840 ns
after_local_cswitch,0,8,38,0,-35963,6105840 ns
after_local_cswitch,0,9,37,0,1755,6105840 ns
after_local_cswitch,0,10,36,0,-113705,6105840 ns
after_local_cswitch,0,11,35,0,58717,6105840 ns
after_local_cswitch,0,12,34,0,88839,6105840 ns
after_local_cswitch,0,13,33,0,-61791,6105840 ns
after_local_cswitch,0,14,32,0,-53018,6105840 ns
after_local_cswitch,0,15,31,0,-65403,6105840 ns
after_local_cswitch,0,16,30,0,-14724,6105840 ns
after_local_cswitch,0,17,29,0,-215511,6105840 ns
after_local_cswitch,0,18,28,0,9944,6105840 ns
after_local_cswitch,0,19,27,0,95779,6105840 ns
after_local_cswitch,0,20,26,0,-42043,6105840 ns
after_local_cswitch,0,21,25,0,-91320,6105840 ns
after_local_cswitch,0,22,24,0,171640,6105840 ns
after_local_cswitch,0,23,23,0,-40293,6105840 ns
after_local_cswitch,0,24,22,0,165206,6105840 ns
after_local_cswitch,0,25,21,0,-40764,6105840 ns
after_local_cswitch,0,26,20,0,-40995,6105840 ns
after_local_cswitch,0,27,19,0,157858,6105840 ns
after_local_cswitch,0,28,18,0,-49781,6105840 ns
after_local_cswitch,0,29,17,0,159844,6105840 ns
after_local_cswitch,0,30,16,0,-104941,6105840 ns
after_local_cswitch,0,31,15,0,-128152,6105840 ns
after_local_cswitch,0,32,46,0,73850,6105840 ns
after_local_cswitch,0,33,45,0,-143769,6105840 ns
after_local_cswitch,0,34,44,0,10379,6105840 ns
after_local_cswitch,0,35,43,0,-70600,6105840 ns
after_local_cswitch,0,36,42,0,-65780,6105840 ns
after_local_cswitch,0,37,41,0,-11458,6105840 ns
after_local_cswitch,0,38,40,0,71197,6105840 ns
after_local_cswitch,0,39,39,0,66523,6105840 ns
after_local_cswitch,0,40,38,0,41814,6105840 ns
after_local_cswitch,0,41,37,0,84048,6105840 ns
after_local_cswitch,0,42,36,0,-83647,6105840 ns
after_local_cswitch,0,43,35,0,72050,6105840 ns
after_local_cswitch,0,44,34,0,-50839,6105840 ns
after_local_cswitch,0,45,33,0,9102,6105840 ns
after_local_cswitch,0,46,32,0,-70588,6105840 ns
after_local_cswitch,0,47,31,0,9392,6105840 ns
after_local_cswitch,0,48,30,0,40025,6105840 ns
after_local_cswitch,0,49,29,0,-13687,6105840 ns
after_local_cswitch,0,50,28,0,-90111,6105840 ns
after_local_cswitch,0,51,27,0,52678,6105840 ns
after_local_cswitch,0,52,26,0,62557,6105840 ns
after_local_cswitch,0,53,25,0,54933,6105840 ns
after_local_cswitch,0,54,24,0,92165,6105840 ns
after_local_cswitch,0,55,23,0,21082,6105840 ns
after_local_cswitch,0,56,22,0,-51221,6105840 ns
after_local_cswitch,0,57,21,0,12788,6105840 ns
after_local_cswitch,0,58,20,0,23266,6105840 ns
after_local_cswitch,0,59,19,0,261877,6105840 ns
after_local_cswitch,0,60,18,0,-92843,6105840 ns
after_local_cswitch,0,61,17,0,-58377,6105840 ns
after_local_cswitch,0,62,16,0,-115385,6105840 ns
after_local_cswitch,0,63,15,0,-163361,6105840 ns
after_local_cswitch,0,0,46,0,-116395,6105840 ns
after_local_cswitch,0,1,45,0,137491,6105840 ns
after_local_cswitch,0,2,44,0,-65367,6105840 ns
after_local_cswitch,0,3,43,0,-42034,6105840 ns
after_local_cswitch,0,4,42,0,118721,6105840 ns
after_local_cswitch,0,5,41,0,-142196,6105840 ns
after_local_cswitch,0,6,40,0,-13803,6105840 ns
after_local_cswitch,0,7,39,0,74912,6105840 ns
after_local_cswitch,0,8,38,0,-35963,6105840 ns
after_local_cswitch,0,9,37,0,1755,6105840 ns
after_local_cswitch,0,10,36,0,-113705,6105840 ns
after_local_cswitch,0,11,35,0,58717,6105840 ns
after_local_cswitch,0,12,34,0,88839,6105840 ns
after_local_cswitch,0,13,33,0,-61791,6105840 ns
after_local_cswitch,0,14,32,0,-53018,6105840 ns
after_local_cswitch,0,15,31,0,-65403,6105840 ns
after_local_cswitch,0,16,30,0,-14724,6105840 ns
after_local_cswitch,0,17,29,0,-215511,6105840 ns
after_local_cswitch,0,18,28,0,9944,6105840 ns
after_local_cswitch,0,19,27,0,95779,6105840 ns
after_local_cswitch,0,20,26,0,-42043,6105840 ns
after_local_cswitch,0,21,25,0,-91320,6105840 ns
after_local_cswitch,0,22,24,0,171640,6105840 ns
after_local_cswitch,0,23,23,0,-40293,6105840 ns
after_local_cswitch,0,24,22,0,165206,6105840 ns
after_local_cswitch,0,25,21,0,-40764,6105840 ns
after_local_cswitch,0,26,20,0,-40995,6105840 ns
after_local_cswitch,0,27,19,0,157858,6105840 ns
after_local_cswitch,0,28,18,0,-49781,6105840 ns
after_local_cswitch,0,29,17,0,159844,6105840 ns
after_local_cswitch,0,30,16,0,-104941,6105840 ns
after_local_cswitch,0,31,15,0,-128152,6105840 ns
after_local_cswitch,0,32,46,0,73850,6105840 ns
after_local_cswitch,0,33,45,0,-143769,6105840 ns
after_local_cswitch,0,34,44,0,10379,6105840 ns
after_local_cswitch,0,35,43,0,-70600,6105840 ns
after_local_cswitch,0,36,42,0,-65780,6105840 ns
after_local_cswitch,0,37,41,0,-11458,6105840 ns
after_local_cswitch,0,38,40,0,71197,6105840 ns
after_local_cswitch,0,39,39,0,66523,6105840 ns
after_local_cswitch,0,40,38,0,41814,6105840 ns
after_local_cswitch,0,41,37,0,84048,6105840 ns
after_local_cswitch,0,42,36,0,-83647,6105840 ns
after_local_cswitch,0,43,35,0,72050,6105840 ns
after_local_cswitch,0,44,34,0,-50839,6105840 ns
after_local_cswitch,0,45,33,0,9102,6105840 ns
after_local_cswitch,0,46,32,0,-70588,6105840 ns
after_local_cswitch,0,47,31,0,9392,6105840 ns
after_local_cswitch,0,48,30,0,40025,6105840 ns
after_local_cswitch,0,49,29,0,-13687,6105840 ns
after_local_cswitch,0,50,28,0,-90111,6105840 ns
after_local_cswitch,0,51,27,0,52678,6105840 ns
after_local_cswitch,0,52,26,0,62557,6105840 ns
after_local_cswitch,0,53,25,0,54933,6105840 ns
after_local_cswitch,0,54,24,0,92165,6105840 ns
after_local_cswitch,0,55,23,0,21082,6105840 ns
after_local_cswitch,0,56,22,0,-51221,6105840 ns
after_local_cswitch,0,57,21,0,12788,6105840 ns
after_local_cswitch,0,58,20,0,23266,6105840 ns
after_local_cswitch,0,59,19,0,261877,6105840 ns
after_local_cswitch,0,60,18,0,-92843,6105840 ns
after_local_cswitch,0,61,17,0,-58377,6105840 ns
after_local_cswitch,0,62,16,0,-115385,6105840 ns
after_local_cswitch,0,63,15,0,-163361,6105840 ns
after_local_cswitch,0,0,46,0,-116395,6105840 ns
after_local_cswitch,0,1,45,0,137491,6105840 ns
after_local_cswitch,0,2,44,0,-65367,6105840 ns
after_local_cswitch,0,3,43,0,-42034,6105840 ns
after_local_cswitch,0,4,42,0,118721,6105840 ns
after_local_cswitch,0,5,41,0,-142196,6105840 ns
after_local_cswitch,0,6,40,0,-13803,6105840 ns
after_local_cswitch,0,7,39,0,74912,6105840 ns
after_local_cswitch,0,8,38,0,-35963,6105840 ns
after_local_cswitch,0,9,37,0,1755,6105840 ns
after_local_cswitch,0,10,36,0,-113705,6105840 ns
after_local_cswitch,0,11,35,0,58717,6105840 ns
after_local_cswitch,0,12,34,0,88839,6105840 ns
after_local_cswitch,0,13,33,0,-61791,6105840 ns
after_local_cswitch,0,14,32,0,-53018,6105840 ns
after_local_cswitch,0,15,31,0,-65403,6105840 ns
after_local_cswitch,0,16,30,0,-14724,6105840 ns
after_local_cswitch,0,17,29,0,-215511,6105840 ns
after_local_cswitch,0,18,28,0,9944,6105840 ns
after_local_cswitch,0,19,27,0,95779,6105840 ns
after_local_cswitch,0,20,26,0,-42043,6105840 ns
after_local_cswitch,0,21,25,0,-91320,6105840 ns
after_local_cswitch,0,22,24,0,171640,6105840 ns
after_local_cswitch,0,23,23,0,-40293,6105840 ns
after_local_cswitch,0,24,22,0,165206,6105840 ns
after_local_cswitch,0,25,21,0,-40764,6105840 ns
after_local_cswitch,0,26,20,0,-40995,6105840 ns
after_local_cswitch,0,27,19,0,157858,6105840 ns
after_local_cswitch,0,28,18,0,-49781,6105840 ns
after_local_cswitch,0,29,17,0,159844,6105840 ns
after_local_cswitch,0,30,16,0,-104941,6105840 ns
after_local_cswitch,0,31,15,0,-128152,6105840 ns
after_local_cswitch,0,32,46,0,73850,6105840 ns
after_local_cswitch,0,33,45,0,-143769,6105840 ns
after_local_cswitch,0,34,44,0,10379,6105840 ns
after_local_cswitch,0,35,43,0,-70600,6105840 ns
after_local_cswitch,0,36,42,0,-65780,6105840 ns
after_local_cswitch,0,37,41,0,-11458,6105840 ns
after_local_cswitch,0,38,40,0,71197,6105840 ns
after_local_cswitch,0,39,39,0,66523,6105840 ns
after_local_cswitch,0,40,38,0,41814,6105840 ns
after_local_cswitch,0,41,37,0,84048,6105840 ns
after_local_cswitch,0,42,36,0,-83647,6105840 ns
after_local_cswitch,0,43,35,0,72050,6105840 ns
after_local_cswitch,0,44,34,0,-50839,6105840 ns
after_local_cswitch,0,45,33,0,9102,6105840 ns
after_local_cswitch,0,46,32,0,-70588,6105840 ns
after_local_cswitch,0,47,31,0,9392,6105840 ns
after_local_cswitch,0,48,30,0,40025,6105840 ns
after_local_cswitch,0,49,29,0,-13687,6105840 ns
after_local_cswitch,0,50,28,0,-90111,6105840 ns
after_local_cswitch,0,51,27,0,52678,6105840 ns
after_local_cswitch,0,52,26,0,62557,6105840 ns
after_local_cswitch,0,53,25,0,54933,6105840 ns
after_local_cswitch,0,54,24,0,92165,6105840 ns
after_local_cswitch,0,55,23,0,21082,6105840 ns
after_local_cswitch,0,56,22,0,-51221,6105840 ns
after_local_cswitch,0,57,21,0,12788,6105840 ns
after_local_cswitch,0,58,20,0,23266,6105840 ns
after_local_cswitch,0,59,19,0,261877,6105840 ns
after_local_cswitch,0,60,18,0,-92843,6105840 ns
after_local_cswitch,0,61,17,0,-58377,6105840 ns
after_local_cswitch,0,62,16,0,-115385,6105840 ns
after_local_cswitch,0,63,15,0,-163361,6105840 ns
after_local_cswitch,0,0,47,0,-9491,6105850 ns
after_local_cswitch,0,1,46,0,82028,6105850 ns
after_local_cswitch,0,2,45,0,-29808,6105850 ns
after_local_cswitch,0,3,44,0,-23149,6105850 ns
after_local_cswitch,0,4,43,0,40749,6105850 ns
after_local_cswitch,0,5,42,0,-67300,6105850 ns
after_local_cswitch,0,6,41,0,-81438,6105850 ns
after_local_cswitch,0,7,40,0,32565,6105850 ns
after_local_cswitch,0,8,39,0,86432,6105850 ns
after_local_cswitch,0,9,38,0,-61165,6105850 ns
after_local_cswitch,0,10,37,0,-62937,6105850 ns
after_local_cswitch,0,11,36,0,43914,6105850 ns
after_local_cswitch,0,12,35,0,-39992,6105850 ns
after_local_cswitch,0,13,34,0,15475,6105850 ns
after_local_cswitch,0,14,33,0,-190893,6105850 ns
after_local_cswitch,0,15,32,0,4010,6105850 ns
after_local_cswitch,0,16,31,0,-88347,6105850 ns
after_local_cswitch,0,17,30,0,19601,6105850 ns
after_local_cswitch,0,18,29,0,3828,6105850 ns
after_local_cswitch,0,19,28,0,95527,6105850 ns
after_local_cswitch,0,20,27,0,76815,6105850 ns
after_local_cswitch,0,21,26,0,50442,6105850 ns
after_local_cswitch,0,22,25,0,73618,6105850 ns
after_local_cswitch,0,23,24,0,34093,6105850 ns
after_local_cswitch,0,24,23,0,6390,6105850 ns
after_local_cswitch,0,25,22,0,12316,6105850 ns
after_local_cswitch,0,26,21,0,70775,6105850 ns
after_local_cswitch,0,27,20,0,-42975,6105850 ns
after_local_cswitch,0,28,19,0,-56000,6105850 ns
after_local_cswitch,0,29,18,0,-70367,6105850 ns
after_local_cswitch,0,30,17,0,-132267,6105850 ns
after_local_cswitch,0,31,16,0,113855,6105850 ns
after_local_cswitch,0,32,47,0,-72274,6105850 ns
after_local_cswitch,0,33,46,0,-143349,6105850 ns
after_local_cswitch,0,34,45,0,123396,6105850 ns
after_local_cswitch,0,35,44,0,-33427,6105850 ns
after_local_cswitch,0,36,43,0,-119152,6105850 ns
after_local_cswitch,0,37,42,0,35334,6105850 ns
after_local_cswitch,0,38,41,0,50313,6105850 ns
after_local_cswitch,0,39,40,0,-12598,6105850 ns
after_local_cswitch,0,40,39,0,56598,6105850 ns
after_local_cswitch,0,41,38,0,88542,6105850 ns
after_local_cswitch,0,42,37,0,223999,6105850 ns
after_local_cswitch,0,43,36,0,-58654,6105850 ns
after_local_cswitch,0,44,35,0,87978,6105850 ns
after_local_cswitch,0,45,34,0,30213,6105850 ns
after_local_cswitch,0,46,33,0,-160445,6105850 ns
after_local_cswitch,0,47,32,0,-65840,6105850 ns
after_local_cswitch,0,48,31,0,150977,6105850 ns
after_local_cswitch,0,49,30,0,-52630,6105850 ns
after_local_cswitch,0,50,29,0,-136463,6105850 ns
after_local_cswitch,0,51,28,0,-36129,6105850 ns
after_local_cswitch,0,52,27,0,21207,6105850 ns
after_local_cswitch,0,53,26,0,147985,6105850 ns
after_local_cswitch,0,54,25,0,52644,6105850 ns
after_local_cswitch,0,55,24,0,-163444,6105850 ns
after_local_cswitch,0,56,23,0,13227,6105850 ns
after_local_cswitch,0,57,22,0,113675,6105850 ns
after_local_cswitch,0,58,21,0,-2751,6105850 ns
after_local_cswitch,0,59,20,0,12494,6105850 ns
after_local_cswitch,0,60,19,0,-145933,6105850 ns
after_local_cswitch,0,61,18,0,-86422,6105850 ns
after_local_cswitch,0,62,17,0,54338,6105850 ns
after_local_cswitch,0,63,16,0,60186,6105850 ns
after_local_cswitch,0,0,47,0,-9491,6105850 ns
after_local_cswitch,0,1,46,0,82028,6105850 ns
after_local_cswitch,0,2,45,0,-29808,6105850 ns
after_local_cswitch,0,3,44,0,-23149,6105850 ns
after_local_cswitch,0,4,43,0,40749,6105850 ns
after_local_cswitch,0,5,42,0,-67300,6105850 ns
after_local_cswitch,0,6,41,0,-81438,6105850 ns
after_local_cswitch,0,7,40,0,32565,6105850 ns
after_local_cswitch,0,8,39,0,86432,6105850 ns
after_local_cswitch,0,9,38,0,-61165,6105850 ns
after_local_cswitch,0,10,37,0,-62937,6105850 ns
after_local_cswitch,0,11,36,0,43914,6105850 ns
after_local_cswitch,0,12,35,0,-39992,6105850 ns
after_local_cswitch,0,13,34,0,15475,6105850 ns
after_local_cswitch,0,14,33,0,-190893,6105850 ns
after_local_cswitch,0,15,32,0,4010,6105850 ns
after_local_cswitch,0,16,31,0,-88347,6105850 ns
after_local_cswitch,0,17,30,0,19601,6105850 ns
after_local_cswitch,0,18,29,0,3828,6105850 ns
after_local_cswitch,0,19,28,0,95527,6105850 ns
after_local_cswitch,0,20,27,0,76815,6105850 ns
after_local_cswitch,0,21,26,0,50442,6105850 ns
after_local_cswitch,0,22,25,0,73618,6105850 ns
after_local_cswitch,0,23,24,0,34093,6105850 ns
after_local_cswitch,0,24,23,0,6390,6105850 ns
after_local_cswitch,0,25,22,0,12316,6105850 ns
after_local_cswitch,0,26,21,0,70775,6105850 ns
after_local_cswitch,0,27,20,0,-42975,6105850 ns
after_local_cswitch,0,28,19,0,-56000,6105850 ns
after_local_cswitch,0,29,18,0,-70367,6105850 ns
after_local_cswitch,0,30,17,0,-132267,6105850 ns
after_local_cswitch,0,31,16,0,113855,6105850 ns
after_local_cswitch,0,32,47,0,-72274,6105850 ns
after_local_cswitch,0,33,46,0,-143349,6105850 ns
after_local_cswitch,0,34,45,0,123396,6105850 ns
after_local_cswitch,0,35,44,0,-33427,6105850 ns
after_local_cswitch,0,36,43,0,-119152,6105850 ns
after_local_cswitch,0,37,42,0,35334,6105850 ns
after_local_cswitch,0,38,41,0,50313,6105850 ns
after_local_cswitch,0,39,40,0,-12598,6105850 ns
after_local_cswitch,0,40,39,0,56598,6105850 ns
after_local_cswitch,0,41,38,0,88542,6105850 ns
after_local_cswitch,0,42,37,0,223999,6105850 ns
after_local_cswitch,0,43,36,0,-58654,6105850 ns
after_local_cswitch,0,44,35,0,87978,6105850 ns
after_local_cswitch,0,45,34,0,30213,6105850 ns
after_local_cswitch,0,46,33,0,-160445,6105850 ns
after_local_cswitch,0,47,32,0,-65840,6105850 ns
after_local_cswitch,0,48,31,0,150977,6105850 ns
after_local_cswitch,0,49,30,0,-52630,6105850 ns
after_local_cswitch,0,50,29,0,-136463,6105850 ns
after_local_cswitch,0,51,28,0,-36129,6105850 ns
after_local_cswitch,0,52,27,0,21207,6105850 ns
after_local_cswitch,0,53,26,0,147985,6105850 ns
after_local_cswitch,0,54,25,0,52644,6105850 ns
after_local_cswitch,0,55,24,0,-163444,6105850 ns
after_local_cswitch,0,56,23,0,13227,6105850 ns
after_local_cswitch,0,57,22,0,113675,6105850 ns
after_local_cswitch,0,58,21,0,-2751,6105850 ns
after_local_cswitch,0,59,20,0,12494,6105850 ns
after_local_cswitch,0,60,19,0,-145933,6105850 ns
after_local_cswitch,0,61,18,0,-86422,6105850 ns
after_local_cswitch,0,62,17,0,54338,6105850 ns
after_local_cswitch,0,63,16,0,60186,6105850 ns
after_local_cswitch,0,0,47,0,-9491,6105850 ns
after_local_cswitch,0,1,46,0,82028,6105850 ns
after_local_cswitch,0,2,45,0,-29808,6105850 ns
after_local_cswitch,0,3,44,0,-23149,6105850 ns
after_local_cswitch,0,4,43,0,40749,6105850 ns
after_local_cswitch,0,5,42,0,-67300,6105850 ns
after_local_cswitch,0,6,41,0,-81438,6105850 ns
after_local_cswitch,0,7,40,0,32565,6105850 ns
after_local_cswitch,0,8,39,0,86432,6105850 ns
after_local_cswitch,0,9,38,0,-61165,6105850 ns
after_local_cswitch,0,10,37,0,-62937,6105850 ns
after_local_cswitch,0,11,36,0,43914,6105850 ns
after_local_cswitch,0,12,35,0,-39992,6105850 ns
after_local_cswitch,0,13,34,0,15475,6105850 ns
after_local_cswitch,0,14,33,0,-190893,6105850 ns
after_local_cswitch,0,15,32,0,4010,6105850 ns
after_local_cswitch,0,16,31,0,-88347,6105850 ns
after_local_cswitch,0,17,30,0,19601,6105850 ns
after_local_cswitch,0,18,29,0,3828,6105850 ns
after_local_cswitch,0,19,28,0,95527,6105850 ns
after_local_cswitch,0,20,27,0,76815,6105850 ns
after_local_cswitch,0,21,26,0,50442,6105850 ns
after_local_cswitch,0,22,25,0,73618,6105850 ns
after_local_cswitch,0,23,24,0,34093,6105850 ns
after_local_cswitch,0,24,23,0,6390,6105850 ns
after_local_cswitch,0,25,22,0,12316,6105850 ns
after_local_cswitch,0,26,21,0,70775,6105850 ns
after_local_cswitch,0,27,20,0,-42975,6105850 ns
after_local_cswitch,0,28,19,0,-56000,6105850 ns
after_local_cswitch,0,29,18,0,-70367,6105850 ns
after_local_cswitch,0,30,17,0,-132267,6105850 ns
after_local_cswitch,0,31,16,0,113855,6105850 ns
after_local_cswitch,0,32,47,0,-72274,6105850 ns
after_local_cswitch,0,33,46,0,-143349,6105850 ns
after_local_cswitch,0,34,45,0,123396,6105850 ns
after_local_cswitch,0,35,44,0,-33427,6105850 ns
after_local_cswitch,0,36,43,0,-119152,6105850 ns
after_local_cswitch,0,37,42,0,35334,6105850 ns
after_local_cswitch,0,38,41,0,50313,6105850 ns
after_local_cswitch,0,39,40,0,-12598,6105850 ns
after_local_cswitch,0,40,39,0,56598,6105850 ns
after_local_cswitch,0,41,38,0,88542,6105850 ns
after_local_cswitch,0,42,37,0,223999,6105850 ns
after_local_cswitch,0,43,36,0,-58654,6105850 ns
after_local_cswitch,0,44,35,0,87978,6105850 ns
after_local_cswitch,0,45,34,0,30213,6105850 ns
after_local_cswitch,0,46,33,0,-160445,6105850 ns
after_local_cswitch,0,47,32,0,-65840,6105850 ns
after_local_cswitch,0,48,31,0,150977,6105850 ns
after_local_cswitch,0,49,30,0,-52630,6105850 ns
after_local_cswitch,0,50,29,0,-136463,6105850 ns
after_local_cswitch,0,51,28,0,-36129,6105850 ns
after_local_cswitch,0,52,27,0,21207,6105850 ns
after_local_cswitch,0,53,26,0,147985,6105850 ns
after_local_cswitch,0,54,25,0,52644,6105850 ns
after_local_cswitch,0,55,24,0,-163444,6105850 ns
after_local_cswitch,0,56,23,0,13227,6105850 ns
after_local_cswitch,0,57,22,0,113675,6105850 ns
after_local_cswitch,0,58,21,0,-2751,6105850 ns
after_local_cswitch,0,59,20,0,12494,6105850 ns
after_local_cswitch,0,60,19,0,-145933,6105850 ns
after_local_cswitch,0,61,18,0,-86422,6105850 ns
after_local_cswitch,0,62,17,0,54338,6105850 ns
after_local_cswitch,0,63,16,0,60186,6105850 ns
after_local_cswitch,0,0,48,0,89646,6105860 ns
after_local_cswitch,0,1,47,0,115299,6105860 ns
after_local_cswitch,0,2,46,0,-71447,6105860 ns
after_local_cswitch,0,3,45,0,99452,6105860 ns
after_local_cswitch,0,4,44,0,-8515,6105860 ns
after_local_cswitch,0,5,43,0,73608,6105860 ns
after_local_cswitch,0,6,42,0,-58591,6105860 ns
after_local_cswitch,0,7,41,0,-25359,6105860 ns
after_local_cswitch,0,8,40,0,12252,6105860 ns
after_local_cswitch,0,9,39,0,-131076,6105860 ns
after_local_cswitch,0,10,38,0,-153086,6105860 ns
after_local_cswitch,0,11,37,0,10200,6105860 ns
after_local_cswitch,0,12,36,0,-74139,6105860 ns
after_local_cswitch,0,13,35,0,21662,6105860 ns
after_local_cswitch,0,14,34,0,40642,6105860 ns
after_local_cswitch,0,15,33,0,-67379,6105860 ns
after_local_cswitch,0,16,32,0,-10562,6105860 ns
after_local_cswitch,0,17,31,0,798,6105860 ns
after_local_cswitch,0,18,30,0,50809,6105860 ns
after_local_cswitch,0,19,29,0,45517,6105860 ns
after_local_cswitch,0,20,28,0,-90676,6105860 ns
after_local_cswitch,0,21,27,0,-142622,6105860 ns
after_local_cswitch,0,22,26,0,98101,6105860 ns
after_local_cswitch,0,23,25,0,81999,6105860 ns
after_local_cswitch,0,24,24,0,79689,6105860 ns
after_local_cswitch,0,25,23,0,22700,6105860 ns
after_local_cswitch,0,26,22,0,27615,6105860 ns
after_local_cswitch,0,27,21,0,-107281,6105860 ns
after_local_cswitch,0,28,20,0,-43893,6105860 ns
after_local_cswitch,0,29,19,0,133605,6105860 ns
after_local_cswitch,0,30,18,0,-122238,6105860 ns
after_local_cswitch,0,31,17,0,64588,6105860 ns
after_local_cswitch,0,32,48,0,179429,6105860 ns
after_local_cswitch,0,33,47,0,-16680,6105860 ns
after_local_cswitch,0,34,46,0,3488,6105860 ns
after_local_cswitch,0,35,45,0,80628,6105860 ns
after_local_cswitch,0,36,44,0,-121079,6105860 ns
after_local_cswitch,0,37,43,0,-39068,6105860 ns
after_local_cswitch,0,38,42,0,4651,6105860 ns
after_local_cswitch,0,39,41,0,140500,6105860 ns
after_local_cswitch,0,40,40,0,-31405,6105860 ns
after_local_cswitch,0,41,39,0,66598,6105860 ns
after_local_cswitch,0,42,38,0,30211,6105860 ns
after_local_cswitch,0,43,37,0,46957,6105860 ns
after_local_cswitch,0,44,36,0,-55338,6105860 ns
after_local_cswitch,0,45,35,0,-130962,6105860 ns
after_local_cswitch,0,46,34,0,12288,6105860 ns
after_local_cswitch,0,47,33,0,43848,6105860 ns
after_local_cswitch,0,48,32,0,-14734,6105860 ns
after_local_cswitch,0,49,31,0,-31735,6105860 ns
after_local_cswitch,0,50,30,0,61444,6105860 ns
after_local_cswitch,0,51,29,0,83389,6105860 ns
after_local_cswitch,0,52,28,0,-68317,6105860 ns
after_local_cswitch,0,53,27,0,-26140,6105860 ns
after_local_cswitch,0,54,26,0,6807,6105860 ns
after_local_cswitch,0,55,25,0,25230,6105860 ns
after_local_cswitch,0,56,24,0,-3314,6105860 ns
after_local_cswitch,0,57,23,0,-102420,6105860 ns
after_local_cswitch,0,58,22,0,-71801,6105860 ns
after_local_cswitch,0,59,21,0,41465,6105860 ns
after_local_cswitch,0,60,20,0,105945,6105860 ns
after_local_cswitch,0,61,19,0,100777,6105860 ns
after_local_cswitch,0,62,18,0,-32939,6105860 ns
after_local_cswitch,0,63,17,0,120011,6105860 ns
after_local_cswitch,0,0,48,0,89646,6105860 ns
after_local_cswitch,0,1,47,0,115299,6105860 ns
after_local_cswitch,0,2,46,0,-71447,6105860 ns
after_local_cswitch,0,3,45,0,99452,6105860 ns
after_local_cswitch,0,4,44,0,-8515,6105860 ns
after_local_cswitch,0,5,43,0,73608,6105860 ns
after_local_cswitch,0,6,42,0,-58591,6105860 ns
after_local_cswitch,0,7,41,0,-25359,6105860 ns
after_local_cswitch,0,8,40,0,12252,6105860 ns
after_local_cswitch,0,9,39,0,-131076,6105860 ns
after_local_cswitch,0,10,38,0,-153086,6105860 ns
after_local_cswitch,0,11,37,0,10200,6105860 ns
after_local_cswitch,0,12,36,0,-74139,6105860 ns
after_local_cswitch,0,13,35,0,21662,6105860 ns
after_local_cswitch,0,14,34,0,40642,6105860 ns
after_local_cswitch,0,15,33,0,-67379,6105860 ns
after_local_cswitch,0,16,32,0,-10562,6105860 ns
after_local_cswitch,0,17,31,0,798,6105860 ns
after_local_cswitch,0,18,30,0,50809,6105860 ns
after_local_cswitch,0,19,29,0,45517,6105860 ns
after_local_cswitch,0,20,28,0,-90676,6105860 ns
after_local_cswitch,0,21,27,0,-142622,6105860 ns
after_local_cswitch,0,22,26,0,98101,6105860 ns
after_local_cswitch,0,23,25,0,81999,6105860 ns
after_local_cswitch,0,24,24,0,79689,6105860 ns
after_local_cswitch,0,25,23,0,22700,6105860 ns
after_local_cswitch,0,26,22,0,27615,6105860 ns
after_local_cswitch,0,27,21,0,-107281,6105860 ns
after_local_cswitch,0,28,20,0,-43893,6105860 ns
after_local_cswitch,0,29,19,0,133605,6105860 ns
after_local_cswitch,0,30,18,0,-122238,6105860 ns
after_local_cswitch,0,31,17,0,64588,6105860 ns
after_local_cswitch,0,32,48,0,179429,6105860 ns
after_local_cswitch,0,33,47,0,-16680,6105860 ns
after_local_cswitch,0,34,46,0,3488,6105860 ns
after_local_cswitch,0,35,45,0,80628,6105860 ns
after_local_cswitch,0,36,44,0,-121079,6105860 ns
after_local_cswitch,0,37,43,0,-39068,6105860 ns
after_local_cswitch,0,38,42,0,4651,6105860 ns
after_local_cswitch,0,39,41,0,140500,6105860 ns
after_local_cswitch,0,40,40,0,-31405,6105860 ns
after_local_cswitch,0,41,39,0,66598,6105860 ns
after_local_cswitch,0,42,38,0,30211,6105860 ns
after_local_cswitch,0,43,37,0,46957,6105860 ns
after_local_cswitch,0,44,36,0,-55338,6105860 ns
after_local_cswitch,0,45,35,0,-130962,6105860 ns
after_local_cswitch,0,46,34,0,12288,6105860 ns
after_local_cswitch,0,47,33,0,43848,6105860 ns
after_local_cswitch,0,48,32,0,-14734,6105860 ns
after_local_cswitch,0,49,31,0,-31735,6105860 ns
after_local_cswitch,0,50,30,0,61444,6105860 ns
after_local_cswitch,0,51,29,0,83389,6105860 ns
after_local_cswitch,0,52,28,0,-68317,6105860 ns
after_local_cswitch,0,53,27,0,-26140,6105860 ns
after_local_cswitch,0,54,26,0,6807,6105860 ns
after_local_cswitch,0,55,25,0,25230,6105860 ns
after_local_cswitch,0,56,24,0,-3314,6105860 ns
after_local_cswitch,0,57,23,0,-102420,6105860 ns
after_local_cswitch,0,58,22,0,-71801,6105860 ns
after_local_cswitch,0,59,21,0,41465,6105860 ns
after_local_cswitch,0,60,20,0,105945,6105860 ns
after_local_cswitch,0,61,19,0,100777,6105860 ns
after_local_cswitch,0,62,18,0,-32939,6105860 ns
after_local_cswitch,0,63,17,0,120011,6105860 ns
after_local_cswitch,0,0,48,0,89646,6105860 ns
after_local_cswitch,0,1,47,0,115299,6105860 ns
after_local_cswitch,0,2,46,0,-71447,6105860 ns
after_local_cswitch,0,3,45,0,99452,6105860 ns
after_local_cswitch,0,4,44,0,-8515,6105860 ns
after_local_cswitch,0,5,43,0,73608,6105860 ns
after_local_cswitch,0,6,42,0,-58591,6105860 ns
after_local_cswitch,0,7,41,0,-25359,6105860 ns
after_local_cswitch,0,8,40,0,12252,6105860 ns
after_local_cswitch,0,9,39,0,-131076,6105860 ns
after_local_cswitch,0,10,38,0,-153086,6105860 ns
after_local_cswitch,0,11,37,0,10200,6105860 ns
after_local_cswitch,0,12,36,0,-74139,6105860 ns
after_local_cswitch,0,13,35,0,21662,6105860 ns
after_local_cswitch,0,14,34,0,40642,6105860 ns
after_local_cswitch,0,15,33,0,-67379,6105860 ns
after_local_cswitch,0,16,32,0,-10562,6105860 ns
after_local_cswitch,0,17,31,0,798,6105860 ns
after_local_cswitch,0,18,30,0,50809,6105860 ns
after_local_cswitch,0,19,29,0,45517,6105860 ns
after_local_cswitch,0,20,28,0,-90676,6105860 ns
after_local_cswitch,0,21,27,0,-142622,6105860 ns
after_local_cswitch,0,22,26,0,98101,6105860 ns
after_local_cswitch,0,23,25,0,81999,6105860 ns
after_local_cswitch,0,24,24,0,79689,6105860 ns
after_local_cswitch,0,25,23,0,22700,6105860 ns
after_local_cswitch,0,26,22,0,27615,6105860 ns
after_local_cswitch,0,27,21,0,-107281,6105860 ns
after_local_cswitch,0,28,20,0,-43893,6105860 ns
after_local_cswitch,0,29,19,0,133605,6105860 ns
after_local_cswitch,0,30,18,0,-122238,6105860 ns
after_local_cswitch,0,31,17,0,64588,6105860 ns
after_local_cswitch,0,32,48,0,179429,6105860 ns
after_local_cswitch,0,33,47,0,-16680,6105860 ns
after_local_cswitch,0,34,46,0,3488,6105860 ns
after_local_cswitch,0,35,45,0,80628,6105860 ns
after_local_cswitch,0,36,44,0,-121079,6105860 ns
after_local_cswitch,0,37,43,0,-39068,6105860 ns
after_local_cswitch,0,38,42,0,4651,6105860 ns
after_local_cswitch,0,39,41,0,140500,6105860 ns
after_local_cswitch,0,40,40,0,-31405,6105860 ns
after_local_cswitch,0,41,39,0,66598,6105860 ns
after_local_cswitch,0,42,38,0,30211,6105860 ns
after_local_cswitch,0,43,37,0,46957,6105860 ns
after_local_cswitch,0,44,36,0,-55338,6105860 ns
after_local_cswitch,0,45,35,0,-130962,6105860 ns
after_local_cswitch,0,46,34,0,12288,6105860 ns
after_local_cswitch,0,47,33,0,43848,6105860 ns
after_local_cswitch,0,48,32,0,-14734,6105860 ns
after_local_cswitch,0,49,31,0,-31735,6105860 ns
after_local_cswitch,0,50,30,0,61444,6105860 ns
after_local_cswitch,0,51,29,0,83389,6105860 ns
after_local_cswitch,0,52,28,0,-68317,6105860 ns
after_local_cswitch,0,53,27,0,-26140,6105860 ns
after_local_cswitch,0,54,26,0,6807,6105860 ns
after_local_cswitch,0,55,25,0,25230,6105860 ns
after_local_cswitch,0,56,24,0,-3314,6105860 ns
after_local_cswitch,0,57,23,0,-102420,6105860 ns
after_local_cswitch,0,58,22,0,-71801,6105860 ns
after_local_cswitch,0,59,21,0,41465,6105860 ns
after_local_cswitch,0,60,20,0,105945,6105860 ns
after_local_cswitch,0,61,19,0,100777,6105860 ns
after_local_cswitch,0,62,18,0,-32939,6105860 ns
after_local_cswitch,0,63,17,0,120011,6105860 ns
after_local_cswitch,0,0,49,0,65528,6105870 ns
after_local_cswitch,0,1,48,0,52010,6105870 ns
after_local_cswitch,0,2,47,0,-50112,6105870 ns
after_local_cswitch,0,3,46,0,-118,6105870 ns
after_local_cswitch,0,4,45,0,-120627,6105870 ns
after_local_cswitch,0,5,44,0,-91048,6105870 ns
after_local_cswitch,0,6,43,0,158631,6105870 ns
after_local_cswitch,0,7,42,0,39006,6105870 ns
after_local_cswitch,0,8,41,0,-20543,6105870 ns
after_local_cswitch,0,9,40,0,-65560,6105870 ns
after_local_cswitch,0,10,39,0,-7198,6105870 ns
after_local_cswitch,0,11,38,0,-69823,6105870 ns
after_local_cswitch,0,12,37,0,3697,6105870 ns
after_local_cswitch,0,13,36,0,17002,6105870 ns
after_local_cswitch,0,14,35,0,-125067,6105870 ns
after_local_cswitch,0,15,34,0,66757,6105870 ns
after_local_cswitch,0,16,33,0,23968,6105870 ns
after_local_cswitch,0,17,32,0,-141903,6105870 ns
after_local_cswitch,0,18,31,0,56728,6105870 ns
after_local_cswitch,0,19,30,0,170491,6105870 ns
after_local_cswitch,0,20,29,0,-45686,6105870 ns
after_local_cswitch,0,21,28,0,186602,6105870 ns
after_local_cswitch,0,22,27,0,7186,6105870 ns
after_local_cswitch,0,23,26,0,-62427,6105870 ns
after_local_cswitch,0,24,25,0,35565,6105870 ns
after_local_cswitch,0,25,24,0,-206478,6105870 ns
after_local_cswitch,0,26,23,0,46356,6105870 ns
after_local_cswitch,0,27,22,0,-38538,6105870 ns
after_local_cswitch,0,28,21,0,12129,6105870 ns
after_local_cswitch,0,29,20,0,2200,6105870 ns
after_local_cswitch,0,30,19,0,94977,6105870 ns
after_local_cswitch,0,31,18,0,26216,6105870 ns
after_local_cswitch,0,32,49,0,159148,6105870 ns
after_local_cswitch,0,33,48,0,40019,6105870 ns
after_local_cswitch,0,34,47,0,54599,6105870 ns
after_local_cswitch,0,35,46,0,-110957,6105870 ns
after_local_cswitch,0,36,45,0,-50995,6105870 ns
after_local_cswitch,0,37,44,0,68339,6105870 ns
after_local_cswitch,0,38,43,0,-79976,6105870 ns
after_local_cswitch,0,39,42,0,-103353,6105870 ns
after_local_cswitch,0,40,41,0,-23808,6105870 ns
after_local_cswitch,0,41,40,0,139994,6105870 ns
after_local_cswitch,0,42,39,0,68995,6105870 ns
after_local_cswitch,0,43,38,0,-4465,6105870 ns
after_local_cswitch,0,44,37,0,100707,6105870 ns
after_local_cswitch,0,45,36,0,13107,6105870 ns
after_local_cswitch,0,46,35,0,26071,6105870 ns
after_local_cswitch,0,47,34,0,71339,6105870 ns
after_local_cswitch,0,48,33,0,5297,6105870 ns
after_local_cswitch,0,49,32,0,27271,6105870 ns
after_local_cswitch,0,50,31,0,56458,6105870 ns
after_local_cswitch,0,51,30,0,32275,6105870 ns
after_local_cswitch,0,52,29,0,-23349,6105870 ns
after_local_cswitch,0,53,28,0,47918,6105870 ns
after_local_cswitch,0,54,27,0,-147363,6105870 ns
after_local_cswitch,0,55,26,0,-32428,6105870 ns
after_local_cswitch,0,56,25,0,4626,6105870 ns
after_local_cswitch,0,57,24,0,114083,6105870 ns
after_local_cswitch,0,58,23,0,-76595,6105870 ns
after_local_cswitch,0,59,22,0,-144188,6105870 ns
after_local_cswitch,0,60,21,0,1938,6105870 ns
after_local_cswitch,0,61,20,0,-87970,6105870 ns
after_local_cswitch,0,62,19,0,52624,6105870 ns
after_local_cswitch,0,63,18,0,87818,6105870 ns
after_local_cswitch,0,0,49,0,65528,6105870 ns
after_local_cswitch,0,1,48,0,52010,6105870 ns
after_local_cswitch,0,2,47,0,-50112,6105870 ns
after_local_cswitch,0,3,46,0,-118,6105870 ns
after_local_cswitch,0,4,45,0,-120627,6105870 ns
after_local_cswitch,0,5,44,0,-91048,6105870 ns
after_local_cswitch,0,6,43,0,158631,6105870 ns
after_local_cswitch,0,7,42,0,39006,6105870 ns
after_local_cswitch,0,8,41,0,-20543,6105870 ns
after_local_cswitch,0,9,40,0,-65560,6105870 ns
after_local_cswitch,0,10,39,0,-7198,6105870 ns
after_local_cswitch,0,11,38,0,-69823,6105870 ns
after_local_cswitch,0,12,37,0,3697,6105870 ns
after_local_cswitch,0,13,36,0,17002,6105870 ns
after_local_cswitch,0,14,35,0,-125067,6105870 ns
after_local_cswitch,0,15,34,0,66757,6105870 ns
after_local_cswitch,0,16,33,0,23968,6105870 ns
after_local_cswitch,0,17,32,0,-141903,6105870 ns
after_local_cswitch,0,18,31,0,56728,6105870 ns
after_local_cswitch,0,19,30,0,170491,6105870 ns
after_local_cswitch,0,20,29,0,-45686,6105870 ns
after_local_cswitch,0,21,28,0,186602,6105870 ns
after_local_cswitch,0,22,27,0,7186,6105870 ns
after_local_cswitch,0,23,26,0,-62427,6105870 ns
after_local_cswitch,0,24,25,0,35565,6105870 ns
after_local_cswitch,0,25,24,0,-206478,6105870 ns
after_local_cswitch,0,26,23,0,46356,6105870 ns
after_local_cswitch,0,27,22,0,-38538,6105870 ns
after_local_cswitch,0,28,21,0,12129,6105870 ns
after_local_cswitch,0,29,20,0,2200,6105870 ns
after_local_cswitch,0,30,19,0,94977,6105870 ns
after_local_cswitch,0,31,18,0,26216,6105870 ns
after_local_cswitch,0,32,49,0,159148,6105870 ns
after_local_cswitch,0,33,48,0,40019,6105870 ns
after_local_cswitch,0,34,47,0,54599,6105870 ns
after_local_cswitch,0,35,46,0,-110957,6105870 ns
after_local_cswitch,0,36,45,0,-50995,6105870 ns
after_local_cswitch,0,37,44,0,68339,6105870 ns
after_local_cswitch,0,38,43,0,-79976,6105870 ns
after_local_cswitch,0,39,42,0,-103353,6105870 ns
after_local_cswitch,0,40,41,0,-23808,6105870 ns
after_local_cswitch,0,41,40,0,139994,6105870 ns
after_local_cswitch,0,42,39,0,68995,6105870 ns
after_local_cswitch,0,43,38,0,-4465,6105870 ns
after_local_cswitch,0,44,37,0,100707,6105870 ns
after_local_cswitch,0,45,36,0,13107,6105870 ns
after_local_cswitch,0,46,35,0,26071,6105870 ns
after_local_cswitch,0,47,34,0,71339,6105870 ns
after_local_cswitch,0,48,33,0,5297,6105870 ns
after_local_cswitch,0,49,32,0,27271,6105870 ns
after_local_cswitch,0,50,31,0,56458,6105870 ns
after_local_cswitch,0,51,30,0,32275,6105870 ns
after_local_cswitch,0,52,29,0,-23349,6105870 ns
after_local_cswitch,0,53,28,0,47918,6105870 ns
after_local_cswitch,0,54,27,0,-147363,6105870 ns
after_local_cswitch,0,55,26,0,-32428,6105870 ns
after_local_cswitch,0,56,25,0,4626,6105870 ns
after_local_cswitch,0,57,24,0,114083,6105870 ns
after_local_cswitch,0,58,23,0,-76595,6105870 ns
after_local_cswitch,0,59,22,0,-144188,6105870 ns
after_local_cswitch,0,60,21,0,1938,6105870 ns
after_local_cswitch,0,61,20,0,-87970,6105870 ns
after_local_cswitch,0,62,19,0,52624,6105870 ns
after_local_cswitch,0,63,18,0,87818,6105870 ns
after_local_cswitch,0,0,49,0,65528,6105870 ns
after_local_cswitch,0,1,48,0,52010,6105870 ns
after_local_cswitch,0,2,47,0,-50112,6105870 ns
after_local_cswitch,0,3,46,0,-118,6105870 ns
after_local_cswitch,0,4,45,0,-120627,6105870 ns
after_local_cswitch,0,5,44,0,-91048,6105870 ns
after_local_cswitch,0,6,43,0,158631,6105870 ns
after_local_cswitch,0,7,42,0,39006,6105870 ns
after_local_cswitch,0,8,41,0,-20543,6105870 ns
after_local_cswitch,0,9,40,0,-65560,6105870 ns
after_local_cswitch,0,10,39,0,-7198,6105870 ns
after_local_cswitch,0,11,38,0,-69823,6105870 ns
after_local_cswitch,0,12,37,0,3697,6105870 ns
after_local_cswitch,0,13,36,0,17002,6105870 ns
after_local_cswitch,0,14,35,0,-125067,6105870 ns
after_local_cswitch,0,15,34,0,66757,6105870 ns
after_local_cswitch,0,16,33,0,23968,6105870 ns
after_local_cswitch,0,17,32,0,-141903,6105870 ns
after_local_cswitch,0,18,31,0,56728,6105870 ns
after_local_cswitch,0,19,30,0,170491,6105870 ns
after_local_cswitch,0,20,29,0,-45686,6105870 ns
after_local_cswitch,0,21,28,0,186602,6105870 ns
after_local_cswitch,0,22,27,0,7186,6105870 ns
after_local_cswitch,0,23,26,0,-62427,6105870 ns
after_local_cswitch,0,24,25,0,35565,6105870 ns
after_local_cswitch,0,25,24,0,-206478,6105870 ns
after_local_cswitch,0,26,23,0,46356,6105870 ns
after_local_cswitch,0,27,22,0,-38538,6105870 ns
after_local_cswitch,0,28,21,0,12129,6105870 ns
after_local_cswitch,0,29,20,0,2200,6105870 ns
after_local_cswitch,0,30,19,0,94977,6105870 ns
after_local_cswitch,0,31,18,0,26216,6105870 ns
after_local_cswitch,0,32,49,0,159148,6105870 ns
after_local_cswitch,0,33,48,0,40019,6105870 ns
after_local_cswitch,0,34,47,0,54599,6105870 ns
after_local_cswitch,0,35,46,0,-110957,6105870 ns
after_local_cswitch,0,36,45,0,-50995,6105870 ns
after_local_cswitch,0,37,44,0,68339,6105870 ns
after_local_cswitch,0,38,43,0,-79976,6105870 ns
after_local_cswitch,0,39,42,0,-103353,6105870 ns
after_local_cswitch,0,40,41,0,-23808,6105870 ns
after_local_cswitch,0,41,40,0,139994,6105870 ns
after_local_cswitch,0,42,39,0,68995,6105870 ns
after_local_cswitch,0,43,38,0,-4465,6105870 ns
after_local_cswitch,0,44,37,0,100707,6105870 ns
after_local_cswitch,0,45,36,0,13107,6105870 ns
after_local_cswitch,0,46,35,0,26071,6105870 ns
after_local_cswitch,0,47,34,0,71339,6105870 ns
after_local_cswitch,0,48,33,0,5297,6105870 ns
after_local_cswitch,0,49,32,0,27271,6105870 ns
after_local_cswitch,0,50,31,0,56458,6105870 ns
after_local_cswitch,0,51,30,0,32275,6105870 ns
after_local_cswitch,0,52,29,0,-23349,6105870 ns
after_local_cswitch,0,53,28,0,47918,6105870 ns
after_local_cswitch,0,54,27,0,-147363,6105870 ns
after_local_cswitch,0,55,26,0,-32428,6105870 ns
after_local_cswitch,0,56,25,0,4626,6105870 ns
after_local_cswitch,0,57,24,0,114083,6105870 ns
after_local_cswitch,0,58,23,0,-76595,6105870 ns
after_local_cswitch,0,59,22,0,-144188,6105870 ns
after_local_cswitch,0,60,21,0,1938,6105870 ns
after_local_cswitch,0,61,20,0,-87970,6105870 ns
after_local_cswitch,0,62,19,0,52624,6105870 ns
after_local_cswitch,0,63,18,0,87818,6105870 ns
after_local_cswitch,0,0,50,0,-12822,6105880 ns
after_local_cswitch,0,1,49,0,-4229,6105880 ns
after_local_cswitch,0,2,48,0,-73713,6105880 ns
after_local_cswitch,0,3,47,0,-25397,6105880 ns
after_local_cswitch,0,4,46,0,-83828,6105880 ns
after_local_cswitch,0,5,45,0,-73487,6105880 ns
after_local_cswitch,0,6,44,0,-48017,6105880 ns
after_local_cswitch,0,7,43,0,-28205,6105880 ns
after_local_cswitch,0,8,42,0,66116,6105880 ns
after_local_cswitch,0,9,41,0,19762,6105880 ns
after_local_cswitch,0,10,40,0,49117,6105880 ns
after_local_cswitch,0,11,39,0,21918,6105880 ns
after_local_cswitch,0,12,38,0,-3104,6105880 ns
after_local_cswitch,0,13,37,0,199675,6105880 ns
after_local_cswitch,0,14,36,0,4612,6105880 ns
after_local_cswitch,0,15,35,0,-51468,6105880 ns
after_local_cswitch,0,16,34,0,83551,6105880 ns
after_local_cswitch,0,17,33,0,173750,6105880 ns
after_local_cswitch,0,18,32,0,35609,6105880 ns
after_local_cswitch,0,19,31,0,127969,6105880 ns
after_local_cswitch,0,20,30,0,-39280,6105880 ns
after_local_cswitch,0,21,29,0,38907,6105880 ns
after_local_cswitch,0,22,28,0,21641,6105880 ns
after_local_cswitch,0,23,27,0,-60879,6105880 ns
after_local_cswitch,0,24,26,0,-69970,6105880 ns
after_local_cswitch,0,25,25,0,-69626,6105880 ns
after_local_cswitch,0,26,24,0,27855,6105880 ns
after_local_cswitch,0,27,23,0,-96581,6105880 ns
after_local_cswitch,0,28,22,0,-41276,6105880 ns
after_local_cswitch,0,29,21,0,-90143,6105880 ns
after_local_cswitch,0,30,20,0,93475,6105880 ns
after_local_cswitch,0,31,19,0,-19081,6105880 ns
after_local_cswitch,0,32,50,0,53950,6105880 ns
after_local_cswitch,0,33,49,0,-35175,6105880 ns
after_local_cswitch,0,34,48,0,21887,6105880 ns
after_local_cswitch,0,35,47,0,-74005,6105880 ns
after_local_cswitch,0,36,46,0,31327,6105880 ns
after_local_cswitch,0,37,45,0,-58557,6105880 ns
after_local_cswitch,0,38,44,0,6599,6105880 ns
after_local_cswitch,0,39,43,0,-82203,6105880 ns
after_local_cswitch,0,40,42,0,-20068,6105880 ns
after_local_cswitch,0,41,41,0,197661,6105880 ns
after_local_cswitch,0,42,40,0,-2817,6105880 ns
after_local_cswitch,0,43,39,0,7421,6105880 ns
after_local_cswitch,0,44,38,0,-205637,6105880 ns
after_local_cswitch,0,45,37,0,-9982,6105880 ns
after_local_cswitch,0,46,36,0,133152,6105880 ns
after_local_cswitch,0,47,35,0,-110201,6105880 ns
after_local_cswitch,0,48,34,0,29278,6105880 ns
after_local_cswitch,0,49,33,0,-70971,6105880 ns
after_local_cswitch,0,50,32,0,-208901,6105880 ns
after_local_cswitch,0,51,31,0,-115394,6105880 ns
after_local_cswitch,0,52,30,0,89819,6105880 ns
after_local_cswitch,0,53,29,0,120467,6105880 ns
after_local_cswitch,0,54,28,0,-47163,6105880 ns
after_local_cswitch,0,55,27,0,-119851,6105880 ns
after_local_cswitch,0,56,26,0,-145539,6105880 ns
after_local_cswitch,0,57,25,0,224930,6105880 ns
after_local_cswitch,0,58,24,0,-80145,6105880 ns
after_local_cswitch,0,59,23,0,-21043,6105880 ns
after_local_cswitch,0,60,22,0,76063,6105880 ns
after_local_cswitch,0,61,21,0,65440,6105880 ns
after_local_cswitch,0,62,20,0,70175,6105880 ns
after_local_cswitch,0,63,19,0,-66306,6105880 ns
after_local_cswitch,0,0,50,0,-12822,6105880 ns
after_local_cswitch,0,1,49,0,-4229,6105880 ns
after_local_cswitch,0,2,48,0,-73713,6105880 ns
after_local_cswitch,0,3,47,0,-25397,6105880 ns
after_local_cswitch,0,4,46,0,-83828,6105880 ns
after_local_cswitch,0,5,45,0,-73487,6105880 ns
after_local_cswitch,0,6,44,0,-48017,6105880 ns
after_local_cswitch,0,7,43,0,-28205,6105880 ns
after_local_cswitch,0,8,42,0,66116,6105880 ns
after_local_cswitch,0,9,41,0,19762,6105880 ns
after_local_cswitch,0,10,40,0,49117,6105880 ns
after_local_cswitch,0,11,39,0,21918,6105880 ns
after_local_cswitch,0,12,38,0,-3104,6105880 ns
after_local_cswitch,0,13,37,0,199675,6105880 ns
after_local_cswitch,0,14,36,0,4612,6105880 ns
after_local_cswitch,0,15,35,0,-51468,6105880 ns
after_local_cswitch,0,16,34,0,83551,6105880 ns
after_local_cswitch,0,17,33,0,173750,6105880 ns
after_local_cswitch,0,18,32,0,35609,6105880 ns
after_local_cswitch,0,19,31,0,127969,6105880 ns
after_local_cswitch,0,20,30,0,-39280,6105880 ns
after_local_cswitch,0,21,29,0,38907,6105880 ns
after_local_cswitch,0,22,28,0,21641,6105880 ns
after_local_cswitch,0,23,27,0,-60879,6105880 ns
after_local_cswitch,0,24,26,0,-69970,6105880 ns
after_local_cswitch,0,25,25,0,-69626,6105880 ns
after_local_cswitch,0,26,24,0,27855,6105880 ns
after_local_cswitch,0,27,23,0,-96581,6105880 ns
after_local_cswitch,0,28,22,0,-41276,6105880 ns
after_local_cswitch,0,29,21,0,-90143,6105880 ns
after_local_cswitch,0,30,20,0,93475,6105880 ns
after_local_cswitch,0,31,19,0,-19081,6105880 ns
after_local_cswitch,0,32,50,0,53950,6105880 ns
after_local_cswitch,0,33,49,0,-35175,6105880 ns
after_local_cswitch,0,34,48,0,21887,6105880 ns
after_local_cswitch,0,35,47,0,-74005,6105880 ns
after_local_cswitch,0,36,46,0,31327,6105880 ns
after_local_cswitch,0,37,45,0,-58557,6105880 ns
after_local_cswitch,0,38,44,0,6599,6105880 ns
after_local_cswitch,0,39,43,0,-82203,6105880 ns
after_local_cswitch,0,40,42,0,-20068,6105880 ns
after_local_cswitch,0,41,41,0,197661,6105880 ns
after_local_cswitch,0,42,40,0,-2817,6105880 ns
after_local_cswitch,0,43,39,0,7421,6105880 ns
after_local_cswitch,0,44,38,0,-205637,6105880 ns
after_local_cswitch,0,45,37,0,-9982,6105880 ns
after_local_cswitch,0,46,36,0,133152,6105880 ns
after_local_cswitch,0,47,35,0,-110201,6105880 ns
after_local_cswitch,0,48,34,0,29278,6105880 ns
after_local_cswitch,0,49,33,0,-70971,6105880 ns
after_local_cswitch,0,50,32,0,-208901,6105880 ns
after_local_cswitch,0,51,31,0,-115394,6105880 ns
after_local_cswitch,0,52,30,0,89819,6105880 ns
after_local_cswitch,0,53,29,0,120467,6105880 ns
after_local_cswitch,0,54,28,0,-47163,6105880 ns
after_local_cswitch,0,55,27,0,-119851,6105880 ns
after_local_cswitch,0,56,26,0,-145539,6105880 ns
after_local_cswitch,0,57,25,0,224930,6105880 ns
after_local_cswitch,0,58,24,0,-80145,6105880 ns
after_local_cswitch,0,59,23,0,-21043,6105880 ns
after_local_cswitch,0,60,22,0,76063,6105880 ns
after_local_cswitch,0,61,21,0,65440,6105880 ns
after_local_cswitch,0,62,20,0,70175,6105880 ns
after_local_cswitch,0,63,19,0,-66306,6105880 ns
after_local_cswitch,0,0,50,0,-12822,6105880 ns
after_local_cswitch,0,1,49,0,-4229,6105880 ns
after_local_cswitch,0,2,48,0,-73713,6105880 ns
after_local_cswitch,0,3,47,0,-25397,6105880 ns
after_local_cswitch,0,4,46,0,-83828,6105880 ns
after_local_cswitch,0,5,45,0,-73487,6105880 ns
after_local_cswitch,0,6,44,0,-48017,6105880 ns
after_local_cswitch,0,7,43,0,-28205,6105880 ns
after_local_cswitch,0,8,42,0,66116,6105880 ns
after_local_cswitch,0,9,41,0,19762,6105880 ns
after_local_cswitch,0,10,40,0,49117,6105880 ns
after_local_cswitch,0,11,39,0,21918,6105880 ns
after_local_cswitch,0,12,38,0,-3104,6105880 ns
after_local_cswitch,0,13,37,0,199675,6105880 ns
after_local_cswitch,0,14,36,0,4612,6105880 ns
after_local_cswitch,0,15,35,0,-51468,6105880 ns
after_local_cswitch,0,16,34,0,83551,6105880 ns
after_local_cswitch,0,17,33,0,173750,6105880 ns
after_local_cswitch,0,18,32,0,35609,6105880 ns
after_local_cswitch,0,19,31,0,127969,6105880 ns
after_local_cswitch,0,20,30,0,-39280,6105880 ns
after_local_cswitch,0,21,29,0,38907,6105880 ns
after_local_cswitch,0,22,28,0,21641,6105880 ns
after_local_cswitch,0,23,27,0,-60879,6105880 ns
after_local_cswitch,0,24,26,0,-69970,6105880 ns
after_local_cswitch,0,25,25,0,-69626,6105880 ns
after_local_cswitch,0,26,24,0,27855,6105880 ns
after_local_cswitch,0,27,23,0,-96581,6105880 ns
after_local_cswitch,0,28,22,0,-41276,6105880 ns
after_local_cswitch,0,29,21,0,-90143,6105880 ns
after_local_cswitch,0,30,20,0,93475,6105880 ns
after_local_cswitch,0,31,19,0,-19081,6105880 ns
after_local_cswitch,0,32,50,0,53950,6105880 ns
after_local_cswitch,0,33,49,0,-35175,6105880 ns
after_local_cswitch,0,34,48,0,21887,6105880 ns
after_local_cswitch,0,35,47,0,-74005,6105880 ns
after_local_cswitch,0,36,46,0,31327,6105880 ns
after_local_cswitch,0,37,45,0,-58557,6105880 ns
after_local_cswitch,0,38,44,0,6599,6105880 ns
after_local_cswitch,0,39,43,0,-82203,6105880 ns
after_local_cswitch,0,40,42,0,-20068,6105880 ns
after_local_cswitch,0,41,41,0,197661,6105880 ns
after_local_cswitch,0,42,40,0,-2817,6105880 ns
after_local_cswitch,0,43,39,0,7421,6105880 ns
after_local_cswitch,0,44,38,0,-205637,6105880 ns
after_local_cswitch,0,45,37,0,-9982,6105880 ns
after_local_cswitch,0,46,36,0,133152,6105880 ns
after_local_cswitch,0,47,35,0,-110201,6105880 ns
after_local_cswitch,0,48,34,0,29278,6105880 ns
after_local_cswitch,0,49,33,0,-70971,6105880 ns
after_local_cswitch,0,50,32,0,-208901,6105880 ns
after_local_cswitch,0,51,31,0,-115394,6105880 ns
after_local_cswitch,0,52,30,0,89819,6105880 ns
after_local_cswitch,0,53,29,0,120467,6105880 ns
after_local_cswitch,0,54,28,0,-47163,6105880 ns
after_local_cswitch,0,55,27,0,-119851,6105880 ns
after_local_cswitch,0,56,26,0,-145539,6105880 ns
after_local_cswitch,0,57,25,0,224930,6105880 ns
after_local_cswitch,0,58,24,0,-80145,6105880 ns
after_local_cswitch,0,59,23,0,-21043,6105880 ns
after_local_cswitch,0,60,22,0,76063,6105880 ns
after_local_cswitch,0,61,21,0,65440,6105880 ns
after_local_cswitch,0,62,20,0,70175,6105880 ns
after_local_cswitch,0,63,19,0,-66306,6105880 ns
after_local_cswitch,0,0,51,0,-42011,6105890 ns
after_local_cswitch,0,1,50,0,39648,6105890 ns
after_local_cswitch,0,2,49,0,33076,6105890 ns
after_local_cswitch,0,3,48,0,-32306,6105890 ns
after_local_cswitch,0,4,47,0,15126,6105890 ns
after_local_cswitch,0,5,46,0,123363,6105890 ns
after_local_cswitch,0,6,45,0,-85814,6105890 ns
after_local_cswitch,0,7,44,0,43890,6105890 ns
after_local_cswitch,0,8,43,0,114184,6105890 ns
after_local_cswitch,0,9,42,0,-100408,6105890 ns
after_local_cswitch,0,10,41,0,-157307,6105890 ns
after_local_cswitch,0,11,40,0,101464,6105890 ns
after_local_cswitch,0,12,39,0,76803,6105890 ns
after_local_cswitch,0,13,38,0,92921,6105890 ns
after_local_cswitch,0,14,37,0,-84480,6105890 ns
after_local_cswitch,0,15,36,0,174002,6105890 ns
after_local_cswitch,0,16,35,0,17707,6105890 ns
after_local_cswitch,0,17,34,0,5424,6105890 ns
after_local_cswitch,0,18,33,0,-9370,6105890 ns
after_local_cswitch,0,19,32,0,-145975,6105890 ns
after_local_cswitch,0,20,31,0,-218119,6105890 ns
after_local_cswitch,0,21,30,0,158666,6105890 ns
after_local_cswitch,0,22,29,0,42504,6105890 ns
after_local_cswitch,0,23,28,0,56211,6105890 ns
after_local_cswitch,0,24,27,0,-111415,6105890 ns
after_local_cswitch,0,25,26,0,147922,6105890 ns
after_local_cswitch,0,26,25,0,-36154,6105890 ns
after_local_cswitch,0,27,24,0,-31036,6105890 ns
after_local_cswitch,0,28,23,0,-44980,6105890 ns
after_local_cswitch,0,29,22,0,171455,6105890 ns
after_local_cswitch,0,30,21,0,-120939,6105890 ns
after_local_cswitch,0,31,20,0,75893,6105890 ns
after_local_cswitch,0,32,51,0,-103029,6105890 ns
after_local_cswitch,0,33,50,0,245,6105890 ns
after_local_cswitch,0,34,49,0,-90103,6105890 ns
after_local_cswitch,0,35,48,0,-90518,6105890 ns
after_local_cswitch,0,36,47,0,6030,6105890 ns
after_local_cswitch,0,37,46,0,47341,6105890 ns
after_local_cswitch,0,38,45,0,112010,6105890 ns
after_local_cswitch,0,39,44,0,121443,6105890 ns
after_local_cswitch,0,40,43,0,-80370,6105890 ns
after_local_cswitch,0,41,42,0,91605,6105890 ns
after_local_cswitch,0,42,41,0,15791,6105890 ns
after_local_cswitch,0,43,40,0,-45458,6105890 ns
after_local_cswitch,0,44,39,0,-29744,6105890 ns
after_local_cswitch,0,45,38,0,-33949,6105890 ns
after_local_cswitch,0,46,37,0,-184194,6105890 ns
after_local_cswitch,0,47,36,0,-108360,6105890 ns
after_local_cswitch,0,48,35,0,76282,6105890 ns
after_local_cswitch,0,49,34,0,91910,6105890 ns
after_local_cswitch,0,50,33,0,-14059,6105890 ns
after_local_cswitch,0,51,32,0,143042,6105890 ns
after_local_cswitch,0,52,31,0,-49132,6105890 ns
after_local_cswitch,0,53,30,0,-97464,6105890 ns
after_local_cswitch,0,54,29,0,-56444,6105890 ns
after_local_cswitch,0,55,28,0,17331,6105890 ns
after_local_cswitch,0,56,27,0,53934,6105890 ns
after_local_cswitch,0,57,26,0,37971,6105890 ns
after_local_cswitch,0,58,25,0,-68588,6105890 ns
after_local_cswitch,0,59,24,0,-64246,6105890 ns
after_local_cswitch,0,60,23,0,-54128,6105890 ns
after_local_cswitch,0,61,22,0,63356,6105890 ns
after_local_cswitch,0,62,21,0,-48343,6105890 ns
after_local_cswitch,0,63,20,0,-74210,6105890 ns
after_local_cswitch,0,0,51,0,-42011,6105890 ns
after_local_cswitch,0,1,50,0,39648,6105890 ns
after_local_cswitch,0,2,49,0,33076,6105890 ns
after_local_cswitch,0,3,48,0,-32306,6105890 ns
after_local_cswitch,0,4,47,0,15126,6105890 ns
after_local_cswitch,0,5,46,0,123363,6105890 ns
after_local_cswitch,0,6,45,0,-85814,6105890 ns
after_local_cswitch,0,7,44,0,43890,6105890 ns
after_local_cswitch,0,8,43,0,114184,6105890 ns
after_local_cswitch,0,9,42,0,-100408,6105890 ns
after_local_cswitch,0,10,41,0,-157307,6105890 ns
after_local_cswitch,0,11,40,0,101464,6105890 ns
after_local_cswitch,0,12,39,0,76803,6105890 ns
after_local_cswitch,0,13,38,0,92921,6105890 ns
after_local_cswitch,0,14,37,0,-84480,6105890 ns
after_local_cswitch,0,15,36,0,174002,6105890 ns
after_local_cswitch,0,16,35,0,17707,6105890 ns
after_local_cswitch,0,17,34,0,5424,6105890 ns
after_local_cswitch,0,18,33,0,-9370,6105890 ns
after_local_cswitch,0,19,32,0,-145975,6105890 ns
after_local_cswitch,0,20,31,0,-218119,6105890 ns
after_local_cswitch,0,21,30,0,158666,6105890 ns
after_local_cswitch,0,22,29,0,42504,6105890 ns
after_local_cswitch,0,23,28,0,56211,6105890 ns
after_local_cswitch,0,24,27,0,-111415,6105890 ns
after_local_cswitch,0,25,26,0,147922,6105890 ns
after_local_cswitch,0,26,25,0,-36154,6105890 ns
after_local_cswitch,0,27,24,0,-31036,6105890 ns
after_local_cswitch,0,28,23,0,-44980,6105890 ns
after_local_cswitch,0,29,22,0,171455,6105890 ns
after_local_cswitch,0,30,21,0,-120939,6105890 ns
after_local_cswitch,0,31,20,0,75893,6105890 ns
after_local_cswitch,0,32,51,0,-103029,6105890 ns
after_local_cswitch,0,33,50,0,245,6105890 ns
after_local_cswitch,0,34,49,0,-90103,6105890 ns
after_local_cswitch,0,35,48,0,-90518,6105890 ns
after_local_cswitch,0,36,47,0,6030,6105890 ns
after_local_cswitch,0,37,46,0,47341,6105890 ns
after_local_cswitch,0,38,45,0,112010,6105890 ns
after_local_cswitch,0,39,44,0,121443,6105890 ns
after_local_cswitch,0,40,43,0,-80370,6105890 ns
after_local_cswitch,0,41,42,0,91605,6105890 ns
after_local_cswitch,0,42,41,0,15791,6105890 ns
after_local_cswitch,0,43,40,0,-45458,6105890 ns
after_local_cswitch,0,44,39,0,-29744,6105890 ns
after_local_cswitch,0,45,38,0,-33949,6105890 ns
after_local_cswitch,0,46,37,0,-184194,6105890 ns
after_local_cswitch,0,47,36,0,-108360,6105890 ns
after_local_cswitch,0,48,35,0,76282,6105890 ns
after_local_cswitch,0,49,34,0,91910,6105890 ns
after_local_cswitch,0,50,33,0,-14059,6105890 ns
after_local_cswitch,0,51,32,0,143042,6105890 ns
after_local_cswitch,0,52,31,0,-49132,6105890 ns
after_local_cswitch,0,53,30,0,-97464,6105890 ns
after_local_cswitch,0,54,29,0,-56444,6105890 ns
after_local_cswitch,0,55,28,0,17331,6105890 ns
after_local_cswitch,0,56,27,0,53934,6105890 ns
after_local_cswitch,0,57,26,0,37971,6105890 ns
after_local_cswitch,0,58,25,0,-68588,6105890 ns
after_local_cswitch,0,59,24,0,-64246,6105890 ns
after_local_cswitch,0,60,23,0,-54128,6105890 ns
after_local_cswitch,0,61,22,0,63356,6105890 ns
after_local_cswitch,0,62,21,0,-48343,6105890 ns
after_local_cswitch,0,63,20,0,-74210,6105890 ns
after_local_cswitch,0,0,51,0,-42011,6105890 ns
after_local_cswitch,0,1,50,0,39648,6105890 ns
after_local_cswitch,0,2,49,0,33076,6105890 ns
after_local_cswitch,0,3,48,0,-32306,6105890 ns
after_local_cswitch,0,4,47,0,15126,6105890 ns
after_local_cswitch,0,5,46,0,123363,6105890 ns
after_local_cswitch,0,6,45,0,-85814,6105890 ns
after_local_cswitch,0,7,44,0,43890,6105890 ns
after_local_cswitch,0,8,43,0,114184,6105890 ns
after_local_cswitch,0,9,42,0,-100408,6105890 ns
after_local_cswitch,0,10,41,0,-157307,6105890 ns
after_local_cswitch,0,11,40,0,101464,6105890 ns
after_local_cswitch,0,12,39,0,76803,6105890 ns
after_local_cswitch,0,13,38,0,92921,6105890 ns
after_local_cswitch,0,14,37,0,-84480,6105890 ns
after_local_cswitch,0,15,36,0,174002,6105890 ns
after_local_cswitch,0,16,35,0,17707,6105890 ns
after_local_cswitch,0,17,34,0,5424,6105890 ns
after_local_cswitch,0,18,33,0,-9370,6105890 ns
after_local_cswitch,0,19,32,0,-145975,6105890 ns
after_local_cswitch,0,20,31,0,-218119,6105890 ns
after_local_cswitch,0,21,30,0,158666,6105890 ns
after_local_cswitch,0,22,29,0,42504,6105890 ns
after_local_cswitch,0,23,28,0,56211,6105890 ns
after_local_cswitch,0,24,27,0,-111415,6105890 ns
after_local_cswitch,0,25,26,0,147922,6105890 ns
after_local_cswitch,0,26,25,0,-36154,6105890 ns
after_local_cswitch,0,27,24,0,-31036,6105890 ns
after_local_cswitch,0,28,23,0,-44980,6105890 ns
after_local_cswitch,0,29,22,0,171455,6105890 ns
after_local_cswitch,0,30,21,0,-120939,6105890 ns
after_local_cswitch,0,31,20,0,75893,6105890 ns
after_local_cswitch,0,32,51,0,-103029,6105890 ns
after_local_cswitch,0,33,50,0,245,6105890 ns
after_local_cswitch,0,34,49,0,-90103,6105890 ns
after_local_cswitch,0,35,48,0,-90518,6105890 ns
after_local_cswitch,0,36,47,0,6030,6105890 ns
after_local_cswitch,0,37,46,0,47341,6105890 ns
after_local_cswitch,0,38,45,0,112010,6105890 ns
after_local_cswitch,0,39,44,0,121443,6105890 ns
after_local_cswitch,0,40,43,0,-80370,6105890 ns
after_local_cswitch,0,41,42,0,91605,6105890 ns
after_local_cswitch,0,42,41,0,15791,6105890 ns
after_local_cswitch,0,43,40,0,-45458,6105890 ns
after_local_cswitch,0,44,39,0,-29744,6105890 ns
after_local_cswitch,0,45,38,0,-33949,6105890 ns
after_local_cswitch,0,46,37,0,-184194,6105890 ns
after_local_cswitch,0,47,36,0,-108360,6105890 ns
after_local_cswitch,0,48,35,0,76282,6105890 ns
after_local_cswitch,0,49,34,0,91910,6105890 ns
after_local_cswitch,0,50,33,0,-14059,6105890 ns
after_local_cswitch,0,51,32,0,143042,6105890 ns
after_local_cswitch,0,52,31,0,-49132,6105890 ns
after_local_cswitch,0,53,30,0,-97464,6105890 ns
after_local_cswitch,0,54,29,0,-56444,6105890 ns
after_local_cswitch,0,55,28,0,17331,6105890 ns
after_local_cswitch,0,56,27,0,53934,6105890 ns
after_local_cswitch,0,57,26,0,37971,6105890 ns
after_local_cswitch,0,58,25,0,-68588,6105890 ns
after_local_cswitch,0,59,24,0,-64246,6105890 ns
after_local_cswitch,0,60,23,0,-54128,6105890 ns
after_local_cswitch,0,61,22,0,63356,6105890 ns
after_local_cswitch,0,62,21,0,-48343,6105890 ns
after_local_cswitch,0,63,20,0,-74210,6105890 ns
after_local_cswitch,0,0,52,0,-165633,6105900 ns
after_local_cswitch,0,1,51,0,39457,6105900 ns
after_local_cswitch,0,2,50,0,-72914,6105900 ns
after_local_cswitch,0,3,49,0,-79849,6105900 ns
after_local_cswitch,0,4,48,0,-123714,6105900 ns
after_local_cswitch,0,5,47,0,-9550,6105900 ns
after_local_cswitch,0,6,46,0,84093,6105900 ns
after_local_cswitch,0,7,45,0,4136,6105900 ns
after_local_cswitch,0,8,44,0,-638,6105900 ns
after_local_cswitch,0,9,43,0,66413,6105900 ns
after_local_cswitch,0,10,42,0,-115393,6105900 ns
after_local_cswitch,0,11,41,0,82159,6105900 ns
after_local_cswitch,0,12,40,0,-121306,6105900 ns
after_local_cswitch,0,13,39,0,46718,6105900 ns
after_local_cswitch,0,14,38,0,42031,6105900 ns
after_local_cswitch,0,15,37,0,137771,6105900 ns
after_local_cswitch,0,16,36,0,-157941,6105900 ns
after_local_cswitch,0,17,35,0,-53606,6105900 ns
after_local_cswitch,0,18,34,0,45768,6105900 ns
after_local_cswitch,0,19,33,0,-3017,6105900 ns
after_local_cswitch,0,20,32,0,-214814,6105900 ns
after_local_cswitch,0,21,31,0,24700,6105900 ns
after_local_cswitch,0,22,30,0,-52708,6105900 ns
after_local_cswitch,0,23,29,0,-112433,6105900 ns
after_local_cswitch,0,24,28,0,-11528,6105900 ns
after_local_cswitch,0,25,27,0,993,6105900 ns
after_local_cswitch,0,26,26,0,64494,6105900 ns
after_local_cswitch,0,27,25,0,-223224,6105900 ns
after_local_cswitch,0,28,24,0,-153555,6105900 ns
after_local_cswitch,0,29,23,0,51872,6105900 ns
after_local_cswitch,0,30,22,0,-51244,6105900 ns
after_local_cswitch,0,31,21,0,-46344,6105900 ns
after_local_cswitch,0,32,52,0,65279,6105900 ns
after_local_cswitch,0,33,51,0,-95033,6105900 ns
after_local_cswitch,0,34,50,0,13126,6105900 ns
after_local_cswitch,0,35,49,0,-46809,6105900 ns
after_local_cswitch,0,36,48,0,-65129,6105900 ns
after_local_cswitch,0,37,47,0,29684,6105900 ns
after_local_cswitch,0,38,46,0,130671,6105900 ns
after_local_cswitch,0,39,45,0,-13826,6105900 ns
after_local_cswitch,0,40,44,0,-122270,6105900 ns
after_local_cswitch,0,41,43,0,-60779,6105900 ns
after_local_cswitch,0,42,42,0,50241,6105900 ns
after_local_cswitch,0,43,41,0,-49489,6105900 ns
after_local_cswitch,0,44,40,0,-161709,6105900 ns
after_local_cswitch,0,45,39,0,-79551,6105900 ns
after_local_cswitch,0,46,38,0,131225,6105900 ns
after_local_cswitch,0,47,37,0,116816,6105900 ns
after_local_cswitch,0,48,36,0,-3847,6105900 ns
after_local_cswitch,0,49,35,0,-15076,6105900 ns
after_local_cswitch,0,50,34,0,-133551,6105900 ns
after_local_cswitch,0,51,33,0,-156463,6105900 ns
after_local_cswitch,0,52,32,0,67584,6105900 ns
after_local_cswitch,0,53,31,0,9349,6105900 ns
after_local_cswitch,0,54,30,0,88843,6105900 ns
after_local_cswitch,0,55,29,0,8304,6105900 ns
after_local_cswitch,0,56,28,0,35543,6105900 ns
after_local_cswitch,0,57,27,0,124331,6105900 ns
after_local_cswitch,0,58,26,0,130822,6105900 ns
after_local_cswitch,0,59,25,0,136982,6105900 ns
after_local_cswitch,0,60,24,0,36113,6105900 ns
after_local_cswitch,0,61,23,0,94683,6105900 ns
after_local_cswitch,0,62,22,0,-67495,6105900 ns
after_local_cswitch,0,63,21,0,163806,6105900 ns
after_local_cswitch,0,0,52,0,-165633,6105900 ns
after_local_cswitch,0,1,51,0,39457,6105900 ns
after_local_cswitch,0,2,50,0,-72914,6105900 ns
after_local_cswitch,0,3,49,0,-79849,6105900 ns
after_local_cswitch,0,4,48,0,-123714,6105900 ns
after_local_cswitch,0,5,47,0,-9550,6105900 ns
after_local_cswitch,0,6,46,0,84093,6105900 ns
after_local_cswitch,0,7,45,0,4136,6105900 ns
after_local_cswitch,0,8,44,0,-638,6105900 ns
after_local_cswitch,0,9,43,0,66413,6105900 ns
after_local_cswitch,0,10,42,0,-115393,6105900 ns
after_local_cswitch,0,11,41,0,82159,6105900 ns
after_local_cswitch,0,12,40,0,-121306,6105900 ns
after_local_cswitch,0,13,39,0,46718,6105900 ns
after_local_cswitch,0,14,38,0,42031,6105900 ns
after_local_cswitch,0,15,37,0,137771,6105900 ns
after_local_cswitch,0,16,36,0,-157941,6105900 ns
after_local_cswitch,0,17,35,0,-53606,6105900 ns
after_local_cswitch,0,18,34,0,45768,6105900 ns
after_local_cswitch,0,19,33,0,-3017,6105900 ns
after_local_cswitch,0,20,32,0,-214814,6105900 ns
after_local_cswitch,0,21,31,0,24700,6105900 ns
after_local_cswitch,0,22,30,0,-52708,6105900 ns
after_local_cswitch,0,23,29,0,-112433,6105900 ns
after_local_cswitch,0,24,28,0,-11528,6105900 ns
after_local_cswitch,0,25,27,0,993,6105900 ns
after_local_cswitch,0,26,26,0,64494,6105900 ns
after_local_cswitch,0,27,25,0,-223224,6105900 ns
after_local_cswitch,0,28,24,0,-153555,6105900 ns
after_local_cswitch,0,29,23,0,51872,6105900 ns
after_local_cswitch,0,30,22,0,-51244,6105900 ns
after_local_cswitch,0,31,21,0,-46344,6105900 ns
after_local_cswitch,0,32,52,0,65279,6105900 ns
after_local_cswitch,0,33,51,0,-95033,6105900 ns
after_local_cswitch,0,34,50,0,13126,6105900 ns
after_local_cswitch,0,35,49,0,-46809,6105900 ns
after_local_cswitch,0,36,48,0,-65129,6105900 ns
after_local_cswitch,0,37,47,0,29684,6105900 ns
after_local_cswitch,0,38,46,0,130671,6105900 ns
after_local_cswitch,0,39,45,0,-13826,6105900 ns
after_local_cswitch,0,40,44,0,-122270,6105900 ns
after_local_cswitch,0,41,43,0,-60779,6105900 ns
after_local_cswitch,0,42,42,0,50241,6105900 ns
after_local_cswitch,0,43,41,0,-49489,6105900 ns
after_local_cswitch,0,44,40,0,-161709,6105900 ns
after_local_cswitch,0,45,39,0,-79551,6105900 ns
after_local_cswitch,0,46,38,0,131225,6105900 ns
after_local_cswitch,0,47,37,0,116816,6105900 ns
after_local_cswitch,0,48,36,0,-3847,6105900 ns
after_local_cswitch,0,49,35,0,-15076,6105900 ns
after_local_cswitch,0,50,34,0,-133551,6105900 ns
after_local_cswitch,0,51,33,0,-156463,6105900 ns
after_local_cswitch,0,52,32,0,67584,6105900 ns
after_local_cswitch,0,53,31,0,9349,6105900 ns
after_local_cswitch,0,54,30,0,88843,6105900 ns
after_local_cswitch,0,55,29,0,8304,6105900 ns
after_local_cswitch,0,56,28,0,35543,6105900 ns
after_local_cswitch,0,57,27,0,124331,6105900 ns
after_local_cswitch,0,58,26,0,130822,6105900 ns
after_local_cswitch,0,59,25,0,136982,6105900 ns
after_local_cswitch,0,60,24,0,36113,6105900 ns
after_local_cswitch,0,61,23,0,94683,6105900 ns
after_local_cswitch,0,62,22,0,-67495,6105900 ns
after_local_cswitch,0,63,21,0,163806,6105900 ns
after_local_cswitch,0,0,52,0,-165633,6105900 ns
after_local_cswitch,0,1,51,0,39457,6105900 ns
after_local_cswitch,0,2,50,0,-72914,6105900 ns
after_local_cswitch,0,3,49,0,-79849,6105900 ns
after_local_cswitch,0,4,48,0,-123714,6105900 ns
after_local_cswitch,0,5,47,0,-9550,6105900 ns
after_local_cswitch,0,6,46,0,84093,6105900 ns
after_local_cswitch,0,7,45,0,4136,6105900 ns
after_local_cswitch,0,8,44,0,-638,6105900 ns
after_local_cswitch,0,9,43,0,66413,6105900 ns
after_local_cswitch,0,10,42,0,-115393,6105900 ns
after_local_cswitch,0,11,41,0,82159,6105900 ns
after_local_cswitch,0,12,40,0,-121306,6105900 ns
after_local_cswitch,0,13,39,0,46718,6105900 ns
after_local_cswitch,0,14,38,0,42031,6105900 ns
after_local_cswitch,0,15,37,0,137771,6105900 ns
after_local_cswitch,0,16,36,0,-157941,6105900 ns
after_local_cswitch,0,17,35,0,-53606,6105900 ns
after_local_cswitch,0,18,34,0,45768,6105900 ns
after_local_cswitch,0,19,33,0,-3017,6105900 ns
after_local_cswitch,0,20,32,0,-214814,6105900 ns
after_local_cswitch,0,21,31,0,24700,6105900 ns
after_local_cswitch,0,22,30,0,-52708,6105900 ns
after_local_cswitch,0,23,29,0,-112433,6105900 ns
after_local_cswitch,0,24,28,0,-11528,6105900 ns
after_local_cswitch,0,25,27,0,993,6105900 ns
after_local_cswitch,0,26,26,0,64494,6105900 ns
after_local_cswitch,0,27,25,0,-223224,6105900 ns
after_local_cswitch,0,28,24,0,-153555,6105900 ns
after_local_cswitch,0,29,23,0,51872,6105900 ns
after_local_cswitch,0,30,22,0,-51244,6105900 ns
after_local_cswitch,0,31,21,0,-46344,6105900 ns
after_local_cswitch,0,32,52,0,65279,6105900 ns
after_local_cswitch,0,33,51,0,-95033,6105900 ns
after_local_cswitch,0,34,50,0,13126,6105900 ns
after_local_cswitch,0,35,49,0,-46809,6105900 ns
after_local_cswitch,0,36,48,0,-65129,6105900 ns
after_local_cswitch,0,37,47,0,29684,6105900 ns
after_local_cswitch,0,38,46,0,130671,6105900 ns
after_local_cswitch,0,39,45,0,-13826,6105900 ns
after_local_cswitch,0,40,44,0,-122270,6105900 ns
after_local_cswitch,0,41,43,0,-60779,6105900 ns
after_local_cswitch,0,42,42,0,50241,6105900 ns
after_local_cswitch,0,43,41,0,-49489,6105900 ns
after_local_cswitch,0,44,40,0,-161709,6105900 ns
after_local_cswitch,0,45,39,0,-79551,6105900 ns
after_local_cswitch,0,46,38,0,131225,6105900 ns
after_local_cswitch,0,47,37,0,116816,6105900 ns
after_local_cswitch,0,48,36,0,-3847,6105900 ns
after_local_cswitch,0,49,35,0,-15076,6105900 ns
after_local_cswitch,0,50,34,0,-133551,6105900 ns
after_local_cswitch,0,51,33,0,-156463,6105900 ns
after_local_cswitch,0,52,32,0,67584,6105900 ns
after_local_cswitch,0,53,31,0,9349,6105900 ns
after_local_cswitch,0,54,30,0,88843,6105900 ns
after_local_cswitch,0,55,29,0,8304,6105900 ns
after_local_cswitch,0,56,28,0,35543,6105900 ns
after_local_cswitch,0,57,27,0,124331,6105900 ns
after_local_cswitch,0,58,26,0,130822,6105900 ns
after_local_cswitch,0,59,25,0,136982,6105900 ns
after_local_cswitch,0,60,24,0,36113,6105900 ns
after_local_cswitch,0,61,23,0,94683,6105900 ns
after_local_cswitch,0,62,22,0,-67495,6105900 ns
after_local_cswitch,0,63,21,0,163806,6105900 ns
after_local_cswitch,0,0,53,0,-111487,6105910 ns
after_local_cswitch,0,1,52,0,-265473,6105910 ns
after_local_cswitch,0,2,51,0,103735,6105910 ns
after_local_cswitch,0,3,50,0,-99313,6105910 ns
after_local_cswitch,0,4,49,0,-68200,6105910 ns
after_local_cswitch,0,5,48,0,-30126,6105910 ns
after_local_cswitch,0,6,47,0,85759,6105910 ns
after_local_cswitch,0,7,46,0,-50847,6105910 ns
after_local_cswitch,0,8,45,0,85406,6105910 ns
after_local_cswitch,0,9,44,0,-154038,6105910 ns
after_local_cswitch,0,10,43,0,146873,6105910 ns
after_local_cswitch,0,11,42,0,-148983,6105910 ns
after_local_cswitch,0,12,41,0,-15715,6105910 ns
after_local_cswitch,0,13,40,0,88264,6105910 ns
after_local_cswitch,0,14,39,0,-87584,6105910 ns
after_local_cswitch,0,15,38,0,-135719,6105910 ns
after_local_cswitch,0,16,37,0,115926,6105910 ns
after_local_cswitch,0,17,36,0,13515,6105910 ns
after_local_cswitch,0,18,35,0,-39471,6105910 ns
after_local_cswitch,0,19,34,0,48500,6105910 ns
after_local_cswitch,0,20,33,0,-116610,6105910 ns
after_local_cswitch,0,21,32,0,-15881,6105910 ns
after_local_cswitch,0,22,31,0,134218,6105910 ns
after_local_cswitch,0,23,30,0,-109267,6105910 ns
after_local_cswitch,0,24,29,0,17555,6105910 ns
after_local_cswitch,0,25,28,0,-60827,6105910 ns
after_local_cswitch,0,26,27,0,-118779,6105910 ns
after_local_cswitch,0,27,26,0,-80332,6105910 ns
after_local_cswitch,0,28,25,0,-54877,6105910 ns
after_local_cswitch,0,29,24,0,-36416,6105910 ns
after_local_cswitch,0,30,23,0,-187515,6105910 ns
after_local_cswitch,0,31,22,0,20000,6105910 ns
after_local_cswitch,0,32,53,0,134710,6105910 ns
after_local_cswitch,0,33,52,0,174977,6105910 ns
after_local_cswitch,0,34,51,0,-38139,6105910 ns
after_local_cswitch,0,35,50,0,107100,6105910 ns
after_local_cswitch,0,36,49,0,119002,6105910 ns
after_local_cswitch,0,37,48,0,-95983,6105910 ns
after_local_cswitch,0,38,47,0,15267,6105910 ns
after_local_cswitch,0,39,46,0,33518,6105910 ns
after_local_cswitch,0,40,45,0,-38069,6105910 ns
after_local_cswitch,0,41,44,0,-52142,6105910 ns
after_local_cswitch,0,42,43,0,-64748,6105910 ns
after_local_cswitch,0,43,42,0,-35705,6105910 ns
after_local_cswitch,0,44,41,0,33997,6105910 ns
after_local_cswitch,0,45,40,0,9375,6105910 ns
after_local_cswitch,0,46,39,0,77082,6105910 ns
after_local_cswitch,0,47,38,0,-108154,6105910 ns
after_local_cswitch,0,48,37,0,48168,6105910 ns
after_local_cswitch,0,49,36,0,-91220,6105910 ns
after_local_cswitch,0,50,35,0,78337,6105910 ns
after_local_cswitch,0,51,34,0,-31746,6105910 ns
after_local_cswitch,0,52,33,0,7830,6105910 ns
after_local_cswitch,0,53,32,0,-65473,6105910 ns
after_local_cswitch,0,54,31,0,-52555,6105910 ns
after_local_cswitch,0,55,30,0,-94234,6105910 ns
after_local_cswitch,0,56,29,0,-131344,6105910 ns
after_local_cswitch,0,57,28,0,-74543,6105910 ns
after_local_cswitch,0,58,27,0,127238,6105910 ns
after_local_cswitch,0,59,26,0,-184041,6105910 ns
after_local_cswitch,0,60,25,0,-13282,6105910 ns
after_local_cswitch,0,61,24,0,-65212,6105910 ns
after_local_cswitch,0,62,23,0,-56065,6105910 ns
after_local_cswitch,0,63,22,0,-105504,6105910 ns
after_local_cswitch,0,0,53,0,-111487,6105910 ns
after_local_cswitch,0,1,52,0,-265473,6105910 ns
after_local_cswitch,0,2,51,0,103735,6105910 ns
after_local_cswitch,0,3,50,0,-99313,6105910 ns
after_local_cswitch,0,4,49,0,-68200,6105910 ns
after_local_cswitch,0,5,48,0,-30126,6105910 ns
after_local_cswitch,0,6,47,0,85759,6105910 ns
after_local_cswitch,0,7,46,0,-50847,6105910 ns
after_local_cswitch,0,8,45,0,85406,6105910 ns
after_local_cswitch,0,9,44,0,-154038,6105910 ns
after_local_cswitch,0,10,43,0,146873,6105910 ns
after_local_cswitch,0,11,42,0,-148983,6105910 ns
after_local_cswitch,0,12,41,0,-15715,6105910 ns
after_local_cswitch,0,13,40,0,88264,6105910 ns
after_local_cswitch,0,14,39,0,-87584,6105910 ns
after_local_cswitch,0,15,38,0,-135719,6105910 ns
after_local_cswitch,0,16,37,0,115926,6105910 ns
after_local_cswitch,0,17,36,0,13515,6105910 ns
after_local_cswitch,0,18,35,0,-39471,6105910 ns
after_local_cswitch,0,19,34,0,48500,6105910 ns
after_local_cswitch,0,20,33,0,-116610,6105910 ns
after_local_cswitch,0,21,32,0,-15881,6105910 ns
after_local_cswitch,0,22,31,0,134218,6105910 ns
after_local_cswitch,0,23,30,0,-109267,6105910 ns
after_local_cswitch,0,24,29,0,17555,6105910 ns
after_local_cswitch,0,25,28,0,-60827,6105910 ns
after_local_cswitch,0,26,27,0,-118779,6105910 ns
after_local_cswitch,0,27,26,0,-80332,6105910 ns
after_local_cswitch,0,28,25,0,-54877,6105910 ns
after_local_cswitch,0,29,24,0,-36416,6105910 ns
after_local_cswitch,0,30,23,0,-187515,6105910 ns
after_local_cswitch,0,31,22,0,20000,6105910 ns
after_local_cswitch,0,32,53,0,134710,6105910 ns
after_local_cswitch,0,33,52,0,174977,6105910 ns
after_local_cswitch,0,34,51,0,-38139,6105910 ns
after_local_cswitch,0,35,50,0,107100,6105910 ns
after_local_cswitch,0,36,49,0,119002,6105910 ns
after_local_cswitch,0,37,48,0,-95983,6105910 ns
after_local_cswitch,0,38,47,0,15267,6105910 ns
after_local_cswitch,0,39,46,0,33518,6105910 ns
after_local_cswitch,0,40,45,0,-38069,6105910 ns
after_local_cswitch,0,41,44,0,-52142,6105910 ns
after_local_cswitch,0,42,43,0,-64748,6105910 ns
after_local_cswitch,0,43,42,0,-35705,6105910 ns
after_local_cswitch,0,44,41,0,33997,6105910 ns
after_local_cswitch,0,45,40,0,9375,6105910 ns
after_local_cswitch,0,46,39,0,77082,6105910 ns
after_local_cswitch,0,47,38,0,-108154,6105910 ns
after_local_cswitch,0,48,37,0,48168,6105910 ns
after_local_cswitch,0,49,36,0,-91220,6105910 ns
after_local_cswitch,0,50,35,0,78337,6105910 ns
after_local_cswitch,0,51,34,0,-31746,6105910 ns
after_local_cswitch,0,52,33,0,7830,6105910 ns
after_local_cswitch,0,53,32,0,-65473,6105910 ns
after_local_cswitch,0,54,31,0,-52555,6105910 ns
after_local_cswitch,0,55,30,0,-94234,6105910 ns
after_local_cswitch,0,56,29,0,-131344,6105910 ns
after_local_cswitch,0,57,28,0,-74543,6105910 ns
after_local_cswitch,0,58,27,0,127238,6105910 ns
after_local_cswitch,0,59,26,0,-184041,6105910 ns
after_local_cswitch,0,60,25,0,-13282,6105910 ns
after_local_cswitch,0,61,24,0,-65212,6105910 ns
after_local_cswitch,0,62,23,0,-56065,6105910 ns
after_local_cswitch,0,63,22,0,-105504,6105910 ns
after_local_cswitch,0,0,53,0,-111487,6105910 ns
after_local_cswitch,0,1,52,0,-265473,6105910 ns
after_local_cswitch,0,2,51,0,103735,6105910 ns
after_local_cswitch,0,3,50,0,-99313,6105910 ns
after_local_cswitch,0,4,49,0,-68200,6105910 ns
after_local_cswitch,0,5,48,0,-30126,6105910 ns
after_local_cswitch,0,6,47,0,85759,6105910 ns
after_local_cswitch,0,7,46,0,-50847,6105910 ns
after_local_cswitch,0,8,45,0,85406,6105910 ns
after_local_cswitch,0,9,44,0,-154038,6105910 ns
after_local_cswitch,0,10,43,0,146873,6105910 ns
after_local_cswitch,0,11,42,0,-148983,6105910 ns
after_local_cswitch,0,12,41,0,-15715,6105910 ns
after_local_cswitch,0,13,40,0,88264,6105910 ns
after_local_cswitch,0,14,39,0,-87584,6105910 ns
after_local_cswitch,0,15,38,0,-135719,6105910 ns
after_local_cswitch,0,16,37,0,115926,6105910 ns
after_local_cswitch,0,17,36,0,13515,6105910 ns
after_local_cswitch,0,18,35,0,-39471,6105910 ns
after_local_cswitch,0,19,34,0,48500,6105910 ns
after_local_cswitch,0,20,33,0,-116610,6105910 ns
after_local_cswitch,0,21,32,0,-15881,6105910 ns
after_local_cswitch,0,22,31,0,134218,6105910 ns
after_local_cswitch,0,23,30,0,-109267,6105910 ns
after_local_cswitch,0,24,29,0,17555,6105910 ns
after_local_cswitch,0,25,28,0,-60827,6105910 ns
after_local_cswitch,0,26,27,0,-118779,6105910 ns
after_local_cswitch,0,27,26,0,-80332,6105910 ns
after_local_cswitch,0,28,25,0,-54877,6105910 ns
after_local_cswitch,0,29,24,0,-36416,6105910 ns
after_local_cswitch,0,30,23,0,-187515,6105910 ns
after_local_cswitch,0,31,22,0,20000,6105910 ns
after_local_cswitch,0,32,53,0,134710,6105910 ns
after_local_cswitch,0,33,52,0,174977,6105910 ns
after_local_cswitch,0,34,51,0,-38139,6105910 ns
after_local_cswitch,0,35,50,0,107100,6105910 ns
after_local_cswitch,0,36,49,0,119002,6105910 ns
after_local_cswitch,0,37,48,0,-95983,6105910 ns
after_local_cswitch,0,38,47,0,15267,6105910 ns
after_local_cswitch,0,39,46,0,33518,6105910 ns
after_local_cswitch,0,40,45,0,-38069,6105910 ns
after_local_cswitch,0,41,44,0,-52142,6105910 ns
after_local_cswitch,0,42,43,0,-64748,6105910 ns
after_local_cswitch,0,43,42,0,-35705,6105910 ns
after_local_cswitch,0,44,41,0,33997,6105910 ns
after_local_cswitch,0,45,40,0,9375,6105910 ns
after_local_cswitch,0,46,39,0,77082,6105910 ns
after_local_cswitch,0,47,38,0,-108154,6105910 ns
after_local_cswitch,0,48,37,0,48168,6105910 ns
after_local_cswitch,0,49,36,0,-91220,6105910 ns
after_local_cswitch,0,50,35,0,78337,6105910 ns
after_local_cswitch,0,51,34,0,-31746,6105910 ns
after_local_cswitch,0,52,33,0,7830,6105910 ns
after_local_cswitch,0,53,32,0,-65473,6105910 ns
after_local_cswitch,0,54,31,0,-52555,6105910 ns
after_local_cswitch,0,55,30,0,-94234,6105910 ns
after_local_cswitch,0,56,29,0,-131344,6105910 ns
after_local_cswitch,0,57,28,0,-74543,6105910 ns
after_local_cswitch,0,58,27,0,127238,6105910 ns
after_local_cswitch,0,59,26,0,-184041,6105910 ns
after_local_cswitch,0,60,25,0,-13282,6105910 ns
after_local_cswitch,0,61,24,0,-65212,6105910 ns
after_local_cswitch,0,62,23,0,-56065,6105910 ns
after_local_cswitch,0,63,22,0,-105504,6105910 ns
after_local_cswitch,0,0,54,0,-32357,6105920 ns
after_local_cswitch,0,1,53,0,39887,6105920 ns
after_local_cswitch,0,2,52,0,-34140,6105920 ns
after_local_cswitch,0,3,51,0,-18507,6105920 ns
after_local_cswitch,0,4,50,0,119113,6105920 ns
after_local_cswitch,0,5,49,0,66554,6105920 ns
after_local_cswitch,0,6,48,0,24567,6105920 ns
after_local_cswitch,0,7,47,0,1955,6105920 ns
after_local_cswitch,0,8,46,0,-18578,6105920 ns
after_local_cswitch,0,9,45,0,86464,6105920 ns
after_local_cswitch,0,10,44,0,129939,6105920 ns
after_local_cswitch,0,11,43,0,24917,6105920 ns
after_local_cswitch,0,12,42,0,-19078,6105920 ns
after_local_cswitch,0,13,41,0,-36949,6105920 ns
after_local_cswitch,0,14,40,0,-70437,6105920 ns
after_local_cswitch,0,15,39,0,-22403,6105920 ns
after_local_cswitch,0,16,38,0,196162,6105920 ns
after_local_cswitch,0,17,37,0,37047,6105920 ns
after_local_cswitch,0,18,36,0,-20510,6105920 ns
after_local_cswitch,0,19,35,0,118258,6105920 ns
after_local_cswitch,0,20,34,0,14045,6105920 ns
after_local_cswitch,0,21,33,0,-85388,6105920 ns
after_local_cswitch,0,22,32,0,-103100,6105920 ns
after_local_cswitch,0,23,31,0,-38254,6105920 ns
after_local_cswitch,0,24,30,0,53423,6105920 ns
after_local_cswitch,0,25,29,0,-7571,6105920 ns
after_local_cswitch,0,26,28,0,29014,6105920 ns
after_local_cswitch,0,27,27,0,97862,6105920 ns
after_local_cswitch,0,28,26,0,146907,6105920 ns
after_local_cswitch,0,29,25,0,-68478,6105920 ns
after_local_cswitch,0,30,24,0,-154786,6105920 ns
after_local_cswitch,0,31,23,0,119246,6105920 ns
after_local_cswitch,0,32,54,0,-72696,6105920 ns
after_local_cswitch,0,33,53,0,57807,6105920 ns
after_local_cswitch,0,34,52,0,44026,6105920 ns
after_local_cswitch,0,35,51,0,-92600,6105920 ns
after_local_cswitch,0,36,50,0,75513,6105920 ns
after_local_cswitch,0,37,49,0,-17945,6105920 ns
after_local_cswitch,0,38,48,0,-101880,6105920 ns
after_local_cswitch,0,39,47,0,36686,6105920 ns
after_local_cswitch,0,40,46,0,67360,6105920 ns
after_local_cswitch,0,41,45,0,3584,6105920 ns
after_local_cswitch,0,42,44,0,-21749,6105920 ns
after_local_cswitch,0,43,43,0,-32562,6105920 ns
after_local_cswitch,0,44,42,0,61848,6105920 ns
after_local_cswitch,0,45,41,0,7717,6105920 ns
after_local_cswitch,0,46,40,0,-205456,6105920 ns
after_local_cswitch,0,47,39,0,15082,6105920 ns
after_local_cswitch,0,48,38,0,-63703,6105920 ns
after_local_cswitch,0,49,37,0,23515,6105920 ns
after_local_cswitch,0,50,36,0,-26002,6105920 ns
after_local_cswitch,0,51,35,0,38734,6105920 ns
after_local_cswitch,0,52,34,0,-40302,6105920 ns
after_local_cswitch,0,53,33,0,16615,6105920 ns
after_local_cswitch,0,54,32,0,-142569,6105920 ns
after_local_cswitch,0,55,31,0,-56028,6105920 ns
after_local_cswitch,0,56,30,0,12449,6105920 ns
after_local_cswitch,0,57,29,0,12130,6105920 ns
after_local_cswitch,0,58,28,0,43810,6105920 ns
after_local_cswitch,0,59,27,0,-96166,6105920 ns
after_local_cswitch,0,60,26,0,55513,6105920 ns
after_local_cswitch,0,61,25,0,-131853,6105920 ns
after_local_cswitch,0,62,24,0,39719,6105920 ns
after_local_cswitch,0,63,23,0,34584,6105920 ns
after_local_cswitch,0,0,54,0,-32357,6105920 ns
after_local_cswitch,0,1,53,0,39887,6105920 ns
after_local_cswitch,0,2,52,0,-34140,6105920 ns
after_local_cswitch,0,3,51,0,-18507,6105920 ns
after_local_cswitch,0,4,50,0,119113,6105920 ns
after_local_cswitch,0,5,49,0,66554,6105920 ns
after_local_cswitch,0,6,48,0,24567,6105920 ns
after_local_cswitch,0,7,47,0,1955,6105920 ns
after_local_cswitch,0,8,46,0,-18578,6105920 ns
after_local_cswitch,0,9,45,0,86464,6105920 ns
after_local_cswitch,0,10,44,0,129939,6105920 ns
after_local_cswitch,0,11,43,0,24917,6105920 ns
after_local_cswitch,0,12,42,0,-19078,6105920 ns
after_local_cswitch,0,13,41,0,-36949,6105920 ns
after_local_cswitch,0,14,40,0,-70437,6105920 ns
after_local_cswitch,0,15,39,0,-22403,6105920 ns
after_local_cswitch,0,16,38,0,196162,6105920 ns
after_local_cswitch,0,17,37,0,37047,6105920 ns
after_local_cswitch,0,18,36,0,-20510,6105920 ns
after_local_cswitch,0,19,35,0,118258,6105920 ns
after_local_cswitch,0,20,34,0,14045,6105920 ns
after_local_cswitch,0,21,33,0,-85388,6105920 ns
after_local_cswitch,0,22,32,0,-103100,6105920 ns
after_local_cswitch,0,23,31,0,-38254,6105920 ns
after_local_cswitch,0,24,30,0,53423,6105920 ns
after_local_cswitch,0,25,29,0,-7571,6105920 ns
after_local_cswitch,0,26,28,0,29014,6105920 ns
after_local_cswitch,0,27,27,0,97862,6105920 ns
after_local_cswitch,0,28,26,0,146907,6105920 ns
after_local_cswitch,0,29,25,0,-68478,6105920 ns
after_local_cswitch,0,30,24,0,-154786,6105920 ns
after_local_cswitch,0,31,23,0,119246,6105920 ns
after_local_cswitch,0,32,54,0,-72696,6105920 ns
after_local_cswitch,0,33,53,0,57807,6105920 ns
after_local_cswitch,0,34,52,0,44026,6105920 ns
after_local_cswitch,0,35,51,0,-92600,6105920 ns
after_local_cswitch,0,36,50,0,75513,6105920 ns
after_local_cswitch,0,37,49,0,-17945,6105920 ns
after_local_cswitch,0,38,48,0,-101880,6105920 ns
after_local_cswitch,0,39,47,0,36686,6105920 ns
after_local_cswitch,0,40,46,0,67360,6105920 ns
after_local_cswitch,0,41,45,0,3584,6105920 ns
after_local_cswitch,0,42,44,0,-21749,6105920 ns
after_local_cswitch,0,43,43,0,-32562,6105920 ns
after_local_cswitch,0,44,42,0,61848,6105920 ns
after_local_cswitch,0,45,41,0,7717,6105920 ns
after_local_cswitch,0,46,40,0,-205456,6105920 ns
after_local_cswitch,0,47,39,0,15082,6105920 ns
after_local_cswitch,0,48,38,0,-63703,6105920 ns
after_local_cswitch,0,49,37,0,23515,6105920 ns
after_local_cswitch,0,50,36,0,-26002,6105920 ns
after_local_cswitch,0,51,35,0,38734,6105920 ns
after_local_cswitch,0,52,34,0,-40302,6105920 ns
after_local_cswitch,0,53,33,0,16615,6105920 ns
after_local_cswitch,0,54,32,0,-142569,6105920 ns
after_local_cswitch,0,55,31,0,-56028,6105920 ns
after_local_cswitch,0,56,30,0,12449,6105920 ns
after_local_cswitch,0,57,29,0,12130,6105920 ns
after_local_cswitch,0,58,28,0,43810,6105920 ns
after_local_cswitch,0,59,27,0,-96166,6105920 ns
after_local_cswitch,0,60,26,0,55513,6105920 ns
after_local_cswitch,0,61,25,0,-131853,6105920 ns
after_local_cswitch,0,62,24,0,39719,6105920 ns
after_local_cswitch,0,63,23,0,34584,6105920 ns
after_local_cswitch,0,0,54,0,-32357,6105920 ns
after_local_cswitch,0,1,53,0,39887,6105920 ns
after_local_cswitch,0,2,52,0,-34140,6105920 ns
after_local_cswitch,0,3,51,0,-18507,6105920 ns
after_local_cswitch,0,4,50,0,119113,6105920 ns
after_local_cswitch,0,5,49,0,66554,6105920 ns
after_local_cswitch,0,6,48,0,24567,6105920 ns
after_local_cswitch,0,7,47,0,1955,6105920 ns
after_local_cswitch,0,8,46,0,-18578,6105920 ns
after_local_cswitch,0,9,45,0,86464,6105920 ns
after_local_cswitch,0,10,44,0,129939,6105920 ns
after_local_cswitch,0,11,43,0,24917,6105920 ns
after_local_cswitch,0,12,42,0,-19078,6105920 ns
after_local_cswitch,0,13,41,0,-36949,6105920 ns
after_local_cswitch,0,14,40,0,-70437,6105920 ns
after_local_cswitch,0,15,39,0,-22403,6105920 ns
after_local_cswitch,0,16,38,0,196162,6105920 ns
after_local_cswitch,0,17,37,0,37047,6105920 ns
after_local_cswitch,0,18,36,0,-20510,6105920 ns
after_local_cswitch,0,19,35,0,118258,6105920 ns
after_local_cswitch,0,20,34,0,14045,6105920 ns
after_local_cswitch,0,21,33,0,-85388,6105920 ns
after_local_cswitch,0,22,32,0,-103100,6105920 ns
after_local_cswitch,0,23,31,0,-38254,6105920 ns
after_local_cswitch,0,24,30,0,53423,6105920 ns
after_local_cswitch,0,25,29,0,-7571,6105920 ns
after_local_cswitch,0,26,28,0,29014,6105920 ns
after_local_cswitch,0,27,27,0,97862,6105920 ns
after_local_cswitch,0,28,26,0,146907,6105920 ns
after_local_cswitch,0,29,25,0,-68478,6105920 ns
after_local_cswitch,0,30,24,0,-154786,6105920 ns
after_local_cswitch,0,31,23,0,119246,6105920 ns
after_local_cswitch,0,32,54,0,-72696,6105920 ns
after_local_cswitch,0,33,53,0,57807,6105920 ns
after_local_cswitch,0,34,52,0,44026,6105920 ns
after_local_cswitch,0,35,51,0,-92600,6105920 ns
after_local_cswitch,0,36,50,0,75513,6105920 ns
after_local_cswitch,0,37,49,0,-17945,6105920 ns
after_local_cswitch,0,38,48,0,-101880,6105920 ns
after_local_cswitch,0,39,47,0,36686,6105920 ns
after_local_cswitch,0,40,46,0,67360,6105920 ns
after_local_cswitch,0,41,45,0,3584,6105920 ns
after_local_cswitch,0,42,44,0,-21749,6105920 ns
after_local_cswitch,0,43,43,0,-32562,6105920 ns
after_local_cswitch,0,44,42,0,61848,6105920 ns
after_local_cswitch,0,45,41,0,7717,6105920 ns
after_local_cswitch,0,46,40,0,-205456,6105920 ns
after_local_cswitch,0,47,39,0,15082,6105920 ns
after_local_cswitch,0,48,38,0,-63703,6105920 ns
after_local_cswitch,0,49,37,0,23515,6105920 ns
after_local_cswitch,0,50,36,0,-26002,6105920 ns
after_local_cswitch,0,51,35,0,38734,6105920 ns
after_local_cswitch,0,52,34,0,-40302,6105920 ns
after_local_cswitch,0,53,33,0,16615,6105920 ns
after_local_cswitch,0,54,32,0,-142569,6105920 ns
after_local_cswitch,0,55,31,0,-56028,6105920 ns
after_local_cswitch,0,56,30,0,12449,6105920 ns
after_local_cswitch,0,57,29,0,12130,6105920 ns
after_local_cswitch,0,58,28,0,43810,6105920 ns
after_local_cswitch,0,59,27,0,-96166,6105920 ns
after_local_cswitch,0,60,26,0,55513,6105920 ns
after_local_cswitch,0,61,25,0,-131853,6105920 ns
after_local_cswitch,0,62,24,0,39719,6105920 ns
after_local_cswitch,0,63,23,0,34584,6105920 ns
after_local_cswitch,0,0,55,0,-38650,6105930 ns
after_local_cswitch,0,1,54,0,-77455,6105930 ns
after_local_cswitch,0,2,53,0,-42570,6105930 ns
after_local_cswitch,0,3,52,0,175510,6105930 ns
after_local_cswitch,0,4,51,0,7276,6105930 ns
after_local_cswitch,0,5,50,0,-14067,6105930 ns
after_local_cswitch,0,6,49,0,75932,6105930 ns
after_local_cswitch,0,7,48,0,92903,6105930 ns
after_local_cswitch,0,8,47,0,199809,6105930 ns
after_local_cswitch,0,9,46,0,-22827,6105930 ns
after_local_cswitch,0,10,45,0,92051,6105930 ns
after_local_cswitch,0,11,44,0,80091,6105930 ns
after_local_cswitch,0,12,43,0,58548,6105930 ns
after_local_cswitch,0,13,42,0,-36320,6105930 ns
after_local_cswitch,0,14,41,0,10159,6105930 ns
after_local_cswitch,0,15,40,0,53538,6105930 ns
after_local_cswitch,0,16,39,0,24725,6105930 ns
after_local_cswitch,0,17,38,0,-44570,6105930 ns
after_local_cswitch,0,18,37,0,98946,6105930 ns
after_local_cswitch,0,19,36,0,-92465,6105930 ns
after_local_cswitch,0,20,35,0,56701,6105930 ns
after_local_cswitch,0,21,34,0,81409,6105930 ns
after_local_cswitch,0,22,33,0,81062,6105930 ns
after_local_cswitch,0,23,32,0,34178,6105930 ns
after_local_cswitch,0,24,31,0,-155565,6105930 ns
after_local_cswitch,0,25,30,0,18746,6105930 ns
after_local_cswitch,0,26,29,0,-13497,6105930 ns
after_local_cswitch,0,27,28,0,-66295,6105930 ns
after_local_cswitch,0,28,27,0,-139374,6105930 ns
after_local_cswitch,0,29,26,0,-2250,6105930 ns
after_local_cswitch,0,30,25,0,-17720,6105930 ns
after_local_cswitch,0,31,24,0,20380,6105930 ns
after_local_cswitch,0,32,55,0,-137871,6105930 ns
after_local_cswitch,0,33,54,0,6125,6105930 ns
after_local_cswitch,0,34,53,0,47866,6105930 ns
after_local_cswitch,0,35,52,0,291,6105930 ns
after_local_cswitch,0,36,51,0,-23469,6105930 ns
after_local_cswitch,0,37,50,0,47836,6105930 ns
after_local_cswitch,0,38,49,0,30238,6105930 ns
after_local_cswitch,0,39,48,0,-15503,6105930 ns
after_local_cswitch,0,40,47,0,11807,6105930 ns
after_local_cswitch,0,41,46,0,-5992,6105930 ns
after_local_cswitch,0,42,45,0,32738,6105930 ns
after_local_cswitch,0,43,44,0,24490,6105930 ns
after_local_cswitch,0,44,43,0,-18037,6105930 ns
after_local_cswitch,0,45,42,0,-198328,6105930 ns
after_local_cswitch,0,46,41,0,-86132,6105930 ns
after_local_cswitch,0,47,40,0,-28798,6105930 ns
after_local_cswitch,0,48,39,0,-129547,6105930 ns
after_local_cswitch,0,49,38,0,-5605,6105930 ns
after_local_cswitch,0,50,37,0,-108840,6105930 ns
after_local_cswitch,0,51,36,0,-41480,6105930 ns
after_local_cswitch,0,52,35,0,-129082,6105930 ns
after_local_cswitch,0,53,34,0,-22582,6105930 ns
after_local_cswitch,0,54,33,0,30986,6105930 ns
after_local_cswitch,0,55,32,0,27859,6105930 ns
after_local_cswitch,0,56,31,0,45827,6105930 ns
after_local_cswitch,0,57,30,0,-28484,6105930 ns
after_local_cswitch,0,58,29,0,27239,6105930 ns
after_local_cswitch,0,59,28,0,29052,6105930 ns
after_local_cswitch,0,60,27,0,-65870,6105930 ns
after_local_cswitch,0,61,26,0,49449,6105930 ns
after_local_cswitch,0,62,25,0,67680,6105930 ns
after_local_cswitch,0,63,24,0,58888,6105930 ns
after_local_cswitch,0,0,55,0,-38650,6105930 ns
after_local_cswitch,0,1,54,0,-77455,6105930 ns
after_local_cswitch,0,2,53,0,-42570,6105930 ns
after_local_cswitch,0,3,52,0,175510,6105930 ns
after_local_cswitch,0,4,51,0,7276,6105930 ns
after_local_cswitch,0,5,50,0,-14067,6105930 ns
after_local_cswitch,0,6,49,0,75932,6105930 ns
after_local_cswitch,0,7,48,0,92903,6105930 ns
after_local_cswitch,0,8,47,0,199809,6105930 ns
after_local_cswitch,0,9,46,0,-22827,6105930 ns
after_local_cswitch,0,10,45,0,92051,6105930 ns
after_local_cswitch,0,11,44,0,80091,6105930 ns
after_local_cswitch,0,12,43,0,58548,6105930 ns
after_local_cswitch,0,13,42,0,-36320,6105930 ns
after_local_cswitch,0,14,41,0,10159,6105930 ns
after_local_cswitch,0,15,40,0,53538,6105930 ns
after_local_cswitch,0,16,39,0,24725,6105930 ns
after_local_cswitch,0,17,38,0,-44570,6105930 ns
after_local_cswitch,0,18,37,0,98946,6105930 ns
after_local_cswitch,0,19,36,0,-92465,6105930 ns
after_local_cswitch,0,20,35,0,56701,6105930 ns
after_local_cswitch,0,21,34,0,81409,6105930 ns
after_local_cswitch,0,22,33,0,81062,6105930 ns
after_local_cswitch,0,23,32,0,34178,6105930 ns
after_local_cswitch,0,24,31,0,-155565,6105930 ns
after_local_cswitch,0,25,30,0,18746,6105930 ns
after_local_cswitch,0,26,29,0,-13497,6105930 ns
after_local_cswitch,0,27,28,0,-66295,6105930 ns
after_local_cswitch,0,28,27,0,-139374,6105930 ns
after_local_cswitch,0,29,26,0,-2250,6105930 ns
after_local_cswitch,0,30,25,0,-17720,6105930 ns
after_local_cswitch,0,31,24,0,20380,6105930 ns
after_local_cswitch,0,32,55,0,-137871,6105930 ns
after_local_cswitch,0,33,54,0,6125,6105930 ns
after_local_cswitch,0,34,53,0,47866,6105930 ns
after_local_cswitch,0,35,52,0,291,6105930 ns
after_local_cswitch,0,36,51,0,-23469,6105930 ns
after_local_cswitch,0,37,50,0,47836,6105930 ns
after_local_cswitch,0,38,49,0,30238,6105930 ns
after_local_cswitch,0,39,48,0,-15503,6105930 ns
after_local_cswitch,0,40,47,0,11807,6105930 ns
after_local_cswitch,0,41,46,0,-5992,6105930 ns
after_local_cswitch,0,42,45,0,32738,6105930 ns
after_local_cswitch,0,43,44,0,24490,6105930 ns
after_local_cswitch,0,44,43,0,-18037,6105930 ns
after_local_cswitch,0,45,42,0,-198328,6105930 ns
after_local_cswitch,0,46,41,0,-86132,6105930 ns
after_local_cswitch,0,47,40,0,-28798,6105930 ns
after_local_cswitch,0,48,39,0,-129547,6105930 ns
after_local_cswitch,0,49,38,0,-5605,6105930 ns
after_local_cswitch,0,50,37,0,-108840,6105930 ns
after_local_cswitch,0,51,36,0,-41480,6105930 ns
after_local_cswitch,0,52,35,0,-129082,6105930 ns
after_local_cswitch,0,53,34,0,-22582,6105930 ns
after_local_cswitch,0,54,33,0,30986,6105930 ns
after_local_cswitch,0,55,32,0,27859,6105930 ns
after_local_cswitch,0,56,31,0,45827,6105930 ns
after_local_cswitch,0,57,30,0,-28484,6105930 ns
after_local_cswitch,0,58,29,0,27239,6105930 ns
after_local_cswitch,0,59,28,0,29052,6105930 ns
after_local_cswitch,0,60,27,0,-65870,6105930 ns
after_local_cswitch,0,61,26,0,49449,6105930 ns
after_local_cswitch,0,62,25,0,67680,6105930 ns
after_local_cswitch,0,63,24,0,58888,6105930 ns
after_local_cswitch,0,0,55,0,-38650,6105930 ns
after_local_cswitch,0,1,54,0,-77455,6105930 ns
after_local_cswitch,0,2,53,0,-42570,6105930 ns
after_local_cswitch,0,3,52,0,175510,6105930 ns
after_local_cswitch,0,4,51,0,7276,6105930 ns
after_local_cswitch,0,5,50,0,-14067,6105930 ns
after_local_cswitch,0,6,49,0,75932,6105930 ns
after_local_cswitch,0,7,48,0,92903,6105930 ns
after_local_cswitch,0,8,47,0,199809,6105930 ns
after_local_cswitch,0,9,46,0,-22827,6105930 ns
after_local_cswitch,0,10,45,0,92051,6105930 ns
after_local_cswitch,0,11,44,0,80091,6105930 ns
after_local_cswitch,0,12,43,0,58548,6105930 ns
after_local_cswitch,0,13,42,0,-36320,6105930 ns
after_local_cswitch,0,14,41,0,10159,6105930 ns
after_local_cswitch,0,15,40,0,53538,6105930 ns
after_local_cswitch,0,16,39,0,24725,6105930 ns
after_local_cswitch,0,17,38,0,-44570,6105930 ns
after_local_cswitch,0,18,37,0,98946,6105930 ns
after_local_cswitch,0,19,36,0,-92465,6105930 ns
after_local_cswitch,0,20,35,0,56701,6105930 ns
after_local_cswitch,0,21,34,0,81409,6105930 ns
after_local_cswitch,0,22,33,0,81062,6105930 ns
after_local_cswitch,0,23,32,0,34178,6105930 ns
after_local_cswitch,0,24,31,0,-155565,6105930 ns
after_local_cswitch,0,25,30,0,18746,6105930 ns
after_local_cswitch,0,26,29,0,-13497,6105930 ns
after_local_cswitch,0,27,28,0,-66295,6105930 ns
after_local_cswitch,0,28,27,0,-139374,6105930 ns
after_local_cswitch,0,29,26,0,-2250,6105930 ns
after_local_cswitch,0,30,25,0,-17720,6105930 ns
after_local_cswitch,0,31,24,0,20380,6105930 ns
after_local_cswitch,0,32,55,0,-137871,6105930 ns
after_local_cswitch,0,33,54,0,6125,6105930 ns
after_local_cswitch,0,34,53,0,47866,6105930 ns
after_local_cswitch,0,35,52,0,291,6105930 ns
after_local_cswitch,0,36,51,0,-23469,6105930 ns
after_local_cswitch,0,37,50,0,47836,6105930 ns
after_local_cswitch,0,38,49,0,30238,6105930 ns
after_local_cswitch,0,39,48,0,-15503,6105930 ns
after_local_cswitch,0,40,47,0,11807,6105930 ns
after_local_cswitch,0,41,46,0,-5992,6105930 ns
after_local_cswitch,0,42,45,0,32738,6105930 ns
after_local_cswitch,0,43,44,0,24490,6105930 ns
after_local_cswitch,0,44,43,0,-18037,6105930 ns
after_local_cswitch,0,45,42,0,-198328,6105930 ns
after_local_cswitch,0,46,41,0,-86132,6105930 ns
after_local_cswitch,0,47,40,0,-28798,6105930 ns
after_local_cswitch,0,48,39,0,-129547,6105930 ns
after_local_cswitch,0,49,38,0,-5605,6105930 ns
after_local_cswitch,0,50,37,0,-108840,6105930 ns
after_local_cswitch,0,51,36,0,-41480,6105930 ns
after_local_cswitch,0,52,35,0,-129082,6105930 ns
after_local_cswitch,0,53,34,0,-22582,6105930 ns
after_local_cswitch,0,54,33,0,30986,6105930 ns
after_local_cswitch,0,55,32,0,27859,6105930 ns
after_local_cswitch,0,56,31,0,45827,6105930 ns
after_local_cswitch,0,57,30,0,-28484,6105930 ns
after_local_cswitch,0,58,29,0,27239,6105930 ns
after_local_cswitch,0,59,28,0,29052,6105930 ns
after_local_cswitch,0,60,27,0,-65870,6105930 ns
after_local_cswitch,0,61,26,0,49449,6105930 ns
after_local_cswitch,0,62,25,0,67680,6105930 ns
after_local_cswitch,0,63,24,0,58888,6105930 ns
after_local_cswitch,0,0,56,0,-29720,6105940 ns
after_local_cswitch,0,1,55,0,100754,6105940 ns
after_local_cswitch,0,2,54,0,-103917,6105940 ns
after_local_cswitch,0,3,53,0,80911,6105940 ns
after_local_cswitch,0,4,52,0,167726,6105940 ns
after_local_cswitch,0,5,51,0,-53060,6105940 ns
after_local_cswitch,0,6,50,0,110255,6105940 ns
after_local_cswitch,0,7,49,0,-58889,6105940 ns
after_local_cswitch,0,8,48,0,-5581,6105940 ns
after_local_cswitch,0,9,47,0,-82744,6105940 ns
after_local_cswitch,0,10,46,0,89454,6105940 ns
after_local_cswitch,0,11,45,0,6953,6105940 ns
after_local_cswitch,0,12,44,0,-150959,6105940 ns
after_local_cswitch,0,13,43,0,61821,6105940 ns
after_local_cswitch,0,14,42,0,-34237,6105940 ns
after_local_cswitch,0,15,41,0,40455,6105940 ns
after_local_cswitch,0,16,40,0,208774,6105940 ns
after_local_cswitch,0,17,39,0,575,6105940 ns
after_local_cswitch,0,18,38,0,119955,6105940 ns
after_local_cswitch,0,19,37,0,91296,6105940 ns
after_local_cswitch,0,20,36,0,-93497,6105940 ns
after_local_cswitch,0,21,35,0,-51790,6105940 ns
after_local_cswitch,0,22,34,0,-65066,6105940 ns
after_local_cswitch,0,23,33,0,46181,6105940 ns
after_local_cswitch,0,24,32,0,-47344,6105940 ns
after_local_cswitch,0,25,31,0,-176324,6105940 ns
after_local_cswitch,0,26,30,0,-43986,6105940 ns
after_local_cswitch,0,27,29,0,-111556,6105940 ns
after_local_cswitch,0,28,28,0,3752,6105940 ns
after_local_cswitch,0,29,27,0,-9566,6105940 ns
after_local_cswitch,0,30,26,0,-147398,6105940 ns
after_local_cswitch,0,31,25,0,42852,6105940 ns
after_local_cswitch,0,32,56,0,-35089,6105940 ns
after_local_cswitch,0,33,55,0,6189,6105940 ns
after_local_cswitch,0,34,54,0,-24488,6105940 ns
after_local_cswitch,0,35,53,0,-98762,6105940 ns
after_local_cswitch,0,36,52,0,132075,6105940 ns
after_local_cswitch,0,37,51,0,103307,6105940 ns
after_local_cswitch,0,38,50,0,18526,6105940 ns
after_local_cswitch,0,39,49,0,-32821,6105940 ns
after_local_cswitch,0,40,48,0,-52419,6105940 ns
after_local_cswitch,0,41,47,0,-90800,6105940 ns
after_local_cswitch,0,42,46,0,-80075,6105940 ns
after_local_cswitch,0,43,45,0,-45196,6105940 ns
after_local_cswitch,0,44,44,0,38605,6105940 ns
after_local_cswitch,0,45,43,0,35431,6105940 ns
after_local_cswitch,0,46,42,0,-36526,6105940 ns
after_local_cswitch,0,47,41,0,68036,6105940 ns
after_local_cswitch,0,48,40,0,-37315,6105940 ns
after_local_cswitch,0,49,39,0,-65487,6105940 ns
after_local_cswitch,0,50,38,0,-67279,6105940 ns
after_local_cswitch,0,51,37,0,-88384,6105940 ns
after_local_cswitch,0,52,36,0,149147,6105940 ns
after_local_cswitch,0,53,35,0,-85554,6105940 ns
after_local_cswitch,0,54,34,0,-39,6105940 ns
after_local_cswitch,0,55,33,0,33714,6105940 ns
after_local_cswitch,0,56,32,0,17104,6105940 ns
after_local_cswitch,0,57,31,0,48765,6105940 ns
after_local_cswitch,0,58,30,0,40110,6105940 ns
after_local_cswitch,0,59,29,0,71711,6105940 ns
after_local_cswitch,0,60,28,0,-135844,6105940 ns
after_local_cswitch,0,61,27,0,27498,6105940 ns
after_local_cswitch,0,62,26,0,-129572,6105940 ns
after_local_cswitch,0,63,25,0,4178,6105940 ns
after_local_cswitch,0,0,56,0,-29720,6105940 ns
after_local_cswitch,0,1,55,0,100754,6105940 ns
after_local_cswitch,0,2,54,0,-103917,6105940 ns
after_local_cswitch,0,3,53,0,80911,6105940 ns
after_local_cswitch,0,4,52,0,167726,6105940 ns
after_local_cswitch,0,5,51,0,-53060,6105940 ns
after_local_cswitch,0,6,50,0,110255,6105940 ns
after_local_cswitch,0,7,49,0,-58889,6105940 ns
after_local_cswitch,0,8,48,0,-5581,6105940 ns
after_local_cswitch,0,9,47,0,-82744,6105940 ns
after_local_cswitch,0,10,46,0,89454,6105940 ns
after_local_cswitch,0,11,45,0,6953,6105940 ns
after_local_cswitch,0,12,44,0,-150959,6105940 ns
after_local_cswitch,0,13,43,0,61821,6105940 ns
after_local_cswitch,0,14,42,0,-34237,6105940 ns
after_local_cswitch,0,15,41,0,40455,6105940 ns
after_local_cswitch,0,16,40,0,208774,6105940 ns
after_local_cswitch,0,17,39,0,575,6105940 ns
after_local_cswitch,0,18,38,0,119955,6105940 ns
after_local_cswitch,0,19,37,0,91296,6105940 ns
after_local_cswitch,0,20,36,0,-93497,6105940 ns
after_local_cswitch,0,21,35,0,-51790,6105940 ns
after_local_cswitch,0,22,34,0,-65066,6105940 ns
after_local_cswitch,0,23,33,0,46181,6105940 ns
after_local_cswitch,0,24,32,0,-47344,6105940 ns
after_local_cswitch,0,25,31,0,-176324,6105940 ns
after_local_cswitch,0,26,30,0,-43986,6105940 ns
after_local_cswitch,0,27,29,0,-111556,6105940 ns
after_local_cswitch,0,28,28,0,3752,6105940 ns
after_local_cswitch,0,29,27,0,-9566,6105940 ns
after_local_cswitch,0,30,26,0,-147398,6105940 ns
after_local_cswitch,0,31,25,0,42852,6105940 ns
after_local_cswitch,0,32,56,0,-35089,6105940 ns
after_local_cswitch,0,33,55,0,6189,6105940 ns
after_local_cswitch,0,34,54,0,-24488,6105940 ns
after_local_cswitch,0,35,53,0,-98762,6105940 ns
after_local_cswitch,0,36,52,0,132075,6105940 ns
after_local_cswitch,0,37,51,0,103307,6105940 ns
after_local_cswitch,0,38,50,0,18526,6105940 ns
after_local_cswitch,0,39,49,0,-32821,6105940 ns
after_local_cswitch,0,40,48,0,-52419,6105940 ns
after_local_cswitch,0,41,47,0,-90800,6105940 ns
after_local_cswitch,0,42,46,0,-80075,6105940 ns
after_local_cswitch,0,43,45,0,-45196,6105940 ns
after_local_cswitch,0,44,44,0,38605,6105940 ns
after_local_cswitch,0,45,43,0,35431,6105940 ns
after_local_cswitch,0,46,42,0,-36526,6105940 ns
after_local_cswitch,0,47,41,0,68036,6105940 ns
after_local_cswitch,0,48,40,0,-37315,6105940 ns
after_local_cswitch,0,49,39,0,-65487,6105940 ns
after_local_cswitch,0,50,38,0,-67279,6105940 ns
after_local_cswitch,0,51,37,0,-88384,6105940 ns
after_local_cswitch,0,52,36,0,149147,6105940 ns
after_local_cswitch,0,53,35,0,-85554,6105940 ns
after_local_cswitch,0,54,34,0,-39,6105940 ns
after_local_cswitch,0,55,33,0,33714,6105940 ns
after_local_cswitch,0,56,32,0,17104,6105940 ns
after_local_cswitch,0,57,31,0,48765,6105940 ns
after_local_cswitch,0,58,30,0,40110,6105940 ns
after_local_cswitch,0,59,29,0,71711,6105940 ns
after_local_cswitch,0,60,28,0,-135844,6105940 ns
after_local_cswitch,0,61,27,0,27498,6105940 ns
after_local_cswitch,0,62,26,0,-129572,6105940 ns
after_local_cswitch,0,63,25,0,4178,6105940 ns
after_local_cswitch,0,0,56,0,-29720,6105940 ns
after_local_cswitch,0,1,55,0,100754,6105940 ns
after_local_cswitch,0,2,54,0,-103917,6105940 ns
after_local_cswitch,0,3,53,0,80911,6105940 ns
after_local_cswitch,0,4,52,0,167726,6105940 ns
after_local_cswitch,0,5,51,0,-53060,6105940 ns
after_local_cswitch,0,6,50,0,110255,6105940 ns
after_local_cswitch,0,7,49,0,-58889,6105940 ns
after_local_cswitch,0,8,48,0,-5581,6105940 ns
after_local_cswitch,0,9,47,0,-82744,6105940 ns
after_local_cswitch,0,10,46,0,89454,6105940 ns
after_local_cswitch,0,11,45,0,6953,6105940 ns
after_local_cswitch,0,12,44,0,-150959,6105940 ns
after_local_cswitch,0,13,43,0,61821,6105940 ns
after_local_cswitch,0,14,42,0,-34237,6105940 ns
after_local_cswitch,0,15,41,0,40455,6105940 ns
after_local_cswitch,0,16,40,0,208774,6105940 ns
after_local_cswitch,0,17,39,0,575,6105940 ns
after_local_cswitch,0,18,38,0,119955,6105940 ns
after_local_cswitch,0,19,37,0,91296,6105940 ns
after_local_cswitch,0,20,36,0,-93497,6105940 ns
after_local_cswitch,0,21,35,0,-51790,6105940 ns
after_local_cswitch,0,22,34,0,-65066,6105940 ns
after_local_cswitch,0,23,33,0,46181,6105940 ns
after_local_cswitch,0,24,32,0,-47344,6105940 ns
after_local_cswitch,0,25,31,0,-176324,6105940 ns
after_local_cswitch,0,26,30,0,-43986,6105940 ns
after_local_cswitch,0,27,29,0,-111556,6105940 ns
after_local_cswitch,0,28,28,0,3752,6105940 ns
after_local_cswitch,0,29,27,0,-9566,6105940 ns
after_local_cswitch,0,30,26,0,-147398,6105940 ns
after_local_cswitch,0,31,25,0,42852,6105940 ns
after_local_cswitch,0,32,56,0,-35089,6105940 ns
after_local_cswitch,0,33,55,0,6189,6105940 ns
after_local_cswitch,0,34,54,0,-24488,6105940 ns
after_local_cswitch,0,35,53,0,-98762,6105940 ns
after_local_cswitch,0,36,52,0,132075,6105940 ns
after_local_cswitch,0,37,51,0,103307,6105940 ns
after_local_cswitch,0,38,50,0,18526,6105940 ns
after_local_cswitch,0,39,49,0,-32821,6105940 ns
after_local_cswitch,0,40,48,0,-52419,6105940 ns
after_local_cswitch,0,41,47,0,-90800,6105940 ns
after_local_cswitch,0,42,46,0,-80075,6105940 ns
after_local_cswitch,0,43,45,0,-45196,6105940 ns
after_local_cswitch,0,44,44,0,38605,6105940 ns
after_local_cswitch,0,45,43,0,35431,6105940 ns
after_local_cswitch,0,46,42,0,-36526,6105940 ns
after_local_cswitch,0,47,41,0,68036,6105940 ns
after_local_cswitch,0,48,40,0,-37315,6105940 ns
after_local_cswitch,0,49,39,0,-65487,6105940 ns
after_local_cswitch,0,50,38,0,-67279,6105940 ns
after_local_cswitch,0,51,37,0,-88384,6105940 ns
after_local_cswitch,0,52,36,0,149147,6105940 ns
after_local_cswitch,0,53,35,0,-85554,6105940 ns
after_local_cswitch,0,54,34,0,-39,6105940 ns
after_local_cswitch,0,55,33,0,33714,6105940 ns
after_local_cswitch,0,56,32,0,17104,6105940 ns
after_local_cswitch,0,57,31,0,48765,6105940 ns
after_local_cswitch,0,58,30,0,40110,6105940 ns
after_local_cswitch,0,59,29,0,71711,6105940 ns
after_local_cswitch,0,60,28,0,-135844,6105940 ns
after_local_cswitch,0,61,27,0,27498,6105940 ns
after_local_cswitch,0,62,26,0,-129572,6105940 ns
after_local_cswitch,0,63,25,0,4178,6105940 ns
after_local_cswitch,0,0,57,0,84726,6105950 ns
after_local_cswitch,0,1,56,0,-2241,6105950 ns
after_local_cswitch,0,2,55,0,103129,6105950 ns
after_local_cswitch,0,3,54,0,29798,6105950 ns
after_local_cswitch,0,4,53,0,-118996,6105950 ns
after_local_cswitch,0,5,52,0,-19127,6105950 ns
after_local_cswitch,0,6,51,0,44508,6105950 ns
after_local_cswitch,0,7,50,0,111796,6105950 ns
after_local_cswitch,0,8,49,0,-105220,6105950 ns
after_local_cswitch,0,9,48,0,172788,6105950 ns
after_local_cswitch,0,10,47,0,-49412,6105950 ns
after_local_cswitch,0,11,46,0,166368,6105950 ns
after_local_cswitch,0,12,45,0,-55767,6105950 ns
after_local_cswitch,0,13,44,0,-57342,6105950 ns
after_local_cswitch,0,14,43,0,44220,6105950 ns
after_local_cswitch,0,15,42,0,-11438,6105950 ns
after_local_cswitch,0,16,41,0,-67913,6105950 ns
after_local_cswitch,0,17,40,0,81220,6105950 ns
after_local_cswitch,0,18,39,0,-91002,6105950 ns
after_local_cswitch,0,19,38,0,86043,6105950 ns
after_local_cswitch,0,20,37,0,-50822,6105950 ns
after_local_cswitch,0,21,36,0,14438,6105950 ns
after_local_cswitch,0,22,35,0,-45459,6105950 ns
after_local_cswitch,0,23,34,0,-60509,6105950 ns
after_local_cswitch,0,24,33,0,-64933,6105950 ns
after_local_cswitch,0,25,32,0,-42250,6105950 ns
after_local_cswitch,0,26,31,0,-42749,6105950 ns
after_local_cswitch,0,27,30,0,-48018,6105950 ns
after_local_cswitch,0,28,29,0,-22927,6105950 ns
after_local_cswitch,0,29,28,0,76043,6105950 ns
after_local_cswitch,0,30,27,0,46117,6105950 ns
after_local_cswitch,0,31,26,0,26781,6105950 ns
after_local_cswitch,0,32,57,0,-18070,6105950 ns
after_local_cswitch,0,33,56,0,-149820,6105950 ns
after_local_cswitch,0,34,55,0,45390,6105950 ns
after_local_cswitch,0,35,54,0,-87753,6105950 ns
after_local_cswitch,0,36,53,0,-246180,6105950 ns
after_local_cswitch,0,37,52,0,118413,6105950 ns
after_local_cswitch,0,38,51,0,127277,6105950 ns
after_local_cswitch,0,39,50,0,-40789,6105950 ns
after_local_cswitch,0,40,49,0,30779,6105950 ns
after_local_cswitch,0,41,48,0,137903,6105950 ns
after_local_cswitch,0,42,47,0,72749,6105950 ns
after_local_cswitch,0,43,46,0,46536,6105950 ns
after_local_cswitch,0,44,45,0,23183,6105950 ns
after_local_cswitch,0,45,44,0,-92157,6105950 ns
after_local_cswitch,0,46,43,0,-49974,6105950 ns
after_local_cswitch,0,47,42,0,112863,6105950 ns
after_local_cswitch,0,48,41,0,39495,6105950 ns
after_local_cswitch,0,49,40,0,-94717,6105950 ns
after_local_cswitch,0,50,39,0,-55524,6105950 ns
after_local_cswitch,0,51,38,0,-108643,6105950 ns
after_local_cswitch,0,52,37,0,37268,6105950 ns
after_local_cswitch,0,53,36,0,78741,6105950 ns
after_local_cswitch,0,54,35,0,8712,6105950 ns
after_local_cswitch,0,55,34,0,-138048,6105950 ns
after_local_cswitch,0,56,33,0,107108,6105950 ns
after_local_cswitch,0,57,32,0,45553,6105950 ns
after_local_cswitch,0,58,31,0,19915,6105950 ns
after_local_cswitch,0,59,30,0,-106880,6105950 ns
after_local_cswitch,0,60,29,0,15823,6105950 ns
after_local_cswitch,0,61,28,0,-84100,6105950 ns
after_local_cswitch,0,62,27,0,-81464,6105950 ns
after_local_cswitch,0,63,26,0,-14547,6105950 ns
after_local_cswitch,0,0,57,0,84726,6105950 ns
after_local_cswitch,0,1,56,0,-2241,6105950 ns
after_local_cswitch,0,2,55,0,103129,6105950 ns
after_local_cswitch,0,3,54,0,29798,6105950 ns
after_local_cswitch,0,4,53,0,-118996,6105950 ns
after_local_cswitch,0,5,52,0,-19127,6105950 ns
after_local_cswitch,0,6,51,0,44508,6105950 ns
after_local_cswitch,0,7,50,0,111796,6105950 ns
after_local_cswitch,0,8,49,0,-105220,6105950 ns
after_local_cswitch,0,9,48,0,172788,6105950 ns
after_local_cswitch,0,10,47,0,-49412,6105950 ns
after_local_cswitch,0,11,46,0,166368,6105950 ns
after_local_cswitch,0,12,45,0,-55767,6105950 ns
after_local_cswitch,0,13,44,0,-57342,6105950 ns
after_local_cswitch,0,14,43,0,44220,6105950 ns
after_local_cswitch,0,15,42,0,-11438,6105950 ns
after_local_cswitch,0,16,41,0,-67913,6105950 ns
after_local_cswitch,0,17,40,0,81220,6105950 ns
after_local_cswitch,0,18,39,0,-91002,6105950 ns
after_local_cswitch,0,19,38,0,86043,6105950 ns
after_local_cswitch,0,20,37,0,-50822,6105950 ns
after_local_cswitch,0,21,36,0,14438,6105950 ns
after_local_cswitch,0,22,35,0,-45459,6105950 ns
after_local_cswitch,0,23,34,0,-60509,6105950 ns
after_local_cswitch,0,24,33,0,-64933,6105950 ns
after_local_cswitch,0,25,32,0,-42250,6105950 ns
after_local_cswitch,0,26,31,0,-42749,6105950 ns
after_local_cswitch,0,27,30,0,-48018,6105950 ns
after_local_cswitch,0,28,29,0,-22927,6105950 ns
after_local_cswitch,0,29,28,0,76043,6105950 ns
after_local_cswitch,0,30,27,0,46117,6105950 ns
after_local_cswitch,0,31,26,0,26781,6105950 ns
after_local_cswitch,0,32,57,0,-18070,6105950 ns
after_local_cswitch,0,33,56,0,-149820,6105950 ns
after_local_cswitch,0,34,55,0,45390,6105950 ns
after_local_cswitch,0,35,54,0,-87753,6105950 ns
after_local_cswitch,0,36,53,0,-246180,6105950 ns
after_local_cswitch,0,37,52,0,118413,6105950 ns
after_local_cswitch,0,38,51,0,127277,6105950 ns
after_local_cswitch,0,39,50,0,-40789,6105950 ns
after_local_cswitch,0,40,49,0,30779,6105950 ns
after_local_cswitch,0,41,48,0,137903,6105950 ns
after_local_cswitch,0,42,47,0,72749,6105950 ns
after_local_cswitch,0,43,46,0,46536,6105950 ns
after_local_cswitch,0,44,45,0,23183,6105950 ns
after_local_cswitch,0,45,44,0,-92157,6105950 ns
after_local_cswitch,0,46,43,0,-49974,6105950 ns
after_local_cswitch,0,47,42,0,112863,6105950 ns
after_local_cswitch,0,48,41,0,39495,6105950 ns
after_local_cswitch,0,49,40,0,-94717,6105950 ns
after_local_cswitch,0,50,39,0,-55524,6105950 ns
after_local_cswitch,0,51,38,0,-108643,6105950 ns
after_local_cswitch,0,52,37,0,37268,6105950 ns
after_local_cswitch,0,53,36,0,78741,6105950 ns
after_local_cswitch,0,54,35,0,8712,6105950 ns
after_local_cswitch,0,55,34,0,-138048,6105950 ns
after_local_cswitch,0,56,33,0,107108,6105950 ns
after_local_cswitch,0,57,32,0,45553,6105950 ns
after_local_cswitch,0,58,31,0,19915,6105950 ns
after_local_cswitch,0,59,30,0,-106880,6105950 ns
after_local_cswitch,0,60,29,0,15823,6105950 ns
after_local_cswitch,0,61,28,0,-84100,6105950 ns
after_local_cswitch,0,62,27,0,-81464,6105950 ns
after_local_cswitch,0,63,26,0,-14547,6105950 ns
after_local_cswitch,0,0,57,0,84726,6105950 ns
after_local_cswitch,0,1,56,0,-2241,6105950 ns
after_local_cswitch,0,2,55,0,103129,6105950 ns
after_local_cswitch,0,3,54,0,29798,6105950 ns
after_local_cswitch,0,4,53,0,-118996,6105950 ns
after_local_cswitch,0,5,52,0,-19127,6105950 ns
after_local_cswitch,0,6,51,0,44508,6105950 ns
after_local_cswitch,0,7,50,0,111796,6105950 ns
after_local_cswitch,0,8,49,0,-105220,6105950 ns
after_local_cswitch,0,9,48,0,172788,6105950 ns
after_local_cswitch,0,10,47,0,-49412,6105950 ns
after_local_cswitch,0,11,46,0,166368,6105950 ns
after_local_cswitch,0,12,45,0,-55767,6105950 ns
after_local_cswitch,0,13,44,0,-57342,6105950 ns
after_local_cswitch,0,14,43,0,44220,6105950 ns
after_local_cswitch,0,15,42,0,-11438,6105950 ns
after_local_cswitch,0,16,41,0,-67913,6105950 ns
after_local_cswitch,0,17,40,0,81220,6105950 ns
after_local_cswitch,0,18,39,0,-91002,6105950 ns
after_local_cswitch,0,19,38,0,86043,6105950 ns
after_local_cswitch,0,20,37,0,-50822,6105950 ns
after_local_cswitch,0,21,36,0,14438,6105950 ns
after_local_cswitch,0,22,35,0,-45459,6105950 ns
after_local_cswitch,0,23,34,0,-60509,6105950 ns
after_local_cswitch,0,24,33,0,-64933,6105950 ns
after_local_cswitch,0,25,32,0,-42250,6105950 ns
after_local_cswitch,0,26,31,0,-42749,6105950 ns
after_local_cswitch,0,27,30,0,-48018,6105950 ns
after_local_cswitch,0,28,29,0,-22927,6105950 ns
after_local_cswitch,0,29,28,0,76043,6105950 ns
after_local_cswitch,0,30,27,0,46117,6105950 ns
after_local_cswitch,0,31,26,0,26781,6105950 ns
after_local_cswitch,0,32,57,0,-18070,6105950 ns
after_local_cswitch,0,33,56,0,-149820,6105950 ns
after_local_cswitch,0,34,55,0,45390,6105950 ns
after_local_cswitch,0,35,54,0,-87753,6105950 ns
after_local_cswitch,0,36,53,0,-246180,6105950 ns
after_local_cswitch,0,37,52,0,118413,6105950 ns
after_local_cswitch,0,38,51,0,127277,6105950 ns
after_local_cswitch,0,39,50,0,-40789,6105950 ns
after_local_cswitch,0,40,49,0,30779,6105950 ns
after_local_cswitch,0,41,48,0,137903,6105950 ns
after_local_cswitch,0,42,47,0,72749,6105950 ns
after_local_cswitch,0,43,46,0,46536,6105950 ns
after_local_cswitch,0,44,45,0,23183,6105950 ns
after_local_cswitch,0,45,44,0,-92157,6105950 ns
after_local_cswitch,0,46,43,0,-49974,6105950 ns
after_local_cswitch,0,47,42,0,112863,6105950 ns
after_local_cswitch,0,48,41,0,39495,6105950 ns
after_local_cswitch,0,49,40,0,-94717,6105950 ns
after_local_cswitch,0,50,39,0,-55524,6105950 ns
after_local_cswitch,0,51,38,0,-108643,6105950 ns
after_local_cswitch,0,52,37,0,37268,6105950 ns
after_local_cswitch,0,53,36,0,78741,6105950 ns
after_local_cswitch,0,54,35,0,8712,6105950 ns
after_local_cswitch,0,55,34,0,-138048,6105950 ns
after_local_cswitch,0,56,33,0,107108,6105950 ns
after_local_cswitch,0,57,32,0,45553,6105950 ns
after_local_cswitch,0,58,31,0,19915,6105950 ns
after_local_cswitch,0,59,30,0,-106880,6105950 ns
after_local_cswitch,0,60,29,0,15823,6105950 ns
after_local_cswitch,0,61,28,0,-84100,6105950 ns
after_local_cswitch,0,62,27,0,-81464,6105950 ns
after_local_cswitch,0,63,26,0,-14547,6105950 ns
after_local_cswitch,0,0,58,0,139425,6105960 ns
after_local_cswitch,0,1,57,0,-160688,6105960 ns
after_local_cswitch,0,2,56,0,79884,6105960 ns
after_local_cswitch,0,3,55,0,152948,6105960 ns
after_local_cswitch,0,4,54,0,-98714,6105960 ns
after_local_cswitch,0,5,53,0,41979,6105960 ns
after_local_cswitch,0,6,52,0,104296,6105960 ns
after_local_cswitch,0,7,51,0,-35731,6105960 ns
after_local_cswitch,0,8,50,0,-26699,6105960 ns
after_local_cswitch,0,9,49,0,-64089,6105960 ns
after_local_cswitch,0,10,48,0,72233,6105960 ns
after_local_cswitch,0,11,47,0,58553,6105960 ns
after_local_cswitch,0,12,46,0,113897,6105960 ns
after_local_cswitch,0,13,45,0,-31398,6105960 ns
after_local_cswitch,0,14,44,0,-25846,6105960 ns
after_local_cswitch,0,15,43,0,71543,6105960 ns
after_local_cswitch,0,16,42,0,-50897,6105960 ns
after_local_cswitch,0,17,41,0,-23850,6105960 ns
after_local_cswitch,0,18,40,0,124655,6105960 ns
after_local_cswitch,0,19,39,0,182805,6105960 ns
after_local_cswitch,0,20,38,0,-22780,6105960 ns
after_local_cswitch,0,21,37,0,91376,6105960 ns
after_local_cswitch,0,22,36,0,11311,6105960 ns
after_local_cswitch,0,23,35,0,-24127,6105960 ns
after_local_cswitch,0,24,34,0,-72411,6105960 ns
after_local_cswitch,0,25,33,0,52656,6105960 ns
after_local_cswitch,0,26,32,0,-57347,6105960 ns
after_local_cswitch,0,27,31,0,114178,6105960 ns
after_local_cswitch,0,28,30,0,-5883,6105960 ns
after_local_cswitch,0,29,29,0,-167256,6105960 ns
after_local_cswitch,0,30,28,0,-13023,6105960 ns
after_local_cswitch,0,31,27,0,-35303,6105960 ns
after_local_cswitch,0,32,58,0,118771,6105960 ns
after_local_cswitch,0,33,57,0,48011,6105960 ns
after_local_cswitch,0,34,56,0,229243,6105960 ns
after_local_cswitch,0,35,55,0,212734,6105960 ns
after_local_cswitch,0,36,54,0,-161524,6105960 ns
after_local_cswitch,0,37,53,0,-54192,6105960 ns
after_local_cswitch,0,38,52,0,-41839,6105960 ns
after_local_cswitch,0,39,51,0,81261,6105960 ns
after_local_cswitch,0,40,50,0,11225,6105960 ns
after_local_cswitch,0,41,49,0,85850,6105960 ns
after_local_cswitch,0,42,48,0,18470,6105960 ns
after_local_cswitch,0,43,47,0,85303,6105960 ns
after_local_cswitch,0,44,46,0,-93495,6105960 ns
after_local_cswitch,0,45,45,0,-22878,6105960 ns
after_local_cswitch,0,46,44,0,106798,6105960 ns
after_local_cswitch,0,47,43,0,-54330,6105960 ns
after_local_cswitch,0,48,42,0,37890,6105960 ns
after_local_cswitch,0,49,41,0,142654,6105960 ns
after_local_cswitch,0,50,40,0,3854,6105960 ns
after_local_cswitch,0,51,39,0,-102317,6105960 ns
after_local_cswitch,0,52,38,0,85948,6105960 ns
after_local_cswitch,0,53,37,0,-94097,6105960 ns
after_local_cswitch,0,54,36,0,-92362,6105960 ns
after_local_cswitch,0,55,35,0,102022,6105960 ns
after_local_cswitch,0,56,34,0,90413,6105960 ns
after_local_cswitch,0,57,33,0,6273,6105960 ns
after_local_cswitch,0,58,32,0,11141,6105960 ns
after_local_cswitch,0,59,31,0,108754,6105960 ns
after_local_cswitch,0,60,30,0,-135306,6105960 ns
after_local_cswitch,0,61,29,0,-33719,6105960 ns
after_local_cswitch,0,62,28,0,9784,6105960 ns
after_local_cswitch,0,63,27,0,94589,6105960 ns
after_local_cswitch,0,0,58,0,139425,6105960 ns
after_local_cswitch,0,1,57,0,-160688,6105960 ns
after_local_cswitch,0,2,56,0,79884,6105960 ns
after_local_cswitch,0,3,55,0,152948,6105960 ns
after_local_cswitch,0,4,54,0,-98714,6105960 ns
after_local_cswitch,0,5,53,0,41979,6105960 ns
after_local_cswitch,0,6,52,0,104296,6105960 ns
after_local_cswitch,0,7,51,0,-35731,6105960 ns
after_local_cswitch,0,8,50,0,-26699,6105960 ns
after_local_cswitch,0,9,49,0,-64089,6105960 ns
after_local_cswitch,0,10,48,0,72233,6105960 ns
after_local_cswitch,0,11,47,0,58553,6105960 ns
after_local_cswitch,0,12,46,0,113897,6105960 ns
after_local_cswitch,0,13,45,0,-31398,6105960 ns
after_local_cswitch,0,14,44,0,-25846,6105960 ns
after_local_cswitch,0,15,43,0,71543,6105960 ns
after_local_cswitch,0,16,42,0,-50897,6105960 ns
after_local_cswitch,0,17,41,0,-23850,6105960 ns
after_local_cswitch,0,18,40,0,124655,6105960 ns
after_local_cswitch,0,19,39,0,182805,6105960 ns
after_local_cswitch,0,20,38,0,-22780,6105960 ns
after_local_cswitch,0,21,37,0,91376,6105960 ns
after_local_cswitch,0,22,36,0,11311,6105960 ns
after_local_cswitch,0,23,35,0,-24127,6105960 ns
after_local_cswitch,0,24,34,0,-72411,6105960 ns
after_local_cswitch,0,25,33,0,52656,6105960 ns
after_local_cswitch,0,26,32,0,-57347,6105960 ns
after_local_cswitch,0,27,31,0,114178,6105960 ns
after_local_cswitch,0,28,30,0,-5883,6105960 ns
after_local_cswitch,0,29,29,0,-167256,6105960 ns
after_local_cswitch,0,30,28,0,-13023,6105960 ns
after_local_cswitch,0,31,27,0,-35303,6105960 ns
after_local_cswitch,0,32,58,0,118771,6105960 ns
after_local_cswitch,0,33,57,0,48011,6105960 ns
after_local_cswitch,0,34,56,0,229243,6105960 ns
after_local_cswitch,0,35,55,0,212734,6105960 ns
after_local_cswitch,0,36,54,0,-161524,6105960 ns
after_local_cswitch,0,37,53,0,-54192,6105960 ns
after_local_cswitch,0,38,52,0,-41839,6105960 ns
after_local_cswitch,0,39,51,0,81261,6105960 ns
after_local_cswitch,0,40,50,0,11225,6105960 ns
after_local_cswitch,0,41,49,0,85850,6105960 ns
after_local_cswitch,0,42,48,0,18470,6105960 ns
after_local_cswitch,0,43,47,0,85303,6105960 ns
after_local_cswitch,0,44,46,0,-93495,6105960 ns
after_local_cswitch,0,45,45,0,-22878,6105960 ns
after_local_cswitch,0,46,44,0,106798,6105960 ns
after_local_cswitch,0,47,43,0,-54330,6105960 ns
after_local_cswitch,0,48,42,0,37890,6105960 ns
after_local_cswitch,0,49,41,0,142654,6105960 ns
after_local_cswitch,0,50,40,0,3854,6105960 ns
after_local_cswitch,0,51,39,0,-102317,6105960 ns
after_local_cswitch,0,52,38,0,85948,6105960 ns
after_local_cswitch,0,53,37,0,-94097,6105960 ns
after_local_cswitch,0,54,36,0,-92362,6105960 ns
after_local_cswitch,0,55,35,0,102022,6105960 ns
after_local_cswitch,0,56,34,0,90413,6105960 ns
after_local_cswitch,0,57,33,0,6273,6105960 ns
after_local_cswitch,0,58,32,0,11141,6105960 ns
after_local_cswitch,0,59,31,0,108754,6105960 ns
after_local_cswitch,0,60,30,0,-135306,6105960 ns
after_local_cswitch,0,61,29,0,-33719,6105960 ns
after_local_cswitch,0,62,28,0,9784,6105960 ns
after_local_cswitch,0,63,27,0,94589,6105960 ns
after_local_cswitch,0,0,58,0,139425,6105960 ns
after_local_cswitch,0,1,57,0,-160688,6105960 ns
after_local_cswitch,0,2,56,0,79884,6105960 ns
after_local_cswitch,0,3,55,0,152948,6105960 ns
after_local_cswitch,0,4,54,0,-98714,6105960 ns
after_local_cswitch,0,5,53,0,41979,6105960 ns
after_local_cswitch,0,6,52,0,104296,6105960 ns
after_local_cswitch,0,7,51,0,-35731,6105960 ns
after_local_cswitch,0,8,50,0,-26699,6105960 ns
after_local_cswitch,0,9,49,0,-64089,6105960 ns
after_local_cswitch,0,10,48,0,72233,6105960 ns
after_local_cswitch,0,11,47,0,58553,6105960 ns
after_local_cswitch,0,12,46,0,113897,6105960 ns
after_local_cswitch,0,13,45,0,-31398,6105960 ns
after_local_cswitch,0,14,44,0,-25846,6105960 ns
after_local_cswitch,0,15,43,0,71543,6105960 ns
after_local_cswitch,0,16,42,0,-50897,6105960 ns
after_local_cswitch,0,17,41,0,-23850,6105960 ns
after_local_cswitch,0,18,40,0,124655,6105960 ns
after_local_cswitch,0,19,39,0,182805,6105960 ns
after_local_cswitch,0,20,38,0,-22780,6105960 ns
after_local_cswitch,0,21,37,0,91376,6105960 ns
after_local_cswitch,0,22,36,0,11311,6105960 ns
after_local_cswitch,0,23,35,0,-24127,6105960 ns
after_local_cswitch,0,24,34,0,-72411,6105960 ns
after_local_cswitch,0,25,33,0,52656,6105960 ns
after_local_cswitch,0,26,32,0,-57347,6105960 ns
after_local_cswitch,0,27,31,0,114178,6105960 ns
after_local_cswitch,0,28,30,0,-5883,6105960 ns
after_local_cswitch,0,29,29,0,-167256,6105960 ns
after_local_cswitch,0,30,28,0,-13023,6105960 ns
after_local_cswitch,0,31,27,0,-35303,6105960 ns
after_local_cswitch,0,32,58,0,118771,6105960 ns
after_local_cswitch,0,33,57,0,48011,6105960 ns
after_local_cswitch,0,34,56,0,229243,6105960 ns
after_local_cswitch,0,35,55,0,212734,6105960 ns
after_local_cswitch,0,36,54,0,-161524,6105960 ns
after_local_cswitch,0,37,53,0,-54192,6105960 ns
after_local_cswitch,0,38,52,0,-41839,6105960 ns
after_local_cswitch,0,39,51,0,81261,6105960 ns
after_local_cswitch,0,40,50,0,11225,6105960 ns
after_local_cswitch,0,41,49,0,85850,6105960 ns
after_local_cswitch,0,42,48,0,18470,6105960 ns
after_local_cswitch,0,43,47,0,85303,6105960 ns
after_local_cswitch,0,44,46,0,-93495,6105960 ns
after_local_cswitch,0,45,45,0,-22878,6105960 ns
after_local_cswitch,0,46,44,0,106798,6105960 ns
after_local_cswitch,0,47,43,0,-54330,6105960 ns
after_local_cswitch,0,48,42,0,37890,6105960 ns
after_local_cswitch,0,49,41,0,142654,6105960 ns
after_local_cswitch,0,50,40,0,3854,6105960 ns
after_local_cswitch,0,51,39,0,-102317,6105960 ns
after_local_cswitch,0,52,38,0,85948,6105960 ns
after_local_cswitch,0,53,37,0,-94097,6105960 ns
after_local_cswitch,0,54,36,0,-92362,6105960 ns
after_local_cswitch,0,55,35,0,102022,6105960 ns
after_local_cswitch,0,56,34,0,90413,6105960 ns
after_local_cswitch,0,57,33,0,6273,6105960 ns
after_local_cswitch,0,58,32,0,11141,6105960 ns
after_local_cswitch,0,59,31,0,108754,6105960 ns
after_local_cswitch,0,60,30,0,-135306,6105960 ns
after_local_cswitch,0,61,29,0,-33719,6105960 ns
after_local_cswitch,0,62,28,0,9784,6105960 ns
after_local_cswitch,0,63,27,0,94589,6105960 ns
after_local_cswitch,0,0,59,0,-160474,6105970 ns
after_local_cswitch,0,1,58,0,-140203,6105970 ns
after_local_cswitch,0,2,57,0,-13931,6105970 ns
after_local_cswitch,0,3,56,0,-26093,6105970 ns
after_local_cswitch,0,4,55,0,2098,6105970 ns
after_local_cswitch,0,5,54,0,15759,6105970 ns
after_local_cswitch,0,6,53,0,96387,6105970 ns
after_local_cswitch,0,7,52,0,-65471,6105970 ns
after_local_cswitch,0,8,51,0,-151018,6105970 ns
after_local_cswitch,0,9,50,0,-128865,6105970 ns
after_local_cswitch,0,10,49,0,37900,6105970 ns
after_local_cswitch,0,11,48,0,30094,6105970 ns
after_local_cswitch,0,12,47,0,-100368,6105970 ns
after_local_cswitch,0,13,46,0,14778,6105970 ns
after_local_cswitch,0,14,45,0,43568,6105970 ns
after_local_cswitch,0,15,44,0,135935,6105970 ns
after_local_cswitch,0,16,43,0,85689,6105970 ns
after_local_cswitch,0,17,42,0,92162,6105970 ns
after_local_cswitch,0,18,41,0,-50472,6105970 ns
after_local_cswitch,0,19,40,0,68221,6105970 ns
after_local_cswitch,0,20,39,0,60687,6105970 ns
after_local_cswitch,0,21,38,0,64483,6105970 ns
after_local_cswitch,0,22,37,0,-96701,6105970 ns
after_local_cswitch,0,23,36,0,80530,6105970 ns
after_local_cswitch,0,24,35,0,32212,6105970 ns
after_local_cswitch,0,25,34,0,-197513,6105970 ns
after_local_cswitch,0,26,33,0,-50860,6105970 ns
after_local_cswitch,0,27,32,0,122013,6105970 ns
after_local_cswitch,0,28,31,0,81448,6105970 ns
after_local_cswitch,0,29,30,0,27103,6105970 ns
after_local_cswitch,0,30,29,0,-95,6105970 ns
after_local_cswitch,0,31,28,0,-69922,6105970 ns
after_local_cswitch,0,32,59,0,29883,6105970 ns
after_local_cswitch,0,33,58,0,97595,6105970 ns
after_local_cswitch,0,34,57,0,77124,6105970 ns
after_local_cswitch,0,35,56,0,-40159,6105970 ns
after_local_cswitch,0,36,55,0,65923,6105970 ns
after_local_cswitch,0,37,54,0,-177936,6105970 ns
after_local_cswitch,0,38,53,0,-14828,6105970 ns
after_local_cswitch,0,39,52,0,37203,6105970 ns
after_local_cswitch,0,40,51,0,-74895,6105970 ns
after_local_cswitch,0,41,50,0,73837,6105970 ns
after_local_cswitch,0,42,49,0,-86321,6105970 ns
after_local_cswitch,0,43,48,0,114175,6105970 ns
after_local_cswitch,0,44,47,0,50984,6105970 ns
after_local_cswitch,0,45,46,0,36633,6105970 ns
after_local_cswitch,0,46,45,0,46876,6105970 ns
after_local_cswitch,0,47,44,0,115264,6105970 ns
after_local_cswitch,0,48,43,0,110814,6105970 ns
after_local_cswitch,0,49,42,0,-66703,6105970 ns
after_local_cswitch,0,50,41,0,169238,6105970 ns
after_local_cswitch,0,51,40,0,-35433,6105970 ns
after_local_cswitch,0,52,39,0,-79398,6105970 ns
after_local_cswitch,0,53,38,0,-21517,6105970 ns
after_local_cswitch,0,54,37,0,90371,6105970 ns
after_local_cswitch,0,55,36,0,79896,6105970 ns
after_local_cswitch,0,56,35,0,42848,6105970 ns
after_local_cswitch,0,57,34,0,-14251,6105970 ns
after_local_cswitch,0,58,33,0,51909,6105970 ns
after_local_cswitch,0,59,32,0,28869,6105970 ns
after_local_cswitch,0,60,31,0,-28081,6105970 ns
after_local_cswitch,0,61,30,0,94394,6105970 ns
after_local_cswitch,0,62,29,0,-27946,6105970 ns
after_local_cswitch,0,63,28,0,7795,6105970 ns
after_local_cswitch,0,0,59,0,-160474,6105970 ns
after_local_cswitch,0,1,58,0,-140203,6105970 ns
after_local_cswitch,0,2,57,0,-13931,6105970 ns
after_local_cswitch,0,3,56,0,-26093,6105970 ns
after_local_cswitch,0,4,55,0,2098,6105970 ns
after_local_cswitch,0,5,54,0,15759,6105970 ns
after_local_cswitch,0,6,53,0,96387,6105970 ns
after_local_cswitch,0,7,52,0,-65471,6105970 ns
after_local_cswitch,0,8,51,0,-151018,6105970 ns
after_local_cswitch,0,9,50,0,-128865,6105970 ns
after_local_cswitch,0,10,49,0,37900,6105970 ns
after_local_cswitch,0,11,48,0,30094,6105970 ns
after_local_cswitch,0,12,47,0,-100368,6105970 ns
after_local_cswitch,0,13,46,0,14778,6105970 ns
after_local_cswitch,0,14,45,0,43568,6105970 ns
after_local_cswitch,0,15,44,0,135935,6105970 ns
after_local_cswitch,0,16,43,0,85689,6105970 ns
after_local_cswitch,0,17,42,0,92162,6105970 ns
after_local_cswitch,0,18,41,0,-50472,6105970 ns
after_local_cswitch,0,19,40,0,68221,6105970 ns
after_local_cswitch,0,20,39,0,60687,6105970 ns
after_local_cswitch,0,21,38,0,64483,6105970 ns
after_local_cswitch,0,22,37,0,-96701,6105970 ns
after_local_cswitch,0,23,36,0,80530,6105970 ns
after_local_cswitch,0,24,35,0,32212,6105970 ns
after_local_cswitch,0,25,34,0,-197513,6105970 ns
after_local_cswitch,0,26,33,0,-50860,6105970 ns
after_local_cswitch,0,27,32,0,122013,6105970 ns
after_local_cswitch,0,28,31,0,81448,6105970 ns
after_local_cswitch,0,29,30,0,27103,6105970 ns
after_local_cswitch,0,30,29,0,-95,6105970 ns
after_local_cswitch,0,31,28,0,-69922,6105970 ns
after_local_cswitch,0,32,59,0,29883,6105970 ns
after_local_cswitch,0,33,58,0,97595,6105970 ns
after_local_cswitch,0,34,57,0,77124,6105970 ns
after_local_cswitch,0,35,56,0,-40159,6105970 ns
after_local_cswitch,0,36,55,0,65923,6105970 ns
after_local_cswitch,0,37,54,0,-177936,6105970 ns
after_local_cswitch,0,38,53,0,-14828,6105970 ns
after_local_cswitch,0,39,52,0,37203,6105970 ns
after_local_cswitch,0,40,51,0,-74895,6105970 ns
after_local_cswitch,0,41,50,0,73837,6105970 ns
after_local_cswitch,0,42,49,0,-86321,6105970 ns
after_local_cswitch,0,43,48,0,114175,6105970 ns
after_local_cswitch,0,44,47,0,50984,6105970 ns
after_local_cswitch,0,45,46,0,36633,6105970 ns
after_local_cswitch,0,46,45,0,46876,6105970 ns
after_local_cswitch,0,47,44,0,115264,6105970 ns
after_local_cswitch,0,48,43,0,110814,6105970 ns
after_local_cswitch,0,49,42,0,-66703,6105970 ns
after_local_cswitch,0,50,41,0,169238,6105970 ns
after_local_cswitch,0,51,40,0,-35433,6105970 ns
after_local_cswitch,0,52,39,0,-79398,6105970 ns
after_local_cswitch,0,53,38,0,-21517,6105970 ns
after_local_cswitch,0,54,37,0,90371,6105970 ns
after_local_cswitch,0,55,36,0,79896,6105970 ns
after_local_cswitch,0,56,35,0,42848,6105970 ns
after_local_cswitch,0,57,34,0,-14251,6105970 ns
after_local_cswitch,0,58,33,0,51909,6105970 ns
after_local_cswitch,0,59,32,0,28869,6105970 ns
after_local_cswitch,0,60,31,0,-28081,6105970 ns
after_local_cswitch,0,61,30,0,94394,6105970 ns
after_local_cswitch,0,62,29,0,-27946,6105970 ns
after_local_cswitch,0,63,28,0,7795,6105970 ns
after_local_cswitch,0,0,59,0,-160474,6105970 ns
after_local_cswitch,0,1,58,0,-140203,6105970 ns
after_local_cswitch,0,2,57,0,-13931,6105970 ns
after_local_cswitch,0,3,56,0,-26093,6105970 ns
after_local_cswitch,0,4,55,0,2098,6105970 ns
after_local_cswitch,0,5,54,0,15759,6105970 ns
after_local_cswitch,0,6,53,0,96387,6105970 ns
after_local_cswitch,0,7,52,0,-65471,6105970 ns
after_local_cswitch,0,8,51,0,-151018,6105970 ns
after_local_cswitch,0,9,50,0,-128865,6105970 ns
after_local_cswitch,0,10,49,0,37900,6105970 ns
after_local_cswitch,0,11,48,0,30094,6105970 ns
after_local_cswitch,0,12,47,0,-100368,6105970 ns
after_local_cswitch,0,13,46,0,14778,6105970 ns
after_local_cswitch,0,14,45,0,43568,6105970 ns
after_local_cswitch,0,15,44,0,135935,6105970 ns
after_local_cswitch,0,16,43,0,85689,6105970 ns
after_local_cswitch,0,17,42,0,92162,6105970 ns
after_local_cswitch,0,18,41,0,-50472,6105970 ns
after_local_cswitch,0,19,40,0,68221,6105970 ns
after_local_cswitch,0,20,39,0,60687,6105970 ns
after_local_cswitch,0,21,38,0,64483,6105970 ns
after_local_cswitch,0,22,37,0,-96701,6105970 ns
after_local_cswitch,0,23,36,0,80530,6105970 ns
after_local_cswitch,0,24,35,0,32212,6105970 ns
after_local_cswitch,0,25,34,0,-197513,6105970 ns
after_local_cswitch,0,26,33,0,-50860,6105970 ns
after_local_cswitch,0,27,32,0,122013,6105970 ns
after_local_cswitch,0,28,31,0,81448,6105970 ns
after_local_cswitch,0,29,30,0,27103,6105970 ns
after_local_cswitch,0,30,29,0,-95,6105970 ns
after_local_cswitch,0,31,28,0,-69922,6105970 ns
after_local_cswitch,0,32,59,0,29883,6105970 ns
after_local_cswitch,0,33,58,0,97595,6105970 ns
after_local_cswitch,0,34,57,0,77124,6105970 ns
after_local_cswitch,0,35,56,0,-40159,6105970 ns
after_local_cswitch,0,36,55,0,65923,6105970 ns
after_local_cswitch,0,37,54,0,-177936,6105970 ns
after_local_cswitch,0,38,53,0,-14828,6105970 ns
after_local_cswitch,0,39,52,0,37203,6105970 ns
after_local_cswitch,0,40,51,0,-74895,6105970 ns
after_local_cswitch,0,41,50,0,73837,6105970 ns
after_local_cswitch,0,42,49,0,-86321,6105970 ns
after_local_cswitch,0,43,48,0,114175,6105970 ns
after_local_cswitch,0,44,47,0,50984,6105970 ns
after_local_cswitch,0,45,46,0,36633,6105970 ns
after_local_cswitch,0,46,45,0,46876,6105970 ns
after_local_cswitch,0,47,44,0,115264,6105970 ns
after_local_cswitch,0,48,43,0,110814,6105970 ns
after_local_cswitch,0,49,42,0,-66703,6105970 ns
after_local_cswitch,0,50,41,0,169238,6105970 ns
after_local_cswitch,0,51,40,0,-35433,6105970 ns
after_local_cswitch,0,52,39,0,-79398,6105970 ns
after_local_cswitch,0,53,38,0,-21517,6105970 ns
after_local_cswitch,0,54,37,0,90371,6105970 ns
after_local_cswitch,0,55,36,0,79896,6105970 ns
after_local_cswitch,0,56,35,0,42848,6105970 ns
after_local_cswitch,0,57,34,0,-14251,6105970 ns
after_local_cswitch,0,58,33,0,51909,6105970 ns
after_local_cswitch,0,59,32,0,28869,6105970 ns
after_local_cswitch,0,60,31,0,-28081,6105970 ns
after_local_cswitch,0,61,30,0,94394,6105970 ns
after_local_cswitch,0,62,29,0,-27946,6105970 ns
after_local_cswitch,0,63,28,0,7795,6105970 ns
after_local_cswitch,0,0,60,0,28663,6105980 ns
after_local_cswitch,0,1,59,0,-41807,6105980 ns
after_local_cswitch,0,2,58,0,76809,6105980 ns
after_local_cswitch,0,3,57,0,-48602,6105980 ns
after_local_cswitch,0,4,56,0,169385,6105980 ns
after_local_cswitch,0,5,55,0,92325,6105980 ns
after_local_cswitch,0,6,54,0,65961,6105980 ns
after_local_cswitch,0,7,53,0,-96553,6105980 ns
after_local_cswitch,0,8,52,0,-6512,6105980 ns
after_local_cswitch,0,9,51,0,33034,6105980 ns
after_local_cswitch,0,10,50,0,137270,6105980 ns
after_local_cswitch,0,11,49,0,-28291,6105980 ns
after_local_cswitch,0,12,48,0,-38831,6105980 ns
after_local_cswitch,0,13,47,0,72549,6105980 ns
after_local_cswitch,0,14,46,0,20211,6105980 ns
after_local_cswitch,0,15,45,0,18732,6105980 ns
after_local_cswitch,0,16,44,0,-40949,6105980 ns
after_local_cswitch,0,17,43,0,169732,6105980 ns
after_local_cswitch,0,18,42,0,-10646,6105980 ns
after_local_cswitch,0,19,41,0,49545,6105980 ns
after_local_cswitch,0,20,40,0,93177,6105980 ns
after_local_cswitch,0,21,39,0,-63100,6105980 ns
after_local_cswitch,0,22,38,0,202482,6105980 ns
after_local_cswitch,0,23,37,0,-58913,6105980 ns
after_local_cswitch,0,24,36,0,61083,6105980 ns
after_local_cswitch,0,25,35,0,-16150,6105980 ns
after_local_cswitch,0,26,34,0,52560,6105980 ns
after_local_cswitch,0,27,33,0,74673,6105980 ns
after_local_cswitch,0,28,32,0,87978,6105980 ns
after_local_cswitch,0,29,31,0,131551,6105980 ns
after_local_cswitch,0,30,30,0,-113962,6105980 ns
after_local_cswitch,0,31,29,0,42933,6105980 ns
after_local_cswitch,0,32,60,0,-35173,6105980 ns
after_local_cswitch,0,33,59,0,102758,6105980 ns
after_local_cswitch,0,34,58,0,114084,6105980 ns
after_local_cswitch,0,35,57,0,69275,6105980 ns
after_local_cswitch,0,36,56,0,-78622,6105980 ns
after_local_cswitch,0,37,55,0,8719,6105980 ns
after_local_cswitch,0,38,54,0,-42693,6105980 ns
after_local_cswitch,0,39,53,0,54903,6105980 ns
after_local_cswitch,0,40,52,0,33937,6105980 ns
after_local_cswitch,0,41,51,0,106967,6105980 ns
after_local_cswitch,0,42,50,0,-70456,6105980 ns
after_local_cswitch,0,43,49,0,88345,6105980 ns
after_local_cswitch,0,44,48,0,-64526,6105980 ns
after_local_cswitch,0,45,47,0,108887,6105980 ns
after_local_cswitch,0,46,46,0,57427,6105980 ns
after_local_cswitch,0,47,45,0,73852,6105980 ns
after_local_cswitch,0,48,44,0,-118157,6105980 ns
after_local_cswitch,0,49,43,0,42628,6105980 ns
after_local_cswitch,0,50,42,0,81803,6105980 ns
after_local_cswitch,0,51,41,0,-68640,6105980 ns
after_local_cswitch,0,52,40,0,61936,6105980 ns
after_local_cswitch,0,53,39,0,-42918,6105980 ns
after_local_cswitch,0,54,38,0,46202,6105980 ns
after_local_cswitch,0,55,37,0,-25689,6105980 ns
after_local_cswitch,0,56,36,0,119693,6105980 ns
after_local_cswitch,0,57,35,0,-122338,6105980 ns
after_local_cswitch,0,58,34,0,-25135,6105980 ns
after_local_cswitch,0,59,33,0,-21148,6105980 ns
after_local_cswitch,0,60,32,0,20672,6105980 ns
after_local_cswitch,0,61,31,0,-22242,6105980 ns
after_local_cswitch,0,62,30,0,-24635,6105980 ns
after_local_cswitch,0,63,29,0,-57584,6105980 ns
after_local_cswitch,0,0,60,0,28663,6105980 ns
after_local_cswitch,0,1,59,0,-41807,6105980 ns
after_local_cswitch,0,2,58,0,76809,6105980 ns
after_local_cswitch,0,3,57,0,-48602,6105980 ns
after_local_cswitch,0,4,56,0,169385,6105980 ns
after_local_cswitch,0,5,55,0,92325,6105980 ns
after_local_cswitch,0,6,54,0,65961,6105980 ns
after_local_cswitch,0,7,53,0,-96553,6105980 ns
after_local_cswitch,0,8,52,0,-6512,6105980 ns
after_local_cswitch,0,9,51,0,33034,6105980 ns
after_local_cswitch,0,10,50,0,137270,6105980 ns
after_local_cswitch,0,11,49,0,-28291,6105980 ns
after_local_cswitch,0,12,48,0,-38831,6105980 ns
after_local_cswitch,0,13,47,0,72549,6105980 ns
after_local_cswitch,0,14,46,0,20211,6105980 ns
after_local_cswitch,0,15,45,0,18732,6105980 ns
after_local_cswitch,0,16,44,0,-40949,6105980 ns
after_local_cswitch,0,17,43,0,169732,6105980 ns
after_local_cswitch,0,18,42,0,-10646,6105980 ns
after_local_cswitch,0,19,41,0,49545,6105980 ns
after_local_cswitch,0,20,40,0,93177,6105980 ns
after_local_cswitch,0,21,39,0,-63100,6105980 ns
after_local_cswitch,0,22,38,0,202482,6105980 ns
after_local_cswitch,0,23,37,0,-58913,6105980 ns
after_local_cswitch,0,24,36,0,61083,6105980 ns
after_local_cswitch,0,25,35,0,-16150,6105980 ns
after_local_cswitch,0,26,34,0,52560,6105980 ns
after_local_cswitch,0,27,33,0,74673,6105980 ns
after_local_cswitch,0,28,32,0,87978,6105980 ns
after_local_cswitch,0,29,31,0,131551,6105980 ns
after_local_cswitch,0,30,30,0,-113962,6105980 ns
after_local_cswitch,0,31,29,0,42933,6105980 ns
after_local_cswitch,0,32,60,0,-35173,6105980 ns
after_local_cswitch,0,33,59,0,102758,6105980 ns
after_local_cswitch,0,34,58,0,114084,6105980 ns
after_local_cswitch,0,35,57,0,69275,6105980 ns
after_local_cswitch,0,36,56,0,-78622,6105980 ns
after_local_cswitch,0,37,55,0,8719,6105980 ns
after_local_cswitch,0,38,54,0,-42693,6105980 ns
after_local_cswitch,0,39,53,0,54903,6105980 ns
after_local_cswitch,0,40,52,0,33937,6105980 ns
after_local_cswitch,0,41,51,0,106967,6105980 ns
after_local_cswitch,0,42,50,0,-70456,6105980 ns
after_local_cswitch,0,43,49,0,88345,6105980 ns
after_local_cswitch,0,44,48,0,-64526,6105980 ns
after_local_cswitch,0,45,47,0,108887,6105980 ns
after_local_cswitch,0,46,46,0,57427,6105980 ns
after_local_cswitch,0,47,45,0,73852,6105980 ns
after_local_cswitch,0,48,44,0,-118157,6105980 ns
after_local_cswitch,0,49,43,0,42628,6105980 ns
after_local_cswitch,0,50,42,0,81803,6105980 ns
after_local_cswitch,0,51,41,0,-68640,6105980 ns
after_local_cswitch,0,52,40,0,61936,6105980 ns
after_local_cswitch,0,53,39,0,-42918,6105980 ns
after_local_cswitch,0,54,38,0,46202,6105980 ns
after_local_cswitch,0,55,37,0,-25689,6105980 ns
after_local_cswitch,0,56,36,0,119693,6105980 ns
after_local_cswitch,0,57,35,0,-122338,6105980 ns
after_local_cswitch,0,58,34,0,-25135,6105980 ns
after_local_cswitch,0,59,33,0,-21148,6105980 ns
after_local_cswitch,0,60,32,0,20672,6105980 ns
after_local_cswitch,0,61,31,0,-22242,6105980 ns
after_local_cswitch,0,62,30,0,-24635,6105980 ns
after_local_cswitch,0,63,29,0,-57584,6105980 ns
after_local_cswitch,0,0,60,0,28663,6105980 ns
after_local_cswitch,0,1,59,0,-41807,6105980 ns
after_local_cswitch,0,2,58,0,76809,6105980 ns
after_local_cswitch,0,3,57,0,-48602,6105980 ns
after_local_cswitch,0,4,56,0,169385,6105980 ns
after_local_cswitch,0,5,55,0,92325,6105980 ns
after_local_cswitch,0,6,54,0,65961,6105980 ns
after_local_cswitch,0,7,53,0,-96553,6105980 ns
after_local_cswitch,0,8,52,0,-6512,6105980 ns
after_local_cswitch,0,9,51,0,33034,6105980 ns
after_local_cswitch,0,10,50,0,137270,6105980 ns
after_local_cswitch,0,11,49,0,-28291,6105980 ns
after_local_cswitch,0,12,48,0,-38831,6105980 ns
after_local_cswitch,0,13,47,0,72549,6105980 ns
after_local_cswitch,0,14,46,0,20211,6105980 ns
after_local_cswitch,0,15,45,0,18732,6105980 ns
after_local_cswitch,0,16,44,0,-40949,6105980 ns
after_local_cswitch,0,17,43,0,169732,6105980 ns
after_local_cswitch,0,18,42,0,-10646,6105980 ns
after_local_cswitch,0,19,41,0,49545,6105980 ns
after_local_cswitch,0,20,40,0,93177,6105980 ns
after_local_cswitch,0,21,39,0,-63100,6105980 ns
after_local_cswitch,0,22,38,0,202482,6105980 ns
after_local_cswitch,0,23,37,0,-58913,6105980 ns
after_local_cswitch,0,24,36,0,61083,6105980 ns
after_local_cswitch,0,25,35,0,-16150,6105980 ns
after_local_cswitch,0,26,34,0,52560,6105980 ns
after_local_cswitch,0,27,33,0,74673,6105980 ns
after_local_cswitch,0,28,32,0,87978,6105980 ns
after_local_cswitch,0,29,31,0,131551,6105980 ns
after_local_cswitch,0,30,30,0,-113962,6105980 ns
after_local_cswitch,0,31,29,0,42933,6105980 ns
after_local_cswitch,0,32,60,0,-35173,6105980 ns
after_local_cswitch,0,33,59,0,102758,6105980 ns
after_local_cswitch,0,34,58,0,114084,6105980 ns
after_local_cswitch,0,35,57,0,69275,6105980 ns
after_local_cswitch,0,36,56,0,-78622,6105980 ns
after_local_cswitch,0,37,55,0,8719,6105980 ns
after_local_cswitch,0,38,54,0,-42693,6105980 ns
after_local_cswitch,0,39,53,0,54903,6105980 ns
after_local_cswitch,0,40,52,0,33937,6105980 ns
after_local_cswitch,0,41,51,0,106967,6105980 ns
after_local_cswitch,0,42,50,0,-70456,6105980 ns
after_local_cswitch,0,43,49,0,88345,6105980 ns
after_local_cswitch,0,44,48,0,-64526,6105980 ns
after_local_cswitch,0,45,47,0,108887,6105980 ns
after_local_cswitch,0,46,46,0,57427,6105980 ns
after_local_cswitch,0,47,45,0,73852,6105980 ns
after_local_cswitch,0,48,44,0,-118157,6105980 ns
after_local_cswitch,0,49,43,0,42628,6105980 ns
after_local_cswitch,0,50,42,0,81803,6105980 ns
after_local_cswitch,0,51,41,0,-68640,6105980 ns
after_local_cswitch,0,52,40,0,61936,6105980 ns
after_local_cswitch,0,53,39,0,-42918,6105980 ns
after_local_cswitch,0,54,38,0,46202,6105980 ns
after_local_cswitch,0,55,37,0,-25689,6105980 ns
after_local_cswitch,0,56,36,0,119693,6105980 ns
after_local_cswitch,0,57,35,0,-122338,6105980 ns
after_local_cswitch,0,58,34,0,-25135,6105980 ns
after_local_cswitch,0,59,33,0,-21148,6105980 ns
after_local_cswitch,0,60,32,0,20672,6105980 ns
after_local_cswitch,0,61,31,0,-22242,6105980 ns
after_local_cswitch,0,62,30,0,-24635,6105980 ns
after_local_cswitch,0,63,29,0,-57584,6105980 ns
after_local_cswitch,0,0,61,0,54585,6105990 ns
after_local_cswitch,0,1,60,0,39138,6105990 ns
after_local_cswitch,0,2,59,0,-60103,6105990 ns
after_local_cswitch,0,3,58,0,60387,6105990 ns
after_local_cswitch,0,4,57,0,27164,6105990 ns
after_local_cswitch,0,5,56,0,66076,6105990 ns
after_local_cswitch,0,6,55,0,-100614,6105990 ns
after_local_cswitch,0,7,54,0,-43297,6105990 ns
after_local_cswitch,0,8,53,0,21342,6105990 ns
after_local_cswitch,0,9,52,0,-218880,6105990 ns
after_local_cswitch,0,10,51,0,-95353,6105990 ns
after_local_cswitch,0,11,50,0,56298,6105990 ns
after_local_cswitch,0,12,49,0,74751,6105990 ns
after_local_cswitch,0,13,48,0,174000,6105990 ns
after_local_cswitch,0,14,47,0,-33136,6105990 ns
after_local_cswitch,0,15,46,0,-129565,6105990 ns
after_local_cswitch,0,16,45,0,39334,6105990 ns
after_local_cswitch,0,17,44,0,-23363,6105990 ns
after_local_cswitch,0,18,43,0,52126,6105990 ns
after_local_cswitch,0,19,42,0,-27776,6105990 ns
after_local_cswitch,0,20,41,0,70889,6105990 ns
after_local_cswitch,0,21,40,0,150703,6105990 ns
after_local_cswitch,0,22,39,0,75314,6105990 ns
after_local_cswitch,0,23,38,0,71132,6105990 ns
after_local_cswitch,0,24,37,0,39499,6105990 ns
after_local_cswitch,0,25,36,0,615,6105990 ns
after_local_cswitch,0,26,35,0,-10010,6105990 ns
after_local_cswitch,0,27,34,0,-86510,6105990 ns
after_local_cswitch,0,28,33,0,51122,6105990 ns
after_local_cswitch,0,29,32,0,50627,6105990 ns
after_local_cswitch,0,30,31,0,-95853,6105990 ns
after_local_cswitch,0,31,30,0,-66945,6105990 ns
after_local_cswitch,0,32,61,0,-12971,6105990 ns
after_local_cswitch,0,33,60,0,-43595,6105990 ns
after_local_cswitch,0,34,59,0,-110817,6105990 ns
after_local_cswitch,0,35,58,0,6595,6105990 ns
after_local_cswitch,0,36,57,0,-33365,6105990 ns
after_local_cswitch,0,37,56,0,63060,6105990 ns
after_local_cswitch,0,38,55,0,40786,6105990 ns
after_local_cswitch,0,39,54,0,-34819,6105990 ns
after_local_cswitch,0,40,53,0,-32728,6105990 ns
after_local_cswitch,0,41,52,0,-33131,6105990 ns
after_local_cswitch,0,42,51,0,-57489,6105990 ns
after_local_cswitch,0,43,50,0,92481,6105990 ns
after_local_cswitch,0,44,49,0,104929,6105990 ns
after_local_cswitch,0,45,48,0,-41276,6105990 ns
after_local_cswitch,0,46,47,0,-182402,6105990 ns
after_local_cswitch,0,47,46,0,18168,6105990 ns
after_local_cswitch,0,48,45,0,40366,6105990 ns
after_local_cswitch,0,49,44,0,70788,6105990 ns
after_local_cswitch,0,50,43,0,-33113,6105990 ns
after_local_cswitch,0,51,42,0,26502,6105990 ns
after_local_cswitch,0,52,41,0,-133314,6105990 ns
after_local_cswitch,0,53,40,0,75324,6105990 ns
after_local_cswitch,0,54,39,0,74772,6105990 ns
after_local_cswitch,0,55,38,0,-140957,6105990 ns
after_local_cswitch,0,56,37,0,-68668,6105990 ns
after_local_cswitch,0,57,36,0,23569,6105990 ns
after_local_cswitch,0,58,35,0,43516,6105990 ns
after_local_cswitch,0,59,34,0,62226,6105990 ns
after_local_cswitch,0,60,33,0,31542,6105990 ns
after_local_cswitch,0,61,32,0,161618,6105990 ns
after_local_cswitch,0,62,31,0,56617,6105990 ns
after_local_cswitch,0,63,30,0,-26506,6105990 ns
after_local_cswitch,0,0,61,0,54585,6105990 ns
after_local_cswitch,0,1,60,0,39138,6105990 ns
after_local_cswitch,0,2,59,0,-60103,6105990 ns
after_local_cswitch,0,3,58,0,60387,6105990 ns
after_local_cswitch,0,4,57,0,27164,6105990 ns
after_local_cswitch,0,5,56,0,66076,6105990 ns
after_local_cswitch,0,6,55,0,-100614,6105990 ns
after_local_cswitch,0,7,54,0,-43297,6105990 ns
after_local_cswitch,0,8,53,0,21342,6105990 ns
after_local_cswitch,0,9,52,0,-218880,6105990 ns
after_local_cswitch,0,10,51,0,-95353,6105990 ns
after_local_cswitch,0,11,50,0,56298,6105990 ns
after_local_cswitch,0,12,49,0,74751,6105990 ns
after_local_cswitch,0,13,48,0,174000,6105990 ns
after_local_cswitch,0,14,47,0,-33136,6105990 ns
after_local_cswitch,0,15,46,0,-129565,6105990 ns
after_local_cswitch,0,16,45,0,39334,6105990 ns
after_local_cswitch,0,17,44,0,-23363,6105990 ns
after_local_cswitch,0,18,43,0,52126,6105990 ns
after_local_cswitch,0,19,42,0,-27776,6105990 ns
after_local_cswitch,0,20,41,0,70889,6105990 ns
after_local_cswitch,0,21,40,0,150703,6105990 ns
after_local_cswitch,0,22,39,0,75314,6105990 ns
after_local_cswitch,0,23,38,0,71132,6105990 ns
after_local_cswitch,0,24,37,0,39499,6105990 ns
after_local_cswitch,0,25,36,0,615,6105990 ns
after_local_cswitch,0,26,35,0,-10010,6105990 ns
after_local_cswitch,0,27,34,0,-86510,6105990 ns
after_local_cswitch,0,28,33,0,51122,6105990 ns
after_local_cswitch,0,29,32,0,50627,6105990 ns
after_local_cswitch,0,30,31,0,-95853,6105990 ns
after_local_cswitch,0,31,30,0,-66945,6105990 ns
after_local_cswitch,0,32,61,0,-12971,6105990 ns
after_local_cswitch,0,33,60,0,-43595,6105990 ns
after_local_cswitch,0,34,59,0,-110817,6105990 ns
after_local_cswitch,0,35,58,0,6595,6105990 ns
after_local_cswitch,0,36,57,0,-33365,6105990 ns
after_local_cswitch,0,37,56,0,63060,6105990 ns
after_local_cswitch,0,38,55,0,40786,6105990 ns
after_local_cswitch,0,39,54,0,-34819,6105990 ns
after_local_cswitch,0,40,53,0,-32728,6105990 ns
after_local_cswitch,0,41,52,0,-33131,6105990 ns
after_local_cswitch,0,42,51,0,-57489,6105990 ns
after_local_cswitch,0,43,50,0,92481,6105990 ns
after_local_cswitch,0,44,49,0,104929,6105990 ns
after_local_cswitch,0,45,48,0,-41276,6105990 ns
after_local_cswitch,0,46,47,0,-182402,6105990 ns
after_local_cswitch,0,47,46,0,18168,6105990 ns
after_local_cswitch,0,48,45,0,40366,6105990 ns
after_local_cswitch,0,49,44,0,70788,6105990 ns
after_local_cswitch,0,50,43,0,-33113,6105990 ns
after_local_cswitch,0,51,42,0,26502,6105990 ns
after_local_cswitch,0,52,41,0,-133314,6105990 ns
after_local_cswitch,0,53,40,0,75324,6105990 ns
after_local_cswitch,0,54,39,0,74772,6105990 ns
after_local_cswitch,0,55,38,0,-140957,6105990 ns
after_local_cswitch,0,56,37,0,-68668,6105990 ns
after_local_cswitch,0,57,36,0,23569,6105990 ns
after_local_cswitch,0,58,35,0,43516,6105990 ns
after_local_cswitch,0,59,34,0,62226,6105990 ns
after_local_cswitch,0,60,33,0,31542,6105990 ns
after_local_cswitch,0,61,32,0,161618,6105990 ns
after_local_cswitch,0,62,31,0,56617,6105990 ns
after_local_cswitch,0,63,30,0,-26506,6105990 ns
after_local_cswitch,0,0,61,0,54585,6105990 ns
after_local_cswitch,0,1,60,0,39138,6105990 ns
after_local_cswitch,0,2,59,0,-60103,6105990 ns
after_local_cswitch,0,3,58,0,60387,6105990 ns
after_local_cswitch,0,4,57,0,27164,6105990 ns
after_local_cswitch,0,5,56,0,66076,6105990 ns
after_local_cswitch,0,6,55,0,-100614,6105990 ns
after_local_cswitch,0,7,54,0,-43297,6105990 ns
after_local_cswitch,0,8,53,0,21342,6105990 ns
after_local_cswitch,0,9,52,0,-218880,6105990 ns
after_local_cswitch,0,10,51,0,-95353,6105990 ns
after_local_cswitch,0,11,50,0,56298,6105990 ns
after_local_cswitch,0,12,49,0,74751,6105990 ns
after_local_cswitch,0,13,48,0,174000,6105990 ns
after_local_cswitch,0,14,47,0,-33136,6105990 ns
after_local_cswitch,0,15,46,0,-129565,6105990 ns
after_local_cswitch,0,16,45,0,39334,6105990 ns
after_local_cswitch,0,17,44,0,-23363,6105990 ns
after_local_cswitch,0,18,43,0,52126,6105990 ns
after_local_cswitch,0,19,42,0,-27776,6105990 ns
after_local_cswitch,0,20,41,0,70889,6105990 ns
after_local_cswitch,0,21,40,0,150703,6105990 ns
after_local_cswitch,0,22,39,0,75314,6105990 ns
after_local_cswitch,0,23,38,0,71132,6105990 ns
after_local_cswitch,0,24,37,0,39499,6105990 ns
after_local_cswitch,0,25,36,0,615,6105990 ns
after_local_cswitch,0,26,35,0,-10010,6105990 ns
after_local_cswitch,0,27,34,0,-86510,6105990 ns
after_local_cswitch,0,28,33,0,51122,6105990 ns
after_local_cswitch,0,29,32,0,50627,6105990 ns
after_local_cswitch,0,30,31,0,-95853,6105990 ns
after_local_cswitch,0,31,30,0,-66945,6105990 ns
after_local_cswitch,0,32,61,0,-12971,6105990 ns
after_local_cswitch,0,33,60,0,-43595,6105990 ns
after_local_cswitch,0,34,59,0,-110817,6105990 ns
after_local_cswitch,0,35,58,0,6595,6105990 ns
after_local_cswitch,0,36,57,0,-33365,6105990 ns
after_local_cswitch,0,37,56,0,63060,6105990 ns
after_local_cswitch,0,38,55,0,40786,6105990 ns
after_local_cswitch,0,39,54,0,-34819,6105990 ns
after_local_cswitch,0,40,53,0,-32728,6105990 ns
after_local_cswitch,0,41,52,0,-33131,6105990 ns
after_local_cswitch,0,42,51,0,-57489,6105990 ns
after_local_cswitch,0,43,50,0,92481,6105990 ns
after_local_cswitch,0,44,49,0,104929,6105990 ns
after_local_cswitch,0,45,48,0,-41276,6105990 ns
after_local_cswitch,0,46,47,0,-182402,6105990 ns
after_local_cswitch,0,47,46,0,18168,6105990 ns
after_local_cswitch,0,48,45,0,40366,6105990 ns
after_local_cswitch,0,49,44,0,70788,6105990 ns
after_local_cswitch,0,50,43,0,-33113,6105990 ns
after_local_cswitch,0,51,42,0,26502,6105990 ns
after_local_cswitch,0,52,41,0,-133314,6105990 ns
after_local_cswitch,0,53,40,0,75324,6105990 ns
after_local_cswitch,0,54,39,0,74772,6105990 ns
after_local_cswitch,0,55,38,0,-140957,6105990 ns
after_local_cswitch,0,56,37,0,-68668,6105990 ns
after_local_cswitch,0,57,36,0,23569,6105990 ns
after_local_cswitch,0,58,35,0,43516,6105990 ns
after_local_cswitch,0,59,34,0,62226,6105990 ns
after_local_cswitch,0,60,33,0,31542,6105990 ns
after_local_cswitch,0,61,32,0,161618,6105990 ns
after_local_cswitch,0,62,31,0,56617,6105990 ns
after_local_cswitch,0,63,30,0,-26506,6105990 ns
after_local_cswitch,0,0,62,0,-6941,6106 us
after_local_cswitch,0,1,61,0,58414,6106 us
after_local_cswitch,0,2,60,0,-130277,6106 us
after_local_cswitch,0,3,59,0,-14478,6106 us
after_local_cswitch,0,4,58,0,-56974,6106 us
after_local_cswitch,0,5,57,0,96508,6106 us
after_local_cswitch,0,6,56,0,-38732,6106 us
after_local_cswitch,0,7,55,0,21390,6106 us
after_local_cswitch,0,8,54,0,56285,6106 us
after_local_cswitch,0,9,53,0,-8237,6106 us
after_local_cswitch,0,10,52,0,-65371,6106 us
after_local_cswitch,0,11,51,0,24719,6106 us
after_local_cswitch,0,12,50,0,49470,6106 us
after_local_cswitch,0,13,49,0,102762,6106 us
after_local_cswitch,0,14,48,0,19223,6106 us
after_local_cswitch,0,15,47,0,53734,6106 us
after_local_cswitch,0,16,46,0,-110195,6106 us
after_local_cswitch,0,17,45,0,16127,6106 us
after_local_cswitch,0,18,44,0,11440,6106 us
after_local_cswitch,0,19,43,0,900,6106 us
after_local_cswitch,0,20,42,0,75950,6106 us
after_local_cswitch,0,21,41,0,-78886,6106 us
after_local_cswitch,0,22,40,0,69293,6106 us
after_local_cswitch,0,23,39,0,48256,6106 us
after_local_cswitch,0,24,38,0,-261892,6106 us
after_local_cswitch,0,25,37,0,110224,6106 us
after_local_cswitch,0,26,36,0,148664,6106 us
after_local_cswitch,0,27,35,0,19604,6106 us
after_local_cswitch,0,28,34,0,-30543,6106 us
after_local_cswitch,0,29,33,0,53924,6106 us
after_local_cswitch,0,30,32,0,37423,6106 us
after_local_cswitch,0,31,31,0,145026,6106 us
after_local_cswitch,0,32,62,0,19694,6106 us
after_local_cswitch,0,33,61,0,45964,6106 us
after_local_cswitch,0,34,60,0,-92329,6106 us
after_local_cswitch,0,35,59,0,-70308,6106 us
after_local_cswitch,0,36,58,0,27937,6106 us
after_local_cswitch,0,37,57,0,128535,6106 us
after_local_cswitch,0,38,56,0,200054,6106 us
after_local_cswitch,0,39,55,0,60506,6106 us
after_local_cswitch,0,40,54,0,-136864,6106 us
after_local_cswitch,0,41,53,0,-21939,6106 us
after_local_cswitch,0,42,52,0,-65205,6106 us
after_local_cswitch,0,43,51,0,-115333,6106 us
after_local_cswitch,0,44,50,0,28855,6106 us
after_local_cswitch,0,45,49,0,-1960,6106 us
after_local_cswitch,0,46,48,0,24795,6106 us
after_local_cswitch,0,47,47,0,-74197,6106 us
after_local_cswitch,0,48,46,0,-194667,6106 us
after_local_cswitch,0,49,45,0,-24633,6106 us
after_local_cswitch,0,50,44,0,32419,6106 us
after_local_cswitch,0,51,43,0,-52844,6106 us
after_local_cswitch,0,52,42,0,-26079,6106 us
after_local_cswitch,0,53,41,0,-9205,6106 us
after_local_cswitch,0,54,40,0,-76106,6106 us
after_local_cswitch,0,55,39,0,171493,6106 us
after_local_cswitch,0,56,38,0,66892,6106 us
after_local_cswitch,0,57,37,0,-80421,6106 us
after_local_cswitch,0,58,36,0,45539,6106 us
after_local_cswitch,0,59,35,0,40521,6106 us
after_local_cswitch,0,60,34,0,-93017,6106 us
after_local_cswitch,0,61,33,0,-11347,6106 us
after_local_cswitch,0,62,32,0,78254,6106 us
after_local_cswitch,0,63,31,0,-90474,6106 us
after_local_cswitch,0,0,62,0,-6941,6106 us
after_local_cswitch,0,1,61,0,58414,6106 us
after_local_cswitch,0,2,60,0,-130277,6106 us
after_local_cswitch,0,3,59,0,-14478,6106 us
after_local_cswitch,0,4,58,0,-56974,6106 us
after_local_cswitch,0,5,57,0,96508,6106 us
after_local_cswitch,0,6,56,0,-38732,6106 us
after_local_cswitch,0,7,55,0,21390,6106 us
after_local_cswitch,0,8,54,0,56285,6106 us
after_local_cswitch,0,9,53,0,-8237,6106 us
after_local_cswitch,0,10,52,0,-65371,6106 us
after_local_cswitch,0,11,51,0,24719,6106 us
after_local_cswitch,0,12,50,0,49470,6106 us
after_local_cswitch,0,13,49,0,102762,6106 us
after_local_cswitch,0,14,48,0,19223,6106 us
after_local_cswitch,0,15,47,0,53734,6106 us
after_local_cswitch,0,16,46,0,-110195,6106 us
after_local_cswitch,0,17,45,0,16127,6106 us
after_local_cswitch,0,18,44,0,11440,6106 us
after_local_cswitch,0,19,43,0,900,6106 us
after_local_cswitch,0,20,42,0,75950,6106 us
after_local_cswitch,0,21,41,0,-78886,6106 us
after_local_cswitch,0,22,40,0,69293,6106 us
after_local_cswitch,0,23,39,0,48256,6106 us
after_local_cswitch,0,24,38,0,-261892,6106 us
after_local_cswitch,0,25,37,0,110224,6106 us
after_local_cswitch,0,26,36,0,148664,6106 us
after_local_cswitch,0,27,35,0,19604,6106 us
after_local_cswitch,0,28,34,0,-30543,6106 us
after_local_cswitch,0,29,33,0,53924,6106 us
after_local_cswitch,0,30,32,0,37423,6106 us
after_local_cswitch,0,31,31,0,145026,6106 us
after_local_cswitch,0,32,62,0,19694,6106 us
after_local_cswitch,0,33,61,0,45964,6106 us
after_local_cswitch,0,34,60,0,-92329,6106 us
after_local_cswitch,0,35,59,0,-70308,6106 us
after_local_cswitch,0,36,58,0,27937,6106 us
after_local_cswitch,0,37,57,0,128535,6106 us
after_local_cswitch,0,38,56,0,200054,6106 us
after_local_cswitch,0,39,55,0,60506,6106 us
after_local_cswitch,0,40,54,0,-136864,6106 us
after_local_cswitch,0,41,53,0,-21939,6106 us
after_local_cswitch,0,42,52,0,-65205,6106 us
after_local_cswitch,0,43,51,0,-115333,6106 us
after_local_cswitch,0,44,50,0,28855,6106 us
after_local_cswitch,0,45,49,0,-1960,6106 us
after_local_cswitch,0,46,48,0,24795,6106 us
after_local_cswitch,0,47,47,0,-74197,6106 us
after_local_cswitch,0,48,46,0,-194667,6106 us
after_local_cswitch,0,49,45,0,-24633,6106 us
after_local_cswitch,0,50,44,0,32419,6106 us
after_local_cswitch,0,51,43,0,-52844,6106 us
after_local_cswitch,0,52,42,0,-26079,6106 us
after_local_cswitch,0,53,41,0,-9205,6106 us
after_local_cswitch,0,54,40,0,-76106,6106 us
after_local_cswitch,0,55,39,0,171493,6106 us
after_local_cswitch,0,56,38,0,66892,6106 us
after_local_cswitch,0,57,37,0,-80421,6106 us
after_local_cswitch,0,58,36,0,45539,6106 us
after_local_cswitch,0,59,35,0,40521,6106 us
after_local_cswitch,0,60,34,0,-93017,6106 us
after_local_cswitch,0,61,33,0,-11347,6106 us
after_local_cswitch,0,62,32,0,78254,6106 us
after_local_cswitch,0,63,31,0,-90474,6106 us
after_local_cswitch,0,0,62,0,-6941,6106 us
after_local_cswitch,0,1,61,0,58414,6106 us
after_local_cswitch,0,2,60,0,-130277,6106 us
after_local_cswitch,0,3,59,0,-14478,6106 us
after_local_cswitch,0,4,58,0,-56974,6106 us
after_local_cswitch,0,5,57,0,96508,6106 us
after_local_cswitch,0,6,56,0,-38732,6106 us
after_local_cswitch,0,7,55,0,21390,6106 us
after_local_cswitch,0,8,54,0,56285,6106 us
after_local_cswitch,0,9,53,0,-8237,6106 us
after_local_cswitch,0,10,52,0,-65371,6106 us
after_local_cswitch,0,11,51,0,24719,6106 us
after_local_cswitch,0,12,50,0,49470,6106 us
after_local_cswitch,0,13,49,0,102762,6106 us
after_local_cswitch,0,14,48,0,19223,6106 us
after_local_cswitch,0,15,47,0,53734,6106 us
after_local_cswitch,0,16,46,0,-110195,6106 us
after_local_cswitch,0,17,45,0,16127,6106 us
after_local_cswitch,0,18,44,0,11440,6106 us
after_local_cswitch,0,19,43,0,900,6106 us
after_local_cswitch,0,20,42,0,75950,6106 us
after_local_cswitch,0,21,41,0,-78886,6106 us
after_local_cswitch,0,22,40,0,69293,6106 us
after_local_cswitch,0,23,39,0,48256,6106 us
after_local_cswitch,0,24,38,0,-261892,6106 us
after_local_cswitch,0,25,37,0,110224,6106 us
after_local_cswitch,0,26,36,0,148664,6106 us
after_local_cswitch,0,27,35,0,19604,6106 us
after_local_cswitch,0,28,34,0,-30543,6106 us
after_local_cswitch,0,29,33,0,53924,6106 us
after_local_cswitch,0,30,32,0,37423,6106 us
after_local_cswitch,0,31,31,0,145026,6106 us
after_local_cswitch,0,32,62,0,19694,6106 us
after_local_cswitch,0,33,61,0,45964,6106 us
after_local_cswitch,0,34,60,0,-92329,6106 us
after_local_cswitch,0,35,59,0,-70308,6106 us
after_local_cswitch,0,36,58,0,27937,6106 us
after_local_cswitch,0,37,57,0,128535,6106 us
after_local_cswitch,0,38,56,0,200054,6106 us
after_local_cswitch,0,39,55,0,60506,6106 us
after_local_cswitch,0,40,54,0,-136864,6106 us
after_local_cswitch,0,41,53,0,-21939,6106 us
after_local_cswitch,0,42,52,0,-65205,6106 us
after_local_cswitch,0,43,51,0,-115333,6106 us
after_local_cswitch,0,44,50,0,28855,6106 us
after_local_cswitch,0,45,49,0,-1960,6106 us
after_local_cswitch,0,46,48,0,24795,6106 us
after_local_cswitch,0,47,47,0,-74197,6106 us
after_local_cswitch,0,48,46,0,-194667,6106 us
after_local_cswitch,0,49,45,0,-24633,6106 us
after_local_cswitch,0,50,44,0,32419,6106 us
after_local_cswitch,0,51,43,0,-52844,6106 us
after_local_cswitch,0,52,42,0,-26079,6106 us
after_local_cswitch,0,53,41,0,-9205,6106 us
after_local_cswitch,0,54,40,0,-76106,6106 us
after_local_cswitch,0,55,39,0,171493,6106 us
after_local_cswitch,0,56,38,0,66892,6106 us
after_local_cswitch,0,57,37,0,-80421,6106 us
after_local_cswitch,0,58,36,0,45539,6106 us
after_local_cswitch,0,59,35,0,40521,6106 us
after_local_cswitch,0,60,34,0,-93017,6106 us
after_local_cswitch,0,61,33,0,-11347,6106 us
after_local_cswitch,0,62,32,0,78254,6106 us
after_local_cswitch,0,63,31,0,-90474,6106 us
after_local_cswitch,0,0,63,0,-135268,6106010 ns
after_local_cswitch,0,1,62,0,113526,6106010 ns
after_local_cswitch,0,2,61,0,-28512,6106010 ns
after_local_cswitch,0,3,60,0,-24386,6106010 ns
after_local_cswitch,0,4,59,0,43525,6106010 ns
after_local_cswitch,0,5,58,0,19011,6106010 ns
after_local_cswitch,0,6,57,0,48096,6106010 ns
after_local_cswitch,0,7,56,0,211013,6106010 ns
after_local_cswitch,0,8,55,0,102785,6106010 ns
after_local_cswitch,0,9,54,0,5012,6106010 ns
after_local_cswitch,0,10,53,0,-68270,6106010 ns
after_local_cswitch,0,11,52,0,42734,6106010 ns
after_local_cswitch,0,12,51,0,-49722,6106010 ns
after_local_cswitch,0,13,50,0,9502,6106010 ns
after_local_cswitch,0,14,49,0,-77830,6106010 ns
after_local_cswitch,0,15,48,0,-73687,6106010 ns
after_local_cswitch,0,16,47,0,-62110,6106010 ns
after_local_cswitch,0,17,46,0,6416,6106010 ns
after_local_cswitch,0,18,45,0,-41183,6106010 ns
after_local_cswitch,0,19,44,0,-5339,6106010 ns
after_local_cswitch,0,20,43,0,-103011,6106010 ns
after_local_cswitch,0,21,42,0,665,6106010 ns
after_local_cswitch,0,22,41,0,-21974,6106010 ns
after_local_cswitch,0,23,40,0,-95593,6106010 ns
after_local_cswitch,0,24,39,0,-80303,6106010 ns
after_local_cswitch,0,25,38,0,-199028,6106010 ns
after_local_cswitch,0,26,37,0,120587,6106010 ns
after_local_cswitch,0,27,36,0,-231385,6106010 ns
after_local_cswitch,0,28,35,0,30528,6106010 ns
after_local_cswitch,0,29,34,0,69593,6106010 ns
after_local_cswitch,0,30,33,0,-130402,6106010 ns
after_local_cswitch,0,31,32,0,-34961,6106010 ns
after_local_cswitch,0,32,63,0,-63323,6106010 ns
after_local_cswitch,0,33,62,0,-232274,6106010 ns
after_local_cswitch,0,34,61,0,-380,6106010 ns
after_local_cswitch,0,35,60,0,23749,6106010 ns
after_local_cswitch,0,36,59,0,4906,6106010 ns
after_local_cswitch,0,37,58,0,14155,6106010 ns
after_local_cswitch,0,38,57,0,-118382,6106010 ns
after_local_cswitch,0,39,56,0,50324,6106010 ns
after_local_cswitch,0,40,55,0,197500,6106010 ns
after_local_cswitch,0,41,54,0,11806,6106010 ns
after_local_cswitch,0,42,53,0,-39028,6106010 ns
after_local_cswitch,0,43,52,0,69760,6106010 ns
after_local_cswitch,0,44,51,0,215409,6106010 ns
after_local_cswitch,0,45,50,0,-10472,6106010 ns
after_local_cswitch,0,46,49,0,55199,6106010 ns
after_local_cswitch,0,47,48,0,37751,6106010 ns
after_local_cswitch,0,48,47,0,90347,6106010 ns
after_local_cswitch,0,49,46,0,-15276,6106010 ns
after_local_cswitch,0,50,45,0,67220,6106010 ns
after_local_cswitch,0,51,44,0,69035,6106010 ns
after_local_cswitch,0,52,43,0,-36636,6106010 ns
after_local_cswitch,0,53,42,0,-141553,6106010 ns
after_local_cswitch,0,54,41,0,8338,6106010 ns
after_local_cswitch,0,55,40,0,-240303,6106010 ns
after_local_cswitch,0,56,39,0,-3596,6106010 ns
after_local_cswitch,0,57,38,0,-53958,6106010 ns
after_local_cswitch,0,58,37,0,60978,6106010 ns
after_local_cswitch,0,59,36,0,28722,6106010 ns
after_local_cswitch,0,60,35,0,-36513,6106010 ns
after_local_cswitch,0,61,34,0,-16885,6106010 ns
after_local_cswitch,0,62,33,0,19708,6106010 ns
after_local_cswitch,0,63,32,0,25422,6106010 ns
after_local_cswitch,0,0,63,0,-135268,6106010 ns
after_local_cswitch,0,1,62,0,113526,6106010 ns
after_local_cswitch,0,2,61,0,-28512,6106010 ns
after_local_cswitch,0,3,60,0,-24386,6106010 ns
after_local_cswitch,0,4,59,0,43525,6106010 ns
after_local_cswitch,0,5,58,0,19011,6106010 ns
after_local_cswitch,0,6,57,0,48096,6106010 ns
after_local_cswitch,0,7,56,0,211013,6106010 ns
after_local_cswitch,0,8,55,0,102785,6106010 ns
after_local_cswitch,0,9,54,0,5012,6106010 ns
after_local_cswitch,0,10,53,0,-68270,6106010 ns
after_local_cswitch,0,11,52,0,42734,6106010 ns
after_local_cswitch,0,12,51,0,-49722,6106010 ns
after_local_cswitch,0,13,50,0,9502,6106010 ns
after_local_cswitch,0,14,49,0,-77830,6106010 ns
after_local_cswitch,0,15,48,0,-73687,6106010 ns
after_local_cswitch,0,16,47,0,-62110,6106010 ns
after_local_cswitch,0,17,46,0,6416,6106010 ns
after_local_cswitch,0,18,45,0,-41183,6106010 ns
after_local_cswitch,0,19,44,0,-5339,6106010 ns
after_local_cswitch,0,20,43,0,-103011,6106010 ns
after_local_cswitch,0,21,42,0,665,6106010 ns
after_local_cswitch,0,22,41,0,-21974,6106010 ns
after_local_cswitch,0,23,40,0,-95593,6106010 ns
after_local_cswitch,0,24,39,0,-80303,6106010 ns
after_local_cswitch,0,25,38,0,-199028,6106010 ns
after_local_cswitch,0,26,37,0,120587,6106010 ns
after_local_cswitch,0,27,36,0,-231385,6106010 ns
after_local_cswitch,0,28,35,0,30528,6106010 ns
after_local_cswitch,0,29,34,0,69593,6106010 ns
after_local_cswitch,0,30,33,0,-130402,6106010 ns
after_local_cswitch,0,31,32,0,-34961,6106010 ns
after_local_cswitch,0,32,63,0,-63323,6106010 ns
after_local_cswitch,0,33,62,0,-232274,6106010 ns
after_local_cswitch,0,34,61,0,-380,6106010 ns
after_local_cswitch,0,35,60,0,23749,6106010 ns
after_local_cswitch,0,36,59,0,4906,6106010 ns
after_local_cswitch,0,37,58,0,14155,6106010 ns
after_local_cswitch,0,38,57,0,-118382,6106010 ns
after_local_cswitch,0,39,56,0,50324,6106010 ns
after_local_cswitch,0,40,55,0,197500,6106010 ns
after_local_cswitch,0,41,54,0,11806,6106010 ns
after_local_cswitch,0,42,53,0,-39028,6106010 ns
after_local_cswitch,0,43,52,0,69760,6106010 ns
after_local_cswitch,0,44,51,0,215409,6106010 ns
after_local_cswitch,0,45,50,0,-10472,6106010 ns
after_local_cswitch,0,46,49,0,55199,6106010 ns
after_local_cswitch,0,47,48,0,37751,6106010 ns
after_local_cswitch,0,48,47,0,90347,6106010 ns
after_local_cswitch,0,49,46,0,-15276,6106010 ns
after_local_cswitch,0,50,45,0,67220,6106010 ns
after_local_cswitch,0,51,44,0,69035,6106010 ns
after_local_cswitch,0,52,43,0,-36636,6106010 ns
after_local_cswitch,0,53,42,0,-141553,6106010 ns
after_local_cswitch,0,54,41,0,8338,6106010 ns
after_local_cswitch,0,55,40,0,-240303,6106010 ns
after_local_cswitch,0,56,39,0,-3596,6106010 ns
after_local_cswitch,0,57,38,0,-53958,6106010 ns
after_local_cswitch,0,58,37,0,60978,6106010 ns
after_local_cswitch,0,59,36,0,28722,6106010 ns
after_local_cswitch,0,60,35,0,-36513,6106010 ns
after_local_cswitch,0,61,34,0,-16885,6106010 ns
after_local_cswitch,0,62,33,0,19708,6106010 ns
after_local_cswitch,0,63,32,0,25422,6106010 ns
after_local_cswitch,0,0,63,0,-135268,6106010 ns
after_local_cswitch,0,1,62,0,113526,6106010 ns
after_local_cswitch,0,2,61,0,-28512,6106010 ns
after_local_cswitch,0,3,60,0,-24386,6106010 ns
after_local_cswitch,0,4,59,0,43525,6106010 ns
after_local_cswitch,0,5,58,0,19011,6106010 ns
after_local_cswitch,0,6,57,0,48096,6106010 ns
after_local_cswitch,0,7,56,0,211013,6106010 ns
after_local_cswitch,0,8,55,0,102785,6106010 ns
after_local_cswitch,0,9,54,0,5012,6106010 ns
after_local_cswitch,0,10,53,0,-68270,6106010 ns
after_local_cswitch,0,11,52,0,42734,6106010 ns
after_local_cswitch,0,12,51,0,-49722,6106010 ns
after_local_cswitch,0,13,50,0,9502,6106010 ns
after_local_cswitch,0,14,49,0,-77830,6106010 ns
after_local_cswitch,0,15,48,0,-73687,6106010 ns
after_local_cswitch,0,16,47,0,-62110,6106010 ns
after_local_cswitch,0,17,46,0,6416,6106010 ns
after_local_cswitch,0,18,45,0,-41183,6106010 ns
after_local_cswitch,0,19,44,0,-5339,6106010 ns
after_local_cswitch,0,20,43,0,-103011,6106010 ns
after_local_cswitch,0,21,42,0,665,6106010 ns
after_local_cswitch,0,22,41,0,-21974,6106010 ns
after_local_cswitch,0,23,40,0,-95593,6106010 ns
after_local_cswitch,0,24,39,0,-80303,6106010 ns
after_local_cswitch,0,25,38,0,-199028,6106010 ns
after_local_cswitch,0,26,37,0,120587,6106010 ns
after_local_cswitch,0,27,36,0,-231385,6106010 ns
after_local_cswitch,0,28,35,0,30528,6106010 ns
after_local_cswitch,0,29,34,0,69593,6106010 ns
after_local_cswitch,0,30,33,0,-130402,6106010 ns
after_local_cswitch,0,31,32,0,-34961,6106010 ns
after_local_cswitch,0,32,63,0,-63323,6106010 ns
after_local_cswitch,0,33,62,0,-232274,6106010 ns
after_local_cswitch,0,34,61,0,-380,6106010 ns
after_local_cswitch,0,35,60,0,23749,6106010 ns
after_local_cswitch,0,36,59,0,4906,6106010 ns
after_local_cswitch,0,37,58,0,14155,6106010 ns
after_local_cswitch,0,38,57,0,-118382,6106010 ns
after_local_cswitch,0,39,56,0,50324,6106010 ns
after_local_cswitch,0,40,55,0,197500,6106010 ns
after_local_cswitch,0,41,54,0,11806,6106010 ns
after_local_cswitch,0,42,53,0,-39028,6106010 ns
after_local_cswitch,0,43,52,0,69760,6106010 ns
after_local_cswitch,0,44,51,0,215409,6106010 ns
after_local_cswitch,0,45,50,0,-10472,6106010 ns
after_local_cswitch,0,46,49,0,55199,6106010 ns
after_local_cswitch,0,47,48,0,37751,6106010 ns
after_local_cswitch,0,48,47,0,90347,6106010 ns
after_local_cswitch,0,49,46,0,-15276,6106010 ns
after_local_cswitch,0,50,45,0,67220,6106010 ns
after_local_cswitch,0,51,44,0,69035,6106010 ns
after_local_cswitch,0,52,43,0,-36636,6106010 ns
after_local_cswitch,0,53,42,0,-141553,6106010 ns
after_local_cswitch,0,54,41,0,8338,6106010 ns
after_local_cswitch,0,55,40,0,-240303,6106010 ns
after_local_cswitch,0,56,39,0,-3596,6106010 ns
after_local_cswitch,0,57,38,0,-53958,6106010 ns
after_local_cswitch,0,58,37,0,60978,6106010 ns
after_local_cswitch,0,59,36,0,28722,6106010 ns
after_local_cswitch,0,60,35,0,-36513,6106010 ns
after_local_cswitch,0,61,34,0,-16885,6106010 ns
after_local_cswitch,0,62,33,0,19708,6106010 ns
after_local_cswitch,0,63,32,0,25422,6106010 ns
after_local_cswitch,0,1,63,0,-109818,6106020 ns
after_local_cswitch,0,2,62,0,44174,6106020 ns
after_local_cswitch,0,3,61,0,-2085,6106020 ns
after_local_cswitch,0,4,60,0,-40922,6106020 ns
after_local_cswitch,0,5,59,0,32532,6106020 ns
after_local_cswitch,0,6,58,0,33544,6106020 ns
after_local_cswitch,0,7,57,0,102642,6106020 ns
after_local_cswitch,0,8,56,0,3196,6106020 ns
after_local_cswitch,0,9,55,0,120933,6106020 ns
after_local_cswitch,0,10,54,0,-62975,6106020 ns
after_local_cswitch,0,11,53,0,31414,6106020 ns
after_local_cswitch,0,12,52,0,-26076,6106020 ns
after_local_cswitch,0,13,51,0,-106887,6106020 ns
after_local_cswitch,0,14,50,0,129413,6106020 ns
after_local_cswitch,0,15,49,0,-69736,6106020 ns
after_local_cswitch,0,16,48,0,16313,6106020 ns
after_local_cswitch,0,17,47,0,-112056,6106020 ns
after_local_cswitch,0,18,46,0,53184,6106020 ns
after_local_cswitch,0,19,45,0,-160602,6106020 ns
after_local_cswitch,0,20,44,0,91353,6106020 ns
after_local_cswitch,0,21,43,0,-110315,6106020 ns
after_local_cswitch,0,22,42,0,3281,6106020 ns
after_local_cswitch,0,23,41,0,-15073,6106020 ns
after_local_cswitch,0,24,40,0,-53373,6106020 ns
after_local_cswitch,0,25,39,0,-76002,6106020 ns
after_local_cswitch,0,26,38,0,8007,6106020 ns
after_local_cswitch,0,27,37,0,-61858,6106020 ns
after_local_cswitch,0,28,36,0,-16594,6106020 ns
after_local_cswitch,0,29,35,0,-124514,6106020 ns
after_local_cswitch,0,30,34,0,91803,6106020 ns
after_local_cswitch,0,31,33,0,58616,6106020 ns
after_local_cswitch,0,33,63,0,-131478,6106020 ns
after_local_cswitch,0,34,62,0,51438,6106020 ns
after_local_cswitch,0,35,61,0,103460,6106020 ns
after_local_cswitch,0,36,60,0,-6690,6106020 ns
after_local_cswitch,0,37,59,0,56506,6106020 ns
after_local_cswitch,0,38,58,0,119891,6106020 ns
after_local_cswitch,0,39,57,0,8004,6106020 ns
after_local_cswitch,0,40,56,0,41248,6106020 ns
after_local_cswitch,0,41,55,0,-78520,6106020 ns
after_local_cswitch,0,42,54,0,-91783,6106020 ns
after_local_cswitch,0,43,53,0,-20260,6106020 ns
after_local_cswitch,0,44,52,0,-53993,6106020 ns
after_local_cswitch,0,45,51,0,-112938,6106020 ns
after_local_cswitch,0,46,50,0,-25925,6106020 ns
after_local_cswitch,0,47,49,0,-129507,6106020 ns
after_local_cswitch,0,48,48,0,26390,6106020 ns
after_local_cswitch,0,49,47,0,-109693,6106020 ns
after_local_cswitch,0,50,46,0,91941,6106020 ns
after_local_cswitch,0,51,45,0,-133488,6106020 ns
after_local_cswitch,0,52,44,0,-158501,6106020 ns
after_local_cswitch,0,53,43,0,-45117,6106020 ns
after_local_cswitch,0,54,42,0,24127,6106020 ns
after_local_cswitch,0,55,41,0,-2363,6106020 ns
after_local_cswitch,0,56,40,0,-152199,6106020 ns
after_local_cswitch,0,57,39,0,550,6106020 ns
after_local_cswitch,0,58,38,0,49138,6106020 ns
after_local_cswitch,0,59,37,0,45252,6106020 ns
after_local_cswitch,0,60,36,0,17519,6106020 ns
after_local_cswitch,0,61,35,0,129586,6106020 ns
after_local_cswitch,0,62,34,0,115012,6106020 ns
after_local_cswitch,0,63,33,0,26121,6106020 ns
after_local_cswitch,0,1,63,0,-109818,6106020 ns
after_local_cswitch,0,2,62,0,44174,6106020 ns
after_local_cswitch,0,3,61,0,-2085,6106020 ns
after_local_cswitch,0,4,60,0,-40922,6106020 ns
after_local_cswitch,0,5,59,0,32532,6106020 ns
after_local_cswitch,0,6,58,0,33544,6106020 ns
after_local_cswitch,0,7,57,0,102642,6106020 ns
after_local_cswitch,0,8,56,0,3196,6106020 ns
after_local_cswitch,0,9,55,0,120933,6106020 ns
after_local_cswitch,0,10,54,0,-62975,6106020 ns
after_local_cswitch,0,11,53,0,31414,6106020 ns
after_local_cswitch,0,12,52,0,-26076,6106020 ns
after_local_cswitch,0,13,51,0,-106887,6106020 ns
after_local_cswitch,0,14,50,0,129413,6106020 ns
after_local_cswitch,0,15,49,0,-69736,6106020 ns
after_local_cswitch,0,16,48,0,16313,6106020 ns
after_local_cswitch,0,17,47,0,-112056,6106020 ns
after_local_cswitch,0,18,46,0,53184,6106020 ns
after_local_cswitch,0,19,45,0,-160602,6106020 ns
after_local_cswitch,0,20,44,0,91353,6106020 ns
after_local_cswitch,0,21,43,0,-110315,6106020 ns
after_local_cswitch,0,22,42,0,3281,6106020 ns
after_local_cswitch,0,23,41,0,-15073,6106020 ns
after_local_cswitch,0,24,40,0,-53373,6106020 ns
after_local_cswitch,0,25,39,0,-76002,6106020 ns
after_local_cswitch,0,26,38,0,8007,6106020 ns
after_local_cswitch,0,27,37,0,-61858,6106020 ns
after_local_cswitch,0,28,36,0,-16594,6106020 ns
after_local_cswitch,0,29,35,0,-124514,6106020 ns
after_local_cswitch,0,30,34,0,91803,6106020 ns
after_local_cswitch,0,31,33,0,58616,6106020 ns
after_local_cswitch,0,33,63,0,-131478,6106020 ns
after_local_cswitch,0,34,62,0,51438,6106020 ns
after_local_cswitch,0,35,61,0,103460,6106020 ns
after_local_cswitch,0,36,60,0,-6690,6106020 ns
after_local_cswitch,0,37,59,0,56506,6106020 ns
after_local_cswitch,0,38,58,0,119891,6106020 ns
after_local_cswitch,0,39,57,0,8004,6106020 ns
after_local_cswitch,0,40,56,0,41248,6106020 ns
after_local_cswitch,0,41,55,0,-78520,6106020 ns
after_local_cswitch,0,42,54,0,-91783,6106020 ns
after_local_cswitch,0,43,53,0,-20260,6106020 ns
after_local_cswitch,0,44,52,0,-53993,6106020 ns
after_local_cswitch,0,45,51,0,-112938,6106020 ns
after_local_cswitch,0,46,50,0,-25925,6106020 ns
after_local_cswitch,0,47,49,0,-129507,6106020 ns
after_local_cswitch,0,48,48,0,26390,6106020 ns
after_local_cswitch,0,49,47,0,-109693,6106020 ns
after_local_cswitch,0,50,46,0,91941,6106020 ns
after_local_cswitch,0,51,45,0,-133488,6106020 ns
after_local_cswitch,0,52,44,0,-158501,6106020 ns
after_local_cswitch,0,53,43,0,-45117,6106020 ns
after_local_cswitch,0,54,42,0,24127,6106020 ns
after_local_cswitch,0,55,41,0,-2363,6106020 ns
after_local_cswitch,0,56,40,0,-152199,6106020 ns
after_local_cswitch,0,57,39,0,550,6106020 ns
after_local_cswitch,0,58,38,0,49138,6106020 ns
after_local_cswitch,0,59,37,0,45252,6106020 ns
after_local_cswitch,0,60,36,0,17519,6106020 ns
after_local_cswitch,0,61,35,0,129586,6106020 ns
after_local_cswitch,0,62,34,0,115012,6106020 ns
after_local_cswitch,0,63,33,0,26121,6106020 ns
after_local_cswitch,0,1,63,0,-109818,6106020 ns
after_local_cswitch,0,2,62,0,44174,6106020 ns
after_local_cswitch,0,3,61,0,-2085,6106020 ns
after_local_cswitch,0,4,60,0,-40922,6106020 ns
after_local_cswitch,0,5,59,0,32532,6106020 ns
after_local_cswitch,0,6,58,0,33544,6106020 ns
after_local_cswitch,0,7,57,0,102642,6106020 ns
after_local_cswitch,0,8,56,0,3196,6106020 ns
after_local_cswitch,0,9,55,0,120933,6106020 ns
after_local_cswitch,0,10,54,0,-62975,6106020 ns
after_local_cswitch,0,11,53,0,31414,6106020 ns
after_local_cswitch,0,12,52,0,-26076,6106020 ns
after_local_cswitch,0,13,51,0,-106887,6106020 ns
after_local_cswitch,0,14,50,0,129413,6106020 ns
after_local_cswitch,0,15,49,0,-69736,6106020 ns
after_local_cswitch,0,16,48,0,16313,6106020 ns
after_local_cswitch,0,17,47,0,-112056,6106020 ns
after_local_cswitch,0,18,46,0,53184,6106020 ns
after_local_cswitch,0,19,45,0,-160602,6106020 ns
after_local_cswitch,0,20,44,0,91353,6106020 ns
after_local_cswitch,0,21,43,0,-110315,6106020 ns
after_local_cswitch,0,22,42,0,3281,6106020 ns
after_local_cswitch,0,23,41,0,-15073,6106020 ns
after_local_cswitch,0,24,40,0,-53373,6106020 ns
after_local_cswitch,0,25,39,0,-76002,6106020 ns
after_local_cswitch,0,26,38,0,8007,6106020 ns
after_local_cswitch,0,27,37,0,-61858,6106020 ns
after_local_cswitch,0,28,36,0,-16594,6106020 ns
after_local_cswitch,0,29,35,0,-124514,6106020 ns
after_local_cswitch,0,30,34,0,91803,6106020 ns
after_local_cswitch,0,31,33,0,58616,6106020 ns
after_local_cswitch,0,33,63,0,-131478,6106020 ns
after_local_cswitch,0,34,62,0,51438,6106020 ns
after_local_cswitch,0,35,61,0,103460,6106020 ns
after_local_cswitch,0,36,60,0,-6690,6106020 ns
after_local_cswitch,0,37,59,0,56506,6106020 ns
after_local_cswitch,0,38,58,0,119891,6106020 ns
after_local_cswitch,0,39,57,0,8004,6106020 ns
after_local_cswitch,0,40,56,0,41248,6106020 ns
after_local_cswitch,0,41,55,0,-78520,6106020 ns
after_local_cswitch,0,42,54,0,-91783,6106020 ns
after_local_cswitch,0,43,53,0,-20260,6106020 ns
after_local_cswitch,0,44,52,0,-53993,6106020 ns
after_local_cswitch,0,45,51,0,-112938,6106020 ns
after_local_cswitch,0,46,50,0,-25925,6106020 ns
after_local_cswitch,0,47,49,0,-129507,6106020 ns
after_local_cswitch,0,48,48,0,26390,6106020 ns
after_local_cswitch,0,49,47,0,-109693,6106020 ns
after_local_cswitch,0,50,46,0,91941,6106020 ns
after_local_cswitch,0,51,45,0,-133488,6106020 ns
after_local_cswitch,0,52,44,0,-158501,6106020 ns
after_local_cswitch,0,53,43,0,-45117,6106020 ns
after_local_cswitch,0,54,42,0,24127,6106020 ns
after_local_cswitch,0,55,41,0,-2363,6106020 ns
after_local_cswitch,0,56,40,0,-152199,6106020 ns
after_local_cswitch,0,57,39,0,550,6106020 ns
after_local_cswitch,0,58,38,0,49138,6106020 ns
after_local_cswitch,0,59,37,0,45252,6106020 ns
after_local_cswitch,0,60,36,0,17519,6106020 ns
after_local_cswitch,0,61,35,0,129586,6106020 ns
after_local_cswitch,0,62,34,0,115012,6106020 ns
after_local_cswitch,0,63,33,0,26121,6106020 ns
after_local_cswitch,0,2,63,0,78474,6106030 ns
after_local_cswitch,0,3,62,0,92207,6106030 ns
after_local_cswitch,0,4,61,0,-78648,6106030 ns
after_local_cswitch,0,5,60,0,-2127,6106030 ns
after_local_cswitch,0,6,59,0,-27851,6106030 ns
after_local_cswitch,0,7,58,0,-58566,6106030 ns
after_local_cswitch,0,8,57,0,44106,6106030 ns
after_local_cswitch,0,9,56,0,-67036,6106030 ns
after_local_cswitch,0,10,55,0,21348,6106030 ns
after_local_cswitch,0,11,54,0,-205933,6106030 ns
after_local_cswitch,0,12,53,0,65903,6106030 ns
after_local_cswitch,0,13,52,0,-45559,6106030 ns
after_local_cswitch,0,14,51,0,37395,6106030 ns
after_local_cswitch,0,15,50,0,693,6106030 ns
after_local_cswitch,0,16,49,0,-398,6106030 ns
after_local_cswitch,0,17,48,0,-85145,6106030 ns
after_local_cswitch,0,18,47,0,53901,6106030 ns
after_local_cswitch,0,19,46,0,88996,6106030 ns
after_local_cswitch,0,20,45,0,-79213,6106030 ns
after_local_cswitch,0,21,44,0,-143889,6106030 ns
after_local_cswitch,0,22,43,0,-3250,6106030 ns
after_local_cswitch,0,23,42,0,31415,6106030 ns
after_local_cswitch,0,24,41,0,-10241,6106030 ns
after_local_cswitch,0,25,40,0,-158003,6106030 ns
after_local_cswitch,0,26,39,0,-105548,6106030 ns
after_local_cswitch,0,27,38,0,10362,6106030 ns
after_local_cswitch,0,28,37,0,-80759,6106030 ns
after_local_cswitch,0,29,36,0,-50469,6106030 ns
after_local_cswitch,0,30,35,0,-111677,6106030 ns
after_local_cswitch,0,31,34,0,-125446,6106030 ns
after_local_cswitch,0,34,63,0,105835,6106030 ns
after_local_cswitch,0,35,62,0,-55188,6106030 ns
after_local_cswitch,0,36,61,0,1369,6106030 ns
after_local_cswitch,0,37,60,0,45766,6106030 ns
after_local_cswitch,0,38,59,0,81347,6106030 ns
after_local_cswitch,0,39,58,0,-84528,6106030 ns
after_local_cswitch,0,40,57,0,-62855,6106030 ns
after_local_cswitch,0,41,56,0,49122,6106030 ns
after_local_cswitch,0,42,55,0,8248,6106030 ns
after_local_cswitch,0,43,54,0,-30079,6106030 ns
after_local_cswitch,0,44,53,0,16766,6106030 ns
after_local_cswitch,0,45,52,0,77357,6106030 ns
after_local_cswitch,0,46,51,0,94198,6106030 ns
after_local_cswitch,0,47,50,0,84612,6106030 ns
after_local_cswitch,0,48,49,0,183171,6106030 ns
after_local_cswitch,0,49,48,0,-52268,6106030 ns
after_local_cswitch,0,50,47,0,144840,6106030 ns
after_local_cswitch,0,51,46,0,24402,6106030 ns
after_local_cswitch,0,52,45,0,56550,6106030 ns
after_local_cswitch,0,53,44,0,85197,6106030 ns
after_local_cswitch,0,54,43,0,10810,6106030 ns
after_local_cswitch,0,55,42,0,-28669,6106030 ns
after_local_cswitch,0,56,41,0,-18140,6106030 ns
after_local_cswitch,0,57,40,0,121865,6106030 ns
after_local_cswitch,0,58,39,0,5394,6106030 ns
after_local_cswitch,0,59,38,0,-76387,6106030 ns
after_local_cswitch,0,60,37,0,-69839,6106030 ns
after_local_cswitch,0,61,36,0,-203797,6106030 ns
after_local_cswitch,0,62,35,0,31661,6106030 ns
after_local_cswitch,0,63,34,0,4126,6106030 ns
after_local_cswitch,0,2,63,0,78474,6106030 ns
after_local_cswitch,0,3,62,0,92207,6106030 ns
after_local_cswitch,0,4,61,0,-78648,6106030 ns
after_local_cswitch,0,5,60,0,-2127,6106030 ns
after_local_cswitch,0,6,59,0,-27851,6106030 ns
after_local_cswitch,0,7,58,0,-58566,6106030 ns
after_local_cswitch,0,8,57,0,44106,6106030 ns
after_local_cswitch,0,9,56,0,-67036,6106030 ns
after_local_cswitch,0,10,55,0,21348,6106030 ns
after_local_cswitch,0,11,54,0,-205933,6106030 ns
after_local_cswitch,0,12,53,0,65903,6106030 ns
after_local_cswitch,0,13,52,0,-45559,6106030 ns
after_local_cswitch,0,14,51,0,37395,6106030 ns
after_local_cswitch,0,15,50,0,693,6106030 ns
after_local_cswitch,0,16,49,0,-398,6106030 ns
after_local_cswitch,0,17,48,0,-85145,6106030 ns
after_local_cswitch,0,18,47,0,53901,6106030 ns
after_local_cswitch,0,19,46,0,88996,6106030 ns
after_local_cswitch,0,20,45,0,-79213,6106030 ns
after_local_cswitch,0,21,44,0,-143889,6106030 ns
after_local_cswitch,0,22,43,0,-3250,6106030 ns
after_local_cswitch,0,23,42,0,31415,6106030 ns
after_local_cswitch,0,24,41,0,-10241,6106030 ns
after_local_cswitch,0,25,40,0,-158003,6106030 ns
after_local_cswitch,0,26,39,0,-105548,6106030 ns
after_local_cswitch,0,27,38,0,10362,6106030 ns
after_local_cswitch,0,28,37,0,-80759,6106030 ns
after_local_cswitch,0,29,36,0,-50469,6106030 ns
after_local_cswitch,0,30,35,0,-111677,6106030 ns
after_local_cswitch,0,31,34,0,-125446,6106030 ns
after_local_cswitch,0,34,63,0,105835,6106030 ns
after_local_cswitch,0,35,62,0,-55188,6106030 ns
after_local_cswitch,0,36,61,0,1369,6106030 ns
after_local_cswitch,0,37,60,0,45766,6106030 ns
after_local_cswitch,0,38,59,0,81347,6106030 ns
after_local_cswitch,0,39,58,0,-84528,6106030 ns
after_local_cswitch,0,40,57,0,-62855,6106030 ns
after_local_cswitch,0,41,56,0,49122,6106030 ns
after_local_cswitch,0,42,55,0,8248,6106030 ns
after_local_cswitch,0,43,54,0,-30079,6106030 ns
after_local_cswitch,0,44,53,0,16766,6106030 ns
after_local_cswitch,0,45,52,0,77357,6106030 ns
after_local_cswitch,0,46,51,0,94198,6106030 ns
after_local_cswitch,0,47,50,0,84612,6106030 ns
after_local_cswitch,0,48,49,0,183171,6106030 ns
after_local_cswitch,0,49,48,0,-52268,6106030 ns
after_local_cswitch,0,50,47,0,144840,6106030 ns
after_local_cswitch,0,51,46,0,24402,6106030 ns
after_local_cswitch,0,52,45,0,56550,6106030 ns
after_local_cswitch,0,53,44,0,85197,6106030 ns
after_local_cswitch,0,54,43,0,10810,6106030 ns
after_local_cswitch,0,55,42,0,-28669,6106030 ns
after_local_cswitch,0,56,41,0,-18140,6106030 ns
after_local_cswitch,0,57,40,0,121865,6106030 ns
after_local_cswitch,0,58,39,0,5394,6106030 ns
after_local_cswitch,0,59,38,0,-76387,6106030 ns
after_local_cswitch,0,60,37,0,-69839,6106030 ns
after_local_cswitch,0,61,36,0,-203797,6106030 ns
after_local_cswitch,0,62,35,0,31661,6106030 ns
after_local_cswitch,0,63,34,0,4126,6106030 ns
after_local_cswitch,0,2,63,0,78474,6106030 ns
after_local_cswitch,0,3,62,0,92207,6106030 ns
after_local_cswitch,0,4,61,0,-78648,6106030 ns
after_local_cswitch,0,5,60,0,-2127,6106030 ns
after_local_cswitch,0,6,59,0,-27851,6106030 ns
after_local_cswitch,0,7,58,0,-58566,6106030 ns
after_local_cswitch,0,8,57,0,44106,6106030 ns
after_local_cswitch,0,9,56,0,-67036,6106030 ns
after_local_cswitch,0,10,55,0,21348,6106030 ns
after_local_cswitch,0,11,54,0,-205933,6106030 ns
after_local_cswitch,0,12,53,0,65903,6106030 ns
after_local_cswitch,0,13,52,0,-45559,6106030 ns
after_local_cswitch,0,14,51,0,37395,6106030 ns
after_local_cswitch,0,15,50,0,693,6106030 ns
after_local_cswitch,0,16,49,0,-398,6106030 ns
after_local_cswitch,0,17,48,0,-85145,6106030 ns
after_local_cswitch,0,18,47,0,53901,6106030 ns
after_local_cswitch,0,19,46,0,88996,6106030 ns
after_local_cswitch,0,20,45,0,-79213,6106030 ns
after_local_cswitch,0,21,44,0,-143889,6106030 ns
after_local_cswitch,0,22,43,0,-3250,6106030 ns
after_local_cswitch,0,23,42,0,31415,6106030 ns
after_local_cswitch,0,24,41,0,-10241,6106030 ns
after_local_cswitch,0,25,40,0,-158003,6106030 ns
after_local_cswitch,0,26,39,0,-105548,6106030 ns
after_local_cswitch,0,27,38,0,10362,6106030 ns
after_local_cswitch,0,28,37,0,-80759,6106030 ns
after_local_cswitch,0,29,36,0,-50469,6106030 ns
after_local_cswitch,0,30,35,0,-111677,6106030 ns
after_local_cswitch,0,31,34,0,-125446,6106030 ns
after_local_cswitch,0,34,63,0,105835,6106030 ns
after_local_cswitch,0,35,62,0,-55188,6106030 ns
after_local_cswitch,0,36,61,0,1369,6106030 ns
after_local_cswitch,0,37,60,0,45766,6106030 ns
after_local_cswitch,0,38,59,0,81347,6106030 ns
after_local_cswitch,0,39,58,0,-84528,6106030 ns
after_local_cswitch,0,40,57,0,-62855,6106030 ns
after_local_cswitch,0,41,56,0,49122,6106030 ns
after_local_cswitch,0,42,55,0,8248,6106030 ns
after_local_cswitch,0,43,54,0,-30079,6106030 ns
after_local_cswitch,0,44,53,0,16766,6106030 ns
after_local_cswitch,0,45,52,0,77357,6106030 ns
after_local_cswitch,0,46,51,0,94198,6106030 ns
after_local_cswitch,0,47,50,0,84612,6106030 ns
after_local_cswitch,0,48,49,0,183171,6106030 ns
after_local_cswitch,0,49,48,0,-52268,6106030 ns
after_local_cswitch,0,50,47,0,144840,6106030 ns
after_local_cswitch,0,51,46,0,24402,6106030 ns
after_local_cswitch,0,52,45,0,56550,6106030 ns
after_local_cswitch,0,53,44,0,85197,6106030 ns
after_local_cswitch,0,54,43,0,10810,6106030 ns
after_local_cswitch,0,55,42,0,-28669,6106030 ns
after_local_cswitch,0,56,41,0,-18140,6106030 ns
after_local_cswitch,0,57,40,0,121865,6106030 ns
after_local_cswitch,0,58,39,0,5394,6106030 ns
after_local_cswitch,0,59,38,0,-76387,6106030 ns
after_local_cswitch,0,60,37,0,-69839,6106030 ns
after_local_cswitch,0,61,36,0,-203797,6106030 ns
after_local_cswitch,0,62,35,0,31661,6106030 ns
after_local_cswitch,0,63,34,0,4126,6106030 ns
after_local_cswitch,0,3,63,0,-59814,6106040 ns
after_local_cswitch,0,4,62,0,-28887,6106040 ns
after_local_cswitch,0,5,61,0,-23705,6106040 ns
after_local_cswitch,0,6,60,0,-10037,6106040 ns
after_local_cswitch,0,7,59,0,41387,6106040 ns
after_local_cswitch,0,8,58,0,-4077,6106040 ns
after_local_cswitch,0,9,57,0,-29857,6106040 ns
after_local_cswitch,0,10,56,0,69010,6106040 ns
after_local_cswitch,0,11,55,0,14980,6106040 ns
after_local_cswitch,0,12,54,0,251110,6106040 ns
after_local_cswitch,0,13,53,0,26529,6106040 ns
after_local_cswitch,0,14,52,0,-73375,6106040 ns
after_local_cswitch,0,15,51,0,-45372,6106040 ns
after_local_cswitch,0,16,50,0,-60270,6106040 ns
after_local_cswitch,0,17,49,0,-16899,6106040 ns
after_local_cswitch,0,18,48,0,46900,6106040 ns
after_local_cswitch,0,19,47,0,10259,6106040 ns
after_local_cswitch,0,20,46,0,122869,6106040 ns
after_local_cswitch,0,21,45,0,171416,6106040 ns
after_local_cswitch,0,22,44,0,55568,6106040 ns
after_local_cswitch,0,23,43,0,90726,6106040 ns
after_local_cswitch,0,24,42,0,57476,6106040 ns
after_local_cswitch,0,25,41,0,114875,6106040 ns
after_local_cswitch,0,26,40,0,26541,6106040 ns
after_local_cswitch,0,27,39,0,51458,6106040 ns
after_local_cswitch,0,28,38,0,97982,6106040 ns
after_local_cswitch,0,29,37,0,18672,6106040 ns
after_local_cswitch,0,30,36,0,-61847,6106040 ns
after_local_cswitch,0,31,35,0,63081,6106040 ns
after_local_cswitch,0,35,63,0,-120098,6106040 ns
after_local_cswitch,0,36,62,0,-113879,6106040 ns
after_local_cswitch,0,37,61,0,-40460,6106040 ns
after_local_cswitch,0,38,60,0,240,6106040 ns
after_local_cswitch,0,39,59,0,88004,6106040 ns
after_local_cswitch,0,40,58,0,-109535,6106040 ns
after_local_cswitch,0,41,57,0,149822,6106040 ns
after_local_cswitch,0,42,56,0,-17150,6106040 ns
after_local_cswitch,0,43,55,0,72654,6106040 ns
after_local_cswitch,0,44,54,0,-52394,6106040 ns
after_local_cswitch,0,45,53,0,45887,6106040 ns
after_local_cswitch,0,46,52,0,-58329,6106040 ns
after_local_cswitch,0,47,51,0,46475,6106040 ns
after_local_cswitch,0,48,50,0,68209,6106040 ns
after_local_cswitch,0,49,49,0,-117093,6106040 ns
after_local_cswitch,0,50,48,0,-4149,6106040 ns
after_local_cswitch,0,51,47,0,83674,6106040 ns
after_local_cswitch,0,52,46,0,-15415,6106040 ns
after_local_cswitch,0,53,45,0,18484,6106040 ns
after_local_cswitch,0,54,44,0,1210,6106040 ns
after_local_cswitch,0,55,43,0,54752,6106040 ns
after_local_cswitch,0,56,42,0,10931,6106040 ns
after_local_cswitch,0,57,41,0,84421,6106040 ns
after_local_cswitch,0,58,40,0,-6721,6106040 ns
after_local_cswitch,0,59,39,0,-116927,6106040 ns
after_local_cswitch,0,60,38,0,49129,6106040 ns
after_local_cswitch,0,61,37,0,-31732,6106040 ns
after_local_cswitch,0,62,36,0,-3522,6106040 ns
after_local_cswitch,0,63,35,0,-40473,6106040 ns
after_local_cswitch,0,3,63,0,-59814,6106040 ns
after_local_cswitch,0,4,62,0,-28887,6106040 ns
after_local_cswitch,0,5,61,0,-23705,6106040 ns
after_local_cswitch,0,6,60,0,-10037,6106040 ns
after_local_cswitch,0,7,59,0,41387,6106040 ns
after_local_cswitch,0,8,58,0,-4077,6106040 ns
after_local_cswitch,0,9,57,0,-29857,6106040 ns
after_local_cswitch,0,10,56,0,69010,6106040 ns
after_local_cswitch,0,11,55,0,14980,6106040 ns
after_local_cswitch,0,12,54,0,251110,6106040 ns
after_local_cswitch,0,13,53,0,26529,6106040 ns
after_local_cswitch,0,14,52,0,-73375,6106040 ns
after_local_cswitch,0,15,51,0,-45372,6106040 ns
after_local_cswitch,0,16,50,0,-60270,6106040 ns
after_local_cswitch,0,17,49,0,-16899,6106040 ns
after_local_cswitch,0,18,48,0,46900,6106040 ns
after_local_cswitch,0,19,47,0,10259,6106040 ns
after_local_cswitch,0,20,46,0,122869,6106040 ns
after_local_cswitch,0,21,45,0,171416,6106040 ns
after_local_cswitch,0,22,44,0,55568,6106040 ns
after_local_cswitch,0,23,43,0,90726,6106040 ns
after_local_cswitch,0,24,42,0,57476,6106040 ns
after_local_cswitch,0,25,41,0,114875,6106040 ns
after_local_cswitch,0,26,40,0,26541,6106040 ns
after_local_cswitch,0,27,39,0,51458,6106040 ns
after_local_cswitch,0,28,38,0,97982,6106040 ns
after_local_cswitch,0,29,37,0,18672,6106040 ns
after_local_cswitch,0,30,36,0,-61847,6106040 ns
after_local_cswitch,0,31,35,0,63081,6106040 ns
after_local_cswitch,0,35,63,0,-120098,6106040 ns
after_local_cswitch,0,36,62,0,-113879,6106040 ns
after_local_cswitch,0,37,61,0,-40460,6106040 ns
after_local_cswitch,0,38,60,0,240,6106040 ns
after_local_cswitch,0,39,59,0,88004,6106040 ns
after_local_cswitch,0,40,58,0,-109535,6106040 ns
after_local_cswitch,0,41,57,0,149822,6106040 ns
after_local_cswitch,0,42,56,0,-17150,6106040 ns
after_local_cswitch,0,43,55,0,72654,6106040 ns
after_local_cswitch,0,44,54,0,-52394,6106040 ns
after_local_cswitch,0,45,53,0,45887,6106040 ns
after_local_cswitch,0,46,52,0,-58329,6106040 ns
after_local_cswitch,0,47,51,0,46475,6106040 ns
after_local_cswitch,0,48,50,0,68209,6106040 ns
after_local_cswitch,0,49,49,0,-117093,6106040 ns
after_local_cswitch,0,50,48,0,-4149,6106040 ns
after_local_cswitch,0,51,47,0,83674,6106040 ns
after_local_cswitch,0,52,46,0,-15415,6106040 ns
after_local_cswitch,0,53,45,0,18484,6106040 ns
after_local_cswitch,0,54,44,0,1210,6106040 ns
after_local_cswitch,0,55,43,0,54752,6106040 ns
after_local_cswitch,0,56,42,0,10931,6106040 ns
after_local_cswitch,0,57,41,0,84421,6106040 ns
after_local_cswitch,0,58,40,0,-6721,6106040 ns
after_local_cswitch,0,59,39,0,-116927,6106040 ns
after_local_cswitch,0,60,38,0,49129,6106040 ns
after_local_cswitch,0,61,37,0,-31732,6106040 ns
after_local_cswitch,0,62,36,0,-3522,6106040 ns
after_local_cswitch,0,63,35,0,-40473,6106040 ns
after_local_cswitch,0,3,63,0,-59814,6106040 ns
after_local_cswitch,0,4,62,0,-28887,6106040 ns
after_local_cswitch,0,5,61,0,-23705,6106040 ns
after_local_cswitch,0,6,60,0,-10037,6106040 ns
after_local_cswitch,0,7,59,0,41387,6106040 ns
after_local_cswitch,0,8,58,0,-4077,6106040 ns
after_local_cswitch,0,9,57,0,-29857,6106040 ns
after_local_cswitch,0,10,56,0,69010,6106040 ns
after_local_cswitch,0,11,55,0,14980,6106040 ns
after_local_cswitch,0,12,54,0,251110,6106040 ns
after_local_cswitch,0,13,53,0,26529,6106040 ns
after_local_cswitch,0,14,52,0,-73375,6106040 ns
after_local_cswitch,0,15,51,0,-45372,6106040 ns
after_local_cswitch,0,16,50,0,-60270,6106040 ns
after_local_cswitch,0,17,49,0,-16899,6106040 ns
after_local_cswitch,0,18,48,0,46900,6106040 ns
after_local_cswitch,0,19,47,0,10259,6106040 ns
after_local_cswitch,0,20,46,0,122869,6106040 ns
after_local_cswitch,0,21,45,0,171416,6106040 ns
after_local_cswitch,0,22,44,0,55568,6106040 ns
after_local_cswitch,0,23,43,0,90726,6106040 ns
after_local_cswitch,0,24,42,0,57476,6106040 ns
after_local_cswitch,0,25,41,0,114875,6106040 ns
after_local_cswitch,0,26,40,0,26541,6106040 ns
after_local_cswitch,0,27,39,0,51458,6106040 ns
after_local_cswitch,0,28,38,0,97982,6106040 ns
after_local_cswitch,0,29,37,0,18672,6106040 ns
after_local_cswitch,0,30,36,0,-61847,6106040 ns
after_local_cswitch,0,31,35,0,63081,6106040 ns
after_local_cswitch,0,35,63,0,-120098,6106040 ns
after_local_cswitch,0,36,62,0,-113879,6106040 ns
after_local_cswitch,0,37,61,0,-40460,6106040 ns
after_local_cswitch,0,38,60,0,240,6106040 ns
after_local_cswitch,0,39,59,0,88004,6106040 ns
after_local_cswitch,0,40,58,0,-109535,6106040 ns
after_local_cswitch,0,41,57,0,149822,6106040 ns
after_local_cswitch,0,42,56,0,-17150,6106040 ns
after_local_cswitch,0,43,55,0,72654,6106040 ns
after_local_cswitch,0,44,54,0,-52394,6106040 ns
after_local_cswitch,0,45,53,0,45887,6106040 ns
after_local_cswitch,0,46,52,0,-58329,6106040 ns
after_local_cswitch,0,47,51,0,46475,6106040 ns
after_local_cswitch,0,48,50,0,68209,6106040 ns
after_local_cswitch,0,49,49,0,-117093,6106040 ns
after_local_cswitch,0,50,48,0,-4149,6106040 ns
after_local_cswitch,0,51,47,0,83674,6106040 ns
after_local_cswitch,0,52,46,0,-15415,6106040 ns
after_local_cswitch,0,53,45,0,18484,6106040 ns
after_local_cswitch,0,54,44,0,1210,6106040 ns
after_local_cswitch,0,55,43,0,54752,6106040 ns
after_local_cswitch,0,56,42,0,10931,6106040 ns
after_local_cswitch,0,57,41,0,84421,6106040 ns
after_local_cswitch,0,58,40,0,-6721,6106040 ns
after_local_cswitch,0,59,39,0,-116927,6106040 ns
after_local_cswitch,0,60,38,0,49129,6106040 ns
after_local_cswitch,0,61,37,0,-31732,6106040 ns
after_local_cswitch,0,62,36,0,-3522,6106040 ns
after_local_cswitch,0,63,35,0,-40473,6106040 ns
after_local_cswitch,0,4,63,0,-86991,6106050 ns
after_local_cswitch,0,5,62,0,-55261,6106050 ns
after_local_cswitch,0,6,61,0,94225,6106050 ns
after_local_cswitch,0,7,60,0,75865,6106050 ns
after_local_cswitch,0,8,59,0,42517,6106050 ns
after_local_cswitch,0,9,58,0,-13081,6106050 ns
after_local_cswitch,0,10,57,0,60631,6106050 ns
after_local_cswitch,0,11,56,0,-117193,6106050 ns
after_local_cswitch,0,12,55,0,-2728,6106050 ns
after_local_cswitch,0,13,54,0,64969,6106050 ns
after_local_cswitch,0,14,53,0,9209,6106050 ns
after_local_cswitch,0,15,52,0,-92059,6106050 ns
after_local_cswitch,0,16,51,0,55420,6106050 ns
after_local_cswitch,0,17,50,0,-74485,6106050 ns
after_local_cswitch,0,18,49,0,-107982,6106050 ns
after_local_cswitch,0,19,48,0,-5402,6106050 ns
after_local_cswitch,0,20,47,0,38930,6106050 ns
after_local_cswitch,0,21,46,0,146525,6106050 ns
after_local_cswitch,0,22,45,0,-39380,6106050 ns
after_local_cswitch,0,23,44,0,-21268,6106050 ns
after_local_cswitch,0,24,43,0,-122665,6106050 ns
after_local_cswitch,0,25,42,0,112845,6106050 ns
after_local_cswitch,0,26,41,0,-64952,6106050 ns
after_local_cswitch,0,27,40,0,-2488,6106050 ns
after_local_cswitch,0,28,39,0,-114093,6106050 ns
after_local_cswitch,0,29,38,0,675,6106050 ns
after_local_cswitch,0,30,37,0,-103942,6106050 ns
after_local_cswitch,0,31,36,0,-34207,6106050 ns
after_local_cswitch,0,36,63,0,-66955,6106050 ns
after_local_cswitch,0,37,62,0,111391,6106050 ns
after_local_cswitch,0,38,61,0,-53721,6106050 ns
after_local_cswitch,0,39,60,0,-16831,6106050 ns
after_local_cswitch,0,40,59,0,-14902,6106050 ns
after_local_cswitch,0,41,58,0,229893,6106050 ns
after_local_cswitch,0,42,57,0,-612,6106050 ns
after_local_cswitch,0,43,56,0,21251,6106050 ns
after_local_cswitch,0,44,55,0,50188,6106050 ns
after_local_cswitch,0,45,54,0,54449,6106050 ns
after_local_cswitch,0,46,53,0,51953,6106050 ns
after_local_cswitch,0,47,52,0,-13551,6106050 ns
after_local_cswitch,0,48,51,0,-24657,6106050 ns
after_local_cswitch,0,49,50,0,40756,6106050 ns
after_local_cswitch,0,50,49,0,-24292,6106050 ns
after_local_cswitch,0,51,48,0,-11552,6106050 ns
after_local_cswitch,0,52,47,0,-33466,6106050 ns
after_local_cswitch,0,53,46,0,107145,6106050 ns
after_local_cswitch,0,54,45,0,-18349,6106050 ns
after_local_cswitch,0,55,44,0,-68474,6106050 ns
after_local_cswitch,0,56,43,0,-97250,6106050 ns
after_local_cswitch,0,57,42,0,-27440,6106050 ns
after_local_cswitch,0,58,41,0,-160095,6106050 ns
after_local_cswitch,0,59,40,0,45357,6106050 ns
after_local_cswitch,0,60,39,0,114269,6106050 ns
after_local_cswitch,0,61,38,0,59934,6106050 ns
after_local_cswitch,0,62,37,0,-45217,6106050 ns
after_local_cswitch,0,63,36,0,55338,6106050 ns
after_local_cswitch,0,4,63,0,-86991,6106050 ns
after_local_cswitch,0,5,62,0,-55261,6106050 ns
after_local_cswitch,0,6,61,0,94225,6106050 ns
after_local_cswitch,0,7,60,0,75865,6106050 ns
after_local_cswitch,0,8,59,0,42517,6106050 ns
after_local_cswitch,0,9,58,0,-13081,6106050 ns
after_local_cswitch,0,10,57,0,60631,6106050 ns
after_local_cswitch,0,11,56,0,-117193,6106050 ns
after_local_cswitch,0,12,55,0,-2728,6106050 ns
after_local_cswitch,0,13,54,0,64969,6106050 ns
after_local_cswitch,0,14,53,0,9209,6106050 ns
after_local_cswitch,0,15,52,0,-92059,6106050 ns
after_local_cswitch,0,16,51,0,55420,6106050 ns
after_local_cswitch,0,17,50,0,-74485,6106050 ns
after_local_cswitch,0,18,49,0,-107982,6106050 ns
after_local_cswitch,0,19,48,0,-5402,6106050 ns
after_local_cswitch,0,20,47,0,38930,6106050 ns
after_local_cswitch,0,21,46,0,146525,6106050 ns
after_local_cswitch,0,22,45,0,-39380,6106050 ns
after_local_cswitch,0,23,44,0,-21268,6106050 ns
after_local_cswitch,0,24,43,0,-122665,6106050 ns
after_local_cswitch,0,25,42,0,112845,6106050 ns
after_local_cswitch,0,26,41,0,-64952,6106050 ns
after_local_cswitch,0,27,40,0,-2488,6106050 ns
after_local_cswitch,0,28,39,0,-114093,6106050 ns
after_local_cswitch,0,29,38,0,675,6106050 ns
after_local_cswitch,0,30,37,0,-103942,6106050 ns
after_local_cswitch,0,31,36,0,-34207,6106050 ns
after_local_cswitch,0,36,63,0,-66955,6106050 ns
after_local_cswitch,0,37,62,0,111391,6106050 ns
after_local_cswitch,0,38,61,0,-53721,6106050 ns
after_local_cswitch,0,39,60,0,-16831,6106050 ns
after_local_cswitch,0,40,59,0,-14902,6106050 ns
after_local_cswitch,0,41,58,0,229893,6106050 ns
after_local_cswitch,0,42,57,0,-612,6106050 ns
after_local_cswitch,0,43,56,0,21251,6106050 ns
after_local_cswitch,0,44,55,0,50188,6106050 ns
after_local_cswitch,0,45,54,0,54449,6106050 ns
after_local_cswitch,0,46,53,0,51953,6106050 ns
after_local_cswitch,0,47,52,0,-13551,6106050 ns
after_local_cswitch,0,48,51,0,-24657,6106050 ns
after_local_cswitch,0,49,50,0,40756,6106050 ns
after_local_cswitch,0,50,49,0,-24292,6106050 ns
after_local_cswitch,0,51,48,0,-11552,6106050 ns
after_local_cswitch,0,52,47,0,-33466,6106050 ns
after_local_cswitch,0,53,46,0,107145,6106050 ns
after_local_cswitch,0,54,45,0,-18349,6106050 ns
after_local_cswitch,0,55,44,0,-68474,6106050 ns
after_local_cswitch,0,56,43,0,-97250,6106050 ns
after_local_cswitch,0,57,42,0,-27440,6106050 ns
after_local_cswitch,0,58,41,0,-160095,6106050 ns
after_local_cswitch,0,59,40,0,45357,6106050 ns
after_local_cswitch,0,60,39,0,114269,6106050 ns
after_local_cswitch,0,61,38,0,59934,6106050 ns
after_local_cswitch,0,62,37,0,-45217,6106050 ns
after_local_cswitch,0,63,36,0,55338,6106050 ns
after_local_cswitch,0,4,63,0,-86991,6106050 ns
after_local_cswitch,0,5,62,0,-55261,6106050 ns
after_local_cswitch,0,6,61,0,94225,6106050 ns
after_local_cswitch,0,7,60,0,75865,6106050 ns
after_local_cswitch,0,8,59,0,42517,6106050 ns
after_local_cswitch,0,9,58,0,-13081,6106050 ns
after_local_cswitch,0,10,57,0,60631,6106050 ns
after_local_cswitch,0,11,56,0,-117193,6106050 ns
after_local_cswitch,0,12,55,0,-2728,6106050 ns
after_local_cswitch,0,13,54,0,64969,6106050 ns
after_local_cswitch,0,14,53,0,9209,6106050 ns
after_local_cswitch,0,15,52,0,-92059,6106050 ns
after_local_cswitch,0,16,51,0,55420,6106050 ns
after_local_cswitch,0,17,50,0,-74485,6106050 ns
after_local_cswitch,0,18,49,0,-107982,6106050 ns
after_local_cswitch,0,19,48,0,-5402,6106050 ns
after_local_cswitch,0,20,47,0,38930,6106050 ns
after_local_cswitch,0,21,46,0,146525,6106050 ns
after_local_cswitch,0,22,45,0,-39380,6106050 ns
after_local_cswitch,0,23,44,0,-21268,6106050 ns
after_local_cswitch,0,24,43,0,-122665,6106050 ns
after_local_cswitch,0,25,42,0,112845,6106050 ns
after_local_cswitch,0,26,41,0,-64952,6106050 ns
after_local_cswitch,0,27,40,0,-2488,6106050 ns
after_local_cswitch,0,28,39,0,-114093,6106050 ns
after_local_cswitch,0,29,38,0,675,6106050 ns
after_local_cswitch,0,30,37,0,-103942,6106050 ns
after_local_cswitch,0,31,36,0,-34207,6106050 ns
after_local_cswitch,0,36,63,0,-66955,6106050 ns
after_local_cswitch,0,37,62,0,111391,6106050 ns
after_local_cswitch,0,38,61,0,-53721,6106050 ns
after_local_cswitch,0,39,60,0,-16831,6106050 ns
after_local_cswitch,0,40,59,0,-14902,6106050 ns
after_local_cswitch,0,41,58,0,229893,6106050 ns
after_local_cswitch,0,42,57,0,-612,6106050 ns
after_local_cswitch,0,43,56,0,21251,6106050 ns
after_local_cswitch,0,44,55,0,50188,6106050 ns
after_local_cswitch,0,45,54,0,54449,6106050 ns
after_local_cswitch,0,46,53,0,51953,6106050 ns
after_local_cswitch,0,47,52,0,-13551,6106050 ns
after_local_cswitch,0,48,51,0,-24657,6106050 ns
after_local_cswitch,0,49,50,0,40756,6106050 ns
after_local_cswitch,0,50,49,0,-24292,6106050 ns
after_local_cswitch,0,51,48,0,-11552,6106050 ns
after_local_cswitch,0,52,47,0,-33466,6106050 ns
after_local_cswitch,0,53,46,0,107145,6106050 ns
after_local_cswitch,0,54,45,0,-18349,6106050 ns
after_local_cswitch,0,55,44,0,-68474,6106050 ns
after_local_cswitch,0,56,43,0,-97250,6106050 ns
after_local_cswitch,0,57,42,0,-27440,6106050 ns
after_local_cswitch,0,58,41,0,-160095,6106050 ns
after_local_cswitch,0,59,40,0,45357,6106050 ns
after_local_cswitch,0,60,39,0,114269,6106050 ns
after_local_cswitch,0,61,38,0,59934,6106050 ns
after_local_cswitch,0,62,37,0,-45217,6106050 ns
after_local_cswitch,0,63,36,0,55338,6106050 ns
after_local_cswitch,0,5,63,0,166261,6106060 ns
after_local_cswitch,0,6,62,0,-57582,6106060 ns
after_local_cswitch,0,7,61,0,71395,6106060 ns
after_local_cswitch,0,8,60,0,-27759,6106060 ns
after_local_cswitch,0,9,59,0,-10818,6106060 ns
after_local_cswitch,0,10,58,0,13611,6106060 ns
after_local_cswitch,0,11,57,0,-21954,6106060 ns
after_local_cswitch,0,12,56,0,-122833,6106060 ns
after_local_cswitch,0,13,55,0,12995,6106060 ns
after_local_cswitch,0,14,54,0,-48270,6106060 ns
after_local_cswitch,0,15,53,0,-15942,6106060 ns
after_local_cswitch,0,16,52,0,4182,6106060 ns
after_local_cswitch,0,17,51,0,-41780,6106060 ns
after_local_cswitch,0,18,50,0,33390,6106060 ns
after_local_cswitch,0,19,49,0,-1348,6106060 ns
after_local_cswitch,0,20,48,0,-22949,6106060 ns
after_local_cswitch,0,21,47,0,-115764,6106060 ns
after_local_cswitch,0,22,46,0,-10480,6106060 ns
after_local_cswitch,0,23,45,0,66166,6106060 ns
after_local_cswitch,0,24,44,0,64681,6106060 ns
after_local_cswitch,0,25,43,0,-160326,6106060 ns
after_local_cswitch,0,26,42,0,-29358,6106060 ns
after_local_cswitch,0,27,41,0,88364,6106060 ns
after_local_cswitch,0,28,40,0,56825,6106060 ns
after_local_cswitch,0,29,39,0,111964,6106060 ns
after_local_cswitch,0,30,38,0,43424,6106060 ns
after_local_cswitch,0,31,37,0,41027,6106060 ns
after_local_cswitch,0,37,63,0,42675,6106060 ns
after_local_cswitch,0,38,62,0,89337,6106060 ns
after_local_cswitch,0,39,61,0,190894,6106060 ns
after_local_cswitch,0,40,60,0,-102546,6106060 ns
after_local_cswitch,0,41,59,0,105005,6106060 ns
after_local_cswitch,0,42,58,0,-111212,6106060 ns
after_local_cswitch,0,43,57,0,-78784,6106060 ns
after_local_cswitch,0,44,56,0,-42024,6106060 ns
after_local_cswitch,0,45,55,0,-162753,6106060 ns
after_local_cswitch,0,46,54,0,-34196,6106060 ns
after_local_cswitch,0,47,53,0,118699,6106060 ns
after_local_cswitch,0,48,52,0,-66108,6106060 ns
after_local_cswitch,0,49,51,0,-43766,6106060 ns
after_local_cswitch,0,50,50,0,-16118,6106060 ns
after_local_cswitch,0,51,49,0,-148581,6106060 ns
after_local_cswitch,0,52,48,0,-45933,6106060 ns
after_local_cswitch,0,53,47,0,-83205,6106060 ns
after_local_cswitch,0,54,46,0,-111946,6106060 ns
after_local_cswitch,0,55,45,0,55725,6106060 ns
after_local_cswitch,0,56,44,0,63858,6106060 ns
after_local_cswitch,0,57,43,0,-41145,6106060 ns
after_local_cswitch,0,58,42,0,-128588,6106060 ns
after_local_cswitch,0,59,41,0,-29982,6106060 ns
after_local_cswitch,0,60,40,0,78318,6106060 ns
after_local_cswitch,0,61,39,0,-76067,6106060 ns
after_local_cswitch,0,62,38,0,134637,6106060 ns
after_local_cswitch,0,63,37,0,-92745,6106060 ns
after_local_cswitch,0,5,63,0,166261,6106060 ns
after_local_cswitch,0,6,62,0,-57582,6106060 ns
after_local_cswitch,0,7,61,0,71395,6106060 ns
after_local_cswitch,0,8,60,0,-27759,6106060 ns
after_local_cswitch,0,9,59,0,-10818,6106060 ns
after_local_cswitch,0,10,58,0,13611,6106060 ns
after_local_cswitch,0,11,57,0,-21954,6106060 ns
after_local_cswitch,0,12,56,0,-122833,6106060 ns
after_local_cswitch,0,13,55,0,12995,6106060 ns
after_local_cswitch,0,14,54,0,-48270,6106060 ns
after_local_cswitch,0,15,53,0,-15942,6106060 ns
after_local_cswitch,0,16,52,0,4182,6106060 ns
after_local_cswitch,0,17,51,0,-41780,6106060 ns
after_local_cswitch,0,18,50,0,33390,6106060 ns
after_local_cswitch,0,19,49,0,-1348,6106060 ns
after_local_cswitch,0,20,48,0,-22949,6106060 ns
after_local_cswitch,0,21,47,0,-115764,6106060 ns
after_local_cswitch,0,22,46,0,-10480,6106060 ns
after_local_cswitch,0,23,45,0,66166,6106060 ns
after_local_cswitch,0,24,44,0,64681,6106060 ns
after_local_cswitch,0,25,43,0,-160326,6106060 ns
after_local_cswitch,0,26,42,0,-29358,6106060 ns
after_local_cswitch,0,27,41,0,88364,6106060 ns
after_local_cswitch,0,28,40,0,56825,6106060 ns
after_local_cswitch,0,29,39,0,111964,6106060 ns
after_local_cswitch,0,30,38,0,43424,6106060 ns
after_local_cswitch,0,31,37,0,41027,6106060 ns
after_local_cswitch,0,37,63,0,42675,6106060 ns
after_local_cswitch,0,38,62,0,89337,6106060 ns
after_local_cswitch,0,39,61,0,190894,6106060 ns
after_local_cswitch,0,40,60,0,-102546,6106060 ns
after_local_cswitch,0,41,59,0,105005,6106060 ns
after_local_cswitch,0,42,58,0,-111212,6106060 ns
after_local_cswitch,0,43,57,0,-78784,6106060 ns
after_local_cswitch,0,44,56,0,-42024,6106060 ns
after_local_cswitch,0,45,55,0,-162753,6106060 ns
after_local_cswitch,0,46,54,0,-34196,6106060 ns
after_local_cswitch,0,47,53,0,118699,6106060 ns
after_local_cswitch,0,48,52,0,-66108,6106060 ns
after_local_cswitch,0,49,51,0,-43766,6106060 ns
after_local_cswitch,0,50,50,0,-16118,6106060 ns
after_local_cswitch,0,51,49,0,-148581,6106060 ns
after_local_cswitch,0,52,48,0,-45933,6106060 ns
after_local_cswitch,0,53,47,0,-83205,6106060 ns
after_local_cswitch,0,54,46,0,-111946,6106060 ns
after_local_cswitch,0,55,45,0,55725,6106060 ns
after_local_cswitch,0,56,44,0,63858,6106060 ns
after_local_cswitch,0,57,43,0,-41145,6106060 ns
after_local_cswitch,0,58,42,0,-128588,6106060 ns
after_local_cswitch,0,59,41,0,-29982,6106060 ns
after_local_cswitch,0,60,40,0,78318,6106060 ns
after_local_cswitch,0,61,39,0,-76067,6106060 ns
after_local_cswitch,0,62,38,0,134637,6106060 ns
after_local_cswitch,0,63,37,0,-92745,6106060 ns
after_local_cswitch,0,5,63,0,166261,6106060 ns
after_local_cswitch,0,6,62,0,-57582,6106060 ns
after_local_cswitch,0,7,61,0,71395,6106060 ns
after_local_cswitch,0,8,60,0,-27759,6106060 ns
after_local_cswitch,0,9,59,0,-10818,6106060 ns
after_local_cswitch,0,10,58,0,13611,6106060 ns
after_local_cswitch,0,11,57,0,-21954,6106060 ns
after_local_cswitch,0,12,56,0,-122833,6106060 ns
after_local_cswitch,0,13,55,0,12995,6106060 ns
after_local_cswitch,0,14,54,0,-48270,6106060 ns
after_local_cswitch,0,15,53,0,-15942,6106060 ns
after_local_cswitch,0,16,52,0,4182,6106060 ns
after_local_cswitch,0,17,51,0,-41780,6106060 ns
after_local_cswitch,0,18,50,0,33390,6106060 ns
after_local_cswitch,0,19,49,0,-1348,6106060 ns
after_local_cswitch,0,20,48,0,-22949,6106060 ns
after_local_cswitch,0,21,47,0,-115764,6106060 ns
after_local_cswitch,0,22,46,0,-10480,6106060 ns
after_local_cswitch,0,23,45,0,66166,6106060 ns
after_local_cswitch,0,24,44,0,64681,6106060 ns
after_local_cswitch,0,25,43,0,-160326,6106060 ns
after_local_cswitch,0,26,42,0,-29358,6106060 ns
after_local_cswitch,0,27,41,0,88364,6106060 ns
after_local_cswitch,0,28,40,0,56825,6106060 ns
after_local_cswitch,0,29,39,0,111964,6106060 ns
after_local_cswitch,0,30,38,0,43424,6106060 ns
after_local_cswitch,0,31,37,0,41027,6106060 ns
after_local_cswitch,0,37,63,0,42675,6106060 ns
after_local_cswitch,0,38,62,0,89337,6106060 ns
after_local_cswitch,0,39,61,0,190894,6106060 ns
after_local_cswitch,0,40,60,0,-102546,6106060 ns
after_local_cswitch,0,41,59,0,105005,6106060 ns
after_local_cswitch,0,42,58,0,-111212,6106060 ns
after_local_cswitch,0,43,57,0,-78784,6106060 ns
after_local_cswitch,0,44,56,0,-42024,6106060 ns
after_local_cswitch,0,45,55,0,-162753,6106060 ns
after_local_cswitch,0,46,54,0,-34196,6106060 ns
after_local_cswitch,0,47,53,0,118699,6106060 ns
after_local_cswitch,0,48,52,0,-66108,6106060 ns
after_local_cswitch,0,49,51,0,-43766,6106060 ns
after_local_cswitch,0,50,50,0,-16118,6106060 ns
after_local_cswitch,0,51,49,0,-148581,6106060 ns
after_local_cswitch,0,52,48,0,-45933,6106060 ns
after_local_cswitch,0,53,47,0,-83205,6106060 ns
after_local_cswitch,0,54,46,0,-111946,6106060 ns
after_local_cswitch,0,55,45,0,55725,6106060 ns
after_local_cswitch,0,56,44,0,63858,6106060 ns
after_local_cswitch,0,57,43,0,-41145,6106060 ns
after_local_cswitch,0,58,42,0,-128588,6106060 ns
after_local_cswitch,0,59,41,0,-29982,6106060 ns
after_local_cswitch,0,60,40,0,78318,6106060 ns
after_local_cswitch,0,61,39,0,-76067,6106060 ns
after_local_cswitch,0,62,38,0,134637,6106060 ns
after_local_cswitch,0,63,37,0,-92745,6106060 ns
after_local_cswitch,0,6,63,0,135931,6106070 ns
after_local_cswitch,0,7,62,0,25155,6106070 ns
after_local_cswitch,0,8,61,0,4181,6106070 ns
after_local_cswitch,0,9,60,0,108706,6106070 ns
after_local_cswitch,0,10,59,0,-70882,6106070 ns
after_local_cswitch,0,11,58,0,-13313,6106070 ns
after_local_cswitch,0,12,57,0,-106387,6106070 ns
after_local_cswitch,0,13,56,0,47194,6106070 ns
after_local_cswitch,0,14,55,0,-82667,6106070 ns
after_local_cswitch,0,15,54,0,-43407,6106070 ns
after_local_cswitch,0,16,53,0,46891,6106070 ns
after_local_cswitch,0,17,52,0,117781,6106070 ns
after_local_cswitch,0,18,51,0,52158,6106070 ns
after_local_cswitch,0,19,50,0,-197107,6106070 ns
after_local_cswitch,0,20,49,0,-48002,6106070 ns
after_local_cswitch,0,21,48,0,82947,6106070 ns
after_local_cswitch,0,22,47,0,-1842,6106070 ns
after_local_cswitch,0,23,46,0,-119320,6106070 ns
after_local_cswitch,0,24,45,0,-42020,6106070 ns
after_local_cswitch,0,25,44,0,-50476,6106070 ns
after_local_cswitch,0,26,43,0,37337,6106070 ns
after_local_cswitch,0,27,42,0,-8971,6106070 ns
after_local_cswitch,0,28,41,0,19993,6106070 ns
after_local_cswitch,0,29,40,0,13525,6106070 ns
after_local_cswitch,0,30,39,0,64154,6106070 ns
after_local_cswitch,0,31,38,0,20692,6106070 ns
after_local_cswitch,0,38,63,0,56526,6106070 ns
after_local_cswitch,0,39,62,0,-4071,6106070 ns
after_local_cswitch,0,40,61,0,-53617,6106070 ns
after_local_cswitch,0,41,60,0,-51494,6106070 ns
after_local_cswitch,0,42,59,0,-16049,6106070 ns
after_local_cswitch,0,43,58,0,-81759,6106070 ns
after_local_cswitch,0,44,57,0,17746,6106070 ns
after_local_cswitch,0,45,56,0,-165758,6106070 ns
after_local_cswitch,0,46,55,0,20388,6106070 ns
after_local_cswitch,0,47,54,0,-54790,6106070 ns
after_local_cswitch,0,48,53,0,-97566,6106070 ns
after_local_cswitch,0,49,52,0,-58573,6106070 ns
after_local_cswitch,0,50,51,0,62446,6106070 ns
after_local_cswitch,0,51,50,0,127463,6106070 ns
after_local_cswitch,0,52,49,0,-152000,6106070 ns
after_local_cswitch,0,53,48,0,39477,6106070 ns
after_local_cswitch,0,54,47,0,-69073,6106070 ns
after_local_cswitch,0,55,46,0,-38190,6106070 ns
after_local_cswitch,0,56,45,0,-101916,6106070 ns
after_local_cswitch,0,57,44,0,59564,6106070 ns
after_local_cswitch,0,58,43,0,50230,6106070 ns
after_local_cswitch,0,59,42,0,74907,6106070 ns
after_local_cswitch,0,60,41,0,-45429,6106070 ns
after_local_cswitch,0,61,40,0,278573,6106070 ns
after_local_cswitch,0,62,39,0,94960,6106070 ns
after_local_cswitch,0,63,38,0,31756,6106070 ns
after_local_cswitch,0,6,63,0,135931,6106070 ns
after_local_cswitch,0,7,62,0,25155,6106070 ns
after_local_cswitch,0,8,61,0,4181,6106070 ns
after_local_cswitch,0,9,60,0,108706,6106070 ns
after_local_cswitch,0,10,59,0,-70882,6106070 ns
after_local_cswitch,0,11,58,0,-13313,6106070 ns
after_local_cswitch,0,12,57,0,-106387,6106070 ns
after_local_cswitch,0,13,56,0,47194,6106070 ns
after_local_cswitch,0,14,55,0,-82667,6106070 ns
after_local_cswitch,0,15,54,0,-43407,6106070 ns
after_local_cswitch,0,16,53,0,46891,6106070 ns
after_local_cswitch,0,17,52,0,117781,6106070 ns
after_local_cswitch,0,18,51,0,52158,6106070 ns
after_local_cswitch,0,19,50,0,-197107,6106070 ns
after_local_cswitch,0,20,49,0,-48002,6106070 ns
after_local_cswitch,0,21,48,0,82947,6106070 ns
after_local_cswitch,0,22,47,0,-1842,6106070 ns
after_local_cswitch,0,23,46,0,-119320,6106070 ns
after_local_cswitch,0,24,45,0,-42020,6106070 ns
after_local_cswitch,0,25,44,0,-50476,6106070 ns
after_local_cswitch,0,26,43,0,37337,6106070 ns
after_local_cswitch,0,27,42,0,-8971,6106070 ns
after_local_cswitch,0,28,41,0,19993,6106070 ns
after_local_cswitch,0,29,40,0,13525,6106070 ns
after_local_cswitch,0,30,39,0,64154,6106070 ns
after_local_cswitch,0,31,38,0,20692,6106070 ns
after_local_cswitch,0,38,63,0,56526,6106070 ns
after_local_cswitch,0,39,62,0,-4071,6106070 ns
after_local_cswitch,0,40,61,0,-53617,6106070 ns
after_local_cswitch,0,41,60,0,-51494,6106070 ns
after_local_cswitch,0,42,59,0,-16049,6106070 ns
after_local_cswitch,0,43,58,0,-81759,6106070 ns
after_local_cswitch,0,44,57,0,17746,6106070 ns
after_local_cswitch,0,45,56,0,-165758,6106070 ns
after_local_cswitch,0,46,55,0,20388,6106070 ns
after_local_cswitch,0,47,54,0,-54790,6106070 ns
after_local_cswitch,0,48,53,0,-97566,6106070 ns
after_local_cswitch,0,49,52,0,-58573,6106070 ns
after_local_cswitch,0,50,51,0,62446,6106070 ns
after_local_cswitch,0,51,50,0,127463,6106070 ns
after_local_cswitch,0,52,49,0,-152000,6106070 ns
after_local_cswitch,0,53,48,0,39477,6106070 ns
after_local_cswitch,0,54,47,0,-69073,6106070 ns
after_local_cswitch,0,55,46,0,-38190,6106070 ns
after_local_cswitch,0,56,45,0,-101916,6106070 ns
after_local_cswitch,0,57,44,0,59564,6106070 ns
after_local_cswitch,0,58,43,0,50230,6106070 ns
after_local_cswitch,0,59,42,0,74907,6106070 ns
after_local_cswitch,0,60,41,0,-45429,6106070 ns
after_local_cswitch,0,61,40,0,278573,6106070 ns
after_local_cswitch,0,62,39,0,94960,6106070 ns
after_local_cswitch,0,63,38,0,31756,6106070 ns
after_local_cswitch,0,6,63,0,135931,6106070 ns
after_local_cswitch,0,7,62,0,25155,6106070 ns
after_local_cswitch,0,8,61,0,4181,6106070 ns
after_local_cswitch,0,9,60,0,108706,6106070 ns
after_local_cswitch,0,10,59,0,-70882,6106070 ns
after_local_cswitch,0,11,58,0,-13313,6106070 ns
after_local_cswitch,0,12,57,0,-106387,6106070 ns
after_local_cswitch,0,13,56,0,47194,6106070 ns
after_local_cswitch,0,14,55,0,-82667,6106070 ns
after_local_cswitch,0,15,54,0,-43407,6106070 ns
after_local_cswitch,0,16,53,0,46891,6106070 ns
after_local_cswitch,0,17,52,0,117781,6106070 ns
after_local_cswitch,0,18,51,0,52158,6106070 ns
after_local_cswitch,0,19,50,0,-197107,6106070 ns
after_local_cswitch,0,20,49,0,-48002,6106070 ns
after_local_cswitch,0,21,48,0,82947,6106070 ns
after_local_cswitch,0,22,47,0,-1842,6106070 ns
after_local_cswitch,0,23,46,0,-119320,6106070 ns
after_local_cswitch,0,24,45,0,-42020,6106070 ns
after_local_cswitch,0,25,44,0,-50476,6106070 ns
after_local_cswitch,0,26,43,0,37337,6106070 ns
after_local_cswitch,0,27,42,0,-8971,6106070 ns
after_local_cswitch,0,28,41,0,19993,6106070 ns
after_local_cswitch,0,29,40,0,13525,6106070 ns
after_local_cswitch,0,30,39,0,64154,6106070 ns
after_local_cswitch,0,31,38,0,20692,6106070 ns
after_local_cswitch,0,38,63,0,56526,6106070 ns
after_local_cswitch,0,39,62,0,-4071,6106070 ns
after_local_cswitch,0,40,61,0,-53617,6106070 ns
after_local_cswitch,0,41,60,0,-51494,6106070 ns
after_local_cswitch,0,42,59,0,-16049,6106070 ns
after_local_cswitch,0,43,58,0,-81759,6106070 ns
after_local_cswitch,0,44,57,0,17746,6106070 ns
after_local_cswitch,0,45,56,0,-165758,6106070 ns
after_local_cswitch,0,46,55,0,20388,6106070 ns
after_local_cswitch,0,47,54,0,-54790,6106070 ns
after_local_cswitch,0,48,53,0,-97566,6106070 ns
after_local_cswitch,0,49,52,0,-58573,6106070 ns
after_local_cswitch,0,50,51,0,62446,6106070 ns
after_local_cswitch,0,51,50,0,127463,6106070 ns
after_local_cswitch,0,52,49,0,-152000,6106070 ns
after_local_cswitch,0,53,48,0,39477,6106070 ns
after_local_cswitch,0,54,47,0,-69073,6106070 ns
after_local_cswitch,0,55,46,0,-38190,6106070 ns
after_local_cswitch,0,56,45,0,-101916,6106070 ns
after_local_cswitch,0,57,44,0,59564,6106070 ns
after_local_cswitch,0,58,43,0,50230,6106070 ns
after_local_cswitch,0,59,42,0,74907,6106070 ns
after_local_cswitch,0,60,41,0,-45429,6106070 ns
after_local_cswitch,0,61,40,0,278573,6106070 ns
after_local_cswitch,0,62,39,0,94960,6106070 ns
after_local_cswitch,0,63,38,0,31756,6106070 ns
after_local_cswitch,0,7,63,0,-4520,6106080 ns
after_local_cswitch,0,8,62,0,-30165,6106080 ns
after_local_cswitch,0,9,61,0,64528,6106080 ns
after_local_cswitch,0,10,60,0,6968,6106080 ns
after_local_cswitch,0,11,59,0,13517,6106080 ns
after_local_cswitch,0,12,58,0,-53048,6106080 ns
after_local_cswitch,0,13,57,0,-47765,6106080 ns
after_local_cswitch,0,14,56,0,-95472,6106080 ns
after_local_cswitch,0,15,55,0,-48988,6106080 ns
after_local_cswitch,0,16,54,0,-1148,6106080 ns
after_local_cswitch,0,17,53,0,47004,6106080 ns
after_local_cswitch,0,18,52,0,-67826,6106080 ns
after_local_cswitch,0,19,51,0,-17725,6106080 ns
after_local_cswitch,0,20,50,0,-136737,6106080 ns
after_local_cswitch,0,21,49,0,-140185,6106080 ns
after_local_cswitch,0,22,48,0,3325,6106080 ns
after_local_cswitch,0,23,47,0,70570,6106080 ns
after_local_cswitch,0,24,46,0,17620,6106080 ns
after_local_cswitch,0,25,45,0,32874,6106080 ns
after_local_cswitch,0,26,44,0,-16239,6106080 ns
after_local_cswitch,0,27,43,0,-91355,6106080 ns
after_local_cswitch,0,28,42,0,-165406,6106080 ns
after_local_cswitch,0,29,41,0,-37609,6106080 ns
after_local_cswitch,0,30,40,0,-43629,6106080 ns
after_local_cswitch,0,31,39,0,91076,6106080 ns
after_local_cswitch,0,39,63,0,-86346,6106080 ns
after_local_cswitch,0,40,62,0,-26501,6106080 ns
after_local_cswitch,0,41,61,0,-41205,6106080 ns
after_local_cswitch,0,42,60,0,-88185,6106080 ns
after_local_cswitch,0,43,59,0,175490,6106080 ns
after_local_cswitch,0,44,58,0,-5396,6106080 ns
after_local_cswitch,0,45,57,0,16873,6106080 ns
after_local_cswitch,0,46,56,0,-102585,6106080 ns
after_local_cswitch,0,47,55,0,-36016,6106080 ns
after_local_cswitch,0,48,54,0,47361,6106080 ns
after_local_cswitch,0,49,53,0,-42328,6106080 ns
after_local_cswitch,0,50,52,0,-11165,6106080 ns
after_local_cswitch,0,51,51,0,65618,6106080 ns
after_local_cswitch,0,52,50,0,-71833,6106080 ns
after_local_cswitch,0,53,49,0,-93764,6106080 ns
after_local_cswitch,0,54,48,0,71947,6106080 ns
after_local_cswitch,0,55,47,0,4886,6106080 ns
after_local_cswitch,0,56,46,0,67546,6106080 ns
after_local_cswitch,0,57,45,0,-101153,6106080 ns
after_local_cswitch,0,58,44,0,94695,6106080 ns
after_local_cswitch,0,59,43,0,16184,6106080 ns
after_local_cswitch,0,60,42,0,-52943,6106080 ns
after_local_cswitch,0,61,41,0,-100611,6106080 ns
after_local_cswitch,0,62,40,0,16672,6106080 ns
after_local_cswitch,0,63,39,0,-64416,6106080 ns
after_local_cswitch,0,7,63,0,-4520,6106080 ns
after_local_cswitch,0,8,62,0,-30165,6106080 ns
after_local_cswitch,0,9,61,0,64528,6106080 ns
after_local_cswitch,0,10,60,0,6968,6106080 ns
after_local_cswitch,0,11,59,0,13517,6106080 ns
after_local_cswitch,0,12,58,0,-53048,6106080 ns
after_local_cswitch,0,13,57,0,-47765,6106080 ns
after_local_cswitch,0,14,56,0,-95472,6106080 ns
after_local_cswitch,0,15,55,0,-48988,6106080 ns
after_local_cswitch,0,16,54,0,-1148,6106080 ns
after_local_cswitch,0,17,53,0,47004,6106080 ns
after_local_cswitch,0,18,52,0,-67826,6106080 ns
after_local_cswitch,0,19,51,0,-17725,6106080 ns
after_local_cswitch,0,20,50,0,-136737,6106080 ns
after_local_cswitch,0,21,49,0,-140185,6106080 ns
after_local_cswitch,0,22,48,0,3325,6106080 ns
after_local_cswitch,0,23,47,0,70570,6106080 ns
after_local_cswitch,0,24,46,0,17620,6106080 ns
after_local_cswitch,0,25,45,0,32874,6106080 ns
after_local_cswitch,0,26,44,0,-16239,6106080 ns
after_local_cswitch,0,27,43,0,-91355,6106080 ns
after_local_cswitch,0,28,42,0,-165406,6106080 ns
after_local_cswitch,0,29,41,0,-37609,6106080 ns
after_local_cswitch,0,30,40,0,-43629,6106080 ns
after_local_cswitch,0,31,39,0,91076,6106080 ns
after_local_cswitch,0,39,63,0,-86346,6106080 ns
after_local_cswitch,0,40,62,0,-26501,6106080 ns
after_local_cswitch,0,41,61,0,-41205,6106080 ns
after_local_cswitch,0,42,60,0,-88185,6106080 ns
after_local_cswitch,0,43,59,0,175490,6106080 ns
after_local_cswitch,0,44,58,0,-5396,6106080 ns
after_local_cswitch,0,45,57,0,16873,6106080 ns
after_local_cswitch,0,46,56,0,-102585,6106080 ns
after_local_cswitch,0,47,55,0,-36016,6106080 ns
after_local_cswitch,0,48,54,0,47361,6106080 ns
after_local_cswitch,0,49,53,0,-42328,6106080 ns
after_local_cswitch,0,50,52,0,-11165,6106080 ns
after_local_cswitch,0,51,51,0,65618,6106080 ns
after_local_cswitch,0,52,50,0,-71833,6106080 ns
after_local_cswitch,0,53,49,0,-93764,6106080 ns
after_local_cswitch,0,54,48,0,71947,6106080 ns
after_local_cswitch,0,55,47,0,4886,6106080 ns
after_local_cswitch,0,56,46,0,67546,6106080 ns
after_local_cswitch,0,57,45,0,-101153,6106080 ns
after_local_cswitch,0,58,44,0,94695,6106080 ns
after_local_cswitch,0,59,43,0,16184,6106080 ns
after_local_cswitch,0,60,42,0,-52943,6106080 ns
after_local_cswitch,0,61,41,0,-100611,6106080 ns
after_local_cswitch,0,62,40,0,16672,6106080 ns
after_local_cswitch,0,63,39,0,-64416,6106080 ns
after_local_cswitch,0,7,63,0,-4520,6106080 ns
after_local_cswitch,0,8,62,0,-30165,6106080 ns
after_local_cswitch,0,9,61,0,64528,6106080 ns
after_local_cswitch,0,10,60,0,6968,6106080 ns
after_local_cswitch,0,11,59,0,13517,6106080 ns
after_local_cswitch,0,12,58,0,-53048,6106080 ns
after_local_cswitch,0,13,57,0,-47765,6106080 ns
after_local_cswitch,0,14,56,0,-95472,6106080 ns
after_local_cswitch,0,15,55,0,-48988,6106080 ns
after_local_cswitch,0,16,54,0,-1148,6106080 ns
after_local_cswitch,0,17,53,0,47004,6106080 ns
after_local_cswitch,0,18,52,0,-67826,6106080 ns
after_local_cswitch,0,19,51,0,-17725,6106080 ns
after_local_cswitch,0,20,50,0,-136737,6106080 ns
after_local_cswitch,0,21,49,0,-140185,6106080 ns
after_local_cswitch,0,22,48,0,3325,6106080 ns
after_local_cswitch,0,23,47,0,70570,6106080 ns
after_local_cswitch,0,24,46,0,17620,6106080 ns
after_local_cswitch,0,25,45,0,32874,6106080 ns
after_local_cswitch,0,26,44,0,-16239,6106080 ns
after_local_cswitch,0,27,43,0,-91355,6106080 ns
after_local_cswitch,0,28,42,0,-165406,6106080 ns
after_local_cswitch,0,29,41,0,-37609,6106080 ns
after_local_cswitch,0,30,40,0,-43629,6106080 ns
after_local_cswitch,0,31,39,0,91076,6106080 ns
after_local_cswitch,0,39,63,0,-86346,6106080 ns
after_local_cswitch,0,40,62,0,-26501,6106080 ns
after_local_cswitch,0,41,61,0,-41205,6106080 ns
after_local_cswitch,0,42,60,0,-88185,6106080 ns
after_local_cswitch,0,43,59,0,175490,6106080 ns
after_local_cswitch,0,44,58,0,-5396,6106080 ns
after_local_cswitch,0,45,57,0,16873,6106080 ns
after_local_cswitch,0,46,56,0,-102585,6106080 ns
after_local_cswitch,0,47,55,0,-36016,6106080 ns
after_local_cswitch,0,48,54,0,47361,6106080 ns
after_local_cswitch,0,49,53,0,-42328,6106080 ns
after_local_cswitch,0,50,52,0,-11165,6106080 ns
after_local_cswitch,0,51,51,0,65618,6106080 ns
after_local_cswitch,0,52,50,0,-71833,6106080 ns
after_local_cswitch,0,53,49,0,-93764,6106080 ns
after_local_cswitch,0,54,48,0,71947,6106080 ns
after_local_cswitch,0,55,47,0,4886,6106080 ns
after_local_cswitch,0,56,46,0,67546,6106080 ns
after_local_cswitch,0,57,45,0,-101153,6106080 ns
after_local_cswitch,0,58,44,0,94695,6106080 ns
after_local_cswitch,0,59,43,0,16184,6106080 ns
after_local_cswitch,0,60,42,0,-52943,6106080 ns
after_local_cswitch,0,61,41,0,-100611,6106080 ns
after_local_cswitch,0,62,40,0,16672,6106080 ns
after_local_cswitch,0,63,39,0,-64416,6106080 ns
after_local_cswitch,0,8,63,0,-62493,6106090 ns
after_local_cswitch,0,9,62,0,87377,6106090 ns
after_local_cswitch,0,10,61,0,-5554,6106090 ns
after_local_cswitch,0,11,60,0,40247,6106090 ns
after_local_cswitch,0,12,59,0,-83406,6106090 ns
after_local_cswitch,0,13,58,0,-18413,6106090 ns
after_local_cswitch,0,14,57,0,45951,6106090 ns
after_local_cswitch,0,15,56,0,-42304,6106090 ns
after_local_cswitch,0,16,55,0,12883,6106090 ns
after_local_cswitch,0,17,54,0,109537,6106090 ns
after_local_cswitch,0,18,53,0,-60833,6106090 ns
after_local_cswitch,0,19,52,0,16427,6106090 ns
after_local_cswitch,0,20,51,0,73698,6106090 ns
after_local_cswitch,0,21,50,0,57486,6106090 ns
after_local_cswitch,0,22,49,0,43527,6106090 ns
after_local_cswitch,0,23,48,0,38407,6106090 ns
after_local_cswitch,0,24,47,0,127976,6106090 ns
after_local_cswitch,0,25,46,0,109156,6106090 ns
after_local_cswitch,0,26,45,0,-31673,6106090 ns
after_local_cswitch,0,27,44,0,17029,6106090 ns
after_local_cswitch,0,28,43,0,49708,6106090 ns
after_local_cswitch,0,29,42,0,36350,6106090 ns
after_local_cswitch,0,30,41,0,-120578,6106090 ns
after_local_cswitch,0,31,40,0,84908,6106090 ns
after_local_cswitch,0,40,63,0,-97670,6106090 ns
after_local_cswitch,0,41,62,0,174290,6106090 ns
after_local_cswitch,0,42,61,0,33375,6106090 ns
after_local_cswitch,0,43,60,0,-104601,6106090 ns
after_local_cswitch,0,44,59,0,41528,6106090 ns
after_local_cswitch,0,45,58,0,-32704,6106090 ns
after_local_cswitch,0,46,57,0,-48683,6106090 ns
after_local_cswitch,0,47,56,0,-85304,6106090 ns
after_local_cswitch,0,48,55,0,-36497,6106090 ns
after_local_cswitch,0,49,54,0,158452,6106090 ns
after_local_cswitch,0,50,53,0,-99473,6106090 ns
after_local_cswitch,0,51,52,0,-71225,6106090 ns
after_local_cswitch,0,52,51,0,-3733,6106090 ns
after_local_cswitch,0,53,50,0,-127316,6106090 ns
after_local_cswitch,0,54,49,0,40889,6106090 ns
after_local_cswitch,0,55,48,0,14393,6106090 ns
after_local_cswitch,0,56,47,0,94213,6106090 ns
after_local_cswitch,0,57,46,0,726,6106090 ns
after_local_cswitch,0,58,45,0,34796,6106090 ns
after_local_cswitch,0,59,44,0,-67879,6106090 ns
after_local_cswitch,0,60,43,0,-163537,6106090 ns
after_local_cswitch,0,61,42,0,-98745,6106090 ns
after_local_cswitch,0,62,41,0,39735,6106090 ns
after_local_cswitch,0,63,40,0,-156326,6106090 ns
after_local_cswitch,0,8,63,0,-62493,6106090 ns
after_local_cswitch,0,9,62,0,87377,6106090 ns
after_local_cswitch,0,10,61,0,-5554,6106090 ns
after_local_cswitch,0,11,60,0,40247,6106090 ns
after_local_cswitch,0,12,59,0,-83406,6106090 ns
after_local_cswitch,0,13,58,0,-18413,6106090 ns
after_local_cswitch,0,14,57,0,45951,6106090 ns
after_local_cswitch,0,15,56,0,-42304,6106090 ns
after_local_cswitch,0,16,55,0,12883,6106090 ns
after_local_cswitch,0,17,54,0,109537,6106090 ns
after_local_cswitch,0,18,53,0,-60833,6106090 ns
after_local_cswitch,0,19,52,0,16427,6106090 ns
after_local_cswitch,0,20,51,0,73698,6106090 ns
after_local_cswitch,0,21,50,0,57486,6106090 ns
after_local_cswitch,0,22,49,0,43527,6106090 ns
after_local_cswitch,0,23,48,0,38407,6106090 ns
after_local_cswitch,0,24,47,0,127976,6106090 ns
after_local_cswitch,0,25,46,0,109156,6106090 ns
after_local_cswitch,0,26,45,0,-31673,6106090 ns
after_local_cswitch,0,27,44,0,17029,6106090 ns
after_local_cswitch,0,28,43,0,49708,6106090 ns
after_local_cswitch,0,29,42,0,36350,6106090 ns
after_local_cswitch,0,30,41,0,-120578,6106090 ns
after_local_cswitch,0,31,40,0,84908,6106090 ns
after_local_cswitch,0,40,63,0,-97670,6106090 ns
after_local_cswitch,0,41,62,0,174290,6106090 ns
after_local_cswitch,0,42,61,0,33375,6106090 ns
after_local_cswitch,0,43,60,0,-104601,6106090 ns
after_local_cswitch,0,44,59,0,41528,6106090 ns
after_local_cswitch,0,45,58,0,-32704,6106090 ns
after_local_cswitch,0,46,57,0,-48683,6106090 ns
after_local_cswitch,0,47,56,0,-85304,6106090 ns
after_local_cswitch,0,48,55,0,-36497,6106090 ns
after_local_cswitch,0,49,54,0,158452,6106090 ns
after_local_cswitch,0,50,53,0,-99473,6106090 ns
after_local_cswitch,0,51,52,0,-71225,6106090 ns
after_local_cswitch,0,52,51,0,-3733,6106090 ns
after_local_cswitch,0,53,50,0,-127316,6106090 ns
after_local_cswitch,0,54,49,0,40889,6106090 ns
after_local_cswitch,0,55,48,0,14393,6106090 ns
after_local_cswitch,0,56,47,0,94213,6106090 ns
after_local_cswitch,0,57,46,0,726,6106090 ns
after_local_cswitch,0,58,45,0,34796,6106090 ns
after_local_cswitch,0,59,44,0,-67879,6106090 ns
after_local_cswitch,0,60,43,0,-163537,6106090 ns
after_local_cswitch,0,61,42,0,-98745,6106090 ns
after_local_cswitch,0,62,41,0,39735,6106090 ns
after_local_cswitch,0,63,40,0,-156326,6106090 ns
after_local_cswitch,0,8,63,0,-62493,6106090 ns
after_local_cswitch,0,9,62,0,87377,6106090 ns
after_local_cswitch,0,10,61,0,-5554,6106090 ns
after_local_cswitch,0,11,60,0,40247,6106090 ns
after_local_cswitch,0,12,59,0,-83406,6106090 ns
after_local_cswitch,0,13,58,0,-18413,6106090 ns
after_local_cswitch,0,14,57,0,45951,6106090 ns
after_local_cswitch,0,15,56,0,-42304,6106090 ns
after_local_cswitch,0,16,55,0,12883,6106090 ns
after_local_cswitch,0,17,54,0,109537,6106090 ns
after_local_cswitch,0,18,53,0,-60833,6106090 ns
after_local_cswitch,0,19,52,0,16427,6106090 ns
after_local_cswitch,0,20,51,0,73698,6106090 ns
after_local_cswitch,0,21,50,0,57486,6106090 ns
after_local_cswitch,0,22,49,0,43527,6106090 ns
after_local_cswitch,0,23,48,0,38407,6106090 ns
after_local_cswitch,0,24,47,0,127976,6106090 ns
after_local_cswitch,0,25,46,0,109156,6106090 ns
after_local_cswitch,0,26,45,0,-31673,6106090 ns
after_local_cswitch,0,27,44,0,17029,6106090 ns
after_local_cswitch,0,28,43,0,49708,6106090 ns
after_local_cswitch,0,29,42,0,36350,6106090 ns
after_local_cswitch,0,30,41,0,-120578,6106090 ns
after_local_cswitch,0,31,40,0,84908,6106090 ns
after_local_cswitch,0,40,63,0,-97670,6106090 ns
after_local_cswitch,0,41,62,0,174290,6106090 ns
after_local_cswitch,0,42,61,0,33375,6106090 ns
after_local_cswitch,0,43,60,0,-104601,6106090 ns
after_local_cswitch,0,44,59,0,41528,6106090 ns
after_local_cswitch,0,45,58,0,-32704,6106090 ns
after_local_cswitch,0,46,57,0,-48683,6106090 ns
after_local_cswitch,0,47,56,0,-85304,6106090 ns
after_local_cswitch,0,48,55,0,-36497,6106090 ns
after_local_cswitch,0,49,54,0,158452,6106090 ns
after_local_cswitch,0,50,53,0,-99473,6106090 ns
after_local_cswitch,0,51,52,0,-71225,6106090 ns
after_local_cswitch,0,52,51,0,-3733,6106090 ns
after_local_cswitch,0,53,50,0,-127316,6106090 ns
after_local_cswitch,0,54,49,0,40889,6106090 ns
after_local_cswitch,0,55,48,0,14393,6106090 ns
after_local_cswitch,0,56,47,0,94213,6106090 ns
after_local_cswitch,0,57,46,0,726,6106090 ns
after_local_cswitch,0,58,45,0,34796,6106090 ns
after_local_cswitch,0,59,44,0,-67879,6106090 ns
after_local_cswitch,0,60,43,0,-163537,6106090 ns
after_local_cswitch,0,61,42,0,-98745,6106090 ns
after_local_cswitch,0,62,41,0,39735,6106090 ns
after_local_cswitch,0,63,40,0,-156326,6106090 ns
after_local_cswitch,0,9,63,0,-3584,6106100 ns
after_local_cswitch,0,10,62,0,-18134,6106100 ns
after_local_cswitch,0,11,61,0,-45446,6106100 ns
after_local_cswitch,0,12,60,0,1840,6106100 ns
after_local_cswitch,0,13,59,0,-22153,6106100 ns
after_local_cswitch,0,14,58,0,-32665,6106100 ns
after_local_cswitch,0,15,57,0,-10344,6106100 ns
after_local_cswitch,0,16,56,0,48786,6106100 ns
after_local_cswitch,0,17,55,0,29696,6106100 ns
after_local_cswitch,0,18,54,0,123151,6106100 ns
after_local_cswitch,0,19,53,0,-74551,6106100 ns
after_local_cswitch,0,20,52,0,50684,6106100 ns
after_local_cswitch,0,21,51,0,-8403,6106100 ns
after_local_cswitch,0,22,50,0,-122956,6106100 ns
after_local_cswitch,0,23,49,0,-25083,6106100 ns
after_local_cswitch,0,24,48,0,-31776,6106100 ns
after_local_cswitch,0,25,47,0,-19713,6106100 ns
after_local_cswitch,0,26,46,0,654,6106100 ns
after_local_cswitch,0,27,45,0,16832,6106100 ns
after_local_cswitch,0,28,44,0,47834,6106100 ns
after_local_cswitch,0,29,43,0,-170038,6106100 ns
after_local_cswitch,0,30,42,0,32480,6106100 ns
after_local_cswitch,0,31,41,0,-15198,6106100 ns
after_local_cswitch,0,41,63,0,135967,6106100 ns
after_local_cswitch,0,42,62,0,58078,6106100 ns
after_local_cswitch,0,43,61,0,-73763,6106100 ns
after_local_cswitch,0,44,60,0,70339,6106100 ns
after_local_cswitch,0,45,59,0,21584,6106100 ns
after_local_cswitch,0,46,58,0,-71604,6106100 ns
after_local_cswitch,0,47,57,0,-1205,6106100 ns
after_local_cswitch,0,48,56,0,95503,6106100 ns
after_local_cswitch,0,49,55,0,-24704,6106100 ns
after_local_cswitch,0,50,54,0,-163588,6106100 ns
after_local_cswitch,0,51,53,0,-113154,6106100 ns
after_local_cswitch,0,52,52,0,755,6106100 ns
after_local_cswitch,0,53,51,0,208076,6106100 ns
after_local_cswitch,0,54,50,0,70119,6106100 ns
after_local_cswitch,0,55,49,0,-90461,6106100 ns
after_local_cswitch,0,56,48,0,-198559,6106100 ns
after_local_cswitch,0,57,47,0,99713,6106100 ns
after_local_cswitch,0,58,46,0,-18955,6106100 ns
after_local_cswitch,0,59,45,0,25591,6106100 ns
after_local_cswitch,0,60,44,0,-55516,6106100 ns
after_local_cswitch,0,61,43,0,41204,6106100 ns
after_local_cswitch,0,62,42,0,16185,6106100 ns
after_local_cswitch,0,63,41,0,-24826,6106100 ns
after_local_cswitch,0,9,63,0,-3584,6106100 ns
after_local_cswitch,0,10,62,0,-18134,6106100 ns
after_local_cswitch,0,11,61,0,-45446,6106100 ns
after_local_cswitch,0,12,60,0,1840,6106100 ns
after_local_cswitch,0,13,59,0,-22153,6106100 ns
after_local_cswitch,0,14,58,0,-32665,6106100 ns
after_local_cswitch,0,15,57,0,-10344,6106100 ns
after_local_cswitch,0,16,56,0,48786,6106100 ns
after_local_cswitch,0,17,55,0,29696,6106100 ns
after_local_cswitch,0,18,54,0,123151,6106100 ns
after_local_cswitch,0,19,53,0,-74551,6106100 ns
after_local_cswitch,0,20,52,0,50684,6106100 ns
after_local_cswitch,0,21,51,0,-8403,6106100 ns
after_local_cswitch,0,22,50,0,-122956,6106100 ns
after_local_cswitch,0,23,49,0,-25083,6106100 ns
after_local_cswitch,0,24,48,0,-31776,6106100 ns
after_local_cswitch,0,25,47,0,-19713,6106100 ns
after_local_cswitch,0,26,46,0,654,6106100 ns
after_local_cswitch,0,27,45,0,16832,6106100 ns
after_local_cswitch,0,28,44,0,47834,6106100 ns
after_local_cswitch,0,29,43,0,-170038,6106100 ns
after_local_cswitch,0,30,42,0,32480,6106100 ns
after_local_cswitch,0,31,41,0,-15198,6106100 ns
after_local_cswitch,0,41,63,0,135967,6106100 ns
after_local_cswitch,0,42,62,0,58078,6106100 ns
after_local_cswitch,0,43,61,0,-73763,6106100 ns
after_local_cswitch,0,44,60,0,70339,6106100 ns
after_local_cswitch,0,45,59,0,21584,6106100 ns
after_local_cswitch,0,46,58,0,-71604,6106100 ns
after_local_cswitch,0,47,57,0,-1205,6106100 ns
after_local_cswitch,0,48,56,0,95503,6106100 ns
after_local_cswitch,0,49,55,0,-24704,6106100 ns
after_local_cswitch,0,50,54,0,-163588,6106100 ns
after_local_cswitch,0,51,53,0,-113154,6106100 ns
after_local_cswitch,0,52,52,0,755,6106100 ns
after_local_cswitch,0,53,51,0,208076,6106100 ns
after_local_cswitch,0,54,50,0,70119,6106100 ns
after_local_cswitch,0,55,49,0,-90461,6106100 ns
after_local_cswitch,0,56,48,0,-198559,6106100 ns
after_local_cswitch,0,57,47,0,99713,6106100 ns
after_local_cswitch,0,58,46,0,-18955,6106100 ns
after_local_cswitch,0,59,45,0,25591,6106100 ns
after_local_cswitch,0,60,44,0,-55516,6106100 ns
after_local_cswitch,0,61,43,0,41204,6106100 ns
after_local_cswitch,0,62,42,0,16185,6106100 ns
after_local_cswitch,0,63,41,0,-24826,6106100 ns
after_local_cswitch,0,9,63,0,-3584,6106100 ns
after_local_cswitch,0,10,62,0,-18134,6106100 ns
after_local_cswitch,0,11,61,0,-45446,6106100 ns
after_local_cswitch,0,12,60,0,1840,6106100 ns
after_local_cswitch,0,13,59,0,-22153,6106100 ns
after_local_cswitch,0,14,58,0,-32665,6106100 ns
after_local_cswitch,0,15,57,0,-10344,6106100 ns
after_local_cswitch,0,16,56,0,48786,6106100 ns
after_local_cswitch,0,17,55,0,29696,6106100 ns
after_local_cswitch,0,18,54,0,123151,6106100 ns
after_local_cswitch,0,19,53,0,-74551,6106100 ns
after_local_cswitch,0,20,52,0,50684,6106100 ns
after_local_cswitch,0,21,51,0,-8403,6106100 ns
after_local_cswitch,0,22,50,0,-122956,6106100 ns
after_local_cswitch,0,23,49,0,-25083,6106100 ns
after_local_cswitch,0,24,48,0,-31776,6106100 ns
after_local_cswitch,0,25,47,0,-19713,6106100 ns
after_local_cswitch,0,26,46,0,654,6106100 ns
after_local_cswitch,0,27,45,0,16832,6106100 ns
after_local_cswitch,0,28,44,0,47834,6106100 ns
after_local_cswitch,0,29,43,0,-170038,6106100 ns
after_local_cswitch,0,30,42,0,32480,6106100 ns
after_local_cswitch,0,31,41,0,-15198,6106100 ns
after_local_cswitch,0,41,63,0,135967,6106100 ns
after_local_cswitch,0,42,62,0,58078,6106100 ns
after_local_cswitch,0,43,61,0,-73763,6106100 ns
after_local_cswitch,0,44,60,0,70339,6106100 ns
after_local_cswitch,0,45,59,0,21584,6106100 ns
after_local_cswitch,0,46,58,0,-71604,6106100 ns
after_local_cswitch,0,47,57,0,-1205,6106100 ns
after_local_cswitch,0,48,56,0,95503,6106100 ns
after_local_cswitch,0,49,55,0,-24704,6106100 ns
after_local_cswitch,0,50,54,0,-163588,6106100 ns
after_local_cswitch,0,51,53,0,-113154,6106100 ns
after_local_cswitch,0,52,52,0,755,6106100 ns
after_local_cswitch,0,53,51,0,208076,6106100 ns
after_local_cswitch,0,54,50,0,70119,6106100 ns
after_local_cswitch,0,55,49,0,-90461,6106100 ns
after_local_cswitch,0,56,48,0,-198559,6106100 ns
after_local_cswitch,0,57,47,0,99713,6106100 ns
after_local_cswitch,0,58,46,0,-18955,6106100 ns
after_local_cswitch,0,59,45,0,25591,6106100 ns
after_local_cswitch,0,60,44,0,-55516,6106100 ns
after_local_cswitch,0,61,43,0,41204,6106100 ns
after_local_cswitch,0,62,42,0,16185,6106100 ns
after_local_cswitch,0,63,41,0,-24826,6106100 ns
after_local_cswitch,0,10,63,0,19492,6106110 ns
after_local_cswitch,0,11,62,0,43714,6106110 ns
after_local_cswitch,0,12,61,0,131863,6106110 ns
after_local_cswitch,0,13,60,0,94296,6106110 ns
after_local_cswitch,0,14,59,0,-229012,6106110 ns
after_local_cswitch,0,15,58,0,-14550,6106110 ns
after_local_cswitch,0,16,57,0,-77807,6106110 ns
after_local_cswitch,0,17,56,0,3080,6106110 ns
after_local_cswitch,0,18,55,0,66196,6106110 ns
after_local_cswitch,0,19,54,0,31065,6106110 ns
after_local_cswitch,0,20,53,0,84937,6106110 ns
after_local_cswitch,0,21,52,0,130113,6106110 ns
after_local_cswitch,0,22,51,0,-13953,6106110 ns
after_local_cswitch,0,23,50,0,31898,6106110 ns
after_local_cswitch,0,24,49,0,8809,6106110 ns
after_local_cswitch,0,25,48,0,-43760,6106110 ns
after_local_cswitch,0,26,47,0,-10741,6106110 ns
after_local_cswitch,0,27,46,0,-203739,6106110 ns
after_local_cswitch,0,28,45,0,-133262,6106110 ns
after_local_cswitch,0,29,44,0,51447,6106110 ns
after_local_cswitch,0,30,43,0,-126223,6106110 ns
after_local_cswitch,0,31,42,0,-22035,6106110 ns
after_local_cswitch,0,42,63,0,27640,6106110 ns
after_local_cswitch,0,43,62,0,112819,6106110 ns
after_local_cswitch,0,44,61,0,-21145,6106110 ns
after_local_cswitch,0,45,60,0,2702,6106110 ns
after_local_cswitch,0,46,59,0,-2328,6106110 ns
after_local_cswitch,0,47,58,0,-151673,6106110 ns
after_local_cswitch,0,48,57,0,-5294,6106110 ns
after_local_cswitch,0,49,56,0,-144832,6106110 ns
after_local_cswitch,0,50,55,0,167563,6106110 ns
after_local_cswitch,0,51,54,0,-166019,6106110 ns
after_local_cswitch,0,52,53,0,-46480,6106110 ns
after_local_cswitch,0,53,52,0,-12398,6106110 ns
after_local_cswitch,0,54,51,0,85972,6106110 ns
after_local_cswitch,0,55,50,0,79957,6106110 ns
after_local_cswitch,0,56,49,0,101295,6106110 ns
after_local_cswitch,0,57,48,0,-212783,6106110 ns
after_local_cswitch,0,58,47,0,-33978,6106110 ns
after_local_cswitch,0,59,46,0,25656,6106110 ns
after_local_cswitch,0,60,45,0,-96708,6106110 ns
after_local_cswitch,0,61,44,0,147441,6106110 ns
after_local_cswitch,0,62,43,0,5397,6106110 ns
after_local_cswitch,0,63,42,0,29541,6106110 ns
after_local_cswitch,0,10,63,0,19492,6106110 ns
after_local_cswitch,0,11,62,0,43714,6106110 ns
after_local_cswitch,0,12,61,0,131863,6106110 ns
after_local_cswitch,0,13,60,0,94296,6106110 ns
after_local_cswitch,0,14,59,0,-229012,6106110 ns
after_local_cswitch,0,15,58,0,-14550,6106110 ns
after_local_cswitch,0,16,57,0,-77807,6106110 ns
after_local_cswitch,0,17,56,0,3080,6106110 ns
after_local_cswitch,0,18,55,0,66196,6106110 ns
after_local_cswitch,0,19,54,0,31065,6106110 ns
after_local_cswitch,0,20,53,0,84937,6106110 ns
after_local_cswitch,0,21,52,0,130113,6106110 ns
after_local_cswitch,0,22,51,0,-13953,6106110 ns
after_local_cswitch,0,23,50,0,31898,6106110 ns
after_local_cswitch,0,24,49,0,8809,6106110 ns
after_local_cswitch,0,25,48,0,-43760,6106110 ns
after_local_cswitch,0,26,47,0,-10741,6106110 ns
after_local_cswitch,0,27,46,0,-203739,6106110 ns
after_local_cswitch,0,28,45,0,-133262,6106110 ns
after_local_cswitch,0,29,44,0,51447,6106110 ns
after_local_cswitch,0,30,43,0,-126223,6106110 ns
after_local_cswitch,0,31,42,0,-22035,6106110 ns
after_local_cswitch,0,42,63,0,27640,6106110 ns
after_local_cswitch,0,43,62,0,112819,6106110 ns
after_local_cswitch,0,44,61,0,-21145,6106110 ns
after_local_cswitch,0,45,60,0,2702,6106110 ns
after_local_cswitch,0,46,59,0,-2328,6106110 ns
after_local_cswitch,0,47,58,0,-151673,6106110 ns
after_local_cswitch,0,48,57,0,-5294,6106110 ns
after_local_cswitch,0,49,56,0,-144832,6106110 ns
after_local_cswitch,0,50,55,0,167563,6106110 ns
after_local_cswitch,0,51,54,0,-166019,6106110 ns
after_local_cswitch,0,52,53,0,-46480,6106110 ns
after_local_cswitch,0,53,52,0,-12398,6106110 ns
after_local_cswitch,0,54,51,0,85972,6106110 ns
after_local_cswitch,0,55,50,0,79957,6106110 ns
after_local_cswitch,0,56,49,0,101295,6106110 ns
after_local_cswitch,0,57,48,0,-212783,6106110 ns
after_local_cswitch,0,58,47,0,-33978,6106110 ns
after_local_cswitch,0,59,46,0,25656,6106110 ns
after_local_cswitch,0,60,45,0,-96708,6106110 ns
after_local_cswitch,0,61,44,0,147441,6106110 ns
after_local_cswitch,0,62,43,0,5397,6106110 ns
after_local_cswitch,0,63,42,0,29541,6106110 ns
after_local_cswitch,0,10,63,0,19492,6106110 ns
after_local_cswitch,0,11,62,0,43714,6106110 ns
after_local_cswitch,0,12,61,0,131863,6106110 ns
after_local_cswitch,0,13,60,0,94296,6106110 ns
after_local_cswitch,0,14,59,0,-229012,6106110 ns
after_local_cswitch,0,15,58,0,-14550,6106110 ns
after_local_cswitch,0,16,57,0,-77807,6106110 ns
after_local_cswitch,0,17,56,0,3080,6106110 ns
after_local_cswitch,0,18,55,0,66196,6106110 ns
after_local_cswitch,0,19,54,0,31065,6106110 ns
after_local_cswitch,0,20,53,0,84937,6106110 ns
after_local_cswitch,0,21,52,0,130113,6106110 ns
after_local_cswitch,0,22,51,0,-13953,6106110 ns
after_local_cswitch,0,23,50,0,31898,6106110 ns
after_local_cswitch,0,24,49,0,8809,6106110 ns
after_local_cswitch,0,25,48,0,-43760,6106110 ns
after_local_cswitch,0,26,47,0,-10741,6106110 ns
after_local_cswitch,0,27,46,0,-203739,6106110 ns
after_local_cswitch,0,28,45,0,-133262,6106110 ns
after_local_cswitch,0,29,44,0,51447,6106110 ns
after_local_cswitch,0,30,43,0,-126223,6106110 ns
after_local_cswitch,0,31,42,0,-22035,6106110 ns
after_local_cswitch,0,42,63,0,27640,6106110 ns
after_local_cswitch,0,43,62,0,112819,6106110 ns
after_local_cswitch,0,44,61,0,-21145,6106110 ns
after_local_cswitch,0,45,60,0,2702,6106110 ns
after_local_cswitch,0,46,59,0,-2328,6106110 ns
after_local_cswitch,0,47,58,0,-151673,6106110 ns
after_local_cswitch,0,48,57,0,-5294,6106110 ns
after_local_cswitch,0,49,56,0,-144832,6106110 ns
after_local_cswitch,0,50,55,0,167563,6106110 ns
after_local_cswitch,0,51,54,0,-166019,6106110 ns
after_local_cswitch,0,52,53,0,-46480,6106110 ns
after_local_cswitch,0,53,52,0,-12398,6106110 ns
after_local_cswitch,0,54,51,0,85972,6106110 ns
after_local_cswitch,0,55,50,0,79957,6106110 ns
after_local_cswitch,0,56,49,0,101295,6106110 ns
after_local_cswitch,0,57,48,0,-212783,6106110 ns
after_local_cswitch,0,58,47,0,-33978,6106110 ns
after_local_cswitch,0,59,46,0,25656,6106110 ns
after_local_cswitch,0,60,45,0,-96708,6106110 ns
after_local_cswitch,0,61,44,0,147441,6106110 ns
after_local_cswitch,0,62,43,0,5397,6106110 ns
after_local_cswitch,0,63,42,0,29541,6106110 ns
after_local_cswitch,0,11,63,0,76834,6106120 ns
after_local_cswitch,0,12,62,0,-240266,6106120 ns
after_local_cswitch,0,13,61,0,23044,6106120 ns
after_local_cswitch,0,14,60,0,61512,6106120 ns
after_local_cswitch,0,15,59,0,-58564,6106120 ns
after_local_cswitch,0,16,58,0,61627,6106120 ns
after_local_cswitch,0,17,57,0,-155282,6106120 ns
after_local_cswitch,0,18,56,0,-33456,6106120 ns
after_local_cswitch,0,19,55,0,-136425,6106120 ns
after_local_cswitch,0,20,54,0,86096,6106120 ns
after_local_cswitch,0,21,53,0,-51578,6106120 ns
after_local_cswitch,0,22,52,0,-55580,6106120 ns
after_local_cswitch,0,23,51,0,9971,6106120 ns
after_local_cswitch,0,24,50,0,103186,6106120 ns
after_local_cswitch,0,25,49,0,-66867,6106120 ns
after_local_cswitch,0,26,48,0,-68472,6106120 ns
after_local_cswitch,0,27,47,0,25497,6106120 ns
after_local_cswitch,0,28,46,0,167108,6106120 ns
after_local_cswitch,0,29,45,0,-23279,6106120 ns
after_local_cswitch,0,30,44,0,83566,6106120 ns
after_local_cswitch,0,31,43,0,101241,6106120 ns
after_local_cswitch,0,43,63,0,-11949,6106120 ns
after_local_cswitch,0,44,62,0,-136207,6106120 ns
after_local_cswitch,0,45,61,0,-71972,6106120 ns
after_local_cswitch,0,46,60,0,-81669,6106120 ns
after_local_cswitch,0,47,59,0,-141662,6106120 ns
after_local_cswitch,0,48,58,0,108607,6106120 ns
after_local_cswitch,0,49,57,0,6544,6106120 ns
after_local_cswitch,0,50,56,0,-61240,6106120 ns
after_local_cswitch,0,51,55,0,25516,6106120 ns
after_local_cswitch,0,52,54,0,76016,6106120 ns
after_local_cswitch,0,53,53,0,55425,6106120 ns
after_local_cswitch,0,54,52,0,24541,6106120 ns
after_local_cswitch,0,55,51,0,-144688,6106120 ns
after_local_cswitch,0,56,50,0,-114820,6106120 ns
after_local_cswitch,0,57,49,0,22559,6106120 ns
after_local_cswitch,0,58,48,0,115094,6106120 ns
after_local_cswitch,0,59,47,0,74196,6106120 ns
after_local_cswitch,0,60,46,0,219779,6106120 ns
after_local_cswitch,0,61,45,0,41327,6106120 ns
after_local_cswitch,0,62,44,0,-145495,6106120 ns
after_local_cswitch,0,63,43,0,-37190,6106120 ns
after_local_cswitch,0,11,63,0,76834,6106120 ns
after_local_cswitch,0,12,62,0,-240266,6106120 ns
after_local_cswitch,0,13,61,0,23044,6106120 ns
after_local_cswitch,0,14,60,0,61512,6106120 ns
after_local_cswitch,0,15,59,0,-58564,6106120 ns
after_local_cswitch,0,16,58,0,61627,6106120 ns
after_local_cswitch,0,17,57,0,-155282,6106120 ns
after_local_cswitch,0,18,56,0,-33456,6106120 ns
after_local_cswitch,0,19,55,0,-136425,6106120 ns
after_local_cswitch,0,20,54,0,86096,6106120 ns
after_local_cswitch,0,21,53,0,-51578,6106120 ns
after_local_cswitch,0,22,52,0,-55580,6106120 ns
after_local_cswitch,0,23,51,0,9971,6106120 ns
after_local_cswitch,0,24,50,0,103186,6106120 ns
after_local_cswitch,0,25,49,0,-66867,6106120 ns
after_local_cswitch,0,26,48,0,-68472,6106120 ns
after_local_cswitch,0,27,47,0,25497,6106120 ns
after_local_cswitch,0,28,46,0,167108,6106120 ns
after_local_cswitch,0,29,45,0,-23279,6106120 ns
after_local_cswitch,0,30,44,0,83566,6106120 ns
after_local_cswitch,0,31,43,0,101241,6106120 ns
after_local_cswitch,0,43,63,0,-11949,6106120 ns
after_local_cswitch,0,44,62,0,-136207,6106120 ns
after_local_cswitch,0,45,61,0,-71972,6106120 ns
after_local_cswitch,0,46,60,0,-81669,6106120 ns
after_local_cswitch,0,47,59,0,-141662,6106120 ns
after_local_cswitch,0,48,58,0,108607,6106120 ns
after_local_cswitch,0,49,57,0,6544,6106120 ns
after_local_cswitch,0,50,56,0,-61240,6106120 ns
after_local_cswitch,0,51,55,0,25516,6106120 ns
after_local_cswitch,0,52,54,0,76016,6106120 ns
after_local_cswitch,0,53,53,0,55425,6106120 ns
after_local_cswitch,0,54,52,0,24541,6106120 ns
after_local_cswitch,0,55,51,0,-144688,6106120 ns
after_local_cswitch,0,56,50,0,-114820,6106120 ns
after_local_cswitch,0,57,49,0,22559,6106120 ns
after_local_cswitch,0,58,48,0,115094,6106120 ns
after_local_cswitch,0,59,47,0,74196,6106120 ns
after_local_cswitch,0,60,46,0,219779,6106120 ns
after_local_cswitch,0,61,45,0,41327,6106120 ns
after_local_cswitch,0,62,44,0,-145495,6106120 ns
after_local_cswitch,0,63,43,0,-37190,6106120 ns
after_local_cswitch,0,11,63,0,76834,6106120 ns
after_local_cswitch,0,12,62,0,-240266,6106120 ns
after_local_cswitch,0,13,61,0,23044,6106120 ns
after_local_cswitch,0,14,60,0,61512,6106120 ns
after_local_cswitch,0,15,59,0,-58564,6106120 ns
after_local_cswitch,0,16,58,0,61627,6106120 ns
after_local_cswitch,0,17,57,0,-155282,6106120 ns
after_local_cswitch,0,18,56,0,-33456,6106120 ns
after_local_cswitch,0,19,55,0,-136425,6106120 ns
after_local_cswitch,0,20,54,0,86096,6106120 ns
after_local_cswitch,0,21,53,0,-51578,6106120 ns
after_local_cswitch,0,22,52,0,-55580,6106120 ns
after_local_cswitch,0,23,51,0,9971,6106120 ns
after_local_cswitch,0,24,50,0,103186,6106120 ns
after_local_cswitch,0,25,49,0,-66867,6106120 ns
after_local_cswitch,0,26,48,0,-68472,6106120 ns
after_local_cswitch,0,27,47,0,25497,6106120 ns
after_local_cswitch,0,28,46,0,167108,6106120 ns
after_local_cswitch,0,29,45,0,-23279,6106120 ns
after_local_cswitch,0,30,44,0,83566,6106120 ns
after_local_cswitch,0,31,43,0,101241,6106120 ns
after_local_cswitch,0,43,63,0,-11949,6106120 ns
after_local_cswitch,0,44,62,0,-136207,6106120 ns
after_local_cswitch,0,45,61,0,-71972,6106120 ns
after_local_cswitch,0,46,60,0,-81669,6106120 ns
after_local_cswitch,0,47,59,0,-141662,6106120 ns
after_local_cswitch,0,48,58,0,108607,6106120 ns
after_local_cswitch,0,49,57,0,6544,6106120 ns
after_local_cswitch,0,50,56,0,-61240,6106120 ns
after_local_cswitch,0,51,55,0,25516,6106120 ns
after_local_cswitch,0,52,54,0,76016,6106120 ns
after_local_cswitch,0,53,53,0,55425,6106120 ns
after_local_cswitch,0,54,52,0,24541,6106120 ns
after_local_cswitch,0,55,51,0,-144688,6106120 ns
after_local_cswitch,0,56,50,0,-114820,6106120 ns
after_local_cswitch,0,57,49,0,22559,6106120 ns
after_local_cswitch,0,58,48,0,115094,6106120 ns
after_local_cswitch,0,59,47,0,74196,6106120 ns
after_local_cswitch,0,60,46,0,219779,6106120 ns
after_local_cswitch,0,61,45,0,41327,6106120 ns
after_local_cswitch,0,62,44,0,-145495,6106120 ns
after_local_cswitch,0,63,43,0,-37190,6106120 ns
after_local_cswitch,0,12,63,0,50753,6106130 ns
after_local_cswitch,0,13,62,0,-80846,6106130 ns
after_local_cswitch,0,14,61,0,-60478,6106130 ns
after_local_cswitch,0,15,60,0,-9694,6106130 ns
after_local_cswitch,0,16,59,0,59757,6106130 ns
after_local_cswitch,0,17,58,0,8510,6106130 ns
after_local_cswitch,0,18,57,0,-21728,6106130 ns
after_local_cswitch,0,19,56,0,118168,6106130 ns
after_local_cswitch,0,20,55,0,181352,6106130 ns
after_local_cswitch,0,21,54,0,-56580,6106130 ns
after_local_cswitch,0,22,53,0,-99719,6106130 ns
after_local_cswitch,0,23,52,0,-41954,6106130 ns
after_local_cswitch,0,24,51,0,-18330,6106130 ns
after_local_cswitch,0,25,50,0,125095,6106130 ns
after_local_cswitch,0,26,49,0,84225,6106130 ns
after_local_cswitch,0,27,48,0,33869,6106130 ns
after_local_cswitch,0,28,47,0,74881,6106130 ns
after_local_cswitch,0,29,46,0,15227,6106130 ns
after_local_cswitch,0,30,45,0,-143912,6106130 ns
after_local_cswitch,0,31,44,0,3018,6106130 ns
after_local_cswitch,0,44,63,0,72427,6106130 ns
after_local_cswitch,0,45,62,0,337,6106130 ns
after_local_cswitch,0,46,61,0,80234,6106130 ns
after_local_cswitch,0,47,60,0,11114,6106130 ns
after_local_cswitch,0,48,59,0,50640,6106130 ns
after_local_cswitch,0,49,58,0,-129003,6106130 ns
after_local_cswitch,0,50,57,0,-55859,6106130 ns
after_local_cswitch,0,51,56,0,-67094,6106130 ns
after_local_cswitch,0,52,55,0,91163,6106130 ns
after_local_cswitch,0,53,54,0,180535,6106130 ns
after_local_cswitch,0,54,53,0,-12205,6106130 ns
after_local_cswitch,0,55,52,0,7266,6106130 ns
after_local_cswitch,0,56,51,0,-61168,6106130 ns
after_local_cswitch,0,57,50,0,49401,6106130 ns
after_local_cswitch,0,58,49,0,-20873,6106130 ns
after_local_cswitch,0,59,48,0,91975,6106130 ns
after_local_cswitch,0,60,47,0,165702,6106130 ns
after_local_cswitch,0,61,46,0,-63435,6106130 ns
after_local_cswitch,0,62,45,0,85950,6106130 ns
after_local_cswitch,0,63,44,0,-78426,6106130 ns
after_local_cswitch,0,12,63,0,50753,6106130 ns
after_local_cswitch,0,13,62,0,-80846,6106130 ns
after_local_cswitch,0,14,61,0,-60478,6106130 ns
after_local_cswitch,0,15,60,0,-9694,6106130 ns
after_local_cswitch,0,16,59,0,59757,6106130 ns
after_local_cswitch,0,17,58,0,8510,6106130 ns
after_local_cswitch,0,18,57,0,-21728,6106130 ns
after_local_cswitch,0,19,56,0,118168,6106130 ns
after_local_cswitch,0,20,55,0,181352,6106130 ns
after_local_cswitch,0,21,54,0,-56580,6106130 ns
after_local_cswitch,0,22,53,0,-99719,6106130 ns
after_local_cswitch,0,23,52,0,-41954,6106130 ns
after_local_cswitch,0,24,51,0,-18330,6106130 ns
after_local_cswitch,0,25,50,0,125095,6106130 ns
after_local_cswitch,0,26,49,0,84225,6106130 ns
after_local_cswitch,0,27,48,0,33869,6106130 ns
after_local_cswitch,0,28,47,0,74881,6106130 ns
after_local_cswitch,0,29,46,0,15227,6106130 ns
after_local_cswitch,0,30,45,0,-143912,6106130 ns
after_local_cswitch,0,31,44,0,3018,6106130 ns
after_local_cswitch,0,44,63,0,72427,6106130 ns
after_local_cswitch,0,45,62,0,337,6106130 ns
after_local_cswitch,0,46,61,0,80234,6106130 ns
after_local_cswitch,0,47,60,0,11114,6106130 ns
after_local_cswitch,0,48,59,0,50640,6106130 ns
after_local_cswitch,0,49,58,0,-129003,6106130 ns
after_local_cswitch,0,50,57,0,-55859,6106130 ns
after_local_cswitch,0,51,56,0,-67094,6106130 ns
after_local_cswitch,0,52,55,0,91163,6106130 ns
after_local_cswitch,0,53,54,0,180535,6106130 ns
after_local_cswitch,0,54,53,0,-12205,6106130 ns
after_local_cswitch,0,55,52,0,7266,6106130 ns
after_local_cswitch,0,56,51,0,-61168,6106130 ns
after_local_cswitch,0,57,50,0,49401,6106130 ns
after_local_cswitch,0,58,49,0,-20873,6106130 ns
after_local_cswitch,0,59,48,0,91975,6106130 ns
after_local_cswitch,0,60,47,0,165702,6106130 ns
after_local_cswitch,0,61,46,0,-63435,6106130 ns
after_local_cswitch,0,62,45,0,85950,6106130 ns
after_local_cswitch,0,63,44,0,-78426,6106130 ns
after_local_cswitch,0,12,63,0,50753,6106130 ns
after_local_cswitch,0,13,62,0,-80846,6106130 ns
after_local_cswitch,0,14,61,0,-60478,6106130 ns
after_local_cswitch,0,15,60,0,-9694,6106130 ns
after_local_cswitch,0,16,59,0,59757,6106130 ns
after_local_cswitch,0,17,58,0,8510,6106130 ns
after_local_cswitch,0,18,57,0,-21728,6106130 ns
after_local_cswitch,0,19,56,0,118168,6106130 ns
after_local_cswitch,0,20,55,0,181352,6106130 ns
after_local_cswitch,0,21,54,0,-56580,6106130 ns
after_local_cswitch,0,22,53,0,-99719,6106130 ns
after_local_cswitch,0,23,52,0,-41954,6106130 ns
after_local_cswitch,0,24,51,0,-18330,6106130 ns
after_local_cswitch,0,25,50,0,125095,6106130 ns
after_local_cswitch,0,26,49,0,84225,6106130 ns
after_local_cswitch,0,27,48,0,33869,6106130 ns
after_local_cswitch,0,28,47,0,74881,6106130 ns
after_local_cswitch,0,29,46,0,15227,6106130 ns
after_local_cswitch,0,30,45,0,-143912,6106130 ns
after_local_cswitch,0,31,44,0,3018,6106130 ns
after_local_cswitch,0,44,63,0,72427,6106130 ns
after_local_cswitch,0,45,62,0,337,6106130 ns
after_local_cswitch,0,46,61,0,80234,6106130 ns
after_local_cswitch,0,47,60,0,11114,6106130 ns
after_local_cswitch,0,48,59,0,50640,6106130 ns
after_local_cswitch,0,49,58,0,-129003,6106130 ns
after_local_cswitch,0,50,57,0,-55859,6106130 ns
after_local_cswitch,0,51,56,0,-67094,6106130 ns
after_local_cswitch,0,52,55,0,91163,6106130 ns
after_local_cswitch,0,53,54,0,180535,6106130 ns
after_local_cswitch,0,54,53,0,-12205,6106130 ns
after_local_cswitch,0,55,52,0,7266,6106130 ns
after_local_cswitch,0,56,51,0,-61168,6106130 ns
after_local_cswitch,0,57,50,0,49401,6106130 ns
after_local_cswitch,0,58,49,0,-20873,6106130 ns
after_local_cswitch,0,59,48,0,91975,6106130 ns
after_local_cswitch,0,60,47,0,165702,6106130 ns
after_local_cswitch,0,61,46,0,-63435,6106130 ns
after_local_cswitch,0,62,45,0,85950,6106130 ns
after_local_cswitch,0,63,44,0,-78426,6106130 ns
after_local_cswitch,0,13,63,0,107658,6106140 ns
after_local_cswitch,0,14,62,0,53714,6106140 ns
after_local_cswitch,0,15,61,0,-197244,6106140 ns
after_local_cswitch,0,16,60,0,45742,6106140 ns
after_local_cswitch,0,17,59,0,180745,6106140 ns
after_local_cswitch,0,18,58,0,-111489,6106140 ns
after_local_cswitch,0,19,57,0,54841,6106140 ns
after_local_cswitch,0,20,56,0,-44129,6106140 ns
after_local_cswitch,0,21,55,0,92838,6106140 ns
after_local_cswitch,0,22,54,0,75981,6106140 ns
after_local_cswitch,0,23,53,0,-7828,6106140 ns
after_local_cswitch,0,24,52,0,-28818,6106140 ns
after_local_cswitch,0,25,51,0,117170,6106140 ns
after_local_cswitch,0,26,50,0,-51409,6106140 ns
after_local_cswitch,0,27,49,0,-34468,6106140 ns
after_local_cswitch,0,28,48,0,-30835,6106140 ns
after_local_cswitch,0,29,47,0,25243,6106140 ns
after_local_cswitch,0,30,46,0,-116798,6106140 ns
after_local_cswitch,0,31,45,0,53879,6106140 ns
after_local_cswitch,0,45,63,0,50857,6106140 ns
after_local_cswitch,0,46,62,0,-21749,6106140 ns
after_local_cswitch,0,47,61,0,39374,6106140 ns
after_local_cswitch,0,48,60,0,-27698,6106140 ns
after_local_cswitch,0,49,59,0,-47695,6106140 ns
after_local_cswitch,0,50,58,0,-93000,6106140 ns
after_local_cswitch,0,51,57,0,-38524,6106140 ns
after_local_cswitch,0,52,56,0,-61772,6106140 ns
after_local_cswitch,0,53,55,0,-130470,6106140 ns
after_local_cswitch,0,54,54,0,195002,6106140 ns
after_local_cswitch,0,55,53,0,-9757,6106140 ns
after_local_cswitch,0,56,52,0,-43894,6106140 ns
after_local_cswitch,0,57,51,0,158601,6106140 ns
after_local_cswitch,0,58,50,0,-36137,6106140 ns
after_local_cswitch,0,59,49,0,106710,6106140 ns
after_local_cswitch,0,60,48,0,63359,6106140 ns
after_local_cswitch,0,61,47,0,-57697,6106140 ns
after_local_cswitch,0,62,46,0,115948,6106140 ns
after_local_cswitch,0,63,45,0,-76473,6106140 ns
after_local_cswitch,0,13,63,0,107658,6106140 ns
after_local_cswitch,0,14,62,0,53714,6106140 ns
after_local_cswitch,0,15,61,0,-197244,6106140 ns
after_local_cswitch,0,16,60,0,45742,6106140 ns
after_local_cswitch,0,17,59,0,180745,6106140 ns
after_local_cswitch,0,18,58,0,-111489,6106140 ns
after_local_cswitch,0,19,57,0,54841,6106140 ns
after_local_cswitch,0,20,56,0,-44129,6106140 ns
after_local_cswitch,0,21,55,0,92838,6106140 ns
after_local_cswitch,0,22,54,0,75981,6106140 ns
after_local_cswitch,0,23,53,0,-7828,6106140 ns
after_local_cswitch,0,24,52,0,-28818,6106140 ns
after_local_cswitch,0,25,51,0,117170,6106140 ns
after_local_cswitch,0,26,50,0,-51409,6106140 ns
after_local_cswitch,0,27,49,0,-34468,6106140 ns
after_local_cswitch,0,28,48,0,-30835,6106140 ns
after_local_cswitch,0,29,47,0,25243,6106140 ns
after_local_cswitch,0,30,46,0,-116798,6106140 ns
after_local_cswitch,0,31,45,0,53879,6106140 ns
after_local_cswitch,0,45,63,0,50857,6106140 ns
after_local_cswitch,0,46,62,0,-21749,6106140 ns
after_local_cswitch,0,47,61,0,39374,6106140 ns
after_local_cswitch,0,48,60,0,-27698,6106140 ns
after_local_cswitch,0,49,59,0,-47695,6106140 ns
after_local_cswitch,0,50,58,0,-93000,6106140 ns
after_local_cswitch,0,51,57,0,-38524,6106140 ns
after_local_cswitch,0,52,56,0,-61772,6106140 ns
after_local_cswitch,0,53,55,0,-130470,6106140 ns
after_local_cswitch,0,54,54,0,195002,6106140 ns
after_local_cswitch,0,55,53,0,-9757,6106140 ns
after_local_cswitch,0,56,52,0,-43894,6106140 ns
after_local_cswitch,0,57,51,0,158601,6106140 ns
after_local_cswitch,0,58,50,0,-36137,6106140 ns
after_local_cswitch,0,59,49,0,106710,6106140 ns
after_local_cswitch,0,60,48,0,63359,6106140 ns
after_local_cswitch,0,61,47,0,-57697,6106140 ns
after_local_cswitch,0,62,46,0,115948,6106140 ns
after_local_cswitch,0,63,45,0,-76473,6106140 ns
after_local_cswitch,0,13,63,0,107658,6106140 ns
after_local_cswitch,0,14,62,0,53714,6106140 ns
after_local_cswitch,0,15,61,0,-197244,6106140 ns
after_local_cswitch,0,16,60,0,45742,6106140 ns
after_local_cswitch,0,17,59,0,180745,6106140 ns
after_local_cswitch,0,18,58,0,-111489,6106140 ns
after_local_cswitch,0,19,57,0,54841,6106140 ns
after_local_cswitch,0,20,56,0,-44129,6106140 ns
after_local_cswitch,0,21,55,0,92838,6106140 ns
after_local_cswitch,0,22,54,0,75981,6106140 ns
after_local_cswitch,0,23,53,0,-7828,6106140 ns
after_local_cswitch,0,24,52,0,-28818,6106140 ns
after_local_cswitch,0,25,51,0,117170,6106140 ns
after_local_cswitch,0,26,50,0,-51409,6106140 ns
after_local_cswitch,0,27,49,0,-34468,6106140 ns
after_local_cswitch,0,28,48,0,-30835,6106140 ns
after_local_cswitch,0,29,47,0,25243,6106140 ns
after_local_cswitch,0,30,46,0,-116798,6106140 ns
after_local_cswitch,0,31,45,0,53879,6106140 ns
after_local_cswitch,0,45,63,0,50857,6106140 ns
after_local_cswitch,0,46,62,0,-21749,6106140 ns
after_local_cswitch,0,47,61,0,39374,6106140 ns
after_local_cswitch,0,48,60,0,-27698,6106140 ns
after_local_cswitch,0,49,59,0,-47695,6106140 ns
after_local_cswitch,0,50,58,0,-93000,6106140 ns
after_local_cswitch,0,51,57,0,-38524,6106140 ns
after_local_cswitch,0,52,56,0,-61772,6106140 ns
after_local_cswitch,0,53,55,0,-130470,6106140 ns
after_local_cswitch,0,54,54,0,195002,6106140 ns
after_local_cswitch,0,55,53,0,-9757,6106140 ns
after_local_cswitch,0,56,52,0,-43894,6106140 ns
after_local_cswitch,0,57,51,0,158601,6106140 ns
after_local_cswitch,0,58,50,0,-36137,6106140 ns
after_local_cswitch,0,59,49,0,106710,6106140 ns
after_local_cswitch,0,60,48,0,63359,6106140 ns
after_local_cswitch,0,61,47,0,-57697,6106140 ns
after_local_cswitch,0,62,46,0,115948,6106140 ns
after_local_cswitch,0,63,45,0,-76473,6106140 ns
after_local_cswitch,0,14,63,0,-10624,6106150 ns
after_local_cswitch,0,15,62,0,-79636,6106150 ns
after_local_cswitch,0,16,61,0,-165978,6106150 ns
after_local_cswitch,0,17,60,0,-21163,6106150 ns
after_local_cswitch,0,18,59,0,-10520,6106150 ns
after_local_cswitch,0,19,58,0,130938,6106150 ns
after_local_cswitch,0,20,57,0,9920,6106150 ns
after_local_cswitch,0,21,56,0,-53882,6106150 ns
after_local_cswitch,0,22,55,0,-82270,6106150 ns
after_local_cswitch,0,23,54,0,-15971,6106150 ns
after_local_cswitch,0,24,53,0,-119407,6106150 ns
after_local_cswitch,0,25,52,0,26910,6106150 ns
after_local_cswitch,0,26,51,0,-22438,6106150 ns
after_local_cswitch,0,27,50,0,-55201,6106150 ns
after_local_cswitch,0,28,49,0,66015,6106150 ns
after_local_cswitch,0,29,48,0,-127696,6106150 ns
after_local_cswitch,0,30,47,0,-30189,6106150 ns
after_local_cswitch,0,31,46,0,-42092,6106150 ns
after_local_cswitch,0,46,63,0,9010,6106150 ns
after_local_cswitch,0,47,62,0,99596,6106150 ns
after_local_cswitch,0,48,61,0,-21328,6106150 ns
after_local_cswitch,0,49,60,0,-19480,6106150 ns
after_local_cswitch,0,50,59,0,-13392,6106150 ns
after_local_cswitch,0,51,58,0,-7222,6106150 ns
after_local_cswitch,0,52,57,0,-32423,6106150 ns
after_local_cswitch,0,53,56,0,-37162,6106150 ns
after_local_cswitch,0,54,55,0,-87214,6106150 ns
after_local_cswitch,0,55,54,0,-35463,6106150 ns
after_local_cswitch,0,56,53,0,-58258,6106150 ns
after_local_cswitch,0,57,52,0,-179751,6106150 ns
after_local_cswitch,0,58,51,0,41418,6106150 ns
after_local_cswitch,0,59,50,0,-3203,6106150 ns
after_local_cswitch,0,60,49,0,-119922,6106150 ns
after_local_cswitch,0,61,48,0,-97139,6106150 ns
after_local_cswitch,0,62,47,0,-14107,6106150 ns
after_local_cswitch,0,63,46,0,58753,6106150 ns
after_local_cswitch,0,14,63,0,-10624,6106150 ns
after_local_cswitch,0,15,62,0,-79636,6106150 ns
after_local_cswitch,0,16,61,0,-165978,6106150 ns
after_local_cswitch,0,17,60,0,-21163,6106150 ns
after_local_cswitch,0,18,59,0,-10520,6106150 ns
after_local_cswitch,0,19,58,0,130938,6106150 ns
after_local_cswitch,0,20,57,0,9920,6106150 ns
after_local_cswitch,0,21,56,0,-53882,6106150 ns
after_local_cswitch,0,22,55,0,-82270,6106150 ns
after_local_cswitch,0,23,54,0,-15971,6106150 ns
after_local_cswitch,0,24,53,0,-119407,6106150 ns
after_local_cswitch,0,25,52,0,26910,6106150 ns
after_local_cswitch,0,26,51,0,-22438,6106150 ns
after_local_cswitch,0,27,50,0,-55201,6106150 ns
after_local_cswitch,0,28,49,0,66015,6106150 ns
after_local_cswitch,0,29,48,0,-127696,6106150 ns
after_local_cswitch,0,30,47,0,-30189,6106150 ns
after_local_cswitch,0,31,46,0,-42092,6106150 ns
after_local_cswitch,0,46,63,0,9010,6106150 ns
after_local_cswitch,0,47,62,0,99596,6106150 ns
after_local_cswitch,0,48,61,0,-21328,6106150 ns
after_local_cswitch,0,49,60,0,-19480,6106150 ns
after_local_cswitch,0,50,59,0,-13392,6106150 ns
after_local_cswitch,0,51,58,0,-7222,6106150 ns
after_local_cswitch,0,52,57,0,-32423,6106150 ns
after_local_cswitch,0,53,56,0,-37162,6106150 ns
after_local_cswitch,0,54,55,0,-87214,6106150 ns
after_local_cswitch,0,55,54,0,-35463,6106150 ns
after_local_cswitch,0,56,53,0,-58258,6106150 ns
after_local_cswitch,0,57,52,0,-179751,6106150 ns
after_local_cswitch,0,58,51,0,41418,6106150 ns
after_local_cswitch,0,59,50,0,-3203,6106150 ns
after_local_cswitch,0,60,49,0,-119922,6106150 ns
after_local_cswitch,0,61,48,0,-97139,6106150 ns
after_local_cswitch,0,62,47,0,-14107,6106150 ns
after_local_cswitch,0,63,46,0,58753,6106150 ns
after_local_cswitch,0,14,63,0,-10624,6106150 ns
after_local_cswitch,0,15,62,0,-79636,6106150 ns
after_local_cswitch,0,16,61,0,-165978,6106150 ns
after_local_cswitch,0,17,60,0,-21163,6106150 ns
after_local_cswitch,0,18,59,0,-10520,6106150 ns
after_local_cswitch,0,19,58,0,130938,6106150 ns
after_local_cswitch,0,20,57,0,9920,6106150 ns
after_local_cswitch,0,21,56,0,-53882,6106150 ns
after_local_cswitch,0,22,55,0,-82270,6106150 ns
after_local_cswitch,0,23,54,0,-15971,6106150 ns
after_local_cswitch,0,24,53,0,-119407,6106150 ns
after_local_cswitch,0,25,52,0,26910,6106150 ns
after_local_cswitch,0,26,51,0,-22438,6106150 ns
after_local_cswitch,0,27,50,0,-55201,6106150 ns
after_local_cswitch,0,28,49,0,66015,6106150 ns
after_local_cswitch,0,29,48,0,-127696,6106150 ns
after_local_cswitch,0,30,47,0,-30189,6106150 ns
after_local_cswitch,0,31,46,0,-42092,6106150 ns
after_local_cswitch,0,46,63,0,9010,6106150 ns
after_local_cswitch,0,47,62,0,99596,6106150 ns
after_local_cswitch,0,48,61,0,-21328,6106150 ns
after_local_cswitch,0,49,60,0,-19480,6106150 ns
after_local_cswitch,0,50,59,0,-13392,6106150 ns
after_local_cswitch,0,51,58,0,-7222,6106150 ns
after_local_cswitch,0,52,57,0,-32423,6106150 ns
after_local_cswitch,0,53,56,0,-37162,6106150 ns
after_local_cswitch,0,54,55,0,-87214,6106150 ns
after_local_cswitch,0,55,54,0,-35463,6106150 ns
after_local_cswitch,0,56,53,0,-58258,6106150 ns
after_local_cswitch,0,57,52,0,-179751,6106150 ns
after_local_cswitch,0,58,51,0,41418,6106150 ns
after_local_cswitch,0,59,50,0,-3203,6106150 ns
after_local_cswitch,0,60,49,0,-119922,6106150 ns
after_local_cswitch,0,61,48,0,-97139,6106150 ns
after_local_cswitch,0,62,47,0,-14107,6106150 ns
after_local_cswitch,0,63,46,0,58753,6106150 ns
after_local_cswitch,0,15,63,0,102773,6106160 ns
after_local_cswitch,0,16,62,0,-125633,6106160 ns
after_local_cswitch,0,17,61,0,-71966,6106160 ns
after_local_cswitch,0,18,60,0,16670,6106160 ns
after_local_cswitch,0,19,59,0,192724,6106160 ns
after_local_cswitch,0,20,58,0,-62380,6106160 ns
after_local_cswitch,0,21,57,0,-21893,6106160 ns
after_local_cswitch,0,22,56,0,-46317,6106160 ns
after_local_cswitch,0,23,55,0,-49074,6106160 ns
after_local_cswitch,0,24,54,0,-111420,6106160 ns
after_local_cswitch,0,25,53,0,-21493,6106160 ns
after_local_cswitch,0,26,52,0,-20491,6106160 ns
after_local_cswitch,0,27,51,0,-129075,6106160 ns
after_local_cswitch,0,28,50,0,-41983,6106160 ns
after_local_cswitch,0,29,49,0,-31765,6106160 ns
after_local_cswitch,0,30,48,0,66131,6106160 ns
after_local_cswitch,0,31,47,0,114243,6106160 ns
after_local_cswitch,0,47,63,0,35223,6106160 ns
after_local_cswitch,0,48,62,0,66711,6106160 ns
after_local_cswitch,0,49,61,0,-6812,6106160 ns
after_local_cswitch,0,50,60,0,-55372,6106160 ns
after_local_cswitch,0,51,59,0,-208589,6106160 ns
after_local_cswitch,0,52,58,0,96242,6106160 ns
after_local_cswitch,0,53,57,0,92093,6106160 ns
after_local_cswitch,0,54,56,0,-172704,6106160 ns
after_local_cswitch,0,55,55,0,164532,6106160 ns
after_local_cswitch,0,56,54,0,27164,6106160 ns
after_local_cswitch,0,57,53,0,-67584,6106160 ns
after_local_cswitch,0,58,52,0,-246867,6106160 ns
after_local_cswitch,0,59,51,0,133476,6106160 ns
after_local_cswitch,0,60,50,0,10344,6106160 ns
after_local_cswitch,0,61,49,0,66863,6106160 ns
after_local_cswitch,0,62,48,0,-32650,6106160 ns
after_local_cswitch,0,63,47,0,25155,6106160 ns
after_local_cswitch,0,15,63,0,102773,6106160 ns
after_local_cswitch,0,16,62,0,-125633,6106160 ns
after_local_cswitch,0,17,61,0,-71966,6106160 ns
after_local_cswitch,0,18,60,0,16670,6106160 ns
after_local_cswitch,0,19,59,0,192724,6106160 ns
after_local_cswitch,0,20,58,0,-62380,6106160 ns
after_local_cswitch,0,21,57,0,-21893,6106160 ns
after_local_cswitch,0,22,56,0,-46317,6106160 ns
after_local_cswitch,0,23,55,0,-49074,6106160 ns
after_local_cswitch,0,24,54,0,-111420,6106160 ns
after_local_cswitch,0,25,53,0,-21493,6106160 ns
after_local_cswitch,0,26,52,0,-20491,6106160 ns
after_local_cswitch,0,27,51,0,-129075,6106160 ns
after_local_cswitch,0,28,50,0,-41983,6106160 ns
after_local_cswitch,0,29,49,0,-31765,6106160 ns
after_local_cswitch,0,30,48,0,66131,6106160 ns
after_local_cswitch,0,31,47,0,114243,6106160 ns
after_local_cswitch,0,47,63,0,35223,6106160 ns
after_local_cswitch,0,48,62,0,66711,6106160 ns
after_local_cswitch,0,49,61,0,-6812,6106160 ns
after_local_cswitch,0,50,60,0,-55372,6106160 ns
after_local_cswitch,0,51,59,0,-208589,6106160 ns
after_local_cswitch,0,52,58,0,96242,6106160 ns
after_local_cswitch,0,53,57,0,92093,6106160 ns
after_local_cswitch,0,54,56,0,-172704,6106160 ns
after_local_cswitch,0,55,55,0,164532,6106160 ns
after_local_cswitch,0,56,54,0,27164,6106160 ns
after_local_cswitch,0,57,53,0,-67584,6106160 ns
after_local_cswitch,0,58,52,0,-246867,6106160 ns
after_local_cswitch,0,59,51,0,133476,6106160 ns
after_local_cswitch,0,60,50,0,10344,6106160 ns
after_local_cswitch,0,61,49,0,66863,6106160 ns
after_local_cswitch,0,62,48,0,-32650,6106160 ns
after_local_cswitch,0,63,47,0,25155,6106160 ns
after_local_cswitch,0,15,63,0,102773,6106160 ns
after_local_cswitch,0,16,62,0,-125633,6106160 ns
after_local_cswitch,0,17,61,0,-71966,6106160 ns
after_local_cswitch,0,18,60,0,16670,6106160 ns
after_local_cswitch,0,19,59,0,192724,6106160 ns
after_local_cswitch,0,20,58,0,-62380,6106160 ns
after_local_cswitch,0,21,57,0,-21893,6106160 ns
after_local_cswitch,0,22,56,0,-46317,6106160 ns
after_local_cswitch,0,23,55,0,-49074,6106160 ns
after_local_cswitch,0,24,54,0,-111420,6106160 ns
after_local_cswitch,0,25,53,0,-21493,6106160 ns
after_local_cswitch,0,26,52,0,-20491,6106160 ns
after_local_cswitch,0,27,51,0,-129075,6106160 ns
after_local_cswitch,0,28,50,0,-41983,6106160 ns
after_local_cswitch,0,29,49,0,-31765,6106160 ns
after_local_cswitch,0,30,48,0,66131,6106160 ns
after_local_cswitch,0,31,47,0,114243,6106160 ns
after_local_cswitch,0,47,63,0,35223,6106160 ns
after_local_cswitch,0,48,62,0,66711,6106160 ns
after_local_cswitch,0,49,61,0,-6812,6106160 ns
after_local_cswitch,0,50,60,0,-55372,6106160 ns
after_local_cswitch,0,51,59,0,-208589,6106160 ns
after_local_cswitch,0,52,58,0,96242,6106160 ns
after_local_cswitch,0,53,57,0,92093,6106160 ns
after_local_cswitch,0,54,56,0,-172704,6106160 ns
after_local_cswitch,0,55,55,0,164532,6106160 ns
after_local_cswitch,0,56,54,0,27164,6106160 ns
after_local_cswitch,0,57,53,0,-67584,6106160 ns
after_local_cswitch,0,58,52,0,-246867,6106160 ns
after_local_cswitch,0,59,51,0,133476,6106160 ns
after_local_cswitch,0,60,50,0,10344,6106160 ns
after_local_cswitch,0,61,49,0,66863,6106160 ns
after_local_cswitch,0,62,48,0,-32650,6106160 ns
after_local_cswitch,0,63,47,0,25155,6106160 ns
after_local_cswitch,0,16,63,0,218768,6106170 ns
after_local_cswitch,0,17,62,0,-199086,6106170 ns
after_local_cswitch,0,18,61,0,-122803,6106170 ns
after_local_cswitch,0,19,60,0,51506,6106170 ns
after_local_cswitch,0,20,59,0,9434,6106170 ns
after_local_cswitch,0,21,58,0,27365,6106170 ns
after_local_cswitch,0,22,57,0,-173562,6106170 ns
after_local_cswitch,0,23,56,0,3681,6106170 ns
after_local_cswitch,0,24,55,0,84426,6106170 ns
after_local_cswitch,0,25,54,0,29080,6106170 ns
after_local_cswitch,0,26,53,0,75675,6106170 ns
after_local_cswitch,0,27,52,0,-79525,6106170 ns
after_local_cswitch,0,28,51,0,141569,6106170 ns
after_local_cswitch,0,29,50,0,14696,6106170 ns
after_local_cswitch,0,30,49,0,60908,6106170 ns
after_local_cswitch,0,31,48,0,-77328,6106170 ns
after_local_cswitch,0,48,63,0,-99290,6106170 ns
after_local_cswitch,0,49,62,0,41879,6106170 ns
after_local_cswitch,0,50,61,0,-392,6106170 ns
after_local_cswitch,0,51,60,0,-13445,6106170 ns
after_local_cswitch,0,52,59,0,-43222,6106170 ns
after_local_cswitch,0,53,58,0,89169,6106170 ns
after_local_cswitch,0,54,57,0,-30061,6106170 ns
after_local_cswitch,0,55,56,0,-127551,6106170 ns
after_local_cswitch,0,56,55,0,29877,6106170 ns
after_local_cswitch,0,57,54,0,60415,6106170 ns
after_local_cswitch,0,58,53,0,-16555,6106170 ns
after_local_cswitch,0,59,52,0,-56940,6106170 ns
after_local_cswitch,0,60,51,0,69466,6106170 ns
after_local_cswitch,0,61,50,0,70307,6106170 ns
after_local_cswitch,0,62,49,0,-17862,6106170 ns
after_local_cswitch,0,63,48,0,-197737,6106170 ns
after_local_cswitch,0,16,63,0,218768,6106170 ns
after_local_cswitch,0,17,62,0,-199086,6106170 ns
after_local_cswitch,0,18,61,0,-122803,6106170 ns
after_local_cswitch,0,19,60,0,51506,6106170 ns
after_local_cswitch,0,20,59,0,9434,6106170 ns
after_local_cswitch,0,21,58,0,27365,6106170 ns
after_local_cswitch,0,22,57,0,-173562,6106170 ns
after_local_cswitch,0,23,56,0,3681,6106170 ns
after_local_cswitch,0,24,55,0,84426,6106170 ns
after_local_cswitch,0,25,54,0,29080,6106170 ns
after_local_cswitch,0,26,53,0,75675,6106170 ns
after_local_cswitch,0,27,52,0,-79525,6106170 ns
after_local_cswitch,0,28,51,0,141569,6106170 ns
after_local_cswitch,0,29,50,0,14696,6106170 ns
after_local_cswitch,0,30,49,0,60908,6106170 ns
after_local_cswitch,0,31,48,0,-77328,6106170 ns
after_local_cswitch,0,48,63,0,-99290,6106170 ns
after_local_cswitch,0,49,62,0,41879,6106170 ns
after_local_cswitch,0,50,61,0,-392,6106170 ns
after_local_cswitch,0,51,60,0,-13445,6106170 ns
after_local_cswitch,0,52,59,0,-43222,6106170 ns
after_local_cswitch,0,53,58,0,89169,6106170 ns
after_local_cswitch,0,54,57,0,-30061,6106170 ns
after_local_cswitch,0,55,56,0,-127551,6106170 ns
after_local_cswitch,0,56,55,0,29877,6106170 ns
after_local_cswitch,0,57,54,0,60415,6106170 ns
after_local_cswitch,0,58,53,0,-16555,6106170 ns
after_local_cswitch,0,59,52,0,-56940,6106170 ns
after_local_cswitch,0,60,51,0,69466,6106170 ns
after_local_cswitch,0,61,50,0,70307,6106170 ns
after_local_cswitch,0,62,49,0,-17862,6106170 ns
after_local_cswitch,0,63,48,0,-197737,6106170 ns
after_local_cswitch,0,16,63,0,218768,6106170 ns
after_local_cswitch,0,17,62,0,-199086,6106170 ns
after_local_cswitch,0,18,61,0,-122803,6106170 ns
after_local_cswitch,0,19,60,0,51506,6106170 ns
after_local_cswitch,0,20,59,0,9434,6106170 ns
after_local_cswitch,0,21,58,0,27365,6106170 ns
after_local_cswitch,0,22,57,0,-173562,6106170 ns
after_local_cswitch,0,23,56,0,3681,6106170 ns
after_local_cswitch,0,24,55,0,84426,6106170 ns
after_local_cswitch,0,25,54,0,29080,6106170 ns
after_local_cswitch,0,26,53,0,75675,6106170 ns
after_local_cswitch,0,27,52,0,-79525,6106170 ns
after_local_cswitch,0,28,51,0,141569,6106170 ns
after_local_cswitch,0,29,50,0,14696,6106170 ns
after_local_cswitch,0,30,49,0,60908,6106170 ns
after_local_cswitch,0,31,48,0,-77328,6106170 ns
after_local_cswitch,0,48,63,0,-99290,6106170 ns
after_local_cswitch,0,49,62,0,41879,6106170 ns
after_local_cswitch,0,50,61,0,-392,6106170 ns
after_local_cswitch,0,51,60,0,-13445,6106170 ns
after_local_cswitch,0,52,59,0,-43222,6106170 ns
after_local_cswitch,0,53,58,0,89169,6106170 ns
after_local_cswitch,0,54,57,0,-30061,6106170 ns
after_local_cswitch,0,55,56,0,-127551,6106170 ns
after_local_cswitch,0,56,55,0,29877,6106170 ns
after_local_cswitch,0,57,54,0,60415,6106170 ns
after_local_cswitch,0,58,53,0,-16555,6106170 ns
after_local_cswitch,0,59,52,0,-56940,6106170 ns
after_local_cswitch,0,60,51,0,69466,6106170 ns
after_local_cswitch,0,61,50,0,70307,6106170 ns
after_local_cswitch,0,62,49,0,-17862,6106170 ns
after_local_cswitch,0,63,48,0,-197737,6106170 ns
after_local_cswitch,0,17,63,0,-15352,6106180 ns
after_local_cswitch,0,18,62,0,1506,6106180 ns
after_local_cswitch,0,19,61,0,-13683,6106180 ns
after_local_cswitch,0,20,60,0,-62117,6106180 ns
after_local_cswitch,0,21,59,0,-22105,6106180 ns
after_local_cswitch,0,22,58,0,-30078,6106180 ns
after_local_cswitch,0,23,57,0,49057,6106180 ns
after_local_cswitch,0,24,56,0,-1327,6106180 ns
after_local_cswitch,0,25,55,0,164022,6106180 ns
after_local_cswitch,0,26,54,0,147973,6106180 ns
after_local_cswitch,0,27,53,0,7280,6106180 ns
after_local_cswitch,0,28,52,0,69381,6106180 ns
after_local_cswitch,0,29,51,0,109485,6106180 ns
after_local_cswitch,0,30,50,0,-87202,6106180 ns
after_local_cswitch,0,31,49,0,82327,6106180 ns
after_local_cswitch,0,49,63,0,-85729,6106180 ns
after_local_cswitch,0,50,62,0,67292,6106180 ns
after_local_cswitch,0,51,61,0,-213803,6106180 ns
after_local_cswitch,0,52,60,0,-1299,6106180 ns
after_local_cswitch,0,53,59,0,84742,6106180 ns
after_local_cswitch,0,54,58,0,153632,6106180 ns
after_local_cswitch,0,55,57,0,-39626,6106180 ns
after_local_cswitch,0,56,56,0,-38992,6106180 ns
after_local_cswitch,0,57,55,0,36636,6106180 ns
after_local_cswitch,0,58,54,0,-75748,6106180 ns
after_local_cswitch,0,59,53,0,-54251,6106180 ns
after_local_cswitch,0,60,52,0,106418,6106180 ns
after_local_cswitch,0,61,51,0,130995,6106180 ns
after_local_cswitch,0,62,50,0,-38390,6106180 ns
after_local_cswitch,0,63,49,0,3618,6106180 ns
after_local_cswitch,0,17,63,0,-15352,6106180 ns
after_local_cswitch,0,18,62,0,1506,6106180 ns
after_local_cswitch,0,19,61,0,-13683,6106180 ns
after_local_cswitch,0,20,60,0,-62117,6106180 ns
after_local_cswitch,0,21,59,0,-22105,6106180 ns
after_local_cswitch,0,22,58,0,-30078,6106180 ns
after_local_cswitch,0,23,57,0,49057,6106180 ns
after_local_cswitch,0,24,56,0,-1327,6106180 ns
after_local_cswitch,0,25,55,0,164022,6106180 ns
after_local_cswitch,0,26,54,0,147973,6106180 ns
after_local_cswitch,0,27,53,0,7280,6106180 ns
after_local_cswitch,0,28,52,0,69381,6106180 ns
after_local_cswitch,0,29,51,0,109485,6106180 ns
after_local_cswitch,0,30,50,0,-87202,6106180 ns
after_local_cswitch,0,31,49,0,82327,6106180 ns
after_local_cswitch,0,49,63,0,-85729,6106180 ns
after_local_cswitch,0,50,62,0,67292,6106180 ns
after_local_cswitch,0,51,61,0,-213803,6106180 ns
after_local_cswitch,0,52,60,0,-1299,6106180 ns
after_local_cswitch,0,53,59,0,84742,6106180 ns
after_local_cswitch,0,54,58,0,153632,6106180 ns
after_local_cswitch,0,55,57,0,-39626,6106180 ns
after_local_cswitch,0,56,56,0,-38992,6106180 ns
after_local_cswitch,0,57,55,0,36636,6106180 ns
after_local_cswitch,0,58,54,0,-75748,6106180 ns
after_local_cswitch,0,59,53,0,-54251,6106180 ns
after_local_cswitch,0,60,52,0,106418,6106180 ns
after_local_cswitch,0,61,51,0,130995,6106180 ns
after_local_cswitch,0,62,50,0,-38390,6106180 ns
after_local_cswitch,0,63,49,0,3618,6106180 ns
after_local_cswitch,0,17,63,0,-15352,6106180 ns
after_local_cswitch,0,18,62,0,1506,6106180 ns
after_local_cswitch,0,19,61,0,-13683,6106180 ns
after_local_cswitch,0,20,60,0,-62117,6106180 ns
after_local_cswitch,0,21,59,0,-22105,6106180 ns
after_local_cswitch,0,22,58,0,-30078,6106180 ns
after_local_cswitch,0,23,57,0,49057,6106180 ns
after_local_cswitch,0,24,56,0,-1327,6106180 ns
after_local_cswitch,0,25,55,0,164022,6106180 ns
after_local_cswitch,0,26,54,0,147973,6106180 ns
after_local_cswitch,0,27,53,0,7280,6106180 ns
after_local_cswitch,0,28,52,0,69381,6106180 ns
after_local_cswitch,0,29,51,0,109485,6106180 ns
after_local_cswitch,0,30,50,0,-87202,6106180 ns
after_local_cswitch,0,31,49,0,82327,6106180 ns
after_local_cswitch,0,49,63,0,-85729,6106180 ns
after_local_cswitch,0,50,62,0,67292,6106180 ns
after_local_cswitch,0,51,61,0,-213803,6106180 ns
after_local_cswitch,0,52,60,0,-1299,6106180 ns
after_local_cswitch,0,53,59,0,84742,6106180 ns
after_local_cswitch,0,54,58,0,153632,6106180 ns
after_local_cswitch,0,55,57,0,-39626,6106180 ns
after_local_cswitch,0,56,56,0,-38992,6106180 ns
after_local_cswitch,0,57,55,0,36636,6106180 ns
after_local_cswitch,0,58,54,0,-75748,6106180 ns
after_local_cswitch,0,59,53,0,-54251,6106180 ns
after_local_cswitch,0,60,52,0,106418,6106180 ns
after_local_cswitch,0,61,51,0,130995,6106180 ns
after_local_cswitch,0,62,50,0,-38390,6106180 ns
after_local_cswitch,0,63,49,0,3618,6106180 ns
after_local_cswitch,0,18,63,0,67842,6106190 ns
after_local_cswitch,0,19,62,0,-169848,6106190 ns
after_local_cswitch,0,20,61,0,-72303,6106190 ns
after_local_cswitch,0,21,60,0,-225280,6106190 ns
after_local_cswitch,0,22,59,0,163439,6106190 ns
after_local_cswitch,0,23,58,0,131464,6106190 ns
after_local_cswitch,0,24,57,0,29992,6106190 ns
after_local_cswitch,0,25,56,0,35399,6106190 ns
after_local_cswitch,0,26,55,0,-43829,6106190 ns
after_local_cswitch,0,27,54,0,-40690,6106190 ns
after_local_cswitch,0,28,53,0,107573,6106190 ns
after_local_cswitch,0,29,52,0,135557,6106190 ns
after_local_cswitch,0,30,51,0,59056,6106190 ns
after_local_cswitch,0,31,50,0,97089,6106190 ns
after_local_cswitch,0,50,63,0,57716,6106190 ns
after_local_cswitch,0,51,62,0,46591,6106190 ns
after_local_cswitch,0,52,61,0,-68722,6106190 ns
after_local_cswitch,0,53,60,0,151500,6106190 ns
after_local_cswitch,0,54,59,0,29818,6106190 ns
after_local_cswitch,0,55,58,0,116695,6106190 ns
after_local_cswitch,0,56,57,0,-64521,6106190 ns
after_local_cswitch,0,57,56,0,-32409,6106190 ns
after_local_cswitch,0,58,55,0,21955,6106190 ns
after_local_cswitch,0,59,54,0,-116082,6106190 ns
after_local_cswitch,0,60,53,0,-25672,6106190 ns
after_local_cswitch,0,61,52,0,66988,6106190 ns
after_local_cswitch,0,62,51,0,-151086,6106190 ns
after_local_cswitch,0,63,50,0,-172,6106190 ns
after_local_cswitch,0,18,63,0,67842,6106190 ns
after_local_cswitch,0,19,62,0,-169848,6106190 ns
after_local_cswitch,0,20,61,0,-72303,6106190 ns
after_local_cswitch,0,21,60,0,-225280,6106190 ns
after_local_cswitch,0,22,59,0,163439,6106190 ns
after_local_cswitch,0,23,58,0,131464,6106190 ns
after_local_cswitch,0,24,57,0,29992,6106190 ns
after_local_cswitch,0,25,56,0,35399,6106190 ns
after_local_cswitch,0,26,55,0,-43829,6106190 ns
after_local_cswitch,0,27,54,0,-40690,6106190 ns
after_local_cswitch,0,28,53,0,107573,6106190 ns
after_local_cswitch,0,29,52,0,135557,6106190 ns
after_local_cswitch,0,30,51,0,59056,6106190 ns
after_local_cswitch,0,31,50,0,97089,6106190 ns
after_local_cswitch,0,50,63,0,57716,6106190 ns
after_local_cswitch,0,51,62,0,46591,6106190 ns
after_local_cswitch,0,52,61,0,-68722,6106190 ns
after_local_cswitch,0,53,60,0,151500,6106190 ns
after_local_cswitch,0,54,59,0,29818,6106190 ns
after_local_cswitch,0,55,58,0,116695,6106190 ns
after_local_cswitch,0,56,57,0,-64521,6106190 ns
after_local_cswitch,0,57,56,0,-32409,6106190 ns
after_local_cswitch,0,58,55,0,21955,6106190 ns
after_local_cswitch,0,59,54,0,-116082,6106190 ns
after_local_cswitch,0,60,53,0,-25672,6106190 ns
after_local_cswitch,0,61,52,0,66988,6106190 ns
after_local_cswitch,0,62,51,0,-151086,6106190 ns
after_local_cswitch,0,63,50,0,-172,6106190 ns
after_local_cswitch,0,18,63,0,67842,6106190 ns
after_local_cswitch,0,19,62,0,-169848,6106190 ns
after_local_cswitch,0,20,61,0,-72303,6106190 ns
after_local_cswitch,0,21,60,0,-225280,6106190 ns
after_local_cswitch,0,22,59,0,163439,6106190 ns
after_local_cswitch,0,23,58,0,131464,6106190 ns
after_local_cswitch,0,24,57,0,29992,6106190 ns
after_local_cswitch,0,25,56,0,35399,6106190 ns
after_local_cswitch,0,26,55,0,-43829,6106190 ns
after_local_cswitch,0,27,54,0,-40690,6106190 ns
after_local_cswitch,0,28,53,0,107573,6106190 ns
after_local_cswitch,0,29,52,0,135557,6106190 ns
after_local_cswitch,0,30,51,0,59056,6106190 ns
after_local_cswitch,0,31,50,0,97089,6106190 ns
after_local_cswitch,0,50,63,0,57716,6106190 ns
after_local_cswitch,0,51,62,0,46591,6106190 ns
after_local_cswitch,0,52,61,0,-68722,6106190 ns
after_local_cswitch,0,53,60,0,151500,6106190 ns
after_local_cswitch,0,54,59,0,29818,6106190 ns
after_local_cswitch,0,55,58,0,116695,6106190 ns
after_local_cswitch,0,56,57,0,-64521,6106190 ns
after_local_cswitch,0,57,56,0,-32409,6106190 ns
after_local_cswitch,0,58,55,0,21955,6106190 ns
after_local_cswitch,0,59,54,0,-116082,6106190 ns
after_local_cswitch,0,60,53,0,-25672,6106190 ns
after_local_cswitch,0,61,52,0,66988,6106190 ns
after_local_cswitch,0,62,51,0,-151086,6106190 ns
after_local_cswitch,0,63,50,0,-172,6106190 ns
after_local_cswitch,0,19,63,0,22755,6106200 ns
after_local_cswitch,0,20,62,0,89175,6106200 ns
after_local_cswitch,0,21,61,0,-79383,6106200 ns
after_local_cswitch,0,22,60,0,-214290,6106200 ns
after_local_cswitch,0,23,59,0,12575,6106200 ns
after_local_cswitch,0,24,58,0,34429,6106200 ns
after_local_cswitch,0,25,57,0,-140495,6106200 ns
after_local_cswitch,0,26,56,0,-11184,6106200 ns
after_local_cswitch,0,27,55,0,-94733,6106200 ns
after_local_cswitch,0,28,54,0,142395,6106200 ns
after_local_cswitch,0,29,53,0,84182,6106200 ns
after_local_cswitch,0,30,52,0,-54280,6106200 ns
after_local_cswitch,0,31,51,0,-87945,6106200 ns
after_local_cswitch,0,51,63,0,16035,6106200 ns
after_local_cswitch,0,52,62,0,-44521,6106200 ns
after_local_cswitch,0,53,61,0,-119407,6106200 ns
after_local_cswitch,0,54,60,0,173211,6106200 ns
after_local_cswitch,0,55,59,0,52201,6106200 ns
after_local_cswitch,0,56,58,0,3792,6106200 ns
after_local_cswitch,0,57,57,0,37128,6106200 ns
after_local_cswitch,0,58,56,0,93797,6106200 ns
after_local_cswitch,0,59,55,0,-99043,6106200 ns
after_local_cswitch,0,60,54,0,-64371,6106200 ns
after_local_cswitch,0,61,53,0,-5651,6106200 ns
after_local_cswitch,0,62,52,0,-97344,6106200 ns
after_local_cswitch,0,63,51,0,1581,6106200 ns
after_local_cswitch,0,19,63,0,22755,6106200 ns
after_local_cswitch,0,20,62,0,89175,6106200 ns
after_local_cswitch,0,21,61,0,-79383,6106200 ns
after_local_cswitch,0,22,60,0,-214290,6106200 ns
after_local_cswitch,0,23,59,0,12575,6106200 ns
after_local_cswitch,0,24,58,0,34429,6106200 ns
after_local_cswitch,0,25,57,0,-140495,6106200 ns
after_local_cswitch,0,26,56,0,-11184,6106200 ns
after_local_cswitch,0,27,55,0,-94733,6106200 ns
after_local_cswitch,0,28,54,0,142395,6106200 ns
after_local_cswitch,0,29,53,0,84182,6106200 ns
after_local_cswitch,0,30,52,0,-54280,6106200 ns
after_local_cswitch,0,31,51,0,-87945,6106200 ns
after_local_cswitch,0,51,63,0,16035,6106200 ns
after_local_cswitch,0,52,62,0,-44521,6106200 ns
after_local_cswitch,0,53,61,0,-119407,6106200 ns
after_local_cswitch,0,54,60,0,173211,6106200 ns
after_local_cswitch,0,55,59,0,52201,6106200 ns
after_local_cswitch,0,56,58,0,3792,6106200 ns
after_local_cswitch,0,57,57,0,37128,6106200 ns
after_local_cswitch,0,58,56,0,93797,6106200 ns
after_local_cswitch,0,59,55,0,-99043,6106200 ns
after_local_cswitch,0,60,54,0,-64371,6106200 ns
after_local_cswitch,0,61,53,0,-5651,6106200 ns
after_local_cswitch,0,62,52,0,-97344,6106200 ns
after_local_cswitch,0,63,51,0,1581,6106200 ns
after_local_cswitch,0,19,63,0,22755,6106200 ns
after_local_cswitch,0,20,62,0,89175,6106200 ns
after_local_cswitch,0,21,61,0,-79383,6106200 ns
after_local_cswitch,0,22,60,0,-214290,6106200 ns
after_local_cswitch,0,23,59,0,12575,6106200 ns
after_local_cswitch,0,24,58,0,34429,6106200 ns
after_local_cswitch,0,25,57,0,-140495,6106200 ns
after_local_cswitch,0,26,56,0,-11184,6106200 ns
after_local_cswitch,0,27,55,0,-94733,6106200 ns
after_local_cswitch,0,28,54,0,142395,6106200 ns
after_local_cswitch,0,29,53,0,84182,6106200 ns
after_local_cswitch,0,30,52,0,-54280,6106200 ns
after_local_cswitch,0,31,51,0,-87945,6106200 ns
after_local_cswitch,0,51,63,0,16035,6106200 ns
after_local_cswitch,0,52,62,0,-44521,6106200 ns
after_local_cswitch,0,53,61,0,-119407,6106200 ns
after_local_cswitch,0,54,60,0,173211,6106200 ns
after_local_cswitch,0,55,59,0,52201,6106200 ns
after_local_cswitch,0,56,58,0,3792,6106200 ns
after_local_cswitch,0,57,57,0,37128,6106200 ns
after_local_cswitch,0,58,56,0,93797,6106200 ns
after_local_cswitch,0,59,55,0,-99043,6106200 ns
after_local_cswitch,0,60,54,0,-64371,6106200 ns
after_local_cswitch,0,61,53,0,-5651,6106200 ns
after_local_cswitch,0,62,52,0,-97344,6106200 ns
after_local_cswitch,0,63,51,0,1581,6106200 ns
after_local_cswitch,0,20,63,0,76576,6106210 ns
after_local_cswitch,0,21,62,0,-80339,6106210 ns
after_local_cswitch,0,22,61,0,112825,6106210 ns
after_local_cswitch,0,23,60,0,53022,6106210 ns
after_local_cswitch,0,24,59,0,-42417,6106210 ns
after_local_cswitch,0,25,58,0,68890,6106210 ns
after_local_cswitch,0,26,57,0,-31834,6106210 ns
after_local_cswitch,0,27,56,0,36536,6106210 ns
after_local_cswitch,0,28,55,0,-134502,6106210 ns
after_local_cswitch,0,29,54,0,-26661,6106210 ns
after_local_cswitch,0,30,53,0,-82740,6106210 ns
after_local_cswitch,0,31,52,0,-150720,6106210 ns
after_local_cswitch,0,52,63,0,-20446,6106210 ns
after_local_cswitch,0,53,62,0,-36665,6106210 ns
after_local_cswitch,0,54,61,0,49662,6106210 ns
after_local_cswitch,0,55,60,0,-103425,6106210 ns
after_local_cswitch,0,56,59,0,7355,6106210 ns
after_local_cswitch,0,57,58,0,22927,6106210 ns
after_local_cswitch,0,58,57,0,-28471,6106210 ns
after_local_cswitch,0,59,56,0,185780,6106210 ns
after_local_cswitch,0,60,55,0,58072,6106210 ns
after_local_cswitch,0,61,54,0,-13979,6106210 ns
after_local_cswitch,0,62,53,0,-79935,6106210 ns
after_local_cswitch,0,63,52,0,-115843,6106210 ns
after_local_cswitch,0,20,63,0,76576,6106210 ns
after_local_cswitch,0,21,62,0,-80339,6106210 ns
after_local_cswitch,0,22,61,0,112825,6106210 ns
after_local_cswitch,0,23,60,0,53022,6106210 ns
after_local_cswitch,0,24,59,0,-42417,6106210 ns
after_local_cswitch,0,25,58,0,68890,6106210 ns
after_local_cswitch,0,26,57,0,-31834,6106210 ns
after_local_cswitch,0,27,56,0,36536,6106210 ns
after_local_cswitch,0,28,55,0,-134502,6106210 ns
after_local_cswitch,0,29,54,0,-26661,6106210 ns
after_local_cswitch,0,30,53,0,-82740,6106210 ns
after_local_cswitch,0,31,52,0,-150720,6106210 ns
after_local_cswitch,0,52,63,0,-20446,6106210 ns
after_local_cswitch,0,53,62,0,-36665,6106210 ns
after_local_cswitch,0,54,61,0,49662,6106210 ns
after_local_cswitch,0,55,60,0,-103425,6106210 ns
after_local_cswitch,0,56,59,0,7355,6106210 ns
after_local_cswitch,0,57,58,0,22927,6106210 ns
after_local_cswitch,0,58,57,0,-28471,6106210 ns
after_local_cswitch,0,59,56,0,185780,6106210 ns
after_local_cswitch,0,60,55,0,58072,6106210 ns
after_local_cswitch,0,61,54,0,-13979,6106210 ns
after_local_cswitch,0,62,53,0,-79935,6106210 ns
after_local_cswitch,0,63,52,0,-115843,6106210 ns
after_local_cswitch,0,20,63,0,76576,6106210 ns
after_local_cswitch,0,21,62,0,-80339,6106210 ns
after_local_cswitch,0,22,61,0,112825,6106210 ns
after_local_cswitch,0,23,60,0,53022,6106210 ns
after_local_cswitch,0,24,59,0,-42417,6106210 ns
after_local_cswitch,0,25,58,0,68890,6106210 ns
after_local_cswitch,0,26,57,0,-31834,6106210 ns
after_local_cswitch,0,27,56,0,36536,6106210 ns
after_local_cswitch,0,28,55,0,-134502,6106210 ns
after_local_cswitch,0,29,54,0,-26661,6106210 ns
after_local_cswitch,0,30,53,0,-82740,6106210 ns
after_local_cswitch,0,31,52,0,-150720,6106210 ns
after_local_cswitch,0,52,63,0,-20446,6106210 ns
after_local_cswitch,0,53,62,0,-36665,6106210 ns
after_local_cswitch,0,54,61,0,49662,6106210 ns
after_local_cswitch,0,55,60,0,-103425,6106210 ns
after_local_cswitch,0,56,59,0,7355,6106210 ns
after_local_cswitch,0,57,58,0,22927,6106210 ns
after_local_cswitch,0,58,57,0,-28471,6106210 ns
after_local_cswitch,0,59,56,0,185780,6106210 ns
after_local_cswitch,0,60,55,0,58072,6106210 ns
after_local_cswitch,0,61,54,0,-13979,6106210 ns
after_local_cswitch,0,62,53,0,-79935,6106210 ns
after_local_cswitch,0,63,52,0,-115843,6106210 ns
after_local_cswitch,0,21,63,0,68565,6106220 ns
after_local_cswitch,0,22,62,0,-37515,6106220 ns
after_local_cswitch,0,23,61,0,-97596,6106220 ns
after_local_cswitch,0,24,60,0,44210,6106220 ns
after_local_cswitch,0,25,59,0,62803,6106220 ns
after_local_cswitch,0,26,58,0,-171371,6106220 ns
after_local_cswitch,0,27,57,0,-22069,6106220 ns
after_local_cswitch,0,28,56,0,269278,6106220 ns
after_local_cswitch,0,29,55,0,132756,6106220 ns
after_local_cswitch,0,30,54,0,48601,6106220 ns
after_local_cswitch,0,31,53,0,-110897,6106220 ns
after_local_cswitch,0,53,63,0,-124248,6106220 ns
after_local_cswitch,0,54,62,0,31092,6106220 ns
after_local_cswitch,0,55,61,0,98366,6106220 ns
after_local_cswitch,0,56,60,0,21315,6106220 ns
after_local_cswitch,0,57,59,0,50986,6106220 ns
after_local_cswitch,0,58,58,0,36727,6106220 ns
after_local_cswitch,0,59,57,0,41631,6106220 ns
after_local_cswitch,0,60,56,0,14287,6106220 ns
after_local_cswitch,0,61,55,0,139377,6106220 ns
after_local_cswitch,0,62,54,0,7506,6106220 ns
after_local_cswitch,0,63,53,0,-17618,6106220 ns
after_local_cswitch,0,21,63,0,68565,6106220 ns
after_local_cswitch,0,22,62,0,-37515,6106220 ns
after_local_cswitch,0,23,61,0,-97596,6106220 ns
after_local_cswitch,0,24,60,0,44210,6106220 ns
after_local_cswitch,0,25,59,0,62803,6106220 ns
after_local_cswitch,0,26,58,0,-171371,6106220 ns
after_local_cswitch,0,27,57,0,-22069,6106220 ns
after_local_cswitch,0,28,56,0,269278,6106220 ns
after_local_cswitch,0,29,55,0,132756,6106220 ns
after_local_cswitch,0,30,54,0,48601,6106220 ns
after_local_cswitch,0,31,53,0,-110897,6106220 ns
after_local_cswitch,0,53,63,0,-124248,6106220 ns
after_local_cswitch,0,54,62,0,31092,6106220 ns
after_local_cswitch,0,55,61,0,98366,6106220 ns
after_local_cswitch,0,56,60,0,21315,6106220 ns
after_local_cswitch,0,57,59,0,50986,6106220 ns
after_local_cswitch,0,58,58,0,36727,6106220 ns
after_local_cswitch,0,59,57,0,41631,6106220 ns
after_local_cswitch,0,60,56,0,14287,6106220 ns
after_local_cswitch,0,61,55,0,139377,6106220 ns
after_local_cswitch,0,62,54,0,7506,6106220 ns
after_local_cswitch,0,63,53,0,-17618,6106220 ns
after_local_cswitch,0,21,63,0,68565,6106220 ns
after_local_cswitch,0,22,62,0,-37515,6106220 ns
after_local_cswitch,0,23,61,0,-97596,6106220 ns
after_local_cswitch,0,24,60,0,44210,6106220 ns
after_local_cswitch,0,25,59,0,62803,6106220 ns
after_local_cswitch,0,26,58,0,-171371,6106220 ns
after_local_cswitch,0,27,57,0,-22069,6106220 ns
after_local_cswitch,0,28,56,0,269278,6106220 ns
after_local_cswitch,0,29,55,0,132756,6106220 ns
after_local_cswitch,0,30,54,0,48601,6106220 ns
after_local_cswitch,0,31,53,0,-110897,6106220 ns
after_local_cswitch,0,53,63,0,-124248,6106220 ns
after_local_cswitch,0,54,62,0,31092,6106220 ns
after_local_cswitch,0,55,61,0,98366,6106220 ns
after_local_cswitch,0,56,60,0,21315,6106220 ns
after_local_cswitch,0,57,59,0,50986,6106220 ns
after_local_cswitch,0,58,58,0,36727,6106220 ns
after_local_cswitch,0,59,57,0,41631,6106220 ns
after_local_cswitch,0,60,56,0,14287,6106220 ns
after_local_cswitch,0,61,55,0,139377,6106220 ns
after_local_cswitch,0,62,54,0,7506,6106220 ns
after_local_cswitch,0,63,53,0,-17618,6106220 ns
after_local_cswitch,0,22,63,0,16407,6106230 ns
after_local_cswitch,0,23,62,0,38724,6106230 ns
after_local_cswitch,0,24,61,0,99846,6106230 ns
after_local_cswitch,0,25,60,0,-62631,6106230 ns
after_local_cswitch,0,26,59,0,-107040,6106230 ns
after_local_cswitch,0,27,58,0,-52684,6106230 ns
after_local_cswitch,0,28,57,0,-74916,6106230 ns
after_local_cswitch,0,29,56,0,88450,6106230 ns
after_local_cswitch,0,30,55,0,-104544,6106230 ns
after_local_cswitch,0,31,54,0,-141063,6106230 ns
after_local_cswitch,0,54,63,0,8234,6106230 ns
after_local_cswitch,0,55,62,0,-17783,6106230 ns
after_local_cswitch,0,56,61,0,-18865,6106230 ns
after_local_cswitch,0,57,60,0,78682,6106230 ns
after_local_cswitch,0,58,59,0,47830,6106230 ns
after_local_cswitch,0,59,58,0,74968,6106230 ns
after_local_cswitch,0,60,57,0,-87291,6106230 ns
after_local_cswitch,0,61,56,0,-96700,6106230 ns
after_local_cswitch,0,62,55,0,-29012,6106230 ns
after_local_cswitch,0,63,54,0,-42302,6106230 ns
after_local_cswitch,0,22,63,0,16407,6106230 ns
after_local_cswitch,0,23,62,0,38724,6106230 ns
after_local_cswitch,0,24,61,0,99846,6106230 ns
after_local_cswitch,0,25,60,0,-62631,6106230 ns
after_local_cswitch,0,26,59,0,-107040,6106230 ns
after_local_cswitch,0,27,58,0,-52684,6106230 ns
after_local_cswitch,0,28,57,0,-74916,6106230 ns
after_local_cswitch,0,29,56,0,88450,6106230 ns
after_local_cswitch,0,30,55,0,-104544,6106230 ns
after_local_cswitch,0,31,54,0,-141063,6106230 ns
after_local_cswitch,0,54,63,0,8234,6106230 ns
after_local_cswitch,0,55,62,0,-17783,6106230 ns
after_local_cswitch,0,56,61,0,-18865,6106230 ns
after_local_cswitch,0,57,60,0,78682,6106230 ns
after_local_cswitch,0,58,59,0,47830,6106230 ns
after_local_cswitch,0,59,58,0,74968,6106230 ns
after_local_cswitch,0,60,57,0,-87291,6106230 ns
after_local_cswitch,0,61,56,0,-96700,6106230 ns
after_local_cswitch,0,62,55,0,-29012,6106230 ns
after_local_cswitch,0,63,54,0,-42302,6106230 ns
after_local_cswitch,0,22,63,0,16407,6106230 ns
after_local_cswitch,0,23,62,0,38724,6106230 ns
after_local_cswitch,0,24,61,0,99846,6106230 ns
after_local_cswitch,0,25,60,0,-62631,6106230 ns
after_local_cswitch,0,26,59,0,-107040,6106230 ns
after_local_cswitch,0,27,58,0,-52684,6106230 ns
after_local_cswitch,0,28,57,0,-74916,6106230 ns
after_local_cswitch,0,29,56,0,88450,6106230 ns
after_local_cswitch,0,30,55,0,-104544,6106230 ns
after_local_cswitch,0,31,54,0,-141063,6106230 ns
after_local_cswitch,0,54,63,0,8234,6106230 ns
after_local_cswitch,0,55,62,0,-17783,6106230 ns
after_local_cswitch,0,56,61,0,-18865,6106230 ns
after_local_cswitch,0,57,60,0,78682,6106230 ns
after_local_cswitch,0,58,59,0,47830,6106230 ns
after_local_cswitch,0,59,58,0,74968,6106230 ns
after_local_cswitch,0,60,57,0,-87291,6106230 ns
after_local_cswitch,0,61,56,0,-96700,6106230 ns
after_local_cswitch,0,62,55,0,-29012,6106230 ns
after_local_cswitch,0,63,54,0,-42302,6106230 ns
after_local_cswitch,0,23,63,0,-66674,6106240 ns
after_local_cswitch,0,24,62,0,34394,6106240 ns
after_local_cswitch,0,25,61,0,68308,6106240 ns
after_local_cswitch,0,26,60,0,11072,6106240 ns
after_local_cswitch,0,27,59,0,-68773,6106240 ns
after_local_cswitch,0,28,58,0,184257,6106240 ns
after_local_cswitch,0,29,57,0,-34407,6106240 ns
after_local_cswitch,0,30,56,0,-85346,6106240 ns
after_local_cswitch,0,31,55,0,-87165,6106240 ns
after_local_cswitch,0,55,63,0,-97353,6106240 ns
after_local_cswitch,0,56,62,0,185,6106240 ns
after_local_cswitch,0,57,61,0,-129527,6106240 ns
after_local_cswitch,0,58,60,0,7640,6106240 ns
after_local_cswitch,0,59,59,0,45087,6106240 ns
after_local_cswitch,0,60,58,0,-34177,6106240 ns
after_local_cswitch,0,61,57,0,-29000,6106240 ns
after_local_cswitch,0,62,56,0,27828,6106240 ns
after_local_cswitch,0,63,55,0,-22701,6106240 ns
after_local_cswitch,0,23,63,0,-66674,6106240 ns
after_local_cswitch,0,24,62,0,34394,6106240 ns
after_local_cswitch,0,25,61,0,68308,6106240 ns
after_local_cswitch,0,26,60,0,11072,6106240 ns
after_local_cswitch,0,27,59,0,-68773,6106240 ns
after_local_cswitch,0,28,58,0,184257,6106240 ns
after_local_cswitch,0,29,57,0,-34407,6106240 ns
after_local_cswitch,0,30,56,0,-85346,6106240 ns
after_local_cswitch,0,31,55,0,-87165,6106240 ns
after_local_cswitch,0,55,63,0,-97353,6106240 ns
after_local_cswitch,0,56,62,0,185,6106240 ns
after_local_cswitch,0,57,61,0,-129527,6106240 ns
after_local_cswitch,0,58,60,0,7640,6106240 ns
after_local_cswitch,0,59,59,0,45087,6106240 ns
after_local_cswitch,0,60,58,0,-34177,6106240 ns
after_local_cswitch,0,61,57,0,-29000,6106240 ns
after_local_cswitch,0,62,56,0,27828,6106240 ns
after_local_cswitch,0,63,55,0,-22701,6106240 ns
after_local_cswitch,0,23,63,0,-66674,6106240 ns
after_local_cswitch,0,24,62,0,34394,6106240 ns
after_local_cswitch,0,25,61,0,68308,6106240 ns
after_local_cswitch,0,26,60,0,11072,6106240 ns
after_local_cswitch,0,27,59,0,-68773,6106240 ns
after_local_cswitch,0,28,58,0,184257,6106240 ns
after_local_cswitch,0,29,57,0,-34407,6106240 ns
after_local_cswitch,0,30,56,0,-85346,6106240 ns
after_local_cswitch,0,31,55,0,-87165,6106240 ns
after_local_cswitch,0,55,63,0,-97353,6106240 ns
after_local_cswitch,0,56,62,0,185,6106240 ns
after_local_cswitch,0,57,61,0,-129527,6106240 ns
after_local_cswitch,0,58,60,0,7640,6106240 ns
after_local_cswitch,0,59,59,0,45087,6106240 ns
after_local_cswitch,0,60,58,0,-34177,6106240 ns
after_local_cswitch,0,61,57,0,-29000,6106240 ns
after_local_cswitch,0,62,56,0,27828,6106240 ns
after_local_cswitch,0,63,55,0,-22701,6106240 ns
after_local_cswitch,0,24,63,0,-40639,6106250 ns
after_local_cswitch,0,25,62,0,56823,6106250 ns
after_local_cswitch,0,26,61,0,-77899,6106250 ns
after_local_cswitch,0,27,60,0,-26604,6106250 ns
after_local_cswitch,0,28,59,0,53809,6106250 ns
after_local_cswitch,0,29,58,0,63083,6106250 ns
after_local_cswitch,0,30,57,0,-57538,6106250 ns
after_local_cswitch,0,31,56,0,-113387,6106250 ns
after_local_cswitch,0,56,63,0,-210130,6106250 ns
after_local_cswitch,0,57,62,0,53084,6106250 ns
after_local_cswitch,0,58,61,0,52032,6106250 ns
after_local_cswitch,0,59,60,0,-13072,6106250 ns
after_local_cswitch,0,60,59,0,-91388,6106250 ns
after_local_cswitch,0,61,58,0,5526,6106250 ns
after_local_cswitch,0,62,57,0,-50346,6106250 ns
after_local_cswitch,0,63,56,0,116257,6106250 ns
after_local_cswitch,0,24,63,0,-40639,6106250 ns
after_local_cswitch,0,25,62,0,56823,6106250 ns
after_local_cswitch,0,26,61,0,-77899,6106250 ns
after_local_cswitch,0,27,60,0,-26604,6106250 ns
after_local_cswitch,0,28,59,0,53809,6106250 ns
after_local_cswitch,0,29,58,0,63083,6106250 ns
after_local_cswitch,0,30,57,0,-57538,6106250 ns
after_local_cswitch,0,31,56,0,-113387,6106250 ns
after_local_cswitch,0,56,63,0,-210130,6106250 ns
after_local_cswitch,0,57,62,0,53084,6106250 ns
after_local_cswitch,0,58,61,0,52032,6106250 ns
after_local_cswitch,0,59,60,0,-13072,6106250 ns
after_local_cswitch,0,60,59,0,-91388,6106250 ns
after_local_cswitch,0,61,58,0,5526,6106250 ns
after_local_cswitch,0,62,57,0,-50346,6106250 ns
after_local_cswitch,0,63,56,0,116257,6106250 ns
after_local_cswitch,0,24,63,0,-40639,6106250 ns
after_local_cswitch,0,25,62,0,56823,6106250 ns
after_local_cswitch,0,26,61,0,-77899,6106250 ns
after_local_cswitch,0,27,60,0,-26604,6106250 ns
after_local_cswitch,0,28,59,0,53809,6106250 ns
after_local_cswitch,0,29,58,0,63083,6106250 ns
after_local_cswitch,0,30,57,0,-57538,6106250 ns
after_local_cswitch,0,31,56,0,-113387,6106250 ns
after_local_cswitch,0,56,63,0,-210130,6106250 ns
after_local_cswitch,0,57,62,0,53084,6106250 ns
after_local_cswitch,0,58,61,0,52032,6106250 ns
after_local_cswitch,0,59,60,0,-13072,6106250 ns
after_local_cswitch,0,60,59,0,-91388,6106250 ns
after_local_cswitch,0,61,58,0,5526,6106250 ns
after_local_cswitch,0,62,57,0,-50346,6106250 ns
after_local_cswitch,0,63,56,0,116257,6106250 ns
after_local_cswitch,0,25,63,0,-140161,6106260 ns
after_local_cswitch,0,26,62,0,120829,6106260 ns
after_local_cswitch,0,27,61,0,69709,6106260 ns
after_local_cswitch,0,28,60,0,-83687,6106260 ns
after_local_cswitch,0,29,59,0,-2083,6106260 ns
after_local_cswitch,0,30,58,0,-70010,6106260 ns
after_local_cswitch,0,31,57,0,-87448,6106260 ns
after_local_cswitch,0,57,63,0,-37936,6106260 ns
after_local_cswitch,0,58,62,0,-33851,6106260 ns
after_local_cswitch,0,59,61,0,-95693,6106260 ns
after_local_cswitch,0,60,60,0,-28071,6106260 ns
after_local_cswitch,0,61,59,0,69729,6106260 ns
after_local_cswitch,0,62,58,0,-26582,6106260 ns
after_local_cswitch,0,63,57,0,1790,6106260 ns
after_local_cswitch,0,25,63,0,-140161,6106260 ns
after_local_cswitch,0,26,62,0,120829,6106260 ns
after_local_cswitch,0,27,61,0,69709,6106260 ns
after_local_cswitch,0,28,60,0,-83687,6106260 ns
after_local_cswitch,0,29,59,0,-2083,6106260 ns
after_local_cswitch,0,30,58,0,-70010,6106260 ns
after_local_cswitch,0,31,57,0,-87448,6106260 ns
after_local_cswitch,0,57,63,0,-37936,6106260 ns
after_local_cswitch,0,58,62,0,-33851,6106260 ns
after_local_cswitch,0,59,61,0,-95693,6106260 ns
after_local_cswitch,0,60,60,0,-28071,6106260 ns
after_local_cswitch,0,61,59,0,69729,6106260 ns
after_local_cswitch,0,62,58,0,-26582,6106260 ns
after_local_cswitch,0,63,57,0,1790,6106260 ns
after_local_cswitch,0,25,63,0,-140161,6106260 ns
after_local_cswitch,0,26,62,0,120829,6106260 ns
after_local_cswitch,0,27,61,0,69709,6106260 ns
after_local_cswitch,0,28,60,0,-83687,6106260 ns
after_local_cswitch,0,29,59,0,-2083,6106260 ns
after_local_cswitch,0,30,58,0,-70010,6106260 ns
after_local_cswitch,0,31,57,0,-87448,6106260 ns
after_local_cswitch,0,57,63,0,-37936,6106260 ns
after_local_cswitch,0,58,62,0,-33851,6106260 ns
after_local_cswitch,0,59,61,0,-95693,6106260 ns
after_local_cswitch,0,60,60,0,-28071,6106260 ns
after_local_cswitch,0,61,59,0,69729,6106260 ns
after_local_cswitch,0,62,58,0,-26582,6106260 ns
after_local_cswitch,0,63,57,0,1790,6106260 ns
after_local_cswitch,0,26,63,0,11510,6106270 ns
after_local_cswitch,0,27,62,0,-70486,6106270 ns
after_local_cswitch,0,28,61,0,68336,6106270 ns
after_local_cswitch,0,29,60,0,-16019,6106270 ns
after_local_cswitch,0,30,59,0,109863,6106270 ns
after_local_cswitch,0,31,58,0,-20088,6106270 ns
after_local_cswitch,0,58,63,0,-110178,6106270 ns
after_local_cswitch,0,59,62,0,113135,6106270 ns
after_local_cswitch,0,60,61,0,-148926,6106270 ns
after_local_cswitch,0,61,60,0,38694,6106270 ns
after_local_cswitch,0,62,59,0,104687,6106270 ns
after_local_cswitch,0,63,58,0,-17658,6106270 ns
after_local_cswitch,0,26,63,0,11510,6106270 ns
after_local_cswitch,0,27,62,0,-70486,6106270 ns
after_local_cswitch,0,28,61,0,68336,6106270 ns
after_local_cswitch,0,29,60,0,-16019,6106270 ns
after_local_cswitch,0,30,59,0,109863,6106270 ns
after_local_cswitch,0,31,58,0,-20088,6106270 ns
after_local_cswitch,0,58,63,0,-110178,6106270 ns
after_local_cswitch,0,59,62,0,113135,6106270 ns
after_local_cswitch,0,60,61,0,-148926,6106270 ns
after_local_cswitch,0,61,60,0,38694,6106270 ns
after_local_cswitch,0,62,59,0,104687,6106270 ns
after_local_cswitch,0,63,58,0,-17658,6106270 ns
after_local_cswitch,0,26,63,0,11510,6106270 ns
after_local_cswitch,0,27,62,0,-70486,6106270 ns
after_local_cswitch,0,28,61,0,68336,6106270 ns
after_local_cswitch,0,29,60,0,-16019,6106270 ns
after_local_cswitch,0,30,59,0,109863,6106270 ns
after_local_cswitch,0,31,58,0,-20088,6106270 ns
after_local_cswitch,0,58,63,0,-110178,6106270 ns
after_local_cswitch,0,59,62,0,113135,6106270 ns
after_local_cswitch,0,60,61,0,-148926,6106270 ns
after_local_cswitch,0,61,60,0,38694,6106270 ns
after_local_cswitch,0,62,59,0,104687,6106270 ns
after_local_cswitch,0,63,58,0,-17658,6106270 ns
after_local_cswitch,0,27,63,0,78265,6106280 ns
after_local_cswitch,0,28,62,0,-501,6106280 ns
after_local_cswitch,0,29,61,0,-68782,6106280 ns
after_local_cswitch,0,30,60,0,91642,6106280 ns
after_local_cswitch,0,31,59,0,-63444,6106280 ns
after_local_cswitch,0,59,63,0,-21013,6106280 ns
after_local_cswitch,0,60,62,0,78092,6106280 ns
after_local_cswitch,0,61,61,0,72485,6106280 ns
after_local_cswitch,0,62,60,0,-142772,6106280 ns
after_local_cswitch,0,63,59,0,-125426,6106280 ns
after_local_cswitch,0,27,63,0,78265,6106280 ns
after_local_cswitch,0,28,62,0,-501,6106280 ns
after_local_cswitch,0,29,61,0,-68782,6106280 ns
after_local_cswitch,0,30,60,0,91642,6106280 ns
after_local_cswitch,0,31,59,0,-63444,6106280 ns
after_local_cswitch,0,59,63,0,-21013,6106280 ns
after_local_cswitch,0,60,62,0,78092,6106280 ns
after_local_cswitch,0,61,61,0,72485,6106280 ns
after_local_cswitch,0,62,60,0,-142772,6106280 ns
after_local_cswitch,0,63,59,0,-125426,6106280 ns
after_local_cswitch,0,27,63,0,78265,6106280 ns
after_local_cswitch,0,28,62,0,-501,6106280 ns
after_local_cswitch,0,29,61,0,-68782,6106280 ns
after_local_cswitch,0,30,60,0,91642,6106280 ns
after_local_cswitch,0,31,59,0,-63444,6106280 ns
after_local_cswitch,0,59,63,0,-21013,6106280 ns
after_local_cswitch,0,60,62,0,78092,6106280 ns
after_local_cswitch,0,61,61,0,72485,6106280 ns
after_local_cswitch,0,62,60,0,-142772,6106280 ns
after_local_cswitch,0,63,59,0,-125426,6106280 ns
after_local_cswitch,0,28,63,0,-27372,6106290 ns
after_local_cswitch,0,29,62,0,-59660,6106290 ns
after_local_cswitch,0,30,61,0,-61123,6106290 ns
after_local_cswitch,0,31,60,0,-32513,6106290 ns
after_local_cswitch,0,60,63,0,4071,6106290 ns
after_local_cswitch,0,61,62,0,-148807,6106290 ns
after_local_cswitch,0,62,61,0,64653,6106290 ns
after_local_cswitch,0,63,60,0,-73917,6106290 ns
after_local_cswitch,0,28,63,0,-27372,6106290 ns
after_local_cswitch,0,29,62,0,-59660,6106290 ns
after_local_cswitch,0,30,61,0,-61123,6106290 ns
after_local_cswitch,0,31,60,0,-32513,6106290 ns
after_local_cswitch,0,60,63,0,4071,6106290 ns
after_local_cswitch,0,61,62,0,-148807,6106290 ns
after_local_cswitch,0,62,61,0,64653,6106290 ns
after_local_cswitch,0,63,60,0,-73917,6106290 ns
after_local_cswitch,0,28,63,0,-27372,6106290 ns
after_local_cswitch,0,29,62,0,-59660,6106290 ns
after_local_cswitch,0,30,61,0,-61123,6106290 ns
after_local_cswitch,0,31,60,0,-32513,6106290 ns
after_local_cswitch,0,60,63,0,4071,6106290 ns
after_local_cswitch,0,61,62,0,-148807,6106290 ns
after_local_cswitch,0,62,61,0,64653,6106290 ns
after_local_cswitch,0,63,60,0,-73917,6106290 ns
after_local_cswitch,0,29,63,0,45641,6106300 ns
after_local_cswitch,0,30,62,0,77481,6106300 ns
after_local_cswitch,0,31,61,0,58516,6106300 ns
after_local_cswitch,0,61,63,0,34263,6106300 ns
after_local_cswitch,0,62,62,0,20433,6106300 ns
after_local_cswitch,0,63,61,0,-60266,6106300 ns
after_local_cswitch,0,29,63,0,45641,6106300 ns
after_local_cswitch,0,30,62,0,77481,6106300 ns
after_local_cswitch,0,31,61,0,58516,6106300 ns
after_local_cswitch,0,61,63,0,34263,6106300 ns
after_local_cswitch,0,62,62,0,20433,6106300 ns
after_local_cswitch,0,63,61,0,-60266,6106300 ns
after_local_cswitch,0,29,63,0,45641,6106300 ns
after_local_cswitch,0,30,62,0,77481,6106300 ns
after_local_cswitch,0,31,61,0,58516,6106300 ns
after_local_cswitch,0,61,63,0,34263,6106300 ns
after_local_cswitch,0,62,62,0,20433,6106300 ns
after_local_cswitch,0,63,61,0,-60266,6106300 ns
after_local_cswitch,0,30,63,0,-90791,6106310 ns
after_local_cswitch,0,31,62,0,-74686,6106310 ns
after_local_cswitch,0,62,63,0,1698,6106310 ns
after_local_cswitch,0,63,62,0,35955,6106310 ns
after_local_cswitch,0,30,63,0,-90791,6106310 ns
after_local_cswitch,0,31,62,0,-74686,6106310 ns
after_local_cswitch,0,62,63,0,1698,6106310 ns
after_local_cswitch,0,63,62,0,35955,6106310 ns
after_local_cswitch,0,30,63,0,-90791,6106310 ns
after_local_cswitch,0,31,62,0,-74686,6106310 ns
after_local_cswitch,0,62,63,0,1698,6106310 ns
after_local_cswitch,0,63,62,0,35955,6106310 ns
after_local_cswitch,0,31,63,0,25374,6106320 ns
after_local_cswitch,0,63,63,0,-19938,6106320 ns
after_local_cswitch,0,31,63,0,25374,6106320 ns
after_local_cswitch,0,63,63,0,-19938,6106320 ns
after_local_cswitch,0,31,63,0,25374,6106320 ns
after_local_cswitch,0,63,63,0,-19938,6106320 ns
