count,context,act0,act1,act2,act3,act4,act5,act6,act7,act8,act9,act10,act11,act12,act13,act14,act15,act16,act17,act18,act19,act20,act21,act22,act23,act24,act25,act26,act27,act28,act29,act30,act31,wei0,wei1,wei2,wei3,wei4,wei5,wei6,wei7,wei8,wei9,wei10,wei11,wei12,wei13,wei14,wei15,wei16,wei17,wei18,wei19,wei20,wei21,wei22,wei23,wei24,wei25,wei26,wei27,wei28,wei29,wei30,wei31
0,0,0,0,0,0,0,0,0,0,0,0,0,0,0,0,0,0,0,0,0,0,0,0,0,0,0,0,0,0,0,0,0,0,0,0,0,0,0,0,0,0,0,0,0,0,0,0,0,0,0,0,0,0,0,0,0,0,0,0,0,0,0,0,0,0
1,0,0,0,0,0,0,0,0,0,0,0,0,0,0,0,0,0,0,0,0,0,0,0,0,0,0,0,0,0,0,0,0,0,0,0,0,0,0,0,0,0,0,0,0,0,0,0,0,0,0,0,0,0,0,0,0,0,0,0,0,0,0,0,0,0
2,0,0,0,0,0,0,0,0,0,0,0,0,0,0,0,0,0,0,0,0,0,0,0,0,0,0,0,0,0,0,0,0,0,0,0,0,0,0,0,0,0,0,0,0,0,0,0,0,0,0,0,0,0,0,0,0,0,0,0,0,0,0,0,0,0
3,0,0,0,0,0,0,0,0,0,0,0,0,0,0,0,0,0,0,0,0,0,0,0,0,0,0,0,0,0,0,0,0,0,0,0,0,0,0,0,0,0,0,0,0,0,0,0,0,0,0,0,0,0,0,0,0,0,0,0,0,0,0,0,0,0
4,0,0,0,0,0,0,0,0,0,0,0,0,0,0,0,0,0,0,0,0,0,0,0,0,0,0,0,0,0,0,0,0,0,0,0,0,0,0,0,0,0,0,0,0,0,0,0,0,0,0,0,0,0,0,0,0,0,0,0,0,0,0,0,0,0
5,0,0,0,0,0,0,0,0,0,0,0,0,0,0,0,0,0,0,0,0,0,0,0,0,0,0,0,0,0,0,0,0,0,0,0,0,0,0,0,0,0,0,0,0,0,0,0,0,0,0,0,0,0,0,0,0,0,0,0,0,0,0,0,0,0
6,0,-28,0,0,0,0,0,0,0,0,0,0,0,0,0,0,0,0,0,0,0,0,0,0,0,0,0,0,0,0,0,0,0,-17,0,0,0,0,0,0,0,0,0,0,0,0,0,0,0,0,0,0,0,0,0,0,0,0,0,0,0,0,0,0,0
7,0,-28,0,0,0,0,0,0,0,0,0,0,0,0,0,0,0,0,0,0,0,0,0,0,0,0,0,0,0,0,0,0,0,-17,0,0,0,0,0,0,0,0,0,0,0,0,0,0,0,0,0,0,0,0,0,0,0,0,0,0,0,0,0,0,0
8,0,-28,0,0,0,0,0,0,0,0,0,0,0,0,0,0,0,0,0,0,0,0,0,0,0,0,0,0,0,0,0,0,0,-17,0,0,0,0,0,0,0,0,0,0,0,0,0,0,0,0,0,0,0,0,0,0,0,0,0,0,0,0,0,0,0
9,0,-13,-13,0,0,0,0,0,0,0,0,0,0,0,0,0,0,0,0,0,0,0,0,0,0,0,0,0,0,0,0,0,0,-26,-17,0,0,0,0,0,0,0,0,0,0,0,0,0,0,0,0,0,0,0,0,0,0,0,0,0,0,0,0,0,0
10,0,-13,-13,0,0,0,0,0,0,0,0,0,0,0,0,0,0,0,0,0,0,0,0,0,0,0,0,0,0,0,0,0,0,-26,-17,0,0,0,0,0,0,0,0,0,0,0,0,0,0,0,0,0,0,0,0,0,0,0,0,0,0,0,0,0,0
11,0,-13,-13,0,0,0,0,0,0,0,0,0,0,0,0,0,0,0,0,0,0,0,0,0,0,0,0,0,0,0,0,0,0,-26,-17,0,0,0,0,0,0,0,0,0,0,0,0,0,0,0,0,0,0,0,0,0,0,0,0,0,0,0,0,0,0
12,0,-14,-14,-14,0,0,0,0,0,0,0,0,0,0,0,0,0,0,0,0,0,0,0,0,0,0,0,0,0,0,0,0,0,-22,-51,-17,0,0,0,0,0,0,0,0,0,0,0,0,0,0,0,0,0,0,0,0,0,0,0,0,0,0,0,0,0
13,0,-14,-14,-14,0,0,0,0,0,0,0,0,0,0,0,0,0,0,0,0,0,0,0,0,0,0,0,0,0,0,0,0,0,-22,-51,-17,0,0,0,0,0,0,0,0,0,0,0,0,0,0,0,0,0,0,0,0,0,0,0,0,0,0,0,0,0
14,0,-14,-14,-14,0,0,0,0,0,0,0,0,0,0,0,0,0,0,0,0,0,0,0,0,0,0,0,0,0,0,0,0,0,-22,-51,-17,0,0,0,0,0,0,0,0,0,0,0,0,0,0,0,0,0,0,0,0,0,0,0,0,0,0,0,0,0
15,0,-50,-50,-50,-50,0,0,0,0,0,0,0,0,0,0,0,0,0,0,0,0,0,0,0,0,0,0,0,0,0,0,0,0,-12,41,121,-17,0,0,0,0,0,0,0,0,0,0,0,0,0,0,0,0,0,0,0,0,0,0,0,0,0,0,0,0
16,0,-50,-50,-50,-50,0,0,0,0,0,0,0,0,0,0,0,0,0,0,0,0,0,0,0,0,0,0,0,0,0,0,0,0,-12,41,121,-17,0,0,0,0,0,0,0,0,0,0,0,0,0,0,0,0,0,0,0,0,0,0,0,0,0,0,0,0
17,0,-50,-50,-50,-50,0,0,0,0,0,0,0,0,0,0,0,0,0,0,0,0,0,0,0,0,0,0,0,0,0,0,0,0,-12,41,121,-17,0,0,0,0,0,0,0,0,0,0,0,0,0,0,0,0,0,0,0,0,0,0,0,0,0,0,0,0
18,0,3,3,3,3,3,0,0,0,0,0,0,0,0,0,0,0,0,0,0,0,0,0,0,0,0,0,0,0,0,0,0,0,121,-17,-103,7,-17,0,0,0,0,0,0,0,0,0,0,0,0,0,0,0,0,0,0,0,0,0,0,0,0,0,0,0
19,0,3,3,3,3,3,0,0,0,0,0,0,0,0,0,0,0,0,0,0,0,0,0,0,0,0,0,0,0,0,0,0,0,121,-17,-103,7,-17,0,0,0,0,0,0,0,0,0,0,0,0,0,0,0,0,0,0,0,0,0,0,0,0,0,0,0
20,0,3,3,3,3,3,0,0,0,0,0,0,0,0,0,0,0,0,0,0,0,0,0,0,0,0,0,0,0,0,0,0,0,121,-17,-103,7,-17,0,0,0,0,0,0,0,0,0,0,0,0,0,0,0,0,0,0,0,0,0,0,0,0,0,0,0
21,0,115,-107,-107,-107,-107,-107,0,0,0,0,0,0,0,0,0,0,0,0,0,0,0,0,0,0,0,0,0,0,0,0,0,0,-22,-87,-9,71,-76,-17,0,0,0,0,0,0,0,0,0,0,0,0,0,0,0,0,0,0,0,0,0,0,0,0,0,0
22,0,115,-107,-107,-107,-107,-107,0,0,0,0,0,0,0,0,0,0,0,0,0,0,0,0,0,0,0,0,0,0,0,0,0,0,-22,-87,-9,71,-76,-17,0,0,0,0,0,0,0,0,0,0,0,0,0,0,0,0,0,0,0,0,0,0,0,0,0,0
23,0,115,-107,-107,-107,-107,-107,0,0,0,0,0,0,0,0,0,0,0,0,0,0,0,0,0,0,0,0,0,0,0,0,0,0,-22,-87,-9,71,-76,-17,0,0,0,0,0,0,0,0,0,0,0,0,0,0,0,0,0,0,0,0,0,0,0,0,0,0
24,0,-73,-73,-6,-6,-6,-6,-6,0,0,0,0,0,0,0,0,0,0,0,0,0,0,0,0,0,0,0,0,0,0,0,0,0,114,-75,-120,73,-25,-100,-17,0,0,0,0,0,0,0,0,0,0,0,0,0,0,0,0,0,0,0,0,0,0,0,0,0
25,0,-73,-73,-6,-6,-6,-6,-6,0,0,0,0,0,0,0,0,0,0,0,0,0,0,0,0,0,0,0,0,0,0,0,0,0,114,-75,-120,73,-25,-100,-17,0,0,0,0,0,0,0,0,0,0,0,0,0,0,0,0,0,0,0,0,0,0,0,0,0
26,0,-73,-73,-6,-6,-6,-6,-6,0,0,0,0,0,0,0,0,0,0,0,0,0,0,0,0,0,0,0,0,0,0,0,0,0,114,-75,-120,73,-25,-100,-17,0,0,0,0,0,0,0,0,0,0,0,0,0,0,0,0,0,0,0,0,0,0,0,0,0
27,0,16,16,16,-98,-98,-98,-98,-98,0,0,0,0,0,0,0,0,0,0,0,0,0,0,0,0,0,0,0,0,0,0,0,0,2,-85,127,-21,118,19,40,-17,0,0,0,0,0,0,0,0,0,0,0,0,0,0,0,0,0,0,0,0,0,0,0,0
28,0,16,16,16,-98,-98,-98,-98,-98,0,0,0,0,0,0,0,0,0,0,0,0,0,0,0,0,0,0,0,0,0,0,0,0,2,-85,127,-21,118,19,40,-17,0,0,0,0,0,0,0,0,0,0,0,0,0,0,0,0,0,0,0,0,0,0,0,0
29,0,16,16,16,-98,-98,-98,-98,-98,0,0,0,0,0,0,0,0,0,0,0,0,0,0,0,0,0,0,0,0,0,0,0,0,2,-85,127,-21,118,19,40,-17,0,0,0,0,0,0,0,0,0,0,0,0,0,0,0,0,0,0,0,0,0,0,0,0
30,0,-78,-78,-78,-78,-94,-94,-94,-94,-28,0,0,0,0,0,0,0,0,0,0,0,0,0,0,0,0,0,0,0,0,0,0,0,-24,4,-125,-103,-112,8,76,42,-17,0,0,0,0,0,0,0,0,0,0,0,0,0,0,0,0,0,0,0,0,0,0,0
31,0,-78,-78,-78,-78,-94,-94,-94,-94,-28,0,0,0,0,0,0,0,0,0,0,0,0,0,0,0,0,0,0,0,0,0,0,0,-24,4,-125,-103,-112,8,76,42,-17,0,0,0,0,0,0,0,0,0,0,0,0,0,0,0,0,0,0,0,0,0,0,0
32,0,-78,-78,-78,-78,-94,-94,-94,-94,-28,0,0,0,0,0,0,0,0,0,0,0,0,0,0,0,0,0,0,0,0,0,0,0,-24,4,-125,-103,-112,8,76,42,-17,0,0,0,0,0,0,0,0,0,0,0,0,0,0,0,0,0,0,0,0,0,0,0
33,0,-54,-54,-54,-54,-54,-126,-126,-126,-13,-28,0,0,0,0,0,0,0,0,0,0,0,0,0,0,0,0,0,0,0,0,0,0,-96,-17,70,121,31,-107,-11,-125,45,-17,0,0,0,0,0,0,0,0,0,0,0,0,0,0,0,0,0,0,0,0,0,0
34,0,-54,-54,-54,-54,-54,-126,-126,-126,-13,-28,0,0,0,0,0,0,0,0,0,0,0,0,0,0,0,0,0,0,0,0,0,0,-96,-17,70,121,31,-107,-11,-125,45,-17,0,0,0,0,0,0,0,0,0,0,0,0,0,0,0,0,0,0,0,0,0,0
35,0,-54,-54,-54,-54,-54,-126,-126,-126,-13,-28,0,0,0,0,0,0,0,0,0,0,0,0,0,0,0,0,0,0,0,0,0,0,-96,-17,70,121,31,-107,-11,-125,45,-17,0,0,0,0,0,0,0,0,0,0,0,0,0,0,0,0,0,0,0,0,0,0
36,0,125,84,84,84,84,84,92,92,-14,-13,-28,0,0,0,0,0,0,0,0,0,0,0,0,0,0,0,0,0,0,0,0,0,-56,76,-22,-72,-30,122,-82,-6,-17,-92,-17,0,0,0,0,0,0,0,0,0,0,0,0,0,0,0,0,0,0,0,0,0
37,0,125,84,84,84,84,84,92,92,-14,-13,-28,0,0,0,0,0,0,0,0,0,0,0,0,0,0,0,0,0,0,0,0,0,-56,76,-22,-72,-30,122,-82,-6,-17,-92,-17,0,0,0,0,0,0,0,0,0,0,0,0,0,0,0,0,0,0,0,0,0
38,0,125,84,84,84,84,84,92,92,-14,-13,-28,0,0,0,0,0,0,0,0,0,0,0,0,0,0,0,0,0,0,0,0,0,-56,76,-22,-72,-30,122,-82,-6,-17,-92,-17,0,0,0,0,0,0,0,0,0,0,0,0,0,0,0,0,0,0,0,0,0
39,0,-114,-114,71,71,71,71,71,-6,-50,-14,-13,-28,0,0,0,0,0,0,0,0,0,0,0,0,0,0,0,0,0,0,0,0,80,-64,-22,-89,62,-16,104,47,-39,-114,29,-17,0,0,0,0,0,0,0,0,0,0,0,0,0,0,0,0,0,0,0,0
40,0,-114,-114,71,71,71,71,71,-6,-50,-14,-13,-28,0,0,0,0,0,0,0,0,0,0,0,0,0,0,0,0,0,0,0,0,80,-64,-22,-89,62,-16,104,47,-39,-114,29,-17,0,0,0,0,0,0,0,0,0,0,0,0,0,0,0,0,0,0,0,0
41,0,-114,-114,71,71,71,71,71,-6,-50,-14,-13,-28,0,0,0,0,0,0,0,0,0,0,0,0,0,0,0,0,0,0,0,0,80,-64,-22,-89,62,-16,104,47,-39,-114,29,-17,0,0,0,0,0,0,0,0,0,0,0,0,0,0,0,0,0,0,0,0
42,0,-40,-40,-40,-42,-42,-42,-42,-42,3,-50,-14,-13,-28,0,0,0,0,0,0,0,0,0,0,0,0,0,0,0,0,0,0,0,-55,-59,-93,46,-117,-44,-76,-116,66,116,-102,-31,-17,0,0,0,0,0,0,0,0,0,0,0,0,0,0,0,0,0,0,0
43,0,-40,-40,-40,-42,-42,-42,-42,-42,3,-50,-14,-13,-28,0,0,0,0,0,0,0,0,0,0,0,0,0,0,0,0,0,0,0,-55,-59,-93,46,-117,-44,-76,-116,66,116,-102,-31,-17,0,0,0,0,0,0,0,0,0,0,0,0,0,0,0,0,0,0,0
44,0,-40,-40,-40,-42,-42,-42,-42,-42,3,-50,-14,-13,-28,0,0,0,0,0,0,0,0,0,0,0,0,0,0,0,0,0,0,0,-55,-59,-93,46,-117,-44,-76,-116,66,116,-102,-31,-17,0,0,0,0,0,0,0,0,0,0,0,0,0,0,0,0,0,0,0
45,0,-110,-110,-110,-110,-122,-122,-122,-122,115,3,-50,-14,-13,-28,0,0,0,0,0,0,0,0,0,0,0,0,0,0,0,0,0,0,-23,-122,-41,64,77,70,-12,-53,-36,72,120,59,46,-17,0,0,0,0,0,0,0,0,0,0,0,0,0,0,0,0,0,0
46,0,-110,-110,-110,-110,-122,-122,-122,-122,115,3,-50,-14,-13,-28,0,0,0,0,0,0,0,0,0,0,0,0,0,0,0,0,0,0,-23,-122,-41,64,77,70,-12,-53,-36,72,120,59,46,-17,0,0,0,0,0,0,0,0,0,0,0,0,0,0,0,0,0,0
47,0,-110,-110,-110,-110,-122,-122,-122,-122,115,3,-50,-14,-13,-28,0,0,0,0,0,0,0,0,0,0,0,0,0,0,0,0,0,0,-23,-122,-41,64,77,70,-12,-53,-36,72,120,59,46,-17,0,0,0,0,0,0,0,0,0,0,0,0,0,0,0,0,0,0
48,0,-30,-30,-30,-30,-30,19,19,19,-73,115,3,-50,-14,-13,-28,0,0,0,0,0,0,0,0,0,0,0,0,0,0,0,0,0,-24,-77,-121,31,8,27,-49,-112,-119,34,-23,56,-33,115,-17,0,0,0,0,0,0,0,0,0,0,0,0,0,0,0,0,0
49,0,-30,-30,-30,-30,-30,19,19,19,-73,115,3,-50,-14,-13,-28,0,0,0,0,0,0,0,0,0,0,0,0,0,0,0,0,0,-24,-77,-121,31,8,27,-49,-112,-119,34,-23,56,-33,115,-17,0,0,0,0,0,0,0,0,0,0,0,0,0,0,0,0,0
50,0,-30,-30,-30,-30,-30,19,19,19,-73,115,3,-50,-14,-13,-28,0,0,0,0,0,0,0,0,0,0,0,0,0,0,0,0,0,-24,-77,-121,31,8,27,-49,-112,-119,34,-23,56,-33,115,-17,0,0,0,0,0,0,0,0,0,0,0,0,0,0,0,0,0
51,0,-113,118,118,118,118,118,59,59,16,-73,115,3,-50,-14,-13,-28,0,0,0,0,0,0,0,0,0,0,0,0,0,0,0,0,101,-109,-67,-89,118,-11,-2,15,4,44,33,31,-33,-19,-6,-17,0,0,0,0,0,0,0,0,0,0,0,0,0,0,0,0
52,0,-113,118,118,118,118,118,59,59,16,-73,115,3,-50,-14,-13,-28,0,0,0,0,0,0,0,0,0,0,0,0,0,0,0,0,101,-109,-67,-89,118,-11,-2,15,4,44,33,31,-33,-19,-6,-17,0,0,0,0,0,0,0,0,0,0,0,0,0,0,0,0
53,0,-113,118,118,118,118,118,59,59,16,-73,115,3,-50,-14,-13,-28,0,0,0,0,0,0,0,0,0,0,0,0,0,0,0,0,101,-109,-67,-89,118,-11,-2,15,4,44,33,31,-33,-19,-6,-17,0,0,0,0,0,0,0,0,0,0,0,0,0,0,0,0
54,0,67,67,117,117,117,117,117,74,-78,16,-73,115,3,-50,-14,-13,-28,0,0,0,0,0,0,0,0,0,0,0,0,0,0,0,101,-26,37,54,48,-47,72,-52,27,18,-16,-1,108,-17,-68,-49,-17,0,0,0,0,0,0,0,0,0,0,0,0,0,0,0
55,0,67,67,117,117,117,117,117,74,-78,16,-73,115,3,-50,-14,-13,-28,0,0,0,0,0,0,0,0,0,0,0,0,0,0,0,101,-26,37,54,48,-47,72,-52,27,18,-16,-1,108,-17,-68,-49,-17,0,0,0,0,0,0,0,0,0,0,0,0,0,0,0
56,0,67,67,117,117,117,117,117,74,-78,16,-73,115,3,-50,-14,-13,-28,0,0,0,0,0,0,0,0,0,0,0,0,0,0,0,101,-26,37,54,48,-47,72,-52,27,18,-16,-1,108,-17,-68,-49,-17,0,0,0,0,0,0,0,0,0,0,0,0,0,0,0
57,0,79,79,79,-24,-24,-24,-24,-24,-54,-78,16,-73,115,3,-50,-14,-13,-28,0,0,0,0,0,0,0,0,0,0,0,0,0,0,4,19,20,123,70,-36,122,125,-127,60,49,20,1,-108,-21,97,126,-17,0,0,0,0,0,0,0,0,0,0,0,0,0,0
58,0,79,79,79,-24,-24,-24,-24,-24,-54,-78,16,-73,115,3,-50,-14,-13,-28,0,0,0,0,0,0,0,0,0,0,0,0,0,0,4,19,20,123,70,-36,122,125,-127,60,49,20,1,-108,-21,97,126,-17,0,0,0,0,0,0,0,0,0,0,0,0,0,0
59,0,79,79,79,-24,-24,-24,-24,-24,-54,-78,16,-73,115,3,-50,-14,-13,-28,0,0,0,0,0,0,0,0,0,0,0,0,0,0,4,19,20,123,70,-36,122,125,-127,60,49,20,1,-108,-21,97,126,-17,0,0,0,0,0,0,0,0,0,0,0,0,0,0
60,0,-22,-22,-22,-22,13,13,13,13,125,-54,-78,16,-73,115,3,-50,-14,-13,-28,0,0,0,0,0,0,0,0,0,0,0,0,0,-72,-11,65,-91,-17,-58,-4,89,-67,-79,-21,-50,82,-99,-32,-43,-113,23,-17,0,0,0,0,0,0,0,0,0,0,0,0,0
61,0,-22,-22,-22,-22,13,13,13,13,125,-54,-78,16,-73,115,3,-50,-14,-13,-28,0,0,0,0,0,0,0,0,0,0,0,0,0,-72,-11,65,-91,-17,-58,-4,89,-67,-79,-21,-50,82,-99,-32,-43,-113,23,-17,0,0,0,0,0,0,0,0,0,0,0,0,0
62,0,-22,-22,-22,-22,13,13,13,13,125,-54,-78,16,-73,115,3,-50,-14,-13,-28,0,0,0,0,0,0,0,0,0,0,0,0,0,-72,-11,65,-91,-17,-58,-4,89,-67,-79,-21,-50,82,-99,-32,-43,-113,23,-17,0,0,0,0,0,0,0,0,0,0,0,0,0
63,0,52,52,52,52,52,41,41,41,-114,125,-54,-78,16,-73,115,3,-50,-14,-13,-28,0,0,0,0,0,0,0,0,0,0,0,0,-87,-88,55,-30,78,-123,-70,53,-70,45,-10,15,-9,-108,-72,-84,84,-55,-82,-17,0,0,0,0,0,0,0,0,0,0,0,0
64,0,52,52,52,52,52,41,41,41,-114,125,-54,-78,16,-73,115,3,-50,-14,-13,-28,0,0,0,0,0,0,0,0,0,0,0,0,-87,-88,55,-30,78,-123,-70,53,-70,45,-10,15,-9,-108,-72,-84,84,-55,-82,-17,0,0,0,0,0,0,0,0,0,0,0,0
65,0,52,52,52,52,52,41,41,41,-114,125,-54,-78,16,-73,115,3,-50,-14,-13,-28,0,0,0,0,0,0,0,0,0,0,0,0,-87,-88,55,-30,78,-123,-70,53,-70,45,-10,15,-9,-108,-72,-84,84,-55,-82,-17,0,0,0,0,0,0,0,0,0,0,0,0
66,0,-121,0,0,0,0,0,-66,-66,-40,-114,125,-54,-78,16,-73,115,3,-50,-14,-13,-28,0,0,0,0,0,0,0,0,0,0,0,56,118,-49,35,47,84,-112,55,-18,-35,102,-77,29,84,70,-53,-73,-48,95,78,-17,0,0,0,0,0,0,0,0,0,0,0
67,0,-121,0,0,0,0,0,-66,-66,-40,-114,125,-54,-78,16,-73,115,3,-50,-14,-13,-28,0,0,0,0,0,0,0,0,0,0,0,56,118,-49,35,47,84,-112,55,-18,-35,102,-77,29,84,70,-53,-73,-48,95,78,-17,0,0,0,0,0,0,0,0,0,0,0
68,0,-121,0,0,0,0,0,-66,-66,-40,-114,125,-54,-78,16,-73,115,3,-50,-14,-13,-28,0,0,0,0,0,0,0,0,0,0,0,56,118,-49,35,47,84,-112,55,-18,-35,102,-77,29,84,70,-53,-73,-48,95,78,-17,0,0,0,0,0,0,0,0,0,0,0
69,0,17,17,21,21,21,21,21,3,-110,-40,-114,125,-54,-78,16,-73,115,3,-50,-14,-13,-28,0,0,0,0,0,0,0,0,0,0,-60,37,-82,110,0,9,-1,-64,24,103,-35,-85,7,92,-74,-65,-12,-62,60,-88,-82,-17,0,0,0,0,0,0,0,0,0,0
70,0,17,17,21,21,21,21,21,3,-110,-40,-114,125,-54,-78,16,-73,115,3,-50,-14,-13,-28,0,0,0,0,0,0,0,0,0,0,-60,37,-82,110,0,9,-1,-64,24,103,-35,-85,7,92,-74,-65,-12,-62,60,-88,-82,-17,0,0,0,0,0,0,0,0,0,0
71,0,17,17,21,21,21,21,21,3,-110,-40,-114,125,-54,-78,16,-73,115,3,-50,-14,-13,-28,0,0,0,0,0,0,0,0,0,0,-60,37,-82,110,0,9,-1,-64,24,103,-35,-85,7,92,-74,-65,-12,-62,60,-88,-82,-17,0,0,0,0,0,0,0,0,0,0
72,0,19,19,19,107,107,107,107,107,-30,-110,-40,-114,125,-54,-78,16,-73,115,3,-50,-14,-13,-28,0,0,0,0,0,0,0,0,0,-5,-29,-100,-112,-20,35,67,-52,-39,105,0,117,-46,-79,80,78,56,-30,1,95,-107,37,-17,0,0,0,0,0,0,0,0,0
73,0,19,19,19,107,107,107,107,107,-30,-110,-40,-114,125,-54,-78,16,-73,115,3,-50,-14,-13,-28,0,0,0,0,0,0,0,0,0,-5,-29,-100,-112,-20,35,67,-52,-39,105,0,117,-46,-79,80,78,56,-30,1,95,-107,37,-17,0,0,0,0,0,0,0,0,0
74,0,19,19,19,107,107,107,107,107,-30,-110,-40,-114,125,-54,-78,16,-73,115,3,-50,-14,-13,-28,0,0,0,0,0,0,0,0,0,-5,-29,-100,-112,-20,35,67,-52,-39,105,0,117,-46,-79,80,78,56,-30,1,95,-107,37,-17,0,0,0,0,0,0,0,0,0
75,0,-61,-61,-61,-61,-103,-103,-103,-103,-113,-30,-110,-40,-114,125,-54,-78,16,-73,115,3,-50,-14,-13,-28,0,0,0,0,0,0,0,0,-126,79,-31,79,-75,-1,21,-94,-63,-48,69,-96,-107,34,-25,-54,-84,-22,-115,52,63,93,25,-17,0,0,0,0,0,0,0,0
76,0,-61,-61,-61,-61,-103,-103,-103,-103,-113,-30,-110,-40,-114,125,-54,-78,16,-73,115,3,-50,-14,-13,-28,0,0,0,0,0,0,0,0,-126,79,-31,79,-75,-1,21,-94,-63,-48,69,-96,-107,34,-25,-54,-84,-22,-115,52,63,93,25,-17,0,0,0,0,0,0,0,0
77,0,-61,-61,-61,-61,-103,-103,-103,-103,-113,-30,-110,-40,-114,125,-54,-78,16,-73,115,3,-50,-14,-13,-28,0,0,0,0,0,0,0,0,-126,79,-31,79,-75,-1,21,-94,-63,-48,69,-96,-107,34,-25,-54,-84,-22,-115,52,63,93,25,-17,0,0,0,0,0,0,0,0
78,0,10,10,10,10,10,117,117,117,67,-113,-30,-110,-40,-114,125,-54,-78,16,-73,115,3,-50,-14,-13,-28,0,0,0,0,0,0,0,-29,-30,80,-15,65,-35,-93,110,-62,113,22,-110,23,4,-33,21,-85,23,89,105,34,63,12,28,-17,0,0,0,0,0,0,0
79,0,10,10,10,10,10,117,117,117,67,-113,-30,-110,-40,-114,125,-54,-78,16,-73,115,3,-50,-14,-13,-28,0,0,0,0,0,0,0,-29,-30,80,-15,65,-35,-93,110,-62,113,22,-110,23,4,-33,21,-85,23,89,105,34,63,12,28,-17,0,0,0,0,0,0,0
80,0,10,10,10,10,10,117,117,117,67,-113,-30,-110,-40,-114,125,-54,-78,16,-73,115,3,-50,-14,-13,-28,0,0,0,0,0,0,0,-29,-30,80,-15,65,-35,-93,110,-62,113,22,-110,23,4,-33,21,-85,23,89,105,34,63,12,28,-17,0,0,0,0,0,0,0
81,0,-123,125,125,125,125,125,-76,-76,79,67,-113,-30,-110,-40,-114,125,-54,-78,16,-73,115,3,-50,-14,-13,-28,0,0,0,0,0,0,5,98,75,68,99,64,-119,-104,91,45,-85,-92,94,124,52,106,-115,21,-59,-67,45,16,63,57,81,-17,0,0,0,0,0,0
82,0,-123,125,125,125,125,125,-76,-76,79,67,-113,-30,-110,-40,-114,125,-54,-78,16,-73,115,3,-50,-14,-13,-28,0,0,0,0,0,0,5,98,75,68,99,64,-119,-104,91,45,-85,-92,94,124,52,106,-115,21,-59,-67,45,16,63,57,81,-17,0,0,0,0,0,0
83,0,-123,125,125,125,125,125,-76,-76,79,67,-113,-30,-110,-40,-114,125,-54,-78,16,-73,115,3,-50,-14,-13,-28,0,0,0,0,0,0,5,98,75,68,99,64,-119,-104,91,45,-85,-92,94,124,52,106,-115,21,-59,-67,45,16,63,57,81,-17,0,0,0,0,0,0
84,0,-112,-112,-5,-5,-5,-5,-5,-99,-22,79,67,-113,-30,-110,-40,-114,125,-54,-78,16,-73,115,3,-50,-14,-13,-28,0,0,0,0,0,-121,-61,-34,16,13,81,65,88,-112,3,-68,-36,-48,8,55,39,-81,127,-1,104,-107,120,112,13,-123,-84,-17,0,0,0,0,0
85,0,-112,-112,-5,-5,-5,-5,-5,-99,-22,79,67,-113,-30,-110,-40,-114,125,-54,-78,16,-73,115,3,-50,-14,-13,-28,0,0,0,0,0,-121,-61,-34,16,13,81,65,88,-112,3,-68,-36,-48,8,55,39,-81,127,-1,104,-107,120,112,13,-123,-84,-17,0,0,0,0,0
86,0,-112,-112,-5,-5,-5,-5,-5,-99,-22,79,67,-113,-30,-110,-40,-114,125,-54,-78,16,-73,115,3,-50,-14,-13,-28,0,0,0,0,0,-121,-61,-34,16,13,81,65,88,-112,3,-68,-36,-48,8,55,39,-81,127,-1,104,-107,120,112,13,-123,-84,-17,0,0,0,0,0
87,0,31,31,31,104,104,104,104,104,52,-22,79,67,-113,-30,-110,-40,-114,125,-54,-78,16,-73,115,3,-50,-14,-13,-28,0,0,0,0,9,-53,-21,93,-54,51,20,81,44,73,-28,-29,120,73,-74,-119,73,49,-127,66,-114,-123,81,-66,116,-108,-44,-17,0,0,0,0
88,0,31,31,31,104,104,104,104,104,52,-22,79,67,-113,-30,-110,-40,-114,125,-54,-78,16,-73,115,3,-50,-14,-13,-28,0,0,0,0,9,-53,-21,93,-54,51,20,81,44,73,-28,-29,120,73,-74,-119,73,49,-127,66,-114,-123,81,-66,116,-108,-44,-17,0,0,0,0
89,0,31,31,31,104,104,104,104,104,52,-22,79,67,-113,-30,-110,-40,-114,125,-54,-78,16,-73,115,3,-50,-14,-13,-28,0,0,0,0,9,-53,-21,93,-54,51,20,81,44,73,-28,-29,120,73,-74,-119,73,49,-127,66,-114,-123,81,-66,116,-108,-44,-17,0,0,0,0
90,0,66,66,66,66,39,39,39,39,-121,52,-22,79,67,-113,-30,-110,-40,-114,125,-54,-78,16,-73,115,3,-50,-14,-13,-28,0,0,0,72,115,-39,116,47,96,-22,-64,125,71,35,-117,-24,-54,10,-114,-127,65,85,44,-2,24,-94,-112,-67,47,30,61,-17,0,0,0
91,0,66,66,66,66,39,39,39,39,-121,52,-22,79,67,-113,-30,-110,-40,-114,125,-54,-78,16,-73,115,3,-50,-14,-13,-28,0,0,0,72,115,-39,116,47,96,-22,-64,125,71,35,-117,-24,-54,10,-114,-127,65,85,44,-2,24,-94,-112,-67,47,30,61,-17,0,0,0
92,0,66,66,66,66,39,39,39,39,-121,52,-22,79,67,-113,-30,-110,-40,-114,125,-54,-78,16,-73,115,3,-50,-14,-13,-28,0,0,0,72,115,-39,116,47,96,-22,-64,125,71,35,-117,-24,-54,10,-114,-127,65,85,44,-2,24,-94,-112,-67,47,30,61,-17,0,0,0
93,0,12,12,12,12,12,61,61,61,17,-121,52,-22,79,67,-113,-30,-110,-40,-114,125,-54,-78,16,-73,115,3,-50,-14,-13,-28,0,0,-21,55,-75,4,-51,-98,114,52,-97,-59,-18,76,85,-123,-37,-46,38,-32,-118,29,-18,-111,-71,-72,-119,-82,-103,30,62,-17,0,0
94,0,12,12,12,12,12,61,61,61,17,-121,52,-22,79,67,-113,-30,-110,-40,-114,125,-54,-78,16,-73,115,3,-50,-14,-13,-28,0,0,-21,55,-75,4,-51,-98,114,52,-97,-59,-18,76,85,-123,-37,-46,38,-32,-118,29,-18,-111,-71,-72,-119,-82,-103,30,62,-17,0,0
95,0,12,12,12,12,12,61,61,61,17,-121,52,-22,79,67,-113,-30,-110,-40,-114,125,-54,-78,16,-73,115,3,-50,-14,-13,-28,0,0,-21,55,-75,4,-51,-98,114,52,-97,-59,-18,76,85,-123,-37,-46,38,-32,-118,29,-18,-111,-71,-72,-119,-82,-103,30,62,-17,0,0
96,0,-52,126,126,126,126,126,-112,-112,19,17,-121,52,-22,79,67,-113,-30,-110,-40,-114,125,-54,-78,16,-73,115,3,-50,-14,-13,-28,0,-127,10,-104,65,93,13,-26,-71,96,-120,38,-84,10,-118,62,-25,-11,25,101,-44,85,-116,-8,85,-84,-28,31,81,-125,-23,-17,0
97,0,-52,126,126,126,126,126,-112,-112,19,17,-121,52,-22,79,67,-113,-30,-110,-40,-114,125,-54,-78,16,-73,115,3,-50,-14,-13,-28,0,-127,10,-104,65,93,13,-26,-71,96,-120,38,-84,10,-118,62,-25,-11,25,101,-44,85,-116,-8,85,-84,-28,31,81,-125,-23,-17,0
98,0,-52,126,126,126,126,126,-112,-112,19,17,-121,52,-22,79,67,-113,-30,-110,-40,-114,125,-54,-78,16,-73,115,3,-50,-14,-13,-28,0,-127,10,-104,65,93,13,-26,-71,96,-120,38,-84,10,-118,62,-25,-11,25,101,-44,85,-116,-8,85,-84,-28,31,81,-125,-23,-17,0
99,0,118,118,60,60,60,60,60,-116,-61,19,17,-121,52,-22,79,67,-113,-30,-110,-40,-114,125,-54,-78,16,-73,115,3,-50,-14,-13,-28,-80,-123,43,78,4,41,-34,-43,109,-46,12,76,7,-46,97,93,-97,-1,-51,12,-118,-48,104,-15,115,-121,75,32,111,57,3,-17
100,0,118,118,60,60,60,60,60,-116,-61,19,17,-121,52,-22,79,67,-113,-30,-110,-40,-114,125,-54,-78,16,-73,115,3,-50,-14,-13,-28,-80,-123,43,78,4,41,-34,-43,109,-46,12,76,7,-46,97,93,-97,-1,-51,12,-118,-48,104,-15,115,-121,75,32,111,57,3,-17
101,0,118,118,60,60,60,60,60,-116,-61,19,17,-121,52,-22,79,67,-113,-30,-110,-40,-114,125,-54,-78,16,-73,115,3,-50,-14,-13,-28,-80,-123,43,78,4,41,-34,-43,109,-46,12,76,7,-46,97,93,-97,-1,-51,12,-118,-48,104,-15,115,-121,75,32,111,57,3,-17
102,0,-59,-59,-59,-94,-94,-94,-94,-94,10,-61,19,17,-121,52,-22,79,67,-113,-30,-110,-40,-114,125,-54,-78,16,-73,115,3,-50,-14,-13,115,14,108,-12,2,98,-79,109,33,73,97,101,-12,105,60,-91,12,17,78,77,-98,-1,-25,103,-48,-127,8,120,43,-50,-57,17
103,0,-59,-59,-59,-94,-94,-94,-94,-94,10,-61,19,17,-121,52,-22,79,67,-113,-30,-110,-40,-114,125,-54,-78,16,-73,115,3,-50,-14,-13,115,14,108,-12,2,98,-79,109,33,73,97,101,-12,105,60,-91,12,17,78,77,-98,-1,-25,103,-48,-127,8,120,43,-50,-57,17
104,0,-59,-59,-59,-94,-94,-94,-94,-94,10,-61,19,17,-121,52,-22,79,67,-113,-30,-110,-40,-114,125,-54,-78,16,-73,115,3,-50,-14,-13,115,14,108,-12,2,98,-79,109,33,73,97,101,-12,105,60,-91,12,17,78,77,-98,-1,-25,103,-48,-127,8,120,43,-50,-57,17
105,0,-45,-45,-45,-45,-42,-42,-42,-42,-123,10,-61,19,17,-121,52,-22,79,67,-113,-30,-110,-40,-114,125,-54,-78,16,-73,115,3,-50,-14,-62,-20,-50,-127,114,-127,53,33,-123,26,49,76,53,96,25,-122,61,18,32,-106,28,80,65,115,104,51,17,-124,43,-52,-121,-109
106,0,-45,-45,-45,-45,-42,-42,-42,-42,-123,10,-61,19,17,-121,52,-22,79,67,-113,-30,-110,-40,-114,125,-54,-78,16,-73,115,3,-50,-14,-62,-20,-50,-127,114,-127,53,33,-123,26,49,76,53,96,25,-122,61,18,32,-106,28,80,65,115,104,51,17,-124,43,-52,-121,-109
107,0,-45,-45,-45,-45,-42,-42,-42,-42,-123,10,-61,19,17,-121,52,-22,79,67,-113,-30,-110,-40,-114,125,-54,-78,16,-73,115,3,-50,-14,-62,-20,-50,-127,114,-127,53,33,-123,26,49,76,53,96,25,-122,61,18,32,-106,28,80,65,115,104,51,17,-124,43,-52,-121,-109
108,0,94,94,94,94,94,-115,-115,-115,-112,-123,10,-61,19,17,-121,52,-22,79,67,-113,-30,-110,-40,-114,125,-54,-78,16,-73,115,3,-50,-63,-34,59,-19,-34,-59,26,55,12,-98,-126,-37,78,69,40,-40,49,102,-61,49,19,31,12,-40,28,-108,-63,72,-41,80,45,67
109,0,94,94,94,94,94,-115,-115,-115,-112,-123,10,-61,19,17,-121,52,-22,79,67,-113,-30,-110,-40,-114,125,-54,-78,16,-73,115,3,-50,-63,-34,59,-19,-34,-59,26,55,12,-98,-126,-37,78,69,40,-40,49,102,-61,49,19,31,12,-40,28,-108,-63,72,-41,80,45,67
110,0,94,94,94,94,94,-115,-115,-115,-112,-123,10,-61,19,17,-121,52,-22,79,67,-113,-30,-110,-40,-114,125,-54,-78,16,-73,115,3,-50,-63,-34,59,-19,-34,-59,26,55,12,-98,-126,-37,78,69,40,-40,49,102,-61,49,19,31,12,-40,28,-108,-63,72,-41,80,45,67
111,0,48,26,26,26,26,26,-95,-95,31,-112,-123,10,-61,19,17,-121,52,-22,79,67,-113,-30,-110,-40,-114,125,-54,-78,16,-73,115,3,56,44,-105,-46,-109,-37,112,-13,-95,47,86,114,-125,-58,98,-69,55,-108,34,-104,-115,61,110,-23,53,-110,-125,-43,-77,-104,-43,80
112,0,48,26,26,26,26,26,-95,-95,31,-112,-123,10,-61,19,17,-121,52,-22,79,67,-113,-30,-110,-40,-114,125,-54,-78,16,-73,115,3,56,44,-105,-46,-109,-37,112,-13,-95,47,86,114,-125,-58,98,-69,55,-108,34,-104,-115,61,110,-23,53,-110,-125,-43,-77,-104,-43,80
113,0,48,26,26,26,26,26,-95,-95,31,-112,-123,10,-61,19,17,-121,52,-22,79,67,-113,-30,-110,-40,-114,125,-54,-78,16,-73,115,3,56,44,-105,-46,-109,-37,112,-13,-95,47,86,114,-125,-58,98,-69,55,-108,34,-104,-115,61,110,-23,53,-110,-125,-43,-77,-104,-43,80
114,0,-61,-61,-29,-29,-29,-29,-29,-45,66,31,-112,-123,10,-61,19,17,-121,52,-22,79,67,-113,-30,-110,-40,-114,125,-54,-78,16,-73,115,-41,-11,47,39,-114,-121,113,97,-15,74,70,54,29,-124,-105,123,-100,-91,55,-70,25,-15,16,-110,118,-94,-42,-104,119,-62,-56,49
115,0,-61,-61,-29,-29,-29,-29,-29,-45,66,31,-112,-123,10,-61,19,17,-121,52,-22,79,67,-113,-30,-110,-40,-114,125,-54,-78,16,-73,115,-41,-11,47,39,-114,-121,113,97,-15,74,70,54,29,-124,-105,123,-100,-91,55,-70,25,-15,16,-110,118,-94,-42,-104,119,-62,-56,49
116,0,-61,-61,-29,-29,-29,-29,-29,-45,66,31,-112,-123,10,-61,19,17,-121,52,-22,79,67,-113,-30,-110,-40,-114,125,-54,-78,16,-73,115,-41,-11,47,39,-114,-121,113,97,-15,74,70,54,29,-124,-105,123,-100,-91,55,-70,25,-15,16,-110,118,-94,-42,-104,119,-62,-56,49
117,0,74,74,74,-104,-104,-104,-104,-104,12,66,31,-112,-123,10,-61,19,17,-121,52,-22,79,67,-113,-30,-110,-40,-114,125,-54,-78,16,-73,90,116,-111,85,-73,38,74,32,-105,48,39,28,69,100,-71,44,38,126,115,73,78,-78,84,63,9,40,19,28,103,121,26,-36
118,0,74,74,74,-104,-104,-104,-104,-104,12,66,31,-112,-123,10,-61,19,17,-121,52,-22,79,67,-113,-30,-110,-40,-114,125,-54,-78,16,-73,90,116,-111,85,-73,38,74,32,-105,48,39,28,69,100,-71,44,38,126,115,73,78,-78,84,63,9,40,19,28,103,121,26,-36
119,0,74,74,74,-104,-104,-104,-104,-104,12,66,31,-112,-123,10,-61,19,17,-121,52,-22,79,67,-113,-30,-110,-40,-114,125,-54,-78,16,-73,90,116,-111,85,-73,38,74,32,-105,48,39,28,69,100,-71,44,38,126,115,73,78,-78,84,63,9,40,19,28,103,121,26,-36
120,0,81,81,81,81,-111,-111,-111,-111,-52,12,66,31,-112,-123,10,-61,19,17,-121,52,-22,79,67,-113,-30,-110,-40,-114,125,-54,-78,16,32,42,-114,113,66,110,89,53,-123,90,100,66,3,-77,-41,-11,10,-51,23,-112,-6,28,-85,10,55,106,-52,15,71,-19,-15,-8
121,0,81,81,81,81,-111,-111,-111,-111,-52,12,66,31,-112,-123,10,-61,19,17,-121,52,-22,79,67,-113,-30,-110,-40,-114,125,-54,-78,16,32,42,-114,113,66,110,89,53,-123,90,100,66,3,-77,-41,-11,10,-51,23,-112,-6,28,-85,10,55,106,-52,15,71,-19,-15,-8
122,0,81,81,81,81,-111,-111,-111,-111,-52,12,66,31,-112,-123,10,-61,19,17,-121,52,-22,79,67,-113,-30,-110,-40,-114,125,-54,-78,16,32,42,-114,113,66,110,89,53,-123,90,100,66,3,-77,-41,-11,10,-51,23,-112,-6,28,-85,10,55,106,-52,15,71,-19,-15,-8
123,0,60,60,60,60,60,-82,-82,-82,118,-52,12,66,31,-112,-123,10,-61,19,17,-121,52,-22,79,67,-113,-30,-110,-40,-114,125,-54,-78,16,-64,-97,-122,112,51,-9,-57,25,-8,-80,5,106,36,-84,-121,-15,-13,-46,-36,-31,106,-109,-1,52,36,91,-19,-24,73,94,-42
124,0,60,60,60,60,60,-82,-82,-82,118,-52,12,66,31,-112,-123,10,-61,19,17,-121,52,-22,79,67,-113,-30,-110,-40,-114,125,-54,-78,16,-64,-97,-122,112,51,-9,-57,25,-8,-80,5,106,36,-84,-121,-15,-13,-46,-36,-31,106,-109,-1,52,36,91,-19,-24,73,94,-42
125,0,60,60,60,60,60,-82,-82,-82,118,-52,12,66,31,-112,-123,10,-61,19,17,-121,52,-22,79,67,-113,-30,-110,-40,-114,125,-54,-78,16,-64,-97,-122,112,51,-9,-57,25,-8,-80,5,106,36,-84,-121,-15,-13,-46,-36,-31,106,-109,-1,52,36,91,-19,-24,73,94,-42
126,0,91,80,80,80,80,80,78,78,-59,118,-52,12,66,31,-112,-123,10,-61,19,17,-121,52,-22,79,67,-113,-30,-110,-40,-114,125,-54,44,-73,67,-4,50,79,-101,-18,-104,-127,46,71,64,103,96,-65,-96,-50,-127,-98,88,19,-93,-101,-47,-10,43,101,-65,-110,-3,-42
127,0,91,80,80,80,80,80,78,78,-59,118,-52,12,66,31,-112,-123,10,-61,19,17,-121,52,-22,79,67,-113,-30,-110,-40,-114,125,-54,44,-73,67,-4,50,79,-101,-18,-104,-127,46,71,64,103,96,-65,-96,-50,-127,-98,88,19,-93,-101,-47,-10,43,101,-65,-110,-3,-42
128,0,91,80,80,80,80,80,78,78,-59,118,-52,12,66,31,-112,-123,10,-61,19,17,-121,52,-22,79,67,-113,-30,-110,-40,-114,125,-54,44,-73,67,-4,50,79,-101,-18,-104,-127,46,71,64,103,96,-65,-96,-50,-127,-98,88,19,-93,-101,-47,-10,43,101,-65,-110,-3,-42
129,0,93,93,29,29,29,29,29,40,-45,-59,118,-52,12,66,31,-112,-123,10,-61,19,17,-121,52,-22,79,67,-113,-30,-110,-40,-114,125,21,43,109,110,-26,120,95,124,13,108,-42,52,-91,-76,-50,-108,-27,-34,-22,66,97,61,-30,-33,32,-24,63,-4,-49,34,-77,84
130,0,93,93,29,29,29,29,29,40,-45,-59,118,-52,12,66,31,-112,-123,10,-61,19,17,-121,52,-22,79,67,-113,-30,-110,-40,-114,125,21,43,109,110,-26,120,95,124,13,108,-42,52,-91,-76,-50,-108,-27,-34,-22,66,97,61,-30,-33,32,-24,63,-4,-49,34,-77,84
131,0,93,93,29,29,29,29,29,40,-45,-59,118,-52,12,66,31,-112,-123,10,-61,19,17,-121,52,-22,79,67,-113,-30,-110,-40,-114,125,21,43,109,110,-26,120,95,124,13,108,-42,52,-91,-76,-50,-108,-27,-34,-22,66,97,61,-30,-33,32,-24,63,-4,-49,34,-77,84
132,0,-44,-44,-44,-114,-114,-114,-114,-114,94,-45,-59,118,-52,12,66,31,-112,-123,10,-61,19,17,-121,52,-22,79,67,-113,-30,-110,-40,-114,25,118,-9,29,55,-125,-78,-21,17,114,-49,57,38,-21,123,-103,25,59,-49,71,-81,82,23,49,-19,-21,57,-89,-14,-88,-55,59
133,0,-44,-44,-44,-114,-114,-114,-114,-114,94,-45,-59,118,-52,12,66,31,-112,-123,10,-61,19,17,-121,52,-22,79,67,-113,-30,-110,-40,-114,25,118,-9,29,55,-125,-78,-21,17,114,-49,57,38,-21,123,-103,25,59,-49,71,-81,82,23,49,-19,-21,57,-89,-14,-88,-55,59
134,0,-44,-44,-44,-114,-114,-114,-114,-114,94,-45,-59,118,-52,12,66,31,-112,-123,10,-61,19,17,-121,52,-22,79,67,-113,-30,-110,-40,-114,25,118,-9,29,55,-125,-78,-21,17,114,-49,57,38,-21,123,-103,25,59,-49,71,-81,82,23,49,-19,-21,57,-89,-14,-88,-55,59
135,0,97,97,97,97,108,108,108,108,48,94,-45,-59,118,-52,12,66,31,-112,-123,10,-61,19,17,-121,52,-22,79,67,-113,-30,-110,-40,-109,-22,7,-72,108,77,81,-37,-39,83,-86,90,-54,97,125,-63,-73,-112,3,46,110,-41,-3,68,62,-81,-20,-97,-42,48,83,114
136,0,97,97,97,97,108,108,108,108,48,94,-45,-59,118,-52,12,66,31,-112,-123,10,-61,19,17,-121,52,-22,79,67,-113,-30,-110,-40,-109,-22,7,-72,108,77,81,-37,-39,83,-86,90,-54,97,125,-63,-73,-112,3,46,110,-41,-3,68,62,-81,-20,-97,-42,48,83,114
137,0,97,97,97,97,108,108,108,108,48,94,-45,-59,118,-52,12,66,31,-112,-123,10,-61,19,17,-121,52,-22,79,67,-113,-30,-110,-40,-109,-22,7,-72,108,77,81,-37,-39,83,-86,90,-54,97,125,-63,-73,-112,3,46,110,-41,-3,68,62,-81,-20,-97,-42,48,83,114
138,0,-6,-6,-6,-6,-6,-93,-93,-93,-61,48,94,-45,-59,118,-52,12,66,31,-112,-123,10,-61,19,17,-121,52,-22,79,67,-113,-30,-110,62,-97,51,120,-26,14,-11,23,-112,103,-20,-93,-39,-31,-71,60,123,83,-27,-96,96,117,37,6,-24,28,28,-27,-20,88,-21,-40
139,0,-6,-6,-6,-6,-6,-93,-93,-93,-61,48,94,-45,-59,118,-52,12,66,31,-112,-123,10,-61,19,17,-121,52,-22,79,67,-113,-30,-110,62,-97,51,120,-26,14,-11,23,-112,103,-20,-93,-39,-31,-71,60,123,83,-27,-96,96,117,37,6,-24,28,28,-27,-20,88,-21,-40
140,0,-6,-6,-6,-6,-6,-93,-93,-93,-61,48,94,-45,-59,118,-52,12,66,31,-112,-123,10,-61,19,17,-121,52,-22,79,67,-113,-30,-110,62,-97,51,120,-26,14,-11,23,-112,103,-20,-93,-39,-31,-71,60,123,83,-27,-96,96,117,37,6,-24,28,28,-27,-20,88,-21,-40
141,0,68,-62,-62,-62,-62,-62,114,114,74,-61,48,94,-45,-59,118,-52,12,66,31,-112,-123,10,-61,19,17,-121,52,-22,79,67,-113,-30,98,-16,73,-52,-19,24,83,1,-66,-14,89,82,-76,48,-7,-71,-96,35,126,-21,46,-48,78,38,9,-36,120,-72,-16,-74,47,-57
142,0,68,-62,-62,-62,-62,-62,114,114,74,-61,48,94,-45,-59,118,-52,12,66,31,-112,-123,10,-61,19,17,-121,52,-22,79,67,-113,-30,98,-16,73,-52,-19,24,83,1,-66,-14,89,82,-76,48,-7,-71,-96,35,126,-21,46,-48,78,38,9,-36,120,-72,-16,-74,47,-57
143,0,68,-62,-62,-62,-62,-62,114,114,74,-61,48,94,-45,-59,118,-52,12,66,31,-112,-123,10,-61,19,17,-121,52,-22,79,67,-113,-30,98,-16,73,-52,-19,24,83,1,-66,-14,89,82,-76,48,-7,-71,-96,35,126,-21,46,-48,78,38,9,-36,120,-72,-16,-74,47,-57
144,0,45,45,14,14,14,14,14,-6,81,74,-61,48,94,-45,-59,118,-52,12,66,31,-112,-123,10,-61,19,17,-121,52,-22,79,67,-113,-44,-18,126,-96,-77,-127,-11,126,-110,126,46,-44,109,43,-102,-21,107,105,-95,94,-21,-22,-17,83,-119,90,-50,27,-66,-97,118,50
145,0,45,45,14,14,14,14,14,-6,81,74,-61,48,94,-45,-59,118,-52,12,66,31,-112,-123,10,-61,19,17,-121,52,-22,79,67,-113,-44,-18,126,-96,-77,-127,-11,126,-110,126,46,-44,109,43,-102,-21,107,105,-95,94,-21,-22,-17,83,-119,90,-50,27,-66,-97,118,50
146,0,45,45,14,14,14,14,14,-6,81,74,-61,48,94,-45,-59,118,-52,12,66,31,-112,-123,10,-61,19,17,-121,52,-22,79,67,-113,-44,-18,126,-96,-77,-127,-11,126,-110,126,46,-44,109,43,-102,-21,107,105,-95,94,-21,-22,-17,83,-119,90,-50,27,-66,-97,118,50
147,0,34,34,34,110,110,110,110,110,60,81,74,-61,48,94,-45,-59,118,-52,12,66,31,-112,-123,10,-61,19,17,-121,52,-22,79,67,-79,-4,50,85,-80,6,-49,-73,-18,-57,-50,-93,-95,43,10,59,66,64,-7,-83,56,-14,27,-76,76,8,-14,-113,-77,-57,-23,-14
148,0,34,34,34,110,110,110,110,110,60,81,74,-61,48,94,-45,-59,118,-52,12,66,31,-112,-123,10,-61,19,17,-121,52,-22,79,67,-79,-4,50,85,-80,6,-49,-73,-18,-57,-50,-93,-95,43,10,59,66,64,-7,-83,56,-14,27,-76,76,8,-14,-113,-77,-57,-23,-14
149,0,34,34,34,110,110,110,110,110,60,81,74,-61,48,94,-45,-59,118,-52,12,66,31,-112,-123,10,-61,19,17,-121,52,-22,79,67,-79,-4,50,85,-80,6,-49,-73,-18,-57,-50,-93,-95,43,10,59,66,64,-7,-83,56,-14,27,-76,76,8,-14,-113,-77,-57,-23,-14
150,0,43,43,43,43,-70,-70,-70,-70,91,60,81,74,-61,48,94,-45,-59,118,-52,12,66,31,-112,-123,10,-61,19,17,-121,52,-22,79,-94,56,-106,-95,92,-121,93,62,-94,29,-10,40,0,-114,75,-125,99,-50,-37,52,-68,64,58,99,-29,-102,-40,95,-123,104,63,87
151,0,43,43,43,43,-70,-70,-70,-70,91,60,81,74,-61,48,94,-45,-59,118,-52,12,66,31,-112,-123,10,-61,19,17,-121,52,-22,79,-94,56,-106,-95,92,-121,93,62,-94,29,-10,40,0,-114,75,-125,99,-50,-37,52,-68,64,58,99,-29,-102,-40,95,-123,104,63,87
152,0,43,43,43,43,-70,-70,-70,-70,91,60,81,74,-61,48,94,-45,-59,118,-52,12,66,31,-112,-123,10,-61,19,17,-121,52,-22,79,-94,56,-106,-95,92,-121,93,62,-94,29,-10,40,0,-114,75,-125,99,-50,-37,52,-68,64,58,99,-29,-102,-40,95,-123,104,63,87
153,0,13,13,13,13,13,98,98,98,93,91,60,81,74,-61,48,94,-45,-59,118,-52,12,66,31,-112,-123,10,-61,19,17,-121,52,-22,68,100,-42,-36,70,127,-20,28,38,127,19,-105,-47,103,-106,67,33,37,-91,43,49,50,98,-16,21,-40,126,57,24,-95,-114,52
154,0,13,13,13,13,13,98,98,98,93,91,60,81,74,-61,48,94,-45,-59,118,-52,12,66,31,-112,-123,10,-61,19,17,-121,52,-22,68,100,-42,-36,70,127,-20,28,38,127,19,-105,-47,103,-106,67,33,37,-91,43,49,50,98,-16,21,-40,126,57,24,-95,-114,52
155,0,13,13,13,13,13,98,98,98,93,91,60,81,74,-61,48,94,-45,-59,118,-52,12,66,31,-112,-123,10,-61,19,17,-121,52,-22,68,100,-42,-36,70,127,-20,28,38,127,19,-105,-47,103,-106,67,33,37,-91,43,49,50,98,-16,21,-40,126,57,24,-95,-114,52
156,0,-101,-50,-50,-50,-50,-50,38,38,-44,93,91,60,81,74,-61,48,94,-45,-59,118,-52,12,66,31,-112,-123,10,-61,19,17,-121,52,74,63,-112,-82,5,86,105,116,42,20,-26,-87,32,-57,60,-78,-23,-17,-123,32,-14,-105,-46,64,51,-120,8,41,-8,-98,-118,2
157,0,-101,-50,-50,-50,-50,-50,38,38,-44,93,91,60,81,74,-61,48,94,-45,-59,118,-52,12,66,31,-112,-123,10,-61,19,17,-121,52,74,63,-112,-82,5,86,105,116,42,20,-26,-87,32,-57,60,-78,-23,-17,-123,32,-14,-105,-46,64,51,-120,8,41,-8,-98,-118,2
158,0,-101,-50,-50,-50,-50,-50,38,38,-44,93,91,60,81,74,-61,48,94,-45,-59,118,-52,12,66,31,-112,-123,10,-61,19,17,-121,52,74,63,-112,-82,5,86,105,116,42,20,-26,-87,32,-57,60,-78,-23,-17,-123,32,-14,-105,-46,64,51,-120,8,41,-8,-98,-118,2
159,0,57,57,40,40,40,40,40,-52,97,-44,93,91,60,81,74,-61,48,94,-45,-59,118,-52,12,66,31,-112,-123,10,-61,19,17,-121,20,-35,-114,7,-27,-43,56,-15,13,-105,-83,89,-76,51,17,71,-80,69,-115,116,93,9,46,88,-7,39,100,-60,-125,-76,69,114
160,0,57,57,40,40,40,40,40,-52,97,-44,93,91,60,81,74,-61,48,94,-45,-59,118,-52,12,66,31,-112,-123,10,-61,19,17,-121,20,-35,-114,7,-27,-43,56,-15,13,-105,-83,89,-76,51,17,71,-80,69,-115,116,93,9,46,88,-7,39,100,-60,-125,-76,69,114
161,0,57,57,40,40,40,40,40,-52,97,-44,93,91,60,81,74,-61,48,94,-45,-59,118,-52,12,66,31,-112,-123,10,-61,19,17,-121,20,-35,-114,7,-27,-43,56,-15,13,-105,-83,89,-76,51,17,71,-80,69,-115,116,93,9,46,88,-7,39,100,-60,-125,-76,69,114
162,0,48,48,48,10,10,10,10,10,-6,97,-44,93,91,60,81,74,-61,48,94,-45,-59,118,-52,12,66,31,-112,-123,10,-61,19,17,89,-30,-92,-103,13,115,-81,31,91,-2,-117,59,114,84,94,-18,34,-50,-105,9,-62,-4,-100,-49,110,112,-17,-49,-42,68,-23,-94
163,0,48,48,48,10,10,10,10,10,-6,97,-44,93,91,60,81,74,-61,48,94,-45,-59,118,-52,12,66,31,-112,-123,10,-61,19,17,89,-30,-92,-103,13,115,-81,31,91,-2,-117,59,114,84,94,-18,34,-50,-105,9,-62,-4,-100,-49,110,112,-17,-49,-42,68,-23,-94
164,0,48,48,48,10,10,10,10,10,-6,97,-44,93,91,60,81,74,-61,48,94,-45,-59,118,-52,12,66,31,-112,-123,10,-61,19,17,89,-30,-92,-103,13,115,-81,31,91,-2,-117,59,114,84,94,-18,34,-50,-105,9,-62,-4,-100,-49,110,112,-17,-49,-42,68,-23,-94
165,0,-88,-88,-88,-88,43,43,43,43,68,-6,97,-44,93,91,60,81,74,-61,48,94,-45,-59,118,-52,12,66,31,-112,-123,10,-61,19,117,77,-112,79,68,-19,46,81,-119,-108,-60,106,16,86,125,-125,-123,101,116,94,-30,97,115,-92,-103,-44,-104,-15,-44,19,98,-113
166,0,-88,-88,-88,-88,43,43,43,43,68,-6,97,-44,93,91,60,81,74,-61,48,94,-45,-59,118,-52,12,66,31,-112,-123,10,-61,19,117,77,-112,79,68,-19,46,81,-119,-108,-60,106,16,86,125,-125,-123,101,116,94,-30,97,115,-92,-103,-44,-104,-15,-44,19,98,-113
167,0,-88,-88,-88,-88,43,43,43,43,68,-6,97,-44,93,91,60,81,74,-61,48,94,-45,-59,118,-52,12,66,31,-112,-123,10,-61,19,117,77,-112,79,68,-19,46,81,-119,-108,-60,106,16,86,125,-125,-123,101,116,94,-30,97,115,-92,-103,-44,-104,-15,-44,19,98,-113
168,0,-123,-123,-123,-123,-123,-69,-69,-69,45,68,-6,97,-44,93,91,60,81,74,-61,48,94,-45,-59,118,-52,12,66,31,-112,-123,10,-61,50,-109,-46,75,-46,-46,-40,-29,52,78,-12,30,-96,-16,27,39,48,6,-86,-99,4,-7,-65,-47,28,33,-84,-12,-12,34,-17,84
169,0,-123,-123,-123,-123,-123,-69,-69,-69,45,68,-6,97,-44,93,91,60,81,74,-61,48,94,-45,-59,118,-52,12,66,31,-112,-123,10,-61,50,-109,-46,75,-46,-46,-40,-29,52,78,-12,30,-96,-16,27,39,48,6,-86,-99,4,-7,-65,-47,28,33,-84,-12,-12,34,-17,84
170,0,-123,-123,-123,-123,-123,-69,-69,-69,45,68,-6,97,-44,93,91,60,81,74,-61,48,94,-45,-59,118,-52,12,66,31,-112,-123,10,-61,50,-109,-46,75,-46,-46,-40,-29,52,78,-12,30,-96,-16,27,39,48,6,-86,-99,4,-7,-65,-47,28,33,-84,-12,-12,34,-17,84
171,0,-15,96,96,96,96,96,-111,-111,34,45,68,-6,97,-44,93,91,60,81,74,-61,48,94,-45,-59,118,-52,12,66,31,-112,-123,10,-58,-58,-23,-53,-7,13,40,-90,114,6,-96,-74,13,9,43,118,-103,-87,8,26,-60,-43,104,25,-109,41,6,-1,77,115,-57,34
172,0,-15,96,96,96,96,96,-111,-111,34,45,68,-6,97,-44,93,91,60,81,74,-61,48,94,-45,-59,118,-52,12,66,31,-112,-123,10,-58,-58,-23,-53,-7,13,40,-90,114,6,-96,-74,13,9,43,118,-103,-87,8,26,-60,-43,104,25,-109,41,6,-1,77,115,-57,34
173,0,-15,96,96,96,96,96,-111,-111,34,45,68,-6,97,-44,93,91,60,81,74,-61,48,94,-45,-59,118,-52,12,66,31,-112,-123,10,-58,-58,-23,-53,-7,13,40,-90,114,6,-96,-74,13,9,43,118,-103,-87,8,26,-60,-43,104,25,-109,41,6,-1,77,115,-57,34
174,0,52,52,-109,-109,-109,-109,-109,58,43,34,45,68,-6,97,-44,93,91,60,81,74,-61,48,94,-45,-59,118,-52,12,66,31,-112,-123,-110,112,-118,-70,123,-65,126,34,-45,101,108,34,-88,41,-104,30,-42,-3,-37,-28,-46,11,123,-58,1,-55,68,58,70,-22,-96,72
175,0,52,52,-109,-109,-109,-109,-109,58,43,34,45,68,-6,97,-44,93,91,60,81,74,-61,48,94,-45,-59,118,-52,12,66,31,-112,-123,-110,112,-118,-70,123,-65,126,34,-45,101,108,34,-88,41,-104,30,-42,-3,-37,-28,-46,11,123,-58,1,-55,68,58,70,-22,-96,72
176,0,52,52,-109,-109,-109,-109,-109,58,43,34,45,68,-6,97,-44,93,91,60,81,74,-61,48,94,-45,-59,118,-52,12,66,31,-112,-123,-110,112,-118,-70,123,-65,126,34,-45,101,108,34,-88,41,-104,30,-42,-3,-37,-28,-46,11,123,-58,1,-55,68,58,70,-22,-96,72
177,0,64,64,64,126,126,126,126,126,13,43,34,45,68,-6,97,-44,93,91,60,81,74,-61,48,94,-45,-59,118,-52,12,66,31,-112,55,-119,24,-19,102,76,-90,-60,-75,-44,-61,-86,-121,-104,70,76,-49,-43,21,74,32,-120,-33,11,-127,36,69,55,-49,-101,35,-2
178,0,64,64,64,126,126,126,126,126,13,43,34,45,68,-6,97,-44,93,91,60,81,74,-61,48,94,-45,-59,118,-52,12,66,31,-112,55,-119,24,-19,102,76,-90,-60,-75,-44,-61,-86,-121,-104,70,76,-49,-43,21,74,32,-120,-33,11,-127,36,69,55,-49,-101,35,-2
179,0,64,64,64,126,126,126,126,126,13,43,34,45,68,-6,97,-44,93,91,60,81,74,-61,48,94,-45,-59,118,-52,12,66,31,-112,55,-119,24,-19,102,76,-90,-60,-75,-44,-61,-86,-121,-104,70,76,-49,-43,21,74,32,-120,-33,11,-127,36,69,55,-49,-101,35,-2
180,0,123,123,123,123,-52,-52,-52,-52,-101,13,43,34,45,68,-6,97,-44,93,91,60,81,74,-61,48,94,-45,-59,118,-52,12,66,31,14,28,-63,-71,45,-17,-3,120,88,-34,48,123,54,-57,-120,-78,12,-123,-115,-107,-126,0,-100,-11,125,120,-67,21,-105,-59,-82,-39
181,0,123,123,123,123,-52,-52,-52,-52,-101,13,43,34,45,68,-6,97,-44,93,91,60,81,74,-61,48,94,-45,-59,118,-52,12,66,31,14,28,-63,-71,45,-17,-3,120,88,-34,48,123,54,-57,-120,-78,12,-123,-115,-107,-126,0,-100,-11,125,120,-67,21,-105,-59,-82,-39
182,0,123,123,123,123,-52,-52,-52,-52,-101,13,43,34,45,68,-6,97,-44,93,91,60,81,74,-61,48,94,-45,-59,118,-52,12,66,31,14,28,-63,-71,45,-17,-3,120,88,-34,48,123,54,-57,-120,-78,12,-123,-115,-107,-126,0,-100,-11,125,120,-67,21,-105,-59,-82,-39
183,0,-69,-69,-69,-69,-69,-28,-28,-28,57,-101,13,43,34,45,68,-6,97,-44,93,91,60,81,74,-61,48,94,-45,-59,118,-52,12,66,-89,62,127,-122,31,-89,-43,36,-52,-59,37,-19,-60,34,78,29,-121,50,3,-25,71,125,-61,-28,34,-29,-117,76,-23,-107,26,-93
184,0,-69,-69,-69,-69,-69,-28,-28,-28,57,-101,13,43,34,45,68,-6,97,-44,93,91,60,81,74,-61,48,94,-45,-59,118,-52,12,66,-89,62,127,-122,31,-89,-43,36,-52,-59,37,-19,-60,34,78,29,-121,50,3,-25,71,125,-61,-28,34,-29,-117,76,-23,-107,26,-93
185,0,-69,-69,-69,-69,-69,-28,-28,-28,57,-101,13,43,34,45,68,-6,97,-44,93,91,60,81,74,-61,48,94,-45,-59,118,-52,12,66,-89,62,127,-122,31,-89,-43,36,-52,-59,37,-19,-60,34,78,29,-121,50,3,-25,71,125,-61,-28,34,-29,-117,76,-23,-107,26,-93
186,0,94,-93,-93,-93,-93,-93,114,114,48,57,-101,13,43,34,45,68,-6,97,-44,93,91,60,81,74,-61,48,94,-45,-59,118,-52,12,44,-29,-76,-123,49,-113,43,86,84,-2,-39,127,-41,-52,70,-24,89,-22,124,89,67,-113,101,88,-54,78,76,-111,49,54,-97,-52
187,0,94,-93,-93,-93,-93,-93,114,114,48,57,-101,13,43,34,45,68,-6,97,-44,93,91,60,81,74,-61,48,94,-45,-59,118,-52,12,44,-29,-76,-123,49,-113,43,86,84,-2,-39,127,-41,-52,70,-24,89,-22,124,89,67,-113,101,88,-54,78,76,-111,49,54,-97,-52
188,0,94,-93,-93,-93,-93,-93,114,114,48,57,-101,13,43,34,45,68,-6,97,-44,93,91,60,81,74,-61,48,94,-45,-59,118,-52,12,44,-29,-76,-123,49,-113,43,86,84,-2,-39,127,-41,-52,70,-24,89,-22,124,89,67,-113,101,88,-54,78,76,-111,49,54,-97,-52
189,0,-71,-71,100,100,100,100,100,126,-88,48,57,-101,13,43,34,45,68,-6,97,-44,93,91,60,81,74,-61,48,94,-45,-59,118,-52,65,92,34,17,-107,123,-105,-70,-92,-64,54,-35,-98,57,-108,54,78,125,-110,74,33,82,-84,33,-28,-59,-119,62,-42,100,-117,88
190,0,-71,-71,100,100,100,100,100,126,-88,48,57,-101,13,43,34,45,68,-6,97,-44,93,91,60,81,74,-61,48,94,-45,-59,118,-52,65,92,34,17,-107,123,-105,-70,-92,-64,54,-35,-98,57,-108,54,78,125,-110,74,33,82,-84,33,-28,-59,-119,62,-42,100,-117,88
191,0,-71,-71,100,100,100,100,100,126,-88,48,57,-101,13,43,34,45,68,-6,97,-44,93,91,60,81,74,-61,48,94,-45,-59,118,-52,65,92,34,17,-107,123,-105,-70,-92,-64,54,-35,-98,57,-108,54,78,125,-110,74,33,82,-84,33,-28,-59,-119,62,-42,100,-117,88
192,0,-107,-107,-107,-86,-86,-86,-86,-86,-123,-88,48,57,-101,13,43,34,45,68,-6,97,-44,93,91,60,81,74,-61,48,94,-45,-59,118,-83,1,-25,68,21,-33,-28,-5,115,-124,65,92,-35,-42,-33,20,-10,-10,-33,-119,-110,-93,-7,-94,-62,-100,-9,68,-36,-94,-41,-77
193,0,-107,-107,-107,-86,-86,-86,-86,-86,-123,-88,48,57,-101,13,43,34,45,68,-6,97,-44,93,91,60,81,74,-61,48,94,-45,-59,118,-83,1,-25,68,21,-33,-28,-5,115,-124,65,92,-35,-42,-33,20,-10,-10,-33,-119,-110,-93,-7,-94,-62,-100,-9,68,-36,-94,-41,-77
194,0,-107,-107,-107,-86,-86,-86,-86,-86,-123,-88,48,57,-101,13,43,34,45,68,-6,97,-44,93,91,60,81,74,-61,48,94,-45,-59,118,-83,1,-25,68,21,-33,-28,-5,115,-124,65,92,-35,-42,-33,20,-10,-10,-33,-119,-110,-93,-7,-94,-62,-100,-9,68,-36,-94,-41,-77
195,0,98,98,98,98,94,94,94,94,-15,-123,-88,48,57,-101,13,43,34,45,68,-6,97,-44,93,91,60,81,74,-61,48,94,-45,-59,74,44,-22,77,127,-64,-64,-20,78,5,39,92,-1,104,65,44,100,-80,-64,77,-12,11,-83,-116,-21,79,-80,-86,1,-34,25,17
196,0,98,98,98,98,94,94,94,94,-15,-123,-88,48,57,-101,13,43,34,45,68,-6,97,-44,93,91,60,81,74,-61,48,94,-45,-59,74,44,-22,77,127,-64,-64,-20,78,5,39,92,-1,104,65,44,100,-80,-64,77,-12,11,-83,-116,-21,79,-80,-86,1,-34,25,17
197,0,98,98,98,98,94,94,94,94,-15,-123,-88,48,57,-101,13,43,34,45,68,-6,97,-44,93,91,60,81,74,-61,48,94,-45,-59,74,44,-22,77,127,-64,-64,-20,78,5,39,92,-1,104,65,44,100,-80,-64,77,-12,11,-83,-116,-21,79,-80,-86,1,-34,25,17
198,0,48,48,48,48,48,124,124,124,52,-15,-123,-88,48,57,-101,13,43,34,45,68,-6,97,-44,93,91,60,81,74,-61,48,94,-45,45,-19,-122,-65,-127,-116,93,-79,100,24,-38,-73,58,-17,90,-34,32,17,116,107,-97,-121,32,42,-75,112,-31,100,50,-20,-15,-25
199,0,48,48,48,48,48,124,124,124,52,-15,-123,-88,48,57,-101,13,43,34,45,68,-6,97,-44,93,91,60,81,74,-61,48,94,-45,45,-19,-122,-65,-127,-116,93,-79,100,24,-38,-73,58,-17,90,-34,32,17,116,107,-97,-121,32,42,-75,112,-31,100,50,-20,-15,-25
200,0,48,48,48,48,48,124,124,124,52,-15,-123,-88,48,57,-101,13,43,34,45,68,-6,97,-44,93,91,60,81,74,-61,48,94,-45,45,-19,-122,-65,-127,-116,93,-79,100,24,-38,-73,58,-17,90,-34,32,17,116,107,-97,-121,32,42,-75,112,-31,100,50,-20,-15,-25
201,0,-14,-30,-30,-30,-30,-30,82,82,64,52,-15,-123,-88,48,57,-101,13,43,34,45,68,-6,97,-44,93,91,60,81,74,-61,48,94,125,34,-114,-16,109,48,-122,-50,37,-19,3,-87,-83,83,-71,46,-108,38,102,-50,55,59,-27,100,-109,103,-81,-26,-77,-124,27,106
202,0,-14,-30,-30,-30,-30,-30,82,82,64,52,-15,-123,-88,48,57,-101,13,43,34,45,68,-6,97,-44,93,91,60,81,74,-61,48,94,125,34,-114,-16,109,48,-122,-50,37,-19,3,-87,-83,83,-71,46,-108,38,102,-50,55,59,-27,100,-109,103,-81,-26,-77,-124,27,106
203,0,-14,-30,-30,-30,-30,-30,82,82,64,52,-15,-123,-88,48,57,-101,13,43,34,45,68,-6,97,-44,93,91,60,81,74,-61,48,94,125,34,-114,-16,109,48,-122,-50,37,-19,3,-87,-83,83,-71,46,-108,38,102,-50,55,59,-27,100,-109,103,-81,-26,-77,-124,27,106
204,0,114,114,127,127,127,127,127,37,123,64,52,-15,-123,-88,48,57,-101,13,43,34,45,68,-6,97,-44,93,91,60,81,74,-61,48,-51,-36,-22,104,16,101,-99,12,79,39,13,-101,-121,-122,115,87,-125,125,-100,-125,-98,65,13,23,24,-20,24,-67,-14,-110,-76,-57
205,0,114,114,127,127,127,127,127,37,123,64,52,-15,-123,-88,48,57,-101,13,43,34,45,68,-6,97,-44,93,91,60,81,74,-61,48,-51,-36,-22,104,16,101,-99,12,79,39,13,-101,-121,-122,115,87,-125,125,-100,-125,-98,65,13,23,24,-20,24,-67,-14,-110,-76,-57
206,0,114,114,127,127,127,127,127,37,123,64,52,-15,-123,-88,48,57,-101,13,43,34,45,68,-6,97,-44,93,91,60,81,74,-61,48,-51,-36,-22,104,16,101,-99,12,79,39,13,-101,-121,-122,115,87,-125,125,-100,-125,-98,65,13,23,24,-20,24,-67,-14,-110,-76,-57
207,0,86,86,86,31,31,31,31,31,-69,123,64,52,-15,-123,-88,48,57,-101,13,43,34,45,68,-6,97,-44,93,91,60,81,74,-61,71,37,-86,-17,-115,47,-50,30,-88,119,-86,114,77,13,-59,-100,6,-24,116,-96,60,68,85,89,-127,41,21,20,-53,-24,55,109
208,0,86,86,86,31,31,31,31,31,-69,123,64,52,-15,-123,-88,48,57,-101,13,43,34,45,68,-6,97,-44,93,91,60,81,74,-61,71,37,-86,-17,-115,47,-50,30,-88,119,-86,114,77,13,-59,-100,6,-24,116,-96,60,68,85,89,-127,41,21,20,-53,-24,55,109
209,0,86,86,86,31,31,31,31,31,-69,123,64,52,-15,-123,-88,48,57,-101,13,43,34,45,68,-6,97,-44,93,91,60,81,74,-61,71,37,-86,-17,-115,47,-50,30,-88,119,-86,114,77,13,-59,-100,6,-24,116,-96,60,68,85,89,-127,41,21,20,-53,-24,55,109
210,0,-98,-98,-98,-98,59,59,59,59,94,-69,123,64,52,-15,-123,-88,48,57,-101,13,43,34,45,68,-6,97,-44,93,91,60,81,74,109,-116,-54,69,52,92,26,-19,-22,7,-23,12,-69,97,-89,87,-42,-17,-35,18,-55,-76,82,-80,-77,-107,121,73,-87,13,35,123
211,0,-98,-98,-98,-98,59,59,59,59,94,-69,123,64,52,-15,-123,-88,48,57,-101,13,43,34,45,68,-6,97,-44,93,91,60,81,74,109,-116,-54,69,52,92,26,-19,-22,7,-23,12,-69,97,-89,87,-42,-17,-35,18,-55,-76,82,-80,-77,-107,121,73,-87,13,35,123
212,0,-98,-98,-98,-98,59,59,59,59,94,-69,123,64,52,-15,-123,-88,48,57,-101,13,43,34,45,68,-6,97,-44,93,91,60,81,74,109,-116,-54,69,52,92,26,-19,-22,7,-23,12,-69,97,-89,87,-42,-17,-35,18,-55,-76,82,-80,-77,-107,121,73,-87,13,35,123
213,0,-126,-126,-126,-126,-126,-49,-49,-49,-71,94,-69,123,64,52,-15,-123,-88,48,57,-101,13,43,34,45,68,-6,97,-44,93,91,60,81,29,71,53,98,57,-35,-22,111,-18,11,48,-55,-8,119,-33,-87,-111,126,6,-55,-48,-19,-72,-105,-63,27,-40,-36,-56,-53,-15,-125
214,0,-126,-126,-126,-126,-126,-49,-49,-49,-71,94,-69,123,64,52,-15,-123,-88,48,57,-101,13,43,34,45,68,-6,97,-44,93,91,60,81,29,71,53,98,57,-35,-22,111,-18,11,48,-55,-8,119,-33,-87,-111,126,6,-55,-48,-19,-72,-105,-63,27,-40,-36,-56,-53,-15,-125
215,0,-126,-126,-126,-126,-126,-49,-49,-49,-71,94,-69,123,64,52,-15,-123,-88,48,57,-101,13,43,34,45,68,-6,97,-44,93,91,60,81,29,71,53,98,57,-35,-22,111,-18,11,48,-55,-8,119,-33,-87,-111,126,6,-55,-48,-19,-72,-105,-63,27,-40,-36,-56,-53,-15,-125
216,0,-11,-80,-80,-80,-80,-80,0,0,-107,-71,94,-69,123,64,52,-15,-123,-88,48,57,-101,13,43,34,45,68,-6,97,-44,93,91,60,-61,94,-125,-12,-8,-33,-106,78,-49,59,18,-111,24,66,-85,-120,-68,-83,100,-87,70,-105,-118,23,126,-98,-96,126,81,-69,112,-43
217,0,-11,-80,-80,-80,-80,-80,0,0,-107,-71,94,-69,123,64,52,-15,-123,-88,48,57,-101,13,43,34,45,68,-6,97,-44,93,91,60,-61,94,-125,-12,-8,-33,-106,78,-49,59,18,-111,24,66,-85,-120,-68,-83,100,-87,70,-105,-118,23,126,-98,-96,126,81,-69,112,-43
218,0,-11,-80,-80,-80,-80,-80,0,0,-107,-71,94,-69,123,64,52,-15,-123,-88,48,57,-101,13,43,34,45,68,-6,97,-44,93,91,60,-61,94,-125,-12,-8,-33,-106,78,-49,59,18,-111,24,66,-85,-120,-68,-83,100,-87,70,-105,-118,23,126,-98,-96,126,81,-69,112,-43
219,0,-6,-6,-44,-44,-44,-44,-44,-54,98,-107,-71,94,-69,123,64,52,-15,-123,-88,48,57,-101,13,43,34,45,68,-6,97,-44,93,91,6,-19,42,122,90,-1,64,-40,107,-38,-55,49,0,-7,-101,-14,45,-8,57,-56,24,-26,-99,72,22,-53,-122,24,-120,75,5,8
220,0,-6,-6,-44,-44,-44,-44,-44,-54,98,-107,-71,94,-69,123,64,52,-15,-123,-88,48,57,-101,13,43,34,45,68,-6,97,-44,93,91,6,-19,42,122,90,-1,64,-40,107,-38,-55,49,0,-7,-101,-14,45,-8,57,-56,24,-26,-99,72,22,-53,-122,24,-120,75,5,8
221,0,-6,-6,-44,-44,-44,-44,-44,-54,98,-107,-71,94,-69,123,64,52,-15,-123,-88,48,57,-101,13,43,34,45,68,-6,97,-44,93,91,6,-19,42,122,90,-1,64,-40,107,-38,-55,49,0,-7,-101,-14,45,-8,57,-56,24,-26,-99,72,22,-53,-122,24,-120,75,5,8
222,0,-96,-96,-96,118,118,118,118,118,48,98,-107,-71,94,-69,123,64,52,-15,-123,-88,48,57,-101,13,43,34,45,68,-6,97,-44,93,-2,-28,-25,109,22,12,-16,-107,26,-97,1,-73,15,-52,96,105,-80,100,50,-113,-3,7,15,-7,-5,-18,82,117,-6,-56,0,40
223,0,-96,-96,-96,118,118,118,118,118,48,98,-107,-71,94,-69,123,64,52,-15,-123,-88,48,57,-101,13,43,34,45,68,-6,97,-44,93,-2,-28,-25,109,22,12,-16,-107,26,-97,1,-73,15,-52,96,105,-80,100,50,-113,-3,7,15,-7,-5,-18,82,117,-6,-56,0,40
224,0,-96,-96,-96,118,118,118,118,118,48,98,-107,-71,94,-69,123,64,52,-15,-123,-88,48,57,-101,13,43,34,45,68,-6,97,-44,93,-2,-28,-25,109,22,12,-16,-107,26,-97,1,-73,15,-52,96,105,-80,100,50,-113,-3,7,15,-7,-5,-18,82,117,-6,-56,0,40
225,0,-21,-21,-21,-21,-98,-98,-98,-98,-14,48,98,-107,-71,94,-69,123,64,52,-15,-123,-88,48,57,-101,13,43,34,45,68,-6,97,-44,16,74,73,-62,4,36,64,54,62,110,82,-110,-53,58,86,96,55,75,-119,6,-108,-73,-31,-63,113,-61,-119,-88,-113,22,36,32
226,0,-21,-21,-21,-21,-98,-98,-98,-98,-14,48,98,-107,-71,94,-69,123,64,52,-15,-123,-88,48,57,-101,13,43,34,45,68,-6,97,-44,16,74,73,-62,4,36,64,54,62,110,82,-110,-53,58,86,96,55,75,-119,6,-108,-73,-31,-63,113,-61,-119,-88,-113,22,36,32
227,0,-21,-21,-21,-21,-98,-98,-98,-98,-14,48,98,-107,-71,94,-69,123,64,52,-15,-123,-88,48,57,-101,13,43,34,45,68,-6,97,-44,16,74,73,-62,4,36,64,54,62,110,82,-110,-53,58,86,96,55,75,-119,6,-108,-73,-31,-63,113,-61,-119,-88,-113,22,36,32
228,0,116,116,116,116,116,22,22,22,114,-14,48,98,-107,-71,94,-69,123,64,52,-15,-123,-88,48,57,-101,13,43,34,45,68,-6,97,5,-66,-34,-53,89,64,106,-45,21,-89,71,20,-103,44,34,33,-54,121,62,105,-106,-39,-22,-2,111,-6,-99,58,55,90,-46,116
229,0,116,116,116,116,116,22,22,22,114,-14,48,98,-107,-71,94,-69,123,64,52,-15,-123,-88,48,57,-101,13,43,34,45,68,-6,97,5,-66,-34,-53,89,64,106,-45,21,-89,71,20,-103,44,34,33,-54,121,62,105,-106,-39,-22,-2,111,-6,-99,58,55,90,-46,116
230,0,116,116,116,116,116,22,22,22,114,-14,48,98,-107,-71,94,-69,123,64,52,-15,-123,-88,48,57,-101,13,43,34,45,68,-6,97,5,-66,-34,-53,89,64,106,-45,21,-89,71,20,-103,44,34,33,-54,121,62,105,-106,-39,-22,-2,111,-6,-99,58,55,90,-46,116
231,0,81,103,103,103,103,103,-117,-117,86,114,-14,48,98,-107,-71,94,-69,123,64,52,-15,-123,-88,48,57,-101,13,43,34,45,68,-6,108,116,96,48,45,116,-27,-41,94,-126,-76,53,-111,-65,22,-15,-30,-43,17,-111,115,-61,124,-40,86,-93,4,24,50,-26,-100,103
232,0,81,103,103,103,103,103,-117,-117,86,114,-14,48,98,-107,-71,94,-69,123,64,52,-15,-123,-88,48,57,-101,13,43,34,45,68,-6,108,116,96,48,45,116,-27,-41,94,-126,-76,53,-111,-65,22,-15,-30,-43,17,-111,115,-61,124,-40,86,-93,4,24,50,-26,-100,103
233,0,81,103,103,103,103,103,-117,-117,86,114,-14,48,98,-107,-71,94,-69,123,64,52,-15,-123,-88,48,57,-101,13,43,34,45,68,-6,108,116,96,48,45,116,-27,-41,94,-126,-76,53,-111,-65,22,-15,-30,-43,17,-111,115,-61,124,-40,86,-93,4,24,50,-26,-100,103
234,0,12,12,-30,-30,-30,-30,-30,50,-98,86,114,-14,48,98,-107,-71,94,-69,123,64,52,-15,-123,-88,48,57,-101,13,43,34,45,68,44,-72,79,110,5,-117,-42,-95,61,41,-57,-116,70,42,-21,28,-72,-31,-29,63,-66,-15,30,-47,126,-3,10,15,59,-90,82,-103
235,0,12,12,-30,-30,-30,-30,-30,50,-98,86,114,-14,48,98,-107,-71,94,-69,123,64,52,-15,-123,-88,48,57,-101,13,43,34,45,68,44,-72,79,110,5,-117,-42,-95,61,41,-57,-116,70,42,-21,28,-72,-31,-29,63,-66,-15,30,-47,126,-3,10,15,59,-90,82,-103
236,0,12,12,-30,-30,-30,-30,-30,50,-98,86,114,-14,48,98,-107,-71,94,-69,123,64,52,-15,-123,-88,48,57,-101,13,43,34,45,68,44,-72,79,110,5,-117,-42,-95,61,41,-57,-116,70,42,-21,28,-72,-31,-29,63,-66,-15,30,-47,126,-3,10,15,59,-90,82,-103
237,0,-42,-42,-42,-64,-64,-64,-64,-64,-126,-98,86,114,-14,48,98,-107,-71,94,-69,123,64,52,-15,-123,-88,48,57,-101,13,43,34,45,2,62,63,-83,-58,87,-94,75,26,111,-125,-18,17,120,-85,92,-83,92,86,-12,-37,89,-4,-89,-46,-47,-87,94,99,-26,82,91
238,0,-42,-42,-42,-64,-64,-64,-64,-64,-126,-98,86,114,-14,48,98,-107,-71,94,-69,123,64,52,-15,-123,-88,48,57,-101,13,43,34,45,2,62,63,-83,-58,87,-94,75,26,111,-125,-18,17,120,-85,92,-83,92,86,-12,-37,89,-4,-89,-46,-47,-87,94,99,-26,82,91
239,0,-42,-42,-42,-64,-64,-64,-64,-64,-126,-98,86,114,-14,48,98,-107,-71,94,-69,123,64,52,-15,-123,-88,48,57,-101,13,43,34,45,2,62,63,-83,-58,87,-94,75,26,111,-125,-18,17,120,-85,92,-83,92,86,-12,-37,89,-4,-89,-46,-47,-87,94,99,-26,82,91
240,0,-27,-27,-27,-27,-110,-110,-110,-110,-11,-126,-98,86,114,-14,48,98,-107,-71,94,-69,123,64,52,-15,-123,-88,48,57,-101,13,43,34,88,-90,105,86,-49,-8,86,-109,39,-2,-18,73,3,61,58,-127,73,-117,101,-123,-110,-115,0,-70,-62,113,121,-102,-107,-47,-50,-55
241,0,-27,-27,-27,-27,-110,-110,-110,-110,-11,-126,-98,86,114,-14,48,98,-107,-71,94,-69,123,64,52,-15,-123,-88,48,57,-101,13,43,34,88,-90,105,86,-49,-8,86,-109,39,-2,-18,73,3,61,58,-127,73,-117,101,-123,-110,-115,0,-70,-62,113,121,-102,-107,-47,-50,-55
242,0,-27,-27,-27,-27,-110,-110,-110,-110,-11,-126,-98,86,114,-14,48,98,-107,-71,94,-69,123,64,52,-15,-123,-88,48,57,-101,13,43,34,88,-90,105,86,-49,-8,86,-109,39,-2,-18,73,3,61,58,-127,73,-117,101,-123,-110,-115,0,-70,-62,113,121,-102,-107,-47,-50,-55
243,0,-17,-17,-17,-17,-17,4,4,4,-6,-11,-126,-98,86,114,-14,48,98,-107,-71,94,-69,123,64,52,-15,-123,-88,48,57,-101,13,43,-58,-120,-82,59,-127,34,-13,-70,-79,88,-49,126,107,59,13,88,-69,-3,26,32,-92,-27,-97,-62,-117,20,-64,-64,-66,-1,-14,81
244,0,-17,-17,-17,-17,-17,4,4,4,-6,-11,-126,-98,86,114,-14,48,98,-107,-71,94,-69,123,64,52,-15,-123,-88,48,57,-101,13,43,-58,-120,-82,59,-127,34,-13,-70,-79,88,-49,126,107,59,13,88,-69,-3,26,32,-92,-27,-97,-62,-117,20,-64,-64,-66,-1,-14,81
245,0,-17,-17,-17,-17,-17,4,4,4,-6,-11,-126,-98,86,114,-14,48,98,-107,-71,94,-69,123,64,52,-15,-123,-88,48,57,-101,13,43,-58,-120,-82,59,-127,34,-13,-70,-79,88,-49,126,107,59,13,88,-69,-3,26,32,-92,-27,-97,-62,-117,20,-64,-64,-66,-1,-14,81
246,0,-112,-23,-23,-23,-23,-23,14,14,-96,-6,-11,-126,-98,86,114,-14,48,98,-107,-71,94,-69,123,64,52,-15,-123,-88,48,57,-101,13,-57,87,18,-30,-82,-116,-12,-59,38,70,87,52,-61,-121,-118,-72,-93,55,-89,110,-48,-117,-126,-43,3,-9,-14,127,-31,56,77,78
247,0,-112,-23,-23,-23,-23,-23,14,14,-96,-6,-11,-126,-98,86,114,-14,48,98,-107,-71,94,-69,123,64,52,-15,-123,-88,48,57,-101,13,-57,87,18,-30,-82,-116,-12,-59,38,70,87,52,-61,-121,-118,-72,-93,55,-89,110,-48,-117,-126,-43,3,-9,-14,127,-31,56,77,78
248,0,-112,-23,-23,-23,-23,-23,14,14,-96,-6,-11,-126,-98,86,114,-14,48,98,-107,-71,94,-69,123,64,52,-15,-123,-88,48,57,-101,13,-57,87,18,-30,-82,-116,-12,-59,38,70,87,52,-61,-121,-118,-72,-93,55,-89,110,-48,-117,-126,-43,3,-9,-14,127,-31,56,77,78
249,0,-6,-6,-14,-14,-14,-14,-14,24,-21,-96,-6,-11,-126,-98,86,114,-14,48,98,-107,-71,94,-69,123,64,52,-15,-123,-88,48,57,-101,119,-2,4,21,-35,70,115,-122,103,85,-93,-111,102,113,125,-3,63,-12,84,-7,-41,24,105,-59,27,-22,-117,-19,92,49,46,-47
250,0,-6,-6,-14,-14,-14,-14,-14,24,-21,-96,-6,-11,-126,-98,86,114,-14,48,98,-107,-71,94,-69,123,64,52,-15,-123,-88,48,57,-101,119,-2,4,21,-35,70,115,-122,103,85,-93,-111,102,113,125,-3,63,-12,84,-7,-41,24,105,-59,27,-22,-117,-19,92,49,46,-47
251,0,-6,-6,-14,-14,-14,-14,-14,24,-21,-96,-6,-11,-126,-98,86,114,-14,48,98,-107,-71,94,-69,123,64,52,-15,-123,-88,48,57,-101,119,-2,4,21,-35,70,115,-122,103,85,-93,-111,102,113,125,-3,63,-12,84,-7,-41,24,105,-59,27,-22,-117,-19,92,49,46,-47
252,0,-17,-17,-17,114,114,114,114,114,116,-21,-96,-6,-11,-126,-98,86,114,-14,48,98,-107,-71,94,-69,123,64,52,-15,-123,-88,48,57,82,-87,123,6,-95,24,83,4,117,125,-98,104,-19,-80,28,-86,15,-91,99,95,50,-56,-55,-82,24,17,16,51,-107,86,77,-82
253,0,-17,-17,-17,114,114,114,114,114,116,-21,-96,-6,-11,-126,-98,86,114,-14,48,98,-107,-71,94,-69,123,64,52,-15,-123,-88,48,57,82,-87,123,6,-95,24,83,4,117,125,-98,104,-19,-80,28,-86,15,-91,99,95,50,-56,-55,-82,24,17,16,51,-107,86,77,-82
254,0,-17,-17,-17,114,114,114,114,114,116,-21,-96,-6,-11,-126,-98,86,114,-14,48,98,-107,-71,94,-69,123,64,52,-15,-123,-88,48,57,82,-87,123,6,-95,24,83,4,117,125,-98,104,-19,-80,28,-86,15,-91,99,95,50,-56,-55,-82,24,17,16,51,-107,86,77,-82
255,0,-2,-2,-2,-2,-26,-26,-26,-26,81,116,-21,-96,-6,-11,-126,-98,86,114,-14,48,98,-107,-71,94,-69,123,64,52,-15,-123,-88,48,-25,-80,110,-95,12,-59,-59,86,3,-23,110,-21,28,94,9,-44,-117,60,0,-19,-4,54,70,101,61,86,-120,-20,19,41,112,-6
256,0,-2,-2,-2,-2,-26,-26,-26,-26,81,116,-21,-96,-6,-11,-126,-98,86,114,-14,48,98,-107,-71,94,-69,123,64,52,-15,-123,-88,48,-25,-80,110,-95,12,-59,-59,86,3,-23,110,-21,28,94,9,-44,-117,60,0,-19,-4,54,70,101,61,86,-120,-20,19,41,112,-6
257,0,-2,-2,-2,-2,-26,-26,-26,-26,81,116,-21,-96,-6,-11,-126,-98,86,114,-14,48,98,-107,-71,94,-69,123,64,52,-15,-123,-88,48,-25,-80,110,-95,12,-59,-59,86,3,-23,110,-21,28,94,9,-44,-117,60,0,-19,-4,54,70,101,61,86,-120,-20,19,41,112,-6
258,0,-28,-28,-28,-28,-28,-55,-55,-55,12,81,116,-21,-96,-6,-11,-126,-98,86,114,-14,48,98,-107,-71,94,-69,123,64,52,-15,-123,-88,80,-39,2,13,13,110,50,-63,27,10,-19,49,72,56,5,-82,-72,17,-5,-38,-53,66,-9,28,-26,21,11,-63,63,-103,-114,-26
259,0,-28,-28,-28,-28,-28,-55,-55,-55,12,81,116,-21,-96,-6,-11,-126,-98,86,114,-14,48,98,-107,-71,94,-69,123,64,52,-15,-123,-88,80,-39,2,13,13,110,50,-63,27,10,-19,49,72,56,5,-82,-72,17,-5,-38,-53,66,-9,28,-26,21,11,-63,63,-103,-114,-26
260,0,-28,-28,-28,-28,-28,-55,-55,-55,12,81,116,-21,-96,-6,-11,-126,-98,86,114,-14,48,98,-107,-71,94,-69,123,64,52,-15,-123,-88,80,-39,2,13,13,110,50,-63,27,10,-19,49,72,56,5,-82,-72,17,-5,-38,-53,66,-9,28,-26,21,11,-63,63,-103,-114,-26
261,0,-61,21,21,21,21,21,95,95,-42,12,81,116,-21,-96,-6,-11,-126,-98,86,114,-14,48,98,-107,-71,94,-69,123,64,52,-15,-123,-18,3,126,114,-108,-101,62,23,-48,46,-103,-105,-44,-10,119,-78,124,-85,0,101,-86,-72,-64,37,-31,120,-96,-46,-12,-67,-66,43
262,0,-61,21,21,21,21,21,95,95,-42,12,81,116,-21,-96,-6,-11,-126,-98,86,114,-14,48,98,-107,-71,94,-69,123,64,52,-15,-123,-18,3,126,114,-108,-101,62,23,-48,46,-103,-105,-44,-10,119,-78,124,-85,0,101,-86,-72,-64,37,-31,120,-96,-46,-12,-67,-66,43
263,0,-61,21,21,21,21,21,95,95,-42,12,81,116,-21,-96,-6,-11,-126,-98,86,114,-14,48,98,-107,-71,94,-69,123,64,52,-15,-123,-18,3,126,114,-108,-101,62,23,-48,46,-103,-105,-44,-10,119,-78,124,-85,0,101,-86,-72,-64,37,-31,120,-96,-46,-12,-67,-66,43
264,0,24,24,53,53,53,53,53,-22,-27,-42,12,81,116,-21,-96,-6,-11,-126,-98,86,114,-14,48,98,-107,-71,94,-69,123,64,52,-15,17,-67,48,-20,90,51,-15,-113,97,-52,103,102,71,-79,-94,3,-83,-64,-72,-60,-84,-108,-20,-66,84,-15,108,-81,61,-34,-113,71
265,0,24,24,53,53,53,53,53,-22,-27,-42,12,81,116,-21,-96,-6,-11,-126,-98,86,114,-14,48,98,-107,-71,94,-69,123,64,52,-15,17,-67,48,-20,90,51,-15,-113,97,-52,103,102,71,-79,-94,3,-83,-64,-72,-60,-84,-108,-20,-66,84,-15,108,-81,61,-34,-113,71
266,0,24,24,53,53,53,53,53,-22,-27,-42,12,81,116,-21,-96,-6,-11,-126,-98,86,114,-14,48,98,-107,-71,94,-69,123,64,52,-15,17,-67,48,-20,90,51,-15,-113,97,-52,103,102,71,-79,-94,3,-83,-64,-72,-60,-84,-108,-20,-66,84,-15,108,-81,61,-34,-113,71
267,0,102,102,102,8,8,8,8,8,-17,-27,-42,12,81,116,-21,-96,-6,-11,-126,-98,86,114,-14,48,98,-107,-71,94,-69,123,64,52,120,-121,115,-105,-70,-98,-63,-76,89,51,-62,-11,-88,-24,115,-52,117,-81,115,-48,37,-15,-103,96,-54,77,-4,-87,-66,-36,15,22
268,0,102,102,102,8,8,8,8,8,-17,-27,-42,12,81,116,-21,-96,-6,-11,-126,-98,86,114,-14,48,98,-107,-71,94,-69,123,64,52,120,-121,115,-105,-70,-98,-63,-76,89,51,-62,-11,-88,-24,115,-52,117,-81,115,-48,37,-15,-103,96,-54,77,-4,-87,-66,-36,15,22
269,0,102,102,102,8,8,8,8,8,-17,-27,-42,12,81,116,-21,-96,-6,-11,-126,-98,86,114,-14,48,98,-107,-71,94,-69,123,64,52,120,-121,115,-105,-70,-98,-63,-76,89,51,-62,-11,-88,-24,115,-52,117,-81,115,-48,37,-15,-103,96,-54,77,-4,-87,-66,-36,15,22
270,0,37,37,37,37,9,9,9,9,-112,-17,-27,-42,12,81,116,-21,-96,-6,-11,-126,-98,86,114,-14,48,98,-107,-71,94,-69,123,64,-4,-83,-28,-63,113,-98,23,-36,-66,-32,-105,89,-70,26,-61,-100,-46,-38,-103,96,5,-119,-65,-5,27,61,-100,11,105,11,-18,-66
271,0,37,37,37,37,9,9,9,9,-112,-17,-27,-42,12,81,116,-21,-96,-6,-11,-126,-98,86,114,-14,48,98,-107,-71,94,-69,123,64,-4,-83,-28,-63,113,-98,23,-36,-66,-32,-105,89,-70,26,-61,-100,-46,-38,-103,96,5,-119,-65,-5,27,61,-100,11,105,11,-18,-66
272,0,37,37,37,37,9,9,9,9,-112,-17,-27,-42,12,81,116,-21,-96,-6,-11,-126,-98,86,114,-14,48,98,-107,-71,94,-69,123,64,-4,-83,-28,-63,113,-98,23,-36,-66,-32,-105,89,-70,26,-61,-100,-46,-38,-103,96,5,-119,-65,-5,27,61,-100,11,105,11,-18,-66
273,0,-104,-104,-104,-104,-104,-13,-13,-13,-6,-112,-17,-27,-42,12,81,116,-21,-96,-6,-11,-126,-98,86,114,-14,48,98,-107,-71,94,-69,123,-91,-76,39,-86,99,-60,-21,-18,-82,121,50,-121,-83,-26,54,-48,38,66,124,-27,24,72,-115,-83,11,101,9,-103,-123,8,-87,-27
274,0,-104,-104,-104,-104,-104,-13,-13,-13,-6,-112,-17,-27,-42,12,81,116,-21,-96,-6,-11,-126,-98,86,114,-14,48,98,-107,-71,94,-69,123,-91,-76,39,-86,99,-60,-21,-18,-82,121,50,-121,-83,-26,54,-48,38,66,124,-27,24,72,-115,-83,11,101,9,-103,-123,8,-87,-27
275,0,-104,-104,-104,-104,-104,-13,-13,-13,-6,-112,-17,-27,-42,12,81,116,-21,-96,-6,-11,-126,-98,86,114,-14,48,98,-107,-71,94,-69,123,-91,-76,39,-86,99,-60,-21,-18,-82,121,50,-121,-83,-26,54,-48,38,66,124,-27,24,72,-115,-83,11,101,9,-103,-123,8,-87,-27
276,0,31,-89,-89,-89,-89,-89,127,127,-17,-6,-112,-17,-27,-42,12,81,116,-21,-96,-6,-11,-126,-98,86,114,-14,48,98,-107,-71,94,-69,94,-39,-31,51,-9,-118,84,-35,34,67,-104,-80,126,-96,-114,29,-118,97,124,56,-109,-25,83,-4,-100,-46,-69,-28,-25,6,-5,-79
277,0,31,-89,-89,-89,-89,-89,127,127,-17,-6,-112,-17,-27,-42,12,81,116,-21,-96,-6,-11,-126,-98,86,114,-14,48,98,-107,-71,94,-69,94,-39,-31,51,-9,-118,84,-35,34,67,-104,-80,126,-96,-114,29,-118,97,124,56,-109,-25,83,-4,-100,-46,-69,-28,-25,6,-5,-79
278,0,31,-89,-89,-89,-89,-89,127,127,-17,-6,-112,-17,-27,-42,12,81,116,-21,-96,-6,-11,-126,-98,86,114,-14,48,98,-107,-71,94,-69,94,-39,-31,51,-9,-118,84,-35,34,67,-104,-80,126,-96,-114,29,-118,97,124,56,-109,-25,83,-4,-100,-46,-69,-28,-25,6,-5,-79
279,0,15,15,70,70,70,70,70,112,-2,-17,-6,-112,-17,-27,-42,12,81,116,-21,-96,-6,-11,-126,-98,86,114,-14,48,98,-107,-71,94,113,79,-41,-21,-92,-95,-29,-45,-55,-101,-75,-123,-68,77,51,79,-114,91,-53,15,-114,68,-61,20,51,-42,-53,-87,-38,-32,21,-14
280,0,15,15,70,70,70,70,70,112,-2,-17,-6,-112,-17,-27,-42,12,81,116,-21,-96,-6,-11,-126,-98,86,114,-14,48,98,-107,-71,94,113,79,-41,-21,-92,-95,-29,-45,-55,-101,-75,-123,-68,77,51,79,-114,91,-53,15,-114,68,-61,20,51,-42,-53,-87,-38,-32,21,-14
281,0,15,15,70,70,70,70,70,112,-2,-17,-6,-112,-17,-27,-42,12,81,116,-21,-96,-6,-11,-126,-98,86,114,-14,48,98,-107,-71,94,113,79,-41,-21,-92,-95,-29,-45,-55,-101,-75,-123,-68,77,51,79,-114,91,-53,15,-114,68,-61,20,51,-42,-53,-87,-38,-32,21,-14
282,0,-72,-72,-72,16,16,16,16,16,-28,-2,-17,-6,-112,-17,-27,-42,12,81,116,-21,-96,-6,-11,-126,-98,86,114,-14,48,98,-107,-71,115,33,-26,59,118,-64,-95,-12,-21,-58,64,-34,83,-114,-51,-121,-6,-121,111,51,-119,-33,8,-106,82,50,-28,-63,14,10,71,78
283,0,-72,-72,-72,16,16,16,16,16,-28,-2,-17,-6,-112,-17,-27,-42,12,81,116,-21,-96,-6,-11,-126,-98,86,114,-14,48,98,-107,-71,115,33,-26,59,118,-64,-95,-12,-21,-58,64,-34,83,-114,-51,-121,-6,-121,111,51,-119,-33,8,-106,82,50,-28,-63,14,10,71,78
284,0,-72,-72,-72,16,16,16,16,16,-28,-2,-17,-6,-112,-17,-27,-42,12,81,116,-21,-96,-6,-11,-126,-98,86,114,-14,48,98,-107,-71,115,33,-26,59,118,-64,-95,-12,-21,-58,64,-34,83,-114,-51,-121,-6,-121,111,51,-119,-33,8,-106,82,50,-28,-63,14,10,71,78
285,0,-2,-2,-2,-2,-42,-42,-42,-42,-61,-28,-2,-17,-6,-112,-17,-27,-42,12,81,116,-21,-96,-6,-11,-126,-98,86,114,-14,48,98,-107,-20,109,-28,-12,75,104,-83,74,-74,2,-70,-77,-21,78,-37,89,-65,-79,-114,90,50,-93,67,2,20,-36,117,50,16,119,-82,-76
286,0,-2,-2,-2,-2,-42,-42,-42,-42,-61,-28,-2,-17,-6,-112,-17,-27,-42,12,81,116,-21,-96,-6,-11,-126,-98,86,114,-14,48,98,-107,-20,109,-28,-12,75,104,-83,74,-74,2,-70,-77,-21,78,-37,89,-65,-79,-114,90,50,-93,67,2,20,-36,117,50,16,119,-82,-76
287,0,-2,-2,-2,-2,-42,-42,-42,-42,-61,-28,-2,-17,-6,-112,-17,-27,-42,12,81,116,-21,-96,-6,-11,-126,-98,86,114,-14,48,98,-107,-20,109,-28,-12,75,104,-83,74,-74,2,-70,-77,-21,78,-37,89,-65,-79,-114,90,50,-93,67,2,20,-36,117,50,16,119,-82,-76
288,0,-77,-77,-77,-77,-77,-103,-103,-103,24,-61,-28,-2,-17,-6,-112,-17,-27,-42,12,81,116,-21,-96,-6,-11,-126,-98,86,114,-14,48,98,102,-83,-1,-103,-34,36,-84,11,102,86,122,-30,-120,-102,44,70,70,92,24,56,5,-83,23,115,20,27,-86,20,-53,-64,-115,48
289,0,-77,-77,-77,-77,-77,-103,-103,-103,24,-61,-28,-2,-17,-6,-112,-17,-27,-42,12,81,116,-21,-96,-6,-11,-126,-98,86,114,-14,48,98,102,-83,-1,-103,-34,36,-84,11,102,86,122,-30,-120,-102,44,70,70,92,24,56,5,-83,23,115,20,27,-86,20,-53,-64,-115,48
290,0,-77,-77,-77,-77,-77,-103,-103,-103,24,-61,-28,-2,-17,-6,-112,-17,-27,-42,12,81,116,-21,-96,-6,-11,-126,-98,86,114,-14,48,98,102,-83,-1,-103,-34,36,-84,11,102,86,122,-30,-120,-102,44,70,70,92,24,56,5,-83,23,115,20,27,-86,20,-53,-64,-115,48
291,0,-44,-25,-25,-25,-25,-25,-38,-38,102,24,-61,-28,-2,-17,-6,-112,-17,-27,-42,12,81,116,-21,-96,-6,-11,-126,-98,86,114,-14,48,114,59,8,42,-66,124,-34,67,-64,-10,-82,70,120,-36,-123,-46,-11,10,-50,117,80,-1,-58,52,89,70,-5,73,125,-65,-109,83
292,0,-44,-25,-25,-25,-25,-25,-38,-38,102,24,-61,-28,-2,-17,-6,-112,-17,-27,-42,12,81,116,-21,-96,-6,-11,-126,-98,86,114,-14,48,114,59,8,42,-66,124,-34,67,-64,-10,-82,70,120,-36,-123,-46,-11,10,-50,117,80,-1,-58,52,89,70,-5,73,125,-65,-109,83
293,0,-44,-25,-25,-25,-25,-25,-38,-38,102,24,-61,-28,-2,-17,-6,-112,-17,-27,-42,12,81,116,-21,-96,-6,-11,-126,-98,86,114,-14,48,114,59,8,42,-66,124,-34,67,-64,-10,-82,70,120,-36,-123,-46,-11,10,-50,117,80,-1,-58,52,89,70,-5,73,125,-65,-109,83
294,0,16,16,13,13,13,13,13,-98,37,102,24,-61,-28,-2,-17,-6,-112,-17,-27,-42,12,81,116,-21,-96,-6,-11,-126,-98,86,114,-14,106,-10,-106,-97,-94,-12,-73,-106,-28,112,-59,-82,-54,9,-66,-46,-119,-69,-56,38,9,102,27,9,-117,41,-65,89,38,-86,123,-123
295,0,16,16,13,13,13,13,13,-98,37,102,24,-61,-28,-2,-17,-6,-112,-17,-27,-42,12,81,116,-21,-96,-6,-11,-126,-98,86,114,-14,106,-10,-106,-97,-94,-12,-73,-106,-28,112,-59,-82,-54,9,-66,-46,-119,-69,-56,38,9,102,27,9,-117,41,-65,89,38,-86,123,-123
296,0,16,16,13,13,13,13,13,-98,37,102,24,-61,-28,-2,-17,-6,-112,-17,-27,-42,12,81,116,-21,-96,-6,-11,-126,-98,86,114,-14,106,-10,-106,-97,-94,-12,-73,-106,-28,112,-59,-82,-54,9,-66,-46,-119,-69,-56,38,9,102,27,9,-117,41,-65,89,38,-86,123,-123
297,0,-38,-38,-38,37,37,37,37,37,-104,37,102,24,-61,-28,-2,-17,-6,-112,-17,-27,-42,12,81,116,-21,-96,-6,-11,-126,-98,86,114,-81,-39,-105,-77,-27,-97,37,-80,-28,-26,-27,-46,72,-14,-117,-32,49,-6,-88,-75,-36,-95,-115,-86,68,95,51,-7,-97,34,-98,32
298,0,-38,-38,-38,37,37,37,37,37,-104,37,102,24,-61,-28,-2,-17,-6,-112,-17,-27,-42,12,81,116,-21,-96,-6,-11,-126,-98,86,114,-81,-39,-105,-77,-27,-97,37,-80,-28,-26,-27,-46,72,-14,-117,-32,49,-6,-88,-75,-36,-95,-115,-86,68,95,51,-7,-97,34,-98,32
299,0,-38,-38,-38,37,37,37,37,37,-104,37,102,24,-61,-28,-2,-17,-6,-112,-17,-27,-42,12,81,116,-21,-96,-6,-11,-126,-98,86,114,-81,-39,-105,-77,-27,-97,37,-80,-28,-26,-27,-46,72,-14,-117,-32,49,-6,-88,-75,-36,-95,-115,-86,68,95,51,-7,-97,34,-98,32
300,0,81,81,81,81,-31,-31,-31,-31,31,-104,37,102,24,-61,-28,-2,-17,-6,-112,-17,-27,-42,12,81,116,-21,-96,-6,-11,-126,-98,86,-36,-123,-75,-18,-62,-89,-127,30,-59,-110,-106,42,-33,45,-78,38,120,-17,-75,89,48,29,-95,-9,-16,-16,-1,-83,101,-69,111,46
301,0,81,81,81,81,-31,-31,-31,-31,31,-104,37,102,24,-61,-28,-2,-17,-6,-112,-17,-27,-42,12,81,116,-21,-96,-6,-11,-126,-98,86,-36,-123,-75,-18,-62,-89,-127,30,-59,-110,-106,42,-33,45,-78,38,120,-17,-75,89,48,29,-95,-9,-16,-16,-1,-83,101,-69,111,46
302,0,81,81,81,81,-31,-31,-31,-31,31,-104,37,102,24,-61,-28,-2,-17,-6,-112,-17,-27,-42,12,81,116,-21,-96,-6,-11,-126,-98,86,-36,-123,-75,-18,-62,-89,-127,30,-59,-110,-106,42,-33,45,-78,38,120,-17,-75,89,48,29,-95,-9,-16,-16,-1,-83,101,-69,111,46
303,0,-104,-104,-104,-104,-104,86,86,86,15,31,-104,37,102,24,-61,-28,-2,-17,-6,-112,-17,-27,-42,12,81,116,-21,-96,-6,-11,-126,-98,107,-40,-75,-14,67,-99,117,-68,71,-58,-68,-72,-44,61,-120,-36,4,-126,-38,88,-5,122,125,79,110,103,-77,-71,-1,94,-23,75
304,0,-104,-104,-104,-104,-104,86,86,86,15,31,-104,37,102,24,-61,-28,-2,-17,-6,-112,-17,-27,-42,12,81,116,-21,-96,-6,-11,-126,-98,107,-40,-75,-14,67,-99,117,-68,71,-58,-68,-72,-44,61,-120,-36,4,-126,-38,88,-5,122,125,79,110,103,-77,-71,-1,94,-23,75
305,0,-104,-104,-104,-104,-104,86,86,86,15,31,-104,37,102,24,-61,-28,-2,-17,-6,-112,-17,-27,-42,12,81,116,-21,-96,-6,-11,-126,-98,107,-40,-75,-14,67,-99,117,-68,71,-58,-68,-72,-44,61,-120,-36,4,-126,-38,88,-5,122,125,79,110,103,-77,-71,-1,94,-23,75
306,0,7,107,107,107,107,107,65,65,-72,15,31,-104,37,102,24,-61,-28,-2,-17,-6,-112,-17,-27,-42,12,81,116,-21,-96,-6,-11,-126,-3,-18,-62,-13,-40,-30,93,88,-102,-55,-51,98,-10,-109,-49,79,-67,18,-49,-114,112,36,-36,-36,111,94,-119,-72,-98,119,-121,41
307,0,7,107,107,107,107,107,65,65,-72,15,31,-104,37,102,24,-61,-28,-2,-17,-6,-112,-17,-27,-42,12,81,116,-21,-96,-6,-11,-126,-3,-18,-62,-13,-40,-30,93,88,-102,-55,-51,98,-10,-109,-49,79,-67,18,-49,-114,112,36,-36,-36,111,94,-119,-72,-98,119,-121,41
308,0,7,107,107,107,107,107,65,65,-72,15,31,-104,37,102,24,-61,-28,-2,-17,-6,-112,-17,-27,-42,12,81,116,-21,-96,-6,-11,-126,-3,-18,-62,-13,-40,-30,93,88,-102,-55,-51,98,-10,-109,-49,79,-67,18,-49,-114,112,36,-36,-36,111,94,-119,-72,-98,119,-121,41
309,0,123,123,-81,-81,-81,-81,-81,-91,-2,-72,15,31,-104,37,102,24,-61,-28,-2,-17,-6,-112,-17,-27,-42,12,81,116,-21,-96,-6,-11,-70,-12,-57,-32,14,59,0,117,29,-37,-29,62,49,-85,60,79,92,-64,-94,-89,125,-59,-74,-101,-38,62,71,-42,27,10,-9,6
310,0,123,123,-81,-81,-81,-81,-81,-91,-2,-72,15,31,-104,37,102,24,-61,-28,-2,-17,-6,-112,-17,-27,-42,12,81,116,-21,-96,-6,-11,-70,-12,-57,-32,14,59,0,117,29,-37,-29,62,49,-85,60,79,92,-64,-94,-89,125,-59,-74,-101,-38,62,71,-42,27,10,-9,6
311,0,123,123,-81,-81,-81,-81,-81,-91,-2,-72,15,31,-104,37,102,24,-61,-28,-2,-17,-6,-112,-17,-27,-42,12,81,116,-21,-96,-6,-11,-70,-12,-57,-32,14,59,0,117,29,-37,-29,62,49,-85,60,79,92,-64,-94,-89,125,-59,-74,-101,-38,62,71,-42,27,10,-9,6
312,0,124,124,124,113,113,113,113,113,-77,-2,-72,15,31,-104,37,102,24,-61,-28,-2,-17,-6,-112,-17,-27,-42,12,81,116,-21,-96,-6,18,109,-74,79,-78,73,-60,-84,-52,-14,81,-117,-64,17,-87,100,-11,-9,-66,88,-127,60,10,22,76,31,4,-57,3,-29,0,-4
313,0,124,124,124,113,113,113,113,113,-77,-2,-72,15,31,-104,37,102,24,-61,-28,-2,-17,-6,-112,-17,-27,-42,12,81,116,-21,-96,-6,18,109,-74,79,-78,73,-60,-84,-52,-14,81,-117,-64,17,-87,100,-11,-9,-66,88,-127,60,10,22,76,31,4,-57,3,-29,0,-4
314,0,124,124,124,113,113,113,113,113,-77,-2,-72,15,31,-104,37,102,24,-61,-28,-2,-17,-6,-112,-17,-27,-42,12,81,116,-21,-96,-6,18,109,-74,79,-78,73,-60,-84,-52,-14,81,-117,-64,17,-87,100,-11,-9,-66,88,-127,60,10,22,76,31,4,-57,3,-29,0,-4
315,0,4,4,4,4,117,117,117,117,-44,-77,-2,-72,15,31,-104,37,102,24,-61,-28,-2,-17,-6,-112,-17,-27,-42,12,81,116,-21,-96,98,-96,-77,-29,-7,-30,38,126,111,-127,-80,-30,103,-64,-104,-113,27,43,127,-30,-30,61,34,-1,11,-17,19,5,27,-17,4,72
316,0,4,4,4,4,117,117,117,117,-44,-77,-2,-72,15,31,-104,37,102,24,-61,-28,-2,-17,-6,-112,-17,-27,-42,12,81,116,-21,-96,98,-96,-77,-29,-7,-30,38,126,111,-127,-80,-30,103,-64,-104,-113,27,43,127,-30,-30,61,34,-1,11,-17,19,5,27,-17,4,72
317,0,4,4,4,4,117,117,117,117,-44,-77,-2,-72,15,31,-104,37,102,24,-61,-28,-2,-17,-6,-112,-17,-27,-42,12,81,116,-21,-96,98,-96,-77,-29,-7,-30,38,126,111,-127,-80,-30,103,-64,-104,-113,27,43,127,-30,-30,61,34,-1,11,-17,19,5,27,-17,4,72
318,0,123,123,123,123,123,-110,-110,-110,16,-44,-77,-2,-72,15,31,-104,37,102,24,-61,-28,-2,-17,-6,-112,-17,-27,-42,12,81,116,-21,80,-56,-43,-21,-17,-59,-6,20,8,43,-103,-59,-110,4,-60,-69,1,-9,45,69,-98,-36,-10,54,96,-29,108,8,-79,-7,-44,125
319,0,123,123,123,123,123,-110,-110,-110,16,-44,-77,-2,-72,15,31,-104,37,102,24,-61,-28,-2,-17,-6,-112,-17,-27,-42,12,81,116,-21,80,-56,-43,-21,-17,-59,-6,20,8,43,-103,-59,-110,4,-60,-69,1,-9,45,69,-98,-36,-10,54,96,-29,108,8,-79,-7,-44,125
320,0,123,123,123,123,123,-110,-110,-110,16,-44,-77,-2,-72,15,31,-104,37,102,24,-61,-28,-2,-17,-6,-112,-17,-27,-42,12,81,116,-21,80,-56,-43,-21,-17,-59,-6,20,8,43,-103,-59,-110,4,-60,-69,1,-9,45,69,-98,-36,-10,54,96,-29,108,8,-79,-7,-44,125
321,0,90,-84,-84,-84,-84,-84,21,21,-38,16,-44,-77,-2,-72,15,31,-104,37,102,24,-61,-28,-2,-17,-6,-112,-17,-27,-42,12,81,116,-68,-37,-99,113,111,103,123,17,85,-76,52,103,-100,36,121,118,-27,-99,-108,-107,-117,68,-99,-12,-117,93,116,-85,109,-68,74,15
322,0,90,-84,-84,-84,-84,-84,21,21,-38,16,-44,-77,-2,-72,15,31,-104,37,102,24,-61,-28,-2,-17,-6,-112,-17,-27,-42,12,81,116,-68,-37,-99,113,111,103,123,17,85,-76,52,103,-100,36,121,118,-27,-99,-108,-107,-117,68,-99,-12,-117,93,116,-85,109,-68,74,15
323,0,90,-84,-84,-84,-84,-84,21,21,-38,16,-44,-77,-2,-72,15,31,-104,37,102,24,-61,-28,-2,-17,-6,-112,-17,-27,-42,12,81,116,-68,-37,-99,113,111,103,123,17,85,-76,52,103,-100,36,121,118,-27,-99,-108,-107,-117,68,-99,-12,-117,93,116,-85,109,-68,74,15
324,0,-80,-80,-94,-94,-94,-94,-94,52,81,-38,16,-44,-77,-2,-72,15,31,-104,37,102,24,-61,-28,-2,-17,-6,-112,-17,-27,-42,12,81,-41,87,118,111,-114,74,83,38,102,-23,89,90,16,-97,45,-112,67,79,-58,23,80,57,-49,-28,43,76,93,125,96,64,64,-15
325,0,-80,-80,-94,-94,-94,-94,-94,52,81,-38,16,-44,-77,-2,-72,15,31,-104,37,102,24,-61,-28,-2,-17,-6,-112,-17,-27,-42,12,81,-41,87,118,111,-114,74,83,38,102,-23,89,90,16,-97,45,-112,67,79,-58,23,80,57,-49,-28,43,76,93,125,96,64,64,-15
326,0,-80,-80,-94,-94,-94,-94,-94,52,81,-38,16,-44,-77,-2,-72,15,31,-104,37,102,24,-61,-28,-2,-17,-6,-112,-17,-27,-42,12,81,-41,87,118,111,-114,74,83,38,102,-23,89,90,16,-97,45,-112,67,79,-58,23,80,57,-49,-28,43,76,93,125,96,64,64,-15
327,0,107,107,107,-108,-108,-108,-108,-108,-104,81,-38,16,-44,-77,-2,-72,15,31,-104,37,102,24,-61,-28,-2,-17,-6,-112,-17,-27,-42,12,127,7,28,-3,-63,51,-64,-106,125,110,-70,75,84,-101,-108,-39,-6,106,-3,66,-84,83,-22,-71,-60,-75,27,-104,31,-6,9,75
328,0,107,107,107,-108,-108,-108,-108,-108,-104,81,-38,16,-44,-77,-2,-72,15,31,-104,37,102,24,-61,-28,-2,-17,-6,-112,-17,-27,-42,12,127,7,28,-3,-63,51,-64,-106,125,110,-70,75,84,-101,-108,-39,-6,106,-3,66,-84,83,-22,-71,-60,-75,27,-104,31,-6,9,75
329,0,107,107,107,-108,-108,-108,-108,-108,-104,81,-38,16,-44,-77,-2,-72,15,31,-104,37,102,24,-61,-28,-2,-17,-6,-112,-17,-27,-42,12,127,7,28,-3,-63,51,-64,-106,125,110,-70,75,84,-101,-108,-39,-6,106,-3,66,-84,83,-22,-71,-60,-75,27,-104,31,-6,9,75
330,0,6,6,6,6,60,60,60,60,7,-104,81,-38,16,-44,-77,-2,-72,15,31,-104,37,102,24,-61,-28,-2,-17,-6,-112,-17,-27,-42,-71,46,79,-71,94,59,-96,84,22,-68,18,124,-67,-120,-38,127,-68,22,-122,-111,72,60,106,10,10,-108,52,49,-123,41,43,-2
331,0,6,6,6,6,60,60,60,60,7,-104,81,-38,16,-44,-77,-2,-72,15,31,-104,37,102,24,-61,-28,-2,-17,-6,-112,-17,-27,-42,-71,46,79,-71,94,59,-96,84,22,-68,18,124,-67,-120,-38,127,-68,22,-122,-111,72,60,106,10,10,-108,52,49,-123,41,43,-2
332,0,6,6,6,6,60,60,60,60,7,-104,81,-38,16,-44,-77,-2,-72,15,31,-104,37,102,24,-61,-28,-2,-17,-6,-112,-17,-27,-42,-71,46,79,-71,94,59,-96,84,22,-68,18,124,-67,-120,-38,127,-68,22,-122,-111,72,60,106,10,10,-108,52,49,-123,41,43,-2
333,0,-65,-65,-65,-65,-65,96,96,96,123,7,-104,81,-38,16,-44,-77,-2,-72,15,31,-104,37,102,24,-61,-28,-2,-17,-6,-112,-17,-27,76,-83,54,7,80,14,-114,-58,88,-113,4,-28,-68,14,13,43,-122,-122,-85,111,19,58,-45,-37,-74,12,-68,-66,107,45,43,100
334,0,-65,-65,-65,-65,-65,96,96,96,123,7,-104,81,-38,16,-44,-77,-2,-72,15,31,-104,37,102,24,-61,-28,-2,-17,-6,-112,-17,-27,76,-83,54,7,80,14,-114,-58,88,-113,4,-28,-68,14,13,43,-122,-122,-85,111,19,58,-45,-37,-74,12,-68,-66,107,45,43,100
335,0,-65,-65,-65,-65,-65,96,96,96,123,7,-104,81,-38,16,-44,-77,-2,-72,15,31,-104,37,102,24,-61,-28,-2,-17,-6,-112,-17,-27,76,-83,54,7,80,14,-114,-58,88,-113,4,-28,-68,14,13,43,-122,-122,-85,111,19,58,-45,-37,-74,12,-68,-66,107,45,43,100
336,0,-17,96,96,96,96,96,104,104,124,123,7,-104,81,-38,16,-44,-77,-2,-72,15,31,-104,37,102,24,-61,-28,-2,-17,-6,-112,-17,61,112,-35,-56,97,103,-51,38,-14,61,58,-73,-10,-121,-30,52,-104,12,76,74,94,66,-74,-15,96,-122,-75,28,-120,68,-64,-95
337,0,-17,96,96,96,96,96,104,104,124,123,7,-104,81,-38,16,-44,-77,-2,-72,15,31,-104,37,102,24,-61,-28,-2,-17,-6,-112,-17,61,112,-35,-56,97,103,-51,38,-14,61,58,-73,-10,-121,-30,52,-104,12,76,74,94,66,-74,-15,96,-122,-75,28,-120,68,-64,-95
338,0,-17,96,96,96,96,96,104,104,124,123,7,-104,81,-38,16,-44,-77,-2,-72,15,31,-104,37,102,24,-61,-28,-2,-17,-6,-112,-17,61,112,-35,-56,97,103,-51,38,-14,61,58,-73,-10,-121,-30,52,-104,12,76,74,94,66,-74,-15,96,-122,-75,28,-120,68,-64,-95
339,0,-21,-21,44,44,44,44,44,113,4,124,123,7,-104,81,-38,16,-44,-77,-2,-72,15,31,-104,37,102,24,-61,-28,-2,-17,-6,-112,78,64,-93,-24,62,-119,25,112,87,40,22,-30,17,75,4,-16,-11,-71,122,100,-73,106,-96,95,77,-30,22,109,-78,-79,-116,-114
340,0,-21,-21,44,44,44,44,44,113,4,124,123,7,-104,81,-38,16,-44,-77,-2,-72,15,31,-104,37,102,24,-61,-28,-2,-17,-6,-112,78,64,-93,-24,62,-119,25,112,87,40,22,-30,17,75,4,-16,-11,-71,122,100,-73,106,-96,95,77,-30,22,109,-78,-79,-116,-114
341,0,-21,-21,44,44,44,44,44,113,4,124,123,7,-104,81,-38,16,-44,-77,-2,-72,15,31,-104,37,102,24,-61,-28,-2,-17,-6,-112,78,64,-93,-24,62,-119,25,112,87,40,22,-30,17,75,4,-16,-11,-71,122,100,-73,106,-96,95,77,-30,22,109,-78,-79,-116,-114
342,0,126,126,126,-14,-14,-14,-14,-14,123,4,124,123,7,-104,81,-38,16,-44,-77,-2,-72,15,31,-104,37,102,24,-61,-28,-2,-17,-6,-102,3,63,46,55,104,-103,-63,43,-115,71,67,-18,-84,-35,-105,-61,65,-124,46,102,64,125,-98,-66,107,-95,-102,5,-9,126,-83
343,0,126,126,126,-14,-14,-14,-14,-14,123,4,124,123,7,-104,81,-38,16,-44,-77,-2,-72,15,31,-104,37,102,24,-61,-28,-2,-17,-6,-102,3,63,46,55,104,-103,-63,43,-115,71,67,-18,-84,-35,-105,-61,65,-124,46,102,64,125,-98,-66,107,-95,-102,5,-9,126,-83
344,0,126,126,126,-14,-14,-14,-14,-14,123,4,124,123,7,-104,81,-38,16,-44,-77,-2,-72,15,31,-104,37,102,24,-61,-28,-2,-17,-6,-102,3,63,46,55,104,-103,-63,43,-115,71,67,-18,-84,-35,-105,-61,65,-124,46,102,64,125,-98,-66,107,-95,-102,5,-9,126,-83
345,0,-55,-55,-55,-55,12,12,12,12,90,123,4,124,123,7,-104,81,-38,16,-44,-77,-2,-72,15,31,-104,37,102,24,-61,-28,-2,-17,-63,-115,-3,18,12,32,111,31,-120,-51,-79,118,-26,9,41,106,-98,-26,-34,-123,51,55,-51,64,64,51,-30,-106,-95,126,-39,120
346,0,-55,-55,-55,-55,12,12,12,12,90,123,4,124,123,7,-104,81,-38,16,-44,-77,-2,-72,15,31,-104,37,102,24,-61,-28,-2,-17,-63,-115,-3,18,12,32,111,31,-120,-51,-79,118,-26,9,41,106,-98,-26,-34,-123,51,55,-51,64,64,51,-30,-106,-95,126,-39,120
347,0,-55,-55,-55,-55,12,12,12,12,90,123,4,124,123,7,-104,81,-38,16,-44,-77,-2,-72,15,31,-104,37,102,24,-61,-28,-2,-17,-63,-115,-3,18,12,32,111,31,-120,-51,-79,118,-26,9,41,106,-98,-26,-34,-123,51,55,-51,64,64,51,-30,-106,-95,126,-39,120
348,0,33,33,33,33,33,-15,-15,-15,-80,90,123,4,124,123,7,-104,81,-38,16,-44,-77,-2,-72,15,31,-104,37,102,24,-61,-28,-2,63,-14,67,37,-122,-85,-3,-127,-120,-119,52,90,113,-112,119,-52,-39,8,20,-16,65,14,-127,57,54,-118,85,-20,-74,117,-103,90
349,0,33,33,33,33,33,-15,-15,-15,-80,90,123,4,124,123,7,-104,81,-38,16,-44,-77,-2,-72,15,31,-104,37,102,24,-61,-28,-2,63,-14,67,37,-122,-85,-3,-127,-120,-119,52,90,113,-112,119,-52,-39,8,20,-16,65,14,-127,57,54,-118,85,-20,-74,117,-103,90
350,0,33,33,33,33,33,-15,-15,-15,-80,90,123,4,124,123,7,-104,81,-38,16,-44,-77,-2,-72,15,31,-104,37,102,24,-61,-28,-2,63,-14,67,37,-122,-85,-3,-127,-120,-119,52,90,113,-112,119,-52,-39,8,20,-16,65,14,-127,57,54,-118,85,-20,-74,117,-103,90
351,0,-109,47,47,47,47,47,23,23,107,-80,90,123,4,124,123,7,-104,81,-38,16,-44,-77,-2,-72,15,31,-104,37,102,24,-61,-28,-59,104,-47,97,-100,34,-69,113,-6,-35,-107,19,-44,-127,-24,74,94,30,25,-99,-48,-1,105,-116,-18,110,37,-51,29,19,78,104
352,0,-109,47,47,47,47,47,23,23,107,-80,90,123,4,124,123,7,-104,81,-38,16,-44,-77,-2,-72,15,31,-104,37,102,24,-61,-28,-59,104,-47,97,-100,34,-69,113,-6,-35,-107,19,-44,-127,-24,74,94,30,25,-99,-48,-1,105,-116,-18,110,37,-51,29,19,78,104
353,0,-109,47,47,47,47,47,23,23,107,-80,90,123,4,124,123,7,-104,81,-38,16,-44,-77,-2,-72,15,31,-104,37,102,24,-61,-28,-59,104,-47,97,-100,34,-69,113,-6,-35,-107,19,-44,-127,-24,74,94,30,25,-99,-48,-1,105,-116,-18,110,37,-51,29,19,78,104
354,0,118,118,-27,-27,-27,-27,-27,-19,6,107,-80,90,123,4,124,123,7,-104,81,-38,16,-44,-77,-2,-72,15,31,-104,37,102,24,-61,-120,-37,-8,119,-70,-78,2,-13,-78,74,64,-23,6,75,-35,79,-72,-91,-93,-31,93,-124,-1,-20,-84,1,-94,-126,-69,-103,-15,-23
355,0,118,118,-27,-27,-27,-27,-27,-19,6,107,-80,90,123,4,124,123,7,-104,81,-38,16,-44,-77,-2,-72,15,31,-104,37,102,24,-61,-120,-37,-8,119,-70,-78,2,-13,-78,74,64,-23,6,75,-35,79,-72,-91,-93,-31,93,-124,-1,-20,-84,1,-94,-126,-69,-103,-15,-23
356,0,118,118,-27,-27,-27,-27,-27,-19,6,107,-80,90,123,4,124,123,7,-104,81,-38,16,-44,-77,-2,-72,15,31,-104,37,102,24,-61,-120,-37,-8,119,-70,-78,2,-13,-78,74,64,-23,6,75,-35,79,-72,-91,-93,-31,93,-124,-1,-20,-84,1,-94,-126,-69,-103,-15,-23
357,0,-10,-10,-10,-114,-114,-114,-114,-114,-65,6,107,-80,90,123,4,124,123,7,-104,81,-38,16,-44,-77,-2,-72,15,31,-104,37,102,24,40,-46,0,4,54,19,-22,-16,-75,99,83,96,-31,-76,58,-71,20,-28,-56,9,15,79,-6,-96,-20,81,-57,69,-84,71,39,9
358,0,-10,-10,-10,-114,-114,-114,-114,-114,-65,6,107,-80,90,123,4,124,123,7,-104,81,-38,16,-44,-77,-2,-72,15,31,-104,37,102,24,40,-46,0,4,54,19,-22,-16,-75,99,83,96,-31,-76,58,-71,20,-28,-56,9,15,79,-6,-96,-20,81,-57,69,-84,71,39,9
359,0,-10,-10,-10,-114,-114,-114,-114,-114,-65,6,107,-80,90,123,4,124,123,7,-104,81,-38,16,-44,-77,-2,-72,15,31,-104,37,102,24,40,-46,0,4,54,19,-22,-16,-75,99,83,96,-31,-76,58,-71,20,-28,-56,9,15,79,-6,-96,-20,81,-57,69,-84,71,39,9
360,0,-106,-106,-106,-106,-30,-30,-30,-30,-17,-65,6,107,-80,90,123,4,124,123,7,-104,81,-38,16,-44,-77,-2,-72,15,31,-104,37,102,99,15,-82,79,-99,-14,-27,-35,76,-102,-96,-56,-79,-85,-11,-83,-69,-105,6,-20,82,-41,119,63,-63,20,-107,78,-119,29,-22,124
361,0,-106,-106,-106,-106,-30,-30,-30,-30,-17,-65,6,107,-80,90,123,4,124,123,7,-104,81,-38,16,-44,-77,-2,-72,15,31,-104,37,102,99,15,-82,79,-99,-14,-27,-35,76,-102,-96,-56,-79,-85,-11,-83,-69,-105,6,-20,82,-41,119,63,-63,20,-107,78,-119,29,-22,124
362,0,-106,-106,-106,-106,-30,-30,-30,-30,-17,-65,6,107,-80,90,123,4,124,123,7,-104,81,-38,16,-44,-77,-2,-72,15,31,-104,37,102,99,15,-82,79,-99,-14,-27,-35,76,-102,-96,-56,-79,-85,-11,-83,-69,-105,6,-20,82,-41,119,63,-63,20,-107,78,-119,29,-22,124
363,0,127,127,127,127,127,-75,-75,-75,-21,-17,-65,6,107,-80,90,123,4,124,123,7,-104,81,-38,16,-44,-77,-2,-72,15,31,-104,37,48,-41,117,-57,-117,-12,-72,-107,-25,-34,85,-57,-110,27,-45,-75,92,-51,6,30,77,6,-5,-83,115,101,-43,13,79,-108,3,-37
364,0,127,127,127,127,127,-75,-75,-75,-21,-17,-65,6,107,-80,90,123,4,124,123,7,-104,81,-38,16,-44,-77,-2,-72,15,31,-104,37,48,-41,117,-57,-117,-12,-72,-107,-25,-34,85,-57,-110,27,-45,-75,92,-51,6,30,77,6,-5,-83,115,101,-43,13,79,-108,3,-37
365,0,127,127,127,127,127,-75,-75,-75,-21,-17,-65,6,107,-80,90,123,4,124,123,7,-104,81,-38,16,-44,-77,-2,-72,15,31,-104,37,48,-41,117,-57,-117,-12,-72,-107,-25,-34,85,-57,-110,27,-45,-75,92,-51,6,30,77,6,-5,-83,115,101,-43,13,79,-108,3,-37
366,0,108,7,7,7,7,7,-3,-3,126,-21,-17,-65,6,107,-80,90,123,4,124,123,7,-104,81,-38,16,-44,-77,-2,-72,15,31,-104,44,49,-38,15,-69,-18,24,-108,-63,-4,-120,32,44,-39,92,101,18,-37,74,89,84,-66,34,58,24,-1,26,70,37,-81,60,-9
367,0,108,7,7,7,7,7,-3,-3,126,-21,-17,-65,6,107,-80,90,123,4,124,123,7,-104,81,-38,16,-44,-77,-2,-72,15,31,-104,44,49,-38,15,-69,-18,24,-108,-63,-4,-120,32,44,-39,92,101,18,-37,74,89,84,-66,34,58,24,-1,26,70,37,-81,60,-9
368,0,108,7,7,7,7,7,-3,-3,126,-21,-17,-65,6,107,-80,90,123,4,124,123,7,-104,81,-38,16,-44,-77,-2,-72,15,31,-104,44,49,-38,15,-69,-18,24,-108,-63,-4,-120,32,44,-39,92,101,18,-37,74,89,84,-66,34,58,24,-1,26,70,37,-81,60,-9
369,0,-44,-44,-81,-81,-81,-81,-81,-74,-55,126,-21,-17,-65,6,107,-80,90,123,4,124,123,7,-104,81,-38,16,-44,-77,-2,-72,15,31,35,-68,27,15,-83,104,83,55,36,-83,16,-78,-33,-53,-45,-35,75,102,-50,-40,124,-39,-24,2,-87,-30,110,-87,-9,-11,29,14
370,0,-44,-44,-81,-81,-81,-81,-81,-74,-55,126,-21,-17,-65,6,107,-80,90,123,4,124,123,7,-104,81,-38,16,-44,-77,-2,-72,15,31,35,-68,27,15,-83,104,83,55,36,-83,16,-78,-33,-53,-45,-35,75,102,-50,-40,124,-39,-24,2,-87,-30,110,-87,-9,-11,29,14
371,0,-44,-44,-81,-81,-81,-81,-81,-74,-55,126,-21,-17,-65,6,107,-80,90,123,4,124,123,7,-104,81,-38,16,-44,-77,-2,-72,15,31,35,-68,27,15,-83,104,83,55,36,-83,16,-78,-33,-53,-45,-35,75,102,-50,-40,124,-39,-24,2,-87,-30,110,-87,-9,-11,29,14
372,0,-95,-95,-95,-17,-17,-17,-17,-17,33,-55,126,-21,-17,-65,6,107,-80,90,123,4,124,123,7,-104,81,-38,16,-44,-77,-2,-72,15,-26,-14,73,97,-53,36,-62,14,7,15,-39,-118,-31,111,52,-94,76,-85,-95,13,-77,-28,-15,83,9,113,-85,-26,-113,-34,-5,122
373,0,-95,-95,-95,-17,-17,-17,-17,-17,33,-55,126,-21,-17,-65,6,107,-80,90,123,4,124,123,7,-104,81,-38,16,-44,-77,-2,-72,15,-26,-14,73,97,-53,36,-62,14,7,15,-39,-118,-31,111,52,-94,76,-85,-95,13,-77,-28,-15,83,9,113,-85,-26,-113,-34,-5,122
374,0,-95,-95,-95,-17,-17,-17,-17,-17,33,-55,126,-21,-17,-65,6,107,-80,90,123,4,124,123,7,-104,81,-38,16,-44,-77,-2,-72,15,-26,-14,73,97,-53,36,-62,14,7,15,-39,-118,-31,111,52,-94,76,-85,-95,13,-77,-28,-15,83,9,113,-85,-26,-113,-34,-5,122
375,0,28,28,28,28,42,42,42,42,-109,33,-55,126,-21,-17,-65,6,107,-80,90,123,4,124,123,7,-104,81,-38,16,-44,-77,-2,-72,-49,14,108,80,-74,95,-71,-70,62,88,-63,112,19,18,31,-36,9,68,-90,56,-93,100,-17,-33,28,-11,61,57,-37,106,47,32
376,0,28,28,28,28,42,42,42,42,-109,33,-55,126,-21,-17,-65,6,107,-80,90,123,4,124,123,7,-104,81,-38,16,-44,-77,-2,-72,-49,14,108,80,-74,95,-71,-70,62,88,-63,112,19,18,31,-36,9,68,-90,56,-93,100,-17,-33,28,-11,61,57,-37,106,47,32
377,0,28,28,28,28,42,42,42,42,-109,33,-55,126,-21,-17,-65,6,107,-80,90,123,4,124,123,7,-104,81,-38,16,-44,-77,-2,-72,-49,14,108,80,-74,95,-71,-70,62,88,-63,112,19,18,31,-36,9,68,-90,56,-93,100,-17,-33,28,-11,61,57,-37,106,47,32
378,0,27,27,27,27,27,-20,-20,-20,118,-109,33,-55,126,-21,-17,-65,6,107,-80,90,123,4,124,123,7,-104,81,-38,16,-44,-77,-2,-106,-33,39,74,76,116,110,-52,-4,-119,40,32,-91,92,36,-125,46,116,-120,76,-73,70,-70,-46,-124,-125,121,77,-102,110,-13,-99
379,0,27,27,27,27,27,-20,-20,-20,118,-109,33,-55,126,-21,-17,-65,6,107,-80,90,123,4,124,123,7,-104,81,-38,16,-44,-77,-2,-106,-33,39,74,76,116,110,-52,-4,-119,40,32,-91,92,36,-125,46,116,-120,76,-73,70,-70,-46,-124,-125,121,77,-102,110,-13,-99
380,0,27,27,27,27,27,-20,-20,-20,118,-109,33,-55,126,-21,-17,-65,6,107,-80,90,123,4,124,123,7,-104,81,-38,16,-44,-77,-2,-106,-33,39,74,76,116,110,-52,-4,-119,40,32,-91,92,36,-125,46,116,-120,76,-73,70,-70,-46,-124,-125,121,77,-102,110,-13,-99
381,0,-46,102,102,102,102,102,-39,-39,-10,118,-109,33,-55,126,-21,-17,-65,6,107,-80,90,123,4,124,123,7,-104,81,-38,16,-44,-77,-32,-14,8,-49,100,30,-21,115,103,17,-59,70,60,-126,-51,-24,1,43,-117,-79,-63,127,125,35,59,101,-106,39,46,-105,115,-104
382,0,-46,102,102,102,102,102,-39,-39,-10,118,-109,33,-55,126,-21,-17,-65,6,107,-80,90,123,4,124,123,7,-104,81,-38,16,-44,-77,-32,-14,8,-49,100,30,-21,115,103,17,-59,70,60,-126,-51,-24,1,43,-117,-79,-63,127,125,35,59,101,-106,39,46,-105,115,-104
383,0,-46,102,102,102,102,102,-39,-39,-10,118,-109,33,-55,126,-21,-17,-65,6,107,-80,90,123,4,124,123,7,-104,81,-38,16,-44,-77,-32,-14,8,-49,100,30,-21,115,103,17,-59,70,60,-126,-51,-24,1,43,-117,-79,-63,127,125,35,59,101,-106,39,46,-105,115,-104
384,0,-104,-104,2,2,2,2,2,-68,-106,-10,118,-109,33,-55,126,-21,-17,-65,6,107,-80,90,123,4,124,123,7,-104,81,-38,16,-44,66,-20,-4,-64,-117,-51,94,14,-82,-68,69,94,-12,-96,16,25,-4,99,-42,-57,-124,-79,-97,62,5,67,-9,104,-112,-113,101,-76
385,0,-104,-104,2,2,2,2,2,-68,-106,-10,118,-109,33,-55,126,-21,-17,-65,6,107,-80,90,123,4,124,123,7,-104,81,-38,16,-44,66,-20,-4,-64,-117,-51,94,14,-82,-68,69,94,-12,-96,16,25,-4,99,-42,-57,-124,-79,-97,62,5,67,-9,104,-112,-113,101,-76
386,0,-104,-104,2,2,2,2,2,-68,-106,-10,118,-109,33,-55,126,-21,-17,-65,6,107,-80,90,123,4,124,123,7,-104,81,-38,16,-44,66,-20,-4,-64,-117,-51,94,14,-82,-68,69,94,-12,-96,16,25,-4,99,-42,-57,-124,-79,-97,62,5,67,-9,104,-112,-113,101,-76
387,0,107,107,107,122,122,122,122,122,127,-106,-10,118,-109,33,-55,126,-21,-17,-65,6,107,-80,90,123,4,124,123,7,-104,81,-38,16,-107,5,-19,103,-87,-9,-73,-69,-21,97,60,-35,-64,-125,54,75,-100,-37,105,-76,88,114,-41,69,87,37,114,-102,-32,-41,29,74
388,0,107,107,107,122,122,122,122,122,127,-106,-10,118,-109,33,-55,126,-21,-17,-65,6,107,-80,90,123,4,124,123,7,-104,81,-38,16,-107,5,-19,103,-87,-9,-73,-69,-21,97,60,-35,-64,-125,54,75,-100,-37,105,-76,88,114,-41,69,87,37,114,-102,-32,-41,29,74
389,0,107,107,107,122,122,122,122,122,127,-106,-10,118,-109,33,-55,126,-21,-17,-65,6,107,-80,90,123,4,124,123,7,-104,81,-38,16,-107,5,-19,103,-87,-9,-73,-69,-21,97,60,-35,-64,-125,54,75,-100,-37,105,-76,88,114,-41,69,87,37,114,-102,-32,-41,29,74
390,0,73,73,73,73,-91,-91,-91,-91,108,127,-106,-10,118,-109,33,-55,126,-21,-17,-65,6,107,-80,90,123,4,124,123,7,-104,81,-38,98,-30,-24,-9,86,-106,97,23,-28,18,-54,122,125,-15,-55,86,78,-59,87,-89,21,46,-120,-34,22,23,-21,51,127,83,-80,12
391,0,73,73,73,73,-91,-91,-91,-91,108,127,-106,-10,118,-109,33,-55,126,-21,-17,-65,6,107,-80,90,123,4,124,123,7,-104,81,-38,98,-30,-24,-9,86,-106,97,23,-28,18,-54,122,125,-15,-55,86,78,-59,87,-89,21,46,-120,-34,22,23,-21,51,127,83,-80,12
392,0,73,73,73,73,-91,-91,-91,-91,108,127,-106,-10,118,-109,33,-55,126,-21,-17,-65,6,107,-80,90,123,4,124,123,7,-104,81,-38,98,-30,-24,-9,86,-106,97,23,-28,18,-54,122,125,-15,-55,86,78,-59,87,-89,21,46,-120,-34,22,23,-21,51,127,83,-80,12
393,0,-37,-37,-37,-37,-37,55,55,55,-44,108,127,-106,-10,118,-109,33,-55,126,-21,-17,-65,6,107,-80,90,123,4,124,123,7,-104,81,-64,-79,-76,56,103,-59,103,15,116,-51,-50,2,18,-97,70,-50,57,70,111,39,36,-109,89,39,-88,-113,-48,-63,-68,57,-88,-119
394,0,-37,-37,-37,-37,-37,55,55,55,-44,108,127,-106,-10,118,-109,33,-55,126,-21,-17,-65,6,107,-80,90,123,4,124,123,7,-104,81,-64,-79,-76,56,103,-59,103,15,116,-51,-50,2,18,-97,70,-50,57,70,111,39,36,-109,89,39,-88,-113,-48,-63,-68,57,-88,-119
395,0,-37,-37,-37,-37,-37,55,55,55,-44,108,127,-106,-10,118,-109,33,-55,126,-21,-17,-65,6,107,-80,90,123,4,124,123,7,-104,81,-64,-79,-76,56,103,-59,103,15,116,-51,-50,2,18,-97,70,-50,57,70,111,39,36,-109,89,39,-88,-113,-48,-63,-68,57,-88,-119
396,0,-21,53,53,53,53,53,-115,-115,-95,-44,108,127,-106,-10,118,-109,33,-55,126,-21,-17,-65,6,107,-80,90,123,4,124,123,7,-104,-6,-85,8,49,10,91,-42,81,-98,41,11,-93,100,80,95,-69,-5,-9,-61,34,-91,-60,-51,83,-83,-118,-49,10,-104,44,57,-118
397,0,-21,53,53,53,53,53,-115,-115,-95,-44,108,127,-106,-10,118,-109,33,-55,126,-21,-17,-65,6,107,-80,90,123,4,124,123,7,-104,-6,-85,8,49,10,91,-42,81,-98,41,11,-93,100,80,95,-69,-5,-9,-61,34,-91,-60,-51,83,-83,-118,-49,10,-104,44,57,-118
398,0,-21,53,53,53,53,53,-115,-115,-95,-44,108,127,-106,-10,118,-109,33,-55,126,-21,-17,-65,6,107,-80,90,123,4,124,123,7,-104,-6,-85,8,49,10,91,-42,81,-98,41,11,-93,100,80,95,-69,-5,-9,-61,34,-91,-60,-51,83,-83,-118,-49,10,-104,44,57,-118
399,0,-17,-17,-13,-13,-13,-13,-13,6,28,-95,-44,108,127,-106,-10,118,-109,33,-55,126,-21,-17,-65,6,107,-80,90,123,4,124,123,7,63,-57,14,-105,-111,-79,65,119,-84,21,-33,-120,-120,95,5,-22,24,-100,1,110,54,52,-89,15,-69,31,104,-119,-99,-1,6,114
400,0,-17,-17,-13,-13,-13,-13,-13,6,28,-95,-44,108,127,-106,-10,118,-109,33,-55,126,-21,-17,-65,6,107,-80,90,123,4,124,123,7,63,-57,14,-105,-111,-79,65,119,-84,21,-33,-120,-120,95,5,-22,24,-100,1,110,54,52,-89,15,-69,31,104,-119,-99,-1,6,114
401,0,-17,-17,-13,-13,-13,-13,-13,6,28,-95,-44,108,127,-106,-10,118,-109,33,-55,126,-21,-17,-65,6,107,-80,90,123,4,124,123,7,63,-57,14,-105,-111,-79,65,119,-84,21,-33,-120,-120,95,5,-22,24,-100,1,110,54,52,-89,15,-69,31,104,-119,-99,-1,6,114
402,0,-31,-31,-31,-41,-41,-41,-41,-41,27,28,-95,-44,108,127,-106,-10,118,-109,33,-55,126,-21,-17,-65,6,107,-80,90,123,4,124,123,-37,-79,4,29,-71,-65,-72,75,-51,-67,-125,100,-83,-95,54,-127,11,112,2,20,-69,62,61,58,55,-8,12,27,115,74,48,-25
403,0,-31,-31,-31,-41,-41,-41,-41,-41,27,28,-95,-44,108,127,-106,-10,118,-109,33,-55,126,-21,-17,-65,6,107,-80,90,123,4,124,123,-37,-79,4,29,-71,-65,-72,75,-51,-67,-125,100,-83,-95,54,-127,11,112,2,20,-69,62,61,58,55,-8,12,27,115,74,48,-25
404,0,-31,-31,-31,-41,-41,-41,-41,-41,27,28,-95,-44,108,127,-106,-10,118,-109,33,-55,126,-21,-17,-65,6,107,-80,90,123,4,124,123,-37,-79,4,29,-71,-65,-72,75,-51,-67,-125,100,-83,-95,54,-127,11,112,2,20,-69,62,61,58,55,-8,12,27,115,74,48,-25
405,0,35,35,35,35,-9,-9,-9,-9,-46,27,28,-95,-44,108,127,-106,-10,118,-109,33,-55,126,-21,-17,-65,6,107,-80,90,123,4,124,40,26,50,-119,123,109,117,105,116,4,-10,-4,-119,-109,-14,-38,69,-99,-31,-104,-99,52,59,49,-76,-24,72,-20,-83,-10,38,118
406,0,35,35,35,35,-9,-9,-9,-9,-46,27,28,-95,-44,108,127,-106,-10,118,-109,33,-55,126,-21,-17,-65,6,107,-80,90,123,4,124,40,26,50,-119,123,109,117,105,116,4,-10,-4,-119,-109,-14,-38,69,-99,-31,-104,-99,52,59,49,-76,-24,72,-20,-83,-10,38,118
407,0,35,35,35,35,-9,-9,-9,-9,-46,27,28,-95,-44,108,127,-106,-10,118,-109,33,-55,126,-21,-17,-65,6,107,-80,90,123,4,124,40,26,50,-119,123,109,117,105,116,4,-10,-4,-119,-109,-14,-38,69,-99,-31,-104,-99,52,59,49,-76,-24,72,-20,-83,-10,38,118
408,0,47,47,47,47,47,88,88,88,-104,-46,27,28,-95,-44,108,127,-106,-10,118,-109,33,-55,126,-21,-17,-65,6,107,-80,90,123,4,-39,18,-87,62,59,-18,38,4,35,13,-6,-125,41,-41,116,21,-127,-78,81,117,63,22,79,91,69,51,-16,99,6,32,-109,-123
409,0,47,47,47,47,47,88,88,88,-104,-46,27,28,-95,-44,108,127,-106,-10,118,-109,33,-55,126,-21,-17,-65,6,107,-80,90,123,4,-39,18,-87,62,59,-18,38,4,35,13,-6,-125,41,-41,116,21,-127,-78,81,117,63,22,79,91,69,51,-16,99,6,32,-109,-123
410,0,47,47,47,47,47,88,88,88,-104,-46,27,28,-95,-44,108,127,-106,-10,118,-109,33,-55,126,-21,-17,-65,6,107,-80,90,123,4,-39,18,-87,62,59,-18,38,4,35,13,-6,-125,41,-41,116,21,-127,-78,81,117,63,22,79,91,69,51,-16,99,6,32,-109,-123
411,0,-45,15,15,15,15,15,77,77,107,-104,-46,27,28,-95,-44,108,127,-106,-10,118,-109,33,-55,126,-21,-17,-65,6,107,-80,90,123,1,92,47,-94,104,-10,16,-9,98,12,110,-92,35,-96,63,30,108,32,-92,121,66,14,80,-60,-37,-52,96,-39,42,82,97,89
412,0,-45,15,15,15,15,15,77,77,107,-104,-46,27,28,-95,-44,108,127,-106,-10,118,-109,33,-55,126,-21,-17,-65,6,107,-80,90,123,1,92,47,-94,104,-10,16,-9,98,12,110,-92,35,-96,63,30,108,32,-92,121,66,14,80,-60,-37,-52,96,-39,42,82,97,89
413,0,-45,15,15,15,15,15,77,77,107,-104,-46,27,28,-95,-44,108,127,-106,-10,118,-109,33,-55,126,-21,-17,-65,6,107,-80,90,123,1,92,47,-94,104,-10,16,-9,98,12,110,-92,35,-96,63,30,108,32,-92,121,66,14,80,-60,-37,-52,96,-39,42,82,97,89
414,0,21,21,79,79,79,79,79,110,73,107,-104,-46,27,28,-95,-44,108,127,-106,-10,118,-109,33,-55,126,-21,-17,-65,6,107,-80,90,-54,79,64,16,-116,-68,4,121,84,-107,69,-31,114,40,53,-21,96,104,44,-122,77,0,67,20,-76,-6,48,9,81,25,-4,-62
415,0,21,21,79,79,79,79,79,110,73,107,-104,-46,27,28,-95,-44,108,127,-106,-10,118,-109,33,-55,126,-21,-17,-65,6,107,-80,90,-54,79,64,16,-116,-68,4,121,84,-107,69,-31,114,40,53,-21,96,104,44,-122,77,0,67,20,-76,-6,48,9,81,25,-4,-62
416,0,21,21,79,79,79,79,79,110,73,107,-104,-46,27,28,-95,-44,108,127,-106,-10,118,-109,33,-55,126,-21,-17,-65,6,107,-80,90,-54,79,64,16,-116,-68,4,121,84,-107,69,-31,114,40,53,-21,96,104,44,-122,77,0,67,20,-76,-6,48,9,81,25,-4,-62
417,0,-29,-29,-29,-101,-101,-101,-101,-101,-37,73,107,-104,-46,27,28,-95,-44,108,127,-106,-10,118,-109,33,-55,126,-21,-17,-65,6,107,-80,121,-90,20,-29,-60,66,7,-105,60,3,28,-33,14,-98,62,-5,83,32,102,-118,3,0,96,30,-99,-12,-127,94,-122,-104,3,-26
418,0,-29,-29,-29,-101,-101,-101,-101,-101,-37,73,107,-104,-46,27,28,-95,-44,108,127,-106,-10,118,-109,33,-55,126,-21,-17,-65,6,107,-80,121,-90,20,-29,-60,66,7,-105,60,3,28,-33,14,-98,62,-5,83,32,102,-118,3,0,96,30,-99,-12,-127,94,-122,-104,3,-26
419,0,-29,-29,-29,-101,-101,-101,-101,-101,-37,73,107,-104,-46,27,28,-95,-44,108,127,-106,-10,118,-109,33,-55,126,-21,-17,-65,6,107,-80,121,-90,20,-29,-60,66,7,-105,60,3,28,-33,14,-98,62,-5,83,32,102,-118,3,0,96,30,-99,-12,-127,94,-122,-104,3,-26
420,0,112,112,112,112,56,56,56,56,-21,-37,73,107,-104,-46,27,28,-95,-44,108,127,-106,-10,118,-109,33,-55,126,-21,-17,-65,6,107,-65,-48,-15,-76,-35,-100,-111,-60,-89,108,75,120,110,113,52,47,-94,-111,96,60,-107,-90,-32,42,99,99,60,-50,-109,-26,24,-65
421,0,112,112,112,112,56,56,56,56,-21,-37,73,107,-104,-46,27,28,-95,-44,108,127,-106,-10,118,-109,33,-55,126,-21,-17,-65,6,107,-65,-48,-15,-76,-35,-100,-111,-60,-89,108,75,120,110,113,52,47,-94,-111,96,60,-107,-90,-32,42,99,99,60,-50,-109,-26,24,-65
422,0,112,112,112,112,56,56,56,56,-21,-37,73,107,-104,-46,27,28,-95,-44,108,127,-106,-10,118,-109,33,-55,126,-21,-17,-65,6,107,-65,-48,-15,-76,-35,-100,-111,-60,-89,108,75,120,110,113,52,47,-94,-111,96,60,-107,-90,-32,42,99,99,60,-50,-109,-26,24,-65
423,0,-40,-40,-40,-40,-40,-48,-48,-48,-17,-21,-37,73,107,-104,-46,27,28,-95,-44,108,127,-106,-10,118,-109,33,-55,126,-21,-17,-65,6,-5,-103,-40,94,7,45,-2,-119,13,5,97,69,60,-64,-49,-1,74,107,121,87,82,105,92,80,2,91,-120,-104,-17,-94,88,118
424,0,-40,-40,-40,-40,-40,-48,-48,-48,-17,-21,-37,73,107,-104,-46,27,28,-95,-44,108,127,-106,-10,118,-109,33,-55,126,-21,-17,-65,6,-5,-103,-40,94,7,45,-2,-119,13,5,97,69,60,-64,-49,-1,74,107,121,87,82,105,92,80,2,91,-120,-104,-17,-94,88,118
425,0,-40,-40,-40,-40,-40,-48,-48,-48,-17,-21,-37,73,107,-104,-46,27,28,-95,-44,108,127,-106,-10,118,-109,33,-55,126,-21,-17,-65,6,-5,-103,-40,94,7,45,-2,-119,13,5,97,69,60,-64,-49,-1,74,107,121,87,82,105,92,80,2,91,-120,-104,-17,-94,88,118
426,0,87,-25,-25,-25,-25,-25,-100,-100,-31,-17,-21,-37,73,107,-104,-46,27,28,-95,-44,108,127,-106,-10,118,-109,33,-55,126,-21,-17,-65,-110,-66,-8,23,71,-84,48,53,-115,121,54,21,-59,-76,53,116,111,-34,43,108,48,-53,61,6,-103,-85,-107,-21,53,105,-81,46
427,0,87,-25,-25,-25,-25,-25,-100,-100,-31,-17,-21,-37,73,107,-104,-46,27,28,-95,-44,108,127,-106,-10,118,-109,33,-55,126,-21,-17,-65,-110,-66,-8,23,71,-84,48,53,-115,121,54,21,-59,-76,53,116,111,-34,43,108,48,-53,61,6,-103,-85,-107,-21,53,105,-81,46
428,0,87,-25,-25,-25,-25,-25,-100,-100,-31,-17,-21,-37,73,107,-104,-46,27,28,-95,-44,108,127,-106,-10,118,-109,33,-55,126,-21,-17,-65,-110,-66,-8,23,71,-84,48,53,-115,121,54,21,-59,-76,53,116,111,-34,43,108,48,-53,61,6,-103,-85,-107,-21,53,105,-81,46
429,0,-21,-21,-116,-116,-116,-116,-116,-72,35,-31,-17,-21,-37,73,107,-104,-46,27,28,-95,-44,108,127,-106,-10,118,-109,33,-55,126,-21,-17,-91,-3,-30,82,-58,51,7,-123,13,-60,-61,-58,-25,-122,-33,-125,-102,122,107,106,7,-84,46,-55,92,51,-111,-117,-110,73,-101,14
430,0,-21,-21,-116,-116,-116,-116,-116,-72,35,-31,-17,-21,-37,73,107,-104,-46,27,28,-95,-44,108,127,-106,-10,118,-109,33,-55,126,-21,-17,-91,-3,-30,82,-58,51,7,-123,13,-60,-61,-58,-25,-122,-33,-125,-102,122,107,106,7,-84,46,-55,92,51,-111,-117,-110,73,-101,14
431,0,-21,-21,-116,-116,-116,-116,-116,-72,35,-31,-17,-21,-37,73,107,-104,-46,27,28,-95,-44,108,127,-106,-10,118,-109,33,-55,126,-21,-17,-91,-3,-30,82,-58,51,7,-123,13,-60,-61,-58,-25,-122,-33,-125,-102,122,107,106,7,-84,46,-55,92,51,-111,-117,-110,73,-101,14
432,0,17,17,17,64,64,64,64,64,47,35,-31,-17,-21,-37,73,107,-104,-46,27,28,-95,-44,108,127,-106,-10,118,-109,33,-55,126,-21,-89,3,-21,58,78,24,-40,-72,3,-108,-56,-68,-67,115,105,-60,83,-49,99,-100,78,-79,76,-17,-105,-67,14,10,-13,59,-123,-22
433,0,17,17,17,64,64,64,64,64,47,35,-31,-17,-21,-37,73,107,-104,-46,27,28,-95,-44,108,127,-106,-10,118,-109,33,-55,126,-21,-89,3,-21,58,78,24,-40,-72,3,-108,-56,-68,-67,115,105,-60,83,-49,99,-100,78,-79,76,-17,-105,-67,14,10,-13,59,-123,-22
434,0,17,17,17,64,64,64,64,64,47,35,-31,-17,-21,-37,73,107,-104,-46,27,28,-95,-44,108,127,-106,-10,118,-109,33,-55,126,-21,-89,3,-21,58,78,24,-40,-72,3,-108,-56,-68,-67,115,105,-60,83,-49,99,-100,78,-79,76,-17,-105,-67,14,10,-13,59,-123,-22
435,0,28,28,28,28,81,81,81,81,-45,47,35,-31,-17,-21,-37,73,107,-104,-46,27,28,-95,-44,108,127,-106,-10,118,-109,33,-55,126,-107,-49,15,11,25,39,90,36,-19,-12,-59,-63,-25,127,5,-67,-113,-124,30,-125,52,-37,125,96,70,89,-102,73,-112,-68,82,92
436,0,28,28,28,28,81,81,81,81,-45,47,35,-31,-17,-21,-37,73,107,-104,-46,27,28,-95,-44,108,127,-106,-10,118,-109,33,-55,126,-107,-49,15,11,25,39,90,36,-19,-12,-59,-63,-25,127,5,-67,-113,-124,30,-125,52,-37,125,96,70,89,-102,73,-112,-68,82,92
437,0,28,28,28,28,81,81,81,81,-45,47,35,-31,-17,-21,-37,73,107,-104,-46,27,28,-95,-44,108,127,-106,-10,118,-109,33,-55,126,-107,-49,15,11,25,39,90,36,-19,-12,-59,-63,-25,127,5,-67,-113,-124,30,-125,52,-37,125,96,70,89,-102,73,-112,-68,82,92
438,0,-38,-38,-38,-38,-38,83,83,83,21,-45,47,35,-31,-17,-21,-37,73,107,-104,-46,27,28,-95,-44,108,127,-106,-10,118,-109,33,-55,-60,-83,110,-7,-127,37,95,-29,123,38,-115,59,114,-74,-6,-73,0,-119,-12,17,32,-95,-80,-18,101,-67,123,-106,5,11,-11,-58
439,0,-38,-38,-38,-38,-38,83,83,83,21,-45,47,35,-31,-17,-21,-37,73,107,-104,-46,27,28,-95,-44,108,127,-106,-10,118,-109,33,-55,-60,-83,110,-7,-127,37,95,-29,123,38,-115,59,114,-74,-6,-73,0,-119,-12,17,32,-95,-80,-18,101,-67,123,-106,5,11,-11,-58
440,0,-38,-38,-38,-38,-38,83,83,83,21,-45,47,35,-31,-17,-21,-37,73,107,-104,-46,27,28,-95,-44,108,127,-106,-10,118,-109,33,-55,-60,-83,110,-7,-127,37,95,-29,123,38,-115,59,114,-74,-6,-73,0,-119,-12,17,32,-95,-80,-18,101,-67,123,-106,5,11,-11,-58
441,0,70,-47,-47,-47,-47,-47,-60,-60,-29,21,-45,47,35,-31,-17,-21,-37,73,107,-104,-46,27,28,-95,-44,108,127,-106,-10,118,-109,33,93,-39,-121,-117,87,-51,-17,69,24,-119,45,106,58,71,45,-67,9,91,-9,24,71,86,-73,-63,69,82,-36,23,-89,-90,32,66
442,0,70,-47,-47,-47,-47,-47,-60,-60,-29,21,-45,47,35,-31,-17,-21,-37,73,107,-104,-46,27,28,-95,-44,108,127,-106,-10,118,-109,33,93,-39,-121,-117,87,-51,-17,69,24,-119,45,106,58,71,45,-67,9,91,-9,24,71,86,-73,-63,69,82,-36,23,-89,-90,32,66
443,0,70,-47,-47,-47,-47,-47,-60,-60,-29,21,-45,47,35,-31,-17,-21,-37,73,107,-104,-46,27,28,-95,-44,108,127,-106,-10,118,-109,33,93,-39,-121,-117,87,-51,-17,69,24,-119,45,106,58,71,45,-67,9,91,-9,24,71,86,-73,-63,69,82,-36,23,-89,-90,32,66
444,0,59,59,-105,-105,-105,-105,-105,67,112,-29,21,-45,47,35,-31,-17,-21,-37,73,107,-104,-46,27,28,-95,-44,108,127,-106,-10,118,-109,35,25,59,49,22,87,30,-46,43,-51,66,-37,-3,127,1,4,-116,100,39,-77,76,-55,-91,71,68,-119,-16,-106,83,90,61,23
445,0,59,59,-105,-105,-105,-105,-105,67,112,-29,21,-45,47,35,-31,-17,-21,-37,73,107,-104,-46,27,28,-95,-44,108,127,-106,-10,118,-109,35,25,59,49,22,87,30,-46,43,-51,66,-37,-3,127,1,4,-116,100,39,-77,76,-55,-91,71,68,-119,-16,-106,83,90,61,23
446,0,59,59,-105,-105,-105,-105,-105,67,112,-29,21,-45,47,35,-31,-17,-21,-37,73,107,-104,-46,27,28,-95,-44,108,127,-106,-10,118,-109,35,25,59,49,22,87,30,-46,43,-51,66,-37,-3,127,1,4,-116,100,39,-77,76,-55,-91,71,68,-119,-16,-106,83,90,61,23
447,0,-64,-64,-64,-70,-70,-70,-70,-70,-40,112,-29,21,-45,47,35,-31,-17,-21,-37,73,107,-104,-46,27,28,-95,-44,108,127,-106,-10,118,-14,-21,126,20,-111,-31,-67,93,84,54,-28,-81,-106,-122,35,-46,78,14,116,11,-34,-82,-80,87,105,69,34,16,10,-78,55,-42
448,0,-64,-64,-64,-70,-70,-70,-70,-70,-40,112,-29,21,-45,47,35,-31,-17,-21,-37,73,107,-104,-46,27,28,-95,-44,108,127,-106,-10,118,-14,-21,126,20,-111,-31,-67,93,84,54,-28,-81,-106,-122,35,-46,78,14,116,11,-34,-82,-80,87,105,69,34,16,10,-78,55,-42
449,0,-64,-64,-64,-70,-70,-70,-70,-70,-40,112,-29,21,-45,47,35,-31,-17,-21,-37,73,107,-104,-46,27,28,-95,-44,108,127,-106,-10,118,-14,-21,126,20,-111,-31,-67,93,84,54,-28,-81,-106,-122,35,-46,78,14,116,11,-34,-82,-80,87,105,69,34,16,10,-78,55,-42
450,0,-56,-56,-56,-56,13,13,13,13,87,-40,112,-29,21,-45,47,35,-31,-17,-21,-37,73,107,-104,-46,27,28,-95,-44,108,127,-106,-10,-56,65,32,-46,25,-18,72,59,-69,-81,115,11,69,-33,104,92,112,-97,23,-64,14,24,-39,12,-70,37,-91,45,-108,-19,50,78
451,0,-56,-56,-56,-56,13,13,13,13,87,-40,112,-29,21,-45,47,35,-31,-17,-21,-37,73,107,-104,-46,27,28,-95,-44,108,127,-106,-10,-56,65,32,-46,25,-18,72,59,-69,-81,115,11,69,-33,104,92,112,-97,23,-64,14,24,-39,12,-70,37,-91,45,-108,-19,50,78
452,0,-56,-56,-56,-56,13,13,13,13,87,-40,112,-29,21,-45,47,35,-31,-17,-21,-37,73,107,-104,-46,27,28,-95,-44,108,127,-106,-10,-56,65,32,-46,25,-18,72,59,-69,-81,115,11,69,-33,104,92,112,-97,23,-64,14,24,-39,12,-70,37,-91,45,-108,-19,50,78
453,0,83,83,83,83,83,83,83,83,-21,87,-40,112,-29,21,-45,47,35,-31,-17,-21,-37,73,107,-104,-46,27,28,-95,-44,108,127,-106,-107,-23,80,-8,-122,119,55,-93,26,-61,92,54,-59,20,-78,53,32,-59,-96,104,-60,-75,-63,75,-124,122,-63,80,-53,55,71,-3
454,0,83,83,83,83,83,83,83,83,-21,87,-40,112,-29,21,-45,47,35,-31,-17,-21,-37,73,107,-104,-46,27,28,-95,-44,108,127,-106,-107,-23,80,-8,-122,119,55,-93,26,-61,92,54,-59,20,-78,53,32,-59,-96,104,-60,-75,-63,75,-124,122,-63,80,-53,55,71,-3
455,0,83,83,83,83,83,83,83,83,-21,87,-40,112,-29,21,-45,47,35,-31,-17,-21,-37,73,107,-104,-46,27,28,-95,-44,108,127,-106,-107,-23,80,-8,-122,119,55,-93,26,-61,92,54,-59,20,-78,53,32,-59,-96,104,-60,-75,-63,75,-124,122,-63,80,-53,55,71,-3
456,0,-28,55,55,55,55,55,-35,-35,17,-21,87,-40,112,-29,21,-45,47,35,-31,-17,-21,-37,73,107,-104,-46,27,28,-95,-44,108,127,-35,56,8,96,-113,125,-34,73,-35,-59,-80,72,-112,57,-37,53,57,-110,66,64,-42,-17,59,-86,-101,8,-60,55,-118,75,-7,-42
457,0,-28,55,55,55,55,55,-35,-35,17,-21,87,-40,112,-29,21,-45,47,35,-31,-17,-21,-37,73,107,-104,-46,27,28,-95,-44,108,127,-35,56,8,96,-113,125,-34,73,-35,-59,-80,72,-112,57,-37,53,57,-110,66,64,-42,-17,59,-86,-101,8,-60,55,-118,75,-7,-42
458,0,-28,55,55,55,55,55,-35,-35,17,-21,87,-40,112,-29,21,-45,47,35,-31,-17,-21,-37,73,107,-104,-46,27,28,-95,-44,108,127,-35,56,8,96,-113,125,-34,73,-35,-59,-80,72,-112,57,-37,53,57,-110,66,64,-42,-17,59,-86,-101,8,-60,55,-118,75,-7,-42
459,0,75,75,-120,-120,-120,-120,-120,119,28,17,-21,87,-40,112,-29,21,-45,47,35,-31,-17,-21,-37,73,107,-104,-46,27,28,-95,-44,108,-34,76,-106,-21,-115,-59,-126,16,-100,84,101,-113,11,-23,-16,55,-63,82,-53,12,-122,79,39,-33,-119,78,-92,-6,-35,58,-81,-82
460,0,75,75,-120,-120,-120,-120,-120,119,28,17,-21,87,-40,112,-29,21,-45,47,35,-31,-17,-21,-37,73,107,-104,-46,27,28,-95,-44,108,-34,76,-106,-21,-115,-59,-126,16,-100,84,101,-113,11,-23,-16,55,-63,82,-53,12,-122,79,39,-33,-119,78,-92,-6,-35,58,-81,-82
461,0,75,75,-120,-120,-120,-120,-120,119,28,17,-21,87,-40,112,-29,21,-45,47,35,-31,-17,-21,-37,73,107,-104,-46,27,28,-95,-44,108,-34,76,-106,-21,-115,-59,-126,16,-100,84,101,-113,11,-23,-16,55,-63,82,-53,12,-122,79,39,-33,-119,78,-92,-6,-35,58,-81,-82
462,0,-79,-79,-79,33,33,33,33,33,-38,28,17,-21,87,-40,112,-29,21,-45,47,35,-31,-17,-21,-37,73,107,-104,-46,27,28,-95,-44,-78,-67,-101,-105,-38,115,-18,-62,-72,-20,-42,37,57,49,104,-71,62,-36,-101,-79,47,-79,-93,42,21,24,58,-104,-12,-21,24,52
463,0,-79,-79,-79,33,33,33,33,33,-38,28,17,-21,87,-40,112,-29,21,-45,47,35,-31,-17,-21,-37,73,107,-104,-46,27,28,-95,-44,-78,-67,-101,-105,-38,115,-18,-62,-72,-20,-42,37,57,49,104,-71,62,-36,-101,-79,47,-79,-93,42,21,24,58,-104,-12,-21,24,52
464,0,-79,-79,-79,33,33,33,33,33,-38,28,17,-21,87,-40,112,-29,21,-45,47,35,-31,-17,-21,-37,73,107,-104,-46,27,28,-95,-44,-78,-67,-101,-105,-38,115,-18,-62,-72,-20,-42,37,57,49,104,-71,62,-36,-101,-79,47,-79,-93,42,21,24,58,-104,-12,-21,24,52
465,0,0,0,0,0,-49,-49,-49,-49,70,-38,28,17,-21,87,-40,112,-29,21,-45,47,35,-31,-17,-21,-37,73,107,-104,-46,27,28,-95,-43,-92,-32,32,-58,76,71,99,-33,92,125,-86,-24,99,-110,-12,3,83,-3,-125,123,27,98,18,-96,-105,-111,111,-96,-91,34,-87
466,0,0,0,0,0,-49,-49,-49,-49,70,-38,28,17,-21,87,-40,112,-29,21,-45,47,35,-31,-17,-21,-37,73,107,-104,-46,27,28,-95,-43,-92,-32,32,-58,76,71,99,-33,92,125,-86,-24,99,-110,-12,3,83,-3,-125,123,27,98,18,-96,-105,-111,111,-96,-91,34,-87
467,0,0,0,0,0,-49,-49,-49,-49,70,-38,28,17,-21,87,-40,112,-29,21,-45,47,35,-31,-17,-21,-37,73,107,-104,-46,27,28,-95,-43,-92,-32,32,-58,76,71,99,-33,92,125,-86,-24,99,-110,-12,3,83,-3,-125,123,27,98,18,-96,-105,-111,111,-96,-91,34,-87
468,0,-96,-96,-96,-96,-96,115,115,115,59,70,-38,28,17,-21,87,-40,112,-29,21,-45,47,35,-31,-17,-21,-37,73,107,-104,-46,27,28,4,-71,27,-20,6,-17,114,-5,-75,96,26,19,46,71,-49,-85,103,-102,116,14,110,52,-58,30,-80,-92,-17,99,74,-105,70,-86
469,0,-96,-96,-96,-96,-96,115,115,115,59,70,-38,28,17,-21,87,-40,112,-29,21,-45,47,35,-31,-17,-21,-37,73,107,-104,-46,27,28,4,-71,27,-20,6,-17,114,-5,-75,96,26,19,46,71,-49,-85,103,-102,116,14,110,52,-58,30,-80,-92,-17,99,74,-105,70,-86
470,0,-96,-96,-96,-96,-96,115,115,115,59,70,-38,28,17,-21,87,-40,112,-29,21,-45,47,35,-31,-17,-21,-37,73,107,-104,-46,27,28,4,-71,27,-20,6,-17,114,-5,-75,96,26,19,46,71,-49,-85,103,-102,116,14,110,52,-58,30,-80,-92,-17,99,74,-105,70,-86
471,0,-89,-125,-125,-125,-125,-125,-26,-26,-64,59,70,-38,28,17,-21,87,-40,112,-29,21,-45,47,35,-31,-17,-21,-37,73,107,-104,-46,27,47,-57,111,122,-113,58,-14,30,-37,-66,55,2,-82,26,20,25,-71,-34,-74,48,31,-32,-126,36,-90,80,70,-38,-64,-44,32,-109
472,0,-89,-125,-125,-125,-125,-125,-26,-26,-64,59,70,-38,28,17,-21,87,-40,112,-29,21,-45,47,35,-31,-17,-21,-37,73,107,-104,-46,27,47,-57,111,122,-113,58,-14,30,-37,-66,55,2,-82,26,20,25,-71,-34,-74,48,31,-32,-126,36,-90,80,70,-38,-64,-44,32,-109
473,0,-89,-125,-125,-125,-125,-125,-26,-26,-64,59,70,-38,28,17,-21,87,-40,112,-29,21,-45,47,35,-31,-17,-21,-37,73,107,-104,-46,27,47,-57,111,122,-113,58,-14,30,-37,-66,55,2,-82,26,20,25,-71,-34,-74,48,31,-32,-126,36,-90,80,70,-38,-64,-44,32,-109
474,0,22,22,16,16,16,16,16,114,-56,-64,59,70,-38,28,17,-21,87,-40,112,-29,21,-45,47,35,-31,-17,-21,-37,73,107,-104,-46,-122,107,-45,-85,-72,45,57,-13,99,48,27,-119,-110,-72,96,53,-71,100,-14,77,-94,-78,76,18,121,45,-47,62,42,117,101,-83
475,0,22,22,16,16,16,16,16,114,-56,-64,59,70,-38,28,17,-21,87,-40,112,-29,21,-45,47,35,-31,-17,-21,-37,73,107,-104,-46,-122,107,-45,-85,-72,45,57,-13,99,48,27,-119,-110,-72,96,53,-71,100,-14,77,-94,-78,76,18,121,45,-47,62,42,117,101,-83
476,0,22,22,16,16,16,16,16,114,-56,-64,59,70,-38,28,17,-21,87,-40,112,-29,21,-45,47,35,-31,-17,-21,-37,73,107,-104,-46,-122,107,-45,-85,-72,45,57,-13,99,48,27,-119,-110,-72,96,53,-71,100,-14,77,-94,-78,76,18,121,45,-47,62,42,117,101,-83
477,0,-90,-90,-90,16,16,16,16,16,83,-56,-64,59,70,-38,28,17,-21,87,-40,112,-29,21,-45,47,35,-31,-17,-21,-37,73,107,-104,-60,104,-78,88,14,97,-36,124,116,-13,3,10,-92,-37,-76,35,54,57,-62,-71,-83,-50,21,-54,53,113,-82,48,-51,-24,-9,81
478,0,-90,-90,-90,16,16,16,16,16,83,-56,-64,59,70,-38,28,17,-21,87,-40,112,-29,21,-45,47,35,-31,-17,-21,-37,73,107,-104,-60,104,-78,88,14,97,-36,124,116,-13,3,10,-92,-37,-76,35,54,57,-62,-71,-83,-50,21,-54,53,113,-82,48,-51,-24,-9,81
479,0,-90,-90,-90,16,16,16,16,16,83,-56,-64,59,70,-38,28,17,-21,87,-40,112,-29,21,-45,47,35,-31,-17,-21,-37,73,107,-104,-60,104,-78,88,14,97,-36,124,116,-13,3,10,-92,-37,-76,35,54,57,-62,-71,-83,-50,21,-54,53,113,-82,48,-51,-24,-9,81
480,0,-53,-53,-53,-53,-85,-85,-85,-85,-28,83,-56,-64,59,70,-38,28,17,-21,87,-40,112,-29,21,-45,47,35,-31,-17,-21,-37,73,107,-124,-96,-25,116,-52,3,50,104,35,-44,-109,98,72,6,5,65,-8,-23,-102,-28,26,37,7,71,-79,-79,-113,111,-30,3,61,-4
481,0,-53,-53,-53,-53,-85,-85,-85,-85,-28,83,-56,-64,59,70,-38,28,17,-21,87,-40,112,-29,21,-45,47,35,-31,-17,-21,-37,73,107,-124,-96,-25,116,-52,3,50,104,35,-44,-109,98,72,6,5,65,-8,-23,-102,-28,26,37,7,71,-79,-79,-113,111,-30,3,61,-4
482,0,-53,-53,-53,-53,-85,-85,-85,-85,-28,83,-56,-64,59,70,-38,28,17,-21,87,-40,112,-29,21,-45,47,35,-31,-17,-21,-37,73,107,-124,-96,-25,116,-52,3,50,104,35,-44,-109,98,72,6,5,65,-8,-23,-102,-28,26,37,7,71,-79,-79,-113,111,-30,3,61,-4
483,0,73,73,73,73,73,-29,-29,-29,75,-28,83,-56,-64,59,70,-38,28,17,-21,87,-40,112,-29,21,-45,47,35,-31,-17,-21,-37,73,-58,50,-112,-20,-122,-88,108,65,40,-124,92,104,-36,82,42,94,50,-30,125,121,-46,59,77,57,99,125,-99,-91,-62,12,58,-31
484,0,73,73,73,73,73,-29,-29,-29,75,-28,83,-56,-64,59,70,-38,28,17,-21,87,-40,112,-29,21,-45,47,35,-31,-17,-21,-37,73,-58,50,-112,-20,-122,-88,108,65,40,-124,92,104,-36,82,42,94,50,-30,125,121,-46,59,77,57,99,125,-99,-91,-62,12,58,-31
485,0,73,73,73,73,73,-29,-29,-29,75,-28,83,-56,-64,59,70,-38,28,17,-21,87,-40,112,-29,21,-45,47,35,-31,-17,-21,-37,73,-58,50,-112,-20,-122,-88,108,65,40,-124,92,104,-36,82,42,94,50,-30,125,121,-46,59,77,57,99,125,-99,-91,-62,12,58,-31
486,0,54,-14,-14,-14,-14,-14,-53,-53,-79,75,-28,83,-56,-64,59,70,-38,28,17,-21,87,-40,112,-29,21,-45,47,35,-31,-17,-21,-37,44,-28,4,-8,67,2,56,69,120,64,76,91,120,-53,-126,-98,33,-127,81,98,49,-53,40,-105,120,-77,-5,-65,119,-91,-95,-18
487,0,54,-14,-14,-14,-14,-14,-53,-53,-79,75,-28,83,-56,-64,59,70,-38,28,17,-21,87,-40,112,-29,21,-45,47,35,-31,-17,-21,-37,44,-28,4,-8,67,2,56,69,120,64,76,91,120,-53,-126,-98,33,-127,81,98,49,-53,40,-105,120,-77,-5,-65,119,-91,-95,-18
488,0,54,-14,-14,-14,-14,-14,-53,-53,-79,75,-28,83,-56,-64,59,70,-38,28,17,-21,87,-40,112,-29,21,-45,47,35,-31,-17,-21,-37,44,-28,4,-8,67,2,56,69,120,64,76,91,120,-53,-126,-98,33,-127,81,98,49,-53,40,-105,120,-77,-5,-65,119,-91,-95,-18
489,0,-58,-58,-90,-90,-90,-90,-90,83,0,-79,75,-28,83,-56,-64,59,70,-38,28,17,-21,87,-40,112,-29,21,-45,47,35,-31,-17,-21,-22,-112,28,-106,95,81,119,-59,-113,-1,-119,90,13,-49,-8,87,77,115,40,-98,20,-20,-112,-10,-31,63,-65,10,14,-46,-22,55
490,0,-58,-58,-90,-90,-90,-90,-90,83,0,-79,75,-28,83,-56,-64,59,70,-38,28,17,-21,87,-40,112,-29,21,-45,47,35,-31,-17,-21,-22,-112,28,-106,95,81,119,-59,-113,-1,-119,90,13,-49,-8,87,77,115,40,-98,20,-20,-112,-10,-31,63,-65,10,14,-46,-22,55
491,0,-58,-58,-90,-90,-90,-90,-90,83,0,-79,75,-28,83,-56,-64,59,70,-38,28,17,-21,87,-40,112,-29,21,-45,47,35,-31,-17,-21,-22,-112,28,-106,95,81,119,-59,-113,-1,-119,90,13,-49,-8,87,77,115,40,-98,20,-20,-112,-10,-31,63,-65,10,14,-46,-22,55
492,0,106,106,106,-123,-123,-123,-123,-123,-96,0,-79,75,-28,83,-56,-64,59,70,-38,28,17,-21,87,-40,112,-29,21,-45,47,35,-31,-17,94,-53,127,32,103,101,72,56,-8,127,86,-125,-107,100,62,-4,126,14,-105,63,-101,8,77,86,106,95,13,120,97,3,-87,-61
493,0,106,106,106,-123,-123,-123,-123,-123,-96,0,-79,75,-28,83,-56,-64,59,70,-38,28,17,-21,87,-40,112,-29,21,-45,47,35,-31,-17,94,-53,127,32,103,101,72,56,-8,127,86,-125,-107,100,62,-4,126,14,-105,63,-101,8,77,86,106,95,13,120,97,3,-87,-61
494,0,106,106,106,-123,-123,-123,-123,-123,-96,0,-79,75,-28,83,-56,-64,59,70,-38,28,17,-21,87,-40,112,-29,21,-45,47,35,-31,-17,94,-53,127,32,103,101,72,56,-8,127,86,-125,-107,100,62,-4,126,14,-105,63,-101,8,77,86,106,95,13,120,97,3,-87,-61
495,0,83,83,83,83,103,103,103,103,-89,-96,0,-79,75,-28,83,-56,-64,59,70,-38,28,17,-21,87,-40,112,-29,21,-45,47,35,-31,-103,-22,-110,90,24,-120,-35,-34,123,31,43,-63,-32,40,23,-33,-55,-3,-33,44,-103,-117,-9,45,-103,-48,-12,15,-52,-104,-87,-90
496,0,83,83,83,83,103,103,103,103,-89,-96,0,-79,75,-28,83,-56,-64,59,70,-38,28,17,-21,87,-40,112,-29,21,-45,47,35,-31,-103,-22,-110,90,24,-120,-35,-34,123,31,43,-63,-32,40,23,-33,-55,-3,-33,44,-103,-117,-9,45,-103,-48,-12,15,-52,-104,-87,-90
497,0,83,83,83,83,103,103,103,103,-89,-96,0,-79,75,-28,83,-56,-64,59,70,-38,28,17,-21,87,-40,112,-29,21,-45,47,35,-31,-103,-22,-110,90,24,-120,-35,-34,123,31,43,-63,-32,40,23,-33,-55,-3,-33,44,-103,-117,-9,45,-103,-48,-12,15,-52,-104,-87,-90
498,0,33,33,33,33,33,127,127,127,22,-89,-96,0,-79,75,-28,83,-56,-64,59,70,-38,28,17,-21,87,-40,112,-29,21,-45,47,35,-103,-53,-50,-13,0,52,126,-111,37,5,66,92,82,-68,-77,-42,28,109,86,10,-124,-84,44,36,-101,-60,44,50,111,-8,-49,-126
499,0,33,33,33,33,33,127,127,127,22,-89,-96,0,-79,75,-28,83,-56,-64,59,70,-38,28,17,-21,87,-40,112,-29,21,-45,47,35,-103,-53,-50,-13,0,52,126,-111,37,5,66,92,82,-68,-77,-42,28,109,86,10,-124,-84,44,36,-101,-60,44,50,111,-8,-49,-126
500,0,33,33,33,33,33,127,127,127,22,-89,-96,0,-79,75,-28,83,-56,-64,59,70,-38,28,17,-21,87,-40,112,-29,21,-45,47,35,-103,-53,-50,-13,0,52,126,-111,37,5,66,92,82,-68,-77,-42,28,109,86,10,-124,-84,44,36,-101,-60,44,50,111,-8,-49,-126
501,0,116,8,8,8,8,8,118,118,-90,22,-89,-96,0,-79,75,-28,83,-56,-64,59,70,-38,28,17,-21,87,-40,112,-29,21,-45,47,-10,-56,-48,83,50,44,-55,80,-23,57,-3,-125,86,-6,-39,2,-92,-122,27,-99,-38,-4,120,126,121,-100,-12,-50,56,79,-5,-72
502,0,116,8,8,8,8,8,118,118,-90,22,-89,-96,0,-79,75,-28,83,-56,-64,59,70,-38,28,17,-21,87,-40,112,-29,21,-45,47,-10,-56,-48,83,50,44,-55,80,-23,57,-3,-125,86,-6,-39,2,-92,-122,27,-99,-38,-4,120,126,121,-100,-12,-50,56,79,-5,-72
503,0,116,8,8,8,8,8,118,118,-90,22,-89,-96,0,-79,75,-28,83,-56,-64,59,70,-38,28,17,-21,87,-40,112,-29,21,-45,47,-10,-56,-48,83,50,44,-55,80,-23,57,-3,-125,86,-6,-39,2,-92,-122,27,-99,-38,-4,120,126,121,-100,-12,-50,56,79,-5,-72
504,0,-30,-30,-52,-52,-52,-52,-52,8,-53,-90,22,-89,-96,0,-79,75,-28,83,-56,-64,59,70,-38,28,17,-21,87,-40,112,-29,21,-45,105,36,82,63,-96,-5,53,84,79,-80,-33,-123,18,32,-88,111,122,63,117,88,44,127,-39,108,-66,-106,116,75,70,51,34,27
505,0,-30,-30,-52,-52,-52,-52,-52,8,-53,-90,22,-89,-96,0,-79,75,-28,83,-56,-64,59,70,-38,28,17,-21,87,-40,112,-29,21,-45,105,36,82,63,-96,-5,53,84,79,-80,-33,-123,18,32,-88,111,122,63,117,88,44,127,-39,108,-66,-106,116,75,70,51,34,27
506,0,-30,-30,-52,-52,-52,-52,-52,8,-53,-90,22,-89,-96,0,-79,75,-28,83,-56,-64,59,70,-38,28,17,-21,87,-40,112,-29,21,-45,105,36,82,63,-96,-5,53,84,79,-80,-33,-123,18,32,-88,111,122,63,117,88,44,127,-39,108,-66,-106,116,75,70,51,34,27
507,0,6,6,6,81,81,81,81,81,73,-53,-90,22,-89,-96,0,-79,75,-28,83,-56,-64,59,70,-38,28,17,-21,87,-40,112,-29,21,84,-102,-113,113,122,-72,-92,114,4,-56,-19,-8,61,26,-14,-112,77,81,-8,-82,-15,-100,-40,88,55,31,-79,-86,112,-37,79,1
508,0,6,6,6,81,81,81,81,81,73,-53,-90,22,-89,-96,0,-79,75,-28,83,-56,-64,59,70,-38,28,17,-21,87,-40,112,-29,21,84,-102,-113,113,122,-72,-92,114,4,-56,-19,-8,61,26,-14,-112,77,81,-8,-82,-15,-100,-40,88,55,31,-79,-86,112,-37,79,1
509,0,6,6,6,81,81,81,81,81,73,-53,-90,22,-89,-96,0,-79,75,-28,83,-56,-64,59,70,-38,28,17,-21,87,-40,112,-29,21,84,-102,-113,113,122,-72,-92,114,4,-56,-19,-8,61,26,-14,-112,77,81,-8,-82,-15,-100,-40,88,55,31,-79,-86,112,-37,79,1
510,0,-112,-112,-112,-112,-54,-54,-54,-54,54,73,-53,-90,22,-89,-96,0,-79,75,-28,83,-56,-64,59,70,-38,28,17,-21,87,-40,112,-29,77,-55,76,-92,125,21,117,18,35,56,106,16,111,23,-15,-48,-73,-44,3,115,-27,28,-59,11,7,120,127,100,36,125,58,70
511,0,-112,-112,-112,-112,-54,-54,-54,-54,54,73,-53,-90,22,-89,-96,0,-79,75,-28,83,-56,-64,59,70,-38,28,17,-21,87,-40,112,-29,77,-55,76,-92,125,21,117,18,35,56,106,16,111,23,-15,-48,-73,-44,3,115,-27,28,-59,11,7,120,127,100,36,125,58,70
512,0,-112,-112,-112,-112,-54,-54,-54,-54,54,73,-53,-90,22,-89,-96,0,-79,75,-28,83,-56,-64,59,70,-38,28,17,-21,87,-40,112,-29,77,-55,76,-92,125,21,117,18,35,56,106,16,111,23,-15,-48,-73,-44,3,115,-27,28,-59,11,7,120,127,100,36,125,58,70
513,0,85,85,85,85,85,122,122,122,-58,54,73,-53,-90,22,-89,-96,0,-79,75,-28,83,-56,-64,59,70,-38,28,17,-21,87,-40,112,89,60,40,50,-11,-105,87,-71,-107,-51,64,20,99,-2,26,-76,58,-96,100,-74,-122,-74,-7,-51,44,81,122,-6,-119,87,55,70
514,0,85,85,85,85,85,122,122,122,-58,54,73,-53,-90,22,-89,-96,0,-79,75,-28,83,-56,-64,59,70,-38,28,17,-21,87,-40,112,89,60,40,50,-11,-105,87,-71,-107,-51,64,20,99,-2,26,-76,58,-96,100,-74,-122,-74,-7,-51,44,81,122,-6,-119,87,55,70
515,0,85,85,85,85,85,122,122,122,-58,54,73,-53,-90,22,-89,-96,0,-79,75,-28,83,-56,-64,59,70,-38,28,17,-21,87,-40,112,89,60,40,50,-11,-105,87,-71,-107,-51,64,20,99,-2,26,-76,58,-96,100,-74,-122,-74,-7,-51,44,81,122,-6,-119,87,55,70
516,0,-75,127,127,127,127,127,-104,-104,106,-58,54,73,-53,-90,22,-89,-96,0,-79,75,-28,83,-56,-64,59,70,-38,28,17,-21,87,-40,-89,108,108,113,-60,102,-116,-76,-113,31,126,23,59,66,127,81,-118,68,74,15,-1,34,-76,78,31,-86,-63,12,-29,-72,-74,46
517,0,-75,127,127,127,127,127,-104,-104,106,-58,54,73,-53,-90,22,-89,-96,0,-79,75,-28,83,-56,-64,59,70,-38,28,17,-21,87,-40,-89,108,108,113,-60,102,-116,-76,-113,31,126,23,59,66,127,81,-118,68,74,15,-1,34,-76,78,31,-86,-63,12,-29,-72,-74,46
518,0,-75,127,127,127,127,127,-104,-104,106,-58,54,73,-53,-90,22,-89,-96,0,-79,75,-28,83,-56,-64,59,70,-38,28,17,-21,87,-40,-89,108,108,113,-60,102,-116,-76,-113,31,126,23,59,66,127,81,-118,68,74,15,-1,34,-76,78,31,-86,-63,12,-29,-72,-74,46
519,0,17,17,2,2,2,2,2,-38,83,106,-58,54,73,-53,-90,22,-89,-96,0,-79,75,-28,83,-56,-64,59,70,-38,28,17,-21,87,-1,100,-10,85,-35,53,31,116,43,-70,-94,-72,124,-98,85,0,114,-109,55,21,74,-95,-87,107,62,19,67,123,-63,-81,-38,98
520,0,17,17,2,2,2,2,2,-38,83,106,-58,54,73,-53,-90,22,-89,-96,0,-79,75,-28,83,-56,-64,59,70,-38,28,17,-21,87,-1,100,-10,85,-35,53,31,116,43,-70,-94,-72,124,-98,85,0,114,-109,55,21,74,-95,-87,107,62,19,67,123,-63,-81,-38,98
521,0,17,17,2,2,2,2,2,-38,83,106,-58,54,73,-53,-90,22,-89,-96,0,-79,75,-28,83,-56,-64,59,70,-38,28,17,-21,87,-1,100,-10,85,-35,53,31,116,43,-70,-94,-72,124,-98,85,0,114,-109,55,21,74,-95,-87,107,62,19,67,123,-63,-81,-38,98
522,0,43,43,43,11,11,11,11,11,33,83,106,-58,54,73,-53,-90,22,-89,-96,0,-79,75,-28,83,-56,-64,59,70,-38,28,17,-21,-90,-50,120,-69,88,115,24,-81,67,62,-90,21,40,100,54,-55,-103,50,-87,78,-108,61,63,-48,-25,-35,13,95,-51,58,61,75
523,0,43,43,43,11,11,11,11,11,33,83,106,-58,54,73,-53,-90,22,-89,-96,0,-79,75,-28,83,-56,-64,59,70,-38,28,17,-21,-90,-50,120,-69,88,115,24,-81,67,62,-90,21,40,100,54,-55,-103,50,-87,78,-108,61,63,-48,-25,-35,13,95,-51,58,61,75
524,0,43,43,43,11,11,11,11,11,33,83,106,-58,54,73,-53,-90,22,-89,-96,0,-79,75,-28,83,-56,-64,59,70,-38,28,17,-21,-90,-50,120,-69,88,115,24,-81,67,62,-90,21,40,100,54,-55,-103,50,-87,78,-108,61,63,-48,-25,-35,13,95,-51,58,61,75
525,0,87,87,87,87,26,26,26,26,116,33,83,106,-58,54,73,-53,-90,22,-89,-96,0,-79,75,-28,83,-56,-64,59,70,-38,28,17,-27,-12,57,88,-119,-11,-58,-119,-110,-41,121,116,-119,59,-89,48,-42,22,66,39,71,116,-47,-107,-39,114,-69,125,37,46,64,116
526,0,87,87,87,87,26,26,26,26,116,33,83,106,-58,54,73,-53,-90,22,-89,-96,0,-79,75,-28,83,-56,-64,59,70,-38,28,17,-27,-12,57,88,-119,-11,-58,-119,-110,-41,121,116,-119,59,-89,48,-42,22,66,39,71,116,-47,-107,-39,114,-69,125,37,46,64,116
527,0,87,87,87,87,26,26,26,26,116,33,83,106,-58,54,73,-53,-90,22,-89,-96,0,-79,75,-28,83,-56,-64,59,70,-38,28,17,-27,-12,57,88,-119,-11,-58,-119,-110,-41,121,116,-119,59,-89,48,-42,22,66,39,71,116,-47,-107,-39,114,-69,125,37,46,64,116
528,0,-32,-32,-32,-32,-32,49,49,49,-30,116,33,83,106,-58,54,73,-53,-90,22,-89,-96,0,-79,75,-28,83,-56,-64,59,70,-38,28,-15,-52,46,-116,-57,-89,-18,-3,11,14,-13,50,-79,11,-27,-63,-15,124,39,-2,-36,0,28,-59,-119,-78,4,17,-29,100,-74,66
529,0,-32,-32,-32,-32,-32,49,49,49,-30,116,33,83,106,-58,54,73,-53,-90,22,-89,-96,0,-79,75,-28,83,-56,-64,59,70,-38,28,-15,-52,46,-116,-57,-89,-18,-3,11,14,-13,50,-79,11,-27,-63,-15,124,39,-2,-36,0,28,-59,-119,-78,4,17,-29,100,-74,66
530,0,-32,-32,-32,-32,-32,49,49,49,-30,116,33,83,106,-58,54,73,-53,-90,22,-89,-96,0,-79,75,-28,83,-56,-64,59,70,-38,28,-15,-52,46,-116,-57,-89,-18,-3,11,14,-13,50,-79,11,-27,-63,-15,124,39,-2,-36,0,28,-59,-119,-78,4,17,-29,100,-74,66
531,0,-65,74,74,74,74,74,74,74,6,-30,116,33,83,106,-58,54,73,-53,-90,22,-89,-96,0,-79,75,-28,83,-56,-64,59,70,-38,-32,-4,64,75,87,5,-93,-103,-11,-46,-124,-33,37,-64,26,-92,85,7,114,54,66,5,-58,-107,-123,66,-42,17,29,-14,-103,-98
532,0,-65,74,74,74,74,74,74,74,6,-30,116,33,83,106,-58,54,73,-53,-90,22,-89,-96,0,-79,75,-28,83,-56,-64,59,70,-38,-32,-4,64,75,87,5,-93,-103,-11,-46,-124,-33,37,-64,26,-92,85,7,114,54,66,5,-58,-107,-123,66,-42,17,29,-14,-103,-98
533,0,-65,74,74,74,74,74,74,74,6,-30,116,33,83,106,-58,54,73,-53,-90,22,-89,-96,0,-79,75,-28,83,-56,-64,59,70,-38,-32,-4,64,75,87,5,-93,-103,-11,-46,-124,-33,37,-64,26,-92,85,7,114,54,66,5,-58,-107,-123,66,-42,17,29,-14,-103,-98
534,0,117,117,-74,-74,-74,-74,-74,115,-112,6,-30,116,33,83,106,-58,54,73,-53,-90,22,-89,-96,0,-79,75,-28,83,-56,-64,59,70,29,52,-108,-89,112,118,-85,56,85,34,-90,83,-16,-12,122,-35,-49,-49,-57,17,51,68,-125,16,-102,72,-20,-13,-63,119,23,78
535,0,117,117,-74,-74,-74,-74,-74,115,-112,6,-30,116,33,83,106,-58,54,73,-53,-90,22,-89,-96,0,-79,75,-28,83,-56,-64,59,70,29,52,-108,-89,112,118,-85,56,85,34,-90,83,-16,-12,122,-35,-49,-49,-57,17,51,68,-125,16,-102,72,-20,-13,-63,119,23,78
536,0,117,117,-74,-74,-74,-74,-74,115,-112,6,-30,116,33,83,106,-58,54,73,-53,-90,22,-89,-96,0,-79,75,-28,83,-56,-64,59,70,29,52,-108,-89,112,118,-85,56,85,34,-90,83,-16,-12,122,-35,-49,-49,-57,17,51,68,-125,16,-102,72,-20,-13,-63,119,23,78
537,0,0,0,0,-29,-29,-29,-29,-29,85,-112,6,-30,116,33,83,106,-58,54,73,-53,-90,22,-89,-96,0,-79,75,-28,83,-56,-64,59,-11,-3,39,116,-11,-25,106,113,-87,-99,120,-114,23,63,-113,87,-68,63,115,46,-82,-44,-11,101,-81,52,124,28,-47,14,92,-31
538,0,0,0,0,-29,-29,-29,-29,-29,85,-112,6,-30,116,33,83,106,-58,54,73,-53,-90,22,-89,-96,0,-79,75,-28,83,-56,-64,59,-11,-3,39,116,-11,-25,106,113,-87,-99,120,-114,23,63,-113,87,-68,63,115,46,-82,-44,-11,101,-81,52,124,28,-47,14,92,-31
539,0,0,0,0,-29,-29,-29,-29,-29,85,-112,6,-30,116,33,83,106,-58,54,73,-53,-90,22,-89,-96,0,-79,75,-28,83,-56,-64,59,-11,-3,39,116,-11,-25,106,113,-87,-99,120,-114,23,63,-113,87,-68,63,115,46,-82,-44,-11,101,-81,52,124,28,-47,14,92,-31
540,0,-45,-45,-45,-45,-109,-109,-109,-109,-75,85,-112,6,-30,116,33,83,106,-58,54,73,-53,-90,22,-89,-96,0,-79,75,-28,83,-56,-64,69,-5,72,11,124,-113,-29,-116,32,106,45,-103,112,36,119,43,16,-42,53,-69,12,57,-30,86,66,-70,90,80,-58,-77,-59,71
541,0,-45,-45,-45,-45,-109,-109,-109,-109,-75,85,-112,6,-30,116,33,83,106,-58,54,73,-53,-90,22,-89,-96,0,-79,75,-28,83,-56,-64,69,-5,72,11,124,-113,-29,-116,32,106,45,-103,112,36,119,43,16,-42,53,-69,12,57,-30,86,66,-70,90,80,-58,-77,-59,71
542,0,-45,-45,-45,-45,-109,-109,-109,-109,-75,85,-112,6,-30,116,33,83,106,-58,54,73,-53,-90,22,-89,-96,0,-79,75,-28,83,-56,-64,69,-5,72,11,124,-113,-29,-116,32,106,45,-103,112,36,119,43,16,-42,53,-69,12,57,-30,86,66,-70,90,80,-58,-77,-59,71
543,0,35,35,35,35,35,-60,-60,-60,17,-75,85,-112,6,-30,116,33,83,106,-58,54,73,-53,-90,22,-89,-96,0,-79,75,-28,83,-56,-100,-124,52,66,-51,8,-118,-2,-33,-40,-97,-39,67,24,-102,126,4,-25,-75,78,66,95,91,-50,35,103,-102,-48,52,112,-118,-65
544,0,35,35,35,35,35,-60,-60,-60,17,-75,85,-112,6,-30,116,33,83,106,-58,54,73,-53,-90,22,-89,-96,0,-79,75,-28,83,-56,-100,-124,52,66,-51,8,-118,-2,-33,-40,-97,-39,67,24,-102,126,4,-25,-75,78,66,95,91,-50,35,103,-102,-48,52,112,-118,-65
545,0,35,35,35,35,35,-60,-60,-60,17,-75,85,-112,6,-30,116,33,83,106,-58,54,73,-53,-90,22,-89,-96,0,-79,75,-28,83,-56,-100,-124,52,66,-51,8,-118,-2,-33,-40,-97,-39,67,24,-102,126,4,-25,-75,78,66,95,91,-50,35,103,-102,-48,52,112,-118,-65
546,0,-22,-46,-46,-46,-46,-46,-81,-81,43,17,-75,85,-112,6,-30,116,33,83,106,-58,54,73,-53,-90,22,-89,-96,0,-79,75,-28,83,-93,24,-36,-26,-29,-4,24,-43,-105,11,-21,119,-13,34,63,-67,62,-53,-19,41,28,63,-77,52,-39,94,-6,101,-112,-125,-11,64
547,0,-22,-46,-46,-46,-46,-46,-81,-81,43,17,-75,85,-112,6,-30,116,33,83,106,-58,54,73,-53,-90,22,-89,-96,0,-79,75,-28,83,-93,24,-36,-26,-29,-4,24,-43,-105,11,-21,119,-13,34,63,-67,62,-53,-19,41,28,63,-77,52,-39,94,-6,101,-112,-125,-11,64
548,0,-22,-46,-46,-46,-46,-46,-81,-81,43,17,-75,85,-112,6,-30,116,33,83,106,-58,54,73,-53,-90,22,-89,-96,0,-79,75,-28,83,-93,24,-36,-26,-29,-4,24,-43,-105,11,-21,119,-13,34,63,-67,62,-53,-19,41,28,63,-77,52,-39,94,-6,101,-112,-125,-11,64
549,0,-89,-89,-66,-66,-66,-66,-66,101,87,43,17,-75,85,-112,6,-30,116,33,83,106,-58,54,73,-53,-90,22,-89,-96,0,-79,75,-28,-4,86,-125,-77,-92,-88,87,-3,-96,-20,94,-39,123,51,51,108,-62,-123,-65,34,-110,73,81,-68,-37,-10,-110,45,-3,-122,-11,99
550,0,-89,-89,-66,-66,-66,-66,-66,101,87,43,17,-75,85,-112,6,-30,116,33,83,106,-58,54,73,-53,-90,22,-89,-96,0,-79,75,-28,-4,86,-125,-77,-92,-88,87,-3,-96,-20,94,-39,123,51,51,108,-62,-123,-65,34,-110,73,81,-68,-37,-10,-110,45,-3,-122,-11,99
551,0,-89,-89,-66,-66,-66,-66,-66,101,87,43,17,-75,85,-112,6,-30,116,33,83,106,-58,54,73,-53,-90,22,-89,-96,0,-79,75,-28,-4,86,-125,-77,-92,-88,87,-3,-96,-20,94,-39,123,51,51,108,-62,-123,-65,34,-110,73,81,-68,-37,-10,-110,45,-3,-122,-11,99
552,0,-109,-109,-109,17,17,17,17,17,-32,87,43,17,-75,85,-112,6,-30,116,33,83,106,-58,54,73,-53,-90,22,-89,-96,0,-79,75,-1,-112,-42,-28,-4,68,-4,-36,94,-88,38,-110,-113,106,-125,-75,-67,-44,106,-47,46,125,55,96,-87,28,8,-80,-19,-99,53,-87
553,0,-109,-109,-109,17,17,17,17,17,-32,87,43,17,-75,85,-112,6,-30,116,33,83,106,-58,54,73,-53,-90,22,-89,-96,0,-79,75,-1,-112,-42,-28,-4,68,-4,-36,94,-88,38,-110,-113,106,-125,-75,-67,-44,106,-47,46,125,55,96,-87,28,8,-80,-19,-99,53,-87
554,0,-109,-109,-109,17,17,17,17,17,-32,87,43,17,-75,85,-112,6,-30,116,33,83,106,-58,54,73,-53,-90,22,-89,-96,0,-79,75,-1,-112,-42,-28,-4,68,-4,-36,94,-88,38,-110,-113,106,-125,-75,-67,-44,106,-47,46,125,55,96,-87,28,8,-80,-19,-99,53,-87
555,0,-113,-113,-113,-113,-106,-106,-106,-106,-65,-32,87,43,17,-75,85,-112,6,-30,116,33,83,106,-58,54,73,-53,-90,22,-89,-96,0,-79,56,-56,98,-104,85,46,-6,95,93,-16,12,-37,-73,20,-31,-89,85,-89,109,-67,24,16,-7,73,121,-40,-24,90,76,18,91,91
556,0,-113,-113,-113,-113,-106,-106,-106,-106,-65,-32,87,43,17,-75,85,-112,6,-30,116,33,83,106,-58,54,73,-53,-90,22,-89,-96,0,-79,56,-56,98,-104,85,46,-6,95,93,-16,12,-37,-73,20,-31,-89,85,-89,109,-67,24,16,-7,73,121,-40,-24,90,76,18,91,91
557,0,-113,-113,-113,-113,-106,-106,-106,-106,-65,-32,87,43,17,-75,85,-112,6,-30,116,33,83,106,-58,54,73,-53,-90,22,-89,-96,0,-79,56,-56,98,-104,85,46,-6,95,93,-16,12,-37,-73,20,-31,-89,85,-89,109,-67,24,16,-7,73,121,-40,-24,90,76,18,91,91
558,0,63,63,63,63,63,46,46,46,117,-65,-32,87,43,17,-75,85,-112,6,-30,116,33,83,106,-58,54,73,-53,-90,22,-89,-96,0,7,-68,-62,-72,-25,103,101,99,36,108,122,49,-24,46,93,126,-71,-81,23,24,73,-127,106,-71,-113,-91,-35,80,-47,-95,98,-127
559,0,63,63,63,63,63,46,46,46,117,-65,-32,87,43,17,-75,85,-112,6,-30,116,33,83,106,-58,54,73,-53,-90,22,-89,-96,0,7,-68,-62,-72,-25,103,101,99,36,108,122,49,-24,46,93,126,-71,-81,23,24,73,-127,106,-71,-113,-91,-35,80,-47,-95,98,-127
560,0,63,63,63,63,63,46,46,46,117,-65,-32,87,43,17,-75,85,-112,6,-30,116,33,83,106,-58,54,73,-53,-90,22,-89,-96,0,7,-68,-62,-72,-25,103,101,99,36,108,122,49,-24,46,93,126,-71,-81,23,24,73,-127,106,-71,-113,-91,-35,80,-47,-95,98,-127
561,0,-53,70,70,70,70,70,-32,-32,0,117,-65,-32,87,43,17,-75,85,-112,6,-30,116,33,83,106,-58,54,73,-53,-90,22,-89,-96,-114,-75,-29,-25,121,-46,78,20,-126,-53,-27,87,48,120,-34,-49,-13,99,120,-4,-69,5,-115,20,-76,107,-20,95,124,80,-51,-123
562,0,-53,70,70,70,70,70,-32,-32,0,117,-65,-32,87,43,17,-75,85,-112,6,-30,116,33,83,106,-58,54,73,-53,-90,22,-89,-96,-114,-75,-29,-25,121,-46,78,20,-126,-53,-27,87,48,120,-34,-49,-13,99,120,-4,-69,5,-115,20,-76,107,-20,95,124,80,-51,-123
563,0,-53,70,70,70,70,70,-32,-32,0,117,-65,-32,87,43,17,-75,85,-112,6,-30,116,33,83,106,-58,54,73,-53,-90,22,-89,-96,-114,-75,-29,-25,121,-46,78,20,-126,-53,-27,87,48,120,-34,-49,-13,99,120,-4,-69,5,-115,20,-76,107,-20,95,124,80,-51,-123
564,0,42,42,98,98,98,98,98,-80,-45,0,117,-65,-32,87,43,17,-75,85,-112,6,-30,116,33,83,106,-58,54,73,-53,-90,22,-89,-45,92,-3,3,34,-40,-88,42,32,108,-104,19,-16,77,86,-72,-98,38,43,118,-98,-69,94,90,-108,60,-112,-101,50,-93,75,15
565,0,42,42,98,98,98,98,98,-80,-45,0,117,-65,-32,87,43,17,-75,85,-112,6,-30,116,33,83,106,-58,54,73,-53,-90,22,-89,-45,92,-3,3,34,-40,-88,42,32,108,-104,19,-16,77,86,-72,-98,38,43,118,-98,-69,94,90,-108,60,-112,-101,50,-93,75,15
566,0,42,42,98,98,98,98,98,-80,-45,0,117,-65,-32,87,43,17,-75,85,-112,6,-30,116,33,83,106,-58,54,73,-53,-90,22,-89,-45,92,-3,3,34,-40,-88,42,32,108,-104,19,-16,77,86,-72,-98,38,43,118,-98,-69,94,90,-108,60,-112,-101,50,-93,75,15
567,0,-116,-116,-116,-80,-80,-80,-80,-80,35,-45,0,117,-65,-32,87,43,17,-75,85,-112,6,-30,116,33,83,106,-58,54,73,-53,-90,22,-89,-71,95,-21,84,-59,11,-48,106,125,108,86,104,99,10,107,-105,52,-37,-124,-117,33,-101,23,-101,-1,-65,-50,117,81,-92,-14
568,0,-116,-116,-116,-80,-80,-80,-80,-80,35,-45,0,117,-65,-32,87,43,17,-75,85,-112,6,-30,116,33,83,106,-58,54,73,-53,-90,22,-89,-71,95,-21,84,-59,11,-48,106,125,108,86,104,99,10,107,-105,52,-37,-124,-117,33,-101,23,-101,-1,-65,-50,117,81,-92,-14
569,0,-116,-116,-116,-80,-80,-80,-80,-80,35,-45,0,117,-65,-32,87,43,17,-75,85,-112,6,-30,116,33,83,106,-58,54,73,-53,-90,22,-89,-71,95,-21,84,-59,11,-48,106,125,108,86,104,99,10,107,-105,52,-37,-124,-117,33,-101,23,-101,-1,-65,-50,117,81,-92,-14
570,0,49,49,49,49,-3,-3,-3,-3,-22,35,-45,0,117,-65,-32,87,43,17,-75,85,-112,6,-30,116,33,83,106,-58,54,73,-53,-90,44,6,-6,-53,-80,47,17,-15,-5,31,98,36,101,126,-37,100,-31,-19,-73,-54,-94,0,103,107,-111,113,76,56,-97,-114,-10,-101
571,0,49,49,49,49,-3,-3,-3,-3,-22,35,-45,0,117,-65,-32,87,43,17,-75,85,-112,6,-30,116,33,83,106,-58,54,73,-53,-90,44,6,-6,-53,-80,47,17,-15,-5,31,98,36,101,126,-37,100,-31,-19,-73,-54,-94,0,103,107,-111,113,76,56,-97,-114,-10,-101
572,0,49,49,49,49,-3,-3,-3,-3,-22,35,-45,0,117,-65,-32,87,43,17,-75,85,-112,6,-30,116,33,83,106,-58,54,73,-53,-90,44,6,-6,-53,-80,47,17,-15,-5,31,98,36,101,126,-37,100,-31,-19,-73,-54,-94,0,103,107,-111,113,76,56,-97,-114,-10,-101
573,0,-94,-94,-94,-94,-94,46,46,46,-89,-22,35,-45,0,117,-65,-32,87,43,17,-75,85,-112,6,-30,116,33,83,106,-58,54,73,-53,43,-36,-82,100,-125,42,23,100,20,43,-87,-63,91,59,103,52,127,-118,59,76,-89,-34,-51,-66,67,53,4,62,-22,-46,-107,-117
574,0,-94,-94,-94,-94,-94,46,46,46,-89,-22,35,-45,0,117,-65,-32,87,43,17,-75,85,-112,6,-30,116,33,83,106,-58,54,73,-53,43,-36,-82,100,-125,42,23,100,20,43,-87,-63,91,59,103,52,127,-118,59,76,-89,-34,-51,-66,67,53,4,62,-22,-46,-107,-117
575,0,-94,-94,-94,-94,-94,46,46,46,-89,-22,35,-45,0,117,-65,-32,87,43,17,-75,85,-112,6,-30,116,33,83,106,-58,54,73,-53,43,-36,-82,100,-125,42,23,100,20,43,-87,-63,91,59,103,52,127,-118,59,76,-89,-34,-51,-66,67,53,4,62,-22,-46,-107,-117
576,0,12,-34,-34,-34,-34,-34,-85,-85,-109,-89,-22,35,-45,0,117,-65,-32,87,43,17,-75,85,-112,6,-30,116,33,83,106,-58,54,73,-3,46,-124,-17,-113,-28,-68,47,-28,23,-70,-43,-53,51,57,71,-112,13,-8,-22,-3,118,-68,8,-34,-106,116,50,-29,-67,65,38
577,0,12,-34,-34,-34,-34,-34,-85,-85,-109,-89,-22,35,-45,0,117,-65,-32,87,43,17,-75,85,-112,6,-30,116,33,83,106,-58,54,73,-3,46,-124,-17,-113,-28,-68,47,-28,23,-70,-43,-53,51,57,71,-112,13,-8,-22,-3,118,-68,8,-34,-106,116,50,-29,-67,65,38
578,0,12,-34,-34,-34,-34,-34,-85,-85,-109,-89,-22,35,-45,0,117,-65,-32,87,43,17,-75,85,-112,6,-30,116,33,83,106,-58,54,73,-3,46,-124,-17,-113,-28,-68,47,-28,23,-70,-43,-53,51,57,71,-112,13,-8,-22,-3,118,-68,8,-34,-106,116,50,-29,-67,65,38
579,0,-11,-11,77,77,77,77,77,-82,-113,-109,-89,-22,35,-45,0,117,-65,-32,87,43,17,-75,85,-112,6,-30,116,33,83,106,-58,54,-114,-112,-69,-105,-42,122,40,85,-61,111,-5,-99,33,110,-25,8,83,-126,-107,59,-2,24,-115,-19,19,39,50,-82,-112,104,109,46
580,0,-11,-11,77,77,77,77,77,-82,-113,-109,-89,-22,35,-45,0,117,-65,-32,87,43,17,-75,85,-112,6,-30,116,33,83,106,-58,54,-114,-112,-69,-105,-42,122,40,85,-61,111,-5,-99,33,110,-25,8,83,-126,-107,59,-2,24,-115,-19,19,39,50,-82,-112,104,109,46
581,0,-11,-11,77,77,77,77,77,-82,-113,-109,-89,-22,35,-45,0,117,-65,-32,87,43,17,-75,85,-112,6,-30,116,33,83,106,-58,54,-114,-112,-69,-105,-42,122,40,85,-61,111,-5,-99,33,110,-25,8,83,-126,-107,59,-2,24,-115,-19,19,39,50,-82,-112,104,109,46
582,0,-127,-127,-127,49,49,49,49,49,63,-113,-109,-89,-22,35,-45,0,117,-65,-32,87,43,17,-75,85,-112,6,-30,116,33,83,106,-58,6,44,16,-17,-15,12,91,127,-27,63,-39,10,-125,-113,-5,27,87,8,105,-12,101,54,49,-5,122,66,-71,99,22,-63,103,-102
583,0,-127,-127,-127,49,49,49,49,49,63,-113,-109,-89,-22,35,-45,0,117,-65,-32,87,43,17,-75,85,-112,6,-30,116,33,83,106,-58,6,44,16,-17,-15,12,91,127,-27,63,-39,10,-125,-113,-5,27,87,8,105,-12,101,54,49,-5,122,66,-71,99,22,-63,103,-102
584,0,-127,-127,-127,49,49,49,49,49,63,-113,-109,-89,-22,35,-45,0,117,-65,-32,87,43,17,-75,85,-112,6,-30,116,33,83,106,-58,6,44,16,-17,-15,12,91,127,-27,63,-39,10,-125,-113,-5,27,87,8,105,-12,101,54,49,-5,122,66,-71,99,22,-63,103,-102
585,0,31,31,31,31,-84,-84,-84,-84,-53,63,-113,-109,-89,-22,35,-45,0,117,-65,-32,87,43,17,-75,85,-112,6,-30,116,33,83,106,111,50,-19,47,16,58,-65,-58,-123,-88,68,79,-25,-31,7,119,31,97,-82,-97,-87,-85,-118,-66,96,-83,-59,-3,16,-61,-86,78
586,0,31,31,31,31,-84,-84,-84,-84,-53,63,-113,-109,-89,-22,35,-45,0,117,-65,-32,87,43,17,-75,85,-112,6,-30,116,33,83,106,111,50,-19,47,16,58,-65,-58,-123,-88,68,79,-25,-31,7,119,31,97,-82,-97,-87,-85,-118,-66,96,-83,-59,-3,16,-61,-86,78
587,0,31,31,31,31,-84,-84,-84,-84,-53,63,-113,-109,-89,-22,35,-45,0,117,-65,-32,87,43,17,-75,85,-112,6,-30,116,33,83,106,111,50,-19,47,16,58,-65,-58,-123,-88,68,79,-25,-31,7,119,31,97,-82,-97,-87,-85,-118,-66,96,-83,-59,-3,16,-61,-86,78
588,0,-107,-107,-107,-107,-107,88,88,88,42,-53,63,-113,-109,-89,-22,35,-45,0,117,-65,-32,87,43,17,-75,85,-112,6,-30,116,33,83,-52,-88,86,-58,-24,-64,-92,-111,1,-60,108,-110,-101,57,117,-30,20,-50,116,47,46,125,106,55,-70,60,47,-76,25,-31,99,-63
589,0,-107,-107,-107,-107,-107,88,88,88,42,-53,63,-113,-109,-89,-22,35,-45,0,117,-65,-32,87,43,17,-75,85,-112,6,-30,116,33,83,-52,-88,86,-58,-24,-64,-92,-111,1,-60,108,-110,-101,57,117,-30,20,-50,116,47,46,125,106,55,-70,60,47,-76,25,-31,99,-63
590,0,-107,-107,-107,-107,-107,88,88,88,42,-53,63,-113,-109,-89,-22,35,-45,0,117,-65,-32,87,43,17,-75,85,-112,6,-30,116,33,83,-52,-88,86,-58,-24,-64,-92,-111,1,-60,108,-110,-101,57,117,-30,20,-50,116,47,46,125,106,55,-70,60,47,-76,25,-31,99,-63
591,0,-48,-8,-8,-8,-8,-8,-121,-121,-116,42,-53,63,-113,-109,-89,-22,35,-45,0,117,-65,-32,87,43,17,-75,85,-112,6,-30,116,33,-6,-112,-114,-106,-68,-102,-62,29,8,40,-51,80,-65,87,105,-60,117,-103,54,-70,53,108,19,-126,39,-90,6,-1,111,-73,-71,127
592,0,-48,-8,-8,-8,-8,-8,-121,-121,-116,42,-53,63,-113,-109,-89,-22,35,-45,0,117,-65,-32,87,43,17,-75,85,-112,6,-30,116,33,-6,-112,-114,-106,-68,-102,-62,29,8,40,-51,80,-65,87,105,-60,117,-103,54,-70,53,108,19,-126,39,-90,6,-1,111,-73,-71,127
593,0,-48,-8,-8,-8,-8,-8,-121,-121,-116,42,-53,63,-113,-109,-89,-22,35,-45,0,117,-65,-32,87,43,17,-75,85,-112,6,-30,116,33,-6,-112,-114,-106,-68,-102,-62,29,8,40,-51,80,-65,87,105,-60,117,-103,54,-70,53,108,19,-126,39,-90,6,-1,111,-73,-71,127
594,0,12,12,-112,-112,-112,-112,-112,92,49,-116,42,-53,63,-113,-109,-89,-22,35,-45,0,117,-65,-32,87,43,17,-75,85,-112,6,-30,116,-125,92,-113,109,-22,-37,-106,47,-25,-43,-50,57,-110,-80,66,-32,43,2,-42,123,-108,-50,-104,-114,-29,-111,22,-98,113,32,-105,31
595,0,12,12,-112,-112,-112,-112,-112,92,49,-116,42,-53,63,-113,-109,-89,-22,35,-45,0,117,-65,-32,87,43,17,-75,85,-112,6,-30,116,-125,92,-113,109,-22,-37,-106,47,-25,-43,-50,57,-110,-80,66,-32,43,2,-42,123,-108,-50,-104,-114,-29,-111,22,-98,113,32,-105,31
596,0,12,12,-112,-112,-112,-112,-112,92,49,-116,42,-53,63,-113,-109,-89,-22,35,-45,0,117,-65,-32,87,43,17,-75,85,-112,6,-30,116,-125,92,-113,109,-22,-37,-106,47,-25,-43,-50,57,-110,-80,66,-32,43,2,-42,123,-108,-50,-104,-114,-29,-111,22,-98,113,32,-105,31
597,0,-9,-9,-9,-93,-93,-93,-93,-93,-94,49,-116,42,-53,63,-113,-109,-89,-22,35,-45,0,117,-65,-32,87,43,17,-75,85,-112,6,-30,94,-75,107,-16,-59,17,-15,124,-83,72,-61,-82,1,-59,96,19,97,93,-121,-29,112,123,23,4,120,-6,76,62,-55,8,-69,121
598,0,-9,-9,-9,-93,-93,-93,-93,-93,-94,49,-116,42,-53,63,-113,-109,-89,-22,35,-45,0,117,-65,-32,87,43,17,-75,85,-112,6,-30,94,-75,107,-16,-59,17,-15,124,-83,72,-61,-82,1,-59,96,19,97,93,-121,-29,112,123,23,4,120,-6,76,62,-55,8,-69,121
599,0,-9,-9,-9,-93,-93,-93,-93,-93,-94,49,-116,42,-53,63,-113,-109,-89,-22,35,-45,0,117,-65,-32,87,43,17,-75,85,-112,6,-30,94,-75,107,-16,-59,17,-15,124,-83,72,-61,-82,1,-59,96,19,97,93,-121,-29,112,123,23,4,120,-6,76,62,-55,8,-69,121
600,0,26,26,26,26,78,78,78,78,12,-94,49,-116,42,-53,63,-113,-109,-89,-22,35,-45,0,117,-65,-32,87,43,17,-75,85,-112,6,7,91,122,-39,46,85,63,-40,-90,-125,25,122,-35,97,89,-43,79,49,19,61,-116,48,105,100,85,-103,86,-18,112,119,16,-1
601,0,26,26,26,26,78,78,78,78,12,-94,49,-116,42,-53,63,-113,-109,-89,-22,35,-45,0,117,-65,-32,87,43,17,-75,85,-112,6,7,91,122,-39,46,85,63,-40,-90,-125,25,122,-35,97,89,-43,79,49,19,61,-116,48,105,100,85,-103,86,-18,112,119,16,-1
602,0,26,26,26,26,78,78,78,78,12,-94,49,-116,42,-53,63,-113,-109,-89,-22,35,-45,0,117,-65,-32,87,43,17,-75,85,-112,6,7,91,122,-39,46,85,63,-40,-90,-125,25,122,-35,97,89,-43,79,49,19,61,-116,48,105,100,85,-103,86,-18,112,119,16,-1
603,0,-122,-122,-122,-122,-122,104,104,104,-11,12,-94,49,-116,42,-53,63,-113,-109,-89,-22,35,-45,0,117,-65,-32,87,43,17,-75,85,-112,-76,29,84,50,6,-97,19,11,-85,-45,-20,17,-90,16,-23,15,30,-14,122,54,115,-119,97,63,-10,48,-43,-120,119,-118,113,126
604,0,-122,-122,-122,-122,-122,104,104,104,-11,12,-94,49,-116,42,-53,63,-113,-109,-89,-22,35,-45,0,117,-65,-32,87,43,17,-75,85,-112,-76,29,84,50,6,-97,19,11,-85,-45,-20,17,-90,16,-23,15,30,-14,122,54,115,-119,97,63,-10,48,-43,-120,119,-118,113,126
605,0,-122,-122,-122,-122,-122,104,104,104,-11,12,-94,49,-116,42,-53,63,-113,-109,-89,-22,35,-45,0,117,-65,-32,87,43,17,-75,85,-112,-76,29,84,50,6,-97,19,11,-85,-45,-20,17,-90,16,-23,15,30,-14,122,54,115,-119,97,63,-10,48,-43,-120,119,-118,113,126
606,0,68,62,62,62,62,62,-69,-69,-127,-11,12,-94,49,-116,42,-53,63,-113,-109,-89,-22,35,-45,0,117,-65,-32,87,43,17,-75,85,24,-94,-17,105,-85,62,27,59,-32,59,112,-62,31,102,57,-43,50,0,-40,-54,-41,-90,48,-63,-44,48,-127,-41,86,-56,79,-37
607,0,68,62,62,62,62,62,-69,-69,-127,-11,12,-94,49,-116,42,-53,63,-113,-109,-89,-22,35,-45,0,117,-65,-32,87,43,17,-75,85,24,-94,-17,105,-85,62,27,59,-32,59,112,-62,31,102,57,-43,50,0,-40,-54,-41,-90,48,-63,-44,48,-127,-41,86,-56,79,-37
608,0,68,62,62,62,62,62,-69,-69,-127,-11,12,-94,49,-116,42,-53,63,-113,-109,-89,-22,35,-45,0,117,-65,-32,87,43,17,-75,85,24,-94,-17,105,-85,62,27,59,-32,59,112,-62,31,102,57,-43,50,0,-40,-54,-41,-90,48,-63,-44,48,-127,-41,86,-56,79,-37
609,0,21,21,-52,-52,-52,-52,-52,88,31,-127,-11,12,-94,49,-116,42,-53,63,-113,-109,-89,-22,35,-45,0,117,-65,-32,87,43,17,-75,22,90,-47,72,55,-67,115,95,79,104,91,86,77,22,127,-74,-82,-59,-55,-126,-44,62,-41,-6,-26,-58,88,50,70,-123,20,-75
610,0,21,21,-52,-52,-52,-52,-52,88,31,-127,-11,12,-94,49,-116,42,-53,63,-113,-109,-89,-22,35,-45,0,117,-65,-32,87,43,17,-75,22,90,-47,72,55,-67,115,95,79,104,91,86,77,22,127,-74,-82,-59,-55,-126,-44,62,-41,-6,-26,-58,88,50,70,-123,20,-75
611,0,21,21,-52,-52,-52,-52,-52,88,31,-127,-11,12,-94,49,-116,42,-53,63,-113,-109,-89,-22,35,-45,0,117,-65,-32,87,43,17,-75,22,90,-47,72,55,-67,115,95,79,104,91,86,77,22,127,-74,-82,-59,-55,-126,-44,62,-41,-6,-26,-58,88,50,70,-123,20,-75
612,0,-94,-94,-94,-51,-51,-51,-51,-51,-107,31,-127,-11,12,-94,49,-116,42,-53,63,-113,-109,-89,-22,35,-45,0,117,-65,-32,87,43,17,27,-68,-64,44,-97,-4,53,-126,-40,107,18,115,-79,-64,-40,63,-55,122,-72,35,121,-8,-56,-44,104,61,70,-120,-90,127,49,1
613,0,-94,-94,-94,-51,-51,-51,-51,-51,-107,31,-127,-11,12,-94,49,-116,42,-53,63,-113,-109,-89,-22,35,-45,0,117,-65,-32,87,43,17,27,-68,-64,44,-97,-4,53,-126,-40,107,18,115,-79,-64,-40,63,-55,122,-72,35,121,-8,-56,-44,104,61,70,-120,-90,127,49,1
614,0,-94,-94,-94,-51,-51,-51,-51,-51,-107,31,-127,-11,12,-94,49,-116,42,-53,63,-113,-109,-89,-22,35,-45,0,117,-65,-32,87,43,17,27,-68,-64,44,-97,-4,53,-126,-40,107,18,115,-79,-64,-40,63,-55,122,-72,35,121,-8,-56,-44,104,61,70,-120,-90,127,49,1
615,0,46,46,46,46,26,26,26,26,-48,-107,31,-127,-11,12,-94,49,-116,42,-53,63,-113,-109,-89,-22,35,-45,0,117,-65,-32,87,43,118,102,28,-61,-50,45,71,127,-102,-36,-51,105,-52,-64,-28,-83,33,27,-88,51,-103,-77,-96,65,3,10,76,105,-9,85,95,80
616,0,46,46,46,46,26,26,26,26,-48,-107,31,-127,-11,12,-94,49,-116,42,-53,63,-113,-109,-89,-22,35,-45,0,117,-65,-32,87,43,118,102,28,-61,-50,45,71,127,-102,-36,-51,105,-52,-64,-28,-83,33,27,-88,51,-103,-77,-96,65,3,10,76,105,-9,85,95,80
617,0,46,46,46,46,26,26,26,26,-48,-107,31,-127,-11,12,-94,49,-116,42,-53,63,-113,-109,-89,-22,35,-45,0,117,-65,-32,87,43,118,102,28,-61,-50,45,71,127,-102,-36,-51,105,-52,-64,-28,-83,33,27,-88,51,-103,-77,-96,65,3,10,76,105,-9,85,95,80
618,0,40,40,40,40,40,-102,-102,-102,12,-48,-107,31,-127,-11,12,-94,49,-116,42,-53,63,-113,-109,-89,-22,35,-45,0,117,-65,-32,87,93,-19,-54,118,87,-7,106,-93,-51,3,-7,49,100,-113,5,-85,-3,19,-56,-45,-18,-88,-37,123,-105,-3,81,70,99,51,-21,63
619,0,40,40,40,40,40,-102,-102,-102,12,-48,-107,31,-127,-11,12,-94,49,-116,42,-53,63,-113,-109,-89,-22,35,-45,0,117,-65,-32,87,93,-19,-54,118,87,-7,106,-93,-51,3,-7,49,100,-113,5,-85,-3,19,-56,-45,-18,-88,-37,123,-105,-3,81,70,99,51,-21,63
620,0,40,40,40,40,40,-102,-102,-102,12,-48,-107,31,-127,-11,12,-94,49,-116,42,-53,63,-113,-109,-89,-22,35,-45,0,117,-65,-32,87,93,-19,-54,118,87,-7,106,-93,-51,3,-7,49,100,-113,5,-85,-3,19,-56,-45,-18,-88,-37,123,-105,-3,81,70,99,51,-21,63
621,0,41,-82,-82,-82,-82,-82,-116,-116,-9,12,-48,-107,31,-127,-11,12,-94,49,-116,42,-53,63,-113,-109,-89,-22,35,-45,0,117,-65,-32,29,-107,114,89,88,0,-112,86,47,85,115,-98,-5,-114,27,13,-73,-123,78,91,71,70,91,-19,91,8,-20,76,-87,43,-55,25
622,0,41,-82,-82,-82,-82,-82,-116,-116,-9,12,-48,-107,31,-127,-11,12,-94,49,-116,42,-53,63,-113,-109,-89,-22,35,-45,0,117,-65,-32,29,-107,114,89,88,0,-112,86,47,85,115,-98,-5,-114,27,13,-73,-123,78,91,71,70,91,-19,91,8,-20,76,-87,43,-55,25
623,0,41,-82,-82,-82,-82,-82,-116,-116,-9,12,-48,-107,31,-127,-11,12,-94,49,-116,42,-53,63,-113,-109,-89,-22,35,-45,0,117,-65,-32,29,-107,114,89,88,0,-112,86,47,85,115,-98,-5,-114,27,13,-73,-123,78,91,71,70,91,-19,91,8,-20,76,-87,43,-55,25
624,0,109,109,-8,-8,-8,-8,-8,-117,26,-9,12,-48,-107,31,-127,-11,12,-94,49,-116,42,-53,63,-113,-109,-89,-22,35,-45,0,117,-65,65,42,87,61,-43,68,71,-39,-62,10,-114,76,126,-59,-42,-55,71,78,38,124,79,-68,-126,-119,-97,93,21,29,-32,-25,-63,-94
625,0,109,109,-8,-8,-8,-8,-8,-117,26,-9,12,-48,-107,31,-127,-11,12,-94,49,-116,42,-53,63,-113,-109,-89,-22,35,-45,0,117,-65,65,42,87,61,-43,68,71,-39,-62,10,-114,76,126,-59,-42,-55,71,78,38,124,79,-68,-126,-119,-97,93,21,29,-32,-25,-63,-94
626,0,109,109,-8,-8,-8,-8,-8,-117,26,-9,12,-48,-107,31,-127,-11,12,-94,49,-116,42,-53,63,-113,-109,-89,-22,35,-45,0,117,-65,65,42,87,61,-43,68,71,-39,-62,10,-114,76,126,-59,-42,-55,71,78,38,124,79,-68,-126,-119,-97,93,21,29,-32,-25,-63,-94
627,0,-34,-34,-34,-15,-15,-15,-15,-15,-122,26,-9,12,-48,-107,31,-127,-11,12,-94,49,-116,42,-53,63,-113,-109,-89,-22,35,-45,0,117,42,8,112,-25,-34,126,-69,75,0,-13,115,-45,-29,-94,59,-88,103,115,-25,-55,-79,-12,93,92,53,58,46,105,-92,100,-100,49
628,0,-34,-34,-34,-15,-15,-15,-15,-15,-122,26,-9,12,-48,-107,31,-127,-11,12,-94,49,-116,42,-53,63,-113,-109,-89,-22,35,-45,0,117,42,8,112,-25,-34,126,-69,75,0,-13,115,-45,-29,-94,59,-88,103,115,-25,-55,-79,-12,93,92,53,58,46,105,-92,100,-100,49
629,0,-34,-34,-34,-15,-15,-15,-15,-15,-122,26,-9,12,-48,-107,31,-127,-11,12,-94,49,-116,42,-53,63,-113,-109,-89,-22,35,-45,0,117,42,8,112,-25,-34,126,-69,75,0,-13,115,-45,-29,-94,59,-88,103,115,-25,-55,-79,-12,93,92,53,58,46,105,-92,100,-100,49
630,0,105,105,105,105,-117,-117,-117,-117,68,-122,26,-9,12,-48,-107,31,-127,-11,12,-94,49,-116,42,-53,63,-113,-109,-89,-22,35,-45,0,7,-34,60,-63,-73,8,117,38,-7,-56,78,-73,42,-12,-67,-23,-88,20,-120,-6,2,-56,31,109,-72,75,92,67,-12,2,-127,22
631,0,105,105,105,105,-117,-117,-117,-117,68,-122,26,-9,12,-48,-107,31,-127,-11,12,-94,49,-116,42,-53,63,-113,-109,-89,-22,35,-45,0,7,-34,60,-63,-73,8,117,38,-7,-56,78,-73,42,-12,-67,-23,-88,20,-120,-6,2,-56,31,109,-72,75,92,67,-12,2,-127,22
632,0,105,105,105,105,-117,-117,-117,-117,68,-122,26,-9,12,-48,-107,31,-127,-11,12,-94,49,-116,42,-53,63,-113,-109,-89,-22,35,-45,0,7,-34,60,-63,-73,8,117,38,-7,-56,78,-73,42,-12,-67,-23,-88,20,-120,-6,2,-56,31,109,-72,75,92,67,-12,2,-127,22
633,0,-90,-90,-90,-90,-90,81,81,81,21,68,-122,26,-9,12,-48,-107,31,-127,-11,12,-94,49,-116,42,-53,63,-113,-109,-89,-22,35,-45,107,-49,-106,-120,48,31,-109,64,-20,-78,-32,-8,-48,84,-69,71,-96,-84,125,69,50,115,126,110,-40,127,69,45,-19,-24,-30,-101
634,0,-90,-90,-90,-90,-90,81,81,81,21,68,-122,26,-9,12,-48,-107,31,-127,-11,12,-94,49,-116,42,-53,63,-113,-109,-89,-22,35,-45,107,-49,-106,-120,48,31,-109,64,-20,-78,-32,-8,-48,84,-69,71,-96,-84,125,69,50,115,126,110,-40,127,69,45,-19,-24,-30,-101
635,0,-90,-90,-90,-90,-90,81,81,81,21,68,-122,26,-9,12,-48,-107,31,-127,-11,12,-94,49,-116,42,-53,63,-113,-109,-89,-22,35,-45,107,-49,-106,-120,48,31,-109,64,-20,-78,-32,-8,-48,84,-69,71,-96,-84,125,69,50,115,126,110,-40,127,69,45,-19,-24,-30,-101
636,0,15,-32,-32,-32,-32,-32,67,67,-94,21,68,-122,26,-9,12,-48,-107,31,-127,-11,12,-94,49,-116,42,-53,63,-113,-109,-89,-22,35,92,60,72,-49,-36,87,3,27,-110,-2,116,-43,118,100,-89,-20,-127,111,-101,118,74,-118,81,98,-104,-81,-23,-63,109,-116,89,88
637,0,15,-32,-32,-32,-32,-32,67,67,-94,21,68,-122,26,-9,12,-48,-107,31,-127,-11,12,-94,49,-116,42,-53,63,-113,-109,-89,-22,35,92,60,72,-49,-36,87,3,27,-110,-2,116,-43,118,100,-89,-20,-127,111,-101,118,74,-118,81,98,-104,-81,-23,-63,109,-116,89,88
638,0,15,-32,-32,-32,-32,-32,67,67,-94,21,68,-122,26,-9,12,-48,-107,31,-127,-11,12,-94,49,-116,42,-53,63,-113,-109,-89,-22,35,92,60,72,-49,-36,87,3,27,-110,-2,116,-43,118,100,-89,-20,-127,111,-101,118,74,-118,81,98,-104,-81,-23,-63,109,-116,89,88
639,0,-11,-11,122,122,122,122,122,125,46,-94,21,68,-122,26,-9,12,-48,-107,31,-127,-11,12,-94,49,-116,42,-53,63,-113,-109,-89,-22,82,60,-67,-61,2,89,-68,12,-28,44,-123,-111,51,-82,11,-78,11,82,-84,38,22,-59,-35,27,-61,59,90,97,-123,79,-46,94
640,0,-11,-11,122,122,122,122,122,125,46,-94,21,68,-122,26,-9,12,-48,-107,31,-127,-11,12,-94,49,-116,42,-53,63,-113,-109,-89,-22,82,60,-67,-61,2,89,-68,12,-28,44,-123,-111,51,-82,11,-78,11,82,-84,38,22,-59,-35,27,-61,59,90,97,-123,79,-46,94
641,0,-11,-11,122,122,122,122,122,125,46,-94,21,68,-122,26,-9,12,-48,-107,31,-127,-11,12,-94,49,-116,42,-53,63,-113,-109,-89,-22,82,60,-67,-61,2,89,-68,12,-28,44,-123,-111,51,-82,11,-78,11,82,-84,38,22,-59,-35,27,-61,59,90,97,-123,79,-46,94
642,0,102,102,102,43,43,43,43,43,40,46,-94,21,68,-122,26,-9,12,-48,-107,31,-127,-11,12,-94,49,-116,42,-53,63,-113,-109,-89,-115,-119,-6,-107,-25,96,112,37,-70,34,123,7,-23,-48,60,-108,-88,4,2,-107,69,57,29,63,-76,-7,98,113,126,61,80,-126
643,0,102,102,102,43,43,43,43,43,40,46,-94,21,68,-122,26,-9,12,-48,-107,31,-127,-11,12,-94,49,-116,42,-53,63,-113,-109,-89,-115,-119,-6,-107,-25,96,112,37,-70,34,123,7,-23,-48,60,-108,-88,4,2,-107,69,57,29,63,-76,-7,98,113,126,61,80,-126
644,0,102,102,102,43,43,43,43,43,40,46,-94,21,68,-122,26,-9,12,-48,-107,31,-127,-11,12,-94,49,-116,42,-53,63,-113,-109,-89,-115,-119,-6,-107,-25,96,112,37,-70,34,123,7,-23,-48,60,-108,-88,4,2,-107,69,57,29,63,-76,-7,98,113,126,61,80,-126
645,0,-93,-93,-93,-93,-67,-67,-67,-67,41,40,46,-94,21,68,-122,26,-9,12,-48,-107,31,-127,-11,12,-94,49,-116,42,-53,63,-113,-109,23,62,80,-126,-40,-27,-43,98,-67,-31,-15,67,-117,-93,46,86,-34,-124,95,104,68,-15,23,-43,-123,-78,6,29,44,-112,79,-31
646,0,-93,-93,-93,-93,-67,-67,-67,-67,41,40,46,-94,21,68,-122,26,-9,12,-48,-107,31,-127,-11,12,-94,49,-116,42,-53,63,-113,-109,23,62,80,-126,-40,-27,-43,98,-67,-31,-15,67,-117,-93,46,86,-34,-124,95,104,68,-15,23,-43,-123,-78,6,29,44,-112,79,-31
647,0,-93,-93,-93,-93,-67,-67,-67,-67,41,40,46,-94,21,68,-122,26,-9,12,-48,-107,31,-127,-11,12,-94,49,-116,42,-53,63,-113,-109,23,62,80,-126,-40,-27,-43,98,-67,-31,-15,67,-117,-93,46,86,-34,-124,95,104,68,-15,23,-43,-123,-78,6,29,44,-112,79,-31
648,0,123,123,123,123,123,-49,-49,-49,109,41,40,46,-94,21,68,-122,26,-9,12,-48,-107,31,-127,-11,12,-94,49,-116,42,-53,63,-113,73,-34,78,-121,82,19,-55,12,51,-64,-24,-80,-46,-114,-74,38,9,-122,54,44,-82,-46,-15,-32,56,83,-101,-51,30,65,-60,-50
649,0,123,123,123,123,123,-49,-49,-49,109,41,40,46,-94,21,68,-122,26,-9,12,-48,-107,31,-127,-11,12,-94,49,-116,42,-53,63,-113,73,-34,78,-121,82,19,-55,12,51,-64,-24,-80,-46,-114,-74,38,9,-122,54,44,-82,-46,-15,-32,56,83,-101,-51,30,65,-60,-50
650,0,123,123,123,123,123,-49,-49,-49,109,41,40,46,-94,21,68,-122,26,-9,12,-48,-107,31,-127,-11,12,-94,49,-116,42,-53,63,-113,73,-34,78,-121,82,19,-55,12,51,-64,-24,-80,-46,-114,-74,38,9,-122,54,44,-82,-46,-15,-32,56,83,-101,-51,30,65,-60,-50
651,0,98,34,34,34,34,34,-58,-58,-34,109,41,40,46,-94,21,68,-122,26,-9,12,-48,-107,31,-127,-11,12,-94,49,-116,42,-53,63,22,53,99,-57,-46,-60,74,93,-97,-18,43,-24,102,47,-120,81,42,92,-56,96,5,-20,-44,-101,71,22,-1,-49,-12,-102,-119,67
652,0,98,34,34,34,34,34,-58,-58,-34,109,41,40,46,-94,21,68,-122,26,-9,12,-48,-107,31,-127,-11,12,-94,49,-116,42,-53,63,22,53,99,-57,-46,-60,74,93,-97,-18,43,-24,102,47,-120,81,42,92,-56,96,5,-20,-44,-101,71,22,-1,-49,-12,-102,-119,67
653,0,98,34,34,34,34,34,-58,-58,-34,109,41,40,46,-94,21,68,-122,26,-9,12,-48,-107,31,-127,-11,12,-94,49,-116,42,-53,63,22,53,99,-57,-46,-60,74,93,-97,-18,43,-24,102,47,-120,81,42,92,-56,96,5,-20,-44,-101,71,22,-1,-49,-12,-102,-119,67
654,0,-118,-118,63,63,63,63,63,-10,105,-34,109,41,40,46,-94,21,68,-122,26,-9,12,-48,-107,31,-127,-11,12,-94,49,-116,42,-53,116,41,-116,127,98,44,-31,121,-121,77,-91,123,-94,74,53,17,119,-107,58,-103,31,-72,-35,76,-55,18,-34,66,-95,90,-95,62
655,0,-118,-118,63,63,63,63,63,-10,105,-34,109,41,40,46,-94,21,68,-122,26,-9,12,-48,-107,31,-127,-11,12,-94,49,-116,42,-53,116,41,-116,127,98,44,-31,121,-121,77,-91,123,-94,74,53,17,119,-107,58,-103,31,-72,-35,76,-55,18,-34,66,-95,90,-95,62
656,0,-118,-118,63,63,63,63,63,-10,105,-34,109,41,40,46,-94,21,68,-122,26,-9,12,-48,-107,31,-127,-11,12,-94,49,-116,42,-53,116,41,-116,127,98,44,-31,121,-121,77,-91,123,-94,74,53,17,119,-107,58,-103,31,-72,-35,76,-55,18,-34,66,-95,90,-95,62
657,0,-67,-67,-67,41,41,41,41,41,-90,105,-34,109,41,40,46,-94,21,68,-122,26,-9,12,-48,-107,31,-127,-11,12,-94,49,-116,42,50,17,71,43,73,90,118,52,88,-70,-102,-91,66,78,-53,40,-94,-79,-27,70,53,-76,100,96,-39,124,84,109,36,44,-2,-28
658,0,-67,-67,-67,41,41,41,41,41,-90,105,-34,109,41,40,46,-94,21,68,-122,26,-9,12,-48,-107,31,-127,-11,12,-94,49,-116,42,50,17,71,43,73,90,118,52,88,-70,-102,-91,66,78,-53,40,-94,-79,-27,70,53,-76,100,96,-39,124,84,109,36,44,-2,-28
659,0,-67,-67,-67,41,41,41,41,41,-90,105,-34,109,41,40,46,-94,21,68,-122,26,-9,12,-48,-107,31,-127,-11,12,-94,49,-116,42,50,17,71,43,73,90,118,52,88,-70,-102,-91,66,78,-53,40,-94,-79,-27,70,53,-76,100,96,-39,124,84,109,36,44,-2,-28
660,0,-107,-107,-107,-107,109,109,109,109,15,-90,105,-34,109,41,40,46,-94,21,68,-122,26,-9,12,-48,-107,31,-127,-11,12,-94,49,-116,88,-4,-76,-56,89,-111,82,-41,51,76,27,-75,16,-7,-64,75,-46,-74,-92,-50,102,-55,29,47,83,-42,-53,46,-113,37,18,-48
661,0,-107,-107,-107,-107,109,109,109,109,15,-90,105,-34,109,41,40,46,-94,21,68,-122,26,-9,12,-48,-107,31,-127,-11,12,-94,49,-116,88,-4,-76,-56,89,-111,82,-41,51,76,27,-75,16,-7,-64,75,-46,-74,-92,-50,102,-55,29,47,83,-42,-53,46,-113,37,18,-48
662,0,-107,-107,-107,-107,109,109,109,109,15,-90,105,-34,109,41,40,46,-94,21,68,-122,26,-9,12,-48,-107,31,-127,-11,12,-94,49,-116,88,-4,-76,-56,89,-111,82,-41,51,76,27,-75,16,-7,-64,75,-46,-74,-92,-50,102,-55,29,47,83,-42,-53,46,-113,37,18,-48
663,0,41,41,41,41,41,30,30,30,-11,15,-90,105,-34,109,41,40,46,-94,21,68,-122,26,-9,12,-48,-107,31,-127,-11,12,-94,49,1,115,83,73,-108,4,92,8,-25,75,-70,103,-116,-81,28,-106,37,120,48,82,-98,-98,-114,-113,-64,62,25,21,10,-121,99,-104
664,0,41,41,41,41,41,30,30,30,-11,15,-90,105,-34,109,41,40,46,-94,21,68,-122,26,-9,12,-48,-107,31,-127,-11,12,-94,49,1,115,83,73,-108,4,92,8,-25,75,-70,103,-116,-81,28,-106,37,120,48,82,-98,-98,-114,-113,-64,62,25,21,10,-121,99,-104
665,0,41,41,41,41,41,30,30,30,-11,15,-90,105,-34,109,41,40,46,-94,21,68,-122,26,-9,12,-48,-107,31,-127,-11,12,-94,49,1,115,83,73,-108,4,92,8,-25,75,-70,103,-116,-81,28,-106,37,120,48,82,-98,-98,-114,-113,-64,62,25,21,10,-121,99,-104
666,0,-35,97,97,97,97,97,7,7,102,-11,15,-90,105,-34,109,41,40,46,-94,21,68,-122,26,-9,12,-48,-107,31,-127,-11,12,-94,76,-84,12,-95,111,-81,-32,-81,-76,47,-121,80,33,96,-44,-8,64,-49,71,120,-87,28,-2,-61,-70,39,-37,-44,-122,18,35,-124
667,0,-35,97,97,97,97,97,7,7,102,-11,15,-90,105,-34,109,41,40,46,-94,21,68,-122,26,-9,12,-48,-107,31,-127,-11,12,-94,76,-84,12,-95,111,-81,-32,-81,-76,47,-121,80,33,96,-44,-8,64,-49,71,120,-87,28,-2,-61,-70,39,-37,-44,-122,18,35,-124
668,0,-35,97,97,97,97,97,7,7,102,-11,15,-90,105,-34,109,41,40,46,-94,21,68,-122,26,-9,12,-48,-107,31,-127,-11,12,-94,76,-84,12,-95,111,-81,-32,-81,-76,47,-121,80,33,96,-44,-8,64,-49,71,120,-87,28,-2,-61,-70,39,-37,-44,-122,18,35,-124
669,0,11,11,27,27,27,27,27,-113,-93,102,-11,15,-90,105,-34,109,41,40,46,-94,21,68,-122,26,-9,12,-48,-107,31,-127,-11,12,-64,-56,-12,-25,15,-63,-117,110,37,-22,-2,22,61,-54,123,-42,-41,89,-115,-27,26,37,-86,-52,75,-2,46,120,113,-94,-35,67
670,0,11,11,27,27,27,27,27,-113,-93,102,-11,15,-90,105,-34,109,41,40,46,-94,21,68,-122,26,-9,12,-48,-107,31,-127,-11,12,-64,-56,-12,-25,15,-63,-117,110,37,-22,-2,22,61,-54,123,-42,-41,89,-115,-27,26,37,-86,-52,75,-2,46,120,113,-94,-35,67
671,0,11,11,27,27,27,27,27,-113,-93,102,-11,15,-90,105,-34,109,41,40,46,-94,21,68,-122,26,-9,12,-48,-107,31,-127,-11,12,-64,-56,-12,-25,15,-63,-117,110,37,-22,-2,22,61,-54,123,-42,-41,89,-115,-27,26,37,-86,-52,75,-2,46,120,113,-94,-35,67
672,0,-1,-1,-1,-98,-98,-98,-98,-98,123,-93,102,-11,15,-90,105,-34,109,41,40,46,-94,21,68,-122,26,-9,12,-48,-107,31,-127,-11,-72,106,-13,37,-75,-108,-8,56,118,18,-90,0,-31,56,91,-127,81,39,35,95,-32,55,-30,-38,-121,93,93,-10,-56,-15,-123,21
673,0,-1,-1,-1,-98,-98,-98,-98,-98,123,-93,102,-11,15,-90,105,-34,109,41,40,46,-94,21,68,-122,26,-9,12,-48,-107,31,-127,-11,-72,106,-13,37,-75,-108,-8,56,118,18,-90,0,-31,56,91,-127,81,39,35,95,-32,55,-30,-38,-121,93,93,-10,-56,-15,-123,21
674,0,-1,-1,-1,-98,-98,-98,-98,-98,123,-93,102,-11,15,-90,105,-34,109,41,40,46,-94,21,68,-122,26,-9,12,-48,-107,31,-127,-11,-72,106,-13,37,-75,-108,-8,56,118,18,-90,0,-31,56,91,-127,81,39,35,95,-32,55,-30,-38,-121,93,93,-10,-56,-15,-123,21
675,0,27,27,27,27,-46,-46,-46,-46,98,123,-93,102,-11,15,-90,105,-34,109,41,40,46,-94,21,68,-122,26,-9,12,-48,-107,31,-127,-99,-73,95,98,-111,-48,-86,78,-26,20,-69,-123,-23,36,8,5,-121,-79,82,98,-105,34,50,-72,93,-22,45,-115,-80,83,30,-73
676,0,27,27,27,27,-46,-46,-46,-46,98,123,-93,102,-11,15,-90,105,-34,109,41,40,46,-94,21,68,-122,26,-9,12,-48,-107,31,-127,-99,-73,95,98,-111,-48,-86,78,-26,20,-69,-123,-23,36,8,5,-121,-79,82,98,-105,34,50,-72,93,-22,45,-115,-80,83,30,-73
677,0,27,27,27,27,-46,-46,-46,-46,98,123,-93,102,-11,15,-90,105,-34,109,41,40,46,-94,21,68,-122,26,-9,12,-48,-107,31,-127,-99,-73,95,98,-111,-48,-86,78,-26,20,-69,-123,-23,36,8,5,-121,-79,82,98,-105,34,50,-72,93,-22,45,-115,-80,83,30,-73
678,0,-124,-124,-124,-124,-124,61,61,61,-118,98,123,-93,102,-11,15,-90,105,-34,109,41,40,46,-94,21,68,-122,26,-9,12,-48,-107,31,89,-127,-59,94,0,-80,111,-41,85,80,42,-23,27,102,90,17,51,19,55,48,41,102,-47,24,-95,-14,72,90,-15,10,-51,-124
679,0,-124,-124,-124,-124,-124,61,61,61,-118,98,123,-93,102,-11,15,-90,105,-34,109,41,40,46,-94,21,68,-122,26,-9,12,-48,-107,31,89,-127,-59,94,0,-80,111,-41,85,80,42,-23,27,102,90,17,51,19,55,48,41,102,-47,24,-95,-14,72,90,-15,10,-51,-124
680,0,-124,-124,-124,-124,-124,61,61,61,-118,98,123,-93,102,-11,15,-90,105,-34,109,41,40,46,-94,21,68,-122,26,-9,12,-48,-107,31,89,-127,-59,94,0,-80,111,-41,85,80,42,-23,27,102,90,17,51,19,55,48,41,102,-47,24,-95,-14,72,90,-15,10,-51,-124
681,0,-22,-4,-4,-4,-4,-4,79,79,-67,-118,98,123,-93,102,-11,15,-90,105,-34,109,41,40,46,-94,21,68,-122,26,-9,12,-48,-107,-65,111,-89,-92,20,50,-62,109,17,104,-31,35,116,35,-25,-43,-84,-99,-44,-85,-7,-101,45,-34,78,-101,-77,-113,-48,-107,-19,114
682,0,-22,-4,-4,-4,-4,-4,79,79,-67,-118,98,123,-93,102,-11,15,-90,105,-34,109,41,40,46,-94,21,68,-122,26,-9,12,-48,-107,-65,111,-89,-92,20,50,-62,109,17,104,-31,35,116,35,-25,-43,-84,-99,-44,-85,-7,-101,45,-34,78,-101,-77,-113,-48,-107,-19,114
683,0,-22,-4,-4,-4,-4,-4,79,79,-67,-118,98,123,-93,102,-11,15,-90,105,-34,109,41,40,46,-94,21,68,-122,26,-9,12,-48,-107,-65,111,-89,-92,20,50,-62,109,17,104,-31,35,116,35,-25,-43,-84,-99,-44,-85,-7,-101,45,-34,78,-101,-77,-113,-48,-107,-19,114
684,0,-98,-98,108,108,108,108,108,69,-107,-67,-118,98,123,-93,102,-11,15,-90,105,-34,109,41,40,46,-94,21,68,-122,26,-9,12,-48,-28,118,-114,48,-9,-58,112,101,99,74,-82,-62,-11,76,35,116,-13,-85,9,-81,-79,-26,-6,-62,53,36,-53,-89,-48,127,-43,-91
685,0,-98,-98,108,108,108,108,108,69,-107,-67,-118,98,123,-93,102,-11,15,-90,105,-34,109,41,40,46,-94,21,68,-122,26,-9,12,-48,-28,118,-114,48,-9,-58,112,101,99,74,-82,-62,-11,76,35,116,-13,-85,9,-81,-79,-26,-6,-62,53,36,-53,-89,-48,127,-43,-91
686,0,-98,-98,108,108,108,108,108,69,-107,-67,-118,98,123,-93,102,-11,15,-90,105,-34,109,41,40,46,-94,21,68,-122,26,-9,12,-48,-28,118,-114,48,-9,-58,112,101,99,74,-82,-62,-11,76,35,116,-13,-85,9,-81,-79,-26,-6,-62,53,36,-53,-89,-48,127,-43,-91
687,0,-42,-42,-42,119,119,119,119,119,41,-107,-67,-118,98,123,-93,102,-11,15,-90,105,-34,109,41,40,46,-94,21,68,-122,26,-9,12,72,-20,-67,44,-72,-104,10,-39,-21,79,59,-42,54,4,115,-52,-40,39,-92,58,-121,83,7,43,6,119,87,-111,-91,-125,-115,-44
688,0,-42,-42,-42,119,119,119,119,119,41,-107,-67,-118,98,123,-93,102,-11,15,-90,105,-34,109,41,40,46,-94,21,68,-122,26,-9,12,72,-20,-67,44,-72,-104,10,-39,-21,79,59,-42,54,4,115,-52,-40,39,-92,58,-121,83,7,43,6,119,87,-111,-91,-125,-115,-44
689,0,-42,-42,-42,119,119,119,119,119,41,-107,-67,-118,98,123,-93,102,-11,15,-90,105,-34,109,41,40,46,-94,21,68,-122,26,-9,12,72,-20,-67,44,-72,-104,10,-39,-21,79,59,-42,54,4,115,-52,-40,39,-92,58,-121,83,7,43,6,119,87,-111,-91,-125,-115,-44
690,0,83,83,83,83,85,85,85,85,-35,41,-107,-67,-118,98,123,-93,102,-11,15,-90,105,-34,109,41,40,46,-94,21,68,-122,26,-9,-40,43,113,-117,70,-42,56,64,121,52,-114,118,55,12,39,-54,96,-27,55,-115,-72,91,59,102,28,-35,108,18,110,101,-25,22
691,0,83,83,83,83,85,85,85,85,-35,41,-107,-67,-118,98,123,-93,102,-11,15,-90,105,-34,109,41,40,46,-94,21,68,-122,26,-9,-40,43,113,-117,70,-42,56,64,121,52,-114,118,55,12,39,-54,96,-27,55,-115,-72,91,59,102,28,-35,108,18,110,101,-25,22
692,0,83,83,83,83,85,85,85,85,-35,41,-107,-67,-118,98,123,-93,102,-11,15,-90,105,-34,109,41,40,46,-94,21,68,-122,26,-9,-40,43,113,-117,70,-42,56,64,121,52,-114,118,55,12,39,-54,96,-27,55,-115,-72,91,59,102,28,-35,108,18,110,101,-25,22
693,0,-12,-12,-12,-12,-12,20,20,20,11,-35,41,-107,-67,-118,98,123,-93,102,-11,15,-90,105,-34,109,41,40,46,-94,21,68,-122,26,-27,71,94,-80,-17,125,122,21,91,-65,0,-32,-78,-112,-36,6,112,21,-94,116,-43,102,-54,126,-83,-3,-2,-92,5,69,13,65
694,0,-12,-12,-12,-12,-12,20,20,20,11,-35,41,-107,-67,-118,98,123,-93,102,-11,15,-90,105,-34,109,41,40,46,-94,21,68,-122,26,-27,71,94,-80,-17,125,122,21,91,-65,0,-32,-78,-112,-36,6,112,21,-94,116,-43,102,-54,126,-83,-3,-2,-92,5,69,13,65
695,0,-12,-12,-12,-12,-12,20,20,20,11,-35,41,-107,-67,-118,98,123,-93,102,-11,15,-90,105,-34,109,41,40,46,-94,21,68,-122,26,-27,71,94,-80,-17,125,122,21,91,-65,0,-32,-78,-112,-36,6,112,21,-94,116,-43,102,-54,126,-83,-3,-2,-92,5,69,13,65
696,0,112,0,0,0,0,0,-108,-108,-1,11,-35,41,-107,-67,-118,98,123,-93,102,-11,15,-90,105,-34,109,41,40,46,-94,21,68,-122,-34,81,-110,-47,12,97,26,62,66,0,70,45,58,-34,42,-99,113,27,47,-51,-92,40,-119,-42,119,69,94,108,-66,81,-9,-23
697,0,112,0,0,0,0,0,-108,-108,-1,11,-35,41,-107,-67,-118,98,123,-93,102,-11,15,-90,105,-34,109,41,40,46,-94,21,68,-122,-34,81,-110,-47,12,97,26,62,66,0,70,45,58,-34,42,-99,113,27,47,-51,-92,40,-119,-42,119,69,94,108,-66,81,-9,-23
698,0,112,0,0,0,0,0,-108,-108,-1,11,-35,41,-107,-67,-118,98,123,-93,102,-11,15,-90,105,-34,109,41,40,46,-94,21,68,-122,-34,81,-110,-47,12,97,26,62,66,0,70,45,58,-34,42,-99,113,27,47,-51,-92,40,-119,-42,119,69,94,108,-66,81,-9,-23
699,0,59,59,38,38,38,38,38,-54,27,-1,11,-35,41,-107,-67,-118,98,123,-93,102,-11,15,-90,105,-34,109,41,40,46,-94,21,68,92,94,-44,-115,-104,2,-65,-70,124,-119,-100,50,40,-54,123,-118,54,-99,-13,55,-87,-67,72,-28,17,100,-50,-82,17,86,-2,77
700,0,59,59,38,38,38,38,38,-54,27,-1,11,-35,41,-107,-67,-118,98,123,-93,102,-11,15,-90,105,-34,109,41,40,46,-94,21,68,92,94,-44,-115,-104,2,-65,-70,124,-119,-100,50,40,-54,123,-118,54,-99,-13,55,-87,-67,72,-28,17,100,-50,-82,17,86,-2,77
701,0,59,59,38,38,38,38,38,-54,27,-1,11,-35,41,-107,-67,-118,98,123,-93,102,-11,15,-90,105,-34,109,41,40,46,-94,21,68,92,94,-44,-115,-104,2,-65,-70,124,-119,-100,50,40,-54,123,-118,54,-99,-13,55,-87,-67,72,-28,17,100,-50,-82,17,86,-2,77
702,0,79,79,79,-89,-89,-89,-89,-89,-124,27,-1,11,-35,41,-107,-67,-118,98,123,-93,102,-11,15,-90,105,-34,109,41,40,46,-94,21,-3,24,-63,74,82,68,-124,-28,-39,116,-51,-112,-70,30,50,-111,49,57,86,5,-38,14,-78,76,-99,-40,-70,-119,-125,109,60,-100
703,0,79,79,79,-89,-89,-89,-89,-89,-124,27,-1,11,-35,41,-107,-67,-118,98,123,-93,102,-11,15,-90,105,-34,109,41,40,46,-94,21,-3,24,-63,74,82,68,-124,-28,-39,116,-51,-112,-70,30,50,-111,49,57,86,5,-38,14,-78,76,-99,-40,-70,-119,-125,109,60,-100
704,0,79,79,79,-89,-89,-89,-89,-89,-124,27,-1,11,-35,41,-107,-67,-118,98,123,-93,102,-11,15,-90,105,-34,109,41,40,46,-94,21,-3,24,-63,74,82,68,-124,-28,-39,116,-51,-112,-70,30,50,-111,49,57,86,5,-38,14,-78,76,-99,-40,-70,-119,-125,109,60,-100
705,0,86,86,86,86,7,7,7,7,-22,-124,27,-1,11,-35,41,-107,-67,-118,98,123,-93,102,-11,15,-90,105,-34,109,41,40,46,-94,-21,82,90,-119,-119,110,42,127,39,-59,-66,-71,-98,-37,121,16,-69,-108,-31,71,-114,-126,-48,-29,-88,-107,-16,65,106,89,-112,-112
706,0,86,86,86,86,7,7,7,7,-22,-124,27,-1,11,-35,41,-107,-67,-118,98,123,-93,102,-11,15,-90,105,-34,109,41,40,46,-94,-21,82,90,-119,-119,110,42,127,39,-59,-66,-71,-98,-37,121,16,-69,-108,-31,71,-114,-126,-48,-29,-88,-107,-16,65,106,89,-112,-112
707,0,86,86,86,86,7,7,7,7,-22,-124,27,-1,11,-35,41,-107,-67,-118,98,123,-93,102,-11,15,-90,105,-34,109,41,40,46,-94,-21,82,90,-119,-119,110,42,127,39,-59,-66,-71,-98,-37,121,16,-69,-108,-31,71,-114,-126,-48,-29,-88,-107,-16,65,106,89,-112,-112
708,0,22,22,22,22,22,69,69,69,-98,-22,-124,27,-1,11,-35,41,-107,-67,-118,98,123,-93,102,-11,15,-90,105,-34,109,41,40,46,55,-8,80,-16,7,19,59,2,-66,-116,33,8,21,123,96,16,81,-48,-31,-37,109,-15,91,124,-72,4,-69,-27,62,-100,114,74
709,0,22,22,22,22,22,69,69,69,-98,-22,-124,27,-1,11,-35,41,-107,-67,-118,98,123,-93,102,-11,15,-90,105,-34,109,41,40,46,55,-8,80,-16,7,19,59,2,-66,-116,33,8,21,123,96,16,81,-48,-31,-37,109,-15,91,124,-72,4,-69,-27,62,-100,114,74
710,0,22,22,22,22,22,69,69,69,-98,-22,-124,27,-1,11,-35,41,-107,-67,-118,98,123,-93,102,-11,15,-90,105,-34,109,41,40,46,55,-8,80,-16,7,19,59,2,-66,-116,33,8,21,123,96,16,81,-48,-31,-37,109,-15,91,124,-72,4,-69,-27,62,-100,114,74
711,0,31,-29,-29,-29,-29,-29,116,116,-42,-98,-22,-124,27,-1,11,-35,41,-107,-67,-118,98,123,-93,102,-11,15,-90,105,-34,109,41,40,13,-78,56,88,55,-30,14,-27,-86,-1,-32,4,25,23,41,-23,4,19,-92,-105,16,-30,-93,-19,-73,-102,-106,25,-42,91,-47,4
712,0,31,-29,-29,-29,-29,-29,116,116,-42,-98,-22,-124,27,-1,11,-35,41,-107,-67,-118,98,123,-93,102,-11,15,-90,105,-34,109,41,40,13,-78,56,88,55,-30,14,-27,-86,-1,-32,4,25,23,41,-23,4,19,-92,-105,16,-30,-93,-19,-73,-102,-106,25,-42,91,-47,4
713,0,31,-29,-29,-29,-29,-29,116,116,-42,-98,-22,-124,27,-1,11,-35,41,-107,-67,-118,98,123,-93,102,-11,15,-90,105,-34,109,41,40,13,-78,56,88,55,-30,14,-27,-86,-1,-32,4,25,23,41,-23,4,19,-92,-105,16,-30,-93,-19,-73,-102,-106,25,-42,91,-47,4
714,0,62,62,-64,-64,-64,-64,-64,-99,83,-42,-98,-22,-124,27,-1,11,-35,41,-107,-67,-118,98,123,-93,102,-11,15,-90,105,-34,109,41,10,-75,-8,-81,-47,0,-5,-46,22,-82,-17,42,85,125,85,80,82,104,117,6,108,64,-37,127,-76,79,73,68,-74,20,-117,-47
715,0,62,62,-64,-64,-64,-64,-64,-99,83,-42,-98,-22,-124,27,-1,11,-35,41,-107,-67,-118,98,123,-93,102,-11,15,-90,105,-34,109,41,10,-75,-8,-81,-47,0,-5,-46,22,-82,-17,42,85,125,85,80,82,104,117,6,108,64,-37,127,-76,79,73,68,-74,20,-117,-47
716,0,62,62,-64,-64,-64,-64,-64,-99,83,-42,-98,-22,-124,27,-1,11,-35,41,-107,-67,-118,98,123,-93,102,-11,15,-90,105,-34,109,41,10,-75,-8,-81,-47,0,-5,-46,22,-82,-17,42,85,125,85,80,82,104,117,6,108,64,-37,127,-76,79,73,68,-74,20,-117,-47
717,0,88,88,88,-118,-118,-118,-118,-118,-12,83,-42,-98,-22,-124,27,-1,11,-35,41,-107,-67,-118,98,123,-93,102,-11,15,-90,105,-34,109,64,107,3,88,91,14,59,105,99,124,56,-78,105,-114,70,112,102,87,-59,19,-49,61,89,19,14,62,69,-47,-63,-99,-94,-38
718,0,88,88,88,-118,-118,-118,-118,-118,-12,83,-42,-98,-22,-124,27,-1,11,-35,41,-107,-67,-118,98,123,-93,102,-11,15,-90,105,-34,109,64,107,3,88,91,14,59,105,99,124,56,-78,105,-114,70,112,102,87,-59,19,-49,61,89,19,14,62,69,-47,-63,-99,-94,-38
719,0,88,88,88,-118,-118,-118,-118,-118,-12,83,-42,-98,-22,-124,27,-1,11,-35,41,-107,-67,-118,98,123,-93,102,-11,15,-90,105,-34,109,64,107,3,88,91,14,59,105,99,124,56,-78,105,-114,70,112,102,87,-59,19,-49,61,89,19,14,62,69,-47,-63,-99,-94,-38
720,0,44,44,44,44,3,3,3,3,112,-12,83,-42,-98,-22,-124,27,-1,11,-35,41,-107,-67,-118,98,123,-93,102,-11,15,-90,105,-34,-93,-107,102,127,-28,47,62,-115,14,-123,23,-89,-98,-30,-63,-80,107,-127,-47,63,-68,38,-54,68,-41,102,-9,37,103,63,-4,-71
721,0,44,44,44,44,3,3,3,3,112,-12,83,-42,-98,-22,-124,27,-1,11,-35,41,-107,-67,-118,98,123,-93,102,-11,15,-90,105,-34,-93,-107,102,127,-28,47,62,-115,14,-123,23,-89,-98,-30,-63,-80,107,-127,-47,63,-68,38,-54,68,-41,102,-9,37,103,63,-4,-71
722,0,44,44,44,44,3,3,3,3,112,-12,83,-42,-98,-22,-124,27,-1,11,-35,41,-107,-67,-118,98,123,-93,102,-11,15,-90,105,-34,-93,-107,102,127,-28,47,62,-115,14,-123,23,-89,-98,-30,-63,-80,107,-127,-47,63,-68,38,-54,68,-41,102,-9,37,103,63,-4,-71
723,0,60,60,60,60,60,67,67,67,59,112,-12,83,-42,-98,-22,-124,27,-1,11,-35,41,-107,-67,-118,98,123,-93,102,-11,15,-90,105,-16,81,-43,5,74,2,-29,-104,38,117,-32,-92,103,-41,-101,-94,16,3,-65,72,31,-59,-69,-98,4,-55,-52,122,99,86,-127,67
724,0,60,60,60,60,60,67,67,67,59,112,-12,83,-42,-98,-22,-124,27,-1,11,-35,41,-107,-67,-118,98,123,-93,102,-11,15,-90,105,-16,81,-43,5,74,2,-29,-104,38,117,-32,-92,103,-41,-101,-94,16,3,-65,72,31,-59,-69,-98,4,-55,-52,122,99,86,-127,67
725,0,60,60,60,60,60,67,67,67,59,112,-12,83,-42,-98,-22,-124,27,-1,11,-35,41,-107,-67,-118,98,123,-93,102,-11,15,-90,105,-16,81,-43,5,74,2,-29,-104,38,117,-32,-92,103,-41,-101,-94,16,3,-65,72,31,-59,-69,-98,4,-55,-52,122,99,86,-127,67
726,0,-123,-121,-121,-121,-121,-121,-56,-56,79,59,112,-12,83,-42,-98,-22,-124,27,-1,11,-35,41,-107,-67,-118,98,123,-93,102,-11,15,-90,-79,31,97,85,-91,-67,-93,55,-123,9,-116,-106,-32,107,88,28,13,-103,-81,29,122,-12,-110,6,-90,105,-5,67,-103,99,-62,120
727,0,-123,-121,-121,-121,-121,-121,-56,-56,79,59,112,-12,83,-42,-98,-22,-124,27,-1,11,-35,41,-107,-67,-118,98,123,-93,102,-11,15,-90,-79,31,97,85,-91,-67,-93,55,-123,9,-116,-106,-32,107,88,28,13,-103,-81,29,122,-12,-110,6,-90,105,-5,67,-103,99,-62,120
728,0,-123,-121,-121,-121,-121,-121,-56,-56,79,59,112,-12,83,-42,-98,-22,-124,27,-1,11,-35,41,-107,-67,-118,98,123,-93,102,-11,15,-90,-79,31,97,85,-91,-67,-93,55,-123,9,-116,-106,-32,107,88,28,13,-103,-81,29,122,-12,-110,6,-90,105,-5,67,-103,99,-62,120
729,0,-127,-127,-36,-36,-36,-36,-36,-121,86,79,59,112,-12,83,-42,-98,-22,-124,27,-1,11,-35,41,-107,-67,-118,98,123,-93,102,-11,15,11,-2,-71,-1,-86,-113,-28,113,-95,-37,26,-89,-40,7,-96,34,87,-37,-73,-100,67,-22,85,58,-119,-102,90,-36,13,-29,-58,-109
730,0,-127,-127,-36,-36,-36,-36,-36,-121,86,79,59,112,-12,83,-42,-98,-22,-124,27,-1,11,-35,41,-107,-67,-118,98,123,-93,102,-11,15,11,-2,-71,-1,-86,-113,-28,113,-95,-37,26,-89,-40,7,-96,34,87,-37,-73,-100,67,-22,85,58,-119,-102,90,-36,13,-29,-58,-109
731,0,-127,-127,-36,-36,-36,-36,-36,-121,86,79,59,112,-12,83,-42,-98,-22,-124,27,-1,11,-35,41,-107,-67,-118,98,123,-93,102,-11,15,11,-2,-71,-1,-86,-113,-28,113,-95,-37,26,-89,-40,7,-96,34,87,-37,-73,-100,67,-22,85,58,-119,-102,90,-36,13,-29,-58,-109
732,0,-64,-64,-64,2,2,2,2,2,22,86,79,59,112,-12,83,-42,-98,-22,-124,27,-1,11,-35,41,-107,-67,-118,98,123,-93,102,-11,-91,-122,-26,20,-19,82,51,-46,68,-9,26,92,-90,14,-55,65,-76,-58,12,116,96,-30,57,35,-119,62,-49,-12,8,118,106,78
733,0,-64,-64,-64,2,2,2,2,2,22,86,79,59,112,-12,83,-42,-98,-22,-124,27,-1,11,-35,41,-107,-67,-118,98,123,-93,102,-11,-91,-122,-26,20,-19,82,51,-46,68,-9,26,92,-90,14,-55,65,-76,-58,12,116,96,-30,57,35,-119,62,-49,-12,8,118,106,78
734,0,-64,-64,-64,2,2,2,2,2,22,86,79,59,112,-12,83,-42,-98,-22,-124,27,-1,11,-35,41,-107,-67,-118,98,123,-93,102,-11,-91,-122,-26,20,-19,82,51,-46,68,-9,26,92,-90,14,-55,65,-76,-58,12,116,96,-30,57,35,-119,62,-49,-12,8,118,106,78
735,0,105,105,105,105,57,57,57,57,31,22,86,79,59,112,-12,83,-42,-98,-22,-124,27,-1,11,-35,41,-107,-67,-118,98,123,-93,102,-101,8,63,99,83,-53,121,7,28,-29,15,37,85,-119,19,44,125,-80,-75,-115,-93,-13,95,96,-15,105,80,110,-64,-3,-25,101
736,0,105,105,105,105,57,57,57,57,31,22,86,79,59,112,-12,83,-42,-98,-22,-124,27,-1,11,-35,41,-107,-67,-118,98,123,-93,102,-101,8,63,99,83,-53,121,7,28,-29,15,37,85,-119,19,44,125,-80,-75,-115,-93,-13,95,96,-15,105,80,110,-64,-3,-25,101
737,0,105,105,105,105,57,57,57,57,31,22,86,79,59,112,-12,83,-42,-98,-22,-124,27,-1,11,-35,41,-107,-67,-118,98,123,-93,102,-101,8,63,99,83,-53,121,7,28,-29,15,37,85,-119,19,44,125,-80,-75,-115,-93,-13,95,96,-15,105,80,110,-64,-3,-25,101
738,0,126,126,126,126,126,-21,-21,-21,62,31,22,86,79,59,112,-12,83,-42,-98,-22,-124,27,-1,11,-35,41,-107,-67,-118,98,123,-93,-57,67,88,53,-98,41,-54,-3,59,-46,-119,-105,-59,-88,-111,-40,-121,123,29,-110,20,-15,15,9,111,30,-73,-108,-61,-96,113,56
739,0,126,126,126,126,126,-21,-21,-21,62,31,22,86,79,59,112,-12,83,-42,-98,-22,-124,27,-1,11,-35,41,-107,-67,-118,98,123,-93,-57,67,88,53,-98,41,-54,-3,59,-46,-119,-105,-59,-88,-111,-40,-121,123,29,-110,20,-15,15,9,111,30,-73,-108,-61,-96,113,56
740,0,126,126,126,126,126,-21,-21,-21,62,31,22,86,79,59,112,-12,83,-42,-98,-22,-124,27,-1,11,-35,41,-107,-67,-118,98,123,-93,-57,67,88,53,-98,41,-54,-3,59,-46,-119,-105,-59,-88,-111,-40,-121,123,29,-110,20,-15,15,9,111,30,-73,-108,-61,-96,113,56
741,0,-98,-90,-90,-90,-90,-90,-58,-58,88,62,31,22,86,79,59,112,-12,83,-42,-98,-22,-124,27,-1,11,-35,41,-107,-67,-118,98,123,-124,104,-71,100,-26,64,87,-56,-50,-100,-83,107,-33,54,-85,-48,85,-4,63,-67,-59,70,-55,-5,95,-85,-118,-26,-100,64,86,93
742,0,-98,-90,-90,-90,-90,-90,-58,-58,88,62,31,22,86,79,59,112,-12,83,-42,-98,-22,-124,27,-1,11,-35,41,-107,-67,-118,98,123,-124,104,-71,100,-26,64,87,-56,-50,-100,-83,107,-33,54,-85,-48,85,-4,63,-67,-59,70,-55,-5,95,-85,-118,-26,-100,64,86,93
743,0,-98,-90,-90,-90,-90,-90,-58,-58,88,62,31,22,86,79,59,112,-12,83,-42,-98,-22,-124,27,-1,11,-35,41,-107,-67,-118,98,123,-124,104,-71,100,-26,64,87,-56,-50,-100,-83,107,-33,54,-85,-48,85,-4,63,-67,-59,70,-55,-5,95,-85,-118,-26,-100,64,86,93
744,0,126,126,84,84,84,84,84,-112,44,88,62,31,22,86,79,59,112,-12,83,-42,-98,-22,-124,27,-1,11,-35,41,-107,-67,-118,98,-91,-74,63,17,-82,-38,92,48,-56,-112,-69,-35,-58,-40,-58,102,-71,61,107,-29,-42,56,-59,-121,-51,-105,3,-49,51,-99,94,79
745,0,126,126,84,84,84,84,84,-112,44,88,62,31,22,86,79,59,112,-12,83,-42,-98,-22,-124,27,-1,11,-35,41,-107,-67,-118,98,-91,-74,63,17,-82,-38,92,48,-56,-112,-69,-35,-58,-40,-58,102,-71,61,107,-29,-42,56,-59,-121,-51,-105,3,-49,51,-99,94,79
746,0,126,126,84,84,84,84,84,-112,44,88,62,31,22,86,79,59,112,-12,83,-42,-98,-22,-124,27,-1,11,-35,41,-107,-67,-118,98,-91,-74,63,17,-82,-38,92,48,-56,-112,-69,-35,-58,-40,-58,102,-71,61,107,-29,-42,56,-59,-121,-51,-105,3,-49,51,-99,94,79
747,0,93,93,93,58,58,58,58,58,60,44,88,62,31,22,86,79,59,112,-12,83,-42,-98,-22,-124,27,-1,11,-35,41,-107,-67,-118,45,-29,-97,-92,42,-63,65,-74,21,127,53,35,-67,44,54,-57,125,-42,36,55,81,-59,-38,59,-92,109,111,75,-13,-68,-42,-11
748,0,93,93,93,58,58,58,58,58,60,44,88,62,31,22,86,79,59,112,-12,83,-42,-98,-22,-124,27,-1,11,-35,41,-107,-67,-118,45,-29,-97,-92,42,-63,65,-74,21,127,53,35,-67,44,54,-57,125,-42,36,55,81,-59,-38,59,-92,109,111,75,-13,-68,-42,-11
749,0,93,93,93,58,58,58,58,58,60,44,88,62,31,22,86,79,59,112,-12,83,-42,-98,-22,-124,27,-1,11,-35,41,-107,-67,-118,45,-29,-97,-92,42,-63,65,-74,21,127,53,35,-67,44,54,-57,125,-42,36,55,81,-59,-38,59,-92,109,111,75,-13,-68,-42,-11
750,0,109,109,109,109,8,8,8,8,-123,60,44,88,62,31,22,86,79,59,112,-12,83,-42,-98,-22,-124,27,-1,11,-35,41,-107,-67,109,-38,-38,-75,-24,75,24,-116,-30,96,-82,40,123,101,63,-92,-30,-25,5,-50,-104,-57,-40,12,119,-61,126,-30,60,0,-120,-27
751,0,109,109,109,109,8,8,8,8,-123,60,44,88,62,31,22,86,79,59,112,-12,83,-42,-98,-22,-124,27,-1,11,-35,41,-107,-67,109,-38,-38,-75,-24,75,24,-116,-30,96,-82,40,123,101,63,-92,-30,-25,5,-50,-104,-57,-40,12,119,-61,126,-30,60,0,-120,-27
752,0,109,109,109,109,8,8,8,8,-123,60,44,88,62,31,22,86,79,59,112,-12,83,-42,-98,-22,-124,27,-1,11,-35,41,-107,-67,109,-38,-38,-75,-24,75,24,-116,-30,96,-82,40,123,101,63,-92,-30,-25,5,-50,-104,-57,-40,12,119,-61,126,-30,60,0,-120,-27
753,0,62,62,62,62,62,28,28,28,-127,-123,60,44,88,62,31,22,86,79,59,112,-12,83,-42,-98,-22,-124,27,-1,11,-35,41,-107,96,1,-125,54,73,-25,24,36,-42,-45,-34,28,-96,19,-30,118,-108,-10,87,-10,-19,98,-41,5,109,-105,46,-106,101,-38,-12,32
754,0,62,62,62,62,62,28,28,28,-127,-123,60,44,88,62,31,22,86,79,59,112,-12,83,-42,-98,-22,-124,27,-1,11,-35,41,-107,96,1,-125,54,73,-25,24,36,-42,-45,-34,28,-96,19,-30,118,-108,-10,87,-10,-19,98,-41,5,109,-105,46,-106,101,-38,-12,32
755,0,62,62,62,62,62,28,28,28,-127,-123,60,44,88,62,31,22,86,79,59,112,-12,83,-42,-98,-22,-124,27,-1,11,-35,41,-107,96,1,-125,54,73,-25,24,36,-42,-45,-34,28,-96,19,-30,118,-108,-10,87,-10,-19,98,-41,5,109,-105,46,-106,101,-38,-12,32
756,0,90,-38,-38,-38,-38,-38,19,19,-64,-127,-123,60,44,88,62,31,22,86,79,59,112,-12,83,-42,-98,-22,-124,27,-1,11,-35,41,44,89,34,-14,32,-85,-47,38,22,91,-100,67,-44,86,-24,-87,102,112,82,25,-37,65,-124,-101,98,39,-39,95,-76,116,5,67
757,0,90,-38,-38,-38,-38,-38,19,19,-64,-127,-123,60,44,88,62,31,22,86,79,59,112,-12,83,-42,-98,-22,-124,27,-1,11,-35,41,44,89,34,-14,32,-85,-47,38,22,91,-100,67,-44,86,-24,-87,102,112,82,25,-37,65,-124,-101,98,39,-39,95,-76,116,5,67
758,0,90,-38,-38,-38,-38,-38,19,19,-64,-127,-123,60,44,88,62,31,22,86,79,59,112,-12,83,-42,-98,-22,-124,27,-1,11,-35,41,44,89,34,-14,32,-85,-47,38,22,91,-100,67,-44,86,-24,-87,102,112,82,25,-37,65,-124,-101,98,39,-39,95,-76,116,5,67
759,0,-111,-111,-72,-72,-72,-72,-72,-12,105,-64,-127,-123,60,44,88,62,31,22,86,79,59,112,-12,83,-42,-98,-22,-124,27,-1,11,-35,-32,-63,-21,106,96,-124,-121,116,-22,126,-15,-114,-12,76,61,-120,49,-6,-12,100,23,50,79,-97,-78,91,-7,-103,39,95,-31,86
760,0,-111,-111,-72,-72,-72,-72,-72,-12,105,-64,-127,-123,60,44,88,62,31,22,86,79,59,112,-12,83,-42,-98,-22,-124,27,-1,11,-35,-32,-63,-21,106,96,-124,-121,116,-22,126,-15,-114,-12,76,61,-120,49,-6,-12,100,23,50,79,-97,-78,91,-7,-103,39,95,-31,86
761,0,-111,-111,-72,-72,-72,-72,-72,-12,105,-64,-127,-123,60,44,88,62,31,22,86,79,59,112,-12,83,-42,-98,-22,-124,27,-1,11,-35,-32,-63,-21,106,96,-124,-121,116,-22,126,-15,-114,-12,76,61,-120,49,-6,-12,100,23,50,79,-97,-78,91,-7,-103,39,95,-31,86
762,0,1,1,1,50,50,50,50,50,126,105,-64,-127,-123,60,44,88,62,31,22,86,79,59,112,-12,83,-42,-98,-22,-124,27,-1,11,-85,-100,42,-123,-32,24,116,-122,16,-98,-125,-58,49,-114,13,-4,13,-3,87,38,105,102,8,-23,80,9,-69,-75,-102,63,77,98
763,0,1,1,1,50,50,50,50,50,126,105,-64,-127,-123,60,44,88,62,31,22,86,79,59,112,-12,83,-42,-98,-22,-124,27,-1,11,-85,-100,42,-123,-32,24,116,-122,16,-98,-125,-58,49,-114,13,-4,13,-3,87,38,105,102,8,-23,80,9,-69,-75,-102,63,77,98
764,0,1,1,1,50,50,50,50,50,126,105,-64,-127,-123,60,44,88,62,31,22,86,79,59,112,-12,83,-42,-98,-22,-124,27,-1,11,-85,-100,42,-123,-32,24,116,-122,16,-98,-125,-58,49,-114,13,-4,13,-3,87,38,105,102,8,-23,80,9,-69,-75,-102,63,77,98
765,0,-35,-35,-35,-35,34,34,34,34,-98,126,105,-64,-127,-123,60,44,88,62,31,22,86,79,59,112,-12,83,-42,-98,-22,-124,27,-1,-74,117,-126,-74,-41,70,108,-40,-39,-26,85,81,-8,121,-102,55,-25,70,-46,16,90,103,-101,-29,-70,10,-94,30,46,108,21,115
766,0,-35,-35,-35,-35,34,34,34,34,-98,126,105,-64,-127,-123,60,44,88,62,31,22,86,79,59,112,-12,83,-42,-98,-22,-124,27,-1,-74,117,-126,-74,-41,70,108,-40,-39,-26,85,81,-8,121,-102,55,-25,70,-46,16,90,103,-101,-29,-70,10,-94,30,46,108,21,115
767,0,-35,-35,-35,-35,34,34,34,34,-98,126,105,-64,-127,-123,60,44,88,62,31,22,86,79,59,112,-12,83,-42,-98,-22,-124,27,-1,-74,117,-126,-74,-41,70,108,-40,-39,-26,85,81,-8,121,-102,55,-25,70,-46,16,90,103,-101,-29,-70,10,-94,30,46,108,21,115
768,0,-93,-93,-93,-93,-93,-98,-98,-98,126,-98,126,105,-64,-127,-123,60,44,88,62,31,22,86,79,59,112,-12,83,-42,-98,-22,-124,27,17,-74,-123,-3,-105,105,-117,-40,-80,-109,-42,116,-23,9,-34,-117,85,46,123,73,-53,64,107,109,-71,110,-103,-64,85,-45,1,106
769,0,-93,-93,-93,-93,-93,-98,-98,-98,126,-98,126,105,-64,-127,-123,60,44,88,62,31,22,86,79,59,112,-12,83,-42,-98,-22,-124,27,17,-74,-123,-3,-105,105,-117,-40,-80,-109,-42,116,-23,9,-34,-117,85,46,123,73,-53,64,107,109,-71,110,-103,-64,85,-45,1,106
770,0,-93,-93,-93,-93,-93,-98,-98,-98,126,-98,126,105,-64,-127,-123,60,44,88,62,31,22,86,79,59,112,-12,83,-42,-98,-22,-124,27,17,-74,-123,-3,-105,105,-117,-40,-80,-109,-42,116,-23,9,-34,-117,85,46,123,73,-53,64,107,109,-71,110,-103,-64,85,-45,1,106
771,0,-68,69,69,69,69,69,53,53,93,126,-98,126,105,-64,-127,-123,60,44,88,62,31,22,86,79,59,112,-12,83,-42,-98,-22,-124,-8,46,-101,74,-49,-2,-58,-66,7,10,65,-51,-11,-34,66,25,-78,-40,93,72,-62,11,-87,-29,-48,-58,45,97,-51,0,-74,46
772,0,-68,69,69,69,69,69,53,53,93,126,-98,126,105,-64,-127,-123,60,44,88,62,31,22,86,79,59,112,-12,83,-42,-98,-22,-124,-8,46,-101,74,-49,-2,-58,-66,7,10,65,-51,-11,-34,66,25,-78,-40,93,72,-62,11,-87,-29,-48,-58,45,97,-51,0,-74,46
773,0,-68,69,69,69,69,69,53,53,93,126,-98,126,105,-64,-127,-123,60,44,88,62,31,22,86,79,59,112,-12,83,-42,-98,-22,-124,-8,46,-101,74,-49,-2,-58,-66,7,10,65,-51,-11,-34,66,25,-78,-40,93,72,-62,11,-87,-29,-48,-58,45,97,-51,0,-74,46
774,0,-100,-100,-50,-50,-50,-50,-50,36,109,93,126,-98,126,105,-64,-127,-123,60,44,88,62,31,22,86,79,59,112,-12,83,-42,-98,-22,100,36,18,-90,48,33,93,18,-121,33,-33,-66,118,-101,31,13,-91,27,-125,25,-87,-75,-113,-68,-15,6,-2,3,-66,-57,-114,-27
775,0,-100,-100,-50,-50,-50,-50,-50,36,109,93,126,-98,126,105,-64,-127,-123,60,44,88,62,31,22,86,79,59,112,-12,83,-42,-98,-22,100,36,18,-90,48,33,93,18,-121,33,-33,-66,118,-101,31,13,-91,27,-125,25,-87,-75,-113,-68,-15,6,-2,3,-66,-57,-114,-27
776,0,-100,-100,-50,-50,-50,-50,-50,36,109,93,126,-98,126,105,-64,-127,-123,60,44,88,62,31,22,86,79,59,112,-12,83,-42,-98,-22,100,36,18,-90,48,33,93,18,-121,33,-33,-66,118,-101,31,13,-91,27,-125,25,-87,-75,-113,-68,-15,6,-2,3,-66,-57,-114,-27
777,0,-93,-93,-93,-56,-56,-56,-56,-56,62,109,93,126,-98,126,105,-64,-127,-123,60,44,88,62,31,22,86,79,59,112,-12,83,-42,-98,125,5,-73,-65,-38,-68,56,-90,81,-114,27,71,-96,38,-119,67,17,-106,-126,-108,60,-43,-117,-19,8,-13,84,113,-79,-2,-29,39
778,0,-93,-93,-93,-56,-56,-56,-56,-56,62,109,93,126,-98,126,105,-64,-127,-123,60,44,88,62,31,22,86,79,59,112,-12,83,-42,-98,125,5,-73,-65,-38,-68,56,-90,81,-114,27,71,-96,38,-119,67,17,-106,-126,-108,60,-43,-117,-19,8,-13,84,113,-79,-2,-29,39
779,0,-93,-93,-93,-56,-56,-56,-56,-56,62,109,93,126,-98,126,105,-64,-127,-123,60,44,88,62,31,22,86,79,59,112,-12,83,-42,-98,125,5,-73,-65,-38,-68,56,-90,81,-114,27,71,-96,38,-119,67,17,-106,-126,-108,60,-43,-117,-19,8,-13,84,113,-79,-2,-29,39
780,0,-54,-54,-54,-54,38,38,38,38,90,62,109,93,126,-98,126,105,-64,-127,-123,60,44,88,62,31,22,86,79,59,112,-12,83,-42,-66,87,119,-6,-13,-126,15,51,55,124,-102,46,59,-39,-80,31,-4,89,-54,110,76,92,61,50,-115,90,-118,-8,18,-40,95,-16
781,0,-54,-54,-54,-54,38,38,38,38,90,62,109,93,126,-98,126,105,-64,-127,-123,60,44,88,62,31,22,86,79,59,112,-12,83,-42,-66,87,119,-6,-13,-126,15,51,55,124,-102,46,59,-39,-80,31,-4,89,-54,110,76,92,61,50,-115,90,-118,-8,18,-40,95,-16
782,0,-54,-54,-54,-54,38,38,38,38,90,62,109,93,126,-98,126,105,-64,-127,-123,60,44,88,62,31,22,86,79,59,112,-12,83,-42,-66,87,119,-6,-13,-126,15,51,55,124,-102,46,59,-39,-80,31,-4,89,-54,110,76,92,61,50,-115,90,-118,-8,18,-40,95,-16
783,0,1,1,1,1,1,-81,-81,-81,-111,90,62,109,93,126,-98,126,105,-64,-127,-123,60,44,88,62,31,22,86,79,59,112,-12,83,66,3,100,7,11,-67,-48,95,-88,90,103,46,4,-108,107,53,17,-103,86,30,-22,8,108,12,-99,96,23,71,-111,-2,-115,82
784,0,1,1,1,1,1,-81,-81,-81,-111,90,62,109,93,126,-98,126,105,-64,-127,-123,60,44,88,62,31,22,86,79,59,112,-12,83,66,3,100,7,11,-67,-48,95,-88,90,103,46,4,-108,107,53,17,-103,86,30,-22,8,108,12,-99,96,23,71,-111,-2,-115,82
785,0,1,1,1,1,1,-81,-81,-81,-111,90,62,109,93,126,-98,126,105,-64,-127,-123,60,44,88,62,31,22,86,79,59,112,-12,83,66,3,100,7,11,-67,-48,95,-88,90,103,46,4,-108,107,53,17,-103,86,30,-22,8,108,12,-99,96,23,71,-111,-2,-115,82
786,0,-20,-96,-96,-96,-96,-96,-68,-68,1,-111,90,62,109,93,126,-98,126,105,-64,-127,-123,60,44,88,62,31,22,86,79,59,112,-12,-102,75,-40,117,-65,-123,-101,87,42,18,-36,39,69,61,-10,-17,69,24,31,91,-69,122,-54,34,-125,-98,-90,-75,1,-67,-96,-81
787,0,-20,-96,-96,-96,-96,-96,-68,-68,1,-111,90,62,109,93,126,-98,126,105,-64,-127,-123,60,44,88,62,31,22,86,79,59,112,-12,-102,75,-40,117,-65,-123,-101,87,42,18,-36,39,69,61,-10,-17,69,24,31,91,-69,122,-54,34,-125,-98,-90,-75,1,-67,-96,-81
788,0,-20,-96,-96,-96,-96,-96,-68,-68,1,-111,90,62,109,93,126,-98,126,105,-64,-127,-123,60,44,88,62,31,22,86,79,59,112,-12,-102,75,-40,117,-65,-123,-101,87,42,18,-36,39,69,61,-10,-17,69,24,31,91,-69,122,-54,34,-125,-98,-90,-75,1,-67,-96,-81
789,0,-33,-33,17,17,17,17,17,23,-35,1,-111,90,62,109,93,126,-98,126,105,-64,-127,-123,60,44,88,62,31,22,86,79,59,112,-103,50,-3,93,-98,34,97,-60,-112,77,-77,-115,14,-106,66,-122,-99,-118,-76,70,-126,-118,-123,55,-11,-18,63,55,-75,35,93,77
790,0,-33,-33,17,17,17,17,17,23,-35,1,-111,90,62,109,93,126,-98,126,105,-64,-127,-123,60,44,88,62,31,22,86,79,59,112,-103,50,-3,93,-98,34,97,-60,-112,77,-77,-115,14,-106,66,-122,-99,-118,-76,70,-126,-118,-123,55,-11,-18,63,55,-75,35,93,77
791,0,-33,-33,17,17,17,17,17,23,-35,1,-111,90,62,109,93,126,-98,126,105,-64,-127,-123,60,44,88,62,31,22,86,79,59,112,-103,50,-3,93,-98,34,97,-60,-112,77,-77,-115,14,-106,66,-122,-99,-118,-76,70,-126,-118,-123,55,-11,-18,63,55,-75,35,93,77
792,0,97,97,97,-78,-78,-78,-78,-78,-93,-35,1,-111,90,62,109,93,126,-98,126,105,-64,-127,-123,60,44,88,62,31,22,86,79,59,29,-59,-33,-31,-88,5,-86,-55,-31,97,7,1,57,-19,-91,-51,-122,106,-17,-105,-47,-118,96,18,-6,71,118,-100,-97,8,120,-36
793,0,97,97,97,-78,-78,-78,-78,-78,-93,-35,1,-111,90,62,109,93,126,-98,126,105,-64,-127,-123,60,44,88,62,31,22,86,79,59,29,-59,-33,-31,-88,5,-86,-55,-31,97,7,1,57,-19,-91,-51,-122,106,-17,-105,-47,-118,96,18,-6,71,118,-100,-97,8,120,-36
794,0,97,97,97,-78,-78,-78,-78,-78,-93,-35,1,-111,90,62,109,93,126,-98,126,105,-64,-127,-123,60,44,88,62,31,22,86,79,59,29,-59,-33,-31,-88,5,-86,-55,-31,97,7,1,57,-19,-91,-51,-122,106,-17,-105,-47,-118,96,18,-6,71,118,-100,-97,8,120,-36
795,0,-73,-73,-73,-73,78,78,78,78,-68,-93,-35,1,-111,90,62,109,93,126,-98,126,105,-64,-127,-123,60,44,88,62,31,22,86,79,-1,-83,80,59,-81,82,-17,-92,0,-52,52,23,7,-122,-113,13,-59,-9,-62,70,73,-39,120,-66,-53,26,-84,-34,58,-47,93,-17
796,0,-73,-73,-73,-73,78,78,78,78,-68,-93,-35,1,-111,90,62,109,93,126,-98,126,105,-64,-127,-123,60,44,88,62,31,22,86,79,-1,-83,80,59,-81,82,-17,-92,0,-52,52,23,7,-122,-113,13,-59,-9,-62,70,73,-39,120,-66,-53,26,-84,-34,58,-47,93,-17
797,0,-73,-73,-73,-73,78,78,78,78,-68,-93,-35,1,-111,90,62,109,93,126,-98,126,105,-64,-127,-123,60,44,88,62,31,22,86,79,-1,-83,80,59,-81,82,-17,-92,0,-52,52,23,7,-122,-113,13,-59,-9,-62,70,73,-39,120,-66,-53,26,-84,-34,58,-47,93,-17
798,0,-29,-29,-29,-29,-29,24,24,24,-100,-68,-93,-35,1,-111,90,62,109,93,126,-98,126,105,-64,-127,-123,60,44,88,62,31,22,86,105,-59,-58,21,-101,48,46,80,-99,120,53,39,-32,96,94,-121,-127,27,-89,-124,-83,100,18,-16,20,81,100,92,50,-92,63,116
799,0,-29,-29,-29,-29,-29,24,24,24,-100,-68,-93,-35,1,-111,90,62,109,93,126,-98,126,105,-64,-127,-123,60,44,88,62,31,22,86,105,-59,-58,21,-101,48,46,80,-99,120,53,39,-32,96,94,-121,-127,27,-89,-124,-83,100,18,-16,20,81,100,92,50,-92,63,116
800,0,-29,-29,-29,-29,-29,24,24,24,-100,-68,-93,-35,1,-111,90,62,109,93,126,-98,126,105,-64,-127,-123,60,44,88,62,31,22,86,105,-59,-58,21,-101,48,46,80,-99,120,53,39,-32,96,94,-121,-127,27,-89,-124,-83,100,18,-16,20,81,100,92,50,-92,63,116
801,0,-12,-127,-127,-127,-127,-127,44,44,-93,-100,-68,-93,-35,1,-111,90,62,109,93,126,-98,126,105,-64,-127,-123,60,44,88,62,31,22,118,21,-79,-106,-62,-127,-63,-80,69,-22,123,110,-39,-31,51,107,-45,60,9,-42,111,55,105,-104,46,67,-20,-69,103,14,-30,39
802,0,-12,-127,-127,-127,-127,-127,44,44,-93,-100,-68,-93,-35,1,-111,90,62,109,93,126,-98,126,105,-64,-127,-123,60,44,88,62,31,22,118,21,-79,-106,-62,-127,-63,-80,69,-22,123,110,-39,-31,51,107,-45,60,9,-42,111,55,105,-104,46,67,-20,-69,103,14,-30,39
803,0,-12,-127,-127,-127,-127,-127,44,44,-93,-100,-68,-93,-35,1,-111,90,62,109,93,126,-98,126,105,-64,-127,-123,60,44,88,62,31,22,118,21,-79,-106,-62,-127,-63,-80,69,-22,123,110,-39,-31,51,107,-45,60,9,-42,111,55,105,-104,46,67,-20,-69,103,14,-30,39
804,0,-73,-73,-109,-109,-109,-109,-109,-122,-54,-93,-100,-68,-93,-35,1,-111,90,62,109,93,126,-98,126,105,-64,-127,-123,60,44,88,62,31,109,18,70,95,107,-55,-30,95,-49,-56,112,41,-74,-80,-96,57,-105,74,-11,-24,-82,-27,-40,-15,11,-19,-14,51,77,71,-47,-34
805,0,-73,-73,-109,-109,-109,-109,-109,-122,-54,-93,-100,-68,-93,-35,1,-111,90,62,109,93,126,-98,126,105,-64,-127,-123,60,44,88,62,31,109,18,70,95,107,-55,-30,95,-49,-56,112,41,-74,-80,-96,57,-105,74,-11,-24,-82,-27,-40,-15,11,-19,-14,51,77,71,-47,-34
806,0,-73,-73,-109,-109,-109,-109,-109,-122,-54,-93,-100,-68,-93,-35,1,-111,90,62,109,93,126,-98,126,105,-64,-127,-123,60,44,88,62,31,109,18,70,95,107,-55,-30,95,-49,-56,112,41,-74,-80,-96,57,-105,74,-11,-24,-82,-27,-40,-15,11,-19,-14,51,77,71,-47,-34
807,0,-82,-82,-82,7,7,7,7,7,1,-54,-93,-100,-68,-93,-35,1,-111,90,62,109,93,126,-98,126,105,-64,-127,-123,60,44,88,62,-80,51,30,-34,94,23,-124,-109,25,-112,28,-3,17,-27,-98,-41,18,-117,-11,101,111,-122,22,-66,-76,100,-87,57,-4,-72,-100,-126
808,0,-82,-82,-82,7,7,7,7,7,1,-54,-93,-100,-68,-93,-35,1,-111,90,62,109,93,126,-98,126,105,-64,-127,-123,60,44,88,62,-80,51,30,-34,94,23,-124,-109,25,-112,28,-3,17,-27,-98,-41,18,-117,-11,101,111,-122,22,-66,-76,100,-87,57,-4,-72,-100,-126
809,0,-82,-82,-82,7,7,7,7,7,1,-54,-93,-100,-68,-93,-35,1,-111,90,62,109,93,126,-98,126,105,-64,-127,-123,60,44,88,62,-80,51,30,-34,94,23,-124,-109,25,-112,28,-3,17,-27,-98,-41,18,-117,-11,101,111,-122,22,-66,-76,100,-87,57,-4,-72,-100,-126
810,0,-119,-119,-119,-119,-117,-117,-117,-117,-20,1,-54,-93,-100,-68,-93,-35,1,-111,90,62,109,93,126,-98,126,105,-64,-127,-123,60,44,88,105,-24,98,40,3,17,118,-57,-106,32,25,16,78,-67,-54,-87,-97,-7,31,-2,-108,45,-53,-123,-109,4,-19,-95,32,96,-51,-48
811,0,-119,-119,-119,-119,-117,-117,-117,-117,-20,1,-54,-93,-100,-68,-93,-35,1,-111,90,62,109,93,126,-98,126,105,-64,-127,-123,60,44,88,105,-24,98,40,3,17,118,-57,-106,32,25,16,78,-67,-54,-87,-97,-7,31,-2,-108,45,-53,-123,-109,4,-19,-95,32,96,-51,-48
812,0,-119,-119,-119,-119,-117,-117,-117,-117,-20,1,-54,-93,-100,-68,-93,-35,1,-111,90,62,109,93,126,-98,126,105,-64,-127,-123,60,44,88,105,-24,98,40,3,17,118,-57,-106,32,25,16,78,-67,-54,-87,-97,-7,31,-2,-108,45,-53,-123,-109,4,-19,-95,32,96,-51,-48
813,0,34,34,34,34,34,-114,-114,-114,-33,-20,1,-54,-93,-100,-68,-93,-35,1,-111,90,62,109,93,126,-98,126,105,-64,-127,-123,60,44,77,78,-116,78,-121,-73,-106,-108,-87,46,-68,-18,44,-43,-66,120,78,-12,103,-27,63,-52,-101,-123,-81,16,-90,-54,-9,61,-18,-55
814,0,34,34,34,34,34,-114,-114,-114,-33,-20,1,-54,-93,-100,-68,-93,-35,1,-111,90,62,109,93,126,-98,126,105,-64,-127,-123,60,44,77,78,-116,78,-121,-73,-106,-108,-87,46,-68,-18,44,-43,-66,120,78,-12,103,-27,63,-52,-101,-123,-81,16,-90,-54,-9,61,-18,-55
815,0,34,34,34,34,34,-114,-114,-114,-33,-20,1,-54,-93,-100,-68,-93,-35,1,-111,90,62,109,93,126,-98,126,105,-64,-127,-123,60,44,77,78,-116,78,-121,-73,-106,-108,-87,46,-68,-18,44,-43,-66,120,78,-12,103,-27,63,-52,-101,-123,-81,16,-90,-54,-9,61,-18,-55
816,0,119,30,30,30,30,30,106,106,97,-33,-20,1,-54,-93,-100,-68,-93,-35,1,-111,90,62,109,93,126,-98,126,105,-64,-127,-123,60,86,-69,-68,-127,52,64,-24,-96,92,-60,-101,0,-119,-125,12,2,-118,-38,-123,-48,-61,-57,-36,-11,125,-44,125,-119,-59,46,-94,69
817,0,119,30,30,30,30,30,106,106,97,-33,-20,1,-54,-93,-100,-68,-93,-35,1,-111,90,62,109,93,126,-98,126,105,-64,-127,-123,60,86,-69,-68,-127,52,64,-24,-96,92,-60,-101,0,-119,-125,12,2,-118,-38,-123,-48,-61,-57,-36,-11,125,-44,125,-119,-59,46,-94,69
818,0,119,30,30,30,30,30,106,106,97,-33,-20,1,-54,-93,-100,-68,-93,-35,1,-111,90,62,109,93,126,-98,126,105,-64,-127,-123,60,86,-69,-68,-127,52,64,-24,-96,92,-60,-101,0,-119,-125,12,2,-118,-38,-123,-48,-61,-57,-36,-11,125,-44,125,-119,-59,46,-94,69
819,0,24,24,24,24,24,24,24,81,-73,97,-33,-20,1,-54,-93,-100,-68,-93,-35,1,-111,90,62,109,93,126,-98,126,105,-64,-127,-123,59,18,10,4,126,-86,-44,-55,19,-25,-17,39,58,-126,-67,-58,90,127,-18,-96,-109,92,-121,-46,20,-36,-64,-72,23,-77,-70,-80
820,0,24,24,24,24,24,24,24,81,-73,97,-33,-20,1,-54,-93,-100,-68,-93,-35,1,-111,90,62,109,93,126,-98,126,105,-64,-127,-123,59,18,10,4,126,-86,-44,-55,19,-25,-17,39,58,-126,-67,-58,90,127,-18,-96,-109,92,-121,-46,20,-36,-64,-72,23,-77,-70,-80
821,0,24,24,24,24,24,24,24,81,-73,97,-33,-20,1,-54,-93,-100,-68,-93,-35,1,-111,90,62,109,93,126,-98,126,105,-64,-127,-123,59,18,10,4,126,-86,-44,-55,19,-25,-17,39,58,-126,-67,-58,90,127,-18,-96,-109,92,-121,-46,20,-36,-64,-72,23,-77,-70,-80
822,0,55,55,55,35,35,35,35,35,-29,-73,97,-33,-20,1,-54,-93,-100,-68,-93,-35,1,-111,90,62,109,93,126,-98,126,105,-64,-127,-29,106,-21,45,-71,-90,-96,-6,-51,-31,37,95,118,-16,-118,72,-39,27,-69,13,62,6,-7,6,18,-8,43,-51,49,-53,-81,51
823,0,55,55,55,35,35,35,35,35,-29,-73,97,-33,-20,1,-54,-93,-100,-68,-93,-35,1,-111,90,62,109,93,126,-98,126,105,-64,-127,-29,106,-21,45,-71,-90,-96,-6,-51,-31,37,95,118,-16,-118,72,-39,27,-69,13,62,6,-7,6,18,-8,43,-51,49,-53,-81,51
824,0,55,55,55,35,35,35,35,35,-29,-73,97,-33,-20,1,-54,-93,-100,-68,-93,-35,1,-111,90,62,109,93,126,-98,126,105,-64,-127,-29,106,-21,45,-71,-90,-96,-6,-51,-31,37,95,118,-16,-118,72,-39,27,-69,13,62,6,-7,6,18,-8,43,-51,49,-53,-81,51
825,0,-104,-104,-104,-104,18,18,18,18,-12,-29,-73,97,-33,-20,1,-54,-93,-100,-68,-93,-35,1,-111,90,62,109,93,126,-98,126,105,-64,-27,-120,39,-120,-16,80,61,64,63,113,18,-80,81,29,-25,-93,-16,-53,96,38,67,110,-70,80,-95,79,-108,5,-46,44,-105,-83
826,0,-104,-104,-104,-104,18,18,18,18,-12,-29,-73,97,-33,-20,1,-54,-93,-100,-68,-93,-35,1,-111,90,62,109,93,126,-98,126,105,-64,-27,-120,39,-120,-16,80,61,64,63,113,18,-80,81,29,-25,-93,-16,-53,96,38,67,110,-70,80,-95,79,-108,5,-46,44,-105,-83
827,0,-104,-104,-104,-104,18,18,18,18,-12,-29,-73,97,-33,-20,1,-54,-93,-100,-68,-93,-35,1,-111,90,62,109,93,126,-98,126,105,-64,-27,-120,39,-120,-16,80,61,64,63,113,18,-80,81,29,-25,-93,-16,-53,96,38,67,110,-70,80,-95,79,-108,5,-46,44,-105,-83
828,0,125,125,125,125,125,-34,-34,-34,-73,-12,-29,-73,97,-33,-20,1,-54,-93,-100,-68,-93,-35,1,-111,90,62,109,93,126,-98,126,105,-21,-114,-77,79,45,-125,-74,121,72,-40,-23,6,-51,-76,81,113,-123,-45,44,-23,-25,-102,-13,-83,-124,-62,-74,45,6,-10,38,-27
829,0,125,125,125,125,125,-34,-34,-34,-73,-12,-29,-73,97,-33,-20,1,-54,-93,-100,-68,-93,-35,1,-111,90,62,109,93,126,-98,126,105,-21,-114,-77,79,45,-125,-74,121,72,-40,-23,6,-51,-76,81,113,-123,-45,44,-23,-25,-102,-13,-83,-124,-62,-74,45,6,-10,38,-27
830,0,125,125,125,125,125,-34,-34,-34,-73,-12,-29,-73,97,-33,-20,1,-54,-93,-100,-68,-93,-35,1,-111,90,62,109,93,126,-98,126,105,-21,-114,-77,79,45,-125,-74,121,72,-40,-23,6,-51,-76,81,113,-123,-45,44,-23,-25,-102,-13,-83,-124,-62,-74,45,6,-10,38,-27
831,0,68,-95,-95,-95,-95,-95,-42,-42,-82,-73,-12,-29,-73,97,-33,-20,1,-54,-93,-100,-68,-93,-35,1,-111,90,62,109,93,126,-98,126,-10,113,-110,114,96,2,-121,109,-120,48,69,40,81,-103,-37,-38,34,37,-26,112,117,76,97,-70,-117,111,-53,25,-117,-127,23,4
832,0,68,-95,-95,-95,-95,-95,-42,-42,-82,-73,-12,-29,-73,97,-33,-20,1,-54,-93,-100,-68,-93,-35,1,-111,90,62,109,93,126,-98,126,-10,113,-110,114,96,2,-121,109,-120,48,69,40,81,-103,-37,-38,34,37,-26,112,117,76,97,-70,-117,111,-53,25,-117,-127,23,4
833,0,68,-95,-95,-95,-95,-95,-42,-42,-82,-73,-12,-29,-73,97,-33,-20,1,-54,-93,-100,-68,-93,-35,1,-111,90,62,109,93,126,-98,126,-10,113,-110,114,96,2,-121,109,-120,48,69,40,81,-103,-37,-38,34,37,-26,112,117,76,97,-70,-117,111,-53,25,-117,-127,23,4
834,0,-47,-47,-121,-121,-121,-121,-121,72,-119,-82,-73,-12,-29,-73,97,-33,-20,1,-54,-93,-100,-68,-93,-35,1,-111,90,62,109,93,126,-98,-49,-31,23,-73,-31,49,84,-52,33,-17,27,90,123,-79,-70,116,83,-24,-114,76,94,-113,65,-48,64,24,-87,51,-18,-43,-4,-49
835,0,-47,-47,-121,-121,-121,-121,-121,72,-119,-82,-73,-12,-29,-73,97,-33,-20,1,-54,-93,-100,-68,-93,-35,1,-111,90,62,109,93,126,-98,-49,-31,23,-73,-31,49,84,-52,33,-17,27,90,123,-79,-70,116,83,-24,-114,76,94,-113,65,-48,64,24,-87,51,-18,-43,-4,-49
836,0,-47,-47,-121,-121,-121,-121,-121,72,-119,-82,-73,-12,-29,-73,97,-33,-20,1,-54,-93,-100,-68,-93,-35,1,-111,90,62,109,93,126,-98,-49,-31,23,-73,-31,49,84,-52,33,-17,27,90,123,-79,-70,116,83,-24,-114,76,94,-113,65,-48,64,24,-87,51,-18,-43,-4,-49
837,0,21,21,21,56,56,56,56,56,34,-119,-82,-73,-12,-29,-73,97,-33,-20,1,-54,-93,-100,-68,-93,-35,1,-111,90,62,109,93,126,67,-111,-116,-94,-113,83,113,108,-122,-20,120,-46,-51,-13,-124,-95,87,-18,30,110,92,56,-79,-125,-118,-22,71,33,64,-126,-45,-97
838,0,21,21,21,56,56,56,56,56,34,-119,-82,-73,-12,-29,-73,97,-33,-20,1,-54,-93,-100,-68,-93,-35,1,-111,90,62,109,93,126,67,-111,-116,-94,-113,83,113,108,-122,-20,120,-46,-51,-13,-124,-95,87,-18,30,110,92,56,-79,-125,-118,-22,71,33,64,-126,-45,-97
839,0,21,21,21,56,56,56,56,56,34,-119,-82,-73,-12,-29,-73,97,-33,-20,1,-54,-93,-100,-68,-93,-35,1,-111,90,62,109,93,126,67,-111,-116,-94,-113,83,113,108,-122,-20,120,-46,-51,-13,-124,-95,87,-18,30,110,92,56,-79,-125,-118,-22,71,33,64,-126,-45,-97
840,0,60,60,60,60,-123,-123,-123,-123,119,34,-119,-82,-73,-12,-29,-73,97,-33,-20,1,-54,-93,-100,-68,-93,-35,1,-111,90,62,109,93,36,59,0,61,65,-97,-55,40,-11,1,-88,-34,-93,113,-22,-57,68,-21,3,-101,52,31,-109,-26,83,121,94,83,-116,70,-11,-123
841,0,60,60,60,60,-123,-123,-123,-123,119,34,-119,-82,-73,-12,-29,-73,97,-33,-20,1,-54,-93,-100,-68,-93,-35,1,-111,90,62,109,93,36,59,0,61,65,-97,-55,40,-11,1,-88,-34,-93,113,-22,-57,68,-21,3,-101,52,31,-109,-26,83,121,94,83,-116,70,-11,-123
842,0,60,60,60,60,-123,-123,-123,-123,119,34,-119,-82,-73,-12,-29,-73,97,-33,-20,1,-54,-93,-100,-68,-93,-35,1,-111,90,62,109,93,36,59,0,61,65,-97,-55,40,-11,1,-88,-34,-93,113,-22,-57,68,-21,3,-101,52,31,-109,-26,83,121,94,83,-116,70,-11,-123
843,0,-66,-66,-66,-66,-66,-111,-111,-111,24,119,34,-119,-82,-73,-12,-29,-73,97,-33,-20,1,-54,-93,-100,-68,-93,-35,1,-111,90,62,109,23,94,108,120,-98,33,-118,89,-107,107,26,85,33,113,48,7,114,-25,68,110,111,58,-126,-92,-69,-24,-43,-42,39,-32,-72,-94
844,0,-66,-66,-66,-66,-66,-111,-111,-111,24,119,34,-119,-82,-73,-12,-29,-73,97,-33,-20,1,-54,-93,-100,-68,-93,-35,1,-111,90,62,109,23,94,108,120,-98,33,-118,89,-107,107,26,85,33,113,48,7,114,-25,68,110,111,58,-126,-92,-69,-24,-43,-42,39,-32,-72,-94
845,0,-66,-66,-66,-66,-66,-111,-111,-111,24,119,34,-119,-82,-73,-12,-29,-73,97,-33,-20,1,-54,-93,-100,-68,-93,-35,1,-111,90,62,109,23,94,108,120,-98,33,-118,89,-107,107,26,85,33,113,48,7,114,-25,68,110,111,58,-126,-92,-69,-24,-43,-42,39,-32,-72,-94
846,0,-73,95,95,95,95,95,-96,-96,55,24,119,34,-119,-82,-73,-12,-29,-73,97,-33,-20,1,-54,-93,-100,-68,-93,-35,1,-111,90,62,-100,-46,100,-29,5,57,25,-35,105,-26,-9,-61,-120,-58,-56,72,38,-77,-124,-13,-46,-105,-112,-124,-90,119,113,34,75,-67,-87,-67
847,0,-73,95,95,95,95,95,-96,-96,55,24,119,34,-119,-82,-73,-12,-29,-73,97,-33,-20,1,-54,-93,-100,-68,-93,-35,1,-111,90,62,-100,-46,100,-29,5,57,25,-35,105,-26,-9,-61,-120,-58,-56,72,38,-77,-124,-13,-46,-105,-112,-124,-90,119,113,34,75,-67,-87,-67
848,0,-73,95,95,95,95,95,-96,-96,55,24,119,34,-119,-82,-73,-12,-29,-73,97,-33,-20,1,-54,-93,-100,-68,-93,-35,1,-111,90,62,-100,-46,100,-29,5,57,25,-35,105,-26,-9,-61,-120,-58,-56,72,38,-77,-124,-13,-46,-105,-112,-124,-90,119,113,34,75,-67,-87,-67
849,0,-99,-99,-23,-23,-23,-23,-23,55,-104,55,24,119,34,-119,-82,-73,-12,-29,-73,97,-33,-20,1,-54,-93,-100,-68,-93,-35,1,-111,90,-19,-49,16,-120,-121,56,-89,13,-23,26,-83,-52,7,64,-43,-81,-17,24,101,53,-109,67,40,-102,-105,22,119,38,-124,39,123,123
850,0,-99,-99,-23,-23,-23,-23,-23,55,-104,55,24,119,34,-119,-82,-73,-12,-29,-73,97,-33,-20,1,-54,-93,-100,-68,-93,-35,1,-111,90,-19,-49,16,-120,-121,56,-89,13,-23,26,-83,-52,7,64,-43,-81,-17,24,101,53,-109,67,40,-102,-105,22,119,38,-124,39,123,123
851,0,-99,-99,-23,-23,-23,-23,-23,55,-104,55,24,119,34,-119,-82,-73,-12,-29,-73,97,-33,-20,1,-54,-93,-100,-68,-93,-35,1,-111,90,-19,-49,16,-120,-121,56,-89,13,-23,26,-83,-52,7,64,-43,-81,-17,24,101,53,-109,67,40,-102,-105,22,119,38,-124,39,123,123
852,0,-113,-113,-113,-73,-73,-73,-73,-73,125,-104,55,24,119,34,-119,-82,-73,-12,-29,-73,97,-33,-20,1,-54,-93,-100,-68,-93,-35,1,-111,-31,24,87,-33,-32,-91,-46,8,-114,41,-73,-14,-68,-101,107,-37,-107,58,32,-119,29,70,-99,-48,-81,36,-20,-87,99,29,-74,-93
853,0,-113,-113,-113,-73,-73,-73,-73,-73,125,-104,55,24,119,34,-119,-82,-73,-12,-29,-73,97,-33,-20,1,-54,-93,-100,-68,-93,-35,1,-111,-31,24,87,-33,-32,-91,-46,8,-114,41,-73,-14,-68,-101,107,-37,-107,58,32,-119,29,70,-99,-48,-81,36,-20,-87,99,29,-74,-93
854,0,-113,-113,-113,-73,-73,-73,-73,-73,125,-104,55,24,119,34,-119,-82,-73,-12,-29,-73,97,-33,-20,1,-54,-93,-100,-68,-93,-35,1,-111,-31,24,87,-33,-32,-91,-46,8,-114,41,-73,-14,-68,-101,107,-37,-107,58,32,-119,29,70,-99,-48,-81,36,-20,-87,99,29,-74,-93
855,0,-73,-73,-73,-73,22,22,22,22,68,125,-104,55,24,119,34,-119,-82,-73,-12,-29,-73,97,-33,-20,1,-54,-93,-100,-68,-93,-35,1,-111,-96,-122,33,-44,108,3,103,61,18,35,13,-102,-87,-108,-10,18,11,79,-100,-38,-81,-97,-20,-70,88,52,-124,108,-97,7,-86
856,0,-73,-73,-73,-73,22,22,22,22,68,125,-104,55,24,119,34,-119,-82,-73,-12,-29,-73,97,-33,-20,1,-54,-93,-100,-68,-93,-35,1,-111,-96,-122,33,-44,108,3,103,61,18,35,13,-102,-87,-108,-10,18,11,79,-100,-38,-81,-97,-20,-70,88,52,-124,108,-97,7,-86
857,0,-73,-73,-73,-73,22,22,22,22,68,125,-104,55,24,119,34,-119,-82,-73,-12,-29,-73,97,-33,-20,1,-54,-93,-100,-68,-93,-35,1,-111,-96,-122,33,-44,108,3,103,61,18,35,13,-102,-87,-108,-10,18,11,79,-100,-38,-81,-97,-20,-70,88,52,-124,108,-97,7,-86
858,0,96,96,96,96,96,31,31,31,-47,68,125,-104,55,24,119,34,-119,-82,-73,-12,-29,-73,97,-33,-20,1,-54,-93,-100,-68,-93,-35,13,-84,-106,125,83,67,-24,-116,104,-105,70,95,55,103,18,-36,27,-25,25,50,-55,45,-92,59,-58,69,-66,17,106,61,-34,-13
859,0,96,96,96,96,96,31,31,31,-47,68,125,-104,55,24,119,34,-119,-82,-73,-12,-29,-73,97,-33,-20,1,-54,-93,-100,-68,-93,-35,13,-84,-106,125,83,67,-24,-116,104,-105,70,95,55,103,18,-36,27,-25,25,50,-55,45,-92,59,-58,69,-66,17,106,61,-34,-13
860,0,96,96,96,96,96,31,31,31,-47,68,125,-104,55,24,119,34,-119,-82,-73,-12,-29,-73,97,-33,-20,1,-54,-93,-100,-68,-93,-35,13,-84,-106,125,83,67,-24,-116,104,-105,70,95,55,103,18,-36,27,-25,25,50,-55,45,-92,59,-58,69,-66,17,106,61,-34,-13
861,0,111,88,88,88,88,88,-83,-83,21,-47,68,125,-104,55,24,119,34,-119,-82,-73,-12,-29,-73,97,-33,-20,1,-54,-93,-100,-68,-93,-62,53,59,108,-78,43,45,-56,-122,-108,-88,119,-77,-81,114,14,85,-9,20,0,54,9,87,-26,-59,-9,55,49,-80,-33,112,-66
862,0,111,88,88,88,88,88,-83,-83,21,-47,68,125,-104,55,24,119,34,-119,-82,-73,-12,-29,-73,97,-33,-20,1,-54,-93,-100,-68,-93,-62,53,59,108,-78,43,45,-56,-122,-108,-88,119,-77,-81,114,14,85,-9,20,0,54,9,87,-26,-59,-9,55,49,-80,-33,112,-66
863,0,111,88,88,88,88,88,-83,-83,21,-47,68,125,-104,55,24,119,34,-119,-82,-73,-12,-29,-73,97,-33,-20,1,-54,-93,-100,-68,-93,-62,53,59,108,-78,43,45,-56,-122,-108,-88,119,-77,-81,114,14,85,-9,20,0,54,9,87,-26,-59,-9,55,49,-80,-33,112,-66
864,0,23,23,-73,-73,-73,-73,-73,-40,60,21,-47,68,125,-104,55,24,119,34,-119,-82,-73,-12,-29,-73,97,-33,-20,1,-54,-93,-100,-68,39,-113,113,123,56,-30,61,2,10,-106,107,-31,64,-120,-7,-64,80,0,25,46,-63,117,38,-110,-95,47,-91,41,-36,-55,56,2
865,0,23,23,-73,-73,-73,-73,-73,-40,60,21,-47,68,125,-104,55,24,119,34,-119,-82,-73,-12,-29,-73,97,-33,-20,1,-54,-93,-100,-68,39,-113,113,123,56,-30,61,2,10,-106,107,-31,64,-120,-7,-64,80,0,25,46,-63,117,38,-110,-95,47,-91,41,-36,-55,56,2
866,0,23,23,-73,-73,-73,-73,-73,-40,60,21,-47,68,125,-104,55,24,119,34,-119,-82,-73,-12,-29,-73,97,-33,-20,1,-54,-93,-100,-68,39,-113,113,123,56,-30,61,2,10,-106,107,-31,64,-120,-7,-64,80,0,25,46,-63,117,38,-110,-95,47,-91,41,-36,-55,56,2
867,0,-69,-69,-69,-18,-18,-18,-18,-18,-66,60,21,-47,68,125,-104,55,24,119,34,-119,-82,-73,-12,-29,-73,97,-33,-20,1,-54,-93,-100,2,-85,-52,-87,69,89,-117,-83,76,89,-22,69,-116,-104,-123,-122,-99,-59,-41,-36,-24,68,42,-15,-29,-14,-49,-46,-68,-122,107,-40
868,0,-69,-69,-69,-18,-18,-18,-18,-18,-66,60,21,-47,68,125,-104,55,24,119,34,-119,-82,-73,-12,-29,-73,97,-33,-20,1,-54,-93,-100,2,-85,-52,-87,69,89,-117,-83,76,89,-22,69,-116,-104,-123,-122,-99,-59,-41,-36,-24,68,42,-15,-29,-14,-49,-46,-68,-122,107,-40
869,0,-69,-69,-69,-18,-18,-18,-18,-18,-66,60,21,-47,68,125,-104,55,24,119,34,-119,-82,-73,-12,-29,-73,97,-33,-20,1,-54,-93,-100,2,-85,-52,-87,69,89,-117,-83,76,89,-22,69,-116,-104,-123,-122,-99,-59,-41,-36,-24,68,42,-15,-29,-14,-49,-46,-68,-122,107,-40
870,0,-90,-90,-90,-90,21,21,21,21,-73,-66,60,21,-47,68,125,-104,55,24,119,34,-119,-82,-73,-12,-29,-73,97,-33,-20,1,-54,-93,-47,43,-96,-108,116,-66,2,-74,38,74,-116,87,-22,-79,15,-93,-72,-87,-27,123,11,92,-115,-66,-2,110,1,-63,64,-119,-92,103
871,0,-90,-90,-90,-90,21,21,21,21,-73,-66,60,21,-47,68,125,-104,55,24,119,34,-119,-82,-73,-12,-29,-73,97,-33,-20,1,-54,-93,-47,43,-96,-108,116,-66,2,-74,38,74,-116,87,-22,-79,15,-93,-72,-87,-27,123,11,92,-115,-66,-2,110,1,-63,64,-119,-92,103
872,0,-90,-90,-90,-90,21,21,21,21,-73,-66,60,21,-47,68,125,-104,55,24,119,34,-119,-82,-73,-12,-29,-73,97,-33,-20,1,-54,-93,-47,43,-96,-108,116,-66,2,-74,38,74,-116,87,-22,-79,15,-93,-72,-87,-27,123,11,92,-115,-66,-2,110,1,-63,64,-119,-92,103
873,0,105,105,105,105,105,-95,-95,-95,-99,-73,-66,60,21,-47,68,125,-104,55,24,119,34,-119,-82,-73,-12,-29,-73,97,-33,-20,1,-54,20,19,-11,-127,64,-22,-43,-30,30,-127,-25,99,-118,-102,-112,24,-100,-108,-124,-94,12,-95,26,8,-9,-60,-65,70,10,6,65,72
874,0,105,105,105,105,105,-95,-95,-95,-99,-73,-66,60,21,-47,68,125,-104,55,24,119,34,-119,-82,-73,-12,-29,-73,97,-33,-20,1,-54,20,19,-11,-127,64,-22,-43,-30,30,-127,-25,99,-118,-102,-112,24,-100,-108,-124,-94,12,-95,26,8,-9,-60,-65,70,10,6,65,72
875,0,105,105,105,105,105,-95,-95,-95,-99,-73,-66,60,21,-47,68,125,-104,55,24,119,34,-119,-82,-73,-12,-29,-73,97,-33,-20,1,-54,20,19,-11,-127,64,-22,-43,-30,30,-127,-25,99,-118,-102,-112,24,-100,-108,-124,-94,12,-95,26,8,-9,-60,-65,70,10,6,65,72
876,0,-98,-64,-64,-64,-64,-64,-4,-4,-113,-99,-73,-66,60,21,-47,68,125,-104,55,24,119,34,-119,-82,-73,-12,-29,-73,97,-33,-20,1,33,66,39,-68,-103,23,-90,84,-37,-54,-47,73,-76,-4,79,-79,67,112,19,-115,113,74,34,90,-75,-34,-30,108,-47,38,-43,-60
877,0,-98,-64,-64,-64,-64,-64,-4,-4,-113,-99,-73,-66,60,21,-47,68,125,-104,55,24,119,34,-119,-82,-73,-12,-29,-73,97,-33,-20,1,33,66,39,-68,-103,23,-90,84,-37,-54,-47,73,-76,-4,79,-79,67,112,19,-115,113,74,34,90,-75,-34,-30,108,-47,38,-43,-60
878,0,-98,-64,-64,-64,-64,-64,-4,-4,-113,-99,-73,-66,60,21,-47,68,125,-104,55,24,119,34,-119,-82,-73,-12,-29,-73,97,-33,-20,1,33,66,39,-68,-103,23,-90,84,-37,-54,-47,73,-76,-4,79,-79,67,112,19,-115,113,74,34,90,-75,-34,-30,108,-47,38,-43,-60
879,0,56,56,60,60,60,60,60,-90,-73,-113,-99,-73,-66,60,21,-47,68,125,-104,55,24,119,34,-119,-82,-73,-12,-29,-73,97,-33,-20,108,-48,117,75,6,-41,-53,-34,20,-31,63,-6,-20,-29,95,56,-47,-69,31,-62,30,11,-42,-78,104,-3,-101,80,75,8,-21,-48
880,0,56,56,60,60,60,60,60,-90,-73,-113,-99,-73,-66,60,21,-47,68,125,-104,55,24,119,34,-119,-82,-73,-12,-29,-73,97,-33,-20,108,-48,117,75,6,-41,-53,-34,20,-31,63,-6,-20,-29,95,56,-47,-69,31,-62,30,11,-42,-78,104,-3,-101,80,75,8,-21,-48
881,0,56,56,60,60,60,60,60,-90,-73,-113,-99,-73,-66,60,21,-47,68,125,-104,55,24,119,34,-119,-82,-73,-12,-29,-73,97,-33,-20,108,-48,117,75,6,-41,-53,-34,20,-31,63,-6,-20,-29,95,56,-47,-69,31,-62,30,11,-42,-78,104,-3,-101,80,75,8,-21,-48
882,0,22,22,22,-124,-124,-124,-124,-124,96,-73,-113,-99,-73,-66,60,21,-47,68,125,-104,55,24,119,34,-119,-82,-73,-12,-29,-73,97,-33,-32,4,-35,68,-75,109,-99,32,-90,114,10,-41,127,93,17,-32,-44,-77,-88,-113,12,-46,54,-119,68,-81,74,-6,-92,3,1,-72
883,0,22,22,22,-124,-124,-124,-124,-124,96,-73,-113,-99,-73,-66,60,21,-47,68,125,-104,55,24,119,34,-119,-82,-73,-12,-29,-73,97,-33,-32,4,-35,68,-75,109,-99,32,-90,114,10,-41,127,93,17,-32,-44,-77,-88,-113,12,-46,54,-119,68,-81,74,-6,-92,3,1,-72
884,0,22,22,22,-124,-124,-124,-124,-124,96,-73,-113,-99,-73,-66,60,21,-47,68,125,-104,55,24,119,34,-119,-82,-73,-12,-29,-73,97,-33,-32,4,-35,68,-75,109,-99,32,-90,114,10,-41,127,93,17,-32,-44,-77,-88,-113,12,-46,54,-119,68,-81,74,-6,-92,3,1,-72
885,0,-26,-26,-26,-26,-44,-44,-44,-44,111,96,-73,-113,-99,-73,-66,60,21,-47,68,125,-104,55,24,119,34,-119,-82,-73,-12,-29,-73,97,81,-40,-95,-24,71,46,113,14,-24,-79,70,100,102,-108,117,-99,40,99,40,88,86,-98,-7,-45,-101,-13,-5,-13,-19,-86,-69,-51
886,0,-26,-26,-26,-26,-44,-44,-44,-44,111,96,-73,-113,-99,-73,-66,60,21,-47,68,125,-104,55,24,119,34,-119,-82,-73,-12,-29,-73,97,81,-40,-95,-24,71,46,113,14,-24,-79,70,100,102,-108,117,-99,40,99,40,88,86,-98,-7,-45,-101,-13,-5,-13,-19,-86,-69,-51
887,0,-26,-26,-26,-26,-44,-44,-44,-44,111,96,-73,-113,-99,-73,-66,60,21,-47,68,125,-104,55,24,119,34,-119,-82,-73,-12,-29,-73,97,81,-40,-95,-24,71,46,113,14,-24,-79,70,100,102,-108,117,-99,40,99,40,88,86,-98,-7,-45,-101,-13,-5,-13,-19,-86,-69,-51
888,0,-36,-36,-36,-36,-36,22,22,22,23,111,96,-73,-113,-99,-73,-66,60,21,-47,68,125,-104,55,24,119,34,-119,-82,-73,-12,-29,-73,-38,48,122,25,42,118,8,72,127,-90,-55,-6,127,-87,-56,-29,14,-17,-67,90,15,-75,-72,-123,44,43,58,-50,-104,51,49,-8
889,0,-36,-36,-36,-36,-36,22,22,22,23,111,96,-73,-113,-99,-73,-66,60,21,-47,68,125,-104,55,24,119,34,-119,-82,-73,-12,-29,-73,-38,48,122,25,42,118,8,72,127,-90,-55,-6,127,-87,-56,-29,14,-17,-67,90,15,-75,-72,-123,44,43,58,-50,-104,51,49,-8
890,0,-36,-36,-36,-36,-36,22,22,22,23,111,96,-73,-113,-99,-73,-66,60,21,-47,68,125,-104,55,24,119,34,-119,-82,-73,-12,-29,-73,-38,48,122,25,42,118,8,72,127,-90,-55,-6,127,-87,-56,-29,14,-17,-67,90,15,-75,-72,-123,44,43,58,-50,-104,51,49,-8
891,0,-10,31,31,31,31,31,-93,-93,-69,23,111,96,-73,-113,-99,-73,-66,60,21,-47,68,125,-104,55,24,119,34,-119,-82,-73,-12,-29,-2,-56,-124,101,-27,100,32,-95,108,83,-82,5,-82,106,-16,116,-91,79,-3,87,-117,-93,124,125,74,-41,78,-122,-79,-105,-32,18
892,0,-10,31,31,31,31,31,-93,-93,-69,23,111,96,-73,-113,-99,-73,-66,60,21,-47,68,125,-104,55,24,119,34,-119,-82,-73,-12,-29,-2,-56,-124,101,-27,100,32,-95,108,83,-82,5,-82,106,-16,116,-91,79,-3,87,-117,-93,124,125,74,-41,78,-122,-79,-105,-32,18
893,0,-10,31,31,31,31,31,-93,-93,-69,23,111,96,-73,-113,-99,-73,-66,60,21,-47,68,125,-104,55,24,119,34,-119,-82,-73,-12,-29,-2,-56,-124,101,-27,100,32,-95,108,83,-82,5,-82,106,-16,116,-91,79,-3,87,-117,-93,124,125,74,-41,78,-122,-79,-105,-32,18
894,0,-37,-37,-36,-36,-36,-36,-36,34,-90,-69,23,111,96,-73,-113,-99,-73,-66,60,21,-47,68,125,-104,55,24,119,34,-119,-82,-73,-12,112,26,-103,-91,7,121,53,-107,-61,-110,-88,85,-99,-126,104,-115,56,-82,96,4,-92,82,73,-92,49,17,-61,36,-75,88,-43,62
895,0,-37,-37,-36,-36,-36,-36,-36,34,-90,-69,23,111,96,-73,-113,-99,-73,-66,60,21,-47,68,125,-104,55,24,119,34,-119,-82,-73,-12,112,26,-103,-91,7,121,53,-107,-61,-110,-88,85,-99,-126,104,-115,56,-82,96,4,-92,82,73,-92,49,17,-61,36,-75,88,-43,62
896,0,-37,-37,-36,-36,-36,-36,-36,34,-90,-69,23,111,96,-73,-113,-99,-73,-66,60,21,-47,68,125,-104,55,24,119,34,-119,-82,-73,-12,112,26,-103,-91,7,121,53,-107,-61,-110,-88,85,-99,-126,104,-115,56,-82,96,4,-92,82,73,-92,49,17,-61,36,-75,88,-43,62
897,0,-24,-24,-24,69,69,69,69,69,105,-90,-69,23,111,96,-73,-113,-99,-73,-66,60,21,-47,68,125,-104,55,24,119,34,-119,-82,-73,65,96,68,87,-21,-46,29,59,-121,-106,-93,126,-98,-110,29,71,-31,97,-57,42,110,0,-71,-34,-88,35,-12,19,-47,4,-85,-2
898,0,-24,-24,-24,69,69,69,69,69,105,-90,-69,23,111,96,-73,-113,-99,-73,-66,60,21,-47,68,125,-104,55,24,119,34,-119,-82,-73,65,96,68,87,-21,-46,29,59,-121,-106,-93,126,-98,-110,29,71,-31,97,-57,42,110,0,-71,-34,-88,35,-12,19,-47,4,-85,-2
899,0,-24,-24,-24,69,69,69,69,69,105,-90,-69,23,111,96,-73,-113,-99,-73,-66,60,21,-47,68,125,-104,55,24,119,34,-119,-82,-73,65,96,68,87,-21,-46,29,59,-121,-106,-93,126,-98,-110,29,71,-31,97,-57,42,110,0,-71,-34,-88,35,-12,19,-47,4,-85,-2
900,0,66,66,66,66,-53,-53,-53,-53,-98,105,-90,-69,23,111,96,-73,-113,-99,-73,-66,60,21,-47,68,125,-104,55,24,119,34,-119,-82,83,19,-127,80,82,33,-66,33,127,83,-30,-19,55,81,-46,-72,47,94,-55,74,12,-38,98,-54,-75,98,-91,-100,-85,30,58,75
901,0,66,66,66,66,-53,-53,-53,-53,-98,105,-90,-69,23,111,96,-73,-113,-99,-73,-66,60,21,-47,68,125,-104,55,24,119,34,-119,-82,83,19,-127,80,82,33,-66,33,127,83,-30,-19,55,81,-46,-72,47,94,-55,74,12,-38,98,-54,-75,98,-91,-100,-85,30,58,75
902,0,66,66,66,66,-53,-53,-53,-53,-98,105,-90,-69,23,111,96,-73,-113,-99,-73,-66,60,21,-47,68,125,-104,55,24,119,34,-119,-82,83,19,-127,80,82,33,-66,33,127,83,-30,-19,55,81,-46,-72,47,94,-55,74,12,-38,98,-54,-75,98,-91,-100,-85,30,58,75
903,0,72,72,72,72,72,-68,-68,-68,56,-98,105,-90,-69,23,111,96,-73,-113,-99,-73,-66,60,21,-47,68,125,-104,55,24,119,34,-119,-59,8,91,-9,5,-117,71,-110,-90,-74,5,-124,2,11,112,113,31,0,9,-30,-78,-6,-8,69,12,-119,-59,122,-12,92,101,59
904,0,72,72,72,72,72,-68,-68,-68,56,-98,105,-90,-69,23,111,96,-73,-113,-99,-73,-66,60,21,-47,68,125,-104,55,24,119,34,-119,-59,8,91,-9,5,-117,71,-110,-90,-74,5,-124,2,11,112,113,31,0,9,-30,-78,-6,-8,69,12,-119,-59,122,-12,92,101,59
905,0,72,72,72,72,72,-68,-68,-68,56,-98,105,-90,-69,23,111,96,-73,-113,-99,-73,-66,60,21,-47,68,125,-104,55,24,119,34,-119,-59,8,91,-9,5,-117,71,-110,-90,-74,5,-124,2,11,112,113,31,0,9,-30,-78,-6,-8,69,12,-119,-59,122,-12,92,101,59
906,0,71,89,89,89,89,89,80,80,22,56,-98,105,-90,-69,23,111,96,-73,-113,-99,-73,-66,60,21,-47,68,125,-104,55,24,119,34,-75,-121,27,14,23,-123,-19,-119,-41,-123,-47,43,106,7,84,-125,-48,-3,86,-35,36,40,-69,21,-24,-112,-24,39,-106,39,47,-93
907,0,71,89,89,89,89,89,80,80,22,56,-98,105,-90,-69,23,111,96,-73,-113,-99,-73,-66,60,21,-47,68,125,-104,55,24,119,34,-75,-121,27,14,23,-123,-19,-119,-41,-123,-47,43,106,7,84,-125,-48,-3,86,-35,36,40,-69,21,-24,-112,-24,39,-106,39,47,-93
908,0,71,89,89,89,89,89,80,80,22,56,-98,105,-90,-69,23,111,96,-73,-113,-99,-73,-66,60,21,-47,68,125,-104,55,24,119,34,-75,-121,27,14,23,-123,-19,-119,-41,-123,-47,43,106,7,84,-125,-48,-3,86,-35,36,40,-69,21,-24,-112,-24,39,-106,39,47,-93
909,0,44,44,44,44,44,44,44,-54,-26,22,56,-98,105,-90,-69,23,111,96,-73,-113,-99,-73,-66,60,21,-47,68,125,-104,55,24,119,20,-91,-28,-94,13,66,-49,-64,-83,57,-82,-2,-2,-27,60,69,58,106,-2,-47,-47,23,-11,-114,122,-8,16,-85,114,-10,96,113
910,0,44,44,44,44,44,44,44,-54,-26,22,56,-98,105,-90,-69,23,111,96,-73,-113,-99,-73,-66,60,21,-47,68,125,-104,55,24,119,20,-91,-28,-94,13,66,-49,-64,-83,57,-82,-2,-2,-27,60,69,58,106,-2,-47,-47,23,-11,-114,122,-8,16,-85,114,-10,96,113
911,0,44,44,44,44,44,44,44,-54,-26,22,56,-98,105,-90,-69,23,111,96,-73,-113,-99,-73,-66,60,21,-47,68,125,-104,55,24,119,20,-91,-28,-94,13,66,-49,-64,-83,57,-82,-2,-2,-27,60,69,58,106,-2,-47,-47,23,-11,-114,122,-8,16,-85,114,-10,96,113
912,0,65,65,65,116,116,116,116,116,-36,-26,22,56,-98,105,-90,-69,23,111,96,-73,-113,-99,-73,-66,60,21,-47,68,125,-104,55,24,-103,-27,49,103,-121,-14,-24,-124,114,-62,-7,19,-68,66,-43,-11,103,-25,-62,118,-75,92,44,41,74,-105,-65,72,-78,108,18,-67
913,0,65,65,65,116,116,116,116,116,-36,-26,22,56,-98,105,-90,-69,23,111,96,-73,-113,-99,-73,-66,60,21,-47,68,125,-104,55,24,-103,-27,49,103,-121,-14,-24,-124,114,-62,-7,19,-68,66,-43,-11,103,-25,-62,118,-75,92,44,41,74,-105,-65,72,-78,108,18,-67
914,0,65,65,65,116,116,116,116,116,-36,-26,22,56,-98,105,-90,-69,23,111,96,-73,-113,-99,-73,-66,60,21,-47,68,125,-104,55,24,-103,-27,49,103,-121,-14,-24,-124,114,-62,-7,19,-68,66,-43,-11,103,-25,-62,118,-75,92,44,41,74,-105,-65,72,-78,108,18,-67
915,0,-28,-28,-28,-28,-114,-114,-114,-114,-10,-36,-26,22,56,-98,105,-90,-69,23,111,96,-73,-113,-99,-73,-66,60,21,-47,68,125,-104,55,90,51,38,-1,39,-36,66,-15,-51,5,-57,71,-123,127,-70,23,6,-50,-89,23,22,-81,96,106,-28,-92,14,-72,118,28,66,16
916,0,-28,-28,-28,-28,-114,-114,-114,-114,-10,-36,-26,22,56,-98,105,-90,-69,23,111,96,-73,-113,-99,-73,-66,60,21,-47,68,125,-104,55,90,51,38,-1,39,-36,66,-15,-51,5,-57,71,-123,127,-70,23,6,-50,-89,23,22,-81,96,106,-28,-92,14,-72,118,28,66,16
917,0,-28,-28,-28,-28,-114,-114,-114,-114,-10,-36,-26,22,56,-98,105,-90,-69,23,111,96,-73,-113,-99,-73,-66,60,21,-47,68,125,-104,55,90,51,38,-1,39,-36,66,-15,-51,5,-57,71,-123,127,-70,23,6,-50,-89,23,22,-81,96,106,-28,-92,14,-72,118,28,66,16
918,0,-75,-75,-75,-75,-75,-85,-85,-85,-37,-10,-36,-26,22,56,-98,105,-90,-69,23,111,96,-73,-113,-99,-73,-66,60,21,-47,68,125,-104,116,-102,5,-53,52,119,-66,-20,-104,-44,52,-39,28,-10,-29,9,-13,-99,-8,-45,-38,68,-33,124,-93,55,4,41,34,51,28,-87
919,0,-75,-75,-75,-75,-75,-85,-85,-85,-37,-10,-36,-26,22,56,-98,105,-90,-69,23,111,96,-73,-113,-99,-73,-66,60,21,-47,68,125,-104,116,-102,5,-53,52,119,-66,-20,-104,-44,52,-39,28,-10,-29,9,-13,-99,-8,-45,-38,68,-33,124,-93,55,4,41,34,51,28,-87
920,0,-75,-75,-75,-75,-75,-85,-85,-85,-37,-10,-36,-26,22,56,-98,105,-90,-69,23,111,96,-73,-113,-99,-73,-66,60,21,-47,68,125,-104,116,-102,5,-53,52,119,-66,-20,-104,-44,52,-39,28,-10,-29,9,-13,-99,-8,-45,-38,68,-33,124,-93,55,4,41,34,51,28,-87
921,0,119,33,33,33,33,33,-44,-44,-24,-37,-10,-36,-26,22,56,-98,105,-90,-69,23,111,96,-73,-113,-99,-73,-66,60,21,-47,68,125,-72,13,111,-27,22,37,86,73,15,87,-6,-49,-92,62,27,83,-123,-43,-114,-103,112,-51,3,127,86,-22,29,-17,54,-107,-113,10
922,0,119,33,33,33,33,33,-44,-44,-24,-37,-10,-36,-26,22,56,-98,105,-90,-69,23,111,96,-73,-113,-99,-73,-66,60,21,-47,68,125,-72,13,111,-27,22,37,86,73,15,87,-6,-49,-92,62,27,83,-123,-43,-114,-103,112,-51,3,127,86,-22,29,-17,54,-107,-113,10
923,0,119,33,33,33,33,33,-44,-44,-24,-37,-10,-36,-26,22,56,-98,105,-90,-69,23,111,96,-73,-113,-99,-73,-66,60,21,-47,68,125,-72,13,111,-27,22,37,86,73,15,87,-6,-49,-92,62,27,83,-123,-43,-114,-103,112,-51,3,127,86,-22,29,-17,54,-107,-113,10
924,0,102,102,-3,-3,-3,-3,-3,83,66,-24,-37,-10,-36,-26,22,56,-98,105,-90,-69,23,111,96,-73,-113,-99,-73,-66,60,21,-47,68,-36,0,-33,59,79,75,-67,-47,-83,-121,19,87,-6,71,-71,-42,73,108,115,-5,70,-53,17,2,-52,-86,90,105,-109,91,104,21
925,0,102,102,-3,-3,-3,-3,-3,83,66,-24,-37,-10,-36,-26,22,56,-98,105,-90,-69,23,111,96,-73,-113,-99,-73,-66,60,21,-47,68,-36,0,-33,59,79,75,-67,-47,-83,-121,19,87,-6,71,-71,-42,73,108,115,-5,70,-53,17,2,-52,-86,90,105,-109,91,104,21
926,0,102,102,-3,-3,-3,-3,-3,83,66,-24,-37,-10,-36,-26,22,56,-98,105,-90,-69,23,111,96,-73,-113,-99,-73,-66,60,21,-47,68,-36,0,-33,59,79,75,-67,-47,-83,-121,19,87,-6,71,-71,-42,73,108,115,-5,70,-53,17,2,-52,-86,90,105,-109,91,104,21
927,0,43,43,43,99,99,99,99,99,72,66,-24,-37,-10,-36,-26,22,56,-98,105,-90,-69,23,111,96,-73,-113,-99,-73,-66,60,21,-47,-23,-54,11,56,39,58,20,42,71,86,-21,-26,116,-62,6,-75,42,70,31,66,93,123,-123,-89,54,113,-121,37,49,-113,-96,21
928,0,43,43,43,99,99,99,99,99,72,66,-24,-37,-10,-36,-26,22,56,-98,105,-90,-69,23,111,96,-73,-113,-99,-73,-66,60,21,-47,-23,-54,11,56,39,58,20,42,71,86,-21,-26,116,-62,6,-75,42,70,31,66,93,123,-123,-89,54,113,-121,37,49,-113,-96,21
929,0,43,43,43,99,99,99,99,99,72,66,-24,-37,-10,-36,-26,22,56,-98,105,-90,-69,23,111,96,-73,-113,-99,-73,-66,60,21,-47,-23,-54,11,56,39,58,20,42,71,86,-21,-26,116,-62,6,-75,42,70,31,66,93,123,-123,-89,54,113,-121,37,49,-113,-96,21
930,0,-55,-55,-55,-55,-58,-58,-58,-58,71,72,66,-24,-37,-10,-36,-26,22,56,-98,105,-90,-69,23,111,96,-73,-113,-99,-73,-66,60,21,-97,-72,39,33,40,-3,-58,-93,80,50,73,-82,-51,16,-77,-34,-90,-109,-125,28,-71,-113,-32,-30,66,-17,-90,45,41,71,-114,-118
931,0,-55,-55,-55,-55,-58,-58,-58,-58,71,72,66,-24,-37,-10,-36,-26,22,56,-98,105,-90,-69,23,111,96,-73,-113,-99,-73,-66,60,21,-97,-72,39,33,40,-3,-58,-93,80,50,73,-82,-51,16,-77,-34,-90,-109,-125,28,-71,-113,-32,-30,66,-17,-90,45,41,71,-114,-118
932,0,-55,-55,-55,-55,-58,-58,-58,-58,71,72,66,-24,-37,-10,-36,-26,22,56,-98,105,-90,-69,23,111,96,-73,-113,-99,-73,-66,60,21,-97,-72,39,33,40,-3,-58,-93,80,50,73,-82,-51,16,-77,-34,-90,-109,-125,28,-71,-113,-32,-30,66,-17,-90,45,41,71,-114,-118
933,0,-20,-20,-20,-20,-20,-36,-36,-36,44,71,72,66,-24,-37,-10,-36,-26,22,56,-98,105,-90,-69,23,111,96,-73,-113,-99,-73,-66,60,100,74,32,4,-40,-116,-124,126,105,-70,-81,-16,-105,-104,-121,-14,103,-35,-94,84,72,16,61,12,44,125,123,86,-7,70,-60,-46
934,0,-20,-20,-20,-20,-20,-36,-36,-36,44,71,72,66,-24,-37,-10,-36,-26,22,56,-98,105,-90,-69,23,111,96,-73,-113,-99,-73,-66,60,100,74,32,4,-40,-116,-124,126,105,-70,-81,-16,-105,-104,-121,-14,103,-35,-94,84,72,16,61,12,44,125,123,86,-7,70,-60,-46
935,0,-20,-20,-20,-20,-20,-36,-36,-36,44,71,72,66,-24,-37,-10,-36,-26,22,56,-98,105,-90,-69,23,111,96,-73,-113,-99,-73,-66,60,100,74,32,4,-40,-116,-124,126,105,-70,-81,-16,-105,-104,-121,-14,103,-35,-94,84,72,16,61,12,44,125,123,86,-7,70,-60,-46
936,0,5,67,67,67,67,67,-120,-120,65,44,71,72,66,-24,-37,-10,-36,-26,22,56,-98,105,-90,-69,23,111,96,-73,-113,-99,-73,-66,-60,-7,-120,0,112,-77,-110,0,30,-96,-25,-68,-18,63,-59,-123,-65,-74,1,-67,34,-43,-29,-40,-19,-103,28,25,-7,65,-102,63
937,0,5,67,67,67,67,67,-120,-120,65,44,71,72,66,-24,-37,-10,-36,-26,22,56,-98,105,-90,-69,23,111,96,-73,-113,-99,-73,-66,-60,-7,-120,0,112,-77,-110,0,30,-96,-25,-68,-18,63,-59,-123,-65,-74,1,-67,34,-43,-29,-40,-19,-103,28,25,-7,65,-102,63
938,0,5,67,67,67,67,67,-120,-120,65,44,71,72,66,-24,-37,-10,-36,-26,22,56,-98,105,-90,-69,23,111,96,-73,-113,-99,-73,-66,-60,-7,-120,0,112,-77,-110,0,30,-96,-25,-68,-18,63,-59,-123,-65,-74,1,-67,34,-43,-29,-40,-19,-103,28,25,-7,65,-102,63
939,0,-104,-104,-116,-116,-116,-116,-116,-7,-28,65,44,71,72,66,-24,-37,-10,-36,-26,22,56,-98,105,-90,-69,23,111,96,-73,-113,-99,-73,122,-123,24,85,69,46,-71,-26,79,-19,30,89,-67,20,-6,49,-105,126,-35,-101,-118,53,126,77,13,-43,35,118,-9,44,-61,116
940,0,-104,-104,-116,-116,-116,-116,-116,-7,-28,65,44,71,72,66,-24,-37,-10,-36,-26,22,56,-98,105,-90,-69,23,111,96,-73,-113,-99,-73,122,-123,24,85,69,46,-71,-26,79,-19,30,89,-67,20,-6,49,-105,126,-35,-101,-118,53,126,77,13,-43,35,118,-9,44,-61,116
941,0,-104,-104,-116,-116,-116,-116,-116,-7,-28,65,44,71,72,66,-24,-37,-10,-36,-26,22,56,-98,105,-90,-69,23,111,96,-73,-113,-99,-73,122,-123,24,85,69,46,-71,-26,79,-19,30,89,-67,20,-6,49,-105,126,-35,-101,-118,53,126,77,13,-43,35,118,-9,44,-61,116
942,0,41,41,41,-119,-119,-119,-119,-119,-75,-28,65,44,71,72,66,-24,-37,-10,-36,-26,22,56,-98,105,-90,-69,23,111,96,-73,-113,-99,-108,90,-44,-37,-77,-114,123,-40,110,-109,83,11,-17,9,25,-5,81,59,63,-82,33,123,-36,120,56,-55,91,-114,-48,89,-88,-97
943,0,41,41,41,-119,-119,-119,-119,-119,-75,-28,65,44,71,72,66,-24,-37,-10,-36,-26,22,56,-98,105,-90,-69,23,111,96,-73,-113,-99,-108,90,-44,-37,-77,-114,123,-40,110,-109,83,11,-17,9,25,-5,81,59,63,-82,33,123,-36,120,56,-55,91,-114,-48,89,-88,-97
944,0,41,41,41,-119,-119,-119,-119,-119,-75,-28,65,44,71,72,66,-24,-37,-10,-36,-26,22,56,-98,105,-90,-69,23,111,96,-73,-113,-99,-108,90,-44,-37,-77,-114,123,-40,110,-109,83,11,-17,9,25,-5,81,59,63,-82,33,123,-36,120,56,-55,91,-114,-48,89,-88,-97
945,0,-106,-106,-106,-106,66,66,66,66,119,-75,-28,65,44,71,72,66,-24,-37,-10,-36,-26,22,56,-98,105,-90,-69,23,111,96,-73,-113,-46,13,-15,-1,-24,60,-61,-61,55,-62,-11,-84,-22,41,-111,-31,-85,-58,-30,-10,74,-89,85,-32,-35,-109,121,-96,6,122,-33,114
946,0,-106,-106,-106,-106,66,66,66,66,119,-75,-28,65,44,71,72,66,-24,-37,-10,-36,-26,22,56,-98,105,-90,-69,23,111,96,-73,-113,-46,13,-15,-1,-24,60,-61,-61,55,-62,-11,-84,-22,41,-111,-31,-85,-58,-30,-10,74,-89,85,-32,-35,-109,121,-96,6,122,-33,114
947,0,-106,-106,-106,-106,66,66,66,66,119,-75,-28,65,44,71,72,66,-24,-37,-10,-36,-26,22,56,-98,105,-90,-69,23,111,96,-73,-113,-46,13,-15,-1,-24,60,-61,-61,55,-62,-11,-84,-22,41,-111,-31,-85,-58,-30,-10,74,-89,85,-32,-35,-109,121,-96,6,122,-33,114
948,0,-74,-74,-74,-74,-74,-85,-85,-85,102,119,-75,-28,65,44,71,72,66,-24,-37,-10,-36,-26,22,56,-98,105,-90,-69,23,111,96,-73,-22,15,-72,-13,108,75,67,120,46,-62,86,-54,29,-91,-17,51,89,-103,67,13,-125,-43,37,68,-31,-5,-46,-17,-106,112,28,-101
949,0,-74,-74,-74,-74,-74,-85,-85,-85,102,119,-75,-28,65,44,71,72,66,-24,-37,-10,-36,-26,22,56,-98,105,-90,-69,23,111,96,-73,-22,15,-72,-13,108,75,67,120,46,-62,86,-54,29,-91,-17,51,89,-103,67,13,-125,-43,37,68,-31,-5,-46,-17,-106,112,28,-101
950,0,-74,-74,-74,-74,-74,-85,-85,-85,102,119,-75,-28,65,44,71,72,66,-24,-37,-10,-36,-26,22,56,-98,105,-90,-69,23,111,96,-73,-22,15,-72,-13,108,75,67,120,46,-62,86,-54,29,-91,-17,51,89,-103,67,13,-125,-43,37,68,-31,-5,-46,-17,-106,112,28,-101
951,0,-47,-81,-81,-81,-81,-81,-87,-87,43,102,119,-75,-28,65,44,71,72,66,-24,-37,-10,-36,-26,22,56,-98,105,-90,-69,23,111,96,-40,-77,45,-88,32,-53,100,-15,-75,115,-100,115,-20,72,40,-57,84,-88,-37,-5,51,-82,127,16,-51,65,50,-2,-124,-30,-65,92
952,0,-47,-81,-81,-81,-81,-81,-87,-87,43,102,119,-75,-28,65,44,71,72,66,-24,-37,-10,-36,-26,22,56,-98,105,-90,-69,23,111,96,-40,-77,45,-88,32,-53,100,-15,-75,115,-100,115,-20,72,40,-57,84,-88,-37,-5,51,-82,127,16,-51,65,50,-2,-124,-30,-65,92
953,0,-47,-81,-81,-81,-81,-81,-87,-87,43,102,119,-75,-28,65,44,71,72,66,-24,-37,-10,-36,-26,22,56,-98,105,-90,-69,23,111,96,-40,-77,45,-88,32,-53,100,-15,-75,115,-100,115,-20,72,40,-57,84,-88,-37,-5,51,-82,127,16,-51,65,50,-2,-124,-30,-65,92
954,0,69,69,43,43,43,43,43,100,-55,43,102,119,-75,-28,65,44,71,72,66,-24,-37,-10,-36,-26,22,56,-98,105,-90,-69,23,111,-79,-12,99,83,70,111,16,-68,-5,-67,70,-93,119,73,-42,83,-66,30,89,-3,103,-74,-73,-56,32,-13,101,-114,-119,-23,107,47
955,0,69,69,43,43,43,43,43,100,-55,43,102,119,-75,-28,65,44,71,72,66,-24,-37,-10,-36,-26,22,56,-98,105,-90,-69,23,111,-79,-12,99,83,70,111,16,-68,-5,-67,70,-93,119,73,-42,83,-66,30,89,-3,103,-74,-73,-56,32,-13,101,-114,-119,-23,107,47
956,0,69,69,43,43,43,43,43,100,-55,43,102,119,-75,-28,65,44,71,72,66,-24,-37,-10,-36,-26,22,56,-98,105,-90,-69,23,111,-79,-12,99,83,70,111,16,-68,-5,-67,70,-93,119,73,-42,83,-66,30,89,-3,103,-74,-73,-56,32,-13,101,-114,-119,-23,107,47
957,0,18,18,18,28,28,28,28,28,-20,-55,43,102,119,-75,-28,65,44,71,72,66,-24,-37,-10,-36,-26,22,56,-98,105,-90,-69,23,-12,-42,40,28,62,76,99,-77,-47,67,34,-102,82,-80,92,89,-88,46,-34,-104,-73,-65,6,65,110,-18,58,114,92,118,19,38
958,0,18,18,18,28,28,28,28,28,-20,-55,43,102,119,-75,-28,65,44,71,72,66,-24,-37,-10,-36,-26,22,56,-98,105,-90,-69,23,-12,-42,40,28,62,76,99,-77,-47,67,34,-102,82,-80,92,89,-88,46,-34,-104,-73,-65,6,65,110,-18,58,114,92,118,19,38
959,0,18,18,18,28,28,28,28,28,-20,-55,43,102,119,-75,-28,65,44,71,72,66,-24,-37,-10,-36,-26,22,56,-98,105,-90,-69,23,-12,-42,40,28,62,76,99,-77,-47,67,34,-102,82,-80,92,89,-88,46,-34,-104,-73,-65,6,65,110,-18,58,114,92,118,19,38
960,0,57,57,57,57,73,73,73,73,5,-20,-55,43,102,119,-75,-28,65,44,71,72,66,-24,-37,-10,-36,-26,22,56,-98,105,-90,-69,-16,46,-19,87,-6,97,-122,-50,89,-77,-82,11,88,29,17,-7,-14,3,77,53,63,-100,-53,-43,72,9,-70,97,-104,-46,-83,100
961,0,57,57,57,57,73,73,73,73,5,-20,-55,43,102,119,-75,-28,65,44,71,72,66,-24,-37,-10,-36,-26,22,56,-98,105,-90,-69,-16,46,-19,87,-6,97,-122,-50,89,-77,-82,11,88,29,17,-7,-14,3,77,53,63,-100,-53,-43,72,9,-70,97,-104,-46,-83,100
962,0,57,57,57,57,73,73,73,73,5,-20,-55,43,102,119,-75,-28,65,44,71,72,66,-24,-37,-10,-36,-26,22,56,-98,105,-90,-69,-16,46,-19,87,-6,97,-122,-50,89,-77,-82,11,88,29,17,-7,-14,3,77,53,63,-100,-53,-43,72,9,-70,97,-104,-46,-83,100
963,0,-79,-79,-79,-79,-79,-8,-8,-8,-104,5,-20,-55,43,102,119,-75,-28,65,44,71,72,66,-24,-37,-10,-36,-26,22,56,-98,105,-90,-29,-126,-16,91,114,81,-73,-33,3,19,82,85,83,-125,-7,111,126,-18,14,35,97,66,-72,-22,-35,100,21,-5,-21,79,-97,48
964,0,-79,-79,-79,-79,-79,-8,-8,-8,-104,5,-20,-55,43,102,119,-75,-28,65,44,71,72,66,-24,-37,-10,-36,-26,22,56,-98,105,-90,-29,-126,-16,91,114,81,-73,-33,3,19,82,85,83,-125,-7,111,126,-18,14,35,97,66,-72,-22,-35,100,21,-5,-21,79,-97,48
965,0,-79,-79,-79,-79,-79,-8,-8,-8,-104,5,-20,-55,43,102,119,-75,-28,65,44,71,72,66,-24,-37,-10,-36,-26,22,56,-98,105,-90,-29,-126,-16,91,114,81,-73,-33,3,19,82,85,83,-125,-7,111,126,-18,14,35,97,66,-72,-22,-35,100,21,-5,-21,79,-97,48
966,0,23,10,10,10,10,10,49,49,41,-104,5,-20,-55,43,102,119,-75,-28,65,44,71,72,66,-24,-37,-10,-36,-26,22,56,-98,105,125,-90,-11,23,-104,60,-82,-45,56,4,-119,87,98,101,88,-116,55,-106,101,51,-75,-70,42,-56,56,109,4,96,18,-117,-7,67
967,0,23,10,10,10,10,10,49,49,41,-104,5,-20,-55,43,102,119,-75,-28,65,44,71,72,66,-24,-37,-10,-36,-26,22,56,-98,105,125,-90,-11,23,-104,60,-82,-45,56,4,-119,87,98,101,88,-116,55,-106,101,51,-75,-70,42,-56,56,109,4,96,18,-117,-7,67
968,0,23,10,10,10,10,10,49,49,41,-104,5,-20,-55,43,102,119,-75,-28,65,44,71,72,66,-24,-37,-10,-36,-26,22,56,-98,105,125,-90,-11,23,-104,60,-82,-45,56,4,-119,87,98,101,88,-116,55,-106,101,51,-75,-70,42,-56,56,109,4,96,18,-117,-7,67
969,0,60,60,83,83,83,83,83,-33,-106,41,-104,5,-20,-55,43,102,119,-75,-28,65,44,71,72,66,-24,-37,-10,-36,-26,22,56,-98,123,101,-95,-51,-30,-66,23,5,63,-10,48,102,15,33,-62,-43,109,119,-100,-30,25,110,123,-101,17,-27,-10,77,-50,-5,104,113
970,0,60,60,83,83,83,83,83,-33,-106,41,-104,5,-20,-55,43,102,119,-75,-28,65,44,71,72,66,-24,-37,-10,-36,-26,22,56,-98,123,101,-95,-51,-30,-66,23,5,63,-10,48,102,15,33,-62,-43,109,119,-100,-30,25,110,123,-101,17,-27,-10,77,-50,-5,104,113
971,0,60,60,83,83,83,83,83,-33,-106,41,-104,5,-20,-55,43,102,119,-75,-28,65,44,71,72,66,-24,-37,-10,-36,-26,22,56,-98,123,101,-95,-51,-30,-66,23,5,63,-10,48,102,15,33,-62,-43,109,119,-100,-30,25,110,123,-101,17,-27,-10,77,-50,-5,104,113
972,0,-19,-19,-19,-62,-62,-62,-62,-62,-74,-106,41,-104,5,-20,-55,43,102,119,-75,-28,65,44,71,72,66,-24,-37,-10,-36,-26,22,56,-2,94,-82,-118,-4,-95,-50,39,19,-80,60,57,-118,38,118,30,66,47,124,85,13,116,-76,-30,-125,116,85,114,115,112,-127,-77
973,0,-19,-19,-19,-62,-62,-62,-62,-62,-74,-106,41,-104,5,-20,-55,43,102,119,-75,-28,65,44,71,72,66,-24,-37,-10,-36,-26,22,56,-2,94,-82,-118,-4,-95,-50,39,19,-80,60,57,-118,38,118,30,66,47,124,85,13,116,-76,-30,-125,116,85,114,115,112,-127,-77
974,0,-19,-19,-19,-62,-62,-62,-62,-62,-74,-106,41,-104,5,-20,-55,43,102,119,-75,-28,65,44,71,72,66,-24,-37,-10,-36,-26,22,56,-2,94,-82,-118,-4,-95,-50,39,19,-80,60,57,-118,38,118,30,66,47,124,85,13,116,-76,-30,-125,116,85,114,115,112,-127,-77
975,0,-8,-8,-8,-8,75,75,75,75,-47,-74,-106,41,-104,5,-20,-55,43,102,119,-75,-28,65,44,71,72,66,-24,-37,-10,-36,-26,22,40,55,-42,-71,48,32,-58,-31,84,-9,-16,-113,-26,-34,-102,93,-125,-118,-58,-90,5,-112,-79,104,-64,-10,113,-27,66,95,15,105
976,0,-8,-8,-8,-8,75,75,75,75,-47,-74,-106,41,-104,5,-20,-55,43,102,119,-75,-28,65,44,71,72,66,-24,-37,-10,-36,-26,22,40,55,-42,-71,48,32,-58,-31,84,-9,-16,-113,-26,-34,-102,93,-125,-118,-58,-90,5,-112,-79,104,-64,-10,113,-27,66,95,15,105
977,0,-8,-8,-8,-8,75,75,75,75,-47,-74,-106,41,-104,5,-20,-55,43,102,119,-75,-28,65,44,71,72,66,-24,-37,-10,-36,-26,22,40,55,-42,-71,48,32,-58,-31,84,-9,-16,-113,-26,-34,-102,93,-125,-118,-58,-90,5,-112,-79,104,-64,-10,113,-27,66,95,15,105
978,0,-29,-29,-29,-29,-29,81,81,81,69,-47,-74,-106,41,-104,5,-20,-55,43,102,119,-75,-28,65,44,71,72,66,-24,-37,-10,-36,-26,74,-85,-19,-95,-91,94,35,117,-103,-34,31,-79,123,2,86,-96,-48,100,69,7,-73,-82,-89,102,-92,65,92,42,20,-56,123,0
979,0,-29,-29,-29,-29,-29,81,81,81,69,-47,-74,-106,41,-104,5,-20,-55,43,102,119,-75,-28,65,44,71,72,66,-24,-37,-10,-36,-26,74,-85,-19,-95,-91,94,35,117,-103,-34,31,-79,123,2,86,-96,-48,100,69,7,-73,-82,-89,102,-92,65,92,42,20,-56,123,0
980,0,-29,-29,-29,-29,-29,81,81,81,69,-47,-74,-106,41,-104,5,-20,-55,43,102,119,-75,-28,65,44,71,72,66,-24,-37,-10,-36,-26,74,-85,-19,-95,-91,94,35,117,-103,-34,31,-79,123,2,86,-96,-48,100,69,7,-73,-82,-89,102,-92,65,92,42,20,-56,123,0
981,0,-51,110,110,110,110,110,74,74,18,69,-47,-74,-106,41,-104,5,-20,-55,43,102,119,-75,-28,65,44,71,72,66,-24,-37,-10,-36,-112,-102,26,113,-87,106,66,-19,1,-31,-14,-4,-28,-119,-67,-49,115,-7,119,-33,-98,36,-7,23,85,-119,54,-101,-23,17,65,21
982,0,-51,110,110,110,110,110,74,74,18,69,-47,-74,-106,41,-104,5,-20,-55,43,102,119,-75,-28,65,44,71,72,66,-24,-37,-10,-36,-112,-102,26,113,-87,106,66,-19,1,-31,-14,-4,-28,-119,-67,-49,115,-7,119,-33,-98,36,-7,23,85,-119,54,-101,-23,17,65,21
983,0,-51,110,110,110,110,110,74,74,18,69,-47,-74,-106,41,-104,5,-20,-55,43,102,119,-75,-28,65,44,71,72,66,-24,-37,-10,-36,-112,-102,26,113,-87,106,66,-19,1,-31,-14,-4,-28,-119,-67,-49,115,-7,119,-33,-98,36,-7,23,85,-119,54,-101,-23,17,65,21
984,0,-104,-104,44,44,44,44,44,117,57,18,69,-47,-74,-106,41,-104,5,-20,-55,43,102,119,-75,-28,65,44,71,72,66,-24,-37,-10,-74,-70,-119,114,-14,29,72,-11,32,5,-59,-77,44,88,-56,105,61,-118,27,106,119,-90,17,-27,-9,88,95,-27,59,-68,-80,113
985,0,-104,-104,44,44,44,44,44,117,57,18,69,-47,-74,-106,41,-104,5,-20,-55,43,102,119,-75,-28,65,44,71,72,66,-24,-37,-10,-74,-70,-119,114,-14,29,72,-11,32,5,-59,-77,44,88,-56,105,61,-118,27,106,119,-90,17,-27,-9,88,95,-27,59,-68,-80,113
986,0,-104,-104,44,44,44,44,44,117,57,18,69,-47,-74,-106,41,-104,5,-20,-55,43,102,119,-75,-28,65,44,71,72,66,-24,-37,-10,-74,-70,-119,114,-14,29,72,-11,32,5,-59,-77,44,88,-56,105,61,-118,27,106,119,-90,17,-27,-9,88,95,-27,59,-68,-80,113
987,0,62,62,62,105,105,105,105,105,-79,57,18,69,-47,-74,-106,41,-104,5,-20,-55,43,102,119,-75,-28,65,44,71,72,66,-24,-37,46,-24,-80,-6,87,4,-10,28,74,-102,74,79,-60,92,83,109,-73,47,-65,-56,85,67,76,5,111,-80,-30,-30,-45,83,55,-33
988,0,62,62,62,105,105,105,105,105,-79,57,18,69,-47,-74,-106,41,-104,5,-20,-55,43,102,119,-75,-28,65,44,71,72,66,-24,-37,46,-24,-80,-6,87,4,-10,28,74,-102,74,79,-60,92,83,109,-73,47,-65,-56,85,67,76,5,111,-80,-30,-30,-45,83,55,-33
989,0,62,62,62,105,105,105,105,105,-79,57,18,69,-47,-74,-106,41,-104,5,-20,-55,43,102,119,-75,-28,65,44,71,72,66,-24,-37,46,-24,-80,-6,87,4,-10,28,74,-102,74,79,-60,92,83,109,-73,47,-65,-56,85,67,76,5,111,-80,-30,-30,-45,83,55,-33
990,0,-83,-83,-83,-83,116,116,116,116,23,-79,57,18,69,-47,-74,-106,41,-104,5,-20,-55,43,102,119,-75,-28,65,44,71,72,66,-24,64,46,16,-59,-63,-75,-44,-72,-17,-81,-40,-101,102,50,-39,-105,44,-9,-23,-58,57,-41,57,5,-6,96,-83,67,23,82,30,-110
991,0,-83,-83,-83,-83,116,116,116,116,23,-79,57,18,69,-47,-74,-106,41,-104,5,-20,-55,43,102,119,-75,-28,65,44,71,72,66,-24,64,46,16,-59,-63,-75,-44,-72,-17,-81,-40,-101,102,50,-39,-105,44,-9,-23,-58,57,-41,57,5,-6,96,-83,67,23,82,30,-110
992,0,-83,-83,-83,-83,116,116,116,116,23,-79,57,18,69,-47,-74,-106,41,-104,5,-20,-55,43,102,119,-75,-28,65,44,71,72,66,-24,64,46,16,-59,-63,-75,-44,-72,-17,-81,-40,-101,102,50,-39,-105,44,-9,-23,-58,57,-41,57,5,-6,96,-83,67,23,82,30,-110
993,0,7,7,7,7,7,101,101,101,60,23,-79,57,18,69,-47,-74,-106,41,-104,5,-20,-55,43,102,119,-75,-28,65,44,71,72,66,8,-116,86,116,-89,-117,77,87,23,7,32,-68,-27,-90,-93,7,64,120,123,52,-63,-34,95,51,12,21,-52,-46,-114,108,75,122
994,0,7,7,7,7,7,101,101,101,60,23,-79,57,18,69,-47,-74,-106,41,-104,5,-20,-55,43,102,119,-75,-28,65,44,71,72,66,8,-116,86,116,-89,-117,77,87,23,7,32,-68,-27,-90,-93,7,64,120,123,52,-63,-34,95,51,12,21,-52,-46,-114,108,75,122
995,0,7,7,7,7,7,101,101,101,60,23,-79,57,18,69,-47,-74,-106,41,-104,5,-20,-55,43,102,119,-75,-28,65,44,71,72,66,8,-116,86,116,-89,-117,77,87,23,7,32,-68,-27,-90,-93,7,64,120,123,52,-63,-34,95,51,12,21,-52,-46,-114,108,75,122
996,0,-106,-117,-117,-117,-117,-117,-84,-84,-19,60,23,-79,57,18,69,-47,-74,-106,41,-104,5,-20,-55,43,102,119,-75,-28,65,44,71,72,-88,2,-46,-29,-123,-91,-61,-64,89,107,-67,-84,-41,-48,59,-31,1,99,-73,88,-93,-116,-127,113,92,122,68,-118,-21,46,46,50
997,0,-106,-117,-117,-117,-117,-117,-84,-84,-19,60,23,-79,57,18,69,-47,-74,-106,41,-104,5,-20,-55,43,102,119,-75,-28,65,44,71,72,-88,2,-46,-29,-123,-91,-61,-64,89,107,-67,-84,-41,-48,59,-31,1,99,-73,88,-93,-116,-127,113,92,122,68,-118,-21,46,46,50
998,0,-106,-117,-117,-117,-117,-117,-84,-84,-19,60,23,-79,57,18,69,-47,-74,-106,41,-104,5,-20,-55,43,102,119,-75,-28,65,44,71,72,-88,2,-46,-29,-123,-91,-61,-64,89,107,-67,-84,-41,-48,59,-31,1,99,-73,88,-93,-116,-127,113,92,122,68,-118,-21,46,46,50
999,0,19,19,87,87,87,87,87,-78,-8,-19,60,23,-79,57,18,69,-47,-74,-106,41,-104,5,-20,-55,43,102,119,-75,-28,65,44,71,-49,-9,-120,-127,113,80,63,-112,98,-26,-65,-86,7,-57,-67,93,12,85,66,-52,36,121,-3,-29,109,101,-112,30,-71,48,-89,85
1000,0,19,19,87,87,87,87,87,-78,-8,-19,60,23,-79,57,18,69,-47,-74,-106,41,-104,5,-20,-55,43,102,119,-75,-28,65,44,71,-49,-9,-120,-127,113,80,63,-112,98,-26,-65,-86,7,-57,-67,93,12,85,66,-52,36,121,-3,-29,109,101,-112,30,-71,48,-89,85
1001,0,19,19,87,87,87,87,87,-78,-8,-19,60,23,-79,57,18,69,-47,-74,-106,41,-104,5,-20,-55,43,102,119,-75,-28,65,44,71,-49,-9,-120,-127,113,80,63,-112,98,-26,-65,-86,7,-57,-67,93,12,85,66,-52,36,121,-3,-29,109,101,-112,30,-71,48,-89,85
1002,0,8,8,8,40,40,40,40,40,-29,-8,-19,60,23,-79,57,18,69,-47,-74,-106,41,-104,5,-20,-55,43,102,119,-75,-28,65,44,26,84,99,99,80,-52,-13,59,-116,-108,-124,-54,39,39,-24,67,103,-112,114,-47,42,55,-95,116,-110,-125,58,8,-8,80,-125,3
1003,0,8,8,8,40,40,40,40,40,-29,-8,-19,60,23,-79,57,18,69,-47,-74,-106,41,-104,5,-20,-55,43,102,119,-75,-28,65,44,26,84,99,99,80,-52,-13,59,-116,-108,-124,-54,39,39,-24,67,103,-112,114,-47,42,55,-95,116,-110,-125,58,8,-8,80,-125,3
1004,0,8,8,8,40,40,40,40,40,-29,-8,-19,60,23,-79,57,18,69,-47,-74,-106,41,-104,5,-20,-55,43,102,119,-75,-28,65,44,26,84,99,99,80,-52,-13,59,-116,-108,-124,-54,39,39,-24,67,103,-112,114,-47,42,55,-95,116,-110,-125,58,8,-8,80,-125,3
1005,0,-25,-25,-25,-25,-125,-125,-125,-125,-51,-29,-8,-19,60,23,-79,57,18,69,-47,-74,-106,41,-104,5,-20,-55,43,102,119,-75,-28,65,-50,38,-91,-122,-103,89,-44,17,25,43,3,-22,-7,85,-115,50,-8,79,-123,80,19,-36,-78,47,-117,-53,-84,62,106,96,88,-71
1006,0,-25,-25,-25,-25,-125,-125,-125,-125,-51,-29,-8,-19,60,23,-79,57,18,69,-47,-74,-106,41,-104,5,-20,-55,43,102,119,-75,-28,65,-50,38,-91,-122,-103,89,-44,17,25,43,3,-22,-7,85,-115,50,-8,79,-123,80,19,-36,-78,47,-117,-53,-84,62,106,96,88,-71
1007,0,-25,-25,-25,-25,-125,-125,-125,-125,-51,-29,-8,-19,60,23,-79,57,18,69,-47,-74,-106,41,-104,5,-20,-55,43,102,119,-75,-28,65,-50,38,-91,-122,-103,89,-44,17,25,43,3,-22,-7,85,-115,50,-8,79,-123,80,19,-36,-78,47,-117,-53,-84,62,106,96,88,-71
1008,0,-65,-65,-65,-65,-65,57,57,57,-104,-51,-29,-8,-19,60,23,-79,57,18,69,-47,-74,-106,41,-104,5,-20,-55,43,102,119,-75,-28,-42,112,-89,66,40,-71,-34,-18,5,-6,87,77,12,-20,-60,-85,106,-104,56,-115,37,14,-59,-39,-69,-54,127,-14,43,88,-38,6
1009,0,-65,-65,-65,-65,-65,57,57,57,-104,-51,-29,-8,-19,60,23,-79,57,18,69,-47,-74,-106,41,-104,5,-20,-55,43,102,119,-75,-28,-42,112,-89,66,40,-71,-34,-18,5,-6,87,77,12,-20,-60,-85,106,-104,56,-115,37,14,-59,-39,-69,-54,127,-14,43,88,-38,6
1010,0,-65,-65,-65,-65,-65,57,57,57,-104,-51,-29,-8,-19,60,23,-79,57,18,69,-47,-74,-106,41,-104,5,-20,-55,43,102,119,-75,-28,-42,112,-89,66,40,-71,-34,-18,5,-6,87,77,12,-20,-60,-85,106,-104,56,-115,37,14,-59,-39,-69,-54,127,-14,43,88,-38,6
1011,0,-101,-15,-15,-15,-15,-15,64,64,62,-104,-51,-29,-8,-19,60,23,-79,57,18,69,-47,-74,-106,41,-104,5,-20,-55,43,102,119,-75,-54,57,89,98,119,-113,-62,77,-1,-10,-108,46,122,62,22,35,-39,93,-31,44,-65,-47,-26,-57,-104,13,11,-68,-29,103,-94,74
1012,0,-101,-15,-15,-15,-15,-15,64,64,62,-104,-51,-29,-8,-19,60,23,-79,57,18,69,-47,-74,-106,41,-104,5,-20,-55,43,102,119,-75,-54,57,89,98,119,-113,-62,77,-1,-10,-108,46,122,62,22,35,-39,93,-31,44,-65,-47,-26,-57,-104,13,11,-68,-29,103,-94,74
1013,0,-101,-15,-15,-15,-15,-15,64,64,62,-104,-51,-29,-8,-19,60,23,-79,57,18,69,-47,-74,-106,41,-104,5,-20,-55,43,102,119,-75,-54,57,89,98,119,-113,-62,77,-1,-10,-108,46,122,62,22,35,-39,93,-31,44,-65,-47,-26,-57,-104,13,11,-68,-29,103,-94,74
1014,0,-98,-98,-37,-37,-37,-37,-37,6,-83,62,-104,-51,-29,-8,-19,60,23,-79,57,18,69,-47,-74,-106,41,-104,5,-20,-55,43,102,119,-57,-55,14,59,89,75,-99,77,90,-7,-7,56,-52,105,121,61,-112,-39,26,-116,-55,62,10,84,-99,-92,-57,-83,112,-43,-100,-53
1015,0,-98,-98,-37,-37,-37,-37,-37,6,-83,62,-104,-51,-29,-8,-19,60,23,-79,57,18,69,-47,-74,-106,41,-104,5,-20,-55,43,102,119,-57,-55,14,59,89,75,-99,77,90,-7,-7,56,-52,105,121,61,-112,-39,26,-116,-55,62,10,84,-99,-92,-57,-83,112,-43,-100,-53
1016,0,-98,-98,-37,-37,-37,-37,-37,6,-83,62,-104,-51,-29,-8,-19,60,23,-79,57,18,69,-47,-74,-106,41,-104,5,-20,-55,43,102,119,-57,-55,14,59,89,75,-99,77,90,-7,-7,56,-52,105,121,61,-112,-39,26,-116,-55,62,10,84,-99,-92,-57,-83,112,-43,-100,-53
1017,0,45,45,45,-106,-106,-106,-106,-106,7,-83,62,-104,-51,-29,-8,-19,60,23,-79,57,18,69,-47,-74,-106,41,-104,5,-20,-55,43,102,53,-111,-41,71,-62,22,2,73,-99,-88,-106,123,15,-124,-45,110,85,0,-97,87,0,-44,-60,-114,-118,-98,47,-27,-113,116,67,-110
1018,0,45,45,45,-106,-106,-106,-106,-106,7,-83,62,-104,-51,-29,-8,-19,60,23,-79,57,18,69,-47,-74,-106,41,-104,5,-20,-55,43,102,53,-111,-41,71,-62,22,2,73,-99,-88,-106,123,15,-124,-45,110,85,0,-97,87,0,-44,-60,-114,-118,-98,47,-27,-113,116,67,-110
1019,0,45,45,45,-106,-106,-106,-106,-106,7,-83,62,-104,-51,-29,-8,-19,60,23,-79,57,18,69,-47,-74,-106,41,-104,5,-20,-55,43,102,53,-111,-41,71,-62,22,2,73,-99,-88,-106,123,15,-124,-45,110,85,0,-97,87,0,-44,-60,-114,-118,-98,47,-27,-113,116,67,-110
1020,0,-14,-14,-14,-14,61,61,61,61,-106,7,-83,62,-104,-51,-29,-8,-19,60,23,-79,57,18,69,-47,-74,-106,41,-104,5,-20,-55,43,-99,25,-119,77,-91,19,106,42,41,63,-74,87,15,37,80,-1,-108,75,73,27,23,-93,34,75,50,-69,112,10,7,61,72,-67
1021,0,-14,-14,-14,-14,61,61,61,61,-106,7,-83,62,-104,-51,-29,-8,-19,60,23,-79,57,18,69,-47,-74,-106,41,-104,5,-20,-55,43,-99,25,-119,77,-91,19,106,42,41,63,-74,87,15,37,80,-1,-108,75,73,27,23,-93,34,75,50,-69,112,10,7,61,72,-67
1022,0,-14,-14,-14,-14,61,61,61,61,-106,7,-83,62,-104,-51,-29,-8,-19,60,23,-79,57,18,69,-47,-74,-106,41,-104,5,-20,-55,43,-99,25,-119,77,-91,19,106,42,41,63,-74,87,15,37,80,-1,-108,75,73,27,23,-93,34,75,50,-69,112,10,7,61,72,-67
1023,0,-86,-86,-86,-86,-86,-98,-98,-98,19,-106,7,-83,62,-104,-51,-29,-8,-19,60,23,-79,57,18,69,-47,-74,-106,41,-104,5,-20,-55,113,-123,-34,118,-65,-78,73,53,-116,-104,-34,-53,-43,65,-34,-17,25,0,-30,33,12,-61,118,-83,-127,-31,-124,66,38,120,-59,-118
1024,0,-86,-86,-86,-86,-86,-98,-98,-98,19,-106,7,-83,62,-104,-51,-29,-8,-19,60,23,-79,57,18,69,-47,-74,-106,41,-104,5,-20,-55,113,-123,-34,118,-65,-78,73,53,-116,-104,-34,-53,-43,65,-34,-17,25,0,-30,33,12,-61,118,-83,-127,-31,-124,66,38,120,-59,-118
1025,0,-86,-86,-86,-86,-86,-98,-98,-98,19,-106,7,-83,62,-104,-51,-29,-8,-19,60,23,-79,57,18,69,-47,-74,-106,41,-104,5,-20,-55,113,-123,-34,118,-65,-78,73,53,-116,-104,-34,-53,-43,65,-34,-17,25,0,-30,33,12,-61,118,-83,-127,-31,-124,66,38,120,-59,-118
1026,0,-38,74,74,74,74,74,62,62,8,19,-106,7,-83,62,-104,-51,-29,-8,-19,60,23,-79,57,18,69,-47,-74,-106,41,-104,5,-20,-62,120,-120,-65,-93,96,47,4,104,-73,37,-23,-97,-19,-7,49,114,15,-83,56,-100,124,-7,54,-36,-21,-77,19,-41,78,10,-28
1027,0,-38,74,74,74,74,74,62,62,8,19,-106,7,-83,62,-104,-51,-29,-8,-19,60,23,-79,57,18,69,-47,-74,-106,41,-104,5,-20,-62,120,-120,-65,-93,96,47,4,104,-73,37,-23,-97,-19,-7,49,114,15,-83,56,-100,124,-7,54,-36,-21,-77,19,-41,78,10,-28
1028,0,-38,74,74,74,74,74,62,62,8,19,-106,7,-83,62,-104,-51,-29,-8,-19,60,23,-79,57,18,69,-47,-74,-106,41,-104,5,-20,-62,120,-120,-65,-93,96,47,4,104,-73,37,-23,-97,-19,-7,49,114,15,-83,56,-100,124,-7,54,-36,-21,-77,19,-41,78,10,-28
1029,0,-112,-112,75,75,75,75,75,-2,-25,8,19,-106,7,-83,62,-104,-51,-29,-8,-19,60,23,-79,57,18,69,-47,-74,-106,41,-104,5,-112,-20,-73,-40,-70,-43,64,53,59,-83,22,116,124,33,-50,41,106,-30,-22,-65,84,-39,118,28,13,-67,-86,-102,-104,49,-75,-25
1030,0,-112,-112,75,75,75,75,75,-2,-25,8,19,-106,7,-83,62,-104,-51,-29,-8,-19,60,23,-79,57,18,69,-47,-74,-106,41,-104,5,-112,-20,-73,-40,-70,-43,64,53,59,-83,22,116,124,33,-50,41,106,-30,-22,-65,84,-39,118,28,13,-67,-86,-102,-104,49,-75,-25
1031,0,-112,-112,75,75,75,75,75,-2,-25,8,19,-106,7,-83,62,-104,-51,-29,-8,-19,60,23,-79,57,18,69,-47,-74,-106,41,-104,5,-112,-20,-73,-40,-70,-43,64,53,59,-83,22,116,124,33,-50,41,106,-30,-22,-65,84,-39,118,28,13,-67,-86,-102,-104,49,-75,-25
1032,0,9,9,9,109,109,109,109,109,-65,-25,8,19,-106,7,-83,62,-104,-51,-29,-8,-19,60,23,-79,57,18,69,-47,-74,-106,41,-104,-5,80,121,105,117,105,-127,-31,-51,58,83,51,125,-16,-72,45,34,-126,49,127,43,30,-60,71,-5,90,54,-19,-78,16,-62,-85
1033,0,9,9,9,109,109,109,109,109,-65,-25,8,19,-106,7,-83,62,-104,-51,-29,-8,-19,60,23,-79,57,18,69,-47,-74,-106,41,-104,-5,80,121,105,117,105,-127,-31,-51,58,83,51,125,-16,-72,45,34,-126,49,127,43,30,-60,71,-5,90,54,-19,-78,16,-62,-85
1034,0,9,9,9,109,109,109,109,109,-65,-25,8,19,-106,7,-83,62,-104,-51,-29,-8,-19,60,23,-79,57,18,69,-47,-74,-106,41,-104,-5,80,121,105,117,105,-127,-31,-51,58,83,51,125,-16,-72,45,34,-126,49,127,43,30,-60,71,-5,90,54,-19,-78,16,-62,-85
1035,0,-63,-63,-63,-63,-64,-64,-64,-64,-101,-65,-25,8,19,-106,7,-83,62,-104,-51,-29,-8,-19,60,23,-79,57,18,69,-47,-74,-106,41,-21,-114,-22,-35,-24,-110,-107,-95,102,89,-110,-73,-83,45,22,74,77,52,-96,51,-14,-29,-77,-107,82,-46,-54,32,122,43,-28,96
1036,0,-63,-63,-63,-63,-64,-64,-64,-64,-101,-65,-25,8,19,-106,7,-83,62,-104,-51,-29,-8,-19,60,23,-79,57,18,69,-47,-74,-106,41,-21,-114,-22,-35,-24,-110,-107,-95,102,89,-110,-73,-83,45,22,74,77,52,-96,51,-14,-29,-77,-107,82,-46,-54,32,122,43,-28,96
1037,0,-63,-63,-63,-63,-64,-64,-64,-64,-101,-65,-25,8,19,-106,7,-83,62,-104,-51,-29,-8,-19,60,23,-79,57,18,69,-47,-74,-106,41,-21,-114,-22,-35,-24,-110,-107,-95,102,89,-110,-73,-83,45,22,74,77,52,-96,51,-14,-29,-77,-107,82,-46,-54,32,122,43,-28,96
1038,0,88,88,88,88,88,-116,-116,-116,-98,-101,-65,-25,8,19,-106,7,-83,62,-104,-51,-29,-8,-19,60,23,-79,57,18,69,-47,-74,-106,94,-88,79,43,-127,37,52,-66,30,-111,36,106,-26,104,-127,109,-42,28,100,-28,36,-94,-43,23,70,122,-104,29,46,86,-87,108
1039,0,88,88,88,88,88,-116,-116,-116,-98,-101,-65,-25,8,19,-106,7,-83,62,-104,-51,-29,-8,-19,60,23,-79,57,18,69,-47,-74,-106,94,-88,79,43,-127,37,52,-66,30,-111,36,106,-26,104,-127,109,-42,28,100,-28,36,-94,-43,23,70,122,-104,29,46,86,-87,108
1040,0,88,88,88,88,88,-116,-116,-116,-98,-101,-65,-25,8,19,-106,7,-83,62,-104,-51,-29,-8,-19,60,23,-79,57,18,69,-47,-74,-106,94,-88,79,43,-127,37,52,-66,30,-111,36,106,-26,104,-127,109,-42,28,100,-28,36,-94,-43,23,70,122,-104,29,46,86,-87,108
1041,0,56,124,124,124,124,124,43,43,45,-98,-101,-65,-25,8,19,-106,7,-83,62,-104,-51,-29,-8,-19,60,23,-79,57,18,69,-47,-74,-14,-17,-87,56,10,70,-16,-44,107,101,-15,-71,97,123,124,58,66,19,-126,-15,-34,-8,-76,105,53,23,100,123,113,-4,92,110
1042,0,56,124,124,124,124,124,43,43,45,-98,-101,-65,-25,8,19,-106,7,-83,62,-104,-51,-29,-8,-19,60,23,-79,57,18,69,-47,-74,-14,-17,-87,56,10,70,-16,-44,107,101,-15,-71,97,123,124,58,66,19,-126,-15,-34,-8,-76,105,53,23,100,123,113,-4,92,110
1043,0,56,124,124,124,124,124,43,43,45,-98,-101,-65,-25,8,19,-106,7,-83,62,-104,-51,-29,-8,-19,60,23,-79,57,18,69,-47,-74,-14,-17,-87,56,10,70,-16,-44,107,101,-15,-71,97,123,124,58,66,19,-126,-15,-34,-8,-76,105,53,23,100,123,113,-4,92,110
1044,0,91,91,-124,-124,-124,-124,-124,47,-14,45,-98,-101,-65,-25,8,19,-106,7,-83,62,-104,-51,-29,-8,-19,60,23,-79,57,18,69,-47,26,-71,-41,103,15,-15,40,24,-117,56,-66,106,-5,1,-57,88,-69,-57,-103,-19,-89,72,-103,70,10,38,118,3,2,80,-86,28
1045,0,91,91,-124,-124,-124,-124,-124,47,-14,45,-98,-101,-65,-25,8,19,-106,7,-83,62,-104,-51,-29,-8,-19,60,23,-79,57,18,69,-47,26,-71,-41,103,15,-15,40,24,-117,56,-66,106,-5,1,-57,88,-69,-57,-103,-19,-89,72,-103,70,10,38,118,3,2,80,-86,28
1046,0,91,91,-124,-124,-124,-124,-124,47,-14,45,-98,-101,-65,-25,8,19,-106,7,-83,62,-104,-51,-29,-8,-19,60,23,-79,57,18,69,-47,26,-71,-41,103,15,-15,40,24,-117,56,-66,106,-5,1,-57,88,-69,-57,-103,-19,-89,72,-103,70,10,38,118,3,2,80,-86,28
1047,0,-56,-56,-56,-123,-123,-123,-123,-123,-86,-14,45,-98,-101,-65,-25,8,19,-106,7,-83,62,-104,-51,-29,-8,-19,60,23,-79,57,18,69,-82,20,36,29,-95,12,-14,24,-58,36,-14,-45,-63,-126,-71,30,59,121,-99,-71,-76,29,-10,-120,18,-23,-66,-28,98,20,81,106
1048,0,-56,-56,-56,-123,-123,-123,-123,-123,-86,-14,45,-98,-101,-65,-25,8,19,-106,7,-83,62,-104,-51,-29,-8,-19,60,23,-79,57,18,69,-82,20,36,29,-95,12,-14,24,-58,36,-14,-45,-63,-126,-71,30,59,121,-99,-71,-76,29,-10,-120,18,-23,-66,-28,98,20,81,106
1049,0,-56,-56,-56,-123,-123,-123,-123,-123,-86,-14,45,-98,-101,-65,-25,8,19,-106,7,-83,62,-104,-51,-29,-8,-19,60,23,-79,57,18,69,-82,20,36,29,-95,12,-14,24,-58,36,-14,-45,-63,-126,-71,30,59,121,-99,-71,-76,29,-10,-120,18,-23,-66,-28,98,20,81,106
1050,0,105,105,105,105,119,119,119,119,-38,-86,-14,45,-98,-101,-65,-25,8,19,-106,7,-83,62,-104,-51,-29,-8,-19,60,23,-79,57,18,119,52,82,-11,117,29,-37,-123,-15,30,-9,-111,68,-51,14,56,36,24,11,28,117,-81,-20,-75,39,76,-6,-43,65,-63,85,-68
1051,0,105,105,105,105,119,119,119,119,-38,-86,-14,45,-98,-101,-65,-25,8,19,-106,7,-83,62,-104,-51,-29,-8,-19,60,23,-79,57,18,119,52,82,-11,117,29,-37,-123,-15,30,-9,-111,68,-51,14,56,36,24,11,28,117,-81,-20,-75,39,76,-6,-43,65,-63,85,-68
1052,0,105,105,105,105,119,119,119,119,-38,-86,-14,45,-98,-101,-65,-25,8,19,-106,7,-83,62,-104,-51,-29,-8,-19,60,23,-79,57,18,119,52,82,-11,117,29,-37,-123,-15,30,-9,-111,68,-51,14,56,36,24,11,28,117,-81,-20,-75,39,76,-6,-43,65,-63,85,-68
1053,0,33,33,33,33,33,-34,-34,-34,-112,-38,-86,-14,45,-98,-101,-65,-25,8,19,-106,7,-83,62,-104,-51,-29,-8,-19,60,23,-79,57,-50,126,-3,-26,-13,23,-38,-9,31,38,23,-109,-17,103,60,33,93,-52,91,115,12,24,120,63,88,88,121,101,-119,-126,-124,97
1054,0,33,33,33,33,33,-34,-34,-34,-112,-38,-86,-14,45,-98,-101,-65,-25,8,19,-106,7,-83,62,-104,-51,-29,-8,-19,60,23,-79,57,-50,126,-3,-26,-13,23,-38,-9,31,38,23,-109,-17,103,60,33,93,-52,91,115,12,24,120,63,88,88,121,101,-119,-126,-124,97
1055,0,33,33,33,33,33,-34,-34,-34,-112,-38,-86,-14,45,-98,-101,-65,-25,8,19,-106,7,-83,62,-104,-51,-29,-8,-19,60,23,-79,57,-50,126,-3,-26,-13,23,-38,-9,31,38,23,-109,-17,103,60,33,93,-52,91,115,12,24,120,63,88,88,121,101,-119,-126,-124,97
1056,0,-39,90,90,90,90,90,-52,-52,9,-112,-38,-86,-14,45,-98,-101,-65,-25,8,19,-106,7,-83,62,-104,-51,-29,-8,-19,60,23,-79,-54,118,126,-121,113,16,-96,66,-58,28,-124,-86,-6,35,88,9,45,86,42,-91,-125,-23,-27,86,-9,-55,-114,45,7,-125,75,96
1057,0,-39,90,90,90,90,90,-52,-52,9,-112,-38,-86,-14,45,-98,-101,-65,-25,8,19,-106,7,-83,62,-104,-51,-29,-8,-19,60,23,-79,-54,118,126,-121,113,16,-96,66,-58,28,-124,-86,-6,35,88,9,45,86,42,-91,-125,-23,-27,86,-9,-55,-114,45,7,-125,75,96
1058,0,-39,90,90,90,90,90,-52,-52,9,-112,-38,-86,-14,45,-98,-101,-65,-25,8,19,-106,7,-83,62,-104,-51,-29,-8,-19,60,23,-79,-54,118,126,-121,113,16,-96,66,-58,28,-124,-86,-6,35,88,9,45,86,42,-91,-125,-23,-27,86,-9,-55,-114,45,7,-125,75,96
1059,0,98,98,-104,-104,-104,-104,-104,-81,-63,9,-112,-38,-86,-14,45,-98,-101,-65,-25,8,19,-106,7,-83,62,-104,-51,-29,-8,-19,60,23,127,-22,-41,84,-20,-97,111,85,-86,46,57,-107,35,91,0,44,-44,-47,-28,73,114,127,24,9,-125,84,11,-30,-77,-53,35,-1
1060,0,98,98,-104,-104,-104,-104,-104,-81,-63,9,-112,-38,-86,-14,45,-98,-101,-65,-25,8,19,-106,7,-83,62,-104,-51,-29,-8,-19,60,23,127,-22,-41,84,-20,-97,111,85,-86,46,57,-107,35,91,0,44,-44,-47,-28,73,114,127,24,9,-125,84,11,-30,-77,-53,35,-1
1061,0,98,98,-104,-104,-104,-104,-104,-81,-63,9,-112,-38,-86,-14,45,-98,-101,-65,-25,8,19,-106,7,-83,62,-104,-51,-29,-8,-19,60,23,127,-22,-41,84,-20,-97,111,85,-86,46,57,-107,35,91,0,44,-44,-47,-28,73,114,127,24,9,-125,84,11,-30,-77,-53,35,-1
1062,0,15,15,15,-109,-109,-109,-109,-109,88,-63,9,-112,-38,-86,-14,45,-98,-101,-65,-25,8,19,-106,7,-83,62,-104,-51,-29,-8,-19,60,-58,36,-72,58,31,-76,40,17,51,108,-25,-68,22,-115,98,53,66,45,-35,35,98,-123,-123,109,79,85,-1,101,47,-14,-28,-13
1063,0,15,15,15,-109,-109,-109,-109,-109,88,-63,9,-112,-38,-86,-14,45,-98,-101,-65,-25,8,19,-106,7,-83,62,-104,-51,-29,-8,-19,60,-58,36,-72,58,31,-76,40,17,51,108,-25,-68,22,-115,98,53,66,45,-35,35,98,-123,-123,109,79,85,-1,101,47,-14,-28,-13
1064,0,15,15,15,-109,-109,-109,-109,-109,88,-63,9,-112,-38,-86,-14,45,-98,-101,-65,-25,8,19,-106,7,-83,62,-104,-51,-29,-8,-19,60,-58,36,-72,58,31,-76,40,17,51,108,-25,-68,22,-115,98,53,66,45,-35,35,98,-123,-123,109,79,85,-1,101,47,-14,-28,-13
1065,0,63,63,63,63,-3,-3,-3,-3,56,88,-63,9,-112,-38,-86,-14,45,-98,-101,-65,-25,8,19,-106,7,-83,62,-104,-51,-29,-8,-19,-76,61,-54,-2,-88,-83,-127,-50,-3,55,-77,65,69,93,-107,102,-3,-55,-119,13,-22,90,-56,58,55,-44,-63,45,-86,113,83,-118
1066,0,63,63,63,63,-3,-3,-3,-3,56,88,-63,9,-112,-38,-86,-14,45,-98,-101,-65,-25,8,19,-106,7,-83,62,-104,-51,-29,-8,-19,-76,61,-54,-2,-88,-83,-127,-50,-3,55,-77,65,69,93,-107,102,-3,-55,-119,13,-22,90,-56,58,55,-44,-63,45,-86,113,83,-118
1067,0,63,63,63,63,-3,-3,-3,-3,56,88,-63,9,-112,-38,-86,-14,45,-98,-101,-65,-25,8,19,-106,7,-83,62,-104,-51,-29,-8,-19,-76,61,-54,-2,-88,-83,-127,-50,-3,55,-77,65,69,93,-107,102,-3,-55,-119,13,-22,90,-56,58,55,-44,-63,45,-86,113,83,-118
1068,0,-84,-84,-84,-84,-84,83,83,83,91,56,88,-63,9,-112,-38,-86,-14,45,-98,-101,-65,-25,8,19,-106,7,-83,62,-104,-51,-29,-8,-96,-97,9,-55,-80,95,-118,121,-103,-55,-79,-35,-95,-26,119,78,37,-9,37,-46,-80,-91,30,-5,6,110,-102,71,29,-54,111,-39
1069,0,-84,-84,-84,-84,-84,83,83,83,91,56,88,-63,9,-112,-38,-86,-14,45,-98,-101,-65,-25,8,19,-106,7,-83,62,-104,-51,-29,-8,-96,-97,9,-55,-80,95,-118,121,-103,-55,-79,-35,-95,-26,119,78,37,-9,37,-46,-80,-91,30,-5,6,110,-102,71,29,-54,111,-39
1070,0,-84,-84,-84,-84,-84,83,83,83,91,56,88,-63,9,-112,-38,-86,-14,45,-98,-101,-65,-25,8,19,-106,7,-83,62,-104,-51,-29,-8,-96,-97,9,-55,-80,95,-118,121,-103,-55,-79,-35,-95,-26,119,78,37,-9,37,-46,-80,-91,30,-5,6,110,-102,71,29,-54,111,-39
1071,0,-62,37,37,37,37,37,-48,-48,-56,91,56,88,-63,9,-112,-38,-86,-14,45,-98,-101,-65,-25,8,19,-106,7,-83,62,-104,-51,-29,-49,64,-97,-59,48,-121,-89,67,47,-13,-30,-46,-115,19,-120,113,-61,-18,-109,121,-10,96,74,98,43,96,-70,-27,-104,99,11,110
1072,0,-62,37,37,37,37,37,-48,-48,-56,91,56,88,-63,9,-112,-38,-86,-14,45,-98,-101,-65,-25,8,19,-106,7,-83,62,-104,-51,-29,-49,64,-97,-59,48,-121,-89,67,47,-13,-30,-46,-115,19,-120,113,-61,-18,-109,121,-10,96,74,98,43,96,-70,-27,-104,99,11,110
1073,0,-62,37,37,37,37,37,-48,-48,-56,91,56,88,-63,9,-112,-38,-86,-14,45,-98,-101,-65,-25,8,19,-106,7,-83,62,-104,-51,-29,-49,64,-97,-59,48,-121,-89,67,47,-13,-30,-46,-115,19,-120,113,-61,-18,-109,121,-10,96,74,98,43,96,-70,-27,-104,99,11,110
1074,0,81,81,-31,-31,-31,-31,-31,95,105,-56,91,56,88,-63,9,-112,-38,-86,-14,45,-98,-101,-65,-25,8,19,-106,7,-83,62,-104,-51,39,-77,101,110,-50,54,0,-36,45,-57,-19,111,-85,61,-4,-67,-72,99,69,48,-110,-98,-80,-16,-36,44,60,19,27,-48,-4,-98
1075,0,81,81,-31,-31,-31,-31,-31,95,105,-56,91,56,88,-63,9,-112,-38,-86,-14,45,-98,-101,-65,-25,8,19,-106,7,-83,62,-104,-51,39,-77,101,110,-50,54,0,-36,45,-57,-19,111,-85,61,-4,-67,-72,99,69,48,-110,-98,-80,-16,-36,44,60,19,27,-48,-4,-98
1076,0,81,81,-31,-31,-31,-31,-31,95,105,-56,91,56,88,-63,9,-112,-38,-86,-14,45,-98,-101,-65,-25,8,19,-106,7,-83,62,-104,-51,39,-77,101,110,-50,54,0,-36,45,-57,-19,111,-85,61,-4,-67,-72,99,69,48,-110,-98,-80,-16,-36,44,60,19,27,-48,-4,-98
1077,0,19,19,19,-91,-91,-91,-91,-91,33,105,-56,91,56,88,-63,9,-112,-38,-86,-14,45,-98,-101,-65,-25,8,19,-106,7,-83,62,-104,18,37,47,89,45,57,-87,71,21,-51,80,17,-113,-110,-57,10,80,-47,88,-61,124,-10,11,44,-122,34,-8,99,-60,21,48,106
1078,0,19,19,19,-91,-91,-91,-91,-91,33,105,-56,91,56,88,-63,9,-112,-38,-86,-14,45,-98,-101,-65,-25,8,19,-106,7,-83,62,-104,18,37,47,89,45,57,-87,71,21,-51,80,17,-113,-110,-57,10,80,-47,88,-61,124,-10,11,44,-122,34,-8,99,-60,21,48,106
1079,0,19,19,19,-91,-91,-91,-91,-91,33,105,-56,91,56,88,-63,9,-112,-38,-86,-14,45,-98,-101,-65,-25,8,19,-106,7,-83,62,-104,18,37,47,89,45,57,-87,71,21,-51,80,17,-113,-110,-57,10,80,-47,88,-61,124,-10,11,44,-122,34,-8,99,-60,21,48,106
1080,0,-70,-70,-70,-70,2,2,2,2,-39,33,105,-56,91,56,88,-63,9,-112,-38,-86,-14,45,-98,-101,-65,-25,8,19,-106,7,-83,62,8,118,-40,-40,-54,-48,36,-110,11,-10,11,-12,-88,-105,53,-26,-89,88,60,114,-63,112,78,98,105,-9,2,-106,0,-105,-33,86
1081,0,-70,-70,-70,-70,2,2,2,2,-39,33,105,-56,91,56,88,-63,9,-112,-38,-86,-14,45,-98,-101,-65,-25,8,19,-106,7,-83,62,8,118,-40,-40,-54,-48,36,-110,11,-10,11,-12,-88,-105,53,-26,-89,88,60,114,-63,112,78,98,105,-9,2,-106,0,-105,-33,86
1082,0,-70,-70,-70,-70,2,2,2,2,-39,33,105,-56,91,56,88,-63,9,-112,-38,-86,-14,45,-98,-101,-65,-25,8,19,-106,7,-83,62,8,118,-40,-40,-54,-48,36,-110,11,-10,11,-12,-88,-105,53,-26,-89,88,60,114,-63,112,78,98,105,-9,2,-106,0,-105,-33,86
1083,0,44,44,44,44,44,25,25,25,98,-39,33,105,-56,91,56,88,-63,9,-112,-38,-86,-14,45,-98,-101,-65,-25,8,19,-106,7,-83,-33,-37,-79,79,75,-28,105,-46,13,-41,36,43,68,111,-34,86,112,117,21,-125,10,-1,19,115,-13,90,-95,50,-52,119,0,-29
1084,0,44,44,44,44,44,25,25,25,98,-39,33,105,-56,91,56,88,-63,9,-112,-38,-86,-14,45,-98,-101,-65,-25,8,19,-106,7,-83,-33,-37,-79,79,75,-28,105,-46,13,-41,36,43,68,111,-34,86,112,117,21,-125,10,-1,19,115,-13,90,-95,50,-52,119,0,-29
1085,0,44,44,44,44,44,25,25,25,98,-39,33,105,-56,91,56,88,-63,9,-112,-38,-86,-14,45,-98,-101,-65,-25,8,19,-106,7,-83,-33,-37,-79,79,75,-28,105,-46,13,-41,36,43,68,111,-34,86,112,117,21,-125,10,-1,19,115,-13,90,-95,50,-52,119,0,-29
1086,0,86,-13,-13,-13,-13,-13,89,89,15,98,-39,33,105,-56,91,56,88,-63,9,-112,-38,-86,-14,45,-98,-101,-65,-25,8,19,-106,7,29,120,-43,-16,-18,73,-110,-60,-33,102,-71,-83,48,17,-104,81,-33,95,3,-42,63,-106,27,104,43,-82,42,33,117,25,101,-48
1087,0,86,-13,-13,-13,-13,-13,89,89,15,98,-39,33,105,-56,91,56,88,-63,9,-112,-38,-86,-14,45,-98,-101,-65,-25,8,19,-106,7,29,120,-43,-16,-18,73,-110,-60,-33,102,-71,-83,48,17,-104,81,-33,95,3,-42,63,-106,27,104,43,-82,42,33,117,25,101,-48
1088,0,86,-13,-13,-13,-13,-13,89,89,15,98,-39,33,105,-56,91,56,88,-63,9,-112,-38,-86,-14,45,-98,-101,-65,-25,8,19,-106,7,29,120,-43,-16,-18,73,-110,-60,-33,102,-71,-83,48,17,-104,81,-33,95,3,-42,63,-106,27,104,43,-82,42,33,117,25,101,-48
1089,0,79,79,76,76,76,76,76,-105,63,15,98,-39,33,105,-56,91,56,88,-63,9,-112,-38,-86,-14,45,-98,-101,-65,-25,8,19,-106,-90,-98,88,-49,-86,64,-114,-92,51,19,69,76,80,-44,72,97,-4,-71,-43,-20,117,78,-110,64,-73,127,-86,-43,120,76,-6,-91
1090,0,79,79,76,76,76,76,76,-105,63,15,98,-39,33,105,-56,91,56,88,-63,9,-112,-38,-86,-14,45,-98,-101,-65,-25,8,19,-106,-90,-98,88,-49,-86,64,-114,-92,51,19,69,76,80,-44,72,97,-4,-71,-43,-20,117,78,-110,64,-73,127,-86,-43,120,76,-6,-91
1091,0,79,79,76,76,76,76,76,-105,63,15,98,-39,33,105,-56,91,56,88,-63,9,-112,-38,-86,-14,45,-98,-101,-65,-25,8,19,-106,-90,-98,88,-49,-86,64,-114,-92,51,19,69,76,80,-44,72,97,-4,-71,-43,-20,117,78,-110,64,-73,127,-86,-43,120,76,-6,-91
1092,0,-123,-123,-123,-44,-44,-44,-44,-44,-84,63,15,98,-39,33,105,-56,91,56,88,-63,9,-112,-38,-86,-14,45,-98,-101,-65,-25,8,19,37,79,126,-107,-14,-67,-11,-18,97,-55,29,-77,-9,-7,-74,-10,-89,-97,65,95,25,109,8,-83,-85,16,-85,55,-119,-87,-1,-16
1093,0,-123,-123,-123,-44,-44,-44,-44,-44,-84,63,15,98,-39,33,105,-56,91,56,88,-63,9,-112,-38,-86,-14,45,-98,-101,-65,-25,8,19,37,79,126,-107,-14,-67,-11,-18,97,-55,29,-77,-9,-7,-74,-10,-89,-97,65,95,25,109,8,-83,-85,16,-85,55,-119,-87,-1,-16
1094,0,-123,-123,-123,-44,-44,-44,-44,-44,-84,63,15,98,-39,33,105,-56,91,56,88,-63,9,-112,-38,-86,-14,45,-98,-101,-65,-25,8,19,37,79,126,-107,-14,-67,-11,-18,97,-55,29,-77,-9,-7,-74,-10,-89,-97,65,95,25,109,8,-83,-85,16,-85,55,-119,-87,-1,-16
1095,0,-68,-68,-68,-68,-99,-99,-99,-99,-62,-84,63,15,98,-39,33,105,-56,91,56,88,-63,9,-112,-38,-86,-14,45,-98,-101,-65,-25,8,39,25,86,-83,7,-19,87,50,107,112,-126,-1,25,43,102,115,91,-26,-14,33,70,-17,63,70,55,-58,-30,-41,-115,-107,-30,-13
1096,0,-68,-68,-68,-68,-99,-99,-99,-99,-62,-84,63,15,98,-39,33,105,-56,91,56,88,-63,9,-112,-38,-86,-14,45,-98,-101,-65,-25,8,39,25,86,-83,7,-19,87,50,107,112,-126,-1,25,43,102,115,91,-26,-14,33,70,-17,63,70,55,-58,-30,-41,-115,-107,-30,-13
1097,0,-68,-68,-68,-68,-99,-99,-99,-99,-62,-84,63,15,98,-39,33,105,-56,91,56,88,-63,9,-112,-38,-86,-14,45,-98,-101,-65,-25,8,39,25,86,-83,7,-19,87,50,107,112,-126,-1,25,43,102,115,91,-26,-14,33,70,-17,63,70,55,-58,-30,-41,-115,-107,-30,-13
1098,0,23,23,23,23,23,69,69,69,81,-62,-84,63,15,98,-39,33,105,-56,91,56,88,-63,9,-112,-38,-86,-14,45,-98,-101,-65,-25,-74,-97,39,79,99,-51,-76,-107,-89,-18,86,37,-85,-53,23,81,-37,-88,127,6,-90,67,60,-31,71,97,-59,-121,50,-60,106,33
1099,0,23,23,23,23,23,69,69,69,81,-62,-84,63,15,98,-39,33,105,-56,91,56,88,-63,9,-112,-38,-86,-14,45,-98,-101,-65,-25,-74,-97,39,79,99,-51,-76,-107,-89,-18,86,37,-85,-53,23,81,-37,-88,127,6,-90,67,60,-31,71,97,-59,-121,50,-60,106,33
1100,0,23,23,23,23,23,69,69,69,81,-62,-84,63,15,98,-39,33,105,-56,91,56,88,-63,9,-112,-38,-86,-14,45,-98,-101,-65,-25,-74,-97,39,79,99,-51,-76,-107,-89,-18,86,37,-85,-53,23,81,-37,-88,127,6,-90,67,60,-31,71,97,-59,-121,50,-60,106,33
1101,0,-20,-58,-58,-58,-58,-58,47,47,19,81,-62,-84,63,15,98,-39,33,105,-56,91,56,88,-63,9,-112,-38,-86,-14,45,-98,-101,-65,-33,-37,-60,17,117,117,-57,49,-70,116,38,2,87,-14,-24,30,123,-110,-110,110,58,51,-35,104,56,89,-63,-13,85,86,6,0
1102,0,-20,-58,-58,-58,-58,-58,47,47,19,81,-62,-84,63,15,98,-39,33,105,-56,91,56,88,-63,9,-112,-38,-86,-14,45,-98,-101,-65,-33,-37,-60,17,117,117,-57,49,-70,116,38,2,87,-14,-24,30,123,-110,-110,110,58,51,-35,104,56,89,-63,-13,85,86,6,0
1103,0,-20,-58,-58,-58,-58,-58,47,47,19,81,-62,-84,63,15,98,-39,33,105,-56,91,56,88,-63,9,-112,-38,-86,-14,45,-98,-101,-65,-33,-37,-60,17,117,117,-57,49,-70,116,38,2,87,-14,-24,30,123,-110,-110,110,58,51,-35,104,56,89,-63,-13,85,86,6,0
1104,0,-78,-78,4,4,4,4,4,-109,-70,19,81,-62,-84,63,15,98,-39,33,105,-56,91,56,88,-63,9,-112,-38,-86,-14,45,-98,-101,72,-125,-47,-105,38,-55,-44,34,-12,59,-97,9,103,30,-15,-101,13,123,-28,-69,-78,-14,97,-30,63,-96,-74,-115,11,64,-36,35
1105,0,-78,-78,4,4,4,4,4,-109,-70,19,81,-62,-84,63,15,98,-39,33,105,-56,91,56,88,-63,9,-112,-38,-86,-14,45,-98,-101,72,-125,-47,-105,38,-55,-44,34,-12,59,-97,9,103,30,-15,-101,13,123,-28,-69,-78,-14,97,-30,63,-96,-74,-115,11,64,-36,35
1106,0,-78,-78,4,4,4,4,4,-109,-70,19,81,-62,-84,63,15,98,-39,33,105,-56,91,56,88,-63,9,-112,-38,-86,-14,45,-98,-101,72,-125,-47,-105,38,-55,-44,34,-12,59,-97,9,103,30,-15,-101,13,123,-28,-69,-78,-14,97,-30,63,-96,-74,-115,11,64,-36,35
1107,0,-92,-92,-92,102,102,102,102,102,44,-70,19,81,-62,-84,63,15,98,-39,33,105,-56,91,56,88,-63,9,-112,-38,-86,-14,45,-98,-71,93,101,98,-55,13,-91,-53,-29,117,-116,50,-52,-88,-40,-123,-67,-117,43,-121,113,30,-2,-5,-81,-77,-127,-14,-13,-37,11,8
1108,0,-92,-92,-92,102,102,102,102,102,44,-70,19,81,-62,-84,63,15,98,-39,33,105,-56,91,56,88,-63,9,-112,-38,-86,-14,45,-98,-71,93,101,98,-55,13,-91,-53,-29,117,-116,50,-52,-88,-40,-123,-67,-117,43,-121,113,30,-2,-5,-81,-77,-127,-14,-13,-37,11,8
1109,0,-92,-92,-92,102,102,102,102,102,44,-70,19,81,-62,-84,63,15,98,-39,33,105,-56,91,56,88,-63,9,-112,-38,-86,-14,45,-98,-71,93,101,98,-55,13,-91,-53,-29,117,-116,50,-52,-88,-40,-123,-67,-117,43,-121,113,30,-2,-5,-81,-77,-127,-14,-13,-37,11,8
1110,0,-114,-114,-114,-114,125,125,125,125,86,44,-70,19,81,-62,-84,63,15,98,-39,33,105,-56,91,56,88,-63,9,-112,-38,-86,-14,45,48,84,-57,-40,-119,-76,71,-41,117,25,-125,-9,26,81,14,-71,115,61,28,-14,14,-81,68,-31,-9,-88,-103,-11,-6,-13,-77,-113
1111,0,-114,-114,-114,-114,125,125,125,125,86,44,-70,19,81,-62,-84,63,15,98,-39,33,105,-56,91,56,88,-63,9,-112,-38,-86,-14,45,48,84,-57,-40,-119,-76,71,-41,117,25,-125,-9,26,81,14,-71,115,61,28,-14,14,-81,68,-31,-9,-88,-103,-11,-6,-13,-77,-113
1112,0,-114,-114,-114,-114,125,125,125,125,86,44,-70,19,81,-62,-84,63,15,98,-39,33,105,-56,91,56,88,-63,9,-112,-38,-86,-14,45,48,84,-57,-40,-119,-76,71,-41,117,25,-125,-9,26,81,14,-71,115,61,28,-14,14,-81,68,-31,-9,-88,-103,-11,-6,-13,-77,-113
1113,0,-65,-65,-65,-65,-65,43,43,43,79,86,44,-70,19,81,-62,-84,63,15,98,-39,33,105,-56,91,56,88,-63,9,-112,-38,-86,-14,28,-28,-33,-28,-105,-120,-41,-92,82,-82,-102,19,35,-57,93,-41,-6,-58,-9,58,127,89,107,7,-33,-122,126,41,64,49,18,82
1114,0,-65,-65,-65,-65,-65,43,43,43,79,86,44,-70,19,81,-62,-84,63,15,98,-39,33,105,-56,91,56,88,-63,9,-112,-38,-86,-14,28,-28,-33,-28,-105,-120,-41,-92,82,-82,-102,19,35,-57,93,-41,-6,-58,-9,58,127,89,107,7,-33,-122,126,41,64,49,18,82
1115,0,-65,-65,-65,-65,-65,43,43,43,79,86,44,-70,19,81,-62,-84,63,15,98,-39,33,105,-56,91,56,88,-63,9,-112,-38,-86,-14,28,-28,-33,-28,-105,-120,-41,-92,82,-82,-102,19,35,-57,93,-41,-6,-58,-9,58,127,89,107,7,-33,-122,126,41,64,49,18,82
1116,0,-120,-111,-111,-111,-111,-111,0,0,-123,79,86,44,-70,19,81,-62,-84,63,15,98,-39,33,105,-56,91,56,88,-63,9,-112,-38,-86,-40,-39,26,71,-61,83,-5,-7,-7,75,-7,87,-115,104,31,6,13,-4,-30,83,2,126,-118,99,101,-116,-100,30,0,1,53,92
1117,0,-120,-111,-111,-111,-111,-111,0,0,-123,79,86,44,-70,19,81,-62,-84,63,15,98,-39,33,105,-56,91,56,88,-63,9,-112,-38,-86,-40,-39,26,71,-61,83,-5,-7,-7,75,-7,87,-115,104,31,6,13,-4,-30,83,2,126,-118,99,101,-116,-100,30,0,1,53,92
1118,0,-120,-111,-111,-111,-111,-111,0,0,-123,79,86,44,-70,19,81,-62,-84,63,15,98,-39,33,105,-56,91,56,88,-63,9,-112,-38,-86,-40,-39,26,71,-61,83,-5,-7,-7,75,-7,87,-115,104,31,6,13,-4,-30,83,2,126,-118,99,101,-116,-100,30,0,1,53,92
1119,0,8,8,-126,-126,-126,-126,-126,-65,-68,-123,79,86,44,-70,19,81,-62,-84,63,15,98,-39,33,105,-56,91,56,88,-63,9,-112,-38,74,97,-75,-84,111,123,15,-25,19,-6,-78,-69,118,37,-60,-15,60,-18,-37,49,-84,-72,127,62,76,-2,-34,15,39,-94,38,85
1120,0,8,8,-126,-126,-126,-126,-126,-65,-68,-123,79,86,44,-70,19,81,-62,-84,63,15,98,-39,33,105,-56,91,56,88,-63,9,-112,-38,74,97,-75,-84,111,123,15,-25,19,-6,-78,-69,118,37,-60,-15,60,-18,-37,49,-84,-72,127,62,76,-2,-34,15,39,-94,38,85
1121,0,8,8,-126,-126,-126,-126,-126,-65,-68,-123,79,86,44,-70,19,81,-62,-84,63,15,98,-39,33,105,-56,91,56,88,-63,9,-112,-38,74,97,-75,-84,111,123,15,-25,19,-6,-78,-69,118,37,-60,-15,60,-18,-37,49,-84,-72,127,62,76,-2,-34,15,39,-94,38,85
1122,0,98,98,98,-51,-51,-51,-51,-51,23,-68,-123,79,86,44,-70,19,81,-62,-84,63,15,98,-39,33,105,-56,91,56,88,-63,9,-112,90,-31,19,32,-66,8,-119,6,-83,7,90,-94,-80,-121,-123,-1,-29,26,-99,-56,-99,109,-75,32,-37,-113,13,-9,44,-96,-96,-53
1123,0,98,98,98,-51,-51,-51,-51,-51,23,-68,-123,79,86,44,-70,19,81,-62,-84,63,15,98,-39,33,105,-56,91,56,88,-63,9,-112,90,-31,19,32,-66,8,-119,6,-83,7,90,-94,-80,-121,-123,-1,-29,26,-99,-56,-99,109,-75,32,-37,-113,13,-9,44,-96,-96,-53
1124,0,98,98,98,-51,-51,-51,-51,-51,23,-68,-123,79,86,44,-70,19,81,-62,-84,63,15,98,-39,33,105,-56,91,56,88,-63,9,-112,90,-31,19,32,-66,8,-119,6,-83,7,90,-94,-80,-121,-123,-1,-29,26,-99,-56,-99,109,-75,32,-37,-113,13,-9,44,-96,-96,-53
1125,0,-25,-25,-25,-25,-87,-87,-87,-87,-20,23,-68,-123,79,86,44,-70,19,81,-62,-84,63,15,98,-39,33,105,-56,91,56,88,-63,9,25,-38,-101,-8,41,-109,-45,28,-100,-84,-70,41,60,-71,91,-107,-27,-32,-47,54,99,-66,126,-18,-121,113,-14,-71,61,-91,7,-19
1126,0,-25,-25,-25,-25,-87,-87,-87,-87,-20,23,-68,-123,79,86,44,-70,19,81,-62,-84,63,15,98,-39,33,105,-56,91,56,88,-63,9,25,-38,-101,-8,41,-109,-45,28,-100,-84,-70,41,60,-71,91,-107,-27,-32,-47,54,99,-66,126,-18,-121,113,-14,-71,61,-91,7,-19
1127,0,-25,-25,-25,-25,-87,-87,-87,-87,-20,23,-68,-123,79,86,44,-70,19,81,-62,-84,63,15,98,-39,33,105,-56,91,56,88,-63,9,25,-38,-101,-8,41,-109,-45,28,-100,-84,-70,41,60,-71,91,-107,-27,-32,-47,54,99,-66,126,-18,-121,113,-14,-71,61,-91,7,-19
1128,0,-86,-86,-86,-86,-86,68,68,68,-78,-20,23,-68,-123,79,86,44,-70,19,81,-62,-84,63,15,98,-39,33,105,-56,91,56,88,-63,100,15,54,114,-59,-28,0,62,28,-122,-30,-56,95,-76,-46,-11,-54,-67,119,105,-10,66,65,98,-35,-66,-67,-66,74,-2,123,-88
1129,0,-86,-86,-86,-86,-86,68,68,68,-78,-20,23,-68,-123,79,86,44,-70,19,81,-62,-84,63,15,98,-39,33,105,-56,91,56,88,-63,100,15,54,114,-59,-28,0,62,28,-122,-30,-56,95,-76,-46,-11,-54,-67,119,105,-10,66,65,98,-35,-66,-67,-66,74,-2,123,-88
1130,0,-86,-86,-86,-86,-86,68,68,68,-78,-20,23,-68,-123,79,86,44,-70,19,81,-62,-84,63,15,98,-39,33,105,-56,91,56,88,-63,100,15,54,114,-59,-28,0,62,28,-122,-30,-56,95,-76,-46,-11,-54,-67,119,105,-10,66,65,98,-35,-66,-67,-66,74,-2,123,-88
1131,0,14,-25,-25,-25,-25,-25,-47,-47,-92,-78,-20,23,-68,-123,79,86,44,-70,19,81,-62,-84,63,15,98,-39,33,105,-56,91,56,88,76,-21,-104,-53,-112,51,71,32,-110,33,-73,12,38,-29,-127,63,-71,106,-78,-67,46,120,56,-54,2,-44,-44,44,114,-59,-67,-104
1132,0,14,-25,-25,-25,-25,-25,-47,-47,-92,-78,-20,23,-68,-123,79,86,44,-70,19,81,-62,-84,63,15,98,-39,33,105,-56,91,56,88,76,-21,-104,-53,-112,51,71,32,-110,33,-73,12,38,-29,-127,63,-71,106,-78,-67,46,120,56,-54,2,-44,-44,44,114,-59,-67,-104
1133,0,14,-25,-25,-25,-25,-25,-47,-47,-92,-78,-20,23,-68,-123,79,86,44,-70,19,81,-62,-84,63,15,98,-39,33,105,-56,91,56,88,76,-21,-104,-53,-112,51,71,32,-110,33,-73,12,38,-29,-127,63,-71,106,-78,-67,46,120,56,-54,2,-44,-44,44,114,-59,-67,-104
1134,0,107,107,81,81,81,81,81,-71,-114,-92,-78,-20,23,-68,-123,79,86,44,-70,19,81,-62,-84,63,15,98,-39,33,105,-56,91,56,58,-48,-9,-78,-41,-58,-69,122,79,93,-95,-41,123,55,38,-50,112,-108,26,-80,4,-74,-28,82,55,-80,-89,45,-66,46,54,-67
1135,0,107,107,81,81,81,81,81,-71,-114,-92,-78,-20,23,-68,-123,79,86,44,-70,19,81,-62,-84,63,15,98,-39,33,105,-56,91,56,58,-48,-9,-78,-41,-58,-69,122,79,93,-95,-41,123,55,38,-50,112,-108,26,-80,4,-74,-28,82,55,-80,-89,45,-66,46,54,-67
1136,0,107,107,81,81,81,81,81,-71,-114,-92,-78,-20,23,-68,-123,79,86,44,-70,19,81,-62,-84,63,15,98,-39,33,105,-56,91,56,58,-48,-9,-78,-41,-58,-69,122,79,93,-95,-41,123,55,38,-50,112,-108,26,-80,4,-74,-28,82,55,-80,-89,45,-66,46,54,-67
1137,0,105,105,105,81,81,81,81,81,-65,-114,-92,-78,-20,23,-68,-123,79,86,44,-70,19,81,-62,-84,63,15,98,-39,33,105,-56,91,66,95,-49,7,41,50,57,-8,13,44,-84,84,-80,-42,-34,62,100,118,69,50,86,-86,-61,-57,-74,-14,-58,0,66,-54,21,-112
1138,0,105,105,105,81,81,81,81,81,-65,-114,-92,-78,-20,23,-68,-123,79,86,44,-70,19,81,-62,-84,63,15,98,-39,33,105,-56,91,66,95,-49,7,41,50,57,-8,13,44,-84,84,-80,-42,-34,62,100,118,69,50,86,-86,-61,-57,-74,-14,-58,0,66,-54,21,-112
1139,0,105,105,105,81,81,81,81,81,-65,-114,-92,-78,-20,23,-68,-123,79,86,44,-70,19,81,-62,-84,63,15,98,-39,33,105,-56,91,66,95,-49,7,41,50,57,-8,13,44,-84,84,-80,-42,-34,62,100,118,69,50,86,-86,-61,-57,-74,-14,-58,0,66,-54,21,-112
1140,0,-2,-2,-2,-2,2,2,2,2,-120,-65,-114,-92,-78,-20,23,-68,-123,79,86,44,-70,19,81,-62,-84,63,15,98,-39,33,105,-56,34,-9,-3,-104,-121,-11,0,85,33,-94,-42,-45,-7,49,0,93,29,59,-25,84,-31,50,38,45,66,122,85,-73,60,43,86,-82
1141,0,-2,-2,-2,-2,2,2,2,2,-120,-65,-114,-92,-78,-20,23,-68,-123,79,86,44,-70,19,81,-62,-84,63,15,98,-39,33,105,-56,34,-9,-3,-104,-121,-11,0,85,33,-94,-42,-45,-7,49,0,93,29,59,-25,84,-31,50,38,45,66,122,85,-73,60,43,86,-82
1142,0,-2,-2,-2,-2,2,2,2,2,-120,-65,-114,-92,-78,-20,23,-68,-123,79,86,44,-70,19,81,-62,-84,63,15,98,-39,33,105,-56,34,-9,-3,-104,-121,-11,0,85,33,-94,-42,-45,-7,49,0,93,29,59,-25,84,-31,50,38,45,66,122,85,-73,60,43,86,-82
1143,0,-36,-36,-36,-36,-36,-108,-108,-108,8,-120,-65,-114,-92,-78,-20,23,-68,-123,79,86,44,-70,19,81,-62,-84,63,15,98,-39,33,105,-64,-6,-42,-23,-118,-68,-92,-102,22,67,93,80,4,33,-76,-36,84,24,-45,82,-8,-26,80,-124,115,-86,-123,-58,81,-96,96,1
1144,0,-36,-36,-36,-36,-36,-108,-108,-108,8,-120,-65,-114,-92,-78,-20,23,-68,-123,79,86,44,-70,19,81,-62,-84,63,15,98,-39,33,105,-64,-6,-42,-23,-118,-68,-92,-102,22,67,93,80,4,33,-76,-36,84,24,-45,82,-8,-26,80,-124,115,-86,-123,-58,81,-96,96,1
1145,0,-36,-36,-36,-36,-36,-108,-108,-108,8,-120,-65,-114,-92,-78,-20,23,-68,-123,79,86,44,-70,19,81,-62,-84,63,15,98,-39,33,105,-64,-6,-42,-23,-118,-68,-92,-102,22,67,93,80,4,33,-76,-36,84,24,-45,82,-8,-26,80,-124,115,-86,-123,-58,81,-96,96,1
1146,0,10,82,82,82,82,82,37,37,98,8,-120,-65,-114,-92,-78,-20,23,-68,-123,79,86,44,-70,19,81,-62,-84,63,15,98,-39,33,-39,-35,-41,39,-62,-85,-32,-49,-31,45,12,-84,-25,-76,73,23,112,25,-67,-9,-93,48,-89,-46,-80,-47,113,64,8,81,102,98
1147,0,10,82,82,82,82,82,37,37,98,8,-120,-65,-114,-92,-78,-20,23,-68,-123,79,86,44,-70,19,81,-62,-84,63,15,98,-39,33,-39,-35,-41,39,-62,-85,-32,-49,-31,45,12,-84,-25,-76,73,23,112,25,-67,-9,-93,48,-89,-46,-80,-47,113,64,8,81,102,98
1148,0,10,82,82,82,82,82,37,37,98,8,-120,-65,-114,-92,-78,-20,23,-68,-123,79,86,44,-70,19,81,-62,-84,63,15,98,-39,33,-39,-35,-41,39,-62,-85,-32,-49,-31,45,12,-84,-25,-76,73,23,112,25,-67,-9,-93,48,-89,-46,-80,-47,113,64,8,81,102,98
1149,0,-13,-13,59,59,59,59,59,-101,-25,98,8,-120,-65,-114,-92,-78,-20,23,-68,-123,79,86,44,-70,19,81,-62,-84,63,15,98,-39,-119,-29,-10,25,93,115,-31,-104,-63,44,59,66,125,121,99,17,-32,12,-94,70,-60,-53,-96,-120,0,13,65,41,23,49,-3,45
1150,0,-13,-13,59,59,59,59,59,-101,-25,98,8,-120,-65,-114,-92,-78,-20,23,-68,-123,79,86,44,-70,19,81,-62,-84,63,15,98,-39,-119,-29,-10,25,93,115,-31,-104,-63,44,59,66,125,121,99,17,-32,12,-94,70,-60,-53,-96,-120,0,13,65,41,23,49,-3,45
1151,0,-13,-13,59,59,59,59,59,-101,-25,98,8,-120,-65,-114,-92,-78,-20,23,-68,-123,79,86,44,-70,19,81,-62,-84,63,15,98,-39,-119,-29,-10,25,93,115,-31,-104,-63,44,59,66,125,121,99,17,-32,12,-94,70,-60,-53,-96,-120,0,13,65,41,23,49,-3,45
1152,0,11,11,11,105,105,105,105,105,-86,-25,98,8,-120,-65,-114,-92,-78,-20,23,-68,-123,79,86,44,-70,19,81,-62,-84,63,15,98,-29,-8,20,-41,7,-20,-49,94,126,-57,94,-29,-58,-7,60,-101,78,-7,-94,-10,-17,-76,19,-53,-124,-110,45,-124,32,24,89,-65
1153,0,11,11,11,105,105,105,105,105,-86,-25,98,8,-120,-65,-114,-92,-78,-20,23,-68,-123,79,86,44,-70,19,81,-62,-84,63,15,98,-29,-8,20,-41,7,-20,-49,94,126,-57,94,-29,-58,-7,60,-101,78,-7,-94,-10,-17,-76,19,-53,-124,-110,45,-124,32,24,89,-65
1154,0,11,11,11,105,105,105,105,105,-86,-25,98,8,-120,-65,-114,-92,-78,-20,23,-68,-123,79,86,44,-70,19,81,-62,-84,63,15,98,-29,-8,20,-41,7,-20,-49,94,126,-57,94,-29,-58,-7,60,-101,78,-7,-94,-10,-17,-76,19,-53,-124,-110,45,-124,32,24,89,-65
1155,0,73,73,73,73,-127,-127,-127,-127,14,-86,-25,98,8,-120,-65,-114,-92,-78,-20,23,-68,-123,79,86,44,-70,19,81,-62,-84,63,15,30,88,-97,37,28,-38,97,-7,108,103,19,-95,20,47,50,14,-54,3,2,-107,-41,-29,-20,93,-123,-1,87,-45,-25,114,-2,-98
1156,0,73,73,73,73,-127,-127,-127,-127,14,-86,-25,98,8,-120,-65,-114,-92,-78,-20,23,-68,-123,79,86,44,-70,19,81,-62,-84,63,15,30,88,-97,37,28,-38,97,-7,108,103,19,-95,20,47,50,14,-54,3,2,-107,-41,-29,-20,93,-123,-1,87,-45,-25,114,-2,-98
1157,0,73,73,73,73,-127,-127,-127,-127,14,-86,-25,98,8,-120,-65,-114,-92,-78,-20,23,-68,-123,79,86,44,-70,19,81,-62,-84,63,15,30,88,-97,37,28,-38,97,-7,108,103,19,-95,20,47,50,14,-54,3,2,-107,-41,-29,-20,93,-123,-1,87,-45,-25,114,-2,-98
1158,0,54,54,54,54,54,15,15,15,107,14,-86,-25,98,8,-120,-65,-114,-92,-78,-20,23,-68,-123,79,86,44,-70,19,81,-62,-84,63,-32,-85,-112,23,-46,108,89,68,59,-109,-52,125,-127,-99,44,120,-63,71,-124,-101,0,62,-104,111,120,-77,8,124,-106,24,-11,51
1159,0,54,54,54,54,54,15,15,15,107,14,-86,-25,98,8,-120,-65,-114,-92,-78,-20,23,-68,-123,79,86,44,-70,19,81,-62,-84,63,-32,-85,-112,23,-46,108,89,68,59,-109,-52,125,-127,-99,44,120,-63,71,-124,-101,0,62,-104,111,120,-77,8,124,-106,24,-11,51
1160,0,54,54,54,54,54,15,15,15,107,14,-86,-25,98,8,-120,-65,-114,-92,-78,-20,23,-68,-123,79,86,44,-70,19,81,-62,-84,63,-32,-85,-112,23,-46,108,89,68,59,-109,-52,125,-127,-99,44,120,-63,71,-124,-101,0,62,-104,111,120,-77,8,124,-106,24,-11,51
1161,0,24,56,56,56,56,56,-30,-30,105,107,14,-86,-25,98,8,-120,-65,-114,-92,-78,-20,23,-68,-123,79,86,44,-70,19,81,-62,-84,-34,-73,62,-78,-113,-45,102,38,75,66,-118,34,-93,21,-87,55,35,13,-50,49,-54,11,-22,47,-86,51,43,-116,-64,-106,-89,95
1162,0,24,56,56,56,56,56,-30,-30,105,107,14,-86,-25,98,8,-120,-65,-114,-92,-78,-20,23,-68,-123,79,86,44,-70,19,81,-62,-84,-34,-73,62,-78,-113,-45,102,38,75,66,-118,34,-93,21,-87,55,35,13,-50,49,-54,11,-22,47,-86,51,43,-116,-64,-106,-89,95
1163,0,24,56,56,56,56,56,-30,-30,105,107,14,-86,-25,98,8,-120,-65,-114,-92,-78,-20,23,-68,-123,79,86,44,-70,19,81,-62,-84,-34,-73,62,-78,-113,-45,102,38,75,66,-118,34,-93,21,-87,55,35,13,-50,49,-54,11,-22,47,-86,51,43,-116,-64,-106,-89,95
1164,0,-57,-57,98,98,98,98,98,-38,-2,105,107,14,-86,-25,98,8,-120,-65,-114,-92,-78,-20,23,-68,-123,79,86,44,-70,19,81,-62,-126,-2,22,125,-61,-14,110,38,-89,-21,-3,-98,-58,-62,-22,79,72,-105,58,-105,-59,-4,53,109,-99,73,114,8,81,116,-28,112
1165,0,-57,-57,98,98,98,98,98,-38,-2,105,107,14,-86,-25,98,8,-120,-65,-114,-92,-78,-20,23,-68,-123,79,86,44,-70,19,81,-62,-126,-2,22,125,-61,-14,110,38,-89,-21,-3,-98,-58,-62,-22,79,72,-105,58,-105,-59,-4,53,109,-99,73,114,8,81,116,-28,112
1166,0,-57,-57,98,98,98,98,98,-38,-2,105,107,14,-86,-25,98,8,-120,-65,-114,-92,-78,-20,23,-68,-123,79,86,44,-70,19,81,-62,-126,-2,22,125,-61,-14,110,38,-89,-21,-3,-98,-58,-62,-22,79,72,-105,58,-105,-59,-4,53,109,-99,73,114,8,81,116,-28,112
1167,0,89,89,89,-37,-37,-37,-37,-37,-36,-2,105,107,14,-86,-25,98,8,-120,-65,-114,-92,-78,-20,23,-68,-123,79,86,44,-70,19,81,-54,62,78,-122,69,33,-34,81,-48,-92,64,81,48,-104,-127,108,116,43,-38,123,-25,-18,-12,53,49,104,91,36,34,117,-103,61
1168,0,89,89,89,-37,-37,-37,-37,-37,-36,-2,105,107,14,-86,-25,98,8,-120,-65,-114,-92,-78,-20,23,-68,-123,79,86,44,-70,19,81,-54,62,78,-122,69,33,-34,81,-48,-92,64,81,48,-104,-127,108,116,43,-38,123,-25,-18,-12,53,49,104,91,36,34,117,-103,61
1169,0,89,89,89,-37,-37,-37,-37,-37,-36,-2,105,107,14,-86,-25,98,8,-120,-65,-114,-92,-78,-20,23,-68,-123,79,86,44,-70,19,81,-54,62,78,-122,69,33,-34,81,-48,-92,64,81,48,-104,-127,108,116,43,-38,123,-25,-18,-12,53,49,104,91,36,34,117,-103,61
1170,0,69,69,69,69,-121,-121,-121,-121,10,-36,-2,105,107,14,-86,-25,98,8,-120,-65,-114,-92,-78,-20,23,-68,-123,79,86,44,-70,19,107,-12,3,-44,83,-78,73,54,3,-45,-61,-30,46,62,107,-71,126,-52,-55,71,8,118,42,-51,-90,-38,-25,28,-108,-32,-109,81
1171,0,69,69,69,69,-121,-121,-121,-121,10,-36,-2,105,107,14,-86,-25,98,8,-120,-65,-114,-92,-78,-20,23,-68,-123,79,86,44,-70,19,107,-12,3,-44,83,-78,73,54,3,-45,-61,-30,46,62,107,-71,126,-52,-55,71,8,118,42,-51,-90,-38,-25,28,-108,-32,-109,81
1172,0,69,69,69,69,-121,-121,-121,-121,10,-36,-2,105,107,14,-86,-25,98,8,-120,-65,-114,-92,-78,-20,23,-68,-123,79,86,44,-70,19,107,-12,3,-44,83,-78,73,54,3,-45,-61,-30,46,62,107,-71,126,-52,-55,71,8,118,42,-51,-90,-38,-25,28,-108,-32,-109,81
1173,0,-21,-21,-21,-21,-21,104,104,104,-13,10,-36,-2,105,107,14,-86,-25,98,8,-120,-65,-114,-92,-78,-20,23,-68,-123,79,86,44,-70,83,-124,-82,126,-99,-80,16,-58,105,103,77,-97,33,-100,-66,35,-77,-41,121,83,113,125,-124,-120,6,-74,117,-45,-57,-42,46,-43
1174,0,-21,-21,-21,-21,-21,104,104,104,-13,10,-36,-2,105,107,14,-86,-25,98,8,-120,-65,-114,-92,-78,-20,23,-68,-123,79,86,44,-70,83,-124,-82,126,-99,-80,16,-58,105,103,77,-97,33,-100,-66,35,-77,-41,121,83,113,125,-124,-120,6,-74,117,-45,-57,-42,46,-43
1175,0,-21,-21,-21,-21,-21,104,104,104,-13,10,-36,-2,105,107,14,-86,-25,98,8,-120,-65,-114,-92,-78,-20,23,-68,-123,79,86,44,-70,83,-124,-82,126,-99,-80,16,-58,105,103,77,-97,33,-100,-66,35,-77,-41,121,83,113,125,-124,-120,6,-74,117,-45,-57,-42,46,-43
1176,0,61,-122,-122,-122,-122,-122,99,99,11,-13,10,-36,-2,105,107,14,-86,-25,98,8,-120,-65,-114,-92,-78,-20,23,-68,-123,79,86,44,113,42,-85,29,107,-50,-75,-100,-54,113,31,-34,115,17,0,13,-59,-53,69,1,76,35,-99,-58,-113,95,-56,103,26,76,-47,112
1177,0,61,-122,-122,-122,-122,-122,99,99,11,-13,10,-36,-2,105,107,14,-86,-25,98,8,-120,-65,-114,-92,-78,-20,23,-68,-123,79,86,44,113,42,-85,29,107,-50,-75,-100,-54,113,31,-34,115,17,0,13,-59,-53,69,1,76,35,-99,-58,-113,95,-56,103,26,76,-47,112
1178,0,61,-122,-122,-122,-122,-122,99,99,11,-13,10,-36,-2,105,107,14,-86,-25,98,8,-120,-65,-114,-92,-78,-20,23,-68,-123,79,86,44,113,42,-85,29,107,-50,-75,-100,-54,113,31,-34,115,17,0,13,-59,-53,69,1,76,35,-99,-58,-113,95,-56,103,26,76,-47,112
1179,0,43,43,-68,-68,-68,-68,-68,-78,73,11,-13,10,-36,-2,105,107,14,-86,-25,98,8,-120,-65,-114,-92,-78,-20,23,-68,-123,79,86,90,65,-21,51,16,18,24,61,-125,-94,17,-33,-54,-50,122,86,-93,-8,57,66,-59,-27,53,-64,93,-47,102,85,75,25,45,25
1180,0,43,43,-68,-68,-68,-68,-68,-78,73,11,-13,10,-36,-2,105,107,14,-86,-25,98,8,-120,-65,-114,-92,-78,-20,23,-68,-123,79,86,90,65,-21,51,16,18,24,61,-125,-94,17,-33,-54,-50,122,86,-93,-8,57,66,-59,-27,53,-64,93,-47,102,85,75,25,45,25
1181,0,43,43,-68,-68,-68,-68,-68,-78,73,11,-13,10,-36,-2,105,107,14,-86,-25,98,8,-120,-65,-114,-92,-78,-20,23,-68,-123,79,86,90,65,-21,51,16,18,24,61,-125,-94,17,-33,-54,-50,122,86,-93,-8,57,66,-59,-27,53,-64,93,-47,102,85,75,25,45,25
1182,0,-10,-10,-10,52,52,52,52,52,54,73,11,-13,10,-36,-2,105,107,14,-86,-25,98,8,-120,-65,-114,-92,-78,-20,23,-68,-123,79,14,50,-26,-38,94,107,50,62,127,88,-27,-42,83,-29,74,-11,77,38,41,-104,-97,59,-76,48,12,3,62,2,103,-65,-106,-42
1183,0,-10,-10,-10,52,52,52,52,52,54,73,11,-13,10,-36,-2,105,107,14,-86,-25,98,8,-120,-65,-114,-92,-78,-20,23,-68,-123,79,14,50,-26,-38,94,107,50,62,127,88,-27,-42,83,-29,74,-11,77,38,41,-104,-97,59,-76,48,12,3,62,2,103,-65,-106,-42
1184,0,-10,-10,-10,52,52,52,52,52,54,73,11,-13,10,-36,-2,105,107,14,-86,-25,98,8,-120,-65,-114,-92,-78,-20,23,-68,-123,79,14,50,-26,-38,94,107,50,62,127,88,-27,-42,83,-29,74,-11,77,38,41,-104,-97,59,-76,48,12,3,62,2,103,-65,-106,-42
1185,0,-73,-73,-73,-73,34,34,34,34,24,54,73,11,-13,10,-36,-2,105,107,14,-86,-25,98,8,-120,-65,-114,-92,-78,-20,23,-68,-123,19,111,91,-66,-75,22,116,-120,-127,28,92,-62,9,38,-105,64,6,30,-90,122,39,77,106,-71,67,116,-53,17,23,-1,-99,-17
1186,0,-73,-73,-73,-73,34,34,34,34,24,54,73,11,-13,10,-36,-2,105,107,14,-86,-25,98,8,-120,-65,-114,-92,-78,-20,23,-68,-123,19,111,91,-66,-75,22,116,-120,-127,28,92,-62,9,38,-105,64,6,30,-90,122,39,77,106,-71,67,116,-53,17,23,-1,-99,-17
1187,0,-73,-73,-73,-73,34,34,34,34,24,54,73,11,-13,10,-36,-2,105,107,14,-86,-25,98,8,-120,-65,-114,-92,-78,-20,23,-68,-123,19,111,91,-66,-75,22,116,-120,-127,28,92,-62,9,38,-105,64,6,30,-90,122,39,77,106,-71,67,116,-53,17,23,-1,-99,-17
1188,0,-81,-81,-81,-81,-81,-21,-21,-21,-57,24,54,73,11,-13,10,-36,-2,105,107,14,-86,-25,98,8,-120,-65,-114,-92,-78,-20,23,-68,-34,125,-41,-92,122,-93,-69,41,-28,-21,-98,-63,-107,-93,48,49,-36,4,-69,26,-67,101,-101,28,37,61,-52,18,-36,-47,6,-29
1189,0,-81,-81,-81,-81,-81,-21,-21,-21,-57,24,54,73,11,-13,10,-36,-2,105,107,14,-86,-25,98,8,-120,-65,-114,-92,-78,-20,23,-68,-34,125,-41,-92,122,-93,-69,41,-28,-21,-98,-63,-107,-93,48,49,-36,4,-69,26,-67,101,-101,28,37,61,-52,18,-36,-47,6,-29
1190,0,-81,-81,-81,-81,-81,-21,-21,-21,-57,24,54,73,11,-13,10,-36,-2,105,107,14,-86,-25,98,8,-120,-65,-114,-92,-78,-20,23,-68,-34,125,-41,-92,122,-93,-69,41,-28,-21,-98,-63,-107,-93,48,49,-36,4,-69,26,-67,101,-101,28,37,61,-52,18,-36,-47,6,-29
1191,0,112,26,26,26,26,26,21,21,89,-57,24,54,73,11,-13,10,-36,-2,105,107,14,-86,-25,98,8,-120,-65,-114,-92,-78,-20,23,86,92,-117,25,-111,-8,126,27,71,-39,-120,80,62,-123,-93,123,-108,-117,-99,56,-64,53,70,117,-67,110,102,80,-123,-8,-71,-102
1192,0,112,26,26,26,26,26,21,21,89,-57,24,54,73,11,-13,10,-36,-2,105,107,14,-86,-25,98,8,-120,-65,-114,-92,-78,-20,23,86,92,-117,25,-111,-8,126,27,71,-39,-120,80,62,-123,-93,123,-108,-117,-99,56,-64,53,70,117,-67,110,102,80,-123,-8,-71,-102
1193,0,112,26,26,26,26,26,21,21,89,-57,24,54,73,11,-13,10,-36,-2,105,107,14,-86,-25,98,8,-120,-65,-114,-92,-78,-20,23,86,92,-117,25,-111,-8,126,27,71,-39,-120,80,62,-123,-93,123,-108,-117,-99,56,-64,53,70,117,-67,110,102,80,-123,-8,-71,-102
1194,0,93,93,66,66,66,66,66,-10,69,89,-57,24,54,73,11,-13,10,-36,-2,105,107,14,-86,-25,98,8,-120,-65,-114,-92,-78,-20,-109,7,-84,-48,76,108,118,79,-2,-34,-56,-23,41,39,97,84,115,-76,62,-105,-26,29,-4,97,85,52,-60,101,-67,-30,-23,2
1195,0,93,93,66,66,66,66,66,-10,69,89,-57,24,54,73,11,-13,10,-36,-2,105,107,14,-86,-25,98,8,-120,-65,-114,-92,-78,-20,-109,7,-84,-48,76,108,118,79,-2,-34,-56,-23,41,39,97,84,115,-76,62,-105,-26,29,-4,97,85,52,-60,101,-67,-30,-23,2
1196,0,93,93,66,66,66,66,66,-10,69,89,-57,24,54,73,11,-13,10,-36,-2,105,107,14,-86,-25,98,8,-120,-65,-114,-92,-78,-20,-109,7,-84,-48,76,108,118,79,-2,-34,-56,-23,41,39,97,84,115,-76,62,-105,-26,29,-4,97,85,52,-60,101,-67,-30,-23,2
1197,0,-40,-40,-40,65,65,65,65,65,-21,69,89,-57,24,54,73,11,-13,10,-36,-2,105,107,14,-86,-25,98,8,-120,-65,-114,-92,-78,-1,-80,106,68,68,88,87,-66,-9,65,47,92,8,-119,52,26,-31,41,77,-5,-78,-26,74,8,20,-24,84,117,-105,115,109,-85
1198,0,-40,-40,-40,65,65,65,65,65,-21,69,89,-57,24,54,73,11,-13,10,-36,-2,105,107,14,-86,-25,98,8,-120,-65,-114,-92,-78,-1,-80,106,68,68,88,87,-66,-9,65,47,92,8,-119,52,26,-31,41,77,-5,-78,-26,74,8,20,-24,84,117,-105,115,109,-85
1199,0,-40,-40,-40,65,65,65,65,65,-21,69,89,-57,24,54,73,11,-13,10,-36,-2,105,107,14,-86,-25,98,8,-120,-65,-114,-92,-78,-1,-80,106,68,68,88,87,-66,-9,65,47,92,8,-119,52,26,-31,41,77,-5,-78,-26,74,8,20,-24,84,117,-105,115,109,-85
1200,0,94,94,94,94,-119,-119,-119,-119,61,-21,69,89,-57,24,54,73,11,-13,10,-36,-2,105,107,14,-86,-25,98,8,-120,-65,-114,-92,-38,-54,-106,27,-63,-78,-90,-62,55,44,3,-101,81,-25,-53,-42,23,-84,1,-20,-110,-77,95,-61,-94,-111,-111,124,105,-76,91,-26
1201,0,94,94,94,94,-119,-119,-119,-119,61,-21,69,89,-57,24,54,73,11,-13,10,-36,-2,105,107,14,-86,-25,98,8,-120,-65,-114,-92,-38,-54,-106,27,-63,-78,-90,-62,55,44,3,-101,81,-25,-53,-42,23,-84,1,-20,-110,-77,95,-61,-94,-111,-111,124,105,-76,91,-26
1202,0,94,94,94,94,-119,-119,-119,-119,61,-21,69,89,-57,24,54,73,11,-13,10,-36,-2,105,107,14,-86,-25,98,8,-120,-65,-114,-92,-38,-54,-106,27,-63,-78,-90,-62,55,44,3,-101,81,-25,-53,-42,23,-84,1,-20,-110,-77,95,-61,-94,-111,-111,124,105,-76,91,-26
1203,0,106,106,106,106,106,10,10,10,43,61,-21,69,89,-57,24,54,73,11,-13,10,-36,-2,105,107,14,-86,-25,98,8,-120,-65,-114,-17,55,-45,-8,-53,116,92,-34,-66,104,-101,-78,50,-27,56,-121,-125,21,20,-78,-63,-92,-45,2,-68,119,127,-42,-51,-57,69,-125
1204,0,106,106,106,106,106,10,10,10,43,61,-21,69,89,-57,24,54,73,11,-13,10,-36,-2,105,107,14,-86,-25,98,8,-120,-65,-114,-17,55,-45,-8,-53,116,92,-34,-66,104,-101,-78,50,-27,56,-121,-125,21,20,-78,-63,-92,-45,2,-68,119,127,-42,-51,-57,69,-125
1205,0,106,106,106,106,106,10,10,10,43,61,-21,69,89,-57,24,54,73,11,-13,10,-36,-2,105,107,14,-86,-25,98,8,-120,-65,-114,-17,55,-45,-8,-53,116,92,-34,-66,104,-101,-78,50,-27,56,-121,-125,21,20,-78,-63,-92,-45,2,-68,119,127,-42,-51,-57,69,-125
1206,0,0,6,6,6,6,6,-84,-84,-10,43,61,-21,69,89,-57,24,54,73,11,-13,10,-36,-2,105,107,14,-86,-25,98,8,-120,-65,0,-17,-10,-119,17,114,-44,40,30,-78,-56,11,-91,-80,111,34,-50,-102,35,-40,47,22,-1,17,83,82,-80,-119,-5,-55,-38,-64
1207,0,0,6,6,6,6,6,-84,-84,-10,43,61,-21,69,89,-57,24,54,73,11,-13,10,-36,-2,105,107,14,-86,-25,98,8,-120,-65,0,-17,-10,-119,17,114,-44,40,30,-78,-56,11,-91,-80,111,34,-50,-102,35,-40,47,22,-1,17,83,82,-80,-119,-5,-55,-38,-64
1208,0,0,6,6,6,6,6,-84,-84,-10,43,61,-21,69,89,-57,24,54,73,11,-13,10,-36,-2,105,107,14,-86,-25,98,8,-120,-65,0,-17,-10,-119,17,114,-44,40,30,-78,-56,11,-91,-80,111,34,-50,-102,35,-40,47,22,-1,17,83,82,-80,-119,-5,-55,-38,-64
1209,0,0,0,-46,-46,-46,-46,-46,46,-73,-10,43,61,-21,69,89,-57,24,54,73,11,-13,10,-36,-2,105,107,14,-86,-25,98,8,-120,0,0,-17,70,37,45,-107,-67,12,-88,-18,27,33,-69,-53,-32,-107,-117,-49,15,-72,51,92,-14,-53,56,105,-124,-11,95,-5,-112
1210,0,0,0,-46,-46,-46,-46,-46,46,-73,-10,43,61,-21,69,89,-57,24,54,73,11,-13,10,-36,-2,105,107,14,-86,-25,98,8,-120,0,0,-17,70,37,45,-107,-67,12,-88,-18,27,33,-69,-53,-32,-107,-117,-49,15,-72,51,92,-14,-53,56,105,-124,-11,95,-5,-112
1211,0,0,0,-46,-46,-46,-46,-46,46,-73,-10,43,61,-21,69,89,-57,24,54,73,11,-13,10,-36,-2,105,107,14,-86,-25,98,8,-120,0,0,-17,70,37,45,-107,-67,12,-88,-18,27,33,-69,-53,-32,-107,-117,-49,15,-72,51,92,-14,-53,56,105,-124,-11,95,-5,-112
1212,0,0,0,0,13,13,13,13,13,-81,-73,-10,43,61,-21,69,89,-57,24,54,73,11,-13,10,-36,-2,105,107,14,-86,-25,98,8,0,0,0,-17,30,22,-32,-21,5,29,98,-77,-1,34,80,-119,-117,-31,-12,-110,65,50,123,73,-16,-125,-92,-42,57,59,69,62
1213,0,0,0,0,13,13,13,13,13,-81,-73,-10,43,61,-21,69,89,-57,24,54,73,11,-13,10,-36,-2,105,107,14,-86,-25,98,8,0,0,0,-17,30,22,-32,-21,5,29,98,-77,-1,34,80,-119,-117,-31,-12,-110,65,50,123,73,-16,-125,-92,-42,57,59,69,62
1214,0,0,0,0,13,13,13,13,13,-81,-73,-10,43,61,-21,69,89,-57,24,54,73,11,-13,10,-36,-2,105,107,14,-86,-25,98,8,0,0,0,-17,30,22,-32,-21,5,29,98,-77,-1,34,80,-119,-117,-31,-12,-110,65,50,123,73,-16,-125,-92,-42,57,59,69,62
1215,0,0,0,0,0,-29,-29,-29,-29,112,-81,-73,-10,43,61,-21,69,89,-57,24,54,73,11,-13,10,-36,-2,105,107,14,-86,-25,98,0,0,0,0,-17,-89,-118,-63,81,64,14,-80,22,81,-62,-49,10,26,-32,-91,-45,65,84,-72,86,83,67,112,50,23,85,-64
1216,0,0,0,0,0,-29,-29,-29,-29,112,-81,-73,-10,43,61,-21,69,89,-57,24,54,73,11,-13,10,-36,-2,105,107,14,-86,-25,98,0,0,0,0,-17,-89,-118,-63,81,64,14,-80,22,81,-62,-49,10,26,-32,-91,-45,65,84,-72,86,83,67,112,50,23,85,-64
1217,0,0,0,0,0,-29,-29,-29,-29,112,-81,-73,-10,43,61,-21,69,89,-57,24,54,73,11,-13,10,-36,-2,105,107,14,-86,-25,98,0,0,0,0,-17,-89,-118,-63,81,64,14,-80,22,81,-62,-49,10,26,-32,-91,-45,65,84,-72,86,83,67,112,50,23,85,-64
1218,0,0,0,0,0,0,-105,-105,-105,93,112,-81,-73,-10,43,61,-21,69,89,-57,24,54,73,11,-13,10,-36,-2,105,107,14,-86,-25,0,0,0,0,0,-17,-28,105,113,-43,-66,-85,86,-121,-122,-22,27,-88,8,-120,118,6,35,96,83,-36,25,100,-101,-93,87,-40
1219,0,0,0,0,0,0,-105,-105,-105,93,112,-81,-73,-10,43,61,-21,69,89,-57,24,54,73,11,-13,10,-36,-2,105,107,14,-86,-25,0,0,0,0,0,-17,-28,105,113,-43,-66,-85,86,-121,-122,-22,27,-88,8,-120,118,6,35,96,83,-36,25,100,-101,-93,87,-40
1220,0,0,0,0,0,0,-105,-105,-105,93,112,-81,-73,-10,43,61,-21,69,89,-57,24,54,73,11,-13,10,-36,-2,105,107,14,-86,-25,0,0,0,0,0,-17,-28,105,113,-43,-66,-85,86,-121,-122,-22,27,-88,8,-120,118,6,35,96,83,-36,25,100,-101,-93,87,-40
1221,0,0,0,0,0,0,0,18,18,-40,93,112,-81,-73,-10,43,61,-21,69,89,-57,24,54,73,11,-13,10,-36,-2,105,107,14,-86,0,0,0,0,0,0,-17,27,94,14,-48,122,-1,-62,20,-90,-69,78,71,58,50,-77,116,10,27,-27,-73,39,123,-16,-127,-28
1222,0,0,0,0,0,0,0,18,18,-40,93,112,-81,-73,-10,43,61,-21,69,89,-57,24,54,73,11,-13,10,-36,-2,105,107,14,-86,0,0,0,0,0,0,-17,27,94,14,-48,122,-1,-62,20,-90,-69,78,71,58,50,-77,116,10,27,-27,-73,39,123,-16,-127,-28
1223,0,0,0,0,0,0,0,18,18,-40,93,112,-81,-73,-10,43,61,-21,69,89,-57,24,54,73,11,-13,10,-36,-2,105,107,14,-86,0,0,0,0,0,0,-17,27,94,14,-48,122,-1,-62,20,-90,-69,78,71,58,50,-77,116,10,27,-27,-73,39,123,-16,-127,-28
1224,0,0,0,0,0,0,0,0,78,94,-40,93,112,-81,-73,-10,43,61,-21,69,89,-57,24,54,73,11,-13,10,-36,-2,105,107,14,0,0,0,0,0,0,0,-17,-41,-95,-72,83,12,34,39,105,-126,-103,-56,82,7,-120,-122,99,11,40,-73,-11,-80,55,-100,51
1225,0,0,0,0,0,0,0,0,78,94,-40,93,112,-81,-73,-10,43,61,-21,69,89,-57,24,54,73,11,-13,10,-36,-2,105,107,14,0,0,0,0,0,0,0,-17,-41,-95,-72,83,12,34,39,105,-126,-103,-56,82,7,-120,-122,99,11,40,-73,-11,-80,55,-100,51
1226,0,0,0,0,0,0,0,0,78,94,-40,93,112,-81,-73,-10,43,61,-21,69,89,-57,24,54,73,11,-13,10,-36,-2,105,107,14,0,0,0,0,0,0,0,-17,-41,-95,-72,83,12,34,39,105,-126,-103,-56,82,7,-120,-122,99,11,40,-73,-11,-80,55,-100,51
1227,0,0,0,0,0,0,0,0,0,106,94,-40,93,112,-81,-73,-10,43,61,-21,69,89,-57,24,54,73,11,-13,10,-36,-2,105,107,0,0,0,0,0,0,0,0,-17,-69,-74,71,-89,-8,96,-42,91,26,-119,23,98,-54,-86,-19,-20,-98,-12,-88,-23,24,-1,38
1228,0,0,0,0,0,0,0,0,0,106,94,-40,93,112,-81,-73,-10,43,61,-21,69,89,-57,24,54,73,11,-13,10,-36,-2,105,107,0,0,0,0,0,0,0,0,-17,-69,-74,71,-89,-8,96,-42,91,26,-119,23,98,-54,-86,-19,-20,-98,-12,-88,-23,24,-1,38
1229,0,0,0,0,0,0,0,0,0,106,94,-40,93,112,-81,-73,-10,43,61,-21,69,89,-57,24,54,73,11,-13,10,-36,-2,105,107,0,0,0,0,0,0,0,0,-17,-69,-74,71,-89,-8,96,-42,91,26,-119,23,98,-54,-86,-19,-20,-98,-12,-88,-23,24,-1,38
1230,0,0,0,0,0,0,0,0,0,0,106,94,-40,93,112,-81,-73,-10,43,61,-21,69,89,-57,24,54,73,11,-13,10,-36,-2,105,0,0,0,0,0,0,0,0,0,-17,-89,-48,75,78,-15,2,20,-78,126,52,117,-70,47,30,118,89,-40,41,-66,-110,123,119
1231,0,0,0,0,0,0,0,0,0,0,106,94,-40,93,112,-81,-73,-10,43,61,-21,69,89,-57,24,54,73,11,-13,10,-36,-2,105,0,0,0,0,0,0,0,0,0,-17,-89,-48,75,78,-15,2,20,-78,126,52,117,-70,47,30,118,89,-40,41,-66,-110,123,119
1232,0,0,0,0,0,0,0,0,0,0,106,94,-40,93,112,-81,-73,-10,43,61,-21,69,89,-57,24,54,73,11,-13,10,-36,-2,105,0,0,0,0,0,0,0,0,0,-17,-89,-48,75,78,-15,2,20,-78,126,52,117,-70,47,30,118,89,-40,41,-66,-110,123,119
1233,0,0,0,0,0,0,0,0,0,0,0,106,94,-40,93,112,-81,-73,-10,43,61,-21,69,89,-57,24,54,73,11,-13,10,-36,-2,0,0,0,0,0,0,0,0,0,0,-17,-23,111,106,-67,70,-35,-109,59,-94,-92,-100,-96,-127,96,-33,60,-55,115,-33,-11,58
1234,0,0,0,0,0,0,0,0,0,0,0,106,94,-40,93,112,-81,-73,-10,43,61,-21,69,89,-57,24,54,73,11,-13,10,-36,-2,0,0,0,0,0,0,0,0,0,0,-17,-23,111,106,-67,70,-35,-109,59,-94,-92,-100,-96,-127,96,-33,60,-55,115,-33,-11,58
1235,0,0,0,0,0,0,0,0,0,0,0,106,94,-40,93,112,-81,-73,-10,43,61,-21,69,89,-57,24,54,73,11,-13,10,-36,-2,0,0,0,0,0,0,0,0,0,0,-17,-23,111,106,-67,70,-35,-109,59,-94,-92,-100,-96,-127,96,-33,60,-55,115,-33,-11,58
1236,0,0,0,0,0,0,0,0,0,0,0,0,106,94,-40,93,112,-81,-73,-10,43,61,-21,69,89,-57,24,54,73,11,-13,10,-36,0,0,0,0,0,0,0,0,0,0,0,-17,-120,-5,74,22,27,23,106,45,-1,81,-6,-2,-114,125,70,109,81,113,-42,66
1237,0,0,0,0,0,0,0,0,0,0,0,0,106,94,-40,93,112,-81,-73,-10,43,61,-21,69,89,-57,24,54,73,11,-13,10,-36,0,0,0,0,0,0,0,0,0,0,0,-17,-120,-5,74,22,27,23,106,45,-1,81,-6,-2,-114,125,70,109,81,113,-42,66
1238,0,0,0,0,0,0,0,0,0,0,0,0,106,94,-40,93,112,-81,-73,-10,43,61,-21,69,89,-57,24,54,73,11,-13,10,-36,0,0,0,0,0,0,0,0,0,0,0,-17,-120,-5,74,22,27,23,106,45,-1,81,-6,-2,-114,125,70,109,81,113,-42,66
1239,0,0,0,0,0,0,0,0,0,0,0,0,0,106,94,-40,93,112,-81,-73,-10,43,61,-21,69,89,-57,24,54,73,11,-13,10,0,0,0,0,0,0,0,0,0,0,0,0,-17,-48,-32,-110,-118,37,99,-40,-47,72,115,3,30,-85,-31,26,4,-29,-46,110
1240,0,0,0,0,0,0,0,0,0,0,0,0,0,106,94,-40,93,112,-81,-73,-10,43,61,-21,69,89,-57,24,54,73,11,-13,10,0,0,0,0,0,0,0,0,0,0,0,0,-17,-48,-32,-110,-118,37,99,-40,-47,72,115,3,30,-85,-31,26,4,-29,-46,110
1241,0,0,0,0,0,0,0,0,0,0,0,0,0,106,94,-40,93,112,-81,-73,-10,43,61,-21,69,89,-57,24,54,73,11,-13,10,0,0,0,0,0,0,0,0,0,0,0,0,-17,-48,-32,-110,-118,37,99,-40,-47,72,115,3,30,-85,-31,26,4,-29,-46,110
1242,0,0,0,0,0,0,0,0,0,0,0,0,0,0,106,94,-40,93,112,-81,-73,-10,43,61,-21,69,89,-57,24,54,73,11,-13,0,0,0,0,0,0,0,0,0,0,0,0,0,-17,-65,-34,-92,52,44,-36,-33,-68,91,84,-73,-64,-42,-73,69,55,48,-31
1243,0,0,0,0,0,0,0,0,0,0,0,0,0,0,106,94,-40,93,112,-81,-73,-10,43,61,-21,69,89,-57,24,54,73,11,-13,0,0,0,0,0,0,0,0,0,0,0,0,0,-17,-65,-34,-92,52,44,-36,-33,-68,91,84,-73,-64,-42,-73,69,55,48,-31
1244,0,0,0,0,0,0,0,0,0,0,0,0,0,0,106,94,-40,93,112,-81,-73,-10,43,61,-21,69,89,-57,24,54,73,11,-13,0,0,0,0,0,0,0,0,0,0,0,0,0,-17,-65,-34,-92,52,44,-36,-33,-68,91,84,-73,-64,-42,-73,69,55,48,-31
1245,0,0,0,0,0,0,0,0,0,0,0,0,0,0,0,106,94,-40,93,112,-81,-73,-10,43,61,-21,69,89,-57,24,54,73,11,0,0,0,0,0,0,0,0,0,0,0,0,0,0,-17,26,17,-74,99,116,-120,88,-58,-10,53,-118,3,83,-102,98,97,11
1246,0,0,0,0,0,0,0,0,0,0,0,0,0,0,0,106,94,-40,93,112,-81,-73,-10,43,61,-21,69,89,-57,24,54,73,11,0,0,0,0,0,0,0,0,0,0,0,0,0,0,-17,26,17,-74,99,116,-120,88,-58,-10,53,-118,3,83,-102,98,97,11
1247,0,0,0,0,0,0,0,0,0,0,0,0,0,0,0,106,94,-40,93,112,-81,-73,-10,43,61,-21,69,89,-57,24,54,73,11,0,0,0,0,0,0,0,0,0,0,0,0,0,0,-17,26,17,-74,99,116,-120,88,-58,-10,53,-118,3,83,-102,98,97,11
1248,0,0,0,0,0,0,0,0,0,0,0,0,0,0,0,0,106,94,-40,93,112,-81,-73,-10,43,61,-21,69,89,-57,24,54,73,0,0,0,0,0,0,0,0,0,0,0,0,0,0,0,-17,86,41,108,-64,80,24,5,-89,20,-35,-25,80,-77,126,10,-45
1249,0,0,0,0,0,0,0,0,0,0,0,0,0,0,0,0,106,94,-40,93,112,-81,-73,-10,43,61,-21,69,89,-57,24,54,73,0,0,0,0,0,0,0,0,0,0,0,0,0,0,0,-17,86,41,108,-64,80,24,5,-89,20,-35,-25,80,-77,126,10,-45
1250,0,0,0,0,0,0,0,0,0,0,0,0,0,0,0,0,106,94,-40,93,112,-81,-73,-10,43,61,-21,69,89,-57,24,54,73,0,0,0,0,0,0,0,0,0,0,0,0,0,0,0,-17,86,41,108,-64,80,24,5,-89,20,-35,-25,80,-77,126,10,-45
1251,0,0,0,0,0,0,0,0,0,0,0,0,0,0,0,0,0,106,94,-40,93,112,-81,-73,-10,43,61,-21,69,89,-57,24,54,0,0,0,0,0,0,0,0,0,0,0,0,0,0,0,0,-17,54,54,117,-125,-81,102,-105,67,104,104,-21,60,-107,-112,-88
1252,0,0,0,0,0,0,0,0,0,0,0,0,0,0,0,0,0,106,94,-40,93,112,-81,-73,-10,43,61,-21,69,89,-57,24,54,0,0,0,0,0,0,0,0,0,0,0,0,0,0,0,0,-17,54,54,117,-125,-81,102,-105,67,104,104,-21,60,-107,-112,-88
1253,0,0,0,0,0,0,0,0,0,0,0,0,0,0,0,0,0,106,94,-40,93,112,-81,-73,-10,43,61,-21,69,89,-57,24,54,0,0,0,0,0,0,0,0,0,0,0,0,0,0,0,0,-17,54,54,117,-125,-81,102,-105,67,104,104,-21,60,-107,-112,-88
1254,0,0,0,0,0,0,0,0,0,0,0,0,0,0,0,0,0,0,106,94,-40,93,112,-81,-73,-10,43,61,-21,69,89,-57,24,0,0,0,0,0,0,0,0,0,0,0,0,0,0,0,0,0,-17,-45,62,-21,42,-98,-34,-16,-17,-23,-125,110,92,-24,3
1255,0,0,0,0,0,0,0,0,0,0,0,0,0,0,0,0,0,0,106,94,-40,93,112,-81,-73,-10,43,61,-21,69,89,-57,24,0,0,0,0,0,0,0,0,0,0,0,0,0,0,0,0,0,-17,-45,62,-21,42,-98,-34,-16,-17,-23,-125,110,92,-24,3
1256,0,0,0,0,0,0,0,0,0,0,0,0,0,0,0,0,0,0,106,94,-40,93,112,-81,-73,-10,43,61,-21,69,89,-57,24,0,0,0,0,0,0,0,0,0,0,0,0,0,0,0,0,0,-17,-45,62,-21,42,-98,-34,-16,-17,-23,-125,110,92,-24,3
1257,0,0,0,0,0,0,0,0,0,0,0,0,0,0,0,0,0,0,0,106,94,-40,93,112,-81,-73,-10,43,61,-21,69,89,-57,0,0,0,0,0,0,0,0,0,0,0,0,0,0,0,0,0,0,-17,87,-120,25,83,-56,73,50,63,77,-92,121,42,63
1258,0,0,0,0,0,0,0,0,0,0,0,0,0,0,0,0,0,0,0,106,94,-40,93,112,-81,-73,-10,43,61,-21,69,89,-57,0,0,0,0,0,0,0,0,0,0,0,0,0,0,0,0,0,0,-17,87,-120,25,83,-56,73,50,63,77,-92,121,42,63
1259,0,0,0,0,0,0,0,0,0,0,0,0,0,0,0,0,0,0,0,106,94,-40,93,112,-81,-73,-10,43,61,-21,69,89,-57,0,0,0,0,0,0,0,0,0,0,0,0,0,0,0,0,0,0,-17,87,-120,25,83,-56,73,50,63,77,-92,121,42,63
1260,0,0,0,0,0,0,0,0,0,0,0,0,0,0,0,0,0,0,0,0,106,94,-40,93,112,-81,-73,-10,43,61,-21,69,89,0,0,0,0,0,0,0,0,0,0,0,0,0,0,0,0,0,0,0,-17,81,-51,93,-54,-73,-18,-9,-25,-55,17,-47,109
1261,0,0,0,0,0,0,0,0,0,0,0,0,0,0,0,0,0,0,0,0,106,94,-40,93,112,-81,-73,-10,43,61,-21,69,89,0,0,0,0,0,0,0,0,0,0,0,0,0,0,0,0,0,0,0,-17,81,-51,93,-54,-73,-18,-9,-25,-55,17,-47,109
1262,0,0,0,0,0,0,0,0,0,0,0,0,0,0,0,0,0,0,0,0,106,94,-40,93,112,-81,-73,-10,43,61,-21,69,89,0,0,0,0,0,0,0,0,0,0,0,0,0,0,0,0,0,0,0,-17,81,-51,93,-54,-73,-18,-9,-25,-55,17,-47,109
1263,0,0,0,0,0,0,0,0,0,0,0,0,0,0,0,0,0,0,0,0,0,106,94,-40,93,112,-81,-73,-10,43,61,-21,69,0,0,0,0,0,0,0,0,0,0,0,0,0,0,0,0,0,0,0,0,-17,87,-17,99,112,-48,-63,-125,-13,33,-42,52
1264,0,0,0,0,0,0,0,0,0,0,0,0,0,0,0,0,0,0,0,0,0,106,94,-40,93,112,-81,-73,-10,43,61,-21,69,0,0,0,0,0,0,0,0,0,0,0,0,0,0,0,0,0,0,0,0,-17,87,-17,99,112,-48,-63,-125,-13,33,-42,52
1265,0,0,0,0,0,0,0,0,0,0,0,0,0,0,0,0,0,0,0,0,0,106,94,-40,93,112,-81,-73,-10,43,61,-21,69,0,0,0,0,0,0,0,0,0,0,0,0,0,0,0,0,0,0,0,0,-17,87,-17,99,112,-48,-63,-125,-13,33,-42,52
1266,0,0,0,0,0,0,0,0,0,0,0,0,0,0,0,0,0,0,0,0,0,0,106,94,-40,93,112,-81,-73,-10,43,61,-21,0,0,0,0,0,0,0,0,0,0,0,0,0,0,0,0,0,0,0,0,0,-17,-76,32,-12,-63,-27,60,114,24,59,15
1267,0,0,0,0,0,0,0,0,0,0,0,0,0,0,0,0,0,0,0,0,0,0,106,94,-40,93,112,-81,-73,-10,43,61,-21,0,0,0,0,0,0,0,0,0,0,0,0,0,0,0,0,0,0,0,0,0,-17,-76,32,-12,-63,-27,60,114,24,59,15
1268,0,0,0,0,0,0,0,0,0,0,0,0,0,0,0,0,0,0,0,0,0,0,106,94,-40,93,112,-81,-73,-10,43,61,-21,0,0,0,0,0,0,0,0,0,0,0,0,0,0,0,0,0,0,0,0,0,-17,-76,32,-12,-63,-27,60,114,24,59,15
1269,0,0,0,0,0,0,0,0,0,0,0,0,0,0,0,0,0,0,0,0,0,0,0,106,94,-40,93,112,-81,-73,-10,43,61,0,0,0,0,0,0,0,0,0,0,0,0,0,0,0,0,0,0,0,0,0,0,-17,74,22,3,-52,7,104,1,122,56
1270,0,0,0,0,0,0,0,0,0,0,0,0,0,0,0,0,0,0,0,0,0,0,0,106,94,-40,93,112,-81,-73,-10,43,61,0,0,0,0,0,0,0,0,0,0,0,0,0,0,0,0,0,0,0,0,0,0,-17,74,22,3,-52,7,104,1,122,56
1271,0,0,0,0,0,0,0,0,0,0,0,0,0,0,0,0,0,0,0,0,0,0,0,106,94,-40,93,112,-81,-73,-10,43,61,0,0,0,0,0,0,0,0,0,0,0,0,0,0,0,0,0,0,0,0,0,0,-17,74,22,3,-52,7,104,1,122,56
1272,0,0,0,0,0,0,0,0,0,0,0,0,0,0,0,0,0,0,0,0,0,0,0,0,106,94,-40,93,112,-81,-73,-10,43,0,0,0,0,0,0,0,0,0,0,0,0,0,0,0,0,0,0,0,0,0,0,0,-17,120,-47,-67,94,117,-21,33,-118
1273,0,0,0,0,0,0,0,0,0,0,0,0,0,0,0,0,0,0,0,0,0,0,0,0,106,94,-40,93,112,-81,-73,-10,43,0,0,0,0,0,0,0,0,0,0,0,0,0,0,0,0,0,0,0,0,0,0,0,-17,120,-47,-67,94,117,-21,33,-118
1274,0,0,0,0,0,0,0,0,0,0,0,0,0,0,0,0,0,0,0,0,0,0,0,0,106,94,-40,93,112,-81,-73,-10,43,0,0,0,0,0,0,0,0,0,0,0,0,0,0,0,0,0,0,0,0,0,0,0,-17,120,-47,-67,94,117,-21,33,-118
1275,0,0,0,0,0,0,0,0,0,0,0,0,0,0,0,0,0,0,0,0,0,0,0,0,0,106,94,-40,93,112,-81,-73,-10,0,0,0,0,0,0,0,0,0,0,0,0,0,0,0,0,0,0,0,0,0,0,0,0,-17,-82,-113,97,-57,12,58,-74
1276,0,0,0,0,0,0,0,0,0,0,0,0,0,0,0,0,0,0,0,0,0,0,0,0,0,106,94,-40,93,112,-81,-73,-10,0,0,0,0,0,0,0,0,0,0,0,0,0,0,0,0,0,0,0,0,0,0,0,0,-17,-82,-113,97,-57,12,58,-74
1277,0,0,0,0,0,0,0,0,0,0,0,0,0,0,0,0,0,0,0,0,0,0,0,0,0,106,94,-40,93,112,-81,-73,-10,0,0,0,0,0,0,0,0,0,0,0,0,0,0,0,0,0,0,0,0,0,0,0,0,-17,-82,-113,97,-57,12,58,-74
1278,0,0,0,0,0,0,0,0,0,0,0,0,0,0,0,0,0,0,0,0,0,0,0,0,0,0,106,94,-40,93,112,-81,-73,0,0,0,0,0,0,0,0,0,0,0,0,0,0,0,0,0,0,0,0,0,0,0,0,0,-17,-119,99,-45,8,-23,-109
1279,0,0,0,0,0,0,0,0,0,0,0,0,0,0,0,0,0,0,0,0,0,0,0,0,0,0,106,94,-40,93,112,-81,-73,0,0,0,0,0,0,0,0,0,0,0,0,0,0,0,0,0,0,0,0,0,0,0,0,0,-17,-119,99,-45,8,-23,-109
1280,0,0,0,0,0,0,0,0,0,0,0,0,0,0,0,0,0,0,0,0,0,0,0,0,0,0,106,94,-40,93,112,-81,-73,0,0,0,0,0,0,0,0,0,0,0,0,0,0,0,0,0,0,0,0,0,0,0,0,0,-17,-119,99,-45,8,-23,-109
1281,0,0,0,0,0,0,0,0,0,0,0,0,0,0,0,0,0,0,0,0,0,0,0,0,0,0,0,106,94,-40,93,112,-81,0,0,0,0,0,0,0,0,0,0,0,0,0,0,0,0,0,0,0,0,0,0,0,0,0,0,-17,3,-15,83,-118,14
1282,0,0,0,0,0,0,0,0,0,0,0,0,0,0,0,0,0,0,0,0,0,0,0,0,0,0,0,106,94,-40,93,112,-81,0,0,0,0,0,0,0,0,0,0,0,0,0,0,0,0,0,0,0,0,0,0,0,0,0,0,-17,3,-15,83,-118,14
1283,0,0,0,0,0,0,0,0,0,0,0,0,0,0,0,0,0,0,0,0,0,0,0,0,0,0,0,106,94,-40,93,112,-81,0,0,0,0,0,0,0,0,0,0,0,0,0,0,0,0,0,0,0,0,0,0,0,0,0,0,-17,3,-15,83,-118,14
1284,0,0,0,0,0,0,0,0,0,0,0,0,0,0,0,0,0,0,0,0,0,0,0,0,0,0,0,0,106,94,-40,93,112,0,0,0,0,0,0,0,0,0,0,0,0,0,0,0,0,0,0,0,0,0,0,0,0,0,0,0,-17,33,86,-106,94
1285,0,0,0,0,0,0,0,0,0,0,0,0,0,0,0,0,0,0,0,0,0,0,0,0,0,0,0,0,106,94,-40,93,112,0,0,0,0,0,0,0,0,0,0,0,0,0,0,0,0,0,0,0,0,0,0,0,0,0,0,0,-17,33,86,-106,94
1286,0,0,0,0,0,0,0,0,0,0,0,0,0,0,0,0,0,0,0,0,0,0,0,0,0,0,0,0,106,94,-40,93,112,0,0,0,0,0,0,0,0,0,0,0,0,0,0,0,0,0,0,0,0,0,0,0,0,0,0,0,-17,33,86,-106,94
1287,0,0,0,0,0,0,0,0,0,0,0,0,0,0,0,0,0,0,0,0,0,0,0,0,0,0,0,0,0,106,94,-40,93,0,0,0,0,0,0,0,0,0,0,0,0,0,0,0,0,0,0,0,0,0,0,0,0,0,0,0,0,-17,64,24,-41
1288,0,0,0,0,0,0,0,0,0,0,0,0,0,0,0,0,0,0,0,0,0,0,0,0,0,0,0,0,0,106,94,-40,93,0,0,0,0,0,0,0,0,0,0,0,0,0,0,0,0,0,0,0,0,0,0,0,0,0,0,0,0,-17,64,24,-41
1289,0,0,0,0,0,0,0,0,0,0,0,0,0,0,0,0,0,0,0,0,0,0,0,0,0,0,0,0,0,106,94,-40,93,0,0,0,0,0,0,0,0,0,0,0,0,0,0,0,0,0,0,0,0,0,0,0,0,0,0,0,0,-17,64,24,-41
1290,0,0,0,0,0,0,0,0,0,0,0,0,0,0,0,0,0,0,0,0,0,0,0,0,0,0,0,0,0,0,106,94,-40,0,0,0,0,0,0,0,0,0,0,0,0,0,0,0,0,0,0,0,0,0,0,0,0,0,0,0,0,0,-17,64,39
1291,0,0,0,0,0,0,0,0,0,0,0,0,0,0,0,0,0,0,0,0,0,0,0,0,0,0,0,0,0,0,106,94,-40,0,0,0,0,0,0,0,0,0,0,0,0,0,0,0,0,0,0,0,0,0,0,0,0,0,0,0,0,0,-17,64,39
1292,0,0,0,0,0,0,0,0,0,0,0,0,0,0,0,0,0,0,0,0,0,0,0,0,0,0,0,0,0,0,106,94,-40,0,0,0,0,0,0,0,0,0,0,0,0,0,0,0,0,0,0,0,0,0,0,0,0,0,0,0,0,0,-17,64,39
1293,0,0,0,0,0,0,0,0,0,0,0,0,0,0,0,0,0,0,0,0,0,0,0,0,0,0,0,0,0,0,0,106,94,0,0,0,0,0,0,0,0,0,0,0,0,0,0,0,0,0,0,0,0,0,0,0,0,0,0,0,0,0,0,-17,8
1294,0,0,0,0,0,0,0,0,0,0,0,0,0,0,0,0,0,0,0,0,0,0,0,0,0,0,0,0,0,0,0,106,94,0,0,0,0,0,0,0,0,0,0,0,0,0,0,0,0,0,0,0,0,0,0,0,0,0,0,0,0,0,0,-17,8
1295,0,0,0,0,0,0,0,0,0,0,0,0,0,0,0,0,0,0,0,0,0,0,0,0,0,0,0,0,0,0,0,106,94,0,0,0,0,0,0,0,0,0,0,0,0,0,0,0,0,0,0,0,0,0,0,0,0,0,0,0,0,0,0,-17,8
1296,0,0,0,0,0,0,0,0,0,0,0,0,0,0,0,0,0,0,0,0,0,0,0,0,0,0,0,0,0,0,0,0,106,0,0,0,0,0,0,0,0,0,0,0,0,0,0,0,0,0,0,0,0,0,0,0,0,0,0,0,0,0,0,0,-17
1297,0,0,0,0,0,0,0,0,0,0,0,0,0,0,0,0,0,0,0,0,0,0,0,0,0,0,0,0,0,0,0,0,106,0,0,0,0,0,0,0,0,0,0,0,0,0,0,0,0,0,0,0,0,0,0,0,0,0,0,0,0,0,0,0,-17
1298,0,0,0,0,0,0,0,0,0,0,0,0,0,0,0,0,0,0,0,0,0,0,0,0,0,0,0,0,0,0,0,0,106,0,0,0,0,0,0,0,0,0,0,0,0,0,0,0,0,0,0,0,0,0,0,0,0,0,0,0,0,0,0,0,-17
1299,0,0,0,0,0,0,0,0,0,0,0,0,0,0,0,0,0,0,0,0,0,0,0,0,0,0,0,0,0,0,0,0,0,0,0,0,0,0,0,0,0,0,0,0,0,0,0,0,0,0,0,0,0,0,0,0,0,0,0,0,0,0,0,0,0
1300,0,0,0,0,0,0,0,0,0,0,0,0,0,0,0,0,0,0,0,0,0,0,0,0,0,0,0,0,0,0,0,0,0,0,0,0,0,0,0,0,0,0,0,0,0,0,0,0,0,0,0,0,0,0,0,0,0,0,0,0,0,0,0,0,0
1301,0,0,0,0,0,0,0,0,0,0,0,0,0,0,0,0,0,0,0,0,0,0,0,0,0,0,0,0,0,0,0,0,0,0,0,0,0,0,0,0,0,0,0,0,0,0,0,0,0,0,0,0,0,0,0,0,0,0,0,0,0,0,0,0,0
1302,0,0,0,0,0,0,0,0,0,0,0,0,0,0,0,0,0,0,0,0,0,0,0,0,0,0,0,0,0,0,0,0,0,0,0,0,0,0,0,0,0,0,0,0,0,0,0,0,0,0,0,0,0,0,0,0,0,0,0,0,0,0,0,0,0
1303,0,0,0,0,0,0,0,0,0,0,0,0,0,0,0,0,0,0,0,0,0,0,0,0,0,0,0,0,0,0,0,0,0,0,0,0,0,0,0,0,0,0,0,0,0,0,0,0,0,0,0,0,0,0,0,0,0,0,0,0,0,0,0,0,0
1304,0,0,0,0,0,0,0,0,0,0,0,0,0,0,0,0,0,0,0,0,0,0,0,0,0,0,0,0,0,0,0,0,0,0,0,0,0,0,0,0,0,0,0,0,0,0,0,0,0,0,0,0,0,0,0,0,0,0,0,0,0,0,0,0,0
1305,0,0,0,0,0,0,0,0,0,0,0,0,0,0,0,0,0,0,0,0,0,0,0,0,0,0,0,0,0,0,0,0,0,0,0,0,0,0,0,0,0,0,0,0,0,0,0,0,0,0,0,0,0,0,0,0,0,0,0,0,0,0,0,0,0
1306,0,0,0,0,0,0,0,0,0,0,0,0,0,0,0,0,0,0,0,0,0,0,0,0,0,0,0,0,0,0,0,0,0,0,0,0,0,0,0,0,0,0,0,0,0,0,0,0,0,0,0,0,0,0,0,0,0,0,0,0,0,0,0,0,0
1307,0,0,0,0,0,0,0,0,0,0,0,0,0,0,0,0,0,0,0,0,0,0,0,0,0,0,0,0,0,0,0,0,0,0,0,0,0,0,0,0,0,0,0,0,0,0,0,0,0,0,0,0,0,0,0,0,0,0,0,0,0,0,0,0,0
1308,0,0,0,0,0,0,0,0,0,0,0,0,0,0,0,0,0,0,0,0,0,0,0,0,0,0,0,0,0,0,0,0,0,0,0,0,0,0,0,0,0,0,0,0,0,0,0,0,0,0,0,0,0,0,0,0,0,0,0,0,0,0,0,0,0
1309,0,0,0,0,0,0,0,0,0,0,0,0,0,0,0,0,0,0,0,0,0,0,0,0,0,0,0,0,0,0,0,0,0,0,0,0,0,0,0,0,0,0,0,0,0,0,0,0,0,0,0,0,0,0,0,0,0,0,0,0,0,0,0,0,0
1310,0,0,0,0,0,0,0,0,0,0,0,0,0,0,0,0,0,0,0,0,0,0,0,0,0,0,0,0,0,0,0,0,0,0,0,0,0,0,0,0,0,0,0,0,0,0,0,0,0,0,0,0,0,0,0,0,0,0,0,0,0,0,0,0,0
1311,0,0,0,0,0,0,0,0,0,0,0,0,0,0,0,0,0,0,0,0,0,0,0,0,0,0,0,0,0,0,0,0,0,0,0,0,0,0,0,0,0,0,0,0,0,0,0,0,0,0,0,0,0,0,0,0,0,0,0,0,0,0,0,0,0
1312,0,0,0,0,0,0,0,0,0,0,0,0,0,0,0,0,0,0,0,0,0,0,0,0,0,0,0,0,0,0,0,0,0,0,0,0,0,0,0,0,0,0,0,0,0,0,0,0,0,0,0,0,0,0,0,0,0,0,0,0,0,0,0,0,0
1313,0,0,0,0,0,0,0,0,0,0,0,0,0,0,0,0,0,0,0,0,0,0,0,0,0,0,0,0,0,0,0,0,0,0,0,0,0,0,0,0,0,0,0,0,0,0,0,0,0,0,0,0,0,0,0,0,0,0,0,0,0,0,0,0,0
1314,0,0,0,0,0,0,0,0,0,0,0,0,0,0,0,0,0,0,0,0,0,0,0,0,0,0,0,0,0,0,0,0,0,0,0,0,0,0,0,0,0,0,0,0,0,0,0,0,0,0,0,0,0,0,0,0,0,0,0,0,0,0,0,0,0
1315,0,0,0,0,0,0,0,0,0,0,0,0,0,0,0,0,0,0,0,0,0,0,0,0,0,0,0,0,0,0,0,0,0,0,0,0,0,0,0,0,0,0,0,0,0,0,0,0,0,0,0,0,0,0,0,0,0,0,0,0,0,0,0,0,0
1316,0,0,0,0,0,0,0,0,0,0,0,0,0,0,0,0,0,0,0,0,0,0,0,0,0,0,0,0,0,0,0,0,0,0,0,0,0,0,0,0,0,0,0,0,0,0,0,0,0,0,0,0,0,0,0,0,0,0,0,0,0,0,0,0,0
1317,0,0,0,0,0,0,0,0,0,0,0,0,0,0,0,0,0,0,0,0,0,0,0,0,0,0,0,0,0,0,0,0,0,0,0,0,0,0,0,0,0,0,0,0,0,0,0,0,0,0,0,0,0,0,0,0,0,0,0,0,0,0,0,0,0
1318,0,0,0,0,0,0,0,0,0,0,0,0,0,0,0,0,0,0,0,0,0,0,0,0,0,0,0,0,0,0,0,0,0,0,0,0,0,0,0,0,0,0,0,0,0,0,0,0,0,0,0,0,0,0,0,0,0,0,0,0,0,0,0,0,0
1319,0,0,0,0,0,0,0,0,0,0,0,0,0,0,0,0,0,0,0,0,0,0,0,0,0,0,0,0,0,0,0,0,0,0,0,0,0,0,0,0,0,0,0,0,0,0,0,0,0,0,0,0,0,0,0,0,0,0,0,0,0,0,0,0,0
1320,0,0,0,0,0,0,0,0,0,0,0,0,0,0,0,0,0,0,0,0,0,0,0,0,0,0,0,0,0,0,0,0,0,0,0,0,0,0,0,0,0,0,0,0,0,0,0,0,0,0,0,0,0,0,0,0,0,0,0,0,0,0,0,0,0
1321,0,0,0,0,0,0,0,0,0,0,0,0,0,0,0,0,0,0,0,0,0,0,0,0,0,0,0,0,0,0,0,0,0,0,0,0,0,0,0,0,0,0,0,0,0,0,0,0,0,0,0,0,0,0,0,0,0,0,0,0,0,0,0,0,0
1322,0,0,0,0,0,0,0,0,0,0,0,0,0,0,0,0,0,0,0,0,0,0,0,0,0,0,0,0,0,0,0,0,0,0,0,0,0,0,0,0,0,0,0,0,0,0,0,0,0,0,0,0,0,0,0,0,0,0,0,0,0,0,0,0,0
1323,0,0,0,0,0,0,0,0,0,0,0,0,0,0,0,0,0,0,0,0,0,0,0,0,0,0,0,0,0,0,0,0,0,0,0,0,0,0,0,0,0,0,0,0,0,0,0,0,0,0,0,0,0,0,0,0,0,0,0,0,0,0,0,0,0
1324,0,0,0,0,0,0,0,0,0,0,0,0,0,0,0,0,0,0,0,0,0,0,0,0,0,0,0,0,0,0,0,0,0,0,0,0,0,0,0,0,0,0,0,0,0,0,0,0,0,0,0,0,0,0,0,0,0,0,0,0,0,0,0,0,0
1325,0,0,0,0,0,0,0,0,0,0,0,0,0,0,0,0,0,0,0,0,0,0,0,0,0,0,0,0,0,0,0,0,0,0,0,0,0,0,0,0,0,0,0,0,0,0,0,0,0,0,0,0,0,0,0,0,0,0,0,0,0,0,0,0,0
1326,0,0,0,0,0,0,0,0,0,0,0,0,0,0,0,0,0,0,0,0,0,0,0,0,0,0,0,0,0,0,0,0,0,0,0,0,0,0,0,0,0,0,0,0,0,0,0,0,0,0,0,0,0,0,0,0,0,0,0,0,0,0,0,0,0
1327,0,0,0,0,0,0,0,0,0,0,0,0,0,0,0,0,0,0,0,0,0,0,0,0,0,0,0,0,0,0,0,0,0,0,0,0,0,0,0,0,0,0,0,0,0,0,0,0,0,0,0,0,0,0,0,0,0,0,0,0,0,0,0,0,0
1328,0,0,0,0,0,0,0,0,0,0,0,0,0,0,0,0,0,0,0,0,0,0,0,0,0,0,0,0,0,0,0,0,0,0,0,0,0,0,0,0,0,0,0,0,0,0,0,0,0,0,0,0,0,0,0,0,0,0,0,0,0,0,0,0,0
1329,0,0,0,0,0,0,0,0,0,0,0,0,0,0,0,0,0,0,0,0,0,0,0,0,0,0,0,0,0,0,0,0,0,0,0,0,0,0,0,0,0,0,0,0,0,0,0,0,0,0,0,0,0,0,0,0,0,0,0,0,0,0,0,0,0
1330,0,0,0,0,0,0,0,0,0,0,0,0,0,0,0,0,0,0,0,0,0,0,0,0,0,0,0,0,0,0,0,0,0,0,0,0,0,0,0,0,0,0,0,0,0,0,0,0,0,0,0,0,0,0,0,0,0,0,0,0,0,0,0,0,0
1331,0,0,0,0,0,0,0,0,0,0,0,0,0,0,0,0,0,0,0,0,0,0,0,0,0,0,0,0,0,0,0,0,0,0,0,0,0,0,0,0,0,0,0,0,0,0,0,0,0,0,0,0,0,0,0,0,0,0,0,0,0,0,0,0,0
1332,0,0,0,0,0,0,0,0,0,0,0,0,0,0,0,0,0,0,0,0,0,0,0,0,0,0,0,0,0,0,0,0,0,0,0,0,0,0,0,0,0,0,0,0,0,0,0,0,0,0,0,0,0,0,0,0,0,0,0,0,0,0,0,0,0
1333,0,0,0,0,0,0,0,0,0,0,0,0,0,0,0,0,0,0,0,0,0,0,0,0,0,0,0,0,0,0,0,0,0,0,0,0,0,0,0,0,0,0,0,0,0,0,0,0,0,0,0,0,0,0,0,0,0,0,0,0,0,0,0,0,0
1334,0,0,0,0,0,0,0,0,0,0,0,0,0,0,0,0,0,0,0,0,0,0,0,0,0,0,0,0,0,0,0,0,0,0,0,0,0,0,0,0,0,0,0,0,0,0,0,0,0,0,0,0,0,0,0,0,0,0,0,0,0,0,0,0,0
1335,0,0,0,0,0,0,0,0,0,0,0,0,0,0,0,0,0,0,0,0,0,0,0,0,0,0,0,0,0,0,0,0,0,0,0,0,0,0,0,0,0,0,0,0,0,0,0,0,0,0,0,0,0,0,0,0,0,0,0,0,0,0,0,0,0
1336,0,0,0,0,0,0,0,0,0,0,0,0,0,0,0,0,0,0,0,0,0,0,0,0,0,0,0,0,0,0,0,0,0,0,0,0,0,0,0,0,0,0,0,0,0,0,0,0,0,0,0,0,0,0,0,0,0,0,0,0,0,0,0,0,0
1337,0,0,0,0,0,0,0,0,0,0,0,0,0,0,0,0,0,0,0,0,0,0,0,0,0,0,0,0,0,0,0,0,0,0,0,0,0,0,0,0,0,0,0,0,0,0,0,0,0,0,0,0,0,0,0,0,0,0,0,0,0,0,0,0,0
1338,0,0,0,0,0,0,0,0,0,0,0,0,0,0,0,0,0,0,0,0,0,0,0,0,0,0,0,0,0,0,0,0,0,0,0,0,0,0,0,0,0,0,0,0,0,0,0,0,0,0,0,0,0,0,0,0,0,0,0,0,0,0,0,0,0
1339,0,0,0,0,0,0,0,0,0,0,0,0,0,0,0,0,0,0,0,0,0,0,0,0,0,0,0,0,0,0,0,0,0,0,0,0,0,0,0,0,0,0,0,0,0,0,0,0,0,0,0,0,0,0,0,0,0,0,0,0,0,0,0,0,0
1340,0,0,0,0,0,0,0,0,0,0,0,0,0,0,0,0,0,0,0,0,0,0,0,0,0,0,0,0,0,0,0,0,0,0,0,0,0,0,0,0,0,0,0,0,0,0,0,0,0,0,0,0,0,0,0,0,0,0,0,0,0,0,0,0,0
1341,0,0,0,0,0,0,0,0,0,0,0,0,0,0,0,0,0,0,0,0,0,0,0,0,0,0,0,0,0,0,0,0,0,0,0,0,0,0,0,0,0,0,0,0,0,0,0,0,0,0,0,0,0,0,0,0,0,0,0,0,0,0,0,0,0
1342,0,0,0,0,0,0,0,0,0,0,0,0,0,0,0,0,0,0,0,0,0,0,0,0,0,0,0,0,0,0,0,0,0,0,0,0,0,0,0,0,0,0,0,0,0,0,0,0,0,0,0,0,0,0,0,0,0,0,0,0,0,0,0,0,0
1343,0,0,0,0,0,0,0,0,0,0,0,0,0,0,0,0,0,0,0,0,0,0,0,0,0,0,0,0,0,0,0,0,0,0,0,0,0,0,0,0,0,0,0,0,0,0,0,0,0,0,0,0,0,0,0,0,0,0,0,0,0,0,0,0,0
1344,0,0,0,0,0,0,0,0,0,0,0,0,0,0,0,0,0,0,0,0,0,0,0,0,0,0,0,0,0,0,0,0,0,0,0,0,0,0,0,0,0,0,0,0,0,0,0,0,0,0,0,0,0,0,0,0,0,0,0,0,0,0,0,0,0
1345,0,0,0,0,0,0,0,0,0,0,0,0,0,0,0,0,0,0,0,0,0,0,0,0,0,0,0,0,0,0,0,0,0,0,0,0,0,0,0,0,0,0,0,0,0,0,0,0,0,0,0,0,0,0,0,0,0,0,0,0,0,0,0,0,0
1346,0,0,0,0,0,0,0,0,0,0,0,0,0,0,0,0,0,0,0,0,0,0,0,0,0,0,0,0,0,0,0,0,0,0,0,0,0,0,0,0,0,0,0,0,0,0,0,0,0,0,0,0,0,0,0,0,0,0,0,0,0,0,0,0,0
1347,0,0,0,0,0,0,0,0,0,0,0,0,0,0,0,0,0,0,0,0,0,0,0,0,0,0,0,0,0,0,0,0,0,0,0,0,0,0,0,0,0,0,0,0,0,0,0,0,0,0,0,0,0,0,0,0,0,0,0,0,0,0,0,0,0
1348,0,0,0,0,0,0,0,0,0,0,0,0,0,0,0,0,0,0,0,0,0,0,0,0,0,0,0,0,0,0,0,0,0,0,0,0,0,0,0,0,0,0,0,0,0,0,0,0,0,0,0,0,0,0,0,0,0,0,0,0,0,0,0,0,0
1349,0,0,0,0,0,0,0,0,0,0,0,0,0,0,0,0,0,0,0,0,0,0,0,0,0,0,0,0,0,0,0,0,0,0,0,0,0,0,0,0,0,0,0,0,0,0,0,0,0,0,0,0,0,0,0,0,0,0,0,0,0,0,0,0,0
1350,0,0,0,0,0,0,0,0,0,0,0,0,0,0,0,0,0,0,0,0,0,0,0,0,0,0,0,0,0,0,0,0,0,0,0,0,0,0,0,0,0,0,0,0,0,0,0,0,0,0,0,0,0,0,0,0,0,0,0,0,0,0,0,0,0
1351,0,0,0,0,0,0,0,0,0,0,0,0,0,0,0,0,0,0,0,0,0,0,0,0,0,0,0,0,0,0,0,0,0,0,0,0,0,0,0,0,0,0,0,0,0,0,0,0,0,0,0,0,0,0,0,0,0,0,0,0,0,0,0,0,0
1352,0,0,0,0,0,0,0,0,0,0,0,0,0,0,0,0,0,0,0,0,0,0,0,0,0,0,0,0,0,0,0,0,0,0,0,0,0,0,0,0,0,0,0,0,0,0,0,0,0,0,0,0,0,0,0,0,0,0,0,0,0,0,0,0,0
1353,0,0,0,0,0,0,0,0,0,0,0,0,0,0,0,0,0,0,0,0,0,0,0,0,0,0,0,0,0,0,0,0,0,0,0,0,0,0,0,0,0,0,0,0,0,0,0,0,0,0,0,0,0,0,0,0,0,0,0,0,0,0,0,0,0
1354,0,0,0,0,0,0,0,0,0,0,0,0,0,0,0,0,0,0,0,0,0,0,0,0,0,0,0,0,0,0,0,0,0,0,0,0,0,0,0,0,0,0,0,0,0,0,0,0,0,0,0,0,0,0,0,0,0,0,0,0,0,0,0,0,0
1355,0,0,0,0,0,0,0,0,0,0,0,0,0,0,0,0,0,0,0,0,0,0,0,0,0,0,0,0,0,0,0,0,0,0,0,0,0,0,0,0,0,0,0,0,0,0,0,0,0,0,0,0,0,0,0,0,0,0,0,0,0,0,0,0,0
1356,0,0,0,0,0,0,0,0,0,0,0,0,0,0,0,0,0,0,0,0,0,0,0,0,0,0,0,0,0,0,0,0,0,0,0,0,0,0,0,0,0,0,0,0,0,0,0,0,0,0,0,0,0,0,0,0,0,0,0,0,0,0,0,0,0
1357,0,0,0,0,0,0,0,0,0,0,0,0,0,0,0,0,0,0,0,0,0,0,0,0,0,0,0,0,0,0,0,0,0,0,0,0,0,0,0,0,0,0,0,0,0,0,0,0,0,0,0,0,0,0,0,0,0,0,0,0,0,0,0,0,0
1358,0,0,0,0,0,0,0,0,0,0,0,0,0,0,0,0,0,0,0,0,0,0,0,0,0,0,0,0,0,0,0,0,0,0,0,0,0,0,0,0,0,0,0,0,0,0,0,0,0,0,0,0,0,0,0,0,0,0,0,0,0,0,0,0,0
1359,0,0,0,0,0,0,0,0,0,0,0,0,0,0,0,0,0,0,0,0,0,0,0,0,0,0,0,0,0,0,0,0,0,0,0,0,0,0,0,0,0,0,0,0,0,0,0,0,0,0,0,0,0,0,0,0,0,0,0,0,0,0,0,0,0
1360,0,0,0,0,0,0,0,0,0,0,0,0,0,0,0,0,0,0,0,0,0,0,0,0,0,0,0,0,0,0,0,0,0,0,0,0,0,0,0,0,0,0,0,0,0,0,0,0,0,0,0,0,0,0,0,0,0,0,0,0,0,0,0,0,0
1361,0,0,0,0,0,0,0,0,0,0,0,0,0,0,0,0,0,0,0,0,0,0,0,0,0,0,0,0,0,0,0,0,0,0,0,0,0,0,0,0,0,0,0,0,0,0,0,0,0,0,0,0,0,0,0,0,0,0,0,0,0,0,0,0,0
1362,0,0,0,0,0,0,0,0,0,0,0,0,0,0,0,0,0,0,0,0,0,0,0,0,0,0,0,0,0,0,0,0,0,0,0,0,0,0,0,0,0,0,0,0,0,0,0,0,0,0,0,0,0,0,0,0,0,0,0,0,0,0,0,0,0
1363,0,0,0,0,0,0,0,0,0,0,0,0,0,0,0,0,0,0,0,0,0,0,0,0,0,0,0,0,0,0,0,0,0,0,0,0,0,0,0,0,0,0,0,0,0,0,0,0,0,0,0,0,0,0,0,0,0,0,0,0,0,0,0,0,0
1364,0,0,0,0,0,0,0,0,0,0,0,0,0,0,0,0,0,0,0,0,0,0,0,0,0,0,0,0,0,0,0,0,0,0,0,0,0,0,0,0,0,0,0,0,0,0,0,0,0,0,0,0,0,0,0,0,0,0,0,0,0,0,0,0,0
1365,0,0,0,0,0,0,0,0,0,0,0,0,0,0,0,0,0,0,0,0,0,0,0,0,0,0,0,0,0,0,0,0,0,0,0,0,0,0,0,0,0,0,0,0,0,0,0,0,0,0,0,0,0,0,0,0,0,0,0,0,0,0,0,0,0
1366,0,0,0,0,0,0,0,0,0,0,0,0,0,0,0,0,0,0,0,0,0,0,0,0,0,0,0,0,0,0,0,0,0,0,0,0,0,0,0,0,0,0,0,0,0,0,0,0,0,0,0,0,0,0,0,0,0,0,0,0,0,0,0,0,0
1367,0,0,0,0,0,0,0,0,0,0,0,0,0,0,0,0,0,0,0,0,0,0,0,0,0,0,0,0,0,0,0,0,0,0,0,0,0,0,0,0,0,0,0,0,0,0,0,0,0,0,0,0,0,0,0,0,0,0,0,0,0,0,0,0,0
1368,0,0,0,0,0,0,0,0,0,0,0,0,0,0,0,0,0,0,0,0,0,0,0,0,0,0,0,0,0,0,0,0,0,0,0,0,0,0,0,0,0,0,0,0,0,0,0,0,0,0,0,0,0,0,0,0,0,0,0,0,0,0,0,0,0
1369,0,0,0,0,0,0,0,0,0,0,0,0,0,0,0,0,0,0,0,0,0,0,0,0,0,0,0,0,0,0,0,0,0,0,0,0,0,0,0,0,0,0,0,0,0,0,0,0,0,0,0,0,0,0,0,0,0,0,0,0,0,0,0,0,0
1370,0,0,0,0,0,0,0,0,0,0,0,0,0,0,0,0,0,0,0,0,0,0,0,0,0,0,0,0,0,0,0,0,0,0,0,0,0,0,0,0,0,0,0,0,0,0,0,0,0,0,0,0,0,0,0,0,0,0,0,0,0,0,0,0,0
1371,0,0,0,0,0,0,0,0,0,0,0,0,0,0,0,0,0,0,0,0,0,0,0,0,0,0,0,0,0,0,0,0,0,0,0,0,0,0,0,0,0,0,0,0,0,0,0,0,0,0,0,0,0,0,0,0,0,0,0,0,0,0,0,0,0
1372,0,0,0,0,0,0,0,0,0,0,0,0,0,0,0,0,0,0,0,0,0,0,0,0,0,0,0,0,0,0,0,0,0,0,0,0,0,0,0,0,0,0,0,0,0,0,0,0,0,0,0,0,0,0,0,0,0,0,0,0,0,0,0,0,0
1373,0,0,0,0,0,0,0,0,0,0,0,0,0,0,0,0,0,0,0,0,0,0,0,0,0,0,0,0,0,0,0,0,0,0,0,0,0,0,0,0,0,0,0,0,0,0,0,0,0,0,0,0,0,0,0,0,0,0,0,0,0,0,0,0,0
1374,0,0,0,0,0,0,0,0,0,0,0,0,0,0,0,0,0,0,0,0,0,0,0,0,0,0,0,0,0,0,0,0,0,0,0,0,0,0,0,0,0,0,0,0,0,0,0,0,0,0,0,0,0,0,0,0,0,0,0,0,0,0,0,0,0
1375,0,0,0,0,0,0,0,0,0,0,0,0,0,0,0,0,0,0,0,0,0,0,0,0,0,0,0,0,0,0,0,0,0,0,0,0,0,0,0,0,0,0,0,0,0,0,0,0,0,0,0,0,0,0,0,0,0,0,0,0,0,0,0,0,0
1376,0,0,0,0,0,0,0,0,0,0,0,0,0,0,0,0,0,0,0,0,0,0,0,0,0,0,0,0,0,0,0,0,0,0,0,0,0,0,0,0,0,0,0,0,0,0,0,0,0,0,0,0,0,0,0,0,0,0,0,0,0,0,0,0,0
1377,0,0,0,0,0,0,0,0,0,0,0,0,0,0,0,0,0,0,0,0,0,0,0,0,0,0,0,0,0,0,0,0,0,0,0,0,0,0,0,0,0,0,0,0,0,0,0,0,0,0,0,0,0,0,0,0,0,0,0,0,0,0,0,0,0
1378,0,0,0,0,0,0,0,0,0,0,0,0,0,0,0,0,0,0,0,0,0,0,0,0,0,0,0,0,0,0,0,0,0,0,0,0,0,0,0,0,0,0,0,0,0,0,0,0,0,0,0,0,0,0,0,0,0,0,0,0,0,0,0,0,0
1379,0,0,0,0,0,0,0,0,0,0,0,0,0,0,0,0,0,0,0,0,0,0,0,0,0,0,0,0,0,0,0,0,0,0,0,0,0,0,0,0,0,0,0,0,0,0,0,0,0,0,0,0,0,0,0,0,0,0,0,0,0,0,0,0,0
1380,0,0,0,0,0,0,0,0,0,0,0,0,0,0,0,0,0,0,0,0,0,0,0,0,0,0,0,0,0,0,0,0,0,0,0,0,0,0,0,0,0,0,0,0,0,0,0,0,0,0,0,0,0,0,0,0,0,0,0,0,0,0,0,0,0
1381,0,0,0,0,0,0,0,0,0,0,0,0,0,0,0,0,0,0,0,0,0,0,0,0,0,0,0,0,0,0,0,0,0,0,0,0,0,0,0,0,0,0,0,0,0,0,0,0,0,0,0,0,0,0,0,0,0,0,0,0,0,0,0,0,0
1382,0,0,0,0,0,0,0,0,0,0,0,0,0,0,0,0,0,0,0,0,0,0,0,0,0,0,0,0,0,0,0,0,0,0,0,0,0,0,0,0,0,0,0,0,0,0,0,0,0,0,0,0,0,0,0,0,0,0,0,0,0,0,0,0,0
1383,0,0,0,0,0,0,0,0,0,0,0,0,0,0,0,0,0,0,0,0,0,0,0,0,0,0,0,0,0,0,0,0,0,0,0,0,0,0,0,0,0,0,0,0,0,0,0,0,0,0,0,0,0,0,0,0,0,0,0,0,0,0,0,0,0
1384,0,0,0,0,0,0,0,0,0,0,0,0,0,0,0,0,0,0,0,0,0,0,0,0,0,0,0,0,0,0,0,0,0,0,0,0,0,0,0,0,0,0,0,0,0,0,0,0,0,0,0,0,0,0,0,0,0,0,0,0,0,0,0,0,0
1385,0,0,0,0,0,0,0,0,0,0,0,0,0,0,0,0,0,0,0,0,0,0,0,0,0,0,0,0,0,0,0,0,0,0,0,0,0,0,0,0,0,0,0,0,0,0,0,0,0,0,0,0,0,0,0,0,0,0,0,0,0,0,0,0,0
1386,0,0,0,0,0,0,0,0,0,0,0,0,0,0,0,0,0,0,0,0,0,0,0,0,0,0,0,0,0,0,0,0,0,0,0,0,0,0,0,0,0,0,0,0,0,0,0,0,0,0,0,0,0,0,0,0,0,0,0,0,0,0,0,0,0
1387,0,0,0,0,0,0,0,0,0,0,0,0,0,0,0,0,0,0,0,0,0,0,0,0,0,0,0,0,0,0,0,0,0,0,0,0,0,0,0,0,0,0,0,0,0,0,0,0,0,0,0,0,0,0,0,0,0,0,0,0,0,0,0,0,0
1388,0,0,0,0,0,0,0,0,0,0,0,0,0,0,0,0,0,0,0,0,0,0,0,0,0,0,0,0,0,0,0,0,0,0,0,0,0,0,0,0,0,0,0,0,0,0,0,0,0,0,0,0,0,0,0,0,0,0,0,0,0,0,0,0,0
1389,0,0,0,0,0,0,0,0,0,0,0,0,0,0,0,0,0,0,0,0,0,0,0,0,0,0,0,0,0,0,0,0,0,0,0,0,0,0,0,0,0,0,0,0,0,0,0,0,0,0,0,0,0,0,0,0,0,0,0,0,0,0,0,0,0
1390,0,0,0,0,0,0,0,0,0,0,0,0,0,0,0,0,0,0,0,0,0,0,0,0,0,0,0,0,0,0,0,0,0,0,0,0,0,0,0,0,0,0,0,0,0,0,0,0,0,0,0,0,0,0,0,0,0,0,0,0,0,0,0,0,0
1391,0,0,0,0,0,0,0,0,0,0,0,0,0,0,0,0,0,0,0,0,0,0,0,0,0,0,0,0,0,0,0,0,0,0,0,0,0,0,0,0,0,0,0,0,0,0,0,0,0,0,0,0,0,0,0,0,0,0,0,0,0,0,0,0,0
1392,0,0,0,0,0,0,0,0,0,0,0,0,0,0,0,0,0,0,0,0,0,0,0,0,0,0,0,0,0,0,0,0,0,0,0,0,0,0,0,0,0,0,0,0,0,0,0,0,0,0,0,0,0,0,0,0,0,0,0,0,0,0,0,0,0
1393,0,0,0,0,0,0,0,0,0,0,0,0,0,0,0,0,0,0,0,0,0,0,0,0,0,0,0,0,0,0,0,0,0,0,0,0,0,0,0,0,0,0,0,0,0,0,0,0,0,0,0,0,0,0,0,0,0,0,0,0,0,0,0,0,0
1394,0,0,0,0,0,0,0,0,0,0,0,0,0,0,0,0,0,0,0,0,0,0,0,0,0,0,0,0,0,0,0,0,0,0,0,0,0,0,0,0,0,0,0,0,0,0,0,0,0,0,0,0,0,0,0,0,0,0,0,0,0,0,0,0,0
1395,0,0,0,0,0,0,0,0,0,0,0,0,0,0,0,0,0,0,0,0,0,0,0,0,0,0,0,0,0,0,0,0,0,0,0,0,0,0,0,0,0,0,0,0,0,0,0,0,0,0,0,0,0,0,0,0,0,0,0,0,0,0,0,0,0
1396,0,0,0,0,0,0,0,0,0,0,0,0,0,0,0,0,0,0,0,0,0,0,0,0,0,0,0,0,0,0,0,0,0,0,0,0,0,0,0,0,0,0,0,0,0,0,0,0,0,0,0,0,0,0,0,0,0,0,0,0,0,0,0,0,0
1397,0,0,0,0,0,0,0,0,0,0,0,0,0,0,0,0,0,0,0,0,0,0,0,0,0,0,0,0,0,0,0,0,0,0,0,0,0,0,0,0,0,0,0,0,0,0,0,0,0,0,0,0,0,0,0,0,0,0,0,0,0,0,0,0,0
1398,0,0,0,0,0,0,0,0,0,0,0,0,0,0,0,0,0,0,0,0,0,0,0,0,0,0,0,0,0,0,0,0,0,0,0,0,0,0,0,0,0,0,0,0,0,0,0,0,0,0,0,0,0,0,0,0,0,0,0,0,0,0,0,0,0
1399,0,0,0,0,0,0,0,0,0,0,0,0,0,0,0,0,0,0,0,0,0,0,0,0,0,0,0,0,0,0,0,0,0,0,0,0,0,0,0,0,0,0,0,0,0,0,0,0,0,0,0,0,0,0,0,0,0,0,0,0,0,0,0,0,0
1400,0,0,0,0,0,0,0,0,0,0,0,0,0,0,0,0,0,0,0,0,0,0,0,0,0,0,0,0,0,0,0,0,0,0,0,0,0,0,0,0,0,0,0,0,0,0,0,0,0,0,0,0,0,0,0,0,0,0,0,0,0,0,0,0,0
1401,0,0,0,0,0,0,0,0,0,0,0,0,0,0,0,0,0,0,0,0,0,0,0,0,0,0,0,0,0,0,0,0,0,0,0,0,0,0,0,0,0,0,0,0,0,0,0,0,0,0,0,0,0,0,0,0,0,0,0,0,0,0,0,0,0
1402,0,0,0,0,0,0,0,0,0,0,0,0,0,0,0,0,0,0,0,0,0,0,0,0,0,0,0,0,0,0,0,0,0,0,0,0,0,0,0,0,0,0,0,0,0,0,0,0,0,0,0,0,0,0,0,0,0,0,0,0,0,0,0,0,0
1403,0,0,0,0,0,0,0,0,0,0,0,0,0,0,0,0,0,0,0,0,0,0,0,0,0,0,0,0,0,0,0,0,0,0,0,0,0,0,0,0,0,0,0,0,0,0,0,0,0,0,0,0,0,0,0,0,0,0,0,0,0,0,0,0,0
1404,0,0,0,0,0,0,0,0,0,0,0,0,0,0,0,0,0,0,0,0,0,0,0,0,0,0,0,0,0,0,0,0,0,0,0,0,0,0,0,0,0,0,0,0,0,0,0,0,0,0,0,0,0,0,0,0,0,0,0,0,0,0,0,0,0
1405,0,0,0,0,0,0,0,0,0,0,0,0,0,0,0,0,0,0,0,0,0,0,0,0,0,0,0,0,0,0,0,0,0,0,0,0,0,0,0,0,0,0,0,0,0,0,0,0,0,0,0,0,0,0,0,0,0,0,0,0,0,0,0,0,0
1406,0,0,0,0,0,0,0,0,0,0,0,0,0,0,0,0,0,0,0,0,0,0,0,0,0,0,0,0,0,0,0,0,0,0,0,0,0,0,0,0,0,0,0,0,0,0,0,0,0,0,0,0,0,0,0,0,0,0,0,0,0,0,0,0,0
1407,0,0,0,0,0,0,0,0,0,0,0,0,0,0,0,0,0,0,0,0,0,0,0,0,0,0,0,0,0,0,0,0,0,0,0,0,0,0,0,0,0,0,0,0,0,0,0,0,0,0,0,0,0,0,0,0,0,0,0,0,0,0,0,0,0
1408,0,0,0,0,0,0,0,0,0,0,0,0,0,0,0,0,0,0,0,0,0,0,0,0,0,0,0,0,0,0,0,0,0,0,0,0,0,0,0,0,0,0,0,0,0,0,0,0,0,0,0,0,0,0,0,0,0,0,0,0,0,0,0,0,0
1409,0,0,0,0,0,0,0,0,0,0,0,0,0,0,0,0,0,0,0,0,0,0,0,0,0,0,0,0,0,0,0,0,0,0,0,0,0,0,0,0,0,0,0,0,0,0,0,0,0,0,0,0,0,0,0,0,0,0,0,0,0,0,0,0,0
1410,0,0,0,0,0,0,0,0,0,0,0,0,0,0,0,0,0,0,0,0,0,0,0,0,0,0,0,0,0,0,0,0,0,0,0,0,0,0,0,0,0,0,0,0,0,0,0,0,0,0,0,0,0,0,0,0,0,0,0,0,0,0,0,0,0
1411,0,0,0,0,0,0,0,0,0,0,0,0,0,0,0,0,0,0,0,0,0,0,0,0,0,0,0,0,0,0,0,0,0,0,0,0,0,0,0,0,0,0,0,0,0,0,0,0,0,0,0,0,0,0,0,0,0,0,0,0,0,0,0,0,0
1412,0,0,0,0,0,0,0,0,0,0,0,0,0,0,0,0,0,0,0,0,0,0,0,0,0,0,0,0,0,0,0,0,0,0,0,0,0,0,0,0,0,0,0,0,0,0,0,0,0,0,0,0,0,0,0,0,0,0,0,0,0,0,0,0,0
1413,0,0,0,0,0,0,0,0,0,0,0,0,0,0,0,0,0,0,0,0,0,0,0,0,0,0,0,0,0,0,0,0,0,0,0,0,0,0,0,0,0,0,0,0,0,0,0,0,0,0,0,0,0,0,0,0,0,0,0,0,0,0,0,0,0
1414,0,0,0,0,0,0,0,0,0,0,0,0,0,0,0,0,0,0,0,0,0,0,0,0,0,0,0,0,0,0,0,0,0,0,0,0,0,0,0,0,0,0,0,0,0,0,0,0,0,0,0,0,0,0,0,0,0,0,0,0,0,0,0,0,0
1415,0,0,0,0,0,0,0,0,0,0,0,0,0,0,0,0,0,0,0,0,0,0,0,0,0,0,0,0,0,0,0,0,0,0,0,0,0,0,0,0,0,0,0,0,0,0,0,0,0,0,0,0,0,0,0,0,0,0,0,0,0,0,0,0,0
1416,0,0,0,0,0,0,0,0,0,0,0,0,0,0,0,0,0,0,0,0,0,0,0,0,0,0,0,0,0,0,0,0,0,0,0,0,0,0,0,0,0,0,0,0,0,0,0,0,0,0,0,0,0,0,0,0,0,0,0,0,0,0,0,0,0
1417,0,0,0,0,0,0,0,0,0,0,0,0,0,0,0,0,0,0,0,0,0,0,0,0,0,0,0,0,0,0,0,0,0,0,0,0,0,0,0,0,0,0,0,0,0,0,0,0,0,0,0,0,0,0,0,0,0,0,0,0,0,0,0,0,0
1418,0,0,0,0,0,0,0,0,0,0,0,0,0,0,0,0,0,0,0,0,0,0,0,0,0,0,0,0,0,0,0,0,0,0,0,0,0,0,0,0,0,0,0,0,0,0,0,0,0,0,0,0,0,0,0,0,0,0,0,0,0,0,0,0,0
1419,0,0,0,0,0,0,0,0,0,0,0,0,0,0,0,0,0,0,0,0,0,0,0,0,0,0,0,0,0,0,0,0,0,0,0,0,0,0,0,0,0,0,0,0,0,0,0,0,0,0,0,0,0,0,0,0,0,0,0,0,0,0,0,0,0
1420,0,0,0,0,0,0,0,0,0,0,0,0,0,0,0,0,0,0,0,0,0,0,0,0,0,0,0,0,0,0,0,0,0,0,0,0,0,0,0,0,0,0,0,0,0,0,0,0,0,0,0,0,0,0,0,0,0,0,0,0,0,0,0,0,0
1421,0,0,0,0,0,0,0,0,0,0,0,0,0,0,0,0,0,0,0,0,0,0,0,0,0,0,0,0,0,0,0,0,0,0,0,0,0,0,0,0,0,0,0,0,0,0,0,0,0,0,0,0,0,0,0,0,0,0,0,0,0,0,0,0,0
1422,0,0,0,0,0,0,0,0,0,0,0,0,0,0,0,0,0,0,0,0,0,0,0,0,0,0,0,0,0,0,0,0,0,0,0,0,0,0,0,0,0,0,0,0,0,0,0,0,0,0,0,0,0,0,0,0,0,0,0,0,0,0,0,0,0
1423,0,0,0,0,0,0,0,0,0,0,0,0,0,0,0,0,0,0,0,0,0,0,0,0,0,0,0,0,0,0,0,0,0,0,0,0,0,0,0,0,0,0,0,0,0,0,0,0,0,0,0,0,0,0,0,0,0,0,0,0,0,0,0,0,0
1424,0,0,0,0,0,0,0,0,0,0,0,0,0,0,0,0,0,0,0,0,0,0,0,0,0,0,0,0,0,0,0,0,0,0,0,0,0,0,0,0,0,0,0,0,0,0,0,0,0,0,0,0,0,0,0,0,0,0,0,0,0,0,0,0,0
1425,0,0,0,0,0,0,0,0,0,0,0,0,0,0,0,0,0,0,0,0,0,0,0,0,0,0,0,0,0,0,0,0,0,0,0,0,0,0,0,0,0,0,0,0,0,0,0,0,0,0,0,0,0,0,0,0,0,0,0,0,0,0,0,0,0
1426,0,0,0,0,0,0,0,0,0,0,0,0,0,0,0,0,0,0,0,0,0,0,0,0,0,0,0,0,0,0,0,0,0,0,0,0,0,0,0,0,0,0,0,0,0,0,0,0,0,0,0,0,0,0,0,0,0,0,0,0,0,0,0,0,0
1427,0,0,0,0,0,0,0,0,0,0,0,0,0,0,0,0,0,0,0,0,0,0,0,0,0,0,0,0,0,0,0,0,0,0,0,0,0,0,0,0,0,0,0,0,0,0,0,0,0,0,0,0,0,0,0,0,0,0,0,0,0,0,0,0,0
1428,0,0,0,0,0,0,0,0,0,0,0,0,0,0,0,0,0,0,0,0,0,0,0,0,0,0,0,0,0,0,0,0,0,0,0,0,0,0,0,0,0,0,0,0,0,0,0,0,0,0,0,0,0,0,0,0,0,0,0,0,0,0,0,0,0
1429,0,0,0,0,0,0,0,0,0,0,0,0,0,0,0,0,0,0,0,0,0,0,0,0,0,0,0,0,0,0,0,0,0,0,0,0,0,0,0,0,0,0,0,0,0,0,0,0,0,0,0,0,0,0,0,0,0,0,0,0,0,0,0,0,0
1430,0,0,0,0,0,0,0,0,0,0,0,0,0,0,0,0,0,0,0,0,0,0,0,0,0,0,0,0,0,0,0,0,0,0,0,0,0,0,0,0,0,0,0,0,0,0,0,0,0,0,0,0,0,0,0,0,0,0,0,0,0,0,0,0,0
1431,0,0,0,0,0,0,0,0,0,0,0,0,0,0,0,0,0,0,0,0,0,0,0,0,0,0,0,0,0,0,0,0,0,0,0,0,0,0,0,0,0,0,0,0,0,0,0,0,0,0,0,0,0,0,0,0,0,0,0,0,0,0,0,0,0
1432,0,0,0,0,0,0,0,0,0,0,0,0,0,0,0,0,0,0,0,0,0,0,0,0,0,0,0,0,0,0,0,0,0,0,0,0,0,0,0,0,0,0,0,0,0,0,0,0,0,0,0,0,0,0,0,0,0,0,0,0,0,0,0,0,0
1433,0,0,0,0,0,0,0,0,0,0,0,0,0,0,0,0,0,0,0,0,0,0,0,0,0,0,0,0,0,0,0,0,0,0,0,0,0,0,0,0,0,0,0,0,0,0,0,0,0,0,0,0,0,0,0,0,0,0,0,0,0,0,0,0,0
1434,0,0,0,0,0,0,0,0,0,0,0,0,0,0,0,0,0,0,0,0,0,0,0,0,0,0,0,0,0,0,0,0,0,0,0,0,0,0,0,0,0,0,0,0,0,0,0,0,0,0,0,0,0,0,0,0,0,0,0,0,0,0,0,0,0
1435,0,0,0,0,0,0,0,0,0,0,0,0,0,0,0,0,0,0,0,0,0,0,0,0,0,0,0,0,0,0,0,0,0,0,0,0,0,0,0,0,0,0,0,0,0,0,0,0,0,0,0,0,0,0,0,0,0,0,0,0,0,0,0,0,0
1436,0,0,0,0,0,0,0,0,0,0,0,0,0,0,0,0,0,0,0,0,0,0,0,0,0,0,0,0,0,0,0,0,0,0,0,0,0,0,0,0,0,0,0,0,0,0,0,0,0,0,0,0,0,0,0,0,0,0,0,0,0,0,0,0,0
1437,0,0,0,0,0,0,0,0,0,0,0,0,0,0,0,0,0,0,0,0,0,0,0,0,0,0,0,0,0,0,0,0,0,0,0,0,0,0,0,0,0,0,0,0,0,0,0,0,0,0,0,0,0,0,0,0,0,0,0,0,0,0,0,0,0
1438,0,0,0,0,0,0,0,0,0,0,0,0,0,0,0,0,0,0,0,0,0,0,0,0,0,0,0,0,0,0,0,0,0,0,0,0,0,0,0,0,0,0,0,0,0,0,0,0,0,0,0,0,0,0,0,0,0,0,0,0,0,0,0,0,0
1439,0,0,0,0,0,0,0,0,0,0,0,0,0,0,0,0,0,0,0,0,0,0,0,0,0,0,0,0,0,0,0,0,0,0,0,0,0,0,0,0,0,0,0,0,0,0,0,0,0,0,0,0,0,0,0,0,0,0,0,0,0,0,0,0,0
1440,0,0,0,0,0,0,0,0,0,0,0,0,0,0,0,0,0,0,0,0,0,0,0,0,0,0,0,0,0,0,0,0,0,0,0,0,0,0,0,0,0,0,0,0,0,0,0,0,0,0,0,0,0,0,0,0,0,0,0,0,0,0,0,0,0
1441,0,0,0,0,0,0,0,0,0,0,0,0,0,0,0,0,0,0,0,0,0,0,0,0,0,0,0,0,0,0,0,0,0,0,0,0,0,0,0,0,0,0,0,0,0,0,0,0,0,0,0,0,0,0,0,0,0,0,0,0,0,0,0,0,0
1442,0,0,0,0,0,0,0,0,0,0,0,0,0,0,0,0,0,0,0,0,0,0,0,0,0,0,0,0,0,0,0,0,0,0,0,0,0,0,0,0,0,0,0,0,0,0,0,0,0,0,0,0,0,0,0,0,0,0,0,0,0,0,0,0,0
1443,0,0,0,0,0,0,0,0,0,0,0,0,0,0,0,0,0,0,0,0,0,0,0,0,0,0,0,0,0,0,0,0,0,0,0,0,0,0,0,0,0,0,0,0,0,0,0,0,0,0,0,0,0,0,0,0,0,0,0,0,0,0,0,0,0
1444,0,0,0,0,0,0,0,0,0,0,0,0,0,0,0,0,0,0,0,0,0,0,0,0,0,0,0,0,0,0,0,0,0,0,0,0,0,0,0,0,0,0,0,0,0,0,0,0,0,0,0,0,0,0,0,0,0,0,0,0,0,0,0,0,0
1445,0,0,0,0,0,0,0,0,0,0,0,0,0,0,0,0,0,0,0,0,0,0,0,0,0,0,0,0,0,0,0,0,0,0,0,0,0,0,0,0,0,0,0,0,0,0,0,0,0,0,0,0,0,0,0,0,0,0,0,0,0,0,0,0,0
1446,0,0,0,0,0,0,0,0,0,0,0,0,0,0,0,0,0,0,0,0,0,0,0,0,0,0,0,0,0,0,0,0,0,0,0,0,0,0,0,0,0,0,0,0,0,0,0,0,0,0,0,0,0,0,0,0,0,0,0,0,0,0,0,0,0
1447,0,0,0,0,0,0,0,0,0,0,0,0,0,0,0,0,0,0,0,0,0,0,0,0,0,0,0,0,0,0,0,0,0,0,0,0,0,0,0,0,0,0,0,0,0,0,0,0,0,0,0,0,0,0,0,0,0,0,0,0,0,0,0,0,0
1448,0,0,0,0,0,0,0,0,0,0,0,0,0,0,0,0,0,0,0,0,0,0,0,0,0,0,0,0,0,0,0,0,0,0,0,0,0,0,0,0,0,0,0,0,0,0,0,0,0,0,0,0,0,0,0,0,0,0,0,0,0,0,0,0,0
1449,0,0,0,0,0,0,0,0,0,0,0,0,0,0,0,0,0,0,0,0,0,0,0,0,0,0,0,0,0,0,0,0,0,0,0,0,0,0,0,0,0,0,0,0,0,0,0,0,0,0,0,0,0,0,0,0,0,0,0,0,0,0,0,0,0
1450,0,0,0,0,0,0,0,0,0,0,0,0,0,0,0,0,0,0,0,0,0,0,0,0,0,0,0,0,0,0,0,0,0,0,0,0,0,0,0,0,0,0,0,0,0,0,0,0,0,0,0,0,0,0,0,0,0,0,0,0,0,0,0,0,0
1451,0,0,0,0,0,0,0,0,0,0,0,0,0,0,0,0,0,0,0,0,0,0,0,0,0,0,0,0,0,0,0,0,0,0,0,0,0,0,0,0,0,0,0,0,0,0,0,0,0,0,0,0,0,0,0,0,0,0,0,0,0,0,0,0,0
1452,0,0,0,0,0,0,0,0,0,0,0,0,0,0,0,0,0,0,0,0,0,0,0,0,0,0,0,0,0,0,0,0,0,0,0,0,0,0,0,0,0,0,0,0,0,0,0,0,0,0,0,0,0,0,0,0,0,0,0,0,0,0,0,0,0
1453,0,0,0,0,0,0,0,0,0,0,0,0,0,0,0,0,0,0,0,0,0,0,0,0,0,0,0,0,0,0,0,0,0,0,0,0,0,0,0,0,0,0,0,0,0,0,0,0,0,0,0,0,0,0,0,0,0,0,0,0,0,0,0,0,0
1454,0,0,0,0,0,0,0,0,0,0,0,0,0,0,0,0,0,0,0,0,0,0,0,0,0,0,0,0,0,0,0,0,0,0,0,0,0,0,0,0,0,0,0,0,0,0,0,0,0,0,0,0,0,0,0,0,0,0,0,0,0,0,0,0,0
1455,0,0,0,0,0,0,0,0,0,0,0,0,0,0,0,0,0,0,0,0,0,0,0,0,0,0,0,0,0,0,0,0,0,0,0,0,0,0,0,0,0,0,0,0,0,0,0,0,0,0,0,0,0,0,0,0,0,0,0,0,0,0,0,0,0
1456,0,0,0,0,0,0,0,0,0,0,0,0,0,0,0,0,0,0,0,0,0,0,0,0,0,0,0,0,0,0,0,0,0,0,0,0,0,0,0,0,0,0,0,0,0,0,0,0,0,0,0,0,0,0,0,0,0,0,0,0,0,0,0,0,0
1457,0,0,0,0,0,0,0,0,0,0,0,0,0,0,0,0,0,0,0,0,0,0,0,0,0,0,0,0,0,0,0,0,0,0,0,0,0,0,0,0,0,0,0,0,0,0,0,0,0,0,0,0,0,0,0,0,0,0,0,0,0,0,0,0,0
1458,0,0,0,0,0,0,0,0,0,0,0,0,0,0,0,0,0,0,0,0,0,0,0,0,0,0,0,0,0,0,0,0,0,0,0,0,0,0,0,0,0,0,0,0,0,0,0,0,0,0,0,0,0,0,0,0,0,0,0,0,0,0,0,0,0
1459,0,0,0,0,0,0,0,0,0,0,0,0,0,0,0,0,0,0,0,0,0,0,0,0,0,0,0,0,0,0,0,0,0,0,0,0,0,0,0,0,0,0,0,0,0,0,0,0,0,0,0,0,0,0,0,0,0,0,0,0,0,0,0,0,0
1460,0,0,0,0,0,0,0,0,0,0,0,0,0,0,0,0,0,0,0,0,0,0,0,0,0,0,0,0,0,0,0,0,0,0,0,0,0,0,0,0,0,0,0,0,0,0,0,0,0,0,0,0,0,0,0,0,0,0,0,0,0,0,0,0,0
1461,0,0,0,0,0,0,0,0,0,0,0,0,0,0,0,0,0,0,0,0,0,0,0,0,0,0,0,0,0,0,0,0,0,0,0,0,0,0,0,0,0,0,0,0,0,0,0,0,0,0,0,0,0,0,0,0,0,0,0,0,0,0,0,0,0
1462,0,0,0,0,0,0,0,0,0,0,0,0,0,0,0,0,0,0,0,0,0,0,0,0,0,0,0,0,0,0,0,0,0,0,0,0,0,0,0,0,0,0,0,0,0,0,0,0,0,0,0,0,0,0,0,0,0,0,0,0,0,0,0,0,0
1463,0,0,0,0,0,0,0,0,0,0,0,0,0,0,0,0,0,0,0,0,0,0,0,0,0,0,0,0,0,0,0,0,0,0,0,0,0,0,0,0,0,0,0,0,0,0,0,0,0,0,0,0,0,0,0,0,0,0,0,0,0,0,0,0,0
1464,0,0,0,0,0,0,0,0,0,0,0,0,0,0,0,0,0,0,0,0,0,0,0,0,0,0,0,0,0,0,0,0,0,0,0,0,0,0,0,0,0,0,0,0,0,0,0,0,0,0,0,0,0,0,0,0,0,0,0,0,0,0,0,0,0
1465,0,0,0,0,0,0,0,0,0,0,0,0,0,0,0,0,0,0,0,0,0,0,0,0,0,0,0,0,0,0,0,0,0,0,0,0,0,0,0,0,0,0,0,0,0,0,0,0,0,0,0,0,0,0,0,0,0,0,0,0,0,0,0,0,0
1466,0,0,0,0,0,0,0,0,0,0,0,0,0,0,0,0,0,0,0,0,0,0,0,0,0,0,0,0,0,0,0,0,0,0,0,0,0,0,0,0,0,0,0,0,0,0,0,0,0,0,0,0,0,0,0,0,0,0,0,0,0,0,0,0,0
1467,0,0,0,0,0,0,0,0,0,0,0,0,0,0,0,0,0,0,0,0,0,0,0,0,0,0,0,0,0,0,0,0,0,0,0,0,0,0,0,0,0,0,0,0,0,0,0,0,0,0,0,0,0,0,0,0,0,0,0,0,0,0,0,0,0
1468,0,0,0,0,0,0,0,0,0,0,0,0,0,0,0,0,0,0,0,0,0,0,0,0,0,0,0,0,0,0,0,0,0,0,0,0,0,0,0,0,0,0,0,0,0,0,0,0,0,0,0,0,0,0,0,0,0,0,0,0,0,0,0,0,0
1469,0,0,0,0,0,0,0,0,0,0,0,0,0,0,0,0,0,0,0,0,0,0,0,0,0,0,0,0,0,0,0,0,0,0,0,0,0,0,0,0,0,0,0,0,0,0,0,0,0,0,0,0,0,0,0,0,0,0,0,0,0,0,0,0,0
1470,0,0,0,0,0,0,0,0,0,0,0,0,0,0,0,0,0,0,0,0,0,0,0,0,0,0,0,0,0,0,0,0,0,0,0,0,0,0,0,0,0,0,0,0,0,0,0,0,0,0,0,0,0,0,0,0,0,0,0,0,0,0,0,0,0
1471,0,0,0,0,0,0,0,0,0,0,0,0,0,0,0,0,0,0,0,0,0,0,0,0,0,0,0,0,0,0,0,0,0,0,0,0,0,0,0,0,0,0,0,0,0,0,0,0,0,0,0,0,0,0,0,0,0,0,0,0,0,0,0,0,0
1472,0,0,0,0,0,0,0,0,0,0,0,0,0,0,0,0,0,0,0,0,0,0,0,0,0,0,0,0,0,0,0,0,0,0,0,0,0,0,0,0,0,0,0,0,0,0,0,0,0,0,0,0,0,0,0,0,0,0,0,0,0,0,0,0,0
1473,0,0,0,0,0,0,0,0,0,0,0,0,0,0,0,0,0,0,0,0,0,0,0,0,0,0,0,0,0,0,0,0,0,0,0,0,0,0,0,0,0,0,0,0,0,0,0,0,0,0,0,0,0,0,0,0,0,0,0,0,0,0,0,0,0
1474,0,0,0,0,0,0,0,0,0,0,0,0,0,0,0,0,0,0,0,0,0,0,0,0,0,0,0,0,0,0,0,0,0,0,0,0,0,0,0,0,0,0,0,0,0,0,0,0,0,0,0,0,0,0,0,0,0,0,0,0,0,0,0,0,0
1475,0,0,0,0,0,0,0,0,0,0,0,0,0,0,0,0,0,0,0,0,0,0,0,0,0,0,0,0,0,0,0,0,0,0,0,0,0,0,0,0,0,0,0,0,0,0,0,0,0,0,0,0,0,0,0,0,0,0,0,0,0,0,0,0,0
1476,0,0,0,0,0,0,0,0,0,0,0,0,0,0,0,0,0,0,0,0,0,0,0,0,0,0,0,0,0,0,0,0,0,0,0,0,0,0,0,0,0,0,0,0,0,0,0,0,0,0,0,0,0,0,0,0,0,0,0,0,0,0,0,0,0
1477,0,0,0,0,0,0,0,0,0,0,0,0,0,0,0,0,0,0,0,0,0,0,0,0,0,0,0,0,0,0,0,0,0,0,0,0,0,0,0,0,0,0,0,0,0,0,0,0,0,0,0,0,0,0,0,0,0,0,0,0,0,0,0,0,0
1478,0,0,0,0,0,0,0,0,0,0,0,0,0,0,0,0,0,0,0,0,0,0,0,0,0,0,0,0,0,0,0,0,0,0,0,0,0,0,0,0,0,0,0,0,0,0,0,0,0,0,0,0,0,0,0,0,0,0,0,0,0,0,0,0,0
1479,0,0,0,0,0,0,0,0,0,0,0,0,0,0,0,0,0,0,0,0,0,0,0,0,0,0,0,0,0,0,0,0,0,0,0,0,0,0,0,0,0,0,0,0,0,0,0,0,0,0,0,0,0,0,0,0,0,0,0,0,0,0,0,0,0
1480,0,0,0,0,0,0,0,0,0,0,0,0,0,0,0,0,0,0,0,0,0,0,0,0,0,0,0,0,0,0,0,0,0,0,0,0,0,0,0,0,0,0,0,0,0,0,0,0,0,0,0,0,0,0,0,0,0,0,0,0,0,0,0,0,0
1481,0,0,0,0,0,0,0,0,0,0,0,0,0,0,0,0,0,0,0,0,0,0,0,0,0,0,0,0,0,0,0,0,0,0,0,0,0,0,0,0,0,0,0,0,0,0,0,0,0,0,0,0,0,0,0,0,0,0,0,0,0,0,0,0,0
1482,0,0,0,0,0,0,0,0,0,0,0,0,0,0,0,0,0,0,0,0,0,0,0,0,0,0,0,0,0,0,0,0,0,0,0,0,0,0,0,0,0,0,0,0,0,0,0,0,0,0,0,0,0,0,0,0,0,0,0,0,0,0,0,0,0
1483,0,0,0,0,0,0,0,0,0,0,0,0,0,0,0,0,0,0,0,0,0,0,0,0,0,0,0,0,0,0,0,0,0,0,0,0,0,0,0,0,0,0,0,0,0,0,0,0,0,0,0,0,0,0,0,0,0,0,0,0,0,0,0,0,0
1484,0,0,0,0,0,0,0,0,0,0,0,0,0,0,0,0,0,0,0,0,0,0,0,0,0,0,0,0,0,0,0,0,0,0,0,0,0,0,0,0,0,0,0,0,0,0,0,0,0,0,0,0,0,0,0,0,0,0,0,0,0,0,0,0,0
1485,0,0,0,0,0,0,0,0,0,0,0,0,0,0,0,0,0,0,0,0,0,0,0,0,0,0,0,0,0,0,0,0,0,0,0,0,0,0,0,0,0,0,0,0,0,0,0,0,0,0,0,0,0,0,0,0,0,0,0,0,0,0,0,0,0
1486,0,0,0,0,0,0,0,0,0,0,0,0,0,0,0,0,0,0,0,0,0,0,0,0,0,0,0,0,0,0,0,0,0,0,0,0,0,0,0,0,0,0,0,0,0,0,0,0,0,0,0,0,0,0,0,0,0,0,0,0,0,0,0,0,0
1487,0,0,0,0,0,0,0,0,0,0,0,0,0,0,0,0,0,0,0,0,0,0,0,0,0,0,0,0,0,0,0,0,0,0,0,0,0,0,0,0,0,0,0,0,0,0,0,0,0,0,0,0,0,0,0,0,0,0,0,0,0,0,0,0,0
1488,0,0,0,0,0,0,0,0,0,0,0,0,0,0,0,0,0,0,0,0,0,0,0,0,0,0,0,0,0,0,0,0,0,0,0,0,0,0,0,0,0,0,0,0,0,0,0,0,0,0,0,0,0,0,0,0,0,0,0,0,0,0,0,0,0
1489,0,0,0,0,0,0,0,0,0,0,0,0,0,0,0,0,0,0,0,0,0,0,0,0,0,0,0,0,0,0,0,0,0,0,0,0,0,0,0,0,0,0,0,0,0,0,0,0,0,0,0,0,0,0,0,0,0,0,0,0,0,0,0,0,0
1490,0,0,0,0,0,0,0,0,0,0,0,0,0,0,0,0,0,0,0,0,0,0,0,0,0,0,0,0,0,0,0,0,0,0,0,0,0,0,0,0,0,0,0,0,0,0,0,0,0,0,0,0,0,0,0,0,0,0,0,0,0,0,0,0,0
1491,0,0,0,0,0,0,0,0,0,0,0,0,0,0,0,0,0,0,0,0,0,0,0,0,0,0,0,0,0,0,0,0,0,0,0,0,0,0,0,0,0,0,0,0,0,0,0,0,0,0,0,0,0,0,0,0,0,0,0,0,0,0,0,0,0
1492,0,0,0,0,0,0,0,0,0,0,0,0,0,0,0,0,0,0,0,0,0,0,0,0,0,0,0,0,0,0,0,0,0,0,0,0,0,0,0,0,0,0,0,0,0,0,0,0,0,0,0,0,0,0,0,0,0,0,0,0,0,0,0,0,0
1493,0,0,0,0,0,0,0,0,0,0,0,0,0,0,0,0,0,0,0,0,0,0,0,0,0,0,0,0,0,0,0,0,0,0,0,0,0,0,0,0,0,0,0,0,0,0,0,0,0,0,0,0,0,0,0,0,0,0,0,0,0,0,0,0,0
1494,0,0,0,0,0,0,0,0,0,0,0,0,0,0,0,0,0,0,0,0,0,0,0,0,0,0,0,0,0,0,0,0,0,0,0,0,0,0,0,0,0,0,0,0,0,0,0,0,0,0,0,0,0,0,0,0,0,0,0,0,0,0,0,0,0
1495,0,0,0,0,0,0,0,0,0,0,0,0,0,0,0,0,0,0,0,0,0,0,0,0,0,0,0,0,0,0,0,0,0,0,0,0,0,0,0,0,0,0,0,0,0,0,0,0,0,0,0,0,0,0,0,0,0,0,0,0,0,0,0,0,0
1496,0,0,0,0,0,0,0,0,0,0,0,0,0,0,0,0,0,0,0,0,0,0,0,0,0,0,0,0,0,0,0,0,0,0,0,0,0,0,0,0,0,0,0,0,0,0,0,0,0,0,0,0,0,0,0,0,0,0,0,0,0,0,0,0,0
1497,0,0,0,0,0,0,0,0,0,0,0,0,0,0,0,0,0,0,0,0,0,0,0,0,0,0,0,0,0,0,0,0,0,0,0,0,0,0,0,0,0,0,0,0,0,0,0,0,0,0,0,0,0,0,0,0,0,0,0,0,0,0,0,0,0
1498,0,0,0,0,0,0,0,0,0,0,0,0,0,0,0,0,0,0,0,0,0,0,0,0,0,0,0,0,0,0,0,0,0,0,0,0,0,0,0,0,0,0,0,0,0,0,0,0,0,0,0,0,0,0,0,0,0,0,0,0,0,0,0,0,0
1499,0,0,0,0,0,0,0,0,0,0,0,0,0,0,0,0,0,0,0,0,0,0,0,0,0,0,0,0,0,0,0,0,0,0,0,0,0,0,0,0,0,0,0,0,0,0,0,0,0,0,0,0,0,0,0,0,0,0,0,0,0,0,0,0,0
1500,0,0,0,0,0,0,0,0,0,0,0,0,0,0,0,0,0,0,0,0,0,0,0,0,0,0,0,0,0,0,0,0,0,0,0,0,0,0,0,0,0,0,0,0,0,0,0,0,0,0,0,0,0,0,0,0,0,0,0,0,0,0,0,0,0
1501,0,0,0,0,0,0,0,0,0,0,0,0,0,0,0,0,0,0,0,0,0,0,0,0,0,0,0,0,0,0,0,0,0,0,0,0,0,0,0,0,0,0,0,0,0,0,0,0,0,0,0,0,0,0,0,0,0,0,0,0,0,0,0,0,0
1502,0,0,0,0,0,0,0,0,0,0,0,0,0,0,0,0,0,0,0,0,0,0,0,0,0,0,0,0,0,0,0,0,0,0,0,0,0,0,0,0,0,0,0,0,0,0,0,0,0,0,0,0,0,0,0,0,0,0,0,0,0,0,0,0,0
1503,0,0,0,0,0,0,0,0,0,0,0,0,0,0,0,0,0,0,0,0,0,0,0,0,0,0,0,0,0,0,0,0,0,0,0,0,0,0,0,0,0,0,0,0,0,0,0,0,0,0,0,0,0,0,0,0,0,0,0,0,0,0,0,0,0
1504,0,0,0,0,0,0,0,0,0,0,0,0,0,0,0,0,0,0,0,0,0,0,0,0,0,0,0,0,0,0,0,0,0,0,0,0,0,0,0,0,0,0,0,0,0,0,0,0,0,0,0,0,0,0,0,0,0,0,0,0,0,0,0,0,0
1505,0,0,0,0,0,0,0,0,0,0,0,0,0,0,0,0,0,0,0,0,0,0,0,0,0,0,0,0,0,0,0,0,0,0,0,0,0,0,0,0,0,0,0,0,0,0,0,0,0,0,0,0,0,0,0,0,0,0,0,0,0,0,0,0,0
1506,0,0,0,0,0,0,0,0,0,0,0,0,0,0,0,0,0,0,0,0,0,0,0,0,0,0,0,0,0,0,0,0,0,0,0,0,0,0,0,0,0,0,0,0,0,0,0,0,0,0,0,0,0,0,0,0,0,0,0,0,0,0,0,0,0
1507,0,0,0,0,0,0,0,0,0,0,0,0,0,0,0,0,0,0,0,0,0,0,0,0,0,0,0,0,0,0,0,0,0,0,0,0,0,0,0,0,0,0,0,0,0,0,0,0,0,0,0,0,0,0,0,0,0,0,0,0,0,0,0,0,0
1508,0,0,0,0,0,0,0,0,0,0,0,0,0,0,0,0,0,0,0,0,0,0,0,0,0,0,0,0,0,0,0,0,0,0,0,0,0,0,0,0,0,0,0,0,0,0,0,0,0,0,0,0,0,0,0,0,0,0,0,0,0,0,0,0,0
1509,0,0,0,0,0,0,0,0,0,0,0,0,0,0,0,0,0,0,0,0,0,0,0,0,0,0,0,0,0,0,0,0,0,0,0,0,0,0,0,0,0,0,0,0,0,0,0,0,0,0,0,0,0,0,0,0,0,0,0,0,0,0,0,0,0
1510,0,0,0,0,0,0,0,0,0,0,0,0,0,0,0,0,0,0,0,0,0,0,0,0,0,0,0,0,0,0,0,0,0,0,0,0,0,0,0,0,0,0,0,0,0,0,0,0,0,0,0,0,0,0,0,0,0,0,0,0,0,0,0,0,0
1511,0,0,0,0,0,0,0,0,0,0,0,0,0,0,0,0,0,0,0,0,0,0,0,0,0,0,0,0,0,0,0,0,0,0,0,0,0,0,0,0,0,0,0,0,0,0,0,0,0,0,0,0,0,0,0,0,0,0,0,0,0,0,0,0,0
1512,0,0,0,0,0,0,0,0,0,0,0,0,0,0,0,0,0,0,0,0,0,0,0,0,0,0,0,0,0,0,0,0,0,0,0,0,0,0,0,0,0,0,0,0,0,0,0,0,0,0,0,0,0,0,0,0,0,0,0,0,0,0,0,0,0
1513,0,0,0,0,0,0,0,0,0,0,0,0,0,0,0,0,0,0,0,0,0,0,0,0,0,0,0,0,0,0,0,0,0,0,0,0,0,0,0,0,0,0,0,0,0,0,0,0,0,0,0,0,0,0,0,0,0,0,0,0,0,0,0,0,0
1514,0,0,0,0,0,0,0,0,0,0,0,0,0,0,0,0,0,0,0,0,0,0,0,0,0,0,0,0,0,0,0,0,0,0,0,0,0,0,0,0,0,0,0,0,0,0,0,0,0,0,0,0,0,0,0,0,0,0,0,0,0,0,0,0,0
1515,0,0,0,0,0,0,0,0,0,0,0,0,0,0,0,0,0,0,0,0,0,0,0,0,0,0,0,0,0,0,0,0,0,0,0,0,0,0,0,0,0,0,0,0,0,0,0,0,0,0,0,0,0,0,0,0,0,0,0,0,0,0,0,0,0
1516,0,0,0,0,0,0,0,0,0,0,0,0,0,0,0,0,0,0,0,0,0,0,0,0,0,0,0,0,0,0,0,0,0,0,0,0,0,0,0,0,0,0,0,0,0,0,0,0,0,0,0,0,0,0,0,0,0,0,0,0,0,0,0,0,0
1517,0,0,0,0,0,0,0,0,0,0,0,0,0,0,0,0,0,0,0,0,0,0,0,0,0,0,0,0,0,0,0,0,0,0,0,0,0,0,0,0,0,0,0,0,0,0,0,0,0,0,0,0,0,0,0,0,0,0,0,0,0,0,0,0,0
1518,0,0,0,0,0,0,0,0,0,0,0,0,0,0,0,0,0,0,0,0,0,0,0,0,0,0,0,0,0,0,0,0,0,0,0,0,0,0,0,0,0,0,0,0,0,0,0,0,0,0,0,0,0,0,0,0,0,0,0,0,0,0,0,0,0
1519,0,0,0,0,0,0,0,0,0,0,0,0,0,0,0,0,0,0,0,0,0,0,0,0,0,0,0,0,0,0,0,0,0,0,0,0,0,0,0,0,0,0,0,0,0,0,0,0,0,0,0,0,0,0,0,0,0,0,0,0,0,0,0,0,0
1520,0,0,0,0,0,0,0,0,0,0,0,0,0,0,0,0,0,0,0,0,0,0,0,0,0,0,0,0,0,0,0,0,0,0,0,0,0,0,0,0,0,0,0,0,0,0,0,0,0,0,0,0,0,0,0,0,0,0,0,0,0,0,0,0,0
1521,0,0,0,0,0,0,0,0,0,0,0,0,0,0,0,0,0,0,0,0,0,0,0,0,0,0,0,0,0,0,0,0,0,0,0,0,0,0,0,0,0,0,0,0,0,0,0,0,0,0,0,0,0,0,0,0,0,0,0,0,0,0,0,0,0
1522,0,0,0,0,0,0,0,0,0,0,0,0,0,0,0,0,0,0,0,0,0,0,0,0,0,0,0,0,0,0,0,0,0,0,0,0,0,0,0,0,0,0,0,0,0,0,0,0,0,0,0,0,0,0,0,0,0,0,0,0,0,0,0,0,0
1523,0,0,0,0,0,0,0,0,0,0,0,0,0,0,0,0,0,0,0,0,0,0,0,0,0,0,0,0,0,0,0,0,0,0,0,0,0,0,0,0,0,0,0,0,0,0,0,0,0,0,0,0,0,0,0,0,0,0,0,0,0,0,0,0,0
1524,0,0,0,0,0,0,0,0,0,0,0,0,0,0,0,0,0,0,0,0,0,0,0,0,0,0,0,0,0,0,0,0,0,0,0,0,0,0,0,0,0,0,0,0,0,0,0,0,0,0,0,0,0,0,0,0,0,0,0,0,0,0,0,0,0
1525,0,0,0,0,0,0,0,0,0,0,0,0,0,0,0,0,0,0,0,0,0,0,0,0,0,0,0,0,0,0,0,0,0,0,0,0,0,0,0,0,0,0,0,0,0,0,0,0,0,0,0,0,0,0,0,0,0,0,0,0,0,0,0,0,0
1526,0,0,0,0,0,0,0,0,0,0,0,0,0,0,0,0,0,0,0,0,0,0,0,0,0,0,0,0,0,0,0,0,0,0,0,0,0,0,0,0,0,0,0,0,0,0,0,0,0,0,0,0,0,0,0,0,0,0,0,0,0,0,0,0,0
1527,0,0,0,0,0,0,0,0,0,0,0,0,0,0,0,0,0,0,0,0,0,0,0,0,0,0,0,0,0,0,0,0,0,0,0,0,0,0,0,0,0,0,0,0,0,0,0,0,0,0,0,0,0,0,0,0,0,0,0,0,0,0,0,0,0
1528,0,0,0,0,0,0,0,0,0,0,0,0,0,0,0,0,0,0,0,0,0,0,0,0,0,0,0,0,0,0,0,0,0,0,0,0,0,0,0,0,0,0,0,0,0,0,0,0,0,0,0,0,0,0,0,0,0,0,0,0,0,0,0,0,0
1529,0,0,0,0,0,0,0,0,0,0,0,0,0,0,0,0,0,0,0,0,0,0,0,0,0,0,0,0,0,0,0,0,0,0,0,0,0,0,0,0,0,0,0,0,0,0,0,0,0,0,0,0,0,0,0,0,0,0,0,0,0,0,0,0,0
1530,0,0,0,0,0,0,0,0,0,0,0,0,0,0,0,0,0,0,0,0,0,0,0,0,0,0,0,0,0,0,0,0,0,0,0,0,0,0,0,0,0,0,0,0,0,0,0,0,0,0,0,0,0,0,0,0,0,0,0,0,0,0,0,0,0
1531,0,0,0,0,0,0,0,0,0,0,0,0,0,0,0,0,0,0,0,0,0,0,0,0,0,0,0,0,0,0,0,0,0,0,0,0,0,0,0,0,0,0,0,0,0,0,0,0,0,0,0,0,0,0,0,0,0,0,0,0,0,0,0,0,0
1532,0,0,0,0,0,0,0,0,0,0,0,0,0,0,0,0,0,0,0,0,0,0,0,0,0,0,0,0,0,0,0,0,0,0,0,0,0,0,0,0,0,0,0,0,0,0,0,0,0,0,0,0,0,0,0,0,0,0,0,0,0,0,0,0,0
1533,0,0,0,0,0,0,0,0,0,0,0,0,0,0,0,0,0,0,0,0,0,0,0,0,0,0,0,0,0,0,0,0,0,0,0,0,0,0,0,0,0,0,0,0,0,0,0,0,0,0,0,0,0,0,0,0,0,0,0,0,0,0,0,0,0
1534,0,0,0,0,0,0,0,0,0,0,0,0,0,0,0,0,0,0,0,0,0,0,0,0,0,0,0,0,0,0,0,0,0,0,0,0,0,0,0,0,0,0,0,0,0,0,0,0,0,0,0,0,0,0,0,0,0,0,0,0,0,0,0,0,0
1535,0,0,0,0,0,0,0,0,0,0,0,0,0,0,0,0,0,0,0,0,0,0,0,0,0,0,0,0,0,0,0,0,0,0,0,0,0,0,0,0,0,0,0,0,0,0,0,0,0,0,0,0,0,0,0,0,0,0,0,0,0,0,0,0,0
1536,0,0,0,0,0,0,0,0,0,0,0,0,0,0,0,0,0,0,0,0,0,0,0,0,0,0,0,0,0,0,0,0,0,0,0,0,0,0,0,0,0,0,0,0,0,0,0,0,0,0,0,0,0,0,0,0,0,0,0,0,0,0,0,0,0
1537,0,0,0,0,0,0,0,0,0,0,0,0,0,0,0,0,0,0,0,0,0,0,0,0,0,0,0,0,0,0,0,0,0,0,0,0,0,0,0,0,0,0,0,0,0,0,0,0,0,0,0,0,0,0,0,0,0,0,0,0,0,0,0,0,0
1538,0,0,0,0,0,0,0,0,0,0,0,0,0,0,0,0,0,0,0,0,0,0,0,0,0,0,0,0,0,0,0,0,0,0,0,0,0,0,0,0,0,0,0,0,0,0,0,0,0,0,0,0,0,0,0,0,0,0,0,0,0,0,0,0,0
1539,0,0,0,0,0,0,0,0,0,0,0,0,0,0,0,0,0,0,0,0,0,0,0,0,0,0,0,0,0,0,0,0,0,0,0,0,0,0,0,0,0,0,0,0,0,0,0,0,0,0,0,0,0,0,0,0,0,0,0,0,0,0,0,0,0
1540,0,0,0,0,0,0,0,0,0,0,0,0,0,0,0,0,0,0,0,0,0,0,0,0,0,0,0,0,0,0,0,0,0,0,0,0,0,0,0,0,0,0,0,0,0,0,0,0,0,0,0,0,0,0,0,0,0,0,0,0,0,0,0,0,0
1541,0,0,0,0,0,0,0,0,0,0,0,0,0,0,0,0,0,0,0,0,0,0,0,0,0,0,0,0,0,0,0,0,0,0,0,0,0,0,0,0,0,0,0,0,0,0,0,0,0,0,0,0,0,0,0,0,0,0,0,0,0,0,0,0,0
1542,0,0,0,0,0,0,0,0,0,0,0,0,0,0,0,0,0,0,0,0,0,0,0,0,0,0,0,0,0,0,0,0,0,0,0,0,0,0,0,0,0,0,0,0,0,0,0,0,0,0,0,0,0,0,0,0,0,0,0,0,0,0,0,0,0
1543,0,0,0,0,0,0,0,0,0,0,0,0,0,0,0,0,0,0,0,0,0,0,0,0,0,0,0,0,0,0,0,0,0,0,0,0,0,0,0,0,0,0,0,0,0,0,0,0,0,0,0,0,0,0,0,0,0,0,0,0,0,0,0,0,0
1544,0,0,0,0,0,0,0,0,0,0,0,0,0,0,0,0,0,0,0,0,0,0,0,0,0,0,0,0,0,0,0,0,0,0,0,0,0,0,0,0,0,0,0,0,0,0,0,0,0,0,0,0,0,0,0,0,0,0,0,0,0,0,0,0,0
1545,0,0,0,0,0,0,0,0,0,0,0,0,0,0,0,0,0,0,0,0,0,0,0,0,0,0,0,0,0,0,0,0,0,0,0,0,0,0,0,0,0,0,0,0,0,0,0,0,0,0,0,0,0,0,0,0,0,0,0,0,0,0,0,0,0
1546,0,0,0,0,0,0,0,0,0,0,0,0,0,0,0,0,0,0,0,0,0,0,0,0,0,0,0,0,0,0,0,0,0,0,0,0,0,0,0,0,0,0,0,0,0,0,0,0,0,0,0,0,0,0,0,0,0,0,0,0,0,0,0,0,0
1547,0,0,0,0,0,0,0,0,0,0,0,0,0,0,0,0,0,0,0,0,0,0,0,0,0,0,0,0,0,0,0,0,0,0,0,0,0,0,0,0,0,0,0,0,0,0,0,0,0,0,0,0,0,0,0,0,0,0,0,0,0,0,0,0,0
1548,0,0,0,0,0,0,0,0,0,0,0,0,0,0,0,0,0,0,0,0,0,0,0,0,0,0,0,0,0,0,0,0,0,0,0,0,0,0,0,0,0,0,0,0,0,0,0,0,0,0,0,0,0,0,0,0,0,0,0,0,0,0,0,0,0
1549,0,0,0,0,0,0,0,0,0,0,0,0,0,0,0,0,0,0,0,0,0,0,0,0,0,0,0,0,0,0,0,0,0,0,0,0,0,0,0,0,0,0,0,0,0,0,0,0,0,0,0,0,0,0,0,0,0,0,0,0,0,0,0,0,0
1550,0,0,0,0,0,0,0,0,0,0,0,0,0,0,0,0,0,0,0,0,0,0,0,0,0,0,0,0,0,0,0,0,0,0,0,0,0,0,0,0,0,0,0,0,0,0,0,0,0,0,0,0,0,0,0,0,0,0,0,0,0,0,0,0,0
1551,0,0,0,0,0,0,0,0,0,0,0,0,0,0,0,0,0,0,0,0,0,0,0,0,0,0,0,0,0,0,0,0,0,0,0,0,0,0,0,0,0,0,0,0,0,0,0,0,0,0,0,0,0,0,0,0,0,0,0,0,0,0,0,0,0
1552,0,0,0,0,0,0,0,0,0,0,0,0,0,0,0,0,0,0,0,0,0,0,0,0,0,0,0,0,0,0,0,0,0,0,0,0,0,0,0,0,0,0,0,0,0,0,0,0,0,0,0,0,0,0,0,0,0,0,0,0,0,0,0,0,0
1553,0,0,0,0,0,0,0,0,0,0,0,0,0,0,0,0,0,0,0,0,0,0,0,0,0,0,0,0,0,0,0,0,0,0,0,0,0,0,0,0,0,0,0,0,0,0,0,0,0,0,0,0,0,0,0,0,0,0,0,0,0,0,0,0,0
1554,0,0,0,0,0,0,0,0,0,0,0,0,0,0,0,0,0,0,0,0,0,0,0,0,0,0,0,0,0,0,0,0,0,0,0,0,0,0,0,0,0,0,0,0,0,0,0,0,0,0,0,0,0,0,0,0,0,0,0,0,0,0,0,0,0
1555,0,0,0,0,0,0,0,0,0,0,0,0,0,0,0,0,0,0,0,0,0,0,0,0,0,0,0,0,0,0,0,0,0,0,0,0,0,0,0,0,0,0,0,0,0,0,0,0,0,0,0,0,0,0,0,0,0,0,0,0,0,0,0,0,0
1556,0,0,0,0,0,0,0,0,0,0,0,0,0,0,0,0,0,0,0,0,0,0,0,0,0,0,0,0,0,0,0,0,0,0,0,0,0,0,0,0,0,0,0,0,0,0,0,0,0,0,0,0,0,0,0,0,0,0,0,0,0,0,0,0,0
1557,0,0,0,0,0,0,0,0,0,0,0,0,0,0,0,0,0,0,0,0,0,0,0,0,0,0,0,0,0,0,0,0,0,0,0,0,0,0,0,0,0,0,0,0,0,0,0,0,0,0,0,0,0,0,0,0,0,0,0,0,0,0,0,0,0
1558,0,0,0,0,0,0,0,0,0,0,0,0,0,0,0,0,0,0,0,0,0,0,0,0,0,0,0,0,0,0,0,0,0,0,0,0,0,0,0,0,0,0,0,0,0,0,0,0,0,0,0,0,0,0,0,0,0,0,0,0,0,0,0,0,0
1559,0,0,0,0,0,0,0,0,0,0,0,0,0,0,0,0,0,0,0,0,0,0,0,0,0,0,0,0,0,0,0,0,0,0,0,0,0,0,0,0,0,0,0,0,0,0,0,0,0,0,0,0,0,0,0,0,0,0,0,0,0,0,0,0,0
1560,0,0,0,0,0,0,0,0,0,0,0,0,0,0,0,0,0,0,0,0,0,0,0,0,0,0,0,0,0,0,0,0,0,0,0,0,0,0,0,0,0,0,0,0,0,0,0,0,0,0,0,0,0,0,0,0,0,0,0,0,0,0,0,0,0
1561,0,0,0,0,0,0,0,0,0,0,0,0,0,0,0,0,0,0,0,0,0,0,0,0,0,0,0,0,0,0,0,0,0,0,0,0,0,0,0,0,0,0,0,0,0,0,0,0,0,0,0,0,0,0,0,0,0,0,0,0,0,0,0,0,0
1562,0,0,0,0,0,0,0,0,0,0,0,0,0,0,0,0,0,0,0,0,0,0,0,0,0,0,0,0,0,0,0,0,0,0,0,0,0,0,0,0,0,0,0,0,0,0,0,0,0,0,0,0,0,0,0,0,0,0,0,0,0,0,0,0,0
1563,0,0,0,0,0,0,0,0,0,0,0,0,0,0,0,0,0,0,0,0,0,0,0,0,0,0,0,0,0,0,0,0,0,0,0,0,0,0,0,0,0,0,0,0,0,0,0,0,0,0,0,0,0,0,0,0,0,0,0,0,0,0,0,0,0
1564,0,0,0,0,0,0,0,0,0,0,0,0,0,0,0,0,0,0,0,0,0,0,0,0,0,0,0,0,0,0,0,0,0,0,0,0,0,0,0,0,0,0,0,0,0,0,0,0,0,0,0,0,0,0,0,0,0,0,0,0,0,0,0,0,0
1565,0,0,0,0,0,0,0,0,0,0,0,0,0,0,0,0,0,0,0,0,0,0,0,0,0,0,0,0,0,0,0,0,0,0,0,0,0,0,0,0,0,0,0,0,0,0,0,0,0,0,0,0,0,0,0,0,0,0,0,0,0,0,0,0,0
1566,0,0,0,0,0,0,0,0,0,0,0,0,0,0,0,0,0,0,0,0,0,0,0,0,0,0,0,0,0,0,0,0,0,0,0,0,0,0,0,0,0,0,0,0,0,0,0,0,0,0,0,0,0,0,0,0,0,0,0,0,0,0,0,0,0
1567,0,0,0,0,0,0,0,0,0,0,0,0,0,0,0,0,0,0,0,0,0,0,0,0,0,0,0,0,0,0,0,0,0,0,0,0,0,0,0,0,0,0,0,0,0,0,0,0,0,0,0,0,0,0,0,0,0,0,0,0,0,0,0,0,0
1568,0,0,0,0,0,0,0,0,0,0,0,0,0,0,0,0,0,0,0,0,0,0,0,0,0,0,0,0,0,0,0,0,0,0,0,0,0,0,0,0,0,0,0,0,0,0,0,0,0,0,0,0,0,0,0,0,0,0,0,0,0,0,0,0,0
1569,0,0,0,0,0,0,0,0,0,0,0,0,0,0,0,0,0,0,0,0,0,0,0,0,0,0,0,0,0,0,0,0,0,0,0,0,0,0,0,0,0,0,0,0,0,0,0,0,0,0,0,0,0,0,0,0,0,0,0,0,0,0,0,0,0
1570,0,0,0,0,0,0,0,0,0,0,0,0,0,0,0,0,0,0,0,0,0,0,0,0,0,0,0,0,0,0,0,0,0,0,0,0,0,0,0,0,0,0,0,0,0,0,0,0,0,0,0,0,0,0,0,0,0,0,0,0,0,0,0,0,0
1571,0,0,0,0,0,0,0,0,0,0,0,0,0,0,0,0,0,0,0,0,0,0,0,0,0,0,0,0,0,0,0,0,0,0,0,0,0,0,0,0,0,0,0,0,0,0,0,0,0,0,0,0,0,0,0,0,0,0,0,0,0,0,0,0,0
1572,0,0,0,0,0,0,0,0,0,0,0,0,0,0,0,0,0,0,0,0,0,0,0,0,0,0,0,0,0,0,0,0,0,0,0,0,0,0,0,0,0,0,0,0,0,0,0,0,0,0,0,0,0,0,0,0,0,0,0,0,0,0,0,0,0
1573,0,0,0,0,0,0,0,0,0,0,0,0,0,0,0,0,0,0,0,0,0,0,0,0,0,0,0,0,0,0,0,0,0,0,0,0,0,0,0,0,0,0,0,0,0,0,0,0,0,0,0,0,0,0,0,0,0,0,0,0,0,0,0,0,0
1574,0,0,0,0,0,0,0,0,0,0,0,0,0,0,0,0,0,0,0,0,0,0,0,0,0,0,0,0,0,0,0,0,0,0,0,0,0,0,0,0,0,0,0,0,0,0,0,0,0,0,0,0,0,0,0,0,0,0,0,0,0,0,0,0,0
1575,0,0,0,0,0,0,0,0,0,0,0,0,0,0,0,0,0,0,0,0,0,0,0,0,0,0,0,0,0,0,0,0,0,0,0,0,0,0,0,0,0,0,0,0,0,0,0,0,0,0,0,0,0,0,0,0,0,0,0,0,0,0,0,0,0
1576,0,0,0,0,0,0,0,0,0,0,0,0,0,0,0,0,0,0,0,0,0,0,0,0,0,0,0,0,0,0,0,0,0,0,0,0,0,0,0,0,0,0,0,0,0,0,0,0,0,0,0,0,0,0,0,0,0,0,0,0,0,0,0,0,0
1577,0,0,0,0,0,0,0,0,0,0,0,0,0,0,0,0,0,0,0,0,0,0,0,0,0,0,0,0,0,0,0,0,0,0,0,0,0,0,0,0,0,0,0,0,0,0,0,0,0,0,0,0,0,0,0,0,0,0,0,0,0,0,0,0,0
1578,0,0,0,0,0,0,0,0,0,0,0,0,0,0,0,0,0,0,0,0,0,0,0,0,0,0,0,0,0,0,0,0,0,0,0,0,0,0,0,0,0,0,0,0,0,0,0,0,0,0,0,0,0,0,0,0,0,0,0,0,0,0,0,0,0
1579,0,0,0,0,0,0,0,0,0,0,0,0,0,0,0,0,0,0,0,0,0,0,0,0,0,0,0,0,0,0,0,0,0,0,0,0,0,0,0,0,0,0,0,0,0,0,0,0,0,0,0,0,0,0,0,0,0,0,0,0,0,0,0,0,0
1580,0,0,0,0,0,0,0,0,0,0,0,0,0,0,0,0,0,0,0,0,0,0,0,0,0,0,0,0,0,0,0,0,0,0,0,0,0,0,0,0,0,0,0,0,0,0,0,0,0,0,0,0,0,0,0,0,0,0,0,0,0,0,0,0,0
1581,0,0,0,0,0,0,0,0,0,0,0,0,0,0,0,0,0,0,0,0,0,0,0,0,0,0,0,0,0,0,0,0,0,0,0,0,0,0,0,0,0,0,0,0,0,0,0,0,0,0,0,0,0,0,0,0,0,0,0,0,0,0,0,0,0
1582,0,0,0,0,0,0,0,0,0,0,0,0,0,0,0,0,0,0,0,0,0,0,0,0,0,0,0,0,0,0,0,0,0,0,0,0,0,0,0,0,0,0,0,0,0,0,0,0,0,0,0,0,0,0,0,0,0,0,0,0,0,0,0,0,0
1583,0,0,0,0,0,0,0,0,0,0,0,0,0,0,0,0,0,0,0,0,0,0,0,0,0,0,0,0,0,0,0,0,0,0,0,0,0,0,0,0,0,0,0,0,0,0,0,0,0,0,0,0,0,0,0,0,0,0,0,0,0,0,0,0,0
1584,0,0,0,0,0,0,0,0,0,0,0,0,0,0,0,0,0,0,0,0,0,0,0,0,0,0,0,0,0,0,0,0,0,0,0,0,0,0,0,0,0,0,0,0,0,0,0,0,0,0,0,0,0,0,0,0,0,0,0,0,0,0,0,0,0
1585,0,0,0,0,0,0,0,0,0,0,0,0,0,0,0,0,0,0,0,0,0,0,0,0,0,0,0,0,0,0,0,0,0,0,0,0,0,0,0,0,0,0,0,0,0,0,0,0,0,0,0,0,0,0,0,0,0,0,0,0,0,0,0,0,0
1586,0,0,0,0,0,0,0,0,0,0,0,0,0,0,0,0,0,0,0,0,0,0,0,0,0,0,0,0,0,0,0,0,0,0,0,0,0,0,0,0,0,0,0,0,0,0,0,0,0,0,0,0,0,0,0,0,0,0,0,0,0,0,0,0,0
1587,0,0,0,0,0,0,0,0,0,0,0,0,0,0,0,0,0,0,0,0,0,0,0,0,0,0,0,0,0,0,0,0,0,0,0,0,0,0,0,0,0,0,0,0,0,0,0,0,0,0,0,0,0,0,0,0,0,0,0,0,0,0,0,0,0
1588,0,0,0,0,0,0,0,0,0,0,0,0,0,0,0,0,0,0,0,0,0,0,0,0,0,0,0,0,0,0,0,0,0,0,0,0,0,0,0,0,0,0,0,0,0,0,0,0,0,0,0,0,0,0,0,0,0,0,0,0,0,0,0,0,0
1589,0,0,0,0,0,0,0,0,0,0,0,0,0,0,0,0,0,0,0,0,0,0,0,0,0,0,0,0,0,0,0,0,0,0,0,0,0,0,0,0,0,0,0,0,0,0,0,0,0,0,0,0,0,0,0,0,0,0,0,0,0,0,0,0,0
1590,0,0,0,0,0,0,0,0,0,0,0,0,0,0,0,0,0,0,0,0,0,0,0,0,0,0,0,0,0,0,0,0,0,0,0,0,0,0,0,0,0,0,0,0,0,0,0,0,0,0,0,0,0,0,0,0,0,0,0,0,0,0,0,0,0
1591,0,0,0,0,0,0,0,0,0,0,0,0,0,0,0,0,0,0,0,0,0,0,0,0,0,0,0,0,0,0,0,0,0,0,0,0,0,0,0,0,0,0,0,0,0,0,0,0,0,0,0,0,0,0,0,0,0,0,0,0,0,0,0,0,0
1592,0,0,0,0,0,0,0,0,0,0,0,0,0,0,0,0,0,0,0,0,0,0,0,0,0,0,0,0,0,0,0,0,0,0,0,0,0,0,0,0,0,0,0,0,0,0,0,0,0,0,0,0,0,0,0,0,0,0,0,0,0,0,0,0,0
1593,0,0,0,0,0,0,0,0,0,0,0,0,0,0,0,0,0,0,0,0,0,0,0,0,0,0,0,0,0,0,0,0,0,0,0,0,0,0,0,0,0,0,0,0,0,0,0,0,0,0,0,0,0,0,0,0,0,0,0,0,0,0,0,0,0
1594,0,0,0,0,0,0,0,0,0,0,0,0,0,0,0,0,0,0,0,0,0,0,0,0,0,0,0,0,0,0,0,0,0,0,0,0,0,0,0,0,0,0,0,0,0,0,0,0,0,0,0,0,0,0,0,0,0,0,0,0,0,0,0,0,0
1595,0,0,0,0,0,0,0,0,0,0,0,0,0,0,0,0,0,0,0,0,0,0,0,0,0,0,0,0,0,0,0,0,0,0,0,0,0,0,0,0,0,0,0,0,0,0,0,0,0,0,0,0,0,0,0,0,0,0,0,0,0,0,0,0,0
1596,0,0,0,0,0,0,0,0,0,0,0,0,0,0,0,0,0,0,0,0,0,0,0,0,0,0,0,0,0,0,0,0,0,0,0,0,0,0,0,0,0,0,0,0,0,0,0,0,0,0,0,0,0,0,0,0,0,0,0,0,0,0,0,0,0
1597,0,0,0,0,0,0,0,0,0,0,0,0,0,0,0,0,0,0,0,0,0,0,0,0,0,0,0,0,0,0,0,0,0,0,0,0,0,0,0,0,0,0,0,0,0,0,0,0,0,0,0,0,0,0,0,0,0,0,0,0,0,0,0,0,0
1598,0,0,0,0,0,0,0,0,0,0,0,0,0,0,0,0,0,0,0,0,0,0,0,0,0,0,0,0,0,0,0,0,0,0,0,0,0,0,0,0,0,0,0,0,0,0,0,0,0,0,0,0,0,0,0,0,0,0,0,0,0,0,0,0,0
1599,0,0,0,0,0,0,0,0,0,0,0,0,0,0,0,0,0,0,0,0,0,0,0,0,0,0,0,0,0,0,0,0,0,0,0,0,0,0,0,0,0,0,0,0,0,0,0,0,0,0,0,0,0,0,0,0,0,0,0,0,0,0,0,0,0
1600,0,0,0,0,0,0,0,0,0,0,0,0,0,0,0,0,0,0,0,0,0,0,0,0,0,0,0,0,0,0,0,0,0,0,0,0,0,0,0,0,0,0,0,0,0,0,0,0,0,0,0,0,0,0,0,0,0,0,0,0,0,0,0,0,0
1601,0,0,0,0,0,0,0,0,0,0,0,0,0,0,0,0,0,0,0,0,0,0,0,0,0,0,0,0,0,0,0,0,0,0,0,0,0,0,0,0,0,0,0,0,0,0,0,0,0,0,0,0,0,0,0,0,0,0,0,0,0,0,0,0,0
1602,0,0,0,0,0,0,0,0,0,0,0,0,0,0,0,0,0,0,0,0,0,0,0,0,0,0,0,0,0,0,0,0,0,0,0,0,0,0,0,0,0,0,0,0,0,0,0,0,0,0,0,0,0,0,0,0,0,0,0,0,0,0,0,0,0
1603,0,0,0,0,0,0,0,0,0,0,0,0,0,0,0,0,0,0,0,0,0,0,0,0,0,0,0,0,0,0,0,0,0,0,0,0,0,0,0,0,0,0,0,0,0,0,0,0,0,0,0,0,0,0,0,0,0,0,0,0,0,0,0,0,0
1604,0,0,0,0,0,0,0,0,0,0,0,0,0,0,0,0,0,0,0,0,0,0,0,0,0,0,0,0,0,0,0,0,0,0,0,0,0,0,0,0,0,0,0,0,0,0,0,0,0,0,0,0,0,0,0,0,0,0,0,0,0,0,0,0,0
1605,0,0,0,0,0,0,0,0,0,0,0,0,0,0,0,0,0,0,0,0,0,0,0,0,0,0,0,0,0,0,0,0,0,0,0,0,0,0,0,0,0,0,0,0,0,0,0,0,0,0,0,0,0,0,0,0,0,0,0,0,0,0,0,0,0
1606,0,0,0,0,0,0,0,0,0,0,0,0,0,0,0,0,0,0,0,0,0,0,0,0,0,0,0,0,0,0,0,0,0,0,0,0,0,0,0,0,0,0,0,0,0,0,0,0,0,0,0,0,0,0,0,0,0,0,0,0,0,0,0,0,0
1607,0,0,0,0,0,0,0,0,0,0,0,0,0,0,0,0,0,0,0,0,0,0,0,0,0,0,0,0,0,0,0,0,0,0,0,0,0,0,0,0,0,0,0,0,0,0,0,0,0,0,0,0,0,0,0,0,0,0,0,0,0,0,0,0,0
1608,1,0,0,0,0,0,0,0,0,0,0,0,0,0,0,0,0,0,0,0,0,0,0,0,0,0,0,0,0,0,0,0,0,0,0,0,0,0,0,0,0,0,0,0,0,0,0,0,0,0,0,0,0,0,0,0,0,0,0,0,0,0,0,0,0
1609,1,0,0,0,0,0,0,0,0,0,0,0,0,0,0,0,0,0,0,0,0,0,0,0,0,0,0,0,0,0,0,0,0,0,0,0,0,0,0,0,0,0,0,0,0,0,0,0,0,0,0,0,0,0,0,0,0,0,0,0,0,0,0,0,0
1610,1,0,0,0,0,0,0,0,0,0,0,0,0,0,0,0,0,0,0,0,0,0,0,0,0,0,0,0,0,0,0,0,0,0,0,0,0,0,0,0,0,0,0,0,0,0,0,0,0,0,0,0,0,0,0,0,0,0,0,0,0,0,0,0,0
1611,1,0,0,0,0,0,0,0,0,0,0,0,0,0,0,0,0,0,0,0,0,0,0,0,0,0,0,0,0,0,0,0,0,0,0,0,0,0,0,0,0,0,0,0,0,0,0,0,0,0,0,0,0,0,0,0,0,0,0,0,0,0,0,0,0
1612,1,0,0,0,0,0,0,0,0,0,0,0,0,0,0,0,0,0,0,0,0,0,0,0,0,0,0,0,0,0,0,0,0,0,0,0,0,0,0,0,0,0,0,0,0,0,0,0,0,0,0,0,0,0,0,0,0,0,0,0,0,0,0,0,0
1613,1,0,0,0,0,0,0,0,0,0,0,0,0,0,0,0,0,0,0,0,0,0,0,0,0,0,0,0,0,0,0,0,0,0,0,0,0,0,0,0,0,0,0,0,0,0,0,0,0,0,0,0,0,0,0,0,0,0,0,0,0,0,0,0,0
1614,1,115,0,0,0,0,0,0,0,0,0,0,0,0,0,0,0,0,0,0,0,0,0,0,0,0,0,0,0,0,0,0,0,-17,0,0,0,0,0,0,0,0,0,0,0,0,0,0,0,0,0,0,0,0,0,0,0,0,0,0,0,0,0,0,0
1615,1,115,0,0,0,0,0,0,0,0,0,0,0,0,0,0,0,0,0,0,0,0,0,0,0,0,0,0,0,0,0,0,0,-17,0,0,0,0,0,0,0,0,0,0,0,0,0,0,0,0,0,0,0,0,0,0,0,0,0,0,0,0,0,0,0
1616,1,115,0,0,0,0,0,0,0,0,0,0,0,0,0,0,0,0,0,0,0,0,0,0,0,0,0,0,0,0,0,0,0,-17,0,0,0,0,0,0,0,0,0,0,0,0,0,0,0,0,0,0,0,0,0,0,0,0,0,0,0,0,0,0,0
1617,1,-73,-73,0,0,0,0,0,0,0,0,0,0,0,0,0,0,0,0,0,0,0,0,0,0,0,0,0,0,0,0,0,0,-26,-17,0,0,0,0,0,0,0,0,0,0,0,0,0,0,0,0,0,0,0,0,0,0,0,0,0,0,0,0,0,0
1618,1,-73,-73,0,0,0,0,0,0,0,0,0,0,0,0,0,0,0,0,0,0,0,0,0,0,0,0,0,0,0,0,0,0,-26,-17,0,0,0,0,0,0,0,0,0,0,0,0,0,0,0,0,0,0,0,0,0,0,0,0,0,0,0,0,0,0
1619,1,-73,-73,0,0,0,0,0,0,0,0,0,0,0,0,0,0,0,0,0,0,0,0,0,0,0,0,0,0,0,0,0,0,-26,-17,0,0,0,0,0,0,0,0,0,0,0,0,0,0,0,0,0,0,0,0,0,0,0,0,0,0,0,0,0,0
1620,1,16,16,16,0,0,0,0,0,0,0,0,0,0,0,0,0,0,0,0,0,0,0,0,0,0,0,0,0,0,0,0,0,-22,-51,-17,0,0,0,0,0,0,0,0,0,0,0,0,0,0,0,0,0,0,0,0,0,0,0,0,0,0,0,0,0
1621,1,16,16,16,0,0,0,0,0,0,0,0,0,0,0,0,0,0,0,0,0,0,0,0,0,0,0,0,0,0,0,0,0,-22,-51,-17,0,0,0,0,0,0,0,0,0,0,0,0,0,0,0,0,0,0,0,0,0,0,0,0,0,0,0,0,0
1622,1,16,16,16,0,0,0,0,0,0,0,0,0,0,0,0,0,0,0,0,0,0,0,0,0,0,0,0,0,0,0,0,0,-22,-51,-17,0,0,0,0,0,0,0,0,0,0,0,0,0,0,0,0,0,0,0,0,0,0,0,0,0,0,0,0,0
1623,1,-78,-78,-78,-78,0,0,0,0,0,0,0,0,0,0,0,0,0,0,0,0,0,0,0,0,0,0,0,0,0,0,0,0,-12,41,121,-17,0,0,0,0,0,0,0,0,0,0,0,0,0,0,0,0,0,0,0,0,0,0,0,0,0,0,0,0
1624,1,-78,-78,-78,-78,0,0,0,0,0,0,0,0,0,0,0,0,0,0,0,0,0,0,0,0,0,0,0,0,0,0,0,0,-12,41,121,-17,0,0,0,0,0,0,0,0,0,0,0,0,0,0,0,0,0,0,0,0,0,0,0,0,0,0,0,0
1625,1,-78,-78,-78,-78,0,0,0,0,0,0,0,0,0,0,0,0,0,0,0,0,0,0,0,0,0,0,0,0,0,0,0,0,-12,41,121,-17,0,0,0,0,0,0,0,0,0,0,0,0,0,0,0,0,0,0,0,0,0,0,0,0,0,0,0,0
1626,1,-54,-54,-54,-54,-54,0,0,0,0,0,0,0,0,0,0,0,0,0,0,0,0,0,0,0,0,0,0,0,0,0,0,0,121,-17,-103,7,-17,0,0,0,0,0,0,0,0,0,0,0,0,0,0,0,0,0,0,0,0,0,0,0,0,0,0,0
1627,1,-54,-54,-54,-54,-54,0,0,0,0,0,0,0,0,0,0,0,0,0,0,0,0,0,0,0,0,0,0,0,0,0,0,0,121,-17,-103,7,-17,0,0,0,0,0,0,0,0,0,0,0,0,0,0,0,0,0,0,0,0,0,0,0,0,0,0,0
1628,1,-54,-54,-54,-54,-54,0,0,0,0,0,0,0,0,0,0,0,0,0,0,0,0,0,0,0,0,0,0,0,0,0,0,0,121,-17,-103,7,-17,0,0,0,0,0,0,0,0,0,0,0,0,0,0,0,0,0,0,0,0,0,0,0,0,0,0,0
1629,1,125,84,84,84,84,84,0,0,0,0,0,0,0,0,0,0,0,0,0,0,0,0,0,0,0,0,0,0,0,0,0,0,-22,-87,-9,71,-76,-17,0,0,0,0,0,0,0,0,0,0,0,0,0,0,0,0,0,0,0,0,0,0,0,0,0,0
1630,1,125,84,84,84,84,84,0,0,0,0,0,0,0,0,0,0,0,0,0,0,0,0,0,0,0,0,0,0,0,0,0,0,-22,-87,-9,71,-76,-17,0,0,0,0,0,0,0,0,0,0,0,0,0,0,0,0,0,0,0,0,0,0,0,0,0,0
1631,1,125,84,84,84,84,84,0,0,0,0,0,0,0,0,0,0,0,0,0,0,0,0,0,0,0,0,0,0,0,0,0,0,-22,-87,-9,71,-76,-17,0,0,0,0,0,0,0,0,0,0,0,0,0,0,0,0,0,0,0,0,0,0,0,0,0,0
1632,1,-114,-114,71,71,71,71,71,0,0,0,0,0,0,0,0,0,0,0,0,0,0,0,0,0,0,0,0,0,0,0,0,0,114,-75,-120,73,-25,-100,-17,0,0,0,0,0,0,0,0,0,0,0,0,0,0,0,0,0,0,0,0,0,0,0,0,0
1633,1,-114,-114,71,71,71,71,71,0,0,0,0,0,0,0,0,0,0,0,0,0,0,0,0,0,0,0,0,0,0,0,0,0,114,-75,-120,73,-25,-100,-17,0,0,0,0,0,0,0,0,0,0,0,0,0,0,0,0,0,0,0,0,0,0,0,0,0
1634,1,-114,-114,71,71,71,71,71,0,0,0,0,0,0,0,0,0,0,0,0,0,0,0,0,0,0,0,0,0,0,0,0,0,114,-75,-120,73,-25,-100,-17,0,0,0,0,0,0,0,0,0,0,0,0,0,0,0,0,0,0,0,0,0,0,0,0,0
1635,1,-40,-40,-40,-42,-42,-42,-42,-42,0,0,0,0,0,0,0,0,0,0,0,0,0,0,0,0,0,0,0,0,0,0,0,0,2,-85,127,-21,118,19,40,-17,0,0,0,0,0,0,0,0,0,0,0,0,0,0,0,0,0,0,0,0,0,0,0,0
1636,1,-40,-40,-40,-42,-42,-42,-42,-42,0,0,0,0,0,0,0,0,0,0,0,0,0,0,0,0,0,0,0,0,0,0,0,0,2,-85,127,-21,118,19,40,-17,0,0,0,0,0,0,0,0,0,0,0,0,0,0,0,0,0,0,0,0,0,0,0,0
1637,1,-40,-40,-40,-42,-42,-42,-42,-42,0,0,0,0,0,0,0,0,0,0,0,0,0,0,0,0,0,0,0,0,0,0,0,0,2,-85,127,-21,118,19,40,-17,0,0,0,0,0,0,0,0,0,0,0,0,0,0,0,0,0,0,0,0,0,0,0,0
1638,1,-110,-110,-110,-110,-122,-122,-122,-122,115,0,0,0,0,0,0,0,0,0,0,0,0,0,0,0,0,0,0,0,0,0,0,0,-24,4,-125,-103,-112,8,76,42,-17,0,0,0,0,0,0,0,0,0,0,0,0,0,0,0,0,0,0,0,0,0,0,0
1639,1,-110,-110,-110,-110,-122,-122,-122,-122,115,0,0,0,0,0,0,0,0,0,0,0,0,0,0,0,0,0,0,0,0,0,0,0,-24,4,-125,-103,-112,8,76,42,-17,0,0,0,0,0,0,0,0,0,0,0,0,0,0,0,0,0,0,0,0,0,0,0
1640,1,-110,-110,-110,-110,-122,-122,-122,-122,115,0,0,0,0,0,0,0,0,0,0,0,0,0,0,0,0,0,0,0,0,0,0,0,-24,4,-125,-103,-112,8,76,42,-17,0,0,0,0,0,0,0,0,0,0,0,0,0,0,0,0,0,0,0,0,0,0,0
1641,1,-30,-30,-30,-30,-30,19,19,19,-73,115,0,0,0,0,0,0,0,0,0,0,0,0,0,0,0,0,0,0,0,0,0,0,-96,-17,70,121,31,-107,-11,-125,45,-17,0,0,0,0,0,0,0,0,0,0,0,0,0,0,0,0,0,0,0,0,0,0
1642,1,-30,-30,-30,-30,-30,19,19,19,-73,115,0,0,0,0,0,0,0,0,0,0,0,0,0,0,0,0,0,0,0,0,0,0,-96,-17,70,121,31,-107,-11,-125,45,-17,0,0,0,0,0,0,0,0,0,0,0,0,0,0,0,0,0,0,0,0,0,0
1643,1,-30,-30,-30,-30,-30,19,19,19,-73,115,0,0,0,0,0,0,0,0,0,0,0,0,0,0,0,0,0,0,0,0,0,0,-96,-17,70,121,31,-107,-11,-125,45,-17,0,0,0,0,0,0,0,0,0,0,0,0,0,0,0,0,0,0,0,0,0,0
1644,1,-113,118,118,118,118,118,59,59,16,-73,115,0,0,0,0,0,0,0,0,0,0,0,0,0,0,0,0,0,0,0,0,0,-56,76,-22,-72,-30,122,-82,-6,-17,-92,-17,0,0,0,0,0,0,0,0,0,0,0,0,0,0,0,0,0,0,0,0,0
1645,1,-113,118,118,118,118,118,59,59,16,-73,115,0,0,0,0,0,0,0,0,0,0,0,0,0,0,0,0,0,0,0,0,0,-56,76,-22,-72,-30,122,-82,-6,-17,-92,-17,0,0,0,0,0,0,0,0,0,0,0,0,0,0,0,0,0,0,0,0,0
1646,1,-113,118,118,118,118,118,59,59,16,-73,115,0,0,0,0,0,0,0,0,0,0,0,0,0,0,0,0,0,0,0,0,0,-56,76,-22,-72,-30,122,-82,-6,-17,-92,-17,0,0,0,0,0,0,0,0,0,0,0,0,0,0,0,0,0,0,0,0,0
1647,1,67,67,117,117,117,117,117,74,-78,16,-73,115,0,0,0,0,0,0,0,0,0,0,0,0,0,0,0,0,0,0,0,0,80,-64,-22,-89,62,-16,104,47,-39,-114,29,-17,0,0,0,0,0,0,0,0,0,0,0,0,0,0,0,0,0,0,0,0
1648,1,67,67,117,117,117,117,117,74,-78,16,-73,115,0,0,0,0,0,0,0,0,0,0,0,0,0,0,0,0,0,0,0,0,80,-64,-22,-89,62,-16,104,47,-39,-114,29,-17,0,0,0,0,0,0,0,0,0,0,0,0,0,0,0,0,0,0,0,0
1649,1,67,67,117,117,117,117,117,74,-78,16,-73,115,0,0,0,0,0,0,0,0,0,0,0,0,0,0,0,0,0,0,0,0,80,-64,-22,-89,62,-16,104,47,-39,-114,29,-17,0,0,0,0,0,0,0,0,0,0,0,0,0,0,0,0,0,0,0,0
1650,1,79,79,79,-24,-24,-24,-24,-24,-54,-78,16,-73,115,0,0,0,0,0,0,0,0,0,0,0,0,0,0,0,0,0,0,0,-55,-59,-93,46,-117,-44,-76,-116,66,116,-102,-31,-17,0,0,0,0,0,0,0,0,0,0,0,0,0,0,0,0,0,0,0
1651,1,79,79,79,-24,-24,-24,-24,-24,-54,-78,16,-73,115,0,0,0,0,0,0,0,0,0,0,0,0,0,0,0,0,0,0,0,-55,-59,-93,46,-117,-44,-76,-116,66,116,-102,-31,-17,0,0,0,0,0,0,0,0,0,0,0,0,0,0,0,0,0,0,0
1652,1,79,79,79,-24,-24,-24,-24,-24,-54,-78,16,-73,115,0,0,0,0,0,0,0,0,0,0,0,0,0,0,0,0,0,0,0,-55,-59,-93,46,-117,-44,-76,-116,66,116,-102,-31,-17,0,0,0,0,0,0,0,0,0,0,0,0,0,0,0,0,0,0,0
1653,1,-22,-22,-22,-22,13,13,13,13,125,-54,-78,16,-73,115,0,0,0,0,0,0,0,0,0,0,0,0,0,0,0,0,0,0,-23,-122,-41,64,77,70,-12,-53,-36,72,120,59,46,-17,0,0,0,0,0,0,0,0,0,0,0,0,0,0,0,0,0,0
1654,1,-22,-22,-22,-22,13,13,13,13,125,-54,-78,16,-73,115,0,0,0,0,0,0,0,0,0,0,0,0,0,0,0,0,0,0,-23,-122,-41,64,77,70,-12,-53,-36,72,120,59,46,-17,0,0,0,0,0,0,0,0,0,0,0,0,0,0,0,0,0,0
1655,1,-22,-22,-22,-22,13,13,13,13,125,-54,-78,16,-73,115,0,0,0,0,0,0,0,0,0,0,0,0,0,0,0,0,0,0,-23,-122,-41,64,77,70,-12,-53,-36,72,120,59,46,-17,0,0,0,0,0,0,0,0,0,0,0,0,0,0,0,0,0,0
1656,1,52,52,52,52,52,41,41,41,-114,125,-54,-78,16,-73,115,0,0,0,0,0,0,0,0,0,0,0,0,0,0,0,0,0,-24,-77,-121,31,8,27,-49,-112,-119,34,-23,56,-33,115,-17,0,0,0,0,0,0,0,0,0,0,0,0,0,0,0,0,0
1657,1,52,52,52,52,52,41,41,41,-114,125,-54,-78,16,-73,115,0,0,0,0,0,0,0,0,0,0,0,0,0,0,0,0,0,-24,-77,-121,31,8,27,-49,-112,-119,34,-23,56,-33,115,-17,0,0,0,0,0,0,0,0,0,0,0,0,0,0,0,0,0
1658,1,52,52,52,52,52,41,41,41,-114,125,-54,-78,16,-73,115,0,0,0,0,0,0,0,0,0,0,0,0,0,0,0,0,0,-24,-77,-121,31,8,27,-49,-112,-119,34,-23,56,-33,115,-17,0,0,0,0,0,0,0,0,0,0,0,0,0,0,0,0,0
1659,1,-121,0,0,0,0,0,-66,-66,-40,-114,125,-54,-78,16,-73,115,0,0,0,0,0,0,0,0,0,0,0,0,0,0,0,0,101,-109,-67,-89,118,-11,-2,15,4,44,33,31,-33,-19,-6,-17,0,0,0,0,0,0,0,0,0,0,0,0,0,0,0,0
1660,1,-121,0,0,0,0,0,-66,-66,-40,-114,125,-54,-78,16,-73,115,0,0,0,0,0,0,0,0,0,0,0,0,0,0,0,0,101,-109,-67,-89,118,-11,-2,15,4,44,33,31,-33,-19,-6,-17,0,0,0,0,0,0,0,0,0,0,0,0,0,0,0,0
1661,1,-121,0,0,0,0,0,-66,-66,-40,-114,125,-54,-78,16,-73,115,0,0,0,0,0,0,0,0,0,0,0,0,0,0,0,0,101,-109,-67,-89,118,-11,-2,15,4,44,33,31,-33,-19,-6,-17,0,0,0,0,0,0,0,0,0,0,0,0,0,0,0,0
1662,1,17,17,21,21,21,21,21,3,-110,-40,-114,125,-54,-78,16,-73,115,0,0,0,0,0,0,0,0,0,0,0,0,0,0,0,101,-26,37,54,48,-47,72,-52,27,18,-16,-1,108,-17,-68,-49,-17,0,0,0,0,0,0,0,0,0,0,0,0,0,0,0
1663,1,17,17,21,21,21,21,21,3,-110,-40,-114,125,-54,-78,16,-73,115,0,0,0,0,0,0,0,0,0,0,0,0,0,0,0,101,-26,37,54,48,-47,72,-52,27,18,-16,-1,108,-17,-68,-49,-17,0,0,0,0,0,0,0,0,0,0,0,0,0,0,0
1664,1,17,17,21,21,21,21,21,3,-110,-40,-114,125,-54,-78,16,-73,115,0,0,0,0,0,0,0,0,0,0,0,0,0,0,0,101,-26,37,54,48,-47,72,-52,27,18,-16,-1,108,-17,-68,-49,-17,0,0,0,0,0,0,0,0,0,0,0,0,0,0,0
1665,1,19,19,19,107,107,107,107,107,-30,-110,-40,-114,125,-54,-78,16,-73,115,0,0,0,0,0,0,0,0,0,0,0,0,0,0,4,19,20,123,70,-36,122,125,-127,60,49,20,1,-108,-21,97,126,-17,0,0,0,0,0,0,0,0,0,0,0,0,0,0
1666,1,19,19,19,107,107,107,107,107,-30,-110,-40,-114,125,-54,-78,16,-73,115,0,0,0,0,0,0,0,0,0,0,0,0,0,0,4,19,20,123,70,-36,122,125,-127,60,49,20,1,-108,-21,97,126,-17,0,0,0,0,0,0,0,0,0,0,0,0,0,0
1667,1,19,19,19,107,107,107,107,107,-30,-110,-40,-114,125,-54,-78,16,-73,115,0,0,0,0,0,0,0,0,0,0,0,0,0,0,4,19,20,123,70,-36,122,125,-127,60,49,20,1,-108,-21,97,126,-17,0,0,0,0,0,0,0,0,0,0,0,0,0,0
1668,1,-61,-61,-61,-61,-103,-103,-103,-103,-113,-30,-110,-40,-114,125,-54,-78,16,-73,115,0,0,0,0,0,0,0,0,0,0,0,0,0,-72,-11,65,-91,-17,-58,-4,89,-67,-79,-21,-50,82,-99,-32,-43,-113,23,-17,0,0,0,0,0,0,0,0,0,0,0,0,0
1669,1,-61,-61,-61,-61,-103,-103,-103,-103,-113,-30,-110,-40,-114,125,-54,-78,16,-73,115,0,0,0,0,0,0,0,0,0,0,0,0,0,-72,-11,65,-91,-17,-58,-4,89,-67,-79,-21,-50,82,-99,-32,-43,-113,23,-17,0,0,0,0,0,0,0,0,0,0,0,0,0
1670,1,-61,-61,-61,-61,-103,-103,-103,-103,-113,-30,-110,-40,-114,125,-54,-78,16,-73,115,0,0,0,0,0,0,0,0,0,0,0,0,0,-72,-11,65,-91,-17,-58,-4,89,-67,-79,-21,-50,82,-99,-32,-43,-113,23,-17,0,0,0,0,0,0,0,0,0,0,0,0,0
1671,1,10,10,10,10,10,117,117,117,67,-113,-30,-110,-40,-114,125,-54,-78,16,-73,115,0,0,0,0,0,0,0,0,0,0,0,0,-87,-88,55,-30,78,-123,-70,53,-70,45,-10,15,-9,-108,-72,-84,84,-55,-82,-17,0,0,0,0,0,0,0,0,0,0,0,0
1672,1,10,10,10,10,10,117,117,117,67,-113,-30,-110,-40,-114,125,-54,-78,16,-73,115,0,0,0,0,0,0,0,0,0,0,0,0,-87,-88,55,-30,78,-123,-70,53,-70,45,-10,15,-9,-108,-72,-84,84,-55,-82,-17,0,0,0,0,0,0,0,0,0,0,0,0
1673,1,10,10,10,10,10,117,117,117,67,-113,-30,-110,-40,-114,125,-54,-78,16,-73,115,0,0,0,0,0,0,0,0,0,0,0,0,-87,-88,55,-30,78,-123,-70,53,-70,45,-10,15,-9,-108,-72,-84,84,-55,-82,-17,0,0,0,0,0,0,0,0,0,0,0,0
1674,1,-96,125,125,125,125,125,-76,-76,79,67,-113,-30,-110,-40,-114,125,-54,-78,16,-73,115,0,0,0,0,0,0,0,0,0,0,0,56,118,-49,35,47,84,-112,55,-18,-35,102,-77,29,84,70,-53,-73,-48,95,78,-17,0,0,0,0,0,0,0,0,0,0,0
1675,1,-96,125,125,125,125,125,-76,-76,79,67,-113,-30,-110,-40,-114,125,-54,-78,16,-73,115,0,0,0,0,0,0,0,0,0,0,0,56,118,-49,35,47,84,-112,55,-18,-35,102,-77,29,84,70,-53,-73,-48,95,78,-17,0,0,0,0,0,0,0,0,0,0,0
1676,1,-96,125,125,125,125,125,-76,-76,79,67,-113,-30,-110,-40,-114,125,-54,-78,16,-73,115,0,0,0,0,0,0,0,0,0,0,0,56,118,-49,35,47,84,-112,55,-18,-35,102,-77,29,84,70,-53,-73,-48,95,78,-17,0,0,0,0,0,0,0,0,0,0,0
1677,1,-96,-96,-5,-5,-5,-5,-5,-99,-22,79,67,-113,-30,-110,-40,-114,125,-54,-78,16,-73,115,0,0,0,0,0,0,0,0,0,0,-60,37,-82,110,0,9,-1,-64,24,103,-35,-85,7,92,-74,-65,-12,-62,60,-88,-82,-17,0,0,0,0,0,0,0,0,0,0
1678,1,-96,-96,-5,-5,-5,-5,-5,-99,-22,79,67,-113,-30,-110,-40,-114,125,-54,-78,16,-73,115,0,0,0,0,0,0,0,0,0,0,-60,37,-82,110,0,9,-1,-64,24,103,-35,-85,7,92,-74,-65,-12,-62,60,-88,-82,-17,0,0,0,0,0,0,0,0,0,0
1679,1,-96,-96,-5,-5,-5,-5,-5,-99,-22,79,67,-113,-30,-110,-40,-114,125,-54,-78,16,-73,115,0,0,0,0,0,0,0,0,0,0,-60,37,-82,110,0,9,-1,-64,24,103,-35,-85,7,92,-74,-65,-12,-62,60,-88,-82,-17,0,0,0,0,0,0,0,0,0,0
1680,1,-122,-122,-122,104,104,104,104,104,52,-22,79,67,-113,-30,-110,-40,-114,125,-54,-78,16,-73,115,0,0,0,0,0,0,0,0,0,-5,-29,-100,-112,-20,35,67,-52,-39,105,0,117,-46,-79,80,78,56,-30,1,95,-107,37,-17,0,0,0,0,0,0,0,0,0
1681,1,-122,-122,-122,104,104,104,104,104,52,-22,79,67,-113,-30,-110,-40,-114,125,-54,-78,16,-73,115,0,0,0,0,0,0,0,0,0,-5,-29,-100,-112,-20,35,67,-52,-39,105,0,117,-46,-79,80,78,56,-30,1,95,-107,37,-17,0,0,0,0,0,0,0,0,0
1682,1,-122,-122,-122,104,104,104,104,104,52,-22,79,67,-113,-30,-110,-40,-114,125,-54,-78,16,-73,115,0,0,0,0,0,0,0,0,0,-5,-29,-100,-112,-20,35,67,-52,-39,105,0,117,-46,-79,80,78,56,-30,1,95,-107,37,-17,0,0,0,0,0,0,0,0,0
1683,1,-81,-81,-81,-81,39,39,39,39,-121,52,-22,79,67,-113,-30,-110,-40,-114,125,-54,-78,16,-73,115,0,0,0,0,0,0,0,0,-126,79,-31,79,-75,-1,21,-94,-63,-48,69,-96,-107,34,-25,-54,-84,-22,-115,52,63,93,25,-17,0,0,0,0,0,0,0,0
1684,1,-81,-81,-81,-81,39,39,39,39,-121,52,-22,79,67,-113,-30,-110,-40,-114,125,-54,-78,16,-73,115,0,0,0,0,0,0,0,0,-126,79,-31,79,-75,-1,21,-94,-63,-48,69,-96,-107,34,-25,-54,-84,-22,-115,52,63,93,25,-17,0,0,0,0,0,0,0,0
1685,1,-81,-81,-81,-81,39,39,39,39,-121,52,-22,79,67,-113,-30,-110,-40,-114,125,-54,-78,16,-73,115,0,0,0,0,0,0,0,0,-126,79,-31,79,-75,-1,21,-94,-63,-48,69,-96,-107,34,-25,-54,-84,-22,-115,52,63,93,25,-17,0,0,0,0,0,0,0,0
1686,1,-85,-85,-85,-85,-85,61,61,61,17,-121,52,-22,79,67,-113,-30,-110,-40,-114,125,-54,-78,16,-73,115,0,0,0,0,0,0,0,-29,-30,80,-15,65,-35,-93,110,-62,113,22,-110,23,4,-33,21,-85,23,89,105,34,63,12,28,-17,0,0,0,0,0,0,0
1687,1,-85,-85,-85,-85,-85,61,61,61,17,-121,52,-22,79,67,-113,-30,-110,-40,-114,125,-54,-78,16,-73,115,0,0,0,0,0,0,0,-29,-30,80,-15,65,-35,-93,110,-62,113,22,-110,23,4,-33,21,-85,23,89,105,34,63,12,28,-17,0,0,0,0,0,0,0
1688,1,-85,-85,-85,-85,-85,61,61,61,17,-121,52,-22,79,67,-113,-30,-110,-40,-114,125,-54,-78,16,-73,115,0,0,0,0,0,0,0,-29,-30,80,-15,65,-35,-93,110,-62,113,22,-110,23,4,-33,21,-85,23,89,105,34,63,12,28,-17,0,0,0,0,0,0,0
1689,1,-52,36,36,36,36,36,-112,-112,19,17,-121,52,-22,79,67,-113,-30,-110,-40,-114,125,-54,-78,16,-73,115,0,0,0,0,0,0,5,98,75,68,99,64,-119,-104,91,45,-85,-92,94,124,52,106,-115,21,-59,-67,45,16,63,57,81,-17,0,0,0,0,0,0
1690,1,-52,36,36,36,36,36,-112,-112,19,17,-121,52,-22,79,67,-113,-30,-110,-40,-114,125,-54,-78,16,-73,115,0,0,0,0,0,0,5,98,75,68,99,64,-119,-104,91,45,-85,-92,94,124,52,106,-115,21,-59,-67,45,16,63,57,81,-17,0,0,0,0,0,0
1691,1,-52,36,36,36,36,36,-112,-112,19,17,-121,52,-22,79,67,-113,-30,-110,-40,-114,125,-54,-78,16,-73,115,0,0,0,0,0,0,5,98,75,68,99,64,-119,-104,91,45,-85,-92,94,124,52,106,-115,21,-59,-67,45,16,63,57,81,-17,0,0,0,0,0,0
1692,1,118,118,-68,-68,-68,-68,-68,-116,-61,19,17,-121,52,-22,79,67,-113,-30,-110,-40,-114,125,-54,-78,16,-73,115,0,0,0,0,0,-121,-61,-34,16,13,81,65,88,-112,3,-68,-36,-48,8,55,39,-81,127,-1,104,-107,120,112,13,-123,-84,-17,0,0,0,0,0
1693,1,118,118,-68,-68,-68,-68,-68,-116,-61,19,17,-121,52,-22,79,67,-113,-30,-110,-40,-114,125,-54,-78,16,-73,115,0,0,0,0,0,-121,-61,-34,16,13,81,65,88,-112,3,-68,-36,-48,8,55,39,-81,127,-1,104,-107,120,112,13,-123,-84,-17,0,0,0,0,0
1694,1,118,118,-68,-68,-68,-68,-68,-116,-61,19,17,-121,52,-22,79,67,-113,-30,-110,-40,-114,125,-54,-78,16,-73,115,0,0,0,0,0,-121,-61,-34,16,13,81,65,88,-112,3,-68,-36,-48,8,55,39,-81,127,-1,104,-107,120,112,13,-123,-84,-17,0,0,0,0,0
1695,1,-59,-59,-59,121,121,121,121,121,10,-61,19,17,-121,52,-22,79,67,-113,-30,-110,-40,-114,125,-54,-78,16,-73,115,0,0,0,0,9,-53,-21,93,-54,51,20,81,44,73,-28,-29,120,73,-74,-119,73,49,-127,66,-114,-123,81,-66,116,-108,-44,-17,0,0,0,0
1696,1,-59,-59,-59,121,121,121,121,121,10,-61,19,17,-121,52,-22,79,67,-113,-30,-110,-40,-114,125,-54,-78,16,-73,115,0,0,0,0,9,-53,-21,93,-54,51,20,81,44,73,-28,-29,120,73,-74,-119,73,49,-127,66,-114,-123,81,-66,116,-108,-44,-17,0,0,0,0
1697,1,-59,-59,-59,121,121,121,121,121,10,-61,19,17,-121,52,-22,79,67,-113,-30,-110,-40,-114,125,-54,-78,16,-73,115,0,0,0,0,9,-53,-21,93,-54,51,20,81,44,73,-28,-29,120,73,-74,-119,73,49,-127,66,-114,-123,81,-66,116,-108,-44,-17,0,0,0,0
1698,1,-45,-45,-45,-45,94,94,94,94,-96,10,-61,19,17,-121,52,-22,79,67,-113,-30,-110,-40,-114,125,-54,-78,16,-73,115,0,0,0,72,115,-39,116,47,96,-22,-64,125,71,35,-117,-24,-54,10,-114,-127,65,85,44,-2,24,-94,-112,-67,47,30,61,-17,0,0,0
1699,1,-45,-45,-45,-45,94,94,94,94,-96,10,-61,19,17,-121,52,-22,79,67,-113,-30,-110,-40,-114,125,-54,-78,16,-73,115,0,0,0,72,115,-39,116,47,96,-22,-64,125,71,35,-117,-24,-54,10,-114,-127,65,85,44,-2,24,-94,-112,-67,47,30,61,-17,0,0,0
1700,1,-45,-45,-45,-45,94,94,94,94,-96,10,-61,19,17,-121,52,-22,79,67,-113,-30,-110,-40,-114,125,-54,-78,16,-73,115,0,0,0,72,115,-39,116,47,96,-22,-64,125,71,35,-117,-24,-54,10,-114,-127,65,85,44,-2,24,-94,-112,-67,47,30,61,-17,0,0,0
1701,1,94,94,94,94,94,30,30,30,-96,-96,10,-61,19,17,-121,52,-22,79,67,-113,-30,-110,-40,-114,125,-54,-78,16,-73,115,0,0,-21,55,-75,4,-51,-98,114,52,-97,-59,-18,76,85,-123,-37,-46,38,-32,-118,29,-18,-111,-71,-72,-119,-82,-103,30,62,-17,0,0
1702,1,94,94,94,94,94,30,30,30,-96,-96,10,-61,19,17,-121,52,-22,79,67,-113,-30,-110,-40,-114,125,-54,-78,16,-73,115,0,0,-21,55,-75,4,-51,-98,114,52,-97,-59,-18,76,85,-123,-37,-46,38,-32,-118,29,-18,-111,-71,-72,-119,-82,-103,30,62,-17,0,0
1703,1,94,94,94,94,94,30,30,30,-96,-96,10,-61,19,17,-121,52,-22,79,67,-113,-30,-110,-40,-114,125,-54,-78,16,-73,115,0,0,-21,55,-75,4,-51,-98,114,52,-97,-59,-18,76,85,-123,-37,-46,38,-32,-118,29,-18,-111,-71,-72,-119,-82,-103,30,62,-17,0,0
1704,1,48,26,26,26,26,26,-38,-38,-122,-96,-96,10,-61,19,17,-121,52,-22,79,67,-113,-30,-110,-40,-114,125,-54,-78,16,-73,115,0,-127,10,-104,65,93,13,-26,-71,96,-120,38,-84,10,-118,62,-25,-11,25,101,-44,85,-116,-8,85,-84,-28,31,81,-125,-23,-17,0
1705,1,48,26,26,26,26,26,-38,-38,-122,-96,-96,10,-61,19,17,-121,52,-22,79,67,-113,-30,-110,-40,-114,125,-54,-78,16,-73,115,0,-127,10,-104,65,93,13,-26,-71,96,-120,38,-84,10,-118,62,-25,-11,25,101,-44,85,-116,-8,85,-84,-28,31,81,-125,-23,-17,0
1706,1,48,26,26,26,26,26,-38,-38,-122,-96,-96,10,-61,19,17,-121,52,-22,79,67,-113,-30,-110,-40,-114,125,-54,-78,16,-73,115,0,-127,10,-104,65,93,13,-26,-71,96,-120,38,-84,10,-118,62,-25,-11,25,101,-44,85,-116,-8,85,-84,-28,31,81,-125,-23,-17,0
1707,1,-61,-61,-29,-29,-29,-29,-29,-30,-81,-122,-96,-96,10,-61,19,17,-121,52,-22,79,67,-113,-30,-110,-40,-114,125,-54,-78,16,-73,115,-80,-123,43,78,4,41,-34,-43,109,-46,12,76,7,-46,97,93,-97,-1,-51,12,-118,-48,104,-15,115,-121,75,32,111,57,3,-17
1708,1,-61,-61,-29,-29,-29,-29,-29,-30,-81,-122,-96,-96,10,-61,19,17,-121,52,-22,79,67,-113,-30,-110,-40,-114,125,-54,-78,16,-73,115,-80,-123,43,78,4,41,-34,-43,109,-46,12,76,7,-46,97,93,-97,-1,-51,12,-118,-48,104,-15,115,-121,75,32,111,57,3,-17
1709,1,-61,-61,-29,-29,-29,-29,-29,-30,-81,-122,-96,-96,10,-61,19,17,-121,52,-22,79,67,-113,-30,-110,-40,-114,125,-54,-78,16,-73,115,-80,-123,43,78,4,41,-34,-43,109,-46,12,76,7,-46,97,93,-97,-1,-51,12,-118,-48,104,-15,115,-121,75,32,111,57,3,-17
1710,1,74,74,74,-104,-104,-104,-104,-104,-85,-81,-122,-96,-96,10,-61,19,17,-121,52,-22,79,67,-113,-30,-110,-40,-114,125,-54,-78,16,-73,115,14,108,-12,2,98,-79,109,33,73,97,101,-12,105,60,-91,12,17,78,77,-98,-1,-25,103,-48,-127,8,120,43,-50,-57,17
1711,1,74,74,74,-104,-104,-104,-104,-104,-85,-81,-122,-96,-96,10,-61,19,17,-121,52,-22,79,67,-113,-30,-110,-40,-114,125,-54,-78,16,-73,115,14,108,-12,2,98,-79,109,33,73,97,101,-12,105,60,-91,12,17,78,77,-98,-1,-25,103,-48,-127,8,120,43,-50,-57,17
1712,1,74,74,74,-104,-104,-104,-104,-104,-85,-81,-122,-96,-96,10,-61,19,17,-121,52,-22,79,67,-113,-30,-110,-40,-114,125,-54,-78,16,-73,115,14,108,-12,2,98,-79,109,33,73,97,101,-12,105,60,-91,12,17,78,77,-98,-1,-25,103,-48,-127,8,120,43,-50,-57,17
1713,1,81,81,81,81,-111,-111,-111,-111,-52,-85,-81,-122,-96,-96,10,-61,19,17,-121,52,-22,79,67,-113,-30,-110,-40,-114,125,-54,-78,16,-62,-20,-50,-127,114,-127,53,33,-123,26,49,76,53,96,25,-122,61,18,32,-106,28,80,65,115,104,51,17,-124,43,-52,-121,-109
1714,1,81,81,81,81,-111,-111,-111,-111,-52,-85,-81,-122,-96,-96,10,-61,19,17,-121,52,-22,79,67,-113,-30,-110,-40,-114,125,-54,-78,16,-62,-20,-50,-127,114,-127,53,33,-123,26,49,76,53,96,25,-122,61,18,32,-106,28,80,65,115,104,51,17,-124,43,-52,-121,-109
1715,1,81,81,81,81,-111,-111,-111,-111,-52,-85,-81,-122,-96,-96,10,-61,19,17,-121,52,-22,79,67,-113,-30,-110,-40,-114,125,-54,-78,16,-62,-20,-50,-127,114,-127,53,33,-123,26,49,76,53,96,25,-122,61,18,32,-106,28,80,65,115,104,51,17,-124,43,-52,-121,-109
1716,1,60,60,60,60,60,-82,-82,-82,118,-52,-85,-81,-122,-96,-96,10,-61,19,17,-121,52,-22,79,67,-113,-30,-110,-40,-114,125,-54,-78,-63,-34,59,-19,-34,-59,26,55,12,-98,-126,-37,78,69,40,-40,49,102,-61,49,19,31,12,-40,28,-108,-63,72,-41,80,45,67
1717,1,60,60,60,60,60,-82,-82,-82,118,-52,-85,-81,-122,-96,-96,10,-61,19,17,-121,52,-22,79,67,-113,-30,-110,-40,-114,125,-54,-78,-63,-34,59,-19,-34,-59,26,55,12,-98,-126,-37,78,69,40,-40,49,102,-61,49,19,31,12,-40,28,-108,-63,72,-41,80,45,67
1718,1,60,60,60,60,60,-82,-82,-82,118,-52,-85,-81,-122,-96,-96,10,-61,19,17,-121,52,-22,79,67,-113,-30,-110,-40,-114,125,-54,-78,-63,-34,59,-19,-34,-59,26,55,12,-98,-126,-37,78,69,40,-40,49,102,-61,49,19,31,12,-40,28,-108,-63,72,-41,80,45,67
1719,1,91,80,80,80,80,80,78,78,-59,118,-52,-85,-81,-122,-96,-96,10,-61,19,17,-121,52,-22,79,67,-113,-30,-110,-40,-114,125,-54,56,44,-105,-46,-109,-37,112,-13,-95,47,86,114,-125,-58,98,-69,55,-108,34,-104,-115,61,110,-23,53,-110,-125,-43,-77,-104,-43,80
1720,1,91,80,80,80,80,80,78,78,-59,118,-52,-85,-81,-122,-96,-96,10,-61,19,17,-121,52,-22,79,67,-113,-30,-110,-40,-114,125,-54,56,44,-105,-46,-109,-37,112,-13,-95,47,86,114,-125,-58,98,-69,55,-108,34,-104,-115,61,110,-23,53,-110,-125,-43,-77,-104,-43,80
1721,1,91,80,80,80,80,80,78,78,-59,118,-52,-85,-81,-122,-96,-96,10,-61,19,17,-121,52,-22,79,67,-113,-30,-110,-40,-114,125,-54,56,44,-105,-46,-109,-37,112,-13,-95,47,86,114,-125,-58,98,-69,55,-108,34,-104,-115,61,110,-23,53,-110,-125,-43,-77,-104,-43,80
1722,1,93,93,29,29,29,29,29,40,-45,-59,118,-52,-85,-81,-122,-96,-96,10,-61,19,17,-121,52,-22,79,67,-113,-30,-110,-40,-114,125,-41,-11,47,39,-114,-121,113,97,-15,74,70,54,29,-124,-105,123,-100,-91,55,-70,25,-15,16,-110,118,-94,-42,-104,119,-62,-56,49
1723,1,93,93,29,29,29,29,29,40,-45,-59,118,-52,-85,-81,-122,-96,-96,10,-61,19,17,-121,52,-22,79,67,-113,-30,-110,-40,-114,125,-41,-11,47,39,-114,-121,113,97,-15,74,70,54,29,-124,-105,123,-100,-91,55,-70,25,-15,16,-110,118,-94,-42,-104,119,-62,-56,49
1724,1,93,93,29,29,29,29,29,40,-45,-59,118,-52,-85,-81,-122,-96,-96,10,-61,19,17,-121,52,-22,79,67,-113,-30,-110,-40,-114,125,-41,-11,47,39,-114,-121,113,97,-15,74,70,54,29,-124,-105,123,-100,-91,55,-70,25,-15,16,-110,118,-94,-42,-104,119,-62,-56,49
1725,1,-44,-44,-44,-114,-114,-114,-114,-114,94,-45,-59,118,-52,-85,-81,-122,-96,-96,10,-61,19,17,-121,52,-22,79,67,-113,-30,-110,-40,-114,90,116,-111,85,-73,38,74,32,-105,48,39,28,69,100,-71,44,38,126,115,73,78,-78,84,63,9,40,19,28,103,121,26,-36
1726,1,-44,-44,-44,-114,-114,-114,-114,-114,94,-45,-59,118,-52,-85,-81,-122,-96,-96,10,-61,19,17,-121,52,-22,79,67,-113,-30,-110,-40,-114,90,116,-111,85,-73,38,74,32,-105,48,39,28,69,100,-71,44,38,126,115,73,78,-78,84,63,9,40,19,28,103,121,26,-36
1727,1,-44,-44,-44,-114,-114,-114,-114,-114,94,-45,-59,118,-52,-85,-81,-122,-96,-96,10,-61,19,17,-121,52,-22,79,67,-113,-30,-110,-40,-114,90,116,-111,85,-73,38,74,32,-105,48,39,28,69,100,-71,44,38,126,115,73,78,-78,84,63,9,40,19,28,103,121,26,-36
1728,1,97,97,97,97,108,108,108,108,48,94,-45,-59,118,-52,-85,-81,-122,-96,-96,10,-61,19,17,-121,52,-22,79,67,-113,-30,-110,-40,32,42,-114,113,66,110,89,53,-123,90,100,66,3,-77,-41,-11,10,-51,23,-112,-6,28,-85,10,55,106,-52,15,71,-19,-15,-8
1729,1,97,97,97,97,108,108,108,108,48,94,-45,-59,118,-52,-85,-81,-122,-96,-96,10,-61,19,17,-121,52,-22,79,67,-113,-30,-110,-40,32,42,-114,113,66,110,89,53,-123,90,100,66,3,-77,-41,-11,10,-51,23,-112,-6,28,-85,10,55,106,-52,15,71,-19,-15,-8
1730,1,97,97,97,97,108,108,108,108,48,94,-45,-59,118,-52,-85,-81,-122,-96,-96,10,-61,19,17,-121,52,-22,79,67,-113,-30,-110,-40,32,42,-114,113,66,110,89,53,-123,90,100,66,3,-77,-41,-11,10,-51,23,-112,-6,28,-85,10,55,106,-52,15,71,-19,-15,-8
1731,1,-6,-6,-6,-6,-6,-93,-93,-93,-61,48,94,-45,-59,118,-52,-85,-81,-122,-96,-96,10,-61,19,17,-121,52,-22,79,67,-113,-30,-110,16,-64,-97,-122,112,51,-9,-57,25,-8,-80,5,106,36,-84,-121,-15,-13,-46,-36,-31,106,-109,-1,52,36,91,-19,-24,73,94,-42
1732,1,-6,-6,-6,-6,-6,-93,-93,-93,-61,48,94,-45,-59,118,-52,-85,-81,-122,-96,-96,10,-61,19,17,-121,52,-22,79,67,-113,-30,-110,16,-64,-97,-122,112,51,-9,-57,25,-8,-80,5,106,36,-84,-121,-15,-13,-46,-36,-31,106,-109,-1,52,36,91,-19,-24,73,94,-42
1733,1,-6,-6,-6,-6,-6,-93,-93,-93,-61,48,94,-45,-59,118,-52,-85,-81,-122,-96,-96,10,-61,19,17,-121,52,-22,79,67,-113,-30,-110,16,-64,-97,-122,112,51,-9,-57,25,-8,-80,5,106,36,-84,-121,-15,-13,-46,-36,-31,106,-109,-1,52,36,91,-19,-24,73,94,-42
1734,1,68,-62,-62,-62,-62,-62,114,114,74,-61,48,94,-45,-59,118,-52,-85,-81,-122,-96,-96,10,-61,19,17,-121,52,-22,79,67,-113,-30,44,-73,67,-4,50,79,-101,-18,-104,-127,46,71,64,103,96,-65,-96,-50,-127,-98,88,19,-93,-101,-47,-10,43,101,-65,-110,-3,-42
1735,1,68,-62,-62,-62,-62,-62,114,114,74,-61,48,94,-45,-59,118,-52,-85,-81,-122,-96,-96,10,-61,19,17,-121,52,-22,79,67,-113,-30,44,-73,67,-4,50,79,-101,-18,-104,-127,46,71,64,103,96,-65,-96,-50,-127,-98,88,19,-93,-101,-47,-10,43,101,-65,-110,-3,-42
1736,1,68,-62,-62,-62,-62,-62,114,114,74,-61,48,94,-45,-59,118,-52,-85,-81,-122,-96,-96,10,-61,19,17,-121,52,-22,79,67,-113,-30,44,-73,67,-4,50,79,-101,-18,-104,-127,46,71,64,103,96,-65,-96,-50,-127,-98,88,19,-93,-101,-47,-10,43,101,-65,-110,-3,-42
1737,1,45,45,14,14,14,14,14,-6,81,74,-61,48,94,-45,-59,118,-52,-85,-81,-122,-96,-96,10,-61,19,17,-121,52,-22,79,67,-113,21,43,109,110,-26,120,95,124,13,108,-42,52,-91,-76,-50,-108,-27,-34,-22,66,97,61,-30,-33,32,-24,63,-4,-49,34,-77,84
1738,1,45,45,14,14,14,14,14,-6,81,74,-61,48,94,-45,-59,118,-52,-85,-81,-122,-96,-96,10,-61,19,17,-121,52,-22,79,67,-113,21,43,109,110,-26,120,95,124,13,108,-42,52,-91,-76,-50,-108,-27,-34,-22,66,97,61,-30,-33,32,-24,63,-4,-49,34,-77,84
1739,1,45,45,14,14,14,14,14,-6,81,74,-61,48,94,-45,-59,118,-52,-85,-81,-122,-96,-96,10,-61,19,17,-121,52,-22,79,67,-113,21,43,109,110,-26,120,95,124,13,108,-42,52,-91,-76,-50,-108,-27,-34,-22,66,97,61,-30,-33,32,-24,63,-4,-49,34,-77,84
1740,1,34,34,34,110,110,110,110,110,60,81,74,-61,48,94,-45,-59,118,-52,-85,-81,-122,-96,-96,10,-61,19,17,-121,52,-22,79,67,25,118,-9,29,55,-125,-78,-21,17,114,-49,57,38,-21,123,-103,25,59,-49,71,-81,82,23,49,-19,-21,57,-89,-14,-88,-55,59
1741,1,34,34,34,110,110,110,110,110,60,81,74,-61,48,94,-45,-59,118,-52,-85,-81,-122,-96,-96,10,-61,19,17,-121,52,-22,79,67,25,118,-9,29,55,-125,-78,-21,17,114,-49,57,38,-21,123,-103,25,59,-49,71,-81,82,23,49,-19,-21,57,-89,-14,-88,-55,59
1742,1,34,34,34,110,110,110,110,110,60,81,74,-61,48,94,-45,-59,118,-52,-85,-81,-122,-96,-96,10,-61,19,17,-121,52,-22,79,67,25,118,-9,29,55,-125,-78,-21,17,114,-49,57,38,-21,123,-103,25,59,-49,71,-81,82,23,49,-19,-21,57,-89,-14,-88,-55,59
1743,1,43,43,43,43,-70,-70,-70,-70,91,60,81,74,-61,48,94,-45,-59,118,-52,-85,-81,-122,-96,-96,10,-61,19,17,-121,52,-22,79,-109,-22,7,-72,108,77,81,-37,-39,83,-86,90,-54,97,125,-63,-73,-112,3,46,110,-41,-3,68,62,-81,-20,-97,-42,48,83,114
1744,1,43,43,43,43,-70,-70,-70,-70,91,60,81,74,-61,48,94,-45,-59,118,-52,-85,-81,-122,-96,-96,10,-61,19,17,-121,52,-22,79,-109,-22,7,-72,108,77,81,-37,-39,83,-86,90,-54,97,125,-63,-73,-112,3,46,110,-41,-3,68,62,-81,-20,-97,-42,48,83,114
1745,1,43,43,43,43,-70,-70,-70,-70,91,60,81,74,-61,48,94,-45,-59,118,-52,-85,-81,-122,-96,-96,10,-61,19,17,-121,52,-22,79,-109,-22,7,-72,108,77,81,-37,-39,83,-86,90,-54,97,125,-63,-73,-112,3,46,110,-41,-3,68,62,-81,-20,-97,-42,48,83,114
1746,1,13,13,13,13,13,98,98,98,93,91,60,81,74,-61,48,94,-45,-59,118,-52,-85,-81,-122,-96,-96,10,-61,19,17,-121,52,-22,62,-97,51,120,-26,14,-11,23,-112,103,-20,-93,-39,-31,-71,60,123,83,-27,-96,96,117,37,6,-24,28,28,-27,-20,88,-21,-40
1747,1,13,13,13,13,13,98,98,98,93,91,60,81,74,-61,48,94,-45,-59,118,-52,-85,-81,-122,-96,-96,10,-61,19,17,-121,52,-22,62,-97,51,120,-26,14,-11,23,-112,103,-20,-93,-39,-31,-71,60,123,83,-27,-96,96,117,37,6,-24,28,28,-27,-20,88,-21,-40
1748,1,13,13,13,13,13,98,98,98,93,91,60,81,74,-61,48,94,-45,-59,118,-52,-85,-81,-122,-96,-96,10,-61,19,17,-121,52,-22,62,-97,51,120,-26,14,-11,23,-112,103,-20,-93,-39,-31,-71,60,123,83,-27,-96,96,117,37,6,-24,28,28,-27,-20,88,-21,-40
1749,1,74,-50,-50,-50,-50,-50,38,38,-44,93,91,60,81,74,-61,48,94,-45,-59,118,-52,-85,-81,-122,-96,-96,10,-61,19,17,-121,52,98,-16,73,-52,-19,24,83,1,-66,-14,89,82,-76,48,-7,-71,-96,35,126,-21,46,-48,78,38,9,-36,120,-72,-16,-74,47,-57
1750,1,74,-50,-50,-50,-50,-50,38,38,-44,93,91,60,81,74,-61,48,94,-45,-59,118,-52,-85,-81,-122,-96,-96,10,-61,19,17,-121,52,98,-16,73,-52,-19,24,83,1,-66,-14,89,82,-76,48,-7,-71,-96,35,126,-21,46,-48,78,38,9,-36,120,-72,-16,-74,47,-57
1751,1,74,-50,-50,-50,-50,-50,38,38,-44,93,91,60,81,74,-61,48,94,-45,-59,118,-52,-85,-81,-122,-96,-96,10,-61,19,17,-121,52,98,-16,73,-52,-19,24,83,1,-66,-14,89,82,-76,48,-7,-71,-96,35,126,-21,46,-48,78,38,9,-36,120,-72,-16,-74,47,-57
1752,1,-74,-74,40,40,40,40,40,-52,97,-44,93,91,60,81,74,-61,48,94,-45,-59,118,-52,-85,-81,-122,-96,-96,10,-61,19,17,-121,-44,-18,126,-96,-77,-127,-11,126,-110,126,46,-44,109,43,-102,-21,107,105,-95,94,-21,-22,-17,83,-119,90,-50,27,-66,-97,118,50
1753,1,-74,-74,40,40,40,40,40,-52,97,-44,93,91,60,81,74,-61,48,94,-45,-59,118,-52,-85,-81,-122,-96,-96,10,-61,19,17,-121,-44,-18,126,-96,-77,-127,-11,126,-110,126,46,-44,109,43,-102,-21,107,105,-95,94,-21,-22,-17,83,-119,90,-50,27,-66,-97,118,50
1754,1,-74,-74,40,40,40,40,40,-52,97,-44,93,91,60,81,74,-61,48,94,-45,-59,118,-52,-85,-81,-122,-96,-96,10,-61,19,17,-121,-44,-18,126,-96,-77,-127,-11,126,-110,126,46,-44,109,43,-102,-21,107,105,-95,94,-21,-22,-17,83,-119,90,-50,27,-66,-97,118,50
1755,1,118,118,118,10,10,10,10,10,-6,97,-44,93,91,60,81,74,-61,48,94,-45,-59,118,-52,-85,-81,-122,-96,-96,10,-61,19,17,-79,-4,50,85,-80,6,-49,-73,-18,-57,-50,-93,-95,43,10,59,66,64,-7,-83,56,-14,27,-76,76,8,-14,-113,-77,-57,-23,-14
1756,1,118,118,118,10,10,10,10,10,-6,97,-44,93,91,60,81,74,-61,48,94,-45,-59,118,-52,-85,-81,-122,-96,-96,10,-61,19,17,-79,-4,50,85,-80,6,-49,-73,-18,-57,-50,-93,-95,43,10,59,66,64,-7,-83,56,-14,27,-76,76,8,-14,-113,-77,-57,-23,-14
1757,1,118,118,118,10,10,10,10,10,-6,97,-44,93,91,60,81,74,-61,48,94,-45,-59,118,-52,-85,-81,-122,-96,-96,10,-61,19,17,-79,-4,50,85,-80,6,-49,-73,-18,-57,-50,-93,-95,43,10,59,66,64,-7,-83,56,-14,27,-76,76,8,-14,-113,-77,-57,-23,-14
1758,1,-113,-113,-113,-113,43,43,43,43,68,-6,97,-44,93,91,60,81,74,-61,48,94,-45,-59,118,-52,-85,-81,-122,-96,-96,10,-61,19,-94,56,-106,-95,92,-121,93,62,-94,29,-10,40,0,-114,75,-125,99,-50,-37,52,-68,64,58,99,-29,-102,-40,95,-123,104,63,87
1759,1,-113,-113,-113,-113,43,43,43,43,68,-6,97,-44,93,91,60,81,74,-61,48,94,-45,-59,118,-52,-85,-81,-122,-96,-96,10,-61,19,-94,56,-106,-95,92,-121,93,62,-94,29,-10,40,0,-114,75,-125,99,-50,-37,52,-68,64,58,99,-29,-102,-40,95,-123,104,63,87
1760,1,-113,-113,-113,-113,43,43,43,43,68,-6,97,-44,93,91,60,81,74,-61,48,94,-45,-59,118,-52,-85,-81,-122,-96,-96,10,-61,19,-94,56,-106,-95,92,-121,93,62,-94,29,-10,40,0,-114,75,-125,99,-50,-37,52,-68,64,58,99,-29,-102,-40,95,-123,104,63,87
1761,1,-87,-87,-87,-87,-87,-69,-69,-69,45,68,-6,97,-44,93,91,60,81,74,-61,48,94,-45,-59,118,-52,-85,-81,-122,-96,-96,10,-61,68,100,-42,-36,70,127,-20,28,38,127,19,-105,-47,103,-106,67,33,37,-91,43,49,50,98,-16,21,-40,126,57,24,-95,-114,52
1762,1,-87,-87,-87,-87,-87,-69,-69,-69,45,68,-6,97,-44,93,91,60,81,74,-61,48,94,-45,-59,118,-52,-85,-81,-122,-96,-96,10,-61,68,100,-42,-36,70,127,-20,28,38,127,19,-105,-47,103,-106,67,33,37,-91,43,49,50,98,-16,21,-40,126,57,24,-95,-114,52
1763,1,-87,-87,-87,-87,-87,-69,-69,-69,45,68,-6,97,-44,93,91,60,81,74,-61,48,94,-45,-59,118,-52,-85,-81,-122,-96,-96,10,-61,68,100,-42,-36,70,127,-20,28,38,127,19,-105,-47,103,-106,67,33,37,-91,43,49,50,98,-16,21,-40,126,57,24,-95,-114,52
1764,1,-15,64,64,64,64,64,-111,-111,34,45,68,-6,97,-44,93,91,60,81,74,-61,48,94,-45,-59,118,-52,-85,-81,-122,-96,-96,10,74,63,-112,-82,5,86,105,116,42,20,-26,-87,32,-57,60,-78,-23,-17,-123,32,-14,-105,-46,64,51,-120,8,41,-8,-98,-118,2
1765,1,-15,64,64,64,64,64,-111,-111,34,45,68,-6,97,-44,93,91,60,81,74,-61,48,94,-45,-59,118,-52,-85,-81,-122,-96,-96,10,74,63,-112,-82,5,86,105,116,42,20,-26,-87,32,-57,60,-78,-23,-17,-123,32,-14,-105,-46,64,51,-120,8,41,-8,-98,-118,2
1766,1,-15,64,64,64,64,64,-111,-111,34,45,68,-6,97,-44,93,91,60,81,74,-61,48,94,-45,-59,118,-52,-85,-81,-122,-96,-96,10,74,63,-112,-82,5,86,105,116,42,20,-26,-87,32,-57,60,-78,-23,-17,-123,32,-14,-105,-46,64,51,-120,8,41,-8,-98,-118,2
1767,1,52,52,-106,-106,-106,-106,-106,58,43,34,45,68,-6,97,-44,93,91,60,81,74,-61,48,94,-45,-59,118,-52,-85,-81,-122,-96,-96,20,-35,-114,7,-27,-43,56,-15,13,-105,-83,89,-76,51,17,71,-80,69,-115,116,93,9,46,88,-7,39,100,-60,-125,-76,69,114
1768,1,52,52,-106,-106,-106,-106,-106,58,43,34,45,68,-6,97,-44,93,91,60,81,74,-61,48,94,-45,-59,118,-52,-85,-81,-122,-96,-96,20,-35,-114,7,-27,-43,56,-15,13,-105,-83,89,-76,51,17,71,-80,69,-115,116,93,9,46,88,-7,39,100,-60,-125,-76,69,114
1769,1,52,52,-106,-106,-106,-106,-106,58,43,34,45,68,-6,97,-44,93,91,60,81,74,-61,48,94,-45,-59,118,-52,-85,-81,-122,-96,-96,20,-35,-114,7,-27,-43,56,-15,13,-105,-83,89,-76,51,17,71,-80,69,-115,116,93,9,46,88,-7,39,100,-60,-125,-76,69,114
1770,1,64,64,64,51,51,51,51,51,13,43,34,45,68,-6,97,-44,93,91,60,81,74,-61,48,94,-45,-59,118,-52,-85,-81,-122,-96,89,-30,-92,-103,13,115,-81,31,91,-2,-117,59,114,84,94,-18,34,-50,-105,9,-62,-4,-100,-49,110,112,-17,-49,-42,68,-23,-94
1771,1,64,64,64,51,51,51,51,51,13,43,34,45,68,-6,97,-44,93,91,60,81,74,-61,48,94,-45,-59,118,-52,-85,-81,-122,-96,89,-30,-92,-103,13,115,-81,31,91,-2,-117,59,114,84,94,-18,34,-50,-105,9,-62,-4,-100,-49,110,112,-17,-49,-42,68,-23,-94
1772,1,64,64,64,51,51,51,51,51,13,43,34,45,68,-6,97,-44,93,91,60,81,74,-61,48,94,-45,-59,118,-52,-85,-81,-122,-96,89,-30,-92,-103,13,115,-81,31,91,-2,-117,59,114,84,94,-18,34,-50,-105,9,-62,-4,-100,-49,110,112,-17,-49,-42,68,-23,-94
1773,1,123,123,123,123,-57,-57,-57,-57,74,13,43,34,45,68,-6,97,-44,93,91,60,81,74,-61,48,94,-45,-59,118,-52,-85,-81,-122,117,77,-112,79,68,-19,46,81,-119,-108,-60,106,16,86,125,-125,-123,101,116,94,-30,97,115,-92,-103,-44,-104,-15,-44,19,98,-113
1774,1,123,123,123,123,-57,-57,-57,-57,74,13,43,34,45,68,-6,97,-44,93,91,60,81,74,-61,48,94,-45,-59,118,-52,-85,-81,-122,117,77,-112,79,68,-19,46,81,-119,-108,-60,106,16,86,125,-125,-123,101,116,94,-30,97,115,-92,-103,-44,-104,-15,-44,19,98,-113
1775,1,123,123,123,123,-57,-57,-57,-57,74,13,43,34,45,68,-6,97,-44,93,91,60,81,74,-61,48,94,-45,-59,118,-52,-85,-81,-122,117,77,-112,79,68,-19,46,81,-119,-108,-60,106,16,86,125,-125,-123,101,116,94,-30,97,115,-92,-103,-44,-104,-15,-44,19,98,-113
1776,1,-69,-69,-69,-69,-69,97,97,97,-74,74,13,43,34,45,68,-6,97,-44,93,91,60,81,74,-61,48,94,-45,-59,118,-52,-85,-81,50,-109,-46,75,-46,-46,-40,-29,52,78,-12,30,-96,-16,27,39,48,6,-86,-99,4,-7,-65,-47,28,33,-84,-12,-12,34,-17,84
1777,1,-69,-69,-69,-69,-69,97,97,97,-74,74,13,43,34,45,68,-6,97,-44,93,91,60,81,74,-61,48,94,-45,-59,118,-52,-85,-81,50,-109,-46,75,-46,-46,-40,-29,52,78,-12,30,-96,-16,27,39,48,6,-86,-99,4,-7,-65,-47,28,33,-84,-12,-12,34,-17,84
1778,1,-69,-69,-69,-69,-69,97,97,97,-74,74,13,43,34,45,68,-6,97,-44,93,91,60,81,74,-61,48,94,-45,-59,118,-52,-85,-81,50,-109,-46,75,-46,-46,-40,-29,52,78,-12,30,-96,-16,27,39,48,6,-86,-99,4,-7,-65,-47,28,33,-84,-12,-12,34,-17,84
1779,1,94,-93,-93,-93,-93,-93,85,85,118,-74,74,13,43,34,45,68,-6,97,-44,93,91,60,81,74,-61,48,94,-45,-59,118,-52,-85,-58,-58,-23,-53,-7,13,40,-90,114,6,-96,-74,13,9,43,118,-103,-87,8,26,-60,-43,104,25,-109,41,6,-1,77,115,-57,34
1780,1,94,-93,-93,-93,-93,-93,85,85,118,-74,74,13,43,34,45,68,-6,97,-44,93,91,60,81,74,-61,48,94,-45,-59,118,-52,-85,-58,-58,-23,-53,-7,13,40,-90,114,6,-96,-74,13,9,43,118,-103,-87,8,26,-60,-43,104,25,-109,41,6,-1,77,115,-57,34
1781,1,94,-93,-93,-93,-93,-93,85,85,118,-74,74,13,43,34,45,68,-6,97,-44,93,91,60,81,74,-61,48,94,-45,-59,118,-52,-85,-58,-58,-23,-53,-7,13,40,-90,114,6,-96,-74,13,9,43,118,-103,-87,8,26,-60,-43,104,25,-109,41,6,-1,77,115,-57,34
1782,1,-71,-71,100,100,100,100,100,125,-113,118,-74,74,13,43,34,45,68,-6,97,-44,93,91,60,81,74,-61,48,94,-45,-59,118,-52,-110,112,-118,-70,123,-65,126,34,-45,101,108,34,-88,41,-104,30,-42,-3,-37,-28,-46,11,123,-58,1,-55,68,58,70,-22,-96,72
1783,1,-71,-71,100,100,100,100,100,125,-113,118,-74,74,13,43,34,45,68,-6,97,-44,93,91,60,81,74,-61,48,94,-45,-59,118,-52,-110,112,-118,-70,123,-65,126,34,-45,101,108,34,-88,41,-104,30,-42,-3,-37,-28,-46,11,123,-58,1,-55,68,58,70,-22,-96,72
1784,1,-71,-71,100,100,100,100,100,125,-113,118,-74,74,13,43,34,45,68,-6,97,-44,93,91,60,81,74,-61,48,94,-45,-59,118,-52,-110,112,-118,-70,123,-65,126,34,-45,101,108,34,-88,41,-104,30,-42,-3,-37,-28,-46,11,123,-58,1,-55,68,58,70,-22,-96,72
1785,1,-107,-107,-107,-86,-86,-86,-86,-86,-87,-113,118,-74,74,13,43,34,45,68,-6,97,-44,93,91,60,81,74,-61,48,94,-45,-59,118,55,-119,24,-19,102,76,-90,-60,-75,-44,-61,-86,-121,-104,70,76,-49,-43,21,74,32,-120,-33,11,-127,36,69,55,-49,-101,35,-2
1786,1,-107,-107,-107,-86,-86,-86,-86,-86,-87,-113,118,-74,74,13,43,34,45,68,-6,97,-44,93,91,60,81,74,-61,48,94,-45,-59,118,55,-119,24,-19,102,76,-90,-60,-75,-44,-61,-86,-121,-104,70,76,-49,-43,21,74,32,-120,-33,11,-127,36,69,55,-49,-101,35,-2
1787,1,-107,-107,-107,-86,-86,-86,-86,-86,-87,-113,118,-74,74,13,43,34,45,68,-6,97,-44,93,91,60,81,74,-61,48,94,-45,-59,118,55,-119,24,-19,102,76,-90,-60,-75,-44,-61,-86,-121,-104,70,76,-49,-43,21,74,32,-120,-33,11,-127,36,69,55,-49,-101,35,-2
1788,1,98,98,98,98,94,94,94,94,-15,-87,-113,118,-74,74,13,43,34,45,68,-6,97,-44,93,91,60,81,74,-61,48,94,-45,-59,14,28,-63,-71,45,-17,-3,120,88,-34,48,123,54,-57,-120,-78,12,-123,-115,-107,-126,0,-100,-11,125,120,-67,21,-105,-59,-82,-39
1789,1,98,98,98,98,94,94,94,94,-15,-87,-113,118,-74,74,13,43,34,45,68,-6,97,-44,93,91,60,81,74,-61,48,94,-45,-59,14,28,-63,-71,45,-17,-3,120,88,-34,48,123,54,-57,-120,-78,12,-123,-115,-107,-126,0,-100,-11,125,120,-67,21,-105,-59,-82,-39
1790,1,98,98,98,98,94,94,94,94,-15,-87,-113,118,-74,74,13,43,34,45,68,-6,97,-44,93,91,60,81,74,-61,48,94,-45,-59,14,28,-63,-71,45,-17,-3,120,88,-34,48,123,54,-57,-120,-78,12,-123,-115,-107,-126,0,-100,-11,125,120,-67,21,-105,-59,-82,-39
1791,1,48,48,48,48,48,124,124,124,52,-15,-87,-113,118,-74,74,13,43,34,45,68,-6,97,-44,93,91,60,81,74,-61,48,94,-45,-89,62,127,-122,31,-89,-43,36,-52,-59,37,-19,-60,34,78,29,-121,50,3,-25,71,125,-61,-28,34,-29,-117,76,-23,-107,26,-93
1792,1,48,48,48,48,48,124,124,124,52,-15,-87,-113,118,-74,74,13,43,34,45,68,-6,97,-44,93,91,60,81,74,-61,48,94,-45,-89,62,127,-122,31,-89,-43,36,-52,-59,37,-19,-60,34,78,29,-121,50,3,-25,71,125,-61,-28,34,-29,-117,76,-23,-107,26,-93
1793,1,48,48,48,48,48,124,124,124,52,-15,-87,-113,118,-74,74,13,43,34,45,68,-6,97,-44,93,91,60,81,74,-61,48,94,-45,-89,62,127,-122,31,-89,-43,36,-52,-59,37,-19,-60,34,78,29,-121,50,3,-25,71,125,-61,-28,34,-29,-117,76,-23,-107,26,-93
1794,1,-14,-30,-30,-30,-30,-30,82,82,64,52,-15,-87,-113,118,-74,74,13,43,34,45,68,-6,97,-44,93,91,60,81,74,-61,48,94,44,-29,-76,-123,49,-113,43,86,84,-2,-39,127,-41,-52,70,-24,89,-22,124,89,67,-113,101,88,-54,78,76,-111,49,54,-97,-52
1795,1,-14,-30,-30,-30,-30,-30,82,82,64,52,-15,-87,-113,118,-74,74,13,43,34,45,68,-6,97,-44,93,91,60,81,74,-61,48,94,44,-29,-76,-123,49,-113,43,86,84,-2,-39,127,-41,-52,70,-24,89,-22,124,89,67,-113,101,88,-54,78,76,-111,49,54,-97,-52
1796,1,-14,-30,-30,-30,-30,-30,82,82,64,52,-15,-87,-113,118,-74,74,13,43,34,45,68,-6,97,-44,93,91,60,81,74,-61,48,94,44,-29,-76,-123,49,-113,43,86,84,-2,-39,127,-41,-52,70,-24,89,-22,124,89,67,-113,101,88,-54,78,76,-111,49,54,-97,-52
1797,1,114,114,127,127,127,127,127,37,123,64,52,-15,-87,-113,118,-74,74,13,43,34,45,68,-6,97,-44,93,91,60,81,74,-61,48,65,92,34,17,-107,123,-105,-70,-92,-64,54,-35,-98,57,-108,54,78,125,-110,74,33,82,-84,33,-28,-59,-119,62,-42,100,-117,88
1798,1,114,114,127,127,127,127,127,37,123,64,52,-15,-87,-113,118,-74,74,13,43,34,45,68,-6,97,-44,93,91,60,81,74,-61,48,65,92,34,17,-107,123,-105,-70,-92,-64,54,-35,-98,57,-108,54,78,125,-110,74,33,82,-84,33,-28,-59,-119,62,-42,100,-117,88
1799,1,114,114,127,127,127,127,127,37,123,64,52,-15,-87,-113,118,-74,74,13,43,34,45,68,-6,97,-44,93,91,60,81,74,-61,48,65,92,34,17,-107,123,-105,-70,-92,-64,54,-35,-98,57,-108,54,78,125,-110,74,33,82,-84,33,-28,-59,-119,62,-42,100,-117,88
1800,1,86,86,86,31,31,31,31,31,-69,123,64,52,-15,-87,-113,118,-74,74,13,43,34,45,68,-6,97,-44,93,91,60,81,74,-61,-83,1,-25,68,21,-33,-28,-5,115,-124,65,92,-35,-42,-33,20,-10,-10,-33,-119,-110,-93,-7,-94,-62,-100,-9,68,-36,-94,-41,-77
1801,1,86,86,86,31,31,31,31,31,-69,123,64,52,-15,-87,-113,118,-74,74,13,43,34,45,68,-6,97,-44,93,91,60,81,74,-61,-83,1,-25,68,21,-33,-28,-5,115,-124,65,92,-35,-42,-33,20,-10,-10,-33,-119,-110,-93,-7,-94,-62,-100,-9,68,-36,-94,-41,-77
1802,1,86,86,86,31,31,31,31,31,-69,123,64,52,-15,-87,-113,118,-74,74,13,43,34,45,68,-6,97,-44,93,91,60,81,74,-61,-83,1,-25,68,21,-33,-28,-5,115,-124,65,92,-35,-42,-33,20,-10,-10,-33,-119,-110,-93,-7,-94,-62,-100,-9,68,-36,-94,-41,-77
1803,1,-98,-98,-98,-98,59,59,59,59,94,-69,123,64,52,-15,-87,-113,118,-74,74,13,43,34,45,68,-6,97,-44,93,91,60,81,74,74,44,-22,77,127,-64,-64,-20,78,5,39,92,-1,104,65,44,100,-80,-64,77,-12,11,-83,-116,-21,79,-80,-86,1,-34,25,17
1804,1,-98,-98,-98,-98,59,59,59,59,94,-69,123,64,52,-15,-87,-113,118,-74,74,13,43,34,45,68,-6,97,-44,93,91,60,81,74,74,44,-22,77,127,-64,-64,-20,78,5,39,92,-1,104,65,44,100,-80,-64,77,-12,11,-83,-116,-21,79,-80,-86,1,-34,25,17
1805,1,-98,-98,-98,-98,59,59,59,59,94,-69,123,64,52,-15,-87,-113,118,-74,74,13,43,34,45,68,-6,97,-44,93,91,60,81,74,74,44,-22,77,127,-64,-64,-20,78,5,39,92,-1,104,65,44,100,-80,-64,77,-12,11,-83,-116,-21,79,-80,-86,1,-34,25,17
1806,1,-126,-126,-126,-126,-126,-49,-49,-49,-71,94,-69,123,64,52,-15,-87,-113,118,-74,74,13,43,34,45,68,-6,97,-44,93,91,60,81,45,-19,-122,-65,-127,-116,93,-79,100,24,-38,-73,58,-17,90,-34,32,17,116,107,-97,-121,32,42,-75,112,-31,100,50,-20,-15,-25
1807,1,-126,-126,-126,-126,-126,-49,-49,-49,-71,94,-69,123,64,52,-15,-87,-113,118,-74,74,13,43,34,45,68,-6,97,-44,93,91,60,81,45,-19,-122,-65,-127,-116,93,-79,100,24,-38,-73,58,-17,90,-34,32,17,116,107,-97,-121,32,42,-75,112,-31,100,50,-20,-15,-25
1808,1,-126,-126,-126,-126,-126,-49,-49,-49,-71,94,-69,123,64,52,-15,-87,-113,118,-74,74,13,43,34,45,68,-6,97,-44,93,91,60,81,45,-19,-122,-65,-127,-116,93,-79,100,24,-38,-73,58,-17,90,-34,32,17,116,107,-97,-121,32,42,-75,112,-31,100,50,-20,-15,-25
1809,1,-11,-80,-80,-80,-80,-80,0,0,-107,-71,94,-69,123,64,52,-15,-87,-113,118,-74,74,13,43,34,45,68,-6,97,-44,93,91,60,125,34,-114,-16,109,48,-122,-50,37,-19,3,-87,-83,83,-71,46,-108,38,102,-50,55,59,-27,100,-109,103,-81,-26,-77,-124,27,106
1810,1,-11,-80,-80,-80,-80,-80,0,0,-107,-71,94,-69,123,64,52,-15,-87,-113,118,-74,74,13,43,34,45,68,-6,97,-44,93,91,60,125,34,-114,-16,109,48,-122,-50,37,-19,3,-87,-83,83,-71,46,-108,38,102,-50,55,59,-27,100,-109,103,-81,-26,-77,-124,27,106
1811,1,-11,-80,-80,-80,-80,-80,0,0,-107,-71,94,-69,123,64,52,-15,-87,-113,118,-74,74,13,43,34,45,68,-6,97,-44,93,91,60,125,34,-114,-16,109,48,-122,-50,37,-19,3,-87,-83,83,-71,46,-108,38,102,-50,55,59,-27,100,-109,103,-81,-26,-77,-124,27,106
1812,1,-6,-6,-44,-44,-44,-44,-44,-54,98,-107,-71,94,-69,123,64,52,-15,-87,-113,118,-74,74,13,43,34,45,68,-6,97,-44,93,91,-51,-36,-22,104,16,101,-99,12,79,39,13,-101,-121,-122,115,87,-125,125,-100,-125,-98,65,13,23,24,-20,24,-67,-14,-110,-76,-57
1813,1,-6,-6,-44,-44,-44,-44,-44,-54,98,-107,-71,94,-69,123,64,52,-15,-87,-113,118,-74,74,13,43,34,45,68,-6,97,-44,93,91,-51,-36,-22,104,16,101,-99,12,79,39,13,-101,-121,-122,115,87,-125,125,-100,-125,-98,65,13,23,24,-20,24,-67,-14,-110,-76,-57
1814,1,-6,-6,-44,-44,-44,-44,-44,-54,98,-107,-71,94,-69,123,64,52,-15,-87,-113,118,-74,74,13,43,34,45,68,-6,97,-44,93,91,-51,-36,-22,104,16,101,-99,12,79,39,13,-101,-121,-122,115,87,-125,125,-100,-125,-98,65,13,23,24,-20,24,-67,-14,-110,-76,-57
1815,1,-96,-96,-96,118,118,118,118,118,48,98,-107,-71,94,-69,123,64,52,-15,-87,-113,118,-74,74,13,43,34,45,68,-6,97,-44,93,71,37,-86,-17,-115,47,-50,30,-88,119,-86,114,77,13,-59,-100,6,-24,116,-96,60,68,85,89,-127,41,21,20,-53,-24,55,109
1816,1,-96,-96,-96,118,118,118,118,118,48,98,-107,-71,94,-69,123,64,52,-15,-87,-113,118,-74,74,13,43,34,45,68,-6,97,-44,93,71,37,-86,-17,-115,47,-50,30,-88,119,-86,114,77,13,-59,-100,6,-24,116,-96,60,68,85,89,-127,41,21,20,-53,-24,55,109
1817,1,-96,-96,-96,118,118,118,118,118,48,98,-107,-71,94,-69,123,64,52,-15,-87,-113,118,-74,74,13,43,34,45,68,-6,97,-44,93,71,37,-86,-17,-115,47,-50,30,-88,119,-86,114,77,13,-59,-100,6,-24,116,-96,60,68,85,89,-127,41,21,20,-53,-24,55,109
1818,1,-21,-21,-21,-21,-98,-98,-98,-98,-14,48,98,-107,-71,94,-69,123,64,52,-15,-87,-113,118,-74,74,13,43,34,45,68,-6,97,-44,109,-116,-54,69,52,92,26,-19,-22,7,-23,12,-69,97,-89,87,-42,-17,-35,18,-55,-76,82,-80,-77,-107,121,73,-87,13,35,123
1819,1,-21,-21,-21,-21,-98,-98,-98,-98,-14,48,98,-107,-71,94,-69,123,64,52,-15,-87,-113,118,-74,74,13,43,34,45,68,-6,97,-44,109,-116,-54,69,52,92,26,-19,-22,7,-23,12,-69,97,-89,87,-42,-17,-35,18,-55,-76,82,-80,-77,-107,121,73,-87,13,35,123
1820,1,-21,-21,-21,-21,-98,-98,-98,-98,-14,48,98,-107,-71,94,-69,123,64,52,-15,-87,-113,118,-74,74,13,43,34,45,68,-6,97,-44,109,-116,-54,69,52,92,26,-19,-22,7,-23,12,-69,97,-89,87,-42,-17,-35,18,-55,-76,82,-80,-77,-107,121,73,-87,13,35,123
1821,1,116,116,116,116,116,22,22,22,114,-14,48,98,-107,-71,94,-69,123,64,52,-15,-87,-113,118,-74,74,13,43,34,45,68,-6,97,29,71,53,98,57,-35,-22,111,-18,11,48,-55,-8,119,-33,-87,-111,126,6,-55,-48,-19,-72,-105,-63,27,-40,-36,-56,-53,-15,-125
1822,1,116,116,116,116,116,22,22,22,114,-14,48,98,-107,-71,94,-69,123,64,52,-15,-87,-113,118,-74,74,13,43,34,45,68,-6,97,29,71,53,98,57,-35,-22,111,-18,11,48,-55,-8,119,-33,-87,-111,126,6,-55,-48,-19,-72,-105,-63,27,-40,-36,-56,-53,-15,-125
1823,1,116,116,116,116,116,22,22,22,114,-14,48,98,-107,-71,94,-69,123,64,52,-15,-87,-113,118,-74,74,13,43,34,45,68,-6,97,29,71,53,98,57,-35,-22,111,-18,11,48,-55,-8,119,-33,-87,-111,126,6,-55,-48,-19,-72,-105,-63,27,-40,-36,-56,-53,-15,-125
1824,1,-117,103,103,103,103,103,-117,-117,86,114,-14,48,98,-107,-71,94,-69,123,64,52,-15,-87,-113,118,-74,74,13,43,34,45,68,-6,-61,94,-125,-12,-8,-33,-106,78,-49,59,18,-111,24,66,-85,-120,-68,-83,100,-87,70,-105,-118,23,126,-98,-96,126,81,-69,112,-43
1825,1,-117,103,103,103,103,103,-117,-117,86,114,-14,48,98,-107,-71,94,-69,123,64,52,-15,-87,-113,118,-74,74,13,43,34,45,68,-6,-61,94,-125,-12,-8,-33,-106,78,-49,59,18,-111,24,66,-85,-120,-68,-83,100,-87,70,-105,-118,23,126,-98,-96,126,81,-69,112,-43
1826,1,-117,103,103,103,103,103,-117,-117,86,114,-14,48,98,-107,-71,94,-69,123,64,52,-15,-87,-113,118,-74,74,13,43,34,45,68,-6,-61,94,-125,-12,-8,-33,-106,78,-49,59,18,-111,24,66,-85,-120,-68,-83,100,-87,70,-105,-118,23,126,-98,-96,126,81,-69,112,-43
1827,1,61,61,-30,-30,-30,-30,-30,50,-98,86,114,-14,48,98,-107,-71,94,-69,123,64,52,-15,-87,-113,118,-74,74,13,43,34,45,68,6,-19,42,122,90,-1,64,-40,107,-38,-55,49,0,-7,-101,-14,45,-8,57,-56,24,-26,-99,72,22,-53,-122,24,-120,75,5,8
1828,1,61,61,-30,-30,-30,-30,-30,50,-98,86,114,-14,48,98,-107,-71,94,-69,123,64,52,-15,-87,-113,118,-74,74,13,43,34,45,68,6,-19,42,122,90,-1,64,-40,107,-38,-55,49,0,-7,-101,-14,45,-8,57,-56,24,-26,-99,72,22,-53,-122,24,-120,75,5,8
1829,1,61,61,-30,-30,-30,-30,-30,50,-98,86,114,-14,48,98,-107,-71,94,-69,123,64,52,-15,-87,-113,118,-74,74,13,43,34,45,68,6,-19,42,122,90,-1,64,-40,107,-38,-55,49,0,-7,-101,-14,45,-8,57,-56,24,-26,-99,72,22,-53,-122,24,-120,75,5,8
1830,1,116,116,116,-64,-64,-64,-64,-64,-126,-98,86,114,-14,48,98,-107,-71,94,-69,123,64,52,-15,-87,-113,118,-74,74,13,43,34,45,-2,-28,-25,109,22,12,-16,-107,26,-97,1,-73,15,-52,96,105,-80,100,50,-113,-3,7,15,-7,-5,-18,82,117,-6,-56,0,40
1831,1,116,116,116,-64,-64,-64,-64,-64,-126,-98,86,114,-14,48,98,-107,-71,94,-69,123,64,52,-15,-87,-113,118,-74,74,13,43,34,45,-2,-28,-25,109,22,12,-16,-107,26,-97,1,-73,15,-52,96,105,-80,100,50,-113,-3,7,15,-7,-5,-18,82,117,-6,-56,0,40
1832,1,116,116,116,-64,-64,-64,-64,-64,-126,-98,86,114,-14,48,98,-107,-71,94,-69,123,64,52,-15,-87,-113,118,-74,74,13,43,34,45,-2,-28,-25,109,22,12,-16,-107,26,-97,1,-73,15,-52,96,105,-80,100,50,-113,-3,7,15,-7,-5,-18,82,117,-6,-56,0,40
1833,1,91,91,91,91,-110,-110,-110,-110,-11,-126,-98,86,114,-14,48,98,-107,-71,94,-69,123,64,52,-15,-87,-113,118,-74,74,13,43,34,16,74,73,-62,4,36,64,54,62,110,82,-110,-53,58,86,96,55,75,-119,6,-108,-73,-31,-63,113,-61,-119,-88,-113,22,36,32
1834,1,91,91,91,91,-110,-110,-110,-110,-11,-126,-98,86,114,-14,48,98,-107,-71,94,-69,123,64,52,-15,-87,-113,118,-74,74,13,43,34,16,74,73,-62,4,36,64,54,62,110,82,-110,-53,58,86,96,55,75,-119,6,-108,-73,-31,-63,113,-61,-119,-88,-113,22,36,32
1835,1,91,91,91,91,-110,-110,-110,-110,-11,-126,-98,86,114,-14,48,98,-107,-71,94,-69,123,64,52,-15,-87,-113,118,-74,74,13,43,34,16,74,73,-62,4,36,64,54,62,110,82,-110,-53,58,86,96,55,75,-119,6,-108,-73,-31,-63,113,-61,-119,-88,-113,22,36,32
1836,1,-116,-116,-116,-116,-116,4,4,4,-6,-11,-126,-98,86,114,-14,48,98,-107,-71,94,-69,123,64,52,-15,-87,-113,118,-74,74,13,43,5,-66,-34,-53,89,64,106,-45,21,-89,71,20,-103,44,34,33,-54,121,62,105,-106,-39,-22,-2,111,-6,-99,58,55,90,-46,116
1837,1,-116,-116,-116,-116,-116,4,4,4,-6,-11,-126,-98,86,114,-14,48,98,-107,-71,94,-69,123,64,52,-15,-87,-113,118,-74,74,13,43,5,-66,-34,-53,89,64,106,-45,21,-89,71,20,-103,44,34,33,-54,121,62,105,-106,-39,-22,-2,111,-6,-99,58,55,90,-46,116
1838,1,-116,-116,-116,-116,-116,4,4,4,-6,-11,-126,-98,86,114,-14,48,98,-107,-71,94,-69,123,64,52,-15,-87,-113,118,-74,74,13,43,5,-66,-34,-53,89,64,106,-45,21,-89,71,20,-103,44,34,33,-54,121,62,105,-106,-39,-22,-2,111,-6,-99,58,55,90,-46,116
1839,1,-112,-54,-54,-54,-54,-54,14,14,-96,-6,-11,-126,-98,86,114,-14,48,98,-107,-71,94,-69,123,64,52,-15,-87,-113,118,-74,74,13,108,116,96,48,45,116,-27,-41,94,-126,-76,53,-111,-65,22,-15,-30,-43,17,-111,115,-61,124,-40,86,-93,4,24,50,-26,-100,103
1840,1,-112,-54,-54,-54,-54,-54,14,14,-96,-6,-11,-126,-98,86,114,-14,48,98,-107,-71,94,-69,123,64,52,-15,-87,-113,118,-74,74,13,108,116,96,48,45,116,-27,-41,94,-126,-76,53,-111,-65,22,-15,-30,-43,17,-111,115,-61,124,-40,86,-93,4,24,50,-26,-100,103
1841,1,-112,-54,-54,-54,-54,-54,14,14,-96,-6,-11,-126,-98,86,114,-14,48,98,-107,-71,94,-69,123,64,52,-15,-87,-113,118,-74,74,13,108,116,96,48,45,116,-27,-41,94,-126,-76,53,-111,-65,22,-15,-30,-43,17,-111,115,-61,124,-40,86,-93,4,24,50,-26,-100,103
1842,1,-6,-6,-65,-65,-65,-65,-65,24,-21,-96,-6,-11,-126,-98,86,114,-14,48,98,-107,-71,94,-69,123,64,52,-15,-87,-113,118,-74,74,44,-72,79,110,5,-117,-42,-95,61,41,-57,-116,70,42,-21,28,-72,-31,-29,63,-66,-15,30,-47,126,-3,10,15,59,-90,82,-103
1843,1,-6,-6,-65,-65,-65,-65,-65,24,-21,-96,-6,-11,-126,-98,86,114,-14,48,98,-107,-71,94,-69,123,64,52,-15,-87,-113,118,-74,74,44,-72,79,110,5,-117,-42,-95,61,41,-57,-116,70,42,-21,28,-72,-31,-29,63,-66,-15,30,-47,126,-3,10,15,59,-90,82,-103
1844,1,-6,-6,-65,-65,-65,-65,-65,24,-21,-96,-6,-11,-126,-98,86,114,-14,48,98,-107,-71,94,-69,123,64,52,-15,-87,-113,118,-74,74,44,-72,79,110,5,-117,-42,-95,61,41,-57,-116,70,42,-21,28,-72,-31,-29,63,-66,-15,30,-47,126,-3,10,15,59,-90,82,-103
1845,1,-17,-17,-17,97,97,97,97,97,116,-21,-96,-6,-11,-126,-98,86,114,-14,48,98,-107,-71,94,-69,123,64,52,-15,-87,-113,118,-74,2,62,63,-83,-58,87,-94,75,26,111,-125,-18,17,120,-85,92,-83,92,86,-12,-37,89,-4,-89,-46,-47,-87,94,99,-26,82,91
1846,1,-17,-17,-17,97,97,97,97,97,116,-21,-96,-6,-11,-126,-98,86,114,-14,48,98,-107,-71,94,-69,123,64,52,-15,-87,-113,118,-74,2,62,63,-83,-58,87,-94,75,26,111,-125,-18,17,120,-85,92,-83,92,86,-12,-37,89,-4,-89,-46,-47,-87,94,99,-26,82,91
1847,1,-17,-17,-17,97,97,97,97,97,116,-21,-96,-6,-11,-126,-98,86,114,-14,48,98,-107,-71,94,-69,123,64,52,-15,-87,-113,118,-74,2,62,63,-83,-58,87,-94,75,26,111,-125,-18,17,120,-85,92,-83,92,86,-12,-37,89,-4,-89,-46,-47,-87,94,99,-26,82,91
1848,1,-2,-2,-2,-2,11,11,11,11,-117,116,-21,-96,-6,-11,-126,-98,86,114,-14,48,98,-107,-71,94,-69,123,64,52,-15,-87,-113,118,88,-90,105,86,-49,-8,86,-109,39,-2,-18,73,3,61,58,-127,73,-117,101,-123,-110,-115,0,-70,-62,113,121,-102,-107,-47,-50,-55
1849,1,-2,-2,-2,-2,11,11,11,11,-117,116,-21,-96,-6,-11,-126,-98,86,114,-14,48,98,-107,-71,94,-69,123,64,52,-15,-87,-113,118,88,-90,105,86,-49,-8,86,-109,39,-2,-18,73,3,61,58,-127,73,-117,101,-123,-110,-115,0,-70,-62,113,121,-102,-107,-47,-50,-55
1850,1,-2,-2,-2,-2,11,11,11,11,-117,116,-21,-96,-6,-11,-126,-98,86,114,-14,48,98,-107,-71,94,-69,123,64,52,-15,-87,-113,118,88,-90,105,86,-49,-8,86,-109,39,-2,-18,73,3,61,58,-127,73,-117,101,-123,-110,-115,0,-70,-62,113,121,-102,-107,-47,-50,-55
1851,1,-28,-28,-28,-28,-28,-114,-114,-114,61,-117,116,-21,-96,-6,-11,-126,-98,86,114,-14,48,98,-107,-71,94,-69,123,64,52,-15,-87,-113,-58,-120,-82,59,-127,34,-13,-70,-79,88,-49,126,107,59,13,88,-69,-3,26,32,-92,-27,-97,-62,-117,20,-64,-64,-66,-1,-14,81
1852,1,-28,-28,-28,-28,-28,-114,-114,-114,61,-117,116,-21,-96,-6,-11,-126,-98,86,114,-14,48,98,-107,-71,94,-69,123,64,52,-15,-87,-113,-58,-120,-82,59,-127,34,-13,-70,-79,88,-49,126,107,59,13,88,-69,-3,26,32,-92,-27,-97,-62,-117,20,-64,-64,-66,-1,-14,81
1853,1,-28,-28,-28,-28,-28,-114,-114,-114,61,-117,116,-21,-96,-6,-11,-126,-98,86,114,-14,48,98,-107,-71,94,-69,123,64,52,-15,-87,-113,-58,-120,-82,59,-127,34,-13,-70,-79,88,-49,126,107,59,13,88,-69,-3,26,32,-92,-27,-97,-62,-117,20,-64,-64,-66,-1,-14,81
1854,1,-61,21,21,21,21,21,110,110,116,61,-117,116,-21,-96,-6,-11,-126,-98,86,114,-14,48,98,-107,-71,94,-69,123,64,52,-15,-87,-57,87,18,-30,-82,-116,-12,-59,38,70,87,52,-61,-121,-118,-72,-93,55,-89,110,-48,-117,-126,-43,3,-9,-14,127,-31,56,77,78
1855,1,-61,21,21,21,21,21,110,110,116,61,-117,116,-21,-96,-6,-11,-126,-98,86,114,-14,48,98,-107,-71,94,-69,123,64,52,-15,-87,-57,87,18,-30,-82,-116,-12,-59,38,70,87,52,-61,-121,-118,-72,-93,55,-89,110,-48,-117,-126,-43,3,-9,-14,127,-31,56,77,78
1856,1,-61,21,21,21,21,21,110,110,116,61,-117,116,-21,-96,-6,-11,-126,-98,86,114,-14,48,98,-107,-71,94,-69,123,64,52,-15,-87,-57,87,18,-30,-82,-116,-12,-59,38,70,87,52,-61,-121,-118,-72,-93,55,-89,110,-48,-117,-126,-43,3,-9,-14,127,-31,56,77,78
1857,1,24,24,53,53,53,53,53,-108,91,116,61,-117,116,-21,-96,-6,-11,-126,-98,86,114,-14,48,98,-107,-71,94,-69,123,64,52,-15,119,-2,4,21,-35,70,115,-122,103,85,-93,-111,102,113,125,-3,63,-12,84,-7,-41,24,105,-59,27,-22,-117,-19,92,49,46,-47
1858,1,24,24,53,53,53,53,53,-108,91,116,61,-117,116,-21,-96,-6,-11,-126,-98,86,114,-14,48,98,-107,-71,94,-69,123,64,52,-15,119,-2,4,21,-35,70,115,-122,103,85,-93,-111,102,113,125,-3,63,-12,84,-7,-41,24,105,-59,27,-22,-117,-19,92,49,46,-47
1859,1,24,24,53,53,53,53,53,-108,91,116,61,-117,116,-21,-96,-6,-11,-126,-98,86,114,-14,48,98,-107,-71,94,-69,123,64,52,-15,119,-2,4,21,-35,70,115,-122,103,85,-93,-111,102,113,125,-3,63,-12,84,-7,-41,24,105,-59,27,-22,-117,-19,92,49,46,-47
1860,1,102,102,102,8,8,8,8,8,-116,91,116,61,-117,116,-21,-96,-6,-11,-126,-98,86,114,-14,48,98,-107,-71,94,-69,123,64,52,82,-87,123,6,-95,24,83,4,117,125,-98,104,-19,-80,28,-86,15,-91,99,95,50,-56,-55,-82,24,17,16,51,-107,86,77,-82
1861,1,102,102,102,8,8,8,8,8,-116,91,116,61,-117,116,-21,-96,-6,-11,-126,-98,86,114,-14,48,98,-107,-71,94,-69,123,64,52,82,-87,123,6,-95,24,83,4,117,125,-98,104,-19,-80,28,-86,15,-91,99,95,50,-56,-55,-82,24,17,16,51,-107,86,77,-82
1862,1,102,102,102,8,8,8,8,8,-116,91,116,61,-117,116,-21,-96,-6,-11,-126,-98,86,114,-14,48,98,-107,-71,94,-69,123,64,52,82,-87,123,6,-95,24,83,4,117,125,-98,104,-19,-80,28,-86,15,-91,99,95,50,-56,-55,-82,24,17,16,51,-107,86,77,-82
1863,1,37,37,37,37,9,9,9,9,-112,-116,91,116,61,-117,116,-21,-96,-6,-11,-126,-98,86,114,-14,48,98,-107,-71,94,-69,123,64,-25,-80,110,-95,12,-59,-59,86,3,-23,110,-21,28,94,9,-44,-117,60,0,-19,-4,54,70,101,61,86,-120,-20,19,41,112,-6
1864,1,37,37,37,37,9,9,9,9,-112,-116,91,116,61,-117,116,-21,-96,-6,-11,-126,-98,86,114,-14,48,98,-107,-71,94,-69,123,64,-25,-80,110,-95,12,-59,-59,86,3,-23,110,-21,28,94,9,-44,-117,60,0,-19,-4,54,70,101,61,86,-120,-20,19,41,112,-6
1865,1,37,37,37,37,9,9,9,9,-112,-116,91,116,61,-117,116,-21,-96,-6,-11,-126,-98,86,114,-14,48,98,-107,-71,94,-69,123,64,-25,-80,110,-95,12,-59,-59,86,3,-23,110,-21,28,94,9,-44,-117,60,0,-19,-4,54,70,101,61,86,-120,-20,19,41,112,-6
1866,1,-104,-104,-104,-104,-104,-13,-13,-13,-6,-112,-116,91,116,61,-117,116,-21,-96,-6,-11,-126,-98,86,114,-14,48,98,-107,-71,94,-69,123,80,-39,2,13,13,110,50,-63,27,10,-19,49,72,56,5,-82,-72,17,-5,-38,-53,66,-9,28,-26,21,11,-63,63,-103,-114,-26
1867,1,-104,-104,-104,-104,-104,-13,-13,-13,-6,-112,-116,91,116,61,-117,116,-21,-96,-6,-11,-126,-98,86,114,-14,48,98,-107,-71,94,-69,123,80,-39,2,13,13,110,50,-63,27,10,-19,49,72,56,5,-82,-72,17,-5,-38,-53,66,-9,28,-26,21,11,-63,63,-103,-114,-26
1868,1,-104,-104,-104,-104,-104,-13,-13,-13,-6,-112,-116,91,116,61,-117,116,-21,-96,-6,-11,-126,-98,86,114,-14,48,98,-107,-71,94,-69,123,80,-39,2,13,13,110,50,-63,27,10,-19,49,72,56,5,-82,-72,17,-5,-38,-53,66,-9,28,-26,21,11,-63,63,-103,-114,-26
1869,1,31,-89,-89,-89,-89,-89,127,127,-17,-6,-112,-116,91,116,61,-117,116,-21,-96,-6,-11,-126,-98,86,114,-14,48,98,-107,-71,94,-69,-18,3,126,114,-108,-101,62,23,-48,46,-103,-105,-44,-10,119,-78,124,-85,0,101,-86,-72,-64,37,-31,120,-96,-46,-12,-67,-66,43
1870,1,31,-89,-89,-89,-89,-89,127,127,-17,-6,-112,-116,91,116,61,-117,116,-21,-96,-6,-11,-126,-98,86,114,-14,48,98,-107,-71,94,-69,-18,3,126,114,-108,-101,62,23,-48,46,-103,-105,-44,-10,119,-78,124,-85,0,101,-86,-72,-64,37,-31,120,-96,-46,-12,-67,-66,43
1871,1,31,-89,-89,-89,-89,-89,127,127,-17,-6,-112,-116,91,116,61,-117,116,-21,-96,-6,-11,-126,-98,86,114,-14,48,98,-107,-71,94,-69,-18,3,126,114,-108,-101,62,23,-48,46,-103,-105,-44,-10,119,-78,124,-85,0,101,-86,-72,-64,37,-31,120,-96,-46,-12,-67,-66,43
1872,1,15,15,70,70,70,70,70,112,-2,-17,-6,-112,-116,91,116,61,-117,116,-21,-96,-6,-11,-126,-98,86,114,-14,48,98,-107,-71,94,17,-67,48,-20,90,51,-15,-113,97,-52,103,102,71,-79,-94,3,-83,-64,-72,-60,-84,-108,-20,-66,84,-15,108,-81,61,-34,-113,71
1873,1,15,15,70,70,70,70,70,112,-2,-17,-6,-112,-116,91,116,61,-117,116,-21,-96,-6,-11,-126,-98,86,114,-14,48,98,-107,-71,94,17,-67,48,-20,90,51,-15,-113,97,-52,103,102,71,-79,-94,3,-83,-64,-72,-60,-84,-108,-20,-66,84,-15,108,-81,61,-34,-113,71
1874,1,15,15,70,70,70,70,70,112,-2,-17,-6,-112,-116,91,116,61,-117,116,-21,-96,-6,-11,-126,-98,86,114,-14,48,98,-107,-71,94,17,-67,48,-20,90,51,-15,-113,97,-52,103,102,71,-79,-94,3,-83,-64,-72,-60,-84,-108,-20,-66,84,-15,108,-81,61,-34,-113,71
1875,1,-72,-72,-72,16,16,16,16,16,-28,-2,-17,-6,-112,-116,91,116,61,-117,116,-21,-96,-6,-11,-126,-98,86,114,-14,48,98,-107,-71,120,-121,115,-105,-70,-98,-63,-76,89,51,-62,-11,-88,-24,115,-52,117,-81,115,-48,37,-15,-103,96,-54,77,-4,-87,-66,-36,15,22
1876,1,-72,-72,-72,16,16,16,16,16,-28,-2,-17,-6,-112,-116,91,116,61,-117,116,-21,-96,-6,-11,-126,-98,86,114,-14,48,98,-107,-71,120,-121,115,-105,-70,-98,-63,-76,89,51,-62,-11,-88,-24,115,-52,117,-81,115,-48,37,-15,-103,96,-54,77,-4,-87,-66,-36,15,22
1877,1,-72,-72,-72,16,16,16,16,16,-28,-2,-17,-6,-112,-116,91,116,61,-117,116,-21,-96,-6,-11,-126,-98,86,114,-14,48,98,-107,-71,120,-121,115,-105,-70,-98,-63,-76,89,51,-62,-11,-88,-24,115,-52,117,-81,115,-48,37,-15,-103,96,-54,77,-4,-87,-66,-36,15,22
1878,1,-2,-2,-2,-2,-42,-42,-42,-42,-61,-28,-2,-17,-6,-112,-116,91,116,61,-117,116,-21,-96,-6,-11,-126,-98,86,114,-14,48,98,-107,-4,-83,-28,-63,113,-98,23,-36,-66,-32,-105,89,-70,26,-61,-100,-46,-38,-103,96,5,-119,-65,-5,27,61,-100,11,105,11,-18,-66
1879,1,-2,-2,-2,-2,-42,-42,-42,-42,-61,-28,-2,-17,-6,-112,-116,91,116,61,-117,116,-21,-96,-6,-11,-126,-98,86,114,-14,48,98,-107,-4,-83,-28,-63,113,-98,23,-36,-66,-32,-105,89,-70,26,-61,-100,-46,-38,-103,96,5,-119,-65,-5,27,61,-100,11,105,11,-18,-66
1880,1,-2,-2,-2,-2,-42,-42,-42,-42,-61,-28,-2,-17,-6,-112,-116,91,116,61,-117,116,-21,-96,-6,-11,-126,-98,86,114,-14,48,98,-107,-4,-83,-28,-63,113,-98,23,-36,-66,-32,-105,89,-70,26,-61,-100,-46,-38,-103,96,5,-119,-65,-5,27,61,-100,11,105,11,-18,-66
1881,1,-77,-77,-77,-77,-77,-103,-103,-103,24,-61,-28,-2,-17,-6,-112,-116,91,116,61,-117,116,-21,-96,-6,-11,-126,-98,86,114,-14,48,98,-91,-76,39,-86,99,-60,-21,-18,-82,121,50,-121,-83,-26,54,-48,38,66,124,-27,24,72,-115,-83,11,101,9,-103,-123,8,-87,-27
1882,1,-77,-77,-77,-77,-77,-103,-103,-103,24,-61,-28,-2,-17,-6,-112,-116,91,116,61,-117,116,-21,-96,-6,-11,-126,-98,86,114,-14,48,98,-91,-76,39,-86,99,-60,-21,-18,-82,121,50,-121,-83,-26,54,-48,38,66,124,-27,24,72,-115,-83,11,101,9,-103,-123,8,-87,-27
1883,1,-77,-77,-77,-77,-77,-103,-103,-103,24,-61,-28,-2,-17,-6,-112,-116,91,116,61,-117,116,-21,-96,-6,-11,-126,-98,86,114,-14,48,98,-91,-76,39,-86,99,-60,-21,-18,-82,121,50,-121,-83,-26,54,-48,38,66,124,-27,24,72,-115,-83,11,101,9,-103,-123,8,-87,-27
1884,1,-44,-25,-25,-25,-25,-25,-38,-38,102,24,-61,-28,-2,-17,-6,-112,-116,91,116,61,-117,116,-21,-96,-6,-11,-126,-98,86,114,-14,48,94,-39,-31,51,-9,-118,84,-35,34,67,-104,-80,126,-96,-114,29,-118,97,124,56,-109,-25,83,-4,-100,-46,-69,-28,-25,6,-5,-79
1885,1,-44,-25,-25,-25,-25,-25,-38,-38,102,24,-61,-28,-2,-17,-6,-112,-116,91,116,61,-117,116,-21,-96,-6,-11,-126,-98,86,114,-14,48,94,-39,-31,51,-9,-118,84,-35,34,67,-104,-80,126,-96,-114,29,-118,97,124,56,-109,-25,83,-4,-100,-46,-69,-28,-25,6,-5,-79
1886,1,-44,-25,-25,-25,-25,-25,-38,-38,102,24,-61,-28,-2,-17,-6,-112,-116,91,116,61,-117,116,-21,-96,-6,-11,-126,-98,86,114,-14,48,94,-39,-31,51,-9,-118,84,-35,34,67,-104,-80,126,-96,-114,29,-118,97,124,56,-109,-25,83,-4,-100,-46,-69,-28,-25,6,-5,-79
1887,1,16,16,13,13,13,13,13,-98,37,102,24,-61,-28,-2,-17,-6,-112,-116,91,116,61,-117,116,-21,-96,-6,-11,-126,-98,86,114,-14,113,79,-41,-21,-92,-95,-29,-45,-55,-101,-75,-123,-68,77,51,79,-114,91,-53,15,-114,68,-61,20,51,-42,-53,-87,-38,-32,21,-14
1888,1,16,16,13,13,13,13,13,-98,37,102,24,-61,-28,-2,-17,-6,-112,-116,91,116,61,-117,116,-21,-96,-6,-11,-126,-98,86,114,-14,113,79,-41,-21,-92,-95,-29,-45,-55,-101,-75,-123,-68,77,51,79,-114,91,-53,15,-114,68,-61,20,51,-42,-53,-87,-38,-32,21,-14
1889,1,16,16,13,13,13,13,13,-98,37,102,24,-61,-28,-2,-17,-6,-112,-116,91,116,61,-117,116,-21,-96,-6,-11,-126,-98,86,114,-14,113,79,-41,-21,-92,-95,-29,-45,-55,-101,-75,-123,-68,77,51,79,-114,91,-53,15,-114,68,-61,20,51,-42,-53,-87,-38,-32,21,-14
1890,1,-38,-38,-38,37,37,37,37,37,-104,37,102,24,-61,-28,-2,-17,-6,-112,-116,91,116,61,-117,116,-21,-96,-6,-11,-126,-98,86,114,115,33,-26,59,118,-64,-95,-12,-21,-58,64,-34,83,-114,-51,-121,-6,-121,111,51,-119,-33,8,-106,82,50,-28,-63,14,10,71,78
1891,1,-38,-38,-38,37,37,37,37,37,-104,37,102,24,-61,-28,-2,-17,-6,-112,-116,91,116,61,-117,116,-21,-96,-6,-11,-126,-98,86,114,115,33,-26,59,118,-64,-95,-12,-21,-58,64,-34,83,-114,-51,-121,-6,-121,111,51,-119,-33,8,-106,82,50,-28,-63,14,10,71,78
1892,1,-38,-38,-38,37,37,37,37,37,-104,37,102,24,-61,-28,-2,-17,-6,-112,-116,91,116,61,-117,116,-21,-96,-6,-11,-126,-98,86,114,115,33,-26,59,118,-64,-95,-12,-21,-58,64,-34,83,-114,-51,-121,-6,-121,111,51,-119,-33,8,-106,82,50,-28,-63,14,10,71,78
1893,1,81,81,81,81,-31,-31,-31,-31,31,-104,37,102,24,-61,-28,-2,-17,-6,-112,-116,91,116,61,-117,116,-21,-96,-6,-11,-126,-98,86,-20,109,-28,-12,75,104,-83,74,-74,2,-70,-77,-21,78,-37,89,-65,-79,-114,90,50,-93,67,2,20,-36,117,50,16,119,-82,-76
1894,1,81,81,81,81,-31,-31,-31,-31,31,-104,37,102,24,-61,-28,-2,-17,-6,-112,-116,91,116,61,-117,116,-21,-96,-6,-11,-126,-98,86,-20,109,-28,-12,75,104,-83,74,-74,2,-70,-77,-21,78,-37,89,-65,-79,-114,90,50,-93,67,2,20,-36,117,50,16,119,-82,-76
1895,1,81,81,81,81,-31,-31,-31,-31,31,-104,37,102,24,-61,-28,-2,-17,-6,-112,-116,91,116,61,-117,116,-21,-96,-6,-11,-126,-98,86,-20,109,-28,-12,75,104,-83,74,-74,2,-70,-77,-21,78,-37,89,-65,-79,-114,90,50,-93,67,2,20,-36,117,50,16,119,-82,-76
1896,1,-104,-104,-104,-104,-104,86,86,86,15,31,-104,37,102,24,-61,-28,-2,-17,-6,-112,-116,91,116,61,-117,116,-21,-96,-6,-11,-126,-98,102,-83,-1,-103,-34,36,-84,11,102,86,122,-30,-120,-102,44,70,70,92,24,56,5,-83,23,115,20,27,-86,20,-53,-64,-115,48
1897,1,-104,-104,-104,-104,-104,86,86,86,15,31,-104,37,102,24,-61,-28,-2,-17,-6,-112,-116,91,116,61,-117,116,-21,-96,-6,-11,-126,-98,102,-83,-1,-103,-34,36,-84,11,102,86,122,-30,-120,-102,44,70,70,92,24,56,5,-83,23,115,20,27,-86,20,-53,-64,-115,48
1898,1,-104,-104,-104,-104,-104,86,86,86,15,31,-104,37,102,24,-61,-28,-2,-17,-6,-112,-116,91,116,61,-117,116,-21,-96,-6,-11,-126,-98,102,-83,-1,-103,-34,36,-84,11,102,86,122,-30,-120,-102,44,70,70,92,24,56,5,-83,23,115,20,27,-86,20,-53,-64,-115,48
1899,1,-45,107,107,107,107,107,65,65,-72,15,31,-104,37,102,24,-61,-28,-2,-17,-6,-112,-116,91,116,61,-117,116,-21,-96,-6,-11,-126,114,59,8,42,-66,124,-34,67,-64,-10,-82,70,120,-36,-123,-46,-11,10,-50,117,80,-1,-58,52,89,70,-5,73,125,-65,-109,83
1900,1,-45,107,107,107,107,107,65,65,-72,15,31,-104,37,102,24,-61,-28,-2,-17,-6,-112,-116,91,116,61,-117,116,-21,-96,-6,-11,-126,114,59,8,42,-66,124,-34,67,-64,-10,-82,70,120,-36,-123,-46,-11,10,-50,117,80,-1,-58,52,89,70,-5,73,125,-65,-109,83
1901,1,-45,107,107,107,107,107,65,65,-72,15,31,-104,37,102,24,-61,-28,-2,-17,-6,-112,-116,91,116,61,-117,116,-21,-96,-6,-11,-126,114,59,8,42,-66,124,-34,67,-64,-10,-82,70,120,-36,-123,-46,-11,10,-50,117,80,-1,-58,52,89,70,-5,73,125,-65,-109,83
1902,1,77,77,-81,-81,-81,-81,-81,-91,-2,-72,15,31,-104,37,102,24,-61,-28,-2,-17,-6,-112,-116,91,116,61,-117,116,-21,-96,-6,-11,106,-10,-106,-97,-94,-12,-73,-106,-28,112,-59,-82,-54,9,-66,-46,-119,-69,-56,38,9,102,27,9,-117,41,-65,89,38,-86,123,-123
1903,1,77,77,-81,-81,-81,-81,-81,-91,-2,-72,15,31,-104,37,102,24,-61,-28,-2,-17,-6,-112,-116,91,116,61,-117,116,-21,-96,-6,-11,106,-10,-106,-97,-94,-12,-73,-106,-28,112,-59,-82,-54,9,-66,-46,-119,-69,-56,38,9,102,27,9,-117,41,-65,89,38,-86,123,-123
1904,1,77,77,-81,-81,-81,-81,-81,-91,-2,-72,15,31,-104,37,102,24,-61,-28,-2,-17,-6,-112,-116,91,116,61,-117,116,-21,-96,-6,-11,106,-10,-106,-97,-94,-12,-73,-106,-28,112,-59,-82,-54,9,-66,-46,-119,-69,-56,38,9,102,27,9,-117,41,-65,89,38,-86,123,-123
1905,1,10,10,10,113,113,113,113,113,-77,-2,-72,15,31,-104,37,102,24,-61,-28,-2,-17,-6,-112,-116,91,116,61,-117,116,-21,-96,-6,-81,-39,-105,-77,-27,-97,37,-80,-28,-26,-27,-46,72,-14,-117,-32,49,-6,-88,-75,-36,-95,-115,-86,68,95,51,-7,-97,34,-98,32
1906,1,10,10,10,113,113,113,113,113,-77,-2,-72,15,31,-104,37,102,24,-61,-28,-2,-17,-6,-112,-116,91,116,61,-117,116,-21,-96,-6,-81,-39,-105,-77,-27,-97,37,-80,-28,-26,-27,-46,72,-14,-117,-32,49,-6,-88,-75,-36,-95,-115,-86,68,95,51,-7,-97,34,-98,32
1907,1,10,10,10,113,113,113,113,113,-77,-2,-72,15,31,-104,37,102,24,-61,-28,-2,-17,-6,-112,-116,91,116,61,-117,116,-21,-96,-6,-81,-39,-105,-77,-27,-97,37,-80,-28,-26,-27,-46,72,-14,-117,-32,49,-6,-88,-75,-36,-95,-115,-86,68,95,51,-7,-97,34,-98,32
1908,1,-59,-59,-59,-59,117,117,117,117,-44,-77,-2,-72,15,31,-104,37,102,24,-61,-28,-2,-17,-6,-112,-116,91,116,61,-117,116,-21,-96,-36,-123,-75,-18,-62,-89,-127,30,-59,-110,-106,42,-33,45,-78,38,120,-17,-75,89,48,29,-95,-9,-16,-16,-1,-83,101,-69,111,46
1909,1,-59,-59,-59,-59,117,117,117,117,-44,-77,-2,-72,15,31,-104,37,102,24,-61,-28,-2,-17,-6,-112,-116,91,116,61,-117,116,-21,-96,-36,-123,-75,-18,-62,-89,-127,30,-59,-110,-106,42,-33,45,-78,38,120,-17,-75,89,48,29,-95,-9,-16,-16,-1,-83,101,-69,111,46
1910,1,-59,-59,-59,-59,117,117,117,117,-44,-77,-2,-72,15,31,-104,37,102,24,-61,-28,-2,-17,-6,-112,-116,91,116,61,-117,116,-21,-96,-36,-123,-75,-18,-62,-89,-127,30,-59,-110,-106,42,-33,45,-78,38,120,-17,-75,89,48,29,-95,-9,-16,-16,-1,-83,101,-69,111,46
1911,1,-8,-8,-8,-8,-8,-110,-110,-110,16,-44,-77,-2,-72,15,31,-104,37,102,24,-61,-28,-2,-17,-6,-112,-116,91,116,61,-117,116,-21,107,-40,-75,-14,67,-99,117,-68,71,-58,-68,-72,-44,61,-120,-36,4,-126,-38,88,-5,122,125,79,110,103,-77,-71,-1,94,-23,75
1912,1,-8,-8,-8,-8,-8,-110,-110,-110,16,-44,-77,-2,-72,15,31,-104,37,102,24,-61,-28,-2,-17,-6,-112,-116,91,116,61,-117,116,-21,107,-40,-75,-14,67,-99,117,-68,71,-58,-68,-72,-44,61,-120,-36,4,-126,-38,88,-5,122,125,79,110,103,-77,-71,-1,94,-23,75
1913,1,-8,-8,-8,-8,-8,-110,-110,-110,16,-44,-77,-2,-72,15,31,-104,37,102,24,-61,-28,-2,-17,-6,-112,-116,91,116,61,-117,116,-21,107,-40,-75,-14,67,-99,117,-68,71,-58,-68,-72,-44,61,-120,-36,4,-126,-38,88,-5,122,125,79,110,103,-77,-71,-1,94,-23,75
1914,1,90,-88,-88,-88,-88,-88,21,21,-38,16,-44,-77,-2,-72,15,31,-104,37,102,24,-61,-28,-2,-17,-6,-112,-116,91,116,61,-117,116,-3,-18,-62,-13,-40,-30,93,88,-102,-55,-51,98,-10,-109,-49,79,-67,18,-49,-114,112,36,-36,-36,111,94,-119,-72,-98,119,-121,41
1915,1,90,-88,-88,-88,-88,-88,21,21,-38,16,-44,-77,-2,-72,15,31,-104,37,102,24,-61,-28,-2,-17,-6,-112,-116,91,116,61,-117,116,-3,-18,-62,-13,-40,-30,93,88,-102,-55,-51,98,-10,-109,-49,79,-67,18,-49,-114,112,36,-36,-36,111,94,-119,-72,-98,119,-121,41
1916,1,90,-88,-88,-88,-88,-88,21,21,-38,16,-44,-77,-2,-72,15,31,-104,37,102,24,-61,-28,-2,-17,-6,-112,-116,91,116,61,-117,116,-3,-18,-62,-13,-40,-30,93,88,-102,-55,-51,98,-10,-109,-49,79,-67,18,-49,-114,112,36,-36,-36,111,94,-119,-72,-98,119,-121,41
1917,1,-80,-80,127,127,127,127,127,52,81,-38,16,-44,-77,-2,-72,15,31,-104,37,102,24,-61,-28,-2,-17,-6,-112,-116,91,116,61,-117,-70,-12,-57,-32,14,59,0,117,29,-37,-29,62,49,-85,60,79,92,-64,-94,-89,125,-59,-74,-101,-38,62,71,-42,27,10,-9,6
1918,1,-80,-80,127,127,127,127,127,52,81,-38,16,-44,-77,-2,-72,15,31,-104,37,102,24,-61,-28,-2,-17,-6,-112,-116,91,116,61,-117,-70,-12,-57,-32,14,59,0,117,29,-37,-29,62,49,-85,60,79,92,-64,-94,-89,125,-59,-74,-101,-38,62,71,-42,27,10,-9,6
1919,1,-80,-80,127,127,127,127,127,52,81,-38,16,-44,-77,-2,-72,15,31,-104,37,102,24,-61,-28,-2,-17,-6,-112,-116,91,116,61,-117,-70,-12,-57,-32,14,59,0,117,29,-37,-29,62,49,-85,60,79,92,-64,-94,-89,125,-59,-74,-101,-38,62,71,-42,27,10,-9,6
1920,1,107,107,107,-1,-1,-1,-1,-1,-104,81,-38,16,-44,-77,-2,-72,15,31,-104,37,102,24,-61,-28,-2,-17,-6,-112,-116,91,116,61,18,109,-74,79,-78,73,-60,-84,-52,-14,81,-117,-64,17,-87,100,-11,-9,-66,88,-127,60,10,22,76,31,4,-57,3,-29,0,-4
1921,1,107,107,107,-1,-1,-1,-1,-1,-104,81,-38,16,-44,-77,-2,-72,15,31,-104,37,102,24,-61,-28,-2,-17,-6,-112,-116,91,116,61,18,109,-74,79,-78,73,-60,-84,-52,-14,81,-117,-64,17,-87,100,-11,-9,-66,88,-127,60,10,22,76,31,4,-57,3,-29,0,-4
1922,1,107,107,107,-1,-1,-1,-1,-1,-104,81,-38,16,-44,-77,-2,-72,15,31,-104,37,102,24,-61,-28,-2,-17,-6,-112,-116,91,116,61,18,109,-74,79,-78,73,-60,-84,-52,-14,81,-117,-64,17,-87,100,-11,-9,-66,88,-127,60,10,22,76,31,4,-57,3,-29,0,-4
1923,1,6,6,6,6,-99,-99,-99,-99,-45,-104,81,-38,16,-44,-77,-2,-72,15,31,-104,37,102,24,-61,-28,-2,-17,-6,-112,-116,91,116,98,-96,-77,-29,-7,-30,38,126,111,-127,-80,-30,103,-64,-104,-113,27,43,127,-30,-30,61,34,-1,11,-17,19,5,27,-17,4,72
1924,1,6,6,6,6,-99,-99,-99,-99,-45,-104,81,-38,16,-44,-77,-2,-72,15,31,-104,37,102,24,-61,-28,-2,-17,-6,-112,-116,91,116,98,-96,-77,-29,-7,-30,38,126,111,-127,-80,-30,103,-64,-104,-113,27,43,127,-30,-30,61,34,-1,11,-17,19,5,27,-17,4,72
1925,1,6,6,6,6,-99,-99,-99,-99,-45,-104,81,-38,16,-44,-77,-2,-72,15,31,-104,37,102,24,-61,-28,-2,-17,-6,-112,-116,91,116,98,-96,-77,-29,-7,-30,38,126,111,-127,-80,-30,103,-64,-104,-113,27,43,127,-30,-30,61,34,-1,11,-17,19,5,27,-17,4,72
1926,1,-65,-65,-65,-65,-65,6,6,6,77,-45,-104,81,-38,16,-44,-77,-2,-72,15,31,-104,37,102,24,-61,-28,-2,-17,-6,-112,-116,91,80,-56,-43,-21,-17,-59,-6,20,8,43,-103,-59,-110,4,-60,-69,1,-9,45,69,-98,-36,-10,54,96,-29,108,8,-79,-7,-44,125
1927,1,-65,-65,-65,-65,-65,6,6,6,77,-45,-104,81,-38,16,-44,-77,-2,-72,15,31,-104,37,102,24,-61,-28,-2,-17,-6,-112,-116,91,80,-56,-43,-21,-17,-59,-6,20,8,43,-103,-59,-110,4,-60,-69,1,-9,45,69,-98,-36,-10,54,96,-29,108,8,-79,-7,-44,125
1928,1,-65,-65,-65,-65,-65,6,6,6,77,-45,-104,81,-38,16,-44,-77,-2,-72,15,31,-104,37,102,24,-61,-28,-2,-17,-6,-112,-116,91,80,-56,-43,-21,-17,-59,-6,20,8,43,-103,-59,-110,4,-60,-69,1,-9,45,69,-98,-36,-10,54,96,-29,108,8,-79,-7,-44,125
1929,1,-17,96,96,96,96,96,9,9,10,77,-45,-104,81,-38,16,-44,-77,-2,-72,15,31,-104,37,102,24,-61,-28,-2,-17,-6,-112,-116,-68,-37,-99,113,111,103,123,17,85,-76,52,103,-100,36,121,118,-27,-99,-108,-107,-117,68,-99,-12,-117,93,116,-85,109,-68,74,15
1930,1,-17,96,96,96,96,96,9,9,10,77,-45,-104,81,-38,16,-44,-77,-2,-72,15,31,-104,37,102,24,-61,-28,-2,-17,-6,-112,-116,-68,-37,-99,113,111,103,123,17,85,-76,52,103,-100,36,121,118,-27,-99,-108,-107,-117,68,-99,-12,-117,93,116,-85,109,-68,74,15
1931,1,-17,96,96,96,96,96,9,9,10,77,-45,-104,81,-38,16,-44,-77,-2,-72,15,31,-104,37,102,24,-61,-28,-2,-17,-6,-112,-116,-68,-37,-99,113,111,103,123,17,85,-76,52,103,-100,36,121,118,-27,-99,-108,-107,-117,68,-99,-12,-117,93,116,-85,109,-68,74,15
1932,1,-21,-21,44,44,44,44,44,118,-59,10,77,-45,-104,81,-38,16,-44,-77,-2,-72,15,31,-104,37,102,24,-61,-28,-2,-17,-6,-112,-41,87,118,111,-114,74,83,38,102,-23,89,90,16,-97,45,-112,67,79,-58,23,80,57,-49,-28,43,76,93,125,96,64,64,-15
1933,1,-21,-21,44,44,44,44,44,118,-59,10,77,-45,-104,81,-38,16,-44,-77,-2,-72,15,31,-104,37,102,24,-61,-28,-2,-17,-6,-112,-41,87,118,111,-114,74,83,38,102,-23,89,90,16,-97,45,-112,67,79,-58,23,80,57,-49,-28,43,76,93,125,96,64,64,-15
1934,1,-21,-21,44,44,44,44,44,118,-59,10,77,-45,-104,81,-38,16,-44,-77,-2,-72,15,31,-104,37,102,24,-61,-28,-2,-17,-6,-112,-41,87,118,111,-114,74,83,38,102,-23,89,90,16,-97,45,-112,67,79,-58,23,80,57,-49,-28,43,76,93,125,96,64,64,-15
1935,1,126,126,126,-14,-14,-14,-14,-14,-8,-59,10,77,-45,-104,81,-38,16,-44,-77,-2,-72,15,31,-104,37,102,24,-61,-28,-2,-17,-6,127,7,28,-3,-63,51,-64,-106,125,110,-70,75,84,-101,-108,-39,-6,106,-3,66,-84,83,-22,-71,-60,-75,27,-104,31,-6,9,75
1936,1,126,126,126,-14,-14,-14,-14,-14,-8,-59,10,77,-45,-104,81,-38,16,-44,-77,-2,-72,15,31,-104,37,102,24,-61,-28,-2,-17,-6,127,7,28,-3,-63,51,-64,-106,125,110,-70,75,84,-101,-108,-39,-6,106,-3,66,-84,83,-22,-71,-60,-75,27,-104,31,-6,9,75
1937,1,126,126,126,-14,-14,-14,-14,-14,-8,-59,10,77,-45,-104,81,-38,16,-44,-77,-2,-72,15,31,-104,37,102,24,-61,-28,-2,-17,-6,127,7,28,-3,-63,51,-64,-106,125,110,-70,75,84,-101,-108,-39,-6,106,-3,66,-84,83,-22,-71,-60,-75,27,-104,31,-6,9,75
1938,1,-55,-55,-55,-55,12,12,12,12,90,-8,-59,10,77,-45,-104,81,-38,16,-44,-77,-2,-72,15,31,-104,37,102,24,-61,-28,-2,-17,-71,46,79,-71,94,59,-96,84,22,-68,18,124,-67,-120,-38,127,-68,22,-122,-111,72,60,106,10,10,-108,52,49,-123,41,43,-2
1939,1,-55,-55,-55,-55,12,12,12,12,90,-8,-59,10,77,-45,-104,81,-38,16,-44,-77,-2,-72,15,31,-104,37,102,24,-61,-28,-2,-17,-71,46,79,-71,94,59,-96,84,22,-68,18,124,-67,-120,-38,127,-68,22,-122,-111,72,60,106,10,10,-108,52,49,-123,41,43,-2
1940,1,-55,-55,-55,-55,12,12,12,12,90,-8,-59,10,77,-45,-104,81,-38,16,-44,-77,-2,-72,15,31,-104,37,102,24,-61,-28,-2,-17,-71,46,79,-71,94,59,-96,84,22,-68,18,124,-67,-120,-38,127,-68,22,-122,-111,72,60,106,10,10,-108,52,49,-123,41,43,-2
1941,1,33,33,33,33,33,-15,-15,-15,-80,90,-8,-59,10,77,-45,-104,81,-38,16,-44,-77,-2,-72,15,31,-104,37,102,24,-61,-28,-2,76,-83,54,7,80,14,-114,-58,88,-113,4,-28,-68,14,13,43,-122,-122,-85,111,19,58,-45,-37,-74,12,-68,-66,107,45,43,100
1942,1,33,33,33,33,33,-15,-15,-15,-80,90,-8,-59,10,77,-45,-104,81,-38,16,-44,-77,-2,-72,15,31,-104,37,102,24,-61,-28,-2,76,-83,54,7,80,14,-114,-58,88,-113,4,-28,-68,14,13,43,-122,-122,-85,111,19,58,-45,-37,-74,12,-68,-66,107,45,43,100
1943,1,33,33,33,33,33,-15,-15,-15,-80,90,-8,-59,10,77,-45,-104,81,-38,16,-44,-77,-2,-72,15,31,-104,37,102,24,-61,-28,-2,76,-83,54,7,80,14,-114,-58,88,-113,4,-28,-68,14,13,43,-122,-122,-85,111,19,58,-45,-37,-74,12,-68,-66,107,45,43,100
1944,1,-109,47,47,47,47,47,23,23,107,-80,90,-8,-59,10,77,-45,-104,81,-38,16,-44,-77,-2,-72,15,31,-104,37,102,24,-61,-28,61,112,-35,-56,97,103,-51,38,-14,61,58,-73,-10,-121,-30,52,-104,12,76,74,94,66,-74,-15,96,-122,-75,28,-120,68,-64,-95
1945,1,-109,47,47,47,47,47,23,23,107,-80,90,-8,-59,10,77,-45,-104,81,-38,16,-44,-77,-2,-72,15,31,-104,37,102,24,-61,-28,61,112,-35,-56,97,103,-51,38,-14,61,58,-73,-10,-121,-30,52,-104,12,76,74,94,66,-74,-15,96,-122,-75,28,-120,68,-64,-95
1946,1,-109,47,47,47,47,47,23,23,107,-80,90,-8,-59,10,77,-45,-104,81,-38,16,-44,-77,-2,-72,15,31,-104,37,102,24,-61,-28,61,112,-35,-56,97,103,-51,38,-14,61,58,-73,-10,-121,-30,52,-104,12,76,74,94,66,-74,-15,96,-122,-75,28,-120,68,-64,-95
1947,1,118,118,-27,-27,-27,-27,-27,-19,6,107,-80,90,-8,-59,10,77,-45,-104,81,-38,16,-44,-77,-2,-72,15,31,-104,37,102,24,-61,78,64,-93,-24,62,-119,25,112,87,40,22,-30,17,75,4,-16,-11,-71,122,100,-73,106,-96,95,77,-30,22,109,-78,-79,-116,-114
1948,1,118,118,-27,-27,-27,-27,-27,-19,6,107,-80,90,-8,-59,10,77,-45,-104,81,-38,16,-44,-77,-2,-72,15,31,-104,37,102,24,-61,78,64,-93,-24,62,-119,25,112,87,40,22,-30,17,75,4,-16,-11,-71,122,100,-73,106,-96,95,77,-30,22,109,-78,-79,-116,-114
1949,1,118,118,-27,-27,-27,-27,-27,-19,6,107,-80,90,-8,-59,10,77,-45,-104,81,-38,16,-44,-77,-2,-72,15,31,-104,37,102,24,-61,78,64,-93,-24,62,-119,25,112,87,40,22,-30,17,75,4,-16,-11,-71,122,100,-73,106,-96,95,77,-30,22,109,-78,-79,-116,-114
1950,1,-10,-10,-10,-114,-114,-114,-114,-114,-65,6,107,-80,90,-8,-59,10,77,-45,-104,81,-38,16,-44,-77,-2,-72,15,31,-104,37,102,24,-102,3,63,46,55,104,-103,-63,43,-115,71,67,-18,-84,-35,-105,-61,65,-124,46,102,64,125,-98,-66,107,-95,-102,5,-9,126,-83
1951,1,-10,-10,-10,-114,-114,-114,-114,-114,-65,6,107,-80,90,-8,-59,10,77,-45,-104,81,-38,16,-44,-77,-2,-72,15,31,-104,37,102,24,-102,3,63,46,55,104,-103,-63,43,-115,71,67,-18,-84,-35,-105,-61,65,-124,46,102,64,125,-98,-66,107,-95,-102,5,-9,126,-83
1952,1,-10,-10,-10,-114,-114,-114,-114,-114,-65,6,107,-80,90,-8,-59,10,77,-45,-104,81,-38,16,-44,-77,-2,-72,15,31,-104,37,102,24,-102,3,63,46,55,104,-103,-63,43,-115,71,67,-18,-84,-35,-105,-61,65,-124,46,102,64,125,-98,-66,107,-95,-102,5,-9,126,-83
1953,1,-106,-106,-106,-106,-30,-30,-30,-30,-17,-65,6,107,-80,90,-8,-59,10,77,-45,-104,81,-38,16,-44,-77,-2,-72,15,31,-104,37,102,-63,-115,-3,18,12,32,111,31,-120,-51,-79,118,-26,9,41,106,-98,-26,-34,-123,51,55,-51,64,64,51,-30,-106,-95,126,-39,120
1954,1,-106,-106,-106,-106,-30,-30,-30,-30,-17,-65,6,107,-80,90,-8,-59,10,77,-45,-104,81,-38,16,-44,-77,-2,-72,15,31,-104,37,102,-63,-115,-3,18,12,32,111,31,-120,-51,-79,118,-26,9,41,106,-98,-26,-34,-123,51,55,-51,64,64,51,-30,-106,-95,126,-39,120
1955,1,-106,-106,-106,-106,-30,-30,-30,-30,-17,-65,6,107,-80,90,-8,-59,10,77,-45,-104,81,-38,16,-44,-77,-2,-72,15,31,-104,37,102,-63,-115,-3,18,12,32,111,31,-120,-51,-79,118,-26,9,41,106,-98,-26,-34,-123,51,55,-51,64,64,51,-30,-106,-95,126,-39,120
1956,1,127,127,127,127,127,-75,-75,-75,-21,-17,-65,6,107,-80,90,-8,-59,10,77,-45,-104,81,-38,16,-44,-77,-2,-72,15,31,-104,37,63,-14,67,37,-122,-85,-3,-127,-120,-119,52,90,113,-112,119,-52,-39,8,20,-16,65,14,-127,57,54,-118,85,-20,-74,117,-103,90
1957,1,127,127,127,127,127,-75,-75,-75,-21,-17,-65,6,107,-80,90,-8,-59,10,77,-45,-104,81,-38,16,-44,-77,-2,-72,15,31,-104,37,63,-14,67,37,-122,-85,-3,-127,-120,-119,52,90,113,-112,119,-52,-39,8,20,-16,65,14,-127,57,54,-118,85,-20,-74,117,-103,90
1958,1,127,127,127,127,127,-75,-75,-75,-21,-17,-65,6,107,-80,90,-8,-59,10,77,-45,-104,81,-38,16,-44,-77,-2,-72,15,31,-104,37,63,-14,67,37,-122,-85,-3,-127,-120,-119,52,90,113,-112,119,-52,-39,8,20,-16,65,14,-127,57,54,-118,85,-20,-74,117,-103,90
1959,1,108,7,7,7,7,7,-3,-3,126,-21,-17,-65,6,107,-80,90,-8,-59,10,77,-45,-104,81,-38,16,-44,-77,-2,-72,15,31,-104,-59,104,-47,97,-100,34,-69,113,-6,-35,-107,19,-44,-127,-24,74,94,30,25,-99,-48,-1,105,-116,-18,110,37,-51,29,19,78,104
1960,1,108,7,7,7,7,7,-3,-3,126,-21,-17,-65,6,107,-80,90,-8,-59,10,77,-45,-104,81,-38,16,-44,-77,-2,-72,15,31,-104,-59,104,-47,97,-100,34,-69,113,-6,-35,-107,19,-44,-127,-24,74,94,30,25,-99,-48,-1,105,-116,-18,110,37,-51,29,19,78,104
1961,1,108,7,7,7,7,7,-3,-3,126,-21,-17,-65,6,107,-80,90,-8,-59,10,77,-45,-104,81,-38,16,-44,-77,-2,-72,15,31,-104,-59,104,-47,97,-100,34,-69,113,-6,-35,-107,19,-44,-127,-24,74,94,30,25,-99,-48,-1,105,-116,-18,110,37,-51,29,19,78,104
1962,1,-44,-44,-81,-81,-81,-81,-81,-74,-55,126,-21,-17,-65,6,107,-80,90,-8,-59,10,77,-45,-104,81,-38,16,-44,-77,-2,-72,15,31,-120,-37,-8,119,-70,-78,2,-13,-78,74,64,-23,6,75,-35,79,-72,-91,-93,-31,93,-124,-1,-20,-84,1,-94,-126,-69,-103,-15,-23
1963,1,-44,-44,-81,-81,-81,-81,-81,-74,-55,126,-21,-17,-65,6,107,-80,90,-8,-59,10,77,-45,-104,81,-38,16,-44,-77,-2,-72,15,31,-120,-37,-8,119,-70,-78,2,-13,-78,74,64,-23,6,75,-35,79,-72,-91,-93,-31,93,-124,-1,-20,-84,1,-94,-126,-69,-103,-15,-23
1964,1,-44,-44,-81,-81,-81,-81,-81,-74,-55,126,-21,-17,-65,6,107,-80,90,-8,-59,10,77,-45,-104,81,-38,16,-44,-77,-2,-72,15,31,-120,-37,-8,119,-70,-78,2,-13,-78,74,64,-23,6,75,-35,79,-72,-91,-93,-31,93,-124,-1,-20,-84,1,-94,-126,-69,-103,-15,-23
1965,1,-95,-95,-95,-17,-17,-17,-17,-17,33,-55,126,-21,-17,-65,6,107,-80,90,-8,-59,10,77,-45,-104,81,-38,16,-44,-77,-2,-72,15,40,-46,0,4,54,19,-22,-16,-75,99,83,96,-31,-76,58,-71,20,-28,-56,9,15,79,-6,-96,-20,81,-57,69,-84,71,39,9
1966,1,-95,-95,-95,-17,-17,-17,-17,-17,33,-55,126,-21,-17,-65,6,107,-80,90,-8,-59,10,77,-45,-104,81,-38,16,-44,-77,-2,-72,15,40,-46,0,4,54,19,-22,-16,-75,99,83,96,-31,-76,58,-71,20,-28,-56,9,15,79,-6,-96,-20,81,-57,69,-84,71,39,9
1967,1,-95,-95,-95,-17,-17,-17,-17,-17,33,-55,126,-21,-17,-65,6,107,-80,90,-8,-59,10,77,-45,-104,81,-38,16,-44,-77,-2,-72,15,40,-46,0,4,54,19,-22,-16,-75,99,83,96,-31,-76,58,-71,20,-28,-56,9,15,79,-6,-96,-20,81,-57,69,-84,71,39,9
1968,1,28,28,28,28,42,42,42,42,-109,33,-55,126,-21,-17,-65,6,107,-80,90,-8,-59,10,77,-45,-104,81,-38,16,-44,-77,-2,-72,99,15,-82,79,-99,-14,-27,-35,76,-102,-96,-56,-79,-85,-11,-83,-69,-105,6,-20,82,-41,119,63,-63,20,-107,78,-119,29,-22,124
1969,1,28,28,28,28,42,42,42,42,-109,33,-55,126,-21,-17,-65,6,107,-80,90,-8,-59,10,77,-45,-104,81,-38,16,-44,-77,-2,-72,99,15,-82,79,-99,-14,-27,-35,76,-102,-96,-56,-79,-85,-11,-83,-69,-105,6,-20,82,-41,119,63,-63,20,-107,78,-119,29,-22,124
1970,1,28,28,28,28,42,42,42,42,-109,33,-55,126,-21,-17,-65,6,107,-80,90,-8,-59,10,77,-45,-104,81,-38,16,-44,-77,-2,-72,99,15,-82,79,-99,-14,-27,-35,76,-102,-96,-56,-79,-85,-11,-83,-69,-105,6,-20,82,-41,119,63,-63,20,-107,78,-119,29,-22,124
1971,1,27,27,27,27,27,-20,-20,-20,118,-109,33,-55,126,-21,-17,-65,6,107,-80,90,-8,-59,10,77,-45,-104,81,-38,16,-44,-77,-2,48,-41,117,-57,-117,-12,-72,-107,-25,-34,85,-57,-110,27,-45,-75,92,-51,6,30,77,6,-5,-83,115,101,-43,13,79,-108,3,-37
1972,1,27,27,27,27,27,-20,-20,-20,118,-109,33,-55,126,-21,-17,-65,6,107,-80,90,-8,-59,10,77,-45,-104,81,-38,16,-44,-77,-2,48,-41,117,-57,-117,-12,-72,-107,-25,-34,85,-57,-110,27,-45,-75,92,-51,6,30,77,6,-5,-83,115,101,-43,13,79,-108,3,-37
1973,1,27,27,27,27,27,-20,-20,-20,118,-109,33,-55,126,-21,-17,-65,6,107,-80,90,-8,-59,10,77,-45,-104,81,-38,16,-44,-77,-2,48,-41,117,-57,-117,-12,-72,-107,-25,-34,85,-57,-110,27,-45,-75,92,-51,6,30,77,6,-5,-83,115,101,-43,13,79,-108,3,-37
1974,1,38,102,102,102,102,102,-39,-39,-10,118,-109,33,-55,126,-21,-17,-65,6,107,-80,90,-8,-59,10,77,-45,-104,81,-38,16,-44,-77,44,49,-38,15,-69,-18,24,-108,-63,-4,-120,32,44,-39,92,101,18,-37,74,89,84,-66,34,58,24,-1,26,70,37,-81,60,-9
1975,1,38,102,102,102,102,102,-39,-39,-10,118,-109,33,-55,126,-21,-17,-65,6,107,-80,90,-8,-59,10,77,-45,-104,81,-38,16,-44,-77,44,49,-38,15,-69,-18,24,-108,-63,-4,-120,32,44,-39,92,101,18,-37,74,89,84,-66,34,58,24,-1,26,70,37,-81,60,-9
1976,1,38,102,102,102,102,102,-39,-39,-10,118,-109,33,-55,126,-21,-17,-65,6,107,-80,90,-8,-59,10,77,-45,-104,81,-38,16,-44,-77,44,49,-38,15,-69,-18,24,-108,-63,-4,-120,32,44,-39,92,101,18,-37,74,89,84,-66,34,58,24,-1,26,70,37,-81,60,-9
1977,1,98,98,2,2,2,2,2,-68,-106,-10,118,-109,33,-55,126,-21,-17,-65,6,107,-80,90,-8,-59,10,77,-45,-104,81,-38,16,-44,35,-68,27,15,-83,104,83,55,36,-83,16,-78,-33,-53,-45,-35,75,102,-50,-40,124,-39,-24,2,-87,-30,110,-87,-9,-11,29,14
1978,1,98,98,2,2,2,2,2,-68,-106,-10,118,-109,33,-55,126,-21,-17,-65,6,107,-80,90,-8,-59,10,77,-45,-104,81,-38,16,-44,35,-68,27,15,-83,104,83,55,36,-83,16,-78,-33,-53,-45,-35,75,102,-50,-40,124,-39,-24,2,-87,-30,110,-87,-9,-11,29,14
1979,1,98,98,2,2,2,2,2,-68,-106,-10,118,-109,33,-55,126,-21,-17,-65,6,107,-80,90,-8,-59,10,77,-45,-104,81,-38,16,-44,35,-68,27,15,-83,104,83,55,36,-83,16,-78,-33,-53,-45,-35,75,102,-50,-40,124,-39,-24,2,-87,-30,110,-87,-9,-11,29,14
1980,1,-3,-3,-3,122,122,122,122,122,127,-106,-10,118,-109,33,-55,126,-21,-17,-65,6,107,-80,90,-8,-59,10,77,-45,-104,81,-38,16,-26,-14,73,97,-53,36,-62,14,7,15,-39,-118,-31,111,52,-94,76,-85,-95,13,-77,-28,-15,83,9,113,-85,-26,-113,-34,-5,122
1981,1,-3,-3,-3,122,122,122,122,122,127,-106,-10,118,-109,33,-55,126,-21,-17,-65,6,107,-80,90,-8,-59,10,77,-45,-104,81,-38,16,-26,-14,73,97,-53,36,-62,14,7,15,-39,-118,-31,111,52,-94,76,-85,-95,13,-77,-28,-15,83,9,113,-85,-26,-113,-34,-5,122
1982,1,-3,-3,-3,122,122,122,122,122,127,-106,-10,118,-109,33,-55,126,-21,-17,-65,6,107,-80,90,-8,-59,10,77,-45,-104,81,-38,16,-26,-14,73,97,-53,36,-62,14,7,15,-39,-118,-31,111,52,-94,76,-85,-95,13,-77,-28,-15,83,9,113,-85,-26,-113,-34,-5,122
1983,1,-49,-49,-49,-49,-91,-91,-91,-91,108,127,-106,-10,118,-109,33,-55,126,-21,-17,-65,6,107,-80,90,-8,-59,10,77,-45,-104,81,-38,-49,14,108,80,-74,95,-71,-70,62,88,-63,112,19,18,31,-36,9,68,-90,56,-93,100,-17,-33,28,-11,61,57,-37,106,47,32
1984,1,-49,-49,-49,-49,-91,-91,-91,-91,108,127,-106,-10,118,-109,33,-55,126,-21,-17,-65,6,107,-80,90,-8,-59,10,77,-45,-104,81,-38,-49,14,108,80,-74,95,-71,-70,62,88,-63,112,19,18,31,-36,9,68,-90,56,-93,100,-17,-33,28,-11,61,57,-37,106,47,32
1985,1,-49,-49,-49,-49,-91,-91,-91,-91,108,127,-106,-10,118,-109,33,-55,126,-21,-17,-65,6,107,-80,90,-8,-59,10,77,-45,-104,81,-38,-49,14,108,80,-74,95,-71,-70,62,88,-63,112,19,18,31,-36,9,68,-90,56,-93,100,-17,-33,28,-11,61,57,-37,106,47,32
1986,1,-59,-59,-59,-59,-59,55,55,55,-44,108,127,-106,-10,118,-109,33,-55,126,-21,-17,-65,6,107,-80,90,-8,-59,10,77,-45,-104,81,-106,-33,39,74,76,116,110,-52,-4,-119,40,32,-91,92,36,-125,46,116,-120,76,-73,70,-70,-46,-124,-125,121,77,-102,110,-13,-99
1987,1,-59,-59,-59,-59,-59,55,55,55,-44,108,127,-106,-10,118,-109,33,-55,126,-21,-17,-65,6,107,-80,90,-8,-59,10,77,-45,-104,81,-106,-33,39,74,76,116,110,-52,-4,-119,40,32,-91,92,36,-125,46,116,-120,76,-73,70,-70,-46,-124,-125,121,77,-102,110,-13,-99
1988,1,-59,-59,-59,-59,-59,55,55,55,-44,108,127,-106,-10,118,-109,33,-55,126,-21,-17,-65,6,107,-80,90,-8,-59,10,77,-45,-104,81,-106,-33,39,74,76,116,110,-52,-4,-119,40,32,-91,92,36,-125,46,116,-120,76,-73,70,-70,-46,-124,-125,121,77,-102,110,-13,-99
1989,1,-21,-87,-87,-87,-87,-87,-115,-115,-95,-44,108,127,-106,-10,118,-109,33,-55,126,-21,-17,-65,6,107,-80,90,-8,-59,10,77,-45,-104,-32,-14,8,-49,100,30,-21,115,103,17,-59,70,60,-126,-51,-24,1,43,-117,-79,-63,127,125,35,59,101,-106,39,46,-105,115,-104
1990,1,-21,-87,-87,-87,-87,-87,-115,-115,-95,-44,108,127,-106,-10,118,-109,33,-55,126,-21,-17,-65,6,107,-80,90,-8,-59,10,77,-45,-104,-32,-14,8,-49,100,30,-21,115,103,17,-59,70,60,-126,-51,-24,1,43,-117,-79,-63,127,125,35,59,101,-106,39,46,-105,115,-104
1991,1,-21,-87,-87,-87,-87,-87,-115,-115,-95,-44,108,127,-106,-10,118,-109,33,-55,126,-21,-17,-65,6,107,-80,90,-8,-59,10,77,-45,-104,-32,-14,8,-49,100,30,-21,115,103,17,-59,70,60,-126,-51,-24,1,43,-117,-79,-63,127,125,35,59,101,-106,39,46,-105,115,-104
1992,1,-17,-17,-9,-9,-9,-9,-9,6,28,-95,-44,108,127,-106,-10,118,-109,33,-55,126,-21,-17,-65,6,107,-80,90,-8,-59,10,77,-45,66,-20,-4,-64,-117,-51,94,14,-82,-68,69,94,-12,-96,16,25,-4,99,-42,-57,-124,-79,-97,62,5,67,-9,104,-112,-113,101,-76
1993,1,-17,-17,-9,-9,-9,-9,-9,6,28,-95,-44,108,127,-106,-10,118,-109,33,-55,126,-21,-17,-65,6,107,-80,90,-8,-59,10,77,-45,66,-20,-4,-64,-117,-51,94,14,-82,-68,69,94,-12,-96,16,25,-4,99,-42,-57,-124,-79,-97,62,5,67,-9,104,-112,-113,101,-76
1994,1,-17,-17,-9,-9,-9,-9,-9,6,28,-95,-44,108,127,-106,-10,118,-109,33,-55,126,-21,-17,-65,6,107,-80,90,-8,-59,10,77,-45,66,-20,-4,-64,-117,-51,94,14,-82,-68,69,94,-12,-96,16,25,-4,99,-42,-57,-124,-79,-97,62,5,67,-9,104,-112,-113,101,-76
1995,1,-31,-31,-31,-108,-108,-108,-108,-108,27,28,-95,-44,108,127,-106,-10,118,-109,33,-55,126,-21,-17,-65,6,107,-80,90,-8,-59,10,77,-107,5,-19,103,-87,-9,-73,-69,-21,97,60,-35,-64,-125,54,75,-100,-37,105,-76,88,114,-41,69,87,37,114,-102,-32,-41,29,74
1996,1,-31,-31,-31,-108,-108,-108,-108,-108,27,28,-95,-44,108,127,-106,-10,118,-109,33,-55,126,-21,-17,-65,6,107,-80,90,-8,-59,10,77,-107,5,-19,103,-87,-9,-73,-69,-21,97,60,-35,-64,-125,54,75,-100,-37,105,-76,88,114,-41,69,87,37,114,-102,-32,-41,29,74
1997,1,-31,-31,-31,-108,-108,-108,-108,-108,27,28,-95,-44,108,127,-106,-10,118,-109,33,-55,126,-21,-17,-65,6,107,-80,90,-8,-59,10,77,-107,5,-19,103,-87,-9,-73,-69,-21,97,60,-35,-64,-125,54,75,-100,-37,105,-76,88,114,-41,69,87,37,114,-102,-32,-41,29,74
1998,1,35,35,35,35,8,8,8,8,38,27,28,-95,-44,108,127,-106,-10,118,-109,33,-55,126,-21,-17,-65,6,107,-80,90,-8,-59,10,98,-30,-24,-9,86,-106,97,23,-28,18,-54,122,125,-15,-55,86,78,-59,87,-89,21,46,-120,-34,22,23,-21,51,127,83,-80,12
1999,1,35,35,35,35,8,8,8,8,38,27,28,-95,-44,108,127,-106,-10,118,-109,33,-55,126,-21,-17,-65,6,107,-80,90,-8,-59,10,98,-30,-24,-9,86,-106,97,23,-28,18,-54,122,125,-15,-55,86,78,-59,87,-89,21,46,-120,-34,22,23,-21,51,127,83,-80,12
2000,1,35,35,35,35,8,8,8,8,38,27,28,-95,-44,108,127,-106,-10,118,-109,33,-55,126,-21,-17,-65,6,107,-80,90,-8,-59,10,98,-30,-24,-9,86,-106,97,23,-28,18,-54,122,125,-15,-55,86,78,-59,87,-89,21,46,-120,-34,22,23,-21,51,127,83,-80,12
2001,1,47,47,47,47,47,25,25,25,98,38,27,28,-95,-44,108,127,-106,-10,118,-109,33,-55,126,-21,-17,-65,6,107,-80,90,-8,-59,-64,-79,-76,56,103,-59,103,15,116,-51,-50,2,18,-97,70,-50,57,70,111,39,36,-109,89,39,-88,-113,-48,-63,-68,57,-88,-119
2002,1,47,47,47,47,47,25,25,25,98,38,27,28,-95,-44,108,127,-106,-10,118,-109,33,-55,126,-21,-17,-65,6,107,-80,90,-8,-59,-64,-79,-76,56,103,-59,103,15,116,-51,-50,2,18,-97,70,-50,57,70,111,39,36,-109,89,39,-88,-113,-48,-63,-68,57,-88,-119
2003,1,47,47,47,47,47,25,25,25,98,38,27,28,-95,-44,108,127,-106,-10,118,-109,33,-55,126,-21,-17,-65,6,107,-80,90,-8,-59,-64,-79,-76,56,103,-59,103,15,116,-51,-50,2,18,-97,70,-50,57,70,111,39,36,-109,89,39,-88,-113,-48,-63,-68,57,-88,-119
2004,1,-45,15,15,15,15,15,-32,-32,-3,98,38,27,28,-95,-44,108,127,-106,-10,118,-109,33,-55,126,-21,-17,-65,6,107,-80,90,-8,-6,-85,8,49,10,91,-42,81,-98,41,11,-93,100,80,95,-69,-5,-9,-61,34,-91,-60,-51,83,-83,-118,-49,10,-104,44,57,-118
2005,1,-45,15,15,15,15,15,-32,-32,-3,98,38,27,28,-95,-44,108,127,-106,-10,118,-109,33,-55,126,-21,-17,-65,6,107,-80,90,-8,-6,-85,8,49,10,91,-42,81,-98,41,11,-93,100,80,95,-69,-5,-9,-61,34,-91,-60,-51,83,-83,-118,-49,10,-104,44,57,-118
2006,1,-45,15,15,15,15,15,-32,-32,-3,98,38,27,28,-95,-44,108,127,-106,-10,118,-109,33,-55,126,-21,-17,-65,6,107,-80,90,-8,-6,-85,8,49,10,91,-42,81,-98,41,11,-93,100,80,95,-69,-5,-9,-61,34,-91,-60,-51,83,-83,-118,-49,10,-104,44,57,-118
2007,1,21,21,79,79,79,79,79,62,-49,-3,98,38,27,28,-95,-44,108,127,-106,-10,118,-109,33,-55,126,-21,-17,-65,6,107,-80,90,63,-57,14,-105,-111,-79,65,119,-84,21,-33,-120,-120,95,5,-22,24,-100,1,110,54,52,-89,15,-69,31,104,-119,-99,-1,6,114
2008,1,21,21,79,79,79,79,79,62,-49,-3,98,38,27,28,-95,-44,108,127,-106,-10,118,-109,33,-55,126,-21,-17,-65,6,107,-80,90,63,-57,14,-105,-111,-79,65,119,-84,21,-33,-120,-120,95,5,-22,24,-100,1,110,54,52,-89,15,-69,31,104,-119,-99,-1,6,114
2009,1,21,21,79,79,79,79,79,62,-49,-3,98,38,27,28,-95,-44,108,127,-106,-10,118,-109,33,-55,126,-21,-17,-65,6,107,-80,90,63,-57,14,-105,-111,-79,65,119,-84,21,-33,-120,-120,95,5,-22,24,-100,1,110,54,52,-89,15,-69,31,104,-119,-99,-1,6,114
2010,1,-29,-29,-29,-101,-101,-101,-101,-101,-59,-49,-3,98,38,27,28,-95,-44,108,127,-106,-10,118,-109,33,-55,126,-21,-17,-65,6,107,-80,-37,-79,4,29,-71,-65,-72,75,-51,-67,-125,100,-83,-95,54,-127,11,112,2,20,-69,62,61,58,55,-8,12,27,115,74,48,-25
2011,1,-29,-29,-29,-101,-101,-101,-101,-101,-59,-49,-3,98,38,27,28,-95,-44,108,127,-106,-10,118,-109,33,-55,126,-21,-17,-65,6,107,-80,-37,-79,4,29,-71,-65,-72,75,-51,-67,-125,100,-83,-95,54,-127,11,112,2,20,-69,62,61,58,55,-8,12,27,115,74,48,-25
2012,1,-29,-29,-29,-101,-101,-101,-101,-101,-59,-49,-3,98,38,27,28,-95,-44,108,127,-106,-10,118,-109,33,-55,126,-21,-17,-65,6,107,-80,-37,-79,4,29,-71,-65,-72,75,-51,-67,-125,100,-83,-95,54,-127,11,112,2,20,-69,62,61,58,55,-8,12,27,115,74,48,-25
2013,1,112,112,112,112,56,56,56,56,-21,-59,-49,-3,98,38,27,28,-95,-44,108,127,-106,-10,118,-109,33,-55,126,-21,-17,-65,6,107,40,26,50,-119,123,109,117,105,116,4,-10,-4,-119,-109,-14,-38,69,-99,-31,-104,-99,52,59,49,-76,-24,72,-20,-83,-10,38,118
2014,1,112,112,112,112,56,56,56,56,-21,-59,-49,-3,98,38,27,28,-95,-44,108,127,-106,-10,118,-109,33,-55,126,-21,-17,-65,6,107,40,26,50,-119,123,109,117,105,116,4,-10,-4,-119,-109,-14,-38,69,-99,-31,-104,-99,52,59,49,-76,-24,72,-20,-83,-10,38,118
2015,1,112,112,112,112,56,56,56,56,-21,-59,-49,-3,98,38,27,28,-95,-44,108,127,-106,-10,118,-109,33,-55,126,-21,-17,-65,6,107,40,26,50,-119,123,109,117,105,116,4,-10,-4,-119,-109,-14,-38,69,-99,-31,-104,-99,52,59,49,-76,-24,72,-20,-83,-10,38,118
2016,1,-40,-40,-40,-40,-40,-48,-48,-48,-17,-21,-59,-49,-3,98,38,27,28,-95,-44,108,127,-106,-10,118,-109,33,-55,126,-21,-17,-65,6,-39,18,-87,62,59,-18,38,4,35,13,-6,-125,41,-41,116,21,-127,-78,81,117,63,22,79,91,69,51,-16,99,6,32,-109,-123
2017,1,-40,-40,-40,-40,-40,-48,-48,-48,-17,-21,-59,-49,-3,98,38,27,28,-95,-44,108,127,-106,-10,118,-109,33,-55,126,-21,-17,-65,6,-39,18,-87,62,59,-18,38,4,35,13,-6,-125,41,-41,116,21,-127,-78,81,117,63,22,79,91,69,51,-16,99,6,32,-109,-123
2018,1,-40,-40,-40,-40,-40,-48,-48,-48,-17,-21,-59,-49,-3,98,38,27,28,-95,-44,108,127,-106,-10,118,-109,33,-55,126,-21,-17,-65,6,-39,18,-87,62,59,-18,38,4,35,13,-6,-125,41,-41,116,21,-127,-78,81,117,63,22,79,91,69,51,-16,99,6,32,-109,-123
2019,1,87,-25,-25,-25,-25,-25,-100,-100,-31,-17,-21,-59,-49,-3,98,38,27,28,-95,-44,108,127,-106,-10,118,-109,33,-55,126,-21,-17,-65,1,92,47,-94,104,-10,16,-9,98,12,110,-92,35,-96,63,30,108,32,-92,121,66,14,80,-60,-37,-52,96,-39,42,82,97,89
2020,1,87,-25,-25,-25,-25,-25,-100,-100,-31,-17,-21,-59,-49,-3,98,38,27,28,-95,-44,108,127,-106,-10,118,-109,33,-55,126,-21,-17,-65,1,92,47,-94,104,-10,16,-9,98,12,110,-92,35,-96,63,30,108,32,-92,121,66,14,80,-60,-37,-52,96,-39,42,82,97,89
2021,1,87,-25,-25,-25,-25,-25,-100,-100,-31,-17,-21,-59,-49,-3,98,38,27,28,-95,-44,108,127,-106,-10,118,-109,33,-55,126,-21,-17,-65,1,92,47,-94,104,-10,16,-9,98,12,110,-92,35,-96,63,30,108,32,-92,121,66,14,80,-60,-37,-52,96,-39,42,82,97,89
2022,1,-21,-21,-116,-116,-116,-116,-116,-72,35,-31,-17,-21,-59,-49,-3,98,38,27,28,-95,-44,108,127,-106,-10,118,-109,33,-55,126,-21,-17,-54,79,64,16,-116,-68,4,121,84,-107,69,-31,114,40,53,-21,96,104,44,-122,77,0,67,20,-76,-6,48,9,81,25,-4,-62
2023,1,-21,-21,-116,-116,-116,-116,-116,-72,35,-31,-17,-21,-59,-49,-3,98,38,27,28,-95,-44,108,127,-106,-10,118,-109,33,-55,126,-21,-17,-54,79,64,16,-116,-68,4,121,84,-107,69,-31,114,40,53,-21,96,104,44,-122,77,0,67,20,-76,-6,48,9,81,25,-4,-62
2024,1,-21,-21,-116,-116,-116,-116,-116,-72,35,-31,-17,-21,-59,-49,-3,98,38,27,28,-95,-44,108,127,-106,-10,118,-109,33,-55,126,-21,-17,-54,79,64,16,-116,-68,4,121,84,-107,69,-31,114,40,53,-21,96,104,44,-122,77,0,67,20,-76,-6,48,9,81,25,-4,-62
2025,1,17,17,17,64,64,64,64,64,47,35,-31,-17,-21,-59,-49,-3,98,38,27,28,-95,-44,108,127,-106,-10,118,-109,33,-55,126,-21,121,-90,20,-29,-60,66,7,-105,60,3,28,-33,14,-98,62,-5,83,32,102,-118,3,0,96,30,-99,-12,-127,94,-122,-104,3,-26
2026,1,17,17,17,64,64,64,64,64,47,35,-31,-17,-21,-59,-49,-3,98,38,27,28,-95,-44,108,127,-106,-10,118,-109,33,-55,126,-21,121,-90,20,-29,-60,66,7,-105,60,3,28,-33,14,-98,62,-5,83,32,102,-118,3,0,96,30,-99,-12,-127,94,-122,-104,3,-26
2027,1,17,17,17,64,64,64,64,64,47,35,-31,-17,-21,-59,-49,-3,98,38,27,28,-95,-44,108,127,-106,-10,118,-109,33,-55,126,-21,121,-90,20,-29,-60,66,7,-105,60,3,28,-33,14,-98,62,-5,83,32,102,-118,3,0,96,30,-99,-12,-127,94,-122,-104,3,-26
2028,1,28,28,28,28,81,81,81,81,-45,47,35,-31,-17,-21,-59,-49,-3,98,38,27,28,-95,-44,108,127,-106,-10,118,-109,33,-55,126,-65,-48,-15,-76,-35,-100,-111,-60,-89,108,75,120,110,113,52,47,-94,-111,96,60,-107,-90,-32,42,99,99,60,-50,-109,-26,24,-65
2029,1,28,28,28,28,81,81,81,81,-45,47,35,-31,-17,-21,-59,-49,-3,98,38,27,28,-95,-44,108,127,-106,-10,118,-109,33,-55,126,-65,-48,-15,-76,-35,-100,-111,-60,-89,108,75,120,110,113,52,47,-94,-111,96,60,-107,-90,-32,42,99,99,60,-50,-109,-26,24,-65
2030,1,28,28,28,28,81,81,81,81,-45,47,35,-31,-17,-21,-59,-49,-3,98,38,27,28,-95,-44,108,127,-106,-10,118,-109,33,-55,126,-65,-48,-15,-76,-35,-100,-111,-60,-89,108,75,120,110,113,52,47,-94,-111,96,60,-107,-90,-32,42,99,99,60,-50,-109,-26,24,-65
2031,1,-38,-38,-38,-38,-38,83,83,83,21,-45,47,35,-31,-17,-21,-59,-49,-3,98,38,27,28,-95,-44,108,127,-106,-10,118,-109,33,-55,-5,-103,-40,94,7,45,-2,-119,13,5,97,69,60,-64,-49,-1,74,107,121,87,82,105,92,80,2,91,-120,-104,-17,-94,88,118
2032,1,-38,-38,-38,-38,-38,83,83,83,21,-45,47,35,-31,-17,-21,-59,-49,-3,98,38,27,28,-95,-44,108,127,-106,-10,118,-109,33,-55,-5,-103,-40,94,7,45,-2,-119,13,5,97,69,60,-64,-49,-1,74,107,121,87,82,105,92,80,2,91,-120,-104,-17,-94,88,118
2033,1,-38,-38,-38,-38,-38,83,83,83,21,-45,47,35,-31,-17,-21,-59,-49,-3,98,38,27,28,-95,-44,108,127,-106,-10,118,-109,33,-55,-5,-103,-40,94,7,45,-2,-119,13,5,97,69,60,-64,-49,-1,74,107,121,87,82,105,92,80,2,91,-120,-104,-17,-94,88,118
2034,1,70,-47,-47,-47,-47,-47,-60,-60,-29,21,-45,47,35,-31,-17,-21,-59,-49,-3,98,38,27,28,-95,-44,108,127,-106,-10,118,-109,33,-110,-66,-8,23,71,-84,48,53,-115,121,54,21,-59,-76,53,116,111,-34,43,108,48,-53,61,6,-103,-85,-107,-21,53,105,-81,46
2035,1,70,-47,-47,-47,-47,-47,-60,-60,-29,21,-45,47,35,-31,-17,-21,-59,-49,-3,98,38,27,28,-95,-44,108,127,-106,-10,118,-109,33,-110,-66,-8,23,71,-84,48,53,-115,121,54,21,-59,-76,53,116,111,-34,43,108,48,-53,61,6,-103,-85,-107,-21,53,105,-81,46
2036,1,70,-47,-47,-47,-47,-47,-60,-60,-29,21,-45,47,35,-31,-17,-21,-59,-49,-3,98,38,27,28,-95,-44,108,127,-106,-10,118,-109,33,-110,-66,-8,23,71,-84,48,53,-115,121,54,21,-59,-76,53,116,111,-34,43,108,48,-53,61,6,-103,-85,-107,-21,53,105,-81,46
2037,1,59,59,-105,-105,-105,-105,-105,67,112,-29,21,-45,47,35,-31,-17,-21,-59,-49,-3,98,38,27,28,-95,-44,108,127,-106,-10,118,-109,-91,-3,-30,82,-58,51,7,-123,13,-60,-61,-58,-25,-122,-33,-125,-102,122,107,106,7,-84,46,-55,92,51,-111,-117,-110,73,-101,14
2038,1,59,59,-105,-105,-105,-105,-105,67,112,-29,21,-45,47,35,-31,-17,-21,-59,-49,-3,98,38,27,28,-95,-44,108,127,-106,-10,118,-109,-91,-3,-30,82,-58,51,7,-123,13,-60,-61,-58,-25,-122,-33,-125,-102,122,107,106,7,-84,46,-55,92,51,-111,-117,-110,73,-101,14
2039,1,59,59,-105,-105,-105,-105,-105,67,112,-29,21,-45,47,35,-31,-17,-21,-59,-49,-3,98,38,27,28,-95,-44,108,127,-106,-10,118,-109,-91,-3,-30,82,-58,51,7,-123,13,-60,-61,-58,-25,-122,-33,-125,-102,122,107,106,7,-84,46,-55,92,51,-111,-117,-110,73,-101,14
2040,1,-64,-64,-64,-70,-70,-70,-70,-70,-40,112,-29,21,-45,47,35,-31,-17,-21,-59,-49,-3,98,38,27,28,-95,-44,108,127,-106,-10,118,-89,3,-21,58,78,24,-40,-72,3,-108,-56,-68,-67,115,105,-60,83,-49,99,-100,78,-79,76,-17,-105,-67,14,10,-13,59,-123,-22
2041,1,-64,-64,-64,-70,-70,-70,-70,-70,-40,112,-29,21,-45,47,35,-31,-17,-21,-59,-49,-3,98,38,27,28,-95,-44,108,127,-106,-10,118,-89,3,-21,58,78,24,-40,-72,3,-108,-56,-68,-67,115,105,-60,83,-49,99,-100,78,-79,76,-17,-105,-67,14,10,-13,59,-123,-22
2042,1,-64,-64,-64,-70,-70,-70,-70,-70,-40,112,-29,21,-45,47,35,-31,-17,-21,-59,-49,-3,98,38,27,28,-95,-44,108,127,-106,-10,118,-89,3,-21,58,78,24,-40,-72,3,-108,-56,-68,-67,115,105,-60,83,-49,99,-100,78,-79,76,-17,-105,-67,14,10,-13,59,-123,-22
2043,1,-56,-56,-56,-56,13,13,13,13,87,-40,112,-29,21,-45,47,35,-31,-17,-21,-59,-49,-3,98,38,27,28,-95,-44,108,127,-106,-10,-107,-49,15,11,25,39,90,36,-19,-12,-59,-63,-25,127,5,-67,-113,-124,30,-125,52,-37,125,96,70,89,-102,73,-112,-68,82,92
2044,1,-56,-56,-56,-56,13,13,13,13,87,-40,112,-29,21,-45,47,35,-31,-17,-21,-59,-49,-3,98,38,27,28,-95,-44,108,127,-106,-10,-107,-49,15,11,25,39,90,36,-19,-12,-59,-63,-25,127,5,-67,-113,-124,30,-125,52,-37,125,96,70,89,-102,73,-112,-68,82,92
2045,1,-56,-56,-56,-56,13,13,13,13,87,-40,112,-29,21,-45,47,35,-31,-17,-21,-59,-49,-3,98,38,27,28,-95,-44,108,127,-106,-10,-107,-49,15,11,25,39,90,36,-19,-12,-59,-63,-25,127,5,-67,-113,-124,30,-125,52,-37,125,96,70,89,-102,73,-112,-68,82,92
2046,1,83,83,83,83,83,83,83,83,-21,87,-40,112,-29,21,-45,47,35,-31,-17,-21,-59,-49,-3,98,38,27,28,-95,-44,108,127,-106,-60,-83,110,-7,-127,37,95,-29,123,38,-115,59,114,-74,-6,-73,0,-119,-12,17,32,-95,-80,-18,101,-67,123,-106,5,11,-11,-58
2047,1,83,83,83,83,83,83,83,83,-21,87,-40,112,-29,21,-45,47,35,-31,-17,-21,-59,-49,-3,98,38,27,28,-95,-44,108,127,-106,-60,-83,110,-7,-127,37,95,-29,123,38,-115,59,114,-74,-6,-73,0,-119,-12,17,32,-95,-80,-18,101,-67,123,-106,5,11,-11,-58
2048,1,83,83,83,83,83,83,83,83,-21,87,-40,112,-29,21,-45,47,35,-31,-17,-21,-59,-49,-3,98,38,27,28,-95,-44,108,127,-106,-60,-83,110,-7,-127,37,95,-29,123,38,-115,59,114,-74,-6,-73,0,-119,-12,17,32,-95,-80,-18,101,-67,123,-106,5,11,-11,-58
2049,1,68,55,55,55,55,55,-35,-35,17,-21,87,-40,112,-29,21,-45,47,35,-31,-17,-21,-59,-49,-3,98,38,27,28,-95,-44,108,127,93,-39,-121,-117,87,-51,-17,69,24,-119,45,106,58,71,45,-67,9,91,-9,24,71,86,-73,-63,69,82,-36,23,-89,-90,32,66
2050,1,68,55,55,55,55,55,-35,-35,17,-21,87,-40,112,-29,21,-45,47,35,-31,-17,-21,-59,-49,-3,98,38,27,28,-95,-44,108,127,93,-39,-121,-117,87,-51,-17,69,24,-119,45,106,58,71,45,-67,9,91,-9,24,71,86,-73,-63,69,82,-36,23,-89,-90,32,66
2051,1,68,55,55,55,55,55,-35,-35,17,-21,87,-40,112,-29,21,-45,47,35,-31,-17,-21,-59,-49,-3,98,38,27,28,-95,-44,108,127,93,-39,-121,-117,87,-51,-17,69,24,-119,45,106,58,71,45,-67,9,91,-9,24,71,86,-73,-63,69,82,-36,23,-89,-90,32,66
2052,1,45,45,-120,-120,-120,-120,-120,119,28,17,-21,87,-40,112,-29,21,-45,47,35,-31,-17,-21,-59,-49,-3,98,38,27,28,-95,-44,108,35,25,59,49,22,87,30,-46,43,-51,66,-37,-3,127,1,4,-116,100,39,-77,76,-55,-91,71,68,-119,-16,-106,83,90,61,23
2053,1,45,45,-120,-120,-120,-120,-120,119,28,17,-21,87,-40,112,-29,21,-45,47,35,-31,-17,-21,-59,-49,-3,98,38,27,28,-95,-44,108,35,25,59,49,22,87,30,-46,43,-51,66,-37,-3,127,1,4,-116,100,39,-77,76,-55,-91,71,68,-119,-16,-106,83,90,61,23
2054,1,45,45,-120,-120,-120,-120,-120,119,28,17,-21,87,-40,112,-29,21,-45,47,35,-31,-17,-21,-59,-49,-3,98,38,27,28,-95,-44,108,35,25,59,49,22,87,30,-46,43,-51,66,-37,-3,127,1,4,-116,100,39,-77,76,-55,-91,71,68,-119,-16,-106,83,90,61,23
2055,1,112,112,112,33,33,33,33,33,-38,28,17,-21,87,-40,112,-29,21,-45,47,35,-31,-17,-21,-59,-49,-3,98,38,27,28,-95,-44,-14,-21,126,20,-111,-31,-67,93,84,54,-28,-81,-106,-122,35,-46,78,14,116,11,-34,-82,-80,87,105,69,34,16,10,-78,55,-42
2056,1,112,112,112,33,33,33,33,33,-38,28,17,-21,87,-40,112,-29,21,-45,47,35,-31,-17,-21,-59,-49,-3,98,38,27,28,-95,-44,-14,-21,126,20,-111,-31,-67,93,84,54,-28,-81,-106,-122,35,-46,78,14,116,11,-34,-82,-80,87,105,69,34,16,10,-78,55,-42
2057,1,112,112,112,33,33,33,33,33,-38,28,17,-21,87,-40,112,-29,21,-45,47,35,-31,-17,-21,-59,-49,-3,98,38,27,28,-95,-44,-14,-21,126,20,-111,-31,-67,93,84,54,-28,-81,-106,-122,35,-46,78,14,116,11,-34,-82,-80,87,105,69,34,16,10,-78,55,-42
2058,1,118,118,118,118,-49,-49,-49,-49,70,-38,28,17,-21,87,-40,112,-29,21,-45,47,35,-31,-17,-21,-59,-49,-3,98,38,27,28,-95,-56,65,32,-46,25,-18,72,59,-69,-81,115,11,69,-33,104,92,112,-97,23,-64,14,24,-39,12,-70,37,-91,45,-108,-19,50,78
2059,1,118,118,118,118,-49,-49,-49,-49,70,-38,28,17,-21,87,-40,112,-29,21,-45,47,35,-31,-17,-21,-59,-49,-3,98,38,27,28,-95,-56,65,32,-46,25,-18,72,59,-69,-81,115,11,69,-33,104,92,112,-97,23,-64,14,24,-39,12,-70,37,-91,45,-108,-19,50,78
2060,1,118,118,118,118,-49,-49,-49,-49,70,-38,28,17,-21,87,-40,112,-29,21,-45,47,35,-31,-17,-21,-59,-49,-3,98,38,27,28,-95,-56,65,32,-46,25,-18,72,59,-69,-81,115,11,69,-33,104,92,112,-97,23,-64,14,24,-39,12,-70,37,-91,45,-108,-19,50,78
2061,1,53,53,53,53,53,115,115,115,59,70,-38,28,17,-21,87,-40,112,-29,21,-45,47,35,-31,-17,-21,-59,-49,-3,98,38,27,28,-107,-23,80,-8,-122,119,55,-93,26,-61,92,54,-59,20,-78,53,32,-59,-96,104,-60,-75,-63,75,-124,122,-63,80,-53,55,71,-3
2062,1,53,53,53,53,53,115,115,115,59,70,-38,28,17,-21,87,-40,112,-29,21,-45,47,35,-31,-17,-21,-59,-49,-3,98,38,27,28,-107,-23,80,-8,-122,119,55,-93,26,-61,92,54,-59,20,-78,53,32,-59,-96,104,-60,-75,-63,75,-124,122,-63,80,-53,55,71,-3
2063,1,53,53,53,53,53,115,115,115,59,70,-38,28,17,-21,87,-40,112,-29,21,-45,47,35,-31,-17,-21,-59,-49,-3,98,38,27,28,-107,-23,80,-8,-122,119,55,-93,26,-61,92,54,-59,20,-78,53,32,-59,-96,104,-60,-75,-63,75,-124,122,-63,80,-53,55,71,-3
2064,1,-89,-70,-70,-70,-70,-70,-26,-26,-64,59,70,-38,28,17,-21,87,-40,112,-29,21,-45,47,35,-31,-17,-21,-59,-49,-3,98,38,27,-35,56,8,96,-113,125,-34,73,-35,-59,-80,72,-112,57,-37,53,57,-110,66,64,-42,-17,59,-86,-101,8,-60,55,-118,75,-7,-42
2065,1,-89,-70,-70,-70,-70,-70,-26,-26,-64,59,70,-38,28,17,-21,87,-40,112,-29,21,-45,47,35,-31,-17,-21,-59,-49,-3,98,38,27,-35,56,8,96,-113,125,-34,73,-35,-59,-80,72,-112,57,-37,53,57,-110,66,64,-42,-17,59,-86,-101,8,-60,55,-118,75,-7,-42
2066,1,-89,-70,-70,-70,-70,-70,-26,-26,-64,59,70,-38,28,17,-21,87,-40,112,-29,21,-45,47,35,-31,-17,-21,-59,-49,-3,98,38,27,-35,56,8,96,-113,125,-34,73,-35,-59,-80,72,-112,57,-37,53,57,-110,66,64,-42,-17,59,-86,-101,8,-60,55,-118,75,-7,-42
2067,1,22,22,81,81,81,81,81,114,-56,-64,59,70,-38,28,17,-21,87,-40,112,-29,21,-45,47,35,-31,-17,-21,-59,-49,-3,98,38,-34,76,-106,-21,-115,-59,-126,16,-100,84,101,-113,11,-23,-16,55,-63,82,-53,12,-122,79,39,-33,-119,78,-92,-6,-35,58,-81,-82
2068,1,22,22,81,81,81,81,81,114,-56,-64,59,70,-38,28,17,-21,87,-40,112,-29,21,-45,47,35,-31,-17,-21,-59,-49,-3,98,38,-34,76,-106,-21,-115,-59,-126,16,-100,84,101,-113,11,-23,-16,55,-63,82,-53,12,-122,79,39,-33,-119,78,-92,-6,-35,58,-81,-82
2069,1,22,22,81,81,81,81,81,114,-56,-64,59,70,-38,28,17,-21,87,-40,112,-29,21,-45,47,35,-31,-17,-21,-59,-49,-3,98,38,-34,76,-106,-21,-115,-59,-126,16,-100,84,101,-113,11,-23,-16,55,-63,82,-53,12,-122,79,39,-33,-119,78,-92,-6,-35,58,-81,-82
2070,1,-90,-90,-90,-83,-83,-83,-83,-83,83,-56,-64,59,70,-38,28,17,-21,87,-40,112,-29,21,-45,47,35,-31,-17,-21,-59,-49,-3,98,-78,-67,-101,-105,-38,115,-18,-62,-72,-20,-42,37,57,49,104,-71,62,-36,-101,-79,47,-79,-93,42,21,24,58,-104,-12,-21,24,52
2071,1,-90,-90,-90,-83,-83,-83,-83,-83,83,-56,-64,59,70,-38,28,17,-21,87,-40,112,-29,21,-45,47,35,-31,-17,-21,-59,-49,-3,98,-78,-67,-101,-105,-38,115,-18,-62,-72,-20,-42,37,57,49,104,-71,62,-36,-101,-79,47,-79,-93,42,21,24,58,-104,-12,-21,24,52
2072,1,-90,-90,-90,-83,-83,-83,-83,-83,83,-56,-64,59,70,-38,28,17,-21,87,-40,112,-29,21,-45,47,35,-31,-17,-21,-59,-49,-3,98,-78,-67,-101,-105,-38,115,-18,-62,-72,-20,-42,37,57,49,104,-71,62,-36,-101,-79,47,-79,-93,42,21,24,58,-104,-12,-21,24,52
2073,1,-53,-53,-53,-53,-62,-62,-62,-62,68,83,-56,-64,59,70,-38,28,17,-21,87,-40,112,-29,21,-45,47,35,-31,-17,-21,-59,-49,-3,-43,-92,-32,32,-58,76,71,99,-33,92,125,-86,-24,99,-110,-12,3,83,-3,-125,123,27,98,18,-96,-105,-111,111,-96,-91,34,-87
2074,1,-53,-53,-53,-53,-62,-62,-62,-62,68,83,-56,-64,59,70,-38,28,17,-21,87,-40,112,-29,21,-45,47,35,-31,-17,-21,-59,-49,-3,-43,-92,-32,32,-58,76,71,99,-33,92,125,-86,-24,99,-110,-12,3,83,-3,-125,123,27,98,18,-96,-105,-111,111,-96,-91,34,-87
2075,1,-53,-53,-53,-53,-62,-62,-62,-62,68,83,-56,-64,59,70,-38,28,17,-21,87,-40,112,-29,21,-45,47,35,-31,-17,-21,-59,-49,-3,-43,-92,-32,32,-58,76,71,99,-33,92,125,-86,-24,99,-110,-12,3,83,-3,-125,123,27,98,18,-96,-105,-111,111,-96,-91,34,-87
2076,1,73,73,73,73,73,7,7,7,45,68,83,-56,-64,59,70,-38,28,17,-21,87,-40,112,-29,21,-45,47,35,-31,-17,-21,-59,-49,4,-71,27,-20,6,-17,114,-5,-75,96,26,19,46,71,-49,-85,103,-102,116,14,110,52,-58,30,-80,-92,-17,99,74,-105,70,-86
2077,1,73,73,73,73,73,7,7,7,45,68,83,-56,-64,59,70,-38,28,17,-21,87,-40,112,-29,21,-45,47,35,-31,-17,-21,-59,-49,4,-71,27,-20,6,-17,114,-5,-75,96,26,19,46,71,-49,-85,103,-102,116,14,110,52,-58,30,-80,-92,-17,99,74,-105,70,-86
2078,1,73,73,73,73,73,7,7,7,45,68,83,-56,-64,59,70,-38,28,17,-21,87,-40,112,-29,21,-45,47,35,-31,-17,-21,-59,-49,4,-71,27,-20,6,-17,114,-5,-75,96,26,19,46,71,-49,-85,103,-102,116,14,110,52,-58,30,-80,-92,-17,99,74,-105,70,-86
2079,1,54,-14,-14,-14,-14,-14,102,102,112,45,68,83,-56,-64,59,70,-38,28,17,-21,87,-40,112,-29,21,-45,47,35,-31,-17,-21,-59,47,-57,111,122,-113,58,-14,30,-37,-66,55,2,-82,26,20,25,-71,-34,-74,48,31,-32,-126,36,-90,80,70,-38,-64,-44,32,-109
2080,1,54,-14,-14,-14,-14,-14,102,102,112,45,68,83,-56,-64,59,70,-38,28,17,-21,87,-40,112,-29,21,-45,47,35,-31,-17,-21,-59,47,-57,111,122,-113,58,-14,30,-37,-66,55,2,-82,26,20,25,-71,-34,-74,48,31,-32,-126,36,-90,80,70,-38,-64,-44,32,-109
2081,1,54,-14,-14,-14,-14,-14,102,102,112,45,68,83,-56,-64,59,70,-38,28,17,-21,87,-40,112,-29,21,-45,47,35,-31,-17,-21,-59,47,-57,111,122,-113,58,-14,30,-37,-66,55,2,-82,26,20,25,-71,-34,-74,48,31,-32,-126,36,-90,80,70,-38,-64,-44,32,-109
2082,1,-58,-58,-90,-90,-90,-90,-90,-101,118,112,45,68,83,-56,-64,59,70,-38,28,17,-21,87,-40,112,-29,21,-45,47,35,-31,-17,-21,-122,107,-45,-85,-72,45,57,-13,99,48,27,-119,-110,-72,96,53,-71,100,-14,77,-94,-78,76,18,121,45,-47,62,42,117,101,-83
2083,1,-58,-58,-90,-90,-90,-90,-90,-101,118,112,45,68,83,-56,-64,59,70,-38,28,17,-21,87,-40,112,-29,21,-45,47,35,-31,-17,-21,-122,107,-45,-85,-72,45,57,-13,99,48,27,-119,-110,-72,96,53,-71,100,-14,77,-94,-78,76,18,121,45,-47,62,42,117,101,-83
2084,1,-58,-58,-90,-90,-90,-90,-90,-101,118,112,45,68,83,-56,-64,59,70,-38,28,17,-21,87,-40,112,-29,21,-45,47,35,-31,-17,-21,-122,107,-45,-85,-72,45,57,-13,99,48,27,-119,-110,-72,96,53,-71,100,-14,77,-94,-78,76,18,121,45,-47,62,42,117,101,-83
2085,1,106,106,106,-123,-123,-123,-123,-123,53,118,112,45,68,83,-56,-64,59,70,-38,28,17,-21,87,-40,112,-29,21,-45,47,35,-31,-17,-60,104,-78,88,14,97,-36,124,116,-13,3,10,-92,-37,-76,35,54,57,-62,-71,-83,-50,21,-54,53,113,-82,48,-51,-24,-9,81
2086,1,106,106,106,-123,-123,-123,-123,-123,53,118,112,45,68,83,-56,-64,59,70,-38,28,17,-21,87,-40,112,-29,21,-45,47,35,-31,-17,-60,104,-78,88,14,97,-36,124,116,-13,3,10,-92,-37,-76,35,54,57,-62,-71,-83,-50,21,-54,53,113,-82,48,-51,-24,-9,81
2087,1,106,106,106,-123,-123,-123,-123,-123,53,118,112,45,68,83,-56,-64,59,70,-38,28,17,-21,87,-40,112,-29,21,-45,47,35,-31,-17,-60,104,-78,88,14,97,-36,124,116,-13,3,10,-92,-37,-76,35,54,57,-62,-71,-83,-50,21,-54,53,113,-82,48,-51,-24,-9,81
2088,1,83,83,83,83,103,103,103,103,-89,53,118,112,45,68,83,-56,-64,59,70,-38,28,17,-21,87,-40,112,-29,21,-45,47,35,-31,-124,-96,-25,116,-52,3,50,104,35,-44,-109,98,72,6,5,65,-8,-23,-102,-28,26,37,7,71,-79,-79,-113,111,-30,3,61,-4
2089,1,83,83,83,83,103,103,103,103,-89,53,118,112,45,68,83,-56,-64,59,70,-38,28,17,-21,87,-40,112,-29,21,-45,47,35,-31,-124,-96,-25,116,-52,3,50,104,35,-44,-109,98,72,6,5,65,-8,-23,-102,-28,26,37,7,71,-79,-79,-113,111,-30,3,61,-4
2090,1,83,83,83,83,103,103,103,103,-89,53,118,112,45,68,83,-56,-64,59,70,-38,28,17,-21,87,-40,112,-29,21,-45,47,35,-31,-124,-96,-25,116,-52,3,50,104,35,-44,-109,98,72,6,5,65,-8,-23,-102,-28,26,37,7,71,-79,-79,-113,111,-30,3,61,-4
2091,1,33,33,33,33,33,127,127,127,22,-89,53,118,112,45,68,83,-56,-64,59,70,-38,28,17,-21,87,-40,112,-29,21,-45,47,35,-58,50,-112,-20,-122,-88,108,65,40,-124,92,104,-36,82,42,94,50,-30,125,121,-46,59,77,57,99,125,-99,-91,-62,12,58,-31
2092,1,33,33,33,33,33,127,127,127,22,-89,53,118,112,45,68,83,-56,-64,59,70,-38,28,17,-21,87,-40,112,-29,21,-45,47,35,-58,50,-112,-20,-122,-88,108,65,40,-124,92,104,-36,82,42,94,50,-30,125,121,-46,59,77,57,99,125,-99,-91,-62,12,58,-31
2093,1,33,33,33,33,33,127,127,127,22,-89,53,118,112,45,68,83,-56,-64,59,70,-38,28,17,-21,87,-40,112,-29,21,-45,47,35,-58,50,-112,-20,-122,-88,108,65,40,-124,92,104,-36,82,42,94,50,-30,125,121,-46,59,77,57,99,125,-99,-91,-62,12,58,-31
2094,1,116,8,8,8,8,8,118,118,-90,22,-89,53,118,112,45,68,83,-56,-64,59,70,-38,28,17,-21,87,-40,112,-29,21,-45,47,44,-28,4,-8,67,2,56,69,120,64,76,91,120,-53,-126,-98,33,-127,81,98,49,-53,40,-105,120,-77,-5,-65,119,-91,-95,-18
2095,1,116,8,8,8,8,8,118,118,-90,22,-89,53,118,112,45,68,83,-56,-64,59,70,-38,28,17,-21,87,-40,112,-29,21,-45,47,44,-28,4,-8,67,2,56,69,120,64,76,91,120,-53,-126,-98,33,-127,81,98,49,-53,40,-105,120,-77,-5,-65,119,-91,-95,-18
2096,1,116,8,8,8,8,8,118,118,-90,22,-89,53,118,112,45,68,83,-56,-64,59,70,-38,28,17,-21,87,-40,112,-29,21,-45,47,44,-28,4,-8,67,2,56,69,120,64,76,91,120,-53,-126,-98,33,-127,81,98,49,-53,40,-105,120,-77,-5,-65,119,-91,-95,-18
2097,1,-30,-30,-52,-52,-52,-52,-52,8,-53,-90,22,-89,53,118,112,45,68,83,-56,-64,59,70,-38,28,17,-21,87,-40,112,-29,21,-45,-22,-112,28,-106,95,81,119,-59,-113,-1,-119,90,13,-49,-8,87,77,115,40,-98,20,-20,-112,-10,-31,63,-65,10,14,-46,-22,55
2098,1,-30,-30,-52,-52,-52,-52,-52,8,-53,-90,22,-89,53,118,112,45,68,83,-56,-64,59,70,-38,28,17,-21,87,-40,112,-29,21,-45,-22,-112,28,-106,95,81,119,-59,-113,-1,-119,90,13,-49,-8,87,77,115,40,-98,20,-20,-112,-10,-31,63,-65,10,14,-46,-22,55
2099,1,-30,-30,-52,-52,-52,-52,-52,8,-53,-90,22,-89,53,118,112,45,68,83,-56,-64,59,70,-38,28,17,-21,87,-40,112,-29,21,-45,-22,-112,28,-106,95,81,119,-59,-113,-1,-119,90,13,-49,-8,87,77,115,40,-98,20,-20,-112,-10,-31,63,-65,10,14,-46,-22,55
2100,1,6,6,6,81,81,81,81,81,73,-53,-90,22,-89,53,118,112,45,68,83,-56,-64,59,70,-38,28,17,-21,87,-40,112,-29,21,94,-53,127,32,103,101,72,56,-8,127,86,-125,-107,100,62,-4,126,14,-105,63,-101,8,77,86,106,95,13,120,97,3,-87,-61
2101,1,6,6,6,81,81,81,81,81,73,-53,-90,22,-89,53,118,112,45,68,83,-56,-64,59,70,-38,28,17,-21,87,-40,112,-29,21,94,-53,127,32,103,101,72,56,-8,127,86,-125,-107,100,62,-4,126,14,-105,63,-101,8,77,86,106,95,13,120,97,3,-87,-61
2102,1,6,6,6,81,81,81,81,81,73,-53,-90,22,-89,53,118,112,45,68,83,-56,-64,59,70,-38,28,17,-21,87,-40,112,-29,21,94,-53,127,32,103,101,72,56,-8,127,86,-125,-107,100,62,-4,126,14,-105,63,-101,8,77,86,106,95,13,120,97,3,-87,-61
2103,1,-112,-112,-112,-112,-54,-54,-54,-54,54,73,-53,-90,22,-89,53,118,112,45,68,83,-56,-64,59,70,-38,28,17,-21,87,-40,112,-29,-103,-22,-110,90,24,-120,-35,-34,123,31,43,-63,-32,40,23,-33,-55,-3,-33,44,-103,-117,-9,45,-103,-48,-12,15,-52,-104,-87,-90
2104,1,-112,-112,-112,-112,-54,-54,-54,-54,54,73,-53,-90,22,-89,53,118,112,45,68,83,-56,-64,59,70,-38,28,17,-21,87,-40,112,-29,-103,-22,-110,90,24,-120,-35,-34,123,31,43,-63,-32,40,23,-33,-55,-3,-33,44,-103,-117,-9,45,-103,-48,-12,15,-52,-104,-87,-90
2105,1,-112,-112,-112,-112,-54,-54,-54,-54,54,73,-53,-90,22,-89,53,118,112,45,68,83,-56,-64,59,70,-38,28,17,-21,87,-40,112,-29,-103,-22,-110,90,24,-120,-35,-34,123,31,43,-63,-32,40,23,-33,-55,-3,-33,44,-103,-117,-9,45,-103,-48,-12,15,-52,-104,-87,-90
2106,1,85,85,85,85,85,122,122,122,-58,54,73,-53,-90,22,-89,53,118,112,45,68,83,-56,-64,59,70,-38,28,17,-21,87,-40,112,-103,-53,-50,-13,0,52,126,-111,37,5,66,92,82,-68,-77,-42,28,109,86,10,-124,-84,44,36,-101,-60,44,50,111,-8,-49,-126
2107,1,85,85,85,85,85,122,122,122,-58,54,73,-53,-90,22,-89,53,118,112,45,68,83,-56,-64,59,70,-38,28,17,-21,87,-40,112,-103,-53,-50,-13,0,52,126,-111,37,5,66,92,82,-68,-77,-42,28,109,86,10,-124,-84,44,36,-101,-60,44,50,111,-8,-49,-126
2108,1,85,85,85,85,85,122,122,122,-58,54,73,-53,-90,22,-89,53,118,112,45,68,83,-56,-64,59,70,-38,28,17,-21,87,-40,112,-103,-53,-50,-13,0,52,126,-111,37,5,66,92,82,-68,-77,-42,28,109,86,10,-124,-84,44,36,-101,-60,44,50,111,-8,-49,-126
2109,1,-75,127,127,127,127,127,-104,-104,106,-58,54,73,-53,-90,22,-89,53,118,112,45,68,83,-56,-64,59,70,-38,28,17,-21,87,-40,-10,-56,-48,83,50,44,-55,80,-23,57,-3,-125,86,-6,-39,2,-92,-122,27,-99,-38,-4,120,126,121,-100,-12,-50,56,79,-5,-72
2110,1,-75,127,127,127,127,127,-104,-104,106,-58,54,73,-53,-90,22,-89,53,118,112,45,68,83,-56,-64,59,70,-38,28,17,-21,87,-40,-10,-56,-48,83,50,44,-55,80,-23,57,-3,-125,86,-6,-39,2,-92,-122,27,-99,-38,-4,120,126,121,-100,-12,-50,56,79,-5,-72
2111,1,-75,127,127,127,127,127,-104,-104,106,-58,54,73,-53,-90,22,-89,53,118,112,45,68,83,-56,-64,59,70,-38,28,17,-21,87,-40,-10,-56,-48,83,50,44,-55,80,-23,57,-3,-125,86,-6,-39,2,-92,-122,27,-99,-38,-4,120,126,121,-100,-12,-50,56,79,-5,-72
2112,1,17,17,2,2,2,2,2,-38,83,106,-58,54,73,-53,-90,22,-89,53,118,112,45,68,83,-56,-64,59,70,-38,28,17,-21,87,105,36,82,63,-96,-5,53,84,79,-80,-33,-123,18,32,-88,111,122,63,117,88,44,127,-39,108,-66,-106,116,75,70,51,34,27
2113,1,17,17,2,2,2,2,2,-38,83,106,-58,54,73,-53,-90,22,-89,53,118,112,45,68,83,-56,-64,59,70,-38,28,17,-21,87,105,36,82,63,-96,-5,53,84,79,-80,-33,-123,18,32,-88,111,122,63,117,88,44,127,-39,108,-66,-106,116,75,70,51,34,27
2114,1,17,17,2,2,2,2,2,-38,83,106,-58,54,73,-53,-90,22,-89,53,118,112,45,68,83,-56,-64,59,70,-38,28,17,-21,87,105,36,82,63,-96,-5,53,84,79,-80,-33,-123,18,32,-88,111,122,63,117,88,44,127,-39,108,-66,-106,116,75,70,51,34,27
2115,1,43,43,43,11,11,11,11,11,33,83,106,-58,54,73,-53,-90,22,-89,53,118,112,45,68,83,-56,-64,59,70,-38,28,17,-21,84,-102,-113,113,122,-72,-92,114,4,-56,-19,-8,61,26,-14,-112,77,81,-8,-82,-15,-100,-40,88,55,31,-79,-86,112,-37,79,1
2116,1,43,43,43,11,11,11,11,11,33,83,106,-58,54,73,-53,-90,22,-89,53,118,112,45,68,83,-56,-64,59,70,-38,28,17,-21,84,-102,-113,113,122,-72,-92,114,4,-56,-19,-8,61,26,-14,-112,77,81,-8,-82,-15,-100,-40,88,55,31,-79,-86,112,-37,79,1
2117,1,43,43,43,11,11,11,11,11,33,83,106,-58,54,73,-53,-90,22,-89,53,118,112,45,68,83,-56,-64,59,70,-38,28,17,-21,84,-102,-113,113,122,-72,-92,114,4,-56,-19,-8,61,26,-14,-112,77,81,-8,-82,-15,-100,-40,88,55,31,-79,-86,112,-37,79,1
2118,1,87,87,87,87,26,26,26,26,116,33,83,106,-58,54,73,-53,-90,22,-89,53,118,112,45,68,83,-56,-64,59,70,-38,28,17,77,-55,76,-92,125,21,117,18,35,56,106,16,111,23,-15,-48,-73,-44,3,115,-27,28,-59,11,7,120,127,100,36,125,58,70
2119,1,87,87,87,87,26,26,26,26,116,33,83,106,-58,54,73,-53,-90,22,-89,53,118,112,45,68,83,-56,-64,59,70,-38,28,17,77,-55,76,-92,125,21,117,18,35,56,106,16,111,23,-15,-48,-73,-44,3,115,-27,28,-59,11,7,120,127,100,36,125,58,70
2120,1,87,87,87,87,26,26,26,26,116,33,83,106,-58,54,73,-53,-90,22,-89,53,118,112,45,68,83,-56,-64,59,70,-38,28,17,77,-55,76,-92,125,21,117,18,35,56,106,16,111,23,-15,-48,-73,-44,3,115,-27,28,-59,11,7,120,127,100,36,125,58,70
2121,1,-32,-32,-32,-32,-32,49,49,49,-30,116,33,83,106,-58,54,73,-53,-90,22,-89,53,118,112,45,68,83,-56,-64,59,70,-38,28,89,60,40,50,-11,-105,87,-71,-107,-51,64,20,99,-2,26,-76,58,-96,100,-74,-122,-74,-7,-51,44,81,122,-6,-119,87,55,70
2122,1,-32,-32,-32,-32,-32,49,49,49,-30,116,33,83,106,-58,54,73,-53,-90,22,-89,53,118,112,45,68,83,-56,-64,59,70,-38,28,89,60,40,50,-11,-105,87,-71,-107,-51,64,20,99,-2,26,-76,58,-96,100,-74,-122,-74,-7,-51,44,81,122,-6,-119,87,55,70
2123,1,-32,-32,-32,-32,-32,49,49,49,-30,116,33,83,106,-58,54,73,-53,-90,22,-89,53,118,112,45,68,83,-56,-64,59,70,-38,28,89,60,40,50,-11,-105,87,-71,-107,-51,64,20,99,-2,26,-76,58,-96,100,-74,-122,-74,-7,-51,44,81,122,-6,-119,87,55,70
2124,1,-67,74,74,74,74,74,74,74,6,-30,116,33,83,106,-58,54,73,-53,-90,22,-89,53,118,112,45,68,83,-56,-64,59,70,-38,-89,108,108,113,-60,102,-116,-76,-113,31,126,23,59,66,127,81,-118,68,74,15,-1,34,-76,78,31,-86,-63,12,-29,-72,-74,46
2125,1,-67,74,74,74,74,74,74,74,6,-30,116,33,83,106,-58,54,73,-53,-90,22,-89,53,118,112,45,68,83,-56,-64,59,70,-38,-89,108,108,113,-60,102,-116,-76,-113,31,126,23,59,66,127,81,-118,68,74,15,-1,34,-76,78,31,-86,-63,12,-29,-72,-74,46
2126,1,-67,74,74,74,74,74,74,74,6,-30,116,33,83,106,-58,54,73,-53,-90,22,-89,53,118,112,45,68,83,-56,-64,59,70,-38,-89,108,108,113,-60,102,-116,-76,-113,31,126,23,59,66,127,81,-118,68,74,15,-1,34,-76,78,31,-86,-63,12,-29,-72,-74,46
2127,1,18,18,-74,-74,-74,-74,-74,115,-112,6,-30,116,33,83,106,-58,54,73,-53,-90,22,-89,53,118,112,45,68,83,-56,-64,59,70,-1,100,-10,85,-35,53,31,116,43,-70,-94,-72,124,-98,85,0,114,-109,55,21,74,-95,-87,107,62,19,67,123,-63,-81,-38,98
2128,1,18,18,-74,-74,-74,-74,-74,115,-112,6,-30,116,33,83,106,-58,54,73,-53,-90,22,-89,53,118,112,45,68,83,-56,-64,59,70,-1,100,-10,85,-35,53,31,116,43,-70,-94,-72,124,-98,85,0,114,-109,55,21,74,-95,-87,107,62,19,67,123,-63,-81,-38,98
2129,1,18,18,-74,-74,-74,-74,-74,115,-112,6,-30,116,33,83,106,-58,54,73,-53,-90,22,-89,53,118,112,45,68,83,-56,-64,59,70,-1,100,-10,85,-35,53,31,116,43,-70,-94,-72,124,-98,85,0,114,-109,55,21,74,-95,-87,107,62,19,67,123,-63,-81,-38,98
2130,1,-77,-77,-77,-29,-29,-29,-29,-29,85,-112,6,-30,116,33,83,106,-58,54,73,-53,-90,22,-89,53,118,112,45,68,83,-56,-64,59,-90,-50,120,-69,88,115,24,-81,67,62,-90,21,40,100,54,-55,-103,50,-87,78,-108,61,63,-48,-25,-35,13,95,-51,58,61,75
2131,1,-77,-77,-77,-29,-29,-29,-29,-29,85,-112,6,-30,116,33,83,106,-58,54,73,-53,-90,22,-89,53,118,112,45,68,83,-56,-64,59,-90,-50,120,-69,88,115,24,-81,67,62,-90,21,40,100,54,-55,-103,50,-87,78,-108,61,63,-48,-25,-35,13,95,-51,58,61,75
2132,1,-77,-77,-77,-29,-29,-29,-29,-29,85,-112,6,-30,116,33,83,106,-58,54,73,-53,-90,22,-89,53,118,112,45,68,83,-56,-64,59,-90,-50,120,-69,88,115,24,-81,67,62,-90,21,40,100,54,-55,-103,50,-87,78,-108,61,63,-48,-25,-35,13,95,-51,58,61,75
2133,1,-15,-15,-15,-15,-109,-109,-109,-109,-75,85,-112,6,-30,116,33,83,106,-58,54,73,-53,-90,22,-89,53,118,112,45,68,83,-56,-64,-27,-12,57,88,-119,-11,-58,-119,-110,-41,121,116,-119,59,-89,48,-42,22,66,39,71,116,-47,-107,-39,114,-69,125,37,46,64,116
2134,1,-15,-15,-15,-15,-109,-109,-109,-109,-75,85,-112,6,-30,116,33,83,106,-58,54,73,-53,-90,22,-89,53,118,112,45,68,83,-56,-64,-27,-12,57,88,-119,-11,-58,-119,-110,-41,121,116,-119,59,-89,48,-42,22,66,39,71,116,-47,-107,-39,114,-69,125,37,46,64,116
2135,1,-15,-15,-15,-15,-109,-109,-109,-109,-75,85,-112,6,-30,116,33,83,106,-58,54,73,-53,-90,22,-89,53,118,112,45,68,83,-56,-64,-27,-12,57,88,-119,-11,-58,-119,-110,-41,121,116,-119,59,-89,48,-42,22,66,39,71,116,-47,-107,-39,114,-69,125,37,46,64,116
2136,1,-16,-16,-16,-16,-16,-60,-60,-60,17,-75,85,-112,6,-30,116,33,83,106,-58,54,73,-53,-90,22,-89,53,118,112,45,68,83,-56,-15,-52,46,-116,-57,-89,-18,-3,11,14,-13,50,-79,11,-27,-63,-15,124,39,-2,-36,0,28,-59,-119,-78,4,17,-29,100,-74,66
2137,1,-16,-16,-16,-16,-16,-60,-60,-60,17,-75,85,-112,6,-30,116,33,83,106,-58,54,73,-53,-90,22,-89,53,118,112,45,68,83,-56,-15,-52,46,-116,-57,-89,-18,-3,11,14,-13,50,-79,11,-27,-63,-15,124,39,-2,-36,0,28,-59,-119,-78,4,17,-29,100,-74,66
2138,1,-16,-16,-16,-16,-16,-60,-60,-60,17,-75,85,-112,6,-30,116,33,83,106,-58,54,73,-53,-90,22,-89,53,118,112,45,68,83,-56,-15,-52,46,-116,-57,-89,-18,-3,11,14,-13,50,-79,11,-27,-63,-15,124,39,-2,-36,0,28,-59,-119,-78,4,17,-29,100,-74,66
2139,1,-22,114,114,114,114,114,-81,-81,43,17,-75,85,-112,6,-30,116,33,83,106,-58,54,73,-53,-90,22,-89,53,118,112,45,68,83,-32,-4,64,75,87,5,-93,-103,-11,-46,-124,-33,37,-64,26,-92,85,7,114,54,66,5,-58,-107,-123,66,-42,17,29,-14,-103,-98
2140,1,-22,114,114,114,114,114,-81,-81,43,17,-75,85,-112,6,-30,116,33,83,106,-58,54,73,-53,-90,22,-89,53,118,112,45,68,83,-32,-4,64,75,87,5,-93,-103,-11,-46,-124,-33,37,-64,26,-92,85,7,114,54,66,5,-58,-107,-123,66,-42,17,29,-14,-103,-98
2141,1,-22,114,114,114,114,114,-81,-81,43,17,-75,85,-112,6,-30,116,33,83,106,-58,54,73,-53,-90,22,-89,53,118,112,45,68,83,-32,-4,64,75,87,5,-93,-103,-11,-46,-124,-33,37,-64,26,-92,85,7,114,54,66,5,-58,-107,-123,66,-42,17,29,-14,-103,-98
2142,1,-89,-89,110,110,110,110,110,101,87,43,17,-75,85,-112,6,-30,116,33,83,106,-58,54,73,-53,-90,22,-89,53,118,112,45,68,29,52,-108,-89,112,118,-85,56,85,34,-90,83,-16,-12,122,-35,-49,-49,-57,17,51,68,-125,16,-102,72,-20,-13,-63,119,23,78
2143,1,-89,-89,110,110,110,110,110,101,87,43,17,-75,85,-112,6,-30,116,33,83,106,-58,54,73,-53,-90,22,-89,53,118,112,45,68,29,52,-108,-89,112,118,-85,56,85,34,-90,83,-16,-12,122,-35,-49,-49,-57,17,51,68,-125,16,-102,72,-20,-13,-63,119,23,78
2144,1,-89,-89,110,110,110,110,110,101,87,43,17,-75,85,-112,6,-30,116,33,83,106,-58,54,73,-53,-90,22,-89,53,118,112,45,68,29,52,-108,-89,112,118,-85,56,85,34,-90,83,-16,-12,122,-35,-49,-49,-57,17,51,68,-125,16,-102,72,-20,-13,-63,119,23,78
2145,1,-109,-109,-109,-121,-121,-121,-121,-121,-32,87,43,17,-75,85,-112,6,-30,116,33,83,106,-58,54,73,-53,-90,22,-89,53,118,112,45,-11,-3,39,116,-11,-25,106,113,-87,-99,120,-114,23,63,-113,87,-68,63,115,46,-82,-44,-11,101,-81,52,124,28,-47,14,92,-31
2146,1,-109,-109,-109,-121,-121,-121,-121,-121,-32,87,43,17,-75,85,-112,6,-30,116,33,83,106,-58,54,73,-53,-90,22,-89,53,118,112,45,-11,-3,39,116,-11,-25,106,113,-87,-99,120,-114,23,63,-113,87,-68,63,115,46,-82,-44,-11,101,-81,52,124,28,-47,14,92,-31
2147,1,-109,-109,-109,-121,-121,-121,-121,-121,-32,87,43,17,-75,85,-112,6,-30,116,33,83,106,-58,54,73,-53,-90,22,-89,53,118,112,45,-11,-3,39,116,-11,-25,106,113,-87,-99,120,-114,23,63,-113,87,-68,63,115,46,-82,-44,-11,101,-81,52,124,28,-47,14,92,-31
2148,1,-113,-113,-113,-113,56,56,56,56,-67,-32,87,43,17,-75,85,-112,6,-30,116,33,83,106,-58,54,73,-53,-90,22,-89,53,118,112,69,-5,72,11,124,-113,-29,-116,32,106,45,-103,112,36,119,43,16,-42,53,-69,12,57,-30,86,66,-70,90,80,-58,-77,-59,71
2149,1,-113,-113,-113,-113,56,56,56,56,-67,-32,87,43,17,-75,85,-112,6,-30,116,33,83,106,-58,54,73,-53,-90,22,-89,53,118,112,69,-5,72,11,124,-113,-29,-116,32,106,45,-103,112,36,119,43,16,-42,53,-69,12,57,-30,86,66,-70,90,80,-58,-77,-59,71
2150,1,-113,-113,-113,-113,56,56,56,56,-67,-32,87,43,17,-75,85,-112,6,-30,116,33,83,106,-58,54,73,-53,-90,22,-89,53,118,112,69,-5,72,11,124,-113,-29,-116,32,106,45,-103,112,36,119,43,16,-42,53,-69,12,57,-30,86,66,-70,90,80,-58,-77,-59,71
2151,1,63,63,63,63,63,9,9,9,18,-67,-32,87,43,17,-75,85,-112,6,-30,116,33,83,106,-58,54,73,-53,-90,22,-89,53,118,-100,-124,52,66,-51,8,-118,-2,-33,-40,-97,-39,67,24,-102,126,4,-25,-75,78,66,95,91,-50,35,103,-102,-48,52,112,-118,-65
2152,1,63,63,63,63,63,9,9,9,18,-67,-32,87,43,17,-75,85,-112,6,-30,116,33,83,106,-58,54,73,-53,-90,22,-89,53,118,-100,-124,52,66,-51,8,-118,-2,-33,-40,-97,-39,67,24,-102,126,4,-25,-75,78,66,95,91,-50,35,103,-102,-48,52,112,-118,-65
2153,1,63,63,63,63,63,9,9,9,18,-67,-32,87,43,17,-75,85,-112,6,-30,116,33,83,106,-58,54,73,-53,-90,22,-89,53,118,-100,-124,52,66,-51,8,-118,-2,-33,-40,-97,-39,67,24,-102,126,4,-25,-75,78,66,95,91,-50,35,103,-102,-48,52,112,-118,-65
2154,1,-53,70,70,70,70,70,11,11,-77,18,-67,-32,87,43,17,-75,85,-112,6,-30,116,33,83,106,-58,54,73,-53,-90,22,-89,53,-93,24,-36,-26,-29,-4,24,-43,-105,11,-21,119,-13,34,63,-67,62,-53,-19,41,28,63,-77,52,-39,94,-6,101,-112,-125,-11,64
2155,1,-53,70,70,70,70,70,11,11,-77,18,-67,-32,87,43,17,-75,85,-112,6,-30,116,33,83,106,-58,54,73,-53,-90,22,-89,53,-93,24,-36,-26,-29,-4,24,-43,-105,11,-21,119,-13,34,63,-67,62,-53,-19,41,28,63,-77,52,-39,94,-6,101,-112,-125,-11,64
2156,1,-53,70,70,70,70,70,11,11,-77,18,-67,-32,87,43,17,-75,85,-112,6,-30,116,33,83,106,-58,54,73,-53,-90,22,-89,53,-93,24,-36,-26,-29,-4,24,-43,-105,11,-21,119,-13,34,63,-67,62,-53,-19,41,28,63,-77,52,-39,94,-6,101,-112,-125,-11,64
2157,1,42,42,98,98,98,98,98,-33,-15,-77,18,-67,-32,87,43,17,-75,85,-112,6,-30,116,33,83,106,-58,54,73,-53,-90,22,-89,-4,86,-125,-77,-92,-88,87,-3,-96,-20,94,-39,123,51,51,108,-62,-123,-65,34,-110,73,81,-68,-37,-10,-110,45,-3,-122,-11,99
2158,1,42,42,98,98,98,98,98,-33,-15,-77,18,-67,-32,87,43,17,-75,85,-112,6,-30,116,33,83,106,-58,54,73,-53,-90,22,-89,-4,86,-125,-77,-92,-88,87,-3,-96,-20,94,-39,123,51,51,108,-62,-123,-65,34,-110,73,81,-68,-37,-10,-110,45,-3,-122,-11,99
2159,1,42,42,98,98,98,98,98,-33,-15,-77,18,-67,-32,87,43,17,-75,85,-112,6,-30,116,33,83,106,-58,54,73,-53,-90,22,-89,-4,86,-125,-77,-92,-88,87,-3,-96,-20,94,-39,123,51,51,108,-62,-123,-65,34,-110,73,81,-68,-37,-10,-110,45,-3,-122,-11,99
2160,1,-116,-116,-116,-80,-80,-80,-80,-80,-16,-15,-77,18,-67,-32,87,43,17,-75,85,-112,6,-30,116,33,83,106,-58,54,73,-53,-90,22,-1,-112,-42,-28,-4,68,-4,-36,94,-88,38,-110,-113,106,-125,-75,-67,-44,106,-47,46,125,55,96,-87,28,8,-80,-19,-99,53,-87
2161,1,-116,-116,-116,-80,-80,-80,-80,-80,-16,-15,-77,18,-67,-32,87,43,17,-75,85,-112,6,-30,116,33,83,106,-58,54,73,-53,-90,22,-1,-112,-42,-28,-4,68,-4,-36,94,-88,38,-110,-113,106,-125,-75,-67,-44,106,-47,46,125,55,96,-87,28,8,-80,-19,-99,53,-87
2162,1,-116,-116,-116,-80,-80,-80,-80,-80,-16,-15,-77,18,-67,-32,87,43,17,-75,85,-112,6,-30,116,33,83,106,-58,54,73,-53,-90,22,-1,-112,-42,-28,-4,68,-4,-36,94,-88,38,-110,-113,106,-125,-75,-67,-44,106,-47,46,125,55,96,-87,28,8,-80,-19,-99,53,-87
2163,1,49,49,49,49,-3,-3,-3,-3,-22,-16,-15,-77,18,-67,-32,87,43,17,-75,85,-112,6,-30,116,33,83,106,-58,54,73,-53,-90,56,-56,98,-104,85,46,-6,95,93,-16,12,-37,-73,20,-31,-89,85,-89,109,-67,24,16,-7,73,121,-40,-24,90,76,18,91,91
2164,1,49,49,49,49,-3,-3,-3,-3,-22,-16,-15,-77,18,-67,-32,87,43,17,-75,85,-112,6,-30,116,33,83,106,-58,54,73,-53,-90,56,-56,98,-104,85,46,-6,95,93,-16,12,-37,-73,20,-31,-89,85,-89,109,-67,24,16,-7,73,121,-40,-24,90,76,18,91,91
2165,1,49,49,49,49,-3,-3,-3,-3,-22,-16,-15,-77,18,-67,-32,87,43,17,-75,85,-112,6,-30,116,33,83,106,-58,54,73,-53,-90,56,-56,98,-104,85,46,-6,95,93,-16,12,-37,-73,20,-31,-89,85,-89,109,-67,24,16,-7,73,121,-40,-24,90,76,18,91,91
2166,1,-94,-94,-94,-94,-94,46,46,46,-89,-22,-16,-15,-77,18,-67,-32,87,43,17,-75,85,-112,6,-30,116,33,83,106,-58,54,73,-53,7,-68,-62,-72,-25,103,101,99,36,108,122,49,-24,46,93,126,-71,-81,23,24,73,-127,106,-71,-113,-91,-35,80,-47,-95,98,-127
2167,1,-94,-94,-94,-94,-94,46,46,46,-89,-22,-16,-15,-77,18,-67,-32,87,43,17,-75,85,-112,6,-30,116,33,83,106,-58,54,73,-53,7,-68,-62,-72,-25,103,101,99,36,108,122,49,-24,46,93,126,-71,-81,23,24,73,-127,106,-71,-113,-91,-35,80,-47,-95,98,-127
2168,1,-94,-94,-94,-94,-94,46,46,46,-89,-22,-16,-15,-77,18,-67,-32,87,43,17,-75,85,-112,6,-30,116,33,83,106,-58,54,73,-53,7,-68,-62,-72,-25,103,101,99,36,108,122,49,-24,46,93,126,-71,-81,23,24,73,-127,106,-71,-113,-91,-35,80,-47,-95,98,-127
2169,1,12,-34,-34,-34,-34,-34,-85,-85,-109,-89,-22,-16,-15,-77,18,-67,-32,87,43,17,-75,85,-112,6,-30,116,33,83,106,-58,54,73,-114,-75,-29,-25,121,-46,78,20,-126,-53,-27,87,48,120,-34,-49,-13,99,120,-4,-69,5,-115,20,-76,107,-20,95,124,80,-51,-123
2170,1,12,-34,-34,-34,-34,-34,-85,-85,-109,-89,-22,-16,-15,-77,18,-67,-32,87,43,17,-75,85,-112,6,-30,116,33,83,106,-58,54,73,-114,-75,-29,-25,121,-46,78,20,-126,-53,-27,87,48,120,-34,-49,-13,99,120,-4,-69,5,-115,20,-76,107,-20,95,124,80,-51,-123
2171,1,12,-34,-34,-34,-34,-34,-85,-85,-109,-89,-22,-16,-15,-77,18,-67,-32,87,43,17,-75,85,-112,6,-30,116,33,83,106,-58,54,73,-114,-75,-29,-25,121,-46,78,20,-126,-53,-27,87,48,120,-34,-49,-13,99,120,-4,-69,5,-115,20,-76,107,-20,95,124,80,-51,-123
2172,1,-11,-11,77,77,77,77,77,-82,-113,-109,-89,-22,-16,-15,-77,18,-67,-32,87,43,17,-75,85,-112,6,-30,116,33,83,106,-58,54,-45,92,-3,3,34,-40,-88,42,32,108,-104,19,-16,77,86,-72,-98,38,43,118,-98,-69,94,90,-108,60,-112,-101,50,-93,75,15
2173,1,-11,-11,77,77,77,77,77,-82,-113,-109,-89,-22,-16,-15,-77,18,-67,-32,87,43,17,-75,85,-112,6,-30,116,33,83,106,-58,54,-45,92,-3,3,34,-40,-88,42,32,108,-104,19,-16,77,86,-72,-98,38,43,118,-98,-69,94,90,-108,60,-112,-101,50,-93,75,15
2174,1,-11,-11,77,77,77,77,77,-82,-113,-109,-89,-22,-16,-15,-77,18,-67,-32,87,43,17,-75,85,-112,6,-30,116,33,83,106,-58,54,-45,92,-3,3,34,-40,-88,42,32,108,-104,19,-16,77,86,-72,-98,38,43,118,-98,-69,94,90,-108,60,-112,-101,50,-93,75,15
2175,1,-127,-127,-127,49,49,49,49,49,63,-113,-109,-89,-22,-16,-15,-77,18,-67,-32,87,43,17,-75,85,-112,6,-30,116,33,83,106,-58,-89,-71,95,-21,84,-59,11,-48,106,125,108,86,104,99,10,107,-105,52,-37,-124,-117,33,-101,23,-101,-1,-65,-50,117,81,-92,-14
2176,1,-127,-127,-127,49,49,49,49,49,63,-113,-109,-89,-22,-16,-15,-77,18,-67,-32,87,43,17,-75,85,-112,6,-30,116,33,83,106,-58,-89,-71,95,-21,84,-59,11,-48,106,125,108,86,104,99,10,107,-105,52,-37,-124,-117,33,-101,23,-101,-1,-65,-50,117,81,-92,-14
2177,1,-127,-127,-127,49,49,49,49,49,63,-113,-109,-89,-22,-16,-15,-77,18,-67,-32,87,43,17,-75,85,-112,6,-30,116,33,83,106,-58,-89,-71,95,-21,84,-59,11,-48,106,125,108,86,104,99,10,107,-105,52,-37,-124,-117,33,-101,23,-101,-1,-65,-50,117,81,-92,-14
2178,1,31,31,31,31,-84,-84,-84,-84,-53,63,-113,-109,-89,-22,-16,-15,-77,18,-67,-32,87,43,17,-75,85,-112,6,-30,116,33,83,106,44,6,-6,-53,-80,47,17,-15,-5,31,98,36,101,126,-37,100,-31,-19,-73,-54,-94,0,103,107,-111,113,76,56,-97,-114,-10,-101
2179,1,31,31,31,31,-84,-84,-84,-84,-53,63,-113,-109,-89,-22,-16,-15,-77,18,-67,-32,87,43,17,-75,85,-112,6,-30,116,33,83,106,44,6,-6,-53,-80,47,17,-15,-5,31,98,36,101,126,-37,100,-31,-19,-73,-54,-94,0,103,107,-111,113,76,56,-97,-114,-10,-101
2180,1,31,31,31,31,-84,-84,-84,-84,-53,63,-113,-109,-89,-22,-16,-15,-77,18,-67,-32,87,43,17,-75,85,-112,6,-30,116,33,83,106,44,6,-6,-53,-80,47,17,-15,-5,31,98,36,101,126,-37,100,-31,-19,-73,-54,-94,0,103,107,-111,113,76,56,-97,-114,-10,-101
2181,1,-107,-107,-107,-107,-107,88,88,88,42,-53,63,-113,-109,-89,-22,-16,-15,-77,18,-67,-32,87,43,17,-75,85,-112,6,-30,116,33,83,43,-36,-82,100,-125,42,23,100,20,43,-87,-63,91,59,103,52,127,-118,59,76,-89,-34,-51,-66,67,53,4,62,-22,-46,-107,-117
2182,1,-107,-107,-107,-107,-107,88,88,88,42,-53,63,-113,-109,-89,-22,-16,-15,-77,18,-67,-32,87,43,17,-75,85,-112,6,-30,116,33,83,43,-36,-82,100,-125,42,23,100,20,43,-87,-63,91,59,103,52,127,-118,59,76,-89,-34,-51,-66,67,53,4,62,-22,-46,-107,-117
2183,1,-107,-107,-107,-107,-107,88,88,88,42,-53,63,-113,-109,-89,-22,-16,-15,-77,18,-67,-32,87,43,17,-75,85,-112,6,-30,116,33,83,43,-36,-82,100,-125,42,23,100,20,43,-87,-63,91,59,103,52,127,-118,59,76,-89,-34,-51,-66,67,53,4,62,-22,-46,-107,-117
2184,1,-48,-8,-8,-8,-8,-8,-121,-121,-116,42,-53,63,-113,-109,-89,-22,-16,-15,-77,18,-67,-32,87,43,17,-75,85,-112,6,-30,116,33,-3,46,-124,-17,-113,-28,-68,47,-28,23,-70,-43,-53,51,57,71,-112,13,-8,-22,-3,118,-68,8,-34,-106,116,50,-29,-67,65,38
2185,1,-48,-8,-8,-8,-8,-8,-121,-121,-116,42,-53,63,-113,-109,-89,-22,-16,-15,-77,18,-67,-32,87,43,17,-75,85,-112,6,-30,116,33,-3,46,-124,-17,-113,-28,-68,47,-28,23,-70,-43,-53,51,57,71,-112,13,-8,-22,-3,118,-68,8,-34,-106,116,50,-29,-67,65,38
2186,1,-48,-8,-8,-8,-8,-8,-121,-121,-116,42,-53,63,-113,-109,-89,-22,-16,-15,-77,18,-67,-32,87,43,17,-75,85,-112,6,-30,116,33,-3,46,-124,-17,-113,-28,-68,47,-28,23,-70,-43,-53,51,57,71,-112,13,-8,-22,-3,118,-68,8,-34,-106,116,50,-29,-67,65,38
2187,1,12,12,-112,-112,-112,-112,-112,92,49,-116,42,-53,63,-113,-109,-89,-22,-16,-15,-77,18,-67,-32,87,43,17,-75,85,-112,6,-30,116,-114,-112,-69,-105,-42,122,40,85,-61,111,-5,-99,33,110,-25,8,83,-126,-107,59,-2,24,-115,-19,19,39,50,-82,-112,104,109,46
2188,1,12,12,-112,-112,-112,-112,-112,92,49,-116,42,-53,63,-113,-109,-89,-22,-16,-15,-77,18,-67,-32,87,43,17,-75,85,-112,6,-30,116,-114,-112,-69,-105,-42,122,40,85,-61,111,-5,-99,33,110,-25,8,83,-126,-107,59,-2,24,-115,-19,19,39,50,-82,-112,104,109,46
2189,1,12,12,-112,-112,-112,-112,-112,92,49,-116,42,-53,63,-113,-109,-89,-22,-16,-15,-77,18,-67,-32,87,43,17,-75,85,-112,6,-30,116,-114,-112,-69,-105,-42,122,40,85,-61,111,-5,-99,33,110,-25,8,83,-126,-107,59,-2,24,-115,-19,19,39,50,-82,-112,104,109,46
2190,1,-9,-9,-9,-93,-93,-93,-93,-93,-94,49,-116,42,-53,63,-113,-109,-89,-22,-16,-15,-77,18,-67,-32,87,43,17,-75,85,-112,6,-30,6,44,16,-17,-15,12,91,127,-27,63,-39,10,-125,-113,-5,27,87,8,105,-12,101,54,49,-5,122,66,-71,99,22,-63,103,-102
2191,1,-9,-9,-9,-93,-93,-93,-93,-93,-94,49,-116,42,-53,63,-113,-109,-89,-22,-16,-15,-77,18,-67,-32,87,43,17,-75,85,-112,6,-30,6,44,16,-17,-15,12,91,127,-27,63,-39,10,-125,-113,-5,27,87,8,105,-12,101,54,49,-5,122,66,-71,99,22,-63,103,-102
2192,1,-9,-9,-9,-93,-93,-93,-93,-93,-94,49,-116,42,-53,63,-113,-109,-89,-22,-16,-15,-77,18,-67,-32,87,43,17,-75,85,-112,6,-30,6,44,16,-17,-15,12,91,127,-27,63,-39,10,-125,-113,-5,27,87,8,105,-12,101,54,49,-5,122,66,-71,99,22,-63,103,-102
2193,1,26,26,26,26,78,78,78,78,12,-94,49,-116,42,-53,63,-113,-109,-89,-22,-16,-15,-77,18,-67,-32,87,43,17,-75,85,-112,6,111,50,-19,47,16,58,-65,-58,-123,-88,68,79,-25,-31,7,119,31,97,-82,-97,-87,-85,-118,-66,96,-83,-59,-3,16,-61,-86,78
2194,1,26,26,26,26,78,78,78,78,12,-94,49,-116,42,-53,63,-113,-109,-89,-22,-16,-15,-77,18,-67,-32,87,43,17,-75,85,-112,6,111,50,-19,47,16,58,-65,-58,-123,-88,68,79,-25,-31,7,119,31,97,-82,-97,-87,-85,-118,-66,96,-83,-59,-3,16,-61,-86,78
2195,1,26,26,26,26,78,78,78,78,12,-94,49,-116,42,-53,63,-113,-109,-89,-22,-16,-15,-77,18,-67,-32,87,43,17,-75,85,-112,6,111,50,-19,47,16,58,-65,-58,-123,-88,68,79,-25,-31,7,119,31,97,-82,-97,-87,-85,-118,-66,96,-83,-59,-3,16,-61,-86,78
2196,1,-122,-122,-122,-122,-122,104,104,104,-11,12,-94,49,-116,42,-53,63,-113,-109,-89,-22,-16,-15,-77,18,-67,-32,87,43,17,-75,85,-112,-52,-88,86,-58,-24,-64,-92,-111,1,-60,108,-110,-101,57,117,-30,20,-50,116,47,46,125,106,55,-70,60,47,-76,25,-31,99,-63
2197,1,-122,-122,-122,-122,-122,104,104,104,-11,12,-94,49,-116,42,-53,63,-113,-109,-89,-22,-16,-15,-77,18,-67,-32,87,43,17,-75,85,-112,-52,-88,86,-58,-24,-64,-92,-111,1,-60,108,-110,-101,57,117,-30,20,-50,116,47,46,125,106,55,-70,60,47,-76,25,-31,99,-63
2198,1,-122,-122,-122,-122,-122,104,104,104,-11,12,-94,49,-116,42,-53,63,-113,-109,-89,-22,-16,-15,-77,18,-67,-32,87,43,17,-75,85,-112,-52,-88,86,-58,-24,-64,-92,-111,1,-60,108,-110,-101,57,117,-30,20,-50,116,47,46,125,106,55,-70,60,47,-76,25,-31,99,-63
2199,1,1,62,62,62,62,62,-69,-69,-127,-11,12,-94,49,-116,42,-53,63,-113,-109,-89,-22,-16,-15,-77,18,-67,-32,87,43,17,-75,85,-6,-112,-114,-106,-68,-102,-62,29,8,40,-51,80,-65,87,105,-60,117,-103,54,-70,53,108,19,-126,39,-90,6,-1,111,-73,-71,127
2200,1,1,62,62,62,62,62,-69,-69,-127,-11,12,-94,49,-116,42,-53,63,-113,-109,-89,-22,-16,-15,-77,18,-67,-32,87,43,17,-75,85,-6,-112,-114,-106,-68,-102,-62,29,8,40,-51,80,-65,87,105,-60,117,-103,54,-70,53,108,19,-126,39,-90,6,-1,111,-73,-71,127
2201,1,1,62,62,62,62,62,-69,-69,-127,-11,12,-94,49,-116,42,-53,63,-113,-109,-89,-22,-16,-15,-77,18,-67,-32,87,43,17,-75,85,-6,-112,-114,-106,-68,-102,-62,29,8,40,-51,80,-65,87,105,-60,117,-103,54,-70,53,108,19,-126,39,-90,6,-1,111,-73,-71,127
2202,1,-110,-110,-52,-52,-52,-52,-52,88,31,-127,-11,12,-94,49,-116,42,-53,63,-113,-109,-89,-22,-16,-15,-77,18,-67,-32,87,43,17,-75,-125,92,-113,109,-22,-37,-106,47,-25,-43,-50,57,-110,-80,66,-32,43,2,-42,123,-108,-50,-104,-114,-29,-111,22,-98,113,32,-105,31
2203,1,-110,-110,-52,-52,-52,-52,-52,88,31,-127,-11,12,-94,49,-116,42,-53,63,-113,-109,-89,-22,-16,-15,-77,18,-67,-32,87,43,17,-75,-125,92,-113,109,-22,-37,-106,47,-25,-43,-50,57,-110,-80,66,-32,43,2,-42,123,-108,-50,-104,-114,-29,-111,22,-98,113,32,-105,31
2204,1,-110,-110,-52,-52,-52,-52,-52,88,31,-127,-11,12,-94,49,-116,42,-53,63,-113,-109,-89,-22,-16,-15,-77,18,-67,-32,87,43,17,-75,-125,92,-113,109,-22,-37,-106,47,-25,-43,-50,57,-110,-80,66,-32,43,2,-42,123,-108,-50,-104,-114,-29,-111,22,-98,113,32,-105,31
2205,1,78,78,78,-51,-51,-51,-51,-51,-107,31,-127,-11,12,-94,49,-116,42,-53,63,-113,-109,-89,-22,-16,-15,-77,18,-67,-32,87,43,17,94,-75,107,-16,-59,17,-15,124,-83,72,-61,-82,1,-59,96,19,97,93,-121,-29,112,123,23,4,120,-6,76,62,-55,8,-69,121
2206,1,78,78,78,-51,-51,-51,-51,-51,-107,31,-127,-11,12,-94,49,-116,42,-53,63,-113,-109,-89,-22,-16,-15,-77,18,-67,-32,87,43,17,94,-75,107,-16,-59,17,-15,124,-83,72,-61,-82,1,-59,96,19,97,93,-121,-29,112,123,23,4,120,-6,76,62,-55,8,-69,121
2207,1,78,78,78,-51,-51,-51,-51,-51,-107,31,-127,-11,12,-94,49,-116,42,-53,63,-113,-109,-89,-22,-16,-15,-77,18,-67,-32,87,43,17,94,-75,107,-16,-59,17,-15,124,-83,72,-61,-82,1,-59,96,19,97,93,-121,-29,112,123,23,4,120,-6,76,62,-55,8,-69,121
2208,1,30,30,30,30,26,26,26,26,-48,-107,31,-127,-11,12,-94,49,-116,42,-53,63,-113,-109,-89,-22,-16,-15,-77,18,-67,-32,87,43,7,91,122,-39,46,85,63,-40,-90,-125,25,122,-35,97,89,-43,79,49,19,61,-116,48,105,100,85,-103,86,-18,112,119,16,-1
2209,1,30,30,30,30,26,26,26,26,-48,-107,31,-127,-11,12,-94,49,-116,42,-53,63,-113,-109,-89,-22,-16,-15,-77,18,-67,-32,87,43,7,91,122,-39,46,85,63,-40,-90,-125,25,122,-35,97,89,-43,79,49,19,61,-116,48,105,100,85,-103,86,-18,112,119,16,-1
2210,1,30,30,30,30,26,26,26,26,-48,-107,31,-127,-11,12,-94,49,-116,42,-53,63,-113,-109,-89,-22,-16,-15,-77,18,-67,-32,87,43,7,91,122,-39,46,85,63,-40,-90,-125,25,122,-35,97,89,-43,79,49,19,61,-116,48,105,100,85,-103,86,-18,112,119,16,-1
2211,1,84,84,84,84,84,-102,-102,-102,12,-48,-107,31,-127,-11,12,-94,49,-116,42,-53,63,-113,-109,-89,-22,-16,-15,-77,18,-67,-32,87,-76,29,84,50,6,-97,19,11,-85,-45,-20,17,-90,16,-23,15,30,-14,122,54,115,-119,97,63,-10,48,-43,-120,119,-118,113,126
2212,1,84,84,84,84,84,-102,-102,-102,12,-48,-107,31,-127,-11,12,-94,49,-116,42,-53,63,-113,-109,-89,-22,-16,-15,-77,18,-67,-32,87,-76,29,84,50,6,-97,19,11,-85,-45,-20,17,-90,16,-23,15,30,-14,122,54,115,-119,97,63,-10,48,-43,-120,119,-118,113,126
2213,1,84,84,84,84,84,-102,-102,-102,12,-48,-107,31,-127,-11,12,-94,49,-116,42,-53,63,-113,-109,-89,-22,-16,-15,-77,18,-67,-32,87,-76,29,84,50,6,-97,19,11,-85,-45,-20,17,-90,16,-23,15,30,-14,122,54,115,-119,97,63,-10,48,-43,-120,119,-118,113,126
2214,1,41,-27,-27,-27,-27,-27,-116,-116,-9,12,-48,-107,31,-127,-11,12,-94,49,-116,42,-53,63,-113,-109,-89,-22,-16,-15,-77,18,-67,-32,24,-94,-17,105,-85,62,27,59,-32,59,112,-62,31,102,57,-43,50,0,-40,-54,-41,-90,48,-63,-44,48,-127,-41,86,-56,79,-37
2215,1,41,-27,-27,-27,-27,-27,-116,-116,-9,12,-48,-107,31,-127,-11,12,-94,49,-116,42,-53,63,-113,-109,-89,-22,-16,-15,-77,18,-67,-32,24,-94,-17,105,-85,62,27,59,-32,59,112,-62,31,102,57,-43,50,0,-40,-54,-41,-90,48,-63,-44,48,-127,-41,86,-56,79,-37
2216,1,41,-27,-27,-27,-27,-27,-116,-116,-9,12,-48,-107,31,-127,-11,12,-94,49,-116,42,-53,63,-113,-109,-89,-22,-16,-15,-77,18,-67,-32,24,-94,-17,105,-85,62,27,59,-32,59,112,-62,31,102,57,-43,50,0,-40,-54,-41,-90,48,-63,-44,48,-127,-41,86,-56,79,-37
2217,1,109,109,1,1,1,1,1,-117,26,-9,12,-48,-107,31,-127,-11,12,-94,49,-116,42,-53,63,-113,-109,-89,-22,-16,-15,-77,18,-67,22,90,-47,72,55,-67,115,95,79,104,91,86,77,22,127,-74,-82,-59,-55,-126,-44,62,-41,-6,-26,-58,88,50,70,-123,20,-75
2218,1,109,109,1,1,1,1,1,-117,26,-9,12,-48,-107,31,-127,-11,12,-94,49,-116,42,-53,63,-113,-109,-89,-22,-16,-15,-77,18,-67,22,90,-47,72,55,-67,115,95,79,104,91,86,77,22,127,-74,-82,-59,-55,-126,-44,62,-41,-6,-26,-58,88,50,70,-123,20,-75
2219,1,109,109,1,1,1,1,1,-117,26,-9,12,-48,-107,31,-127,-11,12,-94,49,-116,42,-53,63,-113,-109,-89,-22,-16,-15,-77,18,-67,22,90,-47,72,55,-67,115,95,79,104,91,86,77,22,127,-74,-82,-59,-55,-126,-44,62,-41,-6,-26,-58,88,50,70,-123,20,-75
2220,1,-34,-34,-34,-124,-124,-124,-124,-124,-122,26,-9,12,-48,-107,31,-127,-11,12,-94,49,-116,42,-53,63,-113,-109,-89,-22,-16,-15,-77,18,27,-68,-64,44,-97,-4,53,-126,-40,107,18,115,-79,-64,-40,63,-55,122,-72,35,121,-8,-56,-44,104,61,70,-120,-90,127,49,1
2221,1,-34,-34,-34,-124,-124,-124,-124,-124,-122,26,-9,12,-48,-107,31,-127,-11,12,-94,49,-116,42,-53,63,-113,-109,-89,-22,-16,-15,-77,18,27,-68,-64,44,-97,-4,53,-126,-40,107,18,115,-79,-64,-40,63,-55,122,-72,35,121,-8,-56,-44,104,61,70,-120,-90,127,49,1
2222,1,-34,-34,-34,-124,-124,-124,-124,-124,-122,26,-9,12,-48,-107,31,-127,-11,12,-94,49,-116,42,-53,63,-113,-109,-89,-22,-16,-15,-77,18,27,-68,-64,44,-97,-4,53,-126,-40,107,18,115,-79,-64,-40,63,-55,122,-72,35,121,-8,-56,-44,104,61,70,-120,-90,127,49,1
2223,1,105,105,105,105,-58,-58,-58,-58,1,-122,26,-9,12,-48,-107,31,-127,-11,12,-94,49,-116,42,-53,63,-113,-109,-89,-22,-16,-15,-77,118,102,28,-61,-50,45,71,127,-102,-36,-51,105,-52,-64,-28,-83,33,27,-88,51,-103,-77,-96,65,3,10,76,105,-9,85,95,80
2224,1,105,105,105,105,-58,-58,-58,-58,1,-122,26,-9,12,-48,-107,31,-127,-11,12,-94,49,-116,42,-53,63,-113,-109,-89,-22,-16,-15,-77,118,102,28,-61,-50,45,71,127,-102,-36,-51,105,-52,-64,-28,-83,33,27,-88,51,-103,-77,-96,65,3,10,76,105,-9,85,95,80
2225,1,105,105,105,105,-58,-58,-58,-58,1,-122,26,-9,12,-48,-107,31,-127,-11,12,-94,49,-116,42,-53,63,-113,-109,-89,-22,-16,-15,-77,118,102,28,-61,-50,45,71,127,-102,-36,-51,105,-52,-64,-28,-83,33,27,-88,51,-103,-77,-96,65,3,10,76,105,-9,85,95,80
2226,1,-90,-90,-90,-90,-90,81,81,81,-110,1,-122,26,-9,12,-48,-107,31,-127,-11,12,-94,49,-116,42,-53,63,-113,-109,-89,-22,-16,-15,93,-19,-54,118,87,-7,106,-93,-51,3,-7,49,100,-113,5,-85,-3,19,-56,-45,-18,-88,-37,123,-105,-3,81,70,99,51,-21,63
2227,1,-90,-90,-90,-90,-90,81,81,81,-110,1,-122,26,-9,12,-48,-107,31,-127,-11,12,-94,49,-116,42,-53,63,-113,-109,-89,-22,-16,-15,93,-19,-54,118,87,-7,106,-93,-51,3,-7,49,100,-113,5,-85,-3,19,-56,-45,-18,-88,-37,123,-105,-3,81,70,99,51,-21,63
2228,1,-90,-90,-90,-90,-90,81,81,81,-110,1,-122,26,-9,12,-48,-107,31,-127,-11,12,-94,49,-116,42,-53,63,-113,-109,-89,-22,-16,-15,93,-19,-54,118,87,-7,106,-93,-51,3,-7,49,100,-113,5,-85,-3,19,-56,-45,-18,-88,-37,123,-105,-3,81,70,99,51,-21,63
2229,1,15,-32,-32,-32,-32,-32,-50,-50,78,-110,1,-122,26,-9,12,-48,-107,31,-127,-11,12,-94,49,-116,42,-53,63,-113,-109,-89,-22,-16,29,-107,114,89,88,0,-112,86,47,85,115,-98,-5,-114,27,13,-73,-123,78,91,71,70,91,-19,91,8,-20,76,-87,43,-55,25
2230,1,15,-32,-32,-32,-32,-32,-50,-50,78,-110,1,-122,26,-9,12,-48,-107,31,-127,-11,12,-94,49,-116,42,-53,63,-113,-109,-89,-22,-16,29,-107,114,89,88,0,-112,86,47,85,115,-98,-5,-114,27,13,-73,-123,78,91,71,70,91,-19,91,8,-20,76,-87,43,-55,25
2231,1,15,-32,-32,-32,-32,-32,-50,-50,78,-110,1,-122,26,-9,12,-48,-107,31,-127,-11,12,-94,49,-116,42,-53,63,-113,-109,-89,-22,-16,29,-107,114,89,88,0,-112,86,47,85,115,-98,-5,-114,27,13,-73,-123,78,91,71,70,91,-19,91,8,-20,76,-87,43,-55,25
2232,1,-11,-11,122,122,122,122,122,44,30,78,-110,1,-122,26,-9,12,-48,-107,31,-127,-11,12,-94,49,-116,42,-53,63,-113,-109,-89,-22,65,42,87,61,-43,68,71,-39,-62,10,-114,76,126,-59,-42,-55,71,78,38,124,79,-68,-126,-119,-97,93,21,29,-32,-25,-63,-94
2233,1,-11,-11,122,122,122,122,122,44,30,78,-110,1,-122,26,-9,12,-48,-107,31,-127,-11,12,-94,49,-116,42,-53,63,-113,-109,-89,-22,65,42,87,61,-43,68,71,-39,-62,10,-114,76,126,-59,-42,-55,71,78,38,124,79,-68,-126,-119,-97,93,21,29,-32,-25,-63,-94
2234,1,-11,-11,122,122,122,122,122,44,30,78,-110,1,-122,26,-9,12,-48,-107,31,-127,-11,12,-94,49,-116,42,-53,63,-113,-109,-89,-22,65,42,87,61,-43,68,71,-39,-62,10,-114,76,126,-59,-42,-55,71,78,38,124,79,-68,-126,-119,-97,93,21,29,-32,-25,-63,-94
2235,1,102,102,102,43,43,43,43,43,84,30,78,-110,1,-122,26,-9,12,-48,-107,31,-127,-11,12,-94,49,-116,42,-53,63,-113,-109,-89,42,8,112,-25,-34,126,-69,75,0,-13,115,-45,-29,-94,59,-88,103,115,-25,-55,-79,-12,93,92,53,58,46,105,-92,100,-100,49
2236,1,102,102,102,43,43,43,43,43,84,30,78,-110,1,-122,26,-9,12,-48,-107,31,-127,-11,12,-94,49,-116,42,-53,63,-113,-109,-89,42,8,112,-25,-34,126,-69,75,0,-13,115,-45,-29,-94,59,-88,103,115,-25,-55,-79,-12,93,92,53,58,46,105,-92,100,-100,49
2237,1,102,102,102,43,43,43,43,43,84,30,78,-110,1,-122,26,-9,12,-48,-107,31,-127,-11,12,-94,49,-116,42,-53,63,-113,-109,-89,42,8,112,-25,-34,126,-69,75,0,-13,115,-45,-29,-94,59,-88,103,115,-25,-55,-79,-12,93,92,53,58,46,105,-92,100,-100,49
2238,1,-93,-93,-93,-93,-67,-67,-67,-67,41,84,30,78,-110,1,-122,26,-9,12,-48,-107,31,-127,-11,12,-94,49,-116,42,-53,63,-113,-109,7,-34,60,-63,-73,8,117,38,-7,-56,78,-73,42,-12,-67,-23,-88,20,-120,-6,2,-56,31,109,-72,75,92,67,-12,2,-127,22
2239,1,-93,-93,-93,-93,-67,-67,-67,-67,41,84,30,78,-110,1,-122,26,-9,12,-48,-107,31,-127,-11,12,-94,49,-116,42,-53,63,-113,-109,7,-34,60,-63,-73,8,117,38,-7,-56,78,-73,42,-12,-67,-23,-88,20,-120,-6,2,-56,31,109,-72,75,92,67,-12,2,-127,22
2240,1,-93,-93,-93,-93,-67,-67,-67,-67,41,84,30,78,-110,1,-122,26,-9,12,-48,-107,31,-127,-11,12,-94,49,-116,42,-53,63,-113,-109,7,-34,60,-63,-73,8,117,38,-7,-56,78,-73,42,-12,-67,-23,-88,20,-120,-6,2,-56,31,109,-72,75,92,67,-12,2,-127,22
2241,1,123,123,123,123,123,-49,-49,-49,109,41,84,30,78,-110,1,-122,26,-9,12,-48,-107,31,-127,-11,12,-94,49,-116,42,-53,63,-113,107,-49,-106,-120,48,31,-109,64,-20,-78,-32,-8,-48,84,-69,71,-96,-84,125,69,50,115,126,110,-40,127,69,45,-19,-24,-30,-101
2242,1,123,123,123,123,123,-49,-49,-49,109,41,84,30,78,-110,1,-122,26,-9,12,-48,-107,31,-127,-11,12,-94,49,-116,42,-53,63,-113,107,-49,-106,-120,48,31,-109,64,-20,-78,-32,-8,-48,84,-69,71,-96,-84,125,69,50,115,126,110,-40,127,69,45,-19,-24,-30,-101
2243,1,123,123,123,123,123,-49,-49,-49,109,41,84,30,78,-110,1,-122,26,-9,12,-48,-107,31,-127,-11,12,-94,49,-116,42,-53,63,-113,107,-49,-106,-120,48,31,-109,64,-20,-78,-32,-8,-48,84,-69,71,-96,-84,125,69,50,115,126,110,-40,127,69,45,-19,-24,-30,-101
2244,1,98,34,34,34,34,34,-58,-58,-34,109,41,84,30,78,-110,1,-122,26,-9,12,-48,-107,31,-127,-11,12,-94,49,-116,42,-53,63,92,60,72,-49,-36,87,3,27,-110,-2,116,-43,118,100,-89,-20,-127,111,-101,118,74,-118,81,98,-104,-81,-23,-63,109,-116,89,88
2245,1,98,34,34,34,34,34,-58,-58,-34,109,41,84,30,78,-110,1,-122,26,-9,12,-48,-107,31,-127,-11,12,-94,49,-116,42,-53,63,92,60,72,-49,-36,87,3,27,-110,-2,116,-43,118,100,-89,-20,-127,111,-101,118,74,-118,81,98,-104,-81,-23,-63,109,-116,89,88
2246,1,98,34,34,34,34,34,-58,-58,-34,109,41,84,30,78,-110,1,-122,26,-9,12,-48,-107,31,-127,-11,12,-94,49,-116,42,-53,63,92,60,72,-49,-36,87,3,27,-110,-2,116,-43,118,100,-89,-20,-127,111,-101,118,74,-118,81,98,-104,-81,-23,-63,109,-116,89,88
2247,1,-118,-118,63,63,63,63,63,-10,105,-34,109,41,84,30,78,-110,1,-122,26,-9,12,-48,-107,31,-127,-11,12,-94,49,-116,42,-53,82,60,-67,-61,2,89,-68,12,-28,44,-123,-111,51,-82,11,-78,11,82,-84,38,22,-59,-35,27,-61,59,90,97,-123,79,-46,94
2248,1,-118,-118,63,63,63,63,63,-10,105,-34,109,41,84,30,78,-110,1,-122,26,-9,12,-48,-107,31,-127,-11,12,-94,49,-116,42,-53,82,60,-67,-61,2,89,-68,12,-28,44,-123,-111,51,-82,11,-78,11,82,-84,38,22,-59,-35,27,-61,59,90,97,-123,79,-46,94
2249,1,-118,-118,63,63,63,63,63,-10,105,-34,109,41,84,30,78,-110,1,-122,26,-9,12,-48,-107,31,-127,-11,12,-94,49,-116,42,-53,82,60,-67,-61,2,89,-68,12,-28,44,-123,-111,51,-82,11,-78,11,82,-84,38,22,-59,-35,27,-61,59,90,97,-123,79,-46,94
2250,1,-67,-67,-67,41,41,41,41,41,-90,105,-34,109,41,84,30,78,-110,1,-122,26,-9,12,-48,-107,31,-127,-11,12,-94,49,-116,42,-115,-119,-6,-107,-25,96,112,37,-70,34,123,7,-23,-48,60,-108,-88,4,2,-107,69,57,29,63,-76,-7,98,113,126,61,80,-126
2251,1,-67,-67,-67,41,41,41,41,41,-90,105,-34,109,41,84,30,78,-110,1,-122,26,-9,12,-48,-107,31,-127,-11,12,-94,49,-116,42,-115,-119,-6,-107,-25,96,112,37,-70,34,123,7,-23,-48,60,-108,-88,4,2,-107,69,57,29,63,-76,-7,98,113,126,61,80,-126
2252,1,-67,-67,-67,41,41,41,41,41,-90,105,-34,109,41,84,30,78,-110,1,-122,26,-9,12,-48,-107,31,-127,-11,12,-94,49,-116,42,-115,-119,-6,-107,-25,96,112,37,-70,34,123,7,-23,-48,60,-108,-88,4,2,-107,69,57,29,63,-76,-7,98,113,126,61,80,-126
2253,1,-107,-107,-107,-107,109,109,109,109,15,-90,105,-34,109,41,84,30,78,-110,1,-122,26,-9,12,-48,-107,31,-127,-11,12,-94,49,-116,23,62,80,-126,-40,-27,-43,98,-67,-31,-15,67,-117,-93,46,86,-34,-124,95,104,68,-15,23,-43,-123,-78,6,29,44,-112,79,-31
2254,1,-107,-107,-107,-107,109,109,109,109,15,-90,105,-34,109,41,84,30,78,-110,1,-122,26,-9,12,-48,-107,31,-127,-11,12,-94,49,-116,23,62,80,-126,-40,-27,-43,98,-67,-31,-15,67,-117,-93,46,86,-34,-124,95,104,68,-15,23,-43,-123,-78,6,29,44,-112,79,-31
2255,1,-107,-107,-107,-107,109,109,109,109,15,-90,105,-34,109,41,84,30,78,-110,1,-122,26,-9,12,-48,-107,31,-127,-11,12,-94,49,-116,23,62,80,-126,-40,-27,-43,98,-67,-31,-15,67,-117,-93,46,86,-34,-124,95,104,68,-15,23,-43,-123,-78,6,29,44,-112,79,-31
2256,1,41,41,41,41,41,30,30,30,-11,15,-90,105,-34,109,41,84,30,78,-110,1,-122,26,-9,12,-48,-107,31,-127,-11,12,-94,49,73,-34,78,-121,82,19,-55,12,51,-64,-24,-80,-46,-114,-74,38,9,-122,54,44,-82,-46,-15,-32,56,83,-101,-51,30,65,-60,-50
2257,1,41,41,41,41,41,30,30,30,-11,15,-90,105,-34,109,41,84,30,78,-110,1,-122,26,-9,12,-48,-107,31,-127,-11,12,-94,49,73,-34,78,-121,82,19,-55,12,51,-64,-24,-80,-46,-114,-74,38,9,-122,54,44,-82,-46,-15,-32,56,83,-101,-51,30,65,-60,-50
2258,1,41,41,41,41,41,30,30,30,-11,15,-90,105,-34,109,41,84,30,78,-110,1,-122,26,-9,12,-48,-107,31,-127,-11,12,-94,49,73,-34,78,-121,82,19,-55,12,51,-64,-24,-80,-46,-114,-74,38,9,-122,54,44,-82,-46,-15,-32,56,83,-101,-51,30,65,-60,-50
2259,1,-35,97,97,97,97,97,7,7,102,-11,15,-90,105,-34,109,41,84,30,78,-110,1,-122,26,-9,12,-48,-107,31,-127,-11,12,-94,22,53,99,-57,-46,-60,74,93,-97,-18,43,-24,102,47,-120,81,42,92,-56,96,5,-20,-44,-101,71,22,-1,-49,-12,-102,-119,67
2260,1,-35,97,97,97,97,97,7,7,102,-11,15,-90,105,-34,109,41,84,30,78,-110,1,-122,26,-9,12,-48,-107,31,-127,-11,12,-94,22,53,99,-57,-46,-60,74,93,-97,-18,43,-24,102,47,-120,81,42,92,-56,96,5,-20,-44,-101,71,22,-1,-49,-12,-102,-119,67
2261,1,-35,97,97,97,97,97,7,7,102,-11,15,-90,105,-34,109,41,84,30,78,-110,1,-122,26,-9,12,-48,-107,31,-127,-11,12,-94,22,53,99,-57,-46,-60,74,93,-97,-18,43,-24,102,47,-120,81,42,92,-56,96,5,-20,-44,-101,71,22,-1,-49,-12,-102,-119,67
2262,1,11,11,27,27,27,27,27,-113,-93,102,-11,15,-90,105,-34,109,41,84,30,78,-110,1,-122,26,-9,12,-48,-107,31,-127,-11,12,116,41,-116,127,98,44,-31,121,-121,77,-91,123,-94,74,53,17,119,-107,58,-103,31,-72,-35,76,-55,18,-34,66,-95,90,-95,62
2263,1,11,11,27,27,27,27,27,-113,-93,102,-11,15,-90,105,-34,109,41,84,30,78,-110,1,-122,26,-9,12,-48,-107,31,-127,-11,12,116,41,-116,127,98,44,-31,121,-121,77,-91,123,-94,74,53,17,119,-107,58,-103,31,-72,-35,76,-55,18,-34,66,-95,90,-95,62
2264,1,11,11,27,27,27,27,27,-113,-93,102,-11,15,-90,105,-34,109,41,84,30,78,-110,1,-122,26,-9,12,-48,-107,31,-127,-11,12,116,41,-116,127,98,44,-31,121,-121,77,-91,123,-94,74,53,17,119,-107,58,-103,31,-72,-35,76,-55,18,-34,66,-95,90,-95,62
2265,1,-1,-1,-1,-98,-98,-98,-98,-98,123,-93,102,-11,15,-90,105,-34,109,41,84,30,78,-110,1,-122,26,-9,12,-48,-107,31,-127,-11,50,17,71,43,73,90,118,52,88,-70,-102,-91,66,78,-53,40,-94,-79,-27,70,53,-76,100,96,-39,124,84,109,36,44,-2,-28
2266,1,-1,-1,-1,-98,-98,-98,-98,-98,123,-93,102,-11,15,-90,105,-34,109,41,84,30,78,-110,1,-122,26,-9,12,-48,-107,31,-127,-11,50,17,71,43,73,90,118,52,88,-70,-102,-91,66,78,-53,40,-94,-79,-27,70,53,-76,100,96,-39,124,84,109,36,44,-2,-28
2267,1,-1,-1,-1,-98,-98,-98,-98,-98,123,-93,102,-11,15,-90,105,-34,109,41,84,30,78,-110,1,-122,26,-9,12,-48,-107,31,-127,-11,50,17,71,43,73,90,118,52,88,-70,-102,-91,66,78,-53,40,-94,-79,-27,70,53,-76,100,96,-39,124,84,109,36,44,-2,-28
2268,1,27,27,27,27,-46,-46,-46,-46,98,123,-93,102,-11,15,-90,105,-34,109,41,84,30,78,-110,1,-122,26,-9,12,-48,-107,31,-127,88,-4,-76,-56,89,-111,82,-41,51,76,27,-75,16,-7,-64,75,-46,-74,-92,-50,102,-55,29,47,83,-42,-53,46,-113,37,18,-48
2269,1,27,27,27,27,-46,-46,-46,-46,98,123,-93,102,-11,15,-90,105,-34,109,41,84,30,78,-110,1,-122,26,-9,12,-48,-107,31,-127,88,-4,-76,-56,89,-111,82,-41,51,76,27,-75,16,-7,-64,75,-46,-74,-92,-50,102,-55,29,47,83,-42,-53,46,-113,37,18,-48
2270,1,27,27,27,27,-46,-46,-46,-46,98,123,-93,102,-11,15,-90,105,-34,109,41,84,30,78,-110,1,-122,26,-9,12,-48,-107,31,-127,88,-4,-76,-56,89,-111,82,-41,51,76,27,-75,16,-7,-64,75,-46,-74,-92,-50,102,-55,29,47,83,-42,-53,46,-113,37,18,-48
2271,1,-124,-124,-124,-124,-124,61,61,61,-118,98,123,-93,102,-11,15,-90,105,-34,109,41,84,30,78,-110,1,-122,26,-9,12,-48,-107,31,1,115,83,73,-108,4,92,8,-25,75,-70,103,-116,-81,28,-106,37,120,48,82,-98,-98,-114,-113,-64,62,25,21,10,-121,99,-104
2272,1,-124,-124,-124,-124,-124,61,61,61,-118,98,123,-93,102,-11,15,-90,105,-34,109,41,84,30,78,-110,1,-122,26,-9,12,-48,-107,31,1,115,83,73,-108,4,92,8,-25,75,-70,103,-116,-81,28,-106,37,120,48,82,-98,-98,-114,-113,-64,62,25,21,10,-121,99,-104
2273,1,-124,-124,-124,-124,-124,61,61,61,-118,98,123,-93,102,-11,15,-90,105,-34,109,41,84,30,78,-110,1,-122,26,-9,12,-48,-107,31,1,115,83,73,-108,4,92,8,-25,75,-70,103,-116,-81,28,-106,37,120,48,82,-98,-98,-114,-113,-64,62,25,21,10,-121,99,-104
2274,1,83,-4,-4,-4,-4,-4,79,79,-67,-118,98,123,-93,102,-11,15,-90,105,-34,109,41,84,30,78,-110,1,-122,26,-9,12,-48,-107,76,-84,12,-95,111,-81,-32,-81,-76,47,-121,80,33,96,-44,-8,64,-49,71,120,-87,28,-2,-61,-70,39,-37,-44,-122,18,35,-124
2275,1,83,-4,-4,-4,-4,-4,79,79,-67,-118,98,123,-93,102,-11,15,-90,105,-34,109,41,84,30,78,-110,1,-122,26,-9,12,-48,-107,76,-84,12,-95,111,-81,-32,-81,-76,47,-121,80,33,96,-44,-8,64,-49,71,120,-87,28,-2,-61,-70,39,-37,-44,-122,18,35,-124
2276,1,83,-4,-4,-4,-4,-4,79,79,-67,-118,98,123,-93,102,-11,15,-90,105,-34,109,41,84,30,78,-110,1,-122,26,-9,12,-48,-107,76,-84,12,-95,111,-81,-32,-81,-76,47,-121,80,33,96,-44,-8,64,-49,71,120,-87,28,-2,-61,-70,39,-37,-44,-122,18,35,-124
2277,1,82,82,108,108,108,108,108,69,-107,-67,-118,98,123,-93,102,-11,15,-90,105,-34,109,41,84,30,78,-110,1,-122,26,-9,12,-48,-64,-56,-12,-25,15,-63,-117,110,37,-22,-2,22,61,-54,123,-42,-41,89,-115,-27,26,37,-86,-52,75,-2,46,120,113,-94,-35,67
2278,1,82,82,108,108,108,108,108,69,-107,-67,-118,98,123,-93,102,-11,15,-90,105,-34,109,41,84,30,78,-110,1,-122,26,-9,12,-48,-64,-56,-12,-25,15,-63,-117,110,37,-22,-2,22,61,-54,123,-42,-41,89,-115,-27,26,37,-86,-52,75,-2,46,120,113,-94,-35,67
2279,1,82,82,108,108,108,108,108,69,-107,-67,-118,98,123,-93,102,-11,15,-90,105,-34,109,41,84,30,78,-110,1,-122,26,-9,12,-48,-64,-56,-12,-25,15,-63,-117,110,37,-22,-2,22,61,-54,123,-42,-41,89,-115,-27,26,37,-86,-52,75,-2,46,120,113,-94,-35,67
2280,1,-35,-35,-35,119,119,119,119,119,41,-107,-67,-118,98,123,-93,102,-11,15,-90,105,-34,109,41,84,30,78,-110,1,-122,26,-9,12,-72,106,-13,37,-75,-108,-8,56,118,18,-90,0,-31,56,91,-127,81,39,35,95,-32,55,-30,-38,-121,93,93,-10,-56,-15,-123,21
2281,1,-35,-35,-35,119,119,119,119,119,41,-107,-67,-118,98,123,-93,102,-11,15,-90,105,-34,109,41,84,30,78,-110,1,-122,26,-9,12,-72,106,-13,37,-75,-108,-8,56,118,18,-90,0,-31,56,91,-127,81,39,35,95,-32,55,-30,-38,-121,93,93,-10,-56,-15,-123,21
2282,1,-35,-35,-35,119,119,119,119,119,41,-107,-67,-118,98,123,-93,102,-11,15,-90,105,-34,109,41,84,30,78,-110,1,-122,26,-9,12,-72,106,-13,37,-75,-108,-8,56,118,18,-90,0,-31,56,91,-127,81,39,35,95,-32,55,-30,-38,-121,93,93,-10,-56,-15,-123,21
2283,1,-2,-2,-2,-2,85,85,85,85,-35,41,-107,-67,-118,98,123,-93,102,-11,15,-90,105,-34,109,41,84,30,78,-110,1,-122,26,-9,-99,-73,95,98,-111,-48,-86,78,-26,20,-69,-123,-23,36,8,5,-121,-79,82,98,-105,34,50,-72,93,-22,45,-115,-80,83,30,-73
2284,1,-2,-2,-2,-2,85,85,85,85,-35,41,-107,-67,-118,98,123,-93,102,-11,15,-90,105,-34,109,41,84,30,78,-110,1,-122,26,-9,-99,-73,95,98,-111,-48,-86,78,-26,20,-69,-123,-23,36,8,5,-121,-79,82,98,-105,34,50,-72,93,-22,45,-115,-80,83,30,-73
2285,1,-2,-2,-2,-2,85,85,85,85,-35,41,-107,-67,-118,98,123,-93,102,-11,15,-90,105,-34,109,41,84,30,78,-110,1,-122,26,-9,-99,-73,95,98,-111,-48,-86,78,-26,20,-69,-123,-23,36,8,5,-121,-79,82,98,-105,34,50,-72,93,-22,45,-115,-80,83,30,-73
2286,1,43,43,43,43,43,20,20,20,11,-35,41,-107,-67,-118,98,123,-93,102,-11,15,-90,105,-34,109,41,84,30,78,-110,1,-122,26,89,-127,-59,94,0,-80,111,-41,85,80,42,-23,27,102,90,17,51,19,55,48,41,102,-47,24,-95,-14,72,90,-15,10,-51,-124
2287,1,43,43,43,43,43,20,20,20,11,-35,41,-107,-67,-118,98,123,-93,102,-11,15,-90,105,-34,109,41,84,30,78,-110,1,-122,26,89,-127,-59,94,0,-80,111,-41,85,80,42,-23,27,102,90,17,51,19,55,48,41,102,-47,24,-95,-14,72,90,-15,10,-51,-124
2288,1,43,43,43,43,43,20,20,20,11,-35,41,-107,-67,-118,98,123,-93,102,-11,15,-90,105,-34,109,41,84,30,78,-110,1,-122,26,89,-127,-59,94,0,-80,111,-41,85,80,42,-23,27,102,90,17,51,19,55,48,41,102,-47,24,-95,-14,72,90,-15,10,-51,-124
2289,1,112,29,29,29,29,29,-108,-108,-1,11,-35,41,-107,-67,-118,98,123,-93,102,-11,15,-90,105,-34,109,41,84,30,78,-110,1,-122,-65,111,-89,-92,20,50,-62,109,17,104,-31,35,116,35,-25,-43,-84,-99,-44,-85,-7,-101,45,-34,78,-101,-77,-113,-48,-107,-19,114
2290,1,112,29,29,29,29,29,-108,-108,-1,11,-35,41,-107,-67,-118,98,123,-93,102,-11,15,-90,105,-34,109,41,84,30,78,-110,1,-122,-65,111,-89,-92,20,50,-62,109,17,104,-31,35,116,35,-25,-43,-84,-99,-44,-85,-7,-101,45,-34,78,-101,-77,-113,-48,-107,-19,114
2291,1,112,29,29,29,29,29,-108,-108,-1,11,-35,41,-107,-67,-118,98,123,-93,102,-11,15,-90,105,-34,109,41,84,30,78,-110,1,-122,-65,111,-89,-92,20,50,-62,109,17,104,-31,35,116,35,-25,-43,-84,-99,-44,-85,-7,-101,45,-34,78,-101,-77,-113,-48,-107,-19,114
2292,1,59,59,-52,-52,-52,-52,-52,-54,27,-1,11,-35,41,-107,-67,-118,98,123,-93,102,-11,15,-90,105,-34,109,41,84,30,78,-110,1,-28,118,-114,48,-9,-58,112,101,99,74,-82,-62,-11,76,35,116,-13,-85,9,-81,-79,-26,-6,-62,53,36,-53,-89,-48,127,-43,-91
2293,1,59,59,-52,-52,-52,-52,-52,-54,27,-1,11,-35,41,-107,-67,-118,98,123,-93,102,-11,15,-90,105,-34,109,41,84,30,78,-110,1,-28,118,-114,48,-9,-58,112,101,99,74,-82,-62,-11,76,35,116,-13,-85,9,-81,-79,-26,-6,-62,53,36,-53,-89,-48,127,-43,-91
2294,1,59,59,-52,-52,-52,-52,-52,-54,27,-1,11,-35,41,-107,-67,-118,98,123,-93,102,-11,15,-90,105,-34,109,41,84,30,78,-110,1,-28,118,-114,48,-9,-58,112,101,99,74,-82,-62,-11,76,35,116,-13,-85,9,-81,-79,-26,-6,-62,53,36,-53,-89,-48,127,-43,-91
2295,1,79,79,79,111,111,111,111,111,-124,27,-1,11,-35,41,-107,-67,-118,98,123,-93,102,-11,15,-90,105,-34,109,41,84,30,78,-110,72,-20,-67,44,-72,-104,10,-39,-21,79,59,-42,54,4,115,-52,-40,39,-92,58,-121,83,7,43,6,119,87,-111,-91,-125,-115,-44
2296,1,79,79,79,111,111,111,111,111,-124,27,-1,11,-35,41,-107,-67,-118,98,123,-93,102,-11,15,-90,105,-34,109,41,84,30,78,-110,72,-20,-67,44,-72,-104,10,-39,-21,79,59,-42,54,4,115,-52,-40,39,-92,58,-121,83,7,43,6,119,87,-111,-91,-125,-115,-44
2297,1,79,79,79,111,111,111,111,111,-124,27,-1,11,-35,41,-107,-67,-118,98,123,-93,102,-11,15,-90,105,-34,109,41,84,30,78,-110,72,-20,-67,44,-72,-104,10,-39,-21,79,59,-42,54,4,115,-52,-40,39,-92,58,-121,83,7,43,6,119,87,-111,-91,-125,-115,-44
2298,1,86,86,86,86,-73,-73,-73,-73,83,-124,27,-1,11,-35,41,-107,-67,-118,98,123,-93,102,-11,15,-90,105,-34,109,41,84,30,78,-40,43,113,-117,70,-42,56,64,121,52,-114,118,55,12,39,-54,96,-27,55,-115,-72,91,59,102,28,-35,108,18,110,101,-25,22
2299,1,86,86,86,86,-73,-73,-73,-73,83,-124,27,-1,11,-35,41,-107,-67,-118,98,123,-93,102,-11,15,-90,105,-34,109,41,84,30,78,-40,43,113,-117,70,-42,56,64,121,52,-114,118,55,12,39,-54,96,-27,55,-115,-72,91,59,102,28,-35,108,18,110,101,-25,22
2300,1,86,86,86,86,-73,-73,-73,-73,83,-124,27,-1,11,-35,41,-107,-67,-118,98,123,-93,102,-11,15,-90,105,-34,109,41,84,30,78,-40,43,113,-117,70,-42,56,64,121,52,-114,118,55,12,39,-54,96,-27,55,-115,-72,91,59,102,28,-35,108,18,110,101,-25,22
2301,1,22,22,22,22,22,50,50,50,82,83,-124,27,-1,11,-35,41,-107,-67,-118,98,123,-93,102,-11,15,-90,105,-34,109,41,84,30,-27,71,94,-80,-17,125,122,21,91,-65,0,-32,-78,-112,-36,6,112,21,-94,116,-43,102,-54,126,-83,-3,-2,-92,5,69,13,65
2302,1,22,22,22,22,22,50,50,50,82,83,-124,27,-1,11,-35,41,-107,-67,-118,98,123,-93,102,-11,15,-90,105,-34,109,41,84,30,-27,71,94,-80,-17,125,122,21,91,-65,0,-32,-78,-112,-36,6,112,21,-94,116,-43,102,-54,126,-83,-3,-2,-92,5,69,13,65
2303,1,22,22,22,22,22,50,50,50,82,83,-124,27,-1,11,-35,41,-107,-67,-118,98,123,-93,102,-11,15,-90,105,-34,109,41,84,30,-27,71,94,-80,-17,125,122,21,91,-65,0,-32,-78,-112,-36,6,112,21,-94,116,-43,102,-54,126,-83,-3,-2,-92,5,69,13,65
2304,1,31,-29,-29,-29,-29,-29,-127,-127,-35,82,83,-124,27,-1,11,-35,41,-107,-67,-118,98,123,-93,102,-11,15,-90,105,-34,109,41,84,-34,81,-110,-47,12,97,26,62,66,0,70,45,58,-34,42,-99,113,27,47,-51,-92,40,-119,-42,119,69,94,108,-66,81,-9,-23
2305,1,31,-29,-29,-29,-29,-29,-127,-127,-35,82,83,-124,27,-1,11,-35,41,-107,-67,-118,98,123,-93,102,-11,15,-90,105,-34,109,41,84,-34,81,-110,-47,12,97,26,62,66,0,70,45,58,-34,42,-99,113,27,47,-51,-92,40,-119,-42,119,69,94,108,-66,81,-9,-23
2306,1,31,-29,-29,-29,-29,-29,-127,-127,-35,82,83,-124,27,-1,11,-35,41,-107,-67,-118,98,123,-93,102,-11,15,-90,105,-34,109,41,84,-34,81,-110,-47,12,97,26,62,66,0,70,45,58,-34,42,-99,113,27,47,-51,-92,40,-119,-42,119,69,94,108,-66,81,-9,-23
2307,1,62,62,-64,-64,-64,-64,-64,-25,-2,-35,82,83,-124,27,-1,11,-35,41,-107,-67,-118,98,123,-93,102,-11,15,-90,105,-34,109,41,92,94,-44,-115,-104,2,-65,-70,124,-119,-100,50,40,-54,123,-118,54,-99,-13,55,-87,-67,72,-28,17,100,-50,-82,17,86,-2,77
2308,1,62,62,-64,-64,-64,-64,-64,-25,-2,-35,82,83,-124,27,-1,11,-35,41,-107,-67,-118,98,123,-93,102,-11,15,-90,105,-34,109,41,92,94,-44,-115,-104,2,-65,-70,124,-119,-100,50,40,-54,123,-118,54,-99,-13,55,-87,-67,72,-28,17,100,-50,-82,17,86,-2,77
2309,1,62,62,-64,-64,-64,-64,-64,-25,-2,-35,82,83,-124,27,-1,11,-35,41,-107,-67,-118,98,123,-93,102,-11,15,-90,105,-34,109,41,92,94,-44,-115,-104,2,-65,-70,124,-119,-100,50,40,-54,123,-118,54,-99,-13,55,-87,-67,72,-28,17,100,-50,-82,17,86,-2,77
2310,1,88,88,88,-118,-118,-118,-118,-118,43,-2,-35,82,83,-124,27,-1,11,-35,41,-107,-67,-118,98,123,-93,102,-11,15,-90,105,-34,109,-3,24,-63,74,82,68,-124,-28,-39,116,-51,-112,-70,30,50,-111,49,57,86,5,-38,14,-78,76,-99,-40,-70,-119,-125,109,60,-100
2311,1,88,88,88,-118,-118,-118,-118,-118,43,-2,-35,82,83,-124,27,-1,11,-35,41,-107,-67,-118,98,123,-93,102,-11,15,-90,105,-34,109,-3,24,-63,74,82,68,-124,-28,-39,116,-51,-112,-70,30,50,-111,49,57,86,5,-38,14,-78,76,-99,-40,-70,-119,-125,109,60,-100
2312,1,88,88,88,-118,-118,-118,-118,-118,43,-2,-35,82,83,-124,27,-1,11,-35,41,-107,-67,-118,98,123,-93,102,-11,15,-90,105,-34,109,-3,24,-63,74,82,68,-124,-28,-39,116,-51,-112,-70,30,50,-111,49,57,86,5,-38,14,-78,76,-99,-40,-70,-119,-125,109,60,-100
2313,1,44,44,44,44,3,3,3,3,112,43,-2,-35,82,83,-124,27,-1,11,-35,41,-107,-67,-118,98,123,-93,102,-11,15,-90,105,-34,-21,82,90,-119,-119,110,42,127,39,-59,-66,-71,-98,-37,121,16,-69,-108,-31,71,-114,-126,-48,-29,-88,-107,-16,65,106,89,-112,-112
2314,1,44,44,44,44,3,3,3,3,112,43,-2,-35,82,83,-124,27,-1,11,-35,41,-107,-67,-118,98,123,-93,102,-11,15,-90,105,-34,-21,82,90,-119,-119,110,42,127,39,-59,-66,-71,-98,-37,121,16,-69,-108,-31,71,-114,-126,-48,-29,-88,-107,-16,65,106,89,-112,-112
2315,1,44,44,44,44,3,3,3,3,112,43,-2,-35,82,83,-124,27,-1,11,-35,41,-107,-67,-118,98,123,-93,102,-11,15,-90,105,-34,-21,82,90,-119,-119,110,42,127,39,-59,-66,-71,-98,-37,121,16,-69,-108,-31,71,-114,-126,-48,-29,-88,-107,-16,65,106,89,-112,-112
2316,1,60,60,60,60,60,67,67,67,59,112,43,-2,-35,82,83,-124,27,-1,11,-35,41,-107,-67,-118,98,123,-93,102,-11,15,-90,105,55,-8,80,-16,7,19,59,2,-66,-116,33,8,21,123,96,16,81,-48,-31,-37,109,-15,91,124,-72,4,-69,-27,62,-100,114,74
2317,1,60,60,60,60,60,67,67,67,59,112,43,-2,-35,82,83,-124,27,-1,11,-35,41,-107,-67,-118,98,123,-93,102,-11,15,-90,105,55,-8,80,-16,7,19,59,2,-66,-116,33,8,21,123,96,16,81,-48,-31,-37,109,-15,91,124,-72,4,-69,-27,62,-100,114,74
2318,1,60,60,60,60,60,67,67,67,59,112,43,-2,-35,82,83,-124,27,-1,11,-35,41,-107,-67,-118,98,123,-93,102,-11,15,-90,105,55,-8,80,-16,7,19,59,2,-66,-116,33,8,21,123,96,16,81,-48,-31,-37,109,-15,91,124,-72,4,-69,-27,62,-100,114,74
2319,1,-123,-121,-121,-121,-121,-121,-56,-56,79,59,112,43,-2,-35,82,83,-124,27,-1,11,-35,41,-107,-67,-118,98,123,-93,102,-11,15,-90,13,-78,56,88,55,-30,14,-27,-86,-1,-32,4,25,23,41,-23,4,19,-92,-105,16,-30,-93,-19,-73,-102,-106,25,-42,91,-47,4
2320,1,-123,-121,-121,-121,-121,-121,-56,-56,79,59,112,43,-2,-35,82,83,-124,27,-1,11,-35,41,-107,-67,-118,98,123,-93,102,-11,15,-90,13,-78,56,88,55,-30,14,-27,-86,-1,-32,4,25,23,41,-23,4,19,-92,-105,16,-30,-93,-19,-73,-102,-106,25,-42,91,-47,4
2321,1,-123,-121,-121,-121,-121,-121,-56,-56,79,59,112,43,-2,-35,82,83,-124,27,-1,11,-35,41,-107,-67,-118,98,123,-93,102,-11,15,-90,13,-78,56,88,55,-30,14,-27,-86,-1,-32,4,25,23,41,-23,4,19,-92,-105,16,-30,-93,-19,-73,-102,-106,25,-42,91,-47,4
2322,1,-127,-127,-36,-36,-36,-36,-36,-121,86,79,59,112,43,-2,-35,82,83,-124,27,-1,11,-35,41,-107,-67,-118,98,123,-93,102,-11,15,10,-75,-8,-81,-47,0,-5,-46,22,-82,-17,42,85,125,85,80,82,104,117,6,108,64,-37,127,-76,79,73,68,-74,20,-117,-47
2323,1,-127,-127,-36,-36,-36,-36,-36,-121,86,79,59,112,43,-2,-35,82,83,-124,27,-1,11,-35,41,-107,-67,-118,98,123,-93,102,-11,15,10,-75,-8,-81,-47,0,-5,-46,22,-82,-17,42,85,125,85,80,82,104,117,6,108,64,-37,127,-76,79,73,68,-74,20,-117,-47
2324,1,-127,-127,-36,-36,-36,-36,-36,-121,86,79,59,112,43,-2,-35,82,83,-124,27,-1,11,-35,41,-107,-67,-118,98,123,-93,102,-11,15,10,-75,-8,-81,-47,0,-5,-46,22,-82,-17,42,85,125,85,80,82,104,117,6,108,64,-37,127,-76,79,73,68,-74,20,-117,-47
2325,1,-64,-64,-64,2,2,2,2,2,22,86,79,59,112,43,-2,-35,82,83,-124,27,-1,11,-35,41,-107,-67,-118,98,123,-93,102,-11,64,107,3,88,91,14,59,105,99,124,56,-78,105,-114,70,112,102,87,-59,19,-49,61,89,19,14,62,69,-47,-63,-99,-94,-38
2326,1,-64,-64,-64,2,2,2,2,2,22,86,79,59,112,43,-2,-35,82,83,-124,27,-1,11,-35,41,-107,-67,-118,98,123,-93,102,-11,64,107,3,88,91,14,59,105,99,124,56,-78,105,-114,70,112,102,87,-59,19,-49,61,89,19,14,62,69,-47,-63,-99,-94,-38
2327,1,-64,-64,-64,2,2,2,2,2,22,86,79,59,112,43,-2,-35,82,83,-124,27,-1,11,-35,41,-107,-67,-118,98,123,-93,102,-11,64,107,3,88,91,14,59,105,99,124,56,-78,105,-114,70,112,102,87,-59,19,-49,61,89,19,14,62,69,-47,-63,-99,-94,-38
2328,1,105,105,105,105,57,57,57,57,31,22,86,79,59,112,43,-2,-35,82,83,-124,27,-1,11,-35,41,-107,-67,-118,98,123,-93,102,-93,-107,102,127,-28,47,62,-115,14,-123,23,-89,-98,-30,-63,-80,107,-127,-47,63,-68,38,-54,68,-41,102,-9,37,103,63,-4,-71
2329,1,105,105,105,105,57,57,57,57,31,22,86,79,59,112,43,-2,-35,82,83,-124,27,-1,11,-35,41,-107,-67,-118,98,123,-93,102,-93,-107,102,127,-28,47,62,-115,14,-123,23,-89,-98,-30,-63,-80,107,-127,-47,63,-68,38,-54,68,-41,102,-9,37,103,63,-4,-71
2330,1,105,105,105,105,57,57,57,57,31,22,86,79,59,112,43,-2,-35,82,83,-124,27,-1,11,-35,41,-107,-67,-118,98,123,-93,102,-93,-107,102,127,-28,47,62,-115,14,-123,23,-89,-98,-30,-63,-80,107,-127,-47,63,-68,38,-54,68,-41,102,-9,37,103,63,-4,-71
2331,1,126,126,126,126,126,-21,-21,-21,62,31,22,86,79,59,112,43,-2,-35,82,83,-124,27,-1,11,-35,41,-107,-67,-118,98,123,-93,-16,81,-43,5,74,2,-29,-104,38,117,-32,-92,103,-41,-101,-94,16,3,-65,72,31,-59,-69,-98,4,-55,-52,122,99,86,-127,67
2332,1,126,126,126,126,126,-21,-21,-21,62,31,22,86,79,59,112,43,-2,-35,82,83,-124,27,-1,11,-35,41,-107,-67,-118,98,123,-93,-16,81,-43,5,74,2,-29,-104,38,117,-32,-92,103,-41,-101,-94,16,3,-65,72,31,-59,-69,-98,4,-55,-52,122,99,86,-127,67
2333,1,126,126,126,126,126,-21,-21,-21,62,31,22,86,79,59,112,43,-2,-35,82,83,-124,27,-1,11,-35,41,-107,-67,-118,98,123,-93,-16,81,-43,5,74,2,-29,-104,38,117,-32,-92,103,-41,-101,-94,16,3,-65,72,31,-59,-69,-98,4,-55,-52,122,99,86,-127,67
2334,1,-98,-90,-90,-90,-90,-90,-58,-58,88,62,31,22,86,79,59,112,43,-2,-35,82,83,-124,27,-1,11,-35,41,-107,-67,-118,98,123,-79,31,97,85,-91,-67,-93,55,-123,9,-116,-106,-32,107,88,28,13,-103,-81,29,122,-12,-110,6,-90,105,-5,67,-103,99,-62,120
2335,1,-98,-90,-90,-90,-90,-90,-58,-58,88,62,31,22,86,79,59,112,43,-2,-35,82,83,-124,27,-1,11,-35,41,-107,-67,-118,98,123,-79,31,97,85,-91,-67,-93,55,-123,9,-116,-106,-32,107,88,28,13,-103,-81,29,122,-12,-110,6,-90,105,-5,67,-103,99,-62,120
2336,1,-98,-90,-90,-90,-90,-90,-58,-58,88,62,31,22,86,79,59,112,43,-2,-35,82,83,-124,27,-1,11,-35,41,-107,-67,-118,98,123,-79,31,97,85,-91,-67,-93,55,-123,9,-116,-106,-32,107,88,28,13,-103,-81,29,122,-12,-110,6,-90,105,-5,67,-103,99,-62,120
2337,1,126,126,84,84,84,84,84,-112,44,88,62,31,22,86,79,59,112,43,-2,-35,82,83,-124,27,-1,11,-35,41,-107,-67,-118,98,11,-2,-71,-1,-86,-113,-28,113,-95,-37,26,-89,-40,7,-96,34,87,-37,-73,-100,67,-22,85,58,-119,-102,90,-36,13,-29,-58,-109
2338,1,126,126,84,84,84,84,84,-112,44,88,62,31,22,86,79,59,112,43,-2,-35,82,83,-124,27,-1,11,-35,41,-107,-67,-118,98,11,-2,-71,-1,-86,-113,-28,113,-95,-37,26,-89,-40,7,-96,34,87,-37,-73,-100,67,-22,85,58,-119,-102,90,-36,13,-29,-58,-109
2339,1,126,126,84,84,84,84,84,-112,44,88,62,31,22,86,79,59,112,43,-2,-35,82,83,-124,27,-1,11,-35,41,-107,-67,-118,98,11,-2,-71,-1,-86,-113,-28,113,-95,-37,26,-89,-40,7,-96,34,87,-37,-73,-100,67,-22,85,58,-119,-102,90,-36,13,-29,-58,-109
2340,1,93,93,93,58,58,58,58,58,60,44,88,62,31,22,86,79,59,112,43,-2,-35,82,83,-124,27,-1,11,-35,41,-107,-67,-118,-91,-122,-26,20,-19,82,51,-46,68,-9,26,92,-90,14,-55,65,-76,-58,12,116,96,-30,57,35,-119,62,-49,-12,8,118,106,78
2341,1,93,93,93,58,58,58,58,58,60,44,88,62,31,22,86,79,59,112,43,-2,-35,82,83,-124,27,-1,11,-35,41,-107,-67,-118,-91,-122,-26,20,-19,82,51,-46,68,-9,26,92,-90,14,-55,65,-76,-58,12,116,96,-30,57,35,-119,62,-49,-12,8,118,106,78
2342,1,93,93,93,58,58,58,58,58,60,44,88,62,31,22,86,79,59,112,43,-2,-35,82,83,-124,27,-1,11,-35,41,-107,-67,-118,-91,-122,-26,20,-19,82,51,-46,68,-9,26,92,-90,14,-55,65,-76,-58,12,116,96,-30,57,35,-119,62,-49,-12,8,118,106,78
2343,1,109,109,109,109,8,8,8,8,-123,60,44,88,62,31,22,86,79,59,112,43,-2,-35,82,83,-124,27,-1,11,-35,41,-107,-67,-101,8,63,99,83,-53,121,7,28,-29,15,37,85,-119,19,44,125,-80,-75,-115,-93,-13,95,96,-15,105,80,110,-64,-3,-25,101
2344,1,109,109,109,109,8,8,8,8,-123,60,44,88,62,31,22,86,79,59,112,43,-2,-35,82,83,-124,27,-1,11,-35,41,-107,-67,-101,8,63,99,83,-53,121,7,28,-29,15,37,85,-119,19,44,125,-80,-75,-115,-93,-13,95,96,-15,105,80,110,-64,-3,-25,101
2345,1,109,109,109,109,8,8,8,8,-123,60,44,88,62,31,22,86,79,59,112,43,-2,-35,82,83,-124,27,-1,11,-35,41,-107,-67,-101,8,63,99,83,-53,121,7,28,-29,15,37,85,-119,19,44,125,-80,-75,-115,-93,-13,95,96,-15,105,80,110,-64,-3,-25,101
2346,1,62,62,62,62,62,28,28,28,-127,-123,60,44,88,62,31,22,86,79,59,112,43,-2,-35,82,83,-124,27,-1,11,-35,41,-107,-57,67,88,53,-98,41,-54,-3,59,-46,-119,-105,-59,-88,-111,-40,-121,123,29,-110,20,-15,15,9,111,30,-73,-108,-61,-96,113,56
2347,1,62,62,62,62,62,28,28,28,-127,-123,60,44,88,62,31,22,86,79,59,112,43,-2,-35,82,83,-124,27,-1,11,-35,41,-107,-57,67,88,53,-98,41,-54,-3,59,-46,-119,-105,-59,-88,-111,-40,-121,123,29,-110,20,-15,15,9,111,30,-73,-108,-61,-96,113,56
2348,1,62,62,62,62,62,28,28,28,-127,-123,60,44,88,62,31,22,86,79,59,112,43,-2,-35,82,83,-124,27,-1,11,-35,41,-107,-57,67,88,53,-98,41,-54,-3,59,-46,-119,-105,-59,-88,-111,-40,-121,123,29,-110,20,-15,15,9,111,30,-73,-108,-61,-96,113,56
2349,1,90,-38,-38,-38,-38,-38,19,19,-64,-127,-123,60,44,88,62,31,22,86,79,59,112,43,-2,-35,82,83,-124,27,-1,11,-35,41,-124,104,-71,100,-26,64,87,-56,-50,-100,-83,107,-33,54,-85,-48,85,-4,63,-67,-59,70,-55,-5,95,-85,-118,-26,-100,64,86,93
2350,1,90,-38,-38,-38,-38,-38,19,19,-64,-127,-123,60,44,88,62,31,22,86,79,59,112,43,-2,-35,82,83,-124,27,-1,11,-35,41,-124,104,-71,100,-26,64,87,-56,-50,-100,-83,107,-33,54,-85,-48,85,-4,63,-67,-59,70,-55,-5,95,-85,-118,-26,-100,64,86,93
2351,1,90,-38,-38,-38,-38,-38,19,19,-64,-127,-123,60,44,88,62,31,22,86,79,59,112,43,-2,-35,82,83,-124,27,-1,11,-35,41,-124,104,-71,100,-26,64,87,-56,-50,-100,-83,107,-33,54,-85,-48,85,-4,63,-67,-59,70,-55,-5,95,-85,-118,-26,-100,64,86,93
2352,1,-60,-60,-72,-72,-72,-72,-72,-12,105,-64,-127,-123,60,44,88,62,31,22,86,79,59,112,43,-2,-35,82,83,-124,27,-1,11,-35,-91,-74,63,17,-82,-38,92,48,-56,-112,-69,-35,-58,-40,-58,102,-71,61,107,-29,-42,56,-59,-121,-51,-105,3,-49,51,-99,94,79
2353,1,-60,-60,-72,-72,-72,-72,-72,-12,105,-64,-127,-123,60,44,88,62,31,22,86,79,59,112,43,-2,-35,82,83,-124,27,-1,11,-35,-91,-74,63,17,-82,-38,92,48,-56,-112,-69,-35,-58,-40,-58,102,-71,61,107,-29,-42,56,-59,-121,-51,-105,3,-49,51,-99,94,79
2354,1,-60,-60,-72,-72,-72,-72,-72,-12,105,-64,-127,-123,60,44,88,62,31,22,86,79,59,112,43,-2,-35,82,83,-124,27,-1,11,-35,-91,-74,63,17,-82,-38,92,48,-56,-112,-69,-35,-58,-40,-58,102,-71,61,107,-29,-42,56,-59,-121,-51,-105,3,-49,51,-99,94,79
2355,1,121,121,121,50,50,50,50,50,126,105,-64,-127,-123,60,44,88,62,31,22,86,79,59,112,43,-2,-35,82,83,-124,27,-1,11,45,-29,-97,-92,42,-63,65,-74,21,127,53,35,-67,44,54,-57,125,-42,36,55,81,-59,-38,59,-92,109,111,75,-13,-68,-42,-11
2356,1,121,121,121,50,50,50,50,50,126,105,-64,-127,-123,60,44,88,62,31,22,86,79,59,112,43,-2,-35,82,83,-124,27,-1,11,45,-29,-97,-92,42,-63,65,-74,21,127,53,35,-67,44,54,-57,125,-42,36,55,81,-59,-38,59,-92,109,111,75,-13,-68,-42,-11
2357,1,121,121,121,50,50,50,50,50,126,105,-64,-127,-123,60,44,88,62,31,22,86,79,59,112,43,-2,-35,82,83,-124,27,-1,11,45,-29,-97,-92,42,-63,65,-74,21,127,53,35,-67,44,54,-57,125,-42,36,55,81,-59,-38,59,-92,109,111,75,-13,-68,-42,-11
2358,1,-2,-2,-2,-2,34,34,34,34,-98,126,105,-64,-127,-123,60,44,88,62,31,22,86,79,59,112,43,-2,-35,82,83,-124,27,-1,109,-38,-38,-75,-24,75,24,-116,-30,96,-82,40,123,101,63,-92,-30,-25,5,-50,-104,-57,-40,12,119,-61,126,-30,60,0,-120,-27
2359,1,-2,-2,-2,-2,34,34,34,34,-98,126,105,-64,-127,-123,60,44,88,62,31,22,86,79,59,112,43,-2,-35,82,83,-124,27,-1,109,-38,-38,-75,-24,75,24,-116,-30,96,-82,40,123,101,63,-92,-30,-25,5,-50,-104,-57,-40,12,119,-61,126,-30,60,0,-120,-27
2360,1,-2,-2,-2,-2,34,34,34,34,-98,126,105,-64,-127,-123,60,44,88,62,31,22,86,79,59,112,43,-2,-35,82,83,-124,27,-1,109,-38,-38,-75,-24,75,24,-116,-30,96,-82,40,123,101,63,-92,-30,-25,5,-50,-104,-57,-40,12,119,-61,126,-30,60,0,-120,-27
2361,1,-83,-83,-83,-83,-83,-98,-98,-98,126,-98,126,105,-64,-127,-123,60,44,88,62,31,22,86,79,59,112,43,-2,-35,82,83,-124,27,96,1,-125,54,73,-25,24,36,-42,-45,-34,28,-96,19,-30,118,-108,-10,87,-10,-19,98,-41,5,109,-105,46,-106,101,-38,-12,32
2362,1,-83,-83,-83,-83,-83,-98,-98,-98,126,-98,126,105,-64,-127,-123,60,44,88,62,31,22,86,79,59,112,43,-2,-35,82,83,-124,27,96,1,-125,54,73,-25,24,36,-42,-45,-34,28,-96,19,-30,118,-108,-10,87,-10,-19,98,-41,5,109,-105,46,-106,101,-38,-12,32
2363,1,-83,-83,-83,-83,-83,-98,-98,-98,126,-98,126,105,-64,-127,-123,60,44,88,62,31,22,86,79,59,112,43,-2,-35,82,83,-124,27,96,1,-125,54,73,-25,24,36,-42,-45,-34,28,-96,19,-30,118,-108,-10,87,-10,-19,98,-41,5,109,-105,46,-106,101,-38,-12,32
2364,1,-68,51,51,51,51,51,53,53,93,126,-98,126,105,-64,-127,-123,60,44,88,62,31,22,86,79,59,112,43,-2,-35,82,83,-124,44,89,34,-14,32,-85,-47,38,22,91,-100,67,-44,86,-24,-87,102,112,82,25,-37,65,-124,-101,98,39,-39,95,-76,116,5,67
2365,1,-68,51,51,51,51,51,53,53,93,126,-98,126,105,-64,-127,-123,60,44,88,62,31,22,86,79,59,112,43,-2,-35,82,83,-124,44,89,34,-14,32,-85,-47,38,22,91,-100,67,-44,86,-24,-87,102,112,82,25,-37,65,-124,-101,98,39,-39,95,-76,116,5,67
2366,1,-68,51,51,51,51,51,53,53,93,126,-98,126,105,-64,-127,-123,60,44,88,62,31,22,86,79,59,112,43,-2,-35,82,83,-124,44,89,34,-14,32,-85,-47,38,22,91,-100,67,-44,86,-24,-87,102,112,82,25,-37,65,-124,-101,98,39,-39,95,-76,116,5,67
2367,1,-100,-100,-47,-47,-47,-47,-47,36,109,93,126,-98,126,105,-64,-127,-123,60,44,88,62,31,22,86,79,59,112,43,-2,-35,82,83,-32,-63,-21,106,96,-124,-121,116,-22,126,-15,-114,-12,76,61,-120,49,-6,-12,100,23,50,79,-97,-78,91,-7,-103,39,95,-31,86
2368,1,-100,-100,-47,-47,-47,-47,-47,36,109,93,126,-98,126,105,-64,-127,-123,60,44,88,62,31,22,86,79,59,112,43,-2,-35,82,83,-32,-63,-21,106,96,-124,-121,116,-22,126,-15,-114,-12,76,61,-120,49,-6,-12,100,23,50,79,-97,-78,91,-7,-103,39,95,-31,86
2369,1,-100,-100,-47,-47,-47,-47,-47,36,109,93,126,-98,126,105,-64,-127,-123,60,44,88,62,31,22,86,79,59,112,43,-2,-35,82,83,-32,-63,-21,106,96,-124,-121,116,-22,126,-15,-114,-12,76,61,-120,49,-6,-12,100,23,50,79,-97,-78,91,-7,-103,39,95,-31,86
2370,1,-93,-93,-93,39,39,39,39,39,62,109,93,126,-98,126,105,-64,-127,-123,60,44,88,62,31,22,86,79,59,112,43,-2,-35,82,-85,-100,42,-123,-32,24,116,-122,16,-98,-125,-58,49,-114,13,-4,13,-3,87,38,105,102,8,-23,80,9,-69,-75,-102,63,77,98
2371,1,-93,-93,-93,39,39,39,39,39,62,109,93,126,-98,126,105,-64,-127,-123,60,44,88,62,31,22,86,79,59,112,43,-2,-35,82,-85,-100,42,-123,-32,24,116,-122,16,-98,-125,-58,49,-114,13,-4,13,-3,87,38,105,102,8,-23,80,9,-69,-75,-102,63,77,98
2372,1,-93,-93,-93,39,39,39,39,39,62,109,93,126,-98,126,105,-64,-127,-123,60,44,88,62,31,22,86,79,59,112,43,-2,-35,82,-85,-100,42,-123,-32,24,116,-122,16,-98,-125,-58,49,-114,13,-4,13,-3,87,38,105,102,8,-23,80,9,-69,-75,-102,63,77,98
2373,1,-54,-54,-54,-54,-45,-45,-45,-45,90,62,109,93,126,-98,126,105,-64,-127,-123,60,44,88,62,31,22,86,79,59,112,43,-2,-35,-74,117,-126,-74,-41,70,108,-40,-39,-26,85,81,-8,121,-102,55,-25,70,-46,16,90,103,-101,-29,-70,10,-94,30,46,108,21,115
2374,1,-54,-54,-54,-54,-45,-45,-45,-45,90,62,109,93,126,-98,126,105,-64,-127,-123,60,44,88,62,31,22,86,79,59,112,43,-2,-35,-74,117,-126,-74,-41,70,108,-40,-39,-26,85,81,-8,121,-102,55,-25,70,-46,16,90,103,-101,-29,-70,10,-94,30,46,108,21,115
2375,1,-54,-54,-54,-54,-45,-45,-45,-45,90,62,109,93,126,-98,126,105,-64,-127,-123,60,44,88,62,31,22,86,79,59,112,43,-2,-35,-74,117,-126,-74,-41,70,108,-40,-39,-26,85,81,-8,121,-102,55,-25,70,-46,16,90,103,-101,-29,-70,10,-94,30,46,108,21,115
2376,1,1,1,1,1,1,-77,-77,-77,-60,90,62,109,93,126,-98,126,105,-64,-127,-123,60,44,88,62,31,22,86,79,59,112,43,-2,17,-74,-123,-3,-105,105,-117,-40,-80,-109,-42,116,-23,9,-34,-117,85,46,123,73,-53,64,107,109,-71,110,-103,-64,85,-45,1,106
2377,1,1,1,1,1,1,-77,-77,-77,-60,90,62,109,93,126,-98,126,105,-64,-127,-123,60,44,88,62,31,22,86,79,59,112,43,-2,17,-74,-123,-3,-105,105,-117,-40,-80,-109,-42,116,-23,9,-34,-117,85,46,123,73,-53,64,107,109,-71,110,-103,-64,85,-45,1,106
2378,1,1,1,1,1,1,-77,-77,-77,-60,90,62,109,93,126,-98,126,105,-64,-127,-123,60,44,88,62,31,22,86,79,59,112,43,-2,17,-74,-123,-3,-105,105,-117,-40,-80,-109,-42,116,-23,9,-34,-117,85,46,123,73,-53,64,107,109,-71,110,-103,-64,85,-45,1,106
2379,1,-20,-96,-96,-96,-96,-96,89,89,121,-60,90,62,109,93,126,-98,126,105,-64,-127,-123,60,44,88,62,31,22,86,79,59,112,43,-8,46,-101,74,-49,-2,-58,-66,7,10,65,-51,-11,-34,66,25,-78,-40,93,72,-62,11,-87,-29,-48,-58,45,97,-51,0,-74,46
2380,1,-20,-96,-96,-96,-96,-96,89,89,121,-60,90,62,109,93,126,-98,126,105,-64,-127,-123,60,44,88,62,31,22,86,79,59,112,43,-8,46,-101,74,-49,-2,-58,-66,7,10,65,-51,-11,-34,66,25,-78,-40,93,72,-62,11,-87,-29,-48,-58,45,97,-51,0,-74,46
2381,1,-20,-96,-96,-96,-96,-96,89,89,121,-60,90,62,109,93,126,-98,126,105,-64,-127,-123,60,44,88,62,31,22,86,79,59,112,43,-8,46,-101,74,-49,-2,-58,-66,7,10,65,-51,-11,-34,66,25,-78,-40,93,72,-62,11,-87,-29,-48,-58,45,97,-51,0,-74,46
2382,1,-33,-33,17,17,17,17,17,-12,-2,121,-60,90,62,109,93,126,-98,126,105,-64,-127,-123,60,44,88,62,31,22,86,79,59,112,100,36,18,-90,48,33,93,18,-121,33,-33,-66,118,-101,31,13,-91,27,-125,25,-87,-75,-113,-68,-15,6,-2,3,-66,-57,-114,-27
2383,1,-33,-33,17,17,17,17,17,-12,-2,121,-60,90,62,109,93,126,-98,126,105,-64,-127,-123,60,44,88,62,31,22,86,79,59,112,100,36,18,-90,48,33,93,18,-121,33,-33,-66,118,-101,31,13,-91,27,-125,25,-87,-75,-113,-68,-15,6,-2,3,-66,-57,-114,-27
2384,1,-33,-33,17,17,17,17,17,-12,-2,121,-60,90,62,109,93,126,-98,126,105,-64,-127,-123,60,44,88,62,31,22,86,79,59,112,100,36,18,-90,48,33,93,18,-121,33,-33,-66,118,-101,31,13,-91,27,-125,25,-87,-75,-113,-68,-15,6,-2,3,-66,-57,-114,-27
2385,1,97,97,97,-78,-78,-78,-78,-78,-83,-2,121,-60,90,62,109,93,126,-98,126,105,-64,-127,-123,60,44,88,62,31,22,86,79,59,125,5,-73,-65,-38,-68,56,-90,81,-114,27,71,-96,38,-119,67,17,-106,-126,-108,60,-43,-117,-19,8,-13,84,113,-79,-2,-29,39
2386,1,97,97,97,-78,-78,-78,-78,-78,-83,-2,121,-60,90,62,109,93,126,-98,126,105,-64,-127,-123,60,44,88,62,31,22,86,79,59,125,5,-73,-65,-38,-68,56,-90,81,-114,27,71,-96,38,-119,67,17,-106,-126,-108,60,-43,-117,-19,8,-13,84,113,-79,-2,-29,39
2387,1,97,97,97,-78,-78,-78,-78,-78,-83,-2,121,-60,90,62,109,93,126,-98,126,105,-64,-127,-123,60,44,88,62,31,22,86,79,59,125,5,-73,-65,-38,-68,56,-90,81,-114,27,71,-96,38,-119,67,17,-106,-126,-108,60,-43,-117,-19,8,-13,84,113,-79,-2,-29,39
2388,1,-73,-73,-73,-73,78,78,78,78,-68,-83,-2,121,-60,90,62,109,93,126,-98,126,105,-64,-127,-123,60,44,88,62,31,22,86,79,-66,87,119,-6,-13,-126,15,51,55,124,-102,46,59,-39,-80,31,-4,89,-54,110,76,92,61,50,-115,90,-118,-8,18,-40,95,-16
2389,1,-73,-73,-73,-73,78,78,78,78,-68,-83,-2,121,-60,90,62,109,93,126,-98,126,105,-64,-127,-123,60,44,88,62,31,22,86,79,-66,87,119,-6,-13,-126,15,51,55,124,-102,46,59,-39,-80,31,-4,89,-54,110,76,92,61,50,-115,90,-118,-8,18,-40,95,-16
2390,1,-73,-73,-73,-73,78,78,78,78,-68,-83,-2,121,-60,90,62,109,93,126,-98,126,105,-64,-127,-123,60,44,88,62,31,22,86,79,-66,87,119,-6,-13,-126,15,51,55,124,-102,46,59,-39,-80,31,-4,89,-54,110,76,92,61,50,-115,90,-118,-8,18,-40,95,-16
2391,1,-29,-29,-29,-29,-29,24,24,24,-100,-68,-83,-2,121,-60,90,62,109,93,126,-98,126,105,-64,-127,-123,60,44,88,62,31,22,86,66,3,100,7,11,-67,-48,95,-88,90,103,46,4,-108,107,53,17,-103,86,30,-22,8,108,12,-99,96,23,71,-111,-2,-115,82
2392,1,-29,-29,-29,-29,-29,24,24,24,-100,-68,-83,-2,121,-60,90,62,109,93,126,-98,126,105,-64,-127,-123,60,44,88,62,31,22,86,66,3,100,7,11,-67,-48,95,-88,90,103,46,4,-108,107,53,17,-103,86,30,-22,8,108,12,-99,96,23,71,-111,-2,-115,82
2393,1,-29,-29,-29,-29,-29,24,24,24,-100,-68,-83,-2,121,-60,90,62,109,93,126,-98,126,105,-64,-127,-123,60,44,88,62,31,22,86,66,3,100,7,11,-67,-48,95,-88,90,103,46,4,-108,107,53,17,-103,86,30,-22,8,108,12,-99,96,23,71,-111,-2,-115,82
2394,1,-12,-127,-127,-127,-127,-127,44,44,-93,-100,-68,-83,-2,121,-60,90,62,109,93,126,-98,126,105,-64,-127,-123,60,44,88,62,31,22,-102,75,-40,117,-65,-123,-101,87,42,18,-36,39,69,61,-10,-17,69,24,31,91,-69,122,-54,34,-125,-98,-90,-75,1,-67,-96,-81
2395,1,-12,-127,-127,-127,-127,-127,44,44,-93,-100,-68,-83,-2,121,-60,90,62,109,93,126,-98,126,105,-64,-127,-123,60,44,88,62,31,22,-102,75,-40,117,-65,-123,-101,87,42,18,-36,39,69,61,-10,-17,69,24,31,91,-69,122,-54,34,-125,-98,-90,-75,1,-67,-96,-81
2396,1,-12,-127,-127,-127,-127,-127,44,44,-93,-100,-68,-83,-2,121,-60,90,62,109,93,126,-98,126,105,-64,-127,-123,60,44,88,62,31,22,-102,75,-40,117,-65,-123,-101,87,42,18,-36,39,69,61,-10,-17,69,24,31,91,-69,122,-54,34,-125,-98,-90,-75,1,-67,-96,-81
2397,1,-73,-73,-109,-109,-109,-109,-109,-122,-54,-93,-100,-68,-83,-2,121,-60,90,62,109,93,126,-98,126,105,-64,-127,-123,60,44,88,62,31,-103,50,-3,93,-98,34,97,-60,-112,77,-77,-115,14,-106,66,-122,-99,-118,-76,70,-126,-118,-123,55,-11,-18,63,55,-75,35,93,77
2398,1,-73,-73,-109,-109,-109,-109,-109,-122,-54,-93,-100,-68,-83,-2,121,-60,90,62,109,93,126,-98,126,105,-64,-127,-123,60,44,88,62,31,-103,50,-3,93,-98,34,97,-60,-112,77,-77,-115,14,-106,66,-122,-99,-118,-76,70,-126,-118,-123,55,-11,-18,63,55,-75,35,93,77
2399,1,-73,-73,-109,-109,-109,-109,-109,-122,-54,-93,-100,-68,-83,-2,121,-60,90,62,109,93,126,-98,126,105,-64,-127,-123,60,44,88,62,31,-103,50,-3,93,-98,34,97,-60,-112,77,-77,-115,14,-106,66,-122,-99,-118,-76,70,-126,-118,-123,55,-11,-18,63,55,-75,35,93,77
2400,1,-82,-82,-82,7,7,7,7,7,1,-54,-93,-100,-68,-83,-2,121,-60,90,62,109,93,126,-98,126,105,-64,-127,-123,60,44,88,62,29,-59,-33,-31,-88,5,-86,-55,-31,97,7,1,57,-19,-91,-51,-122,106,-17,-105,-47,-118,96,18,-6,71,118,-100,-97,8,120,-36
2401,1,-82,-82,-82,7,7,7,7,7,1,-54,-93,-100,-68,-83,-2,121,-60,90,62,109,93,126,-98,126,105,-64,-127,-123,60,44,88,62,29,-59,-33,-31,-88,5,-86,-55,-31,97,7,1,57,-19,-91,-51,-122,106,-17,-105,-47,-118,96,18,-6,71,118,-100,-97,8,120,-36
2402,1,-82,-82,-82,7,7,7,7,7,1,-54,-93,-100,-68,-83,-2,121,-60,90,62,109,93,126,-98,126,105,-64,-127,-123,60,44,88,62,29,-59,-33,-31,-88,5,-86,-55,-31,97,7,1,57,-19,-91,-51,-122,106,-17,-105,-47,-118,96,18,-6,71,118,-100,-97,8,120,-36
2403,1,-119,-119,-119,-119,-117,-117,-117,-117,-20,1,-54,-93,-100,-68,-83,-2,121,-60,90,62,109,93,126,-98,126,105,-64,-127,-123,60,44,88,-1,-83,80,59,-81,82,-17,-92,0,-52,52,23,7,-122,-113,13,-59,-9,-62,70,73,-39,120,-66,-53,26,-84,-34,58,-47,93,-17
2404,1,-119,-119,-119,-119,-117,-117,-117,-117,-20,1,-54,-93,-100,-68,-83,-2,121,-60,90,62,109,93,126,-98,126,105,-64,-127,-123,60,44,88,-1,-83,80,59,-81,82,-17,-92,0,-52,52,23,7,-122,-113,13,-59,-9,-62,70,73,-39,120,-66,-53,26,-84,-34,58,-47,93,-17
2405,1,-119,-119,-119,-119,-117,-117,-117,-117,-20,1,-54,-93,-100,-68,-83,-2,121,-60,90,62,109,93,126,-98,126,105,-64,-127,-123,60,44,88,-1,-83,80,59,-81,82,-17,-92,0,-52,52,23,7,-122,-113,13,-59,-9,-62,70,73,-39,120,-66,-53,26,-84,-34,58,-47,93,-17
2406,1,34,34,34,34,34,-114,-114,-114,-33,-20,1,-54,-93,-100,-68,-83,-2,121,-60,90,62,109,93,126,-98,126,105,-64,-127,-123,60,44,105,-59,-58,21,-101,48,46,80,-99,120,53,39,-32,96,94,-121,-127,27,-89,-124,-83,100,18,-16,20,81,100,92,50,-92,63,116
2407,1,34,34,34,34,34,-114,-114,-114,-33,-20,1,-54,-93,-100,-68,-83,-2,121,-60,90,62,109,93,126,-98,126,105,-64,-127,-123,60,44,105,-59,-58,21,-101,48,46,80,-99,120,53,39,-32,96,94,-121,-127,27,-89,-124,-83,100,18,-16,20,81,100,92,50,-92,63,116
2408,1,34,34,34,34,34,-114,-114,-114,-33,-20,1,-54,-93,-100,-68,-83,-2,121,-60,90,62,109,93,126,-98,126,105,-64,-127,-123,60,44,105,-59,-58,21,-101,48,46,80,-99,120,53,39,-32,96,94,-121,-127,27,-89,-124,-83,100,18,-16,20,81,100,92,50,-92,63,116
2409,1,119,30,30,30,30,30,106,106,97,-33,-20,1,-54,-93,-100,-68,-83,-2,121,-60,90,62,109,93,126,-98,126,105,-64,-127,-123,60,118,21,-79,-106,-62,-127,-63,-80,69,-22,123,110,-39,-31,51,107,-45,60,9,-42,111,55,105,-104,46,67,-20,-69,103,14,-30,39
2410,1,119,30,30,30,30,30,106,106,97,-33,-20,1,-54,-93,-100,-68,-83,-2,121,-60,90,62,109,93,126,-98,126,105,-64,-127,-123,60,118,21,-79,-106,-62,-127,-63,-80,69,-22,123,110,-39,-31,51,107,-45,60,9,-42,111,55,105,-104,46,67,-20,-69,103,14,-30,39
2411,1,119,30,30,30,30,30,106,106,97,-33,-20,1,-54,-93,-100,-68,-83,-2,121,-60,90,62,109,93,126,-98,126,105,-64,-127,-123,60,118,21,-79,-106,-62,-127,-63,-80,69,-22,123,110,-39,-31,51,107,-45,60,9,-42,111,55,105,-104,46,67,-20,-69,103,14,-30,39
2412,1,24,24,24,24,24,24,24,81,-73,97,-33,-20,1,-54,-93,-100,-68,-83,-2,121,-60,90,62,109,93,126,-98,126,105,-64,-127,-123,109,18,70,95,107,-55,-30,95,-49,-56,112,41,-74,-80,-96,57,-105,74,-11,-24,-82,-27,-40,-15,11,-19,-14,51,77,71,-47,-34
2413,1,24,24,24,24,24,24,24,81,-73,97,-33,-20,1,-54,-93,-100,-68,-83,-2,121,-60,90,62,109,93,126,-98,126,105,-64,-127,-123,109,18,70,95,107,-55,-30,95,-49,-56,112,41,-74,-80,-96,57,-105,74,-11,-24,-82,-27,-40,-15,11,-19,-14,51,77,71,-47,-34
2414,1,24,24,24,24,24,24,24,81,-73,97,-33,-20,1,-54,-93,-100,-68,-83,-2,121,-60,90,62,109,93,126,-98,126,105,-64,-127,-123,109,18,70,95,107,-55,-30,95,-49,-56,112,41,-74,-80,-96,57,-105,74,-11,-24,-82,-27,-40,-15,11,-19,-14,51,77,71,-47,-34
2415,1,55,55,55,35,35,35,35,35,-29,-73,97,-33,-20,1,-54,-93,-100,-68,-83,-2,121,-60,90,62,109,93,126,-98,126,105,-64,-127,-80,51,30,-34,94,23,-124,-109,25,-112,28,-3,17,-27,-98,-41,18,-117,-11,101,111,-122,22,-66,-76,100,-87,57,-4,-72,-100,-126
2416,1,55,55,55,35,35,35,35,35,-29,-73,97,-33,-20,1,-54,-93,-100,-68,-83,-2,121,-60,90,62,109,93,126,-98,126,105,-64,-127,-80,51,30,-34,94,23,-124,-109,25,-112,28,-3,17,-27,-98,-41,18,-117,-11,101,111,-122,22,-66,-76,100,-87,57,-4,-72,-100,-126
2417,1,55,55,55,35,35,35,35,35,-29,-73,97,-33,-20,1,-54,-93,-100,-68,-83,-2,121,-60,90,62,109,93,126,-98,126,105,-64,-127,-80,51,30,-34,94,23,-124,-109,25,-112,28,-3,17,-27,-98,-41,18,-117,-11,101,111,-122,22,-66,-76,100,-87,57,-4,-72,-100,-126
2418,1,-104,-104,-104,-104,18,18,18,18,-12,-29,-73,97,-33,-20,1,-54,-93,-100,-68,-83,-2,121,-60,90,62,109,93,126,-98,126,105,-64,105,-24,98,40,3,17,118,-57,-106,32,25,16,78,-67,-54,-87,-97,-7,31,-2,-108,45,-53,-123,-109,4,-19,-95,32,96,-51,-48
2419,1,-104,-104,-104,-104,18,18,18,18,-12,-29,-73,97,-33,-20,1,-54,-93,-100,-68,-83,-2,121,-60,90,62,109,93,126,-98,126,105,-64,105,-24,98,40,3,17,118,-57,-106,32,25,16,78,-67,-54,-87,-97,-7,31,-2,-108,45,-53,-123,-109,4,-19,-95,32,96,-51,-48
2420,1,-104,-104,-104,-104,18,18,18,18,-12,-29,-73,97,-33,-20,1,-54,-93,-100,-68,-83,-2,121,-60,90,62,109,93,126,-98,126,105,-64,105,-24,98,40,3,17,118,-57,-106,32,25,16,78,-67,-54,-87,-97,-7,31,-2,-108,45,-53,-123,-109,4,-19,-95,32,96,-51,-48
2421,1,125,125,125,125,125,-34,-34,-34,-73,-12,-29,-73,97,-33,-20,1,-54,-93,-100,-68,-83,-2,121,-60,90,62,109,93,126,-98,126,105,77,78,-116,78,-121,-73,-106,-108,-87,46,-68,-18,44,-43,-66,120,78,-12,103,-27,63,-52,-101,-123,-81,16,-90,-54,-9,61,-18,-55
2422,1,125,125,125,125,125,-34,-34,-34,-73,-12,-29,-73,97,-33,-20,1,-54,-93,-100,-68,-83,-2,121,-60,90,62,109,93,126,-98,126,105,77,78,-116,78,-121,-73,-106,-108,-87,46,-68,-18,44,-43,-66,120,78,-12,103,-27,63,-52,-101,-123,-81,16,-90,-54,-9,61,-18,-55
2423,1,125,125,125,125,125,-34,-34,-34,-73,-12,-29,-73,97,-33,-20,1,-54,-93,-100,-68,-83,-2,121,-60,90,62,109,93,126,-98,126,105,77,78,-116,78,-121,-73,-106,-108,-87,46,-68,-18,44,-43,-66,120,78,-12,103,-27,63,-52,-101,-123,-81,16,-90,-54,-9,61,-18,-55
2424,1,-84,-95,-95,-95,-95,-95,-42,-42,-82,-73,-12,-29,-73,97,-33,-20,1,-54,-93,-100,-68,-83,-2,121,-60,90,62,109,93,126,-98,126,86,-69,-68,-127,52,64,-24,-96,92,-60,-101,0,-119,-125,12,2,-118,-38,-123,-48,-61,-57,-36,-11,125,-44,125,-119,-59,46,-94,69
2425,1,-84,-95,-95,-95,-95,-95,-42,-42,-82,-73,-12,-29,-73,97,-33,-20,1,-54,-93,-100,-68,-83,-2,121,-60,90,62,109,93,126,-98,126,86,-69,-68,-127,52,64,-24,-96,92,-60,-101,0,-119,-125,12,2,-118,-38,-123,-48,-61,-57,-36,-11,125,-44,125,-119,-59,46,-94,69
2426,1,-84,-95,-95,-95,-95,-95,-42,-42,-82,-73,-12,-29,-73,97,-33,-20,1,-54,-93,-100,-68,-83,-2,121,-60,90,62,109,93,126,-98,126,86,-69,-68,-127,52,64,-24,-96,92,-60,-101,0,-119,-125,12,2,-118,-38,-123,-48,-61,-57,-36,-11,125,-44,125,-119,-59,46,-94,69
2427,1,-45,-45,-121,-121,-121,-121,-121,72,-119,-82,-73,-12,-29,-73,97,-33,-20,1,-54,-93,-100,-68,-83,-2,121,-60,90,62,109,93,126,-98,59,18,10,4,126,-86,-44,-55,19,-25,-17,39,58,-126,-67,-58,90,127,-18,-96,-109,92,-121,-46,20,-36,-64,-72,23,-77,-70,-80
2428,1,-45,-45,-121,-121,-121,-121,-121,72,-119,-82,-73,-12,-29,-73,97,-33,-20,1,-54,-93,-100,-68,-83,-2,121,-60,90,62,109,93,126,-98,59,18,10,4,126,-86,-44,-55,19,-25,-17,39,58,-126,-67,-58,90,127,-18,-96,-109,92,-121,-46,20,-36,-64,-72,23,-77,-70,-80
2429,1,-45,-45,-121,-121,-121,-121,-121,72,-119,-82,-73,-12,-29,-73,97,-33,-20,1,-54,-93,-100,-68,-83,-2,121,-60,90,62,109,93,126,-98,59,18,10,4,126,-86,-44,-55,19,-25,-17,39,58,-126,-67,-58,90,127,-18,-96,-109,92,-121,-46,20,-36,-64,-72,23,-77,-70,-80
2430,1,118,118,118,56,56,56,56,56,34,-119,-82,-73,-12,-29,-73,97,-33,-20,1,-54,-93,-100,-68,-83,-2,121,-60,90,62,109,93,126,-29,106,-21,45,-71,-90,-96,-6,-51,-31,37,95,118,-16,-118,72,-39,27,-69,13,62,6,-7,6,18,-8,43,-51,49,-53,-81,51
2431,1,118,118,118,56,56,56,56,56,34,-119,-82,-73,-12,-29,-73,97,-33,-20,1,-54,-93,-100,-68,-83,-2,121,-60,90,62,109,93,126,-29,106,-21,45,-71,-90,-96,-6,-51,-31,37,95,118,-16,-118,72,-39,27,-69,13,62,6,-7,6,18,-8,43,-51,49,-53,-81,51
2432,1,118,118,118,56,56,56,56,56,34,-119,-82,-73,-12,-29,-73,97,-33,-20,1,-54,-93,-100,-68,-83,-2,121,-60,90,62,109,93,126,-29,106,-21,45,-71,-90,-96,-6,-51,-31,37,95,118,-16,-118,72,-39,27,-69,13,62,6,-7,6,18,-8,43,-51,49,-53,-81,51
2433,1,47,47,47,47,-123,-123,-123,-123,119,34,-119,-82,-73,-12,-29,-73,97,-33,-20,1,-54,-93,-100,-68,-83,-2,121,-60,90,62,109,93,-27,-120,39,-120,-16,80,61,64,63,113,18,-80,81,29,-25,-93,-16,-53,96,38,67,110,-70,80,-95,79,-108,5,-46,44,-105,-83
2434,1,47,47,47,47,-123,-123,-123,-123,119,34,-119,-82,-73,-12,-29,-73,97,-33,-20,1,-54,-93,-100,-68,-83,-2,121,-60,90,62,109,93,-27,-120,39,-120,-16,80,61,64,63,113,18,-80,81,29,-25,-93,-16,-53,96,38,67,110,-70,80,-95,79,-108,5,-46,44,-105,-83
2435,1,47,47,47,47,-123,-123,-123,-123,119,34,-119,-82,-73,-12,-29,-73,97,-33,-20,1,-54,-93,-100,-68,-83,-2,121,-60,90,62,109,93,-27,-120,39,-120,-16,80,61,64,63,113,18,-80,81,29,-25,-93,-16,-53,96,38,67,110,-70,80,-95,79,-108,5,-46,44,-105,-83
2436,1,59,59,59,59,59,-111,-111,-111,24,119,34,-119,-82,-73,-12,-29,-73,97,-33,-20,1,-54,-93,-100,-68,-83,-2,121,-60,90,62,109,-21,-114,-77,79,45,-125,-74,121,72,-40,-23,6,-51,-76,81,113,-123,-45,44,-23,-25,-102,-13,-83,-124,-62,-74,45,6,-10,38,-27
2437,1,59,59,59,59,59,-111,-111,-111,24,119,34,-119,-82,-73,-12,-29,-73,97,-33,-20,1,-54,-93,-100,-68,-83,-2,121,-60,90,62,109,-21,-114,-77,79,45,-125,-74,121,72,-40,-23,6,-51,-76,81,113,-123,-45,44,-23,-25,-102,-13,-83,-124,-62,-74,45,6,-10,38,-27
2438,1,59,59,59,59,59,-111,-111,-111,24,119,34,-119,-82,-73,-12,-29,-73,97,-33,-20,1,-54,-93,-100,-68,-83,-2,121,-60,90,62,109,-21,-114,-77,79,45,-125,-74,121,72,-40,-23,6,-51,-76,81,113,-123,-45,44,-23,-25,-102,-13,-83,-124,-62,-74,45,6,-10,38,-27
2439,1,-73,-13,-13,-13,-13,-13,-96,-96,55,24,119,34,-119,-82,-73,-12,-29,-73,97,-33,-20,1,-54,-93,-100,-68,-83,-2,121,-60,90,62,-10,113,-110,114,96,2,-121,109,-120,48,69,40,81,-103,-37,-38,34,37,-26,112,117,76,97,-70,-117,111,-53,25,-117,-127,23,4
2440,1,-73,-13,-13,-13,-13,-13,-96,-96,55,24,119,34,-119,-82,-73,-12,-29,-73,97,-33,-20,1,-54,-93,-100,-68,-83,-2,121,-60,90,62,-10,113,-110,114,96,2,-121,109,-120,48,69,40,81,-103,-37,-38,34,37,-26,112,117,76,97,-70,-117,111,-53,25,-117,-127,23,4
2441,1,-73,-13,-13,-13,-13,-13,-96,-96,55,24,119,34,-119,-82,-73,-12,-29,-73,97,-33,-20,1,-54,-93,-100,-68,-83,-2,121,-60,90,62,-10,113,-110,114,96,2,-121,109,-120,48,69,40,81,-103,-37,-38,34,37,-26,112,117,76,97,-70,-117,111,-53,25,-117,-127,23,4
2442,1,-99,-99,77,77,77,77,77,55,-104,55,24,119,34,-119,-82,-73,-12,-29,-73,97,-33,-20,1,-54,-93,-100,-68,-83,-2,121,-60,90,-49,-31,23,-73,-31,49,84,-52,33,-17,27,90,123,-79,-70,116,83,-24,-114,76,94,-113,65,-48,64,24,-87,51,-18,-43,-4,-49
2443,1,-99,-99,77,77,77,77,77,55,-104,55,24,119,34,-119,-82,-73,-12,-29,-73,97,-33,-20,1,-54,-93,-100,-68,-83,-2,121,-60,90,-49,-31,23,-73,-31,49,84,-52,33,-17,27,90,123,-79,-70,116,83,-24,-114,76,94,-113,65,-48,64,24,-87,51,-18,-43,-4,-49
2444,1,-99,-99,77,77,77,77,77,55,-104,55,24,119,34,-119,-82,-73,-12,-29,-73,97,-33,-20,1,-54,-93,-100,-68,-83,-2,121,-60,90,-49,-31,23,-73,-31,49,84,-52,33,-17,27,90,123,-79,-70,116,83,-24,-114,76,94,-113,65,-48,64,24,-87,51,-18,-43,-4,-49
2445,1,-113,-113,-113,-45,-45,-45,-45,-45,125,-104,55,24,119,34,-119,-82,-73,-12,-29,-73,97,-33,-20,1,-54,-93,-100,-68,-83,-2,121,-60,67,-111,-116,-94,-113,83,113,108,-122,-20,120,-46,-51,-13,-124,-95,87,-18,30,110,92,56,-79,-125,-118,-22,71,33,64,-126,-45,-97
2446,1,-113,-113,-113,-45,-45,-45,-45,-45,125,-104,55,24,119,34,-119,-82,-73,-12,-29,-73,97,-33,-20,1,-54,-93,-100,-68,-83,-2,121,-60,67,-111,-116,-94,-113,83,113,108,-122,-20,120,-46,-51,-13,-124,-95,87,-18,30,110,92,56,-79,-125,-118,-22,71,33,64,-126,-45,-97
2447,1,-113,-113,-113,-45,-45,-45,-45,-45,125,-104,55,24,119,34,-119,-82,-73,-12,-29,-73,97,-33,-20,1,-54,-93,-100,-68,-83,-2,121,-60,67,-111,-116,-94,-113,83,113,108,-122,-20,120,-46,-51,-13,-124,-95,87,-18,30,110,92,56,-79,-125,-118,-22,71,33,64,-126,-45,-97
2448,1,-73,-73,-73,-73,58,58,58,58,-84,125,-104,55,24,119,34,-119,-82,-73,-12,-29,-73,97,-33,-20,1,-54,-93,-100,-68,-83,-2,121,36,59,0,61,65,-97,-55,40,-11,1,-88,-34,-93,113,-22,-57,68,-21,3,-101,52,31,-109,-26,83,121,94,83,-116,70,-11,-123
2449,1,-73,-73,-73,-73,58,58,58,58,-84,125,-104,55,24,119,34,-119,-82,-73,-12,-29,-73,97,-33,-20,1,-54,-93,-100,-68,-83,-2,121,36,59,0,61,65,-97,-55,40,-11,1,-88,-34,-93,113,-22,-57,68,-21,3,-101,52,31,-109,-26,83,121,94,83,-116,70,-11,-123
2450,1,-73,-73,-73,-73,58,58,58,58,-84,125,-104,55,24,119,34,-119,-82,-73,-12,-29,-73,97,-33,-20,1,-54,-93,-100,-68,-83,-2,121,36,59,0,61,65,-97,-55,40,-11,1,-88,-34,-93,113,-22,-57,68,-21,3,-101,52,31,-109,-26,83,121,94,83,-116,70,-11,-123
2451,1,96,96,96,96,96,-40,-40,-40,-45,-84,125,-104,55,24,119,34,-119,-82,-73,-12,-29,-73,97,-33,-20,1,-54,-93,-100,-68,-83,-2,23,94,108,120,-98,33,-118,89,-107,107,26,85,33,113,48,7,114,-25,68,110,111,58,-126,-92,-69,-24,-43,-42,39,-32,-72,-94
2452,1,96,96,96,96,96,-40,-40,-40,-45,-84,125,-104,55,24,119,34,-119,-82,-73,-12,-29,-73,97,-33,-20,1,-54,-93,-100,-68,-83,-2,23,94,108,120,-98,33,-118,89,-107,107,26,85,33,113,48,7,114,-25,68,110,111,58,-126,-92,-69,-24,-43,-42,39,-32,-72,-94
2453,1,96,96,96,96,96,-40,-40,-40,-45,-84,125,-104,55,24,119,34,-119,-82,-73,-12,-29,-73,97,-33,-20,1,-54,-93,-100,-68,-83,-2,23,94,108,120,-98,33,-118,89,-107,107,26,85,33,113,48,7,114,-25,68,110,111,58,-126,-92,-69,-24,-43,-42,39,-32,-72,-94
2454,1,111,88,88,88,88,88,55,55,118,-45,-84,125,-104,55,24,119,34,-119,-82,-73,-12,-29,-73,97,-33,-20,1,-54,-93,-100,-68,-83,-100,-46,100,-29,5,57,25,-35,105,-26,-9,-61,-120,-58,-56,72,38,-77,-124,-13,-46,-105,-112,-124,-90,119,113,34,75,-67,-87,-67
2455,1,111,88,88,88,88,88,55,55,118,-45,-84,125,-104,55,24,119,34,-119,-82,-73,-12,-29,-73,97,-33,-20,1,-54,-93,-100,-68,-83,-100,-46,100,-29,5,57,25,-35,105,-26,-9,-61,-120,-58,-56,72,38,-77,-124,-13,-46,-105,-112,-124,-90,119,113,34,75,-67,-87,-67
2456,1,111,88,88,88,88,88,55,55,118,-45,-84,125,-104,55,24,119,34,-119,-82,-73,-12,-29,-73,97,-33,-20,1,-54,-93,-100,-68,-83,-100,-46,100,-29,5,57,25,-35,105,-26,-9,-61,-120,-58,-56,72,38,-77,-124,-13,-46,-105,-112,-124,-90,119,113,34,75,-67,-87,-67
2457,1,23,23,-73,-73,-73,-73,-73,-89,47,118,-45,-84,125,-104,55,24,119,34,-119,-82,-73,-12,-29,-73,97,-33,-20,1,-54,-93,-100,-68,-19,-49,16,-120,-121,56,-89,13,-23,26,-83,-52,7,64,-43,-81,-17,24,101,53,-109,67,40,-102,-105,22,119,38,-124,39,123,123
2458,1,23,23,-73,-73,-73,-73,-73,-89,47,118,-45,-84,125,-104,55,24,119,34,-119,-82,-73,-12,-29,-73,97,-33,-20,1,-54,-93,-100,-68,-19,-49,16,-120,-121,56,-89,13,-23,26,-83,-52,7,64,-43,-81,-17,24,101,53,-109,67,40,-102,-105,22,119,38,-124,39,123,123
2459,1,23,23,-73,-73,-73,-73,-73,-89,47,118,-45,-84,125,-104,55,24,119,34,-119,-82,-73,-12,-29,-73,97,-33,-20,1,-54,-93,-100,-68,-19,-49,16,-120,-121,56,-89,13,-23,26,-83,-52,7,64,-43,-81,-17,24,101,53,-109,67,40,-102,-105,22,119,38,-124,39,123,123
2460,1,-69,-69,-69,-18,-18,-18,-18,-18,59,47,118,-45,-84,125,-104,55,24,119,34,-119,-82,-73,-12,-29,-73,97,-33,-20,1,-54,-93,-100,-31,24,87,-33,-32,-91,-46,8,-114,41,-73,-14,-68,-101,107,-37,-107,58,32,-119,29,70,-99,-48,-81,36,-20,-87,99,29,-74,-93
2461,1,-69,-69,-69,-18,-18,-18,-18,-18,59,47,118,-45,-84,125,-104,55,24,119,34,-119,-82,-73,-12,-29,-73,97,-33,-20,1,-54,-93,-100,-31,24,87,-33,-32,-91,-46,8,-114,41,-73,-14,-68,-101,107,-37,-107,58,32,-119,29,70,-99,-48,-81,36,-20,-87,99,29,-74,-93
2462,1,-69,-69,-69,-18,-18,-18,-18,-18,59,47,118,-45,-84,125,-104,55,24,119,34,-119,-82,-73,-12,-29,-73,97,-33,-20,1,-54,-93,-100,-31,24,87,-33,-32,-91,-46,8,-114,41,-73,-14,-68,-101,107,-37,-107,58,32,-119,29,70,-99,-48,-81,36,-20,-87,99,29,-74,-93
2463,1,-90,-90,-90,-90,21,21,21,21,-73,59,47,118,-45,-84,125,-104,55,24,119,34,-119,-82,-73,-12,-29,-73,97,-33,-20,1,-54,-93,-111,-96,-122,33,-44,108,3,103,61,18,35,13,-102,-87,-108,-10,18,11,79,-100,-38,-81,-97,-20,-70,88,52,-124,108,-97,7,-86
2464,1,-90,-90,-90,-90,21,21,21,21,-73,59,47,118,-45,-84,125,-104,55,24,119,34,-119,-82,-73,-12,-29,-73,97,-33,-20,1,-54,-93,-111,-96,-122,33,-44,108,3,103,61,18,35,13,-102,-87,-108,-10,18,11,79,-100,-38,-81,-97,-20,-70,88,52,-124,108,-97,7,-86
2465,1,-90,-90,-90,-90,21,21,21,21,-73,59,47,118,-45,-84,125,-104,55,24,119,34,-119,-82,-73,-12,-29,-73,97,-33,-20,1,-54,-93,-111,-96,-122,33,-44,108,3,103,61,18,35,13,-102,-87,-108,-10,18,11,79,-100,-38,-81,-97,-20,-70,88,52,-124,108,-97,7,-86
2466,1,105,105,105,105,105,-95,-95,-95,-99,-73,59,47,118,-45,-84,125,-104,55,24,119,34,-119,-82,-73,-12,-29,-73,97,-33,-20,1,-54,13,-84,-106,125,83,67,-24,-116,104,-105,70,95,55,103,18,-36,27,-25,25,50,-55,45,-92,59,-58,69,-66,17,106,61,-34,-13
2467,1,105,105,105,105,105,-95,-95,-95,-99,-73,59,47,118,-45,-84,125,-104,55,24,119,34,-119,-82,-73,-12,-29,-73,97,-33,-20,1,-54,13,-84,-106,125,83,67,-24,-116,104,-105,70,95,55,103,18,-36,27,-25,25,50,-55,45,-92,59,-58,69,-66,17,106,61,-34,-13
2468,1,105,105,105,105,105,-95,-95,-95,-99,-73,59,47,118,-45,-84,125,-104,55,24,119,34,-119,-82,-73,-12,-29,-73,97,-33,-20,1,-54,13,-84,-106,125,83,67,-24,-116,104,-105,70,95,55,103,18,-36,27,-25,25,50,-55,45,-92,59,-58,69,-66,17,106,61,-34,-13
2469,1,-98,-64,-64,-64,-64,-64,-4,-4,-113,-99,-73,59,47,118,-45,-84,125,-104,55,24,119,34,-119,-82,-73,-12,-29,-73,97,-33,-20,1,-62,53,59,108,-78,43,45,-56,-122,-108,-88,119,-77,-81,114,14,85,-9,20,0,54,9,87,-26,-59,-9,55,49,-80,-33,112,-66
2470,1,-98,-64,-64,-64,-64,-64,-4,-4,-113,-99,-73,59,47,118,-45,-84,125,-104,55,24,119,34,-119,-82,-73,-12,-29,-73,97,-33,-20,1,-62,53,59,108,-78,43,45,-56,-122,-108,-88,119,-77,-81,114,14,85,-9,20,0,54,9,87,-26,-59,-9,55,49,-80,-33,112,-66
2471,1,-98,-64,-64,-64,-64,-64,-4,-4,-113,-99,-73,59,47,118,-45,-84,125,-104,55,24,119,34,-119,-82,-73,-12,-29,-73,97,-33,-20,1,-62,53,59,108,-78,43,45,-56,-122,-108,-88,119,-77,-81,114,14,85,-9,20,0,54,9,87,-26,-59,-9,55,49,-80,-33,112,-66
2472,1,56,56,60,60,60,60,60,-90,-73,-113,-99,-73,59,47,118,-45,-84,125,-104,55,24,119,34,-119,-82,-73,-12,-29,-73,97,-33,-20,39,-113,113,123,56,-30,61,2,10,-106,107,-31,64,-120,-7,-64,80,0,25,46,-63,117,38,-110,-95,47,-91,41,-36,-55,56,2
2473,1,56,56,60,60,60,60,60,-90,-73,-113,-99,-73,59,47,118,-45,-84,125,-104,55,24,119,34,-119,-82,-73,-12,-29,-73,97,-33,-20,39,-113,113,123,56,-30,61,2,10,-106,107,-31,64,-120,-7,-64,80,0,25,46,-63,117,38,-110,-95,47,-91,41,-36,-55,56,2
2474,1,56,56,60,60,60,60,60,-90,-73,-113,-99,-73,59,47,118,-45,-84,125,-104,55,24,119,34,-119,-82,-73,-12,-29,-73,97,-33,-20,39,-113,113,123,56,-30,61,2,10,-106,107,-31,64,-120,-7,-64,80,0,25,46,-63,117,38,-110,-95,47,-91,41,-36,-55,56,2
2475,1,22,22,22,-124,-124,-124,-124,-124,96,-73,-113,-99,-73,59,47,118,-45,-84,125,-104,55,24,119,34,-119,-82,-73,-12,-29,-73,97,-33,2,-85,-52,-87,69,89,-117,-83,76,89,-22,69,-116,-104,-123,-122,-99,-59,-41,-36,-24,68,42,-15,-29,-14,-49,-46,-68,-122,107,-40
2476,1,22,22,22,-124,-124,-124,-124,-124,96,-73,-113,-99,-73,59,47,118,-45,-84,125,-104,55,24,119,34,-119,-82,-73,-12,-29,-73,97,-33,2,-85,-52,-87,69,89,-117,-83,76,89,-22,69,-116,-104,-123,-122,-99,-59,-41,-36,-24,68,42,-15,-29,-14,-49,-46,-68,-122,107,-40
2477,1,22,22,22,-124,-124,-124,-124,-124,96,-73,-113,-99,-73,59,47,118,-45,-84,125,-104,55,24,119,34,-119,-82,-73,-12,-29,-73,97,-33,2,-85,-52,-87,69,89,-117,-83,76,89,-22,69,-116,-104,-123,-122,-99,-59,-41,-36,-24,68,42,-15,-29,-14,-49,-46,-68,-122,107,-40
2478,1,-26,-26,-26,-26,-44,-44,-44,-44,111,96,-73,-113,-99,-73,59,47,118,-45,-84,125,-104,55,24,119,34,-119,-82,-73,-12,-29,-73,97,-47,43,-96,-108,116,-66,2,-74,38,74,-116,87,-22,-79,15,-93,-72,-87,-27,123,11,92,-115,-66,-2,110,1,-63,64,-119,-92,103
2479,1,-26,-26,-26,-26,-44,-44,-44,-44,111,96,-73,-113,-99,-73,59,47,118,-45,-84,125,-104,55,24,119,34,-119,-82,-73,-12,-29,-73,97,-47,43,-96,-108,116,-66,2,-74,38,74,-116,87,-22,-79,15,-93,-72,-87,-27,123,11,92,-115,-66,-2,110,1,-63,64,-119,-92,103
2480,1,-26,-26,-26,-26,-44,-44,-44,-44,111,96,-73,-113,-99,-73,59,47,118,-45,-84,125,-104,55,24,119,34,-119,-82,-73,-12,-29,-73,97,-47,43,-96,-108,116,-66,2,-74,38,74,-116,87,-22,-79,15,-93,-72,-87,-27,123,11,92,-115,-66,-2,110,1,-63,64,-119,-92,103
2481,1,-36,-36,-36,-36,-36,22,22,22,23,111,96,-73,-113,-99,-73,59,47,118,-45,-84,125,-104,55,24,119,34,-119,-82,-73,-12,-29,-73,20,19,-11,-127,64,-22,-43,-30,30,-127,-25,99,-118,-102,-112,24,-100,-108,-124,-94,12,-95,26,8,-9,-60,-65,70,10,6,65,72
2482,1,-36,-36,-36,-36,-36,22,22,22,23,111,96,-73,-113,-99,-73,59,47,118,-45,-84,125,-104,55,24,119,34,-119,-82,-73,-12,-29,-73,20,19,-11,-127,64,-22,-43,-30,30,-127,-25,99,-118,-102,-112,24,-100,-108,-124,-94,12,-95,26,8,-9,-60,-65,70,10,6,65,72
2483,1,-36,-36,-36,-36,-36,22,22,22,23,111,96,-73,-113,-99,-73,59,47,118,-45,-84,125,-104,55,24,119,34,-119,-82,-73,-12,-29,-73,20,19,-11,-127,64,-22,-43,-30,30,-127,-25,99,-118,-102,-112,24,-100,-108,-124,-94,12,-95,26,8,-9,-60,-65,70,10,6,65,72
2484,1,-10,31,31,31,31,31,-93,-93,-69,23,111,96,-73,-113,-99,-73,59,47,118,-45,-84,125,-104,55,24,119,34,-119,-82,-73,-12,-29,33,66,39,-68,-103,23,-90,84,-37,-54,-47,73,-76,-4,79,-79,67,112,19,-115,113,74,34,90,-75,-34,-30,108,-47,38,-43,-60
2485,1,-10,31,31,31,31,31,-93,-93,-69,23,111,96,-73,-113,-99,-73,59,47,118,-45,-84,125,-104,55,24,119,34,-119,-82,-73,-12,-29,33,66,39,-68,-103,23,-90,84,-37,-54,-47,73,-76,-4,79,-79,67,112,19,-115,113,74,34,90,-75,-34,-30,108,-47,38,-43,-60
2486,1,-10,31,31,31,31,31,-93,-93,-69,23,111,96,-73,-113,-99,-73,59,47,118,-45,-84,125,-104,55,24,119,34,-119,-82,-73,-12,-29,33,66,39,-68,-103,23,-90,84,-37,-54,-47,73,-76,-4,79,-79,67,112,19,-115,113,74,34,90,-75,-34,-30,108,-47,38,-43,-60
2487,1,-37,-37,-36,-36,-36,-36,-36,34,-90,-69,23,111,96,-73,-113,-99,-73,59,47,118,-45,-84,125,-104,55,24,119,34,-119,-82,-73,-12,108,-48,117,75,6,-41,-53,-34,20,-31,63,-6,-20,-29,95,56,-47,-69,31,-62,30,11,-42,-78,104,-3,-101,80,75,8,-21,-48
2488,1,-37,-37,-36,-36,-36,-36,-36,34,-90,-69,23,111,96,-73,-113,-99,-73,59,47,118,-45,-84,125,-104,55,24,119,34,-119,-82,-73,-12,108,-48,117,75,6,-41,-53,-34,20,-31,63,-6,-20,-29,95,56,-47,-69,31,-62,30,11,-42,-78,104,-3,-101,80,75,8,-21,-48
2489,1,-37,-37,-36,-36,-36,-36,-36,34,-90,-69,23,111,96,-73,-113,-99,-73,59,47,118,-45,-84,125,-104,55,24,119,34,-119,-82,-73,-12,108,-48,117,75,6,-41,-53,-34,20,-31,63,-6,-20,-29,95,56,-47,-69,31,-62,30,11,-42,-78,104,-3,-101,80,75,8,-21,-48
2490,1,-24,-24,-24,69,69,69,69,69,105,-90,-69,23,111,96,-73,-113,-99,-73,59,47,118,-45,-84,125,-104,55,24,119,34,-119,-82,-73,-32,4,-35,68,-75,109,-99,32,-90,114,10,-41,127,93,17,-32,-44,-77,-88,-113,12,-46,54,-119,68,-81,74,-6,-92,3,1,-72
2491,1,-24,-24,-24,69,69,69,69,69,105,-90,-69,23,111,96,-73,-113,-99,-73,59,47,118,-45,-84,125,-104,55,24,119,34,-119,-82,-73,-32,4,-35,68,-75,109,-99,32,-90,114,10,-41,127,93,17,-32,-44,-77,-88,-113,12,-46,54,-119,68,-81,74,-6,-92,3,1,-72
2492,1,-24,-24,-24,69,69,69,69,69,105,-90,-69,23,111,96,-73,-113,-99,-73,59,47,118,-45,-84,125,-104,55,24,119,34,-119,-82,-73,-32,4,-35,68,-75,109,-99,32,-90,114,10,-41,127,93,17,-32,-44,-77,-88,-113,12,-46,54,-119,68,-81,74,-6,-92,3,1,-72
2493,1,66,66,66,66,-53,-53,-53,-53,-98,105,-90,-69,23,111,96,-73,-113,-99,-73,59,47,118,-45,-84,125,-104,55,24,119,34,-119,-82,81,-40,-95,-24,71,46,113,14,-24,-79,70,100,102,-108,117,-99,40,99,40,88,86,-98,-7,-45,-101,-13,-5,-13,-19,-86,-69,-51
2494,1,66,66,66,66,-53,-53,-53,-53,-98,105,-90,-69,23,111,96,-73,-113,-99,-73,59,47,118,-45,-84,125,-104,55,24,119,34,-119,-82,81,-40,-95,-24,71,46,113,14,-24,-79,70,100,102,-108,117,-99,40,99,40,88,86,-98,-7,-45,-101,-13,-5,-13,-19,-86,-69,-51
2495,1,66,66,66,66,-53,-53,-53,-53,-98,105,-90,-69,23,111,96,-73,-113,-99,-73,59,47,118,-45,-84,125,-104,55,24,119,34,-119,-82,81,-40,-95,-24,71,46,113,14,-24,-79,70,100,102,-108,117,-99,40,99,40,88,86,-98,-7,-45,-101,-13,-5,-13,-19,-86,-69,-51
2496,1,72,72,72,72,72,-68,-68,-68,56,-98,105,-90,-69,23,111,96,-73,-113,-99,-73,59,47,118,-45,-84,125,-104,55,24,119,34,-119,-38,48,122,25,42,118,8,72,127,-90,-55,-6,127,-87,-56,-29,14,-17,-67,90,15,-75,-72,-123,44,43,58,-50,-104,51,49,-8
2497,1,72,72,72,72,72,-68,-68,-68,56,-98,105,-90,-69,23,111,96,-73,-113,-99,-73,59,47,118,-45,-84,125,-104,55,24,119,34,-119,-38,48,122,25,42,118,8,72,127,-90,-55,-6,127,-87,-56,-29,14,-17,-67,90,15,-75,-72,-123,44,43,58,-50,-104,51,49,-8
2498,1,72,72,72,72,72,-68,-68,-68,56,-98,105,-90,-69,23,111,96,-73,-113,-99,-73,59,47,118,-45,-84,125,-104,55,24,119,34,-119,-38,48,122,25,42,118,8,72,127,-90,-55,-6,127,-87,-56,-29,14,-17,-67,90,15,-75,-72,-123,44,43,58,-50,-104,51,49,-8
2499,1,-123,89,89,89,89,89,80,80,22,56,-98,105,-90,-69,23,111,96,-73,-113,-99,-73,59,47,118,-45,-84,125,-104,55,24,119,34,-2,-56,-124,101,-27,100,32,-95,108,83,-82,5,-82,106,-16,116,-91,79,-3,87,-117,-93,124,125,74,-41,78,-122,-79,-105,-32,18
2500,1,-123,89,89,89,89,89,80,80,22,56,-98,105,-90,-69,23,111,96,-73,-113,-99,-73,59,47,118,-45,-84,125,-104,55,24,119,34,-2,-56,-124,101,-27,100,32,-95,108,83,-82,5,-82,106,-16,116,-91,79,-3,87,-117,-93,124,125,74,-41,78,-122,-79,-105,-32,18
2501,1,-123,89,89,89,89,89,80,80,22,56,-98,105,-90,-69,23,111,96,-73,-113,-99,-73,59,47,118,-45,-84,125,-104,55,24,119,34,-2,-56,-124,101,-27,100,32,-95,108,83,-82,5,-82,106,-16,116,-91,79,-3,87,-117,-93,124,125,74,-41,78,-122,-79,-105,-32,18
2502,1,6,6,44,44,44,44,44,-54,-26,22,56,-98,105,-90,-69,23,111,96,-73,-113,-99,-73,59,47,118,-45,-84,125,-104,55,24,119,112,26,-103,-91,7,121,53,-107,-61,-110,-88,85,-99,-126,104,-115,56,-82,96,4,-92,82,73,-92,49,17,-61,36,-75,88,-43,62
2503,1,6,6,44,44,44,44,44,-54,-26,22,56,-98,105,-90,-69,23,111,96,-73,-113,-99,-73,59,47,118,-45,-84,125,-104,55,24,119,112,26,-103,-91,7,121,53,-107,-61,-110,-88,85,-99,-126,104,-115,56,-82,96,4,-92,82,73,-92,49,17,-61,36,-75,88,-43,62
2504,1,6,6,44,44,44,44,44,-54,-26,22,56,-98,105,-90,-69,23,111,96,-73,-113,-99,-73,59,47,118,-45,-84,125,-104,55,24,119,112,26,-103,-91,7,121,53,-107,-61,-110,-88,85,-99,-126,104,-115,56,-82,96,4,-92,82,73,-92,49,17,-61,36,-75,88,-43,62
2505,1,-54,-54,-54,116,116,116,116,116,-36,-26,22,56,-98,105,-90,-69,23,111,96,-73,-113,-99,-73,59,47,118,-45,-84,125,-104,55,24,65,96,68,87,-21,-46,29,59,-121,-106,-93,126,-98,-110,29,71,-31,97,-57,42,110,0,-71,-34,-88,35,-12,19,-47,4,-85,-2
2506,1,-54,-54,-54,116,116,116,116,116,-36,-26,22,56,-98,105,-90,-69,23,111,96,-73,-113,-99,-73,59,47,118,-45,-84,125,-104,55,24,65,96,68,87,-21,-46,29,59,-121,-106,-93,126,-98,-110,29,71,-31,97,-57,42,110,0,-71,-34,-88,35,-12,19,-47,4,-85,-2
2507,1,-54,-54,-54,116,116,116,116,116,-36,-26,22,56,-98,105,-90,-69,23,111,96,-73,-113,-99,-73,59,47,118,-45,-84,125,-104,55,24,65,96,68,87,-21,-46,29,59,-121,-106,-93,126,-98,-110,29,71,-31,97,-57,42,110,0,-71,-34,-88,35,-12,19,-47,4,-85,-2
2508,1,-96,-96,-96,-96,-114,-114,-114,-114,-10,-36,-26,22,56,-98,105,-90,-69,23,111,96,-73,-113,-99,-73,59,47,118,-45,-84,125,-104,55,83,19,-127,80,82,33,-66,33,127,83,-30,-19,55,81,-46,-72,47,94,-55,74,12,-38,98,-54,-75,98,-91,-100,-85,30,58,75
2509,1,-96,-96,-96,-96,-114,-114,-114,-114,-10,-36,-26,22,56,-98,105,-90,-69,23,111,96,-73,-113,-99,-73,59,47,118,-45,-84,125,-104,55,83,19,-127,80,82,33,-66,33,127,83,-30,-19,55,81,-46,-72,47,94,-55,74,12,-38,98,-54,-75,98,-91,-100,-85,30,58,75
2510,1,-96,-96,-96,-96,-114,-114,-114,-114,-10,-36,-26,22,56,-98,105,-90,-69,23,111,96,-73,-113,-99,-73,59,47,118,-45,-84,125,-104,55,83,19,-127,80,82,33,-66,33,127,83,-30,-19,55,81,-46,-72,47,94,-55,74,12,-38,98,-54,-75,98,-91,-100,-85,30,58,75
2511,1,125,125,125,125,125,-85,-85,-85,-37,-10,-36,-26,22,56,-98,105,-90,-69,23,111,96,-73,-113,-99,-73,59,47,118,-45,-84,125,-104,-59,8,91,-9,5,-117,71,-110,-90,-74,5,-124,2,11,112,113,31,0,9,-30,-78,-6,-8,69,12,-119,-59,122,-12,92,101,59
2512,1,125,125,125,125,125,-85,-85,-85,-37,-10,-36,-26,22,56,-98,105,-90,-69,23,111,96,-73,-113,-99,-73,59,47,118,-45,-84,125,-104,-59,8,91,-9,5,-117,71,-110,-90,-74,5,-124,2,11,112,113,31,0,9,-30,-78,-6,-8,69,12,-119,-59,122,-12,92,101,59
2513,1,125,125,125,125,125,-85,-85,-85,-37,-10,-36,-26,22,56,-98,105,-90,-69,23,111,96,-73,-113,-99,-73,59,47,118,-45,-84,125,-104,-59,8,91,-9,5,-117,71,-110,-90,-74,5,-124,2,11,112,113,31,0,9,-30,-78,-6,-8,69,12,-119,-59,122,-12,92,101,59
2514,1,119,61,61,61,61,61,-44,-44,-24,-37,-10,-36,-26,22,56,-98,105,-90,-69,23,111,96,-73,-113,-99,-73,59,47,118,-45,-84,125,-75,-121,27,14,23,-123,-19,-119,-41,-123,-47,43,106,7,84,-125,-48,-3,86,-35,36,40,-69,21,-24,-112,-24,39,-106,39,47,-93
2515,1,119,61,61,61,61,61,-44,-44,-24,-37,-10,-36,-26,22,56,-98,105,-90,-69,23,111,96,-73,-113,-99,-73,59,47,118,-45,-84,125,-75,-121,27,14,23,-123,-19,-119,-41,-123,-47,43,106,7,84,-125,-48,-3,86,-35,36,40,-69,21,-24,-112,-24,39,-106,39,47,-93
2516,1,119,61,61,61,61,61,-44,-44,-24,-37,-10,-36,-26,22,56,-98,105,-90,-69,23,111,96,-73,-113,-99,-73,59,47,118,-45,-84,125,-75,-121,27,14,23,-123,-19,-119,-41,-123,-47,43,106,7,84,-125,-48,-3,86,-35,36,40,-69,21,-24,-112,-24,39,-106,39,47,-93
2517,1,102,102,-58,-58,-58,-58,-58,83,66,-24,-37,-10,-36,-26,22,56,-98,105,-90,-69,23,111,96,-73,-113,-99,-73,59,47,118,-45,-84,20,-91,-28,-94,13,66,-49,-64,-83,57,-82,-2,-2,-27,60,69,58,106,-2,-47,-47,23,-11,-114,122,-8,16,-85,114,-10,96,113
2518,1,102,102,-58,-58,-58,-58,-58,83,66,-24,-37,-10,-36,-26,22,56,-98,105,-90,-69,23,111,96,-73,-113,-99,-73,59,47,118,-45,-84,20,-91,-28,-94,13,66,-49,-64,-83,57,-82,-2,-2,-27,60,69,58,106,-2,-47,-47,23,-11,-114,122,-8,16,-85,114,-10,96,113
2519,1,102,102,-58,-58,-58,-58,-58,83,66,-24,-37,-10,-36,-26,22,56,-98,105,-90,-69,23,111,96,-73,-113,-99,-73,59,47,118,-45,-84,20,-91,-28,-94,13,66,-49,-64,-83,57,-82,-2,-2,-27,60,69,58,106,-2,-47,-47,23,-11,-114,122,-8,16,-85,114,-10,96,113
2520,1,43,43,43,87,87,87,87,87,72,66,-24,-37,-10,-36,-26,22,56,-98,105,-90,-69,23,111,96,-73,-113,-99,-73,59,47,118,-45,-103,-27,49,103,-121,-14,-24,-124,114,-62,-7,19,-68,66,-43,-11,103,-25,-62,118,-75,92,44,41,74,-105,-65,72,-78,108,18,-67
2521,1,43,43,43,87,87,87,87,87,72,66,-24,-37,-10,-36,-26,22,56,-98,105,-90,-69,23,111,96,-73,-113,-99,-73,59,47,118,-45,-103,-27,49,103,-121,-14,-24,-124,114,-62,-7,19,-68,66,-43,-11,103,-25,-62,118,-75,92,44,41,74,-105,-65,72,-78,108,18,-67
2522,1,43,43,43,87,87,87,87,87,72,66,-24,-37,-10,-36,-26,22,56,-98,105,-90,-69,23,111,96,-73,-113,-99,-73,59,47,118,-45,-103,-27,49,103,-121,-14,-24,-124,114,-62,-7,19,-68,66,-43,-11,103,-25,-62,118,-75,92,44,41,74,-105,-65,72,-78,108,18,-67
2523,1,-55,-55,-55,-55,-30,-30,-30,-30,-123,72,66,-24,-37,-10,-36,-26,22,56,-98,105,-90,-69,23,111,96,-73,-113,-99,-73,59,47,118,90,51,38,-1,39,-36,66,-15,-51,5,-57,71,-123,127,-70,23,6,-50,-89,23,22,-81,96,106,-28,-92,14,-72,118,28,66,16
2524,1,-55,-55,-55,-55,-30,-30,-30,-30,-123,72,66,-24,-37,-10,-36,-26,22,56,-98,105,-90,-69,23,111,96,-73,-113,-99,-73,59,47,118,90,51,38,-1,39,-36,66,-15,-51,5,-57,71,-123,127,-70,23,6,-50,-89,23,22,-81,96,106,-28,-92,14,-72,118,28,66,16
2525,1,-55,-55,-55,-55,-30,-30,-30,-30,-123,72,66,-24,-37,-10,-36,-26,22,56,-98,105,-90,-69,23,111,96,-73,-113,-99,-73,59,47,118,90,51,38,-1,39,-36,66,-15,-51,5,-57,71,-123,127,-70,23,6,-50,-89,23,22,-81,96,106,-28,-92,14,-72,118,28,66,16
2526,1,-20,-20,-20,-20,-20,15,15,15,6,-123,72,66,-24,-37,-10,-36,-26,22,56,-98,105,-90,-69,23,111,96,-73,-113,-99,-73,59,47,116,-102,5,-53,52,119,-66,-20,-104,-44,52,-39,28,-10,-29,9,-13,-99,-8,-45,-38,68,-33,124,-93,55,4,41,34,51,28,-87
2527,1,-20,-20,-20,-20,-20,15,15,15,6,-123,72,66,-24,-37,-10,-36,-26,22,56,-98,105,-90,-69,23,111,96,-73,-113,-99,-73,59,47,116,-102,5,-53,52,119,-66,-20,-104,-44,52,-39,28,-10,-29,9,-13,-99,-8,-45,-38,68,-33,124,-93,55,4,41,34,51,28,-87
2528,1,-20,-20,-20,-20,-20,15,15,15,6,-123,72,66,-24,-37,-10,-36,-26,22,56,-98,105,-90,-69,23,111,96,-73,-113,-99,-73,59,47,116,-102,5,-53,52,119,-66,-20,-104,-44,52,-39,28,-10,-29,9,-13,-99,-8,-45,-38,68,-33,124,-93,55,4,41,34,51,28,-87
2529,1,5,67,67,67,67,67,-99,-99,-54,6,-123,72,66,-24,-37,-10,-36,-26,22,56,-98,105,-90,-69,23,111,96,-73,-113,-99,-73,59,-72,13,111,-27,22,37,86,73,15,87,-6,-49,-92,62,27,83,-123,-43,-114,-103,112,-51,3,127,86,-22,29,-17,54,-107,-113,10
2530,1,5,67,67,67,67,67,-99,-99,-54,6,-123,72,66,-24,-37,-10,-36,-26,22,56,-98,105,-90,-69,23,111,96,-73,-113,-99,-73,59,-72,13,111,-27,22,37,86,73,15,87,-6,-49,-92,62,27,83,-123,-43,-114,-103,112,-51,3,127,86,-22,29,-17,54,-107,-113,10
2531,1,5,67,67,67,67,67,-99,-99,-54,6,-123,72,66,-24,-37,-10,-36,-26,22,56,-98,105,-90,-69,23,111,96,-73,-113,-99,-73,59,-72,13,111,-27,22,37,86,73,15,87,-6,-49,-92,62,27,83,-123,-43,-114,-103,112,-51,3,127,86,-22,29,-17,54,-107,-113,10
2532,1,-104,-104,-116,-116,-116,-116,-116,22,-96,-54,6,-123,72,66,-24,-37,-10,-36,-26,22,56,-98,105,-90,-69,23,111,96,-73,-113,-99,-73,-36,0,-33,59,79,75,-67,-47,-83,-121,19,87,-6,71,-71,-42,73,108,115,-5,70,-53,17,2,-52,-86,90,105,-109,91,104,21
2533,1,-104,-104,-116,-116,-116,-116,-116,22,-96,-54,6,-123,72,66,-24,-37,-10,-36,-26,22,56,-98,105,-90,-69,23,111,96,-73,-113,-99,-73,-36,0,-33,59,79,75,-67,-47,-83,-121,19,87,-6,71,-71,-42,73,108,115,-5,70,-53,17,2,-52,-86,90,105,-109,91,104,21
2534,1,-104,-104,-116,-116,-116,-116,-116,22,-96,-54,6,-123,72,66,-24,-37,-10,-36,-26,22,56,-98,105,-90,-69,23,111,96,-73,-113,-99,-73,-36,0,-33,59,79,75,-67,-47,-83,-121,19,87,-6,71,-71,-42,73,108,115,-5,70,-53,17,2,-52,-86,90,105,-109,91,104,21
2535,1,41,41,41,-119,-119,-119,-119,-119,125,-96,-54,6,-123,72,66,-24,-37,-10,-36,-26,22,56,-98,105,-90,-69,23,111,96,-73,-113,-99,-23,-54,11,56,39,58,20,42,71,86,-21,-26,116,-62,6,-75,42,70,31,66,93,123,-123,-89,54,113,-121,37,49,-113,-96,21
2536,1,41,41,41,-119,-119,-119,-119,-119,125,-96,-54,6,-123,72,66,-24,-37,-10,-36,-26,22,56,-98,105,-90,-69,23,111,96,-73,-113,-99,-23,-54,11,56,39,58,20,42,71,86,-21,-26,116,-62,6,-75,42,70,31,66,93,123,-123,-89,54,113,-121,37,49,-113,-96,21
2537,1,41,41,41,-119,-119,-119,-119,-119,125,-96,-54,6,-123,72,66,-24,-37,-10,-36,-26,22,56,-98,105,-90,-69,23,111,96,-73,-113,-99,-23,-54,11,56,39,58,20,42,71,86,-21,-26,116,-62,6,-75,42,70,31,66,93,123,-123,-89,54,113,-121,37,49,-113,-96,21
2538,1,-106,-106,-106,-106,66,66,66,66,119,125,-96,-54,6,-123,72,66,-24,-37,-10,-36,-26,22,56,-98,105,-90,-69,23,111,96,-73,-113,-97,-72,39,33,40,-3,-58,-93,80,50,73,-82,-51,16,-77,-34,-90,-109,-125,28,-71,-113,-32,-30,66,-17,-90,45,41,71,-114,-118
2539,1,-106,-106,-106,-106,66,66,66,66,119,125,-96,-54,6,-123,72,66,-24,-37,-10,-36,-26,22,56,-98,105,-90,-69,23,111,96,-73,-113,-97,-72,39,33,40,-3,-58,-93,80,50,73,-82,-51,16,-77,-34,-90,-109,-125,28,-71,-113,-32,-30,66,-17,-90,45,41,71,-114,-118
2540,1,-106,-106,-106,-106,66,66,66,66,119,125,-96,-54,6,-123,72,66,-24,-37,-10,-36,-26,22,56,-98,105,-90,-69,23,111,96,-73,-113,-97,-72,39,33,40,-3,-58,-93,80,50,73,-82,-51,16,-77,-34,-90,-109,-125,28,-71,-113,-32,-30,66,-17,-90,45,41,71,-114,-118
2541,1,-74,-74,-74,-74,-74,-85,-85,-85,102,119,125,-96,-54,6,-123,72,66,-24,-37,-10,-36,-26,22,56,-98,105,-90,-69,23,111,96,-73,100,74,32,4,-40,-116,-124,126,105,-70,-81,-16,-105,-104,-121,-14,103,-35,-94,84,72,16,61,12,44,125,123,86,-7,70,-60,-46
2542,1,-74,-74,-74,-74,-74,-85,-85,-85,102,119,125,-96,-54,6,-123,72,66,-24,-37,-10,-36,-26,22,56,-98,105,-90,-69,23,111,96,-73,100,74,32,4,-40,-116,-124,126,105,-70,-81,-16,-105,-104,-121,-14,103,-35,-94,84,72,16,61,12,44,125,123,86,-7,70,-60,-46
2543,1,-74,-74,-74,-74,-74,-85,-85,-85,102,119,125,-96,-54,6,-123,72,66,-24,-37,-10,-36,-26,22,56,-98,105,-90,-69,23,111,96,-73,100,74,32,4,-40,-116,-124,126,105,-70,-81,-16,-105,-104,-121,-14,103,-35,-94,84,72,16,61,12,44,125,123,86,-7,70,-60,-46
2544,1,-47,-81,-81,-81,-81,-81,-87,-87,43,102,119,125,-96,-54,6,-123,72,66,-24,-37,-10,-36,-26,22,56,-98,105,-90,-69,23,111,96,-60,-7,-120,0,112,-77,-110,0,30,-96,-25,-68,-18,63,-59,-123,-65,-74,1,-67,34,-43,-29,-40,-19,-103,28,25,-7,65,-102,63
2545,1,-47,-81,-81,-81,-81,-81,-87,-87,43,102,119,125,-96,-54,6,-123,72,66,-24,-37,-10,-36,-26,22,56,-98,105,-90,-69,23,111,96,-60,-7,-120,0,112,-77,-110,0,30,-96,-25,-68,-18,63,-59,-123,-65,-74,1,-67,34,-43,-29,-40,-19,-103,28,25,-7,65,-102,63
2546,1,-47,-81,-81,-81,-81,-81,-87,-87,43,102,119,125,-96,-54,6,-123,72,66,-24,-37,-10,-36,-26,22,56,-98,105,-90,-69,23,111,96,-60,-7,-120,0,112,-77,-110,0,30,-96,-25,-68,-18,63,-59,-123,-65,-74,1,-67,34,-43,-29,-40,-19,-103,28,25,-7,65,-102,63
2547,1,69,69,43,43,43,43,43,100,-55,43,102,119,125,-96,-54,6,-123,72,66,-24,-37,-10,-36,-26,22,56,-98,105,-90,-69,23,111,122,-123,24,85,69,46,-71,-26,79,-19,30,89,-67,20,-6,49,-105,126,-35,-101,-118,53,126,77,13,-43,35,118,-9,44,-61,116
2548,1,69,69,43,43,43,43,43,100,-55,43,102,119,125,-96,-54,6,-123,72,66,-24,-37,-10,-36,-26,22,56,-98,105,-90,-69,23,111,122,-123,24,85,69,46,-71,-26,79,-19,30,89,-67,20,-6,49,-105,126,-35,-101,-118,53,126,77,13,-43,35,118,-9,44,-61,116
2549,1,69,69,43,43,43,43,43,100,-55,43,102,119,125,-96,-54,6,-123,72,66,-24,-37,-10,-36,-26,22,56,-98,105,-90,-69,23,111,122,-123,24,85,69,46,-71,-26,79,-19,30,89,-67,20,-6,49,-105,126,-35,-101,-118,53,126,77,13,-43,35,118,-9,44,-61,116
2550,1,18,18,18,28,28,28,28,28,-20,-55,43,102,119,125,-96,-54,6,-123,72,66,-24,-37,-10,-36,-26,22,56,-98,105,-90,-69,23,-108,90,-44,-37,-77,-114,123,-40,110,-109,83,11,-17,9,25,-5,81,59,63,-82,33,123,-36,120,56,-55,91,-114,-48,89,-88,-97
2551,1,18,18,18,28,28,28,28,28,-20,-55,43,102,119,125,-96,-54,6,-123,72,66,-24,-37,-10,-36,-26,22,56,-98,105,-90,-69,23,-108,90,-44,-37,-77,-114,123,-40,110,-109,83,11,-17,9,25,-5,81,59,63,-82,33,123,-36,120,56,-55,91,-114,-48,89,-88,-97
2552,1,18,18,18,28,28,28,28,28,-20,-55,43,102,119,125,-96,-54,6,-123,72,66,-24,-37,-10,-36,-26,22,56,-98,105,-90,-69,23,-108,90,-44,-37,-77,-114,123,-40,110,-109,83,11,-17,9,25,-5,81,59,63,-82,33,123,-36,120,56,-55,91,-114,-48,89,-88,-97
2553,1,57,57,57,57,73,73,73,73,5,-20,-55,43,102,119,125,-96,-54,6,-123,72,66,-24,-37,-10,-36,-26,22,56,-98,105,-90,-69,-46,13,-15,-1,-24,60,-61,-61,55,-62,-11,-84,-22,41,-111,-31,-85,-58,-30,-10,74,-89,85,-32,-35,-109,121,-96,6,122,-33,114
2554,1,57,57,57,57,73,73,73,73,5,-20,-55,43,102,119,125,-96,-54,6,-123,72,66,-24,-37,-10,-36,-26,22,56,-98,105,-90,-69,-46,13,-15,-1,-24,60,-61,-61,55,-62,-11,-84,-22,41,-111,-31,-85,-58,-30,-10,74,-89,85,-32,-35,-109,121,-96,6,122,-33,114
2555,1,57,57,57,57,73,73,73,73,5,-20,-55,43,102,119,125,-96,-54,6,-123,72,66,-24,-37,-10,-36,-26,22,56,-98,105,-90,-69,-46,13,-15,-1,-24,60,-61,-61,55,-62,-11,-84,-22,41,-111,-31,-85,-58,-30,-10,74,-89,85,-32,-35,-109,121,-96,6,122,-33,114
2556,1,-79,-79,-79,-79,-79,-8,-8,-8,-104,5,-20,-55,43,102,119,125,-96,-54,6,-123,72,66,-24,-37,-10,-36,-26,22,56,-98,105,-90,-22,15,-72,-13,108,75,67,120,46,-62,86,-54,29,-91,-17,51,89,-103,67,13,-125,-43,37,68,-31,-5,-46,-17,-106,112,28,-101
2557,1,-79,-79,-79,-79,-79,-8,-8,-8,-104,5,-20,-55,43,102,119,125,-96,-54,6,-123,72,66,-24,-37,-10,-36,-26,22,56,-98,105,-90,-22,15,-72,-13,108,75,67,120,46,-62,86,-54,29,-91,-17,51,89,-103,67,13,-125,-43,37,68,-31,-5,-46,-17,-106,112,28,-101
2558,1,-79,-79,-79,-79,-79,-8,-8,-8,-104,5,-20,-55,43,102,119,125,-96,-54,6,-123,72,66,-24,-37,-10,-36,-26,22,56,-98,105,-90,-22,15,-72,-13,108,75,67,120,46,-62,86,-54,29,-91,-17,51,89,-103,67,13,-125,-43,37,68,-31,-5,-46,-17,-106,112,28,-101
2559,1,23,10,10,10,10,10,49,49,41,-104,5,-20,-55,43,102,119,125,-96,-54,6,-123,72,66,-24,-37,-10,-36,-26,22,56,-98,105,-40,-77,45,-88,32,-53,100,-15,-75,115,-100,115,-20,72,40,-57,84,-88,-37,-5,51,-82,127,16,-51,65,50,-2,-124,-30,-65,92
2560,1,23,10,10,10,10,10,49,49,41,-104,5,-20,-55,43,102,119,125,-96,-54,6,-123,72,66,-24,-37,-10,-36,-26,22,56,-98,105,-40,-77,45,-88,32,-53,100,-15,-75,115,-100,115,-20,72,40,-57,84,-88,-37,-5,51,-82,127,16,-51,65,50,-2,-124,-30,-65,92
2561,1,23,10,10,10,10,10,49,49,41,-104,5,-20,-55,43,102,119,125,-96,-54,6,-123,72,66,-24,-37,-10,-36,-26,22,56,-98,105,-40,-77,45,-88,32,-53,100,-15,-75,115,-100,115,-20,72,40,-57,84,-88,-37,-5,51,-82,127,16,-51,65,50,-2,-124,-30,-65,92
2562,1,60,60,83,83,83,83,83,-33,-106,41,-104,5,-20,-55,43,102,119,125,-96,-54,6,-123,72,66,-24,-37,-10,-36,-26,22,56,-98,-79,-12,99,83,70,111,16,-68,-5,-67,70,-93,119,73,-42,83,-66,30,89,-3,103,-74,-73,-56,32,-13,101,-114,-119,-23,107,47
2563,1,60,60,83,83,83,83,83,-33,-106,41,-104,5,-20,-55,43,102,119,125,-96,-54,6,-123,72,66,-24,-37,-10,-36,-26,22,56,-98,-79,-12,99,83,70,111,16,-68,-5,-67,70,-93,119,73,-42,83,-66,30,89,-3,103,-74,-73,-56,32,-13,101,-114,-119,-23,107,47
2564,1,60,60,83,83,83,83,83,-33,-106,41,-104,5,-20,-55,43,102,119,125,-96,-54,6,-123,72,66,-24,-37,-10,-36,-26,22,56,-98,-79,-12,99,83,70,111,16,-68,-5,-67,70,-93,119,73,-42,83,-66,30,89,-3,103,-74,-73,-56,32,-13,101,-114,-119,-23,107,47
2565,1,-19,-19,-19,-62,-62,-62,-62,-62,-74,-106,41,-104,5,-20,-55,43,102,119,125,-96,-54,6,-123,72,66,-24,-37,-10,-36,-26,22,56,-12,-42,40,28,62,76,99,-77,-47,67,34,-102,82,-80,92,89,-88,46,-34,-104,-73,-65,6,65,110,-18,58,114,92,118,19,38
2566,1,-19,-19,-19,-62,-62,-62,-62,-62,-74,-106,41,-104,5,-20,-55,43,102,119,125,-96,-54,6,-123,72,66,-24,-37,-10,-36,-26,22,56,-12,-42,40,28,62,76,99,-77,-47,67,34,-102,82,-80,92,89,-88,46,-34,-104,-73,-65,6,65,110,-18,58,114,92,118,19,38
2567,1,-19,-19,-19,-62,-62,-62,-62,-62,-74,-106,41,-104,5,-20,-55,43,102,119,125,-96,-54,6,-123,72,66,-24,-37,-10,-36,-26,22,56,-12,-42,40,28,62,76,99,-77,-47,67,34,-102,82,-80,92,89,-88,46,-34,-104,-73,-65,6,65,110,-18,58,114,92,118,19,38
2568,1,-8,-8,-8,-8,75,75,75,75,-47,-74,-106,41,-104,5,-20,-55,43,102,119,125,-96,-54,6,-123,72,66,-24,-37,-10,-36,-26,22,-16,46,-19,87,-6,97,-122,-50,89,-77,-82,11,88,29,17,-7,-14,3,77,53,63,-100,-53,-43,72,9,-70,97,-104,-46,-83,100
2569,1,-8,-8,-8,-8,75,75,75,75,-47,-74,-106,41,-104,5,-20,-55,43,102,119,125,-96,-54,6,-123,72,66,-24,-37,-10,-36,-26,22,-16,46,-19,87,-6,97,-122,-50,89,-77,-82,11,88,29,17,-7,-14,3,77,53,63,-100,-53,-43,72,9,-70,97,-104,-46,-83,100
2570,1,-8,-8,-8,-8,75,75,75,75,-47,-74,-106,41,-104,5,-20,-55,43,102,119,125,-96,-54,6,-123,72,66,-24,-37,-10,-36,-26,22,-16,46,-19,87,-6,97,-122,-50,89,-77,-82,11,88,29,17,-7,-14,3,77,53,63,-100,-53,-43,72,9,-70,97,-104,-46,-83,100
2571,1,-29,-29,-29,-29,-29,81,81,81,69,-47,-74,-106,41,-104,5,-20,-55,43,102,119,125,-96,-54,6,-123,72,66,-24,-37,-10,-36,-26,-29,-126,-16,91,114,81,-73,-33,3,19,82,85,83,-125,-7,111,126,-18,14,35,97,66,-72,-22,-35,100,21,-5,-21,79,-97,48
2572,1,-29,-29,-29,-29,-29,81,81,81,69,-47,-74,-106,41,-104,5,-20,-55,43,102,119,125,-96,-54,6,-123,72,66,-24,-37,-10,-36,-26,-29,-126,-16,91,114,81,-73,-33,3,19,82,85,83,-125,-7,111,126,-18,14,35,97,66,-72,-22,-35,100,21,-5,-21,79,-97,48
2573,1,-29,-29,-29,-29,-29,81,81,81,69,-47,-74,-106,41,-104,5,-20,-55,43,102,119,125,-96,-54,6,-123,72,66,-24,-37,-10,-36,-26,-29,-126,-16,91,114,81,-73,-33,3,19,82,85,83,-125,-7,111,126,-18,14,35,97,66,-72,-22,-35,100,21,-5,-21,79,-97,48
2574,1,-100,110,110,110,110,110,74,74,18,69,-47,-74,-106,41,-104,5,-20,-55,43,102,119,125,-96,-54,6,-123,72,66,-24,-37,-10,-36,125,-90,-11,23,-104,60,-82,-45,56,4,-119,87,98,101,88,-116,55,-106,101,51,-75,-70,42,-56,56,109,4,96,18,-117,-7,67
2575,1,-100,110,110,110,110,110,74,74,18,69,-47,-74,-106,41,-104,5,-20,-55,43,102,119,125,-96,-54,6,-123,72,66,-24,-37,-10,-36,125,-90,-11,23,-104,60,-82,-45,56,4,-119,87,98,101,88,-116,55,-106,101,51,-75,-70,42,-56,56,109,4,96,18,-117,-7,67
2576,1,-100,110,110,110,110,110,74,74,18,69,-47,-74,-106,41,-104,5,-20,-55,43,102,119,125,-96,-54,6,-123,72,66,-24,-37,-10,-36,125,-90,-11,23,-104,60,-82,-45,56,4,-119,87,98,101,88,-116,55,-106,101,51,-75,-70,42,-56,56,109,4,96,18,-117,-7,67
2577,1,-34,-34,44,44,44,44,44,117,57,18,69,-47,-74,-106,41,-104,5,-20,-55,43,102,119,125,-96,-54,6,-123,72,66,-24,-37,-10,123,101,-95,-51,-30,-66,23,5,63,-10,48,102,15,33,-62,-43,109,119,-100,-30,25,110,123,-101,17,-27,-10,77,-50,-5,104,113
2578,1,-34,-34,44,44,44,44,44,117,57,18,69,-47,-74,-106,41,-104,5,-20,-55,43,102,119,125,-96,-54,6,-123,72,66,-24,-37,-10,123,101,-95,-51,-30,-66,23,5,63,-10,48,102,15,33,-62,-43,109,119,-100,-30,25,110,123,-101,17,-27,-10,77,-50,-5,104,113
2579,1,-34,-34,44,44,44,44,44,117,57,18,69,-47,-74,-106,41,-104,5,-20,-55,43,102,119,125,-96,-54,6,-123,72,66,-24,-37,-10,123,101,-95,-51,-30,-66,23,5,63,-10,48,102,15,33,-62,-43,109,119,-100,-30,25,110,123,-101,17,-27,-10,77,-50,-5,104,113
2580,1,74,74,74,105,105,105,105,105,-79,57,18,69,-47,-74,-106,41,-104,5,-20,-55,43,102,119,125,-96,-54,6,-123,72,66,-24,-37,-2,94,-82,-118,-4,-95,-50,39,19,-80,60,57,-118,38,118,30,66,47,124,85,13,116,-76,-30,-125,116,85,114,115,112,-127,-77
2581,1,74,74,74,105,105,105,105,105,-79,57,18,69,-47,-74,-106,41,-104,5,-20,-55,43,102,119,125,-96,-54,6,-123,72,66,-24,-37,-2,94,-82,-118,-4,-95,-50,39,19,-80,60,57,-118,38,118,30,66,47,124,85,13,116,-76,-30,-125,116,85,114,115,112,-127,-77
2582,1,74,74,74,105,105,105,105,105,-79,57,18,69,-47,-74,-106,41,-104,5,-20,-55,43,102,119,125,-96,-54,6,-123,72,66,-24,-37,-2,94,-82,-118,-4,-95,-50,39,19,-80,60,57,-118,38,118,30,66,47,124,85,13,116,-76,-30,-125,116,85,114,115,112,-127,-77
2583,1,-17,-17,-17,-17,116,116,116,116,23,-79,57,18,69,-47,-74,-106,41,-104,5,-20,-55,43,102,119,125,-96,-54,6,-123,72,66,-24,40,55,-42,-71,48,32,-58,-31,84,-9,-16,-113,-26,-34,-102,93,-125,-118,-58,-90,5,-112,-79,104,-64,-10,113,-27,66,95,15,105
2584,1,-17,-17,-17,-17,116,116,116,116,23,-79,57,18,69,-47,-74,-106,41,-104,5,-20,-55,43,102,119,125,-96,-54,6,-123,72,66,-24,40,55,-42,-71,48,32,-58,-31,84,-9,-16,-113,-26,-34,-102,93,-125,-118,-58,-90,5,-112,-79,104,-64,-10,113,-27,66,95,15,105
2585,1,-17,-17,-17,-17,116,116,116,116,23,-79,57,18,69,-47,-74,-106,41,-104,5,-20,-55,43,102,119,125,-96,-54,6,-123,72,66,-24,40,55,-42,-71,48,32,-58,-31,84,-9,-16,-113,-26,-34,-102,93,-125,-118,-58,-90,5,-112,-79,104,-64,-10,113,-27,66,95,15,105
2586,1,-23,-23,-23,-23,-23,101,101,101,60,23,-79,57,18,69,-47,-74,-106,41,-104,5,-20,-55,43,102,119,125,-96,-54,6,-123,72,66,74,-85,-19,-95,-91,94,35,117,-103,-34,31,-79,123,2,86,-96,-48,100,69,7,-73,-82,-89,102,-92,65,92,42,20,-56,123,0
2587,1,-23,-23,-23,-23,-23,101,101,101,60,23,-79,57,18,69,-47,-74,-106,41,-104,5,-20,-55,43,102,119,125,-96,-54,6,-123,72,66,74,-85,-19,-95,-91,94,35,117,-103,-34,31,-79,123,2,86,-96,-48,100,69,7,-73,-82,-89,102,-92,65,92,42,20,-56,123,0
2588,1,-23,-23,-23,-23,-23,101,101,101,60,23,-79,57,18,69,-47,-74,-106,41,-104,5,-20,-55,43,102,119,125,-96,-54,6,-123,72,66,74,-85,-19,-95,-91,94,35,117,-103,-34,31,-79,123,2,86,-96,-48,100,69,7,-73,-82,-89,102,-92,65,92,42,20,-56,123,0
2589,1,-106,-21,-21,-21,-21,-21,-84,-84,-19,60,23,-79,57,18,69,-47,-74,-106,41,-104,5,-20,-55,43,102,119,125,-96,-54,6,-123,72,-112,-102,26,113,-87,106,66,-19,1,-31,-14,-4,-28,-119,-67,-49,115,-7,119,-33,-98,36,-7,23,85,-119,54,-101,-23,17,65,21
2590,1,-106,-21,-21,-21,-21,-21,-84,-84,-19,60,23,-79,57,18,69,-47,-74,-106,41,-104,5,-20,-55,43,102,119,125,-96,-54,6,-123,72,-112,-102,26,113,-87,106,66,-19,1,-31,-14,-4,-28,-119,-67,-49,115,-7,119,-33,-98,36,-7,23,85,-119,54,-101,-23,17,65,21
2591,1,-106,-21,-21,-21,-21,-21,-84,-84,-19,60,23,-79,57,18,69,-47,-74,-106,41,-104,5,-20,-55,43,102,119,125,-96,-54,6,-123,72,-112,-102,26,113,-87,106,66,-19,1,-31,-14,-4,-28,-119,-67,-49,115,-7,119,-33,-98,36,-7,23,85,-119,54,-101,-23,17,65,21
2592,1,19,19,76,76,76,76,76,-78,-8,-19,60,23,-79,57,18,69,-47,-74,-106,41,-104,5,-20,-55,43,102,119,125,-96,-54,6,-123,-74,-70,-119,114,-14,29,72,-11,32,5,-59,-77,44,88,-56,105,61,-118,27,106,119,-90,17,-27,-9,88,95,-27,59,-68,-80,113
2593,1,19,19,76,76,76,76,76,-78,-8,-19,60,23,-79,57,18,69,-47,-74,-106,41,-104,5,-20,-55,43,102,119,125,-96,-54,6,-123,-74,-70,-119,114,-14,29,72,-11,32,5,-59,-77,44,88,-56,105,61,-118,27,106,119,-90,17,-27,-9,88,95,-27,59,-68,-80,113
2594,1,19,19,76,76,76,76,76,-78,-8,-19,60,23,-79,57,18,69,-47,-74,-106,41,-104,5,-20,-55,43,102,119,125,-96,-54,6,-123,-74,-70,-119,114,-14,29,72,-11,32,5,-59,-77,44,88,-56,105,61,-118,27,106,119,-90,17,-27,-9,88,95,-27,59,-68,-80,113
2595,1,8,8,8,-103,-103,-103,-103,-103,-29,-8,-19,60,23,-79,57,18,69,-47,-74,-106,41,-104,5,-20,-55,43,102,119,125,-96,-54,6,46,-24,-80,-6,87,4,-10,28,74,-102,74,79,-60,92,83,109,-73,47,-65,-56,85,67,76,5,111,-80,-30,-30,-45,83,55,-33
2596,1,8,8,8,-103,-103,-103,-103,-103,-29,-8,-19,60,23,-79,57,18,69,-47,-74,-106,41,-104,5,-20,-55,43,102,119,125,-96,-54,6,46,-24,-80,-6,87,4,-10,28,74,-102,74,79,-60,92,83,109,-73,47,-65,-56,85,67,76,5,111,-80,-30,-30,-45,83,55,-33
2597,1,8,8,8,-103,-103,-103,-103,-103,-29,-8,-19,60,23,-79,57,18,69,-47,-74,-106,41,-104,5,-20,-55,43,102,119,125,-96,-54,6,46,-24,-80,-6,87,4,-10,28,74,-102,74,79,-60,92,83,109,-73,47,-65,-56,85,67,76,5,111,-80,-30,-30,-45,83,55,-33
2598,1,-25,-25,-25,-25,28,28,28,28,-100,-29,-8,-19,60,23,-79,57,18,69,-47,-74,-106,41,-104,5,-20,-55,43,102,119,125,-96,-54,64,46,16,-59,-63,-75,-44,-72,-17,-81,-40,-101,102,50,-39,-105,44,-9,-23,-58,57,-41,57,5,-6,96,-83,67,23,82,30,-110
2599,1,-25,-25,-25,-25,28,28,28,28,-100,-29,-8,-19,60,23,-79,57,18,69,-47,-74,-106,41,-104,5,-20,-55,43,102,119,125,-96,-54,64,46,16,-59,-63,-75,-44,-72,-17,-81,-40,-101,102,50,-39,-105,44,-9,-23,-58,57,-41,57,5,-6,96,-83,67,23,82,30,-110
2600,1,-25,-25,-25,-25,28,28,28,28,-100,-29,-8,-19,60,23,-79,57,18,69,-47,-74,-106,41,-104,5,-20,-55,43,102,119,125,-96,-54,64,46,16,-59,-63,-75,-44,-72,-17,-81,-40,-101,102,50,-39,-105,44,-9,-23,-58,57,-41,57,5,-6,96,-83,67,23,82,30,-110
2601,1,-65,-65,-65,-65,-65,-33,-33,-33,-34,-100,-29,-8,-19,60,23,-79,57,18,69,-47,-74,-106,41,-104,5,-20,-55,43,102,119,125,-96,8,-116,86,116,-89,-117,77,87,23,7,32,-68,-27,-90,-93,7,64,120,123,52,-63,-34,95,51,12,21,-52,-46,-114,108,75,122
2602,1,-65,-65,-65,-65,-65,-33,-33,-33,-34,-100,-29,-8,-19,60,23,-79,57,18,69,-47,-74,-106,41,-104,5,-20,-55,43,102,119,125,-96,8,-116,86,116,-89,-117,77,87,23,7,32,-68,-27,-90,-93,7,64,120,123,52,-63,-34,95,51,12,21,-52,-46,-114,108,75,122
2603,1,-65,-65,-65,-65,-65,-33,-33,-33,-34,-100,-29,-8,-19,60,23,-79,57,18,69,-47,-74,-106,41,-104,5,-20,-55,43,102,119,125,-96,8,-116,86,116,-89,-117,77,87,23,7,32,-68,-27,-90,-93,7,64,120,123,52,-63,-34,95,51,12,21,-52,-46,-114,108,75,122
2604,1,-101,-15,-15,-15,-15,-15,38,38,74,-34,-100,-29,-8,-19,60,23,-79,57,18,69,-47,-74,-106,41,-104,5,-20,-55,43,102,119,125,-88,2,-46,-29,-123,-91,-61,-64,89,107,-67,-84,-41,-48,59,-31,1,99,-73,88,-93,-116,-127,113,92,122,68,-118,-21,46,46,50
2605,1,-101,-15,-15,-15,-15,-15,38,38,74,-34,-100,-29,-8,-19,60,23,-79,57,18,69,-47,-74,-106,41,-104,5,-20,-55,43,102,119,125,-88,2,-46,-29,-123,-91,-61,-64,89,107,-67,-84,-41,-48,59,-31,1,99,-73,88,-93,-116,-127,113,92,122,68,-118,-21,46,46,50
2606,1,-101,-15,-15,-15,-15,-15,38,38,74,-34,-100,-29,-8,-19,60,23,-79,57,18,69,-47,-74,-106,41,-104,5,-20,-55,43,102,119,125,-88,2,-46,-29,-123,-91,-61,-64,89,107,-67,-84,-41,-48,59,-31,1,99,-73,88,-93,-116,-127,113,92,122,68,-118,-21,46,46,50
2607,1,-98,-98,-37,-37,-37,-37,-37,23,-17,74,-34,-100,-29,-8,-19,60,23,-79,57,18,69,-47,-74,-106,41,-104,5,-20,-55,43,102,119,-49,-9,-120,-127,113,80,63,-112,98,-26,-65,-86,7,-57,-67,93,12,85,66,-52,36,121,-3,-29,109,101,-112,30,-71,48,-89,85
2608,1,-98,-98,-37,-37,-37,-37,-37,23,-17,74,-34,-100,-29,-8,-19,60,23,-79,57,18,69,-47,-74,-106,41,-104,5,-20,-55,43,102,119,-49,-9,-120,-127,113,80,63,-112,98,-26,-65,-86,7,-57,-67,93,12,85,66,-52,36,121,-3,-29,109,101,-112,30,-71,48,-89,85
2609,1,-98,-98,-37,-37,-37,-37,-37,23,-17,74,-34,-100,-29,-8,-19,60,23,-79,57,18,69,-47,-74,-106,41,-104,5,-20,-55,43,102,119,-49,-9,-120,-127,113,80,63,-112,98,-26,-65,-86,7,-57,-67,93,12,85,66,-52,36,121,-3,-29,109,101,-112,30,-71,48,-89,85
2610,1,45,45,45,-106,-106,-106,-106,-106,-23,-17,74,-34,-100,-29,-8,-19,60,23,-79,57,18,69,-47,-74,-106,41,-104,5,-20,-55,43,102,26,84,99,99,80,-52,-13,59,-116,-108,-124,-54,39,39,-24,67,103,-112,114,-47,42,55,-95,116,-110,-125,58,8,-8,80,-125,3
2611,1,45,45,45,-106,-106,-106,-106,-106,-23,-17,74,-34,-100,-29,-8,-19,60,23,-79,57,18,69,-47,-74,-106,41,-104,5,-20,-55,43,102,26,84,99,99,80,-52,-13,59,-116,-108,-124,-54,39,39,-24,67,103,-112,114,-47,42,55,-95,116,-110,-125,58,8,-8,80,-125,3
2612,1,45,45,45,-106,-106,-106,-106,-106,-23,-17,74,-34,-100,-29,-8,-19,60,23,-79,57,18,69,-47,-74,-106,41,-104,5,-20,-55,43,102,26,84,99,99,80,-52,-13,59,-116,-108,-124,-54,39,39,-24,67,103,-112,114,-47,42,55,-95,116,-110,-125,58,8,-8,80,-125,3
2613,1,-14,-14,-14,-14,61,61,61,61,-106,-23,-17,74,-34,-100,-29,-8,-19,60,23,-79,57,18,69,-47,-74,-106,41,-104,5,-20,-55,43,-50,38,-91,-122,-103,89,-44,17,25,43,3,-22,-7,85,-115,50,-8,79,-123,80,19,-36,-78,47,-117,-53,-84,62,106,96,88,-71
2614,1,-14,-14,-14,-14,61,61,61,61,-106,-23,-17,74,-34,-100,-29,-8,-19,60,23,-79,57,18,69,-47,-74,-106,41,-104,5,-20,-55,43,-50,38,-91,-122,-103,89,-44,17,25,43,3,-22,-7,85,-115,50,-8,79,-123,80,19,-36,-78,47,-117,-53,-84,62,106,96,88,-71
2615,1,-14,-14,-14,-14,61,61,61,61,-106,-23,-17,74,-34,-100,-29,-8,-19,60,23,-79,57,18,69,-47,-74,-106,41,-104,5,-20,-55,43,-50,38,-91,-122,-103,89,-44,17,25,43,3,-22,-7,85,-115,50,-8,79,-123,80,19,-36,-78,47,-117,-53,-84,62,106,96,88,-71
2616,1,-86,-86,-86,-86,-86,-98,-98,-98,19,-106,-23,-17,74,-34,-100,-29,-8,-19,60,23,-79,57,18,69,-47,-74,-106,41,-104,5,-20,-55,-42,112,-89,66,40,-71,-34,-18,5,-6,87,77,12,-20,-60,-85,106,-104,56,-115,37,14,-59,-39,-69,-54,127,-14,43,88,-38,6
2617,1,-86,-86,-86,-86,-86,-98,-98,-98,19,-106,-23,-17,74,-34,-100,-29,-8,-19,60,23,-79,57,18,69,-47,-74,-106,41,-104,5,-20,-55,-42,112,-89,66,40,-71,-34,-18,5,-6,87,77,12,-20,-60,-85,106,-104,56,-115,37,14,-59,-39,-69,-54,127,-14,43,88,-38,6
2618,1,-86,-86,-86,-86,-86,-98,-98,-98,19,-106,-23,-17,74,-34,-100,-29,-8,-19,60,23,-79,57,18,69,-47,-74,-106,41,-104,5,-20,-55,-42,112,-89,66,40,-71,-34,-18,5,-6,87,77,12,-20,-60,-85,106,-104,56,-115,37,14,-59,-39,-69,-54,127,-14,43,88,-38,6
2619,1,-38,74,74,74,74,74,62,62,8,19,-106,-23,-17,74,-34,-100,-29,-8,-19,60,23,-79,57,18,69,-47,-74,-106,41,-104,5,-20,-54,57,89,98,119,-113,-62,77,-1,-10,-108,46,122,62,22,35,-39,93,-31,44,-65,-47,-26,-57,-104,13,11,-68,-29,103,-94,74
2620,1,-38,74,74,74,74,74,62,62,8,19,-106,-23,-17,74,-34,-100,-29,-8,-19,60,23,-79,57,18,69,-47,-74,-106,41,-104,5,-20,-54,57,89,98,119,-113,-62,77,-1,-10,-108,46,122,62,22,35,-39,93,-31,44,-65,-47,-26,-57,-104,13,11,-68,-29,103,-94,74
2621,1,-38,74,74,74,74,74,62,62,8,19,-106,-23,-17,74,-34,-100,-29,-8,-19,60,23,-79,57,18,69,-47,-74,-106,41,-104,5,-20,-54,57,89,98,119,-113,-62,77,-1,-10,-108,46,122,62,22,35,-39,93,-31,44,-65,-47,-26,-57,-104,13,11,-68,-29,103,-94,74
2622,1,-112,-112,75,75,75,75,75,-2,-25,8,19,-106,-23,-17,74,-34,-100,-29,-8,-19,60,23,-79,57,18,69,-47,-74,-106,41,-104,5,-57,-55,14,59,89,75,-99,77,90,-7,-7,56,-52,105,121,61,-112,-39,26,-116,-55,62,10,84,-99,-92,-57,-83,112,-43,-100,-53
2623,1,-112,-112,75,75,75,75,75,-2,-25,8,19,-106,-23,-17,74,-34,-100,-29,-8,-19,60,23,-79,57,18,69,-47,-74,-106,41,-104,5,-57,-55,14,59,89,75,-99,77,90,-7,-7,56,-52,105,121,61,-112,-39,26,-116,-55,62,10,84,-99,-92,-57,-83,112,-43,-100,-53
2624,1,-112,-112,75,75,75,75,75,-2,-25,8,19,-106,-23,-17,74,-34,-100,-29,-8,-19,60,23,-79,57,18,69,-47,-74,-106,41,-104,5,-57,-55,14,59,89,75,-99,77,90,-7,-7,56,-52,105,121,61,-112,-39,26,-116,-55,62,10,84,-99,-92,-57,-83,112,-43,-100,-53
2625,1,9,9,9,109,109,109,109,109,-65,-25,8,19,-106,-23,-17,74,-34,-100,-29,-8,-19,60,23,-79,57,18,69,-47,-74,-106,41,-104,53,-111,-41,71,-62,22,2,73,-99,-88,-106,123,15,-124,-45,110,85,0,-97,87,0,-44,-60,-114,-118,-98,47,-27,-113,116,67,-110
2626,1,9,9,9,109,109,109,109,109,-65,-25,8,19,-106,-23,-17,74,-34,-100,-29,-8,-19,60,23,-79,57,18,69,-47,-74,-106,41,-104,53,-111,-41,71,-62,22,2,73,-99,-88,-106,123,15,-124,-45,110,85,0,-97,87,0,-44,-60,-114,-118,-98,47,-27,-113,116,67,-110
2627,1,9,9,9,109,109,109,109,109,-65,-25,8,19,-106,-23,-17,74,-34,-100,-29,-8,-19,60,23,-79,57,18,69,-47,-74,-106,41,-104,53,-111,-41,71,-62,22,2,73,-99,-88,-106,123,15,-124,-45,110,85,0,-97,87,0,-44,-60,-114,-118,-98,47,-27,-113,116,67,-110
2628,1,-63,-63,-63,-63,-64,-64,-64,-64,-101,-65,-25,8,19,-106,-23,-17,74,-34,-100,-29,-8,-19,60,23,-79,57,18,69,-47,-74,-106,41,-99,25,-119,77,-91,19,106,42,41,63,-74,87,15,37,80,-1,-108,75,73,27,23,-93,34,75,50,-69,112,10,7,61,72,-67
2629,1,-63,-63,-63,-63,-64,-64,-64,-64,-101,-65,-25,8,19,-106,-23,-17,74,-34,-100,-29,-8,-19,60,23,-79,57,18,69,-47,-74,-106,41,-99,25,-119,77,-91,19,106,42,41,63,-74,87,15,37,80,-1,-108,75,73,27,23,-93,34,75,50,-69,112,10,7,61,72,-67
2630,1,-63,-63,-63,-63,-64,-64,-64,-64,-101,-65,-25,8,19,-106,-23,-17,74,-34,-100,-29,-8,-19,60,23,-79,57,18,69,-47,-74,-106,41,-99,25,-119,77,-91,19,106,42,41,63,-74,87,15,37,80,-1,-108,75,73,27,23,-93,34,75,50,-69,112,10,7,61,72,-67
2631,1,88,88,88,88,88,-116,-116,-116,-98,-101,-65,-25,8,19,-106,-23,-17,74,-34,-100,-29,-8,-19,60,23,-79,57,18,69,-47,-74,-106,113,-123,-34,118,-65,-78,73,53,-116,-104,-34,-53,-43,65,-34,-17,25,0,-30,33,12,-61,118,-83,-127,-31,-124,66,38,120,-59,-118
2632,1,88,88,88,88,88,-116,-116,-116,-98,-101,-65,-25,8,19,-106,-23,-17,74,-34,-100,-29,-8,-19,60,23,-79,57,18,69,-47,-74,-106,113,-123,-34,118,-65,-78,73,53,-116,-104,-34,-53,-43,65,-34,-17,25,0,-30,33,12,-61,118,-83,-127,-31,-124,66,38,120,-59,-118
2633,1,88,88,88,88,88,-116,-116,-116,-98,-101,-65,-25,8,19,-106,-23,-17,74,-34,-100,-29,-8,-19,60,23,-79,57,18,69,-47,-74,-106,113,-123,-34,118,-65,-78,73,53,-116,-104,-34,-53,-43,65,-34,-17,25,0,-30,33,12,-61,118,-83,-127,-31,-124,66,38,120,-59,-118
2634,1,56,124,124,124,124,124,43,43,45,-98,-101,-65,-25,8,19,-106,-23,-17,74,-34,-100,-29,-8,-19,60,23,-79,57,18,69,-47,-74,-62,120,-120,-65,-93,96,47,4,104,-73,37,-23,-97,-19,-7,49,114,15,-83,56,-100,124,-7,54,-36,-21,-77,19,-41,78,10,-28
2635,1,56,124,124,124,124,124,43,43,45,-98,-101,-65,-25,8,19,-106,-23,-17,74,-34,-100,-29,-8,-19,60,23,-79,57,18,69,-47,-74,-62,120,-120,-65,-93,96,47,4,104,-73,37,-23,-97,-19,-7,49,114,15,-83,56,-100,124,-7,54,-36,-21,-77,19,-41,78,10,-28
2636,1,56,124,124,124,124,124,43,43,45,-98,-101,-65,-25,8,19,-106,-23,-17,74,-34,-100,-29,-8,-19,60,23,-79,57,18,69,-47,-74,-62,120,-120,-65,-93,96,47,4,104,-73,37,-23,-97,-19,-7,49,114,15,-83,56,-100,124,-7,54,-36,-21,-77,19,-41,78,10,-28
2637,1,91,91,-124,-124,-124,-124,-124,47,-14,45,-98,-101,-65,-25,8,19,-106,-23,-17,74,-34,-100,-29,-8,-19,60,23,-79,57,18,69,-47,-112,-20,-73,-40,-70,-43,64,53,59,-83,22,116,124,33,-50,41,106,-30,-22,-65,84,-39,118,28,13,-67,-86,-102,-104,49,-75,-25
2638,1,91,91,-124,-124,-124,-124,-124,47,-14,45,-98,-101,-65,-25,8,19,-106,-23,-17,74,-34,-100,-29,-8,-19,60,23,-79,57,18,69,-47,-112,-20,-73,-40,-70,-43,64,53,59,-83,22,116,124,33,-50,41,106,-30,-22,-65,84,-39,118,28,13,-67,-86,-102,-104,49,-75,-25
2639,1,91,91,-124,-124,-124,-124,-124,47,-14,45,-98,-101,-65,-25,8,19,-106,-23,-17,74,-34,-100,-29,-8,-19,60,23,-79,57,18,69,-47,-112,-20,-73,-40,-70,-43,64,53,59,-83,22,116,124,33,-50,41,106,-30,-22,-65,84,-39,118,28,13,-67,-86,-102,-104,49,-75,-25
2640,1,-56,-56,-56,-123,-123,-123,-123,-123,-86,-14,45,-98,-101,-65,-25,8,19,-106,-23,-17,74,-34,-100,-29,-8,-19,60,23,-79,57,18,69,-5,80,121,105,117,105,-127,-31,-51,58,83,51,125,-16,-72,45,34,-126,49,127,43,30,-60,71,-5,90,54,-19,-78,16,-62,-85
2641,1,-56,-56,-56,-123,-123,-123,-123,-123,-86,-14,45,-98,-101,-65,-25,8,19,-106,-23,-17,74,-34,-100,-29,-8,-19,60,23,-79,57,18,69,-5,80,121,105,117,105,-127,-31,-51,58,83,51,125,-16,-72,45,34,-126,49,127,43,30,-60,71,-5,90,54,-19,-78,16,-62,-85
2642,1,-56,-56,-56,-123,-123,-123,-123,-123,-86,-14,45,-98,-101,-65,-25,8,19,-106,-23,-17,74,-34,-100,-29,-8,-19,60,23,-79,57,18,69,-5,80,121,105,117,105,-127,-31,-51,58,83,51,125,-16,-72,45,34,-126,49,127,43,30,-60,71,-5,90,54,-19,-78,16,-62,-85
2643,1,105,105,105,105,119,119,119,119,-38,-86,-14,45,-98,-101,-65,-25,8,19,-106,-23,-17,74,-34,-100,-29,-8,-19,60,23,-79,57,18,-21,-114,-22,-35,-24,-110,-107,-95,102,89,-110,-73,-83,45,22,74,77,52,-96,51,-14,-29,-77,-107,82,-46,-54,32,122,43,-28,96
2644,1,105,105,105,105,119,119,119,119,-38,-86,-14,45,-98,-101,-65,-25,8,19,-106,-23,-17,74,-34,-100,-29,-8,-19,60,23,-79,57,18,-21,-114,-22,-35,-24,-110,-107,-95,102,89,-110,-73,-83,45,22,74,77,52,-96,51,-14,-29,-77,-107,82,-46,-54,32,122,43,-28,96
2645,1,105,105,105,105,119,119,119,119,-38,-86,-14,45,-98,-101,-65,-25,8,19,-106,-23,-17,74,-34,-100,-29,-8,-19,60,23,-79,57,18,-21,-114,-22,-35,-24,-110,-107,-95,102,89,-110,-73,-83,45,22,74,77,52,-96,51,-14,-29,-77,-107,82,-46,-54,32,122,43,-28,96
2646,1,33,33,33,33,33,-34,-34,-34,-112,-38,-86,-14,45,-98,-101,-65,-25,8,19,-106,-23,-17,74,-34,-100,-29,-8,-19,60,23,-79,57,94,-88,79,43,-127,37,52,-66,30,-111,36,106,-26,104,-127,109,-42,28,100,-28,36,-94,-43,23,70,122,-104,29,46,86,-87,108
2647,1,33,33,33,33,33,-34,-34,-34,-112,-38,-86,-14,45,-98,-101,-65,-25,8,19,-106,-23,-17,74,-34,-100,-29,-8,-19,60,23,-79,57,94,-88,79,43,-127,37,52,-66,30,-111,36,106,-26,104,-127,109,-42,28,100,-28,36,-94,-43,23,70,122,-104,29,46,86,-87,108
2648,1,33,33,33,33,33,-34,-34,-34,-112,-38,-86,-14,45,-98,-101,-65,-25,8,19,-106,-23,-17,74,-34,-100,-29,-8,-19,60,23,-79,57,94,-88,79,43,-127,37,52,-66,30,-111,36,106,-26,104,-127,109,-42,28,100,-28,36,-94,-43,23,70,122,-104,29,46,86,-87,108
2649,1,10,90,90,90,90,90,-52,-52,9,-112,-38,-86,-14,45,-98,-101,-65,-25,8,19,-106,-23,-17,74,-34,-100,-29,-8,-19,60,23,-79,-14,-17,-87,56,10,70,-16,-44,107,101,-15,-71,97,123,124,58,66,19,-126,-15,-34,-8,-76,105,53,23,100,123,113,-4,92,110
2650,1,10,90,90,90,90,90,-52,-52,9,-112,-38,-86,-14,45,-98,-101,-65,-25,8,19,-106,-23,-17,74,-34,-100,-29,-8,-19,60,23,-79,-14,-17,-87,56,10,70,-16,-44,107,101,-15,-71,97,123,124,58,66,19,-126,-15,-34,-8,-76,105,53,23,100,123,113,-4,92,110
2651,1,10,90,90,90,90,90,-52,-52,9,-112,-38,-86,-14,45,-98,-101,-65,-25,8,19,-106,-23,-17,74,-34,-100,-29,-8,-19,60,23,-79,-14,-17,-87,56,10,70,-16,-44,107,101,-15,-71,97,123,124,58,66,19,-126,-15,-34,-8,-76,105,53,23,100,123,113,-4,92,110
2652,1,-53,-53,-104,-104,-104,-104,-104,-81,-63,9,-112,-38,-86,-14,45,-98,-101,-65,-25,8,19,-106,-23,-17,74,-34,-100,-29,-8,-19,60,23,26,-71,-41,103,15,-15,40,24,-117,56,-66,106,-5,1,-57,88,-69,-57,-103,-19,-89,72,-103,70,10,38,118,3,2,80,-86,28
2653,1,-53,-53,-104,-104,-104,-104,-104,-81,-63,9,-112,-38,-86,-14,45,-98,-101,-65,-25,8,19,-106,-23,-17,74,-34,-100,-29,-8,-19,60,23,26,-71,-41,103,15,-15,40,24,-117,56,-66,106,-5,1,-57,88,-69,-57,-103,-19,-89,72,-103,70,10,38,118,3,2,80,-86,28
2654,1,-53,-53,-104,-104,-104,-104,-104,-81,-63,9,-112,-38,-86,-14,45,-98,-101,-65,-25,8,19,-106,-23,-17,74,-34,-100,-29,-8,-19,60,23,26,-71,-41,103,15,-15,40,24,-117,56,-66,106,-5,1,-57,88,-69,-57,-103,-19,-89,72,-103,70,10,38,118,3,2,80,-86,28
2655,1,76,76,76,-109,-109,-109,-109,-109,88,-63,9,-112,-38,-86,-14,45,-98,-101,-65,-25,8,19,-106,-23,-17,74,-34,-100,-29,-8,-19,60,-82,20,36,29,-95,12,-14,24,-58,36,-14,-45,-63,-126,-71,30,59,121,-99,-71,-76,29,-10,-120,18,-23,-66,-28,98,20,81,106
2656,1,76,76,76,-109,-109,-109,-109,-109,88,-63,9,-112,-38,-86,-14,45,-98,-101,-65,-25,8,19,-106,-23,-17,74,-34,-100,-29,-8,-19,60,-82,20,36,29,-95,12,-14,24,-58,36,-14,-45,-63,-126,-71,30,59,121,-99,-71,-76,29,-10,-120,18,-23,-66,-28,98,20,81,106
2657,1,76,76,76,-109,-109,-109,-109,-109,88,-63,9,-112,-38,-86,-14,45,-98,-101,-65,-25,8,19,-106,-23,-17,74,-34,-100,-29,-8,-19,60,-82,20,36,29,-95,12,-14,24,-58,36,-14,-45,-63,-126,-71,30,59,121,-99,-71,-76,29,-10,-120,18,-23,-66,-28,98,20,81,106
2658,1,-93,-93,-93,-93,-3,-3,-3,-3,56,88,-63,9,-112,-38,-86,-14,45,-98,-101,-65,-25,8,19,-106,-23,-17,74,-34,-100,-29,-8,-19,119,52,82,-11,117,29,-37,-123,-15,30,-9,-111,68,-51,14,56,36,24,11,28,117,-81,-20,-75,39,76,-6,-43,65,-63,85,-68
2659,1,-93,-93,-93,-93,-3,-3,-3,-3,56,88,-63,9,-112,-38,-86,-14,45,-98,-101,-65,-25,8,19,-106,-23,-17,74,-34,-100,-29,-8,-19,119,52,82,-11,117,29,-37,-123,-15,30,-9,-111,68,-51,14,56,36,24,11,28,117,-81,-20,-75,39,76,-6,-43,65,-63,85,-68
2660,1,-93,-93,-93,-93,-3,-3,-3,-3,56,88,-63,9,-112,-38,-86,-14,45,-98,-101,-65,-25,8,19,-106,-23,-17,74,-34,-100,-29,-8,-19,119,52,82,-11,117,29,-37,-123,-15,30,-9,-111,68,-51,14,56,36,24,11,28,117,-81,-20,-75,39,76,-6,-43,65,-63,85,-68
2661,1,54,54,54,54,54,83,83,83,91,56,88,-63,9,-112,-38,-86,-14,45,-98,-101,-65,-25,8,19,-106,-23,-17,74,-34,-100,-29,-8,-50,126,-3,-26,-13,23,-38,-9,31,38,23,-109,-17,103,60,33,93,-52,91,115,12,24,120,63,88,88,121,101,-119,-126,-124,97
2662,1,54,54,54,54,54,83,83,83,91,56,88,-63,9,-112,-38,-86,-14,45,-98,-101,-65,-25,8,19,-106,-23,-17,74,-34,-100,-29,-8,-50,126,-3,-26,-13,23,-38,-9,31,38,23,-109,-17,103,60,33,93,-52,91,115,12,24,120,63,88,88,121,101,-119,-126,-124,97
2663,1,54,54,54,54,54,83,83,83,91,56,88,-63,9,-112,-38,-86,-14,45,-98,-101,-65,-25,8,19,-106,-23,-17,74,-34,-100,-29,-8,-50,126,-3,-26,-13,23,-38,-9,31,38,23,-109,-17,103,60,33,93,-52,91,115,12,24,120,63,88,88,121,101,-119,-126,-124,97
2664,1,-62,35,35,35,35,35,-48,-48,-56,91,56,88,-63,9,-112,-38,-86,-14,45,-98,-101,-65,-25,8,19,-106,-23,-17,74,-34,-100,-29,-54,118,126,-121,113,16,-96,66,-58,28,-124,-86,-6,35,88,9,45,86,42,-91,-125,-23,-27,86,-9,-55,-114,45,7,-125,75,96
2665,1,-62,35,35,35,35,35,-48,-48,-56,91,56,88,-63,9,-112,-38,-86,-14,45,-98,-101,-65,-25,8,19,-106,-23,-17,74,-34,-100,-29,-54,118,126,-121,113,16,-96,66,-58,28,-124,-86,-6,35,88,9,45,86,42,-91,-125,-23,-27,86,-9,-55,-114,45,7,-125,75,96
2666,1,-62,35,35,35,35,35,-48,-48,-56,91,56,88,-63,9,-112,-38,-86,-14,45,-98,-101,-65,-25,8,19,-106,-23,-17,74,-34,-100,-29,-54,118,126,-121,113,16,-96,66,-58,28,-124,-86,-6,35,88,9,45,86,42,-91,-125,-23,-27,86,-9,-55,-114,45,7,-125,75,96
2667,1,81,81,37,37,37,37,37,95,105,-56,91,56,88,-63,9,-112,-38,-86,-14,45,-98,-101,-65,-25,8,19,-106,-23,-17,74,-34,-100,127,-22,-41,84,-20,-97,111,85,-86,46,57,-107,35,91,0,44,-44,-47,-28,73,114,127,24,9,-125,84,11,-30,-77,-53,35,-1
2668,1,81,81,37,37,37,37,37,95,105,-56,91,56,88,-63,9,-112,-38,-86,-14,45,-98,-101,-65,-25,8,19,-106,-23,-17,74,-34,-100,127,-22,-41,84,-20,-97,111,85,-86,46,57,-107,35,91,0,44,-44,-47,-28,73,114,127,24,9,-125,84,11,-30,-77,-53,35,-1
2669,1,81,81,37,37,37,37,37,95,105,-56,91,56,88,-63,9,-112,-38,-86,-14,45,-98,-101,-65,-25,8,19,-106,-23,-17,74,-34,-100,127,-22,-41,84,-20,-97,111,85,-86,46,57,-107,35,91,0,44,-44,-47,-28,73,114,127,24,9,-125,84,11,-30,-77,-53,35,-1
2670,1,19,19,19,-107,-107,-107,-107,-107,33,105,-56,91,56,88,-63,9,-112,-38,-86,-14,45,-98,-101,-65,-25,8,19,-106,-23,-17,74,-34,-58,36,-72,58,31,-76,40,17,51,108,-25,-68,22,-115,98,53,66,45,-35,35,98,-123,-123,109,79,85,-1,101,47,-14,-28,-13
2671,1,19,19,19,-107,-107,-107,-107,-107,33,105,-56,91,56,88,-63,9,-112,-38,-86,-14,45,-98,-101,-65,-25,8,19,-106,-23,-17,74,-34,-58,36,-72,58,31,-76,40,17,51,108,-25,-68,22,-115,98,53,66,45,-35,35,98,-123,-123,109,79,85,-1,101,47,-14,-28,-13
2672,1,19,19,19,-107,-107,-107,-107,-107,33,105,-56,91,56,88,-63,9,-112,-38,-86,-14,45,-98,-101,-65,-25,8,19,-106,-23,-17,74,-34,-58,36,-72,58,31,-76,40,17,51,108,-25,-68,22,-115,98,53,66,45,-35,35,98,-123,-123,109,79,85,-1,101,47,-14,-28,-13
2673,1,-70,-70,-70,-70,-82,-82,-82,-82,10,33,105,-56,91,56,88,-63,9,-112,-38,-86,-14,45,-98,-101,-65,-25,8,19,-106,-23,-17,74,-76,61,-54,-2,-88,-83,-127,-50,-3,55,-77,65,69,93,-107,102,-3,-55,-119,13,-22,90,-56,58,55,-44,-63,45,-86,113,83,-118
2674,1,-70,-70,-70,-70,-82,-82,-82,-82,10,33,105,-56,91,56,88,-63,9,-112,-38,-86,-14,45,-98,-101,-65,-25,8,19,-106,-23,-17,74,-76,61,-54,-2,-88,-83,-127,-50,-3,55,-77,65,69,93,-107,102,-3,-55,-119,13,-22,90,-56,58,55,-44,-63,45,-86,113,83,-118
2675,1,-70,-70,-70,-70,-82,-82,-82,-82,10,33,105,-56,91,56,88,-63,9,-112,-38,-86,-14,45,-98,-101,-65,-25,8,19,-106,-23,-17,74,-76,61,-54,-2,-88,-83,-127,-50,-3,55,-77,65,69,93,-107,102,-3,-55,-119,13,-22,90,-56,58,55,-44,-63,45,-86,113,83,-118
2676,1,44,44,44,44,44,-109,-109,-109,-53,10,33,105,-56,91,56,88,-63,9,-112,-38,-86,-14,45,-98,-101,-65,-25,8,19,-106,-23,-17,-96,-97,9,-55,-80,95,-118,121,-103,-55,-79,-35,-95,-26,119,78,37,-9,37,-46,-80,-91,30,-5,6,110,-102,71,29,-54,111,-39
2677,1,44,44,44,44,44,-109,-109,-109,-53,10,33,105,-56,91,56,88,-63,9,-112,-38,-86,-14,45,-98,-101,-65,-25,8,19,-106,-23,-17,-96,-97,9,-55,-80,95,-118,121,-103,-55,-79,-35,-95,-26,119,78,37,-9,37,-46,-80,-91,30,-5,6,110,-102,71,29,-54,111,-39
2678,1,44,44,44,44,44,-109,-109,-109,-53,10,33,105,-56,91,56,88,-63,9,-112,-38,-86,-14,45,-98,-101,-65,-25,8,19,-106,-23,-17,-96,-97,9,-55,-80,95,-118,121,-103,-55,-79,-35,-95,-26,119,78,37,-9,37,-46,-80,-91,30,-5,6,110,-102,71,29,-54,111,-39
2679,1,86,-13,-13,-13,-13,-13,64,64,76,-53,10,33,105,-56,91,56,88,-63,9,-112,-38,-86,-14,45,-98,-101,-65,-25,8,19,-106,-23,-49,64,-97,-59,48,-121,-89,67,47,-13,-30,-46,-115,19,-120,113,-61,-18,-109,121,-10,96,74,98,43,96,-70,-27,-104,99,11,110
2680,1,86,-13,-13,-13,-13,-13,64,64,76,-53,10,33,105,-56,91,56,88,-63,9,-112,-38,-86,-14,45,-98,-101,-65,-25,8,19,-106,-23,-49,64,-97,-59,48,-121,-89,67,47,-13,-30,-46,-115,19,-120,113,-61,-18,-109,121,-10,96,74,98,43,96,-70,-27,-104,99,11,110
2681,1,86,-13,-13,-13,-13,-13,64,64,76,-53,10,33,105,-56,91,56,88,-63,9,-112,-38,-86,-14,45,-98,-101,-65,-25,8,19,-106,-23,-49,64,-97,-59,48,-121,-89,67,47,-13,-30,-46,-115,19,-120,113,-61,-18,-109,121,-10,96,74,98,43,96,-70,-27,-104,99,11,110
2682,1,79,79,76,76,76,76,76,121,-93,76,-53,10,33,105,-56,91,56,88,-63,9,-112,-38,-86,-14,45,-98,-101,-65,-25,8,19,-106,39,-77,101,110,-50,54,0,-36,45,-57,-19,111,-85,61,-4,-67,-72,99,69,48,-110,-98,-80,-16,-36,44,60,19,27,-48,-4,-98
2683,1,79,79,76,76,76,76,76,121,-93,76,-53,10,33,105,-56,91,56,88,-63,9,-112,-38,-86,-14,45,-98,-101,-65,-25,8,19,-106,39,-77,101,110,-50,54,0,-36,45,-57,-19,111,-85,61,-4,-67,-72,99,69,48,-110,-98,-80,-16,-36,44,60,19,27,-48,-4,-98
2684,1,79,79,76,76,76,76,76,121,-93,76,-53,10,33,105,-56,91,56,88,-63,9,-112,-38,-86,-14,45,-98,-101,-65,-25,8,19,-106,39,-77,101,110,-50,54,0,-36,45,-57,-19,111,-85,61,-4,-67,-72,99,69,48,-110,-98,-80,-16,-36,44,60,19,27,-48,-4,-98
2685,1,-123,-123,-123,-44,-44,-44,-44,-44,54,-93,76,-53,10,33,105,-56,91,56,88,-63,9,-112,-38,-86,-14,45,-98,-101,-65,-25,8,19,18,37,47,89,45,57,-87,71,21,-51,80,17,-113,-110,-57,10,80,-47,88,-61,124,-10,11,44,-122,34,-8,99,-60,21,48,106
2686,1,-123,-123,-123,-44,-44,-44,-44,-44,54,-93,76,-53,10,33,105,-56,91,56,88,-63,9,-112,-38,-86,-14,45,-98,-101,-65,-25,8,19,18,37,47,89,45,57,-87,71,21,-51,80,17,-113,-110,-57,10,80,-47,88,-61,124,-10,11,44,-122,34,-8,99,-60,21,48,106
2687,1,-123,-123,-123,-44,-44,-44,-44,-44,54,-93,76,-53,10,33,105,-56,91,56,88,-63,9,-112,-38,-86,-14,45,-98,-101,-65,-25,8,19,18,37,47,89,45,57,-87,71,21,-51,80,17,-113,-110,-57,10,80,-47,88,-61,124,-10,11,44,-122,34,-8,99,-60,21,48,106
2688,1,-68,-68,-68,-68,-99,-99,-99,-99,-62,54,-93,76,-53,10,33,105,-56,91,56,88,-63,9,-112,-38,-86,-14,45,-98,-101,-65,-25,8,8,118,-40,-40,-54,-48,36,-110,11,-10,11,-12,-88,-105,53,-26,-89,88,60,114,-63,112,78,98,105,-9,2,-106,0,-105,-33,86
2689,1,-68,-68,-68,-68,-99,-99,-99,-99,-62,54,-93,76,-53,10,33,105,-56,91,56,88,-63,9,-112,-38,-86,-14,45,-98,-101,-65,-25,8,8,118,-40,-40,-54,-48,36,-110,11,-10,11,-12,-88,-105,53,-26,-89,88,60,114,-63,112,78,98,105,-9,2,-106,0,-105,-33,86
2690,1,-68,-68,-68,-68,-99,-99,-99,-99,-62,54,-93,76,-53,10,33,105,-56,91,56,88,-63,9,-112,-38,-86,-14,45,-98,-101,-65,-25,8,8,118,-40,-40,-54,-48,36,-110,11,-10,11,-12,-88,-105,53,-26,-89,88,60,114,-63,112,78,98,105,-9,2,-106,0,-105,-33,86
2691,1,23,23,23,23,23,69,69,69,81,-62,54,-93,76,-53,10,33,105,-56,91,56,88,-63,9,-112,-38,-86,-14,45,-98,-101,-65,-25,-33,-37,-79,79,75,-28,105,-46,13,-41,36,43,68,111,-34,86,112,117,21,-125,10,-1,19,115,-13,90,-95,50,-52,119,0,-29
2692,1,23,23,23,23,23,69,69,69,81,-62,54,-93,76,-53,10,33,105,-56,91,56,88,-63,9,-112,-38,-86,-14,45,-98,-101,-65,-25,-33,-37,-79,79,75,-28,105,-46,13,-41,36,43,68,111,-34,86,112,117,21,-125,10,-1,19,115,-13,90,-95,50,-52,119,0,-29
2693,1,23,23,23,23,23,69,69,69,81,-62,54,-93,76,-53,10,33,105,-56,91,56,88,-63,9,-112,-38,-86,-14,45,-98,-101,-65,-25,-33,-37,-79,79,75,-28,105,-46,13,-41,36,43,68,111,-34,86,112,117,21,-125,10,-1,19,115,-13,90,-95,50,-52,119,0,-29
2694,1,-20,-58,-58,-58,-58,-58,47,47,19,81,-62,54,-93,76,-53,10,33,105,-56,91,56,88,-63,9,-112,-38,-86,-14,45,-98,-101,-65,29,120,-43,-16,-18,73,-110,-60,-33,102,-71,-83,48,17,-104,81,-33,95,3,-42,63,-106,27,104,43,-82,42,33,117,25,101,-48
2695,1,-20,-58,-58,-58,-58,-58,47,47,19,81,-62,54,-93,76,-53,10,33,105,-56,91,56,88,-63,9,-112,-38,-86,-14,45,-98,-101,-65,29,120,-43,-16,-18,73,-110,-60,-33,102,-71,-83,48,17,-104,81,-33,95,3,-42,63,-106,27,104,43,-82,42,33,117,25,101,-48
2696,1,-20,-58,-58,-58,-58,-58,47,47,19,81,-62,54,-93,76,-53,10,33,105,-56,91,56,88,-63,9,-112,-38,-86,-14,45,-98,-101,-65,29,120,-43,-16,-18,73,-110,-60,-33,102,-71,-83,48,17,-104,81,-33,95,3,-42,63,-106,27,104,43,-82,42,33,117,25,101,-48
2697,1,-78,-78,4,4,4,4,4,-109,-70,19,81,-62,54,-93,76,-53,10,33,105,-56,91,56,88,-63,9,-112,-38,-86,-14,45,-98,-101,-90,-98,88,-49,-86,64,-114,-92,51,19,69,76,80,-44,72,97,-4,-71,-43,-20,117,78,-110,64,-73,127,-86,-43,120,76,-6,-91
2698,1,-78,-78,4,4,4,4,4,-109,-70,19,81,-62,54,-93,76,-53,10,33,105,-56,91,56,88,-63,9,-112,-38,-86,-14,45,-98,-101,-90,-98,88,-49,-86,64,-114,-92,51,19,69,76,80,-44,72,97,-4,-71,-43,-20,117,78,-110,64,-73,127,-86,-43,120,76,-6,-91
2699,1,-78,-78,4,4,4,4,4,-109,-70,19,81,-62,54,-93,76,-53,10,33,105,-56,91,56,88,-63,9,-112,-38,-86,-14,45,-98,-101,-90,-98,88,-49,-86,64,-114,-92,51,19,69,76,80,-44,72,97,-4,-71,-43,-20,117,78,-110,64,-73,127,-86,-43,120,76,-6,-91
2700,1,-92,-92,-92,102,102,102,102,102,44,-70,19,81,-62,54,-93,76,-53,10,33,105,-56,91,56,88,-63,9,-112,-38,-86,-14,45,-98,37,79,126,-107,-14,-67,-11,-18,97,-55,29,-77,-9,-7,-74,-10,-89,-97,65,95,25,109,8,-83,-85,16,-85,55,-119,-87,-1,-16
2701,1,-92,-92,-92,102,102,102,102,102,44,-70,19,81,-62,54,-93,76,-53,10,33,105,-56,91,56,88,-63,9,-112,-38,-86,-14,45,-98,37,79,126,-107,-14,-67,-11,-18,97,-55,29,-77,-9,-7,-74,-10,-89,-97,65,95,25,109,8,-83,-85,16,-85,55,-119,-87,-1,-16
2702,1,-92,-92,-92,102,102,102,102,102,44,-70,19,81,-62,54,-93,76,-53,10,33,105,-56,91,56,88,-63,9,-112,-38,-86,-14,45,-98,37,79,126,-107,-14,-67,-11,-18,97,-55,29,-77,-9,-7,-74,-10,-89,-97,65,95,25,109,8,-83,-85,16,-85,55,-119,-87,-1,-16
2703,1,-114,-114,-114,-114,125,125,125,125,86,44,-70,19,81,-62,54,-93,76,-53,10,33,105,-56,91,56,88,-63,9,-112,-38,-86,-14,45,39,25,86,-83,7,-19,87,50,107,112,-126,-1,25,43,102,115,91,-26,-14,33,70,-17,63,70,55,-58,-30,-41,-115,-107,-30,-13
2704,1,-114,-114,-114,-114,125,125,125,125,86,44,-70,19,81,-62,54,-93,76,-53,10,33,105,-56,91,56,88,-63,9,-112,-38,-86,-14,45,39,25,86,-83,7,-19,87,50,107,112,-126,-1,25,43,102,115,91,-26,-14,33,70,-17,63,70,55,-58,-30,-41,-115,-107,-30,-13
2705,1,-114,-114,-114,-114,125,125,125,125,86,44,-70,19,81,-62,54,-93,76,-53,10,33,105,-56,91,56,88,-63,9,-112,-38,-86,-14,45,39,25,86,-83,7,-19,87,50,107,112,-126,-1,25,43,102,115,91,-26,-14,33,70,-17,63,70,55,-58,-30,-41,-115,-107,-30,-13
2706,1,-65,-65,-65,-65,-65,43,43,43,79,86,44,-70,19,81,-62,54,-93,76,-53,10,33,105,-56,91,56,88,-63,9,-112,-38,-86,-14,-74,-97,39,79,99,-51,-76,-107,-89,-18,86,37,-85,-53,23,81,-37,-88,127,6,-90,67,60,-31,71,97,-59,-121,50,-60,106,33
2707,1,-65,-65,-65,-65,-65,43,43,43,79,86,44,-70,19,81,-62,54,-93,76,-53,10,33,105,-56,91,56,88,-63,9,-112,-38,-86,-14,-74,-97,39,79,99,-51,-76,-107,-89,-18,86,37,-85,-53,23,81,-37,-88,127,6,-90,67,60,-31,71,97,-59,-121,50,-60,106,33
2708,1,-65,-65,-65,-65,-65,43,43,43,79,86,44,-70,19,81,-62,54,-93,76,-53,10,33,105,-56,91,56,88,-63,9,-112,-38,-86,-14,-74,-97,39,79,99,-51,-76,-107,-89,-18,86,37,-85,-53,23,81,-37,-88,127,6,-90,67,60,-31,71,97,-59,-121,50,-60,106,33
2709,1,-120,-111,-111,-111,-111,-111,0,0,-123,79,86,44,-70,19,81,-62,54,-93,76,-53,10,33,105,-56,91,56,88,-63,9,-112,-38,-86,-33,-37,-60,17,117,117,-57,49,-70,116,38,2,87,-14,-24,30,123,-110,-110,110,58,51,-35,104,56,89,-63,-13,85,86,6,0
2710,1,-120,-111,-111,-111,-111,-111,0,0,-123,79,86,44,-70,19,81,-62,54,-93,76,-53,10,33,105,-56,91,56,88,-63,9,-112,-38,-86,-33,-37,-60,17,117,117,-57,49,-70,116,38,2,87,-14,-24,30,123,-110,-110,110,58,51,-35,104,56,89,-63,-13,85,86,6,0
2711,1,-120,-111,-111,-111,-111,-111,0,0,-123,79,86,44,-70,19,81,-62,54,-93,76,-53,10,33,105,-56,91,56,88,-63,9,-112,-38,-86,-33,-37,-60,17,117,117,-57,49,-70,116,38,2,87,-14,-24,30,123,-110,-110,110,58,51,-35,104,56,89,-63,-13,85,86,6,0
2712,1,8,8,-126,-126,-126,-126,-126,-65,-68,-123,79,86,44,-70,19,81,-62,54,-93,76,-53,10,33,105,-56,91,56,88,-63,9,-112,-38,72,-125,-47,-105,38,-55,-44,34,-12,59,-97,9,103,30,-15,-101,13,123,-28,-69,-78,-14,97,-30,63,-96,-74,-115,11,64,-36,35
2713,1,8,8,-126,-126,-126,-126,-126,-65,-68,-123,79,86,44,-70,19,81,-62,54,-93,76,-53,10,33,105,-56,91,56,88,-63,9,-112,-38,72,-125,-47,-105,38,-55,-44,34,-12,59,-97,9,103,30,-15,-101,13,123,-28,-69,-78,-14,97,-30,63,-96,-74,-115,11,64,-36,35
2714,1,8,8,-126,-126,-126,-126,-126,-65,-68,-123,79,86,44,-70,19,81,-62,54,-93,76,-53,10,33,105,-56,91,56,88,-63,9,-112,-38,72,-125,-47,-105,38,-55,-44,34,-12,59,-97,9,103,30,-15,-101,13,123,-28,-69,-78,-14,97,-30,63,-96,-74,-115,11,64,-36,35
2715,1,98,98,98,-51,-51,-51,-51,-51,23,-68,-123,79,86,44,-70,19,81,-62,54,-93,76,-53,10,33,105,-56,91,56,88,-63,9,-112,-71,93,101,98,-55,13,-91,-53,-29,117,-116,50,-52,-88,-40,-123,-67,-117,43,-121,113,30,-2,-5,-81,-77,-127,-14,-13,-37,11,8
2716,1,98,98,98,-51,-51,-51,-51,-51,23,-68,-123,79,86,44,-70,19,81,-62,54,-93,76,-53,10,33,105,-56,91,56,88,-63,9,-112,-71,93,101,98,-55,13,-91,-53,-29,117,-116,50,-52,-88,-40,-123,-67,-117,43,-121,113,30,-2,-5,-81,-77,-127,-14,-13,-37,11,8
2717,1,98,98,98,-51,-51,-51,-51,-51,23,-68,-123,79,86,44,-70,19,81,-62,54,-93,76,-53,10,33,105,-56,91,56,88,-63,9,-112,-71,93,101,98,-55,13,-91,-53,-29,117,-116,50,-52,-88,-40,-123,-67,-117,43,-121,113,30,-2,-5,-81,-77,-127,-14,-13,-37,11,8
2718,1,-25,-25,-25,-25,-87,-87,-87,-87,-20,23,-68,-123,79,86,44,-70,19,81,-62,54,-93,76,-53,10,33,105,-56,91,56,88,-63,9,48,84,-57,-40,-119,-76,71,-41,117,25,-125,-9,26,81,14,-71,115,61,28,-14,14,-81,68,-31,-9,-88,-103,-11,-6,-13,-77,-113
2719,1,-25,-25,-25,-25,-87,-87,-87,-87,-20,23,-68,-123,79,86,44,-70,19,81,-62,54,-93,76,-53,10,33,105,-56,91,56,88,-63,9,48,84,-57,-40,-119,-76,71,-41,117,25,-125,-9,26,81,14,-71,115,61,28,-14,14,-81,68,-31,-9,-88,-103,-11,-6,-13,-77,-113
2720,1,-25,-25,-25,-25,-87,-87,-87,-87,-20,23,-68,-123,79,86,44,-70,19,81,-62,54,-93,76,-53,10,33,105,-56,91,56,88,-63,9,48,84,-57,-40,-119,-76,71,-41,117,25,-125,-9,26,81,14,-71,115,61,28,-14,14,-81,68,-31,-9,-88,-103,-11,-6,-13,-77,-113
2721,1,-86,-86,-86,-86,-86,68,68,68,-78,-20,23,-68,-123,79,86,44,-70,19,81,-62,54,-93,76,-53,10,33,105,-56,91,56,88,-63,28,-28,-33,-28,-105,-120,-41,-92,82,-82,-102,19,35,-57,93,-41,-6,-58,-9,58,127,89,107,7,-33,-122,126,41,64,49,18,82
2722,1,-86,-86,-86,-86,-86,68,68,68,-78,-20,23,-68,-123,79,86,44,-70,19,81,-62,54,-93,76,-53,10,33,105,-56,91,56,88,-63,28,-28,-33,-28,-105,-120,-41,-92,82,-82,-102,19,35,-57,93,-41,-6,-58,-9,58,127,89,107,7,-33,-122,126,41,64,49,18,82
2723,1,-86,-86,-86,-86,-86,68,68,68,-78,-20,23,-68,-123,79,86,44,-70,19,81,-62,54,-93,76,-53,10,33,105,-56,91,56,88,-63,28,-28,-33,-28,-105,-120,-41,-92,82,-82,-102,19,35,-57,93,-41,-6,-58,-9,58,127,89,107,7,-33,-122,126,41,64,49,18,82
2724,1,13,-25,-25,-25,-25,-25,-47,-47,-92,-78,-20,23,-68,-123,79,86,44,-70,19,81,-62,54,-93,76,-53,10,33,105,-56,91,56,88,-40,-39,26,71,-61,83,-5,-7,-7,75,-7,87,-115,104,31,6,13,-4,-30,83,2,126,-118,99,101,-116,-100,30,0,1,53,92
2725,1,13,-25,-25,-25,-25,-25,-47,-47,-92,-78,-20,23,-68,-123,79,86,44,-70,19,81,-62,54,-93,76,-53,10,33,105,-56,91,56,88,-40,-39,26,71,-61,83,-5,-7,-7,75,-7,87,-115,104,31,6,13,-4,-30,83,2,126,-118,99,101,-116,-100,30,0,1,53,92
2726,1,13,-25,-25,-25,-25,-25,-47,-47,-92,-78,-20,23,-68,-123,79,86,44,-70,19,81,-62,54,-93,76,-53,10,33,105,-56,91,56,88,-40,-39,26,71,-61,83,-5,-7,-7,75,-7,87,-115,104,31,6,13,-4,-30,83,2,126,-118,99,101,-116,-100,30,0,1,53,92
2727,1,76,76,81,81,81,81,81,-71,-114,-92,-78,-20,23,-68,-123,79,86,44,-70,19,81,-62,54,-93,76,-53,10,33,105,-56,91,56,74,97,-75,-84,111,123,15,-25,19,-6,-78,-69,118,37,-60,-15,60,-18,-37,49,-84,-72,127,62,76,-2,-34,15,39,-94,38,85
2728,1,76,76,81,81,81,81,81,-71,-114,-92,-78,-20,23,-68,-123,79,86,44,-70,19,81,-62,54,-93,76,-53,10,33,105,-56,91,56,74,97,-75,-84,111,123,15,-25,19,-6,-78,-69,118,37,-60,-15,60,-18,-37,49,-84,-72,127,62,76,-2,-34,15,39,-94,38,85
2729,1,76,76,81,81,81,81,81,-71,-114,-92,-78,-20,23,-68,-123,79,86,44,-70,19,81,-62,54,-93,76,-53,10,33,105,-56,91,56,74,97,-75,-84,111,123,15,-25,19,-6,-78,-69,118,37,-60,-15,60,-18,-37,49,-84,-72,127,62,76,-2,-34,15,39,-94,38,85
2730,1,-37,-37,-37,81,81,81,81,81,-65,-114,-92,-78,-20,23,-68,-123,79,86,44,-70,19,81,-62,54,-93,76,-53,10,33,105,-56,91,90,-31,19,32,-66,8,-119,6,-83,7,90,-94,-80,-121,-123,-1,-29,26,-99,-56,-99,109,-75,32,-37,-113,13,-9,44,-96,-96,-53
2731,1,-37,-37,-37,81,81,81,81,81,-65,-114,-92,-78,-20,23,-68,-123,79,86,44,-70,19,81,-62,54,-93,76,-53,10,33,105,-56,91,90,-31,19,32,-66,8,-119,6,-83,7,90,-94,-80,-121,-123,-1,-29,26,-99,-56,-99,109,-75,32,-37,-113,13,-9,44,-96,-96,-53
2732,1,-37,-37,-37,81,81,81,81,81,-65,-114,-92,-78,-20,23,-68,-123,79,86,44,-70,19,81,-62,54,-93,76,-53,10,33,105,-56,91,90,-31,19,32,-66,8,-119,6,-83,7,90,-94,-80,-121,-123,-1,-29,26,-99,-56,-99,109,-75,32,-37,-113,13,-9,44,-96,-96,-53
2733,1,71,71,71,71,2,2,2,2,-120,-65,-114,-92,-78,-20,23,-68,-123,79,86,44,-70,19,81,-62,54,-93,76,-53,10,33,105,-56,25,-38,-101,-8,41,-109,-45,28,-100,-84,-70,41,60,-71,91,-107,-27,-32,-47,54,99,-66,126,-18,-121,113,-14,-71,61,-91,7,-19
2734,1,71,71,71,71,2,2,2,2,-120,-65,-114,-92,-78,-20,23,-68,-123,79,86,44,-70,19,81,-62,54,-93,76,-53,10,33,105,-56,25,-38,-101,-8,41,-109,-45,28,-100,-84,-70,41,60,-71,91,-107,-27,-32,-47,54,99,-66,126,-18,-121,113,-14,-71,61,-91,7,-19
2735,1,71,71,71,71,2,2,2,2,-120,-65,-114,-92,-78,-20,23,-68,-123,79,86,44,-70,19,81,-62,54,-93,76,-53,10,33,105,-56,25,-38,-101,-8,41,-109,-45,28,-100,-84,-70,41,60,-71,91,-107,-27,-32,-47,54,99,-66,126,-18,-121,113,-14,-71,61,-91,7,-19
2736,1,110,110,110,110,110,-108,-108,-108,8,-120,-65,-114,-92,-78,-20,23,-68,-123,79,86,44,-70,19,81,-62,54,-93,76,-53,10,33,105,100,15,54,114,-59,-28,0,62,28,-122,-30,-56,95,-76,-46,-11,-54,-67,119,105,-10,66,65,98,-35,-66,-67,-66,74,-2,123,-88
2737,1,110,110,110,110,110,-108,-108,-108,8,-120,-65,-114,-92,-78,-20,23,-68,-123,79,86,44,-70,19,81,-62,54,-93,76,-53,10,33,105,100,15,54,114,-59,-28,0,62,28,-122,-30,-56,95,-76,-46,-11,-54,-67,119,105,-10,66,65,98,-35,-66,-67,-66,74,-2,123,-88
2738,1,110,110,110,110,110,-108,-108,-108,8,-120,-65,-114,-92,-78,-20,23,-68,-123,79,86,44,-70,19,81,-62,54,-93,76,-53,10,33,105,100,15,54,114,-59,-28,0,62,28,-122,-30,-56,95,-76,-46,-11,-54,-67,119,105,-10,66,65,98,-35,-66,-67,-66,74,-2,123,-88
2739,1,10,78,78,78,78,78,37,37,98,8,-120,-65,-114,-92,-78,-20,23,-68,-123,79,86,44,-70,19,81,-62,54,-93,76,-53,10,33,76,-21,-104,-53,-112,51,71,32,-110,33,-73,12,38,-29,-127,63,-71,106,-78,-67,46,120,56,-54,2,-44,-44,44,114,-59,-67,-104
2740,1,10,78,78,78,78,78,37,37,98,8,-120,-65,-114,-92,-78,-20,23,-68,-123,79,86,44,-70,19,81,-62,54,-93,76,-53,10,33,76,-21,-104,-53,-112,51,71,32,-110,33,-73,12,38,-29,-127,63,-71,106,-78,-67,46,120,56,-54,2,-44,-44,44,114,-59,-67,-104
2741,1,10,78,78,78,78,78,37,37,98,8,-120,-65,-114,-92,-78,-20,23,-68,-123,79,86,44,-70,19,81,-62,54,-93,76,-53,10,33,76,-21,-104,-53,-112,51,71,32,-110,33,-73,12,38,-29,-127,63,-71,106,-78,-67,46,120,56,-54,2,-44,-44,44,114,-59,-67,-104
2742,1,-13,-13,-123,-123,-123,-123,-123,-101,-25,98,8,-120,-65,-114,-92,-78,-20,23,-68,-123,79,86,44,-70,19,81,-62,54,-93,76,-53,10,58,-48,-9,-78,-41,-58,-69,122,79,93,-95,-41,123,55,38,-50,112,-108,26,-80,4,-74,-28,82,55,-80,-89,45,-66,46,54,-67
2743,1,-13,-13,-123,-123,-123,-123,-123,-101,-25,98,8,-120,-65,-114,-92,-78,-20,23,-68,-123,79,86,44,-70,19,81,-62,54,-93,76,-53,10,58,-48,-9,-78,-41,-58,-69,122,79,93,-95,-41,123,55,38,-50,112,-108,26,-80,4,-74,-28,82,55,-80,-89,45,-66,46,54,-67
2744,1,-13,-13,-123,-123,-123,-123,-123,-101,-25,98,8,-120,-65,-114,-92,-78,-20,23,-68,-123,79,86,44,-70,19,81,-62,54,-93,76,-53,10,58,-48,-9,-78,-41,-58,-69,122,79,93,-95,-41,123,55,38,-50,112,-108,26,-80,4,-74,-28,82,55,-80,-89,45,-66,46,54,-67
2745,1,11,11,11,-58,-58,-58,-58,-58,-86,-25,98,8,-120,-65,-114,-92,-78,-20,23,-68,-123,79,86,44,-70,19,81,-62,54,-93,76,-53,66,95,-49,7,41,50,57,-8,13,44,-84,84,-80,-42,-34,62,100,118,69,50,86,-86,-61,-57,-74,-14,-58,0,66,-54,21,-112
2746,1,11,11,11,-58,-58,-58,-58,-58,-86,-25,98,8,-120,-65,-114,-92,-78,-20,23,-68,-123,79,86,44,-70,19,81,-62,54,-93,76,-53,66,95,-49,7,41,50,57,-8,13,44,-84,84,-80,-42,-34,62,100,118,69,50,86,-86,-61,-57,-74,-14,-58,0,66,-54,21,-112
2747,1,11,11,11,-58,-58,-58,-58,-58,-86,-25,98,8,-120,-65,-114,-92,-78,-20,23,-68,-123,79,86,44,-70,19,81,-62,54,-93,76,-53,66,95,-49,7,41,50,57,-8,13,44,-84,84,-80,-42,-34,62,100,118,69,50,86,-86,-61,-57,-74,-14,-58,0,66,-54,21,-112
2748,1,73,73,73,73,-53,-53,-53,-53,13,-86,-25,98,8,-120,-65,-114,-92,-78,-20,23,-68,-123,79,86,44,-70,19,81,-62,54,-93,76,34,-9,-3,-104,-121,-11,0,85,33,-94,-42,-45,-7,49,0,93,29,59,-25,84,-31,50,38,45,66,122,85,-73,60,43,86,-82
2749,1,73,73,73,73,-53,-53,-53,-53,13,-86,-25,98,8,-120,-65,-114,-92,-78,-20,23,-68,-123,79,86,44,-70,19,81,-62,54,-93,76,34,-9,-3,-104,-121,-11,0,85,33,-94,-42,-45,-7,49,0,93,29,59,-25,84,-31,50,38,45,66,122,85,-73,60,43,86,-82
2750,1,73,73,73,73,-53,-53,-53,-53,13,-86,-25,98,8,-120,-65,-114,-92,-78,-20,23,-68,-123,79,86,44,-70,19,81,-62,54,-93,76,34,-9,-3,-104,-121,-11,0,85,33,-94,-42,-45,-7,49,0,93,29,59,-25,84,-31,50,38,45,66,122,85,-73,60,43,86,-82
2751,1,54,54,54,54,54,-70,-70,-70,76,13,-86,-25,98,8,-120,-65,-114,-92,-78,-20,23,-68,-123,79,86,44,-70,19,81,-62,54,-93,-64,-6,-42,-23,-118,-68,-92,-102,22,67,93,80,4,33,-76,-36,84,24,-45,82,-8,-26,80,-124,115,-86,-123,-58,81,-96,96,1
2752,1,54,54,54,54,54,-70,-70,-70,76,13,-86,-25,98,8,-120,-65,-114,-92,-78,-20,23,-68,-123,79,86,44,-70,19,81,-62,54,-93,-64,-6,-42,-23,-118,-68,-92,-102,22,67,93,80,4,33,-76,-36,84,24,-45,82,-8,-26,80,-124,115,-86,-123,-58,81,-96,96,1
2753,1,54,54,54,54,54,-70,-70,-70,76,13,-86,-25,98,8,-120,-65,-114,-92,-78,-20,23,-68,-123,79,86,44,-70,19,81,-62,54,-93,-64,-6,-42,-23,-118,-68,-92,-102,22,67,93,80,4,33,-76,-36,84,24,-45,82,-8,-26,80,-124,115,-86,-123,-58,81,-96,96,1
2754,1,24,56,56,56,56,56,-91,-91,-37,76,13,-86,-25,98,8,-120,-65,-114,-92,-78,-20,23,-68,-123,79,86,44,-70,19,81,-62,54,-39,-35,-41,39,-62,-85,-32,-49,-31,45,12,-84,-25,-76,73,23,112,25,-67,-9,-93,48,-89,-46,-80,-47,113,64,8,81,102,98
2755,1,24,56,56,56,56,56,-91,-91,-37,76,13,-86,-25,98,8,-120,-65,-114,-92,-78,-20,23,-68,-123,79,86,44,-70,19,81,-62,54,-39,-35,-41,39,-62,-85,-32,-49,-31,45,12,-84,-25,-76,73,23,112,25,-67,-9,-93,48,-89,-46,-80,-47,113,64,8,81,102,98
2756,1,24,56,56,56,56,56,-91,-91,-37,76,13,-86,-25,98,8,-120,-65,-114,-92,-78,-20,23,-68,-123,79,86,44,-70,19,81,-62,54,-39,-35,-41,39,-62,-85,-32,-49,-31,45,12,-84,-25,-76,73,23,112,25,-67,-9,-93,48,-89,-46,-80,-47,113,64,8,81,102,98
2757,1,-57,-57,98,98,98,98,98,-75,71,-37,76,13,-86,-25,98,8,-120,-65,-114,-92,-78,-20,23,-68,-123,79,86,44,-70,19,81,-62,-119,-29,-10,25,93,115,-31,-104,-63,44,59,66,125,121,99,17,-32,12,-94,70,-60,-53,-96,-120,0,13,65,41,23,49,-3,45
2758,1,-57,-57,98,98,98,98,98,-75,71,-37,76,13,-86,-25,98,8,-120,-65,-114,-92,-78,-20,23,-68,-123,79,86,44,-70,19,81,-62,-119,-29,-10,25,93,115,-31,-104,-63,44,59,66,125,121,99,17,-32,12,-94,70,-60,-53,-96,-120,0,13,65,41,23,49,-3,45
2759,1,-57,-57,98,98,98,98,98,-75,71,-37,76,13,-86,-25,98,8,-120,-65,-114,-92,-78,-20,23,-68,-123,79,86,44,-70,19,81,-62,-119,-29,-10,25,93,115,-31,-104,-63,44,59,66,125,121,99,17,-32,12,-94,70,-60,-53,-96,-120,0,13,65,41,23,49,-3,45
2760,1,89,89,89,-37,-37,-37,-37,-37,110,71,-37,76,13,-86,-25,98,8,-120,-65,-114,-92,-78,-20,23,-68,-123,79,86,44,-70,19,81,-29,-8,20,-41,7,-20,-49,94,126,-57,94,-29,-58,-7,60,-101,78,-7,-94,-10,-17,-76,19,-53,-124,-110,45,-124,32,24,89,-65
2761,1,89,89,89,-37,-37,-37,-37,-37,110,71,-37,76,13,-86,-25,98,8,-120,-65,-114,-92,-78,-20,23,-68,-123,79,86,44,-70,19,81,-29,-8,20,-41,7,-20,-49,94,126,-57,94,-29,-58,-7,60,-101,78,-7,-94,-10,-17,-76,19,-53,-124,-110,45,-124,32,24,89,-65
2762,1,89,89,89,-37,-37,-37,-37,-37,110,71,-37,76,13,-86,-25,98,8,-120,-65,-114,-92,-78,-20,23,-68,-123,79,86,44,-70,19,81,-29,-8,20,-41,7,-20,-49,94,126,-57,94,-29,-58,-7,60,-101,78,-7,-94,-10,-17,-76,19,-53,-124,-110,45,-124,32,24,89,-65
2763,1,69,69,69,69,-121,-121,-121,-121,10,110,71,-37,76,13,-86,-25,98,8,-120,-65,-114,-92,-78,-20,23,-68,-123,79,86,44,-70,19,30,88,-97,37,28,-38,97,-7,108,103,19,-95,20,47,50,14,-54,3,2,-107,-41,-29,-20,93,-123,-1,87,-45,-25,114,-2,-98
2764,1,69,69,69,69,-121,-121,-121,-121,10,110,71,-37,76,13,-86,-25,98,8,-120,-65,-114,-92,-78,-20,23,-68,-123,79,86,44,-70,19,30,88,-97,37,28,-38,97,-7,108,103,19,-95,20,47,50,14,-54,3,2,-107,-41,-29,-20,93,-123,-1,87,-45,-25,114,-2,-98
2765,1,69,69,69,69,-121,-121,-121,-121,10,110,71,-37,76,13,-86,-25,98,8,-120,-65,-114,-92,-78,-20,23,-68,-123,79,86,44,-70,19,30,88,-97,37,28,-38,97,-7,108,103,19,-95,20,47,50,14,-54,3,2,-107,-41,-29,-20,93,-123,-1,87,-45,-25,114,-2,-98
2766,1,-21,-21,-21,-21,-21,104,104,104,-13,10,110,71,-37,76,13,-86,-25,98,8,-120,-65,-114,-92,-78,-20,23,-68,-123,79,86,44,-70,-32,-85,-112,23,-46,108,89,68,59,-109,-52,125,-127,-99,44,120,-63,71,-124,-101,0,62,-104,111,120,-77,8,124,-106,24,-11,51
2767,1,-21,-21,-21,-21,-21,104,104,104,-13,10,110,71,-37,76,13,-86,-25,98,8,-120,-65,-114,-92,-78,-20,23,-68,-123,79,86,44,-70,-32,-85,-112,23,-46,108,89,68,59,-109,-52,125,-127,-99,44,120,-63,71,-124,-101,0,62,-104,111,120,-77,8,124,-106,24,-11,51
2768,1,-21,-21,-21,-21,-21,104,104,104,-13,10,110,71,-37,76,13,-86,-25,98,8,-120,-65,-114,-92,-78,-20,23,-68,-123,79,86,44,-70,-32,-85,-112,23,-46,108,89,68,59,-109,-52,125,-127,-99,44,120,-63,71,-124,-101,0,62,-104,111,120,-77,8,124,-106,24,-11,51
2769,1,61,-122,-122,-122,-122,-122,99,99,11,-13,10,110,71,-37,76,13,-86,-25,98,8,-120,-65,-114,-92,-78,-20,23,-68,-123,79,86,44,-34,-73,62,-78,-113,-45,102,38,75,66,-118,34,-93,21,-87,55,35,13,-50,49,-54,11,-22,47,-86,51,43,-116,-64,-106,-89,95
2770,1,61,-122,-122,-122,-122,-122,99,99,11,-13,10,110,71,-37,76,13,-86,-25,98,8,-120,-65,-114,-92,-78,-20,23,-68,-123,79,86,44,-34,-73,62,-78,-113,-45,102,38,75,66,-118,34,-93,21,-87,55,35,13,-50,49,-54,11,-22,47,-86,51,43,-116,-64,-106,-89,95
2771,1,61,-122,-122,-122,-122,-122,99,99,11,-13,10,110,71,-37,76,13,-86,-25,98,8,-120,-65,-114,-92,-78,-20,23,-68,-123,79,86,44,-34,-73,62,-78,-113,-45,102,38,75,66,-118,34,-93,21,-87,55,35,13,-50,49,-54,11,-22,47,-86,51,43,-116,-64,-106,-89,95
2772,1,43,43,-68,-68,-68,-68,-68,-78,73,11,-13,10,110,71,-37,76,13,-86,-25,98,8,-120,-65,-114,-92,-78,-20,23,-68,-123,79,86,-126,-2,22,125,-61,-14,110,38,-89,-21,-3,-98,-58,-62,-22,79,72,-105,58,-105,-59,-4,53,109,-99,73,114,8,81,116,-28,112
2773,1,43,43,-68,-68,-68,-68,-68,-78,73,11,-13,10,110,71,-37,76,13,-86,-25,98,8,-120,-65,-114,-92,-78,-20,23,-68,-123,79,86,-126,-2,22,125,-61,-14,110,38,-89,-21,-3,-98,-58,-62,-22,79,72,-105,58,-105,-59,-4,53,109,-99,73,114,8,81,116,-28,112
2774,1,43,43,-68,-68,-68,-68,-68,-78,73,11,-13,10,110,71,-37,76,13,-86,-25,98,8,-120,-65,-114,-92,-78,-20,23,-68,-123,79,86,-126,-2,22,125,-61,-14,110,38,-89,-21,-3,-98,-58,-62,-22,79,72,-105,58,-105,-59,-4,53,109,-99,73,114,8,81,116,-28,112
2775,1,-10,-10,-10,52,52,52,52,52,54,73,11,-13,10,110,71,-37,76,13,-86,-25,98,8,-120,-65,-114,-92,-78,-20,23,-68,-123,79,-54,62,78,-122,69,33,-34,81,-48,-92,64,81,48,-104,-127,108,116,43,-38,123,-25,-18,-12,53,49,104,91,36,34,117,-103,61
2776,1,-10,-10,-10,52,52,52,52,52,54,73,11,-13,10,110,71,-37,76,13,-86,-25,98,8,-120,-65,-114,-92,-78,-20,23,-68,-123,79,-54,62,78,-122,69,33,-34,81,-48,-92,64,81,48,-104,-127,108,116,43,-38,123,-25,-18,-12,53,49,104,91,36,34,117,-103,61
2777,1,-10,-10,-10,52,52,52,52,52,54,73,11,-13,10,110,71,-37,76,13,-86,-25,98,8,-120,-65,-114,-92,-78,-20,23,-68,-123,79,-54,62,78,-122,69,33,-34,81,-48,-92,64,81,48,-104,-127,108,116,43,-38,123,-25,-18,-12,53,49,104,91,36,34,117,-103,61
2778,1,-73,-73,-73,-73,34,34,34,34,24,54,73,11,-13,10,110,71,-37,76,13,-86,-25,98,8,-120,-65,-114,-92,-78,-20,23,-68,-123,107,-12,3,-44,83,-78,73,54,3,-45,-61,-30,46,62,107,-71,126,-52,-55,71,8,118,42,-51,-90,-38,-25,28,-108,-32,-109,81
2779,1,-73,-73,-73,-73,34,34,34,34,24,54,73,11,-13,10,110,71,-37,76,13,-86,-25,98,8,-120,-65,-114,-92,-78,-20,23,-68,-123,107,-12,3,-44,83,-78,73,54,3,-45,-61,-30,46,62,107,-71,126,-52,-55,71,8,118,42,-51,-90,-38,-25,28,-108,-32,-109,81
2780,1,-73,-73,-73,-73,34,34,34,34,24,54,73,11,-13,10,110,71,-37,76,13,-86,-25,98,8,-120,-65,-114,-92,-78,-20,23,-68,-123,107,-12,3,-44,83,-78,73,54,3,-45,-61,-30,46,62,107,-71,126,-52,-55,71,8,118,42,-51,-90,-38,-25,28,-108,-32,-109,81
2781,1,-81,-81,-81,-81,-81,-21,-21,-21,-57,24,54,73,11,-13,10,110,71,-37,76,13,-86,-25,98,8,-120,-65,-114,-92,-78,-20,23,-68,83,-124,-82,126,-99,-80,16,-58,105,103,77,-97,33,-100,-66,35,-77,-41,121,83,113,125,-124,-120,6,-74,117,-45,-57,-42,46,-43
2782,1,-81,-81,-81,-81,-81,-21,-21,-21,-57,24,54,73,11,-13,10,110,71,-37,76,13,-86,-25,98,8,-120,-65,-114,-92,-78,-20,23,-68,83,-124,-82,126,-99,-80,16,-58,105,103,77,-97,33,-100,-66,35,-77,-41,121,83,113,125,-124,-120,6,-74,117,-45,-57,-42,46,-43
2783,1,-81,-81,-81,-81,-81,-21,-21,-21,-57,24,54,73,11,-13,10,110,71,-37,76,13,-86,-25,98,8,-120,-65,-114,-92,-78,-20,23,-68,83,-124,-82,126,-99,-80,16,-58,105,103,77,-97,33,-100,-66,35,-77,-41,121,83,113,125,-124,-120,6,-74,117,-45,-57,-42,46,-43
2784,1,112,26,26,26,26,26,21,21,89,-57,24,54,73,11,-13,10,110,71,-37,76,13,-86,-25,98,8,-120,-65,-114,-92,-78,-20,23,113,42,-85,29,107,-50,-75,-100,-54,113,31,-34,115,17,0,13,-59,-53,69,1,76,35,-99,-58,-113,95,-56,103,26,76,-47,112
2785,1,112,26,26,26,26,26,21,21,89,-57,24,54,73,11,-13,10,110,71,-37,76,13,-86,-25,98,8,-120,-65,-114,-92,-78,-20,23,113,42,-85,29,107,-50,-75,-100,-54,113,31,-34,115,17,0,13,-59,-53,69,1,76,35,-99,-58,-113,95,-56,103,26,76,-47,112
2786,1,112,26,26,26,26,26,21,21,89,-57,24,54,73,11,-13,10,110,71,-37,76,13,-86,-25,98,8,-120,-65,-114,-92,-78,-20,23,113,42,-85,29,107,-50,-75,-100,-54,113,31,-34,115,17,0,13,-59,-53,69,1,76,35,-99,-58,-113,95,-56,103,26,76,-47,112
2787,1,93,93,66,66,66,66,66,-10,69,89,-57,24,54,73,11,-13,10,110,71,-37,76,13,-86,-25,98,8,-120,-65,-114,-92,-78,-20,90,65,-21,51,16,18,24,61,-125,-94,17,-33,-54,-50,122,86,-93,-8,57,66,-59,-27,53,-64,93,-47,102,85,75,25,45,25
2788,1,93,93,66,66,66,66,66,-10,69,89,-57,24,54,73,11,-13,10,110,71,-37,76,13,-86,-25,98,8,-120,-65,-114,-92,-78,-20,90,65,-21,51,16,18,24,61,-125,-94,17,-33,-54,-50,122,86,-93,-8,57,66,-59,-27,53,-64,93,-47,102,85,75,25,45,25
2789,1,93,93,66,66,66,66,66,-10,69,89,-57,24,54,73,11,-13,10,110,71,-37,76,13,-86,-25,98,8,-120,-65,-114,-92,-78,-20,90,65,-21,51,16,18,24,61,-125,-94,17,-33,-54,-50,122,86,-93,-8,57,66,-59,-27,53,-64,93,-47,102,85,75,25,45,25
2790,1,-40,-40,-40,65,65,65,65,65,-21,69,89,-57,24,54,73,11,-13,10,110,71,-37,76,13,-86,-25,98,8,-120,-65,-114,-92,-78,14,50,-26,-38,94,107,50,62,127,88,-27,-42,83,-29,74,-11,77,38,41,-104,-97,59,-76,48,12,3,62,2,103,-65,-106,-42
2791,1,-40,-40,-40,65,65,65,65,65,-21,69,89,-57,24,54,73,11,-13,10,110,71,-37,76,13,-86,-25,98,8,-120,-65,-114,-92,-78,14,50,-26,-38,94,107,50,62,127,88,-27,-42,83,-29,74,-11,77,38,41,-104,-97,59,-76,48,12,3,62,2,103,-65,-106,-42
2792,1,-40,-40,-40,65,65,65,65,65,-21,69,89,-57,24,54,73,11,-13,10,110,71,-37,76,13,-86,-25,98,8,-120,-65,-114,-92,-78,14,50,-26,-38,94,107,50,62,127,88,-27,-42,83,-29,74,-11,77,38,41,-104,-97,59,-76,48,12,3,62,2,103,-65,-106,-42
2793,1,94,94,94,94,-119,-119,-119,-119,61,-21,69,89,-57,24,54,73,11,-13,10,110,71,-37,76,13,-86,-25,98,8,-120,-65,-114,-92,19,111,91,-66,-75,22,116,-120,-127,28,92,-62,9,38,-105,64,6,30,-90,122,39,77,106,-71,67,116,-53,17,23,-1,-99,-17
2794,1,94,94,94,94,-119,-119,-119,-119,61,-21,69,89,-57,24,54,73,11,-13,10,110,71,-37,76,13,-86,-25,98,8,-120,-65,-114,-92,19,111,91,-66,-75,22,116,-120,-127,28,92,-62,9,38,-105,64,6,30,-90,122,39,77,106,-71,67,116,-53,17,23,-1,-99,-17
2795,1,94,94,94,94,-119,-119,-119,-119,61,-21,69,89,-57,24,54,73,11,-13,10,110,71,-37,76,13,-86,-25,98,8,-120,-65,-114,-92,19,111,91,-66,-75,22,116,-120,-127,28,92,-62,9,38,-105,64,6,30,-90,122,39,77,106,-71,67,116,-53,17,23,-1,-99,-17
2796,1,106,106,106,106,106,10,10,10,43,61,-21,69,89,-57,24,54,73,11,-13,10,110,71,-37,76,13,-86,-25,98,8,-120,-65,-114,-34,125,-41,-92,122,-93,-69,41,-28,-21,-98,-63,-107,-93,48,49,-36,4,-69,26,-67,101,-101,28,37,61,-52,18,-36,-47,6,-29
2797,1,106,106,106,106,106,10,10,10,43,61,-21,69,89,-57,24,54,73,11,-13,10,110,71,-37,76,13,-86,-25,98,8,-120,-65,-114,-34,125,-41,-92,122,-93,-69,41,-28,-21,-98,-63,-107,-93,48,49,-36,4,-69,26,-67,101,-101,28,37,61,-52,18,-36,-47,6,-29
2798,1,106,106,106,106,106,10,10,10,43,61,-21,69,89,-57,24,54,73,11,-13,10,110,71,-37,76,13,-86,-25,98,8,-120,-65,-114,-34,125,-41,-92,122,-93,-69,41,-28,-21,-98,-63,-107,-93,48,49,-36,4,-69,26,-67,101,-101,28,37,61,-52,18,-36,-47,6,-29
2799,1,97,6,6,6,6,6,-84,-84,-10,43,61,-21,69,89,-57,24,54,73,11,-13,10,110,71,-37,76,13,-86,-25,98,8,-120,-65,86,92,-117,25,-111,-8,126,27,71,-39,-120,80,62,-123,-93,123,-108,-117,-99,56,-64,53,70,117,-67,110,102,80,-123,-8,-71,-102
2800,1,97,6,6,6,6,6,-84,-84,-10,43,61,-21,69,89,-57,24,54,73,11,-13,10,110,71,-37,76,13,-86,-25,98,8,-120,-65,86,92,-117,25,-111,-8,126,27,71,-39,-120,80,62,-123,-93,123,-108,-117,-99,56,-64,53,70,117,-67,110,102,80,-123,-8,-71,-102
2801,1,97,6,6,6,6,6,-84,-84,-10,43,61,-21,69,89,-57,24,54,73,11,-13,10,110,71,-37,76,13,-86,-25,98,8,-120,-65,86,92,-117,25,-111,-8,126,27,71,-39,-120,80,62,-123,-93,123,-108,-117,-99,56,-64,53,70,117,-67,110,102,80,-123,-8,-71,-102
2802,1,53,53,-46,-46,-46,-46,-46,46,-73,-10,43,61,-21,69,89,-57,24,54,73,11,-13,10,110,71,-37,76,13,-86,-25,98,8,-120,-109,7,-84,-48,76,108,118,79,-2,-34,-56,-23,41,39,97,84,115,-76,62,-105,-26,29,-4,97,85,52,-60,101,-67,-30,-23,2
2803,1,53,53,-46,-46,-46,-46,-46,46,-73,-10,43,61,-21,69,89,-57,24,54,73,11,-13,10,110,71,-37,76,13,-86,-25,98,8,-120,-109,7,-84,-48,76,108,118,79,-2,-34,-56,-23,41,39,97,84,115,-76,62,-105,-26,29,-4,97,85,52,-60,101,-67,-30,-23,2
2804,1,53,53,-46,-46,-46,-46,-46,46,-73,-10,43,61,-21,69,89,-57,24,54,73,11,-13,10,110,71,-37,76,13,-86,-25,98,8,-120,-109,7,-84,-48,76,108,118,79,-2,-34,-56,-23,41,39,97,84,115,-76,62,-105,-26,29,-4,97,85,52,-60,101,-67,-30,-23,2
2805,1,-9,-9,-9,13,13,13,13,13,-81,-73,-10,43,61,-21,69,89,-57,24,54,73,11,-13,10,110,71,-37,76,13,-86,-25,98,8,-1,-80,106,68,68,88,87,-66,-9,65,47,92,8,-119,52,26,-31,41,77,-5,-78,-26,74,8,20,-24,84,117,-105,115,109,-85
2806,1,-9,-9,-9,13,13,13,13,13,-81,-73,-10,43,61,-21,69,89,-57,24,54,73,11,-13,10,110,71,-37,76,13,-86,-25,98,8,-1,-80,106,68,68,88,87,-66,-9,65,47,92,8,-119,52,26,-31,41,77,-5,-78,-26,74,8,20,-24,84,117,-105,115,109,-85
2807,1,-9,-9,-9,13,13,13,13,13,-81,-73,-10,43,61,-21,69,89,-57,24,54,73,11,-13,10,110,71,-37,76,13,-86,-25,98,8,-1,-80,106,68,68,88,87,-66,-9,65,47,92,8,-119,52,26,-31,41,77,-5,-78,-26,74,8,20,-24,84,117,-105,115,109,-85
2808,1,112,112,112,112,-29,-29,-29,-29,112,-81,-73,-10,43,61,-21,69,89,-57,24,54,73,11,-13,10,110,71,-37,76,13,-86,-25,98,-38,-54,-106,27,-63,-78,-90,-62,55,44,3,-101,81,-25,-53,-42,23,-84,1,-20,-110,-77,95,-61,-94,-111,-111,124,105,-76,91,-26
2809,1,112,112,112,112,-29,-29,-29,-29,112,-81,-73,-10,43,61,-21,69,89,-57,24,54,73,11,-13,10,110,71,-37,76,13,-86,-25,98,-38,-54,-106,27,-63,-78,-90,-62,55,44,3,-101,81,-25,-53,-42,23,-84,1,-20,-110,-77,95,-61,-94,-111,-111,124,105,-76,91,-26
2810,1,112,112,112,112,-29,-29,-29,-29,112,-81,-73,-10,43,61,-21,69,89,-57,24,54,73,11,-13,10,110,71,-37,76,13,-86,-25,98,-38,-54,-106,27,-63,-78,-90,-62,55,44,3,-101,81,-25,-53,-42,23,-84,1,-20,-110,-77,95,-61,-94,-111,-111,124,105,-76,91,-26
2811,1,12,12,12,12,12,-105,-105,-105,93,112,-81,-73,-10,43,61,-21,69,89,-57,24,54,73,11,-13,10,110,71,-37,76,13,-86,-25,-17,55,-45,-8,-53,116,92,-34,-66,104,-101,-78,50,-27,56,-121,-125,21,20,-78,-63,-92,-45,2,-68,119,127,-42,-51,-57,69,-125
2812,1,12,12,12,12,12,-105,-105,-105,93,112,-81,-73,-10,43,61,-21,69,89,-57,24,54,73,11,-13,10,110,71,-37,76,13,-86,-25,-17,55,-45,-8,-53,116,92,-34,-66,104,-101,-78,50,-27,56,-121,-125,21,20,-78,-63,-92,-45,2,-68,119,127,-42,-51,-57,69,-125
2813,1,12,12,12,12,12,-105,-105,-105,93,112,-81,-73,-10,43,61,-21,69,89,-57,24,54,73,11,-13,10,110,71,-37,76,13,-86,-25,-17,55,-45,-8,-53,116,92,-34,-66,104,-101,-78,50,-27,56,-121,-125,21,20,-78,-63,-92,-45,2,-68,119,127,-42,-51,-57,69,-125
2814,1,0,22,22,22,22,22,18,18,-40,93,112,-81,-73,-10,43,61,-21,69,89,-57,24,54,73,11,-13,10,110,71,-37,76,13,-86,0,-17,-10,-119,17,114,-44,40,30,-78,-56,11,-91,-80,111,34,-50,-102,35,-40,47,22,-1,17,83,82,-80,-119,-5,-55,-38,-64
2815,1,0,22,22,22,22,22,18,18,-40,93,112,-81,-73,-10,43,61,-21,69,89,-57,24,54,73,11,-13,10,110,71,-37,76,13,-86,0,-17,-10,-119,17,114,-44,40,30,-78,-56,11,-91,-80,111,34,-50,-102,35,-40,47,22,-1,17,83,82,-80,-119,-5,-55,-38,-64
2816,1,0,22,22,22,22,22,18,18,-40,93,112,-81,-73,-10,43,61,-21,69,89,-57,24,54,73,11,-13,10,110,71,-37,76,13,-86,0,-17,-10,-119,17,114,-44,40,30,-78,-56,11,-91,-80,111,34,-50,-102,35,-40,47,22,-1,17,83,82,-80,-119,-5,-55,-38,-64
2817,1,0,0,-42,-42,-42,-42,-42,78,94,-40,93,112,-81,-73,-10,43,61,-21,69,89,-57,24,54,73,11,-13,10,110,71,-37,76,13,0,0,-17,70,37,45,-107,-67,12,-88,-18,27,33,-69,-53,-32,-107,-117,-49,15,-72,51,92,-14,-53,56,105,-124,-11,95,-5,-112
2818,1,0,0,-42,-42,-42,-42,-42,78,94,-40,93,112,-81,-73,-10,43,61,-21,69,89,-57,24,54,73,11,-13,10,110,71,-37,76,13,0,0,-17,70,37,45,-107,-67,12,-88,-18,27,33,-69,-53,-32,-107,-117,-49,15,-72,51,92,-14,-53,56,105,-124,-11,95,-5,-112
2819,1,0,0,-42,-42,-42,-42,-42,78,94,-40,93,112,-81,-73,-10,43,61,-21,69,89,-57,24,54,73,11,-13,10,110,71,-37,76,13,0,0,-17,70,37,45,-107,-67,12,-88,-18,27,33,-69,-53,-32,-107,-117,-49,15,-72,51,92,-14,-53,56,105,-124,-11,95,-5,-112
2820,1,0,0,0,105,105,105,105,105,106,94,-40,93,112,-81,-73,-10,43,61,-21,69,89,-57,24,54,73,11,-13,10,110,71,-37,76,0,0,0,-17,30,22,-32,-21,5,29,98,-77,-1,34,80,-119,-117,-31,-12,-110,65,50,123,73,-16,-125,-92,-42,57,59,69,62
2821,1,0,0,0,105,105,105,105,105,106,94,-40,93,112,-81,-73,-10,43,61,-21,69,89,-57,24,54,73,11,-13,10,110,71,-37,76,0,0,0,-17,30,22,-32,-21,5,29,98,-77,-1,34,80,-119,-117,-31,-12,-110,65,50,123,73,-16,-125,-92,-42,57,59,69,62
2822,1,0,0,0,105,105,105,105,105,106,94,-40,93,112,-81,-73,-10,43,61,-21,69,89,-57,24,54,73,11,-13,10,110,71,-37,76,0,0,0,-17,30,22,-32,-21,5,29,98,-77,-1,34,80,-119,-117,-31,-12,-110,65,50,123,73,-16,-125,-92,-42,57,59,69,62
2823,1,0,0,0,0,-100,-100,-100,-100,97,106,94,-40,93,112,-81,-73,-10,43,61,-21,69,89,-57,24,54,73,11,-13,10,110,71,-37,0,0,0,0,-17,-89,-118,-63,81,64,14,-80,22,81,-62,-49,10,26,-32,-91,-45,65,84,-72,86,83,67,112,50,23,85,-64
2824,1,0,0,0,0,-100,-100,-100,-100,97,106,94,-40,93,112,-81,-73,-10,43,61,-21,69,89,-57,24,54,73,11,-13,10,110,71,-37,0,0,0,0,-17,-89,-118,-63,81,64,14,-80,22,81,-62,-49,10,26,-32,-91,-45,65,84,-72,86,83,67,112,50,23,85,-64
2825,1,0,0,0,0,-100,-100,-100,-100,97,106,94,-40,93,112,-81,-73,-10,43,61,-21,69,89,-57,24,54,73,11,-13,10,110,71,-37,0,0,0,0,-17,-89,-118,-63,81,64,14,-80,22,81,-62,-49,10,26,-32,-91,-45,65,84,-72,86,83,67,112,50,23,85,-64
2826,1,0,0,0,0,0,34,34,34,53,97,106,94,-40,93,112,-81,-73,-10,43,61,-21,69,89,-57,24,54,73,11,-13,10,110,71,0,0,0,0,0,-17,-28,105,113,-43,-66,-85,86,-121,-122,-22,27,-88,8,-120,118,6,35,96,83,-36,25,100,-101,-93,87,-40
2827,1,0,0,0,0,0,34,34,34,53,97,106,94,-40,93,112,-81,-73,-10,43,61,-21,69,89,-57,24,54,73,11,-13,10,110,71,0,0,0,0,0,-17,-28,105,113,-43,-66,-85,86,-121,-122,-22,27,-88,8,-120,118,6,35,96,83,-36,25,100,-101,-93,87,-40
2828,1,0,0,0,0,0,34,34,34,53,97,106,94,-40,93,112,-81,-73,-10,43,61,-21,69,89,-57,24,54,73,11,-13,10,110,71,0,0,0,0,0,-17,-28,105,113,-43,-66,-85,86,-121,-122,-22,27,-88,8,-120,118,6,35,96,83,-36,25,100,-101,-93,87,-40
2829,1,0,0,0,0,0,0,-46,-46,-9,53,97,106,94,-40,93,112,-81,-73,-10,43,61,-21,69,89,-57,24,54,73,11,-13,10,110,0,0,0,0,0,0,-17,27,94,14,-48,122,-1,-62,20,-90,-69,78,71,58,50,-77,116,10,27,-27,-73,39,123,-16,-127,-28
2830,1,0,0,0,0,0,0,-46,-46,-9,53,97,106,94,-40,93,112,-81,-73,-10,43,61,-21,69,89,-57,24,54,73,11,-13,10,110,0,0,0,0,0,0,-17,27,94,14,-48,122,-1,-62,20,-90,-69,78,71,58,50,-77,116,10,27,-27,-73,39,123,-16,-127,-28
2831,1,0,0,0,0,0,0,-46,-46,-9,53,97,106,94,-40,93,112,-81,-73,-10,43,61,-21,69,89,-57,24,54,73,11,-13,10,110,0,0,0,0,0,0,-17,27,94,14,-48,122,-1,-62,20,-90,-69,78,71,58,50,-77,116,10,27,-27,-73,39,123,-16,-127,-28
2832,1,0,0,0,0,0,0,0,49,112,-9,53,97,106,94,-40,93,112,-81,-73,-10,43,61,-21,69,89,-57,24,54,73,11,-13,10,0,0,0,0,0,0,0,-17,-41,-95,-72,83,12,34,39,105,-126,-103,-56,82,7,-120,-122,99,11,40,-73,-11,-80,55,-100,51
2833,1,0,0,0,0,0,0,0,49,112,-9,53,97,106,94,-40,93,112,-81,-73,-10,43,61,-21,69,89,-57,24,54,73,11,-13,10,0,0,0,0,0,0,0,-17,-41,-95,-72,83,12,34,39,105,-126,-103,-56,82,7,-120,-122,99,11,40,-73,-11,-80,55,-100,51
2834,1,0,0,0,0,0,0,0,49,112,-9,53,97,106,94,-40,93,112,-81,-73,-10,43,61,-21,69,89,-57,24,54,73,11,-13,10,0,0,0,0,0,0,0,-17,-41,-95,-72,83,12,34,39,105,-126,-103,-56,82,7,-120,-122,99,11,40,-73,-11,-80,55,-100,51
2835,1,0,0,0,0,0,0,0,0,12,112,-9,53,97,106,94,-40,93,112,-81,-73,-10,43,61,-21,69,89,-57,24,54,73,11,-13,0,0,0,0,0,0,0,0,-17,-69,-74,71,-89,-8,96,-42,91,26,-119,23,98,-54,-86,-19,-20,-98,-12,-88,-23,24,-1,38
2836,1,0,0,0,0,0,0,0,0,12,112,-9,53,97,106,94,-40,93,112,-81,-73,-10,43,61,-21,69,89,-57,24,54,73,11,-13,0,0,0,0,0,0,0,0,-17,-69,-74,71,-89,-8,96,-42,91,26,-119,23,98,-54,-86,-19,-20,-98,-12,-88,-23,24,-1,38
2837,1,0,0,0,0,0,0,0,0,12,112,-9,53,97,106,94,-40,93,112,-81,-73,-10,43,61,-21,69,89,-57,24,54,73,11,-13,0,0,0,0,0,0,0,0,-17,-69,-74,71,-89,-8,96,-42,91,26,-119,23,98,-54,-86,-19,-20,-98,-12,-88,-23,24,-1,38
2838,1,0,0,0,0,0,0,0,0,0,12,112,-9,53,97,106,94,-40,93,112,-81,-73,-10,43,61,-21,69,89,-57,24,54,73,11,0,0,0,0,0,0,0,0,0,-17,-89,-48,75,78,-15,2,20,-78,126,52,117,-70,47,30,118,89,-40,41,-66,-110,123,119
2839,1,0,0,0,0,0,0,0,0,0,12,112,-9,53,97,106,94,-40,93,112,-81,-73,-10,43,61,-21,69,89,-57,24,54,73,11,0,0,0,0,0,0,0,0,0,-17,-89,-48,75,78,-15,2,20,-78,126,52,117,-70,47,30,118,89,-40,41,-66,-110,123,119
2840,1,0,0,0,0,0,0,0,0,0,12,112,-9,53,97,106,94,-40,93,112,-81,-73,-10,43,61,-21,69,89,-57,24,54,73,11,0,0,0,0,0,0,0,0,0,-17,-89,-48,75,78,-15,2,20,-78,126,52,117,-70,47,30,118,89,-40,41,-66,-110,123,119
2841,1,0,0,0,0,0,0,0,0,0,0,12,112,-9,53,97,106,94,-40,93,112,-81,-73,-10,43,61,-21,69,89,-57,24,54,73,0,0,0,0,0,0,0,0,0,0,-17,-23,111,106,-67,70,-35,-109,59,-94,-92,-100,-96,-127,96,-33,60,-55,115,-33,-11,58
2842,1,0,0,0,0,0,0,0,0,0,0,12,112,-9,53,97,106,94,-40,93,112,-81,-73,-10,43,61,-21,69,89,-57,24,54,73,0,0,0,0,0,0,0,0,0,0,-17,-23,111,106,-67,70,-35,-109,59,-94,-92,-100,-96,-127,96,-33,60,-55,115,-33,-11,58
2843,1,0,0,0,0,0,0,0,0,0,0,12,112,-9,53,97,106,94,-40,93,112,-81,-73,-10,43,61,-21,69,89,-57,24,54,73,0,0,0,0,0,0,0,0,0,0,-17,-23,111,106,-67,70,-35,-109,59,-94,-92,-100,-96,-127,96,-33,60,-55,115,-33,-11,58
2844,1,0,0,0,0,0,0,0,0,0,0,0,12,112,-9,53,97,106,94,-40,93,112,-81,-73,-10,43,61,-21,69,89,-57,24,54,0,0,0,0,0,0,0,0,0,0,0,-17,-120,-5,74,22,27,23,106,45,-1,81,-6,-2,-114,125,70,109,81,113,-42,66
2845,1,0,0,0,0,0,0,0,0,0,0,0,12,112,-9,53,97,106,94,-40,93,112,-81,-73,-10,43,61,-21,69,89,-57,24,54,0,0,0,0,0,0,0,0,0,0,0,-17,-120,-5,74,22,27,23,106,45,-1,81,-6,-2,-114,125,70,109,81,113,-42,66
2846,1,0,0,0,0,0,0,0,0,0,0,0,12,112,-9,53,97,106,94,-40,93,112,-81,-73,-10,43,61,-21,69,89,-57,24,54,0,0,0,0,0,0,0,0,0,0,0,-17,-120,-5,74,22,27,23,106,45,-1,81,-6,-2,-114,125,70,109,81,113,-42,66
2847,1,0,0,0,0,0,0,0,0,0,0,0,0,12,112,-9,53,97,106,94,-40,93,112,-81,-73,-10,43,61,-21,69,89,-57,24,0,0,0,0,0,0,0,0,0,0,0,0,-17,-48,-32,-110,-118,37,99,-40,-47,72,115,3,30,-85,-31,26,4,-29,-46,110
2848,1,0,0,0,0,0,0,0,0,0,0,0,0,12,112,-9,53,97,106,94,-40,93,112,-81,-73,-10,43,61,-21,69,89,-57,24,0,0,0,0,0,0,0,0,0,0,0,0,-17,-48,-32,-110,-118,37,99,-40,-47,72,115,3,30,-85,-31,26,4,-29,-46,110
2849,1,0,0,0,0,0,0,0,0,0,0,0,0,12,112,-9,53,97,106,94,-40,93,112,-81,-73,-10,43,61,-21,69,89,-57,24,0,0,0,0,0,0,0,0,0,0,0,0,-17,-48,-32,-110,-118,37,99,-40,-47,72,115,3,30,-85,-31,26,4,-29,-46,110
2850,1,0,0,0,0,0,0,0,0,0,0,0,0,0,12,112,-9,53,97,106,94,-40,93,112,-81,-73,-10,43,61,-21,69,89,-57,0,0,0,0,0,0,0,0,0,0,0,0,0,-17,-65,-34,-92,52,44,-36,-33,-68,91,84,-73,-64,-42,-73,69,55,48,-31
2851,1,0,0,0,0,0,0,0,0,0,0,0,0,0,12,112,-9,53,97,106,94,-40,93,112,-81,-73,-10,43,61,-21,69,89,-57,0,0,0,0,0,0,0,0,0,0,0,0,0,-17,-65,-34,-92,52,44,-36,-33,-68,91,84,-73,-64,-42,-73,69,55,48,-31
2852,1,0,0,0,0,0,0,0,0,0,0,0,0,0,12,112,-9,53,97,106,94,-40,93,112,-81,-73,-10,43,61,-21,69,89,-57,0,0,0,0,0,0,0,0,0,0,0,0,0,-17,-65,-34,-92,52,44,-36,-33,-68,91,84,-73,-64,-42,-73,69,55,48,-31
2853,1,0,0,0,0,0,0,0,0,0,0,0,0,0,0,12,112,-9,53,97,106,94,-40,93,112,-81,-73,-10,43,61,-21,69,89,0,0,0,0,0,0,0,0,0,0,0,0,0,0,-17,26,17,-74,99,116,-120,88,-58,-10,53,-118,3,83,-102,98,97,11
2854,1,0,0,0,0,0,0,0,0,0,0,0,0,0,0,12,112,-9,53,97,106,94,-40,93,112,-81,-73,-10,43,61,-21,69,89,0,0,0,0,0,0,0,0,0,0,0,0,0,0,-17,26,17,-74,99,116,-120,88,-58,-10,53,-118,3,83,-102,98,97,11
2855,1,0,0,0,0,0,0,0,0,0,0,0,0,0,0,12,112,-9,53,97,106,94,-40,93,112,-81,-73,-10,43,61,-21,69,89,0,0,0,0,0,0,0,0,0,0,0,0,0,0,-17,26,17,-74,99,116,-120,88,-58,-10,53,-118,3,83,-102,98,97,11
2856,1,0,0,0,0,0,0,0,0,0,0,0,0,0,0,0,12,112,-9,53,97,106,94,-40,93,112,-81,-73,-10,43,61,-21,69,0,0,0,0,0,0,0,0,0,0,0,0,0,0,0,-17,86,41,108,-64,80,24,5,-89,20,-35,-25,80,-77,126,10,-45
2857,1,0,0,0,0,0,0,0,0,0,0,0,0,0,0,0,12,112,-9,53,97,106,94,-40,93,112,-81,-73,-10,43,61,-21,69,0,0,0,0,0,0,0,0,0,0,0,0,0,0,0,-17,86,41,108,-64,80,24,5,-89,20,-35,-25,80,-77,126,10,-45
2858,1,0,0,0,0,0,0,0,0,0,0,0,0,0,0,0,12,112,-9,53,97,106,94,-40,93,112,-81,-73,-10,43,61,-21,69,0,0,0,0,0,0,0,0,0,0,0,0,0,0,0,-17,86,41,108,-64,80,24,5,-89,20,-35,-25,80,-77,126,10,-45
2859,1,0,0,0,0,0,0,0,0,0,0,0,0,0,0,0,0,12,112,-9,53,97,106,94,-40,93,112,-81,-73,-10,43,61,-21,0,0,0,0,0,0,0,0,0,0,0,0,0,0,0,0,-17,54,54,117,-125,-81,102,-105,67,104,104,-21,60,-107,-112,-88
2860,1,0,0,0,0,0,0,0,0,0,0,0,0,0,0,0,0,12,112,-9,53,97,106,94,-40,93,112,-81,-73,-10,43,61,-21,0,0,0,0,0,0,0,0,0,0,0,0,0,0,0,0,-17,54,54,117,-125,-81,102,-105,67,104,104,-21,60,-107,-112,-88
2861,1,0,0,0,0,0,0,0,0,0,0,0,0,0,0,0,0,12,112,-9,53,97,106,94,-40,93,112,-81,-73,-10,43,61,-21,0,0,0,0,0,0,0,0,0,0,0,0,0,0,0,0,-17,54,54,117,-125,-81,102,-105,67,104,104,-21,60,-107,-112,-88
2862,1,0,0,0,0,0,0,0,0,0,0,0,0,0,0,0,0,0,12,112,-9,53,97,106,94,-40,93,112,-81,-73,-10,43,61,0,0,0,0,0,0,0,0,0,0,0,0,0,0,0,0,0,-17,-45,62,-21,42,-98,-34,-16,-17,-23,-125,110,92,-24,3
2863,1,0,0,0,0,0,0,0,0,0,0,0,0,0,0,0,0,0,12,112,-9,53,97,106,94,-40,93,112,-81,-73,-10,43,61,0,0,0,0,0,0,0,0,0,0,0,0,0,0,0,0,0,-17,-45,62,-21,42,-98,-34,-16,-17,-23,-125,110,92,-24,3
2864,1,0,0,0,0,0,0,0,0,0,0,0,0,0,0,0,0,0,12,112,-9,53,97,106,94,-40,93,112,-81,-73,-10,43,61,0,0,0,0,0,0,0,0,0,0,0,0,0,0,0,0,0,-17,-45,62,-21,42,-98,-34,-16,-17,-23,-125,110,92,-24,3
2865,1,0,0,0,0,0,0,0,0,0,0,0,0,0,0,0,0,0,0,12,112,-9,53,97,106,94,-40,93,112,-81,-73,-10,43,0,0,0,0,0,0,0,0,0,0,0,0,0,0,0,0,0,0,-17,87,-120,25,83,-56,73,50,63,77,-92,121,42,63
2866,1,0,0,0,0,0,0,0,0,0,0,0,0,0,0,0,0,0,0,12,112,-9,53,97,106,94,-40,93,112,-81,-73,-10,43,0,0,0,0,0,0,0,0,0,0,0,0,0,0,0,0,0,0,-17,87,-120,25,83,-56,73,50,63,77,-92,121,42,63
2867,1,0,0,0,0,0,0,0,0,0,0,0,0,0,0,0,0,0,0,12,112,-9,53,97,106,94,-40,93,112,-81,-73,-10,43,0,0,0,0,0,0,0,0,0,0,0,0,0,0,0,0,0,0,-17,87,-120,25,83,-56,73,50,63,77,-92,121,42,63
2868,1,0,0,0,0,0,0,0,0,0,0,0,0,0,0,0,0,0,0,0,12,112,-9,53,97,106,94,-40,93,112,-81,-73,-10,0,0,0,0,0,0,0,0,0,0,0,0,0,0,0,0,0,0,0,-17,81,-51,93,-54,-73,-18,-9,-25,-55,17,-47,109
2869,1,0,0,0,0,0,0,0,0,0,0,0,0,0,0,0,0,0,0,0,12,112,-9,53,97,106,94,-40,93,112,-81,-73,-10,0,0,0,0,0,0,0,0,0,0,0,0,0,0,0,0,0,0,0,-17,81,-51,93,-54,-73,-18,-9,-25,-55,17,-47,109
2870,1,0,0,0,0,0,0,0,0,0,0,0,0,0,0,0,0,0,0,0,12,112,-9,53,97,106,94,-40,93,112,-81,-73,-10,0,0,0,0,0,0,0,0,0,0,0,0,0,0,0,0,0,0,0,-17,81,-51,93,-54,-73,-18,-9,-25,-55,17,-47,109
2871,1,0,0,0,0,0,0,0,0,0,0,0,0,0,0,0,0,0,0,0,0,12,112,-9,53,97,106,94,-40,93,112,-81,-73,0,0,0,0,0,0,0,0,0,0,0,0,0,0,0,0,0,0,0,0,-17,87,-17,99,112,-48,-63,-125,-13,33,-42,52
2872,1,0,0,0,0,0,0,0,0,0,0,0,0,0,0,0,0,0,0,0,0,12,112,-9,53,97,106,94,-40,93,112,-81,-73,0,0,0,0,0,0,0,0,0,0,0,0,0,0,0,0,0,0,0,0,-17,87,-17,99,112,-48,-63,-125,-13,33,-42,52
2873,1,0,0,0,0,0,0,0,0,0,0,0,0,0,0,0,0,0,0,0,0,12,112,-9,53,97,106,94,-40,93,112,-81,-73,0,0,0,0,0,0,0,0,0,0,0,0,0,0,0,0,0,0,0,0,-17,87,-17,99,112,-48,-63,-125,-13,33,-42,52
2874,1,0,0,0,0,0,0,0,0,0,0,0,0,0,0,0,0,0,0,0,0,0,12,112,-9,53,97,106,94,-40,93,112,-81,0,0,0,0,0,0,0,0,0,0,0,0,0,0,0,0,0,0,0,0,0,-17,-76,32,-12,-63,-27,60,114,24,59,15
2875,1,0,0,0,0,0,0,0,0,0,0,0,0,0,0,0,0,0,0,0,0,0,12,112,-9,53,97,106,94,-40,93,112,-81,0,0,0,0,0,0,0,0,0,0,0,0,0,0,0,0,0,0,0,0,0,-17,-76,32,-12,-63,-27,60,114,24,59,15
2876,1,0,0,0,0,0,0,0,0,0,0,0,0,0,0,0,0,0,0,0,0,0,12,112,-9,53,97,106,94,-40,93,112,-81,0,0,0,0,0,0,0,0,0,0,0,0,0,0,0,0,0,0,0,0,0,-17,-76,32,-12,-63,-27,60,114,24,59,15
2877,1,0,0,0,0,0,0,0,0,0,0,0,0,0,0,0,0,0,0,0,0,0,0,12,112,-9,53,97,106,94,-40,93,112,0,0,0,0,0,0,0,0,0,0,0,0,0,0,0,0,0,0,0,0,0,0,-17,74,22,3,-52,7,104,1,122,56
2878,1,0,0,0,0,0,0,0,0,0,0,0,0,0,0,0,0,0,0,0,0,0,0,12,112,-9,53,97,106,94,-40,93,112,0,0,0,0,0,0,0,0,0,0,0,0,0,0,0,0,0,0,0,0,0,0,-17,74,22,3,-52,7,104,1,122,56
2879,1,0,0,0,0,0,0,0,0,0,0,0,0,0,0,0,0,0,0,0,0,0,0,12,112,-9,53,97,106,94,-40,93,112,0,0,0,0,0,0,0,0,0,0,0,0,0,0,0,0,0,0,0,0,0,0,-17,74,22,3,-52,7,104,1,122,56
2880,1,0,0,0,0,0,0,0,0,0,0,0,0,0,0,0,0,0,0,0,0,0,0,0,12,112,-9,53,97,106,94,-40,93,0,0,0,0,0,0,0,0,0,0,0,0,0,0,0,0,0,0,0,0,0,0,0,-17,120,-47,-67,94,117,-21,33,-118
2881,1,0,0,0,0,0,0,0,0,0,0,0,0,0,0,0,0,0,0,0,0,0,0,0,12,112,-9,53,97,106,94,-40,93,0,0,0,0,0,0,0,0,0,0,0,0,0,0,0,0,0,0,0,0,0,0,0,-17,120,-47,-67,94,117,-21,33,-118
2882,1,0,0,0,0,0,0,0,0,0,0,0,0,0,0,0,0,0,0,0,0,0,0,0,12,112,-9,53,97,106,94,-40,93,0,0,0,0,0,0,0,0,0,0,0,0,0,0,0,0,0,0,0,0,0,0,0,-17,120,-47,-67,94,117,-21,33,-118
2883,1,0,0,0,0,0,0,0,0,0,0,0,0,0,0,0,0,0,0,0,0,0,0,0,0,12,112,-9,53,97,106,94,-40,0,0,0,0,0,0,0,0,0,0,0,0,0,0,0,0,0,0,0,0,0,0,0,0,-17,-82,-113,97,-57,12,58,-74
2884,1,0,0,0,0,0,0,0,0,0,0,0,0,0,0,0,0,0,0,0,0,0,0,0,0,12,112,-9,53,97,106,94,-40,0,0,0,0,0,0,0,0,0,0,0,0,0,0,0,0,0,0,0,0,0,0,0,0,-17,-82,-113,97,-57,12,58,-74
2885,1,0,0,0,0,0,0,0,0,0,0,0,0,0,0,0,0,0,0,0,0,0,0,0,0,12,112,-9,53,97,106,94,-40,0,0,0,0,0,0,0,0,0,0,0,0,0,0,0,0,0,0,0,0,0,0,0,0,-17,-82,-113,97,-57,12,58,-74
2886,1,0,0,0,0,0,0,0,0,0,0,0,0,0,0,0,0,0,0,0,0,0,0,0,0,0,12,112,-9,53,97,106,94,0,0,0,0,0,0,0,0,0,0,0,0,0,0,0,0,0,0,0,0,0,0,0,0,0,-17,-119,99,-45,8,-23,-109
2887,1,0,0,0,0,0,0,0,0,0,0,0,0,0,0,0,0,0,0,0,0,0,0,0,0,0,12,112,-9,53,97,106,94,0,0,0,0,0,0,0,0,0,0,0,0,0,0,0,0,0,0,0,0,0,0,0,0,0,-17,-119,99,-45,8,-23,-109
2888,1,0,0,0,0,0,0,0,0,0,0,0,0,0,0,0,0,0,0,0,0,0,0,0,0,0,12,112,-9,53,97,106,94,0,0,0,0,0,0,0,0,0,0,0,0,0,0,0,0,0,0,0,0,0,0,0,0,0,-17,-119,99,-45,8,-23,-109
2889,1,0,0,0,0,0,0,0,0,0,0,0,0,0,0,0,0,0,0,0,0,0,0,0,0,0,0,12,112,-9,53,97,106,0,0,0,0,0,0,0,0,0,0,0,0,0,0,0,0,0,0,0,0,0,0,0,0,0,0,-17,3,-15,83,-118,14
2890,1,0,0,0,0,0,0,0,0,0,0,0,0,0,0,0,0,0,0,0,0,0,0,0,0,0,0,12,112,-9,53,97,106,0,0,0,0,0,0,0,0,0,0,0,0,0,0,0,0,0,0,0,0,0,0,0,0,0,0,-17,3,-15,83,-118,14
2891,1,0,0,0,0,0,0,0,0,0,0,0,0,0,0,0,0,0,0,0,0,0,0,0,0,0,0,12,112,-9,53,97,106,0,0,0,0,0,0,0,0,0,0,0,0,0,0,0,0,0,0,0,0,0,0,0,0,0,0,-17,3,-15,83,-118,14
2892,1,0,0,0,0,0,0,0,0,0,0,0,0,0,0,0,0,0,0,0,0,0,0,0,0,0,0,0,12,112,-9,53,97,0,0,0,0,0,0,0,0,0,0,0,0,0,0,0,0,0,0,0,0,0,0,0,0,0,0,0,-17,33,86,-106,94
2893,1,0,0,0,0,0,0,0,0,0,0,0,0,0,0,0,0,0,0,0,0,0,0,0,0,0,0,0,12,112,-9,53,97,0,0,0,0,0,0,0,0,0,0,0,0,0,0,0,0,0,0,0,0,0,0,0,0,0,0,0,-17,33,86,-106,94
2894,1,0,0,0,0,0,0,0,0,0,0,0,0,0,0,0,0,0,0,0,0,0,0,0,0,0,0,0,12,112,-9,53,97,0,0,0,0,0,0,0,0,0,0,0,0,0,0,0,0,0,0,0,0,0,0,0,0,0,0,0,-17,33,86,-106,94
2895,1,0,0,0,0,0,0,0,0,0,0,0,0,0,0,0,0,0,0,0,0,0,0,0,0,0,0,0,0,12,112,-9,53,0,0,0,0,0,0,0,0,0,0,0,0,0,0,0,0,0,0,0,0,0,0,0,0,0,0,0,0,-17,64,24,-41
2896,1,0,0,0,0,0,0,0,0,0,0,0,0,0,0,0,0,0,0,0,0,0,0,0,0,0,0,0,0,12,112,-9,53,0,0,0,0,0,0,0,0,0,0,0,0,0,0,0,0,0,0,0,0,0,0,0,0,0,0,0,0,-17,64,24,-41
2897,1,0,0,0,0,0,0,0,0,0,0,0,0,0,0,0,0,0,0,0,0,0,0,0,0,0,0,0,0,12,112,-9,53,0,0,0,0,0,0,0,0,0,0,0,0,0,0,0,0,0,0,0,0,0,0,0,0,0,0,0,0,-17,64,24,-41
2898,1,0,0,0,0,0,0,0,0,0,0,0,0,0,0,0,0,0,0,0,0,0,0,0,0,0,0,0,0,0,12,112,-9,0,0,0,0,0,0,0,0,0,0,0,0,0,0,0,0,0,0,0,0,0,0,0,0,0,0,0,0,0,-17,64,39
2899,1,0,0,0,0,0,0,0,0,0,0,0,0,0,0,0,0,0,0,0,0,0,0,0,0,0,0,0,0,0,12,112,-9,0,0,0,0,0,0,0,0,0,0,0,0,0,0,0,0,0,0,0,0,0,0,0,0,0,0,0,0,0,-17,64,39
2900,1,0,0,0,0,0,0,0,0,0,0,0,0,0,0,0,0,0,0,0,0,0,0,0,0,0,0,0,0,0,12,112,-9,0,0,0,0,0,0,0,0,0,0,0,0,0,0,0,0,0,0,0,0,0,0,0,0,0,0,0,0,0,-17,64,39
2901,1,0,0,0,0,0,0,0,0,0,0,0,0,0,0,0,0,0,0,0,0,0,0,0,0,0,0,0,0,0,0,12,112,0,0,0,0,0,0,0,0,0,0,0,0,0,0,0,0,0,0,0,0,0,0,0,0,0,0,0,0,0,0,-17,8
2902,1,0,0,0,0,0,0,0,0,0,0,0,0,0,0,0,0,0,0,0,0,0,0,0,0,0,0,0,0,0,0,12,112,0,0,0,0,0,0,0,0,0,0,0,0,0,0,0,0,0,0,0,0,0,0,0,0,0,0,0,0,0,0,-17,8
2903,1,0,0,0,0,0,0,0,0,0,0,0,0,0,0,0,0,0,0,0,0,0,0,0,0,0,0,0,0,0,0,12,112,0,0,0,0,0,0,0,0,0,0,0,0,0,0,0,0,0,0,0,0,0,0,0,0,0,0,0,0,0,0,-17,8
2904,1,0,0,0,0,0,0,0,0,0,0,0,0,0,0,0,0,0,0,0,0,0,0,0,0,0,0,0,0,0,0,0,12,0,0,0,0,0,0,0,0,0,0,0,0,0,0,0,0,0,0,0,0,0,0,0,0,0,0,0,0,0,0,0,-17
2905,1,0,0,0,0,0,0,0,0,0,0,0,0,0,0,0,0,0,0,0,0,0,0,0,0,0,0,0,0,0,0,0,12,0,0,0,0,0,0,0,0,0,0,0,0,0,0,0,0,0,0,0,0,0,0,0,0,0,0,0,0,0,0,0,-17
2906,1,0,0,0,0,0,0,0,0,0,0,0,0,0,0,0,0,0,0,0,0,0,0,0,0,0,0,0,0,0,0,0,12,0,0,0,0,0,0,0,0,0,0,0,0,0,0,0,0,0,0,0,0,0,0,0,0,0,0,0,0,0,0,0,-17
2907,1,0,0,0,0,0,0,0,0,0,0,0,0,0,0,0,0,0,0,0,0,0,0,0,0,0,0,0,0,0,0,0,0,0,0,0,0,0,0,0,0,0,0,0,0,0,0,0,0,0,0,0,0,0,0,0,0,0,0,0,0,0,0,0,0
2908,1,0,0,0,0,0,0,0,0,0,0,0,0,0,0,0,0,0,0,0,0,0,0,0,0,0,0,0,0,0,0,0,0,0,0,0,0,0,0,0,0,0,0,0,0,0,0,0,0,0,0,0,0,0,0,0,0,0,0,0,0,0,0,0,0
2909,1,0,0,0,0,0,0,0,0,0,0,0,0,0,0,0,0,0,0,0,0,0,0,0,0,0,0,0,0,0,0,0,0,0,0,0,0,0,0,0,0,0,0,0,0,0,0,0,0,0,0,0,0,0,0,0,0,0,0,0,0,0,0,0,0
2910,1,0,0,0,0,0,0,0,0,0,0,0,0,0,0,0,0,0,0,0,0,0,0,0,0,0,0,0,0,0,0,0,0,0,0,0,0,0,0,0,0,0,0,0,0,0,0,0,0,0,0,0,0,0,0,0,0,0,0,0,0,0,0,0,0
2911,1,0,0,0,0,0,0,0,0,0,0,0,0,0,0,0,0,0,0,0,0,0,0,0,0,0,0,0,0,0,0,0,0,0,0,0,0,0,0,0,0,0,0,0,0,0,0,0,0,0,0,0,0,0,0,0,0,0,0,0,0,0,0,0,0
2912,1,0,0,0,0,0,0,0,0,0,0,0,0,0,0,0,0,0,0,0,0,0,0,0,0,0,0,0,0,0,0,0,0,0,0,0,0,0,0,0,0,0,0,0,0,0,0,0,0,0,0,0,0,0,0,0,0,0,0,0,0,0,0,0,0
2913,1,0,0,0,0,0,0,0,0,0,0,0,0,0,0,0,0,0,0,0,0,0,0,0,0,0,0,0,0,0,0,0,0,0,0,0,0,0,0,0,0,0,0,0,0,0,0,0,0,0,0,0,0,0,0,0,0,0,0,0,0,0,0,0,0
2914,1,0,0,0,0,0,0,0,0,0,0,0,0,0,0,0,0,0,0,0,0,0,0,0,0,0,0,0,0,0,0,0,0,0,0,0,0,0,0,0,0,0,0,0,0,0,0,0,0,0,0,0,0,0,0,0,0,0,0,0,0,0,0,0,0
2915,1,0,0,0,0,0,0,0,0,0,0,0,0,0,0,0,0,0,0,0,0,0,0,0,0,0,0,0,0,0,0,0,0,0,0,0,0,0,0,0,0,0,0,0,0,0,0,0,0,0,0,0,0,0,0,0,0,0,0,0,0,0,0,0,0
2916,1,0,0,0,0,0,0,0,0,0,0,0,0,0,0,0,0,0,0,0,0,0,0,0,0,0,0,0,0,0,0,0,0,0,0,0,0,0,0,0,0,0,0,0,0,0,0,0,0,0,0,0,0,0,0,0,0,0,0,0,0,0,0,0,0
2917,1,0,0,0,0,0,0,0,0,0,0,0,0,0,0,0,0,0,0,0,0,0,0,0,0,0,0,0,0,0,0,0,0,0,0,0,0,0,0,0,0,0,0,0,0,0,0,0,0,0,0,0,0,0,0,0,0,0,0,0,0,0,0,0,0
2918,1,0,0,0,0,0,0,0,0,0,0,0,0,0,0,0,0,0,0,0,0,0,0,0,0,0,0,0,0,0,0,0,0,0,0,0,0,0,0,0,0,0,0,0,0,0,0,0,0,0,0,0,0,0,0,0,0,0,0,0,0,0,0,0,0
2919,1,0,0,0,0,0,0,0,0,0,0,0,0,0,0,0,0,0,0,0,0,0,0,0,0,0,0,0,0,0,0,0,0,0,0,0,0,0,0,0,0,0,0,0,0,0,0,0,0,0,0,0,0,0,0,0,0,0,0,0,0,0,0,0,0
2920,1,0,0,0,0,0,0,0,0,0,0,0,0,0,0,0,0,0,0,0,0,0,0,0,0,0,0,0,0,0,0,0,0,0,0,0,0,0,0,0,0,0,0,0,0,0,0,0,0,0,0,0,0,0,0,0,0,0,0,0,0,0,0,0,0
2921,1,0,0,0,0,0,0,0,0,0,0,0,0,0,0,0,0,0,0,0,0,0,0,0,0,0,0,0,0,0,0,0,0,0,0,0,0,0,0,0,0,0,0,0,0,0,0,0,0,0,0,0,0,0,0,0,0,0,0,0,0,0,0,0,0
2922,1,0,0,0,0,0,0,0,0,0,0,0,0,0,0,0,0,0,0,0,0,0,0,0,0,0,0,0,0,0,0,0,0,0,0,0,0,0,0,0,0,0,0,0,0,0,0,0,0,0,0,0,0,0,0,0,0,0,0,0,0,0,0,0,0
2923,1,0,0,0,0,0,0,0,0,0,0,0,0,0,0,0,0,0,0,0,0,0,0,0,0,0,0,0,0,0,0,0,0,0,0,0,0,0,0,0,0,0,0,0,0,0,0,0,0,0,0,0,0,0,0,0,0,0,0,0,0,0,0,0,0
2924,1,0,0,0,0,0,0,0,0,0,0,0,0,0,0,0,0,0,0,0,0,0,0,0,0,0,0,0,0,0,0,0,0,0,0,0,0,0,0,0,0,0,0,0,0,0,0,0,0,0,0,0,0,0,0,0,0,0,0,0,0,0,0,0,0
2925,1,0,0,0,0,0,0,0,0,0,0,0,0,0,0,0,0,0,0,0,0,0,0,0,0,0,0,0,0,0,0,0,0,0,0,0,0,0,0,0,0,0,0,0,0,0,0,0,0,0,0,0,0,0,0,0,0,0,0,0,0,0,0,0,0
2926,1,0,0,0,0,0,0,0,0,0,0,0,0,0,0,0,0,0,0,0,0,0,0,0,0,0,0,0,0,0,0,0,0,0,0,0,0,0,0,0,0,0,0,0,0,0,0,0,0,0,0,0,0,0,0,0,0,0,0,0,0,0,0,0,0
2927,1,0,0,0,0,0,0,0,0,0,0,0,0,0,0,0,0,0,0,0,0,0,0,0,0,0,0,0,0,0,0,0,0,0,0,0,0,0,0,0,0,0,0,0,0,0,0,0,0,0,0,0,0,0,0,0,0,0,0,0,0,0,0,0,0
2928,1,0,0,0,0,0,0,0,0,0,0,0,0,0,0,0,0,0,0,0,0,0,0,0,0,0,0,0,0,0,0,0,0,0,0,0,0,0,0,0,0,0,0,0,0,0,0,0,0,0,0,0,0,0,0,0,0,0,0,0,0,0,0,0,0
2929,1,0,0,0,0,0,0,0,0,0,0,0,0,0,0,0,0,0,0,0,0,0,0,0,0,0,0,0,0,0,0,0,0,0,0,0,0,0,0,0,0,0,0,0,0,0,0,0,0,0,0,0,0,0,0,0,0,0,0,0,0,0,0,0,0
2930,1,0,0,0,0,0,0,0,0,0,0,0,0,0,0,0,0,0,0,0,0,0,0,0,0,0,0,0,0,0,0,0,0,0,0,0,0,0,0,0,0,0,0,0,0,0,0,0,0,0,0,0,0,0,0,0,0,0,0,0,0,0,0,0,0
2931,1,0,0,0,0,0,0,0,0,0,0,0,0,0,0,0,0,0,0,0,0,0,0,0,0,0,0,0,0,0,0,0,0,0,0,0,0,0,0,0,0,0,0,0,0,0,0,0,0,0,0,0,0,0,0,0,0,0,0,0,0,0,0,0,0
2932,1,0,0,0,0,0,0,0,0,0,0,0,0,0,0,0,0,0,0,0,0,0,0,0,0,0,0,0,0,0,0,0,0,0,0,0,0,0,0,0,0,0,0,0,0,0,0,0,0,0,0,0,0,0,0,0,0,0,0,0,0,0,0,0,0
2933,1,0,0,0,0,0,0,0,0,0,0,0,0,0,0,0,0,0,0,0,0,0,0,0,0,0,0,0,0,0,0,0,0,0,0,0,0,0,0,0,0,0,0,0,0,0,0,0,0,0,0,0,0,0,0,0,0,0,0,0,0,0,0,0,0
2934,1,0,0,0,0,0,0,0,0,0,0,0,0,0,0,0,0,0,0,0,0,0,0,0,0,0,0,0,0,0,0,0,0,0,0,0,0,0,0,0,0,0,0,0,0,0,0,0,0,0,0,0,0,0,0,0,0,0,0,0,0,0,0,0,0
2935,1,0,0,0,0,0,0,0,0,0,0,0,0,0,0,0,0,0,0,0,0,0,0,0,0,0,0,0,0,0,0,0,0,0,0,0,0,0,0,0,0,0,0,0,0,0,0,0,0,0,0,0,0,0,0,0,0,0,0,0,0,0,0,0,0
2936,1,0,0,0,0,0,0,0,0,0,0,0,0,0,0,0,0,0,0,0,0,0,0,0,0,0,0,0,0,0,0,0,0,0,0,0,0,0,0,0,0,0,0,0,0,0,0,0,0,0,0,0,0,0,0,0,0,0,0,0,0,0,0,0,0
2937,1,0,0,0,0,0,0,0,0,0,0,0,0,0,0,0,0,0,0,0,0,0,0,0,0,0,0,0,0,0,0,0,0,0,0,0,0,0,0,0,0,0,0,0,0,0,0,0,0,0,0,0,0,0,0,0,0,0,0,0,0,0,0,0,0
2938,1,0,0,0,0,0,0,0,0,0,0,0,0,0,0,0,0,0,0,0,0,0,0,0,0,0,0,0,0,0,0,0,0,0,0,0,0,0,0,0,0,0,0,0,0,0,0,0,0,0,0,0,0,0,0,0,0,0,0,0,0,0,0,0,0
2939,1,0,0,0,0,0,0,0,0,0,0,0,0,0,0,0,0,0,0,0,0,0,0,0,0,0,0,0,0,0,0,0,0,0,0,0,0,0,0,0,0,0,0,0,0,0,0,0,0,0,0,0,0,0,0,0,0,0,0,0,0,0,0,0,0
2940,1,0,0,0,0,0,0,0,0,0,0,0,0,0,0,0,0,0,0,0,0,0,0,0,0,0,0,0,0,0,0,0,0,0,0,0,0,0,0,0,0,0,0,0,0,0,0,0,0,0,0,0,0,0,0,0,0,0,0,0,0,0,0,0,0
2941,1,0,0,0,0,0,0,0,0,0,0,0,0,0,0,0,0,0,0,0,0,0,0,0,0,0,0,0,0,0,0,0,0,0,0,0,0,0,0,0,0,0,0,0,0,0,0,0,0,0,0,0,0,0,0,0,0,0,0,0,0,0,0,0,0
2942,1,0,0,0,0,0,0,0,0,0,0,0,0,0,0,0,0,0,0,0,0,0,0,0,0,0,0,0,0,0,0,0,0,0,0,0,0,0,0,0,0,0,0,0,0,0,0,0,0,0,0,0,0,0,0,0,0,0,0,0,0,0,0,0,0
2943,1,0,0,0,0,0,0,0,0,0,0,0,0,0,0,0,0,0,0,0,0,0,0,0,0,0,0,0,0,0,0,0,0,0,0,0,0,0,0,0,0,0,0,0,0,0,0,0,0,0,0,0,0,0,0,0,0,0,0,0,0,0,0,0,0
2944,1,0,0,0,0,0,0,0,0,0,0,0,0,0,0,0,0,0,0,0,0,0,0,0,0,0,0,0,0,0,0,0,0,0,0,0,0,0,0,0,0,0,0,0,0,0,0,0,0,0,0,0,0,0,0,0,0,0,0,0,0,0,0,0,0
2945,1,0,0,0,0,0,0,0,0,0,0,0,0,0,0,0,0,0,0,0,0,0,0,0,0,0,0,0,0,0,0,0,0,0,0,0,0,0,0,0,0,0,0,0,0,0,0,0,0,0,0,0,0,0,0,0,0,0,0,0,0,0,0,0,0
2946,1,0,0,0,0,0,0,0,0,0,0,0,0,0,0,0,0,0,0,0,0,0,0,0,0,0,0,0,0,0,0,0,0,0,0,0,0,0,0,0,0,0,0,0,0,0,0,0,0,0,0,0,0,0,0,0,0,0,0,0,0,0,0,0,0
2947,1,0,0,0,0,0,0,0,0,0,0,0,0,0,0,0,0,0,0,0,0,0,0,0,0,0,0,0,0,0,0,0,0,0,0,0,0,0,0,0,0,0,0,0,0,0,0,0,0,0,0,0,0,0,0,0,0,0,0,0,0,0,0,0,0
2948,1,0,0,0,0,0,0,0,0,0,0,0,0,0,0,0,0,0,0,0,0,0,0,0,0,0,0,0,0,0,0,0,0,0,0,0,0,0,0,0,0,0,0,0,0,0,0,0,0,0,0,0,0,0,0,0,0,0,0,0,0,0,0,0,0
2949,1,0,0,0,0,0,0,0,0,0,0,0,0,0,0,0,0,0,0,0,0,0,0,0,0,0,0,0,0,0,0,0,0,0,0,0,0,0,0,0,0,0,0,0,0,0,0,0,0,0,0,0,0,0,0,0,0,0,0,0,0,0,0,0,0
2950,1,0,0,0,0,0,0,0,0,0,0,0,0,0,0,0,0,0,0,0,0,0,0,0,0,0,0,0,0,0,0,0,0,0,0,0,0,0,0,0,0,0,0,0,0,0,0,0,0,0,0,0,0,0,0,0,0,0,0,0,0,0,0,0,0
2951,1,0,0,0,0,0,0,0,0,0,0,0,0,0,0,0,0,0,0,0,0,0,0,0,0,0,0,0,0,0,0,0,0,0,0,0,0,0,0,0,0,0,0,0,0,0,0,0,0,0,0,0,0,0,0,0,0,0,0,0,0,0,0,0,0
2952,1,0,0,0,0,0,0,0,0,0,0,0,0,0,0,0,0,0,0,0,0,0,0,0,0,0,0,0,0,0,0,0,0,0,0,0,0,0,0,0,0,0,0,0,0,0,0,0,0,0,0,0,0,0,0,0,0,0,0,0,0,0,0,0,0
2953,1,0,0,0,0,0,0,0,0,0,0,0,0,0,0,0,0,0,0,0,0,0,0,0,0,0,0,0,0,0,0,0,0,0,0,0,0,0,0,0,0,0,0,0,0,0,0,0,0,0,0,0,0,0,0,0,0,0,0,0,0,0,0,0,0
2954,1,0,0,0,0,0,0,0,0,0,0,0,0,0,0,0,0,0,0,0,0,0,0,0,0,0,0,0,0,0,0,0,0,0,0,0,0,0,0,0,0,0,0,0,0,0,0,0,0,0,0,0,0,0,0,0,0,0,0,0,0,0,0,0,0
2955,1,0,0,0,0,0,0,0,0,0,0,0,0,0,0,0,0,0,0,0,0,0,0,0,0,0,0,0,0,0,0,0,0,0,0,0,0,0,0,0,0,0,0,0,0,0,0,0,0,0,0,0,0,0,0,0,0,0,0,0,0,0,0,0,0
2956,1,0,0,0,0,0,0,0,0,0,0,0,0,0,0,0,0,0,0,0,0,0,0,0,0,0,0,0,0,0,0,0,0,0,0,0,0,0,0,0,0,0,0,0,0,0,0,0,0,0,0,0,0,0,0,0,0,0,0,0,0,0,0,0,0
2957,1,0,0,0,0,0,0,0,0,0,0,0,0,0,0,0,0,0,0,0,0,0,0,0,0,0,0,0,0,0,0,0,0,0,0,0,0,0,0,0,0,0,0,0,0,0,0,0,0,0,0,0,0,0,0,0,0,0,0,0,0,0,0,0,0
2958,1,0,0,0,0,0,0,0,0,0,0,0,0,0,0,0,0,0,0,0,0,0,0,0,0,0,0,0,0,0,0,0,0,0,0,0,0,0,0,0,0,0,0,0,0,0,0,0,0,0,0,0,0,0,0,0,0,0,0,0,0,0,0,0,0
2959,1,0,0,0,0,0,0,0,0,0,0,0,0,0,0,0,0,0,0,0,0,0,0,0,0,0,0,0,0,0,0,0,0,0,0,0,0,0,0,0,0,0,0,0,0,0,0,0,0,0,0,0,0,0,0,0,0,0,0,0,0,0,0,0,0
2960,1,0,0,0,0,0,0,0,0,0,0,0,0,0,0,0,0,0,0,0,0,0,0,0,0,0,0,0,0,0,0,0,0,0,0,0,0,0,0,0,0,0,0,0,0,0,0,0,0,0,0,0,0,0,0,0,0,0,0,0,0,0,0,0,0
2961,1,0,0,0,0,0,0,0,0,0,0,0,0,0,0,0,0,0,0,0,0,0,0,0,0,0,0,0,0,0,0,0,0,0,0,0,0,0,0,0,0,0,0,0,0,0,0,0,0,0,0,0,0,0,0,0,0,0,0,0,0,0,0,0,0
2962,1,0,0,0,0,0,0,0,0,0,0,0,0,0,0,0,0,0,0,0,0,0,0,0,0,0,0,0,0,0,0,0,0,0,0,0,0,0,0,0,0,0,0,0,0,0,0,0,0,0,0,0,0,0,0,0,0,0,0,0,0,0,0,0,0
2963,1,0,0,0,0,0,0,0,0,0,0,0,0,0,0,0,0,0,0,0,0,0,0,0,0,0,0,0,0,0,0,0,0,0,0,0,0,0,0,0,0,0,0,0,0,0,0,0,0,0,0,0,0,0,0,0,0,0,0,0,0,0,0,0,0
2964,1,0,0,0,0,0,0,0,0,0,0,0,0,0,0,0,0,0,0,0,0,0,0,0,0,0,0,0,0,0,0,0,0,0,0,0,0,0,0,0,0,0,0,0,0,0,0,0,0,0,0,0,0,0,0,0,0,0,0,0,0,0,0,0,0
2965,1,0,0,0,0,0,0,0,0,0,0,0,0,0,0,0,0,0,0,0,0,0,0,0,0,0,0,0,0,0,0,0,0,0,0,0,0,0,0,0,0,0,0,0,0,0,0,0,0,0,0,0,0,0,0,0,0,0,0,0,0,0,0,0,0
2966,1,0,0,0,0,0,0,0,0,0,0,0,0,0,0,0,0,0,0,0,0,0,0,0,0,0,0,0,0,0,0,0,0,0,0,0,0,0,0,0,0,0,0,0,0,0,0,0,0,0,0,0,0,0,0,0,0,0,0,0,0,0,0,0,0
2967,1,0,0,0,0,0,0,0,0,0,0,0,0,0,0,0,0,0,0,0,0,0,0,0,0,0,0,0,0,0,0,0,0,0,0,0,0,0,0,0,0,0,0,0,0,0,0,0,0,0,0,0,0,0,0,0,0,0,0,0,0,0,0,0,0
2968,1,0,0,0,0,0,0,0,0,0,0,0,0,0,0,0,0,0,0,0,0,0,0,0,0,0,0,0,0,0,0,0,0,0,0,0,0,0,0,0,0,0,0,0,0,0,0,0,0,0,0,0,0,0,0,0,0,0,0,0,0,0,0,0,0
2969,1,0,0,0,0,0,0,0,0,0,0,0,0,0,0,0,0,0,0,0,0,0,0,0,0,0,0,0,0,0,0,0,0,0,0,0,0,0,0,0,0,0,0,0,0,0,0,0,0,0,0,0,0,0,0,0,0,0,0,0,0,0,0,0,0
2970,1,0,0,0,0,0,0,0,0,0,0,0,0,0,0,0,0,0,0,0,0,0,0,0,0,0,0,0,0,0,0,0,0,0,0,0,0,0,0,0,0,0,0,0,0,0,0,0,0,0,0,0,0,0,0,0,0,0,0,0,0,0,0,0,0
2971,1,0,0,0,0,0,0,0,0,0,0,0,0,0,0,0,0,0,0,0,0,0,0,0,0,0,0,0,0,0,0,0,0,0,0,0,0,0,0,0,0,0,0,0,0,0,0,0,0,0,0,0,0,0,0,0,0,0,0,0,0,0,0,0,0
2972,1,0,0,0,0,0,0,0,0,0,0,0,0,0,0,0,0,0,0,0,0,0,0,0,0,0,0,0,0,0,0,0,0,0,0,0,0,0,0,0,0,0,0,0,0,0,0,0,0,0,0,0,0,0,0,0,0,0,0,0,0,0,0,0,0
2973,1,0,0,0,0,0,0,0,0,0,0,0,0,0,0,0,0,0,0,0,0,0,0,0,0,0,0,0,0,0,0,0,0,0,0,0,0,0,0,0,0,0,0,0,0,0,0,0,0,0,0,0,0,0,0,0,0,0,0,0,0,0,0,0,0
2974,1,0,0,0,0,0,0,0,0,0,0,0,0,0,0,0,0,0,0,0,0,0,0,0,0,0,0,0,0,0,0,0,0,0,0,0,0,0,0,0,0,0,0,0,0,0,0,0,0,0,0,0,0,0,0,0,0,0,0,0,0,0,0,0,0
2975,1,0,0,0,0,0,0,0,0,0,0,0,0,0,0,0,0,0,0,0,0,0,0,0,0,0,0,0,0,0,0,0,0,0,0,0,0,0,0,0,0,0,0,0,0,0,0,0,0,0,0,0,0,0,0,0,0,0,0,0,0,0,0,0,0
2976,1,0,0,0,0,0,0,0,0,0,0,0,0,0,0,0,0,0,0,0,0,0,0,0,0,0,0,0,0,0,0,0,0,0,0,0,0,0,0,0,0,0,0,0,0,0,0,0,0,0,0,0,0,0,0,0,0,0,0,0,0,0,0,0,0
2977,1,0,0,0,0,0,0,0,0,0,0,0,0,0,0,0,0,0,0,0,0,0,0,0,0,0,0,0,0,0,0,0,0,0,0,0,0,0,0,0,0,0,0,0,0,0,0,0,0,0,0,0,0,0,0,0,0,0,0,0,0,0,0,0,0
2978,1,0,0,0,0,0,0,0,0,0,0,0,0,0,0,0,0,0,0,0,0,0,0,0,0,0,0,0,0,0,0,0,0,0,0,0,0,0,0,0,0,0,0,0,0,0,0,0,0,0,0,0,0,0,0,0,0,0,0,0,0,0,0,0,0
2979,1,0,0,0,0,0,0,0,0,0,0,0,0,0,0,0,0,0,0,0,0,0,0,0,0,0,0,0,0,0,0,0,0,0,0,0,0,0,0,0,0,0,0,0,0,0,0,0,0,0,0,0,0,0,0,0,0,0,0,0,0,0,0,0,0
2980,1,0,0,0,0,0,0,0,0,0,0,0,0,0,0,0,0,0,0,0,0,0,0,0,0,0,0,0,0,0,0,0,0,0,0,0,0,0,0,0,0,0,0,0,0,0,0,0,0,0,0,0,0,0,0,0,0,0,0,0,0,0,0,0,0
2981,1,0,0,0,0,0,0,0,0,0,0,0,0,0,0,0,0,0,0,0,0,0,0,0,0,0,0,0,0,0,0,0,0,0,0,0,0,0,0,0,0,0,0,0,0,0,0,0,0,0,0,0,0,0,0,0,0,0,0,0,0,0,0,0,0
2982,1,0,0,0,0,0,0,0,0,0,0,0,0,0,0,0,0,0,0,0,0,0,0,0,0,0,0,0,0,0,0,0,0,0,0,0,0,0,0,0,0,0,0,0,0,0,0,0,0,0,0,0,0,0,0,0,0,0,0,0,0,0,0,0,0
2983,1,0,0,0,0,0,0,0,0,0,0,0,0,0,0,0,0,0,0,0,0,0,0,0,0,0,0,0,0,0,0,0,0,0,0,0,0,0,0,0,0,0,0,0,0,0,0,0,0,0,0,0,0,0,0,0,0,0,0,0,0,0,0,0,0
2984,1,0,0,0,0,0,0,0,0,0,0,0,0,0,0,0,0,0,0,0,0,0,0,0,0,0,0,0,0,0,0,0,0,0,0,0,0,0,0,0,0,0,0,0,0,0,0,0,0,0,0,0,0,0,0,0,0,0,0,0,0,0,0,0,0
2985,1,0,0,0,0,0,0,0,0,0,0,0,0,0,0,0,0,0,0,0,0,0,0,0,0,0,0,0,0,0,0,0,0,0,0,0,0,0,0,0,0,0,0,0,0,0,0,0,0,0,0,0,0,0,0,0,0,0,0,0,0,0,0,0,0
2986,1,0,0,0,0,0,0,0,0,0,0,0,0,0,0,0,0,0,0,0,0,0,0,0,0,0,0,0,0,0,0,0,0,0,0,0,0,0,0,0,0,0,0,0,0,0,0,0,0,0,0,0,0,0,0,0,0,0,0,0,0,0,0,0,0
2987,1,0,0,0,0,0,0,0,0,0,0,0,0,0,0,0,0,0,0,0,0,0,0,0,0,0,0,0,0,0,0,0,0,0,0,0,0,0,0,0,0,0,0,0,0,0,0,0,0,0,0,0,0,0,0,0,0,0,0,0,0,0,0,0,0
2988,1,0,0,0,0,0,0,0,0,0,0,0,0,0,0,0,0,0,0,0,0,0,0,0,0,0,0,0,0,0,0,0,0,0,0,0,0,0,0,0,0,0,0,0,0,0,0,0,0,0,0,0,0,0,0,0,0,0,0,0,0,0,0,0,0
2989,1,0,0,0,0,0,0,0,0,0,0,0,0,0,0,0,0,0,0,0,0,0,0,0,0,0,0,0,0,0,0,0,0,0,0,0,0,0,0,0,0,0,0,0,0,0,0,0,0,0,0,0,0,0,0,0,0,0,0,0,0,0,0,0,0
2990,1,0,0,0,0,0,0,0,0,0,0,0,0,0,0,0,0,0,0,0,0,0,0,0,0,0,0,0,0,0,0,0,0,0,0,0,0,0,0,0,0,0,0,0,0,0,0,0,0,0,0,0,0,0,0,0,0,0,0,0,0,0,0,0,0
2991,1,0,0,0,0,0,0,0,0,0,0,0,0,0,0,0,0,0,0,0,0,0,0,0,0,0,0,0,0,0,0,0,0,0,0,0,0,0,0,0,0,0,0,0,0,0,0,0,0,0,0,0,0,0,0,0,0,0,0,0,0,0,0,0,0
2992,1,0,0,0,0,0,0,0,0,0,0,0,0,0,0,0,0,0,0,0,0,0,0,0,0,0,0,0,0,0,0,0,0,0,0,0,0,0,0,0,0,0,0,0,0,0,0,0,0,0,0,0,0,0,0,0,0,0,0,0,0,0,0,0,0
2993,1,0,0,0,0,0,0,0,0,0,0,0,0,0,0,0,0,0,0,0,0,0,0,0,0,0,0,0,0,0,0,0,0,0,0,0,0,0,0,0,0,0,0,0,0,0,0,0,0,0,0,0,0,0,0,0,0,0,0,0,0,0,0,0,0
2994,1,0,0,0,0,0,0,0,0,0,0,0,0,0,0,0,0,0,0,0,0,0,0,0,0,0,0,0,0,0,0,0,0,0,0,0,0,0,0,0,0,0,0,0,0,0,0,0,0,0,0,0,0,0,0,0,0,0,0,0,0,0,0,0,0
2995,1,0,0,0,0,0,0,0,0,0,0,0,0,0,0,0,0,0,0,0,0,0,0,0,0,0,0,0,0,0,0,0,0,0,0,0,0,0,0,0,0,0,0,0,0,0,0,0,0,0,0,0,0,0,0,0,0,0,0,0,0,0,0,0,0
2996,1,0,0,0,0,0,0,0,0,0,0,0,0,0,0,0,0,0,0,0,0,0,0,0,0,0,0,0,0,0,0,0,0,0,0,0,0,0,0,0,0,0,0,0,0,0,0,0,0,0,0,0,0,0,0,0,0,0,0,0,0,0,0,0,0
2997,1,0,0,0,0,0,0,0,0,0,0,0,0,0,0,0,0,0,0,0,0,0,0,0,0,0,0,0,0,0,0,0,0,0,0,0,0,0,0,0,0,0,0,0,0,0,0,0,0,0,0,0,0,0,0,0,0,0,0,0,0,0,0,0,0
2998,1,0,0,0,0,0,0,0,0,0,0,0,0,0,0,0,0,0,0,0,0,0,0,0,0,0,0,0,0,0,0,0,0,0,0,0,0,0,0,0,0,0,0,0,0,0,0,0,0,0,0,0,0,0,0,0,0,0,0,0,0,0,0,0,0
2999,1,0,0,0,0,0,0,0,0,0,0,0,0,0,0,0,0,0,0,0,0,0,0,0,0,0,0,0,0,0,0,0,0,0,0,0,0,0,0,0,0,0,0,0,0,0,0,0,0,0,0,0,0,0,0,0,0,0,0,0,0,0,0,0,0
3000,1,0,0,0,0,0,0,0,0,0,0,0,0,0,0,0,0,0,0,0,0,0,0,0,0,0,0,0,0,0,0,0,0,0,0,0,0,0,0,0,0,0,0,0,0,0,0,0,0,0,0,0,0,0,0,0,0,0,0,0,0,0,0,0,0
3001,1,0,0,0,0,0,0,0,0,0,0,0,0,0,0,0,0,0,0,0,0,0,0,0,0,0,0,0,0,0,0,0,0,0,0,0,0,0,0,0,0,0,0,0,0,0,0,0,0,0,0,0,0,0,0,0,0,0,0,0,0,0,0,0,0
3002,1,0,0,0,0,0,0,0,0,0,0,0,0,0,0,0,0,0,0,0,0,0,0,0,0,0,0,0,0,0,0,0,0,0,0,0,0,0,0,0,0,0,0,0,0,0,0,0,0,0,0,0,0,0,0,0,0,0,0,0,0,0,0,0,0
3003,1,0,0,0,0,0,0,0,0,0,0,0,0,0,0,0,0,0,0,0,0,0,0,0,0,0,0,0,0,0,0,0,0,0,0,0,0,0,0,0,0,0,0,0,0,0,0,0,0,0,0,0,0,0,0,0,0,0,0,0,0,0,0,0,0
3004,1,0,0,0,0,0,0,0,0,0,0,0,0,0,0,0,0,0,0,0,0,0,0,0,0,0,0,0,0,0,0,0,0,0,0,0,0,0,0,0,0,0,0,0,0,0,0,0,0,0,0,0,0,0,0,0,0,0,0,0,0,0,0,0,0
3005,1,0,0,0,0,0,0,0,0,0,0,0,0,0,0,0,0,0,0,0,0,0,0,0,0,0,0,0,0,0,0,0,0,0,0,0,0,0,0,0,0,0,0,0,0,0,0,0,0,0,0,0,0,0,0,0,0,0,0,0,0,0,0,0,0
3006,1,0,0,0,0,0,0,0,0,0,0,0,0,0,0,0,0,0,0,0,0,0,0,0,0,0,0,0,0,0,0,0,0,0,0,0,0,0,0,0,0,0,0,0,0,0,0,0,0,0,0,0,0,0,0,0,0,0,0,0,0,0,0,0,0
3007,1,0,0,0,0,0,0,0,0,0,0,0,0,0,0,0,0,0,0,0,0,0,0,0,0,0,0,0,0,0,0,0,0,0,0,0,0,0,0,0,0,0,0,0,0,0,0,0,0,0,0,0,0,0,0,0,0,0,0,0,0,0,0,0,0
3008,1,0,0,0,0,0,0,0,0,0,0,0,0,0,0,0,0,0,0,0,0,0,0,0,0,0,0,0,0,0,0,0,0,0,0,0,0,0,0,0,0,0,0,0,0,0,0,0,0,0,0,0,0,0,0,0,0,0,0,0,0,0,0,0,0
3009,1,0,0,0,0,0,0,0,0,0,0,0,0,0,0,0,0,0,0,0,0,0,0,0,0,0,0,0,0,0,0,0,0,0,0,0,0,0,0,0,0,0,0,0,0,0,0,0,0,0,0,0,0,0,0,0,0,0,0,0,0,0,0,0,0
3010,1,0,0,0,0,0,0,0,0,0,0,0,0,0,0,0,0,0,0,0,0,0,0,0,0,0,0,0,0,0,0,0,0,0,0,0,0,0,0,0,0,0,0,0,0,0,0,0,0,0,0,0,0,0,0,0,0,0,0,0,0,0,0,0,0
3011,1,0,0,0,0,0,0,0,0,0,0,0,0,0,0,0,0,0,0,0,0,0,0,0,0,0,0,0,0,0,0,0,0,0,0,0,0,0,0,0,0,0,0,0,0,0,0,0,0,0,0,0,0,0,0,0,0,0,0,0,0,0,0,0,0
3012,1,0,0,0,0,0,0,0,0,0,0,0,0,0,0,0,0,0,0,0,0,0,0,0,0,0,0,0,0,0,0,0,0,0,0,0,0,0,0,0,0,0,0,0,0,0,0,0,0,0,0,0,0,0,0,0,0,0,0,0,0,0,0,0,0
3013,1,0,0,0,0,0,0,0,0,0,0,0,0,0,0,0,0,0,0,0,0,0,0,0,0,0,0,0,0,0,0,0,0,0,0,0,0,0,0,0,0,0,0,0,0,0,0,0,0,0,0,0,0,0,0,0,0,0,0,0,0,0,0,0,0
3014,1,0,0,0,0,0,0,0,0,0,0,0,0,0,0,0,0,0,0,0,0,0,0,0,0,0,0,0,0,0,0,0,0,0,0,0,0,0,0,0,0,0,0,0,0,0,0,0,0,0,0,0,0,0,0,0,0,0,0,0,0,0,0,0,0
3015,1,0,0,0,0,0,0,0,0,0,0,0,0,0,0,0,0,0,0,0,0,0,0,0,0,0,0,0,0,0,0,0,0,0,0,0,0,0,0,0,0,0,0,0,0,0,0,0,0,0,0,0,0,0,0,0,0,0,0,0,0,0,0,0,0
3016,1,0,0,0,0,0,0,0,0,0,0,0,0,0,0,0,0,0,0,0,0,0,0,0,0,0,0,0,0,0,0,0,0,0,0,0,0,0,0,0,0,0,0,0,0,0,0,0,0,0,0,0,0,0,0,0,0,0,0,0,0,0,0,0,0
3017,1,0,0,0,0,0,0,0,0,0,0,0,0,0,0,0,0,0,0,0,0,0,0,0,0,0,0,0,0,0,0,0,0,0,0,0,0,0,0,0,0,0,0,0,0,0,0,0,0,0,0,0,0,0,0,0,0,0,0,0,0,0,0,0,0
3018,1,0,0,0,0,0,0,0,0,0,0,0,0,0,0,0,0,0,0,0,0,0,0,0,0,0,0,0,0,0,0,0,0,0,0,0,0,0,0,0,0,0,0,0,0,0,0,0,0,0,0,0,0,0,0,0,0,0,0,0,0,0,0,0,0
3019,1,0,0,0,0,0,0,0,0,0,0,0,0,0,0,0,0,0,0,0,0,0,0,0,0,0,0,0,0,0,0,0,0,0,0,0,0,0,0,0,0,0,0,0,0,0,0,0,0,0,0,0,0,0,0,0,0,0,0,0,0,0,0,0,0
3020,1,0,0,0,0,0,0,0,0,0,0,0,0,0,0,0,0,0,0,0,0,0,0,0,0,0,0,0,0,0,0,0,0,0,0,0,0,0,0,0,0,0,0,0,0,0,0,0,0,0,0,0,0,0,0,0,0,0,0,0,0,0,0,0,0
3021,1,0,0,0,0,0,0,0,0,0,0,0,0,0,0,0,0,0,0,0,0,0,0,0,0,0,0,0,0,0,0,0,0,0,0,0,0,0,0,0,0,0,0,0,0,0,0,0,0,0,0,0,0,0,0,0,0,0,0,0,0,0,0,0,0
3022,1,0,0,0,0,0,0,0,0,0,0,0,0,0,0,0,0,0,0,0,0,0,0,0,0,0,0,0,0,0,0,0,0,0,0,0,0,0,0,0,0,0,0,0,0,0,0,0,0,0,0,0,0,0,0,0,0,0,0,0,0,0,0,0,0
3023,1,0,0,0,0,0,0,0,0,0,0,0,0,0,0,0,0,0,0,0,0,0,0,0,0,0,0,0,0,0,0,0,0,0,0,0,0,0,0,0,0,0,0,0,0,0,0,0,0,0,0,0,0,0,0,0,0,0,0,0,0,0,0,0,0
3024,1,0,0,0,0,0,0,0,0,0,0,0,0,0,0,0,0,0,0,0,0,0,0,0,0,0,0,0,0,0,0,0,0,0,0,0,0,0,0,0,0,0,0,0,0,0,0,0,0,0,0,0,0,0,0,0,0,0,0,0,0,0,0,0,0
3025,1,0,0,0,0,0,0,0,0,0,0,0,0,0,0,0,0,0,0,0,0,0,0,0,0,0,0,0,0,0,0,0,0,0,0,0,0,0,0,0,0,0,0,0,0,0,0,0,0,0,0,0,0,0,0,0,0,0,0,0,0,0,0,0,0
3026,1,0,0,0,0,0,0,0,0,0,0,0,0,0,0,0,0,0,0,0,0,0,0,0,0,0,0,0,0,0,0,0,0,0,0,0,0,0,0,0,0,0,0,0,0,0,0,0,0,0,0,0,0,0,0,0,0,0,0,0,0,0,0,0,0
3027,1,0,0,0,0,0,0,0,0,0,0,0,0,0,0,0,0,0,0,0,0,0,0,0,0,0,0,0,0,0,0,0,0,0,0,0,0,0,0,0,0,0,0,0,0,0,0,0,0,0,0,0,0,0,0,0,0,0,0,0,0,0,0,0,0
3028,1,0,0,0,0,0,0,0,0,0,0,0,0,0,0,0,0,0,0,0,0,0,0,0,0,0,0,0,0,0,0,0,0,0,0,0,0,0,0,0,0,0,0,0,0,0,0,0,0,0,0,0,0,0,0,0,0,0,0,0,0,0,0,0,0
3029,1,0,0,0,0,0,0,0,0,0,0,0,0,0,0,0,0,0,0,0,0,0,0,0,0,0,0,0,0,0,0,0,0,0,0,0,0,0,0,0,0,0,0,0,0,0,0,0,0,0,0,0,0,0,0,0,0,0,0,0,0,0,0,0,0
3030,1,0,0,0,0,0,0,0,0,0,0,0,0,0,0,0,0,0,0,0,0,0,0,0,0,0,0,0,0,0,0,0,0,0,0,0,0,0,0,0,0,0,0,0,0,0,0,0,0,0,0,0,0,0,0,0,0,0,0,0,0,0,0,0,0
3031,1,0,0,0,0,0,0,0,0,0,0,0,0,0,0,0,0,0,0,0,0,0,0,0,0,0,0,0,0,0,0,0,0,0,0,0,0,0,0,0,0,0,0,0,0,0,0,0,0,0,0,0,0,0,0,0,0,0,0,0,0,0,0,0,0
3032,1,0,0,0,0,0,0,0,0,0,0,0,0,0,0,0,0,0,0,0,0,0,0,0,0,0,0,0,0,0,0,0,0,0,0,0,0,0,0,0,0,0,0,0,0,0,0,0,0,0,0,0,0,0,0,0,0,0,0,0,0,0,0,0,0
3033,1,0,0,0,0,0,0,0,0,0,0,0,0,0,0,0,0,0,0,0,0,0,0,0,0,0,0,0,0,0,0,0,0,0,0,0,0,0,0,0,0,0,0,0,0,0,0,0,0,0,0,0,0,0,0,0,0,0,0,0,0,0,0,0,0
3034,1,0,0,0,0,0,0,0,0,0,0,0,0,0,0,0,0,0,0,0,0,0,0,0,0,0,0,0,0,0,0,0,0,0,0,0,0,0,0,0,0,0,0,0,0,0,0,0,0,0,0,0,0,0,0,0,0,0,0,0,0,0,0,0,0
3035,1,0,0,0,0,0,0,0,0,0,0,0,0,0,0,0,0,0,0,0,0,0,0,0,0,0,0,0,0,0,0,0,0,0,0,0,0,0,0,0,0,0,0,0,0,0,0,0,0,0,0,0,0,0,0,0,0,0,0,0,0,0,0,0,0
3036,1,0,0,0,0,0,0,0,0,0,0,0,0,0,0,0,0,0,0,0,0,0,0,0,0,0,0,0,0,0,0,0,0,0,0,0,0,0,0,0,0,0,0,0,0,0,0,0,0,0,0,0,0,0,0,0,0,0,0,0,0,0,0,0,0
3037,1,0,0,0,0,0,0,0,0,0,0,0,0,0,0,0,0,0,0,0,0,0,0,0,0,0,0,0,0,0,0,0,0,0,0,0,0,0,0,0,0,0,0,0,0,0,0,0,0,0,0,0,0,0,0,0,0,0,0,0,0,0,0,0,0
3038,1,0,0,0,0,0,0,0,0,0,0,0,0,0,0,0,0,0,0,0,0,0,0,0,0,0,0,0,0,0,0,0,0,0,0,0,0,0,0,0,0,0,0,0,0,0,0,0,0,0,0,0,0,0,0,0,0,0,0,0,0,0,0,0,0
3039,1,0,0,0,0,0,0,0,0,0,0,0,0,0,0,0,0,0,0,0,0,0,0,0,0,0,0,0,0,0,0,0,0,0,0,0,0,0,0,0,0,0,0,0,0,0,0,0,0,0,0,0,0,0,0,0,0,0,0,0,0,0,0,0,0
3040,1,0,0,0,0,0,0,0,0,0,0,0,0,0,0,0,0,0,0,0,0,0,0,0,0,0,0,0,0,0,0,0,0,0,0,0,0,0,0,0,0,0,0,0,0,0,0,0,0,0,0,0,0,0,0,0,0,0,0,0,0,0,0,0,0
3041,1,0,0,0,0,0,0,0,0,0,0,0,0,0,0,0,0,0,0,0,0,0,0,0,0,0,0,0,0,0,0,0,0,0,0,0,0,0,0,0,0,0,0,0,0,0,0,0,0,0,0,0,0,0,0,0,0,0,0,0,0,0,0,0,0
3042,1,0,0,0,0,0,0,0,0,0,0,0,0,0,0,0,0,0,0,0,0,0,0,0,0,0,0,0,0,0,0,0,0,0,0,0,0,0,0,0,0,0,0,0,0,0,0,0,0,0,0,0,0,0,0,0,0,0,0,0,0,0,0,0,0
3043,1,0,0,0,0,0,0,0,0,0,0,0,0,0,0,0,0,0,0,0,0,0,0,0,0,0,0,0,0,0,0,0,0,0,0,0,0,0,0,0,0,0,0,0,0,0,0,0,0,0,0,0,0,0,0,0,0,0,0,0,0,0,0,0,0
3044,1,0,0,0,0,0,0,0,0,0,0,0,0,0,0,0,0,0,0,0,0,0,0,0,0,0,0,0,0,0,0,0,0,0,0,0,0,0,0,0,0,0,0,0,0,0,0,0,0,0,0,0,0,0,0,0,0,0,0,0,0,0,0,0,0
3045,1,0,0,0,0,0,0,0,0,0,0,0,0,0,0,0,0,0,0,0,0,0,0,0,0,0,0,0,0,0,0,0,0,0,0,0,0,0,0,0,0,0,0,0,0,0,0,0,0,0,0,0,0,0,0,0,0,0,0,0,0,0,0,0,0
3046,1,0,0,0,0,0,0,0,0,0,0,0,0,0,0,0,0,0,0,0,0,0,0,0,0,0,0,0,0,0,0,0,0,0,0,0,0,0,0,0,0,0,0,0,0,0,0,0,0,0,0,0,0,0,0,0,0,0,0,0,0,0,0,0,0
3047,1,0,0,0,0,0,0,0,0,0,0,0,0,0,0,0,0,0,0,0,0,0,0,0,0,0,0,0,0,0,0,0,0,0,0,0,0,0,0,0,0,0,0,0,0,0,0,0,0,0,0,0,0,0,0,0,0,0,0,0,0,0,0,0,0
3048,1,0,0,0,0,0,0,0,0,0,0,0,0,0,0,0,0,0,0,0,0,0,0,0,0,0,0,0,0,0,0,0,0,0,0,0,0,0,0,0,0,0,0,0,0,0,0,0,0,0,0,0,0,0,0,0,0,0,0,0,0,0,0,0,0
3049,1,0,0,0,0,0,0,0,0,0,0,0,0,0,0,0,0,0,0,0,0,0,0,0,0,0,0,0,0,0,0,0,0,0,0,0,0,0,0,0,0,0,0,0,0,0,0,0,0,0,0,0,0,0,0,0,0,0,0,0,0,0,0,0,0
3050,1,0,0,0,0,0,0,0,0,0,0,0,0,0,0,0,0,0,0,0,0,0,0,0,0,0,0,0,0,0,0,0,0,0,0,0,0,0,0,0,0,0,0,0,0,0,0,0,0,0,0,0,0,0,0,0,0,0,0,0,0,0,0,0,0
3051,1,0,0,0,0,0,0,0,0,0,0,0,0,0,0,0,0,0,0,0,0,0,0,0,0,0,0,0,0,0,0,0,0,0,0,0,0,0,0,0,0,0,0,0,0,0,0,0,0,0,0,0,0,0,0,0,0,0,0,0,0,0,0,0,0
3052,1,0,0,0,0,0,0,0,0,0,0,0,0,0,0,0,0,0,0,0,0,0,0,0,0,0,0,0,0,0,0,0,0,0,0,0,0,0,0,0,0,0,0,0,0,0,0,0,0,0,0,0,0,0,0,0,0,0,0,0,0,0,0,0,0
3053,1,0,0,0,0,0,0,0,0,0,0,0,0,0,0,0,0,0,0,0,0,0,0,0,0,0,0,0,0,0,0,0,0,0,0,0,0,0,0,0,0,0,0,0,0,0,0,0,0,0,0,0,0,0,0,0,0,0,0,0,0,0,0,0,0
3054,1,0,0,0,0,0,0,0,0,0,0,0,0,0,0,0,0,0,0,0,0,0,0,0,0,0,0,0,0,0,0,0,0,0,0,0,0,0,0,0,0,0,0,0,0,0,0,0,0,0,0,0,0,0,0,0,0,0,0,0,0,0,0,0,0
3055,1,0,0,0,0,0,0,0,0,0,0,0,0,0,0,0,0,0,0,0,0,0,0,0,0,0,0,0,0,0,0,0,0,0,0,0,0,0,0,0,0,0,0,0,0,0,0,0,0,0,0,0,0,0,0,0,0,0,0,0,0,0,0,0,0
3056,1,0,0,0,0,0,0,0,0,0,0,0,0,0,0,0,0,0,0,0,0,0,0,0,0,0,0,0,0,0,0,0,0,0,0,0,0,0,0,0,0,0,0,0,0,0,0,0,0,0,0,0,0,0,0,0,0,0,0,0,0,0,0,0,0
3057,1,0,0,0,0,0,0,0,0,0,0,0,0,0,0,0,0,0,0,0,0,0,0,0,0,0,0,0,0,0,0,0,0,0,0,0,0,0,0,0,0,0,0,0,0,0,0,0,0,0,0,0,0,0,0,0,0,0,0,0,0,0,0,0,0
3058,1,0,0,0,0,0,0,0,0,0,0,0,0,0,0,0,0,0,0,0,0,0,0,0,0,0,0,0,0,0,0,0,0,0,0,0,0,0,0,0,0,0,0,0,0,0,0,0,0,0,0,0,0,0,0,0,0,0,0,0,0,0,0,0,0
3059,1,0,0,0,0,0,0,0,0,0,0,0,0,0,0,0,0,0,0,0,0,0,0,0,0,0,0,0,0,0,0,0,0,0,0,0,0,0,0,0,0,0,0,0,0,0,0,0,0,0,0,0,0,0,0,0,0,0,0,0,0,0,0,0,0
3060,1,0,0,0,0,0,0,0,0,0,0,0,0,0,0,0,0,0,0,0,0,0,0,0,0,0,0,0,0,0,0,0,0,0,0,0,0,0,0,0,0,0,0,0,0,0,0,0,0,0,0,0,0,0,0,0,0,0,0,0,0,0,0,0,0
3061,1,0,0,0,0,0,0,0,0,0,0,0,0,0,0,0,0,0,0,0,0,0,0,0,0,0,0,0,0,0,0,0,0,0,0,0,0,0,0,0,0,0,0,0,0,0,0,0,0,0,0,0,0,0,0,0,0,0,0,0,0,0,0,0,0
3062,1,0,0,0,0,0,0,0,0,0,0,0,0,0,0,0,0,0,0,0,0,0,0,0,0,0,0,0,0,0,0,0,0,0,0,0,0,0,0,0,0,0,0,0,0,0,0,0,0,0,0,0,0,0,0,0,0,0,0,0,0,0,0,0,0
3063,1,0,0,0,0,0,0,0,0,0,0,0,0,0,0,0,0,0,0,0,0,0,0,0,0,0,0,0,0,0,0,0,0,0,0,0,0,0,0,0,0,0,0,0,0,0,0,0,0,0,0,0,0,0,0,0,0,0,0,0,0,0,0,0,0
3064,1,0,0,0,0,0,0,0,0,0,0,0,0,0,0,0,0,0,0,0,0,0,0,0,0,0,0,0,0,0,0,0,0,0,0,0,0,0,0,0,0,0,0,0,0,0,0,0,0,0,0,0,0,0,0,0,0,0,0,0,0,0,0,0,0
3065,1,0,0,0,0,0,0,0,0,0,0,0,0,0,0,0,0,0,0,0,0,0,0,0,0,0,0,0,0,0,0,0,0,0,0,0,0,0,0,0,0,0,0,0,0,0,0,0,0,0,0,0,0,0,0,0,0,0,0,0,0,0,0,0,0
3066,1,0,0,0,0,0,0,0,0,0,0,0,0,0,0,0,0,0,0,0,0,0,0,0,0,0,0,0,0,0,0,0,0,0,0,0,0,0,0,0,0,0,0,0,0,0,0,0,0,0,0,0,0,0,0,0,0,0,0,0,0,0,0,0,0
3067,1,0,0,0,0,0,0,0,0,0,0,0,0,0,0,0,0,0,0,0,0,0,0,0,0,0,0,0,0,0,0,0,0,0,0,0,0,0,0,0,0,0,0,0,0,0,0,0,0,0,0,0,0,0,0,0,0,0,0,0,0,0,0,0,0
3068,1,0,0,0,0,0,0,0,0,0,0,0,0,0,0,0,0,0,0,0,0,0,0,0,0,0,0,0,0,0,0,0,0,0,0,0,0,0,0,0,0,0,0,0,0,0,0,0,0,0,0,0,0,0,0,0,0,0,0,0,0,0,0,0,0
3069,1,0,0,0,0,0,0,0,0,0,0,0,0,0,0,0,0,0,0,0,0,0,0,0,0,0,0,0,0,0,0,0,0,0,0,0,0,0,0,0,0,0,0,0,0,0,0,0,0,0,0,0,0,0,0,0,0,0,0,0,0,0,0,0,0
3070,1,0,0,0,0,0,0,0,0,0,0,0,0,0,0,0,0,0,0,0,0,0,0,0,0,0,0,0,0,0,0,0,0,0,0,0,0,0,0,0,0,0,0,0,0,0,0,0,0,0,0,0,0,0,0,0,0,0,0,0,0,0,0,0,0
3071,1,0,0,0,0,0,0,0,0,0,0,0,0,0,0,0,0,0,0,0,0,0,0,0,0,0,0,0,0,0,0,0,0,0,0,0,0,0,0,0,0,0,0,0,0,0,0,0,0,0,0,0,0,0,0,0,0,0,0,0,0,0,0,0,0
3072,1,0,0,0,0,0,0,0,0,0,0,0,0,0,0,0,0,0,0,0,0,0,0,0,0,0,0,0,0,0,0,0,0,0,0,0,0,0,0,0,0,0,0,0,0,0,0,0,0,0,0,0,0,0,0,0,0,0,0,0,0,0,0,0,0
3073,1,0,0,0,0,0,0,0,0,0,0,0,0,0,0,0,0,0,0,0,0,0,0,0,0,0,0,0,0,0,0,0,0,0,0,0,0,0,0,0,0,0,0,0,0,0,0,0,0,0,0,0,0,0,0,0,0,0,0,0,0,0,0,0,0
3074,1,0,0,0,0,0,0,0,0,0,0,0,0,0,0,0,0,0,0,0,0,0,0,0,0,0,0,0,0,0,0,0,0,0,0,0,0,0,0,0,0,0,0,0,0,0,0,0,0,0,0,0,0,0,0,0,0,0,0,0,0,0,0,0,0
3075,1,0,0,0,0,0,0,0,0,0,0,0,0,0,0,0,0,0,0,0,0,0,0,0,0,0,0,0,0,0,0,0,0,0,0,0,0,0,0,0,0,0,0,0,0,0,0,0,0,0,0,0,0,0,0,0,0,0,0,0,0,0,0,0,0
3076,1,0,0,0,0,0,0,0,0,0,0,0,0,0,0,0,0,0,0,0,0,0,0,0,0,0,0,0,0,0,0,0,0,0,0,0,0,0,0,0,0,0,0,0,0,0,0,0,0,0,0,0,0,0,0,0,0,0,0,0,0,0,0,0,0
3077,1,0,0,0,0,0,0,0,0,0,0,0,0,0,0,0,0,0,0,0,0,0,0,0,0,0,0,0,0,0,0,0,0,0,0,0,0,0,0,0,0,0,0,0,0,0,0,0,0,0,0,0,0,0,0,0,0,0,0,0,0,0,0,0,0
3078,1,0,0,0,0,0,0,0,0,0,0,0,0,0,0,0,0,0,0,0,0,0,0,0,0,0,0,0,0,0,0,0,0,0,0,0,0,0,0,0,0,0,0,0,0,0,0,0,0,0,0,0,0,0,0,0,0,0,0,0,0,0,0,0,0
3079,1,0,0,0,0,0,0,0,0,0,0,0,0,0,0,0,0,0,0,0,0,0,0,0,0,0,0,0,0,0,0,0,0,0,0,0,0,0,0,0,0,0,0,0,0,0,0,0,0,0,0,0,0,0,0,0,0,0,0,0,0,0,0,0,0
3080,1,0,0,0,0,0,0,0,0,0,0,0,0,0,0,0,0,0,0,0,0,0,0,0,0,0,0,0,0,0,0,0,0,0,0,0,0,0,0,0,0,0,0,0,0,0,0,0,0,0,0,0,0,0,0,0,0,0,0,0,0,0,0,0,0
3081,1,0,0,0,0,0,0,0,0,0,0,0,0,0,0,0,0,0,0,0,0,0,0,0,0,0,0,0,0,0,0,0,0,0,0,0,0,0,0,0,0,0,0,0,0,0,0,0,0,0,0,0,0,0,0,0,0,0,0,0,0,0,0,0,0
3082,1,0,0,0,0,0,0,0,0,0,0,0,0,0,0,0,0,0,0,0,0,0,0,0,0,0,0,0,0,0,0,0,0,0,0,0,0,0,0,0,0,0,0,0,0,0,0,0,0,0,0,0,0,0,0,0,0,0,0,0,0,0,0,0,0
3083,1,0,0,0,0,0,0,0,0,0,0,0,0,0,0,0,0,0,0,0,0,0,0,0,0,0,0,0,0,0,0,0,0,0,0,0,0,0,0,0,0,0,0,0,0,0,0,0,0,0,0,0,0,0,0,0,0,0,0,0,0,0,0,0,0
3084,1,0,0,0,0,0,0,0,0,0,0,0,0,0,0,0,0,0,0,0,0,0,0,0,0,0,0,0,0,0,0,0,0,0,0,0,0,0,0,0,0,0,0,0,0,0,0,0,0,0,0,0,0,0,0,0,0,0,0,0,0,0,0,0,0
3085,1,0,0,0,0,0,0,0,0,0,0,0,0,0,0,0,0,0,0,0,0,0,0,0,0,0,0,0,0,0,0,0,0,0,0,0,0,0,0,0,0,0,0,0,0,0,0,0,0,0,0,0,0,0,0,0,0,0,0,0,0,0,0,0,0
3086,1,0,0,0,0,0,0,0,0,0,0,0,0,0,0,0,0,0,0,0,0,0,0,0,0,0,0,0,0,0,0,0,0,0,0,0,0,0,0,0,0,0,0,0,0,0,0,0,0,0,0,0,0,0,0,0,0,0,0,0,0,0,0,0,0
3087,1,0,0,0,0,0,0,0,0,0,0,0,0,0,0,0,0,0,0,0,0,0,0,0,0,0,0,0,0,0,0,0,0,0,0,0,0,0,0,0,0,0,0,0,0,0,0,0,0,0,0,0,0,0,0,0,0,0,0,0,0,0,0,0,0
3088,1,0,0,0,0,0,0,0,0,0,0,0,0,0,0,0,0,0,0,0,0,0,0,0,0,0,0,0,0,0,0,0,0,0,0,0,0,0,0,0,0,0,0,0,0,0,0,0,0,0,0,0,0,0,0,0,0,0,0,0,0,0,0,0,0
3089,1,0,0,0,0,0,0,0,0,0,0,0,0,0,0,0,0,0,0,0,0,0,0,0,0,0,0,0,0,0,0,0,0,0,0,0,0,0,0,0,0,0,0,0,0,0,0,0,0,0,0,0,0,0,0,0,0,0,0,0,0,0,0,0,0
3090,1,0,0,0,0,0,0,0,0,0,0,0,0,0,0,0,0,0,0,0,0,0,0,0,0,0,0,0,0,0,0,0,0,0,0,0,0,0,0,0,0,0,0,0,0,0,0,0,0,0,0,0,0,0,0,0,0,0,0,0,0,0,0,0,0
3091,1,0,0,0,0,0,0,0,0,0,0,0,0,0,0,0,0,0,0,0,0,0,0,0,0,0,0,0,0,0,0,0,0,0,0,0,0,0,0,0,0,0,0,0,0,0,0,0,0,0,0,0,0,0,0,0,0,0,0,0,0,0,0,0,0
3092,1,0,0,0,0,0,0,0,0,0,0,0,0,0,0,0,0,0,0,0,0,0,0,0,0,0,0,0,0,0,0,0,0,0,0,0,0,0,0,0,0,0,0,0,0,0,0,0,0,0,0,0,0,0,0,0,0,0,0,0,0,0,0,0,0
3093,1,0,0,0,0,0,0,0,0,0,0,0,0,0,0,0,0,0,0,0,0,0,0,0,0,0,0,0,0,0,0,0,0,0,0,0,0,0,0,0,0,0,0,0,0,0,0,0,0,0,0,0,0,0,0,0,0,0,0,0,0,0,0,0,0
3094,1,0,0,0,0,0,0,0,0,0,0,0,0,0,0,0,0,0,0,0,0,0,0,0,0,0,0,0,0,0,0,0,0,0,0,0,0,0,0,0,0,0,0,0,0,0,0,0,0,0,0,0,0,0,0,0,0,0,0,0,0,0,0,0,0
3095,1,0,0,0,0,0,0,0,0,0,0,0,0,0,0,0,0,0,0,0,0,0,0,0,0,0,0,0,0,0,0,0,0,0,0,0,0,0,0,0,0,0,0,0,0,0,0,0,0,0,0,0,0,0,0,0,0,0,0,0,0,0,0,0,0
3096,1,0,0,0,0,0,0,0,0,0,0,0,0,0,0,0,0,0,0,0,0,0,0,0,0,0,0,0,0,0,0,0,0,0,0,0,0,0,0,0,0,0,0,0,0,0,0,0,0,0,0,0,0,0,0,0,0,0,0,0,0,0,0,0,0
3097,1,0,0,0,0,0,0,0,0,0,0,0,0,0,0,0,0,0,0,0,0,0,0,0,0,0,0,0,0,0,0,0,0,0,0,0,0,0,0,0,0,0,0,0,0,0,0,0,0,0,0,0,0,0,0,0,0,0,0,0,0,0,0,0,0
3098,1,0,0,0,0,0,0,0,0,0,0,0,0,0,0,0,0,0,0,0,0,0,0,0,0,0,0,0,0,0,0,0,0,0,0,0,0,0,0,0,0,0,0,0,0,0,0,0,0,0,0,0,0,0,0,0,0,0,0,0,0,0,0,0,0
3099,1,0,0,0,0,0,0,0,0,0,0,0,0,0,0,0,0,0,0,0,0,0,0,0,0,0,0,0,0,0,0,0,0,0,0,0,0,0,0,0,0,0,0,0,0,0,0,0,0,0,0,0,0,0,0,0,0,0,0,0,0,0,0,0,0
3100,1,0,0,0,0,0,0,0,0,0,0,0,0,0,0,0,0,0,0,0,0,0,0,0,0,0,0,0,0,0,0,0,0,0,0,0,0,0,0,0,0,0,0,0,0,0,0,0,0,0,0,0,0,0,0,0,0,0,0,0,0,0,0,0,0
3101,1,0,0,0,0,0,0,0,0,0,0,0,0,0,0,0,0,0,0,0,0,0,0,0,0,0,0,0,0,0,0,0,0,0,0,0,0,0,0,0,0,0,0,0,0,0,0,0,0,0,0,0,0,0,0,0,0,0,0,0,0,0,0,0,0
3102,1,0,0,0,0,0,0,0,0,0,0,0,0,0,0,0,0,0,0,0,0,0,0,0,0,0,0,0,0,0,0,0,0,0,0,0,0,0,0,0,0,0,0,0,0,0,0,0,0,0,0,0,0,0,0,0,0,0,0,0,0,0,0,0,0
3103,1,0,0,0,0,0,0,0,0,0,0,0,0,0,0,0,0,0,0,0,0,0,0,0,0,0,0,0,0,0,0,0,0,0,0,0,0,0,0,0,0,0,0,0,0,0,0,0,0,0,0,0,0,0,0,0,0,0,0,0,0,0,0,0,0
3104,1,0,0,0,0,0,0,0,0,0,0,0,0,0,0,0,0,0,0,0,0,0,0,0,0,0,0,0,0,0,0,0,0,0,0,0,0,0,0,0,0,0,0,0,0,0,0,0,0,0,0,0,0,0,0,0,0,0,0,0,0,0,0,0,0
3105,1,0,0,0,0,0,0,0,0,0,0,0,0,0,0,0,0,0,0,0,0,0,0,0,0,0,0,0,0,0,0,0,0,0,0,0,0,0,0,0,0,0,0,0,0,0,0,0,0,0,0,0,0,0,0,0,0,0,0,0,0,0,0,0,0
3106,1,0,0,0,0,0,0,0,0,0,0,0,0,0,0,0,0,0,0,0,0,0,0,0,0,0,0,0,0,0,0,0,0,0,0,0,0,0,0,0,0,0,0,0,0,0,0,0,0,0,0,0,0,0,0,0,0,0,0,0,0,0,0,0,0
3107,1,0,0,0,0,0,0,0,0,0,0,0,0,0,0,0,0,0,0,0,0,0,0,0,0,0,0,0,0,0,0,0,0,0,0,0,0,0,0,0,0,0,0,0,0,0,0,0,0,0,0,0,0,0,0,0,0,0,0,0,0,0,0,0,0
3108,1,0,0,0,0,0,0,0,0,0,0,0,0,0,0,0,0,0,0,0,0,0,0,0,0,0,0,0,0,0,0,0,0,0,0,0,0,0,0,0,0,0,0,0,0,0,0,0,0,0,0,0,0,0,0,0,0,0,0,0,0,0,0,0,0
3109,1,0,0,0,0,0,0,0,0,0,0,0,0,0,0,0,0,0,0,0,0,0,0,0,0,0,0,0,0,0,0,0,0,0,0,0,0,0,0,0,0,0,0,0,0,0,0,0,0,0,0,0,0,0,0,0,0,0,0,0,0,0,0,0,0
3110,1,0,0,0,0,0,0,0,0,0,0,0,0,0,0,0,0,0,0,0,0,0,0,0,0,0,0,0,0,0,0,0,0,0,0,0,0,0,0,0,0,0,0,0,0,0,0,0,0,0,0,0,0,0,0,0,0,0,0,0,0,0,0,0,0
3111,1,0,0,0,0,0,0,0,0,0,0,0,0,0,0,0,0,0,0,0,0,0,0,0,0,0,0,0,0,0,0,0,0,0,0,0,0,0,0,0,0,0,0,0,0,0,0,0,0,0,0,0,0,0,0,0,0,0,0,0,0,0,0,0,0
3112,1,0,0,0,0,0,0,0,0,0,0,0,0,0,0,0,0,0,0,0,0,0,0,0,0,0,0,0,0,0,0,0,0,0,0,0,0,0,0,0,0,0,0,0,0,0,0,0,0,0,0,0,0,0,0,0,0,0,0,0,0,0,0,0,0
3113,1,0,0,0,0,0,0,0,0,0,0,0,0,0,0,0,0,0,0,0,0,0,0,0,0,0,0,0,0,0,0,0,0,0,0,0,0,0,0,0,0,0,0,0,0,0,0,0,0,0,0,0,0,0,0,0,0,0,0,0,0,0,0,0,0
3114,1,0,0,0,0,0,0,0,0,0,0,0,0,0,0,0,0,0,0,0,0,0,0,0,0,0,0,0,0,0,0,0,0,0,0,0,0,0,0,0,0,0,0,0,0,0,0,0,0,0,0,0,0,0,0,0,0,0,0,0,0,0,0,0,0
3115,1,0,0,0,0,0,0,0,0,0,0,0,0,0,0,0,0,0,0,0,0,0,0,0,0,0,0,0,0,0,0,0,0,0,0,0,0,0,0,0,0,0,0,0,0,0,0,0,0,0,0,0,0,0,0,0,0,0,0,0,0,0,0,0,0
3116,1,0,0,0,0,0,0,0,0,0,0,0,0,0,0,0,0,0,0,0,0,0,0,0,0,0,0,0,0,0,0,0,0,0,0,0,0,0,0,0,0,0,0,0,0,0,0,0,0,0,0,0,0,0,0,0,0,0,0,0,0,0,0,0,0
3117,1,0,0,0,0,0,0,0,0,0,0,0,0,0,0,0,0,0,0,0,0,0,0,0,0,0,0,0,0,0,0,0,0,0,0,0,0,0,0,0,0,0,0,0,0,0,0,0,0,0,0,0,0,0,0,0,0,0,0,0,0,0,0,0,0
3118,1,0,0,0,0,0,0,0,0,0,0,0,0,0,0,0,0,0,0,0,0,0,0,0,0,0,0,0,0,0,0,0,0,0,0,0,0,0,0,0,0,0,0,0,0,0,0,0,0,0,0,0,0,0,0,0,0,0,0,0,0,0,0,0,0
3119,1,0,0,0,0,0,0,0,0,0,0,0,0,0,0,0,0,0,0,0,0,0,0,0,0,0,0,0,0,0,0,0,0,0,0,0,0,0,0,0,0,0,0,0,0,0,0,0,0,0,0,0,0,0,0,0,0,0,0,0,0,0,0,0,0
3120,1,0,0,0,0,0,0,0,0,0,0,0,0,0,0,0,0,0,0,0,0,0,0,0,0,0,0,0,0,0,0,0,0,0,0,0,0,0,0,0,0,0,0,0,0,0,0,0,0,0,0,0,0,0,0,0,0,0,0,0,0,0,0,0,0
3121,1,0,0,0,0,0,0,0,0,0,0,0,0,0,0,0,0,0,0,0,0,0,0,0,0,0,0,0,0,0,0,0,0,0,0,0,0,0,0,0,0,0,0,0,0,0,0,0,0,0,0,0,0,0,0,0,0,0,0,0,0,0,0,0,0
3122,1,0,0,0,0,0,0,0,0,0,0,0,0,0,0,0,0,0,0,0,0,0,0,0,0,0,0,0,0,0,0,0,0,0,0,0,0,0,0,0,0,0,0,0,0,0,0,0,0,0,0,0,0,0,0,0,0,0,0,0,0,0,0,0,0
3123,1,0,0,0,0,0,0,0,0,0,0,0,0,0,0,0,0,0,0,0,0,0,0,0,0,0,0,0,0,0,0,0,0,0,0,0,0,0,0,0,0,0,0,0,0,0,0,0,0,0,0,0,0,0,0,0,0,0,0,0,0,0,0,0,0
3124,1,0,0,0,0,0,0,0,0,0,0,0,0,0,0,0,0,0,0,0,0,0,0,0,0,0,0,0,0,0,0,0,0,0,0,0,0,0,0,0,0,0,0,0,0,0,0,0,0,0,0,0,0,0,0,0,0,0,0,0,0,0,0,0,0
3125,1,0,0,0,0,0,0,0,0,0,0,0,0,0,0,0,0,0,0,0,0,0,0,0,0,0,0,0,0,0,0,0,0,0,0,0,0,0,0,0,0,0,0,0,0,0,0,0,0,0,0,0,0,0,0,0,0,0,0,0,0,0,0,0,0
3126,1,0,0,0,0,0,0,0,0,0,0,0,0,0,0,0,0,0,0,0,0,0,0,0,0,0,0,0,0,0,0,0,0,0,0,0,0,0,0,0,0,0,0,0,0,0,0,0,0,0,0,0,0,0,0,0,0,0,0,0,0,0,0,0,0
3127,1,0,0,0,0,0,0,0,0,0,0,0,0,0,0,0,0,0,0,0,0,0,0,0,0,0,0,0,0,0,0,0,0,0,0,0,0,0,0,0,0,0,0,0,0,0,0,0,0,0,0,0,0,0,0,0,0,0,0,0,0,0,0,0,0
3128,1,0,0,0,0,0,0,0,0,0,0,0,0,0,0,0,0,0,0,0,0,0,0,0,0,0,0,0,0,0,0,0,0,0,0,0,0,0,0,0,0,0,0,0,0,0,0,0,0,0,0,0,0,0,0,0,0,0,0,0,0,0,0,0,0
3129,1,0,0,0,0,0,0,0,0,0,0,0,0,0,0,0,0,0,0,0,0,0,0,0,0,0,0,0,0,0,0,0,0,0,0,0,0,0,0,0,0,0,0,0,0,0,0,0,0,0,0,0,0,0,0,0,0,0,0,0,0,0,0,0,0
3130,1,0,0,0,0,0,0,0,0,0,0,0,0,0,0,0,0,0,0,0,0,0,0,0,0,0,0,0,0,0,0,0,0,0,0,0,0,0,0,0,0,0,0,0,0,0,0,0,0,0,0,0,0,0,0,0,0,0,0,0,0,0,0,0,0
3131,1,0,0,0,0,0,0,0,0,0,0,0,0,0,0,0,0,0,0,0,0,0,0,0,0,0,0,0,0,0,0,0,0,0,0,0,0,0,0,0,0,0,0,0,0,0,0,0,0,0,0,0,0,0,0,0,0,0,0,0,0,0,0,0,0
3132,1,0,0,0,0,0,0,0,0,0,0,0,0,0,0,0,0,0,0,0,0,0,0,0,0,0,0,0,0,0,0,0,0,0,0,0,0,0,0,0,0,0,0,0,0,0,0,0,0,0,0,0,0,0,0,0,0,0,0,0,0,0,0,0,0
3133,1,0,0,0,0,0,0,0,0,0,0,0,0,0,0,0,0,0,0,0,0,0,0,0,0,0,0,0,0,0,0,0,0,0,0,0,0,0,0,0,0,0,0,0,0,0,0,0,0,0,0,0,0,0,0,0,0,0,0,0,0,0,0,0,0
3134,1,0,0,0,0,0,0,0,0,0,0,0,0,0,0,0,0,0,0,0,0,0,0,0,0,0,0,0,0,0,0,0,0,0,0,0,0,0,0,0,0,0,0,0,0,0,0,0,0,0,0,0,0,0,0,0,0,0,0,0,0,0,0,0,0
3135,1,0,0,0,0,0,0,0,0,0,0,0,0,0,0,0,0,0,0,0,0,0,0,0,0,0,0,0,0,0,0,0,0,0,0,0,0,0,0,0,0,0,0,0,0,0,0,0,0,0,0,0,0,0,0,0,0,0,0,0,0,0,0,0,0
3136,1,0,0,0,0,0,0,0,0,0,0,0,0,0,0,0,0,0,0,0,0,0,0,0,0,0,0,0,0,0,0,0,0,0,0,0,0,0,0,0,0,0,0,0,0,0,0,0,0,0,0,0,0,0,0,0,0,0,0,0,0,0,0,0,0
3137,1,0,0,0,0,0,0,0,0,0,0,0,0,0,0,0,0,0,0,0,0,0,0,0,0,0,0,0,0,0,0,0,0,0,0,0,0,0,0,0,0,0,0,0,0,0,0,0,0,0,0,0,0,0,0,0,0,0,0,0,0,0,0,0,0
3138,1,0,0,0,0,0,0,0,0,0,0,0,0,0,0,0,0,0,0,0,0,0,0,0,0,0,0,0,0,0,0,0,0,0,0,0,0,0,0,0,0,0,0,0,0,0,0,0,0,0,0,0,0,0,0,0,0,0,0,0,0,0,0,0,0
3139,1,0,0,0,0,0,0,0,0,0,0,0,0,0,0,0,0,0,0,0,0,0,0,0,0,0,0,0,0,0,0,0,0,0,0,0,0,0,0,0,0,0,0,0,0,0,0,0,0,0,0,0,0,0,0,0,0,0,0,0,0,0,0,0,0
3140,1,0,0,0,0,0,0,0,0,0,0,0,0,0,0,0,0,0,0,0,0,0,0,0,0,0,0,0,0,0,0,0,0,0,0,0,0,0,0,0,0,0,0,0,0,0,0,0,0,0,0,0,0,0,0,0,0,0,0,0,0,0,0,0,0
3141,1,0,0,0,0,0,0,0,0,0,0,0,0,0,0,0,0,0,0,0,0,0,0,0,0,0,0,0,0,0,0,0,0,0,0,0,0,0,0,0,0,0,0,0,0,0,0,0,0,0,0,0,0,0,0,0,0,0,0,0,0,0,0,0,0
3142,1,0,0,0,0,0,0,0,0,0,0,0,0,0,0,0,0,0,0,0,0,0,0,0,0,0,0,0,0,0,0,0,0,0,0,0,0,0,0,0,0,0,0,0,0,0,0,0,0,0,0,0,0,0,0,0,0,0,0,0,0,0,0,0,0
3143,1,0,0,0,0,0,0,0,0,0,0,0,0,0,0,0,0,0,0,0,0,0,0,0,0,0,0,0,0,0,0,0,0,0,0,0,0,0,0,0,0,0,0,0,0,0,0,0,0,0,0,0,0,0,0,0,0,0,0,0,0,0,0,0,0
3144,1,0,0,0,0,0,0,0,0,0,0,0,0,0,0,0,0,0,0,0,0,0,0,0,0,0,0,0,0,0,0,0,0,0,0,0,0,0,0,0,0,0,0,0,0,0,0,0,0,0,0,0,0,0,0,0,0,0,0,0,0,0,0,0,0
3145,1,0,0,0,0,0,0,0,0,0,0,0,0,0,0,0,0,0,0,0,0,0,0,0,0,0,0,0,0,0,0,0,0,0,0,0,0,0,0,0,0,0,0,0,0,0,0,0,0,0,0,0,0,0,0,0,0,0,0,0,0,0,0,0,0
3146,1,0,0,0,0,0,0,0,0,0,0,0,0,0,0,0,0,0,0,0,0,0,0,0,0,0,0,0,0,0,0,0,0,0,0,0,0,0,0,0,0,0,0,0,0,0,0,0,0,0,0,0,0,0,0,0,0,0,0,0,0,0,0,0,0
3147,1,0,0,0,0,0,0,0,0,0,0,0,0,0,0,0,0,0,0,0,0,0,0,0,0,0,0,0,0,0,0,0,0,0,0,0,0,0,0,0,0,0,0,0,0,0,0,0,0,0,0,0,0,0,0,0,0,0,0,0,0,0,0,0,0
3148,1,0,0,0,0,0,0,0,0,0,0,0,0,0,0,0,0,0,0,0,0,0,0,0,0,0,0,0,0,0,0,0,0,0,0,0,0,0,0,0,0,0,0,0,0,0,0,0,0,0,0,0,0,0,0,0,0,0,0,0,0,0,0,0,0
3149,1,0,0,0,0,0,0,0,0,0,0,0,0,0,0,0,0,0,0,0,0,0,0,0,0,0,0,0,0,0,0,0,0,0,0,0,0,0,0,0,0,0,0,0,0,0,0,0,0,0,0,0,0,0,0,0,0,0,0,0,0,0,0,0,0
3150,1,0,0,0,0,0,0,0,0,0,0,0,0,0,0,0,0,0,0,0,0,0,0,0,0,0,0,0,0,0,0,0,0,0,0,0,0,0,0,0,0,0,0,0,0,0,0,0,0,0,0,0,0,0,0,0,0,0,0,0,0,0,0,0,0
3151,1,0,0,0,0,0,0,0,0,0,0,0,0,0,0,0,0,0,0,0,0,0,0,0,0,0,0,0,0,0,0,0,0,0,0,0,0,0,0,0,0,0,0,0,0,0,0,0,0,0,0,0,0,0,0,0,0,0,0,0,0,0,0,0,0
3152,1,0,0,0,0,0,0,0,0,0,0,0,0,0,0,0,0,0,0,0,0,0,0,0,0,0,0,0,0,0,0,0,0,0,0,0,0,0,0,0,0,0,0,0,0,0,0,0,0,0,0,0,0,0,0,0,0,0,0,0,0,0,0,0,0
3153,1,0,0,0,0,0,0,0,0,0,0,0,0,0,0,0,0,0,0,0,0,0,0,0,0,0,0,0,0,0,0,0,0,0,0,0,0,0,0,0,0,0,0,0,0,0,0,0,0,0,0,0,0,0,0,0,0,0,0,0,0,0,0,0,0
3154,1,0,0,0,0,0,0,0,0,0,0,0,0,0,0,0,0,0,0,0,0,0,0,0,0,0,0,0,0,0,0,0,0,0,0,0,0,0,0,0,0,0,0,0,0,0,0,0,0,0,0,0,0,0,0,0,0,0,0,0,0,0,0,0,0
3155,1,0,0,0,0,0,0,0,0,0,0,0,0,0,0,0,0,0,0,0,0,0,0,0,0,0,0,0,0,0,0,0,0,0,0,0,0,0,0,0,0,0,0,0,0,0,0,0,0,0,0,0,0,0,0,0,0,0,0,0,0,0,0,0,0
3156,1,0,0,0,0,0,0,0,0,0,0,0,0,0,0,0,0,0,0,0,0,0,0,0,0,0,0,0,0,0,0,0,0,0,0,0,0,0,0,0,0,0,0,0,0,0,0,0,0,0,0,0,0,0,0,0,0,0,0,0,0,0,0,0,0
3157,1,0,0,0,0,0,0,0,0,0,0,0,0,0,0,0,0,0,0,0,0,0,0,0,0,0,0,0,0,0,0,0,0,0,0,0,0,0,0,0,0,0,0,0,0,0,0,0,0,0,0,0,0,0,0,0,0,0,0,0,0,0,0,0,0
3158,1,0,0,0,0,0,0,0,0,0,0,0,0,0,0,0,0,0,0,0,0,0,0,0,0,0,0,0,0,0,0,0,0,0,0,0,0,0,0,0,0,0,0,0,0,0,0,0,0,0,0,0,0,0,0,0,0,0,0,0,0,0,0,0,0
3159,1,0,0,0,0,0,0,0,0,0,0,0,0,0,0,0,0,0,0,0,0,0,0,0,0,0,0,0,0,0,0,0,0,0,0,0,0,0,0,0,0,0,0,0,0,0,0,0,0,0,0,0,0,0,0,0,0,0,0,0,0,0,0,0,0
3160,1,0,0,0,0,0,0,0,0,0,0,0,0,0,0,0,0,0,0,0,0,0,0,0,0,0,0,0,0,0,0,0,0,0,0,0,0,0,0,0,0,0,0,0,0,0,0,0,0,0,0,0,0,0,0,0,0,0,0,0,0,0,0,0,0
3161,1,0,0,0,0,0,0,0,0,0,0,0,0,0,0,0,0,0,0,0,0,0,0,0,0,0,0,0,0,0,0,0,0,0,0,0,0,0,0,0,0,0,0,0,0,0,0,0,0,0,0,0,0,0,0,0,0,0,0,0,0,0,0,0,0
3162,1,0,0,0,0,0,0,0,0,0,0,0,0,0,0,0,0,0,0,0,0,0,0,0,0,0,0,0,0,0,0,0,0,0,0,0,0,0,0,0,0,0,0,0,0,0,0,0,0,0,0,0,0,0,0,0,0,0,0,0,0,0,0,0,0
3163,1,0,0,0,0,0,0,0,0,0,0,0,0,0,0,0,0,0,0,0,0,0,0,0,0,0,0,0,0,0,0,0,0,0,0,0,0,0,0,0,0,0,0,0,0,0,0,0,0,0,0,0,0,0,0,0,0,0,0,0,0,0,0,0,0
3164,1,0,0,0,0,0,0,0,0,0,0,0,0,0,0,0,0,0,0,0,0,0,0,0,0,0,0,0,0,0,0,0,0,0,0,0,0,0,0,0,0,0,0,0,0,0,0,0,0,0,0,0,0,0,0,0,0,0,0,0,0,0,0,0,0
3165,1,0,0,0,0,0,0,0,0,0,0,0,0,0,0,0,0,0,0,0,0,0,0,0,0,0,0,0,0,0,0,0,0,0,0,0,0,0,0,0,0,0,0,0,0,0,0,0,0,0,0,0,0,0,0,0,0,0,0,0,0,0,0,0,0
3166,1,0,0,0,0,0,0,0,0,0,0,0,0,0,0,0,0,0,0,0,0,0,0,0,0,0,0,0,0,0,0,0,0,0,0,0,0,0,0,0,0,0,0,0,0,0,0,0,0,0,0,0,0,0,0,0,0,0,0,0,0,0,0,0,0
3167,1,0,0,0,0,0,0,0,0,0,0,0,0,0,0,0,0,0,0,0,0,0,0,0,0,0,0,0,0,0,0,0,0,0,0,0,0,0,0,0,0,0,0,0,0,0,0,0,0,0,0,0,0,0,0,0,0,0,0,0,0,0,0,0,0
3168,1,0,0,0,0,0,0,0,0,0,0,0,0,0,0,0,0,0,0,0,0,0,0,0,0,0,0,0,0,0,0,0,0,0,0,0,0,0,0,0,0,0,0,0,0,0,0,0,0,0,0,0,0,0,0,0,0,0,0,0,0,0,0,0,0
3169,1,0,0,0,0,0,0,0,0,0,0,0,0,0,0,0,0,0,0,0,0,0,0,0,0,0,0,0,0,0,0,0,0,0,0,0,0,0,0,0,0,0,0,0,0,0,0,0,0,0,0,0,0,0,0,0,0,0,0,0,0,0,0,0,0
3170,1,0,0,0,0,0,0,0,0,0,0,0,0,0,0,0,0,0,0,0,0,0,0,0,0,0,0,0,0,0,0,0,0,0,0,0,0,0,0,0,0,0,0,0,0,0,0,0,0,0,0,0,0,0,0,0,0,0,0,0,0,0,0,0,0
3171,1,0,0,0,0,0,0,0,0,0,0,0,0,0,0,0,0,0,0,0,0,0,0,0,0,0,0,0,0,0,0,0,0,0,0,0,0,0,0,0,0,0,0,0,0,0,0,0,0,0,0,0,0,0,0,0,0,0,0,0,0,0,0,0,0
3172,1,0,0,0,0,0,0,0,0,0,0,0,0,0,0,0,0,0,0,0,0,0,0,0,0,0,0,0,0,0,0,0,0,0,0,0,0,0,0,0,0,0,0,0,0,0,0,0,0,0,0,0,0,0,0,0,0,0,0,0,0,0,0,0,0
3173,1,0,0,0,0,0,0,0,0,0,0,0,0,0,0,0,0,0,0,0,0,0,0,0,0,0,0,0,0,0,0,0,0,0,0,0,0,0,0,0,0,0,0,0,0,0,0,0,0,0,0,0,0,0,0,0,0,0,0,0,0,0,0,0,0
3174,1,0,0,0,0,0,0,0,0,0,0,0,0,0,0,0,0,0,0,0,0,0,0,0,0,0,0,0,0,0,0,0,0,0,0,0,0,0,0,0,0,0,0,0,0,0,0,0,0,0,0,0,0,0,0,0,0,0,0,0,0,0,0,0,0
3175,1,0,0,0,0,0,0,0,0,0,0,0,0,0,0,0,0,0,0,0,0,0,0,0,0,0,0,0,0,0,0,0,0,0,0,0,0,0,0,0,0,0,0,0,0,0,0,0,0,0,0,0,0,0,0,0,0,0,0,0,0,0,0,0,0
3176,1,0,0,0,0,0,0,0,0,0,0,0,0,0,0,0,0,0,0,0,0,0,0,0,0,0,0,0,0,0,0,0,0,0,0,0,0,0,0,0,0,0,0,0,0,0,0,0,0,0,0,0,0,0,0,0,0,0,0,0,0,0,0,0,0
3177,1,0,0,0,0,0,0,0,0,0,0,0,0,0,0,0,0,0,0,0,0,0,0,0,0,0,0,0,0,0,0,0,0,0,0,0,0,0,0,0,0,0,0,0,0,0,0,0,0,0,0,0,0,0,0,0,0,0,0,0,0,0,0,0,0
3178,1,0,0,0,0,0,0,0,0,0,0,0,0,0,0,0,0,0,0,0,0,0,0,0,0,0,0,0,0,0,0,0,0,0,0,0,0,0,0,0,0,0,0,0,0,0,0,0,0,0,0,0,0,0,0,0,0,0,0,0,0,0,0,0,0
3179,1,0,0,0,0,0,0,0,0,0,0,0,0,0,0,0,0,0,0,0,0,0,0,0,0,0,0,0,0,0,0,0,0,0,0,0,0,0,0,0,0,0,0,0,0,0,0,0,0,0,0,0,0,0,0,0,0,0,0,0,0,0,0,0,0
3180,1,0,0,0,0,0,0,0,0,0,0,0,0,0,0,0,0,0,0,0,0,0,0,0,0,0,0,0,0,0,0,0,0,0,0,0,0,0,0,0,0,0,0,0,0,0,0,0,0,0,0,0,0,0,0,0,0,0,0,0,0,0,0,0,0
3181,1,0,0,0,0,0,0,0,0,0,0,0,0,0,0,0,0,0,0,0,0,0,0,0,0,0,0,0,0,0,0,0,0,0,0,0,0,0,0,0,0,0,0,0,0,0,0,0,0,0,0,0,0,0,0,0,0,0,0,0,0,0,0,0,0
3182,1,0,0,0,0,0,0,0,0,0,0,0,0,0,0,0,0,0,0,0,0,0,0,0,0,0,0,0,0,0,0,0,0,0,0,0,0,0,0,0,0,0,0,0,0,0,0,0,0,0,0,0,0,0,0,0,0,0,0,0,0,0,0,0,0
3183,1,0,0,0,0,0,0,0,0,0,0,0,0,0,0,0,0,0,0,0,0,0,0,0,0,0,0,0,0,0,0,0,0,0,0,0,0,0,0,0,0,0,0,0,0,0,0,0,0,0,0,0,0,0,0,0,0,0,0,0,0,0,0,0,0
3184,1,0,0,0,0,0,0,0,0,0,0,0,0,0,0,0,0,0,0,0,0,0,0,0,0,0,0,0,0,0,0,0,0,0,0,0,0,0,0,0,0,0,0,0,0,0,0,0,0,0,0,0,0,0,0,0,0,0,0,0,0,0,0,0,0
3185,1,0,0,0,0,0,0,0,0,0,0,0,0,0,0,0,0,0,0,0,0,0,0,0,0,0,0,0,0,0,0,0,0,0,0,0,0,0,0,0,0,0,0,0,0,0,0,0,0,0,0,0,0,0,0,0,0,0,0,0,0,0,0,0,0
3186,1,0,0,0,0,0,0,0,0,0,0,0,0,0,0,0,0,0,0,0,0,0,0,0,0,0,0,0,0,0,0,0,0,0,0,0,0,0,0,0,0,0,0,0,0,0,0,0,0,0,0,0,0,0,0,0,0,0,0,0,0,0,0,0,0
3187,1,0,0,0,0,0,0,0,0,0,0,0,0,0,0,0,0,0,0,0,0,0,0,0,0,0,0,0,0,0,0,0,0,0,0,0,0,0,0,0,0,0,0,0,0,0,0,0,0,0,0,0,0,0,0,0,0,0,0,0,0,0,0,0,0
3188,1,0,0,0,0,0,0,0,0,0,0,0,0,0,0,0,0,0,0,0,0,0,0,0,0,0,0,0,0,0,0,0,0,0,0,0,0,0,0,0,0,0,0,0,0,0,0,0,0,0,0,0,0,0,0,0,0,0,0,0,0,0,0,0,0
3189,1,0,0,0,0,0,0,0,0,0,0,0,0,0,0,0,0,0,0,0,0,0,0,0,0,0,0,0,0,0,0,0,0,0,0,0,0,0,0,0,0,0,0,0,0,0,0,0,0,0,0,0,0,0,0,0,0,0,0,0,0,0,0,0,0
3190,1,0,0,0,0,0,0,0,0,0,0,0,0,0,0,0,0,0,0,0,0,0,0,0,0,0,0,0,0,0,0,0,0,0,0,0,0,0,0,0,0,0,0,0,0,0,0,0,0,0,0,0,0,0,0,0,0,0,0,0,0,0,0,0,0
3191,1,0,0,0,0,0,0,0,0,0,0,0,0,0,0,0,0,0,0,0,0,0,0,0,0,0,0,0,0,0,0,0,0,0,0,0,0,0,0,0,0,0,0,0,0,0,0,0,0,0,0,0,0,0,0,0,0,0,0,0,0,0,0,0,0
3192,1,0,0,0,0,0,0,0,0,0,0,0,0,0,0,0,0,0,0,0,0,0,0,0,0,0,0,0,0,0,0,0,0,0,0,0,0,0,0,0,0,0,0,0,0,0,0,0,0,0,0,0,0,0,0,0,0,0,0,0,0,0,0,0,0
3193,1,0,0,0,0,0,0,0,0,0,0,0,0,0,0,0,0,0,0,0,0,0,0,0,0,0,0,0,0,0,0,0,0,0,0,0,0,0,0,0,0,0,0,0,0,0,0,0,0,0,0,0,0,0,0,0,0,0,0,0,0,0,0,0,0
3194,1,0,0,0,0,0,0,0,0,0,0,0,0,0,0,0,0,0,0,0,0,0,0,0,0,0,0,0,0,0,0,0,0,0,0,0,0,0,0,0,0,0,0,0,0,0,0,0,0,0,0,0,0,0,0,0,0,0,0,0,0,0,0,0,0
3195,1,0,0,0,0,0,0,0,0,0,0,0,0,0,0,0,0,0,0,0,0,0,0,0,0,0,0,0,0,0,0,0,0,0,0,0,0,0,0,0,0,0,0,0,0,0,0,0,0,0,0,0,0,0,0,0,0,0,0,0,0,0,0,0,0
3196,1,0,0,0,0,0,0,0,0,0,0,0,0,0,0,0,0,0,0,0,0,0,0,0,0,0,0,0,0,0,0,0,0,0,0,0,0,0,0,0,0,0,0,0,0,0,0,0,0,0,0,0,0,0,0,0,0,0,0,0,0,0,0,0,0
3197,1,0,0,0,0,0,0,0,0,0,0,0,0,0,0,0,0,0,0,0,0,0,0,0,0,0,0,0,0,0,0,0,0,0,0,0,0,0,0,0,0,0,0,0,0,0,0,0,0,0,0,0,0,0,0,0,0,0,0,0,0,0,0,0,0
3198,1,0,0,0,0,0,0,0,0,0,0,0,0,0,0,0,0,0,0,0,0,0,0,0,0,0,0,0,0,0,0,0,0,0,0,0,0,0,0,0,0,0,0,0,0,0,0,0,0,0,0,0,0,0,0,0,0,0,0,0,0,0,0,0,0
3199,1,0,0,0,0,0,0,0,0,0,0,0,0,0,0,0,0,0,0,0,0,0,0,0,0,0,0,0,0,0,0,0,0,0,0,0,0,0,0,0,0,0,0,0,0,0,0,0,0,0,0,0,0,0,0,0,0,0,0,0,0,0,0,0,0
3200,1,0,0,0,0,0,0,0,0,0,0,0,0,0,0,0,0,0,0,0,0,0,0,0,0,0,0,0,0,0,0,0,0,0,0,0,0,0,0,0,0,0,0,0,0,0,0,0,0,0,0,0,0,0,0,0,0,0,0,0,0,0,0,0,0
3201,1,0,0,0,0,0,0,0,0,0,0,0,0,0,0,0,0,0,0,0,0,0,0,0,0,0,0,0,0,0,0,0,0,0,0,0,0,0,0,0,0,0,0,0,0,0,0,0,0,0,0,0,0,0,0,0,0,0,0,0,0,0,0,0,0
3202,1,0,0,0,0,0,0,0,0,0,0,0,0,0,0,0,0,0,0,0,0,0,0,0,0,0,0,0,0,0,0,0,0,0,0,0,0,0,0,0,0,0,0,0,0,0,0,0,0,0,0,0,0,0,0,0,0,0,0,0,0,0,0,0,0
3203,1,0,0,0,0,0,0,0,0,0,0,0,0,0,0,0,0,0,0,0,0,0,0,0,0,0,0,0,0,0,0,0,0,0,0,0,0,0,0,0,0,0,0,0,0,0,0,0,0,0,0,0,0,0,0,0,0,0,0,0,0,0,0,0,0
3204,1,0,0,0,0,0,0,0,0,0,0,0,0,0,0,0,0,0,0,0,0,0,0,0,0,0,0,0,0,0,0,0,0,0,0,0,0,0,0,0,0,0,0,0,0,0,0,0,0,0,0,0,0,0,0,0,0,0,0,0,0,0,0,0,0
3205,1,0,0,0,0,0,0,0,0,0,0,0,0,0,0,0,0,0,0,0,0,0,0,0,0,0,0,0,0,0,0,0,0,0,0,0,0,0,0,0,0,0,0,0,0,0,0,0,0,0,0,0,0,0,0,0,0,0,0,0,0,0,0,0,0
3206,1,0,0,0,0,0,0,0,0,0,0,0,0,0,0,0,0,0,0,0,0,0,0,0,0,0,0,0,0,0,0,0,0,0,0,0,0,0,0,0,0,0,0,0,0,0,0,0,0,0,0,0,0,0,0,0,0,0,0,0,0,0,0,0,0
3207,1,0,0,0,0,0,0,0,0,0,0,0,0,0,0,0,0,0,0,0,0,0,0,0,0,0,0,0,0,0,0,0,0,0,0,0,0,0,0,0,0,0,0,0,0,0,0,0,0,0,0,0,0,0,0,0,0,0,0,0,0,0,0,0,0
3208,1,0,0,0,0,0,0,0,0,0,0,0,0,0,0,0,0,0,0,0,0,0,0,0,0,0,0,0,0,0,0,0,0,0,0,0,0,0,0,0,0,0,0,0,0,0,0,0,0,0,0,0,0,0,0,0,0,0,0,0,0,0,0,0,0
3209,1,0,0,0,0,0,0,0,0,0,0,0,0,0,0,0,0,0,0,0,0,0,0,0,0,0,0,0,0,0,0,0,0,0,0,0,0,0,0,0,0,0,0,0,0,0,0,0,0,0,0,0,0,0,0,0,0,0,0,0,0,0,0,0,0
3210,1,0,0,0,0,0,0,0,0,0,0,0,0,0,0,0,0,0,0,0,0,0,0,0,0,0,0,0,0,0,0,0,0,0,0,0,0,0,0,0,0,0,0,0,0,0,0,0,0,0,0,0,0,0,0,0,0,0,0,0,0,0,0,0,0
3211,1,0,0,0,0,0,0,0,0,0,0,0,0,0,0,0,0,0,0,0,0,0,0,0,0,0,0,0,0,0,0,0,0,0,0,0,0,0,0,0,0,0,0,0,0,0,0,0,0,0,0,0,0,0,0,0,0,0,0,0,0,0,0,0,0
3212,1,0,0,0,0,0,0,0,0,0,0,0,0,0,0,0,0,0,0,0,0,0,0,0,0,0,0,0,0,0,0,0,0,0,0,0,0,0,0,0,0,0,0,0,0,0,0,0,0,0,0,0,0,0,0,0,0,0,0,0,0,0,0,0,0
3213,1,0,0,0,0,0,0,0,0,0,0,0,0,0,0,0,0,0,0,0,0,0,0,0,0,0,0,0,0,0,0,0,0,0,0,0,0,0,0,0,0,0,0,0,0,0,0,0,0,0,0,0,0,0,0,0,0,0,0,0,0,0,0,0,0
3214,1,0,0,0,0,0,0,0,0,0,0,0,0,0,0,0,0,0,0,0,0,0,0,0,0,0,0,0,0,0,0,0,0,0,0,0,0,0,0,0,0,0,0,0,0,0,0,0,0,0,0,0,0,0,0,0,0,0,0,0,0,0,0,0,0
3215,1,0,0,0,0,0,0,0,0,0,0,0,0,0,0,0,0,0,0,0,0,0,0,0,0,0,0,0,0,0,0,0,0,0,0,0,0,0,0,0,0,0,0,0,0,0,0,0,0,0,0,0,0,0,0,0,0,0,0,0,0,0,0,0,0
3216,2,0,0,0,0,0,0,0,0,0,0,0,0,0,0,0,0,0,0,0,0,0,0,0,0,0,0,0,0,0,0,0,0,0,0,0,0,0,0,0,0,0,0,0,0,0,0,0,0,0,0,0,0,0,0,0,0,0,0,0,0,0,0,0,0
3217,2,0,0,0,0,0,0,0,0,0,0,0,0,0,0,0,0,0,0,0,0,0,0,0,0,0,0,0,0,0,0,0,0,0,0,0,0,0,0,0,0,0,0,0,0,0,0,0,0,0,0,0,0,0,0,0,0,0,0,0,0,0,0,0,0
3218,2,0,0,0,0,0,0,0,0,0,0,0,0,0,0,0,0,0,0,0,0,0,0,0,0,0,0,0,0,0,0,0,0,0,0,0,0,0,0,0,0,0,0,0,0,0,0,0,0,0,0,0,0,0,0,0,0,0,0,0,0,0,0,0,0
3219,2,0,0,0,0,0,0,0,0,0,0,0,0,0,0,0,0,0,0,0,0,0,0,0,0,0,0,0,0,0,0,0,0,0,0,0,0,0,0,0,0,0,0,0,0,0,0,0,0,0,0,0,0,0,0,0,0,0,0,0,0,0,0,0,0
3220,2,0,0,0,0,0,0,0,0,0,0,0,0,0,0,0,0,0,0,0,0,0,0,0,0,0,0,0,0,0,0,0,0,0,0,0,0,0,0,0,0,0,0,0,0,0,0,0,0,0,0,0,0,0,0,0,0,0,0,0,0,0,0,0,0
3221,2,0,0,0,0,0,0,0,0,0,0,0,0,0,0,0,0,0,0,0,0,0,0,0,0,0,0,0,0,0,0,0,0,0,0,0,0,0,0,0,0,0,0,0,0,0,0,0,0,0,0,0,0,0,0,0,0,0,0,0,0,0,0,0,0
3222,2,125,0,0,0,0,0,0,0,0,0,0,0,0,0,0,0,0,0,0,0,0,0,0,0,0,0,0,0,0,0,0,0,-17,0,0,0,0,0,0,0,0,0,0,0,0,0,0,0,0,0,0,0,0,0,0,0,0,0,0,0,0,0,0,0
3223,2,125,0,0,0,0,0,0,0,0,0,0,0,0,0,0,0,0,0,0,0,0,0,0,0,0,0,0,0,0,0,0,0,-17,0,0,0,0,0,0,0,0,0,0,0,0,0,0,0,0,0,0,0,0,0,0,0,0,0,0,0,0,0,0,0
3224,2,125,0,0,0,0,0,0,0,0,0,0,0,0,0,0,0,0,0,0,0,0,0,0,0,0,0,0,0,0,0,0,0,-17,0,0,0,0,0,0,0,0,0,0,0,0,0,0,0,0,0,0,0,0,0,0,0,0,0,0,0,0,0,0,0
3225,2,-114,-114,0,0,0,0,0,0,0,0,0,0,0,0,0,0,0,0,0,0,0,0,0,0,0,0,0,0,0,0,0,0,-26,-17,0,0,0,0,0,0,0,0,0,0,0,0,0,0,0,0,0,0,0,0,0,0,0,0,0,0,0,0,0,0
3226,2,-114,-114,0,0,0,0,0,0,0,0,0,0,0,0,0,0,0,0,0,0,0,0,0,0,0,0,0,0,0,0,0,0,-26,-17,0,0,0,0,0,0,0,0,0,0,0,0,0,0,0,0,0,0,0,0,0,0,0,0,0,0,0,0,0,0
3227,2,-114,-114,0,0,0,0,0,0,0,0,0,0,0,0,0,0,0,0,0,0,0,0,0,0,0,0,0,0,0,0,0,0,-26,-17,0,0,0,0,0,0,0,0,0,0,0,0,0,0,0,0,0,0,0,0,0,0,0,0,0,0,0,0,0,0
3228,2,-40,-40,-40,0,0,0,0,0,0,0,0,0,0,0,0,0,0,0,0,0,0,0,0,0,0,0,0,0,0,0,0,0,-22,-51,-17,0,0,0,0,0,0,0,0,0,0,0,0,0,0,0,0,0,0,0,0,0,0,0,0,0,0,0,0,0
3229,2,-40,-40,-40,0,0,0,0,0,0,0,0,0,0,0,0,0,0,0,0,0,0,0,0,0,0,0,0,0,0,0,0,0,-22,-51,-17,0,0,0,0,0,0,0,0,0,0,0,0,0,0,0,0,0,0,0,0,0,0,0,0,0,0,0,0,0
3230,2,-40,-40,-40,0,0,0,0,0,0,0,0,0,0,0,0,0,0,0,0,0,0,0,0,0,0,0,0,0,0,0,0,0,-22,-51,-17,0,0,0,0,0,0,0,0,0,0,0,0,0,0,0,0,0,0,0,0,0,0,0,0,0,0,0,0,0
3231,2,-110,-110,-110,-110,0,0,0,0,0,0,0,0,0,0,0,0,0,0,0,0,0,0,0,0,0,0,0,0,0,0,0,0,-12,41,121,-17,0,0,0,0,0,0,0,0,0,0,0,0,0,0,0,0,0,0,0,0,0,0,0,0,0,0,0,0
3232,2,-110,-110,-110,-110,0,0,0,0,0,0,0,0,0,0,0,0,0,0,0,0,0,0,0,0,0,0,0,0,0,0,0,0,-12,41,121,-17,0,0,0,0,0,0,0,0,0,0,0,0,0,0,0,0,0,0,0,0,0,0,0,0,0,0,0,0
3233,2,-110,-110,-110,-110,0,0,0,0,0,0,0,0,0,0,0,0,0,0,0,0,0,0,0,0,0,0,0,0,0,0,0,0,-12,41,121,-17,0,0,0,0,0,0,0,0,0,0,0,0,0,0,0,0,0,0,0,0,0,0,0,0,0,0,0,0
3234,2,-30,-30,-30,-30,-30,0,0,0,0,0,0,0,0,0,0,0,0,0,0,0,0,0,0,0,0,0,0,0,0,0,0,0,121,-17,-103,7,-17,0,0,0,0,0,0,0,0,0,0,0,0,0,0,0,0,0,0,0,0,0,0,0,0,0,0,0
3235,2,-30,-30,-30,-30,-30,0,0,0,0,0,0,0,0,0,0,0,0,0,0,0,0,0,0,0,0,0,0,0,0,0,0,0,121,-17,-103,7,-17,0,0,0,0,0,0,0,0,0,0,0,0,0,0,0,0,0,0,0,0,0,0,0,0,0,0,0
3236,2,-30,-30,-30,-30,-30,0,0,0,0,0,0,0,0,0,0,0,0,0,0,0,0,0,0,0,0,0,0,0,0,0,0,0,121,-17,-103,7,-17,0,0,0,0,0,0,0,0,0,0,0,0,0,0,0,0,0,0,0,0,0,0,0,0,0,0,0
3237,2,-113,118,118,118,118,118,0,0,0,0,0,0,0,0,0,0,0,0,0,0,0,0,0,0,0,0,0,0,0,0,0,0,-22,-87,-9,71,-76,-17,0,0,0,0,0,0,0,0,0,0,0,0,0,0,0,0,0,0,0,0,0,0,0,0,0,0
3238,2,-113,118,118,118,118,118,0,0,0,0,0,0,0,0,0,0,0,0,0,0,0,0,0,0,0,0,0,0,0,0,0,0,-22,-87,-9,71,-76,-17,0,0,0,0,0,0,0,0,0,0,0,0,0,0,0,0,0,0,0,0,0,0,0,0,0,0
3239,2,-113,118,118,118,118,118,0,0,0,0,0,0,0,0,0,0,0,0,0,0,0,0,0,0,0,0,0,0,0,0,0,0,-22,-87,-9,71,-76,-17,0,0,0,0,0,0,0,0,0,0,0,0,0,0,0,0,0,0,0,0,0,0,0,0,0,0
3240,2,67,67,117,117,117,117,117,0,0,0,0,0,0,0,0,0,0,0,0,0,0,0,0,0,0,0,0,0,0,0,0,0,114,-75,-120,73,-25,-100,-17,0,0,0,0,0,0,0,0,0,0,0,0,0,0,0,0,0,0,0,0,0,0,0,0,0
3241,2,67,67,117,117,117,117,117,0,0,0,0,0,0,0,0,0,0,0,0,0,0,0,0,0,0,0,0,0,0,0,0,0,114,-75,-120,73,-25,-100,-17,0,0,0,0,0,0,0,0,0,0,0,0,0,0,0,0,0,0,0,0,0,0,0,0,0
3242,2,67,67,117,117,117,117,117,0,0,0,0,0,0,0,0,0,0,0,0,0,0,0,0,0,0,0,0,0,0,0,0,0,114,-75,-120,73,-25,-100,-17,0,0,0,0,0,0,0,0,0,0,0,0,0,0,0,0,0,0,0,0,0,0,0,0,0
3243,2,79,79,79,-24,-24,-24,-24,-24,0,0,0,0,0,0,0,0,0,0,0,0,0,0,0,0,0,0,0,0,0,0,0,0,2,-85,127,-21,118,19,40,-17,0,0,0,0,0,0,0,0,0,0,0,0,0,0,0,0,0,0,0,0,0,0,0,0
3244,2,79,79,79,-24,-24,-24,-24,-24,0,0,0,0,0,0,0,0,0,0,0,0,0,0,0,0,0,0,0,0,0,0,0,0,2,-85,127,-21,118,19,40,-17,0,0,0,0,0,0,0,0,0,0,0,0,0,0,0,0,0,0,0,0,0,0,0,0
3245,2,79,79,79,-24,-24,-24,-24,-24,0,0,0,0,0,0,0,0,0,0,0,0,0,0,0,0,0,0,0,0,0,0,0,0,2,-85,127,-21,118,19,40,-17,0,0,0,0,0,0,0,0,0,0,0,0,0,0,0,0,0,0,0,0,0,0,0,0
3246,2,-22,-22,-22,-22,13,13,13,13,125,0,0,0,0,0,0,0,0,0,0,0,0,0,0,0,0,0,0,0,0,0,0,0,-24,4,-125,-103,-112,8,76,42,-17,0,0,0,0,0,0,0,0,0,0,0,0,0,0,0,0,0,0,0,0,0,0,0
3247,2,-22,-22,-22,-22,13,13,13,13,125,0,0,0,0,0,0,0,0,0,0,0,0,0,0,0,0,0,0,0,0,0,0,0,-24,4,-125,-103,-112,8,76,42,-17,0,0,0,0,0,0,0,0,0,0,0,0,0,0,0,0,0,0,0,0,0,0,0
3248,2,-22,-22,-22,-22,13,13,13,13,125,0,0,0,0,0,0,0,0,0,0,0,0,0,0,0,0,0,0,0,0,0,0,0,-24,4,-125,-103,-112,8,76,42,-17,0,0,0,0,0,0,0,0,0,0,0,0,0,0,0,0,0,0,0,0,0,0,0
3249,2,52,52,52,52,52,41,41,41,-114,125,0,0,0,0,0,0,0,0,0,0,0,0,0,0,0,0,0,0,0,0,0,0,-96,-17,70,121,31,-107,-11,-125,45,-17,0,0,0,0,0,0,0,0,0,0,0,0,0,0,0,0,0,0,0,0,0,0
3250,2,52,52,52,52,52,41,41,41,-114,125,0,0,0,0,0,0,0,0,0,0,0,0,0,0,0,0,0,0,0,0,0,0,-96,-17,70,121,31,-107,-11,-125,45,-17,0,0,0,0,0,0,0,0,0,0,0,0,0,0,0,0,0,0,0,0,0,0
3251,2,52,52,52,52,52,41,41,41,-114,125,0,0,0,0,0,0,0,0,0,0,0,0,0,0,0,0,0,0,0,0,0,0,-96,-17,70,121,31,-107,-11,-125,45,-17,0,0,0,0,0,0,0,0,0,0,0,0,0,0,0,0,0,0,0,0,0,0
3252,2,-121,0,0,0,0,0,-66,-66,-40,-114,125,0,0,0,0,0,0,0,0,0,0,0,0,0,0,0,0,0,0,0,0,0,-56,76,-22,-72,-30,122,-82,-6,-17,-92,-17,0,0,0,0,0,0,0,0,0,0,0,0,0,0,0,0,0,0,0,0,0
3253,2,-121,0,0,0,0,0,-66,-66,-40,-114,125,0,0,0,0,0,0,0,0,0,0,0,0,0,0,0,0,0,0,0,0,0,-56,76,-22,-72,-30,122,-82,-6,-17,-92,-17,0,0,0,0,0,0,0,0,0,0,0,0,0,0,0,0,0,0,0,0,0
3254,2,-121,0,0,0,0,0,-66,-66,-40,-114,125,0,0,0,0,0,0,0,0,0,0,0,0,0,0,0,0,0,0,0,0,0,-56,76,-22,-72,-30,122,-82,-6,-17,-92,-17,0,0,0,0,0,0,0,0,0,0,0,0,0,0,0,0,0,0,0,0,0
3255,2,17,17,21,21,21,21,21,3,-110,-40,-114,125,0,0,0,0,0,0,0,0,0,0,0,0,0,0,0,0,0,0,0,0,80,-64,-22,-89,62,-16,104,47,-39,-114,29,-17,0,0,0,0,0,0,0,0,0,0,0,0,0,0,0,0,0,0,0,0
3256,2,17,17,21,21,21,21,21,3,-110,-40,-114,125,0,0,0,0,0,0,0,0,0,0,0,0,0,0,0,0,0,0,0,0,80,-64,-22,-89,62,-16,104,47,-39,-114,29,-17,0,0,0,0,0,0,0,0,0,0,0,0,0,0,0,0,0,0,0,0
3257,2,17,17,21,21,21,21,21,3,-110,-40,-114,125,0,0,0,0,0,0,0,0,0,0,0,0,0,0,0,0,0,0,0,0,80,-64,-22,-89,62,-16,104,47,-39,-114,29,-17,0,0,0,0,0,0,0,0,0,0,0,0,0,0,0,0,0,0,0,0
3258,2,19,19,19,107,107,107,107,107,-30,-110,-40,-114,125,0,0,0,0,0,0,0,0,0,0,0,0,0,0,0,0,0,0,0,-55,-59,-93,46,-117,-44,-76,-116,66,116,-102,-31,-17,0,0,0,0,0,0,0,0,0,0,0,0,0,0,0,0,0,0,0
3259,2,19,19,19,107,107,107,107,107,-30,-110,-40,-114,125,0,0,0,0,0,0,0,0,0,0,0,0,0,0,0,0,0,0,0,-55,-59,-93,46,-117,-44,-76,-116,66,116,-102,-31,-17,0,0,0,0,0,0,0,0,0,0,0,0,0,0,0,0,0,0,0
3260,2,19,19,19,107,107,107,107,107,-30,-110,-40,-114,125,0,0,0,0,0,0,0,0,0,0,0,0,0,0,0,0,0,0,0,-55,-59,-93,46,-117,-44,-76,-116,66,116,-102,-31,-17,0,0,0,0,0,0,0,0,0,0,0,0,0,0,0,0,0,0,0
3261,2,-61,-61,-61,-61,-103,-103,-103,-103,-113,-30,-110,-40,-114,125,0,0,0,0,0,0,0,0,0,0,0,0,0,0,0,0,0,0,-23,-122,-41,64,77,70,-12,-53,-36,72,120,59,46,-17,0,0,0,0,0,0,0,0,0,0,0,0,0,0,0,0,0,0
3262,2,-61,-61,-61,-61,-103,-103,-103,-103,-113,-30,-110,-40,-114,125,0,0,0,0,0,0,0,0,0,0,0,0,0,0,0,0,0,0,-23,-122,-41,64,77,70,-12,-53,-36,72,120,59,46,-17,0,0,0,0,0,0,0,0,0,0,0,0,0,0,0,0,0,0
3263,2,-61,-61,-61,-61,-103,-103,-103,-103,-113,-30,-110,-40,-114,125,0,0,0,0,0,0,0,0,0,0,0,0,0,0,0,0,0,0,-23,-122,-41,64,77,70,-12,-53,-36,72,120,59,46,-17,0,0,0,0,0,0,0,0,0,0,0,0,0,0,0,0,0,0
3264,2,10,10,10,10,10,117,117,117,67,-113,-30,-110,-40,-114,125,0,0,0,0,0,0,0,0,0,0,0,0,0,0,0,0,0,-24,-77,-121,31,8,27,-49,-112,-119,34,-23,56,-33,115,-17,0,0,0,0,0,0,0,0,0,0,0,0,0,0,0,0,0
3265,2,10,10,10,10,10,117,117,117,67,-113,-30,-110,-40,-114,125,0,0,0,0,0,0,0,0,0,0,0,0,0,0,0,0,0,-24,-77,-121,31,8,27,-49,-112,-119,34,-23,56,-33,115,-17,0,0,0,0,0,0,0,0,0,0,0,0,0,0,0,0,0
3266,2,10,10,10,10,10,117,117,117,67,-113,-30,-110,-40,-114,125,0,0,0,0,0,0,0,0,0,0,0,0,0,0,0,0,0,-24,-77,-121,31,8,27,-49,-112,-119,34,-23,56,-33,115,-17,0,0,0,0,0,0,0,0,0,0,0,0,0,0,0,0,0
3267,2,-96,125,125,125,125,125,-76,-76,79,67,-113,-30,-110,-40,-114,125,0,0,0,0,0,0,0,0,0,0,0,0,0,0,0,0,101,-109,-67,-89,118,-11,-2,15,4,44,33,31,-33,-19,-6,-17,0,0,0,0,0,0,0,0,0,0,0,0,0,0,0,0
3268,2,-96,125,125,125,125,125,-76,-76,79,67,-113,-30,-110,-40,-114,125,0,0,0,0,0,0,0,0,0,0,0,0,0,0,0,0,101,-109,-67,-89,118,-11,-2,15,4,44,33,31,-33,-19,-6,-17,0,0,0,0,0,0,0,0,0,0,0,0,0,0,0,0
3269,2,-96,125,125,125,125,125,-76,-76,79,67,-113,-30,-110,-40,-114,125,0,0,0,0,0,0,0,0,0,0,0,0,0,0,0,0,101,-109,-67,-89,118,-11,-2,15,4,44,33,31,-33,-19,-6,-17,0,0,0,0,0,0,0,0,0,0,0,0,0,0,0,0
3270,2,-96,-96,-5,-5,-5,-5,-5,-99,-22,79,67,-113,-30,-110,-40,-114,125,0,0,0,0,0,0,0,0,0,0,0,0,0,0,0,101,-26,37,54,48,-47,72,-52,27,18,-16,-1,108,-17,-68,-49,-17,0,0,0,0,0,0,0,0,0,0,0,0,0,0,0
3271,2,-96,-96,-5,-5,-5,-5,-5,-99,-22,79,67,-113,-30,-110,-40,-114,125,0,0,0,0,0,0,0,0,0,0,0,0,0,0,0,101,-26,37,54,48,-47,72,-52,27,18,-16,-1,108,-17,-68,-49,-17,0,0,0,0,0,0,0,0,0,0,0,0,0,0,0
3272,2,-96,-96,-5,-5,-5,-5,-5,-99,-22,79,67,-113,-30,-110,-40,-114,125,0,0,0,0,0,0,0,0,0,0,0,0,0,0,0,101,-26,37,54,48,-47,72,-52,27,18,-16,-1,108,-17,-68,-49,-17,0,0,0,0,0,0,0,0,0,0,0,0,0,0,0
3273,2,-122,-122,-122,104,104,104,104,104,52,-22,79,67,-113,-30,-110,-40,-114,125,0,0,0,0,0,0,0,0,0,0,0,0,0,0,4,19,20,123,70,-36,122,125,-127,60,49,20,1,-108,-21,97,126,-17,0,0,0,0,0,0,0,0,0,0,0,0,0,0
3274,2,-122,-122,-122,104,104,104,104,104,52,-22,79,67,-113,-30,-110,-40,-114,125,0,0,0,0,0,0,0,0,0,0,0,0,0,0,4,19,20,123,70,-36,122,125,-127,60,49,20,1,-108,-21,97,126,-17,0,0,0,0,0,0,0,0,0,0,0,0,0,0
3275,2,-122,-122,-122,104,104,104,104,104,52,-22,79,67,-113,-30,-110,-40,-114,125,0,0,0,0,0,0,0,0,0,0,0,0,0,0,4,19,20,123,70,-36,122,125,-127,60,49,20,1,-108,-21,97,126,-17,0,0,0,0,0,0,0,0,0,0,0,0,0,0
3276,2,-81,-81,-81,-81,39,39,39,39,-121,52,-22,79,67,-113,-30,-110,-40,-114,125,0,0,0,0,0,0,0,0,0,0,0,0,0,-72,-11,65,-91,-17,-58,-4,89,-67,-79,-21,-50,82,-99,-32,-43,-113,23,-17,0,0,0,0,0,0,0,0,0,0,0,0,0
3277,2,-81,-81,-81,-81,39,39,39,39,-121,52,-22,79,67,-113,-30,-110,-40,-114,125,0,0,0,0,0,0,0,0,0,0,0,0,0,-72,-11,65,-91,-17,-58,-4,89,-67,-79,-21,-50,82,-99,-32,-43,-113,23,-17,0,0,0,0,0,0,0,0,0,0,0,0,0
3278,2,-81,-81,-81,-81,39,39,39,39,-121,52,-22,79,67,-113,-30,-110,-40,-114,125,0,0,0,0,0,0,0,0,0,0,0,0,0,-72,-11,65,-91,-17,-58,-4,89,-67,-79,-21,-50,82,-99,-32,-43,-113,23,-17,0,0,0,0,0,0,0,0,0,0,0,0,0
3279,2,-85,-85,-85,-85,-85,61,61,61,17,-121,52,-22,79,67,-113,-30,-110,-40,-114,125,0,0,0,0,0,0,0,0,0,0,0,0,-87,-88,55,-30,78,-123,-70,53,-70,45,-10,15,-9,-108,-72,-84,84,-55,-82,-17,0,0,0,0,0,0,0,0,0,0,0,0
3280,2,-85,-85,-85,-85,-85,61,61,61,17,-121,52,-22,79,67,-113,-30,-110,-40,-114,125,0,0,0,0,0,0,0,0,0,0,0,0,-87,-88,55,-30,78,-123,-70,53,-70,45,-10,15,-9,-108,-72,-84,84,-55,-82,-17,0,0,0,0,0,0,0,0,0,0,0,0
3281,2,-85,-85,-85,-85,-85,61,61,61,17,-121,52,-22,79,67,-113,-30,-110,-40,-114,125,0,0,0,0,0,0,0,0,0,0,0,0,-87,-88,55,-30,78,-123,-70,53,-70,45,-10,15,-9,-108,-72,-84,84,-55,-82,-17,0,0,0,0,0,0,0,0,0,0,0,0
3282,2,-36,36,36,36,36,36,-112,-112,19,17,-121,52,-22,79,67,-113,-30,-110,-40,-114,125,0,0,0,0,0,0,0,0,0,0,0,56,118,-49,35,47,84,-112,55,-18,-35,102,-77,29,84,70,-53,-73,-48,95,78,-17,0,0,0,0,0,0,0,0,0,0,0
3283,2,-36,36,36,36,36,36,-112,-112,19,17,-121,52,-22,79,67,-113,-30,-110,-40,-114,125,0,0,0,0,0,0,0,0,0,0,0,56,118,-49,35,47,84,-112,55,-18,-35,102,-77,29,84,70,-53,-73,-48,95,78,-17,0,0,0,0,0,0,0,0,0,0,0
3284,2,-36,36,36,36,36,36,-112,-112,19,17,-121,52,-22,79,67,-113,-30,-110,-40,-114,125,0,0,0,0,0,0,0,0,0,0,0,56,118,-49,35,47,84,-112,55,-18,-35,102,-77,29,84,70,-53,-73,-48,95,78,-17,0,0,0,0,0,0,0,0,0,0,0
3285,2,-93,-93,-68,-68,-68,-68,-68,-116,-61,19,17,-121,52,-22,79,67,-113,-30,-110,-40,-114,125,0,0,0,0,0,0,0,0,0,0,-60,37,-82,110,0,9,-1,-64,24,103,-35,-85,7,92,-74,-65,-12,-62,60,-88,-82,-17,0,0,0,0,0,0,0,0,0,0
3286,2,-93,-93,-68,-68,-68,-68,-68,-116,-61,19,17,-121,52,-22,79,67,-113,-30,-110,-40,-114,125,0,0,0,0,0,0,0,0,0,0,-60,37,-82,110,0,9,-1,-64,24,103,-35,-85,7,92,-74,-65,-12,-62,60,-88,-82,-17,0,0,0,0,0,0,0,0,0,0
3287,2,-93,-93,-68,-68,-68,-68,-68,-116,-61,19,17,-121,52,-22,79,67,-113,-30,-110,-40,-114,125,0,0,0,0,0,0,0,0,0,0,-60,37,-82,110,0,9,-1,-64,24,103,-35,-85,7,92,-74,-65,-12,-62,60,-88,-82,-17,0,0,0,0,0,0,0,0,0,0
3288,2,82,82,82,121,121,121,121,121,10,-61,19,17,-121,52,-22,79,67,-113,-30,-110,-40,-114,125,0,0,0,0,0,0,0,0,0,-5,-29,-100,-112,-20,35,67,-52,-39,105,0,117,-46,-79,80,78,56,-30,1,95,-107,37,-17,0,0,0,0,0,0,0,0,0
3289,2,82,82,82,121,121,121,121,121,10,-61,19,17,-121,52,-22,79,67,-113,-30,-110,-40,-114,125,0,0,0,0,0,0,0,0,0,-5,-29,-100,-112,-20,35,67,-52,-39,105,0,117,-46,-79,80,78,56,-30,1,95,-107,37,-17,0,0,0,0,0,0,0,0,0
3290,2,82,82,82,121,121,121,121,121,10,-61,19,17,-121,52,-22,79,67,-113,-30,-110,-40,-114,125,0,0,0,0,0,0,0,0,0,-5,-29,-100,-112,-20,35,67,-52,-39,105,0,117,-46,-79,80,78,56,-30,1,95,-107,37,-17,0,0,0,0,0,0,0,0,0
3291,2,24,24,24,24,94,94,94,94,-96,10,-61,19,17,-121,52,-22,79,67,-113,-30,-110,-40,-114,125,0,0,0,0,0,0,0,0,-126,79,-31,79,-75,-1,21,-94,-63,-48,69,-96,-107,34,-25,-54,-84,-22,-115,52,63,93,25,-17,0,0,0,0,0,0,0,0
3292,2,24,24,24,24,94,94,94,94,-96,10,-61,19,17,-121,52,-22,79,67,-113,-30,-110,-40,-114,125,0,0,0,0,0,0,0,0,-126,79,-31,79,-75,-1,21,-94,-63,-48,69,-96,-107,34,-25,-54,-84,-22,-115,52,63,93,25,-17,0,0,0,0,0,0,0,0
3293,2,24,24,24,24,94,94,94,94,-96,10,-61,19,17,-121,52,-22,79,67,-113,-30,-110,-40,-114,125,0,0,0,0,0,0,0,0,-126,79,-31,79,-75,-1,21,-94,-63,-48,69,-96,-107,34,-25,-54,-84,-22,-115,52,63,93,25,-17,0,0,0,0,0,0,0,0
3294,2,-97,-97,-97,-97,-97,30,30,30,-96,-96,10,-61,19,17,-121,52,-22,79,67,-113,-30,-110,-40,-114,125,0,0,0,0,0,0,0,-29,-30,80,-15,65,-35,-93,110,-62,113,22,-110,23,4,-33,21,-85,23,89,105,34,63,12,28,-17,0,0,0,0,0,0,0
3295,2,-97,-97,-97,-97,-97,30,30,30,-96,-96,10,-61,19,17,-121,52,-22,79,67,-113,-30,-110,-40,-114,125,0,0,0,0,0,0,0,-29,-30,80,-15,65,-35,-93,110,-62,113,22,-110,23,4,-33,21,-85,23,89,105,34,63,12,28,-17,0,0,0,0,0,0,0
3296,2,-97,-97,-97,-97,-97,30,30,30,-96,-96,10,-61,19,17,-121,52,-22,79,67,-113,-30,-110,-40,-114,125,0,0,0,0,0,0,0,-29,-30,80,-15,65,-35,-93,110,-62,113,22,-110,23,4,-33,21,-85,23,89,105,34,63,12,28,-17,0,0,0,0,0,0,0
3297,2,48,-83,-83,-83,-83,-83,-38,-38,-122,-96,-96,10,-61,19,17,-121,52,-22,79,67,-113,-30,-110,-40,-114,125,0,0,0,0,0,0,5,98,75,68,99,64,-119,-104,91,45,-85,-92,94,124,52,106,-115,21,-59,-67,45,16,63,57,81,-17,0,0,0,0,0,0
3298,2,48,-83,-83,-83,-83,-83,-38,-38,-122,-96,-96,10,-61,19,17,-121,52,-22,79,67,-113,-30,-110,-40,-114,125,0,0,0,0,0,0,5,98,75,68,99,64,-119,-104,91,45,-85,-92,94,124,52,106,-115,21,-59,-67,45,16,63,57,81,-17,0,0,0,0,0,0
3299,2,48,-83,-83,-83,-83,-83,-38,-38,-122,-96,-96,10,-61,19,17,-121,52,-22,79,67,-113,-30,-110,-40,-114,125,0,0,0,0,0,0,5,98,75,68,99,64,-119,-104,91,45,-85,-92,94,124,52,106,-115,21,-59,-67,45,16,63,57,81,-17,0,0,0,0,0,0
3300,2,-61,-61,-74,-74,-74,-74,-74,-30,-81,-122,-96,-96,10,-61,19,17,-121,52,-22,79,67,-113,-30,-110,-40,-114,125,0,0,0,0,0,-121,-61,-34,16,13,81,65,88,-112,3,-68,-36,-48,8,55,39,-81,127,-1,104,-107,120,112,13,-123,-84,-17,0,0,0,0,0
3301,2,-61,-61,-74,-74,-74,-74,-74,-30,-81,-122,-96,-96,10,-61,19,17,-121,52,-22,79,67,-113,-30,-110,-40,-114,125,0,0,0,0,0,-121,-61,-34,16,13,81,65,88,-112,3,-68,-36,-48,8,55,39,-81,127,-1,104,-107,120,112,13,-123,-84,-17,0,0,0,0,0
3302,2,-61,-61,-74,-74,-74,-74,-74,-30,-81,-122,-96,-96,10,-61,19,17,-121,52,-22,79,67,-113,-30,-110,-40,-114,125,0,0,0,0,0,-121,-61,-34,16,13,81,65,88,-112,3,-68,-36,-48,8,55,39,-81,127,-1,104,-107,120,112,13,-123,-84,-17,0,0,0,0,0
3303,2,74,74,74,-92,-92,-92,-92,-92,-85,-81,-122,-96,-96,10,-61,19,17,-121,52,-22,79,67,-113,-30,-110,-40,-114,125,0,0,0,0,9,-53,-21,93,-54,51,20,81,44,73,-28,-29,120,73,-74,-119,73,49,-127,66,-114,-123,81,-66,116,-108,-44,-17,0,0,0,0
3304,2,74,74,74,-92,-92,-92,-92,-92,-85,-81,-122,-96,-96,10,-61,19,17,-121,52,-22,79,67,-113,-30,-110,-40,-114,125,0,0,0,0,9,-53,-21,93,-54,51,20,81,44,73,-28,-29,120,73,-74,-119,73,49,-127,66,-114,-123,81,-66,116,-108,-44,-17,0,0,0,0
3305,2,74,74,74,-92,-92,-92,-92,-92,-85,-81,-122,-96,-96,10,-61,19,17,-121,52,-22,79,67,-113,-30,-110,-40,-114,125,0,0,0,0,9,-53,-21,93,-54,51,20,81,44,73,-28,-29,120,73,-74,-119,73,49,-127,66,-114,-123,81,-66,116,-108,-44,-17,0,0,0,0
3306,2,81,81,81,81,-76,-76,-76,-76,-36,-85,-81,-122,-96,-96,10,-61,19,17,-121,52,-22,79,67,-113,-30,-110,-40,-114,125,0,0,0,72,115,-39,116,47,96,-22,-64,125,71,35,-117,-24,-54,10,-114,-127,65,85,44,-2,24,-94,-112,-67,47,30,61,-17,0,0,0
3307,2,81,81,81,81,-76,-76,-76,-76,-36,-85,-81,-122,-96,-96,10,-61,19,17,-121,52,-22,79,67,-113,-30,-110,-40,-114,125,0,0,0,72,115,-39,116,47,96,-22,-64,125,71,35,-117,-24,-54,10,-114,-127,65,85,44,-2,24,-94,-112,-67,47,30,61,-17,0,0,0
3308,2,81,81,81,81,-76,-76,-76,-76,-36,-85,-81,-122,-96,-96,10,-61,19,17,-121,52,-22,79,67,-113,-30,-110,-40,-114,125,0,0,0,72,115,-39,116,47,96,-22,-64,125,71,35,-117,-24,-54,10,-114,-127,65,85,44,-2,24,-94,-112,-67,47,30,61,-17,0,0,0
3309,2,60,60,60,60,60,104,104,104,-93,-36,-85,-81,-122,-96,-96,10,-61,19,17,-121,52,-22,79,67,-113,-30,-110,-40,-114,125,0,0,-21,55,-75,4,-51,-98,114,52,-97,-59,-18,76,85,-123,-37,-46,38,-32,-118,29,-18,-111,-71,-72,-119,-82,-103,30,62,-17,0,0
3310,2,60,60,60,60,60,104,104,104,-93,-36,-85,-81,-122,-96,-96,10,-61,19,17,-121,52,-22,79,67,-113,-30,-110,-40,-114,125,0,0,-21,55,-75,4,-51,-98,114,52,-97,-59,-18,76,85,-123,-37,-46,38,-32,-118,29,-18,-111,-71,-72,-119,-82,-103,30,62,-17,0,0
3311,2,60,60,60,60,60,104,104,104,-93,-36,-85,-81,-122,-96,-96,10,-61,19,17,-121,52,-22,79,67,-113,-30,-110,-40,-114,125,0,0,-21,55,-75,4,-51,-98,114,52,-97,-59,-18,76,85,-123,-37,-46,38,-32,-118,29,-18,-111,-71,-72,-119,-82,-103,30,62,-17,0,0
3312,2,91,80,80,80,80,80,110,110,82,-93,-36,-85,-81,-122,-96,-96,10,-61,19,17,-121,52,-22,79,67,-113,-30,-110,-40,-114,125,0,-127,10,-104,65,93,13,-26,-71,96,-120,38,-84,10,-118,62,-25,-11,25,101,-44,85,-116,-8,85,-84,-28,31,81,-125,-23,-17,0
3313,2,91,80,80,80,80,80,110,110,82,-93,-36,-85,-81,-122,-96,-96,10,-61,19,17,-121,52,-22,79,67,-113,-30,-110,-40,-114,125,0,-127,10,-104,65,93,13,-26,-71,96,-120,38,-84,10,-118,62,-25,-11,25,101,-44,85,-116,-8,85,-84,-28,31,81,-125,-23,-17,0
3314,2,91,80,80,80,80,80,110,110,82,-93,-36,-85,-81,-122,-96,-96,10,-61,19,17,-121,52,-22,79,67,-113,-30,-110,-40,-114,125,0,-127,10,-104,65,93,13,-26,-71,96,-120,38,-84,10,-118,62,-25,-11,25,101,-44,85,-116,-8,85,-84,-28,31,81,-125,-23,-17,0
3315,2,93,93,29,29,29,29,29,-63,24,82,-93,-36,-85,-81,-122,-96,-96,10,-61,19,17,-121,52,-22,79,67,-113,-30,-110,-40,-114,125,-80,-123,43,78,4,41,-34,-43,109,-46,12,76,7,-46,97,93,-97,-1,-51,12,-118,-48,104,-15,115,-121,75,32,111,57,3,-17
3316,2,93,93,29,29,29,29,29,-63,24,82,-93,-36,-85,-81,-122,-96,-96,10,-61,19,17,-121,52,-22,79,67,-113,-30,-110,-40,-114,125,-80,-123,43,78,4,41,-34,-43,109,-46,12,76,7,-46,97,93,-97,-1,-51,12,-118,-48,104,-15,115,-121,75,32,111,57,3,-17
3317,2,93,93,29,29,29,29,29,-63,24,82,-93,-36,-85,-81,-122,-96,-96,10,-61,19,17,-121,52,-22,79,67,-113,-30,-110,-40,-114,125,-80,-123,43,78,4,41,-34,-43,109,-46,12,76,7,-46,97,93,-97,-1,-51,12,-118,-48,104,-15,115,-121,75,32,111,57,3,-17
3318,2,-44,-44,-44,-114,-114,-114,-114,-114,-97,24,82,-93,-36,-85,-81,-122,-96,-96,10,-61,19,17,-121,52,-22,79,67,-113,-30,-110,-40,-114,115,14,108,-12,2,98,-79,109,33,73,97,101,-12,105,60,-91,12,17,78,77,-98,-1,-25,103,-48,-127,8,120,43,-50,-57,17
3319,2,-44,-44,-44,-114,-114,-114,-114,-114,-97,24,82,-93,-36,-85,-81,-122,-96,-96,10,-61,19,17,-121,52,-22,79,67,-113,-30,-110,-40,-114,115,14,108,-12,2,98,-79,109,33,73,97,101,-12,105,60,-91,12,17,78,77,-98,-1,-25,103,-48,-127,8,120,43,-50,-57,17
3320,2,-44,-44,-44,-114,-114,-114,-114,-114,-97,24,82,-93,-36,-85,-81,-122,-96,-96,10,-61,19,17,-121,52,-22,79,67,-113,-30,-110,-40,-114,115,14,108,-12,2,98,-79,109,33,73,97,101,-12,105,60,-91,12,17,78,77,-98,-1,-25,103,-48,-127,8,120,43,-50,-57,17
3321,2,97,97,97,97,108,108,108,108,48,-97,24,82,-93,-36,-85,-81,-122,-96,-96,10,-61,19,17,-121,52,-22,79,67,-113,-30,-110,-40,-62,-20,-50,-127,114,-127,53,33,-123,26,49,76,53,96,25,-122,61,18,32,-106,28,80,65,115,104,51,17,-124,43,-52,-121,-109
3322,2,97,97,97,97,108,108,108,108,48,-97,24,82,-93,-36,-85,-81,-122,-96,-96,10,-61,19,17,-121,52,-22,79,67,-113,-30,-110,-40,-62,-20,-50,-127,114,-127,53,33,-123,26,49,76,53,96,25,-122,61,18,32,-106,28,80,65,115,104,51,17,-124,43,-52,-121,-109
3323,2,97,97,97,97,108,108,108,108,48,-97,24,82,-93,-36,-85,-81,-122,-96,-96,10,-61,19,17,-121,52,-22,79,67,-113,-30,-110,-40,-62,-20,-50,-127,114,-127,53,33,-123,26,49,76,53,96,25,-122,61,18,32,-106,28,80,65,115,104,51,17,-124,43,-52,-121,-109
3324,2,-6,-6,-6,-6,-6,-93,-93,-93,-61,48,-97,24,82,-93,-36,-85,-81,-122,-96,-96,10,-61,19,17,-121,52,-22,79,67,-113,-30,-110,-63,-34,59,-19,-34,-59,26,55,12,-98,-126,-37,78,69,40,-40,49,102,-61,49,19,31,12,-40,28,-108,-63,72,-41,80,45,67
3325,2,-6,-6,-6,-6,-6,-93,-93,-93,-61,48,-97,24,82,-93,-36,-85,-81,-122,-96,-96,10,-61,19,17,-121,52,-22,79,67,-113,-30,-110,-63,-34,59,-19,-34,-59,26,55,12,-98,-126,-37,78,69,40,-40,49,102,-61,49,19,31,12,-40,28,-108,-63,72,-41,80,45,67
3326,2,-6,-6,-6,-6,-6,-93,-93,-93,-61,48,-97,24,82,-93,-36,-85,-81,-122,-96,-96,10,-61,19,17,-121,52,-22,79,67,-113,-30,-110,-63,-34,59,-19,-34,-59,26,55,12,-98,-126,-37,78,69,40,-40,49,102,-61,49,19,31,12,-40,28,-108,-63,72,-41,80,45,67
3327,2,68,-62,-62,-62,-62,-62,114,114,74,-61,48,-97,24,82,-93,-36,-85,-81,-122,-96,-96,10,-61,19,17,-121,52,-22,79,67,-113,-30,56,44,-105,-46,-109,-37,112,-13,-95,47,86,114,-125,-58,98,-69,55,-108,34,-104,-115,61,110,-23,53,-110,-125,-43,-77,-104,-43,80
3328,2,68,-62,-62,-62,-62,-62,114,114,74,-61,48,-97,24,82,-93,-36,-85,-81,-122,-96,-96,10,-61,19,17,-121,52,-22,79,67,-113,-30,56,44,-105,-46,-109,-37,112,-13,-95,47,86,114,-125,-58,98,-69,55,-108,34,-104,-115,61,110,-23,53,-110,-125,-43,-77,-104,-43,80
3329,2,68,-62,-62,-62,-62,-62,114,114,74,-61,48,-97,24,82,-93,-36,-85,-81,-122,-96,-96,10,-61,19,17,-121,52,-22,79,67,-113,-30,56,44,-105,-46,-109,-37,112,-13,-95,47,86,114,-125,-58,98,-69,55,-108,34,-104,-115,61,110,-23,53,-110,-125,-43,-77,-104,-43,80
3330,2,45,45,14,14,14,14,14,-6,81,74,-61,48,-97,24,82,-93,-36,-85,-81,-122,-96,-96,10,-61,19,17,-121,52,-22,79,67,-113,-41,-11,47,39,-114,-121,113,97,-15,74,70,54,29,-124,-105,123,-100,-91,55,-70,25,-15,16,-110,118,-94,-42,-104,119,-62,-56,49
3331,2,45,45,14,14,14,14,14,-6,81,74,-61,48,-97,24,82,-93,-36,-85,-81,-122,-96,-96,10,-61,19,17,-121,52,-22,79,67,-113,-41,-11,47,39,-114,-121,113,97,-15,74,70,54,29,-124,-105,123,-100,-91,55,-70,25,-15,16,-110,118,-94,-42,-104,119,-62,-56,49
3332,2,45,45,14,14,14,14,14,-6,81,74,-61,48,-97,24,82,-93,-36,-85,-81,-122,-96,-96,10,-61,19,17,-121,52,-22,79,67,-113,-41,-11,47,39,-114,-121,113,97,-15,74,70,54,29,-124,-105,123,-100,-91,55,-70,25,-15,16,-110,118,-94,-42,-104,119,-62,-56,49
3333,2,34,34,34,110,110,110,110,110,60,81,74,-61,48,-97,24,82,-93,-36,-85,-81,-122,-96,-96,10,-61,19,17,-121,52,-22,79,67,90,116,-111,85,-73,38,74,32,-105,48,39,28,69,100,-71,44,38,126,115,73,78,-78,84,63,9,40,19,28,103,121,26,-36
3334,2,34,34,34,110,110,110,110,110,60,81,74,-61,48,-97,24,82,-93,-36,-85,-81,-122,-96,-96,10,-61,19,17,-121,52,-22,79,67,90,116,-111,85,-73,38,74,32,-105,48,39,28,69,100,-71,44,38,126,115,73,78,-78,84,63,9,40,19,28,103,121,26,-36
3335,2,34,34,34,110,110,110,110,110,60,81,74,-61,48,-97,24,82,-93,-36,-85,-81,-122,-96,-96,10,-61,19,17,-121,52,-22,79,67,90,116,-111,85,-73,38,74,32,-105,48,39,28,69,100,-71,44,38,126,115,73,78,-78,84,63,9,40,19,28,103,121,26,-36
3336,2,43,43,43,43,-70,-70,-70,-70,91,60,81,74,-61,48,-97,24,82,-93,-36,-85,-81,-122,-96,-96,10,-61,19,17,-121,52,-22,79,32,42,-114,113,66,110,89,53,-123,90,100,66,3,-77,-41,-11,10,-51,23,-112,-6,28,-85,10,55,106,-52,15,71,-19,-15,-8
3337,2,43,43,43,43,-70,-70,-70,-70,91,60,81,74,-61,48,-97,24,82,-93,-36,-85,-81,-122,-96,-96,10,-61,19,17,-121,52,-22,79,32,42,-114,113,66,110,89,53,-123,90,100,66,3,-77,-41,-11,10,-51,23,-112,-6,28,-85,10,55,106,-52,15,71,-19,-15,-8
3338,2,43,43,43,43,-70,-70,-70,-70,91,60,81,74,-61,48,-97,24,82,-93,-36,-85,-81,-122,-96,-96,10,-61,19,17,-121,52,-22,79,32,42,-114,113,66,110,89,53,-123,90,100,66,3,-77,-41,-11,10,-51,23,-112,-6,28,-85,10,55,106,-52,15,71,-19,-15,-8
3339,2,13,13,13,13,13,98,98,98,93,91,60,81,74,-61,48,-97,24,82,-93,-36,-85,-81,-122,-96,-96,10,-61,19,17,-121,52,-22,16,-64,-97,-122,112,51,-9,-57,25,-8,-80,5,106,36,-84,-121,-15,-13,-46,-36,-31,106,-109,-1,52,36,91,-19,-24,73,94,-42
3340,2,13,13,13,13,13,98,98,98,93,91,60,81,74,-61,48,-97,24,82,-93,-36,-85,-81,-122,-96,-96,10,-61,19,17,-121,52,-22,16,-64,-97,-122,112,51,-9,-57,25,-8,-80,5,106,36,-84,-121,-15,-13,-46,-36,-31,106,-109,-1,52,36,91,-19,-24,73,94,-42
3341,2,13,13,13,13,13,98,98,98,93,91,60,81,74,-61,48,-97,24,82,-93,-36,-85,-81,-122,-96,-96,10,-61,19,17,-121,52,-22,16,-64,-97,-122,112,51,-9,-57,25,-8,-80,5,106,36,-84,-121,-15,-13,-46,-36,-31,106,-109,-1,52,36,91,-19,-24,73,94,-42
3342,2,74,-50,-50,-50,-50,-50,38,38,-44,93,91,60,81,74,-61,48,-97,24,82,-93,-36,-85,-81,-122,-96,-96,10,-61,19,17,-121,52,44,-73,67,-4,50,79,-101,-18,-104,-127,46,71,64,103,96,-65,-96,-50,-127,-98,88,19,-93,-101,-47,-10,43,101,-65,-110,-3,-42
3343,2,74,-50,-50,-50,-50,-50,38,38,-44,93,91,60,81,74,-61,48,-97,24,82,-93,-36,-85,-81,-122,-96,-96,10,-61,19,17,-121,52,44,-73,67,-4,50,79,-101,-18,-104,-127,46,71,64,103,96,-65,-96,-50,-127,-98,88,19,-93,-101,-47,-10,43,101,-65,-110,-3,-42
3344,2,74,-50,-50,-50,-50,-50,38,38,-44,93,91,60,81,74,-61,48,-97,24,82,-93,-36,-85,-81,-122,-96,-96,10,-61,19,17,-121,52,44,-73,67,-4,50,79,-101,-18,-104,-127,46,71,64,103,96,-65,-96,-50,-127,-98,88,19,-93,-101,-47,-10,43,101,-65,-110,-3,-42
3345,2,-74,-74,40,40,40,40,40,-52,97,-44,93,91,60,81,74,-61,48,-97,24,82,-93,-36,-85,-81,-122,-96,-96,10,-61,19,17,-121,21,43,109,110,-26,120,95,124,13,108,-42,52,-91,-76,-50,-108,-27,-34,-22,66,97,61,-30,-33,32,-24,63,-4,-49,34,-77,84
3346,2,-74,-74,40,40,40,40,40,-52,97,-44,93,91,60,81,74,-61,48,-97,24,82,-93,-36,-85,-81,-122,-96,-96,10,-61,19,17,-121,21,43,109,110,-26,120,95,124,13,108,-42,52,-91,-76,-50,-108,-27,-34,-22,66,97,61,-30,-33,32,-24,63,-4,-49,34,-77,84
3347,2,-74,-74,40,40,40,40,40,-52,97,-44,93,91,60,81,74,-61,48,-97,24,82,-93,-36,-85,-81,-122,-96,-96,10,-61,19,17,-121,21,43,109,110,-26,120,95,124,13,108,-42,52,-91,-76,-50,-108,-27,-34,-22,66,97,61,-30,-33,32,-24,63,-4,-49,34,-77,84
3348,2,118,118,118,10,10,10,10,10,-6,97,-44,93,91,60,81,74,-61,48,-97,24,82,-93,-36,-85,-81,-122,-96,-96,10,-61,19,17,25,118,-9,29,55,-125,-78,-21,17,114,-49,57,38,-21,123,-103,25,59,-49,71,-81,82,23,49,-19,-21,57,-89,-14,-88,-55,59
3349,2,118,118,118,10,10,10,10,10,-6,97,-44,93,91,60,81,74,-61,48,-97,24,82,-93,-36,-85,-81,-122,-96,-96,10,-61,19,17,25,118,-9,29,55,-125,-78,-21,17,114,-49,57,38,-21,123,-103,25,59,-49,71,-81,82,23,49,-19,-21,57,-89,-14,-88,-55,59
3350,2,118,118,118,10,10,10,10,10,-6,97,-44,93,91,60,81,74,-61,48,-97,24,82,-93,-36,-85,-81,-122,-96,-96,10,-61,19,17,25,118,-9,29,55,-125,-78,-21,17,114,-49,57,38,-21,123,-103,25,59,-49,71,-81,82,23,49,-19,-21,57,-89,-14,-88,-55,59
3351,2,-113,-113,-113,-113,43,43,43,43,68,-6,97,-44,93,91,60,81,74,-61,48,-97,24,82,-93,-36,-85,-81,-122,-96,-96,10,-61,19,-109,-22,7,-72,108,77,81,-37,-39,83,-86,90,-54,97,125,-63,-73,-112,3,46,110,-41,-3,68,62,-81,-20,-97,-42,48,83,114
3352,2,-113,-113,-113,-113,43,43,43,43,68,-6,97,-44,93,91,60,81,74,-61,48,-97,24,82,-93,-36,-85,-81,-122,-96,-96,10,-61,19,-109,-22,7,-72,108,77,81,-37,-39,83,-86,90,-54,97,125,-63,-73,-112,3,46,110,-41,-3,68,62,-81,-20,-97,-42,48,83,114
3353,2,-113,-113,-113,-113,43,43,43,43,68,-6,97,-44,93,91,60,81,74,-61,48,-97,24,82,-93,-36,-85,-81,-122,-96,-96,10,-61,19,-109,-22,7,-72,108,77,81,-37,-39,83,-86,90,-54,97,125,-63,-73,-112,3,46,110,-41,-3,68,62,-81,-20,-97,-42,48,83,114
3354,2,-87,-87,-87,-87,-87,-69,-69,-69,45,68,-6,97,-44,93,91,60,81,74,-61,48,-97,24,82,-93,-36,-85,-81,-122,-96,-96,10,-61,62,-97,51,120,-26,14,-11,23,-112,103,-20,-93,-39,-31,-71,60,123,83,-27,-96,96,117,37,6,-24,28,28,-27,-20,88,-21,-40
3355,2,-87,-87,-87,-87,-87,-69,-69,-69,45,68,-6,97,-44,93,91,60,81,74,-61,48,-97,24,82,-93,-36,-85,-81,-122,-96,-96,10,-61,62,-97,51,120,-26,14,-11,23,-112,103,-20,-93,-39,-31,-71,60,123,83,-27,-96,96,117,37,6,-24,28,28,-27,-20,88,-21,-40
3356,2,-87,-87,-87,-87,-87,-69,-69,-69,45,68,-6,97,-44,93,91,60,81,74,-61,48,-97,24,82,-93,-36,-85,-81,-122,-96,-96,10,-61,62,-97,51,120,-26,14,-11,23,-112,103,-20,-93,-39,-31,-71,60,123,83,-27,-96,96,117,37,6,-24,28,28,-27,-20,88,-21,-40
3357,2,-78,64,64,64,64,64,-111,-111,34,45,68,-6,97,-44,93,91,60,81,74,-61,48,-97,24,82,-93,-36,-85,-81,-122,-96,-96,10,98,-16,73,-52,-19,24,83,1,-66,-14,89,82,-76,48,-7,-71,-96,35,126,-21,46,-48,78,38,9,-36,120,-72,-16,-74,47,-57
3358,2,-78,64,64,64,64,64,-111,-111,34,45,68,-6,97,-44,93,91,60,81,74,-61,48,-97,24,82,-93,-36,-85,-81,-122,-96,-96,10,98,-16,73,-52,-19,24,83,1,-66,-14,89,82,-76,48,-7,-71,-96,35,126,-21,46,-48,78,38,9,-36,120,-72,-16,-74,47,-57
3359,2,-78,64,64,64,64,64,-111,-111,34,45,68,-6,97,-44,93,91,60,81,74,-61,48,-97,24,82,-93,-36,-85,-81,-122,-96,-96,10,98,-16,73,-52,-19,24,83,1,-66,-14,89,82,-76,48,-7,-71,-96,35,126,-21,46,-48,78,38,9,-36,120,-72,-16,-74,47,-57
3360,2,30,30,-106,-106,-106,-106,-106,58,43,34,45,68,-6,97,-44,93,91,60,81,74,-61,48,-97,24,82,-93,-36,-85,-81,-122,-96,-96,-44,-18,126,-96,-77,-127,-11,126,-110,126,46,-44,109,43,-102,-21,107,105,-95,94,-21,-22,-17,83,-119,90,-50,27,-66,-97,118,50
3361,2,30,30,-106,-106,-106,-106,-106,58,43,34,45,68,-6,97,-44,93,91,60,81,74,-61,48,-97,24,82,-93,-36,-85,-81,-122,-96,-96,-44,-18,126,-96,-77,-127,-11,126,-110,126,46,-44,109,43,-102,-21,107,105,-95,94,-21,-22,-17,83,-119,90,-50,27,-66,-97,118,50
3362,2,30,30,-106,-106,-106,-106,-106,58,43,34,45,68,-6,97,-44,93,91,60,81,74,-61,48,-97,24,82,-93,-36,-85,-81,-122,-96,-96,-44,-18,126,-96,-77,-127,-11,126,-110,126,46,-44,109,43,-102,-21,107,105,-95,94,-21,-22,-17,83,-119,90,-50,27,-66,-97,118,50
3363,2,56,56,56,51,51,51,51,51,13,43,34,45,68,-6,97,-44,93,91,60,81,74,-61,48,-97,24,82,-93,-36,-85,-81,-122,-96,-79,-4,50,85,-80,6,-49,-73,-18,-57,-50,-93,-95,43,10,59,66,64,-7,-83,56,-14,27,-76,76,8,-14,-113,-77,-57,-23,-14
3364,2,56,56,56,51,51,51,51,51,13,43,34,45,68,-6,97,-44,93,91,60,81,74,-61,48,-97,24,82,-93,-36,-85,-81,-122,-96,-79,-4,50,85,-80,6,-49,-73,-18,-57,-50,-93,-95,43,10,59,66,64,-7,-83,56,-14,27,-76,76,8,-14,-113,-77,-57,-23,-14
3365,2,56,56,56,51,51,51,51,51,13,43,34,45,68,-6,97,-44,93,91,60,81,74,-61,48,-97,24,82,-93,-36,-85,-81,-122,-96,-79,-4,50,85,-80,6,-49,-73,-18,-57,-50,-93,-95,43,10,59,66,64,-7,-83,56,-14,27,-76,76,8,-14,-113,-77,-57,-23,-14
3366,2,-20,-20,-20,-20,-57,-57,-57,-57,74,13,43,34,45,68,-6,97,-44,93,91,60,81,74,-61,48,-97,24,82,-93,-36,-85,-81,-122,-94,56,-106,-95,92,-121,93,62,-94,29,-10,40,0,-114,75,-125,99,-50,-37,52,-68,64,58,99,-29,-102,-40,95,-123,104,63,87
3367,2,-20,-20,-20,-20,-57,-57,-57,-57,74,13,43,34,45,68,-6,97,-44,93,91,60,81,74,-61,48,-97,24,82,-93,-36,-85,-81,-122,-94,56,-106,-95,92,-121,93,62,-94,29,-10,40,0,-114,75,-125,99,-50,-37,52,-68,64,58,99,-29,-102,-40,95,-123,104,63,87
3368,2,-20,-20,-20,-20,-57,-57,-57,-57,74,13,43,34,45,68,-6,97,-44,93,91,60,81,74,-61,48,-97,24,82,-93,-36,-85,-81,-122,-94,56,-106,-95,92,-121,93,62,-94,29,-10,40,0,-114,75,-125,99,-50,-37,52,-68,64,58,99,-29,-102,-40,95,-123,104,63,87
3369,2,-50,-50,-50,-50,-50,97,97,97,-74,74,13,43,34,45,68,-6,97,-44,93,91,60,81,74,-61,48,-97,24,82,-93,-36,-85,-81,68,100,-42,-36,70,127,-20,28,38,127,19,-105,-47,103,-106,67,33,37,-91,43,49,50,98,-16,21,-40,126,57,24,-95,-114,52
3370,2,-50,-50,-50,-50,-50,97,97,97,-74,74,13,43,34,45,68,-6,97,-44,93,91,60,81,74,-61,48,-97,24,82,-93,-36,-85,-81,68,100,-42,-36,70,127,-20,28,38,127,19,-105,-47,103,-106,67,33,37,-91,43,49,50,98,-16,21,-40,126,57,24,-95,-114,52
3371,2,-50,-50,-50,-50,-50,97,97,97,-74,74,13,43,34,45,68,-6,97,-44,93,91,60,81,74,-61,48,-97,24,82,-93,-36,-85,-81,68,100,-42,-36,70,127,-20,28,38,127,19,-105,-47,103,-106,67,33,37,-91,43,49,50,98,-16,21,-40,126,57,24,-95,-114,52
3372,2,94,27,27,27,27,27,85,85,118,-74,74,13,43,34,45,68,-6,97,-44,93,91,60,81,74,-61,48,-97,24,82,-93,-36,-85,74,63,-112,-82,5,86,105,116,42,20,-26,-87,32,-57,60,-78,-23,-17,-123,32,-14,-105,-46,64,51,-120,8,41,-8,-98,-118,2
3373,2,94,27,27,27,27,27,85,85,118,-74,74,13,43,34,45,68,-6,97,-44,93,91,60,81,74,-61,48,-97,24,82,-93,-36,-85,74,63,-112,-82,5,86,105,116,42,20,-26,-87,32,-57,60,-78,-23,-17,-123,32,-14,-105,-46,64,51,-120,8,41,-8,-98,-118,2
3374,2,94,27,27,27,27,27,85,85,118,-74,74,13,43,34,45,68,-6,97,-44,93,91,60,81,74,-61,48,-97,24,82,-93,-36,-85,74,63,-112,-82,5,86,105,116,42,20,-26,-87,32,-57,60,-78,-23,-17,-123,32,-14,-105,-46,64,51,-120,8,41,-8,-98,-118,2
3375,2,-71,-71,-26,-26,-26,-26,-26,125,-113,118,-74,74,13,43,34,45,68,-6,97,-44,93,91,60,81,74,-61,48,-97,24,82,-93,-36,20,-35,-114,7,-27,-43,56,-15,13,-105,-83,89,-76,51,17,71,-80,69,-115,116,93,9,46,88,-7,39,100,-60,-125,-76,69,114
3376,2,-71,-71,-26,-26,-26,-26,-26,125,-113,118,-74,74,13,43,34,45,68,-6,97,-44,93,91,60,81,74,-61,48,-97,24,82,-93,-36,20,-35,-114,7,-27,-43,56,-15,13,-105,-83,89,-76,51,17,71,-80,69,-115,116,93,9,46,88,-7,39,100,-60,-125,-76,69,114
3377,2,-71,-71,-26,-26,-26,-26,-26,125,-113,118,-74,74,13,43,34,45,68,-6,97,-44,93,91,60,81,74,-61,48,-97,24,82,-93,-36,20,-35,-114,7,-27,-43,56,-15,13,-105,-83,89,-76,51,17,71,-80,69,-115,116,93,9,46,88,-7,39,100,-60,-125,-76,69,114
3378,2,-107,-107,-107,91,91,91,91,91,-87,-113,118,-74,74,13,43,34,45,68,-6,97,-44,93,91,60,81,74,-61,48,-97,24,82,-93,89,-30,-92,-103,13,115,-81,31,91,-2,-117,59,114,84,94,-18,34,-50,-105,9,-62,-4,-100,-49,110,112,-17,-49,-42,68,-23,-94
3379,2,-107,-107,-107,91,91,91,91,91,-87,-113,118,-74,74,13,43,34,45,68,-6,97,-44,93,91,60,81,74,-61,48,-97,24,82,-93,89,-30,-92,-103,13,115,-81,31,91,-2,-117,59,114,84,94,-18,34,-50,-105,9,-62,-4,-100,-49,110,112,-17,-49,-42,68,-23,-94
3380,2,-107,-107,-107,91,91,91,91,91,-87,-113,118,-74,74,13,43,34,45,68,-6,97,-44,93,91,60,81,74,-61,48,-97,24,82,-93,89,-30,-92,-103,13,115,-81,31,91,-2,-117,59,114,84,94,-18,34,-50,-105,9,-62,-4,-100,-49,110,112,-17,-49,-42,68,-23,-94
3381,2,98,98,98,98,117,117,117,117,-78,-87,-113,118,-74,74,13,43,34,45,68,-6,97,-44,93,91,60,81,74,-61,48,-97,24,82,117,77,-112,79,68,-19,46,81,-119,-108,-60,106,16,86,125,-125,-123,101,116,94,-30,97,115,-92,-103,-44,-104,-15,-44,19,98,-113
3382,2,98,98,98,98,117,117,117,117,-78,-87,-113,118,-74,74,13,43,34,45,68,-6,97,-44,93,91,60,81,74,-61,48,-97,24,82,117,77,-112,79,68,-19,46,81,-119,-108,-60,106,16,86,125,-125,-123,101,116,94,-30,97,115,-92,-103,-44,-104,-15,-44,19,98,-113
3383,2,98,98,98,98,117,117,117,117,-78,-87,-113,118,-74,74,13,43,34,45,68,-6,97,-44,93,91,60,81,74,-61,48,-97,24,82,117,77,-112,79,68,-19,46,81,-119,-108,-60,106,16,86,125,-125,-123,101,116,94,-30,97,115,-92,-103,-44,-104,-15,-44,19,98,-113
3384,2,48,48,48,48,48,-64,-64,-64,30,-78,-87,-113,118,-74,74,13,43,34,45,68,-6,97,-44,93,91,60,81,74,-61,48,-97,24,50,-109,-46,75,-46,-46,-40,-29,52,78,-12,30,-96,-16,27,39,48,6,-86,-99,4,-7,-65,-47,28,33,-84,-12,-12,34,-17,84
3385,2,48,48,48,48,48,-64,-64,-64,30,-78,-87,-113,118,-74,74,13,43,34,45,68,-6,97,-44,93,91,60,81,74,-61,48,-97,24,50,-109,-46,75,-46,-46,-40,-29,52,78,-12,30,-96,-16,27,39,48,6,-86,-99,4,-7,-65,-47,28,33,-84,-12,-12,34,-17,84
3386,2,48,48,48,48,48,-64,-64,-64,30,-78,-87,-113,118,-74,74,13,43,34,45,68,-6,97,-44,93,91,60,81,74,-61,48,-97,24,50,-109,-46,75,-46,-46,-40,-29,52,78,-12,30,-96,-16,27,39,48,6,-86,-99,4,-7,-65,-47,28,33,-84,-12,-12,34,-17,84
3387,2,-14,-30,-30,-30,-30,-30,-114,-114,56,30,-78,-87,-113,118,-74,74,13,43,34,45,68,-6,97,-44,93,91,60,81,74,-61,48,-97,-58,-58,-23,-53,-7,13,40,-90,114,6,-96,-74,13,9,43,118,-103,-87,8,26,-60,-43,104,25,-109,41,6,-1,77,115,-57,34
3388,2,-14,-30,-30,-30,-30,-30,-114,-114,56,30,-78,-87,-113,118,-74,74,13,43,34,45,68,-6,97,-44,93,91,60,81,74,-61,48,-97,-58,-58,-23,-53,-7,13,40,-90,114,6,-96,-74,13,9,43,118,-103,-87,8,26,-60,-43,104,25,-109,41,6,-1,77,115,-57,34
3389,2,-14,-30,-30,-30,-30,-30,-114,-114,56,30,-78,-87,-113,118,-74,74,13,43,34,45,68,-6,97,-44,93,91,60,81,74,-61,48,-97,-58,-58,-23,-53,-7,13,40,-90,114,6,-96,-74,13,9,43,118,-103,-87,8,26,-60,-43,104,25,-109,41,6,-1,77,115,-57,34
3390,2,114,114,127,127,127,127,127,-95,-20,56,30,-78,-87,-113,118,-74,74,13,43,34,45,68,-6,97,-44,93,91,60,81,74,-61,48,-110,112,-118,-70,123,-65,126,34,-45,101,108,34,-88,41,-104,30,-42,-3,-37,-28,-46,11,123,-58,1,-55,68,58,70,-22,-96,72
3391,2,114,114,127,127,127,127,127,-95,-20,56,30,-78,-87,-113,118,-74,74,13,43,34,45,68,-6,97,-44,93,91,60,81,74,-61,48,-110,112,-118,-70,123,-65,126,34,-45,101,108,34,-88,41,-104,30,-42,-3,-37,-28,-46,11,123,-58,1,-55,68,58,70,-22,-96,72
3392,2,114,114,127,127,127,127,127,-95,-20,56,30,-78,-87,-113,118,-74,74,13,43,34,45,68,-6,97,-44,93,91,60,81,74,-61,48,-110,112,-118,-70,123,-65,126,34,-45,101,108,34,-88,41,-104,30,-42,-3,-37,-28,-46,11,123,-58,1,-55,68,58,70,-22,-96,72
3393,2,86,86,86,31,31,31,31,31,-50,-20,56,30,-78,-87,-113,118,-74,74,13,43,34,45,68,-6,97,-44,93,91,60,81,74,-61,55,-119,24,-19,102,76,-90,-60,-75,-44,-61,-86,-121,-104,70,76,-49,-43,21,74,32,-120,-33,11,-127,36,69,55,-49,-101,35,-2
3394,2,86,86,86,31,31,31,31,31,-50,-20,56,30,-78,-87,-113,118,-74,74,13,43,34,45,68,-6,97,-44,93,91,60,81,74,-61,55,-119,24,-19,102,76,-90,-60,-75,-44,-61,-86,-121,-104,70,76,-49,-43,21,74,32,-120,-33,11,-127,36,69,55,-49,-101,35,-2
3395,2,86,86,86,31,31,31,31,31,-50,-20,56,30,-78,-87,-113,118,-74,74,13,43,34,45,68,-6,97,-44,93,91,60,81,74,-61,55,-119,24,-19,102,76,-90,-60,-75,-44,-61,-86,-121,-104,70,76,-49,-43,21,74,32,-120,-33,11,-127,36,69,55,-49,-101,35,-2
3396,2,-98,-98,-98,-98,59,59,59,59,94,-50,-20,56,30,-78,-87,-113,118,-74,74,13,43,34,45,68,-6,97,-44,93,91,60,81,74,14,28,-63,-71,45,-17,-3,120,88,-34,48,123,54,-57,-120,-78,12,-123,-115,-107,-126,0,-100,-11,125,120,-67,21,-105,-59,-82,-39
3397,2,-98,-98,-98,-98,59,59,59,59,94,-50,-20,56,30,-78,-87,-113,118,-74,74,13,43,34,45,68,-6,97,-44,93,91,60,81,74,14,28,-63,-71,45,-17,-3,120,88,-34,48,123,54,-57,-120,-78,12,-123,-115,-107,-126,0,-100,-11,125,120,-67,21,-105,-59,-82,-39
3398,2,-98,-98,-98,-98,59,59,59,59,94,-50,-20,56,30,-78,-87,-113,118,-74,74,13,43,34,45,68,-6,97,-44,93,91,60,81,74,14,28,-63,-71,45,-17,-3,120,88,-34,48,123,54,-57,-120,-78,12,-123,-115,-107,-126,0,-100,-11,125,120,-67,21,-105,-59,-82,-39
3399,2,-126,-126,-126,-126,-126,-49,-49,-49,-71,94,-50,-20,56,30,-78,-87,-113,118,-74,74,13,43,34,45,68,-6,97,-44,93,91,60,81,-89,62,127,-122,31,-89,-43,36,-52,-59,37,-19,-60,34,78,29,-121,50,3,-25,71,125,-61,-28,34,-29,-117,76,-23,-107,26,-93
3400,2,-126,-126,-126,-126,-126,-49,-49,-49,-71,94,-50,-20,56,30,-78,-87,-113,118,-74,74,13,43,34,45,68,-6,97,-44,93,91,60,81,-89,62,127,-122,31,-89,-43,36,-52,-59,37,-19,-60,34,78,29,-121,50,3,-25,71,125,-61,-28,34,-29,-117,76,-23,-107,26,-93
3401,2,-126,-126,-126,-126,-126,-49,-49,-49,-71,94,-50,-20,56,30,-78,-87,-113,118,-74,74,13,43,34,45,68,-6,97,-44,93,91,60,81,-89,62,127,-122,31,-89,-43,36,-52,-59,37,-19,-60,34,78,29,-121,50,3,-25,71,125,-61,-28,34,-29,-117,76,-23,-107,26,-93
3402,2,-11,-80,-80,-80,-80,-80,0,0,-107,-71,94,-50,-20,56,30,-78,-87,-113,118,-74,74,13,43,34,45,68,-6,97,-44,93,91,60,44,-29,-76,-123,49,-113,43,86,84,-2,-39,127,-41,-52,70,-24,89,-22,124,89,67,-113,101,88,-54,78,76,-111,49,54,-97,-52
3403,2,-11,-80,-80,-80,-80,-80,0,0,-107,-71,94,-50,-20,56,30,-78,-87,-113,118,-74,74,13,43,34,45,68,-6,97,-44,93,91,60,44,-29,-76,-123,49,-113,43,86,84,-2,-39,127,-41,-52,70,-24,89,-22,124,89,67,-113,101,88,-54,78,76,-111,49,54,-97,-52
3404,2,-11,-80,-80,-80,-80,-80,0,0,-107,-71,94,-50,-20,56,30,-78,-87,-113,118,-74,74,13,43,34,45,68,-6,97,-44,93,91,60,44,-29,-76,-123,49,-113,43,86,84,-2,-39,127,-41,-52,70,-24,89,-22,124,89,67,-113,101,88,-54,78,76,-111,49,54,-97,-52
3405,2,-6,-6,-44,-44,-44,-44,-44,-54,98,-107,-71,94,-50,-20,56,30,-78,-87,-113,118,-74,74,13,43,34,45,68,-6,97,-44,93,91,65,92,34,17,-107,123,-105,-70,-92,-64,54,-35,-98,57,-108,54,78,125,-110,74,33,82,-84,33,-28,-59,-119,62,-42,100,-117,88
3406,2,-6,-6,-44,-44,-44,-44,-44,-54,98,-107,-71,94,-50,-20,56,30,-78,-87,-113,118,-74,74,13,43,34,45,68,-6,97,-44,93,91,65,92,34,17,-107,123,-105,-70,-92,-64,54,-35,-98,57,-108,54,78,125,-110,74,33,82,-84,33,-28,-59,-119,62,-42,100,-117,88
3407,2,-6,-6,-44,-44,-44,-44,-44,-54,98,-107,-71,94,-50,-20,56,30,-78,-87,-113,118,-74,74,13,43,34,45,68,-6,97,-44,93,91,65,92,34,17,-107,123,-105,-70,-92,-64,54,-35,-98,57,-108,54,78,125,-110,74,33,82,-84,33,-28,-59,-119,62,-42,100,-117,88
3408,2,-96,-96,-96,118,118,118,118,118,48,98,-107,-71,94,-50,-20,56,30,-78,-87,-113,118,-74,74,13,43,34,45,68,-6,97,-44,93,-83,1,-25,68,21,-33,-28,-5,115,-124,65,92,-35,-42,-33,20,-10,-10,-33,-119,-110,-93,-7,-94,-62,-100,-9,68,-36,-94,-41,-77
3409,2,-96,-96,-96,118,118,118,118,118,48,98,-107,-71,94,-50,-20,56,30,-78,-87,-113,118,-74,74,13,43,34,45,68,-6,97,-44,93,-83,1,-25,68,21,-33,-28,-5,115,-124,65,92,-35,-42,-33,20,-10,-10,-33,-119,-110,-93,-7,-94,-62,-100,-9,68,-36,-94,-41,-77
3410,2,-96,-96,-96,118,118,118,118,118,48,98,-107,-71,94,-50,-20,56,30,-78,-87,-113,118,-74,74,13,43,34,45,68,-6,97,-44,93,-83,1,-25,68,21,-33,-28,-5,115,-124,65,92,-35,-42,-33,20,-10,-10,-33,-119,-110,-93,-7,-94,-62,-100,-9,68,-36,-94,-41,-77
3411,2,-21,-21,-21,-21,-98,-98,-98,-98,-14,48,98,-107,-71,94,-50,-20,56,30,-78,-87,-113,118,-74,74,13,43,34,45,68,-6,97,-44,74,44,-22,77,127,-64,-64,-20,78,5,39,92,-1,104,65,44,100,-80,-64,77,-12,11,-83,-116,-21,79,-80,-86,1,-34,25,17
3412,2,-21,-21,-21,-21,-98,-98,-98,-98,-14,48,98,-107,-71,94,-50,-20,56,30,-78,-87,-113,118,-74,74,13,43,34,45,68,-6,97,-44,74,44,-22,77,127,-64,-64,-20,78,5,39,92,-1,104,65,44,100,-80,-64,77,-12,11,-83,-116,-21,79,-80,-86,1,-34,25,17
3413,2,-21,-21,-21,-21,-98,-98,-98,-98,-14,48,98,-107,-71,94,-50,-20,56,30,-78,-87,-113,118,-74,74,13,43,34,45,68,-6,97,-44,74,44,-22,77,127,-64,-64,-20,78,5,39,92,-1,104,65,44,100,-80,-64,77,-12,11,-83,-116,-21,79,-80,-86,1,-34,25,17
3414,2,116,116,116,116,116,22,22,22,114,-14,48,98,-107,-71,94,-50,-20,56,30,-78,-87,-113,118,-74,74,13,43,34,45,68,-6,97,45,-19,-122,-65,-127,-116,93,-79,100,24,-38,-73,58,-17,90,-34,32,17,116,107,-97,-121,32,42,-75,112,-31,100,50,-20,-15,-25
3415,2,116,116,116,116,116,22,22,22,114,-14,48,98,-107,-71,94,-50,-20,56,30,-78,-87,-113,118,-74,74,13,43,34,45,68,-6,97,45,-19,-122,-65,-127,-116,93,-79,100,24,-38,-73,58,-17,90,-34,32,17,116,107,-97,-121,32,42,-75,112,-31,100,50,-20,-15,-25
3416,2,116,116,116,116,116,22,22,22,114,-14,48,98,-107,-71,94,-50,-20,56,30,-78,-87,-113,118,-74,74,13,43,34,45,68,-6,97,45,-19,-122,-65,-127,-116,93,-79,100,24,-38,-73,58,-17,90,-34,32,17,116,107,-97,-121,32,42,-75,112,-31,100,50,-20,-15,-25
3417,2,-117,103,103,103,103,103,-117,-117,86,114,-14,48,98,-107,-71,94,-50,-20,56,30,-78,-87,-113,118,-74,74,13,43,34,45,68,-6,125,34,-114,-16,109,48,-122,-50,37,-19,3,-87,-83,83,-71,46,-108,38,102,-50,55,59,-27,100,-109,103,-81,-26,-77,-124,27,106
3418,2,-117,103,103,103,103,103,-117,-117,86,114,-14,48,98,-107,-71,94,-50,-20,56,30,-78,-87,-113,118,-74,74,13,43,34,45,68,-6,125,34,-114,-16,109,48,-122,-50,37,-19,3,-87,-83,83,-71,46,-108,38,102,-50,55,59,-27,100,-109,103,-81,-26,-77,-124,27,106
3419,2,-117,103,103,103,103,103,-117,-117,86,114,-14,48,98,-107,-71,94,-50,-20,56,30,-78,-87,-113,118,-74,74,13,43,34,45,68,-6,125,34,-114,-16,109,48,-122,-50,37,-19,3,-87,-83,83,-71,46,-108,38,102,-50,55,59,-27,100,-109,103,-81,-26,-77,-124,27,106
3420,2,61,61,-30,-30,-30,-30,-30,50,-98,86,114,-14,48,98,-107,-71,94,-50,-20,56,30,-78,-87,-113,118,-74,74,13,43,34,45,68,-51,-36,-22,104,16,101,-99,12,79,39,13,-101,-121,-122,115,87,-125,125,-100,-125,-98,65,13,23,24,-20,24,-67,-14,-110,-76,-57
3421,2,61,61,-30,-30,-30,-30,-30,50,-98,86,114,-14,48,98,-107,-71,94,-50,-20,56,30,-78,-87,-113,118,-74,74,13,43,34,45,68,-51,-36,-22,104,16,101,-99,12,79,39,13,-101,-121,-122,115,87,-125,125,-100,-125,-98,65,13,23,24,-20,24,-67,-14,-110,-76,-57
3422,2,61,61,-30,-30,-30,-30,-30,50,-98,86,114,-14,48,98,-107,-71,94,-50,-20,56,30,-78,-87,-113,118,-74,74,13,43,34,45,68,-51,-36,-22,104,16,101,-99,12,79,39,13,-101,-121,-122,115,87,-125,125,-100,-125,-98,65,13,23,24,-20,24,-67,-14,-110,-76,-57
3423,2,116,116,116,-64,-64,-64,-64,-64,-126,-98,86,114,-14,48,98,-107,-71,94,-50,-20,56,30,-78,-87,-113,118,-74,74,13,43,34,45,71,37,-86,-17,-115,47,-50,30,-88,119,-86,114,77,13,-59,-100,6,-24,116,-96,60,68,85,89,-127,41,21,20,-53,-24,55,109
3424,2,116,116,116,-64,-64,-64,-64,-64,-126,-98,86,114,-14,48,98,-107,-71,94,-50,-20,56,30,-78,-87,-113,118,-74,74,13,43,34,45,71,37,-86,-17,-115,47,-50,30,-88,119,-86,114,77,13,-59,-100,6,-24,116,-96,60,68,85,89,-127,41,21,20,-53,-24,55,109
3425,2,116,116,116,-64,-64,-64,-64,-64,-126,-98,86,114,-14,48,98,-107,-71,94,-50,-20,56,30,-78,-87,-113,118,-74,74,13,43,34,45,71,37,-86,-17,-115,47,-50,30,-88,119,-86,114,77,13,-59,-100,6,-24,116,-96,60,68,85,89,-127,41,21,20,-53,-24,55,109
3426,2,91,91,91,91,-110,-110,-110,-110,-11,-126,-98,86,114,-14,48,98,-107,-71,94,-50,-20,56,30,-78,-87,-113,118,-74,74,13,43,34,109,-116,-54,69,52,92,26,-19,-22,7,-23,12,-69,97,-89,87,-42,-17,-35,18,-55,-76,82,-80,-77,-107,121,73,-87,13,35,123
3427,2,91,91,91,91,-110,-110,-110,-110,-11,-126,-98,86,114,-14,48,98,-107,-71,94,-50,-20,56,30,-78,-87,-113,118,-74,74,13,43,34,109,-116,-54,69,52,92,26,-19,-22,7,-23,12,-69,97,-89,87,-42,-17,-35,18,-55,-76,82,-80,-77,-107,121,73,-87,13,35,123
3428,2,91,91,91,91,-110,-110,-110,-110,-11,-126,-98,86,114,-14,48,98,-107,-71,94,-50,-20,56,30,-78,-87,-113,118,-74,74,13,43,34,109,-116,-54,69,52,92,26,-19,-22,7,-23,12,-69,97,-89,87,-42,-17,-35,18,-55,-76,82,-80,-77,-107,121,73,-87,13,35,123
3429,2,-116,-116,-116,-116,-116,4,4,4,-6,-11,-126,-98,86,114,-14,48,98,-107,-71,94,-50,-20,56,30,-78,-87,-113,118,-74,74,13,43,29,71,53,98,57,-35,-22,111,-18,11,48,-55,-8,119,-33,-87,-111,126,6,-55,-48,-19,-72,-105,-63,27,-40,-36,-56,-53,-15,-125
3430,2,-116,-116,-116,-116,-116,4,4,4,-6,-11,-126,-98,86,114,-14,48,98,-107,-71,94,-50,-20,56,30,-78,-87,-113,118,-74,74,13,43,29,71,53,98,57,-35,-22,111,-18,11,48,-55,-8,119,-33,-87,-111,126,6,-55,-48,-19,-72,-105,-63,27,-40,-36,-56,-53,-15,-125
3431,2,-116,-116,-116,-116,-116,4,4,4,-6,-11,-126,-98,86,114,-14,48,98,-107,-71,94,-50,-20,56,30,-78,-87,-113,118,-74,74,13,43,29,71,53,98,57,-35,-22,111,-18,11,48,-55,-8,119,-33,-87,-111,126,6,-55,-48,-19,-72,-105,-63,27,-40,-36,-56,-53,-15,-125
3432,2,76,-54,-54,-54,-54,-54,14,14,-96,-6,-11,-126,-98,86,114,-14,48,98,-107,-71,94,-50,-20,56,30,-78,-87,-113,118,-74,74,13,-61,94,-125,-12,-8,-33,-106,78,-49,59,18,-111,24,66,-85,-120,-68,-83,100,-87,70,-105,-118,23,126,-98,-96,126,81,-69,112,-43
3433,2,76,-54,-54,-54,-54,-54,14,14,-96,-6,-11,-126,-98,86,114,-14,48,98,-107,-71,94,-50,-20,56,30,-78,-87,-113,118,-74,74,13,-61,94,-125,-12,-8,-33,-106,78,-49,59,18,-111,24,66,-85,-120,-68,-83,100,-87,70,-105,-118,23,126,-98,-96,126,81,-69,112,-43
3434,2,76,-54,-54,-54,-54,-54,14,14,-96,-6,-11,-126,-98,86,114,-14,48,98,-107,-71,94,-50,-20,56,30,-78,-87,-113,118,-74,74,13,-61,94,-125,-12,-8,-33,-106,78,-49,59,18,-111,24,66,-85,-120,-68,-83,100,-87,70,-105,-118,23,126,-98,-96,126,81,-69,112,-43
3435,2,-35,-35,-65,-65,-65,-65,-65,24,-21,-96,-6,-11,-126,-98,86,114,-14,48,98,-107,-71,94,-50,-20,56,30,-78,-87,-113,118,-74,74,6,-19,42,122,90,-1,64,-40,107,-38,-55,49,0,-7,-101,-14,45,-8,57,-56,24,-26,-99,72,22,-53,-122,24,-120,75,5,8
3436,2,-35,-35,-65,-65,-65,-65,-65,24,-21,-96,-6,-11,-126,-98,86,114,-14,48,98,-107,-71,94,-50,-20,56,30,-78,-87,-113,118,-74,74,6,-19,42,122,90,-1,64,-40,107,-38,-55,49,0,-7,-101,-14,45,-8,57,-56,24,-26,-99,72,22,-53,-122,24,-120,75,5,8
3437,2,-35,-35,-65,-65,-65,-65,-65,24,-21,-96,-6,-11,-126,-98,86,114,-14,48,98,-107,-71,94,-50,-20,56,30,-78,-87,-113,118,-74,74,6,-19,42,122,90,-1,64,-40,107,-38,-55,49,0,-7,-101,-14,45,-8,57,-56,24,-26,-99,72,22,-53,-122,24,-120,75,5,8
3438,2,127,127,127,97,97,97,97,97,116,-21,-96,-6,-11,-126,-98,86,114,-14,48,98,-107,-71,94,-50,-20,56,30,-78,-87,-113,118,-74,-2,-28,-25,109,22,12,-16,-107,26,-97,1,-73,15,-52,96,105,-80,100,50,-113,-3,7,15,-7,-5,-18,82,117,-6,-56,0,40
3439,2,127,127,127,97,97,97,97,97,116,-21,-96,-6,-11,-126,-98,86,114,-14,48,98,-107,-71,94,-50,-20,56,30,-78,-87,-113,118,-74,-2,-28,-25,109,22,12,-16,-107,26,-97,1,-73,15,-52,96,105,-80,100,50,-113,-3,7,15,-7,-5,-18,82,117,-6,-56,0,40
3440,2,127,127,127,97,97,97,97,97,116,-21,-96,-6,-11,-126,-98,86,114,-14,48,98,-107,-71,94,-50,-20,56,30,-78,-87,-113,118,-74,-2,-28,-25,109,22,12,-16,-107,26,-97,1,-73,15,-52,96,105,-80,100,50,-113,-3,7,15,-7,-5,-18,82,117,-6,-56,0,40
3441,2,11,11,11,11,11,11,11,11,-117,116,-21,-96,-6,-11,-126,-98,86,114,-14,48,98,-107,-71,94,-50,-20,56,30,-78,-87,-113,118,16,74,73,-62,4,36,64,54,62,110,82,-110,-53,58,86,96,55,75,-119,6,-108,-73,-31,-63,113,-61,-119,-88,-113,22,36,32
3442,2,11,11,11,11,11,11,11,11,-117,116,-21,-96,-6,-11,-126,-98,86,114,-14,48,98,-107,-71,94,-50,-20,56,30,-78,-87,-113,118,16,74,73,-62,4,36,64,54,62,110,82,-110,-53,58,86,96,55,75,-119,6,-108,-73,-31,-63,113,-61,-119,-88,-113,22,36,32
3443,2,11,11,11,11,11,11,11,11,-117,116,-21,-96,-6,-11,-126,-98,86,114,-14,48,98,-107,-71,94,-50,-20,56,30,-78,-87,-113,118,16,74,73,-62,4,36,64,54,62,110,82,-110,-53,58,86,96,55,75,-119,6,-108,-73,-31,-63,113,-61,-119,-88,-113,22,36,32
3444,2,91,91,91,91,91,-114,-114,-114,61,-117,116,-21,-96,-6,-11,-126,-98,86,114,-14,48,98,-107,-71,94,-50,-20,56,30,-78,-87,-113,5,-66,-34,-53,89,64,106,-45,21,-89,71,20,-103,44,34,33,-54,121,62,105,-106,-39,-22,-2,111,-6,-99,58,55,90,-46,116
3445,2,91,91,91,91,91,-114,-114,-114,61,-117,116,-21,-96,-6,-11,-126,-98,86,114,-14,48,98,-107,-71,94,-50,-20,56,30,-78,-87,-113,5,-66,-34,-53,89,64,106,-45,21,-89,71,20,-103,44,34,33,-54,121,62,105,-106,-39,-22,-2,111,-6,-99,58,55,90,-46,116
3446,2,91,91,91,91,91,-114,-114,-114,61,-117,116,-21,-96,-6,-11,-126,-98,86,114,-14,48,98,-107,-71,94,-50,-20,56,30,-78,-87,-113,5,-66,-34,-53,89,64,106,-45,21,-89,71,20,-103,44,34,33,-54,121,62,105,-106,-39,-22,-2,111,-6,-99,58,55,90,-46,116
3447,2,-61,-89,-89,-89,-89,-89,110,110,116,61,-117,116,-21,-96,-6,-11,-126,-98,86,114,-14,48,98,-107,-71,94,-50,-20,56,30,-78,-87,108,116,96,48,45,116,-27,-41,94,-126,-76,53,-111,-65,22,-15,-30,-43,17,-111,115,-61,124,-40,86,-93,4,24,50,-26,-100,103
3448,2,-61,-89,-89,-89,-89,-89,110,110,116,61,-117,116,-21,-96,-6,-11,-126,-98,86,114,-14,48,98,-107,-71,94,-50,-20,56,30,-78,-87,108,116,96,48,45,116,-27,-41,94,-126,-76,53,-111,-65,22,-15,-30,-43,17,-111,115,-61,124,-40,86,-93,4,24,50,-26,-100,103
3449,2,-61,-89,-89,-89,-89,-89,110,110,116,61,-117,116,-21,-96,-6,-11,-126,-98,86,114,-14,48,98,-107,-71,94,-50,-20,56,30,-78,-87,108,116,96,48,45,116,-27,-41,94,-126,-76,53,-111,-65,22,-15,-30,-43,17,-111,115,-61,124,-40,86,-93,4,24,50,-26,-100,103
3450,2,24,24,122,122,122,122,122,-108,91,116,61,-117,116,-21,-96,-6,-11,-126,-98,86,114,-14,48,98,-107,-71,94,-50,-20,56,30,-78,44,-72,79,110,5,-117,-42,-95,61,41,-57,-116,70,42,-21,28,-72,-31,-29,63,-66,-15,30,-47,126,-3,10,15,59,-90,82,-103
3451,2,24,24,122,122,122,122,122,-108,91,116,61,-117,116,-21,-96,-6,-11,-126,-98,86,114,-14,48,98,-107,-71,94,-50,-20,56,30,-78,44,-72,79,110,5,-117,-42,-95,61,41,-57,-116,70,42,-21,28,-72,-31,-29,63,-66,-15,30,-47,126,-3,10,15,59,-90,82,-103
3452,2,24,24,122,122,122,122,122,-108,91,116,61,-117,116,-21,-96,-6,-11,-126,-98,86,114,-14,48,98,-107,-71,94,-50,-20,56,30,-78,44,-72,79,110,5,-117,-42,-95,61,41,-57,-116,70,42,-21,28,-72,-31,-29,63,-66,-15,30,-47,126,-3,10,15,59,-90,82,-103
3453,2,102,102,102,99,99,99,99,99,-116,91,116,61,-117,116,-21,-96,-6,-11,-126,-98,86,114,-14,48,98,-107,-71,94,-50,-20,56,30,2,62,63,-83,-58,87,-94,75,26,111,-125,-18,17,120,-85,92,-83,92,86,-12,-37,89,-4,-89,-46,-47,-87,94,99,-26,82,91
3454,2,102,102,102,99,99,99,99,99,-116,91,116,61,-117,116,-21,-96,-6,-11,-126,-98,86,114,-14,48,98,-107,-71,94,-50,-20,56,30,2,62,63,-83,-58,87,-94,75,26,111,-125,-18,17,120,-85,92,-83,92,86,-12,-37,89,-4,-89,-46,-47,-87,94,99,-26,82,91
3455,2,102,102,102,99,99,99,99,99,-116,91,116,61,-117,116,-21,-96,-6,-11,-126,-98,86,114,-14,48,98,-107,-71,94,-50,-20,56,30,2,62,63,-83,-58,87,-94,75,26,111,-125,-18,17,120,-85,92,-83,92,86,-12,-37,89,-4,-89,-46,-47,-87,94,99,-26,82,91
3456,2,37,37,37,37,53,53,53,53,76,-116,91,116,61,-117,116,-21,-96,-6,-11,-126,-98,86,114,-14,48,98,-107,-71,94,-50,-20,56,88,-90,105,86,-49,-8,86,-109,39,-2,-18,73,3,61,58,-127,73,-117,101,-123,-110,-115,0,-70,-62,113,121,-102,-107,-47,-50,-55
3457,2,37,37,37,37,53,53,53,53,76,-116,91,116,61,-117,116,-21,-96,-6,-11,-126,-98,86,114,-14,48,98,-107,-71,94,-50,-20,56,88,-90,105,86,-49,-8,86,-109,39,-2,-18,73,3,61,58,-127,73,-117,101,-123,-110,-115,0,-70,-62,113,121,-102,-107,-47,-50,-55
3458,2,37,37,37,37,53,53,53,53,76,-116,91,116,61,-117,116,-21,-96,-6,-11,-126,-98,86,114,-14,48,98,-107,-71,94,-50,-20,56,88,-90,105,86,-49,-8,86,-109,39,-2,-18,73,3,61,58,-127,73,-117,101,-123,-110,-115,0,-70,-62,113,121,-102,-107,-47,-50,-55
3459,2,-104,-104,-104,-104,-104,-117,-117,-117,-35,76,-116,91,116,61,-117,116,-21,-96,-6,-11,-126,-98,86,114,-14,48,98,-107,-71,94,-50,-20,-58,-120,-82,59,-127,34,-13,-70,-79,88,-49,126,107,59,13,88,-69,-3,26,32,-92,-27,-97,-62,-117,20,-64,-64,-66,-1,-14,81
3460,2,-104,-104,-104,-104,-104,-117,-117,-117,-35,76,-116,91,116,61,-117,116,-21,-96,-6,-11,-126,-98,86,114,-14,48,98,-107,-71,94,-50,-20,-58,-120,-82,59,-127,34,-13,-70,-79,88,-49,126,107,59,13,88,-69,-3,26,32,-92,-27,-97,-62,-117,20,-64,-64,-66,-1,-14,81
3461,2,-104,-104,-104,-104,-104,-117,-117,-117,-35,76,-116,91,116,61,-117,116,-21,-96,-6,-11,-126,-98,86,114,-14,48,98,-107,-71,94,-50,-20,-58,-120,-82,59,-127,34,-13,-70,-79,88,-49,126,107,59,13,88,-69,-3,26,32,-92,-27,-97,-62,-117,20,-64,-64,-66,-1,-14,81
3462,2,31,-89,-89,-89,-89,-89,120,120,127,-35,76,-116,91,116,61,-117,116,-21,-96,-6,-11,-126,-98,86,114,-14,48,98,-107,-71,94,-50,-57,87,18,-30,-82,-116,-12,-59,38,70,87,52,-61,-121,-118,-72,-93,55,-89,110,-48,-117,-126,-43,3,-9,-14,127,-31,56,77,78
3463,2,31,-89,-89,-89,-89,-89,120,120,127,-35,76,-116,91,116,61,-117,116,-21,-96,-6,-11,-126,-98,86,114,-14,48,98,-107,-71,94,-50,-57,87,18,-30,-82,-116,-12,-59,38,70,87,52,-61,-121,-118,-72,-93,55,-89,110,-48,-117,-126,-43,3,-9,-14,127,-31,56,77,78
3464,2,31,-89,-89,-89,-89,-89,120,120,127,-35,76,-116,91,116,61,-117,116,-21,-96,-6,-11,-126,-98,86,114,-14,48,98,-107,-71,94,-50,-57,87,18,-30,-82,-116,-12,-59,38,70,87,52,-61,-121,-118,-72,-93,55,-89,110,-48,-117,-126,-43,3,-9,-14,127,-31,56,77,78
3465,2,15,15,70,70,70,70,70,-111,11,127,-35,76,-116,91,116,61,-117,116,-21,-96,-6,-11,-126,-98,86,114,-14,48,98,-107,-71,94,119,-2,4,21,-35,70,115,-122,103,85,-93,-111,102,113,125,-3,63,-12,84,-7,-41,24,105,-59,27,-22,-117,-19,92,49,46,-47
3466,2,15,15,70,70,70,70,70,-111,11,127,-35,76,-116,91,116,61,-117,116,-21,-96,-6,-11,-126,-98,86,114,-14,48,98,-107,-71,94,119,-2,4,21,-35,70,115,-122,103,85,-93,-111,102,113,125,-3,63,-12,84,-7,-41,24,105,-59,27,-22,-117,-19,92,49,46,-47
3467,2,15,15,70,70,70,70,70,-111,11,127,-35,76,-116,91,116,61,-117,116,-21,-96,-6,-11,-126,-98,86,114,-14,48,98,-107,-71,94,119,-2,4,21,-35,70,115,-122,103,85,-93,-111,102,113,125,-3,63,-12,84,-7,-41,24,105,-59,27,-22,-117,-19,92,49,46,-47
3468,2,-72,-72,-72,16,16,16,16,16,91,11,127,-35,76,-116,91,116,61,-117,116,-21,-96,-6,-11,-126,-98,86,114,-14,48,98,-107,-71,82,-87,123,6,-95,24,83,4,117,125,-98,104,-19,-80,28,-86,15,-91,99,95,50,-56,-55,-82,24,17,16,51,-107,86,77,-82
3469,2,-72,-72,-72,16,16,16,16,16,91,11,127,-35,76,-116,91,116,61,-117,116,-21,-96,-6,-11,-126,-98,86,114,-14,48,98,-107,-71,82,-87,123,6,-95,24,83,4,117,125,-98,104,-19,-80,28,-86,15,-91,99,95,50,-56,-55,-82,24,17,16,51,-107,86,77,-82
3470,2,-72,-72,-72,16,16,16,16,16,91,11,127,-35,76,-116,91,116,61,-117,116,-21,-96,-6,-11,-126,-98,86,114,-14,48,98,-107,-71,82,-87,123,6,-95,24,83,4,117,125,-98,104,-19,-80,28,-86,15,-91,99,95,50,-56,-55,-82,24,17,16,51,-107,86,77,-82
3471,2,-2,-2,-2,-2,-42,-42,-42,-42,-61,91,11,127,-35,76,-116,91,116,61,-117,116,-21,-96,-6,-11,-126,-98,86,114,-14,48,98,-107,-25,-80,110,-95,12,-59,-59,86,3,-23,110,-21,28,94,9,-44,-117,60,0,-19,-4,54,70,101,61,86,-120,-20,19,41,112,-6
3472,2,-2,-2,-2,-2,-42,-42,-42,-42,-61,91,11,127,-35,76,-116,91,116,61,-117,116,-21,-96,-6,-11,-126,-98,86,114,-14,48,98,-107,-25,-80,110,-95,12,-59,-59,86,3,-23,110,-21,28,94,9,-44,-117,60,0,-19,-4,54,70,101,61,86,-120,-20,19,41,112,-6
3473,2,-2,-2,-2,-2,-42,-42,-42,-42,-61,91,11,127,-35,76,-116,91,116,61,-117,116,-21,-96,-6,-11,-126,-98,86,114,-14,48,98,-107,-25,-80,110,-95,12,-59,-59,86,3,-23,110,-21,28,94,9,-44,-117,60,0,-19,-4,54,70,101,61,86,-120,-20,19,41,112,-6
3474,2,-77,-77,-77,-77,-77,-103,-103,-103,24,-61,91,11,127,-35,76,-116,91,116,61,-117,116,-21,-96,-6,-11,-126,-98,86,114,-14,48,98,80,-39,2,13,13,110,50,-63,27,10,-19,49,72,56,5,-82,-72,17,-5,-38,-53,66,-9,28,-26,21,11,-63,63,-103,-114,-26
3475,2,-77,-77,-77,-77,-77,-103,-103,-103,24,-61,91,11,127,-35,76,-116,91,116,61,-117,116,-21,-96,-6,-11,-126,-98,86,114,-14,48,98,80,-39,2,13,13,110,50,-63,27,10,-19,49,72,56,5,-82,-72,17,-5,-38,-53,66,-9,28,-26,21,11,-63,63,-103,-114,-26
3476,2,-77,-77,-77,-77,-77,-103,-103,-103,24,-61,91,11,127,-35,76,-116,91,116,61,-117,116,-21,-96,-6,-11,-126,-98,86,114,-14,48,98,80,-39,2,13,13,110,50,-63,27,10,-19,49,72,56,5,-82,-72,17,-5,-38,-53,66,-9,28,-26,21,11,-63,63,-103,-114,-26
3477,2,-44,-25,-25,-25,-25,-25,-38,-38,102,24,-61,91,11,127,-35,76,-116,91,116,61,-117,116,-21,-96,-6,-11,-126,-98,86,114,-14,48,-18,3,126,114,-108,-101,62,23,-48,46,-103,-105,-44,-10,119,-78,124,-85,0,101,-86,-72,-64,37,-31,120,-96,-46,-12,-67,-66,43
3478,2,-44,-25,-25,-25,-25,-25,-38,-38,102,24,-61,91,11,127,-35,76,-116,91,116,61,-117,116,-21,-96,-6,-11,-126,-98,86,114,-14,48,-18,3,126,114,-108,-101,62,23,-48,46,-103,-105,-44,-10,119,-78,124,-85,0,101,-86,-72,-64,37,-31,120,-96,-46,-12,-67,-66,43
3479,2,-44,-25,-25,-25,-25,-25,-38,-38,102,24,-61,91,11,127,-35,76,-116,91,116,61,-117,116,-21,-96,-6,-11,-126,-98,86,114,-14,48,-18,3,126,114,-108,-101,62,23,-48,46,-103,-105,-44,-10,119,-78,124,-85,0,101,-86,-72,-64,37,-31,120,-96,-46,-12,-67,-66,43
3480,2,16,16,13,13,13,13,13,-98,37,102,24,-61,91,11,127,-35,76,-116,91,116,61,-117,116,-21,-96,-6,-11,-126,-98,86,114,-14,17,-67,48,-20,90,51,-15,-113,97,-52,103,102,71,-79,-94,3,-83,-64,-72,-60,-84,-108,-20,-66,84,-15,108,-81,61,-34,-113,71
3481,2,16,16,13,13,13,13,13,-98,37,102,24,-61,91,11,127,-35,76,-116,91,116,61,-117,116,-21,-96,-6,-11,-126,-98,86,114,-14,17,-67,48,-20,90,51,-15,-113,97,-52,103,102,71,-79,-94,3,-83,-64,-72,-60,-84,-108,-20,-66,84,-15,108,-81,61,-34,-113,71
3482,2,16,16,13,13,13,13,13,-98,37,102,24,-61,91,11,127,-35,76,-116,91,116,61,-117,116,-21,-96,-6,-11,-126,-98,86,114,-14,17,-67,48,-20,90,51,-15,-113,97,-52,103,102,71,-79,-94,3,-83,-64,-72,-60,-84,-108,-20,-66,84,-15,108,-81,61,-34,-113,71
3483,2,-38,-38,-38,37,37,37,37,37,-104,37,102,24,-61,91,11,127,-35,76,-116,91,116,61,-117,116,-21,-96,-6,-11,-126,-98,86,114,120,-121,115,-105,-70,-98,-63,-76,89,51,-62,-11,-88,-24,115,-52,117,-81,115,-48,37,-15,-103,96,-54,77,-4,-87,-66,-36,15,22
3484,2,-38,-38,-38,37,37,37,37,37,-104,37,102,24,-61,91,11,127,-35,76,-116,91,116,61,-117,116,-21,-96,-6,-11,-126,-98,86,114,120,-121,115,-105,-70,-98,-63,-76,89,51,-62,-11,-88,-24,115,-52,117,-81,115,-48,37,-15,-103,96,-54,77,-4,-87,-66,-36,15,22
3485,2,-38,-38,-38,37,37,37,37,37,-104,37,102,24,-61,91,11,127,-35,76,-116,91,116,61,-117,116,-21,-96,-6,-11,-126,-98,86,114,120,-121,115,-105,-70,-98,-63,-76,89,51,-62,-11,-88,-24,115,-52,117,-81,115,-48,37,-15,-103,96,-54,77,-4,-87,-66,-36,15,22
3486,2,81,81,81,81,-31,-31,-31,-31,31,-104,37,102,24,-61,91,11,127,-35,76,-116,91,116,61,-117,116,-21,-96,-6,-11,-126,-98,86,-4,-83,-28,-63,113,-98,23,-36,-66,-32,-105,89,-70,26,-61,-100,-46,-38,-103,96,5,-119,-65,-5,27,61,-100,11,105,11,-18,-66
3487,2,81,81,81,81,-31,-31,-31,-31,31,-104,37,102,24,-61,91,11,127,-35,76,-116,91,116,61,-117,116,-21,-96,-6,-11,-126,-98,86,-4,-83,-28,-63,113,-98,23,-36,-66,-32,-105,89,-70,26,-61,-100,-46,-38,-103,96,5,-119,-65,-5,27,61,-100,11,105,11,-18,-66
3488,2,81,81,81,81,-31,-31,-31,-31,31,-104,37,102,24,-61,91,11,127,-35,76,-116,91,116,61,-117,116,-21,-96,-6,-11,-126,-98,86,-4,-83,-28,-63,113,-98,23,-36,-66,-32,-105,89,-70,26,-61,-100,-46,-38,-103,96,5,-119,-65,-5,27,61,-100,11,105,11,-18,-66
3489,2,-104,-104,-104,-104,-104,86,86,86,15,31,-104,37,102,24,-61,91,11,127,-35,76,-116,91,116,61,-117,116,-21,-96,-6,-11,-126,-98,-91,-76,39,-86,99,-60,-21,-18,-82,121,50,-121,-83,-26,54,-48,38,66,124,-27,24,72,-115,-83,11,101,9,-103,-123,8,-87,-27
3490,2,-104,-104,-104,-104,-104,86,86,86,15,31,-104,37,102,24,-61,91,11,127,-35,76,-116,91,116,61,-117,116,-21,-96,-6,-11,-126,-98,-91,-76,39,-86,99,-60,-21,-18,-82,121,50,-121,-83,-26,54,-48,38,66,124,-27,24,72,-115,-83,11,101,9,-103,-123,8,-87,-27
3491,2,-104,-104,-104,-104,-104,86,86,86,15,31,-104,37,102,24,-61,91,11,127,-35,76,-116,91,116,61,-117,116,-21,-96,-6,-11,-126,-98,-91,-76,39,-86,99,-60,-21,-18,-82,121,50,-121,-83,-26,54,-48,38,66,124,-27,24,72,-115,-83,11,101,9,-103,-123,8,-87,-27
3492,2,-45,107,107,107,107,107,65,65,-72,15,31,-104,37,102,24,-61,91,11,127,-35,76,-116,91,116,61,-117,116,-21,-96,-6,-11,-126,94,-39,-31,51,-9,-118,84,-35,34,67,-104,-80,126,-96,-114,29,-118,97,124,56,-109,-25,83,-4,-100,-46,-69,-28,-25,6,-5,-79
3493,2,-45,107,107,107,107,107,65,65,-72,15,31,-104,37,102,24,-61,91,11,127,-35,76,-116,91,116,61,-117,116,-21,-96,-6,-11,-126,94,-39,-31,51,-9,-118,84,-35,34,67,-104,-80,126,-96,-114,29,-118,97,124,56,-109,-25,83,-4,-100,-46,-69,-28,-25,6,-5,-79
3494,2,-45,107,107,107,107,107,65,65,-72,15,31,-104,37,102,24,-61,91,11,127,-35,76,-116,91,116,61,-117,116,-21,-96,-6,-11,-126,94,-39,-31,51,-9,-118,84,-35,34,67,-104,-80,126,-96,-114,29,-118,97,124,56,-109,-25,83,-4,-100,-46,-69,-28,-25,6,-5,-79
3495,2,77,77,-81,-81,-81,-81,-81,-91,-2,-72,15,31,-104,37,102,24,-61,91,11,127,-35,76,-116,91,116,61,-117,116,-21,-96,-6,-11,113,79,-41,-21,-92,-95,-29,-45,-55,-101,-75,-123,-68,77,51,79,-114,91,-53,15,-114,68,-61,20,51,-42,-53,-87,-38,-32,21,-14
3496,2,77,77,-81,-81,-81,-81,-81,-91,-2,-72,15,31,-104,37,102,24,-61,91,11,127,-35,76,-116,91,116,61,-117,116,-21,-96,-6,-11,113,79,-41,-21,-92,-95,-29,-45,-55,-101,-75,-123,-68,77,51,79,-114,91,-53,15,-114,68,-61,20,51,-42,-53,-87,-38,-32,21,-14
3497,2,77,77,-81,-81,-81,-81,-81,-91,-2,-72,15,31,-104,37,102,24,-61,91,11,127,-35,76,-116,91,116,61,-117,116,-21,-96,-6,-11,113,79,-41,-21,-92,-95,-29,-45,-55,-101,-75,-123,-68,77,51,79,-114,91,-53,15,-114,68,-61,20,51,-42,-53,-87,-38,-32,21,-14
3498,2,10,10,10,113,113,113,113,113,-77,-2,-72,15,31,-104,37,102,24,-61,91,11,127,-35,76,-116,91,116,61,-117,116,-21,-96,-6,115,33,-26,59,118,-64,-95,-12,-21,-58,64,-34,83,-114,-51,-121,-6,-121,111,51,-119,-33,8,-106,82,50,-28,-63,14,10,71,78
3499,2,10,10,10,113,113,113,113,113,-77,-2,-72,15,31,-104,37,102,24,-61,91,11,127,-35,76,-116,91,116,61,-117,116,-21,-96,-6,115,33,-26,59,118,-64,-95,-12,-21,-58,64,-34,83,-114,-51,-121,-6,-121,111,51,-119,-33,8,-106,82,50,-28,-63,14,10,71,78
3500,2,10,10,10,113,113,113,113,113,-77,-2,-72,15,31,-104,37,102,24,-61,91,11,127,-35,76,-116,91,116,61,-117,116,-21,-96,-6,115,33,-26,59,118,-64,-95,-12,-21,-58,64,-34,83,-114,-51,-121,-6,-121,111,51,-119,-33,8,-106,82,50,-28,-63,14,10,71,78
3501,2,-59,-59,-59,-59,117,117,117,117,-44,-77,-2,-72,15,31,-104,37,102,24,-61,91,11,127,-35,76,-116,91,116,61,-117,116,-21,-96,-20,109,-28,-12,75,104,-83,74,-74,2,-70,-77,-21,78,-37,89,-65,-79,-114,90,50,-93,67,2,20,-36,117,50,16,119,-82,-76
3502,2,-59,-59,-59,-59,117,117,117,117,-44,-77,-2,-72,15,31,-104,37,102,24,-61,91,11,127,-35,76,-116,91,116,61,-117,116,-21,-96,-20,109,-28,-12,75,104,-83,74,-74,2,-70,-77,-21,78,-37,89,-65,-79,-114,90,50,-93,67,2,20,-36,117,50,16,119,-82,-76
3503,2,-59,-59,-59,-59,117,117,117,117,-44,-77,-2,-72,15,31,-104,37,102,24,-61,91,11,127,-35,76,-116,91,116,61,-117,116,-21,-96,-20,109,-28,-12,75,104,-83,74,-74,2,-70,-77,-21,78,-37,89,-65,-79,-114,90,50,-93,67,2,20,-36,117,50,16,119,-82,-76
3504,2,-8,-8,-8,-8,-8,-110,-110,-110,16,-44,-77,-2,-72,15,31,-104,37,102,24,-61,91,11,127,-35,76,-116,91,116,61,-117,116,-21,102,-83,-1,-103,-34,36,-84,11,102,86,122,-30,-120,-102,44,70,70,92,24,56,5,-83,23,115,20,27,-86,20,-53,-64,-115,48
3505,2,-8,-8,-8,-8,-8,-110,-110,-110,16,-44,-77,-2,-72,15,31,-104,37,102,24,-61,91,11,127,-35,76,-116,91,116,61,-117,116,-21,102,-83,-1,-103,-34,36,-84,11,102,86,122,-30,-120,-102,44,70,70,92,24,56,5,-83,23,115,20,27,-86,20,-53,-64,-115,48
3506,2,-8,-8,-8,-8,-8,-110,-110,-110,16,-44,-77,-2,-72,15,31,-104,37,102,24,-61,91,11,127,-35,76,-116,91,116,61,-117,116,-21,102,-83,-1,-103,-34,36,-84,11,102,86,122,-30,-120,-102,44,70,70,92,24,56,5,-83,23,115,20,27,-86,20,-53,-64,-115,48
3507,2,82,-88,-88,-88,-88,-88,21,21,-38,16,-44,-77,-2,-72,15,31,-104,37,102,24,-61,91,11,127,-35,76,-116,91,116,61,-117,116,114,59,8,42,-66,124,-34,67,-64,-10,-82,70,120,-36,-123,-46,-11,10,-50,117,80,-1,-58,52,89,70,-5,73,125,-65,-109,83
3508,2,82,-88,-88,-88,-88,-88,21,21,-38,16,-44,-77,-2,-72,15,31,-104,37,102,24,-61,91,11,127,-35,76,-116,91,116,61,-117,116,114,59,8,42,-66,124,-34,67,-64,-10,-82,70,120,-36,-123,-46,-11,10,-50,117,80,-1,-58,52,89,70,-5,73,125,-65,-109,83
3509,2,82,-88,-88,-88,-88,-88,21,21,-38,16,-44,-77,-2,-72,15,31,-104,37,102,24,-61,91,11,127,-35,76,-116,91,116,61,-117,116,114,59,8,42,-66,124,-34,67,-64,-10,-82,70,120,-36,-123,-46,-11,10,-50,117,80,-1,-58,52,89,70,-5,73,125,-65,-109,83
3510,2,51,51,127,127,127,127,127,52,81,-38,16,-44,-77,-2,-72,15,31,-104,37,102,24,-61,91,11,127,-35,76,-116,91,116,61,-117,106,-10,-106,-97,-94,-12,-73,-106,-28,112,-59,-82,-54,9,-66,-46,-119,-69,-56,38,9,102,27,9,-117,41,-65,89,38,-86,123,-123
3511,2,51,51,127,127,127,127,127,52,81,-38,16,-44,-77,-2,-72,15,31,-104,37,102,24,-61,91,11,127,-35,76,-116,91,116,61,-117,106,-10,-106,-97,-94,-12,-73,-106,-28,112,-59,-82,-54,9,-66,-46,-119,-69,-56,38,9,102,27,9,-117,41,-65,89,38,-86,123,-123
3512,2,51,51,127,127,127,127,127,52,81,-38,16,-44,-77,-2,-72,15,31,-104,37,102,24,-61,91,11,127,-35,76,-116,91,116,61,-117,106,-10,-106,-97,-94,-12,-73,-106,-28,112,-59,-82,-54,9,-66,-46,-119,-69,-56,38,9,102,27,9,-117,41,-65,89,38,-86,123,-123
3513,2,96,96,96,-1,-1,-1,-1,-1,-104,81,-38,16,-44,-77,-2,-72,15,31,-104,37,102,24,-61,91,11,127,-35,76,-116,91,116,61,-81,-39,-105,-77,-27,-97,37,-80,-28,-26,-27,-46,72,-14,-117,-32,49,-6,-88,-75,-36,-95,-115,-86,68,95,51,-7,-97,34,-98,32
3514,2,96,96,96,-1,-1,-1,-1,-1,-104,81,-38,16,-44,-77,-2,-72,15,31,-104,37,102,24,-61,91,11,127,-35,76,-116,91,116,61,-81,-39,-105,-77,-27,-97,37,-80,-28,-26,-27,-46,72,-14,-117,-32,49,-6,-88,-75,-36,-95,-115,-86,68,95,51,-7,-97,34,-98,32
3515,2,96,96,96,-1,-1,-1,-1,-1,-104,81,-38,16,-44,-77,-2,-72,15,31,-104,37,102,24,-61,91,11,127,-35,76,-116,91,116,61,-81,-39,-105,-77,-27,-97,37,-80,-28,-26,-27,-46,72,-14,-117,-32,49,-6,-88,-75,-36,-95,-115,-86,68,95,51,-7,-97,34,-98,32
3516,2,-75,-75,-75,-75,-99,-99,-99,-99,-45,-104,81,-38,16,-44,-77,-2,-72,15,31,-104,37,102,24,-61,91,11,127,-35,76,-116,91,116,-36,-123,-75,-18,-62,-89,-127,30,-59,-110,-106,42,-33,45,-78,38,120,-17,-75,89,48,29,-95,-9,-16,-16,-1,-83,101,-69,111,46
3517,2,-75,-75,-75,-75,-99,-99,-99,-99,-45,-104,81,-38,16,-44,-77,-2,-72,15,31,-104,37,102,24,-61,91,11,127,-35,76,-116,91,116,-36,-123,-75,-18,-62,-89,-127,30,-59,-110,-106,42,-33,45,-78,38,120,-17,-75,89,48,29,-95,-9,-16,-16,-1,-83,101,-69,111,46
3518,2,-75,-75,-75,-75,-99,-99,-99,-99,-45,-104,81,-38,16,-44,-77,-2,-72,15,31,-104,37,102,24,-61,91,11,127,-35,76,-116,91,116,-36,-123,-75,-18,-62,-89,-127,30,-59,-110,-106,42,-33,45,-78,38,120,-17,-75,89,48,29,-95,-9,-16,-16,-1,-83,101,-69,111,46
3519,2,13,13,13,13,13,6,6,6,77,-45,-104,81,-38,16,-44,-77,-2,-72,15,31,-104,37,102,24,-61,91,11,127,-35,76,-116,91,107,-40,-75,-14,67,-99,117,-68,71,-58,-68,-72,-44,61,-120,-36,4,-126,-38,88,-5,122,125,79,110,103,-77,-71,-1,94,-23,75
3520,2,13,13,13,13,13,6,6,6,77,-45,-104,81,-38,16,-44,-77,-2,-72,15,31,-104,37,102,24,-61,91,11,127,-35,76,-116,91,107,-40,-75,-14,67,-99,117,-68,71,-58,-68,-72,-44,61,-120,-36,4,-126,-38,88,-5,122,125,79,110,103,-77,-71,-1,94,-23,75
3521,2,13,13,13,13,13,6,6,6,77,-45,-104,81,-38,16,-44,-77,-2,-72,15,31,-104,37,102,24,-61,91,11,127,-35,76,-116,91,107,-40,-75,-14,67,-99,117,-68,71,-58,-68,-72,-44,61,-120,-36,4,-126,-38,88,-5,122,125,79,110,103,-77,-71,-1,94,-23,75
3522,2,-17,46,46,46,46,46,9,9,10,77,-45,-104,81,-38,16,-44,-77,-2,-72,15,31,-104,37,102,24,-61,91,11,127,-35,76,-116,-3,-18,-62,-13,-40,-30,93,88,-102,-55,-51,98,-10,-109,-49,79,-67,18,-49,-114,112,36,-36,-36,111,94,-119,-72,-98,119,-121,41
3523,2,-17,46,46,46,46,46,9,9,10,77,-45,-104,81,-38,16,-44,-77,-2,-72,15,31,-104,37,102,24,-61,91,11,127,-35,76,-116,-3,-18,-62,-13,-40,-30,93,88,-102,-55,-51,98,-10,-109,-49,79,-67,18,-49,-114,112,36,-36,-36,111,94,-119,-72,-98,119,-121,41
3524,2,-17,46,46,46,46,46,9,9,10,77,-45,-104,81,-38,16,-44,-77,-2,-72,15,31,-104,37,102,24,-61,91,11,127,-35,76,-116,-3,-18,-62,-13,-40,-30,93,88,-102,-55,-51,98,-10,-109,-49,79,-67,18,-49,-114,112,36,-36,-36,111,94,-119,-72,-98,119,-121,41
3525,2,-21,-21,-116,-116,-116,-116,-116,118,-59,10,77,-45,-104,81,-38,16,-44,-77,-2,-72,15,31,-104,37,102,24,-61,91,11,127,-35,76,-70,-12,-57,-32,14,59,0,117,29,-37,-29,62,49,-85,60,79,92,-64,-94,-89,125,-59,-74,-101,-38,62,71,-42,27,10,-9,6
3526,2,-21,-21,-116,-116,-116,-116,-116,118,-59,10,77,-45,-104,81,-38,16,-44,-77,-2,-72,15,31,-104,37,102,24,-61,91,11,127,-35,76,-70,-12,-57,-32,14,59,0,117,29,-37,-29,62,49,-85,60,79,92,-64,-94,-89,125,-59,-74,-101,-38,62,71,-42,27,10,-9,6
3527,2,-21,-21,-116,-116,-116,-116,-116,118,-59,10,77,-45,-104,81,-38,16,-44,-77,-2,-72,15,31,-104,37,102,24,-61,91,11,127,-35,76,-70,-12,-57,-32,14,59,0,117,29,-37,-29,62,49,-85,60,79,92,-64,-94,-89,125,-59,-74,-101,-38,62,71,-42,27,10,-9,6
3528,2,126,126,126,-80,-80,-80,-80,-80,-8,-59,10,77,-45,-104,81,-38,16,-44,-77,-2,-72,15,31,-104,37,102,24,-61,91,11,127,-35,18,109,-74,79,-78,73,-60,-84,-52,-14,81,-117,-64,17,-87,100,-11,-9,-66,88,-127,60,10,22,76,31,4,-57,3,-29,0,-4
3529,2,126,126,126,-80,-80,-80,-80,-80,-8,-59,10,77,-45,-104,81,-38,16,-44,-77,-2,-72,15,31,-104,37,102,24,-61,91,11,127,-35,18,109,-74,79,-78,73,-60,-84,-52,-14,81,-117,-64,17,-87,100,-11,-9,-66,88,-127,60,10,22,76,31,4,-57,3,-29,0,-4
3530,2,126,126,126,-80,-80,-80,-80,-80,-8,-59,10,77,-45,-104,81,-38,16,-44,-77,-2,-72,15,31,-104,37,102,24,-61,91,11,127,-35,18,109,-74,79,-78,73,-60,-84,-52,-14,81,-117,-64,17,-87,100,-11,-9,-66,88,-127,60,10,22,76,31,4,-57,3,-29,0,-4
3531,2,-55,-55,-55,-55,75,75,75,75,82,-8,-59,10,77,-45,-104,81,-38,16,-44,-77,-2,-72,15,31,-104,37,102,24,-61,91,11,127,98,-96,-77,-29,-7,-30,38,126,111,-127,-80,-30,103,-64,-104,-113,27,43,127,-30,-30,61,34,-1,11,-17,19,5,27,-17,4,72
3532,2,-55,-55,-55,-55,75,75,75,75,82,-8,-59,10,77,-45,-104,81,-38,16,-44,-77,-2,-72,15,31,-104,37,102,24,-61,91,11,127,98,-96,-77,-29,-7,-30,38,126,111,-127,-80,-30,103,-64,-104,-113,27,43,127,-30,-30,61,34,-1,11,-17,19,5,27,-17,4,72
3533,2,-55,-55,-55,-55,75,75,75,75,82,-8,-59,10,77,-45,-104,81,-38,16,-44,-77,-2,-72,15,31,-104,37,102,24,-61,91,11,127,98,-96,-77,-29,-7,-30,38,126,111,-127,-80,-30,103,-64,-104,-113,27,43,127,-30,-30,61,34,-1,11,-17,19,5,27,-17,4,72
3534,2,33,33,33,33,33,-14,-14,-14,51,82,-8,-59,10,77,-45,-104,81,-38,16,-44,-77,-2,-72,15,31,-104,37,102,24,-61,91,11,80,-56,-43,-21,-17,-59,-6,20,8,43,-103,-59,-110,4,-60,-69,1,-9,45,69,-98,-36,-10,54,96,-29,108,8,-79,-7,-44,125
3535,2,33,33,33,33,33,-14,-14,-14,51,82,-8,-59,10,77,-45,-104,81,-38,16,-44,-77,-2,-72,15,31,-104,37,102,24,-61,91,11,80,-56,-43,-21,-17,-59,-6,20,8,43,-103,-59,-110,4,-60,-69,1,-9,45,69,-98,-36,-10,54,96,-29,108,8,-79,-7,-44,125
3536,2,33,33,33,33,33,-14,-14,-14,51,82,-8,-59,10,77,-45,-104,81,-38,16,-44,-77,-2,-72,15,31,-104,37,102,24,-61,91,11,80,-56,-43,-21,-17,-59,-6,20,8,43,-103,-59,-110,4,-60,-69,1,-9,45,69,-98,-36,-10,54,96,-29,108,8,-79,-7,-44,125
3537,2,-109,47,47,47,47,47,-53,-53,96,51,82,-8,-59,10,77,-45,-104,81,-38,16,-44,-77,-2,-72,15,31,-104,37,102,24,-61,91,-68,-37,-99,113,111,103,123,17,85,-76,52,103,-100,36,121,118,-27,-99,-108,-107,-117,68,-99,-12,-117,93,116,-85,109,-68,74,15
3538,2,-109,47,47,47,47,47,-53,-53,96,51,82,-8,-59,10,77,-45,-104,81,-38,16,-44,-77,-2,-72,15,31,-104,37,102,24,-61,91,-68,-37,-99,113,111,103,123,17,85,-76,52,103,-100,36,121,118,-27,-99,-108,-107,-117,68,-99,-12,-117,93,116,-85,109,-68,74,15
3539,2,-109,47,47,47,47,47,-53,-53,96,51,82,-8,-59,10,77,-45,-104,81,-38,16,-44,-77,-2,-72,15,31,-104,37,102,24,-61,91,-68,-37,-99,113,111,103,123,17,85,-76,52,103,-100,36,121,118,-27,-99,-108,-107,-117,68,-99,-12,-117,93,116,-85,109,-68,74,15
3540,2,118,118,-27,-27,-27,-27,-27,-43,-75,96,51,82,-8,-59,10,77,-45,-104,81,-38,16,-44,-77,-2,-72,15,31,-104,37,102,24,-61,-41,87,118,111,-114,74,83,38,102,-23,89,90,16,-97,45,-112,67,79,-58,23,80,57,-49,-28,43,76,93,125,96,64,64,-15
3541,2,118,118,-27,-27,-27,-27,-27,-43,-75,96,51,82,-8,-59,10,77,-45,-104,81,-38,16,-44,-77,-2,-72,15,31,-104,37,102,24,-61,-41,87,118,111,-114,74,83,38,102,-23,89,90,16,-97,45,-112,67,79,-58,23,80,57,-49,-28,43,76,93,125,96,64,64,-15
3542,2,118,118,-27,-27,-27,-27,-27,-43,-75,96,51,82,-8,-59,10,77,-45,-104,81,-38,16,-44,-77,-2,-72,15,31,-104,37,102,24,-61,-41,87,118,111,-114,74,83,38,102,-23,89,90,16,-97,45,-112,67,79,-58,23,80,57,-49,-28,43,76,93,125,96,64,64,-15
3543,2,-10,-10,-10,-114,-114,-114,-114,-114,13,-75,96,51,82,-8,-59,10,77,-45,-104,81,-38,16,-44,-77,-2,-72,15,31,-104,37,102,24,127,7,28,-3,-63,51,-64,-106,125,110,-70,75,84,-101,-108,-39,-6,106,-3,66,-84,83,-22,-71,-60,-75,27,-104,31,-6,9,75
3544,2,-10,-10,-10,-114,-114,-114,-114,-114,13,-75,96,51,82,-8,-59,10,77,-45,-104,81,-38,16,-44,-77,-2,-72,15,31,-104,37,102,24,127,7,28,-3,-63,51,-64,-106,125,110,-70,75,84,-101,-108,-39,-6,106,-3,66,-84,83,-22,-71,-60,-75,27,-104,31,-6,9,75
3545,2,-10,-10,-10,-114,-114,-114,-114,-114,13,-75,96,51,82,-8,-59,10,77,-45,-104,81,-38,16,-44,-77,-2,-72,15,31,-104,37,102,24,127,7,28,-3,-63,51,-64,-106,125,110,-70,75,84,-101,-108,-39,-6,106,-3,66,-84,83,-22,-71,-60,-75,27,-104,31,-6,9,75
3546,2,-106,-106,-106,-106,-30,-30,-30,-30,-17,13,-75,96,51,82,-8,-59,10,77,-45,-104,81,-38,16,-44,-77,-2,-72,15,31,-104,37,102,-71,46,79,-71,94,59,-96,84,22,-68,18,124,-67,-120,-38,127,-68,22,-122,-111,72,60,106,10,10,-108,52,49,-123,41,43,-2
3547,2,-106,-106,-106,-106,-30,-30,-30,-30,-17,13,-75,96,51,82,-8,-59,10,77,-45,-104,81,-38,16,-44,-77,-2,-72,15,31,-104,37,102,-71,46,79,-71,94,59,-96,84,22,-68,18,124,-67,-120,-38,127,-68,22,-122,-111,72,60,106,10,10,-108,52,49,-123,41,43,-2
3548,2,-106,-106,-106,-106,-30,-30,-30,-30,-17,13,-75,96,51,82,-8,-59,10,77,-45,-104,81,-38,16,-44,-77,-2,-72,15,31,-104,37,102,-71,46,79,-71,94,59,-96,84,22,-68,18,124,-67,-120,-38,127,-68,22,-122,-111,72,60,106,10,10,-108,52,49,-123,41,43,-2
3549,2,127,127,127,127,127,-75,-75,-75,-21,-17,13,-75,96,51,82,-8,-59,10,77,-45,-104,81,-38,16,-44,-77,-2,-72,15,31,-104,37,76,-83,54,7,80,14,-114,-58,88,-113,4,-28,-68,14,13,43,-122,-122,-85,111,19,58,-45,-37,-74,12,-68,-66,107,45,43,100
3550,2,127,127,127,127,127,-75,-75,-75,-21,-17,13,-75,96,51,82,-8,-59,10,77,-45,-104,81,-38,16,-44,-77,-2,-72,15,31,-104,37,76,-83,54,7,80,14,-114,-58,88,-113,4,-28,-68,14,13,43,-122,-122,-85,111,19,58,-45,-37,-74,12,-68,-66,107,45,43,100
3551,2,127,127,127,127,127,-75,-75,-75,-21,-17,13,-75,96,51,82,-8,-59,10,77,-45,-104,81,-38,16,-44,-77,-2,-72,15,31,-104,37,76,-83,54,7,80,14,-114,-58,88,-113,4,-28,-68,14,13,43,-122,-122,-85,111,19,58,-45,-37,-74,12,-68,-66,107,45,43,100
3552,2,108,7,7,7,7,7,-3,-3,126,-21,-17,13,-75,96,51,82,-8,-59,10,77,-45,-104,81,-38,16,-44,-77,-2,-72,15,31,-104,61,112,-35,-56,97,103,-51,38,-14,61,58,-73,-10,-121,-30,52,-104,12,76,74,94,66,-74,-15,96,-122,-75,28,-120,68,-64,-95
3553,2,108,7,7,7,7,7,-3,-3,126,-21,-17,13,-75,96,51,82,-8,-59,10,77,-45,-104,81,-38,16,-44,-77,-2,-72,15,31,-104,61,112,-35,-56,97,103,-51,38,-14,61,58,-73,-10,-121,-30,52,-104,12,76,74,94,66,-74,-15,96,-122,-75,28,-120,68,-64,-95
3554,2,108,7,7,7,7,7,-3,-3,126,-21,-17,13,-75,96,51,82,-8,-59,10,77,-45,-104,81,-38,16,-44,-77,-2,-72,15,31,-104,61,112,-35,-56,97,103,-51,38,-14,61,58,-73,-10,-121,-30,52,-104,12,76,74,94,66,-74,-15,96,-122,-75,28,-120,68,-64,-95
3555,2,-44,-44,-81,-81,-81,-81,-81,-74,-55,126,-21,-17,13,-75,96,51,82,-8,-59,10,77,-45,-104,81,-38,16,-44,-77,-2,-72,15,31,78,64,-93,-24,62,-119,25,112,87,40,22,-30,17,75,4,-16,-11,-71,122,100,-73,106,-96,95,77,-30,22,109,-78,-79,-116,-114
3556,2,-44,-44,-81,-81,-81,-81,-81,-74,-55,126,-21,-17,13,-75,96,51,82,-8,-59,10,77,-45,-104,81,-38,16,-44,-77,-2,-72,15,31,78,64,-93,-24,62,-119,25,112,87,40,22,-30,17,75,4,-16,-11,-71,122,100,-73,106,-96,95,77,-30,22,109,-78,-79,-116,-114
3557,2,-44,-44,-81,-81,-81,-81,-81,-74,-55,126,-21,-17,13,-75,96,51,82,-8,-59,10,77,-45,-104,81,-38,16,-44,-77,-2,-72,15,31,78,64,-93,-24,62,-119,25,112,87,40,22,-30,17,75,4,-16,-11,-71,122,100,-73,106,-96,95,77,-30,22,109,-78,-79,-116,-114
3558,2,-95,-95,-95,-17,-17,-17,-17,-17,33,-55,126,-21,-17,13,-75,96,51,82,-8,-59,10,77,-45,-104,81,-38,16,-44,-77,-2,-72,15,-102,3,63,46,55,104,-103,-63,43,-115,71,67,-18,-84,-35,-105,-61,65,-124,46,102,64,125,-98,-66,107,-95,-102,5,-9,126,-83
3559,2,-95,-95,-95,-17,-17,-17,-17,-17,33,-55,126,-21,-17,13,-75,96,51,82,-8,-59,10,77,-45,-104,81,-38,16,-44,-77,-2,-72,15,-102,3,63,46,55,104,-103,-63,43,-115,71,67,-18,-84,-35,-105,-61,65,-124,46,102,64,125,-98,-66,107,-95,-102,5,-9,126,-83
3560,2,-95,-95,-95,-17,-17,-17,-17,-17,33,-55,126,-21,-17,13,-75,96,51,82,-8,-59,10,77,-45,-104,81,-38,16,-44,-77,-2,-72,15,-102,3,63,46,55,104,-103,-63,43,-115,71,67,-18,-84,-35,-105,-61,65,-124,46,102,64,125,-98,-66,107,-95,-102,5,-9,126,-83
3561,2,28,28,28,28,42,42,42,42,-109,33,-55,126,-21,-17,13,-75,96,51,82,-8,-59,10,77,-45,-104,81,-38,16,-44,-77,-2,-72,-63,-115,-3,18,12,32,111,31,-120,-51,-79,118,-26,9,41,106,-98,-26,-34,-123,51,55,-51,64,64,51,-30,-106,-95,126,-39,120
3562,2,28,28,28,28,42,42,42,42,-109,33,-55,126,-21,-17,13,-75,96,51,82,-8,-59,10,77,-45,-104,81,-38,16,-44,-77,-2,-72,-63,-115,-3,18,12,32,111,31,-120,-51,-79,118,-26,9,41,106,-98,-26,-34,-123,51,55,-51,64,64,51,-30,-106,-95,126,-39,120
3563,2,28,28,28,28,42,42,42,42,-109,33,-55,126,-21,-17,13,-75,96,51,82,-8,-59,10,77,-45,-104,81,-38,16,-44,-77,-2,-72,-63,-115,-3,18,12,32,111,31,-120,-51,-79,118,-26,9,41,106,-98,-26,-34,-123,51,55,-51,64,64,51,-30,-106,-95,126,-39,120
3564,2,27,27,27,27,27,-20,-20,-20,118,-109,33,-55,126,-21,-17,13,-75,96,51,82,-8,-59,10,77,-45,-104,81,-38,16,-44,-77,-2,63,-14,67,37,-122,-85,-3,-127,-120,-119,52,90,113,-112,119,-52,-39,8,20,-16,65,14,-127,57,54,-118,85,-20,-74,117,-103,90
3565,2,27,27,27,27,27,-20,-20,-20,118,-109,33,-55,126,-21,-17,13,-75,96,51,82,-8,-59,10,77,-45,-104,81,-38,16,-44,-77,-2,63,-14,67,37,-122,-85,-3,-127,-120,-119,52,90,113,-112,119,-52,-39,8,20,-16,65,14,-127,57,54,-118,85,-20,-74,117,-103,90
3566,2,27,27,27,27,27,-20,-20,-20,118,-109,33,-55,126,-21,-17,13,-75,96,51,82,-8,-59,10,77,-45,-104,81,-38,16,-44,-77,-2,63,-14,67,37,-122,-85,-3,-127,-120,-119,52,90,113,-112,119,-52,-39,8,20,-16,65,14,-127,57,54,-118,85,-20,-74,117,-103,90
3567,2,38,102,102,102,102,102,-39,-39,-10,118,-109,33,-55,126,-21,-17,13,-75,96,51,82,-8,-59,10,77,-45,-104,81,-38,16,-44,-77,-59,104,-47,97,-100,34,-69,113,-6,-35,-107,19,-44,-127,-24,74,94,30,25,-99,-48,-1,105,-116,-18,110,37,-51,29,19,78,104
3568,2,38,102,102,102,102,102,-39,-39,-10,118,-109,33,-55,126,-21,-17,13,-75,96,51,82,-8,-59,10,77,-45,-104,81,-38,16,-44,-77,-59,104,-47,97,-100,34,-69,113,-6,-35,-107,19,-44,-127,-24,74,94,30,25,-99,-48,-1,105,-116,-18,110,37,-51,29,19,78,104
3569,2,38,102,102,102,102,102,-39,-39,-10,118,-109,33,-55,126,-21,-17,13,-75,96,51,82,-8,-59,10,77,-45,-104,81,-38,16,-44,-77,-59,104,-47,97,-100,34,-69,113,-6,-35,-107,19,-44,-127,-24,74,94,30,25,-99,-48,-1,105,-116,-18,110,37,-51,29,19,78,104
3570,2,98,98,2,2,2,2,2,-68,-106,-10,118,-109,33,-55,126,-21,-17,13,-75,96,51,82,-8,-59,10,77,-45,-104,81,-38,16,-44,-120,-37,-8,119,-70,-78,2,-13,-78,74,64,-23,6,75,-35,79,-72,-91,-93,-31,93,-124,-1,-20,-84,1,-94,-126,-69,-103,-15,-23
3571,2,98,98,2,2,2,2,2,-68,-106,-10,118,-109,33,-55,126,-21,-17,13,-75,96,51,82,-8,-59,10,77,-45,-104,81,-38,16,-44,-120,-37,-8,119,-70,-78,2,-13,-78,74,64,-23,6,75,-35,79,-72,-91,-93,-31,93,-124,-1,-20,-84,1,-94,-126,-69,-103,-15,-23
3572,2,98,98,2,2,2,2,2,-68,-106,-10,118,-109,33,-55,126,-21,-17,13,-75,96,51,82,-8,-59,10,77,-45,-104,81,-38,16,-44,-120,-37,-8,119,-70,-78,2,-13,-78,74,64,-23,6,75,-35,79,-72,-91,-93,-31,93,-124,-1,-20,-84,1,-94,-126,-69,-103,-15,-23
3573,2,-3,-3,-3,122,122,122,122,122,127,-106,-10,118,-109,33,-55,126,-21,-17,13,-75,96,51,82,-8,-59,10,77,-45,-104,81,-38,16,40,-46,0,4,54,19,-22,-16,-75,99,83,96,-31,-76,58,-71,20,-28,-56,9,15,79,-6,-96,-20,81,-57,69,-84,71,39,9
3574,2,-3,-3,-3,122,122,122,122,122,127,-106,-10,118,-109,33,-55,126,-21,-17,13,-75,96,51,82,-8,-59,10,77,-45,-104,81,-38,16,40,-46,0,4,54,19,-22,-16,-75,99,83,96,-31,-76,58,-71,20,-28,-56,9,15,79,-6,-96,-20,81,-57,69,-84,71,39,9
3575,2,-3,-3,-3,122,122,122,122,122,127,-106,-10,118,-109,33,-55,126,-21,-17,13,-75,96,51,82,-8,-59,10,77,-45,-104,81,-38,16,40,-46,0,4,54,19,-22,-16,-75,99,83,96,-31,-76,58,-71,20,-28,-56,9,15,79,-6,-96,-20,81,-57,69,-84,71,39,9
3576,2,-49,-49,-49,-49,-91,-91,-91,-91,108,127,-106,-10,118,-109,33,-55,126,-21,-17,13,-75,96,51,82,-8,-59,10,77,-45,-104,81,-38,99,15,-82,79,-99,-14,-27,-35,76,-102,-96,-56,-79,-85,-11,-83,-69,-105,6,-20,82,-41,119,63,-63,20,-107,78,-119,29,-22,124
3577,2,-49,-49,-49,-49,-91,-91,-91,-91,108,127,-106,-10,118,-109,33,-55,126,-21,-17,13,-75,96,51,82,-8,-59,10,77,-45,-104,81,-38,99,15,-82,79,-99,-14,-27,-35,76,-102,-96,-56,-79,-85,-11,-83,-69,-105,6,-20,82,-41,119,63,-63,20,-107,78,-119,29,-22,124
3578,2,-49,-49,-49,-49,-91,-91,-91,-91,108,127,-106,-10,118,-109,33,-55,126,-21,-17,13,-75,96,51,82,-8,-59,10,77,-45,-104,81,-38,99,15,-82,79,-99,-14,-27,-35,76,-102,-96,-56,-79,-85,-11,-83,-69,-105,6,-20,82,-41,119,63,-63,20,-107,78,-119,29,-22,124
3579,2,-59,-59,-59,-59,-59,55,55,55,-44,108,127,-106,-10,118,-109,33,-55,126,-21,-17,13,-75,96,51,82,-8,-59,10,77,-45,-104,81,48,-41,117,-57,-117,-12,-72,-107,-25,-34,85,-57,-110,27,-45,-75,92,-51,6,30,77,6,-5,-83,115,101,-43,13,79,-108,3,-37
3580,2,-59,-59,-59,-59,-59,55,55,55,-44,108,127,-106,-10,118,-109,33,-55,126,-21,-17,13,-75,96,51,82,-8,-59,10,77,-45,-104,81,48,-41,117,-57,-117,-12,-72,-107,-25,-34,85,-57,-110,27,-45,-75,92,-51,6,30,77,6,-5,-83,115,101,-43,13,79,-108,3,-37
3581,2,-59,-59,-59,-59,-59,55,55,55,-44,108,127,-106,-10,118,-109,33,-55,126,-21,-17,13,-75,96,51,82,-8,-59,10,77,-45,-104,81,48,-41,117,-57,-117,-12,-72,-107,-25,-34,85,-57,-110,27,-45,-75,92,-51,6,30,77,6,-5,-83,115,101,-43,13,79,-108,3,-37
3582,2,97,-87,-87,-87,-87,-87,-115,-115,-95,-44,108,127,-106,-10,118,-109,33,-55,126,-21,-17,13,-75,96,51,82,-8,-59,10,77,-45,-104,44,49,-38,15,-69,-18,24,-108,-63,-4,-120,32,44,-39,92,101,18,-37,74,89,84,-66,34,58,24,-1,26,70,37,-81,60,-9
3583,2,97,-87,-87,-87,-87,-87,-115,-115,-95,-44,108,127,-106,-10,118,-109,33,-55,126,-21,-17,13,-75,96,51,82,-8,-59,10,77,-45,-104,44,49,-38,15,-69,-18,24,-108,-63,-4,-120,32,44,-39,92,101,18,-37,74,89,84,-66,34,58,24,-1,26,70,37,-81,60,-9
3584,2,97,-87,-87,-87,-87,-87,-115,-115,-95,-44,108,127,-106,-10,118,-109,33,-55,126,-21,-17,13,-75,96,51,82,-8,-59,10,77,-45,-104,44,49,-38,15,-69,-18,24,-108,-63,-4,-120,32,44,-39,92,101,18,-37,74,89,84,-66,34,58,24,-1,26,70,37,-81,60,-9
3585,2,13,13,-9,-9,-9,-9,-9,6,28,-95,-44,108,127,-106,-10,118,-109,33,-55,126,-21,-17,13,-75,96,51,82,-8,-59,10,77,-45,35,-68,27,15,-83,104,83,55,36,-83,16,-78,-33,-53,-45,-35,75,102,-50,-40,124,-39,-24,2,-87,-30,110,-87,-9,-11,29,14
3586,2,13,13,-9,-9,-9,-9,-9,6,28,-95,-44,108,127,-106,-10,118,-109,33,-55,126,-21,-17,13,-75,96,51,82,-8,-59,10,77,-45,35,-68,27,15,-83,104,83,55,36,-83,16,-78,-33,-53,-45,-35,75,102,-50,-40,124,-39,-24,2,-87,-30,110,-87,-9,-11,29,14
3587,2,13,13,-9,-9,-9,-9,-9,6,28,-95,-44,108,127,-106,-10,118,-109,33,-55,126,-21,-17,13,-75,96,51,82,-8,-59,10,77,-45,35,-68,27,15,-83,104,83,55,36,-83,16,-78,-33,-53,-45,-35,75,102,-50,-40,124,-39,-24,2,-87,-30,110,-87,-9,-11,29,14
3588,2,69,69,69,-108,-108,-108,-108,-108,27,28,-95,-44,108,127,-106,-10,118,-109,33,-55,126,-21,-17,13,-75,96,51,82,-8,-59,10,77,-26,-14,73,97,-53,36,-62,14,7,15,-39,-118,-31,111,52,-94,76,-85,-95,13,-77,-28,-15,83,9,113,-85,-26,-113,-34,-5,122
3589,2,69,69,69,-108,-108,-108,-108,-108,27,28,-95,-44,108,127,-106,-10,118,-109,33,-55,126,-21,-17,13,-75,96,51,82,-8,-59,10,77,-26,-14,73,97,-53,36,-62,14,7,15,-39,-118,-31,111,52,-94,76,-85,-95,13,-77,-28,-15,83,9,113,-85,-26,-113,-34,-5,122
3590,2,69,69,69,-108,-108,-108,-108,-108,27,28,-95,-44,108,127,-106,-10,118,-109,33,-55,126,-21,-17,13,-75,96,51,82,-8,-59,10,77,-26,-14,73,97,-53,36,-62,14,7,15,-39,-118,-31,111,52,-94,76,-85,-95,13,-77,-28,-15,83,9,113,-85,-26,-113,-34,-5,122
3591,2,-103,-103,-103,-103,8,8,8,8,38,27,28,-95,-44,108,127,-106,-10,118,-109,33,-55,126,-21,-17,13,-75,96,51,82,-8,-59,10,-49,14,108,80,-74,95,-71,-70,62,88,-63,112,19,18,31,-36,9,68,-90,56,-93,100,-17,-33,28,-11,61,57,-37,106,47,32
3592,2,-103,-103,-103,-103,8,8,8,8,38,27,28,-95,-44,108,127,-106,-10,118,-109,33,-55,126,-21,-17,13,-75,96,51,82,-8,-59,10,-49,14,108,80,-74,95,-71,-70,62,88,-63,112,19,18,31,-36,9,68,-90,56,-93,100,-17,-33,28,-11,61,57,-37,106,47,32
3593,2,-103,-103,-103,-103,8,8,8,8,38,27,28,-95,-44,108,127,-106,-10,118,-109,33,-55,126,-21,-17,13,-75,96,51,82,-8,-59,10,-49,14,108,80,-74,95,-71,-70,62,88,-63,112,19,18,31,-36,9,68,-90,56,-93,100,-17,-33,28,-11,61,57,-37,106,47,32
3594,2,-44,-44,-44,-44,-44,25,25,25,98,38,27,28,-95,-44,108,127,-106,-10,118,-109,33,-55,126,-21,-17,13,-75,96,51,82,-8,-59,-106,-33,39,74,76,116,110,-52,-4,-119,40,32,-91,92,36,-125,46,116,-120,76,-73,70,-70,-46,-124,-125,121,77,-102,110,-13,-99
3595,2,-44,-44,-44,-44,-44,25,25,25,98,38,27,28,-95,-44,108,127,-106,-10,118,-109,33,-55,126,-21,-17,13,-75,96,51,82,-8,-59,-106,-33,39,74,76,116,110,-52,-4,-119,40,32,-91,92,36,-125,46,116,-120,76,-73,70,-70,-46,-124,-125,121,77,-102,110,-13,-99
3596,2,-44,-44,-44,-44,-44,25,25,25,98,38,27,28,-95,-44,108,127,-106,-10,118,-109,33,-55,126,-21,-17,13,-75,96,51,82,-8,-59,-106,-33,39,74,76,116,110,-52,-4,-119,40,32,-91,92,36,-125,46,116,-120,76,-73,70,-70,-46,-124,-125,121,77,-102,110,-13,-99
3597,2,-45,-73,-73,-73,-73,-73,-32,-32,-3,98,38,27,28,-95,-44,108,127,-106,-10,118,-109,33,-55,126,-21,-17,13,-75,96,51,82,-8,-32,-14,8,-49,100,30,-21,115,103,17,-59,70,60,-126,-51,-24,1,43,-117,-79,-63,127,125,35,59,101,-106,39,46,-105,115,-104
3598,2,-45,-73,-73,-73,-73,-73,-32,-32,-3,98,38,27,28,-95,-44,108,127,-106,-10,118,-109,33,-55,126,-21,-17,13,-75,96,51,82,-8,-32,-14,8,-49,100,30,-21,115,103,17,-59,70,60,-126,-51,-24,1,43,-117,-79,-63,127,125,35,59,101,-106,39,46,-105,115,-104
3599,2,-45,-73,-73,-73,-73,-73,-32,-32,-3,98,38,27,28,-95,-44,108,127,-106,-10,118,-109,33,-55,126,-21,-17,13,-75,96,51,82,-8,-32,-14,8,-49,100,30,-21,115,103,17,-59,70,60,-126,-51,-24,1,43,-117,-79,-63,127,125,35,59,101,-106,39,46,-105,115,-104
3600,2,21,21,-97,-97,-97,-97,-97,62,-49,-3,98,38,27,28,-95,-44,108,127,-106,-10,118,-109,33,-55,126,-21,-17,13,-75,96,51,82,66,-20,-4,-64,-117,-51,94,14,-82,-68,69,94,-12,-96,16,25,-4,99,-42,-57,-124,-79,-97,62,5,67,-9,104,-112,-113,101,-76
3601,2,21,21,-97,-97,-97,-97,-97,62,-49,-3,98,38,27,28,-95,-44,108,127,-106,-10,118,-109,33,-55,126,-21,-17,13,-75,96,51,82,66,-20,-4,-64,-117,-51,94,14,-82,-68,69,94,-12,-96,16,25,-4,99,-42,-57,-124,-79,-97,62,5,67,-9,104,-112,-113,101,-76
3602,2,21,21,-97,-97,-97,-97,-97,62,-49,-3,98,38,27,28,-95,-44,108,127,-106,-10,118,-109,33,-55,126,-21,-17,13,-75,96,51,82,66,-20,-4,-64,-117,-51,94,14,-82,-68,69,94,-12,-96,16,25,-4,99,-42,-57,-124,-79,-97,62,5,67,-9,104,-112,-113,101,-76
3603,2,-29,-29,-29,15,15,15,15,15,-59,-49,-3,98,38,27,28,-95,-44,108,127,-106,-10,118,-109,33,-55,126,-21,-17,13,-75,96,51,-107,5,-19,103,-87,-9,-73,-69,-21,97,60,-35,-64,-125,54,75,-100,-37,105,-76,88,114,-41,69,87,37,114,-102,-32,-41,29,74
3604,2,-29,-29,-29,15,15,15,15,15,-59,-49,-3,98,38,27,28,-95,-44,108,127,-106,-10,118,-109,33,-55,126,-21,-17,13,-75,96,51,-107,5,-19,103,-87,-9,-73,-69,-21,97,60,-35,-64,-125,54,75,-100,-37,105,-76,88,114,-41,69,87,37,114,-102,-32,-41,29,74
3605,2,-29,-29,-29,15,15,15,15,15,-59,-49,-3,98,38,27,28,-95,-44,108,127,-106,-10,118,-109,33,-55,126,-21,-17,13,-75,96,51,-107,5,-19,103,-87,-9,-73,-69,-21,97,60,-35,-64,-125,54,75,-100,-37,105,-76,88,114,-41,69,87,37,114,-102,-32,-41,29,74
3606,2,112,112,112,112,61,61,61,61,97,-59,-49,-3,98,38,27,28,-95,-44,108,127,-106,-10,118,-109,33,-55,126,-21,-17,13,-75,96,98,-30,-24,-9,86,-106,97,23,-28,18,-54,122,125,-15,-55,86,78,-59,87,-89,21,46,-120,-34,22,23,-21,51,127,83,-80,12
3607,2,112,112,112,112,61,61,61,61,97,-59,-49,-3,98,38,27,28,-95,-44,108,127,-106,-10,118,-109,33,-55,126,-21,-17,13,-75,96,98,-30,-24,-9,86,-106,97,23,-28,18,-54,122,125,-15,-55,86,78,-59,87,-89,21,46,-120,-34,22,23,-21,51,127,83,-80,12
3608,2,112,112,112,112,61,61,61,61,97,-59,-49,-3,98,38,27,28,-95,-44,108,127,-106,-10,118,-109,33,-55,126,-21,-17,13,-75,96,98,-30,-24,-9,86,-106,97,23,-28,18,-54,122,125,-15,-55,86,78,-59,87,-89,21,46,-120,-34,22,23,-21,51,127,83,-80,12
3609,2,-40,-40,-40,-40,-40,-80,-80,-80,13,97,-59,-49,-3,98,38,27,28,-95,-44,108,127,-106,-10,118,-109,33,-55,126,-21,-17,13,-75,-64,-79,-76,56,103,-59,103,15,116,-51,-50,2,18,-97,70,-50,57,70,111,39,36,-109,89,39,-88,-113,-48,-63,-68,57,-88,-119
3610,2,-40,-40,-40,-40,-40,-80,-80,-80,13,97,-59,-49,-3,98,38,27,28,-95,-44,108,127,-106,-10,118,-109,33,-55,126,-21,-17,13,-75,-64,-79,-76,56,103,-59,103,15,116,-51,-50,2,18,-97,70,-50,57,70,111,39,36,-109,89,39,-88,-113,-48,-63,-68,57,-88,-119
3611,2,-40,-40,-40,-40,-40,-80,-80,-80,13,97,-59,-49,-3,98,38,27,28,-95,-44,108,127,-106,-10,118,-109,33,-55,126,-21,-17,13,-75,-64,-79,-76,56,103,-59,103,15,116,-51,-50,2,18,-97,70,-50,57,70,111,39,36,-109,89,39,-88,-113,-48,-63,-68,57,-88,-119
3612,2,87,-25,-25,-25,-25,-25,32,32,69,13,97,-59,-49,-3,98,38,27,28,-95,-44,108,127,-106,-10,118,-109,33,-55,126,-21,-17,13,-6,-85,8,49,10,91,-42,81,-98,41,11,-93,100,80,95,-69,-5,-9,-61,34,-91,-60,-51,83,-83,-118,-49,10,-104,44,57,-118
3613,2,87,-25,-25,-25,-25,-25,32,32,69,13,97,-59,-49,-3,98,38,27,28,-95,-44,108,127,-106,-10,118,-109,33,-55,126,-21,-17,13,-6,-85,8,49,10,91,-42,81,-98,41,11,-93,100,80,95,-69,-5,-9,-61,34,-91,-60,-51,83,-83,-118,-49,10,-104,44,57,-118
3614,2,87,-25,-25,-25,-25,-25,32,32,69,13,97,-59,-49,-3,98,38,27,28,-95,-44,108,127,-106,-10,118,-109,33,-55,126,-21,-17,13,-6,-85,8,49,10,91,-42,81,-98,41,11,-93,100,80,95,-69,-5,-9,-61,34,-91,-60,-51,83,-83,-118,-49,10,-104,44,57,-118
3615,2,-21,-21,-116,-116,-116,-116,-116,27,-103,69,13,97,-59,-49,-3,98,38,27,28,-95,-44,108,127,-106,-10,118,-109,33,-55,126,-21,-17,63,-57,14,-105,-111,-79,65,119,-84,21,-33,-120,-120,95,5,-22,24,-100,1,110,54,52,-89,15,-69,31,104,-119,-99,-1,6,114
3616,2,-21,-21,-116,-116,-116,-116,-116,27,-103,69,13,97,-59,-49,-3,98,38,27,28,-95,-44,108,127,-106,-10,118,-109,33,-55,126,-21,-17,63,-57,14,-105,-111,-79,65,119,-84,21,-33,-120,-120,95,5,-22,24,-100,1,110,54,52,-89,15,-69,31,104,-119,-99,-1,6,114
3617,2,-21,-21,-116,-116,-116,-116,-116,27,-103,69,13,97,-59,-49,-3,98,38,27,28,-95,-44,108,127,-106,-10,118,-109,33,-55,126,-21,-17,63,-57,14,-105,-111,-79,65,119,-84,21,-33,-120,-120,95,5,-22,24,-100,1,110,54,52,-89,15,-69,31,104,-119,-99,-1,6,114
3618,2,17,17,17,64,64,64,64,64,-44,-103,69,13,97,-59,-49,-3,98,38,27,28,-95,-44,108,127,-106,-10,118,-109,33,-55,126,-21,-37,-79,4,29,-71,-65,-72,75,-51,-67,-125,100,-83,-95,54,-127,11,112,2,20,-69,62,61,58,55,-8,12,27,115,74,48,-25
3619,2,17,17,17,64,64,64,64,64,-44,-103,69,13,97,-59,-49,-3,98,38,27,28,-95,-44,108,127,-106,-10,118,-109,33,-55,126,-21,-37,-79,4,29,-71,-65,-72,75,-51,-67,-125,100,-83,-95,54,-127,11,112,2,20,-69,62,61,58,55,-8,12,27,115,74,48,-25
3620,2,17,17,17,64,64,64,64,64,-44,-103,69,13,97,-59,-49,-3,98,38,27,28,-95,-44,108,127,-106,-10,118,-109,33,-55,126,-21,-37,-79,4,29,-71,-65,-72,75,-51,-67,-125,100,-83,-95,54,-127,11,112,2,20,-69,62,61,58,55,-8,12,27,115,74,48,-25
3621,2,28,28,28,28,81,81,81,81,-45,-44,-103,69,13,97,-59,-49,-3,98,38,27,28,-95,-44,108,127,-106,-10,118,-109,33,-55,126,40,26,50,-119,123,109,117,105,116,4,-10,-4,-119,-109,-14,-38,69,-99,-31,-104,-99,52,59,49,-76,-24,72,-20,-83,-10,38,118
3622,2,28,28,28,28,81,81,81,81,-45,-44,-103,69,13,97,-59,-49,-3,98,38,27,28,-95,-44,108,127,-106,-10,118,-109,33,-55,126,40,26,50,-119,123,109,117,105,116,4,-10,-4,-119,-109,-14,-38,69,-99,-31,-104,-99,52,59,49,-76,-24,72,-20,-83,-10,38,118
3623,2,28,28,28,28,81,81,81,81,-45,-44,-103,69,13,97,-59,-49,-3,98,38,27,28,-95,-44,108,127,-106,-10,118,-109,33,-55,126,40,26,50,-119,123,109,117,105,116,4,-10,-4,-119,-109,-14,-38,69,-99,-31,-104,-99,52,59,49,-76,-24,72,-20,-83,-10,38,118
3624,2,-38,-38,-38,-38,-38,83,83,83,21,-45,-44,-103,69,13,97,-59,-49,-3,98,38,27,28,-95,-44,108,127,-106,-10,118,-109,33,-55,-39,18,-87,62,59,-18,38,4,35,13,-6,-125,41,-41,116,21,-127,-78,81,117,63,22,79,91,69,51,-16,99,6,32,-109,-123
3625,2,-38,-38,-38,-38,-38,83,83,83,21,-45,-44,-103,69,13,97,-59,-49,-3,98,38,27,28,-95,-44,108,127,-106,-10,118,-109,33,-55,-39,18,-87,62,59,-18,38,4,35,13,-6,-125,41,-41,116,21,-127,-78,81,117,63,22,79,91,69,51,-16,99,6,32,-109,-123
3626,2,-38,-38,-38,-38,-38,83,83,83,21,-45,-44,-103,69,13,97,-59,-49,-3,98,38,27,28,-95,-44,108,127,-106,-10,118,-109,33,-55,-39,18,-87,62,59,-18,38,4,35,13,-6,-125,41,-41,116,21,-127,-78,81,117,63,22,79,91,69,51,-16,99,6,32,-109,-123
3627,2,70,-47,-47,-47,-47,-47,-60,-60,-29,21,-45,-44,-103,69,13,97,-59,-49,-3,98,38,27,28,-95,-44,108,127,-106,-10,118,-109,33,1,92,47,-94,104,-10,16,-9,98,12,110,-92,35,-96,63,30,108,32,-92,121,66,14,80,-60,-37,-52,96,-39,42,82,97,89
3628,2,70,-47,-47,-47,-47,-47,-60,-60,-29,21,-45,-44,-103,69,13,97,-59,-49,-3,98,38,27,28,-95,-44,108,127,-106,-10,118,-109,33,1,92,47,-94,104,-10,16,-9,98,12,110,-92,35,-96,63,30,108,32,-92,121,66,14,80,-60,-37,-52,96,-39,42,82,97,89
3629,2,70,-47,-47,-47,-47,-47,-60,-60,-29,21,-45,-44,-103,69,13,97,-59,-49,-3,98,38,27,28,-95,-44,108,127,-106,-10,118,-109,33,1,92,47,-94,104,-10,16,-9,98,12,110,-92,35,-96,63,30,108,32,-92,121,66,14,80,-60,-37,-52,96,-39,42,82,97,89
3630,2,59,59,-105,-105,-105,-105,-105,67,112,-29,21,-45,-44,-103,69,13,97,-59,-49,-3,98,38,27,28,-95,-44,108,127,-106,-10,118,-109,-54,79,64,16,-116,-68,4,121,84,-107,69,-31,114,40,53,-21,96,104,44,-122,77,0,67,20,-76,-6,48,9,81,25,-4,-62
3631,2,59,59,-105,-105,-105,-105,-105,67,112,-29,21,-45,-44,-103,69,13,97,-59,-49,-3,98,38,27,28,-95,-44,108,127,-106,-10,118,-109,-54,79,64,16,-116,-68,4,121,84,-107,69,-31,114,40,53,-21,96,104,44,-122,77,0,67,20,-76,-6,48,9,81,25,-4,-62
3632,2,59,59,-105,-105,-105,-105,-105,67,112,-29,21,-45,-44,-103,69,13,97,-59,-49,-3,98,38,27,28,-95,-44,108,127,-106,-10,118,-109,-54,79,64,16,-116,-68,4,121,84,-107,69,-31,114,40,53,-21,96,104,44,-122,77,0,67,20,-76,-6,48,9,81,25,-4,-62
3633,2,-64,-64,-64,-70,-70,-70,-70,-70,-40,112,-29,21,-45,-44,-103,69,13,97,-59,-49,-3,98,38,27,28,-95,-44,108,127,-106,-10,118,121,-90,20,-29,-60,66,7,-105,60,3,28,-33,14,-98,62,-5,83,32,102,-118,3,0,96,30,-99,-12,-127,94,-122,-104,3,-26
3634,2,-64,-64,-64,-70,-70,-70,-70,-70,-40,112,-29,21,-45,-44,-103,69,13,97,-59,-49,-3,98,38,27,28,-95,-44,108,127,-106,-10,118,121,-90,20,-29,-60,66,7,-105,60,3,28,-33,14,-98,62,-5,83,32,102,-118,3,0,96,30,-99,-12,-127,94,-122,-104,3,-26
3635,2,-64,-64,-64,-70,-70,-70,-70,-70,-40,112,-29,21,-45,-44,-103,69,13,97,-59,-49,-3,98,38,27,28,-95,-44,108,127,-106,-10,118,121,-90,20,-29,-60,66,7,-105,60,3,28,-33,14,-98,62,-5,83,32,102,-118,3,0,96,30,-99,-12,-127,94,-122,-104,3,-26
3636,2,-56,-56,-56,-56,13,13,13,13,87,-40,112,-29,21,-45,-44,-103,69,13,97,-59,-49,-3,98,38,27,28,-95,-44,108,127,-106,-10,-65,-48,-15,-76,-35,-100,-111,-60,-89,108,75,120,110,113,52,47,-94,-111,96,60,-107,-90,-32,42,99,99,60,-50,-109,-26,24,-65
3637,2,-56,-56,-56,-56,13,13,13,13,87,-40,112,-29,21,-45,-44,-103,69,13,97,-59,-49,-3,98,38,27,28,-95,-44,108,127,-106,-10,-65,-48,-15,-76,-35,-100,-111,-60,-89,108,75,120,110,113,52,47,-94,-111,96,60,-107,-90,-32,42,99,99,60,-50,-109,-26,24,-65
3638,2,-56,-56,-56,-56,13,13,13,13,87,-40,112,-29,21,-45,-44,-103,69,13,97,-59,-49,-3,98,38,27,28,-95,-44,108,127,-106,-10,-65,-48,-15,-76,-35,-100,-111,-60,-89,108,75,120,110,113,52,47,-94,-111,96,60,-107,-90,-32,42,99,99,60,-50,-109,-26,24,-65
3639,2,83,83,83,83,83,83,83,83,-21,87,-40,112,-29,21,-45,-44,-103,69,13,97,-59,-49,-3,98,38,27,28,-95,-44,108,127,-106,-5,-103,-40,94,7,45,-2,-119,13,5,97,69,60,-64,-49,-1,74,107,121,87,82,105,92,80,2,91,-120,-104,-17,-94,88,118
3640,2,83,83,83,83,83,83,83,83,-21,87,-40,112,-29,21,-45,-44,-103,69,13,97,-59,-49,-3,98,38,27,28,-95,-44,108,127,-106,-5,-103,-40,94,7,45,-2,-119,13,5,97,69,60,-64,-49,-1,74,107,121,87,82,105,92,80,2,91,-120,-104,-17,-94,88,118
3641,2,83,83,83,83,83,83,83,83,-21,87,-40,112,-29,21,-45,-44,-103,69,13,97,-59,-49,-3,98,38,27,28,-95,-44,108,127,-106,-5,-103,-40,94,7,45,-2,-119,13,5,97,69,60,-64,-49,-1,74,107,121,87,82,105,92,80,2,91,-120,-104,-17,-94,88,118
3642,2,68,55,55,55,55,55,-35,-35,17,-21,87,-40,112,-29,21,-45,-44,-103,69,13,97,-59,-49,-3,98,38,27,28,-95,-44,108,127,-110,-66,-8,23,71,-84,48,53,-115,121,54,21,-59,-76,53,116,111,-34,43,108,48,-53,61,6,-103,-85,-107,-21,53,105,-81,46
3643,2,68,55,55,55,55,55,-35,-35,17,-21,87,-40,112,-29,21,-45,-44,-103,69,13,97,-59,-49,-3,98,38,27,28,-95,-44,108,127,-110,-66,-8,23,71,-84,48,53,-115,121,54,21,-59,-76,53,116,111,-34,43,108,48,-53,61,6,-103,-85,-107,-21,53,105,-81,46
3644,2,68,55,55,55,55,55,-35,-35,17,-21,87,-40,112,-29,21,-45,-44,-103,69,13,97,-59,-49,-3,98,38,27,28,-95,-44,108,127,-110,-66,-8,23,71,-84,48,53,-115,121,54,21,-59,-76,53,116,111,-34,43,108,48,-53,61,6,-103,-85,-107,-21,53,105,-81,46
3645,2,45,45,-120,-120,-120,-120,-120,119,28,17,-21,87,-40,112,-29,21,-45,-44,-103,69,13,97,-59,-49,-3,98,38,27,28,-95,-44,108,-91,-3,-30,82,-58,51,7,-123,13,-60,-61,-58,-25,-122,-33,-125,-102,122,107,106,7,-84,46,-55,92,51,-111,-117,-110,73,-101,14
3646,2,45,45,-120,-120,-120,-120,-120,119,28,17,-21,87,-40,112,-29,21,-45,-44,-103,69,13,97,-59,-49,-3,98,38,27,28,-95,-44,108,-91,-3,-30,82,-58,51,7,-123,13,-60,-61,-58,-25,-122,-33,-125,-102,122,107,106,7,-84,46,-55,92,51,-111,-117,-110,73,-101,14
3647,2,45,45,-120,-120,-120,-120,-120,119,28,17,-21,87,-40,112,-29,21,-45,-44,-103,69,13,97,-59,-49,-3,98,38,27,28,-95,-44,108,-91,-3,-30,82,-58,51,7,-123,13,-60,-61,-58,-25,-122,-33,-125,-102,122,107,106,7,-84,46,-55,92,51,-111,-117,-110,73,-101,14
3648,2,112,112,112,33,33,33,33,33,-38,28,17,-21,87,-40,112,-29,21,-45,-44,-103,69,13,97,-59,-49,-3,98,38,27,28,-95,-44,-89,3,-21,58,78,24,-40,-72,3,-108,-56,-68,-67,115,105,-60,83,-49,99,-100,78,-79,76,-17,-105,-67,14,10,-13,59,-123,-22
3649,2,112,112,112,33,33,33,33,33,-38,28,17,-21,87,-40,112,-29,21,-45,-44,-103,69,13,97,-59,-49,-3,98,38,27,28,-95,-44,-89,3,-21,58,78,24,-40,-72,3,-108,-56,-68,-67,115,105,-60,83,-49,99,-100,78,-79,76,-17,-105,-67,14,10,-13,59,-123,-22
3650,2,112,112,112,33,33,33,33,33,-38,28,17,-21,87,-40,112,-29,21,-45,-44,-103,69,13,97,-59,-49,-3,98,38,27,28,-95,-44,-89,3,-21,58,78,24,-40,-72,3,-108,-56,-68,-67,115,105,-60,83,-49,99,-100,78,-79,76,-17,-105,-67,14,10,-13,59,-123,-22
3651,2,118,118,118,118,-49,-49,-49,-49,70,-38,28,17,-21,87,-40,112,-29,21,-45,-44,-103,69,13,97,-59,-49,-3,98,38,27,28,-95,-107,-49,15,11,25,39,90,36,-19,-12,-59,-63,-25,127,5,-67,-113,-124,30,-125,52,-37,125,96,70,89,-102,73,-112,-68,82,92
3652,2,118,118,118,118,-49,-49,-49,-49,70,-38,28,17,-21,87,-40,112,-29,21,-45,-44,-103,69,13,97,-59,-49,-3,98,38,27,28,-95,-107,-49,15,11,25,39,90,36,-19,-12,-59,-63,-25,127,5,-67,-113,-124,30,-125,52,-37,125,96,70,89,-102,73,-112,-68,82,92
3653,2,118,118,118,118,-49,-49,-49,-49,70,-38,28,17,-21,87,-40,112,-29,21,-45,-44,-103,69,13,97,-59,-49,-3,98,38,27,28,-95,-107,-49,15,11,25,39,90,36,-19,-12,-59,-63,-25,127,5,-67,-113,-124,30,-125,52,-37,125,96,70,89,-102,73,-112,-68,82,92
3654,2,53,53,53,53,53,115,115,115,59,70,-38,28,17,-21,87,-40,112,-29,21,-45,-44,-103,69,13,97,-59,-49,-3,98,38,27,28,-60,-83,110,-7,-127,37,95,-29,123,38,-115,59,114,-74,-6,-73,0,-119,-12,17,32,-95,-80,-18,101,-67,123,-106,5,11,-11,-58
3655,2,53,53,53,53,53,115,115,115,59,70,-38,28,17,-21,87,-40,112,-29,21,-45,-44,-103,69,13,97,-59,-49,-3,98,38,27,28,-60,-83,110,-7,-127,37,95,-29,123,38,-115,59,114,-74,-6,-73,0,-119,-12,17,32,-95,-80,-18,101,-67,123,-106,5,11,-11,-58
3656,2,53,53,53,53,53,115,115,115,59,70,-38,28,17,-21,87,-40,112,-29,21,-45,-44,-103,69,13,97,-59,-49,-3,98,38,27,28,-60,-83,110,-7,-127,37,95,-29,123,38,-115,59,114,-74,-6,-73,0,-119,-12,17,32,-95,-80,-18,101,-67,123,-106,5,11,-11,-58
3657,2,-25,-70,-70,-70,-70,-70,-26,-26,-64,59,70,-38,28,17,-21,87,-40,112,-29,21,-45,-44,-103,69,13,97,-59,-49,-3,98,38,27,93,-39,-121,-117,87,-51,-17,69,24,-119,45,106,58,71,45,-67,9,91,-9,24,71,86,-73,-63,69,82,-36,23,-89,-90,32,66
3658,2,-25,-70,-70,-70,-70,-70,-26,-26,-64,59,70,-38,28,17,-21,87,-40,112,-29,21,-45,-44,-103,69,13,97,-59,-49,-3,98,38,27,93,-39,-121,-117,87,-51,-17,69,24,-119,45,106,58,71,45,-67,9,91,-9,24,71,86,-73,-63,69,82,-36,23,-89,-90,32,66
3659,2,-25,-70,-70,-70,-70,-70,-26,-26,-64,59,70,-38,28,17,-21,87,-40,112,-29,21,-45,-44,-103,69,13,97,-59,-49,-3,98,38,27,93,-39,-121,-117,87,-51,-17,69,24,-119,45,106,58,71,45,-67,9,91,-9,24,71,86,-73,-63,69,82,-36,23,-89,-90,32,66
3660,2,18,18,81,81,81,81,81,114,-56,-64,59,70,-38,28,17,-21,87,-40,112,-29,21,-45,-44,-103,69,13,97,-59,-49,-3,98,38,35,25,59,49,22,87,30,-46,43,-51,66,-37,-3,127,1,4,-116,100,39,-77,76,-55,-91,71,68,-119,-16,-106,83,90,61,23
3661,2,18,18,81,81,81,81,81,114,-56,-64,59,70,-38,28,17,-21,87,-40,112,-29,21,-45,-44,-103,69,13,97,-59,-49,-3,98,38,35,25,59,49,22,87,30,-46,43,-51,66,-37,-3,127,1,4,-116,100,39,-77,76,-55,-91,71,68,-119,-16,-106,83,90,61,23
3662,2,18,18,81,81,81,81,81,114,-56,-64,59,70,-38,28,17,-21,87,-40,112,-29,21,-45,-44,-103,69,13,97,-59,-49,-3,98,38,35,25,59,49,22,87,30,-46,43,-51,66,-37,-3,127,1,4,-116,100,39,-77,76,-55,-91,71,68,-119,-16,-106,83,90,61,23
3663,2,98,98,98,-83,-83,-83,-83,-83,83,-56,-64,59,70,-38,28,17,-21,87,-40,112,-29,21,-45,-44,-103,69,13,97,-59,-49,-3,98,-14,-21,126,20,-111,-31,-67,93,84,54,-28,-81,-106,-122,35,-46,78,14,116,11,-34,-82,-80,87,105,69,34,16,10,-78,55,-42
3664,2,98,98,98,-83,-83,-83,-83,-83,83,-56,-64,59,70,-38,28,17,-21,87,-40,112,-29,21,-45,-44,-103,69,13,97,-59,-49,-3,98,-14,-21,126,20,-111,-31,-67,93,84,54,-28,-81,-106,-122,35,-46,78,14,116,11,-34,-82,-80,87,105,69,34,16,10,-78,55,-42
3665,2,98,98,98,-83,-83,-83,-83,-83,83,-56,-64,59,70,-38,28,17,-21,87,-40,112,-29,21,-45,-44,-103,69,13,97,-59,-49,-3,98,-14,-21,126,20,-111,-31,-67,93,84,54,-28,-81,-106,-122,35,-46,78,14,116,11,-34,-82,-80,87,105,69,34,16,10,-78,55,-42
3666,2,29,29,29,29,-62,-62,-62,-62,68,83,-56,-64,59,70,-38,28,17,-21,87,-40,112,-29,21,-45,-44,-103,69,13,97,-59,-49,-3,-56,65,32,-46,25,-18,72,59,-69,-81,115,11,69,-33,104,92,112,-97,23,-64,14,24,-39,12,-70,37,-91,45,-108,-19,50,78
3667,2,29,29,29,29,-62,-62,-62,-62,68,83,-56,-64,59,70,-38,28,17,-21,87,-40,112,-29,21,-45,-44,-103,69,13,97,-59,-49,-3,-56,65,32,-46,25,-18,72,59,-69,-81,115,11,69,-33,104,92,112,-97,23,-64,14,24,-39,12,-70,37,-91,45,-108,-19,50,78
3668,2,29,29,29,29,-62,-62,-62,-62,68,83,-56,-64,59,70,-38,28,17,-21,87,-40,112,-29,21,-45,-44,-103,69,13,97,-59,-49,-3,-56,65,32,-46,25,-18,72,59,-69,-81,115,11,69,-33,104,92,112,-97,23,-64,14,24,-39,12,-70,37,-91,45,-108,-19,50,78
3669,2,-7,-7,-7,-7,-7,7,7,7,45,68,83,-56,-64,59,70,-38,28,17,-21,87,-40,112,-29,21,-45,-44,-103,69,13,97,-59,-49,-107,-23,80,-8,-122,119,55,-93,26,-61,92,54,-59,20,-78,53,32,-59,-96,104,-60,-75,-63,75,-124,122,-63,80,-53,55,71,-3
3670,2,-7,-7,-7,-7,-7,7,7,7,45,68,83,-56,-64,59,70,-38,28,17,-21,87,-40,112,-29,21,-45,-44,-103,69,13,97,-59,-49,-107,-23,80,-8,-122,119,55,-93,26,-61,92,54,-59,20,-78,53,32,-59,-96,104,-60,-75,-63,75,-124,122,-63,80,-53,55,71,-3
3671,2,-7,-7,-7,-7,-7,7,7,7,45,68,83,-56,-64,59,70,-38,28,17,-21,87,-40,112,-29,21,-45,-44,-103,69,13,97,-59,-49,-107,-23,80,-8,-122,119,55,-93,26,-61,92,54,-59,20,-78,53,32,-59,-96,104,-60,-75,-63,75,-124,122,-63,80,-53,55,71,-3
3672,2,54,-26,-26,-26,-26,-26,102,102,112,45,68,83,-56,-64,59,70,-38,28,17,-21,87,-40,112,-29,21,-45,-44,-103,69,13,97,-59,-35,56,8,96,-113,125,-34,73,-35,-59,-80,72,-112,57,-37,53,57,-110,66,64,-42,-17,59,-86,-101,8,-60,55,-118,75,-7,-42
3673,2,54,-26,-26,-26,-26,-26,102,102,112,45,68,83,-56,-64,59,70,-38,28,17,-21,87,-40,112,-29,21,-45,-44,-103,69,13,97,-59,-35,56,8,96,-113,125,-34,73,-35,-59,-80,72,-112,57,-37,53,57,-110,66,64,-42,-17,59,-86,-101,8,-60,55,-118,75,-7,-42
3674,2,54,-26,-26,-26,-26,-26,102,102,112,45,68,83,-56,-64,59,70,-38,28,17,-21,87,-40,112,-29,21,-45,-44,-103,69,13,97,-59,-35,56,8,96,-113,125,-34,73,-35,-59,-80,72,-112,57,-37,53,57,-110,66,64,-42,-17,59,-86,-101,8,-60,55,-118,75,-7,-42
3675,2,-58,-58,71,71,71,71,71,-101,118,112,45,68,83,-56,-64,59,70,-38,28,17,-21,87,-40,112,-29,21,-45,-44,-103,69,13,97,-34,76,-106,-21,-115,-59,-126,16,-100,84,101,-113,11,-23,-16,55,-63,82,-53,12,-122,79,39,-33,-119,78,-92,-6,-35,58,-81,-82
3676,2,-58,-58,71,71,71,71,71,-101,118,112,45,68,83,-56,-64,59,70,-38,28,17,-21,87,-40,112,-29,21,-45,-44,-103,69,13,97,-34,76,-106,-21,-115,-59,-126,16,-100,84,101,-113,11,-23,-16,55,-63,82,-53,12,-122,79,39,-33,-119,78,-92,-6,-35,58,-81,-82
3677,2,-58,-58,71,71,71,71,71,-101,118,112,45,68,83,-56,-64,59,70,-38,28,17,-21,87,-40,112,-29,21,-45,-44,-103,69,13,97,-34,76,-106,-21,-115,-59,-126,16,-100,84,101,-113,11,-23,-16,55,-63,82,-53,12,-122,79,39,-33,-119,78,-92,-6,-35,58,-81,-82
3678,2,106,106,106,-3,-3,-3,-3,-3,53,118,112,45,68,83,-56,-64,59,70,-38,28,17,-21,87,-40,112,-29,21,-45,-44,-103,69,13,-78,-67,-101,-105,-38,115,-18,-62,-72,-20,-42,37,57,49,104,-71,62,-36,-101,-79,47,-79,-93,42,21,24,58,-104,-12,-21,24,52
3679,2,106,106,106,-3,-3,-3,-3,-3,53,118,112,45,68,83,-56,-64,59,70,-38,28,17,-21,87,-40,112,-29,21,-45,-44,-103,69,13,-78,-67,-101,-105,-38,115,-18,-62,-72,-20,-42,37,57,49,104,-71,62,-36,-101,-79,47,-79,-93,42,21,24,58,-104,-12,-21,24,52
3680,2,106,106,106,-3,-3,-3,-3,-3,53,118,112,45,68,83,-56,-64,59,70,-38,28,17,-21,87,-40,112,-29,21,-45,-44,-103,69,13,-78,-67,-101,-105,-38,115,-18,-62,-72,-20,-42,37,57,49,104,-71,62,-36,-101,-79,47,-79,-93,42,21,24,58,-104,-12,-21,24,52
3681,2,83,83,83,83,-123,-123,-123,-123,-25,53,118,112,45,68,83,-56,-64,59,70,-38,28,17,-21,87,-40,112,-29,21,-45,-44,-103,69,-43,-92,-32,32,-58,76,71,99,-33,92,125,-86,-24,99,-110,-12,3,83,-3,-125,123,27,98,18,-96,-105,-111,111,-96,-91,34,-87
3682,2,83,83,83,83,-123,-123,-123,-123,-25,53,118,112,45,68,83,-56,-64,59,70,-38,28,17,-21,87,-40,112,-29,21,-45,-44,-103,69,-43,-92,-32,32,-58,76,71,99,-33,92,125,-86,-24,99,-110,-12,3,83,-3,-125,123,27,98,18,-96,-105,-111,111,-96,-91,34,-87
3683,2,83,83,83,83,-123,-123,-123,-123,-25,53,118,112,45,68,83,-56,-64,59,70,-38,28,17,-21,87,-40,112,-29,21,-45,-44,-103,69,-43,-92,-32,32,-58,76,71,99,-33,92,125,-86,-24,99,-110,-12,3,83,-3,-125,123,27,98,18,-96,-105,-111,111,-96,-91,34,-87
3684,2,33,33,33,33,33,114,114,114,18,-25,53,118,112,45,68,83,-56,-64,59,70,-38,28,17,-21,87,-40,112,-29,21,-45,-44,-103,4,-71,27,-20,6,-17,114,-5,-75,96,26,19,46,71,-49,-85,103,-102,116,14,110,52,-58,30,-80,-92,-17,99,74,-105,70,-86
3685,2,33,33,33,33,33,114,114,114,18,-25,53,118,112,45,68,83,-56,-64,59,70,-38,28,17,-21,87,-40,112,-29,21,-45,-44,-103,4,-71,27,-20,6,-17,114,-5,-75,96,26,19,46,71,-49,-85,103,-102,116,14,110,52,-58,30,-80,-92,-17,99,74,-105,70,-86
3686,2,33,33,33,33,33,114,114,114,18,-25,53,118,112,45,68,83,-56,-64,59,70,-38,28,17,-21,87,-40,112,-29,21,-45,-44,-103,4,-71,27,-20,6,-17,114,-5,-75,96,26,19,46,71,-49,-85,103,-102,116,14,110,52,-58,30,-80,-92,-17,99,74,-105,70,-86
3687,2,116,8,8,8,8,8,-53,-53,98,18,-25,53,118,112,45,68,83,-56,-64,59,70,-38,28,17,-21,87,-40,112,-29,21,-45,-44,47,-57,111,122,-113,58,-14,30,-37,-66,55,2,-82,26,20,25,-71,-34,-74,48,31,-32,-126,36,-90,80,70,-38,-64,-44,32,-109
3688,2,116,8,8,8,8,8,-53,-53,98,18,-25,53,118,112,45,68,83,-56,-64,59,70,-38,28,17,-21,87,-40,112,-29,21,-45,-44,47,-57,111,122,-113,58,-14,30,-37,-66,55,2,-82,26,20,25,-71,-34,-74,48,31,-32,-126,36,-90,80,70,-38,-64,-44,32,-109
3689,2,116,8,8,8,8,8,-53,-53,98,18,-25,53,118,112,45,68,83,-56,-64,59,70,-38,28,17,-21,87,-40,112,-29,21,-45,-44,47,-57,111,122,-113,58,-14,30,-37,-66,55,2,-82,26,20,25,-71,-34,-74,48,31,-32,-126,36,-90,80,70,-38,-64,-44,32,-109
3690,2,-30,-30,-52,-52,-52,-52,-52,-122,29,98,18,-25,53,118,112,45,68,83,-56,-64,59,70,-38,28,17,-21,87,-40,112,-29,21,-45,-122,107,-45,-85,-72,45,57,-13,99,48,27,-119,-110,-72,96,53,-71,100,-14,77,-94,-78,76,18,121,45,-47,62,42,117,101,-83
3691,2,-30,-30,-52,-52,-52,-52,-52,-122,29,98,18,-25,53,118,112,45,68,83,-56,-64,59,70,-38,28,17,-21,87,-40,112,-29,21,-45,-122,107,-45,-85,-72,45,57,-13,99,48,27,-119,-110,-72,96,53,-71,100,-14,77,-94,-78,76,18,121,45,-47,62,42,117,101,-83
3692,2,-30,-30,-52,-52,-52,-52,-52,-122,29,98,18,-25,53,118,112,45,68,83,-56,-64,59,70,-38,28,17,-21,87,-40,112,-29,21,-45,-122,107,-45,-85,-72,45,57,-13,99,48,27,-119,-110,-72,96,53,-71,100,-14,77,-94,-78,76,18,121,45,-47,62,42,117,101,-83
3693,2,6,6,6,81,81,81,81,81,-7,29,98,18,-25,53,118,112,45,68,83,-56,-64,59,70,-38,28,17,-21,87,-40,112,-29,21,-60,104,-78,88,14,97,-36,124,116,-13,3,10,-92,-37,-76,35,54,57,-62,-71,-83,-50,21,-54,53,113,-82,48,-51,-24,-9,81
3694,2,6,6,6,81,81,81,81,81,-7,29,98,18,-25,53,118,112,45,68,83,-56,-64,59,70,-38,28,17,-21,87,-40,112,-29,21,-60,104,-78,88,14,97,-36,124,116,-13,3,10,-92,-37,-76,35,54,57,-62,-71,-83,-50,21,-54,53,113,-82,48,-51,-24,-9,81
3695,2,6,6,6,81,81,81,81,81,-7,29,98,18,-25,53,118,112,45,68,83,-56,-64,59,70,-38,28,17,-21,87,-40,112,-29,21,-60,104,-78,88,14,97,-36,124,116,-13,3,10,-92,-37,-76,35,54,57,-62,-71,-83,-50,21,-54,53,113,-82,48,-51,-24,-9,81
3696,2,-112,-112,-112,-112,-54,-54,-54,-54,54,-7,29,98,18,-25,53,118,112,45,68,83,-56,-64,59,70,-38,28,17,-21,87,-40,112,-29,-124,-96,-25,116,-52,3,50,104,35,-44,-109,98,72,6,5,65,-8,-23,-102,-28,26,37,7,71,-79,-79,-113,111,-30,3,61,-4
3697,2,-112,-112,-112,-112,-54,-54,-54,-54,54,-7,29,98,18,-25,53,118,112,45,68,83,-56,-64,59,70,-38,28,17,-21,87,-40,112,-29,-124,-96,-25,116,-52,3,50,104,35,-44,-109,98,72,6,5,65,-8,-23,-102,-28,26,37,7,71,-79,-79,-113,111,-30,3,61,-4
3698,2,-112,-112,-112,-112,-54,-54,-54,-54,54,-7,29,98,18,-25,53,118,112,45,68,83,-56,-64,59,70,-38,28,17,-21,87,-40,112,-29,-124,-96,-25,116,-52,3,50,104,35,-44,-109,98,72,6,5,65,-8,-23,-102,-28,26,37,7,71,-79,-79,-113,111,-30,3,61,-4
3699,2,85,85,85,85,85,122,122,122,-58,54,-7,29,98,18,-25,53,118,112,45,68,83,-56,-64,59,70,-38,28,17,-21,87,-40,112,-58,50,-112,-20,-122,-88,108,65,40,-124,92,104,-36,82,42,94,50,-30,125,121,-46,59,77,57,99,125,-99,-91,-62,12,58,-31
3700,2,85,85,85,85,85,122,122,122,-58,54,-7,29,98,18,-25,53,118,112,45,68,83,-56,-64,59,70,-38,28,17,-21,87,-40,112,-58,50,-112,-20,-122,-88,108,65,40,-124,92,104,-36,82,42,94,50,-30,125,121,-46,59,77,57,99,125,-99,-91,-62,12,58,-31
3701,2,85,85,85,85,85,122,122,122,-58,54,-7,29,98,18,-25,53,118,112,45,68,83,-56,-64,59,70,-38,28,17,-21,87,-40,112,-58,50,-112,-20,-122,-88,108,65,40,-124,92,104,-36,82,42,94,50,-30,125,121,-46,59,77,57,99,125,-99,-91,-62,12,58,-31
3702,2,-75,127,127,127,127,127,-104,-104,106,-58,54,-7,29,98,18,-25,53,118,112,45,68,83,-56,-64,59,70,-38,28,17,-21,87,-40,44,-28,4,-8,67,2,56,69,120,64,76,91,120,-53,-126,-98,33,-127,81,98,49,-53,40,-105,120,-77,-5,-65,119,-91,-95,-18
3703,2,-75,127,127,127,127,127,-104,-104,106,-58,54,-7,29,98,18,-25,53,118,112,45,68,83,-56,-64,59,70,-38,28,17,-21,87,-40,44,-28,4,-8,67,2,56,69,120,64,76,91,120,-53,-126,-98,33,-127,81,98,49,-53,40,-105,120,-77,-5,-65,119,-91,-95,-18
3704,2,-75,127,127,127,127,127,-104,-104,106,-58,54,-7,29,98,18,-25,53,118,112,45,68,83,-56,-64,59,70,-38,28,17,-21,87,-40,44,-28,4,-8,67,2,56,69,120,64,76,91,120,-53,-126,-98,33,-127,81,98,49,-53,40,-105,120,-77,-5,-65,119,-91,-95,-18
3705,2,17,17,2,2,2,2,2,-38,83,106,-58,54,-7,29,98,18,-25,53,118,112,45,68,83,-56,-64,59,70,-38,28,17,-21,87,-22,-112,28,-106,95,81,119,-59,-113,-1,-119,90,13,-49,-8,87,77,115,40,-98,20,-20,-112,-10,-31,63,-65,10,14,-46,-22,55
3706,2,17,17,2,2,2,2,2,-38,83,106,-58,54,-7,29,98,18,-25,53,118,112,45,68,83,-56,-64,59,70,-38,28,17,-21,87,-22,-112,28,-106,95,81,119,-59,-113,-1,-119,90,13,-49,-8,87,77,115,40,-98,20,-20,-112,-10,-31,63,-65,10,14,-46,-22,55
3707,2,17,17,2,2,2,2,2,-38,83,106,-58,54,-7,29,98,18,-25,53,118,112,45,68,83,-56,-64,59,70,-38,28,17,-21,87,-22,-112,28,-106,95,81,119,-59,-113,-1,-119,90,13,-49,-8,87,77,115,40,-98,20,-20,-112,-10,-31,63,-65,10,14,-46,-22,55
3708,2,43,43,43,11,11,11,11,11,33,83,106,-58,54,-7,29,98,18,-25,53,118,112,45,68,83,-56,-64,59,70,-38,28,17,-21,94,-53,127,32,103,101,72,56,-8,127,86,-125,-107,100,62,-4,126,14,-105,63,-101,8,77,86,106,95,13,120,97,3,-87,-61
3709,2,43,43,43,11,11,11,11,11,33,83,106,-58,54,-7,29,98,18,-25,53,118,112,45,68,83,-56,-64,59,70,-38,28,17,-21,94,-53,127,32,103,101,72,56,-8,127,86,-125,-107,100,62,-4,126,14,-105,63,-101,8,77,86,106,95,13,120,97,3,-87,-61
3710,2,43,43,43,11,11,11,11,11,33,83,106,-58,54,-7,29,98,18,-25,53,118,112,45,68,83,-56,-64,59,70,-38,28,17,-21,94,-53,127,32,103,101,72,56,-8,127,86,-125,-107,100,62,-4,126,14,-105,63,-101,8,77,86,106,95,13,120,97,3,-87,-61
3711,2,87,87,87,87,26,26,26,26,116,33,83,106,-58,54,-7,29,98,18,-25,53,118,112,45,68,83,-56,-64,59,70,-38,28,17,-103,-22,-110,90,24,-120,-35,-34,123,31,43,-63,-32,40,23,-33,-55,-3,-33,44,-103,-117,-9,45,-103,-48,-12,15,-52,-104,-87,-90
3712,2,87,87,87,87,26,26,26,26,116,33,83,106,-58,54,-7,29,98,18,-25,53,118,112,45,68,83,-56,-64,59,70,-38,28,17,-103,-22,-110,90,24,-120,-35,-34,123,31,43,-63,-32,40,23,-33,-55,-3,-33,44,-103,-117,-9,45,-103,-48,-12,15,-52,-104,-87,-90
3713,2,87,87,87,87,26,26,26,26,116,33,83,106,-58,54,-7,29,98,18,-25,53,118,112,45,68,83,-56,-64,59,70,-38,28,17,-103,-22,-110,90,24,-120,-35,-34,123,31,43,-63,-32,40,23,-33,-55,-3,-33,44,-103,-117,-9,45,-103,-48,-12,15,-52,-104,-87,-90
3714,2,-32,-32,-32,-32,-32,49,49,49,-30,116,33,83,106,-58,54,-7,29,98,18,-25,53,118,112,45,68,83,-56,-64,59,70,-38,28,-103,-53,-50,-13,0,52,126,-111,37,5,66,92,82,-68,-77,-42,28,109,86,10,-124,-84,44,36,-101,-60,44,50,111,-8,-49,-126
3715,2,-32,-32,-32,-32,-32,49,49,49,-30,116,33,83,106,-58,54,-7,29,98,18,-25,53,118,112,45,68,83,-56,-64,59,70,-38,28,-103,-53,-50,-13,0,52,126,-111,37,5,66,92,82,-68,-77,-42,28,109,86,10,-124,-84,44,36,-101,-60,44,50,111,-8,-49,-126
3716,2,-32,-32,-32,-32,-32,49,49,49,-30,116,33,83,106,-58,54,-7,29,98,18,-25,53,118,112,45,68,83,-56,-64,59,70,-38,28,-103,-53,-50,-13,0,52,126,-111,37,5,66,92,82,-68,-77,-42,28,109,86,10,-124,-84,44,36,-101,-60,44,50,111,-8,-49,-126
3717,2,-67,74,74,74,74,74,74,74,6,-30,116,33,83,106,-58,54,-7,29,98,18,-25,53,118,112,45,68,83,-56,-64,59,70,-38,-10,-56,-48,83,50,44,-55,80,-23,57,-3,-125,86,-6,-39,2,-92,-122,27,-99,-38,-4,120,126,121,-100,-12,-50,56,79,-5,-72
3718,2,-67,74,74,74,74,74,74,74,6,-30,116,33,83,106,-58,54,-7,29,98,18,-25,53,118,112,45,68,83,-56,-64,59,70,-38,-10,-56,-48,83,50,44,-55,80,-23,57,-3,-125,86,-6,-39,2,-92,-122,27,-99,-38,-4,120,126,121,-100,-12,-50,56,79,-5,-72
3719,2,-67,74,74,74,74,74,74,74,6,-30,116,33,83,106,-58,54,-7,29,98,18,-25,53,118,112,45,68,83,-56,-64,59,70,-38,-10,-56,-48,83,50,44,-55,80,-23,57,-3,-125,86,-6,-39,2,-92,-122,27,-99,-38,-4,120,126,121,-100,-12,-50,56,79,-5,-72
3720,2,18,18,-74,-74,-74,-74,-74,115,-112,6,-30,116,33,83,106,-58,54,-7,29,98,18,-25,53,118,112,45,68,83,-56,-64,59,70,105,36,82,63,-96,-5,53,84,79,-80,-33,-123,18,32,-88,111,122,63,117,88,44,127,-39,108,-66,-106,116,75,70,51,34,27
3721,2,18,18,-74,-74,-74,-74,-74,115,-112,6,-30,116,33,83,106,-58,54,-7,29,98,18,-25,53,118,112,45,68,83,-56,-64,59,70,105,36,82,63,-96,-5,53,84,79,-80,-33,-123,18,32,-88,111,122,63,117,88,44,127,-39,108,-66,-106,116,75,70,51,34,27
3722,2,18,18,-74,-74,-74,-74,-74,115,-112,6,-30,116,33,83,106,-58,54,-7,29,98,18,-25,53,118,112,45,68,83,-56,-64,59,70,105,36,82,63,-96,-5,53,84,79,-80,-33,-123,18,32,-88,111,122,63,117,88,44,127,-39,108,-66,-106,116,75,70,51,34,27
3723,2,-77,-77,-77,-29,-29,-29,-29,-29,85,-112,6,-30,116,33,83,106,-58,54,-7,29,98,18,-25,53,118,112,45,68,83,-56,-64,59,84,-102,-113,113,122,-72,-92,114,4,-56,-19,-8,61,26,-14,-112,77,81,-8,-82,-15,-100,-40,88,55,31,-79,-86,112,-37,79,1
3724,2,-77,-77,-77,-29,-29,-29,-29,-29,85,-112,6,-30,116,33,83,106,-58,54,-7,29,98,18,-25,53,118,112,45,68,83,-56,-64,59,84,-102,-113,113,122,-72,-92,114,4,-56,-19,-8,61,26,-14,-112,77,81,-8,-82,-15,-100,-40,88,55,31,-79,-86,112,-37,79,1
3725,2,-77,-77,-77,-29,-29,-29,-29,-29,85,-112,6,-30,116,33,83,106,-58,54,-7,29,98,18,-25,53,118,112,45,68,83,-56,-64,59,84,-102,-113,113,122,-72,-92,114,4,-56,-19,-8,61,26,-14,-112,77,81,-8,-82,-15,-100,-40,88,55,31,-79,-86,112,-37,79,1
3726,2,-15,-15,-15,-15,-109,-109,-109,-109,-75,85,-112,6,-30,116,33,83,106,-58,54,-7,29,98,18,-25,53,118,112,45,68,83,-56,-64,77,-55,76,-92,125,21,117,18,35,56,106,16,111,23,-15,-48,-73,-44,3,115,-27,28,-59,11,7,120,127,100,36,125,58,70
3727,2,-15,-15,-15,-15,-109,-109,-109,-109,-75,85,-112,6,-30,116,33,83,106,-58,54,-7,29,98,18,-25,53,118,112,45,68,83,-56,-64,77,-55,76,-92,125,21,117,18,35,56,106,16,111,23,-15,-48,-73,-44,3,115,-27,28,-59,11,7,120,127,100,36,125,58,70
3728,2,-15,-15,-15,-15,-109,-109,-109,-109,-75,85,-112,6,-30,116,33,83,106,-58,54,-7,29,98,18,-25,53,118,112,45,68,83,-56,-64,77,-55,76,-92,125,21,117,18,35,56,106,16,111,23,-15,-48,-73,-44,3,115,-27,28,-59,11,7,120,127,100,36,125,58,70
3729,2,-16,-16,-16,-16,-16,-60,-60,-60,17,-75,85,-112,6,-30,116,33,83,106,-58,54,-7,29,98,18,-25,53,118,112,45,68,83,-56,89,60,40,50,-11,-105,87,-71,-107,-51,64,20,99,-2,26,-76,58,-96,100,-74,-122,-74,-7,-51,44,81,122,-6,-119,87,55,70
3730,2,-16,-16,-16,-16,-16,-60,-60,-60,17,-75,85,-112,6,-30,116,33,83,106,-58,54,-7,29,98,18,-25,53,118,112,45,68,83,-56,89,60,40,50,-11,-105,87,-71,-107,-51,64,20,99,-2,26,-76,58,-96,100,-74,-122,-74,-7,-51,44,81,122,-6,-119,87,55,70
3731,2,-16,-16,-16,-16,-16,-60,-60,-60,17,-75,85,-112,6,-30,116,33,83,106,-58,54,-7,29,98,18,-25,53,118,112,45,68,83,-56,89,60,40,50,-11,-105,87,-71,-107,-51,64,20,99,-2,26,-76,58,-96,100,-74,-122,-74,-7,-51,44,81,122,-6,-119,87,55,70
3732,2,29,114,114,114,114,114,-81,-81,43,17,-75,85,-112,6,-30,116,33,83,106,-58,54,-7,29,98,18,-25,53,118,112,45,68,83,-89,108,108,113,-60,102,-116,-76,-113,31,126,23,59,66,127,81,-118,68,74,15,-1,34,-76,78,31,-86,-63,12,-29,-72,-74,46
3733,2,29,114,114,114,114,114,-81,-81,43,17,-75,85,-112,6,-30,116,33,83,106,-58,54,-7,29,98,18,-25,53,118,112,45,68,83,-89,108,108,113,-60,102,-116,-76,-113,31,126,23,59,66,127,81,-118,68,74,15,-1,34,-76,78,31,-86,-63,12,-29,-72,-74,46
3734,2,29,114,114,114,114,114,-81,-81,43,17,-75,85,-112,6,-30,116,33,83,106,-58,54,-7,29,98,18,-25,53,118,112,45,68,83,-89,108,108,113,-60,102,-116,-76,-113,31,126,23,59,66,127,81,-118,68,74,15,-1,34,-76,78,31,-86,-63,12,-29,-72,-74,46
3735,2,55,55,110,110,110,110,110,101,87,43,17,-75,85,-112,6,-30,116,33,83,106,-58,54,-7,29,98,18,-25,53,118,112,45,68,-1,100,-10,85,-35,53,31,116,43,-70,-94,-72,124,-98,85,0,114,-109,55,21,74,-95,-87,107,62,19,67,123,-63,-81,-38,98
3736,2,55,55,110,110,110,110,110,101,87,43,17,-75,85,-112,6,-30,116,33,83,106,-58,54,-7,29,98,18,-25,53,118,112,45,68,-1,100,-10,85,-35,53,31,116,43,-70,-94,-72,124,-98,85,0,114,-109,55,21,74,-95,-87,107,62,19,67,123,-63,-81,-38,98
3737,2,55,55,110,110,110,110,110,101,87,43,17,-75,85,-112,6,-30,116,33,83,106,-58,54,-7,29,98,18,-25,53,118,112,45,68,-1,100,-10,85,-35,53,31,116,43,-70,-94,-72,124,-98,85,0,114,-109,55,21,74,-95,-87,107,62,19,67,123,-63,-81,-38,98
3738,2,71,71,71,-121,-121,-121,-121,-121,-32,87,43,17,-75,85,-112,6,-30,116,33,83,106,-58,54,-7,29,98,18,-25,53,118,112,45,-90,-50,120,-69,88,115,24,-81,67,62,-90,21,40,100,54,-55,-103,50,-87,78,-108,61,63,-48,-25,-35,13,95,-51,58,61,75
3739,2,71,71,71,-121,-121,-121,-121,-121,-32,87,43,17,-75,85,-112,6,-30,116,33,83,106,-58,54,-7,29,98,18,-25,53,118,112,45,-90,-50,120,-69,88,115,24,-81,67,62,-90,21,40,100,54,-55,-103,50,-87,78,-108,61,63,-48,-25,-35,13,95,-51,58,61,75
3740,2,71,71,71,-121,-121,-121,-121,-121,-32,87,43,17,-75,85,-112,6,-30,116,33,83,106,-58,54,-7,29,98,18,-25,53,118,112,45,-90,-50,120,-69,88,115,24,-81,67,62,-90,21,40,100,54,-55,-103,50,-87,78,-108,61,63,-48,-25,-35,13,95,-51,58,61,75
3741,2,81,81,81,81,56,56,56,56,-67,-32,87,43,17,-75,85,-112,6,-30,116,33,83,106,-58,54,-7,29,98,18,-25,53,118,112,-27,-12,57,88,-119,-11,-58,-119,-110,-41,121,116,-119,59,-89,48,-42,22,66,39,71,116,-47,-107,-39,114,-69,125,37,46,64,116
3742,2,81,81,81,81,56,56,56,56,-67,-32,87,43,17,-75,85,-112,6,-30,116,33,83,106,-58,54,-7,29,98,18,-25,53,118,112,-27,-12,57,88,-119,-11,-58,-119,-110,-41,121,116,-119,59,-89,48,-42,22,66,39,71,116,-47,-107,-39,114,-69,125,37,46,64,116
3743,2,81,81,81,81,56,56,56,56,-67,-32,87,43,17,-75,85,-112,6,-30,116,33,83,106,-58,54,-7,29,98,18,-25,53,118,112,-27,-12,57,88,-119,-11,-58,-119,-110,-41,121,116,-119,59,-89,48,-42,22,66,39,71,116,-47,-107,-39,114,-69,125,37,46,64,116
3744,2,-11,-11,-11,-11,-11,9,9,9,18,-67,-32,87,43,17,-75,85,-112,6,-30,116,33,83,106,-58,54,-7,29,98,18,-25,53,118,-15,-52,46,-116,-57,-89,-18,-3,11,14,-13,50,-79,11,-27,-63,-15,124,39,-2,-36,0,28,-59,-119,-78,4,17,-29,100,-74,66
3745,2,-11,-11,-11,-11,-11,9,9,9,18,-67,-32,87,43,17,-75,85,-112,6,-30,116,33,83,106,-58,54,-7,29,98,18,-25,53,118,-15,-52,46,-116,-57,-89,-18,-3,11,14,-13,50,-79,11,-27,-63,-15,124,39,-2,-36,0,28,-59,-119,-78,4,17,-29,100,-74,66
3746,2,-11,-11,-11,-11,-11,9,9,9,18,-67,-32,87,43,17,-75,85,-112,6,-30,116,33,83,106,-58,54,-7,29,98,18,-25,53,118,-15,-52,46,-116,-57,-89,-18,-3,11,14,-13,50,-79,11,-27,-63,-15,124,39,-2,-36,0,28,-59,-119,-78,4,17,-29,100,-74,66
3747,2,-53,126,126,126,126,126,11,11,-77,18,-67,-32,87,43,17,-75,85,-112,6,-30,116,33,83,106,-58,54,-7,29,98,18,-25,53,-32,-4,64,75,87,5,-93,-103,-11,-46,-124,-33,37,-64,26,-92,85,7,114,54,66,5,-58,-107,-123,66,-42,17,29,-14,-103,-98
3748,2,-53,126,126,126,126,126,11,11,-77,18,-67,-32,87,43,17,-75,85,-112,6,-30,116,33,83,106,-58,54,-7,29,98,18,-25,53,-32,-4,64,75,87,5,-93,-103,-11,-46,-124,-33,37,-64,26,-92,85,7,114,54,66,5,-58,-107,-123,66,-42,17,29,-14,-103,-98
3749,2,-53,126,126,126,126,126,11,11,-77,18,-67,-32,87,43,17,-75,85,-112,6,-30,116,33,83,106,-58,54,-7,29,98,18,-25,53,-32,-4,64,75,87,5,-93,-103,-11,-46,-124,-33,37,-64,26,-92,85,7,114,54,66,5,-58,-107,-123,66,-42,17,29,-14,-103,-98
3750,2,42,42,-5,-5,-5,-5,-5,-33,-15,-77,18,-67,-32,87,43,17,-75,85,-112,6,-30,116,33,83,106,-58,54,-7,29,98,18,-25,29,52,-108,-89,112,118,-85,56,85,34,-90,83,-16,-12,122,-35,-49,-49,-57,17,51,68,-125,16,-102,72,-20,-13,-63,119,23,78
3751,2,42,42,-5,-5,-5,-5,-5,-33,-15,-77,18,-67,-32,87,43,17,-75,85,-112,6,-30,116,33,83,106,-58,54,-7,29,98,18,-25,29,52,-108,-89,112,118,-85,56,85,34,-90,83,-16,-12,122,-35,-49,-49,-57,17,51,68,-125,16,-102,72,-20,-13,-63,119,23,78
3752,2,42,42,-5,-5,-5,-5,-5,-33,-15,-77,18,-67,-32,87,43,17,-75,85,-112,6,-30,116,33,83,106,-58,54,-7,29,98,18,-25,29,52,-108,-89,112,118,-85,56,85,34,-90,83,-16,-12,122,-35,-49,-49,-57,17,51,68,-125,16,-102,72,-20,-13,-63,119,23,78
3753,2,-116,-116,-116,66,66,66,66,66,-16,-15,-77,18,-67,-32,87,43,17,-75,85,-112,6,-30,116,33,83,106,-58,54,-7,29,98,18,-11,-3,39,116,-11,-25,106,113,-87,-99,120,-114,23,63,-113,87,-68,63,115,46,-82,-44,-11,101,-81,52,124,28,-47,14,92,-31
3754,2,-116,-116,-116,66,66,66,66,66,-16,-15,-77,18,-67,-32,87,43,17,-75,85,-112,6,-30,116,33,83,106,-58,54,-7,29,98,18,-11,-3,39,116,-11,-25,106,113,-87,-99,120,-114,23,63,-113,87,-68,63,115,46,-82,-44,-11,101,-81,52,124,28,-47,14,92,-31
3755,2,-116,-116,-116,66,66,66,66,66,-16,-15,-77,18,-67,-32,87,43,17,-75,85,-112,6,-30,116,33,83,106,-58,54,-7,29,98,18,-11,-3,39,116,-11,-25,106,113,-87,-99,120,-114,23,63,-113,87,-68,63,115,46,-82,-44,-11,101,-81,52,124,28,-47,14,92,-31
3756,2,49,49,49,49,-63,-63,-63,-63,29,-16,-15,-77,18,-67,-32,87,43,17,-75,85,-112,6,-30,116,33,83,106,-58,54,-7,29,98,69,-5,72,11,124,-113,-29,-116,32,106,45,-103,112,36,119,43,16,-42,53,-69,12,57,-30,86,66,-70,90,80,-58,-77,-59,71
3757,2,49,49,49,49,-63,-63,-63,-63,29,-16,-15,-77,18,-67,-32,87,43,17,-75,85,-112,6,-30,116,33,83,106,-58,54,-7,29,98,69,-5,72,11,124,-113,-29,-116,32,106,45,-103,112,36,119,43,16,-42,53,-69,12,57,-30,86,66,-70,90,80,-58,-77,-59,71
3758,2,49,49,49,49,-63,-63,-63,-63,29,-16,-15,-77,18,-67,-32,87,43,17,-75,85,-112,6,-30,116,33,83,106,-58,54,-7,29,98,69,-5,72,11,124,-113,-29,-116,32,106,45,-103,112,36,119,43,16,-42,53,-69,12,57,-30,86,66,-70,90,80,-58,-77,-59,71
3759,2,-94,-94,-94,-94,-94,31,31,31,55,29,-16,-15,-77,18,-67,-32,87,43,17,-75,85,-112,6,-30,116,33,83,106,-58,54,-7,29,-100,-124,52,66,-51,8,-118,-2,-33,-40,-97,-39,67,24,-102,126,4,-25,-75,78,66,95,91,-50,35,103,-102,-48,52,112,-118,-65
3760,2,-94,-94,-94,-94,-94,31,31,31,55,29,-16,-15,-77,18,-67,-32,87,43,17,-75,85,-112,6,-30,116,33,83,106,-58,54,-7,29,-100,-124,52,66,-51,8,-118,-2,-33,-40,-97,-39,67,24,-102,126,4,-25,-75,78,66,95,91,-50,35,103,-102,-48,52,112,-118,-65
3761,2,-94,-94,-94,-94,-94,31,31,31,55,29,-16,-15,-77,18,-67,-32,87,43,17,-75,85,-112,6,-30,116,33,83,106,-58,54,-7,29,-100,-124,52,66,-51,8,-118,-2,-33,-40,-97,-39,67,24,-102,126,4,-25,-75,78,66,95,91,-50,35,103,-102,-48,52,112,-118,-65
3762,2,12,-34,-34,-34,-34,-34,-108,-108,71,55,29,-16,-15,-77,18,-67,-32,87,43,17,-75,85,-112,6,-30,116,33,83,106,-58,54,-7,-93,24,-36,-26,-29,-4,24,-43,-105,11,-21,119,-13,34,63,-67,62,-53,-19,41,28,63,-77,52,-39,94,-6,101,-112,-125,-11,64
3763,2,12,-34,-34,-34,-34,-34,-108,-108,71,55,29,-16,-15,-77,18,-67,-32,87,43,17,-75,85,-112,6,-30,116,33,83,106,-58,54,-7,-93,24,-36,-26,-29,-4,24,-43,-105,11,-21,119,-13,34,63,-67,62,-53,-19,41,28,63,-77,52,-39,94,-6,101,-112,-125,-11,64
3764,2,12,-34,-34,-34,-34,-34,-108,-108,71,55,29,-16,-15,-77,18,-67,-32,87,43,17,-75,85,-112,6,-30,116,33,83,106,-58,54,-7,-93,24,-36,-26,-29,-4,24,-43,-105,11,-21,119,-13,34,63,-67,62,-53,-19,41,28,63,-77,52,-39,94,-6,101,-112,-125,-11,64
3765,2,-11,-11,77,77,77,77,77,-1,81,71,55,29,-16,-15,-77,18,-67,-32,87,43,17,-75,85,-112,6,-30,116,33,83,106,-58,54,-4,86,-125,-77,-92,-88,87,-3,-96,-20,94,-39,123,51,51,108,-62,-123,-65,34,-110,73,81,-68,-37,-10,-110,45,-3,-122,-11,99
3766,2,-11,-11,77,77,77,77,77,-1,81,71,55,29,-16,-15,-77,18,-67,-32,87,43,17,-75,85,-112,6,-30,116,33,83,106,-58,54,-4,86,-125,-77,-92,-88,87,-3,-96,-20,94,-39,123,51,51,108,-62,-123,-65,34,-110,73,81,-68,-37,-10,-110,45,-3,-122,-11,99
3767,2,-11,-11,77,77,77,77,77,-1,81,71,55,29,-16,-15,-77,18,-67,-32,87,43,17,-75,85,-112,6,-30,116,33,83,106,-58,54,-4,86,-125,-77,-92,-88,87,-3,-96,-20,94,-39,123,51,51,108,-62,-123,-65,34,-110,73,81,-68,-37,-10,-110,45,-3,-122,-11,99
3768,2,-127,-127,-127,49,49,49,49,49,-11,81,71,55,29,-16,-15,-77,18,-67,-32,87,43,17,-75,85,-112,6,-30,116,33,83,106,-58,-1,-112,-42,-28,-4,68,-4,-36,94,-88,38,-110,-113,106,-125,-75,-67,-44,106,-47,46,125,55,96,-87,28,8,-80,-19,-99,53,-87
3769,2,-127,-127,-127,49,49,49,49,49,-11,81,71,55,29,-16,-15,-77,18,-67,-32,87,43,17,-75,85,-112,6,-30,116,33,83,106,-58,-1,-112,-42,-28,-4,68,-4,-36,94,-88,38,-110,-113,106,-125,-75,-67,-44,106,-47,46,125,55,96,-87,28,8,-80,-19,-99,53,-87
3770,2,-127,-127,-127,49,49,49,49,49,-11,81,71,55,29,-16,-15,-77,18,-67,-32,87,43,17,-75,85,-112,6,-30,116,33,83,106,-58,-1,-112,-42,-28,-4,68,-4,-36,94,-88,38,-110,-113,106,-125,-75,-67,-44,106,-47,46,125,55,96,-87,28,8,-80,-19,-99,53,-87
3771,2,31,31,31,31,-84,-84,-84,-84,-53,-11,81,71,55,29,-16,-15,-77,18,-67,-32,87,43,17,-75,85,-112,6,-30,116,33,83,106,56,-56,98,-104,85,46,-6,95,93,-16,12,-37,-73,20,-31,-89,85,-89,109,-67,24,16,-7,73,121,-40,-24,90,76,18,91,91
3772,2,31,31,31,31,-84,-84,-84,-84,-53,-11,81,71,55,29,-16,-15,-77,18,-67,-32,87,43,17,-75,85,-112,6,-30,116,33,83,106,56,-56,98,-104,85,46,-6,95,93,-16,12,-37,-73,20,-31,-89,85,-89,109,-67,24,16,-7,73,121,-40,-24,90,76,18,91,91
3773,2,31,31,31,31,-84,-84,-84,-84,-53,-11,81,71,55,29,-16,-15,-77,18,-67,-32,87,43,17,-75,85,-112,6,-30,116,33,83,106,56,-56,98,-104,85,46,-6,95,93,-16,12,-37,-73,20,-31,-89,85,-89,109,-67,24,16,-7,73,121,-40,-24,90,76,18,91,91
3774,2,-107,-107,-107,-107,-107,88,88,88,42,-53,-11,81,71,55,29,-16,-15,-77,18,-67,-32,87,43,17,-75,85,-112,6,-30,116,33,83,7,-68,-62,-72,-25,103,101,99,36,108,122,49,-24,46,93,126,-71,-81,23,24,73,-127,106,-71,-113,-91,-35,80,-47,-95,98,-127
3775,2,-107,-107,-107,-107,-107,88,88,88,42,-53,-11,81,71,55,29,-16,-15,-77,18,-67,-32,87,43,17,-75,85,-112,6,-30,116,33,83,7,-68,-62,-72,-25,103,101,99,36,108,122,49,-24,46,93,126,-71,-81,23,24,73,-127,106,-71,-113,-91,-35,80,-47,-95,98,-127
3776,2,-107,-107,-107,-107,-107,88,88,88,42,-53,-11,81,71,55,29,-16,-15,-77,18,-67,-32,87,43,17,-75,85,-112,6,-30,116,33,83,7,-68,-62,-72,-25,103,101,99,36,108,122,49,-24,46,93,126,-71,-81,23,24,73,-127,106,-71,-113,-91,-35,80,-47,-95,98,-127
3777,2,-48,-8,-8,-8,-8,-8,-121,-121,-116,42,-53,-11,81,71,55,29,-16,-15,-77,18,-67,-32,87,43,17,-75,85,-112,6,-30,116,33,-114,-75,-29,-25,121,-46,78,20,-126,-53,-27,87,48,120,-34,-49,-13,99,120,-4,-69,5,-115,20,-76,107,-20,95,124,80,-51,-123
3778,2,-48,-8,-8,-8,-8,-8,-121,-121,-116,42,-53,-11,81,71,55,29,-16,-15,-77,18,-67,-32,87,43,17,-75,85,-112,6,-30,116,33,-114,-75,-29,-25,121,-46,78,20,-126,-53,-27,87,48,120,-34,-49,-13,99,120,-4,-69,5,-115,20,-76,107,-20,95,124,80,-51,-123
3779,2,-48,-8,-8,-8,-8,-8,-121,-121,-116,42,-53,-11,81,71,55,29,-16,-15,-77,18,-67,-32,87,43,17,-75,85,-112,6,-30,116,33,-114,-75,-29,-25,121,-46,78,20,-126,-53,-27,87,48,120,-34,-49,-13,99,120,-4,-69,5,-115,20,-76,107,-20,95,124,80,-51,-123
3780,2,12,12,-112,-112,-112,-112,-112,92,49,-116,42,-53,-11,81,71,55,29,-16,-15,-77,18,-67,-32,87,43,17,-75,85,-112,6,-30,116,-45,92,-3,3,34,-40,-88,42,32,108,-104,19,-16,77,86,-72,-98,38,43,118,-98,-69,94,90,-108,60,-112,-101,50,-93,75,15
3781,2,12,12,-112,-112,-112,-112,-112,92,49,-116,42,-53,-11,81,71,55,29,-16,-15,-77,18,-67,-32,87,43,17,-75,85,-112,6,-30,116,-45,92,-3,3,34,-40,-88,42,32,108,-104,19,-16,77,86,-72,-98,38,43,118,-98,-69,94,90,-108,60,-112,-101,50,-93,75,15
3782,2,12,12,-112,-112,-112,-112,-112,92,49,-116,42,-53,-11,81,71,55,29,-16,-15,-77,18,-67,-32,87,43,17,-75,85,-112,6,-30,116,-45,92,-3,3,34,-40,-88,42,32,108,-104,19,-16,77,86,-72,-98,38,43,118,-98,-69,94,90,-108,60,-112,-101,50,-93,75,15
3783,2,-9,-9,-9,-93,-93,-93,-93,-93,-94,49,-116,42,-53,-11,81,71,55,29,-16,-15,-77,18,-67,-32,87,43,17,-75,85,-112,6,-30,-89,-71,95,-21,84,-59,11,-48,106,125,108,86,104,99,10,107,-105,52,-37,-124,-117,33,-101,23,-101,-1,-65,-50,117,81,-92,-14
3784,2,-9,-9,-9,-93,-93,-93,-93,-93,-94,49,-116,42,-53,-11,81,71,55,29,-16,-15,-77,18,-67,-32,87,43,17,-75,85,-112,6,-30,-89,-71,95,-21,84,-59,11,-48,106,125,108,86,104,99,10,107,-105,52,-37,-124,-117,33,-101,23,-101,-1,-65,-50,117,81,-92,-14
3785,2,-9,-9,-9,-93,-93,-93,-93,-93,-94,49,-116,42,-53,-11,81,71,55,29,-16,-15,-77,18,-67,-32,87,43,17,-75,85,-112,6,-30,-89,-71,95,-21,84,-59,11,-48,106,125,108,86,104,99,10,107,-105,52,-37,-124,-117,33,-101,23,-101,-1,-65,-50,117,81,-92,-14
3786,2,26,26,26,26,78,78,78,78,12,-94,49,-116,42,-53,-11,81,71,55,29,-16,-15,-77,18,-67,-32,87,43,17,-75,85,-112,6,44,6,-6,-53,-80,47,17,-15,-5,31,98,36,101,126,-37,100,-31,-19,-73,-54,-94,0,103,107,-111,113,76,56,-97,-114,-10,-101
3787,2,26,26,26,26,78,78,78,78,12,-94,49,-116,42,-53,-11,81,71,55,29,-16,-15,-77,18,-67,-32,87,43,17,-75,85,-112,6,44,6,-6,-53,-80,47,17,-15,-5,31,98,36,101,126,-37,100,-31,-19,-73,-54,-94,0,103,107,-111,113,76,56,-97,-114,-10,-101
3788,2,26,26,26,26,78,78,78,78,12,-94,49,-116,42,-53,-11,81,71,55,29,-16,-15,-77,18,-67,-32,87,43,17,-75,85,-112,6,44,6,-6,-53,-80,47,17,-15,-5,31,98,36,101,126,-37,100,-31,-19,-73,-54,-94,0,103,107,-111,113,76,56,-97,-114,-10,-101
3789,2,-122,-122,-122,-122,-122,104,104,104,-11,12,-94,49,-116,42,-53,-11,81,71,55,29,-16,-15,-77,18,-67,-32,87,43,17,-75,85,-112,43,-36,-82,100,-125,42,23,100,20,43,-87,-63,91,59,103,52,127,-118,59,76,-89,-34,-51,-66,67,53,4,62,-22,-46,-107,-117
3790,2,-122,-122,-122,-122,-122,104,104,104,-11,12,-94,49,-116,42,-53,-11,81,71,55,29,-16,-15,-77,18,-67,-32,87,43,17,-75,85,-112,43,-36,-82,100,-125,42,23,100,20,43,-87,-63,91,59,103,52,127,-118,59,76,-89,-34,-51,-66,67,53,4,62,-22,-46,-107,-117
3791,2,-122,-122,-122,-122,-122,104,104,104,-11,12,-94,49,-116,42,-53,-11,81,71,55,29,-16,-15,-77,18,-67,-32,87,43,17,-75,85,-112,43,-36,-82,100,-125,42,23,100,20,43,-87,-63,91,59,103,52,127,-118,59,76,-89,-34,-51,-66,67,53,4,62,-22,-46,-107,-117
3792,2,1,62,62,62,62,62,-69,-69,-127,-11,12,-94,49,-116,42,-53,-11,81,71,55,29,-16,-15,-77,18,-67,-32,87,43,17,-75,85,-3,46,-124,-17,-113,-28,-68,47,-28,23,-70,-43,-53,51,57,71,-112,13,-8,-22,-3,118,-68,8,-34,-106,116,50,-29,-67,65,38
3793,2,1,62,62,62,62,62,-69,-69,-127,-11,12,-94,49,-116,42,-53,-11,81,71,55,29,-16,-15,-77,18,-67,-32,87,43,17,-75,85,-3,46,-124,-17,-113,-28,-68,47,-28,23,-70,-43,-53,51,57,71,-112,13,-8,-22,-3,118,-68,8,-34,-106,116,50,-29,-67,65,38
3794,2,1,62,62,62,62,62,-69,-69,-127,-11,12,-94,49,-116,42,-53,-11,81,71,55,29,-16,-15,-77,18,-67,-32,87,43,17,-75,85,-3,46,-124,-17,-113,-28,-68,47,-28,23,-70,-43,-53,51,57,71,-112,13,-8,-22,-3,118,-68,8,-34,-106,116,50,-29,-67,65,38
3795,2,-110,-110,-52,-52,-52,-52,-52,88,31,-127,-11,12,-94,49,-116,42,-53,-11,81,71,55,29,-16,-15,-77,18,-67,-32,87,43,17,-75,-114,-112,-69,-105,-42,122,40,85,-61,111,-5,-99,33,110,-25,8,83,-126,-107,59,-2,24,-115,-19,19,39,50,-82,-112,104,109,46
3796,2,-110,-110,-52,-52,-52,-52,-52,88,31,-127,-11,12,-94,49,-116,42,-53,-11,81,71,55,29,-16,-15,-77,18,-67,-32,87,43,17,-75,-114,-112,-69,-105,-42,122,40,85,-61,111,-5,-99,33,110,-25,8,83,-126,-107,59,-2,24,-115,-19,19,39,50,-82,-112,104,109,46
3797,2,-110,-110,-52,-52,-52,-52,-52,88,31,-127,-11,12,-94,49,-116,42,-53,-11,81,71,55,29,-16,-15,-77,18,-67,-32,87,43,17,-75,-114,-112,-69,-105,-42,122,40,85,-61,111,-5,-99,33,110,-25,8,83,-126,-107,59,-2,24,-115,-19,19,39,50,-82,-112,104,109,46
3798,2,78,78,78,-51,-51,-51,-51,-51,-107,31,-127,-11,12,-94,49,-116,42,-53,-11,81,71,55,29,-16,-15,-77,18,-67,-32,87,43,17,6,44,16,-17,-15,12,91,127,-27,63,-39,10,-125,-113,-5,27,87,8,105,-12,101,54,49,-5,122,66,-71,99,22,-63,103,-102
3799,2,78,78,78,-51,-51,-51,-51,-51,-107,31,-127,-11,12,-94,49,-116,42,-53,-11,81,71,55,29,-16,-15,-77,18,-67,-32,87,43,17,6,44,16,-17,-15,12,91,127,-27,63,-39,10,-125,-113,-5,27,87,8,105,-12,101,54,49,-5,122,66,-71,99,22,-63,103,-102
3800,2,78,78,78,-51,-51,-51,-51,-51,-107,31,-127,-11,12,-94,49,-116,42,-53,-11,81,71,55,29,-16,-15,-77,18,-67,-32,87,43,17,6,44,16,-17,-15,12,91,127,-27,63,-39,10,-125,-113,-5,27,87,8,105,-12,101,54,49,-5,122,66,-71,99,22,-63,103,-102
3801,2,30,30,30,30,26,26,26,26,-48,-107,31,-127,-11,12,-94,49,-116,42,-53,-11,81,71,55,29,-16,-15,-77,18,-67,-32,87,43,111,50,-19,47,16,58,-65,-58,-123,-88,68,79,-25,-31,7,119,31,97,-82,-97,-87,-85,-118,-66,96,-83,-59,-3,16,-61,-86,78
3802,2,30,30,30,30,26,26,26,26,-48,-107,31,-127,-11,12,-94,49,-116,42,-53,-11,81,71,55,29,-16,-15,-77,18,-67,-32,87,43,111,50,-19,47,16,58,-65,-58,-123,-88,68,79,-25,-31,7,119,31,97,-82,-97,-87,-85,-118,-66,96,-83,-59,-3,16,-61,-86,78
3803,2,30,30,30,30,26,26,26,26,-48,-107,31,-127,-11,12,-94,49,-116,42,-53,-11,81,71,55,29,-16,-15,-77,18,-67,-32,87,43,111,50,-19,47,16,58,-65,-58,-123,-88,68,79,-25,-31,7,119,31,97,-82,-97,-87,-85,-118,-66,96,-83,-59,-3,16,-61,-86,78
3804,2,84,84,84,84,84,-102,-102,-102,12,-48,-107,31,-127,-11,12,-94,49,-116,42,-53,-11,81,71,55,29,-16,-15,-77,18,-67,-32,87,-52,-88,86,-58,-24,-64,-92,-111,1,-60,108,-110,-101,57,117,-30,20,-50,116,47,46,125,106,55,-70,60,47,-76,25,-31,99,-63
3805,2,84,84,84,84,84,-102,-102,-102,12,-48,-107,31,-127,-11,12,-94,49,-116,42,-53,-11,81,71,55,29,-16,-15,-77,18,-67,-32,87,-52,-88,86,-58,-24,-64,-92,-111,1,-60,108,-110,-101,57,117,-30,20,-50,116,47,46,125,106,55,-70,60,47,-76,25,-31,99,-63
3806,2,84,84,84,84,84,-102,-102,-102,12,-48,-107,31,-127,-11,12,-94,49,-116,42,-53,-11,81,71,55,29,-16,-15,-77,18,-67,-32,87,-52,-88,86,-58,-24,-64,-92,-111,1,-60,108,-110,-101,57,117,-30,20,-50,116,47,46,125,106,55,-70,60,47,-76,25,-31,99,-63
3807,2,-10,-27,-27,-27,-27,-27,-116,-116,-9,12,-48,-107,31,-127,-11,12,-94,49,-116,42,-53,-11,81,71,55,29,-16,-15,-77,18,-67,-32,-6,-112,-114,-106,-68,-102,-62,29,8,40,-51,80,-65,87,105,-60,117,-103,54,-70,53,108,19,-126,39,-90,6,-1,111,-73,-71,127
3808,2,-10,-27,-27,-27,-27,-27,-116,-116,-9,12,-48,-107,31,-127,-11,12,-94,49,-116,42,-53,-11,81,71,55,29,-16,-15,-77,18,-67,-32,-6,-112,-114,-106,-68,-102,-62,29,8,40,-51,80,-65,87,105,-60,117,-103,54,-70,53,108,19,-126,39,-90,6,-1,111,-73,-71,127
3809,2,-10,-27,-27,-27,-27,-27,-116,-116,-9,12,-48,-107,31,-127,-11,12,-94,49,-116,42,-53,-11,81,71,55,29,-16,-15,-77,18,-67,-32,-6,-112,-114,-106,-68,-102,-62,29,8,40,-51,80,-65,87,105,-60,117,-103,54,-70,53,108,19,-126,39,-90,6,-1,111,-73,-71,127
3810,2,-50,-50,1,1,1,1,1,-117,26,-9,12,-48,-107,31,-127,-11,12,-94,49,-116,42,-53,-11,81,71,55,29,-16,-15,-77,18,-67,-125,92,-113,109,-22,-37,-106,47,-25,-43,-50,57,-110,-80,66,-32,43,2,-42,123,-108,-50,-104,-114,-29,-111,22,-98,113,32,-105,31
3811,2,-50,-50,1,1,1,1,1,-117,26,-9,12,-48,-107,31,-127,-11,12,-94,49,-116,42,-53,-11,81,71,55,29,-16,-15,-77,18,-67,-125,92,-113,109,-22,-37,-106,47,-25,-43,-50,57,-110,-80,66,-32,43,2,-42,123,-108,-50,-104,-114,-29,-111,22,-98,113,32,-105,31
3812,2,-50,-50,1,1,1,1,1,-117,26,-9,12,-48,-107,31,-127,-11,12,-94,49,-116,42,-53,-11,81,71,55,29,-16,-15,-77,18,-67,-125,92,-113,109,-22,-37,-106,47,-25,-43,-50,57,-110,-80,66,-32,43,2,-42,123,-108,-50,-104,-114,-29,-111,22,-98,113,32,-105,31
3813,2,0,0,0,-124,-124,-124,-124,-124,-122,26,-9,12,-48,-107,31,-127,-11,12,-94,49,-116,42,-53,-11,81,71,55,29,-16,-15,-77,18,94,-75,107,-16,-59,17,-15,124,-83,72,-61,-82,1,-59,96,19,97,93,-121,-29,112,123,23,4,120,-6,76,62,-55,8,-69,121
3814,2,0,0,0,-124,-124,-124,-124,-124,-122,26,-9,12,-48,-107,31,-127,-11,12,-94,49,-116,42,-53,-11,81,71,55,29,-16,-15,-77,18,94,-75,107,-16,-59,17,-15,124,-83,72,-61,-82,1,-59,96,19,97,93,-121,-29,112,123,23,4,120,-6,76,62,-55,8,-69,121
3815,2,0,0,0,-124,-124,-124,-124,-124,-122,26,-9,12,-48,-107,31,-127,-11,12,-94,49,-116,42,-53,-11,81,71,55,29,-16,-15,-77,18,94,-75,107,-16,-59,17,-15,124,-83,72,-61,-82,1,-59,96,19,97,93,-121,-29,112,123,23,4,120,-6,76,62,-55,8,-69,121
3816,2,83,83,83,83,-58,-58,-58,-58,1,-122,26,-9,12,-48,-107,31,-127,-11,12,-94,49,-116,42,-53,-11,81,71,55,29,-16,-15,-77,7,91,122,-39,46,85,63,-40,-90,-125,25,122,-35,97,89,-43,79,49,19,61,-116,48,105,100,85,-103,86,-18,112,119,16,-1
3817,2,83,83,83,83,-58,-58,-58,-58,1,-122,26,-9,12,-48,-107,31,-127,-11,12,-94,49,-116,42,-53,-11,81,71,55,29,-16,-15,-77,7,91,122,-39,46,85,63,-40,-90,-125,25,122,-35,97,89,-43,79,49,19,61,-116,48,105,100,85,-103,86,-18,112,119,16,-1
3818,2,83,83,83,83,-58,-58,-58,-58,1,-122,26,-9,12,-48,-107,31,-127,-11,12,-94,49,-116,42,-53,-11,81,71,55,29,-16,-15,-77,7,91,122,-39,46,85,63,-40,-90,-125,25,122,-35,97,89,-43,79,49,19,61,-116,48,105,100,85,-103,86,-18,112,119,16,-1
3819,2,94,94,94,94,94,81,81,81,-110,1,-122,26,-9,12,-48,-107,31,-127,-11,12,-94,49,-116,42,-53,-11,81,71,55,29,-16,-15,-76,29,84,50,6,-97,19,11,-85,-45,-20,17,-90,16,-23,15,30,-14,122,54,115,-119,97,63,-10,48,-43,-120,119,-118,113,126
3820,2,94,94,94,94,94,81,81,81,-110,1,-122,26,-9,12,-48,-107,31,-127,-11,12,-94,49,-116,42,-53,-11,81,71,55,29,-16,-15,-76,29,84,50,6,-97,19,11,-85,-45,-20,17,-90,16,-23,15,30,-14,122,54,115,-119,97,63,-10,48,-43,-120,119,-118,113,126
3821,2,94,94,94,94,94,81,81,81,-110,1,-122,26,-9,12,-48,-107,31,-127,-11,12,-94,49,-116,42,-53,-11,81,71,55,29,-16,-15,-76,29,84,50,6,-97,19,11,-85,-45,-20,17,-90,16,-23,15,30,-14,122,54,115,-119,97,63,-10,48,-43,-120,119,-118,113,126
3822,2,15,119,119,119,119,119,-50,-50,78,-110,1,-122,26,-9,12,-48,-107,31,-127,-11,12,-94,49,-116,42,-53,-11,81,71,55,29,-16,24,-94,-17,105,-85,62,27,59,-32,59,112,-62,31,102,57,-43,50,0,-40,-54,-41,-90,48,-63,-44,48,-127,-41,86,-56,79,-37
3823,2,15,119,119,119,119,119,-50,-50,78,-110,1,-122,26,-9,12,-48,-107,31,-127,-11,12,-94,49,-116,42,-53,-11,81,71,55,29,-16,24,-94,-17,105,-85,62,27,59,-32,59,112,-62,31,102,57,-43,50,0,-40,-54,-41,-90,48,-63,-44,48,-127,-41,86,-56,79,-37
3824,2,15,119,119,119,119,119,-50,-50,78,-110,1,-122,26,-9,12,-48,-107,31,-127,-11,12,-94,49,-116,42,-53,-11,81,71,55,29,-16,24,-94,-17,105,-85,62,27,59,-32,59,112,-62,31,102,57,-43,50,0,-40,-54,-41,-90,48,-63,-44,48,-127,-41,86,-56,79,-37
3825,2,-11,-11,11,11,11,11,11,44,30,78,-110,1,-122,26,-9,12,-48,-107,31,-127,-11,12,-94,49,-116,42,-53,-11,81,71,55,29,22,90,-47,72,55,-67,115,95,79,104,91,86,77,22,127,-74,-82,-59,-55,-126,-44,62,-41,-6,-26,-58,88,50,70,-123,20,-75
3826,2,-11,-11,11,11,11,11,11,44,30,78,-110,1,-122,26,-9,12,-48,-107,31,-127,-11,12,-94,49,-116,42,-53,-11,81,71,55,29,22,90,-47,72,55,-67,115,95,79,104,91,86,77,22,127,-74,-82,-59,-55,-126,-44,62,-41,-6,-26,-58,88,50,70,-123,20,-75
3827,2,-11,-11,11,11,11,11,11,44,30,78,-110,1,-122,26,-9,12,-48,-107,31,-127,-11,12,-94,49,-116,42,-53,-11,81,71,55,29,22,90,-47,72,55,-67,115,95,79,104,91,86,77,22,127,-74,-82,-59,-55,-126,-44,62,-41,-6,-26,-58,88,50,70,-123,20,-75
3828,2,102,102,102,-18,-18,-18,-18,-18,84,30,78,-110,1,-122,26,-9,12,-48,-107,31,-127,-11,12,-94,49,-116,42,-53,-11,81,71,55,27,-68,-64,44,-97,-4,53,-126,-40,107,18,115,-79,-64,-40,63,-55,122,-72,35,121,-8,-56,-44,104,61,70,-120,-90,127,49,1
3829,2,102,102,102,-18,-18,-18,-18,-18,84,30,78,-110,1,-122,26,-9,12,-48,-107,31,-127,-11,12,-94,49,-116,42,-53,-11,81,71,55,27,-68,-64,44,-97,-4,53,-126,-40,107,18,115,-79,-64,-40,63,-55,122,-72,35,121,-8,-56,-44,104,61,70,-120,-90,127,49,1
3830,2,102,102,102,-18,-18,-18,-18,-18,84,30,78,-110,1,-122,26,-9,12,-48,-107,31,-127,-11,12,-94,49,-116,42,-53,-11,81,71,55,27,-68,-64,44,-97,-4,53,-126,-40,107,18,115,-79,-64,-40,63,-55,122,-72,35,121,-8,-56,-44,104,61,70,-120,-90,127,49,1
3831,2,-93,-93,-93,-93,79,79,79,79,-10,84,30,78,-110,1,-122,26,-9,12,-48,-107,31,-127,-11,12,-94,49,-116,42,-53,-11,81,71,118,102,28,-61,-50,45,71,127,-102,-36,-51,105,-52,-64,-28,-83,33,27,-88,51,-103,-77,-96,65,3,10,76,105,-9,85,95,80
3832,2,-93,-93,-93,-93,79,79,79,79,-10,84,30,78,-110,1,-122,26,-9,12,-48,-107,31,-127,-11,12,-94,49,-116,42,-53,-11,81,71,118,102,28,-61,-50,45,71,127,-102,-36,-51,105,-52,-64,-28,-83,33,27,-88,51,-103,-77,-96,65,3,10,76,105,-9,85,95,80
3833,2,-93,-93,-93,-93,79,79,79,79,-10,84,30,78,-110,1,-122,26,-9,12,-48,-107,31,-127,-11,12,-94,49,-116,42,-53,-11,81,71,118,102,28,-61,-50,45,71,127,-102,-36,-51,105,-52,-64,-28,-83,33,27,-88,51,-103,-77,-96,65,3,10,76,105,-9,85,95,80
3834,2,123,123,123,123,123,4,4,4,-50,-10,84,30,78,-110,1,-122,26,-9,12,-48,-107,31,-127,-11,12,-94,49,-116,42,-53,-11,81,93,-19,-54,118,87,-7,106,-93,-51,3,-7,49,100,-113,5,-85,-3,19,-56,-45,-18,-88,-37,123,-105,-3,81,70,99,51,-21,63
3835,2,123,123,123,123,123,4,4,4,-50,-10,84,30,78,-110,1,-122,26,-9,12,-48,-107,31,-127,-11,12,-94,49,-116,42,-53,-11,81,93,-19,-54,118,87,-7,106,-93,-51,3,-7,49,100,-113,5,-85,-3,19,-56,-45,-18,-88,-37,123,-105,-3,81,70,99,51,-21,63
3836,2,123,123,123,123,123,4,4,4,-50,-10,84,30,78,-110,1,-122,26,-9,12,-48,-107,31,-127,-11,12,-94,49,-116,42,-53,-11,81,93,-19,-54,118,87,-7,106,-93,-51,3,-7,49,100,-113,5,-85,-3,19,-56,-45,-18,-88,-37,123,-105,-3,81,70,99,51,-21,63
3837,2,98,34,34,34,34,34,-76,-76,0,-50,-10,84,30,78,-110,1,-122,26,-9,12,-48,-107,31,-127,-11,12,-94,49,-116,42,-53,-11,29,-107,114,89,88,0,-112,86,47,85,115,-98,-5,-114,27,13,-73,-123,78,91,71,70,91,-19,91,8,-20,76,-87,43,-55,25
3838,2,98,34,34,34,34,34,-76,-76,0,-50,-10,84,30,78,-110,1,-122,26,-9,12,-48,-107,31,-127,-11,12,-94,49,-116,42,-53,-11,29,-107,114,89,88,0,-112,86,47,85,115,-98,-5,-114,27,13,-73,-123,78,91,71,70,91,-19,91,8,-20,76,-87,43,-55,25
3839,2,98,34,34,34,34,34,-76,-76,0,-50,-10,84,30,78,-110,1,-122,26,-9,12,-48,-107,31,-127,-11,12,-94,49,-116,42,-53,-11,29,-107,114,89,88,0,-112,86,47,85,115,-98,-5,-114,27,13,-73,-123,78,91,71,70,91,-19,91,8,-20,76,-87,43,-55,25
3840,2,-118,-118,63,63,63,63,63,-124,83,0,-50,-10,84,30,78,-110,1,-122,26,-9,12,-48,-107,31,-127,-11,12,-94,49,-116,42,-53,65,42,87,61,-43,68,71,-39,-62,10,-114,76,126,-59,-42,-55,71,78,38,124,79,-68,-126,-119,-97,93,21,29,-32,-25,-63,-94
3841,2,-118,-118,63,63,63,63,63,-124,83,0,-50,-10,84,30,78,-110,1,-122,26,-9,12,-48,-107,31,-127,-11,12,-94,49,-116,42,-53,65,42,87,61,-43,68,71,-39,-62,10,-114,76,126,-59,-42,-55,71,78,38,124,79,-68,-126,-119,-97,93,21,29,-32,-25,-63,-94
3842,2,-118,-118,63,63,63,63,63,-124,83,0,-50,-10,84,30,78,-110,1,-122,26,-9,12,-48,-107,31,-127,-11,12,-94,49,-116,42,-53,65,42,87,61,-43,68,71,-39,-62,10,-114,76,126,-59,-42,-55,71,78,38,124,79,-68,-126,-119,-97,93,21,29,-32,-25,-63,-94
3843,2,-67,-67,-67,41,41,41,41,41,94,83,0,-50,-10,84,30,78,-110,1,-122,26,-9,12,-48,-107,31,-127,-11,12,-94,49,-116,42,42,8,112,-25,-34,126,-69,75,0,-13,115,-45,-29,-94,59,-88,103,115,-25,-55,-79,-12,93,92,53,58,46,105,-92,100,-100,49
3844,2,-67,-67,-67,41,41,41,41,41,94,83,0,-50,-10,84,30,78,-110,1,-122,26,-9,12,-48,-107,31,-127,-11,12,-94,49,-116,42,42,8,112,-25,-34,126,-69,75,0,-13,115,-45,-29,-94,59,-88,103,115,-25,-55,-79,-12,93,92,53,58,46,105,-92,100,-100,49
3845,2,-67,-67,-67,41,41,41,41,41,94,83,0,-50,-10,84,30,78,-110,1,-122,26,-9,12,-48,-107,31,-127,-11,12,-94,49,-116,42,42,8,112,-25,-34,126,-69,75,0,-13,115,-45,-29,-94,59,-88,103,115,-25,-55,-79,-12,93,92,53,58,46,105,-92,100,-100,49
3846,2,-107,-107,-107,-107,109,109,109,109,15,94,83,0,-50,-10,84,30,78,-110,1,-122,26,-9,12,-48,-107,31,-127,-11,12,-94,49,-116,7,-34,60,-63,-73,8,117,38,-7,-56,78,-73,42,-12,-67,-23,-88,20,-120,-6,2,-56,31,109,-72,75,92,67,-12,2,-127,22
3847,2,-107,-107,-107,-107,109,109,109,109,15,94,83,0,-50,-10,84,30,78,-110,1,-122,26,-9,12,-48,-107,31,-127,-11,12,-94,49,-116,7,-34,60,-63,-73,8,117,38,-7,-56,78,-73,42,-12,-67,-23,-88,20,-120,-6,2,-56,31,109,-72,75,92,67,-12,2,-127,22
3848,2,-107,-107,-107,-107,109,109,109,109,15,94,83,0,-50,-10,84,30,78,-110,1,-122,26,-9,12,-48,-107,31,-127,-11,12,-94,49,-116,7,-34,60,-63,-73,8,117,38,-7,-56,78,-73,42,-12,-67,-23,-88,20,-120,-6,2,-56,31,109,-72,75,92,67,-12,2,-127,22
3849,2,41,41,41,41,41,30,30,30,-11,15,94,83,0,-50,-10,84,30,78,-110,1,-122,26,-9,12,-48,-107,31,-127,-11,12,-94,49,107,-49,-106,-120,48,31,-109,64,-20,-78,-32,-8,-48,84,-69,71,-96,-84,125,69,50,115,126,110,-40,127,69,45,-19,-24,-30,-101
3850,2,41,41,41,41,41,30,30,30,-11,15,94,83,0,-50,-10,84,30,78,-110,1,-122,26,-9,12,-48,-107,31,-127,-11,12,-94,49,107,-49,-106,-120,48,31,-109,64,-20,-78,-32,-8,-48,84,-69,71,-96,-84,125,69,50,115,126,110,-40,127,69,45,-19,-24,-30,-101
3851,2,41,41,41,41,41,30,30,30,-11,15,94,83,0,-50,-10,84,30,78,-110,1,-122,26,-9,12,-48,-107,31,-127,-11,12,-94,49,107,-49,-106,-120,48,31,-109,64,-20,-78,-32,-8,-48,84,-69,71,-96,-84,125,69,50,115,126,110,-40,127,69,45,-19,-24,-30,-101
3852,2,-35,97,97,97,97,97,7,7,102,-11,15,94,83,0,-50,-10,84,30,78,-110,1,-122,26,-9,12,-48,-107,31,-127,-11,12,-94,92,60,72,-49,-36,87,3,27,-110,-2,116,-43,118,100,-89,-20,-127,111,-101,118,74,-118,81,98,-104,-81,-23,-63,109,-116,89,88
3853,2,-35,97,97,97,97,97,7,7,102,-11,15,94,83,0,-50,-10,84,30,78,-110,1,-122,26,-9,12,-48,-107,31,-127,-11,12,-94,92,60,72,-49,-36,87,3,27,-110,-2,116,-43,118,100,-89,-20,-127,111,-101,118,74,-118,81,98,-104,-81,-23,-63,109,-116,89,88
3854,2,-35,97,97,97,97,97,7,7,102,-11,15,94,83,0,-50,-10,84,30,78,-110,1,-122,26,-9,12,-48,-107,31,-127,-11,12,-94,92,60,72,-49,-36,87,3,27,-110,-2,116,-43,118,100,-89,-20,-127,111,-101,118,74,-118,81,98,-104,-81,-23,-63,109,-116,89,88
3855,2,11,11,27,27,27,27,27,-113,-93,102,-11,15,94,83,0,-50,-10,84,30,78,-110,1,-122,26,-9,12,-48,-107,31,-127,-11,12,82,60,-67,-61,2,89,-68,12,-28,44,-123,-111,51,-82,11,-78,11,82,-84,38,22,-59,-35,27,-61,59,90,97,-123,79,-46,94
3856,2,11,11,27,27,27,27,27,-113,-93,102,-11,15,94,83,0,-50,-10,84,30,78,-110,1,-122,26,-9,12,-48,-107,31,-127,-11,12,82,60,-67,-61,2,89,-68,12,-28,44,-123,-111,51,-82,11,-78,11,82,-84,38,22,-59,-35,27,-61,59,90,97,-123,79,-46,94
3857,2,11,11,27,27,27,27,27,-113,-93,102,-11,15,94,83,0,-50,-10,84,30,78,-110,1,-122,26,-9,12,-48,-107,31,-127,-11,12,82,60,-67,-61,2,89,-68,12,-28,44,-123,-111,51,-82,11,-78,11,82,-84,38,22,-59,-35,27,-61,59,90,97,-123,79,-46,94
3858,2,-1,-1,-1,-98,-98,-98,-98,-98,123,-93,102,-11,15,94,83,0,-50,-10,84,30,78,-110,1,-122,26,-9,12,-48,-107,31,-127,-11,-115,-119,-6,-107,-25,96,112,37,-70,34,123,7,-23,-48,60,-108,-88,4,2,-107,69,57,29,63,-76,-7,98,113,126,61,80,-126
3859,2,-1,-1,-1,-98,-98,-98,-98,-98,123,-93,102,-11,15,94,83,0,-50,-10,84,30,78,-110,1,-122,26,-9,12,-48,-107,31,-127,-11,-115,-119,-6,-107,-25,96,112,37,-70,34,123,7,-23,-48,60,-108,-88,4,2,-107,69,57,29,63,-76,-7,98,113,126,61,80,-126
3860,2,-1,-1,-1,-98,-98,-98,-98,-98,123,-93,102,-11,15,94,83,0,-50,-10,84,30,78,-110,1,-122,26,-9,12,-48,-107,31,-127,-11,-115,-119,-6,-107,-25,96,112,37,-70,34,123,7,-23,-48,60,-108,-88,4,2,-107,69,57,29,63,-76,-7,98,113,126,61,80,-126
3861,2,27,27,27,27,-46,-46,-46,-46,98,123,-93,102,-11,15,94,83,0,-50,-10,84,30,78,-110,1,-122,26,-9,12,-48,-107,31,-127,23,62,80,-126,-40,-27,-43,98,-67,-31,-15,67,-117,-93,46,86,-34,-124,95,104,68,-15,23,-43,-123,-78,6,29,44,-112,79,-31
3862,2,27,27,27,27,-46,-46,-46,-46,98,123,-93,102,-11,15,94,83,0,-50,-10,84,30,78,-110,1,-122,26,-9,12,-48,-107,31,-127,23,62,80,-126,-40,-27,-43,98,-67,-31,-15,67,-117,-93,46,86,-34,-124,95,104,68,-15,23,-43,-123,-78,6,29,44,-112,79,-31
3863,2,27,27,27,27,-46,-46,-46,-46,98,123,-93,102,-11,15,94,83,0,-50,-10,84,30,78,-110,1,-122,26,-9,12,-48,-107,31,-127,23,62,80,-126,-40,-27,-43,98,-67,-31,-15,67,-117,-93,46,86,-34,-124,95,104,68,-15,23,-43,-123,-78,6,29,44,-112,79,-31
3864,2,-124,-124,-124,-124,-124,61,61,61,-118,98,123,-93,102,-11,15,94,83,0,-50,-10,84,30,78,-110,1,-122,26,-9,12,-48,-107,31,73,-34,78,-121,82,19,-55,12,51,-64,-24,-80,-46,-114,-74,38,9,-122,54,44,-82,-46,-15,-32,56,83,-101,-51,30,65,-60,-50
3865,2,-124,-124,-124,-124,-124,61,61,61,-118,98,123,-93,102,-11,15,94,83,0,-50,-10,84,30,78,-110,1,-122,26,-9,12,-48,-107,31,73,-34,78,-121,82,19,-55,12,51,-64,-24,-80,-46,-114,-74,38,9,-122,54,44,-82,-46,-15,-32,56,83,-101,-51,30,65,-60,-50
3866,2,-124,-124,-124,-124,-124,61,61,61,-118,98,123,-93,102,-11,15,94,83,0,-50,-10,84,30,78,-110,1,-122,26,-9,12,-48,-107,31,73,-34,78,-121,82,19,-55,12,51,-64,-24,-80,-46,-114,-74,38,9,-122,54,44,-82,-46,-15,-32,56,83,-101,-51,30,65,-60,-50
3867,2,83,-4,-4,-4,-4,-4,79,79,-67,-118,98,123,-93,102,-11,15,94,83,0,-50,-10,84,30,78,-110,1,-122,26,-9,12,-48,-107,22,53,99,-57,-46,-60,74,93,-97,-18,43,-24,102,47,-120,81,42,92,-56,96,5,-20,-44,-101,71,22,-1,-49,-12,-102,-119,67
3868,2,83,-4,-4,-4,-4,-4,79,79,-67,-118,98,123,-93,102,-11,15,94,83,0,-50,-10,84,30,78,-110,1,-122,26,-9,12,-48,-107,22,53,99,-57,-46,-60,74,93,-97,-18,43,-24,102,47,-120,81,42,92,-56,96,5,-20,-44,-101,71,22,-1,-49,-12,-102,-119,67
3869,2,83,-4,-4,-4,-4,-4,79,79,-67,-118,98,123,-93,102,-11,15,94,83,0,-50,-10,84,30,78,-110,1,-122,26,-9,12,-48,-107,22,53,99,-57,-46,-60,74,93,-97,-18,43,-24,102,47,-120,81,42,92,-56,96,5,-20,-44,-101,71,22,-1,-49,-12,-102,-119,67
3870,2,82,82,108,108,108,108,108,69,-107,-67,-118,98,123,-93,102,-11,15,94,83,0,-50,-10,84,30,78,-110,1,-122,26,-9,12,-48,116,41,-116,127,98,44,-31,121,-121,77,-91,123,-94,74,53,17,119,-107,58,-103,31,-72,-35,76,-55,18,-34,66,-95,90,-95,62
3871,2,82,82,108,108,108,108,108,69,-107,-67,-118,98,123,-93,102,-11,15,94,83,0,-50,-10,84,30,78,-110,1,-122,26,-9,12,-48,116,41,-116,127,98,44,-31,121,-121,77,-91,123,-94,74,53,17,119,-107,58,-103,31,-72,-35,76,-55,18,-34,66,-95,90,-95,62
3872,2,82,82,108,108,108,108,108,69,-107,-67,-118,98,123,-93,102,-11,15,94,83,0,-50,-10,84,30,78,-110,1,-122,26,-9,12,-48,116,41,-116,127,98,44,-31,121,-121,77,-91,123,-94,74,53,17,119,-107,58,-103,31,-72,-35,76,-55,18,-34,66,-95,90,-95,62
3873,2,-35,-35,-35,119,119,119,119,119,41,-107,-67,-118,98,123,-93,102,-11,15,94,83,0,-50,-10,84,30,78,-110,1,-122,26,-9,12,50,17,71,43,73,90,118,52,88,-70,-102,-91,66,78,-53,40,-94,-79,-27,70,53,-76,100,96,-39,124,84,109,36,44,-2,-28
3874,2,-35,-35,-35,119,119,119,119,119,41,-107,-67,-118,98,123,-93,102,-11,15,94,83,0,-50,-10,84,30,78,-110,1,-122,26,-9,12,50,17,71,43,73,90,118,52,88,-70,-102,-91,66,78,-53,40,-94,-79,-27,70,53,-76,100,96,-39,124,84,109,36,44,-2,-28
3875,2,-35,-35,-35,119,119,119,119,119,41,-107,-67,-118,98,123,-93,102,-11,15,94,83,0,-50,-10,84,30,78,-110,1,-122,26,-9,12,50,17,71,43,73,90,118,52,88,-70,-102,-91,66,78,-53,40,-94,-79,-27,70,53,-76,100,96,-39,124,84,109,36,44,-2,-28
3876,2,-2,-2,-2,-2,85,85,85,85,-35,41,-107,-67,-118,98,123,-93,102,-11,15,94,83,0,-50,-10,84,30,78,-110,1,-122,26,-9,88,-4,-76,-56,89,-111,82,-41,51,76,27,-75,16,-7,-64,75,-46,-74,-92,-50,102,-55,29,47,83,-42,-53,46,-113,37,18,-48
3877,2,-2,-2,-2,-2,85,85,85,85,-35,41,-107,-67,-118,98,123,-93,102,-11,15,94,83,0,-50,-10,84,30,78,-110,1,-122,26,-9,88,-4,-76,-56,89,-111,82,-41,51,76,27,-75,16,-7,-64,75,-46,-74,-92,-50,102,-55,29,47,83,-42,-53,46,-113,37,18,-48
3878,2,-2,-2,-2,-2,85,85,85,85,-35,41,-107,-67,-118,98,123,-93,102,-11,15,94,83,0,-50,-10,84,30,78,-110,1,-122,26,-9,88,-4,-76,-56,89,-111,82,-41,51,76,27,-75,16,-7,-64,75,-46,-74,-92,-50,102,-55,29,47,83,-42,-53,46,-113,37,18,-48
3879,2,43,43,43,43,43,20,20,20,11,-35,41,-107,-67,-118,98,123,-93,102,-11,15,94,83,0,-50,-10,84,30,78,-110,1,-122,26,1,115,83,73,-108,4,92,8,-25,75,-70,103,-116,-81,28,-106,37,120,48,82,-98,-98,-114,-113,-64,62,25,21,10,-121,99,-104
3880,2,43,43,43,43,43,20,20,20,11,-35,41,-107,-67,-118,98,123,-93,102,-11,15,94,83,0,-50,-10,84,30,78,-110,1,-122,26,1,115,83,73,-108,4,92,8,-25,75,-70,103,-116,-81,28,-106,37,120,48,82,-98,-98,-114,-113,-64,62,25,21,10,-121,99,-104
3881,2,43,43,43,43,43,20,20,20,11,-35,41,-107,-67,-118,98,123,-93,102,-11,15,94,83,0,-50,-10,84,30,78,-110,1,-122,26,1,115,83,73,-108,4,92,8,-25,75,-70,103,-116,-81,28,-106,37,120,48,82,-98,-98,-114,-113,-64,62,25,21,10,-121,99,-104
3882,2,121,29,29,29,29,29,-108,-108,-1,11,-35,41,-107,-67,-118,98,123,-93,102,-11,15,94,83,0,-50,-10,84,30,78,-110,1,-122,76,-84,12,-95,111,-81,-32,-81,-76,47,-121,80,33,96,-44,-8,64,-49,71,120,-87,28,-2,-61,-70,39,-37,-44,-122,18,35,-124
3883,2,121,29,29,29,29,29,-108,-108,-1,11,-35,41,-107,-67,-118,98,123,-93,102,-11,15,94,83,0,-50,-10,84,30,78,-110,1,-122,76,-84,12,-95,111,-81,-32,-81,-76,47,-121,80,33,96,-44,-8,64,-49,71,120,-87,28,-2,-61,-70,39,-37,-44,-122,18,35,-124
3884,2,121,29,29,29,29,29,-108,-108,-1,11,-35,41,-107,-67,-118,98,123,-93,102,-11,15,94,83,0,-50,-10,84,30,78,-110,1,-122,76,-84,12,-95,111,-81,-32,-81,-76,47,-121,80,33,96,-44,-8,64,-49,71,120,-87,28,-2,-61,-70,39,-37,-44,-122,18,35,-124
3885,2,-70,-70,-52,-52,-52,-52,-52,-54,27,-1,11,-35,41,-107,-67,-118,98,123,-93,102,-11,15,94,83,0,-50,-10,84,30,78,-110,1,-64,-56,-12,-25,15,-63,-117,110,37,-22,-2,22,61,-54,123,-42,-41,89,-115,-27,26,37,-86,-52,75,-2,46,120,113,-94,-35,67
3886,2,-70,-70,-52,-52,-52,-52,-52,-54,27,-1,11,-35,41,-107,-67,-118,98,123,-93,102,-11,15,94,83,0,-50,-10,84,30,78,-110,1,-64,-56,-12,-25,15,-63,-117,110,37,-22,-2,22,61,-54,123,-42,-41,89,-115,-27,26,37,-86,-52,75,-2,46,120,113,-94,-35,67
3887,2,-70,-70,-52,-52,-52,-52,-52,-54,27,-1,11,-35,41,-107,-67,-118,98,123,-93,102,-11,15,94,83,0,-50,-10,84,30,78,-110,1,-64,-56,-12,-25,15,-63,-117,110,37,-22,-2,22,61,-54,123,-42,-41,89,-115,-27,26,37,-86,-52,75,-2,46,120,113,-94,-35,67
3888,2,122,122,122,111,111,111,111,111,-124,27,-1,11,-35,41,-107,-67,-118,98,123,-93,102,-11,15,94,83,0,-50,-10,84,30,78,-110,-72,106,-13,37,-75,-108,-8,56,118,18,-90,0,-31,56,91,-127,81,39,35,95,-32,55,-30,-38,-121,93,93,-10,-56,-15,-123,21
3889,2,122,122,122,111,111,111,111,111,-124,27,-1,11,-35,41,-107,-67,-118,98,123,-93,102,-11,15,94,83,0,-50,-10,84,30,78,-110,-72,106,-13,37,-75,-108,-8,56,118,18,-90,0,-31,56,91,-127,81,39,35,95,-32,55,-30,-38,-121,93,93,-10,-56,-15,-123,21
3890,2,122,122,122,111,111,111,111,111,-124,27,-1,11,-35,41,-107,-67,-118,98,123,-93,102,-11,15,94,83,0,-50,-10,84,30,78,-110,-72,106,-13,37,-75,-108,-8,56,118,18,-90,0,-31,56,91,-127,81,39,35,95,-32,55,-30,-38,-121,93,93,-10,-56,-15,-123,21
3891,2,110,110,110,110,-73,-73,-73,-73,83,-124,27,-1,11,-35,41,-107,-67,-118,98,123,-93,102,-11,15,94,83,0,-50,-10,84,30,78,-99,-73,95,98,-111,-48,-86,78,-26,20,-69,-123,-23,36,8,5,-121,-79,82,98,-105,34,50,-72,93,-22,45,-115,-80,83,30,-73
3892,2,110,110,110,110,-73,-73,-73,-73,83,-124,27,-1,11,-35,41,-107,-67,-118,98,123,-93,102,-11,15,94,83,0,-50,-10,84,30,78,-99,-73,95,98,-111,-48,-86,78,-26,20,-69,-123,-23,36,8,5,-121,-79,82,98,-105,34,50,-72,93,-22,45,-115,-80,83,30,-73
3893,2,110,110,110,110,-73,-73,-73,-73,83,-124,27,-1,11,-35,41,-107,-67,-118,98,123,-93,102,-11,15,94,83,0,-50,-10,84,30,78,-99,-73,95,98,-111,-48,-86,78,-26,20,-69,-123,-23,36,8,5,-121,-79,82,98,-105,34,50,-72,93,-22,45,-115,-80,83,30,-73
3894,2,-109,-109,-109,-109,-109,50,50,50,82,83,-124,27,-1,11,-35,41,-107,-67,-118,98,123,-93,102,-11,15,94,83,0,-50,-10,84,30,89,-127,-59,94,0,-80,111,-41,85,80,42,-23,27,102,90,17,51,19,55,48,41,102,-47,24,-95,-14,72,90,-15,10,-51,-124
3895,2,-109,-109,-109,-109,-109,50,50,50,82,83,-124,27,-1,11,-35,41,-107,-67,-118,98,123,-93,102,-11,15,94,83,0,-50,-10,84,30,89,-127,-59,94,0,-80,111,-41,85,80,42,-23,27,102,90,17,51,19,55,48,41,102,-47,24,-95,-14,72,90,-15,10,-51,-124
3896,2,-109,-109,-109,-109,-109,50,50,50,82,83,-124,27,-1,11,-35,41,-107,-67,-118,98,123,-93,102,-11,15,94,83,0,-50,-10,84,30,89,-127,-59,94,0,-80,111,-41,85,80,42,-23,27,102,90,17,51,19,55,48,41,102,-47,24,-95,-14,72,90,-15,10,-51,-124
3897,2,31,44,44,44,44,44,-127,-127,-35,82,83,-124,27,-1,11,-35,41,-107,-67,-118,98,123,-93,102,-11,15,94,83,0,-50,-10,84,-65,111,-89,-92,20,50,-62,109,17,104,-31,35,116,35,-25,-43,-84,-99,-44,-85,-7,-101,45,-34,78,-101,-77,-113,-48,-107,-19,114
3898,2,31,44,44,44,44,44,-127,-127,-35,82,83,-124,27,-1,11,-35,41,-107,-67,-118,98,123,-93,102,-11,15,94,83,0,-50,-10,84,-65,111,-89,-92,20,50,-62,109,17,104,-31,35,116,35,-25,-43,-84,-99,-44,-85,-7,-101,45,-34,78,-101,-77,-113,-48,-107,-19,114
3899,2,31,44,44,44,44,44,-127,-127,-35,82,83,-124,27,-1,11,-35,41,-107,-67,-118,98,123,-93,102,-11,15,94,83,0,-50,-10,84,-65,111,-89,-92,20,50,-62,109,17,104,-31,35,116,35,-25,-43,-84,-99,-44,-85,-7,-101,45,-34,78,-101,-77,-113,-48,-107,-19,114
3900,2,62,62,76,76,76,76,76,-25,-2,-35,82,83,-124,27,-1,11,-35,41,-107,-67,-118,98,123,-93,102,-11,15,94,83,0,-50,-10,-28,118,-114,48,-9,-58,112,101,99,74,-82,-62,-11,76,35,116,-13,-85,9,-81,-79,-26,-6,-62,53,36,-53,-89,-48,127,-43,-91
3901,2,62,62,76,76,76,76,76,-25,-2,-35,82,83,-124,27,-1,11,-35,41,-107,-67,-118,98,123,-93,102,-11,15,94,83,0,-50,-10,-28,118,-114,48,-9,-58,112,101,99,74,-82,-62,-11,76,35,116,-13,-85,9,-81,-79,-26,-6,-62,53,36,-53,-89,-48,127,-43,-91
3902,2,62,62,76,76,76,76,76,-25,-2,-35,82,83,-124,27,-1,11,-35,41,-107,-67,-118,98,123,-93,102,-11,15,94,83,0,-50,-10,-28,118,-114,48,-9,-58,112,101,99,74,-82,-62,-11,76,35,116,-13,-85,9,-81,-79,-26,-6,-62,53,36,-53,-89,-48,127,-43,-91
3903,2,88,88,88,-31,-31,-31,-31,-31,43,-2,-35,82,83,-124,27,-1,11,-35,41,-107,-67,-118,98,123,-93,102,-11,15,94,83,0,-50,72,-20,-67,44,-72,-104,10,-39,-21,79,59,-42,54,4,115,-52,-40,39,-92,58,-121,83,7,43,6,119,87,-111,-91,-125,-115,-44
3904,2,88,88,88,-31,-31,-31,-31,-31,43,-2,-35,82,83,-124,27,-1,11,-35,41,-107,-67,-118,98,123,-93,102,-11,15,94,83,0,-50,72,-20,-67,44,-72,-104,10,-39,-21,79,59,-42,54,4,115,-52,-40,39,-92,58,-121,83,7,43,6,119,87,-111,-91,-125,-115,-44
3905,2,88,88,88,-31,-31,-31,-31,-31,43,-2,-35,82,83,-124,27,-1,11,-35,41,-107,-67,-118,98,123,-93,102,-11,15,94,83,0,-50,72,-20,-67,44,-72,-104,10,-39,-21,79,59,-42,54,4,115,-52,-40,39,-92,58,-121,83,7,43,6,119,87,-111,-91,-125,-115,-44
3906,2,44,44,44,44,-59,-59,-59,-59,121,43,-2,-35,82,83,-124,27,-1,11,-35,41,-107,-67,-118,98,123,-93,102,-11,15,94,83,0,-40,43,113,-117,70,-42,56,64,121,52,-114,118,55,12,39,-54,96,-27,55,-115,-72,91,59,102,28,-35,108,18,110,101,-25,22
3907,2,44,44,44,44,-59,-59,-59,-59,121,43,-2,-35,82,83,-124,27,-1,11,-35,41,-107,-67,-118,98,123,-93,102,-11,15,94,83,0,-40,43,113,-117,70,-42,56,64,121,52,-114,118,55,12,39,-54,96,-27,55,-115,-72,91,59,102,28,-35,108,18,110,101,-25,22
3908,2,44,44,44,44,-59,-59,-59,-59,121,43,-2,-35,82,83,-124,27,-1,11,-35,41,-107,-67,-118,98,123,-93,102,-11,15,94,83,0,-40,43,113,-117,70,-42,56,64,121,52,-114,118,55,12,39,-54,96,-27,55,-115,-72,91,59,102,28,-35,108,18,110,101,-25,22
3909,2,60,60,60,60,60,51,51,51,-70,121,43,-2,-35,82,83,-124,27,-1,11,-35,41,-107,-67,-118,98,123,-93,102,-11,15,94,83,-27,71,94,-80,-17,125,122,21,91,-65,0,-32,-78,-112,-36,6,112,21,-94,116,-43,102,-54,126,-83,-3,-2,-92,5,69,13,65
3910,2,60,60,60,60,60,51,51,51,-70,121,43,-2,-35,82,83,-124,27,-1,11,-35,41,-107,-67,-118,98,123,-93,102,-11,15,94,83,-27,71,94,-80,-17,125,122,21,91,-65,0,-32,-78,-112,-36,6,112,21,-94,116,-43,102,-54,126,-83,-3,-2,-92,5,69,13,65
3911,2,60,60,60,60,60,51,51,51,-70,121,43,-2,-35,82,83,-124,27,-1,11,-35,41,-107,-67,-118,98,123,-93,102,-11,15,94,83,-27,71,94,-80,-17,125,122,21,91,-65,0,-32,-78,-112,-36,6,112,21,-94,116,-43,102,-54,126,-83,-3,-2,-92,5,69,13,65
3912,2,-123,-121,-121,-121,-121,-121,-85,-85,122,-70,121,43,-2,-35,82,83,-124,27,-1,11,-35,41,-107,-67,-118,98,123,-93,102,-11,15,94,-34,81,-110,-47,12,97,26,62,66,0,70,45,58,-34,42,-99,113,27,47,-51,-92,40,-119,-42,119,69,94,108,-66,81,-9,-23
3913,2,-123,-121,-121,-121,-121,-121,-85,-85,122,-70,121,43,-2,-35,82,83,-124,27,-1,11,-35,41,-107,-67,-118,98,123,-93,102,-11,15,94,-34,81,-110,-47,12,97,26,62,66,0,70,45,58,-34,42,-99,113,27,47,-51,-92,40,-119,-42,119,69,94,108,-66,81,-9,-23
3914,2,-123,-121,-121,-121,-121,-121,-85,-85,122,-70,121,43,-2,-35,82,83,-124,27,-1,11,-35,41,-107,-67,-118,98,123,-93,102,-11,15,94,-34,81,-110,-47,12,97,26,62,66,0,70,45,58,-34,42,-99,113,27,47,-51,-92,40,-119,-42,119,69,94,108,-66,81,-9,-23
3915,2,-127,-127,-36,-36,-36,-36,-36,-90,110,122,-70,121,43,-2,-35,82,83,-124,27,-1,11,-35,41,-107,-67,-118,98,123,-93,102,-11,15,92,94,-44,-115,-104,2,-65,-70,124,-119,-100,50,40,-54,123,-118,54,-99,-13,55,-87,-67,72,-28,17,100,-50,-82,17,86,-2,77
3916,2,-127,-127,-36,-36,-36,-36,-36,-90,110,122,-70,121,43,-2,-35,82,83,-124,27,-1,11,-35,41,-107,-67,-118,98,123,-93,102,-11,15,92,94,-44,-115,-104,2,-65,-70,124,-119,-100,50,40,-54,123,-118,54,-99,-13,55,-87,-67,72,-28,17,100,-50,-82,17,86,-2,77
3917,2,-127,-127,-36,-36,-36,-36,-36,-90,110,122,-70,121,43,-2,-35,82,83,-124,27,-1,11,-35,41,-107,-67,-118,98,123,-93,102,-11,15,92,94,-44,-115,-104,2,-65,-70,124,-119,-100,50,40,-54,123,-118,54,-99,-13,55,-87,-67,72,-28,17,100,-50,-82,17,86,-2,77
3918,2,-64,-64,-64,2,2,2,2,2,-109,110,122,-70,121,43,-2,-35,82,83,-124,27,-1,11,-35,41,-107,-67,-118,98,123,-93,102,-11,-3,24,-63,74,82,68,-124,-28,-39,116,-51,-112,-70,30,50,-111,49,57,86,5,-38,14,-78,76,-99,-40,-70,-119,-125,109,60,-100
3919,2,-64,-64,-64,2,2,2,2,2,-109,110,122,-70,121,43,-2,-35,82,83,-124,27,-1,11,-35,41,-107,-67,-118,98,123,-93,102,-11,-3,24,-63,74,82,68,-124,-28,-39,116,-51,-112,-70,30,50,-111,49,57,86,5,-38,14,-78,76,-99,-40,-70,-119,-125,109,60,-100
3920,2,-64,-64,-64,2,2,2,2,2,-109,110,122,-70,121,43,-2,-35,82,83,-124,27,-1,11,-35,41,-107,-67,-118,98,123,-93,102,-11,-3,24,-63,74,82,68,-124,-28,-39,116,-51,-112,-70,30,50,-111,49,57,86,5,-38,14,-78,76,-99,-40,-70,-119,-125,109,60,-100
3921,2,105,105,105,105,57,57,57,57,31,-109,110,122,-70,121,43,-2,-35,82,83,-124,27,-1,11,-35,41,-107,-67,-118,98,123,-93,102,-21,82,90,-119,-119,110,42,127,39,-59,-66,-71,-98,-37,121,16,-69,-108,-31,71,-114,-126,-48,-29,-88,-107,-16,65,106,89,-112,-112
3922,2,105,105,105,105,57,57,57,57,31,-109,110,122,-70,121,43,-2,-35,82,83,-124,27,-1,11,-35,41,-107,-67,-118,98,123,-93,102,-21,82,90,-119,-119,110,42,127,39,-59,-66,-71,-98,-37,121,16,-69,-108,-31,71,-114,-126,-48,-29,-88,-107,-16,65,106,89,-112,-112
3923,2,105,105,105,105,57,57,57,57,31,-109,110,122,-70,121,43,-2,-35,82,83,-124,27,-1,11,-35,41,-107,-67,-118,98,123,-93,102,-21,82,90,-119,-119,110,42,127,39,-59,-66,-71,-98,-37,121,16,-69,-108,-31,71,-114,-126,-48,-29,-88,-107,-16,65,106,89,-112,-112
3924,2,126,126,126,126,126,-21,-21,-21,62,31,-109,110,122,-70,121,43,-2,-35,82,83,-124,27,-1,11,-35,41,-107,-67,-118,98,123,-93,55,-8,80,-16,7,19,59,2,-66,-116,33,8,21,123,96,16,81,-48,-31,-37,109,-15,91,124,-72,4,-69,-27,62,-100,114,74
3925,2,126,126,126,126,126,-21,-21,-21,62,31,-109,110,122,-70,121,43,-2,-35,82,83,-124,27,-1,11,-35,41,-107,-67,-118,98,123,-93,55,-8,80,-16,7,19,59,2,-66,-116,33,8,21,123,96,16,81,-48,-31,-37,109,-15,91,124,-72,4,-69,-27,62,-100,114,74
3926,2,126,126,126,126,126,-21,-21,-21,62,31,-109,110,122,-70,121,43,-2,-35,82,83,-124,27,-1,11,-35,41,-107,-67,-118,98,123,-93,55,-8,80,-16,7,19,59,2,-66,-116,33,8,21,123,96,16,81,-48,-31,-37,109,-15,91,124,-72,4,-69,-27,62,-100,114,74
3927,2,-98,-90,-90,-90,-90,-90,-58,-58,88,62,31,-109,110,122,-70,121,43,-2,-35,82,83,-124,27,-1,11,-35,41,-107,-67,-118,98,123,13,-78,56,88,55,-30,14,-27,-86,-1,-32,4,25,23,41,-23,4,19,-92,-105,16,-30,-93,-19,-73,-102,-106,25,-42,91,-47,4
3928,2,-98,-90,-90,-90,-90,-90,-58,-58,88,62,31,-109,110,122,-70,121,43,-2,-35,82,83,-124,27,-1,11,-35,41,-107,-67,-118,98,123,13,-78,56,88,55,-30,14,-27,-86,-1,-32,4,25,23,41,-23,4,19,-92,-105,16,-30,-93,-19,-73,-102,-106,25,-42,91,-47,4
3929,2,-98,-90,-90,-90,-90,-90,-58,-58,88,62,31,-109,110,122,-70,121,43,-2,-35,82,83,-124,27,-1,11,-35,41,-107,-67,-118,98,123,13,-78,56,88,55,-30,14,-27,-86,-1,-32,4,25,23,41,-23,4,19,-92,-105,16,-30,-93,-19,-73,-102,-106,25,-42,91,-47,4
3930,2,126,126,84,84,84,84,84,-112,44,88,62,31,-109,110,122,-70,121,43,-2,-35,82,83,-124,27,-1,11,-35,41,-107,-67,-118,98,10,-75,-8,-81,-47,0,-5,-46,22,-82,-17,42,85,125,85,80,82,104,117,6,108,64,-37,127,-76,79,73,68,-74,20,-117,-47
3931,2,126,126,84,84,84,84,84,-112,44,88,62,31,-109,110,122,-70,121,43,-2,-35,82,83,-124,27,-1,11,-35,41,-107,-67,-118,98,10,-75,-8,-81,-47,0,-5,-46,22,-82,-17,42,85,125,85,80,82,104,117,6,108,64,-37,127,-76,79,73,68,-74,20,-117,-47
3932,2,126,126,84,84,84,84,84,-112,44,88,62,31,-109,110,122,-70,121,43,-2,-35,82,83,-124,27,-1,11,-35,41,-107,-67,-118,98,10,-75,-8,-81,-47,0,-5,-46,22,-82,-17,42,85,125,85,80,82,104,117,6,108,64,-37,127,-76,79,73,68,-74,20,-117,-47
3933,2,93,93,93,58,58,58,58,58,60,44,88,62,31,-109,110,122,-70,121,43,-2,-35,82,83,-124,27,-1,11,-35,41,-107,-67,-118,64,107,3,88,91,14,59,105,99,124,56,-78,105,-114,70,112,102,87,-59,19,-49,61,89,19,14,62,69,-47,-63,-99,-94,-38
3934,2,93,93,93,58,58,58,58,58,60,44,88,62,31,-109,110,122,-70,121,43,-2,-35,82,83,-124,27,-1,11,-35,41,-107,-67,-118,64,107,3,88,91,14,59,105,99,124,56,-78,105,-114,70,112,102,87,-59,19,-49,61,89,19,14,62,69,-47,-63,-99,-94,-38
3935,2,93,93,93,58,58,58,58,58,60,44,88,62,31,-109,110,122,-70,121,43,-2,-35,82,83,-124,27,-1,11,-35,41,-107,-67,-118,64,107,3,88,91,14,59,105,99,124,56,-78,105,-114,70,112,102,87,-59,19,-49,61,89,19,14,62,69,-47,-63,-99,-94,-38
3936,2,109,109,109,109,8,8,8,8,-123,60,44,88,62,31,-109,110,122,-70,121,43,-2,-35,82,83,-124,27,-1,11,-35,41,-107,-67,-93,-107,102,127,-28,47,62,-115,14,-123,23,-89,-98,-30,-63,-80,107,-127,-47,63,-68,38,-54,68,-41,102,-9,37,103,63,-4,-71
3937,2,109,109,109,109,8,8,8,8,-123,60,44,88,62,31,-109,110,122,-70,121,43,-2,-35,82,83,-124,27,-1,11,-35,41,-107,-67,-93,-107,102,127,-28,47,62,-115,14,-123,23,-89,-98,-30,-63,-80,107,-127,-47,63,-68,38,-54,68,-41,102,-9,37,103,63,-4,-71
3938,2,109,109,109,109,8,8,8,8,-123,60,44,88,62,31,-109,110,122,-70,121,43,-2,-35,82,83,-124,27,-1,11,-35,41,-107,-67,-93,-107,102,127,-28,47,62,-115,14,-123,23,-89,-98,-30,-63,-80,107,-127,-47,63,-68,38,-54,68,-41,102,-9,37,103,63,-4,-71
3939,2,62,62,62,62,62,28,28,28,-127,-123,60,44,88,62,31,-109,110,122,-70,121,43,-2,-35,82,83,-124,27,-1,11,-35,41,-107,-16,81,-43,5,74,2,-29,-104,38,117,-32,-92,103,-41,-101,-94,16,3,-65,72,31,-59,-69,-98,4,-55,-52,122,99,86,-127,67
3940,2,62,62,62,62,62,28,28,28,-127,-123,60,44,88,62,31,-109,110,122,-70,121,43,-2,-35,82,83,-124,27,-1,11,-35,41,-107,-16,81,-43,5,74,2,-29,-104,38,117,-32,-92,103,-41,-101,-94,16,3,-65,72,31,-59,-69,-98,4,-55,-52,122,99,86,-127,67
3941,2,62,62,62,62,62,28,28,28,-127,-123,60,44,88,62,31,-109,110,122,-70,121,43,-2,-35,82,83,-124,27,-1,11,-35,41,-107,-16,81,-43,5,74,2,-29,-104,38,117,-32,-92,103,-41,-101,-94,16,3,-65,72,31,-59,-69,-98,4,-55,-52,122,99,86,-127,67
3942,2,90,-38,-38,-38,-38,-38,19,19,-64,-127,-123,60,44,88,62,31,-109,110,122,-70,121,43,-2,-35,82,83,-124,27,-1,11,-35,41,-79,31,97,85,-91,-67,-93,55,-123,9,-116,-106,-32,107,88,28,13,-103,-81,29,122,-12,-110,6,-90,105,-5,67,-103,99,-62,120
3943,2,90,-38,-38,-38,-38,-38,19,19,-64,-127,-123,60,44,88,62,31,-109,110,122,-70,121,43,-2,-35,82,83,-124,27,-1,11,-35,41,-79,31,97,85,-91,-67,-93,55,-123,9,-116,-106,-32,107,88,28,13,-103,-81,29,122,-12,-110,6,-90,105,-5,67,-103,99,-62,120
3944,2,90,-38,-38,-38,-38,-38,19,19,-64,-127,-123,60,44,88,62,31,-109,110,122,-70,121,43,-2,-35,82,83,-124,27,-1,11,-35,41,-79,31,97,85,-91,-67,-93,55,-123,9,-116,-106,-32,107,88,28,13,-103,-81,29,122,-12,-110,6,-90,105,-5,67,-103,99,-62,120
3945,2,-60,-60,-72,-72,-72,-72,-72,-12,105,-64,-127,-123,60,44,88,62,31,-109,110,122,-70,121,43,-2,-35,82,83,-124,27,-1,11,-35,11,-2,-71,-1,-86,-113,-28,113,-95,-37,26,-89,-40,7,-96,34,87,-37,-73,-100,67,-22,85,58,-119,-102,90,-36,13,-29,-58,-109
3946,2,-60,-60,-72,-72,-72,-72,-72,-12,105,-64,-127,-123,60,44,88,62,31,-109,110,122,-70,121,43,-2,-35,82,83,-124,27,-1,11,-35,11,-2,-71,-1,-86,-113,-28,113,-95,-37,26,-89,-40,7,-96,34,87,-37,-73,-100,67,-22,85,58,-119,-102,90,-36,13,-29,-58,-109
3947,2,-60,-60,-72,-72,-72,-72,-72,-12,105,-64,-127,-123,60,44,88,62,31,-109,110,122,-70,121,43,-2,-35,82,83,-124,27,-1,11,-35,11,-2,-71,-1,-86,-113,-28,113,-95,-37,26,-89,-40,7,-96,34,87,-37,-73,-100,67,-22,85,58,-119,-102,90,-36,13,-29,-58,-109
3948,2,121,121,121,50,50,50,50,50,126,105,-64,-127,-123,60,44,88,62,31,-109,110,122,-70,121,43,-2,-35,82,83,-124,27,-1,11,-91,-122,-26,20,-19,82,51,-46,68,-9,26,92,-90,14,-55,65,-76,-58,12,116,96,-30,57,35,-119,62,-49,-12,8,118,106,78
3949,2,121,121,121,50,50,50,50,50,126,105,-64,-127,-123,60,44,88,62,31,-109,110,122,-70,121,43,-2,-35,82,83,-124,27,-1,11,-91,-122,-26,20,-19,82,51,-46,68,-9,26,92,-90,14,-55,65,-76,-58,12,116,96,-30,57,35,-119,62,-49,-12,8,118,106,78
3950,2,121,121,121,50,50,50,50,50,126,105,-64,-127,-123,60,44,88,62,31,-109,110,122,-70,121,43,-2,-35,82,83,-124,27,-1,11,-91,-122,-26,20,-19,82,51,-46,68,-9,26,92,-90,14,-55,65,-76,-58,12,116,96,-30,57,35,-119,62,-49,-12,8,118,106,78
3951,2,-2,-2,-2,-2,34,34,34,34,-98,126,105,-64,-127,-123,60,44,88,62,31,-109,110,122,-70,121,43,-2,-35,82,83,-124,27,-1,-101,8,63,99,83,-53,121,7,28,-29,15,37,85,-119,19,44,125,-80,-75,-115,-93,-13,95,96,-15,105,80,110,-64,-3,-25,101
3952,2,-2,-2,-2,-2,34,34,34,34,-98,126,105,-64,-127,-123,60,44,88,62,31,-109,110,122,-70,121,43,-2,-35,82,83,-124,27,-1,-101,8,63,99,83,-53,121,7,28,-29,15,37,85,-119,19,44,125,-80,-75,-115,-93,-13,95,96,-15,105,80,110,-64,-3,-25,101
3953,2,-2,-2,-2,-2,34,34,34,34,-98,126,105,-64,-127,-123,60,44,88,62,31,-109,110,122,-70,121,43,-2,-35,82,83,-124,27,-1,-101,8,63,99,83,-53,121,7,28,-29,15,37,85,-119,19,44,125,-80,-75,-115,-93,-13,95,96,-15,105,80,110,-64,-3,-25,101
3954,2,-83,-83,-83,-83,-83,-98,-98,-98,126,-98,126,105,-64,-127,-123,60,44,88,62,31,-109,110,122,-70,121,43,-2,-35,82,83,-124,27,-57,67,88,53,-98,41,-54,-3,59,-46,-119,-105,-59,-88,-111,-40,-121,123,29,-110,20,-15,15,9,111,30,-73,-108,-61,-96,113,56
3955,2,-83,-83,-83,-83,-83,-98,-98,-98,126,-98,126,105,-64,-127,-123,60,44,88,62,31,-109,110,122,-70,121,43,-2,-35,82,83,-124,27,-57,67,88,53,-98,41,-54,-3,59,-46,-119,-105,-59,-88,-111,-40,-121,123,29,-110,20,-15,15,9,111,30,-73,-108,-61,-96,113,56
3956,2,-83,-83,-83,-83,-83,-98,-98,-98,126,-98,126,105,-64,-127,-123,60,44,88,62,31,-109,110,122,-70,121,43,-2,-35,82,83,-124,27,-57,67,88,53,-98,41,-54,-3,59,-46,-119,-105,-59,-88,-111,-40,-121,123,29,-110,20,-15,15,9,111,30,-73,-108,-61,-96,113,56
3957,2,-72,51,51,51,51,51,53,53,93,126,-98,126,105,-64,-127,-123,60,44,88,62,31,-109,110,122,-70,121,43,-2,-35,82,83,-124,-124,104,-71,100,-26,64,87,-56,-50,-100,-83,107,-33,54,-85,-48,85,-4,63,-67,-59,70,-55,-5,95,-85,-118,-26,-100,64,86,93
3958,2,-72,51,51,51,51,51,53,53,93,126,-98,126,105,-64,-127,-123,60,44,88,62,31,-109,110,122,-70,121,43,-2,-35,82,83,-124,-124,104,-71,100,-26,64,87,-56,-50,-100,-83,107,-33,54,-85,-48,85,-4,63,-67,-59,70,-55,-5,95,-85,-118,-26,-100,64,86,93
3959,2,-72,51,51,51,51,51,53,53,93,126,-98,126,105,-64,-127,-123,60,44,88,62,31,-109,110,122,-70,121,43,-2,-35,82,83,-124,-124,104,-71,100,-26,64,87,-56,-50,-100,-83,107,-33,54,-85,-48,85,-4,63,-67,-59,70,-55,-5,95,-85,-118,-26,-100,64,86,93
3960,2,-26,-26,-47,-47,-47,-47,-47,36,109,93,126,-98,126,105,-64,-127,-123,60,44,88,62,31,-109,110,122,-70,121,43,-2,-35,82,83,-91,-74,63,17,-82,-38,92,48,-56,-112,-69,-35,-58,-40,-58,102,-71,61,107,-29,-42,56,-59,-121,-51,-105,3,-49,51,-99,94,79
3961,2,-26,-26,-47,-47,-47,-47,-47,36,109,93,126,-98,126,105,-64,-127,-123,60,44,88,62,31,-109,110,122,-70,121,43,-2,-35,82,83,-91,-74,63,17,-82,-38,92,48,-56,-112,-69,-35,-58,-40,-58,102,-71,61,107,-29,-42,56,-59,-121,-51,-105,3,-49,51,-99,94,79
3962,2,-26,-26,-47,-47,-47,-47,-47,36,109,93,126,-98,126,105,-64,-127,-123,60,44,88,62,31,-109,110,122,-70,121,43,-2,-35,82,83,-91,-74,63,17,-82,-38,92,48,-56,-112,-69,-35,-58,-40,-58,102,-71,61,107,-29,-42,56,-59,-121,-51,-105,3,-49,51,-99,94,79
3963,2,9,9,9,39,39,39,39,39,62,109,93,126,-98,126,105,-64,-127,-123,60,44,88,62,31,-109,110,122,-70,121,43,-2,-35,82,45,-29,-97,-92,42,-63,65,-74,21,127,53,35,-67,44,54,-57,125,-42,36,55,81,-59,-38,59,-92,109,111,75,-13,-68,-42,-11
3964,2,9,9,9,39,39,39,39,39,62,109,93,126,-98,126,105,-64,-127,-123,60,44,88,62,31,-109,110,122,-70,121,43,-2,-35,82,45,-29,-97,-92,42,-63,65,-74,21,127,53,35,-67,44,54,-57,125,-42,36,55,81,-59,-38,59,-92,109,111,75,-13,-68,-42,-11
3965,2,9,9,9,39,39,39,39,39,62,109,93,126,-98,126,105,-64,-127,-123,60,44,88,62,31,-109,110,122,-70,121,43,-2,-35,82,45,-29,-97,-92,42,-63,65,-74,21,127,53,35,-67,44,54,-57,125,-42,36,55,81,-59,-38,59,-92,109,111,75,-13,-68,-42,-11
3966,2,31,31,31,31,-45,-45,-45,-45,90,62,109,93,126,-98,126,105,-64,-127,-123,60,44,88,62,31,-109,110,122,-70,121,43,-2,-35,109,-38,-38,-75,-24,75,24,-116,-30,96,-82,40,123,101,63,-92,-30,-25,5,-50,-104,-57,-40,12,119,-61,126,-30,60,0,-120,-27
3967,2,31,31,31,31,-45,-45,-45,-45,90,62,109,93,126,-98,126,105,-64,-127,-123,60,44,88,62,31,-109,110,122,-70,121,43,-2,-35,109,-38,-38,-75,-24,75,24,-116,-30,96,-82,40,123,101,63,-92,-30,-25,5,-50,-104,-57,-40,12,119,-61,126,-30,60,0,-120,-27
3968,2,31,31,31,31,-45,-45,-45,-45,90,62,109,93,126,-98,126,105,-64,-127,-123,60,44,88,62,31,-109,110,122,-70,121,43,-2,-35,109,-38,-38,-75,-24,75,24,-116,-30,96,-82,40,123,101,63,-92,-30,-25,5,-50,-104,-57,-40,12,119,-61,126,-30,60,0,-120,-27
3969,2,-2,-2,-2,-2,-2,-77,-77,-77,-60,90,62,109,93,126,-98,126,105,-64,-127,-123,60,44,88,62,31,-109,110,122,-70,121,43,-2,96,1,-125,54,73,-25,24,36,-42,-45,-34,28,-96,19,-30,118,-108,-10,87,-10,-19,98,-41,5,109,-105,46,-106,101,-38,-12,32
3970,2,-2,-2,-2,-2,-2,-77,-77,-77,-60,90,62,109,93,126,-98,126,105,-64,-127,-123,60,44,88,62,31,-109,110,122,-70,121,43,-2,96,1,-125,54,73,-25,24,36,-42,-45,-34,28,-96,19,-30,118,-108,-10,87,-10,-19,98,-41,5,109,-105,46,-106,101,-38,-12,32
3971,2,-2,-2,-2,-2,-2,-77,-77,-77,-60,90,62,109,93,126,-98,126,105,-64,-127,-123,60,44,88,62,31,-109,110,122,-70,121,43,-2,96,1,-125,54,73,-25,24,36,-42,-45,-34,28,-96,19,-30,118,-108,-10,87,-10,-19,98,-41,5,109,-105,46,-106,101,-38,-12,32
3972,2,-20,-102,-102,-102,-102,-102,89,89,121,-60,90,62,109,93,126,-98,126,105,-64,-127,-123,60,44,88,62,31,-109,110,122,-70,121,43,44,89,34,-14,32,-85,-47,38,22,91,-100,67,-44,86,-24,-87,102,112,82,25,-37,65,-124,-101,98,39,-39,95,-76,116,5,67
3973,2,-20,-102,-102,-102,-102,-102,89,89,121,-60,90,62,109,93,126,-98,126,105,-64,-127,-123,60,44,88,62,31,-109,110,122,-70,121,43,44,89,34,-14,32,-85,-47,38,22,91,-100,67,-44,86,-24,-87,102,112,82,25,-37,65,-124,-101,98,39,-39,95,-76,116,5,67
3974,2,-20,-102,-102,-102,-102,-102,89,89,121,-60,90,62,109,93,126,-98,126,105,-64,-127,-123,60,44,88,62,31,-109,110,122,-70,121,43,44,89,34,-14,32,-85,-47,38,22,91,-100,67,-44,86,-24,-87,102,112,82,25,-37,65,-124,-101,98,39,-39,95,-76,116,5,67
3975,2,-33,-33,-56,-56,-56,-56,-56,-12,-2,121,-60,90,62,109,93,126,-98,126,105,-64,-127,-123,60,44,88,62,31,-109,110,122,-70,121,-32,-63,-21,106,96,-124,-121,116,-22,126,-15,-114,-12,76,61,-120,49,-6,-12,100,23,50,79,-97,-78,91,-7,-103,39,95,-31,86
3976,2,-33,-33,-56,-56,-56,-56,-56,-12,-2,121,-60,90,62,109,93,126,-98,126,105,-64,-127,-123,60,44,88,62,31,-109,110,122,-70,121,-32,-63,-21,106,96,-124,-121,116,-22,126,-15,-114,-12,76,61,-120,49,-6,-12,100,23,50,79,-97,-78,91,-7,-103,39,95,-31,86
3977,2,-33,-33,-56,-56,-56,-56,-56,-12,-2,121,-60,90,62,109,93,126,-98,126,105,-64,-127,-123,60,44,88,62,31,-109,110,122,-70,121,-32,-63,-21,106,96,-124,-121,116,-22,126,-15,-114,-12,76,61,-120,49,-6,-12,100,23,50,79,-97,-78,91,-7,-103,39,95,-31,86
3978,2,97,97,97,-111,-111,-111,-111,-111,-83,-2,121,-60,90,62,109,93,126,-98,126,105,-64,-127,-123,60,44,88,62,31,-109,110,122,-70,-85,-100,42,-123,-32,24,116,-122,16,-98,-125,-58,49,-114,13,-4,13,-3,87,38,105,102,8,-23,80,9,-69,-75,-102,63,77,98
3979,2,97,97,97,-111,-111,-111,-111,-111,-83,-2,121,-60,90,62,109,93,126,-98,126,105,-64,-127,-123,60,44,88,62,31,-109,110,122,-70,-85,-100,42,-123,-32,24,116,-122,16,-98,-125,-58,49,-114,13,-4,13,-3,87,38,105,102,8,-23,80,9,-69,-75,-102,63,77,98
3980,2,97,97,97,-111,-111,-111,-111,-111,-83,-2,121,-60,90,62,109,93,126,-98,126,105,-64,-127,-123,60,44,88,62,31,-109,110,122,-70,-85,-100,42,-123,-32,24,116,-122,16,-98,-125,-58,49,-114,13,-4,13,-3,87,38,105,102,8,-23,80,9,-69,-75,-102,63,77,98
3981,2,-73,-73,-73,-73,-77,-77,-77,-77,-72,-83,-2,121,-60,90,62,109,93,126,-98,126,105,-64,-127,-123,60,44,88,62,31,-109,110,122,-74,117,-126,-74,-41,70,108,-40,-39,-26,85,81,-8,121,-102,55,-25,70,-46,16,90,103,-101,-29,-70,10,-94,30,46,108,21,115
3982,2,-73,-73,-73,-73,-77,-77,-77,-77,-72,-83,-2,121,-60,90,62,109,93,126,-98,126,105,-64,-127,-123,60,44,88,62,31,-109,110,122,-74,117,-126,-74,-41,70,108,-40,-39,-26,85,81,-8,121,-102,55,-25,70,-46,16,90,103,-101,-29,-70,10,-94,30,46,108,21,115
3983,2,-73,-73,-73,-73,-77,-77,-77,-77,-72,-83,-2,121,-60,90,62,109,93,126,-98,126,105,-64,-127,-123,60,44,88,62,31,-109,110,122,-74,117,-126,-74,-41,70,108,-40,-39,-26,85,81,-8,121,-102,55,-25,70,-46,16,90,103,-101,-29,-70,10,-94,30,46,108,21,115
3984,2,-29,-29,-29,-29,-29,-31,-31,-31,-26,-72,-83,-2,121,-60,90,62,109,93,126,-98,126,105,-64,-127,-123,60,44,88,62,31,-109,110,17,-74,-123,-3,-105,105,-117,-40,-80,-109,-42,116,-23,9,-34,-117,85,46,123,73,-53,64,107,109,-71,110,-103,-64,85,-45,1,106
3985,2,-29,-29,-29,-29,-29,-31,-31,-31,-26,-72,-83,-2,121,-60,90,62,109,93,126,-98,126,105,-64,-127,-123,60,44,88,62,31,-109,110,17,-74,-123,-3,-105,105,-117,-40,-80,-109,-42,116,-23,9,-34,-117,85,46,123,73,-53,64,107,109,-71,110,-103,-64,85,-45,1,106
3986,2,-29,-29,-29,-29,-29,-31,-31,-31,-26,-72,-83,-2,121,-60,90,62,109,93,126,-98,126,105,-64,-127,-123,60,44,88,62,31,-109,110,17,-74,-123,-3,-105,105,-117,-40,-80,-109,-42,116,-23,9,-34,-117,85,46,123,73,-53,64,107,109,-71,110,-103,-64,85,-45,1,106
3987,2,-12,-127,-127,-127,-127,-127,4,4,9,-26,-72,-83,-2,121,-60,90,62,109,93,126,-98,126,105,-64,-127,-123,60,44,88,62,31,-109,-8,46,-101,74,-49,-2,-58,-66,7,10,65,-51,-11,-34,66,25,-78,-40,93,72,-62,11,-87,-29,-48,-58,45,97,-51,0,-74,46
3988,2,-12,-127,-127,-127,-127,-127,4,4,9,-26,-72,-83,-2,121,-60,90,62,109,93,126,-98,126,105,-64,-127,-123,60,44,88,62,31,-109,-8,46,-101,74,-49,-2,-58,-66,7,10,65,-51,-11,-34,66,25,-78,-40,93,72,-62,11,-87,-29,-48,-58,45,97,-51,0,-74,46
3989,2,-12,-127,-127,-127,-127,-127,4,4,9,-26,-72,-83,-2,121,-60,90,62,109,93,126,-98,126,105,-64,-127,-123,60,44,88,62,31,-109,-8,46,-101,74,-49,-2,-58,-66,7,10,65,-51,-11,-34,66,25,-78,-40,93,72,-62,11,-87,-29,-48,-58,45,97,-51,0,-74,46
3990,2,-73,-73,-109,-109,-109,-109,-109,43,31,9,-26,-72,-83,-2,121,-60,90,62,109,93,126,-98,126,105,-64,-127,-123,60,44,88,62,31,100,36,18,-90,48,33,93,18,-121,33,-33,-66,118,-101,31,13,-91,27,-125,25,-87,-75,-113,-68,-15,6,-2,3,-66,-57,-114,-27
3991,2,-73,-73,-109,-109,-109,-109,-109,43,31,9,-26,-72,-83,-2,121,-60,90,62,109,93,126,-98,126,105,-64,-127,-123,60,44,88,62,31,100,36,18,-90,48,33,93,18,-121,33,-33,-66,118,-101,31,13,-91,27,-125,25,-87,-75,-113,-68,-15,6,-2,3,-66,-57,-114,-27
3992,2,-73,-73,-109,-109,-109,-109,-109,43,31,9,-26,-72,-83,-2,121,-60,90,62,109,93,126,-98,126,105,-64,-127,-123,60,44,88,62,31,100,36,18,-90,48,33,93,18,-121,33,-33,-66,118,-101,31,13,-91,27,-125,25,-87,-75,-113,-68,-15,6,-2,3,-66,-57,-114,-27
3993,2,-82,-82,-82,7,7,7,7,7,-2,31,9,-26,-72,-83,-2,121,-60,90,62,109,93,126,-98,126,105,-64,-127,-123,60,44,88,62,125,5,-73,-65,-38,-68,56,-90,81,-114,27,71,-96,38,-119,67,17,-106,-126,-108,60,-43,-117,-19,8,-13,84,113,-79,-2,-29,39
3994,2,-82,-82,-82,7,7,7,7,7,-2,31,9,-26,-72,-83,-2,121,-60,90,62,109,93,126,-98,126,105,-64,-127,-123,60,44,88,62,125,5,-73,-65,-38,-68,56,-90,81,-114,27,71,-96,38,-119,67,17,-106,-126,-108,60,-43,-117,-19,8,-13,84,113,-79,-2,-29,39
3995,2,-82,-82,-82,7,7,7,7,7,-2,31,9,-26,-72,-83,-2,121,-60,90,62,109,93,126,-98,126,105,-64,-127,-123,60,44,88,62,125,5,-73,-65,-38,-68,56,-90,81,-114,27,71,-96,38,-119,67,17,-106,-126,-108,60,-43,-117,-19,8,-13,84,113,-79,-2,-29,39
3996,2,-119,-119,-119,-119,-117,-117,-117,-117,-20,-2,31,9,-26,-72,-83,-2,121,-60,90,62,109,93,126,-98,126,105,-64,-127,-123,60,44,88,-66,87,119,-6,-13,-126,15,51,55,124,-102,46,59,-39,-80,31,-4,89,-54,110,76,92,61,50,-115,90,-118,-8,18,-40,95,-16
3997,2,-119,-119,-119,-119,-117,-117,-117,-117,-20,-2,31,9,-26,-72,-83,-2,121,-60,90,62,109,93,126,-98,126,105,-64,-127,-123,60,44,88,-66,87,119,-6,-13,-126,15,51,55,124,-102,46,59,-39,-80,31,-4,89,-54,110,76,92,61,50,-115,90,-118,-8,18,-40,95,-16
3998,2,-119,-119,-119,-119,-117,-117,-117,-117,-20,-2,31,9,-26,-72,-83,-2,121,-60,90,62,109,93,126,-98,126,105,-64,-127,-123,60,44,88,-66,87,119,-6,-13,-126,15,51,55,124,-102,46,59,-39,-80,31,-4,89,-54,110,76,92,61,50,-115,90,-118,-8,18,-40,95,-16
3999,2,34,34,34,34,34,-114,-114,-114,-33,-20,-2,31,9,-26,-72,-83,-2,121,-60,90,62,109,93,126,-98,126,105,-64,-127,-123,60,44,66,3,100,7,11,-67,-48,95,-88,90,103,46,4,-108,107,53,17,-103,86,30,-22,8,108,12,-99,96,23,71,-111,-2,-115,82
4000,2,34,34,34,34,34,-114,-114,-114,-33,-20,-2,31,9,-26,-72,-83,-2,121,-60,90,62,109,93,126,-98,126,105,-64,-127,-123,60,44,66,3,100,7,11,-67,-48,95,-88,90,103,46,4,-108,107,53,17,-103,86,30,-22,8,108,12,-99,96,23,71,-111,-2,-115,82
4001,2,34,34,34,34,34,-114,-114,-114,-33,-20,-2,31,9,-26,-72,-83,-2,121,-60,90,62,109,93,126,-98,126,105,-64,-127,-123,60,44,66,3,100,7,11,-67,-48,95,-88,90,103,46,4,-108,107,53,17,-103,86,30,-22,8,108,12,-99,96,23,71,-111,-2,-115,82
4002,2,119,30,30,30,30,30,106,106,97,-33,-20,-2,31,9,-26,-72,-83,-2,121,-60,90,62,109,93,126,-98,126,105,-64,-127,-123,60,-102,75,-40,117,-65,-123,-101,87,42,18,-36,39,69,61,-10,-17,69,24,31,91,-69,122,-54,34,-125,-98,-90,-75,1,-67,-96,-81
4003,2,119,30,30,30,30,30,106,106,97,-33,-20,-2,31,9,-26,-72,-83,-2,121,-60,90,62,109,93,126,-98,126,105,-64,-127,-123,60,-102,75,-40,117,-65,-123,-101,87,42,18,-36,39,69,61,-10,-17,69,24,31,91,-69,122,-54,34,-125,-98,-90,-75,1,-67,-96,-81
4004,2,119,30,30,30,30,30,106,106,97,-33,-20,-2,31,9,-26,-72,-83,-2,121,-60,90,62,109,93,126,-98,126,105,-64,-127,-123,60,-102,75,-40,117,-65,-123,-101,87,42,18,-36,39,69,61,-10,-17,69,24,31,91,-69,122,-54,34,-125,-98,-90,-75,1,-67,-96,-81
4005,2,24,24,24,24,24,24,24,81,-73,97,-33,-20,-2,31,9,-26,-72,-83,-2,121,-60,90,62,109,93,126,-98,126,105,-64,-127,-123,-103,50,-3,93,-98,34,97,-60,-112,77,-77,-115,14,-106,66,-122,-99,-118,-76,70,-126,-118,-123,55,-11,-18,63,55,-75,35,93,77
4006,2,24,24,24,24,24,24,24,81,-73,97,-33,-20,-2,31,9,-26,-72,-83,-2,121,-60,90,62,109,93,126,-98,126,105,-64,-127,-123,-103,50,-3,93,-98,34,97,-60,-112,77,-77,-115,14,-106,66,-122,-99,-118,-76,70,-126,-118,-123,55,-11,-18,63,55,-75,35,93,77
4007,2,24,24,24,24,24,24,24,81,-73,97,-33,-20,-2,31,9,-26,-72,-83,-2,121,-60,90,62,109,93,126,-98,126,105,-64,-127,-123,-103,50,-3,93,-98,34,97,-60,-112,77,-77,-115,14,-106,66,-122,-99,-118,-76,70,-126,-118,-123,55,-11,-18,63,55,-75,35,93,77
4008,2,55,55,55,35,35,35,35,35,-29,-73,97,-33,-20,-2,31,9,-26,-72,-83,-2,121,-60,90,62,109,93,126,-98,126,105,-64,-127,29,-59,-33,-31,-88,5,-86,-55,-31,97,7,1,57,-19,-91,-51,-122,106,-17,-105,-47,-118,96,18,-6,71,118,-100,-97,8,120,-36
4009,2,55,55,55,35,35,35,35,35,-29,-73,97,-33,-20,-2,31,9,-26,-72,-83,-2,121,-60,90,62,109,93,126,-98,126,105,-64,-127,29,-59,-33,-31,-88,5,-86,-55,-31,97,7,1,57,-19,-91,-51,-122,106,-17,-105,-47,-118,96,18,-6,71,118,-100,-97,8,120,-36
4010,2,55,55,55,35,35,35,35,35,-29,-73,97,-33,-20,-2,31,9,-26,-72,-83,-2,121,-60,90,62,109,93,126,-98,126,105,-64,-127,29,-59,-33,-31,-88,5,-86,-55,-31,97,7,1,57,-19,-91,-51,-122,106,-17,-105,-47,-118,96,18,-6,71,118,-100,-97,8,120,-36
4011,2,-104,-104,-104,-104,18,18,18,18,-12,-29,-73,97,-33,-20,-2,31,9,-26,-72,-83,-2,121,-60,90,62,109,93,126,-98,126,105,-64,-1,-83,80,59,-81,82,-17,-92,0,-52,52,23,7,-122,-113,13,-59,-9,-62,70,73,-39,120,-66,-53,26,-84,-34,58,-47,93,-17
4012,2,-104,-104,-104,-104,18,18,18,18,-12,-29,-73,97,-33,-20,-2,31,9,-26,-72,-83,-2,121,-60,90,62,109,93,126,-98,126,105,-64,-1,-83,80,59,-81,82,-17,-92,0,-52,52,23,7,-122,-113,13,-59,-9,-62,70,73,-39,120,-66,-53,26,-84,-34,58,-47,93,-17
4013,2,-104,-104,-104,-104,18,18,18,18,-12,-29,-73,97,-33,-20,-2,31,9,-26,-72,-83,-2,121,-60,90,62,109,93,126,-98,126,105,-64,-1,-83,80,59,-81,82,-17,-92,0,-52,52,23,7,-122,-113,13,-59,-9,-62,70,73,-39,120,-66,-53,26,-84,-34,58,-47,93,-17
4014,2,125,125,125,125,125,-34,-34,-34,-73,-12,-29,-73,97,-33,-20,-2,31,9,-26,-72,-83,-2,121,-60,90,62,109,93,126,-98,126,105,105,-59,-58,21,-101,48,46,80,-99,120,53,39,-32,96,94,-121,-127,27,-89,-124,-83,100,18,-16,20,81,100,92,50,-92,63,116
4015,2,125,125,125,125,125,-34,-34,-34,-73,-12,-29,-73,97,-33,-20,-2,31,9,-26,-72,-83,-2,121,-60,90,62,109,93,126,-98,126,105,105,-59,-58,21,-101,48,46,80,-99,120,53,39,-32,96,94,-121,-127,27,-89,-124,-83,100,18,-16,20,81,100,92,50,-92,63,116
4016,2,125,125,125,125,125,-34,-34,-34,-73,-12,-29,-73,97,-33,-20,-2,31,9,-26,-72,-83,-2,121,-60,90,62,109,93,126,-98,126,105,105,-59,-58,21,-101,48,46,80,-99,120,53,39,-32,96,94,-121,-127,27,-89,-124,-83,100,18,-16,20,81,100,92,50,-92,63,116
4017,2,-84,-95,-95,-95,-95,-95,-42,-42,-82,-73,-12,-29,-73,97,-33,-20,-2,31,9,-26,-72,-83,-2,121,-60,90,62,109,93,126,-98,126,118,21,-79,-106,-62,-127,-63,-80,69,-22,123,110,-39,-31,51,107,-45,60,9,-42,111,55,105,-104,46,67,-20,-69,103,14,-30,39
4018,2,-84,-95,-95,-95,-95,-95,-42,-42,-82,-73,-12,-29,-73,97,-33,-20,-2,31,9,-26,-72,-83,-2,121,-60,90,62,109,93,126,-98,126,118,21,-79,-106,-62,-127,-63,-80,69,-22,123,110,-39,-31,51,107,-45,60,9,-42,111,55,105,-104,46,67,-20,-69,103,14,-30,39
4019,2,-84,-95,-95,-95,-95,-95,-42,-42,-82,-73,-12,-29,-73,97,-33,-20,-2,31,9,-26,-72,-83,-2,121,-60,90,62,109,93,126,-98,126,118,21,-79,-106,-62,-127,-63,-80,69,-22,123,110,-39,-31,51,107,-45,60,9,-42,111,55,105,-104,46,67,-20,-69,103,14,-30,39
4020,2,-45,-45,-121,-121,-121,-121,-121,72,-119,-82,-73,-12,-29,-73,97,-33,-20,-2,31,9,-26,-72,-83,-2,121,-60,90,62,109,93,126,-98,109,18,70,95,107,-55,-30,95,-49,-56,112,41,-74,-80,-96,57,-105,74,-11,-24,-82,-27,-40,-15,11,-19,-14,51,77,71,-47,-34
4021,2,-45,-45,-121,-121,-121,-121,-121,72,-119,-82,-73,-12,-29,-73,97,-33,-20,-2,31,9,-26,-72,-83,-2,121,-60,90,62,109,93,126,-98,109,18,70,95,107,-55,-30,95,-49,-56,112,41,-74,-80,-96,57,-105,74,-11,-24,-82,-27,-40,-15,11,-19,-14,51,77,71,-47,-34
4022,2,-45,-45,-121,-121,-121,-121,-121,72,-119,-82,-73,-12,-29,-73,97,-33,-20,-2,31,9,-26,-72,-83,-2,121,-60,90,62,109,93,126,-98,109,18,70,95,107,-55,-30,95,-49,-56,112,41,-74,-80,-96,57,-105,74,-11,-24,-82,-27,-40,-15,11,-19,-14,51,77,71,-47,-34
4023,2,118,118,118,56,56,56,56,56,34,-119,-82,-73,-12,-29,-73,97,-33,-20,-2,31,9,-26,-72,-83,-2,121,-60,90,62,109,93,126,-80,51,30,-34,94,23,-124,-109,25,-112,28,-3,17,-27,-98,-41,18,-117,-11,101,111,-122,22,-66,-76,100,-87,57,-4,-72,-100,-126
4024,2,118,118,118,56,56,56,56,56,34,-119,-82,-73,-12,-29,-73,97,-33,-20,-2,31,9,-26,-72,-83,-2,121,-60,90,62,109,93,126,-80,51,30,-34,94,23,-124,-109,25,-112,28,-3,17,-27,-98,-41,18,-117,-11,101,111,-122,22,-66,-76,100,-87,57,-4,-72,-100,-126
4025,2,118,118,118,56,56,56,56,56,34,-119,-82,-73,-12,-29,-73,97,-33,-20,-2,31,9,-26,-72,-83,-2,121,-60,90,62,109,93,126,-80,51,30,-34,94,23,-124,-109,25,-112,28,-3,17,-27,-98,-41,18,-117,-11,101,111,-122,22,-66,-76,100,-87,57,-4,-72,-100,-126
4026,2,47,47,47,47,-123,-123,-123,-123,119,34,-119,-82,-73,-12,-29,-73,97,-33,-20,-2,31,9,-26,-72,-83,-2,121,-60,90,62,109,93,105,-24,98,40,3,17,118,-57,-106,32,25,16,78,-67,-54,-87,-97,-7,31,-2,-108,45,-53,-123,-109,4,-19,-95,32,96,-51,-48
4027,2,47,47,47,47,-123,-123,-123,-123,119,34,-119,-82,-73,-12,-29,-73,97,-33,-20,-2,31,9,-26,-72,-83,-2,121,-60,90,62,109,93,105,-24,98,40,3,17,118,-57,-106,32,25,16,78,-67,-54,-87,-97,-7,31,-2,-108,45,-53,-123,-109,4,-19,-95,32,96,-51,-48
4028,2,47,47,47,47,-123,-123,-123,-123,119,34,-119,-82,-73,-12,-29,-73,97,-33,-20,-2,31,9,-26,-72,-83,-2,121,-60,90,62,109,93,105,-24,98,40,3,17,118,-57,-106,32,25,16,78,-67,-54,-87,-97,-7,31,-2,-108,45,-53,-123,-109,4,-19,-95,32,96,-51,-48
4029,2,59,59,59,59,59,-111,-111,-111,24,119,34,-119,-82,-73,-12,-29,-73,97,-33,-20,-2,31,9,-26,-72,-83,-2,121,-60,90,62,109,77,78,-116,78,-121,-73,-106,-108,-87,46,-68,-18,44,-43,-66,120,78,-12,103,-27,63,-52,-101,-123,-81,16,-90,-54,-9,61,-18,-55
4030,2,59,59,59,59,59,-111,-111,-111,24,119,34,-119,-82,-73,-12,-29,-73,97,-33,-20,-2,31,9,-26,-72,-83,-2,121,-60,90,62,109,77,78,-116,78,-121,-73,-106,-108,-87,46,-68,-18,44,-43,-66,120,78,-12,103,-27,63,-52,-101,-123,-81,16,-90,-54,-9,61,-18,-55
4031,2,59,59,59,59,59,-111,-111,-111,24,119,34,-119,-82,-73,-12,-29,-73,97,-33,-20,-2,31,9,-26,-72,-83,-2,121,-60,90,62,109,77,78,-116,78,-121,-73,-106,-108,-87,46,-68,-18,44,-43,-66,120,78,-12,103,-27,63,-52,-101,-123,-81,16,-90,-54,-9,61,-18,-55
4032,2,-33,-13,-13,-13,-13,-13,-96,-96,55,24,119,34,-119,-82,-73,-12,-29,-73,97,-33,-20,-2,31,9,-26,-72,-83,-2,121,-60,90,62,86,-69,-68,-127,52,64,-24,-96,92,-60,-101,0,-119,-125,12,2,-118,-38,-123,-48,-61,-57,-36,-11,125,-44,125,-119,-59,46,-94,69
4033,2,-33,-13,-13,-13,-13,-13,-96,-96,55,24,119,34,-119,-82,-73,-12,-29,-73,97,-33,-20,-2,31,9,-26,-72,-83,-2,121,-60,90,62,86,-69,-68,-127,52,64,-24,-96,92,-60,-101,0,-119,-125,12,2,-118,-38,-123,-48,-61,-57,-36,-11,125,-44,125,-119,-59,46,-94,69
4034,2,-33,-13,-13,-13,-13,-13,-96,-96,55,24,119,34,-119,-82,-73,-12,-29,-73,97,-33,-20,-2,31,9,-26,-72,-83,-2,121,-60,90,62,86,-69,-68,-127,52,64,-24,-96,92,-60,-101,0,-119,-125,12,2,-118,-38,-123,-48,-61,-57,-36,-11,125,-44,125,-119,-59,46,-94,69
4035,2,94,94,77,77,77,77,77,55,-104,55,24,119,34,-119,-82,-73,-12,-29,-73,97,-33,-20,-2,31,9,-26,-72,-83,-2,121,-60,90,59,18,10,4,126,-86,-44,-55,19,-25,-17,39,58,-126,-67,-58,90,127,-18,-96,-109,92,-121,-46,20,-36,-64,-72,23,-77,-70,-80
4036,2,94,94,77,77,77,77,77,55,-104,55,24,119,34,-119,-82,-73,-12,-29,-73,97,-33,-20,-2,31,9,-26,-72,-83,-2,121,-60,90,59,18,10,4,126,-86,-44,-55,19,-25,-17,39,58,-126,-67,-58,90,127,-18,-96,-109,92,-121,-46,20,-36,-64,-72,23,-77,-70,-80
4037,2,94,94,77,77,77,77,77,55,-104,55,24,119,34,-119,-82,-73,-12,-29,-73,97,-33,-20,-2,31,9,-26,-72,-83,-2,121,-60,90,59,18,10,4,126,-86,-44,-55,19,-25,-17,39,58,-126,-67,-58,90,127,-18,-96,-109,92,-121,-46,20,-36,-64,-72,23,-77,-70,-80
4038,2,-9,-9,-9,-45,-45,-45,-45,-45,125,-104,55,24,119,34,-119,-82,-73,-12,-29,-73,97,-33,-20,-2,31,9,-26,-72,-83,-2,121,-60,-29,106,-21,45,-71,-90,-96,-6,-51,-31,37,95,118,-16,-118,72,-39,27,-69,13,62,6,-7,6,18,-8,43,-51,49,-53,-81,51
4039,2,-9,-9,-9,-45,-45,-45,-45,-45,125,-104,55,24,119,34,-119,-82,-73,-12,-29,-73,97,-33,-20,-2,31,9,-26,-72,-83,-2,121,-60,-29,106,-21,45,-71,-90,-96,-6,-51,-31,37,95,118,-16,-118,72,-39,27,-69,13,62,6,-7,6,18,-8,43,-51,49,-53,-81,51
4040,2,-9,-9,-9,-45,-45,-45,-45,-45,125,-104,55,24,119,34,-119,-82,-73,-12,-29,-73,97,-33,-20,-2,31,9,-26,-72,-83,-2,121,-60,-29,106,-21,45,-71,-90,-96,-6,-51,-31,37,95,118,-16,-118,72,-39,27,-69,13,62,6,-7,6,18,-8,43,-51,49,-53,-81,51
4041,2,-119,-119,-119,-119,58,58,58,58,-84,125,-104,55,24,119,34,-119,-82,-73,-12,-29,-73,97,-33,-20,-2,31,9,-26,-72,-83,-2,121,-27,-120,39,-120,-16,80,61,64,63,113,18,-80,81,29,-25,-93,-16,-53,96,38,67,110,-70,80,-95,79,-108,5,-46,44,-105,-83
4042,2,-119,-119,-119,-119,58,58,58,58,-84,125,-104,55,24,119,34,-119,-82,-73,-12,-29,-73,97,-33,-20,-2,31,9,-26,-72,-83,-2,121,-27,-120,39,-120,-16,80,61,64,63,113,18,-80,81,29,-25,-93,-16,-53,96,38,67,110,-70,80,-95,79,-108,5,-46,44,-105,-83
4043,2,-119,-119,-119,-119,58,58,58,58,-84,125,-104,55,24,119,34,-119,-82,-73,-12,-29,-73,97,-33,-20,-2,31,9,-26,-72,-83,-2,121,-27,-120,39,-120,-16,80,61,64,63,113,18,-80,81,29,-25,-93,-16,-53,96,38,67,110,-70,80,-95,79,-108,5,-46,44,-105,-83
4044,2,23,23,23,23,23,-40,-40,-40,-45,-84,125,-104,55,24,119,34,-119,-82,-73,-12,-29,-73,97,-33,-20,-2,31,9,-26,-72,-83,-2,-21,-114,-77,79,45,-125,-74,121,72,-40,-23,6,-51,-76,81,113,-123,-45,44,-23,-25,-102,-13,-83,-124,-62,-74,45,6,-10,38,-27
4045,2,23,23,23,23,23,-40,-40,-40,-45,-84,125,-104,55,24,119,34,-119,-82,-73,-12,-29,-73,97,-33,-20,-2,31,9,-26,-72,-83,-2,-21,-114,-77,79,45,-125,-74,121,72,-40,-23,6,-51,-76,81,113,-123,-45,44,-23,-25,-102,-13,-83,-124,-62,-74,45,6,-10,38,-27
4046,2,23,23,23,23,23,-40,-40,-40,-45,-84,125,-104,55,24,119,34,-119,-82,-73,-12,-29,-73,97,-33,-20,-2,31,9,-26,-72,-83,-2,-21,-114,-77,79,45,-125,-74,121,72,-40,-23,6,-51,-76,81,113,-123,-45,44,-23,-25,-102,-13,-83,-124,-62,-74,45,6,-10,38,-27
4047,2,111,30,30,30,30,30,55,55,118,-45,-84,125,-104,55,24,119,34,-119,-82,-73,-12,-29,-73,97,-33,-20,-2,31,9,-26,-72,-83,-10,113,-110,114,96,2,-121,109,-120,48,69,40,81,-103,-37,-38,34,37,-26,112,117,76,97,-70,-117,111,-53,25,-117,-127,23,4
4048,2,111,30,30,30,30,30,55,55,118,-45,-84,125,-104,55,24,119,34,-119,-82,-73,-12,-29,-73,97,-33,-20,-2,31,9,-26,-72,-83,-10,113,-110,114,96,2,-121,109,-120,48,69,40,81,-103,-37,-38,34,37,-26,112,117,76,97,-70,-117,111,-53,25,-117,-127,23,4
4049,2,111,30,30,30,30,30,55,55,118,-45,-84,125,-104,55,24,119,34,-119,-82,-73,-12,-29,-73,97,-33,-20,-2,31,9,-26,-72,-83,-10,113,-110,114,96,2,-121,109,-120,48,69,40,81,-103,-37,-38,34,37,-26,112,117,76,97,-70,-117,111,-53,25,-117,-127,23,4
4050,2,23,23,-10,-10,-10,-10,-10,-89,47,118,-45,-84,125,-104,55,24,119,34,-119,-82,-73,-12,-29,-73,97,-33,-20,-2,31,9,-26,-72,-49,-31,23,-73,-31,49,84,-52,33,-17,27,90,123,-79,-70,116,83,-24,-114,76,94,-113,65,-48,64,24,-87,51,-18,-43,-4,-49
4051,2,23,23,-10,-10,-10,-10,-10,-89,47,118,-45,-84,125,-104,55,24,119,34,-119,-82,-73,-12,-29,-73,97,-33,-20,-2,31,9,-26,-72,-49,-31,23,-73,-31,49,84,-52,33,-17,27,90,123,-79,-70,116,83,-24,-114,76,94,-113,65,-48,64,24,-87,51,-18,-43,-4,-49
4052,2,23,23,-10,-10,-10,-10,-10,-89,47,118,-45,-84,125,-104,55,24,119,34,-119,-82,-73,-12,-29,-73,97,-33,-20,-2,31,9,-26,-72,-49,-31,23,-73,-31,49,84,-52,33,-17,27,90,123,-79,-70,116,83,-24,-114,76,94,-113,65,-48,64,24,-87,51,-18,-43,-4,-49
4053,2,-69,-69,-69,-13,-13,-13,-13,-13,59,47,118,-45,-84,125,-104,55,24,119,34,-119,-82,-73,-12,-29,-73,97,-33,-20,-2,31,9,-26,67,-111,-116,-94,-113,83,113,108,-122,-20,120,-46,-51,-13,-124,-95,87,-18,30,110,92,56,-79,-125,-118,-22,71,33,64,-126,-45,-97
4054,2,-69,-69,-69,-13,-13,-13,-13,-13,59,47,118,-45,-84,125,-104,55,24,119,34,-119,-82,-73,-12,-29,-73,97,-33,-20,-2,31,9,-26,67,-111,-116,-94,-113,83,113,108,-122,-20,120,-46,-51,-13,-124,-95,87,-18,30,110,92,56,-79,-125,-118,-22,71,33,64,-126,-45,-97
4055,2,-69,-69,-69,-13,-13,-13,-13,-13,59,47,118,-45,-84,125,-104,55,24,119,34,-119,-82,-73,-12,-29,-73,97,-33,-20,-2,31,9,-26,67,-111,-116,-94,-113,83,113,108,-122,-20,120,-46,-51,-13,-124,-95,87,-18,30,110,92,56,-79,-125,-118,-22,71,33,64,-126,-45,-97
4056,2,-90,-90,-90,-90,12,12,12,12,-33,59,47,118,-45,-84,125,-104,55,24,119,34,-119,-82,-73,-12,-29,-73,97,-33,-20,-2,31,9,36,59,0,61,65,-97,-55,40,-11,1,-88,-34,-93,113,-22,-57,68,-21,3,-101,52,31,-109,-26,83,121,94,83,-116,70,-11,-123
4057,2,-90,-90,-90,-90,12,12,12,12,-33,59,47,118,-45,-84,125,-104,55,24,119,34,-119,-82,-73,-12,-29,-73,97,-33,-20,-2,31,9,36,59,0,61,65,-97,-55,40,-11,1,-88,-34,-93,113,-22,-57,68,-21,3,-101,52,31,-109,-26,83,121,94,83,-116,70,-11,-123
4058,2,-90,-90,-90,-90,12,12,12,12,-33,59,47,118,-45,-84,125,-104,55,24,119,34,-119,-82,-73,-12,-29,-73,97,-33,-20,-2,31,9,36,59,0,61,65,-97,-55,40,-11,1,-88,-34,-93,113,-22,-57,68,-21,3,-101,52,31,-109,-26,83,121,94,83,-116,70,-11,-123
4059,2,105,105,105,105,105,-92,-92,-92,94,-33,59,47,118,-45,-84,125,-104,55,24,119,34,-119,-82,-73,-12,-29,-73,97,-33,-20,-2,31,23,94,108,120,-98,33,-118,89,-107,107,26,85,33,113,48,7,114,-25,68,110,111,58,-126,-92,-69,-24,-43,-42,39,-32,-72,-94
4060,2,105,105,105,105,105,-92,-92,-92,94,-33,59,47,118,-45,-84,125,-104,55,24,119,34,-119,-82,-73,-12,-29,-73,97,-33,-20,-2,31,23,94,108,120,-98,33,-118,89,-107,107,26,85,33,113,48,7,114,-25,68,110,111,58,-126,-92,-69,-24,-43,-42,39,-32,-72,-94
4061,2,105,105,105,105,105,-92,-92,-92,94,-33,59,47,118,-45,-84,125,-104,55,24,119,34,-119,-82,-73,-12,-29,-73,97,-33,-20,-2,31,23,94,108,120,-98,33,-118,89,-107,107,26,85,33,113,48,7,114,-25,68,110,111,58,-126,-92,-69,-24,-43,-42,39,-32,-72,-94
4062,2,-98,-64,-64,-64,-64,-64,104,104,-9,94,-33,59,47,118,-45,-84,125,-104,55,24,119,34,-119,-82,-73,-12,-29,-73,97,-33,-20,-2,-100,-46,100,-29,5,57,25,-35,105,-26,-9,-61,-120,-58,-56,72,38,-77,-124,-13,-46,-105,-112,-124,-90,119,113,34,75,-67,-87,-67
4063,2,-98,-64,-64,-64,-64,-64,104,104,-9,94,-33,59,47,118,-45,-84,125,-104,55,24,119,34,-119,-82,-73,-12,-29,-73,97,-33,-20,-2,-100,-46,100,-29,5,57,25,-35,105,-26,-9,-61,-120,-58,-56,72,38,-77,-124,-13,-46,-105,-112,-124,-90,119,113,34,75,-67,-87,-67
4064,2,-98,-64,-64,-64,-64,-64,104,104,-9,94,-33,59,47,118,-45,-84,125,-104,55,24,119,34,-119,-82,-73,-12,-29,-73,97,-33,-20,-2,-100,-46,100,-29,5,57,25,-35,105,-26,-9,-61,-120,-58,-56,72,38,-77,-124,-13,-46,-105,-112,-124,-90,119,113,34,75,-67,-87,-67
4065,2,56,56,60,60,60,60,60,-6,-119,-9,94,-33,59,47,118,-45,-84,125,-104,55,24,119,34,-119,-82,-73,-12,-29,-73,97,-33,-20,-19,-49,16,-120,-121,56,-89,13,-23,26,-83,-52,7,64,-43,-81,-17,24,101,53,-109,67,40,-102,-105,22,119,38,-124,39,123,123
4066,2,56,56,60,60,60,60,60,-6,-119,-9,94,-33,59,47,118,-45,-84,125,-104,55,24,119,34,-119,-82,-73,-12,-29,-73,97,-33,-20,-19,-49,16,-120,-121,56,-89,13,-23,26,-83,-52,7,64,-43,-81,-17,24,101,53,-109,67,40,-102,-105,22,119,38,-124,39,123,123
4067,2,56,56,60,60,60,60,60,-6,-119,-9,94,-33,59,47,118,-45,-84,125,-104,55,24,119,34,-119,-82,-73,-12,-29,-73,97,-33,-20,-19,-49,16,-120,-121,56,-89,13,-23,26,-83,-52,7,64,-43,-81,-17,24,101,53,-109,67,40,-102,-105,22,119,38,-124,39,123,123
4068,2,22,22,22,-124,-124,-124,-124,-124,23,-119,-9,94,-33,59,47,118,-45,-84,125,-104,55,24,119,34,-119,-82,-73,-12,-29,-73,97,-33,-31,24,87,-33,-32,-91,-46,8,-114,41,-73,-14,-68,-101,107,-37,-107,58,32,-119,29,70,-99,-48,-81,36,-20,-87,99,29,-74,-93
4069,2,22,22,22,-124,-124,-124,-124,-124,23,-119,-9,94,-33,59,47,118,-45,-84,125,-104,55,24,119,34,-119,-82,-73,-12,-29,-73,97,-33,-31,24,87,-33,-32,-91,-46,8,-114,41,-73,-14,-68,-101,107,-37,-107,58,32,-119,29,70,-99,-48,-81,36,-20,-87,99,29,-74,-93
4070,2,22,22,22,-124,-124,-124,-124,-124,23,-119,-9,94,-33,59,47,118,-45,-84,125,-104,55,24,119,34,-119,-82,-73,-12,-29,-73,97,-33,-31,24,87,-33,-32,-91,-46,8,-114,41,-73,-14,-68,-101,107,-37,-107,58,32,-119,29,70,-99,-48,-81,36,-20,-87,99,29,-74,-93
4071,2,-26,-26,-26,-26,-44,-44,-44,-44,111,23,-119,-9,94,-33,59,47,118,-45,-84,125,-104,55,24,119,34,-119,-82,-73,-12,-29,-73,97,-111,-96,-122,33,-44,108,3,103,61,18,35,13,-102,-87,-108,-10,18,11,79,-100,-38,-81,-97,-20,-70,88,52,-124,108,-97,7,-86
4072,2,-26,-26,-26,-26,-44,-44,-44,-44,111,23,-119,-9,94,-33,59,47,118,-45,-84,125,-104,55,24,119,34,-119,-82,-73,-12,-29,-73,97,-111,-96,-122,33,-44,108,3,103,61,18,35,13,-102,-87,-108,-10,18,11,79,-100,-38,-81,-97,-20,-70,88,52,-124,108,-97,7,-86
4073,2,-26,-26,-26,-26,-44,-44,-44,-44,111,23,-119,-9,94,-33,59,47,118,-45,-84,125,-104,55,24,119,34,-119,-82,-73,-12,-29,-73,97,-111,-96,-122,33,-44,108,3,103,61,18,35,13,-102,-87,-108,-10,18,11,79,-100,-38,-81,-97,-20,-70,88,52,-124,108,-97,7,-86
4074,2,-36,-36,-36,-36,-36,22,22,22,23,111,23,-119,-9,94,-33,59,47,118,-45,-84,125,-104,55,24,119,34,-119,-82,-73,-12,-29,-73,13,-84,-106,125,83,67,-24,-116,104,-105,70,95,55,103,18,-36,27,-25,25,50,-55,45,-92,59,-58,69,-66,17,106,61,-34,-13
4075,2,-36,-36,-36,-36,-36,22,22,22,23,111,23,-119,-9,94,-33,59,47,118,-45,-84,125,-104,55,24,119,34,-119,-82,-73,-12,-29,-73,13,-84,-106,125,83,67,-24,-116,104,-105,70,95,55,103,18,-36,27,-25,25,50,-55,45,-92,59,-58,69,-66,17,106,61,-34,-13
4076,2,-36,-36,-36,-36,-36,22,22,22,23,111,23,-119,-9,94,-33,59,47,118,-45,-84,125,-104,55,24,119,34,-119,-82,-73,-12,-29,-73,13,-84,-106,125,83,67,-24,-116,104,-105,70,95,55,103,18,-36,27,-25,25,50,-55,45,-92,59,-58,69,-66,17,106,61,-34,-13
4077,2,-10,31,31,31,31,31,-93,-93,-69,23,111,23,-119,-9,94,-33,59,47,118,-45,-84,125,-104,55,24,119,34,-119,-82,-73,-12,-29,-62,53,59,108,-78,43,45,-56,-122,-108,-88,119,-77,-81,114,14,85,-9,20,0,54,9,87,-26,-59,-9,55,49,-80,-33,112,-66
4078,2,-10,31,31,31,31,31,-93,-93,-69,23,111,23,-119,-9,94,-33,59,47,118,-45,-84,125,-104,55,24,119,34,-119,-82,-73,-12,-29,-62,53,59,108,-78,43,45,-56,-122,-108,-88,119,-77,-81,114,14,85,-9,20,0,54,9,87,-26,-59,-9,55,49,-80,-33,112,-66
4079,2,-10,31,31,31,31,31,-93,-93,-69,23,111,23,-119,-9,94,-33,59,47,118,-45,-84,125,-104,55,24,119,34,-119,-82,-73,-12,-29,-62,53,59,108,-78,43,45,-56,-122,-108,-88,119,-77,-81,114,14,85,-9,20,0,54,9,87,-26,-59,-9,55,49,-80,-33,112,-66
4080,2,-37,-37,-36,-36,-36,-36,-36,34,-90,-69,23,111,23,-119,-9,94,-33,59,47,118,-45,-84,125,-104,55,24,119,34,-119,-82,-73,-12,39,-113,113,123,56,-30,61,2,10,-106,107,-31,64,-120,-7,-64,80,0,25,46,-63,117,38,-110,-95,47,-91,41,-36,-55,56,2
4081,2,-37,-37,-36,-36,-36,-36,-36,34,-90,-69,23,111,23,-119,-9,94,-33,59,47,118,-45,-84,125,-104,55,24,119,34,-119,-82,-73,-12,39,-113,113,123,56,-30,61,2,10,-106,107,-31,64,-120,-7,-64,80,0,25,46,-63,117,38,-110,-95,47,-91,41,-36,-55,56,2
4082,2,-37,-37,-36,-36,-36,-36,-36,34,-90,-69,23,111,23,-119,-9,94,-33,59,47,118,-45,-84,125,-104,55,24,119,34,-119,-82,-73,-12,39,-113,113,123,56,-30,61,2,10,-106,107,-31,64,-120,-7,-64,80,0,25,46,-63,117,38,-110,-95,47,-91,41,-36,-55,56,2
4083,2,-24,-24,-24,69,69,69,69,69,105,-90,-69,23,111,23,-119,-9,94,-33,59,47,118,-45,-84,125,-104,55,24,119,34,-119,-82,-73,2,-85,-52,-87,69,89,-117,-83,76,89,-22,69,-116,-104,-123,-122,-99,-59,-41,-36,-24,68,42,-15,-29,-14,-49,-46,-68,-122,107,-40
4084,2,-24,-24,-24,69,69,69,69,69,105,-90,-69,23,111,23,-119,-9,94,-33,59,47,118,-45,-84,125,-104,55,24,119,34,-119,-82,-73,2,-85,-52,-87,69,89,-117,-83,76,89,-22,69,-116,-104,-123,-122,-99,-59,-41,-36,-24,68,42,-15,-29,-14,-49,-46,-68,-122,107,-40
4085,2,-24,-24,-24,69,69,69,69,69,105,-90,-69,23,111,23,-119,-9,94,-33,59,47,118,-45,-84,125,-104,55,24,119,34,-119,-82,-73,2,-85,-52,-87,69,89,-117,-83,76,89,-22,69,-116,-104,-123,-122,-99,-59,-41,-36,-24,68,42,-15,-29,-14,-49,-46,-68,-122,107,-40
4086,2,66,66,66,66,-53,-53,-53,-53,-98,105,-90,-69,23,111,23,-119,-9,94,-33,59,47,118,-45,-84,125,-104,55,24,119,34,-119,-82,-47,43,-96,-108,116,-66,2,-74,38,74,-116,87,-22,-79,15,-93,-72,-87,-27,123,11,92,-115,-66,-2,110,1,-63,64,-119,-92,103
4087,2,66,66,66,66,-53,-53,-53,-53,-98,105,-90,-69,23,111,23,-119,-9,94,-33,59,47,118,-45,-84,125,-104,55,24,119,34,-119,-82,-47,43,-96,-108,116,-66,2,-74,38,74,-116,87,-22,-79,15,-93,-72,-87,-27,123,11,92,-115,-66,-2,110,1,-63,64,-119,-92,103
4088,2,66,66,66,66,-53,-53,-53,-53,-98,105,-90,-69,23,111,23,-119,-9,94,-33,59,47,118,-45,-84,125,-104,55,24,119,34,-119,-82,-47,43,-96,-108,116,-66,2,-74,38,74,-116,87,-22,-79,15,-93,-72,-87,-27,123,11,92,-115,-66,-2,110,1,-63,64,-119,-92,103
4089,2,72,72,72,72,72,-68,-68,-68,56,-98,105,-90,-69,23,111,23,-119,-9,94,-33,59,47,118,-45,-84,125,-104,55,24,119,34,-119,20,19,-11,-127,64,-22,-43,-30,30,-127,-25,99,-118,-102,-112,24,-100,-108,-124,-94,12,-95,26,8,-9,-60,-65,70,10,6,65,72
4090,2,72,72,72,72,72,-68,-68,-68,56,-98,105,-90,-69,23,111,23,-119,-9,94,-33,59,47,118,-45,-84,125,-104,55,24,119,34,-119,20,19,-11,-127,64,-22,-43,-30,30,-127,-25,99,-118,-102,-112,24,-100,-108,-124,-94,12,-95,26,8,-9,-60,-65,70,10,6,65,72
4091,2,72,72,72,72,72,-68,-68,-68,56,-98,105,-90,-69,23,111,23,-119,-9,94,-33,59,47,118,-45,-84,125,-104,55,24,119,34,-119,20,19,-11,-127,64,-22,-43,-30,30,-127,-25,99,-118,-102,-112,24,-100,-108,-124,-94,12,-95,26,8,-9,-60,-65,70,10,6,65,72
4092,2,-123,89,89,89,89,89,80,80,22,56,-98,105,-90,-69,23,111,23,-119,-9,94,-33,59,47,118,-45,-84,125,-104,55,24,119,34,33,66,39,-68,-103,23,-90,84,-37,-54,-47,73,-76,-4,79,-79,67,112,19,-115,113,74,34,90,-75,-34,-30,108,-47,38,-43,-60
4093,2,-123,89,89,89,89,89,80,80,22,56,-98,105,-90,-69,23,111,23,-119,-9,94,-33,59,47,118,-45,-84,125,-104,55,24,119,34,33,66,39,-68,-103,23,-90,84,-37,-54,-47,73,-76,-4,79,-79,67,112,19,-115,113,74,34,90,-75,-34,-30,108,-47,38,-43,-60
4094,2,-123,89,89,89,89,89,80,80,22,56,-98,105,-90,-69,23,111,23,-119,-9,94,-33,59,47,118,-45,-84,125,-104,55,24,119,34,33,66,39,-68,-103,23,-90,84,-37,-54,-47,73,-76,-4,79,-79,67,112,19,-115,113,74,34,90,-75,-34,-30,108,-47,38,-43,-60
4095,2,6,6,44,44,44,44,44,-54,-26,22,56,-98,105,-90,-69,23,111,23,-119,-9,94,-33,59,47,118,-45,-84,125,-104,55,24,119,108,-48,117,75,6,-41,-53,-34,20,-31,63,-6,-20,-29,95,56,-47,-69,31,-62,30,11,-42,-78,104,-3,-101,80,75,8,-21,-48
