count,context,act0,act1,act2,act3,act4,act5,act6,act7,act8,act9,act10,act11,act12,act13,act14,act15,act16,act17,act18,act19,act20,act21,act22,act23,act24,act25,act26,act27,act28,act29,act30,act31,wei0,wei1,wei2,wei3,wei4,wei5,wei6,wei7,wei8,wei9,wei10,wei11,wei12,wei13,wei14,wei15,wei16,wei17,wei18,wei19,wei20,wei21,wei22,wei23,wei24,wei25,wei26,wei27,wei28,wei29,wei30,wei31
0,0,0,0,0,0,0,0,0,0,0,0,0,0,0,0,0,0,0,0,0,0,0,0,0,0,0,0,0,0,0,0,0,0,0,0,0,0,0,0,0,0,0,0,0,0,0,0,0,0,0,0,0,0,0,0,0,0,0,0,0,0,0,0,0,0
1,0,0,0,0,0,0,0,0,0,0,0,0,0,0,0,0,0,0,0,0,0,0,0,0,0,0,0,0,0,0,0,0,0,0,0,0,0,0,0,0,0,0,0,0,0,0,0,0,0,0,0,0,0,0,0,0,0,0,0,0,0,0,0,0,0
2,0,0,0,0,0,0,0,0,0,0,0,0,0,0,0,0,0,0,0,0,0,0,0,0,0,0,0,0,0,0,0,0,0,0,0,0,0,0,0,0,0,0,0,0,0,0,0,0,0,0,0,0,0,0,0,0,0,0,0,0,0,0,0,0,0
3,0,0,0,0,0,0,0,0,0,0,0,0,0,0,0,0,0,0,0,0,0,0,0,0,0,0,0,0,0,0,0,0,0,0,0,0,0,0,0,0,0,0,0,0,0,0,0,0,0,0,0,0,0,0,0,0,0,0,0,0,0,0,0,0,0
4,0,0,0,0,0,0,0,0,0,0,0,0,0,0,0,0,0,0,0,0,0,0,0,0,0,0,0,0,0,0,0,0,0,0,0,0,0,0,0,0,0,0,0,0,0,0,0,0,0,0,0,0,0,0,0,0,0,0,0,0,0,0,0,0,0
5,0,0,0,0,0,0,0,0,0,0,0,0,0,0,0,0,0,0,0,0,0,0,0,0,0,0,0,0,0,0,0,0,0,0,0,0,0,0,0,0,0,0,0,0,0,0,0,0,0,0,0,0,0,0,0,0,0,0,0,0,0,0,0,0,0
6,0,-1.82812,0,0,0,0,0,0,0,0,0,0,0,0,0,0,0,0,0,0,0,0,0,0,0,0,0,0,0,0,0,0,0,-1.7334,0,0,0,0,0,0,0,0,0,0,0,0,0,0,0,0,0,0,0,0,0,0,0,0,0,0,0,0,0,0,0
7,0,-1.82812,0,0,0,0,0,0,0,0,0,0,0,0,0,0,0,0,0,0,0,0,0,0,0,0,0,0,0,0,0,0,0,-1.7334,0,0,0,0,0,0,0,0,0,0,0,0,0,0,0,0,0,0,0,0,0,0,0,0,0,0,0,0,0,0,0
8,0,-1.82812,0,0,0,0,0,0,0,0,0,0,0,0,0,0,0,0,0,0,0,0,0,0,0,0,0,0,0,0,0,0,0,-1.7334,0,0,0,0,0,0,0,0,0,0,0,0,0,0,0,0,0,0,0,0,0,0,0,0,0,0,0,0,0,0,0
9,0,-0.297607,-0.442627,0,0,0,0,0,0,0,0,0,0,0,0,0,0,0,0,0,0,0,0,0,0,0,0,0,0,0,0,0,0,-0.113708,-1.7334,0,0,0,0,0,0,0,0,0,0,0,0,0,0,0,0,0,0,0,0,0,0,0,0,0,0,0,0,0,0
10,0,-0.297607,-0.442627,0,0,0,0,0,0,0,0,0,0,0,0,0,0,0,0,0,0,0,0,0,0,0,0,0,0,0,0,0,0,-0.113708,-1.7334,0,0,0,0,0,0,0,0,0,0,0,0,0,0,0,0,0,0,0,0,0,0,0,0,0,0,0,0,0,0
11,0,-0.297607,-0.442627,0,0,0,0,0,0,0,0,0,0,0,0,0,0,0,0,0,0,0,0,0,0,0,0,0,0,0,0,0,0,-0.113708,-1.7334,0,0,0,0,0,0,0,0,0,0,0,0,0,0,0,0,0,0,0,0,0,0,0,0,0,0,0,0,0,0
12,0,0.684082,0.324707,0.408447,0,0,0,0,0,0,0,0,0,0,0,0,0,0,0,0,0,0,0,0,0,0,0,0,0,0,0,0,0,1.08301,-0.689941,-1.7334,0,0,0,0,0,0,0,0,0,0,0,0,0,0,0,0,0,0,0,0,0,0,0,0,0,0,0,0,0
13,0,0.684082,0.324707,0.408447,0,0,0,0,0,0,0,0,0,0,0,0,0,0,0,0,0,0,0,0,0,0,0,0,0,0,0,0,0,1.08301,-0.689941,-1.7334,0,0,0,0,0,0,0,0,0,0,0,0,0,0,0,0,0,0,0,0,0,0,0,0,0,0,0,0,0
14,0,0.684082,0.324707,0.408447,0,0,0,0,0,0,0,0,0,0,0,0,0,0,0,0,0,0,0,0,0,0,0,0,0,0,0,0,0,1.08301,-0.689941,-1.7334,0,0,0,0,0,0,0,0,0,0,0,0,0,0,0,0,0,0,0,0,0,0,0,0,0,0,0,0,0
15,0,-0.389404,0.250244,0.00253105,-0.285156,0,0,0,0,0,0,0,0,0,0,0,0,0,0,0,0,0,0,0,0,0,0,0,0,0,0,0,0,0.504395,-0.568359,-0.212524,-1.7334,0,0,0,0,0,0,0,0,0,0,0,0,0,0,0,0,0,0,0,0,0,0,0,0,0,0,0,0
16,0,-0.389404,0.250244,0.00253105,-0.285156,0,0,0,0,0,0,0,0,0,0,0,0,0,0,0,0,0,0,0,0,0,0,0,0,0,0,0,0,0.504395,-0.568359,-0.212524,-1.7334,0,0,0,0,0,0,0,0,0,0,0,0,0,0,0,0,0,0,0,0,0,0,0,0,0,0,0,0
17,0,-0.389404,0.250244,0.00253105,-0.285156,0,0,0,0,0,0,0,0,0,0,0,0,0,0,0,0,0,0,0,0,0,0,0,0,0,0,0,0,0.504395,-0.568359,-0.212524,-1.7334,0,0,0,0,0,0,0,0,0,0,0,0,0,0,0,0,0,0,0,0,0,0,0,0,0,0,0,0
18,0,0.459229,0.277344,0.483643,1.93262,0.102356,0,0,0,0,0,0,0,0,0,0,0,0,0,0,0,0,0,0,0,0,0,0,0,0,0,0,0,0.693359,-1.51367,0.642578,-1.1084,-1.7334,0,0,0,0,0,0,0,0,0,0,0,0,0,0,0,0,0,0,0,0,0,0,0,0,0,0,0
19,0,0.459229,0.277344,0.483643,1.93262,0.102356,0,0,0,0,0,0,0,0,0,0,0,0,0,0,0,0,0,0,0,0,0,0,0,0,0,0,0,0.693359,-1.51367,0.642578,-1.1084,-1.7334,0,0,0,0,0,0,0,0,0,0,0,0,0,0,0,0,0,0,0,0,0,0,0,0,0,0,0
20,0,0.459229,0.277344,0.483643,1.93262,0.102356,0,0,0,0,0,0,0,0,0,0,0,0,0,0,0,0,0,0,0,0,0,0,0,0,0,0,0,0.693359,-1.51367,0.642578,-1.1084,-1.7334,0,0,0,0,0,0,0,0,0,0,0,0,0,0,0,0,0,0,0,0,0,0,0,0,0,0,0
21,0,0.632812,-0.442383,1.97949,2.31641,0.935059,0.0385742,0,0,0,0,0,0,0,0,0,0,0,0,0,0,0,0,0,0,0,0,0,0,0,0,0,0,-1.28418,0.378174,0.445557,1.53516,-0.470703,-1.7334,0,0,0,0,0,0,0,0,0,0,0,0,0,0,0,0,0,0,0,0,0,0,0,0,0,0
22,0,0.632812,-0.442383,1.97949,2.31641,0.935059,0.0385742,0,0,0,0,0,0,0,0,0,0,0,0,0,0,0,0,0,0,0,0,0,0,0,0,0,0,-1.28418,0.378174,0.445557,1.53516,-0.470703,-1.7334,0,0,0,0,0,0,0,0,0,0,0,0,0,0,0,0,0,0,0,0,0,0,0,0,0,0
23,0,0.632812,-0.442383,1.97949,2.31641,0.935059,0.0385742,0,0,0,0,0,0,0,0,0,0,0,0,0,0,0,0,0,0,0,0,0,0,0,0,0,0,-1.28418,0.378174,0.445557,1.53516,-0.470703,-1.7334,0,0,0,0,0,0,0,0,0,0,0,0,0,0,0,0,0,0,0,0,0,0,0,0,0,0
24,0,0.980957,0.754395,0.231323,1.25,1.59766,0.98877,0.867188,0,0,0,0,0,0,0,0,0,0,0,0,0,0,0,0,0,0,0,0,0,0,0,0,0,-0.739258,0.1427,1.00781,-0.456543,0.0934448,0.708496,-1.7334,0,0,0,0,0,0,0,0,0,0,0,0,0,0,0,0,0,0,0,0,0,0,0,0,0
25,0,0.980957,0.754395,0.231323,1.25,1.59766,0.98877,0.867188,0,0,0,0,0,0,0,0,0,0,0,0,0,0,0,0,0,0,0,0,0,0,0,0,0,-0.739258,0.1427,1.00781,-0.456543,0.0934448,0.708496,-1.7334,0,0,0,0,0,0,0,0,0,0,0,0,0,0,0,0,0,0,0,0,0,0,0,0,0
26,0,0.980957,0.754395,0.231323,1.25,1.59766,0.98877,0.867188,0,0,0,0,0,0,0,0,0,0,0,0,0,0,0,0,0,0,0,0,0,0,0,0,0,-0.739258,0.1427,1.00781,-0.456543,0.0934448,0.708496,-1.7334,0,0,0,0,0,0,0,0,0,0,0,0,0,0,0,0,0,0,0,0,0,0,0,0,0
27,0,-1.41113,0.516602,1.17383,-0.861816,-0.125977,0.536133,0.428711,0.933105,0,0,0,0,0,0,0,0,0,0,0,0,0,0,0,0,0,0,0,0,0,0,0,0,-0.469727,-0.707031,-0.343994,1.03613,0.946777,1.6748,0.628418,-1.7334,0,0,0,0,0,0,0,0,0,0,0,0,0,0,0,0,0,0,0,0,0,0,0,0
28,0,-1.41113,0.516602,1.17383,-0.861816,-0.125977,0.536133,0.428711,0.933105,0,0,0,0,0,0,0,0,0,0,0,0,0,0,0,0,0,0,0,0,0,0,0,0,-0.469727,-0.707031,-0.343994,1.03613,0.946777,1.6748,0.628418,-1.7334,0,0,0,0,0,0,0,0,0,0,0,0,0,0,0,0,0,0,0,0,0,0,0,0
29,0,-1.41113,0.516602,1.17383,-0.861816,-0.125977,0.536133,0.428711,0.933105,0,0,0,0,0,0,0,0,0,0,0,0,0,0,0,0,0,0,0,0,0,0,0,0,-0.469727,-0.707031,-0.343994,1.03613,0.946777,1.6748,0.628418,-1.7334,0,0,0,0,0,0,0,0,0,0,0,0,0,0,0,0,0,0,0,0,0,0,0,0
30,0,1.72852,2.2793,1.38281,1.01074,0.754883,-0.573242,2.66797,-1.20801,0.465088,0,0,0,0,0,0,0,0,0,0,0,0,0,0,0,0,0,0,0,0,0,0,0,-0.855469,0.612793,1.24023,2.08984,0.990723,-0.443115,-0.852539,0.901367,-1.7334,0,0,0,0,0,0,0,0,0,0,0,0,0,0,0,0,0,0,0,0,0,0,0
31,0,1.72852,2.2793,1.38281,1.01074,0.754883,-0.573242,2.66797,-1.20801,0.465088,0,0,0,0,0,0,0,0,0,0,0,0,0,0,0,0,0,0,0,0,0,0,0,-0.855469,0.612793,1.24023,2.08984,0.990723,-0.443115,-0.852539,0.901367,-1.7334,0,0,0,0,0,0,0,0,0,0,0,0,0,0,0,0,0,0,0,0,0,0,0
32,0,1.72852,2.2793,1.38281,1.01074,0.754883,-0.573242,2.66797,-1.20801,0.465088,0,0,0,0,0,0,0,0,0,0,0,0,0,0,0,0,0,0,0,0,0,0,0,-0.855469,0.612793,1.24023,2.08984,0.990723,-0.443115,-0.852539,0.901367,-1.7334,0,0,0,0,0,0,0,0,0,0,0,0,0,0,0,0,0,0,0,0,0,0,0
33,0,-0.333984,1.72363,1.61719,0.970215,0.710449,0.192993,0.936523,-1.09766,-0.714355,-0.70166,0,0,0,0,0,0,0,0,0,0,0,0,0,0,0,0,0,0,0,0,0,0,-0.804199,0.339111,-0.175293,-0.078125,1.81445,-0.561523,1.09277,-1.50098,0.144287,-1.7334,0,0,0,0,0,0,0,0,0,0,0,0,0,0,0,0,0,0,0,0,0,0
34,0,-0.333984,1.72363,1.61719,0.970215,0.710449,0.192993,0.936523,-1.09766,-0.714355,-0.70166,0,0,0,0,0,0,0,0,0,0,0,0,0,0,0,0,0,0,0,0,0,0,-0.804199,0.339111,-0.175293,-0.078125,1.81445,-0.561523,1.09277,-1.50098,0.144287,-1.7334,0,0,0,0,0,0,0,0,0,0,0,0,0,0,0,0,0,0,0,0,0,0
35,0,-0.333984,1.72363,1.61719,0.970215,0.710449,0.192993,0.936523,-1.09766,-0.714355,-0.70166,0,0,0,0,0,0,0,0,0,0,0,0,0,0,0,0,0,0,0,0,0,0,-0.804199,0.339111,-0.175293,-0.078125,1.81445,-0.561523,1.09277,-1.50098,0.144287,-1.7334,0,0,0,0,0,0,0,0,0,0,0,0,0,0,0,0,0,0,0,0,0,0
36,0,0.385742,-0.719238,1.61523,-1.04492,-1.60352,-0.904785,0.0221405,0.398926,2.38281,0.671387,0.624512,0,0,0,0,0,0,0,0,0,0,0,0,0,0,0,0,0,0,0,0,0,0.273682,0.156616,-0.324219,-0.0724487,-0.372559,-0.682129,1.39746,-1.98535,0.310059,-2.11133,-1.7334,0,0,0,0,0,0,0,0,0,0,0,0,0,0,0,0,0,0,0,0,0
37,0,0.385742,-0.719238,1.61523,-1.04492,-1.60352,-0.904785,0.0221405,0.398926,2.38281,0.671387,0.624512,0,0,0,0,0,0,0,0,0,0,0,0,0,0,0,0,0,0,0,0,0,0.273682,0.156616,-0.324219,-0.0724487,-0.372559,-0.682129,1.39746,-1.98535,0.310059,-2.11133,-1.7334,0,0,0,0,0,0,0,0,0,0,0,0,0,0,0,0,0,0,0,0,0
38,0,0.385742,-0.719238,1.61523,-1.04492,-1.60352,-0.904785,0.0221405,0.398926,2.38281,0.671387,0.624512,0,0,0,0,0,0,0,0,0,0,0,0,0,0,0,0,0,0,0,0,0,0.273682,0.156616,-0.324219,-0.0724487,-0.372559,-0.682129,1.39746,-1.98535,0.310059,-2.11133,-1.7334,0,0,0,0,0,0,0,0,0,0,0,0,0,0,0,0,0,0,0,0,0
39,0,0.0183716,-0.27417,-1.3125,-0.0136261,-1.4248,0.143677,0.920898,0.63623,0.861816,-0.0608826,-2.03906,-1.62793,0,0,0,0,0,0,0,0,0,0,0,0,0,0,0,0,0,0,0,0,0.222168,-1.38965,0.313721,0.0602722,0.848145,-0.655762,0.0174408,-1.05273,-0.719727,-0.827148,-0.306641,-1.7334,0,0,0,0,0,0,0,0,0,0,0,0,0,0,0,0,0,0,0,0
40,0,0.0183716,-0.27417,-1.3125,-0.0136261,-1.4248,0.143677,0.920898,0.63623,0.861816,-0.0608826,-2.03906,-1.62793,0,0,0,0,0,0,0,0,0,0,0,0,0,0,0,0,0,0,0,0,0.222168,-1.38965,0.313721,0.0602722,0.848145,-0.655762,0.0174408,-1.05273,-0.719727,-0.827148,-0.306641,-1.7334,0,0,0,0,0,0,0,0,0,0,0,0,0,0,0,0,0,0,0,0
41,0,0.0183716,-0.27417,-1.3125,-0.0136261,-1.4248,0.143677,0.920898,0.63623,0.861816,-0.0608826,-2.03906,-1.62793,0,0,0,0,0,0,0,0,0,0,0,0,0,0,0,0,0,0,0,0,0.222168,-1.38965,0.313721,0.0602722,0.848145,-0.655762,0.0174408,-1.05273,-0.719727,-0.827148,-0.306641,-1.7334,0,0,0,0,0,0,0,0,0,0,0,0,0,0,0,0,0,0,0,0
42,0,0.261719,0.834961,-0.504883,0.470703,0.0367737,-1.15039,-0.843262,-1.60352,-0.775391,0.40332,0.780273,1.65527,0.0330811,0,0,0,0,0,0,0,0,0,0,0,0,0,0,0,0,0,0,0,1.1582,0.327881,-1.03027,1.43262,-1.57324,-0.775391,-0.0748291,0.548828,0.997559,-0.430664,-0.289551,-0.308838,-1.7334,0,0,0,0,0,0,0,0,0,0,0,0,0,0,0,0,0,0,0
43,0,0.261719,0.834961,-0.504883,0.470703,0.0367737,-1.15039,-0.843262,-1.60352,-0.775391,0.40332,0.780273,1.65527,0.0330811,0,0,0,0,0,0,0,0,0,0,0,0,0,0,0,0,0,0,0,1.1582,0.327881,-1.03027,1.43262,-1.57324,-0.775391,-0.0748291,0.548828,0.997559,-0.430664,-0.289551,-0.308838,-1.7334,0,0,0,0,0,0,0,0,0,0,0,0,0,0,0,0,0,0,0
44,0,0.261719,0.834961,-0.504883,0.470703,0.0367737,-1.15039,-0.843262,-1.60352,-0.775391,0.40332,0.780273,1.65527,0.0330811,0,0,0,0,0,0,0,0,0,0,0,0,0,0,0,0,0,0,0,1.1582,0.327881,-1.03027,1.43262,-1.57324,-0.775391,-0.0748291,0.548828,0.997559,-0.430664,-0.289551,-0.308838,-1.7334,0,0,0,0,0,0,0,0,0,0,0,0,0,0,0,0,0,0,0
45,0,0.60498,-2.16211,0.770508,0.0754395,-0.503418,1.2832,-1.05469,0.275146,0.563965,-0.11261,0.0551758,0.212891,0.199097,-0.405518,0,0,0,0,0,0,0,0,0,0,0,0,0,0,0,0,0,0,1.66406,1.86621,1.07812,-0.700684,-0.0484314,-0.456787,0.391602,-0.568359,0.538086,-0.493896,-0.161987,0.458252,0.353027,-1.7334,0,0,0,0,0,0,0,0,0,0,0,0,0,0,0,0,0,0
46,0,0.60498,-2.16211,0.770508,0.0754395,-0.503418,1.2832,-1.05469,0.275146,0.563965,-0.11261,0.0551758,0.212891,0.199097,-0.405518,0,0,0,0,0,0,0,0,0,0,0,0,0,0,0,0,0,0,1.66406,1.86621,1.07812,-0.700684,-0.0484314,-0.456787,0.391602,-0.568359,0.538086,-0.493896,-0.161987,0.458252,0.353027,-1.7334,0,0,0,0,0,0,0,0,0,0,0,0,0,0,0,0,0,0
47,0,0.60498,-2.16211,0.770508,0.0754395,-0.503418,1.2832,-1.05469,0.275146,0.563965,-0.11261,0.0551758,0.212891,0.199097,-0.405518,0,0,0,0,0,0,0,0,0,0,0,0,0,0,0,0,0,0,1.66406,1.86621,1.07812,-0.700684,-0.0484314,-0.456787,0.391602,-0.568359,0.538086,-0.493896,-0.161987,0.458252,0.353027,-1.7334,0,0,0,0,0,0,0,0,0,0,0,0,0,0,0,0,0,0
48,0,0.987305,0.275391,-0.414307,-0.692871,-0.912598,1.58398,-0.590332,-0.384033,-0.325928,0.816406,-0.148804,1.90137,0.452393,-0.446533,0.693359,0,0,0,0,0,0,0,0,0,0,0,0,0,0,0,0,0,-1.84668,-0.848633,-1.55273,0.130615,0.716309,-0.692383,0.320557,0.373535,0.386719,0.0821533,-0.700195,0.640625,0.882812,0.743652,-1.7334,0,0,0,0,0,0,0,0,0,0,0,0,0,0,0,0,0
49,0,0.987305,0.275391,-0.414307,-0.692871,-0.912598,1.58398,-0.590332,-0.384033,-0.325928,0.816406,-0.148804,1.90137,0.452393,-0.446533,0.693359,0,0,0,0,0,0,0,0,0,0,0,0,0,0,0,0,0,-1.84668,-0.848633,-1.55273,0.130615,0.716309,-0.692383,0.320557,0.373535,0.386719,0.0821533,-0.700195,0.640625,0.882812,0.743652,-1.7334,0,0,0,0,0,0,0,0,0,0,0,0,0,0,0,0,0
50,0,0.987305,0.275391,-0.414307,-0.692871,-0.912598,1.58398,-0.590332,-0.384033,-0.325928,0.816406,-0.148804,1.90137,0.452393,-0.446533,0.693359,0,0,0,0,0,0,0,0,0,0,0,0,0,0,0,0,0,-1.84668,-0.848633,-1.55273,0.130615,0.716309,-0.692383,0.320557,0.373535,0.386719,0.0821533,-0.700195,0.640625,0.882812,0.743652,-1.7334,0,0,0,0,0,0,0,0,0,0,0,0,0,0,0,0,0
51,0,1.3623,0.493652,-1.66699,0.563965,-1.45801,1.36914,1.24707,2.51758,0.81543,0.108215,2.31836,-0.587402,1.3584,-0.656738,0.750488,0.86377,0,0,0,0,0,0,0,0,0,0,0,0,0,0,0,0,-0.3396,-0.0625,-1.11816,-0.50293,0.10321,0.484375,0.907715,-1.89258,0.471436,0.485352,-0.51416,0.895996,0.194092,2.5625,0.602051,-1.7334,0,0,0,0,0,0,0,0,0,0,0,0,0,0,0,0
52,0,1.3623,0.493652,-1.66699,0.563965,-1.45801,1.36914,1.24707,2.51758,0.81543,0.108215,2.31836,-0.587402,1.3584,-0.656738,0.750488,0.86377,0,0,0,0,0,0,0,0,0,0,0,0,0,0,0,0,-0.3396,-0.0625,-1.11816,-0.50293,0.10321,0.484375,0.907715,-1.89258,0.471436,0.485352,-0.51416,0.895996,0.194092,2.5625,0.602051,-1.7334,0,0,0,0,0,0,0,0,0,0,0,0,0,0,0,0
53,0,1.3623,0.493652,-1.66699,0.563965,-1.45801,1.36914,1.24707,2.51758,0.81543,0.108215,2.31836,-0.587402,1.3584,-0.656738,0.750488,0.86377,0,0,0,0,0,0,0,0,0,0,0,0,0,0,0,0,-0.3396,-0.0625,-1.11816,-0.50293,0.10321,0.484375,0.907715,-1.89258,0.471436,0.485352,-0.51416,0.895996,0.194092,2.5625,0.602051,-1.7334,0,0,0,0,0,0,0,0,0,0,0,0,0,0,0,0
54,0,0.483887,-0.0451355,-0.0688477,0.228394,0.732422,0.0436096,1.00098,-0.787109,-1.71289,1.08496,-0.130493,0.933594,-0.171143,-0.0135269,-0.811523,0.644043,0.0067749,0,0,0,0,0,0,0,0,0,0,0,0,0,0,0,-0.55957,-1.19238,1.46582,1.37598,0.535645,0.547852,0.61084,1.26562,-0.0701294,1.31445,1.07422,0.743652,-0.115845,-0.337402,0.562012,-0.130371,-1.7334,0,0,0,0,0,0,0,0,0,0,0,0,0,0,0
55,0,0.483887,-0.0451355,-0.0688477,0.228394,0.732422,0.0436096,1.00098,-0.787109,-1.71289,1.08496,-0.130493,0.933594,-0.171143,-0.0135269,-0.811523,0.644043,0.0067749,0,0,0,0,0,0,0,0,0,0,0,0,0,0,0,-0.55957,-1.19238,1.46582,1.37598,0.535645,0.547852,0.61084,1.26562,-0.0701294,1.31445,1.07422,0.743652,-0.115845,-0.337402,0.562012,-0.130371,-1.7334,0,0,0,0,0,0,0,0,0,0,0,0,0,0,0
56,0,0.483887,-0.0451355,-0.0688477,0.228394,0.732422,0.0436096,1.00098,-0.787109,-1.71289,1.08496,-0.130493,0.933594,-0.171143,-0.0135269,-0.811523,0.644043,0.0067749,0,0,0,0,0,0,0,0,0,0,0,0,0,0,0,-0.55957,-1.19238,1.46582,1.37598,0.535645,0.547852,0.61084,1.26562,-0.0701294,1.31445,1.07422,0.743652,-0.115845,-0.337402,0.562012,-0.130371,-1.7334,0,0,0,0,0,0,0,0,0,0,0,0,0,0,0
57,0,0.384766,-0.551758,1.12305,0.00234985,-1.11621,-1.82715,-1.29492,0.0741577,0.299805,-0.502441,-1.41309,-0.0540466,1.38086,-0.900879,-0.672363,-1.01855,-0.0682373,0.366699,0,0,0,0,0,0,0,0,0,0,0,0,0,0,0.435791,-1.09375,0.946289,-0.212891,0.945801,-0.682617,0.0276337,0.533691,-0.287109,-0.292236,-1.04688,0.897461,0.90332,0.363037,-0.0180359,-0.410645,-1.72656,-1.7334,0,0,0,0,0,0,0,0,0,0,0,0,0,0
58,0,0.384766,-0.551758,1.12305,0.00234985,-1.11621,-1.82715,-1.29492,0.0741577,0.299805,-0.502441,-1.41309,-0.0540466,1.38086,-0.900879,-0.672363,-1.01855,-0.0682373,0.366699,0,0,0,0,0,0,0,0,0,0,0,0,0,0,0.435791,-1.09375,0.946289,-0.212891,0.945801,-0.682617,0.0276337,0.533691,-0.287109,-0.292236,-1.04688,0.897461,0.90332,0.363037,-0.0180359,-0.410645,-1.72656,-1.7334,0,0,0,0,0,0,0,0,0,0,0,0,0,0
59,0,0.384766,-0.551758,1.12305,0.00234985,-1.11621,-1.82715,-1.29492,0.0741577,0.299805,-0.502441,-1.41309,-0.0540466,1.38086,-0.900879,-0.672363,-1.01855,-0.0682373,0.366699,0,0,0,0,0,0,0,0,0,0,0,0,0,0,0.435791,-1.09375,0.946289,-0.212891,0.945801,-0.682617,0.0276337,0.533691,-0.287109,-0.292236,-1.04688,0.897461,0.90332,0.363037,-0.0180359,-0.410645,-1.72656,-1.7334,0,0,0,0,0,0,0,0,0,0,0,0,0,0
60,0,1.48535,-0.0589294,0.511719,-1.22754,0.299072,-1.2002,-0.737305,0.235352,0.765625,-0.103271,-0.755859,-0.195801,0.459961,-1.0127,0.741699,-0.278809,-1.06543,1.63965,0.195679,0,0,0,0,0,0,0,0,0,0,0,0,0,0.0365601,0.397949,-0.442139,-1.1582,-0.17981,0.467285,1.23535,1.02441,-0.515625,-0.0550232,1.09082,0.930176,-0.563477,0.14978,-0.179077,-0.290771,-0.144165,1.40527,-1.7334,0,0,0,0,0,0,0,0,0,0,0,0,0
61,0,1.48535,-0.0589294,0.511719,-1.22754,0.299072,-1.2002,-0.737305,0.235352,0.765625,-0.103271,-0.755859,-0.195801,0.459961,-1.0127,0.741699,-0.278809,-1.06543,1.63965,0.195679,0,0,0,0,0,0,0,0,0,0,0,0,0,0.0365601,0.397949,-0.442139,-1.1582,-0.17981,0.467285,1.23535,1.02441,-0.515625,-0.0550232,1.09082,0.930176,-0.563477,0.14978,-0.179077,-0.290771,-0.144165,1.40527,-1.7334,0,0,0,0,0,0,0,0,0,0,0,0,0
62,0,1.48535,-0.0589294,0.511719,-1.22754,0.299072,-1.2002,-0.737305,0.235352,0.765625,-0.103271,-0.755859,-0.195801,0.459961,-1.0127,0.741699,-0.278809,-1.06543,1.63965,0.195679,0,0,0,0,0,0,0,0,0,0,0,0,0,0.0365601,0.397949,-0.442139,-1.1582,-0.17981,0.467285,1.23535,1.02441,-0.515625,-0.0550232,1.09082,0.930176,-0.563477,0.14978,-0.179077,-0.290771,-0.144165,1.40527,-1.7334,0,0,0,0,0,0,0,0,0,0,0,0,0
63,0,1.65039,-1.62402,0.26123,0.199219,-0.602539,0.912109,1.76172,-0.97998,1.4834,1.47363,-0.694824,-1.81348,0.247925,0.175049,0.521973,1.31055,-1.32812,-1.4541,-0.419922,0.811523,0,0,0,0,0,0,0,0,0,0,0,0,1.45898,-0.633789,1.80469,-0.474854,0.157593,-0.0339355,-0.563965,0.718262,-0.287354,-0.367432,0.353516,-0.00144196,0.171143,-0.556641,0.625488,-0.421875,-1.49609,1.41309,-0.0102234,-1.7334,0,0,0,0,0,0,0,0,0,0,0,0
64,0,1.65039,-1.62402,0.26123,0.199219,-0.602539,0.912109,1.76172,-0.97998,1.4834,1.47363,-0.694824,-1.81348,0.247925,0.175049,0.521973,1.31055,-1.32812,-1.4541,-0.419922,0.811523,0,0,0,0,0,0,0,0,0,0,0,0,1.45898,-0.633789,1.80469,-0.474854,0.157593,-0.0339355,-0.563965,0.718262,-0.287354,-0.367432,0.353516,-0.00144196,0.171143,-0.556641,0.625488,-0.421875,-1.49609,1.41309,-0.0102234,-1.7334,0,0,0,0,0,0,0,0,0,0,0,0
65,0,1.65039,-1.62402,0.26123,0.199219,-0.602539,0.912109,1.76172,-0.97998,1.4834,1.47363,-0.694824,-1.81348,0.247925,0.175049,0.521973,1.31055,-1.32812,-1.4541,-0.419922,0.811523,0,0,0,0,0,0,0,0,0,0,0,0,1.45898,-0.633789,1.80469,-0.474854,0.157593,-0.0339355,-0.563965,0.718262,-0.287354,-0.367432,0.353516,-0.00144196,0.171143,-0.556641,0.625488,-0.421875,-1.49609,1.41309,-0.0102234,-1.7334,0,0,0,0,0,0,0,0,0,0,0,0
66,0,1.42188,0.580566,-1.10254,-0.0571289,1.2627,1.35059,0.338867,-1.01953,1.12695,1.39941,0.830078,0.270752,0.261719,0.825195,1.2041,-1.91895,-0.451172,0.820801,-0.606445,1.39941,1.60449,0,0,0,0,0,0,0,0,0,0,0,-0.605469,0.00256729,1.02734,2.29688,0.159424,0.0750732,1.46582,0.808594,-0.464355,-1.63086,0.257568,-1.87695,-1.20605,-1.45703,1.03711,0.116455,-0.839844,-0.557129,-0.760254,-0.201538,-1.7334,0,0,0,0,0,0,0,0,0,0,0
67,0,1.42188,0.580566,-1.10254,-0.0571289,1.2627,1.35059,0.338867,-1.01953,1.12695,1.39941,0.830078,0.270752,0.261719,0.825195,1.2041,-1.91895,-0.451172,0.820801,-0.606445,1.39941,1.60449,0,0,0,0,0,0,0,0,0,0,0,-0.605469,0.00256729,1.02734,2.29688,0.159424,0.0750732,1.46582,0.808594,-0.464355,-1.63086,0.257568,-1.87695,-1.20605,-1.45703,1.03711,0.116455,-0.839844,-0.557129,-0.760254,-0.201538,-1.7334,0,0,0,0,0,0,0,0,0,0,0
68,0,1.42188,0.580566,-1.10254,-0.0571289,1.2627,1.35059,0.338867,-1.01953,1.12695,1.39941,0.830078,0.270752,0.261719,0.825195,1.2041,-1.91895,-0.451172,0.820801,-0.606445,1.39941,1.60449,0,0,0,0,0,0,0,0,0,0,0,-0.605469,0.00256729,1.02734,2.29688,0.159424,0.0750732,1.46582,0.808594,-0.464355,-1.63086,0.257568,-1.87695,-1.20605,-1.45703,1.03711,0.116455,-0.839844,-0.557129,-0.760254,-0.201538,-1.7334,0,0,0,0,0,0,0,0,0,0,0
69,0,0.246826,-0.0332947,-0.478271,0.133789,0.375,0.198486,-1.0498,-0.0980835,0.22522,-1.12402,-0.73877,0.311523,-1.21191,1.33008,-0.514648,2.22266,0.198364,-1.9873,0.896973,-2.64453,1.63086,0.296143,0,0,0,0,0,0,0,0,0,0,-0.127197,-0.640137,0.463623,0.632812,0.17395,-0.123413,-1.29492,-0.317139,1.10547,0.370605,0.190186,0.985352,1.86426,0.726562,0.520996,0.54834,0.476562,-0.380615,1.4248,-0.218018,-0.843262,-1.7334,0,0,0,0,0,0,0,0,0,0
70,0,0.246826,-0.0332947,-0.478271,0.133789,0.375,0.198486,-1.0498,-0.0980835,0.22522,-1.12402,-0.73877,0.311523,-1.21191,1.33008,-0.514648,2.22266,0.198364,-1.9873,0.896973,-2.64453,1.63086,0.296143,0,0,0,0,0,0,0,0,0,0,-0.127197,-0.640137,0.463623,0.632812,0.17395,-0.123413,-1.29492,-0.317139,1.10547,0.370605,0.190186,0.985352,1.86426,0.726562,0.520996,0.54834,0.476562,-0.380615,1.4248,-0.218018,-0.843262,-1.7334,0,0,0,0,0,0,0,0,0,0
71,0,0.246826,-0.0332947,-0.478271,0.133789,0.375,0.198486,-1.0498,-0.0980835,0.22522,-1.12402,-0.73877,0.311523,-1.21191,1.33008,-0.514648,2.22266,0.198364,-1.9873,0.896973,-2.64453,1.63086,0.296143,0,0,0,0,0,0,0,0,0,0,-0.127197,-0.640137,0.463623,0.632812,0.17395,-0.123413,-1.29492,-0.317139,1.10547,0.370605,0.190186,0.985352,1.86426,0.726562,0.520996,0.54834,0.476562,-0.380615,1.4248,-0.218018,-0.843262,-1.7334,0,0,0,0,0,0,0,0,0,0
72,0,0.0181274,1.08105,1.31641,0.928711,-3.33984,-1.66309,1.74023,-0.0736694,1.52539,0.338623,0.288086,-0.104187,-0.227295,0.129761,0.463867,0.118713,0.0479431,-1.10254,-1.43066,0.77832,0.459717,1.06641,-0.705566,0,0,0,0,0,0,0,0,0,-0.250244,1.00391,-0.692383,-0.262207,-0.183105,-1.04688,-0.517578,1.54883,1.21484,-0.478027,-1.75781,0.958496,0.152344,-1.43848,0.0128174,1.27344,-0.816406,-0.641602,0.932617,-0.09198,-0.189087,-2.04688,-1.7334,0,0,0,0,0,0,0,0,0
73,0,0.0181274,1.08105,1.31641,0.928711,-3.33984,-1.66309,1.74023,-0.0736694,1.52539,0.338623,0.288086,-0.104187,-0.227295,0.129761,0.463867,0.118713,0.0479431,-1.10254,-1.43066,0.77832,0.459717,1.06641,-0.705566,0,0,0,0,0,0,0,0,0,-0.250244,1.00391,-0.692383,-0.262207,-0.183105,-1.04688,-0.517578,1.54883,1.21484,-0.478027,-1.75781,0.958496,0.152344,-1.43848,0.0128174,1.27344,-0.816406,-0.641602,0.932617,-0.09198,-0.189087,-2.04688,-1.7334,0,0,0,0,0,0,0,0,0
74,0,0.0181274,1.08105,1.31641,0.928711,-3.33984,-1.66309,1.74023,-0.0736694,1.52539,0.338623,0.288086,-0.104187,-0.227295,0.129761,0.463867,0.118713,0.0479431,-1.10254,-1.43066,0.77832,0.459717,1.06641,-0.705566,0,0,0,0,0,0,0,0,0,-0.250244,1.00391,-0.692383,-0.262207,-0.183105,-1.04688,-0.517578,1.54883,1.21484,-0.478027,-1.75781,0.958496,0.152344,-1.43848,0.0128174,1.27344,-0.816406,-0.641602,0.932617,-0.09198,-0.189087,-2.04688,-1.7334,0,0,0,0,0,0,0,0,0
75,0,-0.678711,-0.476318,-0.275879,-0.028595,-0.803711,0.247314,0.276611,0.828613,0.168091,-0.0675049,1.41406,1.21094,1.13184,0.804199,0.191406,0.415039,-0.481689,-2.0332,-0.501953,-0.478516,-0.398438,-1.01855,-0.691895,1.31348,0,0,0,0,0,0,0,0,1.63672,-1.65137,0.148804,1.01953,-1.03809,1.32227,0.131714,-0.438232,1.17578,-1.00586,0.176392,-0.608398,0.323975,-1.90723,0.0498657,1.13574,-1.14941,-0.185913,-2.05469,-0.823242,-1.17676,-0.299805,-0.428223,-1.7334,0,0,0,0,0,0,0,0
76,0,-0.678711,-0.476318,-0.275879,-0.028595,-0.803711,0.247314,0.276611,0.828613,0.168091,-0.0675049,1.41406,1.21094,1.13184,0.804199,0.191406,0.415039,-0.481689,-2.0332,-0.501953,-0.478516,-0.398438,-1.01855,-0.691895,1.31348,0,0,0,0,0,0,0,0,1.63672,-1.65137,0.148804,1.01953,-1.03809,1.32227,0.131714,-0.438232,1.17578,-1.00586,0.176392,-0.608398,0.323975,-1.90723,0.0498657,1.13574,-1.14941,-0.185913,-2.05469,-0.823242,-1.17676,-0.299805,-0.428223,-1.7334,0,0,0,0,0,0,0,0
77,0,-0.678711,-0.476318,-0.275879,-0.028595,-0.803711,0.247314,0.276611,0.828613,0.168091,-0.0675049,1.41406,1.21094,1.13184,0.804199,0.191406,0.415039,-0.481689,-2.0332,-0.501953,-0.478516,-0.398438,-1.01855,-0.691895,1.31348,0,0,0,0,0,0,0,0,1.63672,-1.65137,0.148804,1.01953,-1.03809,1.32227,0.131714,-0.438232,1.17578,-1.00586,0.176392,-0.608398,0.323975,-1.90723,0.0498657,1.13574,-1.14941,-0.185913,-2.05469,-0.823242,-1.17676,-0.299805,-0.428223,-1.7334,0,0,0,0,0,0,0,0
78,0,-0.942383,1.1084,-1.82031,-0.95752,1.23438,-0.430908,3.15625,-0.121277,1.87793,-0.687988,0.802734,-0.827637,-1.06055,1.6709,-1.05566,-0.770508,1.15723,0.455811,-0.194458,-1.17969,0.539551,-0.379639,-1.46289,0.446777,-0.167236,0,0,0,0,0,0,0,0.0534668,-1.39844,-0.622559,1.74219,-0.454346,1.16992,0.264648,0.304199,-0.183228,-0.97998,-0.739746,-1.17578,-0.468506,-0.175659,-1.37695,-0.889648,1.78223,1.73633,-0.773438,1.14551,-0.0698242,-1.5625,-0.785645,0.710938,-1.7334,0,0,0,0,0,0,0
79,0,-0.942383,1.1084,-1.82031,-0.95752,1.23438,-0.430908,3.15625,-0.121277,1.87793,-0.687988,0.802734,-0.827637,-1.06055,1.6709,-1.05566,-0.770508,1.15723,0.455811,-0.194458,-1.17969,0.539551,-0.379639,-1.46289,0.446777,-0.167236,0,0,0,0,0,0,0,0.0534668,-1.39844,-0.622559,1.74219,-0.454346,1.16992,0.264648,0.304199,-0.183228,-0.97998,-0.739746,-1.17578,-0.468506,-0.175659,-1.37695,-0.889648,1.78223,1.73633,-0.773438,1.14551,-0.0698242,-1.5625,-0.785645,0.710938,-1.7334,0,0,0,0,0,0,0
80,0,-0.942383,1.1084,-1.82031,-0.95752,1.23438,-0.430908,3.15625,-0.121277,1.87793,-0.687988,0.802734,-0.827637,-1.06055,1.6709,-1.05566,-0.770508,1.15723,0.455811,-0.194458,-1.17969,0.539551,-0.379639,-1.46289,0.446777,-0.167236,0,0,0,0,0,0,0,0.0534668,-1.39844,-0.622559,1.74219,-0.454346,1.16992,0.264648,0.304199,-0.183228,-0.97998,-0.739746,-1.17578,-0.468506,-0.175659,-1.37695,-0.889648,1.78223,1.73633,-0.773438,1.14551,-0.0698242,-1.5625,-0.785645,0.710938,-1.7334,0,0,0,0,0,0,0
81,0,0.257812,-0.43335,1.1875,-0.693848,0.290771,-0.11084,1.2168,-0.810059,-0.294922,-0.628906,-0.337402,1.20801,-0.182129,-1.07812,2.0918,-1.19824,1.83691,-0.663086,-0.803711,0.449707,-0.44873,-0.307861,-1.64746,-0.163818,-0.0432434,-0.411865,0,0,0,0,0,0,-1.12695,-0.943848,-0.741211,1.24707,-1.25195,0.167725,0.126831,0.380859,1.87012,-0.610352,1.36035,-0.0426331,-1.34473,0.351074,-1.18555,0.0500488,-2.2207,0.686035,0.602539,-0.126953,0.675781,-1.04395,1.8457,0.984375,-1.5166,-1.7334,0,0,0,0,0,0
82,0,0.257812,-0.43335,1.1875,-0.693848,0.290771,-0.11084,1.2168,-0.810059,-0.294922,-0.628906,-0.337402,1.20801,-0.182129,-1.07812,2.0918,-1.19824,1.83691,-0.663086,-0.803711,0.449707,-0.44873,-0.307861,-1.64746,-0.163818,-0.0432434,-0.411865,0,0,0,0,0,0,-1.12695,-0.943848,-0.741211,1.24707,-1.25195,0.167725,0.126831,0.380859,1.87012,-0.610352,1.36035,-0.0426331,-1.34473,0.351074,-1.18555,0.0500488,-2.2207,0.686035,0.602539,-0.126953,0.675781,-1.04395,1.8457,0.984375,-1.5166,-1.7334,0,0,0,0,0,0
83,0,0.257812,-0.43335,1.1875,-0.693848,0.290771,-0.11084,1.2168,-0.810059,-0.294922,-0.628906,-0.337402,1.20801,-0.182129,-1.07812,2.0918,-1.19824,1.83691,-0.663086,-0.803711,0.449707,-0.44873,-0.307861,-1.64746,-0.163818,-0.0432434,-0.411865,0,0,0,0,0,0,-1.12695,-0.943848,-0.741211,1.24707,-1.25195,0.167725,0.126831,0.380859,1.87012,-0.610352,1.36035,-0.0426331,-1.34473,0.351074,-1.18555,0.0500488,-2.2207,0.686035,0.602539,-0.126953,0.675781,-1.04395,1.8457,0.984375,-1.5166,-1.7334,0,0,0,0,0,0
84,0,-0.0845947,-1.01172,0.989746,-2.00781,-0.336914,2.05273,-1.08008,1.15137,1.10352,-0.164185,0.400879,-1.12695,0.300049,-1.41016,0.889648,-1.375,0.984863,-0.844238,1.03516,2.20312,-0.211792,-0.623047,-1.69824,-2.21875,-2.40234,1.25,0.79541,0,0,0,0,0,1.43262,0.0339355,-1.72754,-0.755859,-1.51465,0.788086,0.558105,-0.181885,-0.233276,-0.580078,-1.04785,-0.986328,-0.276367,0.601562,0.194702,0.0714111,-0.131348,2.14453,-0.614258,0.895996,0.179932,0.0876465,0.593262,0.689941,-0.621582,-2.11719,-1.7334,0,0,0,0,0
85,0,-0.0845947,-1.01172,0.989746,-2.00781,-0.336914,2.05273,-1.08008,1.15137,1.10352,-0.164185,0.400879,-1.12695,0.300049,-1.41016,0.889648,-1.375,0.984863,-0.844238,1.03516,2.20312,-0.211792,-0.623047,-1.69824,-2.21875,-2.40234,1.25,0.79541,0,0,0,0,0,1.43262,0.0339355,-1.72754,-0.755859,-1.51465,0.788086,0.558105,-0.181885,-0.233276,-0.580078,-1.04785,-0.986328,-0.276367,0.601562,0.194702,0.0714111,-0.131348,2.14453,-0.614258,0.895996,0.179932,0.0876465,0.593262,0.689941,-0.621582,-2.11719,-1.7334,0,0,0,0,0
86,0,-0.0845947,-1.01172,0.989746,-2.00781,-0.336914,2.05273,-1.08008,1.15137,1.10352,-0.164185,0.400879,-1.12695,0.300049,-1.41016,0.889648,-1.375,0.984863,-0.844238,1.03516,2.20312,-0.211792,-0.623047,-1.69824,-2.21875,-2.40234,1.25,0.79541,0,0,0,0,0,1.43262,0.0339355,-1.72754,-0.755859,-1.51465,0.788086,0.558105,-0.181885,-0.233276,-0.580078,-1.04785,-0.986328,-0.276367,0.601562,0.194702,0.0714111,-0.131348,2.14453,-0.614258,0.895996,0.179932,0.0876465,0.593262,0.689941,-0.621582,-2.11719,-1.7334,0,0,0,0,0
87,0,-0.0241547,-0.526367,-0.406006,0.944824,-0.62207,-1.30859,0.137329,-1.60547,0.17981,0.789551,-1.51074,0.179077,-1.7793,0.657715,-0.996094,1.9707,0.439209,-0.716797,1.1084,0.929688,-0.442871,0.0220642,0.208862,0.420898,-0.343262,-1.77441,-0.0621033,0.43457,0,0,0,0,1.36328,-1.77344,-2.35156,-1.18652,0.155396,0.165894,-0.664551,0.168457,-1.50293,-0.855469,1.74316,-1.85547,-0.307129,0.337891,-2.1582,1.10352,0.210571,0.598145,-0.503906,-0.112915,-3.33594,-0.581055,0.865723,0.234009,1.01953,3.54297,0.961426,-1.7334,0,0,0,0
88,0,-0.0241547,-0.526367,-0.406006,0.944824,-0.62207,-1.30859,0.137329,-1.60547,0.17981,0.789551,-1.51074,0.179077,-1.7793,0.657715,-0.996094,1.9707,0.439209,-0.716797,1.1084,0.929688,-0.442871,0.0220642,0.208862,0.420898,-0.343262,-1.77441,-0.0621033,0.43457,0,0,0,0,1.36328,-1.77344,-2.35156,-1.18652,0.155396,0.165894,-0.664551,0.168457,-1.50293,-0.855469,1.74316,-1.85547,-0.307129,0.337891,-2.1582,1.10352,0.210571,0.598145,-0.503906,-0.112915,-3.33594,-0.581055,0.865723,0.234009,1.01953,3.54297,0.961426,-1.7334,0,0,0,0
89,0,-0.0241547,-0.526367,-0.406006,0.944824,-0.62207,-1.30859,0.137329,-1.60547,0.17981,0.789551,-1.51074,0.179077,-1.7793,0.657715,-0.996094,1.9707,0.439209,-0.716797,1.1084,0.929688,-0.442871,0.0220642,0.208862,0.420898,-0.343262,-1.77441,-0.0621033,0.43457,0,0,0,0,1.36328,-1.77344,-2.35156,-1.18652,0.155396,0.165894,-0.664551,0.168457,-1.50293,-0.855469,1.74316,-1.85547,-0.307129,0.337891,-2.1582,1.10352,0.210571,0.598145,-0.503906,-0.112915,-3.33594,-0.581055,0.865723,0.234009,1.01953,3.54297,0.961426,-1.7334,0,0,0,0
90,0,-0.213989,-0.434082,-0.959473,1.63379,0.953613,-0.466553,-1.49414,-1.86523,-1.29785,0.384033,1.06934,-0.19104,-1.68066,-0.506836,-0.927246,0.591797,-0.513184,-0.234009,0.0223541,1.16309,1.25391,0.413818,-0.133545,1.2627,-0.408447,-1.34082,0.492432,0.340332,-0.114136,0,0,0,0.941895,-0.639648,-1.68164,-2.30078,-0.700195,-0.83252,-0.852051,-0.953613,-0.180054,-1.18457,-0.26001,0.54541,-0.640625,0.679199,1.64062,-0.46582,-0.745117,-1.21973,1.4043,0.302979,-0.0372009,0.938965,-1.78027,-0.0359192,-1.98926,0.10321,1.55957,1.24512,-1.7334,0,0,0
91,0,-0.213989,-0.434082,-0.959473,1.63379,0.953613,-0.466553,-1.49414,-1.86523,-1.29785,0.384033,1.06934,-0.19104,-1.68066,-0.506836,-0.927246,0.591797,-0.513184,-0.234009,0.0223541,1.16309,1.25391,0.413818,-0.133545,1.2627,-0.408447,-1.34082,0.492432,0.340332,-0.114136,0,0,0,0.941895,-0.639648,-1.68164,-2.30078,-0.700195,-0.83252,-0.852051,-0.953613,-0.180054,-1.18457,-0.26001,0.54541,-0.640625,0.679199,1.64062,-0.46582,-0.745117,-1.21973,1.4043,0.302979,-0.0372009,0.938965,-1.78027,-0.0359192,-1.98926,0.10321,1.55957,1.24512,-1.7334,0,0,0
92,0,-0.213989,-0.434082,-0.959473,1.63379,0.953613,-0.466553,-1.49414,-1.86523,-1.29785,0.384033,1.06934,-0.19104,-1.68066,-0.506836,-0.927246,0.591797,-0.513184,-0.234009,0.0223541,1.16309,1.25391,0.413818,-0.133545,1.2627,-0.408447,-1.34082,0.492432,0.340332,-0.114136,0,0,0,0.941895,-0.639648,-1.68164,-2.30078,-0.700195,-0.83252,-0.852051,-0.953613,-0.180054,-1.18457,-0.26001,0.54541,-0.640625,0.679199,1.64062,-0.46582,-0.745117,-1.21973,1.4043,0.302979,-0.0372009,0.938965,-1.78027,-0.0359192,-1.98926,0.10321,1.55957,1.24512,-1.7334,0,0,0
93,0,1.93359,-0.0681152,0.547363,-1.53906,0.879395,-2.1582,2.01953,-0.00197601,-1.04395,0.151001,-2.02539,-1.7373,-0.960938,-0.481689,-0.441406,0.171143,-0.478271,2.17188,-0.796875,4.19531,0.153442,0.620605,-0.952637,1.54395,1.37598,0.512695,-0.422607,0.564453,0.223511,-0.742188,0,0,-0.400635,0.292725,0.0214691,-1.24121,-0.854004,1.16602,-0.123657,1.97754,-0.132812,-0.848145,0.548828,-2.06641,-1.24121,-0.181152,1.70117,1.50586,-0.312256,1.42578,0.324951,1.43457,1.94922,0.382324,1.35156,-1.64844,0.739746,-0.393555,-1.35547,0.541504,0.206787,-1.7334,0,0
94,0,1.93359,-0.0681152,0.547363,-1.53906,0.879395,-2.1582,2.01953,-0.00197601,-1.04395,0.151001,-2.02539,-1.7373,-0.960938,-0.481689,-0.441406,0.171143,-0.478271,2.17188,-0.796875,4.19531,0.153442,0.620605,-0.952637,1.54395,1.37598,0.512695,-0.422607,0.564453,0.223511,-0.742188,0,0,-0.400635,0.292725,0.0214691,-1.24121,-0.854004,1.16602,-0.123657,1.97754,-0.132812,-0.848145,0.548828,-2.06641,-1.24121,-0.181152,1.70117,1.50586,-0.312256,1.42578,0.324951,1.43457,1.94922,0.382324,1.35156,-1.64844,0.739746,-0.393555,-1.35547,0.541504,0.206787,-1.7334,0,0
95,0,1.93359,-0.0681152,0.547363,-1.53906,0.879395,-2.1582,2.01953,-0.00197601,-1.04395,0.151001,-2.02539,-1.7373,-0.960938,-0.481689,-0.441406,0.171143,-0.478271,2.17188,-0.796875,4.19531,0.153442,0.620605,-0.952637,1.54395,1.37598,0.512695,-0.422607,0.564453,0.223511,-0.742188,0,0,-0.400635,0.292725,0.0214691,-1.24121,-0.854004,1.16602,-0.123657,1.97754,-0.132812,-0.848145,0.548828,-2.06641,-1.24121,-0.181152,1.70117,1.50586,-0.312256,1.42578,0.324951,1.43457,1.94922,0.382324,1.35156,-1.64844,0.739746,-0.393555,-1.35547,0.541504,0.206787,-1.7334,0,0
96,0,0.209595,-0.718262,1.03418,0.533203,1.72461,1.37207,-0.677734,1.02246,2.64844,1.11621,-0.796387,1.31836,1.07129,0.131104,0.698242,-2.82812,0.587891,0.2854,0.70752,-0.0574341,-0.591797,-0.94043,-0.987305,-1.46484,-0.823242,-1.13672,0.218872,-0.624512,0.14978,0.450439,0.93457,0,0.193604,-0.769043,-0.942871,-1.00586,-0.248535,0.446777,1.10547,-0.0951538,0.196655,-1.77441,-1.70703,1.17773,-1.88867,0.157837,0.276611,1.06152,0.498535,1.31738,0.837402,1.16309,-0.94043,0.626953,-0.81543,1.06445,1.66016,-0.648926,-2.33203,0.0861206,-0.708496,-1.20215,-1.7334,0
97,0,0.209595,-0.718262,1.03418,0.533203,1.72461,1.37207,-0.677734,1.02246,2.64844,1.11621,-0.796387,1.31836,1.07129,0.131104,0.698242,-2.82812,0.587891,0.2854,0.70752,-0.0574341,-0.591797,-0.94043,-0.987305,-1.46484,-0.823242,-1.13672,0.218872,-0.624512,0.14978,0.450439,0.93457,0,0.193604,-0.769043,-0.942871,-1.00586,-0.248535,0.446777,1.10547,-0.0951538,0.196655,-1.77441,-1.70703,1.17773,-1.88867,0.157837,0.276611,1.06152,0.498535,1.31738,0.837402,1.16309,-0.94043,0.626953,-0.81543,1.06445,1.66016,-0.648926,-2.33203,0.0861206,-0.708496,-1.20215,-1.7334,0
98,0,0.209595,-0.718262,1.03418,0.533203,1.72461,1.37207,-0.677734,1.02246,2.64844,1.11621,-0.796387,1.31836,1.07129,0.131104,0.698242,-2.82812,0.587891,0.2854,0.70752,-0.0574341,-0.591797,-0.94043,-0.987305,-1.46484,-0.823242,-1.13672,0.218872,-0.624512,0.14978,0.450439,0.93457,0,0.193604,-0.769043,-0.942871,-1.00586,-0.248535,0.446777,1.10547,-0.0951538,0.196655,-1.77441,-1.70703,1.17773,-1.88867,0.157837,0.276611,1.06152,0.498535,1.31738,0.837402,1.16309,-0.94043,0.626953,-0.81543,1.06445,1.66016,-0.648926,-2.33203,0.0861206,-0.708496,-1.20215,-1.7334,0
99,0,-0.852539,1.00098,-0.599121,0.197021,-0.517578,0.169678,0.42627,-1.37012,0.208984,0.259766,1.34473,0.444824,-0.388428,0.585938,0.671387,0.666504,-2.07031,0.724609,1.14355,0.757812,-0.259521,-0.19397,0.0739746,-2.58398,-1.37109,1.21582,-0.432861,0.181274,0.440674,-0.453125,-0.0566101,0.575195,-0.430176,-0.344727,-0.881836,0.84668,-0.123535,0.121399,-0.337891,0.0499878,1.12793,-0.0417175,-0.744629,0.806152,0.993652,1.74609,-0.0888672,1.68555,0.860352,-0.974121,-1.73633,-0.321045,-0.465576,-0.706543,-0.624512,0.451172,-0.0928955,-0.655273,-0.751465,-0.877441,-0.880859,-0.193237,0.603027,-1.7334
100,0,-0.852539,1.00098,-0.599121,0.197021,-0.517578,0.169678,0.42627,-1.37012,0.208984,0.259766,1.34473,0.444824,-0.388428,0.585938,0.671387,0.666504,-2.07031,0.724609,1.14355,0.757812,-0.259521,-0.19397,0.0739746,-2.58398,-1.37109,1.21582,-0.432861,0.181274,0.440674,-0.453125,-0.0566101,0.575195,-0.430176,-0.344727,-0.881836,0.84668,-0.123535,0.121399,-0.337891,0.0499878,1.12793,-0.0417175,-0.744629,0.806152,0.993652,1.74609,-0.0888672,1.68555,0.860352,-0.974121,-1.73633,-0.321045,-0.465576,-0.706543,-0.624512,0.451172,-0.0928955,-0.655273,-0.751465,-0.877441,-0.880859,-0.193237,0.603027,-1.7334
101,0,-0.852539,1.00098,-0.599121,0.197021,-0.517578,0.169678,0.42627,-1.37012,0.208984,0.259766,1.34473,0.444824,-0.388428,0.585938,0.671387,0.666504,-2.07031,0.724609,1.14355,0.757812,-0.259521,-0.19397,0.0739746,-2.58398,-1.37109,1.21582,-0.432861,0.181274,0.440674,-0.453125,-0.0566101,0.575195,-0.430176,-0.344727,-0.881836,0.84668,-0.123535,0.121399,-0.337891,0.0499878,1.12793,-0.0417175,-0.744629,0.806152,0.993652,1.74609,-0.0888672,1.68555,0.860352,-0.974121,-1.73633,-0.321045,-0.465576,-0.706543,-0.624512,0.451172,-0.0928955,-0.655273,-0.751465,-0.877441,-0.880859,-0.193237,0.603027,-1.7334
102,0,-0.846191,0.692383,-0.102051,-1.00781,0.640137,-1.64551,0.452148,-0.366455,-1.55078,0.0698242,1.69824,0.664551,-1.56836,-0.0409851,-0.151489,1.70117,-0.0717773,0.632812,-0.13855,-0.585938,-1.32227,-0.358398,0.684082,-0.308838,0.389404,3.17188,0.676758,0.197998,2.47266,1.67188,0.495117,-0.583496,0.83252,1.88281,0.256836,0.553711,-0.481201,1.75781,0.0661011,-0.0346985,-0.886719,0.0871582,-0.011795,-1.10938,0.447754,-1.26465,-1.28027,-0.189453,-0.151123,1.54395,-0.197266,-0.558594,0.762207,1.99023,-0.245483,-0.915039,1.64551,-0.410645,-1.10938,-0.154053,-0.612305,0.328125,0.119202,0.913086
103,0,-0.846191,0.692383,-0.102051,-1.00781,0.640137,-1.64551,0.452148,-0.366455,-1.55078,0.0698242,1.69824,0.664551,-1.56836,-0.0409851,-0.151489,1.70117,-0.0717773,0.632812,-0.13855,-0.585938,-1.32227,-0.358398,0.684082,-0.308838,0.389404,3.17188,0.676758,0.197998,2.47266,1.67188,0.495117,-0.583496,0.83252,1.88281,0.256836,0.553711,-0.481201,1.75781,0.0661011,-0.0346985,-0.886719,0.0871582,-0.011795,-1.10938,0.447754,-1.26465,-1.28027,-0.189453,-0.151123,1.54395,-0.197266,-0.558594,0.762207,1.99023,-0.245483,-0.915039,1.64551,-0.410645,-1.10938,-0.154053,-0.612305,0.328125,0.119202,0.913086
104,0,-0.846191,0.692383,-0.102051,-1.00781,0.640137,-1.64551,0.452148,-0.366455,-1.55078,0.0698242,1.69824,0.664551,-1.56836,-0.0409851,-0.151489,1.70117,-0.0717773,0.632812,-0.13855,-0.585938,-1.32227,-0.358398,0.684082,-0.308838,0.389404,3.17188,0.676758,0.197998,2.47266,1.67188,0.495117,-0.583496,0.83252,1.88281,0.256836,0.553711,-0.481201,1.75781,0.0661011,-0.0346985,-0.886719,0.0871582,-0.011795,-1.10938,0.447754,-1.26465,-1.28027,-0.189453,-0.151123,1.54395,-0.197266,-0.558594,0.762207,1.99023,-0.245483,-0.915039,1.64551,-0.410645,-1.10938,-0.154053,-0.612305,0.328125,0.119202,0.913086
105,0,-0.999512,-0.121582,-0.876953,-0.462891,0.214478,-0.976074,-0.438965,0.387939,2.57812,-0.829102,-1.7041,-0.118042,-0.766113,0.450439,-0.70166,-0.203979,0.102478,0.298828,-1.09473,-0.478516,-2.39258,-0.427246,0.28418,2.08984,-0.499756,-1.49902,1.50391,-0.11084,-1.3623,-0.972656,3.04297,-0.637695,1.78418,0.871094,0.311035,-0.640625,0.685547,-0.0924072,0.68457,0.485107,-0.926758,0.241211,-0.0681763,0.143433,-0.261963,1.46484,-0.0939331,0.318848,0.827637,-1.31055,1.97559,0.130493,-0.032135,1.01758,-0.876953,-1.38086,0.483154,-0.278809,-0.563965,0.187622,1.06445,0.266846,2.10352,-1.55957
106,0,-0.999512,-0.121582,-0.876953,-0.462891,0.214478,-0.976074,-0.438965,0.387939,2.57812,-0.829102,-1.7041,-0.118042,-0.766113,0.450439,-0.70166,-0.203979,0.102478,0.298828,-1.09473,-0.478516,-2.39258,-0.427246,0.28418,2.08984,-0.499756,-1.49902,1.50391,-0.11084,-1.3623,-0.972656,3.04297,-0.637695,1.78418,0.871094,0.311035,-0.640625,0.685547,-0.0924072,0.68457,0.485107,-0.926758,0.241211,-0.0681763,0.143433,-0.261963,1.46484,-0.0939331,0.318848,0.827637,-1.31055,1.97559,0.130493,-0.032135,1.01758,-0.876953,-1.38086,0.483154,-0.278809,-0.563965,0.187622,1.06445,0.266846,2.10352,-1.55957
107,0,-0.999512,-0.121582,-0.876953,-0.462891,0.214478,-0.976074,-0.438965,0.387939,2.57812,-0.829102,-1.7041,-0.118042,-0.766113,0.450439,-0.70166,-0.203979,0.102478,0.298828,-1.09473,-0.478516,-2.39258,-0.427246,0.28418,2.08984,-0.499756,-1.49902,1.50391,-0.11084,-1.3623,-0.972656,3.04297,-0.637695,1.78418,0.871094,0.311035,-0.640625,0.685547,-0.0924072,0.68457,0.485107,-0.926758,0.241211,-0.0681763,0.143433,-0.261963,1.46484,-0.0939331,0.318848,0.827637,-1.31055,1.97559,0.130493,-0.032135,1.01758,-0.876953,-1.38086,0.483154,-0.278809,-0.563965,0.187622,1.06445,0.266846,2.10352,-1.55957
108,0,1.22461,0.25708,0.633301,-2.45508,-1.95117,-1.91992,-0.268555,0.153809,0.950195,-1.13184,-0.379639,-1.38965,-0.0309296,-0.413818,0.118042,-1.03516,1.1123,-1.15039,1.37891,-0.484131,1.4248,-0.741699,-0.271973,-1.2998,-0.168701,-1.5791,0.808105,-1.02051,-0.181519,0.971191,-0.18103,1.49219,0.186157,1.72656,0.564453,0.955566,0.220947,-0.145996,1.24707,-1.09863,0.246948,-0.0202179,-1.13867,-2.14258,0.203613,-1.46484,0.500488,-0.737305,-0.815918,2.4043,-0.0546265,-0.0837402,-1.00586,-0.177368,-0.24707,0.65332,-0.457275,0.0943604,0.716309,-0.197021,1.33496,-0.626953,0.270508,0.722656
109,0,1.22461,0.25708,0.633301,-2.45508,-1.95117,-1.91992,-0.268555,0.153809,0.950195,-1.13184,-0.379639,-1.38965,-0.0309296,-0.413818,0.118042,-1.03516,1.1123,-1.15039,1.37891,-0.484131,1.4248,-0.741699,-0.271973,-1.2998,-0.168701,-1.5791,0.808105,-1.02051,-0.181519,0.971191,-0.18103,1.49219,0.186157,1.72656,0.564453,0.955566,0.220947,-0.145996,1.24707,-1.09863,0.246948,-0.0202179,-1.13867,-2.14258,0.203613,-1.46484,0.500488,-0.737305,-0.815918,2.4043,-0.0546265,-0.0837402,-1.00586,-0.177368,-0.24707,0.65332,-0.457275,0.0943604,0.716309,-0.197021,1.33496,-0.626953,0.270508,0.722656
110,0,1.22461,0.25708,0.633301,-2.45508,-1.95117,-1.91992,-0.268555,0.153809,0.950195,-1.13184,-0.379639,-1.38965,-0.0309296,-0.413818,0.118042,-1.03516,1.1123,-1.15039,1.37891,-0.484131,1.4248,-0.741699,-0.271973,-1.2998,-0.168701,-1.5791,0.808105,-1.02051,-0.181519,0.971191,-0.18103,1.49219,0.186157,1.72656,0.564453,0.955566,0.220947,-0.145996,1.24707,-1.09863,0.246948,-0.0202179,-1.13867,-2.14258,0.203613,-1.46484,0.500488,-0.737305,-0.815918,2.4043,-0.0546265,-0.0837402,-1.00586,-0.177368,-0.24707,0.65332,-0.457275,0.0943604,0.716309,-0.197021,1.33496,-0.626953,0.270508,0.722656
111,0,-0.273682,-0.399414,-0.280762,0.32666,0.618652,0.331055,1.37402,-0.83252,-0.0755005,0.806641,-0.23877,1.24219,2.08203,0.102173,1.40332,-0.850098,-1.32129,0.275146,-0.926758,-1.23633,-0.346924,1.10352,-0.352539,0.360107,-0.336914,-2.15625,-1.68262,-0.904297,0.997559,1.31055,0.401123,-0.236694,1.19824,0.993652,1.70801,1.5459,-1.22754,-0.0688477,-1.16699,-0.27832,0.164673,-0.116821,0.518066,-1.33887,1.41699,-1.67188,1.79785,1.55566,0.176758,-1.30371,-1.98438,-0.436279,0.355469,-0.506348,0.612305,1.78223,-1.06836,0.783691,-0.890137,-1.23535,0.378906,-0.297607,-0.113281,0.893066
112,0,-0.273682,-0.399414,-0.280762,0.32666,0.618652,0.331055,1.37402,-0.83252,-0.0755005,0.806641,-0.23877,1.24219,2.08203,0.102173,1.40332,-0.850098,-1.32129,0.275146,-0.926758,-1.23633,-0.346924,1.10352,-0.352539,0.360107,-0.336914,-2.15625,-1.68262,-0.904297,0.997559,1.31055,0.401123,-0.236694,1.19824,0.993652,1.70801,1.5459,-1.22754,-0.0688477,-1.16699,-0.27832,0.164673,-0.116821,0.518066,-1.33887,1.41699,-1.67188,1.79785,1.55566,0.176758,-1.30371,-1.98438,-0.436279,0.355469,-0.506348,0.612305,1.78223,-1.06836,0.783691,-0.890137,-1.23535,0.378906,-0.297607,-0.113281,0.893066
113,0,-0.273682,-0.399414,-0.280762,0.32666,0.618652,0.331055,1.37402,-0.83252,-0.0755005,0.806641,-0.23877,1.24219,2.08203,0.102173,1.40332,-0.850098,-1.32129,0.275146,-0.926758,-1.23633,-0.346924,1.10352,-0.352539,0.360107,-0.336914,-2.15625,-1.68262,-0.904297,0.997559,1.31055,0.401123,-0.236694,1.19824,0.993652,1.70801,1.5459,-1.22754,-0.0688477,-1.16699,-0.27832,0.164673,-0.116821,0.518066,-1.33887,1.41699,-1.67188,1.79785,1.55566,0.176758,-1.30371,-1.98438,-0.436279,0.355469,-0.506348,0.612305,1.78223,-1.06836,0.783691,-0.890137,-1.23535,0.378906,-0.297607,-0.113281,0.893066
114,0,-0.0924683,0.62207,-0.62793,-0.671387,0.462158,0.19751,0.506348,1.70703,0.347168,0.29834,0.0201721,1.01367,0.102417,-1.00488,0.439941,0.68457,-0.353027,-1.30176,0.235474,0.835938,0.0515747,-0.217529,-0.736816,-1.80078,0.0405579,-0.238281,0.810547,-0.345459,-0.958984,1.01855,1.03223,-0.0722656,-1.24219,0.473145,0.32373,1.6123,-0.00413895,-0.766602,-0.404785,-0.491943,-2.9375,-1.33301,-0.377197,-0.0755615,-0.822266,1.44336,0.207275,0.270752,0.999512,-1.33301,0.0758667,1.27832,0.110779,0.0289001,-0.59668,-0.0733643,-0.588379,-0.875488,-1.18848,0.356689,-0.772461,-0.550293,1.05762,-0.0858765
115,0,-0.0924683,0.62207,-0.62793,-0.671387,0.462158,0.19751,0.506348,1.70703,0.347168,0.29834,0.0201721,1.01367,0.102417,-1.00488,0.439941,0.68457,-0.353027,-1.30176,0.235474,0.835938,0.0515747,-0.217529,-0.736816,-1.80078,0.0405579,-0.238281,0.810547,-0.345459,-0.958984,1.01855,1.03223,-0.0722656,-1.24219,0.473145,0.32373,1.6123,-0.00413895,-0.766602,-0.404785,-0.491943,-2.9375,-1.33301,-0.377197,-0.0755615,-0.822266,1.44336,0.207275,0.270752,0.999512,-1.33301,0.0758667,1.27832,0.110779,0.0289001,-0.59668,-0.0733643,-0.588379,-0.875488,-1.18848,0.356689,-0.772461,-0.550293,1.05762,-0.0858765
116,0,-0.0924683,0.62207,-0.62793,-0.671387,0.462158,0.19751,0.506348,1.70703,0.347168,0.29834,0.0201721,1.01367,0.102417,-1.00488,0.439941,0.68457,-0.353027,-1.30176,0.235474,0.835938,0.0515747,-0.217529,-0.736816,-1.80078,0.0405579,-0.238281,0.810547,-0.345459,-0.958984,1.01855,1.03223,-0.0722656,-1.24219,0.473145,0.32373,1.6123,-0.00413895,-0.766602,-0.404785,-0.491943,-2.9375,-1.33301,-0.377197,-0.0755615,-0.822266,1.44336,0.207275,0.270752,0.999512,-1.33301,0.0758667,1.27832,0.110779,0.0289001,-0.59668,-0.0733643,-0.588379,-0.875488,-1.18848,0.356689,-0.772461,-0.550293,1.05762,-0.0858765
117,0,-2.01953,0.976562,-1.52539,-0.247803,-0.493408,0.2854,-2.38086,-0.0362549,2.44922,0.998047,-1.62988,-0.103699,-0.998047,1.40723,0.107605,-1.62207,0.107788,-0.96582,0.0583801,-0.847168,-0.922852,-0.480225,0.276611,0.969238,-0.0110321,1.2334,0.86084,0.234253,-1.18652,0.389893,-1.25391,1.94238,-0.301758,0.0225525,1.61426,0.347168,-0.124756,-1.1582,1.19629,0.240723,0.794922,0.593262,0.0992432,0.268799,-1.45996,0.320312,-0.0618896,1.66113,0.16394,-0.494141,0.28125,0.339844,-1.4541,0.0709229,-1.3877,-0.950195,0.599121,-0.97168,-0.716309,-1.03906,-0.948242,-0.54541,0.316895,-0.655273
118,0,-2.01953,0.976562,-1.52539,-0.247803,-0.493408,0.2854,-2.38086,-0.0362549,2.44922,0.998047,-1.62988,-0.103699,-0.998047,1.40723,0.107605,-1.62207,0.107788,-0.96582,0.0583801,-0.847168,-0.922852,-0.480225,0.276611,0.969238,-0.0110321,1.2334,0.86084,0.234253,-1.18652,0.389893,-1.25391,1.94238,-0.301758,0.0225525,1.61426,0.347168,-0.124756,-1.1582,1.19629,0.240723,0.794922,0.593262,0.0992432,0.268799,-1.45996,0.320312,-0.0618896,1.66113,0.16394,-0.494141,0.28125,0.339844,-1.4541,0.0709229,-1.3877,-0.950195,0.599121,-0.97168,-0.716309,-1.03906,-0.948242,-0.54541,0.316895,-0.655273
119,0,-2.01953,0.976562,-1.52539,-0.247803,-0.493408,0.2854,-2.38086,-0.0362549,2.44922,0.998047,-1.62988,-0.103699,-0.998047,1.40723,0.107605,-1.62207,0.107788,-0.96582,0.0583801,-0.847168,-0.922852,-0.480225,0.276611,0.969238,-0.0110321,1.2334,0.86084,0.234253,-1.18652,0.389893,-1.25391,1.94238,-0.301758,0.0225525,1.61426,0.347168,-0.124756,-1.1582,1.19629,0.240723,0.794922,0.593262,0.0992432,0.268799,-1.45996,0.320312,-0.0618896,1.66113,0.16394,-0.494141,0.28125,0.339844,-1.4541,0.0709229,-1.3877,-0.950195,0.599121,-0.97168,-0.716309,-1.03906,-0.948242,-0.54541,0.316895,-0.655273
120,0,-0.983887,-1.08984,1.13867,0.184326,0.209229,0.214722,-0.188721,0.489258,-0.190186,0.0852661,0.525879,-0.200439,-1.71973,0.138428,-0.457275,0.259033,0.0650635,-0.224243,-0.0363159,-2.12305,0.967285,0.446289,-0.608398,-1.56934,0.586426,-0.970215,0.214966,0.609863,-0.410645,-1.17285,1.20215,0.220459,0.0447998,-0.614258,0.164917,0.241211,-0.444824,0.41333,0.442139,-0.503906,-0.602051,0.95459,0.473633,0.577637,-0.294678,-0.337158,-0.107422,-1.55566,-0.0582581,-0.42041,1.53906,-1.18652,-0.510742,-0.500488,0.54541,-0.115906,-0.083313,0.0545044,0.951172,0.301758,1.26074,-0.258301,0.0500793,0.248657
121,0,-0.983887,-1.08984,1.13867,0.184326,0.209229,0.214722,-0.188721,0.489258,-0.190186,0.0852661,0.525879,-0.200439,-1.71973,0.138428,-0.457275,0.259033,0.0650635,-0.224243,-0.0363159,-2.12305,0.967285,0.446289,-0.608398,-1.56934,0.586426,-0.970215,0.214966,0.609863,-0.410645,-1.17285,1.20215,0.220459,0.0447998,-0.614258,0.164917,0.241211,-0.444824,0.41333,0.442139,-0.503906,-0.602051,0.95459,0.473633,0.577637,-0.294678,-0.337158,-0.107422,-1.55566,-0.0582581,-0.42041,1.53906,-1.18652,-0.510742,-0.500488,0.54541,-0.115906,-0.083313,0.0545044,0.951172,0.301758,1.26074,-0.258301,0.0500793,0.248657
122,0,-0.983887,-1.08984,1.13867,0.184326,0.209229,0.214722,-0.188721,0.489258,-0.190186,0.0852661,0.525879,-0.200439,-1.71973,0.138428,-0.457275,0.259033,0.0650635,-0.224243,-0.0363159,-2.12305,0.967285,0.446289,-0.608398,-1.56934,0.586426,-0.970215,0.214966,0.609863,-0.410645,-1.17285,1.20215,0.220459,0.0447998,-0.614258,0.164917,0.241211,-0.444824,0.41333,0.442139,-0.503906,-0.602051,0.95459,0.473633,0.577637,-0.294678,-0.337158,-0.107422,-1.55566,-0.0582581,-0.42041,1.53906,-1.18652,-0.510742,-0.500488,0.54541,-0.115906,-0.083313,0.0545044,0.951172,0.301758,1.26074,-0.258301,0.0500793,0.248657
123,0,-0.516113,-2.05664,-0.850586,-1.19238,-1.46875,-1.07031,-0.346924,1.30664,-0.229248,-1.84082,0.204834,-0.228027,0.442871,0.0552979,0.348877,-0.534668,-0.261963,-3.04688,-0.232178,-0.730469,-0.425537,-1.27539,-1.32812,0.331787,0.452393,0.0253448,0.797852,0.884277,-0.880371,0.0908813,1.44434,0.637695,0.774902,0.0223389,-0.555664,-0.40918,0.692871,0.378662,0.900391,0.603516,-0.741211,-0.443848,0.300537,1.09766,0.748535,3.14258,-1.74316,0.891113,-0.446533,-0.86084,-0.657715,-0.327393,-0.896973,0.46875,0.708008,-0.0243073,0.828125,-1.00781,-0.465332,1.01562,1.2041,0.27124,-1.8584,-1.56445
124,0,-0.516113,-2.05664,-0.850586,-1.19238,-1.46875,-1.07031,-0.346924,1.30664,-0.229248,-1.84082,0.204834,-0.228027,0.442871,0.0552979,0.348877,-0.534668,-0.261963,-3.04688,-0.232178,-0.730469,-0.425537,-1.27539,-1.32812,0.331787,0.452393,0.0253448,0.797852,0.884277,-0.880371,0.0908813,1.44434,0.637695,0.774902,0.0223389,-0.555664,-0.40918,0.692871,0.378662,0.900391,0.603516,-0.741211,-0.443848,0.300537,1.09766,0.748535,3.14258,-1.74316,0.891113,-0.446533,-0.86084,-0.657715,-0.327393,-0.896973,0.46875,0.708008,-0.0243073,0.828125,-1.00781,-0.465332,1.01562,1.2041,0.27124,-1.8584,-1.56445
125,0,-0.516113,-2.05664,-0.850586,-1.19238,-1.46875,-1.07031,-0.346924,1.30664,-0.229248,-1.84082,0.204834,-0.228027,0.442871,0.0552979,0.348877,-0.534668,-0.261963,-3.04688,-0.232178,-0.730469,-0.425537,-1.27539,-1.32812,0.331787,0.452393,0.0253448,0.797852,0.884277,-0.880371,0.0908813,1.44434,0.637695,0.774902,0.0223389,-0.555664,-0.40918,0.692871,0.378662,0.900391,0.603516,-0.741211,-0.443848,0.300537,1.09766,0.748535,3.14258,-1.74316,0.891113,-0.446533,-0.86084,-0.657715,-0.327393,-0.896973,0.46875,0.708008,-0.0243073,0.828125,-1.00781,-0.465332,1.01562,1.2041,0.27124,-1.8584,-1.56445
126,0,0.572266,1.79297,1.2002,0.67041,0.371826,0.711426,2.31836,1.29395,-0.239258,0.722656,1.4541,1.42871,-1.63867,-0.356689,-0.0641479,-0.402344,1.06738,-0.641602,-0.768066,-1.35449,-1.57812,0.390625,1.93945,0.338135,-0.663574,1.0166,-0.433838,-1.03516,0.871582,0.263184,0.60791,-1.25586,-0.750488,0.19751,-0.26123,-0.0178223,-0.567383,0.213257,-0.84668,1.10645,0.777832,1.60645,-2.5,0.838379,0.540527,-0.179321,-0.13623,2.89844,0.195068,0.523926,0.500488,1.63184,0.772461,0.349365,-0.716797,-1.13965,0.351318,1.00586,0.0307007,-1.25977,1.70312,0.366699,0.110168,1.64355
127,0,0.572266,1.79297,1.2002,0.67041,0.371826,0.711426,2.31836,1.29395,-0.239258,0.722656,1.4541,1.42871,-1.63867,-0.356689,-0.0641479,-0.402344,1.06738,-0.641602,-0.768066,-1.35449,-1.57812,0.390625,1.93945,0.338135,-0.663574,1.0166,-0.433838,-1.03516,0.871582,0.263184,0.60791,-1.25586,-0.750488,0.19751,-0.26123,-0.0178223,-0.567383,0.213257,-0.84668,1.10645,0.777832,1.60645,-2.5,0.838379,0.540527,-0.179321,-0.13623,2.89844,0.195068,0.523926,0.500488,1.63184,0.772461,0.349365,-0.716797,-1.13965,0.351318,1.00586,0.0307007,-1.25977,1.70312,0.366699,0.110168,1.64355
128,0,0.572266,1.79297,1.2002,0.67041,0.371826,0.711426,2.31836,1.29395,-0.239258,0.722656,1.4541,1.42871,-1.63867,-0.356689,-0.0641479,-0.402344,1.06738,-0.641602,-0.768066,-1.35449,-1.57812,0.390625,1.93945,0.338135,-0.663574,1.0166,-0.433838,-1.03516,0.871582,0.263184,0.60791,-1.25586,-0.750488,0.19751,-0.26123,-0.0178223,-0.567383,0.213257,-0.84668,1.10645,0.777832,1.60645,-2.5,0.838379,0.540527,-0.179321,-0.13623,2.89844,0.195068,0.523926,0.500488,1.63184,0.772461,0.349365,-0.716797,-1.13965,0.351318,1.00586,0.0307007,-1.25977,1.70312,0.366699,0.110168,1.64355
129,0,1.5127,2.02734,-1.08691,1.36035,2.63477,-0.483887,0.69043,-0.381348,-1.15625,0.508789,2.50391,-2.5957,-0.437012,-0.529297,-0.0326843,0.785645,-0.312744,-0.346924,-0.61377,-1.54395,0.734863,1.6582,0.665039,1.57129,-0.0860596,1.86914,1.15332,0.879395,-0.00171375,-2.16406,0.902832,0.314209,0.19165,-1.04492,0.637207,-1.44727,0.0874023,0.601562,0.568359,-1.71289,1.15137,-0.606445,-1.96094,-1.01562,-0.119141,-0.315918,1.84473,0.357422,-0.936035,-0.641602,-0.718262,0.501953,0.318604,-0.62207,1.96191,-0.361084,-0.995117,-0.747559,0.688965,1.83398,-0.688477,-0.638672,0.603516,-1.05859
130,0,1.5127,2.02734,-1.08691,1.36035,2.63477,-0.483887,0.69043,-0.381348,-1.15625,0.508789,2.50391,-2.5957,-0.437012,-0.529297,-0.0326843,0.785645,-0.312744,-0.346924,-0.61377,-1.54395,0.734863,1.6582,0.665039,1.57129,-0.0860596,1.86914,1.15332,0.879395,-0.00171375,-2.16406,0.902832,0.314209,0.19165,-1.04492,0.637207,-1.44727,0.0874023,0.601562,0.568359,-1.71289,1.15137,-0.606445,-1.96094,-1.01562,-0.119141,-0.315918,1.84473,0.357422,-0.936035,-0.641602,-0.718262,0.501953,0.318604,-0.62207,1.96191,-0.361084,-0.995117,-0.747559,0.688965,1.83398,-0.688477,-0.638672,0.603516,-1.05859
131,0,1.5127,2.02734,-1.08691,1.36035,2.63477,-0.483887,0.69043,-0.381348,-1.15625,0.508789,2.50391,-2.5957,-0.437012,-0.529297,-0.0326843,0.785645,-0.312744,-0.346924,-0.61377,-1.54395,0.734863,1.6582,0.665039,1.57129,-0.0860596,1.86914,1.15332,0.879395,-0.00171375,-2.16406,0.902832,0.314209,0.19165,-1.04492,0.637207,-1.44727,0.0874023,0.601562,0.568359,-1.71289,1.15137,-0.606445,-1.96094,-1.01562,-0.119141,-0.315918,1.84473,0.357422,-0.936035,-0.641602,-0.718262,0.501953,0.318604,-0.62207,1.96191,-0.361084,-0.995117,-0.747559,0.688965,1.83398,-0.688477,-0.638672,0.603516,-1.05859
132,0,-0.425293,1.33008,1.00098,-0.183228,1.42676,1.88574,1.90723,0.202271,0.250732,0.550781,0.8125,0.475586,-0.165039,0.0567322,0.892578,0.367432,-1.49805,1.46191,0.619141,0.921875,0.23999,0.831055,-0.429688,1.31836,-1.23242,-0.112488,-1.03223,-0.106567,0.628418,0.0607605,0.70459,0.129272,-0.114502,1.12402,1.7793,-1.46582,-0.789551,-1.25488,1.10254,0.480469,0.382568,1.27148,0.916504,-0.387207,0.469971,0.838379,0.539551,0.0413513,0.0971069,-1.17578,2.55273,0.703125,-0.959961,-2.27344,-0.406738,0.449707,-0.901855,0.468506,-0.84375,-0.187378,0.522949,0.697266,0.815918,2.50195
133,0,-0.425293,1.33008,1.00098,-0.183228,1.42676,1.88574,1.90723,0.202271,0.250732,0.550781,0.8125,0.475586,-0.165039,0.0567322,0.892578,0.367432,-1.49805,1.46191,0.619141,0.921875,0.23999,0.831055,-0.429688,1.31836,-1.23242,-0.112488,-1.03223,-0.106567,0.628418,0.0607605,0.70459,0.129272,-0.114502,1.12402,1.7793,-1.46582,-0.789551,-1.25488,1.10254,0.480469,0.382568,1.27148,0.916504,-0.387207,0.469971,0.838379,0.539551,0.0413513,0.0971069,-1.17578,2.55273,0.703125,-0.959961,-2.27344,-0.406738,0.449707,-0.901855,0.468506,-0.84375,-0.187378,0.522949,0.697266,0.815918,2.50195
134,0,-0.425293,1.33008,1.00098,-0.183228,1.42676,1.88574,1.90723,0.202271,0.250732,0.550781,0.8125,0.475586,-0.165039,0.0567322,0.892578,0.367432,-1.49805,1.46191,0.619141,0.921875,0.23999,0.831055,-0.429688,1.31836,-1.23242,-0.112488,-1.03223,-0.106567,0.628418,0.0607605,0.70459,0.129272,-0.114502,1.12402,1.7793,-1.46582,-0.789551,-1.25488,1.10254,0.480469,0.382568,1.27148,0.916504,-0.387207,0.469971,0.838379,0.539551,0.0413513,0.0971069,-1.17578,2.55273,0.703125,-0.959961,-2.27344,-0.406738,0.449707,-0.901855,0.468506,-0.84375,-0.187378,0.522949,0.697266,0.815918,2.50195
135,0,-0.119019,0.819824,1.65918,-0.315918,-1.70117,2.11328,-0.630859,-1.27832,-1.03516,0.981445,-0.60498,-2.27344,-0.821289,-0.51123,-0.390625,-0.917969,-0.682129,0.110962,-0.376709,1.20215,-0.306641,0.456787,1.06543,1.85254,-0.840332,1.29492,1.7334,1.49414,1.9707,-0.43335,1.16895,-0.0550537,0.0401001,-1.25098,1.77344,-0.416992,-1.13574,-0.94873,-0.381348,1.52344,0.277344,0.661621,-0.0438843,-1.07422,0.244385,-1.06055,-2.02734,0.199097,0.819336,0.759766,-0.474365,0.286133,0.80127,2.33008,-1.2373,-1.17676,0.279785,-0.57666,1.88281,0.71875,0.640625,1.13086,-3.63867,-0.70752
136,0,-0.119019,0.819824,1.65918,-0.315918,-1.70117,2.11328,-0.630859,-1.27832,-1.03516,0.981445,-0.60498,-2.27344,-0.821289,-0.51123,-0.390625,-0.917969,-0.682129,0.110962,-0.376709,1.20215,-0.306641,0.456787,1.06543,1.85254,-0.840332,1.29492,1.7334,1.49414,1.9707,-0.43335,1.16895,-0.0550537,0.0401001,-1.25098,1.77344,-0.416992,-1.13574,-0.94873,-0.381348,1.52344,0.277344,0.661621,-0.0438843,-1.07422,0.244385,-1.06055,-2.02734,0.199097,0.819336,0.759766,-0.474365,0.286133,0.80127,2.33008,-1.2373,-1.17676,0.279785,-0.57666,1.88281,0.71875,0.640625,1.13086,-3.63867,-0.70752
137,0,-0.119019,0.819824,1.65918,-0.315918,-1.70117,2.11328,-0.630859,-1.27832,-1.03516,0.981445,-0.60498,-2.27344,-0.821289,-0.51123,-0.390625,-0.917969,-0.682129,0.110962,-0.376709,1.20215,-0.306641,0.456787,1.06543,1.85254,-0.840332,1.29492,1.7334,1.49414,1.9707,-0.43335,1.16895,-0.0550537,0.0401001,-1.25098,1.77344,-0.416992,-1.13574,-0.94873,-0.381348,1.52344,0.277344,0.661621,-0.0438843,-1.07422,0.244385,-1.06055,-2.02734,0.199097,0.819336,0.759766,-0.474365,0.286133,0.80127,2.33008,-1.2373,-1.17676,0.279785,-0.57666,1.88281,0.71875,0.640625,1.13086,-3.63867,-0.70752
138,0,1.42578,-0.587402,1.49414,-1.97656,0.711426,0.311768,0.155762,-1.20605,-0.486328,-1.87012,2.47852,1.76953,0.583008,-1.35742,-0.0304108,-0.778809,1.12207,0.674805,-0.574707,-0.228516,-0.0243378,1.49023,-0.507324,-1.77441,-1.22656,2.38086,-1.15625,0.477539,-0.464355,1.60938,-1.69141,0.163208,0.523438,-0.000856876,0.158203,0.294678,-1.1084,1.28223,0.356689,0.890137,-0.94043,-2.43555,-0.462646,0.382324,0.816895,-1.11816,0.327637,0.907715,-0.928711,-0.325195,0.605957,-0.367432,0.406738,1.39551,-0.0274811,0.148315,0.188721,1.53906,1.60938,1.90723,1.03613,-2.17969,-0.553711,0.462402
139,0,1.42578,-0.587402,1.49414,-1.97656,0.711426,0.311768,0.155762,-1.20605,-0.486328,-1.87012,2.47852,1.76953,0.583008,-1.35742,-0.0304108,-0.778809,1.12207,0.674805,-0.574707,-0.228516,-0.0243378,1.49023,-0.507324,-1.77441,-1.22656,2.38086,-1.15625,0.477539,-0.464355,1.60938,-1.69141,0.163208,0.523438,-0.000856876,0.158203,0.294678,-1.1084,1.28223,0.356689,0.890137,-0.94043,-2.43555,-0.462646,0.382324,0.816895,-1.11816,0.327637,0.907715,-0.928711,-0.325195,0.605957,-0.367432,0.406738,1.39551,-0.0274811,0.148315,0.188721,1.53906,1.60938,1.90723,1.03613,-2.17969,-0.553711,0.462402
140,0,1.42578,-0.587402,1.49414,-1.97656,0.711426,0.311768,0.155762,-1.20605,-0.486328,-1.87012,2.47852,1.76953,0.583008,-1.35742,-0.0304108,-0.778809,1.12207,0.674805,-0.574707,-0.228516,-0.0243378,1.49023,-0.507324,-1.77441,-1.22656,2.38086,-1.15625,0.477539,-0.464355,1.60938,-1.69141,0.163208,0.523438,-0.000856876,0.158203,0.294678,-1.1084,1.28223,0.356689,0.890137,-0.94043,-2.43555,-0.462646,0.382324,0.816895,-1.11816,0.327637,0.907715,-0.928711,-0.325195,0.605957,-0.367432,0.406738,1.39551,-0.0274811,0.148315,0.188721,1.53906,1.60938,1.90723,1.03613,-2.17969,-0.553711,0.462402
141,0,-0.490723,-0.861328,-2.28516,1.01953,0.104797,-1.62305,-1.02148,1.03613,0.32666,-0.305664,0.257324,1.39941,0.882324,1.99121,0.521484,-0.289795,-0.0715332,-0.798828,0.352783,1.3418,0.985352,-0.540039,-0.953613,0.528809,1.04102,0.552734,-1.53711,-2.11914,0.622559,0.320557,1.30762,-0.532227,-1.12012,-1.91406,-1.81641,-1.29395,-0.0359192,-0.151855,0.816895,-1.7041,-0.871094,-0.32959,-1.03516,-2.82617,0.763672,-1.44238,0.987305,2.34766,-0.762207,0.163208,-0.60498,0.233643,-1.9873,-0.221313,-0.0216522,0.911133,0.85498,0.260986,-1.94336,0.978027,0.712891,-1.55469,-0.467529,0.82959
142,0,-0.490723,-0.861328,-2.28516,1.01953,0.104797,-1.62305,-1.02148,1.03613,0.32666,-0.305664,0.257324,1.39941,0.882324,1.99121,0.521484,-0.289795,-0.0715332,-0.798828,0.352783,1.3418,0.985352,-0.540039,-0.953613,0.528809,1.04102,0.552734,-1.53711,-2.11914,0.622559,0.320557,1.30762,-0.532227,-1.12012,-1.91406,-1.81641,-1.29395,-0.0359192,-0.151855,0.816895,-1.7041,-0.871094,-0.32959,-1.03516,-2.82617,0.763672,-1.44238,0.987305,2.34766,-0.762207,0.163208,-0.60498,0.233643,-1.9873,-0.221313,-0.0216522,0.911133,0.85498,0.260986,-1.94336,0.978027,0.712891,-1.55469,-0.467529,0.82959
143,0,-0.490723,-0.861328,-2.28516,1.01953,0.104797,-1.62305,-1.02148,1.03613,0.32666,-0.305664,0.257324,1.39941,0.882324,1.99121,0.521484,-0.289795,-0.0715332,-0.798828,0.352783,1.3418,0.985352,-0.540039,-0.953613,0.528809,1.04102,0.552734,-1.53711,-2.11914,0.622559,0.320557,1.30762,-0.532227,-1.12012,-1.91406,-1.81641,-1.29395,-0.0359192,-0.151855,0.816895,-1.7041,-0.871094,-0.32959,-1.03516,-2.82617,0.763672,-1.44238,0.987305,2.34766,-0.762207,0.163208,-0.60498,0.233643,-1.9873,-0.221313,-0.0216522,0.911133,0.85498,0.260986,-1.94336,0.978027,0.712891,-1.55469,-0.467529,0.82959
144,0,0.848633,0.464844,0.224365,2.15625,0.0801392,1.81738,2.75195,-2.58594,-0.116943,0.118591,-0.548828,0.928223,-0.320801,0.443359,0.597656,1.31152,0.324951,-1.81934,-2.33398,0.256836,-0.64502,-0.154297,-0.279541,-0.533691,-1.14355,-0.62207,-0.631348,-0.4104,0.0276642,-0.260742,0.191528,0.304688,0.436523,-0.688477,1.9248,0.480957,-0.883789,1.20703,0.181885,-0.489502,-0.932617,2.15234,0.435547,0.770508,-0.543457,0.388672,0.208862,1.46777,-0.90918,-0.705078,0.709961,-2.45898,-0.301025,-0.540039,1.1543,0.134155,0.916992,0.491699,-0.317627,0.117798,1.31152,1.00293,1.82715,2.02539
145,0,0.848633,0.464844,0.224365,2.15625,0.0801392,1.81738,2.75195,-2.58594,-0.116943,0.118591,-0.548828,0.928223,-0.320801,0.443359,0.597656,1.31152,0.324951,-1.81934,-2.33398,0.256836,-0.64502,-0.154297,-0.279541,-0.533691,-1.14355,-0.62207,-0.631348,-0.4104,0.0276642,-0.260742,0.191528,0.304688,0.436523,-0.688477,1.9248,0.480957,-0.883789,1.20703,0.181885,-0.489502,-0.932617,2.15234,0.435547,0.770508,-0.543457,0.388672,0.208862,1.46777,-0.90918,-0.705078,0.709961,-2.45898,-0.301025,-0.540039,1.1543,0.134155,0.916992,0.491699,-0.317627,0.117798,1.31152,1.00293,1.82715,2.02539
146,0,0.848633,0.464844,0.224365,2.15625,0.0801392,1.81738,2.75195,-2.58594,-0.116943,0.118591,-0.548828,0.928223,-0.320801,0.443359,0.597656,1.31152,0.324951,-1.81934,-2.33398,0.256836,-0.64502,-0.154297,-0.279541,-0.533691,-1.14355,-0.62207,-0.631348,-0.4104,0.0276642,-0.260742,0.191528,0.304688,0.436523,-0.688477,1.9248,0.480957,-0.883789,1.20703,0.181885,-0.489502,-0.932617,2.15234,0.435547,0.770508,-0.543457,0.388672,0.208862,1.46777,-0.90918,-0.705078,0.709961,-2.45898,-0.301025,-0.540039,1.1543,0.134155,0.916992,0.491699,-0.317627,0.117798,1.31152,1.00293,1.82715,2.02539
147,0,-1.08203,-1.08594,-0.230713,1.03223,-0.254395,-0.520508,0.962891,-1.82422,0.705078,-2.36523,1.37988,0.27832,0.489258,-0.132568,0.076355,0.0750122,-0.626953,2.18945,1.22559,0.666992,-0.607422,1.10059,-0.996582,-0.315918,0.145874,2.1875,-2.06445,0.41626,1.40039,0.428467,-1.10059,0.164673,-0.609375,0.753906,-1.54688,-1.14258,-1.7002,0.505859,-1.11133,-0.495605,-0.645996,0.615723,0.0217743,0.309326,0.833008,-0.191528,-1.48242,-0.153076,-0.15271,-1.03809,-0.387451,-0.0591431,1.59766,-0.290771,0.333984,-0.337891,-2.05859,-0.695801,0.709961,0.0610962,-1.03418,0.595215,-1.83496,0.324463
148,0,-1.08203,-1.08594,-0.230713,1.03223,-0.254395,-0.520508,0.962891,-1.82422,0.705078,-2.36523,1.37988,0.27832,0.489258,-0.132568,0.076355,0.0750122,-0.626953,2.18945,1.22559,0.666992,-0.607422,1.10059,-0.996582,-0.315918,0.145874,2.1875,-2.06445,0.41626,1.40039,0.428467,-1.10059,0.164673,-0.609375,0.753906,-1.54688,-1.14258,-1.7002,0.505859,-1.11133,-0.495605,-0.645996,0.615723,0.0217743,0.309326,0.833008,-0.191528,-1.48242,-0.153076,-0.15271,-1.03809,-0.387451,-0.0591431,1.59766,-0.290771,0.333984,-0.337891,-2.05859,-0.695801,0.709961,0.0610962,-1.03418,0.595215,-1.83496,0.324463
149,0,-1.08203,-1.08594,-0.230713,1.03223,-0.254395,-0.520508,0.962891,-1.82422,0.705078,-2.36523,1.37988,0.27832,0.489258,-0.132568,0.076355,0.0750122,-0.626953,2.18945,1.22559,0.666992,-0.607422,1.10059,-0.996582,-0.315918,0.145874,2.1875,-2.06445,0.41626,1.40039,0.428467,-1.10059,0.164673,-0.609375,0.753906,-1.54688,-1.14258,-1.7002,0.505859,-1.11133,-0.495605,-0.645996,0.615723,0.0217743,0.309326,0.833008,-0.191528,-1.48242,-0.153076,-0.15271,-1.03809,-0.387451,-0.0591431,1.59766,-0.290771,0.333984,-0.337891,-2.05859,-0.695801,0.709961,0.0610962,-1.03418,0.595215,-1.83496,0.324463
150,0,-0.936035,-0.441162,0.428955,-0.162598,0.510742,0.692871,-1.66602,-1.02148,0.905762,0.240234,1.13281,-0.42749,0.745605,1.80078,-0.303711,0.474365,2.08594,0.857422,-0.203613,-0.674316,0.303223,-0.374268,-0.40332,1.08496,-0.551758,-0.318359,0.114441,0.133423,-0.6875,1.99414,1.08008,-0.279053,1.15234,1.51465,0.105835,-0.0489197,0.961426,0.450928,-1.05176,0.218506,1.2168,1.01562,-1.49219,0.392822,-1.00879,0.298828,0.867188,2.10156,0.898438,-1.0127,-0.731934,0.527832,-0.142456,1.83691,-1.18652,0.156006,-0.0153427,-0.0839844,-1.94043,0.389404,1.17383,0.708008,-1.07129,-0.739746
151,0,-0.936035,-0.441162,0.428955,-0.162598,0.510742,0.692871,-1.66602,-1.02148,0.905762,0.240234,1.13281,-0.42749,0.745605,1.80078,-0.303711,0.474365,2.08594,0.857422,-0.203613,-0.674316,0.303223,-0.374268,-0.40332,1.08496,-0.551758,-0.318359,0.114441,0.133423,-0.6875,1.99414,1.08008,-0.279053,1.15234,1.51465,0.105835,-0.0489197,0.961426,0.450928,-1.05176,0.218506,1.2168,1.01562,-1.49219,0.392822,-1.00879,0.298828,0.867188,2.10156,0.898438,-1.0127,-0.731934,0.527832,-0.142456,1.83691,-1.18652,0.156006,-0.0153427,-0.0839844,-1.94043,0.389404,1.17383,0.708008,-1.07129,-0.739746
152,0,-0.936035,-0.441162,0.428955,-0.162598,0.510742,0.692871,-1.66602,-1.02148,0.905762,0.240234,1.13281,-0.42749,0.745605,1.80078,-0.303711,0.474365,2.08594,0.857422,-0.203613,-0.674316,0.303223,-0.374268,-0.40332,1.08496,-0.551758,-0.318359,0.114441,0.133423,-0.6875,1.99414,1.08008,-0.279053,1.15234,1.51465,0.105835,-0.0489197,0.961426,0.450928,-1.05176,0.218506,1.2168,1.01562,-1.49219,0.392822,-1.00879,0.298828,0.867188,2.10156,0.898438,-1.0127,-0.731934,0.527832,-0.142456,1.83691,-1.18652,0.156006,-0.0153427,-0.0839844,-1.94043,0.389404,1.17383,0.708008,-1.07129,-0.739746
153,0,0.683594,-0.104675,-0.141602,1.36328,-1,-1.88477,-0.510742,0.678711,-1.21387,0.603027,-0.64209,-2.5293,-2.79492,1.96484,1.10352,1.10059,0.513672,0.493896,0.427002,0.444092,-0.891602,-0.284668,0.86084,-0.643066,0.994629,2.14844,0.612793,1.47949,0.388916,-0.440674,-1.18164,-1.70801,-1.07227,0.434082,-1.09766,0.0644531,0.665527,-0.764648,0.959961,0.189331,-1.11035,-0.122742,-0.477539,-0.229126,0.124084,-1.37988,-0.724121,-1.03809,0.752441,0.615723,2.73633,0.631836,0.517578,-1.64844,-0.250977,-0.866211,3.44922,0.689941,1.00293,-0.109253,-0.375,-0.00498199,-0.274902,1.2793
154,0,0.683594,-0.104675,-0.141602,1.36328,-1,-1.88477,-0.510742,0.678711,-1.21387,0.603027,-0.64209,-2.5293,-2.79492,1.96484,1.10352,1.10059,0.513672,0.493896,0.427002,0.444092,-0.891602,-0.284668,0.86084,-0.643066,0.994629,2.14844,0.612793,1.47949,0.388916,-0.440674,-1.18164,-1.70801,-1.07227,0.434082,-1.09766,0.0644531,0.665527,-0.764648,0.959961,0.189331,-1.11035,-0.122742,-0.477539,-0.229126,0.124084,-1.37988,-0.724121,-1.03809,0.752441,0.615723,2.73633,0.631836,0.517578,-1.64844,-0.250977,-0.866211,3.44922,0.689941,1.00293,-0.109253,-0.375,-0.00498199,-0.274902,1.2793
155,0,0.683594,-0.104675,-0.141602,1.36328,-1,-1.88477,-0.510742,0.678711,-1.21387,0.603027,-0.64209,-2.5293,-2.79492,1.96484,1.10352,1.10059,0.513672,0.493896,0.427002,0.444092,-0.891602,-0.284668,0.86084,-0.643066,0.994629,2.14844,0.612793,1.47949,0.388916,-0.440674,-1.18164,-1.70801,-1.07227,0.434082,-1.09766,0.0644531,0.665527,-0.764648,0.959961,0.189331,-1.11035,-0.122742,-0.477539,-0.229126,0.124084,-1.37988,-0.724121,-1.03809,0.752441,0.615723,2.73633,0.631836,0.517578,-1.64844,-0.250977,-0.866211,3.44922,0.689941,1.00293,-0.109253,-0.375,-0.00498199,-0.274902,1.2793
156,0,0.199951,-0.0484924,1.09766,-1.26367,0.344727,0.716797,-0.588867,0.00317764,2.26367,-0.314697,1.25879,-0.648438,-0.530273,-0.954102,-0.0254974,1.21875,-1.04297,0.651855,-0.31665,-0.914062,-0.791016,-2.41211,0.739258,-0.447754,0.334961,0.372803,-0.511719,0.0132217,0.275391,-0.665527,0.983398,1.17383,-0.709961,0.453857,-1.50879,-0.942383,0.553711,-1.49512,0.235596,0.168091,-0.502441,0.807129,1.08984,0.94873,0.0134048,0.739746,-1.40625,-1,1.15527,0.858887,0.658203,0.459717,-0.649414,-0.242554,-0.98584,-1.50488,1.1709,-0.847168,-0.868652,0.609375,0.608887,0.633789,-1.61035,2.49023
157,0,0.199951,-0.0484924,1.09766,-1.26367,0.344727,0.716797,-0.588867,0.00317764,2.26367,-0.314697,1.25879,-0.648438,-0.530273,-0.954102,-0.0254974,1.21875,-1.04297,0.651855,-0.31665,-0.914062,-0.791016,-2.41211,0.739258,-0.447754,0.334961,0.372803,-0.511719,0.0132217,0.275391,-0.665527,0.983398,1.17383,-0.709961,0.453857,-1.50879,-0.942383,0.553711,-1.49512,0.235596,0.168091,-0.502441,0.807129,1.08984,0.94873,0.0134048,0.739746,-1.40625,-1,1.15527,0.858887,0.658203,0.459717,-0.649414,-0.242554,-0.98584,-1.50488,1.1709,-0.847168,-0.868652,0.609375,0.608887,0.633789,-1.61035,2.49023
158,0,0.199951,-0.0484924,1.09766,-1.26367,0.344727,0.716797,-0.588867,0.00317764,2.26367,-0.314697,1.25879,-0.648438,-0.530273,-0.954102,-0.0254974,1.21875,-1.04297,0.651855,-0.31665,-0.914062,-0.791016,-2.41211,0.739258,-0.447754,0.334961,0.372803,-0.511719,0.0132217,0.275391,-0.665527,0.983398,1.17383,-0.709961,0.453857,-1.50879,-0.942383,0.553711,-1.49512,0.235596,0.168091,-0.502441,0.807129,1.08984,0.94873,0.0134048,0.739746,-1.40625,-1,1.15527,0.858887,0.658203,0.459717,-0.649414,-0.242554,-0.98584,-1.50488,1.1709,-0.847168,-0.868652,0.609375,0.608887,0.633789,-1.61035,2.49023
159,0,-0.364502,-0.181641,0.703613,-0.463867,-0.14978,0.884766,-0.585938,-0.811035,-1.21973,-0.00514221,-0.0561218,0.3396,-0.625488,0.847656,-0.672363,0.555176,0.056427,0.390625,0.29834,0.280029,-1.67969,0.409912,1.28906,-1.06445,-0.160156,0.160034,0.381104,0.80127,0.53418,-2.09375,-1.16016,0.0204315,0.527832,-0.302002,0.979004,-0.563965,0.0193634,-1.01465,0.330811,-0.0426941,0.118408,1.36133,0.0963135,-0.602051,-1.0166,0.901855,-1.3291,0.927246,-0.847656,-0.947266,0.704102,-1.83398,0.212524,-0.135864,-0.573242,1.91406,-0.654785,0.946289,1.92871,2.21289,0.224854,0.0748901,0.233032,-0.488525
160,0,-0.364502,-0.181641,0.703613,-0.463867,-0.14978,0.884766,-0.585938,-0.811035,-1.21973,-0.00514221,-0.0561218,0.3396,-0.625488,0.847656,-0.672363,0.555176,0.056427,0.390625,0.29834,0.280029,-1.67969,0.409912,1.28906,-1.06445,-0.160156,0.160034,0.381104,0.80127,0.53418,-2.09375,-1.16016,0.0204315,0.527832,-0.302002,0.979004,-0.563965,0.0193634,-1.01465,0.330811,-0.0426941,0.118408,1.36133,0.0963135,-0.602051,-1.0166,0.901855,-1.3291,0.927246,-0.847656,-0.947266,0.704102,-1.83398,0.212524,-0.135864,-0.573242,1.91406,-0.654785,0.946289,1.92871,2.21289,0.224854,0.0748901,0.233032,-0.488525
161,0,-0.364502,-0.181641,0.703613,-0.463867,-0.14978,0.884766,-0.585938,-0.811035,-1.21973,-0.00514221,-0.0561218,0.3396,-0.625488,0.847656,-0.672363,0.555176,0.056427,0.390625,0.29834,0.280029,-1.67969,0.409912,1.28906,-1.06445,-0.160156,0.160034,0.381104,0.80127,0.53418,-2.09375,-1.16016,0.0204315,0.527832,-0.302002,0.979004,-0.563965,0.0193634,-1.01465,0.330811,-0.0426941,0.118408,1.36133,0.0963135,-0.602051,-1.0166,0.901855,-1.3291,0.927246,-0.847656,-0.947266,0.704102,-1.83398,0.212524,-0.135864,-0.573242,1.91406,-0.654785,0.946289,1.92871,2.21289,0.224854,0.0748901,0.233032,-0.488525
162,0,0.364502,-1.1709,0.164429,0.306396,0.0396729,-0.170654,0.700684,-1.56152,0.2052,1.77832,-0.42334,-0.771484,-0.36792,0.568359,0.98584,-1.00879,0.345947,1.22754,0.948242,-0.455078,-1.45312,0.618652,-1.84375,-0.76416,1.17969,1.01758,0.0700684,-0.765625,-0.749023,1.89551,-1.07617,-0.0682983,1.5332,-1.52637,-1.05371,-1.31543,0.581543,0.986328,0.318359,-0.137695,0.458252,-0.699219,0.527832,-1.25879,-1.05273,0.0593262,-0.617676,1.68262,0.423584,1.1084,0.299072,-0.228394,-0.181519,-1.26074,-0.105225,-1.80078,-0.351318,-1.93848,0.710938,0.793457,0.0997925,-1.23438,0.959473,-0.849609
163,0,0.364502,-1.1709,0.164429,0.306396,0.0396729,-0.170654,0.700684,-1.56152,0.2052,1.77832,-0.42334,-0.771484,-0.36792,0.568359,0.98584,-1.00879,0.345947,1.22754,0.948242,-0.455078,-1.45312,0.618652,-1.84375,-0.76416,1.17969,1.01758,0.0700684,-0.765625,-0.749023,1.89551,-1.07617,-0.0682983,1.5332,-1.52637,-1.05371,-1.31543,0.581543,0.986328,0.318359,-0.137695,0.458252,-0.699219,0.527832,-1.25879,-1.05273,0.0593262,-0.617676,1.68262,0.423584,1.1084,0.299072,-0.228394,-0.181519,-1.26074,-0.105225,-1.80078,-0.351318,-1.93848,0.710938,0.793457,0.0997925,-1.23438,0.959473,-0.849609
164,0,0.364502,-1.1709,0.164429,0.306396,0.0396729,-0.170654,0.700684,-1.56152,0.2052,1.77832,-0.42334,-0.771484,-0.36792,0.568359,0.98584,-1.00879,0.345947,1.22754,0.948242,-0.455078,-1.45312,0.618652,-1.84375,-0.76416,1.17969,1.01758,0.0700684,-0.765625,-0.749023,1.89551,-1.07617,-0.0682983,1.5332,-1.52637,-1.05371,-1.31543,0.581543,0.986328,0.318359,-0.137695,0.458252,-0.699219,0.527832,-1.25879,-1.05273,0.0593262,-0.617676,1.68262,0.423584,1.1084,0.299072,-0.228394,-0.181519,-1.26074,-0.105225,-1.80078,-0.351318,-1.93848,0.710938,0.793457,0.0997925,-1.23438,0.959473,-0.849609
165,0,0.675293,-0.561035,-0.793457,0.421143,0.220947,0.705566,0.067688,0.427979,0.405029,0.783203,-0.566895,0.291748,-0.235229,-1.16309,0.274902,-0.474365,-2.74414,1.29297,0.94043,-1.02148,2.00977,0.470215,1.30957,-1.90332,-0.464355,-0.79541,-0.071167,-2.1875,0.713867,-0.617188,0.0315247,-0.763672,1.59277,0.389648,-1.14844,-1.0293,-0.405273,-1.11035,-0.354004,-0.339355,-0.48999,-0.456055,0.420654,-1.52734,1.7998,0.480469,-0.341309,-0.417725,0.069458,-0.322998,1.10156,-1.19336,-0.10791,1.39062,-0.161011,-1.17773,0.796387,-1.12305,-0.555664,2.50977,-1.85742,-0.286865,0.89502,1.46777
166,0,0.675293,-0.561035,-0.793457,0.421143,0.220947,0.705566,0.067688,0.427979,0.405029,0.783203,-0.566895,0.291748,-0.235229,-1.16309,0.274902,-0.474365,-2.74414,1.29297,0.94043,-1.02148,2.00977,0.470215,1.30957,-1.90332,-0.464355,-0.79541,-0.071167,-2.1875,0.713867,-0.617188,0.0315247,-0.763672,1.59277,0.389648,-1.14844,-1.0293,-0.405273,-1.11035,-0.354004,-0.339355,-0.48999,-0.456055,0.420654,-1.52734,1.7998,0.480469,-0.341309,-0.417725,0.069458,-0.322998,1.10156,-1.19336,-0.10791,1.39062,-0.161011,-1.17773,0.796387,-1.12305,-0.555664,2.50977,-1.85742,-0.286865,0.89502,1.46777
167,0,0.675293,-0.561035,-0.793457,0.421143,0.220947,0.705566,0.067688,0.427979,0.405029,0.783203,-0.566895,0.291748,-0.235229,-1.16309,0.274902,-0.474365,-2.74414,1.29297,0.94043,-1.02148,2.00977,0.470215,1.30957,-1.90332,-0.464355,-0.79541,-0.071167,-2.1875,0.713867,-0.617188,0.0315247,-0.763672,1.59277,0.389648,-1.14844,-1.0293,-0.405273,-1.11035,-0.354004,-0.339355,-0.48999,-0.456055,0.420654,-1.52734,1.7998,0.480469,-0.341309,-0.417725,0.069458,-0.322998,1.10156,-1.19336,-0.10791,1.39062,-0.161011,-1.17773,0.796387,-1.12305,-0.555664,2.50977,-1.85742,-0.286865,0.89502,1.46777
168,0,-0.313477,-1.05371,0.518555,0.308838,0.769043,0.0664673,1.41895,-1.94336,0.0838013,-0.0939331,-3.46289,1.07812,0.790039,-1.8418,-1.32812,1.14844,-1.16699,-1.95996,1.25293,-0.374512,-1.66113,0.107422,-0.0125198,-0.202637,-0.680664,1.78418,0.881836,0.865723,0.210938,0.113586,-0.403809,-0.348389,0.351318,-1.84668,-0.0210266,1.8877,1.04004,-1.09766,1.12012,-1.54199,0.0550232,-0.00733566,-2.18945,0.593262,1.04883,-0.15271,-0.00384712,-0.127075,-0.00749588,0.567871,2.2168,-0.00362587,1.29004,-0.517578,-0.126465,-0.48877,-0.70166,0.0820312,0.717285,-0.499512,0.546387,1.23145,-0.670898,0.810059
169,0,-0.313477,-1.05371,0.518555,0.308838,0.769043,0.0664673,1.41895,-1.94336,0.0838013,-0.0939331,-3.46289,1.07812,0.790039,-1.8418,-1.32812,1.14844,-1.16699,-1.95996,1.25293,-0.374512,-1.66113,0.107422,-0.0125198,-0.202637,-0.680664,1.78418,0.881836,0.865723,0.210938,0.113586,-0.403809,-0.348389,0.351318,-1.84668,-0.0210266,1.8877,1.04004,-1.09766,1.12012,-1.54199,0.0550232,-0.00733566,-2.18945,0.593262,1.04883,-0.15271,-0.00384712,-0.127075,-0.00749588,0.567871,2.2168,-0.00362587,1.29004,-0.517578,-0.126465,-0.48877,-0.70166,0.0820312,0.717285,-0.499512,0.546387,1.23145,-0.670898,0.810059
170,0,-0.313477,-1.05371,0.518555,0.308838,0.769043,0.0664673,1.41895,-1.94336,0.0838013,-0.0939331,-3.46289,1.07812,0.790039,-1.8418,-1.32812,1.14844,-1.16699,-1.95996,1.25293,-0.374512,-1.66113,0.107422,-0.0125198,-0.202637,-0.680664,1.78418,0.881836,0.865723,0.210938,0.113586,-0.403809,-0.348389,0.351318,-1.84668,-0.0210266,1.8877,1.04004,-1.09766,1.12012,-1.54199,0.0550232,-0.00733566,-2.18945,0.593262,1.04883,-0.15271,-0.00384712,-0.127075,-0.00749588,0.567871,2.2168,-0.00362587,1.29004,-0.517578,-0.126465,-0.48877,-0.70166,0.0820312,0.717285,-0.499512,0.546387,1.23145,-0.670898,0.810059
171,0,0.955078,-0.141479,0.0150986,0.093811,-3.14258,-0.416504,-0.313721,0.661133,-0.205078,-0.258301,-0.481201,-1.89355,-0.180786,-0.871582,1.99414,0.695801,0.218994,-0.0131531,-0.773926,0.914551,-0.839355,1.19727,-0.555176,0.786621,-0.323975,0.333496,-0.8125,1.25977,2.02734,1.24219,0.653809,1.83594,1.41602,0.137817,-0.551758,0.683594,-1.06055,-0.519531,0.0105515,-0.5,-1.0127,-0.391846,1.74414,-1.48145,-0.14209,-0.885742,-0.624023,-0.24353,-0.910645,0.839844,-0.0375671,0.79834,0.779297,-0.933594,-0.124512,0.032959,1.38867,0.189209,-0.929688,0.0522156,-1.11035,-0.498535,-0.655762,-0.942871
172,0,0.955078,-0.141479,0.0150986,0.093811,-3.14258,-0.416504,-0.313721,0.661133,-0.205078,-0.258301,-0.481201,-1.89355,-0.180786,-0.871582,1.99414,0.695801,0.218994,-0.0131531,-0.773926,0.914551,-0.839355,1.19727,-0.555176,0.786621,-0.323975,0.333496,-0.8125,1.25977,2.02734,1.24219,0.653809,1.83594,1.41602,0.137817,-0.551758,0.683594,-1.06055,-0.519531,0.0105515,-0.5,-1.0127,-0.391846,1.74414,-1.48145,-0.14209,-0.885742,-0.624023,-0.24353,-0.910645,0.839844,-0.0375671,0.79834,0.779297,-0.933594,-0.124512,0.032959,1.38867,0.189209,-0.929688,0.0522156,-1.11035,-0.498535,-0.655762,-0.942871
173,0,0.955078,-0.141479,0.0150986,0.093811,-3.14258,-0.416504,-0.313721,0.661133,-0.205078,-0.258301,-0.481201,-1.89355,-0.180786,-0.871582,1.99414,0.695801,0.218994,-0.0131531,-0.773926,0.914551,-0.839355,1.19727,-0.555176,0.786621,-0.323975,0.333496,-0.8125,1.25977,2.02734,1.24219,0.653809,1.83594,1.41602,0.137817,-0.551758,0.683594,-1.06055,-0.519531,0.0105515,-0.5,-1.0127,-0.391846,1.74414,-1.48145,-0.14209,-0.885742,-0.624023,-0.24353,-0.910645,0.839844,-0.0375671,0.79834,0.779297,-0.933594,-0.124512,0.032959,1.38867,0.189209,-0.929688,0.0522156,-1.11035,-0.498535,-0.655762,-0.942871
174,0,2.42383,-0.0662231,0.177368,0.311768,1.76172,1.49414,0.869629,0.42627,1.29492,-0.090332,0.179199,0.898926,-0.230713,-0.0317993,0.862305,-0.241211,-1.11426,0.606934,0.107483,1.50586,-1.28809,-0.727051,0.729004,1.82129,1.53516,0.63623,-1.10938,0.141968,-0.416992,0.594727,0.141846,1.21582,0.797852,-0.638184,-0.876465,0.22168,0.06604,-0.521973,0.699219,-1.27832,1.38672,1.33887,0.666504,1.01562,1.85645,0.585938,1.8125,0.4021,1.61719,-0.463379,-1.97949,0.453125,-2.08594,0.43042,-1.22852,-0.704102,1.05469,1.38281,-0.34668,-1.48145,1.11133,-0.312012,-0.749023,-0.0672607
175,0,2.42383,-0.0662231,0.177368,0.311768,1.76172,1.49414,0.869629,0.42627,1.29492,-0.090332,0.179199,0.898926,-0.230713,-0.0317993,0.862305,-0.241211,-1.11426,0.606934,0.107483,1.50586,-1.28809,-0.727051,0.729004,1.82129,1.53516,0.63623,-1.10938,0.141968,-0.416992,0.594727,0.141846,1.21582,0.797852,-0.638184,-0.876465,0.22168,0.06604,-0.521973,0.699219,-1.27832,1.38672,1.33887,0.666504,1.01562,1.85645,0.585938,1.8125,0.4021,1.61719,-0.463379,-1.97949,0.453125,-2.08594,0.43042,-1.22852,-0.704102,1.05469,1.38281,-0.34668,-1.48145,1.11133,-0.312012,-0.749023,-0.0672607
176,0,2.42383,-0.0662231,0.177368,0.311768,1.76172,1.49414,0.869629,0.42627,1.29492,-0.090332,0.179199,0.898926,-0.230713,-0.0317993,0.862305,-0.241211,-1.11426,0.606934,0.107483,1.50586,-1.28809,-0.727051,0.729004,1.82129,1.53516,0.63623,-1.10938,0.141968,-0.416992,0.594727,0.141846,1.21582,0.797852,-0.638184,-0.876465,0.22168,0.06604,-0.521973,0.699219,-1.27832,1.38672,1.33887,0.666504,1.01562,1.85645,0.585938,1.8125,0.4021,1.61719,-0.463379,-1.97949,0.453125,-2.08594,0.43042,-1.22852,-0.704102,1.05469,1.38281,-0.34668,-1.48145,1.11133,-0.312012,-0.749023,-0.0672607
177,0,-1.44922,-1.20801,-0.02565,-2.0293,-0.743164,1.80664,2.32031,-0.433105,0.533203,-0.377686,0.238159,0.118408,0.341064,-0.639648,1.35547,-1.4082,0.280029,0.425537,1.33008,-1.3252,0.73584,-0.248413,-0.757324,0.502441,2.4082,-0.380615,0.225708,-0.741699,-2.33789,1.38867,-1.0166,1.44727,0.310547,-0.977051,-0.256104,0.913086,0.51416,-0.501953,-0.612793,-1.29297,0.878418,-1.58105,0.442383,-0.376709,-1.54004,0.343018,1.30469,-0.193359,0.517578,0.374756,0.624023,-0.569336,-1.1416,-1.03809,-1.53809,-0.969238,1.21973,1.80664,-0.41333,0.389648,-0.670898,0.690918,1.57324,0.763184
178,0,-1.44922,-1.20801,-0.02565,-2.0293,-0.743164,1.80664,2.32031,-0.433105,0.533203,-0.377686,0.238159,0.118408,0.341064,-0.639648,1.35547,-1.4082,0.280029,0.425537,1.33008,-1.3252,0.73584,-0.248413,-0.757324,0.502441,2.4082,-0.380615,0.225708,-0.741699,-2.33789,1.38867,-1.0166,1.44727,0.310547,-0.977051,-0.256104,0.913086,0.51416,-0.501953,-0.612793,-1.29297,0.878418,-1.58105,0.442383,-0.376709,-1.54004,0.343018,1.30469,-0.193359,0.517578,0.374756,0.624023,-0.569336,-1.1416,-1.03809,-1.53809,-0.969238,1.21973,1.80664,-0.41333,0.389648,-0.670898,0.690918,1.57324,0.763184
179,0,-1.44922,-1.20801,-0.02565,-2.0293,-0.743164,1.80664,2.32031,-0.433105,0.533203,-0.377686,0.238159,0.118408,0.341064,-0.639648,1.35547,-1.4082,0.280029,0.425537,1.33008,-1.3252,0.73584,-0.248413,-0.757324,0.502441,2.4082,-0.380615,0.225708,-0.741699,-2.33789,1.38867,-1.0166,1.44727,0.310547,-0.977051,-0.256104,0.913086,0.51416,-0.501953,-0.612793,-1.29297,0.878418,-1.58105,0.442383,-0.376709,-1.54004,0.343018,1.30469,-0.193359,0.517578,0.374756,0.624023,-0.569336,-1.1416,-1.03809,-1.53809,-0.969238,1.21973,1.80664,-0.41333,0.389648,-0.670898,0.690918,1.57324,0.763184
180,0,-0.315918,-1.13867,1.31836,2.0293,-1.90332,1.43555,-0.278564,-2.00586,-0.143677,-1.44043,2.23438,-1.2168,-0.0560303,-1.21191,0.159058,0.740723,-0.493652,1.49707,-0.347412,-1.2959,0.471191,2.24023,-0.255371,-0.280273,-0.0983887,-0.341309,-1.20801,-0.61084,-0.405518,1.0127,2.10938,0.192871,0.127319,-0.248291,-0.506836,-0.0390625,0.599121,-0.0593262,-1.26855,-0.467041,0.598633,-0.404541,-0.501953,-0.240723,-0.00523758,-0.310303,-0.130737,-0.800781,-0.303955,-1.48926,-0.110291,1.33594,2.12891,-0.595215,-0.267334,0.905273,-1.56348,-1.89062,-0.491455,0.763672,0.411621,-0.564941,-1.10547,-0.285156
181,0,-0.315918,-1.13867,1.31836,2.0293,-1.90332,1.43555,-0.278564,-2.00586,-0.143677,-1.44043,2.23438,-1.2168,-0.0560303,-1.21191,0.159058,0.740723,-0.493652,1.49707,-0.347412,-1.2959,0.471191,2.24023,-0.255371,-0.280273,-0.0983887,-0.341309,-1.20801,-0.61084,-0.405518,1.0127,2.10938,0.192871,0.127319,-0.248291,-0.506836,-0.0390625,0.599121,-0.0593262,-1.26855,-0.467041,0.598633,-0.404541,-0.501953,-0.240723,-0.00523758,-0.310303,-0.130737,-0.800781,-0.303955,-1.48926,-0.110291,1.33594,2.12891,-0.595215,-0.267334,0.905273,-1.56348,-1.89062,-0.491455,0.763672,0.411621,-0.564941,-1.10547,-0.285156
182,0,-0.315918,-1.13867,1.31836,2.0293,-1.90332,1.43555,-0.278564,-2.00586,-0.143677,-1.44043,2.23438,-1.2168,-0.0560303,-1.21191,0.159058,0.740723,-0.493652,1.49707,-0.347412,-1.2959,0.471191,2.24023,-0.255371,-0.280273,-0.0983887,-0.341309,-1.20801,-0.61084,-0.405518,1.0127,2.10938,0.192871,0.127319,-0.248291,-0.506836,-0.0390625,0.599121,-0.0593262,-1.26855,-0.467041,0.598633,-0.404541,-0.501953,-0.240723,-0.00523758,-0.310303,-0.130737,-0.800781,-0.303955,-1.48926,-0.110291,1.33594,2.12891,-0.595215,-0.267334,0.905273,-1.56348,-1.89062,-0.491455,0.763672,0.411621,-0.564941,-1.10547,-0.285156
183,0,1.57324,-0.104492,-0.289551,-1.05176,0.105286,1.4248,0.100708,1.92383,2.60352,-0.282227,-1.06348,-1.44238,0.216431,-0.245117,1.15234,-0.0083847,-0.411133,0.402832,-1.51367,1.5,-1.79492,-0.20459,-0.681152,-0.77832,0.198853,-0.94873,0.289795,-0.541992,0.406494,-0.403564,-1.89062,0.00134754,1.01172,1.00684,1.87891,0.268799,0.876465,2.06055,-0.619141,0.90332,-0.424805,-0.516602,-1.11621,1.24316,1.2168,1.82812,0.162231,-1.97656,0.299316,0.9375,0.217773,-1.33008,-0.316162,-0.387695,-1.66016,0.38623,-0.126343,-0.987305,0.459229,-1.10156,-0.727539,-0.140015,0.640137,0.587891
184,0,1.57324,-0.104492,-0.289551,-1.05176,0.105286,1.4248,0.100708,1.92383,2.60352,-0.282227,-1.06348,-1.44238,0.216431,-0.245117,1.15234,-0.0083847,-0.411133,0.402832,-1.51367,1.5,-1.79492,-0.20459,-0.681152,-0.77832,0.198853,-0.94873,0.289795,-0.541992,0.406494,-0.403564,-1.89062,0.00134754,1.01172,1.00684,1.87891,0.268799,0.876465,2.06055,-0.619141,0.90332,-0.424805,-0.516602,-1.11621,1.24316,1.2168,1.82812,0.162231,-1.97656,0.299316,0.9375,0.217773,-1.33008,-0.316162,-0.387695,-1.66016,0.38623,-0.126343,-0.987305,0.459229,-1.10156,-0.727539,-0.140015,0.640137,0.587891
185,0,1.57324,-0.104492,-0.289551,-1.05176,0.105286,1.4248,0.100708,1.92383,2.60352,-0.282227,-1.06348,-1.44238,0.216431,-0.245117,1.15234,-0.0083847,-0.411133,0.402832,-1.51367,1.5,-1.79492,-0.20459,-0.681152,-0.77832,0.198853,-0.94873,0.289795,-0.541992,0.406494,-0.403564,-1.89062,0.00134754,1.01172,1.00684,1.87891,0.268799,0.876465,2.06055,-0.619141,0.90332,-0.424805,-0.516602,-1.11621,1.24316,1.2168,1.82812,0.162231,-1.97656,0.299316,0.9375,0.217773,-1.33008,-0.316162,-0.387695,-1.66016,0.38623,-0.126343,-0.987305,0.459229,-1.10156,-0.727539,-0.140015,0.640137,0.587891
186,0,1.58105,0.00354958,-0.115723,-0.158691,0.0377808,1.05371,0.621094,0.80127,1.18359,-0.994141,2.70898,0.998535,-0.240234,-0.13855,-0.236816,0.356201,-2.33008,-2.0332,-0.132446,0.233398,0.240967,0.861328,0.796387,1.62793,-1.03027,-0.729492,-0.291992,-0.686523,1.26953,0.531738,-0.474854,0.706543,0.528809,-0.84668,-0.37207,0.504395,1.48535,1.43359,-0.494629,1.06055,-0.691406,0.71582,0.595215,-0.882812,-0.218506,-0.799805,0.702148,0.0516663,-0.983398,2.37109,0.638672,-2.87695,-0.270508,0.363281,0.365723,0.811523,1.93457,-1.26562,-0.133667,-0.444824,-0.0759888,0.421875,0.0634766,1.89941
187,0,1.58105,0.00354958,-0.115723,-0.158691,0.0377808,1.05371,0.621094,0.80127,1.18359,-0.994141,2.70898,0.998535,-0.240234,-0.13855,-0.236816,0.356201,-2.33008,-2.0332,-0.132446,0.233398,0.240967,0.861328,0.796387,1.62793,-1.03027,-0.729492,-0.291992,-0.686523,1.26953,0.531738,-0.474854,0.706543,0.528809,-0.84668,-0.37207,0.504395,1.48535,1.43359,-0.494629,1.06055,-0.691406,0.71582,0.595215,-0.882812,-0.218506,-0.799805,0.702148,0.0516663,-0.983398,2.37109,0.638672,-2.87695,-0.270508,0.363281,0.365723,0.811523,1.93457,-1.26562,-0.133667,-0.444824,-0.0759888,0.421875,0.0634766,1.89941
188,0,1.58105,0.00354958,-0.115723,-0.158691,0.0377808,1.05371,0.621094,0.80127,1.18359,-0.994141,2.70898,0.998535,-0.240234,-0.13855,-0.236816,0.356201,-2.33008,-2.0332,-0.132446,0.233398,0.240967,0.861328,0.796387,1.62793,-1.03027,-0.729492,-0.291992,-0.686523,1.26953,0.531738,-0.474854,0.706543,0.528809,-0.84668,-0.37207,0.504395,1.48535,1.43359,-0.494629,1.06055,-0.691406,0.71582,0.595215,-0.882812,-0.218506,-0.799805,0.702148,0.0516663,-0.983398,2.37109,0.638672,-2.87695,-0.270508,0.363281,0.365723,0.811523,1.93457,-1.26562,-0.133667,-0.444824,-0.0759888,0.421875,0.0634766,1.89941
189,0,-0.461182,-0.561035,0.526367,0.515137,1.01172,-1.14551,1.33203,-0.387451,1.26953,-0.857422,0.757324,-0.175903,0.347656,2.45703,0.632812,0.000238419,-0.27124,-1.14648,-0.32959,-0.689453,-0.511719,-1.92871,-1.0166,0.299805,0.284424,-1.18359,0.404297,1.50977,-0.330322,0.882812,0.513184,1.32422,0.178345,0.600098,0.361816,0.332275,-0.0980225,-0.610352,-0.556641,-0.059845,1.42188,0.0383301,0.483154,-0.137817,-1.52441,2.05469,0.629395,-1.58594,1.02051,0.692871,1.58496,0.419678,-0.632812,-0.586426,-1.72656,-1.87598,-0.570801,-1.3418,-2.40234,-0.782227,-0.494385,0.890625,0.590332,1.34961
190,0,-0.461182,-0.561035,0.526367,0.515137,1.01172,-1.14551,1.33203,-0.387451,1.26953,-0.857422,0.757324,-0.175903,0.347656,2.45703,0.632812,0.000238419,-0.27124,-1.14648,-0.32959,-0.689453,-0.511719,-1.92871,-1.0166,0.299805,0.284424,-1.18359,0.404297,1.50977,-0.330322,0.882812,0.513184,1.32422,0.178345,0.600098,0.361816,0.332275,-0.0980225,-0.610352,-0.556641,-0.059845,1.42188,0.0383301,0.483154,-0.137817,-1.52441,2.05469,0.629395,-1.58594,1.02051,0.692871,1.58496,0.419678,-0.632812,-0.586426,-1.72656,-1.87598,-0.570801,-1.3418,-2.40234,-0.782227,-0.494385,0.890625,0.590332,1.34961
191,0,-0.461182,-0.561035,0.526367,0.515137,1.01172,-1.14551,1.33203,-0.387451,1.26953,-0.857422,0.757324,-0.175903,0.347656,2.45703,0.632812,0.000238419,-0.27124,-1.14648,-0.32959,-0.689453,-0.511719,-1.92871,-1.0166,0.299805,0.284424,-1.18359,0.404297,1.50977,-0.330322,0.882812,0.513184,1.32422,0.178345,0.600098,0.361816,0.332275,-0.0980225,-0.610352,-0.556641,-0.059845,1.42188,0.0383301,0.483154,-0.137817,-1.52441,2.05469,0.629395,-1.58594,1.02051,0.692871,1.58496,0.419678,-0.632812,-0.586426,-1.72656,-1.87598,-0.570801,-1.3418,-2.40234,-0.782227,-0.494385,0.890625,0.590332,1.34961
192,0,0.650879,-3.20508,0.179321,-0.428955,1.74609,0.748535,-0.655273,0.263916,0.569824,-0.494141,-0.0887451,-1.59082,-0.904297,-0.285156,0.678223,-0.456299,-0.563965,-0.071228,0.783691,-0.0670166,0.398682,-0.0411072,-1.38672,0.609863,-0.705566,-0.647461,0.0983276,-1.48633,0.207764,-1.91699,2.08594,-0.315186,-2.03516,0.109314,-2.34766,-1.19922,-0.259521,-0.061615,-0.783203,0.284668,1.38379,1.38672,1.16211,-0.390381,1.02148,0.856445,-0.817383,0.729004,-1.85742,-0.325928,1.11816,-0.902832,-0.496826,0.256104,1.31738,0.0651855,0.0912476,-0.213135,0.847656,2.16016,-0.760254,-0.96582,0.0751953,-0.497559
193,0,0.650879,-3.20508,0.179321,-0.428955,1.74609,0.748535,-0.655273,0.263916,0.569824,-0.494141,-0.0887451,-1.59082,-0.904297,-0.285156,0.678223,-0.456299,-0.563965,-0.071228,0.783691,-0.0670166,0.398682,-0.0411072,-1.38672,0.609863,-0.705566,-0.647461,0.0983276,-1.48633,0.207764,-1.91699,2.08594,-0.315186,-2.03516,0.109314,-2.34766,-1.19922,-0.259521,-0.061615,-0.783203,0.284668,1.38379,1.38672,1.16211,-0.390381,1.02148,0.856445,-0.817383,0.729004,-1.85742,-0.325928,1.11816,-0.902832,-0.496826,0.256104,1.31738,0.0651855,0.0912476,-0.213135,0.847656,2.16016,-0.760254,-0.96582,0.0751953,-0.497559
194,0,0.650879,-3.20508,0.179321,-0.428955,1.74609,0.748535,-0.655273,0.263916,0.569824,-0.494141,-0.0887451,-1.59082,-0.904297,-0.285156,0.678223,-0.456299,-0.563965,-0.071228,0.783691,-0.0670166,0.398682,-0.0411072,-1.38672,0.609863,-0.705566,-0.647461,0.0983276,-1.48633,0.207764,-1.91699,2.08594,-0.315186,-2.03516,0.109314,-2.34766,-1.19922,-0.259521,-0.061615,-0.783203,0.284668,1.38379,1.38672,1.16211,-0.390381,1.02148,0.856445,-0.817383,0.729004,-1.85742,-0.325928,1.11816,-0.902832,-0.496826,0.256104,1.31738,0.0651855,0.0912476,-0.213135,0.847656,2.16016,-0.760254,-0.96582,0.0751953,-0.497559
195,0,2.14062,-0.137695,1.08594,0.390137,0.674316,-0.292969,-0.0647583,-1.35254,0.492432,-0.603027,0.785156,-0.725098,1.96289,-0.653809,-0.637207,0.829102,-1.25586,0.688477,-0.00130558,-1.14062,1.49121,0.787598,-0.37207,-0.424316,0.824707,-0.572754,-1.4043,0.0961914,0.874512,-0.128906,-0.160522,1.62012,-1.7334,-2.20312,-0.682129,-1.08105,1.64551,0.650879,1.54883,-0.655762,-0.318848,-0.243896,1.25195,-0.804688,-0.975098,-0.0309753,-0.716797,0.119202,-0.152466,-0.150269,0.0523682,-0.145508,-0.541992,1.69141,0.205688,0.457764,-0.689941,0.578125,0.234985,-1.57812,-0.37915,-0.490723,0.0592651,-0.60498
196,0,2.14062,-0.137695,1.08594,0.390137,0.674316,-0.292969,-0.0647583,-1.35254,0.492432,-0.603027,0.785156,-0.725098,1.96289,-0.653809,-0.637207,0.829102,-1.25586,0.688477,-0.00130558,-1.14062,1.49121,0.787598,-0.37207,-0.424316,0.824707,-0.572754,-1.4043,0.0961914,0.874512,-0.128906,-0.160522,1.62012,-1.7334,-2.20312,-0.682129,-1.08105,1.64551,0.650879,1.54883,-0.655762,-0.318848,-0.243896,1.25195,-0.804688,-0.975098,-0.0309753,-0.716797,0.119202,-0.152466,-0.150269,0.0523682,-0.145508,-0.541992,1.69141,0.205688,0.457764,-0.689941,0.578125,0.234985,-1.57812,-0.37915,-0.490723,0.0592651,-0.60498
197,0,2.14062,-0.137695,1.08594,0.390137,0.674316,-0.292969,-0.0647583,-1.35254,0.492432,-0.603027,0.785156,-0.725098,1.96289,-0.653809,-0.637207,0.829102,-1.25586,0.688477,-0.00130558,-1.14062,1.49121,0.787598,-0.37207,-0.424316,0.824707,-0.572754,-1.4043,0.0961914,0.874512,-0.128906,-0.160522,1.62012,-1.7334,-2.20312,-0.682129,-1.08105,1.64551,0.650879,1.54883,-0.655762,-0.318848,-0.243896,1.25195,-0.804688,-0.975098,-0.0309753,-0.716797,0.119202,-0.152466,-0.150269,0.0523682,-0.145508,-0.541992,1.69141,0.205688,0.457764,-0.689941,0.578125,0.234985,-1.57812,-0.37915,-0.490723,0.0592651,-0.60498
198,0,0,0.126099,0.618652,-0.427734,-0.626465,0.555176,-0.715332,0.111389,-0.555176,-0.59082,-0.583984,-0.647949,-1.74609,1.36426,0.154419,-0.393799,-0.858887,-0.0531311,0.223633,0.651855,-0.831055,0.081604,1.04492,-0.563477,-0.134521,0.325195,1.49121,-0.390869,-0.137329,0.0324402,0.515625,0.80127,0,-1.7334,1.21973,0.655762,-1.49805,1.73535,-0.737793,-1.52832,-0.124084,0.528809,-0.0182343,-0.902832,-0.00625229,0.341797,0.27417,-0.791992,0.11731,-0.473877,-0.773438,1.55957,1.23047,-1.11328,-0.153564,0.812988,-0.224243,-1.05469,-0.867676,0.0884399,-0.827637,-1.0459,0.85498,-0.577148
199,0,0,0.126099,0.618652,-0.427734,-0.626465,0.555176,-0.715332,0.111389,-0.555176,-0.59082,-0.583984,-0.647949,-1.74609,1.36426,0.154419,-0.393799,-0.858887,-0.0531311,0.223633,0.651855,-0.831055,0.081604,1.04492,-0.563477,-0.134521,0.325195,1.49121,-0.390869,-0.137329,0.0324402,0.515625,0.80127,0,-1.7334,1.21973,0.655762,-1.49805,1.73535,-0.737793,-1.52832,-0.124084,0.528809,-0.0182343,-0.902832,-0.00625229,0.341797,0.27417,-0.791992,0.11731,-0.473877,-0.773438,1.55957,1.23047,-1.11328,-0.153564,0.812988,-0.224243,-1.05469,-0.867676,0.0884399,-0.827637,-1.0459,0.85498,-0.577148
200,0,0,0.126099,0.618652,-0.427734,-0.626465,0.555176,-0.715332,0.111389,-0.555176,-0.59082,-0.583984,-0.647949,-1.74609,1.36426,0.154419,-0.393799,-0.858887,-0.0531311,0.223633,0.651855,-0.831055,0.081604,1.04492,-0.563477,-0.134521,0.325195,1.49121,-0.390869,-0.137329,0.0324402,0.515625,0.80127,0,-1.7334,1.21973,0.655762,-1.49805,1.73535,-0.737793,-1.52832,-0.124084,0.528809,-0.0182343,-0.902832,-0.00625229,0.341797,0.27417,-0.791992,0.11731,-0.473877,-0.773438,1.55957,1.23047,-1.11328,-0.153564,0.812988,-0.224243,-1.05469,-0.867676,0.0884399,-0.827637,-1.0459,0.85498,-0.577148
201,0,0,0,1.49023,-0.0404053,0.648438,1.46875,-0.475586,0.125488,0.325928,-1.29395,-1.69531,0.781738,1.07031,0.165649,-1.85547,-0.338379,-0.0916138,-1.29199,0.197998,2.25195,0.794922,0.729492,-2.11914,-0.419434,0.637695,0.0379028,0.492188,-1.1377,0.017334,2.02734,-0.0950317,0.202637,0,0,-1.7334,-0.308594,0.296143,0.158203,0.73584,-0.452881,-0.452148,-1.96387,0.520996,-0.441162,-0.22937,1.15234,0.741211,0.869629,-0.654297,-0.308838,0.167236,1.85059,-0.804688,-0.799805,-1.21777,-1.10449,-0.13208,0.933594,0.0892944,-0.18457,0.214233,0.103516,0.859375,0.684082
202,0,0,0,1.49023,-0.0404053,0.648438,1.46875,-0.475586,0.125488,0.325928,-1.29395,-1.69531,0.781738,1.07031,0.165649,-1.85547,-0.338379,-0.0916138,-1.29199,0.197998,2.25195,0.794922,0.729492,-2.11914,-0.419434,0.637695,0.0379028,0.492188,-1.1377,0.017334,2.02734,-0.0950317,0.202637,0,0,-1.7334,-0.308594,0.296143,0.158203,0.73584,-0.452881,-0.452148,-1.96387,0.520996,-0.441162,-0.22937,1.15234,0.741211,0.869629,-0.654297,-0.308838,0.167236,1.85059,-0.804688,-0.799805,-1.21777,-1.10449,-0.13208,0.933594,0.0892944,-0.18457,0.214233,0.103516,0.859375,0.684082
203,0,0,0,1.49023,-0.0404053,0.648438,1.46875,-0.475586,0.125488,0.325928,-1.29395,-1.69531,0.781738,1.07031,0.165649,-1.85547,-0.338379,-0.0916138,-1.29199,0.197998,2.25195,0.794922,0.729492,-2.11914,-0.419434,0.637695,0.0379028,0.492188,-1.1377,0.017334,2.02734,-0.0950317,0.202637,0,0,-1.7334,-0.308594,0.296143,0.158203,0.73584,-0.452881,-0.452148,-1.96387,0.520996,-0.441162,-0.22937,1.15234,0.741211,0.869629,-0.654297,-0.308838,0.167236,1.85059,-0.804688,-0.799805,-1.21777,-1.10449,-0.13208,0.933594,0.0892944,-0.18457,0.214233,0.103516,0.859375,0.684082
204,0,0,0,0,-0.835938,1.53711,0.515137,-2.05078,0.867676,-0.183228,0.126709,-0.565918,-1.2168,-0.563965,0.688965,0.385742,-0.556641,-1.39648,0.345459,-1.53809,-0.921875,0.725098,-0.601562,0.639648,-1.75684,0.347168,1.33984,-0.51416,0.29834,-1.26562,0.569824,-0.278076,0.0369873,0,0,0,-1.7334,1.75879,0.114685,0.166138,-0.636719,0.416504,-0.337158,2.05469,0.388916,0.714355,1.16602,-1.29492,1.5459,0.899902,-0.427979,0.94043,0.560059,-0.227783,-0.00796509,-0.334717,0.786621,0.71875,-0.660645,0.911133,-0.126587,-0.598633,-0.983398,-2.36914,0.380127
205,0,0,0,0,-0.835938,1.53711,0.515137,-2.05078,0.867676,-0.183228,0.126709,-0.565918,-1.2168,-0.563965,0.688965,0.385742,-0.556641,-1.39648,0.345459,-1.53809,-0.921875,0.725098,-0.601562,0.639648,-1.75684,0.347168,1.33984,-0.51416,0.29834,-1.26562,0.569824,-0.278076,0.0369873,0,0,0,-1.7334,1.75879,0.114685,0.166138,-0.636719,0.416504,-0.337158,2.05469,0.388916,0.714355,1.16602,-1.29492,1.5459,0.899902,-0.427979,0.94043,0.560059,-0.227783,-0.00796509,-0.334717,0.786621,0.71875,-0.660645,0.911133,-0.126587,-0.598633,-0.983398,-2.36914,0.380127
206,0,0,0,0,-0.835938,1.53711,0.515137,-2.05078,0.867676,-0.183228,0.126709,-0.565918,-1.2168,-0.563965,0.688965,0.385742,-0.556641,-1.39648,0.345459,-1.53809,-0.921875,0.725098,-0.601562,0.639648,-1.75684,0.347168,1.33984,-0.51416,0.29834,-1.26562,0.569824,-0.278076,0.0369873,0,0,0,-1.7334,1.75879,0.114685,0.166138,-0.636719,0.416504,-0.337158,2.05469,0.388916,0.714355,1.16602,-1.29492,1.5459,0.899902,-0.427979,0.94043,0.560059,-0.227783,-0.00796509,-0.334717,0.786621,0.71875,-0.660645,0.911133,-0.126587,-0.598633,-0.983398,-2.36914,0.380127
207,0,0,0,0,0,1.71875,-0.139526,-0.811035,-0.848633,-0.653809,-0.0910645,-0.0217133,0.190918,1.90039,-0.549316,-1.70117,-1.12793,0.189941,0.171509,0.308594,-0.61084,-0.793457,0.635254,0.437256,-0.455811,-0.128784,0.696289,1.45703,-0.569824,0.623535,-0.848633,1.36719,0.436035,0,0,0,0,-1.7334,0.538086,-1.47363,2.40234,-0.19104,0.38501,0.606445,1.38184,-0.210938,2.29883,-0.498535,-0.51709,0.555176,2.03516,0.252686,-0.30249,1.51172,-0.807617,0.0411987,-1.44336,-0.985352,0.78125,0.979492,1.20996,-2.08789,0.655762,0.702637,-0.554688
208,0,0,0,0,0,1.71875,-0.139526,-0.811035,-0.848633,-0.653809,-0.0910645,-0.0217133,0.190918,1.90039,-0.549316,-1.70117,-1.12793,0.189941,0.171509,0.308594,-0.61084,-0.793457,0.635254,0.437256,-0.455811,-0.128784,0.696289,1.45703,-0.569824,0.623535,-0.848633,1.36719,0.436035,0,0,0,0,-1.7334,0.538086,-1.47363,2.40234,-0.19104,0.38501,0.606445,1.38184,-0.210938,2.29883,-0.498535,-0.51709,0.555176,2.03516,0.252686,-0.30249,1.51172,-0.807617,0.0411987,-1.44336,-0.985352,0.78125,0.979492,1.20996,-2.08789,0.655762,0.702637,-0.554688
209,0,0,0,0,0,1.71875,-0.139526,-0.811035,-0.848633,-0.653809,-0.0910645,-0.0217133,0.190918,1.90039,-0.549316,-1.70117,-1.12793,0.189941,0.171509,0.308594,-0.61084,-0.793457,0.635254,0.437256,-0.455811,-0.128784,0.696289,1.45703,-0.569824,0.623535,-0.848633,1.36719,0.436035,0,0,0,0,-1.7334,0.538086,-1.47363,2.40234,-0.19104,0.38501,0.606445,1.38184,-0.210938,2.29883,-0.498535,-0.51709,0.555176,2.03516,0.252686,-0.30249,1.51172,-0.807617,0.0411987,-1.44336,-0.985352,0.78125,0.979492,1.20996,-2.08789,0.655762,0.702637,-0.554688
210,0,0,0,0,0,0,0.838379,1.5957,-1.68164,-1.11914,-1.25781,-0.445068,-0.0484619,-1.37793,-1.28418,0.0834351,0.109009,-1.14062,0.519531,-0.151367,0.224731,-0.189087,0.677246,0.756348,-0.375,0.226929,-1.28125,-0.0634766,1.23438,0.22522,0.39209,-0.459717,-0.747559,0,0,0,0,0,-1.7334,2.86914,0.510254,0.821777,1.42578,0.387451,0.00727844,-0.402832,-1.94629,0.842285,-1.03125,1.53809,1.41797,-0.12915,-0.0447388,1.04785,-1.85352,-0.19043,-0.341064,-0.327637,-1.31738,-0.119873,0.105591,-0.120667,-1.35938,-0.959961,0.412354
211,0,0,0,0,0,0,0.838379,1.5957,-1.68164,-1.11914,-1.25781,-0.445068,-0.0484619,-1.37793,-1.28418,0.0834351,0.109009,-1.14062,0.519531,-0.151367,0.224731,-0.189087,0.677246,0.756348,-0.375,0.226929,-1.28125,-0.0634766,1.23438,0.22522,0.39209,-0.459717,-0.747559,0,0,0,0,0,-1.7334,2.86914,0.510254,0.821777,1.42578,0.387451,0.00727844,-0.402832,-1.94629,0.842285,-1.03125,1.53809,1.41797,-0.12915,-0.0447388,1.04785,-1.85352,-0.19043,-0.341064,-0.327637,-1.31738,-0.119873,0.105591,-0.120667,-1.35938,-0.959961,0.412354
212,0,0,0,0,0,0,0.838379,1.5957,-1.68164,-1.11914,-1.25781,-0.445068,-0.0484619,-1.37793,-1.28418,0.0834351,0.109009,-1.14062,0.519531,-0.151367,0.224731,-0.189087,0.677246,0.756348,-0.375,0.226929,-1.28125,-0.0634766,1.23438,0.22522,0.39209,-0.459717,-0.747559,0,0,0,0,0,-1.7334,2.86914,0.510254,0.821777,1.42578,0.387451,0.00727844,-0.402832,-1.94629,0.842285,-1.03125,1.53809,1.41797,-0.12915,-0.0447388,1.04785,-1.85352,-0.19043,-0.341064,-0.327637,-1.31738,-0.119873,0.105591,-0.120667,-1.35938,-0.959961,0.412354
213,0,0,0,0,0,0,0,0.507812,-1.62695,0.368164,-1.10938,0.721191,-1.50488,-0.0421448,-0.52002,-0.358887,1.45605,0.193726,0.916504,-0.447754,0.84668,-0.513184,0.562012,-0.254883,1.52441,-0.506348,-0.169189,1.61719,-0.875,0.477539,1.71973,-1.03125,1.18555,0,0,0,0,0,0,-1.7334,-0.553223,-0.697266,-0.648438,0.35791,1.125,-0.703125,1.43652,-0.171265,0.345459,-1.77832,0.774902,-0.501953,0.00400543,-0.109741,0.408203,-0.828613,0.447266,1.56543,0.381836,-2.26758,0.201294,-1.05566,-1.2959,-0.108765,-0.0517883
214,0,0,0,0,0,0,0,0.507812,-1.62695,0.368164,-1.10938,0.721191,-1.50488,-0.0421448,-0.52002,-0.358887,1.45605,0.193726,0.916504,-0.447754,0.84668,-0.513184,0.562012,-0.254883,1.52441,-0.506348,-0.169189,1.61719,-0.875,0.477539,1.71973,-1.03125,1.18555,0,0,0,0,0,0,-1.7334,-0.553223,-0.697266,-0.648438,0.35791,1.125,-0.703125,1.43652,-0.171265,0.345459,-1.77832,0.774902,-0.501953,0.00400543,-0.109741,0.408203,-0.828613,0.447266,1.56543,0.381836,-2.26758,0.201294,-1.05566,-1.2959,-0.108765,-0.0517883
215,0,0,0,0,0,0,0,0.507812,-1.62695,0.368164,-1.10938,0.721191,-1.50488,-0.0421448,-0.52002,-0.358887,1.45605,0.193726,0.916504,-0.447754,0.84668,-0.513184,0.562012,-0.254883,1.52441,-0.506348,-0.169189,1.61719,-0.875,0.477539,1.71973,-1.03125,1.18555,0,0,0,0,0,0,-1.7334,-0.553223,-0.697266,-0.648438,0.35791,1.125,-0.703125,1.43652,-0.171265,0.345459,-1.77832,0.774902,-0.501953,0.00400543,-0.109741,0.408203,-0.828613,0.447266,1.56543,0.381836,-2.26758,0.201294,-1.05566,-1.2959,-0.108765,-0.0517883
216,0,0,0,0,0,0,0,0,-0.0804443,-0.570312,0.922852,0.986328,1.2666,-1.3584,-2,1.13965,-1.37402,0.168945,0.224731,-0.945801,-0.39502,-0.867676,0.0703125,-1.37207,0.636719,-0.00804901,-1.14648,-0.0249786,0.617676,-0.0762939,0.507812,2.80664,-1.80762,0,0,0,0,0,0,0,-1.7334,0.941895,0.115417,-0.2323,0.147949,-0.810059,-1.07617,0.426514,1.08301,0.0524292,-1.49121,1.63672,0.84375,0.119202,-0.355713,0.139404,-1.22363,-0.604492,-1.58594,0.0913086,-0.0473633,-0.0555725,-0.879883,1.54004,1.18945
217,0,0,0,0,0,0,0,0,-0.0804443,-0.570312,0.922852,0.986328,1.2666,-1.3584,-2,1.13965,-1.37402,0.168945,0.224731,-0.945801,-0.39502,-0.867676,0.0703125,-1.37207,0.636719,-0.00804901,-1.14648,-0.0249786,0.617676,-0.0762939,0.507812,2.80664,-1.80762,0,0,0,0,0,0,0,-1.7334,0.941895,0.115417,-0.2323,0.147949,-0.810059,-1.07617,0.426514,1.08301,0.0524292,-1.49121,1.63672,0.84375,0.119202,-0.355713,0.139404,-1.22363,-0.604492,-1.58594,0.0913086,-0.0473633,-0.0555725,-0.879883,1.54004,1.18945
218,0,0,0,0,0,0,0,0,-0.0804443,-0.570312,0.922852,0.986328,1.2666,-1.3584,-2,1.13965,-1.37402,0.168945,0.224731,-0.945801,-0.39502,-0.867676,0.0703125,-1.37207,0.636719,-0.00804901,-1.14648,-0.0249786,0.617676,-0.0762939,0.507812,2.80664,-1.80762,0,0,0,0,0,0,0,-1.7334,0.941895,0.115417,-0.2323,0.147949,-0.810059,-1.07617,0.426514,1.08301,0.0524292,-1.49121,1.63672,0.84375,0.119202,-0.355713,0.139404,-1.22363,-0.604492,-1.58594,0.0913086,-0.0473633,-0.0555725,-0.879883,1.54004,1.18945
219,0,0,0,0,0,0,0,0,0,-0.224365,0.492676,0.876465,-0.350342,-0.931641,-0.521973,0.821777,-1.03125,0.5625,1.31738,-0.503906,-0.0491333,0.809082,-1.26855,0.00284576,0.887207,-1.81543,-0.469727,1.41797,-0.312988,-0.298828,1.33105,-0.19397,-0.141724,0,0,0,0,0,0,0,0,-1.7334,1.04395,0.00193977,-1.22461,-0.114319,-0.107056,-0.653809,0.253662,0.155396,0.365234,1.75098,-0.103394,-1.54297,-1.52344,0.978027,0.446289,1.96289,1.82227,-0.337402,0.571289,-0.261475,-0.532227,-0.509277,-0.98584
220,0,0,0,0,0,0,0,0,0,-0.224365,0.492676,0.876465,-0.350342,-0.931641,-0.521973,0.821777,-1.03125,0.5625,1.31738,-0.503906,-0.0491333,0.809082,-1.26855,0.00284576,0.887207,-1.81543,-0.469727,1.41797,-0.312988,-0.298828,1.33105,-0.19397,-0.141724,0,0,0,0,0,0,0,0,-1.7334,1.04395,0.00193977,-1.22461,-0.114319,-0.107056,-0.653809,0.253662,0.155396,0.365234,1.75098,-0.103394,-1.54297,-1.52344,0.978027,0.446289,1.96289,1.82227,-0.337402,0.571289,-0.261475,-0.532227,-0.509277,-0.98584
221,0,0,0,0,0,0,0,0,0,-0.224365,0.492676,0.876465,-0.350342,-0.931641,-0.521973,0.821777,-1.03125,0.5625,1.31738,-0.503906,-0.0491333,0.809082,-1.26855,0.00284576,0.887207,-1.81543,-0.469727,1.41797,-0.312988,-0.298828,1.33105,-0.19397,-0.141724,0,0,0,0,0,0,0,0,-1.7334,1.04395,0.00193977,-1.22461,-0.114319,-0.107056,-0.653809,0.253662,0.155396,0.365234,1.75098,-0.103394,-1.54297,-1.52344,0.978027,0.446289,1.96289,1.82227,-0.337402,0.571289,-0.261475,-0.532227,-0.509277,-0.98584
222,0,0,0,0,0,0,0,0,0,0,-1.0127,-0.19104,-1.90918,-0.793457,0.551758,0.217041,-2.19141,-0.458008,-0.541016,1.90039,0.258545,1.13965,-0.0370178,-0.00481796,1.00977,0.448486,-0.364502,-0.59375,-0.0592957,1.43652,-1.24805,0.235962,-0.2229,0,0,0,0,0,0,0,0,0,-1.7334,0.501465,-1.03027,0.758301,-1.38379,-3.21094,-0.530273,0.713867,-2.63477,0.221802,0.117859,0.886719,2.13086,0.937012,0.108643,0.992188,-0.519531,-0.130005,-0.524902,-0.30957,-1.55078,-0.467773,1.13281
223,0,0,0,0,0,0,0,0,0,0,-1.0127,-0.19104,-1.90918,-0.793457,0.551758,0.217041,-2.19141,-0.458008,-0.541016,1.90039,0.258545,1.13965,-0.0370178,-0.00481796,1.00977,0.448486,-0.364502,-0.59375,-0.0592957,1.43652,-1.24805,0.235962,-0.2229,0,0,0,0,0,0,0,0,0,-1.7334,0.501465,-1.03027,0.758301,-1.38379,-3.21094,-0.530273,0.713867,-2.63477,0.221802,0.117859,0.886719,2.13086,0.937012,0.108643,0.992188,-0.519531,-0.130005,-0.524902,-0.30957,-1.55078,-0.467773,1.13281
224,0,0,0,0,0,0,0,0,0,0,-1.0127,-0.19104,-1.90918,-0.793457,0.551758,0.217041,-2.19141,-0.458008,-0.541016,1.90039,0.258545,1.13965,-0.0370178,-0.00481796,1.00977,0.448486,-0.364502,-0.59375,-0.0592957,1.43652,-1.24805,0.235962,-0.2229,0,0,0,0,0,0,0,0,0,-1.7334,0.501465,-1.03027,0.758301,-1.38379,-3.21094,-0.530273,0.713867,-2.63477,0.221802,0.117859,0.886719,2.13086,0.937012,0.108643,0.992188,-0.519531,-0.130005,-0.524902,-0.30957,-1.55078,-0.467773,1.13281
225,0,0,0,0,0,0,0,0,0,0,0,0.702637,0.0866699,1.01758,-0.124756,-2.04297,0.37915,0.779297,0.958008,-0.269043,-0.666504,-0.559082,-1.2959,0.537109,-1.00391,-1.58594,-1.58496,0.248413,0.544434,2.20312,-0.0880127,1.04297,-0.833984,0,0,0,0,0,0,0,0,0,0,-1.7334,0.737793,0.588379,0.654785,-0.572266,-0.844238,0.339111,-1.27637,1.0791,1.87305,1.63477,1.00488,0.24585,0.568848,-1.63672,-0.263184,-0.320557,0.953613,-1.02051,-1.55566,0.987305,-0.882324
226,0,0,0,0,0,0,0,0,0,0,0,0.702637,0.0866699,1.01758,-0.124756,-2.04297,0.37915,0.779297,0.958008,-0.269043,-0.666504,-0.559082,-1.2959,0.537109,-1.00391,-1.58594,-1.58496,0.248413,0.544434,2.20312,-0.0880127,1.04297,-0.833984,0,0,0,0,0,0,0,0,0,0,-1.7334,0.737793,0.588379,0.654785,-0.572266,-0.844238,0.339111,-1.27637,1.0791,1.87305,1.63477,1.00488,0.24585,0.568848,-1.63672,-0.263184,-0.320557,0.953613,-1.02051,-1.55566,0.987305,-0.882324
227,0,0,0,0,0,0,0,0,0,0,0,0.702637,0.0866699,1.01758,-0.124756,-2.04297,0.37915,0.779297,0.958008,-0.269043,-0.666504,-0.559082,-1.2959,0.537109,-1.00391,-1.58594,-1.58496,0.248413,0.544434,2.20312,-0.0880127,1.04297,-0.833984,0,0,0,0,0,0,0,0,0,0,-1.7334,0.737793,0.588379,0.654785,-0.572266,-0.844238,0.339111,-1.27637,1.0791,1.87305,1.63477,1.00488,0.24585,0.568848,-1.63672,-0.263184,-0.320557,0.953613,-1.02051,-1.55566,0.987305,-0.882324
228,0,0,0,0,0,0,0,0,0,0,0,0,0.552734,-0.666016,-0.193237,-0.53125,0.343262,0.866699,1.30469,0.291748,-1.5791,1.52539,0.238525,-0.486572,0.785156,0.691895,0.134155,-0.178711,-0.321289,0.0714722,0.393311,2.20703,1.43848,0,0,0,0,0,0,0,0,0,0,0,-1.7334,1.12109,-0.333984,-0.839844,-0.974121,-1.39551,0.572754,-0.382324,0.260498,0.0614319,-0.16272,0.842773,-1.70898,0.845703,0.608398,0.762207,0.329346,0.508301,-1.10449,0.531738,1.61328
229,0,0,0,0,0,0,0,0,0,0,0,0,0.552734,-0.666016,-0.193237,-0.53125,0.343262,0.866699,1.30469,0.291748,-1.5791,1.52539,0.238525,-0.486572,0.785156,0.691895,0.134155,-0.178711,-0.321289,0.0714722,0.393311,2.20703,1.43848,0,0,0,0,0,0,0,0,0,0,0,-1.7334,1.12109,-0.333984,-0.839844,-0.974121,-1.39551,0.572754,-0.382324,0.260498,0.0614319,-0.16272,0.842773,-1.70898,0.845703,0.608398,0.762207,0.329346,0.508301,-1.10449,0.531738,1.61328
230,0,0,0,0,0,0,0,0,0,0,0,0,0.552734,-0.666016,-0.193237,-0.53125,0.343262,0.866699,1.30469,0.291748,-1.5791,1.52539,0.238525,-0.486572,0.785156,0.691895,0.134155,-0.178711,-0.321289,0.0714722,0.393311,2.20703,1.43848,0,0,0,0,0,0,0,0,0,0,0,-1.7334,1.12109,-0.333984,-0.839844,-0.974121,-1.39551,0.572754,-0.382324,0.260498,0.0614319,-0.16272,0.842773,-1.70898,0.845703,0.608398,0.762207,0.329346,0.508301,-1.10449,0.531738,1.61328
231,0,0,0,0,0,0,0,0,0,0,0,0,0,0.369873,-1.27441,-1.46582,0.75293,2.62109,0.73584,1.73047,0.300049,-0.643555,0.574219,0.396729,-1.34082,0.348877,0.701172,1.02637,-0.112,-1.04395,-1.0957,0.0224152,-0.407227,0,0,0,0,0,0,0,0,0,0,0,0,-1.7334,-0.497803,1.19531,0.747559,-0.807617,0.434082,-0.216553,1.70312,0.346436,0.487549,-0.193237,0.188477,0.615234,0.740234,-0.715332,-2.10156,-0.831055,0.0953369,-0.516602,-0.439209
232,0,0,0,0,0,0,0,0,0,0,0,0,0,0.369873,-1.27441,-1.46582,0.75293,2.62109,0.73584,1.73047,0.300049,-0.643555,0.574219,0.396729,-1.34082,0.348877,0.701172,1.02637,-0.112,-1.04395,-1.0957,0.0224152,-0.407227,0,0,0,0,0,0,0,0,0,0,0,0,-1.7334,-0.497803,1.19531,0.747559,-0.807617,0.434082,-0.216553,1.70312,0.346436,0.487549,-0.193237,0.188477,0.615234,0.740234,-0.715332,-2.10156,-0.831055,0.0953369,-0.516602,-0.439209
233,0,0,0,0,0,0,0,0,0,0,0,0,0,0.369873,-1.27441,-1.46582,0.75293,2.62109,0.73584,1.73047,0.300049,-0.643555,0.574219,0.396729,-1.34082,0.348877,0.701172,1.02637,-0.112,-1.04395,-1.0957,0.0224152,-0.407227,0,0,0,0,0,0,0,0,0,0,0,0,-1.7334,-0.497803,1.19531,0.747559,-0.807617,0.434082,-0.216553,1.70312,0.346436,0.487549,-0.193237,0.188477,0.615234,0.740234,-0.715332,-2.10156,-0.831055,0.0953369,-0.516602,-0.439209
234,0,0,0,0,0,0,0,0,0,0,0,0,0,0,-3.95117,1.89941,-2.00586,-1.01172,0.675293,-0.209106,-0.696777,0.674805,1.5957,-1.05176,1.01758,1.64941,0.428467,0.494629,0.755859,-0.0482178,1.57812,-1.61426,-1.2998,0,0,0,0,0,0,0,0,0,0,0,0,0,-1.7334,0.493164,-0.234009,1.28906,-0.0275726,0.726562,-1.20508,-1.20312,-2.4707,0.708496,-2.0332,1.54102,-0.54248,-0.746094,0.723633,0.581543,-1.51562,-2.06641,1.05859
235,0,0,0,0,0,0,0,0,0,0,0,0,0,0,-3.95117,1.89941,-2.00586,-1.01172,0.675293,-0.209106,-0.696777,0.674805,1.5957,-1.05176,1.01758,1.64941,0.428467,0.494629,0.755859,-0.0482178,1.57812,-1.61426,-1.2998,0,0,0,0,0,0,0,0,0,0,0,0,0,-1.7334,0.493164,-0.234009,1.28906,-0.0275726,0.726562,-1.20508,-1.20312,-2.4707,0.708496,-2.0332,1.54102,-0.54248,-0.746094,0.723633,0.581543,-1.51562,-2.06641,1.05859
236,0,0,0,0,0,0,0,0,0,0,0,0,0,0,-3.95117,1.89941,-2.00586,-1.01172,0.675293,-0.209106,-0.696777,0.674805,1.5957,-1.05176,1.01758,1.64941,0.428467,0.494629,0.755859,-0.0482178,1.57812,-1.61426,-1.2998,0,0,0,0,0,0,0,0,0,0,0,0,0,-1.7334,0.493164,-0.234009,1.28906,-0.0275726,0.726562,-1.20508,-1.20312,-2.4707,0.708496,-2.0332,1.54102,-0.54248,-0.746094,0.723633,0.581543,-1.51562,-2.06641,1.05859
237,0,0,0,0,0,0,0,0,0,0,0,0,0,0,0,0.0595093,-0.70166,-0.724121,0.416992,-0.0872803,0.881348,-0.723633,0.0584412,1.23438,1.26855,0.290039,0.15625,0.0791016,1.08594,0.82373,1.58203,-2.02344,0.57373,0,0,0,0,0,0,0,0,0,0,0,0,0,0,-1.7334,0.439697,0.265869,0.441162,1.29199,-0.217041,-2.29102,-1.21582,0.803711,1.24023,-0.224609,1.20898,-0.783203,-0.842773,0.0653076,0.0610352,-0.72168,-1.17676
238,0,0,0,0,0,0,0,0,0,0,0,0,0,0,0,0.0595093,-0.70166,-0.724121,0.416992,-0.0872803,0.881348,-0.723633,0.0584412,1.23438,1.26855,0.290039,0.15625,0.0791016,1.08594,0.82373,1.58203,-2.02344,0.57373,0,0,0,0,0,0,0,0,0,0,0,0,0,0,-1.7334,0.439697,0.265869,0.441162,1.29199,-0.217041,-2.29102,-1.21582,0.803711,1.24023,-0.224609,1.20898,-0.783203,-0.842773,0.0653076,0.0610352,-0.72168,-1.17676
239,0,0,0,0,0,0,0,0,0,0,0,0,0,0,0,0.0595093,-0.70166,-0.724121,0.416992,-0.0872803,0.881348,-0.723633,0.0584412,1.23438,1.26855,0.290039,0.15625,0.0791016,1.08594,0.82373,1.58203,-2.02344,0.57373,0,0,0,0,0,0,0,0,0,0,0,0,0,0,-1.7334,0.439697,0.265869,0.441162,1.29199,-0.217041,-2.29102,-1.21582,0.803711,1.24023,-0.224609,1.20898,-0.783203,-0.842773,0.0653076,0.0610352,-0.72168,-1.17676
240,0,0,0,0,0,0,0,0,0,0,0,0,0,0,0,0,0.112854,3.57031,-0.144165,-1.16406,-0.323486,0.83252,-0.303955,1.38867,-1.16113,-1.47754,0.840332,0.10675,-1.79199,1.7793,-0.663574,0.540039,-1.16504,0,0,0,0,0,0,0,0,0,0,0,0,0,0,0,-1.7334,-0.783691,-0.78125,0.564941,-0.387939,-0.238403,0.0586853,-0.677734,-0.0449524,0.419922,0.273926,-1.33789,-0.354736,-0.284912,0.321777,-0.449707,1.38086
241,0,0,0,0,0,0,0,0,0,0,0,0,0,0,0,0,0.112854,3.57031,-0.144165,-1.16406,-0.323486,0.83252,-0.303955,1.38867,-1.16113,-1.47754,0.840332,0.10675,-1.79199,1.7793,-0.663574,0.540039,-1.16504,0,0,0,0,0,0,0,0,0,0,0,0,0,0,0,-1.7334,-0.783691,-0.78125,0.564941,-0.387939,-0.238403,0.0586853,-0.677734,-0.0449524,0.419922,0.273926,-1.33789,-0.354736,-0.284912,0.321777,-0.449707,1.38086
242,0,0,0,0,0,0,0,0,0,0,0,0,0,0,0,0,0.112854,3.57031,-0.144165,-1.16406,-0.323486,0.83252,-0.303955,1.38867,-1.16113,-1.47754,0.840332,0.10675,-1.79199,1.7793,-0.663574,0.540039,-1.16504,0,0,0,0,0,0,0,0,0,0,0,0,0,0,0,-1.7334,-0.783691,-0.78125,0.564941,-0.387939,-0.238403,0.0586853,-0.677734,-0.0449524,0.419922,0.273926,-1.33789,-0.354736,-0.284912,0.321777,-0.449707,1.38086
243,0,0,0,0,0,0,0,0,0,0,0,0,0,0,0,0,0,1.09961,-0.625977,-0.369873,-0.32959,-0.028244,-1.11426,-0.847656,-0.978027,-1.91797,-0.30542,0.0141449,-0.172607,-0.514648,1.22949,-0.0825806,-0.461182,0,0,0,0,0,0,0,0,0,0,0,0,0,0,0,0,-1.7334,0.163818,0.564941,0.487793,1.16309,-0.57666,0.379395,-0.150024,1.67676,-0.470703,1.47461,0.67627,-0.0525818,-0.509766,-0.990723,-0.435303
244,0,0,0,0,0,0,0,0,0,0,0,0,0,0,0,0,0,1.09961,-0.625977,-0.369873,-0.32959,-0.028244,-1.11426,-0.847656,-0.978027,-1.91797,-0.30542,0.0141449,-0.172607,-0.514648,1.22949,-0.0825806,-0.461182,0,0,0,0,0,0,0,0,0,0,0,0,0,0,0,0,-1.7334,0.163818,0.564941,0.487793,1.16309,-0.57666,0.379395,-0.150024,1.67676,-0.470703,1.47461,0.67627,-0.0525818,-0.509766,-0.990723,-0.435303
245,0,0,0,0,0,0,0,0,0,0,0,0,0,0,0,0,0,1.09961,-0.625977,-0.369873,-0.32959,-0.028244,-1.11426,-0.847656,-0.978027,-1.91797,-0.30542,0.0141449,-0.172607,-0.514648,1.22949,-0.0825806,-0.461182,0,0,0,0,0,0,0,0,0,0,0,0,0,0,0,0,-1.7334,0.163818,0.564941,0.487793,1.16309,-0.57666,0.379395,-0.150024,1.67676,-0.470703,1.47461,0.67627,-0.0525818,-0.509766,-0.990723,-0.435303
246,0,0,0,0,0,0,0,0,0,0,0,0,0,0,0,0,0,0,1.46387,2.01953,0.344971,-0.314941,-0.424805,-1.71191,1.70996,-1.69922,1.00488,0.065979,1.28223,1.32129,0.625977,-1.04395,0.293701,0,0,0,0,0,0,0,0,0,0,0,0,0,0,0,0,0,-1.7334,1.50781,-0.578125,0.747559,-0.743652,1.68262,1.46582,-0.694336,-0.765137,-1.30566,-0.456299,-0.0139313,-0.18103,-1.43457,0.153198
247,0,0,0,0,0,0,0,0,0,0,0,0,0,0,0,0,0,0,1.46387,2.01953,0.344971,-0.314941,-0.424805,-1.71191,1.70996,-1.69922,1.00488,0.065979,1.28223,1.32129,0.625977,-1.04395,0.293701,0,0,0,0,0,0,0,0,0,0,0,0,0,0,0,0,0,-1.7334,1.50781,-0.578125,0.747559,-0.743652,1.68262,1.46582,-0.694336,-0.765137,-1.30566,-0.456299,-0.0139313,-0.18103,-1.43457,0.153198
248,0,0,0,0,0,0,0,0,0,0,0,0,0,0,0,0,0,0,1.46387,2.01953,0.344971,-0.314941,-0.424805,-1.71191,1.70996,-1.69922,1.00488,0.065979,1.28223,1.32129,0.625977,-1.04395,0.293701,0,0,0,0,0,0,0,0,0,0,0,0,0,0,0,0,0,-1.7334,1.50781,-0.578125,0.747559,-0.743652,1.68262,1.46582,-0.694336,-0.765137,-1.30566,-0.456299,-0.0139313,-0.18103,-1.43457,0.153198
249,0,0,0,0,0,0,0,0,0,0,0,0,0,0,0,0,0,0,0,0.295654,1.36133,0.377197,-0.586426,-2.62109,0.990234,-0.373047,-0.268311,0.939941,0.635254,1.21094,1.93945,-0.401367,0.179077,0,0,0,0,0,0,0,0,0,0,0,0,0,0,0,0,0,0,-1.7334,1.23633,1.5791,1.27441,1.17383,-0.874023,0.45166,1.70996,-0.52832,-1.46777,0.532227,0.648438,0.228394,-1.18457
250,0,0,0,0,0,0,0,0,0,0,0,0,0,0,0,0,0,0,0,0.295654,1.36133,0.377197,-0.586426,-2.62109,0.990234,-0.373047,-0.268311,0.939941,0.635254,1.21094,1.93945,-0.401367,0.179077,0,0,0,0,0,0,0,0,0,0,0,0,0,0,0,0,0,0,-1.7334,1.23633,1.5791,1.27441,1.17383,-0.874023,0.45166,1.70996,-0.52832,-1.46777,0.532227,0.648438,0.228394,-1.18457
251,0,0,0,0,0,0,0,0,0,0,0,0,0,0,0,0,0,0,0,0.295654,1.36133,0.377197,-0.586426,-2.62109,0.990234,-0.373047,-0.268311,0.939941,0.635254,1.21094,1.93945,-0.401367,0.179077,0,0,0,0,0,0,0,0,0,0,0,0,0,0,0,0,0,0,-1.7334,1.23633,1.5791,1.27441,1.17383,-0.874023,0.45166,1.70996,-0.52832,-1.46777,0.532227,0.648438,0.228394,-1.18457
252,0,0,0,0,0,0,0,0,0,0,0,0,0,0,0,0,0,0,0,0,0.820312,0.0271606,0.269043,-0.0191803,-0.772949,0.395508,-1.07129,0.510742,0.697266,-1.13281,0.350098,-0.253906,0.535645,0,0,0,0,0,0,0,0,0,0,0,0,0,0,0,0,0,0,0,-1.7334,2.11523,0.312988,0.0281372,-0.603027,1.0332,0.947266,0.271729,-0.318604,0.205811,-0.25293,0.291504,0.0762939
253,0,0,0,0,0,0,0,0,0,0,0,0,0,0,0,0,0,0,0,0,0.820312,0.0271606,0.269043,-0.0191803,-0.772949,0.395508,-1.07129,0.510742,0.697266,-1.13281,0.350098,-0.253906,0.535645,0,0,0,0,0,0,0,0,0,0,0,0,0,0,0,0,0,0,0,-1.7334,2.11523,0.312988,0.0281372,-0.603027,1.0332,0.947266,0.271729,-0.318604,0.205811,-0.25293,0.291504,0.0762939
254,0,0,0,0,0,0,0,0,0,0,0,0,0,0,0,0,0,0,0,0,0.820312,0.0271606,0.269043,-0.0191803,-0.772949,0.395508,-1.07129,0.510742,0.697266,-1.13281,0.350098,-0.253906,0.535645,0,0,0,0,0,0,0,0,0,0,0,0,0,0,0,0,0,0,0,-1.7334,2.11523,0.312988,0.0281372,-0.603027,1.0332,0.947266,0.271729,-0.318604,0.205811,-0.25293,0.291504,0.0762939
255,0,0,0,0,0,0,0,0,0,0,0,0,0,0,0,0,0,0,0,0,0,0.0727539,-0.413818,-0.365479,-1.67969,-0.591797,0.199829,0.323975,0.777344,0.237915,0.663574,0.793945,-0.709473,0,0,0,0,0,0,0,0,0,0,0,0,0,0,0,0,0,0,0,0,-1.7334,-0.986328,0.680176,-0.842285,-0.236084,1.13086,1.05176,-1.78711,-1.5,0.267578,0.273438,0.992676
256,0,0,0,0,0,0,0,0,0,0,0,0,0,0,0,0,0,0,0,0,0,0.0727539,-0.413818,-0.365479,-1.67969,-0.591797,0.199829,0.323975,0.777344,0.237915,0.663574,0.793945,-0.709473,0,0,0,0,0,0,0,0,0,0,0,0,0,0,0,0,0,0,0,0,-1.7334,-0.986328,0.680176,-0.842285,-0.236084,1.13086,1.05176,-1.78711,-1.5,0.267578,0.273438,0.992676
257,0,0,0,0,0,0,0,0,0,0,0,0,0,0,0,0,0,0,0,0,0,0.0727539,-0.413818,-0.365479,-1.67969,-0.591797,0.199829,0.323975,0.777344,0.237915,0.663574,0.793945,-0.709473,0,0,0,0,0,0,0,0,0,0,0,0,0,0,0,0,0,0,0,0,-1.7334,-0.986328,0.680176,-0.842285,-0.236084,1.13086,1.05176,-1.78711,-1.5,0.267578,0.273438,0.992676
258,0,0,0,0,0,0,0,0,0,0,0,0,0,0,0,0,0,0,0,0,0,0,-0.871094,-0.778809,1.97266,0.393555,-0.633789,-1.38379,-0.608887,1.51074,0.393799,0.285889,-0.149536,0,0,0,0,0,0,0,0,0,0,0,0,0,0,0,0,0,0,0,0,0,-1.7334,-0.628906,-0.0110016,0.303955,-1.4209,0.0455627,0.816895,1.91895,-0.654297,-0.918457,0.45459
259,0,0,0,0,0,0,0,0,0,0,0,0,0,0,0,0,0,0,0,0,0,0,-0.871094,-0.778809,1.97266,0.393555,-0.633789,-1.38379,-0.608887,1.51074,0.393799,0.285889,-0.149536,0,0,0,0,0,0,0,0,0,0,0,0,0,0,0,0,0,0,0,0,0,-1.7334,-0.628906,-0.0110016,0.303955,-1.4209,0.0455627,0.816895,1.91895,-0.654297,-0.918457,0.45459
260,0,0,0,0,0,0,0,0,0,0,0,0,0,0,0,0,0,0,0,0,0,0,-0.871094,-0.778809,1.97266,0.393555,-0.633789,-1.38379,-0.608887,1.51074,0.393799,0.285889,-0.149536,0,0,0,0,0,0,0,0,0,0,0,0,0,0,0,0,0,0,0,0,0,-1.7334,-0.628906,-0.0110016,0.303955,-1.4209,0.0455627,0.816895,1.91895,-0.654297,-0.918457,0.45459
261,0,0,0,0,0,0,0,0,0,0,0,0,0,0,0,0,0,0,0,0,0,0,0,-0.0296326,-0.0914917,-0.11676,1.29199,-0.0213318,0.974609,1.01758,1.03125,-1.11914,0.541504,0,0,0,0,0,0,0,0,0,0,0,0,0,0,0,0,0,0,0,0,0,0,-1.7334,-0.390137,-0.0328674,0.904297,-0.18335,-1.42871,0.77832,0.856934,0.611816,1.25098
262,0,0,0,0,0,0,0,0,0,0,0,0,0,0,0,0,0,0,0,0,0,0,0,-0.0296326,-0.0914917,-0.11676,1.29199,-0.0213318,0.974609,1.01758,1.03125,-1.11914,0.541504,0,0,0,0,0,0,0,0,0,0,0,0,0,0,0,0,0,0,0,0,0,0,-1.7334,-0.390137,-0.0328674,0.904297,-0.18335,-1.42871,0.77832,0.856934,0.611816,1.25098
263,0,0,0,0,0,0,0,0,0,0,0,0,0,0,0,0,0,0,0,0,0,0,0,-0.0296326,-0.0914917,-0.11676,1.29199,-0.0213318,0.974609,1.01758,1.03125,-1.11914,0.541504,0,0,0,0,0,0,0,0,0,0,0,0,0,0,0,0,0,0,0,0,0,0,-1.7334,-0.390137,-0.0328674,0.904297,-0.18335,-1.42871,0.77832,0.856934,0.611816,1.25098
264,0,0,0,0,0,0,0,0,0,0,0,0,0,0,0,0,0,0,0,0,0,0,0,0,-1.52832,1.79883,-1.41797,0.420898,0.244873,-0.0674438,-1.08691,-0.230225,-0.256348,0,0,0,0,0,0,0,0,0,0,0,0,0,0,0,0,0,0,0,0,0,0,0,-1.7334,-0.101196,-0.666016,0.525391,-1.41797,0.378418,-0.463867,-0.32251,1.12598
265,0,0,0,0,0,0,0,0,0,0,0,0,0,0,0,0,0,0,0,0,0,0,0,0,-1.52832,1.79883,-1.41797,0.420898,0.244873,-0.0674438,-1.08691,-0.230225,-0.256348,0,0,0,0,0,0,0,0,0,0,0,0,0,0,0,0,0,0,0,0,0,0,0,-1.7334,-0.101196,-0.666016,0.525391,-1.41797,0.378418,-0.463867,-0.32251,1.12598
266,0,0,0,0,0,0,0,0,0,0,0,0,0,0,0,0,0,0,0,0,0,0,0,0,-1.52832,1.79883,-1.41797,0.420898,0.244873,-0.0674438,-1.08691,-0.230225,-0.256348,0,0,0,0,0,0,0,0,0,0,0,0,0,0,0,0,0,0,0,0,0,0,0,-1.7334,-0.101196,-0.666016,0.525391,-1.41797,0.378418,-0.463867,-0.32251,1.12598
267,0,0,0,0,0,0,0,0,0,0,0,0,0,0,0,0,0,0,0,0,0,0,0,0,0,1.76367,1.00879,0.0130463,-0.702148,-0.348389,-2.41211,0.0375671,1.54004,0,0,0,0,0,0,0,0,0,0,0,0,0,0,0,0,0,0,0,0,0,0,0,0,-1.7334,0.471924,-1.59766,0.946289,1.04004,-0.734375,-0.0433655,-1.29688
268,0,0,0,0,0,0,0,0,0,0,0,0,0,0,0,0,0,0,0,0,0,0,0,0,0,1.76367,1.00879,0.0130463,-0.702148,-0.348389,-2.41211,0.0375671,1.54004,0,0,0,0,0,0,0,0,0,0,0,0,0,0,0,0,0,0,0,0,0,0,0,0,-1.7334,0.471924,-1.59766,0.946289,1.04004,-0.734375,-0.0433655,-1.29688
269,0,0,0,0,0,0,0,0,0,0,0,0,0,0,0,0,0,0,0,0,0,0,0,0,0,1.76367,1.00879,0.0130463,-0.702148,-0.348389,-2.41211,0.0375671,1.54004,0,0,0,0,0,0,0,0,0,0,0,0,0,0,0,0,0,0,0,0,0,0,0,0,-1.7334,0.471924,-1.59766,0.946289,1.04004,-0.734375,-0.0433655,-1.29688
270,0,0,0,0,0,0,0,0,0,0,0,0,0,0,0,0,0,0,0,0,0,0,0,0,0,0,-2.21875,-0.817871,0.172241,0.264404,-1.56836,0.102051,-0.791016,0,0,0,0,0,0,0,0,0,0,0,0,0,0,0,0,0,0,0,0,0,0,0,0,0,-1.7334,-0.830078,1.32715,0.220093,-0.587891,0.916992,-0.197021
271,0,0,0,0,0,0,0,0,0,0,0,0,0,0,0,0,0,0,0,0,0,0,0,0,0,0,-2.21875,-0.817871,0.172241,0.264404,-1.56836,0.102051,-0.791016,0,0,0,0,0,0,0,0,0,0,0,0,0,0,0,0,0,0,0,0,0,0,0,0,0,-1.7334,-0.830078,1.32715,0.220093,-0.587891,0.916992,-0.197021
272,0,0,0,0,0,0,0,0,0,0,0,0,0,0,0,0,0,0,0,0,0,0,0,0,0,0,-2.21875,-0.817871,0.172241,0.264404,-1.56836,0.102051,-0.791016,0,0,0,0,0,0,0,0,0,0,0,0,0,0,0,0,0,0,0,0,0,0,0,0,0,-1.7334,-0.830078,1.32715,0.220093,-0.587891,0.916992,-0.197021
273,0,0,0,0,0,0,0,0,0,0,0,0,0,0,0,0,0,0,0,0,0,0,0,0,0,0,0,0.44458,-0.634766,0.998047,-1.7334,0.0257568,0.615723,0,0,0,0,0,0,0,0,0,0,0,0,0,0,0,0,0,0,0,0,0,0,0,0,0,0,-1.7334,0.199341,1.4209,-0.217163,1.26953,1.36328
274,0,0,0,0,0,0,0,0,0,0,0,0,0,0,0,0,0,0,0,0,0,0,0,0,0,0,0,0.44458,-0.634766,0.998047,-1.7334,0.0257568,0.615723,0,0,0,0,0,0,0,0,0,0,0,0,0,0,0,0,0,0,0,0,0,0,0,0,0,0,-1.7334,0.199341,1.4209,-0.217163,1.26953,1.36328
275,0,0,0,0,0,0,0,0,0,0,0,0,0,0,0,0,0,0,0,0,0,0,0,0,0,0,0,0.44458,-0.634766,0.998047,-1.7334,0.0257568,0.615723,0,0,0,0,0,0,0,0,0,0,0,0,0,0,0,0,0,0,0,0,0,0,0,0,0,0,-1.7334,0.199341,1.4209,-0.217163,1.26953,1.36328
276,0,0,0,0,0,0,0,0,0,0,0,0,0,0,0,0,0,0,0,0,0,0,0,0,0,0,0,0,0.0194397,-0.57959,-0.128418,0.51709,-0.503906,0,0,0,0,0,0,0,0,0,0,0,0,0,0,0,0,0,0,0,0,0,0,0,0,0,0,0,-1.7334,1.67285,-1.61133,-0.0900879,-2.13672
277,0,0,0,0,0,0,0,0,0,0,0,0,0,0,0,0,0,0,0,0,0,0,0,0,0,0,0,0,0.0194397,-0.57959,-0.128418,0.51709,-0.503906,0,0,0,0,0,0,0,0,0,0,0,0,0,0,0,0,0,0,0,0,0,0,0,0,0,0,0,-1.7334,1.67285,-1.61133,-0.0900879,-2.13672
278,0,0,0,0,0,0,0,0,0,0,0,0,0,0,0,0,0,0,0,0,0,0,0,0,0,0,0,0,0.0194397,-0.57959,-0.128418,0.51709,-0.503906,0,0,0,0,0,0,0,0,0,0,0,0,0,0,0,0,0,0,0,0,0,0,0,0,0,0,0,-1.7334,1.67285,-1.61133,-0.0900879,-2.13672
279,0,0,0,0,0,0,0,0,0,0,0,0,0,0,0,0,0,0,0,0,0,0,0,0,0,0,0,0,0,-0.0184479,-0.0646362,-1.52441,1.48828,0,0,0,0,0,0,0,0,0,0,0,0,0,0,0,0,0,0,0,0,0,0,0,0,0,0,0,0,-1.7334,1.20508,0.0456848,0.48291
280,0,0,0,0,0,0,0,0,0,0,0,0,0,0,0,0,0,0,0,0,0,0,0,0,0,0,0,0,0,-0.0184479,-0.0646362,-1.52441,1.48828,0,0,0,0,0,0,0,0,0,0,0,0,0,0,0,0,0,0,0,0,0,0,0,0,0,0,0,0,-1.7334,1.20508,0.0456848,0.48291
281,0,0,0,0,0,0,0,0,0,0,0,0,0,0,0,0,0,0,0,0,0,0,0,0,0,0,0,0,0,-0.0184479,-0.0646362,-1.52441,1.48828,0,0,0,0,0,0,0,0,0,0,0,0,0,0,0,0,0,0,0,0,0,0,0,0,0,0,0,0,-1.7334,1.20508,0.0456848,0.48291
282,0,0,0,0,0,0,0,0,0,0,0,0,0,0,0,0,0,0,0,0,0,0,0,0,0,0,0,0,0,0,1.12598,1.1123,0.0754395,0,0,0,0,0,0,0,0,0,0,0,0,0,0,0,0,0,0,0,0,0,0,0,0,0,0,0,0,0,-1.7334,-0.46167,-1.54785
283,0,0,0,0,0,0,0,0,0,0,0,0,0,0,0,0,0,0,0,0,0,0,0,0,0,0,0,0,0,0,1.12598,1.1123,0.0754395,0,0,0,0,0,0,0,0,0,0,0,0,0,0,0,0,0,0,0,0,0,0,0,0,0,0,0,0,0,-1.7334,-0.46167,-1.54785
284,0,0,0,0,0,0,0,0,0,0,0,0,0,0,0,0,0,0,0,0,0,0,0,0,0,0,0,0,0,0,1.12598,1.1123,0.0754395,0,0,0,0,0,0,0,0,0,0,0,0,0,0,0,0,0,0,0,0,0,0,0,0,0,0,0,0,0,-1.7334,-0.46167,-1.54785
285,0,0,0,0,0,0,0,0,0,0,0,0,0,0,0,0,0,0,0,0,0,0,0,0,0,0,0,0,0,0,0,0.964844,-0.807129,0,0,0,0,0,0,0,0,0,0,0,0,0,0,0,0,0,0,0,0,0,0,0,0,0,0,0,0,0,0,-1.7334,-0.595215
286,0,0,0,0,0,0,0,0,0,0,0,0,0,0,0,0,0,0,0,0,0,0,0,0,0,0,0,0,0,0,0,0.964844,-0.807129,0,0,0,0,0,0,0,0,0,0,0,0,0,0,0,0,0,0,0,0,0,0,0,0,0,0,0,0,0,0,-1.7334,-0.595215
287,0,0,0,0,0,0,0,0,0,0,0,0,0,0,0,0,0,0,0,0,0,0,0,0,0,0,0,0,0,0,0,0.964844,-0.807129,0,0,0,0,0,0,0,0,0,0,0,0,0,0,0,0,0,0,0,0,0,0,0,0,0,0,0,0,0,0,-1.7334,-0.595215
288,0,0,0,0,0,0,0,0,0,0,0,0,0,0,0,0,0,0,0,0,0,0,0,0,0,0,0,0,0,0,0,0,0.438477,0,0,0,0,0,0,0,0,0,0,0,0,0,0,0,0,0,0,0,0,0,0,0,0,0,0,0,0,0,0,0,-1.7334
289,0,0,0,0,0,0,0,0,0,0,0,0,0,0,0,0,0,0,0,0,0,0,0,0,0,0,0,0,0,0,0,0,0.438477,0,0,0,0,0,0,0,0,0,0,0,0,0,0,0,0,0,0,0,0,0,0,0,0,0,0,0,0,0,0,0,-1.7334
290,0,0,0,0,0,0,0,0,0,0,0,0,0,0,0,0,0,0,0,0,0,0,0,0,0,0,0,0,0,0,0,0,0.438477,0,0,0,0,0,0,0,0,0,0,0,0,0,0,0,0,0,0,0,0,0,0,0,0,0,0,0,0,0,0,0,-1.7334
291,0,0,0,0,0,0,0,0,0,0,0,0,0,0,0,0,0,0,0,0,0,0,0,0,0,0,0,0,0,0,0,0,0,0,0,0,0,0,0,0,0,0,0,0,0,0,0,0,0,0,0,0,0,0,0,0,0,0,0,0,0,0,0,0,0
292,0,0,0,0,0,0,0,0,0,0,0,0,0,0,0,0,0,0,0,0,0,0,0,0,0,0,0,0,0,0,0,0,0,0,0,0,0,0,0,0,0,0,0,0,0,0,0,0,0,0,0,0,0,0,0,0,0,0,0,0,0,0,0,0,0
293,0,0,0,0,0,0,0,0,0,0,0,0,0,0,0,0,0,0,0,0,0,0,0,0,0,0,0,0,0,0,0,0,0,0,0,0,0,0,0,0,0,0,0,0,0,0,0,0,0,0,0,0,0,0,0,0,0,0,0,0,0,0,0,0,0
294,0,0,0,0,0,0,0,0,0,0,0,0,0,0,0,0,0,0,0,0,0,0,0,0,0,0,0,0,0,0,0,0,0,0,0,0,0,0,0,0,0,0,0,0,0,0,0,0,0,0,0,0,0,0,0,0,0,0,0,0,0,0,0,0,0
295,0,0,0,0,0,0,0,0,0,0,0,0,0,0,0,0,0,0,0,0,0,0,0,0,0,0,0,0,0,0,0,0,0,0,0,0,0,0,0,0,0,0,0,0,0,0,0,0,0,0,0,0,0,0,0,0,0,0,0,0,0,0,0,0,0
296,0,0,0,0,0,0,0,0,0,0,0,0,0,0,0,0,0,0,0,0,0,0,0,0,0,0,0,0,0,0,0,0,0,0,0,0,0,0,0,0,0,0,0,0,0,0,0,0,0,0,0,0,0,0,0,0,0,0,0,0,0,0,0,0,0
297,0,0,0,0,0,0,0,0,0,0,0,0,0,0,0,0,0,0,0,0,0,0,0,0,0,0,0,0,0,0,0,0,0,0,0,0,0,0,0,0,0,0,0,0,0,0,0,0,0,0,0,0,0,0,0,0,0,0,0,0,0,0,0,0,0
298,0,0,0,0,0,0,0,0,0,0,0,0,0,0,0,0,0,0,0,0,0,0,0,0,0,0,0,0,0,0,0,0,0,0,0,0,0,0,0,0,0,0,0,0,0,0,0,0,0,0,0,0,0,0,0,0,0,0,0,0,0,0,0,0,0
299,0,0,0,0,0,0,0,0,0,0,0,0,0,0,0,0,0,0,0,0,0,0,0,0,0,0,0,0,0,0,0,0,0,0,0,0,0,0,0,0,0,0,0,0,0,0,0,0,0,0,0,0,0,0,0,0,0,0,0,0,0,0,0,0,0
300,0,0,0,0,0,0,0,0,0,0,0,0,0,0,0,0,0,0,0,0,0,0,0,0,0,0,0,0,0,0,0,0,0,0,0,0,0,0,0,0,0,0,0,0,0,0,0,0,0,0,0,0,0,0,0,0,0,0,0,0,0,0,0,0,0
301,0,0,0,0,0,0,0,0,0,0,0,0,0,0,0,0,0,0,0,0,0,0,0,0,0,0,0,0,0,0,0,0,0,0,0,0,0,0,0,0,0,0,0,0,0,0,0,0,0,0,0,0,0,0,0,0,0,0,0,0,0,0,0,0,0
302,0,0,0,0,0,0,0,0,0,0,0,0,0,0,0,0,0,0,0,0,0,0,0,0,0,0,0,0,0,0,0,0,0,0,0,0,0,0,0,0,0,0,0,0,0,0,0,0,0,0,0,0,0,0,0,0,0,0,0,0,0,0,0,0,0
303,0,0,0,0,0,0,0,0,0,0,0,0,0,0,0,0,0,0,0,0,0,0,0,0,0,0,0,0,0,0,0,0,0,0,0,0,0,0,0,0,0,0,0,0,0,0,0,0,0,0,0,0,0,0,0,0,0,0,0,0,0,0,0,0,0
304,0,0,0,0,0,0,0,0,0,0,0,0,0,0,0,0,0,0,0,0,0,0,0,0,0,0,0,0,0,0,0,0,0,0,0,0,0,0,0,0,0,0,0,0,0,0,0,0,0,0,0,0,0,0,0,0,0,0,0,0,0,0,0,0,0
305,0,0,0,0,0,0,0,0,0,0,0,0,0,0,0,0,0,0,0,0,0,0,0,0,0,0,0,0,0,0,0,0,0,0,0,0,0,0,0,0,0,0,0,0,0,0,0,0,0,0,0,0,0,0,0,0,0,0,0,0,0,0,0,0,0
306,0,0,0,0,0,0,0,0,0,0,0,0,0,0,0,0,0,0,0,0,0,0,0,0,0,0,0,0,0,0,0,0,0,0,0,0,0,0,0,0,0,0,0,0,0,0,0,0,0,0,0,0,0,0,0,0,0,0,0,0,0,0,0,0,0
307,0,0,0,0,0,0,0,0,0,0,0,0,0,0,0,0,0,0,0,0,0,0,0,0,0,0,0,0,0,0,0,0,0,0,0,0,0,0,0,0,0,0,0,0,0,0,0,0,0,0,0,0,0,0,0,0,0,0,0,0,0,0,0,0,0
308,0,0,0,0,0,0,0,0,0,0,0,0,0,0,0,0,0,0,0,0,0,0,0,0,0,0,0,0,0,0,0,0,0,0,0,0,0,0,0,0,0,0,0,0,0,0,0,0,0,0,0,0,0,0,0,0,0,0,0,0,0,0,0,0,0
309,0,0,0,0,0,0,0,0,0,0,0,0,0,0,0,0,0,0,0,0,0,0,0,0,0,0,0,0,0,0,0,0,0,0,0,0,0,0,0,0,0,0,0,0,0,0,0,0,0,0,0,0,0,0,0,0,0,0,0,0,0,0,0,0,0
310,0,0,0,0,0,0,0,0,0,0,0,0,0,0,0,0,0,0,0,0,0,0,0,0,0,0,0,0,0,0,0,0,0,0,0,0,0,0,0,0,0,0,0,0,0,0,0,0,0,0,0,0,0,0,0,0,0,0,0,0,0,0,0,0,0
311,0,0,0,0,0,0,0,0,0,0,0,0,0,0,0,0,0,0,0,0,0,0,0,0,0,0,0,0,0,0,0,0,0,0,0,0,0,0,0,0,0,0,0,0,0,0,0,0,0,0,0,0,0,0,0,0,0,0,0,0,0,0,0,0,0
312,0,0,0,0,0,0,0,0,0,0,0,0,0,0,0,0,0,0,0,0,0,0,0,0,0,0,0,0,0,0,0,0,0,0,0,0,0,0,0,0,0,0,0,0,0,0,0,0,0,0,0,0,0,0,0,0,0,0,0,0,0,0,0,0,0
313,0,0,0,0,0,0,0,0,0,0,0,0,0,0,0,0,0,0,0,0,0,0,0,0,0,0,0,0,0,0,0,0,0,0,0,0,0,0,0,0,0,0,0,0,0,0,0,0,0,0,0,0,0,0,0,0,0,0,0,0,0,0,0,0,0
314,0,0,0,0,0,0,0,0,0,0,0,0,0,0,0,0,0,0,0,0,0,0,0,0,0,0,0,0,0,0,0,0,0,0,0,0,0,0,0,0,0,0,0,0,0,0,0,0,0,0,0,0,0,0,0,0,0,0,0,0,0,0,0,0,0
315,0,0,0,0,0,0,0,0,0,0,0,0,0,0,0,0,0,0,0,0,0,0,0,0,0,0,0,0,0,0,0,0,0,0,0,0,0,0,0,0,0,0,0,0,0,0,0,0,0,0,0,0,0,0,0,0,0,0,0,0,0,0,0,0,0
316,0,0,0,0,0,0,0,0,0,0,0,0,0,0,0,0,0,0,0,0,0,0,0,0,0,0,0,0,0,0,0,0,0,0,0,0,0,0,0,0,0,0,0,0,0,0,0,0,0,0,0,0,0,0,0,0,0,0,0,0,0,0,0,0,0
317,0,0,0,0,0,0,0,0,0,0,0,0,0,0,0,0,0,0,0,0,0,0,0,0,0,0,0,0,0,0,0,0,0,0,0,0,0,0,0,0,0,0,0,0,0,0,0,0,0,0,0,0,0,0,0,0,0,0,0,0,0,0,0,0,0
318,0,0,0,0,0,0,0,0,0,0,0,0,0,0,0,0,0,0,0,0,0,0,0,0,0,0,0,0,0,0,0,0,0,0,0,0,0,0,0,0,0,0,0,0,0,0,0,0,0,0,0,0,0,0,0,0,0,0,0,0,0,0,0,0,0
319,0,0,0,0,0,0,0,0,0,0,0,0,0,0,0,0,0,0,0,0,0,0,0,0,0,0,0,0,0,0,0,0,0,0,0,0,0,0,0,0,0,0,0,0,0,0,0,0,0,0,0,0,0,0,0,0,0,0,0,0,0,0,0,0,0
320,0,0,0,0,0,0,0,0,0,0,0,0,0,0,0,0,0,0,0,0,0,0,0,0,0,0,0,0,0,0,0,0,0,0,0,0,0,0,0,0,0,0,0,0,0,0,0,0,0,0,0,0,0,0,0,0,0,0,0,0,0,0,0,0,0
321,0,0,0,0,0,0,0,0,0,0,0,0,0,0,0,0,0,0,0,0,0,0,0,0,0,0,0,0,0,0,0,0,0,0,0,0,0,0,0,0,0,0,0,0,0,0,0,0,0,0,0,0,0,0,0,0,0,0,0,0,0,0,0,0,0
322,0,0,0,0,0,0,0,0,0,0,0,0,0,0,0,0,0,0,0,0,0,0,0,0,0,0,0,0,0,0,0,0,0,0,0,0,0,0,0,0,0,0,0,0,0,0,0,0,0,0,0,0,0,0,0,0,0,0,0,0,0,0,0,0,0
323,0,0,0,0,0,0,0,0,0,0,0,0,0,0,0,0,0,0,0,0,0,0,0,0,0,0,0,0,0,0,0,0,0,0,0,0,0,0,0,0,0,0,0,0,0,0,0,0,0,0,0,0,0,0,0,0,0,0,0,0,0,0,0,0,0
324,0,0,0,0,0,0,0,0,0,0,0,0,0,0,0,0,0,0,0,0,0,0,0,0,0,0,0,0,0,0,0,0,0,0,0,0,0,0,0,0,0,0,0,0,0,0,0,0,0,0,0,0,0,0,0,0,0,0,0,0,0,0,0,0,0
325,0,0,0,0,0,0,0,0,0,0,0,0,0,0,0,0,0,0,0,0,0,0,0,0,0,0,0,0,0,0,0,0,0,0,0,0,0,0,0,0,0,0,0,0,0,0,0,0,0,0,0,0,0,0,0,0,0,0,0,0,0,0,0,0,0
326,0,0,0,0,0,0,0,0,0,0,0,0,0,0,0,0,0,0,0,0,0,0,0,0,0,0,0,0,0,0,0,0,0,0,0,0,0,0,0,0,0,0,0,0,0,0,0,0,0,0,0,0,0,0,0,0,0,0,0,0,0,0,0,0,0
327,0,0,0,0,0,0,0,0,0,0,0,0,0,0,0,0,0,0,0,0,0,0,0,0,0,0,0,0,0,0,0,0,0,0,0,0,0,0,0,0,0,0,0,0,0,0,0,0,0,0,0,0,0,0,0,0,0,0,0,0,0,0,0,0,0
328,0,0,0,0,0,0,0,0,0,0,0,0,0,0,0,0,0,0,0,0,0,0,0,0,0,0,0,0,0,0,0,0,0,0,0,0,0,0,0,0,0,0,0,0,0,0,0,0,0,0,0,0,0,0,0,0,0,0,0,0,0,0,0,0,0
329,0,0,0,0,0,0,0,0,0,0,0,0,0,0,0,0,0,0,0,0,0,0,0,0,0,0,0,0,0,0,0,0,0,0,0,0,0,0,0,0,0,0,0,0,0,0,0,0,0,0,0,0,0,0,0,0,0,0,0,0,0,0,0,0,0
330,0,0,0,0,0,0,0,0,0,0,0,0,0,0,0,0,0,0,0,0,0,0,0,0,0,0,0,0,0,0,0,0,0,0,0,0,0,0,0,0,0,0,0,0,0,0,0,0,0,0,0,0,0,0,0,0,0,0,0,0,0,0,0,0,0
331,0,0,0,0,0,0,0,0,0,0,0,0,0,0,0,0,0,0,0,0,0,0,0,0,0,0,0,0,0,0,0,0,0,0,0,0,0,0,0,0,0,0,0,0,0,0,0,0,0,0,0,0,0,0,0,0,0,0,0,0,0,0,0,0,0
332,0,0,0,0,0,0,0,0,0,0,0,0,0,0,0,0,0,0,0,0,0,0,0,0,0,0,0,0,0,0,0,0,0,0,0,0,0,0,0,0,0,0,0,0,0,0,0,0,0,0,0,0,0,0,0,0,0,0,0,0,0,0,0,0,0
333,0,0,0,0,0,0,0,0,0,0,0,0,0,0,0,0,0,0,0,0,0,0,0,0,0,0,0,0,0,0,0,0,0,0,0,0,0,0,0,0,0,0,0,0,0,0,0,0,0,0,0,0,0,0,0,0,0,0,0,0,0,0,0,0,0
334,0,0,0,0,0,0,0,0,0,0,0,0,0,0,0,0,0,0,0,0,0,0,0,0,0,0,0,0,0,0,0,0,0,0,0,0,0,0,0,0,0,0,0,0,0,0,0,0,0,0,0,0,0,0,0,0,0,0,0,0,0,0,0,0,0
335,0,0,0,0,0,0,0,0,0,0,0,0,0,0,0,0,0,0,0,0,0,0,0,0,0,0,0,0,0,0,0,0,0,0,0,0,0,0,0,0,0,0,0,0,0,0,0,0,0,0,0,0,0,0,0,0,0,0,0,0,0,0,0,0,0
336,0,0,0,0,0,0,0,0,0,0,0,0,0,0,0,0,0,0,0,0,0,0,0,0,0,0,0,0,0,0,0,0,0,0,0,0,0,0,0,0,0,0,0,0,0,0,0,0,0,0,0,0,0,0,0,0,0,0,0,0,0,0,0,0,0
337,0,0,0,0,0,0,0,0,0,0,0,0,0,0,0,0,0,0,0,0,0,0,0,0,0,0,0,0,0,0,0,0,0,0,0,0,0,0,0,0,0,0,0,0,0,0,0,0,0,0,0,0,0,0,0,0,0,0,0,0,0,0,0,0,0
338,0,0,0,0,0,0,0,0,0,0,0,0,0,0,0,0,0,0,0,0,0,0,0,0,0,0,0,0,0,0,0,0,0,0,0,0,0,0,0,0,0,0,0,0,0,0,0,0,0,0,0,0,0,0,0,0,0,0,0,0,0,0,0,0,0
339,0,0,0,0,0,0,0,0,0,0,0,0,0,0,0,0,0,0,0,0,0,0,0,0,0,0,0,0,0,0,0,0,0,0,0,0,0,0,0,0,0,0,0,0,0,0,0,0,0,0,0,0,0,0,0,0,0,0,0,0,0,0,0,0,0
340,0,0,0,0,0,0,0,0,0,0,0,0,0,0,0,0,0,0,0,0,0,0,0,0,0,0,0,0,0,0,0,0,0,0,0,0,0,0,0,0,0,0,0,0,0,0,0,0,0,0,0,0,0,0,0,0,0,0,0,0,0,0,0,0,0
341,0,0,0,0,0,0,0,0,0,0,0,0,0,0,0,0,0,0,0,0,0,0,0,0,0,0,0,0,0,0,0,0,0,0,0,0,0,0,0,0,0,0,0,0,0,0,0,0,0,0,0,0,0,0,0,0,0,0,0,0,0,0,0,0,0
342,0,0,0,0,0,0,0,0,0,0,0,0,0,0,0,0,0,0,0,0,0,0,0,0,0,0,0,0,0,0,0,0,0,0,0,0,0,0,0,0,0,0,0,0,0,0,0,0,0,0,0,0,0,0,0,0,0,0,0,0,0,0,0,0,0
343,0,0,0,0,0,0,0,0,0,0,0,0,0,0,0,0,0,0,0,0,0,0,0,0,0,0,0,0,0,0,0,0,0,0,0,0,0,0,0,0,0,0,0,0,0,0,0,0,0,0,0,0,0,0,0,0,0,0,0,0,0,0,0,0,0
344,0,0,0,0,0,0,0,0,0,0,0,0,0,0,0,0,0,0,0,0,0,0,0,0,0,0,0,0,0,0,0,0,0,0,0,0,0,0,0,0,0,0,0,0,0,0,0,0,0,0,0,0,0,0,0,0,0,0,0,0,0,0,0,0,0
345,0,0,0,0,0,0,0,0,0,0,0,0,0,0,0,0,0,0,0,0,0,0,0,0,0,0,0,0,0,0,0,0,0,0,0,0,0,0,0,0,0,0,0,0,0,0,0,0,0,0,0,0,0,0,0,0,0,0,0,0,0,0,0,0,0
346,0,0,0,0,0,0,0,0,0,0,0,0,0,0,0,0,0,0,0,0,0,0,0,0,0,0,0,0,0,0,0,0,0,0,0,0,0,0,0,0,0,0,0,0,0,0,0,0,0,0,0,0,0,0,0,0,0,0,0,0,0,0,0,0,0
347,0,0,0,0,0,0,0,0,0,0,0,0,0,0,0,0,0,0,0,0,0,0,0,0,0,0,0,0,0,0,0,0,0,0,0,0,0,0,0,0,0,0,0,0,0,0,0,0,0,0,0,0,0,0,0,0,0,0,0,0,0,0,0,0,0
348,0,0,0,0,0,0,0,0,0,0,0,0,0,0,0,0,0,0,0,0,0,0,0,0,0,0,0,0,0,0,0,0,0,0,0,0,0,0,0,0,0,0,0,0,0,0,0,0,0,0,0,0,0,0,0,0,0,0,0,0,0,0,0,0,0
349,0,0,0,0,0,0,0,0,0,0,0,0,0,0,0,0,0,0,0,0,0,0,0,0,0,0,0,0,0,0,0,0,0,0,0,0,0,0,0,0,0,0,0,0,0,0,0,0,0,0,0,0,0,0,0,0,0,0,0,0,0,0,0,0,0
350,0,0,0,0,0,0,0,0,0,0,0,0,0,0,0,0,0,0,0,0,0,0,0,0,0,0,0,0,0,0,0,0,0,0,0,0,0,0,0,0,0,0,0,0,0,0,0,0,0,0,0,0,0,0,0,0,0,0,0,0,0,0,0,0,0
351,0,0,0,0,0,0,0,0,0,0,0,0,0,0,0,0,0,0,0,0,0,0,0,0,0,0,0,0,0,0,0,0,0,0,0,0,0,0,0,0,0,0,0,0,0,0,0,0,0,0,0,0,0,0,0,0,0,0,0,0,0,0,0,0,0
352,0,0,0,0,0,0,0,0,0,0,0,0,0,0,0,0,0,0,0,0,0,0,0,0,0,0,0,0,0,0,0,0,0,0,0,0,0,0,0,0,0,0,0,0,0,0,0,0,0,0,0,0,0,0,0,0,0,0,0,0,0,0,0,0,0
353,0,0,0,0,0,0,0,0,0,0,0,0,0,0,0,0,0,0,0,0,0,0,0,0,0,0,0,0,0,0,0,0,0,0,0,0,0,0,0,0,0,0,0,0,0,0,0,0,0,0,0,0,0,0,0,0,0,0,0,0,0,0,0,0,0
354,0,0,0,0,0,0,0,0,0,0,0,0,0,0,0,0,0,0,0,0,0,0,0,0,0,0,0,0,0,0,0,0,0,0,0,0,0,0,0,0,0,0,0,0,0,0,0,0,0,0,0,0,0,0,0,0,0,0,0,0,0,0,0,0,0
355,0,0,0,0,0,0,0,0,0,0,0,0,0,0,0,0,0,0,0,0,0,0,0,0,0,0,0,0,0,0,0,0,0,0,0,0,0,0,0,0,0,0,0,0,0,0,0,0,0,0,0,0,0,0,0,0,0,0,0,0,0,0,0,0,0
356,0,0,0,0,0,0,0,0,0,0,0,0,0,0,0,0,0,0,0,0,0,0,0,0,0,0,0,0,0,0,0,0,0,0,0,0,0,0,0,0,0,0,0,0,0,0,0,0,0,0,0,0,0,0,0,0,0,0,0,0,0,0,0,0,0
357,0,0,0,0,0,0,0,0,0,0,0,0,0,0,0,0,0,0,0,0,0,0,0,0,0,0,0,0,0,0,0,0,0,0,0,0,0,0,0,0,0,0,0,0,0,0,0,0,0,0,0,0,0,0,0,0,0,0,0,0,0,0,0,0,0
358,0,0,0,0,0,0,0,0,0,0,0,0,0,0,0,0,0,0,0,0,0,0,0,0,0,0,0,0,0,0,0,0,0,0,0,0,0,0,0,0,0,0,0,0,0,0,0,0,0,0,0,0,0,0,0,0,0,0,0,0,0,0,0,0,0
359,0,0,0,0,0,0,0,0,0,0,0,0,0,0,0,0,0,0,0,0,0,0,0,0,0,0,0,0,0,0,0,0,0,0,0,0,0,0,0,0,0,0,0,0,0,0,0,0,0,0,0,0,0,0,0,0,0,0,0,0,0,0,0,0,0
360,0,0,0,0,0,0,0,0,0,0,0,0,0,0,0,0,0,0,0,0,0,0,0,0,0,0,0,0,0,0,0,0,0,0,0,0,0,0,0,0,0,0,0,0,0,0,0,0,0,0,0,0,0,0,0,0,0,0,0,0,0,0,0,0,0
361,0,0,0,0,0,0,0,0,0,0,0,0,0,0,0,0,0,0,0,0,0,0,0,0,0,0,0,0,0,0,0,0,0,0,0,0,0,0,0,0,0,0,0,0,0,0,0,0,0,0,0,0,0,0,0,0,0,0,0,0,0,0,0,0,0
362,0,0,0,0,0,0,0,0,0,0,0,0,0,0,0,0,0,0,0,0,0,0,0,0,0,0,0,0,0,0,0,0,0,0,0,0,0,0,0,0,0,0,0,0,0,0,0,0,0,0,0,0,0,0,0,0,0,0,0,0,0,0,0,0,0
363,0,0,0,0,0,0,0,0,0,0,0,0,0,0,0,0,0,0,0,0,0,0,0,0,0,0,0,0,0,0,0,0,0,0,0,0,0,0,0,0,0,0,0,0,0,0,0,0,0,0,0,0,0,0,0,0,0,0,0,0,0,0,0,0,0
364,0,0,0,0,0,0,0,0,0,0,0,0,0,0,0,0,0,0,0,0,0,0,0,0,0,0,0,0,0,0,0,0,0,0,0,0,0,0,0,0,0,0,0,0,0,0,0,0,0,0,0,0,0,0,0,0,0,0,0,0,0,0,0,0,0
365,0,0,0,0,0,0,0,0,0,0,0,0,0,0,0,0,0,0,0,0,0,0,0,0,0,0,0,0,0,0,0,0,0,0,0,0,0,0,0,0,0,0,0,0,0,0,0,0,0,0,0,0,0,0,0,0,0,0,0,0,0,0,0,0,0
366,0,0,0,0,0,0,0,0,0,0,0,0,0,0,0,0,0,0,0,0,0,0,0,0,0,0,0,0,0,0,0,0,0,0,0,0,0,0,0,0,0,0,0,0,0,0,0,0,0,0,0,0,0,0,0,0,0,0,0,0,0,0,0,0,0
367,0,0,0,0,0,0,0,0,0,0,0,0,0,0,0,0,0,0,0,0,0,0,0,0,0,0,0,0,0,0,0,0,0,0,0,0,0,0,0,0,0,0,0,0,0,0,0,0,0,0,0,0,0,0,0,0,0,0,0,0,0,0,0,0,0
368,0,0,0,0,0,0,0,0,0,0,0,0,0,0,0,0,0,0,0,0,0,0,0,0,0,0,0,0,0,0,0,0,0,0,0,0,0,0,0,0,0,0,0,0,0,0,0,0,0,0,0,0,0,0,0,0,0,0,0,0,0,0,0,0,0
369,0,0,0,0,0,0,0,0,0,0,0,0,0,0,0,0,0,0,0,0,0,0,0,0,0,0,0,0,0,0,0,0,0,0,0,0,0,0,0,0,0,0,0,0,0,0,0,0,0,0,0,0,0,0,0,0,0,0,0,0,0,0,0,0,0
370,0,0,0,0,0,0,0,0,0,0,0,0,0,0,0,0,0,0,0,0,0,0,0,0,0,0,0,0,0,0,0,0,0,0,0,0,0,0,0,0,0,0,0,0,0,0,0,0,0,0,0,0,0,0,0,0,0,0,0,0,0,0,0,0,0
371,0,0,0,0,0,0,0,0,0,0,0,0,0,0,0,0,0,0,0,0,0,0,0,0,0,0,0,0,0,0,0,0,0,0,0,0,0,0,0,0,0,0,0,0,0,0,0,0,0,0,0,0,0,0,0,0,0,0,0,0,0,0,0,0,0
372,0,0,0,0,0,0,0,0,0,0,0,0,0,0,0,0,0,0,0,0,0,0,0,0,0,0,0,0,0,0,0,0,0,0,0,0,0,0,0,0,0,0,0,0,0,0,0,0,0,0,0,0,0,0,0,0,0,0,0,0,0,0,0,0,0
373,0,0,0,0,0,0,0,0,0,0,0,0,0,0,0,0,0,0,0,0,0,0,0,0,0,0,0,0,0,0,0,0,0,0,0,0,0,0,0,0,0,0,0,0,0,0,0,0,0,0,0,0,0,0,0,0,0,0,0,0,0,0,0,0,0
374,0,0,0,0,0,0,0,0,0,0,0,0,0,0,0,0,0,0,0,0,0,0,0,0,0,0,0,0,0,0,0,0,0,0,0,0,0,0,0,0,0,0,0,0,0,0,0,0,0,0,0,0,0,0,0,0,0,0,0,0,0,0,0,0,0
375,0,0,0,0,0,0,0,0,0,0,0,0,0,0,0,0,0,0,0,0,0,0,0,0,0,0,0,0,0,0,0,0,0,0,0,0,0,0,0,0,0,0,0,0,0,0,0,0,0,0,0,0,0,0,0,0,0,0,0,0,0,0,0,0,0
376,0,0,0,0,0,0,0,0,0,0,0,0,0,0,0,0,0,0,0,0,0,0,0,0,0,0,0,0,0,0,0,0,0,0,0,0,0,0,0,0,0,0,0,0,0,0,0,0,0,0,0,0,0,0,0,0,0,0,0,0,0,0,0,0,0
377,0,0,0,0,0,0,0,0,0,0,0,0,0,0,0,0,0,0,0,0,0,0,0,0,0,0,0,0,0,0,0,0,0,0,0,0,0,0,0,0,0,0,0,0,0,0,0,0,0,0,0,0,0,0,0,0,0,0,0,0,0,0,0,0,0
378,0,0,0,0,0,0,0,0,0,0,0,0,0,0,0,0,0,0,0,0,0,0,0,0,0,0,0,0,0,0,0,0,0,0,0,0,0,0,0,0,0,0,0,0,0,0,0,0,0,0,0,0,0,0,0,0,0,0,0,0,0,0,0,0,0
379,0,0,0,0,0,0,0,0,0,0,0,0,0,0,0,0,0,0,0,0,0,0,0,0,0,0,0,0,0,0,0,0,0,0,0,0,0,0,0,0,0,0,0,0,0,0,0,0,0,0,0,0,0,0,0,0,0,0,0,0,0,0,0,0,0
380,0,0,0,0,0,0,0,0,0,0,0,0,0,0,0,0,0,0,0,0,0,0,0,0,0,0,0,0,0,0,0,0,0,0,0,0,0,0,0,0,0,0,0,0,0,0,0,0,0,0,0,0,0,0,0,0,0,0,0,0,0,0,0,0,0
381,0,0,0,0,0,0,0,0,0,0,0,0,0,0,0,0,0,0,0,0,0,0,0,0,0,0,0,0,0,0,0,0,0,0,0,0,0,0,0,0,0,0,0,0,0,0,0,0,0,0,0,0,0,0,0,0,0,0,0,0,0,0,0,0,0
382,0,0,0,0,0,0,0,0,0,0,0,0,0,0,0,0,0,0,0,0,0,0,0,0,0,0,0,0,0,0,0,0,0,0,0,0,0,0,0,0,0,0,0,0,0,0,0,0,0,0,0,0,0,0,0,0,0,0,0,0,0,0,0,0,0
383,0,0,0,0,0,0,0,0,0,0,0,0,0,0,0,0,0,0,0,0,0,0,0,0,0,0,0,0,0,0,0,0,0,0,0,0,0,0,0,0,0,0,0,0,0,0,0,0,0,0,0,0,0,0,0,0,0,0,0,0,0,0,0,0,0
384,0,0,0,0,0,0,0,0,0,0,0,0,0,0,0,0,0,0,0,0,0,0,0,0,0,0,0,0,0,0,0,0,0,0,0,0,0,0,0,0,0,0,0,0,0,0,0,0,0,0,0,0,0,0,0,0,0,0,0,0,0,0,0,0,0
385,0,0,0,0,0,0,0,0,0,0,0,0,0,0,0,0,0,0,0,0,0,0,0,0,0,0,0,0,0,0,0,0,0,0,0,0,0,0,0,0,0,0,0,0,0,0,0,0,0,0,0,0,0,0,0,0,0,0,0,0,0,0,0,0,0
386,0,0,0,0,0,0,0,0,0,0,0,0,0,0,0,0,0,0,0,0,0,0,0,0,0,0,0,0,0,0,0,0,0,0,0,0,0,0,0,0,0,0,0,0,0,0,0,0,0,0,0,0,0,0,0,0,0,0,0,0,0,0,0,0,0
387,0,0,0,0,0,0,0,0,0,0,0,0,0,0,0,0,0,0,0,0,0,0,0,0,0,0,0,0,0,0,0,0,0,0,0,0,0,0,0,0,0,0,0,0,0,0,0,0,0,0,0,0,0,0,0,0,0,0,0,0,0,0,0,0,0
388,0,0,0,0,0,0,0,0,0,0,0,0,0,0,0,0,0,0,0,0,0,0,0,0,0,0,0,0,0,0,0,0,0,0,0,0,0,0,0,0,0,0,0,0,0,0,0,0,0,0,0,0,0,0,0,0,0,0,0,0,0,0,0,0,0
389,0,0,0,0,0,0,0,0,0,0,0,0,0,0,0,0,0,0,0,0,0,0,0,0,0,0,0,0,0,0,0,0,0,0,0,0,0,0,0,0,0,0,0,0,0,0,0,0,0,0,0,0,0,0,0,0,0,0,0,0,0,0,0,0,0
390,0,0,0,0,0,0,0,0,0,0,0,0,0,0,0,0,0,0,0,0,0,0,0,0,0,0,0,0,0,0,0,0,0,0,0,0,0,0,0,0,0,0,0,0,0,0,0,0,0,0,0,0,0,0,0,0,0,0,0,0,0,0,0,0,0
391,0,0,0,0,0,0,0,0,0,0,0,0,0,0,0,0,0,0,0,0,0,0,0,0,0,0,0,0,0,0,0,0,0,0,0,0,0,0,0,0,0,0,0,0,0,0,0,0,0,0,0,0,0,0,0,0,0,0,0,0,0,0,0,0,0
392,0,0,0,0,0,0,0,0,0,0,0,0,0,0,0,0,0,0,0,0,0,0,0,0,0,0,0,0,0,0,0,0,0,0,0,0,0,0,0,0,0,0,0,0,0,0,0,0,0,0,0,0,0,0,0,0,0,0,0,0,0,0,0,0,0
393,0,0,0,0,0,0,0,0,0,0,0,0,0,0,0,0,0,0,0,0,0,0,0,0,0,0,0,0,0,0,0,0,0,0,0,0,0,0,0,0,0,0,0,0,0,0,0,0,0,0,0,0,0,0,0,0,0,0,0,0,0,0,0,0,0
394,0,0,0,0,0,0,0,0,0,0,0,0,0,0,0,0,0,0,0,0,0,0,0,0,0,0,0,0,0,0,0,0,0,0,0,0,0,0,0,0,0,0,0,0,0,0,0,0,0,0,0,0,0,0,0,0,0,0,0,0,0,0,0,0,0
395,0,0,0,0,0,0,0,0,0,0,0,0,0,0,0,0,0,0,0,0,0,0,0,0,0,0,0,0,0,0,0,0,0,0,0,0,0,0,0,0,0,0,0,0,0,0,0,0,0,0,0,0,0,0,0,0,0,0,0,0,0,0,0,0,0
396,0,0,0,0,0,0,0,0,0,0,0,0,0,0,0,0,0,0,0,0,0,0,0,0,0,0,0,0,0,0,0,0,0,0,0,0,0,0,0,0,0,0,0,0,0,0,0,0,0,0,0,0,0,0,0,0,0,0,0,0,0,0,0,0,0
397,0,0,0,0,0,0,0,0,0,0,0,0,0,0,0,0,0,0,0,0,0,0,0,0,0,0,0,0,0,0,0,0,0,0,0,0,0,0,0,0,0,0,0,0,0,0,0,0,0,0,0,0,0,0,0,0,0,0,0,0,0,0,0,0,0
398,0,0,0,0,0,0,0,0,0,0,0,0,0,0,0,0,0,0,0,0,0,0,0,0,0,0,0,0,0,0,0,0,0,0,0,0,0,0,0,0,0,0,0,0,0,0,0,0,0,0,0,0,0,0,0,0,0,0,0,0,0,0,0,0,0
399,0,0,0,0,0,0,0,0,0,0,0,0,0,0,0,0,0,0,0,0,0,0,0,0,0,0,0,0,0,0,0,0,0,0,0,0,0,0,0,0,0,0,0,0,0,0,0,0,0,0,0,0,0,0,0,0,0,0,0,0,0,0,0,0,0
400,0,0,0,0,0,0,0,0,0,0,0,0,0,0,0,0,0,0,0,0,0,0,0,0,0,0,0,0,0,0,0,0,0,0,0,0,0,0,0,0,0,0,0,0,0,0,0,0,0,0,0,0,0,0,0,0,0,0,0,0,0,0,0,0,0
401,0,0,0,0,0,0,0,0,0,0,0,0,0,0,0,0,0,0,0,0,0,0,0,0,0,0,0,0,0,0,0,0,0,0,0,0,0,0,0,0,0,0,0,0,0,0,0,0,0,0,0,0,0,0,0,0,0,0,0,0,0,0,0,0,0
402,0,0,0,0,0,0,0,0,0,0,0,0,0,0,0,0,0,0,0,0,0,0,0,0,0,0,0,0,0,0,0,0,0,0,0,0,0,0,0,0,0,0,0,0,0,0,0,0,0,0,0,0,0,0,0,0,0,0,0,0,0,0,0,0,0
403,0,0,0,0,0,0,0,0,0,0,0,0,0,0,0,0,0,0,0,0,0,0,0,0,0,0,0,0,0,0,0,0,0,0,0,0,0,0,0,0,0,0,0,0,0,0,0,0,0,0,0,0,0,0,0,0,0,0,0,0,0,0,0,0,0
404,0,0,0,0,0,0,0,0,0,0,0,0,0,0,0,0,0,0,0,0,0,0,0,0,0,0,0,0,0,0,0,0,0,0,0,0,0,0,0,0,0,0,0,0,0,0,0,0,0,0,0,0,0,0,0,0,0,0,0,0,0,0,0,0,0
405,0,0,0,0,0,0,0,0,0,0,0,0,0,0,0,0,0,0,0,0,0,0,0,0,0,0,0,0,0,0,0,0,0,0,0,0,0,0,0,0,0,0,0,0,0,0,0,0,0,0,0,0,0,0,0,0,0,0,0,0,0,0,0,0,0
406,0,0,0,0,0,0,0,0,0,0,0,0,0,0,0,0,0,0,0,0,0,0,0,0,0,0,0,0,0,0,0,0,0,0,0,0,0,0,0,0,0,0,0,0,0,0,0,0,0,0,0,0,0,0,0,0,0,0,0,0,0,0,0,0,0
407,0,0,0,0,0,0,0,0,0,0,0,0,0,0,0,0,0,0,0,0,0,0,0,0,0,0,0,0,0,0,0,0,0,0,0,0,0,0,0,0,0,0,0,0,0,0,0,0,0,0,0,0,0,0,0,0,0,0,0,0,0,0,0,0,0
408,0,0,0,0,0,0,0,0,0,0,0,0,0,0,0,0,0,0,0,0,0,0,0,0,0,0,0,0,0,0,0,0,0,0,0,0,0,0,0,0,0,0,0,0,0,0,0,0,0,0,0,0,0,0,0,0,0,0,0,0,0,0,0,0,0
409,0,0,0,0,0,0,0,0,0,0,0,0,0,0,0,0,0,0,0,0,0,0,0,0,0,0,0,0,0,0,0,0,0,0,0,0,0,0,0,0,0,0,0,0,0,0,0,0,0,0,0,0,0,0,0,0,0,0,0,0,0,0,0,0,0
410,0,0,0,0,0,0,0,0,0,0,0,0,0,0,0,0,0,0,0,0,0,0,0,0,0,0,0,0,0,0,0,0,0,0,0,0,0,0,0,0,0,0,0,0,0,0,0,0,0,0,0,0,0,0,0,0,0,0,0,0,0,0,0,0,0
411,0,0,0,0,0,0,0,0,0,0,0,0,0,0,0,0,0,0,0,0,0,0,0,0,0,0,0,0,0,0,0,0,0,0,0,0,0,0,0,0,0,0,0,0,0,0,0,0,0,0,0,0,0,0,0,0,0,0,0,0,0,0,0,0,0
412,0,0,0,0,0,0,0,0,0,0,0,0,0,0,0,0,0,0,0,0,0,0,0,0,0,0,0,0,0,0,0,0,0,0,0,0,0,0,0,0,0,0,0,0,0,0,0,0,0,0,0,0,0,0,0,0,0,0,0,0,0,0,0,0,0
413,0,0,0,0,0,0,0,0,0,0,0,0,0,0,0,0,0,0,0,0,0,0,0,0,0,0,0,0,0,0,0,0,0,0,0,0,0,0,0,0,0,0,0,0,0,0,0,0,0,0,0,0,0,0,0,0,0,0,0,0,0,0,0,0,0
414,0,0,0,0,0,0,0,0,0,0,0,0,0,0,0,0,0,0,0,0,0,0,0,0,0,0,0,0,0,0,0,0,0,0,0,0,0,0,0,0,0,0,0,0,0,0,0,0,0,0,0,0,0,0,0,0,0,0,0,0,0,0,0,0,0
415,0,0,0,0,0,0,0,0,0,0,0,0,0,0,0,0,0,0,0,0,0,0,0,0,0,0,0,0,0,0,0,0,0,0,0,0,0,0,0,0,0,0,0,0,0,0,0,0,0,0,0,0,0,0,0,0,0,0,0,0,0,0,0,0,0
416,0,0,0,0,0,0,0,0,0,0,0,0,0,0,0,0,0,0,0,0,0,0,0,0,0,0,0,0,0,0,0,0,0,0,0,0,0,0,0,0,0,0,0,0,0,0,0,0,0,0,0,0,0,0,0,0,0,0,0,0,0,0,0,0,0
417,0,0,0,0,0,0,0,0,0,0,0,0,0,0,0,0,0,0,0,0,0,0,0,0,0,0,0,0,0,0,0,0,0,0,0,0,0,0,0,0,0,0,0,0,0,0,0,0,0,0,0,0,0,0,0,0,0,0,0,0,0,0,0,0,0
418,0,0,0,0,0,0,0,0,0,0,0,0,0,0,0,0,0,0,0,0,0,0,0,0,0,0,0,0,0,0,0,0,0,0,0,0,0,0,0,0,0,0,0,0,0,0,0,0,0,0,0,0,0,0,0,0,0,0,0,0,0,0,0,0,0
419,0,0,0,0,0,0,0,0,0,0,0,0,0,0,0,0,0,0,0,0,0,0,0,0,0,0,0,0,0,0,0,0,0,0,0,0,0,0,0,0,0,0,0,0,0,0,0,0,0,0,0,0,0,0,0,0,0,0,0,0,0,0,0,0,0
420,0,0,0,0,0,0,0,0,0,0,0,0,0,0,0,0,0,0,0,0,0,0,0,0,0,0,0,0,0,0,0,0,0,0,0,0,0,0,0,0,0,0,0,0,0,0,0,0,0,0,0,0,0,0,0,0,0,0,0,0,0,0,0,0,0
421,0,0,0,0,0,0,0,0,0,0,0,0,0,0,0,0,0,0,0,0,0,0,0,0,0,0,0,0,0,0,0,0,0,0,0,0,0,0,0,0,0,0,0,0,0,0,0,0,0,0,0,0,0,0,0,0,0,0,0,0,0,0,0,0,0
422,0,0,0,0,0,0,0,0,0,0,0,0,0,0,0,0,0,0,0,0,0,0,0,0,0,0,0,0,0,0,0,0,0,0,0,0,0,0,0,0,0,0,0,0,0,0,0,0,0,0,0,0,0,0,0,0,0,0,0,0,0,0,0,0,0
423,0,0,0,0,0,0,0,0,0,0,0,0,0,0,0,0,0,0,0,0,0,0,0,0,0,0,0,0,0,0,0,0,0,0,0,0,0,0,0,0,0,0,0,0,0,0,0,0,0,0,0,0,0,0,0,0,0,0,0,0,0,0,0,0,0
424,0,0,0,0,0,0,0,0,0,0,0,0,0,0,0,0,0,0,0,0,0,0,0,0,0,0,0,0,0,0,0,0,0,0,0,0,0,0,0,0,0,0,0,0,0,0,0,0,0,0,0,0,0,0,0,0,0,0,0,0,0,0,0,0,0
425,0,0,0,0,0,0,0,0,0,0,0,0,0,0,0,0,0,0,0,0,0,0,0,0,0,0,0,0,0,0,0,0,0,0,0,0,0,0,0,0,0,0,0,0,0,0,0,0,0,0,0,0,0,0,0,0,0,0,0,0,0,0,0,0,0
426,0,0,0,0,0,0,0,0,0,0,0,0,0,0,0,0,0,0,0,0,0,0,0,0,0,0,0,0,0,0,0,0,0,0,0,0,0,0,0,0,0,0,0,0,0,0,0,0,0,0,0,0,0,0,0,0,0,0,0,0,0,0,0,0,0
427,0,0,0,0,0,0,0,0,0,0,0,0,0,0,0,0,0,0,0,0,0,0,0,0,0,0,0,0,0,0,0,0,0,0,0,0,0,0,0,0,0,0,0,0,0,0,0,0,0,0,0,0,0,0,0,0,0,0,0,0,0,0,0,0,0
428,0,0,0,0,0,0,0,0,0,0,0,0,0,0,0,0,0,0,0,0,0,0,0,0,0,0,0,0,0,0,0,0,0,0,0,0,0,0,0,0,0,0,0,0,0,0,0,0,0,0,0,0,0,0,0,0,0,0,0,0,0,0,0,0,0
429,0,0,0,0,0,0,0,0,0,0,0,0,0,0,0,0,0,0,0,0,0,0,0,0,0,0,0,0,0,0,0,0,0,0,0,0,0,0,0,0,0,0,0,0,0,0,0,0,0,0,0,0,0,0,0,0,0,0,0,0,0,0,0,0,0
430,0,0,0,0,0,0,0,0,0,0,0,0,0,0,0,0,0,0,0,0,0,0,0,0,0,0,0,0,0,0,0,0,0,0,0,0,0,0,0,0,0,0,0,0,0,0,0,0,0,0,0,0,0,0,0,0,0,0,0,0,0,0,0,0,0
431,0,0,0,0,0,0,0,0,0,0,0,0,0,0,0,0,0,0,0,0,0,0,0,0,0,0,0,0,0,0,0,0,0,0,0,0,0,0,0,0,0,0,0,0,0,0,0,0,0,0,0,0,0,0,0,0,0,0,0,0,0,0,0,0,0
432,0,0,0,0,0,0,0,0,0,0,0,0,0,0,0,0,0,0,0,0,0,0,0,0,0,0,0,0,0,0,0,0,0,0,0,0,0,0,0,0,0,0,0,0,0,0,0,0,0,0,0,0,0,0,0,0,0,0,0,0,0,0,0,0,0
433,0,0,0,0,0,0,0,0,0,0,0,0,0,0,0,0,0,0,0,0,0,0,0,0,0,0,0,0,0,0,0,0,0,0,0,0,0,0,0,0,0,0,0,0,0,0,0,0,0,0,0,0,0,0,0,0,0,0,0,0,0,0,0,0,0
434,0,0,0,0,0,0,0,0,0,0,0,0,0,0,0,0,0,0,0,0,0,0,0,0,0,0,0,0,0,0,0,0,0,0,0,0,0,0,0,0,0,0,0,0,0,0,0,0,0,0,0,0,0,0,0,0,0,0,0,0,0,0,0,0,0
435,0,0,0,0,0,0,0,0,0,0,0,0,0,0,0,0,0,0,0,0,0,0,0,0,0,0,0,0,0,0,0,0,0,0,0,0,0,0,0,0,0,0,0,0,0,0,0,0,0,0,0,0,0,0,0,0,0,0,0,0,0,0,0,0,0
436,0,0,0,0,0,0,0,0,0,0,0,0,0,0,0,0,0,0,0,0,0,0,0,0,0,0,0,0,0,0,0,0,0,0,0,0,0,0,0,0,0,0,0,0,0,0,0,0,0,0,0,0,0,0,0,0,0,0,0,0,0,0,0,0,0
437,0,0,0,0,0,0,0,0,0,0,0,0,0,0,0,0,0,0,0,0,0,0,0,0,0,0,0,0,0,0,0,0,0,0,0,0,0,0,0,0,0,0,0,0,0,0,0,0,0,0,0,0,0,0,0,0,0,0,0,0,0,0,0,0,0
438,0,0,0,0,0,0,0,0,0,0,0,0,0,0,0,0,0,0,0,0,0,0,0,0,0,0,0,0,0,0,0,0,0,0,0,0,0,0,0,0,0,0,0,0,0,0,0,0,0,0,0,0,0,0,0,0,0,0,0,0,0,0,0,0,0
439,0,0,0,0,0,0,0,0,0,0,0,0,0,0,0,0,0,0,0,0,0,0,0,0,0,0,0,0,0,0,0,0,0,0,0,0,0,0,0,0,0,0,0,0,0,0,0,0,0,0,0,0,0,0,0,0,0,0,0,0,0,0,0,0,0
440,0,0,0,0,0,0,0,0,0,0,0,0,0,0,0,0,0,0,0,0,0,0,0,0,0,0,0,0,0,0,0,0,0,0,0,0,0,0,0,0,0,0,0,0,0,0,0,0,0,0,0,0,0,0,0,0,0,0,0,0,0,0,0,0,0
441,0,0,0,0,0,0,0,0,0,0,0,0,0,0,0,0,0,0,0,0,0,0,0,0,0,0,0,0,0,0,0,0,0,0,0,0,0,0,0,0,0,0,0,0,0,0,0,0,0,0,0,0,0,0,0,0,0,0,0,0,0,0,0,0,0
442,0,0,0,0,0,0,0,0,0,0,0,0,0,0,0,0,0,0,0,0,0,0,0,0,0,0,0,0,0,0,0,0,0,0,0,0,0,0,0,0,0,0,0,0,0,0,0,0,0,0,0,0,0,0,0,0,0,0,0,0,0,0,0,0,0
443,0,0,0,0,0,0,0,0,0,0,0,0,0,0,0,0,0,0,0,0,0,0,0,0,0,0,0,0,0,0,0,0,0,0,0,0,0,0,0,0,0,0,0,0,0,0,0,0,0,0,0,0,0,0,0,0,0,0,0,0,0,0,0,0,0
444,0,0,0,0,0,0,0,0,0,0,0,0,0,0,0,0,0,0,0,0,0,0,0,0,0,0,0,0,0,0,0,0,0,0,0,0,0,0,0,0,0,0,0,0,0,0,0,0,0,0,0,0,0,0,0,0,0,0,0,0,0,0,0,0,0
445,0,0,0,0,0,0,0,0,0,0,0,0,0,0,0,0,0,0,0,0,0,0,0,0,0,0,0,0,0,0,0,0,0,0,0,0,0,0,0,0,0,0,0,0,0,0,0,0,0,0,0,0,0,0,0,0,0,0,0,0,0,0,0,0,0
446,0,0,0,0,0,0,0,0,0,0,0,0,0,0,0,0,0,0,0,0,0,0,0,0,0,0,0,0,0,0,0,0,0,0,0,0,0,0,0,0,0,0,0,0,0,0,0,0,0,0,0,0,0,0,0,0,0,0,0,0,0,0,0,0,0
447,0,0,0,0,0,0,0,0,0,0,0,0,0,0,0,0,0,0,0,0,0,0,0,0,0,0,0,0,0,0,0,0,0,0,0,0,0,0,0,0,0,0,0,0,0,0,0,0,0,0,0,0,0,0,0,0,0,0,0,0,0,0,0,0,0
448,0,0,0,0,0,0,0,0,0,0,0,0,0,0,0,0,0,0,0,0,0,0,0,0,0,0,0,0,0,0,0,0,0,0,0,0,0,0,0,0,0,0,0,0,0,0,0,0,0,0,0,0,0,0,0,0,0,0,0,0,0,0,0,0,0
449,0,0,0,0,0,0,0,0,0,0,0,0,0,0,0,0,0,0,0,0,0,0,0,0,0,0,0,0,0,0,0,0,0,0,0,0,0,0,0,0,0,0,0,0,0,0,0,0,0,0,0,0,0,0,0,0,0,0,0,0,0,0,0,0,0
450,0,0,0,0,0,0,0,0,0,0,0,0,0,0,0,0,0,0,0,0,0,0,0,0,0,0,0,0,0,0,0,0,0,0,0,0,0,0,0,0,0,0,0,0,0,0,0,0,0,0,0,0,0,0,0,0,0,0,0,0,0,0,0,0,0
451,0,0,0,0,0,0,0,0,0,0,0,0,0,0,0,0,0,0,0,0,0,0,0,0,0,0,0,0,0,0,0,0,0,0,0,0,0,0,0,0,0,0,0,0,0,0,0,0,0,0,0,0,0,0,0,0,0,0,0,0,0,0,0,0,0
452,0,0,0,0,0,0,0,0,0,0,0,0,0,0,0,0,0,0,0,0,0,0,0,0,0,0,0,0,0,0,0,0,0,0,0,0,0,0,0,0,0,0,0,0,0,0,0,0,0,0,0,0,0,0,0,0,0,0,0,0,0,0,0,0,0
453,0,0,0,0,0,0,0,0,0,0,0,0,0,0,0,0,0,0,0,0,0,0,0,0,0,0,0,0,0,0,0,0,0,0,0,0,0,0,0,0,0,0,0,0,0,0,0,0,0,0,0,0,0,0,0,0,0,0,0,0,0,0,0,0,0
454,0,0,0,0,0,0,0,0,0,0,0,0,0,0,0,0,0,0,0,0,0,0,0,0,0,0,0,0,0,0,0,0,0,0,0,0,0,0,0,0,0,0,0,0,0,0,0,0,0,0,0,0,0,0,0,0,0,0,0,0,0,0,0,0,0
455,0,0,0,0,0,0,0,0,0,0,0,0,0,0,0,0,0,0,0,0,0,0,0,0,0,0,0,0,0,0,0,0,0,0,0,0,0,0,0,0,0,0,0,0,0,0,0,0,0,0,0,0,0,0,0,0,0,0,0,0,0,0,0,0,0
456,0,0,0,0,0,0,0,0,0,0,0,0,0,0,0,0,0,0,0,0,0,0,0,0,0,0,0,0,0,0,0,0,0,0,0,0,0,0,0,0,0,0,0,0,0,0,0,0,0,0,0,0,0,0,0,0,0,0,0,0,0,0,0,0,0
457,0,0,0,0,0,0,0,0,0,0,0,0,0,0,0,0,0,0,0,0,0,0,0,0,0,0,0,0,0,0,0,0,0,0,0,0,0,0,0,0,0,0,0,0,0,0,0,0,0,0,0,0,0,0,0,0,0,0,0,0,0,0,0,0,0
458,0,0,0,0,0,0,0,0,0,0,0,0,0,0,0,0,0,0,0,0,0,0,0,0,0,0,0,0,0,0,0,0,0,0,0,0,0,0,0,0,0,0,0,0,0,0,0,0,0,0,0,0,0,0,0,0,0,0,0,0,0,0,0,0,0
459,0,0,0,0,0,0,0,0,0,0,0,0,0,0,0,0,0,0,0,0,0,0,0,0,0,0,0,0,0,0,0,0,0,0,0,0,0,0,0,0,0,0,0,0,0,0,0,0,0,0,0,0,0,0,0,0,0,0,0,0,0,0,0,0,0
460,0,0,0,0,0,0,0,0,0,0,0,0,0,0,0,0,0,0,0,0,0,0,0,0,0,0,0,0,0,0,0,0,0,0,0,0,0,0,0,0,0,0,0,0,0,0,0,0,0,0,0,0,0,0,0,0,0,0,0,0,0,0,0,0,0
461,0,0,0,0,0,0,0,0,0,0,0,0,0,0,0,0,0,0,0,0,0,0,0,0,0,0,0,0,0,0,0,0,0,0,0,0,0,0,0,0,0,0,0,0,0,0,0,0,0,0,0,0,0,0,0,0,0,0,0,0,0,0,0,0,0
462,0,0,0,0,0,0,0,0,0,0,0,0,0,0,0,0,0,0,0,0,0,0,0,0,0,0,0,0,0,0,0,0,0,0,0,0,0,0,0,0,0,0,0,0,0,0,0,0,0,0,0,0,0,0,0,0,0,0,0,0,0,0,0,0,0
463,0,0,0,0,0,0,0,0,0,0,0,0,0,0,0,0,0,0,0,0,0,0,0,0,0,0,0,0,0,0,0,0,0,0,0,0,0,0,0,0,0,0,0,0,0,0,0,0,0,0,0,0,0,0,0,0,0,0,0,0,0,0,0,0,0
464,0,0,0,0,0,0,0,0,0,0,0,0,0,0,0,0,0,0,0,0,0,0,0,0,0,0,0,0,0,0,0,0,0,0,0,0,0,0,0,0,0,0,0,0,0,0,0,0,0,0,0,0,0,0,0,0,0,0,0,0,0,0,0,0,0
465,0,0,0,0,0,0,0,0,0,0,0,0,0,0,0,0,0,0,0,0,0,0,0,0,0,0,0,0,0,0,0,0,0,0,0,0,0,0,0,0,0,0,0,0,0,0,0,0,0,0,0,0,0,0,0,0,0,0,0,0,0,0,0,0,0
466,0,0,0,0,0,0,0,0,0,0,0,0,0,0,0,0,0,0,0,0,0,0,0,0,0,0,0,0,0,0,0,0,0,0,0,0,0,0,0,0,0,0,0,0,0,0,0,0,0,0,0,0,0,0,0,0,0,0,0,0,0,0,0,0,0
467,0,0,0,0,0,0,0,0,0,0,0,0,0,0,0,0,0,0,0,0,0,0,0,0,0,0,0,0,0,0,0,0,0,0,0,0,0,0,0,0,0,0,0,0,0,0,0,0,0,0,0,0,0,0,0,0,0,0,0,0,0,0,0,0,0
468,0,0,0,0,0,0,0,0,0,0,0,0,0,0,0,0,0,0,0,0,0,0,0,0,0,0,0,0,0,0,0,0,0,0,0,0,0,0,0,0,0,0,0,0,0,0,0,0,0,0,0,0,0,0,0,0,0,0,0,0,0,0,0,0,0
469,0,0,0,0,0,0,0,0,0,0,0,0,0,0,0,0,0,0,0,0,0,0,0,0,0,0,0,0,0,0,0,0,0,0,0,0,0,0,0,0,0,0,0,0,0,0,0,0,0,0,0,0,0,0,0,0,0,0,0,0,0,0,0,0,0
470,0,0,0,0,0,0,0,0,0,0,0,0,0,0,0,0,0,0,0,0,0,0,0,0,0,0,0,0,0,0,0,0,0,0,0,0,0,0,0,0,0,0,0,0,0,0,0,0,0,0,0,0,0,0,0,0,0,0,0,0,0,0,0,0,0
471,0,0,0,0,0,0,0,0,0,0,0,0,0,0,0,0,0,0,0,0,0,0,0,0,0,0,0,0,0,0,0,0,0,0,0,0,0,0,0,0,0,0,0,0,0,0,0,0,0,0,0,0,0,0,0,0,0,0,0,0,0,0,0,0,0
472,0,0,0,0,0,0,0,0,0,0,0,0,0,0,0,0,0,0,0,0,0,0,0,0,0,0,0,0,0,0,0,0,0,0,0,0,0,0,0,0,0,0,0,0,0,0,0,0,0,0,0,0,0,0,0,0,0,0,0,0,0,0,0,0,0
473,0,0,0,0,0,0,0,0,0,0,0,0,0,0,0,0,0,0,0,0,0,0,0,0,0,0,0,0,0,0,0,0,0,0,0,0,0,0,0,0,0,0,0,0,0,0,0,0,0,0,0,0,0,0,0,0,0,0,0,0,0,0,0,0,0
474,0,0,0,0,0,0,0,0,0,0,0,0,0,0,0,0,0,0,0,0,0,0,0,0,0,0,0,0,0,0,0,0,0,0,0,0,0,0,0,0,0,0,0,0,0,0,0,0,0,0,0,0,0,0,0,0,0,0,0,0,0,0,0,0,0
475,0,0,0,0,0,0,0,0,0,0,0,0,0,0,0,0,0,0,0,0,0,0,0,0,0,0,0,0,0,0,0,0,0,0,0,0,0,0,0,0,0,0,0,0,0,0,0,0,0,0,0,0,0,0,0,0,0,0,0,0,0,0,0,0,0
476,0,0,0,0,0,0,0,0,0,0,0,0,0,0,0,0,0,0,0,0,0,0,0,0,0,0,0,0,0,0,0,0,0,0,0,0,0,0,0,0,0,0,0,0,0,0,0,0,0,0,0,0,0,0,0,0,0,0,0,0,0,0,0,0,0
477,0,0,0,0,0,0,0,0,0,0,0,0,0,0,0,0,0,0,0,0,0,0,0,0,0,0,0,0,0,0,0,0,0,0,0,0,0,0,0,0,0,0,0,0,0,0,0,0,0,0,0,0,0,0,0,0,0,0,0,0,0,0,0,0,0
478,0,0,0,0,0,0,0,0,0,0,0,0,0,0,0,0,0,0,0,0,0,0,0,0,0,0,0,0,0,0,0,0,0,0,0,0,0,0,0,0,0,0,0,0,0,0,0,0,0,0,0,0,0,0,0,0,0,0,0,0,0,0,0,0,0
479,0,0,0,0,0,0,0,0,0,0,0,0,0,0,0,0,0,0,0,0,0,0,0,0,0,0,0,0,0,0,0,0,0,0,0,0,0,0,0,0,0,0,0,0,0,0,0,0,0,0,0,0,0,0,0,0,0,0,0,0,0,0,0,0,0
480,0,0,0,0,0,0,0,0,0,0,0,0,0,0,0,0,0,0,0,0,0,0,0,0,0,0,0,0,0,0,0,0,0,0,0,0,0,0,0,0,0,0,0,0,0,0,0,0,0,0,0,0,0,0,0,0,0,0,0,0,0,0,0,0,0
481,0,0,0,0,0,0,0,0,0,0,0,0,0,0,0,0,0,0,0,0,0,0,0,0,0,0,0,0,0,0,0,0,0,0,0,0,0,0,0,0,0,0,0,0,0,0,0,0,0,0,0,0,0,0,0,0,0,0,0,0,0,0,0,0,0
482,0,0,0,0,0,0,0,0,0,0,0,0,0,0,0,0,0,0,0,0,0,0,0,0,0,0,0,0,0,0,0,0,0,0,0,0,0,0,0,0,0,0,0,0,0,0,0,0,0,0,0,0,0,0,0,0,0,0,0,0,0,0,0,0,0
483,0,0,0,0,0,0,0,0,0,0,0,0,0,0,0,0,0,0,0,0,0,0,0,0,0,0,0,0,0,0,0,0,0,0,0,0,0,0,0,0,0,0,0,0,0,0,0,0,0,0,0,0,0,0,0,0,0,0,0,0,0,0,0,0,0
484,0,0,0,0,0,0,0,0,0,0,0,0,0,0,0,0,0,0,0,0,0,0,0,0,0,0,0,0,0,0,0,0,0,0,0,0,0,0,0,0,0,0,0,0,0,0,0,0,0,0,0,0,0,0,0,0,0,0,0,0,0,0,0,0,0
485,0,0,0,0,0,0,0,0,0,0,0,0,0,0,0,0,0,0,0,0,0,0,0,0,0,0,0,0,0,0,0,0,0,0,0,0,0,0,0,0,0,0,0,0,0,0,0,0,0,0,0,0,0,0,0,0,0,0,0,0,0,0,0,0,0
486,0,0,0,0,0,0,0,0,0,0,0,0,0,0,0,0,0,0,0,0,0,0,0,0,0,0,0,0,0,0,0,0,0,0,0,0,0,0,0,0,0,0,0,0,0,0,0,0,0,0,0,0,0,0,0,0,0,0,0,0,0,0,0,0,0
487,0,0,0,0,0,0,0,0,0,0,0,0,0,0,0,0,0,0,0,0,0,0,0,0,0,0,0,0,0,0,0,0,0,0,0,0,0,0,0,0,0,0,0,0,0,0,0,0,0,0,0,0,0,0,0,0,0,0,0,0,0,0,0,0,0
488,0,0,0,0,0,0,0,0,0,0,0,0,0,0,0,0,0,0,0,0,0,0,0,0,0,0,0,0,0,0,0,0,0,0,0,0,0,0,0,0,0,0,0,0,0,0,0,0,0,0,0,0,0,0,0,0,0,0,0,0,0,0,0,0,0
489,0,0,0,0,0,0,0,0,0,0,0,0,0,0,0,0,0,0,0,0,0,0,0,0,0,0,0,0,0,0,0,0,0,0,0,0,0,0,0,0,0,0,0,0,0,0,0,0,0,0,0,0,0,0,0,0,0,0,0,0,0,0,0,0,0
490,0,0,0,0,0,0,0,0,0,0,0,0,0,0,0,0,0,0,0,0,0,0,0,0,0,0,0,0,0,0,0,0,0,0,0,0,0,0,0,0,0,0,0,0,0,0,0,0,0,0,0,0,0,0,0,0,0,0,0,0,0,0,0,0,0
491,0,0,0,0,0,0,0,0,0,0,0,0,0,0,0,0,0,0,0,0,0,0,0,0,0,0,0,0,0,0,0,0,0,0,0,0,0,0,0,0,0,0,0,0,0,0,0,0,0,0,0,0,0,0,0,0,0,0,0,0,0,0,0,0,0
492,0,0,0,0,0,0,0,0,0,0,0,0,0,0,0,0,0,0,0,0,0,0,0,0,0,0,0,0,0,0,0,0,0,0,0,0,0,0,0,0,0,0,0,0,0,0,0,0,0,0,0,0,0,0,0,0,0,0,0,0,0,0,0,0,0
493,0,0,0,0,0,0,0,0,0,0,0,0,0,0,0,0,0,0,0,0,0,0,0,0,0,0,0,0,0,0,0,0,0,0,0,0,0,0,0,0,0,0,0,0,0,0,0,0,0,0,0,0,0,0,0,0,0,0,0,0,0,0,0,0,0
494,0,0,0,0,0,0,0,0,0,0,0,0,0,0,0,0,0,0,0,0,0,0,0,0,0,0,0,0,0,0,0,0,0,0,0,0,0,0,0,0,0,0,0,0,0,0,0,0,0,0,0,0,0,0,0,0,0,0,0,0,0,0,0,0,0
495,0,0,0,0,0,0,0,0,0,0,0,0,0,0,0,0,0,0,0,0,0,0,0,0,0,0,0,0,0,0,0,0,0,0,0,0,0,0,0,0,0,0,0,0,0,0,0,0,0,0,0,0,0,0,0,0,0,0,0,0,0,0,0,0,0
496,0,0,0,0,0,0,0,0,0,0,0,0,0,0,0,0,0,0,0,0,0,0,0,0,0,0,0,0,0,0,0,0,0,0,0,0,0,0,0,0,0,0,0,0,0,0,0,0,0,0,0,0,0,0,0,0,0,0,0,0,0,0,0,0,0
497,0,0,0,0,0,0,0,0,0,0,0,0,0,0,0,0,0,0,0,0,0,0,0,0,0,0,0,0,0,0,0,0,0,0,0,0,0,0,0,0,0,0,0,0,0,0,0,0,0,0,0,0,0,0,0,0,0,0,0,0,0,0,0,0,0
498,0,0,0,0,0,0,0,0,0,0,0,0,0,0,0,0,0,0,0,0,0,0,0,0,0,0,0,0,0,0,0,0,0,0,0,0,0,0,0,0,0,0,0,0,0,0,0,0,0,0,0,0,0,0,0,0,0,0,0,0,0,0,0,0,0
499,0,0,0,0,0,0,0,0,0,0,0,0,0,0,0,0,0,0,0,0,0,0,0,0,0,0,0,0,0,0,0,0,0,0,0,0,0,0,0,0,0,0,0,0,0,0,0,0,0,0,0,0,0,0,0,0,0,0,0,0,0,0,0,0,0
500,0,0,0,0,0,0,0,0,0,0,0,0,0,0,0,0,0,0,0,0,0,0,0,0,0,0,0,0,0,0,0,0,0,0,0,0,0,0,0,0,0,0,0,0,0,0,0,0,0,0,0,0,0,0,0,0,0,0,0,0,0,0,0,0,0
501,0,0,0,0,0,0,0,0,0,0,0,0,0,0,0,0,0,0,0,0,0,0,0,0,0,0,0,0,0,0,0,0,0,0,0,0,0,0,0,0,0,0,0,0,0,0,0,0,0,0,0,0,0,0,0,0,0,0,0,0,0,0,0,0,0
502,0,0,0,0,0,0,0,0,0,0,0,0,0,0,0,0,0,0,0,0,0,0,0,0,0,0,0,0,0,0,0,0,0,0,0,0,0,0,0,0,0,0,0,0,0,0,0,0,0,0,0,0,0,0,0,0,0,0,0,0,0,0,0,0,0
503,0,0,0,0,0,0,0,0,0,0,0,0,0,0,0,0,0,0,0,0,0,0,0,0,0,0,0,0,0,0,0,0,0,0,0,0,0,0,0,0,0,0,0,0,0,0,0,0,0,0,0,0,0,0,0,0,0,0,0,0,0,0,0,0,0
504,0,0,0,0,0,0,0,0,0,0,0,0,0,0,0,0,0,0,0,0,0,0,0,0,0,0,0,0,0,0,0,0,0,0,0,0,0,0,0,0,0,0,0,0,0,0,0,0,0,0,0,0,0,0,0,0,0,0,0,0,0,0,0,0,0
505,0,0,0,0,0,0,0,0,0,0,0,0,0,0,0,0,0,0,0,0,0,0,0,0,0,0,0,0,0,0,0,0,0,0,0,0,0,0,0,0,0,0,0,0,0,0,0,0,0,0,0,0,0,0,0,0,0,0,0,0,0,0,0,0,0
506,0,0,0,0,0,0,0,0,0,0,0,0,0,0,0,0,0,0,0,0,0,0,0,0,0,0,0,0,0,0,0,0,0,0,0,0,0,0,0,0,0,0,0,0,0,0,0,0,0,0,0,0,0,0,0,0,0,0,0,0,0,0,0,0,0
507,0,0,0,0,0,0,0,0,0,0,0,0,0,0,0,0,0,0,0,0,0,0,0,0,0,0,0,0,0,0,0,0,0,0,0,0,0,0,0,0,0,0,0,0,0,0,0,0,0,0,0,0,0,0,0,0,0,0,0,0,0,0,0,0,0
508,0,0,0,0,0,0,0,0,0,0,0,0,0,0,0,0,0,0,0,0,0,0,0,0,0,0,0,0,0,0,0,0,0,0,0,0,0,0,0,0,0,0,0,0,0,0,0,0,0,0,0,0,0,0,0,0,0,0,0,0,0,0,0,0,0
509,0,0,0,0,0,0,0,0,0,0,0,0,0,0,0,0,0,0,0,0,0,0,0,0,0,0,0,0,0,0,0,0,0,0,0,0,0,0,0,0,0,0,0,0,0,0,0,0,0,0,0,0,0,0,0,0,0,0,0,0,0,0,0,0,0
510,0,0,0,0,0,0,0,0,0,0,0,0,0,0,0,0,0,0,0,0,0,0,0,0,0,0,0,0,0,0,0,0,0,0,0,0,0,0,0,0,0,0,0,0,0,0,0,0,0,0,0,0,0,0,0,0,0,0,0,0,0,0,0,0,0
511,0,0,0,0,0,0,0,0,0,0,0,0,0,0,0,0,0,0,0,0,0,0,0,0,0,0,0,0,0,0,0,0,0,0,0,0,0,0,0,0,0,0,0,0,0,0,0,0,0,0,0,0,0,0,0,0,0,0,0,0,0,0,0,0,0
512,0,0,0,0,0,0,0,0,0,0,0,0,0,0,0,0,0,0,0,0,0,0,0,0,0,0,0,0,0,0,0,0,0,0,0,0,0,0,0,0,0,0,0,0,0,0,0,0,0,0,0,0,0,0,0,0,0,0,0,0,0,0,0,0,0
513,0,0,0,0,0,0,0,0,0,0,0,0,0,0,0,0,0,0,0,0,0,0,0,0,0,0,0,0,0,0,0,0,0,0,0,0,0,0,0,0,0,0,0,0,0,0,0,0,0,0,0,0,0,0,0,0,0,0,0,0,0,0,0,0,0
514,0,0,0,0,0,0,0,0,0,0,0,0,0,0,0,0,0,0,0,0,0,0,0,0,0,0,0,0,0,0,0,0,0,0,0,0,0,0,0,0,0,0,0,0,0,0,0,0,0,0,0,0,0,0,0,0,0,0,0,0,0,0,0,0,0
515,0,0,0,0,0,0,0,0,0,0,0,0,0,0,0,0,0,0,0,0,0,0,0,0,0,0,0,0,0,0,0,0,0,0,0,0,0,0,0,0,0,0,0,0,0,0,0,0,0,0,0,0,0,0,0,0,0,0,0,0,0,0,0,0,0
516,0,0,0,0,0,0,0,0,0,0,0,0,0,0,0,0,0,0,0,0,0,0,0,0,0,0,0,0,0,0,0,0,0,0,0,0,0,0,0,0,0,0,0,0,0,0,0,0,0,0,0,0,0,0,0,0,0,0,0,0,0,0,0,0,0
517,0,0,0,0,0,0,0,0,0,0,0,0,0,0,0,0,0,0,0,0,0,0,0,0,0,0,0,0,0,0,0,0,0,0,0,0,0,0,0,0,0,0,0,0,0,0,0,0,0,0,0,0,0,0,0,0,0,0,0,0,0,0,0,0,0
518,0,0,0,0,0,0,0,0,0,0,0,0,0,0,0,0,0,0,0,0,0,0,0,0,0,0,0,0,0,0,0,0,0,0,0,0,0,0,0,0,0,0,0,0,0,0,0,0,0,0,0,0,0,0,0,0,0,0,0,0,0,0,0,0,0
519,0,0,0,0,0,0,0,0,0,0,0,0,0,0,0,0,0,0,0,0,0,0,0,0,0,0,0,0,0,0,0,0,0,0,0,0,0,0,0,0,0,0,0,0,0,0,0,0,0,0,0,0,0,0,0,0,0,0,0,0,0,0,0,0,0
520,0,0,0,0,0,0,0,0,0,0,0,0,0,0,0,0,0,0,0,0,0,0,0,0,0,0,0,0,0,0,0,0,0,0,0,0,0,0,0,0,0,0,0,0,0,0,0,0,0,0,0,0,0,0,0,0,0,0,0,0,0,0,0,0,0
521,0,0,0,0,0,0,0,0,0,0,0,0,0,0,0,0,0,0,0,0,0,0,0,0,0,0,0,0,0,0,0,0,0,0,0,0,0,0,0,0,0,0,0,0,0,0,0,0,0,0,0,0,0,0,0,0,0,0,0,0,0,0,0,0,0
522,0,0,0,0,0,0,0,0,0,0,0,0,0,0,0,0,0,0,0,0,0,0,0,0,0,0,0,0,0,0,0,0,0,0,0,0,0,0,0,0,0,0,0,0,0,0,0,0,0,0,0,0,0,0,0,0,0,0,0,0,0,0,0,0,0
523,0,0,0,0,0,0,0,0,0,0,0,0,0,0,0,0,0,0,0,0,0,0,0,0,0,0,0,0,0,0,0,0,0,0,0,0,0,0,0,0,0,0,0,0,0,0,0,0,0,0,0,0,0,0,0,0,0,0,0,0,0,0,0,0,0
524,0,0,0,0,0,0,0,0,0,0,0,0,0,0,0,0,0,0,0,0,0,0,0,0,0,0,0,0,0,0,0,0,0,0,0,0,0,0,0,0,0,0,0,0,0,0,0,0,0,0,0,0,0,0,0,0,0,0,0,0,0,0,0,0,0
525,0,0,0,0,0,0,0,0,0,0,0,0,0,0,0,0,0,0,0,0,0,0,0,0,0,0,0,0,0,0,0,0,0,0,0,0,0,0,0,0,0,0,0,0,0,0,0,0,0,0,0,0,0,0,0,0,0,0,0,0,0,0,0,0,0
526,0,0,0,0,0,0,0,0,0,0,0,0,0,0,0,0,0,0,0,0,0,0,0,0,0,0,0,0,0,0,0,0,0,0,0,0,0,0,0,0,0,0,0,0,0,0,0,0,0,0,0,0,0,0,0,0,0,0,0,0,0,0,0,0,0
527,0,0,0,0,0,0,0,0,0,0,0,0,0,0,0,0,0,0,0,0,0,0,0,0,0,0,0,0,0,0,0,0,0,0,0,0,0,0,0,0,0,0,0,0,0,0,0,0,0,0,0,0,0,0,0,0,0,0,0,0,0,0,0,0,0
528,0,0,0,0,0,0,0,0,0,0,0,0,0,0,0,0,0,0,0,0,0,0,0,0,0,0,0,0,0,0,0,0,0,0,0,0,0,0,0,0,0,0,0,0,0,0,0,0,0,0,0,0,0,0,0,0,0,0,0,0,0,0,0,0,0
529,0,0,0,0,0,0,0,0,0,0,0,0,0,0,0,0,0,0,0,0,0,0,0,0,0,0,0,0,0,0,0,0,0,0,0,0,0,0,0,0,0,0,0,0,0,0,0,0,0,0,0,0,0,0,0,0,0,0,0,0,0,0,0,0,0
530,0,0,0,0,0,0,0,0,0,0,0,0,0,0,0,0,0,0,0,0,0,0,0,0,0,0,0,0,0,0,0,0,0,0,0,0,0,0,0,0,0,0,0,0,0,0,0,0,0,0,0,0,0,0,0,0,0,0,0,0,0,0,0,0,0
531,0,0,0,0,0,0,0,0,0,0,0,0,0,0,0,0,0,0,0,0,0,0,0,0,0,0,0,0,0,0,0,0,0,0,0,0,0,0,0,0,0,0,0,0,0,0,0,0,0,0,0,0,0,0,0,0,0,0,0,0,0,0,0,0,0
532,0,0,0,0,0,0,0,0,0,0,0,0,0,0,0,0,0,0,0,0,0,0,0,0,0,0,0,0,0,0,0,0,0,0,0,0,0,0,0,0,0,0,0,0,0,0,0,0,0,0,0,0,0,0,0,0,0,0,0,0,0,0,0,0,0
533,0,0,0,0,0,0,0,0,0,0,0,0,0,0,0,0,0,0,0,0,0,0,0,0,0,0,0,0,0,0,0,0,0,0,0,0,0,0,0,0,0,0,0,0,0,0,0,0,0,0,0,0,0,0,0,0,0,0,0,0,0,0,0,0,0
534,0,0,0,0,0,0,0,0,0,0,0,0,0,0,0,0,0,0,0,0,0,0,0,0,0,0,0,0,0,0,0,0,0,0,0,0,0,0,0,0,0,0,0,0,0,0,0,0,0,0,0,0,0,0,0,0,0,0,0,0,0,0,0,0,0
535,0,0,0,0,0,0,0,0,0,0,0,0,0,0,0,0,0,0,0,0,0,0,0,0,0,0,0,0,0,0,0,0,0,0,0,0,0,0,0,0,0,0,0,0,0,0,0,0,0,0,0,0,0,0,0,0,0,0,0,0,0,0,0,0,0
536,0,0,0,0,0,0,0,0,0,0,0,0,0,0,0,0,0,0,0,0,0,0,0,0,0,0,0,0,0,0,0,0,0,0,0,0,0,0,0,0,0,0,0,0,0,0,0,0,0,0,0,0,0,0,0,0,0,0,0,0,0,0,0,0,0
537,0,0,0,0,0,0,0,0,0,0,0,0,0,0,0,0,0,0,0,0,0,0,0,0,0,0,0,0,0,0,0,0,0,0,0,0,0,0,0,0,0,0,0,0,0,0,0,0,0,0,0,0,0,0,0,0,0,0,0,0,0,0,0,0,0
538,0,0,0,0,0,0,0,0,0,0,0,0,0,0,0,0,0,0,0,0,0,0,0,0,0,0,0,0,0,0,0,0,0,0,0,0,0,0,0,0,0,0,0,0,0,0,0,0,0,0,0,0,0,0,0,0,0,0,0,0,0,0,0,0,0
539,0,0,0,0,0,0,0,0,0,0,0,0,0,0,0,0,0,0,0,0,0,0,0,0,0,0,0,0,0,0,0,0,0,0,0,0,0,0,0,0,0,0,0,0,0,0,0,0,0,0,0,0,0,0,0,0,0,0,0,0,0,0,0,0,0
540,0,0,0,0,0,0,0,0,0,0,0,0,0,0,0,0,0,0,0,0,0,0,0,0,0,0,0,0,0,0,0,0,0,0,0,0,0,0,0,0,0,0,0,0,0,0,0,0,0,0,0,0,0,0,0,0,0,0,0,0,0,0,0,0,0
541,0,0,0,0,0,0,0,0,0,0,0,0,0,0,0,0,0,0,0,0,0,0,0,0,0,0,0,0,0,0,0,0,0,0,0,0,0,0,0,0,0,0,0,0,0,0,0,0,0,0,0,0,0,0,0,0,0,0,0,0,0,0,0,0,0
542,0,0,0,0,0,0,0,0,0,0,0,0,0,0,0,0,0,0,0,0,0,0,0,0,0,0,0,0,0,0,0,0,0,0,0,0,0,0,0,0,0,0,0,0,0,0,0,0,0,0,0,0,0,0,0,0,0,0,0,0,0,0,0,0,0
543,0,0,0,0,0,0,0,0,0,0,0,0,0,0,0,0,0,0,0,0,0,0,0,0,0,0,0,0,0,0,0,0,0,0,0,0,0,0,0,0,0,0,0,0,0,0,0,0,0,0,0,0,0,0,0,0,0,0,0,0,0,0,0,0,0
544,0,0,0,0,0,0,0,0,0,0,0,0,0,0,0,0,0,0,0,0,0,0,0,0,0,0,0,0,0,0,0,0,0,0,0,0,0,0,0,0,0,0,0,0,0,0,0,0,0,0,0,0,0,0,0,0,0,0,0,0,0,0,0,0,0
545,0,0,0,0,0,0,0,0,0,0,0,0,0,0,0,0,0,0,0,0,0,0,0,0,0,0,0,0,0,0,0,0,0,0,0,0,0,0,0,0,0,0,0,0,0,0,0,0,0,0,0,0,0,0,0,0,0,0,0,0,0,0,0,0,0
546,0,0,0,0,0,0,0,0,0,0,0,0,0,0,0,0,0,0,0,0,0,0,0,0,0,0,0,0,0,0,0,0,0,0,0,0,0,0,0,0,0,0,0,0,0,0,0,0,0,0,0,0,0,0,0,0,0,0,0,0,0,0,0,0,0
547,0,0,0,0,0,0,0,0,0,0,0,0,0,0,0,0,0,0,0,0,0,0,0,0,0,0,0,0,0,0,0,0,0,0,0,0,0,0,0,0,0,0,0,0,0,0,0,0,0,0,0,0,0,0,0,0,0,0,0,0,0,0,0,0,0
548,0,0,0,0,0,0,0,0,0,0,0,0,0,0,0,0,0,0,0,0,0,0,0,0,0,0,0,0,0,0,0,0,0,0,0,0,0,0,0,0,0,0,0,0,0,0,0,0,0,0,0,0,0,0,0,0,0,0,0,0,0,0,0,0,0
549,0,0,0,0,0,0,0,0,0,0,0,0,0,0,0,0,0,0,0,0,0,0,0,0,0,0,0,0,0,0,0,0,0,0,0,0,0,0,0,0,0,0,0,0,0,0,0,0,0,0,0,0,0,0,0,0,0,0,0,0,0,0,0,0,0
550,0,0,0,0,0,0,0,0,0,0,0,0,0,0,0,0,0,0,0,0,0,0,0,0,0,0,0,0,0,0,0,0,0,0,0,0,0,0,0,0,0,0,0,0,0,0,0,0,0,0,0,0,0,0,0,0,0,0,0,0,0,0,0,0,0
551,0,0,0,0,0,0,0,0,0,0,0,0,0,0,0,0,0,0,0,0,0,0,0,0,0,0,0,0,0,0,0,0,0,0,0,0,0,0,0,0,0,0,0,0,0,0,0,0,0,0,0,0,0,0,0,0,0,0,0,0,0,0,0,0,0
552,0,0,0,0,0,0,0,0,0,0,0,0,0,0,0,0,0,0,0,0,0,0,0,0,0,0,0,0,0,0,0,0,0,0,0,0,0,0,0,0,0,0,0,0,0,0,0,0,0,0,0,0,0,0,0,0,0,0,0,0,0,0,0,0,0
553,0,0,0,0,0,0,0,0,0,0,0,0,0,0,0,0,0,0,0,0,0,0,0,0,0,0,0,0,0,0,0,0,0,0,0,0,0,0,0,0,0,0,0,0,0,0,0,0,0,0,0,0,0,0,0,0,0,0,0,0,0,0,0,0,0
554,0,0,0,0,0,0,0,0,0,0,0,0,0,0,0,0,0,0,0,0,0,0,0,0,0,0,0,0,0,0,0,0,0,0,0,0,0,0,0,0,0,0,0,0,0,0,0,0,0,0,0,0,0,0,0,0,0,0,0,0,0,0,0,0,0
555,0,0,0,0,0,0,0,0,0,0,0,0,0,0,0,0,0,0,0,0,0,0,0,0,0,0,0,0,0,0,0,0,0,0,0,0,0,0,0,0,0,0,0,0,0,0,0,0,0,0,0,0,0,0,0,0,0,0,0,0,0,0,0,0,0
556,0,0,0,0,0,0,0,0,0,0,0,0,0,0,0,0,0,0,0,0,0,0,0,0,0,0,0,0,0,0,0,0,0,0,0,0,0,0,0,0,0,0,0,0,0,0,0,0,0,0,0,0,0,0,0,0,0,0,0,0,0,0,0,0,0
557,0,0,0,0,0,0,0,0,0,0,0,0,0,0,0,0,0,0,0,0,0,0,0,0,0,0,0,0,0,0,0,0,0,0,0,0,0,0,0,0,0,0,0,0,0,0,0,0,0,0,0,0,0,0,0,0,0,0,0,0,0,0,0,0,0
558,0,0,0,0,0,0,0,0,0,0,0,0,0,0,0,0,0,0,0,0,0,0,0,0,0,0,0,0,0,0,0,0,0,0,0,0,0,0,0,0,0,0,0,0,0,0,0,0,0,0,0,0,0,0,0,0,0,0,0,0,0,0,0,0,0
559,0,0,0,0,0,0,0,0,0,0,0,0,0,0,0,0,0,0,0,0,0,0,0,0,0,0,0,0,0,0,0,0,0,0,0,0,0,0,0,0,0,0,0,0,0,0,0,0,0,0,0,0,0,0,0,0,0,0,0,0,0,0,0,0,0
560,0,0,0,0,0,0,0,0,0,0,0,0,0,0,0,0,0,0,0,0,0,0,0,0,0,0,0,0,0,0,0,0,0,0,0,0,0,0,0,0,0,0,0,0,0,0,0,0,0,0,0,0,0,0,0,0,0,0,0,0,0,0,0,0,0
561,0,0,0,0,0,0,0,0,0,0,0,0,0,0,0,0,0,0,0,0,0,0,0,0,0,0,0,0,0,0,0,0,0,0,0,0,0,0,0,0,0,0,0,0,0,0,0,0,0,0,0,0,0,0,0,0,0,0,0,0,0,0,0,0,0
562,0,0,0,0,0,0,0,0,0,0,0,0,0,0,0,0,0,0,0,0,0,0,0,0,0,0,0,0,0,0,0,0,0,0,0,0,0,0,0,0,0,0,0,0,0,0,0,0,0,0,0,0,0,0,0,0,0,0,0,0,0,0,0,0,0
563,0,0,0,0,0,0,0,0,0,0,0,0,0,0,0,0,0,0,0,0,0,0,0,0,0,0,0,0,0,0,0,0,0,0,0,0,0,0,0,0,0,0,0,0,0,0,0,0,0,0,0,0,0,0,0,0,0,0,0,0,0,0,0,0,0
564,0,0,0,0,0,0,0,0,0,0,0,0,0,0,0,0,0,0,0,0,0,0,0,0,0,0,0,0,0,0,0,0,0,0,0,0,0,0,0,0,0,0,0,0,0,0,0,0,0,0,0,0,0,0,0,0,0,0,0,0,0,0,0,0,0
565,0,0,0,0,0,0,0,0,0,0,0,0,0,0,0,0,0,0,0,0,0,0,0,0,0,0,0,0,0,0,0,0,0,0,0,0,0,0,0,0,0,0,0,0,0,0,0,0,0,0,0,0,0,0,0,0,0,0,0,0,0,0,0,0,0
566,0,0,0,0,0,0,0,0,0,0,0,0,0,0,0,0,0,0,0,0,0,0,0,0,0,0,0,0,0,0,0,0,0,0,0,0,0,0,0,0,0,0,0,0,0,0,0,0,0,0,0,0,0,0,0,0,0,0,0,0,0,0,0,0,0
567,0,0,0,0,0,0,0,0,0,0,0,0,0,0,0,0,0,0,0,0,0,0,0,0,0,0,0,0,0,0,0,0,0,0,0,0,0,0,0,0,0,0,0,0,0,0,0,0,0,0,0,0,0,0,0,0,0,0,0,0,0,0,0,0,0
568,0,0,0,0,0,0,0,0,0,0,0,0,0,0,0,0,0,0,0,0,0,0,0,0,0,0,0,0,0,0,0,0,0,0,0,0,0,0,0,0,0,0,0,0,0,0,0,0,0,0,0,0,0,0,0,0,0,0,0,0,0,0,0,0,0
569,0,0,0,0,0,0,0,0,0,0,0,0,0,0,0,0,0,0,0,0,0,0,0,0,0,0,0,0,0,0,0,0,0,0,0,0,0,0,0,0,0,0,0,0,0,0,0,0,0,0,0,0,0,0,0,0,0,0,0,0,0,0,0,0,0
570,0,0,0,0,0,0,0,0,0,0,0,0,0,0,0,0,0,0,0,0,0,0,0,0,0,0,0,0,0,0,0,0,0,0,0,0,0,0,0,0,0,0,0,0,0,0,0,0,0,0,0,0,0,0,0,0,0,0,0,0,0,0,0,0,0
571,0,0,0,0,0,0,0,0,0,0,0,0,0,0,0,0,0,0,0,0,0,0,0,0,0,0,0,0,0,0,0,0,0,0,0,0,0,0,0,0,0,0,0,0,0,0,0,0,0,0,0,0,0,0,0,0,0,0,0,0,0,0,0,0,0
572,0,0,0,0,0,0,0,0,0,0,0,0,0,0,0,0,0,0,0,0,0,0,0,0,0,0,0,0,0,0,0,0,0,0,0,0,0,0,0,0,0,0,0,0,0,0,0,0,0,0,0,0,0,0,0,0,0,0,0,0,0,0,0,0,0
573,0,0,0,0,0,0,0,0,0,0,0,0,0,0,0,0,0,0,0,0,0,0,0,0,0,0,0,0,0,0,0,0,0,0,0,0,0,0,0,0,0,0,0,0,0,0,0,0,0,0,0,0,0,0,0,0,0,0,0,0,0,0,0,0,0
574,0,0,0,0,0,0,0,0,0,0,0,0,0,0,0,0,0,0,0,0,0,0,0,0,0,0,0,0,0,0,0,0,0,0,0,0,0,0,0,0,0,0,0,0,0,0,0,0,0,0,0,0,0,0,0,0,0,0,0,0,0,0,0,0,0
575,0,0,0,0,0,0,0,0,0,0,0,0,0,0,0,0,0,0,0,0,0,0,0,0,0,0,0,0,0,0,0,0,0,0,0,0,0,0,0,0,0,0,0,0,0,0,0,0,0,0,0,0,0,0,0,0,0,0,0,0,0,0,0,0,0
576,0,0,0,0,0,0,0,0,0,0,0,0,0,0,0,0,0,0,0,0,0,0,0,0,0,0,0,0,0,0,0,0,0,0,0,0,0,0,0,0,0,0,0,0,0,0,0,0,0,0,0,0,0,0,0,0,0,0,0,0,0,0,0,0,0
577,0,0,0,0,0,0,0,0,0,0,0,0,0,0,0,0,0,0,0,0,0,0,0,0,0,0,0,0,0,0,0,0,0,0,0,0,0,0,0,0,0,0,0,0,0,0,0,0,0,0,0,0,0,0,0,0,0,0,0,0,0,0,0,0,0
578,0,0,0,0,0,0,0,0,0,0,0,0,0,0,0,0,0,0,0,0,0,0,0,0,0,0,0,0,0,0,0,0,0,0,0,0,0,0,0,0,0,0,0,0,0,0,0,0,0,0,0,0,0,0,0,0,0,0,0,0,0,0,0,0,0
579,0,0,0,0,0,0,0,0,0,0,0,0,0,0,0,0,0,0,0,0,0,0,0,0,0,0,0,0,0,0,0,0,0,0,0,0,0,0,0,0,0,0,0,0,0,0,0,0,0,0,0,0,0,0,0,0,0,0,0,0,0,0,0,0,0
580,0,0,0,0,0,0,0,0,0,0,0,0,0,0,0,0,0,0,0,0,0,0,0,0,0,0,0,0,0,0,0,0,0,0,0,0,0,0,0,0,0,0,0,0,0,0,0,0,0,0,0,0,0,0,0,0,0,0,0,0,0,0,0,0,0
581,0,0,0,0,0,0,0,0,0,0,0,0,0,0,0,0,0,0,0,0,0,0,0,0,0,0,0,0,0,0,0,0,0,0,0,0,0,0,0,0,0,0,0,0,0,0,0,0,0,0,0,0,0,0,0,0,0,0,0,0,0,0,0,0,0
582,0,0,0,0,0,0,0,0,0,0,0,0,0,0,0,0,0,0,0,0,0,0,0,0,0,0,0,0,0,0,0,0,0,0,0,0,0,0,0,0,0,0,0,0,0,0,0,0,0,0,0,0,0,0,0,0,0,0,0,0,0,0,0,0,0
583,0,0,0,0,0,0,0,0,0,0,0,0,0,0,0,0,0,0,0,0,0,0,0,0,0,0,0,0,0,0,0,0,0,0,0,0,0,0,0,0,0,0,0,0,0,0,0,0,0,0,0,0,0,0,0,0,0,0,0,0,0,0,0,0,0
584,0,0,0,0,0,0,0,0,0,0,0,0,0,0,0,0,0,0,0,0,0,0,0,0,0,0,0,0,0,0,0,0,0,0,0,0,0,0,0,0,0,0,0,0,0,0,0,0,0,0,0,0,0,0,0,0,0,0,0,0,0,0,0,0,0
585,0,0,0,0,0,0,0,0,0,0,0,0,0,0,0,0,0,0,0,0,0,0,0,0,0,0,0,0,0,0,0,0,0,0,0,0,0,0,0,0,0,0,0,0,0,0,0,0,0,0,0,0,0,0,0,0,0,0,0,0,0,0,0,0,0
586,0,0,0,0,0,0,0,0,0,0,0,0,0,0,0,0,0,0,0,0,0,0,0,0,0,0,0,0,0,0,0,0,0,0,0,0,0,0,0,0,0,0,0,0,0,0,0,0,0,0,0,0,0,0,0,0,0,0,0,0,0,0,0,0,0
587,0,0,0,0,0,0,0,0,0,0,0,0,0,0,0,0,0,0,0,0,0,0,0,0,0,0,0,0,0,0,0,0,0,0,0,0,0,0,0,0,0,0,0,0,0,0,0,0,0,0,0,0,0,0,0,0,0,0,0,0,0,0,0,0,0
588,0,0,0,0,0,0,0,0,0,0,0,0,0,0,0,0,0,0,0,0,0,0,0,0,0,0,0,0,0,0,0,0,0,0,0,0,0,0,0,0,0,0,0,0,0,0,0,0,0,0,0,0,0,0,0,0,0,0,0,0,0,0,0,0,0
589,0,0,0,0,0,0,0,0,0,0,0,0,0,0,0,0,0,0,0,0,0,0,0,0,0,0,0,0,0,0,0,0,0,0,0,0,0,0,0,0,0,0,0,0,0,0,0,0,0,0,0,0,0,0,0,0,0,0,0,0,0,0,0,0,0
590,0,0,0,0,0,0,0,0,0,0,0,0,0,0,0,0,0,0,0,0,0,0,0,0,0,0,0,0,0,0,0,0,0,0,0,0,0,0,0,0,0,0,0,0,0,0,0,0,0,0,0,0,0,0,0,0,0,0,0,0,0,0,0,0,0
591,0,0,0,0,0,0,0,0,0,0,0,0,0,0,0,0,0,0,0,0,0,0,0,0,0,0,0,0,0,0,0,0,0,0,0,0,0,0,0,0,0,0,0,0,0,0,0,0,0,0,0,0,0,0,0,0,0,0,0,0,0,0,0,0,0
592,0,0,0,0,0,0,0,0,0,0,0,0,0,0,0,0,0,0,0,0,0,0,0,0,0,0,0,0,0,0,0,0,0,0,0,0,0,0,0,0,0,0,0,0,0,0,0,0,0,0,0,0,0,0,0,0,0,0,0,0,0,0,0,0,0
593,0,0,0,0,0,0,0,0,0,0,0,0,0,0,0,0,0,0,0,0,0,0,0,0,0,0,0,0,0,0,0,0,0,0,0,0,0,0,0,0,0,0,0,0,0,0,0,0,0,0,0,0,0,0,0,0,0,0,0,0,0,0,0,0,0
594,0,0,0,0,0,0,0,0,0,0,0,0,0,0,0,0,0,0,0,0,0,0,0,0,0,0,0,0,0,0,0,0,0,0,0,0,0,0,0,0,0,0,0,0,0,0,0,0,0,0,0,0,0,0,0,0,0,0,0,0,0,0,0,0,0
595,0,0,0,0,0,0,0,0,0,0,0,0,0,0,0,0,0,0,0,0,0,0,0,0,0,0,0,0,0,0,0,0,0,0,0,0,0,0,0,0,0,0,0,0,0,0,0,0,0,0,0,0,0,0,0,0,0,0,0,0,0,0,0,0,0
596,0,0,0,0,0,0,0,0,0,0,0,0,0,0,0,0,0,0,0,0,0,0,0,0,0,0,0,0,0,0,0,0,0,0,0,0,0,0,0,0,0,0,0,0,0,0,0,0,0,0,0,0,0,0,0,0,0,0,0,0,0,0,0,0,0
597,0,0,0,0,0,0,0,0,0,0,0,0,0,0,0,0,0,0,0,0,0,0,0,0,0,0,0,0,0,0,0,0,0,0,0,0,0,0,0,0,0,0,0,0,0,0,0,0,0,0,0,0,0,0,0,0,0,0,0,0,0,0,0,0,0
598,0,0,0,0,0,0,0,0,0,0,0,0,0,0,0,0,0,0,0,0,0,0,0,0,0,0,0,0,0,0,0,0,0,0,0,0,0,0,0,0,0,0,0,0,0,0,0,0,0,0,0,0,0,0,0,0,0,0,0,0,0,0,0,0,0
599,0,0,0,0,0,0,0,0,0,0,0,0,0,0,0,0,0,0,0,0,0,0,0,0,0,0,0,0,0,0,0,0,0,0,0,0,0,0,0,0,0,0,0,0,0,0,0,0,0,0,0,0,0,0,0,0,0,0,0,0,0,0,0,0,0
