tag,context,y,x,mac_q,mac_sc_q
before_raw_cswitch_A,0,0,0,0,0
before_raw_cswitch_A,0,0,1,-13,0
before_raw_cswitch_A,0,0,2,7,0
before_raw_cswitch_A,0,0,3,0,0
before_raw_cswitch_A,0,0,4,5,0
before_raw_cswitch_A,0,0,5,9,0
before_raw_cswitch_A,0,0,6,-10,0
before_raw_cswitch_A,0,0,7,-2,0
before_raw_cswitch_A,0,0,8,8,0
before_raw_cswitch_A,0,0,9,-17,0
before_raw_cswitch_A,0,0,10,8,0
before_raw_cswitch_A,0,0,11,-6,0
before_raw_cswitch_A,0,0,12,-4,0
before_raw_cswitch_A,0,0,13,11,0
before_raw_cswitch_A,0,0,14,0,0
before_raw_cswitch_A,0,0,15,-2,0
before_raw_cswitch_A,0,0,16,5,0
before_raw_cswitch_A,0,0,17,-17,0
before_raw_cswitch_A,0,0,18,0,0
before_raw_cswitch_A,0,0,19,-2,0
before_raw_cswitch_A,0,0,20,8,0
before_raw_cswitch_A,0,0,21,-9,0
before_raw_cswitch_A,0,0,22,-3,0
before_raw_cswitch_A,0,0,23,-13,0
before_raw_cswitch_A,0,0,24,-3,0
before_raw_cswitch_A,0,0,25,8,0
before_raw_cswitch_A,0,0,26,1,0
before_raw_cswitch_A,0,0,27,-6,0
before_raw_cswitch_A,0,0,28,7,0
before_raw_cswitch_A,0,0,29,2,0
before_raw_cswitch_A,0,0,30,-4,0
before_raw_cswitch_A,0,0,31,0,0
before_raw_cswitch_A,0,1,0,-9,0
before_raw_cswitch_A,0,1,1,6,0
before_raw_cswitch_A,0,1,2,21,0
before_raw_cswitch_A,0,1,3,0,0
before_raw_cswitch_A,0,1,4,-6,0
before_raw_cswitch_A,0,1,5,6,0
before_raw_cswitch_A,0,1,6,4,0
before_raw_cswitch_A,0,1,7,-2,0
before_raw_cswitch_A,0,1,8,6,0
before_raw_cswitch_A,0,1,9,0,0
before_raw_cswitch_A,0,1,10,0,0
before_raw_cswitch_A,0,1,11,11,0
before_raw_cswitch_A,0,1,12,3,0
before_raw_cswitch_A,0,1,13,-14,0
before_raw_cswitch_A,0,1,14,5,0
before_raw_cswitch_A,0,1,15,3,0
before_raw_cswitch_A,0,1,16,7,0
before_raw_cswitch_A,0,1,17,0,0
before_raw_cswitch_A,0,1,18,0,0
before_raw_cswitch_A,0,1,19,4,0
before_raw_cswitch_A,0,1,20,-19,0
before_raw_cswitch_A,0,1,21,0,0
before_raw_cswitch_A,0,1,22,1,0
before_raw_cswitch_A,0,1,23,11,0
before_raw_cswitch_A,0,1,24,2,0
before_raw_cswitch_A,0,1,25,-3,0
before_raw_cswitch_A,0,1,26,6,0
before_raw_cswitch_A,0,1,27,-5,0
before_raw_cswitch_A,0,1,28,-16,0
before_raw_cswitch_A,0,1,29,-1,0
before_raw_cswitch_A,0,1,30,5,0
before_raw_cswitch_A,0,1,31,5,0
before_raw_cswitch_A,0,2,0,-9,0
before_raw_cswitch_A,0,2,1,-8,0
before_raw_cswitch_A,0,2,2,6,0
before_raw_cswitch_A,0,2,3,-14,0
before_raw_cswitch_A,0,2,4,6,0
before_raw_cswitch_A,0,2,5,-9,0
before_raw_cswitch_A,0,2,6,-2,0
before_raw_cswitch_A,0,2,7,-17,0
before_raw_cswitch_A,0,2,8,-4,0
before_raw_cswitch_A,0,2,9,-4,0
before_raw_cswitch_A,0,2,10,1,0
before_raw_cswitch_A,0,2,11,-1,0
before_raw_cswitch_A,0,2,12,4,0
before_raw_cswitch_A,0,2,13,1,0
before_raw_cswitch_A,0,2,14,7,0
before_raw_cswitch_A,0,2,15,-1,0
before_raw_cswitch_A,0,2,16,4,0
before_raw_cswitch_A,0,2,17,-11,0
before_raw_cswitch_A,0,2,18,0,0
before_raw_cswitch_A,0,2,19,-6,0
before_raw_cswitch_A,0,2,20,-1,0
before_raw_cswitch_A,0,2,21,-6,0
before_raw_cswitch_A,0,2,22,10,0
before_raw_cswitch_A,0,2,23,-3,0
before_raw_cswitch_A,0,2,24,0,0
before_raw_cswitch_A,0,2,25,5,0
before_raw_cswitch_A,0,2,26,5,0
before_raw_cswitch_A,0,2,27,-9,0
before_raw_cswitch_A,0,2,28,8,0
before_raw_cswitch_A,0,2,29,-4,0
before_raw_cswitch_A,0,2,30,-1,0
before_raw_cswitch_A,0,2,31,-23,0
before_raw_cswitch_A,0,3,0,3,0
before_raw_cswitch_A,0,3,1,-9,0
before_raw_cswitch_A,0,3,2,-5,0
before_raw_cswitch_A,0,3,3,-6,0
before_raw_cswitch_A,0,3,4,-1,0
before_raw_cswitch_A,0,3,5,3,0
before_raw_cswitch_A,0,3,6,6,0
before_raw_cswitch_A,0,3,7,-3,0
before_raw_cswitch_A,0,3,8,-5,0
before_raw_cswitch_A,0,3,9,-6,0
before_raw_cswitch_A,0,3,10,3,0
before_raw_cswitch_A,0,3,11,6,0
before_raw_cswitch_A,0,3,12,-1,0
before_raw_cswitch_A,0,3,13,2,0
before_raw_cswitch_A,0,3,14,1,0
before_raw_cswitch_A,0,3,15,-8,0
before_raw_cswitch_A,0,3,16,-10,0
before_raw_cswitch_A,0,3,17,12,0
before_raw_cswitch_A,0,3,18,-8,0
before_raw_cswitch_A,0,3,19,-7,0
before_raw_cswitch_A,0,3,20,3,0
before_raw_cswitch_A,0,3,21,-8,0
before_raw_cswitch_A,0,3,22,6,0
before_raw_cswitch_A,0,3,23,1,0
before_raw_cswitch_A,0,3,24,1,0
before_raw_cswitch_A,0,3,25,5,0
before_raw_cswitch_A,0,3,26,-2,0
before_raw_cswitch_A,0,3,27,12,0
before_raw_cswitch_A,0,3,28,-4,0
before_raw_cswitch_A,0,3,29,3,0
before_raw_cswitch_A,0,3,30,6,0
before_raw_cswitch_A,0,3,31,-6,0
before_raw_cswitch_A,0,4,0,-11,0
before_raw_cswitch_A,0,4,1,0,0
before_raw_cswitch_A,0,4,2,-7,0
before_raw_cswitch_A,0,4,3,-10,0
before_raw_cswitch_A,0,4,4,0,0
before_raw_cswitch_A,0,4,5,-12,0
before_raw_cswitch_A,0,4,6,2,0
before_raw_cswitch_A,0,4,7,-14,0
before_raw_cswitch_A,0,4,8,-8,0
before_raw_cswitch_A,0,4,9,6,0
before_raw_cswitch_A,0,4,10,-6,0
before_raw_cswitch_A,0,4,11,1,0
before_raw_cswitch_A,0,4,12,3,0
before_raw_cswitch_A,0,4,13,4,0
before_raw_cswitch_A,0,4,14,-8,0
before_raw_cswitch_A,0,4,15,-5,0
before_raw_cswitch_A,0,4,16,3,0
before_raw_cswitch_A,0,4,17,2,0
before_raw_cswitch_A,0,4,18,4,0
before_raw_cswitch_A,0,4,19,-18,0
before_raw_cswitch_A,0,4,20,9,0
before_raw_cswitch_A,0,4,21,-31,0
before_raw_cswitch_A,0,4,22,4,0
before_raw_cswitch_A,0,4,23,5,0
before_raw_cswitch_A,0,4,24,3,0
before_raw_cswitch_A,0,4,25,18,0
before_raw_cswitch_A,0,4,26,6,0
before_raw_cswitch_A,0,4,27,6,0
before_raw_cswitch_A,0,4,28,0,0
before_raw_cswitch_A,0,4,29,-3,0
before_raw_cswitch_A,0,4,30,0,0
before_raw_cswitch_A,0,4,31,-26,0
before_raw_cswitch_A,0,5,0,-1,0
before_raw_cswitch_A,0,5,1,4,0
before_raw_cswitch_A,0,5,2,-5,0
before_raw_cswitch_A,0,5,3,-1,0
before_raw_cswitch_A,0,5,4,-11,0
before_raw_cswitch_A,0,5,5,0,0
before_raw_cswitch_A,0,5,6,-7,0
before_raw_cswitch_A,0,5,7,3,0
before_raw_cswitch_A,0,5,8,-7,0
before_raw_cswitch_A,0,5,9,-3,0
before_raw_cswitch_A,0,5,10,5,0
before_raw_cswitch_A,0,5,11,-8,0
before_raw_cswitch_A,0,5,12,0,0
before_raw_cswitch_A,0,5,13,4,0
before_raw_cswitch_A,0,5,14,-3,0
before_raw_cswitch_A,0,5,15,6,0
before_raw_cswitch_A,0,5,16,-1,0
before_raw_cswitch_A,0,5,17,0,0
before_raw_cswitch_A,0,5,18,1,0
before_raw_cswitch_A,0,5,19,3,0
before_raw_cswitch_A,0,5,20,1,0
before_raw_cswitch_A,0,5,21,-6,0
before_raw_cswitch_A,0,5,22,-14,0
before_raw_cswitch_A,0,5,23,-3,0
before_raw_cswitch_A,0,5,24,13,0
before_raw_cswitch_A,0,5,25,0,0
before_raw_cswitch_A,0,5,26,0,0
before_raw_cswitch_A,0,5,27,-1,0
before_raw_cswitch_A,0,5,28,-9,0
before_raw_cswitch_A,0,5,29,-2,0
before_raw_cswitch_A,0,5,30,-6,0
before_raw_cswitch_A,0,5,31,8,0
before_raw_cswitch_A,0,6,0,2,0
before_raw_cswitch_A,0,6,1,-22,0
before_raw_cswitch_A,0,6,2,5,0
before_raw_cswitch_A,0,6,3,9,0
before_raw_cswitch_A,0,6,4,10,0
before_raw_cswitch_A,0,6,5,8,0
before_raw_cswitch_A,0,6,6,-1,0
before_raw_cswitch_A,0,6,7,-18,0
before_raw_cswitch_A,0,6,8,7,0
before_raw_cswitch_A,0,6,9,-14,0
before_raw_cswitch_A,0,6,10,3,0
before_raw_cswitch_A,0,6,11,-19,0
before_raw_cswitch_A,0,6,12,-8,0
before_raw_cswitch_A,0,6,13,15,0
before_raw_cswitch_A,0,6,14,-15,0
before_raw_cswitch_A,0,6,15,-9,0
before_raw_cswitch_A,0,6,16,-7,0
before_raw_cswitch_A,0,6,17,-4,0
before_raw_cswitch_A,0,6,18,-20,0
before_raw_cswitch_A,0,6,19,-6,0
before_raw_cswitch_A,0,6,20,-2,0
before_raw_cswitch_A,0,6,21,-16,0
before_raw_cswitch_A,0,6,22,4,0
before_raw_cswitch_A,0,6,23,-3,0
before_raw_cswitch_A,0,6,24,-8,0
before_raw_cswitch_A,0,6,25,0,0
before_raw_cswitch_A,0,6,26,6,0
before_raw_cswitch_A,0,6,27,-5,0
before_raw_cswitch_A,0,6,28,-9,0
before_raw_cswitch_A,0,6,29,0,0
before_raw_cswitch_A,0,6,30,-13,0
before_raw_cswitch_A,0,6,31,3,0
before_raw_cswitch_A,0,7,0,13,0
before_raw_cswitch_A,0,7,1,5,0
before_raw_cswitch_A,0,7,2,6,0
before_raw_cswitch_A,0,7,3,-5,0
before_raw_cswitch_A,0,7,4,-1,0
before_raw_cswitch_A,0,7,5,-12,0
before_raw_cswitch_A,0,7,6,-6,0
before_raw_cswitch_A,0,7,7,-6,0
before_raw_cswitch_A,0,7,8,7,0
before_raw_cswitch_A,0,7,9,0,0
before_raw_cswitch_A,0,7,10,3,0
before_raw_cswitch_A,0,7,11,1,0
before_raw_cswitch_A,0,7,12,0,0
before_raw_cswitch_A,0,7,13,0,0
before_raw_cswitch_A,0,7,14,-15,0
before_raw_cswitch_A,0,7,15,-12,0
before_raw_cswitch_A,0,7,16,0,0
before_raw_cswitch_A,0,7,17,-3,0
before_raw_cswitch_A,0,7,18,-2,0
before_raw_cswitch_A,0,7,19,-18,0
before_raw_cswitch_A,0,7,20,3,0
before_raw_cswitch_A,0,7,21,13,0
before_raw_cswitch_A,0,7,22,9,0
before_raw_cswitch_A,0,7,23,-4,0
before_raw_cswitch_A,0,7,24,2,0
before_raw_cswitch_A,0,7,25,7,0
before_raw_cswitch_A,0,7,26,-9,0
before_raw_cswitch_A,0,7,27,-14,0
before_raw_cswitch_A,0,7,28,-5,0
before_raw_cswitch_A,0,7,29,10,0
before_raw_cswitch_A,0,7,30,15,0
before_raw_cswitch_A,0,7,31,0,0
before_raw_cswitch_A,0,8,0,2,0
before_raw_cswitch_A,0,8,1,-23,0
before_raw_cswitch_A,0,8,2,-11,0
before_raw_cswitch_A,0,8,3,-1,0
before_raw_cswitch_A,0,8,4,0,0
before_raw_cswitch_A,0,8,5,-2,0
before_raw_cswitch_A,0,8,6,-16,0
before_raw_cswitch_A,0,8,7,1,0
before_raw_cswitch_A,0,8,8,0,0
before_raw_cswitch_A,0,8,9,6,0
before_raw_cswitch_A,0,8,10,2,0
before_raw_cswitch_A,0,8,11,-5,0
before_raw_cswitch_A,0,8,12,-9,0
before_raw_cswitch_A,0,8,13,7,0
before_raw_cswitch_A,0,8,14,-5,0
before_raw_cswitch_A,0,8,15,13,0
before_raw_cswitch_A,0,8,16,-12,0
before_raw_cswitch_A,0,8,17,-7,0
before_raw_cswitch_A,0,8,18,-4,0
before_raw_cswitch_A,0,8,19,9,0
before_raw_cswitch_A,0,8,20,-15,0
before_raw_cswitch_A,0,8,21,22,0
before_raw_cswitch_A,0,8,22,2,0
before_raw_cswitch_A,0,8,23,-4,0
before_raw_cswitch_A,0,8,24,12,0
before_raw_cswitch_A,0,8,25,4,0
before_raw_cswitch_A,0,8,26,1,0
before_raw_cswitch_A,0,8,27,2,0
before_raw_cswitch_A,0,8,28,1,0
before_raw_cswitch_A,0,8,29,0,0
before_raw_cswitch_A,0,8,30,7,0
before_raw_cswitch_A,0,8,31,17,0
before_raw_cswitch_A,0,9,0,0,0
before_raw_cswitch_A,0,9,1,2,0
before_raw_cswitch_A,0,9,2,8,0
before_raw_cswitch_A,0,9,3,18,0
before_raw_cswitch_A,0,9,4,0,0
before_raw_cswitch_A,0,9,5,7,0
before_raw_cswitch_A,0,9,6,8,0
before_raw_cswitch_A,0,9,7,6,0
before_raw_cswitch_A,0,9,8,3,0
before_raw_cswitch_A,0,9,9,4,0
before_raw_cswitch_A,0,9,10,6,0
before_raw_cswitch_A,0,9,11,8,0
before_raw_cswitch_A,0,9,12,9,0
before_raw_cswitch_A,0,9,13,-6,0
before_raw_cswitch_A,0,9,14,11,0
before_raw_cswitch_A,0,9,15,-5,0
before_raw_cswitch_A,0,9,16,3,0
before_raw_cswitch_A,0,9,17,5,0
before_raw_cswitch_A,0,9,18,8,0
before_raw_cswitch_A,0,9,19,2,0
before_raw_cswitch_A,0,9,20,-5,0
before_raw_cswitch_A,0,9,21,-2,0
before_raw_cswitch_A,0,9,22,-4,0
before_raw_cswitch_A,0,9,23,9,0
before_raw_cswitch_A,0,9,24,-4,0
before_raw_cswitch_A,0,9,25,-2,0
before_raw_cswitch_A,0,9,26,1,0
before_raw_cswitch_A,0,9,27,2,0
before_raw_cswitch_A,0,9,28,6,0
before_raw_cswitch_A,0,9,29,0,0
before_raw_cswitch_A,0,9,30,9,0
before_raw_cswitch_A,0,9,31,7,0
before_raw_cswitch_A,0,10,0,-10,0
before_raw_cswitch_A,0,10,1,7,0
before_raw_cswitch_A,0,10,2,-19,0
before_raw_cswitch_A,0,10,3,14,0
before_raw_cswitch_A,0,10,4,-2,0
before_raw_cswitch_A,0,10,5,-10,0
before_raw_cswitch_A,0,10,6,-5,0
before_raw_cswitch_A,0,10,7,-7,0
before_raw_cswitch_A,0,10,8,-1,0
before_raw_cswitch_A,0,10,9,7,0
before_raw_cswitch_A,0,10,10,-9,0
before_raw_cswitch_A,0,10,11,-13,0
before_raw_cswitch_A,0,10,12,-9,0
before_raw_cswitch_A,0,10,13,-1,0
before_raw_cswitch_A,0,10,14,-1,0
before_raw_cswitch_A,0,10,15,15,0
before_raw_cswitch_A,0,10,16,8,0
before_raw_cswitch_A,0,10,17,-9,0
before_raw_cswitch_A,0,10,18,-7,0
before_raw_cswitch_A,0,10,19,-1,0
before_raw_cswitch_A,0,10,20,8,0
before_raw_cswitch_A,0,10,21,-5,0
before_raw_cswitch_A,0,10,22,-7,0
before_raw_cswitch_A,0,10,23,-2,0
before_raw_cswitch_A,0,10,24,9,0
before_raw_cswitch_A,0,10,25,7,0
before_raw_cswitch_A,0,10,26,-5,0
before_raw_cswitch_A,0,10,27,-10,0
before_raw_cswitch_A,0,10,28,8,0
before_raw_cswitch_A,0,10,29,5,0
before_raw_cswitch_A,0,10,30,-5,0
before_raw_cswitch_A,0,10,31,-15,0
before_raw_cswitch_A,0,11,0,-9,0
before_raw_cswitch_A,0,11,1,7,0
before_raw_cswitch_A,0,11,2,0,0
before_raw_cswitch_A,0,11,3,1,0
before_raw_cswitch_A,0,11,4,3,0
before_raw_cswitch_A,0,11,5,11,0
before_raw_cswitch_A,0,11,6,15,0
before_raw_cswitch_A,0,11,7,0,0
before_raw_cswitch_A,0,11,8,2,0
before_raw_cswitch_A,0,11,9,-2,0
before_raw_cswitch_A,0,11,10,2,0
before_raw_cswitch_A,0,11,11,16,0
before_raw_cswitch_A,0,11,12,-1,0
before_raw_cswitch_A,0,11,13,-2,0
before_raw_cswitch_A,0,11,14,8,0
before_raw_cswitch_A,0,11,15,3,0
before_raw_cswitch_A,0,11,16,-2,0
before_raw_cswitch_A,0,11,17,0,0
before_raw_cswitch_A,0,11,18,11,0
before_raw_cswitch_A,0,11,19,7,0
before_raw_cswitch_A,0,11,20,-10,0
before_raw_cswitch_A,0,11,21,-14,0
before_raw_cswitch_A,0,11,22,5,0
before_raw_cswitch_A,0,11,23,16,0
before_raw_cswitch_A,0,11,24,-1,0
before_raw_cswitch_A,0,11,25,-13,0
before_raw_cswitch_A,0,11,26,-5,0
before_raw_cswitch_A,0,11,27,11,0
before_raw_cswitch_A,0,11,28,-1,0
before_raw_cswitch_A,0,11,29,7,0
before_raw_cswitch_A,0,11,30,11,0
before_raw_cswitch_A,0,11,31,-1,0
before_raw_cswitch_A,0,12,0,3,0
before_raw_cswitch_A,0,12,1,-4,0
before_raw_cswitch_A,0,12,2,9,0
before_raw_cswitch_A,0,12,3,6,0
before_raw_cswitch_A,0,12,4,2,0
before_raw_cswitch_A,0,12,5,3,0
before_raw_cswitch_A,0,12,6,-2,0
before_raw_cswitch_A,0,12,7,-3,0
before_raw_cswitch_A,0,12,8,6,0
before_raw_cswitch_A,0,12,9,-1,0
before_raw_cswitch_A,0,12,10,0,0
before_raw_cswitch_A,0,12,11,-3,0
before_raw_cswitch_A,0,12,12,1,0
before_raw_cswitch_A,0,12,13,-10,0
before_raw_cswitch_A,0,12,14,6,0
before_raw_cswitch_A,0,12,15,-12,0
before_raw_cswitch_A,0,12,16,-3,0
before_raw_cswitch_A,0,12,17,-15,0
before_raw_cswitch_A,0,12,18,-9,0
before_raw_cswitch_A,0,12,19,0,0
before_raw_cswitch_A,0,12,20,-4,0
before_raw_cswitch_A,0,12,21,14,0
before_raw_cswitch_A,0,12,22,8,0
before_raw_cswitch_A,0,12,23,-4,0
before_raw_cswitch_A,0,12,24,-5,0
before_raw_cswitch_A,0,12,25,-15,0
before_raw_cswitch_A,0,12,26,-4,0
before_raw_cswitch_A,0,12,27,-2,0
before_raw_cswitch_A,0,12,28,-9,0
before_raw_cswitch_A,0,12,29,0,0
before_raw_cswitch_A,0,12,30,8,0
before_raw_cswitch_A,0,12,31,-3,0
before_raw_cswitch_A,0,13,0,9,0
before_raw_cswitch_A,0,13,1,11,0
before_raw_cswitch_A,0,13,2,1,0
before_raw_cswitch_A,0,13,3,5,0
before_raw_cswitch_A,0,13,4,-1,0
before_raw_cswitch_A,0,13,5,5,0
before_raw_cswitch_A,0,13,6,13,0
before_raw_cswitch_A,0,13,7,15,0
before_raw_cswitch_A,0,13,8,9,0
before_raw_cswitch_A,0,13,9,-4,0
before_raw_cswitch_A,0,13,10,6,0
before_raw_cswitch_A,0,13,11,17,0
before_raw_cswitch_A,0,13,12,0,0
before_raw_cswitch_A,0,13,13,9,0
before_raw_cswitch_A,0,13,14,-2,0
before_raw_cswitch_A,0,13,15,10,0
before_raw_cswitch_A,0,13,16,10,0
before_raw_cswitch_A,0,13,17,9,0
before_raw_cswitch_A,0,13,18,18,0
before_raw_cswitch_A,0,13,19,12,0
before_raw_cswitch_A,0,13,20,5,0
before_raw_cswitch_A,0,13,21,24,0
before_raw_cswitch_A,0,13,22,1,0
before_raw_cswitch_A,0,13,23,-1,0
before_raw_cswitch_A,0,13,24,14,0
before_raw_cswitch_A,0,13,25,0,0
before_raw_cswitch_A,0,13,26,1,0
before_raw_cswitch_A,0,13,27,0,0
before_raw_cswitch_A,0,13,28,8,0
before_raw_cswitch_A,0,13,29,17,0
before_raw_cswitch_A,0,13,30,4,0
before_raw_cswitch_A,0,13,31,2,0
before_raw_cswitch_A,0,14,0,-9,0
before_raw_cswitch_A,0,14,1,12,0
before_raw_cswitch_A,0,14,2,6,0
before_raw_cswitch_A,0,14,3,2,0
before_raw_cswitch_A,0,14,4,-3,0
before_raw_cswitch_A,0,14,5,-5,0
before_raw_cswitch_A,0,14,6,9,0
before_raw_cswitch_A,0,14,7,-4,0
before_raw_cswitch_A,0,14,8,-7,0
before_raw_cswitch_A,0,14,9,-13,0
before_raw_cswitch_A,0,14,10,-1,0
before_raw_cswitch_A,0,14,11,6,0
before_raw_cswitch_A,0,14,12,7,0
before_raw_cswitch_A,0,14,13,-4,0
before_raw_cswitch_A,0,14,14,3,0
before_raw_cswitch_A,0,14,15,2,0
before_raw_cswitch_A,0,14,16,0,0
before_raw_cswitch_A,0,14,17,0,0
before_raw_cswitch_A,0,14,18,-3,0
before_raw_cswitch_A,0,14,19,1,0
before_raw_cswitch_A,0,14,20,0,0
before_raw_cswitch_A,0,14,21,-4,0
before_raw_cswitch_A,0,14,22,-18,0
before_raw_cswitch_A,0,14,23,10,0
before_raw_cswitch_A,0,14,24,3,0
before_raw_cswitch_A,0,14,25,-9,0
before_raw_cswitch_A,0,14,26,-4,0
before_raw_cswitch_A,0,14,27,1,0
before_raw_cswitch_A,0,14,28,1,0
before_raw_cswitch_A,0,14,29,0,0
before_raw_cswitch_A,0,14,30,-2,0
before_raw_cswitch_A,0,14,31,9,0
before_raw_cswitch_A,0,15,0,4,0
before_raw_cswitch_A,0,15,1,18,0
before_raw_cswitch_A,0,15,2,-1,0
before_raw_cswitch_A,0,15,3,-2,0
before_raw_cswitch_A,0,15,4,-8,0
before_raw_cswitch_A,0,15,5,-5,0
before_raw_cswitch_A,0,15,6,12,0
before_raw_cswitch_A,0,15,7,-9,0
before_raw_cswitch_A,0,15,8,14,0
before_raw_cswitch_A,0,15,9,-3,0
before_raw_cswitch_A,0,15,10,-13,0
before_raw_cswitch_A,0,15,11,-2,0
before_raw_cswitch_A,0,15,12,-14,0
before_raw_cswitch_A,0,15,13,9,0
before_raw_cswitch_A,0,15,14,-2,0
before_raw_cswitch_A,0,15,15,-7,0
before_raw_cswitch_A,0,15,16,-6,0
before_raw_cswitch_A,0,15,17,8,0
before_raw_cswitch_A,0,15,18,-5,0
before_raw_cswitch_A,0,15,19,-4,0
before_raw_cswitch_A,0,15,20,1,0
before_raw_cswitch_A,0,15,21,-8,0
before_raw_cswitch_A,0,15,22,-7,0
before_raw_cswitch_A,0,15,23,-3,0
before_raw_cswitch_A,0,15,24,-10,0
before_raw_cswitch_A,0,15,25,-20,0
before_raw_cswitch_A,0,15,26,5,0
before_raw_cswitch_A,0,15,27,0,0
before_raw_cswitch_A,0,15,28,-10,0
before_raw_cswitch_A,0,15,29,1,0
before_raw_cswitch_A,0,15,30,5,0
before_raw_cswitch_A,0,15,31,-11,0
before_raw_cswitch_B,0,16,0,-13,0
before_raw_cswitch_B,0,16,1,0,0
before_raw_cswitch_B,0,16,2,9,0
before_raw_cswitch_B,0,16,3,13,0
before_raw_cswitch_B,0,16,4,4,0
before_raw_cswitch_B,0,16,5,10,0
before_raw_cswitch_B,0,16,6,19,0
before_raw_cswitch_B,0,16,7,0,0
before_raw_cswitch_B,0,16,8,-2,0
before_raw_cswitch_B,0,16,9,4,0
before_raw_cswitch_B,0,16,10,6,0
before_raw_cswitch_B,0,16,11,2,0
before_raw_cswitch_B,0,16,12,-5,0
before_raw_cswitch_B,0,16,13,-29,0
before_raw_cswitch_B,0,16,14,-8,0
before_raw_cswitch_B,0,16,15,-2,0
before_raw_cswitch_B,0,16,16,-12,0
before_raw_cswitch_B,0,16,17,-9,0
before_raw_cswitch_B,0,16,18,0,0
before_raw_cswitch_B,0,16,19,4,0
before_raw_cswitch_B,0,16,20,1,0
before_raw_cswitch_B,0,16,21,2,0
before_raw_cswitch_B,0,16,22,0,0
before_raw_cswitch_B,0,16,23,-2,0
before_raw_cswitch_B,0,16,24,-3,0
before_raw_cswitch_B,0,16,25,-14,0
before_raw_cswitch_B,0,16,26,-1,0
before_raw_cswitch_B,0,16,27,-11,0
before_raw_cswitch_B,0,16,28,10,0
before_raw_cswitch_B,0,16,29,17,0
before_raw_cswitch_B,0,16,30,-7,0
before_raw_cswitch_B,0,16,31,-12,0
before_raw_cswitch_B,0,17,0,1,0
before_raw_cswitch_B,0,17,1,13,0
before_raw_cswitch_B,0,17,2,1,0
before_raw_cswitch_B,0,17,3,-23,0
before_raw_cswitch_B,0,17,4,0,0
before_raw_cswitch_B,0,17,5,6,0
before_raw_cswitch_B,0,17,6,-2,0
before_raw_cswitch_B,0,17,7,-2,0
before_raw_cswitch_B,0,17,8,-9,0
before_raw_cswitch_B,0,17,9,-7,0
before_raw_cswitch_B,0,17,10,-10,0
before_raw_cswitch_B,0,17,11,-21,0
before_raw_cswitch_B,0,17,12,-10,0
before_raw_cswitch_B,0,17,13,-3,0
before_raw_cswitch_B,0,17,14,-5,0
before_raw_cswitch_B,0,17,15,4,0
before_raw_cswitch_B,0,17,16,-5,0
before_raw_cswitch_B,0,17,17,-5,0
before_raw_cswitch_B,0,17,18,3,0
before_raw_cswitch_B,0,17,19,-7,0
before_raw_cswitch_B,0,17,20,-14,0
before_raw_cswitch_B,0,17,21,-2,0
before_raw_cswitch_B,0,17,22,6,0
before_raw_cswitch_B,0,17,23,3,0
before_raw_cswitch_B,0,17,24,2,0
before_raw_cswitch_B,0,17,25,-9,0
before_raw_cswitch_B,0,17,26,17,0
before_raw_cswitch_B,0,17,27,5,0
before_raw_cswitch_B,0,17,28,-6,0
before_raw_cswitch_B,0,17,29,-2,0
before_raw_cswitch_B,0,17,30,-7,0
before_raw_cswitch_B,0,17,31,-8,0
before_raw_cswitch_B,0,18,0,-10,0
before_raw_cswitch_B,0,18,1,-5,0
before_raw_cswitch_B,0,18,2,7,0
before_raw_cswitch_B,0,18,3,-5,0
before_raw_cswitch_B,0,18,4,4,0
before_raw_cswitch_B,0,18,5,7,0
before_raw_cswitch_B,0,18,6,10,0
before_raw_cswitch_B,0,18,7,-14,0
before_raw_cswitch_B,0,18,8,1,0
before_raw_cswitch_B,0,18,9,0,0
before_raw_cswitch_B,0,18,10,-7,0
before_raw_cswitch_B,0,18,11,-8,0
before_raw_cswitch_B,0,18,12,-6,0
before_raw_cswitch_B,0,18,13,-6,0
before_raw_cswitch_B,0,18,14,-4,0
before_raw_cswitch_B,0,18,15,-4,0
before_raw_cswitch_B,0,18,16,-7,0
before_raw_cswitch_B,0,18,17,-2,0
before_raw_cswitch_B,0,18,18,0,0
before_raw_cswitch_B,0,18,19,6,0
before_raw_cswitch_B,0,18,20,6,0
before_raw_cswitch_B,0,18,21,-4,0
before_raw_cswitch_B,0,18,22,-2,0
before_raw_cswitch_B,0,18,23,-5,0
before_raw_cswitch_B,0,18,24,4,0
before_raw_cswitch_B,0,18,25,-3,0
before_raw_cswitch_B,0,18,26,-10,0
before_raw_cswitch_B,0,18,27,-5,0
before_raw_cswitch_B,0,18,28,-7,0
before_raw_cswitch_B,0,18,29,-1,0
before_raw_cswitch_B,0,18,30,-3,0
before_raw_cswitch_B,0,18,31,-6,0
before_raw_cswitch_B,0,19,0,-12,0
before_raw_cswitch_B,0,19,1,-10,0
before_raw_cswitch_B,0,19,2,-13,0
before_raw_cswitch_B,0,19,3,-16,0
before_raw_cswitch_B,0,19,4,7,0
before_raw_cswitch_B,0,19,5,-20,0
before_raw_cswitch_B,0,19,6,13,0
before_raw_cswitch_B,0,19,7,7,0
before_raw_cswitch_B,0,19,8,-2,0
before_raw_cswitch_B,0,19,9,2,0
before_raw_cswitch_B,0,19,10,11,0
before_raw_cswitch_B,0,19,11,4,0
before_raw_cswitch_B,0,19,12,-6,0
before_raw_cswitch_B,0,19,13,-6,0
before_raw_cswitch_B,0,19,14,-12,0
before_raw_cswitch_B,0,19,15,-4,0
before_raw_cswitch_B,0,19,16,-12,0
before_raw_cswitch_B,0,19,17,20,0
before_raw_cswitch_B,0,19,18,6,0
before_raw_cswitch_B,0,19,19,9,0
before_raw_cswitch_B,0,19,20,-19,0
before_raw_cswitch_B,0,19,21,-7,0
before_raw_cswitch_B,0,19,22,0,0
before_raw_cswitch_B,0,19,23,0,0
before_raw_cswitch_B,0,19,24,-13,0
before_raw_cswitch_B,0,19,25,-4,0
before_raw_cswitch_B,0,19,26,1,0
before_raw_cswitch_B,0,19,27,1,0
before_raw_cswitch_B,0,19,28,15,0
before_raw_cswitch_B,0,19,29,-3,0
before_raw_cswitch_B,0,19,30,-8,0
before_raw_cswitch_B,0,19,31,-19,0
before_raw_cswitch_B,0,20,0,-10,0
before_raw_cswitch_B,0,20,1,-3,0
before_raw_cswitch_B,0,20,2,-6,0
before_raw_cswitch_B,0,20,3,0,0
before_raw_cswitch_B,0,20,4,-10,0
before_raw_cswitch_B,0,20,5,0,0
before_raw_cswitch_B,0,20,6,-6,0
before_raw_cswitch_B,0,20,7,-2,0
before_raw_cswitch_B,0,20,8,-3,0
before_raw_cswitch_B,0,20,9,-7,0
before_raw_cswitch_B,0,20,10,10,0
before_raw_cswitch_B,0,20,11,2,0
before_raw_cswitch_B,0,20,12,-5,0
before_raw_cswitch_B,0,20,13,12,0
before_raw_cswitch_B,0,20,14,2,0
before_raw_cswitch_B,0,20,15,1,0
before_raw_cswitch_B,0,20,16,-1,0
before_raw_cswitch_B,0,20,17,2,0
before_raw_cswitch_B,0,20,18,-11,0
before_raw_cswitch_B,0,20,19,4,0
before_raw_cswitch_B,0,20,20,-11,0
before_raw_cswitch_B,0,20,21,-3,0
before_raw_cswitch_B,0,20,22,-1,0
before_raw_cswitch_B,0,20,23,5,0
before_raw_cswitch_B,0,20,24,-2,0
before_raw_cswitch_B,0,20,25,-10,0
before_raw_cswitch_B,0,20,26,-1,0
before_raw_cswitch_B,0,20,27,0,0
before_raw_cswitch_B,0,20,28,1,0
before_raw_cswitch_B,0,20,29,0,0
before_raw_cswitch_B,0,20,30,6,0
before_raw_cswitch_B,0,20,31,-3,0
before_raw_cswitch_B,0,21,0,5,0
before_raw_cswitch_B,0,21,1,2,0
before_raw_cswitch_B,0,21,2,-1,0
before_raw_cswitch_B,0,21,3,-3,0
before_raw_cswitch_B,0,21,4,-6,0
before_raw_cswitch_B,0,21,5,-1,0
before_raw_cswitch_B,0,21,6,0,0
before_raw_cswitch_B,0,21,7,2,0
before_raw_cswitch_B,0,21,8,-1,0
before_raw_cswitch_B,0,21,9,5,0
before_raw_cswitch_B,0,21,10,-9,0
before_raw_cswitch_B,0,21,11,-2,0
before_raw_cswitch_B,0,21,12,7,0
before_raw_cswitch_B,0,21,13,0,0
before_raw_cswitch_B,0,21,14,19,0
before_raw_cswitch_B,0,21,15,6,0
before_raw_cswitch_B,0,21,16,1,0
before_raw_cswitch_B,0,21,17,-7,0
before_raw_cswitch_B,0,21,18,4,0
before_raw_cswitch_B,0,21,19,7,0
before_raw_cswitch_B,0,21,20,-3,0
before_raw_cswitch_B,0,21,21,-6,0
before_raw_cswitch_B,0,21,22,-12,0
before_raw_cswitch_B,0,21,23,0,0
before_raw_cswitch_B,0,21,24,-4,0
before_raw_cswitch_B,0,21,25,-6,0
before_raw_cswitch_B,0,21,26,6,0
before_raw_cswitch_B,0,21,27,5,0
before_raw_cswitch_B,0,21,28,0,0
before_raw_cswitch_B,0,21,29,-1,0
before_raw_cswitch_B,0,21,30,0,0
before_raw_cswitch_B,0,21,31,0,0
before_raw_cswitch_B,0,22,0,-1,0
before_raw_cswitch_B,0,22,1,3,0
before_raw_cswitch_B,0,22,2,0,0
before_raw_cswitch_B,0,22,3,4,0
before_raw_cswitch_B,0,22,4,-1,0
before_raw_cswitch_B,0,22,5,-2,0
before_raw_cswitch_B,0,22,6,-12,0
before_raw_cswitch_B,0,22,7,6,0
before_raw_cswitch_B,0,22,8,-11,0
before_raw_cswitch_B,0,22,9,2,0
before_raw_cswitch_B,0,22,10,5,0
before_raw_cswitch_B,0,22,11,-7,0
before_raw_cswitch_B,0,22,12,2,0
before_raw_cswitch_B,0,22,13,-5,0
before_raw_cswitch_B,0,22,14,10,0
before_raw_cswitch_B,0,22,15,-2,0
before_raw_cswitch_B,0,22,16,6,0
before_raw_cswitch_B,0,22,17,-18,0
before_raw_cswitch_B,0,22,18,-6,0
before_raw_cswitch_B,0,22,19,9,0
before_raw_cswitch_B,0,22,20,11,0
before_raw_cswitch_B,0,22,21,4,0
before_raw_cswitch_B,0,22,22,-9,0
before_raw_cswitch_B,0,22,23,-12,0
before_raw_cswitch_B,0,22,24,3,0
before_raw_cswitch_B,0,22,25,9,0
before_raw_cswitch_B,0,22,26,5,0
before_raw_cswitch_B,0,22,27,-1,0
before_raw_cswitch_B,0,22,28,0,0
before_raw_cswitch_B,0,22,29,13,0
before_raw_cswitch_B,0,22,30,-9,0
before_raw_cswitch_B,0,22,31,1,0
before_raw_cswitch_B,0,23,0,-4,0
before_raw_cswitch_B,0,23,1,6,0
before_raw_cswitch_B,0,23,2,8,0
before_raw_cswitch_B,0,23,3,9,0
before_raw_cswitch_B,0,23,4,1,0
before_raw_cswitch_B,0,23,5,-1,0
before_raw_cswitch_B,0,23,6,4,0
before_raw_cswitch_B,0,23,7,1,0
before_raw_cswitch_B,0,23,8,3,0
before_raw_cswitch_B,0,23,9,10,0
before_raw_cswitch_B,0,23,10,-2,0
before_raw_cswitch_B,0,23,11,5,0
before_raw_cswitch_B,0,23,12,-2,0
before_raw_cswitch_B,0,23,13,7,0
before_raw_cswitch_B,0,23,14,-6,0
before_raw_cswitch_B,0,23,15,0,0
before_raw_cswitch_B,0,23,16,-8,0
before_raw_cswitch_B,0,23,17,-12,0
before_raw_cswitch_B,0,23,18,-5,0
before_raw_cswitch_B,0,23,19,-1,0
before_raw_cswitch_B,0,23,20,0,0
before_raw_cswitch_B,0,23,21,4,0
before_raw_cswitch_B,0,23,22,1,0
before_raw_cswitch_B,0,23,23,-9,0
before_raw_cswitch_B,0,23,24,-4,0
before_raw_cswitch_B,0,23,25,-2,0
before_raw_cswitch_B,0,23,26,0,0
before_raw_cswitch_B,0,23,27,6,0
before_raw_cswitch_B,0,23,28,15,0
before_raw_cswitch_B,0,23,29,3,0
before_raw_cswitch_B,0,23,30,-5,0
before_raw_cswitch_B,0,23,31,-8,0
before_raw_cswitch_B,0,24,0,-1,0
before_raw_cswitch_B,0,24,1,5,0
before_raw_cswitch_B,0,24,2,1,0
before_raw_cswitch_B,0,24,3,1,0
before_raw_cswitch_B,0,24,4,-4,0
before_raw_cswitch_B,0,24,5,-13,0
before_raw_cswitch_B,0,24,6,5,0
before_raw_cswitch_B,0,24,7,8,0
before_raw_cswitch_B,0,24,8,1,0
before_raw_cswitch_B,0,24,9,4,0
before_raw_cswitch_B,0,24,10,3,0
before_raw_cswitch_B,0,24,11,-5,0
before_raw_cswitch_B,0,24,12,4,0
before_raw_cswitch_B,0,24,13,-4,0
before_raw_cswitch_B,0,24,14,-7,0
before_raw_cswitch_B,0,24,15,-2,0
before_raw_cswitch_B,0,24,16,4,0
before_raw_cswitch_B,0,24,17,9,0
before_raw_cswitch_B,0,24,18,-2,0
before_raw_cswitch_B,0,24,19,-9,0
before_raw_cswitch_B,0,24,20,6,0
before_raw_cswitch_B,0,24,21,3,0
before_raw_cswitch_B,0,24,22,-8,0
before_raw_cswitch_B,0,24,23,-2,0
before_raw_cswitch_B,0,24,24,5,0
before_raw_cswitch_B,0,24,25,-10,0
before_raw_cswitch_B,0,24,26,6,0
before_raw_cswitch_B,0,24,27,0,0
before_raw_cswitch_B,0,24,28,-3,0
before_raw_cswitch_B,0,24,29,0,0
before_raw_cswitch_B,0,24,30,-1,0
before_raw_cswitch_B,0,24,31,-9,0
before_raw_cswitch_B,0,25,0,2,0
before_raw_cswitch_B,0,25,1,-3,0
before_raw_cswitch_B,0,25,2,3,0
before_raw_cswitch_B,0,25,3,-10,0
before_raw_cswitch_B,0,25,4,-2,0
before_raw_cswitch_B,0,25,5,13,0
before_raw_cswitch_B,0,25,6,0,0
before_raw_cswitch_B,0,25,7,18,0
before_raw_cswitch_B,0,25,8,6,0
before_raw_cswitch_B,0,25,9,13,0
before_raw_cswitch_B,0,25,10,-5,0
before_raw_cswitch_B,0,25,11,-1,0
before_raw_cswitch_B,0,25,12,4,0
before_raw_cswitch_B,0,25,13,-2,0
before_raw_cswitch_B,0,25,14,9,0
before_raw_cswitch_B,0,25,15,30,0
before_raw_cswitch_B,0,25,16,-2,0
before_raw_cswitch_B,0,25,17,-11,0
before_raw_cswitch_B,0,25,18,17,0
before_raw_cswitch_B,0,25,19,-1,0
before_raw_cswitch_B,0,25,20,-4,0
before_raw_cswitch_B,0,25,21,19,0
before_raw_cswitch_B,0,25,22,16,0
before_raw_cswitch_B,0,25,23,0,0
before_raw_cswitch_B,0,25,24,4,0
before_raw_cswitch_B,0,25,25,1,0
before_raw_cswitch_B,0,25,26,-1,0
before_raw_cswitch_B,0,25,27,19,0
before_raw_cswitch_B,0,25,28,8,0
before_raw_cswitch_B,0,25,29,2,0
before_raw_cswitch_B,0,25,30,16,0
before_raw_cswitch_B,0,25,31,26,0
before_raw_cswitch_B,0,26,0,3,0
before_raw_cswitch_B,0,26,1,0,0
before_raw_cswitch_B,0,26,2,-5,0
before_raw_cswitch_B,0,26,3,-9,0
before_raw_cswitch_B,0,26,4,-1,0
before_raw_cswitch_B,0,26,5,-6,0
before_raw_cswitch_B,0,26,6,-2,0
before_raw_cswitch_B,0,26,7,-2,0
before_raw_cswitch_B,0,26,8,0,0
before_raw_cswitch_B,0,26,9,0,0
before_raw_cswitch_B,0,26,10,7,0
before_raw_cswitch_B,0,26,11,8,0
before_raw_cswitch_B,0,26,12,-8,0
before_raw_cswitch_B,0,26,13,3,0
before_raw_cswitch_B,0,26,14,-1,0
before_raw_cswitch_B,0,26,15,-2,0
before_raw_cswitch_B,0,26,16,7,0
before_raw_cswitch_B,0,26,17,12,0
before_raw_cswitch_B,0,26,18,-1,0
before_raw_cswitch_B,0,26,19,-2,0
before_raw_cswitch_B,0,26,20,-12,0
before_raw_cswitch_B,0,26,21,-1,0
before_raw_cswitch_B,0,26,22,-3,0
before_raw_cswitch_B,0,26,23,3,0
before_raw_cswitch_B,0,26,24,-4,0
before_raw_cswitch_B,0,26,25,-12,0
before_raw_cswitch_B,0,26,26,0,0
before_raw_cswitch_B,0,26,27,-3,0
before_raw_cswitch_B,0,26,28,-5,0
before_raw_cswitch_B,0,26,29,-8,0
before_raw_cswitch_B,0,26,30,-9,0
before_raw_cswitch_B,0,26,31,-3,0
before_raw_cswitch_B,0,27,0,-2,0
before_raw_cswitch_B,0,27,1,4,0
before_raw_cswitch_B,0,27,2,-3,0
before_raw_cswitch_B,0,27,3,1,0
before_raw_cswitch_B,0,27,4,3,0
before_raw_cswitch_B,0,27,5,5,0
before_raw_cswitch_B,0,27,6,-5,0
before_raw_cswitch_B,0,27,7,-3,0
before_raw_cswitch_B,0,27,8,0,0
before_raw_cswitch_B,0,27,9,-2,0
before_raw_cswitch_B,0,27,10,2,0
before_raw_cswitch_B,0,27,11,0,0
before_raw_cswitch_B,0,27,12,2,0
before_raw_cswitch_B,0,27,13,-6,0
before_raw_cswitch_B,0,27,14,7,0
before_raw_cswitch_B,0,27,15,-5,0
before_raw_cswitch_B,0,27,16,0,0
before_raw_cswitch_B,0,27,17,-15,0
before_raw_cswitch_B,0,27,18,4,0
before_raw_cswitch_B,0,27,19,-4,0
before_raw_cswitch_B,0,27,20,6,0
before_raw_cswitch_B,0,27,21,-10,0
before_raw_cswitch_B,0,27,22,2,0
before_raw_cswitch_B,0,27,23,7,0
before_raw_cswitch_B,0,27,24,-15,0
before_raw_cswitch_B,0,27,25,-7,0
before_raw_cswitch_B,0,27,26,-3,0
before_raw_cswitch_B,0,27,27,-10,0
before_raw_cswitch_B,0,27,28,4,0
before_raw_cswitch_B,0,27,29,-4,0
before_raw_cswitch_B,0,27,30,6,0
before_raw_cswitch_B,0,27,31,0,0
before_raw_cswitch_B,0,28,0,15,0
before_raw_cswitch_B,0,28,1,-3,0
before_raw_cswitch_B,0,28,2,11,0
before_raw_cswitch_B,0,28,3,-7,0
before_raw_cswitch_B,0,28,4,5,0
before_raw_cswitch_B,0,28,5,-7,0
before_raw_cswitch_B,0,28,6,2,0
before_raw_cswitch_B,0,28,7,0,0
before_raw_cswitch_B,0,28,8,6,0
before_raw_cswitch_B,0,28,9,-16,0
before_raw_cswitch_B,0,28,10,9,0
before_raw_cswitch_B,0,28,11,-1,0
before_raw_cswitch_B,0,28,12,-2,0
before_raw_cswitch_B,0,28,13,-1,0
before_raw_cswitch_B,0,28,14,10,0
before_raw_cswitch_B,0,28,15,-7,0
before_raw_cswitch_B,0,28,16,5,0
before_raw_cswitch_B,0,28,17,2,0
before_raw_cswitch_B,0,28,18,15,0
before_raw_cswitch_B,0,28,19,-12,0
before_raw_cswitch_B,0,28,20,-11,0
before_raw_cswitch_B,0,28,21,0,0
before_raw_cswitch_B,0,28,22,5,0
before_raw_cswitch_B,0,28,23,8,0
before_raw_cswitch_B,0,28,24,-4,0
before_raw_cswitch_B,0,28,25,5,0
before_raw_cswitch_B,0,28,26,0,0
before_raw_cswitch_B,0,28,27,6,0
before_raw_cswitch_B,0,28,28,-4,0
before_raw_cswitch_B,0,28,29,-5,0
before_raw_cswitch_B,0,28,30,5,0
before_raw_cswitch_B,0,28,31,0,0
before_raw_cswitch_B,0,29,0,0,0
before_raw_cswitch_B,0,29,1,-19,0
before_raw_cswitch_B,0,29,2,-1,0
before_raw_cswitch_B,0,29,3,-11,0
before_raw_cswitch_B,0,29,4,5,0
before_raw_cswitch_B,0,29,5,-4,0
before_raw_cswitch_B,0,29,6,-8,0
before_raw_cswitch_B,0,29,7,-8,0
before_raw_cswitch_B,0,29,8,-7,0
before_raw_cswitch_B,0,29,9,-3,0
before_raw_cswitch_B,0,29,10,18,0
before_raw_cswitch_B,0,29,11,2,0
before_raw_cswitch_B,0,29,12,3,0
before_raw_cswitch_B,0,29,13,6,0
before_raw_cswitch_B,0,29,14,9,0
before_raw_cswitch_B,0,29,15,2,0
before_raw_cswitch_B,0,29,16,9,0
before_raw_cswitch_B,0,29,17,-8,0
before_raw_cswitch_B,0,29,18,5,0
before_raw_cswitch_B,0,29,19,1,0
before_raw_cswitch_B,0,29,20,-10,0
before_raw_cswitch_B,0,29,21,-4,0
before_raw_cswitch_B,0,29,22,-2,0
before_raw_cswitch_B,0,29,23,0,0
before_raw_cswitch_B,0,29,24,16,0
before_raw_cswitch_B,0,29,25,3,0
before_raw_cswitch_B,0,29,26,0,0
before_raw_cswitch_B,0,29,27,-7,0
before_raw_cswitch_B,0,29,28,-7,0
before_raw_cswitch_B,0,29,29,-4,0
before_raw_cswitch_B,0,29,30,-3,0
before_raw_cswitch_B,0,29,31,10,0
before_raw_cswitch_B,0,30,0,-2,0
before_raw_cswitch_B,0,30,1,-20,0
before_raw_cswitch_B,0,30,2,3,0
before_raw_cswitch_B,0,30,3,-1,0
before_raw_cswitch_B,0,30,4,-3,0
before_raw_cswitch_B,0,30,5,-13,0
before_raw_cswitch_B,0,30,6,10,0
before_raw_cswitch_B,0,30,7,0,0
before_raw_cswitch_B,0,30,8,-1,0
before_raw_cswitch_B,0,30,9,-6,0
before_raw_cswitch_B,0,30,10,-1,0
before_raw_cswitch_B,0,30,11,-13,0
before_raw_cswitch_B,0,30,12,-3,0
before_raw_cswitch_B,0,30,13,6,0
before_raw_cswitch_B,0,30,14,-10,0
before_raw_cswitch_B,0,30,15,-10,0
before_raw_cswitch_B,0,30,16,-6,0
before_raw_cswitch_B,0,30,17,11,0
before_raw_cswitch_B,0,30,18,13,0
before_raw_cswitch_B,0,30,19,-16,0
before_raw_cswitch_B,0,30,20,1,0
before_raw_cswitch_B,0,30,21,-5,0
before_raw_cswitch_B,0,30,22,-9,0
before_raw_cswitch_B,0,30,23,5,0
before_raw_cswitch_B,0,30,24,-2,0
before_raw_cswitch_B,0,30,25,3,0
before_raw_cswitch_B,0,30,26,5,0
before_raw_cswitch_B,0,30,27,-6,0
before_raw_cswitch_B,0,30,28,5,0
before_raw_cswitch_B,0,30,29,-5,0
before_raw_cswitch_B,0,30,30,5,0
before_raw_cswitch_B,0,30,31,-6,0
before_raw_cswitch_B,0,31,0,5,0
before_raw_cswitch_B,0,31,1,-2,0
before_raw_cswitch_B,0,31,2,-17,0
before_raw_cswitch_B,0,31,3,-7,0
before_raw_cswitch_B,0,31,4,-7,0
before_raw_cswitch_B,0,31,5,-5,0
before_raw_cswitch_B,0,31,6,-3,0
before_raw_cswitch_B,0,31,7,-3,0
before_raw_cswitch_B,0,31,8,0,0
before_raw_cswitch_B,0,31,9,-11,0
before_raw_cswitch_B,0,31,10,-2,0
before_raw_cswitch_B,0,31,11,2,0
before_raw_cswitch_B,0,31,12,-4,0
before_raw_cswitch_B,0,31,13,3,0
before_raw_cswitch_B,0,31,14,-3,0
before_raw_cswitch_B,0,31,15,8,0
before_raw_cswitch_B,0,31,16,3,0
before_raw_cswitch_B,0,31,17,-1,0
before_raw_cswitch_B,0,31,18,0,0
before_raw_cswitch_B,0,31,19,-7,0
before_raw_cswitch_B,0,31,20,-9,0
before_raw_cswitch_B,0,31,21,-5,0
before_raw_cswitch_B,0,31,22,5,0
before_raw_cswitch_B,0,31,23,-8,0
before_raw_cswitch_B,0,31,24,8,0
before_raw_cswitch_B,0,31,25,8,0
before_raw_cswitch_B,0,31,26,-14,0
before_raw_cswitch_B,0,31,27,-4,0
before_raw_cswitch_B,0,31,28,1,0
before_raw_cswitch_B,0,31,29,3,0
before_raw_cswitch_B,0,31,30,2,0
before_raw_cswitch_B,0,31,31,-5,0
before_raw_cswitch_A,0,0,0,0,0
before_raw_cswitch_A,0,0,1,-13,0
before_raw_cswitch_A,0,0,2,7,0
before_raw_cswitch_A,0,0,3,0,0
before_raw_cswitch_A,0,0,4,5,0
before_raw_cswitch_A,0,0,5,9,0
before_raw_cswitch_A,0,0,6,-10,0
before_raw_cswitch_A,0,0,7,-2,0
before_raw_cswitch_A,0,0,8,8,0
before_raw_cswitch_A,0,0,9,-17,0
before_raw_cswitch_A,0,0,10,8,0
before_raw_cswitch_A,0,0,11,-6,0
before_raw_cswitch_A,0,0,12,-4,0
before_raw_cswitch_A,0,0,13,11,0
before_raw_cswitch_A,0,0,14,0,0
before_raw_cswitch_A,0,0,15,-2,0
before_raw_cswitch_A,0,0,16,5,0
before_raw_cswitch_A,0,0,17,-17,0
before_raw_cswitch_A,0,0,18,0,0
before_raw_cswitch_A,0,0,19,-2,0
before_raw_cswitch_A,0,0,20,8,0
before_raw_cswitch_A,0,0,21,-9,0
before_raw_cswitch_A,0,0,22,-3,0
before_raw_cswitch_A,0,0,23,-13,0
before_raw_cswitch_A,0,0,24,-3,0
before_raw_cswitch_A,0,0,25,8,0
before_raw_cswitch_A,0,0,26,1,0
before_raw_cswitch_A,0,0,27,-6,0
before_raw_cswitch_A,0,0,28,7,0
before_raw_cswitch_A,0,0,29,2,0
before_raw_cswitch_A,0,0,30,-4,0
before_raw_cswitch_A,0,0,31,0,0
before_raw_cswitch_A,0,1,0,-9,0
before_raw_cswitch_A,0,1,1,6,0
before_raw_cswitch_A,0,1,2,21,0
before_raw_cswitch_A,0,1,3,0,0
before_raw_cswitch_A,0,1,4,-6,0
before_raw_cswitch_A,0,1,5,6,0
before_raw_cswitch_A,0,1,6,4,0
before_raw_cswitch_A,0,1,7,-2,0
before_raw_cswitch_A,0,1,8,6,0
before_raw_cswitch_A,0,1,9,0,0
before_raw_cswitch_A,0,1,10,0,0
before_raw_cswitch_A,0,1,11,11,0
before_raw_cswitch_A,0,1,12,3,0
before_raw_cswitch_A,0,1,13,-14,0
before_raw_cswitch_A,0,1,14,5,0
before_raw_cswitch_A,0,1,15,3,0
before_raw_cswitch_A,0,1,16,7,0
before_raw_cswitch_A,0,1,17,0,0
before_raw_cswitch_A,0,1,18,0,0
before_raw_cswitch_A,0,1,19,4,0
before_raw_cswitch_A,0,1,20,-19,0
before_raw_cswitch_A,0,1,21,0,0
before_raw_cswitch_A,0,1,22,1,0
before_raw_cswitch_A,0,1,23,11,0
before_raw_cswitch_A,0,1,24,2,0
before_raw_cswitch_A,0,1,25,-3,0
before_raw_cswitch_A,0,1,26,6,0
before_raw_cswitch_A,0,1,27,-5,0
before_raw_cswitch_A,0,1,28,-16,0
before_raw_cswitch_A,0,1,29,-1,0
before_raw_cswitch_A,0,1,30,5,0
before_raw_cswitch_A,0,1,31,5,0
before_raw_cswitch_A,0,2,0,-9,0
before_raw_cswitch_A,0,2,1,-8,0
before_raw_cswitch_A,0,2,2,6,0
before_raw_cswitch_A,0,2,3,-14,0
before_raw_cswitch_A,0,2,4,6,0
before_raw_cswitch_A,0,2,5,-9,0
before_raw_cswitch_A,0,2,6,-2,0
before_raw_cswitch_A,0,2,7,-17,0
before_raw_cswitch_A,0,2,8,-4,0
before_raw_cswitch_A,0,2,9,-4,0
before_raw_cswitch_A,0,2,10,1,0
before_raw_cswitch_A,0,2,11,-1,0
before_raw_cswitch_A,0,2,12,4,0
before_raw_cswitch_A,0,2,13,1,0
before_raw_cswitch_A,0,2,14,7,0
before_raw_cswitch_A,0,2,15,-1,0
before_raw_cswitch_A,0,2,16,4,0
before_raw_cswitch_A,0,2,17,-11,0
before_raw_cswitch_A,0,2,18,0,0
before_raw_cswitch_A,0,2,19,-6,0
before_raw_cswitch_A,0,2,20,-1,0
before_raw_cswitch_A,0,2,21,-6,0
before_raw_cswitch_A,0,2,22,10,0
before_raw_cswitch_A,0,2,23,-3,0
before_raw_cswitch_A,0,2,24,0,0
before_raw_cswitch_A,0,2,25,5,0
before_raw_cswitch_A,0,2,26,5,0
before_raw_cswitch_A,0,2,27,-9,0
before_raw_cswitch_A,0,2,28,8,0
before_raw_cswitch_A,0,2,29,-4,0
before_raw_cswitch_A,0,2,30,-1,0
before_raw_cswitch_A,0,2,31,-23,0
before_raw_cswitch_A,0,3,0,3,0
before_raw_cswitch_A,0,3,1,-9,0
before_raw_cswitch_A,0,3,2,-5,0
before_raw_cswitch_A,0,3,3,-6,0
before_raw_cswitch_A,0,3,4,-1,0
before_raw_cswitch_A,0,3,5,3,0
before_raw_cswitch_A,0,3,6,6,0
before_raw_cswitch_A,0,3,7,-3,0
before_raw_cswitch_A,0,3,8,-5,0
before_raw_cswitch_A,0,3,9,-6,0
before_raw_cswitch_A,0,3,10,3,0
before_raw_cswitch_A,0,3,11,6,0
before_raw_cswitch_A,0,3,12,-1,0
before_raw_cswitch_A,0,3,13,2,0
before_raw_cswitch_A,0,3,14,1,0
before_raw_cswitch_A,0,3,15,-8,0
before_raw_cswitch_A,0,3,16,-10,0
before_raw_cswitch_A,0,3,17,12,0
before_raw_cswitch_A,0,3,18,-8,0
before_raw_cswitch_A,0,3,19,-7,0
before_raw_cswitch_A,0,3,20,3,0
before_raw_cswitch_A,0,3,21,-8,0
before_raw_cswitch_A,0,3,22,6,0
before_raw_cswitch_A,0,3,23,1,0
before_raw_cswitch_A,0,3,24,1,0
before_raw_cswitch_A,0,3,25,5,0
before_raw_cswitch_A,0,3,26,-2,0
before_raw_cswitch_A,0,3,27,12,0
before_raw_cswitch_A,0,3,28,-4,0
before_raw_cswitch_A,0,3,29,3,0
before_raw_cswitch_A,0,3,30,6,0
before_raw_cswitch_A,0,3,31,-6,0
before_raw_cswitch_A,0,4,0,-11,0
before_raw_cswitch_A,0,4,1,0,0
before_raw_cswitch_A,0,4,2,-7,0
before_raw_cswitch_A,0,4,3,-10,0
before_raw_cswitch_A,0,4,4,0,0
before_raw_cswitch_A,0,4,5,-12,0
before_raw_cswitch_A,0,4,6,2,0
before_raw_cswitch_A,0,4,7,-14,0
before_raw_cswitch_A,0,4,8,-8,0
before_raw_cswitch_A,0,4,9,6,0
before_raw_cswitch_A,0,4,10,-6,0
before_raw_cswitch_A,0,4,11,1,0
before_raw_cswitch_A,0,4,12,3,0
before_raw_cswitch_A,0,4,13,4,0
before_raw_cswitch_A,0,4,14,-8,0
before_raw_cswitch_A,0,4,15,-5,0
before_raw_cswitch_A,0,4,16,3,0
before_raw_cswitch_A,0,4,17,2,0
before_raw_cswitch_A,0,4,18,4,0
before_raw_cswitch_A,0,4,19,-18,0
before_raw_cswitch_A,0,4,20,9,0
before_raw_cswitch_A,0,4,21,-31,0
before_raw_cswitch_A,0,4,22,4,0
before_raw_cswitch_A,0,4,23,5,0
before_raw_cswitch_A,0,4,24,3,0
before_raw_cswitch_A,0,4,25,18,0
before_raw_cswitch_A,0,4,26,6,0
before_raw_cswitch_A,0,4,27,6,0
before_raw_cswitch_A,0,4,28,0,0
before_raw_cswitch_A,0,4,29,-3,0
before_raw_cswitch_A,0,4,30,0,0
before_raw_cswitch_A,0,4,31,-26,0
before_raw_cswitch_A,0,5,0,-1,0
before_raw_cswitch_A,0,5,1,4,0
before_raw_cswitch_A,0,5,2,-5,0
before_raw_cswitch_A,0,5,3,-1,0
before_raw_cswitch_A,0,5,4,-11,0
before_raw_cswitch_A,0,5,5,0,0
before_raw_cswitch_A,0,5,6,-7,0
before_raw_cswitch_A,0,5,7,3,0
before_raw_cswitch_A,0,5,8,-7,0
before_raw_cswitch_A,0,5,9,-3,0
before_raw_cswitch_A,0,5,10,5,0
before_raw_cswitch_A,0,5,11,-8,0
before_raw_cswitch_A,0,5,12,0,0
before_raw_cswitch_A,0,5,13,4,0
before_raw_cswitch_A,0,5,14,-3,0
before_raw_cswitch_A,0,5,15,6,0
before_raw_cswitch_A,0,5,16,-1,0
before_raw_cswitch_A,0,5,17,0,0
before_raw_cswitch_A,0,5,18,1,0
before_raw_cswitch_A,0,5,19,3,0
before_raw_cswitch_A,0,5,20,1,0
before_raw_cswitch_A,0,5,21,-6,0
before_raw_cswitch_A,0,5,22,-14,0
before_raw_cswitch_A,0,5,23,-3,0
before_raw_cswitch_A,0,5,24,13,0
before_raw_cswitch_A,0,5,25,0,0
before_raw_cswitch_A,0,5,26,0,0
before_raw_cswitch_A,0,5,27,-1,0
before_raw_cswitch_A,0,5,28,-9,0
before_raw_cswitch_A,0,5,29,-2,0
before_raw_cswitch_A,0,5,30,-6,0
before_raw_cswitch_A,0,5,31,8,0
before_raw_cswitch_A,0,6,0,2,0
before_raw_cswitch_A,0,6,1,-22,0
before_raw_cswitch_A,0,6,2,5,0
before_raw_cswitch_A,0,6,3,9,0
before_raw_cswitch_A,0,6,4,10,0
before_raw_cswitch_A,0,6,5,8,0
before_raw_cswitch_A,0,6,6,-1,0
before_raw_cswitch_A,0,6,7,-18,0
before_raw_cswitch_A,0,6,8,7,0
before_raw_cswitch_A,0,6,9,-14,0
before_raw_cswitch_A,0,6,10,3,0
before_raw_cswitch_A,0,6,11,-19,0
before_raw_cswitch_A,0,6,12,-8,0
before_raw_cswitch_A,0,6,13,15,0
before_raw_cswitch_A,0,6,14,-15,0
before_raw_cswitch_A,0,6,15,-9,0
before_raw_cswitch_A,0,6,16,-7,0
before_raw_cswitch_A,0,6,17,-4,0
before_raw_cswitch_A,0,6,18,-20,0
before_raw_cswitch_A,0,6,19,-6,0
before_raw_cswitch_A,0,6,20,-2,0
before_raw_cswitch_A,0,6,21,-16,0
before_raw_cswitch_A,0,6,22,4,0
before_raw_cswitch_A,0,6,23,-3,0
before_raw_cswitch_A,0,6,24,-8,0
before_raw_cswitch_A,0,6,25,0,0
before_raw_cswitch_A,0,6,26,6,0
before_raw_cswitch_A,0,6,27,-5,0
before_raw_cswitch_A,0,6,28,-9,0
before_raw_cswitch_A,0,6,29,0,0
before_raw_cswitch_A,0,6,30,-13,0
before_raw_cswitch_A,0,6,31,3,0
before_raw_cswitch_A,0,7,0,13,0
before_raw_cswitch_A,0,7,1,5,0
before_raw_cswitch_A,0,7,2,6,0
before_raw_cswitch_A,0,7,3,-5,0
before_raw_cswitch_A,0,7,4,-1,0
before_raw_cswitch_A,0,7,5,-12,0
before_raw_cswitch_A,0,7,6,-6,0
before_raw_cswitch_A,0,7,7,-6,0
before_raw_cswitch_A,0,7,8,7,0
before_raw_cswitch_A,0,7,9,0,0
before_raw_cswitch_A,0,7,10,3,0
before_raw_cswitch_A,0,7,11,1,0
before_raw_cswitch_A,0,7,12,0,0
before_raw_cswitch_A,0,7,13,0,0
before_raw_cswitch_A,0,7,14,-15,0
before_raw_cswitch_A,0,7,15,-12,0
before_raw_cswitch_A,0,7,16,0,0
before_raw_cswitch_A,0,7,17,-3,0
before_raw_cswitch_A,0,7,18,-2,0
before_raw_cswitch_A,0,7,19,-18,0
before_raw_cswitch_A,0,7,20,3,0
before_raw_cswitch_A,0,7,21,13,0
before_raw_cswitch_A,0,7,22,9,0
before_raw_cswitch_A,0,7,23,-4,0
before_raw_cswitch_A,0,7,24,2,0
before_raw_cswitch_A,0,7,25,7,0
before_raw_cswitch_A,0,7,26,-9,0
before_raw_cswitch_A,0,7,27,-14,0
before_raw_cswitch_A,0,7,28,-5,0
before_raw_cswitch_A,0,7,29,10,0
before_raw_cswitch_A,0,7,30,15,0
before_raw_cswitch_A,0,7,31,0,0
before_raw_cswitch_A,0,8,0,2,0
before_raw_cswitch_A,0,8,1,-23,0
before_raw_cswitch_A,0,8,2,-11,0
before_raw_cswitch_A,0,8,3,-1,0
before_raw_cswitch_A,0,8,4,0,0
before_raw_cswitch_A,0,8,5,-2,0
before_raw_cswitch_A,0,8,6,-16,0
before_raw_cswitch_A,0,8,7,1,0
before_raw_cswitch_A,0,8,8,0,0
before_raw_cswitch_A,0,8,9,6,0
before_raw_cswitch_A,0,8,10,2,0
before_raw_cswitch_A,0,8,11,-5,0
before_raw_cswitch_A,0,8,12,-9,0
before_raw_cswitch_A,0,8,13,7,0
before_raw_cswitch_A,0,8,14,-5,0
before_raw_cswitch_A,0,8,15,13,0
before_raw_cswitch_A,0,8,16,-12,0
before_raw_cswitch_A,0,8,17,-7,0
before_raw_cswitch_A,0,8,18,-4,0
before_raw_cswitch_A,0,8,19,9,0
before_raw_cswitch_A,0,8,20,-15,0
before_raw_cswitch_A,0,8,21,22,0
before_raw_cswitch_A,0,8,22,2,0
before_raw_cswitch_A,0,8,23,-4,0
before_raw_cswitch_A,0,8,24,12,0
before_raw_cswitch_A,0,8,25,4,0
before_raw_cswitch_A,0,8,26,1,0
before_raw_cswitch_A,0,8,27,2,0
before_raw_cswitch_A,0,8,28,1,0
before_raw_cswitch_A,0,8,29,0,0
before_raw_cswitch_A,0,8,30,7,0
before_raw_cswitch_A,0,8,31,17,0
before_raw_cswitch_A,0,9,0,0,0
before_raw_cswitch_A,0,9,1,2,0
before_raw_cswitch_A,0,9,2,8,0
before_raw_cswitch_A,0,9,3,18,0
before_raw_cswitch_A,0,9,4,0,0
before_raw_cswitch_A,0,9,5,7,0
before_raw_cswitch_A,0,9,6,8,0
before_raw_cswitch_A,0,9,7,6,0
before_raw_cswitch_A,0,9,8,3,0
before_raw_cswitch_A,0,9,9,4,0
before_raw_cswitch_A,0,9,10,6,0
before_raw_cswitch_A,0,9,11,8,0
before_raw_cswitch_A,0,9,12,9,0
before_raw_cswitch_A,0,9,13,-6,0
before_raw_cswitch_A,0,9,14,11,0
before_raw_cswitch_A,0,9,15,-5,0
before_raw_cswitch_A,0,9,16,3,0
before_raw_cswitch_A,0,9,17,5,0
before_raw_cswitch_A,0,9,18,8,0
before_raw_cswitch_A,0,9,19,2,0
before_raw_cswitch_A,0,9,20,-5,0
before_raw_cswitch_A,0,9,21,-2,0
before_raw_cswitch_A,0,9,22,-4,0
before_raw_cswitch_A,0,9,23,9,0
before_raw_cswitch_A,0,9,24,-4,0
before_raw_cswitch_A,0,9,25,-2,0
before_raw_cswitch_A,0,9,26,1,0
before_raw_cswitch_A,0,9,27,2,0
before_raw_cswitch_A,0,9,28,6,0
before_raw_cswitch_A,0,9,29,0,0
before_raw_cswitch_A,0,9,30,9,0
before_raw_cswitch_A,0,9,31,7,0
before_raw_cswitch_A,0,10,0,-10,0
before_raw_cswitch_A,0,10,1,7,0
before_raw_cswitch_A,0,10,2,-19,0
before_raw_cswitch_A,0,10,3,14,0
before_raw_cswitch_A,0,10,4,-2,0
before_raw_cswitch_A,0,10,5,-10,0
before_raw_cswitch_A,0,10,6,-5,0
before_raw_cswitch_A,0,10,7,-7,0
before_raw_cswitch_A,0,10,8,-1,0
before_raw_cswitch_A,0,10,9,7,0
before_raw_cswitch_A,0,10,10,-9,0
before_raw_cswitch_A,0,10,11,-13,0
before_raw_cswitch_A,0,10,12,-9,0
before_raw_cswitch_A,0,10,13,-1,0
before_raw_cswitch_A,0,10,14,-1,0
before_raw_cswitch_A,0,10,15,15,0
before_raw_cswitch_A,0,10,16,8,0
before_raw_cswitch_A,0,10,17,-9,0
before_raw_cswitch_A,0,10,18,-7,0
before_raw_cswitch_A,0,10,19,-1,0
before_raw_cswitch_A,0,10,20,8,0
before_raw_cswitch_A,0,10,21,-5,0
before_raw_cswitch_A,0,10,22,-7,0
before_raw_cswitch_A,0,10,23,-2,0
before_raw_cswitch_A,0,10,24,9,0
before_raw_cswitch_A,0,10,25,7,0
before_raw_cswitch_A,0,10,26,-5,0
before_raw_cswitch_A,0,10,27,-10,0
before_raw_cswitch_A,0,10,28,8,0
before_raw_cswitch_A,0,10,29,5,0
before_raw_cswitch_A,0,10,30,-5,0
before_raw_cswitch_A,0,10,31,-15,0
before_raw_cswitch_A,0,11,0,-9,0
before_raw_cswitch_A,0,11,1,7,0
before_raw_cswitch_A,0,11,2,0,0
before_raw_cswitch_A,0,11,3,1,0
before_raw_cswitch_A,0,11,4,3,0
before_raw_cswitch_A,0,11,5,11,0
before_raw_cswitch_A,0,11,6,15,0
before_raw_cswitch_A,0,11,7,0,0
before_raw_cswitch_A,0,11,8,2,0
before_raw_cswitch_A,0,11,9,-2,0
before_raw_cswitch_A,0,11,10,2,0
before_raw_cswitch_A,0,11,11,16,0
before_raw_cswitch_A,0,11,12,-1,0
before_raw_cswitch_A,0,11,13,-2,0
before_raw_cswitch_A,0,11,14,8,0
before_raw_cswitch_A,0,11,15,3,0
before_raw_cswitch_A,0,11,16,-2,0
before_raw_cswitch_A,0,11,17,0,0
before_raw_cswitch_A,0,11,18,11,0
before_raw_cswitch_A,0,11,19,7,0
before_raw_cswitch_A,0,11,20,-10,0
before_raw_cswitch_A,0,11,21,-14,0
before_raw_cswitch_A,0,11,22,5,0
before_raw_cswitch_A,0,11,23,16,0
before_raw_cswitch_A,0,11,24,-1,0
before_raw_cswitch_A,0,11,25,-13,0
before_raw_cswitch_A,0,11,26,-5,0
before_raw_cswitch_A,0,11,27,11,0
before_raw_cswitch_A,0,11,28,-1,0
before_raw_cswitch_A,0,11,29,7,0
before_raw_cswitch_A,0,11,30,11,0
before_raw_cswitch_A,0,11,31,-1,0
before_raw_cswitch_A,0,12,0,3,0
before_raw_cswitch_A,0,12,1,-4,0
before_raw_cswitch_A,0,12,2,9,0
before_raw_cswitch_A,0,12,3,6,0
before_raw_cswitch_A,0,12,4,2,0
before_raw_cswitch_A,0,12,5,3,0
before_raw_cswitch_A,0,12,6,-2,0
before_raw_cswitch_A,0,12,7,-3,0
before_raw_cswitch_A,0,12,8,6,0
before_raw_cswitch_A,0,12,9,-1,0
before_raw_cswitch_A,0,12,10,0,0
before_raw_cswitch_A,0,12,11,-3,0
before_raw_cswitch_A,0,12,12,1,0
before_raw_cswitch_A,0,12,13,-10,0
before_raw_cswitch_A,0,12,14,6,0
before_raw_cswitch_A,0,12,15,-12,0
before_raw_cswitch_A,0,12,16,-3,0
before_raw_cswitch_A,0,12,17,-15,0
before_raw_cswitch_A,0,12,18,-9,0
before_raw_cswitch_A,0,12,19,0,0
before_raw_cswitch_A,0,12,20,-4,0
before_raw_cswitch_A,0,12,21,14,0
before_raw_cswitch_A,0,12,22,8,0
before_raw_cswitch_A,0,12,23,-4,0
before_raw_cswitch_A,0,12,24,-5,0
before_raw_cswitch_A,0,12,25,-15,0
before_raw_cswitch_A,0,12,26,-4,0
before_raw_cswitch_A,0,12,27,-2,0
before_raw_cswitch_A,0,12,28,-9,0
before_raw_cswitch_A,0,12,29,0,0
before_raw_cswitch_A,0,12,30,8,0
before_raw_cswitch_A,0,12,31,-3,0
before_raw_cswitch_A,0,13,0,9,0
before_raw_cswitch_A,0,13,1,11,0
before_raw_cswitch_A,0,13,2,1,0
before_raw_cswitch_A,0,13,3,5,0
before_raw_cswitch_A,0,13,4,-1,0
before_raw_cswitch_A,0,13,5,5,0
before_raw_cswitch_A,0,13,6,13,0
before_raw_cswitch_A,0,13,7,15,0
before_raw_cswitch_A,0,13,8,9,0
before_raw_cswitch_A,0,13,9,-4,0
before_raw_cswitch_A,0,13,10,6,0
before_raw_cswitch_A,0,13,11,17,0
before_raw_cswitch_A,0,13,12,0,0
before_raw_cswitch_A,0,13,13,9,0
before_raw_cswitch_A,0,13,14,-2,0
before_raw_cswitch_A,0,13,15,10,0
before_raw_cswitch_A,0,13,16,10,0
before_raw_cswitch_A,0,13,17,9,0
before_raw_cswitch_A,0,13,18,18,0
before_raw_cswitch_A,0,13,19,12,0
before_raw_cswitch_A,0,13,20,5,0
before_raw_cswitch_A,0,13,21,24,0
before_raw_cswitch_A,0,13,22,1,0
before_raw_cswitch_A,0,13,23,-1,0
before_raw_cswitch_A,0,13,24,14,0
before_raw_cswitch_A,0,13,25,0,0
before_raw_cswitch_A,0,13,26,1,0
before_raw_cswitch_A,0,13,27,0,0
before_raw_cswitch_A,0,13,28,8,0
before_raw_cswitch_A,0,13,29,17,0
before_raw_cswitch_A,0,13,30,4,0
before_raw_cswitch_A,0,13,31,2,0
before_raw_cswitch_A,0,14,0,-9,0
before_raw_cswitch_A,0,14,1,12,0
before_raw_cswitch_A,0,14,2,6,0
before_raw_cswitch_A,0,14,3,2,0
before_raw_cswitch_A,0,14,4,-3,0
before_raw_cswitch_A,0,14,5,-5,0
before_raw_cswitch_A,0,14,6,9,0
before_raw_cswitch_A,0,14,7,-4,0
before_raw_cswitch_A,0,14,8,-7,0
before_raw_cswitch_A,0,14,9,-13,0
before_raw_cswitch_A,0,14,10,-1,0
before_raw_cswitch_A,0,14,11,6,0
before_raw_cswitch_A,0,14,12,7,0
before_raw_cswitch_A,0,14,13,-4,0
before_raw_cswitch_A,0,14,14,3,0
before_raw_cswitch_A,0,14,15,2,0
before_raw_cswitch_A,0,14,16,0,0
before_raw_cswitch_A,0,14,17,0,0
before_raw_cswitch_A,0,14,18,-3,0
before_raw_cswitch_A,0,14,19,1,0
before_raw_cswitch_A,0,14,20,0,0
before_raw_cswitch_A,0,14,21,-4,0
before_raw_cswitch_A,0,14,22,-18,0
before_raw_cswitch_A,0,14,23,10,0
before_raw_cswitch_A,0,14,24,3,0
before_raw_cswitch_A,0,14,25,-9,0
before_raw_cswitch_A,0,14,26,-4,0
before_raw_cswitch_A,0,14,27,1,0
before_raw_cswitch_A,0,14,28,1,0
before_raw_cswitch_A,0,14,29,0,0
before_raw_cswitch_A,0,14,30,-2,0
before_raw_cswitch_A,0,14,31,9,0
before_raw_cswitch_A,0,15,0,4,0
before_raw_cswitch_A,0,15,1,18,0
before_raw_cswitch_A,0,15,2,-1,0
before_raw_cswitch_A,0,15,3,-2,0
before_raw_cswitch_A,0,15,4,-8,0
before_raw_cswitch_A,0,15,5,-5,0
before_raw_cswitch_A,0,15,6,12,0
before_raw_cswitch_A,0,15,7,-9,0
before_raw_cswitch_A,0,15,8,14,0
before_raw_cswitch_A,0,15,9,-3,0
before_raw_cswitch_A,0,15,10,-13,0
before_raw_cswitch_A,0,15,11,-2,0
before_raw_cswitch_A,0,15,12,-14,0
before_raw_cswitch_A,0,15,13,9,0
before_raw_cswitch_A,0,15,14,-2,0
before_raw_cswitch_A,0,15,15,-7,0
before_raw_cswitch_A,0,15,16,-6,0
before_raw_cswitch_A,0,15,17,8,0
before_raw_cswitch_A,0,15,18,-5,0
before_raw_cswitch_A,0,15,19,-4,0
before_raw_cswitch_A,0,15,20,1,0
before_raw_cswitch_A,0,15,21,-8,0
before_raw_cswitch_A,0,15,22,-7,0
before_raw_cswitch_A,0,15,23,-3,0
before_raw_cswitch_A,0,15,24,-10,0
before_raw_cswitch_A,0,15,25,-20,0
before_raw_cswitch_A,0,15,26,5,0
before_raw_cswitch_A,0,15,27,0,0
before_raw_cswitch_A,0,15,28,-10,0
before_raw_cswitch_A,0,15,29,1,0
before_raw_cswitch_A,0,15,30,5,0
before_raw_cswitch_A,0,15,31,-11,0
before_raw_cswitch_B,0,16,0,-13,0
before_raw_cswitch_B,0,16,1,0,0
before_raw_cswitch_B,0,16,2,9,0
before_raw_cswitch_B,0,16,3,13,0
before_raw_cswitch_B,0,16,4,4,0
before_raw_cswitch_B,0,16,5,10,0
before_raw_cswitch_B,0,16,6,19,0
before_raw_cswitch_B,0,16,7,0,0
before_raw_cswitch_B,0,16,8,-2,0
before_raw_cswitch_B,0,16,9,4,0
before_raw_cswitch_B,0,16,10,6,0
before_raw_cswitch_B,0,16,11,2,0
before_raw_cswitch_B,0,16,12,-5,0
before_raw_cswitch_B,0,16,13,-29,0
before_raw_cswitch_B,0,16,14,-8,0
before_raw_cswitch_B,0,16,15,-2,0
before_raw_cswitch_B,0,16,16,-12,0
before_raw_cswitch_B,0,16,17,-9,0
before_raw_cswitch_B,0,16,18,0,0
before_raw_cswitch_B,0,16,19,4,0
before_raw_cswitch_B,0,16,20,1,0
before_raw_cswitch_B,0,16,21,2,0
before_raw_cswitch_B,0,16,22,0,0
before_raw_cswitch_B,0,16,23,-2,0
before_raw_cswitch_B,0,16,24,-3,0
before_raw_cswitch_B,0,16,25,-14,0
before_raw_cswitch_B,0,16,26,-1,0
before_raw_cswitch_B,0,16,27,-11,0
before_raw_cswitch_B,0,16,28,10,0
before_raw_cswitch_B,0,16,29,17,0
before_raw_cswitch_B,0,16,30,-7,0
before_raw_cswitch_B,0,16,31,-12,0
before_raw_cswitch_B,0,17,0,1,0
before_raw_cswitch_B,0,17,1,13,0
before_raw_cswitch_B,0,17,2,1,0
before_raw_cswitch_B,0,17,3,-23,0
before_raw_cswitch_B,0,17,4,0,0
before_raw_cswitch_B,0,17,5,6,0
before_raw_cswitch_B,0,17,6,-2,0
before_raw_cswitch_B,0,17,7,-2,0
before_raw_cswitch_B,0,17,8,-9,0
before_raw_cswitch_B,0,17,9,-7,0
before_raw_cswitch_B,0,17,10,-10,0
before_raw_cswitch_B,0,17,11,-21,0
before_raw_cswitch_B,0,17,12,-10,0
before_raw_cswitch_B,0,17,13,-3,0
before_raw_cswitch_B,0,17,14,-5,0
before_raw_cswitch_B,0,17,15,4,0
before_raw_cswitch_B,0,17,16,-5,0
before_raw_cswitch_B,0,17,17,-5,0
before_raw_cswitch_B,0,17,18,3,0
before_raw_cswitch_B,0,17,19,-7,0
before_raw_cswitch_B,0,17,20,-14,0
before_raw_cswitch_B,0,17,21,-2,0
before_raw_cswitch_B,0,17,22,6,0
before_raw_cswitch_B,0,17,23,3,0
before_raw_cswitch_B,0,17,24,2,0
before_raw_cswitch_B,0,17,25,-9,0
before_raw_cswitch_B,0,17,26,17,0
before_raw_cswitch_B,0,17,27,5,0
before_raw_cswitch_B,0,17,28,-6,0
before_raw_cswitch_B,0,17,29,-2,0
before_raw_cswitch_B,0,17,30,-7,0
before_raw_cswitch_B,0,17,31,-8,0
before_raw_cswitch_B,0,18,0,-10,0
before_raw_cswitch_B,0,18,1,-5,0
before_raw_cswitch_B,0,18,2,7,0
before_raw_cswitch_B,0,18,3,-5,0
before_raw_cswitch_B,0,18,4,4,0
before_raw_cswitch_B,0,18,5,7,0
before_raw_cswitch_B,0,18,6,10,0
before_raw_cswitch_B,0,18,7,-14,0
before_raw_cswitch_B,0,18,8,1,0
before_raw_cswitch_B,0,18,9,0,0
before_raw_cswitch_B,0,18,10,-7,0
before_raw_cswitch_B,0,18,11,-8,0
before_raw_cswitch_B,0,18,12,-6,0
before_raw_cswitch_B,0,18,13,-6,0
before_raw_cswitch_B,0,18,14,-4,0
before_raw_cswitch_B,0,18,15,-4,0
before_raw_cswitch_B,0,18,16,-7,0
before_raw_cswitch_B,0,18,17,-2,0
before_raw_cswitch_B,0,18,18,0,0
before_raw_cswitch_B,0,18,19,6,0
before_raw_cswitch_B,0,18,20,6,0
before_raw_cswitch_B,0,18,21,-4,0
before_raw_cswitch_B,0,18,22,-2,0
before_raw_cswitch_B,0,18,23,-5,0
before_raw_cswitch_B,0,18,24,4,0
before_raw_cswitch_B,0,18,25,-3,0
before_raw_cswitch_B,0,18,26,-10,0
before_raw_cswitch_B,0,18,27,-5,0
before_raw_cswitch_B,0,18,28,-7,0
before_raw_cswitch_B,0,18,29,-1,0
before_raw_cswitch_B,0,18,30,-3,0
before_raw_cswitch_B,0,18,31,-6,0
before_raw_cswitch_B,0,19,0,-12,0
before_raw_cswitch_B,0,19,1,-10,0
before_raw_cswitch_B,0,19,2,-13,0
before_raw_cswitch_B,0,19,3,-16,0
before_raw_cswitch_B,0,19,4,7,0
before_raw_cswitch_B,0,19,5,-20,0
before_raw_cswitch_B,0,19,6,13,0
before_raw_cswitch_B,0,19,7,7,0
before_raw_cswitch_B,0,19,8,-2,0
before_raw_cswitch_B,0,19,9,2,0
before_raw_cswitch_B,0,19,10,11,0
before_raw_cswitch_B,0,19,11,4,0
before_raw_cswitch_B,0,19,12,-6,0
before_raw_cswitch_B,0,19,13,-6,0
before_raw_cswitch_B,0,19,14,-12,0
before_raw_cswitch_B,0,19,15,-4,0
before_raw_cswitch_B,0,19,16,-12,0
before_raw_cswitch_B,0,19,17,20,0
before_raw_cswitch_B,0,19,18,6,0
before_raw_cswitch_B,0,19,19,9,0
before_raw_cswitch_B,0,19,20,-19,0
before_raw_cswitch_B,0,19,21,-7,0
before_raw_cswitch_B,0,19,22,0,0
before_raw_cswitch_B,0,19,23,0,0
before_raw_cswitch_B,0,19,24,-13,0
before_raw_cswitch_B,0,19,25,-4,0
before_raw_cswitch_B,0,19,26,1,0
before_raw_cswitch_B,0,19,27,1,0
before_raw_cswitch_B,0,19,28,15,0
before_raw_cswitch_B,0,19,29,-3,0
before_raw_cswitch_B,0,19,30,-8,0
before_raw_cswitch_B,0,19,31,-19,0
before_raw_cswitch_B,0,20,0,-10,0
before_raw_cswitch_B,0,20,1,-3,0
before_raw_cswitch_B,0,20,2,-6,0
before_raw_cswitch_B,0,20,3,0,0
before_raw_cswitch_B,0,20,4,-10,0
before_raw_cswitch_B,0,20,5,0,0
before_raw_cswitch_B,0,20,6,-6,0
before_raw_cswitch_B,0,20,7,-2,0
before_raw_cswitch_B,0,20,8,-3,0
before_raw_cswitch_B,0,20,9,-7,0
before_raw_cswitch_B,0,20,10,10,0
before_raw_cswitch_B,0,20,11,2,0
before_raw_cswitch_B,0,20,12,-5,0
before_raw_cswitch_B,0,20,13,12,0
before_raw_cswitch_B,0,20,14,2,0
before_raw_cswitch_B,0,20,15,1,0
before_raw_cswitch_B,0,20,16,-1,0
before_raw_cswitch_B,0,20,17,2,0
before_raw_cswitch_B,0,20,18,-11,0
before_raw_cswitch_B,0,20,19,4,0
before_raw_cswitch_B,0,20,20,-11,0
before_raw_cswitch_B,0,20,21,-3,0
before_raw_cswitch_B,0,20,22,-1,0
before_raw_cswitch_B,0,20,23,5,0
before_raw_cswitch_B,0,20,24,-2,0
before_raw_cswitch_B,0,20,25,-10,0
before_raw_cswitch_B,0,20,26,-1,0
before_raw_cswitch_B,0,20,27,0,0
before_raw_cswitch_B,0,20,28,1,0
before_raw_cswitch_B,0,20,29,0,0
before_raw_cswitch_B,0,20,30,6,0
before_raw_cswitch_B,0,20,31,-3,0
before_raw_cswitch_B,0,21,0,5,0
before_raw_cswitch_B,0,21,1,2,0
before_raw_cswitch_B,0,21,2,-1,0
before_raw_cswitch_B,0,21,3,-3,0
before_raw_cswitch_B,0,21,4,-6,0
before_raw_cswitch_B,0,21,5,-1,0
before_raw_cswitch_B,0,21,6,0,0
before_raw_cswitch_B,0,21,7,2,0
before_raw_cswitch_B,0,21,8,-1,0
before_raw_cswitch_B,0,21,9,5,0
before_raw_cswitch_B,0,21,10,-9,0
before_raw_cswitch_B,0,21,11,-2,0
before_raw_cswitch_B,0,21,12,7,0
before_raw_cswitch_B,0,21,13,0,0
before_raw_cswitch_B,0,21,14,19,0
before_raw_cswitch_B,0,21,15,6,0
before_raw_cswitch_B,0,21,16,1,0
before_raw_cswitch_B,0,21,17,-7,0
before_raw_cswitch_B,0,21,18,4,0
before_raw_cswitch_B,0,21,19,7,0
before_raw_cswitch_B,0,21,20,-3,0
before_raw_cswitch_B,0,21,21,-6,0
before_raw_cswitch_B,0,21,22,-12,0
before_raw_cswitch_B,0,21,23,0,0
before_raw_cswitch_B,0,21,24,-4,0
before_raw_cswitch_B,0,21,25,-6,0
before_raw_cswitch_B,0,21,26,6,0
before_raw_cswitch_B,0,21,27,5,0
before_raw_cswitch_B,0,21,28,0,0
before_raw_cswitch_B,0,21,29,-1,0
before_raw_cswitch_B,0,21,30,0,0
before_raw_cswitch_B,0,21,31,0,0
before_raw_cswitch_B,0,22,0,-1,0
before_raw_cswitch_B,0,22,1,3,0
before_raw_cswitch_B,0,22,2,0,0
before_raw_cswitch_B,0,22,3,4,0
before_raw_cswitch_B,0,22,4,-1,0
before_raw_cswitch_B,0,22,5,-2,0
before_raw_cswitch_B,0,22,6,-12,0
before_raw_cswitch_B,0,22,7,6,0
before_raw_cswitch_B,0,22,8,-11,0
before_raw_cswitch_B,0,22,9,2,0
before_raw_cswitch_B,0,22,10,5,0
before_raw_cswitch_B,0,22,11,-7,0
before_raw_cswitch_B,0,22,12,2,0
before_raw_cswitch_B,0,22,13,-5,0
before_raw_cswitch_B,0,22,14,10,0
before_raw_cswitch_B,0,22,15,-2,0
before_raw_cswitch_B,0,22,16,6,0
before_raw_cswitch_B,0,22,17,-18,0
before_raw_cswitch_B,0,22,18,-6,0
before_raw_cswitch_B,0,22,19,9,0
before_raw_cswitch_B,0,22,20,11,0
before_raw_cswitch_B,0,22,21,4,0
before_raw_cswitch_B,0,22,22,-9,0
before_raw_cswitch_B,0,22,23,-12,0
before_raw_cswitch_B,0,22,24,3,0
before_raw_cswitch_B,0,22,25,9,0
before_raw_cswitch_B,0,22,26,5,0
before_raw_cswitch_B,0,22,27,-1,0
before_raw_cswitch_B,0,22,28,0,0
before_raw_cswitch_B,0,22,29,13,0
before_raw_cswitch_B,0,22,30,-9,0
before_raw_cswitch_B,0,22,31,1,0
before_raw_cswitch_B,0,23,0,-4,0
before_raw_cswitch_B,0,23,1,6,0
before_raw_cswitch_B,0,23,2,8,0
before_raw_cswitch_B,0,23,3,9,0
before_raw_cswitch_B,0,23,4,1,0
before_raw_cswitch_B,0,23,5,-1,0
before_raw_cswitch_B,0,23,6,4,0
before_raw_cswitch_B,0,23,7,1,0
before_raw_cswitch_B,0,23,8,3,0
before_raw_cswitch_B,0,23,9,10,0
before_raw_cswitch_B,0,23,10,-2,0
before_raw_cswitch_B,0,23,11,5,0
before_raw_cswitch_B,0,23,12,-2,0
before_raw_cswitch_B,0,23,13,7,0
before_raw_cswitch_B,0,23,14,-6,0
before_raw_cswitch_B,0,23,15,0,0
before_raw_cswitch_B,0,23,16,-8,0
before_raw_cswitch_B,0,23,17,-12,0
before_raw_cswitch_B,0,23,18,-5,0
before_raw_cswitch_B,0,23,19,-1,0
before_raw_cswitch_B,0,23,20,0,0
before_raw_cswitch_B,0,23,21,4,0
before_raw_cswitch_B,0,23,22,1,0
before_raw_cswitch_B,0,23,23,-9,0
before_raw_cswitch_B,0,23,24,-4,0
before_raw_cswitch_B,0,23,25,-2,0
before_raw_cswitch_B,0,23,26,0,0
before_raw_cswitch_B,0,23,27,6,0
before_raw_cswitch_B,0,23,28,15,0
before_raw_cswitch_B,0,23,29,3,0
before_raw_cswitch_B,0,23,30,-5,0
before_raw_cswitch_B,0,23,31,-8,0
before_raw_cswitch_B,0,24,0,-1,0
before_raw_cswitch_B,0,24,1,5,0
before_raw_cswitch_B,0,24,2,1,0
before_raw_cswitch_B,0,24,3,1,0
before_raw_cswitch_B,0,24,4,-4,0
before_raw_cswitch_B,0,24,5,-13,0
before_raw_cswitch_B,0,24,6,5,0
before_raw_cswitch_B,0,24,7,8,0
before_raw_cswitch_B,0,24,8,1,0
before_raw_cswitch_B,0,24,9,4,0
before_raw_cswitch_B,0,24,10,3,0
before_raw_cswitch_B,0,24,11,-5,0
before_raw_cswitch_B,0,24,12,4,0
before_raw_cswitch_B,0,24,13,-4,0
before_raw_cswitch_B,0,24,14,-7,0
before_raw_cswitch_B,0,24,15,-2,0
before_raw_cswitch_B,0,24,16,4,0
before_raw_cswitch_B,0,24,17,9,0
before_raw_cswitch_B,0,24,18,-2,0
before_raw_cswitch_B,0,24,19,-9,0
before_raw_cswitch_B,0,24,20,6,0
before_raw_cswitch_B,0,24,21,3,0
before_raw_cswitch_B,0,24,22,-8,0
before_raw_cswitch_B,0,24,23,-2,0
before_raw_cswitch_B,0,24,24,5,0
before_raw_cswitch_B,0,24,25,-10,0
before_raw_cswitch_B,0,24,26,6,0
before_raw_cswitch_B,0,24,27,0,0
before_raw_cswitch_B,0,24,28,-3,0
before_raw_cswitch_B,0,24,29,0,0
before_raw_cswitch_B,0,24,30,-1,0
before_raw_cswitch_B,0,24,31,-9,0
before_raw_cswitch_B,0,25,0,2,0
before_raw_cswitch_B,0,25,1,-3,0
before_raw_cswitch_B,0,25,2,3,0
before_raw_cswitch_B,0,25,3,-10,0
before_raw_cswitch_B,0,25,4,-2,0
before_raw_cswitch_B,0,25,5,13,0
before_raw_cswitch_B,0,25,6,0,0
before_raw_cswitch_B,0,25,7,18,0
before_raw_cswitch_B,0,25,8,6,0
before_raw_cswitch_B,0,25,9,13,0
before_raw_cswitch_B,0,25,10,-5,0
before_raw_cswitch_B,0,25,11,-1,0
before_raw_cswitch_B,0,25,12,4,0
before_raw_cswitch_B,0,25,13,-2,0
before_raw_cswitch_B,0,25,14,9,0
before_raw_cswitch_B,0,25,15,30,0
before_raw_cswitch_B,0,25,16,-2,0
before_raw_cswitch_B,0,25,17,-11,0
before_raw_cswitch_B,0,25,18,17,0
before_raw_cswitch_B,0,25,19,-1,0
before_raw_cswitch_B,0,25,20,-4,0
before_raw_cswitch_B,0,25,21,19,0
before_raw_cswitch_B,0,25,22,16,0
before_raw_cswitch_B,0,25,23,0,0
before_raw_cswitch_B,0,25,24,4,0
before_raw_cswitch_B,0,25,25,1,0
before_raw_cswitch_B,0,25,26,-1,0
before_raw_cswitch_B,0,25,27,19,0
before_raw_cswitch_B,0,25,28,8,0
before_raw_cswitch_B,0,25,29,2,0
before_raw_cswitch_B,0,25,30,16,0
before_raw_cswitch_B,0,25,31,26,0
before_raw_cswitch_B,0,26,0,3,0
before_raw_cswitch_B,0,26,1,0,0
before_raw_cswitch_B,0,26,2,-5,0
before_raw_cswitch_B,0,26,3,-9,0
before_raw_cswitch_B,0,26,4,-1,0
before_raw_cswitch_B,0,26,5,-6,0
before_raw_cswitch_B,0,26,6,-2,0
before_raw_cswitch_B,0,26,7,-2,0
before_raw_cswitch_B,0,26,8,0,0
before_raw_cswitch_B,0,26,9,0,0
before_raw_cswitch_B,0,26,10,7,0
before_raw_cswitch_B,0,26,11,8,0
before_raw_cswitch_B,0,26,12,-8,0
before_raw_cswitch_B,0,26,13,3,0
before_raw_cswitch_B,0,26,14,-1,0
before_raw_cswitch_B,0,26,15,-2,0
before_raw_cswitch_B,0,26,16,7,0
before_raw_cswitch_B,0,26,17,12,0
before_raw_cswitch_B,0,26,18,-1,0
before_raw_cswitch_B,0,26,19,-2,0
before_raw_cswitch_B,0,26,20,-12,0
before_raw_cswitch_B,0,26,21,-1,0
before_raw_cswitch_B,0,26,22,-3,0
before_raw_cswitch_B,0,26,23,3,0
before_raw_cswitch_B,0,26,24,-4,0
before_raw_cswitch_B,0,26,25,-12,0
before_raw_cswitch_B,0,26,26,0,0
before_raw_cswitch_B,0,26,27,-3,0
before_raw_cswitch_B,0,26,28,-5,0
before_raw_cswitch_B,0,26,29,-8,0
before_raw_cswitch_B,0,26,30,-9,0
before_raw_cswitch_B,0,26,31,-3,0
before_raw_cswitch_B,0,27,0,-2,0
before_raw_cswitch_B,0,27,1,4,0
before_raw_cswitch_B,0,27,2,-3,0
before_raw_cswitch_B,0,27,3,1,0
before_raw_cswitch_B,0,27,4,3,0
before_raw_cswitch_B,0,27,5,5,0
before_raw_cswitch_B,0,27,6,-5,0
before_raw_cswitch_B,0,27,7,-3,0
before_raw_cswitch_B,0,27,8,0,0
before_raw_cswitch_B,0,27,9,-2,0
before_raw_cswitch_B,0,27,10,2,0
before_raw_cswitch_B,0,27,11,0,0
before_raw_cswitch_B,0,27,12,2,0
before_raw_cswitch_B,0,27,13,-6,0
before_raw_cswitch_B,0,27,14,7,0
before_raw_cswitch_B,0,27,15,-5,0
before_raw_cswitch_B,0,27,16,0,0
before_raw_cswitch_B,0,27,17,-15,0
before_raw_cswitch_B,0,27,18,4,0
before_raw_cswitch_B,0,27,19,-4,0
before_raw_cswitch_B,0,27,20,6,0
before_raw_cswitch_B,0,27,21,-10,0
before_raw_cswitch_B,0,27,22,2,0
before_raw_cswitch_B,0,27,23,7,0
before_raw_cswitch_B,0,27,24,-15,0
before_raw_cswitch_B,0,27,25,-7,0
before_raw_cswitch_B,0,27,26,-3,0
before_raw_cswitch_B,0,27,27,-10,0
before_raw_cswitch_B,0,27,28,4,0
before_raw_cswitch_B,0,27,29,-4,0
before_raw_cswitch_B,0,27,30,6,0
before_raw_cswitch_B,0,27,31,0,0
before_raw_cswitch_B,0,28,0,15,0
before_raw_cswitch_B,0,28,1,-3,0
before_raw_cswitch_B,0,28,2,11,0
before_raw_cswitch_B,0,28,3,-7,0
before_raw_cswitch_B,0,28,4,5,0
before_raw_cswitch_B,0,28,5,-7,0
before_raw_cswitch_B,0,28,6,2,0
before_raw_cswitch_B,0,28,7,0,0
before_raw_cswitch_B,0,28,8,6,0
before_raw_cswitch_B,0,28,9,-16,0
before_raw_cswitch_B,0,28,10,9,0
before_raw_cswitch_B,0,28,11,-1,0
before_raw_cswitch_B,0,28,12,-2,0
before_raw_cswitch_B,0,28,13,-1,0
before_raw_cswitch_B,0,28,14,10,0
before_raw_cswitch_B,0,28,15,-7,0
before_raw_cswitch_B,0,28,16,5,0
before_raw_cswitch_B,0,28,17,2,0
before_raw_cswitch_B,0,28,18,15,0
before_raw_cswitch_B,0,28,19,-12,0
before_raw_cswitch_B,0,28,20,-11,0
before_raw_cswitch_B,0,28,21,0,0
before_raw_cswitch_B,0,28,22,5,0
before_raw_cswitch_B,0,28,23,8,0
before_raw_cswitch_B,0,28,24,-4,0
before_raw_cswitch_B,0,28,25,5,0
before_raw_cswitch_B,0,28,26,0,0
before_raw_cswitch_B,0,28,27,6,0
before_raw_cswitch_B,0,28,28,-4,0
before_raw_cswitch_B,0,28,29,-5,0
before_raw_cswitch_B,0,28,30,5,0
before_raw_cswitch_B,0,28,31,0,0
before_raw_cswitch_B,0,29,0,0,0
before_raw_cswitch_B,0,29,1,-19,0
before_raw_cswitch_B,0,29,2,-1,0
before_raw_cswitch_B,0,29,3,-11,0
before_raw_cswitch_B,0,29,4,5,0
before_raw_cswitch_B,0,29,5,-4,0
before_raw_cswitch_B,0,29,6,-8,0
before_raw_cswitch_B,0,29,7,-8,0
before_raw_cswitch_B,0,29,8,-7,0
before_raw_cswitch_B,0,29,9,-3,0
before_raw_cswitch_B,0,29,10,18,0
before_raw_cswitch_B,0,29,11,2,0
before_raw_cswitch_B,0,29,12,3,0
before_raw_cswitch_B,0,29,13,6,0
before_raw_cswitch_B,0,29,14,9,0
before_raw_cswitch_B,0,29,15,2,0
before_raw_cswitch_B,0,29,16,9,0
before_raw_cswitch_B,0,29,17,-8,0
before_raw_cswitch_B,0,29,18,5,0
before_raw_cswitch_B,0,29,19,1,0
before_raw_cswitch_B,0,29,20,-10,0
before_raw_cswitch_B,0,29,21,-4,0
before_raw_cswitch_B,0,29,22,-2,0
before_raw_cswitch_B,0,29,23,0,0
before_raw_cswitch_B,0,29,24,16,0
before_raw_cswitch_B,0,29,25,3,0
before_raw_cswitch_B,0,29,26,0,0
before_raw_cswitch_B,0,29,27,-7,0
before_raw_cswitch_B,0,29,28,-7,0
before_raw_cswitch_B,0,29,29,-4,0
before_raw_cswitch_B,0,29,30,-3,0
before_raw_cswitch_B,0,29,31,10,0
before_raw_cswitch_B,0,30,0,-2,0
before_raw_cswitch_B,0,30,1,-20,0
before_raw_cswitch_B,0,30,2,3,0
before_raw_cswitch_B,0,30,3,-1,0
before_raw_cswitch_B,0,30,4,-3,0
before_raw_cswitch_B,0,30,5,-13,0
before_raw_cswitch_B,0,30,6,10,0
before_raw_cswitch_B,0,30,7,0,0
before_raw_cswitch_B,0,30,8,-1,0
before_raw_cswitch_B,0,30,9,-6,0
before_raw_cswitch_B,0,30,10,-1,0
before_raw_cswitch_B,0,30,11,-13,0
before_raw_cswitch_B,0,30,12,-3,0
before_raw_cswitch_B,0,30,13,6,0
before_raw_cswitch_B,0,30,14,-10,0
before_raw_cswitch_B,0,30,15,-10,0
before_raw_cswitch_B,0,30,16,-6,0
before_raw_cswitch_B,0,30,17,11,0
before_raw_cswitch_B,0,30,18,13,0
before_raw_cswitch_B,0,30,19,-16,0
before_raw_cswitch_B,0,30,20,1,0
before_raw_cswitch_B,0,30,21,-5,0
before_raw_cswitch_B,0,30,22,-9,0
before_raw_cswitch_B,0,30,23,5,0
before_raw_cswitch_B,0,30,24,-2,0
before_raw_cswitch_B,0,30,25,3,0
before_raw_cswitch_B,0,30,26,5,0
before_raw_cswitch_B,0,30,27,-6,0
before_raw_cswitch_B,0,30,28,5,0
before_raw_cswitch_B,0,30,29,-5,0
before_raw_cswitch_B,0,30,30,5,0
before_raw_cswitch_B,0,30,31,-6,0
before_raw_cswitch_B,0,31,0,5,0
before_raw_cswitch_B,0,31,1,-2,0
before_raw_cswitch_B,0,31,2,-17,0
before_raw_cswitch_B,0,31,3,-7,0
before_raw_cswitch_B,0,31,4,-7,0
before_raw_cswitch_B,0,31,5,-5,0
before_raw_cswitch_B,0,31,6,-3,0
before_raw_cswitch_B,0,31,7,-3,0
before_raw_cswitch_B,0,31,8,0,0
before_raw_cswitch_B,0,31,9,-11,0
before_raw_cswitch_B,0,31,10,-2,0
before_raw_cswitch_B,0,31,11,2,0
before_raw_cswitch_B,0,31,12,-4,0
before_raw_cswitch_B,0,31,13,3,0
before_raw_cswitch_B,0,31,14,-3,0
before_raw_cswitch_B,0,31,15,8,0
before_raw_cswitch_B,0,31,16,3,0
before_raw_cswitch_B,0,31,17,-1,0
before_raw_cswitch_B,0,31,18,0,0
before_raw_cswitch_B,0,31,19,-7,0
before_raw_cswitch_B,0,31,20,-9,0
before_raw_cswitch_B,0,31,21,-5,0
before_raw_cswitch_B,0,31,22,5,0
before_raw_cswitch_B,0,31,23,-8,0
before_raw_cswitch_B,0,31,24,8,0
before_raw_cswitch_B,0,31,25,8,0
before_raw_cswitch_B,0,31,26,-14,0
before_raw_cswitch_B,0,31,27,-4,0
before_raw_cswitch_B,0,31,28,1,0
before_raw_cswitch_B,0,31,29,3,0
before_raw_cswitch_B,0,31,30,2,0
before_raw_cswitch_B,0,31,31,-5,0
before_raw_cswitch_A,0,0,0,0,0
before_raw_cswitch_A,0,0,1,-13,0
before_raw_cswitch_A,0,0,2,7,0
before_raw_cswitch_A,0,0,3,0,0
before_raw_cswitch_A,0,0,4,5,0
before_raw_cswitch_A,0,0,5,9,0
before_raw_cswitch_A,0,0,6,-10,0
before_raw_cswitch_A,0,0,7,-2,0
before_raw_cswitch_A,0,0,8,8,0
before_raw_cswitch_A,0,0,9,-17,0
before_raw_cswitch_A,0,0,10,8,0
before_raw_cswitch_A,0,0,11,-6,0
before_raw_cswitch_A,0,0,12,-4,0
before_raw_cswitch_A,0,0,13,11,0
before_raw_cswitch_A,0,0,14,0,0
before_raw_cswitch_A,0,0,15,-2,0
before_raw_cswitch_A,0,0,16,5,0
before_raw_cswitch_A,0,0,17,-17,0
before_raw_cswitch_A,0,0,18,0,0
before_raw_cswitch_A,0,0,19,-2,0
before_raw_cswitch_A,0,0,20,8,0
before_raw_cswitch_A,0,0,21,-9,0
before_raw_cswitch_A,0,0,22,-3,0
before_raw_cswitch_A,0,0,23,-13,0
before_raw_cswitch_A,0,0,24,-3,0
before_raw_cswitch_A,0,0,25,8,0
before_raw_cswitch_A,0,0,26,1,0
before_raw_cswitch_A,0,0,27,-6,0
before_raw_cswitch_A,0,0,28,7,0
before_raw_cswitch_A,0,0,29,2,0
before_raw_cswitch_A,0,0,30,-4,0
before_raw_cswitch_A,0,0,31,0,0
before_raw_cswitch_A,0,1,0,-9,0
before_raw_cswitch_A,0,1,1,6,0
before_raw_cswitch_A,0,1,2,21,0
before_raw_cswitch_A,0,1,3,0,0
before_raw_cswitch_A,0,1,4,-6,0
before_raw_cswitch_A,0,1,5,6,0
before_raw_cswitch_A,0,1,6,4,0
before_raw_cswitch_A,0,1,7,-2,0
before_raw_cswitch_A,0,1,8,6,0
before_raw_cswitch_A,0,1,9,0,0
before_raw_cswitch_A,0,1,10,0,0
before_raw_cswitch_A,0,1,11,11,0
before_raw_cswitch_A,0,1,12,3,0
before_raw_cswitch_A,0,1,13,-14,0
before_raw_cswitch_A,0,1,14,5,0
before_raw_cswitch_A,0,1,15,3,0
before_raw_cswitch_A,0,1,16,7,0
before_raw_cswitch_A,0,1,17,0,0
before_raw_cswitch_A,0,1,18,0,0
before_raw_cswitch_A,0,1,19,4,0
before_raw_cswitch_A,0,1,20,-19,0
before_raw_cswitch_A,0,1,21,0,0
before_raw_cswitch_A,0,1,22,1,0
before_raw_cswitch_A,0,1,23,11,0
before_raw_cswitch_A,0,1,24,2,0
before_raw_cswitch_A,0,1,25,-3,0
before_raw_cswitch_A,0,1,26,6,0
before_raw_cswitch_A,0,1,27,-5,0
before_raw_cswitch_A,0,1,28,-16,0
before_raw_cswitch_A,0,1,29,-1,0
before_raw_cswitch_A,0,1,30,5,0
before_raw_cswitch_A,0,1,31,5,0
before_raw_cswitch_A,0,2,0,-9,0
before_raw_cswitch_A,0,2,1,-8,0
before_raw_cswitch_A,0,2,2,6,0
before_raw_cswitch_A,0,2,3,-14,0
before_raw_cswitch_A,0,2,4,6,0
before_raw_cswitch_A,0,2,5,-9,0
before_raw_cswitch_A,0,2,6,-2,0
before_raw_cswitch_A,0,2,7,-17,0
before_raw_cswitch_A,0,2,8,-4,0
before_raw_cswitch_A,0,2,9,-4,0
before_raw_cswitch_A,0,2,10,1,0
before_raw_cswitch_A,0,2,11,-1,0
before_raw_cswitch_A,0,2,12,4,0
before_raw_cswitch_A,0,2,13,1,0
before_raw_cswitch_A,0,2,14,7,0
before_raw_cswitch_A,0,2,15,-1,0
before_raw_cswitch_A,0,2,16,4,0
before_raw_cswitch_A,0,2,17,-11,0
before_raw_cswitch_A,0,2,18,0,0
before_raw_cswitch_A,0,2,19,-6,0
before_raw_cswitch_A,0,2,20,-1,0
before_raw_cswitch_A,0,2,21,-6,0
before_raw_cswitch_A,0,2,22,10,0
before_raw_cswitch_A,0,2,23,-3,0
before_raw_cswitch_A,0,2,24,0,0
before_raw_cswitch_A,0,2,25,5,0
before_raw_cswitch_A,0,2,26,5,0
before_raw_cswitch_A,0,2,27,-9,0
before_raw_cswitch_A,0,2,28,8,0
before_raw_cswitch_A,0,2,29,-4,0
before_raw_cswitch_A,0,2,30,-1,0
before_raw_cswitch_A,0,2,31,-23,0
before_raw_cswitch_A,0,3,0,3,0
before_raw_cswitch_A,0,3,1,-9,0
before_raw_cswitch_A,0,3,2,-5,0
before_raw_cswitch_A,0,3,3,-6,0
before_raw_cswitch_A,0,3,4,-1,0
before_raw_cswitch_A,0,3,5,3,0
before_raw_cswitch_A,0,3,6,6,0
before_raw_cswitch_A,0,3,7,-3,0
before_raw_cswitch_A,0,3,8,-5,0
before_raw_cswitch_A,0,3,9,-6,0
before_raw_cswitch_A,0,3,10,3,0
before_raw_cswitch_A,0,3,11,6,0
before_raw_cswitch_A,0,3,12,-1,0
before_raw_cswitch_A,0,3,13,2,0
before_raw_cswitch_A,0,3,14,1,0
before_raw_cswitch_A,0,3,15,-8,0
before_raw_cswitch_A,0,3,16,-10,0
before_raw_cswitch_A,0,3,17,12,0
before_raw_cswitch_A,0,3,18,-8,0
before_raw_cswitch_A,0,3,19,-7,0
before_raw_cswitch_A,0,3,20,3,0
before_raw_cswitch_A,0,3,21,-8,0
before_raw_cswitch_A,0,3,22,6,0
before_raw_cswitch_A,0,3,23,1,0
before_raw_cswitch_A,0,3,24,1,0
before_raw_cswitch_A,0,3,25,5,0
before_raw_cswitch_A,0,3,26,-2,0
before_raw_cswitch_A,0,3,27,12,0
before_raw_cswitch_A,0,3,28,-4,0
before_raw_cswitch_A,0,3,29,3,0
before_raw_cswitch_A,0,3,30,6,0
before_raw_cswitch_A,0,3,31,-6,0
before_raw_cswitch_A,0,4,0,-11,0
before_raw_cswitch_A,0,4,1,0,0
before_raw_cswitch_A,0,4,2,-7,0
before_raw_cswitch_A,0,4,3,-10,0
before_raw_cswitch_A,0,4,4,0,0
before_raw_cswitch_A,0,4,5,-12,0
before_raw_cswitch_A,0,4,6,2,0
before_raw_cswitch_A,0,4,7,-14,0
before_raw_cswitch_A,0,4,8,-8,0
before_raw_cswitch_A,0,4,9,6,0
before_raw_cswitch_A,0,4,10,-6,0
before_raw_cswitch_A,0,4,11,1,0
before_raw_cswitch_A,0,4,12,3,0
before_raw_cswitch_A,0,4,13,4,0
before_raw_cswitch_A,0,4,14,-8,0
before_raw_cswitch_A,0,4,15,-5,0
before_raw_cswitch_A,0,4,16,3,0
before_raw_cswitch_A,0,4,17,2,0
before_raw_cswitch_A,0,4,18,4,0
before_raw_cswitch_A,0,4,19,-18,0
before_raw_cswitch_A,0,4,20,9,0
before_raw_cswitch_A,0,4,21,-31,0
before_raw_cswitch_A,0,4,22,4,0
before_raw_cswitch_A,0,4,23,5,0
before_raw_cswitch_A,0,4,24,3,0
before_raw_cswitch_A,0,4,25,18,0
before_raw_cswitch_A,0,4,26,6,0
before_raw_cswitch_A,0,4,27,6,0
before_raw_cswitch_A,0,4,28,0,0
before_raw_cswitch_A,0,4,29,-3,0
before_raw_cswitch_A,0,4,30,0,0
before_raw_cswitch_A,0,4,31,-26,0
before_raw_cswitch_A,0,5,0,-1,0
before_raw_cswitch_A,0,5,1,4,0
before_raw_cswitch_A,0,5,2,-5,0
before_raw_cswitch_A,0,5,3,-1,0
before_raw_cswitch_A,0,5,4,-11,0
before_raw_cswitch_A,0,5,5,0,0
before_raw_cswitch_A,0,5,6,-7,0
before_raw_cswitch_A,0,5,7,3,0
before_raw_cswitch_A,0,5,8,-7,0
before_raw_cswitch_A,0,5,9,-3,0
before_raw_cswitch_A,0,5,10,5,0
before_raw_cswitch_A,0,5,11,-8,0
before_raw_cswitch_A,0,5,12,0,0
before_raw_cswitch_A,0,5,13,4,0
before_raw_cswitch_A,0,5,14,-3,0
before_raw_cswitch_A,0,5,15,6,0
before_raw_cswitch_A,0,5,16,-1,0
before_raw_cswitch_A,0,5,17,0,0
before_raw_cswitch_A,0,5,18,1,0
before_raw_cswitch_A,0,5,19,3,0
before_raw_cswitch_A,0,5,20,1,0
before_raw_cswitch_A,0,5,21,-6,0
before_raw_cswitch_A,0,5,22,-14,0
before_raw_cswitch_A,0,5,23,-3,0
before_raw_cswitch_A,0,5,24,13,0
before_raw_cswitch_A,0,5,25,0,0
before_raw_cswitch_A,0,5,26,0,0
before_raw_cswitch_A,0,5,27,-1,0
before_raw_cswitch_A,0,5,28,-9,0
before_raw_cswitch_A,0,5,29,-2,0
before_raw_cswitch_A,0,5,30,-6,0
before_raw_cswitch_A,0,5,31,8,0
before_raw_cswitch_A,0,6,0,2,0
before_raw_cswitch_A,0,6,1,-22,0
before_raw_cswitch_A,0,6,2,5,0
before_raw_cswitch_A,0,6,3,9,0
before_raw_cswitch_A,0,6,4,10,0
before_raw_cswitch_A,0,6,5,8,0
before_raw_cswitch_A,0,6,6,-1,0
before_raw_cswitch_A,0,6,7,-18,0
before_raw_cswitch_A,0,6,8,7,0
before_raw_cswitch_A,0,6,9,-14,0
before_raw_cswitch_A,0,6,10,3,0
before_raw_cswitch_A,0,6,11,-19,0
before_raw_cswitch_A,0,6,12,-8,0
before_raw_cswitch_A,0,6,13,15,0
before_raw_cswitch_A,0,6,14,-15,0
before_raw_cswitch_A,0,6,15,-9,0
before_raw_cswitch_A,0,6,16,-7,0
before_raw_cswitch_A,0,6,17,-4,0
before_raw_cswitch_A,0,6,18,-20,0
before_raw_cswitch_A,0,6,19,-6,0
before_raw_cswitch_A,0,6,20,-2,0
before_raw_cswitch_A,0,6,21,-16,0
before_raw_cswitch_A,0,6,22,4,0
before_raw_cswitch_A,0,6,23,-3,0
before_raw_cswitch_A,0,6,24,-8,0
before_raw_cswitch_A,0,6,25,0,0
before_raw_cswitch_A,0,6,26,6,0
before_raw_cswitch_A,0,6,27,-5,0
before_raw_cswitch_A,0,6,28,-9,0
before_raw_cswitch_A,0,6,29,0,0
before_raw_cswitch_A,0,6,30,-13,0
before_raw_cswitch_A,0,6,31,3,0
before_raw_cswitch_A,0,7,0,13,0
before_raw_cswitch_A,0,7,1,5,0
before_raw_cswitch_A,0,7,2,6,0
before_raw_cswitch_A,0,7,3,-5,0
before_raw_cswitch_A,0,7,4,-1,0
before_raw_cswitch_A,0,7,5,-12,0
before_raw_cswitch_A,0,7,6,-6,0
before_raw_cswitch_A,0,7,7,-6,0
before_raw_cswitch_A,0,7,8,7,0
before_raw_cswitch_A,0,7,9,0,0
before_raw_cswitch_A,0,7,10,3,0
before_raw_cswitch_A,0,7,11,1,0
before_raw_cswitch_A,0,7,12,0,0
before_raw_cswitch_A,0,7,13,0,0
before_raw_cswitch_A,0,7,14,-15,0
before_raw_cswitch_A,0,7,15,-12,0
before_raw_cswitch_A,0,7,16,0,0
before_raw_cswitch_A,0,7,17,-3,0
before_raw_cswitch_A,0,7,18,-2,0
before_raw_cswitch_A,0,7,19,-18,0
before_raw_cswitch_A,0,7,20,3,0
before_raw_cswitch_A,0,7,21,13,0
before_raw_cswitch_A,0,7,22,9,0
before_raw_cswitch_A,0,7,23,-4,0
before_raw_cswitch_A,0,7,24,2,0
before_raw_cswitch_A,0,7,25,7,0
before_raw_cswitch_A,0,7,26,-9,0
before_raw_cswitch_A,0,7,27,-14,0
before_raw_cswitch_A,0,7,28,-5,0
before_raw_cswitch_A,0,7,29,10,0
before_raw_cswitch_A,0,7,30,15,0
before_raw_cswitch_A,0,7,31,0,0
before_raw_cswitch_A,0,8,0,2,0
before_raw_cswitch_A,0,8,1,-23,0
before_raw_cswitch_A,0,8,2,-11,0
before_raw_cswitch_A,0,8,3,-1,0
before_raw_cswitch_A,0,8,4,0,0
before_raw_cswitch_A,0,8,5,-2,0
before_raw_cswitch_A,0,8,6,-16,0
before_raw_cswitch_A,0,8,7,1,0
before_raw_cswitch_A,0,8,8,0,0
before_raw_cswitch_A,0,8,9,6,0
before_raw_cswitch_A,0,8,10,2,0
before_raw_cswitch_A,0,8,11,-5,0
before_raw_cswitch_A,0,8,12,-9,0
before_raw_cswitch_A,0,8,13,7,0
before_raw_cswitch_A,0,8,14,-5,0
before_raw_cswitch_A,0,8,15,13,0
before_raw_cswitch_A,0,8,16,-12,0
before_raw_cswitch_A,0,8,17,-7,0
before_raw_cswitch_A,0,8,18,-4,0
before_raw_cswitch_A,0,8,19,9,0
before_raw_cswitch_A,0,8,20,-15,0
before_raw_cswitch_A,0,8,21,22,0
before_raw_cswitch_A,0,8,22,2,0
before_raw_cswitch_A,0,8,23,-4,0
before_raw_cswitch_A,0,8,24,12,0
before_raw_cswitch_A,0,8,25,4,0
before_raw_cswitch_A,0,8,26,1,0
before_raw_cswitch_A,0,8,27,2,0
before_raw_cswitch_A,0,8,28,1,0
before_raw_cswitch_A,0,8,29,0,0
before_raw_cswitch_A,0,8,30,7,0
before_raw_cswitch_A,0,8,31,17,0
before_raw_cswitch_A,0,9,0,0,0
before_raw_cswitch_A,0,9,1,2,0
before_raw_cswitch_A,0,9,2,8,0
before_raw_cswitch_A,0,9,3,18,0
before_raw_cswitch_A,0,9,4,0,0
before_raw_cswitch_A,0,9,5,7,0
before_raw_cswitch_A,0,9,6,8,0
before_raw_cswitch_A,0,9,7,6,0
before_raw_cswitch_A,0,9,8,3,0
before_raw_cswitch_A,0,9,9,4,0
before_raw_cswitch_A,0,9,10,6,0
before_raw_cswitch_A,0,9,11,8,0
before_raw_cswitch_A,0,9,12,9,0
before_raw_cswitch_A,0,9,13,-6,0
before_raw_cswitch_A,0,9,14,11,0
before_raw_cswitch_A,0,9,15,-5,0
before_raw_cswitch_A,0,9,16,3,0
before_raw_cswitch_A,0,9,17,5,0
before_raw_cswitch_A,0,9,18,8,0
before_raw_cswitch_A,0,9,19,2,0
before_raw_cswitch_A,0,9,20,-5,0
before_raw_cswitch_A,0,9,21,-2,0
before_raw_cswitch_A,0,9,22,-4,0
before_raw_cswitch_A,0,9,23,9,0
before_raw_cswitch_A,0,9,24,-4,0
before_raw_cswitch_A,0,9,25,-2,0
before_raw_cswitch_A,0,9,26,1,0
before_raw_cswitch_A,0,9,27,2,0
before_raw_cswitch_A,0,9,28,6,0
before_raw_cswitch_A,0,9,29,0,0
before_raw_cswitch_A,0,9,30,9,0
before_raw_cswitch_A,0,9,31,7,0
before_raw_cswitch_A,0,10,0,-10,0
before_raw_cswitch_A,0,10,1,7,0
before_raw_cswitch_A,0,10,2,-19,0
before_raw_cswitch_A,0,10,3,14,0
before_raw_cswitch_A,0,10,4,-2,0
before_raw_cswitch_A,0,10,5,-10,0
before_raw_cswitch_A,0,10,6,-5,0
before_raw_cswitch_A,0,10,7,-7,0
before_raw_cswitch_A,0,10,8,-1,0
before_raw_cswitch_A,0,10,9,7,0
before_raw_cswitch_A,0,10,10,-9,0
before_raw_cswitch_A,0,10,11,-13,0
before_raw_cswitch_A,0,10,12,-9,0
before_raw_cswitch_A,0,10,13,-1,0
before_raw_cswitch_A,0,10,14,-1,0
before_raw_cswitch_A,0,10,15,15,0
before_raw_cswitch_A,0,10,16,8,0
before_raw_cswitch_A,0,10,17,-9,0
before_raw_cswitch_A,0,10,18,-7,0
before_raw_cswitch_A,0,10,19,-1,0
before_raw_cswitch_A,0,10,20,8,0
before_raw_cswitch_A,0,10,21,-5,0
before_raw_cswitch_A,0,10,22,-7,0
before_raw_cswitch_A,0,10,23,-2,0
before_raw_cswitch_A,0,10,24,9,0
before_raw_cswitch_A,0,10,25,7,0
before_raw_cswitch_A,0,10,26,-5,0
before_raw_cswitch_A,0,10,27,-10,0
before_raw_cswitch_A,0,10,28,8,0
before_raw_cswitch_A,0,10,29,5,0
before_raw_cswitch_A,0,10,30,-5,0
before_raw_cswitch_A,0,10,31,-15,0
before_raw_cswitch_A,0,11,0,-9,0
before_raw_cswitch_A,0,11,1,7,0
before_raw_cswitch_A,0,11,2,0,0
before_raw_cswitch_A,0,11,3,1,0
before_raw_cswitch_A,0,11,4,3,0
before_raw_cswitch_A,0,11,5,11,0
before_raw_cswitch_A,0,11,6,15,0
before_raw_cswitch_A,0,11,7,0,0
before_raw_cswitch_A,0,11,8,2,0
before_raw_cswitch_A,0,11,9,-2,0
before_raw_cswitch_A,0,11,10,2,0
before_raw_cswitch_A,0,11,11,16,0
before_raw_cswitch_A,0,11,12,-1,0
before_raw_cswitch_A,0,11,13,-2,0
before_raw_cswitch_A,0,11,14,8,0
before_raw_cswitch_A,0,11,15,3,0
before_raw_cswitch_A,0,11,16,-2,0
before_raw_cswitch_A,0,11,17,0,0
before_raw_cswitch_A,0,11,18,11,0
before_raw_cswitch_A,0,11,19,7,0
before_raw_cswitch_A,0,11,20,-10,0
before_raw_cswitch_A,0,11,21,-14,0
before_raw_cswitch_A,0,11,22,5,0
before_raw_cswitch_A,0,11,23,16,0
before_raw_cswitch_A,0,11,24,-1,0
before_raw_cswitch_A,0,11,25,-13,0
before_raw_cswitch_A,0,11,26,-5,0
before_raw_cswitch_A,0,11,27,11,0
before_raw_cswitch_A,0,11,28,-1,0
before_raw_cswitch_A,0,11,29,7,0
before_raw_cswitch_A,0,11,30,11,0
before_raw_cswitch_A,0,11,31,-1,0
before_raw_cswitch_A,0,12,0,3,0
before_raw_cswitch_A,0,12,1,-4,0
before_raw_cswitch_A,0,12,2,9,0
before_raw_cswitch_A,0,12,3,6,0
before_raw_cswitch_A,0,12,4,2,0
before_raw_cswitch_A,0,12,5,3,0
before_raw_cswitch_A,0,12,6,-2,0
before_raw_cswitch_A,0,12,7,-3,0
before_raw_cswitch_A,0,12,8,6,0
before_raw_cswitch_A,0,12,9,-1,0
before_raw_cswitch_A,0,12,10,0,0
before_raw_cswitch_A,0,12,11,-3,0
before_raw_cswitch_A,0,12,12,1,0
before_raw_cswitch_A,0,12,13,-10,0
before_raw_cswitch_A,0,12,14,6,0
before_raw_cswitch_A,0,12,15,-12,0
before_raw_cswitch_A,0,12,16,-3,0
before_raw_cswitch_A,0,12,17,-15,0
before_raw_cswitch_A,0,12,18,-9,0
before_raw_cswitch_A,0,12,19,0,0
before_raw_cswitch_A,0,12,20,-4,0
before_raw_cswitch_A,0,12,21,14,0
before_raw_cswitch_A,0,12,22,8,0
before_raw_cswitch_A,0,12,23,-4,0
before_raw_cswitch_A,0,12,24,-5,0
before_raw_cswitch_A,0,12,25,-15,0
before_raw_cswitch_A,0,12,26,-4,0
before_raw_cswitch_A,0,12,27,-2,0
before_raw_cswitch_A,0,12,28,-9,0
before_raw_cswitch_A,0,12,29,0,0
before_raw_cswitch_A,0,12,30,8,0
before_raw_cswitch_A,0,12,31,-3,0
before_raw_cswitch_A,0,13,0,9,0
before_raw_cswitch_A,0,13,1,11,0
before_raw_cswitch_A,0,13,2,1,0
before_raw_cswitch_A,0,13,3,5,0
before_raw_cswitch_A,0,13,4,-1,0
before_raw_cswitch_A,0,13,5,5,0
before_raw_cswitch_A,0,13,6,13,0
before_raw_cswitch_A,0,13,7,15,0
before_raw_cswitch_A,0,13,8,9,0
before_raw_cswitch_A,0,13,9,-4,0
before_raw_cswitch_A,0,13,10,6,0
before_raw_cswitch_A,0,13,11,17,0
before_raw_cswitch_A,0,13,12,0,0
before_raw_cswitch_A,0,13,13,9,0
before_raw_cswitch_A,0,13,14,-2,0
before_raw_cswitch_A,0,13,15,10,0
before_raw_cswitch_A,0,13,16,10,0
before_raw_cswitch_A,0,13,17,9,0
before_raw_cswitch_A,0,13,18,18,0
before_raw_cswitch_A,0,13,19,12,0
before_raw_cswitch_A,0,13,20,5,0
before_raw_cswitch_A,0,13,21,24,0
before_raw_cswitch_A,0,13,22,1,0
before_raw_cswitch_A,0,13,23,-1,0
before_raw_cswitch_A,0,13,24,14,0
before_raw_cswitch_A,0,13,25,0,0
before_raw_cswitch_A,0,13,26,1,0
before_raw_cswitch_A,0,13,27,0,0
before_raw_cswitch_A,0,13,28,8,0
before_raw_cswitch_A,0,13,29,17,0
before_raw_cswitch_A,0,13,30,4,0
before_raw_cswitch_A,0,13,31,2,0
before_raw_cswitch_A,0,14,0,-9,0
before_raw_cswitch_A,0,14,1,12,0
before_raw_cswitch_A,0,14,2,6,0
before_raw_cswitch_A,0,14,3,2,0
before_raw_cswitch_A,0,14,4,-3,0
before_raw_cswitch_A,0,14,5,-5,0
before_raw_cswitch_A,0,14,6,9,0
before_raw_cswitch_A,0,14,7,-4,0
before_raw_cswitch_A,0,14,8,-7,0
before_raw_cswitch_A,0,14,9,-13,0
before_raw_cswitch_A,0,14,10,-1,0
before_raw_cswitch_A,0,14,11,6,0
before_raw_cswitch_A,0,14,12,7,0
before_raw_cswitch_A,0,14,13,-4,0
before_raw_cswitch_A,0,14,14,3,0
before_raw_cswitch_A,0,14,15,2,0
before_raw_cswitch_A,0,14,16,0,0
before_raw_cswitch_A,0,14,17,0,0
before_raw_cswitch_A,0,14,18,-3,0
before_raw_cswitch_A,0,14,19,1,0
before_raw_cswitch_A,0,14,20,0,0
before_raw_cswitch_A,0,14,21,-4,0
before_raw_cswitch_A,0,14,22,-18,0
before_raw_cswitch_A,0,14,23,10,0
before_raw_cswitch_A,0,14,24,3,0
before_raw_cswitch_A,0,14,25,-9,0
before_raw_cswitch_A,0,14,26,-4,0
before_raw_cswitch_A,0,14,27,1,0
before_raw_cswitch_A,0,14,28,1,0
before_raw_cswitch_A,0,14,29,0,0
before_raw_cswitch_A,0,14,30,-2,0
before_raw_cswitch_A,0,14,31,9,0
before_raw_cswitch_A,0,15,0,4,0
before_raw_cswitch_A,0,15,1,18,0
before_raw_cswitch_A,0,15,2,-1,0
before_raw_cswitch_A,0,15,3,-2,0
before_raw_cswitch_A,0,15,4,-8,0
before_raw_cswitch_A,0,15,5,-5,0
before_raw_cswitch_A,0,15,6,12,0
before_raw_cswitch_A,0,15,7,-9,0
before_raw_cswitch_A,0,15,8,14,0
before_raw_cswitch_A,0,15,9,-3,0
before_raw_cswitch_A,0,15,10,-13,0
before_raw_cswitch_A,0,15,11,-2,0
before_raw_cswitch_A,0,15,12,-14,0
before_raw_cswitch_A,0,15,13,9,0
before_raw_cswitch_A,0,15,14,-2,0
before_raw_cswitch_A,0,15,15,-7,0
before_raw_cswitch_A,0,15,16,-6,0
before_raw_cswitch_A,0,15,17,8,0
before_raw_cswitch_A,0,15,18,-5,0
before_raw_cswitch_A,0,15,19,-4,0
before_raw_cswitch_A,0,15,20,1,0
before_raw_cswitch_A,0,15,21,-8,0
before_raw_cswitch_A,0,15,22,-7,0
before_raw_cswitch_A,0,15,23,-3,0
before_raw_cswitch_A,0,15,24,-10,0
before_raw_cswitch_A,0,15,25,-20,0
before_raw_cswitch_A,0,15,26,5,0
before_raw_cswitch_A,0,15,27,0,0
before_raw_cswitch_A,0,15,28,-10,0
before_raw_cswitch_A,0,15,29,1,0
before_raw_cswitch_A,0,15,30,5,0
before_raw_cswitch_A,0,15,31,-11,0
before_raw_cswitch_B,0,16,0,-13,0
before_raw_cswitch_B,0,16,1,0,0
before_raw_cswitch_B,0,16,2,9,0
before_raw_cswitch_B,0,16,3,13,0
before_raw_cswitch_B,0,16,4,4,0
before_raw_cswitch_B,0,16,5,10,0
before_raw_cswitch_B,0,16,6,19,0
before_raw_cswitch_B,0,16,7,0,0
before_raw_cswitch_B,0,16,8,-2,0
before_raw_cswitch_B,0,16,9,4,0
before_raw_cswitch_B,0,16,10,6,0
before_raw_cswitch_B,0,16,11,2,0
before_raw_cswitch_B,0,16,12,-5,0
before_raw_cswitch_B,0,16,13,-29,0
before_raw_cswitch_B,0,16,14,-8,0
before_raw_cswitch_B,0,16,15,-2,0
before_raw_cswitch_B,0,16,16,-12,0
before_raw_cswitch_B,0,16,17,-9,0
before_raw_cswitch_B,0,16,18,0,0
before_raw_cswitch_B,0,16,19,4,0
before_raw_cswitch_B,0,16,20,1,0
before_raw_cswitch_B,0,16,21,2,0
before_raw_cswitch_B,0,16,22,0,0
before_raw_cswitch_B,0,16,23,-2,0
before_raw_cswitch_B,0,16,24,-3,0
before_raw_cswitch_B,0,16,25,-14,0
before_raw_cswitch_B,0,16,26,-1,0
before_raw_cswitch_B,0,16,27,-11,0
before_raw_cswitch_B,0,16,28,10,0
before_raw_cswitch_B,0,16,29,17,0
before_raw_cswitch_B,0,16,30,-7,0
before_raw_cswitch_B,0,16,31,-12,0
before_raw_cswitch_B,0,17,0,1,0
before_raw_cswitch_B,0,17,1,13,0
before_raw_cswitch_B,0,17,2,1,0
before_raw_cswitch_B,0,17,3,-23,0
before_raw_cswitch_B,0,17,4,0,0
before_raw_cswitch_B,0,17,5,6,0
before_raw_cswitch_B,0,17,6,-2,0
before_raw_cswitch_B,0,17,7,-2,0
before_raw_cswitch_B,0,17,8,-9,0
before_raw_cswitch_B,0,17,9,-7,0
before_raw_cswitch_B,0,17,10,-10,0
before_raw_cswitch_B,0,17,11,-21,0
before_raw_cswitch_B,0,17,12,-10,0
before_raw_cswitch_B,0,17,13,-3,0
before_raw_cswitch_B,0,17,14,-5,0
before_raw_cswitch_B,0,17,15,4,0
before_raw_cswitch_B,0,17,16,-5,0
before_raw_cswitch_B,0,17,17,-5,0
before_raw_cswitch_B,0,17,18,3,0
before_raw_cswitch_B,0,17,19,-7,0
before_raw_cswitch_B,0,17,20,-14,0
before_raw_cswitch_B,0,17,21,-2,0
before_raw_cswitch_B,0,17,22,6,0
before_raw_cswitch_B,0,17,23,3,0
before_raw_cswitch_B,0,17,24,2,0
before_raw_cswitch_B,0,17,25,-9,0
before_raw_cswitch_B,0,17,26,17,0
before_raw_cswitch_B,0,17,27,5,0
before_raw_cswitch_B,0,17,28,-6,0
before_raw_cswitch_B,0,17,29,-2,0
before_raw_cswitch_B,0,17,30,-7,0
before_raw_cswitch_B,0,17,31,-8,0
before_raw_cswitch_B,0,18,0,-10,0
before_raw_cswitch_B,0,18,1,-5,0
before_raw_cswitch_B,0,18,2,7,0
before_raw_cswitch_B,0,18,3,-5,0
before_raw_cswitch_B,0,18,4,4,0
before_raw_cswitch_B,0,18,5,7,0
before_raw_cswitch_B,0,18,6,10,0
before_raw_cswitch_B,0,18,7,-14,0
before_raw_cswitch_B,0,18,8,1,0
before_raw_cswitch_B,0,18,9,0,0
before_raw_cswitch_B,0,18,10,-7,0
before_raw_cswitch_B,0,18,11,-8,0
before_raw_cswitch_B,0,18,12,-6,0
before_raw_cswitch_B,0,18,13,-6,0
before_raw_cswitch_B,0,18,14,-4,0
before_raw_cswitch_B,0,18,15,-4,0
before_raw_cswitch_B,0,18,16,-7,0
before_raw_cswitch_B,0,18,17,-2,0
before_raw_cswitch_B,0,18,18,0,0
before_raw_cswitch_B,0,18,19,6,0
before_raw_cswitch_B,0,18,20,6,0
before_raw_cswitch_B,0,18,21,-4,0
before_raw_cswitch_B,0,18,22,-2,0
before_raw_cswitch_B,0,18,23,-5,0
before_raw_cswitch_B,0,18,24,4,0
before_raw_cswitch_B,0,18,25,-3,0
before_raw_cswitch_B,0,18,26,-10,0
before_raw_cswitch_B,0,18,27,-5,0
before_raw_cswitch_B,0,18,28,-7,0
before_raw_cswitch_B,0,18,29,-1,0
before_raw_cswitch_B,0,18,30,-3,0
before_raw_cswitch_B,0,18,31,-6,0
before_raw_cswitch_B,0,19,0,-12,0
before_raw_cswitch_B,0,19,1,-10,0
before_raw_cswitch_B,0,19,2,-13,0
before_raw_cswitch_B,0,19,3,-16,0
before_raw_cswitch_B,0,19,4,7,0
before_raw_cswitch_B,0,19,5,-20,0
before_raw_cswitch_B,0,19,6,13,0
before_raw_cswitch_B,0,19,7,7,0
before_raw_cswitch_B,0,19,8,-2,0
before_raw_cswitch_B,0,19,9,2,0
before_raw_cswitch_B,0,19,10,11,0
before_raw_cswitch_B,0,19,11,4,0
before_raw_cswitch_B,0,19,12,-6,0
before_raw_cswitch_B,0,19,13,-6,0
before_raw_cswitch_B,0,19,14,-12,0
before_raw_cswitch_B,0,19,15,-4,0
before_raw_cswitch_B,0,19,16,-12,0
before_raw_cswitch_B,0,19,17,20,0
before_raw_cswitch_B,0,19,18,6,0
before_raw_cswitch_B,0,19,19,9,0
before_raw_cswitch_B,0,19,20,-19,0
before_raw_cswitch_B,0,19,21,-7,0
before_raw_cswitch_B,0,19,22,0,0
before_raw_cswitch_B,0,19,23,0,0
before_raw_cswitch_B,0,19,24,-13,0
before_raw_cswitch_B,0,19,25,-4,0
before_raw_cswitch_B,0,19,26,1,0
before_raw_cswitch_B,0,19,27,1,0
before_raw_cswitch_B,0,19,28,15,0
before_raw_cswitch_B,0,19,29,-3,0
before_raw_cswitch_B,0,19,30,-8,0
before_raw_cswitch_B,0,19,31,-19,0
before_raw_cswitch_B,0,20,0,-10,0
before_raw_cswitch_B,0,20,1,-3,0
before_raw_cswitch_B,0,20,2,-6,0
before_raw_cswitch_B,0,20,3,0,0
before_raw_cswitch_B,0,20,4,-10,0
before_raw_cswitch_B,0,20,5,0,0
before_raw_cswitch_B,0,20,6,-6,0
before_raw_cswitch_B,0,20,7,-2,0
before_raw_cswitch_B,0,20,8,-3,0
before_raw_cswitch_B,0,20,9,-7,0
before_raw_cswitch_B,0,20,10,10,0
before_raw_cswitch_B,0,20,11,2,0
before_raw_cswitch_B,0,20,12,-5,0
before_raw_cswitch_B,0,20,13,12,0
before_raw_cswitch_B,0,20,14,2,0
before_raw_cswitch_B,0,20,15,1,0
before_raw_cswitch_B,0,20,16,-1,0
before_raw_cswitch_B,0,20,17,2,0
before_raw_cswitch_B,0,20,18,-11,0
before_raw_cswitch_B,0,20,19,4,0
before_raw_cswitch_B,0,20,20,-11,0
before_raw_cswitch_B,0,20,21,-3,0
before_raw_cswitch_B,0,20,22,-1,0
before_raw_cswitch_B,0,20,23,5,0
before_raw_cswitch_B,0,20,24,-2,0
before_raw_cswitch_B,0,20,25,-10,0
before_raw_cswitch_B,0,20,26,-1,0
before_raw_cswitch_B,0,20,27,0,0
before_raw_cswitch_B,0,20,28,1,0
before_raw_cswitch_B,0,20,29,0,0
before_raw_cswitch_B,0,20,30,6,0
before_raw_cswitch_B,0,20,31,-3,0
before_raw_cswitch_B,0,21,0,5,0
before_raw_cswitch_B,0,21,1,2,0
before_raw_cswitch_B,0,21,2,-1,0
before_raw_cswitch_B,0,21,3,-3,0
before_raw_cswitch_B,0,21,4,-6,0
before_raw_cswitch_B,0,21,5,-1,0
before_raw_cswitch_B,0,21,6,0,0
before_raw_cswitch_B,0,21,7,2,0
before_raw_cswitch_B,0,21,8,-1,0
before_raw_cswitch_B,0,21,9,5,0
before_raw_cswitch_B,0,21,10,-9,0
before_raw_cswitch_B,0,21,11,-2,0
before_raw_cswitch_B,0,21,12,7,0
before_raw_cswitch_B,0,21,13,0,0
before_raw_cswitch_B,0,21,14,19,0
before_raw_cswitch_B,0,21,15,6,0
before_raw_cswitch_B,0,21,16,1,0
before_raw_cswitch_B,0,21,17,-7,0
before_raw_cswitch_B,0,21,18,4,0
before_raw_cswitch_B,0,21,19,7,0
before_raw_cswitch_B,0,21,20,-3,0
before_raw_cswitch_B,0,21,21,-6,0
before_raw_cswitch_B,0,21,22,-12,0
before_raw_cswitch_B,0,21,23,0,0
before_raw_cswitch_B,0,21,24,-4,0
before_raw_cswitch_B,0,21,25,-6,0
before_raw_cswitch_B,0,21,26,6,0
before_raw_cswitch_B,0,21,27,5,0
before_raw_cswitch_B,0,21,28,0,0
before_raw_cswitch_B,0,21,29,-1,0
before_raw_cswitch_B,0,21,30,0,0
before_raw_cswitch_B,0,21,31,0,0
before_raw_cswitch_B,0,22,0,-1,0
before_raw_cswitch_B,0,22,1,3,0
before_raw_cswitch_B,0,22,2,0,0
before_raw_cswitch_B,0,22,3,4,0
before_raw_cswitch_B,0,22,4,-1,0
before_raw_cswitch_B,0,22,5,-2,0
before_raw_cswitch_B,0,22,6,-12,0
before_raw_cswitch_B,0,22,7,6,0
before_raw_cswitch_B,0,22,8,-11,0
before_raw_cswitch_B,0,22,9,2,0
before_raw_cswitch_B,0,22,10,5,0
before_raw_cswitch_B,0,22,11,-7,0
before_raw_cswitch_B,0,22,12,2,0
before_raw_cswitch_B,0,22,13,-5,0
before_raw_cswitch_B,0,22,14,10,0
before_raw_cswitch_B,0,22,15,-2,0
before_raw_cswitch_B,0,22,16,6,0
before_raw_cswitch_B,0,22,17,-18,0
before_raw_cswitch_B,0,22,18,-6,0
before_raw_cswitch_B,0,22,19,9,0
before_raw_cswitch_B,0,22,20,11,0
before_raw_cswitch_B,0,22,21,4,0
before_raw_cswitch_B,0,22,22,-9,0
before_raw_cswitch_B,0,22,23,-12,0
before_raw_cswitch_B,0,22,24,3,0
before_raw_cswitch_B,0,22,25,9,0
before_raw_cswitch_B,0,22,26,5,0
before_raw_cswitch_B,0,22,27,-1,0
before_raw_cswitch_B,0,22,28,0,0
before_raw_cswitch_B,0,22,29,13,0
before_raw_cswitch_B,0,22,30,-9,0
before_raw_cswitch_B,0,22,31,1,0
before_raw_cswitch_B,0,23,0,-4,0
before_raw_cswitch_B,0,23,1,6,0
before_raw_cswitch_B,0,23,2,8,0
before_raw_cswitch_B,0,23,3,9,0
before_raw_cswitch_B,0,23,4,1,0
before_raw_cswitch_B,0,23,5,-1,0
before_raw_cswitch_B,0,23,6,4,0
before_raw_cswitch_B,0,23,7,1,0
before_raw_cswitch_B,0,23,8,3,0
before_raw_cswitch_B,0,23,9,10,0
before_raw_cswitch_B,0,23,10,-2,0
before_raw_cswitch_B,0,23,11,5,0
before_raw_cswitch_B,0,23,12,-2,0
before_raw_cswitch_B,0,23,13,7,0
before_raw_cswitch_B,0,23,14,-6,0
before_raw_cswitch_B,0,23,15,0,0
before_raw_cswitch_B,0,23,16,-8,0
before_raw_cswitch_B,0,23,17,-12,0
before_raw_cswitch_B,0,23,18,-5,0
before_raw_cswitch_B,0,23,19,-1,0
before_raw_cswitch_B,0,23,20,0,0
before_raw_cswitch_B,0,23,21,4,0
before_raw_cswitch_B,0,23,22,1,0
before_raw_cswitch_B,0,23,23,-9,0
before_raw_cswitch_B,0,23,24,-4,0
before_raw_cswitch_B,0,23,25,-2,0
before_raw_cswitch_B,0,23,26,0,0
before_raw_cswitch_B,0,23,27,6,0
before_raw_cswitch_B,0,23,28,15,0
before_raw_cswitch_B,0,23,29,3,0
before_raw_cswitch_B,0,23,30,-5,0
before_raw_cswitch_B,0,23,31,-8,0
before_raw_cswitch_B,0,24,0,-1,0
before_raw_cswitch_B,0,24,1,5,0
before_raw_cswitch_B,0,24,2,1,0
before_raw_cswitch_B,0,24,3,1,0
before_raw_cswitch_B,0,24,4,-4,0
before_raw_cswitch_B,0,24,5,-13,0
before_raw_cswitch_B,0,24,6,5,0
before_raw_cswitch_B,0,24,7,8,0
before_raw_cswitch_B,0,24,8,1,0
before_raw_cswitch_B,0,24,9,4,0
before_raw_cswitch_B,0,24,10,3,0
before_raw_cswitch_B,0,24,11,-5,0
before_raw_cswitch_B,0,24,12,4,0
before_raw_cswitch_B,0,24,13,-4,0
before_raw_cswitch_B,0,24,14,-7,0
before_raw_cswitch_B,0,24,15,-2,0
before_raw_cswitch_B,0,24,16,4,0
before_raw_cswitch_B,0,24,17,9,0
before_raw_cswitch_B,0,24,18,-2,0
before_raw_cswitch_B,0,24,19,-9,0
before_raw_cswitch_B,0,24,20,6,0
before_raw_cswitch_B,0,24,21,3,0
before_raw_cswitch_B,0,24,22,-8,0
before_raw_cswitch_B,0,24,23,-2,0
before_raw_cswitch_B,0,24,24,5,0
before_raw_cswitch_B,0,24,25,-10,0
before_raw_cswitch_B,0,24,26,6,0
before_raw_cswitch_B,0,24,27,0,0
before_raw_cswitch_B,0,24,28,-3,0
before_raw_cswitch_B,0,24,29,0,0
before_raw_cswitch_B,0,24,30,-1,0
before_raw_cswitch_B,0,24,31,-9,0
before_raw_cswitch_B,0,25,0,2,0
before_raw_cswitch_B,0,25,1,-3,0
before_raw_cswitch_B,0,25,2,3,0
before_raw_cswitch_B,0,25,3,-10,0
before_raw_cswitch_B,0,25,4,-2,0
before_raw_cswitch_B,0,25,5,13,0
before_raw_cswitch_B,0,25,6,0,0
before_raw_cswitch_B,0,25,7,18,0
before_raw_cswitch_B,0,25,8,6,0
before_raw_cswitch_B,0,25,9,13,0
before_raw_cswitch_B,0,25,10,-5,0
before_raw_cswitch_B,0,25,11,-1,0
before_raw_cswitch_B,0,25,12,4,0
before_raw_cswitch_B,0,25,13,-2,0
before_raw_cswitch_B,0,25,14,9,0
before_raw_cswitch_B,0,25,15,30,0
before_raw_cswitch_B,0,25,16,-2,0
before_raw_cswitch_B,0,25,17,-11,0
before_raw_cswitch_B,0,25,18,17,0
before_raw_cswitch_B,0,25,19,-1,0
before_raw_cswitch_B,0,25,20,-4,0
before_raw_cswitch_B,0,25,21,19,0
before_raw_cswitch_B,0,25,22,16,0
before_raw_cswitch_B,0,25,23,0,0
before_raw_cswitch_B,0,25,24,4,0
before_raw_cswitch_B,0,25,25,1,0
before_raw_cswitch_B,0,25,26,-1,0
before_raw_cswitch_B,0,25,27,19,0
before_raw_cswitch_B,0,25,28,8,0
before_raw_cswitch_B,0,25,29,2,0
before_raw_cswitch_B,0,25,30,16,0
before_raw_cswitch_B,0,25,31,26,0
before_raw_cswitch_B,0,26,0,3,0
before_raw_cswitch_B,0,26,1,0,0
before_raw_cswitch_B,0,26,2,-5,0
before_raw_cswitch_B,0,26,3,-9,0
before_raw_cswitch_B,0,26,4,-1,0
before_raw_cswitch_B,0,26,5,-6,0
before_raw_cswitch_B,0,26,6,-2,0
before_raw_cswitch_B,0,26,7,-2,0
before_raw_cswitch_B,0,26,8,0,0
before_raw_cswitch_B,0,26,9,0,0
before_raw_cswitch_B,0,26,10,7,0
before_raw_cswitch_B,0,26,11,8,0
before_raw_cswitch_B,0,26,12,-8,0
before_raw_cswitch_B,0,26,13,3,0
before_raw_cswitch_B,0,26,14,-1,0
before_raw_cswitch_B,0,26,15,-2,0
before_raw_cswitch_B,0,26,16,7,0
before_raw_cswitch_B,0,26,17,12,0
before_raw_cswitch_B,0,26,18,-1,0
before_raw_cswitch_B,0,26,19,-2,0
before_raw_cswitch_B,0,26,20,-12,0
before_raw_cswitch_B,0,26,21,-1,0
before_raw_cswitch_B,0,26,22,-3,0
before_raw_cswitch_B,0,26,23,3,0
before_raw_cswitch_B,0,26,24,-4,0
before_raw_cswitch_B,0,26,25,-12,0
before_raw_cswitch_B,0,26,26,0,0
before_raw_cswitch_B,0,26,27,-3,0
before_raw_cswitch_B,0,26,28,-5,0
before_raw_cswitch_B,0,26,29,-8,0
before_raw_cswitch_B,0,26,30,-9,0
before_raw_cswitch_B,0,26,31,-3,0
before_raw_cswitch_B,0,27,0,-2,0
before_raw_cswitch_B,0,27,1,4,0
before_raw_cswitch_B,0,27,2,-3,0
before_raw_cswitch_B,0,27,3,1,0
before_raw_cswitch_B,0,27,4,3,0
before_raw_cswitch_B,0,27,5,5,0
before_raw_cswitch_B,0,27,6,-5,0
before_raw_cswitch_B,0,27,7,-3,0
before_raw_cswitch_B,0,27,8,0,0
before_raw_cswitch_B,0,27,9,-2,0
before_raw_cswitch_B,0,27,10,2,0
before_raw_cswitch_B,0,27,11,0,0
before_raw_cswitch_B,0,27,12,2,0
before_raw_cswitch_B,0,27,13,-6,0
before_raw_cswitch_B,0,27,14,7,0
before_raw_cswitch_B,0,27,15,-5,0
before_raw_cswitch_B,0,27,16,0,0
before_raw_cswitch_B,0,27,17,-15,0
before_raw_cswitch_B,0,27,18,4,0
before_raw_cswitch_B,0,27,19,-4,0
before_raw_cswitch_B,0,27,20,6,0
before_raw_cswitch_B,0,27,21,-10,0
before_raw_cswitch_B,0,27,22,2,0
before_raw_cswitch_B,0,27,23,7,0
before_raw_cswitch_B,0,27,24,-15,0
before_raw_cswitch_B,0,27,25,-7,0
before_raw_cswitch_B,0,27,26,-3,0
before_raw_cswitch_B,0,27,27,-10,0
before_raw_cswitch_B,0,27,28,4,0
before_raw_cswitch_B,0,27,29,-4,0
before_raw_cswitch_B,0,27,30,6,0
before_raw_cswitch_B,0,27,31,0,0
before_raw_cswitch_B,0,28,0,15,0
before_raw_cswitch_B,0,28,1,-3,0
before_raw_cswitch_B,0,28,2,11,0
before_raw_cswitch_B,0,28,3,-7,0
before_raw_cswitch_B,0,28,4,5,0
before_raw_cswitch_B,0,28,5,-7,0
before_raw_cswitch_B,0,28,6,2,0
before_raw_cswitch_B,0,28,7,0,0
before_raw_cswitch_B,0,28,8,6,0
before_raw_cswitch_B,0,28,9,-16,0
before_raw_cswitch_B,0,28,10,9,0
before_raw_cswitch_B,0,28,11,-1,0
before_raw_cswitch_B,0,28,12,-2,0
before_raw_cswitch_B,0,28,13,-1,0
before_raw_cswitch_B,0,28,14,10,0
before_raw_cswitch_B,0,28,15,-7,0
before_raw_cswitch_B,0,28,16,5,0
before_raw_cswitch_B,0,28,17,2,0
before_raw_cswitch_B,0,28,18,15,0
before_raw_cswitch_B,0,28,19,-12,0
before_raw_cswitch_B,0,28,20,-11,0
before_raw_cswitch_B,0,28,21,0,0
before_raw_cswitch_B,0,28,22,5,0
before_raw_cswitch_B,0,28,23,8,0
before_raw_cswitch_B,0,28,24,-4,0
before_raw_cswitch_B,0,28,25,5,0
before_raw_cswitch_B,0,28,26,0,0
before_raw_cswitch_B,0,28,27,6,0
before_raw_cswitch_B,0,28,28,-4,0
before_raw_cswitch_B,0,28,29,-5,0
before_raw_cswitch_B,0,28,30,5,0
before_raw_cswitch_B,0,28,31,0,0
before_raw_cswitch_B,0,29,0,0,0
before_raw_cswitch_B,0,29,1,-19,0
before_raw_cswitch_B,0,29,2,-1,0
before_raw_cswitch_B,0,29,3,-11,0
before_raw_cswitch_B,0,29,4,5,0
before_raw_cswitch_B,0,29,5,-4,0
before_raw_cswitch_B,0,29,6,-8,0
before_raw_cswitch_B,0,29,7,-8,0
before_raw_cswitch_B,0,29,8,-7,0
before_raw_cswitch_B,0,29,9,-3,0
before_raw_cswitch_B,0,29,10,18,0
before_raw_cswitch_B,0,29,11,2,0
before_raw_cswitch_B,0,29,12,3,0
before_raw_cswitch_B,0,29,13,6,0
before_raw_cswitch_B,0,29,14,9,0
before_raw_cswitch_B,0,29,15,2,0
before_raw_cswitch_B,0,29,16,9,0
before_raw_cswitch_B,0,29,17,-8,0
before_raw_cswitch_B,0,29,18,5,0
before_raw_cswitch_B,0,29,19,1,0
before_raw_cswitch_B,0,29,20,-10,0
before_raw_cswitch_B,0,29,21,-4,0
before_raw_cswitch_B,0,29,22,-2,0
before_raw_cswitch_B,0,29,23,0,0
before_raw_cswitch_B,0,29,24,16,0
before_raw_cswitch_B,0,29,25,3,0
before_raw_cswitch_B,0,29,26,0,0
before_raw_cswitch_B,0,29,27,-7,0
before_raw_cswitch_B,0,29,28,-7,0
before_raw_cswitch_B,0,29,29,-4,0
before_raw_cswitch_B,0,29,30,-3,0
before_raw_cswitch_B,0,29,31,10,0
before_raw_cswitch_B,0,30,0,-2,0
before_raw_cswitch_B,0,30,1,-20,0
before_raw_cswitch_B,0,30,2,3,0
before_raw_cswitch_B,0,30,3,-1,0
before_raw_cswitch_B,0,30,4,-3,0
before_raw_cswitch_B,0,30,5,-13,0
before_raw_cswitch_B,0,30,6,10,0
before_raw_cswitch_B,0,30,7,0,0
before_raw_cswitch_B,0,30,8,-1,0
before_raw_cswitch_B,0,30,9,-6,0
before_raw_cswitch_B,0,30,10,-1,0
before_raw_cswitch_B,0,30,11,-13,0
before_raw_cswitch_B,0,30,12,-3,0
before_raw_cswitch_B,0,30,13,6,0
before_raw_cswitch_B,0,30,14,-10,0
before_raw_cswitch_B,0,30,15,-10,0
before_raw_cswitch_B,0,30,16,-6,0
before_raw_cswitch_B,0,30,17,11,0
before_raw_cswitch_B,0,30,18,13,0
before_raw_cswitch_B,0,30,19,-16,0
before_raw_cswitch_B,0,30,20,1,0
before_raw_cswitch_B,0,30,21,-5,0
before_raw_cswitch_B,0,30,22,-9,0
before_raw_cswitch_B,0,30,23,5,0
before_raw_cswitch_B,0,30,24,-2,0
before_raw_cswitch_B,0,30,25,3,0
before_raw_cswitch_B,0,30,26,5,0
before_raw_cswitch_B,0,30,27,-6,0
before_raw_cswitch_B,0,30,28,5,0
before_raw_cswitch_B,0,30,29,-5,0
before_raw_cswitch_B,0,30,30,5,0
before_raw_cswitch_B,0,30,31,-6,0
before_raw_cswitch_B,0,31,0,5,0
before_raw_cswitch_B,0,31,1,-2,0
before_raw_cswitch_B,0,31,2,-17,0
before_raw_cswitch_B,0,31,3,-7,0
before_raw_cswitch_B,0,31,4,-7,0
before_raw_cswitch_B,0,31,5,-5,0
before_raw_cswitch_B,0,31,6,-3,0
before_raw_cswitch_B,0,31,7,-3,0
before_raw_cswitch_B,0,31,8,0,0
before_raw_cswitch_B,0,31,9,-11,0
before_raw_cswitch_B,0,31,10,-2,0
before_raw_cswitch_B,0,31,11,2,0
before_raw_cswitch_B,0,31,12,-4,0
before_raw_cswitch_B,0,31,13,3,0
before_raw_cswitch_B,0,31,14,-3,0
before_raw_cswitch_B,0,31,15,8,0
before_raw_cswitch_B,0,31,16,3,0
before_raw_cswitch_B,0,31,17,-1,0
before_raw_cswitch_B,0,31,18,0,0
before_raw_cswitch_B,0,31,19,-7,0
before_raw_cswitch_B,0,31,20,-9,0
before_raw_cswitch_B,0,31,21,-5,0
before_raw_cswitch_B,0,31,22,5,0
before_raw_cswitch_B,0,31,23,-8,0
before_raw_cswitch_B,0,31,24,8,0
before_raw_cswitch_B,0,31,25,8,0
before_raw_cswitch_B,0,31,26,-14,0
before_raw_cswitch_B,0,31,27,-4,0
before_raw_cswitch_B,0,31,28,1,0
before_raw_cswitch_B,0,31,29,3,0
before_raw_cswitch_B,0,31,30,2,0
before_raw_cswitch_B,0,31,31,-5,0
