context,k,act0,act1,act2,act3,act4,act5,act6,act7,act8,act9,act10,act11,act12,act13,act14,act15,act16,act17,act18,act19,act20,act21,act22,act23,act24,act25,act26,act27,act28,act29,act30,act31
0,0,-76,-33,94,-27,-76,16,75,43,-76,-76,-76,-76,-76,-76,-76,-76,-76,-76,-76,-76,-76,-76,-76,-76,-76,-76,-76,-76,-76,-76,-76,-76
0,1,-33,94,-27,-76,16,75,43,53,-33,-33,-33,-33,-33,-33,-33,-33,-33,-33,-33,-33,-33,-33,-33,-33,-33,-33,-33,-33,-33,-33,-33,-33
0,2,94,-27,-76,16,75,43,53,-104,94,94,94,94,94,94,94,94,94,94,94,94,94,94,94,94,94,94,94,94,94,94,94,94
0,3,-53,59,-4,83,102,75,-77,-53,-53,-53,-53,-53,-53,-53,-53,-53,-53,-53,-53,-53,-53,-53,-53,-53,-53,-53,-53,-53,-53,-53,-53,-53
0,4,59,-4,83,102,75,-77,-53,13,59,59,59,59,59,59,59,59,59,59,59,59,59,59,59,59,59,59,59,59,59,59,59,59
0,5,-4,83,102,75,-77,-53,13,38,-4,-4,-4,-4,-4,-4,-4,-4,-4,-4,-4,-4,-4,-4,-4,-4,-4,-4,-4,-4,-4,-4,-4,-4
0,6,89,-115,-118,83,29,14,-86,43,89,89,89,89,89,89,89,89,89,89,89,89,89,89,89,89,89,89,89,89,89,89,89,89
0,7,-115,-118,83,29,14,-86,43,-1,-115,-115,-115,-115,-115,-115,-115,-115,-115,-115,-115,-115,-115,-115,-115,-115,-115,-115,-115,-115,-115,-115,-115,-115
0,8,-118,83,29,14,-86,43,-1,-82,-118,-118,-118,-118,-118,-118,-118,-118,-118,-118,-118,-118,-118,-118,-118,-118,-118,-118,-118,-118,-118,-118,-118,-118
0,9,42,-116,-101,-77,-26,-50,2,-88,42,42,42,42,42,42,42,42,42,42,42,42,42,42,42,42,42,42,42,42,42,42,42,42
0,10,-116,-101,-77,-26,-50,2,-88,-4,-116,-116,-116,-116,-116,-116,-116,-116,-116,-116,-116,-116,-116,-116,-116,-116,-116,-116,-116,-116,-116,-116,-116,-116
0,11,-101,-77,-26,-50,2,-88,-4,-122,-101,-101,-101,-101,-101,-101,-101,-101,-101,-101,-101,-101,-101,-101,-101,-101,-101,-101,-101,-101,-101,-101,-101,-101
0,12,49,99,87,-21,-52,-81,91,70,49,49,49,49,49,49,49,49,49,49,49,49,49,49,49,49,49,49,49,49,49,49,49,49
0,13,99,87,-21,-52,-81,91,70,26,99,99,99,99,99,99,99,99,99,99,99,99,99,99,99,99,99,99,99,99,99,99,99,99
0,14,87,-21,-52,-81,91,70,26,55,87,87,87,87,87,87,87,87,87,87,87,87,87,87,87,87,87,87,87,87,87,87,87,87
0,15,-26,88,-16,62,-96,-37,-90,83,-26,-26,-26,-26,-26,-26,-26,-26,-26,-26,-26,-26,-26,-26,-26,-26,-26,-26,-26,-26,-26,-26,-26,-26
0,16,88,-16,62,-96,-37,-90,83,102,88,88,88,88,88,88,88,88,88,88,88,88,88,88,88,88,88,88,88,88,88,88,88,88
0,17,-16,62,-96,-37,-90,83,102,30,-16,-16,-16,-16,-16,-16,-16,-16,-16,-16,-16,-16,-16,-16,-16,-16,-16,-16,-16,-16,-16,-16,-16,-16
0,18,53,77,-100,-72,107,-15,-82,70,53,53,53,53,53,53,53,53,53,53,53,53,53,53,53,53,53,53,53,53,53,53,53,53
0,19,77,-100,-72,107,-15,-82,70,-107,77,77,77,77,77,77,77,77,77,77,77,77,77,77,77,77,77,77,77,77,77,77,77,77
0,20,-100,-72,107,-15,-82,70,-107,34,-100,-100,-100,-100,-100,-100,-100,-100,-100,-100,-100,-100,-100,-100,-100,-100,-100,-100,-100,-100,-100,-100,-100,-100
0,21,120,55,100,-19,-43,27,67,-66,120,120,120,120,120,120,120,120,120,120,120,120,120,120,120,120,120,120,120,120,120,120,120,120
0,22,55,100,-19,-43,27,67,-66,-70,55,55,55,55,55,55,55,55,55,55,55,55,55,55,55,55,55,55,55,55,55,55,55,55
0,23,100,-19,-43,27,67,-66,-70,-79,100,100,100,100,100,100,100,100,100,100,100,100,100,100,100,100,100,100,100,100,100,100,100,100
0,24,-73,-99,14,90,59,-27,39,101,-73,-73,-73,-73,-73,-73,-73,-73,-73,-73,-73,-73,-73,-73,-73,-73,-73,-73,-73,-73,-73,-73,-73,-73
0,25,-99,14,90,59,-27,39,101,-113,-99,-99,-99,-99,-99,-99,-99,-99,-99,-99,-99,-99,-99,-99,-99,-99,-99,-99,-99,-99,-99,-99,-99,-99
0,26,14,90,59,-27,39,101,-113,-95,14,14,14,14,14,14,14,14,14,14,14,14,14,14,14,14,14,14,14,14,14,14,14,14
0,27,-120,-70,84,86,124,-64,-55,-93,-120,-120,-120,-120,-120,-120,-120,-120,-120,-120,-120,-120,-120,-120,-120,-120,-120,-120,-120,-120,-120,-120,-120,-120
0,28,-70,84,86,124,-64,-55,-93,65,-70,-70,-70,-70,-70,-70,-70,-70,-70,-70,-70,-70,-70,-70,-70,-70,-70,-70,-70,-70,-70,-70,-70,-70
0,29,84,86,124,-64,-55,-93,65,-91,84,84,84,84,84,84,84,84,84,84,84,84,84,84,84,84,84,84,84,84,84,84,84,84
0,30,0,110,-30,62,1,49,13,22,0,0,0,0,0,0,0,0,0,0,0,0,0,0,0,0,0,0,0,0,0,0,0,0
0,31,110,-30,62,1,49,13,22,-57,110,110,110,110,110,110,110,110,110,110,110,110,110,110,110,110,110,110,110,110,110,110,110,110
0,32,-30,62,1,49,13,22,-57,-7,-30,-30,-30,-30,-30,-30,-30,-30,-30,-30,-30,-30,-30,-30,-30,-30,-30,-30,-30,-30,-30,-30,-30,-30
0,33,80,43,-20,-53,-86,57,-7,-100,80,80,80,80,80,80,80,80,80,80,80,80,80,80,80,80,80,80,80,80,80,80,80,80
0,34,43,-20,-53,-86,57,-7,-100,32,43,43,43,43,43,43,43,43,43,43,43,43,43,43,43,43,43,43,43,43,43,43,43,43
0,35,-20,-53,-86,57,-7,-100,32,-32,-20,-20,-20,-20,-20,-20,-20,-20,-20,-20,-20,-20,-20,-20,-20,-20,-20,-20,-20,-20,-20,-20,-20,-20
0,36,-33,91,45,55,95,103,-50,-127,-33,-33,-33,-33,-33,-33,-33,-33,-33,-33,-33,-33,-33,-33,-33,-33,-33,-33,-33,-33,-33,-33,-33,-33
0,37,91,45,55,95,103,-50,-127,-106,91,91,91,91,91,91,91,91,91,91,91,91,91,91,91,91,91,91,91,91,91,91,91,91
0,38,45,55,95,103,-50,-127,-106,-28,45,45,45,45,45,45,45,45,45,45,45,45,45,45,45,45,45,45,45,45,45,45,45,45
0,39,37,-90,114,46,15,73,123,91,37,37,37,37,37,37,37,37,37,37,37,37,37,37,37,37,37,37,37,37,37,37,37,37
0,40,-90,114,46,15,73,123,91,95,-90,-90,-90,-90,-90,-90,-90,-90,-90,-90,-90,-90,-90,-90,-90,-90,-90,-90,-90,-90,-90,-90,-90,-90
0,41,114,46,15,73,123,91,95,-85,114,114,114,114,114,114,114,114,114,114,114,114,114,114,114,114,114,114,114,114,114,114,114,114
0,42,6,52,-27,57,63,-58,-28,57,6,6,6,6,6,6,6,6,6,6,6,6,6,6,6,6,6,6,6,6,6,6,6,6
0,43,52,-27,57,63,-58,-28,57,-120,52,52,52,52,52,52,52,52,52,52,52,52,52,52,52,52,52,52,52,52,52,52,52,52
0,44,-27,57,63,-58,-28,57,-120,-91,-27,-27,-27,-27,-27,-27,-27,-27,-27,-27,-27,-27,-27,-27,-27,-27,-27,-27,-27,-27,-27,-27,-27,-27
0,45,-59,-57,106,-121,69,74,12,-105,-59,-59,-59,-59,-59,-59,-59,-59,-59,-59,-59,-59,-59,-59,-59,-59,-59,-59,-59,-59,-59,-59,-59,-59
0,46,-57,106,-121,69,74,12,-105,-24,-57,-57,-57,-57,-57,-57,-57,-57,-57,-57,-57,-57,-57,-57,-57,-57,-57,-57,-57,-57,-57,-57,-57,-57
0,47,106,-121,69,74,12,-105,-24,94,106,106,106,106,106,106,106,106,106,106,106,106,106,106,106,106,106,106,106,106,106,106,106,106
0,48,-98,43,75,2,-70,85,43,6,-98,-98,-98,-98,-98,-98,-98,-98,-98,-98,-98,-98,-98,-98,-98,-98,-98,-98,-98,-98,-98,-98,-98,-98
0,49,43,75,2,-70,85,43,6,126,43,43,43,43,43,43,43,43,43,43,43,43,43,43,43,43,43,43,43,43,43,43,43,43
0,50,75,2,-70,85,43,6,126,-24,75,75,75,75,75,75,75,75,75,75,75,75,75,75,75,75,75,75,75,75,75,75,75,75
0,51,16,-97,4,-12,37,-78,-111,-8,16,16,16,16,16,16,16,16,16,16,16,16,16,16,16,16,16,16,16,16,16,16,16,16
0,52,-97,4,-12,37,-78,-111,-8,10,-97,-97,-97,-97,-97,-97,-97,-97,-97,-97,-97,-97,-97,-97,-97,-97,-97,-97,-97,-97,-97,-97,-97,-97
0,53,4,-12,37,-78,-111,-8,10,46,4,4,4,4,4,4,4,4,4,4,4,4,4,4,4,4,4,4,4,4,4,4,4,4
0,54,66,-41,-35,-59,-41,-32,-105,-33,66,66,66,66,66,66,66,66,66,66,66,66,66,66,66,66,66,66,66,66,66,66,66,66
0,55,-41,-35,-59,-41,-32,-105,-33,-109,-41,-41,-41,-41,-41,-41,-41,-41,-41,-41,-41,-41,-41,-41,-41,-41,-41,-41,-41,-41,-41,-41,-41,-41
0,56,-35,-59,-41,-32,-105,-33,-109,98,-35,-35,-35,-35,-35,-35,-35,-35,-35,-35,-35,-35,-35,-35,-35,-35,-35,-35,-35,-35,-35,-35,-35,-35
0,57,107,53,42,91,15,-26,44,-113,107,107,107,107,107,107,107,107,107,107,107,107,107,107,107,107,107,107,107,107,107,107,107,107
0,58,53,42,91,15,-26,44,-113,41,53,53,53,53,53,53,53,53,53,53,53,53,53,53,53,53,53,53,53,53,53,53,53,53
0,59,42,91,15,-26,44,-113,41,-40,42,42,42,42,42,42,42,42,42,42,42,42,42,42,42,42,42,42,42,42,42,42,42,42
0,60,0,-37,82,70,74,77,93,124,0,0,0,0,0,0,0,0,0,0,0,0,0,0,0,0,0,0,0,0,0,0,0,0
0,61,-37,82,70,74,77,93,124,124,-37,-37,-37,-37,-37,-37,-37,-37,-37,-37,-37,-37,-37,-37,-37,-37,-37,-37,-37,-37,-37,-37,-37,-37
0,62,82,70,74,77,93,124,124,-84,82,82,82,82,82,82,82,82,82,82,82,82,82,82,82,82,82,82,82,82,82,82,82,82
0,63,23,45,107,-28,-45,112,61,47,23,23,23,23,23,23,23,23,23,23,23,23,23,23,23,23,23,23,23,23,23,23,23,23
0,64,45,107,-28,-45,112,61,47,-122,45,45,45,45,45,45,45,45,45,45,45,45,45,45,45,45,45,45,45,45,45,45,45,45
0,65,107,-28,-45,112,61,47,-122,47,107,107,107,107,107,107,107,107,107,107,107,107,107,107,107,107,107,107,107,107,107,107,107,107
0,66,-66,115,127,51,74,-49,42,-14,-66,-66,-66,-66,-66,-66,-66,-66,-66,-66,-66,-66,-66,-66,-66,-66,-66,-66,-66,-66,-66,-66,-66,-66
0,67,115,127,51,74,-49,42,-14,79,115,115,115,115,115,115,115,115,115,115,115,115,115,115,115,115,115,115,115,115,115,115,115,115
0,68,127,51,74,-49,42,-14,79,-86,127,127,127,127,127,127,127,127,127,127,127,127,127,127,127,127,127,127,127,127,127,127,127,127
0,69,61,-2,37,-72,38,-21,-26,32,61,61,61,61,61,61,61,61,61,61,61,61,61,61,61,61,61,61,61,61,61,61,61,61
0,70,-2,37,-72,38,-21,-26,32,-48,-2,-2,-2,-2,-2,-2,-2,-2,-2,-2,-2,-2,-2,-2,-2,-2,-2,-2,-2,-2,-2,-2,-2,-2
0,71,37,-72,38,-21,-26,32,-48,24,37,37,37,37,37,37,37,37,37,37,37,37,37,37,37,37,37,37,37,37,37,37,37,37
0,72,-18,-126,-2,114,37,-96,-101,68,-18,-18,-18,-18,-18,-18,-18,-18,-18,-18,-18,-18,-18,-18,-18,-18,-18,-18,-18,-18,-18,-18,-18,-18
0,73,-126,-2,114,37,-96,-101,68,-114,-126,-126,-126,-126,-126,-126,-126,-126,-126,-126,-126,-126,-126,-126,-126,-126,-126,-126,-126,-126,-126,-126,-126,-126
0,74,-2,114,37,-96,-101,68,-114,88,-2,-2,-2,-2,-2,-2,-2,-2,-2,-2,-2,-2,-2,-2,-2,-2,-2,-2,-2,-2,-2,-2,-2,-2
0,75,68,13,25,65,-16,13,97,52,68,68,68,68,68,68,68,68,68,68,68,68,68,68,68,68,68,68,68,68,68,68,68,68
0,76,13,25,65,-16,13,97,52,66,13,13,13,13,13,13,13,13,13,13,13,13,13,13,13,13,13,13,13,13,13,13,13,13
0,77,25,65,-16,13,97,52,66,121,25,25,25,25,25,25,25,25,25,25,25,25,25,25,25,25,25,25,25,25,25,25,25,25
0,78,11,76,46,65,-22,-90,-90,127,11,11,11,11,11,11,11,11,11,11,11,11,11,11,11,11,11,11,11,11,11,11,11,11
0,79,76,46,65,-22,-90,-90,127,-94,76,76,76,76,76,76,76,76,76,76,76,76,76,76,76,76,76,76,76,76,76,76,76,76
0,80,46,65,-22,-90,-90,127,-94,34,46,46,46,46,46,46,46,46,46,46,46,46,46,46,46,46,46,46,46,46,46,46,46,46
0,81,-5,-85,34,-120,28,-65,-122,-8,-5,-5,-5,-5,-5,-5,-5,-5,-5,-5,-5,-5,-5,-5,-5,-5,-5,-5,-5,-5,-5,-5,-5,-5
0,82,-85,34,-120,28,-65,-122,-8,125,-85,-85,-85,-85,-85,-85,-85,-85,-85,-85,-85,-85,-85,-85,-85,-85,-85,-85,-85,-85,-85,-85,-85,-85
0,83,34,-120,28,-65,-122,-8,125,-93,34,34,34,34,34,34,34,34,34,34,34,34,34,34,34,34,34,34,34,34,34,34,34,34
0,84,82,-11,89,17,-65,109,-20,-80,82,82,82,82,82,82,82,82,82,82,82,82,82,82,82,82,82,82,82,82,82,82,82,82
0,85,-11,89,17,-65,109,-20,-80,65,-11,-11,-11,-11,-11,-11,-11,-11,-11,-11,-11,-11,-11,-11,-11,-11,-11,-11,-11,-11,-11,-11,-11,-11
0,86,89,17,-65,109,-20,-80,65,-102,89,89,89,89,89,89,89,89,89,89,89,89,89,89,89,89,89,89,89,89,89,89,89,89
0,87,104,11,127,-17,-14,48,-38,16,104,104,104,104,104,104,104,104,104,104,104,104,104,104,104,104,104,104,104,104,104,104,104,104
0,88,11,127,-17,-14,48,-38,16,-115,11,11,11,11,11,11,11,11,11,11,11,11,11,11,11,11,11,11,11,11,11,11,11,11
0,89,127,-17,-14,48,-38,16,-115,-118,127,127,127,127,127,127,127,127,127,127,127,127,127,127,127,127,127,127,127,127,127,127,127,127
0,90,-71,86,26,-72,-36,64,-68,-60,-71,-71,-71,-71,-71,-71,-71,-71,-71,-71,-71,-71,-71,-71,-71,-71,-71,-71,-71,-71,-71,-71,-71,-71
0,91,86,26,-72,-36,64,-68,-60,64,86,86,86,86,86,86,86,86,86,86,86,86,86,86,86,86,86,86,86,86,86,86,86,86
0,92,26,-72,-36,64,-68,-60,64,-86,26,26,26,26,26,26,26,26,26,26,26,26,26,26,26,26,26,26,26,26,26,26,26,26
0,93,24,66,-80,10,44,10,-74,70,24,24,24,24,24,24,24,24,24,24,24,24,24,24,24,24,24,24,24,24,24,24,24,24
0,94,66,-80,10,44,10,-74,70,-16,66,66,66,66,66,66,66,66,66,66,66,66,66,66,66,66,66,66,66,66,66,66,66,66
0,95,-80,10,44,10,-74,70,-16,-21,-80,-80,-80,-80,-80,-80,-80,-80,-80,-80,-80,-80,-80,-80,-80,-80,-80,-80,-80,-80,-80,-80,-80,-80
0,96,-54,-25,-20,-114,50,72,-77,34,-54,-54,-54,-54,-54,-54,-54,-54,-54,-54,-54,-54,-54,-54,-54,-54,-54,-54,-54,-54,-54,-54,-54,-54
0,97,-25,-20,-114,50,72,-77,34,-31,-25,-25,-25,-25,-25,-25,-25,-25,-25,-25,-25,-25,-25,-25,-25,-25,-25,-25,-25,-25,-25,-25,-25,-25
0,98,-20,-114,50,72,-77,34,-31,38,-20,-20,-20,-20,-20,-20,-20,-20,-20,-20,-20,-20,-20,-20,-20,-20,-20,-20,-20,-20,-20,-20,-20,-20
0,99,55,76,41,-21,52,102,-97,2,55,55,55,55,55,55,55,55,55,55,55,55,55,55,55,55,55,55,55,55,55,55,55,55
0,100,76,41,-21,52,102,-97,2,125,76,76,76,76,76,76,76,76,76,76,76,76,76,76,76,76,76,76,76,76,76,76,76,76
0,101,41,-21,52,102,-97,2,125,43,41,41,41,41,41,41,41,41,41,41,41,41,41,41,41,41,41,41,41,41,41,41,41,41
0,102,-108,51,89,-52,-71,-116,60,-81,-108,-108,-108,-108,-108,-108,-108,-108,-108,-108,-108,-108,-108,-108,-108,-108,-108,-108,-108,-108,-108,-108,-108,-108
0,103,51,89,-52,-71,-116,60,-81,-3,51,51,51,51,51,51,51,51,51,51,51,51,51,51,51,51,51,51,51,51,51,51,51,51
0,104,89,-52,-71,-116,60,-81,-3,-113,89,89,89,89,89,89,89,89,89,89,89,89,89,89,89,89,89,89,89,89,89,89,89,89
0,105,19,-63,-121,37,93,-91,-47,-72,19,19,19,19,19,19,19,19,19,19,19,19,19,19,19,19,19,19,19,19,19,19,19,19
0,106,-63,-121,37,93,-91,-47,-72,-62,-63,-63,-63,-63,-63,-63,-63,-63,-63,-63,-63,-63,-63,-63,-63,-63,-63,-63,-63,-63,-63,-63,-63,-63
0,107,-121,37,93,-91,-47,-72,-62,-21,-121,-121,-121,-121,-121,-121,-121,-121,-121,-121,-121,-121,-121,-121,-121,-121,-121,-121,-121,-121,-121,-121,-121,-121
0,108,89,46,-120,-83,-31,-103,21,-66,89,89,89,89,89,89,89,89,89,89,89,89,89,89,89,89,89,89,89,89,89,89,89,89
0,109,46,-120,-83,-31,-103,21,-66,106,46,46,46,46,46,46,46,46,46,46,46,46,46,46,46,46,46,46,46,46,46,46,46,46
0,110,-120,-83,-31,-103,21,-66,106,83,-120,-120,-120,-120,-120,-120,-120,-120,-120,-120,-120,-120,-120,-120,-120,-120,-120,-120,-120,-120,-120,-120,-120,-120
0,111,-73,-103,17,-11,9,-60,-42,-55,-73,-73,-73,-73,-73,-73,-73,-73,-73,-73,-73,-73,-73,-73,-73,-73,-73,-73,-73,-73,-73,-73,-73,-73
0,112,-103,17,-11,9,-60,-42,-55,56,-103,-103,-103,-103,-103,-103,-103,-103,-103,-103,-103,-103,-103,-103,-103,-103,-103,-103,-103,-103,-103,-103,-103,-103
0,113,17,-11,9,-60,-42,-55,56,-119,17,17,17,17,17,17,17,17,17,17,17,17,17,17,17,17,17,17,17,17,17,17,17,17
0,114,-121,56,-61,121,120,-71,-63,-44,-121,-121,-121,-121,-121,-121,-121,-121,-121,-121,-121,-121,-121,-121,-121,-121,-121,-121,-121,-121,-121,-121,-121,-121
0,115,56,-61,121,120,-71,-63,-44,14,56,56,56,56,56,56,56,56,56,56,56,56,56,56,56,56,56,56,56,56,56,56,56,56
0,116,-61,121,120,-71,-63,-44,14,110,-61,-61,-61,-61,-61,-61,-61,-61,-61,-61,-61,-61,-61,-61,-61,-61,-61,-61,-61,-61,-61,-61,-61,-61
0,117,51,10,-89,45,-36,-74,62,-48,51,51,51,51,51,51,51,51,51,51,51,51,51,51,51,51,51,51,51,51,51,51,51,51
0,118,10,-89,45,-36,-74,62,-48,-52,10,10,10,10,10,10,10,10,10,10,10,10,10,10,10,10,10,10,10,10,10,10,10,10
0,119,-89,45,-36,-74,62,-48,-52,-46,-89,-89,-89,-89,-89,-89,-89,-89,-89,-89,-89,-89,-89,-89,-89,-89,-89,-89,-89,-89,-89,-89,-89,-89
0,120,-116,-16,-49,90,-34,40,-48,108,-116,-116,-116,-116,-116,-116,-116,-116,-116,-116,-116,-116,-116,-116,-116,-116,-116,-116,-116,-116,-116,-116,-116,-116
0,121,-16,-49,90,-34,40,-48,108,-127,-16,-16,-16,-16,-16,-16,-16,-16,-16,-16,-16,-16,-16,-16,-16,-16,-16,-16,-16,-16,-16,-16,-16,-16
0,122,-49,90,-34,40,-48,108,-127,107,-49,-49,-49,-49,-49,-49,-49,-49,-49,-49,-49,-49,-49,-49,-49,-49,-49,-49,-49,-49,-49,-49,-49,-49
0,123,19,27,-116,87,84,-87,-75,-80,19,19,19,19,19,19,19,19,19,19,19,19,19,19,19,19,19,19,19,19,19,19,19,19
0,124,27,-116,87,84,-87,-75,-80,-33,27,27,27,27,27,27,27,27,27,27,27,27,27,27,27,27,27,27,27,27,27,27,27,27
0,125,-116,87,84,-87,-75,-80,-33,19,-116,-116,-116,-116,-116,-116,-116,-116,-116,-116,-116,-116,-116,-116,-116,-116,-116,-116,-116,-116,-116,-116,-116,-116
0,126,125,69,36,69,66,115,119,-16,125,125,125,125,125,125,125,125,125,125,125,125,125,125,125,125,125,125,125,125,125,125,125,125
0,127,69,36,69,66,115,119,-16,-40,69,69,69,69,69,69,69,69,69,69,69,69,69,69,69,69,69,69,69,69,69,69,69,69
0,128,36,69,66,115,119,-16,-40,58,36,36,36,36,36,36,36,36,36,36,36,36,36,36,36,36,36,36,36,36,36,36,36,36
0,129,35,-104,119,31,106,-81,-103,95,35,35,35,35,35,35,35,35,35,35,35,35,35,35,35,35,35,35,35,35,35,35,35,35
0,130,-104,119,31,106,-81,-103,95,-47,-104,-104,-104,-104,-104,-104,-104,-104,-104,-104,-104,-104,-104,-104,-104,-104,-104,-104,-104,-104,-104,-104,-104,-104
0,131,119,31,106,-81,-103,95,-47,-67,119,119,119,119,119,119,119,119,119,119,119,119,119,119,119,119,119,119,119,119,119,119,119,119
0,132,-21,64,-101,-65,-125,-29,35,64,-21,-21,-21,-21,-21,-21,-21,-21,-21,-21,-21,-21,-21,-21,-21,-21,-21,-21,-21,-21,-21,-21,-21,-21
0,133,64,-101,-65,-125,-29,35,64,-73,64,64,64,64,64,64,64,64,64,64,64,64,64,64,64,64,64,64,64,64,64,64,64,64
0,134,-101,-65,-125,-29,35,64,-73,-65,-101,-101,-101,-101,-101,-101,-101,-101,-101,-101,-101,-101,-101,-101,-101,-101,-101,-101,-101,-101,-101,-101,-101,-101
0,135,-5,-72,113,-127,-51,-91,-49,99,-5,-5,-5,-5,-5,-5,-5,-5,-5,-5,-5,-5,-5,-5,-5,-5,-5,-5,-5,-5,-5,-5,-5,-5
0,136,-72,113,-127,-51,-91,-49,99,29,-72,-72,-72,-72,-72,-72,-72,-72,-72,-72,-72,-72,-72,-72,-72,-72,-72,-72,-72,-72,-72,-72,-72,-72
0,137,113,-127,-51,-91,-49,99,29,34,113,113,113,113,113,113,113,113,113,113,113,113,113,113,113,113,113,113,113,113,113,113,113,113
0,138,15,28,-89,-27,-50,38,79,23,15,15,15,15,15,15,15,15,15,15,15,15,15,15,15,15,15,15,15,15,15,15,15,15
0,139,28,-89,-27,-50,38,79,23,81,28,28,28,28,28,28,28,28,28,28,28,28,28,28,28,28,28,28,28,28,28,28,28,28
0,140,-89,-27,-50,38,79,23,81,42,-89,-89,-89,-89,-89,-89,-89,-89,-89,-89,-89,-89,-89,-89,-89,-89,-89,-89,-89,-89,-89,-89,-89,-89
0,141,-118,105,-123,97,-62,-65,-94,-80,-118,-118,-118,-118,-118,-118,-118,-118,-118,-118,-118,-118,-118,-118,-118,-118,-118,-118,-118,-118,-118,-118,-118,-118
0,142,105,-123,97,-62,-65,-94,-80,-36,105,105,105,105,105,105,105,105,105,105,105,105,105,105,105,105,105,105,105,105,105,105,105,105
0,143,-123,97,-62,-65,-94,-80,-36,-19,-123,-123,-123,-123,-123,-123,-123,-123,-123,-123,-123,-123,-123,-123,-123,-123,-123,-123,-123,-123,-123,-123,-123,-123
1,0,-53,59,-4,83,102,75,-77,-53,-53,-53,-53,-53,-53,-53,-53,-53,-53,-53,-53,-53,-53,-53,-53,-53,-53,-53,-53,-53,-53,-53,-53,-53
1,1,59,-4,83,102,75,-77,-53,13,59,59,59,59,59,59,59,59,59,59,59,59,59,59,59,59,59,59,59,59,59,59,59,59
1,2,-4,83,102,75,-77,-53,13,38,-4,-4,-4,-4,-4,-4,-4,-4,-4,-4,-4,-4,-4,-4,-4,-4,-4,-4,-4,-4,-4,-4,-4,-4
1,3,89,-115,-118,83,29,14,-86,43,89,89,89,89,89,89,89,89,89,89,89,89,89,89,89,89,89,89,89,89,89,89,89,89
1,4,-115,-118,83,29,14,-86,43,-1,-115,-115,-115,-115,-115,-115,-115,-115,-115,-115,-115,-115,-115,-115,-115,-115,-115,-115,-115,-115,-115,-115,-115,-115
1,5,-118,83,29,14,-86,43,-1,-82,-118,-118,-118,-118,-118,-118,-118,-118,-118,-118,-118,-118,-118,-118,-118,-118,-118,-118,-118,-118,-118,-118,-118,-118
1,6,-84,7,82,8,-61,1,-17,91,-84,-84,-84,-84,-84,-84,-84,-84,-84,-84,-84,-84,-84,-84,-84,-84,-84,-84,-84,-84,-84,-84,-84,-84
1,7,7,82,8,-61,1,-17,91,-35,7,7,7,7,7,7,7,7,7,7,7,7,7,7,7,7,7,7,7,7,7,7,7,7
1,8,82,8,-61,1,-17,91,-35,-71,82,82,82,82,82,82,82,82,82,82,82,82,82,82,82,82,82,82,82,82,82,82,82,82
1,9,49,99,87,-21,-52,-81,91,70,49,49,49,49,49,49,49,49,49,49,49,49,49,49,49,49,49,49,49,49,49,49,49,49
1,10,99,87,-21,-52,-81,91,70,26,99,99,99,99,99,99,99,99,99,99,99,99,99,99,99,99,99,99,99,99,99,99,99,99
1,11,87,-21,-52,-81,91,70,26,55,87,87,87,87,87,87,87,87,87,87,87,87,87,87,87,87,87,87,87,87,87,87,87,87
1,12,-26,88,-16,62,-96,-37,-90,83,-26,-26,-26,-26,-26,-26,-26,-26,-26,-26,-26,-26,-26,-26,-26,-26,-26,-26,-26,-26,-26,-26,-26,-26
1,13,88,-16,62,-96,-37,-90,83,102,88,88,88,88,88,88,88,88,88,88,88,88,88,88,88,88,88,88,88,88,88,88,88,88
1,14,-16,62,-96,-37,-90,83,102,30,-16,-16,-16,-16,-16,-16,-16,-16,-16,-16,-16,-16,-16,-16,-16,-16,-16,-16,-16,-16,-16,-16,-16,-16
1,15,37,-6,51,16,-100,-109,57,109,37,37,37,37,37,37,37,37,37,37,37,37,37,37,37,37,37,37,37,37,37,37,37,37
1,16,-6,51,16,-100,-109,57,109,95,-6,-6,-6,-6,-6,-6,-6,-6,-6,-6,-6,-6,-6,-6,-6,-6,-6,-6,-6,-6,-6,-6,-6,-6
1,17,51,16,-100,-109,57,109,95,-124,51,51,51,51,51,51,51,51,51,51,51,51,51,51,51,51,51,51,51,51,51,51,51,51
1,18,120,55,100,-19,-43,27,67,-66,120,120,120,120,120,120,120,120,120,120,120,120,120,120,120,120,120,120,120,120,120,120,120,120
1,19,55,100,-19,-43,27,67,-66,-70,55,55,55,55,55,55,55,55,55,55,55,55,55,55,55,55,55,55,55,55,55,55,55,55
1,20,100,-19,-43,27,67,-66,-70,-79,100,100,100,100,100,100,100,100,100,100,100,100,100,100,100,100,100,100,100,100,100,100,100,100
1,21,-73,-99,14,90,59,-27,39,101,-73,-73,-73,-73,-73,-73,-73,-73,-73,-73,-73,-73,-73,-73,-73,-73,-73,-73,-73,-73,-73,-73,-73,-73
1,22,-99,14,90,59,-27,39,101,-113,-99,-99,-99,-99,-99,-99,-99,-99,-99,-99,-99,-99,-99,-99,-99,-99,-99,-99,-99,-99,-99,-99,-99,-99
1,23,14,90,59,-27,39,101,-113,-95,14,14,14,14,14,14,14,14,14,14,14,14,14,14,14,14,14,14,14,14,14,14,14,14
1,24,-116,108,84,-97,-120,-122,10,-70,-116,-116,-116,-116,-116,-116,-116,-116,-116,-116,-116,-116,-116,-116,-116,-116,-116,-116,-116,-116,-116,-116,-116,-116
1,25,108,84,-97,-120,-122,10,-70,75,108,108,108,108,108,108,108,108,108,108,108,108,108,108,108,108,108,108,108,108,108,108,108,108
1,26,84,-97,-120,-122,10,-70,75,92,84,84,84,84,84,84,84,84,84,84,84,84,84,84,84,84,84,84,84,84,84,84,84,84
1,27,0,110,-30,62,1,49,13,22,0,0,0,0,0,0,0,0,0,0,0,0,0,0,0,0,0,0,0,0,0,0,0,0
1,28,110,-30,62,1,49,13,22,-57,110,110,110,110,110,110,110,110,110,110,110,110,110,110,110,110,110,110,110,110,110,110,110,110
1,29,-30,62,1,49,13,22,-57,-7,-30,-30,-30,-30,-30,-30,-30,-30,-30,-30,-30,-30,-30,-30,-30,-30,-30,-30,-30,-30,-30,-30,-30,-30
1,30,80,43,-20,-53,-86,57,-7,-100,80,80,80,80,80,80,80,80,80,80,80,80,80,80,80,80,80,80,80,80,80,80,80,80
1,31,43,-20,-53,-86,57,-7,-100,32,43,43,43,43,43,43,43,43,43,43,43,43,43,43,43,43,43,43,43,43,43,43,43,43
1,32,-20,-53,-86,57,-7,-100,32,-32,-20,-20,-20,-20,-20,-20,-20,-20,-20,-20,-20,-20,-20,-20,-20,-20,-20,-20,-20,-20,-20,-20,-20,-20
1,33,51,110,-88,59,-59,25,-71,91,51,51,51,51,51,51,51,51,51,51,51,51,51,51,51,51,51,51,51,51,51,51,51,51
1,34,110,-88,59,-59,25,-71,91,-38,110,110,110,110,110,110,110,110,110,110,110,110,110,110,110,110,110,110,110,110,110,110,110,110
1,35,-88,59,-59,25,-71,91,-38,13,-88,-88,-88,-88,-88,-88,-88,-88,-88,-88,-88,-88,-88,-88,-88,-88,-88,-88,-88,-88,-88,-88,-88,-88
1,36,37,-90,114,46,15,73,123,91,37,37,37,37,37,37,37,37,37,37,37,37,37,37,37,37,37,37,37,37,37,37,37,37
1,37,-90,114,46,15,73,123,91,95,-90,-90,-90,-90,-90,-90,-90,-90,-90,-90,-90,-90,-90,-90,-90,-90,-90,-90,-90,-90,-90,-90,-90,-90
1,38,114,46,15,73,123,91,95,-85,114,114,114,114,114,114,114,114,114,114,114,114,114,114,114,114,114,114,114,114,114,114,114,114
1,39,6,52,-27,57,63,-58,-28,57,6,6,6,6,6,6,6,6,6,6,6,6,6,6,6,6,6,6,6,6,6,6,6,6
1,40,52,-27,57,63,-58,-28,57,-120,52,52,52,52,52,52,52,52,52,52,52,52,52,52,52,52,52,52,52,52,52,52,52,52
1,41,-27,57,63,-58,-28,57,-120,-91,-27,-27,-27,-27,-27,-27,-27,-27,-27,-27,-27,-27,-27,-27,-27,-27,-27,-27,-27,-27,-27,-27,-27,-27
1,42,56,-10,49,46,-127,-88,50,-95,56,56,56,56,56,56,56,56,56,56,56,56,56,56,56,56,56,56,56,56,56,56,56,56
1,43,-10,49,46,-127,-88,50,-95,44,-10,-10,-10,-10,-10,-10,-10,-10,-10,-10,-10,-10,-10,-10,-10,-10,-10,-10,-10,-10,-10,-10,-10,-10
1,44,49,46,-127,-88,50,-95,44,43,49,49,49,49,49,49,49,49,49,49,49,49,49,49,49,49,49,49,49,49,49,49,49,49
1,45,-98,43,75,2,-70,85,43,6,-98,-98,-98,-98,-98,-98,-98,-98,-98,-98,-98,-98,-98,-98,-98,-98,-98,-98,-98,-98,-98,-98,-98,-98
1,46,43,75,2,-70,85,43,6,126,43,43,43,43,43,43,43,43,43,43,43,43,43,43,43,43,43,43,43,43,43,43,43,43
1,47,75,2,-70,85,43,6,126,-24,75,75,75,75,75,75,75,75,75,75,75,75,75,75,75,75,75,75,75,75,75,75,75,75
1,48,16,-97,4,-12,37,-78,-111,-8,16,16,16,16,16,16,16,16,16,16,16,16,16,16,16,16,16,16,16,16,16,16,16,16
1,49,-97,4,-12,37,-78,-111,-8,10,-97,-97,-97,-97,-97,-97,-97,-97,-97,-97,-97,-97,-97,-97,-97,-97,-97,-97,-97,-97,-97,-97,-97,-97
1,50,4,-12,37,-78,-111,-8,10,46,4,4,4,4,4,4,4,4,4,4,4,4,4,4,4,4,4,4,4,4,4,4,4,4
1,51,27,49,66,-65,50,-78,41,-104,27,27,27,27,27,27,27,27,27,27,27,27,27,27,27,27,27,27,27,27,27,27,27,27
1,52,49,66,-65,50,-78,41,-104,54,49,49,49,49,49,49,49,49,49,49,49,49,49,49,49,49,49,49,49,49,49,49,49,49
1,53,66,-65,50,-78,41,-104,54,107,66,66,66,66,66,66,66,66,66,66,66,66,66,66,66,66,66,66,66,66,66,66,66,66
1,54,107,53,42,91,15,-26,44,-113,107,107,107,107,107,107,107,107,107,107,107,107,107,107,107,107,107,107,107,107,107,107,107,107
1,55,53,42,91,15,-26,44,-113,41,53,53,53,53,53,53,53,53,53,53,53,53,53,53,53,53,53,53,53,53,53,53,53,53
1,56,42,91,15,-26,44,-113,41,-40,42,42,42,42,42,42,42,42,42,42,42,42,42,42,42,42,42,42,42,42,42,42,42,42
1,57,0,-37,82,70,74,77,93,124,0,0,0,0,0,0,0,0,0,0,0,0,0,0,0,0,0,0,0,0,0,0,0,0
1,58,-37,82,70,74,77,93,124,124,-37,-37,-37,-37,-37,-37,-37,-37,-37,-37,-37,-37,-37,-37,-37,-37,-37,-37,-37,-37,-37,-37,-37,-37
1,59,82,70,74,77,93,124,124,-84,82,82,82,82,82,82,82,82,82,82,82,82,82,82,82,82,82,82,82,82,82,82,82,82
1,60,110,-15,84,-123,-45,105,-62,89,110,110,110,110,110,110,110,110,110,110,110,110,110,110,110,110,110,110,110,110,110,110,110,110
1,61,-15,84,-123,-45,105,-62,89,19,-15,-15,-15,-15,-15,-15,-15,-15,-15,-15,-15,-15,-15,-15,-15,-15,-15,-15,-15,-15,-15,-15,-15,-15
1,62,84,-123,-45,105,-62,89,19,-106,84,84,84,84,84,84,84,84,84,84,84,84,84,84,84,84,84,84,84,84,84,84,84,84
1,63,-66,115,127,51,74,-49,42,-14,-66,-66,-66,-66,-66,-66,-66,-66,-66,-66,-66,-66,-66,-66,-66,-66,-66,-66,-66,-66,-66,-66,-66,-66
1,64,115,127,51,74,-49,42,-14,79,115,115,115,115,115,115,115,115,115,115,115,115,115,115,115,115,115,115,115,115,115,115,115,115
1,65,127,51,74,-49,42,-14,79,-86,127,127,127,127,127,127,127,127,127,127,127,127,127,127,127,127,127,127,127,127,127,127,127,127
1,66,61,-2,37,-72,38,-21,-26,32,61,61,61,61,61,61,61,61,61,61,61,61,61,61,61,61,61,61,61,61,61,61,61,61
1,67,-2,37,-72,38,-21,-26,32,-48,-2,-2,-2,-2,-2,-2,-2,-2,-2,-2,-2,-2,-2,-2,-2,-2,-2,-2,-2,-2,-2,-2,-2,-2
1,68,37,-72,38,-21,-26,32,-48,24,37,37,37,37,37,37,37,37,37,37,37,37,37,37,37,37,37,37,37,37,37,37,37,37
1,69,9,-54,121,-81,59,-100,15,54,9,9,9,9,9,9,9,9,9,9,9,9,9,9,9,9,9,9,9,9,9,9,9,9
1,70,-54,121,-81,59,-100,15,54,116,-54,-54,-54,-54,-54,-54,-54,-54,-54,-54,-54,-54,-54,-54,-54,-54,-54,-54,-54,-54,-54,-54,-54,-54
1,71,121,-81,59,-100,15,54,116,65,121,121,121,121,121,121,121,121,121,121,121,121,121,121,121,121,121,121,121,121,121,121,121,121
1,72,68,13,25,65,-16,13,97,52,68,68,68,68,68,68,68,68,68,68,68,68,68,68,68,68,68,68,68,68,68,68,68,68
1,73,13,25,65,-16,13,97,52,66,13,13,13,13,13,13,13,13,13,13,13,13,13,13,13,13,13,13,13,13,13,13,13,13
1,74,25,65,-16,13,97,52,66,121,25,25,25,25,25,25,25,25,25,25,25,25,25,25,25,25,25,25,25,25,25,25,25,25
1,75,11,76,46,65,-22,-90,-90,127,11,11,11,11,11,11,11,11,11,11,11,11,11,11,11,11,11,11,11,11,11,11,11,11
1,76,76,46,65,-22,-90,-90,127,-94,76,76,76,76,76,76,76,76,76,76,76,76,76,76,76,76,76,76,76,76,76,76,76,76
1,77,46,65,-22,-90,-90,127,-94,34,46,46,46,46,46,46,46,46,46,46,46,46,46,46,46,46,46,46,46,46,46,46,46,46
1,78,54,-34,-63,15,-58,125,-66,-90,54,54,54,54,54,54,54,54,54,54,54,54,54,54,54,54,54,54,54,54,54,54,54,54
1,79,-34,-63,15,-58,125,-66,-90,111,-34,-34,-34,-34,-34,-34,-34,-34,-34,-34,-34,-34,-34,-34,-34,-34,-34,-34,-34,-34,-34,-34,-34,-34
1,80,-63,15,-58,125,-66,-90,111,-122,-63,-63,-63,-63,-63,-63,-63,-63,-63,-63,-63,-63,-63,-63,-63,-63,-63,-63,-63,-63,-63,-63,-63,-63
1,81,82,-11,89,17,-65,109,-20,-80,82,82,82,82,82,82,82,82,82,82,82,82,82,82,82,82,82,82,82,82,82,82,82,82
1,82,-11,89,17,-65,109,-20,-80,65,-11,-11,-11,-11,-11,-11,-11,-11,-11,-11,-11,-11,-11,-11,-11,-11,-11,-11,-11,-11,-11,-11,-11,-11
1,83,89,17,-65,109,-20,-80,65,-102,89,89,89,89,89,89,89,89,89,89,89,89,89,89,89,89,89,89,89,89,89,89,89,89
1,84,104,11,127,-17,-14,48,-38,16,104,104,104,104,104,104,104,104,104,104,104,104,104,104,104,104,104,104,104,104,104,104,104,104
1,85,11,127,-17,-14,48,-38,16,-115,11,11,11,11,11,11,11,11,11,11,11,11,11,11,11,11,11,11,11,11,11,11,11,11
1,86,127,-17,-14,48,-38,16,-115,-118,127,127,127,127,127,127,127,127,127,127,127,127,127,127,127,127,127,127,127,127,127,127,127,127
1,87,-81,24,100,-119,57,15,7,32,-81,-81,-81,-81,-81,-81,-81,-81,-81,-81,-81,-81,-81,-81,-81,-81,-81,-81,-81,-81,-81,-81,-81,-81
1,88,24,100,-119,57,15,7,32,-116,24,24,24,24,24,24,24,24,24,24,24,24,24,24,24,24,24,24,24,24,24,24,24,24
1,89,100,-119,57,15,7,32,-116,-87,100,100,100,100,100,100,100,100,100,100,100,100,100,100,100,100,100,100,100,100,100,100,100,100
1,90,24,66,-80,10,44,10,-74,70,24,24,24,24,24,24,24,24,24,24,24,24,24,24,24,24,24,24,24,24,24,24,24,24
1,91,66,-80,10,44,10,-74,70,-16,66,66,66,66,66,66,66,66,66,66,66,66,66,66,66,66,66,66,66,66,66,66,66,66
1,92,-80,10,44,10,-74,70,-16,-21,-80,-80,-80,-80,-80,-80,-80,-80,-80,-80,-80,-80,-80,-80,-80,-80,-80,-80,-80,-80,-80,-80,-80,-80
1,93,-54,-25,-20,-114,50,72,-77,34,-54,-54,-54,-54,-54,-54,-54,-54,-54,-54,-54,-54,-54,-54,-54,-54,-54,-54,-54,-54,-54,-54,-54,-54
1,94,-25,-20,-114,50,72,-77,34,-31,-25,-25,-25,-25,-25,-25,-25,-25,-25,-25,-25,-25,-25,-25,-25,-25,-25,-25,-25,-25,-25,-25,-25,-25
1,95,-20,-114,50,72,-77,34,-31,38,-20,-20,-20,-20,-20,-20,-20,-20,-20,-20,-20,-20,-20,-20,-20,-20,-20,-20,-20,-20,-20,-20,-20,-20
1,96,-65,83,-23,-64,-25,-29,-125,2,-65,-65,-65,-65,-65,-65,-65,-65,-65,-65,-65,-65,-65,-65,-65,-65,-65,-65,-65,-65,-65,-65,-65,-65
1,97,83,-23,-64,-25,-29,-125,2,108,83,83,83,83,83,83,83,83,83,83,83,83,83,83,83,83,83,83,83,83,83,83,83,83
1,98,-23,-64,-25,-29,-125,2,108,-23,-23,-23,-23,-23,-23,-23,-23,-23,-23,-23,-23,-23,-23,-23,-23,-23,-23,-23,-23,-23,-23,-23,-23,-23
1,99,-108,51,89,-52,-71,-116,60,-81,-108,-108,-108,-108,-108,-108,-108,-108,-108,-108,-108,-108,-108,-108,-108,-108,-108,-108,-108,-108,-108,-108,-108,-108
1,100,51,89,-52,-71,-116,60,-81,-3,51,51,51,51,51,51,51,51,51,51,51,51,51,51,51,51,51,51,51,51,51,51,51,51
1,101,89,-52,-71,-116,60,-81,-3,-113,89,89,89,89,89,89,89,89,89,89,89,89,89,89,89,89,89,89,89,89,89,89,89,89
1,102,19,-63,-121,37,93,-91,-47,-72,19,19,19,19,19,19,19,19,19,19,19,19,19,19,19,19,19,19,19,19,19,19,19,19
1,103,-63,-121,37,93,-91,-47,-72,-62,-63,-63,-63,-63,-63,-63,-63,-63,-63,-63,-63,-63,-63,-63,-63,-63,-63,-63,-63,-63,-63,-63,-63,-63
1,104,-121,37,93,-91,-47,-72,-62,-21,-121,-121,-121,-121,-121,-121,-121,-121,-121,-121,-121,-121,-121,-121,-121,-121,-121,-121,-121,-121,-121,-121,-121,-121
1,105,31,43,-116,-30,-74,94,42,-37,31,31,31,31,31,31,31,31,31,31,31,31,31,31,31,31,31,31,31,31,31,31,31,31
1,106,43,-116,-30,-74,94,42,-37,47,43,43,43,43,43,43,43,43,43,43,43,43,43,43,43,43,43,43,43,43,43,43,43,43
1,107,-116,-30,-74,94,42,-37,47,-35,-116,-116,-116,-116,-116,-116,-116,-116,-116,-116,-116,-116,-116,-116,-116,-116,-116,-116,-116,-116,-116,-116,-116,-116
1,108,-73,-103,17,-11,9,-60,-42,-55,-73,-73,-73,-73,-73,-73,-73,-73,-73,-73,-73,-73,-73,-73,-73,-73,-73,-73,-73,-73,-73,-73,-73,-73
1,109,-103,17,-11,9,-60,-42,-55,56,-103,-103,-103,-103,-103,-103,-103,-103,-103,-103,-103,-103,-103,-103,-103,-103,-103,-103,-103,-103,-103,-103,-103,-103
1,110,17,-11,9,-60,-42,-55,56,-119,17,17,17,17,17,17,17,17,17,17,17,17,17,17,17,17,17,17,17,17,17,17,17,17
1,111,-121,56,-61,121,120,-71,-63,-44,-121,-121,-121,-121,-121,-121,-121,-121,-121,-121,-121,-121,-121,-121,-121,-121,-121,-121,-121,-121,-121,-121,-121,-121
1,112,56,-61,121,120,-71,-63,-44,14,56,56,56,56,56,56,56,56,56,56,56,56,56,56,56,56,56,56,56,56,56,56,56,56
1,113,-61,121,120,-71,-63,-44,14,110,-61,-61,-61,-61,-61,-61,-61,-61,-61,-61,-61,-61,-61,-61,-61,-61,-61,-61,-61,-61,-61,-61,-61,-61
1,114,-50,-37,39,43,-48,-4,18,67,-50,-50,-50,-50,-50,-50,-50,-50,-50,-50,-50,-50,-50,-50,-50,-50,-50,-50,-50,-50,-50,-50,-50,-50
1,115,-37,39,43,-48,-4,18,67,100,-37,-37,-37,-37,-37,-37,-37,-37,-37,-37,-37,-37,-37,-37,-37,-37,-37,-37,-37,-37,-37,-37,-37,-37
1,116,39,43,-48,-4,18,67,100,84,39,39,39,39,39,39,39,39,39,39,39,39,39,39,39,39,39,39,39,39,39,39,39,39
1,117,-116,-16,-49,90,-34,40,-48,108,-116,-116,-116,-116,-116,-116,-116,-116,-116,-116,-116,-116,-116,-116,-116,-116,-116,-116,-116,-116,-116,-116,-116,-116
1,118,-16,-49,90,-34,40,-48,108,-127,-16,-16,-16,-16,-16,-16,-16,-16,-16,-16,-16,-16,-16,-16,-16,-16,-16,-16,-16,-16,-16,-16,-16,-16
1,119,-49,90,-34,40,-48,108,-127,107,-49,-49,-49,-49,-49,-49,-49,-49,-49,-49,-49,-49,-49,-49,-49,-49,-49,-49,-49,-49,-49,-49,-49,-49
1,120,19,27,-116,87,84,-87,-75,-80,19,19,19,19,19,19,19,19,19,19,19,19,19,19,19,19,19,19,19,19,19,19,19,19
1,121,27,-116,87,84,-87,-75,-80,-33,27,27,27,27,27,27,27,27,27,27,27,27,27,27,27,27,27,27,27,27,27,27,27,27
1,122,-116,87,84,-87,-75,-80,-33,19,-116,-116,-116,-116,-116,-116,-116,-116,-116,-116,-116,-116,-116,-116,-116,-116,-116,-116,-116,-116,-116,-116,-116,-116
1,123,-58,-53,117,-127,126,55,47,-75,-58,-58,-58,-58,-58,-58,-58,-58,-58,-58,-58,-58,-58,-58,-58,-58,-58,-58,-58,-58,-58,-58,-58,-58
1,124,-53,117,-127,126,55,47,-75,103,-53,-53,-53,-53,-53,-53,-53,-53,-53,-53,-53,-53,-53,-53,-53,-53,-53,-53,-53,-53,-53,-53,-53,-53
1,125,117,-127,126,55,47,-75,103,-43,117,117,117,117,117,117,117,117,117,117,117,117,117,117,117,117,117,117,117,117,117,117,117,117
1,126,35,-104,119,31,106,-81,-103,95,35,35,35,35,35,35,35,35,35,35,35,35,35,35,35,35,35,35,35,35,35,35,35,35
1,127,-104,119,31,106,-81,-103,95,-47,-104,-104,-104,-104,-104,-104,-104,-104,-104,-104,-104,-104,-104,-104,-104,-104,-104,-104,-104,-104,-104,-104,-104,-104
1,128,119,31,106,-81,-103,95,-47,-67,119,119,119,119,119,119,119,119,119,119,119,119,119,119,119,119,119,119,119,119,119,119,119,119
1,129,-21,64,-101,-65,-125,-29,35,64,-21,-21,-21,-21,-21,-21,-21,-21,-21,-21,-21,-21,-21,-21,-21,-21,-21,-21,-21,-21,-21,-21,-21,-21
1,130,64,-101,-65,-125,-29,35,64,-73,64,64,64,64,64,64,64,64,64,64,64,64,64,64,64,64,64,64,64,64,64,64,64,64
1,131,-101,-65,-125,-29,35,64,-73,-65,-101,-101,-101,-101,-101,-101,-101,-101,-101,-101,-101,-101,-101,-101,-101,-101,-101,-101,-101,-101,-101,-101,-101,-101
1,132,-25,63,-91,104,-91,2,-62,89,-25,-25,-25,-25,-25,-25,-25,-25,-25,-25,-25,-25,-25,-25,-25,-25,-25,-25,-25,-25,-25,-25,-25,-25
1,133,63,-91,104,-91,2,-62,89,-42,63,63,63,63,63,63,63,63,63,63,63,63,63,63,63,63,63,63,63,63,63,63,63,63
1,134,-91,104,-91,2,-62,89,-42,-36,-91,-91,-91,-91,-91,-91,-91,-91,-91,-91,-91,-91,-91,-91,-91,-91,-91,-91,-91,-91,-91,-91,-91,-91
1,135,15,28,-89,-27,-50,38,79,23,15,15,15,15,15,15,15,15,15,15,15,15,15,15,15,15,15,15,15,15,15,15,15,15
1,136,28,-89,-27,-50,38,79,23,81,28,28,28,28,28,28,28,28,28,28,28,28,28,28,28,28,28,28,28,28,28,28,28,28
1,137,-89,-27,-50,38,79,23,81,42,-89,-89,-89,-89,-89,-89,-89,-89,-89,-89,-89,-89,-89,-89,-89,-89,-89,-89,-89,-89,-89,-89,-89,-89
1,138,-118,105,-123,97,-62,-65,-94,-80,-118,-118,-118,-118,-118,-118,-118,-118,-118,-118,-118,-118,-118,-118,-118,-118,-118,-118,-118,-118,-118,-118,-118,-118
1,139,105,-123,97,-62,-65,-94,-80,-36,105,105,105,105,105,105,105,105,105,105,105,105,105,105,105,105,105,105,105,105,105,105,105,105
1,140,-123,97,-62,-65,-94,-80,-36,-19,-123,-123,-123,-123,-123,-123,-123,-123,-123,-123,-123,-123,-123,-123,-123,-123,-123,-123,-123,-123,-123,-123,-123,-123
1,141,-34,-67,26,61,67,-82,-75,116,-34,-34,-34,-34,-34,-34,-34,-34,-34,-34,-34,-34,-34,-34,-34,-34,-34,-34,-34,-34,-34,-34,-34,-34
1,142,-67,26,61,67,-82,-75,116,114,-67,-67,-67,-67,-67,-67,-67,-67,-67,-67,-67,-67,-67,-67,-67,-67,-67,-67,-67,-67,-67,-67,-67,-67
1,143,26,61,67,-82,-75,116,114,-88,26,26,26,26,26,26,26,26,26,26,26,26,26,26,26,26,26,26,26,26,26,26,26,26
2,0,89,-115,-118,83,29,14,-86,43,89,89,89,89,89,89,89,89,89,89,89,89,89,89,89,89,89,89,89,89,89,89,89,89
2,1,-115,-118,83,29,14,-86,43,-1,-115,-115,-115,-115,-115,-115,-115,-115,-115,-115,-115,-115,-115,-115,-115,-115,-115,-115,-115,-115,-115,-115,-115,-115
2,2,-118,83,29,14,-86,43,-1,-82,-118,-118,-118,-118,-118,-118,-118,-118,-118,-118,-118,-118,-118,-118,-118,-118,-118,-118,-118,-118,-118,-118,-118,-118
2,3,-84,7,82,8,-61,1,-17,91,-84,-84,-84,-84,-84,-84,-84,-84,-84,-84,-84,-84,-84,-84,-84,-84,-84,-84,-84,-84,-84,-84,-84,-84
2,4,7,82,8,-61,1,-17,91,-35,7,7,7,7,7,7,7,7,7,7,7,7,7,7,7,7,7,7,7,7,7,7,7,7
2,5,82,8,-61,1,-17,91,-35,-71,82,82,82,82,82,82,82,82,82,82,82,82,82,82,82,82,82,82,82,82,82,82,82,82
2,6,29,-70,-116,102,-31,25,-90,-72,29,29,29,29,29,29,29,29,29,29,29,29,29,29,29,29,29,29,29,29,29,29,29,29
2,7,-70,-116,102,-31,25,-90,-72,16,-70,-70,-70,-70,-70,-70,-70,-70,-70,-70,-70,-70,-70,-70,-70,-70,-70,-70,-70,-70,-70,-70,-70,-70
2,8,-116,102,-31,25,-90,-72,16,42,-116,-116,-116,-116,-116,-116,-116,-116,-116,-116,-116,-116,-116,-116,-116,-116,-116,-116,-116,-116,-116,-116,-116,-116
2,9,-26,88,-16,62,-96,-37,-90,83,-26,-26,-26,-26,-26,-26,-26,-26,-26,-26,-26,-26,-26,-26,-26,-26,-26,-26,-26,-26,-26,-26,-26,-26
2,10,88,-16,62,-96,-37,-90,83,102,88,88,88,88,88,88,88,88,88,88,88,88,88,88,88,88,88,88,88,88,88,88,88,88
2,11,-16,62,-96,-37,-90,83,102,30,-16,-16,-16,-16,-16,-16,-16,-16,-16,-16,-16,-16,-16,-16,-16,-16,-16,-16,-16,-16,-16,-16,-16,-16
2,12,37,-6,51,16,-100,-109,57,109,37,37,37,37,37,37,37,37,37,37,37,37,37,37,37,37,37,37,37,37,37,37,37,37
2,13,-6,51,16,-100,-109,57,109,95,-6,-6,-6,-6,-6,-6,-6,-6,-6,-6,-6,-6,-6,-6,-6,-6,-6,-6,-6,-6,-6,-6,-6,-6
2,14,51,16,-100,-109,57,109,95,-124,51,51,51,51,51,51,51,51,51,51,51,51,51,51,51,51,51,51,51,51,51,51,51,51
2,15,-124,84,-21,1,-35,-33,-83,-82,-124,-124,-124,-124,-124,-124,-124,-124,-124,-124,-124,-124,-124,-124,-124,-124,-124,-124,-124,-124,-124,-124,-124,-124
2,16,84,-21,1,-35,-33,-83,-82,-105,84,84,84,84,84,84,84,84,84,84,84,84,84,84,84,84,84,84,84,84,84,84,84,84
2,17,-21,1,-35,-33,-83,-82,-105,70,-21,-21,-21,-21,-21,-21,-21,-21,-21,-21,-21,-21,-21,-21,-21,-21,-21,-21,-21,-21,-21,-21,-21,-21
2,18,-73,-99,14,90,59,-27,39,101,-73,-73,-73,-73,-73,-73,-73,-73,-73,-73,-73,-73,-73,-73,-73,-73,-73,-73,-73,-73,-73,-73,-73,-73
2,19,-99,14,90,59,-27,39,101,-113,-99,-99,-99,-99,-99,-99,-99,-99,-99,-99,-99,-99,-99,-99,-99,-99,-99,-99,-99,-99,-99,-99,-99,-99
2,20,14,90,59,-27,39,101,-113,-95,14,14,14,14,14,14,14,14,14,14,14,14,14,14,14,14,14,14,14,14,14,14,14,14
2,21,-116,108,84,-97,-120,-122,10,-70,-116,-116,-116,-116,-116,-116,-116,-116,-116,-116,-116,-116,-116,-116,-116,-116,-116,-116,-116,-116,-116,-116,-116,-116
2,22,108,84,-97,-120,-122,10,-70,75,108,108,108,108,108,108,108,108,108,108,108,108,108,108,108,108,108,108,108,108,108,108,108,108
2,23,84,-97,-120,-122,10,-70,75,92,84,84,84,84,84,84,84,84,84,84,84,84,84,84,84,84,84,84,84,84,84,84,84,84
2,24,86,-124,114,-97,-45,71,55,77,86,86,86,86,86,86,86,86,86,86,86,86,86,86,86,86,86,86,86,86,86,86,86,86
2,25,-124,114,-97,-45,71,55,77,-13,-124,-124,-124,-124,-124,-124,-124,-124,-124,-124,-124,-124,-124,-124,-124,-124,-124,-124,-124,-124,-124,-124,-124,-124
2,26,114,-97,-45,71,55,77,-13,95,114,114,114,114,114,114,114,114,114,114,114,114,114,114,114,114,114,114,114,114,114,114,114,114
2,27,80,43,-20,-53,-86,57,-7,-100,80,80,80,80,80,80,80,80,80,80,80,80,80,80,80,80,80,80,80,80,80,80,80,80
2,28,43,-20,-53,-86,57,-7,-100,32,43,43,43,43,43,43,43,43,43,43,43,43,43,43,43,43,43,43,43,43,43,43,43,43
2,29,-20,-53,-86,57,-7,-100,32,-32,-20,-20,-20,-20,-20,-20,-20,-20,-20,-20,-20,-20,-20,-20,-20,-20,-20,-20,-20,-20,-20,-20,-20,-20
2,30,51,110,-88,59,-59,25,-71,91,51,51,51,51,51,51,51,51,51,51,51,51,51,51,51,51,51,51,51,51,51,51,51,51
2,31,110,-88,59,-59,25,-71,91,-38,110,110,110,110,110,110,110,110,110,110,110,110,110,110,110,110,110,110,110,110,110,110,110,110
2,32,-88,59,-59,25,-71,91,-38,13,-88,-88,-88,-88,-88,-88,-88,-88,-88,-88,-88,-88,-88,-88,-88,-88,-88,-88,-88,-88,-88,-88,-88,-88
2,33,112,-36,-109,125,-123,11,38,117,112,112,112,112,112,112,112,112,112,112,112,112,112,112,112,112,112,112,112,112,112,112,112,112
2,34,-36,-109,125,-123,11,38,117,-105,-36,-36,-36,-36,-36,-36,-36,-36,-36,-36,-36,-36,-36,-36,-36,-36,-36,-36,-36,-36,-36,-36,-36,-36
2,35,-109,125,-123,11,38,117,-105,83,-109,-109,-109,-109,-109,-109,-109,-109,-109,-109,-109,-109,-109,-109,-109,-109,-109,-109,-109,-109,-109,-109,-109,-109
2,36,6,52,-27,57,63,-58,-28,57,6,6,6,6,6,6,6,6,6,6,6,6,6,6,6,6,6,6,6,6,6,6,6,6
2,37,52,-27,57,63,-58,-28,57,-120,52,52,52,52,52,52,52,52,52,52,52,52,52,52,52,52,52,52,52,52,52,52,52,52
2,38,-27,57,63,-58,-28,57,-120,-91,-27,-27,-27,-27,-27,-27,-27,-27,-27,-27,-27,-27,-27,-27,-27,-27,-27,-27,-27,-27,-27,-27,-27,-27
2,39,56,-10,49,46,-127,-88,50,-95,56,56,56,56,56,56,56,56,56,56,56,56,56,56,56,56,56,56,56,56,56,56,56,56
2,40,-10,49,46,-127,-88,50,-95,44,-10,-10,-10,-10,-10,-10,-10,-10,-10,-10,-10,-10,-10,-10,-10,-10,-10,-10,-10,-10,-10,-10,-10,-10
2,41,49,46,-127,-88,50,-95,44,43,49,49,49,49,49,49,49,49,49,49,49,49,49,49,49,49,49,49,49,49,49,49,49,49
2,42,-17,-70,49,46,-9,111,-64,102,-17,-17,-17,-17,-17,-17,-17,-17,-17,-17,-17,-17,-17,-17,-17,-17,-17,-17,-17,-17,-17,-17,-17,-17
2,43,-70,49,46,-9,111,-64,102,-83,-70,-70,-70,-70,-70,-70,-70,-70,-70,-70,-70,-70,-70,-70,-70,-70,-70,-70,-70,-70,-70,-70,-70,-70
2,44,49,46,-9,111,-64,102,-83,63,49,49,49,49,49,49,49,49,49,49,49,49,49,49,49,49,49,49,49,49,49,49,49,49
2,45,16,-97,4,-12,37,-78,-111,-8,16,16,16,16,16,16,16,16,16,16,16,16,16,16,16,16,16,16,16,16,16,16,16,16
2,46,-97,4,-12,37,-78,-111,-8,10,-97,-97,-97,-97,-97,-97,-97,-97,-97,-97,-97,-97,-97,-97,-97,-97,-97,-97,-97,-97,-97,-97,-97,-97
2,47,4,-12,37,-78,-111,-8,10,46,4,4,4,4,4,4,4,4,4,4,4,4,4,4,4,4,4,4,4,4,4,4,4,4
2,48,27,49,66,-65,50,-78,41,-104,27,27,27,27,27,27,27,27,27,27,27,27,27,27,27,27,27,27,27,27,27,27,27,27
2,49,49,66,-65,50,-78,41,-104,54,49,49,49,49,49,49,49,49,49,49,49,49,49,49,49,49,49,49,49,49,49,49,49,49
2,50,66,-65,50,-78,41,-104,54,107,66,66,66,66,66,66,66,66,66,66,66,66,66,66,66,66,66,66,66,66,66,66,66,66
2,51,-60,57,0,12,7,33,-80,88,-60,-60,-60,-60,-60,-60,-60,-60,-60,-60,-60,-60,-60,-60,-60,-60,-60,-60,-60,-60,-60,-60,-60,-60
2,52,57,0,12,7,33,-80,88,7,57,57,57,57,57,57,57,57,57,57,57,57,57,57,57,57,57,57,57,57,57,57,57,57
2,53,0,12,7,33,-80,88,7,-19,0,0,0,0,0,0,0,0,0,0,0,0,0,0,0,0,0,0,0,0,0,0,0,0
2,54,0,-37,82,70,74,77,93,124,0,0,0,0,0,0,0,0,0,0,0,0,0,0,0,0,0,0,0,0,0,0,0,0
2,55,-37,82,70,74,77,93,124,124,-37,-37,-37,-37,-37,-37,-37,-37,-37,-37,-37,-37,-37,-37,-37,-37,-37,-37,-37,-37,-37,-37,-37,-37
2,56,82,70,74,77,93,124,124,-84,82,82,82,82,82,82,82,82,82,82,82,82,82,82,82,82,82,82,82,82,82,82,82,82
2,57,110,-15,84,-123,-45,105,-62,89,110,110,110,110,110,110,110,110,110,110,110,110,110,110,110,110,110,110,110,110,110,110,110,110
2,58,-15,84,-123,-45,105,-62,89,19,-15,-15,-15,-15,-15,-15,-15,-15,-15,-15,-15,-15,-15,-15,-15,-15,-15,-15,-15,-15,-15,-15,-15,-15
2,59,84,-123,-45,105,-62,89,19,-106,84,84,84,84,84,84,84,84,84,84,84,84,84,84,84,84,84,84,84,84,84,84,84,84
2,60,-80,23,126,99,82,-91,-108,-22,-80,-80,-80,-80,-80,-80,-80,-80,-80,-80,-80,-80,-80,-80,-80,-80,-80,-80,-80,-80,-80,-80,-80,-80
2,61,23,126,99,82,-91,-108,-22,-111,23,23,23,23,23,23,23,23,23,23,23,23,23,23,23,23,23,23,23,23,23,23,23,23
2,62,126,99,82,-91,-108,-22,-111,47,126,126,126,126,126,126,126,126,126,126,126,126,126,126,126,126,126,126,126,126,126,126,126,126
2,63,61,-2,37,-72,38,-21,-26,32,61,61,61,61,61,61,61,61,61,61,61,61,61,61,61,61,61,61,61,61,61,61,61,61
2,64,-2,37,-72,38,-21,-26,32,-48,-2,-2,-2,-2,-2,-2,-2,-2,-2,-2,-2,-2,-2,-2,-2,-2,-2,-2,-2,-2,-2,-2,-2,-2
2,65,37,-72,38,-21,-26,32,-48,24,37,37,37,37,37,37,37,37,37,37,37,37,37,37,37,37,37,37,37,37,37,37,37,37
2,66,9,-54,121,-81,59,-100,15,54,9,9,9,9,9,9,9,9,9,9,9,9,9,9,9,9,9,9,9,9,9,9,9,9
2,67,-54,121,-81,59,-100,15,54,116,-54,-54,-54,-54,-54,-54,-54,-54,-54,-54,-54,-54,-54,-54,-54,-54,-54,-54,-54,-54,-54,-54,-54,-54
2,68,121,-81,59,-100,15,54,116,65,121,121,121,121,121,121,121,121,121,121,121,121,121,121,121,121,121,121,121,121,121,121,121,121
2,69,114,-61,115,109,-118,-76,64,-52,114,114,114,114,114,114,114,114,114,114,114,114,114,114,114,114,114,114,114,114,114,114,114,114
2,70,-61,115,109,-118,-76,64,-52,6,-61,-61,-61,-61,-61,-61,-61,-61,-61,-61,-61,-61,-61,-61,-61,-61,-61,-61,-61,-61,-61,-61,-61,-61
2,71,115,109,-118,-76,64,-52,6,-125,115,115,115,115,115,115,115,115,115,115,115,115,115,115,115,115,115,115,115,115,115,115,115,115
2,72,11,76,46,65,-22,-90,-90,127,11,11,11,11,11,11,11,11,11,11,11,11,11,11,11,11,11,11,11,11,11,11,11,11
2,73,76,46,65,-22,-90,-90,127,-94,76,76,76,76,76,76,76,76,76,76,76,76,76,76,76,76,76,76,76,76,76,76,76,76
2,74,46,65,-22,-90,-90,127,-94,34,46,46,46,46,46,46,46,46,46,46,46,46,46,46,46,46,46,46,46,46,46,46,46,46
2,75,54,-34,-63,15,-58,125,-66,-90,54,54,54,54,54,54,54,54,54,54,54,54,54,54,54,54,54,54,54,54,54,54,54,54
2,76,-34,-63,15,-58,125,-66,-90,111,-34,-34,-34,-34,-34,-34,-34,-34,-34,-34,-34,-34,-34,-34,-34,-34,-34,-34,-34,-34,-34,-34,-34,-34
2,77,-63,15,-58,125,-66,-90,111,-122,-63,-63,-63,-63,-63,-63,-63,-63,-63,-63,-63,-63,-63,-63,-63,-63,-63,-63,-63,-63,-63,-63,-63,-63
2,78,-41,126,69,-80,120,12,78,35,-41,-41,-41,-41,-41,-41,-41,-41,-41,-41,-41,-41,-41,-41,-41,-41,-41,-41,-41,-41,-41,-41,-41,-41
2,79,126,69,-80,120,12,78,35,-76,126,126,126,126,126,126,126,126,126,126,126,126,126,126,126,126,126,126,126,126,126,126,126,126
2,80,69,-80,120,12,78,35,-76,46,69,69,69,69,69,69,69,69,69,69,69,69,69,69,69,69,69,69,69,69,69,69,69,69
2,81,104,11,127,-17,-14,48,-38,16,104,104,104,104,104,104,104,104,104,104,104,104,104,104,104,104,104,104,104,104,104,104,104,104
2,82,11,127,-17,-14,48,-38,16,-115,11,11,11,11,11,11,11,11,11,11,11,11,11,11,11,11,11,11,11,11,11,11,11,11
2,83,127,-17,-14,48,-38,16,-115,-118,127,127,127,127,127,127,127,127,127,127,127,127,127,127,127,127,127,127,127,127,127,127,127,127
2,84,-81,24,100,-119,57,15,7,32,-81,-81,-81,-81,-81,-81,-81,-81,-81,-81,-81,-81,-81,-81,-81,-81,-81,-81,-81,-81,-81,-81,-81,-81
2,85,24,100,-119,57,15,7,32,-116,24,24,24,24,24,24,24,24,24,24,24,24,24,24,24,24,24,24,24,24,24,24,24,24
2,86,100,-119,57,15,7,32,-116,-87,100,100,100,100,100,100,100,100,100,100,100,100,100,100,100,100,100,100,100,100,100,100,100,100
2,87,20,72,1,60,83,112,50,52,20,20,20,20,20,20,20,20,20,20,20,20,20,20,20,20,20,20,20,20,20,20,20,20
2,88,72,1,60,83,112,50,52,18,72,72,72,72,72,72,72,72,72,72,72,72,72,72,72,72,72,72,72,72,72,72,72,72
2,89,1,60,83,112,50,52,18,16,1,1,1,1,1,1,1,1,1,1,1,1,1,1,1,1,1,1,1,1,1,1,1,1
2,90,-54,-25,-20,-114,50,72,-77,34,-54,-54,-54,-54,-54,-54,-54,-54,-54,-54,-54,-54,-54,-54,-54,-54,-54,-54,-54,-54,-54,-54,-54,-54
2,91,-25,-20,-114,50,72,-77,34,-31,-25,-25,-25,-25,-25,-25,-25,-25,-25,-25,-25,-25,-25,-25,-25,-25,-25,-25,-25,-25,-25,-25,-25,-25
2,92,-20,-114,50,72,-77,34,-31,38,-20,-20,-20,-20,-20,-20,-20,-20,-20,-20,-20,-20,-20,-20,-20,-20,-20,-20,-20,-20,-20,-20,-20,-20
2,93,-65,83,-23,-64,-25,-29,-125,2,-65,-65,-65,-65,-65,-65,-65,-65,-65,-65,-65,-65,-65,-65,-65,-65,-65,-65,-65,-65,-65,-65,-65,-65
2,94,83,-23,-64,-25,-29,-125,2,108,83,83,83,83,83,83,83,83,83,83,83,83,83,83,83,83,83,83,83,83,83,83,83,83
2,95,-23,-64,-25,-29,-125,2,108,-23,-23,-23,-23,-23,-23,-23,-23,-23,-23,-23,-23,-23,-23,-23,-23,-23,-23,-23,-23,-23,-23,-23,-23,-23
2,96,17,-22,-39,38,124,-126,-43,52,17,17,17,17,17,17,17,17,17,17,17,17,17,17,17,17,17,17,17,17,17,17,17,17
2,97,-22,-39,38,124,-126,-43,52,13,-22,-22,-22,-22,-22,-22,-22,-22,-22,-22,-22,-22,-22,-22,-22,-22,-22,-22,-22,-22,-22,-22,-22,-22
2,98,-39,38,124,-126,-43,52,13,59,-39,-39,-39,-39,-39,-39,-39,-39,-39,-39,-39,-39,-39,-39,-39,-39,-39,-39,-39,-39,-39,-39,-39,-39
2,99,19,-63,-121,37,93,-91,-47,-72,19,19,19,19,19,19,19,19,19,19,19,19,19,19,19,19,19,19,19,19,19,19,19,19
2,100,-63,-121,37,93,-91,-47,-72,-62,-63,-63,-63,-63,-63,-63,-63,-63,-63,-63,-63,-63,-63,-63,-63,-63,-63,-63,-63,-63,-63,-63,-63,-63
2,101,-121,37,93,-91,-47,-72,-62,-21,-121,-121,-121,-121,-121,-121,-121,-121,-121,-121,-121,-121,-121,-121,-121,-121,-121,-121,-121,-121,-121,-121,-121,-121
2,102,31,43,-116,-30,-74,94,42,-37,31,31,31,31,31,31,31,31,31,31,31,31,31,31,31,31,31,31,31,31,31,31,31,31
2,103,43,-116,-30,-74,94,42,-37,47,43,43,43,43,43,43,43,43,43,43,43,43,43,43,43,43,43,43,43,43,43,43,43,43
2,104,-116,-30,-74,94,42,-37,47,-35,-116,-116,-116,-116,-116,-116,-116,-116,-116,-116,-116,-116,-116,-116,-116,-116,-116,-116,-116,-116,-116,-116,-116,-116
2,105,-30,86,63,61,-19,69,14,115,-30,-30,-30,-30,-30,-30,-30,-30,-30,-30,-30,-30,-30,-30,-30,-30,-30,-30,-30,-30,-30,-30,-30,-30
2,106,86,63,61,-19,69,14,115,-65,86,86,86,86,86,86,86,86,86,86,86,86,86,86,86,86,86,86,86,86,86,86,86,86
2,107,63,61,-19,69,14,115,-65,71,63,63,63,63,63,63,63,63,63,63,63,63,63,63,63,63,63,63,63,63,63,63,63,63
2,108,-121,56,-61,121,120,-71,-63,-44,-121,-121,-121,-121,-121,-121,-121,-121,-121,-121,-121,-121,-121,-121,-121,-121,-121,-121,-121,-121,-121,-121,-121,-121
2,109,56,-61,121,120,-71,-63,-44,14,56,56,56,56,56,56,56,56,56,56,56,56,56,56,56,56,56,56,56,56,56,56,56,56
2,110,-61,121,120,-71,-63,-44,14,110,-61,-61,-61,-61,-61,-61,-61,-61,-61,-61,-61,-61,-61,-61,-61,-61,-61,-61,-61,-61,-61,-61,-61,-61
2,111,-50,-37,39,43,-48,-4,18,67,-50,-50,-50,-50,-50,-50,-50,-50,-50,-50,-50,-50,-50,-50,-50,-50,-50,-50,-50,-50,-50,-50,-50,-50
2,112,-37,39,43,-48,-4,18,67,100,-37,-37,-37,-37,-37,-37,-37,-37,-37,-37,-37,-37,-37,-37,-37,-37,-37,-37,-37,-37,-37,-37,-37,-37
2,113,39,43,-48,-4,18,67,100,84,39,39,39,39,39,39,39,39,39,39,39,39,39,39,39,39,39,39,39,39,39,39,39,39
2,114,80,10,-27,32,-75,14,13,33,80,80,80,80,80,80,80,80,80,80,80,80,80,80,80,80,80,80,80,80,80,80,80,80
2,115,10,-27,32,-75,14,13,33,-123,10,10,10,10,10,10,10,10,10,10,10,10,10,10,10,10,10,10,10,10,10,10,10,10
2,116,-27,32,-75,14,13,33,-123,111,-27,-27,-27,-27,-27,-27,-27,-27,-27,-27,-27,-27,-27,-27,-27,-27,-27,-27,-27,-27,-27,-27,-27,-27
2,117,19,27,-116,87,84,-87,-75,-80,19,19,19,19,19,19,19,19,19,19,19,19,19,19,19,19,19,19,19,19,19,19,19,19
2,118,27,-116,87,84,-87,-75,-80,-33,27,27,27,27,27,27,27,27,27,27,27,27,27,27,27,27,27,27,27,27,27,27,27,27
2,119,-116,87,84,-87,-75,-80,-33,19,-116,-116,-116,-116,-116,-116,-116,-116,-116,-116,-116,-116,-116,-116,-116,-116,-116,-116,-116,-116,-116,-116,-116,-116
2,120,-58,-53,117,-127,126,55,47,-75,-58,-58,-58,-58,-58,-58,-58,-58,-58,-58,-58,-58,-58,-58,-58,-58,-58,-58,-58,-58,-58,-58,-58,-58
2,121,-53,117,-127,126,55,47,-75,103,-53,-53,-53,-53,-53,-53,-53,-53,-53,-53,-53,-53,-53,-53,-53,-53,-53,-53,-53,-53,-53,-53,-53,-53
2,122,117,-127,126,55,47,-75,103,-43,117,117,117,117,117,117,117,117,117,117,117,117,117,117,117,117,117,117,117,117,117,117,117,117
2,123,27,-74,24,21,-13,18,-38,-117,27,27,27,27,27,27,27,27,27,27,27,27,27,27,27,27,27,27,27,27,27,27,27,27
2,124,-74,24,21,-13,18,-38,-117,32,-74,-74,-74,-74,-74,-74,-74,-74,-74,-74,-74,-74,-74,-74,-74,-74,-74,-74,-74,-74,-74,-74,-74,-74
2,125,24,21,-13,18,-38,-117,32,105,24,24,24,24,24,24,24,24,24,24,24,24,24,24,24,24,24,24,24,24,24,24,24,24
2,126,-21,64,-101,-65,-125,-29,35,64,-21,-21,-21,-21,-21,-21,-21,-21,-21,-21,-21,-21,-21,-21,-21,-21,-21,-21,-21,-21,-21,-21,-21,-21
2,127,64,-101,-65,-125,-29,35,64,-73,64,64,64,64,64,64,64,64,64,64,64,64,64,64,64,64,64,64,64,64,64,64,64,64
2,128,-101,-65,-125,-29,35,64,-73,-65,-101,-101,-101,-101,-101,-101,-101,-101,-101,-101,-101,-101,-101,-101,-101,-101,-101,-101,-101,-101,-101,-101,-101,-101
2,129,-25,63,-91,104,-91,2,-62,89,-25,-25,-25,-25,-25,-25,-25,-25,-25,-25,-25,-25,-25,-25,-25,-25,-25,-25,-25,-25,-25,-25,-25,-25
2,130,63,-91,104,-91,2,-62,89,-42,63,63,63,63,63,63,63,63,63,63,63,63,63,63,63,63,63,63,63,63,63,63,63,63
2,131,-91,104,-91,2,-62,89,-42,-36,-91,-91,-91,-91,-91,-91,-91,-91,-91,-91,-91,-91,-91,-91,-91,-91,-91,-91,-91,-91,-91,-91,-91,-91
2,132,16,-124,86,16,-25,42,121,-103,16,16,16,16,16,16,16,16,16,16,16,16,16,16,16,16,16,16,16,16,16,16,16,16
2,133,-124,86,16,-25,42,121,-103,17,-124,-124,-124,-124,-124,-124,-124,-124,-124,-124,-124,-124,-124,-124,-124,-124,-124,-124,-124,-124,-124,-124,-124,-124
2,134,86,16,-25,42,121,-103,17,-27,86,86,86,86,86,86,86,86,86,86,86,86,86,86,86,86,86,86,86,86,86,86,86,86
2,135,-118,105,-123,97,-62,-65,-94,-80,-118,-118,-118,-118,-118,-118,-118,-118,-118,-118,-118,-118,-118,-118,-118,-118,-118,-118,-118,-118,-118,-118,-118,-118
2,136,105,-123,97,-62,-65,-94,-80,-36,105,105,105,105,105,105,105,105,105,105,105,105,105,105,105,105,105,105,105,105,105,105,105,105
2,137,-123,97,-62,-65,-94,-80,-36,-19,-123,-123,-123,-123,-123,-123,-123,-123,-123,-123,-123,-123,-123,-123,-123,-123,-123,-123,-123,-123,-123,-123,-123,-123
2,138,-34,-67,26,61,67,-82,-75,116,-34,-34,-34,-34,-34,-34,-34,-34,-34,-34,-34,-34,-34,-34,-34,-34,-34,-34,-34,-34,-34,-34,-34,-34
2,139,-67,26,61,67,-82,-75,116,114,-67,-67,-67,-67,-67,-67,-67,-67,-67,-67,-67,-67,-67,-67,-67,-67,-67,-67,-67,-67,-67,-67,-67,-67
2,140,26,61,67,-82,-75,116,114,-88,26,26,26,26,26,26,26,26,26,26,26,26,26,26,26,26,26,26,26,26,26,26,26,26
2,141,48,118,-73,-80,-83,-34,-102,125,48,48,48,48,48,48,48,48,48,48,48,48,48,48,48,48,48,48,48,48,48,48,48,48
2,142,118,-73,-80,-83,-34,-102,125,-86,118,118,118,118,118,118,118,118,118,118,118,118,118,118,118,118,118,118,118,118,118,118,118,118
2,143,-73,-80,-83,-34,-102,125,-86,114,-73,-73,-73,-73,-73,-73,-73,-73,-73,-73,-73,-73,-73,-73,-73,-73,-73,-73,-73,-73,-73,-73,-73,-73
3,0,-84,7,82,8,-61,1,-17,91,-84,-84,-84,-84,-84,-84,-84,-84,-84,-84,-84,-84,-84,-84,-84,-84,-84,-84,-84,-84,-84,-84,-84,-84
3,1,7,82,8,-61,1,-17,91,-35,7,7,7,7,7,7,7,7,7,7,7,7,7,7,7,7,7,7,7,7,7,7,7,7
3,2,82,8,-61,1,-17,91,-35,-71,82,82,82,82,82,82,82,82,82,82,82,82,82,82,82,82,82,82,82,82,82,82,82,82
3,3,29,-70,-116,102,-31,25,-90,-72,29,29,29,29,29,29,29,29,29,29,29,29,29,29,29,29,29,29,29,29,29,29,29,29
3,4,-70,-116,102,-31,25,-90,-72,16,-70,-70,-70,-70,-70,-70,-70,-70,-70,-70,-70,-70,-70,-70,-70,-70,-70,-70,-70,-70,-70,-70,-70,-70
3,5,-116,102,-31,25,-90,-72,16,42,-116,-116,-116,-116,-116,-116,-116,-116,-116,-116,-116,-116,-116,-116,-116,-116,-116,-116,-116,-116,-116,-116,-116,-116
3,6,103,-102,84,-124,55,43,-30,98,103,103,103,103,103,103,103,103,103,103,103,103,103,103,103,103,103,103,103,103,103,103,103,103
3,7,-102,84,-124,55,43,-30,98,-1,-102,-102,-102,-102,-102,-102,-102,-102,-102,-102,-102,-102,-102,-102,-102,-102,-102,-102,-102,-102,-102,-102,-102,-102
3,8,84,-124,55,43,-30,98,-1,67,84,84,84,84,84,84,84,84,84,84,84,84,84,84,84,84,84,84,84,84,84,84,84,84
3,9,37,-6,51,16,-100,-109,57,109,37,37,37,37,37,37,37,37,37,37,37,37,37,37,37,37,37,37,37,37,37,37,37,37
3,10,-6,51,16,-100,-109,57,109,95,-6,-6,-6,-6,-6,-6,-6,-6,-6,-6,-6,-6,-6,-6,-6,-6,-6,-6,-6,-6,-6,-6,-6,-6
3,11,51,16,-100,-109,57,109,95,-124,51,51,51,51,51,51,51,51,51,51,51,51,51,51,51,51,51,51,51,51,51,51,51,51
3,12,-124,84,-21,1,-35,-33,-83,-82,-124,-124,-124,-124,-124,-124,-124,-124,-124,-124,-124,-124,-124,-124,-124,-124,-124,-124,-124,-124,-124,-124,-124,-124
3,13,84,-21,1,-35,-33,-83,-82,-105,84,84,84,84,84,84,84,84,84,84,84,84,84,84,84,84,84,84,84,84,84,84,84,84
3,14,-21,1,-35,-33,-83,-82,-105,70,-21,-21,-21,-21,-21,-21,-21,-21,-21,-21,-21,-21,-21,-21,-21,-21,-21,-21,-21,-21,-21,-21,-21,-21
3,15,-107,-119,91,73,-17,-89,-12,-11,-107,-107,-107,-107,-107,-107,-107,-107,-107,-107,-107,-107,-107,-107,-107,-107,-107,-107,-107,-107,-107,-107,-107,-107
3,16,-119,91,73,-17,-89,-12,-11,109,-119,-119,-119,-119,-119,-119,-119,-119,-119,-119,-119,-119,-119,-119,-119,-119,-119,-119,-119,-119,-119,-119,-119,-119
3,17,91,73,-17,-89,-12,-11,109,28,91,91,91,91,91,91,91,91,91,91,91,91,91,91,91,91,91,91,91,91,91,91,91,91
3,18,-116,108,84,-97,-120,-122,10,-70,-116,-116,-116,-116,-116,-116,-116,-116,-116,-116,-116,-116,-116,-116,-116,-116,-116,-116,-116,-116,-116,-116,-116,-116
3,19,108,84,-97,-120,-122,10,-70,75,108,108,108,108,108,108,108,108,108,108,108,108,108,108,108,108,108,108,108,108,108,108,108,108
3,20,84,-97,-120,-122,10,-70,75,92,84,84,84,84,84,84,84,84,84,84,84,84,84,84,84,84,84,84,84,84,84,84,84,84
3,21,86,-124,114,-97,-45,71,55,77,86,86,86,86,86,86,86,86,86,86,86,86,86,86,86,86,86,86,86,86,86,86,86,86
3,22,-124,114,-97,-45,71,55,77,-13,-124,-124,-124,-124,-124,-124,-124,-124,-124,-124,-124,-124,-124,-124,-124,-124,-124,-124,-124,-124,-124,-124,-124,-124
3,23,114,-97,-45,71,55,77,-13,95,114,114,114,114,114,114,114,114,114,114,114,114,114,114,114,114,114,114,114,114,114,114,114,114
3,24,-82,-95,-113,114,-111,117,-116,53,-82,-82,-82,-82,-82,-82,-82,-82,-82,-82,-82,-82,-82,-82,-82,-82,-82,-82,-82,-82,-82,-82,-82,-82
3,25,-95,-113,114,-111,117,-116,53,-110,-95,-95,-95,-95,-95,-95,-95,-95,-95,-95,-95,-95,-95,-95,-95,-95,-95,-95,-95,-95,-95,-95,-95,-95
3,26,-113,114,-111,117,-116,53,-110,-61,-113,-113,-113,-113,-113,-113,-113,-113,-113,-113,-113,-113,-113,-113,-113,-113,-113,-113,-113,-113,-113,-113,-113,-113
3,27,51,110,-88,59,-59,25,-71,91,51,51,51,51,51,51,51,51,51,51,51,51,51,51,51,51,51,51,51,51,51,51,51,51
3,28,110,-88,59,-59,25,-71,91,-38,110,110,110,110,110,110,110,110,110,110,110,110,110,110,110,110,110,110,110,110,110,110,110,110
3,29,-88,59,-59,25,-71,91,-38,13,-88,-88,-88,-88,-88,-88,-88,-88,-88,-88,-88,-88,-88,-88,-88,-88,-88,-88,-88,-88,-88,-88,-88,-88
3,30,112,-36,-109,125,-123,11,38,117,112,112,112,112,112,112,112,112,112,112,112,112,112,112,112,112,112,112,112,112,112,112,112,112
3,31,-36,-109,125,-123,11,38,117,-105,-36,-36,-36,-36,-36,-36,-36,-36,-36,-36,-36,-36,-36,-36,-36,-36,-36,-36,-36,-36,-36,-36,-36,-36
3,32,-109,125,-123,11,38,117,-105,83,-109,-109,-109,-109,-109,-109,-109,-109,-109,-109,-109,-109,-109,-109,-109,-109,-109,-109,-109,-109,-109,-109,-109,-109
3,33,63,126,92,55,-75,115,90,57,63,63,63,63,63,63,63,63,63,63,63,63,63,63,63,63,63,63,63,63,63,63,63,63
3,34,126,92,55,-75,115,90,57,-20,126,126,126,126,126,126,126,126,126,126,126,126,126,126,126,126,126,126,126,126,126,126,126,126
3,35,92,55,-75,115,90,57,-20,52,92,92,92,92,92,92,92,92,92,92,92,92,92,92,92,92,92,92,92,92,92,92,92,92
3,36,56,-10,49,46,-127,-88,50,-95,56,56,56,56,56,56,56,56,56,56,56,56,56,56,56,56,56,56,56,56,56,56,56,56
3,37,-10,49,46,-127,-88,50,-95,44,-10,-10,-10,-10,-10,-10,-10,-10,-10,-10,-10,-10,-10,-10,-10,-10,-10,-10,-10,-10,-10,-10,-10,-10
3,38,49,46,-127,-88,50,-95,44,43,49,49,49,49,49,49,49,49,49,49,49,49,49,49,49,49,49,49,49,49,49,49,49,49
3,39,-17,-70,49,46,-9,111,-64,102,-17,-17,-17,-17,-17,-17,-17,-17,-17,-17,-17,-17,-17,-17,-17,-17,-17,-17,-17,-17,-17,-17,-17,-17
3,40,-70,49,46,-9,111,-64,102,-83,-70,-70,-70,-70,-70,-70,-70,-70,-70,-70,-70,-70,-70,-70,-70,-70,-70,-70,-70,-70,-70,-70,-70,-70
3,41,49,46,-9,111,-64,102,-83,63,49,49,49,49,49,49,49,49,49,49,49,49,49,49,49,49,49,49,49,49,49,49,49,49
3,42,-3,-109,-28,-95,58,-57,112,-32,-3,-3,-3,-3,-3,-3,-3,-3,-3,-3,-3,-3,-3,-3,-3,-3,-3,-3,-3,-3,-3,-3,-3,-3
3,43,-109,-28,-95,58,-57,112,-32,81,-109,-109,-109,-109,-109,-109,-109,-109,-109,-109,-109,-109,-109,-109,-109,-109,-109,-109,-109,-109,-109,-109,-109,-109
3,44,-28,-95,58,-57,112,-32,81,31,-28,-28,-28,-28,-28,-28,-28,-28,-28,-28,-28,-28,-28,-28,-28,-28,-28,-28,-28,-28,-28,-28,-28,-28
3,45,27,49,66,-65,50,-78,41,-104,27,27,27,27,27,27,27,27,27,27,27,27,27,27,27,27,27,27,27,27,27,27,27,27
3,46,49,66,-65,50,-78,41,-104,54,49,49,49,49,49,49,49,49,49,49,49,49,49,49,49,49,49,49,49,49,49,49,49,49
3,47,66,-65,50,-78,41,-104,54,107,66,66,66,66,66,66,66,66,66,66,66,66,66,66,66,66,66,66,66,66,66,66,66,66
3,48,-60,57,0,12,7,33,-80,88,-60,-60,-60,-60,-60,-60,-60,-60,-60,-60,-60,-60,-60,-60,-60,-60,-60,-60,-60,-60,-60,-60,-60,-60
3,49,57,0,12,7,33,-80,88,7,57,57,57,57,57,57,57,57,57,57,57,57,57,57,57,57,57,57,57,57,57,57,57,57
3,50,0,12,7,33,-80,88,7,-19,0,0,0,0,0,0,0,0,0,0,0,0,0,0,0,0,0,0,0,0,0,0,0,0
3,51,6,-46,-122,64,0,-64,63,127,6,6,6,6,6,6,6,6,6,6,6,6,6,6,6,6,6,6,6,6,6,6,6,6
3,52,-46,-122,64,0,-64,63,127,14,-46,-46,-46,-46,-46,-46,-46,-46,-46,-46,-46,-46,-46,-46,-46,-46,-46,-46,-46,-46,-46,-46,-46,-46
3,53,-122,64,0,-64,63,127,14,81,-122,-122,-122,-122,-122,-122,-122,-122,-122,-122,-122,-122,-122,-122,-122,-122,-122,-122,-122,-122,-122,-122,-122,-122
3,54,110,-15,84,-123,-45,105,-62,89,110,110,110,110,110,110,110,110,110,110,110,110,110,110,110,110,110,110,110,110,110,110,110,110
3,55,-15,84,-123,-45,105,-62,89,19,-15,-15,-15,-15,-15,-15,-15,-15,-15,-15,-15,-15,-15,-15,-15,-15,-15,-15,-15,-15,-15,-15,-15,-15
3,56,84,-123,-45,105,-62,89,19,-106,84,84,84,84,84,84,84,84,84,84,84,84,84,84,84,84,84,84,84,84,84,84,84,84
3,57,-80,23,126,99,82,-91,-108,-22,-80,-80,-80,-80,-80,-80,-80,-80,-80,-80,-80,-80,-80,-80,-80,-80,-80,-80,-80,-80,-80,-80,-80,-80
3,58,23,126,99,82,-91,-108,-22,-111,23,23,23,23,23,23,23,23,23,23,23,23,23,23,23,23,23,23,23,23,23,23,23,23
3,59,126,99,82,-91,-108,-22,-111,47,126,126,126,126,126,126,126,126,126,126,126,126,126,126,126,126,126,126,126,126,126,126,126,126
3,60,-28,98,25,100,-88,-69,70,70,-28,-28,-28,-28,-28,-28,-28,-28,-28,-28,-28,-28,-28,-28,-28,-28,-28,-28,-28,-28,-28,-28,-28,-28
3,61,98,25,100,-88,-69,70,70,-45,98,98,98,98,98,98,98,98,98,98,98,98,98,98,98,98,98,98,98,98,98,98,98,98
3,62,25,100,-88,-69,70,70,-45,74,25,25,25,25,25,25,25,25,25,25,25,25,25,25,25,25,25,25,25,25,25,25,25,25
3,63,9,-54,121,-81,59,-100,15,54,9,9,9,9,9,9,9,9,9,9,9,9,9,9,9,9,9,9,9,9,9,9,9,9
3,64,-54,121,-81,59,-100,15,54,116,-54,-54,-54,-54,-54,-54,-54,-54,-54,-54,-54,-54,-54,-54,-54,-54,-54,-54,-54,-54,-54,-54,-54,-54
3,65,121,-81,59,-100,15,54,116,65,121,121,121,121,121,121,121,121,121,121,121,121,121,121,121,121,121,121,121,121,121,121,121,121
3,66,114,-61,115,109,-118,-76,64,-52,114,114,114,114,114,114,114,114,114,114,114,114,114,114,114,114,114,114,114,114,114,114,114,114
3,67,-61,115,109,-118,-76,64,-52,6,-61,-61,-61,-61,-61,-61,-61,-61,-61,-61,-61,-61,-61,-61,-61,-61,-61,-61,-61,-61,-61,-61,-61,-61
3,68,115,109,-118,-76,64,-52,6,-125,115,115,115,115,115,115,115,115,115,115,115,115,115,115,115,115,115,115,115,115,115,115,115,115
3,69,-76,92,-36,-32,-29,-34,-46,113,-76,-76,-76,-76,-76,-76,-76,-76,-76,-76,-76,-76,-76,-76,-76,-76,-76,-76,-76,-76,-76,-76,-76,-76
3,70,92,-36,-32,-29,-34,-46,113,17,92,92,92,92,92,92,92,92,92,92,92,92,92,92,92,92,92,92,92,92,92,92,92,92
3,71,-36,-32,-29,-34,-46,113,17,-84,-36,-36,-36,-36,-36,-36,-36,-36,-36,-36,-36,-36,-36,-36,-36,-36,-36,-36,-36,-36,-36,-36,-36,-36
3,72,54,-34,-63,15,-58,125,-66,-90,54,54,54,54,54,54,54,54,54,54,54,54,54,54,54,54,54,54,54,54,54,54,54,54
3,73,-34,-63,15,-58,125,-66,-90,111,-34,-34,-34,-34,-34,-34,-34,-34,-34,-34,-34,-34,-34,-34,-34,-34,-34,-34,-34,-34,-34,-34,-34,-34
3,74,-63,15,-58,125,-66,-90,111,-122,-63,-63,-63,-63,-63,-63,-63,-63,-63,-63,-63,-63,-63,-63,-63,-63,-63,-63,-63,-63,-63,-63,-63,-63
3,75,-41,126,69,-80,120,12,78,35,-41,-41,-41,-41,-41,-41,-41,-41,-41,-41,-41,-41,-41,-41,-41,-41,-41,-41,-41,-41,-41,-41,-41,-41
3,76,126,69,-80,120,12,78,35,-76,126,126,126,126,126,126,126,126,126,126,126,126,126,126,126,126,126,126,126,126,126,126,126,126
3,77,69,-80,120,12,78,35,-76,46,69,69,69,69,69,69,69,69,69,69,69,69,69,69,69,69,69,69,69,69,69,69,69,69
3,78,-8,1,-8,67,-122,-87,-44,-12,-8,-8,-8,-8,-8,-8,-8,-8,-8,-8,-8,-8,-8,-8,-8,-8,-8,-8,-8,-8,-8,-8,-8,-8
3,79,1,-8,67,-122,-87,-44,-12,-13,1,1,1,1,1,1,1,1,1,1,1,1,1,1,1,1,1,1,1,1,1,1,1,1
3,80,-8,67,-122,-87,-44,-12,-13,-60,-8,-8,-8,-8,-8,-8,-8,-8,-8,-8,-8,-8,-8,-8,-8,-8,-8,-8,-8,-8,-8,-8,-8,-8
3,81,-81,24,100,-119,57,15,7,32,-81,-81,-81,-81,-81,-81,-81,-81,-81,-81,-81,-81,-81,-81,-81,-81,-81,-81,-81,-81,-81,-81,-81,-81
3,82,24,100,-119,57,15,7,32,-116,24,24,24,24,24,24,24,24,24,24,24,24,24,24,24,24,24,24,24,24,24,24,24,24
3,83,100,-119,57,15,7,32,-116,-87,100,100,100,100,100,100,100,100,100,100,100,100,100,100,100,100,100,100,100,100,100,100,100,100
3,84,20,72,1,60,83,112,50,52,20,20,20,20,20,20,20,20,20,20,20,20,20,20,20,20,20,20,20,20,20,20,20,20
3,85,72,1,60,83,112,50,52,18,72,72,72,72,72,72,72,72,72,72,72,72,72,72,72,72,72,72,72,72,72,72,72,72
3,86,1,60,83,112,50,52,18,16,1,1,1,1,1,1,1,1,1,1,1,1,1,1,1,1,1,1,1,1,1,1,1,1
3,87,36,-91,120,91,-36,-19,-33,-48,36,36,36,36,36,36,36,36,36,36,36,36,36,36,36,36,36,36,36,36,36,36,36,36
3,88,-91,120,91,-36,-19,-33,-48,-123,-91,-91,-91,-91,-91,-91,-91,-91,-91,-91,-91,-91,-91,-91,-91,-91,-91,-91,-91,-91,-91,-91,-91,-91
3,89,120,91,-36,-19,-33,-48,-123,2,120,120,120,120,120,120,120,120,120,120,120,120,120,120,120,120,120,120,120,120,120,120,120,120
3,90,-65,83,-23,-64,-25,-29,-125,2,-65,-65,-65,-65,-65,-65,-65,-65,-65,-65,-65,-65,-65,-65,-65,-65,-65,-65,-65,-65,-65,-65,-65,-65
3,91,83,-23,-64,-25,-29,-125,2,108,83,83,83,83,83,83,83,83,83,83,83,83,83,83,83,83,83,83,83,83,83,83,83,83
3,92,-23,-64,-25,-29,-125,2,108,-23,-23,-23,-23,-23,-23,-23,-23,-23,-23,-23,-23,-23,-23,-23,-23,-23,-23,-23,-23,-23,-23,-23,-23,-23
3,93,17,-22,-39,38,124,-126,-43,52,17,17,17,17,17,17,17,17,17,17,17,17,17,17,17,17,17,17,17,17,17,17,17,17
3,94,-22,-39,38,124,-126,-43,52,13,-22,-22,-22,-22,-22,-22,-22,-22,-22,-22,-22,-22,-22,-22,-22,-22,-22,-22,-22,-22,-22,-22,-22,-22
3,95,-39,38,124,-126,-43,52,13,59,-39,-39,-39,-39,-39,-39,-39,-39,-39,-39,-39,-39,-39,-39,-39,-39,-39,-39,-39,-39,-39,-39,-39,-39
3,96,22,68,122,52,-97,119,72,-41,22,22,22,22,22,22,22,22,22,22,22,22,22,22,22,22,22,22,22,22,22,22,22,22
3,97,68,122,52,-97,119,72,-41,93,68,68,68,68,68,68,68,68,68,68,68,68,68,68,68,68,68,68,68,68,68,68,68,68
3,98,122,52,-97,119,72,-41,93,40,122,122,122,122,122,122,122,122,122,122,122,122,122,122,122,122,122,122,122,122,122,122,122,122
3,99,31,43,-116,-30,-74,94,42,-37,31,31,31,31,31,31,31,31,31,31,31,31,31,31,31,31,31,31,31,31,31,31,31,31
3,100,43,-116,-30,-74,94,42,-37,47,43,43,43,43,43,43,43,43,43,43,43,43,43,43,43,43,43,43,43,43,43,43,43,43
3,101,-116,-30,-74,94,42,-37,47,-35,-116,-116,-116,-116,-116,-116,-116,-116,-116,-116,-116,-116,-116,-116,-116,-116,-116,-116,-116,-116,-116,-116,-116,-116
3,102,-30,86,63,61,-19,69,14,115,-30,-30,-30,-30,-30,-30,-30,-30,-30,-30,-30,-30,-30,-30,-30,-30,-30,-30,-30,-30,-30,-30,-30,-30
3,103,86,63,61,-19,69,14,115,-65,86,86,86,86,86,86,86,86,86,86,86,86,86,86,86,86,86,86,86,86,86,86,86,86
3,104,63,61,-19,69,14,115,-65,71,63,63,63,63,63,63,63,63,63,63,63,63,63,63,63,63,63,63,63,63,63,63,63,63
3,105,111,-5,-18,75,-117,124,67,-109,111,111,111,111,111,111,111,111,111,111,111,111,111,111,111,111,111,111,111,111,111,111,111,111
3,106,-5,-18,75,-117,124,67,-109,-118,-5,-5,-5,-5,-5,-5,-5,-5,-5,-5,-5,-5,-5,-5,-5,-5,-5,-5,-5,-5,-5,-5,-5,-5
3,107,-18,75,-117,124,67,-109,-118,19,-18,-18,-18,-18,-18,-18,-18,-18,-18,-18,-18,-18,-18,-18,-18,-18,-18,-18,-18,-18,-18,-18,-18,-18
3,108,-50,-37,39,43,-48,-4,18,67,-50,-50,-50,-50,-50,-50,-50,-50,-50,-50,-50,-50,-50,-50,-50,-50,-50,-50,-50,-50,-50,-50,-50,-50
3,109,-37,39,43,-48,-4,18,67,100,-37,-37,-37,-37,-37,-37,-37,-37,-37,-37,-37,-37,-37,-37,-37,-37,-37,-37,-37,-37,-37,-37,-37,-37
3,110,39,43,-48,-4,18,67,100,84,39,39,39,39,39,39,39,39,39,39,39,39,39,39,39,39,39,39,39,39,39,39,39,39
3,111,80,10,-27,32,-75,14,13,33,80,80,80,80,80,80,80,80,80,80,80,80,80,80,80,80,80,80,80,80,80,80,80,80
3,112,10,-27,32,-75,14,13,33,-123,10,10,10,10,10,10,10,10,10,10,10,10,10,10,10,10,10,10,10,10,10,10,10,10
3,113,-27,32,-75,14,13,33,-123,111,-27,-27,-27,-27,-27,-27,-27,-27,-27,-27,-27,-27,-27,-27,-27,-27,-27,-27,-27,-27,-27,-27,-27,-27
3,114,27,41,-83,-118,53,52,44,-32,27,27,27,27,27,27,27,27,27,27,27,27,27,27,27,27,27,27,27,27,27,27,27,27
3,115,41,-83,-118,53,52,44,-32,17,41,41,41,41,41,41,41,41,41,41,41,41,41,41,41,41,41,41,41,41,41,41,41,41
3,116,-83,-118,53,52,44,-32,17,-38,-83,-83,-83,-83,-83,-83,-83,-83,-83,-83,-83,-83,-83,-83,-83,-83,-83,-83,-83,-83,-83,-83,-83,-83
3,117,-58,-53,117,-127,126,55,47,-75,-58,-58,-58,-58,-58,-58,-58,-58,-58,-58,-58,-58,-58,-58,-58,-58,-58,-58,-58,-58,-58,-58,-58,-58
3,118,-53,117,-127,126,55,47,-75,103,-53,-53,-53,-53,-53,-53,-53,-53,-53,-53,-53,-53,-53,-53,-53,-53,-53,-53,-53,-53,-53,-53,-53,-53
3,119,117,-127,126,55,47,-75,103,-43,117,117,117,117,117,117,117,117,117,117,117,117,117,117,117,117,117,117,117,117,117,117,117,117
3,120,27,-74,24,21,-13,18,-38,-117,27,27,27,27,27,27,27,27,27,27,27,27,27,27,27,27,27,27,27,27,27,27,27,27
3,121,-74,24,21,-13,18,-38,-117,32,-74,-74,-74,-74,-74,-74,-74,-74,-74,-74,-74,-74,-74,-74,-74,-74,-74,-74,-74,-74,-74,-74,-74,-74
3,122,24,21,-13,18,-38,-117,32,105,24,24,24,24,24,24,24,24,24,24,24,24,24,24,24,24,24,24,24,24,24,24,24,24
3,123,-73,87,-28,-86,54,105,112,-63,-73,-73,-73,-73,-73,-73,-73,-73,-73,-73,-73,-73,-73,-73,-73,-73,-73,-73,-73,-73,-73,-73,-73,-73
3,124,87,-28,-86,54,105,112,-63,46,87,87,87,87,87,87,87,87,87,87,87,87,87,87,87,87,87,87,87,87,87,87,87,87
3,125,-28,-86,54,105,112,-63,46,80,-28,-28,-28,-28,-28,-28,-28,-28,-28,-28,-28,-28,-28,-28,-28,-28,-28,-28,-28,-28,-28,-28,-28,-28
3,126,-25,63,-91,104,-91,2,-62,89,-25,-25,-25,-25,-25,-25,-25,-25,-25,-25,-25,-25,-25,-25,-25,-25,-25,-25,-25,-25,-25,-25,-25,-25
3,127,63,-91,104,-91,2,-62,89,-42,63,63,63,63,63,63,63,63,63,63,63,63,63,63,63,63,63,63,63,63,63,63,63,63
3,128,-91,104,-91,2,-62,89,-42,-36,-91,-91,-91,-91,-91,-91,-91,-91,-91,-91,-91,-91,-91,-91,-91,-91,-91,-91,-91,-91,-91,-91,-91,-91
3,129,16,-124,86,16,-25,42,121,-103,16,16,16,16,16,16,16,16,16,16,16,16,16,16,16,16,16,16,16,16,16,16,16,16
3,130,-124,86,16,-25,42,121,-103,17,-124,-124,-124,-124,-124,-124,-124,-124,-124,-124,-124,-124,-124,-124,-124,-124,-124,-124,-124,-124,-124,-124,-124,-124
3,131,86,16,-25,42,121,-103,17,-27,86,86,86,86,86,86,86,86,86,86,86,86,86,86,86,86,86,86,86,86,86,86,86,86
3,132,6,21,65,-65,73,29,52,-88,6,6,6,6,6,6,6,6,6,6,6,6,6,6,6,6,6,6,6,6,6,6,6,6
3,133,21,65,-65,73,29,52,-88,106,21,21,21,21,21,21,21,21,21,21,21,21,21,21,21,21,21,21,21,21,21,21,21,21
3,134,65,-65,73,29,52,-88,106,-21,65,65,65,65,65,65,65,65,65,65,65,65,65,65,65,65,65,65,65,65,65,65,65,65
3,135,-34,-67,26,61,67,-82,-75,116,-34,-34,-34,-34,-34,-34,-34,-34,-34,-34,-34,-34,-34,-34,-34,-34,-34,-34,-34,-34,-34,-34,-34,-34
3,136,-67,26,61,67,-82,-75,116,114,-67,-67,-67,-67,-67,-67,-67,-67,-67,-67,-67,-67,-67,-67,-67,-67,-67,-67,-67,-67,-67,-67,-67,-67
3,137,26,61,67,-82,-75,116,114,-88,26,26,26,26,26,26,26,26,26,26,26,26,26,26,26,26,26,26,26,26,26,26,26,26
3,138,48,118,-73,-80,-83,-34,-102,125,48,48,48,48,48,48,48,48,48,48,48,48,48,48,48,48,48,48,48,48,48,48,48,48
3,139,118,-73,-80,-83,-34,-102,125,-86,118,118,118,118,118,118,118,118,118,118,118,118,118,118,118,118,118,118,118,118,118,118,118,118
3,140,-73,-80,-83,-34,-102,125,-86,114,-73,-73,-73,-73,-73,-73,-73,-73,-73,-73,-73,-73,-73,-73,-73,-73,-73,-73,-73,-73,-73,-73,-73,-73
3,141,71,-109,126,50,-107,-20,-29,34,71,71,71,71,71,71,71,71,71,71,71,71,71,71,71,71,71,71,71,71,71,71,71,71
3,142,-109,126,50,-107,-20,-29,34,39,-109,-109,-109,-109,-109,-109,-109,-109,-109,-109,-109,-109,-109,-109,-109,-109,-109,-109,-109,-109,-109,-109,-109,-109
3,143,126,50,-107,-20,-29,34,39,10,126,126,126,126,126,126,126,126,126,126,126,126,126,126,126,126,126,126,126,126,126,126,126,126
4,0,-76,-33,94,-27,-76,16,75,43,-76,-76,-76,-76,-76,-76,-76,-76,-76,-76,-76,-76,-76,-76,-76,-76,-76,-76,-76,-76,-76,-76,-76,-76
4,1,-33,94,-27,-76,16,75,43,53,-33,-33,-33,-33,-33,-33,-33,-33,-33,-33,-33,-33,-33,-33,-33,-33,-33,-33,-33,-33,-33,-33,-33,-33
4,2,94,-27,-76,16,75,43,53,-104,94,94,94,94,94,94,94,94,94,94,94,94,94,94,94,94,94,94,94,94,94,94,94,94
4,3,-53,59,-4,83,102,75,-77,-53,-53,-53,-53,-53,-53,-53,-53,-53,-53,-53,-53,-53,-53,-53,-53,-53,-53,-53,-53,-53,-53,-53,-53,-53
4,4,59,-4,83,102,75,-77,-53,13,59,59,59,59,59,59,59,59,59,59,59,59,59,59,59,59,59,59,59,59,59,59,59,59
4,5,-4,83,102,75,-77,-53,13,38,-4,-4,-4,-4,-4,-4,-4,-4,-4,-4,-4,-4,-4,-4,-4,-4,-4,-4,-4,-4,-4,-4,-4,-4
4,6,89,-115,-118,83,29,14,-86,43,89,89,89,89,89,89,89,89,89,89,89,89,89,89,89,89,89,89,89,89,89,89,89,89
4,7,-115,-118,83,29,14,-86,43,-1,-115,-115,-115,-115,-115,-115,-115,-115,-115,-115,-115,-115,-115,-115,-115,-115,-115,-115,-115,-115,-115,-115,-115,-115
4,8,-118,83,29,14,-86,43,-1,-82,-118,-118,-118,-118,-118,-118,-118,-118,-118,-118,-118,-118,-118,-118,-118,-118,-118,-118,-118,-118,-118,-118,-118,-118
4,9,42,-116,-101,-77,-26,-50,2,-88,42,42,42,42,42,42,42,42,42,42,42,42,42,42,42,42,42,42,42,42,42,42,42,42
4,10,-116,-101,-77,-26,-50,2,-88,-4,-116,-116,-116,-116,-116,-116,-116,-116,-116,-116,-116,-116,-116,-116,-116,-116,-116,-116,-116,-116,-116,-116,-116,-116
4,11,-101,-77,-26,-50,2,-88,-4,-122,-101,-101,-101,-101,-101,-101,-101,-101,-101,-101,-101,-101,-101,-101,-101,-101,-101,-101,-101,-101,-101,-101,-101,-101
4,12,49,99,87,-21,-52,-81,91,70,49,49,49,49,49,49,49,49,49,49,49,49,49,49,49,49,49,49,49,49,49,49,49,49
4,13,99,87,-21,-52,-81,91,70,26,99,99,99,99,99,99,99,99,99,99,99,99,99,99,99,99,99,99,99,99,99,99,99,99
4,14,87,-21,-52,-81,91,70,26,55,87,87,87,87,87,87,87,87,87,87,87,87,87,87,87,87,87,87,87,87,87,87,87,87
4,15,-26,88,-16,62,-96,-37,-90,83,-26,-26,-26,-26,-26,-26,-26,-26,-26,-26,-26,-26,-26,-26,-26,-26,-26,-26,-26,-26,-26,-26,-26,-26
4,16,88,-16,62,-96,-37,-90,83,102,88,88,88,88,88,88,88,88,88,88,88,88,88,88,88,88,88,88,88,88,88,88,88,88
4,17,-16,62,-96,-37,-90,83,102,30,-16,-16,-16,-16,-16,-16,-16,-16,-16,-16,-16,-16,-16,-16,-16,-16,-16,-16,-16,-16,-16,-16,-16,-16
4,18,53,77,-100,-72,107,-15,-82,70,53,53,53,53,53,53,53,53,53,53,53,53,53,53,53,53,53,53,53,53,53,53,53,53
4,19,77,-100,-72,107,-15,-82,70,-107,77,77,77,77,77,77,77,77,77,77,77,77,77,77,77,77,77,77,77,77,77,77,77,77
4,20,-100,-72,107,-15,-82,70,-107,34,-100,-100,-100,-100,-100,-100,-100,-100,-100,-100,-100,-100,-100,-100,-100,-100,-100,-100,-100,-100,-100,-100,-100,-100
4,21,120,55,100,-19,-43,27,67,-66,120,120,120,120,120,120,120,120,120,120,120,120,120,120,120,120,120,120,120,120,120,120,120,120
4,22,55,100,-19,-43,27,67,-66,-70,55,55,55,55,55,55,55,55,55,55,55,55,55,55,55,55,55,55,55,55,55,55,55,55
4,23,100,-19,-43,27,67,-66,-70,-79,100,100,100,100,100,100,100,100,100,100,100,100,100,100,100,100,100,100,100,100,100,100,100,100
4,24,-73,-99,14,90,59,-27,39,101,-73,-73,-73,-73,-73,-73,-73,-73,-73,-73,-73,-73,-73,-73,-73,-73,-73,-73,-73,-73,-73,-73,-73,-73
4,25,-99,14,90,59,-27,39,101,-113,-99,-99,-99,-99,-99,-99,-99,-99,-99,-99,-99,-99,-99,-99,-99,-99,-99,-99,-99,-99,-99,-99,-99,-99
4,26,14,90,59,-27,39,101,-113,-95,14,14,14,14,14,14,14,14,14,14,14,14,14,14,14,14,14,14,14,14,14,14,14,14
4,27,-120,-70,84,86,124,-64,-55,-93,-120,-120,-120,-120,-120,-120,-120,-120,-120,-120,-120,-120,-120,-120,-120,-120,-120,-120,-120,-120,-120,-120,-120,-120
4,28,-70,84,86,124,-64,-55,-93,65,-70,-70,-70,-70,-70,-70,-70,-70,-70,-70,-70,-70,-70,-70,-70,-70,-70,-70,-70,-70,-70,-70,-70,-70
4,29,84,86,124,-64,-55,-93,65,-91,84,84,84,84,84,84,84,84,84,84,84,84,84,84,84,84,84,84,84,84,84,84,84,84
4,30,0,110,-30,62,1,49,13,22,0,0,0,0,0,0,0,0,0,0,0,0,0,0,0,0,0,0,0,0,0,0,0,0
4,31,110,-30,62,1,49,13,22,-57,110,110,110,110,110,110,110,110,110,110,110,110,110,110,110,110,110,110,110,110,110,110,110,110
4,32,-30,62,1,49,13,22,-57,-7,-30,-30,-30,-30,-30,-30,-30,-30,-30,-30,-30,-30,-30,-30,-30,-30,-30,-30,-30,-30,-30,-30,-30,-30
4,33,80,43,-20,-53,-86,57,-7,-100,80,80,80,80,80,80,80,80,80,80,80,80,80,80,80,80,80,80,80,80,80,80,80,80
4,34,43,-20,-53,-86,57,-7,-100,32,43,43,43,43,43,43,43,43,43,43,43,43,43,43,43,43,43,43,43,43,43,43,43,43
4,35,-20,-53,-86,57,-7,-100,32,-32,-20,-20,-20,-20,-20,-20,-20,-20,-20,-20,-20,-20,-20,-20,-20,-20,-20,-20,-20,-20,-20,-20,-20,-20
4,36,-33,91,45,55,95,103,-50,-127,-33,-33,-33,-33,-33,-33,-33,-33,-33,-33,-33,-33,-33,-33,-33,-33,-33,-33,-33,-33,-33,-33,-33,-33
4,37,91,45,55,95,103,-50,-127,-106,91,91,91,91,91,91,91,91,91,91,91,91,91,91,91,91,91,91,91,91,91,91,91,91
4,38,45,55,95,103,-50,-127,-106,-28,45,45,45,45,45,45,45,45,45,45,45,45,45,45,45,45,45,45,45,45,45,45,45,45
4,39,37,-90,114,46,15,73,123,91,37,37,37,37,37,37,37,37,37,37,37,37,37,37,37,37,37,37,37,37,37,37,37,37
4,40,-90,114,46,15,73,123,91,95,-90,-90,-90,-90,-90,-90,-90,-90,-90,-90,-90,-90,-90,-90,-90,-90,-90,-90,-90,-90,-90,-90,-90,-90
4,41,114,46,15,73,123,91,95,-85,114,114,114,114,114,114,114,114,114,114,114,114,114,114,114,114,114,114,114,114,114,114,114,114
4,42,6,52,-27,57,63,-58,-28,57,6,6,6,6,6,6,6,6,6,6,6,6,6,6,6,6,6,6,6,6,6,6,6,6
4,43,52,-27,57,63,-58,-28,57,-120,52,52,52,52,52,52,52,52,52,52,52,52,52,52,52,52,52,52,52,52,52,52,52,52
4,44,-27,57,63,-58,-28,57,-120,-91,-27,-27,-27,-27,-27,-27,-27,-27,-27,-27,-27,-27,-27,-27,-27,-27,-27,-27,-27,-27,-27,-27,-27,-27
4,45,-59,-57,106,-121,69,74,12,-105,-59,-59,-59,-59,-59,-59,-59,-59,-59,-59,-59,-59,-59,-59,-59,-59,-59,-59,-59,-59,-59,-59,-59,-59
4,46,-57,106,-121,69,74,12,-105,-24,-57,-57,-57,-57,-57,-57,-57,-57,-57,-57,-57,-57,-57,-57,-57,-57,-57,-57,-57,-57,-57,-57,-57,-57
4,47,106,-121,69,74,12,-105,-24,94,106,106,106,106,106,106,106,106,106,106,106,106,106,106,106,106,106,106,106,106,106,106,106,106
4,48,-98,43,75,2,-70,85,43,6,-98,-98,-98,-98,-98,-98,-98,-98,-98,-98,-98,-98,-98,-98,-98,-98,-98,-98,-98,-98,-98,-98,-98,-98
4,49,43,75,2,-70,85,43,6,126,43,43,43,43,43,43,43,43,43,43,43,43,43,43,43,43,43,43,43,43,43,43,43,43
4,50,75,2,-70,85,43,6,126,-24,75,75,75,75,75,75,75,75,75,75,75,75,75,75,75,75,75,75,75,75,75,75,75,75
4,51,16,-97,4,-12,37,-78,-111,-8,16,16,16,16,16,16,16,16,16,16,16,16,16,16,16,16,16,16,16,16,16,16,16,16
4,52,-97,4,-12,37,-78,-111,-8,10,-97,-97,-97,-97,-97,-97,-97,-97,-97,-97,-97,-97,-97,-97,-97,-97,-97,-97,-97,-97,-97,-97,-97,-97
4,53,4,-12,37,-78,-111,-8,10,46,4,4,4,4,4,4,4,4,4,4,4,4,4,4,4,4,4,4,4,4,4,4,4,4
4,54,66,-41,-35,-59,-41,-32,-105,-33,66,66,66,66,66,66,66,66,66,66,66,66,66,66,66,66,66,66,66,66,66,66,66,66
4,55,-41,-35,-59,-41,-32,-105,-33,-109,-41,-41,-41,-41,-41,-41,-41,-41,-41,-41,-41,-41,-41,-41,-41,-41,-41,-41,-41,-41,-41,-41,-41,-41
4,56,-35,-59,-41,-32,-105,-33,-109,98,-35,-35,-35,-35,-35,-35,-35,-35,-35,-35,-35,-35,-35,-35,-35,-35,-35,-35,-35,-35,-35,-35,-35,-35
4,57,107,53,42,91,15,-26,44,-113,107,107,107,107,107,107,107,107,107,107,107,107,107,107,107,107,107,107,107,107,107,107,107,107
4,58,53,42,91,15,-26,44,-113,41,53,53,53,53,53,53,53,53,53,53,53,53,53,53,53,53,53,53,53,53,53,53,53,53
4,59,42,91,15,-26,44,-113,41,-40,42,42,42,42,42,42,42,42,42,42,42,42,42,42,42,42,42,42,42,42,42,42,42,42
4,60,0,-37,82,70,74,77,93,124,0,0,0,0,0,0,0,0,0,0,0,0,0,0,0,0,0,0,0,0,0,0,0,0
4,61,-37,82,70,74,77,93,124,124,-37,-37,-37,-37,-37,-37,-37,-37,-37,-37,-37,-37,-37,-37,-37,-37,-37,-37,-37,-37,-37,-37,-37,-37
4,62,82,70,74,77,93,124,124,-84,82,82,82,82,82,82,82,82,82,82,82,82,82,82,82,82,82,82,82,82,82,82,82,82
4,63,23,45,107,-28,-45,112,61,47,23,23,23,23,23,23,23,23,23,23,23,23,23,23,23,23,23,23,23,23,23,23,23,23
4,64,45,107,-28,-45,112,61,47,-122,45,45,45,45,45,45,45,45,45,45,45,45,45,45,45,45,45,45,45,45,45,45,45,45
4,65,107,-28,-45,112,61,47,-122,47,107,107,107,107,107,107,107,107,107,107,107,107,107,107,107,107,107,107,107,107,107,107,107,107
4,66,-66,115,127,51,74,-49,42,-14,-66,-66,-66,-66,-66,-66,-66,-66,-66,-66,-66,-66,-66,-66,-66,-66,-66,-66,-66,-66,-66,-66,-66,-66
4,67,115,127,51,74,-49,42,-14,79,115,115,115,115,115,115,115,115,115,115,115,115,115,115,115,115,115,115,115,115,115,115,115,115
4,68,127,51,74,-49,42,-14,79,-86,127,127,127,127,127,127,127,127,127,127,127,127,127,127,127,127,127,127,127,127,127,127,127,127
4,69,61,-2,37,-72,38,-21,-26,32,61,61,61,61,61,61,61,61,61,61,61,61,61,61,61,61,61,61,61,61,61,61,61,61
4,70,-2,37,-72,38,-21,-26,32,-48,-2,-2,-2,-2,-2,-2,-2,-2,-2,-2,-2,-2,-2,-2,-2,-2,-2,-2,-2,-2,-2,-2,-2,-2
4,71,37,-72,38,-21,-26,32,-48,24,37,37,37,37,37,37,37,37,37,37,37,37,37,37,37,37,37,37,37,37,37,37,37,37
4,72,-18,-126,-2,114,37,-96,-101,68,-18,-18,-18,-18,-18,-18,-18,-18,-18,-18,-18,-18,-18,-18,-18,-18,-18,-18,-18,-18,-18,-18,-18,-18
4,73,-126,-2,114,37,-96,-101,68,-114,-126,-126,-126,-126,-126,-126,-126,-126,-126,-126,-126,-126,-126,-126,-126,-126,-126,-126,-126,-126,-126,-126,-126,-126
4,74,-2,114,37,-96,-101,68,-114,88,-2,-2,-2,-2,-2,-2,-2,-2,-2,-2,-2,-2,-2,-2,-2,-2,-2,-2,-2,-2,-2,-2,-2,-2
4,75,68,13,25,65,-16,13,97,52,68,68,68,68,68,68,68,68,68,68,68,68,68,68,68,68,68,68,68,68,68,68,68,68
4,76,13,25,65,-16,13,97,52,66,13,13,13,13,13,13,13,13,13,13,13,13,13,13,13,13,13,13,13,13,13,13,13,13
4,77,25,65,-16,13,97,52,66,121,25,25,25,25,25,25,25,25,25,25,25,25,25,25,25,25,25,25,25,25,25,25,25,25
4,78,11,76,46,65,-22,-90,-90,127,11,11,11,11,11,11,11,11,11,11,11,11,11,11,11,11,11,11,11,11,11,11,11,11
4,79,76,46,65,-22,-90,-90,127,-94,76,76,76,76,76,76,76,76,76,76,76,76,76,76,76,76,76,76,76,76,76,76,76,76
4,80,46,65,-22,-90,-90,127,-94,34,46,46,46,46,46,46,46,46,46,46,46,46,46,46,46,46,46,46,46,46,46,46,46,46
4,81,-5,-85,34,-120,28,-65,-122,-8,-5,-5,-5,-5,-5,-5,-5,-5,-5,-5,-5,-5,-5,-5,-5,-5,-5,-5,-5,-5,-5,-5,-5,-5
4,82,-85,34,-120,28,-65,-122,-8,125,-85,-85,-85,-85,-85,-85,-85,-85,-85,-85,-85,-85,-85,-85,-85,-85,-85,-85,-85,-85,-85,-85,-85,-85
4,83,34,-120,28,-65,-122,-8,125,-93,34,34,34,34,34,34,34,34,34,34,34,34,34,34,34,34,34,34,34,34,34,34,34,34
4,84,82,-11,89,17,-65,109,-20,-80,82,82,82,82,82,82,82,82,82,82,82,82,82,82,82,82,82,82,82,82,82,82,82,82
4,85,-11,89,17,-65,109,-20,-80,65,-11,-11,-11,-11,-11,-11,-11,-11,-11,-11,-11,-11,-11,-11,-11,-11,-11,-11,-11,-11,-11,-11,-11,-11
4,86,89,17,-65,109,-20,-80,65,-102,89,89,89,89,89,89,89,89,89,89,89,89,89,89,89,89,89,89,89,89,89,89,89,89
4,87,104,11,127,-17,-14,48,-38,16,104,104,104,104,104,104,104,104,104,104,104,104,104,104,104,104,104,104,104,104,104,104,104,104
4,88,11,127,-17,-14,48,-38,16,-115,11,11,11,11,11,11,11,11,11,11,11,11,11,11,11,11,11,11,11,11,11,11,11,11
4,89,127,-17,-14,48,-38,16,-115,-118,127,127,127,127,127,127,127,127,127,127,127,127,127,127,127,127,127,127,127,127,127,127,127,127
4,90,-71,86,26,-72,-36,64,-68,-60,-71,-71,-71,-71,-71,-71,-71,-71,-71,-71,-71,-71,-71,-71,-71,-71,-71,-71,-71,-71,-71,-71,-71,-71
4,91,86,26,-72,-36,64,-68,-60,64,86,86,86,86,86,86,86,86,86,86,86,86,86,86,86,86,86,86,86,86,86,86,86,86
4,92,26,-72,-36,64,-68,-60,64,-86,26,26,26,26,26,26,26,26,26,26,26,26,26,26,26,26,26,26,26,26,26,26,26,26
4,93,24,66,-80,10,44,10,-74,70,24,24,24,24,24,24,24,24,24,24,24,24,24,24,24,24,24,24,24,24,24,24,24,24
4,94,66,-80,10,44,10,-74,70,-16,66,66,66,66,66,66,66,66,66,66,66,66,66,66,66,66,66,66,66,66,66,66,66,66
4,95,-80,10,44,10,-74,70,-16,-21,-80,-80,-80,-80,-80,-80,-80,-80,-80,-80,-80,-80,-80,-80,-80,-80,-80,-80,-80,-80,-80,-80,-80,-80
4,96,-54,-25,-20,-114,50,72,-77,34,-54,-54,-54,-54,-54,-54,-54,-54,-54,-54,-54,-54,-54,-54,-54,-54,-54,-54,-54,-54,-54,-54,-54,-54
4,97,-25,-20,-114,50,72,-77,34,-31,-25,-25,-25,-25,-25,-25,-25,-25,-25,-25,-25,-25,-25,-25,-25,-25,-25,-25,-25,-25,-25,-25,-25,-25
4,98,-20,-114,50,72,-77,34,-31,38,-20,-20,-20,-20,-20,-20,-20,-20,-20,-20,-20,-20,-20,-20,-20,-20,-20,-20,-20,-20,-20,-20,-20,-20
4,99,55,76,41,-21,52,102,-97,2,55,55,55,55,55,55,55,55,55,55,55,55,55,55,55,55,55,55,55,55,55,55,55,55
4,100,76,41,-21,52,102,-97,2,125,76,76,76,76,76,76,76,76,76,76,76,76,76,76,76,76,76,76,76,76,76,76,76,76
4,101,41,-21,52,102,-97,2,125,43,41,41,41,41,41,41,41,41,41,41,41,41,41,41,41,41,41,41,41,41,41,41,41,41
4,102,-108,51,89,-52,-71,-116,60,-81,-108,-108,-108,-108,-108,-108,-108,-108,-108,-108,-108,-108,-108,-108,-108,-108,-108,-108,-108,-108,-108,-108,-108,-108
4,103,51,89,-52,-71,-116,60,-81,-3,51,51,51,51,51,51,51,51,51,51,51,51,51,51,51,51,51,51,51,51,51,51,51,51
4,104,89,-52,-71,-116,60,-81,-3,-113,89,89,89,89,89,89,89,89,89,89,89,89,89,89,89,89,89,89,89,89,89,89,89,89
4,105,19,-63,-121,37,93,-91,-47,-72,19,19,19,19,19,19,19,19,19,19,19,19,19,19,19,19,19,19,19,19,19,19,19,19
4,106,-63,-121,37,93,-91,-47,-72,-62,-63,-63,-63,-63,-63,-63,-63,-63,-63,-63,-63,-63,-63,-63,-63,-63,-63,-63,-63,-63,-63,-63,-63,-63
4,107,-121,37,93,-91,-47,-72,-62,-21,-121,-121,-121,-121,-121,-121,-121,-121,-121,-121,-121,-121,-121,-121,-121,-121,-121,-121,-121,-121,-121,-121,-121,-121
4,108,89,46,-120,-83,-31,-103,21,-66,89,89,89,89,89,89,89,89,89,89,89,89,89,89,89,89,89,89,89,89,89,89,89,89
4,109,46,-120,-83,-31,-103,21,-66,106,46,46,46,46,46,46,46,46,46,46,46,46,46,46,46,46,46,46,46,46,46,46,46,46
4,110,-120,-83,-31,-103,21,-66,106,83,-120,-120,-120,-120,-120,-120,-120,-120,-120,-120,-120,-120,-120,-120,-120,-120,-120,-120,-120,-120,-120,-120,-120,-120
4,111,-73,-103,17,-11,9,-60,-42,-55,-73,-73,-73,-73,-73,-73,-73,-73,-73,-73,-73,-73,-73,-73,-73,-73,-73,-73,-73,-73,-73,-73,-73,-73
4,112,-103,17,-11,9,-60,-42,-55,56,-103,-103,-103,-103,-103,-103,-103,-103,-103,-103,-103,-103,-103,-103,-103,-103,-103,-103,-103,-103,-103,-103,-103,-103
4,113,17,-11,9,-60,-42,-55,56,-119,17,17,17,17,17,17,17,17,17,17,17,17,17,17,17,17,17,17,17,17,17,17,17,17
4,114,-121,56,-61,121,120,-71,-63,-44,-121,-121,-121,-121,-121,-121,-121,-121,-121,-121,-121,-121,-121,-121,-121,-121,-121,-121,-121,-121,-121,-121,-121,-121
4,115,56,-61,121,120,-71,-63,-44,14,56,56,56,56,56,56,56,56,56,56,56,56,56,56,56,56,56,56,56,56,56,56,56,56
4,116,-61,121,120,-71,-63,-44,14,110,-61,-61,-61,-61,-61,-61,-61,-61,-61,-61,-61,-61,-61,-61,-61,-61,-61,-61,-61,-61,-61,-61,-61,-61
4,117,51,10,-89,45,-36,-74,62,-48,51,51,51,51,51,51,51,51,51,51,51,51,51,51,51,51,51,51,51,51,51,51,51,51
4,118,10,-89,45,-36,-74,62,-48,-52,10,10,10,10,10,10,10,10,10,10,10,10,10,10,10,10,10,10,10,10,10,10,10,10
4,119,-89,45,-36,-74,62,-48,-52,-46,-89,-89,-89,-89,-89,-89,-89,-89,-89,-89,-89,-89,-89,-89,-89,-89,-89,-89,-89,-89,-89,-89,-89,-89
4,120,-116,-16,-49,90,-34,40,-48,108,-116,-116,-116,-116,-116,-116,-116,-116,-116,-116,-116,-116,-116,-116,-116,-116,-116,-116,-116,-116,-116,-116,-116,-116
4,121,-16,-49,90,-34,40,-48,108,-127,-16,-16,-16,-16,-16,-16,-16,-16,-16,-16,-16,-16,-16,-16,-16,-16,-16,-16,-16,-16,-16,-16,-16,-16
4,122,-49,90,-34,40,-48,108,-127,107,-49,-49,-49,-49,-49,-49,-49,-49,-49,-49,-49,-49,-49,-49,-49,-49,-49,-49,-49,-49,-49,-49,-49,-49
4,123,19,27,-116,87,84,-87,-75,-80,19,19,19,19,19,19,19,19,19,19,19,19,19,19,19,19,19,19,19,19,19,19,19,19
4,124,27,-116,87,84,-87,-75,-80,-33,27,27,27,27,27,27,27,27,27,27,27,27,27,27,27,27,27,27,27,27,27,27,27,27
4,125,-116,87,84,-87,-75,-80,-33,19,-116,-116,-116,-116,-116,-116,-116,-116,-116,-116,-116,-116,-116,-116,-116,-116,-116,-116,-116,-116,-116,-116,-116,-116
4,126,125,69,36,69,66,115,119,-16,125,125,125,125,125,125,125,125,125,125,125,125,125,125,125,125,125,125,125,125,125,125,125,125
4,127,69,36,69,66,115,119,-16,-40,69,69,69,69,69,69,69,69,69,69,69,69,69,69,69,69,69,69,69,69,69,69,69,69
4,128,36,69,66,115,119,-16,-40,58,36,36,36,36,36,36,36,36,36,36,36,36,36,36,36,36,36,36,36,36,36,36,36,36
4,129,35,-104,119,31,106,-81,-103,95,35,35,35,35,35,35,35,35,35,35,35,35,35,35,35,35,35,35,35,35,35,35,35,35
4,130,-104,119,31,106,-81,-103,95,-47,-104,-104,-104,-104,-104,-104,-104,-104,-104,-104,-104,-104,-104,-104,-104,-104,-104,-104,-104,-104,-104,-104,-104,-104
4,131,119,31,106,-81,-103,95,-47,-67,119,119,119,119,119,119,119,119,119,119,119,119,119,119,119,119,119,119,119,119,119,119,119,119
4,132,-21,64,-101,-65,-125,-29,35,64,-21,-21,-21,-21,-21,-21,-21,-21,-21,-21,-21,-21,-21,-21,-21,-21,-21,-21,-21,-21,-21,-21,-21,-21
4,133,64,-101,-65,-125,-29,35,64,-73,64,64,64,64,64,64,64,64,64,64,64,64,64,64,64,64,64,64,64,64,64,64,64,64
4,134,-101,-65,-125,-29,35,64,-73,-65,-101,-101,-101,-101,-101,-101,-101,-101,-101,-101,-101,-101,-101,-101,-101,-101,-101,-101,-101,-101,-101,-101,-101,-101
4,135,-5,-72,113,-127,-51,-91,-49,99,-5,-5,-5,-5,-5,-5,-5,-5,-5,-5,-5,-5,-5,-5,-5,-5,-5,-5,-5,-5,-5,-5,-5,-5
4,136,-72,113,-127,-51,-91,-49,99,29,-72,-72,-72,-72,-72,-72,-72,-72,-72,-72,-72,-72,-72,-72,-72,-72,-72,-72,-72,-72,-72,-72,-72,-72
4,137,113,-127,-51,-91,-49,99,29,34,113,113,113,113,113,113,113,113,113,113,113,113,113,113,113,113,113,113,113,113,113,113,113,113
4,138,15,28,-89,-27,-50,38,79,23,15,15,15,15,15,15,15,15,15,15,15,15,15,15,15,15,15,15,15,15,15,15,15,15
4,139,28,-89,-27,-50,38,79,23,81,28,28,28,28,28,28,28,28,28,28,28,28,28,28,28,28,28,28,28,28,28,28,28,28
4,140,-89,-27,-50,38,79,23,81,42,-89,-89,-89,-89,-89,-89,-89,-89,-89,-89,-89,-89,-89,-89,-89,-89,-89,-89,-89,-89,-89,-89,-89,-89
4,141,-118,105,-123,97,-62,-65,-94,-80,-118,-118,-118,-118,-118,-118,-118,-118,-118,-118,-118,-118,-118,-118,-118,-118,-118,-118,-118,-118,-118,-118,-118,-118
4,142,105,-123,97,-62,-65,-94,-80,-36,105,105,105,105,105,105,105,105,105,105,105,105,105,105,105,105,105,105,105,105,105,105,105,105
4,143,-123,97,-62,-65,-94,-80,-36,-19,-123,-123,-123,-123,-123,-123,-123,-123,-123,-123,-123,-123,-123,-123,-123,-123,-123,-123,-123,-123,-123,-123,-123,-123
5,0,-53,59,-4,83,102,75,-77,-53,-53,-53,-53,-53,-53,-53,-53,-53,-53,-53,-53,-53,-53,-53,-53,-53,-53,-53,-53,-53,-53,-53,-53,-53
5,1,59,-4,83,102,75,-77,-53,13,59,59,59,59,59,59,59,59,59,59,59,59,59,59,59,59,59,59,59,59,59,59,59,59
5,2,-4,83,102,75,-77,-53,13,38,-4,-4,-4,-4,-4,-4,-4,-4,-4,-4,-4,-4,-4,-4,-4,-4,-4,-4,-4,-4,-4,-4,-4,-4
5,3,89,-115,-118,83,29,14,-86,43,89,89,89,89,89,89,89,89,89,89,89,89,89,89,89,89,89,89,89,89,89,89,89,89
5,4,-115,-118,83,29,14,-86,43,-1,-115,-115,-115,-115,-115,-115,-115,-115,-115,-115,-115,-115,-115,-115,-115,-115,-115,-115,-115,-115,-115,-115,-115,-115
5,5,-118,83,29,14,-86,43,-1,-82,-118,-118,-118,-118,-118,-118,-118,-118,-118,-118,-118,-118,-118,-118,-118,-118,-118,-118,-118,-118,-118,-118,-118,-118
5,6,-84,7,82,8,-61,1,-17,91,-84,-84,-84,-84,-84,-84,-84,-84,-84,-84,-84,-84,-84,-84,-84,-84,-84,-84,-84,-84,-84,-84,-84,-84
5,7,7,82,8,-61,1,-17,91,-35,7,7,7,7,7,7,7,7,7,7,7,7,7,7,7,7,7,7,7,7,7,7,7,7
5,8,82,8,-61,1,-17,91,-35,-71,82,82,82,82,82,82,82,82,82,82,82,82,82,82,82,82,82,82,82,82,82,82,82,82
5,9,49,99,87,-21,-52,-81,91,70,49,49,49,49,49,49,49,49,49,49,49,49,49,49,49,49,49,49,49,49,49,49,49,49
5,10,99,87,-21,-52,-81,91,70,26,99,99,99,99,99,99,99,99,99,99,99,99,99,99,99,99,99,99,99,99,99,99,99,99
5,11,87,-21,-52,-81,91,70,26,55,87,87,87,87,87,87,87,87,87,87,87,87,87,87,87,87,87,87,87,87,87,87,87,87
5,12,-26,88,-16,62,-96,-37,-90,83,-26,-26,-26,-26,-26,-26,-26,-26,-26,-26,-26,-26,-26,-26,-26,-26,-26,-26,-26,-26,-26,-26,-26,-26
5,13,88,-16,62,-96,-37,-90,83,102,88,88,88,88,88,88,88,88,88,88,88,88,88,88,88,88,88,88,88,88,88,88,88,88
5,14,-16,62,-96,-37,-90,83,102,30,-16,-16,-16,-16,-16,-16,-16,-16,-16,-16,-16,-16,-16,-16,-16,-16,-16,-16,-16,-16,-16,-16,-16,-16
5,15,37,-6,51,16,-100,-109,57,109,37,37,37,37,37,37,37,37,37,37,37,37,37,37,37,37,37,37,37,37,37,37,37,37
5,16,-6,51,16,-100,-109,57,109,95,-6,-6,-6,-6,-6,-6,-6,-6,-6,-6,-6,-6,-6,-6,-6,-6,-6,-6,-6,-6,-6,-6,-6,-6
5,17,51,16,-100,-109,57,109,95,-124,51,51,51,51,51,51,51,51,51,51,51,51,51,51,51,51,51,51,51,51,51,51,51,51
5,18,120,55,100,-19,-43,27,67,-66,120,120,120,120,120,120,120,120,120,120,120,120,120,120,120,120,120,120,120,120,120,120,120,120
5,19,55,100,-19,-43,27,67,-66,-70,55,55,55,55,55,55,55,55,55,55,55,55,55,55,55,55,55,55,55,55,55,55,55,55
5,20,100,-19,-43,27,67,-66,-70,-79,100,100,100,100,100,100,100,100,100,100,100,100,100,100,100,100,100,100,100,100,100,100,100,100
5,21,-73,-99,14,90,59,-27,39,101,-73,-73,-73,-73,-73,-73,-73,-73,-73,-73,-73,-73,-73,-73,-73,-73,-73,-73,-73,-73,-73,-73,-73,-73
5,22,-99,14,90,59,-27,39,101,-113,-99,-99,-99,-99,-99,-99,-99,-99,-99,-99,-99,-99,-99,-99,-99,-99,-99,-99,-99,-99,-99,-99,-99,-99
5,23,14,90,59,-27,39,101,-113,-95,14,14,14,14,14,14,14,14,14,14,14,14,14,14,14,14,14,14,14,14,14,14,14,14
5,24,-116,108,84,-97,-120,-122,10,-70,-116,-116,-116,-116,-116,-116,-116,-116,-116,-116,-116,-116,-116,-116,-116,-116,-116,-116,-116,-116,-116,-116,-116,-116
5,25,108,84,-97,-120,-122,10,-70,75,108,108,108,108,108,108,108,108,108,108,108,108,108,108,108,108,108,108,108,108,108,108,108,108
5,26,84,-97,-120,-122,10,-70,75,92,84,84,84,84,84,84,84,84,84,84,84,84,84,84,84,84,84,84,84,84,84,84,84,84
5,27,0,110,-30,62,1,49,13,22,0,0,0,0,0,0,0,0,0,0,0,0,0,0,0,0,0,0,0,0,0,0,0,0
5,28,110,-30,62,1,49,13,22,-57,110,110,110,110,110,110,110,110,110,110,110,110,110,110,110,110,110,110,110,110,110,110,110,110
5,29,-30,62,1,49,13,22,-57,-7,-30,-30,-30,-30,-30,-30,-30,-30,-30,-30,-30,-30,-30,-30,-30,-30,-30,-30,-30,-30,-30,-30,-30,-30
5,30,80,43,-20,-53,-86,57,-7,-100,80,80,80,80,80,80,80,80,80,80,80,80,80,80,80,80,80,80,80,80,80,80,80,80
5,31,43,-20,-53,-86,57,-7,-100,32,43,43,43,43,43,43,43,43,43,43,43,43,43,43,43,43,43,43,43,43,43,43,43,43
5,32,-20,-53,-86,57,-7,-100,32,-32,-20,-20,-20,-20,-20,-20,-20,-20,-20,-20,-20,-20,-20,-20,-20,-20,-20,-20,-20,-20,-20,-20,-20,-20
5,33,51,110,-88,59,-59,25,-71,91,51,51,51,51,51,51,51,51,51,51,51,51,51,51,51,51,51,51,51,51,51,51,51,51
5,34,110,-88,59,-59,25,-71,91,-38,110,110,110,110,110,110,110,110,110,110,110,110,110,110,110,110,110,110,110,110,110,110,110,110
5,35,-88,59,-59,25,-71,91,-38,13,-88,-88,-88,-88,-88,-88,-88,-88,-88,-88,-88,-88,-88,-88,-88,-88,-88,-88,-88,-88,-88,-88,-88,-88
5,36,37,-90,114,46,15,73,123,91,37,37,37,37,37,37,37,37,37,37,37,37,37,37,37,37,37,37,37,37,37,37,37,37
5,37,-90,114,46,15,73,123,91,95,-90,-90,-90,-90,-90,-90,-90,-90,-90,-90,-90,-90,-90,-90,-90,-90,-90,-90,-90,-90,-90,-90,-90,-90
5,38,114,46,15,73,123,91,95,-85,114,114,114,114,114,114,114,114,114,114,114,114,114,114,114,114,114,114,114,114,114,114,114,114
5,39,6,52,-27,57,63,-58,-28,57,6,6,6,6,6,6,6,6,6,6,6,6,6,6,6,6,6,6,6,6,6,6,6,6
5,40,52,-27,57,63,-58,-28,57,-120,52,52,52,52,52,52,52,52,52,52,52,52,52,52,52,52,52,52,52,52,52,52,52,52
5,41,-27,57,63,-58,-28,57,-120,-91,-27,-27,-27,-27,-27,-27,-27,-27,-27,-27,-27,-27,-27,-27,-27,-27,-27,-27,-27,-27,-27,-27,-27,-27
5,42,56,-10,49,46,-127,-88,50,-95,56,56,56,56,56,56,56,56,56,56,56,56,56,56,56,56,56,56,56,56,56,56,56,56
5,43,-10,49,46,-127,-88,50,-95,44,-10,-10,-10,-10,-10,-10,-10,-10,-10,-10,-10,-10,-10,-10,-10,-10,-10,-10,-10,-10,-10,-10,-10,-10
5,44,49,46,-127,-88,50,-95,44,43,49,49,49,49,49,49,49,49,49,49,49,49,49,49,49,49,49,49,49,49,49,49,49,49
5,45,-98,43,75,2,-70,85,43,6,-98,-98,-98,-98,-98,-98,-98,-98,-98,-98,-98,-98,-98,-98,-98,-98,-98,-98,-98,-98,-98,-98,-98,-98
5,46,43,75,2,-70,85,43,6,126,43,43,43,43,43,43,43,43,43,43,43,43,43,43,43,43,43,43,43,43,43,43,43,43
5,47,75,2,-70,85,43,6,126,-24,75,75,75,75,75,75,75,75,75,75,75,75,75,75,75,75,75,75,75,75,75,75,75,75
5,48,16,-97,4,-12,37,-78,-111,-8,16,16,16,16,16,16,16,16,16,16,16,16,16,16,16,16,16,16,16,16,16,16,16,16
5,49,-97,4,-12,37,-78,-111,-8,10,-97,-97,-97,-97,-97,-97,-97,-97,-97,-97,-97,-97,-97,-97,-97,-97,-97,-97,-97,-97,-97,-97,-97,-97
5,50,4,-12,37,-78,-111,-8,10,46,4,4,4,4,4,4,4,4,4,4,4,4,4,4,4,4,4,4,4,4,4,4,4,4
5,51,27,49,66,-65,50,-78,41,-104,27,27,27,27,27,27,27,27,27,27,27,27,27,27,27,27,27,27,27,27,27,27,27,27
5,52,49,66,-65,50,-78,41,-104,54,49,49,49,49,49,49,49,49,49,49,49,49,49,49,49,49,49,49,49,49,49,49,49,49
5,53,66,-65,50,-78,41,-104,54,107,66,66,66,66,66,66,66,66,66,66,66,66,66,66,66,66,66,66,66,66,66,66,66,66
5,54,107,53,42,91,15,-26,44,-113,107,107,107,107,107,107,107,107,107,107,107,107,107,107,107,107,107,107,107,107,107,107,107,107
5,55,53,42,91,15,-26,44,-113,41,53,53,53,53,53,53,53,53,53,53,53,53,53,53,53,53,53,53,53,53,53,53,53,53
5,56,42,91,15,-26,44,-113,41,-40,42,42,42,42,42,42,42,42,42,42,42,42,42,42,42,42,42,42,42,42,42,42,42,42
5,57,0,-37,82,70,74,77,93,124,0,0,0,0,0,0,0,0,0,0,0,0,0,0,0,0,0,0,0,0,0,0,0,0
5,58,-37,82,70,74,77,93,124,124,-37,-37,-37,-37,-37,-37,-37,-37,-37,-37,-37,-37,-37,-37,-37,-37,-37,-37,-37,-37,-37,-37,-37,-37
5,59,82,70,74,77,93,124,124,-84,82,82,82,82,82,82,82,82,82,82,82,82,82,82,82,82,82,82,82,82,82,82,82,82
5,60,110,-15,84,-123,-45,105,-62,89,110,110,110,110,110,110,110,110,110,110,110,110,110,110,110,110,110,110,110,110,110,110,110,110
5,61,-15,84,-123,-45,105,-62,89,19,-15,-15,-15,-15,-15,-15,-15,-15,-15,-15,-15,-15,-15,-15,-15,-15,-15,-15,-15,-15,-15,-15,-15,-15
5,62,84,-123,-45,105,-62,89,19,-106,84,84,84,84,84,84,84,84,84,84,84,84,84,84,84,84,84,84,84,84,84,84,84,84
5,63,-66,115,127,51,74,-49,42,-14,-66,-66,-66,-66,-66,-66,-66,-66,-66,-66,-66,-66,-66,-66,-66,-66,-66,-66,-66,-66,-66,-66,-66,-66
5,64,115,127,51,74,-49,42,-14,79,115,115,115,115,115,115,115,115,115,115,115,115,115,115,115,115,115,115,115,115,115,115,115,115
5,65,127,51,74,-49,42,-14,79,-86,127,127,127,127,127,127,127,127,127,127,127,127,127,127,127,127,127,127,127,127,127,127,127,127
5,66,61,-2,37,-72,38,-21,-26,32,61,61,61,61,61,61,61,61,61,61,61,61,61,61,61,61,61,61,61,61,61,61,61,61
5,67,-2,37,-72,38,-21,-26,32,-48,-2,-2,-2,-2,-2,-2,-2,-2,-2,-2,-2,-2,-2,-2,-2,-2,-2,-2,-2,-2,-2,-2,-2,-2
5,68,37,-72,38,-21,-26,32,-48,24,37,37,37,37,37,37,37,37,37,37,37,37,37,37,37,37,37,37,37,37,37,37,37,37
5,69,9,-54,121,-81,59,-100,15,54,9,9,9,9,9,9,9,9,9,9,9,9,9,9,9,9,9,9,9,9,9,9,9,9
5,70,-54,121,-81,59,-100,15,54,116,-54,-54,-54,-54,-54,-54,-54,-54,-54,-54,-54,-54,-54,-54,-54,-54,-54,-54,-54,-54,-54,-54,-54,-54
5,71,121,-81,59,-100,15,54,116,65,121,121,121,121,121,121,121,121,121,121,121,121,121,121,121,121,121,121,121,121,121,121,121,121
5,72,68,13,25,65,-16,13,97,52,68,68,68,68,68,68,68,68,68,68,68,68,68,68,68,68,68,68,68,68,68,68,68,68
5,73,13,25,65,-16,13,97,52,66,13,13,13,13,13,13,13,13,13,13,13,13,13,13,13,13,13,13,13,13,13,13,13,13
5,74,25,65,-16,13,97,52,66,121,25,25,25,25,25,25,25,25,25,25,25,25,25,25,25,25,25,25,25,25,25,25,25,25
5,75,11,76,46,65,-22,-90,-90,127,11,11,11,11,11,11,11,11,11,11,11,11,11,11,11,11,11,11,11,11,11,11,11,11
5,76,76,46,65,-22,-90,-90,127,-94,76,76,76,76,76,76,76,76,76,76,76,76,76,76,76,76,76,76,76,76,76,76,76,76
5,77,46,65,-22,-90,-90,127,-94,34,46,46,46,46,46,46,46,46,46,46,46,46,46,46,46,46,46,46,46,46,46,46,46,46
5,78,54,-34,-63,15,-58,125,-66,-90,54,54,54,54,54,54,54,54,54,54,54,54,54,54,54,54,54,54,54,54,54,54,54,54
5,79,-34,-63,15,-58,125,-66,-90,111,-34,-34,-34,-34,-34,-34,-34,-34,-34,-34,-34,-34,-34,-34,-34,-34,-34,-34,-34,-34,-34,-34,-34,-34
5,80,-63,15,-58,125,-66,-90,111,-122,-63,-63,-63,-63,-63,-63,-63,-63,-63,-63,-63,-63,-63,-63,-63,-63,-63,-63,-63,-63,-63,-63,-63,-63
5,81,82,-11,89,17,-65,109,-20,-80,82,82,82,82,82,82,82,82,82,82,82,82,82,82,82,82,82,82,82,82,82,82,82,82
5,82,-11,89,17,-65,109,-20,-80,65,-11,-11,-11,-11,-11,-11,-11,-11,-11,-11,-11,-11,-11,-11,-11,-11,-11,-11,-11,-11,-11,-11,-11,-11
5,83,89,17,-65,109,-20,-80,65,-102,89,89,89,89,89,89,89,89,89,89,89,89,89,89,89,89,89,89,89,89,89,89,89,89
5,84,104,11,127,-17,-14,48,-38,16,104,104,104,104,104,104,104,104,104,104,104,104,104,104,104,104,104,104,104,104,104,104,104,104
5,85,11,127,-17,-14,48,-38,16,-115,11,11,11,11,11,11,11,11,11,11,11,11,11,11,11,11,11,11,11,11,11,11,11,11
5,86,127,-17,-14,48,-38,16,-115,-118,127,127,127,127,127,127,127,127,127,127,127,127,127,127,127,127,127,127,127,127,127,127,127,127
5,87,-81,24,100,-119,57,15,7,32,-81,-81,-81,-81,-81,-81,-81,-81,-81,-81,-81,-81,-81,-81,-81,-81,-81,-81,-81,-81,-81,-81,-81,-81
5,88,24,100,-119,57,15,7,32,-116,24,24,24,24,24,24,24,24,24,24,24,24,24,24,24,24,24,24,24,24,24,24,24,24
5,89,100,-119,57,15,7,32,-116,-87,100,100,100,100,100,100,100,100,100,100,100,100,100,100,100,100,100,100,100,100,100,100,100,100
5,90,24,66,-80,10,44,10,-74,70,24,24,24,24,24,24,24,24,24,24,24,24,24,24,24,24,24,24,24,24,24,24,24,24
5,91,66,-80,10,44,10,-74,70,-16,66,66,66,66,66,66,66,66,66,66,66,66,66,66,66,66,66,66,66,66,66,66,66,66
5,92,-80,10,44,10,-74,70,-16,-21,-80,-80,-80,-80,-80,-80,-80,-80,-80,-80,-80,-80,-80,-80,-80,-80,-80,-80,-80,-80,-80,-80,-80,-80
5,93,-54,-25,-20,-114,50,72,-77,34,-54,-54,-54,-54,-54,-54,-54,-54,-54,-54,-54,-54,-54,-54,-54,-54,-54,-54,-54,-54,-54,-54,-54,-54
5,94,-25,-20,-114,50,72,-77,34,-31,-25,-25,-25,-25,-25,-25,-25,-25,-25,-25,-25,-25,-25,-25,-25,-25,-25,-25,-25,-25,-25,-25,-25,-25
5,95,-20,-114,50,72,-77,34,-31,38,-20,-20,-20,-20,-20,-20,-20,-20,-20,-20,-20,-20,-20,-20,-20,-20,-20,-20,-20,-20,-20,-20,-20,-20
5,96,-65,83,-23,-64,-25,-29,-125,2,-65,-65,-65,-65,-65,-65,-65,-65,-65,-65,-65,-65,-65,-65,-65,-65,-65,-65,-65,-65,-65,-65,-65,-65
5,97,83,-23,-64,-25,-29,-125,2,108,83,83,83,83,83,83,83,83,83,83,83,83,83,83,83,83,83,83,83,83,83,83,83,83
5,98,-23,-64,-25,-29,-125,2,108,-23,-23,-23,-23,-23,-23,-23,-23,-23,-23,-23,-23,-23,-23,-23,-23,-23,-23,-23,-23,-23,-23,-23,-23,-23
5,99,-108,51,89,-52,-71,-116,60,-81,-108,-108,-108,-108,-108,-108,-108,-108,-108,-108,-108,-108,-108,-108,-108,-108,-108,-108,-108,-108,-108,-108,-108,-108
5,100,51,89,-52,-71,-116,60,-81,-3,51,51,51,51,51,51,51,51,51,51,51,51,51,51,51,51,51,51,51,51,51,51,51,51
5,101,89,-52,-71,-116,60,-81,-3,-113,89,89,89,89,89,89,89,89,89,89,89,89,89,89,89,89,89,89,89,89,89,89,89,89
5,102,19,-63,-121,37,93,-91,-47,-72,19,19,19,19,19,19,19,19,19,19,19,19,19,19,19,19,19,19,19,19,19,19,19,19
5,103,-63,-121,37,93,-91,-47,-72,-62,-63,-63,-63,-63,-63,-63,-63,-63,-63,-63,-63,-63,-63,-63,-63,-63,-63,-63,-63,-63,-63,-63,-63,-63
5,104,-121,37,93,-91,-47,-72,-62,-21,-121,-121,-121,-121,-121,-121,-121,-121,-121,-121,-121,-121,-121,-121,-121,-121,-121,-121,-121,-121,-121,-121,-121,-121
5,105,31,43,-116,-30,-74,94,42,-37,31,31,31,31,31,31,31,31,31,31,31,31,31,31,31,31,31,31,31,31,31,31,31,31
5,106,43,-116,-30,-74,94,42,-37,47,43,43,43,43,43,43,43,43,43,43,43,43,43,43,43,43,43,43,43,43,43,43,43,43
5,107,-116,-30,-74,94,42,-37,47,-35,-116,-116,-116,-116,-116,-116,-116,-116,-116,-116,-116,-116,-116,-116,-116,-116,-116,-116,-116,-116,-116,-116,-116,-116
5,108,-73,-103,17,-11,9,-60,-42,-55,-73,-73,-73,-73,-73,-73,-73,-73,-73,-73,-73,-73,-73,-73,-73,-73,-73,-73,-73,-73,-73,-73,-73,-73
5,109,-103,17,-11,9,-60,-42,-55,56,-103,-103,-103,-103,-103,-103,-103,-103,-103,-103,-103,-103,-103,-103,-103,-103,-103,-103,-103,-103,-103,-103,-103,-103
5,110,17,-11,9,-60,-42,-55,56,-119,17,17,17,17,17,17,17,17,17,17,17,17,17,17,17,17,17,17,17,17,17,17,17,17
5,111,-121,56,-61,121,120,-71,-63,-44,-121,-121,-121,-121,-121,-121,-121,-121,-121,-121,-121,-121,-121,-121,-121,-121,-121,-121,-121,-121,-121,-121,-121,-121
5,112,56,-61,121,120,-71,-63,-44,14,56,56,56,56,56,56,56,56,56,56,56,56,56,56,56,56,56,56,56,56,56,56,56,56
5,113,-61,121,120,-71,-63,-44,14,110,-61,-61,-61,-61,-61,-61,-61,-61,-61,-61,-61,-61,-61,-61,-61,-61,-61,-61,-61,-61,-61,-61,-61,-61
5,114,-50,-37,39,43,-48,-4,18,67,-50,-50,-50,-50,-50,-50,-50,-50,-50,-50,-50,-50,-50,-50,-50,-50,-50,-50,-50,-50,-50,-50,-50,-50
5,115,-37,39,43,-48,-4,18,67,100,-37,-37,-37,-37,-37,-37,-37,-37,-37,-37,-37,-37,-37,-37,-37,-37,-37,-37,-37,-37,-37,-37,-37,-37
5,116,39,43,-48,-4,18,67,100,84,39,39,39,39,39,39,39,39,39,39,39,39,39,39,39,39,39,39,39,39,39,39,39,39
5,117,-116,-16,-49,90,-34,40,-48,108,-116,-116,-116,-116,-116,-116,-116,-116,-116,-116,-116,-116,-116,-116,-116,-116,-116,-116,-116,-116,-116,-116,-116,-116
5,118,-16,-49,90,-34,40,-48,108,-127,-16,-16,-16,-16,-16,-16,-16,-16,-16,-16,-16,-16,-16,-16,-16,-16,-16,-16,-16,-16,-16,-16,-16,-16
5,119,-49,90,-34,40,-48,108,-127,107,-49,-49,-49,-49,-49,-49,-49,-49,-49,-49,-49,-49,-49,-49,-49,-49,-49,-49,-49,-49,-49,-49,-49,-49
5,120,19,27,-116,87,84,-87,-75,-80,19,19,19,19,19,19,19,19,19,19,19,19,19,19,19,19,19,19,19,19,19,19,19,19
5,121,27,-116,87,84,-87,-75,-80,-33,27,27,27,27,27,27,27,27,27,27,27,27,27,27,27,27,27,27,27,27,27,27,27,27
5,122,-116,87,84,-87,-75,-80,-33,19,-116,-116,-116,-116,-116,-116,-116,-116,-116,-116,-116,-116,-116,-116,-116,-116,-116,-116,-116,-116,-116,-116,-116,-116
5,123,-58,-53,117,-127,126,55,47,-75,-58,-58,-58,-58,-58,-58,-58,-58,-58,-58,-58,-58,-58,-58,-58,-58,-58,-58,-58,-58,-58,-58,-58,-58
5,124,-53,117,-127,126,55,47,-75,103,-53,-53,-53,-53,-53,-53,-53,-53,-53,-53,-53,-53,-53,-53,-53,-53,-53,-53,-53,-53,-53,-53,-53,-53
5,125,117,-127,126,55,47,-75,103,-43,117,117,117,117,117,117,117,117,117,117,117,117,117,117,117,117,117,117,117,117,117,117,117,117
5,126,35,-104,119,31,106,-81,-103,95,35,35,35,35,35,35,35,35,35,35,35,35,35,35,35,35,35,35,35,35,35,35,35,35
5,127,-104,119,31,106,-81,-103,95,-47,-104,-104,-104,-104,-104,-104,-104,-104,-104,-104,-104,-104,-104,-104,-104,-104,-104,-104,-104,-104,-104,-104,-104,-104
5,128,119,31,106,-81,-103,95,-47,-67,119,119,119,119,119,119,119,119,119,119,119,119,119,119,119,119,119,119,119,119,119,119,119,119
5,129,-21,64,-101,-65,-125,-29,35,64,-21,-21,-21,-21,-21,-21,-21,-21,-21,-21,-21,-21,-21,-21,-21,-21,-21,-21,-21,-21,-21,-21,-21,-21
5,130,64,-101,-65,-125,-29,35,64,-73,64,64,64,64,64,64,64,64,64,64,64,64,64,64,64,64,64,64,64,64,64,64,64,64
5,131,-101,-65,-125,-29,35,64,-73,-65,-101,-101,-101,-101,-101,-101,-101,-101,-101,-101,-101,-101,-101,-101,-101,-101,-101,-101,-101,-101,-101,-101,-101,-101
5,132,-25,63,-91,104,-91,2,-62,89,-25,-25,-25,-25,-25,-25,-25,-25,-25,-25,-25,-25,-25,-25,-25,-25,-25,-25,-25,-25,-25,-25,-25,-25
5,133,63,-91,104,-91,2,-62,89,-42,63,63,63,63,63,63,63,63,63,63,63,63,63,63,63,63,63,63,63,63,63,63,63,63
5,134,-91,104,-91,2,-62,89,-42,-36,-91,-91,-91,-91,-91,-91,-91,-91,-91,-91,-91,-91,-91,-91,-91,-91,-91,-91,-91,-91,-91,-91,-91,-91
5,135,15,28,-89,-27,-50,38,79,23,15,15,15,15,15,15,15,15,15,15,15,15,15,15,15,15,15,15,15,15,15,15,15,15
5,136,28,-89,-27,-50,38,79,23,81,28,28,28,28,28,28,28,28,28,28,28,28,28,28,28,28,28,28,28,28,28,28,28,28
5,137,-89,-27,-50,38,79,23,81,42,-89,-89,-89,-89,-89,-89,-89,-89,-89,-89,-89,-89,-89,-89,-89,-89,-89,-89,-89,-89,-89,-89,-89,-89
5,138,-118,105,-123,97,-62,-65,-94,-80,-118,-118,-118,-118,-118,-118,-118,-118,-118,-118,-118,-118,-118,-118,-118,-118,-118,-118,-118,-118,-118,-118,-118,-118
5,139,105,-123,97,-62,-65,-94,-80,-36,105,105,105,105,105,105,105,105,105,105,105,105,105,105,105,105,105,105,105,105,105,105,105,105
5,140,-123,97,-62,-65,-94,-80,-36,-19,-123,-123,-123,-123,-123,-123,-123,-123,-123,-123,-123,-123,-123,-123,-123,-123,-123,-123,-123,-123,-123,-123,-123,-123
5,141,-34,-67,26,61,67,-82,-75,116,-34,-34,-34,-34,-34,-34,-34,-34,-34,-34,-34,-34,-34,-34,-34,-34,-34,-34,-34,-34,-34,-34,-34,-34
5,142,-67,26,61,67,-82,-75,116,114,-67,-67,-67,-67,-67,-67,-67,-67,-67,-67,-67,-67,-67,-67,-67,-67,-67,-67,-67,-67,-67,-67,-67,-67
5,143,26,61,67,-82,-75,116,114,-88,26,26,26,26,26,26,26,26,26,26,26,26,26,26,26,26,26,26,26,26,26,26,26,26
6,0,89,-115,-118,83,29,14,-86,43,89,89,89,89,89,89,89,89,89,89,89,89,89,89,89,89,89,89,89,89,89,89,89,89
6,1,-115,-118,83,29,14,-86,43,-1,-115,-115,-115,-115,-115,-115,-115,-115,-115,-115,-115,-115,-115,-115,-115,-115,-115,-115,-115,-115,-115,-115,-115,-115
6,2,-118,83,29,14,-86,43,-1,-82,-118,-118,-118,-118,-118,-118,-118,-118,-118,-118,-118,-118,-118,-118,-118,-118,-118,-118,-118,-118,-118,-118,-118,-118
6,3,-84,7,82,8,-61,1,-17,91,-84,-84,-84,-84,-84,-84,-84,-84,-84,-84,-84,-84,-84,-84,-84,-84,-84,-84,-84,-84,-84,-84,-84,-84
6,4,7,82,8,-61,1,-17,91,-35,7,7,7,7,7,7,7,7,7,7,7,7,7,7,7,7,7,7,7,7,7,7,7,7
6,5,82,8,-61,1,-17,91,-35,-71,82,82,82,82,82,82,82,82,82,82,82,82,82,82,82,82,82,82,82,82,82,82,82,82
6,6,29,-70,-116,102,-31,25,-90,-72,29,29,29,29,29,29,29,29,29,29,29,29,29,29,29,29,29,29,29,29,29,29,29,29
6,7,-70,-116,102,-31,25,-90,-72,16,-70,-70,-70,-70,-70,-70,-70,-70,-70,-70,-70,-70,-70,-70,-70,-70,-70,-70,-70,-70,-70,-70,-70,-70
6,8,-116,102,-31,25,-90,-72,16,42,-116,-116,-116,-116,-116,-116,-116,-116,-116,-116,-116,-116,-116,-116,-116,-116,-116,-116,-116,-116,-116,-116,-116,-116
6,9,-26,88,-16,62,-96,-37,-90,83,-26,-26,-26,-26,-26,-26,-26,-26,-26,-26,-26,-26,-26,-26,-26,-26,-26,-26,-26,-26,-26,-26,-26,-26
6,10,88,-16,62,-96,-37,-90,83,102,88,88,88,88,88,88,88,88,88,88,88,88,88,88,88,88,88,88,88,88,88,88,88,88
6,11,-16,62,-96,-37,-90,83,102,30,-16,-16,-16,-16,-16,-16,-16,-16,-16,-16,-16,-16,-16,-16,-16,-16,-16,-16,-16,-16,-16,-16,-16,-16
6,12,37,-6,51,16,-100,-109,57,109,37,37,37,37,37,37,37,37,37,37,37,37,37,37,37,37,37,37,37,37,37,37,37,37
6,13,-6,51,16,-100,-109,57,109,95,-6,-6,-6,-6,-6,-6,-6,-6,-6,-6,-6,-6,-6,-6,-6,-6,-6,-6,-6,-6,-6,-6,-6,-6
6,14,51,16,-100,-109,57,109,95,-124,51,51,51,51,51,51,51,51,51,51,51,51,51,51,51,51,51,51,51,51,51,51,51,51
6,15,-124,84,-21,1,-35,-33,-83,-82,-124,-124,-124,-124,-124,-124,-124,-124,-124,-124,-124,-124,-124,-124,-124,-124,-124,-124,-124,-124,-124,-124,-124,-124
6,16,84,-21,1,-35,-33,-83,-82,-105,84,84,84,84,84,84,84,84,84,84,84,84,84,84,84,84,84,84,84,84,84,84,84,84
6,17,-21,1,-35,-33,-83,-82,-105,70,-21,-21,-21,-21,-21,-21,-21,-21,-21,-21,-21,-21,-21,-21,-21,-21,-21,-21,-21,-21,-21,-21,-21,-21
6,18,-73,-99,14,90,59,-27,39,101,-73,-73,-73,-73,-73,-73,-73,-73,-73,-73,-73,-73,-73,-73,-73,-73,-73,-73,-73,-73,-73,-73,-73,-73
6,19,-99,14,90,59,-27,39,101,-113,-99,-99,-99,-99,-99,-99,-99,-99,-99,-99,-99,-99,-99,-99,-99,-99,-99,-99,-99,-99,-99,-99,-99,-99
6,20,14,90,59,-27,39,101,-113,-95,14,14,14,14,14,14,14,14,14,14,14,14,14,14,14,14,14,14,14,14,14,14,14,14
6,21,-116,108,84,-97,-120,-122,10,-70,-116,-116,-116,-116,-116,-116,-116,-116,-116,-116,-116,-116,-116,-116,-116,-116,-116,-116,-116,-116,-116,-116,-116,-116
6,22,108,84,-97,-120,-122,10,-70,75,108,108,108,108,108,108,108,108,108,108,108,108,108,108,108,108,108,108,108,108,108,108,108,108
6,23,84,-97,-120,-122,10,-70,75,92,84,84,84,84,84,84,84,84,84,84,84,84,84,84,84,84,84,84,84,84,84,84,84,84
6,24,86,-124,114,-97,-45,71,55,77,86,86,86,86,86,86,86,86,86,86,86,86,86,86,86,86,86,86,86,86,86,86,86,86
6,25,-124,114,-97,-45,71,55,77,-13,-124,-124,-124,-124,-124,-124,-124,-124,-124,-124,-124,-124,-124,-124,-124,-124,-124,-124,-124,-124,-124,-124,-124,-124
6,26,114,-97,-45,71,55,77,-13,95,114,114,114,114,114,114,114,114,114,114,114,114,114,114,114,114,114,114,114,114,114,114,114,114
6,27,80,43,-20,-53,-86,57,-7,-100,80,80,80,80,80,80,80,80,80,80,80,80,80,80,80,80,80,80,80,80,80,80,80,80
6,28,43,-20,-53,-86,57,-7,-100,32,43,43,43,43,43,43,43,43,43,43,43,43,43,43,43,43,43,43,43,43,43,43,43,43
6,29,-20,-53,-86,57,-7,-100,32,-32,-20,-20,-20,-20,-20,-20,-20,-20,-20,-20,-20,-20,-20,-20,-20,-20,-20,-20,-20,-20,-20,-20,-20,-20
6,30,51,110,-88,59,-59,25,-71,91,51,51,51,51,51,51,51,51,51,51,51,51,51,51,51,51,51,51,51,51,51,51,51,51
6,31,110,-88,59,-59,25,-71,91,-38,110,110,110,110,110,110,110,110,110,110,110,110,110,110,110,110,110,110,110,110,110,110,110,110
6,32,-88,59,-59,25,-71,91,-38,13,-88,-88,-88,-88,-88,-88,-88,-88,-88,-88,-88,-88,-88,-88,-88,-88,-88,-88,-88,-88,-88,-88,-88,-88
6,33,112,-36,-109,125,-123,11,38,117,112,112,112,112,112,112,112,112,112,112,112,112,112,112,112,112,112,112,112,112,112,112,112,112
6,34,-36,-109,125,-123,11,38,117,-105,-36,-36,-36,-36,-36,-36,-36,-36,-36,-36,-36,-36,-36,-36,-36,-36,-36,-36,-36,-36,-36,-36,-36,-36
6,35,-109,125,-123,11,38,117,-105,83,-109,-109,-109,-109,-109,-109,-109,-109,-109,-109,-109,-109,-109,-109,-109,-109,-109,-109,-109,-109,-109,-109,-109,-109
6,36,6,52,-27,57,63,-58,-28,57,6,6,6,6,6,6,6,6,6,6,6,6,6,6,6,6,6,6,6,6,6,6,6,6
6,37,52,-27,57,63,-58,-28,57,-120,52,52,52,52,52,52,52,52,52,52,52,52,52,52,52,52,52,52,52,52,52,52,52,52
6,38,-27,57,63,-58,-28,57,-120,-91,-27,-27,-27,-27,-27,-27,-27,-27,-27,-27,-27,-27,-27,-27,-27,-27,-27,-27,-27,-27,-27,-27,-27,-27
6,39,56,-10,49,46,-127,-88,50,-95,56,56,56,56,56,56,56,56,56,56,56,56,56,56,56,56,56,56,56,56,56,56,56,56
6,40,-10,49,46,-127,-88,50,-95,44,-10,-10,-10,-10,-10,-10,-10,-10,-10,-10,-10,-10,-10,-10,-10,-10,-10,-10,-10,-10,-10,-10,-10,-10
6,41,49,46,-127,-88,50,-95,44,43,49,49,49,49,49,49,49,49,49,49,49,49,49,49,49,49,49,49,49,49,49,49,49,49
6,42,-17,-70,49,46,-9,111,-64,102,-17,-17,-17,-17,-17,-17,-17,-17,-17,-17,-17,-17,-17,-17,-17,-17,-17,-17,-17,-17,-17,-17,-17,-17
6,43,-70,49,46,-9,111,-64,102,-83,-70,-70,-70,-70,-70,-70,-70,-70,-70,-70,-70,-70,-70,-70,-70,-70,-70,-70,-70,-70,-70,-70,-70,-70
6,44,49,46,-9,111,-64,102,-83,63,49,49,49,49,49,49,49,49,49,49,49,49,49,49,49,49,49,49,49,49,49,49,49,49
6,45,16,-97,4,-12,37,-78,-111,-8,16,16,16,16,16,16,16,16,16,16,16,16,16,16,16,16,16,16,16,16,16,16,16,16
6,46,-97,4,-12,37,-78,-111,-8,10,-97,-97,-97,-97,-97,-97,-97,-97,-97,-97,-97,-97,-97,-97,-97,-97,-97,-97,-97,-97,-97,-97,-97,-97
6,47,4,-12,37,-78,-111,-8,10,46,4,4,4,4,4,4,4,4,4,4,4,4,4,4,4,4,4,4,4,4,4,4,4,4
6,48,27,49,66,-65,50,-78,41,-104,27,27,27,27,27,27,27,27,27,27,27,27,27,27,27,27,27,27,27,27,27,27,27,27
6,49,49,66,-65,50,-78,41,-104,54,49,49,49,49,49,49,49,49,49,49,49,49,49,49,49,49,49,49,49,49,49,49,49,49
6,50,66,-65,50,-78,41,-104,54,107,66,66,66,66,66,66,66,66,66,66,66,66,66,66,66,66,66,66,66,66,66,66,66,66
6,51,-60,57,0,12,7,33,-80,88,-60,-60,-60,-60,-60,-60,-60,-60,-60,-60,-60,-60,-60,-60,-60,-60,-60,-60,-60,-60,-60,-60,-60,-60
6,52,57,0,12,7,33,-80,88,7,57,57,57,57,57,57,57,57,57,57,57,57,57,57,57,57,57,57,57,57,57,57,57,57
6,53,0,12,7,33,-80,88,7,-19,0,0,0,0,0,0,0,0,0,0,0,0,0,0,0,0,0,0,0,0,0,0,0,0
6,54,0,-37,82,70,74,77,93,124,0,0,0,0,0,0,0,0,0,0,0,0,0,0,0,0,0,0,0,0,0,0,0,0
6,55,-37,82,70,74,77,93,124,124,-37,-37,-37,-37,-37,-37,-37,-37,-37,-37,-37,-37,-37,-37,-37,-37,-37,-37,-37,-37,-37,-37,-37,-37
6,56,82,70,74,77,93,124,124,-84,82,82,82,82,82,82,82,82,82,82,82,82,82,82,82,82,82,82,82,82,82,82,82,82
6,57,110,-15,84,-123,-45,105,-62,89,110,110,110,110,110,110,110,110,110,110,110,110,110,110,110,110,110,110,110,110,110,110,110,110
6,58,-15,84,-123,-45,105,-62,89,19,-15,-15,-15,-15,-15,-15,-15,-15,-15,-15,-15,-15,-15,-15,-15,-15,-15,-15,-15,-15,-15,-15,-15,-15
6,59,84,-123,-45,105,-62,89,19,-106,84,84,84,84,84,84,84,84,84,84,84,84,84,84,84,84,84,84,84,84,84,84,84,84
6,60,-80,23,126,99,82,-91,-108,-22,-80,-80,-80,-80,-80,-80,-80,-80,-80,-80,-80,-80,-80,-80,-80,-80,-80,-80,-80,-80,-80,-80,-80,-80
6,61,23,126,99,82,-91,-108,-22,-111,23,23,23,23,23,23,23,23,23,23,23,23,23,23,23,23,23,23,23,23,23,23,23,23
6,62,126,99,82,-91,-108,-22,-111,47,126,126,126,126,126,126,126,126,126,126,126,126,126,126,126,126,126,126,126,126,126,126,126,126
6,63,61,-2,37,-72,38,-21,-26,32,61,61,61,61,61,61,61,61,61,61,61,61,61,61,61,61,61,61,61,61,61,61,61,61
6,64,-2,37,-72,38,-21,-26,32,-48,-2,-2,-2,-2,-2,-2,-2,-2,-2,-2,-2,-2,-2,-2,-2,-2,-2,-2,-2,-2,-2,-2,-2,-2
6,65,37,-72,38,-21,-26,32,-48,24,37,37,37,37,37,37,37,37,37,37,37,37,37,37,37,37,37,37,37,37,37,37,37,37
6,66,9,-54,121,-81,59,-100,15,54,9,9,9,9,9,9,9,9,9,9,9,9,9,9,9,9,9,9,9,9,9,9,9,9
6,67,-54,121,-81,59,-100,15,54,116,-54,-54,-54,-54,-54,-54,-54,-54,-54,-54,-54,-54,-54,-54,-54,-54,-54,-54,-54,-54,-54,-54,-54,-54
6,68,121,-81,59,-100,15,54,116,65,121,121,121,121,121,121,121,121,121,121,121,121,121,121,121,121,121,121,121,121,121,121,121,121
6,69,114,-61,115,109,-118,-76,64,-52,114,114,114,114,114,114,114,114,114,114,114,114,114,114,114,114,114,114,114,114,114,114,114,114
6,70,-61,115,109,-118,-76,64,-52,6,-61,-61,-61,-61,-61,-61,-61,-61,-61,-61,-61,-61,-61,-61,-61,-61,-61,-61,-61,-61,-61,-61,-61,-61
6,71,115,109,-118,-76,64,-52,6,-125,115,115,115,115,115,115,115,115,115,115,115,115,115,115,115,115,115,115,115,115,115,115,115,115
6,72,11,76,46,65,-22,-90,-90,127,11,11,11,11,11,11,11,11,11,11,11,11,11,11,11,11,11,11,11,11,11,11,11,11
6,73,76,46,65,-22,-90,-90,127,-94,76,76,76,76,76,76,76,76,76,76,76,76,76,76,76,76,76,76,76,76,76,76,76,76
6,74,46,65,-22,-90,-90,127,-94,34,46,46,46,46,46,46,46,46,46,46,46,46,46,46,46,46,46,46,46,46,46,46,46,46
6,75,54,-34,-63,15,-58,125,-66,-90,54,54,54,54,54,54,54,54,54,54,54,54,54,54,54,54,54,54,54,54,54,54,54,54
6,76,-34,-63,15,-58,125,-66,-90,111,-34,-34,-34,-34,-34,-34,-34,-34,-34,-34,-34,-34,-34,-34,-34,-34,-34,-34,-34,-34,-34,-34,-34,-34
6,77,-63,15,-58,125,-66,-90,111,-122,-63,-63,-63,-63,-63,-63,-63,-63,-63,-63,-63,-63,-63,-63,-63,-63,-63,-63,-63,-63,-63,-63,-63,-63
6,78,-41,126,69,-80,120,12,78,35,-41,-41,-41,-41,-41,-41,-41,-41,-41,-41,-41,-41,-41,-41,-41,-41,-41,-41,-41,-41,-41,-41,-41,-41
6,79,126,69,-80,120,12,78,35,-76,126,126,126,126,126,126,126,126,126,126,126,126,126,126,126,126,126,126,126,126,126,126,126,126
6,80,69,-80,120,12,78,35,-76,46,69,69,69,69,69,69,69,69,69,69,69,69,69,69,69,69,69,69,69,69,69,69,69,69
6,81,104,11,127,-17,-14,48,-38,16,104,104,104,104,104,104,104,104,104,104,104,104,104,104,104,104,104,104,104,104,104,104,104,104
6,82,11,127,-17,-14,48,-38,16,-115,11,11,11,11,11,11,11,11,11,11,11,11,11,11,11,11,11,11,11,11,11,11,11,11
6,83,127,-17,-14,48,-38,16,-115,-118,127,127,127,127,127,127,127,127,127,127,127,127,127,127,127,127,127,127,127,127,127,127,127,127
6,84,-81,24,100,-119,57,15,7,32,-81,-81,-81,-81,-81,-81,-81,-81,-81,-81,-81,-81,-81,-81,-81,-81,-81,-81,-81,-81,-81,-81,-81,-81
6,85,24,100,-119,57,15,7,32,-116,24,24,24,24,24,24,24,24,24,24,24,24,24,24,24,24,24,24,24,24,24,24,24,24
6,86,100,-119,57,15,7,32,-116,-87,100,100,100,100,100,100,100,100,100,100,100,100,100,100,100,100,100,100,100,100,100,100,100,100
6,87,20,72,1,60,83,112,50,52,20,20,20,20,20,20,20,20,20,20,20,20,20,20,20,20,20,20,20,20,20,20,20,20
6,88,72,1,60,83,112,50,52,18,72,72,72,72,72,72,72,72,72,72,72,72,72,72,72,72,72,72,72,72,72,72,72,72
6,89,1,60,83,112,50,52,18,16,1,1,1,1,1,1,1,1,1,1,1,1,1,1,1,1,1,1,1,1,1,1,1,1
6,90,-54,-25,-20,-114,50,72,-77,34,-54,-54,-54,-54,-54,-54,-54,-54,-54,-54,-54,-54,-54,-54,-54,-54,-54,-54,-54,-54,-54,-54,-54,-54
6,91,-25,-20,-114,50,72,-77,34,-31,-25,-25,-25,-25,-25,-25,-25,-25,-25,-25,-25,-25,-25,-25,-25,-25,-25,-25,-25,-25,-25,-25,-25,-25
6,92,-20,-114,50,72,-77,34,-31,38,-20,-20,-20,-20,-20,-20,-20,-20,-20,-20,-20,-20,-20,-20,-20,-20,-20,-20,-20,-20,-20,-20,-20,-20
6,93,-65,83,-23,-64,-25,-29,-125,2,-65,-65,-65,-65,-65,-65,-65,-65,-65,-65,-65,-65,-65,-65,-65,-65,-65,-65,-65,-65,-65,-65,-65,-65
6,94,83,-23,-64,-25,-29,-125,2,108,83,83,83,83,83,83,83,83,83,83,83,83,83,83,83,83,83,83,83,83,83,83,83,83
6,95,-23,-64,-25,-29,-125,2,108,-23,-23,-23,-23,-23,-23,-23,-23,-23,-23,-23,-23,-23,-23,-23,-23,-23,-23,-23,-23,-23,-23,-23,-23,-23
6,96,17,-22,-39,38,124,-126,-43,52,17,17,17,17,17,17,17,17,17,17,17,17,17,17,17,17,17,17,17,17,17,17,17,17
6,97,-22,-39,38,124,-126,-43,52,13,-22,-22,-22,-22,-22,-22,-22,-22,-22,-22,-22,-22,-22,-22,-22,-22,-22,-22,-22,-22,-22,-22,-22,-22
6,98,-39,38,124,-126,-43,52,13,59,-39,-39,-39,-39,-39,-39,-39,-39,-39,-39,-39,-39,-39,-39,-39,-39,-39,-39,-39,-39,-39,-39,-39,-39
6,99,19,-63,-121,37,93,-91,-47,-72,19,19,19,19,19,19,19,19,19,19,19,19,19,19,19,19,19,19,19,19,19,19,19,19
6,100,-63,-121,37,93,-91,-47,-72,-62,-63,-63,-63,-63,-63,-63,-63,-63,-63,-63,-63,-63,-63,-63,-63,-63,-63,-63,-63,-63,-63,-63,-63,-63
6,101,-121,37,93,-91,-47,-72,-62,-21,-121,-121,-121,-121,-121,-121,-121,-121,-121,-121,-121,-121,-121,-121,-121,-121,-121,-121,-121,-121,-121,-121,-121,-121
6,102,31,43,-116,-30,-74,94,42,-37,31,31,31,31,31,31,31,31,31,31,31,31,31,31,31,31,31,31,31,31,31,31,31,31
6,103,43,-116,-30,-74,94,42,-37,47,43,43,43,43,43,43,43,43,43,43,43,43,43,43,43,43,43,43,43,43,43,43,43,43
6,104,-116,-30,-74,94,42,-37,47,-35,-116,-116,-116,-116,-116,-116,-116,-116,-116,-116,-116,-116,-116,-116,-116,-116,-116,-116,-116,-116,-116,-116,-116,-116
6,105,-30,86,63,61,-19,69,14,115,-30,-30,-30,-30,-30,-30,-30,-30,-30,-30,-30,-30,-30,-30,-30,-30,-30,-30,-30,-30,-30,-30,-30,-30
6,106,86,63,61,-19,69,14,115,-65,86,86,86,86,86,86,86,86,86,86,86,86,86,86,86,86,86,86,86,86,86,86,86,86
6,107,63,61,-19,69,14,115,-65,71,63,63,63,63,63,63,63,63,63,63,63,63,63,63,63,63,63,63,63,63,63,63,63,63
6,108,-121,56,-61,121,120,-71,-63,-44,-121,-121,-121,-121,-121,-121,-121,-121,-121,-121,-121,-121,-121,-121,-121,-121,-121,-121,-121,-121,-121,-121,-121,-121
6,109,56,-61,121,120,-71,-63,-44,14,56,56,56,56,56,56,56,56,56,56,56,56,56,56,56,56,56,56,56,56,56,56,56,56
6,110,-61,121,120,-71,-63,-44,14,110,-61,-61,-61,-61,-61,-61,-61,-61,-61,-61,-61,-61,-61,-61,-61,-61,-61,-61,-61,-61,-61,-61,-61,-61
6,111,-50,-37,39,43,-48,-4,18,67,-50,-50,-50,-50,-50,-50,-50,-50,-50,-50,-50,-50,-50,-50,-50,-50,-50,-50,-50,-50,-50,-50,-50,-50
6,112,-37,39,43,-48,-4,18,67,100,-37,-37,-37,-37,-37,-37,-37,-37,-37,-37,-37,-37,-37,-37,-37,-37,-37,-37,-37,-37,-37,-37,-37,-37
6,113,39,43,-48,-4,18,67,100,84,39,39,39,39,39,39,39,39,39,39,39,39,39,39,39,39,39,39,39,39,39,39,39,39
6,114,80,10,-27,32,-75,14,13,33,80,80,80,80,80,80,80,80,80,80,80,80,80,80,80,80,80,80,80,80,80,80,80,80
6,115,10,-27,32,-75,14,13,33,-123,10,10,10,10,10,10,10,10,10,10,10,10,10,10,10,10,10,10,10,10,10,10,10,10
6,116,-27,32,-75,14,13,33,-123,111,-27,-27,-27,-27,-27,-27,-27,-27,-27,-27,-27,-27,-27,-27,-27,-27,-27,-27,-27,-27,-27,-27,-27,-27
6,117,19,27,-116,87,84,-87,-75,-80,19,19,19,19,19,19,19,19,19,19,19,19,19,19,19,19,19,19,19,19,19,19,19,19
6,118,27,-116,87,84,-87,-75,-80,-33,27,27,27,27,27,27,27,27,27,27,27,27,27,27,27,27,27,27,27,27,27,27,27,27
6,119,-116,87,84,-87,-75,-80,-33,19,-116,-116,-116,-116,-116,-116,-116,-116,-116,-116,-116,-116,-116,-116,-116,-116,-116,-116,-116,-116,-116,-116,-116,-116
6,120,-58,-53,117,-127,126,55,47,-75,-58,-58,-58,-58,-58,-58,-58,-58,-58,-58,-58,-58,-58,-58,-58,-58,-58,-58,-58,-58,-58,-58,-58,-58
6,121,-53,117,-127,126,55,47,-75,103,-53,-53,-53,-53,-53,-53,-53,-53,-53,-53,-53,-53,-53,-53,-53,-53,-53,-53,-53,-53,-53,-53,-53,-53
6,122,117,-127,126,55,47,-75,103,-43,117,117,117,117,117,117,117,117,117,117,117,117,117,117,117,117,117,117,117,117,117,117,117,117
6,123,27,-74,24,21,-13,18,-38,-117,27,27,27,27,27,27,27,27,27,27,27,27,27,27,27,27,27,27,27,27,27,27,27,27
6,124,-74,24,21,-13,18,-38,-117,32,-74,-74,-74,-74,-74,-74,-74,-74,-74,-74,-74,-74,-74,-74,-74,-74,-74,-74,-74,-74,-74,-74,-74,-74
6,125,24,21,-13,18,-38,-117,32,105,24,24,24,24,24,24,24,24,24,24,24,24,24,24,24,24,24,24,24,24,24,24,24,24
6,126,-21,64,-101,-65,-125,-29,35,64,-21,-21,-21,-21,-21,-21,-21,-21,-21,-21,-21,-21,-21,-21,-21,-21,-21,-21,-21,-21,-21,-21,-21,-21
6,127,64,-101,-65,-125,-29,35,64,-73,64,64,64,64,64,64,64,64,64,64,64,64,64,64,64,64,64,64,64,64,64,64,64,64
6,128,-101,-65,-125,-29,35,64,-73,-65,-101,-101,-101,-101,-101,-101,-101,-101,-101,-101,-101,-101,-101,-101,-101,-101,-101,-101,-101,-101,-101,-101,-101,-101
6,129,-25,63,-91,104,-91,2,-62,89,-25,-25,-25,-25,-25,-25,-25,-25,-25,-25,-25,-25,-25,-25,-25,-25,-25,-25,-25,-25,-25,-25,-25,-25
6,130,63,-91,104,-91,2,-62,89,-42,63,63,63,63,63,63,63,63,63,63,63,63,63,63,63,63,63,63,63,63,63,63,63,63
6,131,-91,104,-91,2,-62,89,-42,-36,-91,-91,-91,-91,-91,-91,-91,-91,-91,-91,-91,-91,-91,-91,-91,-91,-91,-91,-91,-91,-91,-91,-91,-91
6,132,16,-124,86,16,-25,42,121,-103,16,16,16,16,16,16,16,16,16,16,16,16,16,16,16,16,16,16,16,16,16,16,16,16
6,133,-124,86,16,-25,42,121,-103,17,-124,-124,-124,-124,-124,-124,-124,-124,-124,-124,-124,-124,-124,-124,-124,-124,-124,-124,-124,-124,-124,-124,-124,-124
6,134,86,16,-25,42,121,-103,17,-27,86,86,86,86,86,86,86,86,86,86,86,86,86,86,86,86,86,86,86,86,86,86,86,86
6,135,-118,105,-123,97,-62,-65,-94,-80,-118,-118,-118,-118,-118,-118,-118,-118,-118,-118,-118,-118,-118,-118,-118,-118,-118,-118,-118,-118,-118,-118,-118,-118
6,136,105,-123,97,-62,-65,-94,-80,-36,105,105,105,105,105,105,105,105,105,105,105,105,105,105,105,105,105,105,105,105,105,105,105,105
6,137,-123,97,-62,-65,-94,-80,-36,-19,-123,-123,-123,-123,-123,-123,-123,-123,-123,-123,-123,-123,-123,-123,-123,-123,-123,-123,-123,-123,-123,-123,-123,-123
6,138,-34,-67,26,61,67,-82,-75,116,-34,-34,-34,-34,-34,-34,-34,-34,-34,-34,-34,-34,-34,-34,-34,-34,-34,-34,-34,-34,-34,-34,-34,-34
6,139,-67,26,61,67,-82,-75,116,114,-67,-67,-67,-67,-67,-67,-67,-67,-67,-67,-67,-67,-67,-67,-67,-67,-67,-67,-67,-67,-67,-67,-67,-67
6,140,26,61,67,-82,-75,116,114,-88,26,26,26,26,26,26,26,26,26,26,26,26,26,26,26,26,26,26,26,26,26,26,26,26
6,141,48,118,-73,-80,-83,-34,-102,125,48,48,48,48,48,48,48,48,48,48,48,48,48,48,48,48,48,48,48,48,48,48,48,48
6,142,118,-73,-80,-83,-34,-102,125,-86,118,118,118,118,118,118,118,118,118,118,118,118,118,118,118,118,118,118,118,118,118,118,118,118
6,143,-73,-80,-83,-34,-102,125,-86,114,-73,-73,-73,-73,-73,-73,-73,-73,-73,-73,-73,-73,-73,-73,-73,-73,-73,-73,-73,-73,-73,-73,-73,-73
7,0,-84,7,82,8,-61,1,-17,91,-84,-84,-84,-84,-84,-84,-84,-84,-84,-84,-84,-84,-84,-84,-84,-84,-84,-84,-84,-84,-84,-84,-84,-84
7,1,7,82,8,-61,1,-17,91,-35,7,7,7,7,7,7,7,7,7,7,7,7,7,7,7,7,7,7,7,7,7,7,7,7
7,2,82,8,-61,1,-17,91,-35,-71,82,82,82,82,82,82,82,82,82,82,82,82,82,82,82,82,82,82,82,82,82,82,82,82
7,3,29,-70,-116,102,-31,25,-90,-72,29,29,29,29,29,29,29,29,29,29,29,29,29,29,29,29,29,29,29,29,29,29,29,29
7,4,-70,-116,102,-31,25,-90,-72,16,-70,-70,-70,-70,-70,-70,-70,-70,-70,-70,-70,-70,-70,-70,-70,-70,-70,-70,-70,-70,-70,-70,-70,-70
7,5,-116,102,-31,25,-90,-72,16,42,-116,-116,-116,-116,-116,-116,-116,-116,-116,-116,-116,-116,-116,-116,-116,-116,-116,-116,-116,-116,-116,-116,-116,-116
7,6,103,-102,84,-124,55,43,-30,98,103,103,103,103,103,103,103,103,103,103,103,103,103,103,103,103,103,103,103,103,103,103,103,103
7,7,-102,84,-124,55,43,-30,98,-1,-102,-102,-102,-102,-102,-102,-102,-102,-102,-102,-102,-102,-102,-102,-102,-102,-102,-102,-102,-102,-102,-102,-102,-102
7,8,84,-124,55,43,-30,98,-1,67,84,84,84,84,84,84,84,84,84,84,84,84,84,84,84,84,84,84,84,84,84,84,84,84
7,9,37,-6,51,16,-100,-109,57,109,37,37,37,37,37,37,37,37,37,37,37,37,37,37,37,37,37,37,37,37,37,37,37,37
7,10,-6,51,16,-100,-109,57,109,95,-6,-6,-6,-6,-6,-6,-6,-6,-6,-6,-6,-6,-6,-6,-6,-6,-6,-6,-6,-6,-6,-6,-6,-6
7,11,51,16,-100,-109,57,109,95,-124,51,51,51,51,51,51,51,51,51,51,51,51,51,51,51,51,51,51,51,51,51,51,51,51
7,12,-124,84,-21,1,-35,-33,-83,-82,-124,-124,-124,-124,-124,-124,-124,-124,-124,-124,-124,-124,-124,-124,-124,-124,-124,-124,-124,-124,-124,-124,-124,-124
7,13,84,-21,1,-35,-33,-83,-82,-105,84,84,84,84,84,84,84,84,84,84,84,84,84,84,84,84,84,84,84,84,84,84,84,84
7,14,-21,1,-35,-33,-83,-82,-105,70,-21,-21,-21,-21,-21,-21,-21,-21,-21,-21,-21,-21,-21,-21,-21,-21,-21,-21,-21,-21,-21,-21,-21,-21
7,15,-107,-119,91,73,-17,-89,-12,-11,-107,-107,-107,-107,-107,-107,-107,-107,-107,-107,-107,-107,-107,-107,-107,-107,-107,-107,-107,-107,-107,-107,-107,-107
7,16,-119,91,73,-17,-89,-12,-11,109,-119,-119,-119,-119,-119,-119,-119,-119,-119,-119,-119,-119,-119,-119,-119,-119,-119,-119,-119,-119,-119,-119,-119,-119
7,17,91,73,-17,-89,-12,-11,109,28,91,91,91,91,91,91,91,91,91,91,91,91,91,91,91,91,91,91,91,91,91,91,91,91
7,18,-116,108,84,-97,-120,-122,10,-70,-116,-116,-116,-116,-116,-116,-116,-116,-116,-116,-116,-116,-116,-116,-116,-116,-116,-116,-116,-116,-116,-116,-116,-116
7,19,108,84,-97,-120,-122,10,-70,75,108,108,108,108,108,108,108,108,108,108,108,108,108,108,108,108,108,108,108,108,108,108,108,108
7,20,84,-97,-120,-122,10,-70,75,92,84,84,84,84,84,84,84,84,84,84,84,84,84,84,84,84,84,84,84,84,84,84,84,84
7,21,86,-124,114,-97,-45,71,55,77,86,86,86,86,86,86,86,86,86,86,86,86,86,86,86,86,86,86,86,86,86,86,86,86
7,22,-124,114,-97,-45,71,55,77,-13,-124,-124,-124,-124,-124,-124,-124,-124,-124,-124,-124,-124,-124,-124,-124,-124,-124,-124,-124,-124,-124,-124,-124,-124
7,23,114,-97,-45,71,55,77,-13,95,114,114,114,114,114,114,114,114,114,114,114,114,114,114,114,114,114,114,114,114,114,114,114,114
7,24,-82,-95,-113,114,-111,117,-116,53,-82,-82,-82,-82,-82,-82,-82,-82,-82,-82,-82,-82,-82,-82,-82,-82,-82,-82,-82,-82,-82,-82,-82,-82
7,25,-95,-113,114,-111,117,-116,53,-110,-95,-95,-95,-95,-95,-95,-95,-95,-95,-95,-95,-95,-95,-95,-95,-95,-95,-95,-95,-95,-95,-95,-95,-95
7,26,-113,114,-111,117,-116,53,-110,-61,-113,-113,-113,-113,-113,-113,-113,-113,-113,-113,-113,-113,-113,-113,-113,-113,-113,-113,-113,-113,-113,-113,-113,-113
7,27,51,110,-88,59,-59,25,-71,91,51,51,51,51,51,51,51,51,51,51,51,51,51,51,51,51,51,51,51,51,51,51,51,51
7,28,110,-88,59,-59,25,-71,91,-38,110,110,110,110,110,110,110,110,110,110,110,110,110,110,110,110,110,110,110,110,110,110,110,110
7,29,-88,59,-59,25,-71,91,-38,13,-88,-88,-88,-88,-88,-88,-88,-88,-88,-88,-88,-88,-88,-88,-88,-88,-88,-88,-88,-88,-88,-88,-88,-88
7,30,112,-36,-109,125,-123,11,38,117,112,112,112,112,112,112,112,112,112,112,112,112,112,112,112,112,112,112,112,112,112,112,112,112
7,31,-36,-109,125,-123,11,38,117,-105,-36,-36,-36,-36,-36,-36,-36,-36,-36,-36,-36,-36,-36,-36,-36,-36,-36,-36,-36,-36,-36,-36,-36,-36
7,32,-109,125,-123,11,38,117,-105,83,-109,-109,-109,-109,-109,-109,-109,-109,-109,-109,-109,-109,-109,-109,-109,-109,-109,-109,-109,-109,-109,-109,-109,-109
7,33,63,126,92,55,-75,115,90,57,63,63,63,63,63,63,63,63,63,63,63,63,63,63,63,63,63,63,63,63,63,63,63,63
7,34,126,92,55,-75,115,90,57,-20,126,126,126,126,126,126,126,126,126,126,126,126,126,126,126,126,126,126,126,126,126,126,126,126
7,35,92,55,-75,115,90,57,-20,52,92,92,92,92,92,92,92,92,92,92,92,92,92,92,92,92,92,92,92,92,92,92,92,92
7,36,56,-10,49,46,-127,-88,50,-95,56,56,56,56,56,56,56,56,56,56,56,56,56,56,56,56,56,56,56,56,56,56,56,56
7,37,-10,49,46,-127,-88,50,-95,44,-10,-10,-10,-10,-10,-10,-10,-10,-10,-10,-10,-10,-10,-10,-10,-10,-10,-10,-10,-10,-10,-10,-10,-10
7,38,49,46,-127,-88,50,-95,44,43,49,49,49,49,49,49,49,49,49,49,49,49,49,49,49,49,49,49,49,49,49,49,49,49
7,39,-17,-70,49,46,-9,111,-64,102,-17,-17,-17,-17,-17,-17,-17,-17,-17,-17,-17,-17,-17,-17,-17,-17,-17,-17,-17,-17,-17,-17,-17,-17
7,40,-70,49,46,-9,111,-64,102,-83,-70,-70,-70,-70,-70,-70,-70,-70,-70,-70,-70,-70,-70,-70,-70,-70,-70,-70,-70,-70,-70,-70,-70,-70
7,41,49,46,-9,111,-64,102,-83,63,49,49,49,49,49,49,49,49,49,49,49,49,49,49,49,49,49,49,49,49,49,49,49,49
7,42,-3,-109,-28,-95,58,-57,112,-32,-3,-3,-3,-3,-3,-3,-3,-3,-3,-3,-3,-3,-3,-3,-3,-3,-3,-3,-3,-3,-3,-3,-3,-3
7,43,-109,-28,-95,58,-57,112,-32,81,-109,-109,-109,-109,-109,-109,-109,-109,-109,-109,-109,-109,-109,-109,-109,-109,-109,-109,-109,-109,-109,-109,-109,-109
7,44,-28,-95,58,-57,112,-32,81,31,-28,-28,-28,-28,-28,-28,-28,-28,-28,-28,-28,-28,-28,-28,-28,-28,-28,-28,-28,-28,-28,-28,-28,-28
7,45,27,49,66,-65,50,-78,41,-104,27,27,27,27,27,27,27,27,27,27,27,27,27,27,27,27,27,27,27,27,27,27,27,27
7,46,49,66,-65,50,-78,41,-104,54,49,49,49,49,49,49,49,49,49,49,49,49,49,49,49,49,49,49,49,49,49,49,49,49
7,47,66,-65,50,-78,41,-104,54,107,66,66,66,66,66,66,66,66,66,66,66,66,66,66,66,66,66,66,66,66,66,66,66,66
7,48,-60,57,0,12,7,33,-80,88,-60,-60,-60,-60,-60,-60,-60,-60,-60,-60,-60,-60,-60,-60,-60,-60,-60,-60,-60,-60,-60,-60,-60,-60
7,49,57,0,12,7,33,-80,88,7,57,57,57,57,57,57,57,57,57,57,57,57,57,57,57,57,57,57,57,57,57,57,57,57
7,50,0,12,7,33,-80,88,7,-19,0,0,0,0,0,0,0,0,0,0,0,0,0,0,0,0,0,0,0,0,0,0,0,0
7,51,6,-46,-122,64,0,-64,63,127,6,6,6,6,6,6,6,6,6,6,6,6,6,6,6,6,6,6,6,6,6,6,6,6
7,52,-46,-122,64,0,-64,63,127,14,-46,-46,-46,-46,-46,-46,-46,-46,-46,-46,-46,-46,-46,-46,-46,-46,-46,-46,-46,-46,-46,-46,-46,-46
7,53,-122,64,0,-64,63,127,14,81,-122,-122,-122,-122,-122,-122,-122,-122,-122,-122,-122,-122,-122,-122,-122,-122,-122,-122,-122,-122,-122,-122,-122,-122
7,54,110,-15,84,-123,-45,105,-62,89,110,110,110,110,110,110,110,110,110,110,110,110,110,110,110,110,110,110,110,110,110,110,110,110
7,55,-15,84,-123,-45,105,-62,89,19,-15,-15,-15,-15,-15,-15,-15,-15,-15,-15,-15,-15,-15,-15,-15,-15,-15,-15,-15,-15,-15,-15,-15,-15
7,56,84,-123,-45,105,-62,89,19,-106,84,84,84,84,84,84,84,84,84,84,84,84,84,84,84,84,84,84,84,84,84,84,84,84
7,57,-80,23,126,99,82,-91,-108,-22,-80,-80,-80,-80,-80,-80,-80,-80,-80,-80,-80,-80,-80,-80,-80,-80,-80,-80,-80,-80,-80,-80,-80,-80
7,58,23,126,99,82,-91,-108,-22,-111,23,23,23,23,23,23,23,23,23,23,23,23,23,23,23,23,23,23,23,23,23,23,23,23
7,59,126,99,82,-91,-108,-22,-111,47,126,126,126,126,126,126,126,126,126,126,126,126,126,126,126,126,126,126,126,126,126,126,126,126
7,60,-28,98,25,100,-88,-69,70,70,-28,-28,-28,-28,-28,-28,-28,-28,-28,-28,-28,-28,-28,-28,-28,-28,-28,-28,-28,-28,-28,-28,-28,-28
7,61,98,25,100,-88,-69,70,70,-45,98,98,98,98,98,98,98,98,98,98,98,98,98,98,98,98,98,98,98,98,98,98,98,98
7,62,25,100,-88,-69,70,70,-45,74,25,25,25,25,25,25,25,25,25,25,25,25,25,25,25,25,25,25,25,25,25,25,25,25
7,63,9,-54,121,-81,59,-100,15,54,9,9,9,9,9,9,9,9,9,9,9,9,9,9,9,9,9,9,9,9,9,9,9,9
7,64,-54,121,-81,59,-100,15,54,116,-54,-54,-54,-54,-54,-54,-54,-54,-54,-54,-54,-54,-54,-54,-54,-54,-54,-54,-54,-54,-54,-54,-54,-54
7,65,121,-81,59,-100,15,54,116,65,121,121,121,121,121,121,121,121,121,121,121,121,121,121,121,121,121,121,121,121,121,121,121,121
7,66,114,-61,115,109,-118,-76,64,-52,114,114,114,114,114,114,114,114,114,114,114,114,114,114,114,114,114,114,114,114,114,114,114,114
7,67,-61,115,109,-118,-76,64,-52,6,-61,-61,-61,-61,-61,-61,-61,-61,-61,-61,-61,-61,-61,-61,-61,-61,-61,-61,-61,-61,-61,-61,-61,-61
7,68,115,109,-118,-76,64,-52,6,-125,115,115,115,115,115,115,115,115,115,115,115,115,115,115,115,115,115,115,115,115,115,115,115,115
7,69,-76,92,-36,-32,-29,-34,-46,113,-76,-76,-76,-76,-76,-76,-76,-76,-76,-76,-76,-76,-76,-76,-76,-76,-76,-76,-76,-76,-76,-76,-76,-76
7,70,92,-36,-32,-29,-34,-46,113,17,92,92,92,92,92,92,92,92,92,92,92,92,92,92,92,92,92,92,92,92,92,92,92,92
7,71,-36,-32,-29,-34,-46,113,17,-84,-36,-36,-36,-36,-36,-36,-36,-36,-36,-36,-36,-36,-36,-36,-36,-36,-36,-36,-36,-36,-36,-36,-36,-36
7,72,54,-34,-63,15,-58,125,-66,-90,54,54,54,54,54,54,54,54,54,54,54,54,54,54,54,54,54,54,54,54,54,54,54,54
7,73,-34,-63,15,-58,125,-66,-90,111,-34,-34,-34,-34,-34,-34,-34,-34,-34,-34,-34,-34,-34,-34,-34,-34,-34,-34,-34,-34,-34,-34,-34,-34
7,74,-63,15,-58,125,-66,-90,111,-122,-63,-63,-63,-63,-63,-63,-63,-63,-63,-63,-63,-63,-63,-63,-63,-63,-63,-63,-63,-63,-63,-63,-63,-63
7,75,-41,126,69,-80,120,12,78,35,-41,-41,-41,-41,-41,-41,-41,-41,-41,-41,-41,-41,-41,-41,-41,-41,-41,-41,-41,-41,-41,-41,-41,-41
7,76,126,69,-80,120,12,78,35,-76,126,126,126,126,126,126,126,126,126,126,126,126,126,126,126,126,126,126,126,126,126,126,126,126
7,77,69,-80,120,12,78,35,-76,46,69,69,69,69,69,69,69,69,69,69,69,69,69,69,69,69,69,69,69,69,69,69,69,69
7,78,-8,1,-8,67,-122,-87,-44,-12,-8,-8,-8,-8,-8,-8,-8,-8,-8,-8,-8,-8,-8,-8,-8,-8,-8,-8,-8,-8,-8,-8,-8,-8
7,79,1,-8,67,-122,-87,-44,-12,-13,1,1,1,1,1,1,1,1,1,1,1,1,1,1,1,1,1,1,1,1,1,1,1,1
7,80,-8,67,-122,-87,-44,-12,-13,-60,-8,-8,-8,-8,-8,-8,-8,-8,-8,-8,-8,-8,-8,-8,-8,-8,-8,-8,-8,-8,-8,-8,-8,-8
7,81,-81,24,100,-119,57,15,7,32,-81,-81,-81,-81,-81,-81,-81,-81,-81,-81,-81,-81,-81,-81,-81,-81,-81,-81,-81,-81,-81,-81,-81,-81
7,82,24,100,-119,57,15,7,32,-116,24,24,24,24,24,24,24,24,24,24,24,24,24,24,24,24,24,24,24,24,24,24,24,24
7,83,100,-119,57,15,7,32,-116,-87,100,100,100,100,100,100,100,100,100,100,100,100,100,100,100,100,100,100,100,100,100,100,100,100
7,84,20,72,1,60,83,112,50,52,20,20,20,20,20,20,20,20,20,20,20,20,20,20,20,20,20,20,20,20,20,20,20,20
7,85,72,1,60,83,112,50,52,18,72,72,72,72,72,72,72,72,72,72,72,72,72,72,72,72,72,72,72,72,72,72,72,72
7,86,1,60,83,112,50,52,18,16,1,1,1,1,1,1,1,1,1,1,1,1,1,1,1,1,1,1,1,1,1,1,1,1
7,87,36,-91,120,91,-36,-19,-33,-48,36,36,36,36,36,36,36,36,36,36,36,36,36,36,36,36,36,36,36,36,36,36,36,36
7,88,-91,120,91,-36,-19,-33,-48,-123,-91,-91,-91,-91,-91,-91,-91,-91,-91,-91,-91,-91,-91,-91,-91,-91,-91,-91,-91,-91,-91,-91,-91,-91
7,89,120,91,-36,-19,-33,-48,-123,2,120,120,120,120,120,120,120,120,120,120,120,120,120,120,120,120,120,120,120,120,120,120,120,120
7,90,-65,83,-23,-64,-25,-29,-125,2,-65,-65,-65,-65,-65,-65,-65,-65,-65,-65,-65,-65,-65,-65,-65,-65,-65,-65,-65,-65,-65,-65,-65,-65
7,91,83,-23,-64,-25,-29,-125,2,108,83,83,83,83,83,83,83,83,83,83,83,83,83,83,83,83,83,83,83,83,83,83,83,83
7,92,-23,-64,-25,-29,-125,2,108,-23,-23,-23,-23,-23,-23,-23,-23,-23,-23,-23,-23,-23,-23,-23,-23,-23,-23,-23,-23,-23,-23,-23,-23,-23
7,93,17,-22,-39,38,124,-126,-43,52,17,17,17,17,17,17,17,17,17,17,17,17,17,17,17,17,17,17,17,17,17,17,17,17
7,94,-22,-39,38,124,-126,-43,52,13,-22,-22,-22,-22,-22,-22,-22,-22,-22,-22,-22,-22,-22,-22,-22,-22,-22,-22,-22,-22,-22,-22,-22,-22
7,95,-39,38,124,-126,-43,52,13,59,-39,-39,-39,-39,-39,-39,-39,-39,-39,-39,-39,-39,-39,-39,-39,-39,-39,-39,-39,-39,-39,-39,-39,-39
7,96,22,68,122,52,-97,119,72,-41,22,22,22,22,22,22,22,22,22,22,22,22,22,22,22,22,22,22,22,22,22,22,22,22
7,97,68,122,52,-97,119,72,-41,93,68,68,68,68,68,68,68,68,68,68,68,68,68,68,68,68,68,68,68,68,68,68,68,68
7,98,122,52,-97,119,72,-41,93,40,122,122,122,122,122,122,122,122,122,122,122,122,122,122,122,122,122,122,122,122,122,122,122,122
7,99,31,43,-116,-30,-74,94,42,-37,31,31,31,31,31,31,31,31,31,31,31,31,31,31,31,31,31,31,31,31,31,31,31,31
7,100,43,-116,-30,-74,94,42,-37,47,43,43,43,43,43,43,43,43,43,43,43,43,43,43,43,43,43,43,43,43,43,43,43,43
7,101,-116,-30,-74,94,42,-37,47,-35,-116,-116,-116,-116,-116,-116,-116,-116,-116,-116,-116,-116,-116,-116,-116,-116,-116,-116,-116,-116,-116,-116,-116,-116
7,102,-30,86,63,61,-19,69,14,115,-30,-30,-30,-30,-30,-30,-30,-30,-30,-30,-30,-30,-30,-30,-30,-30,-30,-30,-30,-30,-30,-30,-30,-30
7,103,86,63,61,-19,69,14,115,-65,86,86,86,86,86,86,86,86,86,86,86,86,86,86,86,86,86,86,86,86,86,86,86,86
7,104,63,61,-19,69,14,115,-65,71,63,63,63,63,63,63,63,63,63,63,63,63,63,63,63,63,63,63,63,63,63,63,63,63
7,105,111,-5,-18,75,-117,124,67,-109,111,111,111,111,111,111,111,111,111,111,111,111,111,111,111,111,111,111,111,111,111,111,111,111
7,106,-5,-18,75,-117,124,67,-109,-118,-5,-5,-5,-5,-5,-5,-5,-5,-5,-5,-5,-5,-5,-5,-5,-5,-5,-5,-5,-5,-5,-5,-5,-5
7,107,-18,75,-117,124,67,-109,-118,19,-18,-18,-18,-18,-18,-18,-18,-18,-18,-18,-18,-18,-18,-18,-18,-18,-18,-18,-18,-18,-18,-18,-18,-18
7,108,-50,-37,39,43,-48,-4,18,67,-50,-50,-50,-50,-50,-50,-50,-50,-50,-50,-50,-50,-50,-50,-50,-50,-50,-50,-50,-50,-50,-50,-50,-50
7,109,-37,39,43,-48,-4,18,67,100,-37,-37,-37,-37,-37,-37,-37,-37,-37,-37,-37,-37,-37,-37,-37,-37,-37,-37,-37,-37,-37,-37,-37,-37
7,110,39,43,-48,-4,18,67,100,84,39,39,39,39,39,39,39,39,39,39,39,39,39,39,39,39,39,39,39,39,39,39,39,39
7,111,80,10,-27,32,-75,14,13,33,80,80,80,80,80,80,80,80,80,80,80,80,80,80,80,80,80,80,80,80,80,80,80,80
7,112,10,-27,32,-75,14,13,33,-123,10,10,10,10,10,10,10,10,10,10,10,10,10,10,10,10,10,10,10,10,10,10,10,10
7,113,-27,32,-75,14,13,33,-123,111,-27,-27,-27,-27,-27,-27,-27,-27,-27,-27,-27,-27,-27,-27,-27,-27,-27,-27,-27,-27,-27,-27,-27,-27
7,114,27,41,-83,-118,53,52,44,-32,27,27,27,27,27,27,27,27,27,27,27,27,27,27,27,27,27,27,27,27,27,27,27,27
7,115,41,-83,-118,53,52,44,-32,17,41,41,41,41,41,41,41,41,41,41,41,41,41,41,41,41,41,41,41,41,41,41,41,41
7,116,-83,-118,53,52,44,-32,17,-38,-83,-83,-83,-83,-83,-83,-83,-83,-83,-83,-83,-83,-83,-83,-83,-83,-83,-83,-83,-83,-83,-83,-83,-83
7,117,-58,-53,117,-127,126,55,47,-75,-58,-58,-58,-58,-58,-58,-58,-58,-58,-58,-58,-58,-58,-58,-58,-58,-58,-58,-58,-58,-58,-58,-58,-58
7,118,-53,117,-127,126,55,47,-75,103,-53,-53,-53,-53,-53,-53,-53,-53,-53,-53,-53,-53,-53,-53,-53,-53,-53,-53,-53,-53,-53,-53,-53,-53
7,119,117,-127,126,55,47,-75,103,-43,117,117,117,117,117,117,117,117,117,117,117,117,117,117,117,117,117,117,117,117,117,117,117,117
7,120,27,-74,24,21,-13,18,-38,-117,27,27,27,27,27,27,27,27,27,27,27,27,27,27,27,27,27,27,27,27,27,27,27,27
7,121,-74,24,21,-13,18,-38,-117,32,-74,-74,-74,-74,-74,-74,-74,-74,-74,-74,-74,-74,-74,-74,-74,-74,-74,-74,-74,-74,-74,-74,-74,-74
7,122,24,21,-13,18,-38,-117,32,105,24,24,24,24,24,24,24,24,24,24,24,24,24,24,24,24,24,24,24,24,24,24,24,24
7,123,-73,87,-28,-86,54,105,112,-63,-73,-73,-73,-73,-73,-73,-73,-73,-73,-73,-73,-73,-73,-73,-73,-73,-73,-73,-73,-73,-73,-73,-73,-73
7,124,87,-28,-86,54,105,112,-63,46,87,87,87,87,87,87,87,87,87,87,87,87,87,87,87,87,87,87,87,87,87,87,87,87
7,125,-28,-86,54,105,112,-63,46,80,-28,-28,-28,-28,-28,-28,-28,-28,-28,-28,-28,-28,-28,-28,-28,-28,-28,-28,-28,-28,-28,-28,-28,-28
7,126,-25,63,-91,104,-91,2,-62,89,-25,-25,-25,-25,-25,-25,-25,-25,-25,-25,-25,-25,-25,-25,-25,-25,-25,-25,-25,-25,-25,-25,-25,-25
7,127,63,-91,104,-91,2,-62,89,-42,63,63,63,63,63,63,63,63,63,63,63,63,63,63,63,63,63,63,63,63,63,63,63,63
7,128,-91,104,-91,2,-62,89,-42,-36,-91,-91,-91,-91,-91,-91,-91,-91,-91,-91,-91,-91,-91,-91,-91,-91,-91,-91,-91,-91,-91,-91,-91,-91
7,129,16,-124,86,16,-25,42,121,-103,16,16,16,16,16,16,16,16,16,16,16,16,16,16,16,16,16,16,16,16,16,16,16,16
7,130,-124,86,16,-25,42,121,-103,17,-124,-124,-124,-124,-124,-124,-124,-124,-124,-124,-124,-124,-124,-124,-124,-124,-124,-124,-124,-124,-124,-124,-124,-124
7,131,86,16,-25,42,121,-103,17,-27,86,86,86,86,86,86,86,86,86,86,86,86,86,86,86,86,86,86,86,86,86,86,86,86
7,132,6,21,65,-65,73,29,52,-88,6,6,6,6,6,6,6,6,6,6,6,6,6,6,6,6,6,6,6,6,6,6,6,6
7,133,21,65,-65,73,29,52,-88,106,21,21,21,21,21,21,21,21,21,21,21,21,21,21,21,21,21,21,21,21,21,21,21,21
7,134,65,-65,73,29,52,-88,106,-21,65,65,65,65,65,65,65,65,65,65,65,65,65,65,65,65,65,65,65,65,65,65,65,65
7,135,-34,-67,26,61,67,-82,-75,116,-34,-34,-34,-34,-34,-34,-34,-34,-34,-34,-34,-34,-34,-34,-34,-34,-34,-34,-34,-34,-34,-34,-34,-34
7,136,-67,26,61,67,-82,-75,116,114,-67,-67,-67,-67,-67,-67,-67,-67,-67,-67,-67,-67,-67,-67,-67,-67,-67,-67,-67,-67,-67,-67,-67,-67
7,137,26,61,67,-82,-75,116,114,-88,26,26,26,26,26,26,26,26,26,26,26,26,26,26,26,26,26,26,26,26,26,26,26,26
7,138,48,118,-73,-80,-83,-34,-102,125,48,48,48,48,48,48,48,48,48,48,48,48,48,48,48,48,48,48,48,48,48,48,48,48
7,139,118,-73,-80,-83,-34,-102,125,-86,118,118,118,118,118,118,118,118,118,118,118,118,118,118,118,118,118,118,118,118,118,118,118,118
7,140,-73,-80,-83,-34,-102,125,-86,114,-73,-73,-73,-73,-73,-73,-73,-73,-73,-73,-73,-73,-73,-73,-73,-73,-73,-73,-73,-73,-73,-73,-73,-73
7,141,71,-109,126,50,-107,-20,-29,34,71,71,71,71,71,71,71,71,71,71,71,71,71,71,71,71,71,71,71,71,71,71,71,71
7,142,-109,126,50,-107,-20,-29,34,39,-109,-109,-109,-109,-109,-109,-109,-109,-109,-109,-109,-109,-109,-109,-109,-109,-109,-109,-109,-109,-109,-109,-109,-109
7,143,126,50,-107,-20,-29,34,39,10,126,126,126,126,126,126,126,126,126,126,126,126,126,126,126,126,126,126,126,126,126,126,126,126
