count,context,act0,act1,act2,act3,act4,act5,act6,act7,act8,act9,act10,act11,act12,act13,act14,act15,act16,act17,act18,act19,act20,act21,act22,act23,act24,act25,act26,act27,act28,act29,act30,act31,wei0,wei1,wei2,wei3,wei4,wei5,wei6,wei7,wei8,wei9,wei10,wei11,wei12,wei13,wei14,wei15,wei16,wei17,wei18,wei19,wei20,wei21,wei22,wei23,wei24,wei25,wei26,wei27,wei28,wei29,wei30,wei31
0,0,0,0,0,0,0,0,0,0,0,0,0,0,0,0,0,0,0,0,0,0,0,0,0,0,0,0,0,0,0,0,0,0,0,0,0,0,0,0,0,0,0,0,0,0,0,0,0,0,0,0,0,0,0,0,0,0,0,0,0,0,0,0,0,0
1,0,0,0,0,0,0,0,0,0,0,0,0,0,0,0,0,0,0,0,0,0,0,0,0,0,0,0,0,0,0,0,0,0,0,0,0,0,0,0,0,0,0,0,0,0,0,0,0,0,0,0,0,0,0,0,0,0,0,0,0,0,0,0,0,0
2,0,0,0,0,0,0,0,0,0,0,0,0,0,0,0,0,0,0,0,0,0,0,0,0,0,0,0,0,0,0,0,0,0,0,0,0,0,0,0,0,0,0,0,0,0,0,0,0,0,0,0,0,0,0,0,0,0,0,0,0,0,0,0,0,0
3,0,0,0,0,0,0,0,0,0,0,0,0,0,0,0,0,0,0,0,0,0,0,0,0,0,0,0,0,0,0,0,0,0,0,0,0,0,0,0,0,0,0,0,0,0,0,0,0,0,0,0,0,0,0,0,0,0,0,0,0,0,0,0,0,0
4,0,0,0,0,0,0,0,0,0,0,0,0,0,0,0,0,0,0,0,0,0,0,0,0,0,0,0,0,0,0,0,0,0,0,0,0,0,0,0,0,0,0,0,0,0,0,0,0,0,0,0,0,0,0,0,0,0,0,0,0,0,0,0,0,0
5,0,0,0,0,0,0,0,0,0,0,0,0,0,0,0,0,0,0,0,0,0,0,0,0,0,0,0,0,0,0,0,0,0,0,0,0,0,0,0,0,0,0,0,0,0,0,0,0,0,0,0,0,0,0,0,0,0,0,0,0,0,0,0,0,0
6,0,-76,0,0,0,0,0,0,0,0,0,0,0,0,0,0,0,0,0,0,0,0,0,0,0,0,0,0,0,0,0,0,0,-17,0,0,0,0,0,0,0,0,0,0,0,0,0,0,0,0,0,0,0,0,0,0,0,0,0,0,0,0,0,0,0
7,0,-76,0,0,0,0,0,0,0,0,0,0,0,0,0,0,0,0,0,0,0,0,0,0,0,0,0,0,0,0,0,0,0,-17,0,0,0,0,0,0,0,0,0,0,0,0,0,0,0,0,0,0,0,0,0,0,0,0,0,0,0,0,0,0,0
8,0,-76,0,0,0,0,0,0,0,0,0,0,0,0,0,0,0,0,0,0,0,0,0,0,0,0,0,0,0,0,0,0,0,-17,0,0,0,0,0,0,0,0,0,0,0,0,0,0,0,0,0,0,0,0,0,0,0,0,0,0,0,0,0,0,0
9,0,-33,-33,0,0,0,0,0,0,0,0,0,0,0,0,0,0,0,0,0,0,0,0,0,0,0,0,0,0,0,0,0,0,104,-17,0,0,0,0,0,0,0,0,0,0,0,0,0,0,0,0,0,0,0,0,0,0,0,0,0,0,0,0,0,0
10,0,-33,-33,0,0,0,0,0,0,0,0,0,0,0,0,0,0,0,0,0,0,0,0,0,0,0,0,0,0,0,0,0,0,104,-17,0,0,0,0,0,0,0,0,0,0,0,0,0,0,0,0,0,0,0,0,0,0,0,0,0,0,0,0,0,0
11,0,-33,-33,0,0,0,0,0,0,0,0,0,0,0,0,0,0,0,0,0,0,0,0,0,0,0,0,0,0,0,0,0,0,104,-17,0,0,0,0,0,0,0,0,0,0,0,0,0,0,0,0,0,0,0,0,0,0,0,0,0,0,0,0,0,0
12,0,94,94,94,0,0,0,0,0,0,0,0,0,0,0,0,0,0,0,0,0,0,0,0,0,0,0,0,0,0,0,0,0,10,-13,-17,0,0,0,0,0,0,0,0,0,0,0,0,0,0,0,0,0,0,0,0,0,0,0,0,0,0,0,0,0
13,0,94,94,94,0,0,0,0,0,0,0,0,0,0,0,0,0,0,0,0,0,0,0,0,0,0,0,0,0,0,0,0,0,10,-13,-17,0,0,0,0,0,0,0,0,0,0,0,0,0,0,0,0,0,0,0,0,0,0,0,0,0,0,0,0,0
14,0,94,94,94,0,0,0,0,0,0,0,0,0,0,0,0,0,0,0,0,0,0,0,0,0,0,0,0,0,0,0,0,0,10,-13,-17,0,0,0,0,0,0,0,0,0,0,0,0,0,0,0,0,0,0,0,0,0,0,0,0,0,0,0,0,0
15,0,-53,-27,-27,-27,0,0,0,0,0,0,0,0,0,0,0,0,0,0,0,0,0,0,0,0,0,0,0,0,0,0,0,0,-103,-91,-91,-17,0,0,0,0,0,0,0,0,0,0,0,0,0,0,0,0,0,0,0,0,0,0,0,0,0,0,0,0
16,0,-53,-27,-27,-27,0,0,0,0,0,0,0,0,0,0,0,0,0,0,0,0,0,0,0,0,0,0,0,0,0,0,0,0,-103,-91,-91,-17,0,0,0,0,0,0,0,0,0,0,0,0,0,0,0,0,0,0,0,0,0,0,0,0,0,0,0,0
17,0,-53,-27,-27,-27,0,0,0,0,0,0,0,0,0,0,0,0,0,0,0,0,0,0,0,0,0,0,0,0,0,0,0,0,-103,-91,-91,-17,0,0,0,0,0,0,0,0,0,0,0,0,0,0,0,0,0,0,0,0,0,0,0,0,0,0,0,0
18,0,59,59,-76,-76,-76,0,0,0,0,0,0,0,0,0,0,0,0,0,0,0,0,0,0,0,0,0,0,0,0,0,0,0,17,106,-56,-81,-17,0,0,0,0,0,0,0,0,0,0,0,0,0,0,0,0,0,0,0,0,0,0,0,0,0,0,0
19,0,59,59,-76,-76,-76,0,0,0,0,0,0,0,0,0,0,0,0,0,0,0,0,0,0,0,0,0,0,0,0,0,0,0,17,106,-56,-81,-17,0,0,0,0,0,0,0,0,0,0,0,0,0,0,0,0,0,0,0,0,0,0,0,0,0,0,0
20,0,59,59,-76,-76,-76,0,0,0,0,0,0,0,0,0,0,0,0,0,0,0,0,0,0,0,0,0,0,0,0,0,0,0,17,106,-56,-81,-17,0,0,0,0,0,0,0,0,0,0,0,0,0,0,0,0,0,0,0,0,0,0,0,0,0,0,0
21,0,-4,-4,-4,16,16,16,0,0,0,0,0,0,0,0,0,0,0,0,0,0,0,0,0,0,0,0,0,0,0,0,0,0,28,122,21,81,15,-17,0,0,0,0,0,0,0,0,0,0,0,0,0,0,0,0,0,0,0,0,0,0,0,0,0,0
22,0,-4,-4,-4,16,16,16,0,0,0,0,0,0,0,0,0,0,0,0,0,0,0,0,0,0,0,0,0,0,0,0,0,0,28,122,21,81,15,-17,0,0,0,0,0,0,0,0,0,0,0,0,0,0,0,0,0,0,0,0,0,0,0,0,0,0
23,0,-4,-4,-4,16,16,16,0,0,0,0,0,0,0,0,0,0,0,0,0,0,0,0,0,0,0,0,0,0,0,0,0,0,28,122,21,81,15,-17,0,0,0,0,0,0,0,0,0,0,0,0,0,0,0,0,0,0,0,0,0,0,0,0,0,0
24,0,89,83,83,83,75,75,75,0,0,0,0,0,0,0,0,0,0,0,0,0,0,0,0,0,0,0,0,0,0,0,0,0,-118,-21,-30,-30,-77,-28,-17,0,0,0,0,0,0,0,0,0,0,0,0,0,0,0,0,0,0,0,0,0,0,0,0,0
25,0,89,83,83,83,75,75,75,0,0,0,0,0,0,0,0,0,0,0,0,0,0,0,0,0,0,0,0,0,0,0,0,0,-118,-21,-30,-30,-77,-28,-17,0,0,0,0,0,0,0,0,0,0,0,0,0,0,0,0,0,0,0,0,0,0,0,0,0
26,0,89,83,83,83,75,75,75,0,0,0,0,0,0,0,0,0,0,0,0,0,0,0,0,0,0,0,0,0,0,0,0,0,-118,-21,-30,-30,-77,-28,-17,0,0,0,0,0,0,0,0,0,0,0,0,0,0,0,0,0,0,0,0,0,0,0,0,0
27,0,-115,-115,102,102,102,43,43,43,0,0,0,0,0,0,0,0,0,0,0,0,0,0,0,0,0,0,0,0,0,0,0,0,109,-100,-29,53,-121,64,7,-17,0,0,0,0,0,0,0,0,0,0,0,0,0,0,0,0,0,0,0,0,0,0,0,0
28,0,-115,-115,102,102,102,43,43,43,0,0,0,0,0,0,0,0,0,0,0,0,0,0,0,0,0,0,0,0,0,0,0,0,109,-100,-29,53,-121,64,7,-17,0,0,0,0,0,0,0,0,0,0,0,0,0,0,0,0,0,0,0,0,0,0,0,0
29,0,-115,-115,102,102,102,43,43,43,0,0,0,0,0,0,0,0,0,0,0,0,0,0,0,0,0,0,0,0,0,0,0,0,109,-100,-29,53,-121,64,7,-17,0,0,0,0,0,0,0,0,0,0,0,0,0,0,0,0,0,0,0,0,0,0,0,0
30,0,-118,-118,-118,75,75,75,53,53,-76,0,0,0,0,0,0,0,0,0,0,0,0,0,0,0,0,0,0,0,0,0,0,0,61,-9,-116,56,65,11,108,30,-17,0,0,0,0,0,0,0,0,0,0,0,0,0,0,0,0,0,0,0,0,0,0,0
31,0,-118,-118,-118,75,75,75,53,53,-76,0,0,0,0,0,0,0,0,0,0,0,0,0,0,0,0,0,0,0,0,0,0,0,61,-9,-116,56,65,11,108,30,-17,0,0,0,0,0,0,0,0,0,0,0,0,0,0,0,0,0,0,0,0,0,0,0
32,0,-118,-118,-118,75,75,75,53,53,-76,0,0,0,0,0,0,0,0,0,0,0,0,0,0,0,0,0,0,0,0,0,0,0,61,-9,-116,56,65,11,108,30,-17,0,0,0,0,0,0,0,0,0,0,0,0,0,0,0,0,0,0,0,0,0,0,0
33,0,42,83,83,83,-77,-77,-77,-104,-33,-76,0,0,0,0,0,0,0,0,0,0,0,0,0,0,0,0,0,0,0,0,0,0,63,-9,-25,108,47,-53,-62,-92,82,-17,0,0,0,0,0,0,0,0,0,0,0,0,0,0,0,0,0,0,0,0,0,0
34,0,42,83,83,83,-77,-77,-77,-104,-33,-76,0,0,0,0,0,0,0,0,0,0,0,0,0,0,0,0,0,0,0,0,0,0,63,-9,-25,108,47,-53,-62,-92,82,-17,0,0,0,0,0,0,0,0,0,0,0,0,0,0,0,0,0,0,0,0,0,0
35,0,42,83,83,83,-77,-77,-77,-104,-33,-76,0,0,0,0,0,0,0,0,0,0,0,0,0,0,0,0,0,0,0,0,0,0,63,-9,-25,108,47,-53,-62,-92,82,-17,0,0,0,0,0,0,0,0,0,0,0,0,0,0,0,0,0,0,0,0,0,0
36,0,-116,-116,29,29,29,-53,-53,-53,94,-33,-76,0,0,0,0,0,0,0,0,0,0,0,0,0,0,0,0,0,0,0,0,0,-66,-69,52,39,60,65,60,-122,-118,20,-17,0,0,0,0,0,0,0,0,0,0,0,0,0,0,0,0,0,0,0,0,0
37,0,-116,-116,29,29,29,-53,-53,-53,94,-33,-76,0,0,0,0,0,0,0,0,0,0,0,0,0,0,0,0,0,0,0,0,0,-66,-69,52,39,60,65,60,-122,-118,20,-17,0,0,0,0,0,0,0,0,0,0,0,0,0,0,0,0,0,0,0,0,0
38,0,-116,-116,29,29,29,-53,-53,-53,94,-33,-76,0,0,0,0,0,0,0,0,0,0,0,0,0,0,0,0,0,0,0,0,0,-66,-69,52,39,60,65,60,-122,-118,20,-17,0,0,0,0,0,0,0,0,0,0,0,0,0,0,0,0,0,0,0,0,0
39,0,-101,-101,-101,14,14,14,13,13,-53,94,-33,-76,0,0,0,0,0,0,0,0,0,0,0,0,0,0,0,0,0,0,0,0,113,124,-70,-27,-97,-10,-8,56,22,112,-93,-17,0,0,0,0,0,0,0,0,0,0,0,0,0,0,0,0,0,0,0,0
40,0,-101,-101,-101,14,14,14,13,13,-53,94,-33,-76,0,0,0,0,0,0,0,0,0,0,0,0,0,0,0,0,0,0,0,0,113,124,-70,-27,-97,-10,-8,56,22,112,-93,-17,0,0,0,0,0,0,0,0,0,0,0,0,0,0,0,0,0,0,0,0
41,0,-101,-101,-101,14,14,14,13,13,-53,94,-33,-76,0,0,0,0,0,0,0,0,0,0,0,0,0,0,0,0,0,0,0,0,113,124,-70,-27,-97,-10,-8,56,22,112,-93,-17,0,0,0,0,0,0,0,0,0,0,0,0,0,0,0,0,0,0,0,0
42,0,49,-77,-77,-77,-86,-86,-86,38,59,-53,94,-33,-76,0,0,0,0,0,0,0,0,0,0,0,0,0,0,0,0,0,0,0,-61,77,-44,58,-78,-55,84,-84,29,-122,-81,-92,-17,0,0,0,0,0,0,0,0,0,0,0,0,0,0,0,0,0,0,0
43,0,49,-77,-77,-77,-86,-86,-86,38,59,-53,94,-33,-76,0,0,0,0,0,0,0,0,0,0,0,0,0,0,0,0,0,0,0,-61,77,-44,58,-78,-55,84,-84,29,-122,-81,-92,-17,0,0,0,0,0,0,0,0,0,0,0,0,0,0,0,0,0,0,0
44,0,49,-77,-77,-77,-86,-86,-86,38,59,-53,94,-33,-76,0,0,0,0,0,0,0,0,0,0,0,0,0,0,0,0,0,0,0,-61,77,-44,58,-78,-55,84,-84,29,-122,-81,-92,-17,0,0,0,0,0,0,0,0,0,0,0,0,0,0,0,0,0,0,0
45,0,99,99,-26,-26,-26,43,43,43,-4,59,-53,94,-33,-76,0,0,0,0,0,0,0,0,0,0,0,0,0,0,0,0,0,0,125,-52,103,29,34,-47,119,-91,-46,16,84,-125,-92,-17,0,0,0,0,0,0,0,0,0,0,0,0,0,0,0,0,0,0
46,0,99,99,-26,-26,-26,43,43,43,-4,59,-53,94,-33,-76,0,0,0,0,0,0,0,0,0,0,0,0,0,0,0,0,0,0,125,-52,103,29,34,-47,119,-91,-46,16,84,-125,-92,-17,0,0,0,0,0,0,0,0,0,0,0,0,0,0,0,0,0,0
47,0,99,99,-26,-26,-26,43,43,43,-4,59,-53,94,-33,-76,0,0,0,0,0,0,0,0,0,0,0,0,0,0,0,0,0,0,125,-52,103,29,34,-47,119,-91,-46,16,84,-125,-92,-17,0,0,0,0,0,0,0,0,0,0,0,0,0,0,0,0,0,0
48,0,87,87,87,-50,-50,-50,-1,-1,89,-4,59,-53,94,-33,-76,0,0,0,0,0,0,0,0,0,0,0,0,0,0,0,0,0,-88,-104,-3,-25,107,60,-17,-10,94,-86,-19,-67,-57,-79,-17,0,0,0,0,0,0,0,0,0,0,0,0,0,0,0,0,0
49,0,87,87,87,-50,-50,-50,-1,-1,89,-4,59,-53,94,-33,-76,0,0,0,0,0,0,0,0,0,0,0,0,0,0,0,0,0,-88,-104,-3,-25,107,60,-17,-10,94,-86,-19,-67,-57,-79,-17,0,0,0,0,0,0,0,0,0,0,0,0,0,0,0,0,0
50,0,87,87,87,-50,-50,-50,-1,-1,89,-4,59,-53,94,-33,-76,0,0,0,0,0,0,0,0,0,0,0,0,0,0,0,0,0,-88,-104,-3,-25,107,60,-17,-10,94,-86,-19,-67,-57,-79,-17,0,0,0,0,0,0,0,0,0,0,0,0,0,0,0,0,0
51,0,-26,-21,-21,-21,2,2,2,-82,-115,89,-4,59,-53,94,-33,-76,0,0,0,0,0,0,0,0,0,0,0,0,0,0,0,0,-87,-48,80,-93,58,110,113,118,-78,17,24,108,108,121,45,-17,0,0,0,0,0,0,0,0,0,0,0,0,0,0,0,0
52,0,-26,-21,-21,-21,2,2,2,-82,-115,89,-4,59,-53,94,-33,-76,0,0,0,0,0,0,0,0,0,0,0,0,0,0,0,0,-87,-48,80,-93,58,110,113,118,-78,17,24,108,108,121,45,-17,0,0,0,0,0,0,0,0,0,0,0,0,0,0,0,0
53,0,-26,-21,-21,-21,2,2,2,-82,-115,89,-4,59,-53,94,-33,-76,0,0,0,0,0,0,0,0,0,0,0,0,0,0,0,0,-87,-48,80,-93,58,110,113,118,-78,17,24,108,108,121,45,-17,0,0,0,0,0,0,0,0,0,0,0,0,0,0,0,0
54,0,88,88,-52,-52,-52,-88,-88,-88,-118,-115,89,-4,59,-53,94,-33,-76,0,0,0,0,0,0,0,0,0,0,0,0,0,0,0,73,77,104,-2,-20,-39,73,34,-117,18,-10,54,-78,-90,111,-76,-17,0,0,0,0,0,0,0,0,0,0,0,0,0,0,0
55,0,88,88,-52,-52,-52,-88,-88,-88,-118,-115,89,-4,59,-53,94,-33,-76,0,0,0,0,0,0,0,0,0,0,0,0,0,0,0,73,77,104,-2,-20,-39,73,34,-117,18,-10,54,-78,-90,111,-76,-17,0,0,0,0,0,0,0,0,0,0,0,0,0,0,0
56,0,88,88,-52,-52,-52,-88,-88,-88,-118,-115,89,-4,59,-53,94,-33,-76,0,0,0,0,0,0,0,0,0,0,0,0,0,0,0,73,77,104,-2,-20,-39,73,34,-117,18,-10,54,-78,-90,111,-76,-17,0,0,0,0,0,0,0,0,0,0,0,0,0,0,0
57,0,-16,-16,-16,-81,-81,-81,-4,-4,42,-118,-115,89,-4,59,-53,94,-33,-76,0,0,0,0,0,0,0,0,0,0,0,0,0,0,98,-87,-18,-38,-108,29,-4,-83,32,-40,114,65,-35,-124,-38,86,-14,-17,0,0,0,0,0,0,0,0,0,0,0,0,0,0
58,0,-16,-16,-16,-81,-81,-81,-4,-4,42,-118,-115,89,-4,59,-53,94,-33,-76,0,0,0,0,0,0,0,0,0,0,0,0,0,0,98,-87,-18,-38,-108,29,-4,-83,32,-40,114,65,-35,-124,-38,86,-14,-17,0,0,0,0,0,0,0,0,0,0,0,0,0,0
59,0,-16,-16,-16,-81,-81,-81,-4,-4,42,-118,-115,89,-4,59,-53,94,-33,-76,0,0,0,0,0,0,0,0,0,0,0,0,0,0,98,-87,-18,-38,-108,29,-4,-83,32,-40,114,65,-35,-124,-38,86,-14,-17,0,0,0,0,0,0,0,0,0,0,0,0,0,0
60,0,53,62,62,62,91,91,91,-122,-116,42,-118,-115,89,-4,59,-53,94,-33,-76,0,0,0,0,0,0,0,0,0,0,0,0,0,15,36,37,-114,-47,-1,103,97,-88,-71,-10,28,-3,-31,-95,-84,32,-91,-17,0,0,0,0,0,0,0,0,0,0,0,0,0
61,0,53,62,62,62,91,91,91,-122,-116,42,-118,-115,89,-4,59,-53,94,-33,-76,0,0,0,0,0,0,0,0,0,0,0,0,0,15,36,37,-114,-47,-1,103,97,-88,-71,-10,28,-3,-31,-95,-84,32,-91,-17,0,0,0,0,0,0,0,0,0,0,0,0,0
62,0,53,62,62,62,91,91,91,-122,-116,42,-118,-115,89,-4,59,-53,94,-33,-76,0,0,0,0,0,0,0,0,0,0,0,0,0,15,36,37,-114,-47,-1,103,97,-88,-71,-10,28,-3,-31,-95,-84,32,-91,-17,0,0,0,0,0,0,0,0,0,0,0,0,0
63,0,77,77,-96,-96,-96,70,70,70,-101,-116,42,-118,-115,89,-4,59,-53,94,-33,-76,0,0,0,0,0,0,0,0,0,0,0,0,-25,117,-122,78,-54,96,8,-87,-46,-8,-111,4,101,-57,120,-52,64,-11,-78,-17,0,0,0,0,0,0,0,0,0,0,0,0
64,0,77,77,-96,-96,-96,70,70,70,-101,-116,42,-118,-115,89,-4,59,-53,94,-33,-76,0,0,0,0,0,0,0,0,0,0,0,0,-25,117,-122,78,-54,96,8,-87,-46,-8,-111,4,101,-57,120,-52,64,-11,-78,-17,0,0,0,0,0,0,0,0,0,0,0,0
65,0,77,77,-96,-96,-96,70,70,70,-101,-116,42,-118,-115,89,-4,59,-53,94,-33,-76,0,0,0,0,0,0,0,0,0,0,0,0,-25,117,-122,78,-54,96,8,-87,-46,-8,-111,4,101,-57,120,-52,64,-11,-78,-17,0,0,0,0,0,0,0,0,0,0,0,0
66,0,-100,-100,-100,-37,-37,-37,26,26,49,-101,-116,42,-118,-115,89,-4,59,-53,94,-33,-76,0,0,0,0,0,0,0,0,0,0,0,55,-119,-93,65,-51,36,116,123,119,-69,59,99,-122,-11,-72,-11,-59,-93,-58,125,-17,0,0,0,0,0,0,0,0,0,0,0
67,0,-100,-100,-100,-37,-37,-37,26,26,49,-101,-116,42,-118,-115,89,-4,59,-53,94,-33,-76,0,0,0,0,0,0,0,0,0,0,0,55,-119,-93,65,-51,36,116,123,119,-69,59,99,-122,-11,-72,-11,-59,-93,-58,125,-17,0,0,0,0,0,0,0,0,0,0,0
68,0,-100,-100,-100,-37,-37,-37,26,26,49,-101,-116,42,-118,-115,89,-4,59,-53,94,-33,-76,0,0,0,0,0,0,0,0,0,0,0,55,-119,-93,65,-51,36,116,123,119,-69,59,99,-122,-11,-72,-11,-59,-93,-58,125,-17,0,0,0,0,0,0,0,0,0,0,0
69,0,120,-72,-72,-72,-90,-90,-90,55,99,49,-101,-116,42,-118,-115,89,-4,59,-53,94,-33,-76,0,0,0,0,0,0,0,0,0,0,87,-94,-27,32,-37,-99,-109,-46,72,-16,-55,14,67,-77,-69,-39,94,-86,58,-42,59,-17,0,0,0,0,0,0,0,0,0,0
70,0,120,-72,-72,-72,-90,-90,-90,55,99,49,-101,-116,42,-118,-115,89,-4,59,-53,94,-33,-76,0,0,0,0,0,0,0,0,0,0,87,-94,-27,32,-37,-99,-109,-46,72,-16,-55,14,67,-77,-69,-39,94,-86,58,-42,59,-17,0,0,0,0,0,0,0,0,0,0
71,0,120,-72,-72,-72,-90,-90,-90,55,99,49,-101,-116,42,-118,-115,89,-4,59,-53,94,-33,-76,0,0,0,0,0,0,0,0,0,0,87,-94,-27,32,-37,-99,-109,-46,72,-16,-55,14,67,-77,-69,-39,94,-86,58,-42,59,-17,0,0,0,0,0,0,0,0,0,0
72,0,55,55,107,107,107,83,83,83,87,99,49,-101,-116,42,-118,-115,89,-4,59,-53,94,-33,-76,0,0,0,0,0,0,0,0,0,-123,71,69,26,29,-30,-60,41,105,41,-31,61,-105,113,-57,109,-126,-102,68,54,71,-55,-17,0,0,0,0,0,0,0,0,0
73,0,55,55,107,107,107,83,83,83,87,99,49,-101,-116,42,-118,-115,89,-4,59,-53,94,-33,-76,0,0,0,0,0,0,0,0,0,-123,71,69,26,29,-30,-60,41,105,41,-31,61,-105,113,-57,109,-126,-102,68,54,71,-55,-17,0,0,0,0,0,0,0,0,0
74,0,55,55,107,107,107,83,83,83,87,99,49,-101,-116,42,-118,-115,89,-4,59,-53,94,-33,-76,0,0,0,0,0,0,0,0,0,-123,71,69,26,29,-30,-60,41,105,41,-31,61,-105,113,-57,109,-126,-102,68,54,71,-55,-17,0,0,0,0,0,0,0,0,0
75,0,100,100,100,-15,-15,-15,102,102,-26,87,99,49,-101,-116,42,-118,-115,89,-4,59,-53,94,-33,-76,0,0,0,0,0,0,0,0,-101,105,-77,19,-44,-50,-125,-98,-87,-71,-78,127,43,-66,-114,87,28,86,-54,-85,-13,-13,56,-17,0,0,0,0,0,0,0,0
76,0,100,100,100,-15,-15,-15,102,102,-26,87,99,49,-101,-116,42,-118,-115,89,-4,59,-53,94,-33,-76,0,0,0,0,0,0,0,0,-101,105,-77,19,-44,-50,-125,-98,-87,-71,-78,127,43,-66,-114,87,28,86,-54,-85,-13,-13,56,-17,0,0,0,0,0,0,0,0
77,0,100,100,100,-15,-15,-15,102,102,-26,87,99,49,-101,-116,42,-118,-115,89,-4,59,-53,94,-33,-76,0,0,0,0,0,0,0,0,-101,105,-77,19,-44,-50,-125,-98,-87,-71,-78,127,43,-66,-114,87,28,86,-54,-85,-13,-13,56,-17,0,0,0,0,0,0,0,0
78,0,-73,-19,-19,-19,-82,-82,-82,30,88,-26,87,99,49,-101,-116,42,-118,-115,89,-4,59,-53,94,-33,-76,0,0,0,0,0,0,0,-19,-49,35,90,-19,-33,-67,90,111,-67,107,83,-97,-21,73,-122,51,-38,112,-122,-20,-36,-69,-75,-17,0,0,0,0,0,0,0
79,0,-73,-19,-19,-19,-82,-82,-82,30,88,-26,87,99,49,-101,-116,42,-118,-115,89,-4,59,-53,94,-33,-76,0,0,0,0,0,0,0,-19,-49,35,90,-19,-33,-67,90,111,-67,107,83,-97,-21,73,-122,51,-38,112,-122,-20,-36,-69,-75,-17,0,0,0,0,0,0,0
80,0,-73,-19,-19,-19,-82,-82,-82,30,88,-26,87,99,49,-101,-116,42,-118,-115,89,-4,59,-53,94,-33,-76,0,0,0,0,0,0,0,-19,-49,35,90,-19,-33,-67,90,111,-67,107,83,-97,-21,73,-122,51,-38,112,-122,-20,-36,-69,-75,-17,0,0,0,0,0,0,0
81,0,-99,-99,-43,-43,-43,70,70,70,-16,88,-26,87,99,49,-101,-116,42,-118,-115,89,-4,59,-53,94,-33,-76,0,0,0,0,0,0,-106,-94,96,104,-104,-64,102,-31,-77,95,-41,8,-24,-65,-12,-123,15,15,70,57,-80,-103,81,-36,103,-17,0,0,0,0,0,0
82,0,-99,-99,-43,-43,-43,70,70,70,-16,88,-26,87,99,49,-101,-116,42,-118,-115,89,-4,59,-53,94,-33,-76,0,0,0,0,0,0,-106,-94,96,104,-104,-64,102,-31,-77,95,-41,8,-24,-65,-12,-123,15,15,70,57,-80,-103,81,-36,103,-17,0,0,0,0,0,0
83,0,-99,-99,-43,-43,-43,70,70,70,-16,88,-26,87,99,49,-101,-116,42,-118,-115,89,-4,59,-53,94,-33,-76,0,0,0,0,0,0,-106,-94,96,104,-104,-64,102,-31,-77,95,-41,8,-24,-65,-12,-123,15,15,70,57,-80,-103,81,-36,103,-17,0,0,0,0,0,0
84,0,14,14,14,27,27,27,-107,-107,53,-16,88,-26,87,99,49,-101,-116,42,-118,-115,89,-4,59,-53,94,-33,-76,0,0,0,0,0,13,79,16,-14,-70,-63,94,118,94,70,-89,-68,-76,112,54,-35,121,-113,-106,-125,-64,-11,-20,-58,94,110,-17,0,0,0,0,0
85,0,14,14,14,27,27,27,-107,-107,53,-16,88,-26,87,99,49,-101,-116,42,-118,-115,89,-4,59,-53,94,-33,-76,0,0,0,0,0,13,79,16,-14,-70,-63,94,118,94,70,-89,-68,-76,112,54,-35,121,-113,-106,-125,-64,-11,-20,-58,94,110,-17,0,0,0,0,0
86,0,14,14,14,27,27,27,-107,-107,53,-16,88,-26,87,99,49,-101,-116,42,-118,-115,89,-4,59,-53,94,-33,-76,0,0,0,0,0,13,79,16,-14,-70,-63,94,118,94,70,-89,-68,-76,112,54,-35,121,-113,-106,-125,-64,-11,-20,-58,94,110,-17,0,0,0,0,0
87,0,-120,90,90,90,67,67,67,34,77,53,-16,88,-26,87,99,49,-101,-116,42,-118,-115,89,-4,59,-53,94,-33,-76,0,0,0,0,-124,-113,-60,-72,92,-3,-12,80,-47,-118,63,116,-31,31,36,-126,69,122,30,-92,-63,-89,44,65,-88,40,40,-17,0,0,0,0
88,0,-120,90,90,90,67,67,67,34,77,53,-16,88,-26,87,99,49,-101,-116,42,-118,-115,89,-4,59,-53,94,-33,-76,0,0,0,0,-124,-113,-60,-72,92,-3,-12,80,-47,-118,63,116,-31,31,36,-126,69,122,30,-92,-63,-89,44,65,-88,40,40,-17,0,0,0,0
89,0,-120,90,90,90,67,67,67,34,77,53,-16,88,-26,87,99,49,-101,-116,42,-118,-115,89,-4,59,-53,94,-33,-76,0,0,0,0,-124,-113,-60,-72,92,-3,-12,80,-47,-118,63,116,-31,31,36,-126,69,122,30,-92,-63,-89,44,65,-88,40,40,-17,0,0,0,0
90,0,-70,-70,59,59,59,-66,-66,-66,-100,77,53,-16,88,-26,87,99,49,-101,-116,42,-118,-115,89,-4,59,-53,94,-33,-76,0,0,0,-111,47,-90,81,-116,56,-113,86,-67,127,-14,87,-45,-88,-23,-66,-72,14,7,-103,-16,48,-58,43,-116,-20,-43,48,-17,0,0,0
91,0,-70,-70,59,59,59,-66,-66,-66,-100,77,53,-16,88,-26,87,99,49,-101,-116,42,-118,-115,89,-4,59,-53,94,-33,-76,0,0,0,-111,47,-90,81,-116,56,-113,86,-67,127,-14,87,-45,-88,-23,-66,-72,14,7,-103,-16,48,-58,43,-116,-20,-43,48,-17,0,0,0
92,0,-70,-70,59,59,59,-66,-66,-66,-100,77,53,-16,88,-26,87,99,49,-101,-116,42,-118,-115,89,-4,59,-53,94,-33,-76,0,0,0,-111,47,-90,81,-116,56,-113,86,-67,127,-14,87,-45,-88,-23,-66,-72,14,7,-103,-16,48,-58,43,-116,-20,-43,48,-17,0,0,0
93,0,84,84,84,-27,-27,-27,-70,-70,120,-100,77,53,-16,88,-26,87,99,49,-101,-116,42,-118,-115,89,-4,59,-53,94,-33,-76,0,0,61,88,2,-121,-112,44,61,26,88,-6,-33,13,114,-80,68,45,70,-51,-53,21,-5,-103,-31,1,122,-56,17,-54,54,-17,0,0
94,0,84,84,84,-27,-27,-27,-70,-70,120,-100,77,53,-16,88,-26,87,99,49,-101,-116,42,-118,-115,89,-4,59,-53,94,-33,-76,0,0,61,88,2,-121,-112,44,61,26,88,-6,-33,13,114,-80,68,45,70,-51,-53,21,-5,-103,-31,1,122,-56,17,-54,54,-17,0,0
95,0,84,84,84,-27,-27,-27,-70,-70,120,-100,77,53,-16,88,-26,87,99,49,-101,-116,42,-118,-115,89,-4,59,-53,94,-33,-76,0,0,61,88,2,-121,-112,44,61,26,88,-6,-33,13,114,-80,68,45,70,-51,-53,21,-5,-103,-31,1,122,-56,17,-54,54,-17,0,0
96,0,0,86,86,86,39,39,39,-79,55,120,-100,77,53,-16,88,-26,87,99,49,-101,-116,42,-118,-115,89,-4,59,-53,94,-33,-76,0,100,-78,54,55,-10,58,64,24,-103,44,61,-28,35,-11,-43,97,60,-118,-61,13,88,4,4,63,-32,-125,110,-4,121,-49,-17,0
97,0,0,86,86,86,39,39,39,-79,55,120,-100,77,53,-16,88,-26,87,99,49,-101,-116,42,-118,-115,89,-4,59,-53,94,-33,-76,0,100,-78,54,55,-10,58,64,24,-103,44,61,-28,35,-11,-43,97,60,-118,-61,13,88,4,4,63,-32,-125,110,-4,121,-49,-17,0
98,0,0,86,86,86,39,39,39,-79,55,120,-100,77,53,-16,88,-26,87,99,49,-101,-116,42,-118,-115,89,-4,59,-53,94,-33,-76,0,100,-78,54,55,-10,58,64,24,-103,44,61,-28,35,-11,-43,97,60,-118,-61,13,88,4,4,63,-32,-125,110,-4,121,-49,-17,0
99,0,110,110,124,124,124,101,101,101,100,55,120,-100,77,53,-16,88,-26,87,99,49,-101,-116,42,-118,-115,89,-4,59,-53,94,-33,-76,45,24,100,-105,64,34,21,-82,-102,-28,86,-113,-14,41,86,87,-103,114,6,56,71,-67,36,-125,-49,-102,12,-57,-66,-67,5,-17
100,0,110,110,124,124,124,101,101,101,100,55,120,-100,77,53,-16,88,-26,87,99,49,-101,-116,42,-118,-115,89,-4,59,-53,94,-33,-76,45,24,100,-105,64,34,21,-82,-102,-28,86,-113,-14,41,86,87,-103,114,6,56,71,-67,36,-125,-49,-102,12,-57,-66,-67,5,-17
101,0,110,110,124,124,124,101,101,101,100,55,120,-100,77,53,-16,88,-26,87,99,49,-101,-116,42,-118,-115,89,-4,59,-53,94,-33,-76,45,24,100,-105,64,34,21,-82,-102,-28,86,-113,-14,41,86,87,-103,114,6,56,71,-67,36,-125,-49,-102,12,-57,-66,-67,5,-17
102,0,-30,-30,-30,-64,-64,-64,-113,-113,-73,100,55,120,-100,77,53,-16,88,-26,87,99,49,-101,-116,42,-118,-115,89,-4,59,-53,94,-33,-58,-112,-37,115,86,15,42,-16,81,89,-66,-26,36,10,89,-47,-1,94,43,5,116,118,62,-17,94,109,109,-36,-98,9,62,-105
103,0,-30,-30,-30,-64,-64,-64,-113,-113,-73,100,55,120,-100,77,53,-16,88,-26,87,99,49,-101,-116,42,-118,-115,89,-4,59,-53,94,-33,-58,-112,-37,115,86,15,42,-16,81,89,-66,-26,36,10,89,-47,-1,94,43,5,116,118,62,-17,94,109,109,-36,-98,9,62,-105
104,0,-30,-30,-30,-64,-64,-64,-113,-113,-73,100,55,120,-100,77,53,-16,88,-26,87,99,49,-101,-116,42,-118,-115,89,-4,59,-53,94,-33,-58,-112,-37,115,86,15,42,-16,81,89,-66,-26,36,10,89,-47,-1,94,43,5,116,118,62,-17,94,109,109,-36,-98,9,62,-105
105,0,80,62,62,62,-55,-55,-55,-95,-99,-73,100,55,120,-100,77,53,-16,88,-26,87,99,49,-101,-116,42,-118,-115,89,-4,59,-53,94,114,38,-15,58,51,-51,124,-92,104,53,90,77,-104,-19,86,-125,51,9,6,-123,84,62,-25,-34,-105,81,19,-73,-113,-111,-86,125
106,0,80,62,62,62,-55,-55,-55,-95,-99,-73,100,55,120,-100,77,53,-16,88,-26,87,99,49,-101,-116,42,-118,-115,89,-4,59,-53,94,114,38,-15,58,51,-51,124,-92,104,53,90,77,-104,-19,86,-125,51,9,6,-123,84,62,-25,-34,-105,81,19,-73,-113,-111,-86,125
107,0,80,62,62,62,-55,-55,-55,-95,-99,-73,100,55,120,-100,77,53,-16,88,-26,87,99,49,-101,-116,42,-118,-115,89,-4,59,-53,94,114,38,-15,58,51,-51,124,-92,104,53,90,77,-104,-19,86,-125,51,9,6,-123,84,62,-25,-34,-105,81,19,-73,-113,-111,-86,125
108,0,43,43,1,1,1,-93,-93,-93,14,-99,-73,100,55,120,-100,77,53,-16,88,-26,87,99,49,-101,-116,42,-118,-115,89,-4,59,-53,-35,69,-45,-56,-29,-118,33,-108,24,46,-107,28,1,-111,-96,-47,109,-79,35,22,-54,106,95,-49,-38,-22,17,-35,-109,58,-34,116
109,0,43,43,1,1,1,-93,-93,-93,14,-99,-73,100,55,120,-100,77,53,-16,88,-26,87,99,49,-101,-116,42,-118,-115,89,-4,59,-53,-35,69,-45,-56,-29,-118,33,-108,24,46,-107,28,1,-111,-96,-47,109,-79,35,22,-54,106,95,-49,-38,-22,17,-35,-109,58,-34,116
110,0,43,43,1,1,1,-93,-93,-93,14,-99,-73,100,55,120,-100,77,53,-16,88,-26,87,99,49,-101,-116,42,-118,-115,89,-4,59,-53,-35,69,-45,-56,-29,-118,33,-108,24,46,-107,28,1,-111,-96,-47,109,-79,35,22,-54,106,95,-49,-38,-22,17,-35,-109,58,-34,116
111,0,-20,-20,-20,49,49,49,65,65,-120,14,-99,-73,100,55,120,-100,77,53,-16,88,-26,87,99,49,-101,-116,42,-118,-115,89,-4,59,-43,-37,-88,38,-2,109,46,50,49,-109,-127,-53,-20,-121,-108,10,110,-105,-82,76,42,-74,94,-5,76,34,-31,-25,-106,-67,-11,108
112,0,-20,-20,-20,49,49,49,65,65,-120,14,-99,-73,100,55,120,-100,77,53,-16,88,-26,87,99,49,-101,-116,42,-118,-115,89,-4,59,-43,-37,-88,38,-2,109,46,50,49,-109,-127,-53,-20,-121,-108,10,110,-105,-82,76,42,-74,94,-5,76,34,-31,-25,-106,-67,-11,108
113,0,-20,-20,-20,49,49,49,65,65,-120,14,-99,-73,100,55,120,-100,77,53,-16,88,-26,87,99,49,-101,-116,42,-118,-115,89,-4,59,-43,-37,-88,38,-2,109,46,50,49,-109,-127,-53,-20,-121,-108,10,110,-105,-82,76,42,-74,94,-5,76,34,-31,-25,-106,-67,-11,108
114,0,-33,-53,-53,-53,13,13,13,-91,-70,-120,14,-99,-73,100,55,120,-100,77,53,-16,88,-26,87,99,49,-101,-116,42,-118,-115,89,-4,37,-45,111,60,-79,-64,-70,102,65,90,35,22,-81,-6,17,-24,105,52,111,-68,71,-6,-91,36,-68,76,24,109,46,66,-43,113
115,0,-33,-53,-53,-53,13,13,13,-91,-70,-120,14,-99,-73,100,55,120,-100,77,53,-16,88,-26,87,99,49,-101,-116,42,-118,-115,89,-4,37,-45,111,60,-79,-64,-70,102,65,90,35,22,-81,-6,17,-24,105,52,111,-68,71,-6,-91,36,-68,76,24,109,46,66,-43,113
116,0,-33,-53,-53,-53,13,13,13,-91,-70,-120,14,-99,-73,100,55,120,-100,77,53,-16,88,-26,87,99,49,-101,-116,42,-118,-115,89,-4,37,-45,111,60,-79,-64,-70,102,65,90,35,22,-81,-6,17,-24,105,52,111,-68,71,-6,-91,36,-68,76,24,109,46,66,-43,113
117,0,91,91,-86,-86,-86,22,22,22,84,-70,-120,14,-99,-73,100,55,120,-100,77,53,-16,88,-26,87,99,49,-101,-116,42,-118,-115,89,-108,-2,55,15,108,6,18,-126,-93,-64,-113,-38,-47,-59,-63,-84,-16,31,36,-7,64,23,115,-81,21,108,78,127,110,38,8,-4
118,0,91,91,-86,-86,-86,22,22,22,84,-70,-120,14,-99,-73,100,55,120,-100,77,53,-16,88,-26,87,99,49,-101,-116,42,-118,-115,89,-108,-2,55,15,108,6,18,-126,-93,-64,-113,-38,-47,-59,-63,-84,-16,31,36,-7,64,23,115,-81,21,108,78,127,110,38,8,-4
119,0,91,91,-86,-86,-86,22,22,22,84,-70,-120,14,-99,-73,100,55,120,-100,77,53,-16,88,-26,87,99,49,-101,-116,42,-118,-115,89,-108,-2,55,15,108,6,18,-126,-93,-64,-113,-38,-47,-59,-63,-84,-16,31,36,-7,64,23,115,-81,21,108,78,127,110,38,8,-4
120,0,45,45,45,57,57,57,-57,-57,0,84,-70,-120,14,-99,-73,100,55,120,-100,77,53,-16,88,-26,87,99,49,-101,-116,42,-118,-115,91,-71,97,-109,97,-15,26,98,118,-105,-51,39,-109,-59,71,119,-124,36,55,64,-16,50,4,32,-80,90,52,25,88,-3,-25,-49
121,0,45,45,45,57,57,57,-57,-57,0,84,-70,-120,14,-99,-73,100,55,120,-100,77,53,-16,88,-26,87,99,49,-101,-116,42,-118,-115,91,-71,97,-109,97,-15,26,98,118,-105,-51,39,-109,-59,71,119,-124,36,55,64,-16,50,4,32,-80,90,52,25,88,-3,-25,-49
122,0,45,45,45,57,57,57,-57,-57,0,84,-70,-120,14,-99,-73,100,55,120,-100,77,53,-16,88,-26,87,99,49,-101,-116,42,-118,-115,91,-71,97,-109,97,-15,26,98,118,-105,-51,39,-109,-59,71,119,-124,36,55,64,-16,50,4,32,-80,90,52,25,88,-3,-25,-49
123,0,37,55,55,55,-7,-7,-7,-7,110,0,84,-70,-120,14,-99,-73,100,55,120,-100,77,53,-16,88,-26,87,99,49,-101,-116,42,-118,-89,-127,-17,-74,90,86,-53,78,100,-84,-108,-48,72,108,-8,119,29,54,80,-63,-63,91,109,-35,74,45,107,-94,-83,-3,-97,46
124,0,37,55,55,55,-7,-7,-7,-7,110,0,84,-70,-120,14,-99,-73,100,55,120,-100,77,53,-16,88,-26,87,99,49,-101,-116,42,-118,-89,-127,-17,-74,90,86,-53,78,100,-84,-108,-48,72,108,-8,119,29,54,80,-63,-63,91,109,-35,74,45,107,-94,-83,-3,-97,46
125,0,37,55,55,55,-7,-7,-7,-7,110,0,84,-70,-120,14,-99,-73,100,55,120,-100,77,53,-16,88,-26,87,99,49,-101,-116,42,-118,-89,-127,-17,-74,90,86,-53,78,100,-84,-108,-48,72,108,-8,119,29,54,80,-63,-63,91,109,-35,74,45,107,-94,-83,-3,-97,46
126,0,-90,-90,95,95,95,-100,-100,-100,-30,110,0,84,-70,-120,14,-99,-73,100,55,120,-100,77,53,-16,88,-26,87,99,49,-101,-116,42,58,103,-12,-44,-104,7,35,101,98,52,-84,46,115,55,15,-14,112,-83,-87,-94,119,52,126,-68,-126,-104,18,-39,34,-37,16,67
127,0,-90,-90,95,95,95,-100,-100,-100,-30,110,0,84,-70,-120,14,-99,-73,100,55,120,-100,77,53,-16,88,-26,87,99,49,-101,-116,42,58,103,-12,-44,-104,7,35,101,98,52,-84,46,115,55,15,-14,112,-83,-87,-94,119,52,126,-68,-126,-104,18,-39,34,-37,16,67
128,0,-90,-90,95,95,95,-100,-100,-100,-30,110,0,84,-70,-120,14,-99,-73,100,55,120,-100,77,53,-16,88,-26,87,99,49,-101,-116,42,58,103,-12,-44,-104,7,35,101,98,52,-84,46,115,55,15,-14,112,-83,-87,-94,119,52,126,-68,-126,-104,18,-39,34,-37,16,67
129,0,114,114,114,103,103,103,32,32,80,-30,110,0,84,-70,-120,14,-99,-73,100,55,120,-100,77,53,-16,88,-26,87,99,49,-101,-116,-22,46,-77,-126,-126,48,8,113,-59,-86,6,67,-55,-14,-29,-93,-46,81,-88,37,-68,-109,-108,-29,10,-27,21,7,-42,-57,88,-61
130,0,114,114,114,103,103,103,32,32,80,-30,110,0,84,-70,-120,14,-99,-73,100,55,120,-100,77,53,-16,88,-26,87,99,49,-101,-116,-22,46,-77,-126,-126,48,8,113,-59,-86,6,67,-55,-14,-29,-93,-46,81,-88,37,-68,-109,-108,-29,10,-27,21,7,-42,-57,88,-61
131,0,114,114,114,103,103,103,32,32,80,-30,110,0,84,-70,-120,14,-99,-73,100,55,120,-100,77,53,-16,88,-26,87,99,49,-101,-116,-22,46,-77,-126,-126,48,8,113,-59,-86,6,67,-55,-14,-29,-93,-46,81,-88,37,-68,-109,-108,-29,10,-27,21,7,-42,-57,88,-61
132,0,6,46,46,46,-50,-50,-50,-32,43,80,-30,110,0,84,-70,-120,14,-99,-73,100,55,120,-100,77,53,-16,88,-26,87,99,49,-101,-18,80,-108,-71,76,-100,118,127,-116,-104,-97,100,68,-116,-107,31,-27,47,58,11,34,-72,-78,9,-36,-79,-61,49,-1,-7,-62,38
133,0,6,46,46,46,-50,-50,-50,-32,43,80,-30,110,0,84,-70,-120,14,-99,-73,100,55,120,-100,77,53,-16,88,-26,87,99,49,-101,-18,80,-108,-71,76,-100,118,127,-116,-104,-97,100,68,-116,-107,31,-27,47,58,11,34,-72,-78,9,-36,-79,-61,49,-1,-7,-62,38
134,0,6,46,46,46,-50,-50,-50,-32,43,80,-30,110,0,84,-70,-120,14,-99,-73,100,55,120,-100,77,53,-16,88,-26,87,99,49,-101,-18,80,-108,-71,76,-100,118,127,-116,-104,-97,100,68,-116,-107,31,-27,47,58,11,34,-72,-78,9,-36,-79,-61,49,-1,-7,-62,38
135,0,52,52,15,15,15,-127,-127,-127,-20,43,80,-30,110,0,84,-70,-120,14,-99,-73,100,55,120,-100,77,53,-16,88,-26,87,99,49,101,-43,25,-109,74,90,-19,88,32,-105,-33,60,33,-122,48,-100,35,6,109,-113,-91,-16,92,-113,81,79,77,109,-92,90,22,114
136,0,52,52,15,15,15,-127,-127,-127,-20,43,80,-30,110,0,84,-70,-120,14,-99,-73,100,55,120,-100,77,53,-16,88,-26,87,99,49,101,-43,25,-109,74,90,-19,88,32,-105,-33,60,33,-122,48,-100,35,6,109,-113,-91,-16,92,-113,81,79,77,109,-92,90,22,114
137,0,52,52,15,15,15,-127,-127,-127,-20,43,80,-30,110,0,84,-70,-120,14,-99,-73,100,55,120,-100,77,53,-16,88,-26,87,99,49,101,-43,25,-109,74,90,-19,88,32,-105,-33,60,33,-122,48,-100,35,6,109,-113,-91,-16,92,-113,81,79,77,109,-92,90,22,114
138,0,-27,-27,-27,73,73,73,-106,-106,-33,-20,43,80,-30,110,0,84,-70,-120,14,-99,-73,100,55,120,-100,77,53,-16,88,-26,87,99,73,48,77,-87,25,19,-121,-20,-123,46,25,-113,26,105,32,-92,-60,127,-24,-122,-108,86,76,-2,103,-16,-108,54,0,-6,-5,126
139,0,-27,-27,-27,73,73,73,-106,-106,-33,-20,43,80,-30,110,0,84,-70,-120,14,-99,-73,100,55,120,-100,77,53,-16,88,-26,87,99,73,48,77,-87,25,19,-121,-20,-123,46,25,-113,26,105,32,-92,-60,127,-24,-122,-108,86,76,-2,103,-16,-108,54,0,-6,-5,126
140,0,-27,-27,-27,73,73,73,-106,-106,-33,-20,43,80,-30,110,0,84,-70,-120,14,-99,-73,100,55,120,-100,77,53,-16,88,-26,87,99,73,48,77,-87,25,19,-121,-20,-123,46,25,-113,26,105,32,-92,-60,127,-24,-122,-108,86,76,-2,103,-16,-108,54,0,-6,-5,126
141,0,-59,57,57,57,123,123,123,-28,91,-33,-20,43,80,-30,110,0,84,-70,-120,14,-99,-73,100,55,120,-100,77,53,-16,88,-26,87,109,26,38,69,19,81,-116,-96,30,-120,106,-79,-96,25,56,-101,105,106,36,49,70,119,-10,78,-1,64,30,-71,10,47,-7,59
142,0,-59,57,57,57,123,123,123,-28,91,-33,-20,43,80,-30,110,0,84,-70,-120,14,-99,-73,100,55,120,-100,77,53,-16,88,-26,87,109,26,38,69,19,81,-116,-96,30,-120,106,-79,-96,25,56,-101,105,106,36,49,70,119,-10,78,-1,64,30,-71,10,47,-7,59
143,0,-59,57,57,57,123,123,123,-28,91,-33,-20,43,80,-30,110,0,84,-70,-120,14,-99,-73,100,55,120,-100,77,53,-16,88,-26,87,109,26,38,69,19,81,-116,-96,30,-120,106,-79,-96,25,56,-101,105,106,36,49,70,119,-10,78,-1,64,30,-71,10,47,-7,59
144,0,-57,-57,63,63,63,91,91,91,45,91,-33,-20,43,80,-30,110,0,84,-70,-120,14,-99,-73,100,55,120,-100,77,53,-16,88,-26,-12,-39,-51,-15,55,38,-78,89,-91,34,40,36,18,73,-55,105,90,54,-59,-95,-49,-63,-52,22,-99,126,124,-84,118,-104,-41,62
145,0,-57,-57,63,63,63,91,91,91,45,91,-33,-20,43,80,-30,110,0,84,-70,-120,14,-99,-73,100,55,120,-100,77,53,-16,88,-26,-12,-39,-51,-15,55,38,-78,89,-91,34,40,36,18,73,-55,105,90,54,-59,-95,-49,-63,-52,22,-99,126,124,-84,118,-104,-41,62
146,0,-57,-57,63,63,63,91,91,91,45,91,-33,-20,43,80,-30,110,0,84,-70,-120,14,-99,-73,100,55,120,-100,77,53,-16,88,-26,-12,-39,-51,-15,55,38,-78,89,-91,34,40,36,18,73,-55,105,90,54,-59,-95,-49,-63,-52,22,-99,126,124,-84,118,-104,-41,62
147,0,106,106,106,-58,-58,-58,95,95,37,45,91,-33,-20,43,80,-30,110,0,84,-70,-120,14,-99,-73,100,55,120,-100,77,53,-16,88,-86,87,99,-10,-42,-114,64,78,-62,-11,-104,86,-7,-32,69,-7,66,-70,-119,-127,-21,119,102,118,104,-75,-75,65,91,-56,33,45
148,0,106,106,106,-58,-58,-58,95,95,37,45,91,-33,-20,43,80,-30,110,0,84,-70,-120,14,-99,-73,100,55,120,-100,77,53,-16,88,-86,87,99,-10,-42,-114,64,78,-62,-11,-104,86,-7,-32,69,-7,66,-70,-119,-127,-21,119,102,118,104,-75,-75,65,91,-56,33,45
149,0,106,106,106,-58,-58,-58,95,95,37,45,91,-33,-20,43,80,-30,110,0,84,-70,-120,14,-99,-73,100,55,120,-100,77,53,-16,88,-86,87,99,-10,-42,-114,64,78,-62,-11,-104,86,-7,-32,69,-7,66,-70,-119,-127,-21,119,102,118,104,-75,-75,65,91,-56,33,45
150,0,-98,-121,-121,-121,-28,-28,-28,-85,-90,37,45,91,-33,-20,43,80,-30,110,0,84,-70,-120,14,-99,-73,100,55,120,-100,77,53,-16,-37,-89,29,117,-43,88,12,110,-105,-80,114,-125,-80,-109,-41,76,101,5,8,-52,-61,-56,-81,98,49,63,-88,-51,46,5,-58,14
151,0,-98,-121,-121,-121,-28,-28,-28,-85,-90,37,45,91,-33,-20,43,80,-30,110,0,84,-70,-120,14,-99,-73,100,55,120,-100,77,53,-16,-37,-89,29,117,-43,88,12,110,-105,-80,114,-125,-80,-109,-41,76,101,5,8,-52,-61,-56,-81,98,49,63,-88,-51,46,5,-58,14
152,0,-98,-121,-121,-121,-28,-28,-28,-85,-90,37,45,91,-33,-20,43,80,-30,110,0,84,-70,-120,14,-99,-73,100,55,120,-100,77,53,-16,-37,-89,29,117,-43,88,12,110,-105,-80,114,-125,-80,-109,-41,76,101,5,8,-52,-61,-56,-81,98,49,63,-88,-51,46,5,-58,14
153,0,43,43,69,69,69,57,57,57,114,-90,37,45,91,-33,-20,43,80,-30,110,0,84,-70,-120,14,-99,-73,100,55,120,-100,77,53,3,38,-123,-69,110,-49,-92,4,6,-52,8,31,103,-68,3,47,62,-125,-116,-43,52,15,-6,-40,-47,10,1,35,-45,75,9,26
154,0,43,43,69,69,69,57,57,57,114,-90,37,45,91,-33,-20,43,80,-30,110,0,84,-70,-120,14,-99,-73,100,55,120,-100,77,53,3,38,-123,-69,110,-49,-92,4,6,-52,8,31,103,-68,3,47,62,-125,-116,-43,52,15,-6,-40,-47,10,1,35,-45,75,9,26
155,0,43,43,69,69,69,57,57,57,114,-90,37,45,91,-33,-20,43,80,-30,110,0,84,-70,-120,14,-99,-73,100,55,120,-100,77,53,3,38,-123,-69,110,-49,-92,4,6,-52,8,31,103,-68,3,47,62,-125,-116,-43,52,15,-6,-40,-47,10,1,35,-45,75,9,26
156,0,75,75,75,74,74,74,-120,-120,6,114,-90,37,45,91,-33,-20,43,80,-30,110,0,84,-70,-120,14,-99,-73,100,55,120,-100,77,32,83,85,-51,-62,99,-107,0,99,-86,-82,-23,-115,35,26,51,-39,-91,27,-12,-108,15,25,-61,-77,1,-82,-5,-71,83,99,-124
157,0,75,75,75,74,74,74,-120,-120,6,114,-90,37,45,91,-33,-20,43,80,-30,110,0,84,-70,-120,14,-99,-73,100,55,120,-100,77,32,83,85,-51,-62,99,-107,0,99,-86,-82,-23,-115,35,26,51,-39,-91,27,-12,-108,15,25,-61,-77,1,-82,-5,-71,83,99,-124
158,0,75,75,75,74,74,74,-120,-120,6,114,-90,37,45,91,-33,-20,43,80,-30,110,0,84,-70,-120,14,-99,-73,100,55,120,-100,77,32,83,85,-51,-62,99,-107,0,99,-86,-82,-23,-115,35,26,51,-39,-91,27,-12,-108,15,25,-61,-77,1,-82,-5,-71,83,99,-124
159,0,16,2,2,2,12,12,12,-91,52,6,114,-90,37,45,91,-33,-20,43,80,-30,110,0,84,-70,-120,14,-99,-73,100,55,120,-100,-121,-24,46,-97,-127,-109,91,90,39,-20,119,20,-123,-33,122,41,-31,61,-125,-105,-27,-12,-70,49,-57,66,-88,112,-5,34,63,-106
160,0,16,2,2,2,12,12,12,-91,52,6,114,-90,37,45,91,-33,-20,43,80,-30,110,0,84,-70,-120,14,-99,-73,100,55,120,-100,-121,-24,46,-97,-127,-109,91,90,39,-20,119,20,-123,-33,122,41,-31,61,-125,-105,-27,-12,-70,49,-57,66,-88,112,-5,34,63,-106
161,0,16,2,2,2,12,12,12,-91,52,6,114,-90,37,45,91,-33,-20,43,80,-30,110,0,84,-70,-120,14,-99,-73,100,55,120,-100,-121,-24,46,-97,-127,-109,91,90,39,-20,119,20,-123,-33,122,41,-31,61,-125,-105,-27,-12,-70,49,-57,66,-88,112,-5,34,63,-106
162,0,-97,-97,-70,-70,-70,-105,-105,-105,-27,52,6,114,-90,37,45,91,-33,-20,43,80,-30,110,0,84,-70,-120,14,-99,-73,100,55,120,75,-6,-119,-97,-73,53,-112,-70,110,-54,-113,10,116,-49,42,73,87,-98,2,-118,44,-6,-11,54,-83,-4,-37,-11,53,39,62,-120
163,0,-97,-97,-70,-70,-70,-105,-105,-105,-27,52,6,114,-90,37,45,91,-33,-20,43,80,-30,110,0,84,-70,-120,14,-99,-73,100,55,120,75,-6,-119,-97,-73,53,-112,-70,110,-54,-113,10,116,-49,42,73,87,-98,2,-118,44,-6,-11,54,-83,-4,-37,-11,53,39,62,-120
164,0,-97,-97,-70,-70,-70,-105,-105,-105,-27,52,6,114,-90,37,45,91,-33,-20,43,80,-30,110,0,84,-70,-120,14,-99,-73,100,55,120,75,-6,-119,-97,-73,53,-112,-70,110,-54,-113,10,116,-49,42,73,87,-98,2,-118,44,-6,-11,54,-83,-4,-37,-11,53,39,62,-120
165,0,4,4,4,85,85,85,-24,-24,-59,-27,52,6,114,-90,37,45,91,-33,-20,43,80,-30,110,0,84,-70,-120,14,-99,-73,100,55,-10,92,56,124,-88,-122,91,80,71,61,-108,-35,-52,87,38,26,86,98,79,-7,8,84,-47,-39,-1,18,-16,-107,-123,71,115,-40
166,0,4,4,4,85,85,85,-24,-24,-59,-27,52,6,114,-90,37,45,91,-33,-20,43,80,-30,110,0,84,-70,-120,14,-99,-73,100,55,-10,92,56,124,-88,-122,91,80,71,61,-108,-35,-52,87,38,26,86,98,79,-7,8,84,-47,-39,-1,18,-16,-107,-123,71,115,-40
167,0,4,4,4,85,85,85,-24,-24,-59,-27,52,6,114,-90,37,45,91,-33,-20,43,80,-30,110,0,84,-70,-120,14,-99,-73,100,55,-10,92,56,124,-88,-122,91,80,71,61,-108,-35,-52,87,38,26,86,98,79,-7,8,84,-47,-39,-1,18,-16,-107,-123,71,115,-40
168,0,66,-12,-12,-12,43,43,43,94,-57,-59,-27,52,6,114,-90,37,45,91,-33,-20,43,80,-30,110,0,84,-70,-120,14,-99,-73,100,42,-17,54,25,38,-36,-97,46,85,-94,-31,-5,106,114,-121,-94,127,-15,-44,-127,-41,-74,-110,-54,91,-70,8,126,38,-102,41,-37
169,0,66,-12,-12,-12,43,43,43,94,-57,-59,-27,52,6,114,-90,37,45,91,-33,-20,43,80,-30,110,0,84,-70,-120,14,-99,-73,100,42,-17,54,25,38,-36,-97,46,85,-94,-31,-5,106,114,-121,-94,127,-15,-44,-127,-41,-74,-110,-54,91,-70,8,126,38,-102,41,-37
170,0,66,-12,-12,-12,43,43,43,94,-57,-59,-27,52,6,114,-90,37,45,91,-33,-20,43,80,-30,110,0,84,-70,-120,14,-99,-73,100,42,-17,54,25,38,-36,-97,46,85,-94,-31,-5,106,114,-121,-94,127,-15,-44,-127,-41,-74,-110,-54,91,-70,8,126,38,-102,41,-37
171,0,-41,-41,37,37,37,6,6,6,106,-57,-59,-27,52,6,114,-90,37,45,91,-33,-20,43,80,-30,110,0,84,-70,-120,14,-99,-73,7,0,-19,-93,76,-19,115,-47,-12,-73,-118,100,111,7,-49,49,-120,-68,122,92,101,94,-88,111,-87,60,-86,45,-87,-8,18,122
172,0,-41,-41,37,37,37,6,6,6,106,-57,-59,-27,52,6,114,-90,37,45,91,-33,-20,43,80,-30,110,0,84,-70,-120,14,-99,-73,7,0,-19,-93,76,-19,115,-47,-12,-73,-118,100,111,7,-49,49,-120,-68,122,92,101,94,-88,111,-87,60,-86,45,-87,-8,18,122
173,0,-41,-41,37,37,37,6,6,6,106,-57,-59,-27,52,6,114,-90,37,45,91,-33,-20,43,80,-30,110,0,84,-70,-120,14,-99,-73,7,0,-19,-93,76,-19,115,-47,-12,-73,-118,100,111,7,-49,49,-120,-68,122,92,101,94,-88,111,-87,60,-86,45,-87,-8,18,122
174,0,-35,-35,-35,-78,-78,-78,126,126,-98,106,-57,-59,-27,52,6,114,-90,37,45,91,-33,-20,43,80,-30,110,0,84,-70,-120,14,-99,-28,-86,83,-40,-22,97,97,108,97,40,56,89,89,-34,-84,49,66,-69,89,88,-10,118,4,109,-67,47,-113,94,-72,-81,-91,-82
175,0,-35,-35,-35,-78,-78,-78,126,126,-98,106,-57,-59,-27,52,6,114,-90,37,45,91,-33,-20,43,80,-30,110,0,84,-70,-120,14,-99,-28,-86,83,-40,-22,97,97,108,97,40,56,89,89,-34,-84,49,66,-69,89,88,-10,118,4,109,-67,47,-113,94,-72,-81,-91,-82
176,0,-35,-35,-35,-78,-78,-78,126,126,-98,106,-57,-59,-27,52,6,114,-90,37,45,91,-33,-20,43,80,-30,110,0,84,-70,-120,14,-99,-28,-86,83,-40,-22,97,97,108,97,40,56,89,89,-34,-84,49,66,-69,89,88,-10,118,4,109,-67,47,-113,94,-72,-81,-91,-82
177,0,107,-59,-59,-59,-111,-111,-111,-24,43,-98,106,-57,-59,-27,52,6,114,-90,37,45,91,-33,-20,43,80,-30,110,0,84,-70,-120,14,84,-18,23,-32,-46,-22,5,-37,-127,58,-48,-34,13,-61,113,-92,43,29,-23,-97,-25,-76,-58,27,-89,96,-53,9,30,108,42,-59
178,0,107,-59,-59,-59,-111,-111,-111,-24,43,-98,106,-57,-59,-27,52,6,114,-90,37,45,91,-33,-20,43,80,-30,110,0,84,-70,-120,14,84,-18,23,-32,-46,-22,5,-37,-127,58,-48,-34,13,-61,113,-92,43,29,-23,-97,-25,-76,-58,27,-89,96,-53,9,30,108,42,-59
179,0,107,-59,-59,-59,-111,-111,-111,-24,43,-98,106,-57,-59,-27,52,6,114,-90,37,45,91,-33,-20,43,80,-30,110,0,84,-70,-120,14,84,-18,23,-32,-46,-22,5,-37,-127,58,-48,-34,13,-61,113,-92,43,29,-23,-97,-25,-76,-58,27,-89,96,-53,9,30,108,42,-59
180,0,53,53,-41,-41,-41,-8,-8,-8,75,43,-98,106,-57,-59,-27,52,6,114,-90,37,45,91,-33,-20,43,80,-30,110,0,84,-70,-120,125,117,-105,126,-83,-102,-11,-35,-127,14,111,54,-84,-46,-125,55,32,-74,-9,41,-81,111,-39,-90,-59,74,-77,-30,-112,72,-41,102
181,0,53,53,-41,-41,-41,-8,-8,-8,75,43,-98,106,-57,-59,-27,52,6,114,-90,37,45,91,-33,-20,43,80,-30,110,0,84,-70,-120,125,117,-105,126,-83,-102,-11,-35,-127,14,111,54,-84,-46,-125,55,32,-74,-9,41,-81,111,-39,-90,-59,74,-77,-30,-112,72,-41,102
182,0,53,53,-41,-41,-41,-8,-8,-8,75,43,-98,106,-57,-59,-27,52,6,114,-90,37,45,91,-33,-20,43,80,-30,110,0,84,-70,-120,125,117,-105,126,-83,-102,-11,-35,-127,14,111,54,-84,-46,-125,55,32,-74,-9,41,-81,111,-39,-90,-59,74,-77,-30,-112,72,-41,102
183,0,42,42,42,-32,-32,-32,10,10,16,75,43,-98,106,-57,-59,-27,52,6,114,-90,37,45,91,-33,-20,43,80,-30,110,0,84,-70,-93,51,71,11,-112,76,58,30,-88,-67,9,-60,32,-19,-102,-123,46,89,-88,104,-10,-74,-67,-125,-105,-91,121,18,51,10,-41,-101
184,0,42,42,42,-32,-32,-32,10,10,16,75,43,-98,106,-57,-59,-27,52,6,114,-90,37,45,91,-33,-20,43,80,-30,110,0,84,-70,-93,51,71,11,-112,76,58,30,-88,-67,9,-60,32,-19,-102,-123,46,89,-88,104,-10,-74,-67,-125,-105,-91,121,18,51,10,-41,-101
185,0,42,42,42,-32,-32,-32,10,10,16,75,43,-98,106,-57,-59,-27,52,6,114,-90,37,45,91,-33,-20,43,80,-30,110,0,84,-70,-93,51,71,11,-112,76,58,30,-88,-67,9,-60,32,-19,-102,-123,46,89,-88,104,-10,-74,-67,-125,-105,-91,121,18,51,10,-41,-101
186,0,0,91,91,91,-105,-105,-105,46,-97,16,75,43,-98,106,-57,-59,-27,52,6,114,-90,37,45,91,-33,-20,43,80,-30,110,0,84,28,-100,116,36,60,124,-18,-74,-11,63,-35,-77,75,-57,43,118,3,105,-8,91,-111,-1,56,109,-63,85,50,90,87,42,-98,-118
187,0,0,91,91,91,-105,-105,-105,46,-97,16,75,43,-98,106,-57,-59,-27,52,6,114,-90,37,45,91,-33,-20,43,80,-30,110,0,84,28,-100,116,36,60,124,-18,-74,-11,63,-35,-77,75,-57,43,118,3,105,-8,91,-111,-1,56,109,-63,85,50,90,87,42,-98,-118
188,0,0,91,91,91,-105,-105,-105,46,-97,16,75,43,-98,106,-57,-59,-27,52,6,114,-90,37,45,91,-33,-20,43,80,-30,110,0,84,28,-100,116,36,60,124,-18,-74,-11,63,-35,-77,75,-57,43,118,3,105,-8,91,-111,-1,56,109,-63,85,50,90,87,42,-98,-118
189,0,-37,-37,15,15,15,-33,-33,-33,4,-97,16,75,43,-98,106,-57,-59,-27,52,6,114,-90,37,45,91,-33,-20,43,80,-30,110,0,115,-18,9,-33,-116,23,-92,-17,86,35,-69,-123,-103,-72,-27,51,72,-35,-56,-23,66,-5,-38,34,-58,80,-81,119,102,14,58,-82
190,0,-37,-37,15,15,15,-33,-33,-33,4,-97,16,75,43,-98,106,-57,-59,-27,52,6,114,-90,37,45,91,-33,-20,43,80,-30,110,0,115,-18,9,-33,-116,23,-92,-17,86,35,-69,-123,-103,-72,-27,51,72,-35,-56,-23,66,-5,-38,34,-58,80,-81,119,102,14,58,-82
191,0,-37,-37,15,15,15,-33,-33,-33,4,-97,16,75,43,-98,106,-57,-59,-27,52,6,114,-90,37,45,91,-33,-20,43,80,-30,110,0,115,-18,9,-33,-116,23,-92,-17,86,35,-69,-123,-103,-72,-27,51,72,-35,-56,-23,66,-5,-38,34,-58,80,-81,119,102,14,58,-82
192,0,82,82,82,-26,-26,-26,-109,-109,66,4,-97,16,75,43,-98,106,-57,-59,-27,52,6,114,-90,37,45,91,-33,-20,43,80,-30,110,-126,-60,122,12,81,-7,-58,-77,-9,113,86,-47,15,84,59,105,96,-68,-110,13,81,112,27,100,3,2,116,57,-35,-53,95,5
193,0,82,82,82,-26,-26,-26,-109,-109,66,4,-97,16,75,43,-98,106,-57,-59,-27,52,6,114,-90,37,45,91,-33,-20,43,80,-30,110,-126,-60,122,12,81,-7,-58,-77,-9,113,86,-47,15,84,59,105,96,-68,-110,13,81,112,27,100,3,2,116,57,-35,-53,95,5
194,0,82,82,82,-26,-26,-26,-109,-109,66,4,-97,16,75,43,-98,106,-57,-59,-27,52,6,114,-90,37,45,91,-33,-20,43,80,-30,110,-126,-60,122,12,81,-7,-58,-77,-9,113,86,-47,15,84,59,105,96,-68,-110,13,81,112,27,100,3,2,116,57,-35,-53,95,5
195,0,23,70,70,70,44,44,44,98,-41,66,4,-97,16,75,43,-98,106,-57,-59,-27,52,6,114,-90,37,45,91,-33,-20,43,80,-30,120,-86,-66,57,116,61,-95,-32,-18,25,22,-65,94,-98,-85,-105,-30,-93,119,38,16,-30,10,40,85,64,-112,-23,-42,127,-36,51
196,0,23,70,70,70,44,44,44,98,-41,66,4,-97,16,75,43,-98,106,-57,-59,-27,52,6,114,-90,37,45,91,-33,-20,43,80,-30,120,-86,-66,57,116,61,-95,-32,-18,25,22,-65,94,-98,-85,-105,-30,-93,119,38,16,-30,10,40,85,64,-112,-23,-42,127,-36,51
197,0,23,70,70,70,44,44,44,98,-41,66,4,-97,16,75,43,-98,106,-57,-59,-27,52,6,114,-90,37,45,91,-33,-20,43,80,-30,120,-86,-66,57,116,61,-95,-32,-18,25,22,-65,94,-98,-85,-105,-30,-93,119,38,16,-30,10,40,85,64,-112,-23,-42,127,-36,51
198,0,45,45,74,74,74,-113,-113,-113,-35,-41,66,4,-97,16,75,43,-98,106,-57,-59,-27,52,6,114,-90,37,45,91,-33,-20,43,80,-28,-30,-117,46,91,-122,-112,22,-103,-111,-26,-39,12,59,32,-3,6,64,62,66,42,-55,-60,65,-25,83,51,-124,106,-61,124,121
199,0,45,45,74,74,74,-113,-113,-113,-35,-41,66,4,-97,16,75,43,-98,106,-57,-59,-27,52,6,114,-90,37,45,91,-33,-20,43,80,-28,-30,-117,46,91,-122,-112,22,-103,-111,-26,-39,12,59,32,-3,6,64,62,66,42,-55,-60,65,-25,83,51,-124,106,-61,124,121
200,0,45,45,74,74,74,-113,-113,-113,-35,-41,66,4,-97,16,75,43,-98,106,-57,-59,-27,52,6,114,-90,37,45,91,-33,-20,43,80,-28,-30,-117,46,91,-122,-112,22,-103,-111,-26,-39,12,59,32,-3,6,64,62,66,42,-55,-60,65,-25,83,51,-124,106,-61,124,121
201,0,107,107,107,77,77,77,41,41,107,-35,-41,66,4,-97,16,75,43,-98,106,-57,-59,-27,52,6,114,-90,37,45,91,-33,-20,43,-50,-17,23,49,-54,-90,125,100,-32,-2,-53,127,26,-90,127,84,-25,55,58,59,7,-56,8,51,-43,34,115,36,-102,-13,-72,-113
202,0,107,107,107,77,77,77,41,41,107,-35,-41,66,4,-97,16,75,43,-98,106,-57,-59,-27,52,6,114,-90,37,45,91,-33,-20,43,-50,-17,23,49,-54,-90,125,100,-32,-2,-53,127,26,-90,127,84,-25,55,58,59,7,-56,8,51,-43,34,115,36,-102,-13,-72,-113
203,0,107,107,107,77,77,77,41,41,107,-35,-41,66,4,-97,16,75,43,-98,106,-57,-59,-27,52,6,114,-90,37,45,91,-33,-20,43,-50,-17,23,49,-54,-90,125,100,-32,-2,-53,127,26,-90,127,84,-25,55,58,59,7,-56,8,51,-43,34,115,36,-102,-13,-72,-113
204,0,-66,-28,-28,-28,93,93,93,-40,53,107,-35,-41,66,4,-97,16,75,43,-98,106,-57,-59,-27,52,6,114,-90,37,45,91,-33,-20,-96,-66,-87,-114,3,-17,-82,109,56,-60,11,-93,-92,118,106,59,60,21,-78,35,-72,75,-98,-63,52,88,-120,-24,-93,110,-79,-23
205,0,-66,-28,-28,-28,93,93,93,-40,53,107,-35,-41,66,4,-97,16,75,43,-98,106,-57,-59,-27,52,6,114,-90,37,45,91,-33,-20,-96,-66,-87,-114,3,-17,-82,109,56,-60,11,-93,-92,118,106,59,60,21,-78,35,-72,75,-98,-63,52,88,-120,-24,-93,110,-79,-23
206,0,-66,-28,-28,-28,93,93,93,-40,53,107,-35,-41,66,4,-97,16,75,43,-98,106,-57,-59,-27,52,6,114,-90,37,45,91,-33,-20,-96,-66,-87,-114,3,-17,-82,109,56,-60,11,-93,-92,118,106,59,60,21,-78,35,-72,75,-98,-63,52,88,-120,-24,-93,110,-79,-23
207,0,115,115,-45,-45,-45,124,124,124,42,53,107,-35,-41,66,4,-97,16,75,43,-98,106,-57,-59,-27,52,6,114,-90,37,45,91,-33,69,-15,-117,-35,-31,9,-109,-13,105,-82,72,-28,-62,9,97,111,78,-108,-19,-120,87,-93,90,66,43,66,73,-43,0,-79,114,57
208,0,115,115,-45,-45,-45,124,124,124,42,53,107,-35,-41,66,4,-97,16,75,43,-98,106,-57,-59,-27,52,6,114,-90,37,45,91,-33,69,-15,-117,-35,-31,9,-109,-13,105,-82,72,-28,-62,9,97,111,78,-108,-19,-120,87,-93,90,66,43,66,73,-43,0,-79,114,57
209,0,115,115,-45,-45,-45,124,124,124,42,53,107,-35,-41,66,4,-97,16,75,43,-98,106,-57,-59,-27,52,6,114,-90,37,45,91,-33,69,-15,-117,-35,-31,9,-109,-13,105,-82,72,-28,-62,9,97,111,78,-108,-19,-120,87,-93,90,66,43,66,73,-43,0,-79,114,57
210,0,127,127,127,112,112,112,124,124,0,42,53,107,-35,-41,66,4,-97,16,75,43,-98,106,-57,-59,-27,52,6,114,-90,37,45,91,-27,5,-87,43,98,85,126,31,-53,1,2,43,36,-67,77,111,101,99,110,31,49,-9,46,109,-115,-109,103,-54,-3,32,-5,-21
211,0,127,127,127,112,112,112,124,124,0,42,53,107,-35,-41,66,4,-97,16,75,43,-98,106,-57,-59,-27,52,6,114,-90,37,45,91,-27,5,-87,43,98,85,126,31,-53,1,2,43,36,-67,77,111,101,99,110,31,49,-9,46,109,-115,-109,103,-54,-3,32,-5,-21
212,0,127,127,127,112,112,112,124,124,0,42,53,107,-35,-41,66,4,-97,16,75,43,-98,106,-57,-59,-27,52,6,114,-90,37,45,91,-27,5,-87,43,98,85,126,31,-53,1,2,43,36,-67,77,111,101,99,110,31,49,-9,46,109,-115,-109,103,-54,-3,32,-5,-21
213,0,61,51,51,51,61,61,61,-84,-37,0,42,53,107,-35,-41,66,4,-97,16,75,43,-98,106,-57,-59,-27,52,6,114,-90,37,45,-93,48,16,11,1,-11,60,-72,-25,-37,3,-6,-31,-45,-76,-49,111,40,114,-105,37,68,112,-74,18,-80,-12,23,9,32,87,-8
214,0,61,51,51,51,61,61,61,-84,-37,0,42,53,107,-35,-41,66,4,-97,16,75,43,-98,106,-57,-59,-27,52,6,114,-90,37,45,-93,48,16,11,1,-11,60,-72,-25,-37,3,-6,-31,-45,-76,-49,111,40,114,-105,37,68,112,-74,18,-80,-12,23,9,32,87,-8
215,0,61,51,51,51,61,61,61,-84,-37,0,42,53,107,-35,-41,66,4,-97,16,75,43,-98,106,-57,-59,-27,52,6,114,-90,37,45,-93,48,16,11,1,-11,60,-72,-25,-37,3,-6,-31,-45,-76,-49,111,40,114,-105,37,68,112,-74,18,-80,-12,23,9,32,87,-8
216,0,-2,-2,74,74,74,47,47,47,82,-37,0,42,53,107,-35,-41,66,4,-97,16,75,43,-98,106,-57,-59,-27,52,6,114,-90,37,124,-48,-71,38,25,77,100,77,-46,59,87,-19,-75,-40,64,-10,96,104,50,101,69,82,-121,69,-50,41,-29,-76,107,-14,-51,22
217,0,-2,-2,74,74,74,47,47,47,82,-37,0,42,53,107,-35,-41,66,4,-97,16,75,43,-98,106,-57,-59,-27,52,6,114,-90,37,124,-48,-71,38,25,77,100,77,-46,59,87,-19,-75,-40,64,-10,96,104,50,101,69,82,-121,69,-50,41,-29,-76,107,-14,-51,22
218,0,-2,-2,74,74,74,47,47,47,82,-37,0,42,53,107,-35,-41,66,4,-97,16,75,43,-98,106,-57,-59,-27,52,6,114,-90,37,124,-48,-71,38,25,77,100,77,-46,59,87,-19,-75,-40,64,-10,96,104,50,101,69,82,-121,69,-50,41,-29,-76,107,-14,-51,22
219,0,37,37,37,-49,-49,-49,-122,-122,23,82,-37,0,42,53,107,-35,-41,66,4,-97,16,75,43,-98,106,-57,-59,-27,52,6,114,-90,63,-77,76,-112,-55,61,14,-94,21,45,-15,-11,-127,85,122,95,121,18,-13,-22,-119,-48,-44,-20,-72,38,81,-124,24,103,-39,57
220,0,37,37,37,-49,-49,-49,-122,-122,23,82,-37,0,42,53,107,-35,-41,66,4,-97,16,75,43,-98,106,-57,-59,-27,52,6,114,-90,63,-77,76,-112,-55,61,14,-94,21,45,-15,-11,-127,85,122,95,121,18,-13,-22,-119,-48,-44,-20,-72,38,81,-124,24,103,-39,57
221,0,37,37,37,-49,-49,-49,-122,-122,23,82,-37,0,42,53,107,-35,-41,66,4,-97,16,75,43,-98,106,-57,-59,-27,52,6,114,-90,63,-77,76,-112,-55,61,14,-94,21,45,-15,-11,-127,85,122,95,121,18,-13,-22,-119,-48,-44,-20,-72,38,81,-124,24,103,-39,57
222,0,-18,-72,-72,-72,42,42,42,47,45,23,82,-37,0,42,53,107,-35,-41,66,4,-97,16,75,43,-98,106,-57,-59,-27,52,6,114,103,39,-59,101,5,125,-10,-71,-32,-101,-77,-115,-50,61,-39,-7,-61,101,18,-125,-100,-57,44,37,-42,16,105,82,-58,17,-39,-33
223,0,-18,-72,-72,-72,42,42,42,47,45,23,82,-37,0,42,53,107,-35,-41,66,4,-97,16,75,43,-98,106,-57,-59,-27,52,6,114,103,39,-59,101,5,125,-10,-71,-32,-101,-77,-115,-50,61,-39,-7,-61,101,18,-125,-100,-57,44,37,-42,16,105,82,-58,17,-39,-33
224,0,-18,-72,-72,-72,42,42,42,47,45,23,82,-37,0,42,53,107,-35,-41,66,4,-97,16,75,43,-98,106,-57,-59,-27,52,6,114,103,39,-59,101,5,125,-10,-71,-32,-101,-77,-115,-50,61,-39,-7,-61,101,18,-125,-100,-57,44,37,-42,16,105,82,-58,17,-39,-33
225,0,-126,-126,38,38,38,-14,-14,-14,107,45,23,82,-37,0,42,53,107,-35,-41,66,4,-97,16,75,43,-98,106,-57,-59,-27,52,6,-31,-37,7,58,-92,75,7,114,-41,-27,122,-60,-104,99,19,87,45,-91,-45,-39,124,81,-125,-73,24,42,-53,55,-94,77,-109,-41
226,0,-126,-126,38,38,38,-14,-14,-14,107,45,23,82,-37,0,42,53,107,-35,-41,66,4,-97,16,75,43,-98,106,-57,-59,-27,52,6,-31,-37,7,58,-92,75,7,114,-41,-27,122,-60,-104,99,19,87,45,-91,-45,-39,124,81,-125,-73,24,42,-53,55,-94,77,-109,-41
227,0,-126,-126,38,38,38,-14,-14,-14,107,45,23,82,-37,0,42,53,107,-35,-41,66,4,-97,16,75,43,-98,106,-57,-59,-27,52,6,-31,-37,7,58,-92,75,7,114,-41,-27,122,-60,-104,99,19,87,45,-91,-45,-39,124,81,-125,-73,24,42,-53,55,-94,77,-109,-41
228,0,-2,-2,-2,-21,-21,-21,79,79,-66,107,45,23,82,-37,0,42,53,107,-35,-41,66,4,-97,16,75,43,-98,106,-57,-59,-27,52,48,-11,-54,31,118,29,-83,-31,49,12,109,-83,70,49,-47,17,-2,-53,-72,-26,95,-118,-84,51,93,-122,-111,63,23,2,-56,45
229,0,-2,-2,-2,-21,-21,-21,79,79,-66,107,45,23,82,-37,0,42,53,107,-35,-41,66,4,-97,16,75,43,-98,106,-57,-59,-27,52,48,-11,-54,31,118,29,-83,-31,49,12,109,-83,70,49,-47,17,-2,-53,-72,-26,95,-118,-84,51,93,-122,-111,63,23,2,-56,45
230,0,-2,-2,-2,-21,-21,-21,79,79,-66,107,45,23,82,-37,0,42,53,107,-35,-41,66,4,-97,16,75,43,-98,106,-57,-59,-27,52,48,-11,-54,31,118,29,-83,-31,49,12,109,-83,70,49,-47,17,-2,-53,-72,-26,95,-118,-84,51,93,-122,-111,63,23,2,-56,45
231,0,68,114,114,114,-26,-26,-26,-86,115,-66,107,45,23,82,-37,0,42,53,107,-35,-41,66,4,-97,16,75,43,-98,106,-57,-59,-27,76,-88,-123,42,72,-73,23,-38,-51,23,-38,-106,-43,84,-45,22,-46,-39,45,36,-75,115,-76,-110,-13,99,43,-42,-34,-42,10,52
232,0,68,114,114,114,-26,-26,-26,-86,115,-66,107,45,23,82,-37,0,42,53,107,-35,-41,66,4,-97,16,75,43,-98,106,-57,-59,-27,76,-88,-123,42,72,-73,23,-38,-51,23,-38,-106,-43,84,-45,22,-46,-39,45,36,-75,115,-76,-110,-13,99,43,-42,-34,-42,10,52
233,0,68,114,114,114,-26,-26,-26,-86,115,-66,107,45,23,82,-37,0,42,53,107,-35,-41,66,4,-97,16,75,43,-98,106,-57,-59,-27,76,-88,-123,42,72,-73,23,-38,-51,23,-38,-106,-43,84,-45,22,-46,-39,45,36,-75,115,-76,-110,-13,99,43,-42,-34,-42,10,52
234,0,13,13,37,37,37,32,32,32,127,115,-66,107,45,23,82,-37,0,42,53,107,-35,-41,66,4,-97,16,75,43,-98,106,-57,-59,104,40,-96,-65,116,70,11,-72,93,65,96,-6,-76,63,10,-83,87,-12,85,14,105,-22,-108,-58,44,86,-69,69,-83,-3,77,57
235,0,13,13,37,37,37,32,32,32,127,115,-66,107,45,23,82,-37,0,42,53,107,-35,-41,66,4,-97,16,75,43,-98,106,-57,-59,104,40,-96,-65,116,70,11,-72,93,65,96,-6,-76,63,10,-83,87,-12,85,14,105,-22,-108,-58,44,86,-69,69,-83,-3,77,57
236,0,13,13,37,37,37,32,32,32,127,115,-66,107,45,23,82,-37,0,42,53,107,-35,-41,66,4,-97,16,75,43,-98,106,-57,-59,104,40,-96,-65,116,70,11,-72,93,65,96,-6,-76,63,10,-83,87,-12,85,14,105,-22,-108,-58,44,86,-69,69,-83,-3,77,57
237,0,25,25,25,-96,-96,-96,-48,-48,61,127,115,-66,107,45,23,82,-37,0,42,53,107,-35,-41,66,4,-97,16,75,43,-98,106,-57,60,50,-68,104,-4,-83,110,-55,123,86,104,58,-122,-111,-86,65,19,-1,-7,-94,20,112,-13,-11,-85,124,87,-103,4,-118,127,-85
238,0,25,25,25,-96,-96,-96,-48,-48,61,127,115,-66,107,45,23,82,-37,0,42,53,107,-35,-41,66,4,-97,16,75,43,-98,106,-57,60,50,-68,104,-4,-83,110,-55,123,86,104,58,-122,-111,-86,65,19,-1,-7,-94,20,112,-13,-11,-85,124,87,-103,4,-118,127,-85
239,0,25,25,25,-96,-96,-96,-48,-48,61,127,115,-66,107,45,23,82,-37,0,42,53,107,-35,-41,66,4,-97,16,75,43,-98,106,-57,60,50,-68,104,-4,-83,110,-55,123,86,104,58,-122,-111,-86,65,19,-1,-7,-94,20,112,-13,-11,-85,124,87,-103,4,-118,127,-85
240,0,11,65,65,65,-101,-101,-101,24,-2,61,127,115,-66,107,45,23,82,-37,0,42,53,107,-35,-41,66,4,-97,16,75,43,-98,106,-43,-24,76,-28,-11,-98,-28,25,-12,126,68,0,-54,-93,-27,-1,126,84,-119,44,42,23,-33,-52,-117,93,11,100,-79,54,4,-54
241,0,11,65,65,65,-101,-101,-101,24,-2,61,127,115,-66,107,45,23,82,-37,0,42,53,107,-35,-41,66,4,-97,16,75,43,-98,106,-43,-24,76,-28,-11,-98,-28,25,-12,126,68,0,-54,-93,-27,-1,126,84,-119,44,42,23,-33,-52,-117,93,11,100,-79,54,4,-54
242,0,11,65,65,65,-101,-101,-101,24,-2,61,127,115,-66,107,45,23,82,-37,0,42,53,107,-35,-41,66,4,-97,16,75,43,-98,106,-43,-24,76,-28,-11,-98,-28,25,-12,126,68,0,-54,-93,-27,-1,126,84,-119,44,42,23,-33,-52,-117,93,11,100,-79,54,4,-54
243,0,76,76,-16,-16,-16,68,68,68,37,-2,61,127,115,-66,107,45,23,82,-37,0,42,53,107,-35,-41,66,4,-97,16,75,43,-98,125,-38,88,83,-73,-114,22,-54,-26,50,24,-100,-73,-87,3,10,31,-11,-90,-111,124,-67,60,-64,110,86,105,-99,-46,126,64,118
244,0,76,76,-16,-16,-16,68,68,68,37,-2,61,127,115,-66,107,45,23,82,-37,0,42,53,107,-35,-41,66,4,-97,16,75,43,-98,125,-38,88,83,-73,-114,22,-54,-26,50,24,-100,-73,-87,3,10,31,-11,-90,-111,124,-67,60,-64,110,86,105,-99,-46,126,64,118
245,0,76,76,-16,-16,-16,68,68,68,37,-2,61,127,115,-66,107,45,23,82,-37,0,42,53,107,-35,-41,66,4,-97,16,75,43,-98,125,-38,88,83,-73,-114,22,-54,-26,50,24,-100,-73,-87,3,10,31,-11,-90,-111,124,-67,60,-64,110,86,105,-99,-46,126,64,118
246,0,46,46,46,13,13,13,-114,-114,-18,37,-2,61,127,115,-66,107,45,23,82,-37,0,42,53,107,-35,-41,66,4,-97,16,75,43,-124,109,-121,-91,-29,31,99,94,72,36,-5,68,-113,-107,14,-31,64,-101,102,36,-5,-23,-102,-5,110,-122,-57,113,-122,67,-13,6
247,0,46,46,46,13,13,13,-114,-114,-18,37,-2,61,127,115,-66,107,45,23,82,-37,0,42,53,107,-35,-41,66,4,-97,16,75,43,-124,109,-121,-91,-29,31,99,94,72,36,-5,68,-113,-107,14,-31,64,-101,102,36,-5,-23,-102,-5,110,-122,-57,113,-122,67,-13,6
248,0,46,46,46,13,13,13,-114,-114,-18,37,-2,61,127,115,-66,107,45,23,82,-37,0,42,53,107,-35,-41,66,4,-97,16,75,43,-124,109,-121,-91,-29,31,99,94,72,36,-5,68,-113,-107,14,-31,64,-101,102,36,-5,-23,-102,-5,110,-122,-57,113,-122,67,-13,6
249,0,-5,65,65,65,97,97,97,88,-126,-18,37,-2,61,127,115,-66,107,45,23,82,-37,0,42,53,107,-35,-41,66,4,-97,16,75,-126,-49,-44,121,62,48,-59,76,48,83,79,110,-13,-105,-55,47,89,-113,56,-121,-87,0,-33,91,0,80,118,98,-58,-48,43,-119
250,0,-5,65,65,65,97,97,97,88,-126,-18,37,-2,61,127,115,-66,107,45,23,82,-37,0,42,53,107,-35,-41,66,4,-97,16,75,-126,-49,-44,121,62,48,-59,76,48,83,79,110,-13,-105,-55,47,89,-113,56,-121,-87,0,-33,91,0,80,118,98,-58,-48,43,-119
251,0,-5,65,65,65,97,97,97,88,-126,-18,37,-2,61,127,115,-66,107,45,23,82,-37,0,42,53,107,-35,-41,66,4,-97,16,75,-126,-49,-44,121,62,48,-59,76,48,83,79,110,-13,-105,-55,47,89,-113,56,-121,-87,0,-33,91,0,80,118,98,-58,-48,43,-119
252,0,-85,-85,-22,-22,-22,52,52,52,-2,-126,-18,37,-2,61,127,115,-66,107,45,23,82,-37,0,42,53,107,-35,-41,66,4,-97,16,-41,51,55,-87,116,-109,122,-100,-117,-19,-99,-95,87,74,-59,24,26,-17,103,-69,-32,93,45,-40,54,-105,114,59,31,58,-20,-104
253,0,-85,-85,-22,-22,-22,52,52,52,-2,-126,-18,37,-2,61,127,115,-66,107,45,23,82,-37,0,42,53,107,-35,-41,66,4,-97,16,-41,51,55,-87,116,-109,122,-100,-117,-19,-99,-95,87,74,-59,24,26,-17,103,-69,-32,93,45,-40,54,-105,114,59,31,58,-20,-104
254,0,-85,-85,-22,-22,-22,52,52,52,-2,-126,-18,37,-2,61,127,115,-66,107,45,23,82,-37,0,42,53,107,-35,-41,66,4,-97,16,-41,51,55,-87,116,-109,122,-100,-117,-19,-99,-95,87,74,-59,24,26,-17,103,-69,-32,93,45,-40,54,-105,114,59,31,58,-20,-104
255,0,34,34,34,-90,-90,-90,66,66,68,-2,-126,-18,37,-2,61,127,115,-66,107,45,23,82,-37,0,42,53,107,-35,-41,66,4,-97,-76,67,-102,61,-51,3,-72,-11,-71,-72,-53,96,-93,-22,73,-29,81,-65,86,-72,-17,87,36,93,58,102,-52,112,62,75,-67,73
256,0,34,34,34,-90,-90,-90,66,66,68,-2,-126,-18,37,-2,61,127,115,-66,107,45,23,82,-37,0,42,53,107,-35,-41,66,4,-97,-76,67,-102,61,-51,3,-72,-11,-71,-72,-53,96,-93,-22,73,-29,81,-65,86,-72,-17,87,36,93,58,102,-52,112,62,75,-67,73
257,0,34,34,34,-90,-90,-90,66,66,68,-2,-126,-18,37,-2,61,127,115,-66,107,45,23,82,-37,0,42,53,107,-35,-41,66,4,-97,-76,67,-102,61,-51,3,-72,-11,-71,-72,-53,96,-93,-22,73,-29,81,-65,86,-72,-17,87,36,93,58,102,-52,112,62,75,-67,73
258,0,82,-120,-120,-120,-90,-90,-90,121,13,68,-2,-126,-18,37,-2,61,127,115,-66,107,45,23,82,-37,0,42,53,107,-35,-41,66,4,-47,107,-57,86,101,118,116,-5,-13,30,16,-82,94,47,-123,23,119,38,64,-111,74,-47,102,-123,-10,91,34,-83,-66,-86,102,-90
259,0,82,-120,-120,-120,-90,-90,-90,121,13,68,-2,-126,-18,37,-2,61,127,115,-66,107,45,23,82,-37,0,42,53,107,-35,-41,66,4,-47,107,-57,86,101,118,116,-5,-13,30,16,-82,94,47,-123,23,119,38,64,-111,74,-47,102,-123,-10,91,34,-83,-66,-86,102,-90
260,0,82,-120,-120,-120,-90,-90,-90,121,13,68,-2,-126,-18,37,-2,61,127,115,-66,107,45,23,82,-37,0,42,53,107,-35,-41,66,4,-47,107,-57,86,101,118,116,-5,-13,30,16,-82,94,47,-123,23,119,38,64,-111,74,-47,102,-123,-10,91,34,-83,-66,-86,102,-90
261,0,-11,-11,28,28,28,127,127,127,25,13,68,-2,-126,-18,37,-2,61,127,115,-66,107,45,23,82,-37,0,42,53,107,-35,-41,66,-125,-38,57,-106,84,-35,123,48,-15,-14,-114,10,81,-65,-32,-37,98,102,-73,-41,48,-48,20,82,56,-46,-54,-9,-54,111,-82,-92
262,0,-11,-11,28,28,28,127,127,127,25,13,68,-2,-126,-18,37,-2,61,127,115,-66,107,45,23,82,-37,0,42,53,107,-35,-41,66,-125,-38,57,-106,84,-35,123,48,-15,-14,-114,10,81,-65,-32,-37,98,102,-73,-41,48,-48,20,82,56,-46,-54,-9,-54,111,-82,-92
263,0,-11,-11,28,28,28,127,127,127,25,13,68,-2,-126,-18,37,-2,61,127,115,-66,107,45,23,82,-37,0,42,53,107,-35,-41,66,-125,-38,57,-106,84,-35,123,48,-15,-14,-114,10,81,-65,-32,-37,98,102,-73,-41,48,-48,20,82,56,-46,-54,-9,-54,111,-82,-92
264,0,89,89,89,-65,-65,-65,-94,-94,11,25,13,68,-2,-126,-18,37,-2,61,127,115,-66,107,45,23,82,-37,0,42,53,107,-35,-41,80,67,21,14,24,106,-65,97,-17,-58,113,79,16,-104,13,33,79,-15,32,-30,-36,12,-61,-53,3,0,-64,-96,4,-108,-70,-93
265,0,89,89,89,-65,-65,-65,-94,-94,11,25,13,68,-2,-126,-18,37,-2,61,127,115,-66,107,45,23,82,-37,0,42,53,107,-35,-41,80,67,21,14,24,106,-65,97,-17,-58,113,79,16,-104,13,33,79,-15,32,-30,-36,12,-61,-53,3,0,-64,-96,4,-108,-70,-93
266,0,89,89,89,-65,-65,-65,-94,-94,11,25,13,68,-2,-126,-18,37,-2,61,127,115,-66,107,45,23,82,-37,0,42,53,107,-35,-41,80,67,21,14,24,106,-65,97,-17,-58,113,79,16,-104,13,33,79,-15,32,-30,-36,12,-61,-53,3,0,-64,-96,4,-108,-70,-93
267,0,104,17,17,17,-122,-122,-122,34,76,11,25,13,68,-2,-126,-18,37,-2,61,127,115,-66,107,45,23,82,-37,0,42,53,107,-35,-88,73,-14,106,-5,-36,-88,95,49,-65,-47,-20,-24,44,-91,4,-83,91,127,59,-82,-101,59,-17,2,63,56,-29,-113,22,45,-39
268,0,104,17,17,17,-122,-122,-122,34,76,11,25,13,68,-2,-126,-18,37,-2,61,127,115,-66,107,45,23,82,-37,0,42,53,107,-35,-88,73,-14,106,-5,-36,-88,95,49,-65,-47,-20,-24,44,-91,4,-83,91,127,59,-82,-101,59,-17,2,63,56,-29,-113,22,45,-39
269,0,104,17,17,17,-122,-122,-122,34,76,11,25,13,68,-2,-126,-18,37,-2,61,127,115,-66,107,45,23,82,-37,0,42,53,107,-35,-88,73,-14,106,-5,-36,-88,95,49,-65,-47,-20,-24,44,-91,4,-83,91,127,59,-82,-101,59,-17,2,63,56,-29,-113,22,45,-39
270,0,11,11,-65,-65,-65,-8,-8,-8,46,76,11,25,13,68,-2,-126,-18,37,-2,61,127,115,-66,107,45,23,82,-37,0,42,53,107,-32,60,-18,-90,7,-23,31,62,-3,-126,93,-47,112,-40,-39,69,62,-50,5,104,47,-6,111,113,87,12,-58,-19,-83,55,-83,76
271,0,11,11,-65,-65,-65,-8,-8,-8,46,76,11,25,13,68,-2,-126,-18,37,-2,61,127,115,-66,107,45,23,82,-37,0,42,53,107,-32,60,-18,-90,7,-23,31,62,-3,-126,93,-47,112,-40,-39,69,62,-50,5,104,47,-6,111,113,87,12,-58,-19,-83,55,-83,76
272,0,11,11,-65,-65,-65,-8,-8,-8,46,76,11,25,13,68,-2,-126,-18,37,-2,61,127,115,-66,107,45,23,82,-37,0,42,53,107,-32,60,-18,-90,7,-23,31,62,-3,-126,93,-47,112,-40,-39,69,62,-50,5,104,47,-6,111,113,87,12,-58,-19,-83,55,-83,76
273,0,127,127,127,109,109,109,125,125,-5,46,76,11,25,13,68,-2,-126,-18,37,-2,61,127,115,-66,107,45,23,82,-37,0,42,53,88,-127,55,121,65,-65,109,-53,106,113,-121,59,98,-58,127,64,-37,50,-35,-32,10,-32,84,-82,93,-22,-57,54,126,-14,101,36
274,0,127,127,127,109,109,109,125,125,-5,46,76,11,25,13,68,-2,-126,-18,37,-2,61,127,115,-66,107,45,23,82,-37,0,42,53,88,-127,55,121,65,-65,109,-53,106,113,-121,59,98,-58,127,64,-37,50,-35,-32,10,-32,84,-82,93,-22,-57,54,126,-14,101,36
275,0,127,127,127,109,109,109,125,125,-5,46,76,11,25,13,68,-2,-126,-18,37,-2,61,127,115,-66,107,45,23,82,-37,0,42,53,88,-127,55,121,65,-65,109,-53,106,113,-121,59,98,-58,127,64,-37,50,-35,-32,10,-32,84,-82,93,-22,-57,54,126,-14,101,36
276,0,-71,-17,-17,-17,-20,-20,-20,-93,-85,-5,46,76,11,25,13,68,-2,-126,-18,37,-2,61,127,115,-66,107,45,23,82,-37,0,42,55,-110,-124,57,71,66,62,108,-120,17,97,-114,123,28,66,73,125,-81,-91,-6,-79,-65,14,44,-72,87,-39,-52,-94,-119,74,124
277,0,-71,-17,-17,-17,-20,-20,-20,-93,-85,-5,46,76,11,25,13,68,-2,-126,-18,37,-2,61,127,115,-66,107,45,23,82,-37,0,42,55,-110,-124,57,71,66,62,108,-120,17,97,-114,123,28,66,73,125,-81,-91,-6,-79,-65,14,44,-72,87,-39,-52,-94,-119,74,124
278,0,-71,-17,-17,-17,-20,-20,-20,-93,-85,-5,46,76,11,25,13,68,-2,-126,-18,37,-2,61,127,115,-66,107,45,23,82,-37,0,42,55,-110,-124,57,71,66,62,108,-120,17,97,-114,123,28,66,73,125,-81,-91,-6,-79,-65,14,44,-72,87,-39,-52,-94,-119,74,124
279,0,86,86,-14,-14,-14,-80,-80,-80,34,-85,-5,46,76,11,25,13,68,-2,-126,-18,37,-2,61,127,115,-66,107,45,23,82,-37,0,-25,59,-73,-106,-114,-57,78,-117,22,35,37,-94,59,126,-50,-54,-69,39,-123,95,-78,95,58,12,-55,-31,-90,-125,100,-91,101,85
280,0,86,86,-14,-14,-14,-80,-80,-80,34,-85,-5,46,76,11,25,13,68,-2,-126,-18,37,-2,61,127,115,-66,107,45,23,82,-37,0,-25,59,-73,-106,-114,-57,78,-117,22,35,37,-94,59,126,-50,-54,-69,39,-123,95,-78,95,58,12,-55,-31,-90,-125,100,-91,101,85
281,0,86,86,-14,-14,-14,-80,-80,-80,34,-85,-5,46,76,11,25,13,68,-2,-126,-18,37,-2,61,127,115,-66,107,45,23,82,-37,0,-25,59,-73,-106,-114,-57,78,-117,22,35,37,-94,59,126,-50,-54,-69,39,-123,95,-78,95,58,12,-55,-31,-90,-125,100,-91,101,85
282,0,26,26,26,48,48,48,65,65,82,34,-85,-5,46,76,11,25,13,68,-2,-126,-18,37,-2,61,127,115,-66,107,45,23,82,-37,24,-64,-31,12,114,-12,-3,-27,55,99,12,-8,-34,-110,-111,-16,-68,53,101,-115,-111,-67,-42,33,13,-99,70,-39,23,25,121,1
283,0,26,26,26,48,48,48,65,65,82,34,-85,-5,46,76,11,25,13,68,-2,-126,-18,37,-2,61,127,115,-66,107,45,23,82,-37,24,-64,-31,12,114,-12,-3,-27,55,99,12,-8,-34,-110,-111,-16,-68,53,101,-115,-111,-67,-42,33,13,-99,70,-39,23,25,121,1
284,0,26,26,26,48,48,48,65,65,82,34,-85,-5,46,76,11,25,13,68,-2,-126,-18,37,-2,61,127,115,-66,107,45,23,82,-37,24,-64,-31,12,114,-12,-3,-27,55,99,12,-8,-34,-110,-111,-16,-68,53,101,-115,-111,-67,-42,33,13,-99,70,-39,23,25,121,1
285,0,24,-72,-72,-72,-38,-38,-38,-102,-11,82,34,-85,-5,46,76,11,25,13,68,-2,-126,-18,37,-2,61,127,115,-66,107,45,23,82,-106,-58,-26,48,-33,23,110,61,-97,111,-37,16,107,-97,-50,-77,-45,73,53,60,0,82,-26,-44,43,109,25,109,123,25,-114,-3
286,0,24,-72,-72,-72,-38,-38,-38,-102,-11,82,34,-85,-5,46,76,11,25,13,68,-2,-126,-18,37,-2,61,127,115,-66,107,45,23,82,-106,-58,-26,48,-33,23,110,61,-97,111,-37,16,107,-97,-50,-77,-45,73,53,60,0,82,-26,-44,43,109,25,109,123,25,-114,-3
287,0,24,-72,-72,-72,-38,-38,-38,-102,-11,82,34,-85,-5,46,76,11,25,13,68,-2,-126,-18,37,-2,61,127,115,-66,107,45,23,82,-106,-58,-26,48,-33,23,110,61,-97,111,-37,16,107,-97,-50,-77,-45,73,53,60,0,82,-26,-44,43,109,25,109,123,25,-114,-3
288,0,66,66,-36,-36,-36,16,16,16,89,-11,82,34,-85,-5,46,76,11,25,13,68,-2,-126,-18,37,-2,61,127,115,-66,107,45,23,103,34,65,-71,-40,-36,81,-80,89,59,-5,-72,33,-42,2,-80,-98,101,51,52,-110,-123,-59,101,18,9,-70,-103,-80,102,-23,16
289,0,66,66,-36,-36,-36,16,16,16,89,-11,82,34,-85,-5,46,76,11,25,13,68,-2,-126,-18,37,-2,61,127,115,-66,107,45,23,103,34,65,-71,-40,-36,81,-80,89,59,-5,-72,33,-42,2,-80,-98,101,51,52,-110,-123,-59,101,18,9,-70,-103,-80,102,-23,16
290,0,66,66,-36,-36,-36,16,16,16,89,-11,82,34,-85,-5,46,76,11,25,13,68,-2,-126,-18,37,-2,61,127,115,-66,107,45,23,103,34,65,-71,-40,-36,81,-80,89,59,-5,-72,33,-42,2,-80,-98,101,51,52,-110,-123,-59,101,18,9,-70,-103,-80,102,-23,16
291,0,-80,-80,-80,64,64,64,-115,-115,104,89,-11,82,34,-85,-5,46,76,11,25,13,68,-2,-126,-18,37,-2,61,127,115,-66,107,45,-8,-24,-46,-50,-78,-59,-44,-114,103,12,-70,22,122,33,-24,-47,-49,21,0,-76,38,-124,-25,86,-82,96,82,-90,-66,110,126,108
292,0,-80,-80,-80,64,64,64,-115,-115,104,89,-11,82,34,-85,-5,46,76,11,25,13,68,-2,-126,-18,37,-2,61,127,115,-66,107,45,-8,-24,-46,-50,-78,-59,-44,-114,103,12,-70,22,122,33,-24,-47,-49,21,0,-76,38,-124,-25,86,-82,96,82,-90,-66,110,126,108
293,0,-80,-80,-80,64,64,64,-115,-115,104,89,-11,82,34,-85,-5,46,76,11,25,13,68,-2,-126,-18,37,-2,61,127,115,-66,107,45,-8,-24,-46,-50,-78,-59,-44,-114,103,12,-70,22,122,33,-24,-47,-49,21,0,-76,38,-124,-25,86,-82,96,82,-90,-66,110,126,108
294,0,-54,10,10,10,-68,-68,-68,-118,11,104,89,-11,82,34,-85,-5,46,76,11,25,13,68,-2,-126,-18,37,-2,61,127,115,-66,107,-74,-32,115,118,8,43,-127,96,105,-41,114,82,-7,-102,111,94,92,35,-28,48,-42,-5,-99,81,-63,50,10,51,84,-67,-88,-112
295,0,-54,10,10,10,-68,-68,-68,-118,11,104,89,-11,82,34,-85,-5,46,76,11,25,13,68,-2,-126,-18,37,-2,61,127,115,-66,107,-74,-32,115,118,8,43,-127,96,105,-41,114,82,-7,-102,111,94,92,35,-28,48,-42,-5,-99,81,-63,50,10,51,84,-67,-88,-112
296,0,-54,10,10,10,-68,-68,-68,-118,11,104,89,-11,82,34,-85,-5,46,76,11,25,13,68,-2,-126,-18,37,-2,61,127,115,-66,107,-74,-32,115,118,8,43,-127,96,105,-41,114,82,-7,-102,111,94,92,35,-28,48,-42,-5,-99,81,-63,50,10,51,84,-67,-88,-112
297,0,-25,-25,44,44,44,-60,-60,-60,127,11,104,89,-11,82,34,-85,-5,46,76,11,25,13,68,-2,-126,-18,37,-2,61,127,115,-66,-77,121,99,-115,42,121,15,-77,-87,-108,64,-64,49,122,94,119,45,4,50,37,58,-81,-87,107,79,52,-106,88,117,103,-13,-12
298,0,-25,-25,44,44,44,-60,-60,-60,127,11,104,89,-11,82,34,-85,-5,46,76,11,25,13,68,-2,-126,-18,37,-2,61,127,115,-66,-77,121,99,-115,42,121,15,-77,-87,-108,64,-64,49,122,94,119,45,4,50,37,58,-81,-87,107,79,52,-106,88,117,103,-13,-12
299,0,-25,-25,44,44,44,-60,-60,-60,127,11,104,89,-11,82,34,-85,-5,46,76,11,25,13,68,-2,-126,-18,37,-2,61,127,115,-66,-77,121,99,-115,42,121,15,-77,-87,-108,64,-64,49,122,94,119,45,4,50,37,58,-81,-87,107,79,52,-106,88,117,103,-13,-12
300,0,-20,-20,-20,10,10,10,64,64,-71,127,11,104,89,-11,82,34,-85,-5,46,76,11,25,13,68,-2,-126,-18,37,-2,61,127,115,-8,50,29,-11,-88,83,47,118,121,73,23,-122,110,86,-91,58,51,-48,-26,-95,-29,-103,57,-127,-79,-16,-51,71,-3,-113,67,89
301,0,-20,-20,-20,10,10,10,64,64,-71,127,11,104,89,-11,82,34,-85,-5,46,76,11,25,13,68,-2,-126,-18,37,-2,61,127,115,-8,50,29,-11,-88,83,47,118,121,73,23,-122,110,86,-91,58,51,-48,-26,-95,-29,-103,57,-127,-79,-16,-51,71,-3,-113,67,89
302,0,-20,-20,-20,10,10,10,64,64,-71,127,11,104,89,-11,82,34,-85,-5,46,76,11,25,13,68,-2,-126,-18,37,-2,61,127,115,-8,50,29,-11,-88,83,47,118,121,73,23,-122,110,86,-91,58,51,-48,-26,-95,-29,-103,57,-127,-79,-16,-51,71,-3,-113,67,89
303,0,55,-114,-114,-114,-74,-74,-74,-86,86,-71,127,11,104,89,-11,82,34,-85,-5,46,76,11,25,13,68,-2,-126,-18,37,-2,61,127,6,19,91,-70,32,-77,39,-20,-47,-77,24,31,-27,-60,44,2,116,21,-14,122,79,-70,40,-81,-118,106,63,86,27,4,41,-87
304,0,55,-114,-114,-114,-74,-74,-74,-86,86,-71,127,11,104,89,-11,82,34,-85,-5,46,76,11,25,13,68,-2,-126,-18,37,-2,61,127,6,19,91,-70,32,-77,39,-20,-47,-77,24,31,-27,-60,44,2,116,21,-14,122,79,-70,40,-81,-118,106,63,86,27,4,41,-87
305,0,55,-114,-114,-114,-74,-74,-74,-86,86,-71,127,11,104,89,-11,82,34,-85,-5,46,76,11,25,13,68,-2,-126,-18,37,-2,61,127,6,19,91,-70,32,-77,39,-20,-47,-77,24,31,-27,-60,44,2,116,21,-14,122,79,-70,40,-81,-118,106,63,86,27,4,41,-87
306,0,76,76,50,50,50,70,70,70,26,86,-71,127,11,104,89,-11,82,34,-85,-5,46,76,11,25,13,68,-2,-126,-18,37,-2,61,-116,32,92,126,-20,-67,41,75,81,-88,-53,58,-79,54,51,20,116,87,78,119,66,-49,67,63,-91,109,-34,-99,-36,-63,126,-119
307,0,76,76,50,50,50,70,70,70,26,86,-71,127,11,104,89,-11,82,34,-85,-5,46,76,11,25,13,68,-2,-126,-18,37,-2,61,-116,32,92,126,-20,-67,41,75,81,-88,-53,58,-79,54,51,20,116,87,78,119,66,-49,67,63,-91,109,-34,-99,-36,-63,126,-119
308,0,76,76,50,50,50,70,70,70,26,86,-71,127,11,104,89,-11,82,34,-85,-5,46,76,11,25,13,68,-2,-126,-18,37,-2,61,-116,32,92,126,-20,-67,41,75,81,-88,-53,58,-79,54,51,20,116,87,78,119,66,-49,67,63,-91,109,-34,-99,-36,-63,126,-119
309,0,41,41,41,72,72,72,-16,-16,24,26,86,-71,127,11,104,89,-11,82,34,-85,-5,46,76,11,25,13,68,-2,-126,-18,37,-2,-42,21,38,52,-109,13,0,15,97,65,-55,4,119,41,95,95,-53,-9,45,34,64,-28,122,45,12,-68,115,-100,118,-36,111,-52
310,0,41,41,41,72,72,72,-16,-16,24,26,86,-71,127,11,104,89,-11,82,34,-85,-5,46,76,11,25,13,68,-2,-126,-18,37,-2,-42,21,38,52,-109,13,0,15,97,65,-55,4,119,41,95,95,-53,-9,45,34,64,-28,122,45,12,-68,115,-100,118,-36,111,-52
311,0,41,41,41,72,72,72,-16,-16,24,26,86,-71,127,11,104,89,-11,82,34,-85,-5,46,76,11,25,13,68,-2,-126,-18,37,-2,-42,21,38,52,-109,13,0,15,97,65,-55,4,119,41,95,95,-53,-9,45,34,64,-28,122,45,12,-68,115,-100,118,-36,111,-52
312,0,-108,-21,-21,-21,-77,-77,-77,-21,66,24,26,86,-71,127,11,104,89,-11,82,34,-85,-5,46,76,11,25,13,68,-2,-126,-18,37,-9,111,-102,90,55,103,-68,-50,-42,95,80,10,61,-61,-76,102,-86,-49,33,-55,46,-17,-73,11,38,77,54,95,58,26,100,-111
313,0,-108,-21,-21,-21,-77,-77,-77,-21,66,24,26,86,-71,127,11,104,89,-11,82,34,-85,-5,46,76,11,25,13,68,-2,-126,-18,37,-9,111,-102,90,55,103,-68,-50,-42,95,80,10,61,-61,-76,102,-86,-49,33,-55,46,-17,-73,11,38,77,54,95,58,26,100,-111
314,0,-108,-21,-21,-21,-77,-77,-77,-21,66,24,26,86,-71,127,11,104,89,-11,82,34,-85,-5,46,76,11,25,13,68,-2,-126,-18,37,-9,111,-102,90,55,103,-68,-50,-42,95,80,10,61,-61,-76,102,-86,-49,33,-55,46,-17,-73,11,38,77,54,95,58,26,100,-111
315,0,51,51,52,52,52,34,34,34,-80,66,24,26,86,-71,127,11,104,89,-11,82,34,-85,-5,46,76,11,25,13,68,-2,-126,-18,-33,-93,-84,-79,47,50,112,109,85,-46,-67,-120,3,121,-88,69,68,72,-4,109,82,72,-90,-40,64,54,44,12,-111,-98,-36,60
316,0,51,51,52,52,52,34,34,34,-80,66,24,26,86,-71,127,11,104,89,-11,82,34,-85,-5,46,76,11,25,13,68,-2,-126,-18,-33,-93,-84,-79,47,50,112,109,85,-46,-67,-120,3,121,-88,69,68,72,-4,109,82,72,-90,-40,64,54,44,12,-111,-98,-36,60
317,0,51,51,52,52,52,34,34,34,-80,66,24,26,86,-71,127,11,104,89,-11,82,34,-85,-5,46,76,11,25,13,68,-2,-126,-18,-33,-93,-84,-79,47,50,112,109,85,-46,-67,-120,3,121,-88,69,68,72,-4,109,82,72,-90,-40,64,54,44,12,-111,-98,-36,60
318,0,89,89,89,102,102,102,-31,-31,-54,-80,66,24,26,86,-71,127,11,104,89,-11,82,34,-85,-5,46,76,11,25,13,68,-2,-126,-77,-66,-8,-33,106,-41,-77,-43,-41,100,21,-88,9,43,-53,49,83,19,-66,67,-39,-123,8,-31,-124,32,-105,-50,42,9,-89,-47
319,0,89,89,89,102,102,102,-31,-31,-54,-80,66,24,26,86,-71,127,11,104,89,-11,82,34,-85,-5,46,76,11,25,13,68,-2,-126,-77,-66,-8,-33,106,-41,-77,-43,-41,100,21,-88,9,43,-53,49,83,19,-66,67,-39,-123,8,-31,-124,32,-105,-50,42,9,-89,-47
320,0,89,89,89,102,102,102,-31,-31,-54,-80,66,24,26,86,-71,127,11,104,89,-11,82,34,-85,-5,46,76,11,25,13,68,-2,-126,-77,-66,-8,-33,106,-41,-77,-43,-41,100,21,-88,9,43,-53,49,83,19,-66,67,-39,-123,8,-31,-124,32,-105,-50,42,9,-89,-47
321,0,19,-52,-52,-52,-97,-97,-97,38,-25,-54,-80,66,24,26,86,-71,127,11,104,89,-11,82,34,-85,-5,46,76,11,25,13,68,-2,-89,-41,-69,-116,-62,-117,38,-89,69,-59,97,-126,124,-67,67,-99,-84,-100,55,-9,-38,89,115,-50,90,-121,-68,-116,47,30,18,25
322,0,19,-52,-52,-52,-97,-97,-97,38,-25,-54,-80,66,24,26,86,-71,127,11,104,89,-11,82,34,-85,-5,46,76,11,25,13,68,-2,-89,-41,-69,-116,-62,-117,38,-89,69,-59,97,-126,124,-67,67,-99,-84,-100,55,-9,-38,89,115,-50,90,-121,-68,-116,47,30,18,25
323,0,19,-52,-52,-52,-97,-97,-97,38,-25,-54,-80,66,24,26,86,-71,127,11,104,89,-11,82,34,-85,-5,46,76,11,25,13,68,-2,-89,-41,-69,-116,-62,-117,38,-89,69,-59,97,-126,124,-67,67,-99,-84,-100,55,-9,-38,89,115,-50,90,-121,-68,-116,47,30,18,25
324,0,-63,-63,-71,-71,-71,2,2,2,-20,-25,-54,-80,66,24,26,86,-71,127,11,104,89,-11,82,34,-85,-5,46,76,11,25,13,68,-108,-42,117,-42,125,50,18,-21,10,-98,-117,-2,9,50,-73,96,87,39,4,-73,-56,-57,43,32,91,-65,-53,-54,11,31,-73,76
325,0,-63,-63,-71,-71,-71,2,2,2,-20,-25,-54,-80,66,24,26,86,-71,127,11,104,89,-11,82,34,-85,-5,46,76,11,25,13,68,-108,-42,117,-42,125,50,18,-21,10,-98,-117,-2,9,50,-73,96,87,39,4,-73,-56,-57,43,32,91,-65,-53,-54,11,31,-73,76
326,0,-63,-63,-71,-71,-71,2,2,2,-20,-25,-54,-80,66,24,26,86,-71,127,11,104,89,-11,82,34,-85,-5,46,76,11,25,13,68,-108,-42,117,-42,125,50,18,-21,10,-98,-117,-2,9,50,-73,96,87,39,4,-73,-56,-57,43,32,91,-65,-53,-54,11,31,-73,76
327,0,-121,-121,-121,-116,-116,-116,125,125,55,-20,-25,-54,-80,66,24,26,86,-71,127,11,104,89,-11,82,34,-85,-5,46,76,11,25,13,-23,-37,-76,112,79,22,-20,11,108,48,49,33,-21,-1,-19,42,-40,87,-73,106,-84,-22,61,105,-11,31,-94,-104,112,-121,-77,126
328,0,-121,-121,-121,-116,-116,-116,125,125,55,-20,-25,-54,-80,66,24,26,86,-71,127,11,104,89,-11,82,34,-85,-5,46,76,11,25,13,-23,-37,-76,112,79,22,-20,11,108,48,49,33,-21,-1,-19,42,-40,87,-73,106,-84,-22,61,105,-11,31,-94,-104,112,-121,-77,126
329,0,-121,-121,-121,-116,-116,-116,125,125,55,-20,-25,-54,-80,66,24,26,86,-71,127,11,104,89,-11,82,34,-85,-5,46,76,11,25,13,-23,-37,-76,112,79,22,-20,11,108,48,49,33,-21,-1,-19,42,-40,87,-73,106,-84,-22,61,105,-11,31,-94,-104,112,-121,-77,126
330,0,89,37,37,37,60,60,60,43,76,55,-20,-25,-54,-80,66,24,26,86,-71,127,11,104,89,-11,82,34,-85,-5,46,76,11,25,40,-113,-113,15,77,28,-110,74,-24,118,-100,52,17,-24,55,37,22,77,124,-16,-111,-68,-119,-13,-21,2,46,97,46,-65,-41,-112
331,0,89,37,37,37,60,60,60,43,76,55,-20,-25,-54,-80,66,24,26,86,-71,127,11,104,89,-11,82,34,-85,-5,46,76,11,25,40,-113,-113,15,77,28,-110,74,-24,118,-100,52,17,-24,55,37,22,77,124,-16,-111,-68,-119,-13,-21,2,46,97,46,-65,-41,-112
332,0,89,37,37,37,60,60,60,43,76,55,-20,-25,-54,-80,66,24,26,86,-71,127,11,104,89,-11,82,34,-85,-5,46,76,11,25,40,-113,-113,15,77,28,-110,74,-24,118,-100,52,17,-24,55,37,22,77,124,-16,-111,-68,-119,-13,-21,2,46,97,46,-65,-41,-112
333,0,46,46,93,93,93,-81,-81,-81,41,76,55,-20,-25,-54,-80,66,24,26,86,-71,127,11,104,89,-11,82,34,-85,-5,46,76,11,-10,-80,-22,-89,89,106,1,80,-109,125,-47,-60,3,72,-46,-113,-103,47,-70,8,-122,-61,117,-60,105,-127,-123,94,-104,-94,-40,-7
334,0,46,46,93,93,93,-81,-81,-81,41,76,55,-20,-25,-54,-80,66,24,26,86,-71,127,11,104,89,-11,82,34,-85,-5,46,76,11,-10,-80,-22,-89,89,106,1,80,-109,125,-47,-60,3,72,-46,-113,-103,47,-70,8,-122,-61,117,-60,105,-127,-123,94,-104,-94,-40,-7
335,0,46,46,93,93,93,-81,-81,-81,41,76,55,-20,-25,-54,-80,66,24,26,86,-71,127,11,104,89,-11,82,34,-85,-5,46,76,11,-10,-80,-22,-89,89,106,1,80,-109,125,-47,-60,3,72,-46,-113,-103,47,-70,8,-122,-61,117,-60,105,-127,-123,94,-104,-94,-40,-7
336,0,-120,-120,-120,-91,-91,-91,-3,-3,-108,41,76,55,-20,-25,-54,-80,66,24,26,86,-71,127,11,104,89,-11,82,34,-85,-5,46,76,64,-22,-94,112,126,-48,98,-105,29,-59,-42,-6,13,37,46,-122,-108,-117,-57,85,35,-67,85,34,-121,-17,-96,18,-31,-23,113,-1
337,0,-120,-120,-120,-91,-91,-91,-3,-3,-108,41,76,55,-20,-25,-54,-80,66,24,26,86,-71,127,11,104,89,-11,82,34,-85,-5,46,76,64,-22,-94,112,126,-48,98,-105,29,-59,-42,-6,13,37,46,-122,-108,-117,-57,85,35,-67,85,34,-121,-17,-96,18,-31,-23,113,-1
338,0,-120,-120,-120,-91,-91,-91,-3,-3,-108,41,76,55,-20,-25,-54,-80,66,24,26,86,-71,127,11,104,89,-11,82,34,-85,-5,46,76,64,-22,-94,112,126,-48,98,-105,29,-59,-42,-6,13,37,46,-122,-108,-117,-57,85,35,-67,85,34,-121,-17,-96,18,-31,-23,113,-1
339,0,-73,-83,-83,-83,-47,-47,-47,-113,51,-108,41,76,55,-20,-25,-54,-80,66,24,26,86,-71,127,11,104,89,-11,82,34,-85,-5,46,31,-80,44,2,-43,121,29,29,-77,30,114,-95,-20,-17,-21,-123,-56,-29,47,111,61,22,-70,79,46,87,96,95,-64,78,46,-121
340,0,-73,-83,-83,-83,-47,-47,-47,-113,51,-108,41,76,55,-20,-25,-54,-80,66,24,26,86,-71,127,11,104,89,-11,82,34,-85,-5,46,31,-80,44,2,-43,121,29,29,-77,30,114,-95,-20,-17,-21,-123,-56,-29,47,111,61,22,-70,79,46,87,96,95,-64,78,46,-121
341,0,-73,-83,-83,-83,-47,-47,-47,-113,51,-108,41,76,55,-20,-25,-54,-80,66,24,26,86,-71,127,11,104,89,-11,82,34,-85,-5,46,31,-80,44,2,-43,121,29,29,-77,30,114,-95,-20,-17,-21,-123,-56,-29,47,111,61,22,-70,79,46,87,96,95,-64,78,46,-121
342,0,-103,-103,-31,-31,-31,-72,-72,-72,89,51,-108,41,76,55,-20,-25,-54,-80,66,24,26,86,-71,127,11,104,89,-11,82,34,-85,-5,33,-13,-32,34,-76,52,91,-78,-57,-24,-77,-58,55,-43,-112,33,-102,21,78,46,-97,-23,-27,8,16,-77,-53,-122,-54,-109,101,-46
343,0,-103,-103,-31,-31,-31,-72,-72,-72,89,51,-108,41,76,55,-20,-25,-54,-80,66,24,26,86,-71,127,11,104,89,-11,82,34,-85,-5,33,-13,-32,34,-76,52,91,-78,-57,-24,-77,-58,55,-43,-112,33,-102,21,78,46,-97,-23,-27,8,16,-77,-53,-122,-54,-109,101,-46
344,0,-103,-103,-31,-31,-31,-72,-72,-72,89,51,-108,41,76,55,-20,-25,-54,-80,66,24,26,86,-71,127,11,104,89,-11,82,34,-85,-5,33,-13,-32,34,-76,52,91,-78,-57,-24,-77,-58,55,-43,-112,33,-102,21,78,46,-97,-23,-27,8,16,-77,-53,-122,-54,-109,101,-46
345,0,17,17,17,-103,-103,-103,-62,-62,19,89,51,-108,41,76,55,-20,-25,-54,-80,66,24,26,86,-71,127,11,104,89,-11,82,34,-85,18,-65,-57,108,107,-53,-73,126,-99,-60,57,18,17,38,61,99,-13,106,7,-38,-49,75,27,9,54,49,52,93,-48,-82,99,0
346,0,17,17,17,-103,-103,-103,-62,-62,19,89,51,-108,41,76,55,-20,-25,-54,-80,66,24,26,86,-71,127,11,104,89,-11,82,34,-85,18,-65,-57,108,107,-53,-73,126,-99,-60,57,18,17,38,61,99,-13,106,7,-38,-49,75,27,9,54,49,52,93,-48,-82,99,0
347,0,17,17,17,-103,-103,-103,-62,-62,19,89,51,-108,41,76,55,-20,-25,-54,-80,66,24,26,86,-71,127,11,104,89,-11,82,34,-85,18,-65,-57,108,107,-53,-73,126,-99,-60,57,18,17,38,61,99,-13,106,7,-38,-49,75,27,9,54,49,52,93,-48,-82,99,0
348,0,-121,-11,-11,-11,21,21,21,-21,-63,19,89,51,-108,41,76,55,-20,-25,-54,-80,66,24,26,86,-71,127,11,104,89,-11,82,34,-80,-28,90,-18,114,-49,33,-46,5,68,-28,-24,-103,55,46,118,57,-48,78,-61,-33,-47,16,125,-72,86,25,123,-86,94,11,104
349,0,-121,-11,-11,-11,21,21,21,-21,-63,19,89,51,-108,41,76,55,-20,-25,-54,-80,66,24,26,86,-71,127,11,104,89,-11,82,34,-80,-28,90,-18,114,-49,33,-46,5,68,-28,-24,-103,55,46,118,57,-48,78,-61,-33,-47,16,125,-72,86,25,123,-86,94,11,104
350,0,-121,-11,-11,-11,21,21,21,-21,-63,19,89,51,-108,41,76,55,-20,-25,-54,-80,66,24,26,86,-71,127,11,104,89,-11,82,34,-80,-28,90,-18,114,-49,33,-46,5,68,-28,-24,-103,55,46,118,57,-48,78,-61,-33,-47,16,125,-72,86,25,123,-86,94,11,104
351,0,56,56,9,9,9,-66,-66,-66,-121,-63,19,89,51,-108,41,76,55,-20,-25,-54,-80,66,24,26,86,-71,127,11,104,89,-11,82,88,-19,57,104,66,23,37,90,-17,-124,22,-33,24,70,86,25,-85,42,-61,77,123,78,-81,-28,-82,98,-34,42,87,-8,-67,86
352,0,56,56,9,9,9,-66,-66,-66,-121,-63,19,89,51,-108,41,76,55,-20,-25,-54,-80,66,24,26,86,-71,127,11,104,89,-11,82,88,-19,57,104,66,23,37,90,-17,-124,22,-33,24,70,86,25,-85,42,-61,77,123,78,-81,-28,-82,98,-34,42,87,-8,-67,86
353,0,56,56,9,9,9,-66,-66,-66,-121,-63,19,89,51,-108,41,76,55,-20,-25,-54,-80,66,24,26,86,-71,127,11,104,89,-11,82,88,-19,57,104,66,23,37,90,-17,-124,22,-33,24,70,86,25,-85,42,-61,77,123,78,-81,-28,-82,98,-34,42,87,-8,-67,86
354,0,-61,-61,-61,-60,-60,-60,106,106,89,-121,-63,19,89,51,-108,41,76,55,-20,-25,-54,-80,66,24,26,86,-71,127,11,104,89,-11,66,-10,-9,-125,16,-32,38,111,108,-30,47,105,44,-82,-119,-114,40,-2,-28,-26,-6,95,40,-40,89,-10,14,44,44,-45,102,-21
355,0,-61,-61,-61,-60,-60,-60,106,106,89,-121,-63,19,89,51,-108,41,76,55,-20,-25,-54,-80,66,24,26,86,-71,127,11,104,89,-11,66,-10,-9,-125,16,-32,38,111,108,-30,47,105,44,-82,-119,-114,40,-2,-28,-26,-6,95,40,-40,89,-10,14,44,44,-45,102,-21
356,0,-61,-61,-61,-60,-60,-60,106,106,89,-121,-63,19,89,51,-108,41,76,55,-20,-25,-54,-80,66,24,26,86,-71,127,11,104,89,-11,66,-10,-9,-125,16,-32,38,111,108,-30,47,105,44,-82,-119,-114,40,-2,-28,-26,-6,95,40,-40,89,-10,14,44,44,-45,102,-21
357,0,51,121,121,121,-42,-42,-42,83,46,89,-121,-63,19,89,51,-108,41,76,55,-20,-25,-54,-80,66,24,26,86,-71,127,11,104,89,78,-74,71,53,116,116,55,-89,108,3,-48,33,-7,33,40,-32,-28,-56,-21,30,-94,78,-117,-36,-67,-3,-7,-26,-120,-3,-41,39
358,0,51,121,121,121,-42,-42,-42,83,46,89,-121,-63,19,89,51,-108,41,76,55,-20,-25,-54,-80,66,24,26,86,-71,127,11,104,89,78,-74,71,53,116,116,55,-89,108,3,-48,33,-7,33,40,-32,-28,-56,-21,30,-94,78,-117,-36,-67,-3,-7,-26,-120,-3,-41,39
359,0,51,121,121,121,-42,-42,-42,83,46,89,-121,-63,19,89,51,-108,41,76,55,-20,-25,-54,-80,66,24,26,86,-71,127,11,104,89,78,-74,71,53,116,116,55,-89,108,3,-48,33,-7,33,40,-32,-28,-56,-21,30,-94,78,-117,-36,-67,-3,-7,-26,-120,-3,-41,39
360,0,10,10,120,120,120,-55,-55,-55,-120,46,89,-121,-63,19,89,51,-108,41,76,55,-20,-25,-54,-80,66,24,26,86,-71,127,11,104,-84,24,-42,114,-3,-46,60,61,21,-11,-119,-57,109,66,88,43,125,-25,38,-8,125,-33,8,74,-34,12,61,15,101,108,4,78
361,0,10,10,120,120,120,-55,-55,-55,-120,46,89,-121,-63,19,89,51,-108,41,76,55,-20,-25,-54,-80,66,24,26,86,-71,127,11,104,-84,24,-42,114,-3,-46,60,61,21,-11,-119,-57,109,66,88,43,125,-25,38,-8,125,-33,8,74,-34,12,61,15,101,108,4,78
362,0,10,10,120,120,120,-55,-55,-55,-120,46,89,-121,-63,19,89,51,-108,41,76,55,-20,-25,-54,-80,66,24,26,86,-71,127,11,104,-84,24,-42,114,-3,-46,60,61,21,-11,-119,-57,109,66,88,43,125,-25,38,-8,125,-33,8,74,-34,12,61,15,101,108,4,78
363,0,-89,-89,-89,-71,-71,-71,56,56,-73,-120,46,89,-121,-63,19,89,51,-108,41,76,55,-20,-25,-54,-80,66,24,26,86,-71,127,11,33,64,34,54,-65,69,-16,124,37,31,-60,127,117,26,98,-27,21,-63,60,-70,-46,-99,64,-116,1,64,0,-101,-119,-37,26,-5
364,0,-89,-89,-89,-71,-71,-71,56,56,-73,-120,46,89,-121,-63,19,89,51,-108,41,76,55,-20,-25,-54,-80,66,24,26,86,-71,127,11,33,64,34,54,-65,69,-16,124,37,31,-60,127,117,26,98,-27,21,-63,60,-70,-46,-99,64,-116,1,64,0,-101,-119,-37,26,-5
365,0,-89,-89,-89,-71,-71,-71,56,56,-73,-120,46,89,-121,-63,19,89,51,-108,41,76,55,-20,-25,-54,-80,66,24,26,86,-71,127,11,33,64,34,54,-65,69,-16,124,37,31,-60,127,117,26,98,-27,21,-63,60,-70,-46,-99,64,-116,1,64,0,-101,-119,-37,26,-5
366,0,-116,45,45,45,-63,-63,-63,-119,-103,-73,-120,46,89,-121,-63,19,89,51,-108,41,76,55,-20,-25,-54,-80,66,24,26,86,-71,127,127,5,-77,-19,51,-82,-23,-95,-88,-58,117,0,-20,-68,38,-18,-8,93,-29,-75,-86,-117,63,57,22,54,-43,-85,47,85,-4,-19
367,0,-116,45,45,45,-63,-63,-63,-119,-103,-73,-120,46,89,-121,-63,19,89,51,-108,41,76,55,-20,-25,-54,-80,66,24,26,86,-71,127,127,5,-77,-19,51,-82,-23,-95,-88,-58,117,0,-20,-68,38,-18,-8,93,-29,-75,-86,-117,63,57,22,54,-43,-85,47,85,-4,-19
368,0,-116,45,45,45,-63,-63,-63,-119,-103,-73,-120,46,89,-121,-63,19,89,51,-108,41,76,55,-20,-25,-54,-80,66,24,26,86,-71,127,127,5,-77,-19,51,-82,-23,-95,-88,-58,117,0,-20,-68,38,-18,-8,93,-29,-75,-86,-117,63,57,22,54,-43,-85,47,85,-4,-19
369,0,-16,-16,-36,-36,-36,-44,-44,-44,17,-103,-73,-120,46,89,-121,-63,19,89,51,-108,41,76,55,-20,-25,-54,-80,66,24,26,86,-71,-18,34,-127,-112,-45,-74,-5,79,78,78,-54,-16,-104,-78,-117,-93,91,125,61,-106,-19,8,89,-84,-73,-93,16,103,104,32,71,-7
370,0,-16,-16,-36,-36,-36,-44,-44,-44,17,-103,-73,-120,46,89,-121,-63,19,89,51,-108,41,76,55,-20,-25,-54,-80,66,24,26,86,-71,-18,34,-127,-112,-45,-74,-5,79,78,78,-54,-16,-104,-78,-117,-93,91,125,61,-106,-19,8,89,-84,-73,-93,16,103,104,32,71,-7
371,0,-16,-16,-36,-36,-36,-44,-44,-44,17,-103,-73,-120,46,89,-121,-63,19,89,51,-108,41,76,55,-20,-25,-54,-80,66,24,26,86,-71,-18,34,-127,-112,-45,-74,-5,79,78,78,-54,-16,-104,-78,-117,-93,91,125,61,-106,-19,8,89,-84,-73,-93,16,103,104,32,71,-7
372,0,-49,-49,-49,-74,-74,-74,14,14,-121,17,-103,-73,-120,46,89,-121,-63,19,89,51,-108,41,76,55,-20,-25,-54,-80,66,24,26,86,-5,-122,-9,-25,-28,24,9,-15,23,114,-89,-16,-47,-60,-121,124,-118,112,125,-102,91,21,-32,-115,83,33,-45,-119,-117,52,101,0
373,0,-49,-49,-49,-74,-74,-74,14,14,-121,17,-103,-73,-120,46,89,-121,-63,19,89,51,-108,41,76,55,-20,-25,-54,-80,66,24,26,86,-5,-122,-9,-25,-28,24,9,-15,23,114,-89,-16,-47,-60,-121,124,-118,112,125,-102,91,21,-32,-115,83,33,-45,-119,-117,52,101,0
374,0,-49,-49,-49,-74,-74,-74,14,14,-121,17,-103,-73,-120,46,89,-121,-63,19,89,51,-108,41,76,55,-20,-25,-54,-80,66,24,26,86,-5,-122,-9,-25,-28,24,9,-15,23,114,-89,-16,-47,-60,-121,124,-118,112,125,-102,91,21,-32,-115,83,33,-45,-119,-117,52,101,0
375,0,19,90,90,90,62,62,62,110,56,-121,17,-103,-73,-120,46,89,-121,-63,19,89,51,-108,41,76,55,-20,-25,-54,-80,66,24,26,-45,120,-4,-75,118,-57,-44,52,-67,118,-52,40,-76,-37,-33,-61,78,-17,90,-2,53,-113,-65,-4,-32,113,-105,117,-119,48,-18,126
376,0,19,90,90,90,62,62,62,110,56,-121,17,-103,-73,-120,46,89,-121,-63,19,89,51,-108,41,76,55,-20,-25,-54,-80,66,24,26,-45,120,-4,-75,118,-57,-44,52,-67,118,-52,40,-76,-37,-33,-61,78,-17,90,-2,53,-113,-65,-4,-32,113,-105,117,-119,48,-18,126
377,0,19,90,90,90,62,62,62,110,56,-121,17,-103,-73,-120,46,89,-121,-63,19,89,51,-108,41,76,55,-20,-25,-54,-80,66,24,26,-45,120,-4,-75,118,-57,-44,52,-67,118,-52,40,-76,-37,-33,-61,78,-17,90,-2,53,-113,-65,-4,-32,113,-105,117,-119,48,-18,126
378,0,27,27,-34,-34,-34,-48,-48,-48,-61,56,-121,17,-103,-73,-120,46,89,-121,-63,19,89,51,-108,41,76,55,-20,-25,-54,-80,66,24,-3,118,-54,47,-98,5,-61,-71,-111,-26,-29,31,101,-8,-49,-104,-31,67,-108,-60,36,45,-70,-121,123,23,-77,-39,22,26,-20,23
379,0,27,27,-34,-34,-34,-48,-48,-48,-61,56,-121,17,-103,-73,-120,46,89,-121,-63,19,89,51,-108,41,76,55,-20,-25,-54,-80,66,24,-3,118,-54,47,-98,5,-61,-71,-111,-26,-29,31,101,-8,-49,-104,-31,67,-108,-60,36,45,-70,-121,123,23,-77,-39,22,26,-20,23
380,0,27,27,-34,-34,-34,-48,-48,-48,-61,56,-121,17,-103,-73,-120,46,89,-121,-63,19,89,51,-108,41,76,55,-20,-25,-54,-80,66,24,-3,118,-54,47,-98,5,-61,-71,-111,-26,-29,31,101,-8,-49,-104,-31,67,-108,-60,36,45,-70,-121,123,23,-77,-39,22,26,-20,23
381,0,-116,-116,-116,40,40,40,-52,-52,51,-61,56,-121,17,-103,-73,-120,46,89,-121,-63,19,89,51,-108,41,76,55,-20,-25,-54,-80,66,109,9,-14,2,32,-46,-52,-109,-120,123,-113,94,114,9,-81,-55,-49,43,37,-50,-115,-68,-32,-26,75,113,84,-61,64,62,-8,-50
382,0,-116,-116,-116,40,40,40,-52,-52,51,-61,56,-121,17,-103,-73,-120,46,89,-121,-63,19,89,51,-108,41,76,55,-20,-25,-54,-80,66,109,9,-14,2,32,-46,-52,-109,-120,123,-113,94,114,9,-81,-55,-49,43,37,-50,-115,-68,-32,-26,75,113,84,-61,64,62,-8,-50
383,0,-116,-116,-116,40,40,40,-52,-52,51,-61,56,-121,17,-103,-73,-120,46,89,-121,-63,19,89,51,-108,41,76,55,-20,-25,-54,-80,66,109,9,-14,2,32,-46,-52,-109,-120,123,-113,94,114,9,-81,-55,-49,43,37,-50,-115,-68,-32,-26,75,113,84,-61,64,62,-8,-50
384,0,125,87,87,87,-48,-48,-48,-46,10,51,-61,56,-121,17,-103,-73,-120,46,89,-121,-63,19,89,51,-108,41,76,55,-20,-25,-54,-80,-20,-61,-33,69,-33,-11,49,79,-29,-24,58,107,-47,-123,-21,-50,25,19,36,104,123,-84,85,-18,114,-113,-69,122,29,7,-74,-73
385,0,125,87,87,87,-48,-48,-48,-46,10,51,-61,56,-121,17,-103,-73,-120,46,89,-121,-63,19,89,51,-108,41,76,55,-20,-25,-54,-80,-20,-61,-33,69,-33,-11,49,79,-29,-24,58,107,-47,-123,-21,-50,25,19,36,104,123,-84,85,-18,114,-113,-69,122,29,7,-74,-73
386,0,125,87,87,87,-48,-48,-48,-46,10,51,-61,56,-121,17,-103,-73,-120,46,89,-121,-63,19,89,51,-108,41,76,55,-20,-25,-54,-80,-20,-61,-33,69,-33,-11,49,79,-29,-24,58,107,-47,-123,-21,-50,25,19,36,104,123,-84,85,-18,114,-113,-69,122,29,7,-74,-73
387,0,69,69,84,84,84,108,108,108,-89,10,51,-61,56,-121,17,-103,-73,-120,46,89,-121,-63,19,89,51,-108,41,76,55,-20,-25,-54,37,-7,24,-71,67,30,-21,-52,-25,52,97,-115,84,-78,-4,-72,83,-20,73,-95,117,108,100,-30,-37,-102,-79,-70,118,75,127,-6
388,0,69,69,84,84,84,108,108,108,-89,10,51,-61,56,-121,17,-103,-73,-120,46,89,-121,-63,19,89,51,-108,41,76,55,-20,-25,-54,37,-7,24,-71,67,30,-21,-52,-25,52,97,-115,84,-78,-4,-72,83,-20,73,-95,117,108,100,-30,-37,-102,-79,-70,118,75,127,-6
389,0,69,69,84,84,84,108,108,108,-89,10,51,-61,56,-121,17,-103,-73,-120,46,89,-121,-63,19,89,51,-108,41,76,55,-20,-25,-54,37,-7,24,-71,67,30,-21,-52,-25,52,97,-115,84,-78,-4,-72,83,-20,73,-95,117,108,100,-30,-37,-102,-79,-70,118,75,127,-6
390,0,36,36,36,-87,-87,-87,-127,-127,-116,-89,10,51,-61,56,-121,17,-103,-73,-120,46,89,-121,-63,19,89,51,-108,41,76,55,-20,-25,-60,14,-46,-103,33,-29,-90,102,-123,111,-67,81,-62,-51,-46,92,24,91,84,60,-126,81,-115,-23,41,-80,-123,96,55,-49,64,11
391,0,36,36,36,-87,-87,-87,-127,-127,-116,-89,10,51,-61,56,-121,17,-103,-73,-120,46,89,-121,-63,19,89,51,-108,41,76,55,-20,-25,-60,14,-46,-103,33,-29,-90,102,-123,111,-67,81,-62,-51,-46,92,24,91,84,60,-126,81,-115,-23,41,-80,-123,96,55,-49,64,11
392,0,36,36,36,-87,-87,-87,-127,-127,-116,-89,10,51,-61,56,-121,17,-103,-73,-120,46,89,-121,-63,19,89,51,-108,41,76,55,-20,-25,-60,14,-46,-103,33,-29,-90,102,-123,111,-67,81,-62,-51,-46,92,24,91,84,60,-126,81,-115,-23,41,-80,-123,96,55,-49,64,11
393,0,35,69,69,69,-75,-75,-75,107,-16,-116,-89,10,51,-61,56,-121,17,-103,-73,-120,46,89,-121,-63,19,89,51,-108,41,76,55,-20,-93,-7,68,-33,65,30,120,-92,-96,-38,-37,124,10,48,-93,56,97,-108,48,29,71,82,51,-64,8,108,76,89,26,31,38,108
394,0,35,69,69,69,-75,-75,-75,107,-16,-116,-89,10,51,-61,56,-121,17,-103,-73,-120,46,89,-121,-63,19,89,51,-108,41,76,55,-20,-93,-7,68,-33,65,30,120,-92,-96,-38,-37,124,10,48,-93,56,97,-108,48,29,71,82,51,-64,8,108,76,89,26,31,38,108
395,0,35,69,69,69,-75,-75,-75,107,-16,-116,-89,10,51,-61,56,-121,17,-103,-73,-120,46,89,-121,-63,19,89,51,-108,41,76,55,-20,-93,-7,68,-33,65,30,120,-92,-96,-38,-37,124,10,48,-93,56,97,-108,48,29,71,82,51,-64,8,108,76,89,26,31,38,108
396,0,-104,-104,66,66,66,-80,-80,-80,-49,-16,-116,-89,10,51,-61,56,-121,17,-103,-73,-120,46,89,-121,-63,19,89,51,-108,41,76,55,3,41,-109,54,8,-112,6,-57,-54,-69,101,1,51,-79,-22,124,73,78,36,78,86,12,49,-21,92,61,-97,-6,123,38,-23,-97
397,0,-104,-104,66,66,66,-80,-80,-80,-49,-16,-116,-89,10,51,-61,56,-121,17,-103,-73,-120,46,89,-121,-63,19,89,51,-108,41,76,55,3,41,-109,54,8,-112,6,-57,-54,-69,101,1,51,-79,-22,124,73,78,36,78,86,12,49,-21,92,61,-97,-6,123,38,-23,-97
398,0,-104,-104,66,66,66,-80,-80,-80,-49,-16,-116,-89,10,51,-61,56,-121,17,-103,-73,-120,46,89,-121,-63,19,89,51,-108,41,76,55,3,41,-109,54,8,-112,6,-57,-54,-69,101,1,51,-79,-22,124,73,78,36,78,86,12,49,-21,92,61,-97,-6,123,38,-23,-97
399,0,119,119,119,115,115,115,-33,-33,19,-49,-16,-116,-89,10,51,-61,56,-121,17,-103,-73,-120,46,89,-121,-63,19,89,51,-108,41,76,-26,-63,-43,65,119,34,-115,-121,-36,19,31,-28,-53,-62,-37,-109,100,-7,19,-33,69,109,-102,-21,90,-110,58,101,-12,-12,-7,-38
400,0,119,119,119,115,115,115,-33,-33,19,-49,-16,-116,-89,10,51,-61,56,-121,17,-103,-73,-120,46,89,-121,-63,19,89,51,-108,41,76,-26,-63,-43,65,119,34,-115,-121,-36,19,31,-28,-53,-62,-37,-109,100,-7,19,-33,69,109,-102,-21,90,-110,58,101,-12,-12,-7,-38
401,0,119,119,119,115,115,115,-33,-33,19,-49,-16,-116,-89,10,51,-61,56,-121,17,-103,-73,-120,46,89,-121,-63,19,89,51,-108,41,76,-26,-63,-43,65,119,34,-115,-121,-36,19,31,-28,-53,-62,-37,-109,100,-7,19,-33,69,109,-102,-21,90,-110,58,101,-12,-12,-7,-38
402,0,-21,31,31,31,119,119,119,19,27,19,-49,-16,-116,-89,10,51,-61,56,-121,17,-103,-73,-120,46,89,-121,-63,19,89,51,-108,41,-120,92,-7,36,-64,-118,74,28,-31,-127,19,-35,-99,-66,-30,24,71,69,52,88,-45,-74,21,-116,53,70,28,-71,127,-120,27,-24
403,0,-21,31,31,31,119,119,119,19,27,19,-49,-16,-116,-89,10,51,-61,56,-121,17,-103,-73,-120,46,89,-121,-63,19,89,51,-108,41,-120,92,-7,36,-64,-118,74,28,-31,-127,19,-35,-99,-66,-30,24,71,69,52,88,-45,-74,21,-116,53,70,28,-71,127,-120,27,-24
404,0,-21,31,31,31,119,119,119,19,27,19,-49,-16,-116,-89,10,51,-61,56,-121,17,-103,-73,-120,46,89,-121,-63,19,89,51,-108,41,-120,92,-7,36,-64,-118,74,28,-31,-127,19,-35,-99,-66,-30,24,71,69,52,88,-45,-74,21,-116,53,70,28,-71,127,-120,27,-24
405,0,64,64,106,106,106,-16,-16,-16,-116,27,19,-49,-16,-116,-89,10,51,-61,56,-121,17,-103,-73,-120,46,89,-121,-63,19,89,51,-108,-43,57,73,-123,-67,-56,-20,6,9,29,61,6,114,-93,-49,-105,-97,96,48,99,82,-96,-77,-74,31,29,-112,-58,37,89,125,9
406,0,64,64,106,106,106,-16,-16,-16,-116,27,19,-49,-16,-116,-89,10,51,-61,56,-121,17,-103,-73,-120,46,89,-121,-63,19,89,51,-108,-43,57,73,-123,-67,-56,-20,6,9,29,61,6,114,-93,-49,-105,-97,96,48,99,82,-96,-77,-74,31,29,-112,-58,37,89,125,9
407,0,64,64,106,106,106,-16,-16,-16,-116,27,19,-49,-16,-116,-89,10,51,-61,56,-121,17,-103,-73,-120,46,89,-121,-63,19,89,51,-108,-43,57,73,-123,-67,-56,-20,6,9,29,61,6,114,-93,-49,-105,-97,96,48,99,82,-96,-77,-74,31,29,-112,-58,37,89,125,9
408,0,-101,-101,-101,-81,-81,-81,-40,-40,125,-116,27,19,-49,-16,-116,-89,10,51,-61,56,-121,17,-103,-73,-120,46,89,-121,-63,19,89,51,28,-46,-3,10,29,-69,-125,117,-97,-22,58,84,55,111,6,-102,-91,75,-39,113,100,-9,51,-24,-5,90,-86,-76,24,-74,48,85
409,0,-101,-101,-101,-81,-81,-81,-40,-40,125,-116,27,19,-49,-16,-116,-89,10,51,-61,56,-121,17,-103,-73,-120,46,89,-121,-63,19,89,51,28,-46,-3,10,29,-69,-125,117,-97,-22,58,84,55,111,6,-102,-91,75,-39,113,100,-9,51,-24,-5,90,-86,-76,24,-74,48,85
410,0,-101,-101,-101,-81,-81,-81,-40,-40,125,-116,27,19,-49,-16,-116,-89,10,51,-61,56,-121,17,-103,-73,-120,46,89,-121,-63,19,89,51,28,-46,-3,10,29,-69,-125,117,-97,-22,58,84,55,111,6,-102,-91,75,-39,113,100,-9,51,-24,-5,90,-86,-76,24,-74,48,85
411,0,-5,-65,-65,-65,-103,-103,-103,58,69,125,-116,27,19,-49,-16,-116,-89,10,51,-61,56,-121,17,-103,-73,-120,46,89,-121,-63,19,89,-40,-71,-109,10,89,61,57,66,-93,89,39,-15,-53,-9,44,-122,-99,99,13,-82,18,-77,89,-85,-16,-54,26,-85,75,62,-63,66
412,0,-5,-65,-65,-65,-103,-103,-103,58,69,125,-116,27,19,-49,-16,-116,-89,10,51,-61,56,-121,17,-103,-73,-120,46,89,-121,-63,19,89,-40,-71,-109,10,89,61,57,66,-93,89,39,-15,-53,-9,44,-122,-99,99,13,-82,18,-77,89,-85,-16,-54,26,-85,75,62,-63,66
413,0,-5,-65,-65,-65,-103,-103,-103,58,69,125,-116,27,19,-49,-16,-116,-89,10,51,-61,56,-121,17,-103,-73,-120,46,89,-121,-63,19,89,-40,-71,-109,10,89,61,57,66,-93,89,39,-15,-53,-9,44,-122,-99,99,13,-82,18,-77,89,-85,-16,-54,26,-85,75,62,-63,66
414,0,-72,-72,-125,-125,-125,95,95,95,36,69,125,-116,27,19,-49,-16,-116,-89,10,51,-61,56,-121,17,-103,-73,-120,46,89,-121,-63,19,117,14,73,58,-58,-78,94,-125,75,42,-45,123,-12,46,92,65,80,75,31,-74,-114,113,-112,-27,71,-76,-49,-112,-36,123,-21,91
415,0,-72,-72,-125,-125,-125,95,95,95,36,69,125,-116,27,19,-49,-16,-116,-89,10,51,-61,56,-121,17,-103,-73,-120,46,89,-121,-63,19,117,14,73,58,-58,-78,94,-125,75,42,-45,123,-12,46,92,65,80,75,31,-74,-114,113,-112,-27,71,-76,-49,-112,-36,123,-21,91
416,0,-72,-72,-125,-125,-125,95,95,95,36,69,125,-116,27,19,-49,-16,-116,-89,10,51,-61,56,-121,17,-103,-73,-120,46,89,-121,-63,19,117,14,73,58,-58,-78,94,-125,75,42,-45,123,-12,46,92,65,80,75,31,-74,-114,113,-112,-27,71,-76,-49,-112,-36,123,-21,91
417,0,113,113,113,-29,-29,-29,-47,-47,35,36,69,125,-116,27,19,-49,-16,-116,-89,10,51,-61,56,-121,17,-103,-73,-120,46,89,-121,-63,1,3,-11,86,62,50,105,53,-86,-93,122,60,-60,-95,-13,23,-27,49,13,-76,-95,48,84,-96,-124,97,-60,127,93,93,-27,-82
418,0,113,113,113,-29,-29,-29,-47,-47,35,36,69,125,-116,27,19,-49,-16,-116,-89,10,51,-61,56,-121,17,-103,-73,-120,46,89,-121,-63,1,3,-11,86,62,50,105,53,-86,-93,122,60,-60,-95,-13,23,-27,49,13,-76,-95,48,84,-96,-124,97,-60,127,93,93,-27,-82
419,0,113,113,113,-29,-29,-29,-47,-47,35,36,69,125,-116,27,19,-49,-16,-116,-89,10,51,-61,56,-121,17,-103,-73,-120,46,89,-121,-63,1,3,-11,86,62,50,105,53,-86,-93,122,60,-60,-95,-13,23,-27,49,13,-76,-95,48,84,-96,-124,97,-60,127,93,93,-27,-82
420,0,15,-127,-127,-127,35,35,35,-67,-104,35,36,69,125,-116,27,19,-49,-16,-116,-89,10,51,-61,56,-121,17,-103,-73,-120,46,89,-121,16,41,8,-123,-78,121,-101,-48,-68,-83,75,-84,0,-87,-120,-11,115,127,-25,-123,-110,48,-25,102,-115,68,54,-72,126,85,76,18
421,0,15,-127,-127,-127,35,35,35,-67,-104,35,36,69,125,-116,27,19,-49,-16,-116,-89,10,51,-61,56,-121,17,-103,-73,-120,46,89,-121,16,41,8,-123,-78,121,-101,-48,-68,-83,75,-84,0,-87,-120,-11,115,127,-25,-123,-110,48,-25,102,-115,68,54,-72,126,85,76,18
422,0,15,-127,-127,-127,35,35,35,-67,-104,35,36,69,125,-116,27,19,-49,-16,-116,-89,10,51,-61,56,-121,17,-103,-73,-120,46,89,-121,16,41,8,-123,-78,121,-101,-48,-68,-83,75,-84,0,-87,-120,-11,115,127,-25,-123,-110,48,-25,102,-115,68,54,-72,126,85,76,18
423,0,28,28,-51,-51,-51,64,64,64,119,-104,35,36,69,125,-116,27,19,-49,-16,-116,-89,10,51,-61,56,-121,17,-103,-73,-120,46,89,-71,3,-118,12,22,-120,-31,-74,13,43,50,99,51,-90,-41,-35,36,-116,-57,-65,113,51,-90,121,127,52,61,-34,9,-115,-124,22
424,0,28,28,-51,-51,-51,64,64,64,119,-104,35,36,69,125,-116,27,19,-49,-16,-116,-89,10,51,-61,56,-121,17,-103,-73,-120,46,89,-71,3,-118,12,22,-120,-31,-74,13,43,50,99,51,-90,-41,-35,36,-116,-57,-65,113,51,-90,121,127,52,61,-34,9,-115,-124,22
425,0,28,28,-51,-51,-51,64,64,64,119,-104,35,36,69,125,-116,27,19,-49,-16,-116,-89,10,51,-61,56,-121,17,-103,-73,-120,46,89,-71,3,-118,12,22,-120,-31,-74,13,43,50,99,51,-90,-41,-35,36,-116,-57,-65,113,51,-90,121,127,52,61,-34,9,-115,-124,22
426,0,-89,-89,-89,-91,-91,-91,-73,-73,-21,119,-104,35,36,69,125,-116,27,19,-49,-16,-116,-89,10,51,-61,56,-121,17,-103,-73,-120,46,-58,-2,6,0,96,118,18,-97,-106,-112,29,7,-27,64,-122,69,-32,98,71,-91,-26,-90,-18,91,-111,-119,126,-53,-75,30,105,24
427,0,-89,-89,-89,-91,-91,-91,-73,-73,-21,119,-104,35,36,69,125,-116,27,19,-49,-16,-116,-89,10,51,-61,56,-121,17,-103,-73,-120,46,-58,-2,6,0,96,118,18,-97,-106,-112,29,7,-27,64,-122,69,-32,98,71,-91,-26,-90,-18,91,-111,-119,126,-53,-75,30,105,24
428,0,-89,-89,-89,-91,-91,-91,-73,-73,-21,119,-104,35,36,69,125,-116,27,19,-49,-16,-116,-89,10,51,-61,56,-121,17,-103,-73,-120,46,-58,-2,6,0,96,118,18,-97,-106,-112,29,7,-27,64,-122,69,-32,98,71,-91,-26,-90,-18,91,-111,-119,126,-53,-75,30,105,24
429,0,-118,-27,-27,-27,-49,-49,-49,-65,64,-21,119,-104,35,36,69,125,-116,27,19,-49,-16,-116,-89,10,51,-61,56,-121,17,-103,-73,-120,-92,-80,71,118,-96,16,118,88,91,12,-107,55,-72,31,4,51,82,97,-29,-124,77,89,-23,-87,-42,-30,-78,-88,-15,11,16,28
430,0,-118,-27,-27,-27,-49,-49,-49,-65,64,-21,119,-104,35,36,69,125,-116,27,19,-49,-16,-116,-89,10,51,-61,56,-121,17,-103,-73,-120,-92,-80,71,118,-96,16,118,88,91,12,-107,55,-72,31,4,51,82,97,-29,-124,77,89,-23,-87,-42,-30,-78,-88,-15,11,16,28
431,0,-118,-27,-27,-27,-49,-49,-49,-65,64,-21,119,-104,35,36,69,125,-116,27,19,-49,-16,-116,-89,10,51,-61,56,-121,17,-103,-73,-120,-92,-80,71,118,-96,16,118,88,91,12,-107,55,-72,31,4,51,82,97,-29,-124,77,89,-23,-87,-42,-30,-78,-88,-15,11,16,28
432,0,105,105,-50,-50,-50,99,99,99,-101,64,-21,119,-104,35,36,69,125,-116,27,19,-49,-16,-116,-89,10,51,-61,56,-121,17,-103,-73,-56,-112,6,99,-37,60,-3,80,68,69,9,28,68,-91,53,34,8,103,85,15,-54,17,72,22,16,27,-52,0,-85,-77,88,-89
433,0,105,105,-50,-50,-50,99,99,99,-101,64,-21,119,-104,35,36,69,125,-116,27,19,-49,-16,-116,-89,10,51,-61,56,-121,17,-103,-73,-56,-112,6,99,-37,60,-3,80,68,69,9,28,68,-91,53,34,8,103,85,15,-54,17,72,22,16,27,-52,0,-85,-77,88,-89
434,0,105,105,-50,-50,-50,99,99,99,-101,64,-21,119,-104,35,36,69,125,-116,27,19,-49,-16,-116,-89,10,51,-61,56,-121,17,-103,-73,-56,-112,6,99,-37,60,-3,80,68,69,9,28,68,-91,53,34,8,103,85,15,-54,17,72,22,16,27,-52,0,-85,-77,88,-89
435,0,-123,-123,-123,38,38,38,29,29,-5,-101,64,-21,119,-104,35,36,69,125,-116,27,19,-49,-16,-116,-89,10,51,-61,56,-121,17,-103,-17,61,-120,110,-107,37,118,-62,99,32,-20,-89,8,-65,-115,-98,0,89,-66,-43,-45,-90,118,-85,34,-45,-65,-116,-27,-12,-66,-33
436,0,-123,-123,-123,38,38,38,29,29,-5,-101,64,-21,119,-104,35,36,69,125,-116,27,19,-49,-16,-116,-89,10,51,-61,56,-121,17,-103,-17,61,-120,110,-107,37,118,-62,99,32,-20,-89,8,-65,-115,-98,0,89,-66,-43,-45,-90,118,-85,34,-45,-65,-116,-27,-12,-66,-33
437,0,-123,-123,-123,38,38,38,29,29,-5,-101,64,-21,119,-104,35,36,69,125,-116,27,19,-49,-16,-116,-89,10,51,-61,56,-121,17,-103,-17,61,-120,110,-107,37,118,-62,99,32,-20,-89,8,-65,-115,-98,0,89,-66,-43,-45,-90,118,-85,34,-45,-65,-116,-27,-12,-66,-33
438,0,0,97,97,97,79,79,79,34,-72,-5,-101,64,-21,119,-104,35,36,69,125,-116,27,19,-49,-16,-116,-89,10,51,-61,56,-121,17,0,-17,-13,31,34,47,31,-54,-21,-127,66,-125,118,70,99,17,126,1,119,57,70,62,24,-42,108,-29,-37,-66,23,-50,66,119
439,0,0,97,97,97,79,79,79,34,-72,-5,-101,64,-21,119,-104,35,36,69,125,-116,27,19,-49,-16,-116,-89,10,51,-61,56,-121,17,0,-17,-13,31,34,47,31,-54,-21,-127,66,-125,118,70,99,17,126,1,119,57,70,62,24,-42,108,-29,-37,-66,23,-50,66,119
440,0,0,97,97,97,79,79,79,34,-72,-5,-101,64,-21,119,-104,35,36,69,125,-116,27,19,-49,-16,-116,-89,10,51,-61,56,-121,17,0,-17,-13,31,34,47,31,-54,-21,-127,66,-125,118,70,99,17,126,1,119,57,70,62,24,-42,108,-29,-37,-66,23,-50,66,119
441,0,0,0,-62,-62,-62,23,23,23,113,-72,-5,-101,64,-21,119,-104,35,36,69,125,-116,27,19,-49,-16,-116,-89,10,51,-61,56,-121,0,0,-17,-72,4,69,-3,12,-48,52,29,22,-90,127,-14,-10,37,23,-77,-26,-35,-83,-8,-56,-98,-105,19,-115,-103,-78,102,-92
442,0,0,0,-62,-62,-62,23,23,23,113,-72,-5,-101,64,-21,119,-104,35,36,69,125,-116,27,19,-49,-16,-116,-89,10,51,-61,56,-121,0,0,-17,-72,4,69,-3,12,-48,52,29,22,-90,127,-14,-10,37,23,-77,-26,-35,-83,-8,-56,-98,-105,19,-115,-103,-78,102,-92
443,0,0,0,-62,-62,-62,23,23,23,113,-72,-5,-101,64,-21,119,-104,35,36,69,125,-116,27,19,-49,-16,-116,-89,10,51,-61,56,-121,0,0,-17,-72,4,69,-3,12,-48,52,29,22,-90,127,-14,-10,37,23,-77,-26,-35,-83,-8,-56,-98,-105,19,-115,-103,-78,102,-92
444,0,0,0,0,-65,-65,-65,81,81,15,113,-72,-5,-101,64,-21,119,-104,35,36,69,125,-116,27,19,-49,-16,-116,-89,10,51,-61,56,0,0,0,-17,-55,-5,91,53,16,69,-5,-116,16,-122,-83,85,-85,-51,20,-20,-52,-64,-101,61,49,-91,47,-78,-123,122,86,-105
445,0,0,0,0,-65,-65,-65,81,81,15,113,-72,-5,-101,64,-21,119,-104,35,36,69,125,-116,27,19,-49,-16,-116,-89,10,51,-61,56,0,0,0,-17,-55,-5,91,53,16,69,-5,-116,16,-122,-83,85,-85,-51,20,-20,-52,-64,-101,61,49,-91,47,-78,-123,122,86,-105
446,0,0,0,0,-65,-65,-65,81,81,15,113,-72,-5,-101,64,-21,119,-104,35,36,69,125,-116,27,19,-49,-16,-116,-89,10,51,-61,56,0,0,0,-17,-55,-5,91,53,16,69,-5,-116,16,-122,-83,85,-85,-51,20,-20,-52,-64,-101,61,49,-91,47,-78,-123,122,86,-105
447,0,0,0,0,0,-94,-94,-94,42,28,15,113,-72,-5,-101,64,-21,119,-104,35,36,69,125,-116,27,19,-49,-16,-116,-89,10,51,-61,0,0,0,0,-17,89,-69,115,35,-118,9,68,97,71,23,36,41,-32,-49,-83,-87,98,40,-107,20,42,81,55,-76,120,-97,-20
448,0,0,0,0,0,-94,-94,-94,42,28,15,113,-72,-5,-101,64,-21,119,-104,35,36,69,125,-116,27,19,-49,-16,-116,-89,10,51,-61,0,0,0,0,-17,89,-69,115,35,-118,9,68,97,71,23,36,41,-32,-49,-83,-87,98,40,-107,20,42,81,55,-76,120,-97,-20
449,0,0,0,0,0,-94,-94,-94,42,28,15,113,-72,-5,-101,64,-21,119,-104,35,36,69,125,-116,27,19,-49,-16,-116,-89,10,51,-61,0,0,0,0,-17,89,-69,115,35,-118,9,68,97,71,23,36,41,-32,-49,-83,-87,98,40,-107,20,42,81,55,-76,120,-97,-20
450,0,0,0,0,0,0,-80,-80,-80,-89,28,15,113,-72,-5,-101,64,-21,119,-104,35,36,69,125,-116,27,19,-49,-16,-116,-89,10,51,0,0,0,0,0,-17,111,38,33,31,39,-17,-57,-66,-121,-122,-6,66,101,-65,-123,91,-85,40,50,-26,-119,-121,-91,-79,-117,-41
451,0,0,0,0,0,0,-80,-80,-80,-89,28,15,113,-72,-5,-101,64,-21,119,-104,35,36,69,125,-116,27,19,-49,-16,-116,-89,10,51,0,0,0,0,0,-17,111,38,33,31,39,-17,-57,-66,-121,-122,-6,66,101,-65,-123,91,-85,40,50,-26,-119,-121,-91,-79,-117,-41
452,0,0,0,0,0,0,-80,-80,-80,-89,28,15,113,-72,-5,-101,64,-21,119,-104,35,36,69,125,-116,27,19,-49,-16,-116,-89,10,51,0,0,0,0,0,-17,111,38,33,31,39,-17,-57,-66,-121,-122,-6,66,101,-65,-123,91,-85,40,50,-26,-119,-121,-91,-79,-117,-41
453,0,0,0,0,0,0,0,-36,-36,-118,-89,28,15,113,-72,-5,-101,64,-21,119,-104,35,36,69,125,-116,27,19,-49,-16,-116,-89,10,0,0,0,0,0,0,-17,102,99,-15,2,-48,14,-122,-99,-63,5,-57,122,-73,-119,-44,-19,33,78,52,12,26,36,-30,116,-59
454,0,0,0,0,0,0,0,-36,-36,-118,-89,28,15,113,-72,-5,-101,64,-21,119,-104,35,36,69,125,-116,27,19,-49,-16,-116,-89,10,0,0,0,0,0,0,-17,102,99,-15,2,-48,14,-122,-99,-63,5,-57,122,-73,-119,-44,-19,33,78,52,12,26,36,-30,116,-59
455,0,0,0,0,0,0,0,-36,-36,-118,-89,28,15,113,-72,-5,-101,64,-21,119,-104,35,36,69,125,-116,27,19,-49,-16,-116,-89,10,0,0,0,0,0,0,-17,102,99,-15,2,-48,14,-122,-99,-63,5,-57,122,-73,-119,-44,-19,33,78,52,12,26,36,-30,116,-59
456,0,0,0,0,0,0,0,0,-19,105,-118,-89,28,15,113,-72,-5,-101,64,-21,119,-104,35,36,69,125,-116,27,19,-49,-16,-116,-89,0,0,0,0,0,0,0,-17,12,-93,-107,40,55,-104,-41,-71,67,53,-58,-14,57,-75,100,73,87,95,-36,111,-13,-7,-91,-4
457,0,0,0,0,0,0,0,0,-19,105,-118,-89,28,15,113,-72,-5,-101,64,-21,119,-104,35,36,69,125,-116,27,19,-49,-16,-116,-89,0,0,0,0,0,0,0,-17,12,-93,-107,40,55,-104,-41,-71,67,53,-58,-14,57,-75,100,73,87,95,-36,111,-13,-7,-91,-4
458,0,0,0,0,0,0,0,0,-19,105,-118,-89,28,15,113,-72,-5,-101,64,-21,119,-104,35,36,69,125,-116,27,19,-49,-16,-116,-89,0,0,0,0,0,0,0,-17,12,-93,-107,40,55,-104,-41,-71,67,53,-58,-14,57,-75,100,73,87,95,-36,111,-13,-7,-91,-4
459,0,0,0,0,0,0,0,0,0,-123,105,-118,-89,28,15,113,-72,-5,-101,64,-21,119,-104,35,36,69,125,-116,27,19,-49,-16,-116,0,0,0,0,0,0,0,0,-17,-90,21,-114,104,-38,73,11,98,-67,-40,-46,-120,18,74,-46,6,-82,-66,-5,27,-78,-77,6
460,0,0,0,0,0,0,0,0,0,-123,105,-118,-89,28,15,113,-72,-5,-101,64,-21,119,-104,35,36,69,125,-116,27,19,-49,-16,-116,0,0,0,0,0,0,0,0,-17,-90,21,-114,104,-38,73,11,98,-67,-40,-46,-120,18,74,-46,6,-82,-66,-5,27,-78,-77,6
461,0,0,0,0,0,0,0,0,0,-123,105,-118,-89,28,15,113,-72,-5,-101,64,-21,119,-104,35,36,69,125,-116,27,19,-49,-16,-116,0,0,0,0,0,0,0,0,-17,-90,21,-114,104,-38,73,11,98,-67,-40,-46,-120,18,74,-46,6,-82,-66,-5,27,-78,-77,6
462,0,0,0,0,0,0,0,0,0,0,-123,105,-118,-89,28,15,113,-72,-5,-101,64,-21,119,-104,35,36,69,125,-116,27,19,-49,-16,0,0,0,0,0,0,0,0,0,-17,-48,-70,-106,-19,-25,-107,37,55,82,112,-75,-90,71,-108,-65,70,-25,-61,-1,-17,-48,86
463,0,0,0,0,0,0,0,0,0,0,-123,105,-118,-89,28,15,113,-72,-5,-101,64,-21,119,-104,35,36,69,125,-116,27,19,-49,-16,0,0,0,0,0,0,0,0,0,-17,-48,-70,-106,-19,-25,-107,37,55,82,112,-75,-90,71,-108,-65,70,-25,-61,-1,-17,-48,86
464,0,0,0,0,0,0,0,0,0,0,-123,105,-118,-89,28,15,113,-72,-5,-101,64,-21,119,-104,35,36,69,125,-116,27,19,-49,-16,0,0,0,0,0,0,0,0,0,-17,-48,-70,-106,-19,-25,-107,37,55,82,112,-75,-90,71,-108,-65,70,-25,-61,-1,-17,-48,86
465,0,0,0,0,0,0,0,0,0,0,0,-123,105,-118,-89,28,15,113,-72,-5,-101,64,-21,119,-104,35,36,69,125,-116,27,19,-49,0,0,0,0,0,0,0,0,0,0,-17,-57,80,-2,3,-75,50,-79,16,21,-78,-114,-73,-59,-103,-24,20,-96,-40,-92,-21,58
466,0,0,0,0,0,0,0,0,0,0,0,-123,105,-118,-89,28,15,113,-72,-5,-101,64,-21,119,-104,35,36,69,125,-116,27,19,-49,0,0,0,0,0,0,0,0,0,0,-17,-57,80,-2,3,-75,50,-79,16,21,-78,-114,-73,-59,-103,-24,20,-96,-40,-92,-21,58
467,0,0,0,0,0,0,0,0,0,0,0,-123,105,-118,-89,28,15,113,-72,-5,-101,64,-21,119,-104,35,36,69,125,-116,27,19,-49,0,0,0,0,0,0,0,0,0,0,-17,-57,80,-2,3,-75,50,-79,16,21,-78,-114,-73,-59,-103,-24,20,-96,-40,-92,-21,58
468,0,0,0,0,0,0,0,0,0,0,0,0,-123,105,-118,-89,28,15,113,-72,-5,-101,64,-21,119,-104,35,36,69,125,-116,27,19,0,0,0,0,0,0,0,0,0,0,0,-17,-39,-3,-40,-5,119,69,40,93,77,4,-91,-13,-1,67,16,-104,106,-10,-94,110
469,0,0,0,0,0,0,0,0,0,0,0,0,-123,105,-118,-89,28,15,113,-72,-5,-101,64,-21,119,-104,35,36,69,125,-116,27,19,0,0,0,0,0,0,0,0,0,0,0,-17,-39,-3,-40,-5,119,69,40,93,77,4,-91,-13,-1,67,16,-104,106,-10,-94,110
470,0,0,0,0,0,0,0,0,0,0,0,0,-123,105,-118,-89,28,15,113,-72,-5,-101,64,-21,119,-104,35,36,69,125,-116,27,19,0,0,0,0,0,0,0,0,0,0,0,-17,-39,-3,-40,-5,119,69,40,93,77,4,-91,-13,-1,67,16,-104,106,-10,-94,110
471,0,0,0,0,0,0,0,0,0,0,0,0,0,-123,105,-118,-89,28,15,113,-72,-5,-101,64,-21,119,-104,35,36,69,125,-116,27,0,0,0,0,0,0,0,0,0,0,0,0,-17,52,45,38,-123,-59,49,-125,-17,-43,-5,115,46,85,35,-106,-115,-14,-75,-9
472,0,0,0,0,0,0,0,0,0,0,0,0,0,-123,105,-118,-89,28,15,113,-72,-5,-101,64,-21,119,-104,35,36,69,125,-116,27,0,0,0,0,0,0,0,0,0,0,0,0,-17,52,45,38,-123,-59,49,-125,-17,-43,-5,115,46,85,35,-106,-115,-14,-75,-9
473,0,0,0,0,0,0,0,0,0,0,0,0,0,-123,105,-118,-89,28,15,113,-72,-5,-101,64,-21,119,-104,35,36,69,125,-116,27,0,0,0,0,0,0,0,0,0,0,0,0,-17,52,45,38,-123,-59,49,-125,-17,-43,-5,115,46,85,35,-106,-115,-14,-75,-9
474,0,0,0,0,0,0,0,0,0,0,0,0,0,0,-123,105,-118,-89,28,15,113,-72,-5,-101,64,-21,119,-104,35,36,69,125,-116,0,0,0,0,0,0,0,0,0,0,0,0,0,-17,37,51,-104,126,-95,91,-72,73,-44,7,62,25,-126,-40,116,83,-75,63
475,0,0,0,0,0,0,0,0,0,0,0,0,0,0,-123,105,-118,-89,28,15,113,-72,-5,-101,64,-21,119,-104,35,36,69,125,-116,0,0,0,0,0,0,0,0,0,0,0,0,0,-17,37,51,-104,126,-95,91,-72,73,-44,7,62,25,-126,-40,116,83,-75,63
476,0,0,0,0,0,0,0,0,0,0,0,0,0,0,-123,105,-118,-89,28,15,113,-72,-5,-101,64,-21,119,-104,35,36,69,125,-116,0,0,0,0,0,0,0,0,0,0,0,0,0,-17,37,51,-104,126,-95,91,-72,73,-44,7,62,25,-126,-40,116,83,-75,63
477,0,0,0,0,0,0,0,0,0,0,0,0,0,0,0,-123,105,-118,-89,28,15,113,-72,-5,-101,64,-21,119,-104,35,36,69,125,0,0,0,0,0,0,0,0,0,0,0,0,0,0,-17,-89,-123,89,-105,-103,-75,-125,-67,76,-121,-97,-5,-85,77,97,117,-88
478,0,0,0,0,0,0,0,0,0,0,0,0,0,0,0,-123,105,-118,-89,28,15,113,-72,-5,-101,64,-21,119,-104,35,36,69,125,0,0,0,0,0,0,0,0,0,0,0,0,0,0,-17,-89,-123,89,-105,-103,-75,-125,-67,76,-121,-97,-5,-85,77,97,117,-88
479,0,0,0,0,0,0,0,0,0,0,0,0,0,0,0,-123,105,-118,-89,28,15,113,-72,-5,-101,64,-21,119,-104,35,36,69,125,0,0,0,0,0,0,0,0,0,0,0,0,0,0,-17,-89,-123,89,-105,-103,-75,-125,-67,76,-121,-97,-5,-85,77,97,117,-88
480,0,0,0,0,0,0,0,0,0,0,0,0,0,0,0,0,-123,105,-118,-89,28,15,113,-72,-5,-101,64,-21,119,-104,35,36,69,0,0,0,0,0,0,0,0,0,0,0,0,0,0,0,-17,-14,18,-126,4,14,45,-60,55,-96,55,-106,-69,37,-13,-15,-70
481,0,0,0,0,0,0,0,0,0,0,0,0,0,0,0,0,-123,105,-118,-89,28,15,113,-72,-5,-101,64,-21,119,-104,35,36,69,0,0,0,0,0,0,0,0,0,0,0,0,0,0,0,-17,-14,18,-126,4,14,45,-60,55,-96,55,-106,-69,37,-13,-15,-70
482,0,0,0,0,0,0,0,0,0,0,0,0,0,0,0,0,-123,105,-118,-89,28,15,113,-72,-5,-101,64,-21,119,-104,35,36,69,0,0,0,0,0,0,0,0,0,0,0,0,0,0,0,-17,-14,18,-126,4,14,45,-60,55,-96,55,-106,-69,37,-13,-15,-70
483,0,0,0,0,0,0,0,0,0,0,0,0,0,0,0,0,0,-123,105,-118,-89,28,15,113,-72,-5,-101,64,-21,119,-104,35,36,0,0,0,0,0,0,0,0,0,0,0,0,0,0,0,0,-17,34,-95,-102,-126,-15,20,106,-110,-97,83,111,36,-2,-41,-94
484,0,0,0,0,0,0,0,0,0,0,0,0,0,0,0,0,0,-123,105,-118,-89,28,15,113,-72,-5,-101,64,-21,119,-104,35,36,0,0,0,0,0,0,0,0,0,0,0,0,0,0,0,0,-17,34,-95,-102,-126,-15,20,106,-110,-97,83,111,36,-2,-41,-94
485,0,0,0,0,0,0,0,0,0,0,0,0,0,0,0,0,0,-123,105,-118,-89,28,15,113,-72,-5,-101,64,-21,119,-104,35,36,0,0,0,0,0,0,0,0,0,0,0,0,0,0,0,0,-17,34,-95,-102,-126,-15,20,106,-110,-97,83,111,36,-2,-41,-94
486,0,0,0,0,0,0,0,0,0,0,0,0,0,0,0,0,0,0,-123,105,-118,-89,28,15,113,-72,-5,-101,64,-21,119,-104,35,0,0,0,0,0,0,0,0,0,0,0,0,0,0,0,0,0,-17,-23,124,123,114,89,105,103,-15,87,-78,0,-106,22,-23
487,0,0,0,0,0,0,0,0,0,0,0,0,0,0,0,0,0,0,-123,105,-118,-89,28,15,113,-72,-5,-101,64,-21,119,-104,35,0,0,0,0,0,0,0,0,0,0,0,0,0,0,0,0,0,-17,-23,124,123,114,89,105,103,-15,87,-78,0,-106,22,-23
488,0,0,0,0,0,0,0,0,0,0,0,0,0,0,0,0,0,0,-123,105,-118,-89,28,15,113,-72,-5,-101,64,-21,119,-104,35,0,0,0,0,0,0,0,0,0,0,0,0,0,0,0,0,0,-17,-23,124,123,114,89,105,103,-15,87,-78,0,-106,22,-23
489,0,0,0,0,0,0,0,0,0,0,0,0,0,0,0,0,0,0,0,-123,105,-118,-89,28,15,113,-72,-5,-101,64,-21,119,-104,0,0,0,0,0,0,0,0,0,0,0,0,0,0,0,0,0,0,-17,-53,-112,-9,-74,35,27,8,76,43,-94,55,-62,-99
490,0,0,0,0,0,0,0,0,0,0,0,0,0,0,0,0,0,0,0,-123,105,-118,-89,28,15,113,-72,-5,-101,64,-21,119,-104,0,0,0,0,0,0,0,0,0,0,0,0,0,0,0,0,0,0,-17,-53,-112,-9,-74,35,27,8,76,43,-94,55,-62,-99
491,0,0,0,0,0,0,0,0,0,0,0,0,0,0,0,0,0,0,0,-123,105,-118,-89,28,15,113,-72,-5,-101,64,-21,119,-104,0,0,0,0,0,0,0,0,0,0,0,0,0,0,0,0,0,0,-17,-53,-112,-9,-74,35,27,8,76,43,-94,55,-62,-99
492,0,0,0,0,0,0,0,0,0,0,0,0,0,0,0,0,0,0,0,0,-123,105,-118,-89,28,15,113,-72,-5,-101,64,-21,119,0,0,0,0,0,0,0,0,0,0,0,0,0,0,0,0,0,0,0,-17,-55,71,28,-37,26,-36,-92,9,-79,-9,-122,-51
493,0,0,0,0,0,0,0,0,0,0,0,0,0,0,0,0,0,0,0,0,-123,105,-118,-89,28,15,113,-72,-5,-101,64,-21,119,0,0,0,0,0,0,0,0,0,0,0,0,0,0,0,0,0,0,0,-17,-55,71,28,-37,26,-36,-92,9,-79,-9,-122,-51
494,0,0,0,0,0,0,0,0,0,0,0,0,0,0,0,0,0,0,0,0,-123,105,-118,-89,28,15,113,-72,-5,-101,64,-21,119,0,0,0,0,0,0,0,0,0,0,0,0,0,0,0,0,0,0,0,-17,-55,71,28,-37,26,-36,-92,9,-79,-9,-122,-51
495,0,0,0,0,0,0,0,0,0,0,0,0,0,0,0,0,0,0,0,0,0,-123,105,-118,-89,28,15,113,-72,-5,-101,64,-21,0,0,0,0,0,0,0,0,0,0,0,0,0,0,0,0,0,0,0,0,-17,93,-30,-124,-104,-15,-92,112,-16,8,-124,14
496,0,0,0,0,0,0,0,0,0,0,0,0,0,0,0,0,0,0,0,0,0,-123,105,-118,-89,28,15,113,-72,-5,-101,64,-21,0,0,0,0,0,0,0,0,0,0,0,0,0,0,0,0,0,0,0,0,-17,93,-30,-124,-104,-15,-92,112,-16,8,-124,14
497,0,0,0,0,0,0,0,0,0,0,0,0,0,0,0,0,0,0,0,0,0,-123,105,-118,-89,28,15,113,-72,-5,-101,64,-21,0,0,0,0,0,0,0,0,0,0,0,0,0,0,0,0,0,0,0,0,-17,93,-30,-124,-104,-15,-92,112,-16,8,-124,14
498,0,0,0,0,0,0,0,0,0,0,0,0,0,0,0,0,0,0,0,0,0,0,-123,105,-118,-89,28,15,113,-72,-5,-101,64,0,0,0,0,0,0,0,0,0,0,0,0,0,0,0,0,0,0,0,0,0,-17,43,72,23,50,-46,12,-62,72,-31,81
499,0,0,0,0,0,0,0,0,0,0,0,0,0,0,0,0,0,0,0,0,0,0,-123,105,-118,-89,28,15,113,-72,-5,-101,64,0,0,0,0,0,0,0,0,0,0,0,0,0,0,0,0,0,0,0,0,0,-17,43,72,23,50,-46,12,-62,72,-31,81
500,0,0,0,0,0,0,0,0,0,0,0,0,0,0,0,0,0,0,0,0,0,0,-123,105,-118,-89,28,15,113,-72,-5,-101,64,0,0,0,0,0,0,0,0,0,0,0,0,0,0,0,0,0,0,0,0,0,-17,43,72,23,50,-46,12,-62,72,-31,81
501,0,0,0,0,0,0,0,0,0,0,0,0,0,0,0,0,0,0,0,0,0,0,0,-123,105,-118,-89,28,15,113,-72,-5,-101,0,0,0,0,0,0,0,0,0,0,0,0,0,0,0,0,0,0,0,0,0,0,-17,84,-44,-113,57,61,-95,-60,-65,124
502,0,0,0,0,0,0,0,0,0,0,0,0,0,0,0,0,0,0,0,0,0,0,0,-123,105,-118,-89,28,15,113,-72,-5,-101,0,0,0,0,0,0,0,0,0,0,0,0,0,0,0,0,0,0,0,0,0,0,-17,84,-44,-113,57,61,-95,-60,-65,124
503,0,0,0,0,0,0,0,0,0,0,0,0,0,0,0,0,0,0,0,0,0,0,0,-123,105,-118,-89,28,15,113,-72,-5,-101,0,0,0,0,0,0,0,0,0,0,0,0,0,0,0,0,0,0,0,0,0,0,-17,84,-44,-113,57,61,-95,-60,-65,124
504,0,0,0,0,0,0,0,0,0,0,0,0,0,0,0,0,0,0,0,0,0,0,0,0,-123,105,-118,-89,28,15,113,-72,-5,0,0,0,0,0,0,0,0,0,0,0,0,0,0,0,0,0,0,0,0,0,0,0,-17,-122,-56,-35,-62,48,2,5,-117
505,0,0,0,0,0,0,0,0,0,0,0,0,0,0,0,0,0,0,0,0,0,0,0,0,-123,105,-118,-89,28,15,113,-72,-5,0,0,0,0,0,0,0,0,0,0,0,0,0,0,0,0,0,0,0,0,0,0,0,-17,-122,-56,-35,-62,48,2,5,-117
506,0,0,0,0,0,0,0,0,0,0,0,0,0,0,0,0,0,0,0,0,0,0,0,0,-123,105,-118,-89,28,15,113,-72,-5,0,0,0,0,0,0,0,0,0,0,0,0,0,0,0,0,0,0,0,0,0,0,0,-17,-122,-56,-35,-62,48,2,5,-117
507,0,0,0,0,0,0,0,0,0,0,0,0,0,0,0,0,0,0,0,0,0,0,0,0,0,-123,105,-118,-89,28,15,113,-72,0,0,0,0,0,0,0,0,0,0,0,0,0,0,0,0,0,0,0,0,0,0,0,0,-17,-79,-91,49,-121,51,87,12
508,0,0,0,0,0,0,0,0,0,0,0,0,0,0,0,0,0,0,0,0,0,0,0,0,0,-123,105,-118,-89,28,15,113,-72,0,0,0,0,0,0,0,0,0,0,0,0,0,0,0,0,0,0,0,0,0,0,0,0,-17,-79,-91,49,-121,51,87,12
509,0,0,0,0,0,0,0,0,0,0,0,0,0,0,0,0,0,0,0,0,0,0,0,0,0,-123,105,-118,-89,28,15,113,-72,0,0,0,0,0,0,0,0,0,0,0,0,0,0,0,0,0,0,0,0,0,0,0,0,-17,-79,-91,49,-121,51,87,12
510,0,0,0,0,0,0,0,0,0,0,0,0,0,0,0,0,0,0,0,0,0,0,0,0,0,0,-123,105,-118,-89,28,15,113,0,0,0,0,0,0,0,0,0,0,0,0,0,0,0,0,0,0,0,0,0,0,0,0,0,-17,-17,-63,77,18,-62,-2
511,0,0,0,0,0,0,0,0,0,0,0,0,0,0,0,0,0,0,0,0,0,0,0,0,0,0,-123,105,-118,-89,28,15,113,0,0,0,0,0,0,0,0,0,0,0,0,0,0,0,0,0,0,0,0,0,0,0,0,0,-17,-17,-63,77,18,-62,-2
512,0,0,0,0,0,0,0,0,0,0,0,0,0,0,0,0,0,0,0,0,0,0,0,0,0,0,-123,105,-118,-89,28,15,113,0,0,0,0,0,0,0,0,0,0,0,0,0,0,0,0,0,0,0,0,0,0,0,0,0,-17,-17,-63,77,18,-62,-2
513,0,0,0,0,0,0,0,0,0,0,0,0,0,0,0,0,0,0,0,0,0,0,0,0,0,0,0,-123,105,-118,-89,28,15,0,0,0,0,0,0,0,0,0,0,0,0,0,0,0,0,0,0,0,0,0,0,0,0,0,0,-17,110,-20,57,-114,102
514,0,0,0,0,0,0,0,0,0,0,0,0,0,0,0,0,0,0,0,0,0,0,0,0,0,0,0,-123,105,-118,-89,28,15,0,0,0,0,0,0,0,0,0,0,0,0,0,0,0,0,0,0,0,0,0,0,0,0,0,0,-17,110,-20,57,-114,102
515,0,0,0,0,0,0,0,0,0,0,0,0,0,0,0,0,0,0,0,0,0,0,0,0,0,0,0,-123,105,-118,-89,28,15,0,0,0,0,0,0,0,0,0,0,0,0,0,0,0,0,0,0,0,0,0,0,0,0,0,0,-17,110,-20,57,-114,102
516,0,0,0,0,0,0,0,0,0,0,0,0,0,0,0,0,0,0,0,0,0,0,0,0,0,0,0,0,-123,105,-118,-89,28,0,0,0,0,0,0,0,0,0,0,0,0,0,0,0,0,0,0,0,0,0,0,0,0,0,0,0,-17,8,-30,56,31
517,0,0,0,0,0,0,0,0,0,0,0,0,0,0,0,0,0,0,0,0,0,0,0,0,0,0,0,0,-123,105,-118,-89,28,0,0,0,0,0,0,0,0,0,0,0,0,0,0,0,0,0,0,0,0,0,0,0,0,0,0,0,-17,8,-30,56,31
518,0,0,0,0,0,0,0,0,0,0,0,0,0,0,0,0,0,0,0,0,0,0,0,0,0,0,0,0,-123,105,-118,-89,28,0,0,0,0,0,0,0,0,0,0,0,0,0,0,0,0,0,0,0,0,0,0,0,0,0,0,0,-17,8,-30,56,31
519,0,0,0,0,0,0,0,0,0,0,0,0,0,0,0,0,0,0,0,0,0,0,0,0,0,0,0,0,0,-123,105,-118,-89,0,0,0,0,0,0,0,0,0,0,0,0,0,0,0,0,0,0,0,0,0,0,0,0,0,0,0,0,-17,3,65,123
520,0,0,0,0,0,0,0,0,0,0,0,0,0,0,0,0,0,0,0,0,0,0,0,0,0,0,0,0,0,-123,105,-118,-89,0,0,0,0,0,0,0,0,0,0,0,0,0,0,0,0,0,0,0,0,0,0,0,0,0,0,0,0,-17,3,65,123
521,0,0,0,0,0,0,0,0,0,0,0,0,0,0,0,0,0,0,0,0,0,0,0,0,0,0,0,0,0,-123,105,-118,-89,0,0,0,0,0,0,0,0,0,0,0,0,0,0,0,0,0,0,0,0,0,0,0,0,0,0,0,0,-17,3,65,123
522,0,0,0,0,0,0,0,0,0,0,0,0,0,0,0,0,0,0,0,0,0,0,0,0,0,0,0,0,0,0,-123,105,-118,0,0,0,0,0,0,0,0,0,0,0,0,0,0,0,0,0,0,0,0,0,0,0,0,0,0,0,0,0,-17,-123,-119
523,0,0,0,0,0,0,0,0,0,0,0,0,0,0,0,0,0,0,0,0,0,0,0,0,0,0,0,0,0,0,-123,105,-118,0,0,0,0,0,0,0,0,0,0,0,0,0,0,0,0,0,0,0,0,0,0,0,0,0,0,0,0,0,-17,-123,-119
524,0,0,0,0,0,0,0,0,0,0,0,0,0,0,0,0,0,0,0,0,0,0,0,0,0,0,0,0,0,0,-123,105,-118,0,0,0,0,0,0,0,0,0,0,0,0,0,0,0,0,0,0,0,0,0,0,0,0,0,0,0,0,0,-17,-123,-119
525,0,0,0,0,0,0,0,0,0,0,0,0,0,0,0,0,0,0,0,0,0,0,0,0,0,0,0,0,0,0,0,-123,105,0,0,0,0,0,0,0,0,0,0,0,0,0,0,0,0,0,0,0,0,0,0,0,0,0,0,0,0,0,0,-17,-31
526,0,0,0,0,0,0,0,0,0,0,0,0,0,0,0,0,0,0,0,0,0,0,0,0,0,0,0,0,0,0,0,-123,105,0,0,0,0,0,0,0,0,0,0,0,0,0,0,0,0,0,0,0,0,0,0,0,0,0,0,0,0,0,0,-17,-31
527,0,0,0,0,0,0,0,0,0,0,0,0,0,0,0,0,0,0,0,0,0,0,0,0,0,0,0,0,0,0,0,-123,105,0,0,0,0,0,0,0,0,0,0,0,0,0,0,0,0,0,0,0,0,0,0,0,0,0,0,0,0,0,0,-17,-31
528,0,0,0,0,0,0,0,0,0,0,0,0,0,0,0,0,0,0,0,0,0,0,0,0,0,0,0,0,0,0,0,0,-123,0,0,0,0,0,0,0,0,0,0,0,0,0,0,0,0,0,0,0,0,0,0,0,0,0,0,0,0,0,0,0,-17
529,0,0,0,0,0,0,0,0,0,0,0,0,0,0,0,0,0,0,0,0,0,0,0,0,0,0,0,0,0,0,0,0,-123,0,0,0,0,0,0,0,0,0,0,0,0,0,0,0,0,0,0,0,0,0,0,0,0,0,0,0,0,0,0,0,-17
530,0,0,0,0,0,0,0,0,0,0,0,0,0,0,0,0,0,0,0,0,0,0,0,0,0,0,0,0,0,0,0,0,-123,0,0,0,0,0,0,0,0,0,0,0,0,0,0,0,0,0,0,0,0,0,0,0,0,0,0,0,0,0,0,0,-17
531,0,0,0,0,0,0,0,0,0,0,0,0,0,0,0,0,0,0,0,0,0,0,0,0,0,0,0,0,0,0,0,0,0,0,0,0,0,0,0,0,0,0,0,0,0,0,0,0,0,0,0,0,0,0,0,0,0,0,0,0,0,0,0,0,0
532,0,0,0,0,0,0,0,0,0,0,0,0,0,0,0,0,0,0,0,0,0,0,0,0,0,0,0,0,0,0,0,0,0,0,0,0,0,0,0,0,0,0,0,0,0,0,0,0,0,0,0,0,0,0,0,0,0,0,0,0,0,0,0,0,0
533,0,0,0,0,0,0,0,0,0,0,0,0,0,0,0,0,0,0,0,0,0,0,0,0,0,0,0,0,0,0,0,0,0,0,0,0,0,0,0,0,0,0,0,0,0,0,0,0,0,0,0,0,0,0,0,0,0,0,0,0,0,0,0,0,0
534,0,0,0,0,0,0,0,0,0,0,0,0,0,0,0,0,0,0,0,0,0,0,0,0,0,0,0,0,0,0,0,0,0,0,0,0,0,0,0,0,0,0,0,0,0,0,0,0,0,0,0,0,0,0,0,0,0,0,0,0,0,0,0,0,0
535,0,0,0,0,0,0,0,0,0,0,0,0,0,0,0,0,0,0,0,0,0,0,0,0,0,0,0,0,0,0,0,0,0,0,0,0,0,0,0,0,0,0,0,0,0,0,0,0,0,0,0,0,0,0,0,0,0,0,0,0,0,0,0,0,0
536,0,0,0,0,0,0,0,0,0,0,0,0,0,0,0,0,0,0,0,0,0,0,0,0,0,0,0,0,0,0,0,0,0,0,0,0,0,0,0,0,0,0,0,0,0,0,0,0,0,0,0,0,0,0,0,0,0,0,0,0,0,0,0,0,0
537,0,0,0,0,0,0,0,0,0,0,0,0,0,0,0,0,0,0,0,0,0,0,0,0,0,0,0,0,0,0,0,0,0,0,0,0,0,0,0,0,0,0,0,0,0,0,0,0,0,0,0,0,0,0,0,0,0,0,0,0,0,0,0,0,0
538,0,0,0,0,0,0,0,0,0,0,0,0,0,0,0,0,0,0,0,0,0,0,0,0,0,0,0,0,0,0,0,0,0,0,0,0,0,0,0,0,0,0,0,0,0,0,0,0,0,0,0,0,0,0,0,0,0,0,0,0,0,0,0,0,0
539,0,0,0,0,0,0,0,0,0,0,0,0,0,0,0,0,0,0,0,0,0,0,0,0,0,0,0,0,0,0,0,0,0,0,0,0,0,0,0,0,0,0,0,0,0,0,0,0,0,0,0,0,0,0,0,0,0,0,0,0,0,0,0,0,0
540,0,0,0,0,0,0,0,0,0,0,0,0,0,0,0,0,0,0,0,0,0,0,0,0,0,0,0,0,0,0,0,0,0,0,0,0,0,0,0,0,0,0,0,0,0,0,0,0,0,0,0,0,0,0,0,0,0,0,0,0,0,0,0,0,0
541,0,0,0,0,0,0,0,0,0,0,0,0,0,0,0,0,0,0,0,0,0,0,0,0,0,0,0,0,0,0,0,0,0,0,0,0,0,0,0,0,0,0,0,0,0,0,0,0,0,0,0,0,0,0,0,0,0,0,0,0,0,0,0,0,0
542,0,0,0,0,0,0,0,0,0,0,0,0,0,0,0,0,0,0,0,0,0,0,0,0,0,0,0,0,0,0,0,0,0,0,0,0,0,0,0,0,0,0,0,0,0,0,0,0,0,0,0,0,0,0,0,0,0,0,0,0,0,0,0,0,0
543,0,0,0,0,0,0,0,0,0,0,0,0,0,0,0,0,0,0,0,0,0,0,0,0,0,0,0,0,0,0,0,0,0,0,0,0,0,0,0,0,0,0,0,0,0,0,0,0,0,0,0,0,0,0,0,0,0,0,0,0,0,0,0,0,0
544,0,0,0,0,0,0,0,0,0,0,0,0,0,0,0,0,0,0,0,0,0,0,0,0,0,0,0,0,0,0,0,0,0,0,0,0,0,0,0,0,0,0,0,0,0,0,0,0,0,0,0,0,0,0,0,0,0,0,0,0,0,0,0,0,0
545,0,0,0,0,0,0,0,0,0,0,0,0,0,0,0,0,0,0,0,0,0,0,0,0,0,0,0,0,0,0,0,0,0,0,0,0,0,0,0,0,0,0,0,0,0,0,0,0,0,0,0,0,0,0,0,0,0,0,0,0,0,0,0,0,0
546,0,0,0,0,0,0,0,0,0,0,0,0,0,0,0,0,0,0,0,0,0,0,0,0,0,0,0,0,0,0,0,0,0,0,0,0,0,0,0,0,0,0,0,0,0,0,0,0,0,0,0,0,0,0,0,0,0,0,0,0,0,0,0,0,0
547,0,0,0,0,0,0,0,0,0,0,0,0,0,0,0,0,0,0,0,0,0,0,0,0,0,0,0,0,0,0,0,0,0,0,0,0,0,0,0,0,0,0,0,0,0,0,0,0,0,0,0,0,0,0,0,0,0,0,0,0,0,0,0,0,0
548,0,0,0,0,0,0,0,0,0,0,0,0,0,0,0,0,0,0,0,0,0,0,0,0,0,0,0,0,0,0,0,0,0,0,0,0,0,0,0,0,0,0,0,0,0,0,0,0,0,0,0,0,0,0,0,0,0,0,0,0,0,0,0,0,0
549,0,0,0,0,0,0,0,0,0,0,0,0,0,0,0,0,0,0,0,0,0,0,0,0,0,0,0,0,0,0,0,0,0,0,0,0,0,0,0,0,0,0,0,0,0,0,0,0,0,0,0,0,0,0,0,0,0,0,0,0,0,0,0,0,0
550,0,0,0,0,0,0,0,0,0,0,0,0,0,0,0,0,0,0,0,0,0,0,0,0,0,0,0,0,0,0,0,0,0,0,0,0,0,0,0,0,0,0,0,0,0,0,0,0,0,0,0,0,0,0,0,0,0,0,0,0,0,0,0,0,0
551,0,0,0,0,0,0,0,0,0,0,0,0,0,0,0,0,0,0,0,0,0,0,0,0,0,0,0,0,0,0,0,0,0,0,0,0,0,0,0,0,0,0,0,0,0,0,0,0,0,0,0,0,0,0,0,0,0,0,0,0,0,0,0,0,0
552,0,0,0,0,0,0,0,0,0,0,0,0,0,0,0,0,0,0,0,0,0,0,0,0,0,0,0,0,0,0,0,0,0,0,0,0,0,0,0,0,0,0,0,0,0,0,0,0,0,0,0,0,0,0,0,0,0,0,0,0,0,0,0,0,0
553,0,0,0,0,0,0,0,0,0,0,0,0,0,0,0,0,0,0,0,0,0,0,0,0,0,0,0,0,0,0,0,0,0,0,0,0,0,0,0,0,0,0,0,0,0,0,0,0,0,0,0,0,0,0,0,0,0,0,0,0,0,0,0,0,0
554,0,0,0,0,0,0,0,0,0,0,0,0,0,0,0,0,0,0,0,0,0,0,0,0,0,0,0,0,0,0,0,0,0,0,0,0,0,0,0,0,0,0,0,0,0,0,0,0,0,0,0,0,0,0,0,0,0,0,0,0,0,0,0,0,0
555,0,0,0,0,0,0,0,0,0,0,0,0,0,0,0,0,0,0,0,0,0,0,0,0,0,0,0,0,0,0,0,0,0,0,0,0,0,0,0,0,0,0,0,0,0,0,0,0,0,0,0,0,0,0,0,0,0,0,0,0,0,0,0,0,0
556,0,0,0,0,0,0,0,0,0,0,0,0,0,0,0,0,0,0,0,0,0,0,0,0,0,0,0,0,0,0,0,0,0,0,0,0,0,0,0,0,0,0,0,0,0,0,0,0,0,0,0,0,0,0,0,0,0,0,0,0,0,0,0,0,0
557,0,0,0,0,0,0,0,0,0,0,0,0,0,0,0,0,0,0,0,0,0,0,0,0,0,0,0,0,0,0,0,0,0,0,0,0,0,0,0,0,0,0,0,0,0,0,0,0,0,0,0,0,0,0,0,0,0,0,0,0,0,0,0,0,0
558,0,0,0,0,0,0,0,0,0,0,0,0,0,0,0,0,0,0,0,0,0,0,0,0,0,0,0,0,0,0,0,0,0,0,0,0,0,0,0,0,0,0,0,0,0,0,0,0,0,0,0,0,0,0,0,0,0,0,0,0,0,0,0,0,0
559,0,0,0,0,0,0,0,0,0,0,0,0,0,0,0,0,0,0,0,0,0,0,0,0,0,0,0,0,0,0,0,0,0,0,0,0,0,0,0,0,0,0,0,0,0,0,0,0,0,0,0,0,0,0,0,0,0,0,0,0,0,0,0,0,0
560,0,0,0,0,0,0,0,0,0,0,0,0,0,0,0,0,0,0,0,0,0,0,0,0,0,0,0,0,0,0,0,0,0,0,0,0,0,0,0,0,0,0,0,0,0,0,0,0,0,0,0,0,0,0,0,0,0,0,0,0,0,0,0,0,0
561,0,0,0,0,0,0,0,0,0,0,0,0,0,0,0,0,0,0,0,0,0,0,0,0,0,0,0,0,0,0,0,0,0,0,0,0,0,0,0,0,0,0,0,0,0,0,0,0,0,0,0,0,0,0,0,0,0,0,0,0,0,0,0,0,0
562,0,0,0,0,0,0,0,0,0,0,0,0,0,0,0,0,0,0,0,0,0,0,0,0,0,0,0,0,0,0,0,0,0,0,0,0,0,0,0,0,0,0,0,0,0,0,0,0,0,0,0,0,0,0,0,0,0,0,0,0,0,0,0,0,0
563,0,0,0,0,0,0,0,0,0,0,0,0,0,0,0,0,0,0,0,0,0,0,0,0,0,0,0,0,0,0,0,0,0,0,0,0,0,0,0,0,0,0,0,0,0,0,0,0,0,0,0,0,0,0,0,0,0,0,0,0,0,0,0,0,0
564,0,0,0,0,0,0,0,0,0,0,0,0,0,0,0,0,0,0,0,0,0,0,0,0,0,0,0,0,0,0,0,0,0,0,0,0,0,0,0,0,0,0,0,0,0,0,0,0,0,0,0,0,0,0,0,0,0,0,0,0,0,0,0,0,0
565,0,0,0,0,0,0,0,0,0,0,0,0,0,0,0,0,0,0,0,0,0,0,0,0,0,0,0,0,0,0,0,0,0,0,0,0,0,0,0,0,0,0,0,0,0,0,0,0,0,0,0,0,0,0,0,0,0,0,0,0,0,0,0,0,0
566,0,0,0,0,0,0,0,0,0,0,0,0,0,0,0,0,0,0,0,0,0,0,0,0,0,0,0,0,0,0,0,0,0,0,0,0,0,0,0,0,0,0,0,0,0,0,0,0,0,0,0,0,0,0,0,0,0,0,0,0,0,0,0,0,0
567,0,0,0,0,0,0,0,0,0,0,0,0,0,0,0,0,0,0,0,0,0,0,0,0,0,0,0,0,0,0,0,0,0,0,0,0,0,0,0,0,0,0,0,0,0,0,0,0,0,0,0,0,0,0,0,0,0,0,0,0,0,0,0,0,0
568,0,0,0,0,0,0,0,0,0,0,0,0,0,0,0,0,0,0,0,0,0,0,0,0,0,0,0,0,0,0,0,0,0,0,0,0,0,0,0,0,0,0,0,0,0,0,0,0,0,0,0,0,0,0,0,0,0,0,0,0,0,0,0,0,0
569,0,0,0,0,0,0,0,0,0,0,0,0,0,0,0,0,0,0,0,0,0,0,0,0,0,0,0,0,0,0,0,0,0,0,0,0,0,0,0,0,0,0,0,0,0,0,0,0,0,0,0,0,0,0,0,0,0,0,0,0,0,0,0,0,0
570,0,0,0,0,0,0,0,0,0,0,0,0,0,0,0,0,0,0,0,0,0,0,0,0,0,0,0,0,0,0,0,0,0,0,0,0,0,0,0,0,0,0,0,0,0,0,0,0,0,0,0,0,0,0,0,0,0,0,0,0,0,0,0,0,0
571,0,0,0,0,0,0,0,0,0,0,0,0,0,0,0,0,0,0,0,0,0,0,0,0,0,0,0,0,0,0,0,0,0,0,0,0,0,0,0,0,0,0,0,0,0,0,0,0,0,0,0,0,0,0,0,0,0,0,0,0,0,0,0,0,0
572,0,0,0,0,0,0,0,0,0,0,0,0,0,0,0,0,0,0,0,0,0,0,0,0,0,0,0,0,0,0,0,0,0,0,0,0,0,0,0,0,0,0,0,0,0,0,0,0,0,0,0,0,0,0,0,0,0,0,0,0,0,0,0,0,0
573,0,0,0,0,0,0,0,0,0,0,0,0,0,0,0,0,0,0,0,0,0,0,0,0,0,0,0,0,0,0,0,0,0,0,0,0,0,0,0,0,0,0,0,0,0,0,0,0,0,0,0,0,0,0,0,0,0,0,0,0,0,0,0,0,0
574,0,0,0,0,0,0,0,0,0,0,0,0,0,0,0,0,0,0,0,0,0,0,0,0,0,0,0,0,0,0,0,0,0,0,0,0,0,0,0,0,0,0,0,0,0,0,0,0,0,0,0,0,0,0,0,0,0,0,0,0,0,0,0,0,0
575,0,0,0,0,0,0,0,0,0,0,0,0,0,0,0,0,0,0,0,0,0,0,0,0,0,0,0,0,0,0,0,0,0,0,0,0,0,0,0,0,0,0,0,0,0,0,0,0,0,0,0,0,0,0,0,0,0,0,0,0,0,0,0,0,0
576,0,0,0,0,0,0,0,0,0,0,0,0,0,0,0,0,0,0,0,0,0,0,0,0,0,0,0,0,0,0,0,0,0,0,0,0,0,0,0,0,0,0,0,0,0,0,0,0,0,0,0,0,0,0,0,0,0,0,0,0,0,0,0,0,0
577,0,0,0,0,0,0,0,0,0,0,0,0,0,0,0,0,0,0,0,0,0,0,0,0,0,0,0,0,0,0,0,0,0,0,0,0,0,0,0,0,0,0,0,0,0,0,0,0,0,0,0,0,0,0,0,0,0,0,0,0,0,0,0,0,0
578,0,0,0,0,0,0,0,0,0,0,0,0,0,0,0,0,0,0,0,0,0,0,0,0,0,0,0,0,0,0,0,0,0,0,0,0,0,0,0,0,0,0,0,0,0,0,0,0,0,0,0,0,0,0,0,0,0,0,0,0,0,0,0,0,0
579,0,0,0,0,0,0,0,0,0,0,0,0,0,0,0,0,0,0,0,0,0,0,0,0,0,0,0,0,0,0,0,0,0,0,0,0,0,0,0,0,0,0,0,0,0,0,0,0,0,0,0,0,0,0,0,0,0,0,0,0,0,0,0,0,0
580,0,0,0,0,0,0,0,0,0,0,0,0,0,0,0,0,0,0,0,0,0,0,0,0,0,0,0,0,0,0,0,0,0,0,0,0,0,0,0,0,0,0,0,0,0,0,0,0,0,0,0,0,0,0,0,0,0,0,0,0,0,0,0,0,0
581,0,0,0,0,0,0,0,0,0,0,0,0,0,0,0,0,0,0,0,0,0,0,0,0,0,0,0,0,0,0,0,0,0,0,0,0,0,0,0,0,0,0,0,0,0,0,0,0,0,0,0,0,0,0,0,0,0,0,0,0,0,0,0,0,0
582,0,0,0,0,0,0,0,0,0,0,0,0,0,0,0,0,0,0,0,0,0,0,0,0,0,0,0,0,0,0,0,0,0,0,0,0,0,0,0,0,0,0,0,0,0,0,0,0,0,0,0,0,0,0,0,0,0,0,0,0,0,0,0,0,0
583,0,0,0,0,0,0,0,0,0,0,0,0,0,0,0,0,0,0,0,0,0,0,0,0,0,0,0,0,0,0,0,0,0,0,0,0,0,0,0,0,0,0,0,0,0,0,0,0,0,0,0,0,0,0,0,0,0,0,0,0,0,0,0,0,0
584,0,0,0,0,0,0,0,0,0,0,0,0,0,0,0,0,0,0,0,0,0,0,0,0,0,0,0,0,0,0,0,0,0,0,0,0,0,0,0,0,0,0,0,0,0,0,0,0,0,0,0,0,0,0,0,0,0,0,0,0,0,0,0,0,0
585,0,0,0,0,0,0,0,0,0,0,0,0,0,0,0,0,0,0,0,0,0,0,0,0,0,0,0,0,0,0,0,0,0,0,0,0,0,0,0,0,0,0,0,0,0,0,0,0,0,0,0,0,0,0,0,0,0,0,0,0,0,0,0,0,0
586,0,0,0,0,0,0,0,0,0,0,0,0,0,0,0,0,0,0,0,0,0,0,0,0,0,0,0,0,0,0,0,0,0,0,0,0,0,0,0,0,0,0,0,0,0,0,0,0,0,0,0,0,0,0,0,0,0,0,0,0,0,0,0,0,0
587,0,0,0,0,0,0,0,0,0,0,0,0,0,0,0,0,0,0,0,0,0,0,0,0,0,0,0,0,0,0,0,0,0,0,0,0,0,0,0,0,0,0,0,0,0,0,0,0,0,0,0,0,0,0,0,0,0,0,0,0,0,0,0,0,0
588,0,0,0,0,0,0,0,0,0,0,0,0,0,0,0,0,0,0,0,0,0,0,0,0,0,0,0,0,0,0,0,0,0,0,0,0,0,0,0,0,0,0,0,0,0,0,0,0,0,0,0,0,0,0,0,0,0,0,0,0,0,0,0,0,0
589,0,0,0,0,0,0,0,0,0,0,0,0,0,0,0,0,0,0,0,0,0,0,0,0,0,0,0,0,0,0,0,0,0,0,0,0,0,0,0,0,0,0,0,0,0,0,0,0,0,0,0,0,0,0,0,0,0,0,0,0,0,0,0,0,0
590,0,0,0,0,0,0,0,0,0,0,0,0,0,0,0,0,0,0,0,0,0,0,0,0,0,0,0,0,0,0,0,0,0,0,0,0,0,0,0,0,0,0,0,0,0,0,0,0,0,0,0,0,0,0,0,0,0,0,0,0,0,0,0,0,0
591,0,0,0,0,0,0,0,0,0,0,0,0,0,0,0,0,0,0,0,0,0,0,0,0,0,0,0,0,0,0,0,0,0,0,0,0,0,0,0,0,0,0,0,0,0,0,0,0,0,0,0,0,0,0,0,0,0,0,0,0,0,0,0,0,0
592,0,0,0,0,0,0,0,0,0,0,0,0,0,0,0,0,0,0,0,0,0,0,0,0,0,0,0,0,0,0,0,0,0,0,0,0,0,0,0,0,0,0,0,0,0,0,0,0,0,0,0,0,0,0,0,0,0,0,0,0,0,0,0,0,0
593,0,0,0,0,0,0,0,0,0,0,0,0,0,0,0,0,0,0,0,0,0,0,0,0,0,0,0,0,0,0,0,0,0,0,0,0,0,0,0,0,0,0,0,0,0,0,0,0,0,0,0,0,0,0,0,0,0,0,0,0,0,0,0,0,0
594,0,0,0,0,0,0,0,0,0,0,0,0,0,0,0,0,0,0,0,0,0,0,0,0,0,0,0,0,0,0,0,0,0,0,0,0,0,0,0,0,0,0,0,0,0,0,0,0,0,0,0,0,0,0,0,0,0,0,0,0,0,0,0,0,0
595,0,0,0,0,0,0,0,0,0,0,0,0,0,0,0,0,0,0,0,0,0,0,0,0,0,0,0,0,0,0,0,0,0,0,0,0,0,0,0,0,0,0,0,0,0,0,0,0,0,0,0,0,0,0,0,0,0,0,0,0,0,0,0,0,0
596,0,0,0,0,0,0,0,0,0,0,0,0,0,0,0,0,0,0,0,0,0,0,0,0,0,0,0,0,0,0,0,0,0,0,0,0,0,0,0,0,0,0,0,0,0,0,0,0,0,0,0,0,0,0,0,0,0,0,0,0,0,0,0,0,0
597,0,0,0,0,0,0,0,0,0,0,0,0,0,0,0,0,0,0,0,0,0,0,0,0,0,0,0,0,0,0,0,0,0,0,0,0,0,0,0,0,0,0,0,0,0,0,0,0,0,0,0,0,0,0,0,0,0,0,0,0,0,0,0,0,0
598,0,0,0,0,0,0,0,0,0,0,0,0,0,0,0,0,0,0,0,0,0,0,0,0,0,0,0,0,0,0,0,0,0,0,0,0,0,0,0,0,0,0,0,0,0,0,0,0,0,0,0,0,0,0,0,0,0,0,0,0,0,0,0,0,0
599,0,0,0,0,0,0,0,0,0,0,0,0,0,0,0,0,0,0,0,0,0,0,0,0,0,0,0,0,0,0,0,0,0,0,0,0,0,0,0,0,0,0,0,0,0,0,0,0,0,0,0,0,0,0,0,0,0,0,0,0,0,0,0,0,0
600,0,0,0,0,0,0,0,0,0,0,0,0,0,0,0,0,0,0,0,0,0,0,0,0,0,0,0,0,0,0,0,0,0,0,0,0,0,0,0,0,0,0,0,0,0,0,0,0,0,0,0,0,0,0,0,0,0,0,0,0,0,0,0,0,0
601,0,0,0,0,0,0,0,0,0,0,0,0,0,0,0,0,0,0,0,0,0,0,0,0,0,0,0,0,0,0,0,0,0,0,0,0,0,0,0,0,0,0,0,0,0,0,0,0,0,0,0,0,0,0,0,0,0,0,0,0,0,0,0,0,0
602,0,0,0,0,0,0,0,0,0,0,0,0,0,0,0,0,0,0,0,0,0,0,0,0,0,0,0,0,0,0,0,0,0,0,0,0,0,0,0,0,0,0,0,0,0,0,0,0,0,0,0,0,0,0,0,0,0,0,0,0,0,0,0,0,0
603,0,0,0,0,0,0,0,0,0,0,0,0,0,0,0,0,0,0,0,0,0,0,0,0,0,0,0,0,0,0,0,0,0,0,0,0,0,0,0,0,0,0,0,0,0,0,0,0,0,0,0,0,0,0,0,0,0,0,0,0,0,0,0,0,0
604,0,0,0,0,0,0,0,0,0,0,0,0,0,0,0,0,0,0,0,0,0,0,0,0,0,0,0,0,0,0,0,0,0,0,0,0,0,0,0,0,0,0,0,0,0,0,0,0,0,0,0,0,0,0,0,0,0,0,0,0,0,0,0,0,0
605,0,0,0,0,0,0,0,0,0,0,0,0,0,0,0,0,0,0,0,0,0,0,0,0,0,0,0,0,0,0,0,0,0,0,0,0,0,0,0,0,0,0,0,0,0,0,0,0,0,0,0,0,0,0,0,0,0,0,0,0,0,0,0,0,0
606,0,0,0,0,0,0,0,0,0,0,0,0,0,0,0,0,0,0,0,0,0,0,0,0,0,0,0,0,0,0,0,0,0,0,0,0,0,0,0,0,0,0,0,0,0,0,0,0,0,0,0,0,0,0,0,0,0,0,0,0,0,0,0,0,0
607,0,0,0,0,0,0,0,0,0,0,0,0,0,0,0,0,0,0,0,0,0,0,0,0,0,0,0,0,0,0,0,0,0,0,0,0,0,0,0,0,0,0,0,0,0,0,0,0,0,0,0,0,0,0,0,0,0,0,0,0,0,0,0,0,0
608,0,0,0,0,0,0,0,0,0,0,0,0,0,0,0,0,0,0,0,0,0,0,0,0,0,0,0,0,0,0,0,0,0,0,0,0,0,0,0,0,0,0,0,0,0,0,0,0,0,0,0,0,0,0,0,0,0,0,0,0,0,0,0,0,0
609,0,0,0,0,0,0,0,0,0,0,0,0,0,0,0,0,0,0,0,0,0,0,0,0,0,0,0,0,0,0,0,0,0,0,0,0,0,0,0,0,0,0,0,0,0,0,0,0,0,0,0,0,0,0,0,0,0,0,0,0,0,0,0,0,0
610,0,0,0,0,0,0,0,0,0,0,0,0,0,0,0,0,0,0,0,0,0,0,0,0,0,0,0,0,0,0,0,0,0,0,0,0,0,0,0,0,0,0,0,0,0,0,0,0,0,0,0,0,0,0,0,0,0,0,0,0,0,0,0,0,0
611,0,0,0,0,0,0,0,0,0,0,0,0,0,0,0,0,0,0,0,0,0,0,0,0,0,0,0,0,0,0,0,0,0,0,0,0,0,0,0,0,0,0,0,0,0,0,0,0,0,0,0,0,0,0,0,0,0,0,0,0,0,0,0,0,0
612,0,0,0,0,0,0,0,0,0,0,0,0,0,0,0,0,0,0,0,0,0,0,0,0,0,0,0,0,0,0,0,0,0,0,0,0,0,0,0,0,0,0,0,0,0,0,0,0,0,0,0,0,0,0,0,0,0,0,0,0,0,0,0,0,0
613,0,0,0,0,0,0,0,0,0,0,0,0,0,0,0,0,0,0,0,0,0,0,0,0,0,0,0,0,0,0,0,0,0,0,0,0,0,0,0,0,0,0,0,0,0,0,0,0,0,0,0,0,0,0,0,0,0,0,0,0,0,0,0,0,0
614,0,0,0,0,0,0,0,0,0,0,0,0,0,0,0,0,0,0,0,0,0,0,0,0,0,0,0,0,0,0,0,0,0,0,0,0,0,0,0,0,0,0,0,0,0,0,0,0,0,0,0,0,0,0,0,0,0,0,0,0,0,0,0,0,0
615,0,0,0,0,0,0,0,0,0,0,0,0,0,0,0,0,0,0,0,0,0,0,0,0,0,0,0,0,0,0,0,0,0,0,0,0,0,0,0,0,0,0,0,0,0,0,0,0,0,0,0,0,0,0,0,0,0,0,0,0,0,0,0,0,0
616,0,0,0,0,0,0,0,0,0,0,0,0,0,0,0,0,0,0,0,0,0,0,0,0,0,0,0,0,0,0,0,0,0,0,0,0,0,0,0,0,0,0,0,0,0,0,0,0,0,0,0,0,0,0,0,0,0,0,0,0,0,0,0,0,0
617,0,0,0,0,0,0,0,0,0,0,0,0,0,0,0,0,0,0,0,0,0,0,0,0,0,0,0,0,0,0,0,0,0,0,0,0,0,0,0,0,0,0,0,0,0,0,0,0,0,0,0,0,0,0,0,0,0,0,0,0,0,0,0,0,0
618,0,0,0,0,0,0,0,0,0,0,0,0,0,0,0,0,0,0,0,0,0,0,0,0,0,0,0,0,0,0,0,0,0,0,0,0,0,0,0,0,0,0,0,0,0,0,0,0,0,0,0,0,0,0,0,0,0,0,0,0,0,0,0,0,0
619,0,0,0,0,0,0,0,0,0,0,0,0,0,0,0,0,0,0,0,0,0,0,0,0,0,0,0,0,0,0,0,0,0,0,0,0,0,0,0,0,0,0,0,0,0,0,0,0,0,0,0,0,0,0,0,0,0,0,0,0,0,0,0,0,0
620,0,0,0,0,0,0,0,0,0,0,0,0,0,0,0,0,0,0,0,0,0,0,0,0,0,0,0,0,0,0,0,0,0,0,0,0,0,0,0,0,0,0,0,0,0,0,0,0,0,0,0,0,0,0,0,0,0,0,0,0,0,0,0,0,0
621,0,0,0,0,0,0,0,0,0,0,0,0,0,0,0,0,0,0,0,0,0,0,0,0,0,0,0,0,0,0,0,0,0,0,0,0,0,0,0,0,0,0,0,0,0,0,0,0,0,0,0,0,0,0,0,0,0,0,0,0,0,0,0,0,0
622,0,0,0,0,0,0,0,0,0,0,0,0,0,0,0,0,0,0,0,0,0,0,0,0,0,0,0,0,0,0,0,0,0,0,0,0,0,0,0,0,0,0,0,0,0,0,0,0,0,0,0,0,0,0,0,0,0,0,0,0,0,0,0,0,0
623,0,0,0,0,0,0,0,0,0,0,0,0,0,0,0,0,0,0,0,0,0,0,0,0,0,0,0,0,0,0,0,0,0,0,0,0,0,0,0,0,0,0,0,0,0,0,0,0,0,0,0,0,0,0,0,0,0,0,0,0,0,0,0,0,0
624,0,0,0,0,0,0,0,0,0,0,0,0,0,0,0,0,0,0,0,0,0,0,0,0,0,0,0,0,0,0,0,0,0,0,0,0,0,0,0,0,0,0,0,0,0,0,0,0,0,0,0,0,0,0,0,0,0,0,0,0,0,0,0,0,0
625,0,0,0,0,0,0,0,0,0,0,0,0,0,0,0,0,0,0,0,0,0,0,0,0,0,0,0,0,0,0,0,0,0,0,0,0,0,0,0,0,0,0,0,0,0,0,0,0,0,0,0,0,0,0,0,0,0,0,0,0,0,0,0,0,0
626,0,0,0,0,0,0,0,0,0,0,0,0,0,0,0,0,0,0,0,0,0,0,0,0,0,0,0,0,0,0,0,0,0,0,0,0,0,0,0,0,0,0,0,0,0,0,0,0,0,0,0,0,0,0,0,0,0,0,0,0,0,0,0,0,0
627,0,0,0,0,0,0,0,0,0,0,0,0,0,0,0,0,0,0,0,0,0,0,0,0,0,0,0,0,0,0,0,0,0,0,0,0,0,0,0,0,0,0,0,0,0,0,0,0,0,0,0,0,0,0,0,0,0,0,0,0,0,0,0,0,0
628,0,0,0,0,0,0,0,0,0,0,0,0,0,0,0,0,0,0,0,0,0,0,0,0,0,0,0,0,0,0,0,0,0,0,0,0,0,0,0,0,0,0,0,0,0,0,0,0,0,0,0,0,0,0,0,0,0,0,0,0,0,0,0,0,0
629,0,0,0,0,0,0,0,0,0,0,0,0,0,0,0,0,0,0,0,0,0,0,0,0,0,0,0,0,0,0,0,0,0,0,0,0,0,0,0,0,0,0,0,0,0,0,0,0,0,0,0,0,0,0,0,0,0,0,0,0,0,0,0,0,0
630,0,0,0,0,0,0,0,0,0,0,0,0,0,0,0,0,0,0,0,0,0,0,0,0,0,0,0,0,0,0,0,0,0,0,0,0,0,0,0,0,0,0,0,0,0,0,0,0,0,0,0,0,0,0,0,0,0,0,0,0,0,0,0,0,0
631,0,0,0,0,0,0,0,0,0,0,0,0,0,0,0,0,0,0,0,0,0,0,0,0,0,0,0,0,0,0,0,0,0,0,0,0,0,0,0,0,0,0,0,0,0,0,0,0,0,0,0,0,0,0,0,0,0,0,0,0,0,0,0,0,0
632,0,0,0,0,0,0,0,0,0,0,0,0,0,0,0,0,0,0,0,0,0,0,0,0,0,0,0,0,0,0,0,0,0,0,0,0,0,0,0,0,0,0,0,0,0,0,0,0,0,0,0,0,0,0,0,0,0,0,0,0,0,0,0,0,0
633,0,0,0,0,0,0,0,0,0,0,0,0,0,0,0,0,0,0,0,0,0,0,0,0,0,0,0,0,0,0,0,0,0,0,0,0,0,0,0,0,0,0,0,0,0,0,0,0,0,0,0,0,0,0,0,0,0,0,0,0,0,0,0,0,0
634,0,0,0,0,0,0,0,0,0,0,0,0,0,0,0,0,0,0,0,0,0,0,0,0,0,0,0,0,0,0,0,0,0,0,0,0,0,0,0,0,0,0,0,0,0,0,0,0,0,0,0,0,0,0,0,0,0,0,0,0,0,0,0,0,0
635,0,0,0,0,0,0,0,0,0,0,0,0,0,0,0,0,0,0,0,0,0,0,0,0,0,0,0,0,0,0,0,0,0,0,0,0,0,0,0,0,0,0,0,0,0,0,0,0,0,0,0,0,0,0,0,0,0,0,0,0,0,0,0,0,0
636,0,0,0,0,0,0,0,0,0,0,0,0,0,0,0,0,0,0,0,0,0,0,0,0,0,0,0,0,0,0,0,0,0,0,0,0,0,0,0,0,0,0,0,0,0,0,0,0,0,0,0,0,0,0,0,0,0,0,0,0,0,0,0,0,0
637,0,0,0,0,0,0,0,0,0,0,0,0,0,0,0,0,0,0,0,0,0,0,0,0,0,0,0,0,0,0,0,0,0,0,0,0,0,0,0,0,0,0,0,0,0,0,0,0,0,0,0,0,0,0,0,0,0,0,0,0,0,0,0,0,0
638,0,0,0,0,0,0,0,0,0,0,0,0,0,0,0,0,0,0,0,0,0,0,0,0,0,0,0,0,0,0,0,0,0,0,0,0,0,0,0,0,0,0,0,0,0,0,0,0,0,0,0,0,0,0,0,0,0,0,0,0,0,0,0,0,0
639,0,0,0,0,0,0,0,0,0,0,0,0,0,0,0,0,0,0,0,0,0,0,0,0,0,0,0,0,0,0,0,0,0,0,0,0,0,0,0,0,0,0,0,0,0,0,0,0,0,0,0,0,0,0,0,0,0,0,0,0,0,0,0,0,0
640,0,0,0,0,0,0,0,0,0,0,0,0,0,0,0,0,0,0,0,0,0,0,0,0,0,0,0,0,0,0,0,0,0,0,0,0,0,0,0,0,0,0,0,0,0,0,0,0,0,0,0,0,0,0,0,0,0,0,0,0,0,0,0,0,0
641,0,0,0,0,0,0,0,0,0,0,0,0,0,0,0,0,0,0,0,0,0,0,0,0,0,0,0,0,0,0,0,0,0,0,0,0,0,0,0,0,0,0,0,0,0,0,0,0,0,0,0,0,0,0,0,0,0,0,0,0,0,0,0,0,0
642,0,0,0,0,0,0,0,0,0,0,0,0,0,0,0,0,0,0,0,0,0,0,0,0,0,0,0,0,0,0,0,0,0,0,0,0,0,0,0,0,0,0,0,0,0,0,0,0,0,0,0,0,0,0,0,0,0,0,0,0,0,0,0,0,0
643,0,0,0,0,0,0,0,0,0,0,0,0,0,0,0,0,0,0,0,0,0,0,0,0,0,0,0,0,0,0,0,0,0,0,0,0,0,0,0,0,0,0,0,0,0,0,0,0,0,0,0,0,0,0,0,0,0,0,0,0,0,0,0,0,0
644,0,0,0,0,0,0,0,0,0,0,0,0,0,0,0,0,0,0,0,0,0,0,0,0,0,0,0,0,0,0,0,0,0,0,0,0,0,0,0,0,0,0,0,0,0,0,0,0,0,0,0,0,0,0,0,0,0,0,0,0,0,0,0,0,0
645,0,0,0,0,0,0,0,0,0,0,0,0,0,0,0,0,0,0,0,0,0,0,0,0,0,0,0,0,0,0,0,0,0,0,0,0,0,0,0,0,0,0,0,0,0,0,0,0,0,0,0,0,0,0,0,0,0,0,0,0,0,0,0,0,0
646,0,0,0,0,0,0,0,0,0,0,0,0,0,0,0,0,0,0,0,0,0,0,0,0,0,0,0,0,0,0,0,0,0,0,0,0,0,0,0,0,0,0,0,0,0,0,0,0,0,0,0,0,0,0,0,0,0,0,0,0,0,0,0,0,0
647,0,0,0,0,0,0,0,0,0,0,0,0,0,0,0,0,0,0,0,0,0,0,0,0,0,0,0,0,0,0,0,0,0,0,0,0,0,0,0,0,0,0,0,0,0,0,0,0,0,0,0,0,0,0,0,0,0,0,0,0,0,0,0,0,0
648,0,0,0,0,0,0,0,0,0,0,0,0,0,0,0,0,0,0,0,0,0,0,0,0,0,0,0,0,0,0,0,0,0,0,0,0,0,0,0,0,0,0,0,0,0,0,0,0,0,0,0,0,0,0,0,0,0,0,0,0,0,0,0,0,0
649,0,0,0,0,0,0,0,0,0,0,0,0,0,0,0,0,0,0,0,0,0,0,0,0,0,0,0,0,0,0,0,0,0,0,0,0,0,0,0,0,0,0,0,0,0,0,0,0,0,0,0,0,0,0,0,0,0,0,0,0,0,0,0,0,0
650,0,0,0,0,0,0,0,0,0,0,0,0,0,0,0,0,0,0,0,0,0,0,0,0,0,0,0,0,0,0,0,0,0,0,0,0,0,0,0,0,0,0,0,0,0,0,0,0,0,0,0,0,0,0,0,0,0,0,0,0,0,0,0,0,0
651,0,0,0,0,0,0,0,0,0,0,0,0,0,0,0,0,0,0,0,0,0,0,0,0,0,0,0,0,0,0,0,0,0,0,0,0,0,0,0,0,0,0,0,0,0,0,0,0,0,0,0,0,0,0,0,0,0,0,0,0,0,0,0,0,0
652,0,0,0,0,0,0,0,0,0,0,0,0,0,0,0,0,0,0,0,0,0,0,0,0,0,0,0,0,0,0,0,0,0,0,0,0,0,0,0,0,0,0,0,0,0,0,0,0,0,0,0,0,0,0,0,0,0,0,0,0,0,0,0,0,0
653,0,0,0,0,0,0,0,0,0,0,0,0,0,0,0,0,0,0,0,0,0,0,0,0,0,0,0,0,0,0,0,0,0,0,0,0,0,0,0,0,0,0,0,0,0,0,0,0,0,0,0,0,0,0,0,0,0,0,0,0,0,0,0,0,0
654,0,0,0,0,0,0,0,0,0,0,0,0,0,0,0,0,0,0,0,0,0,0,0,0,0,0,0,0,0,0,0,0,0,0,0,0,0,0,0,0,0,0,0,0,0,0,0,0,0,0,0,0,0,0,0,0,0,0,0,0,0,0,0,0,0
655,0,0,0,0,0,0,0,0,0,0,0,0,0,0,0,0,0,0,0,0,0,0,0,0,0,0,0,0,0,0,0,0,0,0,0,0,0,0,0,0,0,0,0,0,0,0,0,0,0,0,0,0,0,0,0,0,0,0,0,0,0,0,0,0,0
656,0,0,0,0,0,0,0,0,0,0,0,0,0,0,0,0,0,0,0,0,0,0,0,0,0,0,0,0,0,0,0,0,0,0,0,0,0,0,0,0,0,0,0,0,0,0,0,0,0,0,0,0,0,0,0,0,0,0,0,0,0,0,0,0,0
657,0,0,0,0,0,0,0,0,0,0,0,0,0,0,0,0,0,0,0,0,0,0,0,0,0,0,0,0,0,0,0,0,0,0,0,0,0,0,0,0,0,0,0,0,0,0,0,0,0,0,0,0,0,0,0,0,0,0,0,0,0,0,0,0,0
658,0,0,0,0,0,0,0,0,0,0,0,0,0,0,0,0,0,0,0,0,0,0,0,0,0,0,0,0,0,0,0,0,0,0,0,0,0,0,0,0,0,0,0,0,0,0,0,0,0,0,0,0,0,0,0,0,0,0,0,0,0,0,0,0,0
659,0,0,0,0,0,0,0,0,0,0,0,0,0,0,0,0,0,0,0,0,0,0,0,0,0,0,0,0,0,0,0,0,0,0,0,0,0,0,0,0,0,0,0,0,0,0,0,0,0,0,0,0,0,0,0,0,0,0,0,0,0,0,0,0,0
660,0,0,0,0,0,0,0,0,0,0,0,0,0,0,0,0,0,0,0,0,0,0,0,0,0,0,0,0,0,0,0,0,0,0,0,0,0,0,0,0,0,0,0,0,0,0,0,0,0,0,0,0,0,0,0,0,0,0,0,0,0,0,0,0,0
661,0,0,0,0,0,0,0,0,0,0,0,0,0,0,0,0,0,0,0,0,0,0,0,0,0,0,0,0,0,0,0,0,0,0,0,0,0,0,0,0,0,0,0,0,0,0,0,0,0,0,0,0,0,0,0,0,0,0,0,0,0,0,0,0,0
662,0,0,0,0,0,0,0,0,0,0,0,0,0,0,0,0,0,0,0,0,0,0,0,0,0,0,0,0,0,0,0,0,0,0,0,0,0,0,0,0,0,0,0,0,0,0,0,0,0,0,0,0,0,0,0,0,0,0,0,0,0,0,0,0,0
663,0,0,0,0,0,0,0,0,0,0,0,0,0,0,0,0,0,0,0,0,0,0,0,0,0,0,0,0,0,0,0,0,0,0,0,0,0,0,0,0,0,0,0,0,0,0,0,0,0,0,0,0,0,0,0,0,0,0,0,0,0,0,0,0,0
664,0,0,0,0,0,0,0,0,0,0,0,0,0,0,0,0,0,0,0,0,0,0,0,0,0,0,0,0,0,0,0,0,0,0,0,0,0,0,0,0,0,0,0,0,0,0,0,0,0,0,0,0,0,0,0,0,0,0,0,0,0,0,0,0,0
665,0,0,0,0,0,0,0,0,0,0,0,0,0,0,0,0,0,0,0,0,0,0,0,0,0,0,0,0,0,0,0,0,0,0,0,0,0,0,0,0,0,0,0,0,0,0,0,0,0,0,0,0,0,0,0,0,0,0,0,0,0,0,0,0,0
666,0,0,0,0,0,0,0,0,0,0,0,0,0,0,0,0,0,0,0,0,0,0,0,0,0,0,0,0,0,0,0,0,0,0,0,0,0,0,0,0,0,0,0,0,0,0,0,0,0,0,0,0,0,0,0,0,0,0,0,0,0,0,0,0,0
667,0,0,0,0,0,0,0,0,0,0,0,0,0,0,0,0,0,0,0,0,0,0,0,0,0,0,0,0,0,0,0,0,0,0,0,0,0,0,0,0,0,0,0,0,0,0,0,0,0,0,0,0,0,0,0,0,0,0,0,0,0,0,0,0,0
668,0,0,0,0,0,0,0,0,0,0,0,0,0,0,0,0,0,0,0,0,0,0,0,0,0,0,0,0,0,0,0,0,0,0,0,0,0,0,0,0,0,0,0,0,0,0,0,0,0,0,0,0,0,0,0,0,0,0,0,0,0,0,0,0,0
669,0,0,0,0,0,0,0,0,0,0,0,0,0,0,0,0,0,0,0,0,0,0,0,0,0,0,0,0,0,0,0,0,0,0,0,0,0,0,0,0,0,0,0,0,0,0,0,0,0,0,0,0,0,0,0,0,0,0,0,0,0,0,0,0,0
670,0,0,0,0,0,0,0,0,0,0,0,0,0,0,0,0,0,0,0,0,0,0,0,0,0,0,0,0,0,0,0,0,0,0,0,0,0,0,0,0,0,0,0,0,0,0,0,0,0,0,0,0,0,0,0,0,0,0,0,0,0,0,0,0,0
671,0,0,0,0,0,0,0,0,0,0,0,0,0,0,0,0,0,0,0,0,0,0,0,0,0,0,0,0,0,0,0,0,0,0,0,0,0,0,0,0,0,0,0,0,0,0,0,0,0,0,0,0,0,0,0,0,0,0,0,0,0,0,0,0,0
672,0,0,0,0,0,0,0,0,0,0,0,0,0,0,0,0,0,0,0,0,0,0,0,0,0,0,0,0,0,0,0,0,0,0,0,0,0,0,0,0,0,0,0,0,0,0,0,0,0,0,0,0,0,0,0,0,0,0,0,0,0,0,0,0,0
673,0,0,0,0,0,0,0,0,0,0,0,0,0,0,0,0,0,0,0,0,0,0,0,0,0,0,0,0,0,0,0,0,0,0,0,0,0,0,0,0,0,0,0,0,0,0,0,0,0,0,0,0,0,0,0,0,0,0,0,0,0,0,0,0,0
674,0,0,0,0,0,0,0,0,0,0,0,0,0,0,0,0,0,0,0,0,0,0,0,0,0,0,0,0,0,0,0,0,0,0,0,0,0,0,0,0,0,0,0,0,0,0,0,0,0,0,0,0,0,0,0,0,0,0,0,0,0,0,0,0,0
675,0,0,0,0,0,0,0,0,0,0,0,0,0,0,0,0,0,0,0,0,0,0,0,0,0,0,0,0,0,0,0,0,0,0,0,0,0,0,0,0,0,0,0,0,0,0,0,0,0,0,0,0,0,0,0,0,0,0,0,0,0,0,0,0,0
676,0,0,0,0,0,0,0,0,0,0,0,0,0,0,0,0,0,0,0,0,0,0,0,0,0,0,0,0,0,0,0,0,0,0,0,0,0,0,0,0,0,0,0,0,0,0,0,0,0,0,0,0,0,0,0,0,0,0,0,0,0,0,0,0,0
677,0,0,0,0,0,0,0,0,0,0,0,0,0,0,0,0,0,0,0,0,0,0,0,0,0,0,0,0,0,0,0,0,0,0,0,0,0,0,0,0,0,0,0,0,0,0,0,0,0,0,0,0,0,0,0,0,0,0,0,0,0,0,0,0,0
678,0,0,0,0,0,0,0,0,0,0,0,0,0,0,0,0,0,0,0,0,0,0,0,0,0,0,0,0,0,0,0,0,0,0,0,0,0,0,0,0,0,0,0,0,0,0,0,0,0,0,0,0,0,0,0,0,0,0,0,0,0,0,0,0,0
679,0,0,0,0,0,0,0,0,0,0,0,0,0,0,0,0,0,0,0,0,0,0,0,0,0,0,0,0,0,0,0,0,0,0,0,0,0,0,0,0,0,0,0,0,0,0,0,0,0,0,0,0,0,0,0,0,0,0,0,0,0,0,0,0,0
680,0,0,0,0,0,0,0,0,0,0,0,0,0,0,0,0,0,0,0,0,0,0,0,0,0,0,0,0,0,0,0,0,0,0,0,0,0,0,0,0,0,0,0,0,0,0,0,0,0,0,0,0,0,0,0,0,0,0,0,0,0,0,0,0,0
681,0,0,0,0,0,0,0,0,0,0,0,0,0,0,0,0,0,0,0,0,0,0,0,0,0,0,0,0,0,0,0,0,0,0,0,0,0,0,0,0,0,0,0,0,0,0,0,0,0,0,0,0,0,0,0,0,0,0,0,0,0,0,0,0,0
682,0,0,0,0,0,0,0,0,0,0,0,0,0,0,0,0,0,0,0,0,0,0,0,0,0,0,0,0,0,0,0,0,0,0,0,0,0,0,0,0,0,0,0,0,0,0,0,0,0,0,0,0,0,0,0,0,0,0,0,0,0,0,0,0,0
683,0,0,0,0,0,0,0,0,0,0,0,0,0,0,0,0,0,0,0,0,0,0,0,0,0,0,0,0,0,0,0,0,0,0,0,0,0,0,0,0,0,0,0,0,0,0,0,0,0,0,0,0,0,0,0,0,0,0,0,0,0,0,0,0,0
684,0,0,0,0,0,0,0,0,0,0,0,0,0,0,0,0,0,0,0,0,0,0,0,0,0,0,0,0,0,0,0,0,0,0,0,0,0,0,0,0,0,0,0,0,0,0,0,0,0,0,0,0,0,0,0,0,0,0,0,0,0,0,0,0,0
685,0,0,0,0,0,0,0,0,0,0,0,0,0,0,0,0,0,0,0,0,0,0,0,0,0,0,0,0,0,0,0,0,0,0,0,0,0,0,0,0,0,0,0,0,0,0,0,0,0,0,0,0,0,0,0,0,0,0,0,0,0,0,0,0,0
686,0,0,0,0,0,0,0,0,0,0,0,0,0,0,0,0,0,0,0,0,0,0,0,0,0,0,0,0,0,0,0,0,0,0,0,0,0,0,0,0,0,0,0,0,0,0,0,0,0,0,0,0,0,0,0,0,0,0,0,0,0,0,0,0,0
687,0,0,0,0,0,0,0,0,0,0,0,0,0,0,0,0,0,0,0,0,0,0,0,0,0,0,0,0,0,0,0,0,0,0,0,0,0,0,0,0,0,0,0,0,0,0,0,0,0,0,0,0,0,0,0,0,0,0,0,0,0,0,0,0,0
688,0,0,0,0,0,0,0,0,0,0,0,0,0,0,0,0,0,0,0,0,0,0,0,0,0,0,0,0,0,0,0,0,0,0,0,0,0,0,0,0,0,0,0,0,0,0,0,0,0,0,0,0,0,0,0,0,0,0,0,0,0,0,0,0,0
689,0,0,0,0,0,0,0,0,0,0,0,0,0,0,0,0,0,0,0,0,0,0,0,0,0,0,0,0,0,0,0,0,0,0,0,0,0,0,0,0,0,0,0,0,0,0,0,0,0,0,0,0,0,0,0,0,0,0,0,0,0,0,0,0,0
690,0,0,0,0,0,0,0,0,0,0,0,0,0,0,0,0,0,0,0,0,0,0,0,0,0,0,0,0,0,0,0,0,0,0,0,0,0,0,0,0,0,0,0,0,0,0,0,0,0,0,0,0,0,0,0,0,0,0,0,0,0,0,0,0,0
691,0,0,0,0,0,0,0,0,0,0,0,0,0,0,0,0,0,0,0,0,0,0,0,0,0,0,0,0,0,0,0,0,0,0,0,0,0,0,0,0,0,0,0,0,0,0,0,0,0,0,0,0,0,0,0,0,0,0,0,0,0,0,0,0,0
692,0,0,0,0,0,0,0,0,0,0,0,0,0,0,0,0,0,0,0,0,0,0,0,0,0,0,0,0,0,0,0,0,0,0,0,0,0,0,0,0,0,0,0,0,0,0,0,0,0,0,0,0,0,0,0,0,0,0,0,0,0,0,0,0,0
693,0,0,0,0,0,0,0,0,0,0,0,0,0,0,0,0,0,0,0,0,0,0,0,0,0,0,0,0,0,0,0,0,0,0,0,0,0,0,0,0,0,0,0,0,0,0,0,0,0,0,0,0,0,0,0,0,0,0,0,0,0,0,0,0,0
694,0,0,0,0,0,0,0,0,0,0,0,0,0,0,0,0,0,0,0,0,0,0,0,0,0,0,0,0,0,0,0,0,0,0,0,0,0,0,0,0,0,0,0,0,0,0,0,0,0,0,0,0,0,0,0,0,0,0,0,0,0,0,0,0,0
695,0,0,0,0,0,0,0,0,0,0,0,0,0,0,0,0,0,0,0,0,0,0,0,0,0,0,0,0,0,0,0,0,0,0,0,0,0,0,0,0,0,0,0,0,0,0,0,0,0,0,0,0,0,0,0,0,0,0,0,0,0,0,0,0,0
696,0,0,0,0,0,0,0,0,0,0,0,0,0,0,0,0,0,0,0,0,0,0,0,0,0,0,0,0,0,0,0,0,0,0,0,0,0,0,0,0,0,0,0,0,0,0,0,0,0,0,0,0,0,0,0,0,0,0,0,0,0,0,0,0,0
697,0,0,0,0,0,0,0,0,0,0,0,0,0,0,0,0,0,0,0,0,0,0,0,0,0,0,0,0,0,0,0,0,0,0,0,0,0,0,0,0,0,0,0,0,0,0,0,0,0,0,0,0,0,0,0,0,0,0,0,0,0,0,0,0,0
698,0,0,0,0,0,0,0,0,0,0,0,0,0,0,0,0,0,0,0,0,0,0,0,0,0,0,0,0,0,0,0,0,0,0,0,0,0,0,0,0,0,0,0,0,0,0,0,0,0,0,0,0,0,0,0,0,0,0,0,0,0,0,0,0,0
699,0,0,0,0,0,0,0,0,0,0,0,0,0,0,0,0,0,0,0,0,0,0,0,0,0,0,0,0,0,0,0,0,0,0,0,0,0,0,0,0,0,0,0,0,0,0,0,0,0,0,0,0,0,0,0,0,0,0,0,0,0,0,0,0,0
700,0,0,0,0,0,0,0,0,0,0,0,0,0,0,0,0,0,0,0,0,0,0,0,0,0,0,0,0,0,0,0,0,0,0,0,0,0,0,0,0,0,0,0,0,0,0,0,0,0,0,0,0,0,0,0,0,0,0,0,0,0,0,0,0,0
701,0,0,0,0,0,0,0,0,0,0,0,0,0,0,0,0,0,0,0,0,0,0,0,0,0,0,0,0,0,0,0,0,0,0,0,0,0,0,0,0,0,0,0,0,0,0,0,0,0,0,0,0,0,0,0,0,0,0,0,0,0,0,0,0,0
702,0,0,0,0,0,0,0,0,0,0,0,0,0,0,0,0,0,0,0,0,0,0,0,0,0,0,0,0,0,0,0,0,0,0,0,0,0,0,0,0,0,0,0,0,0,0,0,0,0,0,0,0,0,0,0,0,0,0,0,0,0,0,0,0,0
703,0,0,0,0,0,0,0,0,0,0,0,0,0,0,0,0,0,0,0,0,0,0,0,0,0,0,0,0,0,0,0,0,0,0,0,0,0,0,0,0,0,0,0,0,0,0,0,0,0,0,0,0,0,0,0,0,0,0,0,0,0,0,0,0,0
704,0,0,0,0,0,0,0,0,0,0,0,0,0,0,0,0,0,0,0,0,0,0,0,0,0,0,0,0,0,0,0,0,0,0,0,0,0,0,0,0,0,0,0,0,0,0,0,0,0,0,0,0,0,0,0,0,0,0,0,0,0,0,0,0,0
705,0,0,0,0,0,0,0,0,0,0,0,0,0,0,0,0,0,0,0,0,0,0,0,0,0,0,0,0,0,0,0,0,0,0,0,0,0,0,0,0,0,0,0,0,0,0,0,0,0,0,0,0,0,0,0,0,0,0,0,0,0,0,0,0,0
706,0,0,0,0,0,0,0,0,0,0,0,0,0,0,0,0,0,0,0,0,0,0,0,0,0,0,0,0,0,0,0,0,0,0,0,0,0,0,0,0,0,0,0,0,0,0,0,0,0,0,0,0,0,0,0,0,0,0,0,0,0,0,0,0,0
707,0,0,0,0,0,0,0,0,0,0,0,0,0,0,0,0,0,0,0,0,0,0,0,0,0,0,0,0,0,0,0,0,0,0,0,0,0,0,0,0,0,0,0,0,0,0,0,0,0,0,0,0,0,0,0,0,0,0,0,0,0,0,0,0,0
708,0,0,0,0,0,0,0,0,0,0,0,0,0,0,0,0,0,0,0,0,0,0,0,0,0,0,0,0,0,0,0,0,0,0,0,0,0,0,0,0,0,0,0,0,0,0,0,0,0,0,0,0,0,0,0,0,0,0,0,0,0,0,0,0,0
709,0,0,0,0,0,0,0,0,0,0,0,0,0,0,0,0,0,0,0,0,0,0,0,0,0,0,0,0,0,0,0,0,0,0,0,0,0,0,0,0,0,0,0,0,0,0,0,0,0,0,0,0,0,0,0,0,0,0,0,0,0,0,0,0,0
710,0,0,0,0,0,0,0,0,0,0,0,0,0,0,0,0,0,0,0,0,0,0,0,0,0,0,0,0,0,0,0,0,0,0,0,0,0,0,0,0,0,0,0,0,0,0,0,0,0,0,0,0,0,0,0,0,0,0,0,0,0,0,0,0,0
711,0,0,0,0,0,0,0,0,0,0,0,0,0,0,0,0,0,0,0,0,0,0,0,0,0,0,0,0,0,0,0,0,0,0,0,0,0,0,0,0,0,0,0,0,0,0,0,0,0,0,0,0,0,0,0,0,0,0,0,0,0,0,0,0,0
712,0,0,0,0,0,0,0,0,0,0,0,0,0,0,0,0,0,0,0,0,0,0,0,0,0,0,0,0,0,0,0,0,0,0,0,0,0,0,0,0,0,0,0,0,0,0,0,0,0,0,0,0,0,0,0,0,0,0,0,0,0,0,0,0,0
713,0,0,0,0,0,0,0,0,0,0,0,0,0,0,0,0,0,0,0,0,0,0,0,0,0,0,0,0,0,0,0,0,0,0,0,0,0,0,0,0,0,0,0,0,0,0,0,0,0,0,0,0,0,0,0,0,0,0,0,0,0,0,0,0,0
714,0,0,0,0,0,0,0,0,0,0,0,0,0,0,0,0,0,0,0,0,0,0,0,0,0,0,0,0,0,0,0,0,0,0,0,0,0,0,0,0,0,0,0,0,0,0,0,0,0,0,0,0,0,0,0,0,0,0,0,0,0,0,0,0,0
715,0,0,0,0,0,0,0,0,0,0,0,0,0,0,0,0,0,0,0,0,0,0,0,0,0,0,0,0,0,0,0,0,0,0,0,0,0,0,0,0,0,0,0,0,0,0,0,0,0,0,0,0,0,0,0,0,0,0,0,0,0,0,0,0,0
716,0,0,0,0,0,0,0,0,0,0,0,0,0,0,0,0,0,0,0,0,0,0,0,0,0,0,0,0,0,0,0,0,0,0,0,0,0,0,0,0,0,0,0,0,0,0,0,0,0,0,0,0,0,0,0,0,0,0,0,0,0,0,0,0,0
717,0,0,0,0,0,0,0,0,0,0,0,0,0,0,0,0,0,0,0,0,0,0,0,0,0,0,0,0,0,0,0,0,0,0,0,0,0,0,0,0,0,0,0,0,0,0,0,0,0,0,0,0,0,0,0,0,0,0,0,0,0,0,0,0,0
718,0,0,0,0,0,0,0,0,0,0,0,0,0,0,0,0,0,0,0,0,0,0,0,0,0,0,0,0,0,0,0,0,0,0,0,0,0,0,0,0,0,0,0,0,0,0,0,0,0,0,0,0,0,0,0,0,0,0,0,0,0,0,0,0,0
719,0,0,0,0,0,0,0,0,0,0,0,0,0,0,0,0,0,0,0,0,0,0,0,0,0,0,0,0,0,0,0,0,0,0,0,0,0,0,0,0,0,0,0,0,0,0,0,0,0,0,0,0,0,0,0,0,0,0,0,0,0,0,0,0,0
720,0,0,0,0,0,0,0,0,0,0,0,0,0,0,0,0,0,0,0,0,0,0,0,0,0,0,0,0,0,0,0,0,0,0,0,0,0,0,0,0,0,0,0,0,0,0,0,0,0,0,0,0,0,0,0,0,0,0,0,0,0,0,0,0,0
721,0,0,0,0,0,0,0,0,0,0,0,0,0,0,0,0,0,0,0,0,0,0,0,0,0,0,0,0,0,0,0,0,0,0,0,0,0,0,0,0,0,0,0,0,0,0,0,0,0,0,0,0,0,0,0,0,0,0,0,0,0,0,0,0,0
722,0,0,0,0,0,0,0,0,0,0,0,0,0,0,0,0,0,0,0,0,0,0,0,0,0,0,0,0,0,0,0,0,0,0,0,0,0,0,0,0,0,0,0,0,0,0,0,0,0,0,0,0,0,0,0,0,0,0,0,0,0,0,0,0,0
723,0,0,0,0,0,0,0,0,0,0,0,0,0,0,0,0,0,0,0,0,0,0,0,0,0,0,0,0,0,0,0,0,0,0,0,0,0,0,0,0,0,0,0,0,0,0,0,0,0,0,0,0,0,0,0,0,0,0,0,0,0,0,0,0,0
724,0,0,0,0,0,0,0,0,0,0,0,0,0,0,0,0,0,0,0,0,0,0,0,0,0,0,0,0,0,0,0,0,0,0,0,0,0,0,0,0,0,0,0,0,0,0,0,0,0,0,0,0,0,0,0,0,0,0,0,0,0,0,0,0,0
725,0,0,0,0,0,0,0,0,0,0,0,0,0,0,0,0,0,0,0,0,0,0,0,0,0,0,0,0,0,0,0,0,0,0,0,0,0,0,0,0,0,0,0,0,0,0,0,0,0,0,0,0,0,0,0,0,0,0,0,0,0,0,0,0,0
726,0,0,0,0,0,0,0,0,0,0,0,0,0,0,0,0,0,0,0,0,0,0,0,0,0,0,0,0,0,0,0,0,0,0,0,0,0,0,0,0,0,0,0,0,0,0,0,0,0,0,0,0,0,0,0,0,0,0,0,0,0,0,0,0,0
727,0,0,0,0,0,0,0,0,0,0,0,0,0,0,0,0,0,0,0,0,0,0,0,0,0,0,0,0,0,0,0,0,0,0,0,0,0,0,0,0,0,0,0,0,0,0,0,0,0,0,0,0,0,0,0,0,0,0,0,0,0,0,0,0,0
728,0,0,0,0,0,0,0,0,0,0,0,0,0,0,0,0,0,0,0,0,0,0,0,0,0,0,0,0,0,0,0,0,0,0,0,0,0,0,0,0,0,0,0,0,0,0,0,0,0,0,0,0,0,0,0,0,0,0,0,0,0,0,0,0,0
729,0,0,0,0,0,0,0,0,0,0,0,0,0,0,0,0,0,0,0,0,0,0,0,0,0,0,0,0,0,0,0,0,0,0,0,0,0,0,0,0,0,0,0,0,0,0,0,0,0,0,0,0,0,0,0,0,0,0,0,0,0,0,0,0,0
730,0,0,0,0,0,0,0,0,0,0,0,0,0,0,0,0,0,0,0,0,0,0,0,0,0,0,0,0,0,0,0,0,0,0,0,0,0,0,0,0,0,0,0,0,0,0,0,0,0,0,0,0,0,0,0,0,0,0,0,0,0,0,0,0,0
731,0,0,0,0,0,0,0,0,0,0,0,0,0,0,0,0,0,0,0,0,0,0,0,0,0,0,0,0,0,0,0,0,0,0,0,0,0,0,0,0,0,0,0,0,0,0,0,0,0,0,0,0,0,0,0,0,0,0,0,0,0,0,0,0,0
732,0,0,0,0,0,0,0,0,0,0,0,0,0,0,0,0,0,0,0,0,0,0,0,0,0,0,0,0,0,0,0,0,0,0,0,0,0,0,0,0,0,0,0,0,0,0,0,0,0,0,0,0,0,0,0,0,0,0,0,0,0,0,0,0,0
733,0,0,0,0,0,0,0,0,0,0,0,0,0,0,0,0,0,0,0,0,0,0,0,0,0,0,0,0,0,0,0,0,0,0,0,0,0,0,0,0,0,0,0,0,0,0,0,0,0,0,0,0,0,0,0,0,0,0,0,0,0,0,0,0,0
734,0,0,0,0,0,0,0,0,0,0,0,0,0,0,0,0,0,0,0,0,0,0,0,0,0,0,0,0,0,0,0,0,0,0,0,0,0,0,0,0,0,0,0,0,0,0,0,0,0,0,0,0,0,0,0,0,0,0,0,0,0,0,0,0,0
735,0,0,0,0,0,0,0,0,0,0,0,0,0,0,0,0,0,0,0,0,0,0,0,0,0,0,0,0,0,0,0,0,0,0,0,0,0,0,0,0,0,0,0,0,0,0,0,0,0,0,0,0,0,0,0,0,0,0,0,0,0,0,0,0,0
736,0,0,0,0,0,0,0,0,0,0,0,0,0,0,0,0,0,0,0,0,0,0,0,0,0,0,0,0,0,0,0,0,0,0,0,0,0,0,0,0,0,0,0,0,0,0,0,0,0,0,0,0,0,0,0,0,0,0,0,0,0,0,0,0,0
737,0,0,0,0,0,0,0,0,0,0,0,0,0,0,0,0,0,0,0,0,0,0,0,0,0,0,0,0,0,0,0,0,0,0,0,0,0,0,0,0,0,0,0,0,0,0,0,0,0,0,0,0,0,0,0,0,0,0,0,0,0,0,0,0,0
738,0,0,0,0,0,0,0,0,0,0,0,0,0,0,0,0,0,0,0,0,0,0,0,0,0,0,0,0,0,0,0,0,0,0,0,0,0,0,0,0,0,0,0,0,0,0,0,0,0,0,0,0,0,0,0,0,0,0,0,0,0,0,0,0,0
739,0,0,0,0,0,0,0,0,0,0,0,0,0,0,0,0,0,0,0,0,0,0,0,0,0,0,0,0,0,0,0,0,0,0,0,0,0,0,0,0,0,0,0,0,0,0,0,0,0,0,0,0,0,0,0,0,0,0,0,0,0,0,0,0,0
740,0,0,0,0,0,0,0,0,0,0,0,0,0,0,0,0,0,0,0,0,0,0,0,0,0,0,0,0,0,0,0,0,0,0,0,0,0,0,0,0,0,0,0,0,0,0,0,0,0,0,0,0,0,0,0,0,0,0,0,0,0,0,0,0,0
741,0,0,0,0,0,0,0,0,0,0,0,0,0,0,0,0,0,0,0,0,0,0,0,0,0,0,0,0,0,0,0,0,0,0,0,0,0,0,0,0,0,0,0,0,0,0,0,0,0,0,0,0,0,0,0,0,0,0,0,0,0,0,0,0,0
742,0,0,0,0,0,0,0,0,0,0,0,0,0,0,0,0,0,0,0,0,0,0,0,0,0,0,0,0,0,0,0,0,0,0,0,0,0,0,0,0,0,0,0,0,0,0,0,0,0,0,0,0,0,0,0,0,0,0,0,0,0,0,0,0,0
743,0,0,0,0,0,0,0,0,0,0,0,0,0,0,0,0,0,0,0,0,0,0,0,0,0,0,0,0,0,0,0,0,0,0,0,0,0,0,0,0,0,0,0,0,0,0,0,0,0,0,0,0,0,0,0,0,0,0,0,0,0,0,0,0,0
744,0,0,0,0,0,0,0,0,0,0,0,0,0,0,0,0,0,0,0,0,0,0,0,0,0,0,0,0,0,0,0,0,0,0,0,0,0,0,0,0,0,0,0,0,0,0,0,0,0,0,0,0,0,0,0,0,0,0,0,0,0,0,0,0,0
745,0,0,0,0,0,0,0,0,0,0,0,0,0,0,0,0,0,0,0,0,0,0,0,0,0,0,0,0,0,0,0,0,0,0,0,0,0,0,0,0,0,0,0,0,0,0,0,0,0,0,0,0,0,0,0,0,0,0,0,0,0,0,0,0,0
746,0,0,0,0,0,0,0,0,0,0,0,0,0,0,0,0,0,0,0,0,0,0,0,0,0,0,0,0,0,0,0,0,0,0,0,0,0,0,0,0,0,0,0,0,0,0,0,0,0,0,0,0,0,0,0,0,0,0,0,0,0,0,0,0,0
747,0,0,0,0,0,0,0,0,0,0,0,0,0,0,0,0,0,0,0,0,0,0,0,0,0,0,0,0,0,0,0,0,0,0,0,0,0,0,0,0,0,0,0,0,0,0,0,0,0,0,0,0,0,0,0,0,0,0,0,0,0,0,0,0,0
748,0,0,0,0,0,0,0,0,0,0,0,0,0,0,0,0,0,0,0,0,0,0,0,0,0,0,0,0,0,0,0,0,0,0,0,0,0,0,0,0,0,0,0,0,0,0,0,0,0,0,0,0,0,0,0,0,0,0,0,0,0,0,0,0,0
749,0,0,0,0,0,0,0,0,0,0,0,0,0,0,0,0,0,0,0,0,0,0,0,0,0,0,0,0,0,0,0,0,0,0,0,0,0,0,0,0,0,0,0,0,0,0,0,0,0,0,0,0,0,0,0,0,0,0,0,0,0,0,0,0,0
750,0,0,0,0,0,0,0,0,0,0,0,0,0,0,0,0,0,0,0,0,0,0,0,0,0,0,0,0,0,0,0,0,0,0,0,0,0,0,0,0,0,0,0,0,0,0,0,0,0,0,0,0,0,0,0,0,0,0,0,0,0,0,0,0,0
751,0,0,0,0,0,0,0,0,0,0,0,0,0,0,0,0,0,0,0,0,0,0,0,0,0,0,0,0,0,0,0,0,0,0,0,0,0,0,0,0,0,0,0,0,0,0,0,0,0,0,0,0,0,0,0,0,0,0,0,0,0,0,0,0,0
752,0,0,0,0,0,0,0,0,0,0,0,0,0,0,0,0,0,0,0,0,0,0,0,0,0,0,0,0,0,0,0,0,0,0,0,0,0,0,0,0,0,0,0,0,0,0,0,0,0,0,0,0,0,0,0,0,0,0,0,0,0,0,0,0,0
753,0,0,0,0,0,0,0,0,0,0,0,0,0,0,0,0,0,0,0,0,0,0,0,0,0,0,0,0,0,0,0,0,0,0,0,0,0,0,0,0,0,0,0,0,0,0,0,0,0,0,0,0,0,0,0,0,0,0,0,0,0,0,0,0,0
754,0,0,0,0,0,0,0,0,0,0,0,0,0,0,0,0,0,0,0,0,0,0,0,0,0,0,0,0,0,0,0,0,0,0,0,0,0,0,0,0,0,0,0,0,0,0,0,0,0,0,0,0,0,0,0,0,0,0,0,0,0,0,0,0,0
755,0,0,0,0,0,0,0,0,0,0,0,0,0,0,0,0,0,0,0,0,0,0,0,0,0,0,0,0,0,0,0,0,0,0,0,0,0,0,0,0,0,0,0,0,0,0,0,0,0,0,0,0,0,0,0,0,0,0,0,0,0,0,0,0,0
756,0,0,0,0,0,0,0,0,0,0,0,0,0,0,0,0,0,0,0,0,0,0,0,0,0,0,0,0,0,0,0,0,0,0,0,0,0,0,0,0,0,0,0,0,0,0,0,0,0,0,0,0,0,0,0,0,0,0,0,0,0,0,0,0,0
757,0,0,0,0,0,0,0,0,0,0,0,0,0,0,0,0,0,0,0,0,0,0,0,0,0,0,0,0,0,0,0,0,0,0,0,0,0,0,0,0,0,0,0,0,0,0,0,0,0,0,0,0,0,0,0,0,0,0,0,0,0,0,0,0,0
758,0,0,0,0,0,0,0,0,0,0,0,0,0,0,0,0,0,0,0,0,0,0,0,0,0,0,0,0,0,0,0,0,0,0,0,0,0,0,0,0,0,0,0,0,0,0,0,0,0,0,0,0,0,0,0,0,0,0,0,0,0,0,0,0,0
759,0,0,0,0,0,0,0,0,0,0,0,0,0,0,0,0,0,0,0,0,0,0,0,0,0,0,0,0,0,0,0,0,0,0,0,0,0,0,0,0,0,0,0,0,0,0,0,0,0,0,0,0,0,0,0,0,0,0,0,0,0,0,0,0,0
760,0,0,0,0,0,0,0,0,0,0,0,0,0,0,0,0,0,0,0,0,0,0,0,0,0,0,0,0,0,0,0,0,0,0,0,0,0,0,0,0,0,0,0,0,0,0,0,0,0,0,0,0,0,0,0,0,0,0,0,0,0,0,0,0,0
761,0,0,0,0,0,0,0,0,0,0,0,0,0,0,0,0,0,0,0,0,0,0,0,0,0,0,0,0,0,0,0,0,0,0,0,0,0,0,0,0,0,0,0,0,0,0,0,0,0,0,0,0,0,0,0,0,0,0,0,0,0,0,0,0,0
762,0,0,0,0,0,0,0,0,0,0,0,0,0,0,0,0,0,0,0,0,0,0,0,0,0,0,0,0,0,0,0,0,0,0,0,0,0,0,0,0,0,0,0,0,0,0,0,0,0,0,0,0,0,0,0,0,0,0,0,0,0,0,0,0,0
763,0,0,0,0,0,0,0,0,0,0,0,0,0,0,0,0,0,0,0,0,0,0,0,0,0,0,0,0,0,0,0,0,0,0,0,0,0,0,0,0,0,0,0,0,0,0,0,0,0,0,0,0,0,0,0,0,0,0,0,0,0,0,0,0,0
764,0,0,0,0,0,0,0,0,0,0,0,0,0,0,0,0,0,0,0,0,0,0,0,0,0,0,0,0,0,0,0,0,0,0,0,0,0,0,0,0,0,0,0,0,0,0,0,0,0,0,0,0,0,0,0,0,0,0,0,0,0,0,0,0,0
765,0,0,0,0,0,0,0,0,0,0,0,0,0,0,0,0,0,0,0,0,0,0,0,0,0,0,0,0,0,0,0,0,0,0,0,0,0,0,0,0,0,0,0,0,0,0,0,0,0,0,0,0,0,0,0,0,0,0,0,0,0,0,0,0,0
766,0,0,0,0,0,0,0,0,0,0,0,0,0,0,0,0,0,0,0,0,0,0,0,0,0,0,0,0,0,0,0,0,0,0,0,0,0,0,0,0,0,0,0,0,0,0,0,0,0,0,0,0,0,0,0,0,0,0,0,0,0,0,0,0,0
767,0,0,0,0,0,0,0,0,0,0,0,0,0,0,0,0,0,0,0,0,0,0,0,0,0,0,0,0,0,0,0,0,0,0,0,0,0,0,0,0,0,0,0,0,0,0,0,0,0,0,0,0,0,0,0,0,0,0,0,0,0,0,0,0,0
768,0,0,0,0,0,0,0,0,0,0,0,0,0,0,0,0,0,0,0,0,0,0,0,0,0,0,0,0,0,0,0,0,0,0,0,0,0,0,0,0,0,0,0,0,0,0,0,0,0,0,0,0,0,0,0,0,0,0,0,0,0,0,0,0,0
769,0,0,0,0,0,0,0,0,0,0,0,0,0,0,0,0,0,0,0,0,0,0,0,0,0,0,0,0,0,0,0,0,0,0,0,0,0,0,0,0,0,0,0,0,0,0,0,0,0,0,0,0,0,0,0,0,0,0,0,0,0,0,0,0,0
770,0,0,0,0,0,0,0,0,0,0,0,0,0,0,0,0,0,0,0,0,0,0,0,0,0,0,0,0,0,0,0,0,0,0,0,0,0,0,0,0,0,0,0,0,0,0,0,0,0,0,0,0,0,0,0,0,0,0,0,0,0,0,0,0,0
771,0,0,0,0,0,0,0,0,0,0,0,0,0,0,0,0,0,0,0,0,0,0,0,0,0,0,0,0,0,0,0,0,0,0,0,0,0,0,0,0,0,0,0,0,0,0,0,0,0,0,0,0,0,0,0,0,0,0,0,0,0,0,0,0,0
772,0,0,0,0,0,0,0,0,0,0,0,0,0,0,0,0,0,0,0,0,0,0,0,0,0,0,0,0,0,0,0,0,0,0,0,0,0,0,0,0,0,0,0,0,0,0,0,0,0,0,0,0,0,0,0,0,0,0,0,0,0,0,0,0,0
773,0,0,0,0,0,0,0,0,0,0,0,0,0,0,0,0,0,0,0,0,0,0,0,0,0,0,0,0,0,0,0,0,0,0,0,0,0,0,0,0,0,0,0,0,0,0,0,0,0,0,0,0,0,0,0,0,0,0,0,0,0,0,0,0,0
774,0,0,0,0,0,0,0,0,0,0,0,0,0,0,0,0,0,0,0,0,0,0,0,0,0,0,0,0,0,0,0,0,0,0,0,0,0,0,0,0,0,0,0,0,0,0,0,0,0,0,0,0,0,0,0,0,0,0,0,0,0,0,0,0,0
775,0,0,0,0,0,0,0,0,0,0,0,0,0,0,0,0,0,0,0,0,0,0,0,0,0,0,0,0,0,0,0,0,0,0,0,0,0,0,0,0,0,0,0,0,0,0,0,0,0,0,0,0,0,0,0,0,0,0,0,0,0,0,0,0,0
776,0,0,0,0,0,0,0,0,0,0,0,0,0,0,0,0,0,0,0,0,0,0,0,0,0,0,0,0,0,0,0,0,0,0,0,0,0,0,0,0,0,0,0,0,0,0,0,0,0,0,0,0,0,0,0,0,0,0,0,0,0,0,0,0,0
777,0,0,0,0,0,0,0,0,0,0,0,0,0,0,0,0,0,0,0,0,0,0,0,0,0,0,0,0,0,0,0,0,0,0,0,0,0,0,0,0,0,0,0,0,0,0,0,0,0,0,0,0,0,0,0,0,0,0,0,0,0,0,0,0,0
778,0,0,0,0,0,0,0,0,0,0,0,0,0,0,0,0,0,0,0,0,0,0,0,0,0,0,0,0,0,0,0,0,0,0,0,0,0,0,0,0,0,0,0,0,0,0,0,0,0,0,0,0,0,0,0,0,0,0,0,0,0,0,0,0,0
779,0,0,0,0,0,0,0,0,0,0,0,0,0,0,0,0,0,0,0,0,0,0,0,0,0,0,0,0,0,0,0,0,0,0,0,0,0,0,0,0,0,0,0,0,0,0,0,0,0,0,0,0,0,0,0,0,0,0,0,0,0,0,0,0,0
780,0,0,0,0,0,0,0,0,0,0,0,0,0,0,0,0,0,0,0,0,0,0,0,0,0,0,0,0,0,0,0,0,0,0,0,0,0,0,0,0,0,0,0,0,0,0,0,0,0,0,0,0,0,0,0,0,0,0,0,0,0,0,0,0,0
781,0,0,0,0,0,0,0,0,0,0,0,0,0,0,0,0,0,0,0,0,0,0,0,0,0,0,0,0,0,0,0,0,0,0,0,0,0,0,0,0,0,0,0,0,0,0,0,0,0,0,0,0,0,0,0,0,0,0,0,0,0,0,0,0,0
782,0,0,0,0,0,0,0,0,0,0,0,0,0,0,0,0,0,0,0,0,0,0,0,0,0,0,0,0,0,0,0,0,0,0,0,0,0,0,0,0,0,0,0,0,0,0,0,0,0,0,0,0,0,0,0,0,0,0,0,0,0,0,0,0,0
783,0,0,0,0,0,0,0,0,0,0,0,0,0,0,0,0,0,0,0,0,0,0,0,0,0,0,0,0,0,0,0,0,0,0,0,0,0,0,0,0,0,0,0,0,0,0,0,0,0,0,0,0,0,0,0,0,0,0,0,0,0,0,0,0,0
784,0,0,0,0,0,0,0,0,0,0,0,0,0,0,0,0,0,0,0,0,0,0,0,0,0,0,0,0,0,0,0,0,0,0,0,0,0,0,0,0,0,0,0,0,0,0,0,0,0,0,0,0,0,0,0,0,0,0,0,0,0,0,0,0,0
785,0,0,0,0,0,0,0,0,0,0,0,0,0,0,0,0,0,0,0,0,0,0,0,0,0,0,0,0,0,0,0,0,0,0,0,0,0,0,0,0,0,0,0,0,0,0,0,0,0,0,0,0,0,0,0,0,0,0,0,0,0,0,0,0,0
786,0,0,0,0,0,0,0,0,0,0,0,0,0,0,0,0,0,0,0,0,0,0,0,0,0,0,0,0,0,0,0,0,0,0,0,0,0,0,0,0,0,0,0,0,0,0,0,0,0,0,0,0,0,0,0,0,0,0,0,0,0,0,0,0,0
787,0,0,0,0,0,0,0,0,0,0,0,0,0,0,0,0,0,0,0,0,0,0,0,0,0,0,0,0,0,0,0,0,0,0,0,0,0,0,0,0,0,0,0,0,0,0,0,0,0,0,0,0,0,0,0,0,0,0,0,0,0,0,0,0,0
788,0,0,0,0,0,0,0,0,0,0,0,0,0,0,0,0,0,0,0,0,0,0,0,0,0,0,0,0,0,0,0,0,0,0,0,0,0,0,0,0,0,0,0,0,0,0,0,0,0,0,0,0,0,0,0,0,0,0,0,0,0,0,0,0,0
789,0,0,0,0,0,0,0,0,0,0,0,0,0,0,0,0,0,0,0,0,0,0,0,0,0,0,0,0,0,0,0,0,0,0,0,0,0,0,0,0,0,0,0,0,0,0,0,0,0,0,0,0,0,0,0,0,0,0,0,0,0,0,0,0,0
790,0,0,0,0,0,0,0,0,0,0,0,0,0,0,0,0,0,0,0,0,0,0,0,0,0,0,0,0,0,0,0,0,0,0,0,0,0,0,0,0,0,0,0,0,0,0,0,0,0,0,0,0,0,0,0,0,0,0,0,0,0,0,0,0,0
791,0,0,0,0,0,0,0,0,0,0,0,0,0,0,0,0,0,0,0,0,0,0,0,0,0,0,0,0,0,0,0,0,0,0,0,0,0,0,0,0,0,0,0,0,0,0,0,0,0,0,0,0,0,0,0,0,0,0,0,0,0,0,0,0,0
792,0,0,0,0,0,0,0,0,0,0,0,0,0,0,0,0,0,0,0,0,0,0,0,0,0,0,0,0,0,0,0,0,0,0,0,0,0,0,0,0,0,0,0,0,0,0,0,0,0,0,0,0,0,0,0,0,0,0,0,0,0,0,0,0,0
793,0,0,0,0,0,0,0,0,0,0,0,0,0,0,0,0,0,0,0,0,0,0,0,0,0,0,0,0,0,0,0,0,0,0,0,0,0,0,0,0,0,0,0,0,0,0,0,0,0,0,0,0,0,0,0,0,0,0,0,0,0,0,0,0,0
794,0,0,0,0,0,0,0,0,0,0,0,0,0,0,0,0,0,0,0,0,0,0,0,0,0,0,0,0,0,0,0,0,0,0,0,0,0,0,0,0,0,0,0,0,0,0,0,0,0,0,0,0,0,0,0,0,0,0,0,0,0,0,0,0,0
795,0,0,0,0,0,0,0,0,0,0,0,0,0,0,0,0,0,0,0,0,0,0,0,0,0,0,0,0,0,0,0,0,0,0,0,0,0,0,0,0,0,0,0,0,0,0,0,0,0,0,0,0,0,0,0,0,0,0,0,0,0,0,0,0,0
796,0,0,0,0,0,0,0,0,0,0,0,0,0,0,0,0,0,0,0,0,0,0,0,0,0,0,0,0,0,0,0,0,0,0,0,0,0,0,0,0,0,0,0,0,0,0,0,0,0,0,0,0,0,0,0,0,0,0,0,0,0,0,0,0,0
797,0,0,0,0,0,0,0,0,0,0,0,0,0,0,0,0,0,0,0,0,0,0,0,0,0,0,0,0,0,0,0,0,0,0,0,0,0,0,0,0,0,0,0,0,0,0,0,0,0,0,0,0,0,0,0,0,0,0,0,0,0,0,0,0,0
798,0,0,0,0,0,0,0,0,0,0,0,0,0,0,0,0,0,0,0,0,0,0,0,0,0,0,0,0,0,0,0,0,0,0,0,0,0,0,0,0,0,0,0,0,0,0,0,0,0,0,0,0,0,0,0,0,0,0,0,0,0,0,0,0,0
799,0,0,0,0,0,0,0,0,0,0,0,0,0,0,0,0,0,0,0,0,0,0,0,0,0,0,0,0,0,0,0,0,0,0,0,0,0,0,0,0,0,0,0,0,0,0,0,0,0,0,0,0,0,0,0,0,0,0,0,0,0,0,0,0,0
800,0,0,0,0,0,0,0,0,0,0,0,0,0,0,0,0,0,0,0,0,0,0,0,0,0,0,0,0,0,0,0,0,0,0,0,0,0,0,0,0,0,0,0,0,0,0,0,0,0,0,0,0,0,0,0,0,0,0,0,0,0,0,0,0,0
801,0,0,0,0,0,0,0,0,0,0,0,0,0,0,0,0,0,0,0,0,0,0,0,0,0,0,0,0,0,0,0,0,0,0,0,0,0,0,0,0,0,0,0,0,0,0,0,0,0,0,0,0,0,0,0,0,0,0,0,0,0,0,0,0,0
802,0,0,0,0,0,0,0,0,0,0,0,0,0,0,0,0,0,0,0,0,0,0,0,0,0,0,0,0,0,0,0,0,0,0,0,0,0,0,0,0,0,0,0,0,0,0,0,0,0,0,0,0,0,0,0,0,0,0,0,0,0,0,0,0,0
803,0,0,0,0,0,0,0,0,0,0,0,0,0,0,0,0,0,0,0,0,0,0,0,0,0,0,0,0,0,0,0,0,0,0,0,0,0,0,0,0,0,0,0,0,0,0,0,0,0,0,0,0,0,0,0,0,0,0,0,0,0,0,0,0,0
804,0,0,0,0,0,0,0,0,0,0,0,0,0,0,0,0,0,0,0,0,0,0,0,0,0,0,0,0,0,0,0,0,0,0,0,0,0,0,0,0,0,0,0,0,0,0,0,0,0,0,0,0,0,0,0,0,0,0,0,0,0,0,0,0,0
805,0,0,0,0,0,0,0,0,0,0,0,0,0,0,0,0,0,0,0,0,0,0,0,0,0,0,0,0,0,0,0,0,0,0,0,0,0,0,0,0,0,0,0,0,0,0,0,0,0,0,0,0,0,0,0,0,0,0,0,0,0,0,0,0,0
806,0,0,0,0,0,0,0,0,0,0,0,0,0,0,0,0,0,0,0,0,0,0,0,0,0,0,0,0,0,0,0,0,0,0,0,0,0,0,0,0,0,0,0,0,0,0,0,0,0,0,0,0,0,0,0,0,0,0,0,0,0,0,0,0,0
807,0,0,0,0,0,0,0,0,0,0,0,0,0,0,0,0,0,0,0,0,0,0,0,0,0,0,0,0,0,0,0,0,0,0,0,0,0,0,0,0,0,0,0,0,0,0,0,0,0,0,0,0,0,0,0,0,0,0,0,0,0,0,0,0,0
808,0,0,0,0,0,0,0,0,0,0,0,0,0,0,0,0,0,0,0,0,0,0,0,0,0,0,0,0,0,0,0,0,0,0,0,0,0,0,0,0,0,0,0,0,0,0,0,0,0,0,0,0,0,0,0,0,0,0,0,0,0,0,0,0,0
809,0,0,0,0,0,0,0,0,0,0,0,0,0,0,0,0,0,0,0,0,0,0,0,0,0,0,0,0,0,0,0,0,0,0,0,0,0,0,0,0,0,0,0,0,0,0,0,0,0,0,0,0,0,0,0,0,0,0,0,0,0,0,0,0,0
810,0,0,0,0,0,0,0,0,0,0,0,0,0,0,0,0,0,0,0,0,0,0,0,0,0,0,0,0,0,0,0,0,0,0,0,0,0,0,0,0,0,0,0,0,0,0,0,0,0,0,0,0,0,0,0,0,0,0,0,0,0,0,0,0,0
811,0,0,0,0,0,0,0,0,0,0,0,0,0,0,0,0,0,0,0,0,0,0,0,0,0,0,0,0,0,0,0,0,0,0,0,0,0,0,0,0,0,0,0,0,0,0,0,0,0,0,0,0,0,0,0,0,0,0,0,0,0,0,0,0,0
812,0,0,0,0,0,0,0,0,0,0,0,0,0,0,0,0,0,0,0,0,0,0,0,0,0,0,0,0,0,0,0,0,0,0,0,0,0,0,0,0,0,0,0,0,0,0,0,0,0,0,0,0,0,0,0,0,0,0,0,0,0,0,0,0,0
813,0,0,0,0,0,0,0,0,0,0,0,0,0,0,0,0,0,0,0,0,0,0,0,0,0,0,0,0,0,0,0,0,0,0,0,0,0,0,0,0,0,0,0,0,0,0,0,0,0,0,0,0,0,0,0,0,0,0,0,0,0,0,0,0,0
814,0,0,0,0,0,0,0,0,0,0,0,0,0,0,0,0,0,0,0,0,0,0,0,0,0,0,0,0,0,0,0,0,0,0,0,0,0,0,0,0,0,0,0,0,0,0,0,0,0,0,0,0,0,0,0,0,0,0,0,0,0,0,0,0,0
815,0,0,0,0,0,0,0,0,0,0,0,0,0,0,0,0,0,0,0,0,0,0,0,0,0,0,0,0,0,0,0,0,0,0,0,0,0,0,0,0,0,0,0,0,0,0,0,0,0,0,0,0,0,0,0,0,0,0,0,0,0,0,0,0,0
816,0,0,0,0,0,0,0,0,0,0,0,0,0,0,0,0,0,0,0,0,0,0,0,0,0,0,0,0,0,0,0,0,0,0,0,0,0,0,0,0,0,0,0,0,0,0,0,0,0,0,0,0,0,0,0,0,0,0,0,0,0,0,0,0,0
817,0,0,0,0,0,0,0,0,0,0,0,0,0,0,0,0,0,0,0,0,0,0,0,0,0,0,0,0,0,0,0,0,0,0,0,0,0,0,0,0,0,0,0,0,0,0,0,0,0,0,0,0,0,0,0,0,0,0,0,0,0,0,0,0,0
818,0,0,0,0,0,0,0,0,0,0,0,0,0,0,0,0,0,0,0,0,0,0,0,0,0,0,0,0,0,0,0,0,0,0,0,0,0,0,0,0,0,0,0,0,0,0,0,0,0,0,0,0,0,0,0,0,0,0,0,0,0,0,0,0,0
819,0,0,0,0,0,0,0,0,0,0,0,0,0,0,0,0,0,0,0,0,0,0,0,0,0,0,0,0,0,0,0,0,0,0,0,0,0,0,0,0,0,0,0,0,0,0,0,0,0,0,0,0,0,0,0,0,0,0,0,0,0,0,0,0,0
820,0,0,0,0,0,0,0,0,0,0,0,0,0,0,0,0,0,0,0,0,0,0,0,0,0,0,0,0,0,0,0,0,0,0,0,0,0,0,0,0,0,0,0,0,0,0,0,0,0,0,0,0,0,0,0,0,0,0,0,0,0,0,0,0,0
821,0,0,0,0,0,0,0,0,0,0,0,0,0,0,0,0,0,0,0,0,0,0,0,0,0,0,0,0,0,0,0,0,0,0,0,0,0,0,0,0,0,0,0,0,0,0,0,0,0,0,0,0,0,0,0,0,0,0,0,0,0,0,0,0,0
822,0,0,0,0,0,0,0,0,0,0,0,0,0,0,0,0,0,0,0,0,0,0,0,0,0,0,0,0,0,0,0,0,0,0,0,0,0,0,0,0,0,0,0,0,0,0,0,0,0,0,0,0,0,0,0,0,0,0,0,0,0,0,0,0,0
823,0,0,0,0,0,0,0,0,0,0,0,0,0,0,0,0,0,0,0,0,0,0,0,0,0,0,0,0,0,0,0,0,0,0,0,0,0,0,0,0,0,0,0,0,0,0,0,0,0,0,0,0,0,0,0,0,0,0,0,0,0,0,0,0,0
824,0,0,0,0,0,0,0,0,0,0,0,0,0,0,0,0,0,0,0,0,0,0,0,0,0,0,0,0,0,0,0,0,0,0,0,0,0,0,0,0,0,0,0,0,0,0,0,0,0,0,0,0,0,0,0,0,0,0,0,0,0,0,0,0,0
825,0,0,0,0,0,0,0,0,0,0,0,0,0,0,0,0,0,0,0,0,0,0,0,0,0,0,0,0,0,0,0,0,0,0,0,0,0,0,0,0,0,0,0,0,0,0,0,0,0,0,0,0,0,0,0,0,0,0,0,0,0,0,0,0,0
826,0,0,0,0,0,0,0,0,0,0,0,0,0,0,0,0,0,0,0,0,0,0,0,0,0,0,0,0,0,0,0,0,0,0,0,0,0,0,0,0,0,0,0,0,0,0,0,0,0,0,0,0,0,0,0,0,0,0,0,0,0,0,0,0,0
827,0,0,0,0,0,0,0,0,0,0,0,0,0,0,0,0,0,0,0,0,0,0,0,0,0,0,0,0,0,0,0,0,0,0,0,0,0,0,0,0,0,0,0,0,0,0,0,0,0,0,0,0,0,0,0,0,0,0,0,0,0,0,0,0,0
828,0,0,0,0,0,0,0,0,0,0,0,0,0,0,0,0,0,0,0,0,0,0,0,0,0,0,0,0,0,0,0,0,0,0,0,0,0,0,0,0,0,0,0,0,0,0,0,0,0,0,0,0,0,0,0,0,0,0,0,0,0,0,0,0,0
829,0,0,0,0,0,0,0,0,0,0,0,0,0,0,0,0,0,0,0,0,0,0,0,0,0,0,0,0,0,0,0,0,0,0,0,0,0,0,0,0,0,0,0,0,0,0,0,0,0,0,0,0,0,0,0,0,0,0,0,0,0,0,0,0,0
830,0,0,0,0,0,0,0,0,0,0,0,0,0,0,0,0,0,0,0,0,0,0,0,0,0,0,0,0,0,0,0,0,0,0,0,0,0,0,0,0,0,0,0,0,0,0,0,0,0,0,0,0,0,0,0,0,0,0,0,0,0,0,0,0,0
831,0,0,0,0,0,0,0,0,0,0,0,0,0,0,0,0,0,0,0,0,0,0,0,0,0,0,0,0,0,0,0,0,0,0,0,0,0,0,0,0,0,0,0,0,0,0,0,0,0,0,0,0,0,0,0,0,0,0,0,0,0,0,0,0,0
832,0,0,0,0,0,0,0,0,0,0,0,0,0,0,0,0,0,0,0,0,0,0,0,0,0,0,0,0,0,0,0,0,0,0,0,0,0,0,0,0,0,0,0,0,0,0,0,0,0,0,0,0,0,0,0,0,0,0,0,0,0,0,0,0,0
833,0,0,0,0,0,0,0,0,0,0,0,0,0,0,0,0,0,0,0,0,0,0,0,0,0,0,0,0,0,0,0,0,0,0,0,0,0,0,0,0,0,0,0,0,0,0,0,0,0,0,0,0,0,0,0,0,0,0,0,0,0,0,0,0,0
834,0,0,0,0,0,0,0,0,0,0,0,0,0,0,0,0,0,0,0,0,0,0,0,0,0,0,0,0,0,0,0,0,0,0,0,0,0,0,0,0,0,0,0,0,0,0,0,0,0,0,0,0,0,0,0,0,0,0,0,0,0,0,0,0,0
835,0,0,0,0,0,0,0,0,0,0,0,0,0,0,0,0,0,0,0,0,0,0,0,0,0,0,0,0,0,0,0,0,0,0,0,0,0,0,0,0,0,0,0,0,0,0,0,0,0,0,0,0,0,0,0,0,0,0,0,0,0,0,0,0,0
836,0,0,0,0,0,0,0,0,0,0,0,0,0,0,0,0,0,0,0,0,0,0,0,0,0,0,0,0,0,0,0,0,0,0,0,0,0,0,0,0,0,0,0,0,0,0,0,0,0,0,0,0,0,0,0,0,0,0,0,0,0,0,0,0,0
837,0,0,0,0,0,0,0,0,0,0,0,0,0,0,0,0,0,0,0,0,0,0,0,0,0,0,0,0,0,0,0,0,0,0,0,0,0,0,0,0,0,0,0,0,0,0,0,0,0,0,0,0,0,0,0,0,0,0,0,0,0,0,0,0,0
838,0,0,0,0,0,0,0,0,0,0,0,0,0,0,0,0,0,0,0,0,0,0,0,0,0,0,0,0,0,0,0,0,0,0,0,0,0,0,0,0,0,0,0,0,0,0,0,0,0,0,0,0,0,0,0,0,0,0,0,0,0,0,0,0,0
839,0,0,0,0,0,0,0,0,0,0,0,0,0,0,0,0,0,0,0,0,0,0,0,0,0,0,0,0,0,0,0,0,0,0,0,0,0,0,0,0,0,0,0,0,0,0,0,0,0,0,0,0,0,0,0,0,0,0,0,0,0,0,0,0,0
840,1,0,0,0,0,0,0,0,0,0,0,0,0,0,0,0,0,0,0,0,0,0,0,0,0,0,0,0,0,0,0,0,0,0,0,0,0,0,0,0,0,0,0,0,0,0,0,0,0,0,0,0,0,0,0,0,0,0,0,0,0,0,0,0,0
841,1,0,0,0,0,0,0,0,0,0,0,0,0,0,0,0,0,0,0,0,0,0,0,0,0,0,0,0,0,0,0,0,0,0,0,0,0,0,0,0,0,0,0,0,0,0,0,0,0,0,0,0,0,0,0,0,0,0,0,0,0,0,0,0,0
842,1,0,0,0,0,0,0,0,0,0,0,0,0,0,0,0,0,0,0,0,0,0,0,0,0,0,0,0,0,0,0,0,0,0,0,0,0,0,0,0,0,0,0,0,0,0,0,0,0,0,0,0,0,0,0,0,0,0,0,0,0,0,0,0,0
843,1,0,0,0,0,0,0,0,0,0,0,0,0,0,0,0,0,0,0,0,0,0,0,0,0,0,0,0,0,0,0,0,0,0,0,0,0,0,0,0,0,0,0,0,0,0,0,0,0,0,0,0,0,0,0,0,0,0,0,0,0,0,0,0,0
844,1,0,0,0,0,0,0,0,0,0,0,0,0,0,0,0,0,0,0,0,0,0,0,0,0,0,0,0,0,0,0,0,0,0,0,0,0,0,0,0,0,0,0,0,0,0,0,0,0,0,0,0,0,0,0,0,0,0,0,0,0,0,0,0,0
845,1,0,0,0,0,0,0,0,0,0,0,0,0,0,0,0,0,0,0,0,0,0,0,0,0,0,0,0,0,0,0,0,0,0,0,0,0,0,0,0,0,0,0,0,0,0,0,0,0,0,0,0,0,0,0,0,0,0,0,0,0,0,0,0,0
846,1,-53,0,0,0,0,0,0,0,0,0,0,0,0,0,0,0,0,0,0,0,0,0,0,0,0,0,0,0,0,0,0,0,-17,0,0,0,0,0,0,0,0,0,0,0,0,0,0,0,0,0,0,0,0,0,0,0,0,0,0,0,0,0,0,0
847,1,-53,0,0,0,0,0,0,0,0,0,0,0,0,0,0,0,0,0,0,0,0,0,0,0,0,0,0,0,0,0,0,0,-17,0,0,0,0,0,0,0,0,0,0,0,0,0,0,0,0,0,0,0,0,0,0,0,0,0,0,0,0,0,0,0
848,1,-53,0,0,0,0,0,0,0,0,0,0,0,0,0,0,0,0,0,0,0,0,0,0,0,0,0,0,0,0,0,0,0,-17,0,0,0,0,0,0,0,0,0,0,0,0,0,0,0,0,0,0,0,0,0,0,0,0,0,0,0,0,0,0,0
849,1,59,59,0,0,0,0,0,0,0,0,0,0,0,0,0,0,0,0,0,0,0,0,0,0,0,0,0,0,0,0,0,0,104,-17,0,0,0,0,0,0,0,0,0,0,0,0,0,0,0,0,0,0,0,0,0,0,0,0,0,0,0,0,0,0
850,1,59,59,0,0,0,0,0,0,0,0,0,0,0,0,0,0,0,0,0,0,0,0,0,0,0,0,0,0,0,0,0,0,104,-17,0,0,0,0,0,0,0,0,0,0,0,0,0,0,0,0,0,0,0,0,0,0,0,0,0,0,0,0,0,0
851,1,59,59,0,0,0,0,0,0,0,0,0,0,0,0,0,0,0,0,0,0,0,0,0,0,0,0,0,0,0,0,0,0,104,-17,0,0,0,0,0,0,0,0,0,0,0,0,0,0,0,0,0,0,0,0,0,0,0,0,0,0,0,0,0,0
852,1,-4,-4,-4,0,0,0,0,0,0,0,0,0,0,0,0,0,0,0,0,0,0,0,0,0,0,0,0,0,0,0,0,0,10,-13,-17,0,0,0,0,0,0,0,0,0,0,0,0,0,0,0,0,0,0,0,0,0,0,0,0,0,0,0,0,0
853,1,-4,-4,-4,0,0,0,0,0,0,0,0,0,0,0,0,0,0,0,0,0,0,0,0,0,0,0,0,0,0,0,0,0,10,-13,-17,0,0,0,0,0,0,0,0,0,0,0,0,0,0,0,0,0,0,0,0,0,0,0,0,0,0,0,0,0
854,1,-4,-4,-4,0,0,0,0,0,0,0,0,0,0,0,0,0,0,0,0,0,0,0,0,0,0,0,0,0,0,0,0,0,10,-13,-17,0,0,0,0,0,0,0,0,0,0,0,0,0,0,0,0,0,0,0,0,0,0,0,0,0,0,0,0,0
855,1,89,83,83,83,0,0,0,0,0,0,0,0,0,0,0,0,0,0,0,0,0,0,0,0,0,0,0,0,0,0,0,0,-103,-91,-91,-17,0,0,0,0,0,0,0,0,0,0,0,0,0,0,0,0,0,0,0,0,0,0,0,0,0,0,0,0
856,1,89,83,83,83,0,0,0,0,0,0,0,0,0,0,0,0,0,0,0,0,0,0,0,0,0,0,0,0,0,0,0,0,-103,-91,-91,-17,0,0,0,0,0,0,0,0,0,0,0,0,0,0,0,0,0,0,0,0,0,0,0,0,0,0,0,0
857,1,89,83,83,83,0,0,0,0,0,0,0,0,0,0,0,0,0,0,0,0,0,0,0,0,0,0,0,0,0,0,0,0,-103,-91,-91,-17,0,0,0,0,0,0,0,0,0,0,0,0,0,0,0,0,0,0,0,0,0,0,0,0,0,0,0,0
858,1,-115,-115,102,102,102,0,0,0,0,0,0,0,0,0,0,0,0,0,0,0,0,0,0,0,0,0,0,0,0,0,0,0,17,106,-56,-81,-17,0,0,0,0,0,0,0,0,0,0,0,0,0,0,0,0,0,0,0,0,0,0,0,0,0,0,0
859,1,-115,-115,102,102,102,0,0,0,0,0,0,0,0,0,0,0,0,0,0,0,0,0,0,0,0,0,0,0,0,0,0,0,17,106,-56,-81,-17,0,0,0,0,0,0,0,0,0,0,0,0,0,0,0,0,0,0,0,0,0,0,0,0,0,0,0
860,1,-115,-115,102,102,102,0,0,0,0,0,0,0,0,0,0,0,0,0,0,0,0,0,0,0,0,0,0,0,0,0,0,0,17,106,-56,-81,-17,0,0,0,0,0,0,0,0,0,0,0,0,0,0,0,0,0,0,0,0,0,0,0,0,0,0,0
861,1,-118,-118,-118,75,75,75,0,0,0,0,0,0,0,0,0,0,0,0,0,0,0,0,0,0,0,0,0,0,0,0,0,0,28,122,21,81,15,-17,0,0,0,0,0,0,0,0,0,0,0,0,0,0,0,0,0,0,0,0,0,0,0,0,0,0
862,1,-118,-118,-118,75,75,75,0,0,0,0,0,0,0,0,0,0,0,0,0,0,0,0,0,0,0,0,0,0,0,0,0,0,28,122,21,81,15,-17,0,0,0,0,0,0,0,0,0,0,0,0,0,0,0,0,0,0,0,0,0,0,0,0,0,0
863,1,-118,-118,-118,75,75,75,0,0,0,0,0,0,0,0,0,0,0,0,0,0,0,0,0,0,0,0,0,0,0,0,0,0,28,122,21,81,15,-17,0,0,0,0,0,0,0,0,0,0,0,0,0,0,0,0,0,0,0,0,0,0,0,0,0,0
864,1,-84,83,83,83,-77,-77,-77,0,0,0,0,0,0,0,0,0,0,0,0,0,0,0,0,0,0,0,0,0,0,0,0,0,-118,-21,-30,-30,-77,-28,-17,0,0,0,0,0,0,0,0,0,0,0,0,0,0,0,0,0,0,0,0,0,0,0,0,0
865,1,-84,83,83,83,-77,-77,-77,0,0,0,0,0,0,0,0,0,0,0,0,0,0,0,0,0,0,0,0,0,0,0,0,0,-118,-21,-30,-30,-77,-28,-17,0,0,0,0,0,0,0,0,0,0,0,0,0,0,0,0,0,0,0,0,0,0,0,0,0
866,1,-84,83,83,83,-77,-77,-77,0,0,0,0,0,0,0,0,0,0,0,0,0,0,0,0,0,0,0,0,0,0,0,0,0,-118,-21,-30,-30,-77,-28,-17,0,0,0,0,0,0,0,0,0,0,0,0,0,0,0,0,0,0,0,0,0,0,0,0,0
867,1,7,7,29,29,29,-53,-53,-53,0,0,0,0,0,0,0,0,0,0,0,0,0,0,0,0,0,0,0,0,0,0,0,0,109,-100,-29,53,-121,64,7,-17,0,0,0,0,0,0,0,0,0,0,0,0,0,0,0,0,0,0,0,0,0,0,0,0
868,1,7,7,29,29,29,-53,-53,-53,0,0,0,0,0,0,0,0,0,0,0,0,0,0,0,0,0,0,0,0,0,0,0,0,109,-100,-29,53,-121,64,7,-17,0,0,0,0,0,0,0,0,0,0,0,0,0,0,0,0,0,0,0,0,0,0,0,0
869,1,7,7,29,29,29,-53,-53,-53,0,0,0,0,0,0,0,0,0,0,0,0,0,0,0,0,0,0,0,0,0,0,0,0,109,-100,-29,53,-121,64,7,-17,0,0,0,0,0,0,0,0,0,0,0,0,0,0,0,0,0,0,0,0,0,0,0,0
870,1,82,82,82,14,14,14,13,13,-53,0,0,0,0,0,0,0,0,0,0,0,0,0,0,0,0,0,0,0,0,0,0,0,61,-9,-116,56,65,11,108,30,-17,0,0,0,0,0,0,0,0,0,0,0,0,0,0,0,0,0,0,0,0,0,0,0
871,1,82,82,82,14,14,14,13,13,-53,0,0,0,0,0,0,0,0,0,0,0,0,0,0,0,0,0,0,0,0,0,0,0,61,-9,-116,56,65,11,108,30,-17,0,0,0,0,0,0,0,0,0,0,0,0,0,0,0,0,0,0,0,0,0,0,0
872,1,82,82,82,14,14,14,13,13,-53,0,0,0,0,0,0,0,0,0,0,0,0,0,0,0,0,0,0,0,0,0,0,0,61,-9,-116,56,65,11,108,30,-17,0,0,0,0,0,0,0,0,0,0,0,0,0,0,0,0,0,0,0,0,0,0,0
873,1,49,8,8,8,-86,-86,-86,38,59,-53,0,0,0,0,0,0,0,0,0,0,0,0,0,0,0,0,0,0,0,0,0,0,63,-9,-25,108,47,-53,-62,-92,82,-17,0,0,0,0,0,0,0,0,0,0,0,0,0,0,0,0,0,0,0,0,0,0
874,1,49,8,8,8,-86,-86,-86,38,59,-53,0,0,0,0,0,0,0,0,0,0,0,0,0,0,0,0,0,0,0,0,0,0,63,-9,-25,108,47,-53,-62,-92,82,-17,0,0,0,0,0,0,0,0,0,0,0,0,0,0,0,0,0,0,0,0,0,0
875,1,49,8,8,8,-86,-86,-86,38,59,-53,0,0,0,0,0,0,0,0,0,0,0,0,0,0,0,0,0,0,0,0,0,0,63,-9,-25,108,47,-53,-62,-92,82,-17,0,0,0,0,0,0,0,0,0,0,0,0,0,0,0,0,0,0,0,0,0,0
876,1,99,99,-61,-61,-61,43,43,43,-4,59,-53,0,0,0,0,0,0,0,0,0,0,0,0,0,0,0,0,0,0,0,0,0,-66,-69,52,39,60,65,60,-122,-118,20,-17,0,0,0,0,0,0,0,0,0,0,0,0,0,0,0,0,0,0,0,0,0
877,1,99,99,-61,-61,-61,43,43,43,-4,59,-53,0,0,0,0,0,0,0,0,0,0,0,0,0,0,0,0,0,0,0,0,0,-66,-69,52,39,60,65,60,-122,-118,20,-17,0,0,0,0,0,0,0,0,0,0,0,0,0,0,0,0,0,0,0,0,0
878,1,99,99,-61,-61,-61,43,43,43,-4,59,-53,0,0,0,0,0,0,0,0,0,0,0,0,0,0,0,0,0,0,0,0,0,-66,-69,52,39,60,65,60,-122,-118,20,-17,0,0,0,0,0,0,0,0,0,0,0,0,0,0,0,0,0,0,0,0,0
879,1,87,87,87,1,1,1,-1,-1,89,-4,59,-53,0,0,0,0,0,0,0,0,0,0,0,0,0,0,0,0,0,0,0,0,113,124,-70,-27,-97,-10,-8,56,22,112,-93,-17,0,0,0,0,0,0,0,0,0,0,0,0,0,0,0,0,0,0,0,0
880,1,87,87,87,1,1,1,-1,-1,89,-4,59,-53,0,0,0,0,0,0,0,0,0,0,0,0,0,0,0,0,0,0,0,0,113,124,-70,-27,-97,-10,-8,56,22,112,-93,-17,0,0,0,0,0,0,0,0,0,0,0,0,0,0,0,0,0,0,0,0
881,1,87,87,87,1,1,1,-1,-1,89,-4,59,-53,0,0,0,0,0,0,0,0,0,0,0,0,0,0,0,0,0,0,0,0,113,124,-70,-27,-97,-10,-8,56,22,112,-93,-17,0,0,0,0,0,0,0,0,0,0,0,0,0,0,0,0,0,0,0,0
882,1,-26,-21,-21,-21,-17,-17,-17,-82,-115,89,-4,59,-53,0,0,0,0,0,0,0,0,0,0,0,0,0,0,0,0,0,0,0,-61,77,-44,58,-78,-55,84,-84,29,-122,-81,-92,-17,0,0,0,0,0,0,0,0,0,0,0,0,0,0,0,0,0,0,0
883,1,-26,-21,-21,-21,-17,-17,-17,-82,-115,89,-4,59,-53,0,0,0,0,0,0,0,0,0,0,0,0,0,0,0,0,0,0,0,-61,77,-44,58,-78,-55,84,-84,29,-122,-81,-92,-17,0,0,0,0,0,0,0,0,0,0,0,0,0,0,0,0,0,0,0
884,1,-26,-21,-21,-21,-17,-17,-17,-82,-115,89,-4,59,-53,0,0,0,0,0,0,0,0,0,0,0,0,0,0,0,0,0,0,0,-61,77,-44,58,-78,-55,84,-84,29,-122,-81,-92,-17,0,0,0,0,0,0,0,0,0,0,0,0,0,0,0,0,0,0,0
885,1,88,88,-52,-52,-52,91,91,91,-118,-115,89,-4,59,-53,0,0,0,0,0,0,0,0,0,0,0,0,0,0,0,0,0,0,125,-52,103,29,34,-47,119,-91,-46,16,84,-125,-92,-17,0,0,0,0,0,0,0,0,0,0,0,0,0,0,0,0,0,0
886,1,88,88,-52,-52,-52,91,91,91,-118,-115,89,-4,59,-53,0,0,0,0,0,0,0,0,0,0,0,0,0,0,0,0,0,0,125,-52,103,29,34,-47,119,-91,-46,16,84,-125,-92,-17,0,0,0,0,0,0,0,0,0,0,0,0,0,0,0,0,0,0
887,1,88,88,-52,-52,-52,91,91,91,-118,-115,89,-4,59,-53,0,0,0,0,0,0,0,0,0,0,0,0,0,0,0,0,0,0,125,-52,103,29,34,-47,119,-91,-46,16,84,-125,-92,-17,0,0,0,0,0,0,0,0,0,0,0,0,0,0,0,0,0,0
888,1,-16,-16,-16,-81,-81,-81,-35,-35,-84,-118,-115,89,-4,59,-53,0,0,0,0,0,0,0,0,0,0,0,0,0,0,0,0,0,-88,-104,-3,-25,107,60,-17,-10,94,-86,-19,-67,-57,-79,-17,0,0,0,0,0,0,0,0,0,0,0,0,0,0,0,0,0
889,1,-16,-16,-16,-81,-81,-81,-35,-35,-84,-118,-115,89,-4,59,-53,0,0,0,0,0,0,0,0,0,0,0,0,0,0,0,0,0,-88,-104,-3,-25,107,60,-17,-10,94,-86,-19,-67,-57,-79,-17,0,0,0,0,0,0,0,0,0,0,0,0,0,0,0,0,0
890,1,-16,-16,-16,-81,-81,-81,-35,-35,-84,-118,-115,89,-4,59,-53,0,0,0,0,0,0,0,0,0,0,0,0,0,0,0,0,0,-88,-104,-3,-25,107,60,-17,-10,94,-86,-19,-67,-57,-79,-17,0,0,0,0,0,0,0,0,0,0,0,0,0,0,0,0,0
891,1,37,62,62,62,91,91,91,-71,7,-84,-118,-115,89,-4,59,-53,0,0,0,0,0,0,0,0,0,0,0,0,0,0,0,0,-87,-48,80,-93,58,110,113,118,-78,17,24,108,108,121,45,-17,0,0,0,0,0,0,0,0,0,0,0,0,0,0,0,0
892,1,37,62,62,62,91,91,91,-71,7,-84,-118,-115,89,-4,59,-53,0,0,0,0,0,0,0,0,0,0,0,0,0,0,0,0,-87,-48,80,-93,58,110,113,118,-78,17,24,108,108,121,45,-17,0,0,0,0,0,0,0,0,0,0,0,0,0,0,0,0
893,1,37,62,62,62,91,91,91,-71,7,-84,-118,-115,89,-4,59,-53,0,0,0,0,0,0,0,0,0,0,0,0,0,0,0,0,-87,-48,80,-93,58,110,113,118,-78,17,24,108,108,121,45,-17,0,0,0,0,0,0,0,0,0,0,0,0,0,0,0,0
894,1,-6,-6,-96,-96,-96,70,70,70,82,7,-84,-118,-115,89,-4,59,-53,0,0,0,0,0,0,0,0,0,0,0,0,0,0,0,73,77,104,-2,-20,-39,73,34,-117,18,-10,54,-78,-90,111,-76,-17,0,0,0,0,0,0,0,0,0,0,0,0,0,0,0
895,1,-6,-6,-96,-96,-96,70,70,70,82,7,-84,-118,-115,89,-4,59,-53,0,0,0,0,0,0,0,0,0,0,0,0,0,0,0,73,77,104,-2,-20,-39,73,34,-117,18,-10,54,-78,-90,111,-76,-17,0,0,0,0,0,0,0,0,0,0,0,0,0,0,0
896,1,-6,-6,-96,-96,-96,70,70,70,82,7,-84,-118,-115,89,-4,59,-53,0,0,0,0,0,0,0,0,0,0,0,0,0,0,0,73,77,104,-2,-20,-39,73,34,-117,18,-10,54,-78,-90,111,-76,-17,0,0,0,0,0,0,0,0,0,0,0,0,0,0,0
897,1,51,51,51,-37,-37,-37,26,26,49,82,7,-84,-118,-115,89,-4,59,-53,0,0,0,0,0,0,0,0,0,0,0,0,0,0,98,-87,-18,-38,-108,29,-4,-83,32,-40,114,65,-35,-124,-38,86,-14,-17,0,0,0,0,0,0,0,0,0,0,0,0,0,0
898,1,51,51,51,-37,-37,-37,26,26,49,82,7,-84,-118,-115,89,-4,59,-53,0,0,0,0,0,0,0,0,0,0,0,0,0,0,98,-87,-18,-38,-108,29,-4,-83,32,-40,114,65,-35,-124,-38,86,-14,-17,0,0,0,0,0,0,0,0,0,0,0,0,0,0
899,1,51,51,51,-37,-37,-37,26,26,49,82,7,-84,-118,-115,89,-4,59,-53,0,0,0,0,0,0,0,0,0,0,0,0,0,0,98,-87,-18,-38,-108,29,-4,-83,32,-40,114,65,-35,-124,-38,86,-14,-17,0,0,0,0,0,0,0,0,0,0,0,0,0,0
900,1,120,16,16,16,-90,-90,-90,55,99,49,82,7,-84,-118,-115,89,-4,59,-53,0,0,0,0,0,0,0,0,0,0,0,0,0,15,36,37,-114,-47,-1,103,97,-88,-71,-10,28,-3,-31,-95,-84,32,-91,-17,0,0,0,0,0,0,0,0,0,0,0,0,0
901,1,120,16,16,16,-90,-90,-90,55,99,49,82,7,-84,-118,-115,89,-4,59,-53,0,0,0,0,0,0,0,0,0,0,0,0,0,15,36,37,-114,-47,-1,103,97,-88,-71,-10,28,-3,-31,-95,-84,32,-91,-17,0,0,0,0,0,0,0,0,0,0,0,0,0
902,1,120,16,16,16,-90,-90,-90,55,99,49,82,7,-84,-118,-115,89,-4,59,-53,0,0,0,0,0,0,0,0,0,0,0,0,0,15,36,37,-114,-47,-1,103,97,-88,-71,-10,28,-3,-31,-95,-84,32,-91,-17,0,0,0,0,0,0,0,0,0,0,0,0,0
903,1,55,55,-100,-100,-100,83,83,83,87,99,49,82,7,-84,-118,-115,89,-4,59,-53,0,0,0,0,0,0,0,0,0,0,0,0,-25,117,-122,78,-54,96,8,-87,-46,-8,-111,4,101,-57,120,-52,64,-11,-78,-17,0,0,0,0,0,0,0,0,0,0,0,0
904,1,55,55,-100,-100,-100,83,83,83,87,99,49,82,7,-84,-118,-115,89,-4,59,-53,0,0,0,0,0,0,0,0,0,0,0,0,-25,117,-122,78,-54,96,8,-87,-46,-8,-111,4,101,-57,120,-52,64,-11,-78,-17,0,0,0,0,0,0,0,0,0,0,0,0
905,1,55,55,-100,-100,-100,83,83,83,87,99,49,82,7,-84,-118,-115,89,-4,59,-53,0,0,0,0,0,0,0,0,0,0,0,0,-25,117,-122,78,-54,96,8,-87,-46,-8,-111,4,101,-57,120,-52,64,-11,-78,-17,0,0,0,0,0,0,0,0,0,0,0,0
906,1,100,100,100,-109,-109,-109,102,102,-26,87,99,49,82,7,-84,-118,-115,89,-4,59,-53,0,0,0,0,0,0,0,0,0,0,0,55,-119,-93,65,-51,36,116,123,119,-69,59,99,-122,-11,-72,-11,-59,-93,-58,125,-17,0,0,0,0,0,0,0,0,0,0,0
907,1,100,100,100,-109,-109,-109,102,102,-26,87,99,49,82,7,-84,-118,-115,89,-4,59,-53,0,0,0,0,0,0,0,0,0,0,0,55,-119,-93,65,-51,36,116,123,119,-69,59,99,-122,-11,-72,-11,-59,-93,-58,125,-17,0,0,0,0,0,0,0,0,0,0,0
908,1,100,100,100,-109,-109,-109,102,102,-26,87,99,49,82,7,-84,-118,-115,89,-4,59,-53,0,0,0,0,0,0,0,0,0,0,0,55,-119,-93,65,-51,36,116,123,119,-69,59,99,-122,-11,-72,-11,-59,-93,-58,125,-17,0,0,0,0,0,0,0,0,0,0,0
909,1,-73,-19,-19,-19,57,57,57,30,88,-26,87,99,49,82,7,-84,-118,-115,89,-4,59,-53,0,0,0,0,0,0,0,0,0,0,87,-94,-27,32,-37,-99,-109,-46,72,-16,-55,14,67,-77,-69,-39,94,-86,58,-42,59,-17,0,0,0,0,0,0,0,0,0,0
910,1,-73,-19,-19,-19,57,57,57,30,88,-26,87,99,49,82,7,-84,-118,-115,89,-4,59,-53,0,0,0,0,0,0,0,0,0,0,87,-94,-27,32,-37,-99,-109,-46,72,-16,-55,14,67,-77,-69,-39,94,-86,58,-42,59,-17,0,0,0,0,0,0,0,0,0,0
911,1,-73,-19,-19,-19,57,57,57,30,88,-26,87,99,49,82,7,-84,-118,-115,89,-4,59,-53,0,0,0,0,0,0,0,0,0,0,87,-94,-27,32,-37,-99,-109,-46,72,-16,-55,14,67,-77,-69,-39,94,-86,58,-42,59,-17,0,0,0,0,0,0,0,0,0,0
912,1,-99,-99,-43,-43,-43,109,109,109,-16,88,-26,87,99,49,82,7,-84,-118,-115,89,-4,59,-53,0,0,0,0,0,0,0,0,0,-123,71,69,26,29,-30,-60,41,105,41,-31,61,-105,113,-57,109,-126,-102,68,54,71,-55,-17,0,0,0,0,0,0,0,0,0
913,1,-99,-99,-43,-43,-43,109,109,109,-16,88,-26,87,99,49,82,7,-84,-118,-115,89,-4,59,-53,0,0,0,0,0,0,0,0,0,-123,71,69,26,29,-30,-60,41,105,41,-31,61,-105,113,-57,109,-126,-102,68,54,71,-55,-17,0,0,0,0,0,0,0,0,0
914,1,-99,-99,-43,-43,-43,109,109,109,-16,88,-26,87,99,49,82,7,-84,-118,-115,89,-4,59,-53,0,0,0,0,0,0,0,0,0,-123,71,69,26,29,-30,-60,41,105,41,-31,61,-105,113,-57,109,-126,-102,68,54,71,-55,-17,0,0,0,0,0,0,0,0,0
915,1,14,14,14,27,27,27,95,95,37,-16,88,-26,87,99,49,82,7,-84,-118,-115,89,-4,59,-53,0,0,0,0,0,0,0,0,-101,105,-77,19,-44,-50,-125,-98,-87,-71,-78,127,43,-66,-114,87,28,86,-54,-85,-13,-13,56,-17,0,0,0,0,0,0,0,0
916,1,14,14,14,27,27,27,95,95,37,-16,88,-26,87,99,49,82,7,-84,-118,-115,89,-4,59,-53,0,0,0,0,0,0,0,0,-101,105,-77,19,-44,-50,-125,-98,-87,-71,-78,127,43,-66,-114,87,28,86,-54,-85,-13,-13,56,-17,0,0,0,0,0,0,0,0
917,1,14,14,14,27,27,27,95,95,37,-16,88,-26,87,99,49,82,7,-84,-118,-115,89,-4,59,-53,0,0,0,0,0,0,0,0,-101,105,-77,19,-44,-50,-125,-98,-87,-71,-78,127,43,-66,-114,87,28,86,-54,-85,-13,-13,56,-17,0,0,0,0,0,0,0,0
918,1,-116,90,90,90,67,67,67,-124,-6,37,-16,88,-26,87,99,49,82,7,-84,-118,-115,89,-4,59,-53,0,0,0,0,0,0,0,-19,-49,35,90,-19,-33,-67,90,111,-67,107,83,-97,-21,73,-122,51,-38,112,-122,-20,-36,-69,-75,-17,0,0,0,0,0,0,0
919,1,-116,90,90,90,67,67,67,-124,-6,37,-16,88,-26,87,99,49,82,7,-84,-118,-115,89,-4,59,-53,0,0,0,0,0,0,0,-19,-49,35,90,-19,-33,-67,90,111,-67,107,83,-97,-21,73,-122,51,-38,112,-122,-20,-36,-69,-75,-17,0,0,0,0,0,0,0
920,1,-116,90,90,90,67,67,67,-124,-6,37,-16,88,-26,87,99,49,82,7,-84,-118,-115,89,-4,59,-53,0,0,0,0,0,0,0,-19,-49,35,90,-19,-33,-67,90,111,-67,107,83,-97,-21,73,-122,51,-38,112,-122,-20,-36,-69,-75,-17,0,0,0,0,0,0,0
921,1,108,108,59,59,59,-66,-66,-66,51,-6,37,-16,88,-26,87,99,49,82,7,-84,-118,-115,89,-4,59,-53,0,0,0,0,0,0,-106,-94,96,104,-104,-64,102,-31,-77,95,-41,8,-24,-65,-12,-123,15,15,70,57,-80,-103,81,-36,103,-17,0,0,0,0,0,0
922,1,108,108,59,59,59,-66,-66,-66,51,-6,37,-16,88,-26,87,99,49,82,7,-84,-118,-115,89,-4,59,-53,0,0,0,0,0,0,-106,-94,96,104,-104,-64,102,-31,-77,95,-41,8,-24,-65,-12,-123,15,15,70,57,-80,-103,81,-36,103,-17,0,0,0,0,0,0
923,1,108,108,59,59,59,-66,-66,-66,51,-6,37,-16,88,-26,87,99,49,82,7,-84,-118,-115,89,-4,59,-53,0,0,0,0,0,0,-106,-94,96,104,-104,-64,102,-31,-77,95,-41,8,-24,-65,-12,-123,15,15,70,57,-80,-103,81,-36,103,-17,0,0,0,0,0,0
924,1,84,84,84,-27,-27,-27,-70,-70,120,51,-6,37,-16,88,-26,87,99,49,82,7,-84,-118,-115,89,-4,59,-53,0,0,0,0,0,13,79,16,-14,-70,-63,94,118,94,70,-89,-68,-76,112,54,-35,121,-113,-106,-125,-64,-11,-20,-58,94,110,-17,0,0,0,0,0
925,1,84,84,84,-27,-27,-27,-70,-70,120,51,-6,37,-16,88,-26,87,99,49,82,7,-84,-118,-115,89,-4,59,-53,0,0,0,0,0,13,79,16,-14,-70,-63,94,118,94,70,-89,-68,-76,112,54,-35,121,-113,-106,-125,-64,-11,-20,-58,94,110,-17,0,0,0,0,0
926,1,84,84,84,-27,-27,-27,-70,-70,120,51,-6,37,-16,88,-26,87,99,49,82,7,-84,-118,-115,89,-4,59,-53,0,0,0,0,0,13,79,16,-14,-70,-63,94,118,94,70,-89,-68,-76,112,54,-35,121,-113,-106,-125,-64,-11,-20,-58,94,110,-17,0,0,0,0,0
927,1,0,-97,-97,-97,39,39,39,-79,55,120,51,-6,37,-16,88,-26,87,99,49,82,7,-84,-118,-115,89,-4,59,-53,0,0,0,0,-124,-113,-60,-72,92,-3,-12,80,-47,-118,63,116,-31,31,36,-126,69,122,30,-92,-63,-89,44,65,-88,40,40,-17,0,0,0,0
928,1,0,-97,-97,-97,39,39,39,-79,55,120,51,-6,37,-16,88,-26,87,99,49,82,7,-84,-118,-115,89,-4,59,-53,0,0,0,0,-124,-113,-60,-72,92,-3,-12,80,-47,-118,63,116,-31,31,36,-126,69,122,30,-92,-63,-89,44,65,-88,40,40,-17,0,0,0,0
929,1,0,-97,-97,-97,39,39,39,-79,55,120,51,-6,37,-16,88,-26,87,99,49,82,7,-84,-118,-115,89,-4,59,-53,0,0,0,0,-124,-113,-60,-72,92,-3,-12,80,-47,-118,63,116,-31,31,36,-126,69,122,30,-92,-63,-89,44,65,-88,40,40,-17,0,0,0,0
930,1,110,110,-120,-120,-120,101,101,101,100,55,120,51,-6,37,-16,88,-26,87,99,49,82,7,-84,-118,-115,89,-4,59,-53,0,0,0,-111,47,-90,81,-116,56,-113,86,-67,127,-14,87,-45,-88,-23,-66,-72,14,7,-103,-16,48,-58,43,-116,-20,-43,48,-17,0,0,0
931,1,110,110,-120,-120,-120,101,101,101,100,55,120,51,-6,37,-16,88,-26,87,99,49,82,7,-84,-118,-115,89,-4,59,-53,0,0,0,-111,47,-90,81,-116,56,-113,86,-67,127,-14,87,-45,-88,-23,-66,-72,14,7,-103,-16,48,-58,43,-116,-20,-43,48,-17,0,0,0
932,1,110,110,-120,-120,-120,101,101,101,100,55,120,51,-6,37,-16,88,-26,87,99,49,82,7,-84,-118,-115,89,-4,59,-53,0,0,0,-111,47,-90,81,-116,56,-113,86,-67,127,-14,87,-45,-88,-23,-66,-72,14,7,-103,-16,48,-58,43,-116,-20,-43,48,-17,0,0,0
933,1,-30,-30,-30,-122,-122,-122,-113,-113,-73,100,55,120,51,-6,37,-16,88,-26,87,99,49,82,7,-84,-118,-115,89,-4,59,-53,0,0,61,88,2,-121,-112,44,61,26,88,-6,-33,13,114,-80,68,45,70,-51,-53,21,-5,-103,-31,1,122,-56,17,-54,54,-17,0,0
934,1,-30,-30,-30,-122,-122,-122,-113,-113,-73,100,55,120,51,-6,37,-16,88,-26,87,99,49,82,7,-84,-118,-115,89,-4,59,-53,0,0,61,88,2,-121,-112,44,61,26,88,-6,-33,13,114,-80,68,45,70,-51,-53,21,-5,-103,-31,1,122,-56,17,-54,54,-17,0,0
935,1,-30,-30,-30,-122,-122,-122,-113,-113,-73,100,55,120,51,-6,37,-16,88,-26,87,99,49,82,7,-84,-118,-115,89,-4,59,-53,0,0,61,88,2,-121,-112,44,61,26,88,-6,-33,13,114,-80,68,45,70,-51,-53,21,-5,-103,-31,1,122,-56,17,-54,54,-17,0,0
936,1,80,62,62,62,10,10,10,-95,-99,-73,100,55,120,51,-6,37,-16,88,-26,87,99,49,82,7,-84,-118,-115,89,-4,59,-53,0,100,-78,54,55,-10,58,64,24,-103,44,61,-28,35,-11,-43,97,60,-118,-61,13,88,4,4,63,-32,-125,110,-4,121,-49,-17,0
937,1,80,62,62,62,10,10,10,-95,-99,-73,100,55,120,51,-6,37,-16,88,-26,87,99,49,82,7,-84,-118,-115,89,-4,59,-53,0,100,-78,54,55,-10,58,64,24,-103,44,61,-28,35,-11,-43,97,60,-118,-61,13,88,4,4,63,-32,-125,110,-4,121,-49,-17,0
938,1,80,62,62,62,10,10,10,-95,-99,-73,100,55,120,51,-6,37,-16,88,-26,87,99,49,82,7,-84,-118,-115,89,-4,59,-53,0,100,-78,54,55,-10,58,64,24,-103,44,61,-28,35,-11,-43,97,60,-118,-61,13,88,4,4,63,-32,-125,110,-4,121,-49,-17,0
939,1,43,43,1,1,1,-70,-70,-70,14,-99,-73,100,55,120,51,-6,37,-16,88,-26,87,99,49,82,7,-84,-118,-115,89,-4,59,-53,45,24,100,-105,64,34,21,-82,-102,-28,86,-113,-14,41,86,87,-103,114,6,56,71,-67,36,-125,-49,-102,12,-57,-66,-67,5,-17
940,1,43,43,1,1,1,-70,-70,-70,14,-99,-73,100,55,120,51,-6,37,-16,88,-26,87,99,49,82,7,-84,-118,-115,89,-4,59,-53,45,24,100,-105,64,34,21,-82,-102,-28,86,-113,-14,41,86,87,-103,114,6,56,71,-67,36,-125,-49,-102,12,-57,-66,-67,5,-17
941,1,43,43,1,1,1,-70,-70,-70,14,-99,-73,100,55,120,51,-6,37,-16,88,-26,87,99,49,82,7,-84,-118,-115,89,-4,59,-53,45,24,100,-105,64,34,21,-82,-102,-28,86,-113,-14,41,86,87,-103,114,6,56,71,-67,36,-125,-49,-102,12,-57,-66,-67,5,-17
942,1,-20,-20,-20,49,49,49,75,75,-116,14,-99,-73,100,55,120,51,-6,37,-16,88,-26,87,99,49,82,7,-84,-118,-115,89,-4,59,-58,-112,-37,115,86,15,42,-16,81,89,-66,-26,36,10,89,-47,-1,94,43,5,116,118,62,-17,94,109,109,-36,-98,9,62,-105
943,1,-20,-20,-20,49,49,49,75,75,-116,14,-99,-73,100,55,120,51,-6,37,-16,88,-26,87,99,49,82,7,-84,-118,-115,89,-4,59,-58,-112,-37,115,86,15,42,-16,81,89,-66,-26,36,10,89,-47,-1,94,43,5,116,118,62,-17,94,109,109,-36,-98,9,62,-105
944,1,-20,-20,-20,49,49,49,75,75,-116,14,-99,-73,100,55,120,51,-6,37,-16,88,-26,87,99,49,82,7,-84,-118,-115,89,-4,59,-58,-112,-37,115,86,15,42,-16,81,89,-66,-26,36,10,89,-47,-1,94,43,5,116,118,62,-17,94,109,109,-36,-98,9,62,-105
945,1,51,-53,-53,-53,13,13,13,92,108,-116,14,-99,-73,100,55,120,51,-6,37,-16,88,-26,87,99,49,82,7,-84,-118,-115,89,-4,114,38,-15,58,51,-51,124,-92,104,53,90,77,-104,-19,86,-125,51,9,6,-123,84,62,-25,-34,-105,81,19,-73,-113,-111,-86,125
946,1,51,-53,-53,-53,13,13,13,92,108,-116,14,-99,-73,100,55,120,51,-6,37,-16,88,-26,87,99,49,82,7,-84,-118,-115,89,-4,114,38,-15,58,51,-51,124,-92,104,53,90,77,-104,-19,86,-125,51,9,6,-123,84,62,-25,-34,-105,81,19,-73,-113,-111,-86,125
947,1,51,-53,-53,-53,13,13,13,92,108,-116,14,-99,-73,100,55,120,51,-6,37,-16,88,-26,87,99,49,82,7,-84,-118,-115,89,-4,114,38,-15,58,51,-51,124,-92,104,53,90,77,-104,-19,86,-125,51,9,6,-123,84,62,-25,-34,-105,81,19,-73,-113,-111,-86,125
948,1,110,110,-86,-86,-86,22,22,22,84,108,-116,14,-99,-73,100,55,120,51,-6,37,-16,88,-26,87,99,49,82,7,-84,-118,-115,89,-35,69,-45,-56,-29,-118,33,-108,24,46,-107,28,1,-111,-96,-47,109,-79,35,22,-54,106,95,-49,-38,-22,17,-35,-109,58,-34,116
949,1,110,110,-86,-86,-86,22,22,22,84,108,-116,14,-99,-73,100,55,120,51,-6,37,-16,88,-26,87,99,49,82,7,-84,-118,-115,89,-35,69,-45,-56,-29,-118,33,-108,24,46,-107,28,1,-111,-96,-47,109,-79,35,22,-54,106,95,-49,-38,-22,17,-35,-109,58,-34,116
950,1,110,110,-86,-86,-86,22,22,22,84,108,-116,14,-99,-73,100,55,120,51,-6,37,-16,88,-26,87,99,49,82,7,-84,-118,-115,89,-35,69,-45,-56,-29,-118,33,-108,24,46,-107,28,1,-111,-96,-47,109,-79,35,22,-54,106,95,-49,-38,-22,17,-35,-109,58,-34,116
951,1,-88,-88,-88,57,57,57,-57,-57,0,84,108,-116,14,-99,-73,100,55,120,51,-6,37,-16,88,-26,87,99,49,82,7,-84,-118,-115,-43,-37,-88,38,-2,109,46,50,49,-109,-127,-53,-20,-121,-108,10,110,-105,-82,76,42,-74,94,-5,76,34,-31,-25,-106,-67,-11,108
952,1,-88,-88,-88,57,57,57,-57,-57,0,84,108,-116,14,-99,-73,100,55,120,51,-6,37,-16,88,-26,87,99,49,82,7,-84,-118,-115,-43,-37,-88,38,-2,109,46,50,49,-109,-127,-53,-20,-121,-108,10,110,-105,-82,76,42,-74,94,-5,76,34,-31,-25,-106,-67,-11,108
953,1,-88,-88,-88,57,57,57,-57,-57,0,84,108,-116,14,-99,-73,100,55,120,51,-6,37,-16,88,-26,87,99,49,82,7,-84,-118,-115,-43,-37,-88,38,-2,109,46,50,49,-109,-127,-53,-20,-121,-108,10,110,-105,-82,76,42,-74,94,-5,76,34,-31,-25,-106,-67,-11,108
954,1,37,59,59,59,-7,-7,-7,-7,110,0,84,108,-116,14,-99,-73,100,55,120,51,-6,37,-16,88,-26,87,99,49,82,7,-84,-118,37,-45,111,60,-79,-64,-70,102,65,90,35,22,-81,-6,17,-24,105,52,111,-68,71,-6,-91,36,-68,76,24,109,46,66,-43,113
955,1,37,59,59,59,-7,-7,-7,-7,110,0,84,108,-116,14,-99,-73,100,55,120,51,-6,37,-16,88,-26,87,99,49,82,7,-84,-118,37,-45,111,60,-79,-64,-70,102,65,90,35,22,-81,-6,17,-24,105,52,111,-68,71,-6,-91,36,-68,76,24,109,46,66,-43,113
956,1,37,59,59,59,-7,-7,-7,-7,110,0,84,108,-116,14,-99,-73,100,55,120,51,-6,37,-16,88,-26,87,99,49,82,7,-84,-118,37,-45,111,60,-79,-64,-70,102,65,90,35,22,-81,-6,17,-24,105,52,111,-68,71,-6,-91,36,-68,76,24,109,46,66,-43,113
957,1,-90,-90,-59,-59,-59,-100,-100,-100,-30,110,0,84,108,-116,14,-99,-73,100,55,120,51,-6,37,-16,88,-26,87,99,49,82,7,-84,-108,-2,55,15,108,6,18,-126,-93,-64,-113,-38,-47,-59,-63,-84,-16,31,36,-7,64,23,115,-81,21,108,78,127,110,38,8,-4
958,1,-90,-90,-59,-59,-59,-100,-100,-100,-30,110,0,84,108,-116,14,-99,-73,100,55,120,51,-6,37,-16,88,-26,87,99,49,82,7,-84,-108,-2,55,15,108,6,18,-126,-93,-64,-113,-38,-47,-59,-63,-84,-16,31,36,-7,64,23,115,-81,21,108,78,127,110,38,8,-4
959,1,-90,-90,-59,-59,-59,-100,-100,-100,-30,110,0,84,108,-116,14,-99,-73,100,55,120,51,-6,37,-16,88,-26,87,99,49,82,7,-84,-108,-2,55,15,108,6,18,-126,-93,-64,-113,-38,-47,-59,-63,-84,-16,31,36,-7,64,23,115,-81,21,108,78,127,110,38,8,-4
960,1,114,114,114,25,25,25,32,32,80,-30,110,0,84,108,-116,14,-99,-73,100,55,120,51,-6,37,-16,88,-26,87,99,49,82,7,91,-71,97,-109,97,-15,26,98,118,-105,-51,39,-109,-59,71,119,-124,36,55,64,-16,50,4,32,-80,90,52,25,88,-3,-25,-49
961,1,114,114,114,25,25,25,32,32,80,-30,110,0,84,108,-116,14,-99,-73,100,55,120,51,-6,37,-16,88,-26,87,99,49,82,7,91,-71,97,-109,97,-15,26,98,118,-105,-51,39,-109,-59,71,119,-124,36,55,64,-16,50,4,32,-80,90,52,25,88,-3,-25,-49
962,1,114,114,114,25,25,25,32,32,80,-30,110,0,84,108,-116,14,-99,-73,100,55,120,51,-6,37,-16,88,-26,87,99,49,82,7,91,-71,97,-109,97,-15,26,98,118,-105,-51,39,-109,-59,71,119,-124,36,55,64,-16,50,4,32,-80,90,52,25,88,-3,-25,-49
963,1,6,46,46,46,-71,-71,-71,-32,43,80,-30,110,0,84,108,-116,14,-99,-73,100,55,120,51,-6,37,-16,88,-26,87,99,49,82,-89,-127,-17,-74,90,86,-53,78,100,-84,-108,-48,72,108,-8,119,29,54,80,-63,-63,91,109,-35,74,45,107,-94,-83,-3,-97,46
964,1,6,46,46,46,-71,-71,-71,-32,43,80,-30,110,0,84,108,-116,14,-99,-73,100,55,120,51,-6,37,-16,88,-26,87,99,49,82,-89,-127,-17,-74,90,86,-53,78,100,-84,-108,-48,72,108,-8,119,29,54,80,-63,-63,91,109,-35,74,45,107,-94,-83,-3,-97,46
965,1,6,46,46,46,-71,-71,-71,-32,43,80,-30,110,0,84,108,-116,14,-99,-73,100,55,120,51,-6,37,-16,88,-26,87,99,49,82,-89,-127,-17,-74,90,86,-53,78,100,-84,-108,-48,72,108,-8,119,29,54,80,-63,-63,91,109,-35,74,45,107,-94,-83,-3,-97,46
966,1,52,52,15,15,15,91,91,91,-20,43,80,-30,110,0,84,108,-116,14,-99,-73,100,55,120,51,-6,37,-16,88,-26,87,99,49,58,103,-12,-44,-104,7,35,101,98,52,-84,46,115,55,15,-14,112,-83,-87,-94,119,52,126,-68,-126,-104,18,-39,34,-37,16,67
967,1,52,52,15,15,15,91,91,91,-20,43,80,-30,110,0,84,108,-116,14,-99,-73,100,55,120,51,-6,37,-16,88,-26,87,99,49,58,103,-12,-44,-104,7,35,101,98,52,-84,46,115,55,15,-14,112,-83,-87,-94,119,52,126,-68,-126,-104,18,-39,34,-37,16,67
968,1,52,52,15,15,15,91,91,91,-20,43,80,-30,110,0,84,108,-116,14,-99,-73,100,55,120,51,-6,37,-16,88,-26,87,99,49,58,103,-12,-44,-104,7,35,101,98,52,-84,46,115,55,15,-14,112,-83,-87,-94,119,52,126,-68,-126,-104,18,-39,34,-37,16,67
969,1,-27,-27,-27,73,73,73,-38,-38,51,-20,43,80,-30,110,0,84,108,-116,14,-99,-73,100,55,120,51,-6,37,-16,88,-26,87,99,-22,46,-77,-126,-126,48,8,113,-59,-86,6,67,-55,-14,-29,-93,-46,81,-88,37,-68,-109,-108,-29,10,-27,21,7,-42,-57,88,-61
970,1,-27,-27,-27,73,73,73,-38,-38,51,-20,43,80,-30,110,0,84,108,-116,14,-99,-73,100,55,120,51,-6,37,-16,88,-26,87,99,-22,46,-77,-126,-126,48,8,113,-59,-86,6,67,-55,-14,-29,-93,-46,81,-88,37,-68,-109,-108,-29,10,-27,21,7,-42,-57,88,-61
971,1,-27,-27,-27,73,73,73,-38,-38,51,-20,43,80,-30,110,0,84,108,-116,14,-99,-73,100,55,120,51,-6,37,-16,88,-26,87,99,-22,46,-77,-126,-126,48,8,113,-59,-86,6,67,-55,-14,-29,-93,-46,81,-88,37,-68,-109,-108,-29,10,-27,21,7,-42,-57,88,-61
972,1,56,57,57,57,123,123,123,13,110,51,-20,43,80,-30,110,0,84,108,-116,14,-99,-73,100,55,120,51,-6,37,-16,88,-26,87,-18,80,-108,-71,76,-100,118,127,-116,-104,-97,100,68,-116,-107,31,-27,47,58,11,34,-72,-78,9,-36,-79,-61,49,-1,-7,-62,38
973,1,56,57,57,57,123,123,123,13,110,51,-20,43,80,-30,110,0,84,108,-116,14,-99,-73,100,55,120,51,-6,37,-16,88,-26,87,-18,80,-108,-71,76,-100,118,127,-116,-104,-97,100,68,-116,-107,31,-27,47,58,11,34,-72,-78,9,-36,-79,-61,49,-1,-7,-62,38
974,1,56,57,57,57,123,123,123,13,110,51,-20,43,80,-30,110,0,84,108,-116,14,-99,-73,100,55,120,51,-6,37,-16,88,-26,87,-18,80,-108,-71,76,-100,118,127,-116,-104,-97,100,68,-116,-107,31,-27,47,58,11,34,-72,-78,9,-36,-79,-61,49,-1,-7,-62,38
975,1,-10,-10,63,63,63,91,91,91,-88,110,51,-20,43,80,-30,110,0,84,108,-116,14,-99,-73,100,55,120,51,-6,37,-16,88,-26,101,-43,25,-109,74,90,-19,88,32,-105,-33,60,33,-122,48,-100,35,6,109,-113,-91,-16,92,-113,81,79,77,109,-92,90,22,114
976,1,-10,-10,63,63,63,91,91,91,-88,110,51,-20,43,80,-30,110,0,84,108,-116,14,-99,-73,100,55,120,51,-6,37,-16,88,-26,101,-43,25,-109,74,90,-19,88,32,-105,-33,60,33,-122,48,-100,35,6,109,-113,-91,-16,92,-113,81,79,77,109,-92,90,22,114
977,1,-10,-10,63,63,63,91,91,91,-88,110,51,-20,43,80,-30,110,0,84,108,-116,14,-99,-73,100,55,120,51,-6,37,-16,88,-26,101,-43,25,-109,74,90,-19,88,32,-105,-33,60,33,-122,48,-100,35,6,109,-113,-91,-16,92,-113,81,79,77,109,-92,90,22,114
978,1,49,49,49,-58,-58,-58,95,95,37,-88,110,51,-20,43,80,-30,110,0,84,108,-116,14,-99,-73,100,55,120,51,-6,37,-16,88,73,48,77,-87,25,19,-121,-20,-123,46,25,-113,26,105,32,-92,-60,127,-24,-122,-108,86,76,-2,103,-16,-108,54,0,-6,-5,126
979,1,49,49,49,-58,-58,-58,95,95,37,-88,110,51,-20,43,80,-30,110,0,84,108,-116,14,-99,-73,100,55,120,51,-6,37,-16,88,73,48,77,-87,25,19,-121,-20,-123,46,25,-113,26,105,32,-92,-60,127,-24,-122,-108,86,76,-2,103,-16,-108,54,0,-6,-5,126
980,1,49,49,49,-58,-58,-58,95,95,37,-88,110,51,-20,43,80,-30,110,0,84,108,-116,14,-99,-73,100,55,120,51,-6,37,-16,88,73,48,77,-87,25,19,-121,-20,-123,46,25,-113,26,105,32,-92,-60,127,-24,-122,-108,86,76,-2,103,-16,-108,54,0,-6,-5,126
981,1,-98,46,46,46,-28,-28,-28,-85,-90,37,-88,110,51,-20,43,80,-30,110,0,84,108,-116,14,-99,-73,100,55,120,51,-6,37,-16,109,26,38,69,19,81,-116,-96,30,-120,106,-79,-96,25,56,-101,105,106,36,49,70,119,-10,78,-1,64,30,-71,10,47,-7,59
982,1,-98,46,46,46,-28,-28,-28,-85,-90,37,-88,110,51,-20,43,80,-30,110,0,84,108,-116,14,-99,-73,100,55,120,51,-6,37,-16,109,26,38,69,19,81,-116,-96,30,-120,106,-79,-96,25,56,-101,105,106,36,49,70,119,-10,78,-1,64,30,-71,10,47,-7,59
983,1,-98,46,46,46,-28,-28,-28,-85,-90,37,-88,110,51,-20,43,80,-30,110,0,84,108,-116,14,-99,-73,100,55,120,51,-6,37,-16,109,26,38,69,19,81,-116,-96,30,-120,106,-79,-96,25,56,-101,105,106,36,49,70,119,-10,78,-1,64,30,-71,10,47,-7,59
984,1,43,43,-127,-127,-127,57,57,57,114,-90,37,-88,110,51,-20,43,80,-30,110,0,84,108,-116,14,-99,-73,100,55,120,51,-6,37,-12,-39,-51,-15,55,38,-78,89,-91,34,40,36,18,73,-55,105,90,54,-59,-95,-49,-63,-52,22,-99,126,124,-84,118,-104,-41,62
985,1,43,43,-127,-127,-127,57,57,57,114,-90,37,-88,110,51,-20,43,80,-30,110,0,84,108,-116,14,-99,-73,100,55,120,51,-6,37,-12,-39,-51,-15,55,38,-78,89,-91,34,40,36,18,73,-55,105,90,54,-59,-95,-49,-63,-52,22,-99,126,124,-84,118,-104,-41,62
986,1,43,43,-127,-127,-127,57,57,57,114,-90,37,-88,110,51,-20,43,80,-30,110,0,84,108,-116,14,-99,-73,100,55,120,51,-6,37,-12,-39,-51,-15,55,38,-78,89,-91,34,40,36,18,73,-55,105,90,54,-59,-95,-49,-63,-52,22,-99,126,124,-84,118,-104,-41,62
987,1,75,75,75,-88,-88,-88,-120,-120,6,114,-90,37,-88,110,51,-20,43,80,-30,110,0,84,108,-116,14,-99,-73,100,55,120,51,-6,-86,87,99,-10,-42,-114,64,78,-62,-11,-104,86,-7,-32,69,-7,66,-70,-119,-127,-21,119,102,118,104,-75,-75,65,91,-56,33,45
988,1,75,75,75,-88,-88,-88,-120,-120,6,114,-90,37,-88,110,51,-20,43,80,-30,110,0,84,108,-116,14,-99,-73,100,55,120,51,-6,-86,87,99,-10,-42,-114,64,78,-62,-11,-104,86,-7,-32,69,-7,66,-70,-119,-127,-21,119,102,118,104,-75,-75,65,91,-56,33,45
989,1,75,75,75,-88,-88,-88,-120,-120,6,114,-90,37,-88,110,51,-20,43,80,-30,110,0,84,108,-116,14,-99,-73,100,55,120,51,-6,-86,87,99,-10,-42,-114,64,78,-62,-11,-104,86,-7,-32,69,-7,66,-70,-119,-127,-21,119,102,118,104,-75,-75,65,91,-56,33,45
990,1,16,2,2,2,50,50,50,-91,52,6,114,-90,37,-88,110,51,-20,43,80,-30,110,0,84,108,-116,14,-99,-73,100,55,120,51,-37,-89,29,117,-43,88,12,110,-105,-80,114,-125,-80,-109,-41,76,101,5,8,-52,-61,-56,-81,98,49,63,-88,-51,46,5,-58,14
991,1,16,2,2,2,50,50,50,-91,52,6,114,-90,37,-88,110,51,-20,43,80,-30,110,0,84,108,-116,14,-99,-73,100,55,120,51,-37,-89,29,117,-43,88,12,110,-105,-80,114,-125,-80,-109,-41,76,101,5,8,-52,-61,-56,-81,98,49,63,-88,-51,46,5,-58,14
992,1,16,2,2,2,50,50,50,-91,52,6,114,-90,37,-88,110,51,-20,43,80,-30,110,0,84,108,-116,14,-99,-73,100,55,120,51,-37,-89,29,117,-43,88,12,110,-105,-80,114,-125,-80,-109,-41,76,101,5,8,-52,-61,-56,-81,98,49,63,-88,-51,46,5,-58,14
993,1,-97,-97,-70,-70,-70,-95,-95,-95,-27,52,6,114,-90,37,-88,110,51,-20,43,80,-30,110,0,84,108,-116,14,-99,-73,100,55,120,3,38,-123,-69,110,-49,-92,4,6,-52,8,31,103,-68,3,47,62,-125,-116,-43,52,15,-6,-40,-47,10,1,35,-45,75,9,26
994,1,-97,-97,-70,-70,-70,-95,-95,-95,-27,52,6,114,-90,37,-88,110,51,-20,43,80,-30,110,0,84,108,-116,14,-99,-73,100,55,120,3,38,-123,-69,110,-49,-92,4,6,-52,8,31,103,-68,3,47,62,-125,-116,-43,52,15,-6,-40,-47,10,1,35,-45,75,9,26
995,1,-97,-97,-70,-70,-70,-95,-95,-95,-27,52,6,114,-90,37,-88,110,51,-20,43,80,-30,110,0,84,108,-116,14,-99,-73,100,55,120,3,38,-123,-69,110,-49,-92,4,6,-52,8,31,103,-68,3,47,62,-125,-116,-43,52,15,-6,-40,-47,10,1,35,-45,75,9,26
996,1,4,4,4,85,85,85,44,44,56,-27,52,6,114,-90,37,-88,110,51,-20,43,80,-30,110,0,84,108,-116,14,-99,-73,100,55,32,83,85,-51,-62,99,-107,0,99,-86,-82,-23,-115,35,26,51,-39,-91,27,-12,-108,15,25,-61,-77,1,-82,-5,-71,83,99,-124
997,1,4,4,4,85,85,85,44,44,56,-27,52,6,114,-90,37,-88,110,51,-20,43,80,-30,110,0,84,108,-116,14,-99,-73,100,55,32,83,85,-51,-62,99,-107,0,99,-86,-82,-23,-115,35,26,51,-39,-91,27,-12,-108,15,25,-61,-77,1,-82,-5,-71,83,99,-124
998,1,4,4,4,85,85,85,44,44,56,-27,52,6,114,-90,37,-88,110,51,-20,43,80,-30,110,0,84,108,-116,14,-99,-73,100,55,32,83,85,-51,-62,99,-107,0,99,-86,-82,-23,-115,35,26,51,-39,-91,27,-12,-108,15,25,-61,-77,1,-82,-5,-71,83,99,-124
999,1,27,-12,-12,-12,43,43,43,43,-10,56,-27,52,6,114,-90,37,-88,110,51,-20,43,80,-30,110,0,84,108,-116,14,-99,-73,100,-121,-24,46,-97,-127,-109,91,90,39,-20,119,20,-123,-33,122,41,-31,61,-125,-105,-27,-12,-70,49,-57,66,-88,112,-5,34,63,-106
1000,1,27,-12,-12,-12,43,43,43,43,-10,56,-27,52,6,114,-90,37,-88,110,51,-20,43,80,-30,110,0,84,108,-116,14,-99,-73,100,-121,-24,46,-97,-127,-109,91,90,39,-20,119,20,-123,-33,122,41,-31,61,-125,-105,-27,-12,-70,49,-57,66,-88,112,-5,34,63,-106
1001,1,27,-12,-12,-12,43,43,43,43,-10,56,-27,52,6,114,-90,37,-88,110,51,-20,43,80,-30,110,0,84,108,-116,14,-99,-73,100,-121,-24,46,-97,-127,-109,91,90,39,-20,119,20,-123,-33,122,41,-31,61,-125,-105,-27,-12,-70,49,-57,66,-88,112,-5,34,63,-106
1002,1,49,49,37,37,37,6,6,6,49,-10,56,-27,52,6,114,-90,37,-88,110,51,-20,43,80,-30,110,0,84,108,-116,14,-99,-73,75,-6,-119,-97,-73,53,-112,-70,110,-54,-113,10,116,-49,42,73,87,-98,2,-118,44,-6,-11,54,-83,-4,-37,-11,53,39,62,-120
1003,1,49,49,37,37,37,6,6,6,49,-10,56,-27,52,6,114,-90,37,-88,110,51,-20,43,80,-30,110,0,84,108,-116,14,-99,-73,75,-6,-119,-97,-73,53,-112,-70,110,-54,-113,10,116,-49,42,73,87,-98,2,-118,44,-6,-11,54,-83,-4,-37,-11,53,39,62,-120
1004,1,49,49,37,37,37,6,6,6,49,-10,56,-27,52,6,114,-90,37,-88,110,51,-20,43,80,-30,110,0,84,108,-116,14,-99,-73,75,-6,-119,-97,-73,53,-112,-70,110,-54,-113,10,116,-49,42,73,87,-98,2,-118,44,-6,-11,54,-83,-4,-37,-11,53,39,62,-120
1005,1,66,66,66,-78,-78,-78,126,126,-98,49,-10,56,-27,52,6,114,-90,37,-88,110,51,-20,43,80,-30,110,0,84,108,-116,14,-99,-10,92,56,124,-88,-122,91,80,71,61,-108,-35,-52,87,38,26,86,98,79,-7,8,84,-47,-39,-1,18,-16,-107,-123,71,115,-40
1006,1,66,66,66,-78,-78,-78,126,126,-98,49,-10,56,-27,52,6,114,-90,37,-88,110,51,-20,43,80,-30,110,0,84,108,-116,14,-99,-10,92,56,124,-88,-122,91,80,71,61,-108,-35,-52,87,38,26,86,98,79,-7,8,84,-47,-39,-1,18,-16,-107,-123,71,115,-40
1007,1,66,66,66,-78,-78,-78,126,126,-98,49,-10,56,-27,52,6,114,-90,37,-88,110,51,-20,43,80,-30,110,0,84,108,-116,14,-99,-10,92,56,124,-88,-122,91,80,71,61,-108,-35,-52,87,38,26,86,98,79,-7,8,84,-47,-39,-1,18,-16,-107,-123,71,115,-40
1008,1,107,-65,-65,-65,-111,-111,-111,-24,43,-98,49,-10,56,-27,52,6,114,-90,37,-88,110,51,-20,43,80,-30,110,0,84,108,-116,14,42,-17,54,25,38,-36,-97,46,85,-94,-31,-5,106,114,-121,-94,127,-15,-44,-127,-41,-74,-110,-54,91,-70,8,126,38,-102,41,-37
1009,1,107,-65,-65,-65,-111,-111,-111,-24,43,-98,49,-10,56,-27,52,6,114,-90,37,-88,110,51,-20,43,80,-30,110,0,84,108,-116,14,42,-17,54,25,38,-36,-97,46,85,-94,-31,-5,106,114,-121,-94,127,-15,-44,-127,-41,-74,-110,-54,91,-70,8,126,38,-102,41,-37
1010,1,107,-65,-65,-65,-111,-111,-111,-24,43,-98,49,-10,56,-27,52,6,114,-90,37,-88,110,51,-20,43,80,-30,110,0,84,108,-116,14,42,-17,54,25,38,-36,-97,46,85,-94,-31,-5,106,114,-121,-94,127,-15,-44,-127,-41,-74,-110,-54,91,-70,8,126,38,-102,41,-37
1011,1,53,53,50,50,50,-8,-8,-8,75,43,-98,49,-10,56,-27,52,6,114,-90,37,-88,110,51,-20,43,80,-30,110,0,84,108,-116,7,0,-19,-93,76,-19,115,-47,-12,-73,-118,100,111,7,-49,49,-120,-68,122,92,101,94,-88,111,-87,60,-86,45,-87,-8,18,122
1012,1,53,53,50,50,50,-8,-8,-8,75,43,-98,49,-10,56,-27,52,6,114,-90,37,-88,110,51,-20,43,80,-30,110,0,84,108,-116,7,0,-19,-93,76,-19,115,-47,-12,-73,-118,100,111,7,-49,49,-120,-68,122,92,101,94,-88,111,-87,60,-86,45,-87,-8,18,122
1013,1,53,53,50,50,50,-8,-8,-8,75,43,-98,49,-10,56,-27,52,6,114,-90,37,-88,110,51,-20,43,80,-30,110,0,84,108,-116,7,0,-19,-93,76,-19,115,-47,-12,-73,-118,100,111,7,-49,49,-120,-68,122,92,101,94,-88,111,-87,60,-86,45,-87,-8,18,122
1014,1,42,42,42,-78,-78,-78,10,10,16,75,43,-98,49,-10,56,-27,52,6,114,-90,37,-88,110,51,-20,43,80,-30,110,0,84,108,-28,-86,83,-40,-22,97,97,108,97,40,56,89,89,-34,-84,49,66,-69,89,88,-10,118,4,109,-67,47,-113,94,-72,-81,-91,-82
1015,1,42,42,42,-78,-78,-78,10,10,16,75,43,-98,49,-10,56,-27,52,6,114,-90,37,-88,110,51,-20,43,80,-30,110,0,84,108,-28,-86,83,-40,-22,97,97,108,97,40,56,89,89,-34,-84,49,66,-69,89,88,-10,118,4,109,-67,47,-113,94,-72,-81,-91,-82
1016,1,42,42,42,-78,-78,-78,10,10,16,75,43,-98,49,-10,56,-27,52,6,114,-90,37,-88,110,51,-20,43,80,-30,110,0,84,108,-28,-86,83,-40,-22,97,97,108,97,40,56,89,89,-34,-84,49,66,-69,89,88,-10,118,4,109,-67,47,-113,94,-72,-81,-91,-82
1017,1,0,91,91,91,41,41,41,46,-97,16,75,43,-98,49,-10,56,-27,52,6,114,-90,37,-88,110,51,-20,43,80,-30,110,0,84,84,-18,23,-32,-46,-22,5,-37,-127,58,-48,-34,13,-61,113,-92,43,29,-23,-97,-25,-76,-58,27,-89,96,-53,9,30,108,42,-59
1018,1,0,91,91,91,41,41,41,46,-97,16,75,43,-98,49,-10,56,-27,52,6,114,-90,37,-88,110,51,-20,43,80,-30,110,0,84,84,-18,23,-32,-46,-22,5,-37,-127,58,-48,-34,13,-61,113,-92,43,29,-23,-97,-25,-76,-58,27,-89,96,-53,9,30,108,42,-59
1019,1,0,91,91,91,41,41,41,46,-97,16,75,43,-98,49,-10,56,-27,52,6,114,-90,37,-88,110,51,-20,43,80,-30,110,0,84,84,-18,23,-32,-46,-22,5,-37,-127,58,-48,-34,13,-61,113,-92,43,29,-23,-97,-25,-76,-58,27,-89,96,-53,9,30,108,42,-59
1020,1,-37,-37,15,15,15,-104,-104,-104,4,-97,16,75,43,-98,49,-10,56,-27,52,6,114,-90,37,-88,110,51,-20,43,80,-30,110,0,125,117,-105,126,-83,-102,-11,-35,-127,14,111,54,-84,-46,-125,55,32,-74,-9,41,-81,111,-39,-90,-59,74,-77,-30,-112,72,-41,102
1021,1,-37,-37,15,15,15,-104,-104,-104,4,-97,16,75,43,-98,49,-10,56,-27,52,6,114,-90,37,-88,110,51,-20,43,80,-30,110,0,125,117,-105,126,-83,-102,-11,-35,-127,14,111,54,-84,-46,-125,55,32,-74,-9,41,-81,111,-39,-90,-59,74,-77,-30,-112,72,-41,102
1022,1,-37,-37,15,15,15,-104,-104,-104,4,-97,16,75,43,-98,49,-10,56,-27,52,6,114,-90,37,-88,110,51,-20,43,80,-30,110,0,125,117,-105,126,-83,-102,-11,-35,-127,14,111,54,-84,-46,-125,55,32,-74,-9,41,-81,111,-39,-90,-59,74,-77,-30,-112,72,-41,102
1023,1,82,82,82,-26,-26,-26,54,54,27,4,-97,16,75,43,-98,49,-10,56,-27,52,6,114,-90,37,-88,110,51,-20,43,80,-30,110,-93,51,71,11,-112,76,58,30,-88,-67,9,-60,32,-19,-102,-123,46,89,-88,104,-10,-74,-67,-125,-105,-91,121,18,51,10,-41,-101
1024,1,82,82,82,-26,-26,-26,54,54,27,4,-97,16,75,43,-98,49,-10,56,-27,52,6,114,-90,37,-88,110,51,-20,43,80,-30,110,-93,51,71,11,-112,76,58,30,-88,-67,9,-60,32,-19,-102,-123,46,89,-88,104,-10,-74,-67,-125,-105,-91,121,18,51,10,-41,-101
1025,1,82,82,82,-26,-26,-26,54,54,27,4,-97,16,75,43,-98,49,-10,56,-27,52,6,114,-90,37,-88,110,51,-20,43,80,-30,110,-93,51,71,11,-112,76,58,30,-88,-67,9,-60,32,-19,-102,-123,46,89,-88,104,-10,-74,-67,-125,-105,-91,121,18,51,10,-41,-101
1026,1,110,70,70,70,44,44,44,107,49,27,4,-97,16,75,43,-98,49,-10,56,-27,52,6,114,-90,37,-88,110,51,-20,43,80,-30,28,-100,116,36,60,124,-18,-74,-11,63,-35,-77,75,-57,43,118,3,105,-8,91,-111,-1,56,109,-63,85,50,90,87,42,-98,-118
1027,1,110,70,70,70,44,44,44,107,49,27,4,-97,16,75,43,-98,49,-10,56,-27,52,6,114,-90,37,-88,110,51,-20,43,80,-30,28,-100,116,36,60,124,-18,-74,-11,63,-35,-77,75,-57,43,118,3,105,-8,91,-111,-1,56,109,-63,85,50,90,87,42,-98,-118
1028,1,110,70,70,70,44,44,44,107,49,27,4,-97,16,75,43,-98,49,-10,56,-27,52,6,114,-90,37,-88,110,51,-20,43,80,-30,28,-100,116,36,60,124,-18,-74,-11,63,-35,-77,75,-57,43,118,3,105,-8,91,-111,-1,56,109,-63,85,50,90,87,42,-98,-118
1029,1,-15,-15,74,74,74,-113,-113,-113,66,49,27,4,-97,16,75,43,-98,49,-10,56,-27,52,6,114,-90,37,-88,110,51,-20,43,80,115,-18,9,-33,-116,23,-92,-17,86,35,-69,-123,-103,-72,-27,51,72,-35,-56,-23,66,-5,-38,34,-58,80,-81,119,102,14,58,-82
1030,1,-15,-15,74,74,74,-113,-113,-113,66,49,27,4,-97,16,75,43,-98,49,-10,56,-27,52,6,114,-90,37,-88,110,51,-20,43,80,115,-18,9,-33,-116,23,-92,-17,86,35,-69,-123,-103,-72,-27,51,72,-35,-56,-23,66,-5,-38,34,-58,80,-81,119,102,14,58,-82
1031,1,-15,-15,74,74,74,-113,-113,-113,66,49,27,4,-97,16,75,43,-98,49,-10,56,-27,52,6,114,-90,37,-88,110,51,-20,43,80,115,-18,9,-33,-116,23,-92,-17,86,35,-69,-123,-103,-72,-27,51,72,-35,-56,-23,66,-5,-38,34,-58,80,-81,119,102,14,58,-82
1032,1,84,84,84,77,77,77,41,41,107,66,49,27,4,-97,16,75,43,-98,49,-10,56,-27,52,6,114,-90,37,-88,110,51,-20,43,-126,-60,122,12,81,-7,-58,-77,-9,113,86,-47,15,84,59,105,96,-68,-110,13,81,112,27,100,3,2,116,57,-35,-53,95,5
1033,1,84,84,84,77,77,77,41,41,107,66,49,27,4,-97,16,75,43,-98,49,-10,56,-27,52,6,114,-90,37,-88,110,51,-20,43,-126,-60,122,12,81,-7,-58,-77,-9,113,86,-47,15,84,59,105,96,-68,-110,13,81,112,27,100,3,2,116,57,-35,-53,95,5
1034,1,84,84,84,77,77,77,41,41,107,66,49,27,4,-97,16,75,43,-98,49,-10,56,-27,52,6,114,-90,37,-88,110,51,-20,43,-126,-60,122,12,81,-7,-58,-77,-9,113,86,-47,15,84,59,105,96,-68,-110,13,81,112,27,100,3,2,116,57,-35,-53,95,5
1035,1,-66,-123,-123,-123,93,93,93,-40,53,107,66,49,27,4,-97,16,75,43,-98,49,-10,56,-27,52,6,114,-90,37,-88,110,51,-20,120,-86,-66,57,116,61,-95,-32,-18,25,22,-65,94,-98,-85,-105,-30,-93,119,38,16,-30,10,40,85,64,-112,-23,-42,127,-36,51
1036,1,-66,-123,-123,-123,93,93,93,-40,53,107,66,49,27,4,-97,16,75,43,-98,49,-10,56,-27,52,6,114,-90,37,-88,110,51,-20,120,-86,-66,57,116,61,-95,-32,-18,25,22,-65,94,-98,-85,-105,-30,-93,119,38,16,-30,10,40,85,64,-112,-23,-42,127,-36,51
1037,1,-66,-123,-123,-123,93,93,93,-40,53,107,66,49,27,4,-97,16,75,43,-98,49,-10,56,-27,52,6,114,-90,37,-88,110,51,-20,120,-86,-66,57,116,61,-95,-32,-18,25,22,-65,94,-98,-85,-105,-30,-93,119,38,16,-30,10,40,85,64,-112,-23,-42,127,-36,51
1038,1,115,115,-45,-45,-45,124,124,124,42,53,107,66,49,27,4,-97,16,75,43,-98,49,-10,56,-27,52,6,114,-90,37,-88,110,51,-28,-30,-117,46,91,-122,-112,22,-103,-111,-26,-39,12,59,32,-3,6,64,62,66,42,-55,-60,65,-25,83,51,-124,106,-61,124,121
1039,1,115,115,-45,-45,-45,124,124,124,42,53,107,66,49,27,4,-97,16,75,43,-98,49,-10,56,-27,52,6,114,-90,37,-88,110,51,-28,-30,-117,46,91,-122,-112,22,-103,-111,-26,-39,12,59,32,-3,6,64,62,66,42,-55,-60,65,-25,83,51,-124,106,-61,124,121
1040,1,115,115,-45,-45,-45,124,124,124,42,53,107,66,49,27,4,-97,16,75,43,-98,49,-10,56,-27,52,6,114,-90,37,-88,110,51,-28,-30,-117,46,91,-122,-112,22,-103,-111,-26,-39,12,59,32,-3,6,64,62,66,42,-55,-60,65,-25,83,51,-124,106,-61,124,121
1041,1,127,127,127,105,105,105,124,124,0,42,53,107,66,49,27,4,-97,16,75,43,-98,49,-10,56,-27,52,6,114,-90,37,-88,110,-50,-17,23,49,-54,-90,125,100,-32,-2,-53,127,26,-90,127,84,-25,55,58,59,7,-56,8,51,-43,34,115,36,-102,-13,-72,-113
1042,1,127,127,127,105,105,105,124,124,0,42,53,107,66,49,27,4,-97,16,75,43,-98,49,-10,56,-27,52,6,114,-90,37,-88,110,-50,-17,23,49,-54,-90,125,100,-32,-2,-53,127,26,-90,127,84,-25,55,58,59,7,-56,8,51,-43,34,115,36,-102,-13,-72,-113
1043,1,127,127,127,105,105,105,124,124,0,42,53,107,66,49,27,4,-97,16,75,43,-98,49,-10,56,-27,52,6,114,-90,37,-88,110,-50,-17,23,49,-54,-90,125,100,-32,-2,-53,127,26,-90,127,84,-25,55,58,59,7,-56,8,51,-43,34,115,36,-102,-13,-72,-113
1044,1,61,51,51,51,-62,-62,-62,-84,-37,0,42,53,107,66,49,27,4,-97,16,75,43,-98,49,-10,56,-27,52,6,114,-90,37,-88,-96,-66,-87,-114,3,-17,-82,109,56,-60,11,-93,-92,118,106,59,60,21,-78,35,-72,75,-98,-63,52,88,-120,-24,-93,110,-79,-23
1045,1,61,51,51,51,-62,-62,-62,-84,-37,0,42,53,107,66,49,27,4,-97,16,75,43,-98,49,-10,56,-27,52,6,114,-90,37,-88,-96,-66,-87,-114,3,-17,-82,109,56,-60,11,-93,-92,118,106,59,60,21,-78,35,-72,75,-98,-63,52,88,-120,-24,-93,110,-79,-23
1046,1,61,51,51,51,-62,-62,-62,-84,-37,0,42,53,107,66,49,27,4,-97,16,75,43,-98,49,-10,56,-27,52,6,114,-90,37,-88,-96,-66,-87,-114,3,-17,-82,109,56,-60,11,-93,-92,118,106,59,60,21,-78,35,-72,75,-98,-63,52,88,-120,-24,-93,110,-79,-23
1047,1,-2,-2,74,74,74,89,89,89,82,-37,0,42,53,107,66,49,27,4,-97,16,75,43,-98,49,-10,56,-27,52,6,114,-90,37,69,-15,-117,-35,-31,9,-109,-13,105,-82,72,-28,-62,9,97,111,78,-108,-19,-120,87,-93,90,66,43,66,73,-43,0,-79,114,57
1048,1,-2,-2,74,74,74,89,89,89,82,-37,0,42,53,107,66,49,27,4,-97,16,75,43,-98,49,-10,56,-27,52,6,114,-90,37,69,-15,-117,-35,-31,9,-109,-13,105,-82,72,-28,-62,9,97,111,78,-108,-19,-120,87,-93,90,66,43,66,73,-43,0,-79,114,57
1049,1,-2,-2,74,74,74,89,89,89,82,-37,0,42,53,107,66,49,27,4,-97,16,75,43,-98,49,-10,56,-27,52,6,114,-90,37,69,-15,-117,-35,-31,9,-109,-13,105,-82,72,-28,-62,9,97,111,78,-108,-19,-120,87,-93,90,66,43,66,73,-43,0,-79,114,57
1050,1,37,37,37,-49,-49,-49,19,19,110,82,-37,0,42,53,107,66,49,27,4,-97,16,75,43,-98,49,-10,56,-27,52,6,114,-90,-27,5,-87,43,98,85,126,31,-53,1,2,43,36,-67,77,111,101,99,110,31,49,-9,46,109,-115,-109,103,-54,-3,32,-5,-21
1051,1,37,37,37,-49,-49,-49,19,19,110,82,-37,0,42,53,107,66,49,27,4,-97,16,75,43,-98,49,-10,56,-27,52,6,114,-90,-27,5,-87,43,98,85,126,31,-53,1,2,43,36,-67,77,111,101,99,110,31,49,-9,46,109,-115,-109,103,-54,-3,32,-5,-21
1052,1,37,37,37,-49,-49,-49,19,19,110,82,-37,0,42,53,107,66,49,27,4,-97,16,75,43,-98,49,-10,56,-27,52,6,114,-90,-27,5,-87,43,98,85,126,31,-53,1,2,43,36,-67,77,111,101,99,110,31,49,-9,46,109,-115,-109,103,-54,-3,32,-5,-21
1053,1,9,-72,-72,-72,42,42,42,-106,-15,110,82,-37,0,42,53,107,66,49,27,4,-97,16,75,43,-98,49,-10,56,-27,52,6,114,-93,48,16,11,1,-11,60,-72,-25,-37,3,-6,-31,-45,-76,-49,111,40,114,-105,37,68,112,-74,18,-80,-12,23,9,32,87,-8
1054,1,9,-72,-72,-72,42,42,42,-106,-15,110,82,-37,0,42,53,107,66,49,27,4,-97,16,75,43,-98,49,-10,56,-27,52,6,114,-93,48,16,11,1,-11,60,-72,-25,-37,3,-6,-31,-45,-76,-49,111,40,114,-105,37,68,112,-74,18,-80,-12,23,9,32,87,-8
1055,1,9,-72,-72,-72,42,42,42,-106,-15,110,82,-37,0,42,53,107,66,49,27,4,-97,16,75,43,-98,49,-10,56,-27,52,6,114,-93,48,16,11,1,-11,60,-72,-25,-37,3,-6,-31,-45,-76,-49,111,40,114,-105,37,68,112,-74,18,-80,-12,23,9,32,87,-8
1056,1,-54,-54,38,38,38,-14,-14,-14,84,-15,110,82,-37,0,42,53,107,66,49,27,4,-97,16,75,43,-98,49,-10,56,-27,52,6,124,-48,-71,38,25,77,100,77,-46,59,87,-19,-75,-40,64,-10,96,104,50,101,69,82,-121,69,-50,41,-29,-76,107,-14,-51,22
1057,1,-54,-54,38,38,38,-14,-14,-14,84,-15,110,82,-37,0,42,53,107,66,49,27,4,-97,16,75,43,-98,49,-10,56,-27,52,6,124,-48,-71,38,25,77,100,77,-46,59,87,-19,-75,-40,64,-10,96,104,50,101,69,82,-121,69,-50,41,-29,-76,107,-14,-51,22
1058,1,-54,-54,38,38,38,-14,-14,-14,84,-15,110,82,-37,0,42,53,107,66,49,27,4,-97,16,75,43,-98,49,-10,56,-27,52,6,124,-48,-71,38,25,77,100,77,-46,59,87,-19,-75,-40,64,-10,96,104,50,101,69,82,-121,69,-50,41,-29,-76,107,-14,-51,22
1059,1,121,121,121,-21,-21,-21,79,79,-66,84,-15,110,82,-37,0,42,53,107,66,49,27,4,-97,16,75,43,-98,49,-10,56,-27,52,63,-77,76,-112,-55,61,14,-94,21,45,-15,-11,-127,85,122,95,121,18,-13,-22,-119,-48,-44,-20,-72,38,81,-124,24,103,-39,57
1060,1,121,121,121,-21,-21,-21,79,79,-66,84,-15,110,82,-37,0,42,53,107,66,49,27,4,-97,16,75,43,-98,49,-10,56,-27,52,63,-77,76,-112,-55,61,14,-94,21,45,-15,-11,-127,85,122,95,121,18,-13,-22,-119,-48,-44,-20,-72,38,81,-124,24,103,-39,57
1061,1,121,121,121,-21,-21,-21,79,79,-66,84,-15,110,82,-37,0,42,53,107,66,49,27,4,-97,16,75,43,-98,49,-10,56,-27,52,63,-77,76,-112,-55,61,14,-94,21,45,-15,-11,-127,85,122,95,121,18,-13,-22,-119,-48,-44,-20,-72,38,81,-124,24,103,-39,57
1062,1,68,-81,-81,-81,-26,-26,-26,-86,115,-66,84,-15,110,82,-37,0,42,53,107,66,49,27,4,-97,16,75,43,-98,49,-10,56,-27,103,39,-59,101,5,125,-10,-71,-32,-101,-77,-115,-50,61,-39,-7,-61,101,18,-125,-100,-57,44,37,-42,16,105,82,-58,17,-39,-33
1063,1,68,-81,-81,-81,-26,-26,-26,-86,115,-66,84,-15,110,82,-37,0,42,53,107,66,49,27,4,-97,16,75,43,-98,49,-10,56,-27,103,39,-59,101,5,125,-10,-71,-32,-101,-77,-115,-50,61,-39,-7,-61,101,18,-125,-100,-57,44,37,-42,16,105,82,-58,17,-39,-33
1064,1,68,-81,-81,-81,-26,-26,-26,-86,115,-66,84,-15,110,82,-37,0,42,53,107,66,49,27,4,-97,16,75,43,-98,49,-10,56,-27,103,39,-59,101,5,125,-10,-71,-32,-101,-77,-115,-50,61,-39,-7,-61,101,18,-125,-100,-57,44,37,-42,16,105,82,-58,17,-39,-33
1065,1,13,13,59,59,59,32,32,32,127,115,-66,84,-15,110,82,-37,0,42,53,107,66,49,27,4,-97,16,75,43,-98,49,-10,56,-31,-37,7,58,-92,75,7,114,-41,-27,122,-60,-104,99,19,87,45,-91,-45,-39,124,81,-125,-73,24,42,-53,55,-94,77,-109,-41
1066,1,13,13,59,59,59,32,32,32,127,115,-66,84,-15,110,82,-37,0,42,53,107,66,49,27,4,-97,16,75,43,-98,49,-10,56,-31,-37,7,58,-92,75,7,114,-41,-27,122,-60,-104,99,19,87,45,-91,-45,-39,124,81,-125,-73,24,42,-53,55,-94,77,-109,-41
1067,1,13,13,59,59,59,32,32,32,127,115,-66,84,-15,110,82,-37,0,42,53,107,66,49,27,4,-97,16,75,43,-98,49,-10,56,-31,-37,7,58,-92,75,7,114,-41,-27,122,-60,-104,99,19,87,45,-91,-45,-39,124,81,-125,-73,24,42,-53,55,-94,77,-109,-41
1068,1,25,25,25,-100,-100,-100,-48,-48,61,127,115,-66,84,-15,110,82,-37,0,42,53,107,66,49,27,4,-97,16,75,43,-98,49,-10,48,-11,-54,31,118,29,-83,-31,49,12,109,-83,70,49,-47,17,-2,-53,-72,-26,95,-118,-84,51,93,-122,-111,63,23,2,-56,45
1069,1,25,25,25,-100,-100,-100,-48,-48,61,127,115,-66,84,-15,110,82,-37,0,42,53,107,66,49,27,4,-97,16,75,43,-98,49,-10,48,-11,-54,31,118,29,-83,-31,49,12,109,-83,70,49,-47,17,-2,-53,-72,-26,95,-118,-84,51,93,-122,-111,63,23,2,-56,45
1070,1,25,25,25,-100,-100,-100,-48,-48,61,127,115,-66,84,-15,110,82,-37,0,42,53,107,66,49,27,4,-97,16,75,43,-98,49,-10,48,-11,-54,31,118,29,-83,-31,49,12,109,-83,70,49,-47,17,-2,-53,-72,-26,95,-118,-84,51,93,-122,-111,63,23,2,-56,45
1071,1,11,65,65,65,15,15,15,24,-2,61,127,115,-66,84,-15,110,82,-37,0,42,53,107,66,49,27,4,-97,16,75,43,-98,49,76,-88,-123,42,72,-73,23,-38,-51,23,-38,-106,-43,84,-45,22,-46,-39,45,36,-75,115,-76,-110,-13,99,43,-42,-34,-42,10,52
1072,1,11,65,65,65,15,15,15,24,-2,61,127,115,-66,84,-15,110,82,-37,0,42,53,107,66,49,27,4,-97,16,75,43,-98,49,76,-88,-123,42,72,-73,23,-38,-51,23,-38,-106,-43,84,-45,22,-46,-39,45,36,-75,115,-76,-110,-13,99,43,-42,-34,-42,10,52
1073,1,11,65,65,65,15,15,15,24,-2,61,127,115,-66,84,-15,110,82,-37,0,42,53,107,66,49,27,4,-97,16,75,43,-98,49,76,-88,-123,42,72,-73,23,-38,-51,23,-38,-106,-43,84,-45,22,-46,-39,45,36,-75,115,-76,-110,-13,99,43,-42,-34,-42,10,52
1074,1,76,76,-16,-16,-16,54,54,54,37,-2,61,127,115,-66,84,-15,110,82,-37,0,42,53,107,66,49,27,4,-97,16,75,43,-98,104,40,-96,-65,116,70,11,-72,93,65,96,-6,-76,63,10,-83,87,-12,85,14,105,-22,-108,-58,44,86,-69,69,-83,-3,77,57
1075,1,76,76,-16,-16,-16,54,54,54,37,-2,61,127,115,-66,84,-15,110,82,-37,0,42,53,107,66,49,27,4,-97,16,75,43,-98,104,40,-96,-65,116,70,11,-72,93,65,96,-6,-76,63,10,-83,87,-12,85,14,105,-22,-108,-58,44,86,-69,69,-83,-3,77,57
1076,1,76,76,-16,-16,-16,54,54,54,37,-2,61,127,115,-66,84,-15,110,82,-37,0,42,53,107,66,49,27,4,-97,16,75,43,-98,104,40,-96,-65,116,70,11,-72,93,65,96,-6,-76,63,10,-83,87,-12,85,14,105,-22,-108,-58,44,86,-69,69,-83,-3,77,57
1077,1,46,46,46,13,13,13,116,116,9,37,-2,61,127,115,-66,84,-15,110,82,-37,0,42,53,107,66,49,27,4,-97,16,75,43,60,50,-68,104,-4,-83,110,-55,123,86,104,58,-122,-111,-86,65,19,-1,-7,-94,20,112,-13,-11,-85,124,87,-103,4,-118,127,-85
1078,1,46,46,46,13,13,13,116,116,9,37,-2,61,127,115,-66,84,-15,110,82,-37,0,42,53,107,66,49,27,4,-97,16,75,43,60,50,-68,104,-4,-83,110,-55,123,86,104,58,-122,-111,-86,65,19,-1,-7,-94,20,112,-13,-11,-85,124,87,-103,4,-118,127,-85
1079,1,46,46,46,13,13,13,116,116,9,37,-2,61,127,115,-66,84,-15,110,82,-37,0,42,53,107,66,49,27,4,-97,16,75,43,60,50,-68,104,-4,-83,110,-55,123,86,104,58,-122,-111,-86,65,19,-1,-7,-94,20,112,-13,-11,-85,124,87,-103,4,-118,127,-85
1080,1,54,65,65,65,97,97,97,65,-54,9,37,-2,61,127,115,-66,84,-15,110,82,-37,0,42,53,107,66,49,27,4,-97,16,75,-43,-24,76,-28,-11,-98,-28,25,-12,126,68,0,-54,-93,-27,-1,126,84,-119,44,42,23,-33,-52,-117,93,11,100,-79,54,4,-54
1081,1,54,65,65,65,97,97,97,65,-54,9,37,-2,61,127,115,-66,84,-15,110,82,-37,0,42,53,107,66,49,27,4,-97,16,75,-43,-24,76,-28,-11,-98,-28,25,-12,126,68,0,-54,-93,-27,-1,126,84,-119,44,42,23,-33,-52,-117,93,11,100,-79,54,4,-54
1082,1,54,65,65,65,97,97,97,65,-54,9,37,-2,61,127,115,-66,84,-15,110,82,-37,0,42,53,107,66,49,27,4,-97,16,75,-43,-24,76,-28,-11,-98,-28,25,-12,126,68,0,-54,-93,-27,-1,126,84,-119,44,42,23,-33,-52,-117,93,11,100,-79,54,4,-54
1083,1,-34,-34,-22,-22,-22,52,52,52,121,-54,9,37,-2,61,127,115,-66,84,-15,110,82,-37,0,42,53,107,66,49,27,4,-97,16,125,-38,88,83,-73,-114,22,-54,-26,50,24,-100,-73,-87,3,10,31,-11,-90,-111,124,-67,60,-64,110,86,105,-99,-46,126,64,118
1084,1,-34,-34,-22,-22,-22,52,52,52,121,-54,9,37,-2,61,127,115,-66,84,-15,110,82,-37,0,42,53,107,66,49,27,4,-97,16,125,-38,88,83,-73,-114,22,-54,-26,50,24,-100,-73,-87,3,10,31,-11,-90,-111,124,-67,60,-64,110,86,105,-99,-46,126,64,118
1085,1,-34,-34,-22,-22,-22,52,52,52,121,-54,9,37,-2,61,127,115,-66,84,-15,110,82,-37,0,42,53,107,66,49,27,4,-97,16,125,-38,88,83,-73,-114,22,-54,-26,50,24,-100,-73,-87,3,10,31,-11,-90,-111,124,-67,60,-64,110,86,105,-99,-46,126,64,118
1086,1,-63,-63,-63,-90,-90,-90,66,66,68,121,-54,9,37,-2,61,127,115,-66,84,-15,110,82,-37,0,42,53,107,66,49,27,4,-97,-124,109,-121,-91,-29,31,99,94,72,36,-5,68,-113,-107,14,-31,64,-101,102,36,-5,-23,-102,-5,110,-122,-57,113,-122,67,-13,6
1087,1,-63,-63,-63,-90,-90,-90,66,66,68,121,-54,9,37,-2,61,127,115,-66,84,-15,110,82,-37,0,42,53,107,66,49,27,4,-97,-124,109,-121,-91,-29,31,99,94,72,36,-5,68,-113,-107,14,-31,64,-101,102,36,-5,-23,-102,-5,110,-122,-57,113,-122,67,-13,6
1088,1,-63,-63,-63,-90,-90,-90,66,66,68,121,-54,9,37,-2,61,127,115,-66,84,-15,110,82,-37,0,42,53,107,66,49,27,4,-97,-124,109,-121,-91,-29,31,99,94,72,36,-5,68,-113,-107,14,-31,64,-101,102,36,-5,-23,-102,-5,110,-122,-57,113,-122,67,-13,6
1089,1,82,15,15,15,-90,-90,-90,121,13,68,121,-54,9,37,-2,61,127,115,-66,84,-15,110,82,-37,0,42,53,107,66,49,27,4,-126,-49,-44,121,62,48,-59,76,48,83,79,110,-13,-105,-55,47,89,-113,56,-121,-87,0,-33,91,0,80,118,98,-58,-48,43,-119
1090,1,82,15,15,15,-90,-90,-90,121,13,68,121,-54,9,37,-2,61,127,115,-66,84,-15,110,82,-37,0,42,53,107,66,49,27,4,-126,-49,-44,121,62,48,-59,76,48,83,79,110,-13,-105,-55,47,89,-113,56,-121,-87,0,-33,91,0,80,118,98,-58,-48,43,-119
1091,1,82,15,15,15,-90,-90,-90,121,13,68,121,-54,9,37,-2,61,127,115,-66,84,-15,110,82,-37,0,42,53,107,66,49,27,4,-126,-49,-44,121,62,48,-59,76,48,83,79,110,-13,-105,-55,47,89,-113,56,-121,-87,0,-33,91,0,80,118,98,-58,-48,43,-119
1092,1,-11,-11,-58,-58,-58,127,127,127,25,13,68,121,-54,9,37,-2,61,127,115,-66,84,-15,110,82,-37,0,42,53,107,66,49,27,-41,51,55,-87,116,-109,122,-100,-117,-19,-99,-95,87,74,-59,24,26,-17,103,-69,-32,93,45,-40,54,-105,114,59,31,58,-20,-104
1093,1,-11,-11,-58,-58,-58,127,127,127,25,13,68,121,-54,9,37,-2,61,127,115,-66,84,-15,110,82,-37,0,42,53,107,66,49,27,-41,51,55,-87,116,-109,122,-100,-117,-19,-99,-95,87,74,-59,24,26,-17,103,-69,-32,93,45,-40,54,-105,114,59,31,58,-20,-104
1094,1,-11,-11,-58,-58,-58,127,127,127,25,13,68,121,-54,9,37,-2,61,127,115,-66,84,-15,110,82,-37,0,42,53,107,66,49,27,-41,51,55,-87,116,-109,122,-100,-117,-19,-99,-95,87,74,-59,24,26,-17,103,-69,-32,93,45,-40,54,-105,114,59,31,58,-20,-104
1095,1,89,89,89,125,125,125,-94,-94,11,25,13,68,121,-54,9,37,-2,61,127,115,-66,84,-15,110,82,-37,0,42,53,107,66,49,-76,67,-102,61,-51,3,-72,-11,-71,-72,-53,96,-93,-22,73,-29,81,-65,86,-72,-17,87,36,93,58,102,-52,112,62,75,-67,73
1096,1,89,89,89,125,125,125,-94,-94,11,25,13,68,121,-54,9,37,-2,61,127,115,-66,84,-15,110,82,-37,0,42,53,107,66,49,-76,67,-102,61,-51,3,-72,-11,-71,-72,-53,96,-93,-22,73,-29,81,-65,86,-72,-17,87,36,93,58,102,-52,112,62,75,-67,73
1097,1,89,89,89,125,125,125,-94,-94,11,25,13,68,121,-54,9,37,-2,61,127,115,-66,84,-15,110,82,-37,0,42,53,107,66,49,-76,67,-102,61,-51,3,-72,-11,-71,-72,-53,96,-93,-22,73,-29,81,-65,86,-72,-17,87,36,93,58,102,-52,112,62,75,-67,73
1098,1,104,17,17,17,-66,-66,-66,34,76,11,25,13,68,121,-54,9,37,-2,61,127,115,-66,84,-15,110,82,-37,0,42,53,107,66,-47,107,-57,86,101,118,116,-5,-13,30,16,-82,94,47,-123,23,119,38,64,-111,74,-47,102,-123,-10,91,34,-83,-66,-86,102,-90
1099,1,104,17,17,17,-66,-66,-66,34,76,11,25,13,68,121,-54,9,37,-2,61,127,115,-66,84,-15,110,82,-37,0,42,53,107,66,-47,107,-57,86,101,118,116,-5,-13,30,16,-82,94,47,-123,23,119,38,64,-111,74,-47,102,-123,-10,91,34,-83,-66,-86,102,-90
1100,1,104,17,17,17,-66,-66,-66,34,76,11,25,13,68,121,-54,9,37,-2,61,127,115,-66,84,-15,110,82,-37,0,42,53,107,66,-47,107,-57,86,101,118,116,-5,-13,30,16,-82,94,47,-123,23,119,38,64,-111,74,-47,102,-123,-10,91,34,-83,-66,-86,102,-90
1101,1,11,11,-65,-65,-65,-90,-90,-90,46,76,11,25,13,68,121,-54,9,37,-2,61,127,115,-66,84,-15,110,82,-37,0,42,53,107,-125,-38,57,-106,84,-35,123,48,-15,-14,-114,10,81,-65,-32,-37,98,102,-73,-41,48,-48,20,82,56,-46,-54,-9,-54,111,-82,-92
1102,1,11,11,-65,-65,-65,-90,-90,-90,46,76,11,25,13,68,121,-54,9,37,-2,61,127,115,-66,84,-15,110,82,-37,0,42,53,107,-125,-38,57,-106,84,-35,123,48,-15,-14,-114,10,81,-65,-32,-37,98,102,-73,-41,48,-48,20,82,56,-46,-54,-9,-54,111,-82,-92
1103,1,11,11,-65,-65,-65,-90,-90,-90,46,76,11,25,13,68,121,-54,9,37,-2,61,127,115,-66,84,-15,110,82,-37,0,42,53,107,-125,-38,57,-106,84,-35,123,48,-15,-14,-114,10,81,-65,-32,-37,98,102,-73,-41,48,-48,20,82,56,-46,-54,-9,-54,111,-82,-92
1104,1,127,127,127,109,109,109,111,111,54,46,76,11,25,13,68,121,-54,9,37,-2,61,127,115,-66,84,-15,110,82,-37,0,42,53,80,67,21,14,24,106,-65,97,-17,-58,113,79,16,-104,13,33,79,-15,32,-30,-36,12,-61,-53,3,0,-64,-96,4,-108,-70,-93
1105,1,127,127,127,109,109,109,111,111,54,46,76,11,25,13,68,121,-54,9,37,-2,61,127,115,-66,84,-15,110,82,-37,0,42,53,80,67,21,14,24,106,-65,97,-17,-58,113,79,16,-104,13,33,79,-15,32,-30,-36,12,-61,-53,3,0,-64,-96,4,-108,-70,-93
1106,1,127,127,127,109,109,109,111,111,54,46,76,11,25,13,68,121,-54,9,37,-2,61,127,115,-66,84,-15,110,82,-37,0,42,53,80,67,21,14,24,106,-65,97,-17,-58,113,79,16,-104,13,33,79,-15,32,-30,-36,12,-61,-53,3,0,-64,-96,4,-108,-70,-93
1107,1,-81,-17,-17,-17,-20,-20,-20,-122,-34,54,46,76,11,25,13,68,121,-54,9,37,-2,61,127,115,-66,84,-15,110,82,-37,0,42,-88,73,-14,106,-5,-36,-88,95,49,-65,-47,-20,-24,44,-91,4,-83,91,127,59,-82,-101,59,-17,2,63,56,-29,-113,22,45,-39
1108,1,-81,-17,-17,-17,-20,-20,-20,-122,-34,54,46,76,11,25,13,68,121,-54,9,37,-2,61,127,115,-66,84,-15,110,82,-37,0,42,-88,73,-14,106,-5,-36,-88,95,49,-65,-47,-20,-24,44,-91,4,-83,91,127,59,-82,-101,59,-17,2,63,56,-29,-113,22,45,-39
1109,1,-81,-17,-17,-17,-20,-20,-20,-122,-34,54,46,76,11,25,13,68,121,-54,9,37,-2,61,127,115,-66,84,-15,110,82,-37,0,42,-88,73,-14,106,-5,-36,-88,95,49,-65,-47,-20,-24,44,-91,4,-83,91,127,59,-82,-101,59,-17,2,63,56,-29,-113,22,45,-39
1110,1,24,24,-14,-14,-14,-80,-80,-80,-63,-34,54,46,76,11,25,13,68,121,-54,9,37,-2,61,127,115,-66,84,-15,110,82,-37,0,-32,60,-18,-90,7,-23,31,62,-3,-126,93,-47,112,-40,-39,69,62,-50,5,104,47,-6,111,113,87,12,-58,-19,-83,55,-83,76
1111,1,24,24,-14,-14,-14,-80,-80,-80,-63,-34,54,46,76,11,25,13,68,121,-54,9,37,-2,61,127,115,-66,84,-15,110,82,-37,0,-32,60,-18,-90,7,-23,31,62,-3,-126,93,-47,112,-40,-39,69,62,-50,5,104,47,-6,111,113,87,12,-58,-19,-83,55,-83,76
1112,1,24,24,-14,-14,-14,-80,-80,-80,-63,-34,54,46,76,11,25,13,68,121,-54,9,37,-2,61,127,115,-66,84,-15,110,82,-37,0,-32,60,-18,-90,7,-23,31,62,-3,-126,93,-47,112,-40,-39,69,62,-50,5,104,47,-6,111,113,87,12,-58,-19,-83,55,-83,76
1113,1,100,100,100,48,48,48,65,65,82,-63,-34,54,46,76,11,25,13,68,121,-54,9,37,-2,61,127,115,-66,84,-15,110,82,-37,88,-127,55,121,65,-65,109,-53,106,113,-121,59,98,-58,127,64,-37,50,-35,-32,10,-32,84,-82,93,-22,-57,54,126,-14,101,36
1114,1,100,100,100,48,48,48,65,65,82,-63,-34,54,46,76,11,25,13,68,121,-54,9,37,-2,61,127,115,-66,84,-15,110,82,-37,88,-127,55,121,65,-65,109,-53,106,113,-121,59,98,-58,127,64,-37,50,-35,-32,10,-32,84,-82,93,-22,-57,54,126,-14,101,36
1115,1,100,100,100,48,48,48,65,65,82,-63,-34,54,46,76,11,25,13,68,121,-54,9,37,-2,61,127,115,-66,84,-15,110,82,-37,88,-127,55,121,65,-65,109,-53,106,113,-121,59,98,-58,127,64,-37,50,-35,-32,10,-32,84,-82,93,-22,-57,54,126,-14,101,36
1116,1,24,-119,-119,-119,-38,-38,-38,-102,-11,82,-63,-34,54,46,76,11,25,13,68,121,-54,9,37,-2,61,127,115,-66,84,-15,110,82,55,-110,-124,57,71,66,62,108,-120,17,97,-114,123,28,66,73,125,-81,-91,-6,-79,-65,14,44,-72,87,-39,-52,-94,-119,74,124
1117,1,24,-119,-119,-119,-38,-38,-38,-102,-11,82,-63,-34,54,46,76,11,25,13,68,121,-54,9,37,-2,61,127,115,-66,84,-15,110,82,55,-110,-124,57,71,66,62,108,-120,17,97,-114,123,28,66,73,125,-81,-91,-6,-79,-65,14,44,-72,87,-39,-52,-94,-119,74,124
1118,1,24,-119,-119,-119,-38,-38,-38,-102,-11,82,-63,-34,54,46,76,11,25,13,68,121,-54,9,37,-2,61,127,115,-66,84,-15,110,82,55,-110,-124,57,71,66,62,108,-120,17,97,-114,123,28,66,73,125,-81,-91,-6,-79,-65,14,44,-72,87,-39,-52,-94,-119,74,124
1119,1,66,66,57,57,57,16,16,16,89,-11,82,-63,-34,54,46,76,11,25,13,68,121,-54,9,37,-2,61,127,115,-66,84,-15,110,-25,59,-73,-106,-114,-57,78,-117,22,35,37,-94,59,126,-50,-54,-69,39,-123,95,-78,95,58,12,-55,-31,-90,-125,100,-91,101,85
1120,1,66,66,57,57,57,16,16,16,89,-11,82,-63,-34,54,46,76,11,25,13,68,121,-54,9,37,-2,61,127,115,-66,84,-15,110,-25,59,-73,-106,-114,-57,78,-117,22,35,37,-94,59,126,-50,-54,-69,39,-123,95,-78,95,58,12,-55,-31,-90,-125,100,-91,101,85
1121,1,66,66,57,57,57,16,16,16,89,-11,82,-63,-34,54,46,76,11,25,13,68,121,-54,9,37,-2,61,127,115,-66,84,-15,110,-25,59,-73,-106,-114,-57,78,-117,22,35,37,-94,59,126,-50,-54,-69,39,-123,95,-78,95,58,12,-55,-31,-90,-125,100,-91,101,85
1122,1,-80,-80,-80,15,15,15,-115,-115,104,89,-11,82,-63,-34,54,46,76,11,25,13,68,121,-54,9,37,-2,61,127,115,-66,84,-15,24,-64,-31,12,114,-12,-3,-27,55,99,12,-8,-34,-110,-111,-16,-68,53,101,-115,-111,-67,-42,33,13,-99,70,-39,23,25,121,1
1123,1,-80,-80,-80,15,15,15,-115,-115,104,89,-11,82,-63,-34,54,46,76,11,25,13,68,121,-54,9,37,-2,61,127,115,-66,84,-15,24,-64,-31,12,114,-12,-3,-27,55,99,12,-8,-34,-110,-111,-16,-68,53,101,-115,-111,-67,-42,33,13,-99,70,-39,23,25,121,1
1124,1,-80,-80,-80,15,15,15,-115,-115,104,89,-11,82,-63,-34,54,46,76,11,25,13,68,121,-54,9,37,-2,61,127,115,-66,84,-15,24,-64,-31,12,114,-12,-3,-27,55,99,12,-8,-34,-110,-111,-16,-68,53,101,-115,-111,-67,-42,33,13,-99,70,-39,23,25,121,1
1125,1,-54,10,10,10,7,7,7,-118,11,104,89,-11,82,-63,-34,54,46,76,11,25,13,68,121,-54,9,37,-2,61,127,115,-66,84,-106,-58,-26,48,-33,23,110,61,-97,111,-37,16,107,-97,-50,-77,-45,73,53,60,0,82,-26,-44,43,109,25,109,123,25,-114,-3
1126,1,-54,10,10,10,7,7,7,-118,11,104,89,-11,82,-63,-34,54,46,76,11,25,13,68,121,-54,9,37,-2,61,127,115,-66,84,-106,-58,-26,48,-33,23,110,61,-97,111,-37,16,107,-97,-50,-77,-45,73,53,60,0,82,-26,-44,43,109,25,109,123,25,-114,-3
1127,1,-54,10,10,10,7,7,7,-118,11,104,89,-11,82,-63,-34,54,46,76,11,25,13,68,121,-54,9,37,-2,61,127,115,-66,84,-106,-58,-26,48,-33,23,110,61,-97,111,-37,16,107,-97,-50,-77,-45,73,53,60,0,82,-26,-44,43,109,25,109,123,25,-114,-3
1128,1,-25,-25,44,44,44,32,32,32,127,11,104,89,-11,82,-63,-34,54,46,76,11,25,13,68,121,-54,9,37,-2,61,127,115,-66,103,34,65,-71,-40,-36,81,-80,89,59,-5,-72,33,-42,2,-80,-98,101,51,52,-110,-123,-59,101,18,9,-70,-103,-80,102,-23,16
1129,1,-25,-25,44,44,44,32,32,32,127,11,104,89,-11,82,-63,-34,54,46,76,11,25,13,68,121,-54,9,37,-2,61,127,115,-66,103,34,65,-71,-40,-36,81,-80,89,59,-5,-72,33,-42,2,-80,-98,101,51,52,-110,-123,-59,101,18,9,-70,-103,-80,102,-23,16
1130,1,-25,-25,44,44,44,32,32,32,127,11,104,89,-11,82,-63,-34,54,46,76,11,25,13,68,121,-54,9,37,-2,61,127,115,-66,103,34,65,-71,-40,-36,81,-80,89,59,-5,-72,33,-42,2,-80,-98,101,51,52,-110,-123,-59,101,18,9,-70,-103,-80,102,-23,16
1131,1,-20,-20,-20,10,10,10,-116,-116,-81,127,11,104,89,-11,82,-63,-34,54,46,76,11,25,13,68,121,-54,9,37,-2,61,127,115,-8,-24,-46,-50,-78,-59,-44,-114,103,12,-70,22,122,33,-24,-47,-49,21,0,-76,38,-124,-25,86,-82,96,82,-90,-66,110,126,108
1132,1,-20,-20,-20,10,10,10,-116,-116,-81,127,11,104,89,-11,82,-63,-34,54,46,76,11,25,13,68,121,-54,9,37,-2,61,127,115,-8,-24,-46,-50,-78,-59,-44,-114,103,12,-70,22,122,33,-24,-47,-49,21,0,-76,38,-124,-25,86,-82,96,82,-90,-66,110,126,108
1133,1,-20,-20,-20,10,10,10,-116,-116,-81,127,11,104,89,-11,82,-63,-34,54,46,76,11,25,13,68,121,-54,9,37,-2,61,127,115,-8,-24,-46,-50,-78,-59,-44,-114,103,12,-70,22,122,33,-24,-47,-49,21,0,-76,38,-124,-25,86,-82,96,82,-90,-66,110,126,108
1134,1,-65,-114,-114,-114,-74,-74,-74,-87,24,-81,127,11,104,89,-11,82,-63,-34,54,46,76,11,25,13,68,121,-54,9,37,-2,61,127,-74,-32,115,118,8,43,-127,96,105,-41,114,82,-7,-102,111,94,92,35,-28,48,-42,-5,-99,81,-63,50,10,51,84,-67,-88,-112
1135,1,-65,-114,-114,-114,-74,-74,-74,-87,24,-81,127,11,104,89,-11,82,-63,-34,54,46,76,11,25,13,68,121,-54,9,37,-2,61,127,-74,-32,115,118,8,43,-127,96,105,-41,114,82,-7,-102,111,94,92,35,-28,48,-42,-5,-99,81,-63,50,10,51,84,-67,-88,-112
1136,1,-65,-114,-114,-114,-74,-74,-74,-87,24,-81,127,11,104,89,-11,82,-63,-34,54,46,76,11,25,13,68,121,-54,9,37,-2,61,127,-74,-32,115,118,8,43,-127,96,105,-41,114,82,-7,-102,111,94,92,35,-28,48,-42,-5,-99,81,-63,50,10,51,84,-67,-88,-112
1137,1,83,83,50,50,50,70,70,70,100,24,-81,127,11,104,89,-11,82,-63,-34,54,46,76,11,25,13,68,121,-54,9,37,-2,61,-77,121,99,-115,42,121,15,-77,-87,-108,64,-64,49,122,94,119,45,4,50,37,58,-81,-87,107,79,52,-106,88,117,103,-13,-12
1138,1,83,83,50,50,50,70,70,70,100,24,-81,127,11,104,89,-11,82,-63,-34,54,46,76,11,25,13,68,121,-54,9,37,-2,61,-77,121,99,-115,42,121,15,-77,-87,-108,64,-64,49,122,94,119,45,4,50,37,58,-81,-87,107,79,52,-106,88,117,103,-13,-12
1139,1,83,83,50,50,50,70,70,70,100,24,-81,127,11,104,89,-11,82,-63,-34,54,46,76,11,25,13,68,121,-54,9,37,-2,61,-77,121,99,-115,42,121,15,-77,-87,-108,64,-64,49,122,94,119,45,4,50,37,58,-81,-87,107,79,52,-106,88,117,103,-13,-12
1140,1,-23,-23,-23,72,72,72,-16,-16,24,100,24,-81,127,11,104,89,-11,82,-63,-34,54,46,76,11,25,13,68,121,-54,9,37,-2,-8,50,29,-11,-88,83,47,118,121,73,23,-122,110,86,-91,58,51,-48,-26,-95,-29,-103,57,-127,-79,-16,-51,71,-3,-113,67,89
1141,1,-23,-23,-23,72,72,72,-16,-16,24,100,24,-81,127,11,104,89,-11,82,-63,-34,54,46,76,11,25,13,68,121,-54,9,37,-2,-8,50,29,-11,-88,83,47,118,121,73,23,-122,110,86,-91,58,51,-48,-26,-95,-29,-103,57,-127,-79,-16,-51,71,-3,-113,67,89
1142,1,-23,-23,-23,72,72,72,-16,-16,24,100,24,-81,127,11,104,89,-11,82,-63,-34,54,46,76,11,25,13,68,121,-54,9,37,-2,-8,50,29,-11,-88,83,47,118,121,73,23,-122,110,86,-91,58,51,-48,-26,-95,-29,-103,57,-127,-79,-16,-51,71,-3,-113,67,89
1143,1,-108,-64,-64,-64,-77,-77,-77,-21,66,24,100,24,-81,127,11,104,89,-11,82,-63,-34,54,46,76,11,25,13,68,121,-54,9,37,6,19,91,-70,32,-77,39,-20,-47,-77,24,31,-27,-60,44,2,116,21,-14,122,79,-70,40,-81,-118,106,63,86,27,4,41,-87
1144,1,-108,-64,-64,-64,-77,-77,-77,-21,66,24,100,24,-81,127,11,104,89,-11,82,-63,-34,54,46,76,11,25,13,68,121,-54,9,37,6,19,91,-70,32,-77,39,-20,-47,-77,24,31,-27,-60,44,2,116,21,-14,122,79,-70,40,-81,-118,106,63,86,27,4,41,-87
1145,1,-108,-64,-64,-64,-77,-77,-77,-21,66,24,100,24,-81,127,11,104,89,-11,82,-63,-34,54,46,76,11,25,13,68,121,-54,9,37,6,19,91,-70,32,-77,39,-20,-47,-77,24,31,-27,-60,44,2,116,21,-14,122,79,-70,40,-81,-118,106,63,86,27,4,41,-87
1146,1,51,51,-25,-25,-25,34,34,34,-80,66,24,100,24,-81,127,11,104,89,-11,82,-63,-34,54,46,76,11,25,13,68,121,-54,9,-116,32,92,126,-20,-67,41,75,81,-88,-53,58,-79,54,51,20,116,87,78,119,66,-49,67,63,-91,109,-34,-99,-36,-63,126,-119
1147,1,51,51,-25,-25,-25,34,34,34,-80,66,24,100,24,-81,127,11,104,89,-11,82,-63,-34,54,46,76,11,25,13,68,121,-54,9,-116,32,92,126,-20,-67,41,75,81,-88,-53,58,-79,54,51,20,116,87,78,119,66,-49,67,63,-91,109,-34,-99,-36,-63,126,-119
1148,1,51,51,-25,-25,-25,34,34,34,-80,66,24,100,24,-81,127,11,104,89,-11,82,-63,-34,54,46,76,11,25,13,68,121,-54,9,-116,32,92,126,-20,-67,41,75,81,-88,-53,58,-79,54,51,20,116,87,78,119,66,-49,67,63,-91,109,-34,-99,-36,-63,126,-119
1149,1,89,89,89,-29,-29,-29,-31,-31,-54,-80,66,24,100,24,-81,127,11,104,89,-11,82,-63,-34,54,46,76,11,25,13,68,121,-54,-42,21,38,52,-109,13,0,15,97,65,-55,4,119,41,95,95,-53,-9,45,34,64,-28,122,45,12,-68,115,-100,118,-36,111,-52
1150,1,89,89,89,-29,-29,-29,-31,-31,-54,-80,66,24,100,24,-81,127,11,104,89,-11,82,-63,-34,54,46,76,11,25,13,68,121,-54,-42,21,38,52,-109,13,0,15,97,65,-55,4,119,41,95,95,-53,-9,45,34,64,-28,122,45,12,-68,115,-100,118,-36,111,-52
1151,1,89,89,89,-29,-29,-29,-31,-31,-54,-80,66,24,100,24,-81,127,11,104,89,-11,82,-63,-34,54,46,76,11,25,13,68,121,-54,-42,21,38,52,-109,13,0,15,97,65,-55,4,119,41,95,95,-53,-9,45,34,64,-28,122,45,12,-68,115,-100,118,-36,111,-52
1152,1,19,-52,-52,-52,-125,-125,-125,38,-25,-54,-80,66,24,100,24,-81,127,11,104,89,-11,82,-63,-34,54,46,76,11,25,13,68,121,-9,111,-102,90,55,103,-68,-50,-42,95,80,10,61,-61,-76,102,-86,-49,33,-55,46,-17,-73,11,38,77,54,95,58,26,100,-111
1153,1,19,-52,-52,-52,-125,-125,-125,38,-25,-54,-80,66,24,100,24,-81,127,11,104,89,-11,82,-63,-34,54,46,76,11,25,13,68,121,-9,111,-102,90,55,103,-68,-50,-42,95,80,10,61,-61,-76,102,-86,-49,33,-55,46,-17,-73,11,38,77,54,95,58,26,100,-111
1154,1,19,-52,-52,-52,-125,-125,-125,38,-25,-54,-80,66,24,100,24,-81,127,11,104,89,-11,82,-63,-34,54,46,76,11,25,13,68,121,-9,111,-102,90,55,103,-68,-50,-42,95,80,10,61,-61,-76,102,-86,-49,33,-55,46,-17,-73,11,38,77,54,95,58,26,100,-111
1155,1,-63,-63,-71,-71,-71,2,2,2,-20,-25,-54,-80,66,24,100,24,-81,127,11,104,89,-11,82,-63,-34,54,46,76,11,25,13,68,-33,-93,-84,-79,47,50,112,109,85,-46,-67,-120,3,121,-88,69,68,72,-4,109,82,72,-90,-40,64,54,44,12,-111,-98,-36,60
1156,1,-63,-63,-71,-71,-71,2,2,2,-20,-25,-54,-80,66,24,100,24,-81,127,11,104,89,-11,82,-63,-34,54,46,76,11,25,13,68,-33,-93,-84,-79,47,50,112,109,85,-46,-67,-120,3,121,-88,69,68,72,-4,109,82,72,-90,-40,64,54,44,12,-111,-98,-36,60
1157,1,-63,-63,-71,-71,-71,2,2,2,-20,-25,-54,-80,66,24,100,24,-81,127,11,104,89,-11,82,-63,-34,54,46,76,11,25,13,68,-33,-93,-84,-79,47,50,112,109,85,-46,-67,-120,3,121,-88,69,68,72,-4,109,82,72,-90,-40,64,54,44,12,-111,-98,-36,60
1158,1,-121,-121,-121,-116,-116,-116,108,108,-65,-20,-25,-54,-80,66,24,100,24,-81,127,11,104,89,-11,82,-63,-34,54,46,76,11,25,13,-77,-66,-8,-33,106,-41,-77,-43,-41,100,21,-88,9,43,-53,49,83,19,-66,67,-39,-123,8,-31,-124,32,-105,-50,42,9,-89,-47
1159,1,-121,-121,-121,-116,-116,-116,108,108,-65,-20,-25,-54,-80,66,24,100,24,-81,127,11,104,89,-11,82,-63,-34,54,46,76,11,25,13,-77,-66,-8,-33,106,-41,-77,-43,-41,100,21,-88,9,43,-53,49,83,19,-66,67,-39,-123,8,-31,-124,32,-105,-50,42,9,-89,-47
1160,1,-121,-121,-121,-116,-116,-116,108,108,-65,-20,-25,-54,-80,66,24,100,24,-81,127,11,104,89,-11,82,-63,-34,54,46,76,11,25,13,-77,-66,-8,-33,106,-41,-77,-43,-41,100,21,-88,9,43,-53,49,83,19,-66,67,-39,-123,8,-31,-124,32,-105,-50,42,9,-89,-47
1161,1,31,37,37,37,60,60,60,-23,83,-65,-20,-25,-54,-80,66,24,100,24,-81,127,11,104,89,-11,82,-63,-34,54,46,76,11,25,-89,-41,-69,-116,-62,-117,38,-89,69,-59,97,-126,124,-67,67,-99,-84,-100,55,-9,-38,89,115,-50,90,-121,-68,-116,47,30,18,25
1162,1,31,37,37,37,60,60,60,-23,83,-65,-20,-25,-54,-80,66,24,100,24,-81,127,11,104,89,-11,82,-63,-34,54,46,76,11,25,-89,-41,-69,-116,-62,-117,38,-89,69,-59,97,-126,124,-67,67,-99,-84,-100,55,-9,-38,89,115,-50,90,-121,-68,-116,47,30,18,25
1163,1,31,37,37,37,60,60,60,-23,83,-65,-20,-25,-54,-80,66,24,100,24,-81,127,11,104,89,-11,82,-63,-34,54,46,76,11,25,-89,-41,-69,-116,-62,-117,38,-89,69,-59,97,-126,124,-67,67,-99,-84,-100,55,-9,-38,89,115,-50,90,-121,-68,-116,47,30,18,25
1164,1,43,43,93,93,93,-81,-81,-81,-23,83,-65,-20,-25,-54,-80,66,24,100,24,-81,127,11,104,89,-11,82,-63,-34,54,46,76,11,-108,-42,117,-42,125,50,18,-21,10,-98,-117,-2,9,50,-73,96,87,39,4,-73,-56,-57,43,32,91,-65,-53,-54,11,31,-73,76
1165,1,43,43,93,93,93,-81,-81,-81,-23,83,-65,-20,-25,-54,-80,66,24,100,24,-81,127,11,104,89,-11,82,-63,-34,54,46,76,11,-108,-42,117,-42,125,50,18,-21,10,-98,-117,-2,9,50,-73,96,87,39,4,-73,-56,-57,43,32,91,-65,-53,-54,11,31,-73,76
1166,1,43,43,93,93,93,-81,-81,-81,-23,83,-65,-20,-25,-54,-80,66,24,100,24,-81,127,11,104,89,-11,82,-63,-34,54,46,76,11,-108,-42,117,-42,125,50,18,-21,10,-98,-117,-2,9,50,-73,96,87,39,4,-73,-56,-57,43,32,91,-65,-53,-54,11,31,-73,76
1167,1,-116,-116,-116,-91,-91,-91,-3,-3,-108,-23,83,-65,-20,-25,-54,-80,66,24,100,24,-81,127,11,104,89,-11,82,-63,-34,54,46,76,-23,-37,-76,112,79,22,-20,11,108,48,49,33,-21,-1,-19,42,-40,87,-73,106,-84,-22,61,105,-11,31,-94,-104,112,-121,-77,126
1168,1,-116,-116,-116,-91,-91,-91,-3,-3,-108,-23,83,-65,-20,-25,-54,-80,66,24,100,24,-81,127,11,104,89,-11,82,-63,-34,54,46,76,-23,-37,-76,112,79,22,-20,11,108,48,49,33,-21,-1,-19,42,-40,87,-73,106,-84,-22,61,105,-11,31,-94,-104,112,-121,-77,126
1169,1,-116,-116,-116,-91,-91,-91,-3,-3,-108,-23,83,-65,-20,-25,-54,-80,66,24,100,24,-81,127,11,104,89,-11,82,-63,-34,54,46,76,-23,-37,-76,112,79,22,-20,11,108,48,49,33,-21,-1,-19,42,-40,87,-73,106,-84,-22,61,105,-11,31,-94,-104,112,-121,-77,126
1170,1,-73,-30,-30,-30,-47,-47,-47,-113,51,-108,-23,83,-65,-20,-25,-54,-80,66,24,100,24,-81,127,11,104,89,-11,82,-63,-34,54,46,40,-113,-113,15,77,28,-110,74,-24,118,-100,52,17,-24,55,37,22,77,124,-16,-111,-68,-119,-13,-21,2,46,97,46,-65,-41,-112
1171,1,-73,-30,-30,-30,-47,-47,-47,-113,51,-108,-23,83,-65,-20,-25,-54,-80,66,24,100,24,-81,127,11,104,89,-11,82,-63,-34,54,46,40,-113,-113,15,77,28,-110,74,-24,118,-100,52,17,-24,55,37,22,77,124,-16,-111,-68,-119,-13,-21,2,46,97,46,-65,-41,-112
1172,1,-73,-30,-30,-30,-47,-47,-47,-113,51,-108,-23,83,-65,-20,-25,-54,-80,66,24,100,24,-81,127,11,104,89,-11,82,-63,-34,54,46,40,-113,-113,15,77,28,-110,74,-24,118,-100,52,17,-24,55,37,22,77,124,-16,-111,-68,-119,-13,-21,2,46,97,46,-65,-41,-112
1173,1,-103,-103,-74,-74,-74,-72,-72,-72,89,51,-108,-23,83,-65,-20,-25,-54,-80,66,24,100,24,-81,127,11,104,89,-11,82,-63,-34,54,-10,-80,-22,-89,89,106,1,80,-109,125,-47,-60,3,72,-46,-113,-103,47,-70,8,-122,-61,117,-60,105,-127,-123,94,-104,-94,-40,-7
1174,1,-103,-103,-74,-74,-74,-72,-72,-72,89,51,-108,-23,83,-65,-20,-25,-54,-80,66,24,100,24,-81,127,11,104,89,-11,82,-63,-34,54,-10,-80,-22,-89,89,106,1,80,-109,125,-47,-60,3,72,-46,-113,-103,47,-70,8,-122,-61,117,-60,105,-127,-123,94,-104,-94,-40,-7
1175,1,-103,-103,-74,-74,-74,-72,-72,-72,89,51,-108,-23,83,-65,-20,-25,-54,-80,66,24,100,24,-81,127,11,104,89,-11,82,-63,-34,54,-10,-80,-22,-89,89,106,1,80,-109,125,-47,-60,3,72,-46,-113,-103,47,-70,8,-122,-61,117,-60,105,-127,-123,94,-104,-94,-40,-7
1176,1,17,17,17,94,94,94,-62,-62,19,89,51,-108,-23,83,-65,-20,-25,-54,-80,66,24,100,24,-81,127,11,104,89,-11,82,-63,-34,64,-22,-94,112,126,-48,98,-105,29,-59,-42,-6,13,37,46,-122,-108,-117,-57,85,35,-67,85,34,-121,-17,-96,18,-31,-23,113,-1
1177,1,17,17,17,94,94,94,-62,-62,19,89,51,-108,-23,83,-65,-20,-25,-54,-80,66,24,100,24,-81,127,11,104,89,-11,82,-63,-34,64,-22,-94,112,126,-48,98,-105,29,-59,-42,-6,13,37,46,-122,-108,-117,-57,85,35,-67,85,34,-121,-17,-96,18,-31,-23,113,-1
1178,1,17,17,17,94,94,94,-62,-62,19,89,51,-108,-23,83,-65,-20,-25,-54,-80,66,24,100,24,-81,127,11,104,89,-11,82,-63,-34,64,-22,-94,112,126,-48,98,-105,29,-59,-42,-6,13,37,46,-122,-108,-117,-57,85,35,-67,85,34,-121,-17,-96,18,-31,-23,113,-1
1179,1,-121,-11,-11,-11,42,42,42,-21,-63,19,89,51,-108,-23,83,-65,-20,-25,-54,-80,66,24,100,24,-81,127,11,104,89,-11,82,-63,31,-80,44,2,-43,121,29,29,-77,30,114,-95,-20,-17,-21,-123,-56,-29,47,111,61,22,-70,79,46,87,96,95,-64,78,46,-121
1180,1,-121,-11,-11,-11,42,42,42,-21,-63,19,89,51,-108,-23,83,-65,-20,-25,-54,-80,66,24,100,24,-81,127,11,104,89,-11,82,-63,31,-80,44,2,-43,121,29,29,-77,30,114,-95,-20,-17,-21,-123,-56,-29,47,111,61,22,-70,79,46,87,96,95,-64,78,46,-121
1181,1,-121,-11,-11,-11,42,42,42,-21,-63,19,89,51,-108,-23,83,-65,-20,-25,-54,-80,66,24,100,24,-81,127,11,104,89,-11,82,-63,31,-80,44,2,-43,121,29,29,-77,30,114,-95,-20,-17,-21,-123,-56,-29,47,111,61,22,-70,79,46,87,96,95,-64,78,46,-121
1182,1,56,56,9,9,9,-37,-37,-37,-121,-63,19,89,51,-108,-23,83,-65,-20,-25,-54,-80,66,24,100,24,-81,127,11,104,89,-11,82,33,-13,-32,34,-76,52,91,-78,-57,-24,-77,-58,55,-43,-112,33,-102,21,78,46,-97,-23,-27,8,16,-77,-53,-122,-54,-109,101,-46
1183,1,56,56,9,9,9,-37,-37,-37,-121,-63,19,89,51,-108,-23,83,-65,-20,-25,-54,-80,66,24,100,24,-81,127,11,104,89,-11,82,33,-13,-32,34,-76,52,91,-78,-57,-24,-77,-58,55,-43,-112,33,-102,21,78,46,-97,-23,-27,8,16,-77,-53,-122,-54,-109,101,-46
1184,1,56,56,9,9,9,-37,-37,-37,-121,-63,19,89,51,-108,-23,83,-65,-20,-25,-54,-80,66,24,100,24,-81,127,11,104,89,-11,82,33,-13,-32,34,-76,52,91,-78,-57,-24,-77,-58,55,-43,-112,33,-102,21,78,46,-97,-23,-27,8,16,-77,-53,-122,-54,-109,101,-46
1185,1,-61,-61,-61,-60,-60,-60,47,47,31,-121,-63,19,89,51,-108,-23,83,-65,-20,-25,-54,-80,66,24,100,24,-81,127,11,104,89,-11,18,-65,-57,108,107,-53,-73,126,-99,-60,57,18,17,38,61,99,-13,106,7,-38,-49,75,27,9,54,49,52,93,-48,-82,99,0
1186,1,-61,-61,-61,-60,-60,-60,47,47,31,-121,-63,19,89,51,-108,-23,83,-65,-20,-25,-54,-80,66,24,100,24,-81,127,11,104,89,-11,18,-65,-57,108,107,-53,-73,126,-99,-60,57,18,17,38,61,99,-13,106,7,-38,-49,75,27,9,54,49,52,93,-48,-82,99,0
1187,1,-61,-61,-61,-60,-60,-60,47,47,31,-121,-63,19,89,51,-108,-23,83,-65,-20,-25,-54,-80,66,24,100,24,-81,127,11,104,89,-11,18,-65,-57,108,107,-53,-73,126,-99,-60,57,18,17,38,61,99,-13,106,7,-38,-49,75,27,9,54,49,52,93,-48,-82,99,0
1188,1,-50,121,121,121,-42,-42,-42,-35,43,31,-121,-63,19,89,51,-108,-23,83,-65,-20,-25,-54,-80,66,24,100,24,-81,127,11,104,89,-80,-28,90,-18,114,-49,33,-46,5,68,-28,-24,-103,55,46,118,57,-48,78,-61,-33,-47,16,125,-72,86,25,123,-86,94,11,104
1189,1,-50,121,121,121,-42,-42,-42,-35,43,31,-121,-63,19,89,51,-108,-23,83,-65,-20,-25,-54,-80,66,24,100,24,-81,127,11,104,89,-80,-28,90,-18,114,-49,33,-46,5,68,-28,-24,-103,55,46,118,57,-48,78,-61,-33,-47,16,125,-72,86,25,123,-86,94,11,104
1190,1,-50,121,121,121,-42,-42,-42,-35,43,31,-121,-63,19,89,51,-108,-23,83,-65,-20,-25,-54,-80,66,24,100,24,-81,127,11,104,89,-80,-28,90,-18,114,-49,33,-46,5,68,-28,-24,-103,55,46,118,57,-48,78,-61,-33,-47,16,125,-72,86,25,123,-86,94,11,104
1191,1,-37,-37,120,120,120,-55,-55,-55,-116,43,31,-121,-63,19,89,51,-108,-23,83,-65,-20,-25,-54,-80,66,24,100,24,-81,127,11,104,88,-19,57,104,66,23,37,90,-17,-124,22,-33,24,70,86,25,-85,42,-61,77,123,78,-81,-28,-82,98,-34,42,87,-8,-67,86
1192,1,-37,-37,120,120,120,-55,-55,-55,-116,43,31,-121,-63,19,89,51,-108,-23,83,-65,-20,-25,-54,-80,66,24,100,24,-81,127,11,104,88,-19,57,104,66,23,37,90,-17,-124,22,-33,24,70,86,25,-85,42,-61,77,123,78,-81,-28,-82,98,-34,42,87,-8,-67,86
1193,1,-37,-37,120,120,120,-55,-55,-55,-116,43,31,-121,-63,19,89,51,-108,-23,83,-65,-20,-25,-54,-80,66,24,100,24,-81,127,11,104,88,-19,57,104,66,23,37,90,-17,-124,22,-33,24,70,86,25,-85,42,-61,77,123,78,-81,-28,-82,98,-34,42,87,-8,-67,86
1194,1,39,39,39,-71,-71,-71,56,56,-73,-116,43,31,-121,-63,19,89,51,-108,-23,83,-65,-20,-25,-54,-80,66,24,100,24,-81,127,11,66,-10,-9,-125,16,-32,38,111,108,-30,47,105,44,-82,-119,-114,40,-2,-28,-26,-6,95,40,-40,89,-10,14,44,44,-45,102,-21
1195,1,39,39,39,-71,-71,-71,56,56,-73,-116,43,31,-121,-63,19,89,51,-108,-23,83,-65,-20,-25,-54,-80,66,24,100,24,-81,127,11,66,-10,-9,-125,16,-32,38,111,108,-30,47,105,44,-82,-119,-114,40,-2,-28,-26,-6,95,40,-40,89,-10,14,44,44,-45,102,-21
1196,1,39,39,39,-71,-71,-71,56,56,-73,-116,43,31,-121,-63,19,89,51,-108,-23,83,-65,-20,-25,-54,-80,66,24,100,24,-81,127,11,66,-10,-9,-125,16,-32,38,111,108,-30,47,105,44,-82,-119,-114,40,-2,-28,-26,-6,95,40,-40,89,-10,14,44,44,-45,102,-21
1197,1,-116,43,43,43,-63,-63,-63,-119,-103,-73,-116,43,31,-121,-63,19,89,51,-108,-23,83,-65,-20,-25,-54,-80,66,24,100,24,-81,127,78,-74,71,53,116,116,55,-89,108,3,-48,33,-7,33,40,-32,-28,-56,-21,30,-94,78,-117,-36,-67,-3,-7,-26,-120,-3,-41,39
1198,1,-116,43,43,43,-63,-63,-63,-119,-103,-73,-116,43,31,-121,-63,19,89,51,-108,-23,83,-65,-20,-25,-54,-80,66,24,100,24,-81,127,78,-74,71,53,116,116,55,-89,108,3,-48,33,-7,33,40,-32,-28,-56,-21,30,-94,78,-117,-36,-67,-3,-7,-26,-120,-3,-41,39
1199,1,-116,43,43,43,-63,-63,-63,-119,-103,-73,-116,43,31,-121,-63,19,89,51,-108,-23,83,-65,-20,-25,-54,-80,66,24,100,24,-81,127,78,-74,71,53,116,116,55,-89,108,3,-48,33,-7,33,40,-32,-28,-56,-21,30,-94,78,-117,-36,-67,-3,-7,-26,-120,-3,-41,39
1200,1,-16,-16,-48,-48,-48,-44,-44,-44,17,-103,-73,-116,43,31,-121,-63,19,89,51,-108,-23,83,-65,-20,-25,-54,-80,66,24,100,24,-81,-84,24,-42,114,-3,-46,60,61,21,-11,-119,-57,109,66,88,43,125,-25,38,-8,125,-33,8,74,-34,12,61,15,101,108,4,78
1201,1,-16,-16,-48,-48,-48,-44,-44,-44,17,-103,-73,-116,43,31,-121,-63,19,89,51,-108,-23,83,-65,-20,-25,-54,-80,66,24,100,24,-81,-84,24,-42,114,-3,-46,60,61,21,-11,-119,-57,109,66,88,43,125,-25,38,-8,125,-33,8,74,-34,12,61,15,101,108,4,78
1202,1,-16,-16,-48,-48,-48,-44,-44,-44,17,-103,-73,-116,43,31,-121,-63,19,89,51,-108,-23,83,-65,-20,-25,-54,-80,66,24,100,24,-81,-84,24,-42,114,-3,-46,60,61,21,-11,-119,-57,109,66,88,43,125,-25,38,-8,125,-33,8,74,-34,12,61,15,101,108,4,78
1203,1,-49,-49,-49,-4,-4,-4,14,14,-121,17,-103,-73,-116,43,31,-121,-63,19,89,51,-108,-23,83,-65,-20,-25,-54,-80,66,24,100,24,33,64,34,54,-65,69,-16,124,37,31,-60,127,117,26,98,-27,21,-63,60,-70,-46,-99,64,-116,1,64,0,-101,-119,-37,26,-5
1204,1,-49,-49,-49,-4,-4,-4,14,14,-121,17,-103,-73,-116,43,31,-121,-63,19,89,51,-108,-23,83,-65,-20,-25,-54,-80,66,24,100,24,33,64,34,54,-65,69,-16,124,37,31,-60,127,117,26,98,-27,21,-63,60,-70,-46,-99,64,-116,1,64,0,-101,-119,-37,26,-5
1205,1,-49,-49,-49,-4,-4,-4,14,14,-121,17,-103,-73,-116,43,31,-121,-63,19,89,51,-108,-23,83,-65,-20,-25,-54,-80,66,24,100,24,33,64,34,54,-65,69,-16,124,37,31,-60,127,117,26,98,-27,21,-63,60,-70,-46,-99,64,-116,1,64,0,-101,-119,-37,26,-5
1206,1,19,90,90,90,18,18,18,110,56,-121,17,-103,-73,-116,43,31,-121,-63,19,89,51,-108,-23,83,-65,-20,-25,-54,-80,66,24,100,127,5,-77,-19,51,-82,-23,-95,-88,-58,117,0,-20,-68,38,-18,-8,93,-29,-75,-86,-117,63,57,22,54,-43,-85,47,85,-4,-19
1207,1,19,90,90,90,18,18,18,110,56,-121,17,-103,-73,-116,43,31,-121,-63,19,89,51,-108,-23,83,-65,-20,-25,-54,-80,66,24,100,127,5,-77,-19,51,-82,-23,-95,-88,-58,117,0,-20,-68,38,-18,-8,93,-29,-75,-86,-117,63,57,22,54,-43,-85,47,85,-4,-19
1208,1,19,90,90,90,18,18,18,110,56,-121,17,-103,-73,-116,43,31,-121,-63,19,89,51,-108,-23,83,-65,-20,-25,-54,-80,66,24,100,127,5,-77,-19,51,-82,-23,-95,-88,-58,117,0,-20,-68,38,-18,-8,93,-29,-75,-86,-117,63,57,22,54,-43,-85,47,85,-4,-19
1209,1,27,27,-34,-34,-34,67,67,67,-61,56,-121,17,-103,-73,-116,43,31,-121,-63,19,89,51,-108,-23,83,-65,-20,-25,-54,-80,66,24,-18,34,-127,-112,-45,-74,-5,79,78,78,-54,-16,-104,-78,-117,-93,91,125,61,-106,-19,8,89,-84,-73,-93,16,103,104,32,71,-7
1210,1,27,27,-34,-34,-34,67,67,67,-61,56,-121,17,-103,-73,-116,43,31,-121,-63,19,89,51,-108,-23,83,-65,-20,-25,-54,-80,66,24,-18,34,-127,-112,-45,-74,-5,79,78,78,-54,-16,-104,-78,-117,-93,91,125,61,-106,-19,8,89,-84,-73,-93,16,103,104,32,71,-7
1211,1,27,27,-34,-34,-34,67,67,67,-61,56,-121,17,-103,-73,-116,43,31,-121,-63,19,89,51,-108,-23,83,-65,-20,-25,-54,-80,66,24,-18,34,-127,-112,-45,-74,-5,79,78,78,-54,-16,-104,-78,-117,-93,91,125,61,-106,-19,8,89,-84,-73,-93,16,103,104,32,71,-7
1212,1,-116,-116,-116,40,40,40,100,100,-50,-61,56,-121,17,-103,-73,-116,43,31,-121,-63,19,89,51,-108,-23,83,-65,-20,-25,-54,-80,66,-5,-122,-9,-25,-28,24,9,-15,23,114,-89,-16,-47,-60,-121,124,-118,112,125,-102,91,21,-32,-115,83,33,-45,-119,-117,52,101,0
1213,1,-116,-116,-116,40,40,40,100,100,-50,-61,56,-121,17,-103,-73,-116,43,31,-121,-63,19,89,51,-108,-23,83,-65,-20,-25,-54,-80,66,-5,-122,-9,-25,-28,24,9,-15,23,114,-89,-16,-47,-60,-121,124,-118,112,125,-102,91,21,-32,-115,83,33,-45,-119,-117,52,101,0
1214,1,-116,-116,-116,40,40,40,100,100,-50,-61,56,-121,17,-103,-73,-116,43,31,-121,-63,19,89,51,-108,-23,83,-65,-20,-25,-54,-80,66,-5,-122,-9,-25,-28,24,9,-15,23,114,-89,-16,-47,-60,-121,124,-118,112,125,-102,91,21,-32,-115,83,33,-45,-119,-117,52,101,0
1215,1,-58,87,87,87,-48,-48,-48,84,-37,-50,-61,56,-121,17,-103,-73,-116,43,31,-121,-63,19,89,51,-108,-23,83,-65,-20,-25,-54,-80,-45,120,-4,-75,118,-57,-44,52,-67,118,-52,40,-76,-37,-33,-61,78,-17,90,-2,53,-113,-65,-4,-32,113,-105,117,-119,48,-18,126
1216,1,-58,87,87,87,-48,-48,-48,84,-37,-50,-61,56,-121,17,-103,-73,-116,43,31,-121,-63,19,89,51,-108,-23,83,-65,-20,-25,-54,-80,-45,120,-4,-75,118,-57,-44,52,-67,118,-52,40,-76,-37,-33,-61,78,-17,90,-2,53,-113,-65,-4,-32,113,-105,117,-119,48,-18,126
1217,1,-58,87,87,87,-48,-48,-48,84,-37,-50,-61,56,-121,17,-103,-73,-116,43,31,-121,-63,19,89,51,-108,-23,83,-65,-20,-25,-54,-80,-45,120,-4,-75,118,-57,-44,52,-67,118,-52,40,-76,-37,-33,-61,78,-17,90,-2,53,-113,-65,-4,-32,113,-105,117,-119,48,-18,126
1218,1,-53,-53,84,84,84,108,108,108,39,-37,-50,-61,56,-121,17,-103,-73,-116,43,31,-121,-63,19,89,51,-108,-23,83,-65,-20,-25,-54,-3,118,-54,47,-98,5,-61,-71,-111,-26,-29,31,101,-8,-49,-104,-31,67,-108,-60,36,45,-70,-121,123,23,-77,-39,22,26,-20,23
1219,1,-53,-53,84,84,84,108,108,108,39,-37,-50,-61,56,-121,17,-103,-73,-116,43,31,-121,-63,19,89,51,-108,-23,83,-65,-20,-25,-54,-3,118,-54,47,-98,5,-61,-71,-111,-26,-29,31,101,-8,-49,-104,-31,67,-108,-60,36,45,-70,-121,123,23,-77,-39,22,26,-20,23
1220,1,-53,-53,84,84,84,108,108,108,39,-37,-50,-61,56,-121,17,-103,-73,-116,43,31,-121,-63,19,89,51,-108,-23,83,-65,-20,-25,-54,-3,118,-54,47,-98,5,-61,-71,-111,-26,-29,31,101,-8,-49,-104,-31,67,-108,-60,36,45,-70,-121,123,23,-77,-39,22,26,-20,23
1221,1,117,117,117,-87,-87,-87,-127,-127,-116,39,-37,-50,-61,56,-121,17,-103,-73,-116,43,31,-121,-63,19,89,51,-108,-23,83,-65,-20,-25,109,9,-14,2,32,-46,-52,-109,-120,123,-113,94,114,9,-81,-55,-49,43,37,-50,-115,-68,-32,-26,75,113,84,-61,64,62,-8,-50
1222,1,117,117,117,-87,-87,-87,-127,-127,-116,39,-37,-50,-61,56,-121,17,-103,-73,-116,43,31,-121,-63,19,89,51,-108,-23,83,-65,-20,-25,109,9,-14,2,32,-46,-52,-109,-120,123,-113,94,114,9,-81,-55,-49,43,37,-50,-115,-68,-32,-26,75,113,84,-61,64,62,-8,-50
1223,1,117,117,117,-87,-87,-87,-127,-127,-116,39,-37,-50,-61,56,-121,17,-103,-73,-116,43,31,-121,-63,19,89,51,-108,-23,83,-65,-20,-25,109,9,-14,2,32,-46,-52,-109,-120,123,-113,94,114,9,-81,-55,-49,43,37,-50,-115,-68,-32,-26,75,113,84,-61,64,62,-8,-50
1224,1,35,-127,-127,-127,-75,-75,-75,107,-16,-116,39,-37,-50,-61,56,-121,17,-103,-73,-116,43,31,-121,-63,19,89,51,-108,-23,83,-65,-20,-20,-61,-33,69,-33,-11,49,79,-29,-24,58,107,-47,-123,-21,-50,25,19,36,104,123,-84,85,-18,114,-113,-69,122,29,7,-74,-73
1225,1,35,-127,-127,-127,-75,-75,-75,107,-16,-116,39,-37,-50,-61,56,-121,17,-103,-73,-116,43,31,-121,-63,19,89,51,-108,-23,83,-65,-20,-20,-61,-33,69,-33,-11,49,79,-29,-24,58,107,-47,-123,-21,-50,25,19,36,104,123,-84,85,-18,114,-113,-69,122,29,7,-74,-73
1226,1,35,-127,-127,-127,-75,-75,-75,107,-16,-116,39,-37,-50,-61,56,-121,17,-103,-73,-116,43,31,-121,-63,19,89,51,-108,-23,83,-65,-20,-20,-61,-33,69,-33,-11,49,79,-29,-24,58,107,-47,-123,-21,-50,25,19,36,104,123,-84,85,-18,114,-113,-69,122,29,7,-74,-73
1227,1,-104,-104,126,126,126,-80,-80,-80,-49,-16,-116,39,-37,-50,-61,56,-121,17,-103,-73,-116,43,31,-121,-63,19,89,51,-108,-23,83,-65,37,-7,24,-71,67,30,-21,-52,-25,52,97,-115,84,-78,-4,-72,83,-20,73,-95,117,108,100,-30,-37,-102,-79,-70,118,75,127,-6
1228,1,-104,-104,126,126,126,-80,-80,-80,-49,-16,-116,39,-37,-50,-61,56,-121,17,-103,-73,-116,43,31,-121,-63,19,89,51,-108,-23,83,-65,37,-7,24,-71,67,30,-21,-52,-25,52,97,-115,84,-78,-4,-72,83,-20,73,-95,117,108,100,-30,-37,-102,-79,-70,118,75,127,-6
1229,1,-104,-104,126,126,126,-80,-80,-80,-49,-16,-116,39,-37,-50,-61,56,-121,17,-103,-73,-116,43,31,-121,-63,19,89,51,-108,-23,83,-65,37,-7,24,-71,67,30,-21,-52,-25,52,97,-115,84,-78,-4,-72,83,-20,73,-95,117,108,100,-30,-37,-102,-79,-70,118,75,127,-6
1230,1,119,119,119,55,55,55,-33,-33,19,-49,-16,-116,39,-37,-50,-61,56,-121,17,-103,-73,-116,43,31,-121,-63,19,89,51,-108,-23,83,-60,14,-46,-103,33,-29,-90,102,-123,111,-67,81,-62,-51,-46,92,24,91,84,60,-126,81,-115,-23,41,-80,-123,96,55,-49,64,11
1231,1,119,119,119,55,55,55,-33,-33,19,-49,-16,-116,39,-37,-50,-61,56,-121,17,-103,-73,-116,43,31,-121,-63,19,89,51,-108,-23,83,-60,14,-46,-103,33,-29,-90,102,-123,111,-67,81,-62,-51,-46,92,24,91,84,60,-126,81,-115,-23,41,-80,-123,96,55,-49,64,11
1232,1,119,119,119,55,55,55,-33,-33,19,-49,-16,-116,39,-37,-50,-61,56,-121,17,-103,-73,-116,43,31,-121,-63,19,89,51,-108,-23,83,-60,14,-46,-103,33,-29,-90,102,-123,111,-67,81,-62,-51,-46,92,24,91,84,60,-126,81,-115,-23,41,-80,-123,96,55,-49,64,11
1233,1,-21,31,31,31,47,47,47,19,27,19,-49,-16,-116,39,-37,-50,-61,56,-121,17,-103,-73,-116,43,31,-121,-63,19,89,51,-108,-23,-93,-7,68,-33,65,30,120,-92,-96,-38,-37,124,10,48,-93,56,97,-108,48,29,71,82,51,-64,8,108,76,89,26,31,38,108
1234,1,-21,31,31,31,47,47,47,19,27,19,-49,-16,-116,39,-37,-50,-61,56,-121,17,-103,-73,-116,43,31,-121,-63,19,89,51,-108,-23,-93,-7,68,-33,65,30,120,-92,-96,-38,-37,124,10,48,-93,56,97,-108,48,29,71,82,51,-64,8,108,76,89,26,31,38,108
1235,1,-21,31,31,31,47,47,47,19,27,19,-49,-16,-116,39,-37,-50,-61,56,-121,17,-103,-73,-116,43,31,-121,-63,19,89,51,-108,-23,-93,-7,68,-33,65,30,120,-92,-96,-38,-37,124,10,48,-93,56,97,-108,48,29,71,82,51,-64,8,108,76,89,26,31,38,108
1236,1,64,64,106,106,106,-75,-75,-75,-116,27,19,-49,-16,-116,39,-37,-50,-61,56,-121,17,-103,-73,-116,43,31,-121,-63,19,89,51,-108,3,41,-109,54,8,-112,6,-57,-54,-69,101,1,51,-79,-22,124,73,78,36,78,86,12,49,-21,92,61,-97,-6,123,38,-23,-97
1237,1,64,64,106,106,106,-75,-75,-75,-116,27,19,-49,-16,-116,39,-37,-50,-61,56,-121,17,-103,-73,-116,43,31,-121,-63,19,89,51,-108,3,41,-109,54,8,-112,6,-57,-54,-69,101,1,51,-79,-22,124,73,78,36,78,86,12,49,-21,92,61,-97,-6,123,38,-23,-97
1238,1,64,64,106,106,106,-75,-75,-75,-116,27,19,-49,-16,-116,39,-37,-50,-61,56,-121,17,-103,-73,-116,43,31,-121,-63,19,89,51,-108,3,41,-109,54,8,-112,6,-57,-54,-69,101,1,51,-79,-22,124,73,78,36,78,86,12,49,-21,92,61,-97,-6,123,38,-23,-97
1239,1,-101,-101,-101,-81,-81,-81,103,103,-58,-116,27,19,-49,-16,-116,39,-37,-50,-61,56,-121,17,-103,-73,-116,43,31,-121,-63,19,89,51,-26,-63,-43,65,119,34,-115,-121,-36,19,31,-28,-53,-62,-37,-109,100,-7,19,-33,69,109,-102,-21,90,-110,58,101,-12,-12,-7,-38
1240,1,-101,-101,-101,-81,-81,-81,103,103,-58,-116,27,19,-49,-16,-116,39,-37,-50,-61,56,-121,17,-103,-73,-116,43,31,-121,-63,19,89,51,-26,-63,-43,65,119,34,-115,-121,-36,19,31,-28,-53,-62,-37,-109,100,-7,19,-33,69,109,-102,-21,90,-110,58,101,-12,-12,-7,-38
1241,1,-101,-101,-101,-81,-81,-81,103,103,-58,-116,27,19,-49,-16,-116,39,-37,-50,-61,56,-121,17,-103,-73,-116,43,31,-121,-63,19,89,51,-26,-63,-43,65,119,34,-115,-121,-36,19,31,-28,-53,-62,-37,-109,100,-7,19,-33,69,109,-102,-21,90,-110,58,101,-12,-12,-7,-38
1242,1,-25,-65,-65,-65,-103,-103,-103,-43,-53,-58,-116,27,19,-49,-16,-116,39,-37,-50,-61,56,-121,17,-103,-73,-116,43,31,-121,-63,19,89,-120,92,-7,36,-64,-118,74,28,-31,-127,19,-35,-99,-66,-30,24,71,69,52,88,-45,-74,21,-116,53,70,28,-71,127,-120,27,-24
1243,1,-25,-65,-65,-65,-103,-103,-103,-43,-53,-58,-116,27,19,-49,-16,-116,39,-37,-50,-61,56,-121,17,-103,-73,-116,43,31,-121,-63,19,89,-120,92,-7,36,-64,-118,74,28,-31,-127,19,-35,-99,-66,-30,24,71,69,52,88,-45,-74,21,-116,53,70,28,-71,127,-120,27,-24
1244,1,-25,-65,-65,-65,-103,-103,-103,-43,-53,-58,-116,27,19,-49,-16,-116,39,-37,-50,-61,56,-121,17,-103,-73,-116,43,31,-121,-63,19,89,-120,92,-7,36,-64,-118,74,28,-31,-127,19,-35,-99,-66,-30,24,71,69,52,88,-45,-74,21,-116,53,70,28,-71,127,-120,27,-24
1245,1,63,63,-125,-125,-125,95,95,95,117,-53,-58,-116,27,19,-49,-16,-116,39,-37,-50,-61,56,-121,17,-103,-73,-116,43,31,-121,-63,19,-43,57,73,-123,-67,-56,-20,6,9,29,61,6,114,-93,-49,-105,-97,96,48,99,82,-96,-77,-74,31,29,-112,-58,37,89,125,9
1246,1,63,63,-125,-125,-125,95,95,95,117,-53,-58,-116,27,19,-49,-16,-116,39,-37,-50,-61,56,-121,17,-103,-73,-116,43,31,-121,-63,19,-43,57,73,-123,-67,-56,-20,6,9,29,61,6,114,-93,-49,-105,-97,96,48,99,82,-96,-77,-74,31,29,-112,-58,37,89,125,9
1247,1,63,63,-125,-125,-125,95,95,95,117,-53,-58,-116,27,19,-49,-16,-116,39,-37,-50,-61,56,-121,17,-103,-73,-116,43,31,-121,-63,19,-43,57,73,-123,-67,-56,-20,6,9,29,61,6,114,-93,-49,-105,-97,96,48,99,82,-96,-77,-74,31,29,-112,-58,37,89,125,9
1248,1,-91,-91,-91,-29,-29,-29,-47,-47,35,117,-53,-58,-116,27,19,-49,-16,-116,39,-37,-50,-61,56,-121,17,-103,-73,-116,43,31,-121,-63,28,-46,-3,10,29,-69,-125,117,-97,-22,58,84,55,111,6,-102,-91,75,-39,113,100,-9,51,-24,-5,90,-86,-76,24,-74,48,85
1249,1,-91,-91,-91,-29,-29,-29,-47,-47,35,117,-53,-58,-116,27,19,-49,-16,-116,39,-37,-50,-61,56,-121,17,-103,-73,-116,43,31,-121,-63,28,-46,-3,10,29,-69,-125,117,-97,-22,58,84,55,111,6,-102,-91,75,-39,113,100,-9,51,-24,-5,90,-86,-76,24,-74,48,85
1250,1,-91,-91,-91,-29,-29,-29,-47,-47,35,117,-53,-58,-116,27,19,-49,-16,-116,39,-37,-50,-61,56,-121,17,-103,-73,-116,43,31,-121,-63,28,-46,-3,10,29,-69,-125,117,-97,-22,58,84,55,111,6,-102,-91,75,-39,113,100,-9,51,-24,-5,90,-86,-76,24,-74,48,85
1251,1,15,104,104,104,35,35,35,-67,-104,35,117,-53,-58,-116,27,19,-49,-16,-116,39,-37,-50,-61,56,-121,17,-103,-73,-116,43,31,-121,-40,-71,-109,10,89,61,57,66,-93,89,39,-15,-53,-9,44,-122,-99,99,13,-82,18,-77,89,-85,-16,-54,26,-85,75,62,-63,66
1252,1,15,104,104,104,35,35,35,-67,-104,35,117,-53,-58,-116,27,19,-49,-16,-116,39,-37,-50,-61,56,-121,17,-103,-73,-116,43,31,-121,-40,-71,-109,10,89,61,57,66,-93,89,39,-15,-53,-9,44,-122,-99,99,13,-82,18,-77,89,-85,-16,-54,26,-85,75,62,-63,66
1253,1,15,104,104,104,35,35,35,-67,-104,35,117,-53,-58,-116,27,19,-49,-16,-116,39,-37,-50,-61,56,-121,17,-103,-73,-116,43,31,-121,-40,-71,-109,10,89,61,57,66,-93,89,39,-15,-53,-9,44,-122,-99,99,13,-82,18,-77,89,-85,-16,-54,26,-85,75,62,-63,66
1254,1,28,28,-91,-91,-91,64,64,64,119,-104,35,117,-53,-58,-116,27,19,-49,-16,-116,39,-37,-50,-61,56,-121,17,-103,-73,-116,43,31,117,14,73,58,-58,-78,94,-125,75,42,-45,123,-12,46,92,65,80,75,31,-74,-114,113,-112,-27,71,-76,-49,-112,-36,123,-21,91
1255,1,28,28,-91,-91,-91,64,64,64,119,-104,35,117,-53,-58,-116,27,19,-49,-16,-116,39,-37,-50,-61,56,-121,17,-103,-73,-116,43,31,117,14,73,58,-58,-78,94,-125,75,42,-45,123,-12,46,92,65,80,75,31,-74,-114,113,-112,-27,71,-76,-49,-112,-36,123,-21,91
1256,1,28,28,-91,-91,-91,64,64,64,119,-104,35,117,-53,-58,-116,27,19,-49,-16,-116,39,-37,-50,-61,56,-121,17,-103,-73,-116,43,31,117,14,73,58,-58,-78,94,-125,75,42,-45,123,-12,46,92,65,80,75,31,-74,-114,113,-112,-27,71,-76,-49,-112,-36,123,-21,91
1257,1,-89,-89,-89,2,2,2,-73,-73,-21,119,-104,35,117,-53,-58,-116,27,19,-49,-16,-116,39,-37,-50,-61,56,-121,17,-103,-73,-116,43,1,3,-11,86,62,50,105,53,-86,-93,122,60,-60,-95,-13,23,-27,49,13,-76,-95,48,84,-96,-124,97,-60,127,93,93,-27,-82
1258,1,-89,-89,-89,2,2,2,-73,-73,-21,119,-104,35,117,-53,-58,-116,27,19,-49,-16,-116,39,-37,-50,-61,56,-121,17,-103,-73,-116,43,1,3,-11,86,62,50,105,53,-86,-93,122,60,-60,-95,-13,23,-27,49,13,-76,-95,48,84,-96,-124,97,-60,127,93,93,-27,-82
1259,1,-89,-89,-89,2,2,2,-73,-73,-21,119,-104,35,117,-53,-58,-116,27,19,-49,-16,-116,39,-37,-50,-61,56,-121,17,-103,-73,-116,43,1,3,-11,86,62,50,105,53,-86,-93,122,60,-60,-95,-13,23,-27,49,13,-76,-95,48,84,-96,-124,97,-60,127,93,93,-27,-82
1260,1,-118,-27,-27,-27,-62,-62,-62,-65,64,-21,119,-104,35,117,-53,-58,-116,27,19,-49,-16,-116,39,-37,-50,-61,56,-121,17,-103,-73,-116,16,41,8,-123,-78,121,-101,-48,-68,-83,75,-84,0,-87,-120,-11,115,127,-25,-123,-110,48,-25,102,-115,68,54,-72,126,85,76,18
1261,1,-118,-27,-27,-27,-62,-62,-62,-65,64,-21,119,-104,35,117,-53,-58,-116,27,19,-49,-16,-116,39,-37,-50,-61,56,-121,17,-103,-73,-116,16,41,8,-123,-78,121,-101,-48,-68,-83,75,-84,0,-87,-120,-11,115,127,-25,-123,-110,48,-25,102,-115,68,54,-72,126,85,76,18
1262,1,-118,-27,-27,-27,-62,-62,-62,-65,64,-21,119,-104,35,117,-53,-58,-116,27,19,-49,-16,-116,39,-37,-50,-61,56,-121,17,-103,-73,-116,16,41,8,-123,-78,121,-101,-48,-68,-83,75,-84,0,-87,-120,-11,115,127,-25,-123,-110,48,-25,102,-115,68,54,-72,126,85,76,18
1263,1,105,105,-50,-50,-50,89,89,89,-101,64,-21,119,-104,35,117,-53,-58,-116,27,19,-49,-16,-116,39,-37,-50,-61,56,-121,17,-103,-73,-71,3,-118,12,22,-120,-31,-74,13,43,50,99,51,-90,-41,-35,36,-116,-57,-65,113,51,-90,121,127,52,61,-34,9,-115,-124,22
1264,1,105,105,-50,-50,-50,89,89,89,-101,64,-21,119,-104,35,117,-53,-58,-116,27,19,-49,-16,-116,39,-37,-50,-61,56,-121,17,-103,-73,-71,3,-118,12,22,-120,-31,-74,13,43,50,99,51,-90,-41,-35,36,-116,-57,-65,113,51,-90,121,127,52,61,-34,9,-115,-124,22
1265,1,105,105,-50,-50,-50,89,89,89,-101,64,-21,119,-104,35,117,-53,-58,-116,27,19,-49,-16,-116,39,-37,-50,-61,56,-121,17,-103,-73,-71,3,-118,12,22,-120,-31,-74,13,43,50,99,51,-90,-41,-35,36,-116,-57,-65,113,51,-90,121,127,52,61,-34,9,-115,-124,22
1266,1,-123,-123,-123,38,38,38,-42,-42,-25,-101,64,-21,119,-104,35,117,-53,-58,-116,27,19,-49,-16,-116,39,-37,-50,-61,56,-121,17,-103,-58,-2,6,0,96,118,18,-97,-106,-112,29,7,-27,64,-122,69,-32,98,71,-91,-26,-90,-18,91,-111,-119,126,-53,-75,30,105,24
1267,1,-123,-123,-123,38,38,38,-42,-42,-25,-101,64,-21,119,-104,35,117,-53,-58,-116,27,19,-49,-16,-116,39,-37,-50,-61,56,-121,17,-103,-58,-2,6,0,96,118,18,-97,-106,-112,29,7,-27,64,-122,69,-32,98,71,-91,-26,-90,-18,91,-111,-119,126,-53,-75,30,105,24
1268,1,-123,-123,-123,38,38,38,-42,-42,-25,-101,64,-21,119,-104,35,117,-53,-58,-116,27,19,-49,-16,-116,39,-37,-50,-61,56,-121,17,-103,-58,-2,6,0,96,118,18,-97,-106,-112,29,7,-27,64,-122,69,-32,98,71,-91,-26,-90,-18,91,-111,-119,126,-53,-75,30,105,24
1269,1,-34,97,97,97,79,79,79,-36,63,-25,-101,64,-21,119,-104,35,117,-53,-58,-116,27,19,-49,-16,-116,39,-37,-50,-61,56,-121,17,-92,-80,71,118,-96,16,118,88,91,12,-107,55,-72,31,4,51,82,97,-29,-124,77,89,-23,-87,-42,-30,-78,-88,-15,11,16,28
1270,1,-34,97,97,97,79,79,79,-36,63,-25,-101,64,-21,119,-104,35,117,-53,-58,-116,27,19,-49,-16,-116,39,-37,-50,-61,56,-121,17,-92,-80,71,118,-96,16,118,88,91,12,-107,55,-72,31,4,51,82,97,-29,-124,77,89,-23,-87,-42,-30,-78,-88,-15,11,16,28
1271,1,-34,97,97,97,79,79,79,-36,63,-25,-101,64,-21,119,-104,35,117,-53,-58,-116,27,19,-49,-16,-116,39,-37,-50,-61,56,-121,17,-92,-80,71,118,-96,16,118,88,91,12,-107,55,-72,31,4,51,82,97,-29,-124,77,89,-23,-87,-42,-30,-78,-88,-15,11,16,28
1272,1,-67,-67,-62,-62,-62,23,23,23,-91,63,-25,-101,64,-21,119,-104,35,117,-53,-58,-116,27,19,-49,-16,-116,39,-37,-50,-61,56,-121,-56,-112,6,99,-37,60,-3,80,68,69,9,28,68,-91,53,34,8,103,85,15,-54,17,72,22,16,27,-52,0,-85,-77,88,-89
1273,1,-67,-67,-62,-62,-62,23,23,23,-91,63,-25,-101,64,-21,119,-104,35,117,-53,-58,-116,27,19,-49,-16,-116,39,-37,-50,-61,56,-121,-56,-112,6,99,-37,60,-3,80,68,69,9,28,68,-91,53,34,8,103,85,15,-54,17,72,22,16,27,-52,0,-85,-77,88,-89
1274,1,-67,-67,-62,-62,-62,23,23,23,-91,63,-25,-101,64,-21,119,-104,35,117,-53,-58,-116,27,19,-49,-16,-116,39,-37,-50,-61,56,-121,-56,-112,6,99,-37,60,-3,80,68,69,9,28,68,-91,53,34,8,103,85,15,-54,17,72,22,16,27,-52,0,-85,-77,88,-89
1275,1,26,26,26,-65,-65,-65,81,81,15,-91,63,-25,-101,64,-21,119,-104,35,117,-53,-58,-116,27,19,-49,-16,-116,39,-37,-50,-61,56,-17,61,-120,110,-107,37,118,-62,99,32,-20,-89,8,-65,-115,-98,0,89,-66,-43,-45,-90,118,-85,34,-45,-65,-116,-27,-12,-66,-33
1276,1,26,26,26,-65,-65,-65,81,81,15,-91,63,-25,-101,64,-21,119,-104,35,117,-53,-58,-116,27,19,-49,-16,-116,39,-37,-50,-61,56,-17,61,-120,110,-107,37,118,-62,99,32,-20,-89,8,-65,-115,-98,0,89,-66,-43,-45,-90,118,-85,34,-45,-65,-116,-27,-12,-66,-33
1277,1,26,26,26,-65,-65,-65,81,81,15,-91,63,-25,-101,64,-21,119,-104,35,117,-53,-58,-116,27,19,-49,-16,-116,39,-37,-50,-61,56,-17,61,-120,110,-107,37,118,-62,99,32,-20,-89,8,-65,-115,-98,0,89,-66,-43,-45,-90,118,-85,34,-45,-65,-116,-27,-12,-66,-33
1278,1,0,61,61,61,-94,-94,-94,42,28,15,-91,63,-25,-101,64,-21,119,-104,35,117,-53,-58,-116,27,19,-49,-16,-116,39,-37,-50,-61,0,-17,-13,31,34,47,31,-54,-21,-127,66,-125,118,70,99,17,126,1,119,57,70,62,24,-42,108,-29,-37,-66,23,-50,66,119
1279,1,0,61,61,61,-94,-94,-94,42,28,15,-91,63,-25,-101,64,-21,119,-104,35,117,-53,-58,-116,27,19,-49,-16,-116,39,-37,-50,-61,0,-17,-13,31,34,47,31,-54,-21,-127,66,-125,118,70,99,17,126,1,119,57,70,62,24,-42,108,-29,-37,-66,23,-50,66,119
1280,1,0,61,61,61,-94,-94,-94,42,28,15,-91,63,-25,-101,64,-21,119,-104,35,117,-53,-58,-116,27,19,-49,-16,-116,39,-37,-50,-61,0,-17,-13,31,34,47,31,-54,-21,-127,66,-125,118,70,99,17,126,1,119,57,70,62,24,-42,108,-29,-37,-66,23,-50,66,119
1281,1,0,0,67,67,67,-80,-80,-80,-89,28,15,-91,63,-25,-101,64,-21,119,-104,35,117,-53,-58,-116,27,19,-49,-16,-116,39,-37,-50,0,0,-17,-72,4,69,-3,12,-48,52,29,22,-90,127,-14,-10,37,23,-77,-26,-35,-83,-8,-56,-98,-105,19,-115,-103,-78,102,-92
1282,1,0,0,67,67,67,-80,-80,-80,-89,28,15,-91,63,-25,-101,64,-21,119,-104,35,117,-53,-58,-116,27,19,-49,-16,-116,39,-37,-50,0,0,-17,-72,4,69,-3,12,-48,52,29,22,-90,127,-14,-10,37,23,-77,-26,-35,-83,-8,-56,-98,-105,19,-115,-103,-78,102,-92
1283,1,0,0,67,67,67,-80,-80,-80,-89,28,15,-91,63,-25,-101,64,-21,119,-104,35,117,-53,-58,-116,27,19,-49,-16,-116,39,-37,-50,0,0,-17,-72,4,69,-3,12,-48,52,29,22,-90,127,-14,-10,37,23,-77,-26,-35,-83,-8,-56,-98,-105,19,-115,-103,-78,102,-92
1284,1,0,0,0,-82,-82,-82,-36,-36,-118,-89,28,15,-91,63,-25,-101,64,-21,119,-104,35,117,-53,-58,-116,27,19,-49,-16,-116,39,-37,0,0,0,-17,-55,-5,91,53,16,69,-5,-116,16,-122,-83,85,-85,-51,20,-20,-52,-64,-101,61,49,-91,47,-78,-123,122,86,-105
1285,1,0,0,0,-82,-82,-82,-36,-36,-118,-89,28,15,-91,63,-25,-101,64,-21,119,-104,35,117,-53,-58,-116,27,19,-49,-16,-116,39,-37,0,0,0,-17,-55,-5,91,53,16,69,-5,-116,16,-122,-83,85,-85,-51,20,-20,-52,-64,-101,61,49,-91,47,-78,-123,122,86,-105
1286,1,0,0,0,-82,-82,-82,-36,-36,-118,-89,28,15,-91,63,-25,-101,64,-21,119,-104,35,117,-53,-58,-116,27,19,-49,-16,-116,39,-37,0,0,0,-17,-55,-5,91,53,16,69,-5,-116,16,-122,-83,85,-85,-51,20,-20,-52,-64,-101,61,49,-91,47,-78,-123,122,86,-105
1287,1,0,0,0,0,-75,-75,-75,-19,105,-118,-89,28,15,-91,63,-25,-101,64,-21,119,-104,35,117,-53,-58,-116,27,19,-49,-16,-116,39,0,0,0,0,-17,89,-69,115,35,-118,9,68,97,71,23,36,41,-32,-49,-83,-87,98,40,-107,20,42,81,55,-76,120,-97,-20
1288,1,0,0,0,0,-75,-75,-75,-19,105,-118,-89,28,15,-91,63,-25,-101,64,-21,119,-104,35,117,-53,-58,-116,27,19,-49,-16,-116,39,0,0,0,0,-17,89,-69,115,35,-118,9,68,97,71,23,36,41,-32,-49,-83,-87,98,40,-107,20,42,81,55,-76,120,-97,-20
1289,1,0,0,0,0,-75,-75,-75,-19,105,-118,-89,28,15,-91,63,-25,-101,64,-21,119,-104,35,117,-53,-58,-116,27,19,-49,-16,-116,39,0,0,0,0,-17,89,-69,115,35,-118,9,68,97,71,23,36,41,-32,-49,-83,-87,98,40,-107,20,42,81,55,-76,120,-97,-20
1290,1,0,0,0,0,0,116,116,116,-123,105,-118,-89,28,15,-91,63,-25,-101,64,-21,119,-104,35,117,-53,-58,-116,27,19,-49,-16,-116,0,0,0,0,0,-17,111,38,33,31,39,-17,-57,-66,-121,-122,-6,66,101,-65,-123,91,-85,40,50,-26,-119,-121,-91,-79,-117,-41
1291,1,0,0,0,0,0,116,116,116,-123,105,-118,-89,28,15,-91,63,-25,-101,64,-21,119,-104,35,117,-53,-58,-116,27,19,-49,-16,-116,0,0,0,0,0,-17,111,38,33,31,39,-17,-57,-66,-121,-122,-6,66,101,-65,-123,91,-85,40,50,-26,-119,-121,-91,-79,-117,-41
1292,1,0,0,0,0,0,116,116,116,-123,105,-118,-89,28,15,-91,63,-25,-101,64,-21,119,-104,35,117,-53,-58,-116,27,19,-49,-16,-116,0,0,0,0,0,-17,111,38,33,31,39,-17,-57,-66,-121,-122,-6,66,101,-65,-123,91,-85,40,50,-26,-119,-121,-91,-79,-117,-41
1293,1,0,0,0,0,0,0,114,114,-34,-123,105,-118,-89,28,15,-91,63,-25,-101,64,-21,119,-104,35,117,-53,-58,-116,27,19,-49,-16,0,0,0,0,0,0,-17,102,99,-15,2,-48,14,-122,-99,-63,5,-57,122,-73,-119,-44,-19,33,78,52,12,26,36,-30,116,-59
1294,1,0,0,0,0,0,0,114,114,-34,-123,105,-118,-89,28,15,-91,63,-25,-101,64,-21,119,-104,35,117,-53,-58,-116,27,19,-49,-16,0,0,0,0,0,0,-17,102,99,-15,2,-48,14,-122,-99,-63,5,-57,122,-73,-119,-44,-19,33,78,52,12,26,36,-30,116,-59
1295,1,0,0,0,0,0,0,114,114,-34,-123,105,-118,-89,28,15,-91,63,-25,-101,64,-21,119,-104,35,117,-53,-58,-116,27,19,-49,-16,0,0,0,0,0,0,-17,102,99,-15,2,-48,14,-122,-99,-63,5,-57,122,-73,-119,-44,-19,33,78,52,12,26,36,-30,116,-59
1296,1,0,0,0,0,0,0,0,-88,-67,-34,-123,105,-118,-89,28,15,-91,63,-25,-101,64,-21,119,-104,35,117,-53,-58,-116,27,19,-49,0,0,0,0,0,0,0,-17,12,-93,-107,40,55,-104,-41,-71,67,53,-58,-14,57,-75,100,73,87,95,-36,111,-13,-7,-91,-4
1297,1,0,0,0,0,0,0,0,-88,-67,-34,-123,105,-118,-89,28,15,-91,63,-25,-101,64,-21,119,-104,35,117,-53,-58,-116,27,19,-49,0,0,0,0,0,0,0,-17,12,-93,-107,40,55,-104,-41,-71,67,53,-58,-14,57,-75,100,73,87,95,-36,111,-13,-7,-91,-4
1298,1,0,0,0,0,0,0,0,-88,-67,-34,-123,105,-118,-89,28,15,-91,63,-25,-101,64,-21,119,-104,35,117,-53,-58,-116,27,19,-49,0,0,0,0,0,0,0,-17,12,-93,-107,40,55,-104,-41,-71,67,53,-58,-14,57,-75,100,73,87,95,-36,111,-13,-7,-91,-4
1299,1,0,0,0,0,0,0,0,0,26,-67,-34,-123,105,-118,-89,28,15,-91,63,-25,-101,64,-21,119,-104,35,117,-53,-58,-116,27,19,0,0,0,0,0,0,0,0,-17,-90,21,-114,104,-38,73,11,98,-67,-40,-46,-120,18,74,-46,6,-82,-66,-5,27,-78,-77,6
1300,1,0,0,0,0,0,0,0,0,26,-67,-34,-123,105,-118,-89,28,15,-91,63,-25,-101,64,-21,119,-104,35,117,-53,-58,-116,27,19,0,0,0,0,0,0,0,0,-17,-90,21,-114,104,-38,73,11,98,-67,-40,-46,-120,18,74,-46,6,-82,-66,-5,27,-78,-77,6
1301,1,0,0,0,0,0,0,0,0,26,-67,-34,-123,105,-118,-89,28,15,-91,63,-25,-101,64,-21,119,-104,35,117,-53,-58,-116,27,19,0,0,0,0,0,0,0,0,-17,-90,21,-114,104,-38,73,11,98,-67,-40,-46,-120,18,74,-46,6,-82,-66,-5,27,-78,-77,6
1302,1,0,0,0,0,0,0,0,0,0,26,-67,-34,-123,105,-118,-89,28,15,-91,63,-25,-101,64,-21,119,-104,35,117,-53,-58,-116,27,0,0,0,0,0,0,0,0,0,-17,-48,-70,-106,-19,-25,-107,37,55,82,112,-75,-90,71,-108,-65,70,-25,-61,-1,-17,-48,86
1303,1,0,0,0,0,0,0,0,0,0,26,-67,-34,-123,105,-118,-89,28,15,-91,63,-25,-101,64,-21,119,-104,35,117,-53,-58,-116,27,0,0,0,0,0,0,0,0,0,-17,-48,-70,-106,-19,-25,-107,37,55,82,112,-75,-90,71,-108,-65,70,-25,-61,-1,-17,-48,86
1304,1,0,0,0,0,0,0,0,0,0,26,-67,-34,-123,105,-118,-89,28,15,-91,63,-25,-101,64,-21,119,-104,35,117,-53,-58,-116,27,0,0,0,0,0,0,0,0,0,-17,-48,-70,-106,-19,-25,-107,37,55,82,112,-75,-90,71,-108,-65,70,-25,-61,-1,-17,-48,86
1305,1,0,0,0,0,0,0,0,0,0,0,26,-67,-34,-123,105,-118,-89,28,15,-91,63,-25,-101,64,-21,119,-104,35,117,-53,-58,-116,0,0,0,0,0,0,0,0,0,0,-17,-57,80,-2,3,-75,50,-79,16,21,-78,-114,-73,-59,-103,-24,20,-96,-40,-92,-21,58
1306,1,0,0,0,0,0,0,0,0,0,0,26,-67,-34,-123,105,-118,-89,28,15,-91,63,-25,-101,64,-21,119,-104,35,117,-53,-58,-116,0,0,0,0,0,0,0,0,0,0,-17,-57,80,-2,3,-75,50,-79,16,21,-78,-114,-73,-59,-103,-24,20,-96,-40,-92,-21,58
1307,1,0,0,0,0,0,0,0,0,0,0,26,-67,-34,-123,105,-118,-89,28,15,-91,63,-25,-101,64,-21,119,-104,35,117,-53,-58,-116,0,0,0,0,0,0,0,0,0,0,-17,-57,80,-2,3,-75,50,-79,16,21,-78,-114,-73,-59,-103,-24,20,-96,-40,-92,-21,58
1308,1,0,0,0,0,0,0,0,0,0,0,0,26,-67,-34,-123,105,-118,-89,28,15,-91,63,-25,-101,64,-21,119,-104,35,117,-53,-58,0,0,0,0,0,0,0,0,0,0,0,-17,-39,-3,-40,-5,119,69,40,93,77,4,-91,-13,-1,67,16,-104,106,-10,-94,110
1309,1,0,0,0,0,0,0,0,0,0,0,0,26,-67,-34,-123,105,-118,-89,28,15,-91,63,-25,-101,64,-21,119,-104,35,117,-53,-58,0,0,0,0,0,0,0,0,0,0,0,-17,-39,-3,-40,-5,119,69,40,93,77,4,-91,-13,-1,67,16,-104,106,-10,-94,110
1310,1,0,0,0,0,0,0,0,0,0,0,0,26,-67,-34,-123,105,-118,-89,28,15,-91,63,-25,-101,64,-21,119,-104,35,117,-53,-58,0,0,0,0,0,0,0,0,0,0,0,-17,-39,-3,-40,-5,119,69,40,93,77,4,-91,-13,-1,67,16,-104,106,-10,-94,110
1311,1,0,0,0,0,0,0,0,0,0,0,0,0,26,-67,-34,-123,105,-118,-89,28,15,-91,63,-25,-101,64,-21,119,-104,35,117,-53,0,0,0,0,0,0,0,0,0,0,0,0,-17,52,45,38,-123,-59,49,-125,-17,-43,-5,115,46,85,35,-106,-115,-14,-75,-9
1312,1,0,0,0,0,0,0,0,0,0,0,0,0,26,-67,-34,-123,105,-118,-89,28,15,-91,63,-25,-101,64,-21,119,-104,35,117,-53,0,0,0,0,0,0,0,0,0,0,0,0,-17,52,45,38,-123,-59,49,-125,-17,-43,-5,115,46,85,35,-106,-115,-14,-75,-9
1313,1,0,0,0,0,0,0,0,0,0,0,0,0,26,-67,-34,-123,105,-118,-89,28,15,-91,63,-25,-101,64,-21,119,-104,35,117,-53,0,0,0,0,0,0,0,0,0,0,0,0,-17,52,45,38,-123,-59,49,-125,-17,-43,-5,115,46,85,35,-106,-115,-14,-75,-9
1314,1,0,0,0,0,0,0,0,0,0,0,0,0,0,26,-67,-34,-123,105,-118,-89,28,15,-91,63,-25,-101,64,-21,119,-104,35,117,0,0,0,0,0,0,0,0,0,0,0,0,0,-17,37,51,-104,126,-95,91,-72,73,-44,7,62,25,-126,-40,116,83,-75,63
1315,1,0,0,0,0,0,0,0,0,0,0,0,0,0,26,-67,-34,-123,105,-118,-89,28,15,-91,63,-25,-101,64,-21,119,-104,35,117,0,0,0,0,0,0,0,0,0,0,0,0,0,-17,37,51,-104,126,-95,91,-72,73,-44,7,62,25,-126,-40,116,83,-75,63
1316,1,0,0,0,0,0,0,0,0,0,0,0,0,0,26,-67,-34,-123,105,-118,-89,28,15,-91,63,-25,-101,64,-21,119,-104,35,117,0,0,0,0,0,0,0,0,0,0,0,0,0,-17,37,51,-104,126,-95,91,-72,73,-44,7,62,25,-126,-40,116,83,-75,63
1317,1,0,0,0,0,0,0,0,0,0,0,0,0,0,0,26,-67,-34,-123,105,-118,-89,28,15,-91,63,-25,-101,64,-21,119,-104,35,0,0,0,0,0,0,0,0,0,0,0,0,0,0,-17,-89,-123,89,-105,-103,-75,-125,-67,76,-121,-97,-5,-85,77,97,117,-88
1318,1,0,0,0,0,0,0,0,0,0,0,0,0,0,0,26,-67,-34,-123,105,-118,-89,28,15,-91,63,-25,-101,64,-21,119,-104,35,0,0,0,0,0,0,0,0,0,0,0,0,0,0,-17,-89,-123,89,-105,-103,-75,-125,-67,76,-121,-97,-5,-85,77,97,117,-88
1319,1,0,0,0,0,0,0,0,0,0,0,0,0,0,0,26,-67,-34,-123,105,-118,-89,28,15,-91,63,-25,-101,64,-21,119,-104,35,0,0,0,0,0,0,0,0,0,0,0,0,0,0,-17,-89,-123,89,-105,-103,-75,-125,-67,76,-121,-97,-5,-85,77,97,117,-88
1320,1,0,0,0,0,0,0,0,0,0,0,0,0,0,0,0,26,-67,-34,-123,105,-118,-89,28,15,-91,63,-25,-101,64,-21,119,-104,0,0,0,0,0,0,0,0,0,0,0,0,0,0,0,-17,-14,18,-126,4,14,45,-60,55,-96,55,-106,-69,37,-13,-15,-70
1321,1,0,0,0,0,0,0,0,0,0,0,0,0,0,0,0,26,-67,-34,-123,105,-118,-89,28,15,-91,63,-25,-101,64,-21,119,-104,0,0,0,0,0,0,0,0,0,0,0,0,0,0,0,-17,-14,18,-126,4,14,45,-60,55,-96,55,-106,-69,37,-13,-15,-70
1322,1,0,0,0,0,0,0,0,0,0,0,0,0,0,0,0,26,-67,-34,-123,105,-118,-89,28,15,-91,63,-25,-101,64,-21,119,-104,0,0,0,0,0,0,0,0,0,0,0,0,0,0,0,-17,-14,18,-126,4,14,45,-60,55,-96,55,-106,-69,37,-13,-15,-70
1323,1,0,0,0,0,0,0,0,0,0,0,0,0,0,0,0,0,26,-67,-34,-123,105,-118,-89,28,15,-91,63,-25,-101,64,-21,119,0,0,0,0,0,0,0,0,0,0,0,0,0,0,0,0,-17,34,-95,-102,-126,-15,20,106,-110,-97,83,111,36,-2,-41,-94
1324,1,0,0,0,0,0,0,0,0,0,0,0,0,0,0,0,0,26,-67,-34,-123,105,-118,-89,28,15,-91,63,-25,-101,64,-21,119,0,0,0,0,0,0,0,0,0,0,0,0,0,0,0,0,-17,34,-95,-102,-126,-15,20,106,-110,-97,83,111,36,-2,-41,-94
1325,1,0,0,0,0,0,0,0,0,0,0,0,0,0,0,0,0,26,-67,-34,-123,105,-118,-89,28,15,-91,63,-25,-101,64,-21,119,0,0,0,0,0,0,0,0,0,0,0,0,0,0,0,0,-17,34,-95,-102,-126,-15,20,106,-110,-97,83,111,36,-2,-41,-94
1326,1,0,0,0,0,0,0,0,0,0,0,0,0,0,0,0,0,0,26,-67,-34,-123,105,-118,-89,28,15,-91,63,-25,-101,64,-21,0,0,0,0,0,0,0,0,0,0,0,0,0,0,0,0,0,-17,-23,124,123,114,89,105,103,-15,87,-78,0,-106,22,-23
1327,1,0,0,0,0,0,0,0,0,0,0,0,0,0,0,0,0,0,26,-67,-34,-123,105,-118,-89,28,15,-91,63,-25,-101,64,-21,0,0,0,0,0,0,0,0,0,0,0,0,0,0,0,0,0,-17,-23,124,123,114,89,105,103,-15,87,-78,0,-106,22,-23
1328,1,0,0,0,0,0,0,0,0,0,0,0,0,0,0,0,0,0,26,-67,-34,-123,105,-118,-89,28,15,-91,63,-25,-101,64,-21,0,0,0,0,0,0,0,0,0,0,0,0,0,0,0,0,0,-17,-23,124,123,114,89,105,103,-15,87,-78,0,-106,22,-23
1329,1,0,0,0,0,0,0,0,0,0,0,0,0,0,0,0,0,0,0,26,-67,-34,-123,105,-118,-89,28,15,-91,63,-25,-101,64,0,0,0,0,0,0,0,0,0,0,0,0,0,0,0,0,0,0,-17,-53,-112,-9,-74,35,27,8,76,43,-94,55,-62,-99
1330,1,0,0,0,0,0,0,0,0,0,0,0,0,0,0,0,0,0,0,26,-67,-34,-123,105,-118,-89,28,15,-91,63,-25,-101,64,0,0,0,0,0,0,0,0,0,0,0,0,0,0,0,0,0,0,-17,-53,-112,-9,-74,35,27,8,76,43,-94,55,-62,-99
1331,1,0,0,0,0,0,0,0,0,0,0,0,0,0,0,0,0,0,0,26,-67,-34,-123,105,-118,-89,28,15,-91,63,-25,-101,64,0,0,0,0,0,0,0,0,0,0,0,0,0,0,0,0,0,0,-17,-53,-112,-9,-74,35,27,8,76,43,-94,55,-62,-99
1332,1,0,0,0,0,0,0,0,0,0,0,0,0,0,0,0,0,0,0,0,26,-67,-34,-123,105,-118,-89,28,15,-91,63,-25,-101,0,0,0,0,0,0,0,0,0,0,0,0,0,0,0,0,0,0,0,-17,-55,71,28,-37,26,-36,-92,9,-79,-9,-122,-51
1333,1,0,0,0,0,0,0,0,0,0,0,0,0,0,0,0,0,0,0,0,26,-67,-34,-123,105,-118,-89,28,15,-91,63,-25,-101,0,0,0,0,0,0,0,0,0,0,0,0,0,0,0,0,0,0,0,-17,-55,71,28,-37,26,-36,-92,9,-79,-9,-122,-51
1334,1,0,0,0,0,0,0,0,0,0,0,0,0,0,0,0,0,0,0,0,26,-67,-34,-123,105,-118,-89,28,15,-91,63,-25,-101,0,0,0,0,0,0,0,0,0,0,0,0,0,0,0,0,0,0,0,-17,-55,71,28,-37,26,-36,-92,9,-79,-9,-122,-51
1335,1,0,0,0,0,0,0,0,0,0,0,0,0,0,0,0,0,0,0,0,0,26,-67,-34,-123,105,-118,-89,28,15,-91,63,-25,0,0,0,0,0,0,0,0,0,0,0,0,0,0,0,0,0,0,0,0,-17,93,-30,-124,-104,-15,-92,112,-16,8,-124,14
1336,1,0,0,0,0,0,0,0,0,0,0,0,0,0,0,0,0,0,0,0,0,26,-67,-34,-123,105,-118,-89,28,15,-91,63,-25,0,0,0,0,0,0,0,0,0,0,0,0,0,0,0,0,0,0,0,0,-17,93,-30,-124,-104,-15,-92,112,-16,8,-124,14
1337,1,0,0,0,0,0,0,0,0,0,0,0,0,0,0,0,0,0,0,0,0,26,-67,-34,-123,105,-118,-89,28,15,-91,63,-25,0,0,0,0,0,0,0,0,0,0,0,0,0,0,0,0,0,0,0,0,-17,93,-30,-124,-104,-15,-92,112,-16,8,-124,14
1338,1,0,0,0,0,0,0,0,0,0,0,0,0,0,0,0,0,0,0,0,0,0,26,-67,-34,-123,105,-118,-89,28,15,-91,63,0,0,0,0,0,0,0,0,0,0,0,0,0,0,0,0,0,0,0,0,0,-17,43,72,23,50,-46,12,-62,72,-31,81
1339,1,0,0,0,0,0,0,0,0,0,0,0,0,0,0,0,0,0,0,0,0,0,26,-67,-34,-123,105,-118,-89,28,15,-91,63,0,0,0,0,0,0,0,0,0,0,0,0,0,0,0,0,0,0,0,0,0,-17,43,72,23,50,-46,12,-62,72,-31,81
1340,1,0,0,0,0,0,0,0,0,0,0,0,0,0,0,0,0,0,0,0,0,0,26,-67,-34,-123,105,-118,-89,28,15,-91,63,0,0,0,0,0,0,0,0,0,0,0,0,0,0,0,0,0,0,0,0,0,-17,43,72,23,50,-46,12,-62,72,-31,81
1341,1,0,0,0,0,0,0,0,0,0,0,0,0,0,0,0,0,0,0,0,0,0,0,26,-67,-34,-123,105,-118,-89,28,15,-91,0,0,0,0,0,0,0,0,0,0,0,0,0,0,0,0,0,0,0,0,0,0,-17,84,-44,-113,57,61,-95,-60,-65,124
1342,1,0,0,0,0,0,0,0,0,0,0,0,0,0,0,0,0,0,0,0,0,0,0,26,-67,-34,-123,105,-118,-89,28,15,-91,0,0,0,0,0,0,0,0,0,0,0,0,0,0,0,0,0,0,0,0,0,0,-17,84,-44,-113,57,61,-95,-60,-65,124
1343,1,0,0,0,0,0,0,0,0,0,0,0,0,0,0,0,0,0,0,0,0,0,0,26,-67,-34,-123,105,-118,-89,28,15,-91,0,0,0,0,0,0,0,0,0,0,0,0,0,0,0,0,0,0,0,0,0,0,-17,84,-44,-113,57,61,-95,-60,-65,124
1344,1,0,0,0,0,0,0,0,0,0,0,0,0,0,0,0,0,0,0,0,0,0,0,0,26,-67,-34,-123,105,-118,-89,28,15,0,0,0,0,0,0,0,0,0,0,0,0,0,0,0,0,0,0,0,0,0,0,0,-17,-122,-56,-35,-62,48,2,5,-117
1345,1,0,0,0,0,0,0,0,0,0,0,0,0,0,0,0,0,0,0,0,0,0,0,0,26,-67,-34,-123,105,-118,-89,28,15,0,0,0,0,0,0,0,0,0,0,0,0,0,0,0,0,0,0,0,0,0,0,0,-17,-122,-56,-35,-62,48,2,5,-117
1346,1,0,0,0,0,0,0,0,0,0,0,0,0,0,0,0,0,0,0,0,0,0,0,0,26,-67,-34,-123,105,-118,-89,28,15,0,0,0,0,0,0,0,0,0,0,0,0,0,0,0,0,0,0,0,0,0,0,0,-17,-122,-56,-35,-62,48,2,5,-117
1347,1,0,0,0,0,0,0,0,0,0,0,0,0,0,0,0,0,0,0,0,0,0,0,0,0,26,-67,-34,-123,105,-118,-89,28,0,0,0,0,0,0,0,0,0,0,0,0,0,0,0,0,0,0,0,0,0,0,0,0,-17,-79,-91,49,-121,51,87,12
1348,1,0,0,0,0,0,0,0,0,0,0,0,0,0,0,0,0,0,0,0,0,0,0,0,0,26,-67,-34,-123,105,-118,-89,28,0,0,0,0,0,0,0,0,0,0,0,0,0,0,0,0,0,0,0,0,0,0,0,0,-17,-79,-91,49,-121,51,87,12
1349,1,0,0,0,0,0,0,0,0,0,0,0,0,0,0,0,0,0,0,0,0,0,0,0,0,26,-67,-34,-123,105,-118,-89,28,0,0,0,0,0,0,0,0,0,0,0,0,0,0,0,0,0,0,0,0,0,0,0,0,-17,-79,-91,49,-121,51,87,12
1350,1,0,0,0,0,0,0,0,0,0,0,0,0,0,0,0,0,0,0,0,0,0,0,0,0,0,26,-67,-34,-123,105,-118,-89,0,0,0,0,0,0,0,0,0,0,0,0,0,0,0,0,0,0,0,0,0,0,0,0,0,-17,-17,-63,77,18,-62,-2
1351,1,0,0,0,0,0,0,0,0,0,0,0,0,0,0,0,0,0,0,0,0,0,0,0,0,0,26,-67,-34,-123,105,-118,-89,0,0,0,0,0,0,0,0,0,0,0,0,0,0,0,0,0,0,0,0,0,0,0,0,0,-17,-17,-63,77,18,-62,-2
1352,1,0,0,0,0,0,0,0,0,0,0,0,0,0,0,0,0,0,0,0,0,0,0,0,0,0,26,-67,-34,-123,105,-118,-89,0,0,0,0,0,0,0,0,0,0,0,0,0,0,0,0,0,0,0,0,0,0,0,0,0,-17,-17,-63,77,18,-62,-2
1353,1,0,0,0,0,0,0,0,0,0,0,0,0,0,0,0,0,0,0,0,0,0,0,0,0,0,0,26,-67,-34,-123,105,-118,0,0,0,0,0,0,0,0,0,0,0,0,0,0,0,0,0,0,0,0,0,0,0,0,0,0,-17,110,-20,57,-114,102
1354,1,0,0,0,0,0,0,0,0,0,0,0,0,0,0,0,0,0,0,0,0,0,0,0,0,0,0,26,-67,-34,-123,105,-118,0,0,0,0,0,0,0,0,0,0,0,0,0,0,0,0,0,0,0,0,0,0,0,0,0,0,-17,110,-20,57,-114,102
1355,1,0,0,0,0,0,0,0,0,0,0,0,0,0,0,0,0,0,0,0,0,0,0,0,0,0,0,26,-67,-34,-123,105,-118,0,0,0,0,0,0,0,0,0,0,0,0,0,0,0,0,0,0,0,0,0,0,0,0,0,0,-17,110,-20,57,-114,102
1356,1,0,0,0,0,0,0,0,0,0,0,0,0,0,0,0,0,0,0,0,0,0,0,0,0,0,0,0,26,-67,-34,-123,105,0,0,0,0,0,0,0,0,0,0,0,0,0,0,0,0,0,0,0,0,0,0,0,0,0,0,0,-17,8,-30,56,31
1357,1,0,0,0,0,0,0,0,0,0,0,0,0,0,0,0,0,0,0,0,0,0,0,0,0,0,0,0,26,-67,-34,-123,105,0,0,0,0,0,0,0,0,0,0,0,0,0,0,0,0,0,0,0,0,0,0,0,0,0,0,0,-17,8,-30,56,31
1358,1,0,0,0,0,0,0,0,0,0,0,0,0,0,0,0,0,0,0,0,0,0,0,0,0,0,0,0,26,-67,-34,-123,105,0,0,0,0,0,0,0,0,0,0,0,0,0,0,0,0,0,0,0,0,0,0,0,0,0,0,0,-17,8,-30,56,31
1359,1,0,0,0,0,0,0,0,0,0,0,0,0,0,0,0,0,0,0,0,0,0,0,0,0,0,0,0,0,26,-67,-34,-123,0,0,0,0,0,0,0,0,0,0,0,0,0,0,0,0,0,0,0,0,0,0,0,0,0,0,0,0,-17,3,65,123
1360,1,0,0,0,0,0,0,0,0,0,0,0,0,0,0,0,0,0,0,0,0,0,0,0,0,0,0,0,0,26,-67,-34,-123,0,0,0,0,0,0,0,0,0,0,0,0,0,0,0,0,0,0,0,0,0,0,0,0,0,0,0,0,-17,3,65,123
1361,1,0,0,0,0,0,0,0,0,0,0,0,0,0,0,0,0,0,0,0,0,0,0,0,0,0,0,0,0,26,-67,-34,-123,0,0,0,0,0,0,0,0,0,0,0,0,0,0,0,0,0,0,0,0,0,0,0,0,0,0,0,0,-17,3,65,123
1362,1,0,0,0,0,0,0,0,0,0,0,0,0,0,0,0,0,0,0,0,0,0,0,0,0,0,0,0,0,0,26,-67,-34,0,0,0,0,0,0,0,0,0,0,0,0,0,0,0,0,0,0,0,0,0,0,0,0,0,0,0,0,0,-17,-123,-119
1363,1,0,0,0,0,0,0,0,0,0,0,0,0,0,0,0,0,0,0,0,0,0,0,0,0,0,0,0,0,0,26,-67,-34,0,0,0,0,0,0,0,0,0,0,0,0,0,0,0,0,0,0,0,0,0,0,0,0,0,0,0,0,0,-17,-123,-119
1364,1,0,0,0,0,0,0,0,0,0,0,0,0,0,0,0,0,0,0,0,0,0,0,0,0,0,0,0,0,0,26,-67,-34,0,0,0,0,0,0,0,0,0,0,0,0,0,0,0,0,0,0,0,0,0,0,0,0,0,0,0,0,0,-17,-123,-119
1365,1,0,0,0,0,0,0,0,0,0,0,0,0,0,0,0,0,0,0,0,0,0,0,0,0,0,0,0,0,0,0,26,-67,0,0,0,0,0,0,0,0,0,0,0,0,0,0,0,0,0,0,0,0,0,0,0,0,0,0,0,0,0,0,-17,-31
1366,1,0,0,0,0,0,0,0,0,0,0,0,0,0,0,0,0,0,0,0,0,0,0,0,0,0,0,0,0,0,0,26,-67,0,0,0,0,0,0,0,0,0,0,0,0,0,0,0,0,0,0,0,0,0,0,0,0,0,0,0,0,0,0,-17,-31
1367,1,0,0,0,0,0,0,0,0,0,0,0,0,0,0,0,0,0,0,0,0,0,0,0,0,0,0,0,0,0,0,26,-67,0,0,0,0,0,0,0,0,0,0,0,0,0,0,0,0,0,0,0,0,0,0,0,0,0,0,0,0,0,0,-17,-31
1368,1,0,0,0,0,0,0,0,0,0,0,0,0,0,0,0,0,0,0,0,0,0,0,0,0,0,0,0,0,0,0,0,26,0,0,0,0,0,0,0,0,0,0,0,0,0,0,0,0,0,0,0,0,0,0,0,0,0,0,0,0,0,0,0,-17
1369,1,0,0,0,0,0,0,0,0,0,0,0,0,0,0,0,0,0,0,0,0,0,0,0,0,0,0,0,0,0,0,0,26,0,0,0,0,0,0,0,0,0,0,0,0,0,0,0,0,0,0,0,0,0,0,0,0,0,0,0,0,0,0,0,-17
1370,1,0,0,0,0,0,0,0,0,0,0,0,0,0,0,0,0,0,0,0,0,0,0,0,0,0,0,0,0,0,0,0,26,0,0,0,0,0,0,0,0,0,0,0,0,0,0,0,0,0,0,0,0,0,0,0,0,0,0,0,0,0,0,0,-17
1371,1,0,0,0,0,0,0,0,0,0,0,0,0,0,0,0,0,0,0,0,0,0,0,0,0,0,0,0,0,0,0,0,0,0,0,0,0,0,0,0,0,0,0,0,0,0,0,0,0,0,0,0,0,0,0,0,0,0,0,0,0,0,0,0,0
1372,1,0,0,0,0,0,0,0,0,0,0,0,0,0,0,0,0,0,0,0,0,0,0,0,0,0,0,0,0,0,0,0,0,0,0,0,0,0,0,0,0,0,0,0,0,0,0,0,0,0,0,0,0,0,0,0,0,0,0,0,0,0,0,0,0
1373,1,0,0,0,0,0,0,0,0,0,0,0,0,0,0,0,0,0,0,0,0,0,0,0,0,0,0,0,0,0,0,0,0,0,0,0,0,0,0,0,0,0,0,0,0,0,0,0,0,0,0,0,0,0,0,0,0,0,0,0,0,0,0,0,0
1374,1,0,0,0,0,0,0,0,0,0,0,0,0,0,0,0,0,0,0,0,0,0,0,0,0,0,0,0,0,0,0,0,0,0,0,0,0,0,0,0,0,0,0,0,0,0,0,0,0,0,0,0,0,0,0,0,0,0,0,0,0,0,0,0,0
1375,1,0,0,0,0,0,0,0,0,0,0,0,0,0,0,0,0,0,0,0,0,0,0,0,0,0,0,0,0,0,0,0,0,0,0,0,0,0,0,0,0,0,0,0,0,0,0,0,0,0,0,0,0,0,0,0,0,0,0,0,0,0,0,0,0
1376,1,0,0,0,0,0,0,0,0,0,0,0,0,0,0,0,0,0,0,0,0,0,0,0,0,0,0,0,0,0,0,0,0,0,0,0,0,0,0,0,0,0,0,0,0,0,0,0,0,0,0,0,0,0,0,0,0,0,0,0,0,0,0,0,0
1377,1,0,0,0,0,0,0,0,0,0,0,0,0,0,0,0,0,0,0,0,0,0,0,0,0,0,0,0,0,0,0,0,0,0,0,0,0,0,0,0,0,0,0,0,0,0,0,0,0,0,0,0,0,0,0,0,0,0,0,0,0,0,0,0,0
1378,1,0,0,0,0,0,0,0,0,0,0,0,0,0,0,0,0,0,0,0,0,0,0,0,0,0,0,0,0,0,0,0,0,0,0,0,0,0,0,0,0,0,0,0,0,0,0,0,0,0,0,0,0,0,0,0,0,0,0,0,0,0,0,0,0
1379,1,0,0,0,0,0,0,0,0,0,0,0,0,0,0,0,0,0,0,0,0,0,0,0,0,0,0,0,0,0,0,0,0,0,0,0,0,0,0,0,0,0,0,0,0,0,0,0,0,0,0,0,0,0,0,0,0,0,0,0,0,0,0,0,0
1380,1,0,0,0,0,0,0,0,0,0,0,0,0,0,0,0,0,0,0,0,0,0,0,0,0,0,0,0,0,0,0,0,0,0,0,0,0,0,0,0,0,0,0,0,0,0,0,0,0,0,0,0,0,0,0,0,0,0,0,0,0,0,0,0,0
1381,1,0,0,0,0,0,0,0,0,0,0,0,0,0,0,0,0,0,0,0,0,0,0,0,0,0,0,0,0,0,0,0,0,0,0,0,0,0,0,0,0,0,0,0,0,0,0,0,0,0,0,0,0,0,0,0,0,0,0,0,0,0,0,0,0
1382,1,0,0,0,0,0,0,0,0,0,0,0,0,0,0,0,0,0,0,0,0,0,0,0,0,0,0,0,0,0,0,0,0,0,0,0,0,0,0,0,0,0,0,0,0,0,0,0,0,0,0,0,0,0,0,0,0,0,0,0,0,0,0,0,0
1383,1,0,0,0,0,0,0,0,0,0,0,0,0,0,0,0,0,0,0,0,0,0,0,0,0,0,0,0,0,0,0,0,0,0,0,0,0,0,0,0,0,0,0,0,0,0,0,0,0,0,0,0,0,0,0,0,0,0,0,0,0,0,0,0,0
1384,1,0,0,0,0,0,0,0,0,0,0,0,0,0,0,0,0,0,0,0,0,0,0,0,0,0,0,0,0,0,0,0,0,0,0,0,0,0,0,0,0,0,0,0,0,0,0,0,0,0,0,0,0,0,0,0,0,0,0,0,0,0,0,0,0
1385,1,0,0,0,0,0,0,0,0,0,0,0,0,0,0,0,0,0,0,0,0,0,0,0,0,0,0,0,0,0,0,0,0,0,0,0,0,0,0,0,0,0,0,0,0,0,0,0,0,0,0,0,0,0,0,0,0,0,0,0,0,0,0,0,0
1386,1,0,0,0,0,0,0,0,0,0,0,0,0,0,0,0,0,0,0,0,0,0,0,0,0,0,0,0,0,0,0,0,0,0,0,0,0,0,0,0,0,0,0,0,0,0,0,0,0,0,0,0,0,0,0,0,0,0,0,0,0,0,0,0,0
1387,1,0,0,0,0,0,0,0,0,0,0,0,0,0,0,0,0,0,0,0,0,0,0,0,0,0,0,0,0,0,0,0,0,0,0,0,0,0,0,0,0,0,0,0,0,0,0,0,0,0,0,0,0,0,0,0,0,0,0,0,0,0,0,0,0
1388,1,0,0,0,0,0,0,0,0,0,0,0,0,0,0,0,0,0,0,0,0,0,0,0,0,0,0,0,0,0,0,0,0,0,0,0,0,0,0,0,0,0,0,0,0,0,0,0,0,0,0,0,0,0,0,0,0,0,0,0,0,0,0,0,0
1389,1,0,0,0,0,0,0,0,0,0,0,0,0,0,0,0,0,0,0,0,0,0,0,0,0,0,0,0,0,0,0,0,0,0,0,0,0,0,0,0,0,0,0,0,0,0,0,0,0,0,0,0,0,0,0,0,0,0,0,0,0,0,0,0,0
1390,1,0,0,0,0,0,0,0,0,0,0,0,0,0,0,0,0,0,0,0,0,0,0,0,0,0,0,0,0,0,0,0,0,0,0,0,0,0,0,0,0,0,0,0,0,0,0,0,0,0,0,0,0,0,0,0,0,0,0,0,0,0,0,0,0
1391,1,0,0,0,0,0,0,0,0,0,0,0,0,0,0,0,0,0,0,0,0,0,0,0,0,0,0,0,0,0,0,0,0,0,0,0,0,0,0,0,0,0,0,0,0,0,0,0,0,0,0,0,0,0,0,0,0,0,0,0,0,0,0,0,0
1392,1,0,0,0,0,0,0,0,0,0,0,0,0,0,0,0,0,0,0,0,0,0,0,0,0,0,0,0,0,0,0,0,0,0,0,0,0,0,0,0,0,0,0,0,0,0,0,0,0,0,0,0,0,0,0,0,0,0,0,0,0,0,0,0,0
1393,1,0,0,0,0,0,0,0,0,0,0,0,0,0,0,0,0,0,0,0,0,0,0,0,0,0,0,0,0,0,0,0,0,0,0,0,0,0,0,0,0,0,0,0,0,0,0,0,0,0,0,0,0,0,0,0,0,0,0,0,0,0,0,0,0
1394,1,0,0,0,0,0,0,0,0,0,0,0,0,0,0,0,0,0,0,0,0,0,0,0,0,0,0,0,0,0,0,0,0,0,0,0,0,0,0,0,0,0,0,0,0,0,0,0,0,0,0,0,0,0,0,0,0,0,0,0,0,0,0,0,0
1395,1,0,0,0,0,0,0,0,0,0,0,0,0,0,0,0,0,0,0,0,0,0,0,0,0,0,0,0,0,0,0,0,0,0,0,0,0,0,0,0,0,0,0,0,0,0,0,0,0,0,0,0,0,0,0,0,0,0,0,0,0,0,0,0,0
1396,1,0,0,0,0,0,0,0,0,0,0,0,0,0,0,0,0,0,0,0,0,0,0,0,0,0,0,0,0,0,0,0,0,0,0,0,0,0,0,0,0,0,0,0,0,0,0,0,0,0,0,0,0,0,0,0,0,0,0,0,0,0,0,0,0
1397,1,0,0,0,0,0,0,0,0,0,0,0,0,0,0,0,0,0,0,0,0,0,0,0,0,0,0,0,0,0,0,0,0,0,0,0,0,0,0,0,0,0,0,0,0,0,0,0,0,0,0,0,0,0,0,0,0,0,0,0,0,0,0,0,0
1398,1,0,0,0,0,0,0,0,0,0,0,0,0,0,0,0,0,0,0,0,0,0,0,0,0,0,0,0,0,0,0,0,0,0,0,0,0,0,0,0,0,0,0,0,0,0,0,0,0,0,0,0,0,0,0,0,0,0,0,0,0,0,0,0,0
1399,1,0,0,0,0,0,0,0,0,0,0,0,0,0,0,0,0,0,0,0,0,0,0,0,0,0,0,0,0,0,0,0,0,0,0,0,0,0,0,0,0,0,0,0,0,0,0,0,0,0,0,0,0,0,0,0,0,0,0,0,0,0,0,0,0
1400,1,0,0,0,0,0,0,0,0,0,0,0,0,0,0,0,0,0,0,0,0,0,0,0,0,0,0,0,0,0,0,0,0,0,0,0,0,0,0,0,0,0,0,0,0,0,0,0,0,0,0,0,0,0,0,0,0,0,0,0,0,0,0,0,0
1401,1,0,0,0,0,0,0,0,0,0,0,0,0,0,0,0,0,0,0,0,0,0,0,0,0,0,0,0,0,0,0,0,0,0,0,0,0,0,0,0,0,0,0,0,0,0,0,0,0,0,0,0,0,0,0,0,0,0,0,0,0,0,0,0,0
1402,1,0,0,0,0,0,0,0,0,0,0,0,0,0,0,0,0,0,0,0,0,0,0,0,0,0,0,0,0,0,0,0,0,0,0,0,0,0,0,0,0,0,0,0,0,0,0,0,0,0,0,0,0,0,0,0,0,0,0,0,0,0,0,0,0
1403,1,0,0,0,0,0,0,0,0,0,0,0,0,0,0,0,0,0,0,0,0,0,0,0,0,0,0,0,0,0,0,0,0,0,0,0,0,0,0,0,0,0,0,0,0,0,0,0,0,0,0,0,0,0,0,0,0,0,0,0,0,0,0,0,0
1404,1,0,0,0,0,0,0,0,0,0,0,0,0,0,0,0,0,0,0,0,0,0,0,0,0,0,0,0,0,0,0,0,0,0,0,0,0,0,0,0,0,0,0,0,0,0,0,0,0,0,0,0,0,0,0,0,0,0,0,0,0,0,0,0,0
1405,1,0,0,0,0,0,0,0,0,0,0,0,0,0,0,0,0,0,0,0,0,0,0,0,0,0,0,0,0,0,0,0,0,0,0,0,0,0,0,0,0,0,0,0,0,0,0,0,0,0,0,0,0,0,0,0,0,0,0,0,0,0,0,0,0
1406,1,0,0,0,0,0,0,0,0,0,0,0,0,0,0,0,0,0,0,0,0,0,0,0,0,0,0,0,0,0,0,0,0,0,0,0,0,0,0,0,0,0,0,0,0,0,0,0,0,0,0,0,0,0,0,0,0,0,0,0,0,0,0,0,0
1407,1,0,0,0,0,0,0,0,0,0,0,0,0,0,0,0,0,0,0,0,0,0,0,0,0,0,0,0,0,0,0,0,0,0,0,0,0,0,0,0,0,0,0,0,0,0,0,0,0,0,0,0,0,0,0,0,0,0,0,0,0,0,0,0,0
1408,1,0,0,0,0,0,0,0,0,0,0,0,0,0,0,0,0,0,0,0,0,0,0,0,0,0,0,0,0,0,0,0,0,0,0,0,0,0,0,0,0,0,0,0,0,0,0,0,0,0,0,0,0,0,0,0,0,0,0,0,0,0,0,0,0
1409,1,0,0,0,0,0,0,0,0,0,0,0,0,0,0,0,0,0,0,0,0,0,0,0,0,0,0,0,0,0,0,0,0,0,0,0,0,0,0,0,0,0,0,0,0,0,0,0,0,0,0,0,0,0,0,0,0,0,0,0,0,0,0,0,0
1410,1,0,0,0,0,0,0,0,0,0,0,0,0,0,0,0,0,0,0,0,0,0,0,0,0,0,0,0,0,0,0,0,0,0,0,0,0,0,0,0,0,0,0,0,0,0,0,0,0,0,0,0,0,0,0,0,0,0,0,0,0,0,0,0,0
1411,1,0,0,0,0,0,0,0,0,0,0,0,0,0,0,0,0,0,0,0,0,0,0,0,0,0,0,0,0,0,0,0,0,0,0,0,0,0,0,0,0,0,0,0,0,0,0,0,0,0,0,0,0,0,0,0,0,0,0,0,0,0,0,0,0
1412,1,0,0,0,0,0,0,0,0,0,0,0,0,0,0,0,0,0,0,0,0,0,0,0,0,0,0,0,0,0,0,0,0,0,0,0,0,0,0,0,0,0,0,0,0,0,0,0,0,0,0,0,0,0,0,0,0,0,0,0,0,0,0,0,0
1413,1,0,0,0,0,0,0,0,0,0,0,0,0,0,0,0,0,0,0,0,0,0,0,0,0,0,0,0,0,0,0,0,0,0,0,0,0,0,0,0,0,0,0,0,0,0,0,0,0,0,0,0,0,0,0,0,0,0,0,0,0,0,0,0,0
1414,1,0,0,0,0,0,0,0,0,0,0,0,0,0,0,0,0,0,0,0,0,0,0,0,0,0,0,0,0,0,0,0,0,0,0,0,0,0,0,0,0,0,0,0,0,0,0,0,0,0,0,0,0,0,0,0,0,0,0,0,0,0,0,0,0
1415,1,0,0,0,0,0,0,0,0,0,0,0,0,0,0,0,0,0,0,0,0,0,0,0,0,0,0,0,0,0,0,0,0,0,0,0,0,0,0,0,0,0,0,0,0,0,0,0,0,0,0,0,0,0,0,0,0,0,0,0,0,0,0,0,0
1416,1,0,0,0,0,0,0,0,0,0,0,0,0,0,0,0,0,0,0,0,0,0,0,0,0,0,0,0,0,0,0,0,0,0,0,0,0,0,0,0,0,0,0,0,0,0,0,0,0,0,0,0,0,0,0,0,0,0,0,0,0,0,0,0,0
1417,1,0,0,0,0,0,0,0,0,0,0,0,0,0,0,0,0,0,0,0,0,0,0,0,0,0,0,0,0,0,0,0,0,0,0,0,0,0,0,0,0,0,0,0,0,0,0,0,0,0,0,0,0,0,0,0,0,0,0,0,0,0,0,0,0
1418,1,0,0,0,0,0,0,0,0,0,0,0,0,0,0,0,0,0,0,0,0,0,0,0,0,0,0,0,0,0,0,0,0,0,0,0,0,0,0,0,0,0,0,0,0,0,0,0,0,0,0,0,0,0,0,0,0,0,0,0,0,0,0,0,0
1419,1,0,0,0,0,0,0,0,0,0,0,0,0,0,0,0,0,0,0,0,0,0,0,0,0,0,0,0,0,0,0,0,0,0,0,0,0,0,0,0,0,0,0,0,0,0,0,0,0,0,0,0,0,0,0,0,0,0,0,0,0,0,0,0,0
1420,1,0,0,0,0,0,0,0,0,0,0,0,0,0,0,0,0,0,0,0,0,0,0,0,0,0,0,0,0,0,0,0,0,0,0,0,0,0,0,0,0,0,0,0,0,0,0,0,0,0,0,0,0,0,0,0,0,0,0,0,0,0,0,0,0
1421,1,0,0,0,0,0,0,0,0,0,0,0,0,0,0,0,0,0,0,0,0,0,0,0,0,0,0,0,0,0,0,0,0,0,0,0,0,0,0,0,0,0,0,0,0,0,0,0,0,0,0,0,0,0,0,0,0,0,0,0,0,0,0,0,0
1422,1,0,0,0,0,0,0,0,0,0,0,0,0,0,0,0,0,0,0,0,0,0,0,0,0,0,0,0,0,0,0,0,0,0,0,0,0,0,0,0,0,0,0,0,0,0,0,0,0,0,0,0,0,0,0,0,0,0,0,0,0,0,0,0,0
1423,1,0,0,0,0,0,0,0,0,0,0,0,0,0,0,0,0,0,0,0,0,0,0,0,0,0,0,0,0,0,0,0,0,0,0,0,0,0,0,0,0,0,0,0,0,0,0,0,0,0,0,0,0,0,0,0,0,0,0,0,0,0,0,0,0
1424,1,0,0,0,0,0,0,0,0,0,0,0,0,0,0,0,0,0,0,0,0,0,0,0,0,0,0,0,0,0,0,0,0,0,0,0,0,0,0,0,0,0,0,0,0,0,0,0,0,0,0,0,0,0,0,0,0,0,0,0,0,0,0,0,0
1425,1,0,0,0,0,0,0,0,0,0,0,0,0,0,0,0,0,0,0,0,0,0,0,0,0,0,0,0,0,0,0,0,0,0,0,0,0,0,0,0,0,0,0,0,0,0,0,0,0,0,0,0,0,0,0,0,0,0,0,0,0,0,0,0,0
1426,1,0,0,0,0,0,0,0,0,0,0,0,0,0,0,0,0,0,0,0,0,0,0,0,0,0,0,0,0,0,0,0,0,0,0,0,0,0,0,0,0,0,0,0,0,0,0,0,0,0,0,0,0,0,0,0,0,0,0,0,0,0,0,0,0
1427,1,0,0,0,0,0,0,0,0,0,0,0,0,0,0,0,0,0,0,0,0,0,0,0,0,0,0,0,0,0,0,0,0,0,0,0,0,0,0,0,0,0,0,0,0,0,0,0,0,0,0,0,0,0,0,0,0,0,0,0,0,0,0,0,0
1428,1,0,0,0,0,0,0,0,0,0,0,0,0,0,0,0,0,0,0,0,0,0,0,0,0,0,0,0,0,0,0,0,0,0,0,0,0,0,0,0,0,0,0,0,0,0,0,0,0,0,0,0,0,0,0,0,0,0,0,0,0,0,0,0,0
1429,1,0,0,0,0,0,0,0,0,0,0,0,0,0,0,0,0,0,0,0,0,0,0,0,0,0,0,0,0,0,0,0,0,0,0,0,0,0,0,0,0,0,0,0,0,0,0,0,0,0,0,0,0,0,0,0,0,0,0,0,0,0,0,0,0
1430,1,0,0,0,0,0,0,0,0,0,0,0,0,0,0,0,0,0,0,0,0,0,0,0,0,0,0,0,0,0,0,0,0,0,0,0,0,0,0,0,0,0,0,0,0,0,0,0,0,0,0,0,0,0,0,0,0,0,0,0,0,0,0,0,0
1431,1,0,0,0,0,0,0,0,0,0,0,0,0,0,0,0,0,0,0,0,0,0,0,0,0,0,0,0,0,0,0,0,0,0,0,0,0,0,0,0,0,0,0,0,0,0,0,0,0,0,0,0,0,0,0,0,0,0,0,0,0,0,0,0,0
1432,1,0,0,0,0,0,0,0,0,0,0,0,0,0,0,0,0,0,0,0,0,0,0,0,0,0,0,0,0,0,0,0,0,0,0,0,0,0,0,0,0,0,0,0,0,0,0,0,0,0,0,0,0,0,0,0,0,0,0,0,0,0,0,0,0
1433,1,0,0,0,0,0,0,0,0,0,0,0,0,0,0,0,0,0,0,0,0,0,0,0,0,0,0,0,0,0,0,0,0,0,0,0,0,0,0,0,0,0,0,0,0,0,0,0,0,0,0,0,0,0,0,0,0,0,0,0,0,0,0,0,0
1434,1,0,0,0,0,0,0,0,0,0,0,0,0,0,0,0,0,0,0,0,0,0,0,0,0,0,0,0,0,0,0,0,0,0,0,0,0,0,0,0,0,0,0,0,0,0,0,0,0,0,0,0,0,0,0,0,0,0,0,0,0,0,0,0,0
1435,1,0,0,0,0,0,0,0,0,0,0,0,0,0,0,0,0,0,0,0,0,0,0,0,0,0,0,0,0,0,0,0,0,0,0,0,0,0,0,0,0,0,0,0,0,0,0,0,0,0,0,0,0,0,0,0,0,0,0,0,0,0,0,0,0
1436,1,0,0,0,0,0,0,0,0,0,0,0,0,0,0,0,0,0,0,0,0,0,0,0,0,0,0,0,0,0,0,0,0,0,0,0,0,0,0,0,0,0,0,0,0,0,0,0,0,0,0,0,0,0,0,0,0,0,0,0,0,0,0,0,0
1437,1,0,0,0,0,0,0,0,0,0,0,0,0,0,0,0,0,0,0,0,0,0,0,0,0,0,0,0,0,0,0,0,0,0,0,0,0,0,0,0,0,0,0,0,0,0,0,0,0,0,0,0,0,0,0,0,0,0,0,0,0,0,0,0,0
1438,1,0,0,0,0,0,0,0,0,0,0,0,0,0,0,0,0,0,0,0,0,0,0,0,0,0,0,0,0,0,0,0,0,0,0,0,0,0,0,0,0,0,0,0,0,0,0,0,0,0,0,0,0,0,0,0,0,0,0,0,0,0,0,0,0
1439,1,0,0,0,0,0,0,0,0,0,0,0,0,0,0,0,0,0,0,0,0,0,0,0,0,0,0,0,0,0,0,0,0,0,0,0,0,0,0,0,0,0,0,0,0,0,0,0,0,0,0,0,0,0,0,0,0,0,0,0,0,0,0,0,0
1440,1,0,0,0,0,0,0,0,0,0,0,0,0,0,0,0,0,0,0,0,0,0,0,0,0,0,0,0,0,0,0,0,0,0,0,0,0,0,0,0,0,0,0,0,0,0,0,0,0,0,0,0,0,0,0,0,0,0,0,0,0,0,0,0,0
1441,1,0,0,0,0,0,0,0,0,0,0,0,0,0,0,0,0,0,0,0,0,0,0,0,0,0,0,0,0,0,0,0,0,0,0,0,0,0,0,0,0,0,0,0,0,0,0,0,0,0,0,0,0,0,0,0,0,0,0,0,0,0,0,0,0
1442,1,0,0,0,0,0,0,0,0,0,0,0,0,0,0,0,0,0,0,0,0,0,0,0,0,0,0,0,0,0,0,0,0,0,0,0,0,0,0,0,0,0,0,0,0,0,0,0,0,0,0,0,0,0,0,0,0,0,0,0,0,0,0,0,0
1443,1,0,0,0,0,0,0,0,0,0,0,0,0,0,0,0,0,0,0,0,0,0,0,0,0,0,0,0,0,0,0,0,0,0,0,0,0,0,0,0,0,0,0,0,0,0,0,0,0,0,0,0,0,0,0,0,0,0,0,0,0,0,0,0,0
1444,1,0,0,0,0,0,0,0,0,0,0,0,0,0,0,0,0,0,0,0,0,0,0,0,0,0,0,0,0,0,0,0,0,0,0,0,0,0,0,0,0,0,0,0,0,0,0,0,0,0,0,0,0,0,0,0,0,0,0,0,0,0,0,0,0
1445,1,0,0,0,0,0,0,0,0,0,0,0,0,0,0,0,0,0,0,0,0,0,0,0,0,0,0,0,0,0,0,0,0,0,0,0,0,0,0,0,0,0,0,0,0,0,0,0,0,0,0,0,0,0,0,0,0,0,0,0,0,0,0,0,0
1446,1,0,0,0,0,0,0,0,0,0,0,0,0,0,0,0,0,0,0,0,0,0,0,0,0,0,0,0,0,0,0,0,0,0,0,0,0,0,0,0,0,0,0,0,0,0,0,0,0,0,0,0,0,0,0,0,0,0,0,0,0,0,0,0,0
1447,1,0,0,0,0,0,0,0,0,0,0,0,0,0,0,0,0,0,0,0,0,0,0,0,0,0,0,0,0,0,0,0,0,0,0,0,0,0,0,0,0,0,0,0,0,0,0,0,0,0,0,0,0,0,0,0,0,0,0,0,0,0,0,0,0
1448,1,0,0,0,0,0,0,0,0,0,0,0,0,0,0,0,0,0,0,0,0,0,0,0,0,0,0,0,0,0,0,0,0,0,0,0,0,0,0,0,0,0,0,0,0,0,0,0,0,0,0,0,0,0,0,0,0,0,0,0,0,0,0,0,0
1449,1,0,0,0,0,0,0,0,0,0,0,0,0,0,0,0,0,0,0,0,0,0,0,0,0,0,0,0,0,0,0,0,0,0,0,0,0,0,0,0,0,0,0,0,0,0,0,0,0,0,0,0,0,0,0,0,0,0,0,0,0,0,0,0,0
1450,1,0,0,0,0,0,0,0,0,0,0,0,0,0,0,0,0,0,0,0,0,0,0,0,0,0,0,0,0,0,0,0,0,0,0,0,0,0,0,0,0,0,0,0,0,0,0,0,0,0,0,0,0,0,0,0,0,0,0,0,0,0,0,0,0
1451,1,0,0,0,0,0,0,0,0,0,0,0,0,0,0,0,0,0,0,0,0,0,0,0,0,0,0,0,0,0,0,0,0,0,0,0,0,0,0,0,0,0,0,0,0,0,0,0,0,0,0,0,0,0,0,0,0,0,0,0,0,0,0,0,0
1452,1,0,0,0,0,0,0,0,0,0,0,0,0,0,0,0,0,0,0,0,0,0,0,0,0,0,0,0,0,0,0,0,0,0,0,0,0,0,0,0,0,0,0,0,0,0,0,0,0,0,0,0,0,0,0,0,0,0,0,0,0,0,0,0,0
1453,1,0,0,0,0,0,0,0,0,0,0,0,0,0,0,0,0,0,0,0,0,0,0,0,0,0,0,0,0,0,0,0,0,0,0,0,0,0,0,0,0,0,0,0,0,0,0,0,0,0,0,0,0,0,0,0,0,0,0,0,0,0,0,0,0
1454,1,0,0,0,0,0,0,0,0,0,0,0,0,0,0,0,0,0,0,0,0,0,0,0,0,0,0,0,0,0,0,0,0,0,0,0,0,0,0,0,0,0,0,0,0,0,0,0,0,0,0,0,0,0,0,0,0,0,0,0,0,0,0,0,0
1455,1,0,0,0,0,0,0,0,0,0,0,0,0,0,0,0,0,0,0,0,0,0,0,0,0,0,0,0,0,0,0,0,0,0,0,0,0,0,0,0,0,0,0,0,0,0,0,0,0,0,0,0,0,0,0,0,0,0,0,0,0,0,0,0,0
1456,1,0,0,0,0,0,0,0,0,0,0,0,0,0,0,0,0,0,0,0,0,0,0,0,0,0,0,0,0,0,0,0,0,0,0,0,0,0,0,0,0,0,0,0,0,0,0,0,0,0,0,0,0,0,0,0,0,0,0,0,0,0,0,0,0
1457,1,0,0,0,0,0,0,0,0,0,0,0,0,0,0,0,0,0,0,0,0,0,0,0,0,0,0,0,0,0,0,0,0,0,0,0,0,0,0,0,0,0,0,0,0,0,0,0,0,0,0,0,0,0,0,0,0,0,0,0,0,0,0,0,0
1458,1,0,0,0,0,0,0,0,0,0,0,0,0,0,0,0,0,0,0,0,0,0,0,0,0,0,0,0,0,0,0,0,0,0,0,0,0,0,0,0,0,0,0,0,0,0,0,0,0,0,0,0,0,0,0,0,0,0,0,0,0,0,0,0,0
1459,1,0,0,0,0,0,0,0,0,0,0,0,0,0,0,0,0,0,0,0,0,0,0,0,0,0,0,0,0,0,0,0,0,0,0,0,0,0,0,0,0,0,0,0,0,0,0,0,0,0,0,0,0,0,0,0,0,0,0,0,0,0,0,0,0
1460,1,0,0,0,0,0,0,0,0,0,0,0,0,0,0,0,0,0,0,0,0,0,0,0,0,0,0,0,0,0,0,0,0,0,0,0,0,0,0,0,0,0,0,0,0,0,0,0,0,0,0,0,0,0,0,0,0,0,0,0,0,0,0,0,0
1461,1,0,0,0,0,0,0,0,0,0,0,0,0,0,0,0,0,0,0,0,0,0,0,0,0,0,0,0,0,0,0,0,0,0,0,0,0,0,0,0,0,0,0,0,0,0,0,0,0,0,0,0,0,0,0,0,0,0,0,0,0,0,0,0,0
1462,1,0,0,0,0,0,0,0,0,0,0,0,0,0,0,0,0,0,0,0,0,0,0,0,0,0,0,0,0,0,0,0,0,0,0,0,0,0,0,0,0,0,0,0,0,0,0,0,0,0,0,0,0,0,0,0,0,0,0,0,0,0,0,0,0
1463,1,0,0,0,0,0,0,0,0,0,0,0,0,0,0,0,0,0,0,0,0,0,0,0,0,0,0,0,0,0,0,0,0,0,0,0,0,0,0,0,0,0,0,0,0,0,0,0,0,0,0,0,0,0,0,0,0,0,0,0,0,0,0,0,0
1464,1,0,0,0,0,0,0,0,0,0,0,0,0,0,0,0,0,0,0,0,0,0,0,0,0,0,0,0,0,0,0,0,0,0,0,0,0,0,0,0,0,0,0,0,0,0,0,0,0,0,0,0,0,0,0,0,0,0,0,0,0,0,0,0,0
1465,1,0,0,0,0,0,0,0,0,0,0,0,0,0,0,0,0,0,0,0,0,0,0,0,0,0,0,0,0,0,0,0,0,0,0,0,0,0,0,0,0,0,0,0,0,0,0,0,0,0,0,0,0,0,0,0,0,0,0,0,0,0,0,0,0
1466,1,0,0,0,0,0,0,0,0,0,0,0,0,0,0,0,0,0,0,0,0,0,0,0,0,0,0,0,0,0,0,0,0,0,0,0,0,0,0,0,0,0,0,0,0,0,0,0,0,0,0,0,0,0,0,0,0,0,0,0,0,0,0,0,0
1467,1,0,0,0,0,0,0,0,0,0,0,0,0,0,0,0,0,0,0,0,0,0,0,0,0,0,0,0,0,0,0,0,0,0,0,0,0,0,0,0,0,0,0,0,0,0,0,0,0,0,0,0,0,0,0,0,0,0,0,0,0,0,0,0,0
1468,1,0,0,0,0,0,0,0,0,0,0,0,0,0,0,0,0,0,0,0,0,0,0,0,0,0,0,0,0,0,0,0,0,0,0,0,0,0,0,0,0,0,0,0,0,0,0,0,0,0,0,0,0,0,0,0,0,0,0,0,0,0,0,0,0
1469,1,0,0,0,0,0,0,0,0,0,0,0,0,0,0,0,0,0,0,0,0,0,0,0,0,0,0,0,0,0,0,0,0,0,0,0,0,0,0,0,0,0,0,0,0,0,0,0,0,0,0,0,0,0,0,0,0,0,0,0,0,0,0,0,0
1470,1,0,0,0,0,0,0,0,0,0,0,0,0,0,0,0,0,0,0,0,0,0,0,0,0,0,0,0,0,0,0,0,0,0,0,0,0,0,0,0,0,0,0,0,0,0,0,0,0,0,0,0,0,0,0,0,0,0,0,0,0,0,0,0,0
1471,1,0,0,0,0,0,0,0,0,0,0,0,0,0,0,0,0,0,0,0,0,0,0,0,0,0,0,0,0,0,0,0,0,0,0,0,0,0,0,0,0,0,0,0,0,0,0,0,0,0,0,0,0,0,0,0,0,0,0,0,0,0,0,0,0
1472,1,0,0,0,0,0,0,0,0,0,0,0,0,0,0,0,0,0,0,0,0,0,0,0,0,0,0,0,0,0,0,0,0,0,0,0,0,0,0,0,0,0,0,0,0,0,0,0,0,0,0,0,0,0,0,0,0,0,0,0,0,0,0,0,0
1473,1,0,0,0,0,0,0,0,0,0,0,0,0,0,0,0,0,0,0,0,0,0,0,0,0,0,0,0,0,0,0,0,0,0,0,0,0,0,0,0,0,0,0,0,0,0,0,0,0,0,0,0,0,0,0,0,0,0,0,0,0,0,0,0,0
1474,1,0,0,0,0,0,0,0,0,0,0,0,0,0,0,0,0,0,0,0,0,0,0,0,0,0,0,0,0,0,0,0,0,0,0,0,0,0,0,0,0,0,0,0,0,0,0,0,0,0,0,0,0,0,0,0,0,0,0,0,0,0,0,0,0
1475,1,0,0,0,0,0,0,0,0,0,0,0,0,0,0,0,0,0,0,0,0,0,0,0,0,0,0,0,0,0,0,0,0,0,0,0,0,0,0,0,0,0,0,0,0,0,0,0,0,0,0,0,0,0,0,0,0,0,0,0,0,0,0,0,0
1476,1,0,0,0,0,0,0,0,0,0,0,0,0,0,0,0,0,0,0,0,0,0,0,0,0,0,0,0,0,0,0,0,0,0,0,0,0,0,0,0,0,0,0,0,0,0,0,0,0,0,0,0,0,0,0,0,0,0,0,0,0,0,0,0,0
1477,1,0,0,0,0,0,0,0,0,0,0,0,0,0,0,0,0,0,0,0,0,0,0,0,0,0,0,0,0,0,0,0,0,0,0,0,0,0,0,0,0,0,0,0,0,0,0,0,0,0,0,0,0,0,0,0,0,0,0,0,0,0,0,0,0
1478,1,0,0,0,0,0,0,0,0,0,0,0,0,0,0,0,0,0,0,0,0,0,0,0,0,0,0,0,0,0,0,0,0,0,0,0,0,0,0,0,0,0,0,0,0,0,0,0,0,0,0,0,0,0,0,0,0,0,0,0,0,0,0,0,0
1479,1,0,0,0,0,0,0,0,0,0,0,0,0,0,0,0,0,0,0,0,0,0,0,0,0,0,0,0,0,0,0,0,0,0,0,0,0,0,0,0,0,0,0,0,0,0,0,0,0,0,0,0,0,0,0,0,0,0,0,0,0,0,0,0,0
1480,1,0,0,0,0,0,0,0,0,0,0,0,0,0,0,0,0,0,0,0,0,0,0,0,0,0,0,0,0,0,0,0,0,0,0,0,0,0,0,0,0,0,0,0,0,0,0,0,0,0,0,0,0,0,0,0,0,0,0,0,0,0,0,0,0
1481,1,0,0,0,0,0,0,0,0,0,0,0,0,0,0,0,0,0,0,0,0,0,0,0,0,0,0,0,0,0,0,0,0,0,0,0,0,0,0,0,0,0,0,0,0,0,0,0,0,0,0,0,0,0,0,0,0,0,0,0,0,0,0,0,0
1482,1,0,0,0,0,0,0,0,0,0,0,0,0,0,0,0,0,0,0,0,0,0,0,0,0,0,0,0,0,0,0,0,0,0,0,0,0,0,0,0,0,0,0,0,0,0,0,0,0,0,0,0,0,0,0,0,0,0,0,0,0,0,0,0,0
1483,1,0,0,0,0,0,0,0,0,0,0,0,0,0,0,0,0,0,0,0,0,0,0,0,0,0,0,0,0,0,0,0,0,0,0,0,0,0,0,0,0,0,0,0,0,0,0,0,0,0,0,0,0,0,0,0,0,0,0,0,0,0,0,0,0
1484,1,0,0,0,0,0,0,0,0,0,0,0,0,0,0,0,0,0,0,0,0,0,0,0,0,0,0,0,0,0,0,0,0,0,0,0,0,0,0,0,0,0,0,0,0,0,0,0,0,0,0,0,0,0,0,0,0,0,0,0,0,0,0,0,0
1485,1,0,0,0,0,0,0,0,0,0,0,0,0,0,0,0,0,0,0,0,0,0,0,0,0,0,0,0,0,0,0,0,0,0,0,0,0,0,0,0,0,0,0,0,0,0,0,0,0,0,0,0,0,0,0,0,0,0,0,0,0,0,0,0,0
1486,1,0,0,0,0,0,0,0,0,0,0,0,0,0,0,0,0,0,0,0,0,0,0,0,0,0,0,0,0,0,0,0,0,0,0,0,0,0,0,0,0,0,0,0,0,0,0,0,0,0,0,0,0,0,0,0,0,0,0,0,0,0,0,0,0
1487,1,0,0,0,0,0,0,0,0,0,0,0,0,0,0,0,0,0,0,0,0,0,0,0,0,0,0,0,0,0,0,0,0,0,0,0,0,0,0,0,0,0,0,0,0,0,0,0,0,0,0,0,0,0,0,0,0,0,0,0,0,0,0,0,0
1488,1,0,0,0,0,0,0,0,0,0,0,0,0,0,0,0,0,0,0,0,0,0,0,0,0,0,0,0,0,0,0,0,0,0,0,0,0,0,0,0,0,0,0,0,0,0,0,0,0,0,0,0,0,0,0,0,0,0,0,0,0,0,0,0,0
1489,1,0,0,0,0,0,0,0,0,0,0,0,0,0,0,0,0,0,0,0,0,0,0,0,0,0,0,0,0,0,0,0,0,0,0,0,0,0,0,0,0,0,0,0,0,0,0,0,0,0,0,0,0,0,0,0,0,0,0,0,0,0,0,0,0
1490,1,0,0,0,0,0,0,0,0,0,0,0,0,0,0,0,0,0,0,0,0,0,0,0,0,0,0,0,0,0,0,0,0,0,0,0,0,0,0,0,0,0,0,0,0,0,0,0,0,0,0,0,0,0,0,0,0,0,0,0,0,0,0,0,0
1491,1,0,0,0,0,0,0,0,0,0,0,0,0,0,0,0,0,0,0,0,0,0,0,0,0,0,0,0,0,0,0,0,0,0,0,0,0,0,0,0,0,0,0,0,0,0,0,0,0,0,0,0,0,0,0,0,0,0,0,0,0,0,0,0,0
1492,1,0,0,0,0,0,0,0,0,0,0,0,0,0,0,0,0,0,0,0,0,0,0,0,0,0,0,0,0,0,0,0,0,0,0,0,0,0,0,0,0,0,0,0,0,0,0,0,0,0,0,0,0,0,0,0,0,0,0,0,0,0,0,0,0
1493,1,0,0,0,0,0,0,0,0,0,0,0,0,0,0,0,0,0,0,0,0,0,0,0,0,0,0,0,0,0,0,0,0,0,0,0,0,0,0,0,0,0,0,0,0,0,0,0,0,0,0,0,0,0,0,0,0,0,0,0,0,0,0,0,0
1494,1,0,0,0,0,0,0,0,0,0,0,0,0,0,0,0,0,0,0,0,0,0,0,0,0,0,0,0,0,0,0,0,0,0,0,0,0,0,0,0,0,0,0,0,0,0,0,0,0,0,0,0,0,0,0,0,0,0,0,0,0,0,0,0,0
1495,1,0,0,0,0,0,0,0,0,0,0,0,0,0,0,0,0,0,0,0,0,0,0,0,0,0,0,0,0,0,0,0,0,0,0,0,0,0,0,0,0,0,0,0,0,0,0,0,0,0,0,0,0,0,0,0,0,0,0,0,0,0,0,0,0
1496,1,0,0,0,0,0,0,0,0,0,0,0,0,0,0,0,0,0,0,0,0,0,0,0,0,0,0,0,0,0,0,0,0,0,0,0,0,0,0,0,0,0,0,0,0,0,0,0,0,0,0,0,0,0,0,0,0,0,0,0,0,0,0,0,0
1497,1,0,0,0,0,0,0,0,0,0,0,0,0,0,0,0,0,0,0,0,0,0,0,0,0,0,0,0,0,0,0,0,0,0,0,0,0,0,0,0,0,0,0,0,0,0,0,0,0,0,0,0,0,0,0,0,0,0,0,0,0,0,0,0,0
1498,1,0,0,0,0,0,0,0,0,0,0,0,0,0,0,0,0,0,0,0,0,0,0,0,0,0,0,0,0,0,0,0,0,0,0,0,0,0,0,0,0,0,0,0,0,0,0,0,0,0,0,0,0,0,0,0,0,0,0,0,0,0,0,0,0
1499,1,0,0,0,0,0,0,0,0,0,0,0,0,0,0,0,0,0,0,0,0,0,0,0,0,0,0,0,0,0,0,0,0,0,0,0,0,0,0,0,0,0,0,0,0,0,0,0,0,0,0,0,0,0,0,0,0,0,0,0,0,0,0,0,0
1500,1,0,0,0,0,0,0,0,0,0,0,0,0,0,0,0,0,0,0,0,0,0,0,0,0,0,0,0,0,0,0,0,0,0,0,0,0,0,0,0,0,0,0,0,0,0,0,0,0,0,0,0,0,0,0,0,0,0,0,0,0,0,0,0,0
1501,1,0,0,0,0,0,0,0,0,0,0,0,0,0,0,0,0,0,0,0,0,0,0,0,0,0,0,0,0,0,0,0,0,0,0,0,0,0,0,0,0,0,0,0,0,0,0,0,0,0,0,0,0,0,0,0,0,0,0,0,0,0,0,0,0
1502,1,0,0,0,0,0,0,0,0,0,0,0,0,0,0,0,0,0,0,0,0,0,0,0,0,0,0,0,0,0,0,0,0,0,0,0,0,0,0,0,0,0,0,0,0,0,0,0,0,0,0,0,0,0,0,0,0,0,0,0,0,0,0,0,0
1503,1,0,0,0,0,0,0,0,0,0,0,0,0,0,0,0,0,0,0,0,0,0,0,0,0,0,0,0,0,0,0,0,0,0,0,0,0,0,0,0,0,0,0,0,0,0,0,0,0,0,0,0,0,0,0,0,0,0,0,0,0,0,0,0,0
1504,1,0,0,0,0,0,0,0,0,0,0,0,0,0,0,0,0,0,0,0,0,0,0,0,0,0,0,0,0,0,0,0,0,0,0,0,0,0,0,0,0,0,0,0,0,0,0,0,0,0,0,0,0,0,0,0,0,0,0,0,0,0,0,0,0
1505,1,0,0,0,0,0,0,0,0,0,0,0,0,0,0,0,0,0,0,0,0,0,0,0,0,0,0,0,0,0,0,0,0,0,0,0,0,0,0,0,0,0,0,0,0,0,0,0,0,0,0,0,0,0,0,0,0,0,0,0,0,0,0,0,0
1506,1,0,0,0,0,0,0,0,0,0,0,0,0,0,0,0,0,0,0,0,0,0,0,0,0,0,0,0,0,0,0,0,0,0,0,0,0,0,0,0,0,0,0,0,0,0,0,0,0,0,0,0,0,0,0,0,0,0,0,0,0,0,0,0,0
1507,1,0,0,0,0,0,0,0,0,0,0,0,0,0,0,0,0,0,0,0,0,0,0,0,0,0,0,0,0,0,0,0,0,0,0,0,0,0,0,0,0,0,0,0,0,0,0,0,0,0,0,0,0,0,0,0,0,0,0,0,0,0,0,0,0
1508,1,0,0,0,0,0,0,0,0,0,0,0,0,0,0,0,0,0,0,0,0,0,0,0,0,0,0,0,0,0,0,0,0,0,0,0,0,0,0,0,0,0,0,0,0,0,0,0,0,0,0,0,0,0,0,0,0,0,0,0,0,0,0,0,0
1509,1,0,0,0,0,0,0,0,0,0,0,0,0,0,0,0,0,0,0,0,0,0,0,0,0,0,0,0,0,0,0,0,0,0,0,0,0,0,0,0,0,0,0,0,0,0,0,0,0,0,0,0,0,0,0,0,0,0,0,0,0,0,0,0,0
1510,1,0,0,0,0,0,0,0,0,0,0,0,0,0,0,0,0,0,0,0,0,0,0,0,0,0,0,0,0,0,0,0,0,0,0,0,0,0,0,0,0,0,0,0,0,0,0,0,0,0,0,0,0,0,0,0,0,0,0,0,0,0,0,0,0
1511,1,0,0,0,0,0,0,0,0,0,0,0,0,0,0,0,0,0,0,0,0,0,0,0,0,0,0,0,0,0,0,0,0,0,0,0,0,0,0,0,0,0,0,0,0,0,0,0,0,0,0,0,0,0,0,0,0,0,0,0,0,0,0,0,0
1512,1,0,0,0,0,0,0,0,0,0,0,0,0,0,0,0,0,0,0,0,0,0,0,0,0,0,0,0,0,0,0,0,0,0,0,0,0,0,0,0,0,0,0,0,0,0,0,0,0,0,0,0,0,0,0,0,0,0,0,0,0,0,0,0,0
1513,1,0,0,0,0,0,0,0,0,0,0,0,0,0,0,0,0,0,0,0,0,0,0,0,0,0,0,0,0,0,0,0,0,0,0,0,0,0,0,0,0,0,0,0,0,0,0,0,0,0,0,0,0,0,0,0,0,0,0,0,0,0,0,0,0
1514,1,0,0,0,0,0,0,0,0,0,0,0,0,0,0,0,0,0,0,0,0,0,0,0,0,0,0,0,0,0,0,0,0,0,0,0,0,0,0,0,0,0,0,0,0,0,0,0,0,0,0,0,0,0,0,0,0,0,0,0,0,0,0,0,0
1515,1,0,0,0,0,0,0,0,0,0,0,0,0,0,0,0,0,0,0,0,0,0,0,0,0,0,0,0,0,0,0,0,0,0,0,0,0,0,0,0,0,0,0,0,0,0,0,0,0,0,0,0,0,0,0,0,0,0,0,0,0,0,0,0,0
1516,1,0,0,0,0,0,0,0,0,0,0,0,0,0,0,0,0,0,0,0,0,0,0,0,0,0,0,0,0,0,0,0,0,0,0,0,0,0,0,0,0,0,0,0,0,0,0,0,0,0,0,0,0,0,0,0,0,0,0,0,0,0,0,0,0
1517,1,0,0,0,0,0,0,0,0,0,0,0,0,0,0,0,0,0,0,0,0,0,0,0,0,0,0,0,0,0,0,0,0,0,0,0,0,0,0,0,0,0,0,0,0,0,0,0,0,0,0,0,0,0,0,0,0,0,0,0,0,0,0,0,0
1518,1,0,0,0,0,0,0,0,0,0,0,0,0,0,0,0,0,0,0,0,0,0,0,0,0,0,0,0,0,0,0,0,0,0,0,0,0,0,0,0,0,0,0,0,0,0,0,0,0,0,0,0,0,0,0,0,0,0,0,0,0,0,0,0,0
1519,1,0,0,0,0,0,0,0,0,0,0,0,0,0,0,0,0,0,0,0,0,0,0,0,0,0,0,0,0,0,0,0,0,0,0,0,0,0,0,0,0,0,0,0,0,0,0,0,0,0,0,0,0,0,0,0,0,0,0,0,0,0,0,0,0
1520,1,0,0,0,0,0,0,0,0,0,0,0,0,0,0,0,0,0,0,0,0,0,0,0,0,0,0,0,0,0,0,0,0,0,0,0,0,0,0,0,0,0,0,0,0,0,0,0,0,0,0,0,0,0,0,0,0,0,0,0,0,0,0,0,0
1521,1,0,0,0,0,0,0,0,0,0,0,0,0,0,0,0,0,0,0,0,0,0,0,0,0,0,0,0,0,0,0,0,0,0,0,0,0,0,0,0,0,0,0,0,0,0,0,0,0,0,0,0,0,0,0,0,0,0,0,0,0,0,0,0,0
1522,1,0,0,0,0,0,0,0,0,0,0,0,0,0,0,0,0,0,0,0,0,0,0,0,0,0,0,0,0,0,0,0,0,0,0,0,0,0,0,0,0,0,0,0,0,0,0,0,0,0,0,0,0,0,0,0,0,0,0,0,0,0,0,0,0
1523,1,0,0,0,0,0,0,0,0,0,0,0,0,0,0,0,0,0,0,0,0,0,0,0,0,0,0,0,0,0,0,0,0,0,0,0,0,0,0,0,0,0,0,0,0,0,0,0,0,0,0,0,0,0,0,0,0,0,0,0,0,0,0,0,0
1524,1,0,0,0,0,0,0,0,0,0,0,0,0,0,0,0,0,0,0,0,0,0,0,0,0,0,0,0,0,0,0,0,0,0,0,0,0,0,0,0,0,0,0,0,0,0,0,0,0,0,0,0,0,0,0,0,0,0,0,0,0,0,0,0,0
1525,1,0,0,0,0,0,0,0,0,0,0,0,0,0,0,0,0,0,0,0,0,0,0,0,0,0,0,0,0,0,0,0,0,0,0,0,0,0,0,0,0,0,0,0,0,0,0,0,0,0,0,0,0,0,0,0,0,0,0,0,0,0,0,0,0
1526,1,0,0,0,0,0,0,0,0,0,0,0,0,0,0,0,0,0,0,0,0,0,0,0,0,0,0,0,0,0,0,0,0,0,0,0,0,0,0,0,0,0,0,0,0,0,0,0,0,0,0,0,0,0,0,0,0,0,0,0,0,0,0,0,0
1527,1,0,0,0,0,0,0,0,0,0,0,0,0,0,0,0,0,0,0,0,0,0,0,0,0,0,0,0,0,0,0,0,0,0,0,0,0,0,0,0,0,0,0,0,0,0,0,0,0,0,0,0,0,0,0,0,0,0,0,0,0,0,0,0,0
1528,1,0,0,0,0,0,0,0,0,0,0,0,0,0,0,0,0,0,0,0,0,0,0,0,0,0,0,0,0,0,0,0,0,0,0,0,0,0,0,0,0,0,0,0,0,0,0,0,0,0,0,0,0,0,0,0,0,0,0,0,0,0,0,0,0
1529,1,0,0,0,0,0,0,0,0,0,0,0,0,0,0,0,0,0,0,0,0,0,0,0,0,0,0,0,0,0,0,0,0,0,0,0,0,0,0,0,0,0,0,0,0,0,0,0,0,0,0,0,0,0,0,0,0,0,0,0,0,0,0,0,0
1530,1,0,0,0,0,0,0,0,0,0,0,0,0,0,0,0,0,0,0,0,0,0,0,0,0,0,0,0,0,0,0,0,0,0,0,0,0,0,0,0,0,0,0,0,0,0,0,0,0,0,0,0,0,0,0,0,0,0,0,0,0,0,0,0,0
1531,1,0,0,0,0,0,0,0,0,0,0,0,0,0,0,0,0,0,0,0,0,0,0,0,0,0,0,0,0,0,0,0,0,0,0,0,0,0,0,0,0,0,0,0,0,0,0,0,0,0,0,0,0,0,0,0,0,0,0,0,0,0,0,0,0
1532,1,0,0,0,0,0,0,0,0,0,0,0,0,0,0,0,0,0,0,0,0,0,0,0,0,0,0,0,0,0,0,0,0,0,0,0,0,0,0,0,0,0,0,0,0,0,0,0,0,0,0,0,0,0,0,0,0,0,0,0,0,0,0,0,0
1533,1,0,0,0,0,0,0,0,0,0,0,0,0,0,0,0,0,0,0,0,0,0,0,0,0,0,0,0,0,0,0,0,0,0,0,0,0,0,0,0,0,0,0,0,0,0,0,0,0,0,0,0,0,0,0,0,0,0,0,0,0,0,0,0,0
1534,1,0,0,0,0,0,0,0,0,0,0,0,0,0,0,0,0,0,0,0,0,0,0,0,0,0,0,0,0,0,0,0,0,0,0,0,0,0,0,0,0,0,0,0,0,0,0,0,0,0,0,0,0,0,0,0,0,0,0,0,0,0,0,0,0
1535,1,0,0,0,0,0,0,0,0,0,0,0,0,0,0,0,0,0,0,0,0,0,0,0,0,0,0,0,0,0,0,0,0,0,0,0,0,0,0,0,0,0,0,0,0,0,0,0,0,0,0,0,0,0,0,0,0,0,0,0,0,0,0,0,0
1536,1,0,0,0,0,0,0,0,0,0,0,0,0,0,0,0,0,0,0,0,0,0,0,0,0,0,0,0,0,0,0,0,0,0,0,0,0,0,0,0,0,0,0,0,0,0,0,0,0,0,0,0,0,0,0,0,0,0,0,0,0,0,0,0,0
1537,1,0,0,0,0,0,0,0,0,0,0,0,0,0,0,0,0,0,0,0,0,0,0,0,0,0,0,0,0,0,0,0,0,0,0,0,0,0,0,0,0,0,0,0,0,0,0,0,0,0,0,0,0,0,0,0,0,0,0,0,0,0,0,0,0
1538,1,0,0,0,0,0,0,0,0,0,0,0,0,0,0,0,0,0,0,0,0,0,0,0,0,0,0,0,0,0,0,0,0,0,0,0,0,0,0,0,0,0,0,0,0,0,0,0,0,0,0,0,0,0,0,0,0,0,0,0,0,0,0,0,0
1539,1,0,0,0,0,0,0,0,0,0,0,0,0,0,0,0,0,0,0,0,0,0,0,0,0,0,0,0,0,0,0,0,0,0,0,0,0,0,0,0,0,0,0,0,0,0,0,0,0,0,0,0,0,0,0,0,0,0,0,0,0,0,0,0,0
1540,1,0,0,0,0,0,0,0,0,0,0,0,0,0,0,0,0,0,0,0,0,0,0,0,0,0,0,0,0,0,0,0,0,0,0,0,0,0,0,0,0,0,0,0,0,0,0,0,0,0,0,0,0,0,0,0,0,0,0,0,0,0,0,0,0
1541,1,0,0,0,0,0,0,0,0,0,0,0,0,0,0,0,0,0,0,0,0,0,0,0,0,0,0,0,0,0,0,0,0,0,0,0,0,0,0,0,0,0,0,0,0,0,0,0,0,0,0,0,0,0,0,0,0,0,0,0,0,0,0,0,0
1542,1,0,0,0,0,0,0,0,0,0,0,0,0,0,0,0,0,0,0,0,0,0,0,0,0,0,0,0,0,0,0,0,0,0,0,0,0,0,0,0,0,0,0,0,0,0,0,0,0,0,0,0,0,0,0,0,0,0,0,0,0,0,0,0,0
1543,1,0,0,0,0,0,0,0,0,0,0,0,0,0,0,0,0,0,0,0,0,0,0,0,0,0,0,0,0,0,0,0,0,0,0,0,0,0,0,0,0,0,0,0,0,0,0,0,0,0,0,0,0,0,0,0,0,0,0,0,0,0,0,0,0
1544,1,0,0,0,0,0,0,0,0,0,0,0,0,0,0,0,0,0,0,0,0,0,0,0,0,0,0,0,0,0,0,0,0,0,0,0,0,0,0,0,0,0,0,0,0,0,0,0,0,0,0,0,0,0,0,0,0,0,0,0,0,0,0,0,0
1545,1,0,0,0,0,0,0,0,0,0,0,0,0,0,0,0,0,0,0,0,0,0,0,0,0,0,0,0,0,0,0,0,0,0,0,0,0,0,0,0,0,0,0,0,0,0,0,0,0,0,0,0,0,0,0,0,0,0,0,0,0,0,0,0,0
1546,1,0,0,0,0,0,0,0,0,0,0,0,0,0,0,0,0,0,0,0,0,0,0,0,0,0,0,0,0,0,0,0,0,0,0,0,0,0,0,0,0,0,0,0,0,0,0,0,0,0,0,0,0,0,0,0,0,0,0,0,0,0,0,0,0
1547,1,0,0,0,0,0,0,0,0,0,0,0,0,0,0,0,0,0,0,0,0,0,0,0,0,0,0,0,0,0,0,0,0,0,0,0,0,0,0,0,0,0,0,0,0,0,0,0,0,0,0,0,0,0,0,0,0,0,0,0,0,0,0,0,0
1548,1,0,0,0,0,0,0,0,0,0,0,0,0,0,0,0,0,0,0,0,0,0,0,0,0,0,0,0,0,0,0,0,0,0,0,0,0,0,0,0,0,0,0,0,0,0,0,0,0,0,0,0,0,0,0,0,0,0,0,0,0,0,0,0,0
1549,1,0,0,0,0,0,0,0,0,0,0,0,0,0,0,0,0,0,0,0,0,0,0,0,0,0,0,0,0,0,0,0,0,0,0,0,0,0,0,0,0,0,0,0,0,0,0,0,0,0,0,0,0,0,0,0,0,0,0,0,0,0,0,0,0
1550,1,0,0,0,0,0,0,0,0,0,0,0,0,0,0,0,0,0,0,0,0,0,0,0,0,0,0,0,0,0,0,0,0,0,0,0,0,0,0,0,0,0,0,0,0,0,0,0,0,0,0,0,0,0,0,0,0,0,0,0,0,0,0,0,0
1551,1,0,0,0,0,0,0,0,0,0,0,0,0,0,0,0,0,0,0,0,0,0,0,0,0,0,0,0,0,0,0,0,0,0,0,0,0,0,0,0,0,0,0,0,0,0,0,0,0,0,0,0,0,0,0,0,0,0,0,0,0,0,0,0,0
1552,1,0,0,0,0,0,0,0,0,0,0,0,0,0,0,0,0,0,0,0,0,0,0,0,0,0,0,0,0,0,0,0,0,0,0,0,0,0,0,0,0,0,0,0,0,0,0,0,0,0,0,0,0,0,0,0,0,0,0,0,0,0,0,0,0
1553,1,0,0,0,0,0,0,0,0,0,0,0,0,0,0,0,0,0,0,0,0,0,0,0,0,0,0,0,0,0,0,0,0,0,0,0,0,0,0,0,0,0,0,0,0,0,0,0,0,0,0,0,0,0,0,0,0,0,0,0,0,0,0,0,0
1554,1,0,0,0,0,0,0,0,0,0,0,0,0,0,0,0,0,0,0,0,0,0,0,0,0,0,0,0,0,0,0,0,0,0,0,0,0,0,0,0,0,0,0,0,0,0,0,0,0,0,0,0,0,0,0,0,0,0,0,0,0,0,0,0,0
1555,1,0,0,0,0,0,0,0,0,0,0,0,0,0,0,0,0,0,0,0,0,0,0,0,0,0,0,0,0,0,0,0,0,0,0,0,0,0,0,0,0,0,0,0,0,0,0,0,0,0,0,0,0,0,0,0,0,0,0,0,0,0,0,0,0
1556,1,0,0,0,0,0,0,0,0,0,0,0,0,0,0,0,0,0,0,0,0,0,0,0,0,0,0,0,0,0,0,0,0,0,0,0,0,0,0,0,0,0,0,0,0,0,0,0,0,0,0,0,0,0,0,0,0,0,0,0,0,0,0,0,0
1557,1,0,0,0,0,0,0,0,0,0,0,0,0,0,0,0,0,0,0,0,0,0,0,0,0,0,0,0,0,0,0,0,0,0,0,0,0,0,0,0,0,0,0,0,0,0,0,0,0,0,0,0,0,0,0,0,0,0,0,0,0,0,0,0,0
1558,1,0,0,0,0,0,0,0,0,0,0,0,0,0,0,0,0,0,0,0,0,0,0,0,0,0,0,0,0,0,0,0,0,0,0,0,0,0,0,0,0,0,0,0,0,0,0,0,0,0,0,0,0,0,0,0,0,0,0,0,0,0,0,0,0
1559,1,0,0,0,0,0,0,0,0,0,0,0,0,0,0,0,0,0,0,0,0,0,0,0,0,0,0,0,0,0,0,0,0,0,0,0,0,0,0,0,0,0,0,0,0,0,0,0,0,0,0,0,0,0,0,0,0,0,0,0,0,0,0,0,0
1560,1,0,0,0,0,0,0,0,0,0,0,0,0,0,0,0,0,0,0,0,0,0,0,0,0,0,0,0,0,0,0,0,0,0,0,0,0,0,0,0,0,0,0,0,0,0,0,0,0,0,0,0,0,0,0,0,0,0,0,0,0,0,0,0,0
1561,1,0,0,0,0,0,0,0,0,0,0,0,0,0,0,0,0,0,0,0,0,0,0,0,0,0,0,0,0,0,0,0,0,0,0,0,0,0,0,0,0,0,0,0,0,0,0,0,0,0,0,0,0,0,0,0,0,0,0,0,0,0,0,0,0
1562,1,0,0,0,0,0,0,0,0,0,0,0,0,0,0,0,0,0,0,0,0,0,0,0,0,0,0,0,0,0,0,0,0,0,0,0,0,0,0,0,0,0,0,0,0,0,0,0,0,0,0,0,0,0,0,0,0,0,0,0,0,0,0,0,0
1563,1,0,0,0,0,0,0,0,0,0,0,0,0,0,0,0,0,0,0,0,0,0,0,0,0,0,0,0,0,0,0,0,0,0,0,0,0,0,0,0,0,0,0,0,0,0,0,0,0,0,0,0,0,0,0,0,0,0,0,0,0,0,0,0,0
1564,1,0,0,0,0,0,0,0,0,0,0,0,0,0,0,0,0,0,0,0,0,0,0,0,0,0,0,0,0,0,0,0,0,0,0,0,0,0,0,0,0,0,0,0,0,0,0,0,0,0,0,0,0,0,0,0,0,0,0,0,0,0,0,0,0
1565,1,0,0,0,0,0,0,0,0,0,0,0,0,0,0,0,0,0,0,0,0,0,0,0,0,0,0,0,0,0,0,0,0,0,0,0,0,0,0,0,0,0,0,0,0,0,0,0,0,0,0,0,0,0,0,0,0,0,0,0,0,0,0,0,0
1566,1,0,0,0,0,0,0,0,0,0,0,0,0,0,0,0,0,0,0,0,0,0,0,0,0,0,0,0,0,0,0,0,0,0,0,0,0,0,0,0,0,0,0,0,0,0,0,0,0,0,0,0,0,0,0,0,0,0,0,0,0,0,0,0,0
1567,1,0,0,0,0,0,0,0,0,0,0,0,0,0,0,0,0,0,0,0,0,0,0,0,0,0,0,0,0,0,0,0,0,0,0,0,0,0,0,0,0,0,0,0,0,0,0,0,0,0,0,0,0,0,0,0,0,0,0,0,0,0,0,0,0
1568,1,0,0,0,0,0,0,0,0,0,0,0,0,0,0,0,0,0,0,0,0,0,0,0,0,0,0,0,0,0,0,0,0,0,0,0,0,0,0,0,0,0,0,0,0,0,0,0,0,0,0,0,0,0,0,0,0,0,0,0,0,0,0,0,0
1569,1,0,0,0,0,0,0,0,0,0,0,0,0,0,0,0,0,0,0,0,0,0,0,0,0,0,0,0,0,0,0,0,0,0,0,0,0,0,0,0,0,0,0,0,0,0,0,0,0,0,0,0,0,0,0,0,0,0,0,0,0,0,0,0,0
1570,1,0,0,0,0,0,0,0,0,0,0,0,0,0,0,0,0,0,0,0,0,0,0,0,0,0,0,0,0,0,0,0,0,0,0,0,0,0,0,0,0,0,0,0,0,0,0,0,0,0,0,0,0,0,0,0,0,0,0,0,0,0,0,0,0
1571,1,0,0,0,0,0,0,0,0,0,0,0,0,0,0,0,0,0,0,0,0,0,0,0,0,0,0,0,0,0,0,0,0,0,0,0,0,0,0,0,0,0,0,0,0,0,0,0,0,0,0,0,0,0,0,0,0,0,0,0,0,0,0,0,0
1572,1,0,0,0,0,0,0,0,0,0,0,0,0,0,0,0,0,0,0,0,0,0,0,0,0,0,0,0,0,0,0,0,0,0,0,0,0,0,0,0,0,0,0,0,0,0,0,0,0,0,0,0,0,0,0,0,0,0,0,0,0,0,0,0,0
1573,1,0,0,0,0,0,0,0,0,0,0,0,0,0,0,0,0,0,0,0,0,0,0,0,0,0,0,0,0,0,0,0,0,0,0,0,0,0,0,0,0,0,0,0,0,0,0,0,0,0,0,0,0,0,0,0,0,0,0,0,0,0,0,0,0
1574,1,0,0,0,0,0,0,0,0,0,0,0,0,0,0,0,0,0,0,0,0,0,0,0,0,0,0,0,0,0,0,0,0,0,0,0,0,0,0,0,0,0,0,0,0,0,0,0,0,0,0,0,0,0,0,0,0,0,0,0,0,0,0,0,0
1575,1,0,0,0,0,0,0,0,0,0,0,0,0,0,0,0,0,0,0,0,0,0,0,0,0,0,0,0,0,0,0,0,0,0,0,0,0,0,0,0,0,0,0,0,0,0,0,0,0,0,0,0,0,0,0,0,0,0,0,0,0,0,0,0,0
1576,1,0,0,0,0,0,0,0,0,0,0,0,0,0,0,0,0,0,0,0,0,0,0,0,0,0,0,0,0,0,0,0,0,0,0,0,0,0,0,0,0,0,0,0,0,0,0,0,0,0,0,0,0,0,0,0,0,0,0,0,0,0,0,0,0
1577,1,0,0,0,0,0,0,0,0,0,0,0,0,0,0,0,0,0,0,0,0,0,0,0,0,0,0,0,0,0,0,0,0,0,0,0,0,0,0,0,0,0,0,0,0,0,0,0,0,0,0,0,0,0,0,0,0,0,0,0,0,0,0,0,0
1578,1,0,0,0,0,0,0,0,0,0,0,0,0,0,0,0,0,0,0,0,0,0,0,0,0,0,0,0,0,0,0,0,0,0,0,0,0,0,0,0,0,0,0,0,0,0,0,0,0,0,0,0,0,0,0,0,0,0,0,0,0,0,0,0,0
1579,1,0,0,0,0,0,0,0,0,0,0,0,0,0,0,0,0,0,0,0,0,0,0,0,0,0,0,0,0,0,0,0,0,0,0,0,0,0,0,0,0,0,0,0,0,0,0,0,0,0,0,0,0,0,0,0,0,0,0,0,0,0,0,0,0
1580,1,0,0,0,0,0,0,0,0,0,0,0,0,0,0,0,0,0,0,0,0,0,0,0,0,0,0,0,0,0,0,0,0,0,0,0,0,0,0,0,0,0,0,0,0,0,0,0,0,0,0,0,0,0,0,0,0,0,0,0,0,0,0,0,0
1581,1,0,0,0,0,0,0,0,0,0,0,0,0,0,0,0,0,0,0,0,0,0,0,0,0,0,0,0,0,0,0,0,0,0,0,0,0,0,0,0,0,0,0,0,0,0,0,0,0,0,0,0,0,0,0,0,0,0,0,0,0,0,0,0,0
1582,1,0,0,0,0,0,0,0,0,0,0,0,0,0,0,0,0,0,0,0,0,0,0,0,0,0,0,0,0,0,0,0,0,0,0,0,0,0,0,0,0,0,0,0,0,0,0,0,0,0,0,0,0,0,0,0,0,0,0,0,0,0,0,0,0
1583,1,0,0,0,0,0,0,0,0,0,0,0,0,0,0,0,0,0,0,0,0,0,0,0,0,0,0,0,0,0,0,0,0,0,0,0,0,0,0,0,0,0,0,0,0,0,0,0,0,0,0,0,0,0,0,0,0,0,0,0,0,0,0,0,0
1584,1,0,0,0,0,0,0,0,0,0,0,0,0,0,0,0,0,0,0,0,0,0,0,0,0,0,0,0,0,0,0,0,0,0,0,0,0,0,0,0,0,0,0,0,0,0,0,0,0,0,0,0,0,0,0,0,0,0,0,0,0,0,0,0,0
1585,1,0,0,0,0,0,0,0,0,0,0,0,0,0,0,0,0,0,0,0,0,0,0,0,0,0,0,0,0,0,0,0,0,0,0,0,0,0,0,0,0,0,0,0,0,0,0,0,0,0,0,0,0,0,0,0,0,0,0,0,0,0,0,0,0
1586,1,0,0,0,0,0,0,0,0,0,0,0,0,0,0,0,0,0,0,0,0,0,0,0,0,0,0,0,0,0,0,0,0,0,0,0,0,0,0,0,0,0,0,0,0,0,0,0,0,0,0,0,0,0,0,0,0,0,0,0,0,0,0,0,0
1587,1,0,0,0,0,0,0,0,0,0,0,0,0,0,0,0,0,0,0,0,0,0,0,0,0,0,0,0,0,0,0,0,0,0,0,0,0,0,0,0,0,0,0,0,0,0,0,0,0,0,0,0,0,0,0,0,0,0,0,0,0,0,0,0,0
1588,1,0,0,0,0,0,0,0,0,0,0,0,0,0,0,0,0,0,0,0,0,0,0,0,0,0,0,0,0,0,0,0,0,0,0,0,0,0,0,0,0,0,0,0,0,0,0,0,0,0,0,0,0,0,0,0,0,0,0,0,0,0,0,0,0
1589,1,0,0,0,0,0,0,0,0,0,0,0,0,0,0,0,0,0,0,0,0,0,0,0,0,0,0,0,0,0,0,0,0,0,0,0,0,0,0,0,0,0,0,0,0,0,0,0,0,0,0,0,0,0,0,0,0,0,0,0,0,0,0,0,0
1590,1,0,0,0,0,0,0,0,0,0,0,0,0,0,0,0,0,0,0,0,0,0,0,0,0,0,0,0,0,0,0,0,0,0,0,0,0,0,0,0,0,0,0,0,0,0,0,0,0,0,0,0,0,0,0,0,0,0,0,0,0,0,0,0,0
1591,1,0,0,0,0,0,0,0,0,0,0,0,0,0,0,0,0,0,0,0,0,0,0,0,0,0,0,0,0,0,0,0,0,0,0,0,0,0,0,0,0,0,0,0,0,0,0,0,0,0,0,0,0,0,0,0,0,0,0,0,0,0,0,0,0
1592,1,0,0,0,0,0,0,0,0,0,0,0,0,0,0,0,0,0,0,0,0,0,0,0,0,0,0,0,0,0,0,0,0,0,0,0,0,0,0,0,0,0,0,0,0,0,0,0,0,0,0,0,0,0,0,0,0,0,0,0,0,0,0,0,0
1593,1,0,0,0,0,0,0,0,0,0,0,0,0,0,0,0,0,0,0,0,0,0,0,0,0,0,0,0,0,0,0,0,0,0,0,0,0,0,0,0,0,0,0,0,0,0,0,0,0,0,0,0,0,0,0,0,0,0,0,0,0,0,0,0,0
1594,1,0,0,0,0,0,0,0,0,0,0,0,0,0,0,0,0,0,0,0,0,0,0,0,0,0,0,0,0,0,0,0,0,0,0,0,0,0,0,0,0,0,0,0,0,0,0,0,0,0,0,0,0,0,0,0,0,0,0,0,0,0,0,0,0
1595,1,0,0,0,0,0,0,0,0,0,0,0,0,0,0,0,0,0,0,0,0,0,0,0,0,0,0,0,0,0,0,0,0,0,0,0,0,0,0,0,0,0,0,0,0,0,0,0,0,0,0,0,0,0,0,0,0,0,0,0,0,0,0,0,0
1596,1,0,0,0,0,0,0,0,0,0,0,0,0,0,0,0,0,0,0,0,0,0,0,0,0,0,0,0,0,0,0,0,0,0,0,0,0,0,0,0,0,0,0,0,0,0,0,0,0,0,0,0,0,0,0,0,0,0,0,0,0,0,0,0,0
1597,1,0,0,0,0,0,0,0,0,0,0,0,0,0,0,0,0,0,0,0,0,0,0,0,0,0,0,0,0,0,0,0,0,0,0,0,0,0,0,0,0,0,0,0,0,0,0,0,0,0,0,0,0,0,0,0,0,0,0,0,0,0,0,0,0
1598,1,0,0,0,0,0,0,0,0,0,0,0,0,0,0,0,0,0,0,0,0,0,0,0,0,0,0,0,0,0,0,0,0,0,0,0,0,0,0,0,0,0,0,0,0,0,0,0,0,0,0,0,0,0,0,0,0,0,0,0,0,0,0,0,0
1599,1,0,0,0,0,0,0,0,0,0,0,0,0,0,0,0,0,0,0,0,0,0,0,0,0,0,0,0,0,0,0,0,0,0,0,0,0,0,0,0,0,0,0,0,0,0,0,0,0,0,0,0,0,0,0,0,0,0,0,0,0,0,0,0,0
1600,1,0,0,0,0,0,0,0,0,0,0,0,0,0,0,0,0,0,0,0,0,0,0,0,0,0,0,0,0,0,0,0,0,0,0,0,0,0,0,0,0,0,0,0,0,0,0,0,0,0,0,0,0,0,0,0,0,0,0,0,0,0,0,0,0
1601,1,0,0,0,0,0,0,0,0,0,0,0,0,0,0,0,0,0,0,0,0,0,0,0,0,0,0,0,0,0,0,0,0,0,0,0,0,0,0,0,0,0,0,0,0,0,0,0,0,0,0,0,0,0,0,0,0,0,0,0,0,0,0,0,0
1602,1,0,0,0,0,0,0,0,0,0,0,0,0,0,0,0,0,0,0,0,0,0,0,0,0,0,0,0,0,0,0,0,0,0,0,0,0,0,0,0,0,0,0,0,0,0,0,0,0,0,0,0,0,0,0,0,0,0,0,0,0,0,0,0,0
1603,1,0,0,0,0,0,0,0,0,0,0,0,0,0,0,0,0,0,0,0,0,0,0,0,0,0,0,0,0,0,0,0,0,0,0,0,0,0,0,0,0,0,0,0,0,0,0,0,0,0,0,0,0,0,0,0,0,0,0,0,0,0,0,0,0
1604,1,0,0,0,0,0,0,0,0,0,0,0,0,0,0,0,0,0,0,0,0,0,0,0,0,0,0,0,0,0,0,0,0,0,0,0,0,0,0,0,0,0,0,0,0,0,0,0,0,0,0,0,0,0,0,0,0,0,0,0,0,0,0,0,0
1605,1,0,0,0,0,0,0,0,0,0,0,0,0,0,0,0,0,0,0,0,0,0,0,0,0,0,0,0,0,0,0,0,0,0,0,0,0,0,0,0,0,0,0,0,0,0,0,0,0,0,0,0,0,0,0,0,0,0,0,0,0,0,0,0,0
1606,1,0,0,0,0,0,0,0,0,0,0,0,0,0,0,0,0,0,0,0,0,0,0,0,0,0,0,0,0,0,0,0,0,0,0,0,0,0,0,0,0,0,0,0,0,0,0,0,0,0,0,0,0,0,0,0,0,0,0,0,0,0,0,0,0
1607,1,0,0,0,0,0,0,0,0,0,0,0,0,0,0,0,0,0,0,0,0,0,0,0,0,0,0,0,0,0,0,0,0,0,0,0,0,0,0,0,0,0,0,0,0,0,0,0,0,0,0,0,0,0,0,0,0,0,0,0,0,0,0,0,0
1608,1,0,0,0,0,0,0,0,0,0,0,0,0,0,0,0,0,0,0,0,0,0,0,0,0,0,0,0,0,0,0,0,0,0,0,0,0,0,0,0,0,0,0,0,0,0,0,0,0,0,0,0,0,0,0,0,0,0,0,0,0,0,0,0,0
1609,1,0,0,0,0,0,0,0,0,0,0,0,0,0,0,0,0,0,0,0,0,0,0,0,0,0,0,0,0,0,0,0,0,0,0,0,0,0,0,0,0,0,0,0,0,0,0,0,0,0,0,0,0,0,0,0,0,0,0,0,0,0,0,0,0
1610,1,0,0,0,0,0,0,0,0,0,0,0,0,0,0,0,0,0,0,0,0,0,0,0,0,0,0,0,0,0,0,0,0,0,0,0,0,0,0,0,0,0,0,0,0,0,0,0,0,0,0,0,0,0,0,0,0,0,0,0,0,0,0,0,0
1611,1,0,0,0,0,0,0,0,0,0,0,0,0,0,0,0,0,0,0,0,0,0,0,0,0,0,0,0,0,0,0,0,0,0,0,0,0,0,0,0,0,0,0,0,0,0,0,0,0,0,0,0,0,0,0,0,0,0,0,0,0,0,0,0,0
1612,1,0,0,0,0,0,0,0,0,0,0,0,0,0,0,0,0,0,0,0,0,0,0,0,0,0,0,0,0,0,0,0,0,0,0,0,0,0,0,0,0,0,0,0,0,0,0,0,0,0,0,0,0,0,0,0,0,0,0,0,0,0,0,0,0
1613,1,0,0,0,0,0,0,0,0,0,0,0,0,0,0,0,0,0,0,0,0,0,0,0,0,0,0,0,0,0,0,0,0,0,0,0,0,0,0,0,0,0,0,0,0,0,0,0,0,0,0,0,0,0,0,0,0,0,0,0,0,0,0,0,0
1614,1,0,0,0,0,0,0,0,0,0,0,0,0,0,0,0,0,0,0,0,0,0,0,0,0,0,0,0,0,0,0,0,0,0,0,0,0,0,0,0,0,0,0,0,0,0,0,0,0,0,0,0,0,0,0,0,0,0,0,0,0,0,0,0,0
1615,1,0,0,0,0,0,0,0,0,0,0,0,0,0,0,0,0,0,0,0,0,0,0,0,0,0,0,0,0,0,0,0,0,0,0,0,0,0,0,0,0,0,0,0,0,0,0,0,0,0,0,0,0,0,0,0,0,0,0,0,0,0,0,0,0
1616,1,0,0,0,0,0,0,0,0,0,0,0,0,0,0,0,0,0,0,0,0,0,0,0,0,0,0,0,0,0,0,0,0,0,0,0,0,0,0,0,0,0,0,0,0,0,0,0,0,0,0,0,0,0,0,0,0,0,0,0,0,0,0,0,0
1617,1,0,0,0,0,0,0,0,0,0,0,0,0,0,0,0,0,0,0,0,0,0,0,0,0,0,0,0,0,0,0,0,0,0,0,0,0,0,0,0,0,0,0,0,0,0,0,0,0,0,0,0,0,0,0,0,0,0,0,0,0,0,0,0,0
1618,1,0,0,0,0,0,0,0,0,0,0,0,0,0,0,0,0,0,0,0,0,0,0,0,0,0,0,0,0,0,0,0,0,0,0,0,0,0,0,0,0,0,0,0,0,0,0,0,0,0,0,0,0,0,0,0,0,0,0,0,0,0,0,0,0
1619,1,0,0,0,0,0,0,0,0,0,0,0,0,0,0,0,0,0,0,0,0,0,0,0,0,0,0,0,0,0,0,0,0,0,0,0,0,0,0,0,0,0,0,0,0,0,0,0,0,0,0,0,0,0,0,0,0,0,0,0,0,0,0,0,0
1620,1,0,0,0,0,0,0,0,0,0,0,0,0,0,0,0,0,0,0,0,0,0,0,0,0,0,0,0,0,0,0,0,0,0,0,0,0,0,0,0,0,0,0,0,0,0,0,0,0,0,0,0,0,0,0,0,0,0,0,0,0,0,0,0,0
1621,1,0,0,0,0,0,0,0,0,0,0,0,0,0,0,0,0,0,0,0,0,0,0,0,0,0,0,0,0,0,0,0,0,0,0,0,0,0,0,0,0,0,0,0,0,0,0,0,0,0,0,0,0,0,0,0,0,0,0,0,0,0,0,0,0
1622,1,0,0,0,0,0,0,0,0,0,0,0,0,0,0,0,0,0,0,0,0,0,0,0,0,0,0,0,0,0,0,0,0,0,0,0,0,0,0,0,0,0,0,0,0,0,0,0,0,0,0,0,0,0,0,0,0,0,0,0,0,0,0,0,0
1623,1,0,0,0,0,0,0,0,0,0,0,0,0,0,0,0,0,0,0,0,0,0,0,0,0,0,0,0,0,0,0,0,0,0,0,0,0,0,0,0,0,0,0,0,0,0,0,0,0,0,0,0,0,0,0,0,0,0,0,0,0,0,0,0,0
1624,1,0,0,0,0,0,0,0,0,0,0,0,0,0,0,0,0,0,0,0,0,0,0,0,0,0,0,0,0,0,0,0,0,0,0,0,0,0,0,0,0,0,0,0,0,0,0,0,0,0,0,0,0,0,0,0,0,0,0,0,0,0,0,0,0
1625,1,0,0,0,0,0,0,0,0,0,0,0,0,0,0,0,0,0,0,0,0,0,0,0,0,0,0,0,0,0,0,0,0,0,0,0,0,0,0,0,0,0,0,0,0,0,0,0,0,0,0,0,0,0,0,0,0,0,0,0,0,0,0,0,0
1626,1,0,0,0,0,0,0,0,0,0,0,0,0,0,0,0,0,0,0,0,0,0,0,0,0,0,0,0,0,0,0,0,0,0,0,0,0,0,0,0,0,0,0,0,0,0,0,0,0,0,0,0,0,0,0,0,0,0,0,0,0,0,0,0,0
1627,1,0,0,0,0,0,0,0,0,0,0,0,0,0,0,0,0,0,0,0,0,0,0,0,0,0,0,0,0,0,0,0,0,0,0,0,0,0,0,0,0,0,0,0,0,0,0,0,0,0,0,0,0,0,0,0,0,0,0,0,0,0,0,0,0
1628,1,0,0,0,0,0,0,0,0,0,0,0,0,0,0,0,0,0,0,0,0,0,0,0,0,0,0,0,0,0,0,0,0,0,0,0,0,0,0,0,0,0,0,0,0,0,0,0,0,0,0,0,0,0,0,0,0,0,0,0,0,0,0,0,0
1629,1,0,0,0,0,0,0,0,0,0,0,0,0,0,0,0,0,0,0,0,0,0,0,0,0,0,0,0,0,0,0,0,0,0,0,0,0,0,0,0,0,0,0,0,0,0,0,0,0,0,0,0,0,0,0,0,0,0,0,0,0,0,0,0,0
1630,1,0,0,0,0,0,0,0,0,0,0,0,0,0,0,0,0,0,0,0,0,0,0,0,0,0,0,0,0,0,0,0,0,0,0,0,0,0,0,0,0,0,0,0,0,0,0,0,0,0,0,0,0,0,0,0,0,0,0,0,0,0,0,0,0
1631,1,0,0,0,0,0,0,0,0,0,0,0,0,0,0,0,0,0,0,0,0,0,0,0,0,0,0,0,0,0,0,0,0,0,0,0,0,0,0,0,0,0,0,0,0,0,0,0,0,0,0,0,0,0,0,0,0,0,0,0,0,0,0,0,0
1632,1,0,0,0,0,0,0,0,0,0,0,0,0,0,0,0,0,0,0,0,0,0,0,0,0,0,0,0,0,0,0,0,0,0,0,0,0,0,0,0,0,0,0,0,0,0,0,0,0,0,0,0,0,0,0,0,0,0,0,0,0,0,0,0,0
1633,1,0,0,0,0,0,0,0,0,0,0,0,0,0,0,0,0,0,0,0,0,0,0,0,0,0,0,0,0,0,0,0,0,0,0,0,0,0,0,0,0,0,0,0,0,0,0,0,0,0,0,0,0,0,0,0,0,0,0,0,0,0,0,0,0
1634,1,0,0,0,0,0,0,0,0,0,0,0,0,0,0,0,0,0,0,0,0,0,0,0,0,0,0,0,0,0,0,0,0,0,0,0,0,0,0,0,0,0,0,0,0,0,0,0,0,0,0,0,0,0,0,0,0,0,0,0,0,0,0,0,0
1635,1,0,0,0,0,0,0,0,0,0,0,0,0,0,0,0,0,0,0,0,0,0,0,0,0,0,0,0,0,0,0,0,0,0,0,0,0,0,0,0,0,0,0,0,0,0,0,0,0,0,0,0,0,0,0,0,0,0,0,0,0,0,0,0,0
1636,1,0,0,0,0,0,0,0,0,0,0,0,0,0,0,0,0,0,0,0,0,0,0,0,0,0,0,0,0,0,0,0,0,0,0,0,0,0,0,0,0,0,0,0,0,0,0,0,0,0,0,0,0,0,0,0,0,0,0,0,0,0,0,0,0
1637,1,0,0,0,0,0,0,0,0,0,0,0,0,0,0,0,0,0,0,0,0,0,0,0,0,0,0,0,0,0,0,0,0,0,0,0,0,0,0,0,0,0,0,0,0,0,0,0,0,0,0,0,0,0,0,0,0,0,0,0,0,0,0,0,0
1638,1,0,0,0,0,0,0,0,0,0,0,0,0,0,0,0,0,0,0,0,0,0,0,0,0,0,0,0,0,0,0,0,0,0,0,0,0,0,0,0,0,0,0,0,0,0,0,0,0,0,0,0,0,0,0,0,0,0,0,0,0,0,0,0,0
1639,1,0,0,0,0,0,0,0,0,0,0,0,0,0,0,0,0,0,0,0,0,0,0,0,0,0,0,0,0,0,0,0,0,0,0,0,0,0,0,0,0,0,0,0,0,0,0,0,0,0,0,0,0,0,0,0,0,0,0,0,0,0,0,0,0
1640,1,0,0,0,0,0,0,0,0,0,0,0,0,0,0,0,0,0,0,0,0,0,0,0,0,0,0,0,0,0,0,0,0,0,0,0,0,0,0,0,0,0,0,0,0,0,0,0,0,0,0,0,0,0,0,0,0,0,0,0,0,0,0,0,0
1641,1,0,0,0,0,0,0,0,0,0,0,0,0,0,0,0,0,0,0,0,0,0,0,0,0,0,0,0,0,0,0,0,0,0,0,0,0,0,0,0,0,0,0,0,0,0,0,0,0,0,0,0,0,0,0,0,0,0,0,0,0,0,0,0,0
1642,1,0,0,0,0,0,0,0,0,0,0,0,0,0,0,0,0,0,0,0,0,0,0,0,0,0,0,0,0,0,0,0,0,0,0,0,0,0,0,0,0,0,0,0,0,0,0,0,0,0,0,0,0,0,0,0,0,0,0,0,0,0,0,0,0
1643,1,0,0,0,0,0,0,0,0,0,0,0,0,0,0,0,0,0,0,0,0,0,0,0,0,0,0,0,0,0,0,0,0,0,0,0,0,0,0,0,0,0,0,0,0,0,0,0,0,0,0,0,0,0,0,0,0,0,0,0,0,0,0,0,0
1644,1,0,0,0,0,0,0,0,0,0,0,0,0,0,0,0,0,0,0,0,0,0,0,0,0,0,0,0,0,0,0,0,0,0,0,0,0,0,0,0,0,0,0,0,0,0,0,0,0,0,0,0,0,0,0,0,0,0,0,0,0,0,0,0,0
1645,1,0,0,0,0,0,0,0,0,0,0,0,0,0,0,0,0,0,0,0,0,0,0,0,0,0,0,0,0,0,0,0,0,0,0,0,0,0,0,0,0,0,0,0,0,0,0,0,0,0,0,0,0,0,0,0,0,0,0,0,0,0,0,0,0
1646,1,0,0,0,0,0,0,0,0,0,0,0,0,0,0,0,0,0,0,0,0,0,0,0,0,0,0,0,0,0,0,0,0,0,0,0,0,0,0,0,0,0,0,0,0,0,0,0,0,0,0,0,0,0,0,0,0,0,0,0,0,0,0,0,0
1647,1,0,0,0,0,0,0,0,0,0,0,0,0,0,0,0,0,0,0,0,0,0,0,0,0,0,0,0,0,0,0,0,0,0,0,0,0,0,0,0,0,0,0,0,0,0,0,0,0,0,0,0,0,0,0,0,0,0,0,0,0,0,0,0,0
1648,1,0,0,0,0,0,0,0,0,0,0,0,0,0,0,0,0,0,0,0,0,0,0,0,0,0,0,0,0,0,0,0,0,0,0,0,0,0,0,0,0,0,0,0,0,0,0,0,0,0,0,0,0,0,0,0,0,0,0,0,0,0,0,0,0
1649,1,0,0,0,0,0,0,0,0,0,0,0,0,0,0,0,0,0,0,0,0,0,0,0,0,0,0,0,0,0,0,0,0,0,0,0,0,0,0,0,0,0,0,0,0,0,0,0,0,0,0,0,0,0,0,0,0,0,0,0,0,0,0,0,0
1650,1,0,0,0,0,0,0,0,0,0,0,0,0,0,0,0,0,0,0,0,0,0,0,0,0,0,0,0,0,0,0,0,0,0,0,0,0,0,0,0,0,0,0,0,0,0,0,0,0,0,0,0,0,0,0,0,0,0,0,0,0,0,0,0,0
1651,1,0,0,0,0,0,0,0,0,0,0,0,0,0,0,0,0,0,0,0,0,0,0,0,0,0,0,0,0,0,0,0,0,0,0,0,0,0,0,0,0,0,0,0,0,0,0,0,0,0,0,0,0,0,0,0,0,0,0,0,0,0,0,0,0
1652,1,0,0,0,0,0,0,0,0,0,0,0,0,0,0,0,0,0,0,0,0,0,0,0,0,0,0,0,0,0,0,0,0,0,0,0,0,0,0,0,0,0,0,0,0,0,0,0,0,0,0,0,0,0,0,0,0,0,0,0,0,0,0,0,0
1653,1,0,0,0,0,0,0,0,0,0,0,0,0,0,0,0,0,0,0,0,0,0,0,0,0,0,0,0,0,0,0,0,0,0,0,0,0,0,0,0,0,0,0,0,0,0,0,0,0,0,0,0,0,0,0,0,0,0,0,0,0,0,0,0,0
1654,1,0,0,0,0,0,0,0,0,0,0,0,0,0,0,0,0,0,0,0,0,0,0,0,0,0,0,0,0,0,0,0,0,0,0,0,0,0,0,0,0,0,0,0,0,0,0,0,0,0,0,0,0,0,0,0,0,0,0,0,0,0,0,0,0
1655,1,0,0,0,0,0,0,0,0,0,0,0,0,0,0,0,0,0,0,0,0,0,0,0,0,0,0,0,0,0,0,0,0,0,0,0,0,0,0,0,0,0,0,0,0,0,0,0,0,0,0,0,0,0,0,0,0,0,0,0,0,0,0,0,0
1656,1,0,0,0,0,0,0,0,0,0,0,0,0,0,0,0,0,0,0,0,0,0,0,0,0,0,0,0,0,0,0,0,0,0,0,0,0,0,0,0,0,0,0,0,0,0,0,0,0,0,0,0,0,0,0,0,0,0,0,0,0,0,0,0,0
1657,1,0,0,0,0,0,0,0,0,0,0,0,0,0,0,0,0,0,0,0,0,0,0,0,0,0,0,0,0,0,0,0,0,0,0,0,0,0,0,0,0,0,0,0,0,0,0,0,0,0,0,0,0,0,0,0,0,0,0,0,0,0,0,0,0
1658,1,0,0,0,0,0,0,0,0,0,0,0,0,0,0,0,0,0,0,0,0,0,0,0,0,0,0,0,0,0,0,0,0,0,0,0,0,0,0,0,0,0,0,0,0,0,0,0,0,0,0,0,0,0,0,0,0,0,0,0,0,0,0,0,0
1659,1,0,0,0,0,0,0,0,0,0,0,0,0,0,0,0,0,0,0,0,0,0,0,0,0,0,0,0,0,0,0,0,0,0,0,0,0,0,0,0,0,0,0,0,0,0,0,0,0,0,0,0,0,0,0,0,0,0,0,0,0,0,0,0,0
1660,1,0,0,0,0,0,0,0,0,0,0,0,0,0,0,0,0,0,0,0,0,0,0,0,0,0,0,0,0,0,0,0,0,0,0,0,0,0,0,0,0,0,0,0,0,0,0,0,0,0,0,0,0,0,0,0,0,0,0,0,0,0,0,0,0
1661,1,0,0,0,0,0,0,0,0,0,0,0,0,0,0,0,0,0,0,0,0,0,0,0,0,0,0,0,0,0,0,0,0,0,0,0,0,0,0,0,0,0,0,0,0,0,0,0,0,0,0,0,0,0,0,0,0,0,0,0,0,0,0,0,0
1662,1,0,0,0,0,0,0,0,0,0,0,0,0,0,0,0,0,0,0,0,0,0,0,0,0,0,0,0,0,0,0,0,0,0,0,0,0,0,0,0,0,0,0,0,0,0,0,0,0,0,0,0,0,0,0,0,0,0,0,0,0,0,0,0,0
1663,1,0,0,0,0,0,0,0,0,0,0,0,0,0,0,0,0,0,0,0,0,0,0,0,0,0,0,0,0,0,0,0,0,0,0,0,0,0,0,0,0,0,0,0,0,0,0,0,0,0,0,0,0,0,0,0,0,0,0,0,0,0,0,0,0
1664,1,0,0,0,0,0,0,0,0,0,0,0,0,0,0,0,0,0,0,0,0,0,0,0,0,0,0,0,0,0,0,0,0,0,0,0,0,0,0,0,0,0,0,0,0,0,0,0,0,0,0,0,0,0,0,0,0,0,0,0,0,0,0,0,0
1665,1,0,0,0,0,0,0,0,0,0,0,0,0,0,0,0,0,0,0,0,0,0,0,0,0,0,0,0,0,0,0,0,0,0,0,0,0,0,0,0,0,0,0,0,0,0,0,0,0,0,0,0,0,0,0,0,0,0,0,0,0,0,0,0,0
1666,1,0,0,0,0,0,0,0,0,0,0,0,0,0,0,0,0,0,0,0,0,0,0,0,0,0,0,0,0,0,0,0,0,0,0,0,0,0,0,0,0,0,0,0,0,0,0,0,0,0,0,0,0,0,0,0,0,0,0,0,0,0,0,0,0
1667,1,0,0,0,0,0,0,0,0,0,0,0,0,0,0,0,0,0,0,0,0,0,0,0,0,0,0,0,0,0,0,0,0,0,0,0,0,0,0,0,0,0,0,0,0,0,0,0,0,0,0,0,0,0,0,0,0,0,0,0,0,0,0,0,0
1668,1,0,0,0,0,0,0,0,0,0,0,0,0,0,0,0,0,0,0,0,0,0,0,0,0,0,0,0,0,0,0,0,0,0,0,0,0,0,0,0,0,0,0,0,0,0,0,0,0,0,0,0,0,0,0,0,0,0,0,0,0,0,0,0,0
1669,1,0,0,0,0,0,0,0,0,0,0,0,0,0,0,0,0,0,0,0,0,0,0,0,0,0,0,0,0,0,0,0,0,0,0,0,0,0,0,0,0,0,0,0,0,0,0,0,0,0,0,0,0,0,0,0,0,0,0,0,0,0,0,0,0
1670,1,0,0,0,0,0,0,0,0,0,0,0,0,0,0,0,0,0,0,0,0,0,0,0,0,0,0,0,0,0,0,0,0,0,0,0,0,0,0,0,0,0,0,0,0,0,0,0,0,0,0,0,0,0,0,0,0,0,0,0,0,0,0,0,0
1671,1,0,0,0,0,0,0,0,0,0,0,0,0,0,0,0,0,0,0,0,0,0,0,0,0,0,0,0,0,0,0,0,0,0,0,0,0,0,0,0,0,0,0,0,0,0,0,0,0,0,0,0,0,0,0,0,0,0,0,0,0,0,0,0,0
1672,1,0,0,0,0,0,0,0,0,0,0,0,0,0,0,0,0,0,0,0,0,0,0,0,0,0,0,0,0,0,0,0,0,0,0,0,0,0,0,0,0,0,0,0,0,0,0,0,0,0,0,0,0,0,0,0,0,0,0,0,0,0,0,0,0
1673,1,0,0,0,0,0,0,0,0,0,0,0,0,0,0,0,0,0,0,0,0,0,0,0,0,0,0,0,0,0,0,0,0,0,0,0,0,0,0,0,0,0,0,0,0,0,0,0,0,0,0,0,0,0,0,0,0,0,0,0,0,0,0,0,0
1674,1,0,0,0,0,0,0,0,0,0,0,0,0,0,0,0,0,0,0,0,0,0,0,0,0,0,0,0,0,0,0,0,0,0,0,0,0,0,0,0,0,0,0,0,0,0,0,0,0,0,0,0,0,0,0,0,0,0,0,0,0,0,0,0,0
1675,1,0,0,0,0,0,0,0,0,0,0,0,0,0,0,0,0,0,0,0,0,0,0,0,0,0,0,0,0,0,0,0,0,0,0,0,0,0,0,0,0,0,0,0,0,0,0,0,0,0,0,0,0,0,0,0,0,0,0,0,0,0,0,0,0
1676,1,0,0,0,0,0,0,0,0,0,0,0,0,0,0,0,0,0,0,0,0,0,0,0,0,0,0,0,0,0,0,0,0,0,0,0,0,0,0,0,0,0,0,0,0,0,0,0,0,0,0,0,0,0,0,0,0,0,0,0,0,0,0,0,0
1677,1,0,0,0,0,0,0,0,0,0,0,0,0,0,0,0,0,0,0,0,0,0,0,0,0,0,0,0,0,0,0,0,0,0,0,0,0,0,0,0,0,0,0,0,0,0,0,0,0,0,0,0,0,0,0,0,0,0,0,0,0,0,0,0,0
1678,1,0,0,0,0,0,0,0,0,0,0,0,0,0,0,0,0,0,0,0,0,0,0,0,0,0,0,0,0,0,0,0,0,0,0,0,0,0,0,0,0,0,0,0,0,0,0,0,0,0,0,0,0,0,0,0,0,0,0,0,0,0,0,0,0
1679,1,0,0,0,0,0,0,0,0,0,0,0,0,0,0,0,0,0,0,0,0,0,0,0,0,0,0,0,0,0,0,0,0,0,0,0,0,0,0,0,0,0,0,0,0,0,0,0,0,0,0,0,0,0,0,0,0,0,0,0,0,0,0,0,0
1680,2,0,0,0,0,0,0,0,0,0,0,0,0,0,0,0,0,0,0,0,0,0,0,0,0,0,0,0,0,0,0,0,0,0,0,0,0,0,0,0,0,0,0,0,0,0,0,0,0,0,0,0,0,0,0,0,0,0,0,0,0,0,0,0,0
1681,2,0,0,0,0,0,0,0,0,0,0,0,0,0,0,0,0,0,0,0,0,0,0,0,0,0,0,0,0,0,0,0,0,0,0,0,0,0,0,0,0,0,0,0,0,0,0,0,0,0,0,0,0,0,0,0,0,0,0,0,0,0,0,0,0
1682,2,0,0,0,0,0,0,0,0,0,0,0,0,0,0,0,0,0,0,0,0,0,0,0,0,0,0,0,0,0,0,0,0,0,0,0,0,0,0,0,0,0,0,0,0,0,0,0,0,0,0,0,0,0,0,0,0,0,0,0,0,0,0,0,0
1683,2,0,0,0,0,0,0,0,0,0,0,0,0,0,0,0,0,0,0,0,0,0,0,0,0,0,0,0,0,0,0,0,0,0,0,0,0,0,0,0,0,0,0,0,0,0,0,0,0,0,0,0,0,0,0,0,0,0,0,0,0,0,0,0,0
1684,2,0,0,0,0,0,0,0,0,0,0,0,0,0,0,0,0,0,0,0,0,0,0,0,0,0,0,0,0,0,0,0,0,0,0,0,0,0,0,0,0,0,0,0,0,0,0,0,0,0,0,0,0,0,0,0,0,0,0,0,0,0,0,0,0
1685,2,0,0,0,0,0,0,0,0,0,0,0,0,0,0,0,0,0,0,0,0,0,0,0,0,0,0,0,0,0,0,0,0,0,0,0,0,0,0,0,0,0,0,0,0,0,0,0,0,0,0,0,0,0,0,0,0,0,0,0,0,0,0,0,0
1686,2,89,0,0,0,0,0,0,0,0,0,0,0,0,0,0,0,0,0,0,0,0,0,0,0,0,0,0,0,0,0,0,0,-17,0,0,0,0,0,0,0,0,0,0,0,0,0,0,0,0,0,0,0,0,0,0,0,0,0,0,0,0,0,0,0
1687,2,89,0,0,0,0,0,0,0,0,0,0,0,0,0,0,0,0,0,0,0,0,0,0,0,0,0,0,0,0,0,0,0,-17,0,0,0,0,0,0,0,0,0,0,0,0,0,0,0,0,0,0,0,0,0,0,0,0,0,0,0,0,0,0,0
1688,2,89,0,0,0,0,0,0,0,0,0,0,0,0,0,0,0,0,0,0,0,0,0,0,0,0,0,0,0,0,0,0,0,-17,0,0,0,0,0,0,0,0,0,0,0,0,0,0,0,0,0,0,0,0,0,0,0,0,0,0,0,0,0,0,0
1689,2,-115,-115,0,0,0,0,0,0,0,0,0,0,0,0,0,0,0,0,0,0,0,0,0,0,0,0,0,0,0,0,0,0,104,-17,0,0,0,0,0,0,0,0,0,0,0,0,0,0,0,0,0,0,0,0,0,0,0,0,0,0,0,0,0,0
1690,2,-115,-115,0,0,0,0,0,0,0,0,0,0,0,0,0,0,0,0,0,0,0,0,0,0,0,0,0,0,0,0,0,0,104,-17,0,0,0,0,0,0,0,0,0,0,0,0,0,0,0,0,0,0,0,0,0,0,0,0,0,0,0,0,0,0
1691,2,-115,-115,0,0,0,0,0,0,0,0,0,0,0,0,0,0,0,0,0,0,0,0,0,0,0,0,0,0,0,0,0,0,104,-17,0,0,0,0,0,0,0,0,0,0,0,0,0,0,0,0,0,0,0,0,0,0,0,0,0,0,0,0,0,0
1692,2,-118,-118,-118,0,0,0,0,0,0,0,0,0,0,0,0,0,0,0,0,0,0,0,0,0,0,0,0,0,0,0,0,0,10,-13,-17,0,0,0,0,0,0,0,0,0,0,0,0,0,0,0,0,0,0,0,0,0,0,0,0,0,0,0,0,0
1693,2,-118,-118,-118,0,0,0,0,0,0,0,0,0,0,0,0,0,0,0,0,0,0,0,0,0,0,0,0,0,0,0,0,0,10,-13,-17,0,0,0,0,0,0,0,0,0,0,0,0,0,0,0,0,0,0,0,0,0,0,0,0,0,0,0,0,0
1694,2,-118,-118,-118,0,0,0,0,0,0,0,0,0,0,0,0,0,0,0,0,0,0,0,0,0,0,0,0,0,0,0,0,0,10,-13,-17,0,0,0,0,0,0,0,0,0,0,0,0,0,0,0,0,0,0,0,0,0,0,0,0,0,0,0,0,0
1695,2,-84,83,83,83,0,0,0,0,0,0,0,0,0,0,0,0,0,0,0,0,0,0,0,0,0,0,0,0,0,0,0,0,-103,-91,-91,-17,0,0,0,0,0,0,0,0,0,0,0,0,0,0,0,0,0,0,0,0,0,0,0,0,0,0,0,0
1696,2,-84,83,83,83,0,0,0,0,0,0,0,0,0,0,0,0,0,0,0,0,0,0,0,0,0,0,0,0,0,0,0,0,-103,-91,-91,-17,0,0,0,0,0,0,0,0,0,0,0,0,0,0,0,0,0,0,0,0,0,0,0,0,0,0,0,0
1697,2,-84,83,83,83,0,0,0,0,0,0,0,0,0,0,0,0,0,0,0,0,0,0,0,0,0,0,0,0,0,0,0,0,-103,-91,-91,-17,0,0,0,0,0,0,0,0,0,0,0,0,0,0,0,0,0,0,0,0,0,0,0,0,0,0,0,0
1698,2,7,7,29,29,29,0,0,0,0,0,0,0,0,0,0,0,0,0,0,0,0,0,0,0,0,0,0,0,0,0,0,0,17,106,-56,-81,-17,0,0,0,0,0,0,0,0,0,0,0,0,0,0,0,0,0,0,0,0,0,0,0,0,0,0,0
1699,2,7,7,29,29,29,0,0,0,0,0,0,0,0,0,0,0,0,0,0,0,0,0,0,0,0,0,0,0,0,0,0,0,17,106,-56,-81,-17,0,0,0,0,0,0,0,0,0,0,0,0,0,0,0,0,0,0,0,0,0,0,0,0,0,0,0
1700,2,7,7,29,29,29,0,0,0,0,0,0,0,0,0,0,0,0,0,0,0,0,0,0,0,0,0,0,0,0,0,0,0,17,106,-56,-81,-17,0,0,0,0,0,0,0,0,0,0,0,0,0,0,0,0,0,0,0,0,0,0,0,0,0,0,0
1701,2,82,82,82,14,14,14,0,0,0,0,0,0,0,0,0,0,0,0,0,0,0,0,0,0,0,0,0,0,0,0,0,0,28,122,21,81,15,-17,0,0,0,0,0,0,0,0,0,0,0,0,0,0,0,0,0,0,0,0,0,0,0,0,0,0
1702,2,82,82,82,14,14,14,0,0,0,0,0,0,0,0,0,0,0,0,0,0,0,0,0,0,0,0,0,0,0,0,0,0,28,122,21,81,15,-17,0,0,0,0,0,0,0,0,0,0,0,0,0,0,0,0,0,0,0,0,0,0,0,0,0,0
1703,2,82,82,82,14,14,14,0,0,0,0,0,0,0,0,0,0,0,0,0,0,0,0,0,0,0,0,0,0,0,0,0,0,28,122,21,81,15,-17,0,0,0,0,0,0,0,0,0,0,0,0,0,0,0,0,0,0,0,0,0,0,0,0,0,0
1704,2,29,8,8,8,-86,-86,-86,0,0,0,0,0,0,0,0,0,0,0,0,0,0,0,0,0,0,0,0,0,0,0,0,0,-118,-21,-30,-30,-77,-28,-17,0,0,0,0,0,0,0,0,0,0,0,0,0,0,0,0,0,0,0,0,0,0,0,0,0
1705,2,29,8,8,8,-86,-86,-86,0,0,0,0,0,0,0,0,0,0,0,0,0,0,0,0,0,0,0,0,0,0,0,0,0,-118,-21,-30,-30,-77,-28,-17,0,0,0,0,0,0,0,0,0,0,0,0,0,0,0,0,0,0,0,0,0,0,0,0,0
1706,2,29,8,8,8,-86,-86,-86,0,0,0,0,0,0,0,0,0,0,0,0,0,0,0,0,0,0,0,0,0,0,0,0,0,-118,-21,-30,-30,-77,-28,-17,0,0,0,0,0,0,0,0,0,0,0,0,0,0,0,0,0,0,0,0,0,0,0,0,0
1707,2,-70,-70,-61,-61,-61,43,43,43,0,0,0,0,0,0,0,0,0,0,0,0,0,0,0,0,0,0,0,0,0,0,0,0,109,-100,-29,53,-121,64,7,-17,0,0,0,0,0,0,0,0,0,0,0,0,0,0,0,0,0,0,0,0,0,0,0,0
1708,2,-70,-70,-61,-61,-61,43,43,43,0,0,0,0,0,0,0,0,0,0,0,0,0,0,0,0,0,0,0,0,0,0,0,0,109,-100,-29,53,-121,64,7,-17,0,0,0,0,0,0,0,0,0,0,0,0,0,0,0,0,0,0,0,0,0,0,0,0
1709,2,-70,-70,-61,-61,-61,43,43,43,0,0,0,0,0,0,0,0,0,0,0,0,0,0,0,0,0,0,0,0,0,0,0,0,109,-100,-29,53,-121,64,7,-17,0,0,0,0,0,0,0,0,0,0,0,0,0,0,0,0,0,0,0,0,0,0,0,0
1710,2,-116,-116,-116,1,1,1,-1,-1,89,0,0,0,0,0,0,0,0,0,0,0,0,0,0,0,0,0,0,0,0,0,0,0,61,-9,-116,56,65,11,108,30,-17,0,0,0,0,0,0,0,0,0,0,0,0,0,0,0,0,0,0,0,0,0,0,0
1711,2,-116,-116,-116,1,1,1,-1,-1,89,0,0,0,0,0,0,0,0,0,0,0,0,0,0,0,0,0,0,0,0,0,0,0,61,-9,-116,56,65,11,108,30,-17,0,0,0,0,0,0,0,0,0,0,0,0,0,0,0,0,0,0,0,0,0,0,0
1712,2,-116,-116,-116,1,1,1,-1,-1,89,0,0,0,0,0,0,0,0,0,0,0,0,0,0,0,0,0,0,0,0,0,0,0,61,-9,-116,56,65,11,108,30,-17,0,0,0,0,0,0,0,0,0,0,0,0,0,0,0,0,0,0,0,0,0,0,0
1713,2,-26,102,102,102,-17,-17,-17,-82,-115,89,0,0,0,0,0,0,0,0,0,0,0,0,0,0,0,0,0,0,0,0,0,0,63,-9,-25,108,47,-53,-62,-92,82,-17,0,0,0,0,0,0,0,0,0,0,0,0,0,0,0,0,0,0,0,0,0,0
1714,2,-26,102,102,102,-17,-17,-17,-82,-115,89,0,0,0,0,0,0,0,0,0,0,0,0,0,0,0,0,0,0,0,0,0,0,63,-9,-25,108,47,-53,-62,-92,82,-17,0,0,0,0,0,0,0,0,0,0,0,0,0,0,0,0,0,0,0,0,0,0
1715,2,-26,102,102,102,-17,-17,-17,-82,-115,89,0,0,0,0,0,0,0,0,0,0,0,0,0,0,0,0,0,0,0,0,0,0,63,-9,-25,108,47,-53,-62,-92,82,-17,0,0,0,0,0,0,0,0,0,0,0,0,0,0,0,0,0,0,0,0,0,0
1716,2,88,88,-31,-31,-31,91,91,91,-118,-115,89,0,0,0,0,0,0,0,0,0,0,0,0,0,0,0,0,0,0,0,0,0,-66,-69,52,39,60,65,60,-122,-118,20,-17,0,0,0,0,0,0,0,0,0,0,0,0,0,0,0,0,0,0,0,0,0
1717,2,88,88,-31,-31,-31,91,91,91,-118,-115,89,0,0,0,0,0,0,0,0,0,0,0,0,0,0,0,0,0,0,0,0,0,-66,-69,52,39,60,65,60,-122,-118,20,-17,0,0,0,0,0,0,0,0,0,0,0,0,0,0,0,0,0,0,0,0,0
1718,2,88,88,-31,-31,-31,91,91,91,-118,-115,89,0,0,0,0,0,0,0,0,0,0,0,0,0,0,0,0,0,0,0,0,0,-66,-69,52,39,60,65,60,-122,-118,20,-17,0,0,0,0,0,0,0,0,0,0,0,0,0,0,0,0,0,0,0,0,0
1719,2,-16,-16,-16,25,25,25,-35,-35,-84,-118,-115,89,0,0,0,0,0,0,0,0,0,0,0,0,0,0,0,0,0,0,0,0,113,124,-70,-27,-97,-10,-8,56,22,112,-93,-17,0,0,0,0,0,0,0,0,0,0,0,0,0,0,0,0,0,0,0,0
1720,2,-16,-16,-16,25,25,25,-35,-35,-84,-118,-115,89,0,0,0,0,0,0,0,0,0,0,0,0,0,0,0,0,0,0,0,0,113,124,-70,-27,-97,-10,-8,56,22,112,-93,-17,0,0,0,0,0,0,0,0,0,0,0,0,0,0,0,0,0,0,0,0
1721,2,-16,-16,-16,25,25,25,-35,-35,-84,-118,-115,89,0,0,0,0,0,0,0,0,0,0,0,0,0,0,0,0,0,0,0,0,113,124,-70,-27,-97,-10,-8,56,22,112,-93,-17,0,0,0,0,0,0,0,0,0,0,0,0,0,0,0,0,0,0,0,0
1722,2,37,62,62,62,-90,-90,-90,-71,7,-84,-118,-115,89,0,0,0,0,0,0,0,0,0,0,0,0,0,0,0,0,0,0,0,-61,77,-44,58,-78,-55,84,-84,29,-122,-81,-92,-17,0,0,0,0,0,0,0,0,0,0,0,0,0,0,0,0,0,0,0
1723,2,37,62,62,62,-90,-90,-90,-71,7,-84,-118,-115,89,0,0,0,0,0,0,0,0,0,0,0,0,0,0,0,0,0,0,0,-61,77,-44,58,-78,-55,84,-84,29,-122,-81,-92,-17,0,0,0,0,0,0,0,0,0,0,0,0,0,0,0,0,0,0,0
1724,2,37,62,62,62,-90,-90,-90,-71,7,-84,-118,-115,89,0,0,0,0,0,0,0,0,0,0,0,0,0,0,0,0,0,0,0,-61,77,-44,58,-78,-55,84,-84,29,-122,-81,-92,-17,0,0,0,0,0,0,0,0,0,0,0,0,0,0,0,0,0,0,0
1725,2,-6,-6,-96,-96,-96,-72,-72,-72,82,7,-84,-118,-115,89,0,0,0,0,0,0,0,0,0,0,0,0,0,0,0,0,0,0,125,-52,103,29,34,-47,119,-91,-46,16,84,-125,-92,-17,0,0,0,0,0,0,0,0,0,0,0,0,0,0,0,0,0,0
1726,2,-6,-6,-96,-96,-96,-72,-72,-72,82,7,-84,-118,-115,89,0,0,0,0,0,0,0,0,0,0,0,0,0,0,0,0,0,0,125,-52,103,29,34,-47,119,-91,-46,16,84,-125,-92,-17,0,0,0,0,0,0,0,0,0,0,0,0,0,0,0,0,0,0
1727,2,-6,-6,-96,-96,-96,-72,-72,-72,82,7,-84,-118,-115,89,0,0,0,0,0,0,0,0,0,0,0,0,0,0,0,0,0,0,125,-52,103,29,34,-47,119,-91,-46,16,84,-125,-92,-17,0,0,0,0,0,0,0,0,0,0,0,0,0,0,0,0,0,0
1728,2,51,51,51,-37,-37,-37,16,16,29,82,7,-84,-118,-115,89,0,0,0,0,0,0,0,0,0,0,0,0,0,0,0,0,0,-88,-104,-3,-25,107,60,-17,-10,94,-86,-19,-67,-57,-79,-17,0,0,0,0,0,0,0,0,0,0,0,0,0,0,0,0,0
1729,2,51,51,51,-37,-37,-37,16,16,29,82,7,-84,-118,-115,89,0,0,0,0,0,0,0,0,0,0,0,0,0,0,0,0,0,-88,-104,-3,-25,107,60,-17,-10,94,-86,-19,-67,-57,-79,-17,0,0,0,0,0,0,0,0,0,0,0,0,0,0,0,0,0
1730,2,51,51,51,-37,-37,-37,16,16,29,82,7,-84,-118,-115,89,0,0,0,0,0,0,0,0,0,0,0,0,0,0,0,0,0,-88,-104,-3,-25,107,60,-17,-10,94,-86,-19,-67,-57,-79,-17,0,0,0,0,0,0,0,0,0,0,0,0,0,0,0,0,0
1731,2,-124,16,16,16,-90,-90,-90,42,-70,29,82,7,-84,-118,-115,89,0,0,0,0,0,0,0,0,0,0,0,0,0,0,0,0,-87,-48,80,-93,58,110,113,118,-78,17,24,108,108,121,45,-17,0,0,0,0,0,0,0,0,0,0,0,0,0,0,0,0
1732,2,-124,16,16,16,-90,-90,-90,42,-70,29,82,7,-84,-118,-115,89,0,0,0,0,0,0,0,0,0,0,0,0,0,0,0,0,-87,-48,80,-93,58,110,113,118,-78,17,24,108,108,121,45,-17,0,0,0,0,0,0,0,0,0,0,0,0,0,0,0,0
1733,2,-124,16,16,16,-90,-90,-90,42,-70,29,82,7,-84,-118,-115,89,0,0,0,0,0,0,0,0,0,0,0,0,0,0,0,0,-87,-48,80,-93,58,110,113,118,-78,17,24,108,108,121,45,-17,0,0,0,0,0,0,0,0,0,0,0,0,0,0,0,0
1734,2,84,84,-100,-100,-100,83,83,83,-116,-70,29,82,7,-84,-118,-115,89,0,0,0,0,0,0,0,0,0,0,0,0,0,0,0,73,77,104,-2,-20,-39,73,34,-117,18,-10,54,-78,-90,111,-76,-17,0,0,0,0,0,0,0,0,0,0,0,0,0,0,0
1735,2,84,84,-100,-100,-100,83,83,83,-116,-70,29,82,7,-84,-118,-115,89,0,0,0,0,0,0,0,0,0,0,0,0,0,0,0,73,77,104,-2,-20,-39,73,34,-117,18,-10,54,-78,-90,111,-76,-17,0,0,0,0,0,0,0,0,0,0,0,0,0,0,0
1736,2,84,84,-100,-100,-100,83,83,83,-116,-70,29,82,7,-84,-118,-115,89,0,0,0,0,0,0,0,0,0,0,0,0,0,0,0,73,77,104,-2,-20,-39,73,34,-117,18,-10,54,-78,-90,111,-76,-17,0,0,0,0,0,0,0,0,0,0,0,0,0,0,0
1737,2,-21,-21,-21,-109,-109,-109,102,102,-26,-116,-70,29,82,7,-84,-118,-115,89,0,0,0,0,0,0,0,0,0,0,0,0,0,0,98,-87,-18,-38,-108,29,-4,-83,32,-40,114,65,-35,-124,-38,86,-14,-17,0,0,0,0,0,0,0,0,0,0,0,0,0,0
1738,2,-21,-21,-21,-109,-109,-109,102,102,-26,-116,-70,29,82,7,-84,-118,-115,89,0,0,0,0,0,0,0,0,0,0,0,0,0,0,98,-87,-18,-38,-108,29,-4,-83,32,-40,114,65,-35,-124,-38,86,-14,-17,0,0,0,0,0,0,0,0,0,0,0,0,0,0
1739,2,-21,-21,-21,-109,-109,-109,102,102,-26,-116,-70,29,82,7,-84,-118,-115,89,0,0,0,0,0,0,0,0,0,0,0,0,0,0,98,-87,-18,-38,-108,29,-4,-83,32,-40,114,65,-35,-124,-38,86,-14,-17,0,0,0,0,0,0,0,0,0,0,0,0,0,0
1740,2,-73,1,1,1,57,57,57,30,88,-26,-116,-70,29,82,7,-84,-118,-115,89,0,0,0,0,0,0,0,0,0,0,0,0,0,15,36,37,-114,-47,-1,103,97,-88,-71,-10,28,-3,-31,-95,-84,32,-91,-17,0,0,0,0,0,0,0,0,0,0,0,0,0
1741,2,-73,1,1,1,57,57,57,30,88,-26,-116,-70,29,82,7,-84,-118,-115,89,0,0,0,0,0,0,0,0,0,0,0,0,0,15,36,37,-114,-47,-1,103,97,-88,-71,-10,28,-3,-31,-95,-84,32,-91,-17,0,0,0,0,0,0,0,0,0,0,0,0,0
1742,2,-73,1,1,1,57,57,57,30,88,-26,-116,-70,29,82,7,-84,-118,-115,89,0,0,0,0,0,0,0,0,0,0,0,0,0,15,36,37,-114,-47,-1,103,97,-88,-71,-10,28,-3,-31,-95,-84,32,-91,-17,0,0,0,0,0,0,0,0,0,0,0,0,0
1743,2,-99,-99,-35,-35,-35,109,109,109,-16,88,-26,-116,-70,29,82,7,-84,-118,-115,89,0,0,0,0,0,0,0,0,0,0,0,0,-25,117,-122,78,-54,96,8,-87,-46,-8,-111,4,101,-57,120,-52,64,-11,-78,-17,0,0,0,0,0,0,0,0,0,0,0,0
1744,2,-99,-99,-35,-35,-35,109,109,109,-16,88,-26,-116,-70,29,82,7,-84,-118,-115,89,0,0,0,0,0,0,0,0,0,0,0,0,-25,117,-122,78,-54,96,8,-87,-46,-8,-111,4,101,-57,120,-52,64,-11,-78,-17,0,0,0,0,0,0,0,0,0,0,0,0
1745,2,-99,-99,-35,-35,-35,109,109,109,-16,88,-26,-116,-70,29,82,7,-84,-118,-115,89,0,0,0,0,0,0,0,0,0,0,0,0,-25,117,-122,78,-54,96,8,-87,-46,-8,-111,4,101,-57,120,-52,64,-11,-78,-17,0,0,0,0,0,0,0,0,0,0,0,0
1746,2,14,14,14,-33,-33,-33,95,95,37,-16,88,-26,-116,-70,29,82,7,-84,-118,-115,89,0,0,0,0,0,0,0,0,0,0,0,55,-119,-93,65,-51,36,116,123,119,-69,59,99,-122,-11,-72,-11,-59,-93,-58,125,-17,0,0,0,0,0,0,0,0,0,0,0
1747,2,14,14,14,-33,-33,-33,95,95,37,-16,88,-26,-116,-70,29,82,7,-84,-118,-115,89,0,0,0,0,0,0,0,0,0,0,0,55,-119,-93,65,-51,36,116,123,119,-69,59,99,-122,-11,-72,-11,-59,-93,-58,125,-17,0,0,0,0,0,0,0,0,0,0,0
1748,2,14,14,14,-33,-33,-33,95,95,37,-16,88,-26,-116,-70,29,82,7,-84,-118,-115,89,0,0,0,0,0,0,0,0,0,0,0,55,-119,-93,65,-51,36,116,123,119,-69,59,99,-122,-11,-72,-11,-59,-93,-58,125,-17,0,0,0,0,0,0,0,0,0,0,0
1749,2,-116,90,90,90,-83,-83,-83,-124,-6,37,-16,88,-26,-116,-70,29,82,7,-84,-118,-115,89,0,0,0,0,0,0,0,0,0,0,87,-94,-27,32,-37,-99,-109,-46,72,-16,-55,14,67,-77,-69,-39,94,-86,58,-42,59,-17,0,0,0,0,0,0,0,0,0,0
1750,2,-116,90,90,90,-83,-83,-83,-124,-6,37,-16,88,-26,-116,-70,29,82,7,-84,-118,-115,89,0,0,0,0,0,0,0,0,0,0,87,-94,-27,32,-37,-99,-109,-46,72,-16,-55,14,67,-77,-69,-39,94,-86,58,-42,59,-17,0,0,0,0,0,0,0,0,0,0
1751,2,-116,90,90,90,-83,-83,-83,-124,-6,37,-16,88,-26,-116,-70,29,82,7,-84,-118,-115,89,0,0,0,0,0,0,0,0,0,0,87,-94,-27,32,-37,-99,-109,-46,72,-16,-55,14,67,-77,-69,-39,94,-86,58,-42,59,-17,0,0,0,0,0,0,0,0,0,0
1752,2,108,108,59,59,59,-82,-82,-82,51,-6,37,-16,88,-26,-116,-70,29,82,7,-84,-118,-115,89,0,0,0,0,0,0,0,0,0,-123,71,69,26,29,-30,-60,41,105,41,-31,61,-105,113,-57,109,-126,-102,68,54,71,-55,-17,0,0,0,0,0,0,0,0,0
1753,2,108,108,59,59,59,-82,-82,-82,51,-6,37,-16,88,-26,-116,-70,29,82,7,-84,-118,-115,89,0,0,0,0,0,0,0,0,0,-123,71,69,26,29,-30,-60,41,105,41,-31,61,-105,113,-57,109,-126,-102,68,54,71,-55,-17,0,0,0,0,0,0,0,0,0
1754,2,108,108,59,59,59,-82,-82,-82,51,-6,37,-16,88,-26,-116,-70,29,82,7,-84,-118,-115,89,0,0,0,0,0,0,0,0,0,-123,71,69,26,29,-30,-60,41,105,41,-31,61,-105,113,-57,109,-126,-102,68,54,71,-55,-17,0,0,0,0,0,0,0,0,0
1755,2,84,84,84,-27,-27,-27,-105,-105,-124,51,-6,37,-16,88,-26,-116,-70,29,82,7,-84,-118,-115,89,0,0,0,0,0,0,0,0,-101,105,-77,19,-44,-50,-125,-98,-87,-71,-78,127,43,-66,-114,87,28,86,-54,-85,-13,-13,56,-17,0,0,0,0,0,0,0,0
1756,2,84,84,84,-27,-27,-27,-105,-105,-124,51,-6,37,-16,88,-26,-116,-70,29,82,7,-84,-118,-115,89,0,0,0,0,0,0,0,0,-101,105,-77,19,-44,-50,-125,-98,-87,-71,-78,127,43,-66,-114,87,28,86,-54,-85,-13,-13,56,-17,0,0,0,0,0,0,0,0
1757,2,84,84,84,-27,-27,-27,-105,-105,-124,51,-6,37,-16,88,-26,-116,-70,29,82,7,-84,-118,-115,89,0,0,0,0,0,0,0,0,-101,105,-77,19,-44,-50,-125,-98,-87,-71,-78,127,43,-66,-114,87,28,86,-54,-85,-13,-13,56,-17,0,0,0,0,0,0,0,0
1758,2,86,-97,-97,-97,39,39,39,70,84,-124,51,-6,37,-16,88,-26,-116,-70,29,82,7,-84,-118,-115,89,0,0,0,0,0,0,0,-19,-49,35,90,-19,-33,-67,90,111,-67,107,83,-97,-21,73,-122,51,-38,112,-122,-20,-36,-69,-75,-17,0,0,0,0,0,0,0
1759,2,86,-97,-97,-97,39,39,39,70,84,-124,51,-6,37,-16,88,-26,-116,-70,29,82,7,-84,-118,-115,89,0,0,0,0,0,0,0,-19,-49,35,90,-19,-33,-67,90,111,-67,107,83,-97,-21,73,-122,51,-38,112,-122,-20,-36,-69,-75,-17,0,0,0,0,0,0,0
1760,2,86,-97,-97,-97,39,39,39,70,84,-124,51,-6,37,-16,88,-26,-116,-70,29,82,7,-84,-118,-115,89,0,0,0,0,0,0,0,-19,-49,35,90,-19,-33,-67,90,111,-67,107,83,-97,-21,73,-122,51,-38,112,-122,-20,-36,-69,-75,-17,0,0,0,0,0,0,0
1761,2,-124,-124,-120,-120,-120,101,101,101,-21,84,-124,51,-6,37,-16,88,-26,-116,-70,29,82,7,-84,-118,-115,89,0,0,0,0,0,0,-106,-94,96,104,-104,-64,102,-31,-77,95,-41,8,-24,-65,-12,-123,15,15,70,57,-80,-103,81,-36,103,-17,0,0,0,0,0,0
1762,2,-124,-124,-120,-120,-120,101,101,101,-21,84,-124,51,-6,37,-16,88,-26,-116,-70,29,82,7,-84,-118,-115,89,0,0,0,0,0,0,-106,-94,96,104,-104,-64,102,-31,-77,95,-41,8,-24,-65,-12,-123,15,15,70,57,-80,-103,81,-36,103,-17,0,0,0,0,0,0
1763,2,-124,-124,-120,-120,-120,101,101,101,-21,84,-124,51,-6,37,-16,88,-26,-116,-70,29,82,7,-84,-118,-115,89,0,0,0,0,0,0,-106,-94,96,104,-104,-64,102,-31,-77,95,-41,8,-24,-65,-12,-123,15,15,70,57,-80,-103,81,-36,103,-17,0,0,0,0,0,0
1764,2,114,114,114,-122,-122,-122,-113,-113,-73,-21,84,-124,51,-6,37,-16,88,-26,-116,-70,29,82,7,-84,-118,-115,89,0,0,0,0,0,13,79,16,-14,-70,-63,94,118,94,70,-89,-68,-76,112,54,-35,121,-113,-106,-125,-64,-11,-20,-58,94,110,-17,0,0,0,0,0
1765,2,114,114,114,-122,-122,-122,-113,-113,-73,-21,84,-124,51,-6,37,-16,88,-26,-116,-70,29,82,7,-84,-118,-115,89,0,0,0,0,0,13,79,16,-14,-70,-63,94,118,94,70,-89,-68,-76,112,54,-35,121,-113,-106,-125,-64,-11,-20,-58,94,110,-17,0,0,0,0,0
1766,2,114,114,114,-122,-122,-122,-113,-113,-73,-21,84,-124,51,-6,37,-16,88,-26,-116,-70,29,82,7,-84,-118,-115,89,0,0,0,0,0,13,79,16,-14,-70,-63,94,118,94,70,-89,-68,-76,112,54,-35,121,-113,-106,-125,-64,-11,-20,-58,94,110,-17,0,0,0,0,0
1767,2,80,-97,-97,-97,10,10,10,-95,-99,-73,-21,84,-124,51,-6,37,-16,88,-26,-116,-70,29,82,7,-84,-118,-115,89,0,0,0,0,-124,-113,-60,-72,92,-3,-12,80,-47,-118,63,116,-31,31,36,-126,69,122,30,-92,-63,-89,44,65,-88,40,40,-17,0,0,0,0
1768,2,80,-97,-97,-97,10,10,10,-95,-99,-73,-21,84,-124,51,-6,37,-16,88,-26,-116,-70,29,82,7,-84,-118,-115,89,0,0,0,0,-124,-113,-60,-72,92,-3,-12,80,-47,-118,63,116,-31,31,36,-126,69,122,30,-92,-63,-89,44,65,-88,40,40,-17,0,0,0,0
1769,2,80,-97,-97,-97,10,10,10,-95,-99,-73,-21,84,-124,51,-6,37,-16,88,-26,-116,-70,29,82,7,-84,-118,-115,89,0,0,0,0,-124,-113,-60,-72,92,-3,-12,80,-47,-118,63,116,-31,31,36,-126,69,122,30,-92,-63,-89,44,65,-88,40,40,-17,0,0,0,0
1770,2,43,43,-45,-45,-45,-70,-70,-70,14,-99,-73,-21,84,-124,51,-6,37,-16,88,-26,-116,-70,29,82,7,-84,-118,-115,89,0,0,0,-111,47,-90,81,-116,56,-113,86,-67,127,-14,87,-45,-88,-23,-66,-72,14,7,-103,-16,48,-58,43,-116,-20,-43,48,-17,0,0,0
1771,2,43,43,-45,-45,-45,-70,-70,-70,14,-99,-73,-21,84,-124,51,-6,37,-16,88,-26,-116,-70,29,82,7,-84,-118,-115,89,0,0,0,-111,47,-90,81,-116,56,-113,86,-67,127,-14,87,-45,-88,-23,-66,-72,14,7,-103,-16,48,-58,43,-116,-20,-43,48,-17,0,0,0
1772,2,43,43,-45,-45,-45,-70,-70,-70,14,-99,-73,-21,84,-124,51,-6,37,-16,88,-26,-116,-70,29,82,7,-84,-118,-115,89,0,0,0,-111,47,-90,81,-116,56,-113,86,-67,127,-14,87,-45,-88,-23,-66,-72,14,7,-103,-16,48,-58,43,-116,-20,-43,48,-17,0,0,0
1773,2,-20,-20,-20,71,71,71,75,75,-116,14,-99,-73,-21,84,-124,51,-6,37,-16,88,-26,-116,-70,29,82,7,-84,-118,-115,89,0,0,61,88,2,-121,-112,44,61,26,88,-6,-33,13,114,-80,68,45,70,-51,-53,21,-5,-103,-31,1,122,-56,17,-54,54,-17,0,0
1774,2,-20,-20,-20,71,71,71,75,75,-116,14,-99,-73,-21,84,-124,51,-6,37,-16,88,-26,-116,-70,29,82,7,-84,-118,-115,89,0,0,61,88,2,-121,-112,44,61,26,88,-6,-33,13,114,-80,68,45,70,-51,-53,21,-5,-103,-31,1,122,-56,17,-54,54,-17,0,0
1775,2,-20,-20,-20,71,71,71,75,75,-116,14,-99,-73,-21,84,-124,51,-6,37,-16,88,-26,-116,-70,29,82,7,-84,-118,-115,89,0,0,61,88,2,-121,-112,44,61,26,88,-6,-33,13,114,-80,68,45,70,-51,-53,21,-5,-103,-31,1,122,-56,17,-54,54,-17,0,0
1776,2,51,-53,-53,-53,55,55,55,92,108,-116,14,-99,-73,-21,84,-124,51,-6,37,-16,88,-26,-116,-70,29,82,7,-84,-118,-115,89,0,100,-78,54,55,-10,58,64,24,-103,44,61,-28,35,-11,-43,97,60,-118,-61,13,88,4,4,63,-32,-125,110,-4,121,-49,-17,0
1777,2,51,-53,-53,-53,55,55,55,92,108,-116,14,-99,-73,-21,84,-124,51,-6,37,-16,88,-26,-116,-70,29,82,7,-84,-118,-115,89,0,100,-78,54,55,-10,58,64,24,-103,44,61,-28,35,-11,-43,97,60,-118,-61,13,88,4,4,63,-32,-125,110,-4,121,-49,-17,0
1778,2,51,-53,-53,-53,55,55,55,92,108,-116,14,-99,-73,-21,84,-124,51,-6,37,-16,88,-26,-116,-70,29,82,7,-84,-118,-115,89,0,100,-78,54,55,-10,58,64,24,-103,44,61,-28,35,-11,-43,97,60,-118,-61,13,88,4,4,63,-32,-125,110,-4,121,-49,-17,0
1779,2,110,110,-86,-86,-86,77,77,77,84,108,-116,14,-99,-73,-21,84,-124,51,-6,37,-16,88,-26,-116,-70,29,82,7,-84,-118,-115,89,45,24,100,-105,64,34,21,-82,-102,-28,86,-113,-14,41,86,87,-103,114,6,56,71,-67,36,-125,-49,-102,12,-57,-66,-67,5,-17
1780,2,110,110,-86,-86,-86,77,77,77,84,108,-116,14,-99,-73,-21,84,-124,51,-6,37,-16,88,-26,-116,-70,29,82,7,-84,-118,-115,89,45,24,100,-105,64,34,21,-82,-102,-28,86,-113,-14,41,86,87,-103,114,6,56,71,-67,36,-125,-49,-102,12,-57,-66,-67,5,-17
1781,2,110,110,-86,-86,-86,77,77,77,84,108,-116,14,-99,-73,-21,84,-124,51,-6,37,-16,88,-26,-116,-70,29,82,7,-84,-118,-115,89,45,24,100,-105,64,34,21,-82,-102,-28,86,-113,-14,41,86,87,-103,114,6,56,71,-67,36,-125,-49,-102,12,-57,-66,-67,5,-17
1782,2,-88,-88,-88,57,57,57,-13,-13,86,84,108,-116,14,-99,-73,-21,84,-124,51,-6,37,-16,88,-26,-116,-70,29,82,7,-84,-118,-115,-58,-112,-37,115,86,15,42,-16,81,89,-66,-26,36,10,89,-47,-1,94,43,5,116,118,62,-17,94,109,109,-36,-98,9,62,-105
1783,2,-88,-88,-88,57,57,57,-13,-13,86,84,108,-116,14,-99,-73,-21,84,-124,51,-6,37,-16,88,-26,-116,-70,29,82,7,-84,-118,-115,-58,-112,-37,115,86,15,42,-16,81,89,-66,-26,36,10,89,-47,-1,94,43,5,116,118,62,-17,94,109,109,-36,-98,9,62,-105
1784,2,-88,-88,-88,57,57,57,-13,-13,86,84,108,-116,14,-99,-73,-21,84,-124,51,-6,37,-16,88,-26,-116,-70,29,82,7,-84,-118,-115,-58,-112,-37,115,86,15,42,-16,81,89,-66,-26,36,10,89,-47,-1,94,43,5,116,118,62,-17,94,109,109,-36,-98,9,62,-105
1785,2,112,59,59,59,-7,-7,-7,95,-124,86,84,108,-116,14,-99,-73,-21,84,-124,51,-6,37,-16,88,-26,-116,-70,29,82,7,-84,-118,114,38,-15,58,51,-51,124,-92,104,53,90,77,-104,-19,86,-125,51,9,6,-123,84,62,-25,-34,-105,81,19,-73,-113,-111,-86,125
1786,2,112,59,59,59,-7,-7,-7,95,-124,86,84,108,-116,14,-99,-73,-21,84,-124,51,-6,37,-16,88,-26,-116,-70,29,82,7,-84,-118,114,38,-15,58,51,-51,124,-92,104,53,90,77,-104,-19,86,-125,51,9,6,-123,84,62,-25,-34,-105,81,19,-73,-113,-111,-86,125
1787,2,112,59,59,59,-7,-7,-7,95,-124,86,84,108,-116,14,-99,-73,-21,84,-124,51,-6,37,-16,88,-26,-116,-70,29,82,7,-84,-118,114,38,-15,58,51,-51,124,-92,104,53,90,77,-104,-19,86,-125,51,9,6,-123,84,62,-25,-34,-105,81,19,-73,-113,-111,-86,125
1788,2,-36,-36,-59,-59,-59,-100,-100,-100,114,-124,86,84,108,-116,14,-99,-73,-21,84,-124,51,-6,37,-16,88,-26,-116,-70,29,82,7,-84,-35,69,-45,-56,-29,-118,33,-108,24,46,-107,28,1,-111,-96,-47,109,-79,35,22,-54,106,95,-49,-38,-22,17,-35,-109,58,-34,116
1789,2,-36,-36,-59,-59,-59,-100,-100,-100,114,-124,86,84,108,-116,14,-99,-73,-21,84,-124,51,-6,37,-16,88,-26,-116,-70,29,82,7,-84,-35,69,-45,-56,-29,-118,33,-108,24,46,-107,28,1,-111,-96,-47,109,-79,35,22,-54,106,95,-49,-38,-22,17,-35,-109,58,-34,116
1790,2,-36,-36,-59,-59,-59,-100,-100,-100,114,-124,86,84,108,-116,14,-99,-73,-21,84,-124,51,-6,37,-16,88,-26,-116,-70,29,82,7,-84,-35,69,-45,-56,-29,-118,33,-108,24,46,-107,28,1,-111,-96,-47,109,-79,35,22,-54,106,95,-49,-38,-22,17,-35,-109,58,-34,116
1791,2,-109,-109,-109,25,25,25,32,32,80,114,-124,86,84,108,-116,14,-99,-73,-21,84,-124,51,-6,37,-16,88,-26,-116,-70,29,82,7,-43,-37,-88,38,-2,109,46,50,49,-109,-127,-53,-20,-121,-108,10,110,-105,-82,76,42,-74,94,-5,76,34,-31,-25,-106,-67,-11,108
1792,2,-109,-109,-109,25,25,25,32,32,80,114,-124,86,84,108,-116,14,-99,-73,-21,84,-124,51,-6,37,-16,88,-26,-116,-70,29,82,7,-43,-37,-88,38,-2,109,46,50,49,-109,-127,-53,-20,-121,-108,10,110,-105,-82,76,42,-74,94,-5,76,34,-31,-25,-106,-67,-11,108
1793,2,-109,-109,-109,25,25,25,32,32,80,114,-124,86,84,108,-116,14,-99,-73,-21,84,-124,51,-6,37,-16,88,-26,-116,-70,29,82,7,-43,-37,-88,38,-2,109,46,50,49,-109,-127,-53,-20,-121,-108,10,110,-105,-82,76,42,-74,94,-5,76,34,-31,-25,-106,-67,-11,108
1794,2,6,125,125,125,-71,-71,-71,-32,43,80,114,-124,86,84,108,-116,14,-99,-73,-21,84,-124,51,-6,37,-16,88,-26,-116,-70,29,82,37,-45,111,60,-79,-64,-70,102,65,90,35,22,-81,-6,17,-24,105,52,111,-68,71,-6,-91,36,-68,76,24,109,46,66,-43,113
1795,2,6,125,125,125,-71,-71,-71,-32,43,80,114,-124,86,84,108,-116,14,-99,-73,-21,84,-124,51,-6,37,-16,88,-26,-116,-70,29,82,37,-45,111,60,-79,-64,-70,102,65,90,35,22,-81,-6,17,-24,105,52,111,-68,71,-6,-91,36,-68,76,24,109,46,66,-43,113
1796,2,6,125,125,125,-71,-71,-71,-32,43,80,114,-124,86,84,108,-116,14,-99,-73,-21,84,-124,51,-6,37,-16,88,-26,-116,-70,29,82,37,-45,111,60,-79,-64,-70,102,65,90,35,22,-81,-6,17,-24,105,52,111,-68,71,-6,-91,36,-68,76,24,109,46,66,-43,113
1797,2,52,52,-123,-123,-123,91,91,91,-20,43,80,114,-124,86,84,108,-116,14,-99,-73,-21,84,-124,51,-6,37,-16,88,-26,-116,-70,29,-108,-2,55,15,108,6,18,-126,-93,-64,-113,-38,-47,-59,-63,-84,-16,31,36,-7,64,23,115,-81,21,108,78,127,110,38,8,-4
1798,2,52,52,-123,-123,-123,91,91,91,-20,43,80,114,-124,86,84,108,-116,14,-99,-73,-21,84,-124,51,-6,37,-16,88,-26,-116,-70,29,-108,-2,55,15,108,6,18,-126,-93,-64,-113,-38,-47,-59,-63,-84,-16,31,36,-7,64,23,115,-81,21,108,78,127,110,38,8,-4
1799,2,52,52,-123,-123,-123,91,91,91,-20,43,80,114,-124,86,84,108,-116,14,-99,-73,-21,84,-124,51,-6,37,-16,88,-26,-116,-70,29,-108,-2,55,15,108,6,18,-126,-93,-64,-113,-38,-47,-59,-63,-84,-16,31,36,-7,64,23,115,-81,21,108,78,127,110,38,8,-4
1800,2,-27,-27,-27,11,11,11,-38,-38,51,-20,43,80,114,-124,86,84,108,-116,14,-99,-73,-21,84,-124,51,-6,37,-16,88,-26,-116,-70,91,-71,97,-109,97,-15,26,98,118,-105,-51,39,-109,-59,71,119,-124,36,55,64,-16,50,4,32,-80,90,52,25,88,-3,-25,-49
1801,2,-27,-27,-27,11,11,11,-38,-38,51,-20,43,80,114,-124,86,84,108,-116,14,-99,-73,-21,84,-124,51,-6,37,-16,88,-26,-116,-70,91,-71,97,-109,97,-15,26,98,118,-105,-51,39,-109,-59,71,119,-124,36,55,64,-16,50,4,32,-80,90,52,25,88,-3,-25,-49
1802,2,-27,-27,-27,11,11,11,-38,-38,51,-20,43,80,114,-124,86,84,108,-116,14,-99,-73,-21,84,-124,51,-6,37,-16,88,-26,-116,-70,91,-71,97,-109,97,-15,26,98,118,-105,-51,39,-109,-59,71,119,-124,36,55,64,-16,50,4,32,-80,90,52,25,88,-3,-25,-49
1803,2,56,57,57,57,38,38,38,13,110,51,-20,43,80,114,-124,86,84,108,-116,14,-99,-73,-21,84,-124,51,-6,37,-16,88,-26,-116,-89,-127,-17,-74,90,86,-53,78,100,-84,-108,-48,72,108,-8,119,29,54,80,-63,-63,91,109,-35,74,45,107,-94,-83,-3,-97,46
1804,2,56,57,57,57,38,38,38,13,110,51,-20,43,80,114,-124,86,84,108,-116,14,-99,-73,-21,84,-124,51,-6,37,-16,88,-26,-116,-89,-127,-17,-74,90,86,-53,78,100,-84,-108,-48,72,108,-8,119,29,54,80,-63,-63,91,109,-35,74,45,107,-94,-83,-3,-97,46
1805,2,56,57,57,57,38,38,38,13,110,51,-20,43,80,114,-124,86,84,108,-116,14,-99,-73,-21,84,-124,51,-6,37,-16,88,-26,-116,-89,-127,-17,-74,90,86,-53,78,100,-84,-108,-48,72,108,-8,119,29,54,80,-63,-63,91,109,-35,74,45,107,-94,-83,-3,-97,46
1806,2,-10,-10,63,63,63,117,117,117,-88,110,51,-20,43,80,114,-124,86,84,108,-116,14,-99,-73,-21,84,-124,51,-6,37,-16,88,-26,58,103,-12,-44,-104,7,35,101,98,52,-84,46,115,55,15,-14,112,-83,-87,-94,119,52,126,-68,-126,-104,18,-39,34,-37,16,67
1807,2,-10,-10,63,63,63,117,117,117,-88,110,51,-20,43,80,114,-124,86,84,108,-116,14,-99,-73,-21,84,-124,51,-6,37,-16,88,-26,58,103,-12,-44,-104,7,35,101,98,52,-84,46,115,55,15,-14,112,-83,-87,-94,119,52,126,-68,-126,-104,18,-39,34,-37,16,67
1808,2,-10,-10,63,63,63,117,117,117,-88,110,51,-20,43,80,114,-124,86,84,108,-116,14,-99,-73,-21,84,-124,51,-6,37,-16,88,-26,58,103,-12,-44,-104,7,35,101,98,52,-84,46,115,55,15,-14,112,-83,-87,-94,119,52,126,-68,-126,-104,18,-39,34,-37,16,67
1809,2,49,49,49,-58,-58,-58,-105,-105,112,-88,110,51,-20,43,80,114,-124,86,84,108,-116,14,-99,-73,-21,84,-124,51,-6,37,-16,88,-22,46,-77,-126,-126,48,8,113,-59,-86,6,67,-55,-14,-29,-93,-46,81,-88,37,-68,-109,-108,-29,10,-27,21,7,-42,-57,88,-61
1810,2,49,49,49,-58,-58,-58,-105,-105,112,-88,110,51,-20,43,80,114,-124,86,84,108,-116,14,-99,-73,-21,84,-124,51,-6,37,-16,88,-22,46,-77,-126,-126,48,8,113,-59,-86,6,67,-55,-14,-29,-93,-46,81,-88,37,-68,-109,-108,-29,10,-27,21,7,-42,-57,88,-61
1811,2,49,49,49,-58,-58,-58,-105,-105,112,-88,110,51,-20,43,80,114,-124,86,84,108,-116,14,-99,-73,-21,84,-124,51,-6,37,-16,88,-22,46,-77,-126,-126,48,8,113,-59,-86,6,67,-55,-14,-29,-93,-46,81,-88,37,-68,-109,-108,-29,10,-27,21,7,-42,-57,88,-61
1812,2,-17,46,46,46,-28,-28,-28,83,-36,112,-88,110,51,-20,43,80,114,-124,86,84,108,-116,14,-99,-73,-21,84,-124,51,-6,37,-16,-18,80,-108,-71,76,-100,118,127,-116,-104,-97,100,68,-116,-107,31,-27,47,58,11,34,-72,-78,9,-36,-79,-61,49,-1,-7,-62,38
1813,2,-17,46,46,46,-28,-28,-28,83,-36,112,-88,110,51,-20,43,80,114,-124,86,84,108,-116,14,-99,-73,-21,84,-124,51,-6,37,-16,-18,80,-108,-71,76,-100,118,127,-116,-104,-97,100,68,-116,-107,31,-27,47,58,11,34,-72,-78,9,-36,-79,-61,49,-1,-7,-62,38
1814,2,-17,46,46,46,-28,-28,-28,83,-36,112,-88,110,51,-20,43,80,114,-124,86,84,108,-116,14,-99,-73,-21,84,-124,51,-6,37,-16,-18,80,-108,-71,76,-100,118,127,-116,-104,-97,100,68,-116,-107,31,-27,47,58,11,34,-72,-78,9,-36,-79,-61,49,-1,-7,-62,38
1815,2,-70,-70,-127,-127,-127,57,57,57,-109,-36,112,-88,110,51,-20,43,80,114,-124,86,84,108,-116,14,-99,-73,-21,84,-124,51,-6,37,101,-43,25,-109,74,90,-19,88,32,-105,-33,60,33,-122,48,-100,35,6,109,-113,-91,-16,92,-113,81,79,77,109,-92,90,22,114
1816,2,-70,-70,-127,-127,-127,57,57,57,-109,-36,112,-88,110,51,-20,43,80,114,-124,86,84,108,-116,14,-99,-73,-21,84,-124,51,-6,37,101,-43,25,-109,74,90,-19,88,32,-105,-33,60,33,-122,48,-100,35,6,109,-113,-91,-16,92,-113,81,79,77,109,-92,90,22,114
1817,2,-70,-70,-127,-127,-127,57,57,57,-109,-36,112,-88,110,51,-20,43,80,114,-124,86,84,108,-116,14,-99,-73,-21,84,-124,51,-6,37,101,-43,25,-109,74,90,-19,88,32,-105,-33,60,33,-122,48,-100,35,6,109,-113,-91,-16,92,-113,81,79,77,109,-92,90,22,114
1818,2,49,49,49,-88,-88,-88,-120,-120,6,-109,-36,112,-88,110,51,-20,43,80,114,-124,86,84,108,-116,14,-99,-73,-21,84,-124,51,-6,73,48,77,-87,25,19,-121,-20,-123,46,25,-113,26,105,32,-92,-60,127,-24,-122,-108,86,76,-2,103,-16,-108,54,0,-6,-5,126
1819,2,49,49,49,-88,-88,-88,-120,-120,6,-109,-36,112,-88,110,51,-20,43,80,114,-124,86,84,108,-116,14,-99,-73,-21,84,-124,51,-6,73,48,77,-87,25,19,-121,-20,-123,46,25,-113,26,105,32,-92,-60,127,-24,-122,-108,86,76,-2,103,-16,-108,54,0,-6,-5,126
1820,2,49,49,49,-88,-88,-88,-120,-120,6,-109,-36,112,-88,110,51,-20,43,80,114,-124,86,84,108,-116,14,-99,-73,-21,84,-124,51,-6,73,48,77,-87,25,19,-121,-20,-123,46,25,-113,26,105,32,-92,-60,127,-24,-122,-108,86,76,-2,103,-16,-108,54,0,-6,-5,126
1821,2,16,46,46,46,50,50,50,-91,52,6,-109,-36,112,-88,110,51,-20,43,80,114,-124,86,84,108,-116,14,-99,-73,-21,84,-124,51,109,26,38,69,19,81,-116,-96,30,-120,106,-79,-96,25,56,-101,105,106,36,49,70,119,-10,78,-1,64,30,-71,10,47,-7,59
1822,2,16,46,46,46,50,50,50,-91,52,6,-109,-36,112,-88,110,51,-20,43,80,114,-124,86,84,108,-116,14,-99,-73,-21,84,-124,51,109,26,38,69,19,81,-116,-96,30,-120,106,-79,-96,25,56,-101,105,106,36,49,70,119,-10,78,-1,64,30,-71,10,47,-7,59
1823,2,16,46,46,46,50,50,50,-91,52,6,-109,-36,112,-88,110,51,-20,43,80,114,-124,86,84,108,-116,14,-99,-73,-21,84,-124,51,109,26,38,69,19,81,-116,-96,30,-120,106,-79,-96,25,56,-101,105,106,36,49,70,119,-10,78,-1,64,30,-71,10,47,-7,59
1824,2,-97,-97,-9,-9,-9,-95,-95,-95,-27,52,6,-109,-36,112,-88,110,51,-20,43,80,114,-124,86,84,108,-116,14,-99,-73,-21,84,-124,-12,-39,-51,-15,55,38,-78,89,-91,34,40,36,18,73,-55,105,90,54,-59,-95,-49,-63,-52,22,-99,126,124,-84,118,-104,-41,62
1825,2,-97,-97,-9,-9,-9,-95,-95,-95,-27,52,6,-109,-36,112,-88,110,51,-20,43,80,114,-124,86,84,108,-116,14,-99,-73,-21,84,-124,-12,-39,-51,-15,55,38,-78,89,-91,34,40,36,18,73,-55,105,90,54,-59,-95,-49,-63,-52,22,-99,126,124,-84,118,-104,-41,62
1826,2,-97,-97,-9,-9,-9,-95,-95,-95,-27,52,6,-109,-36,112,-88,110,51,-20,43,80,114,-124,86,84,108,-116,14,-99,-73,-21,84,-124,-12,-39,-51,-15,55,38,-78,89,-91,34,40,36,18,73,-55,105,90,54,-59,-95,-49,-63,-52,22,-99,126,124,-84,118,-104,-41,62
1827,2,4,4,4,111,111,111,44,44,56,-27,52,6,-109,-36,112,-88,110,51,-20,43,80,114,-124,86,84,108,-116,14,-99,-73,-21,84,-86,87,99,-10,-42,-114,64,78,-62,-11,-104,86,-7,-32,69,-7,66,-70,-119,-127,-21,119,102,118,104,-75,-75,65,91,-56,33,45
1828,2,4,4,4,111,111,111,44,44,56,-27,52,6,-109,-36,112,-88,110,51,-20,43,80,114,-124,86,84,108,-116,14,-99,-73,-21,84,-86,87,99,-10,-42,-114,64,78,-62,-11,-104,86,-7,-32,69,-7,66,-70,-119,-127,-21,119,102,118,104,-75,-75,65,91,-56,33,45
1829,2,4,4,4,111,111,111,44,44,56,-27,52,6,-109,-36,112,-88,110,51,-20,43,80,114,-124,86,84,108,-116,14,-99,-73,-21,84,-86,87,99,-10,-42,-114,64,78,-62,-11,-104,86,-7,-32,69,-7,66,-70,-119,-127,-21,119,102,118,104,-75,-75,65,91,-56,33,45
1830,2,27,-12,-12,-12,-64,-64,-64,43,-10,56,-27,52,6,-109,-36,112,-88,110,51,-20,43,80,114,-124,86,84,108,-116,14,-99,-73,-21,-37,-89,29,117,-43,88,12,110,-105,-80,114,-125,-80,-109,-41,76,101,5,8,-52,-61,-56,-81,98,49,63,-88,-51,46,5,-58,14
1831,2,27,-12,-12,-12,-64,-64,-64,43,-10,56,-27,52,6,-109,-36,112,-88,110,51,-20,43,80,114,-124,86,84,108,-116,14,-99,-73,-21,-37,-89,29,117,-43,88,12,110,-105,-80,114,-125,-80,-109,-41,76,101,5,8,-52,-61,-56,-81,98,49,63,-88,-51,46,5,-58,14
1832,2,27,-12,-12,-12,-64,-64,-64,43,-10,56,-27,52,6,-109,-36,112,-88,110,51,-20,43,80,114,-124,86,84,108,-116,14,-99,-73,-21,-37,-89,29,117,-43,88,12,110,-105,-80,114,-125,-80,-109,-41,76,101,5,8,-52,-61,-56,-81,98,49,63,-88,-51,46,5,-58,14
1833,2,49,49,37,37,37,102,102,102,49,-10,56,-27,52,6,-109,-36,112,-88,110,51,-20,43,80,114,-124,86,84,108,-116,14,-99,-73,3,38,-123,-69,110,-49,-92,4,6,-52,8,31,103,-68,3,47,62,-125,-116,-43,52,15,-6,-40,-47,10,1,35,-45,75,9,26
1834,2,49,49,37,37,37,102,102,102,49,-10,56,-27,52,6,-109,-36,112,-88,110,51,-20,43,80,114,-124,86,84,108,-116,14,-99,-73,3,38,-123,-69,110,-49,-92,4,6,-52,8,31,103,-68,3,47,62,-125,-116,-43,52,15,-6,-40,-47,10,1,35,-45,75,9,26
1835,2,49,49,37,37,37,102,102,102,49,-10,56,-27,52,6,-109,-36,112,-88,110,51,-20,43,80,114,-124,86,84,108,-116,14,-99,-73,3,38,-123,-69,110,-49,-92,4,6,-52,8,31,103,-68,3,47,62,-125,-116,-43,52,15,-6,-40,-47,10,1,35,-45,75,9,26
1836,2,66,66,66,-78,-78,-78,-83,-83,-17,49,-10,56,-27,52,6,-109,-36,112,-88,110,51,-20,43,80,114,-124,86,84,108,-116,14,-99,32,83,85,-51,-62,99,-107,0,99,-86,-82,-23,-115,35,26,51,-39,-91,27,-12,-108,15,25,-61,-77,1,-82,-5,-71,83,99,-124
1837,2,66,66,66,-78,-78,-78,-83,-83,-17,49,-10,56,-27,52,6,-109,-36,112,-88,110,51,-20,43,80,114,-124,86,84,108,-116,14,-99,32,83,85,-51,-62,99,-107,0,99,-86,-82,-23,-115,35,26,51,-39,-91,27,-12,-108,15,25,-61,-77,1,-82,-5,-71,83,99,-124
1838,2,66,66,66,-78,-78,-78,-83,-83,-17,49,-10,56,-27,52,6,-109,-36,112,-88,110,51,-20,43,80,114,-124,86,84,108,-116,14,-99,32,83,85,-51,-62,99,-107,0,99,-86,-82,-23,-115,35,26,51,-39,-91,27,-12,-108,15,25,-61,-77,1,-82,-5,-71,83,99,-124
1839,2,-60,-65,-65,-65,-111,-111,-111,63,-70,-17,49,-10,56,-27,52,6,-109,-36,112,-88,110,51,-20,43,80,114,-124,86,84,108,-116,14,-121,-24,46,-97,-127,-109,91,90,39,-20,119,20,-123,-33,122,41,-31,61,-125,-105,-27,-12,-70,49,-57,66,-88,112,-5,34,63,-106
1840,2,-60,-65,-65,-65,-111,-111,-111,63,-70,-17,49,-10,56,-27,52,6,-109,-36,112,-88,110,51,-20,43,80,114,-124,86,84,108,-116,14,-121,-24,46,-97,-127,-109,91,90,39,-20,119,20,-123,-33,122,41,-31,61,-125,-105,-27,-12,-70,49,-57,66,-88,112,-5,34,63,-106
1841,2,-60,-65,-65,-65,-111,-111,-111,63,-70,-17,49,-10,56,-27,52,6,-109,-36,112,-88,110,51,-20,43,80,114,-124,86,84,108,-116,14,-121,-24,46,-97,-127,-109,91,90,39,-20,119,20,-123,-33,122,41,-31,61,-125,-105,-27,-12,-70,49,-57,66,-88,112,-5,34,63,-106
1842,2,57,57,50,50,50,-8,-8,-8,49,-70,-17,49,-10,56,-27,52,6,-109,-36,112,-88,110,51,-20,43,80,114,-124,86,84,108,-116,75,-6,-119,-97,-73,53,-112,-70,110,-54,-113,10,116,-49,42,73,87,-98,2,-118,44,-6,-11,54,-83,-4,-37,-11,53,39,62,-120
1843,2,57,57,50,50,50,-8,-8,-8,49,-70,-17,49,-10,56,-27,52,6,-109,-36,112,-88,110,51,-20,43,80,114,-124,86,84,108,-116,75,-6,-119,-97,-73,53,-112,-70,110,-54,-113,10,116,-49,42,73,87,-98,2,-118,44,-6,-11,54,-83,-4,-37,-11,53,39,62,-120
1844,2,57,57,50,50,50,-8,-8,-8,49,-70,-17,49,-10,56,-27,52,6,-109,-36,112,-88,110,51,-20,43,80,114,-124,86,84,108,-116,75,-6,-119,-97,-73,53,-112,-70,110,-54,-113,10,116,-49,42,73,87,-98,2,-118,44,-6,-11,54,-83,-4,-37,-11,53,39,62,-120
1845,2,0,0,0,-78,-78,-78,10,10,16,49,-70,-17,49,-10,56,-27,52,6,-109,-36,112,-88,110,51,-20,43,80,114,-124,86,84,108,-10,92,56,124,-88,-122,91,80,71,61,-108,-35,-52,87,38,26,86,98,79,-7,8,84,-47,-39,-1,18,-16,-107,-123,71,115,-40
1846,2,0,0,0,-78,-78,-78,10,10,16,49,-70,-17,49,-10,56,-27,52,6,-109,-36,112,-88,110,51,-20,43,80,114,-124,86,84,108,-10,92,56,124,-88,-122,91,80,71,61,-108,-35,-52,87,38,26,86,98,79,-7,8,84,-47,-39,-1,18,-16,-107,-123,71,115,-40
1847,2,0,0,0,-78,-78,-78,10,10,16,49,-70,-17,49,-10,56,-27,52,6,-109,-36,112,-88,110,51,-20,43,80,114,-124,86,84,108,-10,92,56,124,-88,-122,91,80,71,61,-108,-35,-52,87,38,26,86,98,79,-7,8,84,-47,-39,-1,18,-16,-107,-123,71,115,-40
1848,2,0,12,12,12,41,41,41,46,-97,16,49,-70,-17,49,-10,56,-27,52,6,-109,-36,112,-88,110,51,-20,43,80,114,-124,86,84,42,-17,54,25,38,-36,-97,46,85,-94,-31,-5,106,114,-121,-94,127,-15,-44,-127,-41,-74,-110,-54,91,-70,8,126,38,-102,41,-37
1849,2,0,12,12,12,41,41,41,46,-97,16,49,-70,-17,49,-10,56,-27,52,6,-109,-36,112,-88,110,51,-20,43,80,114,-124,86,84,42,-17,54,25,38,-36,-97,46,85,-94,-31,-5,106,114,-121,-94,127,-15,-44,-127,-41,-74,-110,-54,91,-70,8,126,38,-102,41,-37
1850,2,0,12,12,12,41,41,41,46,-97,16,49,-70,-17,49,-10,56,-27,52,6,-109,-36,112,-88,110,51,-20,43,80,114,-124,86,84,42,-17,54,25,38,-36,-97,46,85,-94,-31,-5,106,114,-121,-94,127,-15,-44,-127,-41,-74,-110,-54,91,-70,8,126,38,-102,41,-37
1851,2,-37,-37,7,7,7,-104,-104,-104,4,-97,16,49,-70,-17,49,-10,56,-27,52,6,-109,-36,112,-88,110,51,-20,43,80,114,-124,86,7,0,-19,-93,76,-19,115,-47,-12,-73,-118,100,111,7,-49,49,-120,-68,122,92,101,94,-88,111,-87,60,-86,45,-87,-8,18,122
1852,2,-37,-37,7,7,7,-104,-104,-104,4,-97,16,49,-70,-17,49,-10,56,-27,52,6,-109,-36,112,-88,110,51,-20,43,80,114,-124,86,7,0,-19,-93,76,-19,115,-47,-12,-73,-118,100,111,7,-49,49,-120,-68,122,92,101,94,-88,111,-87,60,-86,45,-87,-8,18,122
1853,2,-37,-37,7,7,7,-104,-104,-104,4,-97,16,49,-70,-17,49,-10,56,-27,52,6,-109,-36,112,-88,110,51,-20,43,80,114,-124,86,7,0,-19,-93,76,-19,115,-47,-12,-73,-118,100,111,7,-49,49,-120,-68,122,92,101,94,-88,111,-87,60,-86,45,-87,-8,18,122
1854,2,82,82,82,33,33,33,54,54,27,4,-97,16,49,-70,-17,49,-10,56,-27,52,6,-109,-36,112,-88,110,51,-20,43,80,114,-124,-28,-86,83,-40,-22,97,97,108,97,40,56,89,89,-34,-84,49,66,-69,89,88,-10,118,4,109,-67,47,-113,94,-72,-81,-91,-82
1855,2,82,82,82,33,33,33,54,54,27,4,-97,16,49,-70,-17,49,-10,56,-27,52,6,-109,-36,112,-88,110,51,-20,43,80,114,-124,-28,-86,83,-40,-22,97,97,108,97,40,56,89,89,-34,-84,49,66,-69,89,88,-10,118,4,109,-67,47,-113,94,-72,-81,-91,-82
1856,2,82,82,82,33,33,33,54,54,27,4,-97,16,49,-70,-17,49,-10,56,-27,52,6,-109,-36,112,-88,110,51,-20,43,80,114,-124,-28,-86,83,-40,-22,97,97,108,97,40,56,89,89,-34,-84,49,66,-69,89,88,-10,118,4,109,-67,47,-113,94,-72,-81,-91,-82
1857,2,110,70,70,70,-80,-80,-80,107,49,27,4,-97,16,49,-70,-17,49,-10,56,-27,52,6,-109,-36,112,-88,110,51,-20,43,80,114,84,-18,23,-32,-46,-22,5,-37,-127,58,-48,-34,13,-61,113,-92,43,29,-23,-97,-25,-76,-58,27,-89,96,-53,9,30,108,42,-59
1858,2,110,70,70,70,-80,-80,-80,107,49,27,4,-97,16,49,-70,-17,49,-10,56,-27,52,6,-109,-36,112,-88,110,51,-20,43,80,114,84,-18,23,-32,-46,-22,5,-37,-127,58,-48,-34,13,-61,113,-92,43,29,-23,-97,-25,-76,-58,27,-89,96,-53,9,30,108,42,-59
1859,2,110,70,70,70,-80,-80,-80,107,49,27,4,-97,16,49,-70,-17,49,-10,56,-27,52,6,-109,-36,112,-88,110,51,-20,43,80,114,84,-18,23,-32,-46,-22,5,-37,-127,58,-48,-34,13,-61,113,-92,43,29,-23,-97,-25,-76,-58,27,-89,96,-53,9,30,108,42,-59
1860,2,-15,-15,74,74,74,88,88,88,66,49,27,4,-97,16,49,-70,-17,49,-10,56,-27,52,6,-109,-36,112,-88,110,51,-20,43,80,125,117,-105,126,-83,-102,-11,-35,-127,14,111,54,-84,-46,-125,55,32,-74,-9,41,-81,111,-39,-90,-59,74,-77,-30,-112,72,-41,102
1861,2,-15,-15,74,74,74,88,88,88,66,49,27,4,-97,16,49,-70,-17,49,-10,56,-27,52,6,-109,-36,112,-88,110,51,-20,43,80,125,117,-105,126,-83,-102,-11,-35,-127,14,111,54,-84,-46,-125,55,32,-74,-9,41,-81,111,-39,-90,-59,74,-77,-30,-112,72,-41,102
1862,2,-15,-15,74,74,74,88,88,88,66,49,27,4,-97,16,49,-70,-17,49,-10,56,-27,52,6,-109,-36,112,-88,110,51,-20,43,80,125,117,-105,126,-83,-102,-11,-35,-127,14,111,54,-84,-46,-125,55,32,-74,-9,41,-81,111,-39,-90,-59,74,-77,-30,-112,72,-41,102
1863,2,84,84,84,77,77,77,7,7,-60,66,49,27,4,-97,16,49,-70,-17,49,-10,56,-27,52,6,-109,-36,112,-88,110,51,-20,43,-93,51,71,11,-112,76,58,30,-88,-67,9,-60,32,-19,-102,-123,46,89,-88,104,-10,-74,-67,-125,-105,-91,121,18,51,10,-41,-101
1864,2,84,84,84,77,77,77,7,7,-60,66,49,27,4,-97,16,49,-70,-17,49,-10,56,-27,52,6,-109,-36,112,-88,110,51,-20,43,-93,51,71,11,-112,76,58,30,-88,-67,9,-60,32,-19,-102,-123,46,89,-88,104,-10,-74,-67,-125,-105,-91,121,18,51,10,-41,-101
1865,2,84,84,84,77,77,77,7,7,-60,66,49,27,4,-97,16,49,-70,-17,49,-10,56,-27,52,6,-109,-36,112,-88,110,51,-20,43,-93,51,71,11,-112,76,58,30,-88,-67,9,-60,32,-19,-102,-123,46,89,-88,104,-10,-74,-67,-125,-105,-91,121,18,51,10,-41,-101
1866,2,-80,-123,-123,-123,93,93,93,-19,57,-60,66,49,27,4,-97,16,49,-70,-17,49,-10,56,-27,52,6,-109,-36,112,-88,110,51,-20,28,-100,116,36,60,124,-18,-74,-11,63,-35,-77,75,-57,43,118,3,105,-8,91,-111,-1,56,109,-63,85,50,90,87,42,-98,-118
1867,2,-80,-123,-123,-123,93,93,93,-19,57,-60,66,49,27,4,-97,16,49,-70,-17,49,-10,56,-27,52,6,-109,-36,112,-88,110,51,-20,28,-100,116,36,60,124,-18,-74,-11,63,-35,-77,75,-57,43,118,3,105,-8,91,-111,-1,56,109,-63,85,50,90,87,42,-98,-118
1868,2,-80,-123,-123,-123,93,93,93,-19,57,-60,66,49,27,4,-97,16,49,-70,-17,49,-10,56,-27,52,6,-109,-36,112,-88,110,51,-20,28,-100,116,36,60,124,-18,-74,-11,63,-35,-77,75,-57,43,118,3,105,-8,91,-111,-1,56,109,-63,85,50,90,87,42,-98,-118
1869,2,23,23,-45,-45,-45,124,124,124,0,57,-60,66,49,27,4,-97,16,49,-70,-17,49,-10,56,-27,52,6,-109,-36,112,-88,110,51,115,-18,9,-33,-116,23,-92,-17,86,35,-69,-123,-103,-72,-27,51,72,-35,-56,-23,66,-5,-38,34,-58,80,-81,119,102,14,58,-82
1870,2,23,23,-45,-45,-45,124,124,124,0,57,-60,66,49,27,4,-97,16,49,-70,-17,49,-10,56,-27,52,6,-109,-36,112,-88,110,51,115,-18,9,-33,-116,23,-92,-17,86,35,-69,-123,-103,-72,-27,51,72,-35,-56,-23,66,-5,-38,34,-58,80,-81,119,102,14,58,-82
1871,2,23,23,-45,-45,-45,124,124,124,0,57,-60,66,49,27,4,-97,16,49,-70,-17,49,-10,56,-27,52,6,-109,-36,112,-88,110,51,115,-18,9,-33,-116,23,-92,-17,86,35,-69,-123,-103,-72,-27,51,72,-35,-56,-23,66,-5,-38,34,-58,80,-81,119,102,14,58,-82
1872,2,126,126,126,105,105,105,124,124,0,0,57,-60,66,49,27,4,-97,16,49,-70,-17,49,-10,56,-27,52,6,-109,-36,112,-88,110,-126,-60,122,12,81,-7,-58,-77,-9,113,86,-47,15,84,59,105,96,-68,-110,13,81,112,27,100,3,2,116,57,-35,-53,95,5
1873,2,126,126,126,105,105,105,124,124,0,0,57,-60,66,49,27,4,-97,16,49,-70,-17,49,-10,56,-27,52,6,-109,-36,112,-88,110,-126,-60,122,12,81,-7,-58,-77,-9,113,86,-47,15,84,59,105,96,-68,-110,13,81,112,27,100,3,2,116,57,-35,-53,95,5
1874,2,126,126,126,105,105,105,124,124,0,0,57,-60,66,49,27,4,-97,16,49,-70,-17,49,-10,56,-27,52,6,-109,-36,112,-88,110,-126,-60,122,12,81,-7,-58,-77,-9,113,86,-47,15,84,59,105,96,-68,-110,13,81,112,27,100,3,2,116,57,-35,-53,95,5
1875,2,61,99,99,99,-62,-62,-62,-84,-37,0,0,57,-60,66,49,27,4,-97,16,49,-70,-17,49,-10,56,-27,52,6,-109,-36,112,-88,120,-86,-66,57,116,61,-95,-32,-18,25,22,-65,94,-98,-85,-105,-30,-93,119,38,16,-30,10,40,85,64,-112,-23,-42,127,-36,51
1876,2,61,99,99,99,-62,-62,-62,-84,-37,0,0,57,-60,66,49,27,4,-97,16,49,-70,-17,49,-10,56,-27,52,6,-109,-36,112,-88,120,-86,-66,57,116,61,-95,-32,-18,25,22,-65,94,-98,-85,-105,-30,-93,119,38,16,-30,10,40,85,64,-112,-23,-42,127,-36,51
1877,2,61,99,99,99,-62,-62,-62,-84,-37,0,0,57,-60,66,49,27,4,-97,16,49,-70,-17,49,-10,56,-27,52,6,-109,-36,112,-88,120,-86,-66,57,116,61,-95,-32,-18,25,22,-65,94,-98,-85,-105,-30,-93,119,38,16,-30,10,40,85,64,-112,-23,-42,127,-36,51
1878,2,-2,-2,82,82,82,89,89,89,82,-37,0,0,57,-60,66,49,27,4,-97,16,49,-70,-17,49,-10,56,-27,52,6,-109,-36,112,-28,-30,-117,46,91,-122,-112,22,-103,-111,-26,-39,12,59,32,-3,6,64,62,66,42,-55,-60,65,-25,83,51,-124,106,-61,124,121
1879,2,-2,-2,82,82,82,89,89,89,82,-37,0,0,57,-60,66,49,27,4,-97,16,49,-70,-17,49,-10,56,-27,52,6,-109,-36,112,-28,-30,-117,46,91,-122,-112,22,-103,-111,-26,-39,12,59,32,-3,6,64,62,66,42,-55,-60,65,-25,83,51,-124,106,-61,124,121
1880,2,-2,-2,82,82,82,89,89,89,82,-37,0,0,57,-60,66,49,27,4,-97,16,49,-70,-17,49,-10,56,-27,52,6,-109,-36,112,-28,-30,-117,46,91,-122,-112,22,-103,-111,-26,-39,12,59,32,-3,6,64,62,66,42,-55,-60,65,-25,83,51,-124,106,-61,124,121
1881,2,37,37,37,-91,-91,-91,19,19,110,82,-37,0,0,57,-60,66,49,27,4,-97,16,49,-70,-17,49,-10,56,-27,52,6,-109,-36,-50,-17,23,49,-54,-90,125,100,-32,-2,-53,127,26,-90,127,84,-25,55,58,59,7,-56,8,51,-43,34,115,36,-102,-13,-72,-113
1882,2,37,37,37,-91,-91,-91,19,19,110,82,-37,0,0,57,-60,66,49,27,4,-97,16,49,-70,-17,49,-10,56,-27,52,6,-109,-36,-50,-17,23,49,-54,-90,125,100,-32,-2,-53,127,26,-90,127,84,-25,55,58,59,7,-56,8,51,-43,34,115,36,-102,-13,-72,-113
1883,2,37,37,37,-91,-91,-91,19,19,110,82,-37,0,0,57,-60,66,49,27,4,-97,16,49,-70,-17,49,-10,56,-27,52,6,-109,-36,-50,-17,23,49,-54,-90,125,100,-32,-2,-53,127,26,-90,127,84,-25,55,58,59,7,-56,8,51,-43,34,115,36,-102,-13,-72,-113
1884,2,9,-72,-72,-72,-108,-108,-108,-106,-15,110,82,-37,0,0,57,-60,66,49,27,4,-97,16,49,-70,-17,49,-10,56,-27,52,6,-109,-96,-66,-87,-114,3,-17,-82,109,56,-60,11,-93,-92,118,106,59,60,21,-78,35,-72,75,-98,-63,52,88,-120,-24,-93,110,-79,-23
1885,2,9,-72,-72,-72,-108,-108,-108,-106,-15,110,82,-37,0,0,57,-60,66,49,27,4,-97,16,49,-70,-17,49,-10,56,-27,52,6,-109,-96,-66,-87,-114,3,-17,-82,109,56,-60,11,-93,-92,118,106,59,60,21,-78,35,-72,75,-98,-63,52,88,-120,-24,-93,110,-79,-23
1886,2,9,-72,-72,-72,-108,-108,-108,-106,-15,110,82,-37,0,0,57,-60,66,49,27,4,-97,16,49,-70,-17,49,-10,56,-27,52,6,-109,-96,-66,-87,-114,3,-17,-82,109,56,-60,11,-93,-92,118,106,59,60,21,-78,35,-72,75,-98,-63,52,88,-120,-24,-93,110,-79,-23
1887,2,-54,-54,38,38,38,-22,-22,-22,84,-15,110,82,-37,0,0,57,-60,66,49,27,4,-97,16,49,-70,-17,49,-10,56,-27,52,6,69,-15,-117,-35,-31,9,-109,-13,105,-82,72,-28,-62,9,97,111,78,-108,-19,-120,87,-93,90,66,43,66,73,-43,0,-79,114,57
1888,2,-54,-54,38,38,38,-22,-22,-22,84,-15,110,82,-37,0,0,57,-60,66,49,27,4,-97,16,49,-70,-17,49,-10,56,-27,52,6,69,-15,-117,-35,-31,9,-109,-13,105,-82,72,-28,-62,9,97,111,78,-108,-19,-120,87,-93,90,66,43,66,73,-43,0,-79,114,57
1889,2,-54,-54,38,38,38,-22,-22,-22,84,-15,110,82,-37,0,0,57,-60,66,49,27,4,-97,16,49,-70,-17,49,-10,56,-27,52,6,69,-15,-117,-35,-31,9,-109,-13,105,-82,72,-28,-62,9,97,111,78,-108,-19,-120,87,-93,90,66,43,66,73,-43,0,-79,114,57
1890,2,121,121,121,-21,-21,-21,-111,-111,-80,84,-15,110,82,-37,0,0,57,-60,66,49,27,4,-97,16,49,-70,-17,49,-10,56,-27,52,-27,5,-87,43,98,85,126,31,-53,1,2,43,36,-67,77,111,101,99,110,31,49,-9,46,109,-115,-109,103,-54,-3,32,-5,-21
1891,2,121,121,121,-21,-21,-21,-111,-111,-80,84,-15,110,82,-37,0,0,57,-60,66,49,27,4,-97,16,49,-70,-17,49,-10,56,-27,52,-27,5,-87,43,98,85,126,31,-53,1,2,43,36,-67,77,111,101,99,110,31,49,-9,46,109,-115,-109,103,-54,-3,32,-5,-21
1892,2,121,121,121,-21,-21,-21,-111,-111,-80,84,-15,110,82,-37,0,0,57,-60,66,49,27,4,-97,16,49,-70,-17,49,-10,56,-27,52,-27,5,-87,43,98,85,126,31,-53,1,2,43,36,-67,77,111,101,99,110,31,49,-9,46,109,-115,-109,103,-54,-3,32,-5,-21
1893,2,114,-81,-81,-81,-26,-26,-26,47,23,-80,84,-15,110,82,-37,0,0,57,-60,66,49,27,4,-97,16,49,-70,-17,49,-10,56,-27,-93,48,16,11,1,-11,60,-72,-25,-37,3,-6,-31,-45,-76,-49,111,40,114,-105,37,68,112,-74,18,-80,-12,23,9,32,87,-8
1894,2,114,-81,-81,-81,-26,-26,-26,47,23,-80,84,-15,110,82,-37,0,0,57,-60,66,49,27,4,-97,16,49,-70,-17,49,-10,56,-27,-93,48,16,11,1,-11,60,-72,-25,-37,3,-6,-31,-45,-76,-49,111,40,114,-105,37,68,112,-74,18,-80,-12,23,9,32,87,-8
1895,2,114,-81,-81,-81,-26,-26,-26,47,23,-80,84,-15,110,82,-37,0,0,57,-60,66,49,27,4,-97,16,49,-70,-17,49,-10,56,-27,-93,48,16,11,1,-11,60,-72,-25,-37,3,-6,-31,-45,-76,-49,111,40,114,-105,37,68,112,-74,18,-80,-12,23,9,32,87,-8
1896,2,-61,-61,59,59,59,32,32,32,126,23,-80,84,-15,110,82,-37,0,0,57,-60,66,49,27,4,-97,16,49,-70,-17,49,-10,56,124,-48,-71,38,25,77,100,77,-46,59,87,-19,-75,-40,64,-10,96,104,50,101,69,82,-121,69,-50,41,-29,-76,107,-14,-51,22
1897,2,-61,-61,59,59,59,32,32,32,126,23,-80,84,-15,110,82,-37,0,0,57,-60,66,49,27,4,-97,16,49,-70,-17,49,-10,56,124,-48,-71,38,25,77,100,77,-46,59,87,-19,-75,-40,64,-10,96,104,50,101,69,82,-121,69,-50,41,-29,-76,107,-14,-51,22
1898,2,-61,-61,59,59,59,32,32,32,126,23,-80,84,-15,110,82,-37,0,0,57,-60,66,49,27,4,-97,16,49,-70,-17,49,-10,56,124,-48,-71,38,25,77,100,77,-46,59,87,-19,-75,-40,64,-10,96,104,50,101,69,82,-121,69,-50,41,-29,-76,107,-14,-51,22
1899,2,115,115,115,-100,-100,-100,-48,-48,61,126,23,-80,84,-15,110,82,-37,0,0,57,-60,66,49,27,4,-97,16,49,-70,-17,49,-10,63,-77,76,-112,-55,61,14,-94,21,45,-15,-11,-127,85,122,95,121,18,-13,-22,-119,-48,-44,-20,-72,38,81,-124,24,103,-39,57
1900,2,115,115,115,-100,-100,-100,-48,-48,61,126,23,-80,84,-15,110,82,-37,0,0,57,-60,66,49,27,4,-97,16,49,-70,-17,49,-10,63,-77,76,-112,-55,61,14,-94,21,45,-15,-11,-127,85,122,95,121,18,-13,-22,-119,-48,-44,-20,-72,38,81,-124,24,103,-39,57
1901,2,115,115,115,-100,-100,-100,-48,-48,61,126,23,-80,84,-15,110,82,-37,0,0,57,-60,66,49,27,4,-97,16,49,-70,-17,49,-10,63,-77,76,-112,-55,61,14,-94,21,45,-15,-11,-127,85,122,95,121,18,-13,-22,-119,-48,-44,-20,-72,38,81,-124,24,103,-39,57
1902,2,11,109,109,109,15,15,15,24,-2,61,126,23,-80,84,-15,110,82,-37,0,0,57,-60,66,49,27,4,-97,16,49,-70,-17,49,103,39,-59,101,5,125,-10,-71,-32,-101,-77,-115,-50,61,-39,-7,-61,101,18,-125,-100,-57,44,37,-42,16,105,82,-58,17,-39,-33
1903,2,11,109,109,109,15,15,15,24,-2,61,126,23,-80,84,-15,110,82,-37,0,0,57,-60,66,49,27,4,-97,16,49,-70,-17,49,103,39,-59,101,5,125,-10,-71,-32,-101,-77,-115,-50,61,-39,-7,-61,101,18,-125,-100,-57,44,37,-42,16,105,82,-58,17,-39,-33
1904,2,11,109,109,109,15,15,15,24,-2,61,126,23,-80,84,-15,110,82,-37,0,0,57,-60,66,49,27,4,-97,16,49,-70,-17,49,103,39,-59,101,5,125,-10,-71,-32,-101,-77,-115,-50,61,-39,-7,-61,101,18,-125,-100,-57,44,37,-42,16,105,82,-58,17,-39,-33
1905,2,76,76,-118,-118,-118,54,54,54,37,-2,61,126,23,-80,84,-15,110,82,-37,0,0,57,-60,66,49,27,4,-97,16,49,-70,-17,-31,-37,7,58,-92,75,7,114,-41,-27,122,-60,-104,99,19,87,45,-91,-45,-39,124,81,-125,-73,24,42,-53,55,-94,77,-109,-41
1906,2,76,76,-118,-118,-118,54,54,54,37,-2,61,126,23,-80,84,-15,110,82,-37,0,0,57,-60,66,49,27,4,-97,16,49,-70,-17,-31,-37,7,58,-92,75,7,114,-41,-27,122,-60,-104,99,19,87,45,-91,-45,-39,124,81,-125,-73,24,42,-53,55,-94,77,-109,-41
1907,2,76,76,-118,-118,-118,54,54,54,37,-2,61,126,23,-80,84,-15,110,82,-37,0,0,57,-60,66,49,27,4,-97,16,49,-70,-17,-31,-37,7,58,-92,75,7,114,-41,-27,122,-60,-104,99,19,87,45,-91,-45,-39,124,81,-125,-73,24,42,-53,55,-94,77,-109,-41
1908,2,46,46,46,-76,-76,-76,116,116,9,37,-2,61,126,23,-80,84,-15,110,82,-37,0,0,57,-60,66,49,27,4,-97,16,49,-70,48,-11,-54,31,118,29,-83,-31,49,12,109,-83,70,49,-47,17,-2,-53,-72,-26,95,-118,-84,51,93,-122,-111,63,23,2,-56,45
1909,2,46,46,46,-76,-76,-76,116,116,9,37,-2,61,126,23,-80,84,-15,110,82,-37,0,0,57,-60,66,49,27,4,-97,16,49,-70,48,-11,-54,31,118,29,-83,-31,49,12,109,-83,70,49,-47,17,-2,-53,-72,-26,95,-118,-84,51,93,-122,-111,63,23,2,-56,45
1910,2,46,46,46,-76,-76,-76,116,116,9,37,-2,61,126,23,-80,84,-15,110,82,-37,0,0,57,-60,66,49,27,4,-97,16,49,-70,48,-11,-54,31,118,29,-83,-31,49,12,109,-83,70,49,-47,17,-2,-53,-72,-26,95,-118,-84,51,93,-122,-111,63,23,2,-56,45
1911,2,54,65,65,65,64,64,64,65,-54,9,37,-2,61,126,23,-80,84,-15,110,82,-37,0,0,57,-60,66,49,27,4,-97,16,49,76,-88,-123,42,72,-73,23,-38,-51,23,-38,-106,-43,84,-45,22,-46,-39,45,36,-75,115,-76,-110,-13,99,43,-42,-34,-42,10,52
1912,2,54,65,65,65,64,64,64,65,-54,9,37,-2,61,126,23,-80,84,-15,110,82,-37,0,0,57,-60,66,49,27,4,-97,16,49,76,-88,-123,42,72,-73,23,-38,-51,23,-38,-106,-43,84,-45,22,-46,-39,45,36,-75,115,-76,-110,-13,99,43,-42,-34,-42,10,52
1913,2,54,65,65,65,64,64,64,65,-54,9,37,-2,61,126,23,-80,84,-15,110,82,-37,0,0,57,-60,66,49,27,4,-97,16,49,76,-88,-123,42,72,-73,23,-38,-51,23,-38,-106,-43,84,-45,22,-46,-39,45,36,-75,115,-76,-110,-13,99,43,-42,-34,-42,10,52
1914,2,-34,-34,-22,-22,-22,-52,-52,-52,121,-54,9,37,-2,61,126,23,-80,84,-15,110,82,-37,0,0,57,-60,66,49,27,4,-97,16,104,40,-96,-65,116,70,11,-72,93,65,96,-6,-76,63,10,-83,87,-12,85,14,105,-22,-108,-58,44,86,-69,69,-83,-3,77,57
1915,2,-34,-34,-22,-22,-22,-52,-52,-52,121,-54,9,37,-2,61,126,23,-80,84,-15,110,82,-37,0,0,57,-60,66,49,27,4,-97,16,104,40,-96,-65,116,70,11,-72,93,65,96,-6,-76,63,10,-83,87,-12,85,14,105,-22,-108,-58,44,86,-69,69,-83,-3,77,57
1916,2,-34,-34,-22,-22,-22,-52,-52,-52,121,-54,9,37,-2,61,126,23,-80,84,-15,110,82,-37,0,0,57,-60,66,49,27,4,-97,16,104,40,-96,-65,116,70,11,-72,93,65,96,-6,-76,63,10,-83,87,-12,85,14,105,-22,-108,-58,44,86,-69,69,-83,-3,77,57
1917,2,-63,-63,-63,-90,-90,-90,6,6,114,121,-54,9,37,-2,61,126,23,-80,84,-15,110,82,-37,0,0,57,-60,66,49,27,4,-97,60,50,-68,104,-4,-83,110,-55,123,86,104,58,-122,-111,-86,65,19,-1,-7,-94,20,112,-13,-11,-85,124,87,-103,4,-118,127,-85
1918,2,-63,-63,-63,-90,-90,-90,6,6,114,121,-54,9,37,-2,61,126,23,-80,84,-15,110,82,-37,0,0,57,-60,66,49,27,4,-97,60,50,-68,104,-4,-83,110,-55,123,86,104,58,-122,-111,-86,65,19,-1,-7,-94,20,112,-13,-11,-85,124,87,-103,4,-118,127,-85
1919,2,-63,-63,-63,-90,-90,-90,6,6,114,121,-54,9,37,-2,61,126,23,-80,84,-15,110,82,-37,0,0,57,-60,66,49,27,4,-97,60,50,-68,104,-4,-83,110,-55,123,86,104,58,-122,-111,-86,65,19,-1,-7,-94,20,112,-13,-11,-85,124,87,-103,4,-118,127,-85
1920,2,-41,15,15,15,-90,-90,-90,-125,-61,114,121,-54,9,37,-2,61,126,23,-80,84,-15,110,82,-37,0,0,57,-60,66,49,27,4,-43,-24,76,-28,-11,-98,-28,25,-12,126,68,0,-54,-93,-27,-1,126,84,-119,44,42,23,-33,-52,-117,93,11,100,-79,54,4,-54
1921,2,-41,15,15,15,-90,-90,-90,-125,-61,114,121,-54,9,37,-2,61,126,23,-80,84,-15,110,82,-37,0,0,57,-60,66,49,27,4,-43,-24,76,-28,-11,-98,-28,25,-12,126,68,0,-54,-93,-27,-1,126,84,-119,44,42,23,-33,-52,-117,93,11,100,-79,54,4,-54
1922,2,-41,15,15,15,-90,-90,-90,-125,-61,114,121,-54,9,37,-2,61,126,23,-80,84,-15,110,82,-37,0,0,57,-60,66,49,27,4,-43,-24,76,-28,-11,-98,-28,25,-12,126,68,0,-54,-93,-27,-1,126,84,-119,44,42,23,-33,-52,-117,93,11,100,-79,54,4,-54
1923,2,126,126,-58,-58,-58,127,127,127,115,-61,114,121,-54,9,37,-2,61,126,23,-80,84,-15,110,82,-37,0,0,57,-60,66,49,27,125,-38,88,83,-73,-114,22,-54,-26,50,24,-100,-73,-87,3,10,31,-11,-90,-111,124,-67,60,-64,110,86,105,-99,-46,126,64,118
1924,2,126,126,-58,-58,-58,127,127,127,115,-61,114,121,-54,9,37,-2,61,126,23,-80,84,-15,110,82,-37,0,0,57,-60,66,49,27,125,-38,88,83,-73,-114,22,-54,-26,50,24,-100,-73,-87,3,10,31,-11,-90,-111,124,-67,60,-64,110,86,105,-99,-46,126,64,118
1925,2,126,126,-58,-58,-58,127,127,127,115,-61,114,121,-54,9,37,-2,61,126,23,-80,84,-15,110,82,-37,0,0,57,-60,66,49,27,125,-38,88,83,-73,-114,22,-54,-26,50,24,-100,-73,-87,3,10,31,-11,-90,-111,124,-67,60,-64,110,86,105,-99,-46,126,64,118
1926,2,69,69,69,125,125,125,-94,-94,11,115,-61,114,121,-54,9,37,-2,61,126,23,-80,84,-15,110,82,-37,0,0,57,-60,66,49,-124,109,-121,-91,-29,31,99,94,72,36,-5,68,-113,-107,14,-31,64,-101,102,36,-5,-23,-102,-5,110,-122,-57,113,-122,67,-13,6
1927,2,69,69,69,125,125,125,-94,-94,11,115,-61,114,121,-54,9,37,-2,61,126,23,-80,84,-15,110,82,-37,0,0,57,-60,66,49,-124,109,-121,-91,-29,31,99,94,72,36,-5,68,-113,-107,14,-31,64,-101,102,36,-5,-23,-102,-5,110,-122,-57,113,-122,67,-13,6
1928,2,69,69,69,125,125,125,-94,-94,11,115,-61,114,121,-54,9,37,-2,61,126,23,-80,84,-15,110,82,-37,0,0,57,-60,66,49,-124,109,-121,-91,-29,31,99,94,72,36,-5,68,-113,-107,14,-31,64,-101,102,36,-5,-23,-102,-5,110,-122,-57,113,-122,67,-13,6
1929,2,104,-80,-80,-80,-66,-66,-66,34,76,11,115,-61,114,121,-54,9,37,-2,61,126,23,-80,84,-15,110,82,-37,0,0,57,-60,66,-126,-49,-44,121,62,48,-59,76,48,83,79,110,-13,-105,-55,47,89,-113,56,-121,-87,0,-33,91,0,80,118,98,-58,-48,43,-119
1930,2,104,-80,-80,-80,-66,-66,-66,34,76,11,115,-61,114,121,-54,9,37,-2,61,126,23,-80,84,-15,110,82,-37,0,0,57,-60,66,-126,-49,-44,121,62,48,-59,76,48,83,79,110,-13,-105,-55,47,89,-113,56,-121,-87,0,-33,91,0,80,118,98,-58,-48,43,-119
1931,2,104,-80,-80,-80,-66,-66,-66,34,76,11,115,-61,114,121,-54,9,37,-2,61,126,23,-80,84,-15,110,82,-37,0,0,57,-60,66,-126,-49,-44,121,62,48,-59,76,48,83,79,110,-13,-105,-55,47,89,-113,56,-121,-87,0,-33,91,0,80,118,98,-58,-48,43,-119
1932,2,11,11,120,120,120,-90,-90,-90,46,76,11,115,-61,114,121,-54,9,37,-2,61,126,23,-80,84,-15,110,82,-37,0,0,57,-60,-41,51,55,-87,116,-109,122,-100,-117,-19,-99,-95,87,74,-59,24,26,-17,103,-69,-32,93,45,-40,54,-105,114,59,31,58,-20,-104
1933,2,11,11,120,120,120,-90,-90,-90,46,76,11,115,-61,114,121,-54,9,37,-2,61,126,23,-80,84,-15,110,82,-37,0,0,57,-60,-41,51,55,-87,116,-109,122,-100,-117,-19,-99,-95,87,74,-59,24,26,-17,103,-69,-32,93,45,-40,54,-105,114,59,31,58,-20,-104
1934,2,11,11,120,120,120,-90,-90,-90,46,76,11,115,-61,114,121,-54,9,37,-2,61,126,23,-80,84,-15,110,82,-37,0,0,57,-60,-41,51,55,-87,116,-109,122,-100,-117,-19,-99,-95,87,74,-59,24,26,-17,103,-69,-32,93,45,-40,54,-105,114,59,31,58,-20,-104
1935,2,127,127,127,12,12,12,111,111,54,46,76,11,115,-61,114,121,-54,9,37,-2,61,126,23,-80,84,-15,110,82,-37,0,0,57,-76,67,-102,61,-51,3,-72,-11,-71,-72,-53,96,-93,-22,73,-29,81,-65,86,-72,-17,87,36,93,58,102,-52,112,62,75,-67,73
1936,2,127,127,127,12,12,12,111,111,54,46,76,11,115,-61,114,121,-54,9,37,-2,61,126,23,-80,84,-15,110,82,-37,0,0,57,-76,67,-102,61,-51,3,-72,-11,-71,-72,-53,96,-93,-22,73,-29,81,-65,86,-72,-17,87,36,93,58,102,-52,112,62,75,-67,73
1937,2,127,127,127,12,12,12,111,111,54,46,76,11,115,-61,114,121,-54,9,37,-2,61,126,23,-80,84,-15,110,82,-37,0,0,57,-76,67,-102,61,-51,3,-72,-11,-71,-72,-53,96,-93,-22,73,-29,81,-65,86,-72,-17,87,36,93,58,102,-52,112,62,75,-67,73
1938,2,-81,-17,-17,-17,78,78,78,-122,-34,54,46,76,11,115,-61,114,121,-54,9,37,-2,61,126,23,-80,84,-15,110,82,-37,0,0,-47,107,-57,86,101,118,116,-5,-13,30,16,-82,94,47,-123,23,119,38,64,-111,74,-47,102,-123,-10,91,34,-83,-66,-86,102,-90
1939,2,-81,-17,-17,-17,78,78,78,-122,-34,54,46,76,11,115,-61,114,121,-54,9,37,-2,61,126,23,-80,84,-15,110,82,-37,0,0,-47,107,-57,86,101,118,116,-5,-13,30,16,-82,94,47,-123,23,119,38,64,-111,74,-47,102,-123,-10,91,34,-83,-66,-86,102,-90
1940,2,-81,-17,-17,-17,78,78,78,-122,-34,54,46,76,11,115,-61,114,121,-54,9,37,-2,61,126,23,-80,84,-15,110,82,-37,0,0,-47,107,-57,86,101,118,116,-5,-13,30,16,-82,94,47,-123,23,119,38,64,-111,74,-47,102,-123,-10,91,34,-83,-66,-86,102,-90
1941,2,24,24,-14,-14,-14,35,35,35,-63,-34,54,46,76,11,115,-61,114,121,-54,9,37,-2,61,126,23,-80,84,-15,110,82,-37,0,-125,-38,57,-106,84,-35,123,48,-15,-14,-114,10,81,-65,-32,-37,98,102,-73,-41,48,-48,20,82,56,-46,-54,-9,-54,111,-82,-92
1942,2,24,24,-14,-14,-14,35,35,35,-63,-34,54,46,76,11,115,-61,114,121,-54,9,37,-2,61,126,23,-80,84,-15,110,82,-37,0,-125,-38,57,-106,84,-35,123,48,-15,-14,-114,10,81,-65,-32,-37,98,102,-73,-41,48,-48,20,82,56,-46,-54,-9,-54,111,-82,-92
1943,2,24,24,-14,-14,-14,35,35,35,-63,-34,54,46,76,11,115,-61,114,121,-54,9,37,-2,61,126,23,-80,84,-15,110,82,-37,0,-125,-38,57,-106,84,-35,123,48,-15,-14,-114,10,81,-65,-32,-37,98,102,-73,-41,48,-48,20,82,56,-46,-54,-9,-54,111,-82,-92
1944,2,100,100,100,48,48,48,-76,-76,-41,-63,-34,54,46,76,11,115,-61,114,121,-54,9,37,-2,61,126,23,-80,84,-15,110,82,-37,80,67,21,14,24,106,-65,97,-17,-58,113,79,16,-104,13,33,79,-15,32,-30,-36,12,-61,-53,3,0,-64,-96,4,-108,-70,-93
1945,2,100,100,100,48,48,48,-76,-76,-41,-63,-34,54,46,76,11,115,-61,114,121,-54,9,37,-2,61,126,23,-80,84,-15,110,82,-37,80,67,21,14,24,106,-65,97,-17,-58,113,79,16,-104,13,33,79,-15,32,-30,-36,12,-61,-53,3,0,-64,-96,4,-108,-70,-93
1946,2,100,100,100,48,48,48,-76,-76,-41,-63,-34,54,46,76,11,115,-61,114,121,-54,9,37,-2,61,126,23,-80,84,-15,110,82,-37,80,67,21,14,24,106,-65,97,-17,-58,113,79,16,-104,13,33,79,-15,32,-30,-36,12,-61,-53,3,0,-64,-96,4,-108,-70,-93
1947,2,20,-119,-119,-119,-38,-38,-38,46,126,-41,-63,-34,54,46,76,11,115,-61,114,121,-54,9,37,-2,61,126,23,-80,84,-15,110,82,-88,73,-14,106,-5,-36,-88,95,49,-65,-47,-20,-24,44,-91,4,-83,91,127,59,-82,-101,59,-17,2,63,56,-29,-113,22,45,-39
1948,2,20,-119,-119,-119,-38,-38,-38,46,126,-41,-63,-34,54,46,76,11,115,-61,114,121,-54,9,37,-2,61,126,23,-80,84,-15,110,82,-88,73,-14,106,-5,-36,-88,95,49,-65,-47,-20,-24,44,-91,4,-83,91,127,59,-82,-101,59,-17,2,63,56,-29,-113,22,45,-39
1949,2,20,-119,-119,-119,-38,-38,-38,46,126,-41,-63,-34,54,46,76,11,115,-61,114,121,-54,9,37,-2,61,126,23,-80,84,-15,110,82,-88,73,-14,106,-5,-36,-88,95,49,-65,-47,-20,-24,44,-91,4,-83,91,127,59,-82,-101,59,-17,2,63,56,-29,-113,22,45,-39
1950,2,72,72,57,57,57,16,16,16,69,126,-41,-63,-34,54,46,76,11,115,-61,114,121,-54,9,37,-2,61,126,23,-80,84,-15,110,-32,60,-18,-90,7,-23,31,62,-3,-126,93,-47,112,-40,-39,69,62,-50,5,104,47,-6,111,113,87,12,-58,-19,-83,55,-83,76
1951,2,72,72,57,57,57,16,16,16,69,126,-41,-63,-34,54,46,76,11,115,-61,114,121,-54,9,37,-2,61,126,23,-80,84,-15,110,-32,60,-18,-90,7,-23,31,62,-3,-126,93,-47,112,-40,-39,69,62,-50,5,104,47,-6,111,113,87,12,-58,-19,-83,55,-83,76
1952,2,72,72,57,57,57,16,16,16,69,126,-41,-63,-34,54,46,76,11,115,-61,114,121,-54,9,37,-2,61,126,23,-80,84,-15,110,-32,60,-18,-90,7,-23,31,62,-3,-126,93,-47,112,-40,-39,69,62,-50,5,104,47,-6,111,113,87,12,-58,-19,-83,55,-83,76
1953,2,1,1,1,15,15,15,-115,-115,104,69,126,-41,-63,-34,54,46,76,11,115,-61,114,121,-54,9,37,-2,61,126,23,-80,84,-15,88,-127,55,121,65,-65,109,-53,106,113,-121,59,98,-58,127,64,-37,50,-35,-32,10,-32,84,-82,93,-22,-57,54,126,-14,101,36
1954,2,1,1,1,15,15,15,-115,-115,104,69,126,-41,-63,-34,54,46,76,11,115,-61,114,121,-54,9,37,-2,61,126,23,-80,84,-15,88,-127,55,121,65,-65,109,-53,106,113,-121,59,98,-58,127,64,-37,50,-35,-32,10,-32,84,-82,93,-22,-57,54,126,-14,101,36
1955,2,1,1,1,15,15,15,-115,-115,104,69,126,-41,-63,-34,54,46,76,11,115,-61,114,121,-54,9,37,-2,61,126,23,-80,84,-15,88,-127,55,121,65,-65,109,-53,106,113,-121,59,98,-58,127,64,-37,50,-35,-32,10,-32,84,-82,93,-22,-57,54,126,-14,101,36
1956,2,-54,60,60,60,7,7,7,-118,11,104,69,126,-41,-63,-34,54,46,76,11,115,-61,114,121,-54,9,37,-2,61,126,23,-80,84,55,-110,-124,57,71,66,62,108,-120,17,97,-114,123,28,66,73,125,-81,-91,-6,-79,-65,14,44,-72,87,-39,-52,-94,-119,74,124
1957,2,-54,60,60,60,7,7,7,-118,11,104,69,126,-41,-63,-34,54,46,76,11,115,-61,114,121,-54,9,37,-2,61,126,23,-80,84,55,-110,-124,57,71,66,62,108,-120,17,97,-114,123,28,66,73,125,-81,-91,-6,-79,-65,14,44,-72,87,-39,-52,-94,-119,74,124
1958,2,-54,60,60,60,7,7,7,-118,11,104,69,126,-41,-63,-34,54,46,76,11,115,-61,114,121,-54,9,37,-2,61,126,23,-80,84,55,-110,-124,57,71,66,62,108,-120,17,97,-114,123,28,66,73,125,-81,-91,-6,-79,-65,14,44,-72,87,-39,-52,-94,-119,74,124
1959,2,-25,-25,83,83,83,32,32,32,127,11,104,69,126,-41,-63,-34,54,46,76,11,115,-61,114,121,-54,9,37,-2,61,126,23,-80,-25,59,-73,-106,-114,-57,78,-117,22,35,37,-94,59,126,-50,-54,-69,39,-123,95,-78,95,58,12,-55,-31,-90,-125,100,-91,101,85
1960,2,-25,-25,83,83,83,32,32,32,127,11,104,69,126,-41,-63,-34,54,46,76,11,115,-61,114,121,-54,9,37,-2,61,126,23,-80,-25,59,-73,-106,-114,-57,78,-117,22,35,37,-94,59,126,-50,-54,-69,39,-123,95,-78,95,58,12,-55,-31,-90,-125,100,-91,101,85
1961,2,-25,-25,83,83,83,32,32,32,127,11,104,69,126,-41,-63,-34,54,46,76,11,115,-61,114,121,-54,9,37,-2,61,126,23,-80,-25,59,-73,-106,-114,-57,78,-117,22,35,37,-94,59,126,-50,-54,-69,39,-123,95,-78,95,58,12,-55,-31,-90,-125,100,-91,101,85
1962,2,-20,-20,-20,112,112,112,-116,-116,-81,127,11,104,69,126,-41,-63,-34,54,46,76,11,115,-61,114,121,-54,9,37,-2,61,126,23,24,-64,-31,12,114,-12,-3,-27,55,99,12,-8,-34,-110,-111,-16,-68,53,101,-115,-111,-67,-42,33,13,-99,70,-39,23,25,121,1
1963,2,-20,-20,-20,112,112,112,-116,-116,-81,127,11,104,69,126,-41,-63,-34,54,46,76,11,115,-61,114,121,-54,9,37,-2,61,126,23,24,-64,-31,12,114,-12,-3,-27,55,99,12,-8,-34,-110,-111,-16,-68,53,101,-115,-111,-67,-42,33,13,-99,70,-39,23,25,121,1
1964,2,-20,-20,-20,112,112,112,-116,-116,-81,127,11,104,69,126,-41,-63,-34,54,46,76,11,115,-61,114,121,-54,9,37,-2,61,126,23,24,-64,-31,12,114,-12,-3,-27,55,99,12,-8,-34,-110,-111,-16,-68,53,101,-115,-111,-67,-42,33,13,-99,70,-39,23,25,121,1
1965,2,-65,-114,-114,-114,50,50,50,-87,24,-81,127,11,104,69,126,-41,-63,-34,54,46,76,11,115,-61,114,121,-54,9,37,-2,61,126,-106,-58,-26,48,-33,23,110,61,-97,111,-37,16,107,-97,-50,-77,-45,73,53,60,0,82,-26,-44,43,109,25,109,123,25,-114,-3
1966,2,-65,-114,-114,-114,50,50,50,-87,24,-81,127,11,104,69,126,-41,-63,-34,54,46,76,11,115,-61,114,121,-54,9,37,-2,61,126,-106,-58,-26,48,-33,23,110,61,-97,111,-37,16,107,-97,-50,-77,-45,73,53,60,0,82,-26,-44,43,109,25,109,123,25,-114,-3
1967,2,-65,-114,-114,-114,50,50,50,-87,24,-81,127,11,104,69,126,-41,-63,-34,54,46,76,11,115,-61,114,121,-54,9,37,-2,61,126,-106,-58,-26,48,-33,23,110,61,-97,111,-37,16,107,-97,-50,-77,-45,73,53,60,0,82,-26,-44,43,109,25,109,123,25,-114,-3
1968,2,83,83,50,50,50,52,52,52,100,24,-81,127,11,104,69,126,-41,-63,-34,54,46,76,11,115,-61,114,121,-54,9,37,-2,61,103,34,65,-71,-40,-36,81,-80,89,59,-5,-72,33,-42,2,-80,-98,101,51,52,-110,-123,-59,101,18,9,-70,-103,-80,102,-23,16
1969,2,83,83,50,50,50,52,52,52,100,24,-81,127,11,104,69,126,-41,-63,-34,54,46,76,11,115,-61,114,121,-54,9,37,-2,61,103,34,65,-71,-40,-36,81,-80,89,59,-5,-72,33,-42,2,-80,-98,101,51,52,-110,-123,-59,101,18,9,-70,-103,-80,102,-23,16
1970,2,83,83,50,50,50,52,52,52,100,24,-81,127,11,104,69,126,-41,-63,-34,54,46,76,11,115,-61,114,121,-54,9,37,-2,61,103,34,65,-71,-40,-36,81,-80,89,59,-5,-72,33,-42,2,-80,-98,101,51,52,-110,-123,-59,101,18,9,-70,-103,-80,102,-23,16
1971,2,-23,-23,-23,72,72,72,18,18,20,100,24,-81,127,11,104,69,126,-41,-63,-34,54,46,76,11,115,-61,114,121,-54,9,37,-2,-8,-24,-46,-50,-78,-59,-44,-114,103,12,-70,22,122,33,-24,-47,-49,21,0,-76,38,-124,-25,86,-82,96,82,-90,-66,110,126,108
1972,2,-23,-23,-23,72,72,72,18,18,20,100,24,-81,127,11,104,69,126,-41,-63,-34,54,46,76,11,115,-61,114,121,-54,9,37,-2,-8,-24,-46,-50,-78,-59,-44,-114,103,12,-70,22,122,33,-24,-47,-49,21,0,-76,38,-124,-25,86,-82,96,82,-90,-66,110,126,108
1973,2,-23,-23,-23,72,72,72,18,18,20,100,24,-81,127,11,104,69,126,-41,-63,-34,54,46,76,11,115,-61,114,121,-54,9,37,-2,-8,-24,-46,-50,-78,-59,-44,-114,103,12,-70,22,122,33,-24,-47,-49,21,0,-76,38,-124,-25,86,-82,96,82,-90,-66,110,126,108
1974,2,17,-64,-64,-64,-77,-77,-77,16,72,20,100,24,-81,127,11,104,69,126,-41,-63,-34,54,46,76,11,115,-61,114,121,-54,9,37,-74,-32,115,118,8,43,-127,96,105,-41,114,82,-7,-102,111,94,92,35,-28,48,-42,-5,-99,81,-63,50,10,51,84,-67,-88,-112
1975,2,17,-64,-64,-64,-77,-77,-77,16,72,20,100,24,-81,127,11,104,69,126,-41,-63,-34,54,46,76,11,115,-61,114,121,-54,9,37,-74,-32,115,118,8,43,-127,96,105,-41,114,82,-7,-102,111,94,92,35,-28,48,-42,-5,-99,81,-63,50,10,51,84,-67,-88,-112
1976,2,17,-64,-64,-64,-77,-77,-77,16,72,20,100,24,-81,127,11,104,69,126,-41,-63,-34,54,46,76,11,115,-61,114,121,-54,9,37,-74,-32,115,118,8,43,-127,96,105,-41,114,82,-7,-102,111,94,92,35,-28,48,-42,-5,-99,81,-63,50,10,51,84,-67,-88,-112
1977,2,-22,-22,-25,-25,-25,34,34,34,1,72,20,100,24,-81,127,11,104,69,126,-41,-63,-34,54,46,76,11,115,-61,114,121,-54,9,-77,121,99,-115,42,121,15,-77,-87,-108,64,-64,49,122,94,119,45,4,50,37,58,-81,-87,107,79,52,-106,88,117,103,-13,-12
1978,2,-22,-22,-25,-25,-25,34,34,34,1,72,20,100,24,-81,127,11,104,69,126,-41,-63,-34,54,46,76,11,115,-61,114,121,-54,9,-77,121,99,-115,42,121,15,-77,-87,-108,64,-64,49,122,94,119,45,4,50,37,58,-81,-87,107,79,52,-106,88,117,103,-13,-12
1979,2,-22,-22,-25,-25,-25,34,34,34,1,72,20,100,24,-81,127,11,104,69,126,-41,-63,-34,54,46,76,11,115,-61,114,121,-54,9,-77,121,99,-115,42,121,15,-77,-87,-108,64,-64,49,122,94,119,45,4,50,37,58,-81,-87,107,79,52,-106,88,117,103,-13,-12
1980,2,-39,-39,-39,-29,-29,-29,-31,-31,-54,1,72,20,100,24,-81,127,11,104,69,126,-41,-63,-34,54,46,76,11,115,-61,114,121,-54,-8,50,29,-11,-88,83,47,118,121,73,23,-122,110,86,-91,58,51,-48,-26,-95,-29,-103,57,-127,-79,-16,-51,71,-3,-113,67,89
1981,2,-39,-39,-39,-29,-29,-29,-31,-31,-54,1,72,20,100,24,-81,127,11,104,69,126,-41,-63,-34,54,46,76,11,115,-61,114,121,-54,-8,50,29,-11,-88,83,47,118,121,73,23,-122,110,86,-91,58,51,-48,-26,-95,-29,-103,57,-127,-79,-16,-51,71,-3,-113,67,89
1982,2,-39,-39,-39,-29,-29,-29,-31,-31,-54,1,72,20,100,24,-81,127,11,104,69,126,-41,-63,-34,54,46,76,11,115,-61,114,121,-54,-8,50,29,-11,-88,83,47,118,121,73,23,-122,110,86,-91,58,51,-48,-26,-95,-29,-103,57,-127,-79,-16,-51,71,-3,-113,67,89
1983,2,19,38,38,38,-125,-125,-125,38,-25,-54,1,72,20,100,24,-81,127,11,104,69,126,-41,-63,-34,54,46,76,11,115,-61,114,121,6,19,91,-70,32,-77,39,-20,-47,-77,24,31,-27,-60,44,2,116,21,-14,122,79,-70,40,-81,-118,106,63,86,27,4,41,-87
1984,2,19,38,38,38,-125,-125,-125,38,-25,-54,1,72,20,100,24,-81,127,11,104,69,126,-41,-63,-34,54,46,76,11,115,-61,114,121,6,19,91,-70,32,-77,39,-20,-47,-77,24,31,-27,-60,44,2,116,21,-14,122,79,-70,40,-81,-118,106,63,86,27,4,41,-87
1985,2,19,38,38,38,-125,-125,-125,38,-25,-54,1,72,20,100,24,-81,127,11,104,69,126,-41,-63,-34,54,46,76,11,115,-61,114,121,6,19,91,-70,32,-77,39,-20,-47,-77,24,31,-27,-60,44,2,116,21,-14,122,79,-70,40,-81,-118,106,63,86,27,4,41,-87
1986,2,-63,-63,124,124,124,2,2,2,-20,-25,-54,1,72,20,100,24,-81,127,11,104,69,126,-41,-63,-34,54,46,76,11,115,-61,114,-116,32,92,126,-20,-67,41,75,81,-88,-53,58,-79,54,51,20,116,87,78,119,66,-49,67,63,-91,109,-34,-99,-36,-63,126,-119
1987,2,-63,-63,124,124,124,2,2,2,-20,-25,-54,1,72,20,100,24,-81,127,11,104,69,126,-41,-63,-34,54,46,76,11,115,-61,114,-116,32,92,126,-20,-67,41,75,81,-88,-53,58,-79,54,51,20,116,87,78,119,66,-49,67,63,-91,109,-34,-99,-36,-63,126,-119
1988,2,-63,-63,124,124,124,2,2,2,-20,-25,-54,1,72,20,100,24,-81,127,11,104,69,126,-41,-63,-34,54,46,76,11,115,-61,114,-116,32,92,126,-20,-67,41,75,81,-88,-53,58,-79,54,51,20,116,87,78,119,66,-49,67,63,-91,109,-34,-99,-36,-63,126,-119
1989,2,-121,-121,-121,-126,-126,-126,108,108,-65,-20,-25,-54,1,72,20,100,24,-81,127,11,104,69,126,-41,-63,-34,54,46,76,11,115,-61,-42,21,38,52,-109,13,0,15,97,65,-55,4,119,41,95,95,-53,-9,45,34,64,-28,122,45,12,-68,115,-100,118,-36,111,-52
1990,2,-121,-121,-121,-126,-126,-126,108,108,-65,-20,-25,-54,1,72,20,100,24,-81,127,11,104,69,126,-41,-63,-34,54,46,76,11,115,-61,-42,21,38,52,-109,13,0,15,97,65,-55,4,119,41,95,95,-53,-9,45,34,64,-28,122,45,12,-68,115,-100,118,-36,111,-52
1991,2,-121,-121,-121,-126,-126,-126,108,108,-65,-20,-25,-54,1,72,20,100,24,-81,127,11,104,69,126,-41,-63,-34,54,46,76,11,115,-61,-42,21,38,52,-109,13,0,15,97,65,-55,4,119,41,95,95,-53,-9,45,34,64,-28,122,45,12,-68,115,-100,118,-36,111,-52
1992,2,31,37,37,37,-43,-43,-43,-23,83,-65,-20,-25,-54,1,72,20,100,24,-81,127,11,104,69,126,-41,-63,-34,54,46,76,11,115,-9,111,-102,90,55,103,-68,-50,-42,95,80,10,61,-61,-76,102,-86,-49,33,-55,46,-17,-73,11,38,77,54,95,58,26,100,-111
1993,2,31,37,37,37,-43,-43,-43,-23,83,-65,-20,-25,-54,1,72,20,100,24,-81,127,11,104,69,126,-41,-63,-34,54,46,76,11,115,-9,111,-102,90,55,103,-68,-50,-42,95,80,10,61,-61,-76,102,-86,-49,33,-55,46,-17,-73,11,38,77,54,95,58,26,100,-111
1994,2,31,37,37,37,-43,-43,-43,-23,83,-65,-20,-25,-54,1,72,20,100,24,-81,127,11,104,69,126,-41,-63,-34,54,46,76,11,115,-9,111,-102,90,55,103,-68,-50,-42,95,80,10,61,-61,-76,102,-86,-49,33,-55,46,-17,-73,11,38,77,54,95,58,26,100,-111
1995,2,43,43,93,93,93,52,52,52,-23,83,-65,-20,-25,-54,1,72,20,100,24,-81,127,11,104,69,126,-41,-63,-34,54,46,76,11,-33,-93,-84,-79,47,50,112,109,85,-46,-67,-120,3,121,-88,69,68,72,-4,109,82,72,-90,-40,64,54,44,12,-111,-98,-36,60
1996,2,43,43,93,93,93,52,52,52,-23,83,-65,-20,-25,-54,1,72,20,100,24,-81,127,11,104,69,126,-41,-63,-34,54,46,76,11,-33,-93,-84,-79,47,50,112,109,85,-46,-67,-120,3,121,-88,69,68,72,-4,109,82,72,-90,-40,64,54,44,12,-111,-98,-36,60
1997,2,43,43,93,93,93,52,52,52,-23,83,-65,-20,-25,-54,1,72,20,100,24,-81,127,11,104,69,126,-41,-63,-34,54,46,76,11,-33,-93,-84,-79,47,50,112,109,85,-46,-67,-120,3,121,-88,69,68,72,-4,109,82,72,-90,-40,64,54,44,12,-111,-98,-36,60
1998,2,-116,-116,-116,-91,-91,-91,13,13,17,-23,83,-65,-20,-25,-54,1,72,20,100,24,-81,127,11,104,69,126,-41,-63,-34,54,46,76,-77,-66,-8,-33,106,-41,-77,-43,-41,100,21,-88,9,43,-53,49,83,19,-66,67,-39,-123,8,-31,-124,32,-105,-50,42,9,-89,-47
1999,2,-116,-116,-116,-91,-91,-91,13,13,17,-23,83,-65,-20,-25,-54,1,72,20,100,24,-81,127,11,104,69,126,-41,-63,-34,54,46,76,-77,-66,-8,-33,106,-41,-77,-43,-41,100,21,-88,9,43,-53,49,83,19,-66,67,-39,-123,8,-31,-124,32,-105,-50,42,9,-89,-47
2000,2,-116,-116,-116,-91,-91,-91,13,13,17,-23,83,-65,-20,-25,-54,1,72,20,100,24,-81,127,11,104,69,126,-41,-63,-34,54,46,76,-77,-66,-8,-33,106,-41,-77,-43,-41,100,21,-88,9,43,-53,49,83,19,-66,67,-39,-123,8,-31,-124,32,-105,-50,42,9,-89,-47
2001,2,-30,-30,-30,-30,-47,-47,-47,59,-22,17,-23,83,-65,-20,-25,-54,1,72,20,100,24,-81,127,11,104,69,126,-41,-63,-34,54,46,-89,-41,-69,-116,-62,-117,38,-89,69,-59,97,-126,124,-67,67,-99,-84,-100,55,-9,-38,89,115,-50,90,-121,-68,-116,47,30,18,25
2002,2,-30,-30,-30,-30,-47,-47,-47,59,-22,17,-23,83,-65,-20,-25,-54,1,72,20,100,24,-81,127,11,104,69,126,-41,-63,-34,54,46,-89,-41,-69,-116,-62,-117,38,-89,69,-59,97,-126,124,-67,67,-99,-84,-100,55,-9,-38,89,115,-50,90,-121,-68,-116,47,30,18,25
2003,2,-30,-30,-30,-30,-47,-47,-47,59,-22,17,-23,83,-65,-20,-25,-54,1,72,20,100,24,-81,127,11,104,69,126,-41,-63,-34,54,46,-89,-41,-69,-116,-62,-117,38,-89,69,-59,97,-126,124,-67,67,-99,-84,-100,55,-9,-38,89,115,-50,90,-121,-68,-116,47,30,18,25
2004,2,86,86,-74,-74,-74,-72,-72,-72,-39,-22,17,-23,83,-65,-20,-25,-54,1,72,20,100,24,-81,127,11,104,69,126,-41,-63,-34,54,-108,-42,117,-42,125,50,18,-21,10,-98,-117,-2,9,50,-73,96,87,39,4,-73,-56,-57,43,32,91,-65,-53,-54,11,31,-73,76
2005,2,86,86,-74,-74,-74,-72,-72,-72,-39,-22,17,-23,83,-65,-20,-25,-54,1,72,20,100,24,-81,127,11,104,69,126,-41,-63,-34,54,-108,-42,117,-42,125,50,18,-21,10,-98,-117,-2,9,50,-73,96,87,39,4,-73,-56,-57,43,32,91,-65,-53,-54,11,31,-73,76
2006,2,86,86,-74,-74,-74,-72,-72,-72,-39,-22,17,-23,83,-65,-20,-25,-54,1,72,20,100,24,-81,127,11,104,69,126,-41,-63,-34,54,-108,-42,117,-42,125,50,18,-21,10,-98,-117,-2,9,50,-73,96,87,39,4,-73,-56,-57,43,32,91,-65,-53,-54,11,31,-73,76
2007,2,63,63,63,94,94,94,-62,-62,19,-39,-22,17,-23,83,-65,-20,-25,-54,1,72,20,100,24,-81,127,11,104,69,126,-41,-63,-34,-23,-37,-76,112,79,22,-20,11,108,48,49,33,-21,-1,-19,42,-40,87,-73,106,-84,-22,61,105,-11,31,-94,-104,112,-121,-77,126
2008,2,63,63,63,94,94,94,-62,-62,19,-39,-22,17,-23,83,-65,-20,-25,-54,1,72,20,100,24,-81,127,11,104,69,126,-41,-63,-34,-23,-37,-76,112,79,22,-20,11,108,48,49,33,-21,-1,-19,42,-40,87,-73,106,-84,-22,61,105,-11,31,-94,-104,112,-121,-77,126
2009,2,63,63,63,94,94,94,-62,-62,19,-39,-22,17,-23,83,-65,-20,-25,-54,1,72,20,100,24,-81,127,11,104,69,126,-41,-63,-34,-23,-37,-76,112,79,22,-20,11,108,48,49,33,-21,-1,-19,42,-40,87,-73,106,-84,-22,61,105,-11,31,-94,-104,112,-121,-77,126
2010,2,-121,61,61,61,42,42,42,-21,-63,19,-39,-22,17,-23,83,-65,-20,-25,-54,1,72,20,100,24,-81,127,11,104,69,126,-41,-63,40,-113,-113,15,77,28,-110,74,-24,118,-100,52,17,-24,55,37,22,77,124,-16,-111,-68,-119,-13,-21,2,46,97,46,-65,-41,-112
2011,2,-121,61,61,61,42,42,42,-21,-63,19,-39,-22,17,-23,83,-65,-20,-25,-54,1,72,20,100,24,-81,127,11,104,69,126,-41,-63,40,-113,-113,15,77,28,-110,74,-24,118,-100,52,17,-24,55,37,22,77,124,-16,-111,-68,-119,-13,-21,2,46,97,46,-65,-41,-112
2012,2,-121,61,61,61,42,42,42,-21,-63,19,-39,-22,17,-23,83,-65,-20,-25,-54,1,72,20,100,24,-81,127,11,104,69,126,-41,-63,40,-113,-113,15,77,28,-110,74,-24,118,-100,52,17,-24,55,37,22,77,124,-16,-111,-68,-119,-13,-21,2,46,97,46,-65,-41,-112
2013,2,56,56,-19,-19,-19,-37,-37,-37,-121,-63,19,-39,-22,17,-23,83,-65,-20,-25,-54,1,72,20,100,24,-81,127,11,104,69,126,-41,-10,-80,-22,-89,89,106,1,80,-109,125,-47,-60,3,72,-46,-113,-103,47,-70,8,-122,-61,117,-60,105,-127,-123,94,-104,-94,-40,-7
2014,2,56,56,-19,-19,-19,-37,-37,-37,-121,-63,19,-39,-22,17,-23,83,-65,-20,-25,-54,1,72,20,100,24,-81,127,11,104,69,126,-41,-10,-80,-22,-89,89,106,1,80,-109,125,-47,-60,3,72,-46,-113,-103,47,-70,8,-122,-61,117,-60,105,-127,-123,94,-104,-94,-40,-7
2015,2,56,56,-19,-19,-19,-37,-37,-37,-121,-63,19,-39,-22,17,-23,83,-65,-20,-25,-54,1,72,20,100,24,-81,127,11,104,69,126,-41,-10,-80,-22,-89,89,106,1,80,-109,125,-47,-60,3,72,-46,-113,-103,47,-70,8,-122,-61,117,-60,105,-127,-123,94,-104,-94,-40,-7
2016,2,-61,-61,-61,69,69,69,47,47,31,-121,-63,19,-39,-22,17,-23,83,-65,-20,-25,-54,1,72,20,100,24,-81,127,11,104,69,126,64,-22,-94,112,126,-48,98,-105,29,-59,-42,-6,13,37,46,-122,-108,-117,-57,85,35,-67,85,34,-121,-17,-96,18,-31,-23,113,-1
2017,2,-61,-61,-61,69,69,69,47,47,31,-121,-63,19,-39,-22,17,-23,83,-65,-20,-25,-54,1,72,20,100,24,-81,127,11,104,69,126,64,-22,-94,112,126,-48,98,-105,29,-59,-42,-6,13,37,46,-122,-108,-117,-57,85,35,-67,85,34,-121,-17,-96,18,-31,-23,113,-1
2018,2,-61,-61,-61,69,69,69,47,47,31,-121,-63,19,-39,-22,17,-23,83,-65,-20,-25,-54,1,72,20,100,24,-81,127,11,104,69,126,64,-22,-94,112,126,-48,98,-105,29,-59,-42,-6,13,37,46,-122,-108,-117,-57,85,35,-67,85,34,-121,-17,-96,18,-31,-23,113,-1
2019,2,-50,121,121,121,14,14,14,-35,43,31,-121,-63,19,-39,-22,17,-23,83,-65,-20,-25,-54,1,72,20,100,24,-81,127,11,104,69,31,-80,44,2,-43,121,29,29,-77,30,114,-95,-20,-17,-21,-123,-56,-29,47,111,61,22,-70,79,46,87,96,95,-64,78,46,-121
2020,2,-50,121,121,121,14,14,14,-35,43,31,-121,-63,19,-39,-22,17,-23,83,-65,-20,-25,-54,1,72,20,100,24,-81,127,11,104,69,31,-80,44,2,-43,121,29,29,-77,30,114,-95,-20,-17,-21,-123,-56,-29,47,111,61,22,-70,79,46,87,96,95,-64,78,46,-121
2021,2,-50,121,121,121,14,14,14,-35,43,31,-121,-63,19,-39,-22,17,-23,83,-65,-20,-25,-54,1,72,20,100,24,-81,127,11,104,69,31,-80,44,2,-43,121,29,29,-77,30,114,-95,-20,-17,-21,-123,-56,-29,47,111,61,22,-70,79,46,87,96,95,-64,78,46,-121
2022,2,-37,-37,120,120,120,115,115,115,-116,43,31,-121,-63,19,-39,-22,17,-23,83,-65,-20,-25,-54,1,72,20,100,24,-81,127,11,104,33,-13,-32,34,-76,52,91,-78,-57,-24,-77,-58,55,-43,-112,33,-102,21,78,46,-97,-23,-27,8,16,-77,-53,-122,-54,-109,101,-46
2023,2,-37,-37,120,120,120,115,115,115,-116,43,31,-121,-63,19,-39,-22,17,-23,83,-65,-20,-25,-54,1,72,20,100,24,-81,127,11,104,33,-13,-32,34,-76,52,91,-78,-57,-24,-77,-58,55,-43,-112,33,-102,21,78,46,-97,-23,-27,8,16,-77,-53,-122,-54,-109,101,-46
2024,2,-37,-37,120,120,120,115,115,115,-116,43,31,-121,-63,19,-39,-22,17,-23,83,-65,-20,-25,-54,1,72,20,100,24,-81,127,11,104,33,-13,-32,34,-76,52,91,-78,-57,-24,-77,-58,55,-43,-112,33,-102,21,78,46,-97,-23,-27,8,16,-77,-53,-122,-54,-109,101,-46
2025,2,39,39,39,-71,-71,-71,-65,-65,-30,-116,43,31,-121,-63,19,-39,-22,17,-23,83,-65,-20,-25,-54,1,72,20,100,24,-81,127,11,18,-65,-57,108,107,-53,-73,126,-99,-60,57,18,17,38,61,99,-13,106,7,-38,-49,75,27,9,54,49,52,93,-48,-82,99,0
2026,2,39,39,39,-71,-71,-71,-65,-65,-30,-116,43,31,-121,-63,19,-39,-22,17,-23,83,-65,-20,-25,-54,1,72,20,100,24,-81,127,11,18,-65,-57,108,107,-53,-73,126,-99,-60,57,18,17,38,61,99,-13,106,7,-38,-49,75,27,9,54,49,52,93,-48,-82,99,0
2027,2,39,39,39,-71,-71,-71,-65,-65,-30,-116,43,31,-121,-63,19,-39,-22,17,-23,83,-65,-20,-25,-54,1,72,20,100,24,-81,127,11,18,-65,-57,108,107,-53,-73,126,-99,-60,57,18,17,38,61,99,-13,106,7,-38,-49,75,27,9,54,49,52,93,-48,-82,99,0
2028,2,80,43,43,43,-63,-63,-63,71,86,-30,-116,43,31,-121,-63,19,-39,-22,17,-23,83,-65,-20,-25,-54,1,72,20,100,24,-81,127,-80,-28,90,-18,114,-49,33,-46,5,68,-28,-24,-103,55,46,118,57,-48,78,-61,-33,-47,16,125,-72,86,25,123,-86,94,11,104
2029,2,80,43,43,43,-63,-63,-63,71,86,-30,-116,43,31,-121,-63,19,-39,-22,17,-23,83,-65,-20,-25,-54,1,72,20,100,24,-81,127,-80,-28,90,-18,114,-49,33,-46,5,68,-28,-24,-103,55,46,118,57,-48,78,-61,-33,-47,16,125,-72,86,25,123,-86,94,11,104
2030,2,80,43,43,43,-63,-63,-63,71,86,-30,-116,43,31,-121,-63,19,-39,-22,17,-23,83,-65,-20,-25,-54,1,72,20,100,24,-81,127,-80,-28,90,-18,114,-49,33,-46,5,68,-28,-24,-103,55,46,118,57,-48,78,-61,-33,-47,16,125,-72,86,25,123,-86,94,11,104
2031,2,10,10,-48,-48,-48,-44,-44,-44,63,86,-30,-116,43,31,-121,-63,19,-39,-22,17,-23,83,-65,-20,-25,-54,1,72,20,100,24,-81,88,-19,57,104,66,23,37,90,-17,-124,22,-33,24,70,86,25,-85,42,-61,77,123,78,-81,-28,-82,98,-34,42,87,-8,-67,86
2032,2,10,10,-48,-48,-48,-44,-44,-44,63,86,-30,-116,43,31,-121,-63,19,-39,-22,17,-23,83,-65,-20,-25,-54,1,72,20,100,24,-81,88,-19,57,104,66,23,37,90,-17,-124,22,-33,24,70,86,25,-85,42,-61,77,123,78,-81,-28,-82,98,-34,42,87,-8,-67,86
2033,2,10,10,-48,-48,-48,-44,-44,-44,63,86,-30,-116,43,31,-121,-63,19,-39,-22,17,-23,83,-65,-20,-25,-54,1,72,20,100,24,-81,88,-19,57,104,66,23,37,90,-17,-124,22,-33,24,70,86,25,-85,42,-61,77,123,78,-81,-28,-82,98,-34,42,87,-8,-67,86
2034,2,-27,-27,-27,-4,-4,-4,14,14,-121,63,86,-30,-116,43,31,-121,-63,19,-39,-22,17,-23,83,-65,-20,-25,-54,1,72,20,100,24,66,-10,-9,-125,16,-32,38,111,108,-30,47,105,44,-82,-119,-114,40,-2,-28,-26,-6,95,40,-40,89,-10,14,44,44,-45,102,-21
2035,2,-27,-27,-27,-4,-4,-4,14,14,-121,63,86,-30,-116,43,31,-121,-63,19,-39,-22,17,-23,83,-65,-20,-25,-54,1,72,20,100,24,66,-10,-9,-125,16,-32,38,111,108,-30,47,105,44,-82,-119,-114,40,-2,-28,-26,-6,95,40,-40,89,-10,14,44,44,-45,102,-21
2036,2,-27,-27,-27,-4,-4,-4,14,14,-121,63,86,-30,-116,43,31,-121,-63,19,-39,-22,17,-23,83,-65,-20,-25,-54,1,72,20,100,24,66,-10,-9,-125,16,-32,38,111,108,-30,47,105,44,-82,-119,-114,40,-2,-28,-26,-6,95,40,-40,89,-10,14,44,44,-45,102,-21
2037,2,19,32,32,32,18,18,18,110,56,-121,63,86,-30,-116,43,31,-121,-63,19,-39,-22,17,-23,83,-65,-20,-25,-54,1,72,20,100,78,-74,71,53,116,116,55,-89,108,3,-48,33,-7,33,40,-32,-28,-56,-21,30,-94,78,-117,-36,-67,-3,-7,-26,-120,-3,-41,39
2038,2,19,32,32,32,18,18,18,110,56,-121,63,86,-30,-116,43,31,-121,-63,19,-39,-22,17,-23,83,-65,-20,-25,-54,1,72,20,100,78,-74,71,53,116,116,55,-89,108,3,-48,33,-7,33,40,-32,-28,-56,-21,30,-94,78,-117,-36,-67,-3,-7,-26,-120,-3,-41,39
2039,2,19,32,32,32,18,18,18,110,56,-121,63,86,-30,-116,43,31,-121,-63,19,-39,-22,17,-23,83,-65,-20,-25,-54,1,72,20,100,78,-74,71,53,116,116,55,-89,108,3,-48,33,-7,33,40,-32,-28,-56,-21,30,-94,78,-117,-36,-67,-3,-7,-26,-120,-3,-41,39
2040,2,27,27,-75,-75,-75,67,67,67,-61,56,-121,63,86,-30,-116,43,31,-121,-63,19,-39,-22,17,-23,83,-65,-20,-25,-54,1,72,20,-84,24,-42,114,-3,-46,60,61,21,-11,-119,-57,109,66,88,43,125,-25,38,-8,125,-33,8,74,-34,12,61,15,101,108,4,78
2041,2,27,27,-75,-75,-75,67,67,67,-61,56,-121,63,86,-30,-116,43,31,-121,-63,19,-39,-22,17,-23,83,-65,-20,-25,-54,1,72,20,-84,24,-42,114,-3,-46,60,61,21,-11,-119,-57,109,66,88,43,125,-25,38,-8,125,-33,8,74,-34,12,61,15,101,108,4,78
2042,2,27,27,-75,-75,-75,67,67,67,-61,56,-121,63,86,-30,-116,43,31,-121,-63,19,-39,-22,17,-23,83,-65,-20,-25,-54,1,72,20,-84,24,-42,114,-3,-46,60,61,21,-11,-119,-57,109,66,88,43,125,-25,38,-8,125,-33,8,74,-34,12,61,15,101,108,4,78
2043,2,-116,-116,-116,14,14,14,100,100,-50,-61,56,-121,63,86,-30,-116,43,31,-121,-63,19,-39,-22,17,-23,83,-65,-20,-25,-54,1,72,33,64,34,54,-65,69,-16,124,37,31,-60,127,117,26,98,-27,21,-63,60,-70,-46,-99,64,-116,1,64,0,-101,-119,-37,26,-5
2044,2,-116,-116,-116,14,14,14,100,100,-50,-61,56,-121,63,86,-30,-116,43,31,-121,-63,19,-39,-22,17,-23,83,-65,-20,-25,-54,1,72,33,64,34,54,-65,69,-16,124,37,31,-60,127,117,26,98,-27,21,-63,60,-70,-46,-99,64,-116,1,64,0,-101,-119,-37,26,-5
2045,2,-116,-116,-116,14,14,14,100,100,-50,-61,56,-121,63,86,-30,-116,43,31,-121,-63,19,-39,-22,17,-23,83,-65,-20,-25,-54,1,72,33,64,34,54,-65,69,-16,124,37,31,-60,127,117,26,98,-27,21,-63,60,-70,-46,-99,64,-116,1,64,0,-101,-119,-37,26,-5
2046,2,-58,87,87,87,13,13,13,84,-37,-50,-61,56,-121,63,86,-30,-116,43,31,-121,-63,19,-39,-22,17,-23,83,-65,-20,-25,-54,1,127,5,-77,-19,51,-82,-23,-95,-88,-58,117,0,-20,-68,38,-18,-8,93,-29,-75,-86,-117,63,57,22,54,-43,-85,47,85,-4,-19
2047,2,-58,87,87,87,13,13,13,84,-37,-50,-61,56,-121,63,86,-30,-116,43,31,-121,-63,19,-39,-22,17,-23,83,-65,-20,-25,-54,1,127,5,-77,-19,51,-82,-23,-95,-88,-58,117,0,-20,-68,38,-18,-8,93,-29,-75,-86,-117,63,57,22,54,-43,-85,47,85,-4,-19
2048,2,-58,87,87,87,13,13,13,84,-37,-50,-61,56,-121,63,86,-30,-116,43,31,-121,-63,19,-39,-22,17,-23,83,-65,-20,-25,-54,1,127,5,-77,-19,51,-82,-23,-95,-88,-58,117,0,-20,-68,38,-18,-8,93,-29,-75,-86,-117,63,57,22,54,-43,-85,47,85,-4,-19
2049,2,-53,-53,84,84,84,33,33,33,39,-37,-50,-61,56,-121,63,86,-30,-116,43,31,-121,-63,19,-39,-22,17,-23,83,-65,-20,-25,-54,-18,34,-127,-112,-45,-74,-5,79,78,78,-54,-16,-104,-78,-117,-93,91,125,61,-106,-19,8,89,-84,-73,-93,16,103,104,32,71,-7
2050,2,-53,-53,84,84,84,33,33,33,39,-37,-50,-61,56,-121,63,86,-30,-116,43,31,-121,-63,19,-39,-22,17,-23,83,-65,-20,-25,-54,-18,34,-127,-112,-45,-74,-5,79,78,78,-54,-16,-104,-78,-117,-93,91,125,61,-106,-19,8,89,-84,-73,-93,16,103,104,32,71,-7
2051,2,-53,-53,84,84,84,33,33,33,39,-37,-50,-61,56,-121,63,86,-30,-116,43,31,-121,-63,19,-39,-22,17,-23,83,-65,-20,-25,-54,-18,34,-127,-112,-45,-74,-5,79,78,78,-54,-16,-104,-78,-117,-93,91,125,61,-106,-19,8,89,-84,-73,-93,16,103,104,32,71,-7
2052,2,117,117,117,-87,-87,-87,-123,-123,80,39,-37,-50,-61,56,-121,63,86,-30,-116,43,31,-121,-63,19,-39,-22,17,-23,83,-65,-20,-25,-5,-122,-9,-25,-28,24,9,-15,23,114,-89,-16,-47,-60,-121,124,-118,112,125,-102,91,21,-32,-115,83,33,-45,-119,-117,52,101,0
2053,2,117,117,117,-87,-87,-87,-123,-123,80,39,-37,-50,-61,56,-121,63,86,-30,-116,43,31,-121,-63,19,-39,-22,17,-23,83,-65,-20,-25,-5,-122,-9,-25,-28,24,9,-15,23,114,-89,-16,-47,-60,-121,124,-118,112,125,-102,91,21,-32,-115,83,33,-45,-119,-117,52,101,0
2054,2,117,117,117,-87,-87,-87,-123,-123,80,39,-37,-50,-61,56,-121,63,86,-30,-116,43,31,-121,-63,19,-39,-22,17,-23,83,-65,-20,-25,-5,-122,-9,-25,-28,24,9,-15,23,114,-89,-16,-47,-60,-121,124,-118,112,125,-102,91,21,-32,-115,83,33,-45,-119,-117,52,101,0
2055,2,27,-127,-127,-127,-75,-75,-75,111,10,80,39,-37,-50,-61,56,-121,63,86,-30,-116,43,31,-121,-63,19,-39,-22,17,-23,83,-65,-20,-45,120,-4,-75,118,-57,-44,52,-67,118,-52,40,-76,-37,-33,-61,78,-17,90,-2,53,-113,-65,-4,-32,113,-105,117,-119,48,-18,126
2056,2,27,-127,-127,-127,-75,-75,-75,111,10,80,39,-37,-50,-61,56,-121,63,86,-30,-116,43,31,-121,-63,19,-39,-22,17,-23,83,-65,-20,-45,120,-4,-75,118,-57,-44,52,-67,118,-52,40,-76,-37,-33,-61,78,-17,90,-2,53,-113,-65,-4,-32,113,-105,117,-119,48,-18,126
2057,2,27,-127,-127,-127,-75,-75,-75,111,10,80,39,-37,-50,-61,56,-121,63,86,-30,-116,43,31,-121,-63,19,-39,-22,17,-23,83,-65,-20,-45,120,-4,-75,118,-57,-44,52,-67,118,-52,40,-76,-37,-33,-61,78,-17,90,-2,53,-113,-65,-4,-32,113,-105,117,-119,48,-18,126
2058,2,-74,-74,126,126,126,-80,-80,-80,-27,10,80,39,-37,-50,-61,56,-121,63,86,-30,-116,43,31,-121,-63,19,-39,-22,17,-23,83,-65,-3,118,-54,47,-98,5,-61,-71,-111,-26,-29,31,101,-8,-49,-104,-31,67,-108,-60,36,45,-70,-121,123,23,-77,-39,22,26,-20,23
2059,2,-74,-74,126,126,126,-80,-80,-80,-27,10,80,39,-37,-50,-61,56,-121,63,86,-30,-116,43,31,-121,-63,19,-39,-22,17,-23,83,-65,-3,118,-54,47,-98,5,-61,-71,-111,-26,-29,31,101,-8,-49,-104,-31,67,-108,-60,36,45,-70,-121,123,23,-77,-39,22,26,-20,23
2060,2,-74,-74,126,126,126,-80,-80,-80,-27,10,80,39,-37,-50,-61,56,-121,63,86,-30,-116,43,31,-121,-63,19,-39,-22,17,-23,83,-65,-3,118,-54,47,-98,5,-61,-71,-111,-26,-29,31,101,-8,-49,-104,-31,67,-108,-60,36,45,-70,-121,123,23,-77,-39,22,26,-20,23
2061,2,24,24,24,55,55,55,-33,-33,19,-27,10,80,39,-37,-50,-61,56,-121,63,86,-30,-116,43,31,-121,-63,19,-39,-22,17,-23,83,109,9,-14,2,32,-46,-52,-109,-120,123,-113,94,114,9,-81,-55,-49,43,37,-50,-115,-68,-32,-26,75,113,84,-61,64,62,-8,-50
2062,2,24,24,24,55,55,55,-33,-33,19,-27,10,80,39,-37,-50,-61,56,-121,63,86,-30,-116,43,31,-121,-63,19,-39,-22,17,-23,83,109,9,-14,2,32,-46,-52,-109,-120,123,-113,94,114,9,-81,-55,-49,43,37,-50,-115,-68,-32,-26,75,113,84,-61,64,62,-8,-50
2063,2,24,24,24,55,55,55,-33,-33,19,-27,10,80,39,-37,-50,-61,56,-121,63,86,-30,-116,43,31,-121,-63,19,-39,-22,17,-23,83,109,9,-14,2,32,-46,-52,-109,-120,123,-113,94,114,9,-81,-55,-49,43,37,-50,-115,-68,-32,-26,75,113,84,-61,64,62,-8,-50
2064,2,-21,21,21,21,47,47,47,19,27,19,-27,10,80,39,-37,-50,-61,56,-121,63,86,-30,-116,43,31,-121,-63,19,-39,-22,17,-23,-20,-61,-33,69,-33,-11,49,79,-29,-24,58,107,-47,-123,-21,-50,25,19,36,104,123,-84,85,-18,114,-113,-69,122,29,7,-74,-73
2065,2,-21,21,21,21,47,47,47,19,27,19,-27,10,80,39,-37,-50,-61,56,-121,63,86,-30,-116,43,31,-121,-63,19,-39,-22,17,-23,-20,-61,-33,69,-33,-11,49,79,-29,-24,58,107,-47,-123,-21,-50,25,19,36,104,123,-84,85,-18,114,-113,-69,122,29,7,-74,-73
2066,2,-21,21,21,21,47,47,47,19,27,19,-27,10,80,39,-37,-50,-61,56,-121,63,86,-30,-116,43,31,-121,-63,19,-39,-22,17,-23,-20,-61,-33,69,-33,-11,49,79,-29,-24,58,107,-47,-123,-21,-50,25,19,36,104,123,-84,85,-18,114,-113,-69,122,29,7,-74,-73
2067,2,64,64,-13,-13,-13,-75,-75,-75,-116,27,19,-27,10,80,39,-37,-50,-61,56,-121,63,86,-30,-116,43,31,-121,-63,19,-39,-22,17,37,-7,24,-71,67,30,-21,-52,-25,52,97,-115,84,-78,-4,-72,83,-20,73,-95,117,108,100,-30,-37,-102,-79,-70,118,75,127,-6
2068,2,64,64,-13,-13,-13,-75,-75,-75,-116,27,19,-27,10,80,39,-37,-50,-61,56,-121,63,86,-30,-116,43,31,-121,-63,19,-39,-22,17,37,-7,24,-71,67,30,-21,-52,-25,52,97,-115,84,-78,-4,-72,83,-20,73,-95,117,108,100,-30,-37,-102,-79,-70,118,75,127,-6
2069,2,64,64,-13,-13,-13,-75,-75,-75,-116,27,19,-27,10,80,39,-37,-50,-61,56,-121,63,86,-30,-116,43,31,-121,-63,19,-39,-22,17,37,-7,24,-71,67,30,-21,-52,-25,52,97,-115,84,-78,-4,-72,83,-20,73,-95,117,108,100,-30,-37,-102,-79,-70,118,75,127,-6
2070,2,-101,-101,-101,18,18,18,103,103,-58,-116,27,19,-27,10,80,39,-37,-50,-61,56,-121,63,86,-30,-116,43,31,-121,-63,19,-39,-22,-60,14,-46,-103,33,-29,-90,102,-123,111,-67,81,-62,-51,-46,92,24,91,84,60,-126,81,-115,-23,41,-80,-123,96,55,-49,64,11
2071,2,-101,-101,-101,18,18,18,103,103,-58,-116,27,19,-27,10,80,39,-37,-50,-61,56,-121,63,86,-30,-116,43,31,-121,-63,19,-39,-22,-60,14,-46,-103,33,-29,-90,102,-123,111,-67,81,-62,-51,-46,92,24,91,84,60,-126,81,-115,-23,41,-80,-123,96,55,-49,64,11
2072,2,-101,-101,-101,18,18,18,103,103,-58,-116,27,19,-27,10,80,39,-37,-50,-61,56,-121,63,86,-30,-116,43,31,-121,-63,19,-39,-22,-60,14,-46,-103,33,-29,-90,102,-123,111,-67,81,-62,-51,-46,92,24,91,84,60,-126,81,-115,-23,41,-80,-123,96,55,-49,64,11
2073,2,-25,-65,-65,-65,-38,-38,-38,-43,-53,-58,-116,27,19,-27,10,80,39,-37,-50,-61,56,-121,63,86,-30,-116,43,31,-121,-63,19,-39,-93,-7,68,-33,65,30,120,-92,-96,-38,-37,124,10,48,-93,56,97,-108,48,29,71,82,51,-64,8,108,76,89,26,31,38,108
2074,2,-25,-65,-65,-65,-38,-38,-38,-43,-53,-58,-116,27,19,-27,10,80,39,-37,-50,-61,56,-121,63,86,-30,-116,43,31,-121,-63,19,-39,-93,-7,68,-33,65,30,120,-92,-96,-38,-37,124,10,48,-93,56,97,-108,48,29,71,82,51,-64,8,108,76,89,26,31,38,108
2075,2,-25,-65,-65,-65,-38,-38,-38,-43,-53,-58,-116,27,19,-27,10,80,39,-37,-50,-61,56,-121,63,86,-30,-116,43,31,-121,-63,19,-39,-93,-7,68,-33,65,30,120,-92,-96,-38,-37,124,10,48,-93,56,97,-108,48,29,71,82,51,-64,8,108,76,89,26,31,38,108
2076,2,63,63,-125,-125,-125,-117,-117,-117,117,-53,-58,-116,27,19,-27,10,80,39,-37,-50,-61,56,-121,63,86,-30,-116,43,31,-121,-63,19,3,41,-109,54,8,-112,6,-57,-54,-69,101,1,51,-79,-22,124,73,78,36,78,86,12,49,-21,92,61,-97,-6,123,38,-23,-97
2077,2,63,63,-125,-125,-125,-117,-117,-117,117,-53,-58,-116,27,19,-27,10,80,39,-37,-50,-61,56,-121,63,86,-30,-116,43,31,-121,-63,19,3,41,-109,54,8,-112,6,-57,-54,-69,101,1,51,-79,-22,124,73,78,36,78,86,12,49,-21,92,61,-97,-6,123,38,-23,-97
2078,2,63,63,-125,-125,-125,-117,-117,-117,117,-53,-58,-116,27,19,-27,10,80,39,-37,-50,-61,56,-121,63,86,-30,-116,43,31,-121,-63,19,3,41,-109,54,8,-112,6,-57,-54,-69,101,1,51,-79,-22,124,73,78,36,78,86,12,49,-21,92,61,-97,-6,123,38,-23,-97
2079,2,-91,-91,-91,-29,-29,-29,32,32,27,117,-53,-58,-116,27,19,-27,10,80,39,-37,-50,-61,56,-121,63,86,-30,-116,43,31,-121,-63,-26,-63,-43,65,119,34,-115,-121,-36,19,31,-28,-53,-62,-37,-109,100,-7,19,-33,69,109,-102,-21,90,-110,58,101,-12,-12,-7,-38
2080,2,-91,-91,-91,-29,-29,-29,32,32,27,117,-53,-58,-116,27,19,-27,10,80,39,-37,-50,-61,56,-121,63,86,-30,-116,43,31,-121,-63,-26,-63,-43,65,119,34,-115,-121,-36,19,31,-28,-53,-62,-37,-109,100,-7,19,-33,69,109,-102,-21,90,-110,58,101,-12,-12,-7,-38
2081,2,-91,-91,-91,-29,-29,-29,32,32,27,117,-53,-58,-116,27,19,-27,10,80,39,-37,-50,-61,56,-121,63,86,-30,-116,43,31,-121,-63,-26,-63,-43,65,119,34,-115,-121,-36,19,31,-28,-53,-62,-37,-109,100,-7,19,-33,69,109,-102,-21,90,-110,58,101,-12,-12,-7,-38
2082,2,16,104,104,104,35,35,35,105,-74,27,117,-53,-58,-116,27,19,-27,10,80,39,-37,-50,-61,56,-121,63,86,-30,-116,43,31,-121,-120,92,-7,36,-64,-118,74,28,-31,-127,19,-35,-99,-66,-30,24,71,69,52,88,-45,-74,21,-116,53,70,28,-71,127,-120,27,-24
2083,2,16,104,104,104,35,35,35,105,-74,27,117,-53,-58,-116,27,19,-27,10,80,39,-37,-50,-61,56,-121,63,86,-30,-116,43,31,-121,-120,92,-7,36,-64,-118,74,28,-31,-127,19,-35,-99,-66,-30,24,71,69,52,88,-45,-74,21,-116,53,70,28,-71,127,-120,27,-24
2084,2,16,104,104,104,35,35,35,105,-74,27,117,-53,-58,-116,27,19,-27,10,80,39,-37,-50,-61,56,-121,63,86,-30,-116,43,31,-121,-120,92,-7,36,-64,-118,74,28,-31,-127,19,-35,-99,-66,-30,24,71,69,52,88,-45,-74,21,-116,53,70,28,-71,127,-120,27,-24
2085,2,-124,-124,-91,-91,-91,64,64,64,24,-74,27,117,-53,-58,-116,27,19,-27,10,80,39,-37,-50,-61,56,-121,63,86,-30,-116,43,31,-43,57,73,-123,-67,-56,-20,6,9,29,61,6,114,-93,-49,-105,-97,96,48,99,82,-96,-77,-74,31,29,-112,-58,37,89,125,9
2086,2,-124,-124,-91,-91,-91,64,64,64,24,-74,27,117,-53,-58,-116,27,19,-27,10,80,39,-37,-50,-61,56,-121,63,86,-30,-116,43,31,-43,57,73,-123,-67,-56,-20,6,9,29,61,6,114,-93,-49,-105,-97,96,48,99,82,-96,-77,-74,31,29,-112,-58,37,89,125,9
2087,2,-124,-124,-91,-91,-91,64,64,64,24,-74,27,117,-53,-58,-116,27,19,-27,10,80,39,-37,-50,-61,56,-121,63,86,-30,-116,43,31,-43,57,73,-123,-67,-56,-20,6,9,29,61,6,114,-93,-49,-105,-97,96,48,99,82,-96,-77,-74,31,29,-112,-58,37,89,125,9
2088,2,86,86,86,2,2,2,-73,-73,-21,24,-74,27,117,-53,-58,-116,27,19,-27,10,80,39,-37,-50,-61,56,-121,63,86,-30,-116,43,28,-46,-3,10,29,-69,-125,117,-97,-22,58,84,55,111,6,-102,-91,75,-39,113,100,-9,51,-24,-5,90,-86,-76,24,-74,48,85
2089,2,86,86,86,2,2,2,-73,-73,-21,24,-74,27,117,-53,-58,-116,27,19,-27,10,80,39,-37,-50,-61,56,-121,63,86,-30,-116,43,28,-46,-3,10,29,-69,-125,117,-97,-22,58,84,55,111,6,-102,-91,75,-39,113,100,-9,51,-24,-5,90,-86,-76,24,-74,48,85
2090,2,86,86,86,2,2,2,-73,-73,-21,24,-74,27,117,-53,-58,-116,27,19,-27,10,80,39,-37,-50,-61,56,-121,63,86,-30,-116,43,28,-46,-3,10,29,-69,-125,117,-97,-22,58,84,55,111,6,-102,-91,75,-39,113,100,-9,51,-24,-5,90,-86,-76,24,-74,48,85
2091,2,-118,16,16,16,-62,-62,-62,-65,64,-21,24,-74,27,117,-53,-58,-116,27,19,-27,10,80,39,-37,-50,-61,56,-121,63,86,-30,-116,-40,-71,-109,10,89,61,57,66,-93,89,39,-15,-53,-9,44,-122,-99,99,13,-82,18,-77,89,-85,-16,-54,26,-85,75,62,-63,66
2092,2,-118,16,16,16,-62,-62,-62,-65,64,-21,24,-74,27,117,-53,-58,-116,27,19,-27,10,80,39,-37,-50,-61,56,-121,63,86,-30,-116,-40,-71,-109,10,89,61,57,66,-93,89,39,-15,-53,-9,44,-122,-99,99,13,-82,18,-77,89,-85,-16,-54,26,-85,75,62,-63,66
2093,2,-118,16,16,16,-62,-62,-62,-65,64,-21,24,-74,27,117,-53,-58,-116,27,19,-27,10,80,39,-37,-50,-61,56,-121,63,86,-30,-116,-40,-71,-109,10,89,61,57,66,-93,89,39,-15,-53,-9,44,-122,-99,99,13,-82,18,-77,89,-85,-16,-54,26,-85,75,62,-63,66
2094,2,105,105,-25,-25,-25,89,89,89,-101,64,-21,24,-74,27,117,-53,-58,-116,27,19,-27,10,80,39,-37,-50,-61,56,-121,63,86,-30,117,14,73,58,-58,-78,94,-125,75,42,-45,123,-12,46,92,65,80,75,31,-74,-114,113,-112,-27,71,-76,-49,-112,-36,123,-21,91
2095,2,105,105,-25,-25,-25,89,89,89,-101,64,-21,24,-74,27,117,-53,-58,-116,27,19,-27,10,80,39,-37,-50,-61,56,-121,63,86,-30,117,14,73,58,-58,-78,94,-125,75,42,-45,123,-12,46,92,65,80,75,31,-74,-114,113,-112,-27,71,-76,-49,-112,-36,123,-21,91
2096,2,105,105,-25,-25,-25,89,89,89,-101,64,-21,24,-74,27,117,-53,-58,-116,27,19,-27,10,80,39,-37,-50,-61,56,-121,63,86,-30,117,14,73,58,-58,-78,94,-125,75,42,-45,123,-12,46,92,65,80,75,31,-74,-114,113,-112,-27,71,-76,-49,-112,-36,123,-21,91
2097,2,-123,-123,-123,42,42,42,-42,-42,-25,-101,64,-21,24,-74,27,117,-53,-58,-116,27,19,-27,10,80,39,-37,-50,-61,56,-121,63,86,1,3,-11,86,62,50,105,53,-86,-93,122,60,-60,-95,-13,23,-27,49,13,-76,-95,48,84,-96,-124,97,-60,127,93,93,-27,-82
2098,2,-123,-123,-123,42,42,42,-42,-42,-25,-101,64,-21,24,-74,27,117,-53,-58,-116,27,19,-27,10,80,39,-37,-50,-61,56,-121,63,86,1,3,-11,86,62,50,105,53,-86,-93,122,60,-60,-95,-13,23,-27,49,13,-76,-95,48,84,-96,-124,97,-60,127,93,93,-27,-82
2099,2,-123,-123,-123,42,42,42,-42,-42,-25,-101,64,-21,24,-74,27,117,-53,-58,-116,27,19,-27,10,80,39,-37,-50,-61,56,-121,63,86,1,3,-11,86,62,50,105,53,-86,-93,122,60,-60,-95,-13,23,-27,49,13,-76,-95,48,84,-96,-124,97,-60,127,93,93,-27,-82
2100,2,-34,97,97,97,121,121,121,-36,63,-25,-101,64,-21,24,-74,27,117,-53,-58,-116,27,19,-27,10,80,39,-37,-50,-61,56,-121,63,16,41,8,-123,-78,121,-101,-48,-68,-83,75,-84,0,-87,-120,-11,115,127,-25,-123,-110,48,-25,102,-115,68,54,-72,126,85,76,18
2101,2,-34,97,97,97,121,121,121,-36,63,-25,-101,64,-21,24,-74,27,117,-53,-58,-116,27,19,-27,10,80,39,-37,-50,-61,56,-121,63,16,41,8,-123,-78,121,-101,-48,-68,-83,75,-84,0,-87,-120,-11,115,127,-25,-123,-110,48,-25,102,-115,68,54,-72,126,85,76,18
2102,2,-34,97,97,97,121,121,121,-36,63,-25,-101,64,-21,24,-74,27,117,-53,-58,-116,27,19,-27,10,80,39,-37,-50,-61,56,-121,63,16,41,8,-123,-78,121,-101,-48,-68,-83,75,-84,0,-87,-120,-11,115,127,-25,-123,-110,48,-25,102,-115,68,54,-72,126,85,76,18
2103,2,-67,-67,-62,-62,-62,-103,-103,-103,-91,63,-25,-101,64,-21,24,-74,27,117,-53,-58,-116,27,19,-27,10,80,39,-37,-50,-61,56,-121,-71,3,-118,12,22,-120,-31,-74,13,43,50,99,51,-90,-41,-35,36,-116,-57,-65,113,51,-90,121,127,52,61,-34,9,-115,-124,22
2104,2,-67,-67,-62,-62,-62,-103,-103,-103,-91,63,-25,-101,64,-21,24,-74,27,117,-53,-58,-116,27,19,-27,10,80,39,-37,-50,-61,56,-121,-71,3,-118,12,22,-120,-31,-74,13,43,50,99,51,-90,-41,-35,36,-116,-57,-65,113,51,-90,121,127,52,61,-34,9,-115,-124,22
2105,2,-67,-67,-62,-62,-62,-103,-103,-103,-91,63,-25,-101,64,-21,24,-74,27,117,-53,-58,-116,27,19,-27,10,80,39,-37,-50,-61,56,-121,-71,3,-118,12,22,-120,-31,-74,13,43,50,99,51,-90,-41,-35,36,-116,-57,-65,113,51,-90,121,127,52,61,-34,9,-115,-124,22
2106,2,26,26,26,-65,-65,-65,17,17,16,-91,63,-25,-101,64,-21,24,-74,27,117,-53,-58,-116,27,19,-27,10,80,39,-37,-50,-61,56,-58,-2,6,0,96,118,18,-97,-106,-112,29,7,-27,64,-122,69,-32,98,71,-91,-26,-90,-18,91,-111,-119,126,-53,-75,30,105,24
2107,2,26,26,26,-65,-65,-65,17,17,16,-91,63,-25,-101,64,-21,24,-74,27,117,-53,-58,-116,27,19,-27,10,80,39,-37,-50,-61,56,-58,-2,6,0,96,118,18,-97,-106,-112,29,7,-27,64,-122,69,-32,98,71,-91,-26,-90,-18,91,-111,-119,126,-53,-75,30,105,24
2108,2,26,26,26,-65,-65,-65,17,17,16,-91,63,-25,-101,64,-21,24,-74,27,117,-53,-58,-116,27,19,-27,10,80,39,-37,-50,-61,56,-58,-2,6,0,96,118,18,-97,-106,-112,29,7,-27,64,-122,69,-32,98,71,-91,-26,-90,-18,91,-111,-119,126,-53,-75,30,105,24
2109,2,48,61,61,61,-94,-94,-94,-27,-124,16,-91,63,-25,-101,64,-21,24,-74,27,117,-53,-58,-116,27,19,-27,10,80,39,-37,-50,-61,-92,-80,71,118,-96,16,118,88,91,12,-107,55,-72,31,4,51,82,97,-29,-124,77,89,-23,-87,-42,-30,-78,-88,-15,11,16,28
2110,2,48,61,61,61,-94,-94,-94,-27,-124,16,-91,63,-25,-101,64,-21,24,-74,27,117,-53,-58,-116,27,19,-27,10,80,39,-37,-50,-61,-92,-80,71,118,-96,16,118,88,91,12,-107,55,-72,31,4,51,82,97,-29,-124,77,89,-23,-87,-42,-30,-78,-88,-15,11,16,28
2111,2,48,61,61,61,-94,-94,-94,-27,-124,16,-91,63,-25,-101,64,-21,24,-74,27,117,-53,-58,-116,27,19,-27,10,80,39,-37,-50,-61,-92,-80,71,118,-96,16,118,88,91,12,-107,55,-72,31,4,51,82,97,-29,-124,77,89,-23,-87,-42,-30,-78,-88,-15,11,16,28
2112,2,118,118,67,67,67,-80,-80,-80,86,-124,16,-91,63,-25,-101,64,-21,24,-74,27,117,-53,-58,-116,27,19,-27,10,80,39,-37,-50,-56,-112,6,99,-37,60,-3,80,68,69,9,28,68,-91,53,34,8,103,85,15,-54,17,72,22,16,27,-52,0,-85,-77,88,-89
2113,2,118,118,67,67,67,-80,-80,-80,86,-124,16,-91,63,-25,-101,64,-21,24,-74,27,117,-53,-58,-116,27,19,-27,10,80,39,-37,-50,-56,-112,6,99,-37,60,-3,80,68,69,9,28,68,-91,53,34,8,103,85,15,-54,17,72,22,16,27,-52,0,-85,-77,88,-89
2114,2,118,118,67,67,67,-80,-80,-80,86,-124,16,-91,63,-25,-101,64,-21,24,-74,27,117,-53,-58,-116,27,19,-27,10,80,39,-37,-50,-56,-112,6,99,-37,60,-3,80,68,69,9,28,68,-91,53,34,8,103,85,15,-54,17,72,22,16,27,-52,0,-85,-77,88,-89
2115,2,-73,-73,-73,-82,-82,-82,-36,-36,-118,86,-124,16,-91,63,-25,-101,64,-21,24,-74,27,117,-53,-58,-116,27,19,-27,10,80,39,-37,-17,61,-120,110,-107,37,118,-62,99,32,-20,-89,8,-65,-115,-98,0,89,-66,-43,-45,-90,118,-85,34,-45,-65,-116,-27,-12,-66,-33
2116,2,-73,-73,-73,-82,-82,-82,-36,-36,-118,86,-124,16,-91,63,-25,-101,64,-21,24,-74,27,117,-53,-58,-116,27,19,-27,10,80,39,-37,-17,61,-120,110,-107,37,118,-62,99,32,-20,-89,8,-65,-115,-98,0,89,-66,-43,-45,-90,118,-85,34,-45,-65,-116,-27,-12,-66,-33
2117,2,-73,-73,-73,-82,-82,-82,-36,-36,-118,86,-124,16,-91,63,-25,-101,64,-21,24,-74,27,117,-53,-58,-116,27,19,-27,10,80,39,-37,-17,61,-120,110,-107,37,118,-62,99,32,-20,-89,8,-65,-115,-98,0,89,-66,-43,-45,-90,118,-85,34,-45,-65,-116,-27,-12,-66,-33
2118,2,0,-80,-80,-80,-75,-75,-75,-19,105,-118,86,-124,16,-91,63,-25,-101,64,-21,24,-74,27,117,-53,-58,-116,27,19,-27,10,80,39,0,-17,-13,31,34,47,31,-54,-21,-127,66,-125,118,70,99,17,126,1,119,57,70,62,24,-42,108,-29,-37,-66,23,-50,66,119
2119,2,0,-80,-80,-80,-75,-75,-75,-19,105,-118,86,-124,16,-91,63,-25,-101,64,-21,24,-74,27,117,-53,-58,-116,27,19,-27,10,80,39,0,-17,-13,31,34,47,31,-54,-21,-127,66,-125,118,70,99,17,126,1,119,57,70,62,24,-42,108,-29,-37,-66,23,-50,66,119
2120,2,0,-80,-80,-80,-75,-75,-75,-19,105,-118,86,-124,16,-91,63,-25,-101,64,-21,24,-74,27,117,-53,-58,-116,27,19,-27,10,80,39,0,-17,-13,31,34,47,31,-54,-21,-127,66,-125,118,70,99,17,126,1,119,57,70,62,24,-42,108,-29,-37,-66,23,-50,66,119
2121,2,0,0,-83,-83,-83,116,116,116,-123,105,-118,86,-124,16,-91,63,-25,-101,64,-21,24,-74,27,117,-53,-58,-116,27,19,-27,10,80,0,0,-17,-72,4,69,-3,12,-48,52,29,22,-90,127,-14,-10,37,23,-77,-26,-35,-83,-8,-56,-98,-105,19,-115,-103,-78,102,-92
2122,2,0,0,-83,-83,-83,116,116,116,-123,105,-118,86,-124,16,-91,63,-25,-101,64,-21,24,-74,27,117,-53,-58,-116,27,19,-27,10,80,0,0,-17,-72,4,69,-3,12,-48,52,29,22,-90,127,-14,-10,37,23,-77,-26,-35,-83,-8,-56,-98,-105,19,-115,-103,-78,102,-92
2123,2,0,0,-83,-83,-83,116,116,116,-123,105,-118,86,-124,16,-91,63,-25,-101,64,-21,24,-74,27,117,-53,-58,-116,27,19,-27,10,80,0,0,-17,-72,4,69,-3,12,-48,52,29,22,-90,127,-14,-10,37,23,-77,-26,-35,-83,-8,-56,-98,-105,19,-115,-103,-78,102,-92
2124,2,0,0,0,-34,-34,-34,114,114,-34,-123,105,-118,86,-124,16,-91,63,-25,-101,64,-21,24,-74,27,117,-53,-58,-116,27,19,-27,10,0,0,0,-17,-55,-5,91,53,16,69,-5,-116,16,-122,-83,85,-85,-51,20,-20,-52,-64,-101,61,49,-91,47,-78,-123,122,86,-105
2125,2,0,0,0,-34,-34,-34,114,114,-34,-123,105,-118,86,-124,16,-91,63,-25,-101,64,-21,24,-74,27,117,-53,-58,-116,27,19,-27,10,0,0,0,-17,-55,-5,91,53,16,69,-5,-116,16,-122,-83,85,-85,-51,20,-20,-52,-64,-101,61,49,-91,47,-78,-123,122,86,-105
2126,2,0,0,0,-34,-34,-34,114,114,-34,-123,105,-118,86,-124,16,-91,63,-25,-101,64,-21,24,-74,27,117,-53,-58,-116,27,19,-27,10,0,0,0,-17,-55,-5,91,53,16,69,-5,-116,16,-122,-83,85,-85,-51,20,-20,-52,-64,-101,61,49,-91,47,-78,-123,122,86,-105
2127,2,0,0,0,0,-102,-102,-102,-88,-67,-34,-123,105,-118,86,-124,16,-91,63,-25,-101,64,-21,24,-74,27,117,-53,-58,-116,27,19,-27,0,0,0,0,-17,89,-69,115,35,-118,9,68,97,71,23,36,41,-32,-49,-83,-87,98,40,-107,20,42,81,55,-76,120,-97,-20
2128,2,0,0,0,0,-102,-102,-102,-88,-67,-34,-123,105,-118,86,-124,16,-91,63,-25,-101,64,-21,24,-74,27,117,-53,-58,-116,27,19,-27,0,0,0,0,-17,89,-69,115,35,-118,9,68,97,71,23,36,41,-32,-49,-83,-87,98,40,-107,20,42,81,55,-76,120,-97,-20
2129,2,0,0,0,0,-102,-102,-102,-88,-67,-34,-123,105,-118,86,-124,16,-91,63,-25,-101,64,-21,24,-74,27,117,-53,-58,-116,27,19,-27,0,0,0,0,-17,89,-69,115,35,-118,9,68,97,71,23,36,41,-32,-49,-83,-87,98,40,-107,20,42,81,55,-76,120,-97,-20
2130,2,0,0,0,0,0,125,125,125,26,-67,-34,-123,105,-118,86,-124,16,-91,63,-25,-101,64,-21,24,-74,27,117,-53,-58,-116,27,19,0,0,0,0,0,-17,111,38,33,31,39,-17,-57,-66,-121,-122,-6,66,101,-65,-123,91,-85,40,50,-26,-119,-121,-91,-79,-117,-41
2131,2,0,0,0,0,0,125,125,125,26,-67,-34,-123,105,-118,86,-124,16,-91,63,-25,-101,64,-21,24,-74,27,117,-53,-58,-116,27,19,0,0,0,0,0,-17,111,38,33,31,39,-17,-57,-66,-121,-122,-6,66,101,-65,-123,91,-85,40,50,-26,-119,-121,-91,-79,-117,-41
2132,2,0,0,0,0,0,125,125,125,26,-67,-34,-123,105,-118,86,-124,16,-91,63,-25,-101,64,-21,24,-74,27,117,-53,-58,-116,27,19,0,0,0,0,0,-17,111,38,33,31,39,-17,-57,-66,-121,-122,-6,66,101,-65,-123,91,-85,40,50,-26,-119,-121,-91,-79,-117,-41
2133,2,0,0,0,0,0,0,-86,-86,48,26,-67,-34,-123,105,-118,86,-124,16,-91,63,-25,-101,64,-21,24,-74,27,117,-53,-58,-116,27,0,0,0,0,0,0,-17,102,99,-15,2,-48,14,-122,-99,-63,5,-57,122,-73,-119,-44,-19,33,78,52,12,26,36,-30,116,-59
2134,2,0,0,0,0,0,0,-86,-86,48,26,-67,-34,-123,105,-118,86,-124,16,-91,63,-25,-101,64,-21,24,-74,27,117,-53,-58,-116,27,0,0,0,0,0,0,-17,102,99,-15,2,-48,14,-122,-99,-63,5,-57,122,-73,-119,-44,-19,33,78,52,12,26,36,-30,116,-59
2135,2,0,0,0,0,0,0,-86,-86,48,26,-67,-34,-123,105,-118,86,-124,16,-91,63,-25,-101,64,-21,24,-74,27,117,-53,-58,-116,27,0,0,0,0,0,0,-17,102,99,-15,2,-48,14,-122,-99,-63,5,-57,122,-73,-119,-44,-19,33,78,52,12,26,36,-30,116,-59
2136,2,0,0,0,0,0,0,0,114,118,48,26,-67,-34,-123,105,-118,86,-124,16,-91,63,-25,-101,64,-21,24,-74,27,117,-53,-58,-116,0,0,0,0,0,0,0,-17,12,-93,-107,40,55,-104,-41,-71,67,53,-58,-14,57,-75,100,73,87,95,-36,111,-13,-7,-91,-4
2137,2,0,0,0,0,0,0,0,114,118,48,26,-67,-34,-123,105,-118,86,-124,16,-91,63,-25,-101,64,-21,24,-74,27,117,-53,-58,-116,0,0,0,0,0,0,0,-17,12,-93,-107,40,55,-104,-41,-71,67,53,-58,-14,57,-75,100,73,87,95,-36,111,-13,-7,-91,-4
2138,2,0,0,0,0,0,0,0,114,118,48,26,-67,-34,-123,105,-118,86,-124,16,-91,63,-25,-101,64,-21,24,-74,27,117,-53,-58,-116,0,0,0,0,0,0,0,-17,12,-93,-107,40,55,-104,-41,-71,67,53,-58,-14,57,-75,100,73,87,95,-36,111,-13,-7,-91,-4
2139,2,0,0,0,0,0,0,0,0,-73,118,48,26,-67,-34,-123,105,-118,86,-124,16,-91,63,-25,-101,64,-21,24,-74,27,117,-53,-58,0,0,0,0,0,0,0,0,-17,-90,21,-114,104,-38,73,11,98,-67,-40,-46,-120,18,74,-46,6,-82,-66,-5,27,-78,-77,6
2140,2,0,0,0,0,0,0,0,0,-73,118,48,26,-67,-34,-123,105,-118,86,-124,16,-91,63,-25,-101,64,-21,24,-74,27,117,-53,-58,0,0,0,0,0,0,0,0,-17,-90,21,-114,104,-38,73,11,98,-67,-40,-46,-120,18,74,-46,6,-82,-66,-5,27,-78,-77,6
2141,2,0,0,0,0,0,0,0,0,-73,118,48,26,-67,-34,-123,105,-118,86,-124,16,-91,63,-25,-101,64,-21,24,-74,27,117,-53,-58,0,0,0,0,0,0,0,0,-17,-90,21,-114,104,-38,73,11,98,-67,-40,-46,-120,18,74,-46,6,-82,-66,-5,27,-78,-77,6
2142,2,0,0,0,0,0,0,0,0,0,-73,118,48,26,-67,-34,-123,105,-118,86,-124,16,-91,63,-25,-101,64,-21,24,-74,27,117,-53,0,0,0,0,0,0,0,0,0,-17,-48,-70,-106,-19,-25,-107,37,55,82,112,-75,-90,71,-108,-65,70,-25,-61,-1,-17,-48,86
2143,2,0,0,0,0,0,0,0,0,0,-73,118,48,26,-67,-34,-123,105,-118,86,-124,16,-91,63,-25,-101,64,-21,24,-74,27,117,-53,0,0,0,0,0,0,0,0,0,-17,-48,-70,-106,-19,-25,-107,37,55,82,112,-75,-90,71,-108,-65,70,-25,-61,-1,-17,-48,86
2144,2,0,0,0,0,0,0,0,0,0,-73,118,48,26,-67,-34,-123,105,-118,86,-124,16,-91,63,-25,-101,64,-21,24,-74,27,117,-53,0,0,0,0,0,0,0,0,0,-17,-48,-70,-106,-19,-25,-107,37,55,82,112,-75,-90,71,-108,-65,70,-25,-61,-1,-17,-48,86
2145,2,0,0,0,0,0,0,0,0,0,0,-73,118,48,26,-67,-34,-123,105,-118,86,-124,16,-91,63,-25,-101,64,-21,24,-74,27,117,0,0,0,0,0,0,0,0,0,0,-17,-57,80,-2,3,-75,50,-79,16,21,-78,-114,-73,-59,-103,-24,20,-96,-40,-92,-21,58
2146,2,0,0,0,0,0,0,0,0,0,0,-73,118,48,26,-67,-34,-123,105,-118,86,-124,16,-91,63,-25,-101,64,-21,24,-74,27,117,0,0,0,0,0,0,0,0,0,0,-17,-57,80,-2,3,-75,50,-79,16,21,-78,-114,-73,-59,-103,-24,20,-96,-40,-92,-21,58
2147,2,0,0,0,0,0,0,0,0,0,0,-73,118,48,26,-67,-34,-123,105,-118,86,-124,16,-91,63,-25,-101,64,-21,24,-74,27,117,0,0,0,0,0,0,0,0,0,0,-17,-57,80,-2,3,-75,50,-79,16,21,-78,-114,-73,-59,-103,-24,20,-96,-40,-92,-21,58
2148,2,0,0,0,0,0,0,0,0,0,0,0,-73,118,48,26,-67,-34,-123,105,-118,86,-124,16,-91,63,-25,-101,64,-21,24,-74,27,0,0,0,0,0,0,0,0,0,0,0,-17,-39,-3,-40,-5,119,69,40,93,77,4,-91,-13,-1,67,16,-104,106,-10,-94,110
2149,2,0,0,0,0,0,0,0,0,0,0,0,-73,118,48,26,-67,-34,-123,105,-118,86,-124,16,-91,63,-25,-101,64,-21,24,-74,27,0,0,0,0,0,0,0,0,0,0,0,-17,-39,-3,-40,-5,119,69,40,93,77,4,-91,-13,-1,67,16,-104,106,-10,-94,110
2150,2,0,0,0,0,0,0,0,0,0,0,0,-73,118,48,26,-67,-34,-123,105,-118,86,-124,16,-91,63,-25,-101,64,-21,24,-74,27,0,0,0,0,0,0,0,0,0,0,0,-17,-39,-3,-40,-5,119,69,40,93,77,4,-91,-13,-1,67,16,-104,106,-10,-94,110
2151,2,0,0,0,0,0,0,0,0,0,0,0,0,-73,118,48,26,-67,-34,-123,105,-118,86,-124,16,-91,63,-25,-101,64,-21,24,-74,0,0,0,0,0,0,0,0,0,0,0,0,-17,52,45,38,-123,-59,49,-125,-17,-43,-5,115,46,85,35,-106,-115,-14,-75,-9
2152,2,0,0,0,0,0,0,0,0,0,0,0,0,-73,118,48,26,-67,-34,-123,105,-118,86,-124,16,-91,63,-25,-101,64,-21,24,-74,0,0,0,0,0,0,0,0,0,0,0,0,-17,52,45,38,-123,-59,49,-125,-17,-43,-5,115,46,85,35,-106,-115,-14,-75,-9
2153,2,0,0,0,0,0,0,0,0,0,0,0,0,-73,118,48,26,-67,-34,-123,105,-118,86,-124,16,-91,63,-25,-101,64,-21,24,-74,0,0,0,0,0,0,0,0,0,0,0,0,-17,52,45,38,-123,-59,49,-125,-17,-43,-5,115,46,85,35,-106,-115,-14,-75,-9
2154,2,0,0,0,0,0,0,0,0,0,0,0,0,0,-73,118,48,26,-67,-34,-123,105,-118,86,-124,16,-91,63,-25,-101,64,-21,24,0,0,0,0,0,0,0,0,0,0,0,0,0,-17,37,51,-104,126,-95,91,-72,73,-44,7,62,25,-126,-40,116,83,-75,63
2155,2,0,0,0,0,0,0,0,0,0,0,0,0,0,-73,118,48,26,-67,-34,-123,105,-118,86,-124,16,-91,63,-25,-101,64,-21,24,0,0,0,0,0,0,0,0,0,0,0,0,0,-17,37,51,-104,126,-95,91,-72,73,-44,7,62,25,-126,-40,116,83,-75,63
2156,2,0,0,0,0,0,0,0,0,0,0,0,0,0,-73,118,48,26,-67,-34,-123,105,-118,86,-124,16,-91,63,-25,-101,64,-21,24,0,0,0,0,0,0,0,0,0,0,0,0,0,-17,37,51,-104,126,-95,91,-72,73,-44,7,62,25,-126,-40,116,83,-75,63
2157,2,0,0,0,0,0,0,0,0,0,0,0,0,0,0,-73,118,48,26,-67,-34,-123,105,-118,86,-124,16,-91,63,-25,-101,64,-21,0,0,0,0,0,0,0,0,0,0,0,0,0,0,-17,-89,-123,89,-105,-103,-75,-125,-67,76,-121,-97,-5,-85,77,97,117,-88
2158,2,0,0,0,0,0,0,0,0,0,0,0,0,0,0,-73,118,48,26,-67,-34,-123,105,-118,86,-124,16,-91,63,-25,-101,64,-21,0,0,0,0,0,0,0,0,0,0,0,0,0,0,-17,-89,-123,89,-105,-103,-75,-125,-67,76,-121,-97,-5,-85,77,97,117,-88
2159,2,0,0,0,0,0,0,0,0,0,0,0,0,0,0,-73,118,48,26,-67,-34,-123,105,-118,86,-124,16,-91,63,-25,-101,64,-21,0,0,0,0,0,0,0,0,0,0,0,0,0,0,-17,-89,-123,89,-105,-103,-75,-125,-67,76,-121,-97,-5,-85,77,97,117,-88
2160,2,0,0,0,0,0,0,0,0,0,0,0,0,0,0,0,-73,118,48,26,-67,-34,-123,105,-118,86,-124,16,-91,63,-25,-101,64,0,0,0,0,0,0,0,0,0,0,0,0,0,0,0,-17,-14,18,-126,4,14,45,-60,55,-96,55,-106,-69,37,-13,-15,-70
2161,2,0,0,0,0,0,0,0,0,0,0,0,0,0,0,0,-73,118,48,26,-67,-34,-123,105,-118,86,-124,16,-91,63,-25,-101,64,0,0,0,0,0,0,0,0,0,0,0,0,0,0,0,-17,-14,18,-126,4,14,45,-60,55,-96,55,-106,-69,37,-13,-15,-70
2162,2,0,0,0,0,0,0,0,0,0,0,0,0,0,0,0,-73,118,48,26,-67,-34,-123,105,-118,86,-124,16,-91,63,-25,-101,64,0,0,0,0,0,0,0,0,0,0,0,0,0,0,0,-17,-14,18,-126,4,14,45,-60,55,-96,55,-106,-69,37,-13,-15,-70
2163,2,0,0,0,0,0,0,0,0,0,0,0,0,0,0,0,0,-73,118,48,26,-67,-34,-123,105,-118,86,-124,16,-91,63,-25,-101,0,0,0,0,0,0,0,0,0,0,0,0,0,0,0,0,-17,34,-95,-102,-126,-15,20,106,-110,-97,83,111,36,-2,-41,-94
2164,2,0,0,0,0,0,0,0,0,0,0,0,0,0,0,0,0,-73,118,48,26,-67,-34,-123,105,-118,86,-124,16,-91,63,-25,-101,0,0,0,0,0,0,0,0,0,0,0,0,0,0,0,0,-17,34,-95,-102,-126,-15,20,106,-110,-97,83,111,36,-2,-41,-94
2165,2,0,0,0,0,0,0,0,0,0,0,0,0,0,0,0,0,-73,118,48,26,-67,-34,-123,105,-118,86,-124,16,-91,63,-25,-101,0,0,0,0,0,0,0,0,0,0,0,0,0,0,0,0,-17,34,-95,-102,-126,-15,20,106,-110,-97,83,111,36,-2,-41,-94
2166,2,0,0,0,0,0,0,0,0,0,0,0,0,0,0,0,0,0,-73,118,48,26,-67,-34,-123,105,-118,86,-124,16,-91,63,-25,0,0,0,0,0,0,0,0,0,0,0,0,0,0,0,0,0,-17,-23,124,123,114,89,105,103,-15,87,-78,0,-106,22,-23
2167,2,0,0,0,0,0,0,0,0,0,0,0,0,0,0,0,0,0,-73,118,48,26,-67,-34,-123,105,-118,86,-124,16,-91,63,-25,0,0,0,0,0,0,0,0,0,0,0,0,0,0,0,0,0,-17,-23,124,123,114,89,105,103,-15,87,-78,0,-106,22,-23
2168,2,0,0,0,0,0,0,0,0,0,0,0,0,0,0,0,0,0,-73,118,48,26,-67,-34,-123,105,-118,86,-124,16,-91,63,-25,0,0,0,0,0,0,0,0,0,0,0,0,0,0,0,0,0,-17,-23,124,123,114,89,105,103,-15,87,-78,0,-106,22,-23
2169,2,0,0,0,0,0,0,0,0,0,0,0,0,0,0,0,0,0,0,-73,118,48,26,-67,-34,-123,105,-118,86,-124,16,-91,63,0,0,0,0,0,0,0,0,0,0,0,0,0,0,0,0,0,0,-17,-53,-112,-9,-74,35,27,8,76,43,-94,55,-62,-99
2170,2,0,0,0,0,0,0,0,0,0,0,0,0,0,0,0,0,0,0,-73,118,48,26,-67,-34,-123,105,-118,86,-124,16,-91,63,0,0,0,0,0,0,0,0,0,0,0,0,0,0,0,0,0,0,-17,-53,-112,-9,-74,35,27,8,76,43,-94,55,-62,-99
2171,2,0,0,0,0,0,0,0,0,0,0,0,0,0,0,0,0,0,0,-73,118,48,26,-67,-34,-123,105,-118,86,-124,16,-91,63,0,0,0,0,0,0,0,0,0,0,0,0,0,0,0,0,0,0,-17,-53,-112,-9,-74,35,27,8,76,43,-94,55,-62,-99
2172,2,0,0,0,0,0,0,0,0,0,0,0,0,0,0,0,0,0,0,0,-73,118,48,26,-67,-34,-123,105,-118,86,-124,16,-91,0,0,0,0,0,0,0,0,0,0,0,0,0,0,0,0,0,0,0,-17,-55,71,28,-37,26,-36,-92,9,-79,-9,-122,-51
2173,2,0,0,0,0,0,0,0,0,0,0,0,0,0,0,0,0,0,0,0,-73,118,48,26,-67,-34,-123,105,-118,86,-124,16,-91,0,0,0,0,0,0,0,0,0,0,0,0,0,0,0,0,0,0,0,-17,-55,71,28,-37,26,-36,-92,9,-79,-9,-122,-51
2174,2,0,0,0,0,0,0,0,0,0,0,0,0,0,0,0,0,0,0,0,-73,118,48,26,-67,-34,-123,105,-118,86,-124,16,-91,0,0,0,0,0,0,0,0,0,0,0,0,0,0,0,0,0,0,0,-17,-55,71,28,-37,26,-36,-92,9,-79,-9,-122,-51
2175,2,0,0,0,0,0,0,0,0,0,0,0,0,0,0,0,0,0,0,0,0,-73,118,48,26,-67,-34,-123,105,-118,86,-124,16,0,0,0,0,0,0,0,0,0,0,0,0,0,0,0,0,0,0,0,0,-17,93,-30,-124,-104,-15,-92,112,-16,8,-124,14
2176,2,0,0,0,0,0,0,0,0,0,0,0,0,0,0,0,0,0,0,0,0,-73,118,48,26,-67,-34,-123,105,-118,86,-124,16,0,0,0,0,0,0,0,0,0,0,0,0,0,0,0,0,0,0,0,0,-17,93,-30,-124,-104,-15,-92,112,-16,8,-124,14
2177,2,0,0,0,0,0,0,0,0,0,0,0,0,0,0,0,0,0,0,0,0,-73,118,48,26,-67,-34,-123,105,-118,86,-124,16,0,0,0,0,0,0,0,0,0,0,0,0,0,0,0,0,0,0,0,0,-17,93,-30,-124,-104,-15,-92,112,-16,8,-124,14
2178,2,0,0,0,0,0,0,0,0,0,0,0,0,0,0,0,0,0,0,0,0,0,-73,118,48,26,-67,-34,-123,105,-118,86,-124,0,0,0,0,0,0,0,0,0,0,0,0,0,0,0,0,0,0,0,0,0,-17,43,72,23,50,-46,12,-62,72,-31,81
2179,2,0,0,0,0,0,0,0,0,0,0,0,0,0,0,0,0,0,0,0,0,0,-73,118,48,26,-67,-34,-123,105,-118,86,-124,0,0,0,0,0,0,0,0,0,0,0,0,0,0,0,0,0,0,0,0,0,-17,43,72,23,50,-46,12,-62,72,-31,81
2180,2,0,0,0,0,0,0,0,0,0,0,0,0,0,0,0,0,0,0,0,0,0,-73,118,48,26,-67,-34,-123,105,-118,86,-124,0,0,0,0,0,0,0,0,0,0,0,0,0,0,0,0,0,0,0,0,0,-17,43,72,23,50,-46,12,-62,72,-31,81
2181,2,0,0,0,0,0,0,0,0,0,0,0,0,0,0,0,0,0,0,0,0,0,0,-73,118,48,26,-67,-34,-123,105,-118,86,0,0,0,0,0,0,0,0,0,0,0,0,0,0,0,0,0,0,0,0,0,0,-17,84,-44,-113,57,61,-95,-60,-65,124
2182,2,0,0,0,0,0,0,0,0,0,0,0,0,0,0,0,0,0,0,0,0,0,0,-73,118,48,26,-67,-34,-123,105,-118,86,0,0,0,0,0,0,0,0,0,0,0,0,0,0,0,0,0,0,0,0,0,0,-17,84,-44,-113,57,61,-95,-60,-65,124
2183,2,0,0,0,0,0,0,0,0,0,0,0,0,0,0,0,0,0,0,0,0,0,0,-73,118,48,26,-67,-34,-123,105,-118,86,0,0,0,0,0,0,0,0,0,0,0,0,0,0,0,0,0,0,0,0,0,0,-17,84,-44,-113,57,61,-95,-60,-65,124
2184,2,0,0,0,0,0,0,0,0,0,0,0,0,0,0,0,0,0,0,0,0,0,0,0,-73,118,48,26,-67,-34,-123,105,-118,0,0,0,0,0,0,0,0,0,0,0,0,0,0,0,0,0,0,0,0,0,0,0,-17,-122,-56,-35,-62,48,2,5,-117
2185,2,0,0,0,0,0,0,0,0,0,0,0,0,0,0,0,0,0,0,0,0,0,0,0,-73,118,48,26,-67,-34,-123,105,-118,0,0,0,0,0,0,0,0,0,0,0,0,0,0,0,0,0,0,0,0,0,0,0,-17,-122,-56,-35,-62,48,2,5,-117
2186,2,0,0,0,0,0,0,0,0,0,0,0,0,0,0,0,0,0,0,0,0,0,0,0,-73,118,48,26,-67,-34,-123,105,-118,0,0,0,0,0,0,0,0,0,0,0,0,0,0,0,0,0,0,0,0,0,0,0,-17,-122,-56,-35,-62,48,2,5,-117
2187,2,0,0,0,0,0,0,0,0,0,0,0,0,0,0,0,0,0,0,0,0,0,0,0,0,-73,118,48,26,-67,-34,-123,105,0,0,0,0,0,0,0,0,0,0,0,0,0,0,0,0,0,0,0,0,0,0,0,0,-17,-79,-91,49,-121,51,87,12
2188,2,0,0,0,0,0,0,0,0,0,0,0,0,0,0,0,0,0,0,0,0,0,0,0,0,-73,118,48,26,-67,-34,-123,105,0,0,0,0,0,0,0,0,0,0,0,0,0,0,0,0,0,0,0,0,0,0,0,0,-17,-79,-91,49,-121,51,87,12
2189,2,0,0,0,0,0,0,0,0,0,0,0,0,0,0,0,0,0,0,0,0,0,0,0,0,-73,118,48,26,-67,-34,-123,105,0,0,0,0,0,0,0,0,0,0,0,0,0,0,0,0,0,0,0,0,0,0,0,0,-17,-79,-91,49,-121,51,87,12
2190,2,0,0,0,0,0,0,0,0,0,0,0,0,0,0,0,0,0,0,0,0,0,0,0,0,0,-73,118,48,26,-67,-34,-123,0,0,0,0,0,0,0,0,0,0,0,0,0,0,0,0,0,0,0,0,0,0,0,0,0,-17,-17,-63,77,18,-62,-2
2191,2,0,0,0,0,0,0,0,0,0,0,0,0,0,0,0,0,0,0,0,0,0,0,0,0,0,-73,118,48,26,-67,-34,-123,0,0,0,0,0,0,0,0,0,0,0,0,0,0,0,0,0,0,0,0,0,0,0,0,0,-17,-17,-63,77,18,-62,-2
2192,2,0,0,0,0,0,0,0,0,0,0,0,0,0,0,0,0,0,0,0,0,0,0,0,0,0,-73,118,48,26,-67,-34,-123,0,0,0,0,0,0,0,0,0,0,0,0,0,0,0,0,0,0,0,0,0,0,0,0,0,-17,-17,-63,77,18,-62,-2
2193,2,0,0,0,0,0,0,0,0,0,0,0,0,0,0,0,0,0,0,0,0,0,0,0,0,0,0,-73,118,48,26,-67,-34,0,0,0,0,0,0,0,0,0,0,0,0,0,0,0,0,0,0,0,0,0,0,0,0,0,0,-17,110,-20,57,-114,102
2194,2,0,0,0,0,0,0,0,0,0,0,0,0,0,0,0,0,0,0,0,0,0,0,0,0,0,0,-73,118,48,26,-67,-34,0,0,0,0,0,0,0,0,0,0,0,0,0,0,0,0,0,0,0,0,0,0,0,0,0,0,-17,110,-20,57,-114,102
2195,2,0,0,0,0,0,0,0,0,0,0,0,0,0,0,0,0,0,0,0,0,0,0,0,0,0,0,-73,118,48,26,-67,-34,0,0,0,0,0,0,0,0,0,0,0,0,0,0,0,0,0,0,0,0,0,0,0,0,0,0,-17,110,-20,57,-114,102
2196,2,0,0,0,0,0,0,0,0,0,0,0,0,0,0,0,0,0,0,0,0,0,0,0,0,0,0,0,-73,118,48,26,-67,0,0,0,0,0,0,0,0,0,0,0,0,0,0,0,0,0,0,0,0,0,0,0,0,0,0,0,-17,8,-30,56,31
2197,2,0,0,0,0,0,0,0,0,0,0,0,0,0,0,0,0,0,0,0,0,0,0,0,0,0,0,0,-73,118,48,26,-67,0,0,0,0,0,0,0,0,0,0,0,0,0,0,0,0,0,0,0,0,0,0,0,0,0,0,0,-17,8,-30,56,31
2198,2,0,0,0,0,0,0,0,0,0,0,0,0,0,0,0,0,0,0,0,0,0,0,0,0,0,0,0,-73,118,48,26,-67,0,0,0,0,0,0,0,0,0,0,0,0,0,0,0,0,0,0,0,0,0,0,0,0,0,0,0,-17,8,-30,56,31
2199,2,0,0,0,0,0,0,0,0,0,0,0,0,0,0,0,0,0,0,0,0,0,0,0,0,0,0,0,0,-73,118,48,26,0,0,0,0,0,0,0,0,0,0,0,0,0,0,0,0,0,0,0,0,0,0,0,0,0,0,0,0,-17,3,65,123
2200,2,0,0,0,0,0,0,0,0,0,0,0,0,0,0,0,0,0,0,0,0,0,0,0,0,0,0,0,0,-73,118,48,26,0,0,0,0,0,0,0,0,0,0,0,0,0,0,0,0,0,0,0,0,0,0,0,0,0,0,0,0,-17,3,65,123
2201,2,0,0,0,0,0,0,0,0,0,0,0,0,0,0,0,0,0,0,0,0,0,0,0,0,0,0,0,0,-73,118,48,26,0,0,0,0,0,0,0,0,0,0,0,0,0,0,0,0,0,0,0,0,0,0,0,0,0,0,0,0,-17,3,65,123
2202,2,0,0,0,0,0,0,0,0,0,0,0,0,0,0,0,0,0,0,0,0,0,0,0,0,0,0,0,0,0,-73,118,48,0,0,0,0,0,0,0,0,0,0,0,0,0,0,0,0,0,0,0,0,0,0,0,0,0,0,0,0,0,-17,-123,-119
2203,2,0,0,0,0,0,0,0,0,0,0,0,0,0,0,0,0,0,0,0,0,0,0,0,0,0,0,0,0,0,-73,118,48,0,0,0,0,0,0,0,0,0,0,0,0,0,0,0,0,0,0,0,0,0,0,0,0,0,0,0,0,0,-17,-123,-119
2204,2,0,0,0,0,0,0,0,0,0,0,0,0,0,0,0,0,0,0,0,0,0,0,0,0,0,0,0,0,0,-73,118,48,0,0,0,0,0,0,0,0,0,0,0,0,0,0,0,0,0,0,0,0,0,0,0,0,0,0,0,0,0,-17,-123,-119
2205,2,0,0,0,0,0,0,0,0,0,0,0,0,0,0,0,0,0,0,0,0,0,0,0,0,0,0,0,0,0,0,-73,118,0,0,0,0,0,0,0,0,0,0,0,0,0,0,0,0,0,0,0,0,0,0,0,0,0,0,0,0,0,0,-17,-31
2206,2,0,0,0,0,0,0,0,0,0,0,0,0,0,0,0,0,0,0,0,0,0,0,0,0,0,0,0,0,0,0,-73,118,0,0,0,0,0,0,0,0,0,0,0,0,0,0,0,0,0,0,0,0,0,0,0,0,0,0,0,0,0,0,-17,-31
2207,2,0,0,0,0,0,0,0,0,0,0,0,0,0,0,0,0,0,0,0,0,0,0,0,0,0,0,0,0,0,0,-73,118,0,0,0,0,0,0,0,0,0,0,0,0,0,0,0,0,0,0,0,0,0,0,0,0,0,0,0,0,0,0,-17,-31
2208,2,0,0,0,0,0,0,0,0,0,0,0,0,0,0,0,0,0,0,0,0,0,0,0,0,0,0,0,0,0,0,0,-73,0,0,0,0,0,0,0,0,0,0,0,0,0,0,0,0,0,0,0,0,0,0,0,0,0,0,0,0,0,0,0,-17
2209,2,0,0,0,0,0,0,0,0,0,0,0,0,0,0,0,0,0,0,0,0,0,0,0,0,0,0,0,0,0,0,0,-73,0,0,0,0,0,0,0,0,0,0,0,0,0,0,0,0,0,0,0,0,0,0,0,0,0,0,0,0,0,0,0,-17
2210,2,0,0,0,0,0,0,0,0,0,0,0,0,0,0,0,0,0,0,0,0,0,0,0,0,0,0,0,0,0,0,0,-73,0,0,0,0,0,0,0,0,0,0,0,0,0,0,0,0,0,0,0,0,0,0,0,0,0,0,0,0,0,0,0,-17
2211,2,0,0,0,0,0,0,0,0,0,0,0,0,0,0,0,0,0,0,0,0,0,0,0,0,0,0,0,0,0,0,0,0,0,0,0,0,0,0,0,0,0,0,0,0,0,0,0,0,0,0,0,0,0,0,0,0,0,0,0,0,0,0,0,0
2212,2,0,0,0,0,0,0,0,0,0,0,0,0,0,0,0,0,0,0,0,0,0,0,0,0,0,0,0,0,0,0,0,0,0,0,0,0,0,0,0,0,0,0,0,0,0,0,0,0,0,0,0,0,0,0,0,0,0,0,0,0,0,0,0,0
2213,2,0,0,0,0,0,0,0,0,0,0,0,0,0,0,0,0,0,0,0,0,0,0,0,0,0,0,0,0,0,0,0,0,0,0,0,0,0,0,0,0,0,0,0,0,0,0,0,0,0,0,0,0,0,0,0,0,0,0,0,0,0,0,0,0
2214,2,0,0,0,0,0,0,0,0,0,0,0,0,0,0,0,0,0,0,0,0,0,0,0,0,0,0,0,0,0,0,0,0,0,0,0,0,0,0,0,0,0,0,0,0,0,0,0,0,0,0,0,0,0,0,0,0,0,0,0,0,0,0,0,0
2215,2,0,0,0,0,0,0,0,0,0,0,0,0,0,0,0,0,0,0,0,0,0,0,0,0,0,0,0,0,0,0,0,0,0,0,0,0,0,0,0,0,0,0,0,0,0,0,0,0,0,0,0,0,0,0,0,0,0,0,0,0,0,0,0,0
2216,2,0,0,0,0,0,0,0,0,0,0,0,0,0,0,0,0,0,0,0,0,0,0,0,0,0,0,0,0,0,0,0,0,0,0,0,0,0,0,0,0,0,0,0,0,0,0,0,0,0,0,0,0,0,0,0,0,0,0,0,0,0,0,0,0
2217,2,0,0,0,0,0,0,0,0,0,0,0,0,0,0,0,0,0,0,0,0,0,0,0,0,0,0,0,0,0,0,0,0,0,0,0,0,0,0,0,0,0,0,0,0,0,0,0,0,0,0,0,0,0,0,0,0,0,0,0,0,0,0,0,0
2218,2,0,0,0,0,0,0,0,0,0,0,0,0,0,0,0,0,0,0,0,0,0,0,0,0,0,0,0,0,0,0,0,0,0,0,0,0,0,0,0,0,0,0,0,0,0,0,0,0,0,0,0,0,0,0,0,0,0,0,0,0,0,0,0,0
2219,2,0,0,0,0,0,0,0,0,0,0,0,0,0,0,0,0,0,0,0,0,0,0,0,0,0,0,0,0,0,0,0,0,0,0,0,0,0,0,0,0,0,0,0,0,0,0,0,0,0,0,0,0,0,0,0,0,0,0,0,0,0,0,0,0
2220,2,0,0,0,0,0,0,0,0,0,0,0,0,0,0,0,0,0,0,0,0,0,0,0,0,0,0,0,0,0,0,0,0,0,0,0,0,0,0,0,0,0,0,0,0,0,0,0,0,0,0,0,0,0,0,0,0,0,0,0,0,0,0,0,0
2221,2,0,0,0,0,0,0,0,0,0,0,0,0,0,0,0,0,0,0,0,0,0,0,0,0,0,0,0,0,0,0,0,0,0,0,0,0,0,0,0,0,0,0,0,0,0,0,0,0,0,0,0,0,0,0,0,0,0,0,0,0,0,0,0,0
2222,2,0,0,0,0,0,0,0,0,0,0,0,0,0,0,0,0,0,0,0,0,0,0,0,0,0,0,0,0,0,0,0,0,0,0,0,0,0,0,0,0,0,0,0,0,0,0,0,0,0,0,0,0,0,0,0,0,0,0,0,0,0,0,0,0
2223,2,0,0,0,0,0,0,0,0,0,0,0,0,0,0,0,0,0,0,0,0,0,0,0,0,0,0,0,0,0,0,0,0,0,0,0,0,0,0,0,0,0,0,0,0,0,0,0,0,0,0,0,0,0,0,0,0,0,0,0,0,0,0,0,0
2224,2,0,0,0,0,0,0,0,0,0,0,0,0,0,0,0,0,0,0,0,0,0,0,0,0,0,0,0,0,0,0,0,0,0,0,0,0,0,0,0,0,0,0,0,0,0,0,0,0,0,0,0,0,0,0,0,0,0,0,0,0,0,0,0,0
2225,2,0,0,0,0,0,0,0,0,0,0,0,0,0,0,0,0,0,0,0,0,0,0,0,0,0,0,0,0,0,0,0,0,0,0,0,0,0,0,0,0,0,0,0,0,0,0,0,0,0,0,0,0,0,0,0,0,0,0,0,0,0,0,0,0
2226,2,0,0,0,0,0,0,0,0,0,0,0,0,0,0,0,0,0,0,0,0,0,0,0,0,0,0,0,0,0,0,0,0,0,0,0,0,0,0,0,0,0,0,0,0,0,0,0,0,0,0,0,0,0,0,0,0,0,0,0,0,0,0,0,0
2227,2,0,0,0,0,0,0,0,0,0,0,0,0,0,0,0,0,0,0,0,0,0,0,0,0,0,0,0,0,0,0,0,0,0,0,0,0,0,0,0,0,0,0,0,0,0,0,0,0,0,0,0,0,0,0,0,0,0,0,0,0,0,0,0,0
2228,2,0,0,0,0,0,0,0,0,0,0,0,0,0,0,0,0,0,0,0,0,0,0,0,0,0,0,0,0,0,0,0,0,0,0,0,0,0,0,0,0,0,0,0,0,0,0,0,0,0,0,0,0,0,0,0,0,0,0,0,0,0,0,0,0
2229,2,0,0,0,0,0,0,0,0,0,0,0,0,0,0,0,0,0,0,0,0,0,0,0,0,0,0,0,0,0,0,0,0,0,0,0,0,0,0,0,0,0,0,0,0,0,0,0,0,0,0,0,0,0,0,0,0,0,0,0,0,0,0,0,0
2230,2,0,0,0,0,0,0,0,0,0,0,0,0,0,0,0,0,0,0,0,0,0,0,0,0,0,0,0,0,0,0,0,0,0,0,0,0,0,0,0,0,0,0,0,0,0,0,0,0,0,0,0,0,0,0,0,0,0,0,0,0,0,0,0,0
2231,2,0,0,0,0,0,0,0,0,0,0,0,0,0,0,0,0,0,0,0,0,0,0,0,0,0,0,0,0,0,0,0,0,0,0,0,0,0,0,0,0,0,0,0,0,0,0,0,0,0,0,0,0,0,0,0,0,0,0,0,0,0,0,0,0
2232,2,0,0,0,0,0,0,0,0,0,0,0,0,0,0,0,0,0,0,0,0,0,0,0,0,0,0,0,0,0,0,0,0,0,0,0,0,0,0,0,0,0,0,0,0,0,0,0,0,0,0,0,0,0,0,0,0,0,0,0,0,0,0,0,0
2233,2,0,0,0,0,0,0,0,0,0,0,0,0,0,0,0,0,0,0,0,0,0,0,0,0,0,0,0,0,0,0,0,0,0,0,0,0,0,0,0,0,0,0,0,0,0,0,0,0,0,0,0,0,0,0,0,0,0,0,0,0,0,0,0,0
2234,2,0,0,0,0,0,0,0,0,0,0,0,0,0,0,0,0,0,0,0,0,0,0,0,0,0,0,0,0,0,0,0,0,0,0,0,0,0,0,0,0,0,0,0,0,0,0,0,0,0,0,0,0,0,0,0,0,0,0,0,0,0,0,0,0
2235,2,0,0,0,0,0,0,0,0,0,0,0,0,0,0,0,0,0,0,0,0,0,0,0,0,0,0,0,0,0,0,0,0,0,0,0,0,0,0,0,0,0,0,0,0,0,0,0,0,0,0,0,0,0,0,0,0,0,0,0,0,0,0,0,0
2236,2,0,0,0,0,0,0,0,0,0,0,0,0,0,0,0,0,0,0,0,0,0,0,0,0,0,0,0,0,0,0,0,0,0,0,0,0,0,0,0,0,0,0,0,0,0,0,0,0,0,0,0,0,0,0,0,0,0,0,0,0,0,0,0,0
2237,2,0,0,0,0,0,0,0,0,0,0,0,0,0,0,0,0,0,0,0,0,0,0,0,0,0,0,0,0,0,0,0,0,0,0,0,0,0,0,0,0,0,0,0,0,0,0,0,0,0,0,0,0,0,0,0,0,0,0,0,0,0,0,0,0
2238,2,0,0,0,0,0,0,0,0,0,0,0,0,0,0,0,0,0,0,0,0,0,0,0,0,0,0,0,0,0,0,0,0,0,0,0,0,0,0,0,0,0,0,0,0,0,0,0,0,0,0,0,0,0,0,0,0,0,0,0,0,0,0,0,0
2239,2,0,0,0,0,0,0,0,0,0,0,0,0,0,0,0,0,0,0,0,0,0,0,0,0,0,0,0,0,0,0,0,0,0,0,0,0,0,0,0,0,0,0,0,0,0,0,0,0,0,0,0,0,0,0,0,0,0,0,0,0,0,0,0,0
2240,2,0,0,0,0,0,0,0,0,0,0,0,0,0,0,0,0,0,0,0,0,0,0,0,0,0,0,0,0,0,0,0,0,0,0,0,0,0,0,0,0,0,0,0,0,0,0,0,0,0,0,0,0,0,0,0,0,0,0,0,0,0,0,0,0
2241,2,0,0,0,0,0,0,0,0,0,0,0,0,0,0,0,0,0,0,0,0,0,0,0,0,0,0,0,0,0,0,0,0,0,0,0,0,0,0,0,0,0,0,0,0,0,0,0,0,0,0,0,0,0,0,0,0,0,0,0,0,0,0,0,0
2242,2,0,0,0,0,0,0,0,0,0,0,0,0,0,0,0,0,0,0,0,0,0,0,0,0,0,0,0,0,0,0,0,0,0,0,0,0,0,0,0,0,0,0,0,0,0,0,0,0,0,0,0,0,0,0,0,0,0,0,0,0,0,0,0,0
2243,2,0,0,0,0,0,0,0,0,0,0,0,0,0,0,0,0,0,0,0,0,0,0,0,0,0,0,0,0,0,0,0,0,0,0,0,0,0,0,0,0,0,0,0,0,0,0,0,0,0,0,0,0,0,0,0,0,0,0,0,0,0,0,0,0
2244,2,0,0,0,0,0,0,0,0,0,0,0,0,0,0,0,0,0,0,0,0,0,0,0,0,0,0,0,0,0,0,0,0,0,0,0,0,0,0,0,0,0,0,0,0,0,0,0,0,0,0,0,0,0,0,0,0,0,0,0,0,0,0,0,0
2245,2,0,0,0,0,0,0,0,0,0,0,0,0,0,0,0,0,0,0,0,0,0,0,0,0,0,0,0,0,0,0,0,0,0,0,0,0,0,0,0,0,0,0,0,0,0,0,0,0,0,0,0,0,0,0,0,0,0,0,0,0,0,0,0,0
2246,2,0,0,0,0,0,0,0,0,0,0,0,0,0,0,0,0,0,0,0,0,0,0,0,0,0,0,0,0,0,0,0,0,0,0,0,0,0,0,0,0,0,0,0,0,0,0,0,0,0,0,0,0,0,0,0,0,0,0,0,0,0,0,0,0
2247,2,0,0,0,0,0,0,0,0,0,0,0,0,0,0,0,0,0,0,0,0,0,0,0,0,0,0,0,0,0,0,0,0,0,0,0,0,0,0,0,0,0,0,0,0,0,0,0,0,0,0,0,0,0,0,0,0,0,0,0,0,0,0,0,0
2248,2,0,0,0,0,0,0,0,0,0,0,0,0,0,0,0,0,0,0,0,0,0,0,0,0,0,0,0,0,0,0,0,0,0,0,0,0,0,0,0,0,0,0,0,0,0,0,0,0,0,0,0,0,0,0,0,0,0,0,0,0,0,0,0,0
2249,2,0,0,0,0,0,0,0,0,0,0,0,0,0,0,0,0,0,0,0,0,0,0,0,0,0,0,0,0,0,0,0,0,0,0,0,0,0,0,0,0,0,0,0,0,0,0,0,0,0,0,0,0,0,0,0,0,0,0,0,0,0,0,0,0
2250,2,0,0,0,0,0,0,0,0,0,0,0,0,0,0,0,0,0,0,0,0,0,0,0,0,0,0,0,0,0,0,0,0,0,0,0,0,0,0,0,0,0,0,0,0,0,0,0,0,0,0,0,0,0,0,0,0,0,0,0,0,0,0,0,0
2251,2,0,0,0,0,0,0,0,0,0,0,0,0,0,0,0,0,0,0,0,0,0,0,0,0,0,0,0,0,0,0,0,0,0,0,0,0,0,0,0,0,0,0,0,0,0,0,0,0,0,0,0,0,0,0,0,0,0,0,0,0,0,0,0,0
2252,2,0,0,0,0,0,0,0,0,0,0,0,0,0,0,0,0,0,0,0,0,0,0,0,0,0,0,0,0,0,0,0,0,0,0,0,0,0,0,0,0,0,0,0,0,0,0,0,0,0,0,0,0,0,0,0,0,0,0,0,0,0,0,0,0
2253,2,0,0,0,0,0,0,0,0,0,0,0,0,0,0,0,0,0,0,0,0,0,0,0,0,0,0,0,0,0,0,0,0,0,0,0,0,0,0,0,0,0,0,0,0,0,0,0,0,0,0,0,0,0,0,0,0,0,0,0,0,0,0,0,0
2254,2,0,0,0,0,0,0,0,0,0,0,0,0,0,0,0,0,0,0,0,0,0,0,0,0,0,0,0,0,0,0,0,0,0,0,0,0,0,0,0,0,0,0,0,0,0,0,0,0,0,0,0,0,0,0,0,0,0,0,0,0,0,0,0,0
2255,2,0,0,0,0,0,0,0,0,0,0,0,0,0,0,0,0,0,0,0,0,0,0,0,0,0,0,0,0,0,0,0,0,0,0,0,0,0,0,0,0,0,0,0,0,0,0,0,0,0,0,0,0,0,0,0,0,0,0,0,0,0,0,0,0
2256,2,0,0,0,0,0,0,0,0,0,0,0,0,0,0,0,0,0,0,0,0,0,0,0,0,0,0,0,0,0,0,0,0,0,0,0,0,0,0,0,0,0,0,0,0,0,0,0,0,0,0,0,0,0,0,0,0,0,0,0,0,0,0,0,0
2257,2,0,0,0,0,0,0,0,0,0,0,0,0,0,0,0,0,0,0,0,0,0,0,0,0,0,0,0,0,0,0,0,0,0,0,0,0,0,0,0,0,0,0,0,0,0,0,0,0,0,0,0,0,0,0,0,0,0,0,0,0,0,0,0,0
2258,2,0,0,0,0,0,0,0,0,0,0,0,0,0,0,0,0,0,0,0,0,0,0,0,0,0,0,0,0,0,0,0,0,0,0,0,0,0,0,0,0,0,0,0,0,0,0,0,0,0,0,0,0,0,0,0,0,0,0,0,0,0,0,0,0
2259,2,0,0,0,0,0,0,0,0,0,0,0,0,0,0,0,0,0,0,0,0,0,0,0,0,0,0,0,0,0,0,0,0,0,0,0,0,0,0,0,0,0,0,0,0,0,0,0,0,0,0,0,0,0,0,0,0,0,0,0,0,0,0,0,0
2260,2,0,0,0,0,0,0,0,0,0,0,0,0,0,0,0,0,0,0,0,0,0,0,0,0,0,0,0,0,0,0,0,0,0,0,0,0,0,0,0,0,0,0,0,0,0,0,0,0,0,0,0,0,0,0,0,0,0,0,0,0,0,0,0,0
2261,2,0,0,0,0,0,0,0,0,0,0,0,0,0,0,0,0,0,0,0,0,0,0,0,0,0,0,0,0,0,0,0,0,0,0,0,0,0,0,0,0,0,0,0,0,0,0,0,0,0,0,0,0,0,0,0,0,0,0,0,0,0,0,0,0
2262,2,0,0,0,0,0,0,0,0,0,0,0,0,0,0,0,0,0,0,0,0,0,0,0,0,0,0,0,0,0,0,0,0,0,0,0,0,0,0,0,0,0,0,0,0,0,0,0,0,0,0,0,0,0,0,0,0,0,0,0,0,0,0,0,0
2263,2,0,0,0,0,0,0,0,0,0,0,0,0,0,0,0,0,0,0,0,0,0,0,0,0,0,0,0,0,0,0,0,0,0,0,0,0,0,0,0,0,0,0,0,0,0,0,0,0,0,0,0,0,0,0,0,0,0,0,0,0,0,0,0,0
2264,2,0,0,0,0,0,0,0,0,0,0,0,0,0,0,0,0,0,0,0,0,0,0,0,0,0,0,0,0,0,0,0,0,0,0,0,0,0,0,0,0,0,0,0,0,0,0,0,0,0,0,0,0,0,0,0,0,0,0,0,0,0,0,0,0
2265,2,0,0,0,0,0,0,0,0,0,0,0,0,0,0,0,0,0,0,0,0,0,0,0,0,0,0,0,0,0,0,0,0,0,0,0,0,0,0,0,0,0,0,0,0,0,0,0,0,0,0,0,0,0,0,0,0,0,0,0,0,0,0,0,0
2266,2,0,0,0,0,0,0,0,0,0,0,0,0,0,0,0,0,0,0,0,0,0,0,0,0,0,0,0,0,0,0,0,0,0,0,0,0,0,0,0,0,0,0,0,0,0,0,0,0,0,0,0,0,0,0,0,0,0,0,0,0,0,0,0,0
2267,2,0,0,0,0,0,0,0,0,0,0,0,0,0,0,0,0,0,0,0,0,0,0,0,0,0,0,0,0,0,0,0,0,0,0,0,0,0,0,0,0,0,0,0,0,0,0,0,0,0,0,0,0,0,0,0,0,0,0,0,0,0,0,0,0
2268,2,0,0,0,0,0,0,0,0,0,0,0,0,0,0,0,0,0,0,0,0,0,0,0,0,0,0,0,0,0,0,0,0,0,0,0,0,0,0,0,0,0,0,0,0,0,0,0,0,0,0,0,0,0,0,0,0,0,0,0,0,0,0,0,0
2269,2,0,0,0,0,0,0,0,0,0,0,0,0,0,0,0,0,0,0,0,0,0,0,0,0,0,0,0,0,0,0,0,0,0,0,0,0,0,0,0,0,0,0,0,0,0,0,0,0,0,0,0,0,0,0,0,0,0,0,0,0,0,0,0,0
2270,2,0,0,0,0,0,0,0,0,0,0,0,0,0,0,0,0,0,0,0,0,0,0,0,0,0,0,0,0,0,0,0,0,0,0,0,0,0,0,0,0,0,0,0,0,0,0,0,0,0,0,0,0,0,0,0,0,0,0,0,0,0,0,0,0
2271,2,0,0,0,0,0,0,0,0,0,0,0,0,0,0,0,0,0,0,0,0,0,0,0,0,0,0,0,0,0,0,0,0,0,0,0,0,0,0,0,0,0,0,0,0,0,0,0,0,0,0,0,0,0,0,0,0,0,0,0,0,0,0,0,0
2272,2,0,0,0,0,0,0,0,0,0,0,0,0,0,0,0,0,0,0,0,0,0,0,0,0,0,0,0,0,0,0,0,0,0,0,0,0,0,0,0,0,0,0,0,0,0,0,0,0,0,0,0,0,0,0,0,0,0,0,0,0,0,0,0,0
2273,2,0,0,0,0,0,0,0,0,0,0,0,0,0,0,0,0,0,0,0,0,0,0,0,0,0,0,0,0,0,0,0,0,0,0,0,0,0,0,0,0,0,0,0,0,0,0,0,0,0,0,0,0,0,0,0,0,0,0,0,0,0,0,0,0
2274,2,0,0,0,0,0,0,0,0,0,0,0,0,0,0,0,0,0,0,0,0,0,0,0,0,0,0,0,0,0,0,0,0,0,0,0,0,0,0,0,0,0,0,0,0,0,0,0,0,0,0,0,0,0,0,0,0,0,0,0,0,0,0,0,0
2275,2,0,0,0,0,0,0,0,0,0,0,0,0,0,0,0,0,0,0,0,0,0,0,0,0,0,0,0,0,0,0,0,0,0,0,0,0,0,0,0,0,0,0,0,0,0,0,0,0,0,0,0,0,0,0,0,0,0,0,0,0,0,0,0,0
2276,2,0,0,0,0,0,0,0,0,0,0,0,0,0,0,0,0,0,0,0,0,0,0,0,0,0,0,0,0,0,0,0,0,0,0,0,0,0,0,0,0,0,0,0,0,0,0,0,0,0,0,0,0,0,0,0,0,0,0,0,0,0,0,0,0
2277,2,0,0,0,0,0,0,0,0,0,0,0,0,0,0,0,0,0,0,0,0,0,0,0,0,0,0,0,0,0,0,0,0,0,0,0,0,0,0,0,0,0,0,0,0,0,0,0,0,0,0,0,0,0,0,0,0,0,0,0,0,0,0,0,0
2278,2,0,0,0,0,0,0,0,0,0,0,0,0,0,0,0,0,0,0,0,0,0,0,0,0,0,0,0,0,0,0,0,0,0,0,0,0,0,0,0,0,0,0,0,0,0,0,0,0,0,0,0,0,0,0,0,0,0,0,0,0,0,0,0,0
2279,2,0,0,0,0,0,0,0,0,0,0,0,0,0,0,0,0,0,0,0,0,0,0,0,0,0,0,0,0,0,0,0,0,0,0,0,0,0,0,0,0,0,0,0,0,0,0,0,0,0,0,0,0,0,0,0,0,0,0,0,0,0,0,0,0
2280,2,0,0,0,0,0,0,0,0,0,0,0,0,0,0,0,0,0,0,0,0,0,0,0,0,0,0,0,0,0,0,0,0,0,0,0,0,0,0,0,0,0,0,0,0,0,0,0,0,0,0,0,0,0,0,0,0,0,0,0,0,0,0,0,0
2281,2,0,0,0,0,0,0,0,0,0,0,0,0,0,0,0,0,0,0,0,0,0,0,0,0,0,0,0,0,0,0,0,0,0,0,0,0,0,0,0,0,0,0,0,0,0,0,0,0,0,0,0,0,0,0,0,0,0,0,0,0,0,0,0,0
2282,2,0,0,0,0,0,0,0,0,0,0,0,0,0,0,0,0,0,0,0,0,0,0,0,0,0,0,0,0,0,0,0,0,0,0,0,0,0,0,0,0,0,0,0,0,0,0,0,0,0,0,0,0,0,0,0,0,0,0,0,0,0,0,0,0
2283,2,0,0,0,0,0,0,0,0,0,0,0,0,0,0,0,0,0,0,0,0,0,0,0,0,0,0,0,0,0,0,0,0,0,0,0,0,0,0,0,0,0,0,0,0,0,0,0,0,0,0,0,0,0,0,0,0,0,0,0,0,0,0,0,0
2284,2,0,0,0,0,0,0,0,0,0,0,0,0,0,0,0,0,0,0,0,0,0,0,0,0,0,0,0,0,0,0,0,0,0,0,0,0,0,0,0,0,0,0,0,0,0,0,0,0,0,0,0,0,0,0,0,0,0,0,0,0,0,0,0,0
2285,2,0,0,0,0,0,0,0,0,0,0,0,0,0,0,0,0,0,0,0,0,0,0,0,0,0,0,0,0,0,0,0,0,0,0,0,0,0,0,0,0,0,0,0,0,0,0,0,0,0,0,0,0,0,0,0,0,0,0,0,0,0,0,0,0
2286,2,0,0,0,0,0,0,0,0,0,0,0,0,0,0,0,0,0,0,0,0,0,0,0,0,0,0,0,0,0,0,0,0,0,0,0,0,0,0,0,0,0,0,0,0,0,0,0,0,0,0,0,0,0,0,0,0,0,0,0,0,0,0,0,0
2287,2,0,0,0,0,0,0,0,0,0,0,0,0,0,0,0,0,0,0,0,0,0,0,0,0,0,0,0,0,0,0,0,0,0,0,0,0,0,0,0,0,0,0,0,0,0,0,0,0,0,0,0,0,0,0,0,0,0,0,0,0,0,0,0,0
2288,2,0,0,0,0,0,0,0,0,0,0,0,0,0,0,0,0,0,0,0,0,0,0,0,0,0,0,0,0,0,0,0,0,0,0,0,0,0,0,0,0,0,0,0,0,0,0,0,0,0,0,0,0,0,0,0,0,0,0,0,0,0,0,0,0
2289,2,0,0,0,0,0,0,0,0,0,0,0,0,0,0,0,0,0,0,0,0,0,0,0,0,0,0,0,0,0,0,0,0,0,0,0,0,0,0,0,0,0,0,0,0,0,0,0,0,0,0,0,0,0,0,0,0,0,0,0,0,0,0,0,0
2290,2,0,0,0,0,0,0,0,0,0,0,0,0,0,0,0,0,0,0,0,0,0,0,0,0,0,0,0,0,0,0,0,0,0,0,0,0,0,0,0,0,0,0,0,0,0,0,0,0,0,0,0,0,0,0,0,0,0,0,0,0,0,0,0,0
2291,2,0,0,0,0,0,0,0,0,0,0,0,0,0,0,0,0,0,0,0,0,0,0,0,0,0,0,0,0,0,0,0,0,0,0,0,0,0,0,0,0,0,0,0,0,0,0,0,0,0,0,0,0,0,0,0,0,0,0,0,0,0,0,0,0
2292,2,0,0,0,0,0,0,0,0,0,0,0,0,0,0,0,0,0,0,0,0,0,0,0,0,0,0,0,0,0,0,0,0,0,0,0,0,0,0,0,0,0,0,0,0,0,0,0,0,0,0,0,0,0,0,0,0,0,0,0,0,0,0,0,0
2293,2,0,0,0,0,0,0,0,0,0,0,0,0,0,0,0,0,0,0,0,0,0,0,0,0,0,0,0,0,0,0,0,0,0,0,0,0,0,0,0,0,0,0,0,0,0,0,0,0,0,0,0,0,0,0,0,0,0,0,0,0,0,0,0,0
2294,2,0,0,0,0,0,0,0,0,0,0,0,0,0,0,0,0,0,0,0,0,0,0,0,0,0,0,0,0,0,0,0,0,0,0,0,0,0,0,0,0,0,0,0,0,0,0,0,0,0,0,0,0,0,0,0,0,0,0,0,0,0,0,0,0
2295,2,0,0,0,0,0,0,0,0,0,0,0,0,0,0,0,0,0,0,0,0,0,0,0,0,0,0,0,0,0,0,0,0,0,0,0,0,0,0,0,0,0,0,0,0,0,0,0,0,0,0,0,0,0,0,0,0,0,0,0,0,0,0,0,0
2296,2,0,0,0,0,0,0,0,0,0,0,0,0,0,0,0,0,0,0,0,0,0,0,0,0,0,0,0,0,0,0,0,0,0,0,0,0,0,0,0,0,0,0,0,0,0,0,0,0,0,0,0,0,0,0,0,0,0,0,0,0,0,0,0,0
2297,2,0,0,0,0,0,0,0,0,0,0,0,0,0,0,0,0,0,0,0,0,0,0,0,0,0,0,0,0,0,0,0,0,0,0,0,0,0,0,0,0,0,0,0,0,0,0,0,0,0,0,0,0,0,0,0,0,0,0,0,0,0,0,0,0
2298,2,0,0,0,0,0,0,0,0,0,0,0,0,0,0,0,0,0,0,0,0,0,0,0,0,0,0,0,0,0,0,0,0,0,0,0,0,0,0,0,0,0,0,0,0,0,0,0,0,0,0,0,0,0,0,0,0,0,0,0,0,0,0,0,0
2299,2,0,0,0,0,0,0,0,0,0,0,0,0,0,0,0,0,0,0,0,0,0,0,0,0,0,0,0,0,0,0,0,0,0,0,0,0,0,0,0,0,0,0,0,0,0,0,0,0,0,0,0,0,0,0,0,0,0,0,0,0,0,0,0,0
2300,2,0,0,0,0,0,0,0,0,0,0,0,0,0,0,0,0,0,0,0,0,0,0,0,0,0,0,0,0,0,0,0,0,0,0,0,0,0,0,0,0,0,0,0,0,0,0,0,0,0,0,0,0,0,0,0,0,0,0,0,0,0,0,0,0
2301,2,0,0,0,0,0,0,0,0,0,0,0,0,0,0,0,0,0,0,0,0,0,0,0,0,0,0,0,0,0,0,0,0,0,0,0,0,0,0,0,0,0,0,0,0,0,0,0,0,0,0,0,0,0,0,0,0,0,0,0,0,0,0,0,0
2302,2,0,0,0,0,0,0,0,0,0,0,0,0,0,0,0,0,0,0,0,0,0,0,0,0,0,0,0,0,0,0,0,0,0,0,0,0,0,0,0,0,0,0,0,0,0,0,0,0,0,0,0,0,0,0,0,0,0,0,0,0,0,0,0,0
2303,2,0,0,0,0,0,0,0,0,0,0,0,0,0,0,0,0,0,0,0,0,0,0,0,0,0,0,0,0,0,0,0,0,0,0,0,0,0,0,0,0,0,0,0,0,0,0,0,0,0,0,0,0,0,0,0,0,0,0,0,0,0,0,0,0
2304,2,0,0,0,0,0,0,0,0,0,0,0,0,0,0,0,0,0,0,0,0,0,0,0,0,0,0,0,0,0,0,0,0,0,0,0,0,0,0,0,0,0,0,0,0,0,0,0,0,0,0,0,0,0,0,0,0,0,0,0,0,0,0,0,0
2305,2,0,0,0,0,0,0,0,0,0,0,0,0,0,0,0,0,0,0,0,0,0,0,0,0,0,0,0,0,0,0,0,0,0,0,0,0,0,0,0,0,0,0,0,0,0,0,0,0,0,0,0,0,0,0,0,0,0,0,0,0,0,0,0,0
2306,2,0,0,0,0,0,0,0,0,0,0,0,0,0,0,0,0,0,0,0,0,0,0,0,0,0,0,0,0,0,0,0,0,0,0,0,0,0,0,0,0,0,0,0,0,0,0,0,0,0,0,0,0,0,0,0,0,0,0,0,0,0,0,0,0
2307,2,0,0,0,0,0,0,0,0,0,0,0,0,0,0,0,0,0,0,0,0,0,0,0,0,0,0,0,0,0,0,0,0,0,0,0,0,0,0,0,0,0,0,0,0,0,0,0,0,0,0,0,0,0,0,0,0,0,0,0,0,0,0,0,0
2308,2,0,0,0,0,0,0,0,0,0,0,0,0,0,0,0,0,0,0,0,0,0,0,0,0,0,0,0,0,0,0,0,0,0,0,0,0,0,0,0,0,0,0,0,0,0,0,0,0,0,0,0,0,0,0,0,0,0,0,0,0,0,0,0,0
2309,2,0,0,0,0,0,0,0,0,0,0,0,0,0,0,0,0,0,0,0,0,0,0,0,0,0,0,0,0,0,0,0,0,0,0,0,0,0,0,0,0,0,0,0,0,0,0,0,0,0,0,0,0,0,0,0,0,0,0,0,0,0,0,0,0
2310,2,0,0,0,0,0,0,0,0,0,0,0,0,0,0,0,0,0,0,0,0,0,0,0,0,0,0,0,0,0,0,0,0,0,0,0,0,0,0,0,0,0,0,0,0,0,0,0,0,0,0,0,0,0,0,0,0,0,0,0,0,0,0,0,0
2311,2,0,0,0,0,0,0,0,0,0,0,0,0,0,0,0,0,0,0,0,0,0,0,0,0,0,0,0,0,0,0,0,0,0,0,0,0,0,0,0,0,0,0,0,0,0,0,0,0,0,0,0,0,0,0,0,0,0,0,0,0,0,0,0,0
2312,2,0,0,0,0,0,0,0,0,0,0,0,0,0,0,0,0,0,0,0,0,0,0,0,0,0,0,0,0,0,0,0,0,0,0,0,0,0,0,0,0,0,0,0,0,0,0,0,0,0,0,0,0,0,0,0,0,0,0,0,0,0,0,0,0
2313,2,0,0,0,0,0,0,0,0,0,0,0,0,0,0,0,0,0,0,0,0,0,0,0,0,0,0,0,0,0,0,0,0,0,0,0,0,0,0,0,0,0,0,0,0,0,0,0,0,0,0,0,0,0,0,0,0,0,0,0,0,0,0,0,0
2314,2,0,0,0,0,0,0,0,0,0,0,0,0,0,0,0,0,0,0,0,0,0,0,0,0,0,0,0,0,0,0,0,0,0,0,0,0,0,0,0,0,0,0,0,0,0,0,0,0,0,0,0,0,0,0,0,0,0,0,0,0,0,0,0,0
2315,2,0,0,0,0,0,0,0,0,0,0,0,0,0,0,0,0,0,0,0,0,0,0,0,0,0,0,0,0,0,0,0,0,0,0,0,0,0,0,0,0,0,0,0,0,0,0,0,0,0,0,0,0,0,0,0,0,0,0,0,0,0,0,0,0
2316,2,0,0,0,0,0,0,0,0,0,0,0,0,0,0,0,0,0,0,0,0,0,0,0,0,0,0,0,0,0,0,0,0,0,0,0,0,0,0,0,0,0,0,0,0,0,0,0,0,0,0,0,0,0,0,0,0,0,0,0,0,0,0,0,0
2317,2,0,0,0,0,0,0,0,0,0,0,0,0,0,0,0,0,0,0,0,0,0,0,0,0,0,0,0,0,0,0,0,0,0,0,0,0,0,0,0,0,0,0,0,0,0,0,0,0,0,0,0,0,0,0,0,0,0,0,0,0,0,0,0,0
2318,2,0,0,0,0,0,0,0,0,0,0,0,0,0,0,0,0,0,0,0,0,0,0,0,0,0,0,0,0,0,0,0,0,0,0,0,0,0,0,0,0,0,0,0,0,0,0,0,0,0,0,0,0,0,0,0,0,0,0,0,0,0,0,0,0
2319,2,0,0,0,0,0,0,0,0,0,0,0,0,0,0,0,0,0,0,0,0,0,0,0,0,0,0,0,0,0,0,0,0,0,0,0,0,0,0,0,0,0,0,0,0,0,0,0,0,0,0,0,0,0,0,0,0,0,0,0,0,0,0,0,0
2320,2,0,0,0,0,0,0,0,0,0,0,0,0,0,0,0,0,0,0,0,0,0,0,0,0,0,0,0,0,0,0,0,0,0,0,0,0,0,0,0,0,0,0,0,0,0,0,0,0,0,0,0,0,0,0,0,0,0,0,0,0,0,0,0,0
2321,2,0,0,0,0,0,0,0,0,0,0,0,0,0,0,0,0,0,0,0,0,0,0,0,0,0,0,0,0,0,0,0,0,0,0,0,0,0,0,0,0,0,0,0,0,0,0,0,0,0,0,0,0,0,0,0,0,0,0,0,0,0,0,0,0
2322,2,0,0,0,0,0,0,0,0,0,0,0,0,0,0,0,0,0,0,0,0,0,0,0,0,0,0,0,0,0,0,0,0,0,0,0,0,0,0,0,0,0,0,0,0,0,0,0,0,0,0,0,0,0,0,0,0,0,0,0,0,0,0,0,0
2323,2,0,0,0,0,0,0,0,0,0,0,0,0,0,0,0,0,0,0,0,0,0,0,0,0,0,0,0,0,0,0,0,0,0,0,0,0,0,0,0,0,0,0,0,0,0,0,0,0,0,0,0,0,0,0,0,0,0,0,0,0,0,0,0,0
2324,2,0,0,0,0,0,0,0,0,0,0,0,0,0,0,0,0,0,0,0,0,0,0,0,0,0,0,0,0,0,0,0,0,0,0,0,0,0,0,0,0,0,0,0,0,0,0,0,0,0,0,0,0,0,0,0,0,0,0,0,0,0,0,0,0
2325,2,0,0,0,0,0,0,0,0,0,0,0,0,0,0,0,0,0,0,0,0,0,0,0,0,0,0,0,0,0,0,0,0,0,0,0,0,0,0,0,0,0,0,0,0,0,0,0,0,0,0,0,0,0,0,0,0,0,0,0,0,0,0,0,0
2326,2,0,0,0,0,0,0,0,0,0,0,0,0,0,0,0,0,0,0,0,0,0,0,0,0,0,0,0,0,0,0,0,0,0,0,0,0,0,0,0,0,0,0,0,0,0,0,0,0,0,0,0,0,0,0,0,0,0,0,0,0,0,0,0,0
2327,2,0,0,0,0,0,0,0,0,0,0,0,0,0,0,0,0,0,0,0,0,0,0,0,0,0,0,0,0,0,0,0,0,0,0,0,0,0,0,0,0,0,0,0,0,0,0,0,0,0,0,0,0,0,0,0,0,0,0,0,0,0,0,0,0
2328,2,0,0,0,0,0,0,0,0,0,0,0,0,0,0,0,0,0,0,0,0,0,0,0,0,0,0,0,0,0,0,0,0,0,0,0,0,0,0,0,0,0,0,0,0,0,0,0,0,0,0,0,0,0,0,0,0,0,0,0,0,0,0,0,0
2329,2,0,0,0,0,0,0,0,0,0,0,0,0,0,0,0,0,0,0,0,0,0,0,0,0,0,0,0,0,0,0,0,0,0,0,0,0,0,0,0,0,0,0,0,0,0,0,0,0,0,0,0,0,0,0,0,0,0,0,0,0,0,0,0,0
2330,2,0,0,0,0,0,0,0,0,0,0,0,0,0,0,0,0,0,0,0,0,0,0,0,0,0,0,0,0,0,0,0,0,0,0,0,0,0,0,0,0,0,0,0,0,0,0,0,0,0,0,0,0,0,0,0,0,0,0,0,0,0,0,0,0
2331,2,0,0,0,0,0,0,0,0,0,0,0,0,0,0,0,0,0,0,0,0,0,0,0,0,0,0,0,0,0,0,0,0,0,0,0,0,0,0,0,0,0,0,0,0,0,0,0,0,0,0,0,0,0,0,0,0,0,0,0,0,0,0,0,0
2332,2,0,0,0,0,0,0,0,0,0,0,0,0,0,0,0,0,0,0,0,0,0,0,0,0,0,0,0,0,0,0,0,0,0,0,0,0,0,0,0,0,0,0,0,0,0,0,0,0,0,0,0,0,0,0,0,0,0,0,0,0,0,0,0,0
2333,2,0,0,0,0,0,0,0,0,0,0,0,0,0,0,0,0,0,0,0,0,0,0,0,0,0,0,0,0,0,0,0,0,0,0,0,0,0,0,0,0,0,0,0,0,0,0,0,0,0,0,0,0,0,0,0,0,0,0,0,0,0,0,0,0
2334,2,0,0,0,0,0,0,0,0,0,0,0,0,0,0,0,0,0,0,0,0,0,0,0,0,0,0,0,0,0,0,0,0,0,0,0,0,0,0,0,0,0,0,0,0,0,0,0,0,0,0,0,0,0,0,0,0,0,0,0,0,0,0,0,0
2335,2,0,0,0,0,0,0,0,0,0,0,0,0,0,0,0,0,0,0,0,0,0,0,0,0,0,0,0,0,0,0,0,0,0,0,0,0,0,0,0,0,0,0,0,0,0,0,0,0,0,0,0,0,0,0,0,0,0,0,0,0,0,0,0,0
2336,2,0,0,0,0,0,0,0,0,0,0,0,0,0,0,0,0,0,0,0,0,0,0,0,0,0,0,0,0,0,0,0,0,0,0,0,0,0,0,0,0,0,0,0,0,0,0,0,0,0,0,0,0,0,0,0,0,0,0,0,0,0,0,0,0
2337,2,0,0,0,0,0,0,0,0,0,0,0,0,0,0,0,0,0,0,0,0,0,0,0,0,0,0,0,0,0,0,0,0,0,0,0,0,0,0,0,0,0,0,0,0,0,0,0,0,0,0,0,0,0,0,0,0,0,0,0,0,0,0,0,0
2338,2,0,0,0,0,0,0,0,0,0,0,0,0,0,0,0,0,0,0,0,0,0,0,0,0,0,0,0,0,0,0,0,0,0,0,0,0,0,0,0,0,0,0,0,0,0,0,0,0,0,0,0,0,0,0,0,0,0,0,0,0,0,0,0,0
2339,2,0,0,0,0,0,0,0,0,0,0,0,0,0,0,0,0,0,0,0,0,0,0,0,0,0,0,0,0,0,0,0,0,0,0,0,0,0,0,0,0,0,0,0,0,0,0,0,0,0,0,0,0,0,0,0,0,0,0,0,0,0,0,0,0
2340,2,0,0,0,0,0,0,0,0,0,0,0,0,0,0,0,0,0,0,0,0,0,0,0,0,0,0,0,0,0,0,0,0,0,0,0,0,0,0,0,0,0,0,0,0,0,0,0,0,0,0,0,0,0,0,0,0,0,0,0,0,0,0,0,0
2341,2,0,0,0,0,0,0,0,0,0,0,0,0,0,0,0,0,0,0,0,0,0,0,0,0,0,0,0,0,0,0,0,0,0,0,0,0,0,0,0,0,0,0,0,0,0,0,0,0,0,0,0,0,0,0,0,0,0,0,0,0,0,0,0,0
2342,2,0,0,0,0,0,0,0,0,0,0,0,0,0,0,0,0,0,0,0,0,0,0,0,0,0,0,0,0,0,0,0,0,0,0,0,0,0,0,0,0,0,0,0,0,0,0,0,0,0,0,0,0,0,0,0,0,0,0,0,0,0,0,0,0
2343,2,0,0,0,0,0,0,0,0,0,0,0,0,0,0,0,0,0,0,0,0,0,0,0,0,0,0,0,0,0,0,0,0,0,0,0,0,0,0,0,0,0,0,0,0,0,0,0,0,0,0,0,0,0,0,0,0,0,0,0,0,0,0,0,0
2344,2,0,0,0,0,0,0,0,0,0,0,0,0,0,0,0,0,0,0,0,0,0,0,0,0,0,0,0,0,0,0,0,0,0,0,0,0,0,0,0,0,0,0,0,0,0,0,0,0,0,0,0,0,0,0,0,0,0,0,0,0,0,0,0,0
2345,2,0,0,0,0,0,0,0,0,0,0,0,0,0,0,0,0,0,0,0,0,0,0,0,0,0,0,0,0,0,0,0,0,0,0,0,0,0,0,0,0,0,0,0,0,0,0,0,0,0,0,0,0,0,0,0,0,0,0,0,0,0,0,0,0
2346,2,0,0,0,0,0,0,0,0,0,0,0,0,0,0,0,0,0,0,0,0,0,0,0,0,0,0,0,0,0,0,0,0,0,0,0,0,0,0,0,0,0,0,0,0,0,0,0,0,0,0,0,0,0,0,0,0,0,0,0,0,0,0,0,0
2347,2,0,0,0,0,0,0,0,0,0,0,0,0,0,0,0,0,0,0,0,0,0,0,0,0,0,0,0,0,0,0,0,0,0,0,0,0,0,0,0,0,0,0,0,0,0,0,0,0,0,0,0,0,0,0,0,0,0,0,0,0,0,0,0,0
2348,2,0,0,0,0,0,0,0,0,0,0,0,0,0,0,0,0,0,0,0,0,0,0,0,0,0,0,0,0,0,0,0,0,0,0,0,0,0,0,0,0,0,0,0,0,0,0,0,0,0,0,0,0,0,0,0,0,0,0,0,0,0,0,0,0
2349,2,0,0,0,0,0,0,0,0,0,0,0,0,0,0,0,0,0,0,0,0,0,0,0,0,0,0,0,0,0,0,0,0,0,0,0,0,0,0,0,0,0,0,0,0,0,0,0,0,0,0,0,0,0,0,0,0,0,0,0,0,0,0,0,0
2350,2,0,0,0,0,0,0,0,0,0,0,0,0,0,0,0,0,0,0,0,0,0,0,0,0,0,0,0,0,0,0,0,0,0,0,0,0,0,0,0,0,0,0,0,0,0,0,0,0,0,0,0,0,0,0,0,0,0,0,0,0,0,0,0,0
2351,2,0,0,0,0,0,0,0,0,0,0,0,0,0,0,0,0,0,0,0,0,0,0,0,0,0,0,0,0,0,0,0,0,0,0,0,0,0,0,0,0,0,0,0,0,0,0,0,0,0,0,0,0,0,0,0,0,0,0,0,0,0,0,0,0
2352,2,0,0,0,0,0,0,0,0,0,0,0,0,0,0,0,0,0,0,0,0,0,0,0,0,0,0,0,0,0,0,0,0,0,0,0,0,0,0,0,0,0,0,0,0,0,0,0,0,0,0,0,0,0,0,0,0,0,0,0,0,0,0,0,0
2353,2,0,0,0,0,0,0,0,0,0,0,0,0,0,0,0,0,0,0,0,0,0,0,0,0,0,0,0,0,0,0,0,0,0,0,0,0,0,0,0,0,0,0,0,0,0,0,0,0,0,0,0,0,0,0,0,0,0,0,0,0,0,0,0,0
2354,2,0,0,0,0,0,0,0,0,0,0,0,0,0,0,0,0,0,0,0,0,0,0,0,0,0,0,0,0,0,0,0,0,0,0,0,0,0,0,0,0,0,0,0,0,0,0,0,0,0,0,0,0,0,0,0,0,0,0,0,0,0,0,0,0
2355,2,0,0,0,0,0,0,0,0,0,0,0,0,0,0,0,0,0,0,0,0,0,0,0,0,0,0,0,0,0,0,0,0,0,0,0,0,0,0,0,0,0,0,0,0,0,0,0,0,0,0,0,0,0,0,0,0,0,0,0,0,0,0,0,0
2356,2,0,0,0,0,0,0,0,0,0,0,0,0,0,0,0,0,0,0,0,0,0,0,0,0,0,0,0,0,0,0,0,0,0,0,0,0,0,0,0,0,0,0,0,0,0,0,0,0,0,0,0,0,0,0,0,0,0,0,0,0,0,0,0,0
2357,2,0,0,0,0,0,0,0,0,0,0,0,0,0,0,0,0,0,0,0,0,0,0,0,0,0,0,0,0,0,0,0,0,0,0,0,0,0,0,0,0,0,0,0,0,0,0,0,0,0,0,0,0,0,0,0,0,0,0,0,0,0,0,0,0
2358,2,0,0,0,0,0,0,0,0,0,0,0,0,0,0,0,0,0,0,0,0,0,0,0,0,0,0,0,0,0,0,0,0,0,0,0,0,0,0,0,0,0,0,0,0,0,0,0,0,0,0,0,0,0,0,0,0,0,0,0,0,0,0,0,0
2359,2,0,0,0,0,0,0,0,0,0,0,0,0,0,0,0,0,0,0,0,0,0,0,0,0,0,0,0,0,0,0,0,0,0,0,0,0,0,0,0,0,0,0,0,0,0,0,0,0,0,0,0,0,0,0,0,0,0,0,0,0,0,0,0,0
2360,2,0,0,0,0,0,0,0,0,0,0,0,0,0,0,0,0,0,0,0,0,0,0,0,0,0,0,0,0,0,0,0,0,0,0,0,0,0,0,0,0,0,0,0,0,0,0,0,0,0,0,0,0,0,0,0,0,0,0,0,0,0,0,0,0
2361,2,0,0,0,0,0,0,0,0,0,0,0,0,0,0,0,0,0,0,0,0,0,0,0,0,0,0,0,0,0,0,0,0,0,0,0,0,0,0,0,0,0,0,0,0,0,0,0,0,0,0,0,0,0,0,0,0,0,0,0,0,0,0,0,0
2362,2,0,0,0,0,0,0,0,0,0,0,0,0,0,0,0,0,0,0,0,0,0,0,0,0,0,0,0,0,0,0,0,0,0,0,0,0,0,0,0,0,0,0,0,0,0,0,0,0,0,0,0,0,0,0,0,0,0,0,0,0,0,0,0,0
2363,2,0,0,0,0,0,0,0,0,0,0,0,0,0,0,0,0,0,0,0,0,0,0,0,0,0,0,0,0,0,0,0,0,0,0,0,0,0,0,0,0,0,0,0,0,0,0,0,0,0,0,0,0,0,0,0,0,0,0,0,0,0,0,0,0
2364,2,0,0,0,0,0,0,0,0,0,0,0,0,0,0,0,0,0,0,0,0,0,0,0,0,0,0,0,0,0,0,0,0,0,0,0,0,0,0,0,0,0,0,0,0,0,0,0,0,0,0,0,0,0,0,0,0,0,0,0,0,0,0,0,0
2365,2,0,0,0,0,0,0,0,0,0,0,0,0,0,0,0,0,0,0,0,0,0,0,0,0,0,0,0,0,0,0,0,0,0,0,0,0,0,0,0,0,0,0,0,0,0,0,0,0,0,0,0,0,0,0,0,0,0,0,0,0,0,0,0,0
2366,2,0,0,0,0,0,0,0,0,0,0,0,0,0,0,0,0,0,0,0,0,0,0,0,0,0,0,0,0,0,0,0,0,0,0,0,0,0,0,0,0,0,0,0,0,0,0,0,0,0,0,0,0,0,0,0,0,0,0,0,0,0,0,0,0
2367,2,0,0,0,0,0,0,0,0,0,0,0,0,0,0,0,0,0,0,0,0,0,0,0,0,0,0,0,0,0,0,0,0,0,0,0,0,0,0,0,0,0,0,0,0,0,0,0,0,0,0,0,0,0,0,0,0,0,0,0,0,0,0,0,0
2368,2,0,0,0,0,0,0,0,0,0,0,0,0,0,0,0,0,0,0,0,0,0,0,0,0,0,0,0,0,0,0,0,0,0,0,0,0,0,0,0,0,0,0,0,0,0,0,0,0,0,0,0,0,0,0,0,0,0,0,0,0,0,0,0,0
2369,2,0,0,0,0,0,0,0,0,0,0,0,0,0,0,0,0,0,0,0,0,0,0,0,0,0,0,0,0,0,0,0,0,0,0,0,0,0,0,0,0,0,0,0,0,0,0,0,0,0,0,0,0,0,0,0,0,0,0,0,0,0,0,0,0
2370,2,0,0,0,0,0,0,0,0,0,0,0,0,0,0,0,0,0,0,0,0,0,0,0,0,0,0,0,0,0,0,0,0,0,0,0,0,0,0,0,0,0,0,0,0,0,0,0,0,0,0,0,0,0,0,0,0,0,0,0,0,0,0,0,0
2371,2,0,0,0,0,0,0,0,0,0,0,0,0,0,0,0,0,0,0,0,0,0,0,0,0,0,0,0,0,0,0,0,0,0,0,0,0,0,0,0,0,0,0,0,0,0,0,0,0,0,0,0,0,0,0,0,0,0,0,0,0,0,0,0,0
2372,2,0,0,0,0,0,0,0,0,0,0,0,0,0,0,0,0,0,0,0,0,0,0,0,0,0,0,0,0,0,0,0,0,0,0,0,0,0,0,0,0,0,0,0,0,0,0,0,0,0,0,0,0,0,0,0,0,0,0,0,0,0,0,0,0
2373,2,0,0,0,0,0,0,0,0,0,0,0,0,0,0,0,0,0,0,0,0,0,0,0,0,0,0,0,0,0,0,0,0,0,0,0,0,0,0,0,0,0,0,0,0,0,0,0,0,0,0,0,0,0,0,0,0,0,0,0,0,0,0,0,0
2374,2,0,0,0,0,0,0,0,0,0,0,0,0,0,0,0,0,0,0,0,0,0,0,0,0,0,0,0,0,0,0,0,0,0,0,0,0,0,0,0,0,0,0,0,0,0,0,0,0,0,0,0,0,0,0,0,0,0,0,0,0,0,0,0,0
2375,2,0,0,0,0,0,0,0,0,0,0,0,0,0,0,0,0,0,0,0,0,0,0,0,0,0,0,0,0,0,0,0,0,0,0,0,0,0,0,0,0,0,0,0,0,0,0,0,0,0,0,0,0,0,0,0,0,0,0,0,0,0,0,0,0
2376,2,0,0,0,0,0,0,0,0,0,0,0,0,0,0,0,0,0,0,0,0,0,0,0,0,0,0,0,0,0,0,0,0,0,0,0,0,0,0,0,0,0,0,0,0,0,0,0,0,0,0,0,0,0,0,0,0,0,0,0,0,0,0,0,0
2377,2,0,0,0,0,0,0,0,0,0,0,0,0,0,0,0,0,0,0,0,0,0,0,0,0,0,0,0,0,0,0,0,0,0,0,0,0,0,0,0,0,0,0,0,0,0,0,0,0,0,0,0,0,0,0,0,0,0,0,0,0,0,0,0,0
2378,2,0,0,0,0,0,0,0,0,0,0,0,0,0,0,0,0,0,0,0,0,0,0,0,0,0,0,0,0,0,0,0,0,0,0,0,0,0,0,0,0,0,0,0,0,0,0,0,0,0,0,0,0,0,0,0,0,0,0,0,0,0,0,0,0
2379,2,0,0,0,0,0,0,0,0,0,0,0,0,0,0,0,0,0,0,0,0,0,0,0,0,0,0,0,0,0,0,0,0,0,0,0,0,0,0,0,0,0,0,0,0,0,0,0,0,0,0,0,0,0,0,0,0,0,0,0,0,0,0,0,0
2380,2,0,0,0,0,0,0,0,0,0,0,0,0,0,0,0,0,0,0,0,0,0,0,0,0,0,0,0,0,0,0,0,0,0,0,0,0,0,0,0,0,0,0,0,0,0,0,0,0,0,0,0,0,0,0,0,0,0,0,0,0,0,0,0,0
2381,2,0,0,0,0,0,0,0,0,0,0,0,0,0,0,0,0,0,0,0,0,0,0,0,0,0,0,0,0,0,0,0,0,0,0,0,0,0,0,0,0,0,0,0,0,0,0,0,0,0,0,0,0,0,0,0,0,0,0,0,0,0,0,0,0
2382,2,0,0,0,0,0,0,0,0,0,0,0,0,0,0,0,0,0,0,0,0,0,0,0,0,0,0,0,0,0,0,0,0,0,0,0,0,0,0,0,0,0,0,0,0,0,0,0,0,0,0,0,0,0,0,0,0,0,0,0,0,0,0,0,0
2383,2,0,0,0,0,0,0,0,0,0,0,0,0,0,0,0,0,0,0,0,0,0,0,0,0,0,0,0,0,0,0,0,0,0,0,0,0,0,0,0,0,0,0,0,0,0,0,0,0,0,0,0,0,0,0,0,0,0,0,0,0,0,0,0,0
2384,2,0,0,0,0,0,0,0,0,0,0,0,0,0,0,0,0,0,0,0,0,0,0,0,0,0,0,0,0,0,0,0,0,0,0,0,0,0,0,0,0,0,0,0,0,0,0,0,0,0,0,0,0,0,0,0,0,0,0,0,0,0,0,0,0
2385,2,0,0,0,0,0,0,0,0,0,0,0,0,0,0,0,0,0,0,0,0,0,0,0,0,0,0,0,0,0,0,0,0,0,0,0,0,0,0,0,0,0,0,0,0,0,0,0,0,0,0,0,0,0,0,0,0,0,0,0,0,0,0,0,0
2386,2,0,0,0,0,0,0,0,0,0,0,0,0,0,0,0,0,0,0,0,0,0,0,0,0,0,0,0,0,0,0,0,0,0,0,0,0,0,0,0,0,0,0,0,0,0,0,0,0,0,0,0,0,0,0,0,0,0,0,0,0,0,0,0,0
2387,2,0,0,0,0,0,0,0,0,0,0,0,0,0,0,0,0,0,0,0,0,0,0,0,0,0,0,0,0,0,0,0,0,0,0,0,0,0,0,0,0,0,0,0,0,0,0,0,0,0,0,0,0,0,0,0,0,0,0,0,0,0,0,0,0
2388,2,0,0,0,0,0,0,0,0,0,0,0,0,0,0,0,0,0,0,0,0,0,0,0,0,0,0,0,0,0,0,0,0,0,0,0,0,0,0,0,0,0,0,0,0,0,0,0,0,0,0,0,0,0,0,0,0,0,0,0,0,0,0,0,0
2389,2,0,0,0,0,0,0,0,0,0,0,0,0,0,0,0,0,0,0,0,0,0,0,0,0,0,0,0,0,0,0,0,0,0,0,0,0,0,0,0,0,0,0,0,0,0,0,0,0,0,0,0,0,0,0,0,0,0,0,0,0,0,0,0,0
2390,2,0,0,0,0,0,0,0,0,0,0,0,0,0,0,0,0,0,0,0,0,0,0,0,0,0,0,0,0,0,0,0,0,0,0,0,0,0,0,0,0,0,0,0,0,0,0,0,0,0,0,0,0,0,0,0,0,0,0,0,0,0,0,0,0
2391,2,0,0,0,0,0,0,0,0,0,0,0,0,0,0,0,0,0,0,0,0,0,0,0,0,0,0,0,0,0,0,0,0,0,0,0,0,0,0,0,0,0,0,0,0,0,0,0,0,0,0,0,0,0,0,0,0,0,0,0,0,0,0,0,0
2392,2,0,0,0,0,0,0,0,0,0,0,0,0,0,0,0,0,0,0,0,0,0,0,0,0,0,0,0,0,0,0,0,0,0,0,0,0,0,0,0,0,0,0,0,0,0,0,0,0,0,0,0,0,0,0,0,0,0,0,0,0,0,0,0,0
2393,2,0,0,0,0,0,0,0,0,0,0,0,0,0,0,0,0,0,0,0,0,0,0,0,0,0,0,0,0,0,0,0,0,0,0,0,0,0,0,0,0,0,0,0,0,0,0,0,0,0,0,0,0,0,0,0,0,0,0,0,0,0,0,0,0
2394,2,0,0,0,0,0,0,0,0,0,0,0,0,0,0,0,0,0,0,0,0,0,0,0,0,0,0,0,0,0,0,0,0,0,0,0,0,0,0,0,0,0,0,0,0,0,0,0,0,0,0,0,0,0,0,0,0,0,0,0,0,0,0,0,0
2395,2,0,0,0,0,0,0,0,0,0,0,0,0,0,0,0,0,0,0,0,0,0,0,0,0,0,0,0,0,0,0,0,0,0,0,0,0,0,0,0,0,0,0,0,0,0,0,0,0,0,0,0,0,0,0,0,0,0,0,0,0,0,0,0,0
2396,2,0,0,0,0,0,0,0,0,0,0,0,0,0,0,0,0,0,0,0,0,0,0,0,0,0,0,0,0,0,0,0,0,0,0,0,0,0,0,0,0,0,0,0,0,0,0,0,0,0,0,0,0,0,0,0,0,0,0,0,0,0,0,0,0
2397,2,0,0,0,0,0,0,0,0,0,0,0,0,0,0,0,0,0,0,0,0,0,0,0,0,0,0,0,0,0,0,0,0,0,0,0,0,0,0,0,0,0,0,0,0,0,0,0,0,0,0,0,0,0,0,0,0,0,0,0,0,0,0,0,0
2398,2,0,0,0,0,0,0,0,0,0,0,0,0,0,0,0,0,0,0,0,0,0,0,0,0,0,0,0,0,0,0,0,0,0,0,0,0,0,0,0,0,0,0,0,0,0,0,0,0,0,0,0,0,0,0,0,0,0,0,0,0,0,0,0,0
2399,2,0,0,0,0,0,0,0,0,0,0,0,0,0,0,0,0,0,0,0,0,0,0,0,0,0,0,0,0,0,0,0,0,0,0,0,0,0,0,0,0,0,0,0,0,0,0,0,0,0,0,0,0,0,0,0,0,0,0,0,0,0,0,0,0
2400,2,0,0,0,0,0,0,0,0,0,0,0,0,0,0,0,0,0,0,0,0,0,0,0,0,0,0,0,0,0,0,0,0,0,0,0,0,0,0,0,0,0,0,0,0,0,0,0,0,0,0,0,0,0,0,0,0,0,0,0,0,0,0,0,0
2401,2,0,0,0,0,0,0,0,0,0,0,0,0,0,0,0,0,0,0,0,0,0,0,0,0,0,0,0,0,0,0,0,0,0,0,0,0,0,0,0,0,0,0,0,0,0,0,0,0,0,0,0,0,0,0,0,0,0,0,0,0,0,0,0,0
2402,2,0,0,0,0,0,0,0,0,0,0,0,0,0,0,0,0,0,0,0,0,0,0,0,0,0,0,0,0,0,0,0,0,0,0,0,0,0,0,0,0,0,0,0,0,0,0,0,0,0,0,0,0,0,0,0,0,0,0,0,0,0,0,0,0
2403,2,0,0,0,0,0,0,0,0,0,0,0,0,0,0,0,0,0,0,0,0,0,0,0,0,0,0,0,0,0,0,0,0,0,0,0,0,0,0,0,0,0,0,0,0,0,0,0,0,0,0,0,0,0,0,0,0,0,0,0,0,0,0,0,0
2404,2,0,0,0,0,0,0,0,0,0,0,0,0,0,0,0,0,0,0,0,0,0,0,0,0,0,0,0,0,0,0,0,0,0,0,0,0,0,0,0,0,0,0,0,0,0,0,0,0,0,0,0,0,0,0,0,0,0,0,0,0,0,0,0,0
2405,2,0,0,0,0,0,0,0,0,0,0,0,0,0,0,0,0,0,0,0,0,0,0,0,0,0,0,0,0,0,0,0,0,0,0,0,0,0,0,0,0,0,0,0,0,0,0,0,0,0,0,0,0,0,0,0,0,0,0,0,0,0,0,0,0
2406,2,0,0,0,0,0,0,0,0,0,0,0,0,0,0,0,0,0,0,0,0,0,0,0,0,0,0,0,0,0,0,0,0,0,0,0,0,0,0,0,0,0,0,0,0,0,0,0,0,0,0,0,0,0,0,0,0,0,0,0,0,0,0,0,0
2407,2,0,0,0,0,0,0,0,0,0,0,0,0,0,0,0,0,0,0,0,0,0,0,0,0,0,0,0,0,0,0,0,0,0,0,0,0,0,0,0,0,0,0,0,0,0,0,0,0,0,0,0,0,0,0,0,0,0,0,0,0,0,0,0,0
2408,2,0,0,0,0,0,0,0,0,0,0,0,0,0,0,0,0,0,0,0,0,0,0,0,0,0,0,0,0,0,0,0,0,0,0,0,0,0,0,0,0,0,0,0,0,0,0,0,0,0,0,0,0,0,0,0,0,0,0,0,0,0,0,0,0
2409,2,0,0,0,0,0,0,0,0,0,0,0,0,0,0,0,0,0,0,0,0,0,0,0,0,0,0,0,0,0,0,0,0,0,0,0,0,0,0,0,0,0,0,0,0,0,0,0,0,0,0,0,0,0,0,0,0,0,0,0,0,0,0,0,0
2410,2,0,0,0,0,0,0,0,0,0,0,0,0,0,0,0,0,0,0,0,0,0,0,0,0,0,0,0,0,0,0,0,0,0,0,0,0,0,0,0,0,0,0,0,0,0,0,0,0,0,0,0,0,0,0,0,0,0,0,0,0,0,0,0,0
2411,2,0,0,0,0,0,0,0,0,0,0,0,0,0,0,0,0,0,0,0,0,0,0,0,0,0,0,0,0,0,0,0,0,0,0,0,0,0,0,0,0,0,0,0,0,0,0,0,0,0,0,0,0,0,0,0,0,0,0,0,0,0,0,0,0
2412,2,0,0,0,0,0,0,0,0,0,0,0,0,0,0,0,0,0,0,0,0,0,0,0,0,0,0,0,0,0,0,0,0,0,0,0,0,0,0,0,0,0,0,0,0,0,0,0,0,0,0,0,0,0,0,0,0,0,0,0,0,0,0,0,0
2413,2,0,0,0,0,0,0,0,0,0,0,0,0,0,0,0,0,0,0,0,0,0,0,0,0,0,0,0,0,0,0,0,0,0,0,0,0,0,0,0,0,0,0,0,0,0,0,0,0,0,0,0,0,0,0,0,0,0,0,0,0,0,0,0,0
2414,2,0,0,0,0,0,0,0,0,0,0,0,0,0,0,0,0,0,0,0,0,0,0,0,0,0,0,0,0,0,0,0,0,0,0,0,0,0,0,0,0,0,0,0,0,0,0,0,0,0,0,0,0,0,0,0,0,0,0,0,0,0,0,0,0
2415,2,0,0,0,0,0,0,0,0,0,0,0,0,0,0,0,0,0,0,0,0,0,0,0,0,0,0,0,0,0,0,0,0,0,0,0,0,0,0,0,0,0,0,0,0,0,0,0,0,0,0,0,0,0,0,0,0,0,0,0,0,0,0,0,0
2416,2,0,0,0,0,0,0,0,0,0,0,0,0,0,0,0,0,0,0,0,0,0,0,0,0,0,0,0,0,0,0,0,0,0,0,0,0,0,0,0,0,0,0,0,0,0,0,0,0,0,0,0,0,0,0,0,0,0,0,0,0,0,0,0,0
2417,2,0,0,0,0,0,0,0,0,0,0,0,0,0,0,0,0,0,0,0,0,0,0,0,0,0,0,0,0,0,0,0,0,0,0,0,0,0,0,0,0,0,0,0,0,0,0,0,0,0,0,0,0,0,0,0,0,0,0,0,0,0,0,0,0
2418,2,0,0,0,0,0,0,0,0,0,0,0,0,0,0,0,0,0,0,0,0,0,0,0,0,0,0,0,0,0,0,0,0,0,0,0,0,0,0,0,0,0,0,0,0,0,0,0,0,0,0,0,0,0,0,0,0,0,0,0,0,0,0,0,0
2419,2,0,0,0,0,0,0,0,0,0,0,0,0,0,0,0,0,0,0,0,0,0,0,0,0,0,0,0,0,0,0,0,0,0,0,0,0,0,0,0,0,0,0,0,0,0,0,0,0,0,0,0,0,0,0,0,0,0,0,0,0,0,0,0,0
2420,2,0,0,0,0,0,0,0,0,0,0,0,0,0,0,0,0,0,0,0,0,0,0,0,0,0,0,0,0,0,0,0,0,0,0,0,0,0,0,0,0,0,0,0,0,0,0,0,0,0,0,0,0,0,0,0,0,0,0,0,0,0,0,0,0
2421,2,0,0,0,0,0,0,0,0,0,0,0,0,0,0,0,0,0,0,0,0,0,0,0,0,0,0,0,0,0,0,0,0,0,0,0,0,0,0,0,0,0,0,0,0,0,0,0,0,0,0,0,0,0,0,0,0,0,0,0,0,0,0,0,0
2422,2,0,0,0,0,0,0,0,0,0,0,0,0,0,0,0,0,0,0,0,0,0,0,0,0,0,0,0,0,0,0,0,0,0,0,0,0,0,0,0,0,0,0,0,0,0,0,0,0,0,0,0,0,0,0,0,0,0,0,0,0,0,0,0,0
2423,2,0,0,0,0,0,0,0,0,0,0,0,0,0,0,0,0,0,0,0,0,0,0,0,0,0,0,0,0,0,0,0,0,0,0,0,0,0,0,0,0,0,0,0,0,0,0,0,0,0,0,0,0,0,0,0,0,0,0,0,0,0,0,0,0
2424,2,0,0,0,0,0,0,0,0,0,0,0,0,0,0,0,0,0,0,0,0,0,0,0,0,0,0,0,0,0,0,0,0,0,0,0,0,0,0,0,0,0,0,0,0,0,0,0,0,0,0,0,0,0,0,0,0,0,0,0,0,0,0,0,0
2425,2,0,0,0,0,0,0,0,0,0,0,0,0,0,0,0,0,0,0,0,0,0,0,0,0,0,0,0,0,0,0,0,0,0,0,0,0,0,0,0,0,0,0,0,0,0,0,0,0,0,0,0,0,0,0,0,0,0,0,0,0,0,0,0,0
2426,2,0,0,0,0,0,0,0,0,0,0,0,0,0,0,0,0,0,0,0,0,0,0,0,0,0,0,0,0,0,0,0,0,0,0,0,0,0,0,0,0,0,0,0,0,0,0,0,0,0,0,0,0,0,0,0,0,0,0,0,0,0,0,0,0
2427,2,0,0,0,0,0,0,0,0,0,0,0,0,0,0,0,0,0,0,0,0,0,0,0,0,0,0,0,0,0,0,0,0,0,0,0,0,0,0,0,0,0,0,0,0,0,0,0,0,0,0,0,0,0,0,0,0,0,0,0,0,0,0,0,0
2428,2,0,0,0,0,0,0,0,0,0,0,0,0,0,0,0,0,0,0,0,0,0,0,0,0,0,0,0,0,0,0,0,0,0,0,0,0,0,0,0,0,0,0,0,0,0,0,0,0,0,0,0,0,0,0,0,0,0,0,0,0,0,0,0,0
2429,2,0,0,0,0,0,0,0,0,0,0,0,0,0,0,0,0,0,0,0,0,0,0,0,0,0,0,0,0,0,0,0,0,0,0,0,0,0,0,0,0,0,0,0,0,0,0,0,0,0,0,0,0,0,0,0,0,0,0,0,0,0,0,0,0
2430,2,0,0,0,0,0,0,0,0,0,0,0,0,0,0,0,0,0,0,0,0,0,0,0,0,0,0,0,0,0,0,0,0,0,0,0,0,0,0,0,0,0,0,0,0,0,0,0,0,0,0,0,0,0,0,0,0,0,0,0,0,0,0,0,0
2431,2,0,0,0,0,0,0,0,0,0,0,0,0,0,0,0,0,0,0,0,0,0,0,0,0,0,0,0,0,0,0,0,0,0,0,0,0,0,0,0,0,0,0,0,0,0,0,0,0,0,0,0,0,0,0,0,0,0,0,0,0,0,0,0,0
2432,2,0,0,0,0,0,0,0,0,0,0,0,0,0,0,0,0,0,0,0,0,0,0,0,0,0,0,0,0,0,0,0,0,0,0,0,0,0,0,0,0,0,0,0,0,0,0,0,0,0,0,0,0,0,0,0,0,0,0,0,0,0,0,0,0
2433,2,0,0,0,0,0,0,0,0,0,0,0,0,0,0,0,0,0,0,0,0,0,0,0,0,0,0,0,0,0,0,0,0,0,0,0,0,0,0,0,0,0,0,0,0,0,0,0,0,0,0,0,0,0,0,0,0,0,0,0,0,0,0,0,0
2434,2,0,0,0,0,0,0,0,0,0,0,0,0,0,0,0,0,0,0,0,0,0,0,0,0,0,0,0,0,0,0,0,0,0,0,0,0,0,0,0,0,0,0,0,0,0,0,0,0,0,0,0,0,0,0,0,0,0,0,0,0,0,0,0,0
2435,2,0,0,0,0,0,0,0,0,0,0,0,0,0,0,0,0,0,0,0,0,0,0,0,0,0,0,0,0,0,0,0,0,0,0,0,0,0,0,0,0,0,0,0,0,0,0,0,0,0,0,0,0,0,0,0,0,0,0,0,0,0,0,0,0
2436,2,0,0,0,0,0,0,0,0,0,0,0,0,0,0,0,0,0,0,0,0,0,0,0,0,0,0,0,0,0,0,0,0,0,0,0,0,0,0,0,0,0,0,0,0,0,0,0,0,0,0,0,0,0,0,0,0,0,0,0,0,0,0,0,0
2437,2,0,0,0,0,0,0,0,0,0,0,0,0,0,0,0,0,0,0,0,0,0,0,0,0,0,0,0,0,0,0,0,0,0,0,0,0,0,0,0,0,0,0,0,0,0,0,0,0,0,0,0,0,0,0,0,0,0,0,0,0,0,0,0,0
2438,2,0,0,0,0,0,0,0,0,0,0,0,0,0,0,0,0,0,0,0,0,0,0,0,0,0,0,0,0,0,0,0,0,0,0,0,0,0,0,0,0,0,0,0,0,0,0,0,0,0,0,0,0,0,0,0,0,0,0,0,0,0,0,0,0
2439,2,0,0,0,0,0,0,0,0,0,0,0,0,0,0,0,0,0,0,0,0,0,0,0,0,0,0,0,0,0,0,0,0,0,0,0,0,0,0,0,0,0,0,0,0,0,0,0,0,0,0,0,0,0,0,0,0,0,0,0,0,0,0,0,0
2440,2,0,0,0,0,0,0,0,0,0,0,0,0,0,0,0,0,0,0,0,0,0,0,0,0,0,0,0,0,0,0,0,0,0,0,0,0,0,0,0,0,0,0,0,0,0,0,0,0,0,0,0,0,0,0,0,0,0,0,0,0,0,0,0,0
2441,2,0,0,0,0,0,0,0,0,0,0,0,0,0,0,0,0,0,0,0,0,0,0,0,0,0,0,0,0,0,0,0,0,0,0,0,0,0,0,0,0,0,0,0,0,0,0,0,0,0,0,0,0,0,0,0,0,0,0,0,0,0,0,0,0
2442,2,0,0,0,0,0,0,0,0,0,0,0,0,0,0,0,0,0,0,0,0,0,0,0,0,0,0,0,0,0,0,0,0,0,0,0,0,0,0,0,0,0,0,0,0,0,0,0,0,0,0,0,0,0,0,0,0,0,0,0,0,0,0,0,0
2443,2,0,0,0,0,0,0,0,0,0,0,0,0,0,0,0,0,0,0,0,0,0,0,0,0,0,0,0,0,0,0,0,0,0,0,0,0,0,0,0,0,0,0,0,0,0,0,0,0,0,0,0,0,0,0,0,0,0,0,0,0,0,0,0,0
2444,2,0,0,0,0,0,0,0,0,0,0,0,0,0,0,0,0,0,0,0,0,0,0,0,0,0,0,0,0,0,0,0,0,0,0,0,0,0,0,0,0,0,0,0,0,0,0,0,0,0,0,0,0,0,0,0,0,0,0,0,0,0,0,0,0
2445,2,0,0,0,0,0,0,0,0,0,0,0,0,0,0,0,0,0,0,0,0,0,0,0,0,0,0,0,0,0,0,0,0,0,0,0,0,0,0,0,0,0,0,0,0,0,0,0,0,0,0,0,0,0,0,0,0,0,0,0,0,0,0,0,0
2446,2,0,0,0,0,0,0,0,0,0,0,0,0,0,0,0,0,0,0,0,0,0,0,0,0,0,0,0,0,0,0,0,0,0,0,0,0,0,0,0,0,0,0,0,0,0,0,0,0,0,0,0,0,0,0,0,0,0,0,0,0,0,0,0,0
2447,2,0,0,0,0,0,0,0,0,0,0,0,0,0,0,0,0,0,0,0,0,0,0,0,0,0,0,0,0,0,0,0,0,0,0,0,0,0,0,0,0,0,0,0,0,0,0,0,0,0,0,0,0,0,0,0,0,0,0,0,0,0,0,0,0
2448,2,0,0,0,0,0,0,0,0,0,0,0,0,0,0,0,0,0,0,0,0,0,0,0,0,0,0,0,0,0,0,0,0,0,0,0,0,0,0,0,0,0,0,0,0,0,0,0,0,0,0,0,0,0,0,0,0,0,0,0,0,0,0,0,0
2449,2,0,0,0,0,0,0,0,0,0,0,0,0,0,0,0,0,0,0,0,0,0,0,0,0,0,0,0,0,0,0,0,0,0,0,0,0,0,0,0,0,0,0,0,0,0,0,0,0,0,0,0,0,0,0,0,0,0,0,0,0,0,0,0,0
2450,2,0,0,0,0,0,0,0,0,0,0,0,0,0,0,0,0,0,0,0,0,0,0,0,0,0,0,0,0,0,0,0,0,0,0,0,0,0,0,0,0,0,0,0,0,0,0,0,0,0,0,0,0,0,0,0,0,0,0,0,0,0,0,0,0
2451,2,0,0,0,0,0,0,0,0,0,0,0,0,0,0,0,0,0,0,0,0,0,0,0,0,0,0,0,0,0,0,0,0,0,0,0,0,0,0,0,0,0,0,0,0,0,0,0,0,0,0,0,0,0,0,0,0,0,0,0,0,0,0,0,0
2452,2,0,0,0,0,0,0,0,0,0,0,0,0,0,0,0,0,0,0,0,0,0,0,0,0,0,0,0,0,0,0,0,0,0,0,0,0,0,0,0,0,0,0,0,0,0,0,0,0,0,0,0,0,0,0,0,0,0,0,0,0,0,0,0,0
2453,2,0,0,0,0,0,0,0,0,0,0,0,0,0,0,0,0,0,0,0,0,0,0,0,0,0,0,0,0,0,0,0,0,0,0,0,0,0,0,0,0,0,0,0,0,0,0,0,0,0,0,0,0,0,0,0,0,0,0,0,0,0,0,0,0
2454,2,0,0,0,0,0,0,0,0,0,0,0,0,0,0,0,0,0,0,0,0,0,0,0,0,0,0,0,0,0,0,0,0,0,0,0,0,0,0,0,0,0,0,0,0,0,0,0,0,0,0,0,0,0,0,0,0,0,0,0,0,0,0,0,0
2455,2,0,0,0,0,0,0,0,0,0,0,0,0,0,0,0,0,0,0,0,0,0,0,0,0,0,0,0,0,0,0,0,0,0,0,0,0,0,0,0,0,0,0,0,0,0,0,0,0,0,0,0,0,0,0,0,0,0,0,0,0,0,0,0,0
2456,2,0,0,0,0,0,0,0,0,0,0,0,0,0,0,0,0,0,0,0,0,0,0,0,0,0,0,0,0,0,0,0,0,0,0,0,0,0,0,0,0,0,0,0,0,0,0,0,0,0,0,0,0,0,0,0,0,0,0,0,0,0,0,0,0
2457,2,0,0,0,0,0,0,0,0,0,0,0,0,0,0,0,0,0,0,0,0,0,0,0,0,0,0,0,0,0,0,0,0,0,0,0,0,0,0,0,0,0,0,0,0,0,0,0,0,0,0,0,0,0,0,0,0,0,0,0,0,0,0,0,0
2458,2,0,0,0,0,0,0,0,0,0,0,0,0,0,0,0,0,0,0,0,0,0,0,0,0,0,0,0,0,0,0,0,0,0,0,0,0,0,0,0,0,0,0,0,0,0,0,0,0,0,0,0,0,0,0,0,0,0,0,0,0,0,0,0,0
2459,2,0,0,0,0,0,0,0,0,0,0,0,0,0,0,0,0,0,0,0,0,0,0,0,0,0,0,0,0,0,0,0,0,0,0,0,0,0,0,0,0,0,0,0,0,0,0,0,0,0,0,0,0,0,0,0,0,0,0,0,0,0,0,0,0
2460,2,0,0,0,0,0,0,0,0,0,0,0,0,0,0,0,0,0,0,0,0,0,0,0,0,0,0,0,0,0,0,0,0,0,0,0,0,0,0,0,0,0,0,0,0,0,0,0,0,0,0,0,0,0,0,0,0,0,0,0,0,0,0,0,0
2461,2,0,0,0,0,0,0,0,0,0,0,0,0,0,0,0,0,0,0,0,0,0,0,0,0,0,0,0,0,0,0,0,0,0,0,0,0,0,0,0,0,0,0,0,0,0,0,0,0,0,0,0,0,0,0,0,0,0,0,0,0,0,0,0,0
2462,2,0,0,0,0,0,0,0,0,0,0,0,0,0,0,0,0,0,0,0,0,0,0,0,0,0,0,0,0,0,0,0,0,0,0,0,0,0,0,0,0,0,0,0,0,0,0,0,0,0,0,0,0,0,0,0,0,0,0,0,0,0,0,0,0
2463,2,0,0,0,0,0,0,0,0,0,0,0,0,0,0,0,0,0,0,0,0,0,0,0,0,0,0,0,0,0,0,0,0,0,0,0,0,0,0,0,0,0,0,0,0,0,0,0,0,0,0,0,0,0,0,0,0,0,0,0,0,0,0,0,0
2464,2,0,0,0,0,0,0,0,0,0,0,0,0,0,0,0,0,0,0,0,0,0,0,0,0,0,0,0,0,0,0,0,0,0,0,0,0,0,0,0,0,0,0,0,0,0,0,0,0,0,0,0,0,0,0,0,0,0,0,0,0,0,0,0,0
2465,2,0,0,0,0,0,0,0,0,0,0,0,0,0,0,0,0,0,0,0,0,0,0,0,0,0,0,0,0,0,0,0,0,0,0,0,0,0,0,0,0,0,0,0,0,0,0,0,0,0,0,0,0,0,0,0,0,0,0,0,0,0,0,0,0
2466,2,0,0,0,0,0,0,0,0,0,0,0,0,0,0,0,0,0,0,0,0,0,0,0,0,0,0,0,0,0,0,0,0,0,0,0,0,0,0,0,0,0,0,0,0,0,0,0,0,0,0,0,0,0,0,0,0,0,0,0,0,0,0,0,0
2467,2,0,0,0,0,0,0,0,0,0,0,0,0,0,0,0,0,0,0,0,0,0,0,0,0,0,0,0,0,0,0,0,0,0,0,0,0,0,0,0,0,0,0,0,0,0,0,0,0,0,0,0,0,0,0,0,0,0,0,0,0,0,0,0,0
2468,2,0,0,0,0,0,0,0,0,0,0,0,0,0,0,0,0,0,0,0,0,0,0,0,0,0,0,0,0,0,0,0,0,0,0,0,0,0,0,0,0,0,0,0,0,0,0,0,0,0,0,0,0,0,0,0,0,0,0,0,0,0,0,0,0
2469,2,0,0,0,0,0,0,0,0,0,0,0,0,0,0,0,0,0,0,0,0,0,0,0,0,0,0,0,0,0,0,0,0,0,0,0,0,0,0,0,0,0,0,0,0,0,0,0,0,0,0,0,0,0,0,0,0,0,0,0,0,0,0,0,0
2470,2,0,0,0,0,0,0,0,0,0,0,0,0,0,0,0,0,0,0,0,0,0,0,0,0,0,0,0,0,0,0,0,0,0,0,0,0,0,0,0,0,0,0,0,0,0,0,0,0,0,0,0,0,0,0,0,0,0,0,0,0,0,0,0,0
2471,2,0,0,0,0,0,0,0,0,0,0,0,0,0,0,0,0,0,0,0,0,0,0,0,0,0,0,0,0,0,0,0,0,0,0,0,0,0,0,0,0,0,0,0,0,0,0,0,0,0,0,0,0,0,0,0,0,0,0,0,0,0,0,0,0
2472,2,0,0,0,0,0,0,0,0,0,0,0,0,0,0,0,0,0,0,0,0,0,0,0,0,0,0,0,0,0,0,0,0,0,0,0,0,0,0,0,0,0,0,0,0,0,0,0,0,0,0,0,0,0,0,0,0,0,0,0,0,0,0,0,0
2473,2,0,0,0,0,0,0,0,0,0,0,0,0,0,0,0,0,0,0,0,0,0,0,0,0,0,0,0,0,0,0,0,0,0,0,0,0,0,0,0,0,0,0,0,0,0,0,0,0,0,0,0,0,0,0,0,0,0,0,0,0,0,0,0,0
2474,2,0,0,0,0,0,0,0,0,0,0,0,0,0,0,0,0,0,0,0,0,0,0,0,0,0,0,0,0,0,0,0,0,0,0,0,0,0,0,0,0,0,0,0,0,0,0,0,0,0,0,0,0,0,0,0,0,0,0,0,0,0,0,0,0
2475,2,0,0,0,0,0,0,0,0,0,0,0,0,0,0,0,0,0,0,0,0,0,0,0,0,0,0,0,0,0,0,0,0,0,0,0,0,0,0,0,0,0,0,0,0,0,0,0,0,0,0,0,0,0,0,0,0,0,0,0,0,0,0,0,0
2476,2,0,0,0,0,0,0,0,0,0,0,0,0,0,0,0,0,0,0,0,0,0,0,0,0,0,0,0,0,0,0,0,0,0,0,0,0,0,0,0,0,0,0,0,0,0,0,0,0,0,0,0,0,0,0,0,0,0,0,0,0,0,0,0,0
2477,2,0,0,0,0,0,0,0,0,0,0,0,0,0,0,0,0,0,0,0,0,0,0,0,0,0,0,0,0,0,0,0,0,0,0,0,0,0,0,0,0,0,0,0,0,0,0,0,0,0,0,0,0,0,0,0,0,0,0,0,0,0,0,0,0
2478,2,0,0,0,0,0,0,0,0,0,0,0,0,0,0,0,0,0,0,0,0,0,0,0,0,0,0,0,0,0,0,0,0,0,0,0,0,0,0,0,0,0,0,0,0,0,0,0,0,0,0,0,0,0,0,0,0,0,0,0,0,0,0,0,0
2479,2,0,0,0,0,0,0,0,0,0,0,0,0,0,0,0,0,0,0,0,0,0,0,0,0,0,0,0,0,0,0,0,0,0,0,0,0,0,0,0,0,0,0,0,0,0,0,0,0,0,0,0,0,0,0,0,0,0,0,0,0,0,0,0,0
2480,2,0,0,0,0,0,0,0,0,0,0,0,0,0,0,0,0,0,0,0,0,0,0,0,0,0,0,0,0,0,0,0,0,0,0,0,0,0,0,0,0,0,0,0,0,0,0,0,0,0,0,0,0,0,0,0,0,0,0,0,0,0,0,0,0
2481,2,0,0,0,0,0,0,0,0,0,0,0,0,0,0,0,0,0,0,0,0,0,0,0,0,0,0,0,0,0,0,0,0,0,0,0,0,0,0,0,0,0,0,0,0,0,0,0,0,0,0,0,0,0,0,0,0,0,0,0,0,0,0,0,0
2482,2,0,0,0,0,0,0,0,0,0,0,0,0,0,0,0,0,0,0,0,0,0,0,0,0,0,0,0,0,0,0,0,0,0,0,0,0,0,0,0,0,0,0,0,0,0,0,0,0,0,0,0,0,0,0,0,0,0,0,0,0,0,0,0,0
2483,2,0,0,0,0,0,0,0,0,0,0,0,0,0,0,0,0,0,0,0,0,0,0,0,0,0,0,0,0,0,0,0,0,0,0,0,0,0,0,0,0,0,0,0,0,0,0,0,0,0,0,0,0,0,0,0,0,0,0,0,0,0,0,0,0
2484,2,0,0,0,0,0,0,0,0,0,0,0,0,0,0,0,0,0,0,0,0,0,0,0,0,0,0,0,0,0,0,0,0,0,0,0,0,0,0,0,0,0,0,0,0,0,0,0,0,0,0,0,0,0,0,0,0,0,0,0,0,0,0,0,0
2485,2,0,0,0,0,0,0,0,0,0,0,0,0,0,0,0,0,0,0,0,0,0,0,0,0,0,0,0,0,0,0,0,0,0,0,0,0,0,0,0,0,0,0,0,0,0,0,0,0,0,0,0,0,0,0,0,0,0,0,0,0,0,0,0,0
2486,2,0,0,0,0,0,0,0,0,0,0,0,0,0,0,0,0,0,0,0,0,0,0,0,0,0,0,0,0,0,0,0,0,0,0,0,0,0,0,0,0,0,0,0,0,0,0,0,0,0,0,0,0,0,0,0,0,0,0,0,0,0,0,0,0
2487,2,0,0,0,0,0,0,0,0,0,0,0,0,0,0,0,0,0,0,0,0,0,0,0,0,0,0,0,0,0,0,0,0,0,0,0,0,0,0,0,0,0,0,0,0,0,0,0,0,0,0,0,0,0,0,0,0,0,0,0,0,0,0,0,0
2488,2,0,0,0,0,0,0,0,0,0,0,0,0,0,0,0,0,0,0,0,0,0,0,0,0,0,0,0,0,0,0,0,0,0,0,0,0,0,0,0,0,0,0,0,0,0,0,0,0,0,0,0,0,0,0,0,0,0,0,0,0,0,0,0,0
2489,2,0,0,0,0,0,0,0,0,0,0,0,0,0,0,0,0,0,0,0,0,0,0,0,0,0,0,0,0,0,0,0,0,0,0,0,0,0,0,0,0,0,0,0,0,0,0,0,0,0,0,0,0,0,0,0,0,0,0,0,0,0,0,0,0
2490,2,0,0,0,0,0,0,0,0,0,0,0,0,0,0,0,0,0,0,0,0,0,0,0,0,0,0,0,0,0,0,0,0,0,0,0,0,0,0,0,0,0,0,0,0,0,0,0,0,0,0,0,0,0,0,0,0,0,0,0,0,0,0,0,0
2491,2,0,0,0,0,0,0,0,0,0,0,0,0,0,0,0,0,0,0,0,0,0,0,0,0,0,0,0,0,0,0,0,0,0,0,0,0,0,0,0,0,0,0,0,0,0,0,0,0,0,0,0,0,0,0,0,0,0,0,0,0,0,0,0,0
2492,2,0,0,0,0,0,0,0,0,0,0,0,0,0,0,0,0,0,0,0,0,0,0,0,0,0,0,0,0,0,0,0,0,0,0,0,0,0,0,0,0,0,0,0,0,0,0,0,0,0,0,0,0,0,0,0,0,0,0,0,0,0,0,0,0
2493,2,0,0,0,0,0,0,0,0,0,0,0,0,0,0,0,0,0,0,0,0,0,0,0,0,0,0,0,0,0,0,0,0,0,0,0,0,0,0,0,0,0,0,0,0,0,0,0,0,0,0,0,0,0,0,0,0,0,0,0,0,0,0,0,0
2494,2,0,0,0,0,0,0,0,0,0,0,0,0,0,0,0,0,0,0,0,0,0,0,0,0,0,0,0,0,0,0,0,0,0,0,0,0,0,0,0,0,0,0,0,0,0,0,0,0,0,0,0,0,0,0,0,0,0,0,0,0,0,0,0,0
2495,2,0,0,0,0,0,0,0,0,0,0,0,0,0,0,0,0,0,0,0,0,0,0,0,0,0,0,0,0,0,0,0,0,0,0,0,0,0,0,0,0,0,0,0,0,0,0,0,0,0,0,0,0,0,0,0,0,0,0,0,0,0,0,0,0
2496,2,0,0,0,0,0,0,0,0,0,0,0,0,0,0,0,0,0,0,0,0,0,0,0,0,0,0,0,0,0,0,0,0,0,0,0,0,0,0,0,0,0,0,0,0,0,0,0,0,0,0,0,0,0,0,0,0,0,0,0,0,0,0,0,0
2497,2,0,0,0,0,0,0,0,0,0,0,0,0,0,0,0,0,0,0,0,0,0,0,0,0,0,0,0,0,0,0,0,0,0,0,0,0,0,0,0,0,0,0,0,0,0,0,0,0,0,0,0,0,0,0,0,0,0,0,0,0,0,0,0,0
2498,2,0,0,0,0,0,0,0,0,0,0,0,0,0,0,0,0,0,0,0,0,0,0,0,0,0,0,0,0,0,0,0,0,0,0,0,0,0,0,0,0,0,0,0,0,0,0,0,0,0,0,0,0,0,0,0,0,0,0,0,0,0,0,0,0
2499,2,0,0,0,0,0,0,0,0,0,0,0,0,0,0,0,0,0,0,0,0,0,0,0,0,0,0,0,0,0,0,0,0,0,0,0,0,0,0,0,0,0,0,0,0,0,0,0,0,0,0,0,0,0,0,0,0,0,0,0,0,0,0,0,0
2500,2,0,0,0,0,0,0,0,0,0,0,0,0,0,0,0,0,0,0,0,0,0,0,0,0,0,0,0,0,0,0,0,0,0,0,0,0,0,0,0,0,0,0,0,0,0,0,0,0,0,0,0,0,0,0,0,0,0,0,0,0,0,0,0,0
2501,2,0,0,0,0,0,0,0,0,0,0,0,0,0,0,0,0,0,0,0,0,0,0,0,0,0,0,0,0,0,0,0,0,0,0,0,0,0,0,0,0,0,0,0,0,0,0,0,0,0,0,0,0,0,0,0,0,0,0,0,0,0,0,0,0
2502,2,0,0,0,0,0,0,0,0,0,0,0,0,0,0,0,0,0,0,0,0,0,0,0,0,0,0,0,0,0,0,0,0,0,0,0,0,0,0,0,0,0,0,0,0,0,0,0,0,0,0,0,0,0,0,0,0,0,0,0,0,0,0,0,0
2503,2,0,0,0,0,0,0,0,0,0,0,0,0,0,0,0,0,0,0,0,0,0,0,0,0,0,0,0,0,0,0,0,0,0,0,0,0,0,0,0,0,0,0,0,0,0,0,0,0,0,0,0,0,0,0,0,0,0,0,0,0,0,0,0,0
2504,2,0,0,0,0,0,0,0,0,0,0,0,0,0,0,0,0,0,0,0,0,0,0,0,0,0,0,0,0,0,0,0,0,0,0,0,0,0,0,0,0,0,0,0,0,0,0,0,0,0,0,0,0,0,0,0,0,0,0,0,0,0,0,0,0
2505,2,0,0,0,0,0,0,0,0,0,0,0,0,0,0,0,0,0,0,0,0,0,0,0,0,0,0,0,0,0,0,0,0,0,0,0,0,0,0,0,0,0,0,0,0,0,0,0,0,0,0,0,0,0,0,0,0,0,0,0,0,0,0,0,0
2506,2,0,0,0,0,0,0,0,0,0,0,0,0,0,0,0,0,0,0,0,0,0,0,0,0,0,0,0,0,0,0,0,0,0,0,0,0,0,0,0,0,0,0,0,0,0,0,0,0,0,0,0,0,0,0,0,0,0,0,0,0,0,0,0,0
2507,2,0,0,0,0,0,0,0,0,0,0,0,0,0,0,0,0,0,0,0,0,0,0,0,0,0,0,0,0,0,0,0,0,0,0,0,0,0,0,0,0,0,0,0,0,0,0,0,0,0,0,0,0,0,0,0,0,0,0,0,0,0,0,0,0
2508,2,0,0,0,0,0,0,0,0,0,0,0,0,0,0,0,0,0,0,0,0,0,0,0,0,0,0,0,0,0,0,0,0,0,0,0,0,0,0,0,0,0,0,0,0,0,0,0,0,0,0,0,0,0,0,0,0,0,0,0,0,0,0,0,0
2509,2,0,0,0,0,0,0,0,0,0,0,0,0,0,0,0,0,0,0,0,0,0,0,0,0,0,0,0,0,0,0,0,0,0,0,0,0,0,0,0,0,0,0,0,0,0,0,0,0,0,0,0,0,0,0,0,0,0,0,0,0,0,0,0,0
2510,2,0,0,0,0,0,0,0,0,0,0,0,0,0,0,0,0,0,0,0,0,0,0,0,0,0,0,0,0,0,0,0,0,0,0,0,0,0,0,0,0,0,0,0,0,0,0,0,0,0,0,0,0,0,0,0,0,0,0,0,0,0,0,0,0
2511,2,0,0,0,0,0,0,0,0,0,0,0,0,0,0,0,0,0,0,0,0,0,0,0,0,0,0,0,0,0,0,0,0,0,0,0,0,0,0,0,0,0,0,0,0,0,0,0,0,0,0,0,0,0,0,0,0,0,0,0,0,0,0,0,0
2512,2,0,0,0,0,0,0,0,0,0,0,0,0,0,0,0,0,0,0,0,0,0,0,0,0,0,0,0,0,0,0,0,0,0,0,0,0,0,0,0,0,0,0,0,0,0,0,0,0,0,0,0,0,0,0,0,0,0,0,0,0,0,0,0,0
2513,2,0,0,0,0,0,0,0,0,0,0,0,0,0,0,0,0,0,0,0,0,0,0,0,0,0,0,0,0,0,0,0,0,0,0,0,0,0,0,0,0,0,0,0,0,0,0,0,0,0,0,0,0,0,0,0,0,0,0,0,0,0,0,0,0
2514,2,0,0,0,0,0,0,0,0,0,0,0,0,0,0,0,0,0,0,0,0,0,0,0,0,0,0,0,0,0,0,0,0,0,0,0,0,0,0,0,0,0,0,0,0,0,0,0,0,0,0,0,0,0,0,0,0,0,0,0,0,0,0,0,0
2515,2,0,0,0,0,0,0,0,0,0,0,0,0,0,0,0,0,0,0,0,0,0,0,0,0,0,0,0,0,0,0,0,0,0,0,0,0,0,0,0,0,0,0,0,0,0,0,0,0,0,0,0,0,0,0,0,0,0,0,0,0,0,0,0,0
2516,2,0,0,0,0,0,0,0,0,0,0,0,0,0,0,0,0,0,0,0,0,0,0,0,0,0,0,0,0,0,0,0,0,0,0,0,0,0,0,0,0,0,0,0,0,0,0,0,0,0,0,0,0,0,0,0,0,0,0,0,0,0,0,0,0
2517,2,0,0,0,0,0,0,0,0,0,0,0,0,0,0,0,0,0,0,0,0,0,0,0,0,0,0,0,0,0,0,0,0,0,0,0,0,0,0,0,0,0,0,0,0,0,0,0,0,0,0,0,0,0,0,0,0,0,0,0,0,0,0,0,0
2518,2,0,0,0,0,0,0,0,0,0,0,0,0,0,0,0,0,0,0,0,0,0,0,0,0,0,0,0,0,0,0,0,0,0,0,0,0,0,0,0,0,0,0,0,0,0,0,0,0,0,0,0,0,0,0,0,0,0,0,0,0,0,0,0,0
2519,2,0,0,0,0,0,0,0,0,0,0,0,0,0,0,0,0,0,0,0,0,0,0,0,0,0,0,0,0,0,0,0,0,0,0,0,0,0,0,0,0,0,0,0,0,0,0,0,0,0,0,0,0,0,0,0,0,0,0,0,0,0,0,0,0
2520,3,0,0,0,0,0,0,0,0,0,0,0,0,0,0,0,0,0,0,0,0,0,0,0,0,0,0,0,0,0,0,0,0,0,0,0,0,0,0,0,0,0,0,0,0,0,0,0,0,0,0,0,0,0,0,0,0,0,0,0,0,0,0,0,0
2521,3,0,0,0,0,0,0,0,0,0,0,0,0,0,0,0,0,0,0,0,0,0,0,0,0,0,0,0,0,0,0,0,0,0,0,0,0,0,0,0,0,0,0,0,0,0,0,0,0,0,0,0,0,0,0,0,0,0,0,0,0,0,0,0,0
2522,3,0,0,0,0,0,0,0,0,0,0,0,0,0,0,0,0,0,0,0,0,0,0,0,0,0,0,0,0,0,0,0,0,0,0,0,0,0,0,0,0,0,0,0,0,0,0,0,0,0,0,0,0,0,0,0,0,0,0,0,0,0,0,0,0
2523,3,0,0,0,0,0,0,0,0,0,0,0,0,0,0,0,0,0,0,0,0,0,0,0,0,0,0,0,0,0,0,0,0,0,0,0,0,0,0,0,0,0,0,0,0,0,0,0,0,0,0,0,0,0,0,0,0,0,0,0,0,0,0,0,0
2524,3,0,0,0,0,0,0,0,0,0,0,0,0,0,0,0,0,0,0,0,0,0,0,0,0,0,0,0,0,0,0,0,0,0,0,0,0,0,0,0,0,0,0,0,0,0,0,0,0,0,0,0,0,0,0,0,0,0,0,0,0,0,0,0,0
2525,3,0,0,0,0,0,0,0,0,0,0,0,0,0,0,0,0,0,0,0,0,0,0,0,0,0,0,0,0,0,0,0,0,0,0,0,0,0,0,0,0,0,0,0,0,0,0,0,0,0,0,0,0,0,0,0,0,0,0,0,0,0,0,0,0
2526,3,-84,0,0,0,0,0,0,0,0,0,0,0,0,0,0,0,0,0,0,0,0,0,0,0,0,0,0,0,0,0,0,0,-17,0,0,0,0,0,0,0,0,0,0,0,0,0,0,0,0,0,0,0,0,0,0,0,0,0,0,0,0,0,0,0
2527,3,-84,0,0,0,0,0,0,0,0,0,0,0,0,0,0,0,0,0,0,0,0,0,0,0,0,0,0,0,0,0,0,0,-17,0,0,0,0,0,0,0,0,0,0,0,0,0,0,0,0,0,0,0,0,0,0,0,0,0,0,0,0,0,0,0
2528,3,-84,0,0,0,0,0,0,0,0,0,0,0,0,0,0,0,0,0,0,0,0,0,0,0,0,0,0,0,0,0,0,0,-17,0,0,0,0,0,0,0,0,0,0,0,0,0,0,0,0,0,0,0,0,0,0,0,0,0,0,0,0,0,0,0
2529,3,7,7,0,0,0,0,0,0,0,0,0,0,0,0,0,0,0,0,0,0,0,0,0,0,0,0,0,0,0,0,0,0,104,-17,0,0,0,0,0,0,0,0,0,0,0,0,0,0,0,0,0,0,0,0,0,0,0,0,0,0,0,0,0,0
2530,3,7,7,0,0,0,0,0,0,0,0,0,0,0,0,0,0,0,0,0,0,0,0,0,0,0,0,0,0,0,0,0,0,104,-17,0,0,0,0,0,0,0,0,0,0,0,0,0,0,0,0,0,0,0,0,0,0,0,0,0,0,0,0,0,0
2531,3,7,7,0,0,0,0,0,0,0,0,0,0,0,0,0,0,0,0,0,0,0,0,0,0,0,0,0,0,0,0,0,0,104,-17,0,0,0,0,0,0,0,0,0,0,0,0,0,0,0,0,0,0,0,0,0,0,0,0,0,0,0,0,0,0
2532,3,82,82,82,0,0,0,0,0,0,0,0,0,0,0,0,0,0,0,0,0,0,0,0,0,0,0,0,0,0,0,0,0,10,-13,-17,0,0,0,0,0,0,0,0,0,0,0,0,0,0,0,0,0,0,0,0,0,0,0,0,0,0,0,0,0
2533,3,82,82,82,0,0,0,0,0,0,0,0,0,0,0,0,0,0,0,0,0,0,0,0,0,0,0,0,0,0,0,0,0,10,-13,-17,0,0,0,0,0,0,0,0,0,0,0,0,0,0,0,0,0,0,0,0,0,0,0,0,0,0,0,0,0
2534,3,82,82,82,0,0,0,0,0,0,0,0,0,0,0,0,0,0,0,0,0,0,0,0,0,0,0,0,0,0,0,0,0,10,-13,-17,0,0,0,0,0,0,0,0,0,0,0,0,0,0,0,0,0,0,0,0,0,0,0,0,0,0,0,0,0
2535,3,29,8,8,8,0,0,0,0,0,0,0,0,0,0,0,0,0,0,0,0,0,0,0,0,0,0,0,0,0,0,0,0,-103,-91,-91,-17,0,0,0,0,0,0,0,0,0,0,0,0,0,0,0,0,0,0,0,0,0,0,0,0,0,0,0,0
2536,3,29,8,8,8,0,0,0,0,0,0,0,0,0,0,0,0,0,0,0,0,0,0,0,0,0,0,0,0,0,0,0,0,-103,-91,-91,-17,0,0,0,0,0,0,0,0,0,0,0,0,0,0,0,0,0,0,0,0,0,0,0,0,0,0,0,0
2537,3,29,8,8,8,0,0,0,0,0,0,0,0,0,0,0,0,0,0,0,0,0,0,0,0,0,0,0,0,0,0,0,0,-103,-91,-91,-17,0,0,0,0,0,0,0,0,0,0,0,0,0,0,0,0,0,0,0,0,0,0,0,0,0,0,0,0
2538,3,-70,-70,-61,-61,-61,0,0,0,0,0,0,0,0,0,0,0,0,0,0,0,0,0,0,0,0,0,0,0,0,0,0,0,17,106,-56,-81,-17,0,0,0,0,0,0,0,0,0,0,0,0,0,0,0,0,0,0,0,0,0,0,0,0,0,0,0
2539,3,-70,-70,-61,-61,-61,0,0,0,0,0,0,0,0,0,0,0,0,0,0,0,0,0,0,0,0,0,0,0,0,0,0,0,17,106,-56,-81,-17,0,0,0,0,0,0,0,0,0,0,0,0,0,0,0,0,0,0,0,0,0,0,0,0,0,0,0
2540,3,-70,-70,-61,-61,-61,0,0,0,0,0,0,0,0,0,0,0,0,0,0,0,0,0,0,0,0,0,0,0,0,0,0,0,17,106,-56,-81,-17,0,0,0,0,0,0,0,0,0,0,0,0,0,0,0,0,0,0,0,0,0,0,0,0,0,0,0
2541,3,-116,-116,-116,1,1,1,0,0,0,0,0,0,0,0,0,0,0,0,0,0,0,0,0,0,0,0,0,0,0,0,0,0,28,122,21,81,15,-17,0,0,0,0,0,0,0,0,0,0,0,0,0,0,0,0,0,0,0,0,0,0,0,0,0,0
2542,3,-116,-116,-116,1,1,1,0,0,0,0,0,0,0,0,0,0,0,0,0,0,0,0,0,0,0,0,0,0,0,0,0,0,28,122,21,81,15,-17,0,0,0,0,0,0,0,0,0,0,0,0,0,0,0,0,0,0,0,0,0,0,0,0,0,0
2543,3,-116,-116,-116,1,1,1,0,0,0,0,0,0,0,0,0,0,0,0,0,0,0,0,0,0,0,0,0,0,0,0,0,0,28,122,21,81,15,-17,0,0,0,0,0,0,0,0,0,0,0,0,0,0,0,0,0,0,0,0,0,0,0,0,0,0
2544,3,103,102,102,102,-17,-17,-17,0,0,0,0,0,0,0,0,0,0,0,0,0,0,0,0,0,0,0,0,0,0,0,0,0,-118,-21,-30,-30,-77,-28,-17,0,0,0,0,0,0,0,0,0,0,0,0,0,0,0,0,0,0,0,0,0,0,0,0,0
2545,3,103,102,102,102,-17,-17,-17,0,0,0,0,0,0,0,0,0,0,0,0,0,0,0,0,0,0,0,0,0,0,0,0,0,-118,-21,-30,-30,-77,-28,-17,0,0,0,0,0,0,0,0,0,0,0,0,0,0,0,0,0,0,0,0,0,0,0,0,0
2546,3,103,102,102,102,-17,-17,-17,0,0,0,0,0,0,0,0,0,0,0,0,0,0,0,0,0,0,0,0,0,0,0,0,0,-118,-21,-30,-30,-77,-28,-17,0,0,0,0,0,0,0,0,0,0,0,0,0,0,0,0,0,0,0,0,0,0,0,0,0
2547,3,-102,-102,-31,-31,-31,91,91,91,0,0,0,0,0,0,0,0,0,0,0,0,0,0,0,0,0,0,0,0,0,0,0,0,109,-100,-29,53,-121,64,7,-17,0,0,0,0,0,0,0,0,0,0,0,0,0,0,0,0,0,0,0,0,0,0,0,0
2548,3,-102,-102,-31,-31,-31,91,91,91,0,0,0,0,0,0,0,0,0,0,0,0,0,0,0,0,0,0,0,0,0,0,0,0,109,-100,-29,53,-121,64,7,-17,0,0,0,0,0,0,0,0,0,0,0,0,0,0,0,0,0,0,0,0,0,0,0,0
2549,3,-102,-102,-31,-31,-31,91,91,91,0,0,0,0,0,0,0,0,0,0,0,0,0,0,0,0,0,0,0,0,0,0,0,0,109,-100,-29,53,-121,64,7,-17,0,0,0,0,0,0,0,0,0,0,0,0,0,0,0,0,0,0,0,0,0,0,0,0
2550,3,84,84,84,25,25,25,-35,-35,-84,0,0,0,0,0,0,0,0,0,0,0,0,0,0,0,0,0,0,0,0,0,0,0,61,-9,-116,56,65,11,108,30,-17,0,0,0,0,0,0,0,0,0,0,0,0,0,0,0,0,0,0,0,0,0,0,0
2551,3,84,84,84,25,25,25,-35,-35,-84,0,0,0,0,0,0,0,0,0,0,0,0,0,0,0,0,0,0,0,0,0,0,0,61,-9,-116,56,65,11,108,30,-17,0,0,0,0,0,0,0,0,0,0,0,0,0,0,0,0,0,0,0,0,0,0,0
2552,3,84,84,84,25,25,25,-35,-35,-84,0,0,0,0,0,0,0,0,0,0,0,0,0,0,0,0,0,0,0,0,0,0,0,61,-9,-116,56,65,11,108,30,-17,0,0,0,0,0,0,0,0,0,0,0,0,0,0,0,0,0,0,0,0,0,0,0
2553,3,37,-124,-124,-124,-90,-90,-90,-71,7,-84,0,0,0,0,0,0,0,0,0,0,0,0,0,0,0,0,0,0,0,0,0,0,63,-9,-25,108,47,-53,-62,-92,82,-17,0,0,0,0,0,0,0,0,0,0,0,0,0,0,0,0,0,0,0,0,0,0
2554,3,37,-124,-124,-124,-90,-90,-90,-71,7,-84,0,0,0,0,0,0,0,0,0,0,0,0,0,0,0,0,0,0,0,0,0,0,63,-9,-25,108,47,-53,-62,-92,82,-17,0,0,0,0,0,0,0,0,0,0,0,0,0,0,0,0,0,0,0,0,0,0
2555,3,37,-124,-124,-124,-90,-90,-90,-71,7,-84,0,0,0,0,0,0,0,0,0,0,0,0,0,0,0,0,0,0,0,0,0,0,63,-9,-25,108,47,-53,-62,-92,82,-17,0,0,0,0,0,0,0,0,0,0,0,0,0,0,0,0,0,0,0,0,0,0
2556,3,-6,-6,55,55,55,-72,-72,-72,82,7,-84,0,0,0,0,0,0,0,0,0,0,0,0,0,0,0,0,0,0,0,0,0,-66,-69,52,39,60,65,60,-122,-118,20,-17,0,0,0,0,0,0,0,0,0,0,0,0,0,0,0,0,0,0,0,0,0
2557,3,-6,-6,55,55,55,-72,-72,-72,82,7,-84,0,0,0,0,0,0,0,0,0,0,0,0,0,0,0,0,0,0,0,0,0,-66,-69,52,39,60,65,60,-122,-118,20,-17,0,0,0,0,0,0,0,0,0,0,0,0,0,0,0,0,0,0,0,0,0
2558,3,-6,-6,55,55,55,-72,-72,-72,82,7,-84,0,0,0,0,0,0,0,0,0,0,0,0,0,0,0,0,0,0,0,0,0,-66,-69,52,39,60,65,60,-122,-118,20,-17,0,0,0,0,0,0,0,0,0,0,0,0,0,0,0,0,0,0,0,0,0
2559,3,51,51,51,43,43,43,16,16,29,82,7,-84,0,0,0,0,0,0,0,0,0,0,0,0,0,0,0,0,0,0,0,0,113,124,-70,-27,-97,-10,-8,56,22,112,-93,-17,0,0,0,0,0,0,0,0,0,0,0,0,0,0,0,0,0,0,0,0
2560,3,51,51,51,43,43,43,16,16,29,82,7,-84,0,0,0,0,0,0,0,0,0,0,0,0,0,0,0,0,0,0,0,0,113,124,-70,-27,-97,-10,-8,56,22,112,-93,-17,0,0,0,0,0,0,0,0,0,0,0,0,0,0,0,0,0,0,0,0
2561,3,51,51,51,43,43,43,16,16,29,82,7,-84,0,0,0,0,0,0,0,0,0,0,0,0,0,0,0,0,0,0,0,0,113,124,-70,-27,-97,-10,-8,56,22,112,-93,-17,0,0,0,0,0,0,0,0,0,0,0,0,0,0,0,0,0,0,0,0
2562,3,-124,16,16,16,-30,-30,-30,42,-70,29,82,7,-84,0,0,0,0,0,0,0,0,0,0,0,0,0,0,0,0,0,0,0,-61,77,-44,58,-78,-55,84,-84,29,-122,-81,-92,-17,0,0,0,0,0,0,0,0,0,0,0,0,0,0,0,0,0,0,0
2563,3,-124,16,16,16,-30,-30,-30,42,-70,29,82,7,-84,0,0,0,0,0,0,0,0,0,0,0,0,0,0,0,0,0,0,0,-61,77,-44,58,-78,-55,84,-84,29,-122,-81,-92,-17,0,0,0,0,0,0,0,0,0,0,0,0,0,0,0,0,0,0,0
2564,3,-124,16,16,16,-30,-30,-30,42,-70,29,82,7,-84,0,0,0,0,0,0,0,0,0,0,0,0,0,0,0,0,0,0,0,-61,77,-44,58,-78,-55,84,-84,29,-122,-81,-92,-17,0,0,0,0,0,0,0,0,0,0,0,0,0,0,0,0,0,0,0
2565,3,84,84,-100,-100,-100,98,98,98,-116,-70,29,82,7,-84,0,0,0,0,0,0,0,0,0,0,0,0,0,0,0,0,0,0,125,-52,103,29,34,-47,119,-91,-46,16,84,-125,-92,-17,0,0,0,0,0,0,0,0,0,0,0,0,0,0,0,0,0,0
2566,3,84,84,-100,-100,-100,98,98,98,-116,-70,29,82,7,-84,0,0,0,0,0,0,0,0,0,0,0,0,0,0,0,0,0,0,125,-52,103,29,34,-47,119,-91,-46,16,84,-125,-92,-17,0,0,0,0,0,0,0,0,0,0,0,0,0,0,0,0,0,0
2567,3,84,84,-100,-100,-100,98,98,98,-116,-70,29,82,7,-84,0,0,0,0,0,0,0,0,0,0,0,0,0,0,0,0,0,0,125,-52,103,29,34,-47,119,-91,-46,16,84,-125,-92,-17,0,0,0,0,0,0,0,0,0,0,0,0,0,0,0,0,0,0
2568,3,-21,-21,-21,-109,-109,-109,-1,-1,103,-116,-70,29,82,7,-84,0,0,0,0,0,0,0,0,0,0,0,0,0,0,0,0,0,-88,-104,-3,-25,107,60,-17,-10,94,-86,-19,-67,-57,-79,-17,0,0,0,0,0,0,0,0,0,0,0,0,0,0,0,0,0
2569,3,-21,-21,-21,-109,-109,-109,-1,-1,103,-116,-70,29,82,7,-84,0,0,0,0,0,0,0,0,0,0,0,0,0,0,0,0,0,-88,-104,-3,-25,107,60,-17,-10,94,-86,-19,-67,-57,-79,-17,0,0,0,0,0,0,0,0,0,0,0,0,0,0,0,0,0
2570,3,-21,-21,-21,-109,-109,-109,-1,-1,103,-116,-70,29,82,7,-84,0,0,0,0,0,0,0,0,0,0,0,0,0,0,0,0,0,-88,-104,-3,-25,107,60,-17,-10,94,-86,-19,-67,-57,-79,-17,0,0,0,0,0,0,0,0,0,0,0,0,0,0,0,0,0
2571,3,-107,1,1,1,57,57,57,67,-102,103,-116,-70,29,82,7,-84,0,0,0,0,0,0,0,0,0,0,0,0,0,0,0,0,-87,-48,80,-93,58,110,113,118,-78,17,24,108,108,121,45,-17,0,0,0,0,0,0,0,0,0,0,0,0,0,0,0,0
2572,3,-107,1,1,1,57,57,57,67,-102,103,-116,-70,29,82,7,-84,0,0,0,0,0,0,0,0,0,0,0,0,0,0,0,0,-87,-48,80,-93,58,110,113,118,-78,17,24,108,108,121,45,-17,0,0,0,0,0,0,0,0,0,0,0,0,0,0,0,0
2573,3,-107,1,1,1,57,57,57,67,-102,103,-116,-70,29,82,7,-84,0,0,0,0,0,0,0,0,0,0,0,0,0,0,0,0,-87,-48,80,-93,58,110,113,118,-78,17,24,108,108,121,45,-17,0,0,0,0,0,0,0,0,0,0,0,0,0,0,0,0
2574,3,-119,-119,-35,-35,-35,109,109,109,84,-102,103,-116,-70,29,82,7,-84,0,0,0,0,0,0,0,0,0,0,0,0,0,0,0,73,77,104,-2,-20,-39,73,34,-117,18,-10,54,-78,-90,111,-76,-17,0,0,0,0,0,0,0,0,0,0,0,0,0,0,0
2575,3,-119,-119,-35,-35,-35,109,109,109,84,-102,103,-116,-70,29,82,7,-84,0,0,0,0,0,0,0,0,0,0,0,0,0,0,0,73,77,104,-2,-20,-39,73,34,-117,18,-10,54,-78,-90,111,-76,-17,0,0,0,0,0,0,0,0,0,0,0,0,0,0,0
2576,3,-119,-119,-35,-35,-35,109,109,109,84,-102,103,-116,-70,29,82,7,-84,0,0,0,0,0,0,0,0,0,0,0,0,0,0,0,73,77,104,-2,-20,-39,73,34,-117,18,-10,54,-78,-90,111,-76,-17,0,0,0,0,0,0,0,0,0,0,0,0,0,0,0
2577,3,91,91,91,-33,-33,-33,95,95,37,84,-102,103,-116,-70,29,82,7,-84,0,0,0,0,0,0,0,0,0,0,0,0,0,0,98,-87,-18,-38,-108,29,-4,-83,32,-40,114,65,-35,-124,-38,86,-14,-17,0,0,0,0,0,0,0,0,0,0,0,0,0,0
2578,3,91,91,91,-33,-33,-33,95,95,37,84,-102,103,-116,-70,29,82,7,-84,0,0,0,0,0,0,0,0,0,0,0,0,0,0,98,-87,-18,-38,-108,29,-4,-83,32,-40,114,65,-35,-124,-38,86,-14,-17,0,0,0,0,0,0,0,0,0,0,0,0,0,0
2579,3,91,91,91,-33,-33,-33,95,95,37,84,-102,103,-116,-70,29,82,7,-84,0,0,0,0,0,0,0,0,0,0,0,0,0,0,98,-87,-18,-38,-108,29,-4,-83,32,-40,114,65,-35,-124,-38,86,-14,-17,0,0,0,0,0,0,0,0,0,0,0,0,0,0
2580,3,-116,73,73,73,-83,-83,-83,-124,-6,37,84,-102,103,-116,-70,29,82,7,-84,0,0,0,0,0,0,0,0,0,0,0,0,0,15,36,37,-114,-47,-1,103,97,-88,-71,-10,28,-3,-31,-95,-84,32,-91,-17,0,0,0,0,0,0,0,0,0,0,0,0,0
2581,3,-116,73,73,73,-83,-83,-83,-124,-6,37,84,-102,103,-116,-70,29,82,7,-84,0,0,0,0,0,0,0,0,0,0,0,0,0,15,36,37,-114,-47,-1,103,97,-88,-71,-10,28,-3,-31,-95,-84,32,-91,-17,0,0,0,0,0,0,0,0,0,0,0,0,0
2582,3,-116,73,73,73,-83,-83,-83,-124,-6,37,84,-102,103,-116,-70,29,82,7,-84,0,0,0,0,0,0,0,0,0,0,0,0,0,15,36,37,-114,-47,-1,103,97,-88,-71,-10,28,-3,-31,-95,-84,32,-91,-17,0,0,0,0,0,0,0,0,0,0,0,0,0
2583,3,108,108,-17,-17,-17,-82,-82,-82,51,-6,37,84,-102,103,-116,-70,29,82,7,-84,0,0,0,0,0,0,0,0,0,0,0,0,-25,117,-122,78,-54,96,8,-87,-46,-8,-111,4,101,-57,120,-52,64,-11,-78,-17,0,0,0,0,0,0,0,0,0,0,0,0
2584,3,108,108,-17,-17,-17,-82,-82,-82,51,-6,37,84,-102,103,-116,-70,29,82,7,-84,0,0,0,0,0,0,0,0,0,0,0,0,-25,117,-122,78,-54,96,8,-87,-46,-8,-111,4,101,-57,120,-52,64,-11,-78,-17,0,0,0,0,0,0,0,0,0,0,0,0
2585,3,108,108,-17,-17,-17,-82,-82,-82,51,-6,37,84,-102,103,-116,-70,29,82,7,-84,0,0,0,0,0,0,0,0,0,0,0,0,-25,117,-122,78,-54,96,8,-87,-46,-8,-111,4,101,-57,120,-52,64,-11,-78,-17,0,0,0,0,0,0,0,0,0,0,0,0
2586,3,84,84,84,-89,-89,-89,-105,-105,-124,51,-6,37,84,-102,103,-116,-70,29,82,7,-84,0,0,0,0,0,0,0,0,0,0,0,55,-119,-93,65,-51,36,116,123,119,-69,59,99,-122,-11,-72,-11,-59,-93,-58,125,-17,0,0,0,0,0,0,0,0,0,0,0
2587,3,84,84,84,-89,-89,-89,-105,-105,-124,51,-6,37,84,-102,103,-116,-70,29,82,7,-84,0,0,0,0,0,0,0,0,0,0,0,55,-119,-93,65,-51,36,116,123,119,-69,59,99,-122,-11,-72,-11,-59,-93,-58,125,-17,0,0,0,0,0,0,0,0,0,0,0
2588,3,84,84,84,-89,-89,-89,-105,-105,-124,51,-6,37,84,-102,103,-116,-70,29,82,7,-84,0,0,0,0,0,0,0,0,0,0,0,55,-119,-93,65,-51,36,116,123,119,-69,59,99,-122,-11,-72,-11,-59,-93,-58,125,-17,0,0,0,0,0,0,0,0,0,0,0
2589,3,86,-97,-97,-97,-12,-12,-12,70,84,-124,51,-6,37,84,-102,103,-116,-70,29,82,7,-84,0,0,0,0,0,0,0,0,0,0,87,-94,-27,32,-37,-99,-109,-46,72,-16,-55,14,67,-77,-69,-39,94,-86,58,-42,59,-17,0,0,0,0,0,0,0,0,0,0
2590,3,86,-97,-97,-97,-12,-12,-12,70,84,-124,51,-6,37,84,-102,103,-116,-70,29,82,7,-84,0,0,0,0,0,0,0,0,0,0,87,-94,-27,32,-37,-99,-109,-46,72,-16,-55,14,67,-77,-69,-39,94,-86,58,-42,59,-17,0,0,0,0,0,0,0,0,0,0
2591,3,86,-97,-97,-97,-12,-12,-12,70,84,-124,51,-6,37,84,-102,103,-116,-70,29,82,7,-84,0,0,0,0,0,0,0,0,0,0,87,-94,-27,32,-37,-99,-109,-46,72,-16,-55,14,67,-77,-69,-39,94,-86,58,-42,59,-17,0,0,0,0,0,0,0,0,0,0
2592,3,-124,-124,-120,-120,-120,-11,-11,-11,-21,84,-124,51,-6,37,84,-102,103,-116,-70,29,82,7,-84,0,0,0,0,0,0,0,0,0,-123,71,69,26,29,-30,-60,41,105,41,-31,61,-105,113,-57,109,-126,-102,68,54,71,-55,-17,0,0,0,0,0,0,0,0,0
2593,3,-124,-124,-120,-120,-120,-11,-11,-11,-21,84,-124,51,-6,37,84,-102,103,-116,-70,29,82,7,-84,0,0,0,0,0,0,0,0,0,-123,71,69,26,29,-30,-60,41,105,41,-31,61,-105,113,-57,109,-126,-102,68,54,71,-55,-17,0,0,0,0,0,0,0,0,0
2594,3,-124,-124,-120,-120,-120,-11,-11,-11,-21,84,-124,51,-6,37,84,-102,103,-116,-70,29,82,7,-84,0,0,0,0,0,0,0,0,0,-123,71,69,26,29,-30,-60,41,105,41,-31,61,-105,113,-57,109,-126,-102,68,54,71,-55,-17,0,0,0,0,0,0,0,0,0
2595,3,114,114,114,-122,-122,-122,109,109,-107,-21,84,-124,51,-6,37,84,-102,103,-116,-70,29,82,7,-84,0,0,0,0,0,0,0,0,-101,105,-77,19,-44,-50,-125,-98,-87,-71,-78,127,43,-66,-114,87,28,86,-54,-85,-13,-13,56,-17,0,0,0,0,0,0,0,0
2596,3,114,114,114,-122,-122,-122,109,109,-107,-21,84,-124,51,-6,37,84,-102,103,-116,-70,29,82,7,-84,0,0,0,0,0,0,0,0,-101,105,-77,19,-44,-50,-125,-98,-87,-71,-78,127,43,-66,-114,87,28,86,-54,-85,-13,-13,56,-17,0,0,0,0,0,0,0,0
2597,3,114,114,114,-122,-122,-122,109,109,-107,-21,84,-124,51,-6,37,84,-102,103,-116,-70,29,82,7,-84,0,0,0,0,0,0,0,0,-101,105,-77,19,-44,-50,-125,-98,-87,-71,-78,127,43,-66,-114,87,28,86,-54,-85,-13,-13,56,-17,0,0,0,0,0,0,0,0
2598,3,-82,-97,-97,-97,10,10,10,28,-119,-107,-21,84,-124,51,-6,37,84,-102,103,-116,-70,29,82,7,-84,0,0,0,0,0,0,0,-19,-49,35,90,-19,-33,-67,90,111,-67,107,83,-97,-21,73,-122,51,-38,112,-122,-20,-36,-69,-75,-17,0,0,0,0,0,0,0
2599,3,-82,-97,-97,-97,10,10,10,28,-119,-107,-21,84,-124,51,-6,37,84,-102,103,-116,-70,29,82,7,-84,0,0,0,0,0,0,0,-19,-49,35,90,-19,-33,-67,90,111,-67,107,83,-97,-21,73,-122,51,-38,112,-122,-20,-36,-69,-75,-17,0,0,0,0,0,0,0
2600,3,-82,-97,-97,-97,10,10,10,28,-119,-107,-21,84,-124,51,-6,37,84,-102,103,-116,-70,29,82,7,-84,0,0,0,0,0,0,0,-19,-49,35,90,-19,-33,-67,90,111,-67,107,83,-97,-21,73,-122,51,-38,112,-122,-20,-36,-69,-75,-17,0,0,0,0,0,0,0
2601,3,-95,-95,-45,-45,-45,-70,-70,-70,91,-119,-107,-21,84,-124,51,-6,37,84,-102,103,-116,-70,29,82,7,-84,0,0,0,0,0,0,-106,-94,96,104,-104,-64,102,-31,-77,95,-41,8,-24,-65,-12,-123,15,15,70,57,-80,-103,81,-36,103,-17,0,0,0,0,0,0
2602,3,-95,-95,-45,-45,-45,-70,-70,-70,91,-119,-107,-21,84,-124,51,-6,37,84,-102,103,-116,-70,29,82,7,-84,0,0,0,0,0,0,-106,-94,96,104,-104,-64,102,-31,-77,95,-41,8,-24,-65,-12,-123,15,15,70,57,-80,-103,81,-36,103,-17,0,0,0,0,0,0
2603,3,-95,-95,-45,-45,-45,-70,-70,-70,91,-119,-107,-21,84,-124,51,-6,37,84,-102,103,-116,-70,29,82,7,-84,0,0,0,0,0,0,-106,-94,96,104,-104,-64,102,-31,-77,95,-41,8,-24,-65,-12,-123,15,15,70,57,-80,-103,81,-36,103,-17,0,0,0,0,0,0
2604,3,-113,-113,-113,71,71,71,75,75,-116,91,-119,-107,-21,84,-124,51,-6,37,84,-102,103,-116,-70,29,82,7,-84,0,0,0,0,0,13,79,16,-14,-70,-63,94,118,94,70,-89,-68,-76,112,54,-35,121,-113,-106,-125,-64,-11,-20,-58,94,110,-17,0,0,0,0,0
2605,3,-113,-113,-113,71,71,71,75,75,-116,91,-119,-107,-21,84,-124,51,-6,37,84,-102,103,-116,-70,29,82,7,-84,0,0,0,0,0,13,79,16,-14,-70,-63,94,118,94,70,-89,-68,-76,112,54,-35,121,-113,-106,-125,-64,-11,-20,-58,94,110,-17,0,0,0,0,0
2606,3,-113,-113,-113,71,71,71,75,75,-116,91,-119,-107,-21,84,-124,51,-6,37,84,-102,103,-116,-70,29,82,7,-84,0,0,0,0,0,13,79,16,-14,-70,-63,94,118,94,70,-89,-68,-76,112,54,-35,121,-113,-106,-125,-64,-11,-20,-58,94,110,-17,0,0,0,0,0
2607,3,51,114,114,114,55,55,55,92,108,-116,91,-119,-107,-21,84,-124,51,-6,37,84,-102,103,-116,-70,29,82,7,-84,0,0,0,0,-124,-113,-60,-72,92,-3,-12,80,-47,-118,63,116,-31,31,36,-126,69,122,30,-92,-63,-89,44,65,-88,40,40,-17,0,0,0,0
2608,3,51,114,114,114,55,55,55,92,108,-116,91,-119,-107,-21,84,-124,51,-6,37,84,-102,103,-116,-70,29,82,7,-84,0,0,0,0,-124,-113,-60,-72,92,-3,-12,80,-47,-118,63,116,-31,31,36,-126,69,122,30,-92,-63,-89,44,65,-88,40,40,-17,0,0,0,0
2609,3,51,114,114,114,55,55,55,92,108,-116,91,-119,-107,-21,84,-124,51,-6,37,84,-102,103,-116,-70,29,82,7,-84,0,0,0,0,-124,-113,-60,-72,92,-3,-12,80,-47,-118,63,116,-31,31,36,-126,69,122,30,-92,-63,-89,44,65,-88,40,40,-17,0,0,0,0
2610,3,110,110,-111,-111,-111,77,77,77,84,108,-116,91,-119,-107,-21,84,-124,51,-6,37,84,-102,103,-116,-70,29,82,7,-84,0,0,0,-111,47,-90,81,-116,56,-113,86,-67,127,-14,87,-45,-88,-23,-66,-72,14,7,-103,-16,48,-58,43,-116,-20,-43,48,-17,0,0,0
2611,3,110,110,-111,-111,-111,77,77,77,84,108,-116,91,-119,-107,-21,84,-124,51,-6,37,84,-102,103,-116,-70,29,82,7,-84,0,0,0,-111,47,-90,81,-116,56,-113,86,-67,127,-14,87,-45,-88,-23,-66,-72,14,7,-103,-16,48,-58,43,-116,-20,-43,48,-17,0,0,0
2612,3,110,110,-111,-111,-111,77,77,77,84,108,-116,91,-119,-107,-21,84,-124,51,-6,37,84,-102,103,-116,-70,29,82,7,-84,0,0,0,-111,47,-90,81,-116,56,-113,86,-67,127,-14,87,-45,-88,-23,-66,-72,14,7,-103,-16,48,-58,43,-116,-20,-43,48,-17,0,0,0
2613,3,-88,-88,-88,117,117,117,-13,-13,86,84,108,-116,91,-119,-107,-21,84,-124,51,-6,37,84,-102,103,-116,-70,29,82,7,-84,0,0,61,88,2,-121,-112,44,61,26,88,-6,-33,13,114,-80,68,45,70,-51,-53,21,-5,-103,-31,1,122,-56,17,-54,54,-17,0,0
2614,3,-88,-88,-88,117,117,117,-13,-13,86,84,108,-116,91,-119,-107,-21,84,-124,51,-6,37,84,-102,103,-116,-70,29,82,7,-84,0,0,61,88,2,-121,-112,44,61,26,88,-6,-33,13,114,-80,68,45,70,-51,-53,21,-5,-103,-31,1,122,-56,17,-54,54,-17,0,0
2615,3,-88,-88,-88,117,117,117,-13,-13,86,84,108,-116,91,-119,-107,-21,84,-124,51,-6,37,84,-102,103,-116,-70,29,82,7,-84,0,0,61,88,2,-121,-112,44,61,26,88,-6,-33,13,114,-80,68,45,70,-51,-53,21,-5,-103,-31,1,122,-56,17,-54,54,-17,0,0
2616,3,112,59,59,59,-116,-116,-116,95,-124,86,84,108,-116,91,-119,-107,-21,84,-124,51,-6,37,84,-102,103,-116,-70,29,82,7,-84,0,100,-78,54,55,-10,58,64,24,-103,44,61,-28,35,-11,-43,97,60,-118,-61,13,88,4,4,63,-32,-125,110,-4,121,-49,-17,0
2617,3,112,59,59,59,-116,-116,-116,95,-124,86,84,108,-116,91,-119,-107,-21,84,-124,51,-6,37,84,-102,103,-116,-70,29,82,7,-84,0,100,-78,54,55,-10,58,64,24,-103,44,61,-28,35,-11,-43,97,60,-118,-61,13,88,4,4,63,-32,-125,110,-4,121,-49,-17,0
2618,3,112,59,59,59,-116,-116,-116,95,-124,86,84,108,-116,91,-119,-107,-21,84,-124,51,-6,37,84,-102,103,-116,-70,29,82,7,-84,0,100,-78,54,55,-10,58,64,24,-103,44,61,-28,35,-11,-43,97,60,-118,-61,13,88,4,4,63,-32,-125,110,-4,121,-49,-17,0
2619,3,-36,-36,-59,-59,-59,53,53,53,114,-124,86,84,108,-116,91,-119,-107,-21,84,-124,51,-6,37,84,-102,103,-116,-70,29,82,7,-84,45,24,100,-105,64,34,21,-82,-102,-28,86,-113,-14,41,86,87,-103,114,6,56,71,-67,36,-125,-49,-102,12,-57,-66,-67,5,-17
2620,3,-36,-36,-59,-59,-59,53,53,53,114,-124,86,84,108,-116,91,-119,-107,-21,84,-124,51,-6,37,84,-102,103,-116,-70,29,82,7,-84,45,24,100,-105,64,34,21,-82,-102,-28,86,-113,-14,41,86,87,-103,114,6,56,71,-67,36,-125,-49,-102,12,-57,-66,-67,5,-17
2621,3,-36,-36,-59,-59,-59,53,53,53,114,-124,86,84,108,-116,91,-119,-107,-21,84,-124,51,-6,37,84,-102,103,-116,-70,29,82,7,-84,45,24,100,-105,64,34,21,-82,-102,-28,86,-113,-14,41,86,87,-103,114,6,56,71,-67,36,-125,-49,-102,12,-57,-66,-67,5,-17
2622,3,-109,-109,-109,25,25,25,-110,-110,-82,114,-124,86,84,108,-116,91,-119,-107,-21,84,-124,51,-6,37,84,-102,103,-116,-70,29,82,7,-58,-112,-37,115,86,15,42,-16,81,89,-66,-26,36,10,89,-47,-1,94,43,5,116,118,62,-17,94,109,109,-36,-98,9,62,-105
2623,3,-109,-109,-109,25,25,25,-110,-110,-82,114,-124,86,84,108,-116,91,-119,-107,-21,84,-124,51,-6,37,84,-102,103,-116,-70,29,82,7,-58,-112,-37,115,86,15,42,-16,81,89,-66,-26,36,10,89,-47,-1,94,43,5,116,118,62,-17,94,109,109,-36,-98,9,62,-105
2624,3,-109,-109,-109,25,25,25,-110,-110,-82,114,-124,86,84,108,-116,91,-119,-107,-21,84,-124,51,-6,37,84,-102,103,-116,-70,29,82,7,-58,-112,-37,115,86,15,42,-16,81,89,-66,-26,36,10,89,-47,-1,94,43,5,116,118,62,-17,94,109,109,-36,-98,9,62,-105
2625,3,63,125,125,125,-71,-71,-71,-61,-95,-82,114,-124,86,84,108,-116,91,-119,-107,-21,84,-124,51,-6,37,84,-102,103,-116,-70,29,82,114,38,-15,58,51,-51,124,-92,104,53,90,77,-104,-19,86,-125,51,9,6,-123,84,62,-25,-34,-105,81,19,-73,-113,-111,-86,125
2626,3,63,125,125,125,-71,-71,-71,-61,-95,-82,114,-124,86,84,108,-116,91,-119,-107,-21,84,-124,51,-6,37,84,-102,103,-116,-70,29,82,114,38,-15,58,51,-51,124,-92,104,53,90,77,-104,-19,86,-125,51,9,6,-123,84,62,-25,-34,-105,81,19,-73,-113,-111,-86,125
2627,3,63,125,125,125,-71,-71,-71,-61,-95,-82,114,-124,86,84,108,-116,91,-119,-107,-21,84,-124,51,-6,37,84,-102,103,-116,-70,29,82,114,38,-15,58,51,-51,124,-92,104,53,90,77,-104,-19,86,-125,51,9,6,-123,84,62,-25,-34,-105,81,19,-73,-113,-111,-86,125
2628,3,126,126,-123,-123,-123,91,91,91,-113,-95,-82,114,-124,86,84,108,-116,91,-119,-107,-21,84,-124,51,-6,37,84,-102,103,-116,-70,29,-35,69,-45,-56,-29,-118,33,-108,24,46,-107,28,1,-111,-96,-47,109,-79,35,22,-54,106,95,-49,-38,-22,17,-35,-109,58,-34,116
2629,3,126,126,-123,-123,-123,91,91,91,-113,-95,-82,114,-124,86,84,108,-116,91,-119,-107,-21,84,-124,51,-6,37,84,-102,103,-116,-70,29,-35,69,-45,-56,-29,-118,33,-108,24,46,-107,28,1,-111,-96,-47,109,-79,35,22,-54,106,95,-49,-38,-22,17,-35,-109,58,-34,116
2630,3,126,126,-123,-123,-123,91,91,91,-113,-95,-82,114,-124,86,84,108,-116,91,-119,-107,-21,84,-124,51,-6,37,84,-102,103,-116,-70,29,-35,69,-45,-56,-29,-118,33,-108,24,46,-107,28,1,-111,-96,-47,109,-79,35,22,-54,106,95,-49,-38,-22,17,-35,-109,58,-34,116
2631,3,92,92,92,11,11,11,-38,-38,51,-113,-95,-82,114,-124,86,84,108,-116,91,-119,-107,-21,84,-124,51,-6,37,84,-102,103,-116,-70,-43,-37,-88,38,-2,109,46,50,49,-109,-127,-53,-20,-121,-108,10,110,-105,-82,76,42,-74,94,-5,76,34,-31,-25,-106,-67,-11,108
2632,3,92,92,92,11,11,11,-38,-38,51,-113,-95,-82,114,-124,86,84,108,-116,91,-119,-107,-21,84,-124,51,-6,37,84,-102,103,-116,-70,-43,-37,-88,38,-2,109,46,50,49,-109,-127,-53,-20,-121,-108,10,110,-105,-82,76,42,-74,94,-5,76,34,-31,-25,-106,-67,-11,108
2633,3,92,92,92,11,11,11,-38,-38,51,-113,-95,-82,114,-124,86,84,108,-116,91,-119,-107,-21,84,-124,51,-6,37,84,-102,103,-116,-70,-43,-37,-88,38,-2,109,46,50,49,-109,-127,-53,-20,-121,-108,10,110,-105,-82,76,42,-74,94,-5,76,34,-31,-25,-106,-67,-11,108
2634,3,56,55,55,55,38,38,38,13,110,51,-113,-95,-82,114,-124,86,84,108,-116,91,-119,-107,-21,84,-124,51,-6,37,84,-102,103,-116,37,-45,111,60,-79,-64,-70,102,65,90,35,22,-81,-6,17,-24,105,52,111,-68,71,-6,-91,36,-68,76,24,109,46,66,-43,113
2635,3,56,55,55,55,38,38,38,13,110,51,-113,-95,-82,114,-124,86,84,108,-116,91,-119,-107,-21,84,-124,51,-6,37,84,-102,103,-116,37,-45,111,60,-79,-64,-70,102,65,90,35,22,-81,-6,17,-24,105,52,111,-68,71,-6,-91,36,-68,76,24,109,46,66,-43,113
2636,3,56,55,55,55,38,38,38,13,110,51,-113,-95,-82,114,-124,86,84,108,-116,91,-119,-107,-21,84,-124,51,-6,37,84,-102,103,-116,37,-45,111,60,-79,-64,-70,102,65,90,35,22,-81,-6,17,-24,105,52,111,-68,71,-6,-91,36,-68,76,24,109,46,66,-43,113
2637,3,-10,-10,-75,-75,-75,117,117,117,-88,110,51,-113,-95,-82,114,-124,86,84,108,-116,91,-119,-107,-21,84,-124,51,-6,37,84,-102,103,-108,-2,55,15,108,6,18,-126,-93,-64,-113,-38,-47,-59,-63,-84,-16,31,36,-7,64,23,115,-81,21,108,78,127,110,38,8,-4
2638,3,-10,-10,-75,-75,-75,117,117,117,-88,110,51,-113,-95,-82,114,-124,86,84,108,-116,91,-119,-107,-21,84,-124,51,-6,37,84,-102,103,-108,-2,55,15,108,6,18,-126,-93,-64,-113,-38,-47,-59,-63,-84,-16,31,36,-7,64,23,115,-81,21,108,78,127,110,38,8,-4
2639,3,-10,-10,-75,-75,-75,117,117,117,-88,110,51,-113,-95,-82,114,-124,86,84,108,-116,91,-119,-107,-21,84,-124,51,-6,37,84,-102,103,-108,-2,55,15,108,6,18,-126,-93,-64,-113,-38,-47,-59,-63,-84,-16,31,36,-7,64,23,115,-81,21,108,78,127,110,38,8,-4
2640,3,49,49,49,115,115,115,-105,-105,112,-88,110,51,-113,-95,-82,114,-124,86,84,108,-116,91,-119,-107,-21,84,-124,51,-6,37,84,-102,91,-71,97,-109,97,-15,26,98,118,-105,-51,39,-109,-59,71,119,-124,36,55,64,-16,50,4,32,-80,90,52,25,88,-3,-25,-49
2641,3,49,49,49,115,115,115,-105,-105,112,-88,110,51,-113,-95,-82,114,-124,86,84,108,-116,91,-119,-107,-21,84,-124,51,-6,37,84,-102,91,-71,97,-109,97,-15,26,98,118,-105,-51,39,-109,-59,71,119,-124,36,55,64,-16,50,4,32,-80,90,52,25,88,-3,-25,-49
2642,3,49,49,49,115,115,115,-105,-105,112,-88,110,51,-113,-95,-82,114,-124,86,84,108,-116,91,-119,-107,-21,84,-124,51,-6,37,84,-102,91,-71,97,-109,97,-15,26,98,118,-105,-51,39,-109,-59,71,119,-124,36,55,64,-16,50,4,32,-80,90,52,25,88,-3,-25,-49
2643,3,-17,46,46,46,90,90,90,83,-36,112,-88,110,51,-113,-95,-82,114,-124,86,84,108,-116,91,-119,-107,-21,84,-124,51,-6,37,84,-89,-127,-17,-74,90,86,-53,78,100,-84,-108,-48,72,108,-8,119,29,54,80,-63,-63,91,109,-35,74,45,107,-94,-83,-3,-97,46
2644,3,-17,46,46,46,90,90,90,83,-36,112,-88,110,51,-113,-95,-82,114,-124,86,84,108,-116,91,-119,-107,-21,84,-124,51,-6,37,84,-89,-127,-17,-74,90,86,-53,78,100,-84,-108,-48,72,108,-8,119,29,54,80,-63,-63,91,109,-35,74,45,107,-94,-83,-3,-97,46
2645,3,-17,46,46,46,90,90,90,83,-36,112,-88,110,51,-113,-95,-82,114,-124,86,84,108,-116,91,-119,-107,-21,84,-124,51,-6,37,84,-89,-127,-17,-74,90,86,-53,78,100,-84,-108,-48,72,108,-8,119,29,54,80,-63,-63,91,109,-35,74,45,107,-94,-83,-3,-97,46
2646,3,-70,-70,-127,-127,-127,57,57,57,-109,-36,112,-88,110,51,-113,-95,-82,114,-124,86,84,108,-116,91,-119,-107,-21,84,-124,51,-6,37,58,103,-12,-44,-104,7,35,101,98,52,-84,46,115,55,15,-14,112,-83,-87,-94,119,52,126,-68,-126,-104,18,-39,34,-37,16,67
2647,3,-70,-70,-127,-127,-127,57,57,57,-109,-36,112,-88,110,51,-113,-95,-82,114,-124,86,84,108,-116,91,-119,-107,-21,84,-124,51,-6,37,58,103,-12,-44,-104,7,35,101,98,52,-84,46,115,55,15,-14,112,-83,-87,-94,119,52,126,-68,-126,-104,18,-39,34,-37,16,67
2648,3,-70,-70,-127,-127,-127,57,57,57,-109,-36,112,-88,110,51,-113,-95,-82,114,-124,86,84,108,-116,91,-119,-107,-21,84,-124,51,-6,37,58,103,-12,-44,-104,7,35,101,98,52,-84,46,115,55,15,-14,112,-83,-87,-94,119,52,126,-68,-126,-104,18,-39,34,-37,16,67
2649,3,49,49,49,-88,-88,-88,-20,-20,63,-109,-36,112,-88,110,51,-113,-95,-82,114,-124,86,84,108,-116,91,-119,-107,-21,84,-124,51,-6,-22,46,-77,-126,-126,48,8,113,-59,-86,6,67,-55,-14,-29,-93,-46,81,-88,37,-68,-109,-108,-29,10,-27,21,7,-42,-57,88,-61
2650,3,49,49,49,-88,-88,-88,-20,-20,63,-109,-36,112,-88,110,51,-113,-95,-82,114,-124,86,84,108,-116,91,-119,-107,-21,84,-124,51,-6,-22,46,-77,-126,-126,48,8,113,-59,-86,6,67,-55,-14,-29,-93,-46,81,-88,37,-68,-109,-108,-29,10,-27,21,7,-42,-57,88,-61
2651,3,49,49,49,-88,-88,-88,-20,-20,63,-109,-36,112,-88,110,51,-113,-95,-82,114,-124,86,84,108,-116,91,-119,-107,-21,84,-124,51,-6,-22,46,-77,-126,-126,48,8,113,-59,-86,6,67,-55,-14,-29,-93,-46,81,-88,37,-68,-109,-108,-29,10,-27,21,7,-42,-57,88,-61
2652,3,-3,46,46,46,50,50,50,52,126,63,-109,-36,112,-88,110,51,-113,-95,-82,114,-124,86,84,108,-116,91,-119,-107,-21,84,-124,51,-18,80,-108,-71,76,-100,118,127,-116,-104,-97,100,68,-116,-107,31,-27,47,58,11,34,-72,-78,9,-36,-79,-61,49,-1,-7,-62,38
2653,3,-3,46,46,46,50,50,50,52,126,63,-109,-36,112,-88,110,51,-113,-95,-82,114,-124,86,84,108,-116,91,-119,-107,-21,84,-124,51,-18,80,-108,-71,76,-100,118,127,-116,-104,-97,100,68,-116,-107,31,-27,47,58,11,34,-72,-78,9,-36,-79,-61,49,-1,-7,-62,38
2654,3,-3,46,46,46,50,50,50,52,126,63,-109,-36,112,-88,110,51,-113,-95,-82,114,-124,86,84,108,-116,91,-119,-107,-21,84,-124,51,-18,80,-108,-71,76,-100,118,127,-116,-104,-97,100,68,-116,-107,31,-27,47,58,11,34,-72,-78,9,-36,-79,-61,49,-1,-7,-62,38
2655,3,-109,-109,-9,-9,-9,-95,-95,-95,92,126,63,-109,-36,112,-88,110,51,-113,-95,-82,114,-124,86,84,108,-116,91,-119,-107,-21,84,-124,101,-43,25,-109,74,90,-19,88,32,-105,-33,60,33,-122,48,-100,35,6,109,-113,-91,-16,92,-113,81,79,77,109,-92,90,22,114
2656,3,-109,-109,-9,-9,-9,-95,-95,-95,92,126,63,-109,-36,112,-88,110,51,-113,-95,-82,114,-124,86,84,108,-116,91,-119,-107,-21,84,-124,101,-43,25,-109,74,90,-19,88,32,-105,-33,60,33,-122,48,-100,35,6,109,-113,-91,-16,92,-113,81,79,77,109,-92,90,22,114
2657,3,-109,-109,-9,-9,-9,-95,-95,-95,92,126,63,-109,-36,112,-88,110,51,-113,-95,-82,114,-124,86,84,108,-116,91,-119,-107,-21,84,-124,101,-43,25,-109,74,90,-19,88,32,-105,-33,60,33,-122,48,-100,35,6,109,-113,-91,-16,92,-113,81,79,77,109,-92,90,22,114
2658,3,-28,-28,-28,111,111,111,44,44,56,92,126,63,-109,-36,112,-88,110,51,-113,-95,-82,114,-124,86,84,108,-116,91,-119,-107,-21,84,73,48,77,-87,25,19,-121,-20,-123,46,25,-113,26,105,32,-92,-60,127,-24,-122,-108,86,76,-2,103,-16,-108,54,0,-6,-5,126
2659,3,-28,-28,-28,111,111,111,44,44,56,92,126,63,-109,-36,112,-88,110,51,-113,-95,-82,114,-124,86,84,108,-116,91,-119,-107,-21,84,73,48,77,-87,25,19,-121,-20,-123,46,25,-113,26,105,32,-92,-60,127,-24,-122,-108,86,76,-2,103,-16,-108,54,0,-6,-5,126
2660,3,-28,-28,-28,111,111,111,44,44,56,92,126,63,-109,-36,112,-88,110,51,-113,-95,-82,114,-124,86,84,108,-116,91,-119,-107,-21,84,73,48,77,-87,25,19,-121,-20,-123,46,25,-113,26,105,32,-92,-60,127,-24,-122,-108,86,76,-2,103,-16,-108,54,0,-6,-5,126
2661,3,27,-95,-95,-95,-64,-64,-64,43,-10,56,92,126,63,-109,-36,112,-88,110,51,-113,-95,-82,114,-124,86,84,108,-116,91,-119,-107,-21,109,26,38,69,19,81,-116,-96,30,-120,106,-79,-96,25,56,-101,105,106,36,49,70,119,-10,78,-1,64,30,-71,10,47,-7,59
2662,3,27,-95,-95,-95,-64,-64,-64,43,-10,56,92,126,63,-109,-36,112,-88,110,51,-113,-95,-82,114,-124,86,84,108,-116,91,-119,-107,-21,109,26,38,69,19,81,-116,-96,30,-120,106,-79,-96,25,56,-101,105,106,36,49,70,119,-10,78,-1,64,30,-71,10,47,-7,59
2663,3,27,-95,-95,-95,-64,-64,-64,43,-10,56,92,126,63,-109,-36,112,-88,110,51,-113,-95,-82,114,-124,86,84,108,-116,91,-119,-107,-21,109,26,38,69,19,81,-116,-96,30,-120,106,-79,-96,25,56,-101,105,106,36,49,70,119,-10,78,-1,64,30,-71,10,47,-7,59
2664,3,49,49,58,58,58,102,102,102,49,-10,56,92,126,63,-109,-36,112,-88,110,51,-113,-95,-82,114,-124,86,84,108,-116,91,-119,-107,-12,-39,-51,-15,55,38,-78,89,-91,34,40,36,18,73,-55,105,90,54,-59,-95,-49,-63,-52,22,-99,126,124,-84,118,-104,-41,62
2665,3,49,49,58,58,58,102,102,102,49,-10,56,92,126,63,-109,-36,112,-88,110,51,-113,-95,-82,114,-124,86,84,108,-116,91,-119,-107,-12,-39,-51,-15,55,38,-78,89,-91,34,40,36,18,73,-55,105,90,54,-59,-95,-49,-63,-52,22,-99,126,124,-84,118,-104,-41,62
2666,3,49,49,58,58,58,102,102,102,49,-10,56,92,126,63,-109,-36,112,-88,110,51,-113,-95,-82,114,-124,86,84,108,-116,91,-119,-107,-12,-39,-51,-15,55,38,-78,89,-91,34,40,36,18,73,-55,105,90,54,-59,-95,-49,-63,-52,22,-99,126,124,-84,118,-104,-41,62
2667,3,66,66,66,-57,-57,-57,-83,-83,-17,49,-10,56,92,126,63,-109,-36,112,-88,110,51,-113,-95,-82,114,-124,86,84,108,-116,91,-119,-86,87,99,-10,-42,-114,64,78,-62,-11,-104,86,-7,-32,69,-7,66,-70,-119,-127,-21,119,102,118,104,-75,-75,65,91,-56,33,45
2668,3,66,66,66,-57,-57,-57,-83,-83,-17,49,-10,56,92,126,63,-109,-36,112,-88,110,51,-113,-95,-82,114,-124,86,84,108,-116,91,-119,-86,87,99,-10,-42,-114,64,78,-62,-11,-104,86,-7,-32,69,-7,66,-70,-119,-127,-21,119,102,118,104,-75,-75,65,91,-56,33,45
2669,3,66,66,66,-57,-57,-57,-83,-83,-17,49,-10,56,92,126,63,-109,-36,112,-88,110,51,-113,-95,-82,114,-124,86,84,108,-116,91,-119,-86,87,99,-10,-42,-114,64,78,-62,-11,-104,86,-7,-32,69,-7,66,-70,-119,-127,-21,119,102,118,104,-75,-75,65,91,-56,33,45
2670,3,-60,-65,-65,-65,112,112,112,63,-70,-17,49,-10,56,92,126,63,-109,-36,112,-88,110,51,-113,-95,-82,114,-124,86,84,108,-116,91,-37,-89,29,117,-43,88,12,110,-105,-80,114,-125,-80,-109,-41,76,101,5,8,-52,-61,-56,-81,98,49,63,-88,-51,46,5,-58,14
2671,3,-60,-65,-65,-65,112,112,112,63,-70,-17,49,-10,56,92,126,63,-109,-36,112,-88,110,51,-113,-95,-82,114,-124,86,84,108,-116,91,-37,-89,29,117,-43,88,12,110,-105,-80,114,-125,-80,-109,-41,76,101,5,8,-52,-61,-56,-81,98,49,63,-88,-51,46,5,-58,14
2672,3,-60,-65,-65,-65,112,112,112,63,-70,-17,49,-10,56,92,126,63,-109,-36,112,-88,110,51,-113,-95,-82,114,-124,86,84,108,-116,91,-37,-89,29,117,-43,88,12,110,-105,-80,114,-125,-80,-109,-41,76,101,5,8,-52,-61,-56,-81,98,49,63,-88,-51,46,5,-58,14
2673,3,57,57,50,50,50,-32,-32,-32,49,-70,-17,49,-10,56,92,126,63,-109,-36,112,-88,110,51,-113,-95,-82,114,-124,86,84,108,-116,3,38,-123,-69,110,-49,-92,4,6,-52,8,31,103,-68,3,47,62,-125,-116,-43,52,15,-6,-40,-47,10,1,35,-45,75,9,26
2674,3,57,57,50,50,50,-32,-32,-32,49,-70,-17,49,-10,56,92,126,63,-109,-36,112,-88,110,51,-113,-95,-82,114,-124,86,84,108,-116,3,38,-123,-69,110,-49,-92,4,6,-52,8,31,103,-68,3,47,62,-125,-116,-43,52,15,-6,-40,-47,10,1,35,-45,75,9,26
2675,3,57,57,50,50,50,-32,-32,-32,49,-70,-17,49,-10,56,92,126,63,-109,-36,112,-88,110,51,-113,-95,-82,114,-124,86,84,108,-116,3,38,-123,-69,110,-49,-92,4,6,-52,8,31,103,-68,3,47,62,-125,-116,-43,52,15,-6,-40,-47,10,1,35,-45,75,9,26
2676,3,0,0,0,-78,-78,-78,81,81,-3,49,-70,-17,49,-10,56,92,126,63,-109,-36,112,-88,110,51,-113,-95,-82,114,-124,86,84,108,32,83,85,-51,-62,99,-107,0,99,-86,-82,-23,-115,35,26,51,-39,-91,27,-12,-108,15,25,-61,-77,1,-82,-5,-71,83,99,-124
2677,3,0,0,0,-78,-78,-78,81,81,-3,49,-70,-17,49,-10,56,92,126,63,-109,-36,112,-88,110,51,-113,-95,-82,114,-124,86,84,108,32,83,85,-51,-62,99,-107,0,99,-86,-82,-23,-115,35,26,51,-39,-91,27,-12,-108,15,25,-61,-77,1,-82,-5,-71,83,99,-124
2678,3,0,0,0,-78,-78,-78,81,81,-3,49,-70,-17,49,-10,56,92,126,63,-109,-36,112,-88,110,51,-113,-95,-82,114,-124,86,84,108,32,83,85,-51,-62,99,-107,0,99,-86,-82,-23,-115,35,26,51,-39,-91,27,-12,-108,15,25,-61,-77,1,-82,-5,-71,83,99,-124
2679,3,6,12,12,12,41,41,41,31,-109,-3,49,-70,-17,49,-10,56,92,126,63,-109,-36,112,-88,110,51,-113,-95,-82,114,-124,86,84,-121,-24,46,-97,-127,-109,91,90,39,-20,119,20,-123,-33,122,41,-31,61,-125,-105,-27,-12,-70,49,-57,66,-88,112,-5,34,63,-106
2680,3,6,12,12,12,41,41,41,31,-109,-3,49,-70,-17,49,-10,56,92,126,63,-109,-36,112,-88,110,51,-113,-95,-82,114,-124,86,84,-121,-24,46,-97,-127,-109,91,90,39,-20,119,20,-123,-33,122,41,-31,61,-125,-105,-27,-12,-70,49,-57,66,-88,112,-5,34,63,-106
2681,3,6,12,12,12,41,41,41,31,-109,-3,49,-70,-17,49,-10,56,92,126,63,-109,-36,112,-88,110,51,-113,-95,-82,114,-124,86,84,-121,-24,46,-97,-127,-109,91,90,39,-20,119,20,-123,-33,122,41,-31,61,-125,-105,-27,-12,-70,49,-57,66,-88,112,-5,34,63,-106
2682,3,-46,-46,7,7,7,-104,-104,-104,-28,-109,-3,49,-70,-17,49,-10,56,92,126,63,-109,-36,112,-88,110,51,-113,-95,-82,114,-124,86,75,-6,-119,-97,-73,53,-112,-70,110,-54,-113,10,116,-49,42,73,87,-98,2,-118,44,-6,-11,54,-83,-4,-37,-11,53,39,62,-120
2683,3,-46,-46,7,7,7,-104,-104,-104,-28,-109,-3,49,-70,-17,49,-10,56,92,126,63,-109,-36,112,-88,110,51,-113,-95,-82,114,-124,86,75,-6,-119,-97,-73,53,-112,-70,110,-54,-113,10,116,-49,42,73,87,-98,2,-118,44,-6,-11,54,-83,-4,-37,-11,53,39,62,-120
2684,3,-46,-46,7,7,7,-104,-104,-104,-28,-109,-3,49,-70,-17,49,-10,56,92,126,63,-109,-36,112,-88,110,51,-113,-95,-82,114,-124,86,75,-6,-119,-97,-73,53,-112,-70,110,-54,-113,10,116,-49,42,73,87,-98,2,-118,44,-6,-11,54,-83,-4,-37,-11,53,39,62,-120
2685,3,-122,-122,-122,33,33,33,54,54,27,-28,-109,-3,49,-70,-17,49,-10,56,92,126,63,-109,-36,112,-88,110,51,-113,-95,-82,114,-124,-10,92,56,124,-88,-122,91,80,71,61,-108,-35,-52,87,38,26,86,98,79,-7,8,84,-47,-39,-1,18,-16,-107,-123,71,115,-40
2686,3,-122,-122,-122,33,33,33,54,54,27,-28,-109,-3,49,-70,-17,49,-10,56,92,126,63,-109,-36,112,-88,110,51,-113,-95,-82,114,-124,-10,92,56,124,-88,-122,91,80,71,61,-108,-35,-52,87,38,26,86,98,79,-7,8,84,-47,-39,-1,18,-16,-107,-123,71,115,-40
2687,3,-122,-122,-122,33,33,33,54,54,27,-28,-109,-3,49,-70,-17,49,-10,56,92,126,63,-109,-36,112,-88,110,51,-113,-95,-82,114,-124,-10,92,56,124,-88,-122,91,80,71,61,-108,-35,-52,87,38,26,86,98,79,-7,8,84,-47,-39,-1,18,-16,-107,-123,71,115,-40
2688,3,110,64,64,64,-80,-80,-80,107,49,27,-28,-109,-3,49,-70,-17,49,-10,56,92,126,63,-109,-36,112,-88,110,51,-113,-95,-82,114,42,-17,54,25,38,-36,-97,46,85,-94,-31,-5,106,114,-121,-94,127,-15,-44,-127,-41,-74,-110,-54,91,-70,8,126,38,-102,41,-37
2689,3,110,64,64,64,-80,-80,-80,107,49,27,-28,-109,-3,49,-70,-17,49,-10,56,92,126,63,-109,-36,112,-88,110,51,-113,-95,-82,114,42,-17,54,25,38,-36,-97,46,85,-94,-31,-5,106,114,-121,-94,127,-15,-44,-127,-41,-74,-110,-54,91,-70,8,126,38,-102,41,-37
2690,3,110,64,64,64,-80,-80,-80,107,49,27,-28,-109,-3,49,-70,-17,49,-10,56,92,126,63,-109,-36,112,-88,110,51,-113,-95,-82,114,42,-17,54,25,38,-36,-97,46,85,-94,-31,-5,106,114,-121,-94,127,-15,-44,-127,-41,-74,-110,-54,91,-70,8,126,38,-102,41,-37
2691,3,-15,-15,0,0,0,88,88,88,66,49,27,-28,-109,-3,49,-70,-17,49,-10,56,92,126,63,-109,-36,112,-88,110,51,-113,-95,-82,7,0,-19,-93,76,-19,115,-47,-12,-73,-118,100,111,7,-49,49,-120,-68,122,92,101,94,-88,111,-87,60,-86,45,-87,-8,18,122
2692,3,-15,-15,0,0,0,88,88,88,66,49,27,-28,-109,-3,49,-70,-17,49,-10,56,92,126,63,-109,-36,112,-88,110,51,-113,-95,-82,7,0,-19,-93,76,-19,115,-47,-12,-73,-118,100,111,7,-49,49,-120,-68,122,92,101,94,-88,111,-87,60,-86,45,-87,-8,18,122
2693,3,-15,-15,0,0,0,88,88,88,66,49,27,-28,-109,-3,49,-70,-17,49,-10,56,92,126,63,-109,-36,112,-88,110,51,-113,-95,-82,7,0,-19,-93,76,-19,115,-47,-12,-73,-118,100,111,7,-49,49,-120,-68,122,92,101,94,-88,111,-87,60,-86,45,-87,-8,18,122
2694,3,84,84,84,-64,-64,-64,7,7,-60,66,49,27,-28,-109,-3,49,-70,-17,49,-10,56,92,126,63,-109,-36,112,-88,110,51,-113,-95,-28,-86,83,-40,-22,97,97,108,97,40,56,89,89,-34,-84,49,66,-69,89,88,-10,118,4,109,-67,47,-113,94,-72,-81,-91,-82
2695,3,84,84,84,-64,-64,-64,7,7,-60,66,49,27,-28,-109,-3,49,-70,-17,49,-10,56,92,126,63,-109,-36,112,-88,110,51,-113,-95,-28,-86,83,-40,-22,97,97,108,97,40,56,89,89,-34,-84,49,66,-69,89,88,-10,118,4,109,-67,47,-113,94,-72,-81,-91,-82
2696,3,84,84,84,-64,-64,-64,7,7,-60,66,49,27,-28,-109,-3,49,-70,-17,49,-10,56,92,126,63,-109,-36,112,-88,110,51,-113,-95,-28,-86,83,-40,-22,97,97,108,97,40,56,89,89,-34,-84,49,66,-69,89,88,-10,118,4,109,-67,47,-113,94,-72,-81,-91,-82
2697,3,-80,-123,-123,-123,63,63,63,-19,57,-60,66,49,27,-28,-109,-3,49,-70,-17,49,-10,56,92,126,63,-109,-36,112,-88,110,51,-113,84,-18,23,-32,-46,-22,5,-37,-127,58,-48,-34,13,-61,113,-92,43,29,-23,-97,-25,-76,-58,27,-89,96,-53,9,30,108,42,-59
2698,3,-80,-123,-123,-123,63,63,63,-19,57,-60,66,49,27,-28,-109,-3,49,-70,-17,49,-10,56,92,126,63,-109,-36,112,-88,110,51,-113,84,-18,23,-32,-46,-22,5,-37,-127,58,-48,-34,13,-61,113,-92,43,29,-23,-97,-25,-76,-58,27,-89,96,-53,9,30,108,42,-59
2699,3,-80,-123,-123,-123,63,63,63,-19,57,-60,66,49,27,-28,-109,-3,49,-70,-17,49,-10,56,92,126,63,-109,-36,112,-88,110,51,-113,84,-18,23,-32,-46,-22,5,-37,-127,58,-48,-34,13,-61,113,-92,43,29,-23,-97,-25,-76,-58,27,-89,96,-53,9,30,108,42,-59
2700,3,23,23,-45,-45,-45,127,127,127,0,57,-60,66,49,27,-28,-109,-3,49,-70,-17,49,-10,56,92,126,63,-109,-36,112,-88,110,51,125,117,-105,126,-83,-102,-11,-35,-127,14,111,54,-84,-46,-125,55,32,-74,-9,41,-81,111,-39,-90,-59,74,-77,-30,-112,72,-41,102
2701,3,23,23,-45,-45,-45,127,127,127,0,57,-60,66,49,27,-28,-109,-3,49,-70,-17,49,-10,56,92,126,63,-109,-36,112,-88,110,51,125,117,-105,126,-83,-102,-11,-35,-127,14,111,54,-84,-46,-125,55,32,-74,-9,41,-81,111,-39,-90,-59,74,-77,-30,-112,72,-41,102
2702,3,23,23,-45,-45,-45,127,127,127,0,57,-60,66,49,27,-28,-109,-3,49,-70,-17,49,-10,56,92,126,63,-109,-36,112,-88,110,51,125,117,-105,126,-83,-102,-11,-35,-127,14,111,54,-84,-46,-125,55,32,-74,-9,41,-81,111,-39,-90,-59,74,-77,-30,-112,72,-41,102
2703,3,126,126,126,105,105,105,14,14,6,0,57,-60,66,49,27,-28,-109,-3,49,-70,-17,49,-10,56,92,126,63,-109,-36,112,-88,110,-93,51,71,11,-112,76,58,30,-88,-67,9,-60,32,-19,-102,-123,46,89,-88,104,-10,-74,-67,-125,-105,-91,121,18,51,10,-41,-101
2704,3,126,126,126,105,105,105,14,14,6,0,57,-60,66,49,27,-28,-109,-3,49,-70,-17,49,-10,56,92,126,63,-109,-36,112,-88,110,-93,51,71,11,-112,76,58,30,-88,-67,9,-60,32,-19,-102,-123,46,89,-88,104,-10,-74,-67,-125,-105,-91,121,18,51,10,-41,-101
2705,3,126,126,126,105,105,105,14,14,6,0,57,-60,66,49,27,-28,-109,-3,49,-70,-17,49,-10,56,92,126,63,-109,-36,112,-88,110,-93,51,71,11,-112,76,58,30,-88,-67,9,-60,32,-19,-102,-123,46,89,-88,104,-10,-74,-67,-125,-105,-91,121,18,51,10,-41,-101
2706,3,-28,99,99,99,-62,-62,-62,81,-46,6,0,57,-60,66,49,27,-28,-109,-3,49,-70,-17,49,-10,56,92,126,63,-109,-36,112,-88,28,-100,116,36,60,124,-18,-74,-11,63,-35,-77,75,-57,43,118,3,105,-8,91,-111,-1,56,109,-63,85,50,90,87,42,-98,-118
2707,3,-28,99,99,99,-62,-62,-62,81,-46,6,0,57,-60,66,49,27,-28,-109,-3,49,-70,-17,49,-10,56,92,126,63,-109,-36,112,-88,28,-100,116,36,60,124,-18,-74,-11,63,-35,-77,75,-57,43,118,3,105,-8,91,-111,-1,56,109,-63,85,50,90,87,42,-98,-118
2708,3,-28,99,99,99,-62,-62,-62,81,-46,6,0,57,-60,66,49,27,-28,-109,-3,49,-70,-17,49,-10,56,92,126,63,-109,-36,112,-88,28,-100,116,36,60,124,-18,-74,-11,63,-35,-77,75,-57,43,118,3,105,-8,91,-111,-1,56,109,-63,85,50,90,87,42,-98,-118
2709,3,98,98,82,82,82,89,89,89,-122,-46,6,0,57,-60,66,49,27,-28,-109,-3,49,-70,-17,49,-10,56,92,126,63,-109,-36,112,115,-18,9,-33,-116,23,-92,-17,86,35,-69,-123,-103,-72,-27,51,72,-35,-56,-23,66,-5,-38,34,-58,80,-81,119,102,14,58,-82
2710,3,98,98,82,82,82,89,89,89,-122,-46,6,0,57,-60,66,49,27,-28,-109,-3,49,-70,-17,49,-10,56,92,126,63,-109,-36,112,115,-18,9,-33,-116,23,-92,-17,86,35,-69,-123,-103,-72,-27,51,72,-35,-56,-23,66,-5,-38,34,-58,80,-81,119,102,14,58,-82
2711,3,98,98,82,82,82,89,89,89,-122,-46,6,0,57,-60,66,49,27,-28,-109,-3,49,-70,-17,49,-10,56,92,126,63,-109,-36,112,115,-18,9,-33,-116,23,-92,-17,86,35,-69,-123,-103,-72,-27,51,72,-35,-56,-23,66,-5,-38,34,-58,80,-81,119,102,14,58,-82
2712,3,25,25,25,-91,-91,-91,19,19,110,-122,-46,6,0,57,-60,66,49,27,-28,-109,-3,49,-70,-17,49,-10,56,92,126,63,-109,-36,-126,-60,122,12,81,-7,-58,-77,-9,113,86,-47,15,84,59,105,96,-68,-110,13,81,112,27,100,3,2,116,57,-35,-53,95,5
2713,3,25,25,25,-91,-91,-91,19,19,110,-122,-46,6,0,57,-60,66,49,27,-28,-109,-3,49,-70,-17,49,-10,56,92,126,63,-109,-36,-126,-60,122,12,81,-7,-58,-77,-9,113,86,-47,15,84,59,105,96,-68,-110,13,81,112,27,100,3,2,116,57,-35,-53,95,5
2714,3,25,25,25,-91,-91,-91,19,19,110,-122,-46,6,0,57,-60,66,49,27,-28,-109,-3,49,-70,-17,49,-10,56,92,126,63,-109,-36,-126,-60,122,12,81,-7,-58,-77,-9,113,86,-47,15,84,59,105,96,-68,-110,13,81,112,27,100,3,2,116,57,-35,-53,95,5
2715,3,9,100,100,100,-108,-108,-108,-106,-15,110,-122,-46,6,0,57,-60,66,49,27,-28,-109,-3,49,-70,-17,49,-10,56,92,126,63,-109,120,-86,-66,57,116,61,-95,-32,-18,25,22,-65,94,-98,-85,-105,-30,-93,119,38,16,-30,10,40,85,64,-112,-23,-42,127,-36,51
2716,3,9,100,100,100,-108,-108,-108,-106,-15,110,-122,-46,6,0,57,-60,66,49,27,-28,-109,-3,49,-70,-17,49,-10,56,92,126,63,-109,120,-86,-66,57,116,61,-95,-32,-18,25,22,-65,94,-98,-85,-105,-30,-93,119,38,16,-30,10,40,85,64,-112,-23,-42,127,-36,51
2717,3,9,100,100,100,-108,-108,-108,-106,-15,110,-122,-46,6,0,57,-60,66,49,27,-28,-109,-3,49,-70,-17,49,-10,56,92,126,63,-109,120,-86,-66,57,116,61,-95,-32,-18,25,22,-65,94,-98,-85,-105,-30,-93,119,38,16,-30,10,40,85,64,-112,-23,-42,127,-36,51
2718,3,-54,-54,-88,-88,-88,-22,-22,-22,84,-15,110,-122,-46,6,0,57,-60,66,49,27,-28,-109,-3,49,-70,-17,49,-10,56,92,126,63,-28,-30,-117,46,91,-122,-112,22,-103,-111,-26,-39,12,59,32,-3,6,64,62,66,42,-55,-60,65,-25,83,51,-124,106,-61,124,121
2719,3,-54,-54,-88,-88,-88,-22,-22,-22,84,-15,110,-122,-46,6,0,57,-60,66,49,27,-28,-109,-3,49,-70,-17,49,-10,56,92,126,63,-28,-30,-117,46,91,-122,-112,22,-103,-111,-26,-39,12,59,32,-3,6,64,62,66,42,-55,-60,65,-25,83,51,-124,106,-61,124,121
2720,3,-54,-54,-88,-88,-88,-22,-22,-22,84,-15,110,-122,-46,6,0,57,-60,66,49,27,-28,-109,-3,49,-70,-17,49,-10,56,92,126,63,-28,-30,-117,46,91,-122,-112,22,-103,-111,-26,-39,12,59,32,-3,6,64,62,66,42,-55,-60,65,-25,83,51,-124,106,-61,124,121
2721,3,121,121,121,-69,-69,-69,-111,-111,-80,84,-15,110,-122,-46,6,0,57,-60,66,49,27,-28,-109,-3,49,-70,-17,49,-10,56,92,126,-50,-17,23,49,-54,-90,125,100,-32,-2,-53,127,26,-90,127,84,-25,55,58,59,7,-56,8,51,-43,34,115,36,-102,-13,-72,-113
2722,3,121,121,121,-69,-69,-69,-111,-111,-80,84,-15,110,-122,-46,6,0,57,-60,66,49,27,-28,-109,-3,49,-70,-17,49,-10,56,92,126,-50,-17,23,49,-54,-90,125,100,-32,-2,-53,127,26,-90,127,84,-25,55,58,59,7,-56,8,51,-43,34,115,36,-102,-13,-72,-113
2723,3,121,121,121,-69,-69,-69,-111,-111,-80,84,-15,110,-122,-46,6,0,57,-60,66,49,27,-28,-109,-3,49,-70,-17,49,-10,56,92,126,-50,-17,23,49,-54,-90,125,100,-32,-2,-53,127,26,-90,127,84,-25,55,58,59,7,-56,8,51,-43,34,115,36,-102,-13,-72,-113
2724,3,114,-81,-81,-81,70,70,70,47,23,-80,84,-15,110,-122,-46,6,0,57,-60,66,49,27,-28,-109,-3,49,-70,-17,49,-10,56,92,-96,-66,-87,-114,3,-17,-82,109,56,-60,11,-93,-92,118,106,59,60,21,-78,35,-72,75,-98,-63,52,88,-120,-24,-93,110,-79,-23
2725,3,114,-81,-81,-81,70,70,70,47,23,-80,84,-15,110,-122,-46,6,0,57,-60,66,49,27,-28,-109,-3,49,-70,-17,49,-10,56,92,-96,-66,-87,-114,3,-17,-82,109,56,-60,11,-93,-92,118,106,59,60,21,-78,35,-72,75,-98,-63,52,88,-120,-24,-93,110,-79,-23
2726,3,114,-81,-81,-81,70,70,70,47,23,-80,84,-15,110,-122,-46,6,0,57,-60,66,49,27,-28,-109,-3,49,-70,-17,49,-10,56,92,-96,-66,-87,-114,3,-17,-82,109,56,-60,11,-93,-92,118,106,59,60,21,-78,35,-72,75,-98,-63,52,88,-120,-24,-93,110,-79,-23
2727,3,-61,-61,59,59,59,70,70,70,126,23,-80,84,-15,110,-122,-46,6,0,57,-60,66,49,27,-28,-109,-3,49,-70,-17,49,-10,56,69,-15,-117,-35,-31,9,-109,-13,105,-82,72,-28,-62,9,97,111,78,-108,-19,-120,87,-93,90,66,43,66,73,-43,0,-79,114,57
2728,3,-61,-61,59,59,59,70,70,70,126,23,-80,84,-15,110,-122,-46,6,0,57,-60,66,49,27,-28,-109,-3,49,-70,-17,49,-10,56,69,-15,-117,-35,-31,9,-109,-13,105,-82,72,-28,-62,9,97,111,78,-108,-19,-120,87,-93,90,66,43,66,73,-43,0,-79,114,57
2729,3,-61,-61,59,59,59,70,70,70,126,23,-80,84,-15,110,-122,-46,6,0,57,-60,66,49,27,-28,-109,-3,49,-70,-17,49,-10,56,69,-15,-117,-35,-31,9,-109,-13,105,-82,72,-28,-62,9,97,111,78,-108,-19,-120,87,-93,90,66,43,66,73,-43,0,-79,114,57
2730,3,115,115,115,-100,-100,-100,-45,-45,-28,126,23,-80,84,-15,110,-122,-46,6,0,57,-60,66,49,27,-28,-109,-3,49,-70,-17,49,-10,-27,5,-87,43,98,85,126,31,-53,1,2,43,36,-67,77,111,101,99,110,31,49,-9,46,109,-115,-109,103,-54,-3,32,-5,-21
2731,3,115,115,115,-100,-100,-100,-45,-45,-28,126,23,-80,84,-15,110,-122,-46,6,0,57,-60,66,49,27,-28,-109,-3,49,-70,-17,49,-10,-27,5,-87,43,98,85,126,31,-53,1,2,43,36,-67,77,111,101,99,110,31,49,-9,46,109,-115,-109,103,-54,-3,32,-5,-21
2732,3,115,115,115,-100,-100,-100,-45,-45,-28,126,23,-80,84,-15,110,-122,-46,6,0,57,-60,66,49,27,-28,-109,-3,49,-70,-17,49,-10,-27,5,-87,43,98,85,126,31,-53,1,2,43,36,-67,77,111,101,99,110,31,49,-9,46,109,-115,-109,103,-54,-3,32,-5,-21
2733,3,-76,109,109,109,15,15,15,74,98,-28,126,23,-80,84,-15,110,-122,-46,6,0,57,-60,66,49,27,-28,-109,-3,49,-70,-17,49,-93,48,16,11,1,-11,60,-72,-25,-37,3,-6,-31,-45,-76,-49,111,40,114,-105,37,68,112,-74,18,-80,-12,23,9,32,87,-8
2734,3,-76,109,109,109,15,15,15,74,98,-28,126,23,-80,84,-15,110,-122,-46,6,0,57,-60,66,49,27,-28,-109,-3,49,-70,-17,49,-93,48,16,11,1,-11,60,-72,-25,-37,3,-6,-31,-45,-76,-49,111,40,114,-105,37,68,112,-74,18,-80,-12,23,9,32,87,-8
2735,3,-76,109,109,109,15,15,15,74,98,-28,126,23,-80,84,-15,110,-122,-46,6,0,57,-60,66,49,27,-28,-109,-3,49,-70,-17,49,-93,48,16,11,1,-11,60,-72,-25,-37,3,-6,-31,-45,-76,-49,111,40,114,-105,37,68,112,-74,18,-80,-12,23,9,32,87,-8
2736,3,92,92,-118,-118,-118,54,54,54,25,98,-28,126,23,-80,84,-15,110,-122,-46,6,0,57,-60,66,49,27,-28,-109,-3,49,-70,-17,124,-48,-71,38,25,77,100,77,-46,59,87,-19,-75,-40,64,-10,96,104,50,101,69,82,-121,69,-50,41,-29,-76,107,-14,-51,22
2737,3,92,92,-118,-118,-118,54,54,54,25,98,-28,126,23,-80,84,-15,110,-122,-46,6,0,57,-60,66,49,27,-28,-109,-3,49,-70,-17,124,-48,-71,38,25,77,100,77,-46,59,87,-19,-75,-40,64,-10,96,104,50,101,69,82,-121,69,-50,41,-29,-76,107,-14,-51,22
2738,3,92,92,-118,-118,-118,54,54,54,25,98,-28,126,23,-80,84,-15,110,-122,-46,6,0,57,-60,66,49,27,-28,-109,-3,49,-70,-17,124,-48,-71,38,25,77,100,77,-46,59,87,-19,-75,-40,64,-10,96,104,50,101,69,82,-121,69,-50,41,-29,-76,107,-14,-51,22
2739,3,-36,-36,-36,-76,-76,-76,116,116,9,25,98,-28,126,23,-80,84,-15,110,-122,-46,6,0,57,-60,66,49,27,-28,-109,-3,49,-70,63,-77,76,-112,-55,61,14,-94,21,45,-15,-11,-127,85,122,95,121,18,-13,-22,-119,-48,-44,-20,-72,38,81,-124,24,103,-39,57
2740,3,-36,-36,-36,-76,-76,-76,116,116,9,25,98,-28,126,23,-80,84,-15,110,-122,-46,6,0,57,-60,66,49,27,-28,-109,-3,49,-70,63,-77,76,-112,-55,61,14,-94,21,45,-15,-11,-127,85,122,95,121,18,-13,-22,-119,-48,-44,-20,-72,38,81,-124,24,103,-39,57
2741,3,-36,-36,-36,-76,-76,-76,116,116,9,25,98,-28,126,23,-80,84,-15,110,-122,-46,6,0,57,-60,66,49,27,-28,-109,-3,49,-70,63,-77,76,-112,-55,61,14,-94,21,45,-15,-11,-127,85,122,95,121,18,-13,-22,-119,-48,-44,-20,-72,38,81,-124,24,103,-39,57
2742,3,54,-32,-32,-32,64,64,64,65,-54,9,25,98,-28,126,23,-80,84,-15,110,-122,-46,6,0,57,-60,66,49,27,-28,-109,-3,49,103,39,-59,101,5,125,-10,-71,-32,-101,-77,-115,-50,61,-39,-7,-61,101,18,-125,-100,-57,44,37,-42,16,105,82,-58,17,-39,-33
2743,3,54,-32,-32,-32,64,64,64,65,-54,9,25,98,-28,126,23,-80,84,-15,110,-122,-46,6,0,57,-60,66,49,27,-28,-109,-3,49,103,39,-59,101,5,125,-10,-71,-32,-101,-77,-115,-50,61,-39,-7,-61,101,18,-125,-100,-57,44,37,-42,16,105,82,-58,17,-39,-33
2744,3,54,-32,-32,-32,64,64,64,65,-54,9,25,98,-28,126,23,-80,84,-15,110,-122,-46,6,0,57,-60,66,49,27,-28,-109,-3,49,103,39,-59,101,5,125,-10,-71,-32,-101,-77,-115,-50,61,-39,-7,-61,101,18,-125,-100,-57,44,37,-42,16,105,82,-58,17,-39,-33
2745,3,-34,-34,-29,-29,-29,-52,-52,-52,121,-54,9,25,98,-28,126,23,-80,84,-15,110,-122,-46,6,0,57,-60,66,49,27,-28,-109,-3,-31,-37,7,58,-92,75,7,114,-41,-27,122,-60,-104,99,19,87,45,-91,-45,-39,124,81,-125,-73,24,42,-53,55,-94,77,-109,-41
2746,3,-34,-34,-29,-29,-29,-52,-52,-52,121,-54,9,25,98,-28,126,23,-80,84,-15,110,-122,-46,6,0,57,-60,66,49,27,-28,-109,-3,-31,-37,7,58,-92,75,7,114,-41,-27,122,-60,-104,99,19,87,45,-91,-45,-39,124,81,-125,-73,24,42,-53,55,-94,77,-109,-41
2747,3,-34,-34,-29,-29,-29,-52,-52,-52,121,-54,9,25,98,-28,126,23,-80,84,-15,110,-122,-46,6,0,57,-60,66,49,27,-28,-109,-3,-31,-37,7,58,-92,75,7,114,-41,-27,122,-60,-104,99,19,87,45,-91,-45,-39,124,81,-125,-73,24,42,-53,55,-94,77,-109,-41
2748,3,-63,-63,-63,-34,-34,-34,6,6,114,121,-54,9,25,98,-28,126,23,-80,84,-15,110,-122,-46,6,0,57,-60,66,49,27,-28,-109,48,-11,-54,31,118,29,-83,-31,49,12,109,-83,70,49,-47,17,-2,-53,-72,-26,95,-118,-84,51,93,-122,-111,63,23,2,-56,45
2749,3,-63,-63,-63,-34,-34,-34,6,6,114,121,-54,9,25,98,-28,126,23,-80,84,-15,110,-122,-46,6,0,57,-60,66,49,27,-28,-109,48,-11,-54,31,118,29,-83,-31,49,12,109,-83,70,49,-47,17,-2,-53,-72,-26,95,-118,-84,51,93,-122,-111,63,23,2,-56,45
2750,3,-63,-63,-63,-34,-34,-34,6,6,114,121,-54,9,25,98,-28,126,23,-80,84,-15,110,-122,-46,6,0,57,-60,66,49,27,-28,-109,48,-11,-54,31,118,29,-83,-31,49,12,109,-83,70,49,-47,17,-2,-53,-72,-26,95,-118,-84,51,93,-122,-111,63,23,2,-56,45
2751,3,-41,15,15,15,-46,-46,-46,-125,-61,114,121,-54,9,25,98,-28,126,23,-80,84,-15,110,-122,-46,6,0,57,-60,66,49,27,-28,76,-88,-123,42,72,-73,23,-38,-51,23,-38,-106,-43,84,-45,22,-46,-39,45,36,-75,115,-76,-110,-13,99,43,-42,-34,-42,10,52
2752,3,-41,15,15,15,-46,-46,-46,-125,-61,114,121,-54,9,25,98,-28,126,23,-80,84,-15,110,-122,-46,6,0,57,-60,66,49,27,-28,76,-88,-123,42,72,-73,23,-38,-51,23,-38,-106,-43,84,-45,22,-46,-39,45,36,-75,115,-76,-110,-13,99,43,-42,-34,-42,10,52
2753,3,-41,15,15,15,-46,-46,-46,-125,-61,114,121,-54,9,25,98,-28,126,23,-80,84,-15,110,-122,-46,6,0,57,-60,66,49,27,-28,76,-88,-123,42,72,-73,23,-38,-51,23,-38,-106,-43,84,-45,22,-46,-39,45,36,-75,115,-76,-110,-13,99,43,-42,-34,-42,10,52
2754,3,126,126,-58,-58,-58,113,113,113,115,-61,114,121,-54,9,25,98,-28,126,23,-80,84,-15,110,-122,-46,6,0,57,-60,66,49,27,104,40,-96,-65,116,70,11,-72,93,65,96,-6,-76,63,10,-83,87,-12,85,14,105,-22,-108,-58,44,86,-69,69,-83,-3,77,57
2755,3,126,126,-58,-58,-58,113,113,113,115,-61,114,121,-54,9,25,98,-28,126,23,-80,84,-15,110,-122,-46,6,0,57,-60,66,49,27,104,40,-96,-65,116,70,11,-72,93,65,96,-6,-76,63,10,-83,87,-12,85,14,105,-22,-108,-58,44,86,-69,69,-83,-3,77,57
2756,3,126,126,-58,-58,-58,113,113,113,115,-61,114,121,-54,9,25,98,-28,126,23,-80,84,-15,110,-122,-46,6,0,57,-60,66,49,27,104,40,-96,-65,116,70,11,-72,93,65,96,-6,-76,63,10,-83,87,-12,85,14,105,-22,-108,-58,44,86,-69,69,-83,-3,77,57
2757,3,69,69,69,125,125,125,17,17,-76,115,-61,114,121,-54,9,25,98,-28,126,23,-80,84,-15,110,-122,-46,6,0,57,-60,66,49,60,50,-68,104,-4,-83,110,-55,123,86,104,58,-122,-111,-86,65,19,-1,-7,-94,20,112,-13,-11,-85,124,87,-103,4,-118,127,-85
2758,3,69,69,69,125,125,125,17,17,-76,115,-61,114,121,-54,9,25,98,-28,126,23,-80,84,-15,110,-122,-46,6,0,57,-60,66,49,60,50,-68,104,-4,-83,110,-55,123,86,104,58,-122,-111,-86,65,19,-1,-7,-94,20,112,-13,-11,-85,124,87,-103,4,-118,127,-85
2759,3,69,69,69,125,125,125,17,17,-76,115,-61,114,121,-54,9,25,98,-28,126,23,-80,84,-15,110,-122,-46,6,0,57,-60,66,49,60,50,-68,104,-4,-83,110,-55,123,86,104,58,-122,-111,-86,65,19,-1,-7,-94,20,112,-13,-11,-85,124,87,-103,4,-118,127,-85
2760,3,-8,-80,-80,-80,-66,-66,-66,-84,92,-76,115,-61,114,121,-54,9,25,98,-28,126,23,-80,84,-15,110,-122,-46,6,0,57,-60,66,-43,-24,76,-28,-11,-98,-28,25,-12,126,68,0,-54,-93,-27,-1,126,84,-119,44,42,23,-33,-52,-117,93,11,100,-79,54,4,-54
2761,3,-8,-80,-80,-80,-66,-66,-66,-84,92,-76,115,-61,114,121,-54,9,25,98,-28,126,23,-80,84,-15,110,-122,-46,6,0,57,-60,66,-43,-24,76,-28,-11,-98,-28,25,-12,126,68,0,-54,-93,-27,-1,126,84,-119,44,42,23,-33,-52,-117,93,11,100,-79,54,4,-54
2762,3,-8,-80,-80,-80,-66,-66,-66,-84,92,-76,115,-61,114,121,-54,9,25,98,-28,126,23,-80,84,-15,110,-122,-46,6,0,57,-60,66,-43,-24,76,-28,-11,-98,-28,25,-12,126,68,0,-54,-93,-27,-1,126,84,-119,44,42,23,-33,-52,-117,93,11,100,-79,54,4,-54
2763,3,1,1,120,120,120,-90,-90,-90,-36,92,-76,115,-61,114,121,-54,9,25,98,-28,126,23,-80,84,-15,110,-122,-46,6,0,57,-60,125,-38,88,83,-73,-114,22,-54,-26,50,24,-100,-73,-87,3,10,31,-11,-90,-111,124,-67,60,-64,110,86,105,-99,-46,126,64,118
2764,3,1,1,120,120,120,-90,-90,-90,-36,92,-76,115,-61,114,121,-54,9,25,98,-28,126,23,-80,84,-15,110,-122,-46,6,0,57,-60,125,-38,88,83,-73,-114,22,-54,-26,50,24,-100,-73,-87,3,10,31,-11,-90,-111,124,-67,60,-64,110,86,105,-99,-46,126,64,118
2765,3,1,1,120,120,120,-90,-90,-90,-36,92,-76,115,-61,114,121,-54,9,25,98,-28,126,23,-80,84,-15,110,-122,-46,6,0,57,-60,125,-38,88,83,-73,-114,22,-54,-26,50,24,-100,-73,-87,3,10,31,-11,-90,-111,124,-67,60,-64,110,86,105,-99,-46,126,64,118
2766,3,-8,-8,-8,12,12,12,111,111,54,-36,92,-76,115,-61,114,121,-54,9,25,98,-28,126,23,-80,84,-15,110,-122,-46,6,0,57,-124,109,-121,-91,-29,31,99,94,72,36,-5,68,-113,-107,14,-31,64,-101,102,36,-5,-23,-102,-5,110,-122,-57,113,-122,67,-13,6
2767,3,-8,-8,-8,12,12,12,111,111,54,-36,92,-76,115,-61,114,121,-54,9,25,98,-28,126,23,-80,84,-15,110,-122,-46,6,0,57,-124,109,-121,-91,-29,31,99,94,72,36,-5,68,-113,-107,14,-31,64,-101,102,36,-5,-23,-102,-5,110,-122,-57,113,-122,67,-13,6
2768,3,-8,-8,-8,12,12,12,111,111,54,-36,92,-76,115,-61,114,121,-54,9,25,98,-28,126,23,-80,84,-15,110,-122,-46,6,0,57,-124,109,-121,-91,-29,31,99,94,72,36,-5,68,-113,-107,14,-31,64,-101,102,36,-5,-23,-102,-5,110,-122,-57,113,-122,67,-13,6
2769,3,-81,67,67,67,78,78,78,-122,-34,54,-36,92,-76,115,-61,114,121,-54,9,25,98,-28,126,23,-80,84,-15,110,-122,-46,6,0,-126,-49,-44,121,62,48,-59,76,48,83,79,110,-13,-105,-55,47,89,-113,56,-121,-87,0,-33,91,0,80,118,98,-58,-48,43,-119
2770,3,-81,67,67,67,78,78,78,-122,-34,54,-36,92,-76,115,-61,114,121,-54,9,25,98,-28,126,23,-80,84,-15,110,-122,-46,6,0,-126,-49,-44,121,62,48,-59,76,48,83,79,110,-13,-105,-55,47,89,-113,56,-121,-87,0,-33,91,0,80,118,98,-58,-48,43,-119
2771,3,-81,67,67,67,78,78,78,-122,-34,54,-36,92,-76,115,-61,114,121,-54,9,25,98,-28,126,23,-80,84,-15,110,-122,-46,6,0,-126,-49,-44,121,62,48,-59,76,48,83,79,110,-13,-105,-55,47,89,-113,56,-121,-87,0,-33,91,0,80,118,98,-58,-48,43,-119
2772,3,24,24,-122,-122,-122,35,35,35,-63,-34,54,-36,92,-76,115,-61,114,121,-54,9,25,98,-28,126,23,-80,84,-15,110,-122,-46,6,-41,51,55,-87,116,-109,122,-100,-117,-19,-99,-95,87,74,-59,24,26,-17,103,-69,-32,93,45,-40,54,-105,114,59,31,58,-20,-104
2773,3,24,24,-122,-122,-122,35,35,35,-63,-34,54,-36,92,-76,115,-61,114,121,-54,9,25,98,-28,126,23,-80,84,-15,110,-122,-46,6,-41,51,55,-87,116,-109,122,-100,-117,-19,-99,-95,87,74,-59,24,26,-17,103,-69,-32,93,45,-40,54,-105,114,59,31,58,-20,-104
2774,3,24,24,-122,-122,-122,35,35,35,-63,-34,54,-36,92,-76,115,-61,114,121,-54,9,25,98,-28,126,23,-80,84,-15,110,-122,-46,6,-41,51,55,-87,116,-109,122,-100,-117,-19,-99,-95,87,74,-59,24,26,-17,103,-69,-32,93,45,-40,54,-105,114,59,31,58,-20,-104
2775,3,100,100,100,-87,-87,-87,-76,-76,-41,-63,-34,54,-36,92,-76,115,-61,114,121,-54,9,25,98,-28,126,23,-80,84,-15,110,-122,-46,-76,67,-102,61,-51,3,-72,-11,-71,-72,-53,96,-93,-22,73,-29,81,-65,86,-72,-17,87,36,93,58,102,-52,112,62,75,-67,73
2776,3,100,100,100,-87,-87,-87,-76,-76,-41,-63,-34,54,-36,92,-76,115,-61,114,121,-54,9,25,98,-28,126,23,-80,84,-15,110,-122,-46,-76,67,-102,61,-51,3,-72,-11,-71,-72,-53,96,-93,-22,73,-29,81,-65,86,-72,-17,87,36,93,58,102,-52,112,62,75,-67,73
2777,3,100,100,100,-87,-87,-87,-76,-76,-41,-63,-34,54,-36,92,-76,115,-61,114,121,-54,9,25,98,-28,126,23,-80,84,-15,110,-122,-46,-76,67,-102,61,-51,3,-72,-11,-71,-72,-53,96,-93,-22,73,-29,81,-65,86,-72,-17,87,36,93,58,102,-52,112,62,75,-67,73
2778,3,20,-119,-119,-119,-44,-44,-44,46,126,-41,-63,-34,54,-36,92,-76,115,-61,114,121,-54,9,25,98,-28,126,23,-80,84,-15,110,-122,-47,107,-57,86,101,118,116,-5,-13,30,16,-82,94,47,-123,23,119,38,64,-111,74,-47,102,-123,-10,91,34,-83,-66,-86,102,-90
2779,3,20,-119,-119,-119,-44,-44,-44,46,126,-41,-63,-34,54,-36,92,-76,115,-61,114,121,-54,9,25,98,-28,126,23,-80,84,-15,110,-122,-47,107,-57,86,101,118,116,-5,-13,30,16,-82,94,47,-123,23,119,38,64,-111,74,-47,102,-123,-10,91,34,-83,-66,-86,102,-90
2780,3,20,-119,-119,-119,-44,-44,-44,46,126,-41,-63,-34,54,-36,92,-76,115,-61,114,121,-54,9,25,98,-28,126,23,-80,84,-15,110,-122,-47,107,-57,86,101,118,116,-5,-13,30,16,-82,94,47,-123,23,119,38,64,-111,74,-47,102,-123,-10,91,34,-83,-66,-86,102,-90
2781,3,72,72,57,57,57,-12,-12,-12,69,126,-41,-63,-34,54,-36,92,-76,115,-61,114,121,-54,9,25,98,-28,126,23,-80,84,-15,110,-125,-38,57,-106,84,-35,123,48,-15,-14,-114,10,81,-65,-32,-37,98,102,-73,-41,48,-48,20,82,56,-46,-54,-9,-54,111,-82,-92
2782,3,72,72,57,57,57,-12,-12,-12,69,126,-41,-63,-34,54,-36,92,-76,115,-61,114,121,-54,9,25,98,-28,126,23,-80,84,-15,110,-125,-38,57,-106,84,-35,123,48,-15,-14,-114,10,81,-65,-32,-37,98,102,-73,-41,48,-48,20,82,56,-46,-54,-9,-54,111,-82,-92
2783,3,72,72,57,57,57,-12,-12,-12,69,126,-41,-63,-34,54,-36,92,-76,115,-61,114,121,-54,9,25,98,-28,126,23,-80,84,-15,110,-125,-38,57,-106,84,-35,123,48,-15,-14,-114,10,81,-65,-32,-37,98,102,-73,-41,48,-48,20,82,56,-46,-54,-9,-54,111,-82,-92
2784,3,1,1,1,15,15,15,-13,-13,-8,69,126,-41,-63,-34,54,-36,92,-76,115,-61,114,121,-54,9,25,98,-28,126,23,-80,84,-15,80,67,21,14,24,106,-65,97,-17,-58,113,79,16,-104,13,33,79,-15,32,-30,-36,12,-61,-53,3,0,-64,-96,4,-108,-70,-93
2785,3,1,1,1,15,15,15,-13,-13,-8,69,126,-41,-63,-34,54,-36,92,-76,115,-61,114,121,-54,9,25,98,-28,126,23,-80,84,-15,80,67,21,14,24,106,-65,97,-17,-58,113,79,16,-104,13,33,79,-15,32,-30,-36,12,-61,-53,3,0,-64,-96,4,-108,-70,-93
2786,3,1,1,1,15,15,15,-13,-13,-8,69,126,-41,-63,-34,54,-36,92,-76,115,-61,114,121,-54,9,25,98,-28,126,23,-80,84,-15,80,67,21,14,24,106,-65,97,-17,-58,113,79,16,-104,13,33,79,-15,32,-30,-36,12,-61,-53,3,0,-64,-96,4,-108,-70,-93
2787,3,36,60,60,60,7,7,7,-60,1,-8,69,126,-41,-63,-34,54,-36,92,-76,115,-61,114,121,-54,9,25,98,-28,126,23,-80,84,-88,73,-14,106,-5,-36,-88,95,49,-65,-47,-20,-24,44,-91,4,-83,91,127,59,-82,-101,59,-17,2,63,56,-29,-113,22,45,-39
2788,3,36,60,60,60,7,7,7,-60,1,-8,69,126,-41,-63,-34,54,-36,92,-76,115,-61,114,121,-54,9,25,98,-28,126,23,-80,84,-88,73,-14,106,-5,-36,-88,95,49,-65,-47,-20,-24,44,-91,4,-83,91,127,59,-82,-101,59,-17,2,63,56,-29,-113,22,45,-39
2789,3,36,60,60,60,7,7,7,-60,1,-8,69,126,-41,-63,-34,54,-36,92,-76,115,-61,114,121,-54,9,25,98,-28,126,23,-80,84,-88,73,-14,106,-5,-36,-88,95,49,-65,-47,-20,-24,44,-91,4,-83,91,127,59,-82,-101,59,-17,2,63,56,-29,-113,22,45,-39
2790,3,-91,-91,83,83,83,32,32,32,-8,1,-8,69,126,-41,-63,-34,54,-36,92,-76,115,-61,114,121,-54,9,25,98,-28,126,23,-80,-32,60,-18,-90,7,-23,31,62,-3,-126,93,-47,112,-40,-39,69,62,-50,5,104,47,-6,111,113,87,12,-58,-19,-83,55,-83,76
2791,3,-91,-91,83,83,83,32,32,32,-8,1,-8,69,126,-41,-63,-34,54,-36,92,-76,115,-61,114,121,-54,9,25,98,-28,126,23,-80,-32,60,-18,-90,7,-23,31,62,-3,-126,93,-47,112,-40,-39,69,62,-50,5,104,47,-6,111,113,87,12,-58,-19,-83,55,-83,76
2792,3,-91,-91,83,83,83,32,32,32,-8,1,-8,69,126,-41,-63,-34,54,-36,92,-76,115,-61,114,121,-54,9,25,98,-28,126,23,-80,-32,60,-18,-90,7,-23,31,62,-3,-126,93,-47,112,-40,-39,69,62,-50,5,104,47,-6,111,113,87,12,-58,-19,-83,55,-83,76
2793,3,120,120,120,112,112,112,-116,-116,-81,-8,1,-8,69,126,-41,-63,-34,54,-36,92,-76,115,-61,114,121,-54,9,25,98,-28,126,23,88,-127,55,121,65,-65,109,-53,106,113,-121,59,98,-58,127,64,-37,50,-35,-32,10,-32,84,-82,93,-22,-57,54,126,-14,101,36
2794,3,120,120,120,112,112,112,-116,-116,-81,-8,1,-8,69,126,-41,-63,-34,54,-36,92,-76,115,-61,114,121,-54,9,25,98,-28,126,23,88,-127,55,121,65,-65,109,-53,106,113,-121,59,98,-58,127,64,-37,50,-35,-32,10,-32,84,-82,93,-22,-57,54,126,-14,101,36
2795,3,120,120,120,112,112,112,-116,-116,-81,-8,1,-8,69,126,-41,-63,-34,54,-36,92,-76,115,-61,114,121,-54,9,25,98,-28,126,23,88,-127,55,121,65,-65,109,-53,106,113,-121,59,98,-58,127,64,-37,50,-35,-32,10,-32,84,-82,93,-22,-57,54,126,-14,101,36
2796,3,-65,91,91,91,50,50,50,-87,24,-81,-8,1,-8,69,126,-41,-63,-34,54,-36,92,-76,115,-61,114,121,-54,9,25,98,-28,126,55,-110,-124,57,71,66,62,108,-120,17,97,-114,123,28,66,73,125,-81,-91,-6,-79,-65,14,44,-72,87,-39,-52,-94,-119,74,124
2797,3,-65,91,91,91,50,50,50,-87,24,-81,-8,1,-8,69,126,-41,-63,-34,54,-36,92,-76,115,-61,114,121,-54,9,25,98,-28,126,55,-110,-124,57,71,66,62,108,-120,17,97,-114,123,28,66,73,125,-81,-91,-6,-79,-65,14,44,-72,87,-39,-52,-94,-119,74,124
2798,3,-65,91,91,91,50,50,50,-87,24,-81,-8,1,-8,69,126,-41,-63,-34,54,-36,92,-76,115,-61,114,121,-54,9,25,98,-28,126,55,-110,-124,57,71,66,62,108,-120,17,97,-114,123,28,66,73,125,-81,-91,-6,-79,-65,14,44,-72,87,-39,-52,-94,-119,74,124
2799,3,83,83,-36,-36,-36,52,52,52,100,24,-81,-8,1,-8,69,126,-41,-63,-34,54,-36,92,-76,115,-61,114,121,-54,9,25,98,-28,-25,59,-73,-106,-114,-57,78,-117,22,35,37,-94,59,126,-50,-54,-69,39,-123,95,-78,95,58,12,-55,-31,-90,-125,100,-91,101,85
2800,3,83,83,-36,-36,-36,52,52,52,100,24,-81,-8,1,-8,69,126,-41,-63,-34,54,-36,92,-76,115,-61,114,121,-54,9,25,98,-28,-25,59,-73,-106,-114,-57,78,-117,22,35,37,-94,59,126,-50,-54,-69,39,-123,95,-78,95,58,12,-55,-31,-90,-125,100,-91,101,85
2801,3,83,83,-36,-36,-36,52,52,52,100,24,-81,-8,1,-8,69,126,-41,-63,-34,54,-36,92,-76,115,-61,114,121,-54,9,25,98,-28,-25,59,-73,-106,-114,-57,78,-117,22,35,37,-94,59,126,-50,-54,-69,39,-123,95,-78,95,58,12,-55,-31,-90,-125,100,-91,101,85
2802,3,-23,-23,-23,-19,-19,-19,18,18,20,100,24,-81,-8,1,-8,69,126,-41,-63,-34,54,-36,92,-76,115,-61,114,121,-54,9,25,98,24,-64,-31,12,114,-12,-3,-27,55,99,12,-8,-34,-110,-111,-16,-68,53,101,-115,-111,-67,-42,33,13,-99,70,-39,23,25,121,1
2803,3,-23,-23,-23,-19,-19,-19,18,18,20,100,24,-81,-8,1,-8,69,126,-41,-63,-34,54,-36,92,-76,115,-61,114,121,-54,9,25,98,24,-64,-31,12,114,-12,-3,-27,55,99,12,-8,-34,-110,-111,-16,-68,53,101,-115,-111,-67,-42,33,13,-99,70,-39,23,25,121,1
2804,3,-23,-23,-23,-19,-19,-19,18,18,20,100,24,-81,-8,1,-8,69,126,-41,-63,-34,54,-36,92,-76,115,-61,114,121,-54,9,25,98,24,-64,-31,12,114,-12,-3,-27,55,99,12,-8,-34,-110,-111,-16,-68,53,101,-115,-111,-67,-42,33,13,-99,70,-39,23,25,121,1
2805,3,17,-64,-64,-64,-33,-33,-33,16,72,20,100,24,-81,-8,1,-8,69,126,-41,-63,-34,54,-36,92,-76,115,-61,114,121,-54,9,25,-106,-58,-26,48,-33,23,110,61,-97,111,-37,16,107,-97,-50,-77,-45,73,53,60,0,82,-26,-44,43,109,25,109,123,25,-114,-3
2806,3,17,-64,-64,-64,-33,-33,-33,16,72,20,100,24,-81,-8,1,-8,69,126,-41,-63,-34,54,-36,92,-76,115,-61,114,121,-54,9,25,-106,-58,-26,48,-33,23,110,61,-97,111,-37,16,107,-97,-50,-77,-45,73,53,60,0,82,-26,-44,43,109,25,109,123,25,-114,-3
2807,3,17,-64,-64,-64,-33,-33,-33,16,72,20,100,24,-81,-8,1,-8,69,126,-41,-63,-34,54,-36,92,-76,115,-61,114,121,-54,9,25,-106,-58,-26,48,-33,23,110,61,-97,111,-37,16,107,-97,-50,-77,-45,73,53,60,0,82,-26,-44,43,109,25,109,123,25,-114,-3
2808,3,-22,-22,-25,-25,-25,-48,-48,-48,1,72,20,100,24,-81,-8,1,-8,69,126,-41,-63,-34,54,-36,92,-76,115,-61,114,121,-54,9,103,34,65,-71,-40,-36,81,-80,89,59,-5,-72,33,-42,2,-80,-98,101,51,52,-110,-123,-59,101,18,9,-70,-103,-80,102,-23,16
2809,3,-22,-22,-25,-25,-25,-48,-48,-48,1,72,20,100,24,-81,-8,1,-8,69,126,-41,-63,-34,54,-36,92,-76,115,-61,114,121,-54,9,103,34,65,-71,-40,-36,81,-80,89,59,-5,-72,33,-42,2,-80,-98,101,51,52,-110,-123,-59,101,18,9,-70,-103,-80,102,-23,16
2810,3,-22,-22,-25,-25,-25,-48,-48,-48,1,72,20,100,24,-81,-8,1,-8,69,126,-41,-63,-34,54,-36,92,-76,115,-61,114,121,-54,9,103,34,65,-71,-40,-36,81,-80,89,59,-5,-72,33,-42,2,-80,-98,101,51,52,-110,-123,-59,101,18,9,-70,-103,-80,102,-23,16
2811,3,-39,-39,-39,-29,-29,-29,-123,-123,36,1,72,20,100,24,-81,-8,1,-8,69,126,-41,-63,-34,54,-36,92,-76,115,-61,114,121,-54,-8,-24,-46,-50,-78,-59,-44,-114,103,12,-70,22,122,33,-24,-47,-49,21,0,-76,38,-124,-25,86,-82,96,82,-90,-66,110,126,108
2812,3,-39,-39,-39,-29,-29,-29,-123,-123,36,1,72,20,100,24,-81,-8,1,-8,69,126,-41,-63,-34,54,-36,92,-76,115,-61,114,121,-54,-8,-24,-46,-50,-78,-59,-44,-114,103,12,-70,22,122,33,-24,-47,-49,21,0,-76,38,-124,-25,86,-82,96,82,-90,-66,110,126,108
2813,3,-39,-39,-39,-29,-29,-29,-123,-123,36,1,72,20,100,24,-81,-8,1,-8,69,126,-41,-63,-34,54,-36,92,-76,115,-61,114,121,-54,-8,-24,-46,-50,-78,-59,-44,-114,103,12,-70,22,122,33,-24,-47,-49,21,0,-76,38,-124,-25,86,-82,96,82,-90,-66,110,126,108
2814,3,22,38,38,38,-125,-125,-125,2,-91,36,1,72,20,100,24,-81,-8,1,-8,69,126,-41,-63,-34,54,-36,92,-76,115,-61,114,121,-74,-32,115,118,8,43,-127,96,105,-41,114,82,-7,-102,111,94,92,35,-28,48,-42,-5,-99,81,-63,50,10,51,84,-67,-88,-112
2815,3,22,38,38,38,-125,-125,-125,2,-91,36,1,72,20,100,24,-81,-8,1,-8,69,126,-41,-63,-34,54,-36,92,-76,115,-61,114,121,-74,-32,115,118,8,43,-127,96,105,-41,114,82,-7,-102,111,94,92,35,-28,48,-42,-5,-99,81,-63,50,10,51,84,-67,-88,-112
2816,3,22,38,38,38,-125,-125,-125,2,-91,36,1,72,20,100,24,-81,-8,1,-8,69,126,-41,-63,-34,54,-36,92,-76,115,-61,114,121,-74,-32,115,118,8,43,-127,96,105,-41,114,82,-7,-102,111,94,92,35,-28,48,-42,-5,-99,81,-63,50,10,51,84,-67,-88,-112
2817,3,68,68,124,124,124,2,2,2,120,-91,36,1,72,20,100,24,-81,-8,1,-8,69,126,-41,-63,-34,54,-36,92,-76,115,-61,114,-77,121,99,-115,42,121,15,-77,-87,-108,64,-64,49,122,94,119,45,4,50,37,58,-81,-87,107,79,52,-106,88,117,103,-13,-12
2818,3,68,68,124,124,124,2,2,2,120,-91,36,1,72,20,100,24,-81,-8,1,-8,69,126,-41,-63,-34,54,-36,92,-76,115,-61,114,-77,121,99,-115,42,121,15,-77,-87,-108,64,-64,49,122,94,119,45,4,50,37,58,-81,-87,107,79,52,-106,88,117,103,-13,-12
2819,3,68,68,124,124,124,2,2,2,120,-91,36,1,72,20,100,24,-81,-8,1,-8,69,126,-41,-63,-34,54,-36,92,-76,115,-61,114,-77,121,99,-115,42,121,15,-77,-87,-108,64,-64,49,122,94,119,45,4,50,37,58,-81,-87,107,79,52,-106,88,117,103,-13,-12
2820,3,122,122,122,-126,-126,-126,108,108,-65,120,-91,36,1,72,20,100,24,-81,-8,1,-8,69,126,-41,-63,-34,54,-36,92,-76,115,-61,-8,50,29,-11,-88,83,47,118,121,73,23,-122,110,86,-91,58,51,-48,-26,-95,-29,-103,57,-127,-79,-16,-51,71,-3,-113,67,89
2821,3,122,122,122,-126,-126,-126,108,108,-65,120,-91,36,1,72,20,100,24,-81,-8,1,-8,69,126,-41,-63,-34,54,-36,92,-76,115,-61,-8,50,29,-11,-88,83,47,118,121,73,23,-122,110,86,-91,58,51,-48,-26,-95,-29,-103,57,-127,-79,-16,-51,71,-3,-113,67,89
2822,3,122,122,122,-126,-126,-126,108,108,-65,120,-91,36,1,72,20,100,24,-81,-8,1,-8,69,126,-41,-63,-34,54,-36,92,-76,115,-61,-8,50,29,-11,-88,83,47,118,121,73,23,-122,110,86,-91,58,51,-48,-26,-95,-29,-103,57,-127,-79,-16,-51,71,-3,-113,67,89
2823,3,31,52,52,52,-43,-43,-43,-23,83,-65,120,-91,36,1,72,20,100,24,-81,-8,1,-8,69,126,-41,-63,-34,54,-36,92,-76,115,6,19,91,-70,32,-77,39,-20,-47,-77,24,31,-27,-60,44,2,116,21,-14,122,79,-70,40,-81,-118,106,63,86,27,4,41,-87
2824,3,31,52,52,52,-43,-43,-43,-23,83,-65,120,-91,36,1,72,20,100,24,-81,-8,1,-8,69,126,-41,-63,-34,54,-36,92,-76,115,6,19,91,-70,32,-77,39,-20,-47,-77,24,31,-27,-60,44,2,116,21,-14,122,79,-70,40,-81,-118,106,63,86,27,4,41,-87
2825,3,31,52,52,52,-43,-43,-43,-23,83,-65,120,-91,36,1,72,20,100,24,-81,-8,1,-8,69,126,-41,-63,-34,54,-36,92,-76,115,6,19,91,-70,32,-77,39,-20,-47,-77,24,31,-27,-60,44,2,116,21,-14,122,79,-70,40,-81,-118,106,63,86,27,4,41,-87
2826,3,43,43,-97,-97,-97,52,52,52,-23,83,-65,120,-91,36,1,72,20,100,24,-81,-8,1,-8,69,126,-41,-63,-34,54,-36,92,-76,-116,32,92,126,-20,-67,41,75,81,-88,-53,58,-79,54,51,20,116,87,78,119,66,-49,67,63,-91,109,-34,-99,-36,-63,126,-119
2827,3,43,43,-97,-97,-97,52,52,52,-23,83,-65,120,-91,36,1,72,20,100,24,-81,-8,1,-8,69,126,-41,-63,-34,54,-36,92,-76,-116,32,92,126,-20,-67,41,75,81,-88,-53,58,-79,54,51,20,116,87,78,119,66,-49,67,63,-91,109,-34,-99,-36,-63,126,-119
2828,3,43,43,-97,-97,-97,52,52,52,-23,83,-65,120,-91,36,1,72,20,100,24,-81,-8,1,-8,69,126,-41,-63,-34,54,-36,92,-76,-116,32,92,126,-20,-67,41,75,81,-88,-53,58,-79,54,51,20,116,87,78,119,66,-49,67,63,-91,109,-34,-99,-36,-63,126,-119
2829,3,-116,-116,-116,119,119,119,13,13,17,-23,83,-65,120,-91,36,1,72,20,100,24,-81,-8,1,-8,69,126,-41,-63,-34,54,-36,92,-42,21,38,52,-109,13,0,15,97,65,-55,4,119,41,95,95,-53,-9,45,34,64,-28,122,45,12,-68,115,-100,118,-36,111,-52
2830,3,-116,-116,-116,119,119,119,13,13,17,-23,83,-65,120,-91,36,1,72,20,100,24,-81,-8,1,-8,69,126,-41,-63,-34,54,-36,92,-42,21,38,52,-109,13,0,15,97,65,-55,4,119,41,95,95,-53,-9,45,34,64,-28,122,45,12,-68,115,-100,118,-36,111,-52
2831,3,-116,-116,-116,119,119,119,13,13,17,-23,83,-65,120,-91,36,1,72,20,100,24,-81,-8,1,-8,69,126,-41,-63,-34,54,-36,92,-42,21,38,52,-109,13,0,15,97,65,-55,4,119,41,95,95,-53,-9,45,34,64,-28,122,45,12,-68,115,-100,118,-36,111,-52
2832,3,-30,-30,-30,-30,72,72,72,59,-22,17,-23,83,-65,120,-91,36,1,72,20,100,24,-81,-8,1,-8,69,126,-41,-63,-34,54,-36,-9,111,-102,90,55,103,-68,-50,-42,95,80,10,61,-61,-76,102,-86,-49,33,-55,46,-17,-73,11,38,77,54,95,58,26,100,-111
2833,3,-30,-30,-30,-30,72,72,72,59,-22,17,-23,83,-65,120,-91,36,1,72,20,100,24,-81,-8,1,-8,69,126,-41,-63,-34,54,-36,-9,111,-102,90,55,103,-68,-50,-42,95,80,10,61,-61,-76,102,-86,-49,33,-55,46,-17,-73,11,38,77,54,95,58,26,100,-111
2834,3,-30,-30,-30,-30,72,72,72,59,-22,17,-23,83,-65,120,-91,36,1,72,20,100,24,-81,-8,1,-8,69,126,-41,-63,-34,54,-36,-9,111,-102,90,55,103,-68,-50,-42,95,80,10,61,-61,-76,102,-86,-49,33,-55,46,-17,-73,11,38,77,54,95,58,26,100,-111
2835,3,86,86,-74,-74,-74,-41,-41,-41,-39,-22,17,-23,83,-65,120,-91,36,1,72,20,100,24,-81,-8,1,-8,69,126,-41,-63,-34,54,-33,-93,-84,-79,47,50,112,109,85,-46,-67,-120,3,121,-88,69,68,72,-4,109,82,72,-90,-40,64,54,44,12,-111,-98,-36,60
2836,3,86,86,-74,-74,-74,-41,-41,-41,-39,-22,17,-23,83,-65,120,-91,36,1,72,20,100,24,-81,-8,1,-8,69,126,-41,-63,-34,54,-33,-93,-84,-79,47,50,112,109,85,-46,-67,-120,3,121,-88,69,68,72,-4,109,82,72,-90,-40,64,54,44,12,-111,-98,-36,60
2837,3,86,86,-74,-74,-74,-41,-41,-41,-39,-22,17,-23,83,-65,120,-91,36,1,72,20,100,24,-81,-8,1,-8,69,126,-41,-63,-34,54,-33,-93,-84,-79,47,50,112,109,85,-46,-67,-120,3,121,-88,69,68,72,-4,109,82,72,-90,-40,64,54,44,12,-111,-98,-36,60
2838,3,63,63,63,94,94,94,93,93,22,-39,-22,17,-23,83,-65,120,-91,36,1,72,20,100,24,-81,-8,1,-8,69,126,-41,-63,-34,-77,-66,-8,-33,106,-41,-77,-43,-41,100,21,-88,9,43,-53,49,83,19,-66,67,-39,-123,8,-31,-124,32,-105,-50,42,9,-89,-47
2839,3,63,63,63,94,94,94,93,93,22,-39,-22,17,-23,83,-65,120,-91,36,1,72,20,100,24,-81,-8,1,-8,69,126,-41,-63,-34,-77,-66,-8,-33,106,-41,-77,-43,-41,100,21,-88,9,43,-53,49,83,19,-66,67,-39,-123,8,-31,-124,32,-105,-50,42,9,-89,-47
2840,3,63,63,63,94,94,94,93,93,22,-39,-22,17,-23,83,-65,120,-91,36,1,72,20,100,24,-81,-8,1,-8,69,126,-41,-63,-34,-77,-66,-8,-33,106,-41,-77,-43,-41,100,21,-88,9,43,-53,49,83,19,-66,67,-39,-123,8,-31,-124,32,-105,-50,42,9,-89,-47
2841,3,111,61,61,61,42,42,42,40,68,22,-39,-22,17,-23,83,-65,120,-91,36,1,72,20,100,24,-81,-8,1,-8,69,126,-41,-63,-89,-41,-69,-116,-62,-117,38,-89,69,-59,97,-126,124,-67,67,-99,-84,-100,55,-9,-38,89,115,-50,90,-121,-68,-116,47,30,18,25
2842,3,111,61,61,61,42,42,42,40,68,22,-39,-22,17,-23,83,-65,120,-91,36,1,72,20,100,24,-81,-8,1,-8,69,126,-41,-63,-89,-41,-69,-116,-62,-117,38,-89,69,-59,97,-126,124,-67,67,-99,-84,-100,55,-9,-38,89,115,-50,90,-121,-68,-116,47,30,18,25
2843,3,111,61,61,61,42,42,42,40,68,22,-39,-22,17,-23,83,-65,120,-91,36,1,72,20,100,24,-81,-8,1,-8,69,126,-41,-63,-89,-41,-69,-116,-62,-117,38,-89,69,-59,97,-126,124,-67,67,-99,-84,-100,55,-9,-38,89,115,-50,90,-121,-68,-116,47,30,18,25
2844,3,-5,-5,-19,-19,-19,-37,-37,-37,122,68,22,-39,-22,17,-23,83,-65,120,-91,36,1,72,20,100,24,-81,-8,1,-8,69,126,-41,-108,-42,117,-42,125,50,18,-21,10,-98,-117,-2,9,50,-73,96,87,39,4,-73,-56,-57,43,32,91,-65,-53,-54,11,31,-73,76
2845,3,-5,-5,-19,-19,-19,-37,-37,-37,122,68,22,-39,-22,17,-23,83,-65,120,-91,36,1,72,20,100,24,-81,-8,1,-8,69,126,-41,-108,-42,117,-42,125,50,18,-21,10,-98,-117,-2,9,50,-73,96,87,39,4,-73,-56,-57,43,32,91,-65,-53,-54,11,31,-73,76
2846,3,-5,-5,-19,-19,-19,-37,-37,-37,122,68,22,-39,-22,17,-23,83,-65,120,-91,36,1,72,20,100,24,-81,-8,1,-8,69,126,-41,-108,-42,117,-42,125,50,18,-21,10,-98,-117,-2,9,50,-73,96,87,39,4,-73,-56,-57,43,32,91,-65,-53,-54,11,31,-73,76
2847,3,-18,-18,-18,69,69,69,47,47,31,122,68,22,-39,-22,17,-23,83,-65,120,-91,36,1,72,20,100,24,-81,-8,1,-8,69,126,-23,-37,-76,112,79,22,-20,11,108,48,49,33,-21,-1,-19,42,-40,87,-73,106,-84,-22,61,105,-11,31,-94,-104,112,-121,-77,126
2848,3,-18,-18,-18,69,69,69,47,47,31,122,68,22,-39,-22,17,-23,83,-65,120,-91,36,1,72,20,100,24,-81,-8,1,-8,69,126,-23,-37,-76,112,79,22,-20,11,108,48,49,33,-21,-1,-19,42,-40,87,-73,106,-84,-22,61,105,-11,31,-94,-104,112,-121,-77,126
2849,3,-18,-18,-18,69,69,69,47,47,31,122,68,22,-39,-22,17,-23,83,-65,120,-91,36,1,72,20,100,24,-81,-8,1,-8,69,126,-23,-37,-76,112,79,22,-20,11,108,48,49,33,-21,-1,-19,42,-40,87,-73,106,-84,-22,61,105,-11,31,-94,-104,112,-121,-77,126
2850,3,-50,75,75,75,14,14,14,-35,43,31,122,68,22,-39,-22,17,-23,83,-65,120,-91,36,1,72,20,100,24,-81,-8,1,-8,69,40,-113,-113,15,77,28,-110,74,-24,118,-100,52,17,-24,55,37,22,77,124,-16,-111,-68,-119,-13,-21,2,46,97,46,-65,-41,-112
2851,3,-50,75,75,75,14,14,14,-35,43,31,122,68,22,-39,-22,17,-23,83,-65,120,-91,36,1,72,20,100,24,-81,-8,1,-8,69,40,-113,-113,15,77,28,-110,74,-24,118,-100,52,17,-24,55,37,22,77,124,-16,-111,-68,-119,-13,-21,2,46,97,46,-65,-41,-112
2852,3,-50,75,75,75,14,14,14,-35,43,31,122,68,22,-39,-22,17,-23,83,-65,120,-91,36,1,72,20,100,24,-81,-8,1,-8,69,40,-113,-113,15,77,28,-110,74,-24,118,-100,52,17,-24,55,37,22,77,124,-16,-111,-68,-119,-13,-21,2,46,97,46,-65,-41,-112
2853,3,-37,-37,-117,-117,-117,115,115,115,-116,43,31,122,68,22,-39,-22,17,-23,83,-65,120,-91,36,1,72,20,100,24,-81,-8,1,-8,-10,-80,-22,-89,89,106,1,80,-109,125,-47,-60,3,72,-46,-113,-103,47,-70,8,-122,-61,117,-60,105,-127,-123,94,-104,-94,-40,-7
2854,3,-37,-37,-117,-117,-117,115,115,115,-116,43,31,122,68,22,-39,-22,17,-23,83,-65,120,-91,36,1,72,20,100,24,-81,-8,1,-8,-10,-80,-22,-89,89,106,1,80,-109,125,-47,-60,3,72,-46,-113,-103,47,-70,8,-122,-61,117,-60,105,-127,-123,94,-104,-94,-40,-7
2855,3,-37,-37,-117,-117,-117,115,115,115,-116,43,31,122,68,22,-39,-22,17,-23,83,-65,120,-91,36,1,72,20,100,24,-81,-8,1,-8,-10,-80,-22,-89,89,106,1,80,-109,125,-47,-60,3,72,-46,-113,-103,47,-70,8,-122,-61,117,-60,105,-127,-123,94,-104,-94,-40,-7
2856,3,39,39,39,124,124,124,-65,-65,-30,-116,43,31,122,68,22,-39,-22,17,-23,83,-65,120,-91,36,1,72,20,100,24,-81,-8,1,64,-22,-94,112,126,-48,98,-105,29,-59,-42,-6,13,37,46,-122,-108,-117,-57,85,35,-67,85,34,-121,-17,-96,18,-31,-23,113,-1
2857,3,39,39,39,124,124,124,-65,-65,-30,-116,43,31,122,68,22,-39,-22,17,-23,83,-65,120,-91,36,1,72,20,100,24,-81,-8,1,64,-22,-94,112,126,-48,98,-105,29,-59,-42,-6,13,37,46,-122,-108,-117,-57,85,35,-67,85,34,-121,-17,-96,18,-31,-23,113,-1
2858,3,39,39,39,124,124,124,-65,-65,-30,-116,43,31,122,68,22,-39,-22,17,-23,83,-65,120,-91,36,1,72,20,100,24,-81,-8,1,64,-22,-94,112,126,-48,98,-105,29,-59,-42,-6,13,37,46,-122,-108,-117,-57,85,35,-67,85,34,-121,-17,-96,18,-31,-23,113,-1
2859,3,80,43,43,43,67,67,67,71,86,-30,-116,43,31,122,68,22,-39,-22,17,-23,83,-65,120,-91,36,1,72,20,100,24,-81,-8,31,-80,44,2,-43,121,29,29,-77,30,114,-95,-20,-17,-21,-123,-56,-29,47,111,61,22,-70,79,46,87,96,95,-64,78,46,-121
2860,3,80,43,43,43,67,67,67,71,86,-30,-116,43,31,122,68,22,-39,-22,17,-23,83,-65,120,-91,36,1,72,20,100,24,-81,-8,31,-80,44,2,-43,121,29,29,-77,30,114,-95,-20,-17,-21,-123,-56,-29,47,111,61,22,-70,79,46,87,96,95,-64,78,46,-121
2861,3,80,43,43,43,67,67,67,71,86,-30,-116,43,31,122,68,22,-39,-22,17,-23,83,-65,120,-91,36,1,72,20,100,24,-81,-8,31,-80,44,2,-43,121,29,29,-77,30,114,-95,-20,-17,-21,-123,-56,-29,47,111,61,22,-70,79,46,87,96,95,-64,78,46,-121
2862,3,10,10,-48,-48,-48,-109,-109,-109,63,86,-30,-116,43,31,122,68,22,-39,-22,17,-23,83,-65,120,-91,36,1,72,20,100,24,-81,33,-13,-32,34,-76,52,91,-78,-57,-24,-77,-58,55,-43,-112,33,-102,21,78,46,-97,-23,-27,8,16,-77,-53,-122,-54,-109,101,-46
2863,3,10,10,-48,-48,-48,-109,-109,-109,63,86,-30,-116,43,31,122,68,22,-39,-22,17,-23,83,-65,120,-91,36,1,72,20,100,24,-81,33,-13,-32,34,-76,52,91,-78,-57,-24,-77,-58,55,-43,-112,33,-102,21,78,46,-97,-23,-27,8,16,-77,-53,-122,-54,-109,101,-46
2864,3,10,10,-48,-48,-48,-109,-109,-109,63,86,-30,-116,43,31,122,68,22,-39,-22,17,-23,83,-65,120,-91,36,1,72,20,100,24,-81,33,-13,-32,34,-76,52,91,-78,-57,-24,-77,-58,55,-43,-112,33,-102,21,78,46,-97,-23,-27,8,16,-77,-53,-122,-54,-109,101,-46
2865,3,-27,-27,-27,-4,-4,-4,-118,-118,111,63,86,-30,-116,43,31,122,68,22,-39,-22,17,-23,83,-65,120,-91,36,1,72,20,100,24,18,-65,-57,108,107,-53,-73,126,-99,-60,57,18,17,38,61,99,-13,106,7,-38,-49,75,27,9,54,49,52,93,-48,-82,99,0
2866,3,-27,-27,-27,-4,-4,-4,-118,-118,111,63,86,-30,-116,43,31,122,68,22,-39,-22,17,-23,83,-65,120,-91,36,1,72,20,100,24,18,-65,-57,108,107,-53,-73,126,-99,-60,57,18,17,38,61,99,-13,106,7,-38,-49,75,27,9,54,49,52,93,-48,-82,99,0
2867,3,-27,-27,-27,-4,-4,-4,-118,-118,111,63,86,-30,-116,43,31,122,68,22,-39,-22,17,-23,83,-65,120,-91,36,1,72,20,100,24,18,-65,-57,108,107,-53,-73,126,-99,-60,57,18,17,38,61,99,-13,106,7,-38,-49,75,27,9,54,49,52,93,-48,-82,99,0
2868,3,27,32,32,32,18,18,18,19,-5,111,63,86,-30,-116,43,31,122,68,22,-39,-22,17,-23,83,-65,120,-91,36,1,72,20,100,-80,-28,90,-18,114,-49,33,-46,5,68,-28,-24,-103,55,46,118,57,-48,78,-61,-33,-47,16,125,-72,86,25,123,-86,94,11,104
2869,3,27,32,32,32,18,18,18,19,-5,111,63,86,-30,-116,43,31,122,68,22,-39,-22,17,-23,83,-65,120,-91,36,1,72,20,100,-80,-28,90,-18,114,-49,33,-46,5,68,-28,-24,-103,55,46,118,57,-48,78,-61,-33,-47,16,125,-72,86,25,123,-86,94,11,104
2870,3,27,32,32,32,18,18,18,19,-5,111,63,86,-30,-116,43,31,122,68,22,-39,-22,17,-23,83,-65,120,-91,36,1,72,20,100,-80,-28,90,-18,114,-49,33,-46,5,68,-28,-24,-103,55,46,118,57,-48,78,-61,-33,-47,16,125,-72,86,25,123,-86,94,11,104
2871,3,41,41,-75,-75,-75,67,67,67,-18,-5,111,63,86,-30,-116,43,31,122,68,22,-39,-22,17,-23,83,-65,120,-91,36,1,72,20,88,-19,57,104,66,23,37,90,-17,-124,22,-33,24,70,86,25,-85,42,-61,77,123,78,-81,-28,-82,98,-34,42,87,-8,-67,86
2872,3,41,41,-75,-75,-75,67,67,67,-18,-5,111,63,86,-30,-116,43,31,122,68,22,-39,-22,17,-23,83,-65,120,-91,36,1,72,20,88,-19,57,104,66,23,37,90,-17,-124,22,-33,24,70,86,25,-85,42,-61,77,123,78,-81,-28,-82,98,-34,42,87,-8,-67,86
2873,3,41,41,-75,-75,-75,67,67,67,-18,-5,111,63,86,-30,-116,43,31,122,68,22,-39,-22,17,-23,83,-65,120,-91,36,1,72,20,88,-19,57,104,66,23,37,90,-17,-124,22,-33,24,70,86,25,-85,42,-61,77,123,78,-81,-28,-82,98,-34,42,87,-8,-67,86
2874,3,-83,-83,-83,14,14,14,100,100,-50,-18,-5,111,63,86,-30,-116,43,31,122,68,22,-39,-22,17,-23,83,-65,120,-91,36,1,72,66,-10,-9,-125,16,-32,38,111,108,-30,47,105,44,-82,-119,-114,40,-2,-28,-26,-6,95,40,-40,89,-10,14,44,44,-45,102,-21
2875,3,-83,-83,-83,14,14,14,100,100,-50,-18,-5,111,63,86,-30,-116,43,31,122,68,22,-39,-22,17,-23,83,-65,120,-91,36,1,72,66,-10,-9,-125,16,-32,38,111,108,-30,47,105,44,-82,-119,-114,40,-2,-28,-26,-6,95,40,-40,89,-10,14,44,44,-45,102,-21
2876,3,-83,-83,-83,14,14,14,100,100,-50,-18,-5,111,63,86,-30,-116,43,31,122,68,22,-39,-22,17,-23,83,-65,120,-91,36,1,72,66,-10,-9,-125,16,-32,38,111,108,-30,47,105,44,-82,-119,-114,40,-2,-28,-26,-6,95,40,-40,89,-10,14,44,44,-45,102,-21
2877,3,-58,-118,-118,-118,13,13,13,84,-37,-50,-18,-5,111,63,86,-30,-116,43,31,122,68,22,-39,-22,17,-23,83,-65,120,-91,36,1,78,-74,71,53,116,116,55,-89,108,3,-48,33,-7,33,40,-32,-28,-56,-21,30,-94,78,-117,-36,-67,-3,-7,-26,-120,-3,-41,39
2878,3,-58,-118,-118,-118,13,13,13,84,-37,-50,-18,-5,111,63,86,-30,-116,43,31,122,68,22,-39,-22,17,-23,83,-65,120,-91,36,1,78,-74,71,53,116,116,55,-89,108,3,-48,33,-7,33,40,-32,-28,-56,-21,30,-94,78,-117,-36,-67,-3,-7,-26,-120,-3,-41,39
2879,3,-58,-118,-118,-118,13,13,13,84,-37,-50,-18,-5,111,63,86,-30,-116,43,31,122,68,22,-39,-22,17,-23,83,-65,120,-91,36,1,78,-74,71,53,116,116,55,-89,108,3,-48,33,-7,33,40,-32,-28,-56,-21,30,-94,78,-117,-36,-67,-3,-7,-26,-120,-3,-41,39
2880,3,-53,-53,53,53,53,33,33,33,39,-37,-50,-18,-5,111,63,86,-30,-116,43,31,122,68,22,-39,-22,17,-23,83,-65,120,-91,36,-84,24,-42,114,-3,-46,60,61,21,-11,-119,-57,109,66,88,43,125,-25,38,-8,125,-33,8,74,-34,12,61,15,101,108,4,78
2881,3,-53,-53,53,53,53,33,33,33,39,-37,-50,-18,-5,111,63,86,-30,-116,43,31,122,68,22,-39,-22,17,-23,83,-65,120,-91,36,-84,24,-42,114,-3,-46,60,61,21,-11,-119,-57,109,66,88,43,125,-25,38,-8,125,-33,8,74,-34,12,61,15,101,108,4,78
2882,3,-53,-53,53,53,53,33,33,33,39,-37,-50,-18,-5,111,63,86,-30,-116,43,31,122,68,22,-39,-22,17,-23,83,-65,120,-91,36,-84,24,-42,114,-3,-46,60,61,21,-11,-119,-57,109,66,88,43,125,-25,38,-8,125,-33,8,74,-34,12,61,15,101,108,4,78
2883,3,117,117,117,52,52,52,-123,-123,80,39,-37,-50,-18,-5,111,63,86,-30,-116,43,31,122,68,22,-39,-22,17,-23,83,-65,120,-91,33,64,34,54,-65,69,-16,124,37,31,-60,127,117,26,98,-27,21,-63,60,-70,-46,-99,64,-116,1,64,0,-101,-119,-37,26,-5
2884,3,117,117,117,52,52,52,-123,-123,80,39,-37,-50,-18,-5,111,63,86,-30,-116,43,31,122,68,22,-39,-22,17,-23,83,-65,120,-91,33,64,34,54,-65,69,-16,124,37,31,-60,127,117,26,98,-27,21,-63,60,-70,-46,-99,64,-116,1,64,0,-101,-119,-37,26,-5
2885,3,117,117,117,52,52,52,-123,-123,80,39,-37,-50,-18,-5,111,63,86,-30,-116,43,31,122,68,22,-39,-22,17,-23,83,-65,120,-91,33,64,34,54,-65,69,-16,124,37,31,-60,127,117,26,98,-27,21,-63,60,-70,-46,-99,64,-116,1,64,0,-101,-119,-37,26,-5
2886,3,27,-127,-127,-127,44,44,44,111,10,80,39,-37,-50,-18,-5,111,63,86,-30,-116,43,31,122,68,22,-39,-22,17,-23,83,-65,120,127,5,-77,-19,51,-82,-23,-95,-88,-58,117,0,-20,-68,38,-18,-8,93,-29,-75,-86,-117,63,57,22,54,-43,-85,47,85,-4,-19
2887,3,27,-127,-127,-127,44,44,44,111,10,80,39,-37,-50,-18,-5,111,63,86,-30,-116,43,31,122,68,22,-39,-22,17,-23,83,-65,120,127,5,-77,-19,51,-82,-23,-95,-88,-58,117,0,-20,-68,38,-18,-8,93,-29,-75,-86,-117,63,57,22,54,-43,-85,47,85,-4,-19
2888,3,27,-127,-127,-127,44,44,44,111,10,80,39,-37,-50,-18,-5,111,63,86,-30,-116,43,31,122,68,22,-39,-22,17,-23,83,-65,120,127,5,-77,-19,51,-82,-23,-95,-88,-58,117,0,-20,-68,38,-18,-8,93,-29,-75,-86,-117,63,57,22,54,-43,-85,47,85,-4,-19
2889,3,-74,-74,126,126,126,-32,-32,-32,-27,10,80,39,-37,-50,-18,-5,111,63,86,-30,-116,43,31,122,68,22,-39,-22,17,-23,83,-65,-18,34,-127,-112,-45,-74,-5,79,78,78,-54,-16,-104,-78,-117,-93,91,125,61,-106,-19,8,89,-84,-73,-93,16,103,104,32,71,-7
2890,3,-74,-74,126,126,126,-32,-32,-32,-27,10,80,39,-37,-50,-18,-5,111,63,86,-30,-116,43,31,122,68,22,-39,-22,17,-23,83,-65,-18,34,-127,-112,-45,-74,-5,79,78,78,-54,-16,-104,-78,-117,-93,91,125,61,-106,-19,8,89,-84,-73,-93,16,103,104,32,71,-7
2891,3,-74,-74,126,126,126,-32,-32,-32,-27,10,80,39,-37,-50,-18,-5,111,63,86,-30,-116,43,31,122,68,22,-39,-22,17,-23,83,-65,-18,34,-127,-112,-45,-74,-5,79,78,78,-54,-16,-104,-78,-117,-93,91,125,61,-106,-19,8,89,-84,-73,-93,16,103,104,32,71,-7
2892,3,24,24,24,55,55,55,17,17,27,-27,10,80,39,-37,-50,-18,-5,111,63,86,-30,-116,43,31,122,68,22,-39,-22,17,-23,83,-5,-122,-9,-25,-28,24,9,-15,23,114,-89,-16,-47,-60,-121,124,-118,112,125,-102,91,21,-32,-115,83,33,-45,-119,-117,52,101,0
2893,3,24,24,24,55,55,55,17,17,27,-27,10,80,39,-37,-50,-18,-5,111,63,86,-30,-116,43,31,122,68,22,-39,-22,17,-23,83,-5,-122,-9,-25,-28,24,9,-15,23,114,-89,-16,-47,-60,-121,124,-118,112,125,-102,91,21,-32,-115,83,33,-45,-119,-117,52,101,0
2894,3,24,24,24,55,55,55,17,17,27,-27,10,80,39,-37,-50,-18,-5,111,63,86,-30,-116,43,31,122,68,22,-39,-22,17,-23,83,-5,-122,-9,-25,-28,24,9,-15,23,114,-89,-16,-47,-60,-121,124,-118,112,125,-102,91,21,-32,-115,83,33,-45,-119,-117,52,101,0
2895,3,-73,21,21,21,47,47,47,-38,41,27,-27,10,80,39,-37,-50,-18,-5,111,63,86,-30,-116,43,31,122,68,22,-39,-22,17,-23,-45,120,-4,-75,118,-57,-44,52,-67,118,-52,40,-76,-37,-33,-61,78,-17,90,-2,53,-113,-65,-4,-32,113,-105,117,-119,48,-18,126
2896,3,-73,21,21,21,47,47,47,-38,41,27,-27,10,80,39,-37,-50,-18,-5,111,63,86,-30,-116,43,31,122,68,22,-39,-22,17,-23,-45,120,-4,-75,118,-57,-44,52,-67,118,-52,40,-76,-37,-33,-61,78,-17,90,-2,53,-113,-65,-4,-32,113,-105,117,-119,48,-18,126
2897,3,-73,21,21,21,47,47,47,-38,41,27,-27,10,80,39,-37,-50,-18,-5,111,63,86,-30,-116,43,31,122,68,22,-39,-22,17,-23,-45,120,-4,-75,118,-57,-44,52,-67,118,-52,40,-76,-37,-33,-61,78,-17,90,-2,53,-113,-65,-4,-32,113,-105,117,-119,48,-18,126
2898,3,87,87,-13,-13,-13,-75,-75,-75,-83,41,27,-27,10,80,39,-37,-50,-18,-5,111,63,86,-30,-116,43,31,122,68,22,-39,-22,17,-3,118,-54,47,-98,5,-61,-71,-111,-26,-29,31,101,-8,-49,-104,-31,67,-108,-60,36,45,-70,-121,123,23,-77,-39,22,26,-20,23
2899,3,87,87,-13,-13,-13,-75,-75,-75,-83,41,27,-27,10,80,39,-37,-50,-18,-5,111,63,86,-30,-116,43,31,122,68,22,-39,-22,17,-3,118,-54,47,-98,5,-61,-71,-111,-26,-29,31,101,-8,-49,-104,-31,67,-108,-60,36,45,-70,-121,123,23,-77,-39,22,26,-20,23
2900,3,87,87,-13,-13,-13,-75,-75,-75,-83,41,27,-27,10,80,39,-37,-50,-18,-5,111,63,86,-30,-116,43,31,122,68,22,-39,-22,17,-3,118,-54,47,-98,5,-61,-71,-111,-26,-29,31,101,-8,-49,-104,-31,67,-108,-60,36,45,-70,-121,123,23,-77,-39,22,26,-20,23
2901,3,-28,-28,-28,18,18,18,103,103,-58,-83,41,27,-27,10,80,39,-37,-50,-18,-5,111,63,86,-30,-116,43,31,122,68,22,-39,-22,109,9,-14,2,32,-46,-52,-109,-120,123,-113,94,114,9,-81,-55,-49,43,37,-50,-115,-68,-32,-26,75,113,84,-61,64,62,-8,-50
2902,3,-28,-28,-28,18,18,18,103,103,-58,-83,41,27,-27,10,80,39,-37,-50,-18,-5,111,63,86,-30,-116,43,31,122,68,22,-39,-22,109,9,-14,2,32,-46,-52,-109,-120,123,-113,94,114,9,-81,-55,-49,43,37,-50,-115,-68,-32,-26,75,113,84,-61,64,62,-8,-50
2903,3,-28,-28,-28,18,18,18,103,103,-58,-83,41,27,-27,10,80,39,-37,-50,-18,-5,111,63,86,-30,-116,43,31,122,68,22,-39,-22,109,9,-14,2,32,-46,-52,-109,-120,123,-113,94,114,9,-81,-55,-49,43,37,-50,-115,-68,-32,-26,75,113,84,-61,64,62,-8,-50
2904,3,-25,-86,-86,-86,-38,-38,-38,-43,-53,-58,-83,41,27,-27,10,80,39,-37,-50,-18,-5,111,63,86,-30,-116,43,31,122,68,22,-39,-20,-61,-33,69,-33,-11,49,79,-29,-24,58,107,-47,-123,-21,-50,25,19,36,104,123,-84,85,-18,114,-113,-69,122,29,7,-74,-73
2905,3,-25,-86,-86,-86,-38,-38,-38,-43,-53,-58,-83,41,27,-27,10,80,39,-37,-50,-18,-5,111,63,86,-30,-116,43,31,122,68,22,-39,-20,-61,-33,69,-33,-11,49,79,-29,-24,58,107,-47,-123,-21,-50,25,19,36,104,123,-84,85,-18,114,-113,-69,122,29,7,-74,-73
2906,3,-25,-86,-86,-86,-38,-38,-38,-43,-53,-58,-83,41,27,-27,10,80,39,-37,-50,-18,-5,111,63,86,-30,-116,43,31,122,68,22,-39,-20,-61,-33,69,-33,-11,49,79,-29,-24,58,107,-47,-123,-21,-50,25,19,36,104,123,-84,85,-18,114,-113,-69,122,29,7,-74,-73
2907,3,63,63,54,54,54,-117,-117,-117,117,-53,-58,-83,41,27,-27,10,80,39,-37,-50,-18,-5,111,63,86,-30,-116,43,31,122,68,22,37,-7,24,-71,67,30,-21,-52,-25,52,97,-115,84,-78,-4,-72,83,-20,73,-95,117,108,100,-30,-37,-102,-79,-70,118,75,127,-6
2908,3,63,63,54,54,54,-117,-117,-117,117,-53,-58,-83,41,27,-27,10,80,39,-37,-50,-18,-5,111,63,86,-30,-116,43,31,122,68,22,37,-7,24,-71,67,30,-21,-52,-25,52,97,-115,84,-78,-4,-72,83,-20,73,-95,117,108,100,-30,-37,-102,-79,-70,118,75,127,-6
2909,3,63,63,54,54,54,-117,-117,-117,117,-53,-58,-83,41,27,-27,10,80,39,-37,-50,-18,-5,111,63,86,-30,-116,43,31,122,68,22,37,-7,24,-71,67,30,-21,-52,-25,52,97,-115,84,-78,-4,-72,83,-20,73,-95,117,108,100,-30,-37,-102,-79,-70,118,75,127,-6
2910,3,-91,-91,-91,105,105,105,32,32,27,117,-53,-58,-83,41,27,-27,10,80,39,-37,-50,-18,-5,111,63,86,-30,-116,43,31,122,68,-60,14,-46,-103,33,-29,-90,102,-123,111,-67,81,-62,-51,-46,92,24,91,84,60,-126,81,-115,-23,41,-80,-123,96,55,-49,64,11
2911,3,-91,-91,-91,105,105,105,32,32,27,117,-53,-58,-83,41,27,-27,10,80,39,-37,-50,-18,-5,111,63,86,-30,-116,43,31,122,68,-60,14,-46,-103,33,-29,-90,102,-123,111,-67,81,-62,-51,-46,92,24,91,84,60,-126,81,-115,-23,41,-80,-123,96,55,-49,64,11
2912,3,-91,-91,-91,105,105,105,32,32,27,117,-53,-58,-83,41,27,-27,10,80,39,-37,-50,-18,-5,111,63,86,-30,-116,43,31,122,68,-60,14,-46,-103,33,-29,-90,102,-123,111,-67,81,-62,-51,-46,92,24,91,84,60,-126,81,-115,-23,41,-80,-123,96,55,-49,64,11
2913,3,16,104,104,104,112,112,112,105,-74,27,117,-53,-58,-83,41,27,-27,10,80,39,-37,-50,-18,-5,111,63,86,-30,-116,43,31,122,-93,-7,68,-33,65,30,120,-92,-96,-38,-37,124,10,48,-93,56,97,-108,48,29,71,82,51,-64,8,108,76,89,26,31,38,108
2914,3,16,104,104,104,112,112,112,105,-74,27,117,-53,-58,-83,41,27,-27,10,80,39,-37,-50,-18,-5,111,63,86,-30,-116,43,31,122,-93,-7,68,-33,65,30,120,-92,-96,-38,-37,124,10,48,-93,56,97,-108,48,29,71,82,51,-64,8,108,76,89,26,31,38,108
2915,3,16,104,104,104,112,112,112,105,-74,27,117,-53,-58,-83,41,27,-27,10,80,39,-37,-50,-18,-5,111,63,86,-30,-116,43,31,122,-93,-7,68,-33,65,30,120,-92,-96,-38,-37,124,10,48,-93,56,97,-108,48,29,71,82,51,-64,8,108,76,89,26,31,38,108
2916,3,-124,-124,-91,-91,-91,-63,-63,-63,24,-74,27,117,-53,-58,-83,41,27,-27,10,80,39,-37,-50,-18,-5,111,63,86,-30,-116,43,31,3,41,-109,54,8,-112,6,-57,-54,-69,101,1,51,-79,-22,124,73,78,36,78,86,12,49,-21,92,61,-97,-6,123,38,-23,-97
2917,3,-124,-124,-91,-91,-91,-63,-63,-63,24,-74,27,117,-53,-58,-83,41,27,-27,10,80,39,-37,-50,-18,-5,111,63,86,-30,-116,43,31,3,41,-109,54,8,-112,6,-57,-54,-69,101,1,51,-79,-22,124,73,78,36,78,86,12,49,-21,92,61,-97,-6,123,38,-23,-97
2918,3,-124,-124,-91,-91,-91,-63,-63,-63,24,-74,27,117,-53,-58,-83,41,27,-27,10,80,39,-37,-50,-18,-5,111,63,86,-30,-116,43,31,3,41,-109,54,8,-112,6,-57,-54,-69,101,1,51,-79,-22,124,73,78,36,78,86,12,49,-21,92,61,-97,-6,123,38,-23,-97
2919,3,86,86,86,2,2,2,46,46,-73,24,-74,27,117,-53,-58,-83,41,27,-27,10,80,39,-37,-50,-18,-5,111,63,86,-30,-116,43,-26,-63,-43,65,119,34,-115,-121,-36,19,31,-28,-53,-62,-37,-109,100,-7,19,-33,69,109,-102,-21,90,-110,58,101,-12,-12,-7,-38
2920,3,86,86,86,2,2,2,46,46,-73,24,-74,27,117,-53,-58,-83,41,27,-27,10,80,39,-37,-50,-18,-5,111,63,86,-30,-116,43,-26,-63,-43,65,119,34,-115,-121,-36,19,31,-28,-53,-62,-37,-109,100,-7,19,-33,69,109,-102,-21,90,-110,58,101,-12,-12,-7,-38
2921,3,86,86,86,2,2,2,46,46,-73,24,-74,27,117,-53,-58,-83,41,27,-27,10,80,39,-37,-50,-18,-5,111,63,86,-30,-116,43,-26,-63,-43,65,119,34,-115,-121,-36,19,31,-28,-53,-62,-37,-109,100,-7,19,-33,69,109,-102,-21,90,-110,58,101,-12,-12,-7,-38
2922,3,6,16,16,16,-62,-62,-62,80,87,-73,24,-74,27,117,-53,-58,-83,41,27,-27,10,80,39,-37,-50,-18,-5,111,63,86,-30,-116,-120,92,-7,36,-64,-118,74,28,-31,-127,19,-35,-99,-66,-30,24,71,69,52,88,-45,-74,21,-116,53,70,28,-71,127,-120,27,-24
2923,3,6,16,16,16,-62,-62,-62,80,87,-73,24,-74,27,117,-53,-58,-83,41,27,-27,10,80,39,-37,-50,-18,-5,111,63,86,-30,-116,-120,92,-7,36,-64,-118,74,28,-31,-127,19,-35,-99,-66,-30,24,71,69,52,88,-45,-74,21,-116,53,70,28,-71,127,-120,27,-24
2924,3,6,16,16,16,-62,-62,-62,80,87,-73,24,-74,27,117,-53,-58,-83,41,27,-27,10,80,39,-37,-50,-18,-5,111,63,86,-30,-116,-120,92,-7,36,-64,-118,74,28,-31,-127,19,-35,-99,-66,-30,24,71,69,52,88,-45,-74,21,-116,53,70,28,-71,127,-120,27,-24
2925,3,21,21,-25,-25,-25,89,89,89,-28,87,-73,24,-74,27,117,-53,-58,-83,41,27,-27,10,80,39,-37,-50,-18,-5,111,63,86,-30,-43,57,73,-123,-67,-56,-20,6,9,29,61,6,114,-93,-49,-105,-97,96,48,99,82,-96,-77,-74,31,29,-112,-58,37,89,125,9
2926,3,21,21,-25,-25,-25,89,89,89,-28,87,-73,24,-74,27,117,-53,-58,-83,41,27,-27,10,80,39,-37,-50,-18,-5,111,63,86,-30,-43,57,73,-123,-67,-56,-20,6,9,29,61,6,114,-93,-49,-105,-97,96,48,99,82,-96,-77,-74,31,29,-112,-58,37,89,125,9
2927,3,21,21,-25,-25,-25,89,89,89,-28,87,-73,24,-74,27,117,-53,-58,-83,41,27,-27,10,80,39,-37,-50,-18,-5,111,63,86,-30,-43,57,73,-123,-67,-56,-20,6,9,29,61,6,114,-93,-49,-105,-97,96,48,99,82,-96,-77,-74,31,29,-112,-58,37,89,125,9
2928,3,65,65,65,42,42,42,-42,-42,-25,-28,87,-73,24,-74,27,117,-53,-58,-83,41,27,-27,10,80,39,-37,-50,-18,-5,111,63,86,28,-46,-3,10,29,-69,-125,117,-97,-22,58,84,55,111,6,-102,-91,75,-39,113,100,-9,51,-24,-5,90,-86,-76,24,-74,48,85
2929,3,65,65,65,42,42,42,-42,-42,-25,-28,87,-73,24,-74,27,117,-53,-58,-83,41,27,-27,10,80,39,-37,-50,-18,-5,111,63,86,28,-46,-3,10,29,-69,-125,117,-97,-22,58,84,55,111,6,-102,-91,75,-39,113,100,-9,51,-24,-5,90,-86,-76,24,-74,48,85
2930,3,65,65,65,42,42,42,-42,-42,-25,-28,87,-73,24,-74,27,117,-53,-58,-83,41,27,-27,10,80,39,-37,-50,-18,-5,111,63,86,28,-46,-3,10,29,-69,-125,117,-97,-22,58,84,55,111,6,-102,-91,75,-39,113,100,-9,51,-24,-5,90,-86,-76,24,-74,48,85
2931,3,-34,-65,-65,-65,121,121,121,-36,63,-25,-28,87,-73,24,-74,27,117,-53,-58,-83,41,27,-27,10,80,39,-37,-50,-18,-5,111,63,-40,-71,-109,10,89,61,57,66,-93,89,39,-15,-53,-9,44,-122,-99,99,13,-82,18,-77,89,-85,-16,-54,26,-85,75,62,-63,66
2932,3,-34,-65,-65,-65,121,121,121,-36,63,-25,-28,87,-73,24,-74,27,117,-53,-58,-83,41,27,-27,10,80,39,-37,-50,-18,-5,111,63,-40,-71,-109,10,89,61,57,66,-93,89,39,-15,-53,-9,44,-122,-99,99,13,-82,18,-77,89,-85,-16,-54,26,-85,75,62,-63,66
2933,3,-34,-65,-65,-65,121,121,121,-36,63,-25,-28,87,-73,24,-74,27,117,-53,-58,-83,41,27,-27,10,80,39,-37,-50,-18,-5,111,63,-40,-71,-109,10,89,61,57,66,-93,89,39,-15,-53,-9,44,-122,-99,99,13,-82,18,-77,89,-85,-16,-54,26,-85,75,62,-63,66
2934,3,-67,-67,73,73,73,-103,-103,-103,-91,63,-25,-28,87,-73,24,-74,27,117,-53,-58,-83,41,27,-27,10,80,39,-37,-50,-18,-5,111,117,14,73,58,-58,-78,94,-125,75,42,-45,123,-12,46,92,65,80,75,31,-74,-114,113,-112,-27,71,-76,-49,-112,-36,123,-21,91
2935,3,-67,-67,73,73,73,-103,-103,-103,-91,63,-25,-28,87,-73,24,-74,27,117,-53,-58,-83,41,27,-27,10,80,39,-37,-50,-18,-5,111,117,14,73,58,-58,-78,94,-125,75,42,-45,123,-12,46,92,65,80,75,31,-74,-114,113,-112,-27,71,-76,-49,-112,-36,123,-21,91
2936,3,-67,-67,73,73,73,-103,-103,-103,-91,63,-25,-28,87,-73,24,-74,27,117,-53,-58,-83,41,27,-27,10,80,39,-37,-50,-18,-5,111,117,14,73,58,-58,-78,94,-125,75,42,-45,123,-12,46,92,65,80,75,31,-74,-114,113,-112,-27,71,-76,-49,-112,-36,123,-21,91
2937,3,26,26,26,29,29,29,17,17,16,-91,63,-25,-28,87,-73,24,-74,27,117,-53,-58,-83,41,27,-27,10,80,39,-37,-50,-18,-5,1,3,-11,86,62,50,105,53,-86,-93,122,60,-60,-95,-13,23,-27,49,13,-76,-95,48,84,-96,-124,97,-60,127,93,93,-27,-82
2938,3,26,26,26,29,29,29,17,17,16,-91,63,-25,-28,87,-73,24,-74,27,117,-53,-58,-83,41,27,-27,10,80,39,-37,-50,-18,-5,1,3,-11,86,62,50,105,53,-86,-93,122,60,-60,-95,-13,23,-27,49,13,-76,-95,48,84,-96,-124,97,-60,127,93,93,-27,-82
2939,3,26,26,26,29,29,29,17,17,16,-91,63,-25,-28,87,-73,24,-74,27,117,-53,-58,-83,41,27,-27,10,80,39,-37,-50,-18,-5,1,3,-11,86,62,50,105,53,-86,-93,122,60,-60,-95,-13,23,-27,49,13,-76,-95,48,84,-96,-124,97,-60,127,93,93,-27,-82
2940,3,48,61,61,61,52,52,52,-27,-124,16,-91,63,-25,-28,87,-73,24,-74,27,117,-53,-58,-83,41,27,-27,10,80,39,-37,-50,-18,16,41,8,-123,-78,121,-101,-48,-68,-83,75,-84,0,-87,-120,-11,115,127,-25,-123,-110,48,-25,102,-115,68,54,-72,126,85,76,18
2941,3,48,61,61,61,52,52,52,-27,-124,16,-91,63,-25,-28,87,-73,24,-74,27,117,-53,-58,-83,41,27,-27,10,80,39,-37,-50,-18,16,41,8,-123,-78,121,-101,-48,-68,-83,75,-84,0,-87,-120,-11,115,127,-25,-123,-110,48,-25,102,-115,68,54,-72,126,85,76,18
2942,3,48,61,61,61,52,52,52,-27,-124,16,-91,63,-25,-28,87,-73,24,-74,27,117,-53,-58,-83,41,27,-27,10,80,39,-37,-50,-18,16,41,8,-123,-78,121,-101,-48,-68,-83,75,-84,0,-87,-120,-11,115,127,-25,-123,-110,48,-25,102,-115,68,54,-72,126,85,76,18
2943,3,118,118,67,67,67,-88,-88,-88,86,-124,16,-91,63,-25,-28,87,-73,24,-74,27,117,-53,-58,-83,41,27,-27,10,80,39,-37,-50,-71,3,-118,12,22,-120,-31,-74,13,43,50,99,51,-90,-41,-35,36,-116,-57,-65,113,51,-90,121,127,52,61,-34,9,-115,-124,22
2944,3,118,118,67,67,67,-88,-88,-88,86,-124,16,-91,63,-25,-28,87,-73,24,-74,27,117,-53,-58,-83,41,27,-27,10,80,39,-37,-50,-71,3,-118,12,22,-120,-31,-74,13,43,50,99,51,-90,-41,-35,36,-116,-57,-65,113,51,-90,121,127,52,61,-34,9,-115,-124,22
2945,3,118,118,67,67,67,-88,-88,-88,86,-124,16,-91,63,-25,-28,87,-73,24,-74,27,117,-53,-58,-83,41,27,-27,10,80,39,-37,-50,-71,3,-118,12,22,-120,-31,-74,13,43,50,99,51,-90,-41,-35,36,-116,-57,-65,113,51,-90,121,127,52,61,-34,9,-115,-124,22
2946,3,-73,-73,-73,-82,-82,-82,106,106,6,86,-124,16,-91,63,-25,-28,87,-73,24,-74,27,117,-53,-58,-83,41,27,-27,10,80,39,-37,-58,-2,6,0,96,118,18,-97,-106,-112,29,7,-27,64,-122,69,-32,98,71,-91,-26,-90,-18,91,-111,-119,126,-53,-75,30,105,24
2947,3,-73,-73,-73,-82,-82,-82,106,106,6,86,-124,16,-91,63,-25,-28,87,-73,24,-74,27,117,-53,-58,-83,41,27,-27,10,80,39,-37,-58,-2,6,0,96,118,18,-97,-106,-112,29,7,-27,64,-122,69,-32,98,71,-91,-26,-90,-18,91,-111,-119,126,-53,-75,30,105,24
2948,3,-73,-73,-73,-82,-82,-82,106,106,6,86,-124,16,-91,63,-25,-28,87,-73,24,-74,27,117,-53,-58,-83,41,27,-27,10,80,39,-37,-58,-2,6,0,96,118,18,-97,-106,-112,29,7,-27,64,-122,69,-32,98,71,-91,-26,-90,-18,91,-111,-119,126,-53,-75,30,105,24
2949,3,71,-80,-80,-80,-75,-75,-75,-21,21,6,86,-124,16,-91,63,-25,-28,87,-73,24,-74,27,117,-53,-58,-83,41,27,-27,10,80,39,-92,-80,71,118,-96,16,118,88,91,12,-107,55,-72,31,4,51,82,97,-29,-124,77,89,-23,-87,-42,-30,-78,-88,-15,11,16,28
2950,3,71,-80,-80,-80,-75,-75,-75,-21,21,6,86,-124,16,-91,63,-25,-28,87,-73,24,-74,27,117,-53,-58,-83,41,27,-27,10,80,39,-92,-80,71,118,-96,16,118,88,91,12,-107,55,-72,31,4,51,82,97,-29,-124,77,89,-23,-87,-42,-30,-78,-88,-15,11,16,28
2951,3,71,-80,-80,-80,-75,-75,-75,-21,21,6,86,-124,16,-91,63,-25,-28,87,-73,24,-74,27,117,-53,-58,-83,41,27,-27,10,80,39,-92,-80,71,118,-96,16,118,88,91,12,-107,55,-72,31,4,51,82,97,-29,-124,77,89,-23,-87,-42,-30,-78,-88,-15,11,16,28
2952,3,-109,-109,-83,-83,-83,116,116,116,65,21,6,86,-124,16,-91,63,-25,-28,87,-73,24,-74,27,117,-53,-58,-83,41,27,-27,10,80,-56,-112,6,99,-37,60,-3,80,68,69,9,28,68,-91,53,34,8,103,85,15,-54,17,72,22,16,27,-52,0,-85,-77,88,-89
2953,3,-109,-109,-83,-83,-83,116,116,116,65,21,6,86,-124,16,-91,63,-25,-28,87,-73,24,-74,27,117,-53,-58,-83,41,27,-27,10,80,-56,-112,6,99,-37,60,-3,80,68,69,9,28,68,-91,53,34,8,103,85,15,-54,17,72,22,16,27,-52,0,-85,-77,88,-89
2954,3,-109,-109,-83,-83,-83,116,116,116,65,21,6,86,-124,16,-91,63,-25,-28,87,-73,24,-74,27,117,-53,-58,-83,41,27,-27,10,80,-56,-112,6,99,-37,60,-3,80,68,69,9,28,68,-91,53,34,8,103,85,15,-54,17,72,22,16,27,-52,0,-85,-77,88,-89
2955,3,126,126,126,-34,-34,-34,114,114,-34,65,21,6,86,-124,16,-91,63,-25,-28,87,-73,24,-74,27,117,-53,-58,-83,41,27,-27,10,-17,61,-120,110,-107,37,118,-62,99,32,-20,-89,8,-65,-115,-98,0,89,-66,-43,-45,-90,118,-85,34,-45,-65,-116,-27,-12,-66,-33
2956,3,126,126,126,-34,-34,-34,114,114,-34,65,21,6,86,-124,16,-91,63,-25,-28,87,-73,24,-74,27,117,-53,-58,-83,41,27,-27,10,-17,61,-120,110,-107,37,118,-62,99,32,-20,-89,8,-65,-115,-98,0,89,-66,-43,-45,-90,118,-85,34,-45,-65,-116,-27,-12,-66,-33
2957,3,126,126,126,-34,-34,-34,114,114,-34,65,21,6,86,-124,16,-91,63,-25,-28,87,-73,24,-74,27,117,-53,-58,-83,41,27,-27,10,-17,61,-120,110,-107,37,118,-62,99,32,-20,-89,8,-65,-115,-98,0,89,-66,-43,-45,-90,118,-85,34,-45,-65,-116,-27,-12,-66,-33
2958,3,0,50,50,50,-102,-102,-102,-88,-67,-34,65,21,6,86,-124,16,-91,63,-25,-28,87,-73,24,-74,27,117,-53,-58,-83,41,27,-27,0,-17,-13,31,34,47,31,-54,-21,-127,66,-125,118,70,99,17,126,1,119,57,70,62,24,-42,108,-29,-37,-66,23,-50,66,119
2959,3,0,50,50,50,-102,-102,-102,-88,-67,-34,65,21,6,86,-124,16,-91,63,-25,-28,87,-73,24,-74,27,117,-53,-58,-83,41,27,-27,0,-17,-13,31,34,47,31,-54,-21,-127,66,-125,118,70,99,17,126,1,119,57,70,62,24,-42,108,-29,-37,-66,23,-50,66,119
2960,3,0,50,50,50,-102,-102,-102,-88,-67,-34,65,21,6,86,-124,16,-91,63,-25,-28,87,-73,24,-74,27,117,-53,-58,-83,41,27,-27,0,-17,-13,31,34,47,31,-54,-21,-127,66,-125,118,70,99,17,126,1,119,57,70,62,24,-42,108,-29,-37,-66,23,-50,66,119
2961,3,0,0,-107,-107,-107,125,125,125,26,-67,-34,65,21,6,86,-124,16,-91,63,-25,-28,87,-73,24,-74,27,117,-53,-58,-83,41,27,0,0,-17,-72,4,69,-3,12,-48,52,29,22,-90,127,-14,-10,37,23,-77,-26,-35,-83,-8,-56,-98,-105,19,-115,-103,-78,102,-92
2962,3,0,0,-107,-107,-107,125,125,125,26,-67,-34,65,21,6,86,-124,16,-91,63,-25,-28,87,-73,24,-74,27,117,-53,-58,-83,41,27,0,0,-17,-72,4,69,-3,12,-48,52,29,22,-90,127,-14,-10,37,23,-77,-26,-35,-83,-8,-56,-98,-105,19,-115,-103,-78,102,-92
2963,3,0,0,-107,-107,-107,125,125,125,26,-67,-34,65,21,6,86,-124,16,-91,63,-25,-28,87,-73,24,-74,27,117,-53,-58,-83,41,27,0,0,-17,-72,4,69,-3,12,-48,52,29,22,-90,127,-14,-10,37,23,-77,-26,-35,-83,-8,-56,-98,-105,19,-115,-103,-78,102,-92
2964,3,0,0,0,-20,-20,-20,-86,-86,48,26,-67,-34,65,21,6,86,-124,16,-91,63,-25,-28,87,-73,24,-74,27,117,-53,-58,-83,41,0,0,0,-17,-55,-5,91,53,16,69,-5,-116,16,-122,-83,85,-85,-51,20,-20,-52,-64,-101,61,49,-91,47,-78,-123,122,86,-105
2965,3,0,0,0,-20,-20,-20,-86,-86,48,26,-67,-34,65,21,6,86,-124,16,-91,63,-25,-28,87,-73,24,-74,27,117,-53,-58,-83,41,0,0,0,-17,-55,-5,91,53,16,69,-5,-116,16,-122,-83,85,-85,-51,20,-20,-52,-64,-101,61,49,-91,47,-78,-123,122,86,-105
2966,3,0,0,0,-20,-20,-20,-86,-86,48,26,-67,-34,65,21,6,86,-124,16,-91,63,-25,-28,87,-73,24,-74,27,117,-53,-58,-83,41,0,0,0,-17,-55,-5,91,53,16,69,-5,-116,16,-122,-83,85,-85,-51,20,-20,-52,-64,-101,61,49,-91,47,-78,-123,122,86,-105
2967,3,0,0,0,0,-29,-29,-29,114,118,48,26,-67,-34,65,21,6,86,-124,16,-91,63,-25,-28,87,-73,24,-74,27,117,-53,-58,-83,0,0,0,0,-17,89,-69,115,35,-118,9,68,97,71,23,36,41,-32,-49,-83,-87,98,40,-107,20,42,81,55,-76,120,-97,-20
2968,3,0,0,0,0,-29,-29,-29,114,118,48,26,-67,-34,65,21,6,86,-124,16,-91,63,-25,-28,87,-73,24,-74,27,117,-53,-58,-83,0,0,0,0,-17,89,-69,115,35,-118,9,68,97,71,23,36,41,-32,-49,-83,-87,98,40,-107,20,42,81,55,-76,120,-97,-20
2969,3,0,0,0,0,-29,-29,-29,114,118,48,26,-67,-34,65,21,6,86,-124,16,-91,63,-25,-28,87,-73,24,-74,27,117,-53,-58,-83,0,0,0,0,-17,89,-69,115,35,-118,9,68,97,71,23,36,41,-32,-49,-83,-87,98,40,-107,20,42,81,55,-76,120,-97,-20
2970,3,0,0,0,0,0,34,34,34,-73,118,48,26,-67,-34,65,21,6,86,-124,16,-91,63,-25,-28,87,-73,24,-74,27,117,-53,-58,0,0,0,0,0,-17,111,38,33,31,39,-17,-57,-66,-121,-122,-6,66,101,-65,-123,91,-85,40,50,-26,-119,-121,-91,-79,-117,-41
2971,3,0,0,0,0,0,34,34,34,-73,118,48,26,-67,-34,65,21,6,86,-124,16,-91,63,-25,-28,87,-73,24,-74,27,117,-53,-58,0,0,0,0,0,-17,111,38,33,31,39,-17,-57,-66,-121,-122,-6,66,101,-65,-123,91,-85,40,50,-26,-119,-121,-91,-79,-117,-41
2972,3,0,0,0,0,0,34,34,34,-73,118,48,26,-67,-34,65,21,6,86,-124,16,-91,63,-25,-28,87,-73,24,-74,27,117,-53,-58,0,0,0,0,0,-17,111,38,33,31,39,-17,-57,-66,-121,-122,-6,66,101,-65,-123,91,-85,40,50,-26,-119,-121,-91,-79,-117,-41
2973,3,0,0,0,0,0,0,39,39,71,-73,118,48,26,-67,-34,65,21,6,86,-124,16,-91,63,-25,-28,87,-73,24,-74,27,117,-53,0,0,0,0,0,0,-17,102,99,-15,2,-48,14,-122,-99,-63,5,-57,122,-73,-119,-44,-19,33,78,52,12,26,36,-30,116,-59
2974,3,0,0,0,0,0,0,39,39,71,-73,118,48,26,-67,-34,65,21,6,86,-124,16,-91,63,-25,-28,87,-73,24,-74,27,117,-53,0,0,0,0,0,0,-17,102,99,-15,2,-48,14,-122,-99,-63,5,-57,122,-73,-119,-44,-19,33,78,52,12,26,36,-30,116,-59
2975,3,0,0,0,0,0,0,39,39,71,-73,118,48,26,-67,-34,65,21,6,86,-124,16,-91,63,-25,-28,87,-73,24,-74,27,117,-53,0,0,0,0,0,0,-17,102,99,-15,2,-48,14,-122,-99,-63,5,-57,122,-73,-119,-44,-19,33,78,52,12,26,36,-30,116,-59
2976,3,0,0,0,0,0,0,0,10,-109,71,-73,118,48,26,-67,-34,65,21,6,86,-124,16,-91,63,-25,-28,87,-73,24,-74,27,117,0,0,0,0,0,0,0,-17,12,-93,-107,40,55,-104,-41,-71,67,53,-58,-14,57,-75,100,73,87,95,-36,111,-13,-7,-91,-4
2977,3,0,0,0,0,0,0,0,10,-109,71,-73,118,48,26,-67,-34,65,21,6,86,-124,16,-91,63,-25,-28,87,-73,24,-74,27,117,0,0,0,0,0,0,0,-17,12,-93,-107,40,55,-104,-41,-71,67,53,-58,-14,57,-75,100,73,87,95,-36,111,-13,-7,-91,-4
2978,3,0,0,0,0,0,0,0,10,-109,71,-73,118,48,26,-67,-34,65,21,6,86,-124,16,-91,63,-25,-28,87,-73,24,-74,27,117,0,0,0,0,0,0,0,-17,12,-93,-107,40,55,-104,-41,-71,67,53,-58,-14,57,-75,100,73,87,95,-36,111,-13,-7,-91,-4
2979,3,0,0,0,0,0,0,0,0,126,-109,71,-73,118,48,26,-67,-34,65,21,6,86,-124,16,-91,63,-25,-28,87,-73,24,-74,27,0,0,0,0,0,0,0,0,-17,-90,21,-114,104,-38,73,11,98,-67,-40,-46,-120,18,74,-46,6,-82,-66,-5,27,-78,-77,6
2980,3,0,0,0,0,0,0,0,0,126,-109,71,-73,118,48,26,-67,-34,65,21,6,86,-124,16,-91,63,-25,-28,87,-73,24,-74,27,0,0,0,0,0,0,0,0,-17,-90,21,-114,104,-38,73,11,98,-67,-40,-46,-120,18,74,-46,6,-82,-66,-5,27,-78,-77,6
2981,3,0,0,0,0,0,0,0,0,126,-109,71,-73,118,48,26,-67,-34,65,21,6,86,-124,16,-91,63,-25,-28,87,-73,24,-74,27,0,0,0,0,0,0,0,0,-17,-90,21,-114,104,-38,73,11,98,-67,-40,-46,-120,18,74,-46,6,-82,-66,-5,27,-78,-77,6
2982,3,0,0,0,0,0,0,0,0,0,126,-109,71,-73,118,48,26,-67,-34,65,21,6,86,-124,16,-91,63,-25,-28,87,-73,24,-74,0,0,0,0,0,0,0,0,0,-17,-48,-70,-106,-19,-25,-107,37,55,82,112,-75,-90,71,-108,-65,70,-25,-61,-1,-17,-48,86
2983,3,0,0,0,0,0,0,0,0,0,126,-109,71,-73,118,48,26,-67,-34,65,21,6,86,-124,16,-91,63,-25,-28,87,-73,24,-74,0,0,0,0,0,0,0,0,0,-17,-48,-70,-106,-19,-25,-107,37,55,82,112,-75,-90,71,-108,-65,70,-25,-61,-1,-17,-48,86
2984,3,0,0,0,0,0,0,0,0,0,126,-109,71,-73,118,48,26,-67,-34,65,21,6,86,-124,16,-91,63,-25,-28,87,-73,24,-74,0,0,0,0,0,0,0,0,0,-17,-48,-70,-106,-19,-25,-107,37,55,82,112,-75,-90,71,-108,-65,70,-25,-61,-1,-17,-48,86
2985,3,0,0,0,0,0,0,0,0,0,0,126,-109,71,-73,118,48,26,-67,-34,65,21,6,86,-124,16,-91,63,-25,-28,87,-73,24,0,0,0,0,0,0,0,0,0,0,-17,-57,80,-2,3,-75,50,-79,16,21,-78,-114,-73,-59,-103,-24,20,-96,-40,-92,-21,58
2986,3,0,0,0,0,0,0,0,0,0,0,126,-109,71,-73,118,48,26,-67,-34,65,21,6,86,-124,16,-91,63,-25,-28,87,-73,24,0,0,0,0,0,0,0,0,0,0,-17,-57,80,-2,3,-75,50,-79,16,21,-78,-114,-73,-59,-103,-24,20,-96,-40,-92,-21,58
2987,3,0,0,0,0,0,0,0,0,0,0,126,-109,71,-73,118,48,26,-67,-34,65,21,6,86,-124,16,-91,63,-25,-28,87,-73,24,0,0,0,0,0,0,0,0,0,0,-17,-57,80,-2,3,-75,50,-79,16,21,-78,-114,-73,-59,-103,-24,20,-96,-40,-92,-21,58
2988,3,0,0,0,0,0,0,0,0,0,0,0,126,-109,71,-73,118,48,26,-67,-34,65,21,6,86,-124,16,-91,63,-25,-28,87,-73,0,0,0,0,0,0,0,0,0,0,0,-17,-39,-3,-40,-5,119,69,40,93,77,4,-91,-13,-1,67,16,-104,106,-10,-94,110
2989,3,0,0,0,0,0,0,0,0,0,0,0,126,-109,71,-73,118,48,26,-67,-34,65,21,6,86,-124,16,-91,63,-25,-28,87,-73,0,0,0,0,0,0,0,0,0,0,0,-17,-39,-3,-40,-5,119,69,40,93,77,4,-91,-13,-1,67,16,-104,106,-10,-94,110
2990,3,0,0,0,0,0,0,0,0,0,0,0,126,-109,71,-73,118,48,26,-67,-34,65,21,6,86,-124,16,-91,63,-25,-28,87,-73,0,0,0,0,0,0,0,0,0,0,0,-17,-39,-3,-40,-5,119,69,40,93,77,4,-91,-13,-1,67,16,-104,106,-10,-94,110
2991,3,0,0,0,0,0,0,0,0,0,0,0,0,126,-109,71,-73,118,48,26,-67,-34,65,21,6,86,-124,16,-91,63,-25,-28,87,0,0,0,0,0,0,0,0,0,0,0,0,-17,52,45,38,-123,-59,49,-125,-17,-43,-5,115,46,85,35,-106,-115,-14,-75,-9
2992,3,0,0,0,0,0,0,0,0,0,0,0,0,126,-109,71,-73,118,48,26,-67,-34,65,21,6,86,-124,16,-91,63,-25,-28,87,0,0,0,0,0,0,0,0,0,0,0,0,-17,52,45,38,-123,-59,49,-125,-17,-43,-5,115,46,85,35,-106,-115,-14,-75,-9
2993,3,0,0,0,0,0,0,0,0,0,0,0,0,126,-109,71,-73,118,48,26,-67,-34,65,21,6,86,-124,16,-91,63,-25,-28,87,0,0,0,0,0,0,0,0,0,0,0,0,-17,52,45,38,-123,-59,49,-125,-17,-43,-5,115,46,85,35,-106,-115,-14,-75,-9
2994,3,0,0,0,0,0,0,0,0,0,0,0,0,0,126,-109,71,-73,118,48,26,-67,-34,65,21,6,86,-124,16,-91,63,-25,-28,0,0,0,0,0,0,0,0,0,0,0,0,0,-17,37,51,-104,126,-95,91,-72,73,-44,7,62,25,-126,-40,116,83,-75,63
2995,3,0,0,0,0,0,0,0,0,0,0,0,0,0,126,-109,71,-73,118,48,26,-67,-34,65,21,6,86,-124,16,-91,63,-25,-28,0,0,0,0,0,0,0,0,0,0,0,0,0,-17,37,51,-104,126,-95,91,-72,73,-44,7,62,25,-126,-40,116,83,-75,63
2996,3,0,0,0,0,0,0,0,0,0,0,0,0,0,126,-109,71,-73,118,48,26,-67,-34,65,21,6,86,-124,16,-91,63,-25,-28,0,0,0,0,0,0,0,0,0,0,0,0,0,-17,37,51,-104,126,-95,91,-72,73,-44,7,62,25,-126,-40,116,83,-75,63
2997,3,0,0,0,0,0,0,0,0,0,0,0,0,0,0,126,-109,71,-73,118,48,26,-67,-34,65,21,6,86,-124,16,-91,63,-25,0,0,0,0,0,0,0,0,0,0,0,0,0,0,-17,-89,-123,89,-105,-103,-75,-125,-67,76,-121,-97,-5,-85,77,97,117,-88
2998,3,0,0,0,0,0,0,0,0,0,0,0,0,0,0,126,-109,71,-73,118,48,26,-67,-34,65,21,6,86,-124,16,-91,63,-25,0,0,0,0,0,0,0,0,0,0,0,0,0,0,-17,-89,-123,89,-105,-103,-75,-125,-67,76,-121,-97,-5,-85,77,97,117,-88
2999,3,0,0,0,0,0,0,0,0,0,0,0,0,0,0,126,-109,71,-73,118,48,26,-67,-34,65,21,6,86,-124,16,-91,63,-25,0,0,0,0,0,0,0,0,0,0,0,0,0,0,-17,-89,-123,89,-105,-103,-75,-125,-67,76,-121,-97,-5,-85,77,97,117,-88
3000,3,0,0,0,0,0,0,0,0,0,0,0,0,0,0,0,126,-109,71,-73,118,48,26,-67,-34,65,21,6,86,-124,16,-91,63,0,0,0,0,0,0,0,0,0,0,0,0,0,0,0,-17,-14,18,-126,4,14,45,-60,55,-96,55,-106,-69,37,-13,-15,-70
3001,3,0,0,0,0,0,0,0,0,0,0,0,0,0,0,0,126,-109,71,-73,118,48,26,-67,-34,65,21,6,86,-124,16,-91,63,0,0,0,0,0,0,0,0,0,0,0,0,0,0,0,-17,-14,18,-126,4,14,45,-60,55,-96,55,-106,-69,37,-13,-15,-70
3002,3,0,0,0,0,0,0,0,0,0,0,0,0,0,0,0,126,-109,71,-73,118,48,26,-67,-34,65,21,6,86,-124,16,-91,63,0,0,0,0,0,0,0,0,0,0,0,0,0,0,0,-17,-14,18,-126,4,14,45,-60,55,-96,55,-106,-69,37,-13,-15,-70
3003,3,0,0,0,0,0,0,0,0,0,0,0,0,0,0,0,0,126,-109,71,-73,118,48,26,-67,-34,65,21,6,86,-124,16,-91,0,0,0,0,0,0,0,0,0,0,0,0,0,0,0,0,-17,34,-95,-102,-126,-15,20,106,-110,-97,83,111,36,-2,-41,-94
3004,3,0,0,0,0,0,0,0,0,0,0,0,0,0,0,0,0,126,-109,71,-73,118,48,26,-67,-34,65,21,6,86,-124,16,-91,0,0,0,0,0,0,0,0,0,0,0,0,0,0,0,0,-17,34,-95,-102,-126,-15,20,106,-110,-97,83,111,36,-2,-41,-94
3005,3,0,0,0,0,0,0,0,0,0,0,0,0,0,0,0,0,126,-109,71,-73,118,48,26,-67,-34,65,21,6,86,-124,16,-91,0,0,0,0,0,0,0,0,0,0,0,0,0,0,0,0,-17,34,-95,-102,-126,-15,20,106,-110,-97,83,111,36,-2,-41,-94
3006,3,0,0,0,0,0,0,0,0,0,0,0,0,0,0,0,0,0,126,-109,71,-73,118,48,26,-67,-34,65,21,6,86,-124,16,0,0,0,0,0,0,0,0,0,0,0,0,0,0,0,0,0,-17,-23,124,123,114,89,105,103,-15,87,-78,0,-106,22,-23
3007,3,0,0,0,0,0,0,0,0,0,0,0,0,0,0,0,0,0,126,-109,71,-73,118,48,26,-67,-34,65,21,6,86,-124,16,0,0,0,0,0,0,0,0,0,0,0,0,0,0,0,0,0,-17,-23,124,123,114,89,105,103,-15,87,-78,0,-106,22,-23
3008,3,0,0,0,0,0,0,0,0,0,0,0,0,0,0,0,0,0,126,-109,71,-73,118,48,26,-67,-34,65,21,6,86,-124,16,0,0,0,0,0,0,0,0,0,0,0,0,0,0,0,0,0,-17,-23,124,123,114,89,105,103,-15,87,-78,0,-106,22,-23
3009,3,0,0,0,0,0,0,0,0,0,0,0,0,0,0,0,0,0,0,126,-109,71,-73,118,48,26,-67,-34,65,21,6,86,-124,0,0,0,0,0,0,0,0,0,0,0,0,0,0,0,0,0,0,-17,-53,-112,-9,-74,35,27,8,76,43,-94,55,-62,-99
3010,3,0,0,0,0,0,0,0,0,0,0,0,0,0,0,0,0,0,0,126,-109,71,-73,118,48,26,-67,-34,65,21,6,86,-124,0,0,0,0,0,0,0,0,0,0,0,0,0,0,0,0,0,0,-17,-53,-112,-9,-74,35,27,8,76,43,-94,55,-62,-99
3011,3,0,0,0,0,0,0,0,0,0,0,0,0,0,0,0,0,0,0,126,-109,71,-73,118,48,26,-67,-34,65,21,6,86,-124,0,0,0,0,0,0,0,0,0,0,0,0,0,0,0,0,0,0,-17,-53,-112,-9,-74,35,27,8,76,43,-94,55,-62,-99
3012,3,0,0,0,0,0,0,0,0,0,0,0,0,0,0,0,0,0,0,0,126,-109,71,-73,118,48,26,-67,-34,65,21,6,86,0,0,0,0,0,0,0,0,0,0,0,0,0,0,0,0,0,0,0,-17,-55,71,28,-37,26,-36,-92,9,-79,-9,-122,-51
3013,3,0,0,0,0,0,0,0,0,0,0,0,0,0,0,0,0,0,0,0,126,-109,71,-73,118,48,26,-67,-34,65,21,6,86,0,0,0,0,0,0,0,0,0,0,0,0,0,0,0,0,0,0,0,-17,-55,71,28,-37,26,-36,-92,9,-79,-9,-122,-51
3014,3,0,0,0,0,0,0,0,0,0,0,0,0,0,0,0,0,0,0,0,126,-109,71,-73,118,48,26,-67,-34,65,21,6,86,0,0,0,0,0,0,0,0,0,0,0,0,0,0,0,0,0,0,0,-17,-55,71,28,-37,26,-36,-92,9,-79,-9,-122,-51
3015,3,0,0,0,0,0,0,0,0,0,0,0,0,0,0,0,0,0,0,0,0,126,-109,71,-73,118,48,26,-67,-34,65,21,6,0,0,0,0,0,0,0,0,0,0,0,0,0,0,0,0,0,0,0,0,-17,93,-30,-124,-104,-15,-92,112,-16,8,-124,14
3016,3,0,0,0,0,0,0,0,0,0,0,0,0,0,0,0,0,0,0,0,0,126,-109,71,-73,118,48,26,-67,-34,65,21,6,0,0,0,0,0,0,0,0,0,0,0,0,0,0,0,0,0,0,0,0,-17,93,-30,-124,-104,-15,-92,112,-16,8,-124,14
3017,3,0,0,0,0,0,0,0,0,0,0,0,0,0,0,0,0,0,0,0,0,126,-109,71,-73,118,48,26,-67,-34,65,21,6,0,0,0,0,0,0,0,0,0,0,0,0,0,0,0,0,0,0,0,0,-17,93,-30,-124,-104,-15,-92,112,-16,8,-124,14
3018,3,0,0,0,0,0,0,0,0,0,0,0,0,0,0,0,0,0,0,0,0,0,126,-109,71,-73,118,48,26,-67,-34,65,21,0,0,0,0,0,0,0,0,0,0,0,0,0,0,0,0,0,0,0,0,0,-17,43,72,23,50,-46,12,-62,72,-31,81
3019,3,0,0,0,0,0,0,0,0,0,0,0,0,0,0,0,0,0,0,0,0,0,126,-109,71,-73,118,48,26,-67,-34,65,21,0,0,0,0,0,0,0,0,0,0,0,0,0,0,0,0,0,0,0,0,0,-17,43,72,23,50,-46,12,-62,72,-31,81
3020,3,0,0,0,0,0,0,0,0,0,0,0,0,0,0,0,0,0,0,0,0,0,126,-109,71,-73,118,48,26,-67,-34,65,21,0,0,0,0,0,0,0,0,0,0,0,0,0,0,0,0,0,0,0,0,0,-17,43,72,23,50,-46,12,-62,72,-31,81
3021,3,0,0,0,0,0,0,0,0,0,0,0,0,0,0,0,0,0,0,0,0,0,0,126,-109,71,-73,118,48,26,-67,-34,65,0,0,0,0,0,0,0,0,0,0,0,0,0,0,0,0,0,0,0,0,0,0,-17,84,-44,-113,57,61,-95,-60,-65,124
3022,3,0,0,0,0,0,0,0,0,0,0,0,0,0,0,0,0,0,0,0,0,0,0,126,-109,71,-73,118,48,26,-67,-34,65,0,0,0,0,0,0,0,0,0,0,0,0,0,0,0,0,0,0,0,0,0,0,-17,84,-44,-113,57,61,-95,-60,-65,124
3023,3,0,0,0,0,0,0,0,0,0,0,0,0,0,0,0,0,0,0,0,0,0,0,126,-109,71,-73,118,48,26,-67,-34,65,0,0,0,0,0,0,0,0,0,0,0,0,0,0,0,0,0,0,0,0,0,0,-17,84,-44,-113,57,61,-95,-60,-65,124
3024,3,0,0,0,0,0,0,0,0,0,0,0,0,0,0,0,0,0,0,0,0,0,0,0,126,-109,71,-73,118,48,26,-67,-34,0,0,0,0,0,0,0,0,0,0,0,0,0,0,0,0,0,0,0,0,0,0,0,-17,-122,-56,-35,-62,48,2,5,-117
3025,3,0,0,0,0,0,0,0,0,0,0,0,0,0,0,0,0,0,0,0,0,0,0,0,126,-109,71,-73,118,48,26,-67,-34,0,0,0,0,0,0,0,0,0,0,0,0,0,0,0,0,0,0,0,0,0,0,0,-17,-122,-56,-35,-62,48,2,5,-117
3026,3,0,0,0,0,0,0,0,0,0,0,0,0,0,0,0,0,0,0,0,0,0,0,0,126,-109,71,-73,118,48,26,-67,-34,0,0,0,0,0,0,0,0,0,0,0,0,0,0,0,0,0,0,0,0,0,0,0,-17,-122,-56,-35,-62,48,2,5,-117
3027,3,0,0,0,0,0,0,0,0,0,0,0,0,0,0,0,0,0,0,0,0,0,0,0,0,126,-109,71,-73,118,48,26,-67,0,0,0,0,0,0,0,0,0,0,0,0,0,0,0,0,0,0,0,0,0,0,0,0,-17,-79,-91,49,-121,51,87,12
3028,3,0,0,0,0,0,0,0,0,0,0,0,0,0,0,0,0,0,0,0,0,0,0,0,0,126,-109,71,-73,118,48,26,-67,0,0,0,0,0,0,0,0,0,0,0,0,0,0,0,0,0,0,0,0,0,0,0,0,-17,-79,-91,49,-121,51,87,12
3029,3,0,0,0,0,0,0,0,0,0,0,0,0,0,0,0,0,0,0,0,0,0,0,0,0,126,-109,71,-73,118,48,26,-67,0,0,0,0,0,0,0,0,0,0,0,0,0,0,0,0,0,0,0,0,0,0,0,0,-17,-79,-91,49,-121,51,87,12
3030,3,0,0,0,0,0,0,0,0,0,0,0,0,0,0,0,0,0,0,0,0,0,0,0,0,0,126,-109,71,-73,118,48,26,0,0,0,0,0,0,0,0,0,0,0,0,0,0,0,0,0,0,0,0,0,0,0,0,0,-17,-17,-63,77,18,-62,-2
3031,3,0,0,0,0,0,0,0,0,0,0,0,0,0,0,0,0,0,0,0,0,0,0,0,0,0,126,-109,71,-73,118,48,26,0,0,0,0,0,0,0,0,0,0,0,0,0,0,0,0,0,0,0,0,0,0,0,0,0,-17,-17,-63,77,18,-62,-2
3032,3,0,0,0,0,0,0,0,0,0,0,0,0,0,0,0,0,0,0,0,0,0,0,0,0,0,126,-109,71,-73,118,48,26,0,0,0,0,0,0,0,0,0,0,0,0,0,0,0,0,0,0,0,0,0,0,0,0,0,-17,-17,-63,77,18,-62,-2
3033,3,0,0,0,0,0,0,0,0,0,0,0,0,0,0,0,0,0,0,0,0,0,0,0,0,0,0,126,-109,71,-73,118,48,0,0,0,0,0,0,0,0,0,0,0,0,0,0,0,0,0,0,0,0,0,0,0,0,0,0,-17,110,-20,57,-114,102
3034,3,0,0,0,0,0,0,0,0,0,0,0,0,0,0,0,0,0,0,0,0,0,0,0,0,0,0,126,-109,71,-73,118,48,0,0,0,0,0,0,0,0,0,0,0,0,0,0,0,0,0,0,0,0,0,0,0,0,0,0,-17,110,-20,57,-114,102
3035,3,0,0,0,0,0,0,0,0,0,0,0,0,0,0,0,0,0,0,0,0,0,0,0,0,0,0,126,-109,71,-73,118,48,0,0,0,0,0,0,0,0,0,0,0,0,0,0,0,0,0,0,0,0,0,0,0,0,0,0,-17,110,-20,57,-114,102
3036,3,0,0,0,0,0,0,0,0,0,0,0,0,0,0,0,0,0,0,0,0,0,0,0,0,0,0,0,126,-109,71,-73,118,0,0,0,0,0,0,0,0,0,0,0,0,0,0,0,0,0,0,0,0,0,0,0,0,0,0,0,-17,8,-30,56,31
3037,3,0,0,0,0,0,0,0,0,0,0,0,0,0,0,0,0,0,0,0,0,0,0,0,0,0,0,0,126,-109,71,-73,118,0,0,0,0,0,0,0,0,0,0,0,0,0,0,0,0,0,0,0,0,0,0,0,0,0,0,0,-17,8,-30,56,31
3038,3,0,0,0,0,0,0,0,0,0,0,0,0,0,0,0,0,0,0,0,0,0,0,0,0,0,0,0,126,-109,71,-73,118,0,0,0,0,0,0,0,0,0,0,0,0,0,0,0,0,0,0,0,0,0,0,0,0,0,0,0,-17,8,-30,56,31
3039,3,0,0,0,0,0,0,0,0,0,0,0,0,0,0,0,0,0,0,0,0,0,0,0,0,0,0,0,0,126,-109,71,-73,0,0,0,0,0,0,0,0,0,0,0,0,0,0,0,0,0,0,0,0,0,0,0,0,0,0,0,0,-17,3,65,123
3040,3,0,0,0,0,0,0,0,0,0,0,0,0,0,0,0,0,0,0,0,0,0,0,0,0,0,0,0,0,126,-109,71,-73,0,0,0,0,0,0,0,0,0,0,0,0,0,0,0,0,0,0,0,0,0,0,0,0,0,0,0,0,-17,3,65,123
3041,3,0,0,0,0,0,0,0,0,0,0,0,0,0,0,0,0,0,0,0,0,0,0,0,0,0,0,0,0,126,-109,71,-73,0,0,0,0,0,0,0,0,0,0,0,0,0,0,0,0,0,0,0,0,0,0,0,0,0,0,0,0,-17,3,65,123
3042,3,0,0,0,0,0,0,0,0,0,0,0,0,0,0,0,0,0,0,0,0,0,0,0,0,0,0,0,0,0,126,-109,71,0,0,0,0,0,0,0,0,0,0,0,0,0,0,0,0,0,0,0,0,0,0,0,0,0,0,0,0,0,-17,-123,-119
3043,3,0,0,0,0,0,0,0,0,0,0,0,0,0,0,0,0,0,0,0,0,0,0,0,0,0,0,0,0,0,126,-109,71,0,0,0,0,0,0,0,0,0,0,0,0,0,0,0,0,0,0,0,0,0,0,0,0,0,0,0,0,0,-17,-123,-119
3044,3,0,0,0,0,0,0,0,0,0,0,0,0,0,0,0,0,0,0,0,0,0,0,0,0,0,0,0,0,0,126,-109,71,0,0,0,0,0,0,0,0,0,0,0,0,0,0,0,0,0,0,0,0,0,0,0,0,0,0,0,0,0,-17,-123,-119
3045,3,0,0,0,0,0,0,0,0,0,0,0,0,0,0,0,0,0,0,0,0,0,0,0,0,0,0,0,0,0,0,126,-109,0,0,0,0,0,0,0,0,0,0,0,0,0,0,0,0,0,0,0,0,0,0,0,0,0,0,0,0,0,0,-17,-31
3046,3,0,0,0,0,0,0,0,0,0,0,0,0,0,0,0,0,0,0,0,0,0,0,0,0,0,0,0,0,0,0,126,-109,0,0,0,0,0,0,0,0,0,0,0,0,0,0,0,0,0,0,0,0,0,0,0,0,0,0,0,0,0,0,-17,-31
3047,3,0,0,0,0,0,0,0,0,0,0,0,0,0,0,0,0,0,0,0,0,0,0,0,0,0,0,0,0,0,0,126,-109,0,0,0,0,0,0,0,0,0,0,0,0,0,0,0,0,0,0,0,0,0,0,0,0,0,0,0,0,0,0,-17,-31
3048,3,0,0,0,0,0,0,0,0,0,0,0,0,0,0,0,0,0,0,0,0,0,0,0,0,0,0,0,0,0,0,0,126,0,0,0,0,0,0,0,0,0,0,0,0,0,0,0,0,0,0,0,0,0,0,0,0,0,0,0,0,0,0,0,-17
3049,3,0,0,0,0,0,0,0,0,0,0,0,0,0,0,0,0,0,0,0,0,0,0,0,0,0,0,0,0,0,0,0,126,0,0,0,0,0,0,0,0,0,0,0,0,0,0,0,0,0,0,0,0,0,0,0,0,0,0,0,0,0,0,0,-17
3050,3,0,0,0,0,0,0,0,0,0,0,0,0,0,0,0,0,0,0,0,0,0,0,0,0,0,0,0,0,0,0,0,126,0,0,0,0,0,0,0,0,0,0,0,0,0,0,0,0,0,0,0,0,0,0,0,0,0,0,0,0,0,0,0,-17
3051,3,0,0,0,0,0,0,0,0,0,0,0,0,0,0,0,0,0,0,0,0,0,0,0,0,0,0,0,0,0,0,0,0,0,0,0,0,0,0,0,0,0,0,0,0,0,0,0,0,0,0,0,0,0,0,0,0,0,0,0,0,0,0,0,0
3052,3,0,0,0,0,0,0,0,0,0,0,0,0,0,0,0,0,0,0,0,0,0,0,0,0,0,0,0,0,0,0,0,0,0,0,0,0,0,0,0,0,0,0,0,0,0,0,0,0,0,0,0,0,0,0,0,0,0,0,0,0,0,0,0,0
3053,3,0,0,0,0,0,0,0,0,0,0,0,0,0,0,0,0,0,0,0,0,0,0,0,0,0,0,0,0,0,0,0,0,0,0,0,0,0,0,0,0,0,0,0,0,0,0,0,0,0,0,0,0,0,0,0,0,0,0,0,0,0,0,0,0
3054,3,0,0,0,0,0,0,0,0,0,0,0,0,0,0,0,0,0,0,0,0,0,0,0,0,0,0,0,0,0,0,0,0,0,0,0,0,0,0,0,0,0,0,0,0,0,0,0,0,0,0,0,0,0,0,0,0,0,0,0,0,0,0,0,0
3055,3,0,0,0,0,0,0,0,0,0,0,0,0,0,0,0,0,0,0,0,0,0,0,0,0,0,0,0,0,0,0,0,0,0,0,0,0,0,0,0,0,0,0,0,0,0,0,0,0,0,0,0,0,0,0,0,0,0,0,0,0,0,0,0,0
3056,3,0,0,0,0,0,0,0,0,0,0,0,0,0,0,0,0,0,0,0,0,0,0,0,0,0,0,0,0,0,0,0,0,0,0,0,0,0,0,0,0,0,0,0,0,0,0,0,0,0,0,0,0,0,0,0,0,0,0,0,0,0,0,0,0
3057,3,0,0,0,0,0,0,0,0,0,0,0,0,0,0,0,0,0,0,0,0,0,0,0,0,0,0,0,0,0,0,0,0,0,0,0,0,0,0,0,0,0,0,0,0,0,0,0,0,0,0,0,0,0,0,0,0,0,0,0,0,0,0,0,0
3058,3,0,0,0,0,0,0,0,0,0,0,0,0,0,0,0,0,0,0,0,0,0,0,0,0,0,0,0,0,0,0,0,0,0,0,0,0,0,0,0,0,0,0,0,0,0,0,0,0,0,0,0,0,0,0,0,0,0,0,0,0,0,0,0,0
3059,3,0,0,0,0,0,0,0,0,0,0,0,0,0,0,0,0,0,0,0,0,0,0,0,0,0,0,0,0,0,0,0,0,0,0,0,0,0,0,0,0,0,0,0,0,0,0,0,0,0,0,0,0,0,0,0,0,0,0,0,0,0,0,0,0
3060,3,0,0,0,0,0,0,0,0,0,0,0,0,0,0,0,0,0,0,0,0,0,0,0,0,0,0,0,0,0,0,0,0,0,0,0,0,0,0,0,0,0,0,0,0,0,0,0,0,0,0,0,0,0,0,0,0,0,0,0,0,0,0,0,0
3061,3,0,0,0,0,0,0,0,0,0,0,0,0,0,0,0,0,0,0,0,0,0,0,0,0,0,0,0,0,0,0,0,0,0,0,0,0,0,0,0,0,0,0,0,0,0,0,0,0,0,0,0,0,0,0,0,0,0,0,0,0,0,0,0,0
3062,3,0,0,0,0,0,0,0,0,0,0,0,0,0,0,0,0,0,0,0,0,0,0,0,0,0,0,0,0,0,0,0,0,0,0,0,0,0,0,0,0,0,0,0,0,0,0,0,0,0,0,0,0,0,0,0,0,0,0,0,0,0,0,0,0
3063,3,0,0,0,0,0,0,0,0,0,0,0,0,0,0,0,0,0,0,0,0,0,0,0,0,0,0,0,0,0,0,0,0,0,0,0,0,0,0,0,0,0,0,0,0,0,0,0,0,0,0,0,0,0,0,0,0,0,0,0,0,0,0,0,0
3064,3,0,0,0,0,0,0,0,0,0,0,0,0,0,0,0,0,0,0,0,0,0,0,0,0,0,0,0,0,0,0,0,0,0,0,0,0,0,0,0,0,0,0,0,0,0,0,0,0,0,0,0,0,0,0,0,0,0,0,0,0,0,0,0,0
3065,3,0,0,0,0,0,0,0,0,0,0,0,0,0,0,0,0,0,0,0,0,0,0,0,0,0,0,0,0,0,0,0,0,0,0,0,0,0,0,0,0,0,0,0,0,0,0,0,0,0,0,0,0,0,0,0,0,0,0,0,0,0,0,0,0
3066,3,0,0,0,0,0,0,0,0,0,0,0,0,0,0,0,0,0,0,0,0,0,0,0,0,0,0,0,0,0,0,0,0,0,0,0,0,0,0,0,0,0,0,0,0,0,0,0,0,0,0,0,0,0,0,0,0,0,0,0,0,0,0,0,0
3067,3,0,0,0,0,0,0,0,0,0,0,0,0,0,0,0,0,0,0,0,0,0,0,0,0,0,0,0,0,0,0,0,0,0,0,0,0,0,0,0,0,0,0,0,0,0,0,0,0,0,0,0,0,0,0,0,0,0,0,0,0,0,0,0,0
3068,3,0,0,0,0,0,0,0,0,0,0,0,0,0,0,0,0,0,0,0,0,0,0,0,0,0,0,0,0,0,0,0,0,0,0,0,0,0,0,0,0,0,0,0,0,0,0,0,0,0,0,0,0,0,0,0,0,0,0,0,0,0,0,0,0
3069,3,0,0,0,0,0,0,0,0,0,0,0,0,0,0,0,0,0,0,0,0,0,0,0,0,0,0,0,0,0,0,0,0,0,0,0,0,0,0,0,0,0,0,0,0,0,0,0,0,0,0,0,0,0,0,0,0,0,0,0,0,0,0,0,0
3070,3,0,0,0,0,0,0,0,0,0,0,0,0,0,0,0,0,0,0,0,0,0,0,0,0,0,0,0,0,0,0,0,0,0,0,0,0,0,0,0,0,0,0,0,0,0,0,0,0,0,0,0,0,0,0,0,0,0,0,0,0,0,0,0,0
3071,3,0,0,0,0,0,0,0,0,0,0,0,0,0,0,0,0,0,0,0,0,0,0,0,0,0,0,0,0,0,0,0,0,0,0,0,0,0,0,0,0,0,0,0,0,0,0,0,0,0,0,0,0,0,0,0,0,0,0,0,0,0,0,0,0
3072,3,0,0,0,0,0,0,0,0,0,0,0,0,0,0,0,0,0,0,0,0,0,0,0,0,0,0,0,0,0,0,0,0,0,0,0,0,0,0,0,0,0,0,0,0,0,0,0,0,0,0,0,0,0,0,0,0,0,0,0,0,0,0,0,0
3073,3,0,0,0,0,0,0,0,0,0,0,0,0,0,0,0,0,0,0,0,0,0,0,0,0,0,0,0,0,0,0,0,0,0,0,0,0,0,0,0,0,0,0,0,0,0,0,0,0,0,0,0,0,0,0,0,0,0,0,0,0,0,0,0,0
3074,3,0,0,0,0,0,0,0,0,0,0,0,0,0,0,0,0,0,0,0,0,0,0,0,0,0,0,0,0,0,0,0,0,0,0,0,0,0,0,0,0,0,0,0,0,0,0,0,0,0,0,0,0,0,0,0,0,0,0,0,0,0,0,0,0
3075,3,0,0,0,0,0,0,0,0,0,0,0,0,0,0,0,0,0,0,0,0,0,0,0,0,0,0,0,0,0,0,0,0,0,0,0,0,0,0,0,0,0,0,0,0,0,0,0,0,0,0,0,0,0,0,0,0,0,0,0,0,0,0,0,0
3076,3,0,0,0,0,0,0,0,0,0,0,0,0,0,0,0,0,0,0,0,0,0,0,0,0,0,0,0,0,0,0,0,0,0,0,0,0,0,0,0,0,0,0,0,0,0,0,0,0,0,0,0,0,0,0,0,0,0,0,0,0,0,0,0,0
3077,3,0,0,0,0,0,0,0,0,0,0,0,0,0,0,0,0,0,0,0,0,0,0,0,0,0,0,0,0,0,0,0,0,0,0,0,0,0,0,0,0,0,0,0,0,0,0,0,0,0,0,0,0,0,0,0,0,0,0,0,0,0,0,0,0
3078,3,0,0,0,0,0,0,0,0,0,0,0,0,0,0,0,0,0,0,0,0,0,0,0,0,0,0,0,0,0,0,0,0,0,0,0,0,0,0,0,0,0,0,0,0,0,0,0,0,0,0,0,0,0,0,0,0,0,0,0,0,0,0,0,0
3079,3,0,0,0,0,0,0,0,0,0,0,0,0,0,0,0,0,0,0,0,0,0,0,0,0,0,0,0,0,0,0,0,0,0,0,0,0,0,0,0,0,0,0,0,0,0,0,0,0,0,0,0,0,0,0,0,0,0,0,0,0,0,0,0,0
3080,3,0,0,0,0,0,0,0,0,0,0,0,0,0,0,0,0,0,0,0,0,0,0,0,0,0,0,0,0,0,0,0,0,0,0,0,0,0,0,0,0,0,0,0,0,0,0,0,0,0,0,0,0,0,0,0,0,0,0,0,0,0,0,0,0
3081,3,0,0,0,0,0,0,0,0,0,0,0,0,0,0,0,0,0,0,0,0,0,0,0,0,0,0,0,0,0,0,0,0,0,0,0,0,0,0,0,0,0,0,0,0,0,0,0,0,0,0,0,0,0,0,0,0,0,0,0,0,0,0,0,0
3082,3,0,0,0,0,0,0,0,0,0,0,0,0,0,0,0,0,0,0,0,0,0,0,0,0,0,0,0,0,0,0,0,0,0,0,0,0,0,0,0,0,0,0,0,0,0,0,0,0,0,0,0,0,0,0,0,0,0,0,0,0,0,0,0,0
3083,3,0,0,0,0,0,0,0,0,0,0,0,0,0,0,0,0,0,0,0,0,0,0,0,0,0,0,0,0,0,0,0,0,0,0,0,0,0,0,0,0,0,0,0,0,0,0,0,0,0,0,0,0,0,0,0,0,0,0,0,0,0,0,0,0
3084,3,0,0,0,0,0,0,0,0,0,0,0,0,0,0,0,0,0,0,0,0,0,0,0,0,0,0,0,0,0,0,0,0,0,0,0,0,0,0,0,0,0,0,0,0,0,0,0,0,0,0,0,0,0,0,0,0,0,0,0,0,0,0,0,0
3085,3,0,0,0,0,0,0,0,0,0,0,0,0,0,0,0,0,0,0,0,0,0,0,0,0,0,0,0,0,0,0,0,0,0,0,0,0,0,0,0,0,0,0,0,0,0,0,0,0,0,0,0,0,0,0,0,0,0,0,0,0,0,0,0,0
3086,3,0,0,0,0,0,0,0,0,0,0,0,0,0,0,0,0,0,0,0,0,0,0,0,0,0,0,0,0,0,0,0,0,0,0,0,0,0,0,0,0,0,0,0,0,0,0,0,0,0,0,0,0,0,0,0,0,0,0,0,0,0,0,0,0
3087,3,0,0,0,0,0,0,0,0,0,0,0,0,0,0,0,0,0,0,0,0,0,0,0,0,0,0,0,0,0,0,0,0,0,0,0,0,0,0,0,0,0,0,0,0,0,0,0,0,0,0,0,0,0,0,0,0,0,0,0,0,0,0,0,0
3088,3,0,0,0,0,0,0,0,0,0,0,0,0,0,0,0,0,0,0,0,0,0,0,0,0,0,0,0,0,0,0,0,0,0,0,0,0,0,0,0,0,0,0,0,0,0,0,0,0,0,0,0,0,0,0,0,0,0,0,0,0,0,0,0,0
3089,3,0,0,0,0,0,0,0,0,0,0,0,0,0,0,0,0,0,0,0,0,0,0,0,0,0,0,0,0,0,0,0,0,0,0,0,0,0,0,0,0,0,0,0,0,0,0,0,0,0,0,0,0,0,0,0,0,0,0,0,0,0,0,0,0
3090,3,0,0,0,0,0,0,0,0,0,0,0,0,0,0,0,0,0,0,0,0,0,0,0,0,0,0,0,0,0,0,0,0,0,0,0,0,0,0,0,0,0,0,0,0,0,0,0,0,0,0,0,0,0,0,0,0,0,0,0,0,0,0,0,0
3091,3,0,0,0,0,0,0,0,0,0,0,0,0,0,0,0,0,0,0,0,0,0,0,0,0,0,0,0,0,0,0,0,0,0,0,0,0,0,0,0,0,0,0,0,0,0,0,0,0,0,0,0,0,0,0,0,0,0,0,0,0,0,0,0,0
3092,3,0,0,0,0,0,0,0,0,0,0,0,0,0,0,0,0,0,0,0,0,0,0,0,0,0,0,0,0,0,0,0,0,0,0,0,0,0,0,0,0,0,0,0,0,0,0,0,0,0,0,0,0,0,0,0,0,0,0,0,0,0,0,0,0
3093,3,0,0,0,0,0,0,0,0,0,0,0,0,0,0,0,0,0,0,0,0,0,0,0,0,0,0,0,0,0,0,0,0,0,0,0,0,0,0,0,0,0,0,0,0,0,0,0,0,0,0,0,0,0,0,0,0,0,0,0,0,0,0,0,0
3094,3,0,0,0,0,0,0,0,0,0,0,0,0,0,0,0,0,0,0,0,0,0,0,0,0,0,0,0,0,0,0,0,0,0,0,0,0,0,0,0,0,0,0,0,0,0,0,0,0,0,0,0,0,0,0,0,0,0,0,0,0,0,0,0,0
3095,3,0,0,0,0,0,0,0,0,0,0,0,0,0,0,0,0,0,0,0,0,0,0,0,0,0,0,0,0,0,0,0,0,0,0,0,0,0,0,0,0,0,0,0,0,0,0,0,0,0,0,0,0,0,0,0,0,0,0,0,0,0,0,0,0
3096,3,0,0,0,0,0,0,0,0,0,0,0,0,0,0,0,0,0,0,0,0,0,0,0,0,0,0,0,0,0,0,0,0,0,0,0,0,0,0,0,0,0,0,0,0,0,0,0,0,0,0,0,0,0,0,0,0,0,0,0,0,0,0,0,0
3097,3,0,0,0,0,0,0,0,0,0,0,0,0,0,0,0,0,0,0,0,0,0,0,0,0,0,0,0,0,0,0,0,0,0,0,0,0,0,0,0,0,0,0,0,0,0,0,0,0,0,0,0,0,0,0,0,0,0,0,0,0,0,0,0,0
3098,3,0,0,0,0,0,0,0,0,0,0,0,0,0,0,0,0,0,0,0,0,0,0,0,0,0,0,0,0,0,0,0,0,0,0,0,0,0,0,0,0,0,0,0,0,0,0,0,0,0,0,0,0,0,0,0,0,0,0,0,0,0,0,0,0
3099,3,0,0,0,0,0,0,0,0,0,0,0,0,0,0,0,0,0,0,0,0,0,0,0,0,0,0,0,0,0,0,0,0,0,0,0,0,0,0,0,0,0,0,0,0,0,0,0,0,0,0,0,0,0,0,0,0,0,0,0,0,0,0,0,0
3100,3,0,0,0,0,0,0,0,0,0,0,0,0,0,0,0,0,0,0,0,0,0,0,0,0,0,0,0,0,0,0,0,0,0,0,0,0,0,0,0,0,0,0,0,0,0,0,0,0,0,0,0,0,0,0,0,0,0,0,0,0,0,0,0,0
3101,3,0,0,0,0,0,0,0,0,0,0,0,0,0,0,0,0,0,0,0,0,0,0,0,0,0,0,0,0,0,0,0,0,0,0,0,0,0,0,0,0,0,0,0,0,0,0,0,0,0,0,0,0,0,0,0,0,0,0,0,0,0,0,0,0
3102,3,0,0,0,0,0,0,0,0,0,0,0,0,0,0,0,0,0,0,0,0,0,0,0,0,0,0,0,0,0,0,0,0,0,0,0,0,0,0,0,0,0,0,0,0,0,0,0,0,0,0,0,0,0,0,0,0,0,0,0,0,0,0,0,0
3103,3,0,0,0,0,0,0,0,0,0,0,0,0,0,0,0,0,0,0,0,0,0,0,0,0,0,0,0,0,0,0,0,0,0,0,0,0,0,0,0,0,0,0,0,0,0,0,0,0,0,0,0,0,0,0,0,0,0,0,0,0,0,0,0,0
3104,3,0,0,0,0,0,0,0,0,0,0,0,0,0,0,0,0,0,0,0,0,0,0,0,0,0,0,0,0,0,0,0,0,0,0,0,0,0,0,0,0,0,0,0,0,0,0,0,0,0,0,0,0,0,0,0,0,0,0,0,0,0,0,0,0
3105,3,0,0,0,0,0,0,0,0,0,0,0,0,0,0,0,0,0,0,0,0,0,0,0,0,0,0,0,0,0,0,0,0,0,0,0,0,0,0,0,0,0,0,0,0,0,0,0,0,0,0,0,0,0,0,0,0,0,0,0,0,0,0,0,0
3106,3,0,0,0,0,0,0,0,0,0,0,0,0,0,0,0,0,0,0,0,0,0,0,0,0,0,0,0,0,0,0,0,0,0,0,0,0,0,0,0,0,0,0,0,0,0,0,0,0,0,0,0,0,0,0,0,0,0,0,0,0,0,0,0,0
3107,3,0,0,0,0,0,0,0,0,0,0,0,0,0,0,0,0,0,0,0,0,0,0,0,0,0,0,0,0,0,0,0,0,0,0,0,0,0,0,0,0,0,0,0,0,0,0,0,0,0,0,0,0,0,0,0,0,0,0,0,0,0,0,0,0
3108,3,0,0,0,0,0,0,0,0,0,0,0,0,0,0,0,0,0,0,0,0,0,0,0,0,0,0,0,0,0,0,0,0,0,0,0,0,0,0,0,0,0,0,0,0,0,0,0,0,0,0,0,0,0,0,0,0,0,0,0,0,0,0,0,0
3109,3,0,0,0,0,0,0,0,0,0,0,0,0,0,0,0,0,0,0,0,0,0,0,0,0,0,0,0,0,0,0,0,0,0,0,0,0,0,0,0,0,0,0,0,0,0,0,0,0,0,0,0,0,0,0,0,0,0,0,0,0,0,0,0,0
3110,3,0,0,0,0,0,0,0,0,0,0,0,0,0,0,0,0,0,0,0,0,0,0,0,0,0,0,0,0,0,0,0,0,0,0,0,0,0,0,0,0,0,0,0,0,0,0,0,0,0,0,0,0,0,0,0,0,0,0,0,0,0,0,0,0
3111,3,0,0,0,0,0,0,0,0,0,0,0,0,0,0,0,0,0,0,0,0,0,0,0,0,0,0,0,0,0,0,0,0,0,0,0,0,0,0,0,0,0,0,0,0,0,0,0,0,0,0,0,0,0,0,0,0,0,0,0,0,0,0,0,0
3112,3,0,0,0,0,0,0,0,0,0,0,0,0,0,0,0,0,0,0,0,0,0,0,0,0,0,0,0,0,0,0,0,0,0,0,0,0,0,0,0,0,0,0,0,0,0,0,0,0,0,0,0,0,0,0,0,0,0,0,0,0,0,0,0,0
3113,3,0,0,0,0,0,0,0,0,0,0,0,0,0,0,0,0,0,0,0,0,0,0,0,0,0,0,0,0,0,0,0,0,0,0,0,0,0,0,0,0,0,0,0,0,0,0,0,0,0,0,0,0,0,0,0,0,0,0,0,0,0,0,0,0
3114,3,0,0,0,0,0,0,0,0,0,0,0,0,0,0,0,0,0,0,0,0,0,0,0,0,0,0,0,0,0,0,0,0,0,0,0,0,0,0,0,0,0,0,0,0,0,0,0,0,0,0,0,0,0,0,0,0,0,0,0,0,0,0,0,0
3115,3,0,0,0,0,0,0,0,0,0,0,0,0,0,0,0,0,0,0,0,0,0,0,0,0,0,0,0,0,0,0,0,0,0,0,0,0,0,0,0,0,0,0,0,0,0,0,0,0,0,0,0,0,0,0,0,0,0,0,0,0,0,0,0,0
3116,3,0,0,0,0,0,0,0,0,0,0,0,0,0,0,0,0,0,0,0,0,0,0,0,0,0,0,0,0,0,0,0,0,0,0,0,0,0,0,0,0,0,0,0,0,0,0,0,0,0,0,0,0,0,0,0,0,0,0,0,0,0,0,0,0
3117,3,0,0,0,0,0,0,0,0,0,0,0,0,0,0,0,0,0,0,0,0,0,0,0,0,0,0,0,0,0,0,0,0,0,0,0,0,0,0,0,0,0,0,0,0,0,0,0,0,0,0,0,0,0,0,0,0,0,0,0,0,0,0,0,0
3118,3,0,0,0,0,0,0,0,0,0,0,0,0,0,0,0,0,0,0,0,0,0,0,0,0,0,0,0,0,0,0,0,0,0,0,0,0,0,0,0,0,0,0,0,0,0,0,0,0,0,0,0,0,0,0,0,0,0,0,0,0,0,0,0,0
3119,3,0,0,0,0,0,0,0,0,0,0,0,0,0,0,0,0,0,0,0,0,0,0,0,0,0,0,0,0,0,0,0,0,0,0,0,0,0,0,0,0,0,0,0,0,0,0,0,0,0,0,0,0,0,0,0,0,0,0,0,0,0,0,0,0
3120,3,0,0,0,0,0,0,0,0,0,0,0,0,0,0,0,0,0,0,0,0,0,0,0,0,0,0,0,0,0,0,0,0,0,0,0,0,0,0,0,0,0,0,0,0,0,0,0,0,0,0,0,0,0,0,0,0,0,0,0,0,0,0,0,0
3121,3,0,0,0,0,0,0,0,0,0,0,0,0,0,0,0,0,0,0,0,0,0,0,0,0,0,0,0,0,0,0,0,0,0,0,0,0,0,0,0,0,0,0,0,0,0,0,0,0,0,0,0,0,0,0,0,0,0,0,0,0,0,0,0,0
3122,3,0,0,0,0,0,0,0,0,0,0,0,0,0,0,0,0,0,0,0,0,0,0,0,0,0,0,0,0,0,0,0,0,0,0,0,0,0,0,0,0,0,0,0,0,0,0,0,0,0,0,0,0,0,0,0,0,0,0,0,0,0,0,0,0
3123,3,0,0,0,0,0,0,0,0,0,0,0,0,0,0,0,0,0,0,0,0,0,0,0,0,0,0,0,0,0,0,0,0,0,0,0,0,0,0,0,0,0,0,0,0,0,0,0,0,0,0,0,0,0,0,0,0,0,0,0,0,0,0,0,0
3124,3,0,0,0,0,0,0,0,0,0,0,0,0,0,0,0,0,0,0,0,0,0,0,0,0,0,0,0,0,0,0,0,0,0,0,0,0,0,0,0,0,0,0,0,0,0,0,0,0,0,0,0,0,0,0,0,0,0,0,0,0,0,0,0,0
3125,3,0,0,0,0,0,0,0,0,0,0,0,0,0,0,0,0,0,0,0,0,0,0,0,0,0,0,0,0,0,0,0,0,0,0,0,0,0,0,0,0,0,0,0,0,0,0,0,0,0,0,0,0,0,0,0,0,0,0,0,0,0,0,0,0
3126,3,0,0,0,0,0,0,0,0,0,0,0,0,0,0,0,0,0,0,0,0,0,0,0,0,0,0,0,0,0,0,0,0,0,0,0,0,0,0,0,0,0,0,0,0,0,0,0,0,0,0,0,0,0,0,0,0,0,0,0,0,0,0,0,0
3127,3,0,0,0,0,0,0,0,0,0,0,0,0,0,0,0,0,0,0,0,0,0,0,0,0,0,0,0,0,0,0,0,0,0,0,0,0,0,0,0,0,0,0,0,0,0,0,0,0,0,0,0,0,0,0,0,0,0,0,0,0,0,0,0,0
3128,3,0,0,0,0,0,0,0,0,0,0,0,0,0,0,0,0,0,0,0,0,0,0,0,0,0,0,0,0,0,0,0,0,0,0,0,0,0,0,0,0,0,0,0,0,0,0,0,0,0,0,0,0,0,0,0,0,0,0,0,0,0,0,0,0
3129,3,0,0,0,0,0,0,0,0,0,0,0,0,0,0,0,0,0,0,0,0,0,0,0,0,0,0,0,0,0,0,0,0,0,0,0,0,0,0,0,0,0,0,0,0,0,0,0,0,0,0,0,0,0,0,0,0,0,0,0,0,0,0,0,0
3130,3,0,0,0,0,0,0,0,0,0,0,0,0,0,0,0,0,0,0,0,0,0,0,0,0,0,0,0,0,0,0,0,0,0,0,0,0,0,0,0,0,0,0,0,0,0,0,0,0,0,0,0,0,0,0,0,0,0,0,0,0,0,0,0,0
3131,3,0,0,0,0,0,0,0,0,0,0,0,0,0,0,0,0,0,0,0,0,0,0,0,0,0,0,0,0,0,0,0,0,0,0,0,0,0,0,0,0,0,0,0,0,0,0,0,0,0,0,0,0,0,0,0,0,0,0,0,0,0,0,0,0
3132,3,0,0,0,0,0,0,0,0,0,0,0,0,0,0,0,0,0,0,0,0,0,0,0,0,0,0,0,0,0,0,0,0,0,0,0,0,0,0,0,0,0,0,0,0,0,0,0,0,0,0,0,0,0,0,0,0,0,0,0,0,0,0,0,0
3133,3,0,0,0,0,0,0,0,0,0,0,0,0,0,0,0,0,0,0,0,0,0,0,0,0,0,0,0,0,0,0,0,0,0,0,0,0,0,0,0,0,0,0,0,0,0,0,0,0,0,0,0,0,0,0,0,0,0,0,0,0,0,0,0,0
3134,3,0,0,0,0,0,0,0,0,0,0,0,0,0,0,0,0,0,0,0,0,0,0,0,0,0,0,0,0,0,0,0,0,0,0,0,0,0,0,0,0,0,0,0,0,0,0,0,0,0,0,0,0,0,0,0,0,0,0,0,0,0,0,0,0
3135,3,0,0,0,0,0,0,0,0,0,0,0,0,0,0,0,0,0,0,0,0,0,0,0,0,0,0,0,0,0,0,0,0,0,0,0,0,0,0,0,0,0,0,0,0,0,0,0,0,0,0,0,0,0,0,0,0,0,0,0,0,0,0,0,0
3136,3,0,0,0,0,0,0,0,0,0,0,0,0,0,0,0,0,0,0,0,0,0,0,0,0,0,0,0,0,0,0,0,0,0,0,0,0,0,0,0,0,0,0,0,0,0,0,0,0,0,0,0,0,0,0,0,0,0,0,0,0,0,0,0,0
3137,3,0,0,0,0,0,0,0,0,0,0,0,0,0,0,0,0,0,0,0,0,0,0,0,0,0,0,0,0,0,0,0,0,0,0,0,0,0,0,0,0,0,0,0,0,0,0,0,0,0,0,0,0,0,0,0,0,0,0,0,0,0,0,0,0
3138,3,0,0,0,0,0,0,0,0,0,0,0,0,0,0,0,0,0,0,0,0,0,0,0,0,0,0,0,0,0,0,0,0,0,0,0,0,0,0,0,0,0,0,0,0,0,0,0,0,0,0,0,0,0,0,0,0,0,0,0,0,0,0,0,0
3139,3,0,0,0,0,0,0,0,0,0,0,0,0,0,0,0,0,0,0,0,0,0,0,0,0,0,0,0,0,0,0,0,0,0,0,0,0,0,0,0,0,0,0,0,0,0,0,0,0,0,0,0,0,0,0,0,0,0,0,0,0,0,0,0,0
3140,3,0,0,0,0,0,0,0,0,0,0,0,0,0,0,0,0,0,0,0,0,0,0,0,0,0,0,0,0,0,0,0,0,0,0,0,0,0,0,0,0,0,0,0,0,0,0,0,0,0,0,0,0,0,0,0,0,0,0,0,0,0,0,0,0
3141,3,0,0,0,0,0,0,0,0,0,0,0,0,0,0,0,0,0,0,0,0,0,0,0,0,0,0,0,0,0,0,0,0,0,0,0,0,0,0,0,0,0,0,0,0,0,0,0,0,0,0,0,0,0,0,0,0,0,0,0,0,0,0,0,0
3142,3,0,0,0,0,0,0,0,0,0,0,0,0,0,0,0,0,0,0,0,0,0,0,0,0,0,0,0,0,0,0,0,0,0,0,0,0,0,0,0,0,0,0,0,0,0,0,0,0,0,0,0,0,0,0,0,0,0,0,0,0,0,0,0,0
3143,3,0,0,0,0,0,0,0,0,0,0,0,0,0,0,0,0,0,0,0,0,0,0,0,0,0,0,0,0,0,0,0,0,0,0,0,0,0,0,0,0,0,0,0,0,0,0,0,0,0,0,0,0,0,0,0,0,0,0,0,0,0,0,0,0
3144,3,0,0,0,0,0,0,0,0,0,0,0,0,0,0,0,0,0,0,0,0,0,0,0,0,0,0,0,0,0,0,0,0,0,0,0,0,0,0,0,0,0,0,0,0,0,0,0,0,0,0,0,0,0,0,0,0,0,0,0,0,0,0,0,0
3145,3,0,0,0,0,0,0,0,0,0,0,0,0,0,0,0,0,0,0,0,0,0,0,0,0,0,0,0,0,0,0,0,0,0,0,0,0,0,0,0,0,0,0,0,0,0,0,0,0,0,0,0,0,0,0,0,0,0,0,0,0,0,0,0,0
3146,3,0,0,0,0,0,0,0,0,0,0,0,0,0,0,0,0,0,0,0,0,0,0,0,0,0,0,0,0,0,0,0,0,0,0,0,0,0,0,0,0,0,0,0,0,0,0,0,0,0,0,0,0,0,0,0,0,0,0,0,0,0,0,0,0
3147,3,0,0,0,0,0,0,0,0,0,0,0,0,0,0,0,0,0,0,0,0,0,0,0,0,0,0,0,0,0,0,0,0,0,0,0,0,0,0,0,0,0,0,0,0,0,0,0,0,0,0,0,0,0,0,0,0,0,0,0,0,0,0,0,0
3148,3,0,0,0,0,0,0,0,0,0,0,0,0,0,0,0,0,0,0,0,0,0,0,0,0,0,0,0,0,0,0,0,0,0,0,0,0,0,0,0,0,0,0,0,0,0,0,0,0,0,0,0,0,0,0,0,0,0,0,0,0,0,0,0,0
3149,3,0,0,0,0,0,0,0,0,0,0,0,0,0,0,0,0,0,0,0,0,0,0,0,0,0,0,0,0,0,0,0,0,0,0,0,0,0,0,0,0,0,0,0,0,0,0,0,0,0,0,0,0,0,0,0,0,0,0,0,0,0,0,0,0
3150,3,0,0,0,0,0,0,0,0,0,0,0,0,0,0,0,0,0,0,0,0,0,0,0,0,0,0,0,0,0,0,0,0,0,0,0,0,0,0,0,0,0,0,0,0,0,0,0,0,0,0,0,0,0,0,0,0,0,0,0,0,0,0,0,0
3151,3,0,0,0,0,0,0,0,0,0,0,0,0,0,0,0,0,0,0,0,0,0,0,0,0,0,0,0,0,0,0,0,0,0,0,0,0,0,0,0,0,0,0,0,0,0,0,0,0,0,0,0,0,0,0,0,0,0,0,0,0,0,0,0,0
3152,3,0,0,0,0,0,0,0,0,0,0,0,0,0,0,0,0,0,0,0,0,0,0,0,0,0,0,0,0,0,0,0,0,0,0,0,0,0,0,0,0,0,0,0,0,0,0,0,0,0,0,0,0,0,0,0,0,0,0,0,0,0,0,0,0
3153,3,0,0,0,0,0,0,0,0,0,0,0,0,0,0,0,0,0,0,0,0,0,0,0,0,0,0,0,0,0,0,0,0,0,0,0,0,0,0,0,0,0,0,0,0,0,0,0,0,0,0,0,0,0,0,0,0,0,0,0,0,0,0,0,0
3154,3,0,0,0,0,0,0,0,0,0,0,0,0,0,0,0,0,0,0,0,0,0,0,0,0,0,0,0,0,0,0,0,0,0,0,0,0,0,0,0,0,0,0,0,0,0,0,0,0,0,0,0,0,0,0,0,0,0,0,0,0,0,0,0,0
3155,3,0,0,0,0,0,0,0,0,0,0,0,0,0,0,0,0,0,0,0,0,0,0,0,0,0,0,0,0,0,0,0,0,0,0,0,0,0,0,0,0,0,0,0,0,0,0,0,0,0,0,0,0,0,0,0,0,0,0,0,0,0,0,0,0
3156,3,0,0,0,0,0,0,0,0,0,0,0,0,0,0,0,0,0,0,0,0,0,0,0,0,0,0,0,0,0,0,0,0,0,0,0,0,0,0,0,0,0,0,0,0,0,0,0,0,0,0,0,0,0,0,0,0,0,0,0,0,0,0,0,0
3157,3,0,0,0,0,0,0,0,0,0,0,0,0,0,0,0,0,0,0,0,0,0,0,0,0,0,0,0,0,0,0,0,0,0,0,0,0,0,0,0,0,0,0,0,0,0,0,0,0,0,0,0,0,0,0,0,0,0,0,0,0,0,0,0,0
3158,3,0,0,0,0,0,0,0,0,0,0,0,0,0,0,0,0,0,0,0,0,0,0,0,0,0,0,0,0,0,0,0,0,0,0,0,0,0,0,0,0,0,0,0,0,0,0,0,0,0,0,0,0,0,0,0,0,0,0,0,0,0,0,0,0
3159,3,0,0,0,0,0,0,0,0,0,0,0,0,0,0,0,0,0,0,0,0,0,0,0,0,0,0,0,0,0,0,0,0,0,0,0,0,0,0,0,0,0,0,0,0,0,0,0,0,0,0,0,0,0,0,0,0,0,0,0,0,0,0,0,0
3160,3,0,0,0,0,0,0,0,0,0,0,0,0,0,0,0,0,0,0,0,0,0,0,0,0,0,0,0,0,0,0,0,0,0,0,0,0,0,0,0,0,0,0,0,0,0,0,0,0,0,0,0,0,0,0,0,0,0,0,0,0,0,0,0,0
3161,3,0,0,0,0,0,0,0,0,0,0,0,0,0,0,0,0,0,0,0,0,0,0,0,0,0,0,0,0,0,0,0,0,0,0,0,0,0,0,0,0,0,0,0,0,0,0,0,0,0,0,0,0,0,0,0,0,0,0,0,0,0,0,0,0
3162,3,0,0,0,0,0,0,0,0,0,0,0,0,0,0,0,0,0,0,0,0,0,0,0,0,0,0,0,0,0,0,0,0,0,0,0,0,0,0,0,0,0,0,0,0,0,0,0,0,0,0,0,0,0,0,0,0,0,0,0,0,0,0,0,0
3163,3,0,0,0,0,0,0,0,0,0,0,0,0,0,0,0,0,0,0,0,0,0,0,0,0,0,0,0,0,0,0,0,0,0,0,0,0,0,0,0,0,0,0,0,0,0,0,0,0,0,0,0,0,0,0,0,0,0,0,0,0,0,0,0,0
3164,3,0,0,0,0,0,0,0,0,0,0,0,0,0,0,0,0,0,0,0,0,0,0,0,0,0,0,0,0,0,0,0,0,0,0,0,0,0,0,0,0,0,0,0,0,0,0,0,0,0,0,0,0,0,0,0,0,0,0,0,0,0,0,0,0
3165,3,0,0,0,0,0,0,0,0,0,0,0,0,0,0,0,0,0,0,0,0,0,0,0,0,0,0,0,0,0,0,0,0,0,0,0,0,0,0,0,0,0,0,0,0,0,0,0,0,0,0,0,0,0,0,0,0,0,0,0,0,0,0,0,0
3166,3,0,0,0,0,0,0,0,0,0,0,0,0,0,0,0,0,0,0,0,0,0,0,0,0,0,0,0,0,0,0,0,0,0,0,0,0,0,0,0,0,0,0,0,0,0,0,0,0,0,0,0,0,0,0,0,0,0,0,0,0,0,0,0,0
3167,3,0,0,0,0,0,0,0,0,0,0,0,0,0,0,0,0,0,0,0,0,0,0,0,0,0,0,0,0,0,0,0,0,0,0,0,0,0,0,0,0,0,0,0,0,0,0,0,0,0,0,0,0,0,0,0,0,0,0,0,0,0,0,0,0
3168,3,0,0,0,0,0,0,0,0,0,0,0,0,0,0,0,0,0,0,0,0,0,0,0,0,0,0,0,0,0,0,0,0,0,0,0,0,0,0,0,0,0,0,0,0,0,0,0,0,0,0,0,0,0,0,0,0,0,0,0,0,0,0,0,0
3169,3,0,0,0,0,0,0,0,0,0,0,0,0,0,0,0,0,0,0,0,0,0,0,0,0,0,0,0,0,0,0,0,0,0,0,0,0,0,0,0,0,0,0,0,0,0,0,0,0,0,0,0,0,0,0,0,0,0,0,0,0,0,0,0,0
3170,3,0,0,0,0,0,0,0,0,0,0,0,0,0,0,0,0,0,0,0,0,0,0,0,0,0,0,0,0,0,0,0,0,0,0,0,0,0,0,0,0,0,0,0,0,0,0,0,0,0,0,0,0,0,0,0,0,0,0,0,0,0,0,0,0
3171,3,0,0,0,0,0,0,0,0,0,0,0,0,0,0,0,0,0,0,0,0,0,0,0,0,0,0,0,0,0,0,0,0,0,0,0,0,0,0,0,0,0,0,0,0,0,0,0,0,0,0,0,0,0,0,0,0,0,0,0,0,0,0,0,0
3172,3,0,0,0,0,0,0,0,0,0,0,0,0,0,0,0,0,0,0,0,0,0,0,0,0,0,0,0,0,0,0,0,0,0,0,0,0,0,0,0,0,0,0,0,0,0,0,0,0,0,0,0,0,0,0,0,0,0,0,0,0,0,0,0,0
3173,3,0,0,0,0,0,0,0,0,0,0,0,0,0,0,0,0,0,0,0,0,0,0,0,0,0,0,0,0,0,0,0,0,0,0,0,0,0,0,0,0,0,0,0,0,0,0,0,0,0,0,0,0,0,0,0,0,0,0,0,0,0,0,0,0
3174,3,0,0,0,0,0,0,0,0,0,0,0,0,0,0,0,0,0,0,0,0,0,0,0,0,0,0,0,0,0,0,0,0,0,0,0,0,0,0,0,0,0,0,0,0,0,0,0,0,0,0,0,0,0,0,0,0,0,0,0,0,0,0,0,0
3175,3,0,0,0,0,0,0,0,0,0,0,0,0,0,0,0,0,0,0,0,0,0,0,0,0,0,0,0,0,0,0,0,0,0,0,0,0,0,0,0,0,0,0,0,0,0,0,0,0,0,0,0,0,0,0,0,0,0,0,0,0,0,0,0,0
3176,3,0,0,0,0,0,0,0,0,0,0,0,0,0,0,0,0,0,0,0,0,0,0,0,0,0,0,0,0,0,0,0,0,0,0,0,0,0,0,0,0,0,0,0,0,0,0,0,0,0,0,0,0,0,0,0,0,0,0,0,0,0,0,0,0
3177,3,0,0,0,0,0,0,0,0,0,0,0,0,0,0,0,0,0,0,0,0,0,0,0,0,0,0,0,0,0,0,0,0,0,0,0,0,0,0,0,0,0,0,0,0,0,0,0,0,0,0,0,0,0,0,0,0,0,0,0,0,0,0,0,0
3178,3,0,0,0,0,0,0,0,0,0,0,0,0,0,0,0,0,0,0,0,0,0,0,0,0,0,0,0,0,0,0,0,0,0,0,0,0,0,0,0,0,0,0,0,0,0,0,0,0,0,0,0,0,0,0,0,0,0,0,0,0,0,0,0,0
3179,3,0,0,0,0,0,0,0,0,0,0,0,0,0,0,0,0,0,0,0,0,0,0,0,0,0,0,0,0,0,0,0,0,0,0,0,0,0,0,0,0,0,0,0,0,0,0,0,0,0,0,0,0,0,0,0,0,0,0,0,0,0,0,0,0
3180,3,0,0,0,0,0,0,0,0,0,0,0,0,0,0,0,0,0,0,0,0,0,0,0,0,0,0,0,0,0,0,0,0,0,0,0,0,0,0,0,0,0,0,0,0,0,0,0,0,0,0,0,0,0,0,0,0,0,0,0,0,0,0,0,0
3181,3,0,0,0,0,0,0,0,0,0,0,0,0,0,0,0,0,0,0,0,0,0,0,0,0,0,0,0,0,0,0,0,0,0,0,0,0,0,0,0,0,0,0,0,0,0,0,0,0,0,0,0,0,0,0,0,0,0,0,0,0,0,0,0,0
3182,3,0,0,0,0,0,0,0,0,0,0,0,0,0,0,0,0,0,0,0,0,0,0,0,0,0,0,0,0,0,0,0,0,0,0,0,0,0,0,0,0,0,0,0,0,0,0,0,0,0,0,0,0,0,0,0,0,0,0,0,0,0,0,0,0
3183,3,0,0,0,0,0,0,0,0,0,0,0,0,0,0,0,0,0,0,0,0,0,0,0,0,0,0,0,0,0,0,0,0,0,0,0,0,0,0,0,0,0,0,0,0,0,0,0,0,0,0,0,0,0,0,0,0,0,0,0,0,0,0,0,0
3184,3,0,0,0,0,0,0,0,0,0,0,0,0,0,0,0,0,0,0,0,0,0,0,0,0,0,0,0,0,0,0,0,0,0,0,0,0,0,0,0,0,0,0,0,0,0,0,0,0,0,0,0,0,0,0,0,0,0,0,0,0,0,0,0,0
3185,3,0,0,0,0,0,0,0,0,0,0,0,0,0,0,0,0,0,0,0,0,0,0,0,0,0,0,0,0,0,0,0,0,0,0,0,0,0,0,0,0,0,0,0,0,0,0,0,0,0,0,0,0,0,0,0,0,0,0,0,0,0,0,0,0
3186,3,0,0,0,0,0,0,0,0,0,0,0,0,0,0,0,0,0,0,0,0,0,0,0,0,0,0,0,0,0,0,0,0,0,0,0,0,0,0,0,0,0,0,0,0,0,0,0,0,0,0,0,0,0,0,0,0,0,0,0,0,0,0,0,0
3187,3,0,0,0,0,0,0,0,0,0,0,0,0,0,0,0,0,0,0,0,0,0,0,0,0,0,0,0,0,0,0,0,0,0,0,0,0,0,0,0,0,0,0,0,0,0,0,0,0,0,0,0,0,0,0,0,0,0,0,0,0,0,0,0,0
3188,3,0,0,0,0,0,0,0,0,0,0,0,0,0,0,0,0,0,0,0,0,0,0,0,0,0,0,0,0,0,0,0,0,0,0,0,0,0,0,0,0,0,0,0,0,0,0,0,0,0,0,0,0,0,0,0,0,0,0,0,0,0,0,0,0
3189,3,0,0,0,0,0,0,0,0,0,0,0,0,0,0,0,0,0,0,0,0,0,0,0,0,0,0,0,0,0,0,0,0,0,0,0,0,0,0,0,0,0,0,0,0,0,0,0,0,0,0,0,0,0,0,0,0,0,0,0,0,0,0,0,0
3190,3,0,0,0,0,0,0,0,0,0,0,0,0,0,0,0,0,0,0,0,0,0,0,0,0,0,0,0,0,0,0,0,0,0,0,0,0,0,0,0,0,0,0,0,0,0,0,0,0,0,0,0,0,0,0,0,0,0,0,0,0,0,0,0,0
3191,3,0,0,0,0,0,0,0,0,0,0,0,0,0,0,0,0,0,0,0,0,0,0,0,0,0,0,0,0,0,0,0,0,0,0,0,0,0,0,0,0,0,0,0,0,0,0,0,0,0,0,0,0,0,0,0,0,0,0,0,0,0,0,0,0
3192,3,0,0,0,0,0,0,0,0,0,0,0,0,0,0,0,0,0,0,0,0,0,0,0,0,0,0,0,0,0,0,0,0,0,0,0,0,0,0,0,0,0,0,0,0,0,0,0,0,0,0,0,0,0,0,0,0,0,0,0,0,0,0,0,0
3193,3,0,0,0,0,0,0,0,0,0,0,0,0,0,0,0,0,0,0,0,0,0,0,0,0,0,0,0,0,0,0,0,0,0,0,0,0,0,0,0,0,0,0,0,0,0,0,0,0,0,0,0,0,0,0,0,0,0,0,0,0,0,0,0,0
3194,3,0,0,0,0,0,0,0,0,0,0,0,0,0,0,0,0,0,0,0,0,0,0,0,0,0,0,0,0,0,0,0,0,0,0,0,0,0,0,0,0,0,0,0,0,0,0,0,0,0,0,0,0,0,0,0,0,0,0,0,0,0,0,0,0
3195,3,0,0,0,0,0,0,0,0,0,0,0,0,0,0,0,0,0,0,0,0,0,0,0,0,0,0,0,0,0,0,0,0,0,0,0,0,0,0,0,0,0,0,0,0,0,0,0,0,0,0,0,0,0,0,0,0,0,0,0,0,0,0,0,0
3196,3,0,0,0,0,0,0,0,0,0,0,0,0,0,0,0,0,0,0,0,0,0,0,0,0,0,0,0,0,0,0,0,0,0,0,0,0,0,0,0,0,0,0,0,0,0,0,0,0,0,0,0,0,0,0,0,0,0,0,0,0,0,0,0,0
3197,3,0,0,0,0,0,0,0,0,0,0,0,0,0,0,0,0,0,0,0,0,0,0,0,0,0,0,0,0,0,0,0,0,0,0,0,0,0,0,0,0,0,0,0,0,0,0,0,0,0,0,0,0,0,0,0,0,0,0,0,0,0,0,0,0
3198,3,0,0,0,0,0,0,0,0,0,0,0,0,0,0,0,0,0,0,0,0,0,0,0,0,0,0,0,0,0,0,0,0,0,0,0,0,0,0,0,0,0,0,0,0,0,0,0,0,0,0,0,0,0,0,0,0,0,0,0,0,0,0,0,0
3199,3,0,0,0,0,0,0,0,0,0,0,0,0,0,0,0,0,0,0,0,0,0,0,0,0,0,0,0,0,0,0,0,0,0,0,0,0,0,0,0,0,0,0,0,0,0,0,0,0,0,0,0,0,0,0,0,0,0,0,0,0,0,0,0,0
3200,3,0,0,0,0,0,0,0,0,0,0,0,0,0,0,0,0,0,0,0,0,0,0,0,0,0,0,0,0,0,0,0,0,0,0,0,0,0,0,0,0,0,0,0,0,0,0,0,0,0,0,0,0,0,0,0,0,0,0,0,0,0,0,0,0
3201,3,0,0,0,0,0,0,0,0,0,0,0,0,0,0,0,0,0,0,0,0,0,0,0,0,0,0,0,0,0,0,0,0,0,0,0,0,0,0,0,0,0,0,0,0,0,0,0,0,0,0,0,0,0,0,0,0,0,0,0,0,0,0,0,0
3202,3,0,0,0,0,0,0,0,0,0,0,0,0,0,0,0,0,0,0,0,0,0,0,0,0,0,0,0,0,0,0,0,0,0,0,0,0,0,0,0,0,0,0,0,0,0,0,0,0,0,0,0,0,0,0,0,0,0,0,0,0,0,0,0,0
3203,3,0,0,0,0,0,0,0,0,0,0,0,0,0,0,0,0,0,0,0,0,0,0,0,0,0,0,0,0,0,0,0,0,0,0,0,0,0,0,0,0,0,0,0,0,0,0,0,0,0,0,0,0,0,0,0,0,0,0,0,0,0,0,0,0
3204,3,0,0,0,0,0,0,0,0,0,0,0,0,0,0,0,0,0,0,0,0,0,0,0,0,0,0,0,0,0,0,0,0,0,0,0,0,0,0,0,0,0,0,0,0,0,0,0,0,0,0,0,0,0,0,0,0,0,0,0,0,0,0,0,0
3205,3,0,0,0,0,0,0,0,0,0,0,0,0,0,0,0,0,0,0,0,0,0,0,0,0,0,0,0,0,0,0,0,0,0,0,0,0,0,0,0,0,0,0,0,0,0,0,0,0,0,0,0,0,0,0,0,0,0,0,0,0,0,0,0,0
3206,3,0,0,0,0,0,0,0,0,0,0,0,0,0,0,0,0,0,0,0,0,0,0,0,0,0,0,0,0,0,0,0,0,0,0,0,0,0,0,0,0,0,0,0,0,0,0,0,0,0,0,0,0,0,0,0,0,0,0,0,0,0,0,0,0
3207,3,0,0,0,0,0,0,0,0,0,0,0,0,0,0,0,0,0,0,0,0,0,0,0,0,0,0,0,0,0,0,0,0,0,0,0,0,0,0,0,0,0,0,0,0,0,0,0,0,0,0,0,0,0,0,0,0,0,0,0,0,0,0,0,0
3208,3,0,0,0,0,0,0,0,0,0,0,0,0,0,0,0,0,0,0,0,0,0,0,0,0,0,0,0,0,0,0,0,0,0,0,0,0,0,0,0,0,0,0,0,0,0,0,0,0,0,0,0,0,0,0,0,0,0,0,0,0,0,0,0,0
3209,3,0,0,0,0,0,0,0,0,0,0,0,0,0,0,0,0,0,0,0,0,0,0,0,0,0,0,0,0,0,0,0,0,0,0,0,0,0,0,0,0,0,0,0,0,0,0,0,0,0,0,0,0,0,0,0,0,0,0,0,0,0,0,0,0
3210,3,0,0,0,0,0,0,0,0,0,0,0,0,0,0,0,0,0,0,0,0,0,0,0,0,0,0,0,0,0,0,0,0,0,0,0,0,0,0,0,0,0,0,0,0,0,0,0,0,0,0,0,0,0,0,0,0,0,0,0,0,0,0,0,0
3211,3,0,0,0,0,0,0,0,0,0,0,0,0,0,0,0,0,0,0,0,0,0,0,0,0,0,0,0,0,0,0,0,0,0,0,0,0,0,0,0,0,0,0,0,0,0,0,0,0,0,0,0,0,0,0,0,0,0,0,0,0,0,0,0,0
3212,3,0,0,0,0,0,0,0,0,0,0,0,0,0,0,0,0,0,0,0,0,0,0,0,0,0,0,0,0,0,0,0,0,0,0,0,0,0,0,0,0,0,0,0,0,0,0,0,0,0,0,0,0,0,0,0,0,0,0,0,0,0,0,0,0
3213,3,0,0,0,0,0,0,0,0,0,0,0,0,0,0,0,0,0,0,0,0,0,0,0,0,0,0,0,0,0,0,0,0,0,0,0,0,0,0,0,0,0,0,0,0,0,0,0,0,0,0,0,0,0,0,0,0,0,0,0,0,0,0,0,0
3214,3,0,0,0,0,0,0,0,0,0,0,0,0,0,0,0,0,0,0,0,0,0,0,0,0,0,0,0,0,0,0,0,0,0,0,0,0,0,0,0,0,0,0,0,0,0,0,0,0,0,0,0,0,0,0,0,0,0,0,0,0,0,0,0,0
3215,3,0,0,0,0,0,0,0,0,0,0,0,0,0,0,0,0,0,0,0,0,0,0,0,0,0,0,0,0,0,0,0,0,0,0,0,0,0,0,0,0,0,0,0,0,0,0,0,0,0,0,0,0,0,0,0,0,0,0,0,0,0,0,0,0
3216,3,0,0,0,0,0,0,0,0,0,0,0,0,0,0,0,0,0,0,0,0,0,0,0,0,0,0,0,0,0,0,0,0,0,0,0,0,0,0,0,0,0,0,0,0,0,0,0,0,0,0,0,0,0,0,0,0,0,0,0,0,0,0,0,0
3217,3,0,0,0,0,0,0,0,0,0,0,0,0,0,0,0,0,0,0,0,0,0,0,0,0,0,0,0,0,0,0,0,0,0,0,0,0,0,0,0,0,0,0,0,0,0,0,0,0,0,0,0,0,0,0,0,0,0,0,0,0,0,0,0,0
3218,3,0,0,0,0,0,0,0,0,0,0,0,0,0,0,0,0,0,0,0,0,0,0,0,0,0,0,0,0,0,0,0,0,0,0,0,0,0,0,0,0,0,0,0,0,0,0,0,0,0,0,0,0,0,0,0,0,0,0,0,0,0,0,0,0
3219,3,0,0,0,0,0,0,0,0,0,0,0,0,0,0,0,0,0,0,0,0,0,0,0,0,0,0,0,0,0,0,0,0,0,0,0,0,0,0,0,0,0,0,0,0,0,0,0,0,0,0,0,0,0,0,0,0,0,0,0,0,0,0,0,0
3220,3,0,0,0,0,0,0,0,0,0,0,0,0,0,0,0,0,0,0,0,0,0,0,0,0,0,0,0,0,0,0,0,0,0,0,0,0,0,0,0,0,0,0,0,0,0,0,0,0,0,0,0,0,0,0,0,0,0,0,0,0,0,0,0,0
3221,3,0,0,0,0,0,0,0,0,0,0,0,0,0,0,0,0,0,0,0,0,0,0,0,0,0,0,0,0,0,0,0,0,0,0,0,0,0,0,0,0,0,0,0,0,0,0,0,0,0,0,0,0,0,0,0,0,0,0,0,0,0,0,0,0
3222,3,0,0,0,0,0,0,0,0,0,0,0,0,0,0,0,0,0,0,0,0,0,0,0,0,0,0,0,0,0,0,0,0,0,0,0,0,0,0,0,0,0,0,0,0,0,0,0,0,0,0,0,0,0,0,0,0,0,0,0,0,0,0,0,0
3223,3,0,0,0,0,0,0,0,0,0,0,0,0,0,0,0,0,0,0,0,0,0,0,0,0,0,0,0,0,0,0,0,0,0,0,0,0,0,0,0,0,0,0,0,0,0,0,0,0,0,0,0,0,0,0,0,0,0,0,0,0,0,0,0,0
3224,3,0,0,0,0,0,0,0,0,0,0,0,0,0,0,0,0,0,0,0,0,0,0,0,0,0,0,0,0,0,0,0,0,0,0,0,0,0,0,0,0,0,0,0,0,0,0,0,0,0,0,0,0,0,0,0,0,0,0,0,0,0,0,0,0
3225,3,0,0,0,0,0,0,0,0,0,0,0,0,0,0,0,0,0,0,0,0,0,0,0,0,0,0,0,0,0,0,0,0,0,0,0,0,0,0,0,0,0,0,0,0,0,0,0,0,0,0,0,0,0,0,0,0,0,0,0,0,0,0,0,0
3226,3,0,0,0,0,0,0,0,0,0,0,0,0,0,0,0,0,0,0,0,0,0,0,0,0,0,0,0,0,0,0,0,0,0,0,0,0,0,0,0,0,0,0,0,0,0,0,0,0,0,0,0,0,0,0,0,0,0,0,0,0,0,0,0,0
3227,3,0,0,0,0,0,0,0,0,0,0,0,0,0,0,0,0,0,0,0,0,0,0,0,0,0,0,0,0,0,0,0,0,0,0,0,0,0,0,0,0,0,0,0,0,0,0,0,0,0,0,0,0,0,0,0,0,0,0,0,0,0,0,0,0
3228,3,0,0,0,0,0,0,0,0,0,0,0,0,0,0,0,0,0,0,0,0,0,0,0,0,0,0,0,0,0,0,0,0,0,0,0,0,0,0,0,0,0,0,0,0,0,0,0,0,0,0,0,0,0,0,0,0,0,0,0,0,0,0,0,0
3229,3,0,0,0,0,0,0,0,0,0,0,0,0,0,0,0,0,0,0,0,0,0,0,0,0,0,0,0,0,0,0,0,0,0,0,0,0,0,0,0,0,0,0,0,0,0,0,0,0,0,0,0,0,0,0,0,0,0,0,0,0,0,0,0,0
3230,3,0,0,0,0,0,0,0,0,0,0,0,0,0,0,0,0,0,0,0,0,0,0,0,0,0,0,0,0,0,0,0,0,0,0,0,0,0,0,0,0,0,0,0,0,0,0,0,0,0,0,0,0,0,0,0,0,0,0,0,0,0,0,0,0
3231,3,0,0,0,0,0,0,0,0,0,0,0,0,0,0,0,0,0,0,0,0,0,0,0,0,0,0,0,0,0,0,0,0,0,0,0,0,0,0,0,0,0,0,0,0,0,0,0,0,0,0,0,0,0,0,0,0,0,0,0,0,0,0,0,0
3232,3,0,0,0,0,0,0,0,0,0,0,0,0,0,0,0,0,0,0,0,0,0,0,0,0,0,0,0,0,0,0,0,0,0,0,0,0,0,0,0,0,0,0,0,0,0,0,0,0,0,0,0,0,0,0,0,0,0,0,0,0,0,0,0,0
3233,3,0,0,0,0,0,0,0,0,0,0,0,0,0,0,0,0,0,0,0,0,0,0,0,0,0,0,0,0,0,0,0,0,0,0,0,0,0,0,0,0,0,0,0,0,0,0,0,0,0,0,0,0,0,0,0,0,0,0,0,0,0,0,0,0
3234,3,0,0,0,0,0,0,0,0,0,0,0,0,0,0,0,0,0,0,0,0,0,0,0,0,0,0,0,0,0,0,0,0,0,0,0,0,0,0,0,0,0,0,0,0,0,0,0,0,0,0,0,0,0,0,0,0,0,0,0,0,0,0,0,0
3235,3,0,0,0,0,0,0,0,0,0,0,0,0,0,0,0,0,0,0,0,0,0,0,0,0,0,0,0,0,0,0,0,0,0,0,0,0,0,0,0,0,0,0,0,0,0,0,0,0,0,0,0,0,0,0,0,0,0,0,0,0,0,0,0,0
3236,3,0,0,0,0,0,0,0,0,0,0,0,0,0,0,0,0,0,0,0,0,0,0,0,0,0,0,0,0,0,0,0,0,0,0,0,0,0,0,0,0,0,0,0,0,0,0,0,0,0,0,0,0,0,0,0,0,0,0,0,0,0,0,0,0
3237,3,0,0,0,0,0,0,0,0,0,0,0,0,0,0,0,0,0,0,0,0,0,0,0,0,0,0,0,0,0,0,0,0,0,0,0,0,0,0,0,0,0,0,0,0,0,0,0,0,0,0,0,0,0,0,0,0,0,0,0,0,0,0,0,0
3238,3,0,0,0,0,0,0,0,0,0,0,0,0,0,0,0,0,0,0,0,0,0,0,0,0,0,0,0,0,0,0,0,0,0,0,0,0,0,0,0,0,0,0,0,0,0,0,0,0,0,0,0,0,0,0,0,0,0,0,0,0,0,0,0,0
3239,3,0,0,0,0,0,0,0,0,0,0,0,0,0,0,0,0,0,0,0,0,0,0,0,0,0,0,0,0,0,0,0,0,0,0,0,0,0,0,0,0,0,0,0,0,0,0,0,0,0,0,0,0,0,0,0,0,0,0,0,0,0,0,0,0
3240,3,0,0,0,0,0,0,0,0,0,0,0,0,0,0,0,0,0,0,0,0,0,0,0,0,0,0,0,0,0,0,0,0,0,0,0,0,0,0,0,0,0,0,0,0,0,0,0,0,0,0,0,0,0,0,0,0,0,0,0,0,0,0,0,0
3241,3,0,0,0,0,0,0,0,0,0,0,0,0,0,0,0,0,0,0,0,0,0,0,0,0,0,0,0,0,0,0,0,0,0,0,0,0,0,0,0,0,0,0,0,0,0,0,0,0,0,0,0,0,0,0,0,0,0,0,0,0,0,0,0,0
3242,3,0,0,0,0,0,0,0,0,0,0,0,0,0,0,0,0,0,0,0,0,0,0,0,0,0,0,0,0,0,0,0,0,0,0,0,0,0,0,0,0,0,0,0,0,0,0,0,0,0,0,0,0,0,0,0,0,0,0,0,0,0,0,0,0
3243,3,0,0,0,0,0,0,0,0,0,0,0,0,0,0,0,0,0,0,0,0,0,0,0,0,0,0,0,0,0,0,0,0,0,0,0,0,0,0,0,0,0,0,0,0,0,0,0,0,0,0,0,0,0,0,0,0,0,0,0,0,0,0,0,0
3244,3,0,0,0,0,0,0,0,0,0,0,0,0,0,0,0,0,0,0,0,0,0,0,0,0,0,0,0,0,0,0,0,0,0,0,0,0,0,0,0,0,0,0,0,0,0,0,0,0,0,0,0,0,0,0,0,0,0,0,0,0,0,0,0,0
3245,3,0,0,0,0,0,0,0,0,0,0,0,0,0,0,0,0,0,0,0,0,0,0,0,0,0,0,0,0,0,0,0,0,0,0,0,0,0,0,0,0,0,0,0,0,0,0,0,0,0,0,0,0,0,0,0,0,0,0,0,0,0,0,0,0
3246,3,0,0,0,0,0,0,0,0,0,0,0,0,0,0,0,0,0,0,0,0,0,0,0,0,0,0,0,0,0,0,0,0,0,0,0,0,0,0,0,0,0,0,0,0,0,0,0,0,0,0,0,0,0,0,0,0,0,0,0,0,0,0,0,0
3247,3,0,0,0,0,0,0,0,0,0,0,0,0,0,0,0,0,0,0,0,0,0,0,0,0,0,0,0,0,0,0,0,0,0,0,0,0,0,0,0,0,0,0,0,0,0,0,0,0,0,0,0,0,0,0,0,0,0,0,0,0,0,0,0,0
3248,3,0,0,0,0,0,0,0,0,0,0,0,0,0,0,0,0,0,0,0,0,0,0,0,0,0,0,0,0,0,0,0,0,0,0,0,0,0,0,0,0,0,0,0,0,0,0,0,0,0,0,0,0,0,0,0,0,0,0,0,0,0,0,0,0
3249,3,0,0,0,0,0,0,0,0,0,0,0,0,0,0,0,0,0,0,0,0,0,0,0,0,0,0,0,0,0,0,0,0,0,0,0,0,0,0,0,0,0,0,0,0,0,0,0,0,0,0,0,0,0,0,0,0,0,0,0,0,0,0,0,0
3250,3,0,0,0,0,0,0,0,0,0,0,0,0,0,0,0,0,0,0,0,0,0,0,0,0,0,0,0,0,0,0,0,0,0,0,0,0,0,0,0,0,0,0,0,0,0,0,0,0,0,0,0,0,0,0,0,0,0,0,0,0,0,0,0,0
3251,3,0,0,0,0,0,0,0,0,0,0,0,0,0,0,0,0,0,0,0,0,0,0,0,0,0,0,0,0,0,0,0,0,0,0,0,0,0,0,0,0,0,0,0,0,0,0,0,0,0,0,0,0,0,0,0,0,0,0,0,0,0,0,0,0
3252,3,0,0,0,0,0,0,0,0,0,0,0,0,0,0,0,0,0,0,0,0,0,0,0,0,0,0,0,0,0,0,0,0,0,0,0,0,0,0,0,0,0,0,0,0,0,0,0,0,0,0,0,0,0,0,0,0,0,0,0,0,0,0,0,0
3253,3,0,0,0,0,0,0,0,0,0,0,0,0,0,0,0,0,0,0,0,0,0,0,0,0,0,0,0,0,0,0,0,0,0,0,0,0,0,0,0,0,0,0,0,0,0,0,0,0,0,0,0,0,0,0,0,0,0,0,0,0,0,0,0,0
3254,3,0,0,0,0,0,0,0,0,0,0,0,0,0,0,0,0,0,0,0,0,0,0,0,0,0,0,0,0,0,0,0,0,0,0,0,0,0,0,0,0,0,0,0,0,0,0,0,0,0,0,0,0,0,0,0,0,0,0,0,0,0,0,0,0
3255,3,0,0,0,0,0,0,0,0,0,0,0,0,0,0,0,0,0,0,0,0,0,0,0,0,0,0,0,0,0,0,0,0,0,0,0,0,0,0,0,0,0,0,0,0,0,0,0,0,0,0,0,0,0,0,0,0,0,0,0,0,0,0,0,0
3256,3,0,0,0,0,0,0,0,0,0,0,0,0,0,0,0,0,0,0,0,0,0,0,0,0,0,0,0,0,0,0,0,0,0,0,0,0,0,0,0,0,0,0,0,0,0,0,0,0,0,0,0,0,0,0,0,0,0,0,0,0,0,0,0,0
3257,3,0,0,0,0,0,0,0,0,0,0,0,0,0,0,0,0,0,0,0,0,0,0,0,0,0,0,0,0,0,0,0,0,0,0,0,0,0,0,0,0,0,0,0,0,0,0,0,0,0,0,0,0,0,0,0,0,0,0,0,0,0,0,0,0
3258,3,0,0,0,0,0,0,0,0,0,0,0,0,0,0,0,0,0,0,0,0,0,0,0,0,0,0,0,0,0,0,0,0,0,0,0,0,0,0,0,0,0,0,0,0,0,0,0,0,0,0,0,0,0,0,0,0,0,0,0,0,0,0,0,0
3259,3,0,0,0,0,0,0,0,0,0,0,0,0,0,0,0,0,0,0,0,0,0,0,0,0,0,0,0,0,0,0,0,0,0,0,0,0,0,0,0,0,0,0,0,0,0,0,0,0,0,0,0,0,0,0,0,0,0,0,0,0,0,0,0,0
3260,3,0,0,0,0,0,0,0,0,0,0,0,0,0,0,0,0,0,0,0,0,0,0,0,0,0,0,0,0,0,0,0,0,0,0,0,0,0,0,0,0,0,0,0,0,0,0,0,0,0,0,0,0,0,0,0,0,0,0,0,0,0,0,0,0
3261,3,0,0,0,0,0,0,0,0,0,0,0,0,0,0,0,0,0,0,0,0,0,0,0,0,0,0,0,0,0,0,0,0,0,0,0,0,0,0,0,0,0,0,0,0,0,0,0,0,0,0,0,0,0,0,0,0,0,0,0,0,0,0,0,0
3262,3,0,0,0,0,0,0,0,0,0,0,0,0,0,0,0,0,0,0,0,0,0,0,0,0,0,0,0,0,0,0,0,0,0,0,0,0,0,0,0,0,0,0,0,0,0,0,0,0,0,0,0,0,0,0,0,0,0,0,0,0,0,0,0,0
3263,3,0,0,0,0,0,0,0,0,0,0,0,0,0,0,0,0,0,0,0,0,0,0,0,0,0,0,0,0,0,0,0,0,0,0,0,0,0,0,0,0,0,0,0,0,0,0,0,0,0,0,0,0,0,0,0,0,0,0,0,0,0,0,0,0
3264,3,0,0,0,0,0,0,0,0,0,0,0,0,0,0,0,0,0,0,0,0,0,0,0,0,0,0,0,0,0,0,0,0,0,0,0,0,0,0,0,0,0,0,0,0,0,0,0,0,0,0,0,0,0,0,0,0,0,0,0,0,0,0,0,0
3265,3,0,0,0,0,0,0,0,0,0,0,0,0,0,0,0,0,0,0,0,0,0,0,0,0,0,0,0,0,0,0,0,0,0,0,0,0,0,0,0,0,0,0,0,0,0,0,0,0,0,0,0,0,0,0,0,0,0,0,0,0,0,0,0,0
3266,3,0,0,0,0,0,0,0,0,0,0,0,0,0,0,0,0,0,0,0,0,0,0,0,0,0,0,0,0,0,0,0,0,0,0,0,0,0,0,0,0,0,0,0,0,0,0,0,0,0,0,0,0,0,0,0,0,0,0,0,0,0,0,0,0
3267,3,0,0,0,0,0,0,0,0,0,0,0,0,0,0,0,0,0,0,0,0,0,0,0,0,0,0,0,0,0,0,0,0,0,0,0,0,0,0,0,0,0,0,0,0,0,0,0,0,0,0,0,0,0,0,0,0,0,0,0,0,0,0,0,0
3268,3,0,0,0,0,0,0,0,0,0,0,0,0,0,0,0,0,0,0,0,0,0,0,0,0,0,0,0,0,0,0,0,0,0,0,0,0,0,0,0,0,0,0,0,0,0,0,0,0,0,0,0,0,0,0,0,0,0,0,0,0,0,0,0,0
3269,3,0,0,0,0,0,0,0,0,0,0,0,0,0,0,0,0,0,0,0,0,0,0,0,0,0,0,0,0,0,0,0,0,0,0,0,0,0,0,0,0,0,0,0,0,0,0,0,0,0,0,0,0,0,0,0,0,0,0,0,0,0,0,0,0
3270,3,0,0,0,0,0,0,0,0,0,0,0,0,0,0,0,0,0,0,0,0,0,0,0,0,0,0,0,0,0,0,0,0,0,0,0,0,0,0,0,0,0,0,0,0,0,0,0,0,0,0,0,0,0,0,0,0,0,0,0,0,0,0,0,0
3271,3,0,0,0,0,0,0,0,0,0,0,0,0,0,0,0,0,0,0,0,0,0,0,0,0,0,0,0,0,0,0,0,0,0,0,0,0,0,0,0,0,0,0,0,0,0,0,0,0,0,0,0,0,0,0,0,0,0,0,0,0,0,0,0,0
3272,3,0,0,0,0,0,0,0,0,0,0,0,0,0,0,0,0,0,0,0,0,0,0,0,0,0,0,0,0,0,0,0,0,0,0,0,0,0,0,0,0,0,0,0,0,0,0,0,0,0,0,0,0,0,0,0,0,0,0,0,0,0,0,0,0
3273,3,0,0,0,0,0,0,0,0,0,0,0,0,0,0,0,0,0,0,0,0,0,0,0,0,0,0,0,0,0,0,0,0,0,0,0,0,0,0,0,0,0,0,0,0,0,0,0,0,0,0,0,0,0,0,0,0,0,0,0,0,0,0,0,0
3274,3,0,0,0,0,0,0,0,0,0,0,0,0,0,0,0,0,0,0,0,0,0,0,0,0,0,0,0,0,0,0,0,0,0,0,0,0,0,0,0,0,0,0,0,0,0,0,0,0,0,0,0,0,0,0,0,0,0,0,0,0,0,0,0,0
3275,3,0,0,0,0,0,0,0,0,0,0,0,0,0,0,0,0,0,0,0,0,0,0,0,0,0,0,0,0,0,0,0,0,0,0,0,0,0,0,0,0,0,0,0,0,0,0,0,0,0,0,0,0,0,0,0,0,0,0,0,0,0,0,0,0
3276,3,0,0,0,0,0,0,0,0,0,0,0,0,0,0,0,0,0,0,0,0,0,0,0,0,0,0,0,0,0,0,0,0,0,0,0,0,0,0,0,0,0,0,0,0,0,0,0,0,0,0,0,0,0,0,0,0,0,0,0,0,0,0,0,0
3277,3,0,0,0,0,0,0,0,0,0,0,0,0,0,0,0,0,0,0,0,0,0,0,0,0,0,0,0,0,0,0,0,0,0,0,0,0,0,0,0,0,0,0,0,0,0,0,0,0,0,0,0,0,0,0,0,0,0,0,0,0,0,0,0,0
3278,3,0,0,0,0,0,0,0,0,0,0,0,0,0,0,0,0,0,0,0,0,0,0,0,0,0,0,0,0,0,0,0,0,0,0,0,0,0,0,0,0,0,0,0,0,0,0,0,0,0,0,0,0,0,0,0,0,0,0,0,0,0,0,0,0
3279,3,0,0,0,0,0,0,0,0,0,0,0,0,0,0,0,0,0,0,0,0,0,0,0,0,0,0,0,0,0,0,0,0,0,0,0,0,0,0,0,0,0,0,0,0,0,0,0,0,0,0,0,0,0,0,0,0,0,0,0,0,0,0,0,0
3280,3,0,0,0,0,0,0,0,0,0,0,0,0,0,0,0,0,0,0,0,0,0,0,0,0,0,0,0,0,0,0,0,0,0,0,0,0,0,0,0,0,0,0,0,0,0,0,0,0,0,0,0,0,0,0,0,0,0,0,0,0,0,0,0,0
3281,3,0,0,0,0,0,0,0,0,0,0,0,0,0,0,0,0,0,0,0,0,0,0,0,0,0,0,0,0,0,0,0,0,0,0,0,0,0,0,0,0,0,0,0,0,0,0,0,0,0,0,0,0,0,0,0,0,0,0,0,0,0,0,0,0
3282,3,0,0,0,0,0,0,0,0,0,0,0,0,0,0,0,0,0,0,0,0,0,0,0,0,0,0,0,0,0,0,0,0,0,0,0,0,0,0,0,0,0,0,0,0,0,0,0,0,0,0,0,0,0,0,0,0,0,0,0,0,0,0,0,0
3283,3,0,0,0,0,0,0,0,0,0,0,0,0,0,0,0,0,0,0,0,0,0,0,0,0,0,0,0,0,0,0,0,0,0,0,0,0,0,0,0,0,0,0,0,0,0,0,0,0,0,0,0,0,0,0,0,0,0,0,0,0,0,0,0,0
3284,3,0,0,0,0,0,0,0,0,0,0,0,0,0,0,0,0,0,0,0,0,0,0,0,0,0,0,0,0,0,0,0,0,0,0,0,0,0,0,0,0,0,0,0,0,0,0,0,0,0,0,0,0,0,0,0,0,0,0,0,0,0,0,0,0
3285,3,0,0,0,0,0,0,0,0,0,0,0,0,0,0,0,0,0,0,0,0,0,0,0,0,0,0,0,0,0,0,0,0,0,0,0,0,0,0,0,0,0,0,0,0,0,0,0,0,0,0,0,0,0,0,0,0,0,0,0,0,0,0,0,0
3286,3,0,0,0,0,0,0,0,0,0,0,0,0,0,0,0,0,0,0,0,0,0,0,0,0,0,0,0,0,0,0,0,0,0,0,0,0,0,0,0,0,0,0,0,0,0,0,0,0,0,0,0,0,0,0,0,0,0,0,0,0,0,0,0,0
3287,3,0,0,0,0,0,0,0,0,0,0,0,0,0,0,0,0,0,0,0,0,0,0,0,0,0,0,0,0,0,0,0,0,0,0,0,0,0,0,0,0,0,0,0,0,0,0,0,0,0,0,0,0,0,0,0,0,0,0,0,0,0,0,0,0
3288,3,0,0,0,0,0,0,0,0,0,0,0,0,0,0,0,0,0,0,0,0,0,0,0,0,0,0,0,0,0,0,0,0,0,0,0,0,0,0,0,0,0,0,0,0,0,0,0,0,0,0,0,0,0,0,0,0,0,0,0,0,0,0,0,0
3289,3,0,0,0,0,0,0,0,0,0,0,0,0,0,0,0,0,0,0,0,0,0,0,0,0,0,0,0,0,0,0,0,0,0,0,0,0,0,0,0,0,0,0,0,0,0,0,0,0,0,0,0,0,0,0,0,0,0,0,0,0,0,0,0,0
3290,3,0,0,0,0,0,0,0,0,0,0,0,0,0,0,0,0,0,0,0,0,0,0,0,0,0,0,0,0,0,0,0,0,0,0,0,0,0,0,0,0,0,0,0,0,0,0,0,0,0,0,0,0,0,0,0,0,0,0,0,0,0,0,0,0
3291,3,0,0,0,0,0,0,0,0,0,0,0,0,0,0,0,0,0,0,0,0,0,0,0,0,0,0,0,0,0,0,0,0,0,0,0,0,0,0,0,0,0,0,0,0,0,0,0,0,0,0,0,0,0,0,0,0,0,0,0,0,0,0,0,0
3292,3,0,0,0,0,0,0,0,0,0,0,0,0,0,0,0,0,0,0,0,0,0,0,0,0,0,0,0,0,0,0,0,0,0,0,0,0,0,0,0,0,0,0,0,0,0,0,0,0,0,0,0,0,0,0,0,0,0,0,0,0,0,0,0,0
3293,3,0,0,0,0,0,0,0,0,0,0,0,0,0,0,0,0,0,0,0,0,0,0,0,0,0,0,0,0,0,0,0,0,0,0,0,0,0,0,0,0,0,0,0,0,0,0,0,0,0,0,0,0,0,0,0,0,0,0,0,0,0,0,0,0
3294,3,0,0,0,0,0,0,0,0,0,0,0,0,0,0,0,0,0,0,0,0,0,0,0,0,0,0,0,0,0,0,0,0,0,0,0,0,0,0,0,0,0,0,0,0,0,0,0,0,0,0,0,0,0,0,0,0,0,0,0,0,0,0,0,0
3295,3,0,0,0,0,0,0,0,0,0,0,0,0,0,0,0,0,0,0,0,0,0,0,0,0,0,0,0,0,0,0,0,0,0,0,0,0,0,0,0,0,0,0,0,0,0,0,0,0,0,0,0,0,0,0,0,0,0,0,0,0,0,0,0,0
3296,3,0,0,0,0,0,0,0,0,0,0,0,0,0,0,0,0,0,0,0,0,0,0,0,0,0,0,0,0,0,0,0,0,0,0,0,0,0,0,0,0,0,0,0,0,0,0,0,0,0,0,0,0,0,0,0,0,0,0,0,0,0,0,0,0
3297,3,0,0,0,0,0,0,0,0,0,0,0,0,0,0,0,0,0,0,0,0,0,0,0,0,0,0,0,0,0,0,0,0,0,0,0,0,0,0,0,0,0,0,0,0,0,0,0,0,0,0,0,0,0,0,0,0,0,0,0,0,0,0,0,0
3298,3,0,0,0,0,0,0,0,0,0,0,0,0,0,0,0,0,0,0,0,0,0,0,0,0,0,0,0,0,0,0,0,0,0,0,0,0,0,0,0,0,0,0,0,0,0,0,0,0,0,0,0,0,0,0,0,0,0,0,0,0,0,0,0,0
3299,3,0,0,0,0,0,0,0,0,0,0,0,0,0,0,0,0,0,0,0,0,0,0,0,0,0,0,0,0,0,0,0,0,0,0,0,0,0,0,0,0,0,0,0,0,0,0,0,0,0,0,0,0,0,0,0,0,0,0,0,0,0,0,0,0
3300,3,0,0,0,0,0,0,0,0,0,0,0,0,0,0,0,0,0,0,0,0,0,0,0,0,0,0,0,0,0,0,0,0,0,0,0,0,0,0,0,0,0,0,0,0,0,0,0,0,0,0,0,0,0,0,0,0,0,0,0,0,0,0,0,0
3301,3,0,0,0,0,0,0,0,0,0,0,0,0,0,0,0,0,0,0,0,0,0,0,0,0,0,0,0,0,0,0,0,0,0,0,0,0,0,0,0,0,0,0,0,0,0,0,0,0,0,0,0,0,0,0,0,0,0,0,0,0,0,0,0,0
3302,3,0,0,0,0,0,0,0,0,0,0,0,0,0,0,0,0,0,0,0,0,0,0,0,0,0,0,0,0,0,0,0,0,0,0,0,0,0,0,0,0,0,0,0,0,0,0,0,0,0,0,0,0,0,0,0,0,0,0,0,0,0,0,0,0
3303,3,0,0,0,0,0,0,0,0,0,0,0,0,0,0,0,0,0,0,0,0,0,0,0,0,0,0,0,0,0,0,0,0,0,0,0,0,0,0,0,0,0,0,0,0,0,0,0,0,0,0,0,0,0,0,0,0,0,0,0,0,0,0,0,0
3304,3,0,0,0,0,0,0,0,0,0,0,0,0,0,0,0,0,0,0,0,0,0,0,0,0,0,0,0,0,0,0,0,0,0,0,0,0,0,0,0,0,0,0,0,0,0,0,0,0,0,0,0,0,0,0,0,0,0,0,0,0,0,0,0,0
3305,3,0,0,0,0,0,0,0,0,0,0,0,0,0,0,0,0,0,0,0,0,0,0,0,0,0,0,0,0,0,0,0,0,0,0,0,0,0,0,0,0,0,0,0,0,0,0,0,0,0,0,0,0,0,0,0,0,0,0,0,0,0,0,0,0
3306,3,0,0,0,0,0,0,0,0,0,0,0,0,0,0,0,0,0,0,0,0,0,0,0,0,0,0,0,0,0,0,0,0,0,0,0,0,0,0,0,0,0,0,0,0,0,0,0,0,0,0,0,0,0,0,0,0,0,0,0,0,0,0,0,0
3307,3,0,0,0,0,0,0,0,0,0,0,0,0,0,0,0,0,0,0,0,0,0,0,0,0,0,0,0,0,0,0,0,0,0,0,0,0,0,0,0,0,0,0,0,0,0,0,0,0,0,0,0,0,0,0,0,0,0,0,0,0,0,0,0,0
3308,3,0,0,0,0,0,0,0,0,0,0,0,0,0,0,0,0,0,0,0,0,0,0,0,0,0,0,0,0,0,0,0,0,0,0,0,0,0,0,0,0,0,0,0,0,0,0,0,0,0,0,0,0,0,0,0,0,0,0,0,0,0,0,0,0
3309,3,0,0,0,0,0,0,0,0,0,0,0,0,0,0,0,0,0,0,0,0,0,0,0,0,0,0,0,0,0,0,0,0,0,0,0,0,0,0,0,0,0,0,0,0,0,0,0,0,0,0,0,0,0,0,0,0,0,0,0,0,0,0,0,0
3310,3,0,0,0,0,0,0,0,0,0,0,0,0,0,0,0,0,0,0,0,0,0,0,0,0,0,0,0,0,0,0,0,0,0,0,0,0,0,0,0,0,0,0,0,0,0,0,0,0,0,0,0,0,0,0,0,0,0,0,0,0,0,0,0,0
3311,3,0,0,0,0,0,0,0,0,0,0,0,0,0,0,0,0,0,0,0,0,0,0,0,0,0,0,0,0,0,0,0,0,0,0,0,0,0,0,0,0,0,0,0,0,0,0,0,0,0,0,0,0,0,0,0,0,0,0,0,0,0,0,0,0
3312,3,0,0,0,0,0,0,0,0,0,0,0,0,0,0,0,0,0,0,0,0,0,0,0,0,0,0,0,0,0,0,0,0,0,0,0,0,0,0,0,0,0,0,0,0,0,0,0,0,0,0,0,0,0,0,0,0,0,0,0,0,0,0,0,0
3313,3,0,0,0,0,0,0,0,0,0,0,0,0,0,0,0,0,0,0,0,0,0,0,0,0,0,0,0,0,0,0,0,0,0,0,0,0,0,0,0,0,0,0,0,0,0,0,0,0,0,0,0,0,0,0,0,0,0,0,0,0,0,0,0,0
3314,3,0,0,0,0,0,0,0,0,0,0,0,0,0,0,0,0,0,0,0,0,0,0,0,0,0,0,0,0,0,0,0,0,0,0,0,0,0,0,0,0,0,0,0,0,0,0,0,0,0,0,0,0,0,0,0,0,0,0,0,0,0,0,0,0
3315,3,0,0,0,0,0,0,0,0,0,0,0,0,0,0,0,0,0,0,0,0,0,0,0,0,0,0,0,0,0,0,0,0,0,0,0,0,0,0,0,0,0,0,0,0,0,0,0,0,0,0,0,0,0,0,0,0,0,0,0,0,0,0,0,0
3316,3,0,0,0,0,0,0,0,0,0,0,0,0,0,0,0,0,0,0,0,0,0,0,0,0,0,0,0,0,0,0,0,0,0,0,0,0,0,0,0,0,0,0,0,0,0,0,0,0,0,0,0,0,0,0,0,0,0,0,0,0,0,0,0,0
3317,3,0,0,0,0,0,0,0,0,0,0,0,0,0,0,0,0,0,0,0,0,0,0,0,0,0,0,0,0,0,0,0,0,0,0,0,0,0,0,0,0,0,0,0,0,0,0,0,0,0,0,0,0,0,0,0,0,0,0,0,0,0,0,0,0
3318,3,0,0,0,0,0,0,0,0,0,0,0,0,0,0,0,0,0,0,0,0,0,0,0,0,0,0,0,0,0,0,0,0,0,0,0,0,0,0,0,0,0,0,0,0,0,0,0,0,0,0,0,0,0,0,0,0,0,0,0,0,0,0,0,0
3319,3,0,0,0,0,0,0,0,0,0,0,0,0,0,0,0,0,0,0,0,0,0,0,0,0,0,0,0,0,0,0,0,0,0,0,0,0,0,0,0,0,0,0,0,0,0,0,0,0,0,0,0,0,0,0,0,0,0,0,0,0,0,0,0,0
3320,3,0,0,0,0,0,0,0,0,0,0,0,0,0,0,0,0,0,0,0,0,0,0,0,0,0,0,0,0,0,0,0,0,0,0,0,0,0,0,0,0,0,0,0,0,0,0,0,0,0,0,0,0,0,0,0,0,0,0,0,0,0,0,0,0
3321,3,0,0,0,0,0,0,0,0,0,0,0,0,0,0,0,0,0,0,0,0,0,0,0,0,0,0,0,0,0,0,0,0,0,0,0,0,0,0,0,0,0,0,0,0,0,0,0,0,0,0,0,0,0,0,0,0,0,0,0,0,0,0,0,0
3322,3,0,0,0,0,0,0,0,0,0,0,0,0,0,0,0,0,0,0,0,0,0,0,0,0,0,0,0,0,0,0,0,0,0,0,0,0,0,0,0,0,0,0,0,0,0,0,0,0,0,0,0,0,0,0,0,0,0,0,0,0,0,0,0,0
3323,3,0,0,0,0,0,0,0,0,0,0,0,0,0,0,0,0,0,0,0,0,0,0,0,0,0,0,0,0,0,0,0,0,0,0,0,0,0,0,0,0,0,0,0,0,0,0,0,0,0,0,0,0,0,0,0,0,0,0,0,0,0,0,0,0
3324,3,0,0,0,0,0,0,0,0,0,0,0,0,0,0,0,0,0,0,0,0,0,0,0,0,0,0,0,0,0,0,0,0,0,0,0,0,0,0,0,0,0,0,0,0,0,0,0,0,0,0,0,0,0,0,0,0,0,0,0,0,0,0,0,0
3325,3,0,0,0,0,0,0,0,0,0,0,0,0,0,0,0,0,0,0,0,0,0,0,0,0,0,0,0,0,0,0,0,0,0,0,0,0,0,0,0,0,0,0,0,0,0,0,0,0,0,0,0,0,0,0,0,0,0,0,0,0,0,0,0,0
3326,3,0,0,0,0,0,0,0,0,0,0,0,0,0,0,0,0,0,0,0,0,0,0,0,0,0,0,0,0,0,0,0,0,0,0,0,0,0,0,0,0,0,0,0,0,0,0,0,0,0,0,0,0,0,0,0,0,0,0,0,0,0,0,0,0
3327,3,0,0,0,0,0,0,0,0,0,0,0,0,0,0,0,0,0,0,0,0,0,0,0,0,0,0,0,0,0,0,0,0,0,0,0,0,0,0,0,0,0,0,0,0,0,0,0,0,0,0,0,0,0,0,0,0,0,0,0,0,0,0,0,0
3328,3,0,0,0,0,0,0,0,0,0,0,0,0,0,0,0,0,0,0,0,0,0,0,0,0,0,0,0,0,0,0,0,0,0,0,0,0,0,0,0,0,0,0,0,0,0,0,0,0,0,0,0,0,0,0,0,0,0,0,0,0,0,0,0,0
3329,3,0,0,0,0,0,0,0,0,0,0,0,0,0,0,0,0,0,0,0,0,0,0,0,0,0,0,0,0,0,0,0,0,0,0,0,0,0,0,0,0,0,0,0,0,0,0,0,0,0,0,0,0,0,0,0,0,0,0,0,0,0,0,0,0
3330,3,0,0,0,0,0,0,0,0,0,0,0,0,0,0,0,0,0,0,0,0,0,0,0,0,0,0,0,0,0,0,0,0,0,0,0,0,0,0,0,0,0,0,0,0,0,0,0,0,0,0,0,0,0,0,0,0,0,0,0,0,0,0,0,0
3331,3,0,0,0,0,0,0,0,0,0,0,0,0,0,0,0,0,0,0,0,0,0,0,0,0,0,0,0,0,0,0,0,0,0,0,0,0,0,0,0,0,0,0,0,0,0,0,0,0,0,0,0,0,0,0,0,0,0,0,0,0,0,0,0,0
3332,3,0,0,0,0,0,0,0,0,0,0,0,0,0,0,0,0,0,0,0,0,0,0,0,0,0,0,0,0,0,0,0,0,0,0,0,0,0,0,0,0,0,0,0,0,0,0,0,0,0,0,0,0,0,0,0,0,0,0,0,0,0,0,0,0
3333,3,0,0,0,0,0,0,0,0,0,0,0,0,0,0,0,0,0,0,0,0,0,0,0,0,0,0,0,0,0,0,0,0,0,0,0,0,0,0,0,0,0,0,0,0,0,0,0,0,0,0,0,0,0,0,0,0,0,0,0,0,0,0,0,0
3334,3,0,0,0,0,0,0,0,0,0,0,0,0,0,0,0,0,0,0,0,0,0,0,0,0,0,0,0,0,0,0,0,0,0,0,0,0,0,0,0,0,0,0,0,0,0,0,0,0,0,0,0,0,0,0,0,0,0,0,0,0,0,0,0,0
3335,3,0,0,0,0,0,0,0,0,0,0,0,0,0,0,0,0,0,0,0,0,0,0,0,0,0,0,0,0,0,0,0,0,0,0,0,0,0,0,0,0,0,0,0,0,0,0,0,0,0,0,0,0,0,0,0,0,0,0,0,0,0,0,0,0
3336,3,0,0,0,0,0,0,0,0,0,0,0,0,0,0,0,0,0,0,0,0,0,0,0,0,0,0,0,0,0,0,0,0,0,0,0,0,0,0,0,0,0,0,0,0,0,0,0,0,0,0,0,0,0,0,0,0,0,0,0,0,0,0,0,0
3337,3,0,0,0,0,0,0,0,0,0,0,0,0,0,0,0,0,0,0,0,0,0,0,0,0,0,0,0,0,0,0,0,0,0,0,0,0,0,0,0,0,0,0,0,0,0,0,0,0,0,0,0,0,0,0,0,0,0,0,0,0,0,0,0,0
3338,3,0,0,0,0,0,0,0,0,0,0,0,0,0,0,0,0,0,0,0,0,0,0,0,0,0,0,0,0,0,0,0,0,0,0,0,0,0,0,0,0,0,0,0,0,0,0,0,0,0,0,0,0,0,0,0,0,0,0,0,0,0,0,0,0
3339,3,0,0,0,0,0,0,0,0,0,0,0,0,0,0,0,0,0,0,0,0,0,0,0,0,0,0,0,0,0,0,0,0,0,0,0,0,0,0,0,0,0,0,0,0,0,0,0,0,0,0,0,0,0,0,0,0,0,0,0,0,0,0,0,0
3340,3,0,0,0,0,0,0,0,0,0,0,0,0,0,0,0,0,0,0,0,0,0,0,0,0,0,0,0,0,0,0,0,0,0,0,0,0,0,0,0,0,0,0,0,0,0,0,0,0,0,0,0,0,0,0,0,0,0,0,0,0,0,0,0,0
3341,3,0,0,0,0,0,0,0,0,0,0,0,0,0,0,0,0,0,0,0,0,0,0,0,0,0,0,0,0,0,0,0,0,0,0,0,0,0,0,0,0,0,0,0,0,0,0,0,0,0,0,0,0,0,0,0,0,0,0,0,0,0,0,0,0
3342,3,0,0,0,0,0,0,0,0,0,0,0,0,0,0,0,0,0,0,0,0,0,0,0,0,0,0,0,0,0,0,0,0,0,0,0,0,0,0,0,0,0,0,0,0,0,0,0,0,0,0,0,0,0,0,0,0,0,0,0,0,0,0,0,0
3343,3,0,0,0,0,0,0,0,0,0,0,0,0,0,0,0,0,0,0,0,0,0,0,0,0,0,0,0,0,0,0,0,0,0,0,0,0,0,0,0,0,0,0,0,0,0,0,0,0,0,0,0,0,0,0,0,0,0,0,0,0,0,0,0,0
3344,3,0,0,0,0,0,0,0,0,0,0,0,0,0,0,0,0,0,0,0,0,0,0,0,0,0,0,0,0,0,0,0,0,0,0,0,0,0,0,0,0,0,0,0,0,0,0,0,0,0,0,0,0,0,0,0,0,0,0,0,0,0,0,0,0
3345,3,0,0,0,0,0,0,0,0,0,0,0,0,0,0,0,0,0,0,0,0,0,0,0,0,0,0,0,0,0,0,0,0,0,0,0,0,0,0,0,0,0,0,0,0,0,0,0,0,0,0,0,0,0,0,0,0,0,0,0,0,0,0,0,0
3346,3,0,0,0,0,0,0,0,0,0,0,0,0,0,0,0,0,0,0,0,0,0,0,0,0,0,0,0,0,0,0,0,0,0,0,0,0,0,0,0,0,0,0,0,0,0,0,0,0,0,0,0,0,0,0,0,0,0,0,0,0,0,0,0,0
3347,3,0,0,0,0,0,0,0,0,0,0,0,0,0,0,0,0,0,0,0,0,0,0,0,0,0,0,0,0,0,0,0,0,0,0,0,0,0,0,0,0,0,0,0,0,0,0,0,0,0,0,0,0,0,0,0,0,0,0,0,0,0,0,0,0
3348,3,0,0,0,0,0,0,0,0,0,0,0,0,0,0,0,0,0,0,0,0,0,0,0,0,0,0,0,0,0,0,0,0,0,0,0,0,0,0,0,0,0,0,0,0,0,0,0,0,0,0,0,0,0,0,0,0,0,0,0,0,0,0,0,0
3349,3,0,0,0,0,0,0,0,0,0,0,0,0,0,0,0,0,0,0,0,0,0,0,0,0,0,0,0,0,0,0,0,0,0,0,0,0,0,0,0,0,0,0,0,0,0,0,0,0,0,0,0,0,0,0,0,0,0,0,0,0,0,0,0,0
3350,3,0,0,0,0,0,0,0,0,0,0,0,0,0,0,0,0,0,0,0,0,0,0,0,0,0,0,0,0,0,0,0,0,0,0,0,0,0,0,0,0,0,0,0,0,0,0,0,0,0,0,0,0,0,0,0,0,0,0,0,0,0,0,0,0
3351,3,0,0,0,0,0,0,0,0,0,0,0,0,0,0,0,0,0,0,0,0,0,0,0,0,0,0,0,0,0,0,0,0,0,0,0,0,0,0,0,0,0,0,0,0,0,0,0,0,0,0,0,0,0,0,0,0,0,0,0,0,0,0,0,0
3352,3,0,0,0,0,0,0,0,0,0,0,0,0,0,0,0,0,0,0,0,0,0,0,0,0,0,0,0,0,0,0,0,0,0,0,0,0,0,0,0,0,0,0,0,0,0,0,0,0,0,0,0,0,0,0,0,0,0,0,0,0,0,0,0,0
3353,3,0,0,0,0,0,0,0,0,0,0,0,0,0,0,0,0,0,0,0,0,0,0,0,0,0,0,0,0,0,0,0,0,0,0,0,0,0,0,0,0,0,0,0,0,0,0,0,0,0,0,0,0,0,0,0,0,0,0,0,0,0,0,0,0
3354,3,0,0,0,0,0,0,0,0,0,0,0,0,0,0,0,0,0,0,0,0,0,0,0,0,0,0,0,0,0,0,0,0,0,0,0,0,0,0,0,0,0,0,0,0,0,0,0,0,0,0,0,0,0,0,0,0,0,0,0,0,0,0,0,0
3355,3,0,0,0,0,0,0,0,0,0,0,0,0,0,0,0,0,0,0,0,0,0,0,0,0,0,0,0,0,0,0,0,0,0,0,0,0,0,0,0,0,0,0,0,0,0,0,0,0,0,0,0,0,0,0,0,0,0,0,0,0,0,0,0,0
3356,3,0,0,0,0,0,0,0,0,0,0,0,0,0,0,0,0,0,0,0,0,0,0,0,0,0,0,0,0,0,0,0,0,0,0,0,0,0,0,0,0,0,0,0,0,0,0,0,0,0,0,0,0,0,0,0,0,0,0,0,0,0,0,0,0
3357,3,0,0,0,0,0,0,0,0,0,0,0,0,0,0,0,0,0,0,0,0,0,0,0,0,0,0,0,0,0,0,0,0,0,0,0,0,0,0,0,0,0,0,0,0,0,0,0,0,0,0,0,0,0,0,0,0,0,0,0,0,0,0,0,0
3358,3,0,0,0,0,0,0,0,0,0,0,0,0,0,0,0,0,0,0,0,0,0,0,0,0,0,0,0,0,0,0,0,0,0,0,0,0,0,0,0,0,0,0,0,0,0,0,0,0,0,0,0,0,0,0,0,0,0,0,0,0,0,0,0,0
3359,3,0,0,0,0,0,0,0,0,0,0,0,0,0,0,0,0,0,0,0,0,0,0,0,0,0,0,0,0,0,0,0,0,0,0,0,0,0,0,0,0,0,0,0,0,0,0,0,0,0,0,0,0,0,0,0,0,0,0,0,0,0,0,0,0
3360,4,0,0,0,0,0,0,0,0,0,0,0,0,0,0,0,0,0,0,0,0,0,0,0,0,0,0,0,0,0,0,0,0,0,0,0,0,0,0,0,0,0,0,0,0,0,0,0,0,0,0,0,0,0,0,0,0,0,0,0,0,0,0,0,0
3361,4,0,0,0,0,0,0,0,0,0,0,0,0,0,0,0,0,0,0,0,0,0,0,0,0,0,0,0,0,0,0,0,0,0,0,0,0,0,0,0,0,0,0,0,0,0,0,0,0,0,0,0,0,0,0,0,0,0,0,0,0,0,0,0,0
3362,4,0,0,0,0,0,0,0,0,0,0,0,0,0,0,0,0,0,0,0,0,0,0,0,0,0,0,0,0,0,0,0,0,0,0,0,0,0,0,0,0,0,0,0,0,0,0,0,0,0,0,0,0,0,0,0,0,0,0,0,0,0,0,0,0
3363,4,0,0,0,0,0,0,0,0,0,0,0,0,0,0,0,0,0,0,0,0,0,0,0,0,0,0,0,0,0,0,0,0,0,0,0,0,0,0,0,0,0,0,0,0,0,0,0,0,0,0,0,0,0,0,0,0,0,0,0,0,0,0,0,0
3364,4,0,0,0,0,0,0,0,0,0,0,0,0,0,0,0,0,0,0,0,0,0,0,0,0,0,0,0,0,0,0,0,0,0,0,0,0,0,0,0,0,0,0,0,0,0,0,0,0,0,0,0,0,0,0,0,0,0,0,0,0,0,0,0,0
3365,4,0,0,0,0,0,0,0,0,0,0,0,0,0,0,0,0,0,0,0,0,0,0,0,0,0,0,0,0,0,0,0,0,0,0,0,0,0,0,0,0,0,0,0,0,0,0,0,0,0,0,0,0,0,0,0,0,0,0,0,0,0,0,0,0
3366,4,-76,0,0,0,0,0,0,0,0,0,0,0,0,0,0,0,0,0,0,0,0,0,0,0,0,0,0,0,0,0,0,0,-17,0,0,0,0,0,0,0,0,0,0,0,0,0,0,0,0,0,0,0,0,0,0,0,0,0,0,0,0,0,0,0
3367,4,-76,0,0,0,0,0,0,0,0,0,0,0,0,0,0,0,0,0,0,0,0,0,0,0,0,0,0,0,0,0,0,0,-17,0,0,0,0,0,0,0,0,0,0,0,0,0,0,0,0,0,0,0,0,0,0,0,0,0,0,0,0,0,0,0
3368,4,-76,0,0,0,0,0,0,0,0,0,0,0,0,0,0,0,0,0,0,0,0,0,0,0,0,0,0,0,0,0,0,0,-17,0,0,0,0,0,0,0,0,0,0,0,0,0,0,0,0,0,0,0,0,0,0,0,0,0,0,0,0,0,0,0
3369,4,-33,-33,0,0,0,0,0,0,0,0,0,0,0,0,0,0,0,0,0,0,0,0,0,0,0,0,0,0,0,0,0,0,124,-17,0,0,0,0,0,0,0,0,0,0,0,0,0,0,0,0,0,0,0,0,0,0,0,0,0,0,0,0,0,0
3370,4,-33,-33,0,0,0,0,0,0,0,0,0,0,0,0,0,0,0,0,0,0,0,0,0,0,0,0,0,0,0,0,0,0,124,-17,0,0,0,0,0,0,0,0,0,0,0,0,0,0,0,0,0,0,0,0,0,0,0,0,0,0,0,0,0,0
3371,4,-33,-33,0,0,0,0,0,0,0,0,0,0,0,0,0,0,0,0,0,0,0,0,0,0,0,0,0,0,0,0,0,0,124,-17,0,0,0,0,0,0,0,0,0,0,0,0,0,0,0,0,0,0,0,0,0,0,0,0,0,0,0,0,0,0
3372,4,94,94,94,0,0,0,0,0,0,0,0,0,0,0,0,0,0,0,0,0,0,0,0,0,0,0,0,0,0,0,0,0,-45,44,-17,0,0,0,0,0,0,0,0,0,0,0,0,0,0,0,0,0,0,0,0,0,0,0,0,0,0,0,0,0
3373,4,94,94,94,0,0,0,0,0,0,0,0,0,0,0,0,0,0,0,0,0,0,0,0,0,0,0,0,0,0,0,0,0,-45,44,-17,0,0,0,0,0,0,0,0,0,0,0,0,0,0,0,0,0,0,0,0,0,0,0,0,0,0,0,0,0
3374,4,94,94,94,0,0,0,0,0,0,0,0,0,0,0,0,0,0,0,0,0,0,0,0,0,0,0,0,0,0,0,0,0,-45,44,-17,0,0,0,0,0,0,0,0,0,0,0,0,0,0,0,0,0,0,0,0,0,0,0,0,0,0,0,0,0
3375,4,-53,-27,-27,-27,0,0,0,0,0,0,0,0,0,0,0,0,0,0,0,0,0,0,0,0,0,0,0,0,0,0,0,0,-45,26,95,-17,0,0,0,0,0,0,0,0,0,0,0,0,0,0,0,0,0,0,0,0,0,0,0,0,0,0,0,0
3376,4,-53,-27,-27,-27,0,0,0,0,0,0,0,0,0,0,0,0,0,0,0,0,0,0,0,0,0,0,0,0,0,0,0,0,-45,26,95,-17,0,0,0,0,0,0,0,0,0,0,0,0,0,0,0,0,0,0,0,0,0,0,0,0,0,0,0,0
3377,4,-53,-27,-27,-27,0,0,0,0,0,0,0,0,0,0,0,0,0,0,0,0,0,0,0,0,0,0,0,0,0,0,0,0,-45,26,95,-17,0,0,0,0,0,0,0,0,0,0,0,0,0,0,0,0,0,0,0,0,0,0,0,0,0,0,0,0
3378,4,59,59,-76,-76,-76,0,0,0,0,0,0,0,0,0,0,0,0,0,0,0,0,0,0,0,0,0,0,0,0,0,0,0,-32,56,68,-104,-17,0,0,0,0,0,0,0,0,0,0,0,0,0,0,0,0,0,0,0,0,0,0,0,0,0,0,0
3379,4,59,59,-76,-76,-76,0,0,0,0,0,0,0,0,0,0,0,0,0,0,0,0,0,0,0,0,0,0,0,0,0,0,0,-32,56,68,-104,-17,0,0,0,0,0,0,0,0,0,0,0,0,0,0,0,0,0,0,0,0,0,0,0,0,0,0,0
3380,4,59,59,-76,-76,-76,0,0,0,0,0,0,0,0,0,0,0,0,0,0,0,0,0,0,0,0,0,0,0,0,0,0,0,-32,56,68,-104,-17,0,0,0,0,0,0,0,0,0,0,0,0,0,0,0,0,0,0,0,0,0,0,0,0,0,0,0
3381,4,-4,-4,-4,16,16,16,0,0,0,0,0,0,0,0,0,0,0,0,0,0,0,0,0,0,0,0,0,0,0,0,0,0,7,-55,-61,83,-3,-17,0,0,0,0,0,0,0,0,0,0,0,0,0,0,0,0,0,0,0,0,0,0,0,0,0,0
3382,4,-4,-4,-4,16,16,16,0,0,0,0,0,0,0,0,0,0,0,0,0,0,0,0,0,0,0,0,0,0,0,0,0,0,7,-55,-61,83,-3,-17,0,0,0,0,0,0,0,0,0,0,0,0,0,0,0,0,0,0,0,0,0,0,0,0,0,0
3383,4,-4,-4,-4,16,16,16,0,0,0,0,0,0,0,0,0,0,0,0,0,0,0,0,0,0,0,0,0,0,0,0,0,0,7,-55,-61,83,-3,-17,0,0,0,0,0,0,0,0,0,0,0,0,0,0,0,0,0,0,0,0,0,0,0,0,0,0
3384,4,89,83,83,83,75,75,75,0,0,0,0,0,0,0,0,0,0,0,0,0,0,0,0,0,0,0,0,0,0,0,0,0,-118,-1,-33,-68,110,12,-17,0,0,0,0,0,0,0,0,0,0,0,0,0,0,0,0,0,0,0,0,0,0,0,0,0
3385,4,89,83,83,83,75,75,75,0,0,0,0,0,0,0,0,0,0,0,0,0,0,0,0,0,0,0,0,0,0,0,0,0,-118,-1,-33,-68,110,12,-17,0,0,0,0,0,0,0,0,0,0,0,0,0,0,0,0,0,0,0,0,0,0,0,0,0
3386,4,89,83,83,83,75,75,75,0,0,0,0,0,0,0,0,0,0,0,0,0,0,0,0,0,0,0,0,0,0,0,0,0,-118,-1,-33,-68,110,12,-17,0,0,0,0,0,0,0,0,0,0,0,0,0,0,0,0,0,0,0,0,0,0,0,0,0
3387,4,-115,-115,102,102,102,43,43,43,0,0,0,0,0,0,0,0,0,0,0,0,0,0,0,0,0,0,0,0,0,0,0,0,123,-71,-75,-9,89,111,120,-17,0,0,0,0,0,0,0,0,0,0,0,0,0,0,0,0,0,0,0,0,0,0,0,0
3388,4,-115,-115,102,102,102,43,43,43,0,0,0,0,0,0,0,0,0,0,0,0,0,0,0,0,0,0,0,0,0,0,0,0,123,-71,-75,-9,89,111,120,-17,0,0,0,0,0,0,0,0,0,0,0,0,0,0,0,0,0,0,0,0,0,0,0,0
3389,4,-115,-115,102,102,102,43,43,43,0,0,0,0,0,0,0,0,0,0,0,0,0,0,0,0,0,0,0,0,0,0,0,0,123,-71,-75,-9,89,111,120,-17,0,0,0,0,0,0,0,0,0,0,0,0,0,0,0,0,0,0,0,0,0,0,0,0
3390,4,-118,-118,-118,75,75,75,53,53,-76,0,0,0,0,0,0,0,0,0,0,0,0,0,0,0,0,0,0,0,0,0,0,0,-123,-127,46,-104,62,-52,104,-30,-17,0,0,0,0,0,0,0,0,0,0,0,0,0,0,0,0,0,0,0,0,0,0,0
3391,4,-118,-118,-118,75,75,75,53,53,-76,0,0,0,0,0,0,0,0,0,0,0,0,0,0,0,0,0,0,0,0,0,0,0,-123,-127,46,-104,62,-52,104,-30,-17,0,0,0,0,0,0,0,0,0,0,0,0,0,0,0,0,0,0,0,0,0,0,0
3392,4,-118,-118,-118,75,75,75,53,53,-76,0,0,0,0,0,0,0,0,0,0,0,0,0,0,0,0,0,0,0,0,0,0,0,-123,-127,46,-104,62,-52,104,-30,-17,0,0,0,0,0,0,0,0,0,0,0,0,0,0,0,0,0,0,0,0,0,0,0
3393,4,42,83,83,83,-77,-77,-77,-104,-33,-76,0,0,0,0,0,0,0,0,0,0,0,0,0,0,0,0,0,0,0,0,0,0,18,-33,-66,-7,107,4,-11,-123,-8,-17,0,0,0,0,0,0,0,0,0,0,0,0,0,0,0,0,0,0,0,0,0,0
3394,4,42,83,83,83,-77,-77,-77,-104,-33,-76,0,0,0,0,0,0,0,0,0,0,0,0,0,0,0,0,0,0,0,0,0,0,18,-33,-66,-7,107,4,-11,-123,-8,-17,0,0,0,0,0,0,0,0,0,0,0,0,0,0,0,0,0,0,0,0,0,0
3395,4,42,83,83,83,-77,-77,-77,-104,-33,-76,0,0,0,0,0,0,0,0,0,0,0,0,0,0,0,0,0,0,0,0,0,0,18,-33,-66,-7,107,4,-11,-123,-8,-17,0,0,0,0,0,0,0,0,0,0,0,0,0,0,0,0,0,0,0,0,0,0
3396,4,-116,-116,29,29,29,-53,-53,-53,94,-33,-76,0,0,0,0,0,0,0,0,0,0,0,0,0,0,0,0,0,0,0,0,0,-39,-90,-101,25,-8,-15,121,92,5,88,-17,0,0,0,0,0,0,0,0,0,0,0,0,0,0,0,0,0,0,0,0,0
3397,4,-116,-116,29,29,29,-53,-53,-53,94,-33,-76,0,0,0,0,0,0,0,0,0,0,0,0,0,0,0,0,0,0,0,0,0,-39,-90,-101,25,-8,-15,121,92,5,88,-17,0,0,0,0,0,0,0,0,0,0,0,0,0,0,0,0,0,0,0,0,0
3398,4,-116,-116,29,29,29,-53,-53,-53,94,-33,-76,0,0,0,0,0,0,0,0,0,0,0,0,0,0,0,0,0,0,0,0,0,-39,-90,-101,25,-8,-15,121,92,5,88,-17,0,0,0,0,0,0,0,0,0,0,0,0,0,0,0,0,0,0,0,0,0
3399,4,-101,-101,-101,14,14,14,13,13,-53,94,-33,-76,0,0,0,0,0,0,0,0,0,0,0,0,0,0,0,0,0,0,0,0,108,-88,95,63,4,-111,-70,-68,88,-110,-16,-17,0,0,0,0,0,0,0,0,0,0,0,0,0,0,0,0,0,0,0,0
3400,4,-101,-101,-101,14,14,14,13,13,-53,94,-33,-76,0,0,0,0,0,0,0,0,0,0,0,0,0,0,0,0,0,0,0,0,108,-88,95,63,4,-111,-70,-68,88,-110,-16,-17,0,0,0,0,0,0,0,0,0,0,0,0,0,0,0,0,0,0,0,0
3401,4,-101,-101,-101,14,14,14,13,13,-53,94,-33,-76,0,0,0,0,0,0,0,0,0,0,0,0,0,0,0,0,0,0,0,0,108,-88,95,63,4,-111,-70,-68,88,-110,-16,-17,0,0,0,0,0,0,0,0,0,0,0,0,0,0,0,0,0,0,0,0
3402,4,49,-77,-77,-77,-86,-86,-86,38,59,-53,94,-33,-76,0,0,0,0,0,0,0,0,0,0,0,0,0,0,0,0,0,0,0,126,125,-124,1,-92,65,27,101,96,57,108,78,-17,0,0,0,0,0,0,0,0,0,0,0,0,0,0,0,0,0,0,0
3403,4,49,-77,-77,-77,-86,-86,-86,38,59,-53,94,-33,-76,0,0,0,0,0,0,0,0,0,0,0,0,0,0,0,0,0,0,0,126,125,-124,1,-92,65,27,101,96,57,108,78,-17,0,0,0,0,0,0,0,0,0,0,0,0,0,0,0,0,0,0,0
3404,4,49,-77,-77,-77,-86,-86,-86,38,59,-53,94,-33,-76,0,0,0,0,0,0,0,0,0,0,0,0,0,0,0,0,0,0,0,126,125,-124,1,-92,65,27,101,96,57,108,78,-17,0,0,0,0,0,0,0,0,0,0,0,0,0,0,0,0,0,0,0
3405,4,99,99,-26,-26,-26,43,43,43,-4,59,-53,94,-33,-76,0,0,0,0,0,0,0,0,0,0,0,0,0,0,0,0,0,0,-116,60,-104,87,47,-29,102,77,-61,-76,-68,126,93,-17,0,0,0,0,0,0,0,0,0,0,0,0,0,0,0,0,0,0
3406,4,99,99,-26,-26,-26,43,43,43,-4,59,-53,94,-33,-76,0,0,0,0,0,0,0,0,0,0,0,0,0,0,0,0,0,0,-116,60,-104,87,47,-29,102,77,-61,-76,-68,126,93,-17,0,0,0,0,0,0,0,0,0,0,0,0,0,0,0,0,0,0
3407,4,99,99,-26,-26,-26,43,43,43,-4,59,-53,94,-33,-76,0,0,0,0,0,0,0,0,0,0,0,0,0,0,0,0,0,0,-116,60,-104,87,47,-29,102,77,-61,-76,-68,126,93,-17,0,0,0,0,0,0,0,0,0,0,0,0,0,0,0,0,0,0
3408,4,87,87,87,-50,-50,-50,-1,-1,89,-4,59,-53,94,-33,-76,0,0,0,0,0,0,0,0,0,0,0,0,0,0,0,0,0,-5,-118,-96,18,-43,-117,26,-69,97,-75,-92,-74,42,97,-17,0,0,0,0,0,0,0,0,0,0,0,0,0,0,0,0,0
3409,4,87,87,87,-50,-50,-50,-1,-1,89,-4,59,-53,94,-33,-76,0,0,0,0,0,0,0,0,0,0,0,0,0,0,0,0,0,-5,-118,-96,18,-43,-117,26,-69,97,-75,-92,-74,42,97,-17,0,0,0,0,0,0,0,0,0,0,0,0,0,0,0,0,0
3410,4,87,87,87,-50,-50,-50,-1,-1,89,-4,59,-53,94,-33,-76,0,0,0,0,0,0,0,0,0,0,0,0,0,0,0,0,0,-5,-118,-96,18,-43,-117,26,-69,97,-75,-92,-74,42,97,-17,0,0,0,0,0,0,0,0,0,0,0,0,0,0,0,0,0
3411,4,-26,-21,-21,-21,2,2,2,-82,-115,89,-4,59,-53,94,-33,-76,0,0,0,0,0,0,0,0,0,0,0,0,0,0,0,0,6,-116,75,73,-13,120,-39,112,-69,34,-5,78,79,-39,-87,-17,0,0,0,0,0,0,0,0,0,0,0,0,0,0,0,0
3412,4,-26,-21,-21,-21,2,2,2,-82,-115,89,-4,59,-53,94,-33,-76,0,0,0,0,0,0,0,0,0,0,0,0,0,0,0,0,6,-116,75,73,-13,120,-39,112,-69,34,-5,78,79,-39,-87,-17,0,0,0,0,0,0,0,0,0,0,0,0,0,0,0,0
3413,4,-26,-21,-21,-21,2,2,2,-82,-115,89,-4,59,-53,94,-33,-76,0,0,0,0,0,0,0,0,0,0,0,0,0,0,0,0,6,-116,75,73,-13,120,-39,112,-69,34,-5,78,79,-39,-87,-17,0,0,0,0,0,0,0,0,0,0,0,0,0,0,0,0
3414,4,88,88,-52,-52,-52,-88,-88,-88,-118,-115,89,-4,59,-53,94,-33,-76,0,0,0,0,0,0,0,0,0,0,0,0,0,0,0,-120,50,-50,70,-85,48,-27,-15,-18,-82,98,26,16,-96,94,29,-17,0,0,0,0,0,0,0,0,0,0,0,0,0,0,0
3415,4,88,88,-52,-52,-52,-88,-88,-88,-118,-115,89,-4,59,-53,94,-33,-76,0,0,0,0,0,0,0,0,0,0,0,0,0,0,0,-120,50,-50,70,-85,48,-27,-15,-18,-82,98,26,16,-96,94,29,-17,0,0,0,0,0,0,0,0,0,0,0,0,0,0,0
3416,4,88,88,-52,-52,-52,-88,-88,-88,-118,-115,89,-4,59,-53,94,-33,-76,0,0,0,0,0,0,0,0,0,0,0,0,0,0,0,-120,50,-50,70,-85,48,-27,-15,-18,-82,98,26,16,-96,94,29,-17,0,0,0,0,0,0,0,0,0,0,0,0,0,0,0
3417,4,-16,-16,-16,-81,-81,-81,-4,-4,42,-118,-115,89,-4,59,-53,94,-33,-76,0,0,0,0,0,0,0,0,0,0,0,0,0,0,110,-126,-122,18,49,40,109,-58,-100,-55,-66,-69,-4,-88,-96,79,27,-17,0,0,0,0,0,0,0,0,0,0,0,0,0,0
3418,4,-16,-16,-16,-81,-81,-81,-4,-4,42,-118,-115,89,-4,59,-53,94,-33,-76,0,0,0,0,0,0,0,0,0,0,0,0,0,0,110,-126,-122,18,49,40,109,-58,-100,-55,-66,-69,-4,-88,-96,79,27,-17,0,0,0,0,0,0,0,0,0,0,0,0,0,0
3419,4,-16,-16,-16,-81,-81,-81,-4,-4,42,-118,-115,89,-4,59,-53,94,-33,-76,0,0,0,0,0,0,0,0,0,0,0,0,0,0,110,-126,-122,18,49,40,109,-58,-100,-55,-66,-69,-4,-88,-96,79,27,-17,0,0,0,0,0,0,0,0,0,0,0,0,0,0
3420,4,53,62,62,62,91,91,91,-122,-116,42,-118,-115,89,-4,59,-53,94,-33,-76,0,0,0,0,0,0,0,0,0,0,0,0,0,-118,43,85,-37,-108,62,5,-58,64,-21,97,-58,101,-54,18,-61,87,-63,-17,0,0,0,0,0,0,0,0,0,0,0,0,0
3421,4,53,62,62,62,91,91,91,-122,-116,42,-118,-115,89,-4,59,-53,94,-33,-76,0,0,0,0,0,0,0,0,0,0,0,0,0,-118,43,85,-37,-108,62,5,-58,64,-21,97,-58,101,-54,18,-61,87,-63,-17,0,0,0,0,0,0,0,0,0,0,0,0,0
3422,4,53,62,62,62,91,91,91,-122,-116,42,-118,-115,89,-4,59,-53,94,-33,-76,0,0,0,0,0,0,0,0,0,0,0,0,0,-118,43,85,-37,-108,62,5,-58,64,-21,97,-58,101,-54,18,-61,87,-63,-17,0,0,0,0,0,0,0,0,0,0,0,0,0
3423,4,77,77,-96,-96,-96,70,70,70,-101,-116,42,-118,-115,89,-4,59,-53,94,-33,-76,0,0,0,0,0,0,0,0,0,0,0,0,-9,-5,-119,-115,-114,-115,50,-40,76,-26,-49,126,-32,-93,124,113,-106,71,-97,-17,0,0,0,0,0,0,0,0,0,0,0,0
3424,4,77,77,-96,-96,-96,70,70,70,-101,-116,42,-118,-115,89,-4,59,-53,94,-33,-76,0,0,0,0,0,0,0,0,0,0,0,0,-9,-5,-119,-115,-114,-115,50,-40,76,-26,-49,126,-32,-93,124,113,-106,71,-97,-17,0,0,0,0,0,0,0,0,0,0,0,0
3425,4,77,77,-96,-96,-96,70,70,70,-101,-116,42,-118,-115,89,-4,59,-53,94,-33,-76,0,0,0,0,0,0,0,0,0,0,0,0,-9,-5,-119,-115,-114,-115,50,-40,76,-26,-49,126,-32,-93,124,113,-106,71,-97,-17,0,0,0,0,0,0,0,0,0,0,0,0
3426,4,-100,-100,-100,-37,-37,-37,26,26,49,-101,-116,42,-118,-115,89,-4,59,-53,94,-33,-76,0,0,0,0,0,0,0,0,0,0,0,1,-100,40,119,-33,-18,63,15,-59,-37,-70,115,-65,-84,-75,-77,29,-88,-73,-82,-17,0,0,0,0,0,0,0,0,0,0,0
3427,4,-100,-100,-100,-37,-37,-37,26,26,49,-101,-116,42,-118,-115,89,-4,59,-53,94,-33,-76,0,0,0,0,0,0,0,0,0,0,0,1,-100,40,119,-33,-18,63,15,-59,-37,-70,115,-65,-84,-75,-77,29,-88,-73,-82,-17,0,0,0,0,0,0,0,0,0,0,0
3428,4,-100,-100,-100,-37,-37,-37,26,26,49,-101,-116,42,-118,-115,89,-4,59,-53,94,-33,-76,0,0,0,0,0,0,0,0,0,0,0,1,-100,40,119,-33,-18,63,15,-59,-37,-70,115,-65,-84,-75,-77,29,-88,-73,-82,-17,0,0,0,0,0,0,0,0,0,0,0
3429,4,120,-72,-72,-72,-90,-90,-90,55,99,49,-101,-116,42,-118,-115,89,-4,59,-53,94,-33,-76,0,0,0,0,0,0,0,0,0,0,-64,126,-8,-72,15,-5,67,82,-102,-114,-1,37,119,-101,95,-78,-28,17,-12,-70,-102,-17,0,0,0,0,0,0,0,0,0,0
3430,4,120,-72,-72,-72,-90,-90,-90,55,99,49,-101,-116,42,-118,-115,89,-4,59,-53,94,-33,-76,0,0,0,0,0,0,0,0,0,0,-64,126,-8,-72,15,-5,67,82,-102,-114,-1,37,119,-101,95,-78,-28,17,-12,-70,-102,-17,0,0,0,0,0,0,0,0,0,0
3431,4,120,-72,-72,-72,-90,-90,-90,55,99,49,-101,-116,42,-118,-115,89,-4,59,-53,94,-33,-76,0,0,0,0,0,0,0,0,0,0,-64,126,-8,-72,15,-5,67,82,-102,-114,-1,37,119,-101,95,-78,-28,17,-12,-70,-102,-17,0,0,0,0,0,0,0,0,0,0
3432,4,55,55,107,107,107,83,83,83,87,99,49,-101,-116,42,-118,-115,89,-4,59,-53,94,-33,-76,0,0,0,0,0,0,0,0,0,66,10,-69,-65,87,3,50,-7,110,27,-21,-17,91,-116,9,65,37,76,-48,44,-124,-26,-17,0,0,0,0,0,0,0,0,0
3433,4,55,55,107,107,107,83,83,83,87,99,49,-101,-116,42,-118,-115,89,-4,59,-53,94,-33,-76,0,0,0,0,0,0,0,0,0,66,10,-69,-65,87,3,50,-7,110,27,-21,-17,91,-116,9,65,37,76,-48,44,-124,-26,-17,0,0,0,0,0,0,0,0,0
3434,4,55,55,107,107,107,83,83,83,87,99,49,-101,-116,42,-118,-115,89,-4,59,-53,94,-33,-76,0,0,0,0,0,0,0,0,0,66,10,-69,-65,87,3,50,-7,110,27,-21,-17,91,-116,9,65,37,76,-48,44,-124,-26,-17,0,0,0,0,0,0,0,0,0
3435,4,100,100,100,-15,-15,-15,102,102,-26,87,99,49,-101,-116,42,-118,-115,89,-4,59,-53,94,-33,-76,0,0,0,0,0,0,0,0,108,64,-108,-106,-54,-17,-73,92,41,23,66,-11,58,-105,-104,-15,115,-83,-97,-35,63,40,-103,-17,0,0,0,0,0,0,0,0
3436,4,100,100,100,-15,-15,-15,102,102,-26,87,99,49,-101,-116,42,-118,-115,89,-4,59,-53,94,-33,-76,0,0,0,0,0,0,0,0,108,64,-108,-106,-54,-17,-73,92,41,23,66,-11,58,-105,-104,-15,115,-83,-97,-35,63,40,-103,-17,0,0,0,0,0,0,0,0
3437,4,100,100,100,-15,-15,-15,102,102,-26,87,99,49,-101,-116,42,-118,-115,89,-4,59,-53,94,-33,-76,0,0,0,0,0,0,0,0,108,64,-108,-106,-54,-17,-73,92,41,23,66,-11,58,-105,-104,-15,115,-83,-97,-35,63,40,-103,-17,0,0,0,0,0,0,0,0
3438,4,-73,-19,-19,-19,-82,-82,-82,30,88,-26,87,99,49,-101,-116,42,-118,-115,89,-4,59,-53,94,-33,-76,0,0,0,0,0,0,0,94,-24,109,18,50,81,60,103,-5,114,-80,66,65,116,95,-5,-19,-48,111,120,40,79,-13,-87,-17,0,0,0,0,0,0,0
3439,4,-73,-19,-19,-19,-82,-82,-82,30,88,-26,87,99,49,-101,-116,42,-118,-115,89,-4,59,-53,94,-33,-76,0,0,0,0,0,0,0,94,-24,109,18,50,81,60,103,-5,114,-80,66,65,116,95,-5,-19,-48,111,120,40,79,-13,-87,-17,0,0,0,0,0,0,0
3440,4,-73,-19,-19,-19,-82,-82,-82,30,88,-26,87,99,49,-101,-116,42,-118,-115,89,-4,59,-53,94,-33,-76,0,0,0,0,0,0,0,94,-24,109,18,50,81,60,103,-5,114,-80,66,65,116,95,-5,-19,-48,111,120,40,79,-13,-87,-17,0,0,0,0,0,0,0
3441,4,-99,-99,-43,-43,-43,70,70,70,-16,88,-26,87,99,49,-101,-116,42,-118,-115,89,-4,59,-53,94,-33,-76,0,0,0,0,0,0,126,22,42,-81,-65,-88,-58,-8,-93,-36,-16,97,-111,107,35,-87,115,80,-73,4,121,99,6,-43,-118,-17,0,0,0,0,0,0
3442,4,-99,-99,-43,-43,-43,70,70,70,-16,88,-26,87,99,49,-101,-116,42,-118,-115,89,-4,59,-53,94,-33,-76,0,0,0,0,0,0,126,22,42,-81,-65,-88,-58,-8,-93,-36,-16,97,-111,107,35,-87,115,80,-73,4,121,99,6,-43,-118,-17,0,0,0,0,0,0
3443,4,-99,-99,-43,-43,-43,70,70,70,-16,88,-26,87,99,49,-101,-116,42,-118,-115,89,-4,59,-53,94,-33,-76,0,0,0,0,0,0,126,22,42,-81,-65,-88,-58,-8,-93,-36,-16,97,-111,107,35,-87,115,80,-73,4,121,99,6,-43,-118,-17,0,0,0,0,0,0
3444,4,14,14,14,27,27,27,-107,-107,53,-16,88,-26,87,99,49,-101,-116,42,-118,-115,89,-4,59,-53,94,-33,-76,0,0,0,0,0,99,-117,84,-24,11,-19,52,-36,123,-49,12,25,12,-101,-109,98,-17,-112,76,79,-127,-68,-16,61,-92,64,-17,0,0,0,0,0
3445,4,14,14,14,27,27,27,-107,-107,53,-16,88,-26,87,99,49,-101,-116,42,-118,-115,89,-4,59,-53,94,-33,-76,0,0,0,0,0,99,-117,84,-24,11,-19,52,-36,123,-49,12,25,12,-101,-109,98,-17,-112,76,79,-127,-68,-16,61,-92,64,-17,0,0,0,0,0
3446,4,14,14,14,27,27,27,-107,-107,53,-16,88,-26,87,99,49,-101,-116,42,-118,-115,89,-4,59,-53,94,-33,-76,0,0,0,0,0,99,-117,84,-24,11,-19,52,-36,123,-49,12,25,12,-101,-109,98,-17,-112,76,79,-127,-68,-16,61,-92,64,-17,0,0,0,0,0
3447,4,-120,90,90,90,67,67,67,34,77,53,-16,88,-26,87,99,49,-101,-116,42,-118,-115,89,-4,59,-53,94,-33,-76,0,0,0,0,-109,-93,25,124,-56,83,50,-106,116,63,-41,71,116,48,-49,82,-52,-99,35,-104,127,30,-103,-56,-49,-57,9,-17,0,0,0,0
3448,4,-120,90,90,90,67,67,67,34,77,53,-16,88,-26,87,99,49,-101,-116,42,-118,-115,89,-4,59,-53,94,-33,-76,0,0,0,0,-109,-93,25,124,-56,83,50,-106,116,63,-41,71,116,48,-49,82,-52,-99,35,-104,127,30,-103,-56,-49,-57,9,-17,0,0,0,0
3449,4,-120,90,90,90,67,67,67,34,77,53,-16,88,-26,87,99,49,-101,-116,42,-118,-115,89,-4,59,-53,94,-33,-76,0,0,0,0,-109,-93,25,124,-56,83,50,-106,116,63,-41,71,116,48,-49,82,-52,-99,35,-104,127,30,-103,-56,-49,-57,9,-17,0,0,0,0
3450,4,-70,-70,59,59,59,-66,-66,-66,-100,77,53,-16,88,-26,87,99,49,-101,-116,42,-118,-115,89,-4,59,-53,94,-33,-76,0,0,0,19,-64,2,15,-118,120,67,32,-21,14,32,-107,32,66,-77,20,16,28,-61,111,52,-1,-63,-111,119,-8,21,103,-17,0,0,0
3451,4,-70,-70,59,59,59,-66,-66,-66,-100,77,53,-16,88,-26,87,99,49,-101,-116,42,-118,-115,89,-4,59,-53,94,-33,-76,0,0,0,19,-64,2,15,-118,120,67,32,-21,14,32,-107,32,66,-77,20,16,28,-61,111,52,-1,-63,-111,119,-8,21,103,-17,0,0,0
3452,4,-70,-70,59,59,59,-66,-66,-66,-100,77,53,-16,88,-26,87,99,49,-101,-116,42,-118,-115,89,-4,59,-53,94,-33,-76,0,0,0,19,-64,2,15,-118,120,67,32,-21,14,32,-107,32,66,-77,20,16,28,-61,111,52,-1,-63,-111,119,-8,21,103,-17,0,0,0
3453,4,84,84,84,-27,-27,-27,-70,-70,120,-100,77,53,-16,88,-26,87,99,49,-101,-116,42,-118,-115,89,-4,59,-53,94,-33,-76,0,0,55,-107,55,60,-57,43,-24,24,-4,70,63,99,-95,-95,40,72,-79,114,-99,-99,103,75,107,-81,121,24,86,-59,12,-17,0,0
3454,4,84,84,84,-27,-27,-27,-70,-70,120,-100,77,53,-16,88,-26,87,99,49,-101,-116,42,-118,-115,89,-4,59,-53,94,-33,-76,0,0,55,-107,55,60,-57,43,-24,24,-4,70,63,99,-95,-95,40,72,-79,114,-99,-99,103,75,107,-81,121,24,86,-59,12,-17,0,0
3455,4,84,84,84,-27,-27,-27,-70,-70,120,-100,77,53,-16,88,-26,87,99,49,-101,-116,42,-118,-115,89,-4,59,-53,94,-33,-76,0,0,55,-107,55,60,-57,43,-24,24,-4,70,63,99,-95,-95,40,72,-79,114,-99,-99,103,75,107,-81,121,24,86,-59,12,-17,0,0
3456,4,0,86,86,86,39,39,39,-79,55,120,-100,77,53,-16,88,-26,87,99,49,-101,-116,42,-118,-115,89,-4,59,-53,94,-33,-76,0,-25,76,118,47,-68,116,53,72,-64,-21,21,-6,-62,96,-103,-84,-33,90,81,-55,-101,35,-61,77,5,73,19,117,-71,-89,-17,0
3457,4,0,86,86,86,39,39,39,-79,55,120,-100,77,53,-16,88,-26,87,99,49,-101,-116,42,-118,-115,89,-4,59,-53,94,-33,-76,0,-25,76,118,47,-68,116,53,72,-64,-21,21,-6,-62,96,-103,-84,-33,90,81,-55,-101,35,-61,77,5,73,19,117,-71,-89,-17,0
3458,4,0,86,86,86,39,39,39,-79,55,120,-100,77,53,-16,88,-26,87,99,49,-101,-116,42,-118,-115,89,-4,59,-53,94,-33,-76,0,-25,76,118,47,-68,116,53,72,-64,-21,21,-6,-62,96,-103,-84,-33,90,81,-55,-101,35,-61,77,5,73,19,117,-71,-89,-17,0
3459,4,110,110,124,124,124,101,101,101,100,55,120,-100,77,53,-16,88,-26,87,99,49,-101,-116,42,-118,-115,89,-4,59,-53,94,-33,-76,-119,86,16,14,-57,-90,34,26,-67,-81,8,108,-25,-95,-87,64,15,105,-123,-61,71,99,-119,81,101,-35,-55,-46,-88,15,113,-17
3460,4,110,110,124,124,124,101,101,101,100,55,120,-100,77,53,-16,88,-26,87,99,49,-101,-116,42,-118,-115,89,-4,59,-53,94,-33,-76,-119,86,16,14,-57,-90,34,26,-67,-81,8,108,-25,-95,-87,64,15,105,-123,-61,71,99,-119,81,101,-35,-55,-46,-88,15,113,-17
3461,4,110,110,124,124,124,101,101,101,100,55,120,-100,77,53,-16,88,-26,87,99,49,-101,-116,42,-118,-115,89,-4,59,-53,94,-33,-76,-119,86,16,14,-57,-90,34,26,-67,-81,8,108,-25,-95,-87,64,15,105,-123,-61,71,99,-119,81,101,-35,-55,-46,-88,15,113,-17
3462,4,-30,-30,-30,-64,-64,-64,-113,-113,-73,100,55,120,-100,77,53,-16,88,-26,87,99,49,-101,-116,42,-118,-115,89,-4,59,-53,94,-33,19,122,-6,-13,21,-114,44,7,6,113,-49,22,-12,-66,12,107,23,111,-54,96,-32,-123,34,1,98,-99,-20,-78,-91,27,-30,11
3463,4,-30,-30,-30,-64,-64,-64,-113,-113,-73,100,55,120,-100,77,53,-16,88,-26,87,99,49,-101,-116,42,-118,-115,89,-4,59,-53,94,-33,19,122,-6,-13,21,-114,44,7,6,113,-49,22,-12,-66,12,107,23,111,-54,96,-32,-123,34,1,98,-99,-20,-78,-91,27,-30,11
3464,4,-30,-30,-30,-64,-64,-64,-113,-113,-73,100,55,120,-100,77,53,-16,88,-26,87,99,49,-101,-116,42,-118,-115,89,-4,59,-53,94,-33,19,122,-6,-13,21,-114,44,7,6,113,-49,22,-12,-66,12,107,23,111,-54,96,-32,-123,34,1,98,-99,-20,-78,-91,27,-30,11
3465,4,80,62,62,62,-55,-55,-55,-95,-99,-73,100,55,120,-100,77,53,-16,88,-26,87,99,49,-101,-116,42,-118,-115,89,-4,59,-53,94,-81,-101,95,-13,40,82,67,110,-17,61,50,75,-46,-94,113,30,12,52,116,72,-116,-92,35,-74,-112,-34,80,86,-8,-72,-75,-22
3466,4,80,62,62,62,-55,-55,-55,-95,-99,-73,100,55,120,-100,77,53,-16,88,-26,87,99,49,-101,-116,42,-118,-115,89,-4,59,-53,94,-81,-101,95,-13,40,82,67,110,-17,61,50,75,-46,-94,113,30,12,52,116,72,-116,-92,35,-74,-112,-34,80,86,-8,-72,-75,-22
3467,4,80,62,62,62,-55,-55,-55,-95,-99,-73,100,55,120,-100,77,53,-16,88,-26,87,99,49,-101,-116,42,-118,-115,89,-4,59,-53,94,-81,-101,95,-13,40,82,67,110,-17,61,50,75,-46,-94,113,30,12,52,116,72,-116,-92,35,-74,-112,-34,80,86,-8,-72,-75,-22
3468,4,43,43,1,1,1,-93,-93,-93,14,-99,-73,100,55,120,-100,77,53,-16,88,-26,87,99,49,-101,-116,42,-118,-115,89,-4,59,-53,-49,29,120,-56,-120,71,-54,45,91,-65,-104,-126,-17,18,99,61,78,26,11,-56,-91,32,-23,-50,-44,90,-36,7,33,122,47,-56
3469,4,43,43,1,1,1,-93,-93,-93,14,-99,-73,100,55,120,-100,77,53,-16,88,-26,87,99,49,-101,-116,42,-118,-115,89,-4,59,-53,-49,29,120,-56,-120,71,-54,45,91,-65,-104,-126,-17,18,99,61,78,26,11,-56,-91,32,-23,-50,-44,90,-36,7,33,122,47,-56
3470,4,43,43,1,1,1,-93,-93,-93,14,-99,-73,100,55,120,-100,77,53,-16,88,-26,87,99,49,-101,-116,42,-118,-115,89,-4,59,-53,-49,29,120,-56,-120,71,-54,45,91,-65,-104,-126,-17,18,99,61,78,26,11,-56,-91,32,-23,-50,-44,90,-36,7,33,122,47,-56
3471,4,-20,-20,-20,49,49,49,65,65,-120,14,-99,-73,100,55,120,-100,77,53,-16,88,-26,87,99,49,-101,-116,42,-118,-115,89,-4,59,-47,127,68,105,-25,-30,-91,-11,118,-14,-64,-65,56,96,127,-48,50,84,86,-103,62,-68,-8,-103,-95,48,-125,-73,-63,-49,-29,86
3472,4,-20,-20,-20,49,49,49,65,65,-120,14,-99,-73,100,55,120,-100,77,53,-16,88,-26,87,99,49,-101,-116,42,-118,-115,89,-4,59,-47,127,68,105,-25,-30,-91,-11,118,-14,-64,-65,56,96,127,-48,50,84,86,-103,62,-68,-8,-103,-95,48,-125,-73,-63,-49,-29,86
3473,4,-20,-20,-20,49,49,49,65,65,-120,14,-99,-73,100,55,120,-100,77,53,-16,88,-26,87,99,49,-101,-116,42,-118,-115,89,-4,59,-47,127,68,105,-25,-30,-91,-11,118,-14,-64,-65,56,96,127,-48,50,84,86,-103,62,-68,-8,-103,-95,48,-125,-73,-63,-49,-29,86
3474,4,-33,-53,-53,-53,13,13,13,-91,-70,-120,14,-99,-73,100,55,120,-100,77,53,-16,88,-26,87,99,49,-101,-116,42,-118,-115,89,-4,-123,-36,9,3,-5,51,-109,113,44,8,-51,-106,-65,-13,72,55,-72,122,-55,-57,48,123,-25,-122,120,-119,-70,-60,-54,98,15,37
3475,4,-33,-53,-53,-53,13,13,13,-91,-70,-120,14,-99,-73,100,55,120,-100,77,53,-16,88,-26,87,99,49,-101,-116,42,-118,-115,89,-4,-123,-36,9,3,-5,51,-109,113,44,8,-51,-106,-65,-13,72,55,-72,122,-55,-57,48,123,-25,-122,120,-119,-70,-60,-54,98,15,37
3476,4,-33,-53,-53,-53,13,13,13,-91,-70,-120,14,-99,-73,100,55,120,-100,77,53,-16,88,-26,87,99,49,-101,-116,42,-118,-115,89,-4,-123,-36,9,3,-5,51,-109,113,44,8,-51,-106,-65,-13,72,55,-72,122,-55,-57,48,123,-25,-122,120,-119,-70,-60,-54,98,15,37
3477,4,91,91,-86,-86,-86,22,22,22,84,-70,-120,14,-99,-73,100,55,120,-100,77,53,-16,88,-26,87,99,49,-101,-116,42,-118,-115,89,95,68,27,-58,62,120,-32,-19,85,-117,27,-50,-25,87,56,19,-122,-111,15,-66,110,-50,56,78,66,-107,-54,39,115,-119,32,-113
3478,4,91,91,-86,-86,-86,22,22,22,84,-70,-120,14,-99,-73,100,55,120,-100,77,53,-16,88,-26,87,99,49,-101,-116,42,-118,-115,89,95,68,27,-58,62,120,-32,-19,85,-117,27,-50,-25,87,56,19,-122,-111,15,-66,110,-50,56,78,66,-107,-54,39,115,-119,32,-113
3479,4,91,91,-86,-86,-86,22,22,22,84,-70,-120,14,-99,-73,100,55,120,-100,77,53,-16,88,-26,87,99,49,-101,-116,42,-118,-115,89,95,68,27,-58,62,120,-32,-19,85,-117,27,-50,-25,87,56,19,-122,-111,15,-66,110,-50,56,78,66,-107,-54,39,115,-119,32,-113
3480,4,45,45,45,57,57,57,-57,-57,0,84,-70,-120,14,-99,-73,100,55,120,-100,77,53,-16,88,-26,87,99,49,-101,-116,42,-118,-115,119,-66,18,10,-74,11,40,19,20,55,-59,36,13,61,94,-67,-34,105,-17,-40,44,14,-90,86,121,-47,-36,-80,11,-48,18,-103
3481,4,45,45,45,57,57,57,-57,-57,0,84,-70,-120,14,-99,-73,100,55,120,-100,77,53,-16,88,-26,87,99,49,-101,-116,42,-118,-115,119,-66,18,10,-74,11,40,19,20,55,-59,36,13,61,94,-67,-34,105,-17,-40,44,14,-90,86,121,-47,-36,-80,11,-48,18,-103
3482,4,45,45,45,57,57,57,-57,-57,0,84,-70,-120,14,-99,-73,100,55,120,-100,77,53,-16,88,-26,87,99,49,-101,-116,42,-118,-115,119,-66,18,10,-74,11,40,19,20,55,-59,36,13,61,94,-67,-34,105,-17,-40,44,14,-90,86,121,-47,-36,-80,11,-48,18,-103
3483,4,37,55,55,55,-7,-7,-7,-7,110,0,84,-70,-120,14,-99,-73,100,55,120,-100,77,53,-16,88,-26,87,99,49,-101,-116,42,-118,46,-35,-19,87,-23,-64,-29,45,90,36,-93,93,46,112,-13,-64,-38,50,-64,84,-62,-28,-10,-44,12,30,-37,-81,98,-121,-106,-101
3484,4,37,55,55,55,-7,-7,-7,-7,110,0,84,-70,-120,14,-99,-73,100,55,120,-100,77,53,-16,88,-26,87,99,49,-101,-116,42,-118,46,-35,-19,87,-23,-64,-29,45,90,36,-93,93,46,112,-13,-64,-38,50,-64,84,-62,-28,-10,-44,12,30,-37,-81,98,-121,-106,-101
3485,4,37,55,55,55,-7,-7,-7,-7,110,0,84,-70,-120,14,-99,-73,100,55,120,-100,77,53,-16,88,-26,87,99,49,-101,-116,42,-118,46,-35,-19,87,-23,-64,-29,45,90,36,-93,93,46,112,-13,-64,-38,50,-64,84,-62,-28,-10,-44,12,30,-37,-81,98,-121,-106,-101
3486,4,-90,-90,95,95,95,-100,-100,-100,-30,110,0,84,-70,-120,14,-99,-73,100,55,120,-100,77,53,-16,88,-26,87,99,49,-101,-116,42,53,15,94,-119,-51,-83,91,-13,1,-110,58,-101,85,118,-8,-25,68,-107,-103,124,9,-95,21,-113,-57,-99,-32,-1,81,46,121,3
3487,4,-90,-90,95,95,95,-100,-100,-100,-30,110,0,84,-70,-120,14,-99,-73,100,55,120,-100,77,53,-16,88,-26,87,99,49,-101,-116,42,53,15,94,-119,-51,-83,91,-13,1,-110,58,-101,85,118,-8,-25,68,-107,-103,124,9,-95,21,-113,-57,-99,-32,-1,81,46,121,3
3488,4,-90,-90,95,95,95,-100,-100,-100,-30,110,0,84,-70,-120,14,-99,-73,100,55,120,-100,77,53,-16,88,-26,87,99,49,-101,-116,42,53,15,94,-119,-51,-83,91,-13,1,-110,58,-101,85,118,-8,-25,68,-107,-103,124,9,-95,21,-113,-57,-99,-32,-1,81,46,121,3
3489,4,114,114,114,103,103,103,32,32,80,-30,110,0,84,-70,-120,14,-99,-73,100,55,120,-100,77,53,-16,88,-26,87,99,49,-101,-116,66,26,-49,107,29,38,-25,86,-102,41,-76,-123,108,-121,-3,72,114,-14,-8,-123,40,1,102,-92,-11,33,40,30,-11,-90,60,52
3490,4,114,114,114,103,103,103,32,32,80,-30,110,0,84,-70,-120,14,-99,-73,100,55,120,-100,77,53,-16,88,-26,87,99,49,-101,-116,66,26,-49,107,29,38,-25,86,-102,41,-76,-123,108,-121,-3,72,114,-14,-8,-123,40,1,102,-92,-11,33,40,30,-11,-90,60,52
3491,4,114,114,114,103,103,103,32,32,80,-30,110,0,84,-70,-120,14,-99,-73,100,55,120,-100,77,53,-16,88,-26,87,99,49,-101,-116,66,26,-49,107,29,38,-25,86,-102,41,-76,-123,108,-121,-3,72,114,-14,-8,-123,40,1,102,-92,-11,33,40,30,-11,-90,60,52
3492,4,6,46,46,46,-50,-50,-50,-32,43,80,-30,110,0,84,-70,-120,14,-99,-73,100,55,120,-100,77,53,-16,88,-26,87,99,49,-101,75,-33,22,31,-105,41,-114,99,-44,-23,25,116,3,52,38,-76,-121,-77,94,6,-71,-41,61,-42,-20,102,55,85,-44,7,120,52
3493,4,6,46,46,46,-50,-50,-50,-32,43,80,-30,110,0,84,-70,-120,14,-99,-73,100,55,120,-100,77,53,-16,88,-26,87,99,49,-101,75,-33,22,31,-105,41,-114,99,-44,-23,25,116,3,52,38,-76,-121,-77,94,6,-71,-41,61,-42,-20,102,55,85,-44,7,120,52
3494,4,6,46,46,46,-50,-50,-50,-32,43,80,-30,110,0,84,-70,-120,14,-99,-73,100,55,120,-100,77,53,-16,88,-26,87,99,49,-101,75,-33,22,31,-105,41,-114,99,-44,-23,25,116,3,52,38,-76,-121,-77,94,6,-71,-41,61,-42,-20,102,55,85,-44,7,120,52
3495,4,52,52,15,15,15,-127,-127,-127,-20,43,80,-30,110,0,84,-70,-120,14,-99,-73,100,55,120,-100,77,53,-16,88,-26,87,99,49,97,73,66,-61,121,-57,17,-54,116,-124,-5,-79,80,-101,-60,-15,-10,-35,-43,98,-5,-22,-102,-110,-20,-112,-47,-109,-57,-39,60,35
3496,4,52,52,15,15,15,-127,-127,-127,-20,43,80,-30,110,0,84,-70,-120,14,-99,-73,100,55,120,-100,77,53,-16,88,-26,87,99,49,97,73,66,-61,121,-57,17,-54,116,-124,-5,-79,80,-101,-60,-15,-10,-35,-43,98,-5,-22,-102,-110,-20,-112,-47,-109,-57,-39,60,35
3497,4,52,52,15,15,15,-127,-127,-127,-20,43,80,-30,110,0,84,-70,-120,14,-99,-73,100,55,120,-100,77,53,-16,88,-26,87,99,49,97,73,66,-61,121,-57,17,-54,116,-124,-5,-79,80,-101,-60,-15,-10,-35,-43,98,-5,-22,-102,-110,-20,-112,-47,-109,-57,-39,60,35
3498,4,-27,-27,-27,73,73,73,-106,-106,-33,-20,43,80,-30,110,0,84,-70,-120,14,-99,-73,100,55,120,-100,77,53,-16,88,-26,87,99,-120,-17,-91,39,105,-12,-24,-86,11,-23,-61,-14,47,-62,-60,-127,-56,-109,69,-38,-72,-53,53,-91,84,3,-53,-82,-117,40,17,76
3499,4,-27,-27,-27,73,73,73,-106,-106,-33,-20,43,80,-30,110,0,84,-70,-120,14,-99,-73,100,55,120,-100,77,53,-16,88,-26,87,99,-120,-17,-91,39,105,-12,-24,-86,11,-23,-61,-14,47,-62,-60,-127,-56,-109,69,-38,-72,-53,53,-91,84,3,-53,-82,-117,40,17,76
3500,4,-27,-27,-27,73,73,73,-106,-106,-33,-20,43,80,-30,110,0,84,-70,-120,14,-99,-73,100,55,120,-100,77,53,-16,88,-26,87,99,-120,-17,-91,39,105,-12,-24,-86,11,-23,-61,-14,47,-62,-60,-127,-56,-109,69,-38,-72,-53,53,-91,84,3,-53,-82,-117,40,17,76
3501,4,-59,57,57,57,123,123,123,-28,91,-33,-20,43,80,-30,110,0,84,-70,-120,14,-99,-73,100,55,120,-100,77,53,-16,88,-26,87,8,-94,-37,-95,-41,76,62,-68,-8,-80,-114,-80,-126,-50,71,-87,48,-3,51,-32,16,84,-55,-107,-58,94,-42,64,78,76,19,-41
3502,4,-59,57,57,57,123,123,123,-28,91,-33,-20,43,80,-30,110,0,84,-70,-120,14,-99,-73,100,55,120,-100,77,53,-16,88,-26,87,8,-94,-37,-95,-41,76,62,-68,-8,-80,-114,-80,-126,-50,71,-87,48,-3,51,-32,16,84,-55,-107,-58,94,-42,64,78,76,19,-41
3503,4,-59,57,57,57,123,123,123,-28,91,-33,-20,43,80,-30,110,0,84,-70,-120,14,-99,-73,100,55,120,-100,77,53,-16,88,-26,87,8,-94,-37,-95,-41,76,62,-68,-8,-80,-114,-80,-126,-50,71,-87,48,-3,51,-32,16,84,-55,-107,-58,94,-42,64,78,76,19,-41
3504,4,-57,-57,63,63,63,91,91,91,45,91,-33,-20,43,80,-30,110,0,84,-70,-120,14,-99,-73,100,55,120,-100,77,53,-16,88,-26,-73,27,26,117,-101,-90,-29,82,33,17,-86,89,-84,123,27,-14,79,74,-55,84,93,-52,-17,87,51,-100,-54,121,104,-122,-43,93
3505,4,-57,-57,63,63,63,91,91,91,45,91,-33,-20,43,80,-30,110,0,84,-70,-120,14,-99,-73,100,55,120,-100,77,53,-16,88,-26,-73,27,26,117,-101,-90,-29,82,33,17,-86,89,-84,123,27,-14,79,74,-55,84,93,-52,-17,87,51,-100,-54,121,104,-122,-43,93
3506,4,-57,-57,63,63,63,91,91,91,45,91,-33,-20,43,80,-30,110,0,84,-70,-120,14,-99,-73,100,55,120,-100,77,53,-16,88,-26,-73,27,26,117,-101,-90,-29,82,33,17,-86,89,-84,123,27,-14,79,74,-55,84,93,-52,-17,87,51,-100,-54,121,104,-122,-43,93
3507,4,106,106,106,-58,-58,-58,95,95,37,45,91,-33,-20,43,80,-30,110,0,84,-70,-120,14,-99,-73,100,55,120,-100,77,53,-16,88,-7,18,-79,-21,49,123,91,-79,55,-41,91,-43,-44,87,29,17,110,42,79,45,95,-36,109,-67,-107,-110,4,-59,-99,104,0,56
3508,4,106,106,106,-58,-58,-58,95,95,37,45,91,-33,-20,43,80,-30,110,0,84,-70,-120,14,-99,-73,100,55,120,-100,77,53,-16,88,-7,18,-79,-21,49,123,91,-79,55,-41,91,-43,-44,87,29,17,110,42,79,45,95,-36,109,-67,-107,-110,4,-59,-99,104,0,56
3509,4,106,106,106,-58,-58,-58,95,95,37,45,91,-33,-20,43,80,-30,110,0,84,-70,-120,14,-99,-73,100,55,120,-100,77,53,-16,88,-7,18,-79,-21,49,123,91,-79,55,-41,91,-43,-44,87,29,17,110,42,79,45,95,-36,109,-67,-107,-110,4,-59,-99,104,0,56
3510,4,-98,-121,-121,-121,-28,-28,-28,-85,-90,37,45,91,-33,-20,43,80,-30,110,0,84,-70,-120,14,-99,-73,100,55,120,-100,77,53,-16,-25,71,-13,-121,-23,-121,112,-52,119,-12,73,105,-40,-6,-64,40,-30,-18,-14,-4,-46,-87,22,-9,-41,117,9,118,86,74,-33,-40
3511,4,-98,-121,-121,-121,-28,-28,-28,-85,-90,37,45,91,-33,-20,43,80,-30,110,0,84,-70,-120,14,-99,-73,100,55,120,-100,77,53,-16,-25,71,-13,-121,-23,-121,112,-52,119,-12,73,105,-40,-6,-64,40,-30,-18,-14,-4,-46,-87,22,-9,-41,117,9,118,86,74,-33,-40
3512,4,-98,-121,-121,-121,-28,-28,-28,-85,-90,37,45,91,-33,-20,43,80,-30,110,0,84,-70,-120,14,-99,-73,100,55,120,-100,77,53,-16,-25,71,-13,-121,-23,-121,112,-52,119,-12,73,105,-40,-6,-64,40,-30,-18,-14,-4,-46,-87,22,-9,-41,117,9,118,86,74,-33,-40
3513,4,43,43,69,69,69,57,57,57,114,-90,37,45,91,-33,-20,43,80,-30,110,0,84,-70,-120,14,-99,-73,100,55,120,-100,77,53,41,2,9,-76,71,-8,-3,8,-115,98,-79,73,-18,-87,-1,95,-79,-7,-60,-46,78,27,-100,-4,-27,103,-68,7,-66,-48,28,102
3514,4,43,43,69,69,69,57,57,57,114,-90,37,45,91,-33,-20,43,80,-30,110,0,84,-70,-120,14,-99,-73,100,55,120,-100,77,53,41,2,9,-76,71,-8,-3,8,-115,98,-79,73,-18,-87,-1,95,-79,-7,-60,-46,78,27,-100,-4,-27,103,-68,7,-66,-48,28,102
3515,4,43,43,69,69,69,57,57,57,114,-90,37,45,91,-33,-20,43,80,-30,110,0,84,-70,-120,14,-99,-73,100,55,120,-100,77,53,41,2,9,-76,71,-8,-3,8,-115,98,-79,73,-18,-87,-1,95,-79,-7,-60,-46,78,27,-100,-4,-27,103,-68,7,-66,-48,28,102
3516,4,75,75,75,74,74,74,-120,-120,6,114,-90,37,45,91,-33,-20,43,80,-30,110,0,84,-70,-120,14,-99,-73,100,55,120,-100,77,-25,-120,51,107,-11,21,117,-72,59,-75,-7,95,-61,110,-120,37,114,80,47,-61,30,66,47,32,-25,-103,90,-28,100,-107,-21,77
3517,4,75,75,75,74,74,74,-120,-120,6,114,-90,37,45,91,-33,-20,43,80,-30,110,0,84,-70,-120,14,-99,-73,100,55,120,-100,77,-25,-120,51,107,-11,21,117,-72,59,-75,-7,95,-61,110,-120,37,114,80,47,-61,30,66,47,32,-25,-103,90,-28,100,-107,-21,77
3518,4,75,75,75,74,74,74,-120,-120,6,114,-90,37,45,91,-33,-20,43,80,-30,110,0,84,-70,-120,14,-99,-73,100,55,120,-100,77,-25,-120,51,107,-11,21,117,-72,59,-75,-7,95,-61,110,-120,37,114,80,47,-61,30,66,47,32,-25,-103,90,-28,100,-107,-21,77
3519,4,16,2,2,2,12,12,12,-91,52,6,114,-90,37,45,91,-33,-20,43,80,-30,110,0,84,-70,-120,14,-99,-73,100,55,120,-100,51,80,-90,-109,79,13,61,106,-38,103,92,-41,-88,37,37,-117,-26,-30,13,-127,-51,84,-7,-22,40,-114,-87,-30,-93,-76,22,-1
3520,4,16,2,2,2,12,12,12,-91,52,6,114,-90,37,45,91,-33,-20,43,80,-30,110,0,84,-70,-120,14,-99,-73,100,55,120,-100,51,80,-90,-109,79,13,61,106,-38,103,92,-41,-88,37,37,-117,-26,-30,13,-127,-51,84,-7,-22,40,-114,-87,-30,-93,-76,22,-1
3521,4,16,2,2,2,12,12,12,-91,52,6,114,-90,37,45,91,-33,-20,43,80,-30,110,0,84,-70,-120,14,-99,-73,100,55,120,-100,51,80,-90,-109,79,13,61,106,-38,103,92,-41,-88,37,37,-117,-26,-30,13,-127,-51,84,-7,-22,40,-114,-87,-30,-93,-76,22,-1
3522,4,-97,-97,-70,-70,-70,-105,-105,-105,-27,52,6,114,-90,37,45,91,-33,-20,43,80,-30,110,0,84,-70,-120,14,-99,-73,100,55,120,-32,-95,48,96,69,-34,8,49,-84,41,-27,-83,41,-9,-78,1,101,-99,-35,-59,-109,75,96,30,-36,-91,57,-5,45,-80,13,82
3523,4,-97,-97,-70,-70,-70,-105,-105,-105,-27,52,6,114,-90,37,45,91,-33,-20,43,80,-30,110,0,84,-70,-120,14,-99,-73,100,55,120,-32,-95,48,96,69,-34,8,49,-84,41,-27,-83,41,-9,-78,1,101,-99,-35,-59,-109,75,96,30,-36,-91,57,-5,45,-80,13,82
3524,4,-97,-97,-70,-70,-70,-105,-105,-105,-27,52,6,114,-90,37,45,91,-33,-20,43,80,-30,110,0,84,-70,-120,14,-99,-73,100,55,120,-32,-95,48,96,69,-34,8,49,-84,41,-27,-83,41,-9,-78,1,101,-99,-35,-59,-109,75,96,30,-36,-91,57,-5,45,-80,13,82
3525,4,4,4,4,85,85,85,-24,-24,-59,-27,52,6,114,-90,37,45,91,-33,-20,43,80,-30,110,0,84,-70,-120,14,-99,-73,100,55,-36,-52,-7,28,-120,112,15,55,-77,61,51,-38,-105,44,5,21,-60,112,85,7,-21,-10,31,39,97,89,-96,28,-6,-66,-105,39
3526,4,4,4,4,85,85,85,-24,-24,-59,-27,52,6,114,-90,37,45,91,-33,-20,43,80,-30,110,0,84,-70,-120,14,-99,-73,100,55,-36,-52,-7,28,-120,112,15,55,-77,61,51,-38,-105,44,5,21,-60,112,85,7,-21,-10,31,39,97,89,-96,28,-6,-66,-105,39
3527,4,4,4,4,85,85,85,-24,-24,-59,-27,52,6,114,-90,37,45,91,-33,-20,43,80,-30,110,0,84,-70,-120,14,-99,-73,100,55,-36,-52,-7,28,-120,112,15,55,-77,61,51,-38,-105,44,5,21,-60,112,85,7,-21,-10,31,39,97,89,-96,28,-6,-66,-105,39
3528,4,66,-12,-12,-12,43,43,43,94,-57,-59,-27,52,6,114,-90,37,45,91,-33,-20,43,80,-30,110,0,84,-70,-120,14,-99,-73,100,-53,2,-12,-53,-40,102,5,-11,-115,-77,105,-1,123,-6,62,36,20,-18,-19,97,123,-88,59,93,-33,122,113,121,-52,-67,-124,20
3529,4,66,-12,-12,-12,43,43,43,94,-57,-59,-27,52,6,114,-90,37,45,91,-33,-20,43,80,-30,110,0,84,-70,-120,14,-99,-73,100,-53,2,-12,-53,-40,102,5,-11,-115,-77,105,-1,123,-6,62,36,20,-18,-19,97,123,-88,59,93,-33,122,113,121,-52,-67,-124,20
3530,4,66,-12,-12,-12,43,43,43,94,-57,-59,-27,52,6,114,-90,37,45,91,-33,-20,43,80,-30,110,0,84,-70,-120,14,-99,-73,100,-53,2,-12,-53,-40,102,5,-11,-115,-77,105,-1,123,-6,62,36,20,-18,-19,97,123,-88,59,93,-33,122,113,121,-52,-67,-124,20
3531,4,-41,-41,37,37,37,6,6,6,106,-57,-59,-27,52,6,114,-90,37,45,91,-33,-20,43,80,-30,110,0,84,-70,-120,14,-99,-73,-42,90,-54,-19,-65,96,118,-76,-35,56,59,-60,48,40,-62,-122,88,99,-127,37,91,88,-31,-89,-115,-26,18,-78,-110,32,-110,-24
3532,4,-41,-41,37,37,37,6,6,6,106,-57,-59,-27,52,6,114,-90,37,45,91,-33,-20,43,80,-30,110,0,84,-70,-120,14,-99,-73,-42,90,-54,-19,-65,96,118,-76,-35,56,59,-60,48,40,-62,-122,88,99,-127,37,91,88,-31,-89,-115,-26,18,-78,-110,32,-110,-24
3533,4,-41,-41,37,37,37,6,6,6,106,-57,-59,-27,52,6,114,-90,37,45,91,-33,-20,43,80,-30,110,0,84,-70,-120,14,-99,-73,-42,90,-54,-19,-65,96,118,-76,-35,56,59,-60,48,40,-62,-122,88,99,-127,37,91,88,-31,-89,-115,-26,18,-78,-110,32,-110,-24
3534,4,-35,-35,-35,-78,-78,-78,126,126,-98,106,-57,-59,-27,52,6,114,-90,37,45,91,-33,-20,43,80,-30,110,0,84,-70,-120,14,-99,103,-93,93,28,127,-71,-65,-95,87,17,-22,-37,9,-20,-115,-102,-3,-77,-94,-15,-1,125,47,59,-45,127,-5,-14,61,26,56,-71
3535,4,-35,-35,-35,-78,-78,-78,126,126,-98,106,-57,-59,-27,52,6,114,-90,37,45,91,-33,-20,43,80,-30,110,0,84,-70,-120,14,-99,103,-93,93,28,127,-71,-65,-95,87,17,-22,-37,9,-20,-115,-102,-3,-77,-94,-15,-1,125,47,59,-45,127,-5,-14,61,26,56,-71
3536,4,-35,-35,-35,-78,-78,-78,126,126,-98,106,-57,-59,-27,52,6,114,-90,37,45,91,-33,-20,43,80,-30,110,0,84,-70,-120,14,-99,103,-93,93,28,127,-71,-65,-95,87,17,-22,-37,9,-20,-115,-102,-3,-77,-94,-15,-1,125,47,59,-45,127,-5,-14,61,26,56,-71
3537,4,107,-59,-59,-59,-111,-111,-111,-24,43,-98,106,-57,-59,-27,52,6,114,-90,37,45,91,-33,-20,43,80,-30,110,0,84,-70,-120,14,37,-107,-44,-88,-50,49,-73,-58,74,112,-40,-94,-67,-88,-38,-105,53,-54,-75,58,-70,9,17,38,-89,-23,41,-59,-63,-42,-50,78
3538,4,107,-59,-59,-59,-111,-111,-111,-24,43,-98,106,-57,-59,-27,52,6,114,-90,37,45,91,-33,-20,43,80,-30,110,0,84,-70,-120,14,37,-107,-44,-88,-50,49,-73,-58,74,112,-40,-94,-67,-88,-38,-105,53,-54,-75,58,-70,9,17,38,-89,-23,41,-59,-63,-42,-50,78
3539,4,107,-59,-59,-59,-111,-111,-111,-24,43,-98,106,-57,-59,-27,52,6,114,-90,37,45,91,-33,-20,43,80,-30,110,0,84,-70,-120,14,37,-107,-44,-88,-50,49,-73,-58,74,112,-40,-94,-67,-88,-38,-105,53,-54,-75,58,-70,9,17,38,-89,-23,41,-59,-63,-42,-50,78
3540,4,53,53,-41,-41,-41,-8,-8,-8,75,43,-98,106,-57,-59,-27,52,6,114,-90,37,45,91,-33,-20,43,80,-30,110,0,84,-70,-120,-86,-27,-48,-111,22,-29,59,-52,-112,19,-40,-12,-25,-104,18,-71,47,-40,-88,100,45,23,126,118,-18,-30,-75,-115,-113,96,-79,108
3541,4,53,53,-41,-41,-41,-8,-8,-8,75,43,-98,106,-57,-59,-27,52,6,114,-90,37,45,91,-33,-20,43,80,-30,110,0,84,-70,-120,-86,-27,-48,-111,22,-29,59,-52,-112,19,-40,-12,-25,-104,18,-71,47,-40,-88,100,45,23,126,118,-18,-30,-75,-115,-113,96,-79,108
3542,4,53,53,-41,-41,-41,-8,-8,-8,75,43,-98,106,-57,-59,-27,52,6,114,-90,37,45,91,-33,-20,43,80,-30,110,0,84,-70,-120,-86,-27,-48,-111,22,-29,59,-52,-112,19,-40,-12,-25,-104,18,-71,47,-40,-88,100,45,23,126,118,-18,-30,-75,-115,-113,96,-79,108
3543,4,42,42,42,-32,-32,-32,10,10,16,75,43,-98,106,-57,-59,-27,52,6,114,-90,37,45,91,-33,-20,43,80,-30,110,0,84,-70,8,-29,16,-43,70,-30,124,5,-107,75,-64,-58,119,72,11,-36,35,-83,103,-102,110,118,104,110,-101,-38,-22,29,124,42,-88,-124
3544,4,42,42,42,-32,-32,-32,10,10,16,75,43,-98,106,-57,-59,-27,52,6,114,-90,37,45,91,-33,-20,43,80,-30,110,0,84,-70,8,-29,16,-43,70,-30,124,5,-107,75,-64,-58,119,72,11,-36,35,-83,103,-102,110,118,104,110,-101,-38,-22,29,124,42,-88,-124
3545,4,42,42,42,-32,-32,-32,10,10,16,75,43,-98,106,-57,-59,-27,52,6,114,-90,37,45,91,-33,-20,43,80,-30,110,0,84,-70,8,-29,16,-43,70,-30,124,5,-107,75,-64,-58,119,72,11,-36,35,-83,103,-102,110,118,104,110,-101,-38,-22,29,124,42,-88,-124
3546,4,0,91,91,91,-105,-105,-105,46,-97,16,75,43,-98,106,-57,-59,-27,52,6,114,-90,37,45,91,-33,-20,43,80,-30,110,0,84,-114,46,-60,41,-58,122,18,0,91,2,74,-106,115,114,10,-99,-84,-96,87,68,-12,-37,107,-89,-69,-16,-127,22,-37,-5,39,-27
3547,4,0,91,91,91,-105,-105,-105,46,-97,16,75,43,-98,106,-57,-59,-27,52,6,114,-90,37,45,91,-33,-20,43,80,-30,110,0,84,-114,46,-60,41,-58,122,18,0,91,2,74,-106,115,114,10,-99,-84,-96,87,68,-12,-37,107,-89,-69,-16,-127,22,-37,-5,39,-27
3548,4,0,91,91,91,-105,-105,-105,46,-97,16,75,43,-98,106,-57,-59,-27,52,6,114,-90,37,45,91,-33,-20,43,80,-30,110,0,84,-114,46,-60,41,-58,122,18,0,91,2,74,-106,115,114,10,-99,-84,-96,87,68,-12,-37,107,-89,-69,-16,-127,22,-37,-5,39,-27
3549,4,-37,-37,15,15,15,-33,-33,-33,4,-97,16,75,43,-98,106,-57,-59,-27,52,6,114,-90,37,45,91,-33,-20,43,80,-30,110,0,-1,-104,90,-39,-76,118,-45,-108,42,109,47,-14,-58,-61,-116,-9,40,40,29,-88,120,68,-106,127,-99,53,-117,-26,122,-94,-37,-3
3550,4,-37,-37,15,15,15,-33,-33,-33,4,-97,16,75,43,-98,106,-57,-59,-27,52,6,114,-90,37,45,91,-33,-20,43,80,-30,110,0,-1,-104,90,-39,-76,118,-45,-108,42,109,47,-14,-58,-61,-116,-9,40,40,29,-88,120,68,-106,127,-99,53,-117,-26,122,-94,-37,-3
3551,4,-37,-37,15,15,15,-33,-33,-33,4,-97,16,75,43,-98,106,-57,-59,-27,52,6,114,-90,37,45,91,-33,-20,43,80,-30,110,0,-1,-104,90,-39,-76,118,-45,-108,42,109,47,-14,-58,-61,-116,-9,40,40,29,-88,120,68,-106,127,-99,53,-117,-26,122,-94,-37,-3
3552,4,82,82,82,-26,-26,-26,-109,-109,66,4,-97,16,75,43,-98,106,-57,-59,-27,52,6,114,-90,37,45,91,-33,-20,43,80,-30,110,-127,-83,34,-117,126,89,-26,22,-126,-96,-4,51,53,64,44,-68,15,-59,-5,34,26,-90,-39,-43,80,-75,-60,-77,112,125,112,59
3553,4,82,82,82,-26,-26,-26,-109,-109,66,4,-97,16,75,43,-98,106,-57,-59,-27,52,6,114,-90,37,45,91,-33,-20,43,80,-30,110,-127,-83,34,-117,126,89,-26,22,-126,-96,-4,51,53,64,44,-68,15,-59,-5,34,26,-90,-39,-43,80,-75,-60,-77,112,125,112,59
3554,4,82,82,82,-26,-26,-26,-109,-109,66,4,-97,16,75,43,-98,106,-57,-59,-27,52,6,114,-90,37,45,91,-33,-20,43,80,-30,110,-127,-83,34,-117,126,89,-26,22,-126,-96,-4,51,53,64,44,-68,15,-59,-5,34,26,-90,-39,-43,80,-75,-60,-77,112,125,112,59
3555,4,23,70,70,70,44,44,44,98,-41,66,4,-97,16,75,43,-98,106,-57,-59,-27,52,6,114,-90,37,45,91,-33,-20,43,80,-30,-16,-41,-125,-28,-34,-73,87,123,-37,114,-72,70,-36,-93,-100,-113,-77,-106,-56,-9,-7,-33,-110,93,106,97,96,14,92,22,71,38
3556,4,23,70,70,70,44,44,44,98,-41,66,4,-97,16,75,43,-98,106,-57,-59,-27,52,6,114,-90,37,45,91,-33,-20,43,80,-30,-16,-41,-125,-28,-34,-73,87,123,-37,114,-72,70,-36,-93,-100,-113,-77,-106,-56,-9,-7,-33,-110,93,106,97,96,14,92,22,71,38
3557,4,23,70,70,70,44,44,44,98,-41,66,4,-97,16,75,43,-98,106,-57,-59,-27,52,6,114,-90,37,45,91,-33,-20,43,80,-30,-16,-41,-125,-28,-34,-73,87,123,-37,114,-72,70,-36,-93,-100,-113,-77,-106,-56,-9,-7,-33,-110,93,106,97,96,14,92,22,71,38
3558,4,45,45,74,74,74,-113,-113,-113,-35,-41,66,4,-97,16,75,43,-98,106,-57,-59,-27,52,6,114,-90,37,45,91,-33,-20,43,80,37,-124,-7,-94,24,60,66,93,-23,-90,-99,-83,113,-47,-56,8,59,-51,-43,23,-77,37,-19,-88,-55,-32,48,-89,18,64,117,-51
3559,4,45,45,74,74,74,-113,-113,-113,-35,-41,66,4,-97,16,75,43,-98,106,-57,-59,-27,52,6,114,-90,37,45,91,-33,-20,43,80,37,-124,-7,-94,24,60,66,93,-23,-90,-99,-83,113,-47,-56,8,59,-51,-43,23,-77,37,-19,-88,-55,-32,48,-89,18,64,117,-51
3560,4,45,45,74,74,74,-113,-113,-113,-35,-41,66,4,-97,16,75,43,-98,106,-57,-59,-27,52,6,114,-90,37,45,91,-33,-20,43,80,37,-124,-7,-94,24,60,66,93,-23,-90,-99,-83,113,-47,-56,8,59,-51,-43,23,-77,37,-19,-88,-55,-32,48,-89,18,64,117,-51
3561,4,107,107,107,77,77,77,41,41,107,-35,-41,66,4,-97,16,75,43,-98,106,-57,-59,-27,52,6,114,-90,37,45,91,-33,-20,43,84,-1,104,-13,117,-119,29,-122,45,-35,14,-27,7,-89,-39,-123,7,-109,-9,26,-46,-92,-86,95,-58,97,103,66,-82,23,-89,-50
3562,4,107,107,107,77,77,77,41,41,107,-35,-41,66,4,-97,16,75,43,-98,106,-57,-59,-27,52,6,114,-90,37,45,91,-33,-20,43,84,-1,104,-13,117,-119,29,-122,45,-35,14,-27,7,-89,-39,-123,7,-109,-9,26,-46,-92,-86,95,-58,97,103,66,-82,23,-89,-50
3563,4,107,107,107,77,77,77,41,41,107,-35,-41,66,4,-97,16,75,43,-98,106,-57,-59,-27,52,6,114,-90,37,45,91,-33,-20,43,84,-1,104,-13,117,-119,29,-122,45,-35,14,-27,7,-89,-39,-123,7,-109,-9,26,-46,-92,-86,95,-58,97,103,66,-82,23,-89,-50
3564,4,-66,-28,-28,-28,93,93,93,-40,53,107,-35,-41,66,4,-97,16,75,43,-98,106,-57,-59,-27,52,6,114,-90,37,45,91,-33,-20,38,-92,0,-116,51,-39,-61,-94,-34,103,-14,36,71,55,109,-109,-101,-12,-115,9,2,-72,68,54,-116,51,99,-80,20,-101,-25,72
3565,4,-66,-28,-28,-28,93,93,93,-40,53,107,-35,-41,66,4,-97,16,75,43,-98,106,-57,-59,-27,52,6,114,-90,37,45,91,-33,-20,38,-92,0,-116,51,-39,-61,-94,-34,103,-14,36,71,55,109,-109,-101,-12,-115,9,2,-72,68,54,-116,51,99,-80,20,-101,-25,72
3566,4,-66,-28,-28,-28,93,93,93,-40,53,107,-35,-41,66,4,-97,16,75,43,-98,106,-57,-59,-27,52,6,114,-90,37,45,91,-33,-20,38,-92,0,-116,51,-39,-61,-94,-34,103,-14,36,71,55,109,-109,-101,-12,-115,9,2,-72,68,54,-116,51,99,-80,20,-101,-25,72
3567,4,115,115,-45,-45,-45,124,124,124,42,53,107,-35,-41,66,4,-97,16,75,43,-98,106,-57,-59,-27,52,6,114,-90,37,45,91,-33,83,-8,14,86,119,-84,-24,-10,-59,62,110,-46,-96,-23,-101,-75,-28,-68,89,-8,-18,-19,75,53,126,116,-65,30,-83,-13,68,93
3568,4,115,115,-45,-45,-45,124,124,124,42,53,107,-35,-41,66,4,-97,16,75,43,-98,106,-57,-59,-27,52,6,114,-90,37,45,91,-33,83,-8,14,86,119,-84,-24,-10,-59,62,110,-46,-96,-23,-101,-75,-28,-68,89,-8,-18,-19,75,53,126,116,-65,30,-83,-13,68,93
3569,4,115,115,-45,-45,-45,124,124,124,42,53,107,-35,-41,66,4,-97,16,75,43,-98,106,-57,-59,-27,52,6,114,-90,37,45,91,-33,83,-8,14,86,119,-84,-24,-10,-59,62,110,-46,-96,-23,-101,-75,-28,-68,89,-8,-18,-19,75,53,126,116,-65,30,-83,-13,68,93
3570,4,127,127,127,112,112,112,124,124,0,42,53,107,-35,-41,66,4,-97,16,75,43,-98,106,-57,-59,-27,52,6,114,-90,37,45,91,88,-121,-39,-25,117,117,-1,-75,-20,116,-118,30,-84,26,43,-121,-96,-111,16,-31,-50,121,-120,94,10,-61,-44,-100,114,82,24,-113
3571,4,127,127,127,112,112,112,124,124,0,42,53,107,-35,-41,66,4,-97,16,75,43,-98,106,-57,-59,-27,52,6,114,-90,37,45,91,88,-121,-39,-25,117,117,-1,-75,-20,116,-118,30,-84,26,43,-121,-96,-111,16,-31,-50,121,-120,94,10,-61,-44,-100,114,82,24,-113
3572,4,127,127,127,112,112,112,124,124,0,42,53,107,-35,-41,66,4,-97,16,75,43,-98,106,-57,-59,-27,52,6,114,-90,37,45,91,88,-121,-39,-25,117,117,-1,-75,-20,116,-118,30,-84,26,43,-121,-96,-111,16,-31,-50,121,-120,94,10,-61,-44,-100,114,82,24,-113
3573,4,61,51,51,51,61,61,61,-84,-37,0,42,53,107,-35,-41,66,4,-97,16,75,43,-98,106,-57,-59,-27,52,6,114,-90,37,45,38,-17,-99,50,55,-92,17,51,-107,-3,-3,-75,11,-112,-32,98,-40,76,123,-107,119,88,3,66,-27,-70,-33,123,-42,-45,57,-1
3574,4,61,51,51,51,61,61,61,-84,-37,0,42,53,107,-35,-41,66,4,-97,16,75,43,-98,106,-57,-59,-27,52,6,114,-90,37,45,38,-17,-99,50,55,-92,17,51,-107,-3,-3,-75,11,-112,-32,98,-40,76,123,-107,119,88,3,66,-27,-70,-33,123,-42,-45,57,-1
3575,4,61,51,51,51,61,61,61,-84,-37,0,42,53,107,-35,-41,66,4,-97,16,75,43,-98,106,-57,-59,-27,52,6,114,-90,37,45,38,-17,-99,50,55,-92,17,51,-107,-3,-3,-75,11,-112,-32,98,-40,76,123,-107,119,88,3,66,-27,-70,-33,123,-42,-45,57,-1
3576,4,-2,-2,74,74,74,47,47,47,82,-37,0,42,53,107,-35,-41,66,4,-97,16,75,43,-98,106,-57,-59,-27,52,6,114,-90,37,97,1,-56,-38,33,-105,-21,105,-115,-45,-16,63,88,-9,39,122,-27,-77,-85,-87,-83,47,12,43,-72,37,41,-36,117,-23,120,-5
3577,4,-2,-2,74,74,74,47,47,47,82,-37,0,42,53,107,-35,-41,66,4,-97,16,75,43,-98,106,-57,-59,-27,52,6,114,-90,37,97,1,-56,-38,33,-105,-21,105,-115,-45,-16,63,88,-9,39,122,-27,-77,-85,-87,-83,47,12,43,-72,37,41,-36,117,-23,120,-5
3578,4,-2,-2,74,74,74,47,47,47,82,-37,0,42,53,107,-35,-41,66,4,-97,16,75,43,-98,106,-57,-59,-27,52,6,114,-90,37,97,1,-56,-38,33,-105,-21,105,-115,-45,-16,63,88,-9,39,122,-27,-77,-85,-87,-83,47,12,43,-72,37,41,-36,117,-23,120,-5
3579,4,37,37,37,-49,-49,-49,-122,-122,23,82,-37,0,42,53,107,-35,-41,66,4,-97,16,75,43,-98,106,-57,-59,-27,52,6,114,-90,-75,-124,-5,97,2,81,-66,-113,-11,-38,-126,-126,-47,31,-116,14,74,-20,1,19,-18,52,27,-13,100,31,116,22,-55,6,51,-44
3580,4,37,37,37,-49,-49,-49,-122,-122,23,82,-37,0,42,53,107,-35,-41,66,4,-97,16,75,43,-98,106,-57,-59,-27,52,6,114,-90,-75,-124,-5,97,2,81,-66,-113,-11,-38,-126,-126,-47,31,-116,14,74,-20,1,19,-18,52,27,-13,100,31,116,22,-55,6,51,-44
3581,4,37,37,37,-49,-49,-49,-122,-122,23,82,-37,0,42,53,107,-35,-41,66,4,-97,16,75,43,-98,106,-57,-59,-27,52,6,114,-90,-75,-124,-5,97,2,81,-66,-113,-11,-38,-126,-126,-47,31,-116,14,74,-20,1,19,-18,52,27,-13,100,31,116,22,-55,6,51,-44
3582,4,-18,-72,-72,-72,42,42,42,47,45,23,82,-37,0,42,53,107,-35,-41,66,4,-97,16,75,43,-98,106,-57,-59,-27,52,6,114,29,-111,87,50,-17,-55,-18,-115,124,-94,52,-14,32,-10,83,-45,78,97,52,-22,-104,93,-78,-98,126,-89,22,-125,85,6,-45,18
3583,4,-18,-72,-72,-72,42,42,42,47,45,23,82,-37,0,42,53,107,-35,-41,66,4,-97,16,75,43,-98,106,-57,-59,-27,52,6,114,29,-111,87,50,-17,-55,-18,-115,124,-94,52,-14,32,-10,83,-45,78,97,52,-22,-104,93,-78,-98,126,-89,22,-125,85,6,-45,18
3584,4,-18,-72,-72,-72,42,42,42,47,45,23,82,-37,0,42,53,107,-35,-41,66,4,-97,16,75,43,-98,106,-57,-59,-27,52,6,114,29,-111,87,50,-17,-55,-18,-115,124,-94,52,-14,32,-10,83,-45,78,97,52,-22,-104,93,-78,-98,126,-89,22,-125,85,6,-45,18
3585,4,-126,-126,38,38,38,-14,-14,-14,107,45,23,82,-37,0,42,53,107,-35,-41,66,4,-97,16,75,43,-98,106,-57,-59,-27,52,6,71,-72,112,-121,17,-59,87,-71,-118,19,-25,-126,27,-92,-36,9,-2,23,31,56,-126,-6,75,49,59,10,84,49,38,-93,91,42
3586,4,-126,-126,38,38,38,-14,-14,-14,107,45,23,82,-37,0,42,53,107,-35,-41,66,4,-97,16,75,43,-98,106,-57,-59,-27,52,6,71,-72,112,-121,17,-59,87,-71,-118,19,-25,-126,27,-92,-36,9,-2,23,31,56,-126,-6,75,49,59,10,84,49,38,-93,91,42
3587,4,-126,-126,38,38,38,-14,-14,-14,107,45,23,82,-37,0,42,53,107,-35,-41,66,4,-97,16,75,43,-98,106,-57,-59,-27,52,6,71,-72,112,-121,17,-59,87,-71,-118,19,-25,-126,27,-92,-36,9,-2,23,31,56,-126,-6,75,49,59,10,84,49,38,-93,91,42
3588,4,-2,-2,-2,-21,-21,-21,79,79,-66,107,45,23,82,-37,0,42,53,107,-35,-41,66,4,-97,16,75,43,-98,106,-57,-59,-27,52,119,48,-74,17,-113,-12,13,-36,49,-110,-97,-29,-3,9,-32,-25,-113,-61,-16,-13,-16,-40,-55,-19,62,-88,-50,98,-101,110,-21,2
3589,4,-2,-2,-2,-21,-21,-21,79,79,-66,107,45,23,82,-37,0,42,53,107,-35,-41,66,4,-97,16,75,43,-98,106,-57,-59,-27,52,119,48,-74,17,-113,-12,13,-36,49,-110,-97,-29,-3,9,-32,-25,-113,-61,-16,-13,-16,-40,-55,-19,62,-88,-50,98,-101,110,-21,2
3590,4,-2,-2,-2,-21,-21,-21,79,79,-66,107,45,23,82,-37,0,42,53,107,-35,-41,66,4,-97,16,75,43,-98,106,-57,-59,-27,52,119,48,-74,17,-113,-12,13,-36,49,-110,-97,-29,-3,9,-32,-25,-113,-61,-16,-13,-16,-40,-55,-19,62,-88,-50,98,-101,110,-21,2
3591,4,68,114,114,114,-26,-26,-26,-86,115,-66,107,45,23,82,-37,0,42,53,107,-35,-41,66,4,-97,16,75,43,-98,106,-57,-59,-27,31,3,-95,101,45,-18,-80,45,-86,-74,36,-12,-17,110,122,-78,62,2,74,73,-54,-5,-55,-31,-100,-89,70,108,-54,120,-18,95
3592,4,68,114,114,114,-26,-26,-26,-86,115,-66,107,45,23,82,-37,0,42,53,107,-35,-41,66,4,-97,16,75,43,-98,106,-57,-59,-27,31,3,-95,101,45,-18,-80,45,-86,-74,36,-12,-17,110,122,-78,62,2,74,73,-54,-5,-55,-31,-100,-89,70,108,-54,120,-18,95
3593,4,68,114,114,114,-26,-26,-26,-86,115,-66,107,45,23,82,-37,0,42,53,107,-35,-41,66,4,-97,16,75,43,-98,106,-57,-59,-27,31,3,-95,101,45,-18,-80,45,-86,-74,36,-12,-17,110,122,-78,62,2,74,73,-54,-5,-55,-31,-100,-89,70,108,-54,120,-18,95
3594,4,13,13,37,37,37,32,32,32,127,115,-66,107,45,23,82,-37,0,42,53,107,-35,-41,66,4,-97,16,75,43,-98,106,-57,-59,56,-119,16,103,29,35,70,29,-9,111,-28,21,-99,-127,-15,-94,60,-94,-66,-35,-46,45,70,94,12,24,-113,105,-103,114,-99,-89
3595,4,13,13,37,37,37,32,32,32,127,115,-66,107,45,23,82,-37,0,42,53,107,-35,-41,66,4,-97,16,75,43,-98,106,-57,-59,56,-119,16,103,29,35,70,29,-9,111,-28,21,-99,-127,-15,-94,60,-94,-66,-35,-46,45,70,94,12,24,-113,105,-103,114,-99,-89
3596,4,13,13,37,37,37,32,32,32,127,115,-66,107,45,23,82,-37,0,42,53,107,-35,-41,66,4,-97,16,75,43,-98,106,-57,-59,56,-119,16,103,29,35,70,29,-9,111,-28,21,-99,-127,-15,-94,60,-94,-66,-35,-46,45,70,94,12,24,-113,105,-103,114,-99,-89
3597,4,25,25,25,-96,-96,-96,-48,-48,61,127,115,-66,107,45,23,82,-37,0,42,53,107,-35,-41,66,4,-97,16,75,43,-98,106,-57,1,-92,-12,-69,45,81,-19,124,50,4,-53,-64,-48,-8,71,23,31,-109,114,-97,92,-100,125,26,-39,-112,-97,-76,-2,57,34,-43
3598,4,25,25,25,-96,-96,-96,-48,-48,61,127,115,-66,107,45,23,82,-37,0,42,53,107,-35,-41,66,4,-97,16,75,43,-98,106,-57,1,-92,-12,-69,45,81,-19,124,50,4,-53,-64,-48,-8,71,23,31,-109,114,-97,92,-100,125,26,-39,-112,-97,-76,-2,57,34,-43
3599,4,25,25,25,-96,-96,-96,-48,-48,61,127,115,-66,107,45,23,82,-37,0,42,53,107,-35,-41,66,4,-97,16,75,43,-98,106,-57,1,-92,-12,-69,45,81,-19,124,50,4,-53,-64,-48,-8,71,23,31,-109,114,-97,92,-100,125,26,-39,-112,-97,-76,-2,57,34,-43
3600,4,11,65,65,65,-101,-101,-101,24,-2,61,127,115,-66,107,45,23,82,-37,0,42,53,107,-35,-41,66,4,-97,16,75,43,-98,106,53,-1,19,70,119,-112,-30,2,-22,-98,-47,0,-19,73,50,-39,5,113,-23,-40,73,-89,-6,54,-97,-41,-105,29,74,-120,79,-6
3601,4,11,65,65,65,-101,-101,-101,24,-2,61,127,115,-66,107,45,23,82,-37,0,42,53,107,-35,-41,66,4,-97,16,75,43,-98,106,53,-1,19,70,119,-112,-30,2,-22,-98,-47,0,-19,73,50,-39,5,113,-23,-40,73,-89,-6,54,-97,-41,-105,29,74,-120,79,-6
3602,4,11,65,65,65,-101,-101,-101,24,-2,61,127,115,-66,107,45,23,82,-37,0,42,53,107,-35,-41,66,4,-97,16,75,43,-98,106,53,-1,19,70,119,-112,-30,2,-22,-98,-47,0,-19,73,50,-39,5,113,-23,-40,73,-89,-6,54,-97,-41,-105,29,74,-120,79,-6
3603,4,76,76,-16,-16,-16,68,68,68,37,-2,61,127,115,-66,107,45,23,82,-37,0,42,53,107,-35,-41,66,4,-97,16,75,43,-98,-55,67,113,107,8,-9,-101,-45,80,-52,-103,65,96,106,-47,29,46,-12,95,-101,-19,18,125,-10,13,29,58,3,28,50,-34,65
3604,4,76,76,-16,-16,-16,68,68,68,37,-2,61,127,115,-66,107,45,23,82,-37,0,42,53,107,-35,-41,66,4,-97,16,75,43,-98,-55,67,113,107,8,-9,-101,-45,80,-52,-103,65,96,106,-47,29,46,-12,95,-101,-19,18,125,-10,13,29,58,3,28,50,-34,65
3605,4,76,76,-16,-16,-16,68,68,68,37,-2,61,127,115,-66,107,45,23,82,-37,0,42,53,107,-35,-41,66,4,-97,16,75,43,-98,-55,67,113,107,8,-9,-101,-45,80,-52,-103,65,96,106,-47,29,46,-12,95,-101,-19,18,125,-10,13,29,58,3,28,50,-34,65
3606,4,46,46,46,13,13,13,-114,-114,-18,37,-2,61,127,115,-66,107,45,23,82,-37,0,42,53,107,-35,-41,66,4,-97,16,75,43,-97,81,-6,31,-118,43,69,112,-122,79,-123,74,-36,65,22,-46,-76,-103,-87,-101,-18,30,74,18,51,61,79,56,19,-44,96,57
3607,4,46,46,46,13,13,13,-114,-114,-18,37,-2,61,127,115,-66,107,45,23,82,-37,0,42,53,107,-35,-41,66,4,-97,16,75,43,-97,81,-6,31,-118,43,69,112,-122,79,-123,74,-36,65,22,-46,-76,-103,-87,-101,-18,30,74,18,51,61,79,56,19,-44,96,57
3608,4,46,46,46,13,13,13,-114,-114,-18,37,-2,61,127,115,-66,107,45,23,82,-37,0,42,53,107,-35,-41,66,4,-97,16,75,43,-97,81,-6,31,-118,43,69,112,-122,79,-123,74,-36,65,22,-46,-76,-103,-87,-101,-18,30,74,18,51,61,79,56,19,-44,96,57
3609,4,-5,65,65,65,97,97,97,88,-126,-18,37,-2,61,127,115,-66,107,45,23,82,-37,0,42,53,107,-35,-41,66,4,-97,16,75,87,63,-81,-2,-97,107,33,-108,-61,123,-45,-57,30,-19,45,4,-6,-19,3,-70,-61,-30,117,-60,71,95,44,5,-26,-24,78,110
3610,4,-5,65,65,65,97,97,97,88,-126,-18,37,-2,61,127,115,-66,107,45,23,82,-37,0,42,53,107,-35,-41,66,4,-97,16,75,87,63,-81,-2,-97,107,33,-108,-61,123,-45,-57,30,-19,45,4,-6,-19,3,-70,-61,-30,117,-60,71,95,44,5,-26,-24,78,110
3611,4,-5,65,65,65,97,97,97,88,-126,-18,37,-2,61,127,115,-66,107,45,23,82,-37,0,42,53,107,-35,-41,66,4,-97,16,75,87,63,-81,-2,-97,107,33,-108,-61,123,-45,-57,30,-19,45,4,-6,-19,3,-70,-61,-30,117,-60,71,95,44,5,-26,-24,78,110
3612,4,-85,-85,-22,-22,-22,52,52,52,-2,-126,-18,37,-2,61,127,115,-66,107,45,23,82,-37,0,42,53,107,-35,-41,66,4,-97,16,103,2,121,-92,-99,-62,31,5,53,-35,65,55,27,92,40,-113,76,-71,54,50,115,108,25,77,-90,33,42,-102,117,-71,-101,-51
3613,4,-85,-85,-22,-22,-22,52,52,52,-2,-126,-18,37,-2,61,127,115,-66,107,45,23,82,-37,0,42,53,107,-35,-41,66,4,-97,16,103,2,121,-92,-99,-62,31,5,53,-35,65,55,27,92,40,-113,76,-71,54,50,115,108,25,77,-90,33,42,-102,117,-71,-101,-51
3614,4,-85,-85,-22,-22,-22,52,52,52,-2,-126,-18,37,-2,61,127,115,-66,107,45,23,82,-37,0,42,53,107,-35,-41,66,4,-97,16,103,2,121,-92,-99,-62,31,5,53,-35,65,55,27,92,40,-113,76,-71,54,50,115,108,25,77,-90,33,42,-102,117,-71,-101,-51
3615,4,34,34,34,-90,-90,-90,66,66,68,-2,-126,-18,37,-2,61,127,115,-66,107,45,23,82,-37,0,42,53,107,-35,-41,66,4,-97,45,55,-61,-23,-125,-116,-31,-42,-103,-95,123,114,6,85,-32,62,-12,115,12,111,-10,64,-66,-122,-1,-28,98,-1,-60,-70,-54,24
3616,4,34,34,34,-90,-90,-90,66,66,68,-2,-126,-18,37,-2,61,127,115,-66,107,45,23,82,-37,0,42,53,107,-35,-41,66,4,-97,45,55,-61,-23,-125,-116,-31,-42,-103,-95,123,114,6,85,-32,62,-12,115,12,111,-10,64,-66,-122,-1,-28,98,-1,-60,-70,-54,24
3617,4,34,34,34,-90,-90,-90,66,66,68,-2,-126,-18,37,-2,61,127,115,-66,107,45,23,82,-37,0,42,53,107,-35,-41,66,4,-97,45,55,-61,-23,-125,-116,-31,-42,-103,-95,123,114,6,85,-32,62,-12,115,12,111,-10,64,-66,-122,-1,-28,98,-1,-60,-70,-54,24
3618,4,82,-120,-120,-120,-90,-90,-90,121,13,68,-2,-126,-18,37,-2,61,127,115,-66,107,45,23,82,-37,0,42,53,107,-35,-41,66,4,-126,-58,-14,-51,37,-100,-103,20,95,125,-84,-36,-105,89,-24,76,-53,-11,-127,84,3,71,121,125,88,-8,-113,14,94,-31,-77,83
3619,4,82,-120,-120,-120,-90,-90,-90,121,13,68,-2,-126,-18,37,-2,61,127,115,-66,107,45,23,82,-37,0,42,53,107,-35,-41,66,4,-126,-58,-14,-51,37,-100,-103,20,95,125,-84,-36,-105,89,-24,76,-53,-11,-127,84,3,71,121,125,88,-8,-113,14,94,-31,-77,83
3620,4,82,-120,-120,-120,-90,-90,-90,121,13,68,-2,-126,-18,37,-2,61,127,115,-66,107,45,23,82,-37,0,42,53,107,-35,-41,66,4,-126,-58,-14,-51,37,-100,-103,20,95,125,-84,-36,-105,89,-24,76,-53,-11,-127,84,3,71,121,125,88,-8,-113,14,94,-31,-77,83
3621,4,-11,-11,28,28,28,127,127,127,25,13,68,-2,-126,-18,37,-2,61,127,115,-66,107,45,23,82,-37,0,42,53,107,-35,-41,66,-30,-46,-47,62,70,100,80,47,97,-95,4,111,-59,127,-44,20,-102,-120,-76,59,52,71,47,-36,-51,-38,71,-122,120,20,99,108
3622,4,-11,-11,28,28,28,127,127,127,25,13,68,-2,-126,-18,37,-2,61,127,115,-66,107,45,23,82,-37,0,42,53,107,-35,-41,66,-30,-46,-47,62,70,100,80,47,97,-95,4,111,-59,127,-44,20,-102,-120,-76,59,52,71,47,-36,-51,-38,71,-122,120,20,99,108
3623,4,-11,-11,28,28,28,127,127,127,25,13,68,-2,-126,-18,37,-2,61,127,115,-66,107,45,23,82,-37,0,42,53,107,-35,-41,66,-30,-46,-47,62,70,100,80,47,97,-95,4,111,-59,127,-44,20,-102,-120,-76,59,52,71,47,-36,-51,-38,71,-122,120,20,99,108
3624,4,89,89,89,-65,-65,-65,-94,-94,11,25,13,68,-2,-126,-18,37,-2,61,127,115,-66,107,45,23,82,-37,0,42,53,107,-35,-41,3,-1,68,111,98,-2,7,2,57,-54,-37,93,26,23,103,-41,72,-14,-98,101,-69,67,26,-106,64,99,65,66,31,-126,-75,-112
3625,4,89,89,89,-65,-65,-65,-94,-94,11,25,13,68,-2,-126,-18,37,-2,61,127,115,-66,107,45,23,82,-37,0,42,53,107,-35,-41,3,-1,68,111,98,-2,7,2,57,-54,-37,93,26,23,103,-41,72,-14,-98,101,-69,67,26,-106,64,99,65,66,31,-126,-75,-112
3626,4,89,89,89,-65,-65,-65,-94,-94,11,25,13,68,-2,-126,-18,37,-2,61,127,115,-66,107,45,23,82,-37,0,42,53,107,-35,-41,3,-1,68,111,98,-2,7,2,57,-54,-37,93,26,23,103,-41,72,-14,-98,101,-69,67,26,-106,64,99,65,66,31,-126,-75,-112
3627,4,104,17,17,17,-122,-122,-122,34,76,11,25,13,68,-2,-126,-18,37,-2,61,127,115,-66,107,45,23,82,-37,0,42,53,107,-35,26,-34,-14,-77,-78,-52,51,24,126,91,-16,21,-124,119,-105,-11,111,61,110,-106,-127,82,37,-122,-96,-34,-70,3,33,-98,40,31
3628,4,104,17,17,17,-122,-122,-122,34,76,11,25,13,68,-2,-126,-18,37,-2,61,127,115,-66,107,45,23,82,-37,0,42,53,107,-35,26,-34,-14,-77,-78,-52,51,24,126,91,-16,21,-124,119,-105,-11,111,61,110,-106,-127,82,37,-122,-96,-34,-70,3,33,-98,40,31
3629,4,104,17,17,17,-122,-122,-122,34,76,11,25,13,68,-2,-126,-18,37,-2,61,127,115,-66,107,45,23,82,-37,0,42,53,107,-35,26,-34,-14,-77,-78,-52,51,24,126,91,-16,21,-124,119,-105,-11,111,61,110,-106,-127,82,37,-122,-96,-34,-70,3,33,-98,40,31
3630,4,11,11,-65,-65,-65,-8,-8,-8,46,76,11,25,13,68,-2,-126,-18,37,-2,61,127,115,-66,107,45,23,82,-37,0,42,53,107,122,-79,-43,-9,62,109,92,39,-102,-36,-86,-103,108,67,14,28,-116,-71,-122,1,97,61,-50,95,122,-38,36,23,127,54,-58,-91
3631,4,11,11,-65,-65,-65,-8,-8,-8,46,76,11,25,13,68,-2,-126,-18,37,-2,61,127,115,-66,107,45,23,82,-37,0,42,53,107,122,-79,-43,-9,62,109,92,39,-102,-36,-86,-103,108,67,14,28,-116,-71,-122,1,97,61,-50,95,122,-38,36,23,127,54,-58,-91
3632,4,11,11,-65,-65,-65,-8,-8,-8,46,76,11,25,13,68,-2,-126,-18,37,-2,61,127,115,-66,107,45,23,82,-37,0,42,53,107,122,-79,-43,-9,62,109,92,39,-102,-36,-86,-103,108,67,14,28,-116,-71,-122,1,97,61,-50,95,122,-38,36,23,127,54,-58,-91
3633,4,127,127,127,109,109,109,125,125,-5,46,76,11,25,13,68,-2,-126,-18,37,-2,61,127,115,-66,107,45,23,82,-37,0,42,53,-31,69,-71,-63,121,79,89,73,95,-74,-118,48,-104,-111,-93,21,-90,83,-80,-28,-32,-20,-93,-107,-41,-17,93,-28,12,78,-121,-115
3634,4,127,127,127,109,109,109,125,125,-5,46,76,11,25,13,68,-2,-126,-18,37,-2,61,127,115,-66,107,45,23,82,-37,0,42,53,-31,69,-71,-63,121,79,89,73,95,-74,-118,48,-104,-111,-93,21,-90,83,-80,-28,-32,-20,-93,-107,-41,-17,93,-28,12,78,-121,-115
3635,4,127,127,127,109,109,109,125,125,-5,46,76,11,25,13,68,-2,-126,-18,37,-2,61,127,115,-66,107,45,23,82,-37,0,42,53,-31,69,-71,-63,121,79,89,73,95,-74,-118,48,-104,-111,-93,21,-90,83,-80,-28,-32,-20,-93,-107,-41,-17,93,-28,12,78,-121,-115
3636,4,-71,-17,-17,-17,-20,-20,-20,-93,-85,-5,46,76,11,25,13,68,-2,-126,-18,37,-2,61,127,115,-66,107,45,23,82,-37,0,42,-47,90,86,17,-4,-32,-35,35,32,-61,-42,21,78,-1,15,-46,85,90,47,-30,12,-31,-106,88,-3,127,-125,-21,-115,-44,-56,106
3637,4,-71,-17,-17,-17,-20,-20,-20,-93,-85,-5,46,76,11,25,13,68,-2,-126,-18,37,-2,61,127,115,-66,107,45,23,82,-37,0,42,-47,90,86,17,-4,-32,-35,35,32,-61,-42,21,78,-1,15,-46,85,90,47,-30,12,-31,-106,88,-3,127,-125,-21,-115,-44,-56,106
3638,4,-71,-17,-17,-17,-20,-20,-20,-93,-85,-5,46,76,11,25,13,68,-2,-126,-18,37,-2,61,127,115,-66,107,45,23,82,-37,0,42,-47,90,86,17,-4,-32,-35,35,32,-61,-42,21,78,-1,15,-46,85,90,47,-30,12,-31,-106,88,-3,127,-125,-21,-115,-44,-56,106
3639,4,86,86,-14,-14,-14,-80,-80,-80,34,-85,-5,46,76,11,25,13,68,-2,-126,-18,37,-2,61,127,115,-66,107,45,23,82,-37,0,-125,85,120,7,62,44,6,36,8,-112,19,-50,48,44,34,-99,126,-5,10,-119,9,-97,110,-5,-118,63,3,-33,15,-39,76,-12
3640,4,86,86,-14,-14,-14,-80,-80,-80,34,-85,-5,46,76,11,25,13,68,-2,-126,-18,37,-2,61,127,115,-66,107,45,23,82,-37,0,-125,85,120,7,62,44,6,36,8,-112,19,-50,48,44,34,-99,126,-5,10,-119,9,-97,110,-5,-118,63,3,-33,15,-39,76,-12
3641,4,86,86,-14,-14,-14,-80,-80,-80,34,-85,-5,46,76,11,25,13,68,-2,-126,-18,37,-2,61,127,115,-66,107,45,23,82,-37,0,-125,85,120,7,62,44,6,36,8,-112,19,-50,48,44,34,-99,126,-5,10,-119,9,-97,110,-5,-118,63,3,-33,15,-39,76,-12
3642,4,26,26,26,48,48,48,65,65,82,34,-85,-5,46,76,11,25,13,68,-2,-126,-18,37,-2,61,127,115,-66,107,45,23,82,-37,-102,71,-22,-36,-69,50,-4,-85,25,-113,-92,-119,-55,-96,52,83,-70,-17,101,-60,44,-20,-1,-79,-8,97,-32,8,-92,55,-65,-92
3643,4,26,26,26,48,48,48,65,65,82,34,-85,-5,46,76,11,25,13,68,-2,-126,-18,37,-2,61,127,115,-66,107,45,23,82,-37,-102,71,-22,-36,-69,50,-4,-85,25,-113,-92,-119,-55,-96,52,83,-70,-17,101,-60,44,-20,-1,-79,-8,97,-32,8,-92,55,-65,-92
3644,4,26,26,26,48,48,48,65,65,82,34,-85,-5,46,76,11,25,13,68,-2,-126,-18,37,-2,61,127,115,-66,107,45,23,82,-37,-102,71,-22,-36,-69,50,-4,-85,25,-113,-92,-119,-55,-96,52,83,-70,-17,101,-60,44,-20,-1,-79,-8,97,-32,8,-92,55,-65,-92
3645,4,24,-72,-72,-72,-38,-38,-38,-102,-11,82,34,-85,-5,46,76,11,25,13,68,-2,-126,-18,37,-2,61,127,115,-66,107,45,23,82,-81,22,103,69,-30,49,112,52,64,32,-57,-114,-119,-58,69,78,-41,-41,-96,-113,67,34,91,-118,-99,-117,-121,62,-43,9,-87,-52
3646,4,24,-72,-72,-72,-38,-38,-38,-102,-11,82,34,-85,-5,46,76,11,25,13,68,-2,-126,-18,37,-2,61,127,115,-66,107,45,23,82,-81,22,103,69,-30,49,112,52,64,32,-57,-114,-119,-58,69,78,-41,-41,-96,-113,67,34,91,-118,-99,-117,-121,62,-43,9,-87,-52
3647,4,24,-72,-72,-72,-38,-38,-38,-102,-11,82,34,-85,-5,46,76,11,25,13,68,-2,-126,-18,37,-2,61,127,115,-66,107,45,23,82,-81,22,103,69,-30,49,112,52,64,32,-57,-114,-119,-58,69,78,-41,-41,-96,-113,67,34,91,-118,-99,-117,-121,62,-43,9,-87,-52
3648,4,66,66,-36,-36,-36,16,16,16,89,-11,82,34,-85,-5,46,76,11,25,13,68,-2,-126,-18,37,-2,61,127,115,-66,107,45,23,21,-75,65,-106,30,-120,-62,21,40,53,76,56,42,127,-60,-59,-22,125,78,-102,104,26,-21,77,29,-43,-82,55,93,-29,61,76
3649,4,66,66,-36,-36,-36,16,16,16,89,-11,82,34,-85,-5,46,76,11,25,13,68,-2,-126,-18,37,-2,61,127,115,-66,107,45,23,21,-75,65,-106,30,-120,-62,21,40,53,76,56,42,127,-60,-59,-22,125,78,-102,104,26,-21,77,29,-43,-82,55,93,-29,61,76
3650,4,66,66,-36,-36,-36,16,16,16,89,-11,82,34,-85,-5,46,76,11,25,13,68,-2,-126,-18,37,-2,61,127,115,-66,107,45,23,21,-75,65,-106,30,-120,-62,21,40,53,76,56,42,127,-60,-59,-22,125,78,-102,104,26,-21,77,29,-43,-82,55,93,-29,61,76
3651,4,-80,-80,-80,64,64,64,-115,-115,104,89,-11,82,34,-85,-5,46,76,11,25,13,68,-2,-126,-18,37,-2,61,127,115,-66,107,45,90,-100,-119,107,124,-48,113,-68,-25,-54,-126,45,-110,0,49,-73,9,-51,31,88,64,109,112,109,-80,-89,-53,112,22,27,10,-120
3652,4,-80,-80,-80,64,64,64,-115,-115,104,89,-11,82,34,-85,-5,46,76,11,25,13,68,-2,-126,-18,37,-2,61,127,115,-66,107,45,90,-100,-119,107,124,-48,113,-68,-25,-54,-126,45,-110,0,49,-73,9,-51,31,88,64,109,112,109,-80,-89,-53,112,22,27,10,-120
3653,4,-80,-80,-80,64,64,64,-115,-115,104,89,-11,82,34,-85,-5,46,76,11,25,13,68,-2,-126,-18,37,-2,61,127,115,-66,107,45,90,-100,-119,107,124,-48,113,-68,-25,-54,-126,45,-110,0,49,-73,9,-51,31,88,64,109,112,109,-80,-89,-53,112,22,27,10,-120
3654,4,-54,10,10,10,-68,-68,-68,-118,11,104,89,-11,82,34,-85,-5,46,76,11,25,13,68,-2,-126,-18,37,-2,61,127,115,-66,107,31,102,34,-52,79,-47,-67,114,-22,-29,28,-34,20,94,62,41,126,-23,-116,97,58,-68,42,67,-97,49,57,-1,45,-114,108,98
3655,4,-54,10,10,10,-68,-68,-68,-118,11,104,89,-11,82,34,-85,-5,46,76,11,25,13,68,-2,-126,-18,37,-2,61,127,115,-66,107,31,102,34,-52,79,-47,-67,114,-22,-29,28,-34,20,94,62,41,126,-23,-116,97,58,-68,42,67,-97,49,57,-1,45,-114,108,98
3656,4,-54,10,10,10,-68,-68,-68,-118,11,104,89,-11,82,34,-85,-5,46,76,11,25,13,68,-2,-126,-18,37,-2,61,127,115,-66,107,31,102,34,-52,79,-47,-67,114,-22,-29,28,-34,20,94,62,41,126,-23,-116,97,58,-68,42,67,-97,49,57,-1,45,-114,108,98
3657,4,-25,-25,44,44,44,-60,-60,-60,127,11,104,89,-11,82,34,-85,-5,46,76,11,25,13,68,-2,-126,-18,37,-2,61,127,115,-66,56,20,83,66,-111,86,-108,90,39,82,110,20,-3,-30,85,-37,-32,21,-24,65,103,4,122,1,46,47,79,-52,-99,-110,-89,94
3658,4,-25,-25,44,44,44,-60,-60,-60,127,11,104,89,-11,82,34,-85,-5,46,76,11,25,13,68,-2,-126,-18,37,-2,61,127,115,-66,56,20,83,66,-111,86,-108,90,39,82,110,20,-3,-30,85,-37,-32,21,-24,65,103,4,122,1,46,47,79,-52,-99,-110,-89,94
3659,4,-25,-25,44,44,44,-60,-60,-60,127,11,104,89,-11,82,34,-85,-5,46,76,11,25,13,68,-2,-126,-18,37,-2,61,127,115,-66,56,20,83,66,-111,86,-108,90,39,82,110,20,-3,-30,85,-37,-32,21,-24,65,103,4,122,1,46,47,79,-52,-99,-110,-89,94
3660,4,-20,-20,-20,10,10,10,64,64,-71,127,11,104,89,-11,82,34,-85,-5,46,76,11,25,13,68,-2,-126,-18,37,-2,61,127,115,97,121,-100,111,-29,-3,122,106,126,30,2,85,34,-111,64,26,97,-58,-26,-106,-36,-31,21,28,123,104,-115,15,97,105,4,79
3661,4,-20,-20,-20,10,10,10,64,64,-71,127,11,104,89,-11,82,34,-85,-5,46,76,11,25,13,68,-2,-126,-18,37,-2,61,127,115,97,121,-100,111,-29,-3,122,106,126,30,2,85,34,-111,64,26,97,-58,-26,-106,-36,-31,21,28,123,104,-115,15,97,105,4,79
3662,4,-20,-20,-20,10,10,10,64,64,-71,127,11,104,89,-11,82,34,-85,-5,46,76,11,25,13,68,-2,-126,-18,37,-2,61,127,115,97,121,-100,111,-29,-3,122,106,126,30,2,85,34,-111,64,26,97,-58,-26,-106,-36,-31,21,28,123,104,-115,15,97,105,4,79
3663,4,55,-114,-114,-114,-74,-74,-74,-86,86,-71,127,11,104,89,-11,82,34,-85,-5,46,76,11,25,13,68,-2,-126,-18,37,-2,61,127,-64,-40,-55,30,77,94,-88,-91,122,29,41,85,38,-22,66,-19,64,-97,2,-39,56,-112,-44,-17,-67,36,-43,-115,-70,19,-125,-110
3664,4,55,-114,-114,-114,-74,-74,-74,-86,86,-71,127,11,104,89,-11,82,34,-85,-5,46,76,11,25,13,68,-2,-126,-18,37,-2,61,127,-64,-40,-55,30,77,94,-88,-91,122,29,41,85,38,-22,66,-19,64,-97,2,-39,56,-112,-44,-17,-67,36,-43,-115,-70,19,-125,-110
3665,4,55,-114,-114,-114,-74,-74,-74,-86,86,-71,127,11,104,89,-11,82,34,-85,-5,46,76,11,25,13,68,-2,-126,-18,37,-2,61,127,-64,-40,-55,30,77,94,-88,-91,122,29,41,85,38,-22,66,-19,64,-97,2,-39,56,-112,-44,-17,-67,36,-43,-115,-70,19,-125,-110
3666,4,76,76,50,50,50,70,70,70,26,86,-71,127,11,104,89,-11,82,34,-85,-5,46,76,11,25,13,68,-2,-126,-18,37,-2,61,20,26,10,-22,50,-94,-4,-95,-49,14,-42,-41,77,17,-92,-117,-64,54,30,127,-85,-103,103,75,-35,96,3,-39,38,-39,-36,51
3667,4,76,76,50,50,50,70,70,70,26,86,-71,127,11,104,89,-11,82,34,-85,-5,46,76,11,25,13,68,-2,-126,-18,37,-2,61,20,26,10,-22,50,-94,-4,-95,-49,14,-42,-41,77,17,-92,-117,-64,54,30,127,-85,-103,103,75,-35,96,3,-39,38,-39,-36,51
3668,4,76,76,50,50,50,70,70,70,26,86,-71,127,11,104,89,-11,82,34,-85,-5,46,76,11,25,13,68,-2,-126,-18,37,-2,61,20,26,10,-22,50,-94,-4,-95,-49,14,-42,-41,77,17,-92,-117,-64,54,30,127,-85,-103,103,75,-35,96,3,-39,38,-39,-36,51
3669,4,41,41,41,72,72,72,-16,-16,24,26,86,-71,127,11,104,89,-11,82,34,-85,-5,46,76,11,25,13,68,-2,-126,-18,37,-2,53,-27,-82,0,73,-11,-63,113,18,57,-48,-2,-109,-51,-60,63,115,98,17,-20,90,-52,105,-72,-8,-3,124,69,-31,-21,-97,25
3670,4,41,41,41,72,72,72,-16,-16,24,26,86,-71,127,11,104,89,-11,82,34,-85,-5,46,76,11,25,13,68,-2,-126,-18,37,-2,53,-27,-82,0,73,-11,-63,113,18,57,-48,-2,-109,-51,-60,63,115,98,17,-20,90,-52,105,-72,-8,-3,124,69,-31,-21,-97,25
3671,4,41,41,41,72,72,72,-16,-16,24,26,86,-71,127,11,104,89,-11,82,34,-85,-5,46,76,11,25,13,68,-2,-126,-18,37,-2,53,-27,-82,0,73,-11,-63,113,18,57,-48,-2,-109,-51,-60,63,115,98,17,-20,90,-52,105,-72,-8,-3,124,69,-31,-21,-97,25
3672,4,-108,-21,-21,-21,-77,-77,-77,-21,66,24,26,86,-71,127,11,104,89,-11,82,34,-85,-5,46,76,11,25,13,68,-2,-126,-18,37,-84,-55,-92,-114,17,15,-24,51,102,-78,10,-30,95,-83,121,-21,-43,40,-76,72,51,95,-95,-49,89,113,-12,-5,56,122,98,-26
3673,4,-108,-21,-21,-21,-77,-77,-77,-21,66,24,26,86,-71,127,11,104,89,-11,82,34,-85,-5,46,76,11,25,13,68,-2,-126,-18,37,-84,-55,-92,-114,17,15,-24,51,102,-78,10,-30,95,-83,121,-21,-43,40,-76,72,51,95,-95,-49,89,113,-12,-5,56,122,98,-26
3674,4,-108,-21,-21,-21,-77,-77,-77,-21,66,24,26,86,-71,127,11,104,89,-11,82,34,-85,-5,46,76,11,25,13,68,-2,-126,-18,37,-84,-55,-92,-114,17,15,-24,51,102,-78,10,-30,95,-83,121,-21,-43,40,-76,72,51,95,-95,-49,89,113,-12,-5,56,122,98,-26
3675,4,51,51,52,52,52,34,34,34,-80,66,24,26,86,-71,127,11,104,89,-11,82,34,-85,-5,46,76,11,25,13,68,-2,-126,-18,-49,95,-34,-82,-3,73,-79,53,6,67,-60,-78,90,112,99,79,48,45,66,-28,-73,79,5,69,-41,-34,115,37,83,-19,113,85
3676,4,51,51,52,52,52,34,34,34,-80,66,24,26,86,-71,127,11,104,89,-11,82,34,-85,-5,46,76,11,25,13,68,-2,-126,-18,-49,95,-34,-82,-3,73,-79,53,6,67,-60,-78,90,112,99,79,48,45,66,-28,-73,79,5,69,-41,-34,115,37,83,-19,113,85
3677,4,51,51,52,52,52,34,34,34,-80,66,24,26,86,-71,127,11,104,89,-11,82,34,-85,-5,46,76,11,25,13,68,-2,-126,-18,-49,95,-34,-82,-3,73,-79,53,6,67,-60,-78,90,112,99,79,48,45,66,-28,-73,79,5,69,-41,-34,115,37,83,-19,113,85
3678,4,89,89,89,102,102,102,-31,-31,-54,-80,66,24,26,86,-71,127,11,104,89,-11,82,34,-85,-5,46,76,11,25,13,68,-2,-126,-24,80,-72,33,-73,-3,13,18,22,115,-100,-66,97,88,-69,30,-118,-45,-62,94,93,-49,-18,111,30,-97,-60,-9,-79,-113,69,-118
3679,4,89,89,89,102,102,102,-31,-31,-54,-80,66,24,26,86,-71,127,11,104,89,-11,82,34,-85,-5,46,76,11,25,13,68,-2,-126,-24,80,-72,33,-73,-3,13,18,22,115,-100,-66,97,88,-69,30,-118,-45,-62,94,93,-49,-18,111,30,-97,-60,-9,-79,-113,69,-118
3680,4,89,89,89,102,102,102,-31,-31,-54,-80,66,24,26,86,-71,127,11,104,89,-11,82,34,-85,-5,46,76,11,25,13,68,-2,-126,-24,80,-72,33,-73,-3,13,18,22,115,-100,-66,97,88,-69,30,-118,-45,-62,94,93,-49,-18,111,30,-97,-60,-9,-79,-113,69,-118
3681,4,19,-52,-52,-52,-97,-97,-97,38,-25,-54,-80,66,24,26,86,-71,127,11,104,89,-11,82,34,-85,-5,46,76,11,25,13,68,-2,90,70,-119,-88,22,-115,100,-66,-43,-41,50,-79,-22,-3,-59,-87,83,-97,73,-119,20,-29,57,-96,98,-24,46,-112,7,61,-75,-109
3682,4,19,-52,-52,-52,-97,-97,-97,38,-25,-54,-80,66,24,26,86,-71,127,11,104,89,-11,82,34,-85,-5,46,76,11,25,13,68,-2,90,70,-119,-88,22,-115,100,-66,-43,-41,50,-79,-22,-3,-59,-87,83,-97,73,-119,20,-29,57,-96,98,-24,46,-112,7,61,-75,-109
3683,4,19,-52,-52,-52,-97,-97,-97,38,-25,-54,-80,66,24,26,86,-71,127,11,104,89,-11,82,34,-85,-5,46,76,11,25,13,68,-2,90,70,-119,-88,22,-115,100,-66,-43,-41,50,-79,-22,-3,-59,-87,83,-97,73,-119,20,-29,57,-96,98,-24,46,-112,7,61,-75,-109
3684,4,-63,-63,-71,-71,-71,2,2,2,-20,-25,-54,-80,66,24,26,86,-71,127,11,104,89,-11,82,34,-85,-5,46,76,11,25,13,68,-76,-24,-41,-14,78,37,-32,-118,-43,127,82,-62,1,-9,65,0,113,-31,-123,103,50,-4,118,60,38,51,68,90,12,30,-15,-4
3685,4,-63,-63,-71,-71,-71,2,2,2,-20,-25,-54,-80,66,24,26,86,-71,127,11,104,89,-11,82,34,-85,-5,46,76,11,25,13,68,-76,-24,-41,-14,78,37,-32,-118,-43,127,82,-62,1,-9,65,0,113,-31,-123,103,50,-4,118,60,38,51,68,90,12,30,-15,-4
3686,4,-63,-63,-71,-71,-71,2,2,2,-20,-25,-54,-80,66,24,26,86,-71,127,11,104,89,-11,82,34,-85,-5,46,76,11,25,13,68,-76,-24,-41,-14,78,37,-32,-118,-43,127,82,-62,1,-9,65,0,113,-31,-123,103,50,-4,118,60,38,51,68,90,12,30,-15,-4
3687,4,-121,-121,-121,-116,-116,-116,125,125,55,-20,-25,-54,-80,66,24,26,86,-71,127,11,104,89,-11,82,34,-85,-5,46,76,11,25,13,-103,84,68,-16,87,114,79,65,-86,3,-113,-38,-19,-83,-80,-119,82,-18,124,97,127,-79,-125,-81,-21,-71,-26,55,-86,22,-4,22
3688,4,-121,-121,-121,-116,-116,-116,125,125,55,-20,-25,-54,-80,66,24,26,86,-71,127,11,104,89,-11,82,34,-85,-5,46,76,11,25,13,-103,84,68,-16,87,114,79,65,-86,3,-113,-38,-19,-83,-80,-119,82,-18,124,97,127,-79,-125,-81,-21,-71,-26,55,-86,22,-4,22
3689,4,-121,-121,-121,-116,-116,-116,125,125,55,-20,-25,-54,-80,66,24,26,86,-71,127,11,104,89,-11,82,34,-85,-5,46,76,11,25,13,-103,84,68,-16,87,114,79,65,-86,3,-113,-38,-19,-83,-80,-119,82,-18,124,97,127,-79,-125,-81,-21,-71,-26,55,-86,22,-4,22
3690,4,89,37,37,37,60,60,60,43,76,55,-20,-25,-54,-80,66,24,26,86,-71,127,11,104,89,-11,82,34,-85,-5,46,76,11,25,89,-101,32,22,-20,-23,-121,-50,117,0,103,-111,-33,119,-39,77,-35,4,21,1,-52,56,-79,-98,-43,-39,98,-14,0,-5,103,11
3691,4,89,37,37,37,60,60,60,43,76,55,-20,-25,-54,-80,66,24,26,86,-71,127,11,104,89,-11,82,34,-85,-5,46,76,11,25,89,-101,32,22,-20,-23,-121,-50,117,0,103,-111,-33,119,-39,77,-35,4,21,1,-52,56,-79,-98,-43,-39,98,-14,0,-5,103,11
3692,4,89,37,37,37,60,60,60,43,76,55,-20,-25,-54,-80,66,24,26,86,-71,127,11,104,89,-11,82,34,-85,-5,46,76,11,25,89,-101,32,22,-20,-23,-121,-50,117,0,103,-111,-33,119,-39,77,-35,4,21,1,-52,56,-79,-98,-43,-39,98,-14,0,-5,103,11
3693,4,46,46,93,93,93,-81,-81,-81,41,76,55,-20,-25,-54,-80,66,24,26,86,-71,127,11,104,89,-11,82,34,-85,-5,46,76,11,42,55,-49,-31,72,-43,106,-8,-54,15,-46,126,-48,14,109,-48,-53,31,-75,116,81,-78,62,53,-45,83,-20,123,124,89,-42,18
3694,4,46,46,93,93,93,-81,-81,-81,41,76,55,-20,-25,-54,-80,66,24,26,86,-71,127,11,104,89,-11,82,34,-85,-5,46,76,11,42,55,-49,-31,72,-43,106,-8,-54,15,-46,126,-48,14,109,-48,-53,31,-75,116,81,-78,62,53,-45,83,-20,123,124,89,-42,18
3695,4,46,46,93,93,93,-81,-81,-81,41,76,55,-20,-25,-54,-80,66,24,26,86,-71,127,11,104,89,-11,82,34,-85,-5,46,76,11,42,55,-49,-31,72,-43,106,-8,-54,15,-46,126,-48,14,109,-48,-53,31,-75,116,81,-78,62,53,-45,83,-20,123,124,89,-42,18
3696,4,-120,-120,-120,-91,-91,-91,-3,-3,-108,41,76,55,-20,-25,-54,-80,66,24,26,86,-71,127,11,104,89,-11,82,34,-85,-5,46,76,37,17,-88,103,116,-81,-110,22,100,-93,-121,-4,-44,109,-120,-51,-83,-28,5,-56,97,19,2,52,-58,123,6,61,11,99,-43,87
3697,4,-120,-120,-120,-91,-91,-91,-3,-3,-108,41,76,55,-20,-25,-54,-80,66,24,26,86,-71,127,11,104,89,-11,82,34,-85,-5,46,76,37,17,-88,103,116,-81,-110,22,100,-93,-121,-4,-44,109,-120,-51,-83,-28,5,-56,97,19,2,52,-58,123,6,61,11,99,-43,87
3698,4,-120,-120,-120,-91,-91,-91,-3,-3,-108,41,76,55,-20,-25,-54,-80,66,24,26,86,-71,127,11,104,89,-11,82,34,-85,-5,46,76,37,17,-88,103,116,-81,-110,22,100,-93,-121,-4,-44,109,-120,-51,-83,-28,5,-56,97,19,2,52,-58,123,6,61,11,99,-43,87
3699,4,-73,-83,-83,-83,-47,-47,-47,-113,51,-108,41,76,55,-20,-25,-54,-80,66,24,26,86,-71,127,11,104,89,-11,82,34,-85,-5,46,122,-35,-97,-46,93,-60,-16,-116,102,29,-92,104,-39,-108,-34,117,-51,28,15,-113,-17,73,-127,71,36,37,39,-31,-121,4,114,41
3700,4,-73,-83,-83,-83,-47,-47,-47,-113,51,-108,41,76,55,-20,-25,-54,-80,66,24,26,86,-71,127,11,104,89,-11,82,34,-85,-5,46,122,-35,-97,-46,93,-60,-16,-116,102,29,-92,104,-39,-108,-34,117,-51,28,15,-113,-17,73,-127,71,36,37,39,-31,-121,4,114,41
3701,4,-73,-83,-83,-83,-47,-47,-47,-113,51,-108,41,76,55,-20,-25,-54,-80,66,24,26,86,-71,127,11,104,89,-11,82,34,-85,-5,46,122,-35,-97,-46,93,-60,-16,-116,102,29,-92,104,-39,-108,-34,117,-51,28,15,-113,-17,73,-127,71,36,37,39,-31,-121,4,114,41
3702,4,-103,-103,-31,-31,-31,-72,-72,-72,89,51,-108,41,76,55,-20,-25,-54,-80,66,24,26,86,-71,127,11,104,89,-11,82,34,-85,-5,-92,-93,-39,-80,-50,-3,-103,79,108,93,-28,-39,-19,14,67,36,-86,98,-37,27,-53,-96,48,-13,-6,-79,94,85,38,-28,-74,72
3703,4,-103,-103,-31,-31,-31,-72,-72,-72,89,51,-108,41,76,55,-20,-25,-54,-80,66,24,26,86,-71,127,11,104,89,-11,82,34,-85,-5,-92,-93,-39,-80,-50,-3,-103,79,108,93,-28,-39,-19,14,67,36,-86,98,-37,27,-53,-96,48,-13,-6,-79,94,85,38,-28,-74,72
3704,4,-103,-103,-31,-31,-31,-72,-72,-72,89,51,-108,41,76,55,-20,-25,-54,-80,66,24,26,86,-71,127,11,104,89,-11,82,34,-85,-5,-92,-93,-39,-80,-50,-3,-103,79,108,93,-28,-39,-19,14,67,36,-86,98,-37,27,-53,-96,48,-13,-6,-79,94,85,38,-28,-74,72
3705,4,17,17,17,-103,-103,-103,-62,-62,19,89,51,-108,41,76,55,-20,-25,-54,-80,66,24,26,86,-71,127,11,104,89,-11,82,34,-85,66,105,-29,8,90,95,57,118,-33,-59,17,-119,-30,12,-21,4,-67,-77,-124,-107,-110,-18,126,7,-2,0,35,74,83,122,62,27
3706,4,17,17,17,-103,-103,-103,-62,-62,19,89,51,-108,41,76,55,-20,-25,-54,-80,66,24,26,86,-71,127,11,104,89,-11,82,34,-85,66,105,-29,8,90,95,57,118,-33,-59,17,-119,-30,12,-21,4,-67,-77,-124,-107,-110,-18,126,7,-2,0,35,74,83,122,62,27
3707,4,17,17,17,-103,-103,-103,-62,-62,19,89,51,-108,41,76,55,-20,-25,-54,-80,66,24,26,86,-71,127,11,104,89,-11,82,34,-85,66,105,-29,8,90,95,57,118,-33,-59,17,-119,-30,12,-21,4,-67,-77,-124,-107,-110,-18,126,7,-2,0,35,74,83,122,62,27
3708,4,-121,-11,-11,-11,21,21,21,-21,-63,19,89,51,-108,41,76,55,-20,-25,-54,-80,66,24,26,86,-71,127,11,104,89,-11,82,34,-74,-74,-7,-37,-57,96,12,110,20,112,109,99,-6,56,-10,-61,68,37,-44,-45,-29,-105,-94,44,4,-70,-104,29,-112,55,-69,-3
3709,4,-121,-11,-11,-11,21,21,21,-21,-63,19,89,51,-108,41,76,55,-20,-25,-54,-80,66,24,26,86,-71,127,11,104,89,-11,82,34,-74,-74,-7,-37,-57,96,12,110,20,112,109,99,-6,56,-10,-61,68,37,-44,-45,-29,-105,-94,44,4,-70,-104,29,-112,55,-69,-3
3710,4,-121,-11,-11,-11,21,21,21,-21,-63,19,89,51,-108,41,76,55,-20,-25,-54,-80,66,24,26,86,-71,127,11,104,89,-11,82,34,-74,-74,-7,-37,-57,96,12,110,20,112,109,99,-6,56,-10,-61,68,37,-44,-45,-29,-105,-94,44,4,-70,-104,29,-112,55,-69,-3
3711,4,56,56,9,9,9,-66,-66,-66,-121,-63,19,89,51,-108,41,76,55,-20,-25,-54,-80,66,24,26,86,-71,127,11,104,89,-11,82,-121,114,-35,122,-66,-26,104,83,40,50,-62,-20,-75,24,29,4,-106,-52,111,33,-97,-90,83,-31,59,-67,-109,-5,12,99,-63,-46
3712,4,56,56,9,9,9,-66,-66,-66,-121,-63,19,89,51,-108,41,76,55,-20,-25,-54,-80,66,24,26,86,-71,127,11,104,89,-11,82,-121,114,-35,122,-66,-26,104,83,40,50,-62,-20,-75,24,29,4,-106,-52,111,33,-97,-90,83,-31,59,-67,-109,-5,12,99,-63,-46
3713,4,56,56,9,9,9,-66,-66,-66,-121,-63,19,89,51,-108,41,76,55,-20,-25,-54,-80,66,24,26,86,-71,127,11,104,89,-11,82,-121,114,-35,122,-66,-26,104,83,40,50,-62,-20,-75,24,29,4,-106,-52,111,33,-97,-90,83,-31,59,-67,-109,-5,12,99,-63,-46
3714,4,-61,-61,-61,-60,-60,-60,106,106,89,-121,-63,19,89,51,-108,41,76,55,-20,-25,-54,-80,66,24,26,86,-71,127,11,104,89,-11,99,127,-46,-31,37,-69,69,-56,61,-58,106,39,-4,-115,87,127,-48,113,-71,113,-55,-69,-41,11,-71,-78,9,-116,28,104,-36,-46
3715,4,-61,-61,-61,-60,-60,-60,106,106,89,-121,-63,19,89,51,-108,41,76,55,-20,-25,-54,-80,66,24,26,86,-71,127,11,104,89,-11,99,127,-46,-31,37,-69,69,-56,61,-58,106,39,-4,-115,87,127,-48,113,-71,113,-55,-69,-41,11,-71,-78,9,-116,28,104,-36,-46
3716,4,-61,-61,-61,-60,-60,-60,106,106,89,-121,-63,19,89,51,-108,41,76,55,-20,-25,-54,-80,66,24,26,86,-71,127,11,104,89,-11,99,127,-46,-31,37,-69,69,-56,61,-58,106,39,-4,-115,87,127,-48,113,-71,113,-55,-69,-41,11,-71,-78,9,-116,28,104,-36,-46
3717,4,51,121,121,121,-42,-42,-42,83,46,89,-121,-63,19,89,51,-108,41,76,55,-20,-25,-54,-80,66,24,26,86,-71,127,11,104,89,100,-35,39,-122,-63,39,-119,76,115,54,-79,-11,-110,-68,71,-25,47,-27,-56,40,-38,-72,-55,122,37,-111,35,-107,-57,92,-42,-89
3718,4,51,121,121,121,-42,-42,-42,83,46,89,-121,-63,19,89,51,-108,41,76,55,-20,-25,-54,-80,66,24,26,86,-71,127,11,104,89,100,-35,39,-122,-63,39,-119,76,115,54,-79,-11,-110,-68,71,-25,47,-27,-56,40,-38,-72,-55,122,37,-111,35,-107,-57,92,-42,-89
3719,4,51,121,121,121,-42,-42,-42,83,46,89,-121,-63,19,89,51,-108,41,76,55,-20,-25,-54,-80,66,24,26,86,-71,127,11,104,89,100,-35,39,-122,-63,39,-119,76,115,54,-79,-11,-110,-68,71,-25,47,-27,-56,40,-38,-72,-55,122,37,-111,35,-107,-57,92,-42,-89
3720,4,10,10,120,120,120,-55,-55,-55,-120,46,89,-121,-63,19,89,51,-108,41,76,55,-20,-25,-54,-80,66,24,26,86,-71,127,11,104,127,2,-110,116,60,-116,-2,111,54,3,-25,31,-114,-38,60,12,102,97,94,90,-114,11,-32,-104,-20,72,111,-17,52,-87,105,-110
3721,4,10,10,120,120,120,-55,-55,-55,-120,46,89,-121,-63,19,89,51,-108,41,76,55,-20,-25,-54,-80,66,24,26,86,-71,127,11,104,127,2,-110,116,60,-116,-2,111,54,3,-25,31,-114,-38,60,12,102,97,94,90,-114,11,-32,-104,-20,72,111,-17,52,-87,105,-110
3722,4,10,10,120,120,120,-55,-55,-55,-120,46,89,-121,-63,19,89,51,-108,41,76,55,-20,-25,-54,-80,66,24,26,86,-71,127,11,104,127,2,-110,116,60,-116,-2,111,54,3,-25,31,-114,-38,60,12,102,97,94,90,-114,11,-32,-104,-20,72,111,-17,52,-87,105,-110
3723,4,-89,-89,-89,-71,-71,-71,56,56,-73,-120,46,89,-121,-63,19,89,51,-108,41,76,55,-20,-25,-54,-80,66,24,26,86,-71,127,11,31,113,-100,-101,-93,-63,-55,-110,28,24,10,82,-38,-74,21,-11,116,121,-20,68,88,-66,22,96,83,107,-73,-32,107,61,-54,118
3724,4,-89,-89,-89,-71,-71,-71,56,56,-73,-120,46,89,-121,-63,19,89,51,-108,41,76,55,-20,-25,-54,-80,66,24,26,86,-71,127,11,31,113,-100,-101,-93,-63,-55,-110,28,24,10,82,-38,-74,21,-11,116,121,-20,68,88,-66,22,96,83,107,-73,-32,107,61,-54,118
3725,4,-89,-89,-89,-71,-71,-71,56,56,-73,-120,46,89,-121,-63,19,89,51,-108,41,76,55,-20,-25,-54,-80,66,24,26,86,-71,127,11,31,113,-100,-101,-93,-63,-55,-110,28,24,10,82,-38,-74,21,-11,116,121,-20,68,88,-66,22,96,83,107,-73,-32,107,61,-54,118
3726,4,-116,45,45,45,-63,-63,-63,-119,-103,-73,-120,46,89,-121,-63,19,89,51,-108,41,76,55,-20,-25,-54,-80,66,24,26,86,-71,127,39,-107,-66,78,34,60,-61,-101,121,63,65,-73,37,52,14,-121,-33,33,-48,-122,110,-4,31,71,-63,-71,-89,-73,2,9,20,82
3727,4,-116,45,45,45,-63,-63,-63,-119,-103,-73,-120,46,89,-121,-63,19,89,51,-108,41,76,55,-20,-25,-54,-80,66,24,26,86,-71,127,39,-107,-66,78,34,60,-61,-101,121,63,65,-73,37,52,14,-121,-33,33,-48,-122,110,-4,31,71,-63,-71,-89,-73,2,9,20,82
3728,4,-116,45,45,45,-63,-63,-63,-119,-103,-73,-120,46,89,-121,-63,19,89,51,-108,41,76,55,-20,-25,-54,-80,66,24,26,86,-71,127,39,-107,-66,78,34,60,-61,-101,121,63,65,-73,37,52,14,-121,-33,33,-48,-122,110,-4,31,71,-63,-71,-89,-73,2,9,20,82
3729,4,-16,-16,-36,-36,-36,-44,-44,-44,17,-103,-73,-120,46,89,-121,-63,19,89,51,-108,41,76,55,-20,-25,-54,-80,66,24,26,86,-71,123,98,-126,-122,-110,-35,102,79,126,-32,-48,123,114,-79,10,56,-111,-37,58,80,-55,43,-106,-102,26,-34,-57,-44,105,-124,40,-104
3730,4,-16,-16,-36,-36,-36,-44,-44,-44,17,-103,-73,-120,46,89,-121,-63,19,89,51,-108,41,76,55,-20,-25,-54,-80,66,24,26,86,-71,123,98,-126,-122,-110,-35,102,79,126,-32,-48,123,114,-79,10,56,-111,-37,58,80,-55,43,-106,-102,26,-34,-57,-44,105,-124,40,-104
3731,4,-16,-16,-36,-36,-36,-44,-44,-44,17,-103,-73,-120,46,89,-121,-63,19,89,51,-108,41,76,55,-20,-25,-54,-80,66,24,26,86,-71,123,98,-126,-122,-110,-35,102,79,126,-32,-48,123,114,-79,10,56,-111,-37,58,80,-55,43,-106,-102,26,-34,-57,-44,105,-124,40,-104
3732,4,-49,-49,-49,-74,-74,-74,14,14,-121,17,-103,-73,-120,46,89,-121,-63,19,89,51,-108,41,76,55,-20,-25,-54,-80,66,24,26,86,-103,-26,-2,-20,24,68,-126,52,-14,55,47,55,113,2,-12,-78,-12,2,80,-46,-46,-80,-60,10,-37,-82,-79,-95,-11,81,66,79
3733,4,-49,-49,-49,-74,-74,-74,14,14,-121,17,-103,-73,-120,46,89,-121,-63,19,89,51,-108,41,76,55,-20,-25,-54,-80,66,24,26,86,-103,-26,-2,-20,24,68,-126,52,-14,55,47,55,113,2,-12,-78,-12,2,80,-46,-46,-80,-60,10,-37,-82,-79,-95,-11,81,66,79
3734,4,-49,-49,-49,-74,-74,-74,14,14,-121,17,-103,-73,-120,46,89,-121,-63,19,89,51,-108,41,76,55,-20,-25,-54,-80,66,24,26,86,-103,-26,-2,-20,24,68,-126,52,-14,55,47,55,113,2,-12,-78,-12,2,80,-46,-46,-80,-60,10,-37,-82,-79,-95,-11,81,66,79
3735,4,19,90,90,90,62,62,62,110,56,-121,17,-103,-73,-120,46,89,-121,-63,19,89,51,-108,41,76,55,-20,-25,-54,-80,66,24,26,-47,-122,-24,-63,-93,-35,-86,-12,3,17,-40,72,-19,28,98,-15,-3,8,-1,-64,14,91,26,47,-76,84,-41,99,72,121,98,35
3736,4,19,90,90,90,62,62,62,110,56,-121,17,-103,-73,-120,46,89,-121,-63,19,89,51,-108,41,76,55,-20,-25,-54,-80,66,24,26,-47,-122,-24,-63,-93,-35,-86,-12,3,17,-40,72,-19,28,98,-15,-3,8,-1,-64,14,91,26,47,-76,84,-41,99,72,121,98,35
3737,4,19,90,90,90,62,62,62,110,56,-121,17,-103,-73,-120,46,89,-121,-63,19,89,51,-108,41,76,55,-20,-25,-54,-80,66,24,26,-47,-122,-24,-63,-93,-35,-86,-12,3,17,-40,72,-19,28,98,-15,-3,8,-1,-64,14,91,26,47,-76,84,-41,99,72,121,98,35
3738,4,27,27,-34,-34,-34,-48,-48,-48,-61,56,-121,17,-103,-73,-120,46,89,-121,-63,19,89,51,-108,41,76,55,-20,-25,-54,-80,66,24,25,-12,-2,43,73,36,-83,25,10,34,-104,84,88,109,-10,-42,-83,-71,59,70,59,-35,24,5,41,-108,-61,-38,-11,-120,-95,-74
3739,4,27,27,-34,-34,-34,-48,-48,-48,-61,56,-121,17,-103,-73,-120,46,89,-121,-63,19,89,51,-108,41,76,55,-20,-25,-54,-80,66,24,25,-12,-2,43,73,36,-83,25,10,34,-104,84,88,109,-10,-42,-83,-71,59,70,59,-35,24,5,41,-108,-61,-38,-11,-120,-95,-74
3740,4,27,27,-34,-34,-34,-48,-48,-48,-61,56,-121,17,-103,-73,-120,46,89,-121,-63,19,89,51,-108,41,76,55,-20,-25,-54,-80,66,24,25,-12,-2,43,73,36,-83,25,10,34,-104,84,88,109,-10,-42,-83,-71,59,70,59,-35,24,5,41,-108,-61,-38,-11,-120,-95,-74
3741,4,-116,-116,-116,40,40,40,-52,-52,51,-61,56,-121,17,-103,-73,-120,46,89,-121,-63,19,89,51,-108,41,76,55,-20,-25,-54,-80,66,-38,68,36,-1,-69,-123,-91,-47,-47,60,102,59,-77,-111,-59,-55,-37,18,-70,-117,32,-26,120,-21,90,127,-65,-94,25,67,73,-52
3742,4,-116,-116,-116,40,40,40,-52,-52,51,-61,56,-121,17,-103,-73,-120,46,89,-121,-63,19,89,51,-108,41,76,55,-20,-25,-54,-80,66,-38,68,36,-1,-69,-123,-91,-47,-47,60,102,59,-77,-111,-59,-55,-37,18,-70,-117,32,-26,120,-21,90,127,-65,-94,25,67,73,-52
3743,4,-116,-116,-116,40,40,40,-52,-52,51,-61,56,-121,17,-103,-73,-120,46,89,-121,-63,19,89,51,-108,41,76,55,-20,-25,-54,-80,66,-38,68,36,-1,-69,-123,-91,-47,-47,60,102,59,-77,-111,-59,-55,-37,18,-70,-117,32,-26,120,-21,90,127,-65,-94,25,67,73,-52
3744,4,125,87,87,87,-48,-48,-48,-46,10,51,-61,56,-121,17,-103,-73,-120,46,89,-121,-63,19,89,51,-108,41,76,55,-20,-25,-54,-80,121,-70,-6,-22,-32,-106,45,83,21,102,-50,-88,-69,-88,-22,-100,-44,20,-25,-9,81,61,-87,-12,1,-23,-126,110,-49,-7,-56,7
3745,4,125,87,87,87,-48,-48,-48,-46,10,51,-61,56,-121,17,-103,-73,-120,46,89,-121,-63,19,89,51,-108,41,76,55,-20,-25,-54,-80,121,-70,-6,-22,-32,-106,45,83,21,102,-50,-88,-69,-88,-22,-100,-44,20,-25,-9,81,61,-87,-12,1,-23,-126,110,-49,-7,-56,7
3746,4,125,87,87,87,-48,-48,-48,-46,10,51,-61,56,-121,17,-103,-73,-120,46,89,-121,-63,19,89,51,-108,41,76,55,-20,-25,-54,-80,121,-70,-6,-22,-32,-106,45,83,21,102,-50,-88,-69,-88,-22,-100,-44,20,-25,-9,81,61,-87,-12,1,-23,-126,110,-49,-7,-56,7
3747,4,69,69,84,84,84,108,108,108,-89,10,51,-61,56,-121,17,-103,-73,-120,46,89,-121,-63,19,89,51,-108,41,76,55,-20,-25,-54,-24,0,-24,-113,24,116,27,101,100,58,-73,114,-110,72,32,78,113,80,97,-26,20,-112,5,22,11,-13,-81,-15,-28,-68,-84,-78
3748,4,69,69,84,84,84,108,108,108,-89,10,51,-61,56,-121,17,-103,-73,-120,46,89,-121,-63,19,89,51,-108,41,76,55,-20,-25,-54,-24,0,-24,-113,24,116,27,101,100,58,-73,114,-110,72,32,78,113,80,97,-26,20,-112,5,22,11,-13,-81,-15,-28,-68,-84,-78
3749,4,69,69,84,84,84,108,108,108,-89,10,51,-61,56,-121,17,-103,-73,-120,46,89,-121,-63,19,89,51,-108,41,76,55,-20,-25,-54,-24,0,-24,-113,24,116,27,101,100,58,-73,114,-110,72,32,78,113,80,97,-26,20,-112,5,22,11,-13,-81,-15,-28,-68,-84,-78
3750,4,36,36,36,-87,-87,-87,-127,-127,-116,-89,10,51,-61,56,-121,17,-103,-73,-120,46,89,-121,-63,19,89,51,-108,41,76,55,-20,-25,7,33,66,-85,-120,-64,-57,115,10,-108,15,-42,79,65,-106,7,-4,39,45,80,-53,17,-53,-49,-55,55,82,-15,-35,117,-111,-40
3751,4,36,36,36,-87,-87,-87,-127,-127,-116,-89,10,51,-61,56,-121,17,-103,-73,-120,46,89,-121,-63,19,89,51,-108,41,76,55,-20,-25,7,33,66,-85,-120,-64,-57,115,10,-108,15,-42,79,65,-106,7,-4,39,45,80,-53,17,-53,-49,-55,55,82,-15,-35,117,-111,-40
3752,4,36,36,36,-87,-87,-87,-127,-127,-116,-89,10,51,-61,56,-121,17,-103,-73,-120,46,89,-121,-63,19,89,51,-108,41,76,55,-20,-25,7,33,66,-85,-120,-64,-57,115,10,-108,15,-42,79,65,-106,7,-4,39,45,80,-53,17,-53,-49,-55,55,82,-15,-35,117,-111,-40
3753,4,35,69,69,69,-75,-75,-75,107,-16,-116,-89,10,51,-61,56,-121,17,-103,-73,-120,46,89,-121,-63,19,89,51,-108,41,76,55,-20,-24,-94,31,-45,-46,-63,-48,-101,-98,109,65,5,28,116,-112,98,-90,-16,5,-24,-21,-33,68,117,61,53,16,-38,-45,109,-90,125
3754,4,35,69,69,69,-75,-75,-75,107,-16,-116,-89,10,51,-61,56,-121,17,-103,-73,-120,46,89,-121,-63,19,89,51,-108,41,76,55,-20,-24,-94,31,-45,-46,-63,-48,-101,-98,109,65,5,28,116,-112,98,-90,-16,5,-24,-21,-33,68,117,61,53,16,-38,-45,109,-90,125
3755,4,35,69,69,69,-75,-75,-75,107,-16,-116,-89,10,51,-61,56,-121,17,-103,-73,-120,46,89,-121,-63,19,89,51,-108,41,76,55,-20,-24,-94,31,-45,-46,-63,-48,-101,-98,109,65,5,28,116,-112,98,-90,-16,5,-24,-21,-33,68,117,61,53,16,-38,-45,109,-90,125
3756,4,-104,-104,66,66,66,-80,-80,-80,-49,-16,-116,-89,10,51,-61,56,-121,17,-103,-73,-120,46,89,-121,-63,19,89,51,-108,41,76,55,77,13,56,-83,-18,-101,106,-66,-27,-47,117,-23,-117,113,-40,-89,-65,31,60,97,-68,46,91,-108,85,127,-112,111,39,110,98,-16
3757,4,-104,-104,66,66,66,-80,-80,-80,-49,-16,-116,-89,10,51,-61,56,-121,17,-103,-73,-120,46,89,-121,-63,19,89,51,-108,41,76,55,77,13,56,-83,-18,-101,106,-66,-27,-47,117,-23,-117,113,-40,-89,-65,31,60,97,-68,46,91,-108,85,127,-112,111,39,110,98,-16
3758,4,-104,-104,66,66,66,-80,-80,-80,-49,-16,-116,-89,10,51,-61,56,-121,17,-103,-73,-120,46,89,-121,-63,19,89,51,-108,41,76,55,77,13,56,-83,-18,-101,106,-66,-27,-47,117,-23,-117,113,-40,-89,-65,31,60,97,-68,46,91,-108,85,127,-112,111,39,110,98,-16
3759,4,119,119,119,115,115,115,-33,-33,19,-49,-16,-116,-89,10,51,-61,56,-121,17,-103,-73,-120,46,89,-121,-63,19,89,51,-108,41,76,61,-127,-102,-116,107,13,107,-95,-60,-96,-86,125,91,98,-64,116,-86,21,94,-14,-88,42,-7,31,58,-113,-81,123,-1,-98,40,-118
3760,4,119,119,119,115,115,115,-33,-33,19,-49,-16,-116,-89,10,51,-61,56,-121,17,-103,-73,-120,46,89,-121,-63,19,89,51,-108,41,76,61,-127,-102,-116,107,13,107,-95,-60,-96,-86,125,91,98,-64,116,-86,21,94,-14,-88,42,-7,31,58,-113,-81,123,-1,-98,40,-118
3761,4,119,119,119,115,115,115,-33,-33,19,-49,-16,-116,-89,10,51,-61,56,-121,17,-103,-73,-120,46,89,-121,-63,19,89,51,-108,41,76,61,-127,-102,-116,107,13,107,-95,-60,-96,-86,125,91,98,-64,116,-86,21,94,-14,-88,42,-7,31,58,-113,-81,123,-1,-98,40,-118
3762,4,-21,31,31,31,119,119,119,19,27,19,-49,-16,-116,-89,10,51,-61,56,-121,17,-103,-73,-120,46,89,-121,-63,19,89,51,-108,41,53,14,74,-96,10,-118,65,6,-80,61,-92,58,-58,-36,103,65,61,-67,12,98,-84,103,-59,-55,73,-77,18,125,20,57,12,-7
3763,4,-21,31,31,31,119,119,119,19,27,19,-49,-16,-116,-89,10,51,-61,56,-121,17,-103,-73,-120,46,89,-121,-63,19,89,51,-108,41,53,14,74,-96,10,-118,65,6,-80,61,-92,58,-58,-36,103,65,61,-67,12,98,-84,103,-59,-55,73,-77,18,125,20,57,12,-7
3764,4,-21,31,31,31,119,119,119,19,27,19,-49,-16,-116,-89,10,51,-61,56,-121,17,-103,-73,-120,46,89,-121,-63,19,89,51,-108,41,53,14,74,-96,10,-118,65,6,-80,61,-92,58,-58,-36,103,65,61,-67,12,98,-84,103,-59,-55,73,-77,18,125,20,57,12,-7
3765,4,64,64,106,106,106,-16,-16,-16,-116,27,19,-49,-16,-116,-89,10,51,-61,56,-121,17,-103,-73,-120,46,89,-121,-63,19,89,51,-108,-3,-120,15,48,114,-41,-123,21,18,-69,56,-126,33,-69,-124,49,3,-15,95,-44,-72,84,-111,2,-69,91,109,-61,-86,79,-68,83
3766,4,64,64,106,106,106,-16,-16,-16,-116,27,19,-49,-16,-116,-89,10,51,-61,56,-121,17,-103,-73,-120,46,89,-121,-63,19,89,51,-108,-3,-120,15,48,114,-41,-123,21,18,-69,56,-126,33,-69,-124,49,3,-15,95,-44,-72,84,-111,2,-69,91,109,-61,-86,79,-68,83
3767,4,64,64,106,106,106,-16,-16,-16,-116,27,19,-49,-16,-116,-89,10,51,-61,56,-121,17,-103,-73,-120,46,89,-121,-63,19,89,51,-108,-3,-120,15,48,114,-41,-123,21,18,-69,56,-126,33,-69,-124,49,3,-15,95,-44,-72,84,-111,2,-69,91,109,-61,-86,79,-68,83
3768,4,-101,-101,-101,-81,-81,-81,-40,-40,125,-116,27,19,-49,-16,-116,-89,10,51,-61,56,-121,17,-103,-73,-120,46,89,-121,-63,19,89,51,-10,38,126,-57,14,18,65,-60,11,32,126,-41,-105,-14,-120,-32,3,39,55,50,32,-101,75,46,-96,14,-102,-1,-4,-102,8,-32
3769,4,-101,-101,-101,-81,-81,-81,-40,-40,125,-116,27,19,-49,-16,-116,-89,10,51,-61,56,-121,17,-103,-73,-120,46,89,-121,-63,19,89,51,-10,38,126,-57,14,18,65,-60,11,32,126,-41,-105,-14,-120,-32,3,39,55,50,32,-101,75,46,-96,14,-102,-1,-4,-102,8,-32
3770,4,-101,-101,-101,-81,-81,-81,-40,-40,125,-116,27,19,-49,-16,-116,-89,10,51,-61,56,-121,17,-103,-73,-120,46,89,-121,-63,19,89,51,-10,38,126,-57,14,18,65,-60,11,32,126,-41,-105,-14,-120,-32,3,39,55,50,32,-101,75,46,-96,14,-102,-1,-4,-102,8,-32
3771,4,-5,-65,-65,-65,-103,-103,-103,58,69,125,-116,27,19,-49,-16,-116,-89,10,51,-61,56,-121,17,-103,-73,-120,46,89,-121,-63,19,89,70,-19,39,22,-86,-73,-90,-112,-101,18,106,-88,-105,-92,98,74,87,-109,-43,-12,-77,-79,-95,20,-100,11,-87,117,-76,-117,86,43
3772,4,-5,-65,-65,-65,-103,-103,-103,58,69,125,-116,27,19,-49,-16,-116,-89,10,51,-61,56,-121,17,-103,-73,-120,46,89,-121,-63,19,89,70,-19,39,22,-86,-73,-90,-112,-101,18,106,-88,-105,-92,98,74,87,-109,-43,-12,-77,-79,-95,20,-100,11,-87,117,-76,-117,86,43
3773,4,-5,-65,-65,-65,-103,-103,-103,58,69,125,-116,27,19,-49,-16,-116,-89,10,51,-61,56,-121,17,-103,-73,-120,46,89,-121,-63,19,89,70,-19,39,22,-86,-73,-90,-112,-101,18,106,-88,-105,-92,98,74,87,-109,-43,-12,-77,-79,-95,20,-100,11,-87,117,-76,-117,86,43
3774,4,-72,-72,-125,-125,-125,95,95,95,36,69,125,-116,27,19,-49,-16,-116,-89,10,51,-61,56,-121,17,-103,-73,-120,46,89,-121,-63,19,-20,-100,-96,-65,78,48,-40,28,125,80,120,86,-49,-116,-38,120,48,-2,100,-46,-10,58,65,-19,-70,-109,50,102,108,30,15,42
3775,4,-72,-72,-125,-125,-125,95,95,95,36,69,125,-116,27,19,-49,-16,-116,-89,10,51,-61,56,-121,17,-103,-73,-120,46,89,-121,-63,19,-20,-100,-96,-65,78,48,-40,28,125,80,120,86,-49,-116,-38,120,48,-2,100,-46,-10,58,65,-19,-70,-109,50,102,108,30,15,42
3776,4,-72,-72,-125,-125,-125,95,95,95,36,69,125,-116,27,19,-49,-16,-116,-89,10,51,-61,56,-121,17,-103,-73,-120,46,89,-121,-63,19,-20,-100,-96,-65,78,48,-40,28,125,80,120,86,-49,-116,-38,120,48,-2,100,-46,-10,58,65,-19,-70,-109,50,102,108,30,15,42
3777,4,113,113,113,-29,-29,-29,-47,-47,35,36,69,125,-116,27,19,-49,-16,-116,-89,10,51,-61,56,-121,17,-103,-73,-120,46,89,-121,-63,3,-75,14,-33,32,-127,-52,49,-36,24,24,-105,78,-102,1,-101,-95,-21,73,126,-8,36,48,31,-80,73,-33,-42,-96,53,-55,-79
3778,4,113,113,113,-29,-29,-29,-47,-47,35,36,69,125,-116,27,19,-49,-16,-116,-89,10,51,-61,56,-121,17,-103,-73,-120,46,89,-121,-63,3,-75,14,-33,32,-127,-52,49,-36,24,24,-105,78,-102,1,-101,-95,-21,73,126,-8,36,48,31,-80,73,-33,-42,-96,53,-55,-79
3779,4,113,113,113,-29,-29,-29,-47,-47,35,36,69,125,-116,27,19,-49,-16,-116,-89,10,51,-61,56,-121,17,-103,-73,-120,46,89,-121,-63,3,-75,14,-33,32,-127,-52,49,-36,24,24,-105,78,-102,1,-101,-95,-21,73,126,-8,36,48,31,-80,73,-33,-42,-96,53,-55,-79
3780,4,15,-127,-127,-127,35,35,35,-67,-104,35,36,69,125,-116,27,19,-49,-16,-116,-89,10,51,-61,56,-121,17,-103,-73,-120,46,89,-121,95,54,26,31,90,106,-28,-60,67,18,-114,-71,-119,94,69,80,-127,-21,28,-108,9,-48,22,118,85,3,63,81,76,58,22,92
3781,4,15,-127,-127,-127,35,35,35,-67,-104,35,36,69,125,-116,27,19,-49,-16,-116,-89,10,51,-61,56,-121,17,-103,-73,-120,46,89,-121,95,54,26,31,90,106,-28,-60,67,18,-114,-71,-119,94,69,80,-127,-21,28,-108,9,-48,22,118,85,3,63,81,76,58,22,92
3782,4,15,-127,-127,-127,35,35,35,-67,-104,35,36,69,125,-116,27,19,-49,-16,-116,-89,10,51,-61,56,-121,17,-103,-73,-120,46,89,-121,95,54,26,31,90,106,-28,-60,67,18,-114,-71,-119,94,69,80,-127,-21,28,-108,9,-48,22,118,85,3,63,81,76,58,22,92
3783,4,28,28,-51,-51,-51,64,64,64,119,-104,35,36,69,125,-116,27,19,-49,-16,-116,-89,10,51,-61,56,-121,17,-103,-73,-120,46,89,96,12,-80,8,79,84,42,-71,-1,-116,113,122,56,126,-105,-51,60,104,62,-71,26,4,57,26,14,-71,110,43,54,104,10,-6
3784,4,28,28,-51,-51,-51,64,64,64,119,-104,35,36,69,125,-116,27,19,-49,-16,-116,-89,10,51,-61,56,-121,17,-103,-73,-120,46,89,96,12,-80,8,79,84,42,-71,-1,-116,113,122,56,126,-105,-51,60,104,62,-71,26,4,57,26,14,-71,110,43,54,104,10,-6
3785,4,28,28,-51,-51,-51,64,64,64,119,-104,35,36,69,125,-116,27,19,-49,-16,-116,-89,10,51,-61,56,-121,17,-103,-73,-120,46,89,96,12,-80,8,79,84,42,-71,-1,-116,113,122,56,126,-105,-51,60,104,62,-71,26,4,57,26,14,-71,110,43,54,104,10,-6
3786,4,-89,-89,-89,-91,-91,-91,-73,-73,-21,119,-104,35,36,69,125,-116,27,19,-49,-16,-116,-89,10,51,-61,56,-121,17,-103,-73,-120,46,-72,41,-79,41,-70,127,-80,-98,-69,77,21,-82,-117,3,22,-79,16,-9,-105,48,105,-122,-118,78,105,6,-41,-62,14,71,41,33
3787,4,-89,-89,-89,-91,-91,-91,-73,-73,-21,119,-104,35,36,69,125,-116,27,19,-49,-16,-116,-89,10,51,-61,56,-121,17,-103,-73,-120,46,-72,41,-79,41,-70,127,-80,-98,-69,77,21,-82,-117,3,22,-79,16,-9,-105,48,105,-122,-118,78,105,6,-41,-62,14,71,41,33
3788,4,-89,-89,-89,-91,-91,-91,-73,-73,-21,119,-104,35,36,69,125,-116,27,19,-49,-16,-116,-89,10,51,-61,56,-121,17,-103,-73,-120,46,-72,41,-79,41,-70,127,-80,-98,-69,77,21,-82,-117,3,22,-79,16,-9,-105,48,105,-122,-118,78,105,6,-41,-62,14,71,41,33
3789,4,-118,-27,-27,-27,-49,-49,-49,-65,64,-21,119,-104,35,36,69,125,-116,27,19,-49,-16,-116,-89,10,51,-61,56,-121,17,-103,-73,-120,-118,-79,99,4,-35,36,40,-16,99,26,51,75,-65,-6,-113,56,25,13,19,-17,-52,-30,15,11,9,5,-96,94,-66,-48,-49,-96
3790,4,-118,-27,-27,-27,-49,-49,-49,-65,64,-21,119,-104,35,36,69,125,-116,27,19,-49,-16,-116,-89,10,51,-61,56,-121,17,-103,-73,-120,-118,-79,99,4,-35,36,40,-16,99,26,51,75,-65,-6,-113,56,25,13,19,-17,-52,-30,15,11,9,5,-96,94,-66,-48,-49,-96
3791,4,-118,-27,-27,-27,-49,-49,-49,-65,64,-21,119,-104,35,36,69,125,-116,27,19,-49,-16,-116,-89,10,51,-61,56,-121,17,-103,-73,-120,-118,-79,99,4,-35,36,40,-16,99,26,51,75,-65,-6,-113,56,25,13,19,-17,-52,-30,15,11,9,5,-96,94,-66,-48,-49,-96
3792,4,105,105,-50,-50,-50,99,99,99,-101,64,-21,119,-104,35,36,69,125,-116,27,19,-49,-16,-116,-89,10,51,-61,56,-121,17,-103,-73,113,-72,4,-4,78,119,17,59,35,84,24,-16,-67,-41,-100,-105,-86,-83,53,41,-111,-51,-82,-82,-73,-64,25,122,37,-88,127,25
3793,4,105,105,-50,-50,-50,99,99,99,-101,64,-21,119,-104,35,36,69,125,-116,27,19,-49,-16,-116,-89,10,51,-61,56,-121,17,-103,-73,113,-72,4,-4,78,119,17,59,35,84,24,-16,-67,-41,-100,-105,-86,-83,53,41,-111,-51,-82,-82,-73,-64,25,122,37,-88,127,25
3794,4,105,105,-50,-50,-50,99,99,99,-101,64,-21,119,-104,35,36,69,125,-116,27,19,-49,-16,-116,-89,10,51,-61,56,-121,17,-103,-73,113,-72,4,-4,78,119,17,59,35,84,24,-16,-67,-41,-100,-105,-86,-83,53,41,-111,-51,-82,-82,-73,-64,25,122,37,-88,127,25
3795,4,-123,-123,-123,38,38,38,29,29,-5,-101,64,-21,119,-104,35,36,69,125,-116,27,19,-49,-16,-116,-89,10,51,-61,56,-121,17,-103,-17,118,-31,15,-97,104,-107,-94,-93,-7,-17,-18,38,115,74,-55,77,27,-58,28,77,-67,-45,-104,73,-21,102,99,-92,79,-75,-94
3796,4,-123,-123,-123,38,38,38,29,29,-5,-101,64,-21,119,-104,35,36,69,125,-116,27,19,-49,-16,-116,-89,10,51,-61,56,-121,17,-103,-17,118,-31,15,-97,104,-107,-94,-93,-7,-17,-18,38,115,74,-55,77,27,-58,28,77,-67,-45,-104,73,-21,102,99,-92,79,-75,-94
3797,4,-123,-123,-123,38,38,38,29,29,-5,-101,64,-21,119,-104,35,36,69,125,-116,27,19,-49,-16,-116,-89,10,51,-61,56,-121,17,-103,-17,118,-31,15,-97,104,-107,-94,-93,-7,-17,-18,38,115,74,-55,77,27,-58,28,77,-67,-45,-104,73,-21,102,99,-92,79,-75,-94
3798,4,0,97,97,97,79,79,79,34,-72,-5,-101,64,-21,119,-104,35,36,69,125,-116,27,19,-49,-16,-116,-89,10,51,-61,56,-121,17,0,-17,-68,26,32,-1,-72,-60,-52,-24,-67,-29,-1,-81,58,-20,-81,-60,-14,105,-127,-121,-68,113,-29,16,85,104,-42,-1,88,-58
3799,4,0,97,97,97,79,79,79,34,-72,-5,-101,64,-21,119,-104,35,36,69,125,-116,27,19,-49,-16,-116,-89,10,51,-61,56,-121,17,0,-17,-68,26,32,-1,-72,-60,-52,-24,-67,-29,-1,-81,58,-20,-81,-60,-14,105,-127,-121,-68,113,-29,16,85,104,-42,-1,88,-58
3800,4,0,97,97,97,79,79,79,34,-72,-5,-101,64,-21,119,-104,35,36,69,125,-116,27,19,-49,-16,-116,-89,10,51,-61,56,-121,17,0,-17,-68,26,32,-1,-72,-60,-52,-24,-67,-29,-1,-81,58,-20,-81,-60,-14,105,-127,-121,-68,113,-29,16,85,104,-42,-1,88,-58
3801,4,0,0,-62,-62,-62,23,23,23,113,-72,-5,-101,64,-21,119,-104,35,36,69,125,-116,27,19,-49,-16,-116,-89,10,51,-61,56,-121,0,0,-17,79,74,89,109,40,-36,107,22,24,106,111,-78,90,39,-46,-120,56,-10,-93,127,-1,-84,-39,1,-49,-116,-97,34,20
3802,4,0,0,-62,-62,-62,23,23,23,113,-72,-5,-101,64,-21,119,-104,35,36,69,125,-116,27,19,-49,-16,-116,-89,10,51,-61,56,-121,0,0,-17,79,74,89,109,40,-36,107,22,24,106,111,-78,90,39,-46,-120,56,-10,-93,127,-1,-84,-39,1,-49,-116,-97,34,20
3803,4,0,0,-62,-62,-62,23,23,23,113,-72,-5,-101,64,-21,119,-104,35,36,69,125,-116,27,19,-49,-16,-116,-89,10,51,-61,56,-121,0,0,-17,79,74,89,109,40,-36,107,22,24,106,111,-78,90,39,-46,-120,56,-10,-93,127,-1,-84,-39,1,-49,-116,-97,34,20
3804,4,0,0,0,-65,-65,-65,81,81,15,113,-72,-5,-101,64,-21,119,-104,35,36,69,125,-116,27,19,-49,-16,-116,-89,10,51,-61,56,0,0,0,-17,-63,-79,-21,-114,94,62,-24,-72,-98,-106,-127,94,-53,82,-105,35,75,50,-53,76,18,-83,47,62,13,35,10,49
3805,4,0,0,0,-65,-65,-65,81,81,15,113,-72,-5,-101,64,-21,119,-104,35,36,69,125,-116,27,19,-49,-16,-116,-89,10,51,-61,56,0,0,0,-17,-63,-79,-21,-114,94,62,-24,-72,-98,-106,-127,94,-53,82,-105,35,75,50,-53,76,18,-83,47,62,13,35,10,49
3806,4,0,0,0,-65,-65,-65,81,81,15,113,-72,-5,-101,64,-21,119,-104,35,36,69,125,-116,27,19,-49,-16,-116,-89,10,51,-61,56,0,0,0,-17,-63,-79,-21,-114,94,62,-24,-72,-98,-106,-127,94,-53,82,-105,35,75,50,-53,76,18,-83,47,62,13,35,10,49
3807,4,0,0,0,0,-94,-94,-94,42,28,15,113,-72,-5,-101,64,-21,119,-104,35,36,69,125,-116,27,19,-49,-16,-116,-89,10,51,-61,0,0,0,0,-17,-91,55,-83,63,107,-82,14,44,48,68,-23,-48,-40,-10,-110,87,-21,31,89,124,55,-48,-62,64,57,7,47
3808,4,0,0,0,0,-94,-94,-94,42,28,15,113,-72,-5,-101,64,-21,119,-104,35,36,69,125,-116,27,19,-49,-16,-116,-89,10,51,-61,0,0,0,0,-17,-91,55,-83,63,107,-82,14,44,48,68,-23,-48,-40,-10,-110,87,-21,31,89,124,55,-48,-62,64,57,7,47
3809,4,0,0,0,0,-94,-94,-94,42,28,15,113,-72,-5,-101,64,-21,119,-104,35,36,69,125,-116,27,19,-49,-16,-116,-89,10,51,-61,0,0,0,0,-17,-91,55,-83,63,107,-82,14,44,48,68,-23,-48,-40,-10,-110,87,-21,31,89,124,55,-48,-62,64,57,7,47
3810,4,0,0,0,0,0,-80,-80,-80,-89,28,15,113,-72,-5,-101,64,-21,119,-104,35,36,69,125,-116,27,19,-49,-16,-116,-89,10,51,0,0,0,0,0,-17,22,79,39,-126,-6,-121,91,85,-10,86,-46,86,28,66,82,80,5,-84,67,28,34,57,61,82,-119,3
3811,4,0,0,0,0,0,-80,-80,-80,-89,28,15,113,-72,-5,-101,64,-21,119,-104,35,36,69,125,-116,27,19,-49,-16,-116,-89,10,51,0,0,0,0,0,-17,22,79,39,-126,-6,-121,91,85,-10,86,-46,86,28,66,82,80,5,-84,67,28,34,57,61,82,-119,3
3812,4,0,0,0,0,0,-80,-80,-80,-89,28,15,113,-72,-5,-101,64,-21,119,-104,35,36,69,125,-116,27,19,-49,-16,-116,-89,10,51,0,0,0,0,0,-17,22,79,39,-126,-6,-121,91,85,-10,86,-46,86,28,66,82,80,5,-84,67,28,34,57,61,82,-119,3
3813,4,0,0,0,0,0,0,-36,-36,-118,-89,28,15,113,-72,-5,-101,64,-21,119,-104,35,36,69,125,-116,27,19,-49,-16,-116,-89,10,0,0,0,0,0,0,-17,124,-73,-6,72,-72,60,-66,-53,20,10,96,28,57,56,-26,-81,-75,-25,113,-6,-51,60,33,78,-89
3814,4,0,0,0,0,0,0,-36,-36,-118,-89,28,15,113,-72,-5,-101,64,-21,119,-104,35,36,69,125,-116,27,19,-49,-16,-116,-89,10,0,0,0,0,0,0,-17,124,-73,-6,72,-72,60,-66,-53,20,10,96,28,57,56,-26,-81,-75,-25,113,-6,-51,60,33,78,-89
3815,4,0,0,0,0,0,0,-36,-36,-118,-89,28,15,113,-72,-5,-101,64,-21,119,-104,35,36,69,125,-116,27,19,-49,-16,-116,-89,10,0,0,0,0,0,0,-17,124,-73,-6,72,-72,60,-66,-53,20,10,96,28,57,56,-26,-81,-75,-25,113,-6,-51,60,33,78,-89
3816,4,0,0,0,0,0,0,0,-19,105,-118,-89,28,15,113,-72,-5,-101,64,-21,119,-104,35,36,69,125,-116,27,19,-49,-16,-116,-89,0,0,0,0,0,0,0,-17,0,-33,125,56,-52,106,-125,92,-50,39,84,-21,-82,-108,-52,-78,-19,-17,104,-60,-38,-69,99,-114
3817,4,0,0,0,0,0,0,0,-19,105,-118,-89,28,15,113,-72,-5,-101,64,-21,119,-104,35,36,69,125,-116,27,19,-49,-16,-116,-89,0,0,0,0,0,0,0,-17,0,-33,125,56,-52,106,-125,92,-50,39,84,-21,-82,-108,-52,-78,-19,-17,104,-60,-38,-69,99,-114
3818,4,0,0,0,0,0,0,0,-19,105,-118,-89,28,15,113,-72,-5,-101,64,-21,119,-104,35,36,69,125,-116,27,19,-49,-16,-116,-89,0,0,0,0,0,0,0,-17,0,-33,125,56,-52,106,-125,92,-50,39,84,-21,-82,-108,-52,-78,-19,-17,104,-60,-38,-69,99,-114
3819,4,0,0,0,0,0,0,0,0,-123,105,-118,-89,28,15,113,-72,-5,-101,64,-21,119,-104,35,36,69,125,-116,27,19,-49,-16,-116,0,0,0,0,0,0,0,0,-17,-21,99,74,11,-12,-87,99,55,19,42,-95,-45,-122,-54,31,-118,71,-17,-109,25,27,-78,-77
3820,4,0,0,0,0,0,0,0,0,-123,105,-118,-89,28,15,113,-72,-5,-101,64,-21,119,-104,35,36,69,125,-116,27,19,-49,-16,-116,0,0,0,0,0,0,0,0,-17,-21,99,74,11,-12,-87,99,55,19,42,-95,-45,-122,-54,31,-118,71,-17,-109,25,27,-78,-77
3821,4,0,0,0,0,0,0,0,0,-123,105,-118,-89,28,15,113,-72,-5,-101,64,-21,119,-104,35,36,69,125,-116,27,19,-49,-16,-116,0,0,0,0,0,0,0,0,-17,-21,99,74,11,-12,-87,99,55,19,42,-95,-45,-122,-54,31,-118,71,-17,-109,25,27,-78,-77
3822,4,0,0,0,0,0,0,0,0,0,-123,105,-118,-89,28,15,113,-72,-5,-101,64,-21,119,-104,35,36,69,125,-116,27,19,-49,-16,0,0,0,0,0,0,0,0,0,-17,-81,-116,123,112,-94,-119,-89,100,-29,-2,-26,1,-16,94,41,-57,44,120,-70,84,-34,-5
3823,4,0,0,0,0,0,0,0,0,0,-123,105,-118,-89,28,15,113,-72,-5,-101,64,-21,119,-104,35,36,69,125,-116,27,19,-49,-16,0,0,0,0,0,0,0,0,0,-17,-81,-116,123,112,-94,-119,-89,100,-29,-2,-26,1,-16,94,41,-57,44,120,-70,84,-34,-5
3824,4,0,0,0,0,0,0,0,0,0,-123,105,-118,-89,28,15,113,-72,-5,-101,64,-21,119,-104,35,36,69,125,-116,27,19,-49,-16,0,0,0,0,0,0,0,0,0,-17,-81,-116,123,112,-94,-119,-89,100,-29,-2,-26,1,-16,94,41,-57,44,120,-70,84,-34,-5
3825,4,0,0,0,0,0,0,0,0,0,0,-123,105,-118,-89,28,15,113,-72,-5,-101,64,-21,119,-104,35,36,69,125,-116,27,19,-49,0,0,0,0,0,0,0,0,0,0,-17,51,-71,-32,18,32,-62,42,75,-122,-36,23,54,-74,-7,117,-34,-95,-51,111,-99,-83
3826,4,0,0,0,0,0,0,0,0,0,0,-123,105,-118,-89,28,15,113,-72,-5,-101,64,-21,119,-104,35,36,69,125,-116,27,19,-49,0,0,0,0,0,0,0,0,0,0,-17,51,-71,-32,18,32,-62,42,75,-122,-36,23,54,-74,-7,117,-34,-95,-51,111,-99,-83
3827,4,0,0,0,0,0,0,0,0,0,0,-123,105,-118,-89,28,15,113,-72,-5,-101,64,-21,119,-104,35,36,69,125,-116,27,19,-49,0,0,0,0,0,0,0,0,0,0,-17,51,-71,-32,18,32,-62,42,75,-122,-36,23,54,-74,-7,117,-34,-95,-51,111,-99,-83
3828,4,0,0,0,0,0,0,0,0,0,0,0,-123,105,-118,-89,28,15,113,-72,-5,-101,64,-21,119,-104,35,36,69,125,-116,27,19,0,0,0,0,0,0,0,0,0,0,0,-17,93,-110,125,23,-59,-97,-9,91,-23,-30,-94,-21,53,27,-104,-47,-34,35,-82,68
3829,4,0,0,0,0,0,0,0,0,0,0,0,-123,105,-118,-89,28,15,113,-72,-5,-101,64,-21,119,-104,35,36,69,125,-116,27,19,0,0,0,0,0,0,0,0,0,0,0,-17,93,-110,125,23,-59,-97,-9,91,-23,-30,-94,-21,53,27,-104,-47,-34,35,-82,68
3830,4,0,0,0,0,0,0,0,0,0,0,0,-123,105,-118,-89,28,15,113,-72,-5,-101,64,-21,119,-104,35,36,69,125,-116,27,19,0,0,0,0,0,0,0,0,0,0,0,-17,93,-110,125,23,-59,-97,-9,91,-23,-30,-94,-21,53,27,-104,-47,-34,35,-82,68
3831,4,0,0,0,0,0,0,0,0,0,0,0,0,-123,105,-118,-89,28,15,113,-72,-5,-101,64,-21,119,-104,35,36,69,125,-116,27,0,0,0,0,0,0,0,0,0,0,0,0,-17,16,19,23,33,-25,13,-38,-34,19,15,-98,122,-17,75,47,100,127,-50,23
3832,4,0,0,0,0,0,0,0,0,0,0,0,0,-123,105,-118,-89,28,15,113,-72,-5,-101,64,-21,119,-104,35,36,69,125,-116,27,0,0,0,0,0,0,0,0,0,0,0,0,-17,16,19,23,33,-25,13,-38,-34,19,15,-98,122,-17,75,47,100,127,-50,23
3833,4,0,0,0,0,0,0,0,0,0,0,0,0,-123,105,-118,-89,28,15,113,-72,-5,-101,64,-21,119,-104,35,36,69,125,-116,27,0,0,0,0,0,0,0,0,0,0,0,0,-17,16,19,23,33,-25,13,-38,-34,19,15,-98,122,-17,75,47,100,127,-50,23
3834,4,0,0,0,0,0,0,0,0,0,0,0,0,0,-123,105,-118,-89,28,15,113,-72,-5,-101,64,-21,119,-104,35,36,69,125,-116,0,0,0,0,0,0,0,0,0,0,0,0,0,-17,68,22,59,4,34,79,120,93,22,-30,-44,-98,18,-29,23,-115,58,-54
3835,4,0,0,0,0,0,0,0,0,0,0,0,0,0,-123,105,-118,-89,28,15,113,-72,-5,-101,64,-21,119,-104,35,36,69,125,-116,0,0,0,0,0,0,0,0,0,0,0,0,0,-17,68,22,59,4,34,79,120,93,22,-30,-44,-98,18,-29,23,-115,58,-54
3836,4,0,0,0,0,0,0,0,0,0,0,0,0,0,-123,105,-118,-89,28,15,113,-72,-5,-101,64,-21,119,-104,35,36,69,125,-116,0,0,0,0,0,0,0,0,0,0,0,0,0,-17,68,22,59,4,34,79,120,93,22,-30,-44,-98,18,-29,23,-115,58,-54
3837,4,0,0,0,0,0,0,0,0,0,0,0,0,0,0,-123,105,-118,-89,28,15,113,-72,-5,-101,64,-21,119,-104,35,36,69,125,0,0,0,0,0,0,0,0,0,0,0,0,0,0,-17,-75,-11,-49,-90,-115,50,-17,28,-64,12,-17,-25,31,-101,-121,-20,62
3838,4,0,0,0,0,0,0,0,0,0,0,0,0,0,0,-123,105,-118,-89,28,15,113,-72,-5,-101,64,-21,119,-104,35,36,69,125,0,0,0,0,0,0,0,0,0,0,0,0,0,0,-17,-75,-11,-49,-90,-115,50,-17,28,-64,12,-17,-25,31,-101,-121,-20,62
3839,4,0,0,0,0,0,0,0,0,0,0,0,0,0,0,-123,105,-118,-89,28,15,113,-72,-5,-101,64,-21,119,-104,35,36,69,125,0,0,0,0,0,0,0,0,0,0,0,0,0,0,-17,-75,-11,-49,-90,-115,50,-17,28,-64,12,-17,-25,31,-101,-121,-20,62
3840,4,0,0,0,0,0,0,0,0,0,0,0,0,0,0,0,-123,105,-118,-89,28,15,113,-72,-5,-101,64,-21,119,-104,35,36,69,0,0,0,0,0,0,0,0,0,0,0,0,0,0,0,-17,16,-75,34,29,120,-101,-79,-47,-109,64,-124,-95,112,51,127,18
3841,4,0,0,0,0,0,0,0,0,0,0,0,0,0,0,0,-123,105,-118,-89,28,15,113,-72,-5,-101,64,-21,119,-104,35,36,69,0,0,0,0,0,0,0,0,0,0,0,0,0,0,0,-17,16,-75,34,29,120,-101,-79,-47,-109,64,-124,-95,112,51,127,18
3842,4,0,0,0,0,0,0,0,0,0,0,0,0,0,0,0,-123,105,-118,-89,28,15,113,-72,-5,-101,64,-21,119,-104,35,36,69,0,0,0,0,0,0,0,0,0,0,0,0,0,0,0,-17,16,-75,34,29,120,-101,-79,-47,-109,64,-124,-95,112,51,127,18
3843,4,0,0,0,0,0,0,0,0,0,0,0,0,0,0,0,0,-123,105,-118,-89,28,15,113,-72,-5,-101,64,-21,119,-104,35,36,0,0,0,0,0,0,0,0,0,0,0,0,0,0,0,0,-17,29,22,96,105,56,35,52,-18,43,-94,-127,35,-107,-125,-20
3844,4,0,0,0,0,0,0,0,0,0,0,0,0,0,0,0,0,-123,105,-118,-89,28,15,113,-72,-5,-101,64,-21,119,-104,35,36,0,0,0,0,0,0,0,0,0,0,0,0,0,0,0,0,-17,29,22,96,105,56,35,52,-18,43,-94,-127,35,-107,-125,-20
3845,4,0,0,0,0,0,0,0,0,0,0,0,0,0,0,0,0,-123,105,-118,-89,28,15,113,-72,-5,-101,64,-21,119,-104,35,36,0,0,0,0,0,0,0,0,0,0,0,0,0,0,0,0,-17,29,22,96,105,56,35,52,-18,43,-94,-127,35,-107,-125,-20
3846,4,0,0,0,0,0,0,0,0,0,0,0,0,0,0,0,0,0,-123,105,-118,-89,28,15,113,-72,-5,-101,64,-21,119,-104,35,0,0,0,0,0,0,0,0,0,0,0,0,0,0,0,0,0,-17,-108,-61,21,-16,-16,-49,43,-38,53,-125,-86,-85,-88,76
3847,4,0,0,0,0,0,0,0,0,0,0,0,0,0,0,0,0,0,-123,105,-118,-89,28,15,113,-72,-5,-101,64,-21,119,-104,35,0,0,0,0,0,0,0,0,0,0,0,0,0,0,0,0,0,-17,-108,-61,21,-16,-16,-49,43,-38,53,-125,-86,-85,-88,76
3848,4,0,0,0,0,0,0,0,0,0,0,0,0,0,0,0,0,0,-123,105,-118,-89,28,15,113,-72,-5,-101,64,-21,119,-104,35,0,0,0,0,0,0,0,0,0,0,0,0,0,0,0,0,0,-17,-108,-61,21,-16,-16,-49,43,-38,53,-125,-86,-85,-88,76
3849,4,0,0,0,0,0,0,0,0,0,0,0,0,0,0,0,0,0,0,-123,105,-118,-89,28,15,113,-72,-5,-101,64,-21,119,-104,0,0,0,0,0,0,0,0,0,0,0,0,0,0,0,0,0,0,-17,-1,-43,-70,30,-22,45,-98,103,-71,27,-93,-73,-1
3850,4,0,0,0,0,0,0,0,0,0,0,0,0,0,0,0,0,0,0,-123,105,-118,-89,28,15,113,-72,-5,-101,64,-21,119,-104,0,0,0,0,0,0,0,0,0,0,0,0,0,0,0,0,0,0,-17,-1,-43,-70,30,-22,45,-98,103,-71,27,-93,-73,-1
3851,4,0,0,0,0,0,0,0,0,0,0,0,0,0,0,0,0,0,0,-123,105,-118,-89,28,15,113,-72,-5,-101,64,-21,119,-104,0,0,0,0,0,0,0,0,0,0,0,0,0,0,0,0,0,0,-17,-1,-43,-70,30,-22,45,-98,103,-71,27,-93,-73,-1
3852,4,0,0,0,0,0,0,0,0,0,0,0,0,0,0,0,0,0,0,0,-123,105,-118,-89,28,15,113,-72,-5,-101,64,-21,119,0,0,0,0,0,0,0,0,0,0,0,0,0,0,0,0,0,0,0,-17,33,117,95,6,39,58,-116,-45,-73,-63,20,-10
3853,4,0,0,0,0,0,0,0,0,0,0,0,0,0,0,0,0,0,0,0,-123,105,-118,-89,28,15,113,-72,-5,-101,64,-21,119,0,0,0,0,0,0,0,0,0,0,0,0,0,0,0,0,0,0,0,-17,33,117,95,6,39,58,-116,-45,-73,-63,20,-10
3854,4,0,0,0,0,0,0,0,0,0,0,0,0,0,0,0,0,0,0,0,-123,105,-118,-89,28,15,113,-72,-5,-101,64,-21,119,0,0,0,0,0,0,0,0,0,0,0,0,0,0,0,0,0,0,0,-17,33,117,95,6,39,58,-116,-45,-73,-63,20,-10
3855,4,0,0,0,0,0,0,0,0,0,0,0,0,0,0,0,0,0,0,0,0,-123,105,-118,-89,28,15,113,-72,-5,-101,64,-21,0,0,0,0,0,0,0,0,0,0,0,0,0,0,0,0,0,0,0,0,-17,-48,-127,-48,110,88,-126,59,92,-111,64,117
3856,4,0,0,0,0,0,0,0,0,0,0,0,0,0,0,0,0,0,0,0,0,-123,105,-118,-89,28,15,113,-72,-5,-101,64,-21,0,0,0,0,0,0,0,0,0,0,0,0,0,0,0,0,0,0,0,0,-17,-48,-127,-48,110,88,-126,59,92,-111,64,117
3857,4,0,0,0,0,0,0,0,0,0,0,0,0,0,0,0,0,0,0,0,0,-123,105,-118,-89,28,15,113,-72,-5,-101,64,-21,0,0,0,0,0,0,0,0,0,0,0,0,0,0,0,0,0,0,0,0,-17,-48,-127,-48,110,88,-126,59,92,-111,64,117
3858,4,0,0,0,0,0,0,0,0,0,0,0,0,0,0,0,0,0,0,0,0,0,-123,105,-118,-89,28,15,113,-72,-5,-101,64,0,0,0,0,0,0,0,0,0,0,0,0,0,0,0,0,0,0,0,0,0,-17,106,-83,-92,32,126,45,90,-106,41,-112
3859,4,0,0,0,0,0,0,0,0,0,0,0,0,0,0,0,0,0,0,0,0,0,-123,105,-118,-89,28,15,113,-72,-5,-101,64,0,0,0,0,0,0,0,0,0,0,0,0,0,0,0,0,0,0,0,0,0,-17,106,-83,-92,32,126,45,90,-106,41,-112
3860,4,0,0,0,0,0,0,0,0,0,0,0,0,0,0,0,0,0,0,0,0,0,-123,105,-118,-89,28,15,113,-72,-5,-101,64,0,0,0,0,0,0,0,0,0,0,0,0,0,0,0,0,0,0,0,0,0,-17,106,-83,-92,32,126,45,90,-106,41,-112
3861,4,0,0,0,0,0,0,0,0,0,0,0,0,0,0,0,0,0,0,0,0,0,0,-123,105,-118,-89,28,15,113,-72,-5,-101,0,0,0,0,0,0,0,0,0,0,0,0,0,0,0,0,0,0,0,0,0,0,-17,98,-1,24,109,74,31,89,-36,-73
3862,4,0,0,0,0,0,0,0,0,0,0,0,0,0,0,0,0,0,0,0,0,0,0,-123,105,-118,-89,28,15,113,-72,-5,-101,0,0,0,0,0,0,0,0,0,0,0,0,0,0,0,0,0,0,0,0,0,0,-17,98,-1,24,109,74,31,89,-36,-73
3863,4,0,0,0,0,0,0,0,0,0,0,0,0,0,0,0,0,0,0,0,0,0,0,-123,105,-118,-89,28,15,113,-72,-5,-101,0,0,0,0,0,0,0,0,0,0,0,0,0,0,0,0,0,0,0,0,0,0,-17,98,-1,24,109,74,31,89,-36,-73
3864,4,0,0,0,0,0,0,0,0,0,0,0,0,0,0,0,0,0,0,0,0,0,0,0,-123,105,-118,-89,28,15,113,-72,-5,0,0,0,0,0,0,0,0,0,0,0,0,0,0,0,0,0,0,0,0,0,0,0,-17,-24,-30,22,52,-3,110,-19,47
3865,4,0,0,0,0,0,0,0,0,0,0,0,0,0,0,0,0,0,0,0,0,0,0,0,-123,105,-118,-89,28,15,113,-72,-5,0,0,0,0,0,0,0,0,0,0,0,0,0,0,0,0,0,0,0,0,0,0,0,-17,-24,-30,22,52,-3,110,-19,47
3866,4,0,0,0,0,0,0,0,0,0,0,0,0,0,0,0,0,0,0,0,0,0,0,0,-123,105,-118,-89,28,15,113,-72,-5,0,0,0,0,0,0,0,0,0,0,0,0,0,0,0,0,0,0,0,0,0,0,0,-17,-24,-30,22,52,-3,110,-19,47
3867,4,0,0,0,0,0,0,0,0,0,0,0,0,0,0,0,0,0,0,0,0,0,0,0,0,-123,105,-118,-89,28,15,113,-72,0,0,0,0,0,0,0,0,0,0,0,0,0,0,0,0,0,0,0,0,0,0,0,0,-17,-97,-32,35,-3,26,-35,-127
3868,4,0,0,0,0,0,0,0,0,0,0,0,0,0,0,0,0,0,0,0,0,0,0,0,0,-123,105,-118,-89,28,15,113,-72,0,0,0,0,0,0,0,0,0,0,0,0,0,0,0,0,0,0,0,0,0,0,0,0,-17,-97,-32,35,-3,26,-35,-127
3869,4,0,0,0,0,0,0,0,0,0,0,0,0,0,0,0,0,0,0,0,0,0,0,0,0,-123,105,-118,-89,28,15,113,-72,0,0,0,0,0,0,0,0,0,0,0,0,0,0,0,0,0,0,0,0,0,0,0,0,-17,-97,-32,35,-3,26,-35,-127
3870,4,0,0,0,0,0,0,0,0,0,0,0,0,0,0,0,0,0,0,0,0,0,0,0,0,0,-123,105,-118,-89,28,15,113,0,0,0,0,0,0,0,0,0,0,0,0,0,0,0,0,0,0,0,0,0,0,0,0,0,-17,-125,72,-53,110,-32,7
3871,4,0,0,0,0,0,0,0,0,0,0,0,0,0,0,0,0,0,0,0,0,0,0,0,0,0,-123,105,-118,-89,28,15,113,0,0,0,0,0,0,0,0,0,0,0,0,0,0,0,0,0,0,0,0,0,0,0,0,0,-17,-125,72,-53,110,-32,7
3872,4,0,0,0,0,0,0,0,0,0,0,0,0,0,0,0,0,0,0,0,0,0,0,0,0,0,-123,105,-118,-89,28,15,113,0,0,0,0,0,0,0,0,0,0,0,0,0,0,0,0,0,0,0,0,0,0,0,0,0,-17,-125,72,-53,110,-32,7
3873,4,0,0,0,0,0,0,0,0,0,0,0,0,0,0,0,0,0,0,0,0,0,0,0,0,0,0,-123,105,-118,-89,28,15,0,0,0,0,0,0,0,0,0,0,0,0,0,0,0,0,0,0,0,0,0,0,0,0,0,0,-17,8,37,-102,-67,98
3874,4,0,0,0,0,0,0,0,0,0,0,0,0,0,0,0,0,0,0,0,0,0,0,0,0,0,0,-123,105,-118,-89,28,15,0,0,0,0,0,0,0,0,0,0,0,0,0,0,0,0,0,0,0,0,0,0,0,0,0,0,-17,8,37,-102,-67,98
3875,4,0,0,0,0,0,0,0,0,0,0,0,0,0,0,0,0,0,0,0,0,0,0,0,0,0,0,-123,105,-118,-89,28,15,0,0,0,0,0,0,0,0,0,0,0,0,0,0,0,0,0,0,0,0,0,0,0,0,0,0,-17,8,37,-102,-67,98
3876,4,0,0,0,0,0,0,0,0,0,0,0,0,0,0,0,0,0,0,0,0,0,0,0,0,0,0,0,-123,105,-118,-89,28,0,0,0,0,0,0,0,0,0,0,0,0,0,0,0,0,0,0,0,0,0,0,0,0,0,0,0,-17,51,-45,10,-94
3877,4,0,0,0,0,0,0,0,0,0,0,0,0,0,0,0,0,0,0,0,0,0,0,0,0,0,0,0,-123,105,-118,-89,28,0,0,0,0,0,0,0,0,0,0,0,0,0,0,0,0,0,0,0,0,0,0,0,0,0,0,0,-17,51,-45,10,-94
3878,4,0,0,0,0,0,0,0,0,0,0,0,0,0,0,0,0,0,0,0,0,0,0,0,0,0,0,0,-123,105,-118,-89,28,0,0,0,0,0,0,0,0,0,0,0,0,0,0,0,0,0,0,0,0,0,0,0,0,0,0,0,-17,51,-45,10,-94
3879,4,0,0,0,0,0,0,0,0,0,0,0,0,0,0,0,0,0,0,0,0,0,0,0,0,0,0,0,0,-123,105,-118,-89,0,0,0,0,0,0,0,0,0,0,0,0,0,0,0,0,0,0,0,0,0,0,0,0,0,0,0,0,-17,20,-87,-26
3880,4,0,0,0,0,0,0,0,0,0,0,0,0,0,0,0,0,0,0,0,0,0,0,0,0,0,0,0,0,-123,105,-118,-89,0,0,0,0,0,0,0,0,0,0,0,0,0,0,0,0,0,0,0,0,0,0,0,0,0,0,0,0,-17,20,-87,-26
3881,4,0,0,0,0,0,0,0,0,0,0,0,0,0,0,0,0,0,0,0,0,0,0,0,0,0,0,0,0,-123,105,-118,-89,0,0,0,0,0,0,0,0,0,0,0,0,0,0,0,0,0,0,0,0,0,0,0,0,0,0,0,0,-17,20,-87,-26
3882,4,0,0,0,0,0,0,0,0,0,0,0,0,0,0,0,0,0,0,0,0,0,0,0,0,0,0,0,0,0,-123,105,-118,0,0,0,0,0,0,0,0,0,0,0,0,0,0,0,0,0,0,0,0,0,0,0,0,0,0,0,0,0,-17,-69,65
3883,4,0,0,0,0,0,0,0,0,0,0,0,0,0,0,0,0,0,0,0,0,0,0,0,0,0,0,0,0,0,-123,105,-118,0,0,0,0,0,0,0,0,0,0,0,0,0,0,0,0,0,0,0,0,0,0,0,0,0,0,0,0,0,-17,-69,65
3884,4,0,0,0,0,0,0,0,0,0,0,0,0,0,0,0,0,0,0,0,0,0,0,0,0,0,0,0,0,0,-123,105,-118,0,0,0,0,0,0,0,0,0,0,0,0,0,0,0,0,0,0,0,0,0,0,0,0,0,0,0,0,0,-17,-69,65
3885,4,0,0,0,0,0,0,0,0,0,0,0,0,0,0,0,0,0,0,0,0,0,0,0,0,0,0,0,0,0,0,-123,105,0,0,0,0,0,0,0,0,0,0,0,0,0,0,0,0,0,0,0,0,0,0,0,0,0,0,0,0,0,0,-17,-80
3886,4,0,0,0,0,0,0,0,0,0,0,0,0,0,0,0,0,0,0,0,0,0,0,0,0,0,0,0,0,0,0,-123,105,0,0,0,0,0,0,0,0,0,0,0,0,0,0,0,0,0,0,0,0,0,0,0,0,0,0,0,0,0,0,-17,-80
3887,4,0,0,0,0,0,0,0,0,0,0,0,0,0,0,0,0,0,0,0,0,0,0,0,0,0,0,0,0,0,0,-123,105,0,0,0,0,0,0,0,0,0,0,0,0,0,0,0,0,0,0,0,0,0,0,0,0,0,0,0,0,0,0,-17,-80
3888,4,0,0,0,0,0,0,0,0,0,0,0,0,0,0,0,0,0,0,0,0,0,0,0,0,0,0,0,0,0,0,0,-123,0,0,0,0,0,0,0,0,0,0,0,0,0,0,0,0,0,0,0,0,0,0,0,0,0,0,0,0,0,0,0,-17
3889,4,0,0,0,0,0,0,0,0,0,0,0,0,0,0,0,0,0,0,0,0,0,0,0,0,0,0,0,0,0,0,0,-123,0,0,0,0,0,0,0,0,0,0,0,0,0,0,0,0,0,0,0,0,0,0,0,0,0,0,0,0,0,0,0,-17
3890,4,0,0,0,0,0,0,0,0,0,0,0,0,0,0,0,0,0,0,0,0,0,0,0,0,0,0,0,0,0,0,0,-123,0,0,0,0,0,0,0,0,0,0,0,0,0,0,0,0,0,0,0,0,0,0,0,0,0,0,0,0,0,0,0,-17
3891,4,0,0,0,0,0,0,0,0,0,0,0,0,0,0,0,0,0,0,0,0,0,0,0,0,0,0,0,0,0,0,0,0,0,0,0,0,0,0,0,0,0,0,0,0,0,0,0,0,0,0,0,0,0,0,0,0,0,0,0,0,0,0,0,0
3892,4,0,0,0,0,0,0,0,0,0,0,0,0,0,0,0,0,0,0,0,0,0,0,0,0,0,0,0,0,0,0,0,0,0,0,0,0,0,0,0,0,0,0,0,0,0,0,0,0,0,0,0,0,0,0,0,0,0,0,0,0,0,0,0,0
3893,4,0,0,0,0,0,0,0,0,0,0,0,0,0,0,0,0,0,0,0,0,0,0,0,0,0,0,0,0,0,0,0,0,0,0,0,0,0,0,0,0,0,0,0,0,0,0,0,0,0,0,0,0,0,0,0,0,0,0,0,0,0,0,0,0
3894,4,0,0,0,0,0,0,0,0,0,0,0,0,0,0,0,0,0,0,0,0,0,0,0,0,0,0,0,0,0,0,0,0,0,0,0,0,0,0,0,0,0,0,0,0,0,0,0,0,0,0,0,0,0,0,0,0,0,0,0,0,0,0,0,0
3895,4,0,0,0,0,0,0,0,0,0,0,0,0,0,0,0,0,0,0,0,0,0,0,0,0,0,0,0,0,0,0,0,0,0,0,0,0,0,0,0,0,0,0,0,0,0,0,0,0,0,0,0,0,0,0,0,0,0,0,0,0,0,0,0,0
3896,4,0,0,0,0,0,0,0,0,0,0,0,0,0,0,0,0,0,0,0,0,0,0,0,0,0,0,0,0,0,0,0,0,0,0,0,0,0,0,0,0,0,0,0,0,0,0,0,0,0,0,0,0,0,0,0,0,0,0,0,0,0,0,0,0
3897,4,0,0,0,0,0,0,0,0,0,0,0,0,0,0,0,0,0,0,0,0,0,0,0,0,0,0,0,0,0,0,0,0,0,0,0,0,0,0,0,0,0,0,0,0,0,0,0,0,0,0,0,0,0,0,0,0,0,0,0,0,0,0,0,0
3898,4,0,0,0,0,0,0,0,0,0,0,0,0,0,0,0,0,0,0,0,0,0,0,0,0,0,0,0,0,0,0,0,0,0,0,0,0,0,0,0,0,0,0,0,0,0,0,0,0,0,0,0,0,0,0,0,0,0,0,0,0,0,0,0,0
3899,4,0,0,0,0,0,0,0,0,0,0,0,0,0,0,0,0,0,0,0,0,0,0,0,0,0,0,0,0,0,0,0,0,0,0,0,0,0,0,0,0,0,0,0,0,0,0,0,0,0,0,0,0,0,0,0,0,0,0,0,0,0,0,0,0
3900,4,0,0,0,0,0,0,0,0,0,0,0,0,0,0,0,0,0,0,0,0,0,0,0,0,0,0,0,0,0,0,0,0,0,0,0,0,0,0,0,0,0,0,0,0,0,0,0,0,0,0,0,0,0,0,0,0,0,0,0,0,0,0,0,0
3901,4,0,0,0,0,0,0,0,0,0,0,0,0,0,0,0,0,0,0,0,0,0,0,0,0,0,0,0,0,0,0,0,0,0,0,0,0,0,0,0,0,0,0,0,0,0,0,0,0,0,0,0,0,0,0,0,0,0,0,0,0,0,0,0,0
3902,4,0,0,0,0,0,0,0,0,0,0,0,0,0,0,0,0,0,0,0,0,0,0,0,0,0,0,0,0,0,0,0,0,0,0,0,0,0,0,0,0,0,0,0,0,0,0,0,0,0,0,0,0,0,0,0,0,0,0,0,0,0,0,0,0
3903,4,0,0,0,0,0,0,0,0,0,0,0,0,0,0,0,0,0,0,0,0,0,0,0,0,0,0,0,0,0,0,0,0,0,0,0,0,0,0,0,0,0,0,0,0,0,0,0,0,0,0,0,0,0,0,0,0,0,0,0,0,0,0,0,0
3904,4,0,0,0,0,0,0,0,0,0,0,0,0,0,0,0,0,0,0,0,0,0,0,0,0,0,0,0,0,0,0,0,0,0,0,0,0,0,0,0,0,0,0,0,0,0,0,0,0,0,0,0,0,0,0,0,0,0,0,0,0,0,0,0,0
3905,4,0,0,0,0,0,0,0,0,0,0,0,0,0,0,0,0,0,0,0,0,0,0,0,0,0,0,0,0,0,0,0,0,0,0,0,0,0,0,0,0,0,0,0,0,0,0,0,0,0,0,0,0,0,0,0,0,0,0,0,0,0,0,0,0
3906,4,0,0,0,0,0,0,0,0,0,0,0,0,0,0,0,0,0,0,0,0,0,0,0,0,0,0,0,0,0,0,0,0,0,0,0,0,0,0,0,0,0,0,0,0,0,0,0,0,0,0,0,0,0,0,0,0,0,0,0,0,0,0,0,0
3907,4,0,0,0,0,0,0,0,0,0,0,0,0,0,0,0,0,0,0,0,0,0,0,0,0,0,0,0,0,0,0,0,0,0,0,0,0,0,0,0,0,0,0,0,0,0,0,0,0,0,0,0,0,0,0,0,0,0,0,0,0,0,0,0,0
3908,4,0,0,0,0,0,0,0,0,0,0,0,0,0,0,0,0,0,0,0,0,0,0,0,0,0,0,0,0,0,0,0,0,0,0,0,0,0,0,0,0,0,0,0,0,0,0,0,0,0,0,0,0,0,0,0,0,0,0,0,0,0,0,0,0
3909,4,0,0,0,0,0,0,0,0,0,0,0,0,0,0,0,0,0,0,0,0,0,0,0,0,0,0,0,0,0,0,0,0,0,0,0,0,0,0,0,0,0,0,0,0,0,0,0,0,0,0,0,0,0,0,0,0,0,0,0,0,0,0,0,0
3910,4,0,0,0,0,0,0,0,0,0,0,0,0,0,0,0,0,0,0,0,0,0,0,0,0,0,0,0,0,0,0,0,0,0,0,0,0,0,0,0,0,0,0,0,0,0,0,0,0,0,0,0,0,0,0,0,0,0,0,0,0,0,0,0,0
3911,4,0,0,0,0,0,0,0,0,0,0,0,0,0,0,0,0,0,0,0,0,0,0,0,0,0,0,0,0,0,0,0,0,0,0,0,0,0,0,0,0,0,0,0,0,0,0,0,0,0,0,0,0,0,0,0,0,0,0,0,0,0,0,0,0
3912,4,0,0,0,0,0,0,0,0,0,0,0,0,0,0,0,0,0,0,0,0,0,0,0,0,0,0,0,0,0,0,0,0,0,0,0,0,0,0,0,0,0,0,0,0,0,0,0,0,0,0,0,0,0,0,0,0,0,0,0,0,0,0,0,0
3913,4,0,0,0,0,0,0,0,0,0,0,0,0,0,0,0,0,0,0,0,0,0,0,0,0,0,0,0,0,0,0,0,0,0,0,0,0,0,0,0,0,0,0,0,0,0,0,0,0,0,0,0,0,0,0,0,0,0,0,0,0,0,0,0,0
3914,4,0,0,0,0,0,0,0,0,0,0,0,0,0,0,0,0,0,0,0,0,0,0,0,0,0,0,0,0,0,0,0,0,0,0,0,0,0,0,0,0,0,0,0,0,0,0,0,0,0,0,0,0,0,0,0,0,0,0,0,0,0,0,0,0
3915,4,0,0,0,0,0,0,0,0,0,0,0,0,0,0,0,0,0,0,0,0,0,0,0,0,0,0,0,0,0,0,0,0,0,0,0,0,0,0,0,0,0,0,0,0,0,0,0,0,0,0,0,0,0,0,0,0,0,0,0,0,0,0,0,0
3916,4,0,0,0,0,0,0,0,0,0,0,0,0,0,0,0,0,0,0,0,0,0,0,0,0,0,0,0,0,0,0,0,0,0,0,0,0,0,0,0,0,0,0,0,0,0,0,0,0,0,0,0,0,0,0,0,0,0,0,0,0,0,0,0,0
3917,4,0,0,0,0,0,0,0,0,0,0,0,0,0,0,0,0,0,0,0,0,0,0,0,0,0,0,0,0,0,0,0,0,0,0,0,0,0,0,0,0,0,0,0,0,0,0,0,0,0,0,0,0,0,0,0,0,0,0,0,0,0,0,0,0
3918,4,0,0,0,0,0,0,0,0,0,0,0,0,0,0,0,0,0,0,0,0,0,0,0,0,0,0,0,0,0,0,0,0,0,0,0,0,0,0,0,0,0,0,0,0,0,0,0,0,0,0,0,0,0,0,0,0,0,0,0,0,0,0,0,0
3919,4,0,0,0,0,0,0,0,0,0,0,0,0,0,0,0,0,0,0,0,0,0,0,0,0,0,0,0,0,0,0,0,0,0,0,0,0,0,0,0,0,0,0,0,0,0,0,0,0,0,0,0,0,0,0,0,0,0,0,0,0,0,0,0,0
3920,4,0,0,0,0,0,0,0,0,0,0,0,0,0,0,0,0,0,0,0,0,0,0,0,0,0,0,0,0,0,0,0,0,0,0,0,0,0,0,0,0,0,0,0,0,0,0,0,0,0,0,0,0,0,0,0,0,0,0,0,0,0,0,0,0
3921,4,0,0,0,0,0,0,0,0,0,0,0,0,0,0,0,0,0,0,0,0,0,0,0,0,0,0,0,0,0,0,0,0,0,0,0,0,0,0,0,0,0,0,0,0,0,0,0,0,0,0,0,0,0,0,0,0,0,0,0,0,0,0,0,0
3922,4,0,0,0,0,0,0,0,0,0,0,0,0,0,0,0,0,0,0,0,0,0,0,0,0,0,0,0,0,0,0,0,0,0,0,0,0,0,0,0,0,0,0,0,0,0,0,0,0,0,0,0,0,0,0,0,0,0,0,0,0,0,0,0,0
3923,4,0,0,0,0,0,0,0,0,0,0,0,0,0,0,0,0,0,0,0,0,0,0,0,0,0,0,0,0,0,0,0,0,0,0,0,0,0,0,0,0,0,0,0,0,0,0,0,0,0,0,0,0,0,0,0,0,0,0,0,0,0,0,0,0
3924,4,0,0,0,0,0,0,0,0,0,0,0,0,0,0,0,0,0,0,0,0,0,0,0,0,0,0,0,0,0,0,0,0,0,0,0,0,0,0,0,0,0,0,0,0,0,0,0,0,0,0,0,0,0,0,0,0,0,0,0,0,0,0,0,0
3925,4,0,0,0,0,0,0,0,0,0,0,0,0,0,0,0,0,0,0,0,0,0,0,0,0,0,0,0,0,0,0,0,0,0,0,0,0,0,0,0,0,0,0,0,0,0,0,0,0,0,0,0,0,0,0,0,0,0,0,0,0,0,0,0,0
3926,4,0,0,0,0,0,0,0,0,0,0,0,0,0,0,0,0,0,0,0,0,0,0,0,0,0,0,0,0,0,0,0,0,0,0,0,0,0,0,0,0,0,0,0,0,0,0,0,0,0,0,0,0,0,0,0,0,0,0,0,0,0,0,0,0
3927,4,0,0,0,0,0,0,0,0,0,0,0,0,0,0,0,0,0,0,0,0,0,0,0,0,0,0,0,0,0,0,0,0,0,0,0,0,0,0,0,0,0,0,0,0,0,0,0,0,0,0,0,0,0,0,0,0,0,0,0,0,0,0,0,0
3928,4,0,0,0,0,0,0,0,0,0,0,0,0,0,0,0,0,0,0,0,0,0,0,0,0,0,0,0,0,0,0,0,0,0,0,0,0,0,0,0,0,0,0,0,0,0,0,0,0,0,0,0,0,0,0,0,0,0,0,0,0,0,0,0,0
3929,4,0,0,0,0,0,0,0,0,0,0,0,0,0,0,0,0,0,0,0,0,0,0,0,0,0,0,0,0,0,0,0,0,0,0,0,0,0,0,0,0,0,0,0,0,0,0,0,0,0,0,0,0,0,0,0,0,0,0,0,0,0,0,0,0
3930,4,0,0,0,0,0,0,0,0,0,0,0,0,0,0,0,0,0,0,0,0,0,0,0,0,0,0,0,0,0,0,0,0,0,0,0,0,0,0,0,0,0,0,0,0,0,0,0,0,0,0,0,0,0,0,0,0,0,0,0,0,0,0,0,0
3931,4,0,0,0,0,0,0,0,0,0,0,0,0,0,0,0,0,0,0,0,0,0,0,0,0,0,0,0,0,0,0,0,0,0,0,0,0,0,0,0,0,0,0,0,0,0,0,0,0,0,0,0,0,0,0,0,0,0,0,0,0,0,0,0,0
3932,4,0,0,0,0,0,0,0,0,0,0,0,0,0,0,0,0,0,0,0,0,0,0,0,0,0,0,0,0,0,0,0,0,0,0,0,0,0,0,0,0,0,0,0,0,0,0,0,0,0,0,0,0,0,0,0,0,0,0,0,0,0,0,0,0
3933,4,0,0,0,0,0,0,0,0,0,0,0,0,0,0,0,0,0,0,0,0,0,0,0,0,0,0,0,0,0,0,0,0,0,0,0,0,0,0,0,0,0,0,0,0,0,0,0,0,0,0,0,0,0,0,0,0,0,0,0,0,0,0,0,0
3934,4,0,0,0,0,0,0,0,0,0,0,0,0,0,0,0,0,0,0,0,0,0,0,0,0,0,0,0,0,0,0,0,0,0,0,0,0,0,0,0,0,0,0,0,0,0,0,0,0,0,0,0,0,0,0,0,0,0,0,0,0,0,0,0,0
3935,4,0,0,0,0,0,0,0,0,0,0,0,0,0,0,0,0,0,0,0,0,0,0,0,0,0,0,0,0,0,0,0,0,0,0,0,0,0,0,0,0,0,0,0,0,0,0,0,0,0,0,0,0,0,0,0,0,0,0,0,0,0,0,0,0
3936,4,0,0,0,0,0,0,0,0,0,0,0,0,0,0,0,0,0,0,0,0,0,0,0,0,0,0,0,0,0,0,0,0,0,0,0,0,0,0,0,0,0,0,0,0,0,0,0,0,0,0,0,0,0,0,0,0,0,0,0,0,0,0,0,0
3937,4,0,0,0,0,0,0,0,0,0,0,0,0,0,0,0,0,0,0,0,0,0,0,0,0,0,0,0,0,0,0,0,0,0,0,0,0,0,0,0,0,0,0,0,0,0,0,0,0,0,0,0,0,0,0,0,0,0,0,0,0,0,0,0,0
3938,4,0,0,0,0,0,0,0,0,0,0,0,0,0,0,0,0,0,0,0,0,0,0,0,0,0,0,0,0,0,0,0,0,0,0,0,0,0,0,0,0,0,0,0,0,0,0,0,0,0,0,0,0,0,0,0,0,0,0,0,0,0,0,0,0
3939,4,0,0,0,0,0,0,0,0,0,0,0,0,0,0,0,0,0,0,0,0,0,0,0,0,0,0,0,0,0,0,0,0,0,0,0,0,0,0,0,0,0,0,0,0,0,0,0,0,0,0,0,0,0,0,0,0,0,0,0,0,0,0,0,0
3940,4,0,0,0,0,0,0,0,0,0,0,0,0,0,0,0,0,0,0,0,0,0,0,0,0,0,0,0,0,0,0,0,0,0,0,0,0,0,0,0,0,0,0,0,0,0,0,0,0,0,0,0,0,0,0,0,0,0,0,0,0,0,0,0,0
3941,4,0,0,0,0,0,0,0,0,0,0,0,0,0,0,0,0,0,0,0,0,0,0,0,0,0,0,0,0,0,0,0,0,0,0,0,0,0,0,0,0,0,0,0,0,0,0,0,0,0,0,0,0,0,0,0,0,0,0,0,0,0,0,0,0
3942,4,0,0,0,0,0,0,0,0,0,0,0,0,0,0,0,0,0,0,0,0,0,0,0,0,0,0,0,0,0,0,0,0,0,0,0,0,0,0,0,0,0,0,0,0,0,0,0,0,0,0,0,0,0,0,0,0,0,0,0,0,0,0,0,0
3943,4,0,0,0,0,0,0,0,0,0,0,0,0,0,0,0,0,0,0,0,0,0,0,0,0,0,0,0,0,0,0,0,0,0,0,0,0,0,0,0,0,0,0,0,0,0,0,0,0,0,0,0,0,0,0,0,0,0,0,0,0,0,0,0,0
3944,4,0,0,0,0,0,0,0,0,0,0,0,0,0,0,0,0,0,0,0,0,0,0,0,0,0,0,0,0,0,0,0,0,0,0,0,0,0,0,0,0,0,0,0,0,0,0,0,0,0,0,0,0,0,0,0,0,0,0,0,0,0,0,0,0
3945,4,0,0,0,0,0,0,0,0,0,0,0,0,0,0,0,0,0,0,0,0,0,0,0,0,0,0,0,0,0,0,0,0,0,0,0,0,0,0,0,0,0,0,0,0,0,0,0,0,0,0,0,0,0,0,0,0,0,0,0,0,0,0,0,0
3946,4,0,0,0,0,0,0,0,0,0,0,0,0,0,0,0,0,0,0,0,0,0,0,0,0,0,0,0,0,0,0,0,0,0,0,0,0,0,0,0,0,0,0,0,0,0,0,0,0,0,0,0,0,0,0,0,0,0,0,0,0,0,0,0,0
3947,4,0,0,0,0,0,0,0,0,0,0,0,0,0,0,0,0,0,0,0,0,0,0,0,0,0,0,0,0,0,0,0,0,0,0,0,0,0,0,0,0,0,0,0,0,0,0,0,0,0,0,0,0,0,0,0,0,0,0,0,0,0,0,0,0
3948,4,0,0,0,0,0,0,0,0,0,0,0,0,0,0,0,0,0,0,0,0,0,0,0,0,0,0,0,0,0,0,0,0,0,0,0,0,0,0,0,0,0,0,0,0,0,0,0,0,0,0,0,0,0,0,0,0,0,0,0,0,0,0,0,0
3949,4,0,0,0,0,0,0,0,0,0,0,0,0,0,0,0,0,0,0,0,0,0,0,0,0,0,0,0,0,0,0,0,0,0,0,0,0,0,0,0,0,0,0,0,0,0,0,0,0,0,0,0,0,0,0,0,0,0,0,0,0,0,0,0,0
3950,4,0,0,0,0,0,0,0,0,0,0,0,0,0,0,0,0,0,0,0,0,0,0,0,0,0,0,0,0,0,0,0,0,0,0,0,0,0,0,0,0,0,0,0,0,0,0,0,0,0,0,0,0,0,0,0,0,0,0,0,0,0,0,0,0
3951,4,0,0,0,0,0,0,0,0,0,0,0,0,0,0,0,0,0,0,0,0,0,0,0,0,0,0,0,0,0,0,0,0,0,0,0,0,0,0,0,0,0,0,0,0,0,0,0,0,0,0,0,0,0,0,0,0,0,0,0,0,0,0,0,0
3952,4,0,0,0,0,0,0,0,0,0,0,0,0,0,0,0,0,0,0,0,0,0,0,0,0,0,0,0,0,0,0,0,0,0,0,0,0,0,0,0,0,0,0,0,0,0,0,0,0,0,0,0,0,0,0,0,0,0,0,0,0,0,0,0,0
3953,4,0,0,0,0,0,0,0,0,0,0,0,0,0,0,0,0,0,0,0,0,0,0,0,0,0,0,0,0,0,0,0,0,0,0,0,0,0,0,0,0,0,0,0,0,0,0,0,0,0,0,0,0,0,0,0,0,0,0,0,0,0,0,0,0
3954,4,0,0,0,0,0,0,0,0,0,0,0,0,0,0,0,0,0,0,0,0,0,0,0,0,0,0,0,0,0,0,0,0,0,0,0,0,0,0,0,0,0,0,0,0,0,0,0,0,0,0,0,0,0,0,0,0,0,0,0,0,0,0,0,0
3955,4,0,0,0,0,0,0,0,0,0,0,0,0,0,0,0,0,0,0,0,0,0,0,0,0,0,0,0,0,0,0,0,0,0,0,0,0,0,0,0,0,0,0,0,0,0,0,0,0,0,0,0,0,0,0,0,0,0,0,0,0,0,0,0,0
3956,4,0,0,0,0,0,0,0,0,0,0,0,0,0,0,0,0,0,0,0,0,0,0,0,0,0,0,0,0,0,0,0,0,0,0,0,0,0,0,0,0,0,0,0,0,0,0,0,0,0,0,0,0,0,0,0,0,0,0,0,0,0,0,0,0
3957,4,0,0,0,0,0,0,0,0,0,0,0,0,0,0,0,0,0,0,0,0,0,0,0,0,0,0,0,0,0,0,0,0,0,0,0,0,0,0,0,0,0,0,0,0,0,0,0,0,0,0,0,0,0,0,0,0,0,0,0,0,0,0,0,0
3958,4,0,0,0,0,0,0,0,0,0,0,0,0,0,0,0,0,0,0,0,0,0,0,0,0,0,0,0,0,0,0,0,0,0,0,0,0,0,0,0,0,0,0,0,0,0,0,0,0,0,0,0,0,0,0,0,0,0,0,0,0,0,0,0,0
3959,4,0,0,0,0,0,0,0,0,0,0,0,0,0,0,0,0,0,0,0,0,0,0,0,0,0,0,0,0,0,0,0,0,0,0,0,0,0,0,0,0,0,0,0,0,0,0,0,0,0,0,0,0,0,0,0,0,0,0,0,0,0,0,0,0
3960,4,0,0,0,0,0,0,0,0,0,0,0,0,0,0,0,0,0,0,0,0,0,0,0,0,0,0,0,0,0,0,0,0,0,0,0,0,0,0,0,0,0,0,0,0,0,0,0,0,0,0,0,0,0,0,0,0,0,0,0,0,0,0,0,0
3961,4,0,0,0,0,0,0,0,0,0,0,0,0,0,0,0,0,0,0,0,0,0,0,0,0,0,0,0,0,0,0,0,0,0,0,0,0,0,0,0,0,0,0,0,0,0,0,0,0,0,0,0,0,0,0,0,0,0,0,0,0,0,0,0,0
3962,4,0,0,0,0,0,0,0,0,0,0,0,0,0,0,0,0,0,0,0,0,0,0,0,0,0,0,0,0,0,0,0,0,0,0,0,0,0,0,0,0,0,0,0,0,0,0,0,0,0,0,0,0,0,0,0,0,0,0,0,0,0,0,0,0
3963,4,0,0,0,0,0,0,0,0,0,0,0,0,0,0,0,0,0,0,0,0,0,0,0,0,0,0,0,0,0,0,0,0,0,0,0,0,0,0,0,0,0,0,0,0,0,0,0,0,0,0,0,0,0,0,0,0,0,0,0,0,0,0,0,0
3964,4,0,0,0,0,0,0,0,0,0,0,0,0,0,0,0,0,0,0,0,0,0,0,0,0,0,0,0,0,0,0,0,0,0,0,0,0,0,0,0,0,0,0,0,0,0,0,0,0,0,0,0,0,0,0,0,0,0,0,0,0,0,0,0,0
3965,4,0,0,0,0,0,0,0,0,0,0,0,0,0,0,0,0,0,0,0,0,0,0,0,0,0,0,0,0,0,0,0,0,0,0,0,0,0,0,0,0,0,0,0,0,0,0,0,0,0,0,0,0,0,0,0,0,0,0,0,0,0,0,0,0
3966,4,0,0,0,0,0,0,0,0,0,0,0,0,0,0,0,0,0,0,0,0,0,0,0,0,0,0,0,0,0,0,0,0,0,0,0,0,0,0,0,0,0,0,0,0,0,0,0,0,0,0,0,0,0,0,0,0,0,0,0,0,0,0,0,0
3967,4,0,0,0,0,0,0,0,0,0,0,0,0,0,0,0,0,0,0,0,0,0,0,0,0,0,0,0,0,0,0,0,0,0,0,0,0,0,0,0,0,0,0,0,0,0,0,0,0,0,0,0,0,0,0,0,0,0,0,0,0,0,0,0,0
3968,4,0,0,0,0,0,0,0,0,0,0,0,0,0,0,0,0,0,0,0,0,0,0,0,0,0,0,0,0,0,0,0,0,0,0,0,0,0,0,0,0,0,0,0,0,0,0,0,0,0,0,0,0,0,0,0,0,0,0,0,0,0,0,0,0
3969,4,0,0,0,0,0,0,0,0,0,0,0,0,0,0,0,0,0,0,0,0,0,0,0,0,0,0,0,0,0,0,0,0,0,0,0,0,0,0,0,0,0,0,0,0,0,0,0,0,0,0,0,0,0,0,0,0,0,0,0,0,0,0,0,0
3970,4,0,0,0,0,0,0,0,0,0,0,0,0,0,0,0,0,0,0,0,0,0,0,0,0,0,0,0,0,0,0,0,0,0,0,0,0,0,0,0,0,0,0,0,0,0,0,0,0,0,0,0,0,0,0,0,0,0,0,0,0,0,0,0,0
3971,4,0,0,0,0,0,0,0,0,0,0,0,0,0,0,0,0,0,0,0,0,0,0,0,0,0,0,0,0,0,0,0,0,0,0,0,0,0,0,0,0,0,0,0,0,0,0,0,0,0,0,0,0,0,0,0,0,0,0,0,0,0,0,0,0
3972,4,0,0,0,0,0,0,0,0,0,0,0,0,0,0,0,0,0,0,0,0,0,0,0,0,0,0,0,0,0,0,0,0,0,0,0,0,0,0,0,0,0,0,0,0,0,0,0,0,0,0,0,0,0,0,0,0,0,0,0,0,0,0,0,0
3973,4,0,0,0,0,0,0,0,0,0,0,0,0,0,0,0,0,0,0,0,0,0,0,0,0,0,0,0,0,0,0,0,0,0,0,0,0,0,0,0,0,0,0,0,0,0,0,0,0,0,0,0,0,0,0,0,0,0,0,0,0,0,0,0,0
3974,4,0,0,0,0,0,0,0,0,0,0,0,0,0,0,0,0,0,0,0,0,0,0,0,0,0,0,0,0,0,0,0,0,0,0,0,0,0,0,0,0,0,0,0,0,0,0,0,0,0,0,0,0,0,0,0,0,0,0,0,0,0,0,0,0
3975,4,0,0,0,0,0,0,0,0,0,0,0,0,0,0,0,0,0,0,0,0,0,0,0,0,0,0,0,0,0,0,0,0,0,0,0,0,0,0,0,0,0,0,0,0,0,0,0,0,0,0,0,0,0,0,0,0,0,0,0,0,0,0,0,0
3976,4,0,0,0,0,0,0,0,0,0,0,0,0,0,0,0,0,0,0,0,0,0,0,0,0,0,0,0,0,0,0,0,0,0,0,0,0,0,0,0,0,0,0,0,0,0,0,0,0,0,0,0,0,0,0,0,0,0,0,0,0,0,0,0,0
3977,4,0,0,0,0,0,0,0,0,0,0,0,0,0,0,0,0,0,0,0,0,0,0,0,0,0,0,0,0,0,0,0,0,0,0,0,0,0,0,0,0,0,0,0,0,0,0,0,0,0,0,0,0,0,0,0,0,0,0,0,0,0,0,0,0
3978,4,0,0,0,0,0,0,0,0,0,0,0,0,0,0,0,0,0,0,0,0,0,0,0,0,0,0,0,0,0,0,0,0,0,0,0,0,0,0,0,0,0,0,0,0,0,0,0,0,0,0,0,0,0,0,0,0,0,0,0,0,0,0,0,0
3979,4,0,0,0,0,0,0,0,0,0,0,0,0,0,0,0,0,0,0,0,0,0,0,0,0,0,0,0,0,0,0,0,0,0,0,0,0,0,0,0,0,0,0,0,0,0,0,0,0,0,0,0,0,0,0,0,0,0,0,0,0,0,0,0,0
3980,4,0,0,0,0,0,0,0,0,0,0,0,0,0,0,0,0,0,0,0,0,0,0,0,0,0,0,0,0,0,0,0,0,0,0,0,0,0,0,0,0,0,0,0,0,0,0,0,0,0,0,0,0,0,0,0,0,0,0,0,0,0,0,0,0
3981,4,0,0,0,0,0,0,0,0,0,0,0,0,0,0,0,0,0,0,0,0,0,0,0,0,0,0,0,0,0,0,0,0,0,0,0,0,0,0,0,0,0,0,0,0,0,0,0,0,0,0,0,0,0,0,0,0,0,0,0,0,0,0,0,0
3982,4,0,0,0,0,0,0,0,0,0,0,0,0,0,0,0,0,0,0,0,0,0,0,0,0,0,0,0,0,0,0,0,0,0,0,0,0,0,0,0,0,0,0,0,0,0,0,0,0,0,0,0,0,0,0,0,0,0,0,0,0,0,0,0,0
3983,4,0,0,0,0,0,0,0,0,0,0,0,0,0,0,0,0,0,0,0,0,0,0,0,0,0,0,0,0,0,0,0,0,0,0,0,0,0,0,0,0,0,0,0,0,0,0,0,0,0,0,0,0,0,0,0,0,0,0,0,0,0,0,0,0
3984,4,0,0,0,0,0,0,0,0,0,0,0,0,0,0,0,0,0,0,0,0,0,0,0,0,0,0,0,0,0,0,0,0,0,0,0,0,0,0,0,0,0,0,0,0,0,0,0,0,0,0,0,0,0,0,0,0,0,0,0,0,0,0,0,0
3985,4,0,0,0,0,0,0,0,0,0,0,0,0,0,0,0,0,0,0,0,0,0,0,0,0,0,0,0,0,0,0,0,0,0,0,0,0,0,0,0,0,0,0,0,0,0,0,0,0,0,0,0,0,0,0,0,0,0,0,0,0,0,0,0,0
3986,4,0,0,0,0,0,0,0,0,0,0,0,0,0,0,0,0,0,0,0,0,0,0,0,0,0,0,0,0,0,0,0,0,0,0,0,0,0,0,0,0,0,0,0,0,0,0,0,0,0,0,0,0,0,0,0,0,0,0,0,0,0,0,0,0
3987,4,0,0,0,0,0,0,0,0,0,0,0,0,0,0,0,0,0,0,0,0,0,0,0,0,0,0,0,0,0,0,0,0,0,0,0,0,0,0,0,0,0,0,0,0,0,0,0,0,0,0,0,0,0,0,0,0,0,0,0,0,0,0,0,0
3988,4,0,0,0,0,0,0,0,0,0,0,0,0,0,0,0,0,0,0,0,0,0,0,0,0,0,0,0,0,0,0,0,0,0,0,0,0,0,0,0,0,0,0,0,0,0,0,0,0,0,0,0,0,0,0,0,0,0,0,0,0,0,0,0,0
3989,4,0,0,0,0,0,0,0,0,0,0,0,0,0,0,0,0,0,0,0,0,0,0,0,0,0,0,0,0,0,0,0,0,0,0,0,0,0,0,0,0,0,0,0,0,0,0,0,0,0,0,0,0,0,0,0,0,0,0,0,0,0,0,0,0
3990,4,0,0,0,0,0,0,0,0,0,0,0,0,0,0,0,0,0,0,0,0,0,0,0,0,0,0,0,0,0,0,0,0,0,0,0,0,0,0,0,0,0,0,0,0,0,0,0,0,0,0,0,0,0,0,0,0,0,0,0,0,0,0,0,0
3991,4,0,0,0,0,0,0,0,0,0,0,0,0,0,0,0,0,0,0,0,0,0,0,0,0,0,0,0,0,0,0,0,0,0,0,0,0,0,0,0,0,0,0,0,0,0,0,0,0,0,0,0,0,0,0,0,0,0,0,0,0,0,0,0,0
3992,4,0,0,0,0,0,0,0,0,0,0,0,0,0,0,0,0,0,0,0,0,0,0,0,0,0,0,0,0,0,0,0,0,0,0,0,0,0,0,0,0,0,0,0,0,0,0,0,0,0,0,0,0,0,0,0,0,0,0,0,0,0,0,0,0
3993,4,0,0,0,0,0,0,0,0,0,0,0,0,0,0,0,0,0,0,0,0,0,0,0,0,0,0,0,0,0,0,0,0,0,0,0,0,0,0,0,0,0,0,0,0,0,0,0,0,0,0,0,0,0,0,0,0,0,0,0,0,0,0,0,0
3994,4,0,0,0,0,0,0,0,0,0,0,0,0,0,0,0,0,0,0,0,0,0,0,0,0,0,0,0,0,0,0,0,0,0,0,0,0,0,0,0,0,0,0,0,0,0,0,0,0,0,0,0,0,0,0,0,0,0,0,0,0,0,0,0,0
3995,4,0,0,0,0,0,0,0,0,0,0,0,0,0,0,0,0,0,0,0,0,0,0,0,0,0,0,0,0,0,0,0,0,0,0,0,0,0,0,0,0,0,0,0,0,0,0,0,0,0,0,0,0,0,0,0,0,0,0,0,0,0,0,0,0
3996,4,0,0,0,0,0,0,0,0,0,0,0,0,0,0,0,0,0,0,0,0,0,0,0,0,0,0,0,0,0,0,0,0,0,0,0,0,0,0,0,0,0,0,0,0,0,0,0,0,0,0,0,0,0,0,0,0,0,0,0,0,0,0,0,0
3997,4,0,0,0,0,0,0,0,0,0,0,0,0,0,0,0,0,0,0,0,0,0,0,0,0,0,0,0,0,0,0,0,0,0,0,0,0,0,0,0,0,0,0,0,0,0,0,0,0,0,0,0,0,0,0,0,0,0,0,0,0,0,0,0,0
3998,4,0,0,0,0,0,0,0,0,0,0,0,0,0,0,0,0,0,0,0,0,0,0,0,0,0,0,0,0,0,0,0,0,0,0,0,0,0,0,0,0,0,0,0,0,0,0,0,0,0,0,0,0,0,0,0,0,0,0,0,0,0,0,0,0
3999,4,0,0,0,0,0,0,0,0,0,0,0,0,0,0,0,0,0,0,0,0,0,0,0,0,0,0,0,0,0,0,0,0,0,0,0,0,0,0,0,0,0,0,0,0,0,0,0,0,0,0,0,0,0,0,0,0,0,0,0,0,0,0,0,0
4000,4,0,0,0,0,0,0,0,0,0,0,0,0,0,0,0,0,0,0,0,0,0,0,0,0,0,0,0,0,0,0,0,0,0,0,0,0,0,0,0,0,0,0,0,0,0,0,0,0,0,0,0,0,0,0,0,0,0,0,0,0,0,0,0,0
4001,4,0,0,0,0,0,0,0,0,0,0,0,0,0,0,0,0,0,0,0,0,0,0,0,0,0,0,0,0,0,0,0,0,0,0,0,0,0,0,0,0,0,0,0,0,0,0,0,0,0,0,0,0,0,0,0,0,0,0,0,0,0,0,0,0
4002,4,0,0,0,0,0,0,0,0,0,0,0,0,0,0,0,0,0,0,0,0,0,0,0,0,0,0,0,0,0,0,0,0,0,0,0,0,0,0,0,0,0,0,0,0,0,0,0,0,0,0,0,0,0,0,0,0,0,0,0,0,0,0,0,0
4003,4,0,0,0,0,0,0,0,0,0,0,0,0,0,0,0,0,0,0,0,0,0,0,0,0,0,0,0,0,0,0,0,0,0,0,0,0,0,0,0,0,0,0,0,0,0,0,0,0,0,0,0,0,0,0,0,0,0,0,0,0,0,0,0,0
4004,4,0,0,0,0,0,0,0,0,0,0,0,0,0,0,0,0,0,0,0,0,0,0,0,0,0,0,0,0,0,0,0,0,0,0,0,0,0,0,0,0,0,0,0,0,0,0,0,0,0,0,0,0,0,0,0,0,0,0,0,0,0,0,0,0
4005,4,0,0,0,0,0,0,0,0,0,0,0,0,0,0,0,0,0,0,0,0,0,0,0,0,0,0,0,0,0,0,0,0,0,0,0,0,0,0,0,0,0,0,0,0,0,0,0,0,0,0,0,0,0,0,0,0,0,0,0,0,0,0,0,0
4006,4,0,0,0,0,0,0,0,0,0,0,0,0,0,0,0,0,0,0,0,0,0,0,0,0,0,0,0,0,0,0,0,0,0,0,0,0,0,0,0,0,0,0,0,0,0,0,0,0,0,0,0,0,0,0,0,0,0,0,0,0,0,0,0,0
4007,4,0,0,0,0,0,0,0,0,0,0,0,0,0,0,0,0,0,0,0,0,0,0,0,0,0,0,0,0,0,0,0,0,0,0,0,0,0,0,0,0,0,0,0,0,0,0,0,0,0,0,0,0,0,0,0,0,0,0,0,0,0,0,0,0
4008,4,0,0,0,0,0,0,0,0,0,0,0,0,0,0,0,0,0,0,0,0,0,0,0,0,0,0,0,0,0,0,0,0,0,0,0,0,0,0,0,0,0,0,0,0,0,0,0,0,0,0,0,0,0,0,0,0,0,0,0,0,0,0,0,0
4009,4,0,0,0,0,0,0,0,0,0,0,0,0,0,0,0,0,0,0,0,0,0,0,0,0,0,0,0,0,0,0,0,0,0,0,0,0,0,0,0,0,0,0,0,0,0,0,0,0,0,0,0,0,0,0,0,0,0,0,0,0,0,0,0,0
4010,4,0,0,0,0,0,0,0,0,0,0,0,0,0,0,0,0,0,0,0,0,0,0,0,0,0,0,0,0,0,0,0,0,0,0,0,0,0,0,0,0,0,0,0,0,0,0,0,0,0,0,0,0,0,0,0,0,0,0,0,0,0,0,0,0
4011,4,0,0,0,0,0,0,0,0,0,0,0,0,0,0,0,0,0,0,0,0,0,0,0,0,0,0,0,0,0,0,0,0,0,0,0,0,0,0,0,0,0,0,0,0,0,0,0,0,0,0,0,0,0,0,0,0,0,0,0,0,0,0,0,0
4012,4,0,0,0,0,0,0,0,0,0,0,0,0,0,0,0,0,0,0,0,0,0,0,0,0,0,0,0,0,0,0,0,0,0,0,0,0,0,0,0,0,0,0,0,0,0,0,0,0,0,0,0,0,0,0,0,0,0,0,0,0,0,0,0,0
4013,4,0,0,0,0,0,0,0,0,0,0,0,0,0,0,0,0,0,0,0,0,0,0,0,0,0,0,0,0,0,0,0,0,0,0,0,0,0,0,0,0,0,0,0,0,0,0,0,0,0,0,0,0,0,0,0,0,0,0,0,0,0,0,0,0
4014,4,0,0,0,0,0,0,0,0,0,0,0,0,0,0,0,0,0,0,0,0,0,0,0,0,0,0,0,0,0,0,0,0,0,0,0,0,0,0,0,0,0,0,0,0,0,0,0,0,0,0,0,0,0,0,0,0,0,0,0,0,0,0,0,0
4015,4,0,0,0,0,0,0,0,0,0,0,0,0,0,0,0,0,0,0,0,0,0,0,0,0,0,0,0,0,0,0,0,0,0,0,0,0,0,0,0,0,0,0,0,0,0,0,0,0,0,0,0,0,0,0,0,0,0,0,0,0,0,0,0,0
4016,4,0,0,0,0,0,0,0,0,0,0,0,0,0,0,0,0,0,0,0,0,0,0,0,0,0,0,0,0,0,0,0,0,0,0,0,0,0,0,0,0,0,0,0,0,0,0,0,0,0,0,0,0,0,0,0,0,0,0,0,0,0,0,0,0
4017,4,0,0,0,0,0,0,0,0,0,0,0,0,0,0,0,0,0,0,0,0,0,0,0,0,0,0,0,0,0,0,0,0,0,0,0,0,0,0,0,0,0,0,0,0,0,0,0,0,0,0,0,0,0,0,0,0,0,0,0,0,0,0,0,0
4018,4,0,0,0,0,0,0,0,0,0,0,0,0,0,0,0,0,0,0,0,0,0,0,0,0,0,0,0,0,0,0,0,0,0,0,0,0,0,0,0,0,0,0,0,0,0,0,0,0,0,0,0,0,0,0,0,0,0,0,0,0,0,0,0,0
4019,4,0,0,0,0,0,0,0,0,0,0,0,0,0,0,0,0,0,0,0,0,0,0,0,0,0,0,0,0,0,0,0,0,0,0,0,0,0,0,0,0,0,0,0,0,0,0,0,0,0,0,0,0,0,0,0,0,0,0,0,0,0,0,0,0
4020,4,0,0,0,0,0,0,0,0,0,0,0,0,0,0,0,0,0,0,0,0,0,0,0,0,0,0,0,0,0,0,0,0,0,0,0,0,0,0,0,0,0,0,0,0,0,0,0,0,0,0,0,0,0,0,0,0,0,0,0,0,0,0,0,0
4021,4,0,0,0,0,0,0,0,0,0,0,0,0,0,0,0,0,0,0,0,0,0,0,0,0,0,0,0,0,0,0,0,0,0,0,0,0,0,0,0,0,0,0,0,0,0,0,0,0,0,0,0,0,0,0,0,0,0,0,0,0,0,0,0,0
4022,4,0,0,0,0,0,0,0,0,0,0,0,0,0,0,0,0,0,0,0,0,0,0,0,0,0,0,0,0,0,0,0,0,0,0,0,0,0,0,0,0,0,0,0,0,0,0,0,0,0,0,0,0,0,0,0,0,0,0,0,0,0,0,0,0
4023,4,0,0,0,0,0,0,0,0,0,0,0,0,0,0,0,0,0,0,0,0,0,0,0,0,0,0,0,0,0,0,0,0,0,0,0,0,0,0,0,0,0,0,0,0,0,0,0,0,0,0,0,0,0,0,0,0,0,0,0,0,0,0,0,0
4024,4,0,0,0,0,0,0,0,0,0,0,0,0,0,0,0,0,0,0,0,0,0,0,0,0,0,0,0,0,0,0,0,0,0,0,0,0,0,0,0,0,0,0,0,0,0,0,0,0,0,0,0,0,0,0,0,0,0,0,0,0,0,0,0,0
4025,4,0,0,0,0,0,0,0,0,0,0,0,0,0,0,0,0,0,0,0,0,0,0,0,0,0,0,0,0,0,0,0,0,0,0,0,0,0,0,0,0,0,0,0,0,0,0,0,0,0,0,0,0,0,0,0,0,0,0,0,0,0,0,0,0
4026,4,0,0,0,0,0,0,0,0,0,0,0,0,0,0,0,0,0,0,0,0,0,0,0,0,0,0,0,0,0,0,0,0,0,0,0,0,0,0,0,0,0,0,0,0,0,0,0,0,0,0,0,0,0,0,0,0,0,0,0,0,0,0,0,0
4027,4,0,0,0,0,0,0,0,0,0,0,0,0,0,0,0,0,0,0,0,0,0,0,0,0,0,0,0,0,0,0,0,0,0,0,0,0,0,0,0,0,0,0,0,0,0,0,0,0,0,0,0,0,0,0,0,0,0,0,0,0,0,0,0,0
4028,4,0,0,0,0,0,0,0,0,0,0,0,0,0,0,0,0,0,0,0,0,0,0,0,0,0,0,0,0,0,0,0,0,0,0,0,0,0,0,0,0,0,0,0,0,0,0,0,0,0,0,0,0,0,0,0,0,0,0,0,0,0,0,0,0
4029,4,0,0,0,0,0,0,0,0,0,0,0,0,0,0,0,0,0,0,0,0,0,0,0,0,0,0,0,0,0,0,0,0,0,0,0,0,0,0,0,0,0,0,0,0,0,0,0,0,0,0,0,0,0,0,0,0,0,0,0,0,0,0,0,0
4030,4,0,0,0,0,0,0,0,0,0,0,0,0,0,0,0,0,0,0,0,0,0,0,0,0,0,0,0,0,0,0,0,0,0,0,0,0,0,0,0,0,0,0,0,0,0,0,0,0,0,0,0,0,0,0,0,0,0,0,0,0,0,0,0,0
4031,4,0,0,0,0,0,0,0,0,0,0,0,0,0,0,0,0,0,0,0,0,0,0,0,0,0,0,0,0,0,0,0,0,0,0,0,0,0,0,0,0,0,0,0,0,0,0,0,0,0,0,0,0,0,0,0,0,0,0,0,0,0,0,0,0
4032,4,0,0,0,0,0,0,0,0,0,0,0,0,0,0,0,0,0,0,0,0,0,0,0,0,0,0,0,0,0,0,0,0,0,0,0,0,0,0,0,0,0,0,0,0,0,0,0,0,0,0,0,0,0,0,0,0,0,0,0,0,0,0,0,0
4033,4,0,0,0,0,0,0,0,0,0,0,0,0,0,0,0,0,0,0,0,0,0,0,0,0,0,0,0,0,0,0,0,0,0,0,0,0,0,0,0,0,0,0,0,0,0,0,0,0,0,0,0,0,0,0,0,0,0,0,0,0,0,0,0,0
4034,4,0,0,0,0,0,0,0,0,0,0,0,0,0,0,0,0,0,0,0,0,0,0,0,0,0,0,0,0,0,0,0,0,0,0,0,0,0,0,0,0,0,0,0,0,0,0,0,0,0,0,0,0,0,0,0,0,0,0,0,0,0,0,0,0
4035,4,0,0,0,0,0,0,0,0,0,0,0,0,0,0,0,0,0,0,0,0,0,0,0,0,0,0,0,0,0,0,0,0,0,0,0,0,0,0,0,0,0,0,0,0,0,0,0,0,0,0,0,0,0,0,0,0,0,0,0,0,0,0,0,0
4036,4,0,0,0,0,0,0,0,0,0,0,0,0,0,0,0,0,0,0,0,0,0,0,0,0,0,0,0,0,0,0,0,0,0,0,0,0,0,0,0,0,0,0,0,0,0,0,0,0,0,0,0,0,0,0,0,0,0,0,0,0,0,0,0,0
4037,4,0,0,0,0,0,0,0,0,0,0,0,0,0,0,0,0,0,0,0,0,0,0,0,0,0,0,0,0,0,0,0,0,0,0,0,0,0,0,0,0,0,0,0,0,0,0,0,0,0,0,0,0,0,0,0,0,0,0,0,0,0,0,0,0
4038,4,0,0,0,0,0,0,0,0,0,0,0,0,0,0,0,0,0,0,0,0,0,0,0,0,0,0,0,0,0,0,0,0,0,0,0,0,0,0,0,0,0,0,0,0,0,0,0,0,0,0,0,0,0,0,0,0,0,0,0,0,0,0,0,0
4039,4,0,0,0,0,0,0,0,0,0,0,0,0,0,0,0,0,0,0,0,0,0,0,0,0,0,0,0,0,0,0,0,0,0,0,0,0,0,0,0,0,0,0,0,0,0,0,0,0,0,0,0,0,0,0,0,0,0,0,0,0,0,0,0,0
4040,4,0,0,0,0,0,0,0,0,0,0,0,0,0,0,0,0,0,0,0,0,0,0,0,0,0,0,0,0,0,0,0,0,0,0,0,0,0,0,0,0,0,0,0,0,0,0,0,0,0,0,0,0,0,0,0,0,0,0,0,0,0,0,0,0
4041,4,0,0,0,0,0,0,0,0,0,0,0,0,0,0,0,0,0,0,0,0,0,0,0,0,0,0,0,0,0,0,0,0,0,0,0,0,0,0,0,0,0,0,0,0,0,0,0,0,0,0,0,0,0,0,0,0,0,0,0,0,0,0,0,0
4042,4,0,0,0,0,0,0,0,0,0,0,0,0,0,0,0,0,0,0,0,0,0,0,0,0,0,0,0,0,0,0,0,0,0,0,0,0,0,0,0,0,0,0,0,0,0,0,0,0,0,0,0,0,0,0,0,0,0,0,0,0,0,0,0,0
4043,4,0,0,0,0,0,0,0,0,0,0,0,0,0,0,0,0,0,0,0,0,0,0,0,0,0,0,0,0,0,0,0,0,0,0,0,0,0,0,0,0,0,0,0,0,0,0,0,0,0,0,0,0,0,0,0,0,0,0,0,0,0,0,0,0
4044,4,0,0,0,0,0,0,0,0,0,0,0,0,0,0,0,0,0,0,0,0,0,0,0,0,0,0,0,0,0,0,0,0,0,0,0,0,0,0,0,0,0,0,0,0,0,0,0,0,0,0,0,0,0,0,0,0,0,0,0,0,0,0,0,0
4045,4,0,0,0,0,0,0,0,0,0,0,0,0,0,0,0,0,0,0,0,0,0,0,0,0,0,0,0,0,0,0,0,0,0,0,0,0,0,0,0,0,0,0,0,0,0,0,0,0,0,0,0,0,0,0,0,0,0,0,0,0,0,0,0,0
4046,4,0,0,0,0,0,0,0,0,0,0,0,0,0,0,0,0,0,0,0,0,0,0,0,0,0,0,0,0,0,0,0,0,0,0,0,0,0,0,0,0,0,0,0,0,0,0,0,0,0,0,0,0,0,0,0,0,0,0,0,0,0,0,0,0
4047,4,0,0,0,0,0,0,0,0,0,0,0,0,0,0,0,0,0,0,0,0,0,0,0,0,0,0,0,0,0,0,0,0,0,0,0,0,0,0,0,0,0,0,0,0,0,0,0,0,0,0,0,0,0,0,0,0,0,0,0,0,0,0,0,0
4048,4,0,0,0,0,0,0,0,0,0,0,0,0,0,0,0,0,0,0,0,0,0,0,0,0,0,0,0,0,0,0,0,0,0,0,0,0,0,0,0,0,0,0,0,0,0,0,0,0,0,0,0,0,0,0,0,0,0,0,0,0,0,0,0,0
4049,4,0,0,0,0,0,0,0,0,0,0,0,0,0,0,0,0,0,0,0,0,0,0,0,0,0,0,0,0,0,0,0,0,0,0,0,0,0,0,0,0,0,0,0,0,0,0,0,0,0,0,0,0,0,0,0,0,0,0,0,0,0,0,0,0
4050,4,0,0,0,0,0,0,0,0,0,0,0,0,0,0,0,0,0,0,0,0,0,0,0,0,0,0,0,0,0,0,0,0,0,0,0,0,0,0,0,0,0,0,0,0,0,0,0,0,0,0,0,0,0,0,0,0,0,0,0,0,0,0,0,0
4051,4,0,0,0,0,0,0,0,0,0,0,0,0,0,0,0,0,0,0,0,0,0,0,0,0,0,0,0,0,0,0,0,0,0,0,0,0,0,0,0,0,0,0,0,0,0,0,0,0,0,0,0,0,0,0,0,0,0,0,0,0,0,0,0,0
4052,4,0,0,0,0,0,0,0,0,0,0,0,0,0,0,0,0,0,0,0,0,0,0,0,0,0,0,0,0,0,0,0,0,0,0,0,0,0,0,0,0,0,0,0,0,0,0,0,0,0,0,0,0,0,0,0,0,0,0,0,0,0,0,0,0
4053,4,0,0,0,0,0,0,0,0,0,0,0,0,0,0,0,0,0,0,0,0,0,0,0,0,0,0,0,0,0,0,0,0,0,0,0,0,0,0,0,0,0,0,0,0,0,0,0,0,0,0,0,0,0,0,0,0,0,0,0,0,0,0,0,0
4054,4,0,0,0,0,0,0,0,0,0,0,0,0,0,0,0,0,0,0,0,0,0,0,0,0,0,0,0,0,0,0,0,0,0,0,0,0,0,0,0,0,0,0,0,0,0,0,0,0,0,0,0,0,0,0,0,0,0,0,0,0,0,0,0,0
4055,4,0,0,0,0,0,0,0,0,0,0,0,0,0,0,0,0,0,0,0,0,0,0,0,0,0,0,0,0,0,0,0,0,0,0,0,0,0,0,0,0,0,0,0,0,0,0,0,0,0,0,0,0,0,0,0,0,0,0,0,0,0,0,0,0
4056,4,0,0,0,0,0,0,0,0,0,0,0,0,0,0,0,0,0,0,0,0,0,0,0,0,0,0,0,0,0,0,0,0,0,0,0,0,0,0,0,0,0,0,0,0,0,0,0,0,0,0,0,0,0,0,0,0,0,0,0,0,0,0,0,0
4057,4,0,0,0,0,0,0,0,0,0,0,0,0,0,0,0,0,0,0,0,0,0,0,0,0,0,0,0,0,0,0,0,0,0,0,0,0,0,0,0,0,0,0,0,0,0,0,0,0,0,0,0,0,0,0,0,0,0,0,0,0,0,0,0,0
4058,4,0,0,0,0,0,0,0,0,0,0,0,0,0,0,0,0,0,0,0,0,0,0,0,0,0,0,0,0,0,0,0,0,0,0,0,0,0,0,0,0,0,0,0,0,0,0,0,0,0,0,0,0,0,0,0,0,0,0,0,0,0,0,0,0
4059,4,0,0,0,0,0,0,0,0,0,0,0,0,0,0,0,0,0,0,0,0,0,0,0,0,0,0,0,0,0,0,0,0,0,0,0,0,0,0,0,0,0,0,0,0,0,0,0,0,0,0,0,0,0,0,0,0,0,0,0,0,0,0,0,0
4060,4,0,0,0,0,0,0,0,0,0,0,0,0,0,0,0,0,0,0,0,0,0,0,0,0,0,0,0,0,0,0,0,0,0,0,0,0,0,0,0,0,0,0,0,0,0,0,0,0,0,0,0,0,0,0,0,0,0,0,0,0,0,0,0,0
4061,4,0,0,0,0,0,0,0,0,0,0,0,0,0,0,0,0,0,0,0,0,0,0,0,0,0,0,0,0,0,0,0,0,0,0,0,0,0,0,0,0,0,0,0,0,0,0,0,0,0,0,0,0,0,0,0,0,0,0,0,0,0,0,0,0
4062,4,0,0,0,0,0,0,0,0,0,0,0,0,0,0,0,0,0,0,0,0,0,0,0,0,0,0,0,0,0,0,0,0,0,0,0,0,0,0,0,0,0,0,0,0,0,0,0,0,0,0,0,0,0,0,0,0,0,0,0,0,0,0,0,0
4063,4,0,0,0,0,0,0,0,0,0,0,0,0,0,0,0,0,0,0,0,0,0,0,0,0,0,0,0,0,0,0,0,0,0,0,0,0,0,0,0,0,0,0,0,0,0,0,0,0,0,0,0,0,0,0,0,0,0,0,0,0,0,0,0,0
4064,4,0,0,0,0,0,0,0,0,0,0,0,0,0,0,0,0,0,0,0,0,0,0,0,0,0,0,0,0,0,0,0,0,0,0,0,0,0,0,0,0,0,0,0,0,0,0,0,0,0,0,0,0,0,0,0,0,0,0,0,0,0,0,0,0
4065,4,0,0,0,0,0,0,0,0,0,0,0,0,0,0,0,0,0,0,0,0,0,0,0,0,0,0,0,0,0,0,0,0,0,0,0,0,0,0,0,0,0,0,0,0,0,0,0,0,0,0,0,0,0,0,0,0,0,0,0,0,0,0,0,0
4066,4,0,0,0,0,0,0,0,0,0,0,0,0,0,0,0,0,0,0,0,0,0,0,0,0,0,0,0,0,0,0,0,0,0,0,0,0,0,0,0,0,0,0,0,0,0,0,0,0,0,0,0,0,0,0,0,0,0,0,0,0,0,0,0,0
4067,4,0,0,0,0,0,0,0,0,0,0,0,0,0,0,0,0,0,0,0,0,0,0,0,0,0,0,0,0,0,0,0,0,0,0,0,0,0,0,0,0,0,0,0,0,0,0,0,0,0,0,0,0,0,0,0,0,0,0,0,0,0,0,0,0
4068,4,0,0,0,0,0,0,0,0,0,0,0,0,0,0,0,0,0,0,0,0,0,0,0,0,0,0,0,0,0,0,0,0,0,0,0,0,0,0,0,0,0,0,0,0,0,0,0,0,0,0,0,0,0,0,0,0,0,0,0,0,0,0,0,0
4069,4,0,0,0,0,0,0,0,0,0,0,0,0,0,0,0,0,0,0,0,0,0,0,0,0,0,0,0,0,0,0,0,0,0,0,0,0,0,0,0,0,0,0,0,0,0,0,0,0,0,0,0,0,0,0,0,0,0,0,0,0,0,0,0,0
4070,4,0,0,0,0,0,0,0,0,0,0,0,0,0,0,0,0,0,0,0,0,0,0,0,0,0,0,0,0,0,0,0,0,0,0,0,0,0,0,0,0,0,0,0,0,0,0,0,0,0,0,0,0,0,0,0,0,0,0,0,0,0,0,0,0
4071,4,0,0,0,0,0,0,0,0,0,0,0,0,0,0,0,0,0,0,0,0,0,0,0,0,0,0,0,0,0,0,0,0,0,0,0,0,0,0,0,0,0,0,0,0,0,0,0,0,0,0,0,0,0,0,0,0,0,0,0,0,0,0,0,0
4072,4,0,0,0,0,0,0,0,0,0,0,0,0,0,0,0,0,0,0,0,0,0,0,0,0,0,0,0,0,0,0,0,0,0,0,0,0,0,0,0,0,0,0,0,0,0,0,0,0,0,0,0,0,0,0,0,0,0,0,0,0,0,0,0,0
4073,4,0,0,0,0,0,0,0,0,0,0,0,0,0,0,0,0,0,0,0,0,0,0,0,0,0,0,0,0,0,0,0,0,0,0,0,0,0,0,0,0,0,0,0,0,0,0,0,0,0,0,0,0,0,0,0,0,0,0,0,0,0,0,0,0
4074,4,0,0,0,0,0,0,0,0,0,0,0,0,0,0,0,0,0,0,0,0,0,0,0,0,0,0,0,0,0,0,0,0,0,0,0,0,0,0,0,0,0,0,0,0,0,0,0,0,0,0,0,0,0,0,0,0,0,0,0,0,0,0,0,0
4075,4,0,0,0,0,0,0,0,0,0,0,0,0,0,0,0,0,0,0,0,0,0,0,0,0,0,0,0,0,0,0,0,0,0,0,0,0,0,0,0,0,0,0,0,0,0,0,0,0,0,0,0,0,0,0,0,0,0,0,0,0,0,0,0,0
4076,4,0,0,0,0,0,0,0,0,0,0,0,0,0,0,0,0,0,0,0,0,0,0,0,0,0,0,0,0,0,0,0,0,0,0,0,0,0,0,0,0,0,0,0,0,0,0,0,0,0,0,0,0,0,0,0,0,0,0,0,0,0,0,0,0
4077,4,0,0,0,0,0,0,0,0,0,0,0,0,0,0,0,0,0,0,0,0,0,0,0,0,0,0,0,0,0,0,0,0,0,0,0,0,0,0,0,0,0,0,0,0,0,0,0,0,0,0,0,0,0,0,0,0,0,0,0,0,0,0,0,0
4078,4,0,0,0,0,0,0,0,0,0,0,0,0,0,0,0,0,0,0,0,0,0,0,0,0,0,0,0,0,0,0,0,0,0,0,0,0,0,0,0,0,0,0,0,0,0,0,0,0,0,0,0,0,0,0,0,0,0,0,0,0,0,0,0,0
4079,4,0,0,0,0,0,0,0,0,0,0,0,0,0,0,0,0,0,0,0,0,0,0,0,0,0,0,0,0,0,0,0,0,0,0,0,0,0,0,0,0,0,0,0,0,0,0,0,0,0,0,0,0,0,0,0,0,0,0,0,0,0,0,0,0
4080,4,0,0,0,0,0,0,0,0,0,0,0,0,0,0,0,0,0,0,0,0,0,0,0,0,0,0,0,0,0,0,0,0,0,0,0,0,0,0,0,0,0,0,0,0,0,0,0,0,0,0,0,0,0,0,0,0,0,0,0,0,0,0,0,0
4081,4,0,0,0,0,0,0,0,0,0,0,0,0,0,0,0,0,0,0,0,0,0,0,0,0,0,0,0,0,0,0,0,0,0,0,0,0,0,0,0,0,0,0,0,0,0,0,0,0,0,0,0,0,0,0,0,0,0,0,0,0,0,0,0,0
4082,4,0,0,0,0,0,0,0,0,0,0,0,0,0,0,0,0,0,0,0,0,0,0,0,0,0,0,0,0,0,0,0,0,0,0,0,0,0,0,0,0,0,0,0,0,0,0,0,0,0,0,0,0,0,0,0,0,0,0,0,0,0,0,0,0
4083,4,0,0,0,0,0,0,0,0,0,0,0,0,0,0,0,0,0,0,0,0,0,0,0,0,0,0,0,0,0,0,0,0,0,0,0,0,0,0,0,0,0,0,0,0,0,0,0,0,0,0,0,0,0,0,0,0,0,0,0,0,0,0,0,0
4084,4,0,0,0,0,0,0,0,0,0,0,0,0,0,0,0,0,0,0,0,0,0,0,0,0,0,0,0,0,0,0,0,0,0,0,0,0,0,0,0,0,0,0,0,0,0,0,0,0,0,0,0,0,0,0,0,0,0,0,0,0,0,0,0,0
4085,4,0,0,0,0,0,0,0,0,0,0,0,0,0,0,0,0,0,0,0,0,0,0,0,0,0,0,0,0,0,0,0,0,0,0,0,0,0,0,0,0,0,0,0,0,0,0,0,0,0,0,0,0,0,0,0,0,0,0,0,0,0,0,0,0
4086,4,0,0,0,0,0,0,0,0,0,0,0,0,0,0,0,0,0,0,0,0,0,0,0,0,0,0,0,0,0,0,0,0,0,0,0,0,0,0,0,0,0,0,0,0,0,0,0,0,0,0,0,0,0,0,0,0,0,0,0,0,0,0,0,0
4087,4,0,0,0,0,0,0,0,0,0,0,0,0,0,0,0,0,0,0,0,0,0,0,0,0,0,0,0,0,0,0,0,0,0,0,0,0,0,0,0,0,0,0,0,0,0,0,0,0,0,0,0,0,0,0,0,0,0,0,0,0,0,0,0,0
4088,4,0,0,0,0,0,0,0,0,0,0,0,0,0,0,0,0,0,0,0,0,0,0,0,0,0,0,0,0,0,0,0,0,0,0,0,0,0,0,0,0,0,0,0,0,0,0,0,0,0,0,0,0,0,0,0,0,0,0,0,0,0,0,0,0
4089,4,0,0,0,0,0,0,0,0,0,0,0,0,0,0,0,0,0,0,0,0,0,0,0,0,0,0,0,0,0,0,0,0,0,0,0,0,0,0,0,0,0,0,0,0,0,0,0,0,0,0,0,0,0,0,0,0,0,0,0,0,0,0,0,0
4090,4,0,0,0,0,0,0,0,0,0,0,0,0,0,0,0,0,0,0,0,0,0,0,0,0,0,0,0,0,0,0,0,0,0,0,0,0,0,0,0,0,0,0,0,0,0,0,0,0,0,0,0,0,0,0,0,0,0,0,0,0,0,0,0,0
4091,4,0,0,0,0,0,0,0,0,0,0,0,0,0,0,0,0,0,0,0,0,0,0,0,0,0,0,0,0,0,0,0,0,0,0,0,0,0,0,0,0,0,0,0,0,0,0,0,0,0,0,0,0,0,0,0,0,0,0,0,0,0,0,0,0
4092,4,0,0,0,0,0,0,0,0,0,0,0,0,0,0,0,0,0,0,0,0,0,0,0,0,0,0,0,0,0,0,0,0,0,0,0,0,0,0,0,0,0,0,0,0,0,0,0,0,0,0,0,0,0,0,0,0,0,0,0,0,0,0,0,0
4093,4,0,0,0,0,0,0,0,0,0,0,0,0,0,0,0,0,0,0,0,0,0,0,0,0,0,0,0,0,0,0,0,0,0,0,0,0,0,0,0,0,0,0,0,0,0,0,0,0,0,0,0,0,0,0,0,0,0,0,0,0,0,0,0,0
4094,4,0,0,0,0,0,0,0,0,0,0,0,0,0,0,0,0,0,0,0,0,0,0,0,0,0,0,0,0,0,0,0,0,0,0,0,0,0,0,0,0,0,0,0,0,0,0,0,0,0,0,0,0,0,0,0,0,0,0,0,0,0,0,0,0
4095,4,0,0,0,0,0,0,0,0,0,0,0,0,0,0,0,0,0,0,0,0,0,0,0,0,0,0,0,0,0,0,0,0,0,0,0,0,0,0,0,0,0,0,0,0,0,0,0,0,0,0,0,0,0,0,0,0,0,0,0,0,0,0,0,0
