idx,word_addr,lane,value
0,0,0,-17
1,0,1,-17
2,0,2,-17
3,0,3,-17
4,0,4,-17
5,0,5,-17
6,0,6,-17
7,0,7,-17
8,0,8,-17
9,0,9,-17
10,0,10,-17
11,0,11,-17
12,0,12,-17
13,0,13,-17
14,0,14,-17
15,0,15,-17
16,0,16,-17
17,0,17,-17
18,0,18,-17
19,0,19,-17
20,0,20,-17
21,0,21,-17
22,0,22,-17
23,0,23,-17
24,0,24,-17
25,0,25,-17
26,0,26,-17
27,0,27,-17
28,0,28,-17
29,0,29,-17
30,0,30,-17
31,0,31,-17
32,0,32,-17
33,0,33,-17
34,0,34,-17
35,0,35,-17
36,0,36,-17
37,0,37,-17
38,0,38,-17
39,0,39,-17
40,0,40,-17
41,0,41,-17
42,0,42,-17
43,0,43,-17
44,0,44,-17
45,0,45,-17
46,0,46,-17
47,0,47,-17
48,0,48,-17
49,0,49,-17
50,0,50,-17
51,0,51,-17
52,0,52,-17
53,0,53,-17
54,0,54,-17
55,0,55,-17
56,0,56,-17
57,0,57,-17
58,0,58,-17
59,0,59,-17
60,0,60,-17
61,0,61,-17
62,0,62,-17
63,0,63,-17
64,1,0,115
65,1,1,74
66,1,2,-98
67,1,3,30
68,1,4,56
69,1,5,-80
70,1,6,-12
71,1,7,79
72,1,8,80
73,1,9,-92
74,1,10,100
75,1,11,-3
76,1,12,-118
77,1,13,-99
78,1,14,47
79,1,15,-40
80,1,16,-69
81,1,17,-8
82,1,18,-100
83,1,19,15
84,1,20,-4
85,1,21,-29
86,1,22,-103
87,1,23,-1
88,1,24,-122
89,1,25,-10
90,1,26,103
91,1,27,-23
92,1,28,-119
93,1,29,-111
94,1,30,-87
95,1,31,19
96,1,32,64
97,1,33,-31
98,1,34,-5
99,1,35,-114
100,1,36,-11
101,1,37,-111
102,1,38,-99
103,1,39,71
104,1,40,52
105,1,41,70
106,1,42,-63
107,1,43,-126
108,1,44,90
109,1,45,120
110,1,46,59
111,1,47,121
112,1,48,19
113,1,49,-101
114,1,50,-22
115,1,51,124
116,1,52,-59
117,1,53,115
118,1,54,11
119,1,55,35
120,1,56,124
121,1,57,-39
122,1,58,15
123,1,59,-90
124,1,60,72
125,1,61,111
126,1,62,74
127,1,63,24
128,2,0,-107
129,2,1,120
130,2,2,-78
131,2,3,104
132,2,4,62
133,2,5,119
134,2,6,-118
135,2,7,-122
136,2,8,123
137,2,9,69
138,2,10,120
139,2,11,-51
140,2,12,65
141,2,13,-83
142,2,14,100
143,2,15,-40
144,2,16,4
145,2,17,23
146,2,18,19
147,2,19,-61
148,2,20,103
149,2,21,-64
150,2,22,-4
151,2,23,38
152,2,24,27
153,2,25,-102
154,2,26,-60
155,2,27,-121
156,2,28,93
157,2,29,-110
158,2,30,-53
159,2,31,83
160,2,32,10
161,2,33,-101
162,2,34,76
163,2,35,123
164,2,36,104
165,2,37,-67
166,2,38,127
167,2,39,43
168,2,40,104
169,2,41,-103
170,2,42,-54
171,2,43,73
172,2,44,-35
173,2,45,-45
174,2,46,42
175,2,47,31
176,2,48,-49
177,2,49,67
178,2,50,-46
179,2,51,-124
180,2,52,15
181,2,53,25
182,2,54,69
183,2,55,34
184,2,56,-61
185,2,57,-31
186,2,58,53
187,2,59,25
188,2,60,-27
189,2,61,-40
190,2,62,44
191,2,63,-10
192,3,0,73
193,3,1,40
194,3,2,14
195,3,3,-56
196,3,4,-67
197,3,5,-90
198,3,6,-23
199,3,7,15
200,3,8,28
201,3,9,109
202,3,10,78
203,3,11,-67
204,3,12,41
205,3,13,66
206,3,14,-83
207,3,15,65
208,3,16,37
209,3,17,-40
210,3,18,86
211,3,19,-101
212,3,20,-89
213,3,21,48
214,3,22,100
215,3,23,-50
216,3,24,73
217,3,25,65
218,3,26,97
219,3,27,119
220,3,28,-84
221,3,29,109
222,3,30,46
223,3,31,31
224,3,32,92
225,3,33,85
226,3,34,58
227,3,35,112
228,3,36,50
229,3,37,102
230,3,38,60
231,3,39,118
232,3,40,-105
233,3,41,-12
234,3,42,-50
235,3,43,90
236,3,44,-101
237,3,45,-5
238,3,46,78
239,3,47,-61
240,3,48,-47
241,3,49,-20
242,3,50,-82
243,3,51,52
244,3,52,-124
245,3,53,-113
246,3,54,27
247,3,55,-54
248,3,56,10
249,3,57,-21
250,3,58,-16
251,3,59,21
252,3,60,-78
253,3,61,-53
254,3,62,-96
255,3,63,43
256,4,0,14
257,4,1,64
258,4,2,50
259,4,3,39
260,4,4,-56
261,4,5,-91
262,4,6,37
263,4,7,29
264,4,8,29
265,4,9,-115
266,4,10,0
267,4,11,70
268,4,12,-62
269,4,13,92
270,4,14,-74
271,4,15,-46
272,4,16,103
273,4,17,67
274,4,18,-124
275,4,19,-126
276,4,20,-36
277,4,21,46
278,4,22,-38
279,4,23,101
280,4,24,-70
281,4,25,-77
282,4,26,121
283,4,27,110
284,4,28,-53
285,4,29,66
286,4,30,-119
287,4,31,37
288,4,32,52
289,4,33,3
290,4,34,-94
291,4,35,30
292,4,36,-117
293,4,37,43
294,4,38,62
295,4,39,101
296,4,40,-49
297,4,41,-117
298,4,42,-44
299,4,43,127
300,4,44,17
301,4,45,-56
302,4,46,101
303,4,47,30
304,4,48,-117
305,4,49,-95
306,4,50,-24
307,4,51,-122
308,4,52,104
309,4,53,107
310,4,54,3
311,4,55,107
312,4,56,67
313,4,57,-62
314,4,58,-15
315,4,59,-31
316,4,60,-68
317,4,61,-115
318,4,62,39
319,4,63,92
320,5,0,3
321,5,1,-23
322,5,2,-10
323,5,3,-13
324,5,4,31
325,5,5,103
326,5,6,-78
327,5,7,46
328,5,8,-69
329,5,9,68
330,5,10,112
331,5,11,-31
332,5,12,-4
333,5,13,-91
334,5,14,-122
335,5,15,-10
336,5,16,11
337,5,17,-114
338,5,18,-46
339,5,19,-40
340,5,20,-99
341,5,21,71
342,5,22,-76
343,5,23,-73
344,5,24,2
345,5,25,-18
346,5,26,80
347,5,27,45
348,5,28,115
349,5,29,-87
350,5,30,-54
351,5,31,-39
352,5,32,-120
353,5,33,-84
354,5,34,109
355,5,35,-36
356,5,36,-23
357,5,37,-56
358,5,38,-19
359,5,39,-78
360,5,40,-84
361,5,41,113
362,5,42,-15
363,5,43,-72
364,5,44,-41
365,5,45,-24
366,5,46,-43
367,5,47,-25
368,5,48,-8
369,5,49,-113
370,5,50,-62
371,5,51,87
372,5,52,8
373,5,53,-96
374,5,54,93
375,5,55,37
376,5,56,88
377,5,57,119
378,5,58,-36
379,5,59,-61
380,5,60,15
381,5,61,11
382,5,62,38
383,5,63,-79
384,6,0,-114
385,6,1,29
386,6,2,79
387,6,3,82
388,6,4,-112
389,6,5,-78
390,6,6,124
391,6,7,-10
392,6,8,92
393,6,9,10
394,6,10,-97
395,6,11,107
396,6,12,114
397,6,13,-71
398,6,14,-6
399,6,15,-113
400,6,16,-54
401,6,17,70
402,6,18,-59
403,6,19,99
404,6,20,-112
405,6,21,20
406,6,22,-80
407,6,23,8
408,6,24,30
409,6,25,-8
410,6,26,-14
411,6,27,-107
412,6,28,-37
413,6,29,-67
414,6,30,22
415,6,31,-16
416,6,32,-78
417,6,33,-99
418,6,34,21
419,6,35,12
420,6,36,101
421,6,37,-99
422,6,38,-18
423,6,39,-105
424,6,40,-60
425,6,41,8
426,6,42,87
427,6,43,12
428,6,44,112
429,6,45,116
430,6,46,-34
431,6,47,-127
432,6,48,-93
433,6,49,-105
434,6,50,-36
435,6,51,-9
436,6,52,-43
437,6,53,-58
438,6,54,-96
439,6,55,108
440,6,56,4
441,6,57,55
442,6,58,-120
443,6,59,-98
444,6,60,20
445,6,61,122
446,6,62,112
447,6,63,122
448,7,0,-59
449,7,1,-79
450,7,2,6
451,7,3,73
452,7,4,110
453,7,5,-107
454,7,6,-97
455,7,7,-4
456,7,8,87
457,7,9,74
458,7,10,51
459,7,11,-7
460,7,12,-83
461,7,13,16
462,7,14,27
463,7,15,-84
464,7,16,-54
465,7,17,-76
466,7,18,105
467,7,19,80
468,7,20,72
469,7,21,-82
470,7,22,17
471,7,23,-77
472,7,24,-31
473,7,25,104
474,7,26,-23
475,7,27,-8
476,7,28,-32
477,7,29,-26
478,7,30,113
479,7,31,79
480,7,32,-24
481,7,33,114
482,7,34,-84
483,7,35,46
484,7,36,-60
485,7,37,40
486,7,38,110
487,7,39,94
488,7,40,68
489,7,41,-47
490,7,42,1
491,7,43,127
492,7,44,65
493,7,45,99
494,7,46,-38
495,7,47,-123
496,7,48,104
497,7,49,117
498,7,50,-114
499,7,51,76
500,7,52,89
501,7,53,-20
502,7,54,-116
503,7,55,-115
504,7,56,-85
505,7,57,-3
506,7,58,-120
507,7,59,-11
508,7,60,-20
509,7,61,-84
510,7,62,-96
511,7,63,70
512,8,0,-6
513,8,1,-91
514,8,2,-7
515,8,3,122
516,8,4,-45
517,8,5,-108
518,8,6,-100
519,8,7,-79
520,8,8,71
521,8,9,15
522,8,10,14
523,8,11,-125
524,8,12,98
525,8,13,-24
526,8,14,-60
527,8,15,8
528,8,16,-103
529,8,17,47
530,8,18,36
531,8,19,47
532,8,20,-87
533,8,21,116
534,8,22,65
535,8,23,73
536,8,24,-38
537,8,25,-96
538,8,26,-95
539,8,27,-71
540,8,28,-66
541,8,29,78
542,8,30,113
543,8,31,104
544,8,32,-95
545,8,33,-36
546,8,34,119
547,8,35,22
548,8,36,124
549,8,37,69
550,8,38,8
551,8,39,-117
552,8,40,-73
553,8,41,114
554,8,42,-122
555,8,43,39
556,8,44,-78
557,8,45,-82
558,8,46,-98
559,8,47,20
560,8,48,-97
561,8,49,-37
562,8,50,-29
563,8,51,-56
564,8,52,69
565,8,53,-34
566,8,54,36
567,8,55,50
568,8,56,-42
569,8,57,-21
570,8,58,58
571,8,59,-17
572,8,60,-84
573,8,61,-16
574,8,62,-78
575,8,63,85
576,9,0,-47
577,9,1,44
578,9,2,28
579,9,3,56
580,9,4,37
581,9,5,-113
582,9,6,-122
583,9,7,-102
584,9,8,-78
585,9,9,57
586,9,10,103
587,9,11,-76
588,9,12,36
589,9,13,95
590,9,14,-107
591,9,15,85
592,9,16,-71
593,9,17,24
594,9,18,-122
595,9,19,97
596,9,20,24
597,9,21,-44
598,9,22,-42
599,9,23,87
600,9,24,-63
601,9,25,110
602,9,26,-26
603,9,27,-49
604,9,28,59
605,9,29,-9
606,9,30,16
607,9,31,41
608,9,32,-99
609,9,33,-52
610,9,34,-64
611,9,35,13
612,9,36,33
613,9,37,65
614,9,38,-45
615,9,39,30
616,9,40,32
617,9,41,21
618,9,42,-115
619,9,43,79
620,9,44,-114
621,9,45,-12
622,9,46,64
623,9,47,-92
624,9,48,-43
625,9,49,83
626,9,50,62
627,9,51,-78
628,9,52,-26
629,9,53,-5
630,9,54,96
631,9,55,-21
632,9,56,-75
633,9,57,-2
634,9,58,17
635,9,59,73
636,9,60,-29
637,9,61,-56
638,9,62,9
639,9,63,104
640,10,0,10
641,10,1,105
642,10,2,4
643,10,3,-90
644,10,4,-105
645,10,5,25
646,10,6,7
647,10,7,28
648,10,8,-61
649,10,9,-87
650,10,10,-113
651,10,11,58
652,10,12,-63
653,10,13,-123
654,10,14,-123
655,10,15,122
656,10,16,31
657,10,17,-60
658,10,18,-26
659,10,19,-125
660,10,20,-117
661,10,21,61
662,10,22,115
663,10,23,-105
664,10,24,45
665,10,25,69
666,10,26,-93
667,10,27,-115
668,10,28,59
669,10,29,-116
670,10,30,33
671,10,31,-101
672,10,32,81
673,10,33,-118
674,10,34,49
675,10,35,98
676,10,36,-85
677,10,37,-13
678,10,38,119
679,10,39,22
680,10,40,25
681,10,41,-25
682,10,42,11
683,10,43,-85
684,10,44,-8
685,10,45,111
686,10,46,100
687,10,47,-31
688,10,48,-70
689,10,49,125
690,10,50,108
691,10,51,-98
692,10,52,-83
693,10,53,118
694,10,54,111
695,10,55,1
696,10,56,48
697,10,57,126
698,10,58,108
699,10,59,-84
700,10,60,-26
701,10,61,-38
702,10,62,-97
703,10,63,39
704,11,0,-29
705,11,1,94
706,11,2,114
707,11,3,-76
708,11,4,-36
709,11,5,15
710,11,6,-45
711,11,7,16
712,11,8,16
713,11,9,-112
714,11,10,56
715,11,11,-24
716,11,12,39
717,11,13,25
718,11,14,42
719,11,15,22
720,11,16,10
721,11,17,-13
722,11,18,100
723,11,19,77
724,11,20,21
725,11,21,-113
726,11,22,-26
727,11,23,49
728,11,24,92
729,11,25,79
730,11,26,-12
731,11,27,9
732,11,28,-12
733,11,29,-57
734,11,30,104
735,11,31,118
736,11,32,-44
737,11,33,111
738,11,34,120
739,11,35,-25
740,11,36,-72
741,11,37,91
742,11,38,3
743,11,39,33
744,11,40,-12
745,11,41,20
746,11,42,1
747,11,43,110
748,11,44,-108
749,11,45,18
750,11,46,10
751,11,47,-92
752,11,48,118
753,11,49,110
754,11,50,-110
755,11,51,55
756,11,52,-63
757,11,53,-13
758,11,54,8
759,11,55,-102
760,11,56,14
761,11,57,-20
762,11,58,-4
763,11,59,108
764,11,60,-126
765,11,61,23
766,11,62,67
767,11,63,17
768,12,0,120
769,12,1,-38
770,12,2,53
771,12,3,-11
772,12,4,5
773,12,5,90
774,12,6,-68
775,12,7,-84
776,12,8,85
777,12,9,91
778,12,10,-91
779,12,11,-68
780,12,12,-66
781,12,13,96
782,12,14,43
783,12,15,-100
784,12,16,6
785,12,17,77
786,12,18,-119
787,12,19,-64
788,12,20,122
789,12,21,20
790,12,22,32
791,12,23,81
792,12,24,62
793,12,25,29
794,12,26,22
795,12,27,16
796,12,28,-96
797,12,29,-127
798,12,30,27
799,12,31,3
800,12,32,-75
801,12,33,50
802,12,34,57
803,12,35,99
804,12,36,32
805,12,37,-49
806,12,38,-3
807,12,39,-14
808,12,40,-88
809,12,41,-75
810,12,42,79
811,12,43,-85
812,12,44,106
813,12,45,37
814,12,46,9
815,12,47,-34
816,12,48,120
817,12,49,102
818,12,50,-20
819,12,51,95
820,12,52,-35
821,12,53,46
822,12,54,-16
823,12,55,82
824,12,56,-125
825,12,57,-102
826,12,58,83
827,12,59,6
828,12,60,-81
829,12,61,-65
830,12,62,-20
831,12,63,-23
832,13,0,-114
833,13,1,103
834,13,2,70
835,13,3,-71
836,13,4,101
837,13,5,90
838,13,6,-60
839,13,7,-103
840,13,8,15
841,13,9,-118
842,13,10,-32
843,13,11,16
844,13,12,-96
845,13,13,-87
846,13,14,109
847,13,15,-32
848,13,16,-19
849,13,17,59
850,13,18,109
851,13,19,-90
852,13,20,-40
853,13,21,-63
854,13,22,36
855,13,23,-14
856,13,24,80
857,13,25,5
858,13,26,-46
859,13,27,-102
860,13,28,58
861,13,29,-102
862,13,30,91
863,13,31,-121
864,13,32,73
865,13,33,-108
866,13,34,-36
867,13,35,66
868,13,36,-41
869,13,37,76
870,13,38,-60
871,13,39,-14
872,13,40,-28
873,13,41,-93
874,13,42,21
875,13,43,57
876,13,44,2
877,13,45,-34
878,13,46,-82
879,13,47,-10
880,13,48,-104
881,13,49,-22
882,13,50,67
883,13,51,-116
884,13,52,-81
885,13,53,-110
886,13,54,-83
887,13,55,-90
888,13,56,77
889,13,57,-10
890,13,58,51
891,13,59,-122
892,13,60,-74
893,13,61,30
894,13,62,-114
895,13,63,-94
896,14,0,71
897,14,1,-84
898,14,2,42
899,14,3,78
900,14,4,125
901,14,5,16
902,14,6,109
903,14,7,27
904,14,8,36
905,14,9,99
906,14,10,2
907,14,11,102
908,14,12,83
909,14,13,94
910,14,14,-118
911,14,15,117
912,14,16,107
913,14,17,115
914,14,18,-6
915,14,19,-11
916,14,20,83
917,14,21,-113
918,14,22,45
919,14,23,-23
920,14,24,-84
921,14,25,-70
922,14,26,78
923,14,27,-122
924,14,28,-65
925,14,29,93
926,14,30,106
927,14,31,-26
928,14,32,-7
929,14,33,39
930,14,34,-112
931,14,35,88
932,14,36,68
933,14,37,53
934,14,38,-83
935,14,39,-34
936,14,40,-123
937,14,41,-26
938,14,42,-36
939,14,43,-23
940,14,44,73
941,14,45,60
942,14,46,7
943,14,47,19
944,14,48,-94
945,14,49,-27
946,14,50,113
947,14,51,126
948,14,52,52
949,14,53,41
950,14,54,-72
951,14,55,97
952,14,56,26
953,14,57,-94
954,14,58,7
955,14,59,3
956,14,60,107
957,14,61,115
958,14,62,106
959,14,63,-67
960,15,0,-85
961,15,1,-94
962,15,2,-28
963,15,3,34
964,15,4,-21
965,15,5,107
966,15,6,116
967,15,7,-119
968,15,8,88
969,15,9,-75
970,15,10,4
971,15,11,38
972,15,12,-61
973,15,13,112
974,15,14,-117
975,15,15,72
976,15,16,9
977,15,17,-52
978,15,18,9
979,15,19,-96
980,15,20,-68
981,15,21,74
982,15,22,-89
983,15,23,113
984,15,24,117
985,15,25,-16
986,15,26,50
987,15,27,-55
988,15,28,86
989,15,29,25
990,15,30,-64
991,15,31,103
992,15,32,-89
993,15,33,-42
994,15,34,-34
995,15,35,44
996,15,36,5
997,15,37,-67
998,15,38,37
999,15,39,61
1000,15,40,11
1001,15,41,46
1002,15,42,45
1003,15,43,-101
1004,15,44,-13
1005,15,45,101
1006,15,46,82
1007,15,47,9
1008,15,48,-50
1009,15,49,-37
1010,15,50,95
1011,15,51,118
1012,15,52,119
1013,15,53,14
1014,15,54,71
1015,15,55,-64
1016,15,56,66
1017,15,57,3
1018,15,58,-44
1019,15,59,125
1020,15,60,-20
1021,15,61,-34
1022,15,62,-7
1023,15,63,50
1024,16,0,12
1025,16,1,75
1026,16,2,-112
1027,16,3,109
1028,16,4,113
1029,16,5,45
1030,16,6,-1
1031,16,7,-9
1032,16,8,52
1033,16,9,108
1034,16,10,25
1035,16,11,-82
1036,16,12,29
1037,16,13,62
1038,16,14,59
1039,16,15,-127
1040,16,16,-68
1041,16,17,117
1042,16,18,105
1043,16,19,-53
1044,16,20,-101
1045,16,21,101
1046,16,22,118
1047,16,23,-27
1048,16,24,-36
1049,16,25,-60
1050,16,26,-127
1051,16,27,-35
1052,16,28,-4
1053,16,29,89
1054,16,30,-38
1055,16,31,61
1056,16,32,125
1057,16,33,-81
1058,16,34,65
1059,16,35,-2
1060,16,36,-117
1061,16,37,-26
1062,16,38,-26
1063,16,39,-65
1064,16,40,74
1065,16,41,-50
1066,16,42,71
1067,16,43,26
1068,16,44,33
1069,16,45,115
1070,16,46,118
1071,16,47,77
1072,16,48,47
1073,16,49,115
1074,16,50,-7
1075,16,51,76
1076,16,52,64
1077,16,53,76
1078,16,54,9
1079,16,55,-29
1080,16,56,88
1081,16,57,8
1082,16,58,-9
1083,16,59,-47
1084,16,60,-31
1085,16,61,-9
1086,16,62,4
1087,16,63,100
1088,17,0,-30
1089,17,1,-81
1090,17,2,-57
1091,17,3,-24
1092,17,4,26
1093,17,5,47
1094,17,6,23
1095,17,7,101
1096,17,8,85
1097,17,9,-25
1098,17,10,-2
1099,17,11,84
1100,17,12,109
1101,17,13,36
1102,17,14,75
1103,17,15,44
1104,17,16,107
1105,17,17,-5
1106,17,18,-122
1107,17,19,-119
1108,17,20,-4
1109,17,21,-16
1110,17,22,78
1111,17,23,-44
1112,17,24,124
1113,17,25,77
1114,17,26,-53
1115,17,27,29
1116,17,28,29
1117,17,29,23
1118,17,30,124
1119,17,31,66
1120,17,32,-101
1121,17,33,-85
1122,17,34,-33
1123,17,35,28
1124,17,36,25
1125,17,37,-112
1126,17,38,57
1127,17,39,-95
1128,17,40,-103
1129,17,41,55
1130,17,42,-56
1131,17,43,27
1132,17,44,-14
1133,17,45,36
1134,17,46,102
1135,17,47,33
1136,17,48,88
1137,17,49,-72
1138,17,50,-13
1139,17,51,-89
1140,17,52,-125
1141,17,53,-65
1142,17,54,89
1143,17,55,-41
1144,17,56,120
1145,17,57,-85
1146,17,58,106
1147,17,59,100
1148,17,60,-83
1149,17,61,105
1150,17,62,-51
1151,17,63,-87
1152,18,0,-121
1153,18,1,-7
1154,18,2,-48
1155,18,3,21
1156,18,4,78
1157,18,5,81
1158,18,6,41
1159,18,7,9
1160,18,8,-38
1161,18,9,-70
1162,18,10,25
1163,18,11,-11
1164,18,12,26
1165,18,13,32
1166,18,14,-93
1167,18,15,72
1168,18,16,-51
1169,18,17,-13
1170,18,18,27
1171,18,19,-103
1172,18,20,30
1173,18,21,46
1174,18,22,99
1175,18,23,-63
1176,18,24,-1
1177,18,25,125
1178,18,26,2
1179,18,27,-14
1180,18,28,91
1181,18,29,47
1182,18,30,116
1183,18,31,75
1184,18,32,123
1185,18,33,-80
1186,18,34,-47
1187,18,35,18
1188,18,36,-38
1189,18,37,-46
1190,18,38,-125
1191,18,39,25
1192,18,40,-92
1193,18,41,-21
1194,18,42,-2
1195,18,43,88
1196,18,44,-67
1197,18,45,101
1198,18,46,44
1199,18,47,-51
1200,18,48,-127
1201,18,49,26
1202,18,50,-19
1203,18,51,37
1204,18,52,-60
1205,18,53,-117
1206,18,54,92
1207,18,55,-109
1208,18,56,-100
1209,18,57,-5
1210,18,58,55
1211,18,59,96
1212,18,60,-49
1213,18,61,-65
1214,18,62,87
1215,18,63,-66
1216,19,0,-88
1217,19,1,-4
1218,19,2,-31
1219,19,3,65
1220,19,4,51
1221,19,5,-114
1222,19,6,-13
1223,19,7,-32
1224,19,8,97
1225,19,9,35
1226,19,10,120
1227,19,11,-66
1228,19,12,79
1229,19,13,110
1230,19,14,-80
1231,19,15,48
1232,19,16,26
1233,19,17,112
1234,19,18,-94
1235,19,19,-2
1236,19,20,57
1237,19,21,90
1238,19,22,62
1239,19,23,56
1240,19,24,121
1241,19,25,-108
1242,19,26,-104
1243,19,27,-112
1244,19,28,32
1245,19,29,-3
1246,19,30,64
1247,19,31,-16
1248,19,32,41
1249,19,33,-24
1250,19,34,-95
1251,19,35,33
1252,19,36,77
1253,19,37,-75
1254,19,38,91
1255,19,39,-88
1256,19,40,-57
1257,19,41,64
1258,19,42,-85
1259,19,43,75
1260,19,44,27
1261,19,45,-99
1262,19,46,89
1263,19,47,-47
1264,19,48,66
1265,19,49,-108
1266,19,50,120
1267,19,51,101
1268,19,52,56
1269,19,53,-53
1270,19,54,-127
1271,19,55,-111
1272,19,56,13
1273,19,57,-26
1274,19,58,12
1275,19,59,-74
1276,19,60,75
1277,19,61,122
1278,19,62,-77
1279,19,63,-69
1280,20,0,123
1281,20,1,39
1282,20,2,0
1283,20,3,48
1284,20,4,117
1285,20,5,-12
1286,20,6,97
1287,20,7,-51
1288,20,8,31
1289,20,9,115
1290,20,10,-8
1291,20,11,4
1292,20,12,-92
1293,20,13,-19
1294,20,14,115
1295,20,15,-83
1296,20,16,81
1297,20,17,43
1298,20,18,-6
1299,20,19,-68
1300,20,20,46
1301,20,21,-126
1302,20,22,-24
1303,20,23,66
1304,20,24,-43
1305,20,25,-87
1306,20,26,97
1307,20,27,-4
1308,20,28,-9
1309,20,29,-29
1310,20,30,-95
1311,20,31,-114
1312,20,32,-99
1313,20,33,-125
1314,20,34,8
1315,20,35,79
1316,20,36,90
1317,20,37,57
1318,20,38,-89
1319,20,39,-91
1320,20,40,82
1321,20,41,-113
1322,20,42,-118
1323,20,43,77
1324,20,44,-42
1325,20,45,37
1326,20,46,65
1327,20,47,-79
1328,20,48,63
1329,20,49,104
1330,20,50,-2
1331,20,51,-61
1332,20,52,-88
1333,20,53,-85
1334,20,54,-5
1335,20,55,-110
1336,20,56,-31
1337,20,57,14
1338,20,58,103
1339,20,59,74
1340,20,60,117
1341,20,61,49
1342,20,62,-105
1343,20,63,37
1344,21,0,-121
1345,21,1,22
1346,21,2,41
1347,21,3,28
1348,21,4,-78
1349,21,5,105
1350,21,6,-41
1351,21,7,50
1352,21,8,-63
1353,21,9,-118
1354,21,10,-107
1355,21,11,104
1356,21,12,-65
1357,21,13,-67
1358,21,14,85
1359,21,15,99
1360,21,16,12
1361,21,17,99
1362,21,18,82
1363,21,19,-14
1364,21,20,62
1365,21,21,60
1366,21,22,-45
1367,21,23,17
1368,21,24,-35
1369,21,25,20
1370,21,26,98
1371,21,27,59
1372,21,28,112
1373,21,29,-96
1374,21,30,97
1375,21,31,4
1376,21,32,-107
1377,21,33,-12
1378,21,34,-64
1379,21,35,126
1380,21,36,-100
1381,21,37,-25
1382,21,38,34
1383,21,39,24
1384,21,40,-30
1385,21,41,-55
1386,21,42,29
1387,21,43,-40
1388,21,44,74
1389,21,45,-120
1390,21,46,67
1391,21,47,-1
1392,21,48,-104
1393,21,49,2
1394,21,50,54
1395,21,51,42
1396,21,52,81
1397,21,53,4
1398,21,54,12
1399,21,55,-24
1400,21,56,51
1401,21,57,60
1402,21,58,1
1403,21,59,22
1404,21,60,89
1405,21,61,-37
1406,21,62,54
1407,21,63,-8
1408,22,0,-39
1409,22,1,50
1410,22,2,101
1411,22,3,-30
1412,22,4,-31
1413,22,5,-2
1414,22,6,80
1415,22,7,24
1416,22,8,122
1417,22,9,-54
1418,22,10,-24
1419,22,11,119
1420,22,12,28
1421,22,13,23
1422,22,14,29
1423,22,15,-56
1424,22,16,78
1425,22,17,31
1426,22,18,-47
1427,22,19,-74
1428,22,20,-118
1429,22,21,-77
1430,22,22,-55
1431,22,23,53
1432,22,24,-54
1433,22,25,-8
1434,22,26,-108
1435,22,27,44
1436,22,28,66
1437,22,29,-59
1438,22,30,70
1439,22,31,19
1440,22,32,-77
1441,22,33,-35
1442,22,34,-112
1443,22,35,-48
1444,22,36,-11
1445,22,37,6
1446,22,38,8
1447,22,39,-31
1448,22,40,1
1449,22,41,83
1450,22,42,-15
1451,22,43,-73
1452,22,44,-124
1453,22,45,-55
1454,22,46,-100
1455,22,47,-116
1456,22,48,-51
1457,22,49,127
1458,22,50,-99
1459,22,51,-78
1460,22,52,121
1461,22,53,-60
1462,22,54,36
1463,22,55,17
1464,22,56,-50
1465,22,57,-88
1466,22,58,-53
1467,22,59,-57
1468,22,60,20
1469,22,61,37
1470,22,62,-114
1471,22,63,67
1472,23,0,-57
1473,23,1,-100
1474,23,2,-14
1475,23,3,-50
1476,23,4,-102
1477,23,5,-104
1478,23,6,-56
1479,23,7,112
1480,23,8,-10
1481,23,9,-34
1482,23,10,101
1483,23,11,-34
1484,23,12,-31
1485,23,13,-50
1486,23,14,66
1487,23,15,60
1488,23,16,103
1489,23,17,20
1490,23,18,68
1491,23,19,-26
1492,23,20,-27
1493,23,21,70
1494,23,22,-88
1495,23,23,60
1496,23,24,-73
1497,23,25,-18
1498,23,26,-18
1499,23,27,123
1500,23,28,-11
1501,23,29,-115
1502,23,30,80
1503,23,31,-71
1504,23,32,-101
1505,23,33,-126
1506,23,34,-11
1507,23,35,82
1508,23,36,-20
1509,23,37,-74
1510,23,38,-21
1511,23,39,84
1512,23,40,-2
1513,23,41,35
1514,23,42,-48
1515,23,43,4
1516,23,44,20
1517,23,45,93
1518,23,46,67
1519,23,47,106
1520,23,48,-50
1521,23,49,-52
1522,23,50,-54
1523,23,51,40
1524,23,52,110
1525,23,53,-34
1526,23,54,-117
1527,23,55,118
1528,23,56,-33
1529,23,57,-68
1530,23,58,-106
1531,23,59,-125
1532,23,60,-114
1533,23,61,-10
1534,23,62,65
1535,23,63,-51
1536,24,0,69
1537,24,1,127
1538,24,2,-29
1539,24,3,-42
1540,24,4,-100
1541,24,5,-77
1542,24,6,-65
1543,24,7,29
1544,24,8,-8
1545,24,9,-12
1546,24,10,-63
1547,24,11,-61
1548,24,12,-63
1549,24,13,-67
1550,24,14,-116
1551,24,15,-54
1552,24,16,-13
1553,24,17,1
1554,24,18,71
1555,24,19,69
1556,24,20,109
1557,24,21,112
1558,24,22,36
1559,24,23,48
1560,24,24,63
1561,24,25,90
1562,24,26,-68
1563,24,27,-111
1564,24,28,62
1565,24,29,42
1566,24,30,-49
1567,24,31,-64
1568,24,32,-10
1569,24,33,38
1570,24,34,26
1571,24,35,37
1572,24,36,22
1573,24,37,-119
1574,24,38,-52
1575,24,39,-61
1576,24,40,-36
1577,24,41,42
1578,24,42,-112
1579,24,43,113
1580,24,44,38
1581,24,45,110
1582,24,46,34
1583,24,47,-11
1584,24,48,84
1585,24,49,-74
1586,24,50,-115
1587,24,51,-34
1588,24,52,23
1589,24,53,-47
1590,24,54,-3
1591,24,55,-58
1592,24,56,-108
1593,24,57,107
1594,24,58,-97
1595,24,59,-2
1596,24,60,-6
1597,24,61,122
1598,24,62,-10
1599,24,63,33
1600,25,0,-3
1601,25,1,-117
1602,25,2,31
1603,25,3,69
1604,25,4,109
1605,25,5,-118
1606,25,6,27
1607,25,7,-77
1608,25,8,14
1609,25,9,-99
1610,25,10,5
1611,25,11,3
1612,25,12,90
1613,25,13,-118
1614,25,14,-68
1615,25,15,7
1616,25,16,119
1617,25,17,50
1618,25,18,26
1619,25,19,98
1620,25,20,71
1621,25,21,-86
1622,25,22,-12
1623,25,23,-99
1624,25,24,125
1625,25,25,-19
1626,25,26,-110
1627,25,27,71
1628,25,28,56
1629,25,29,-111
1630,25,30,-48
1631,25,31,93
1632,25,32,-121
1633,25,33,-44
1634,25,34,-67
1635,25,35,116
1636,25,36,-67
1637,25,37,63
1638,25,38,12
1639,25,39,-125
1640,25,40,36
1641,25,41,-101
1642,25,42,-77
1643,25,43,15
1644,25,44,-41
1645,25,45,-105
1646,25,46,-88
1647,25,47,8
1648,25,48,-110
1649,25,49,-60
1650,25,50,71
1651,25,51,-47
1652,25,52,55
1653,25,53,23
1654,25,54,47
1655,25,55,-114
1656,25,56,-8
1657,25,57,-39
1658,25,58,-50
1659,25,59,-126
1660,25,60,60
1661,25,61,-4
1662,25,62,-73
1663,25,63,82
1664,26,0,-123
1665,26,1,-127
1666,26,2,86
1667,26,3,-16
1668,26,4,79
1669,26,5,-31
1670,26,6,100
1671,26,7,76
1672,26,8,-24
1673,26,9,34
1674,26,10,-45
1675,26,11,96
1676,26,12,70
1677,26,13,104
1678,26,14,37
1679,26,15,-2
1680,26,16,82
1681,26,17,-45
1682,26,18,20
1683,26,19,30
1684,26,20,21
1685,26,21,64
1686,26,22,-14
1687,26,23,-80
1688,26,24,-53
1689,26,25,99
1690,26,26,-84
1691,26,27,-37
1692,26,28,-86
1693,26,29,66
1694,26,30,-95
1695,26,31,-83
1696,26,32,67
1697,26,33,-91
1698,26,34,-55
1699,26,35,100
1700,26,36,59
1701,26,37,-19
1702,26,38,-9
1703,26,39,88
1704,26,40,-108
1705,26,41,-89
1706,26,42,-55
1707,26,43,104
1708,26,44,81
1709,26,45,-69
1710,26,46,-12
1711,26,47,27
1712,26,48,22
1713,26,49,61
1714,26,50,63
1715,26,51,-78
1716,26,52,19
1717,26,53,-110
1718,26,54,-78
1719,26,55,-84
1720,26,56,100
1721,26,57,-16
1722,26,58,-17
1723,26,59,119
1724,26,60,30
1725,26,61,13
1726,26,62,83
1727,26,63,-3
1728,27,0,-34
1729,27,1,-125
1730,27,2,-76
1731,27,3,64
1732,27,4,125
1733,27,5,48
1734,27,6,-81
1735,27,7,-50
1736,27,8,-18
1737,27,9,76
1738,27,10,-68
1739,27,11,125
1740,27,12,-64
1741,27,13,-59
1742,27,14,0
1743,27,15,51
1744,27,16,13
1745,27,17,-109
1746,27,18,-48
1747,27,19,36
1748,27,20,118
1749,27,21,41
1750,27,22,29
1751,27,23,-59
1752,27,24,59
1753,27,25,12
1754,27,26,-126
1755,27,27,64
1756,27,28,-60
1757,27,29,-71
1758,27,30,98
1759,27,31,-35
1760,27,32,23
1761,27,33,-45
1762,27,34,98
1763,27,35,10
1764,27,36,39
1765,27,37,25
1766,27,38,-16
1767,27,39,-108
1768,27,40,82
1769,27,41,-12
1770,27,42,109
1771,27,43,-95
1772,27,44,2
1773,27,45,-28
1774,27,46,35
1775,27,47,60
1776,27,48,-45
1777,27,49,15
1778,27,50,14
1779,27,51,-11
1780,27,52,-29
1781,27,53,103
1782,27,54,1
1783,27,55,-77
1784,27,56,-24
1785,27,57,89
1786,27,58,0
1787,27,59,114
1788,27,60,36
1789,27,61,-99
1790,27,62,78
1791,27,63,57
1792,28,0,-17
1793,28,1,-61
1794,28,2,-2
1795,28,3,46
1796,28,4,122
1797,28,5,125
1798,28,6,-123
1799,28,7,-48
1800,28,8,61
1801,28,9,-111
1802,28,10,80
1803,28,11,-24
1804,28,12,-120
1805,28,13,80
1806,28,14,-6
1807,28,15,-18
1808,28,16,92
1809,28,17,-69
1810,28,18,90
1811,28,19,-63
1812,28,20,-40
1813,28,21,81
1814,28,22,-108
1815,28,23,-34
1816,28,24,-20
1817,28,25,-75
1818,28,26,29
1819,28,27,-120
1820,28,28,-111
1821,28,29,116
1822,28,30,122
1823,28,31,44
1824,28,32,92
1825,28,33,-93
1826,28,34,-79
1827,28,35,76
1828,28,36,55
1829,28,37,16
1830,28,38,-64
1831,28,39,-37
1832,28,40,95
1833,28,41,-22
1834,28,42,95
1835,28,43,-33
1836,28,44,-72
1837,28,45,-7
1838,28,46,-56
1839,28,47,111
1840,28,48,24
1841,28,49,-62
1842,28,50,27
1843,28,51,-107
1844,28,52,10
1845,28,53,-84
1846,28,54,21
1847,28,55,57
1848,28,56,-9
1849,28,57,44
1850,28,58,-39
1851,28,59,26
1852,28,60,-62
1853,28,61,-84
1854,28,62,-53
1855,28,63,62
1856,29,0,-77
1857,29,1,-74
1858,29,2,49
1859,29,3,-51
1860,29,4,-44
1861,29,5,-97
1862,29,6,11
1863,29,7,2
1864,29,8,59
1865,29,9,121
1866,29,10,-11
1867,29,11,92
1868,29,12,63
1869,29,13,61
1870,29,14,46
1871,29,15,-63
1872,29,16,37
1873,29,17,-34
1874,29,18,-97
1875,29,19,-2
1876,29,20,-94
1877,29,21,100
1878,29,22,64
1879,29,23,72
1880,29,24,-63
1881,29,25,-3
1882,29,26,-34
1883,29,27,-105
1884,29,28,-96
1885,29,29,65
1886,29,30,14
1887,29,31,47
1888,29,32,-92
1889,29,33,-13
1890,29,34,33
1891,29,35,32
1892,29,36,25
1893,29,37,-19
1894,29,38,4
1895,29,39,-96
1896,29,40,-15
1897,29,41,98
1898,29,42,-78
1899,29,43,-90
1900,29,44,39
1901,29,45,-26
1902,29,46,-118
1903,29,47,113
1904,29,48,40
1905,29,49,51
1906,29,50,92
1907,29,51,-73
1908,29,52,9
1909,29,53,-81
1910,29,54,-37
1911,29,55,18
1912,29,56,37
1913,29,57,-126
1914,29,58,54
1915,29,59,-117
1916,29,60,-56
1917,29,61,-57
1918,29,62,90
1919,29,63,39
1920,30,0,-96
1921,30,1,-108
1922,30,2,86
1923,30,3,-74
1924,30,4,69
1925,30,5,-3
1926,30,6,-59
1927,30,7,-34
1928,30,8,20
1929,30,9,56
1930,30,10,106
1931,30,11,75
1932,30,12,-27
1933,30,13,-23
1934,30,14,-28
1935,30,15,-93
1936,30,16,-81
1937,30,17,44
1938,30,18,111
1939,30,19,-127
1940,30,20,-98
1941,30,21,58
1942,30,22,85
1943,30,23,-55
1944,30,24,-121
1945,30,25,-55
1946,30,26,54
1947,30,27,-78
1948,30,28,-86
1949,30,29,125
1950,30,30,96
1951,30,31,-106
1952,30,32,115
1953,30,33,-37
1954,30,34,74
1955,30,35,100
1956,30,36,-72
1957,30,37,-34
1958,30,38,56
1959,30,39,48
1960,30,40,7
1961,30,41,-104
1962,30,42,-85
1963,30,43,106
1964,30,44,58
1965,30,45,14
1966,30,46,44
1967,30,47,-71
1968,30,48,11
1969,30,49,-73
1970,30,50,60
1971,30,51,-43
1972,30,52,45
1973,30,53,106
1974,30,54,47
1975,30,55,-121
1976,30,56,36
1977,30,57,-41
1978,30,58,-3
1979,30,59,-41
1980,30,60,-122
1981,30,61,-85
1982,30,62,45
1983,30,63,66
1984,31,0,60
1985,31,1,114
1986,31,2,94
1987,31,3,-56
1988,31,4,120
1989,31,5,112
1990,31,6,-66
1991,31,7,-115
1992,31,8,60
1993,31,9,56
1994,31,10,-70
1995,31,11,-86
1996,31,12,110
1997,31,13,24
1998,31,14,65
1999,31,15,50
2000,31,16,-92
2001,31,17,-17
2002,31,18,72
2003,31,19,16
2004,31,20,-102
2005,31,21,99
2006,31,22,-22
2007,31,23,-15
2008,31,24,29
2009,31,25,64
2010,31,26,91
2011,31,27,87
2012,31,28,45
2013,31,29,69
2014,31,30,-11
2015,31,31,-89
2016,31,32,-53
2017,31,33,-59
2018,31,34,-127
2019,31,35,-97
2020,31,36,126
2021,31,37,67
2022,31,38,82
2023,31,39,-82
2024,31,40,8
2025,31,41,-82
2026,31,42,-37
2027,31,43,84
2028,31,44,50
2029,31,45,46
2030,31,46,19
2031,31,47,23
2032,31,48,-47
2033,31,49,1
2034,31,50,119
2035,31,51,124
2036,31,52,-32
2037,31,53,67
2038,31,54,-98
2039,31,55,26
2040,31,56,-9
2041,31,57,103
2042,31,58,52
2043,31,59,-102
2044,31,60,-125
2045,31,61,-31
2046,31,62,-12
2047,31,63,-13
2048,32,0,62
2049,32,1,39
2050,32,2,58
2051,32,3,121
2052,32,4,-121
2053,32,5,101
2054,32,6,-49
2055,32,7,-17
2056,32,8,-33
2057,32,9,116
2058,32,10,77
2059,32,11,57
2060,32,12,-49
2061,32,13,108
2062,32,14,110
2063,32,15,-111
2064,32,16,-29
2065,32,17,25
2066,32,18,-35
2067,32,19,-98
2068,32,20,88
2069,32,21,-99
2070,32,22,28
2071,32,23,-35
2072,32,24,-60
2073,32,25,-60
2074,32,26,-118
2075,32,27,15
2076,32,28,118
2077,32,29,-87
2078,32,30,-15
2079,32,31,-121
2080,32,32,87
2081,32,33,-21
2082,32,34,-4
2083,32,35,29
2084,32,36,3
2085,32,37,-44
2086,32,38,117
2087,32,39,65
2088,32,40,-26
2089,32,41,-85
2090,32,42,20
2091,32,43,13
2092,32,44,91
2093,32,45,-8
2094,32,46,113
2095,32,47,-51
2096,32,48,72
2097,32,49,77
2098,32,50,-43
2099,32,51,6
2100,32,52,-40
2101,32,53,73
2102,32,54,15
2103,32,55,-80
2104,32,56,81
2105,32,57,7
2106,32,58,15
2107,32,59,47
2108,32,60,37
2109,32,61,-23
2110,32,62,58
2111,32,63,17
2112,33,0,-87
2113,33,1,42
2114,33,2,-1
2115,33,3,-120
2116,33,4,-122
2117,33,5,52
2118,33,6,-1
2119,33,7,41
2120,33,8,-127
2121,33,9,-8
2122,33,10,-97
2123,33,11,68
2124,33,12,53
2125,33,13,74
2126,33,14,23
2127,33,15,-27
2128,33,16,-118
2129,33,17,15
2130,33,18,77
2131,33,19,-86
2132,33,20,-52
2133,33,21,-118
2134,33,22,78
2135,33,23,48
2136,33,24,-99
2137,33,25,-44
2138,33,26,29
2139,33,27,-120
2140,33,28,-82
2141,33,29,68
2142,33,30,-50
2143,33,31,-30
2144,33,32,-75
2145,33,33,10
2146,33,34,-41
2147,33,35,-72
2148,33,36,-124
2149,33,37,76
2150,33,38,48
2151,33,39,-52
2152,33,40,35
2153,33,41,0
2154,33,42,-19
2155,33,43,-55
2156,33,44,0
2157,33,45,-101
2158,33,46,-95
2159,33,47,-125
2160,33,48,-59
2161,33,49,-22
2162,33,50,-25
2163,33,51,90
2164,33,52,-36
2165,33,53,58
2166,33,54,67
2167,33,55,-25
2168,33,56,-19
2169,33,57,75
2170,33,58,-91
2171,33,59,-57
2172,33,60,94
2173,33,61,88
2174,33,62,13
2175,33,63,100
2176,34,0,103
2177,34,1,101
2178,34,2,-56
2179,34,3,11
2180,34,4,-54
2181,34,5,61
2182,34,6,-52
2183,34,7,-49
2184,34,8,-104
2185,34,9,-26
2186,34,10,-68
2187,34,11,98
2188,34,12,48
2189,34,13,-1
2190,34,14,86
2191,34,15,-38
2192,34,16,79
2193,34,17,-108
2194,34,18,84
2195,34,19,-4
2196,34,20,-118
2197,34,21,-65
2198,34,22,-11
2199,34,23,-12
2200,34,24,84
2201,34,25,-101
2202,34,26,48
2203,34,27,14
2204,34,28,-47
2205,34,29,-8
2206,34,30,69
2207,34,31,71
2208,34,32,-116
2209,34,33,-84
2210,34,34,101
2211,34,35,95
2212,34,36,-115
2213,34,37,-32
2214,34,38,104
2215,34,39,21
2216,34,40,81
2217,34,41,92
2218,34,42,-121
2219,34,43,48
2220,34,44,3
2221,34,45,-97
2222,34,46,-15
2223,34,47,25
2224,34,48,-107
2225,34,49,100
2226,34,50,-114
2227,34,51,29
2228,34,52,81
2229,34,53,93
2230,34,54,18
2231,34,55,-41
2232,34,56,-65
2233,34,57,-54
2234,34,58,45
2235,34,59,4
2236,34,60,-62
2237,34,61,-59
2238,34,62,74
2239,34,63,93
2240,35,0,-76
2241,35,1,-66
2242,35,2,-36
2243,35,3,-22
2244,35,4,-101
2245,35,5,-15
2246,35,6,90
2247,35,7,-98
2248,35,8,69
2249,35,9,79
2250,35,10,26
2251,35,11,16
2252,35,12,-12
2253,35,13,-34
2254,35,14,-110
2255,35,15,69
2256,35,16,67
2257,35,17,-86
2258,35,18,-75
2259,35,19,48
2260,35,20,-17
2261,35,21,-56
2262,35,22,-21
2263,35,23,37
2264,35,24,-51
2265,35,25,-47
2266,35,26,-64
2267,35,27,-65
2268,35,28,63
2269,35,29,106
2270,35,30,-81
2271,35,31,76
2272,35,32,-124
2273,35,33,98
2274,35,34,87
2275,35,35,-21
2276,35,36,-52
2277,35,37,-123
2278,35,38,-112
2279,35,39,-23
2280,35,40,118
2281,35,41,22
2282,35,42,7
2283,35,43,-78
2284,35,44,90
2285,35,45,46
2286,35,46,73
2287,35,47,-64
2288,35,48,-10
2289,35,49,-28
2290,35,50,-48
2291,35,51,-22
2292,35,52,-13
2293,35,53,-106
2294,35,54,-63
2295,35,55,10
2296,35,56,-70
2297,35,57,-83
2298,35,58,-113
2299,35,59,-7
2300,35,60,-83
2301,35,61,19
2302,35,62,124
2303,35,63,-71
2304,36,0,-54
2305,36,1,75
2306,36,2,-29
2307,36,3,7
2308,36,4,57
2309,36,5,-66
2310,36,6,-65
2311,36,7,-111
2312,36,8,112
2313,36,9,-32
2314,36,10,-10
2315,36,11,-99
2316,36,12,70
2317,36,13,99
2318,36,14,-124
2319,36,15,99
2320,36,16,0
2321,36,17,-2
2322,36,18,-68
2323,36,19,-98
2324,36,20,-1
2325,36,21,-74
2326,36,22,-108
2327,36,23,106
2328,36,24,-63
2329,36,25,-79
2330,36,26,29
2331,36,27,-60
2332,36,28,53
2333,36,29,18
2334,36,30,-86
2335,36,31,-22
2336,36,32,51
2337,36,33,63
2338,36,34,-18
2339,36,35,-62
2340,36,36,103
2341,36,37,-126
2342,36,38,-78
2343,36,39,6
2344,36,40,52
2345,36,41,-124
2346,36,42,-102
2347,36,43,-66
2348,36,44,-92
2349,36,45,21
2350,36,46,79
2351,36,47,45
2352,36,48,-24
2353,36,49,70
2354,36,50,-96
2355,36,51,-6
2356,36,52,-61
2357,36,53,2
2358,36,54,10
2359,36,55,-39
2360,36,56,47
2361,36,57,-85
2362,36,58,109
2363,36,59,-87
2364,36,60,-73
2365,36,61,85
2366,36,62,-102
2367,36,63,18
2368,37,0,-109
2369,37,1,116
2370,37,2,-35
2371,37,3,38
2372,37,4,-88
2373,37,5,-123
2374,37,6,-95
2375,37,7,-73
2376,37,8,-116
2377,37,9,23
2378,37,10,-112
2379,37,11,-73
2380,37,12,117
2381,37,13,-50
2382,37,14,34
2383,37,15,87
2384,37,16,-33
2385,37,17,-100
2386,37,18,-14
2387,37,19,-31
2388,37,20,45
2389,37,21,15
2390,37,22,101
2391,37,23,50
2392,37,24,-120
2393,37,25,-34
2394,37,26,-7
2395,37,27,-5
2396,37,28,-17
2397,37,29,32
2398,37,30,-24
2399,37,31,118
2400,37,32,-121
2401,37,33,93
2402,37,34,-115
2403,37,35,-105
2404,37,36,-112
2405,37,37,-39
2406,37,38,-70
2407,37,39,97
2408,37,40,-72
2409,37,41,61
2410,37,42,-27
2411,37,43,-68
2412,37,44,-54
2413,37,45,-68
2414,37,46,91
2415,37,47,-43
2416,37,48,-74
2417,37,49,24
2418,37,50,15
2419,37,51,71
2420,37,52,61
2421,37,53,-53
2422,37,54,-8
2423,37,55,-102
2424,37,56,9
2425,37,57,-65
2426,37,58,6
2427,37,59,114
2428,37,60,-29
2429,37,61,-21
2430,37,62,-100
2431,37,63,-55
2432,38,0,-17
2433,38,1,4
2434,38,2,-33
2435,38,3,64
2436,38,4,112
2437,38,5,80
2438,38,6,-11
2439,38,7,-4
2440,38,8,20
2441,38,9,30
2442,38,10,85
2443,38,11,8
2444,38,12,68
2445,38,13,-102
2446,38,14,69
2447,38,15,38
2448,38,16,-33
2449,38,17,-10
2450,38,18,-8
2451,38,19,-105
2452,38,20,39
2453,38,21,56
2454,38,22,-21
2455,38,23,-125
2456,38,24,-68
2457,38,25,34
2458,38,26,82
2459,38,27,-115
2460,38,28,-50
2461,38,29,-122
2462,38,30,-18
2463,38,31,-26
2464,38,32,33
2465,38,33,-44
2466,38,34,-52
2467,38,35,59
2468,38,36,-3
2469,38,37,79
2470,38,38,84
2471,38,39,-124
2472,38,40,4
2473,38,41,70
2474,38,42,-22
2475,38,43,9
2476,38,44,-53
2477,38,45,-111
2478,38,46,15
2479,38,47,-13
2480,38,48,82
2481,38,49,40
2482,38,50,31
2483,38,51,124
2484,38,52,14
2485,38,53,58
2486,38,54,87
2487,38,55,-94
2488,38,56,-6
2489,38,57,10
2490,38,58,93
2491,38,59,-96
2492,38,60,4
2493,38,61,-5
2494,38,62,-92
2495,38,63,115
2496,39,0,-62
2497,39,1,-122
2498,39,2,111
2499,39,3,-102
2500,39,4,-81
2501,39,5,83
2502,39,6,-10
2503,39,7,-74
2504,39,8,68
2505,39,9,122
2506,39,10,1
2507,39,11,31
2508,39,12,100
2509,39,13,62
2510,39,14,119
2511,39,15,109
2512,39,16,13
2513,39,17,124
2514,39,18,-17
2515,39,19,2
2516,39,20,82
2517,39,21,120
2518,39,22,35
2519,39,23,110
2520,39,24,28
2521,39,25,-27
2522,39,26,88
2523,39,27,-16
2524,39,28,14
2525,39,29,-63
2526,39,30,98
2527,39,31,-63
2528,39,32,118
2529,39,33,55
2530,39,34,-68
2531,39,35,91
2532,39,36,-46
2533,39,37,-90
2534,39,38,119
2535,39,39,-20
2536,39,40,127
2537,39,41,29
2538,39,42,46
2539,39,43,-78
2540,39,44,-9
2541,39,45,-5
2542,39,46,30
2543,39,47,15
2544,39,48,6
2545,39,49,-93
2546,39,50,56
2547,39,51,98
2548,39,52,-20
2549,39,53,42
2550,39,54,69
2551,39,55,-46
2552,39,56,79
2553,39,57,-102
2554,39,58,-57
2555,39,59,123
2556,39,60,126
2557,39,61,90
2558,39,62,-115
2559,39,63,-98
2560,40,0,-114
2561,40,1,-113
2562,40,2,-77
2563,40,3,29
2564,40,4,-85
2565,40,5,-47
2566,40,6,-85
2567,40,7,95
2568,40,8,-45
2569,40,9,-106
2570,40,10,58
2571,40,11,111
2572,40,12,-27
2573,40,13,50
2574,40,14,-63
2575,40,15,-123
2576,40,16,69
2577,40,17,-28
2578,40,18,-96
2579,40,19,-109
2580,40,20,48
2581,40,21,-86
2582,40,22,-98
2583,40,23,-8
2584,40,24,109
2585,40,25,10
2586,40,26,63
2587,40,27,58
2588,40,28,119
2589,40,29,-6
2590,40,30,91
2591,40,31,4
2592,40,32,105
2593,40,33,11
2594,40,34,82
2595,40,35,-102
2596,40,36,3
2597,40,37,-117
2598,40,38,-101
2599,40,39,-1
2600,40,40,-64
2601,40,41,-82
2602,40,42,51
2603,40,43,96
2604,40,44,-10
2605,40,45,84
2606,40,46,47
2607,40,47,127
2608,40,48,-13
2609,40,49,83
2610,40,50,-95
2611,40,51,97
2612,40,52,-6
2613,40,53,80
2614,40,54,75
2615,40,55,26
2616,40,56,67
2617,40,57,67
2618,40,58,125
2619,40,59,91
2620,40,60,84
2621,40,61,-102
2622,40,62,-55
2623,40,63,66
2624,41,0,67
2625,41,1,-52
2626,41,2,-95
2627,41,3,-105
2628,41,4,-69
2629,41,5,-89
2630,41,6,96
2631,41,7,113
2632,41,8,114
2633,41,9,96
2634,41,10,-18
2635,41,11,116
2636,41,12,81
2637,41,13,-27
2638,41,14,125
2639,41,15,-55
2640,41,16,42
2641,41,17,77
2642,41,18,13
2643,41,19,78
2644,41,20,-71
2645,41,21,51
2646,41,22,103
2647,41,23,36
2648,41,24,59
2649,41,25,-81
2650,41,26,119
2651,41,27,17
2652,41,28,75
2653,41,29,87
2654,41,30,93
2655,41,31,-22
2656,41,32,-10
2657,41,33,56
2658,41,34,87
2659,41,35,-47
2660,41,36,79
2661,41,37,32
2662,41,38,53
2663,41,39,-124
2664,41,40,123
2665,41,41,-117
2666,41,42,60
2667,41,43,99
2668,41,44,-7
2669,41,45,-55
2670,41,46,46
2671,41,47,85
2672,41,48,50
2673,41,49,0
2674,41,50,6
2675,41,51,-35
2676,41,52,61
2677,41,53,42
2678,41,54,-25
2679,41,55,-124
2680,41,56,121
2681,41,57,2
2682,41,58,62
2683,41,59,7
2684,41,60,-25
2685,41,61,-34
2686,41,62,110
2687,41,63,-29
2688,42,0,-108
2689,42,1,-72
2690,42,2,124
2691,42,3,42
2692,42,4,20
2693,42,5,107
2694,42,6,41
2695,42,7,-119
2696,42,8,94
2697,42,9,54
2698,42,10,-44
2699,42,11,-120
2700,42,12,-72
2701,42,13,-22
2702,42,14,-27
2703,42,15,-103
2704,42,16,-48
2705,42,17,19
2706,42,18,-23
2707,42,19,-76
2708,42,20,-108
2709,42,21,-111
2710,42,22,-113
2711,42,23,-80
2712,42,24,97
2713,42,25,71
2714,42,26,31
2715,42,27,6
2716,42,28,41
2717,42,29,-26
2718,42,30,32
2719,42,31,57
2720,42,32,-79
2721,42,33,18
2722,42,34,-76
2723,42,35,-57
2724,42,36,-122
2725,42,37,-117
2726,42,38,-3
2727,42,39,17
2728,42,40,110
2729,42,41,-122
2730,42,42,-112
2731,42,43,98
2732,42,44,125
2733,42,45,22
2734,42,46,-89
2735,42,47,35
2736,42,48,70
2737,42,49,54
2738,42,50,-55
2739,42,51,4
2740,42,52,40
2741,42,53,23
2742,42,54,122
2743,42,55,119
2744,42,56,-54
2745,42,57,36
2746,42,58,123
2747,42,59,52
2748,42,60,127
2749,42,61,63
2750,42,62,-126
2751,42,63,75
2752,43,0,-66
2753,43,1,-28
2754,43,2,-40
2755,43,3,-27
2756,43,4,-4
2757,43,5,-89
2758,43,6,113
2759,43,7,-49
2760,43,8,78
2761,43,9,58
2762,43,10,-92
2763,43,11,-113
2764,43,12,38
2765,43,13,-57
2766,43,14,-54
2767,43,15,-89
2768,43,16,45
2769,43,17,-119
2770,43,18,-78
2771,43,19,60
2772,43,20,-124
2773,43,21,36
2774,43,22,-9
2775,43,23,-107
2776,43,24,-63
2777,43,25,-123
2778,43,26,15
2779,43,27,112
2780,43,28,-22
2781,43,29,-76
2782,43,30,-12
2783,43,31,89
2784,43,32,60
2785,43,33,-126
2786,43,34,36
2787,43,35,81
2788,43,36,-28
2789,43,37,-79
2790,43,38,-27
2791,43,39,-93
2792,43,40,39
2793,43,41,-22
2794,43,42,36
2795,43,43,-18
2796,43,44,-71
2797,43,45,110
2798,43,46,11
2799,43,47,92
2800,43,48,42
2801,43,49,39
2802,43,50,-30
2803,43,51,87
2804,43,52,-28
2805,43,53,100
2806,43,54,6
2807,43,55,86
2808,43,56,-34
2809,43,57,-100
2810,43,58,36
2811,43,59,-40
2812,43,60,21
2813,43,61,91
2814,43,62,96
2815,43,63,-98
2816,44,0,93
2817,44,1,29
2818,44,2,98
2819,44,3,-9
2820,44,4,-92
2821,44,5,15
2822,44,6,36
2823,44,7,-42
2824,44,8,21
2825,44,9,-26
2826,44,10,-11
2827,44,11,36
2828,44,12,82
2829,44,13,20
2830,44,14,127
2831,44,15,101
2832,44,16,-10
2833,44,17,47
2834,44,18,70
2835,44,19,-85
2836,44,20,-119
2837,44,21,120
2838,44,22,-120
2839,44,23,74
2840,44,24,-24
2841,44,25,-27
2842,44,26,-93
2843,44,27,-12
2844,44,28,64
2845,44,29,83
2846,44,30,-17
2847,44,31,23
2848,44,32,101
2849,44,33,90
2850,44,34,-102
2851,44,35,74
2852,44,36,-25
2853,44,37,-120
2854,44,38,-106
2855,44,39,-26
2856,44,40,-18
2857,44,41,-110
2858,44,42,-122
2859,44,43,-57
2860,44,44,-77
2861,44,45,-69
2862,44,46,34
2863,44,47,82
2864,44,48,111
2865,44,49,-2
2866,44,50,92
2867,44,51,-11
2868,44,52,-112
2869,44,53,-30
2870,44,54,109
2871,44,55,30
2872,44,56,-109
2873,44,57,72
2874,44,58,78
2875,44,59,77
2876,44,60,-108
2877,44,61,117
2878,44,62,-86
2879,44,63,-88
2880,45,0,-42
2881,45,1,-4
2882,45,2,-62
2883,45,3,65
2884,45,4,-18
2885,45,5,-73
2886,45,6,107
2887,45,7,-126
2888,45,8,-95
2889,45,9,-96
2890,45,10,-122
2891,45,11,-16
2892,45,12,-110
2893,45,13,-62
2894,45,14,119
2895,45,15,-73
2896,45,16,83
2897,45,17,-86
2898,45,18,-88
2899,45,19,17
2900,45,20,-2
2901,45,21,-29
2902,45,22,-26
2903,45,23,-28
2904,45,24,55
2905,45,25,-41
2906,45,26,89
2907,45,27,-68
2908,45,28,-109
2909,45,29,-37
2910,45,30,28
2911,45,31,-14
2912,45,32,59
2913,45,33,-60
2914,45,34,-47
2915,45,35,56
2916,45,36,124
2917,45,37,120
2918,45,38,88
2919,45,39,114
2920,45,40,104
2921,45,41,-35
2922,45,42,120
2923,45,43,-70
2924,45,44,-36
2925,45,45,34
2926,45,46,-37
2927,45,47,-37
2928,45,48,4
2929,45,49,-98
2930,45,50,-95
2931,45,51,78
2932,45,52,81
2933,45,53,-127
2934,45,54,-13
2935,45,55,-69
2936,45,56,55
2937,45,57,-102
2938,45,58,-84
2939,45,59,92
2940,45,60,-10
2941,45,61,-32
2942,45,62,-96
2943,45,63,-25
2944,46,0,-66
2945,46,1,-28
2946,46,2,-28
2947,46,3,99
2948,46,4,17
2949,46,5,124
2950,46,6,50
2951,46,7,-48
2952,46,8,-80
2953,46,9,-76
2954,46,10,-3
2955,46,11,-22
2956,46,12,-53
2957,46,13,-63
2958,46,14,-60
2959,46,15,15
2960,46,16,36
2961,46,17,-50
2962,46,18,-109
2963,46,19,71
2964,46,20,71
2965,46,21,-93
2966,46,22,30
2967,46,23,-112
2968,46,24,-41
2969,46,25,-13
2970,46,26,-90
2971,46,27,-76
2972,46,28,24
2973,46,29,-51
2974,46,30,-126
2975,46,31,46
2976,46,32,-30
2977,46,33,63
2978,46,34,-72
2979,46,35,108
2980,46,36,-74
2981,46,37,-11
2982,46,38,75
2983,46,39,-32
2984,46,40,-8
2985,46,41,37
2986,46,42,126
2987,46,43,-122
2988,46,44,3
2989,46,45,-115
2990,46,46,61
2991,46,47,25
2992,46,48,14
2993,46,49,105
2994,46,50,121
2995,46,51,100
2996,46,52,109
2997,46,53,51
2998,46,54,79
2999,46,55,10
3000,46,56,-39
3001,46,57,52
3002,46,58,27
3003,46,59,93
3004,46,60,-46
3005,46,61,127
3006,46,62,-91
3007,46,63,-83
3008,47,0,109
3009,47,1,-120
3010,47,2,30
3011,47,3,-7
3012,47,4,-64
3013,47,5,-67
3014,47,6,112
3015,47,7,3
3016,47,8,-79
3017,47,9,13
3018,47,10,124
3019,47,11,-82
3020,47,12,58
3021,47,13,-54
3022,47,14,-108
3023,47,15,71
3024,47,16,-120
3025,47,17,98
3026,47,18,111
3027,47,19,-76
3028,47,20,107
3029,47,21,-125
3030,47,22,-23
3031,47,23,31
3032,47,24,45
3033,47,25,48
3034,47,26,107
3035,47,27,-110
3036,47,28,123
3037,47,29,22
3038,47,30,-39
3039,47,31,104
3040,47,32,-84
3041,47,33,35
3042,47,34,85
3043,47,35,-120
3044,47,36,100
3045,47,37,67
3046,47,38,-114
3047,47,39,126
3048,47,40,-93
3049,47,41,-11
3050,47,42,72
3051,47,43,95
3052,47,44,-111
3053,47,45,-50
3054,47,46,122
3055,47,47,60
3056,47,48,-118
3057,47,49,-126
3058,47,50,-40
3059,47,51,39
3060,47,52,97
3061,47,53,-68
3062,47,54,-96
3063,47,55,124
3064,47,56,-18
3065,47,57,-7
3066,47,58,-56
3067,47,59,3
3068,47,60,1
3069,47,61,-8
3070,47,62,72
3071,47,63,51
3072,48,0,45
3073,48,1,-101
3074,48,2,30
3075,48,3,105
3076,48,4,78
3077,48,5,13
3078,48,6,22
3079,48,7,79
3080,48,8,-117
3081,48,9,-30
3082,48,10,-2
3083,48,11,-78
3084,48,12,51
3085,48,13,20
3086,48,14,62
3087,48,15,-113
3088,48,16,69
3089,48,17,-34
3090,48,18,94
3091,48,19,54
3092,48,20,24
3093,48,21,-82
3094,48,22,-97
3095,48,23,2
3096,48,24,58
3097,48,25,-93
3098,48,26,99
3099,48,27,-24
3100,48,28,72
3101,48,29,-115
3102,48,30,126
3103,48,31,-66
3104,48,32,-87
3105,48,33,121
3106,48,34,-85
3107,48,35,19
3108,48,36,3
3109,48,37,75
3110,48,38,-29
3111,48,39,1
3112,48,40,61
3113,48,41,18
3114,48,42,67
3115,48,43,-6
3116,48,44,17
3117,48,45,73
3118,48,46,37
3119,48,47,-1
3120,48,48,-9
3121,48,49,92
3122,48,50,102
3123,48,51,93
3124,48,52,114
3125,48,53,-94
3126,48,54,-31
3127,48,55,28
3128,48,56,-3
3129,48,57,87
3130,48,58,42
3131,48,59,75
3132,48,60,-43
3133,48,61,31
3134,48,62,-91
3135,48,63,3
3136,49,0,122
3137,49,1,-103
3138,49,2,109
3139,49,3,-125
3140,49,4,-45
3141,49,5,50
3142,49,6,-6
3143,49,7,-73
3144,49,8,85
3145,49,9,89
3146,49,10,-115
3147,49,11,-28
3148,49,12,-114
3149,49,13,-84
3150,49,14,-11
3151,49,15,-22
3152,49,16,-17
3153,49,17,27
3154,49,18,4
3155,49,19,-48
3156,49,20,-80
3157,49,21,-2
3158,49,22,-121
3159,49,23,-120
3160,49,24,80
3161,49,25,19
3162,49,26,102
3163,49,27,-95
3164,49,28,-47
3165,49,29,126
3166,49,30,83
3167,49,31,-116
3168,49,32,2
3169,49,33,-39
3170,49,34,94
3171,49,35,33
3172,49,36,-117
3173,49,37,-47
3174,49,38,-36
3175,49,39,-46
3176,49,40,-120
3177,49,41,31
3178,49,42,5
3179,49,43,-108
3180,49,44,-76
3181,49,45,6
3182,49,46,-9
3183,49,47,-71
3184,49,48,90
3185,49,49,111
3186,49,50,39
3187,49,51,-66
3188,49,52,9
3189,49,53,103
3190,49,54,1
3191,49,55,27
3192,49,56,7
3193,49,57,2
3194,49,58,-113
3195,49,59,-80
3196,49,60,-104
3197,49,61,121
3198,49,62,70
3199,49,63,88
3200,50,0,114
3201,50,1,-35
3202,50,2,63
3203,50,3,-81
3204,50,4,114
3205,50,5,-57
3206,50,6,-38
3207,50,7,30
3208,50,8,-121
3209,50,9,104
3210,50,10,65
3211,50,11,122
3212,50,12,-80
3213,50,13,-106
3214,50,14,53
3215,50,15,44
3216,50,16,-83
3217,50,17,22
3218,50,18,-118
3219,50,19,99
3220,50,20,16
3221,50,21,30
3222,50,22,107
3223,50,23,-16
3224,50,24,83
3225,50,25,-89
3226,50,26,105
3227,50,27,17
3228,50,28,-109
3229,50,29,-106
3230,50,30,93
3231,50,31,-64
3232,50,32,-36
3233,50,33,11
3234,50,34,-56
3235,50,35,-39
3236,50,36,-109
3237,50,37,79
3238,50,38,47
3239,50,39,35
3240,50,40,113
3241,50,41,-70
3242,50,42,-84
3243,50,43,51
3244,50,44,-52
3245,50,45,-27
3246,50,46,61
3247,50,47,69
3248,50,48,-48
3249,50,49,119
3250,50,50,-44
3251,50,51,106
3252,50,52,-12
3253,50,53,60
3254,50,54,-97
3255,50,55,55
3256,50,56,16
3257,50,57,-43
3258,50,58,73
3259,50,59,101
3260,50,60,44
3261,50,61,-9
3262,50,62,-118
3263,50,63,109
3264,51,0,72
3265,51,1,-46
3266,51,2,91
3267,51,3,-106
3268,51,4,-79
3269,51,5,-88
3270,51,6,-22
3271,51,7,-106
3272,51,8,-10
3273,51,9,92
3274,51,10,-93
3275,51,11,95
3276,51,12,-49
3277,51,13,9
3278,51,14,-58
3279,51,15,75
3280,51,16,67
3281,51,17,-40
3282,51,18,-103
3283,51,19,3
3284,51,20,-77
3285,51,21,-18
3286,51,22,91
3287,51,23,35
3288,51,24,-79
3289,51,25,103
3290,51,26,-126
3291,51,27,36
3292,51,28,57
3293,51,29,106
3294,51,30,46
3295,51,31,18
3296,51,32,-18
3297,51,33,-118
3298,51,34,-113
3299,51,35,119
3300,51,36,-97
3301,51,37,-112
3302,51,38,66
3303,51,39,87
3304,51,40,-33
3305,51,41,96
3306,51,42,-76
3307,51,43,42
3308,51,44,-100
3309,51,45,92
3310,51,46,10
3311,51,47,-127
3312,51,48,2
3313,51,49,-97
3314,51,50,-70
3315,51,51,-115
3316,51,52,-84
3317,51,53,-84
3318,51,54,-12
3319,51,55,65
3320,51,56,-126
3321,51,57,60
3322,51,58,-12
3323,51,59,-5
3324,51,60,-63
3325,51,61,7
3326,51,62,-118
3327,51,63,1
3328,52,0,79
3329,52,1,-54
3330,52,2,-36
3331,52,3,66
3332,52,4,19
3333,52,5,-49
3334,52,6,110
3335,52,7,71
3336,52,8,72
3337,52,9,-10
3338,52,10,-113
3339,52,11,-63
3340,52,12,-96
3341,52,13,-64
3342,52,14,-33
3343,52,15,-127
3344,52,16,-51
3345,52,17,-21
3346,52,18,121
3347,52,19,17
3348,52,20,-114
3349,52,21,16
3350,52,22,43
3351,52,23,85
3352,52,24,-52
3353,52,25,2
3354,52,26,-16
3355,52,27,23
3356,52,28,91
3357,52,29,105
3358,52,30,-6
3359,52,31,32
3360,52,32,15
3361,52,33,-69
3362,52,34,-79
3363,52,35,37
3364,52,36,32
3365,52,37,-118
3366,52,38,31
3367,52,39,-50
3368,52,40,16
3369,52,41,-94
3370,52,42,-11
3371,52,43,47
3372,52,44,111
3373,52,45,-26
3374,52,46,-23
3375,52,47,74
3376,52,48,-119
3377,52,49,-19
3378,52,50,29
3379,52,51,-30
3380,52,52,105
3381,52,53,-17
3382,52,54,-89
3383,52,55,-56
3384,52,56,-46
3385,52,57,64
3386,52,58,-80
3387,52,59,-43
3388,52,60,-105
3389,52,61,-84
3390,52,62,-113
3391,52,63,1
3392,53,0,21
3393,53,1,79
3394,53,2,-25
3395,53,3,94
3396,53,4,-97
3397,53,5,-126
3398,53,6,-54
3399,53,7,-74
3400,53,8,96
3401,53,9,-7
3402,53,10,81
3403,53,11,-97
3404,53,12,-90
3405,53,13,19
3406,53,14,-27
3407,53,15,-74
3408,53,16,-114
3409,53,17,98
3410,53,18,-44
3411,53,19,-115
3412,53,20,-85
3413,53,21,11
3414,53,22,61
3415,53,23,121
3416,53,24,111
3417,53,25,-11
3418,53,26,88
3419,53,27,17
3420,53,28,30
3421,53,29,-9
3422,53,30,-24
3423,53,31,-39
3424,53,32,75
3425,53,33,-115
3426,53,34,-45
3427,53,35,123
3428,53,36,-48
3429,53,37,42
3430,53,38,10
3431,53,39,-125
3432,53,40,11
3433,53,41,23
3434,53,42,1
3435,53,43,-78
3436,53,44,-51
3437,53,45,-84
3438,53,46,-9
3439,53,47,2
3440,53,48,18
3441,53,49,122
3442,53,50,-24
3443,53,51,-116
3444,53,52,-32
3445,53,53,-77
3446,53,54,-81
3447,53,55,-97
3448,53,56,-127
3449,53,57,-59
3450,53,58,77
3451,53,59,-75
3452,53,60,-35
3453,53,61,-110
3454,53,62,107
3455,53,63,-80
3456,54,0,6
3457,54,1,-65
3458,54,2,-41
3459,54,3,-89
3460,54,4,98
3461,54,5,-20
3462,54,6,127
3463,54,7,118
3464,54,8,122
3465,54,9,0
3466,54,10,-80
3467,54,11,-95
3468,54,12,114
3469,54,13,68
3470,54,14,-75
3471,54,15,-89
3472,54,16,-45
3473,54,17,122
3474,54,18,-49
3475,54,19,-61
3476,54,20,-8
3477,54,21,-72
3478,54,22,-88
3479,54,23,108
3480,54,24,25
3481,54,25,-116
3482,54,26,116
3483,54,27,71
3484,54,28,-8
3485,54,29,-106
3486,54,30,-101
3487,54,31,-45
3488,54,32,-109
3489,54,33,-59
3490,54,34,-125
3491,54,35,29
3492,54,36,-110
3493,54,37,64
3494,54,38,25
3495,54,39,49
3496,54,40,-101
3497,54,41,43
3498,54,42,-58
3499,54,43,37
3500,54,44,-74
3501,54,45,-43
3502,54,46,-90
3503,54,47,-32
3504,54,48,90
3505,54,49,-61
3506,54,50,53
3507,54,51,-127
3508,54,52,102
3509,54,53,72
3510,54,54,-19
3511,54,55,-52
3512,54,56,-115
3513,54,57,11
3514,54,58,-105
3515,54,59,123
3516,54,60,20
3517,54,61,68
3518,54,62,-127
3519,54,63,88
3520,55,0,102
3521,55,1,-8
3522,55,2,-104
3523,55,3,98
3524,55,4,109
3525,55,5,79
3526,55,6,39
3527,55,7,-102
3528,55,8,-61
3529,55,9,-72
3530,55,10,-111
3531,55,11,-9
3532,55,12,-56
3533,55,13,-96
3534,55,14,46
3535,55,15,-31
3536,55,16,-42
3537,55,17,11
3538,55,18,21
3539,55,19,86
3540,55,20,-89
3541,55,21,38
3542,55,22,55
3543,55,23,30
3544,55,24,85
3545,55,25,30
3546,55,26,22
3547,55,27,107
3548,55,28,-2
3549,55,29,7
3550,55,30,-107
3551,55,31,50
3552,55,32,-99
3553,55,33,32
3554,55,34,12
3555,55,35,107
3556,55,36,-71
3557,55,37,29
3558,55,38,-121
3559,55,39,-79
3560,55,40,111
3561,55,41,-110
3562,55,42,122
3563,55,43,-67
3564,55,44,-105
3565,55,45,-72
3566,55,46,-60
3567,55,47,-107
3568,55,48,25
3569,55,49,7
3570,55,50,6
3571,55,51,-106
3572,55,52,-101
3573,55,53,121
3574,55,54,108
3575,55,55,58
3576,55,56,7
3577,55,57,-54
3578,55,58,93
3579,55,59,106
3580,55,60,-35
3581,55,61,-11
3582,55,62,-109
3583,55,63,-42
3584,56,0,11
3585,56,1,-87
3586,56,2,78
3587,56,3,-71
3588,56,4,-29
3589,56,5,-127
3590,56,6,102
3591,56,7,62
3592,56,8,3
3593,56,9,57
3594,56,10,7
3595,56,11,-35
3596,56,12,-3
3597,56,13,32
3598,56,14,36
3599,56,15,45
3600,56,16,-85
3601,56,17,-88
3602,56,18,120
3603,56,19,-12
3604,56,20,122
3605,56,21,-31
3606,56,22,-29
3607,56,23,-114
3608,56,24,-62
3609,56,25,-21
3610,56,26,-64
3611,56,27,8
3612,56,28,27
3613,56,29,-100
3614,56,30,-43
3615,56,31,98
3616,56,32,77
3617,56,33,28
3618,56,34,-68
3619,56,35,127
3620,56,36,-28
3621,56,37,-17
3622,56,38,-15
3623,56,39,104
3624,56,40,-123
3625,56,41,-16
3626,56,42,9
3627,56,43,-120
3628,56,44,25
3629,56,45,-47
3630,56,46,-115
3631,56,47,43
3632,56,48,52
3633,56,49,-42
3634,56,50,79
3635,56,51,-46
3636,56,52,21
3637,56,53,-103
3638,56,54,-28
3639,56,55,-60
3640,56,56,-120
3641,56,57,-68
3642,56,58,111
3643,56,59,0
3644,56,60,33
3645,56,61,28
3646,56,62,8
3647,56,63,32
3648,57,0,-69
3649,57,1,50
3650,57,2,-127
3651,57,3,-31
3652,57,4,82
3653,57,5,-15
3654,57,6,0
3655,57,7,-27
3656,57,8,-103
3657,57,9,-7
3658,57,10,121
3659,57,11,-90
3660,57,12,-111
3661,57,13,68
3662,57,14,121
3663,57,15,94
3664,57,16,12
3665,57,17,-65
3666,57,18,-15
3667,57,19,-61
3668,57,20,-3
3669,57,21,11
3670,57,22,-108
3671,57,23,-73
3672,57,24,105
3673,57,25,15
3674,57,26,-16
3675,57,27,-47
3676,57,28,-57
3677,57,29,8
3678,57,30,-42
3679,57,31,33
3680,57,32,-55
3681,57,33,104
3682,57,34,124
3683,57,35,-35
3684,57,36,-93
3685,57,37,-108
3686,57,38,95
3687,57,39,-124
3688,57,40,-59
3689,57,41,47
3690,57,42,-74
3691,57,43,17
3692,57,44,-5
3693,57,45,-21
3694,57,46,-114
3695,57,47,-71
3696,57,48,-103
3697,57,49,65
3698,57,50,107
3699,57,51,100
3700,57,52,-37
3701,57,53,-121
3702,57,54,51
3703,57,55,-8
3704,57,56,-70
3705,57,57,-16
3706,57,58,27
3707,57,59,118
3708,57,60,97
3709,57,61,-29
3710,57,62,-106
3711,57,63,-60
3712,58,0,42
3713,58,1,-72
3714,58,2,18
3715,58,3,-36
3716,58,4,-20
3717,58,5,40
3718,58,6,-81
3719,58,7,42
3720,58,8,-115
3721,58,9,105
3722,58,10,115
3723,58,11,-85
3724,58,12,65
3725,58,13,-64
3726,58,14,-25
3727,58,15,-10
3728,58,16,-88
3729,58,17,44
3730,58,18,109
3731,58,19,-36
3732,58,20,-30
3733,58,21,-105
3734,58,22,61
3735,58,23,-93
3736,58,24,-91
3737,58,25,-15
3738,58,26,-121
3739,58,27,8
3740,58,28,10
3741,58,29,-66
3742,58,30,-47
3743,58,31,-54
3744,58,32,58
3745,58,33,23
3746,58,34,-9
3747,58,35,-19
3748,58,36,-14
3749,58,37,-87
3750,58,38,61
3751,58,39,-17
3752,58,40,-20
3753,58,41,71
3754,58,42,-26
3755,58,43,-71
3756,58,44,29
3757,58,45,-31
3758,58,46,-51
3759,58,47,-70
3760,58,48,-61
3761,58,49,-111
3762,58,50,-109
3763,58,51,-113
3764,58,52,76
3765,58,53,-59
3766,58,54,35
3767,58,55,-71
3768,58,56,-109
3769,58,57,-127
3770,58,58,69
3771,58,59,97
3772,58,60,-14
3773,58,61,-104
3774,58,62,-103
3775,58,63,-5
3776,59,0,-54
3777,59,1,-77
3778,59,2,91
3779,59,3,-53
3780,59,4,18
3781,59,5,-66
3782,59,6,-77
3783,59,7,-60
3784,59,8,-8
3785,59,9,-122
3786,59,10,22
3787,59,11,-98
3788,59,12,121
3789,59,13,-28
3790,59,14,-11
3791,59,15,-3
3792,59,16,110
3793,59,17,-64
3794,59,18,12
3795,59,19,-29
3796,59,20,-63
3797,59,21,-1
3798,59,22,125
3799,59,23,-101
3800,59,24,50
3801,59,25,-38
3802,59,26,95
3803,59,27,86
3804,59,28,9
3805,59,29,-122
3806,59,30,48
3807,59,31,119
3808,59,32,-66
3809,59,33,-7
3810,59,34,-25
3811,59,35,-45
3812,59,36,45
3813,59,37,70
3814,59,38,-3
3815,59,39,49
3816,59,40,127
3817,59,41,-19
3818,59,42,72
3819,59,43,-27
3820,59,44,121
3821,59,45,98
3822,59,46,-53
3823,59,47,-125
3824,59,48,-68
3825,59,49,-120
3826,59,50,-24
3827,59,51,-37
3828,59,52,24
3829,59,53,-2
3830,59,54,-16
3831,59,55,-62
3832,59,56,1
3833,59,57,51
3834,59,58,-48
3835,59,59,6
3836,59,60,-42
3837,59,61,-73
3838,59,62,56
3839,59,63,-56
3840,60,0,84
3841,60,1,-10
3842,60,2,97
3843,60,3,40
3844,60,4,-123
3845,60,5,-93
3846,60,6,24
3847,60,7,48
3848,60,8,-31
3849,60,9,38
3850,60,10,-46
3851,60,11,125
3852,60,12,118
3853,60,13,85
3854,60,14,117
3855,60,15,17
3856,60,16,-6
3857,60,17,-90
3858,60,18,-118
3859,60,19,-94
3860,60,20,54
3861,60,21,35
3862,60,22,23
3863,60,23,4
3864,60,24,-15
3865,60,25,-63
3866,60,26,-31
3867,60,27,-4
3868,60,28,-78
3869,60,29,-4
3870,60,30,113
3871,60,31,-44
3872,60,32,-14
3873,60,33,101
3874,60,34,-50
3875,60,35,111
3876,60,36,-56
3877,60,37,-17
3878,60,38,-50
3879,60,39,-3
3880,60,40,83
3881,60,41,-51
3882,60,42,-2
3883,60,43,120
3884,60,44,-9
3885,60,45,28
3886,60,46,-53
3887,60,47,7
3888,60,48,14
3889,60,49,-32
3890,60,50,-20
3891,60,51,-99
3892,60,52,107
3893,60,53,49
3894,60,54,103
3895,60,55,127
3896,60,56,-55
3897,60,57,-15
3898,60,58,42
3899,60,59,124
3900,60,60,-10
3901,60,61,-59
3902,60,62,-96
3903,60,63,-81
3904,61,0,-14
3905,61,1,-17
3906,61,2,1
3907,61,3,62
3908,61,4,-68
3909,61,5,-106
3910,61,6,78
3911,61,7,48
3912,61,8,-106
3913,61,9,38
3914,61,10,71
3915,61,11,-87
3916,61,12,-3
3917,61,13,-66
3918,61,14,6
3919,61,15,5
3920,61,16,-89
3921,61,17,-108
3922,61,18,-83
3923,61,19,45
3924,61,20,-90
3925,61,21,-47
3926,61,22,-28
3927,61,23,47
3928,61,24,-64
3929,61,25,30
3930,61,26,-127
3931,61,27,111
3932,61,28,33
3933,61,29,-98
3934,61,30,-95
3935,61,31,-41
3936,61,32,-43
3937,61,33,117
3938,61,34,-34
3939,61,35,96
3940,61,36,-102
3941,61,37,-12
3942,61,38,126
3943,61,39,120
3944,61,40,29
3945,61,41,-4
3946,61,42,69
3947,61,43,-92
3948,61,44,115
3949,61,45,4
3950,61,46,103
3951,61,47,-110
3952,61,48,93
3953,61,49,-116
3954,61,50,-1
3955,61,51,-51
3956,61,52,-82
3957,61,53,87
3958,61,54,77
3959,61,55,47
3960,61,56,-47
3961,61,57,-3
3962,61,58,-114
3963,61,59,-109
3964,61,60,-43
3965,61,61,22
3966,61,62,6
3967,61,63,-120
3968,62,0,-42
3969,62,1,115
3970,62,2,25
3971,62,3,-89
3972,62,4,106
3973,62,5,42
3974,62,6,-107
3975,62,7,-115
3976,62,8,-80
3977,62,9,0
3978,62,10,-102
3979,62,11,99
3980,62,12,37
3981,62,13,44
3982,62,14,-60
3983,62,15,109
3984,62,16,103
3985,62,17,-12
3986,62,18,-31
3987,62,19,-124
3988,62,20,-104
3989,62,21,-119
3990,62,22,56
3991,62,23,-85
3992,62,24,100
3993,62,25,-89
3994,62,26,92
3995,62,27,-84
3996,62,28,70
3997,62,29,-30
3998,62,30,-104
3999,62,31,8
4000,62,32,-42
4001,62,33,-72
4002,62,34,81
4003,62,35,66
4004,62,36,51
4005,62,37,56
4006,62,38,64
4007,62,39,-2
4008,62,40,-8
4009,62,41,-5
4010,62,42,-113
4011,62,43,58
4012,62,44,-58
4013,62,45,30
4014,62,46,-43
4015,62,47,77
4016,62,48,57
4017,62,49,39
4018,62,50,-106
4019,62,51,-47
4020,62,52,59
4021,62,53,40
4022,62,54,30
4023,62,55,-26
4024,62,56,-114
4025,62,57,78
4026,62,58,14
4027,62,59,-62
4028,62,60,14
4029,62,61,28
4030,62,62,-50
4031,62,63,106
4032,63,0,-96
4033,63,1,114
4034,63,2,53
4035,63,3,-80
4036,63,4,-33
4037,63,5,-101
4038,63,6,27
4039,63,7,126
4040,63,8,-10
4041,63,9,39
4042,63,10,90
4043,63,11,34
4044,63,12,-42
4045,63,13,122
4046,63,14,-110
4047,63,15,-98
4048,63,16,27
4049,63,17,6
4050,63,18,-33
4051,63,19,-111
4052,63,20,73
4053,63,21,-89
4054,63,22,-51
4055,63,23,9
4056,63,24,-94
4057,63,25,34
4058,63,26,-62
4059,63,27,41
4060,63,28,32
4061,63,29,117
4062,63,30,-11
4063,63,31,-27
4064,63,32,54
4065,63,33,-81
4066,63,34,98
4067,63,35,44
4068,63,36,64
4069,63,37,-6
4070,63,38,28
4071,63,39,127
4072,63,40,-68
4073,63,41,15
4074,63,42,65
4075,63,43,-45
4076,63,44,65
4077,63,45,-67
4078,63,46,-15
4079,63,47,-104
4080,63,48,-103
4081,63,49,107
4082,63,50,-97
4083,63,51,43
4084,63,52,67
4085,63,53,-30
4086,63,54,-49
4087,63,55,82
4088,63,56,115
4089,63,57,79
4090,63,58,48
4091,63,59,-30
4092,63,60,-70
4093,63,61,-4
4094,63,62,65
4095,63,63,-100
4096,64,0,-50
4097,64,1,106
4098,64,2,-108
4099,64,3,31
4100,64,4,-96
4101,64,5,-61
4102,64,6,1
4103,64,7,-90
4104,64,8,-103
4105,64,9,61
4106,64,10,-94
4107,64,11,-21
4108,64,12,-96
4109,64,13,-78
4110,64,14,-35
4111,64,15,-29
4112,64,16,46
4113,64,17,-54
4114,64,18,110
4115,64,19,72
4116,64,20,98
4117,64,21,110
4118,64,22,-89
4119,64,23,77
4120,64,24,28
4121,64,25,107
4122,64,26,-84
4123,64,27,95
4124,64,28,81
4125,64,29,-44
4126,64,30,-28
4127,64,31,45
4128,64,32,-33
4129,64,33,23
4130,64,34,25
4131,64,35,-71
4132,64,36,-37
4133,64,37,48
4134,64,38,-11
4135,64,39,-18
4136,64,40,106
4137,64,41,125
4138,64,42,62
4139,64,43,35
4140,64,44,39
4141,64,45,-6
4142,64,46,-87
4143,64,47,99
4144,64,48,18
4145,64,49,-48
4146,64,50,103
4147,64,51,54
4148,64,52,-108
4149,64,53,19
4150,64,54,-110
4151,64,55,93
4152,64,56,20
4153,64,57,-2
4154,64,58,109
4155,64,59,-85
4156,64,60,-90
4157,64,61,54
4158,64,62,115
4159,64,63,-115
4160,65,0,5
4161,65,1,104
4162,65,2,84
4163,65,3,-55
4164,65,4,-111
4165,65,5,-52
4166,65,6,-30
4167,65,7,-52
4168,65,8,65
4169,65,9,-123
4170,65,10,-65
4171,65,11,-19
4172,65,12,-101
4173,65,13,-16
4174,65,14,-32
4175,65,15,-1
4176,65,16,-18
4177,65,17,116
4178,65,18,-36
4179,65,19,38
4180,65,20,5
4181,65,21,-106
4182,65,22,11
4183,65,23,83
4184,65,24,-22
4185,65,25,37
4186,65,26,-45
4187,65,27,-91
4188,65,28,42
4189,65,29,31
4190,65,30,-111
4191,65,31,47
4192,65,32,28
4193,65,33,-14
4194,65,34,10
4195,65,35,-13
4196,65,36,-10
4197,65,37,-14
4198,65,38,-98
4199,65,39,2
4200,65,40,72
4201,65,41,30
4202,65,42,-96
4203,65,43,110
4204,65,44,86
4205,65,45,-64
4206,65,46,64
4207,65,47,55
4208,65,48,-82
4209,65,49,-71
4210,65,50,-100
4211,65,51,-6
4212,65,52,-12
4213,65,53,2
4214,65,54,108
4215,65,55,-50
4216,65,56,-106
4217,65,57,96
4218,65,58,-120
4219,65,59,-76
4220,65,60,112
4221,65,61,-122
4222,65,62,-113
4223,65,63,-59
4224,66,0,37
4225,66,1,-39
4226,66,2,-73
4227,66,3,17
4228,66,4,8
4229,66,5,115
4230,66,6,99
4231,66,7,-61
4232,66,8,16
4233,66,9,-59
4234,66,10,56
4235,66,11,-72
4236,66,12,27
4237,66,13,69
4238,66,14,-31
4239,66,15,-74
4240,66,16,96
4241,66,17,-83
4242,66,18,-119
4243,66,19,-68
4244,66,20,-14
4245,66,21,-75
4246,66,22,35
4247,66,23,-1
4248,66,24,-121
4249,66,25,44
4250,66,26,98
4251,66,27,9
4252,66,28,-20
4253,66,29,-97
4254,66,30,-34
4255,66,31,47
4256,66,32,15
4257,66,33,92
4258,66,34,-59
4259,66,35,-70
4260,66,36,-116
4261,66,37,114
4262,66,38,-14
4263,66,39,-124
4264,66,40,116
4265,66,41,60
4266,66,42,125
4267,66,43,55
4268,66,44,-99
4269,66,45,-92
4270,66,46,-109
4271,66,47,30
4272,66,48,103
4273,66,49,-61
4274,66,50,59
4275,66,51,5
4276,66,52,-5
4277,66,53,-88
4278,66,54,14
4279,66,55,-40
4280,66,56,110
4281,66,57,47
4282,66,58,-88
4283,66,59,117
4284,66,60,49
4285,66,61,-119
4286,66,62,53
4287,66,63,51
4288,67,0,57
4289,67,1,11
4290,67,2,15
4291,67,3,-31
4292,67,4,73
4293,67,5,-89
4294,67,6,-14
4295,67,7,49
4296,67,8,-8
4297,67,9,-122
4298,67,10,100
4299,67,11,119
4300,67,12,45
4301,67,13,34
4302,67,14,-119
4303,67,15,43
4304,67,16,-115
4305,67,17,20
4306,67,18,-22
4307,67,19,27
4308,67,20,-97
4309,67,21,2
4310,67,22,85
4311,67,23,90
4312,67,24,-44
4313,67,25,-16
4314,67,26,-85
4315,67,27,97
4316,67,28,82
4317,67,29,57
4318,67,30,62
4319,67,31,47
4320,67,32,-23
4321,67,33,-58
4322,67,34,41
4323,67,35,-63
4324,67,36,-35
4325,67,37,1
4326,67,38,83
4327,67,39,-77
4328,67,40,-76
4329,67,41,-14
4330,67,42,58
4331,67,43,54
4332,67,44,-104
4333,67,45,114
4334,67,46,-74
4335,67,47,88
4336,67,48,112
4337,67,49,-22
4338,67,50,-13
4339,67,51,-114
4340,67,52,99
4341,67,53,79
4342,67,54,19
4343,67,55,23
4344,67,56,-84
4345,67,57,113
4346,67,58,53
4347,67,59,-124
4348,67,60,36
4349,67,61,-81
4350,67,62,-42
4351,67,63,37
4352,68,0,-6
4353,68,1,-76
4354,68,2,124
4355,68,3,30
4356,68,4,-1
4357,68,5,61
4358,68,6,-87
4359,68,7,117
4360,68,8,-114
4361,68,9,-117
4362,68,10,10
4363,68,11,-119
4364,68,12,101
4365,68,13,-23
4366,68,14,21
4367,68,15,-92
4368,68,16,-84
4369,68,17,-93
4370,68,18,84
4371,68,19,-77
4372,68,20,-31
4373,68,21,1
4374,68,22,101
4375,68,23,5
4376,68,24,71
4377,68,25,-60
4378,68,26,-2
4379,68,27,3
4380,68,28,126
4381,68,29,-19
4382,68,30,14
4383,68,31,-29
4384,68,32,-12
4385,68,33,34
4386,68,34,-13
4387,68,35,60
4388,68,36,-14
4389,68,37,-84
4390,68,38,77
4391,68,39,-8
4392,68,40,-99
4393,68,41,-39
4394,68,42,-65
4395,68,43,-92
4396,68,44,-102
4397,68,45,121
4398,68,46,121
4399,68,47,16
4400,68,48,58
4401,68,49,-119
4402,68,50,-61
4403,68,51,-9
4404,68,52,14
4405,68,53,47
4406,68,54,-9
4407,68,55,20
4408,68,56,-94
4409,68,57,113
4410,68,58,-104
4411,68,59,-3
4412,68,60,77
4413,68,61,38
4414,68,62,57
4415,68,63,-61
4416,69,0,87
4417,69,1,4
4418,69,2,-48
4419,69,3,47
4420,69,4,-38
4421,69,5,-36
4422,69,6,105
4423,69,7,6
4424,69,8,-10
4425,69,9,-117
4426,69,10,-47
4427,69,11,-45
4428,69,12,87
4429,69,13,95
4430,69,14,-55
4431,69,15,-113
4432,69,16,123
4433,69,17,-106
4434,69,18,73
4435,69,19,101
4436,69,20,125
4437,69,21,105
4438,69,22,-13
4439,69,23,33
4440,69,24,46
4441,69,25,-89
4442,69,26,116
4443,69,27,121
4444,69,28,31
4445,69,29,-127
4446,69,30,41
4447,69,31,-48
4448,69,32,-89
4449,69,33,-69
4450,69,34,104
4451,69,35,-97
4452,69,36,116
4453,69,37,-81
4454,69,38,85
4455,69,39,-24
4456,69,40,-95
4457,69,41,-126
4458,69,42,74
4459,69,43,-84
4460,69,44,-25
4461,69,45,-93
4462,69,46,80
4463,69,47,113
4464,69,48,117
4465,69,49,-104
4466,69,50,-28
4467,69,51,86
4468,69,52,68
4469,69,53,89
4470,69,54,-5
4471,69,55,122
4472,69,56,-5
4473,69,57,36
4474,69,58,29
4475,69,59,-116
4476,69,60,-53
4477,69,61,-65
4478,69,62,76
4479,69,63,-43
4480,70,0,-57
4481,70,1,78
4482,70,2,-17
4483,70,3,88
4484,70,4,-29
4485,70,5,47
4486,70,6,53
4487,70,7,5
4488,70,8,13
4489,70,9,42
4490,70,10,127
4491,70,11,-98
4492,70,12,9
4493,70,13,-79
4494,70,14,-124
4495,70,15,88
4496,70,16,84
4497,70,17,99
4498,70,18,6
4499,70,19,-10
4500,70,20,-114
4501,70,21,5
4502,70,22,50
4503,70,23,100
4504,70,24,45
4505,70,25,80
4506,70,26,37
4507,70,27,34
4508,70,28,67
4509,70,29,63
4510,70,30,-88
4511,70,31,-62
4512,70,32,-4
4513,70,33,-107
4514,70,34,38
4515,70,35,-72
4516,70,36,-103
4517,70,37,-46
4518,70,38,-43
4519,70,39,117
4520,70,40,-119
4521,70,41,83
4522,70,42,-77
4523,70,43,106
4524,70,44,-47
4525,70,45,0
4526,70,46,-36
4527,70,47,89
4528,70,48,40
4529,70,49,16
4530,70,50,73
4531,70,51,43
4532,70,52,-23
4533,70,53,-125
4534,70,54,-53
4535,70,55,-87
4536,70,56,-44
4537,70,57,-90
4538,70,58,90
4539,70,59,-126
4540,70,60,38
4541,70,61,59
4542,70,62,55
4543,70,63,71
4544,71,0,110
4545,71,1,52
4546,71,2,17
4547,71,3,18
4548,71,4,111
4549,71,5,-12
4550,71,6,41
4551,71,7,73
4552,71,8,-31
4553,71,9,45
4554,71,10,49
4555,71,11,-41
4556,71,12,40
4557,71,13,91
4558,71,14,-62
4559,71,15,0
4560,71,16,85
4561,71,17,111
4562,71,18,-125
4563,71,19,-100
4564,71,20,-127
4565,71,21,-95
4566,71,22,119
4567,71,23,-29
4568,71,24,26
4569,71,25,16
4570,71,26,-4
4571,71,27,35
4572,71,28,82
4573,71,29,-35
4574,71,30,-37
4575,71,31,52
4576,71,32,-24
4577,71,33,58
4578,71,34,112
4579,71,35,-30
4580,71,36,19
4581,71,37,108
4582,71,38,115
4583,71,39,9
4584,71,40,48
4585,71,41,67
4586,71,42,13
4587,71,43,-11
4588,71,44,-121
4589,71,45,51
4590,71,46,-81
4591,71,47,75
4592,71,48,-52
4593,71,49,-28
4594,71,50,28
4595,71,51,-12
4596,71,52,-39
4597,71,53,-69
4598,71,54,17
4599,71,55,106
4600,71,56,85
4601,71,57,-100
4602,71,58,12
4603,71,59,-100
4604,71,60,-17
4605,71,61,-37
4606,71,62,-11
4607,71,63,-61
4608,72,0,-25
4609,72,1,121
4610,72,2,-63
4611,72,3,-31
4612,72,4,61
4613,72,5,-52
4614,72,6,-90
4615,72,7,-63
4616,72,8,-110
4617,72,9,-118
4618,72,10,-66
4619,72,11,-58
4620,72,12,58
4621,72,13,-31
4622,72,14,36
4623,72,15,-14
4624,72,16,-118
4625,72,17,29
4626,72,18,110
4627,72,19,119
4628,72,20,-48
4629,72,21,114
4630,72,22,10
4631,72,23,110
4632,72,24,-126
4633,72,25,126
4634,72,26,-61
4635,72,27,-115
4636,72,28,43
4637,72,29,1
4638,72,30,-74
4639,72,31,-43
4640,72,32,-83
4641,72,33,-26
4642,72,34,52
4643,72,35,-33
4644,72,36,61
4645,72,37,125
4646,72,38,-105
4647,72,39,27
4648,72,40,-32
4649,72,41,70
4650,72,42,92
4651,72,43,101
4652,72,44,-27
4653,72,45,16
4654,72,46,11
4655,72,47,-81
4656,72,48,120
4657,72,49,-85
4658,72,50,-124
4659,72,51,90
4660,72,52,54
4661,72,53,97
4662,72,54,-1
4663,72,55,35
4664,72,56,7
4665,72,57,86
4666,72,58,93
4667,72,59,-42
4668,72,60,-99
4669,72,61,-121
4670,72,62,-93
4671,72,63,16
4672,73,0,64
4673,73,1,-3
4674,73,2,36
4675,73,3,-15
4676,73,4,25
4677,73,5,-51
4678,73,6,122
4679,73,7,62
4680,73,8,79
4681,73,9,-124
4682,73,10,-41
4683,73,11,62
4684,73,12,-37
4685,73,13,64
4686,73,14,-68
4687,73,15,-90
4688,73,16,-49
4689,73,17,-124
4690,73,18,-93
4691,73,19,10
4692,73,20,-10
4693,73,21,-111
4694,73,22,82
4695,73,23,97
4696,73,24,-15
4697,73,25,29
4698,73,26,-47
4699,73,27,-70
4700,73,28,102
4701,73,29,65
4702,73,30,59
4703,73,31,24
4704,73,32,110
4705,73,33,68
4706,73,34,-39
4707,73,35,42
4708,73,36,44
4709,73,37,-27
4710,73,38,-79
4711,73,39,68
4712,73,40,-24
4713,73,41,-25
4714,73,42,56
4715,73,43,-88
4716,73,44,46
4717,73,45,80
4718,73,46,39
4719,73,47,80
4720,73,48,-95
4721,73,49,73
4722,73,50,126
4723,73,51,-54
4724,73,52,72
4725,73,53,-15
4726,73,54,-23
4727,73,55,66
4728,73,56,110
4729,73,57,-66
4730,73,58,108
4731,73,59,12
4732,73,60,-67
4733,73,61,79
4734,73,62,44
4735,73,63,-65
4736,74,0,3
4737,74,1,-105
4738,74,2,27
4739,74,3,-88
4740,74,4,-109
4741,74,5,64
4742,74,6,-22
4743,74,7,-22
4744,74,8,-54
4745,74,9,-3
4746,74,10,-34
4747,74,11,-124
4748,74,12,55
4749,74,13,-39
4750,74,14,98
4751,74,15,33
4752,74,16,-117
4753,74,17,-123
4754,74,18,6
4755,74,19,24
4756,74,20,-124
4757,74,21,40
4758,74,22,-43
4759,74,23,14
4760,74,24,41
4761,74,25,-103
4762,74,26,116
4763,74,27,-99
4764,74,28,-39
4765,74,29,-46
4766,74,30,107
4767,74,31,-30
4768,74,32,-111
4769,74,33,-14
4770,74,34,-115
4771,74,35,-41
4772,74,36,69
4773,74,37,-118
4774,74,38,39
4775,74,39,-29
4776,74,40,80
4777,74,41,123
4778,74,42,-6
4779,74,43,0
4780,74,44,79
4781,74,45,-40
4782,74,46,-28
4783,74,47,-83
4784,74,48,-91
4785,74,49,-126
4786,74,50,102
4787,74,51,13
4788,74,52,124
4789,74,53,112
4790,74,54,-40
4791,74,55,-80
4792,74,56,-38
4793,74,57,20
4794,74,58,-74
4795,74,59,124
4796,74,60,-41
4797,74,61,41
4798,74,62,4
4799,74,63,-120
4800,75,0,-21
4801,75,1,81
4802,75,2,11
4803,75,3,-61
4804,75,4,87
4805,75,5,-63
4806,75,6,-24
4807,75,7,20
4808,75,8,10
4809,75,9,-54
4810,75,10,110
4811,75,11,-16
4812,75,12,-85
4813,75,13,-46
4814,75,14,-64
4815,75,15,95
4816,75,16,105
4817,75,17,76
4818,75,18,82
4819,75,19,3
4820,75,20,-60
4821,75,21,-3
4822,75,22,-109
4823,75,23,2
4824,75,24,108
4825,75,25,-22
4826,75,26,83
4827,75,27,124
4828,75,28,-116
4829,75,29,6
4830,75,30,-49
4831,75,31,-7
4832,75,32,-30
4833,75,33,91
4834,75,34,-115
4835,75,35,-106
4836,75,36,-43
4837,75,37,-25
4838,75,38,-52
4839,75,39,-38
4840,75,40,-45
4841,75,41,109
4842,75,42,-85
4843,75,43,-107
4844,75,44,52
4845,75,45,-120
4846,75,46,33
4847,75,47,27
4848,75,48,81
4849,75,49,-53
4850,75,50,46
4851,75,51,122
4852,75,52,4
4853,75,53,20
4854,75,54,-49
4855,75,55,100
4856,75,56,0
4857,75,57,-116
4858,75,58,-25
4859,75,59,-65
4860,75,60,56
4861,75,61,106
4862,75,62,79
4863,75,63,-19
4864,76,0,11
4865,76,1,3
4866,76,2,120
4867,76,3,-109
4868,76,4,-50
4869,76,5,-91
4870,76,6,124
4871,76,7,-81
4872,76,8,-68
4873,76,9,-82
4874,76,10,-22
4875,76,11,57
4876,76,12,-34
4877,76,13,6
4878,76,14,74
4879,76,15,-99
4880,76,16,-52
4881,76,17,16
4882,76,18,86
4883,76,19,-102
4884,76,20,-102
4885,76,21,115
4886,76,22,-74
4887,76,23,-70
4888,76,24,7
4889,76,25,-27
4890,76,26,1
4891,76,27,103
4892,76,28,-37
4893,76,29,-2
4894,76,30,15
4895,76,31,-50
4896,76,32,-53
4897,76,33,-103
4898,76,34,127
4899,76,35,-81
4900,76,36,-12
4901,76,37,-40
4902,76,38,96
4903,76,39,59
4904,76,40,-38
4905,76,41,120
4906,76,42,3
4907,76,43,60
4908,76,44,40
4909,76,45,-118
4910,76,46,92
4911,76,47,-61
4912,76,48,-37
4913,76,49,99
4914,76,50,72
4915,76,51,-94
4916,76,52,2
4917,76,53,5
4918,76,54,46
4919,76,55,5
4920,76,56,127
4921,76,57,71
4922,76,58,-102
4923,76,59,-22
4924,76,60,-21
4925,76,61,-98
4926,76,62,80
4927,76,63,39
4928,77,0,126
4929,77,1,-75
4930,77,2,55
4931,77,3,27
4932,77,4,54
4933,77,5,62
4934,77,6,72
4935,77,7,74
4936,77,8,125
4937,77,9,-92
4938,77,10,65
4939,77,11,63
4940,77,12,-116
4941,77,13,7
4942,77,14,124
4943,77,15,-73
4944,77,16,9
4945,77,17,-112
4946,77,18,86
4947,77,19,16
4948,77,20,76
4949,77,21,1
4950,77,22,66
4951,77,23,19
4952,77,24,31
4953,77,25,25
4954,77,26,-16
4955,77,27,11
4956,77,28,-68
4957,77,29,-33
4958,77,30,-59
4959,77,31,30
4960,77,32,55
4961,77,33,22
4962,77,34,-40
4963,77,35,70
4964,77,36,18
4965,77,37,-115
4966,77,38,103
4967,77,39,31
4968,77,40,101
4969,77,41,102
4970,77,42,86
4971,77,43,34
4972,77,44,8
4973,77,45,-112
4974,77,46,-99
4975,77,47,40
4976,77,48,115
4977,77,49,-101
4978,77,50,83
4979,77,51,48
4980,77,52,41
4981,77,53,-110
4982,77,54,-41
4983,77,55,-100
4984,77,56,32
4985,77,57,-28
4986,77,58,112
4987,77,59,75
4988,77,60,116
4989,77,61,-72
4990,77,62,33
4991,77,63,67
4992,78,0,-119
4993,78,1,-5
4994,78,2,77
4995,78,3,-127
4996,78,4,-64
4997,78,5,76
4998,78,6,-78
4999,78,7,102
5000,78,8,-111
5001,78,9,95
5002,78,10,-125
5003,78,11,-102
5004,78,12,59
5005,78,13,31
5006,78,14,81
5007,78,15,120
5008,78,16,114
5009,78,17,99
5010,78,18,-66
5011,78,19,-22
5012,78,20,-47
5013,78,21,44
5014,78,22,-95
5015,78,23,49
5016,78,24,77
5017,78,25,-50
5018,78,26,-4
5019,78,27,-28
5020,78,28,102
5021,78,29,28
5022,78,30,18
5023,78,31,-20
5024,78,32,116
5025,78,33,-79
5026,78,34,17
5027,78,35,-68
5028,78,36,-63
5029,78,37,21
5030,78,38,-104
5031,78,39,-18
5032,78,40,-71
5033,78,41,0
5034,78,42,-78
5035,78,43,-39
5036,78,44,-20
5037,78,45,123
5038,78,46,-22
5039,78,47,-63
5040,78,48,-98
5041,78,49,51
5042,78,50,94
5043,78,51,0
5044,78,52,-21
5045,78,53,-15
5046,78,54,-111
5047,78,55,101
5048,78,56,92
5049,78,57,3
5050,78,58,59
5051,78,59,32
5052,78,60,-86
5053,78,61,-71
5054,78,62,33
5055,78,63,102
5056,79,0,18
5057,79,1,38
5058,79,2,35
5059,79,3,82
5060,79,4,60
5061,79,5,-77
5062,79,6,-9
5063,79,7,28
5064,79,8,-13
5065,79,9,101
5066,79,10,118
5067,79,11,3
5068,79,12,-71
5069,79,13,92
5070,79,14,-40
5071,79,15,-23
5072,79,16,-102
5073,79,17,67
5074,79,18,-109
5075,79,19,26
5076,79,20,-124
5077,79,21,-77
5078,79,22,-17
5079,79,23,25
5080,79,24,65
5081,79,25,48
5082,79,26,-99
5083,79,27,42
5084,79,28,-114
5085,79,29,-46
5086,79,30,-17
5087,79,31,-3
5088,79,32,-94
5089,79,33,21
5090,79,34,-28
5091,79,35,7
5092,79,36,-91
5093,79,37,-48
5094,79,38,31
5095,79,39,-113
5096,79,40,-7
5097,79,41,-104
5098,79,42,-54
5099,79,43,-82
5100,79,44,96
5101,79,45,15
5102,79,46,-31
5103,79,47,-18
5104,79,48,46
5105,79,49,-117
5106,79,50,67
5107,79,51,-74
5108,79,52,1
5109,79,53,-43
5110,79,54,-105
5111,79,55,-51
5112,79,56,-81
5113,79,57,-44
5114,79,58,-15
5115,79,59,-63
5116,79,60,-65
5117,79,61,88
5118,79,62,93
5119,79,63,-4
5120,80,0,44
5121,80,1,-17
5122,80,2,38
5123,80,3,90
5124,80,4,122
5125,80,5,119
5126,80,6,-102
5127,80,7,37
5128,80,8,113
5129,80,9,30
5130,80,10,18
5131,80,11,89
5132,80,12,70
5133,80,13,-94
5134,80,14,100
5135,80,15,46
5136,80,16,-99
5137,80,17,38
5138,80,18,28
5139,80,19,51
5140,80,20,-117
5141,80,21,57
5142,80,22,7
5143,80,23,71
5144,80,24,30
5145,80,25,77
5146,80,26,39
5147,80,27,12
5148,80,28,3
5149,80,29,-89
5150,80,30,113
5151,80,31,-72
5152,80,32,-113
5153,80,33,8
5154,80,34,37
5155,80,35,103
5156,80,36,46
5157,80,37,31
5158,80,38,46
5159,80,39,42
5160,80,40,32
5161,80,41,111
5162,80,42,-78
5163,80,43,-41
5164,80,44,-66
5165,80,45,-82
5166,80,46,-123
5167,80,47,39
5168,80,48,105
5169,80,49,-55
5170,80,50,-81
5171,80,51,74
5172,80,52,39
5173,80,53,84
5174,80,54,85
5175,80,55,75
5176,80,56,109
5177,80,57,117
5178,80,58,127
5179,80,59,108
5180,80,60,124
5181,80,61,-66
5182,80,62,95
5183,80,63,10
5184,81,0,-108
5185,81,1,19
5186,81,2,79
5187,81,3,-59
5188,81,4,-84
5189,81,5,7
5190,81,6,1
5191,81,7,-51
5192,81,8,103
5193,81,9,32
5194,81,10,48
5195,81,11,-95
5196,81,12,-84
5197,81,13,14
5198,81,14,81
5199,81,15,-17
5200,81,16,-29
5201,81,17,-9
5202,81,18,-24
5203,81,19,-117
5204,81,20,-65
5205,81,21,47
5206,81,22,-59
5207,81,23,-35
5208,81,24,-85
5209,81,25,-44
5210,81,26,6
5211,81,27,-97
5212,81,28,41
5213,81,29,-51
5214,81,30,-119
5215,81,31,-94
5216,81,32,52
5217,81,33,36
5218,81,34,-8
5219,81,35,-76
5220,81,36,29
5221,81,37,-43
5222,81,38,27
5223,81,39,29
5224,81,40,-43
5225,81,41,-102
5226,81,42,117
5227,81,43,9
5228,81,44,76
5229,81,45,-45
5230,81,46,-2
5231,81,47,-91
5232,81,48,43
5233,81,49,-88
5234,81,50,31
5235,81,51,-127
5236,81,52,56
5237,81,53,111
5238,81,54,48
5239,81,55,15
5240,81,56,-112
5241,81,57,63
5242,81,58,-27
5243,81,59,81
5244,81,60,-71
5245,81,61,22
5246,81,62,-72
5247,81,63,-65
5248,82,0,-99
5249,82,1,24
5250,82,2,-2
5251,82,3,28
5252,82,4,-68
5253,82,5,93
5254,82,6,-46
5255,82,7,58
5256,82,8,-63
5257,82,9,-50
5258,82,10,4
5259,82,11,68
5260,82,12,-92
5261,82,13,114
5262,82,14,-45
5263,82,15,-96
5264,82,16,-45
5265,82,17,-31
5266,82,18,-19
5267,82,19,-10
5268,82,20,-70
5269,82,21,-24
5270,82,22,-95
5271,82,23,-17
5272,82,24,122
5273,82,25,89
5274,82,26,-88
5275,82,27,-54
5276,82,28,93
5277,82,29,-63
5278,82,30,-108
5279,82,31,108
5280,82,32,100
5281,82,33,104
5282,82,34,-125
5283,82,35,-51
5284,82,36,31
5285,82,37,72
5286,82,38,-15
5287,82,39,3
5288,82,40,82
5289,82,41,-47
5290,82,42,99
5291,82,43,106
5292,82,44,-71
5293,82,45,77
5294,82,46,78
5295,82,47,10
5296,82,48,-87
5297,82,49,38
5298,82,50,-39
5299,82,51,-60
5300,82,52,-21
5301,82,53,17
5302,82,54,-33
5303,82,55,-119
5304,82,56,8
5305,82,57,-109
5306,82,58,33
5307,82,59,-44
5308,82,60,-115
5309,82,61,-66
5310,82,62,61
5311,82,63,-67
5312,83,0,-113
5313,83,1,4
5314,83,2,-1
5315,83,3,-21
5316,83,4,14
5317,83,5,-70
5318,83,6,-119
5319,83,7,-48
5320,83,8,38
5321,83,9,-15
5322,83,10,-72
5323,83,11,-88
5324,83,12,-104
5325,83,13,-92
5326,83,14,-9
5327,83,15,-14
5328,83,16,61
5329,83,17,103
5330,83,18,122
5331,83,19,-30
5332,83,20,35
5333,83,21,67
5334,83,22,-40
5335,83,23,126
5336,83,24,3
5337,83,25,54
5338,83,26,-80
5339,83,27,-7
5340,83,28,122
5341,83,29,102
5342,83,30,18
5343,83,31,55
5344,83,32,-103
5345,83,33,94
5346,83,34,-2
5347,83,35,63
5348,83,36,-56
5349,83,37,60
5350,83,38,82
5351,83,39,-22
5352,83,40,113
5353,83,41,-99
5354,83,42,52
5355,83,43,-75
5356,83,44,-81
5357,83,45,121
5358,83,46,-18
5359,83,47,-99
5360,83,48,76
5361,83,49,-67
5362,83,50,27
5363,83,51,119
5364,83,52,122
5365,83,53,42
5366,83,54,31
5367,83,55,19
5368,83,56,126
5369,83,57,26
5370,83,58,32
5371,83,59,-65
5372,83,60,-124
5373,83,61,-89
5374,83,62,-30
5375,83,63,31
5376,84,0,-87
5377,84,1,-127
5378,84,2,-74
5379,84,3,-6
5380,84,4,86
5381,84,5,105
5382,84,6,-45
5383,84,7,-77
5384,84,8,47
5385,84,9,-91
5386,84,10,-40
5387,84,11,-45
5388,84,12,36
5389,84,13,31
5390,84,14,70
5391,84,15,-50
5392,84,16,-113
5393,84,17,57
5394,84,18,-107
5395,84,19,110
5396,84,20,61
5397,84,21,-99
5398,84,22,78
5399,84,23,22
5400,84,24,-6
5401,84,25,120
5402,84,26,65
5403,84,27,-84
5404,84,28,78
5405,84,29,94
5406,84,30,122
5407,84,31,-104
5408,84,32,51
5409,84,33,33
5410,84,34,54
5411,84,35,59
5412,84,36,-108
5413,84,37,105
5414,84,38,-76
5415,84,39,-70
5416,84,40,82
5417,84,41,-69
5418,84,42,-47
5419,84,43,102
5420,84,44,-92
5421,84,45,-3
5422,84,46,-69
5423,84,47,-91
5424,84,48,80
5425,84,49,3
5426,84,50,99
5427,84,51,1
5428,84,52,104
5429,84,53,11
5430,84,54,109
5431,84,55,-12
5432,84,56,-49
5433,84,57,-32
5434,84,58,-58
5435,84,59,-11
5436,84,60,56
5437,84,61,112
5438,84,62,-58
5439,84,63,29
5440,85,0,96
5441,85,1,-33
5442,85,2,-101
5443,85,3,-127
5444,85,4,13
5445,85,5,-43
5446,85,6,-87
5447,85,7,48
5448,85,8,-49
5449,85,9,-5
5450,85,10,105
5451,85,11,-60
5452,85,12,73
5453,85,13,-43
5454,85,14,-82
5455,85,15,-43
5456,85,16,52
5457,85,17,90
5458,85,18,-101
5459,85,19,-75
5460,85,20,-53
5461,85,21,-64
5462,85,22,92
5463,85,23,50
5464,85,24,-6
5465,85,25,-38
5466,85,26,57
5467,85,27,-83
5468,85,28,56
5469,85,29,-5
5470,85,30,-103
5471,85,31,-35
5472,85,32,-29
5473,85,33,-72
5474,85,34,-47
5475,85,35,76
5476,85,36,41
5477,85,37,113
5478,85,38,-91
5479,85,39,-51
5480,85,40,7
5481,85,41,-67
5482,85,42,-32
5483,85,43,25
5484,85,44,-78
5485,85,45,95
5486,85,46,-28
5487,85,47,9
5488,85,48,-63
5489,85,49,-79
5490,85,50,122
5491,85,51,-44
5492,85,52,81
5493,85,53,58
5494,85,54,9
5495,85,55,-87
5496,85,56,-84
5497,85,57,-9
5498,85,58,50
5499,85,59,7
5500,85,60,46
5501,85,61,-72
5502,85,62,-92
5503,85,63,0
5504,86,0,-50
5505,86,1,-4
5506,86,2,-24
5507,86,3,-70
5508,86,4,30
5509,86,5,33
5510,86,6,94
5511,86,7,-94
5512,86,8,-18
5513,86,9,-125
5514,86,10,-12
5515,86,11,-107
5516,86,12,-80
5517,86,13,-61
5518,86,14,-115
5519,86,15,-116
5520,86,16,75
5521,86,17,56
5522,86,18,37
5523,86,19,-18
5524,86,20,48
5525,86,21,-104
5526,86,22,-93
5527,86,23,70
5528,86,24,67
5529,86,25,-38
5530,86,26,-39
5531,86,27,-81
5532,86,28,-104
5533,86,29,23
5534,86,30,-127
5535,86,31,2
5536,86,32,-108
5537,86,33,93
5538,86,34,68
5539,86,35,-102
5540,86,36,-81
5541,86,37,7
5542,86,38,-60
5543,86,39,45
5544,86,40,-102
5545,86,41,-107
5546,86,42,47
5547,86,43,-82
5548,86,44,89
5549,86,45,-41
5550,86,46,-25
5551,86,47,63
5552,86,48,-96
5553,86,49,-96
5554,86,50,-2
5555,86,51,125
5556,86,52,60
5557,86,53,4
5558,86,54,-52
5559,86,55,-72
5560,86,56,-78
5561,86,57,-8
5562,86,58,46
5563,86,59,-76
5564,86,60,72
5565,86,61,-121
5566,86,62,-20
5567,86,63,-87
5568,87,0,17
5569,87,1,-92
5570,87,2,54
5571,87,3,-43
5572,87,4,-103
5573,87,5,22
5574,87,6,118
5575,87,7,-109
5576,87,8,-13
5577,87,9,53
5578,87,10,-13
5579,87,11,-122
5580,87,12,-56
5581,87,13,60
5582,87,14,-105
5583,87,15,-84
5584,87,16,-15
5585,87,17,-14
5586,87,18,59
5587,87,19,-47
5588,87,20,-62
5589,87,21,106
5590,87,22,-66
5591,87,23,104
5592,87,24,107
5593,87,25,46
5594,87,26,-88
5595,87,27,109
5596,87,28,-98
5597,87,29,24
5598,87,30,105
5599,87,31,-51
5600,87,32,-13
5601,87,33,15
5602,87,34,40
5603,87,35,63
5604,87,36,18
5605,87,37,34
5606,87,38,-29
5607,87,39,39
5608,87,40,86
5609,87,41,-23
5610,87,42,-101
5611,87,43,-12
5612,87,44,-97
5613,87,45,123
5614,87,46,18
5615,87,47,-32
5616,87,48,-30
5617,87,49,116
5618,87,50,52
5619,87,51,-108
5620,87,52,-87
5621,87,53,81
5622,87,54,-68
5623,87,55,120
5624,87,56,-114
5625,87,57,-37
5626,87,58,-122
5627,87,59,40
5628,87,60,-13
5629,87,61,35
5630,87,62,26
5631,87,63,-26
5632,88,0,-75
5633,88,1,-38
5634,88,2,-108
5635,88,3,-67
5636,88,4,101
5637,88,5,-51
5638,88,6,80
5639,88,7,61
5640,88,8,-105
5641,88,9,-12
5642,88,10,91
5643,88,11,-93
5644,88,12,30
5645,88,13,-20
5646,88,14,64
5647,88,15,-73
5648,88,16,13
5649,88,17,34
5650,88,18,90
5651,88,19,-74
5652,88,20,7
5653,88,21,60
5654,88,22,-55
5655,88,23,101
5656,88,24,-93
5657,88,25,16
5658,88,26,60
5659,88,27,-75
5660,88,28,-100
5661,88,29,96
5662,88,30,-127
5663,88,31,-11
5664,88,32,22
5665,88,33,75
5666,88,34,30
5667,88,35,-118
5668,88,36,40
5669,88,37,-61
5670,88,38,62
5671,88,39,-113
5672,88,40,37
5673,88,41,102
5674,88,42,94
5675,88,43,114
5676,88,44,-53
5677,88,45,68
5678,88,46,101
5679,88,47,-30
5680,88,48,87
5681,88,49,-69
5682,88,50,-6
5683,88,51,-99
5684,88,52,125
5685,88,53,35
5686,88,54,-49
5687,88,55,-75
5688,88,56,-62
5689,88,57,-27
5690,88,58,32
5691,88,59,95
5692,88,60,-79
5693,88,61,-30
5694,88,62,22
5695,88,63,124
5696,89,0,104
5697,89,1,-118
5698,89,2,-50
5699,89,3,50
5700,89,4,-25
5701,89,5,-72
5702,89,6,-103
5703,89,7,107
5704,89,8,-12
5705,89,9,25
5706,89,10,-15
5707,89,11,-99
5708,89,12,-49
5709,89,13,82
5710,89,14,51
5711,89,15,63
5712,89,16,-97
5713,89,17,-120
5714,89,18,-79
5715,89,19,52
5716,89,20,62
5717,89,21,101
5718,89,22,105
5719,89,23,33
5720,89,24,-98
5721,89,25,-12
5722,89,26,6
5723,89,27,26
5724,89,28,-80
5725,89,29,-2
5726,89,30,-40
5727,89,31,-116
5728,89,32,-51
5729,89,33,14
5730,89,34,13
5731,89,35,-31
5732,89,36,34
5733,89,37,-71
5734,89,38,-24
5735,89,39,-118
5736,89,40,87
5737,89,41,-9
5738,89,42,-97
5739,89,43,-93
5740,89,44,-85
5741,89,45,26
5742,89,46,13
5743,89,47,-51
5744,89,48,99
5745,89,49,-120
5746,89,50,77
5747,89,51,-44
5748,89,52,82
5749,89,53,-89
5750,89,54,85
5751,89,55,-87
5752,89,56,-119
5753,89,57,93
5754,89,58,-36
5755,89,59,-83
5756,89,60,8
5757,89,61,-30
5758,89,62,-35
5759,89,63,48
5760,90,0,9
5761,90,1,87
5762,90,2,-70
5763,90,3,47
5764,90,4,41
5765,90,5,-65
5766,90,6,-106
5767,90,7,-90
5768,90,8,-92
5769,90,9,-103
5770,90,10,65
5771,90,11,-123
5772,90,12,-22
5773,90,13,58
5774,90,14,89
5775,90,15,86
5776,90,16,93
5777,90,17,80
5778,90,18,16
5779,90,19,-23
5780,90,20,7
5781,90,21,-71
5782,90,22,-107
5783,90,23,-3
5784,90,24,-89
5785,90,25,110
5786,90,26,-44
5787,90,27,-2
5788,90,28,34
5789,90,29,65
5790,90,30,23
5791,90,31,-112
5792,90,32,37
5793,90,33,49
5794,90,34,-52
5795,90,35,70
5796,90,36,111
5797,90,37,-102
5798,90,38,-27
5799,90,39,99
5800,90,40,-33
5801,90,41,98
5802,90,42,-88
5803,90,43,97
5804,90,44,-123
5805,90,45,38
5806,90,46,-76
5807,90,47,31
5808,90,48,14
5809,90,49,-110
5810,90,50,12
5811,90,51,-55
5812,90,52,73
5813,90,53,-74
5814,90,54,40
5815,90,55,55
5816,90,56,-78
5817,90,57,19
5818,90,58,80
5819,90,59,6
5820,90,60,34
5821,90,61,80
5822,90,62,109
5823,90,63,75
5824,91,0,29
5825,91,1,-96
5826,91,2,-115
5827,91,3,86
5828,91,4,-127
5829,91,5,125
5830,91,6,19
5831,91,7,8
5832,91,8,-52
5833,91,9,84
5834,91,10,-105
5835,91,11,99
5836,91,12,58
5837,91,13,117
5838,91,14,-86
5839,91,15,-58
5840,91,16,-96
5841,91,17,102
5842,91,18,-102
5843,91,19,92
5844,91,20,110
5845,91,21,-81
5846,91,22,34
5847,91,23,-71
5848,91,24,-67
5849,91,25,49
5850,91,26,118
5851,91,27,117
5852,91,28,95
5853,91,29,-91
5854,91,30,-87
5855,91,31,49
5856,91,32,44
5857,91,33,-60
5858,91,34,64
5859,91,35,34
5860,91,36,30
5861,91,37,38
5862,91,38,35
5863,91,39,-69
5864,91,40,71
5865,91,41,-33
5866,91,42,95
5867,91,43,15
5868,91,44,63
5869,91,45,-96
5870,91,46,78
5871,91,47,-99
5872,91,48,-1
5873,91,49,84
5874,91,50,-32
5875,91,51,112
5876,91,52,-57
5877,91,53,58
5878,91,54,81
5879,91,55,-113
5880,91,56,-16
5881,91,57,-23
5882,91,58,1
5883,91,59,115
5884,91,60,49
5885,91,61,-17
5886,91,62,8
5887,91,63,-44
5888,92,0,48
5889,92,1,-86
5890,92,2,3
5891,92,3,-96
5892,92,4,49
5893,92,5,-54
5894,92,6,102
5895,92,7,112
5896,92,8,-14
5897,92,9,3
5898,92,10,67
5899,92,11,-42
5900,92,12,-62
5901,92,13,93
5902,92,14,68
5903,92,15,-34
5904,92,16,71
5905,92,17,-44
5906,92,18,-76
5907,92,19,7
5908,92,20,-82
5909,92,21,113
5910,92,22,41
5911,92,23,98
5912,92,24,-23
5913,92,25,-22
5914,92,26,115
5915,92,27,120
5916,92,28,94
5917,92,29,86
5918,92,30,54
5919,92,31,9
5920,92,32,-100
5921,92,33,-111
5922,92,34,102
5923,92,35,58
5924,92,36,98
5925,92,37,92
5926,92,38,109
5927,92,39,-9
5928,92,40,28
5929,92,41,-54
5930,92,42,-6
5931,92,43,-92
5932,92,44,90
5933,92,45,78
5934,92,46,8
5935,92,47,14
5936,92,48,74
5937,92,49,31
5938,92,50,-16
5939,92,51,1
5940,92,52,-51
5941,92,53,92
5942,92,54,-9
5943,92,55,-58
5944,92,56,-18
5945,92,57,-33
5946,92,58,-84
5947,92,59,106
5948,92,60,-81
5949,92,61,70
5950,92,62,-127
5951,92,63,24
5952,93,0,-113
5953,93,1,111
5954,93,2,-27
5955,93,3,72
5956,93,4,-56
5957,93,5,-9
5958,93,6,-75
5959,93,7,-100
5960,93,8,-26
5961,93,9,-55
5962,93,10,77
5963,93,11,47
5964,93,12,-119
5965,93,13,68
5966,93,14,35
5967,93,15,14
5968,93,16,107
5969,93,17,-72
5970,93,18,-114
5971,93,19,63
5972,93,20,32
5973,93,21,32
5974,93,22,125
5975,93,23,31
5976,93,24,-32
5977,93,25,-121
5978,93,26,88
5979,93,27,75
5980,93,28,109
5981,93,29,110
5982,93,30,105
5983,93,31,-4
5984,93,32,-1
5985,93,33,81
5986,93,34,113
5987,93,35,-89
5988,93,36,-76
5989,93,37,79
5990,93,38,-35
5991,93,39,-115
5992,93,40,-44
5993,93,41,-5
5994,93,42,49
5995,93,43,-16
5996,93,44,-95
5997,93,45,6
5998,93,46,-58
5999,93,47,37
6000,93,48,-58
6001,93,49,-48
6002,93,50,122
6003,93,51,-45
6004,93,52,84
6005,93,53,-116
6006,93,54,-39
6007,93,55,-46
6008,93,56,-6
6009,93,57,6
6010,93,58,-115
6011,93,59,-44
6012,93,60,79
6013,93,61,127
6014,93,62,112
6015,93,63,-51
6016,94,0,-110
6017,94,1,-63
6018,94,2,-40
6019,94,3,40
6020,94,4,70
6021,94,5,100
6022,94,6,-61
6023,94,7,-123
6024,94,8,2
6025,94,9,86
6026,94,10,71
6027,94,11,124
6028,94,12,-93
6029,94,13,126
6030,94,14,52
6031,94,15,81
6032,94,16,112
6033,94,17,79
6034,94,18,-74
6035,94,19,89
6036,94,20,-44
6037,94,21,-23
6038,94,22,55
6039,94,23,6
6040,94,24,19
6041,94,25,95
6042,94,26,-67
6043,94,27,9
6044,94,28,-11
6045,94,29,62
6046,94,30,39
6047,94,31,-54
6048,94,32,123
6049,94,33,-124
6050,94,34,34
6051,94,35,-107
6052,94,36,122
6053,94,37,-17
6054,94,38,45
6055,94,39,-90
6056,94,40,124
6057,94,41,-52
6058,94,42,-109
6059,94,43,94
6060,94,44,-15
6061,94,45,-8
6062,94,46,54
6063,94,47,18
6064,94,48,15
6065,94,49,-17
6066,94,50,42
6067,94,51,125
6068,94,52,39
6069,94,53,73
6070,94,54,-39
6071,94,55,89
6072,94,56,-42
6073,94,57,-118
6074,94,58,95
6075,94,59,-85
6076,94,60,24
6077,94,61,-77
6078,94,62,48
6079,94,63,96
6080,95,0,91
6081,95,1,28
6082,95,2,-72
6083,95,3,0
6084,95,4,-10
6085,95,5,-17
6086,95,6,13
6087,95,7,-80
6088,95,8,106
6089,95,9,-112
6090,95,10,58
6091,95,11,-116
6092,95,12,-124
6093,95,13,64
6094,95,14,115
6095,95,15,105
6096,95,16,120
6097,95,17,-63
6098,95,18,-103
6099,95,19,124
6100,95,20,38
6101,95,21,26
6102,95,22,-68
6103,95,23,9
6104,95,24,-83
6105,95,25,-52
6106,95,26,-84
6107,95,27,-1
6108,95,28,-81
6109,95,29,58
6110,95,30,-53
6111,95,31,-84
6112,95,32,101
6113,95,33,-1
6114,95,34,-116
6115,95,35,-56
6116,95,36,67
6117,95,37,-48
6118,95,38,-63
6119,95,39,-72
6120,95,40,-112
6121,95,41,-46
6122,95,42,-99
6123,95,43,-89
6124,95,44,86
6125,95,45,-34
6126,95,46,22
6127,95,47,-43
6128,95,48,-51
6129,95,49,-43
6130,95,50,-107
6131,95,51,122
6132,95,52,54
6133,95,53,51
6134,95,54,83
6135,95,55,107
6136,95,56,38
6137,95,57,103
6138,95,58,95
6139,95,59,-56
6140,95,60,-95
6141,95,61,0
6142,95,62,80
6143,95,63,-35
6144,96,0,30
6145,96,1,-115
6146,96,2,-79
6147,96,3,-113
6148,96,4,6
6149,96,5,-102
6150,96,6,-43
6151,96,7,57
6152,96,8,-14
6153,96,9,25
6154,96,10,53
6155,96,11,-15
6156,96,12,59
6157,96,13,-102
6158,96,14,-1
6159,96,15,-16
6160,96,16,-72
6161,96,17,-4
6162,96,18,-124
6163,96,19,75
6164,96,20,-51
6165,96,21,47
6166,96,22,91
6167,96,23,109
6168,96,24,87
6169,96,25,122
6170,96,26,-63
6171,96,27,61
6172,96,28,9
6173,96,29,-10
6174,96,30,-19
6175,96,31,102
6176,96,32,-103
6177,96,33,7
6178,96,34,-65
6179,96,35,-115
6180,96,36,-43
6181,96,37,112
6182,96,38,-118
6183,96,39,-95
6184,96,40,-62
6185,96,41,-55
6186,96,42,103
6187,96,43,-8
6188,96,44,-38
6189,96,45,56
6190,96,46,12
6191,96,47,52
6192,96,48,61
6193,96,49,79
6194,96,50,102
6195,96,51,-86
6196,96,52,-49
6197,96,53,100
6198,96,54,10
6199,96,55,15
6200,96,56,-74
6201,96,57,59
6202,96,58,-114
6203,96,59,28
6204,96,60,58
6205,96,61,53
6206,96,62,112
6207,96,63,-114
6208,97,0,59
6209,97,1,-65
6210,97,2,-115
6211,97,3,-75
6212,97,4,-81
6213,97,5,-7
6214,97,6,90
6215,97,7,-32
6216,97,8,95
6217,97,9,113
6218,97,10,42
6219,97,11,-122
6220,97,12,61
6221,97,13,55
6222,97,14,80
6223,97,15,-21
6224,97,16,74
6225,97,17,-118
6226,97,18,-28
6227,97,19,43
6228,97,20,60
6229,97,21,-51
6230,97,22,-40
6231,97,23,-56
6232,97,24,-94
6233,97,25,28
6234,97,26,-82
6235,97,27,-41
6236,97,28,26
6237,97,29,-45
6238,97,30,56
6239,97,31,-78
6240,97,32,-50
6241,97,33,-105
6242,97,34,88
6243,97,35,-48
6244,97,36,31
6245,97,37,3
6246,97,38,-88
6247,97,39,0
6248,97,40,48
6249,97,41,-85
6250,97,42,-112
6251,97,43,-79
6252,97,44,-80
6253,97,45,98
6254,97,46,114
6255,97,47,101
6256,97,48,17
6257,97,49,30
6258,97,50,56
6259,97,51,-22
6260,97,52,119
6261,97,53,33
6262,97,54,-76
6263,97,55,-82
6264,97,56,-30
6265,97,57,90
6266,97,58,26
6267,97,59,-85
6268,97,60,124
6269,97,61,-107
6270,97,62,-38
6271,97,63,17
6272,98,0,-79
6273,98,1,41
6274,98,2,53
6275,98,3,-26
6276,98,4,-56
6277,98,5,-8
6278,98,6,41
6279,98,7,-75
6280,98,8,84
6281,98,9,-35
6282,98,10,76
6283,98,11,119
6284,98,12,52
6285,98,13,-121
6286,98,14,125
6287,98,15,113
6288,98,16,-70
6289,98,17,-88
6290,98,18,114
6291,98,19,11
6292,98,20,6
6293,98,21,-90
6294,98,22,-48
6295,98,23,25
6296,98,24,-70
6297,98,25,13
6298,98,26,-23
6299,98,27,84
6300,98,28,70
6301,98,29,-107
6302,98,30,-42
6303,98,31,-25
6304,98,32,-26
6305,98,33,61
6306,98,34,-94
6307,98,35,-119
6308,98,36,76
6309,98,37,-57
6310,98,38,88
6311,98,39,1
6312,98,40,-108
6313,98,41,91
6314,98,42,71
6315,98,43,90
6316,98,44,-27
6317,98,45,-108
6318,98,46,-103
6319,98,47,124
6320,98,48,-116
6321,98,49,-18
6322,98,50,34
6323,98,51,37
6324,98,52,-18
6325,98,53,-7
6326,98,54,62
6327,98,55,126
6328,98,56,-73
6329,98,57,44
6330,98,58,61
6331,98,59,-120
6332,98,60,-2
6333,98,61,35
6334,98,62,80
6335,98,63,-17
6336,99,0,-46
6337,99,1,116
6338,99,2,-71
6339,99,3,-113
6340,99,4,-61
6341,99,5,57
6342,99,6,56
6343,99,7,-74
6344,99,8,60
6345,99,9,106
6346,99,10,-84
6347,99,11,14
6348,99,12,-32
6349,99,13,-95
6350,99,14,78
6351,99,15,-118
6352,99,16,26
6353,99,17,80
6354,99,18,117
6355,99,19,-86
6356,99,20,53
6357,99,21,-113
6358,99,22,-29
6359,99,23,-77
6360,99,24,0
6361,99,25,-37
6362,99,26,112
6363,99,27,114
6364,99,28,-60
6365,99,29,77
6366,99,30,21
6367,99,31,-91
6368,99,32,-69
6369,99,33,1
6370,99,34,-104
6371,99,35,84
6372,99,36,-112
6373,99,37,40
6374,99,38,97
6375,99,39,-8
6376,99,40,62
6377,99,41,-57
6378,99,42,-119
6379,99,43,-83
6380,99,44,-10
6381,99,45,13
6382,99,46,25
6383,99,47,-6
6384,99,48,-9
6385,99,49,62
6386,99,50,-98
6387,99,51,-75
6388,99,52,-67
6389,99,53,-46
6390,99,54,-117
6391,99,55,107
6392,99,56,31
6393,99,57,-49
6394,99,58,72
6395,99,59,-78
6396,99,60,-62
6397,99,61,0
6398,99,62,45
6399,99,63,-62
6400,100,0,-61
6401,100,1,41
6402,100,2,60
6403,100,3,40
6404,100,4,-85
6405,100,5,23
6406,100,6,-106
6407,100,7,-85
6408,100,8,1
6409,100,9,20
6410,100,10,-125
6411,100,11,-74
6412,100,12,12
6413,100,13,-35
6414,100,14,-19
6415,100,15,99
6416,100,16,-25
6417,100,17,6
6418,100,18,66
6419,100,19,-55
6420,100,20,-56
6421,100,21,47
6422,100,22,-120
6423,100,23,60
6424,100,24,73
6425,100,25,109
6426,100,26,12
6427,100,27,-23
6428,100,28,-79
6429,100,29,55
6430,100,30,22
6431,100,31,47
6432,100,32,82
6433,100,33,-31
6434,100,34,60
6435,100,35,3
6436,100,36,67
6437,100,37,-8
6438,100,38,-27
6439,100,39,-75
6440,100,40,78
6441,100,41,-74
6442,100,42,48
6443,100,43,96
6444,100,44,-6
6445,100,45,-83
6446,100,46,-127
6447,100,47,5
6448,100,48,34
6449,100,49,-91
6450,100,50,120
6451,100,51,-101
6452,100,52,-63
6453,100,53,-50
6454,100,54,45
6455,100,55,-111
6456,100,56,-53
6457,100,57,102
6458,100,58,44
6459,100,59,-88
6460,100,60,-52
6461,100,61,48
6462,100,62,106
6463,100,63,-93
6464,101,0,-126
6465,101,1,17
6466,101,2,42
6467,101,3,-6
6468,101,4,126
6469,101,5,15
6470,101,6,-119
6471,101,7,-100
6472,101,8,-72
6473,101,9,121
6474,101,10,60
6475,101,11,-125
6476,101,12,122
6477,101,13,-105
6478,101,14,73
6479,101,15,-110
6480,101,16,74
6481,101,17,-3
6482,101,18,88
6483,101,19,40
6484,101,20,5
6485,101,21,21
6486,101,22,43
6487,101,23,-11
6488,101,24,-94
6489,101,25,-71
6490,101,26,-23
6491,101,27,34
6492,101,28,-9
6493,101,29,-107
6494,101,30,-64
6495,101,31,-103
6496,101,32,10
6497,101,33,99
6498,101,34,-127
6499,101,35,30
6500,101,36,52
6501,101,37,-127
6502,101,38,114
6503,101,39,-41
6504,101,40,-79
6505,101,41,13
6506,101,42,31
6507,101,43,88
6508,101,44,-58
6509,101,45,57
6510,101,46,-56
6511,101,47,-2
6512,101,48,-34
6513,101,49,85
6514,101,50,35
6515,101,51,-30
6516,101,52,12
6517,101,53,-68
6518,101,54,-100
6519,101,55,-104
6520,101,56,7
6521,101,57,30
6522,101,58,71
6523,101,59,7
6524,101,60,-113
6525,101,61,43
6526,101,62,76
6527,101,63,-89
6528,102,0,-40
6529,102,1,-88
6530,102,2,-90
6531,102,3,-104
6532,102,4,108
6533,102,5,-105
6534,102,6,67
6535,102,7,103
6536,102,8,-20
6537,102,9,54
6538,102,10,-39
6539,102,11,77
6540,102,12,108
6541,102,13,-7
6542,102,14,-90
6543,102,15,115
6544,102,16,83
6545,102,17,103
6546,102,18,120
6547,102,19,79
6548,102,20,-97
6549,102,21,-119
6550,102,22,-61
6551,102,23,-121
6552,102,24,9
6553,102,25,-11
6554,102,26,112
6555,102,27,94
6556,102,28,30
6557,102,29,70
6558,102,30,72
6559,102,31,-124
6560,102,32,-53
6561,102,33,-68
6562,102,34,-27
6563,102,35,78
6564,102,36,91
6565,102,37,-106
6566,102,38,-65
6567,102,39,89
6568,102,40,104
6569,102,41,122
6570,102,42,2
6571,102,43,-64
6572,102,44,80
6573,102,45,-11
6574,102,46,-101
6575,102,47,78
6576,102,48,89
6577,102,49,118
6578,102,50,123
6579,102,51,-85
6580,102,52,119
6581,102,53,-107
6582,102,54,-118
6583,102,55,-102
6584,102,56,102
6585,102,57,110
6586,102,58,-94
6587,102,59,91
6588,102,60,49
6589,102,61,48
6590,102,62,83
6591,102,63,-72
6592,103,0,-83
6593,103,1,90
6594,103,2,63
6595,103,3,57
6596,103,4,-1
6597,103,5,27
6598,103,6,119
6599,103,7,97
6600,103,8,-28
6601,103,9,-109
6602,103,10,-70
6603,103,11,-82
6604,103,12,105
6605,103,13,-53
6606,103,14,70
6607,103,15,-49
6608,103,16,58
6609,103,17,-76
6610,103,18,-36
6611,103,19,-118
6612,103,20,86
6613,103,21,-126
6614,103,22,-96
6615,103,23,-95
6616,103,24,-67
6617,103,25,23
6618,103,26,-82
6619,103,27,93
6620,103,28,94
6621,103,29,-72
6622,103,30,-10
6623,103,31,-65
6624,103,32,-103
6625,103,33,82
6626,103,34,-86
6627,103,35,-43
6628,103,36,-54
6629,103,37,99
6630,103,38,82
6631,103,39,123
6632,103,40,-57
6633,103,41,-101
6634,103,42,-64
6635,103,43,40
6636,103,44,-96
6637,103,45,104
6638,103,46,10
6639,103,47,15
6640,103,48,80
6641,103,49,-18
6642,103,50,-42
6643,103,51,45
6644,103,52,-57
6645,103,53,-114
6646,103,54,81
6647,103,55,66
6648,103,56,119
6649,103,57,-85
6650,103,58,34
6651,103,59,-7
6652,103,60,-18
6653,103,61,67
6654,103,62,43
6655,103,63,49
6656,104,0,43
6657,104,1,-74
6658,104,2,53
6659,104,3,10
6660,104,4,5
6661,104,5,-102
6662,104,6,-85
6663,104,7,127
6664,104,8,42
6665,104,9,62
6666,104,10,4
6667,104,11,38
6668,104,12,-75
6669,104,13,-39
6670,104,14,-98
6671,104,15,86
6672,104,16,-28
6673,104,17,-55
6674,104,18,-61
6675,104,19,-75
6676,104,20,109
6677,104,21,-64
6678,104,22,71
6679,104,23,-24
6680,104,24,47
6681,104,25,120
6682,104,26,-110
6683,104,27,-85
6684,104,28,58
6685,104,29,116
6686,104,30,-25
6687,104,31,-77
6688,104,32,-72
6689,104,33,100
6690,104,34,-121
6691,104,35,-74
6692,104,36,63
6693,104,37,-10
6694,104,38,98
6695,104,39,-111
6696,104,40,9
6697,104,41,-85
6698,104,42,49
6699,104,43,-7
6700,104,44,30
6701,104,45,68
6702,104,46,125
6703,104,47,37
6704,104,48,-65
6705,104,49,18
6706,104,50,43
6707,104,51,-13
6708,104,52,-86
6709,104,53,-103
6710,104,54,-58
6711,104,55,-83
6712,104,56,-70
6713,104,57,-123
6714,104,58,-60
6715,104,59,99
6716,104,60,-75
6717,104,61,-109
6718,104,62,27
6719,104,63,116
6720,105,0,38
6721,105,1,110
6722,105,2,123
6723,105,3,49
6724,105,4,-77
6725,105,5,118
6726,105,6,119
6727,105,7,64
6728,105,8,-46
6729,105,9,-124
6730,105,10,24
6731,105,11,117
6732,105,12,-126
6733,105,13,33
6734,105,14,84
6735,105,15,20
6736,105,16,-103
6737,105,17,5
6738,105,18,62
6739,105,19,-127
6740,105,20,116
6741,105,21,-3
6742,105,22,55
6743,105,23,-26
6744,105,24,86
6745,105,25,-12
6746,105,26,85
6747,105,27,-49
6748,105,28,-25
6749,105,29,-103
6750,105,30,110
6751,105,31,-37
6752,105,32,-97
6753,105,33,-11
6754,105,34,-80
6755,105,35,-20
6756,105,36,37
6757,105,37,-5
6758,105,38,-20
6759,105,39,126
6760,105,40,-58
6761,105,41,83
6762,105,42,8
6763,105,43,6
6764,105,44,-5
6765,105,45,43
6766,105,46,-62
6767,105,47,-92
6768,105,48,-42
6769,105,49,-59
6770,105,50,44
6771,105,51,-43
6772,105,52,101
6773,105,53,-79
6774,105,54,-111
6775,105,55,110
6776,105,56,42
6777,105,57,4
6778,105,58,-62
6779,105,59,87
6780,105,60,-2
6781,105,61,-6
6782,105,62,22
6783,105,63,44
6784,106,0,36
6785,106,1,89
6786,106,2,-35
6787,106,3,120
6788,106,4,90
6789,106,5,-93
6790,106,6,-113
6791,106,7,86
6792,106,8,72
6793,106,9,56
6794,106,10,-25
6795,106,11,-30
6796,106,12,-90
6797,106,13,89
6798,106,14,30
6799,106,15,-14
6800,106,16,73
6801,106,17,99
6802,106,18,127
6803,106,19,87
6804,106,20,-41
6805,106,21,-61
6806,106,22,-124
6807,106,23,-19
6808,106,24,-17
6809,106,25,66
6810,106,26,122
6811,106,27,-23
6812,106,28,44
6813,106,29,-74
6814,106,30,-12
6815,106,31,-25
6816,106,32,-109
6817,106,33,84
6818,106,34,-90
6819,106,35,-59
6820,106,36,-76
6821,106,37,-119
6822,106,38,-35
6823,106,39,31
6824,106,40,31
6825,106,41,-18
6826,106,42,36
6827,106,43,33
6828,106,44,-83
6829,106,45,-21
6830,106,46,-27
6831,106,47,-26
6832,106,48,2
6833,106,49,-57
6834,106,50,-112
6835,106,51,78
6836,106,52,-71
6837,106,53,7
6838,106,54,-109
6839,106,55,71
6840,106,56,73
6841,106,57,-10
6842,106,58,-122
6843,106,59,41
6844,106,60,-104
6845,106,61,6
6846,106,62,-74
6847,106,63,104
6848,107,0,-110
6849,107,1,-73
6850,107,2,-33
6851,107,3,-102
6852,107,4,-47
6853,107,5,-61
6854,107,6,-68
6855,107,7,116
6856,107,8,13
6857,107,9,29
6858,107,10,33
6859,107,11,-47
6860,107,12,-47
6861,107,13,-27
6862,107,14,-6
6863,107,15,-6
6864,107,16,-78
6865,107,17,-124
6866,107,18,-52
6867,107,19,118
6868,107,20,113
6869,107,21,7
6870,107,22,-12
6871,107,23,113
6872,107,24,-105
6873,107,25,-25
6874,107,26,-125
6875,107,27,-54
6876,107,28,110
6877,107,29,-116
6878,107,30,72
6879,107,31,19
6880,107,32,-103
6881,107,33,91
6882,107,34,-28
6883,107,35,-61
6884,107,36,76
6885,107,37,-96
6886,107,38,102
6887,107,39,-18
6888,107,40,31
6889,107,41,-31
6890,107,42,-84
6891,107,43,104
6892,107,44,114
6893,107,45,-107
6894,107,46,14
6895,107,47,116
6896,107,48,36
6897,107,49,72
6898,107,50,-122
6899,107,51,-115
6900,107,52,73
6901,107,53,96
6902,107,54,89
6903,107,55,-50
6904,107,56,-34
6905,107,57,116
6906,107,58,-102
6907,107,59,-16
6908,107,60,-19
6909,107,61,3
6910,107,62,-93
6911,107,63,-84
6912,108,0,-66
6913,108,1,-50
6914,108,2,-124
6915,108,3,53
6916,108,4,-20
6917,108,5,-25
6918,108,6,-19
6919,108,7,62
6920,108,8,118
6921,108,9,3
6922,108,10,105
6923,108,11,66
6924,108,12,21
6925,108,13,120
6926,108,14,-49
6927,108,15,19
6928,108,16,28
6929,108,17,-44
6930,108,18,71
6931,108,19,54
6932,108,20,-46
6933,108,21,-82
6934,108,22,120
6935,108,23,54
6936,108,24,83
6937,108,25,12
6938,108,26,124
6939,108,27,-108
6940,108,28,-40
6941,108,29,65
6942,108,30,-67
6943,108,31,-92
6944,108,32,-44
6945,108,33,110
6946,108,34,42
6947,108,35,91
6948,108,36,83
6949,108,37,-104
6950,108,38,29
6951,108,39,-50
6952,108,40,100
6953,108,41,-83
6954,108,42,-35
6955,108,43,-8
6956,108,44,9
6957,108,45,82
6958,108,46,38
6959,108,47,11
6960,108,48,-20
6961,108,49,77
6962,108,50,126
6963,108,51,95
6964,108,52,17
6965,108,53,-56
6966,108,54,-26
6967,108,55,-51
6968,108,56,116
6969,108,57,123
6970,108,58,1
6971,108,59,-78
6972,108,60,28
6973,108,61,58
6974,108,62,59
6975,108,63,27
6976,109,0,26
6977,109,1,-98
6978,109,2,-89
6979,109,3,85
6980,109,4,-2
6981,109,5,105
6982,109,6,111
6983,109,7,120
6984,109,8,-91
6985,109,9,-88
6986,109,10,23
6987,109,11,10
6988,109,12,22
6989,109,13,35
6990,109,14,43
6991,109,15,-8
6992,109,16,82
6993,109,17,-98
6994,109,18,-99
6995,109,19,-102
6996,109,20,22
6997,109,21,-22
6998,109,22,-73
6999,109,23,12
7000,109,24,-24
7001,109,25,88
7002,109,26,-76
7003,109,27,50
7004,109,28,-2
7005,109,29,91
7006,109,30,-98
7007,109,31,72
7008,109,32,126
7009,109,33,-71
7010,109,34,-99
7011,109,35,45
7012,109,36,47
7013,109,37,-39
7014,109,38,-126
7015,109,39,-12
7016,109,40,-34
7017,109,41,46
7018,109,42,-111
7019,109,43,3
7020,109,44,53
7021,109,45,-37
7022,109,46,-44
7023,109,47,-4
7024,109,48,102
7025,109,49,-92
7026,109,50,125
7027,109,51,-68
7028,109,52,11
7029,109,53,109
7030,109,54,39
7031,109,55,-25
7032,109,56,-116
7033,109,57,114
7034,109,58,-64
7035,109,59,-54
7036,109,60,62
7037,109,61,-45
7038,109,62,-16
7039,109,63,45
7040,110,0,10
7041,110,1,-73
7042,110,2,-78
7043,110,3,-19
7044,110,4,-92
7045,110,5,-116
7046,110,6,-79
7047,110,7,36
7048,110,8,93
7049,110,9,-83
7050,110,10,8
7051,110,11,25
7052,110,12,-91
7053,110,13,50
7054,110,14,-40
7055,110,15,-111
7056,110,16,28
7057,110,17,-65
7058,110,18,115
7059,110,19,47
7060,110,20,34
7061,110,21,-45
7062,110,22,-79
7063,110,23,52
7064,110,24,-59
7065,110,25,73
7066,110,26,65
7067,110,27,64
7068,110,28,66
7069,110,29,-29
7070,110,30,-48
7071,110,31,39
7072,110,32,-100
7073,110,33,-45
7074,110,34,16
7075,110,35,-59
7076,110,36,84
7077,110,37,-35
7078,110,38,-76
7079,110,39,-123
7080,110,40,-27
7081,110,41,118
7082,110,42,-18
7083,110,43,17
7084,110,44,-52
7085,110,45,-34
7086,110,46,-65
7087,110,47,56
7088,110,48,81
7089,110,49,-36
7090,110,50,-36
7091,110,51,62
7092,110,52,49
7093,110,53,55
7094,110,54,-63
7095,110,55,-19
7096,110,56,85
7097,110,57,-16
7098,110,58,95
7099,110,59,65
7100,110,60,95
7101,110,61,-17
7102,110,62,76
7103,110,63,-53
7104,111,0,-81
7105,111,1,-92
7106,111,2,-22
7107,111,3,-39
7108,111,4,-118
7109,111,5,-53
7110,111,6,-12
7111,111,7,-21
7112,111,8,-103
7113,111,9,-126
7114,111,10,81
7115,111,11,41
7116,111,12,-12
7117,111,13,86
7118,111,14,7
7119,111,15,-2
7120,111,16,89
7121,111,17,27
7122,111,18,3
7123,111,19,62
7124,111,20,111
7125,111,21,18
7126,111,22,27
7127,111,23,5
7128,111,24,45
7129,111,25,110
7130,111,26,106
7131,111,27,65
7132,111,28,6
7133,111,29,-45
7134,111,30,125
7135,111,31,106
7136,111,32,-33
7137,111,33,46
7138,111,34,104
7139,111,35,61
7140,111,36,23
7141,111,37,-72
7142,111,38,11
7143,111,39,-72
7144,111,40,82
7145,111,41,0
7146,111,42,84
7147,111,43,109
7148,111,44,-125
7149,111,45,96
7150,111,46,-23
7151,111,47,-61
7152,111,48,-62
7153,111,49,10
7154,111,50,-50
7155,111,51,-78
7156,111,52,62
7157,111,53,114
7158,111,54,57
7159,111,55,-52
7160,111,56,-110
7161,111,57,-91
7162,111,58,-14
7163,111,59,74
7164,111,60,-127
7165,111,61,-114
7166,111,62,87
7167,111,63,15
7168,112,0,52
7169,112,1,-116
7170,112,2,29
7171,112,3,-93
7172,112,4,74
7173,112,5,80
7174,112,6,121
7175,112,7,35
7176,112,8,62
7177,112,9,61
7178,112,10,-63
7179,112,11,-115
7180,112,12,6
7181,112,13,107
7182,112,14,49
7183,112,15,72
7184,112,16,-73
7185,112,17,30
7186,112,18,-110
7187,112,19,-30
7188,112,20,-17
7189,112,21,86
7190,112,22,67
7191,112,23,55
7192,112,24,111
7193,112,25,106
7194,112,26,67
7195,112,27,91
7196,112,28,-19
7197,112,29,69
7198,112,30,80
7199,112,31,-51
7200,112,32,-52
7201,112,33,2
7202,112,34,45
7203,112,35,118
7204,112,36,-99
7205,112,37,-9
7206,112,38,-6
7207,112,39,91
7208,112,40,-80
7209,112,41,-44
7210,112,42,63
7211,112,43,125
7212,112,44,-109
7213,112,45,-5
7214,112,46,21
7215,112,47,-18
7216,112,48,-31
7217,112,49,2
7218,112,50,-61
7219,112,51,-4
7220,112,52,-88
7221,112,53,119
7222,112,54,-14
7223,112,55,-15
7224,112,56,-84
7225,112,57,-7
7226,112,58,50
7227,112,59,89
7228,112,60,86
7229,112,61,7
7230,112,62,-4
7231,112,63,-35
7232,113,0,-68
7233,113,1,-59
7234,113,2,-61
7235,113,3,-89
7236,113,4,36
7237,113,5,-84
7238,113,6,5
7239,113,7,52
7240,113,8,-71
7241,113,9,-95
7242,113,10,78
7243,113,11,85
7244,113,12,-117
7245,113,13,31
7246,113,14,73
7247,113,15,-40
7248,113,16,-16
7249,113,17,-109
7250,113,18,87
7251,113,19,-7
7252,113,20,-82
7253,113,21,-25
7254,113,22,45
7255,113,23,-126
7256,113,24,109
7257,113,25,-112
7258,113,26,12
7259,113,27,9
7260,113,28,-49
7261,113,29,115
7262,113,30,99
7263,113,31,-70
7264,113,32,49
7265,113,33,-56
7266,113,34,-57
7267,113,35,89
7268,113,36,103
7269,113,37,105
7270,113,38,-81
7271,113,39,-44
7272,113,40,74
7273,113,41,-99
7274,113,42,-114
7275,113,43,-52
7276,113,44,118
7277,113,45,112
7278,113,46,-127
7279,113,47,0
7280,113,48,86
7281,113,49,85
7282,113,50,37
7283,113,51,102
7284,113,52,58
7285,113,53,65
7286,113,54,-72
7287,113,55,100
7288,113,56,-44
7289,113,57,-24
7290,113,58,-82
7291,113,59,-126
7292,113,60,-6
7293,113,61,-60
7294,113,62,-63
7295,113,63,91
7296,114,0,127
7297,114,1,-78
7298,114,2,65
7299,114,3,73
7300,114,4,-21
7301,114,5,82
7302,114,6,-11
7303,114,7,-50
7304,114,8,-103
7305,114,9,-60
7306,114,10,110
7307,114,11,84
7308,114,12,5
7309,114,13,22
7310,114,14,-5
7311,114,15,-94
7312,114,16,80
7313,114,17,87
7314,114,18,54
7315,114,19,27
7316,114,20,-38
7317,114,21,5
7318,114,22,119
7319,114,23,-113
7320,114,24,100
7321,114,25,9
7322,114,26,-122
7323,114,27,-25
7324,114,28,39
7325,114,29,-46
7326,114,30,-58
7327,114,31,49
7328,114,32,-31
7329,114,33,-65
7330,114,34,79
7331,114,35,121
7332,114,36,-17
7333,114,37,126
7334,114,38,-115
7335,114,39,117
7336,114,40,-32
7337,114,41,-103
7338,114,42,-17
7339,114,43,19
7340,114,44,74
7341,114,45,-28
7342,114,46,81
7343,114,47,113
7344,114,48,38
7345,114,49,-6
7346,114,50,91
7347,114,51,-6
7348,114,52,-124
7349,114,53,-96
7350,114,54,-47
7351,114,55,-2
7352,114,56,-71
7353,114,57,-90
7354,114,58,60
7355,114,59,48
7356,114,60,56
7357,114,61,-101
7358,114,62,-97
7359,114,63,-2
7360,115,0,35
7361,115,1,115
7362,115,2,-42
7363,115,3,56
7364,115,4,-90
7365,115,5,-125
7366,115,6,92
7367,115,7,-25
7368,115,8,-49
7369,115,9,-34
7370,115,10,33
7371,115,11,117
7372,115,12,-52
7373,115,13,115
7374,115,14,-113
7375,115,15,-57
7376,115,16,32
7377,115,17,102
7378,115,18,-6
7379,115,19,-104
7380,115,20,69
7381,115,21,-70
7382,115,22,111
7383,115,23,-101
7384,115,24,111
7385,115,25,-31
7386,115,26,34
7387,115,27,-110
7388,115,28,23
7389,115,29,-80
7390,115,30,56
7391,115,31,-126
7392,115,32,-99
7393,115,33,-112
7394,115,34,-57
7395,115,35,-86
7396,115,36,118
7397,115,37,-66
7398,115,38,-25
7399,115,39,-121
7400,115,40,20
7401,115,41,88
7402,115,42,-46
7403,115,43,-106
7404,115,44,21
7405,115,45,-43
7406,115,46,25
7407,115,47,105
7408,115,48,-108
7409,115,49,-80
7410,115,50,-84
7411,115,51,56
7412,115,52,-34
7413,115,53,4
7414,115,54,47
7415,115,55,-56
7416,115,56,55
7417,115,57,-9
7418,115,58,113
7419,115,59,0
7420,115,60,3
7421,115,61,112
7422,115,62,54
7423,115,63,-72
7424,116,0,56
7425,116,1,-21
7426,116,2,74
7427,116,3,-95
7428,116,4,-17
7429,116,5,71
7430,116,6,-43
7431,116,7,-5
7432,116,8,49
7433,116,9,107
7434,116,10,55
7435,116,11,-108
7436,116,12,74
7437,116,13,-109
7438,116,14,-43
7439,116,15,82
7440,116,16,-16
7441,116,17,18
7442,116,18,-4
7443,116,19,-81
7444,116,20,31
7445,116,21,118
7446,116,22,-17
7447,116,23,77
7448,116,24,-126
7449,116,25,-32
7450,116,26,-71
7451,116,27,62
7452,116,28,8
7453,116,29,-106
7454,116,30,-121
7455,116,31,15
7456,116,32,20
7457,116,33,15
7458,116,34,55
7459,116,35,-25
7460,116,36,-62
7461,116,37,-81
7462,116,38,93
7463,116,39,-24
7464,116,40,119
7465,116,41,-28
7466,116,42,-55
7467,116,43,0
7468,116,44,86
7469,116,45,18
7470,116,46,-90
7471,116,47,19
7472,116,48,-102
7473,116,49,40
7474,116,50,-44
7475,116,51,-37
7476,116,52,-25
7477,116,53,-18
7478,116,54,42
7479,116,55,76
7480,116,56,83
7481,116,57,-40
7482,116,58,-104
7483,116,59,-92
7484,116,60,25
7485,116,61,-82
7486,116,62,115
7487,116,63,113
7488,117,0,29
7489,117,1,-92
7490,117,2,45
7491,117,3,106
7492,117,4,11
7493,117,5,5
7494,117,6,73
7495,117,7,-56
7496,117,8,55
7497,117,9,66
7498,117,10,32
7499,117,11,113
7500,117,12,-83
7501,117,13,113
7502,117,14,-45
7503,117,15,-67
7504,117,16,14
7505,117,17,101
7506,117,18,-34
7507,117,19,44
7508,117,20,-100
7509,117,21,-56
7510,117,22,-31
7511,117,23,-90
7512,117,24,19
7513,117,25,68
7514,117,26,-61
7515,117,27,-126
7516,117,28,-45
7517,117,29,-64
7518,117,30,-14
7519,117,31,120
7520,117,32,-78
7521,117,33,-14
7522,117,34,56
7523,117,35,-65
7524,117,36,-15
7525,117,37,55
7526,117,38,37
7527,117,39,69
7528,117,40,-70
7529,117,41,2
7530,117,42,-2
7531,117,43,-36
7532,117,44,-90
7533,117,45,-118
7534,117,46,-70
7535,117,47,-10
7536,117,48,77
7537,117,49,75
7538,117,50,-56
7539,117,51,-117
7540,117,52,-41
7541,117,53,27
7542,117,54,93
7543,117,55,-125
7544,117,56,-105
7545,117,57,-16
7546,117,58,-94
7547,117,59,-98
7548,117,60,-63
7549,117,61,-104
7550,117,62,105
7551,117,63,57
7552,118,0,-82
7553,118,1,120
7554,118,2,-63
7555,118,3,54
7556,118,4,52
7557,118,5,60
7558,118,6,30
7559,118,7,14
7560,118,8,-53
7561,118,9,85
7562,118,10,23
7563,118,11,34
7564,118,12,-127
7565,118,13,4
7566,118,14,-31
7567,118,15,119
7568,118,16,-87
7569,118,17,78
7570,118,18,82
7571,118,19,26
7572,118,20,42
7573,118,21,-65
7574,118,22,65
7575,118,23,101
7576,118,24,-52
7577,118,25,-94
7578,118,26,-85
7579,118,27,-18
7580,118,28,74
7581,118,29,6
7582,118,30,109
7583,118,31,-65
7584,118,32,50
7585,118,33,61
7586,118,34,19
7587,118,35,66
7588,118,36,-40
7589,118,37,-50
7590,118,38,122
7591,118,39,-76
7592,118,40,63
7593,118,41,70
7594,118,42,101
7595,118,43,-116
7596,118,44,109
7597,118,45,94
7598,118,46,-102
7599,118,47,-66
7600,118,48,34
7601,118,49,18
7602,118,50,-85
7603,118,51,-64
7604,118,52,97
7605,118,53,69
7606,118,54,-61
7607,118,55,121
7608,118,56,96
7609,118,57,-22
7610,118,58,43
7611,118,59,59
7612,118,60,126
7613,118,61,55
7614,118,62,-86
7615,118,63,-54
7616,119,0,90
7617,119,1,-102
7618,119,2,-71
7619,119,3,63
7620,119,4,99
7621,119,5,-24
7622,119,6,96
7623,119,7,124
7624,119,8,46
7625,119,9,-88
7626,119,10,-13
7627,119,11,108
7628,119,12,43
7629,119,13,18
7630,119,14,39
7631,119,15,2
7632,119,16,-63
7633,119,17,-108
7634,119,18,-1
7635,119,19,61
7636,119,20,115
7637,119,21,-123
7638,119,22,89
7639,119,23,-37
7640,119,24,-20
7641,119,25,63
7642,119,26,-54
7643,119,27,-100
7644,119,28,-67
7645,119,29,-64
7646,119,30,8
7647,119,31,-13
7648,119,32,101
7649,119,33,-94
7650,119,34,-43
7651,119,35,20
7652,119,36,118
7653,119,37,-83
7654,119,38,8
7655,119,39,109
7656,119,40,11
7657,119,41,-32
7658,119,42,15
7659,119,43,-44
7660,119,44,40
7661,119,45,-81
7662,119,46,27
7663,119,47,114
7664,119,48,-90
7665,119,49,-39
7666,119,50,83
7667,119,51,-49
7668,119,52,28
7669,119,53,-57
7670,119,54,120
7671,119,55,-80
7672,119,56,-17
7673,119,57,58
7674,119,58,66
7675,119,59,67
7676,119,60,107
7677,119,61,-6
7678,119,62,82
7679,119,63,-30
7680,120,0,-110
7681,120,1,122
7682,120,2,1
7683,120,3,23
7684,120,4,-38
7685,120,5,-119
7686,120,6,7
7687,120,7,82
7688,120,8,-11
7689,120,9,75
7690,120,10,24
7691,120,11,-18
7692,120,12,29
7693,120,13,-32
7694,120,14,106
7695,120,15,-103
7696,120,16,-38
7697,120,17,87
7698,120,18,100
7699,120,19,-69
7700,120,20,-44
7701,120,21,14
7702,120,22,-26
7703,120,23,100
7704,120,24,112
7705,120,25,-60
7706,120,26,-113
7707,120,27,-65
7708,120,28,-50
7709,120,29,24
7710,120,30,84
7711,120,31,26
7712,120,32,-58
7713,120,33,-2
7714,120,34,1
7715,120,35,60
7716,120,36,123
7717,120,37,-106
7718,120,38,57
7719,120,39,-110
7720,120,40,55
7721,120,41,-27
7722,120,42,-12
7723,120,43,47
7724,120,44,41
7725,120,45,40
7726,120,46,68
7727,120,47,86
7728,120,48,-50
7729,120,49,-62
7730,120,50,-44
7731,120,51,119
7732,120,52,45
7733,120,53,29
7734,120,54,68
7735,120,55,59
7736,120,56,34
7737,120,57,-93
7738,120,58,11
7739,120,59,16
7740,120,60,-109
7741,120,61,-66
7742,120,62,-50
7743,120,63,-17
7744,121,0,-78
7745,121,1,15
7746,121,2,5
7747,121,3,25
7748,121,4,-126
7749,121,5,118
7750,121,6,0
7751,121,7,-86
7752,121,8,-75
7753,121,9,95
7754,121,10,-102
7755,121,11,113
7756,121,12,81
7757,121,13,11
7758,121,14,-96
7759,121,15,66
7760,121,16,14
7761,121,17,-27
7762,121,18,-5
7763,121,19,6
7764,121,20,-79
7765,121,21,101
7766,121,22,87
7767,121,23,-119
7768,121,24,57
7769,121,25,-51
7770,121,26,22
7771,121,27,12
7772,121,28,93
7773,121,29,-49
7774,121,30,-123
7775,121,31,-85
7776,121,32,-81
7777,121,33,1
7778,121,34,-42
7779,121,35,26
7780,121,36,27
7781,121,37,-119
7782,121,38,-84
7783,121,39,90
7784,121,40,-55
7785,121,41,11
7786,121,42,-22
7787,121,43,-20
7788,121,44,115
7789,121,45,61
7790,121,46,-59
7791,121,47,-76
7792,121,48,115
7793,121,49,-51
7794,121,50,76
7795,121,51,-107
7796,121,52,-106
7797,121,53,-72
7798,121,54,88
7799,121,55,74
7800,121,56,114
7801,121,57,34
7802,121,58,-31
7803,121,59,-114
7804,121,60,121
7805,121,61,-27
7806,121,62,15
7807,121,63,99
7808,122,0,-29
7809,122,1,-86
7810,122,2,123
7811,122,3,-43
7812,122,4,23
7813,122,5,-44
7814,122,6,-72
7815,122,7,8
7816,122,8,101
7817,122,9,-51
7818,122,10,-61
7819,122,11,-4
7820,122,12,86
7821,122,13,121
7822,122,14,-57
7823,122,15,-81
7824,122,16,-16
7825,122,17,111
7826,122,18,121
7827,122,19,-31
7828,122,20,-125
7829,122,21,121
7830,122,22,-44
7831,122,23,-124
7832,122,24,-16
7833,122,25,80
7834,122,26,33
7835,122,27,-67
7836,122,28,95
7837,122,29,-20
7838,122,30,107
7839,122,31,62
7840,122,32,-113
7841,122,33,45
7842,122,34,-22
7843,122,35,-8
7844,122,36,-13
7845,122,37,-58
7846,122,38,-108
7847,122,39,103
7848,122,40,-60
7849,122,41,71
7850,122,42,30
7851,122,43,-100
7852,122,44,-92
7853,122,45,-112
7854,122,46,-112
7855,122,47,-80
7856,122,48,-45
7857,122,49,-51
7858,122,50,53
7859,122,51,-41
7860,122,52,-106
7861,122,53,-20
7862,122,54,108
7863,122,55,92
7864,122,56,18
7865,122,57,47
7866,122,58,10
7867,122,59,-107
7868,122,60,-74
7869,122,61,-71
7870,122,62,-98
7871,122,63,-118
7872,123,0,-111
7873,123,1,77
7874,123,2,-7
7875,123,3,-98
7876,123,4,-40
7877,123,5,10
7878,123,6,55
7879,123,7,88
7880,123,8,-5
7881,123,9,-66
7882,123,10,-37
7883,123,11,69
7884,123,12,114
7885,123,13,60
7886,123,14,-37
7887,123,15,89
7888,123,16,-115
7889,123,17,-109
7890,123,18,-53
7891,123,19,-89
7892,123,20,115
7893,123,21,-79
7894,123,22,56
7895,123,23,-124
7896,123,24,-114
7897,123,25,34
7898,123,26,121
7899,123,27,-15
7900,123,28,-70
7901,123,29,51
7902,123,30,-89
7903,123,31,123
7904,123,32,-8
7905,123,33,-33
7906,123,34,-35
7907,123,35,-63
7908,123,36,104
7909,123,37,-12
7910,123,38,19
7911,123,39,-75
7912,123,40,-8
7913,123,41,105
7914,123,42,-79
7915,123,43,-66
7916,123,44,24
7917,123,45,-25
7918,123,46,109
7919,123,47,-41
7920,123,48,111
7921,123,49,-69
7922,123,50,-97
7923,123,51,-12
7924,123,52,84
7925,123,53,101
7926,123,54,26
7927,123,55,30
7928,123,56,35
7929,123,57,60
7930,123,58,-89
7931,123,59,112
7932,123,60,7
7933,123,61,-95
7934,123,62,66
7935,123,63,-34
7936,124,0,-117
7937,124,1,112
7938,124,2,-78
7939,124,3,-5
7940,124,4,-40
7941,124,5,13
7942,124,6,23
7943,124,7,-28
7944,124,8,101
7945,124,9,56
7946,124,10,-52
7947,124,11,-32
7948,124,12,112
7949,124,13,54
7950,124,14,83
7951,124,15,75
7952,124,16,-68
7953,124,17,-84
7954,124,18,20
7955,124,19,-39
7956,124,20,-35
7957,124,21,22
7958,124,22,33
7959,124,23,80
7960,124,24,32
7961,124,25,33
7962,124,26,-121
7963,124,27,116
7964,124,28,77
7965,124,29,39
7966,124,30,10
7967,124,31,60
7968,124,32,12
7969,124,33,-120
7970,124,34,-100
7971,124,35,-100
7972,124,36,62
7973,124,37,66
7974,124,38,-126
7975,124,39,21
7976,124,40,116
7977,124,41,124
7978,124,42,-79
7979,124,43,29
7980,124,44,19
7981,124,45,58
7982,124,46,-30
7983,124,47,104
7984,124,48,-87
7985,124,49,-99
7986,124,50,-124
7987,124,51,-27
7988,124,52,-84
7989,124,53,-68
7990,124,54,-107
7991,124,55,112
7992,124,56,-90
7993,124,57,-55
7994,124,58,19
7995,124,59,74
7996,124,60,-96
7997,124,61,-96
7998,124,62,38
7999,124,63,29
8000,125,0,44
8001,125,1,-58
8002,125,2,-4
8003,125,3,-117
8004,125,4,-53
8005,125,5,-31
8006,125,6,103
8007,125,7,68
8008,125,8,-59
8009,125,9,-15
8010,125,10,121
8011,125,11,74
8012,125,12,-7
8013,125,13,-10
8014,125,14,-58
8015,125,15,-114
8016,125,16,35
8017,125,17,-25
8018,125,18,-121
8019,125,19,69
8020,125,20,-110
8021,125,21,95
8022,125,22,-37
8023,125,23,-100
8024,125,24,39
8025,125,25,-109
8026,125,26,110
8027,125,27,78
8028,125,28,10
8029,125,29,84
8030,125,30,46
8031,125,31,119
8032,125,32,85
8033,125,33,-16
8034,125,34,-117
8035,125,35,-28
8036,125,36,-7
8037,125,37,94
8038,125,38,34
8039,125,39,-113
8040,125,40,-78
8041,125,41,-108
8042,125,42,79
8043,125,43,-88
8044,125,44,-100
8045,125,45,-87
8046,125,46,49
8047,125,47,48
8048,125,48,-45
8049,125,49,-97
8050,125,50,-27
8051,125,51,-51
8052,125,52,-102
8053,125,53,98
8054,125,54,-27
8055,125,55,78
8056,125,56,40
8057,125,57,-117
8058,125,58,-83
8059,125,59,-111
8060,125,60,-9
8061,125,61,12
8062,125,62,-96
8063,125,63,-98
8064,126,0,-55
8065,126,1,-4
8066,126,2,-69
8067,126,3,-65
8068,126,4,-117
8069,126,5,84
8070,126,6,-119
8071,126,7,-108
8072,126,8,-61
8073,126,9,-9
8074,126,10,123
8075,126,11,116
8076,126,12,120
8077,126,13,112
8078,126,14,-65
8079,126,15,-126
8080,126,16,119
8081,126,17,-31
8082,126,18,-59
8083,126,19,-15
8084,126,20,-23
8085,126,21,-97
8086,126,22,119
8087,126,23,-83
8088,126,24,125
8089,126,25,89
8090,126,26,-82
8091,126,27,-10
8092,126,28,124
8093,126,29,99
8094,126,30,28
8095,126,31,-24
8096,126,32,16
8097,126,33,56
8098,126,34,72
8099,126,35,-108
8100,126,36,123
8101,126,37,48
8102,126,38,-32
8103,126,39,82
8104,126,40,-78
8105,126,41,-15
8106,126,42,119
8107,126,43,108
8108,126,44,66
8109,126,45,54
8110,126,46,-55
8111,126,47,-84
8112,126,48,73
8113,126,49,16
8114,126,50,-61
8115,126,51,-22
8116,126,52,122
8117,126,53,-110
8118,126,54,-60
8119,126,55,-51
8120,126,56,-36
8121,126,57,51
8122,126,58,112
8123,126,59,-79
8124,126,60,80
8125,126,61,-42
8126,126,62,94
8127,126,63,-106
8128,127,0,43
8129,127,1,123
8130,127,2,-39
8131,127,3,45
8132,127,4,37
8133,127,5,91
8134,127,6,9
8135,127,7,-34
8136,127,8,-95
8137,127,9,-37
8138,127,10,-5
8139,127,11,-112
8140,127,12,94
8141,127,13,57
8142,127,14,-40
8143,127,15,-111
8144,127,16,-65
8145,127,17,121
8146,127,18,23
8147,127,19,-12
8148,127,20,20
8149,127,21,4
8150,127,22,-77
8151,127,23,6
8152,127,24,49
8153,127,25,-63
8154,127,26,-37
8155,127,27,-32
8156,127,28,55
8157,127,29,-121
8158,127,30,67
8159,127,31,72
8160,127,32,-34
8161,127,33,-22
8162,127,34,75
8163,127,35,-58
8164,127,36,-9
8165,127,37,-69
8166,127,38,114
8167,127,39,30
8168,127,40,-29
8169,127,41,83
8170,127,42,4
8171,127,43,-39
8172,127,44,72
8173,127,45,-46
8174,127,46,15
8175,127,47,-12
8176,127,48,9
8177,127,49,74
8178,127,50,-73
8179,127,51,-22
8180,127,52,-27
8181,127,53,126
8182,127,54,117
8183,127,55,34
8184,127,56,75
8185,127,57,-79
8186,127,58,-81
8187,127,59,-120
8188,127,60,-117
8189,127,61,-116
8190,127,62,-6
8191,127,63,-69
8192,128,0,-55
8193,128,1,125
8194,128,2,13
8195,128,3,-88
8196,128,4,-6
8197,128,5,-76
8198,128,6,-96
8199,128,7,19
8200,128,8,37
8201,128,9,-68
8202,128,10,63
8203,128,11,-108
8204,128,12,-127
8205,128,13,-68
8206,128,14,-120
8207,128,15,74
8208,128,16,86
8209,128,17,68
8210,128,18,50
8211,128,19,23
8212,128,20,-46
8213,128,21,51
8214,128,22,123
8215,128,23,-17
8216,128,24,125
8217,128,25,67
8218,128,26,93
8219,128,27,111
8220,128,28,38
8221,128,29,65
8222,128,30,-1
8223,128,31,102
8224,128,32,-115
8225,128,33,-98
8226,128,34,-101
8227,128,35,0
8228,128,36,-4
8229,128,37,49
8230,128,38,-109
8231,128,39,-83
8232,128,40,63
8233,128,41,74
8234,128,42,-111
8235,128,43,-97
8236,128,44,82
8237,128,45,-109
8238,128,46,-123
8239,128,47,32
8240,128,48,-36
8241,128,49,66
8242,128,50,-99
8243,128,51,20
8244,128,52,-93
8245,128,53,-25
8246,128,54,115
8247,128,55,-102
8248,128,56,-100
8249,128,57,-54
8250,128,58,-25
8251,128,59,-65
8252,128,60,-88
8253,128,61,-90
8254,128,62,107
8255,128,63,116
8256,129,0,70
8257,129,1,54
8258,129,2,93
8259,129,3,-45
8260,129,4,73
8261,129,5,33
8262,129,6,64
8263,129,7,30
8264,129,8,-50
8265,129,9,-39
8266,129,10,-86
8267,129,11,-58
8268,129,12,-109
8269,129,13,-43
8270,129,14,-2
8271,129,15,102
8272,129,16,91
8273,129,17,31
8274,129,18,-19
8275,129,19,20
8276,129,20,35
8277,129,21,-82
8278,129,22,-80
8279,129,23,-45
8280,129,24,82
8281,129,25,90
8282,129,26,117
8283,129,27,-11
8284,129,28,-87
8285,129,29,77
8286,129,30,45
8287,129,31,-121
8288,129,32,-12
8289,129,33,106
8290,129,34,121
8291,129,35,62
8292,129,36,-113
8293,129,37,-57
8294,129,38,39
8295,129,39,8
8296,129,40,77
8297,129,41,-80
8298,129,42,94
8299,129,43,-40
8300,129,44,89
8301,129,45,54
8302,129,46,118
8303,129,47,-4
8304,129,48,-68
8305,129,49,5
8306,129,50,-58
8307,129,51,78
8308,129,52,17
8309,129,53,75
8310,129,54,31
8311,129,55,72
8312,129,56,122
8313,129,57,62
8314,129,58,-111
8315,129,59,47
8316,129,60,-108
8317,129,61,44
8318,129,62,-30
8319,129,63,71
8320,130,0,-104
8321,130,1,-109
8322,130,2,1
8323,130,3,22
8324,130,4,-15
8325,130,5,-26
8326,130,6,-49
8327,130,7,-42
8328,130,8,-115
8329,130,9,35
8330,130,10,-85
8331,130,11,-53
8332,130,12,93
8333,130,13,-84
8334,130,14,110
8335,130,15,118
8336,130,16,124
8337,130,17,123
8338,130,18,32
8339,130,19,-100
8340,130,20,71
8341,130,21,60
8342,130,22,-88
8343,130,23,80
8344,130,24,-94
8345,130,25,-24
8346,130,26,39
8347,130,27,-47
8348,130,28,-64
8349,130,29,118
8350,130,30,22
8351,130,31,-12
8352,130,32,-83
8353,130,33,11
8354,130,34,5
8355,130,35,26
8356,130,36,80
8357,130,37,-91
8358,130,38,105
8359,130,39,-84
8360,130,40,-115
8361,130,41,90
8362,130,42,109
8363,130,43,10
8364,130,44,99
8365,130,45,22
8366,130,46,-116
8367,130,47,-14
8368,130,48,-50
8369,130,49,-55
8370,130,50,77
8371,130,51,-30
8372,130,52,45
8373,130,53,-79
8374,130,54,-86
8375,130,55,-106
8376,130,56,-127
8377,130,57,7
8378,130,58,122
8379,130,59,-107
8380,130,60,93
8381,130,61,84
8382,130,62,-65
8383,130,63,54
8384,131,0,82
8385,131,1,96
8386,131,2,87
8387,131,3,62
8388,131,4,-88
8389,131,5,-23
8390,131,6,-78
8391,131,7,-18
8392,131,8,103
8393,131,9,93
8394,131,10,-25
8395,131,11,76
8396,131,12,20
8397,131,13,94
8398,131,14,120
8399,131,15,74
8400,131,16,19
8401,131,17,47
8402,131,18,-101
8403,131,19,-120
8404,131,20,-76
8405,131,21,2
8406,131,22,125
8407,131,23,-1
8408,131,24,-126
8409,131,25,-103
8410,131,26,43
8411,131,27,53
8412,131,28,7
8413,131,29,-56
8414,131,30,-2
8415,131,31,-37
8416,131,32,-104
8417,131,33,-58
8418,131,34,-13
8419,131,35,61
8420,131,36,-11
8421,131,37,55
8422,131,38,-36
8423,131,39,-96
8424,131,40,23
8425,131,41,62
8426,131,42,82
8427,131,43,-48
8428,131,44,-65
8429,131,45,99
8430,131,46,4
8431,131,47,61
8432,131,48,-51
8433,131,49,46
8434,131,50,45
8435,131,51,-93
8436,131,52,-40
8437,131,53,62
8438,131,54,-112
8439,131,55,124
8440,131,56,42
8441,131,57,-112
8442,131,58,-56
8443,131,59,-5
8444,131,60,96
8445,131,61,-13
8446,131,62,-58
8447,131,63,-12
8448,132,0,77
8449,132,1,116
8450,132,2,-15
8451,132,3,10
8452,132,4,31
8453,132,5,46
8454,132,6,75
8455,132,7,-75
8456,132,8,-92
8457,132,9,-86
8458,132,10,-54
8459,132,11,47
8460,132,12,-120
8461,132,13,-12
8462,132,14,8
8463,132,15,-121
8464,132,16,-20
8465,132,17,96
8466,132,18,74
8467,132,19,37
8468,132,20,39
8469,132,21,115
8470,132,22,-112
8471,132,23,47
8472,132,24,116
8473,132,25,110
8474,132,26,5
8475,132,27,-96
8476,132,28,-65
8477,132,29,111
8478,132,30,47
8479,132,31,53
8480,132,32,50
8481,132,33,28
8482,132,34,41
8483,132,35,-80
8484,132,36,-108
8485,132,37,10
8486,132,38,36
8487,132,39,2
8488,132,40,1
8489,132,41,60
8490,132,42,120
8491,132,43,40
8492,132,44,-67
8493,132,45,-1
8494,132,46,109
8495,132,47,-39
8496,132,48,69
8497,132,49,74
8498,132,50,95
8499,132,51,109
8500,132,52,121
8501,132,53,-109
8502,132,54,32
8503,132,55,-55
8504,132,56,-102
8505,132,57,7
8506,132,58,-90
8507,132,59,108
8508,132,60,87
8509,132,61,104
8510,132,62,43
8511,132,63,-48
8512,133,0,117
8513,133,1,94
8514,133,2,-28
8515,133,3,-68
8516,133,4,47
8517,133,5,-112
8518,133,6,65
8519,133,7,85
8520,133,8,118
8521,133,9,-18
8522,133,10,71
8523,133,11,-7
8524,133,12,87
8525,133,13,-91
8526,133,14,-69
8527,133,15,-92
8528,133,16,62
8529,133,17,-88
8530,133,18,15
8531,133,19,-34
8532,133,20,-62
8533,133,21,67
8534,133,22,8
8535,133,23,-85
8536,133,24,-99
8537,133,25,-93
8538,133,26,-85
8539,133,27,-34
8540,133,28,17
8541,133,29,71
8542,133,30,-31
8543,133,31,100
8544,133,32,73
8545,133,33,-6
8546,133,34,83
8547,133,35,42
8548,133,36,34
8549,133,37,-119
8550,133,38,-127
8551,133,39,-19
8552,133,40,-35
8553,133,41,110
8554,133,42,-68
8555,133,43,103
8556,133,44,-27
8557,133,45,68
8558,133,46,-31
8559,133,47,-1
8560,133,48,58
8561,133,49,70
8562,133,50,-91
8563,133,51,-76
8564,133,52,24
8565,133,53,-106
8566,133,54,48
8567,133,55,-59
8568,133,56,5
8569,133,57,120
8570,133,58,45
8571,133,59,70
8572,133,60,-110
8573,133,61,-44
8574,133,62,-97
8575,133,63,123
8576,134,0,-34
8577,134,1,-22
8578,134,2,-11
8579,134,3,36
8580,134,4,115
8581,134,5,19
8582,134,6,118
8583,134,7,-56
8584,134,8,38
8585,134,9,-79
8586,134,10,-105
8587,134,11,63
8588,134,12,8
8589,134,13,-18
8590,134,14,-87
8591,134,15,25
8592,134,16,-85
8593,134,17,6
8594,134,18,41
8595,134,19,-96
8596,134,20,-60
8597,134,21,2
8598,134,22,21
8599,134,23,63
8600,134,24,-117
8601,134,25,90
8602,134,26,105
8603,134,27,-20
8604,134,28,63
8605,134,29,42
8606,134,30,-69
8607,134,31,-67
8608,134,32,56
8609,134,33,-80
8610,134,34,36
8611,134,35,-117
8612,134,36,-116
8613,134,37,65
8614,134,38,-55
8615,134,39,-112
8616,134,40,84
8617,134,41,82
8618,134,42,64
8619,134,43,127
8620,134,44,58
8621,134,45,119
8622,134,46,-37
8623,134,47,-57
8624,134,48,-56
8625,134,49,10
8626,134,50,49
8627,134,51,-10
8628,134,52,67
8629,134,53,-84
8630,134,54,81
8631,134,55,-102
8632,134,56,102
8633,134,57,-122
8634,134,58,9
8635,134,59,88
8636,134,60,27
8637,134,61,-42
8638,134,62,112
8639,134,63,30
8640,135,0,-14
8641,135,1,-79
8642,135,2,96
8643,135,3,1
8644,135,4,29
8645,135,5,48
8646,135,6,59
8647,135,7,65
8648,135,8,17
8649,135,9,29
8650,135,10,33
8651,135,11,-83
8652,135,12,127
8653,135,13,-2
8654,135,14,48
8655,135,15,-109
8656,135,16,1
8657,135,17,33
8658,135,18,22
8659,135,19,58
8660,135,20,24
8661,135,21,-25
8662,135,22,-100
8663,135,23,99
8664,135,24,-40
8665,135,25,-124
8666,135,26,37
8667,135,27,-125
8668,135,28,29
8669,135,29,-51
8670,135,30,-97
8671,135,31,67
8672,135,32,-22
8673,135,33,-46
8674,135,34,60
8675,135,35,-2
8676,135,36,89
8677,135,37,4
8678,135,38,-20
8679,135,39,43
8680,135,40,-39
8681,135,41,-104
8682,135,42,10
8683,135,43,-127
8684,135,44,-39
8685,135,45,-30
8686,135,46,-21
8687,135,47,-40
8688,135,48,-114
8689,135,49,66
8690,135,50,113
8691,135,51,109
8692,135,52,-25
8693,135,53,-72
8694,135,54,48
8695,135,55,98
8696,135,56,15
8697,135,57,57
8698,135,58,121
8699,135,59,97
8700,135,60,17
8701,135,61,93
8702,135,62,-110
8703,135,63,-114
8704,136,0,25
8705,136,1,38
8706,136,2,3
8707,136,3,-121
8708,136,4,106
8709,136,5,52
8710,136,6,-15
8711,136,7,-46
8712,136,8,-85
8713,136,9,96
8714,136,10,-127
8715,136,11,48
8716,136,12,66
8717,136,13,124
8718,136,14,-21
8719,136,15,69
8720,136,16,118
8721,136,17,-88
8722,136,18,-105
8723,136,19,-116
8724,136,20,-23
8725,136,21,69
8726,136,22,-4
8727,136,23,103
8728,136,24,-18
8729,136,25,117
8730,136,26,-54
8731,136,27,-50
8732,136,28,19
8733,136,29,85
8734,136,30,-42
8735,136,31,55
8736,136,32,-103
8737,136,33,6
8738,136,34,-9
8739,136,35,-97
8740,136,36,28
8741,136,37,-120
8742,136,38,95
8743,136,39,57
8744,136,40,111
8745,136,41,-38
8746,136,42,-88
8747,136,43,-117
8748,136,44,-19
8749,136,45,99
8750,136,46,78
8751,136,47,-44
8752,136,48,112
8753,136,49,105
8754,136,50,70
8755,136,51,50
8756,136,52,-34
8757,136,53,-45
8758,136,54,-66
8759,136,55,-48
8760,136,56,126
8761,136,57,-117
8762,136,58,79
8763,136,59,-44
8764,136,60,87
8765,136,61,23
8766,136,62,-28
8767,136,63,-81
8768,137,0,73
8769,137,1,108
8770,137,2,1
8771,137,3,-110
8772,137,4,-58
8773,137,5,-55
8774,137,6,85
8775,137,7,58
8776,137,8,-18
8777,137,9,109
8778,137,10,84
8779,137,11,121
8780,137,12,45
8781,137,13,-4
8782,137,14,-89
8783,137,15,-24
8784,137,16,-87
8785,137,17,21
8786,137,18,67
8787,137,19,66
8788,137,20,62
8789,137,21,-57
8790,137,22,-40
8791,137,23,-31
8792,137,24,4
8793,137,25,-118
8794,137,26,-42
8795,137,27,-123
8796,137,28,-109
8797,137,29,-46
8798,137,30,-58
8799,137,31,59
8800,137,32,-54
8801,137,33,19
8802,137,34,-123
8803,137,35,54
8804,137,36,43
8805,137,37,0
8806,137,38,-52
8807,137,39,31
8808,137,40,73
8809,137,41,-30
8810,137,42,30
8811,137,43,62
8812,137,44,83
8813,137,45,-38
8814,137,46,13
8815,137,47,63
8816,137,48,-116
8817,137,49,108
8818,137,50,-55
8819,137,51,32
8820,137,52,-54
8821,137,53,-21
8822,137,54,-4
8823,137,55,108
8824,137,56,108
8825,137,57,84
8826,137,58,46
8827,137,59,123
8828,137,60,94
8829,137,61,-74
8830,137,62,77
8831,137,63,-22
8832,138,0,-69
8833,138,1,-103
8834,138,2,-74
8835,138,3,16
8836,138,4,99
8837,138,5,29
8838,138,6,72
8839,138,7,-103
8840,138,8,-60
8841,138,9,-75
8842,138,10,67
8843,138,11,90
8844,138,12,108
8845,138,13,-73
8846,138,14,-39
8847,138,15,-22
8848,138,16,-49
8849,138,17,91
8850,138,18,-59
8851,138,19,-41
8852,138,20,96
8853,138,21,34
8854,138,22,52
8855,138,23,-20
8856,138,24,-37
8857,138,25,-61
8858,138,26,108
8859,138,27,1
8860,138,28,-20
8861,138,29,67
8862,138,30,109
8863,138,31,-18
8864,138,32,-30
8865,138,33,127
8866,138,34,83
8867,138,35,93
8868,138,36,-111
8869,138,37,105
8870,138,38,-58
8871,138,39,-2
8872,138,40,-101
8873,138,41,33
8874,138,42,-99
8875,138,43,-64
8876,138,44,27
8877,138,45,-14
8878,138,46,-32
8879,138,47,14
8880,138,48,-52
8881,138,49,35
8882,138,50,-9
8883,138,51,69
8884,138,52,31
8885,138,53,111
8886,138,54,-75
8887,138,55,-37
8888,138,56,-80
8889,138,57,123
8890,138,58,96
8891,138,59,-111
8892,138,60,7
8893,138,61,114
8894,138,62,-44
8895,138,63,-109
8896,139,0,-30
8897,139,1,-10
8898,139,2,-53
8899,139,3,68
8900,139,4,91
8901,139,5,40
8902,139,6,-63
8903,139,7,-95
8904,139,8,-25
8905,139,9,-79
8906,139,10,99
8907,139,11,105
8908,139,12,-2
8909,139,13,-86
8910,139,14,-18
8911,139,15,-46
8912,139,16,-22
8913,139,17,12
8914,139,18,5
8915,139,19,-126
8916,139,20,-51
8917,139,21,116
8918,139,22,-6
8919,139,23,72
8920,139,24,66
8921,139,25,105
8922,139,26,-102
8923,139,27,114
8924,139,28,-119
8925,139,29,-55
8926,139,30,102
8927,139,31,-72
8928,139,32,4
8929,139,33,4
8930,139,34,114
8931,139,35,46
8932,139,36,-92
8933,139,37,90
8934,139,38,-77
8935,139,39,27
8936,139,40,-29
8937,139,41,56
8938,139,42,80
8939,139,43,-56
8940,139,44,-109
8941,139,45,-54
8942,139,46,116
8943,139,47,48
8944,139,48,-85
8945,139,49,75
8946,139,50,79
8947,139,51,-54
8948,139,52,-78
8949,139,53,18
8950,139,54,-90
8951,139,55,-45
8952,139,56,88
8953,139,57,-15
8954,139,58,61
8955,139,59,-52
8956,139,60,115
8957,139,61,5
8958,139,62,57
8959,139,63,91
8960,140,0,39
8961,140,1,-28
8962,140,2,57
8963,140,3,122
8964,140,4,-63
8965,140,5,100
8966,140,6,-70
8967,140,7,-104
8968,140,8,13
8969,140,9,68
8970,140,10,118
8971,140,11,-102
8972,140,12,77
8973,140,13,77
8974,140,14,96
8975,140,15,37
8976,140,16,-83
8977,140,17,109
8978,140,18,7
8979,140,19,-65
8980,140,20,46
8981,140,21,-87
8982,140,22,11
8983,140,23,87
8984,140,24,-93
8985,140,25,31
8986,140,26,47
8987,140,27,97
8988,140,28,-120
8989,140,29,107
8990,140,30,9
8991,140,31,42
8992,140,32,59
8993,140,33,-10
8994,140,34,-118
8995,140,35,-98
8996,140,36,-48
8997,140,37,18
8998,140,38,95
8999,140,39,-79
9000,140,40,-93
9001,140,41,-37
9002,140,42,124
9003,140,43,48
9004,140,44,26
9005,140,45,57
9006,140,46,-101
9007,140,47,73
9008,140,48,-116
9009,140,49,-75
9010,140,50,115
9011,140,51,97
9012,140,52,-66
9013,140,53,15
9014,140,54,-34
9015,140,55,60
9016,140,56,-98
9017,140,57,83
9018,140,58,105
9019,140,59,-94
9020,140,60,-33
9021,140,61,76
9022,140,62,125
9023,140,63,41
9024,141,0,-61
9025,141,1,82
9026,141,2,35
9027,141,3,-32
9028,141,4,-83
9029,141,5,-104
9030,141,6,32
9031,141,7,59
9032,141,8,-17
9033,141,9,85
9034,141,10,-58
9035,141,11,-28
9036,141,12,49
9037,141,13,-97
9038,141,14,-85
9039,141,15,7
9040,141,16,-48
9041,141,17,-53
9042,141,18,-5
9043,141,19,-6
9044,141,20,-2
9045,141,21,-29
9046,141,22,56
9047,141,23,45
9048,141,24,-61
9049,141,25,-5
9050,141,26,26
9051,141,27,-70
9052,141,28,9
9053,141,29,-104
9054,141,30,42
9055,141,31,-9
9056,141,32,83
9057,141,33,-17
9058,141,34,109
9059,141,35,115
9060,141,36,-123
9061,141,37,-12
9062,141,38,111
9063,141,39,15
9064,141,40,6
9065,141,41,52
9066,141,42,78
9067,141,43,-34
9068,141,44,97
9069,141,45,103
9070,141,46,-17
9071,141,47,10
9072,141,48,-110
9073,141,49,-65
9074,141,50,74
9075,141,51,3
9076,141,52,118
9077,141,53,-51
9078,141,54,-47
9079,141,55,68
9080,141,56,11
9081,141,57,8
9082,141,58,13
9083,141,59,-31
9084,141,60,-31
9085,141,61,50
9086,141,62,-71
9087,141,63,63
9088,142,0,0
9089,142,1,114
9090,142,2,46
9091,142,3,-6
9092,142,4,107
9093,142,5,47
9094,142,6,-102
9095,142,7,-52
9096,142,8,47
9097,142,9,-81
9098,142,10,-16
9099,142,11,19
9100,142,12,-88
9101,142,13,94
9102,142,14,-45
9103,142,15,90
9104,142,16,115
9105,142,17,-107
9106,142,18,93
9107,142,19,-42
9108,142,20,7
9109,142,21,15
9110,142,22,-93
9111,142,23,-27
9112,142,24,-6
9113,142,25,-67
9114,142,26,-6
9115,142,27,91
9116,142,28,98
9117,142,29,-52
9118,142,30,56
9119,142,31,2
9120,142,32,108
9121,142,33,-97
9122,142,34,75
9123,142,35,-89
9124,142,36,-64
9125,142,37,-120
9126,142,38,-72
9127,142,39,25
9128,142,40,-60
9129,142,41,14
9130,142,42,78
9131,142,43,-83
9132,142,44,-66
9133,142,45,-12
9134,142,46,48
9135,142,47,-3
9136,142,48,-103
9137,142,49,-60
9138,142,50,79
9139,142,51,-28
9140,142,52,-24
9141,142,53,50
9142,142,54,-113
9143,142,55,92
9144,142,56,83
9145,142,57,126
9146,142,58,117
9147,142,59,102
9148,142,60,-107
9149,142,61,107
9150,142,62,-21
9151,142,63,110
9152,143,0,116
9153,143,1,-55
9154,143,2,-66
9155,143,3,71
9156,143,4,-50
9157,143,5,2
9158,143,6,-39
9159,143,7,-68
9160,143,8,6
9161,143,9,88
9162,143,10,-40
9163,143,11,-95
9164,143,12,16
9165,143,13,-3
9166,143,14,68
9167,143,15,127
9168,143,16,-96
9169,143,17,123
9170,143,18,-71
9171,143,19,49
9172,143,20,84
9173,143,21,-63
9174,143,22,-79
9175,143,23,-113
9176,143,24,-46
9177,143,25,-46
9178,143,26,-34
9179,143,27,-105
9180,143,28,-86
9181,143,29,74
9182,143,30,66
9183,143,31,-81
9184,143,32,-64
9185,143,33,-105
9186,143,34,86
9187,143,35,18
9188,143,36,-101
9189,143,37,73
9190,143,38,68
9191,143,39,-37
9192,143,40,-84
9193,143,41,-90
9194,143,42,-8
9195,143,43,-116
9196,143,44,34
9197,143,45,-22
9198,143,46,79
9199,143,47,111
9200,143,48,-15
9201,143,49,-53
9202,143,50,66
9203,143,51,120
9204,143,52,-82
9205,143,53,86
9206,143,54,39
9207,143,55,-42
9208,143,56,-55
9209,143,57,43
9210,143,58,119
9211,143,59,-120
9212,143,60,21
9213,143,61,107
9214,143,62,12
9215,143,63,111
9216,144,0,-42
9217,144,1,-29
9218,144,2,74
9219,144,3,-16
9220,144,4,56
9221,144,5,-48
9222,144,6,-59
9223,144,7,27
9224,144,8,-118
9225,144,9,49
9226,144,10,115
9227,144,11,-28
9228,144,12,-121
9229,144,13,-35
9230,144,14,12
9231,144,15,80
9232,144,16,-125
9233,144,17,84
9234,144,18,6
9235,144,19,-91
9236,144,20,-53
9237,144,21,-57
9238,144,22,80
9239,144,23,73
9240,144,24,110
9241,144,25,123
9242,144,26,-83
9243,144,27,-116
9244,144,28,90
9245,144,29,84
9246,144,30,76
9247,144,31,-74
9248,144,32,-28
9249,144,33,103
9250,144,34,95
9251,144,35,47
9252,144,36,-3
9253,144,37,64
9254,144,38,53
9255,144,39,99
9256,144,40,59
9257,144,41,-93
9258,144,42,94
9259,144,43,-21
9260,144,44,35
9261,144,45,-35
9262,144,46,-91
9263,144,47,41
9264,144,48,-67
9265,144,49,127
9266,144,50,-97
9267,144,51,101
9268,144,52,-111
9269,144,53,48
9270,144,54,114
9271,144,55,-105
9272,144,56,95
9273,144,57,-84
9274,144,58,-107
9275,144,59,-70
9276,144,60,82
9277,144,61,22
9278,144,62,25
9279,144,63,-125
9280,145,0,7
9281,145,1,25
9282,145,2,67
9283,145,3,-29
9284,145,4,82
9285,145,5,0
9286,145,6,-7
9287,145,7,-122
9288,145,8,-14
9289,145,9,-32
9290,145,10,-43
9291,145,11,101
9292,145,12,-22
9293,145,13,14
9294,145,14,97
9295,145,15,57
9296,145,16,-93
9297,145,17,95
9298,145,18,35
9299,145,19,-8
9300,145,20,-86
9301,145,21,-63
9302,145,22,-67
9303,145,23,-40
9304,145,24,-50
9305,145,25,23
9306,145,26,13
9307,145,27,-4
9308,145,28,23
9309,145,29,31
9310,145,30,2
9311,145,31,-108
9312,145,32,-10
9313,145,33,-30
9314,145,34,24
9315,145,35,-90
9316,145,36,32
9317,145,37,49
9318,145,38,-48
9319,145,39,-33
9320,145,40,-109
9321,145,41,-29
9322,145,42,-54
9323,145,43,-17
9324,145,44,55
9325,145,45,-90
9326,145,46,-64
9327,145,47,127
9328,145,48,-25
9329,145,49,-38
9330,145,50,-94
9331,145,51,47
9332,145,52,-7
9333,145,53,-70
9334,145,54,126
9335,145,55,9
9336,145,56,-3
9337,145,57,2
9338,145,58,57
9339,145,59,21
9340,145,60,26
9341,145,61,-76
9342,145,62,-97
9343,145,63,125
9344,146,0,-109
9345,146,1,85
9346,146,2,-71
9347,146,3,-52
9348,146,4,-101
9349,146,5,41
9350,146,6,49
9351,146,7,-126
9352,146,8,3
9353,146,9,-62
9354,146,10,-11
9355,146,11,27
9356,146,12,22
9357,146,13,13
9358,146,14,-107
9359,146,15,-10
9360,146,16,-27
9361,146,17,28
9362,146,18,-30
9363,146,19,-18
9364,146,20,67
9365,146,21,39
9366,146,22,98
9367,146,23,97
9368,146,24,-7
9369,146,25,-49
9370,146,26,99
9371,146,27,43
9372,146,28,-43
9373,146,29,10
9374,146,30,7
9375,146,31,-78
9376,146,32,60
9377,146,33,113
9378,146,34,-33
9379,146,35,46
9380,146,36,88
9381,146,37,-102
9382,146,38,68
9383,146,39,-111
9384,146,40,104
9385,146,41,-88
9386,146,42,115
9387,146,43,-106
9388,146,44,-98
9389,146,45,-21
9390,146,46,-25
9391,146,47,-8
9392,146,48,-47
9393,146,49,7
9394,146,50,13
9395,146,51,64
9396,146,52,-84
9397,146,53,126
9398,146,54,23
9399,146,55,76
9400,146,56,79
9401,146,57,-127
9402,146,58,17
9403,146,59,-12
9404,146,60,-126
9405,146,61,8
9406,146,62,18
9407,146,63,-70
9408,147,0,58
9409,147,1,117
9410,147,2,117
9411,147,3,5
9412,147,4,-124
9413,147,5,102
9414,147,6,24
9415,147,7,106
9416,147,8,55
9417,147,9,-99
9418,147,10,-60
9419,147,11,-86
9420,147,12,-82
9421,147,13,-48
9422,147,14,21
9423,147,15,41
9424,147,16,69
9425,147,17,-76
9426,147,18,79
9427,147,19,-120
9428,147,20,38
9429,147,21,-64
9430,147,22,115
9431,147,23,-71
9432,147,24,41
9433,147,25,111
9434,147,26,47
9435,147,27,20
9436,147,28,30
9437,147,29,-63
9438,147,30,-70
9439,147,31,5
9440,147,32,-94
9441,147,33,74
9442,147,34,99
9443,147,35,-98
9444,147,36,-3
9445,147,37,89
9446,147,38,-75
9447,147,39,85
9448,147,40,-126
9449,147,41,1
9450,147,42,-115
9451,147,43,73
9452,147,44,-56
9453,147,45,-99
9454,147,46,98
9455,147,47,46
9456,147,48,-102
9457,147,49,4
9458,147,50,-25
9459,147,51,-57
9460,147,52,-15
9461,147,53,-98
9462,147,54,101
9463,147,55,-8
9464,147,56,-95
9465,147,57,-94
9466,147,58,-100
9467,147,59,109
9468,147,60,-116
9469,147,61,11
9470,147,62,5
9471,147,63,87
9472,148,0,-65
9473,148,1,34
9474,148,2,-34
9475,148,3,-6
9476,148,4,-19
9477,148,5,-37
9478,148,6,60
9479,148,7,124
9480,148,8,-8
9481,148,9,75
9482,148,10,37
9483,148,11,61
9484,148,12,-31
9485,148,13,48
9486,148,14,57
9487,148,15,-25
9488,148,16,52
9489,148,17,5
9490,148,18,77
9491,148,19,14
9492,148,20,6
9493,148,21,109
9494,148,22,65
9495,148,23,-57
9496,148,24,22
9497,148,25,-66
9498,148,26,-2
9499,148,27,95
9500,148,28,72
9501,148,29,-121
9502,148,30,68
9503,148,31,-11
9504,148,32,-116
9505,148,33,-121
9506,148,34,70
9507,148,35,-7
9508,148,36,-5
9509,148,37,-118
9510,148,38,41
9511,148,39,31
9512,148,40,113
9513,148,41,-73
9514,148,42,100
9515,148,43,-50
9516,148,44,-124
9517,148,45,82
9518,148,46,23
9519,148,47,87
9520,148,48,10
9521,148,49,-76
9522,148,50,115
9523,148,51,-102
9524,148,52,-36
9525,148,53,6
9526,148,54,-3
9527,148,55,119
9528,148,56,40
9529,148,57,-76
9530,148,58,10
9531,148,59,-50
9532,148,60,-120
9533,148,61,-29
9534,148,62,29
9535,148,63,-102
9536,149,0,-89
9537,149,1,101
9538,149,2,-48
9539,149,3,-126
9540,149,4,-18
9541,149,5,30
9542,149,6,82
9543,149,7,2
9544,149,8,-46
9545,149,9,-74
9546,149,10,-24
9547,149,11,85
9548,149,12,-116
9549,149,13,-61
9550,149,14,-49
9551,149,15,9
9552,149,16,-59
9553,149,17,-8
9554,149,18,-12
9555,149,19,-12
9556,149,20,-11
9557,149,21,15
9558,149,22,-43
9559,149,23,-44
9560,149,24,1
9561,149,25,51
9562,149,26,61
9563,149,27,31
9564,149,28,-70
9565,149,29,-106
9566,149,30,-89
9567,149,31,-64
9568,149,32,-43
9569,149,33,79
9570,149,34,91
9571,149,35,-67
9572,149,36,15
9573,149,37,-68
9574,149,38,127
9575,149,39,-105
9576,149,40,-97
9577,149,41,20
9578,149,42,-28
9579,149,43,3
9580,149,44,10
9581,149,45,-49
9582,149,46,-106
9583,149,47,-117
9584,149,48,115
9585,149,49,94
9586,149,50,32
9587,149,51,71
9588,149,52,-31
9589,149,53,16
9590,149,54,-60
9591,149,55,110
9592,149,56,-29
9593,149,57,113
9594,149,58,41
9595,149,59,-38
9596,149,60,22
9597,149,61,-72
9598,149,62,9
9599,149,63,119
9600,150,0,-40
9601,150,1,-56
9602,150,2,99
9603,150,3,67
9604,150,4,45
9605,150,5,-78
9606,150,6,23
9607,150,7,22
9608,150,8,-68
9609,150,9,94
9610,150,10,-122
9611,150,11,113
9612,150,12,-81
9613,150,13,0
9614,150,14,-8
9615,150,15,120
9616,150,16,13
9617,150,17,84
9618,150,18,-29
9619,150,19,109
9620,150,20,-44
9621,150,21,14
9622,150,22,8
9623,150,23,-34
9624,150,24,-102
9625,150,25,89
9626,150,26,-20
9627,150,27,121
9628,150,28,58
9629,150,29,-124
9630,150,30,82
9631,150,31,81
9632,150,32,-9
9633,150,33,-113
9634,150,34,-29
9635,150,35,-5
9636,150,36,6
9637,150,37,79
9638,150,38,-76
9639,150,39,97
9640,150,40,33
9641,150,41,89
9642,150,42,106
9643,150,43,7
9644,150,44,-22
9645,150,45,2
9646,150,46,110
9647,150,47,-38
9648,150,48,7
9649,150,49,-91
9650,150,50,-90
9651,150,51,59
9652,150,52,73
9653,150,53,101
9654,150,54,102
9655,150,55,-16
9656,150,56,-18
9657,150,57,-117
9658,150,58,98
9659,150,59,105
9660,150,60,-22
9661,150,61,-42
9662,150,62,-34
9663,150,63,-16
9664,151,0,-4
9665,151,1,9
9666,151,2,-66
9667,151,3,11
9668,151,4,1
9669,151,5,31
9670,151,6,-35
9671,151,7,73
9672,151,8,63
9673,151,9,-68
9674,151,10,-12
9675,151,11,-122
9676,151,12,122
9677,151,13,-120
9678,151,14,-77
9679,151,15,46
9680,151,16,-29
9681,151,17,35
9682,151,18,-39
9683,151,19,23
9684,151,20,95
9685,151,21,-10
9686,151,22,84
9687,151,23,-71
9688,151,24,-111
9689,151,25,-110
9690,151,26,-68
9691,151,27,20
9692,151,28,126
9693,151,29,-76
9694,151,30,-40
9695,151,31,35
9696,151,32,-108
9697,151,33,66
9698,151,34,58
9699,151,35,-114
9700,151,36,-59
9701,151,37,-90
9702,151,38,-96
9703,151,39,-30
9704,151,40,-22
9705,151,41,11
9706,151,42,123
9707,151,43,30
9708,151,44,58
9709,151,45,-111
9710,151,46,48
9711,151,47,-56
9712,151,48,-25
9713,151,49,-19
9714,151,50,116
9715,151,51,69
9716,151,52,18
9717,151,53,-14
9718,151,54,72
9719,151,55,-55
9720,151,56,105
9721,151,57,99
9722,151,58,123
9723,151,59,-26
9724,151,60,67
9725,151,61,112
9726,151,62,-35
9727,151,63,73
9728,152,0,92
9729,152,1,-37
9730,152,2,-49
9731,152,3,-54
9732,152,4,-11
9733,152,5,113
9734,152,6,-5
9735,152,7,112
9736,152,8,-36
9737,152,9,-82
9738,152,10,-56
9739,152,11,39
9740,152,12,-120
9741,152,13,-127
9742,152,14,54
9743,152,15,38
9744,152,16,-87
9745,152,17,3
9746,152,18,-112
9747,152,19,67
9748,152,20,61
9749,152,21,108
9750,152,22,-21
9751,152,23,-7
9752,152,24,53
9753,152,25,-86
9754,152,26,124
9755,152,27,29
9756,152,28,-96
9757,152,29,-3
9758,152,30,-7
9759,152,31,-6
9760,152,32,-91
9761,152,33,47
9762,152,34,61
9763,152,35,-98
9764,152,36,-16
9765,152,37,-79
9766,152,38,-117
9767,152,39,-33
9768,152,40,75
9769,152,41,-81
9770,152,42,117
9771,152,43,-16
9772,152,44,41
9773,152,45,-9
9774,152,46,17
9775,152,47,-90
9776,152,48,-11
9777,152,49,62
9778,152,50,-85
9779,152,51,106
9780,152,52,95
9781,152,53,80
9782,152,54,-27
9783,152,55,57
9784,152,56,64
9785,152,57,-7
9786,152,58,-42
9787,152,59,13
9788,152,60,-56
9789,152,61,0
9790,152,62,-84
9791,152,63,64
9792,153,0,126
9793,153,1,-111
9794,153,2,-68
9795,153,3,106
9796,153,4,126
9797,153,5,-69
9798,153,6,4
9799,153,7,103
9800,153,8,89
9801,153,9,5
9802,153,10,38
9803,153,11,10
9804,153,12,24
9805,153,13,-114
9806,153,14,-100
9807,153,15,72
9808,153,16,-125
9809,153,17,52
9810,153,18,-62
9811,153,19,80
9812,153,20,55
9813,153,21,25
9814,153,22,-84
9815,153,23,94
9816,153,24,-32
9817,153,25,123
9818,153,26,-6
9819,153,27,56
9820,153,28,-78
9821,153,29,74
9822,153,30,-10
9823,153,31,66
9824,153,32,-106
9825,153,33,-40
9826,153,34,66
9827,153,35,-48
9828,153,36,55
9829,153,37,41
9830,153,38,52
9831,153,39,-33
9832,153,40,-16
9833,153,41,32
9834,153,42,13
9835,153,43,-90
9836,153,44,-104
9837,153,45,-110
9838,153,46,-75
9839,153,47,80
9840,153,48,-98
9841,153,49,1
9842,153,50,36
9843,153,51,117
9844,153,52,51
9845,153,53,51
9846,153,54,-93
9847,153,55,-117
9848,153,56,96
9849,153,57,103
9850,153,58,81
9851,153,59,32
9852,153,60,11
9853,153,61,-98
9854,153,62,90
9855,153,63,-19
9856,154,0,-51
9857,154,1,-9
9858,154,2,14
9859,154,3,-24
9860,154,4,-73
9861,154,5,107
9862,154,6,-66
9863,154,7,-20
9864,154,8,-13
9865,154,9,-4
9866,154,10,-118
9867,154,11,60
9868,154,12,85
9869,154,13,111
9870,154,14,-24
9871,154,15,44
9872,154,16,-127
9873,154,17,60
9874,154,18,-59
9875,154,19,-70
9876,154,20,93
9877,154,21,2
9878,154,22,26
9879,154,23,-96
9880,154,24,119
9881,154,25,-60
9882,154,26,-50
9883,154,27,104
9884,154,28,119
9885,154,29,-61
9886,154,30,29
9887,154,31,20
9888,154,32,-10
9889,154,33,58
9890,154,34,-28
9891,154,35,40
9892,154,36,-116
9893,154,37,-14
9894,154,38,94
9895,154,39,-63
9896,154,40,-55
9897,154,41,-124
9898,154,42,92
9899,154,43,1
9900,154,44,-57
9901,154,45,-3
9902,154,46,-54
9903,154,47,51
9904,154,48,125
9905,154,49,-63
9906,154,50,-115
9907,154,51,2
9908,154,52,38
9909,154,53,-107
9910,154,54,56
9911,154,55,19
9912,154,56,-72
9913,154,57,-113
9914,154,58,68
9915,154,59,-111
9916,154,60,55
9917,154,61,-19
9918,154,62,-34
9919,154,63,-113
9920,155,0,-59
9921,155,1,-47
9922,155,2,47
9923,155,3,-110
9924,155,4,60
9925,155,5,107
9926,155,6,40
9927,155,7,5
9928,155,8,-59
9929,155,9,26
9930,155,10,-25
9931,155,11,10
9932,155,12,19
9933,155,13,7
9934,155,14,-60
9935,155,15,3
9936,155,16,18
9937,155,17,69
9938,155,18,10
9939,155,19,37
9940,155,20,-80
9941,155,21,47
9942,155,22,-33
9943,155,23,41
9944,155,24,-8
9945,155,25,49
9946,155,26,56
9947,155,27,-93
9948,155,28,-62
9949,155,29,-56
9950,155,30,-2
9951,155,31,-7
9952,155,32,-40
9953,155,33,14
9954,155,34,70
9955,155,35,-72
9956,155,36,-74
9957,155,37,80
9958,155,38,-22
9959,155,39,53
9960,155,40,68
9961,155,41,-38
9962,155,42,-82
9963,155,43,124
9964,155,44,-40
9965,155,45,71
9966,155,46,-83
9967,155,47,26
9968,155,48,-111
9969,155,49,-37
9970,155,50,-71
9971,155,51,50
9972,155,52,20
9973,155,53,116
9974,155,54,-119
9975,155,55,-9
9976,155,56,-11
9977,155,57,76
9978,155,58,58
9979,155,59,-40
9980,155,60,121
9981,155,61,-127
9982,155,62,36
9983,155,63,-12
9984,156,0,90
9985,156,1,-82
9986,156,2,-58
9987,156,3,-117
9988,156,4,118
9989,156,5,-103
9990,156,6,-6
9991,156,7,-5
9992,156,8,51
9993,156,9,29
9994,156,10,-37
9995,156,11,121
9996,156,12,-74
9997,156,13,52
9998,156,14,-44
9999,156,15,29
10000,156,16,-8
10001,156,17,25
10002,156,18,-69
10003,156,19,36
10004,156,20,110
10005,156,21,-71
10006,156,22,-30
10007,156,23,-23
10008,156,24,-44
10009,156,25,26
10010,156,26,13
10011,156,27,-72
10012,156,28,116
10013,156,29,48
10014,156,30,-64
10015,156,31,-79
10016,156,32,16
10017,156,33,31
10018,156,34,19
10019,156,35,-16
10020,156,36,31
10021,156,37,85
10022,156,38,-56
10023,156,39,11
10024,156,40,-46
10025,156,41,-98
10026,156,42,-79
10027,156,43,67
10028,156,44,117
10029,156,45,46
10030,156,46,-31
10031,156,47,71
10032,156,48,-36
10033,156,49,44
10034,156,50,124
10035,156,51,-99
10036,156,52,-107
10037,156,53,-46
10038,156,54,67
10039,156,55,23
10040,156,56,58
10041,156,57,-33
10042,156,58,-37
10043,156,59,-104
10044,156,60,-16
10045,156,61,-89
10046,156,62,-104
10047,156,63,124
10048,157,0,-35
10049,157,1,6
10050,157,2,-36
10051,157,3,40
10052,157,4,-34
10053,157,5,-56
10054,157,6,-7
10055,157,7,89
10056,157,8,-61
10057,157,9,-18
10058,157,10,-111
10059,157,11,-86
10060,157,12,126
10061,157,13,99
10062,157,14,-116
10063,157,15,-44
10064,157,16,91
10065,157,17,-4
10066,157,18,29
10067,157,19,93
10068,157,20,42
10069,157,21,63
10070,157,22,19
10071,157,23,-91
10072,157,24,113
10073,157,25,-52
10074,157,26,-11
10075,157,27,-112
10076,157,28,91
10077,157,29,27
10078,157,30,34
10079,157,31,37
10080,157,32,-82
10081,157,33,11
10082,157,34,60
10083,157,35,-68
10084,157,36,-107
10085,157,37,-54
10086,157,38,-95
10087,157,39,-84
10088,157,40,24
10089,157,41,-31
10090,157,42,-35
10091,157,43,-105
10092,157,44,-80
10093,157,45,40
10094,157,46,77
10095,157,47,15
10096,157,48,-2
10097,157,49,-109
10098,157,50,43
10099,157,51,84
10100,157,52,-109
10101,157,53,84
10102,157,54,72
10103,157,55,-5
10104,157,56,-40
10105,157,57,-31
10106,157,58,-108
10107,157,59,-90
10108,157,60,29
10109,157,61,-113
10110,157,62,32
10111,157,63,49
10112,158,0,5
10113,158,1,75
10114,158,2,-9
10115,158,3,100
10116,158,4,29
10117,158,5,-15
10118,158,6,10
10119,158,7,109
10120,158,8,-117
10121,158,9,42
10122,158,10,72
10123,158,11,61
10124,158,12,64
10125,158,13,-46
10126,158,14,-2
10127,158,15,105
10128,158,16,14
10129,158,17,-119
10130,158,18,-50
10131,158,19,-120
10132,158,20,51
10133,158,21,3
10134,158,22,50
10135,158,23,-33
10136,158,24,59
10137,158,25,122
10138,158,26,56
10139,158,27,2
10140,158,28,-116
10141,158,29,87
10142,158,30,54
10143,158,31,-118
10144,158,32,119
10145,158,33,-29
10146,158,34,13
10147,158,35,-1
10148,158,36,-93
10149,158,37,96
10150,158,38,-98
10151,158,39,-77
10152,158,40,98
10153,158,41,79
10154,158,42,-22
10155,158,43,-78
10156,158,44,83
10157,158,45,8
10158,158,46,101
10159,158,47,40
10160,158,48,-83
10161,158,49,84
10162,158,50,30
10163,158,51,0
10164,158,52,82
10165,158,53,66
10166,158,54,125
10167,158,55,103
10168,158,56,-116
10169,158,57,88
10170,158,58,120
10171,158,59,12
10172,158,60,102
10173,158,61,99
10174,158,62,79
10175,158,63,-34
10176,159,0,98
10177,159,1,53
10178,159,2,-54
10179,159,3,52
10180,159,4,7
10181,159,5,43
10182,159,6,72
10183,159,7,-86
10184,159,8,-123
10185,159,9,-82
10186,159,10,101
10187,159,11,-54
10188,159,12,42
10189,159,13,-113
10190,159,14,-117
10191,159,15,111
10192,159,16,28
10193,159,17,120
10194,159,18,2
10195,159,19,-101
10196,159,20,-101
10197,159,21,42
10198,159,22,-67
10199,159,23,22
10200,159,24,-1
10201,159,25,-127
10202,159,26,118
10203,159,27,-49
10204,159,28,11
10205,159,29,-105
10206,159,30,-35
10207,159,31,-9
10208,159,32,-80
10209,159,33,57
10210,159,34,85
10211,159,35,-8
10212,159,36,69
10213,159,37,-93
10214,159,38,123
10215,159,39,60
10216,159,40,95
10217,159,41,43
10218,159,42,-118
10219,159,43,103
10220,159,44,-26
10221,159,45,45
10222,159,46,-64
10223,159,47,-73
10224,159,48,111
10225,159,49,12
10226,159,50,-90
10227,159,51,58
10228,159,52,120
10229,159,53,-64
10230,159,54,22
10231,159,55,-24
10232,159,56,-10
10233,159,57,-97
10234,159,58,120
10235,159,59,-63
10236,159,60,-27
10237,159,61,-79
10238,159,62,99
10239,159,63,-19
10240,160,0,99
10241,160,1,-61
10242,160,2,-127
10243,160,3,-118
10244,160,4,-126
10245,160,5,0
10246,160,6,85
10247,160,7,-44
10248,160,8,-27
10249,160,9,-26
10250,160,10,117
10251,160,11,33
10252,160,12,15
10253,160,13,93
10254,160,14,51
10255,160,15,77
10256,160,16,55
10257,160,17,-94
10258,160,18,52
10259,160,19,-65
10260,160,20,-53
10261,160,21,30
10262,160,22,118
10263,160,23,-1
10264,160,24,36
10265,160,25,85
10266,160,26,-87
10267,160,27,-95
10268,160,28,-25
10269,160,29,102
10270,160,30,-6
10271,160,31,-49
10272,160,32,-61
10273,160,33,-40
10274,160,34,-105
10275,160,35,-79
10276,160,36,48
10277,160,37,13
10278,160,38,50
10279,160,39,59
10280,160,40,70
10281,160,41,-12
10282,160,42,103
10283,160,43,48
10284,160,44,8
10285,160,45,36
10286,160,46,14
10287,160,47,-36
10288,160,48,107
10289,160,49,23
10290,160,50,85
10291,160,51,-8
10292,160,52,94
10293,160,53,123
10294,160,54,60
10295,160,55,-19
10296,160,56,-114
10297,160,57,42
10298,160,58,33
10299,160,59,37
10300,160,60,-58
10301,160,61,29
10302,160,62,105
10303,160,63,57
10304,161,0,-121
10305,161,1,-92
10306,161,2,-120
10307,161,3,71
10308,161,4,-104
10309,161,5,122
10310,161,6,45
10311,161,7,112
10312,161,8,-84
10313,161,9,116
10314,161,10,110
10315,161,11,-122
10316,161,12,23
10317,161,13,-110
10318,161,14,-55
10319,161,15,-71
10320,161,16,-90
10321,161,17,-21
10322,161,18,-38
10323,161,19,59
10324,161,20,-116
10325,161,21,82
10326,161,22,29
10327,161,23,103
10328,161,24,-25
10329,161,25,-30
10330,161,26,117
10331,161,27,77
10332,161,28,-65
10333,161,29,-101
10334,161,30,111
10335,161,31,-21
10336,161,32,9
10337,161,33,-60
10338,161,34,103
10339,161,35,28
10340,161,36,88
10341,161,37,77
10342,161,38,111
10343,161,39,-55
10344,161,40,124
10345,161,41,-77
10346,161,42,25
10347,161,43,-21
10348,161,44,-46
10349,161,45,93
10350,161,46,-96
10351,161,47,56
10352,161,48,-70
10353,161,49,-16
10354,161,50,-44
10355,161,51,2
10356,161,52,-7
10357,161,53,-105
10358,161,54,-103
10359,161,55,85
10360,161,56,-4
10361,161,57,53
10362,161,58,120
10363,161,59,-33
10364,161,60,68
10365,161,61,28
10366,161,62,-40
10367,161,63,10
10368,162,0,107
10369,162,1,-31
10370,162,2,-5
10371,162,3,-26
10372,162,4,-50
10373,162,5,-88
10374,162,6,112
10375,162,7,-14
10376,162,8,-14
10377,162,9,-104
10378,162,10,-109
10379,162,11,85
10380,162,12,-27
10381,162,13,-27
10382,162,14,118
10383,162,15,115
10384,162,16,46
10385,162,17,-43
10386,162,18,95
10387,162,19,-27
10388,162,20,-90
10389,162,21,-34
10390,162,22,-3
10391,162,23,-71
10392,162,24,-48
10393,162,25,46
10394,162,26,-22
10395,162,27,57
10396,162,28,-113
10397,162,29,-60
10398,162,30,-70
10399,162,31,-74
10400,162,32,-65
10401,162,33,120
10402,162,34,-18
10403,162,35,1
10404,162,36,-126
10405,162,37,-112
10406,162,38,-74
10407,162,39,99
10408,162,40,126
10409,162,41,33
10410,162,42,-38
10411,162,43,-80
10412,162,44,70
10413,162,45,-19
10414,162,46,-83
10415,162,47,98
10416,162,48,7
10417,162,49,124
10418,162,50,112
10419,162,51,123
10420,162,52,72
10421,162,53,-105
10422,162,54,67
10423,162,55,93
10424,162,56,34
10425,162,57,45
10426,162,58,-89
10427,162,59,0
10428,162,60,5
10429,162,61,-41
10430,162,62,-78
10431,162,63,56
10432,163,0,62
10433,163,1,-50
10434,163,2,-115
10435,163,3,56
10436,163,4,6
10437,163,5,64
10438,163,6,-61
10439,163,7,-90
10440,163,8,-33
10441,163,9,-121
10442,163,10,-4
10443,163,11,-58
10444,163,12,-70
10445,163,13,-119
10446,163,14,69
10447,163,15,71
10448,163,16,-73
10449,163,17,99
10450,163,18,45
10451,163,19,-74
10452,163,20,101
10453,163,21,125
10454,163,22,-46
10455,163,23,73
10456,163,24,43
10457,163,25,-31
10458,163,26,118
10459,163,27,112
10460,163,28,-56
10461,163,29,13
10462,163,30,-115
10463,163,31,82
10464,163,32,-72
10465,163,33,-31
10466,163,34,-96
10467,163,35,-121
10468,163,36,95
10469,163,37,-82
10470,163,38,-21
10471,163,39,-97
10472,163,40,-25
10473,163,41,48
10474,163,42,77
10475,163,43,127
10476,163,44,108
10477,163,45,20
10478,163,46,-29
10479,163,47,31
10480,163,48,-81
10481,163,49,78
10482,163,50,25
10483,163,51,18
10484,163,52,-74
10485,163,53,-80
10486,163,54,-59
10487,163,55,-121
10488,163,56,71
10489,163,57,29
10490,163,58,69
10491,163,59,10
10492,163,60,-42
10493,163,61,83
10494,163,62,-117
10495,163,63,-23
10496,164,0,-118
10497,164,1,-10
10498,164,2,-119
10499,164,3,24
10500,164,4,-22
10501,164,5,37
10502,164,6,5
10503,164,7,104
10504,164,8,-69
10505,164,9,48
10506,164,10,12
10507,164,11,-60
10508,164,12,-79
10509,164,13,26
10510,164,14,91
10511,164,15,-34
10512,164,16,56
10513,164,17,-122
10514,164,18,55
10515,164,19,86
10516,164,20,-109
10517,164,21,77
10518,164,22,-56
10519,164,23,38
10520,164,24,-20
10521,164,25,-64
10522,164,26,-4
10523,164,27,87
10524,164,28,-16
10525,164,29,-88
10526,164,30,-121
10527,164,31,-60
10528,164,32,-25
10529,164,33,41
10530,164,34,27
10531,164,35,1
10532,164,36,3
10533,164,37,3
10534,164,38,77
10535,164,39,116
10536,164,40,-32
10537,164,41,101
10538,164,42,57
10539,164,43,126
10540,164,44,22
10541,164,45,65
10542,164,46,15
10543,164,47,68
10544,164,48,11
10545,164,49,21
10546,164,50,86
10547,164,51,34
10548,164,52,23
10549,164,53,-3
10550,164,54,-43
10551,164,55,102
10552,164,56,47
10553,164,57,-2
10554,164,58,-12
10555,164,59,92
10556,164,60,73
10557,164,61,-84
10558,164,62,-105
10559,164,63,99
10560,165,0,86
10561,165,1,8
10562,165,2,-124
10563,165,3,-114
10564,165,4,16
10565,165,5,115
10566,165,6,-22
10567,165,7,93
10568,165,8,65
10569,165,9,-21
10570,165,10,-99
10571,165,11,-62
10572,165,12,90
10573,165,13,-37
10574,165,14,-99
10575,165,15,98
10576,165,16,-61
10577,165,17,-25
10578,165,18,83
10579,165,19,-26
10580,165,20,-28
10581,165,21,20
10582,165,22,31
10583,165,23,52
10584,165,24,-81
10585,165,25,-110
10586,165,26,35
10587,165,27,56
10588,165,28,-68
10589,165,29,110
10590,165,30,78
10591,165,31,61
10592,165,32,101
10593,165,33,-75
10594,165,34,1
10595,165,35,-55
10596,165,36,-8
10597,165,37,-105
10598,165,38,125
10599,165,39,-10
10600,165,40,-16
10601,165,41,-38
10602,165,42,111
10603,165,43,-31
10604,165,44,13
10605,165,45,-106
10606,165,46,104
10607,165,47,86
10608,165,48,49
10609,165,49,-127
10610,165,50,-16
10611,165,51,-13
10612,165,52,-60
10613,165,53,-32
10614,165,54,-15
10615,165,55,105
10616,165,56,4
10617,165,57,-89
10618,165,58,-4
10619,165,59,2
10620,165,60,-71
10621,165,61,87
10622,165,62,1
10623,165,63,92
10624,166,0,-82
10625,166,1,46
10626,166,2,21
10627,166,3,67
10628,166,4,-46
10629,166,5,72
10630,166,6,18
10631,166,7,71
10632,166,8,-121
10633,166,9,-10
10634,166,10,124
10635,166,11,-84
10636,166,12,75
10637,166,13,-113
10638,166,14,-18
10639,166,15,-26
10640,166,16,106
10641,166,17,118
10642,166,18,-45
10643,166,19,-2
10644,166,20,-89
10645,166,21,40
10646,166,22,-65
10647,166,23,9
10648,166,24,-80
10649,166,25,-24
10650,166,26,-92
10651,166,27,121
10652,166,28,-38
10653,166,29,-87
10654,166,30,115
10655,166,31,56
10656,166,32,126
10657,166,33,-54
10658,166,34,-59
10659,166,35,-61
10660,166,36,-53
10661,166,37,83
10662,166,38,44
10663,166,39,19
10664,166,40,83
10665,166,41,-20
10666,166,42,106
10667,166,43,59
10668,166,44,-97
10669,166,45,96
10670,166,46,123
10671,166,47,-77
10672,166,48,70
10673,166,49,-51
10674,166,50,8
10675,166,51,-124
10676,166,52,124
10677,166,53,71
10678,166,54,-114
10679,166,55,119
10680,166,56,3
10681,166,57,63
10682,166,58,-106
10683,166,59,49
10684,166,60,-93
10685,166,61,-125
10686,166,62,-88
10687,166,63,113
10688,167,0,-31
10689,167,1,-80
10690,167,2,16
10691,167,3,-90
10692,167,4,-98
10693,167,5,-43
10694,167,6,18
10695,167,7,94
10696,167,8,38
10697,167,9,-106
10698,167,10,-86
10699,167,11,-127
10700,167,12,64
10701,167,13,-118
10702,167,14,-64
10703,167,15,59
10704,167,16,101
10705,167,17,-125
10706,167,18,75
10707,167,19,12
10708,167,20,81
10709,167,21,6
10710,167,22,102
10711,167,23,33
10712,167,24,-26
10713,167,25,126
10714,167,26,116
10715,167,27,72
10716,167,28,29
10717,167,29,-21
10718,167,30,-24
10719,167,31,-58
10720,167,32,20
10721,167,33,-27
10722,167,34,-46
10723,167,35,58
10724,167,36,89
10725,167,37,36
10726,167,38,-103
10727,167,39,124
10728,167,40,-39
10729,167,41,-47
10730,167,42,3
10731,167,43,-122
10732,167,44,18
10733,167,45,102
10734,167,46,35
10735,167,47,110
10736,167,48,57
10737,167,49,-64
10738,167,50,99
10739,167,51,-15
10740,167,52,-24
10741,167,53,25
10742,167,54,7
10743,167,55,111
10744,167,56,-76
10745,167,57,-123
10746,167,58,-77
10747,167,59,-59
10748,167,60,-105
10749,167,61,-77
10750,167,62,-83
10751,167,63,78
10752,168,0,42
10753,168,1,-22
10754,168,2,-123
10755,168,3,72
10756,168,4,-110
10757,168,5,-113
10758,168,6,-8
10759,168,7,10
10760,168,8,-30
10761,168,9,-34
10762,168,10,42
10763,168,11,59
10764,168,12,107
10765,168,13,-9
10766,168,14,27
10767,168,15,45
10768,168,16,4
10769,168,17,-52
10770,168,18,92
10771,168,19,-74
10772,168,20,-18
10773,168,21,-107
10774,168,22,-28
10775,168,23,26
10776,168,24,34
10777,168,25,49
10778,168,26,111
10779,168,27,79
10780,168,28,-39
10781,168,29,109
10782,168,30,124
10783,168,31,64
10784,168,32,88
10785,168,33,-118
10786,168,34,93
10787,168,35,-24
10788,168,36,94
10789,168,37,-29
10790,168,38,8
10791,168,39,-86
10792,168,40,3
10793,168,41,-97
10794,168,42,-80
10795,168,43,102
10796,168,44,67
10797,168,45,-46
10798,168,46,11
10799,168,47,48
10800,168,48,-25
10801,168,49,42
10802,168,50,37
10803,168,51,-4
10804,168,52,83
10805,168,53,50
10806,168,54,39
10807,168,55,59
10808,168,56,-107
10809,168,57,114
10810,168,58,-78
10811,168,59,-23
10812,168,60,121
10813,168,61,-48
10814,168,62,17
10815,168,63,34
10816,169,0,123
10817,169,1,25
10818,169,2,-78
10819,169,3,-21
10820,169,4,47
10821,169,5,59
10822,169,6,-43
10823,169,7,-87
10824,169,8,55
10825,169,9,44
10826,169,10,99
10827,169,11,51
10828,169,12,-36
10829,169,13,105
10830,169,14,17
10831,169,15,-6
10832,169,16,38
10833,169,17,-40
10834,169,18,64
10835,169,19,-20
10836,169,20,-58
10837,169,21,9
10838,169,22,-97
10839,169,23,-71
10840,169,24,9
10841,169,25,-107
10842,169,26,-111
10843,169,27,62
10844,169,28,-4
10845,169,29,-110
10846,169,30,-49
10847,169,31,-78
10848,169,32,-106
10849,169,33,-5
10850,169,34,105
10851,169,35,116
10852,169,36,5
10853,169,37,-111
10854,169,38,90
10855,169,39,-60
10856,169,40,-109
10857,169,41,34
10858,169,42,-77
10859,169,43,-17
10860,169,44,127
10861,169,45,23
10862,169,46,-107
10863,169,47,83
10864,169,48,-60
10865,169,49,98
10866,169,50,34
10867,169,51,-46
10868,169,52,-121
10869,169,53,40
10870,169,54,-76
10871,169,55,10
10872,169,56,-99
10873,169,57,73
10874,169,58,71
10875,169,59,-67
10876,169,60,98
10877,169,61,118
10878,169,62,35
10879,169,63,-24
10880,170,0,-42
10881,170,1,-82
10882,170,2,114
10883,170,3,-69
10884,170,4,85
10885,170,5,-27
10886,170,6,-98
10887,170,7,-114
10888,170,8,-63
10889,170,9,-36
10890,170,10,-1
10891,170,11,21
10892,170,12,-18
10893,170,13,35
10894,170,14,-104
10895,170,15,-31
10896,170,16,19
10897,170,17,-42
10898,170,18,-105
10899,170,19,104
10900,170,20,36
10901,170,21,78
10902,170,22,-44
10903,170,23,71
10904,170,24,-107
10905,170,25,126
10906,170,26,-18
10907,170,27,103
10908,170,28,121
10909,170,29,66
10910,170,30,121
10911,170,31,66
10912,170,32,122
10913,170,33,-48
10914,170,34,4
10915,170,35,-41
10916,170,36,-42
10917,170,37,89
10918,170,38,-56
10919,170,39,-90
10920,170,40,5
10921,170,41,-97
10922,170,42,-119
10923,170,43,50
10924,170,44,-65
10925,170,45,82
10926,170,46,103
10927,170,47,86
10928,170,48,102
10929,170,49,-55
10930,170,50,0
10931,170,51,97
10932,170,52,119
10933,170,53,43
10934,170,54,-101
10935,170,55,-12
10936,170,56,121
10937,170,57,15
10938,170,58,110
10939,170,59,-80
10940,170,60,-61
10941,170,61,37
10942,170,62,-40
10943,170,63,54
10944,171,0,69
10945,171,1,-39
10946,171,2,-44
10947,171,3,-12
10948,171,4,56
10949,171,5,-55
10950,171,6,99
10951,171,7,103
10952,171,8,68
10953,171,9,79
10954,171,10,25
10955,171,11,-70
10956,171,12,118
10957,171,13,18
10958,171,14,35
10959,171,15,-27
10960,171,16,83
10961,171,17,98
10962,171,18,-39
10963,171,19,-109
10964,171,20,-82
10965,171,21,-81
10966,171,22,117
10967,171,23,-18
10968,171,24,97
10969,171,25,-40
10970,171,26,92
10971,171,27,9
10972,171,28,98
10973,171,29,-100
10974,171,30,-52
10975,171,31,88
10976,171,32,83
10977,171,33,-116
10978,171,34,0
10979,171,35,-59
10980,171,36,65
10981,171,37,-101
10982,171,38,4
10983,171,39,-63
10984,171,40,-95
10985,171,41,27
10986,171,42,38
10987,171,43,-40
10988,171,44,23
10989,171,45,39
10990,171,46,5
10991,171,47,95
10992,171,48,-3
10993,171,49,25
10994,171,50,103
10995,171,51,-2
10996,171,52,0
10997,171,53,120
10998,171,54,-77
10999,171,55,-27
11000,171,56,70
11001,171,57,4
11002,171,58,-72
11003,171,59,-105
11004,171,60,14
11005,171,61,76
11006,171,62,-99
11007,171,63,121
11008,172,0,1
11009,172,1,82
11010,172,2,-60
11011,172,3,124
11012,172,4,-101
11013,172,5,33
11014,172,6,-96
11015,172,7,18
11016,172,8,32
11017,172,9,-40
11018,172,10,-78
11019,172,11,-61
11020,172,12,60
11021,172,13,-56
11022,172,14,-87
11023,172,15,4
11024,172,16,-76
11025,172,17,-50
11026,172,18,68
11027,172,19,-19
11028,172,20,-69
11029,172,21,37
11030,172,22,91
11031,172,23,-81
11032,172,24,68
11033,172,25,-19
11034,172,26,-83
11035,172,27,120
11036,172,28,9
11037,172,29,9
11038,172,30,47
11039,172,31,-50
11040,172,32,-125
11041,172,33,-12
11042,172,34,-104
11043,172,35,108
11044,172,36,49
11045,172,37,37
11046,172,38,48
11047,172,39,-72
11048,172,40,-121
11049,172,41,-98
11050,172,42,-14
11051,172,43,-107
11052,172,44,8
11053,172,45,-17
11054,172,46,-49
11055,172,47,85
11056,172,48,62
11057,172,49,-93
11058,172,50,6
11059,172,51,59
11060,172,52,-49
11061,172,53,12
11062,172,54,-105
11063,172,55,-65
11064,172,56,10
11065,172,57,-75
11066,172,58,-21
11067,172,59,104
11068,172,60,24
11069,172,61,2
11070,172,62,-70
11071,172,63,86
11072,173,0,76
11073,173,1,-23
11074,173,2,-40
11075,173,3,-85
11076,173,4,-71
11077,173,5,-75
11078,173,6,-65
11079,173,7,1
11080,173,8,-30
11081,173,9,-24
11082,173,10,114
11083,173,11,-12
11084,173,12,-113
11085,173,13,-5
11086,173,14,112
11087,173,15,-49
11088,173,16,-75
11089,173,17,64
11090,173,18,-80
11091,173,19,31
11092,173,20,-75
11093,173,21,-73
11094,173,22,100
11095,173,23,-124
11096,173,24,-91
11097,173,25,-26
11098,173,26,121
11099,173,27,111
11100,173,28,20
11101,173,29,-5
11102,173,30,-72
11103,173,31,33
11104,173,32,-101
11105,173,33,-65
11106,173,34,111
11107,173,35,-1
11108,173,36,122
11109,173,37,-74
11110,173,38,77
11111,173,39,-65
11112,173,40,126
11113,173,41,-98
11114,173,42,-64
11115,173,43,-114
11116,173,44,-114
11117,173,45,-125
11118,173,46,-124
11119,173,47,9
11120,173,48,-124
11121,173,49,64
11122,173,50,-97
11123,173,51,44
11124,173,52,-66
11125,173,53,69
11126,173,54,7
11127,173,55,105
11128,173,56,-25
11129,173,57,30
11130,173,58,-61
11131,173,59,-12
11132,173,60,-8
11133,173,61,60
11134,173,62,33
11135,173,63,-50
11136,174,0,123
11137,174,1,-82
11138,174,2,-101
11139,174,3,-89
11140,174,4,10
11141,174,5,-86
11142,174,6,110
11143,174,7,-77
11144,174,8,85
11145,174,9,123
11146,174,10,43
11147,174,11,66
11148,174,12,-109
11149,174,13,-59
11150,174,14,-25
11151,174,15,3
11152,174,16,-102
11153,174,17,-84
11154,174,18,-28
11155,174,19,20
11156,174,20,-38
11157,174,21,43
11158,174,22,88
11159,174,23,1
11160,174,24,99
11161,174,25,63
11162,174,26,44
11163,174,27,-111
11164,174,28,-63
11165,174,29,43
11166,174,30,-61
11167,174,31,114
11168,174,32,122
11169,174,33,1
11170,174,34,13
11171,174,35,-52
11172,174,36,-113
11173,174,37,62
11174,174,38,119
11175,174,39,-7
11176,174,40,33
11177,174,41,-15
11178,174,42,1
11179,174,43,-68
11180,174,44,-67
11181,174,45,-7
11182,174,46,-5
11183,174,47,6
11184,174,48,89
11185,174,49,-78
11186,174,50,65
11187,174,51,56
11188,174,52,-12
11189,174,53,126
11190,174,54,92
11191,174,55,-39
11192,174,56,28
11193,174,57,115
11194,174,58,-124
11195,174,59,-110
11196,174,60,-70
11197,174,61,95
11198,174,62,-25
11199,174,63,-75
11200,175,0,-7
11201,175,1,-69
11202,175,2,45
11203,175,3,-21
11204,175,4,-103
11205,175,5,-100
11206,175,6,-15
11207,175,7,119
11208,175,8,-44
11209,175,9,64
11210,175,10,9
11211,175,11,-116
11212,175,12,87
11213,175,13,58
11214,175,14,107
11215,175,15,71
11216,175,16,-70
11217,175,17,-75
11218,175,18,-9
11219,175,19,80
11220,175,20,11
11221,175,21,18
11222,175,22,-104
11223,175,23,83
11224,175,24,18
11225,175,25,-65
11226,175,26,-101
11227,175,27,111
11228,175,28,-14
11229,175,29,79
11230,175,30,44
11231,175,31,34
11232,175,32,-80
11233,175,33,-103
11234,175,34,106
11235,175,35,107
11236,175,36,94
11237,175,37,108
11238,175,38,-106
11239,175,39,71
11240,175,40,-93
11241,175,41,-20
11242,175,42,-14
11243,175,43,81
11244,175,44,-10
11245,175,45,124
11246,175,46,-84
11247,175,47,72
11248,175,48,-58
11249,175,49,-88
11250,175,50,-124
11251,175,51,75
11252,175,52,-11
11253,175,53,122
11254,175,54,87
11255,175,55,-88
11256,175,56,12
11257,175,57,-77
11258,175,58,4
11259,175,59,98
11260,175,60,57
11261,175,61,-79
11262,175,62,28
11263,175,63,82
11264,176,0,58
11265,176,1,-124
11266,176,2,100
11267,176,3,-47
11268,176,4,95
11269,176,5,-39
11270,176,6,-35
11271,176,7,-98
11272,176,8,15
11273,176,9,105
11274,176,10,98
11275,176,11,-21
11276,176,12,59
11277,176,13,75
11278,176,14,89
11279,176,15,-19
11280,176,16,-37
11281,176,17,104
11282,176,18,-51
11283,176,19,97
11284,176,20,-103
11285,176,21,48
11286,176,22,123
11287,176,23,87
11288,176,24,107
11289,176,25,-46
11290,176,26,70
11291,176,27,-48
11292,176,28,-97
11293,176,29,-6
11294,176,30,24
11295,176,31,93
11296,176,32,1
11297,176,33,18
11298,176,34,-26
11299,176,35,79
11300,176,36,-64
11301,176,37,82
11302,176,38,-68
11303,176,39,71
11304,176,40,72
11305,176,41,-92
11306,176,42,-45
11307,176,43,23
11308,176,44,83
11309,176,45,-61
11310,176,46,54
11311,176,47,105
11312,176,48,54
11313,176,49,96
11314,176,50,61
11315,176,51,-52
11316,176,52,31
11317,176,53,47
11318,176,54,30
11319,176,55,-64
11320,176,56,93
11321,176,57,-73
11322,176,58,-60
11323,176,59,26
11324,176,60,-106
11325,176,61,-106
11326,176,62,44
11327,176,63,44
11328,177,0,42
11329,177,1,78
11330,177,2,-105
11331,177,3,-58
11332,177,4,-48
11333,177,5,74
11334,177,6,54
11335,177,7,-119
11336,177,8,-51
11337,177,9,6
11338,177,10,82
11339,177,11,59
11340,177,12,-52
11341,177,13,-28
11342,177,14,46
11343,177,15,125
11344,177,16,-73
11345,177,17,66
11346,177,18,2
11347,177,19,9
11348,177,20,12
11349,177,21,-97
11350,177,22,115
11351,177,23,127
11352,177,24,36
11353,177,25,-73
11354,177,26,-22
11355,177,27,53
11356,177,28,48
11357,177,29,-4
11358,177,30,99
11359,177,31,61
11360,177,32,108
11361,177,33,-123
11362,177,34,2
11363,177,35,-116
11364,177,36,-105
11365,177,37,-22
11366,177,38,22
11367,177,39,-9
11368,177,40,33
11369,177,41,61
11370,177,42,-25
11371,177,43,-107
11372,177,44,5
11373,177,45,38
11374,177,46,-85
11375,177,47,62
11376,177,48,-101
11377,177,49,41
11378,177,50,-68
11379,177,51,39
11380,177,52,-5
11381,177,53,36
11382,177,54,86
11383,177,55,-28
11384,177,56,-90
11385,177,57,-82
11386,177,58,-83
11387,177,59,108
11388,177,60,-79
11389,177,61,114
11390,177,62,12
11391,177,63,76
11392,178,0,18
11393,178,1,-106
11394,178,2,-31
11395,178,3,18
11396,178,4,-42
11397,178,5,-73
11398,178,6,-107
11399,178,7,-81
11400,178,8,-5
11401,178,9,-103
11402,178,10,-113
11403,178,11,114
11404,178,12,-24
11405,178,13,101
11406,178,14,113
11407,178,15,104
11408,178,16,-60
11409,178,17,9
11410,178,18,85
11411,178,19,-20
11412,178,20,28
11413,178,21,60
11414,178,22,76
11415,178,23,21
11416,178,24,57
11417,178,25,-124
11418,178,26,115
11419,178,27,96
11420,178,28,-38
11421,178,29,-52
11422,178,30,82
11423,178,31,32
11424,178,32,-70
11425,178,33,-16
11426,178,34,-90
11427,178,35,-27
11428,178,36,47
11429,178,37,45
11430,178,38,1
11431,178,39,105
11432,178,40,-118
11433,178,41,116
11434,178,42,-103
11435,178,43,32
11436,178,44,21
11437,178,45,45
11438,178,46,73
11439,178,47,29
11440,178,48,-39
11441,178,49,-5
11442,178,50,-119
11443,178,51,-99
11444,178,52,32
11445,178,53,-58
11446,178,54,-125
11447,178,55,-6
11448,178,56,109
11449,178,57,13
11450,178,58,-93
11451,178,59,51
11452,178,60,8
11453,178,61,-73
11454,178,62,-20
11455,178,63,-115
11456,179,0,-50
11457,179,1,-91
11458,179,2,-47
11459,179,3,59
11460,179,4,126
11461,179,5,92
11462,179,6,57
11463,179,7,107
11464,179,8,-127
11465,179,9,81
11466,179,10,91
11467,179,11,-27
11468,179,12,62
11469,179,13,-96
11470,179,14,-5
11471,179,15,-40
11472,179,16,26
11473,179,17,-42
11474,179,18,123
11475,179,19,104
11476,179,20,-40
11477,179,21,62
11478,179,22,10
11479,179,23,3
11480,179,24,-75
11481,179,25,40
11482,179,26,-4
11483,179,27,-85
11484,179,28,71
11485,179,29,-125
11486,179,30,37
11487,179,31,19
11488,179,32,0
11489,179,33,-30
11490,179,34,-95
11491,179,35,87
11492,179,36,99
11493,179,37,-93
11494,179,38,39
11495,179,39,39
11496,179,40,32
11497,179,41,-31
11498,179,42,-80
11499,179,43,-84
11500,179,44,19
11501,179,45,-65
11502,179,46,-100
11503,179,47,121
11504,179,48,48
11505,179,49,-110
11506,179,50,80
11507,179,51,-89
11508,179,52,67
11509,179,53,-56
11510,179,54,-31
11511,179,55,118
11512,179,56,-81
11513,179,57,-83
11514,179,58,62
11515,179,59,-8
11516,179,60,97
11517,179,61,26
11518,179,62,28
11519,179,63,45
11520,180,0,-56
11521,180,1,25
11522,180,2,2
11523,180,3,-63
11524,180,4,-111
11525,180,5,-112
11526,180,6,3
11527,180,7,-17
11528,180,8,-89
11529,180,9,33
11530,180,10,127
11531,180,11,96
11532,180,12,44
11533,180,13,45
11534,180,14,18
11535,180,15,59
11536,180,16,98
11537,180,17,125
11538,180,18,61
11539,180,19,-15
11540,180,20,-102
11541,180,21,-119
11542,180,22,73
11543,180,23,2
11544,180,24,-81
11545,180,25,-99
11546,180,26,119
11547,180,27,-117
11548,180,28,-65
11549,180,29,53
11550,180,30,79
11551,180,31,-85
11552,180,32,37
11553,180,33,102
11554,180,34,102
11555,180,35,116
11556,180,36,-86
11557,180,37,81
11558,180,38,10
11559,180,39,73
11560,180,40,-48
11561,180,41,61
11562,180,42,-114
11563,180,43,105
11564,180,44,47
11565,180,45,-77
11566,180,46,-84
11567,180,47,57
11568,180,48,57
11569,180,49,76
11570,180,50,-63
11571,180,51,-35
11572,180,52,5
11573,180,53,105
11574,180,54,16
11575,180,55,-38
11576,180,56,73
11577,180,57,-110
11578,180,58,-63
11579,180,59,-94
11580,180,60,-38
11581,180,61,43
11582,180,62,-90
11583,180,63,-98
11584,181,0,45
11585,181,1,-47
11586,181,2,-42
11587,181,3,-111
11588,181,4,-13
11589,181,5,-46
11590,181,6,-13
11591,181,7,-27
11592,181,8,10
11593,181,9,-96
11594,181,10,56
11595,181,11,-64
11596,181,12,58
11597,181,13,-126
11598,181,14,-117
11599,181,15,72
11600,181,16,111
11601,181,17,-101
11602,181,18,42
11603,181,19,60
11604,181,20,86
11605,181,21,-62
11606,181,22,53
11607,181,23,-94
11608,181,24,16
11609,181,25,-42
11610,181,26,118
11611,181,27,-84
11612,181,28,-62
11613,181,29,62
11614,181,30,78
11615,181,31,90
11616,181,32,-19
11617,181,33,73
11618,181,34,6
11619,181,35,-101
11620,181,36,37
11621,181,37,-37
11622,181,38,2
11623,181,39,95
11624,181,40,53
11625,181,41,61
11626,181,42,24
11627,181,43,40
11628,181,44,-48
11629,181,45,37
11630,181,46,32
11631,181,47,84
11632,181,48,-36
11633,181,49,65
11634,181,50,51
11635,181,51,-122
11636,181,52,24
11637,181,53,58
11638,181,54,-76
11639,181,55,90
11640,181,56,-40
11641,181,57,-36
11642,181,58,-118
11643,181,59,-72
11644,181,60,-89
11645,181,61,3
11646,181,62,59
11647,181,63,98
11648,182,0,-47
11649,182,1,123
11650,182,2,33
11651,182,3,-122
11652,182,4,52
11653,182,5,23
11654,182,6,-86
11655,182,7,24
11656,182,8,80
11657,182,9,108
11658,182,10,-113
11659,182,11,53
11660,182,12,86
11661,182,13,-61
11662,182,14,-70
11663,182,15,39
11664,182,16,-60
11665,182,17,51
11666,182,18,-99
11667,182,19,47
11668,182,20,69
11669,182,21,-31
11670,182,22,42
11671,182,23,-125
11672,182,24,33
11673,182,25,84
11674,182,26,99
11675,182,27,-51
11676,182,28,-96
11677,182,29,-8
11678,182,30,-44
11679,182,31,75
11680,182,32,85
11681,182,33,-49
11682,182,34,74
11683,182,35,-112
11684,182,36,-62
11685,182,37,114
11686,182,38,-21
11687,182,39,-53
11688,182,40,121
11689,182,41,-123
11690,182,42,21
11691,182,43,60
11692,182,44,99
11693,182,45,-61
11694,182,46,101
11695,182,47,12
11696,182,48,-103
11697,182,49,-118
11698,182,50,27
11699,182,51,-125
11700,182,52,-91
11701,182,53,-34
11702,182,54,-6
11703,182,55,83
11704,182,56,-103
11705,182,57,-23
11706,182,58,-19
11707,182,59,-17
11708,182,60,44
11709,182,61,-102
11710,182,62,-92
11711,182,63,93
11712,183,0,25
11713,183,1,-83
11714,183,2,86
11715,183,3,-40
11716,183,4,60
11717,183,5,-126
11718,183,6,-55
11719,183,7,-13
11720,183,8,-83
11721,183,9,4
11722,183,10,78
11723,183,11,81
11724,183,12,-27
11725,183,13,106
11726,183,14,48
11727,183,15,-109
11728,183,16,-24
11729,183,17,14
11730,183,18,-55
11731,183,19,-14
11732,183,20,-88
11733,183,21,-25
11734,183,22,96
11735,183,23,112
11736,183,24,-123
11737,183,25,-111
11738,183,26,108
11739,183,27,35
11740,183,28,104
11741,183,29,105
11742,183,30,-125
11743,183,31,17
11744,183,32,-78
11745,183,33,-7
11746,183,34,-35
11747,183,35,-21
11748,183,36,-29
11749,183,37,82
11750,183,38,-69
11751,183,39,122
11752,183,40,100
11753,183,41,-18
11754,183,42,-26
11755,183,43,42
11756,183,44,91
11757,183,45,-122
11758,183,46,-20
11759,183,47,80
11760,183,48,37
11761,183,49,-88
11762,183,50,94
11763,183,51,51
11764,183,52,-82
11765,183,53,-10
11766,183,54,75
11767,183,55,57
11768,183,56,16
11769,183,57,-54
11770,183,58,-41
11771,183,59,-75
11772,183,60,-122
11773,183,61,-76
11774,183,62,-102
11775,183,63,-114
11776,184,0,-98
11777,184,1,96
11778,184,2,68
11779,184,3,-93
11780,184,4,72
11781,184,5,-28
11782,184,6,-1
11783,184,7,56
11784,184,8,81
11785,184,9,115
11786,184,10,117
11787,184,11,124
11788,184,12,-59
11789,184,13,-51
11790,184,14,-125
11791,184,15,32
11792,184,16,-56
11793,184,17,35
11794,184,18,-74
11795,184,19,-39
11796,184,20,-125
11797,184,21,64
11798,184,22,-5
11799,184,23,45
11800,184,24,89
11801,184,25,-109
11802,184,26,-48
11803,184,27,-108
11804,184,28,6
11805,184,29,1
11806,184,30,103
11807,184,31,95
11808,184,32,41
11809,184,33,47
11810,184,34,-92
11811,184,35,-16
11812,184,36,7
11813,184,37,115
11814,184,38,77
11815,184,39,-14
11816,184,40,-36
11817,184,41,-105
11818,184,42,44
11819,184,43,118
11820,184,44,61
11821,184,45,77
11822,184,46,20
11823,184,47,62
11824,184,48,23
11825,184,49,90
11826,184,50,123
11827,184,51,59
11828,184,52,-18
11829,184,53,99
11830,184,54,55
11831,184,55,-89
11832,184,56,-13
11833,184,57,53
11834,184,58,81
11835,184,59,125
11836,184,60,118
11837,184,61,117
11838,184,62,-56
11839,184,63,51
11840,185,0,107
11841,185,1,-36
11842,185,2,30
11843,185,3,-95
11844,185,4,-89
11845,185,5,-91
11846,185,6,12
11847,185,7,48
11848,185,8,-7
11849,185,9,-28
11850,185,10,6
11851,185,11,43
11852,185,12,-34
11853,185,13,15
11854,185,14,101
11855,185,15,82
11856,185,16,89
11857,185,17,121
11858,185,18,-99
11859,185,19,-29
11860,185,20,12
11861,185,21,65
11862,185,22,-3
11863,185,23,-91
11864,185,24,41
11865,185,25,63
11866,185,26,54
11867,185,27,107
11868,185,28,-120
11869,185,29,-111
11870,185,30,63
11871,185,31,-5
11872,185,32,-47
11873,185,33,89
11874,185,34,111
11875,185,35,-54
11876,185,36,75
11877,185,37,104
11878,185,38,-98
11879,185,39,122
11880,185,40,-71
11881,185,41,-87
11882,185,42,126
11883,185,43,-25
11884,185,44,-127
11885,185,45,0
11886,185,46,-27
11887,185,47,-50
11888,185,48,83
11889,185,49,107
11890,185,50,-51
11891,185,51,-115
11892,185,52,-71
11893,185,53,60
11894,185,54,-94
11895,185,55,-120
11896,185,56,93
11897,185,57,102
11898,185,58,-57
11899,185,59,52
11900,185,60,-50
11901,185,61,-106
11902,185,62,118
11903,185,63,-109
11904,186,0,20
11905,186,1,-102
11906,186,2,-113
11907,186,3,-67
11908,186,4,82
11909,186,5,-124
11910,186,6,29
11911,186,7,37
11912,186,8,6
11913,186,9,-7
11914,186,10,-69
11915,186,11,36
11916,186,12,-89
11917,186,13,59
11918,186,14,-23
11919,186,15,83
11920,186,16,99
11921,186,17,-40
11922,186,18,-92
11923,186,19,38
11924,186,20,-68
11925,186,21,90
11926,186,22,-97
11927,186,23,-120
11928,186,24,-2
11929,186,25,71
11930,186,26,-51
11931,186,27,49
11932,186,28,-60
11933,186,29,126
11934,186,30,-99
11935,186,31,22
11936,186,32,11
11937,186,33,15
11938,186,34,-25
11939,186,35,-67
11940,186,36,-121
11941,186,37,16
11942,186,38,13
11943,186,39,23
11944,186,40,-96
11945,186,41,68
11946,186,42,64
11947,186,43,55
11948,186,44,43
11949,186,45,-58
11950,186,46,-111
11951,186,47,-86
11952,186,48,-88
11953,186,49,-59
11954,186,50,50
11955,186,51,27
11956,186,52,-120
11957,186,53,46
11958,186,54,-120
11959,186,55,118
11960,186,56,105
11961,186,57,64
11962,186,58,-98
11963,186,59,82
11964,186,60,-116
11965,186,61,-9
11966,186,62,18
11967,186,63,-46
11968,187,0,51
11969,187,1,35
11970,187,2,31
11971,187,3,3
11972,187,4,51
11973,187,5,-84
11974,187,6,-97
11975,187,7,-57
11976,187,8,-51
11977,187,9,88
11978,187,10,111
11979,187,11,35
11980,187,12,17
11981,187,13,112
11982,187,14,81
11983,187,15,-5
11984,187,16,120
11985,187,17,0
11986,187,18,117
11987,187,19,44
11988,187,20,65
11989,187,21,83
11990,187,22,92
11991,187,23,-47
11992,187,24,102
11993,187,25,-84
11994,187,26,-78
11995,187,27,46
11996,187,28,-124
11997,187,29,56
11998,187,30,-99
11999,187,31,-88
12000,187,32,82
12001,187,33,-60
12002,187,34,-62
12003,187,35,47
12004,187,36,-49
12005,187,37,86
12006,187,38,-114
12007,187,39,80
12008,187,40,-3
12009,187,41,-4
12010,187,42,103
12011,187,43,-9
12012,187,44,68
12013,187,45,-83
12014,187,46,1
12015,187,47,116
12016,187,48,79
12017,187,49,-20
12018,187,50,62
12019,187,51,-80
12020,187,52,-104
12021,187,53,-58
12022,187,54,-110
12023,187,55,22
12024,187,56,32
12025,187,57,38
12026,187,58,-69
12027,187,59,-88
12028,187,60,68
12029,187,61,25
12030,187,62,-109
12031,187,63,-115
12032,188,0,84
12033,188,1,-120
12034,188,2,111
12035,188,3,70
12036,188,4,25
12037,188,5,-101
12038,188,6,62
12039,188,7,-55
12040,188,8,-93
12041,188,9,20
12042,188,10,-83
12043,188,11,97
12044,188,12,-9
12045,188,13,117
12046,188,14,82
12047,188,15,58
12048,188,16,-23
12049,188,17,2
12050,188,18,59
12051,188,19,86
12052,188,20,107
12053,188,21,103
12054,188,22,-102
12055,188,23,81
12056,188,24,-34
12057,188,25,-90
12058,188,26,-107
12059,188,27,64
12060,188,28,-8
12061,188,29,-27
12062,188,30,-102
12063,188,31,-15
12064,188,32,42
12065,188,33,30
12066,188,34,34
12067,188,35,-56
12068,188,36,-26
12069,188,37,-74
12070,188,38,43
12071,188,39,4
12072,188,40,-53
12073,188,41,88
12074,188,42,15
12075,188,43,-30
12076,188,44,73
12077,188,45,1
12078,188,46,-119
12079,188,47,120
12080,188,48,96
12081,188,49,-31
12082,188,50,-71
12083,188,51,-63
12084,188,52,58
12085,188,53,39
12086,188,54,65
12087,188,55,-109
12088,188,56,81
12089,188,57,-36
12090,188,58,-29
12091,188,59,66
12092,188,60,15
12093,188,61,-23
12094,188,62,-58
12095,188,63,67
12096,189,0,-19
12097,189,1,119
12098,189,2,-20
12099,189,3,23
12100,189,4,-61
12101,189,5,28
12102,189,6,-88
12103,189,7,59
12104,189,8,-19
12105,189,9,39
12106,189,10,-49
12107,189,11,75
12108,189,12,-14
12109,189,13,28
12110,189,14,93
12111,189,15,-9
12112,189,16,17
12113,189,17,-116
12114,189,18,117
12115,189,19,-49
12116,189,20,45
12117,189,21,-103
12118,189,22,56
12119,189,23,-22
12120,189,24,23
12121,189,25,-34
12122,189,26,-38
12123,189,27,-13
12124,189,28,69
12125,189,29,36
12126,189,30,-106
12127,189,31,-123
12128,189,32,-89
12129,189,33,-92
12130,189,34,-45
12131,189,35,-27
12132,189,36,-44
12133,189,37,89
12134,189,38,71
12135,189,39,89
12136,189,40,-109
12137,189,41,-24
12138,189,42,-15
12139,189,43,119
12140,189,44,74
12141,189,45,12
12142,189,46,-83
12143,189,47,61
12144,189,48,10
12145,189,49,75
12146,189,50,-72
12147,189,51,-72
12148,189,52,-116
12149,189,53,86
12150,189,54,-20
12151,189,55,8
12152,189,56,43
12153,189,57,-38
12154,189,58,-120
12155,189,59,89
12156,189,60,117
12157,189,61,15
12158,189,62,105
12159,189,63,-110
12160,190,0,53
12161,190,1,-45
12162,190,2,-5
12163,190,3,45
12164,190,4,-84
12165,190,5,37
12166,190,6,-112
12167,190,7,-55
12168,190,8,-12
12169,190,9,73
12170,190,10,79
12171,190,11,-8
12172,190,12,125
12173,190,13,-2
12174,190,14,-90
12175,190,15,46
12176,190,16,61
12177,190,17,78
12178,190,18,55
12179,190,19,86
12180,190,20,84
12181,190,21,30
12182,190,22,-75
12183,190,23,-30
12184,190,24,-27
12185,190,25,13
12186,190,26,43
12187,190,27,-76
12188,190,28,25
12189,190,29,-62
12190,190,30,-80
12191,190,31,-95
12192,190,32,-55
12193,190,33,-114
12194,190,34,-64
12195,190,35,120
12196,190,36,-113
12197,190,37,23
12198,190,38,98
12199,190,39,-56
12200,190,40,41
12201,190,41,18
12202,190,42,-6
12203,190,43,-74
12204,190,44,33
12205,190,45,-82
12206,190,46,1
12207,190,47,70
12208,190,48,54
12209,190,49,119
12210,190,50,89
12211,190,51,67
12212,190,52,-44
12213,190,53,-127
12214,190,54,113
12215,190,55,-29
12216,190,56,45
12217,190,57,84
12218,190,58,-91
12219,190,59,-44
12220,190,60,-54
12221,190,61,-96
12222,190,62,75
12223,190,63,-11
12224,191,0,-37
12225,191,1,-117
12226,191,2,108
12227,191,3,-47
12228,191,4,42
12229,191,5,80
12230,191,6,-113
12231,191,7,52
12232,191,8,-27
12233,191,9,-23
12234,191,10,-61
12235,191,11,120
12236,191,12,-53
12237,191,13,4
12238,191,14,-65
12239,191,15,60
12240,191,16,89
12241,191,17,-67
12242,191,18,108
12243,191,19,-104
12244,191,20,116
12245,191,21,91
12246,191,22,-96
12247,191,23,53
12248,191,24,-38
12249,191,25,69
12250,191,26,-95
12251,191,27,-118
12252,191,28,-124
12253,191,29,38
12254,191,30,-9
12255,191,31,-109
12256,191,32,29
12257,191,33,35
12258,191,34,89
12259,191,35,87
12260,191,36,40
12261,191,37,-62
12262,191,38,81
12263,191,39,42
12264,191,40,-79
12265,191,41,-23
12266,191,42,82
12267,191,43,-119
12268,191,44,-102
12269,191,45,-59
12270,191,46,23
12271,191,47,-47
12272,191,48,18
12273,191,49,-82
12274,191,50,68
12275,191,51,-34
12276,191,52,-81
12277,191,53,-58
12278,191,54,-119
12279,191,55,31
12280,191,56,-101
12281,191,57,-114
12282,191,58,46
12283,191,59,-74
12284,191,60,6
12285,191,61,7
12286,191,62,58
12287,191,63,-112
12288,192,0,114
12289,192,1,-47
12290,192,2,88
12291,192,3,-121
12292,192,4,64
12293,192,5,-41
12294,192,6,0
12295,192,7,22
12296,192,8,68
12297,192,9,4
12298,192,10,107
12299,192,11,-119
12300,192,12,-33
12301,192,13,-56
12302,192,14,105
12303,192,15,117
12304,192,16,101
12305,192,17,17
12306,192,18,-76
12307,192,19,96
12308,192,20,114
12309,192,21,-50
12310,192,22,93
12311,192,23,93
12312,192,24,113
12313,192,25,-26
12314,192,26,89
12315,192,27,45
12316,192,28,-86
12317,192,29,-75
12318,192,30,-69
12319,192,31,-24
12320,192,32,-44
12321,192,33,122
12322,192,34,-41
12323,192,35,-36
12324,192,36,-86
12325,192,37,36
12326,192,38,123
12327,192,39,12
12328,192,40,-55
12329,192,41,101
12330,192,42,119
12331,192,43,-104
12332,192,44,-72
12333,192,45,-44
12334,192,46,-107
12335,192,47,-14
12336,192,48,-84
12337,192,49,-1
12338,192,50,99
12339,192,51,-63
12340,192,52,-29
12341,192,53,109
12342,192,54,52
12343,192,55,-24
12344,192,56,-17
12345,192,57,27
12346,192,58,-115
12347,192,59,-89
12348,192,60,79
12349,192,61,-1
12350,192,62,58
12351,192,63,-32
12352,193,0,-106
12353,193,1,4
12354,193,2,-110
12355,193,3,5
12356,193,4,2
12357,193,5,56
12358,193,6,-65
12359,193,7,-46
12360,193,8,-71
12361,193,9,120
12362,193,10,-30
12363,193,11,-92
12364,193,12,111
12365,193,13,-112
12366,193,14,50
12367,193,15,-81
12368,193,16,-70
12369,193,17,93
12370,193,18,-81
12371,193,19,73
12372,193,20,99
12373,193,21,111
12374,193,22,67
12375,193,23,-26
12376,193,24,-86
12377,193,25,51
12378,193,26,5
12379,193,27,116
12380,193,28,35
12381,193,29,107
12382,193,30,-61
12383,193,31,-82
12384,193,32,-66
12385,193,33,121
12386,193,34,98
12387,193,35,-27
12388,193,36,-123
12389,193,37,1
12390,193,38,-67
12391,193,39,121
12392,193,40,112
12393,193,41,-48
12394,193,42,26
12395,193,43,111
12396,193,44,114
12397,193,45,-70
12398,193,46,-80
12399,193,47,-18
12400,193,48,-115
12401,193,49,94
12402,193,50,123
12403,193,51,-71
12404,193,52,-11
12405,193,53,-64
12406,193,54,29
12407,193,55,-50
12408,193,56,37
12409,193,57,-25
12410,193,58,51
12411,193,59,59
12412,193,60,30
12413,193,61,-56
12414,193,62,71
12415,193,63,120
12416,194,0,74
12417,194,1,-8
12418,194,2,-66
12419,194,3,115
12420,194,4,-96
12421,194,5,100
12422,194,6,-45
12423,194,7,30
12424,194,8,44
12425,194,9,-45
12426,194,10,24
12427,194,11,-114
12428,194,12,110
12429,194,13,-47
12430,194,14,3
12431,194,15,-52
12432,194,16,-17
12433,194,17,-2
12434,194,18,71
12435,194,19,-2
12436,194,20,-31
12437,194,21,116
12438,194,22,83
12439,194,23,43
12440,194,24,-113
12441,194,25,22
12442,194,26,-103
12443,194,27,40
12444,194,28,-107
12445,194,29,104
12446,194,30,71
12447,194,31,97
12448,194,32,112
12449,194,33,-118
12450,194,34,85
12451,194,35,-116
12452,194,36,97
12453,194,37,-69
12454,194,38,-122
12455,194,39,115
12456,194,40,45
12457,194,41,-13
12458,194,42,-71
12459,194,43,80
12460,194,44,-14
12461,194,45,-104
12462,194,46,-71
12463,194,47,68
12464,194,48,72
12465,194,49,-96
12466,194,50,-69
12467,194,51,-96
12468,194,52,-95
12469,194,53,-32
12470,194,54,-89
12471,194,55,34
12472,194,56,54
12473,194,57,-75
12474,194,58,-48
12475,194,59,32
12476,194,60,104
12477,194,61,36
12478,194,62,-33
12479,194,63,-15
12480,195,0,121
12481,195,1,-46
12482,195,2,-33
12483,195,3,-118
12484,195,4,75
12485,195,5,6
12486,195,6,47
12487,195,7,82
12488,195,8,56
12489,195,9,-42
12490,195,10,-84
12491,195,11,45
12492,195,12,94
12493,195,13,-14
12494,195,14,-127
12495,195,15,-12
12496,195,16,-55
12497,195,17,-73
12498,195,18,2
12499,195,19,95
12500,195,20,-79
12501,195,21,67
12502,195,22,-34
12503,195,23,12
12504,195,24,-8
12505,195,25,-2
12506,195,26,-68
12507,195,27,125
12508,195,28,46
12509,195,29,67
12510,195,30,92
12511,195,31,-43
12512,195,32,-11
12513,195,33,-43
12514,195,34,-31
12515,195,35,44
12516,195,36,-35
12517,195,37,-1
12518,195,38,73
12519,195,39,-72
12520,195,40,82
12521,195,41,80
12522,195,42,-64
12523,195,43,26
12524,195,44,-38
12525,195,45,-2
12526,195,46,22
12527,195,47,-124
12528,195,48,-5
12529,195,49,-76
12530,195,50,-72
12531,195,51,52
12532,195,52,48
12533,195,53,64
12534,195,54,-40
12535,195,55,76
12536,195,56,48
12537,195,57,94
12538,195,58,65
12539,195,59,-85
12540,195,60,87
12541,195,61,-59
12542,195,62,126
12543,195,63,4
12544,196,0,-111
12545,196,1,-104
12546,196,2,-115
12547,196,3,-49
12548,196,4,3
12549,196,5,40
12550,196,6,22
12551,196,7,-90
12552,196,8,-104
12553,196,9,-44
12554,196,10,94
12555,196,11,-127
12556,196,12,53
12557,196,13,106
12558,196,14,51
12559,196,15,-105
12560,196,16,49
12561,196,17,98
12562,196,18,-4
12563,196,19,-13
12564,196,20,4
12565,196,21,-72
12566,196,22,-4
12567,196,23,-18
12568,196,24,-54
12569,196,25,-25
12570,196,26,-43
12571,196,27,-3
12572,196,28,-67
12573,196,29,-7
12574,196,30,-50
12575,196,31,120
12576,196,32,32
12577,196,33,41
12578,196,34,25
12579,196,35,53
12580,196,36,-52
12581,196,37,30
12582,196,38,-50
12583,196,39,87
12584,196,40,89
12585,196,41,46
12586,196,42,110
12587,196,43,-83
12588,196,44,-44
12589,196,45,6
12590,196,46,-52
12591,196,47,-91
12592,196,48,83
12593,196,49,-122
12594,196,50,118
12595,196,51,-121
12596,196,52,124
12597,196,53,104
12598,196,54,40
12599,196,55,87
12600,196,56,-66
12601,196,57,-77
12602,196,58,86
12603,196,59,-27
12604,196,60,8
12605,196,61,-97
12606,196,62,-113
12607,196,63,104
12608,197,0,14
12609,197,1,71
12610,197,2,-87
12611,197,3,55
12612,197,4,-58
12613,197,5,-3
12614,197,6,62
12615,197,7,51
12616,197,8,-49
12617,197,9,99
12618,197,10,31
12619,197,11,-85
12620,197,12,-92
12621,197,13,-55
12622,197,14,-73
12623,197,15,-43
12624,197,16,86
12625,197,17,-15
12626,197,18,-28
12627,197,19,-22
12628,197,20,4
12629,197,21,10
12630,197,22,-95
12631,197,23,-35
12632,197,24,-27
12633,197,25,-26
12634,197,26,71
12635,197,27,-126
12636,197,28,-15
12637,197,29,21
12638,197,30,124
12639,197,31,-16
12640,197,32,-122
12641,197,33,-10
12642,197,34,-106
12643,197,35,114
12644,197,36,-34
12645,197,37,84
12646,197,38,18
12647,197,39,65
12648,197,40,41
12649,197,41,-46
12650,197,42,-117
12651,197,43,112
12652,197,44,126
12653,197,45,106
12654,197,46,79
12655,197,47,-32
12656,197,48,0
12657,197,49,82
12658,197,50,-89
12659,197,51,-15
12660,197,52,-13
12661,197,53,13
12662,197,54,30
12663,197,55,122
12664,197,56,31
12665,197,57,-123
12666,197,58,20
12667,197,59,66
12668,197,60,14
12669,197,61,54
12670,197,62,-119
12671,197,63,109
12672,198,0,-122
12673,198,1,-87
12674,198,2,-75
12675,198,3,127
12676,198,4,95
12677,198,5,-20
12678,198,6,50
12679,198,7,85
12680,198,8,127
12681,198,9,-75
12682,198,10,-46
12683,198,11,-15
12684,198,12,19
12685,198,13,-86
12686,198,14,-113
12687,198,15,-2
12688,198,16,-96
12689,198,17,-104
12690,198,18,-67
12691,198,19,94
12692,198,20,-122
12693,198,21,40
12694,198,22,-99
12695,198,23,-67
12696,198,24,12
12697,198,25,-7
12698,198,26,-37
12699,198,27,-124
12700,198,28,-40
12701,198,29,78
12702,198,30,89
12703,198,31,-125
12704,198,32,-16
12705,198,33,87
12706,198,34,-88
12707,198,35,-68
12708,198,36,-57
12709,198,37,67
12710,198,38,-1
12711,198,39,84
12712,198,40,9
12713,198,41,122
12714,198,42,115
12715,198,43,-51
12716,198,44,-50
12717,198,45,-41
12718,198,46,122
12719,198,47,-79
12720,198,48,108
12721,198,49,-99
12722,198,50,74
12723,198,51,62
12724,198,52,108
12725,198,53,63
12726,198,54,-110
12727,198,55,-96
12728,198,56,76
12729,198,57,-70
12730,198,58,39
12731,198,59,109
12732,198,60,-107
12733,198,61,-86
12734,198,62,15
12735,198,63,73
12736,199,0,-40
12737,199,1,-43
12738,199,2,53
12739,199,3,-94
12740,199,4,-105
12741,199,5,-124
12742,199,6,55
12743,199,7,-92
12744,199,8,117
12745,199,9,-6
12746,199,10,-109
12747,199,11,23
12748,199,12,98
12749,199,13,38
12750,199,14,54
12751,199,15,35
12752,199,16,103
12753,199,17,18
12754,199,18,9
12755,199,19,-116
12756,199,20,-71
12757,199,21,22
12758,199,22,5
12759,199,23,-36
12760,199,24,77
12761,199,25,17
12762,199,26,-61
12763,199,27,-112
12764,199,28,-79
12765,199,29,-100
12766,199,30,14
12767,199,31,123
12768,199,32,-41
12769,199,33,123
12770,199,34,-70
12771,199,35,-54
12772,199,36,-33
12773,199,37,88
12774,199,38,-44
12775,199,39,83
12776,199,40,53
12777,199,41,19
12778,199,42,-104
12779,199,43,-73
12780,199,44,-57
12781,199,45,77
12782,199,46,-109
12783,199,47,-71
12784,199,48,104
12785,199,49,-27
12786,199,50,-66
12787,199,51,35
12788,199,52,-97
12789,199,53,-63
12790,199,54,-99
12791,199,55,-115
12792,199,56,10
12793,199,57,-46
12794,199,58,90
12795,199,59,-126
12796,199,60,19
12797,199,61,114
12798,199,62,-102
12799,199,63,-70
12800,200,0,53
12801,200,1,2
12802,200,2,54
12803,200,3,58
12804,200,4,77
12805,200,5,38
12806,200,6,-35
12807,200,7,-13
12808,200,8,-99
12809,200,9,90
12810,200,10,39
12811,200,11,8
12812,200,12,68
12813,200,13,57
12814,200,14,-46
12815,200,15,-21
12816,200,16,-122
12817,200,17,-15
12818,200,18,-38
12819,200,19,-98
12820,200,20,52
12821,200,21,-51
12822,200,22,-102
12823,200,23,-116
12824,200,24,77
12825,200,25,-8
12826,200,26,103
12827,200,27,14
12828,200,28,-125
12829,200,29,81
12830,200,30,-84
12831,200,31,25
12832,200,32,39
12833,200,33,114
12834,200,34,-81
12835,200,35,42
12836,200,36,-15
12837,200,37,55
12838,200,38,-69
12839,200,39,-73
12840,200,40,-16
12841,200,41,-35
12842,200,42,-124
12843,200,43,61
12844,200,44,94
12845,200,45,89
12846,200,46,-42
12847,200,47,-42
12848,200,48,-21
12849,200,49,30
12850,200,50,-68
12851,200,51,74
12852,200,52,15
12853,200,53,-119
12854,200,54,-12
12855,200,55,-20
12856,200,56,41
12857,200,57,17
12858,200,58,-68
12859,200,59,32
12860,200,60,58
12861,200,61,-69
12862,200,62,-26
12863,200,63,-31
12864,201,0,1
12865,201,1,82
12866,201,2,-121
12867,201,3,99
12868,201,4,-18
12869,201,5,-73
12870,201,6,20
12871,201,7,-77
12872,201,8,112
12873,201,9,-39
12874,201,10,-20
12875,201,11,-13
12876,201,12,-81
12877,201,13,-77
12878,201,14,18
12879,201,15,19
12880,201,16,101
12881,201,17,-22
12882,201,18,-31
12883,201,19,-106
12884,201,20,70
12885,201,21,65
12886,201,22,98
12887,201,23,-30
12888,201,24,98
12889,201,25,19
12890,201,26,-127
12891,201,27,61
12892,201,28,4
12893,201,29,6
12894,201,30,91
12895,201,31,-96
12896,201,32,65
12897,201,33,-97
12898,201,34,-22
12899,201,35,-59
12900,201,36,-121
12901,201,37,-17
12902,201,38,-52
12903,201,39,-21
12904,201,40,113
12905,201,41,14
12906,201,42,-78
12907,201,43,-113
12908,201,44,-30
12909,201,45,31
12910,201,46,8
12911,201,47,77
12912,201,48,-120
12913,201,49,105
12914,201,50,36
12915,201,51,79
12916,201,52,125
12917,201,53,83
12918,201,54,87
12919,201,55,96
12920,201,56,-66
12921,201,57,40
12922,201,58,117
12923,201,59,-87
12924,201,60,116
12925,201,61,95
12926,201,62,-4
12927,201,63,82
12928,202,0,1
12929,202,1,-126
12930,202,2,-13
12931,202,3,-47
12932,202,4,-71
12933,202,5,65
12934,202,6,-6
12935,202,7,75
12936,202,8,-49
12937,202,9,-120
12938,202,10,14
12939,202,11,-65
12940,202,12,1
12941,202,13,105
12942,202,14,-46
12943,202,15,110
12944,202,16,100
12945,202,17,57
12946,202,18,19
12947,202,19,76
12948,202,20,91
12949,202,21,73
12950,202,22,104
12951,202,23,10
12952,202,24,118
12953,202,25,-47
12954,202,26,-49
12955,202,27,81
12956,202,28,80
12957,202,29,59
12958,202,30,-34
12959,202,31,-103
12960,202,32,-97
12961,202,33,105
12962,202,34,-52
12963,202,35,-36
12964,202,36,-90
12965,202,37,-53
12966,202,38,40
12967,202,39,-22
12968,202,40,97
12969,202,41,111
12970,202,42,70
12971,202,43,-58
12972,202,44,66
12973,202,45,-28
12974,202,46,-78
12975,202,47,-66
12976,202,48,74
12977,202,49,-13
12978,202,50,-36
12979,202,51,-61
12980,202,52,34
12981,202,53,-22
12982,202,54,-94
12983,202,55,49
12984,202,56,37
12985,202,57,-60
12986,202,58,-34
12987,202,59,-46
12988,202,60,43
12989,202,61,45
12990,202,62,26
12991,202,63,30
12992,203,0,-59
12993,203,1,110
12994,203,2,29
12995,203,3,-13
12996,203,4,-35
12997,203,5,-6
12998,203,6,24
12999,203,7,-19
13000,203,8,22
13001,203,9,99
13002,203,10,-78
13003,203,11,-120
13004,203,12,-79
13005,203,13,-124
13006,203,14,-88
13007,203,15,45
13008,203,16,38
13009,203,17,-118
13010,203,18,35
13011,203,19,-33
13012,203,20,-63
13013,203,21,50
13014,203,22,-7
13015,203,23,-25
13016,203,24,93
13017,203,25,-125
13018,203,26,-67
13019,203,27,-65
13020,203,28,72
13021,203,29,-79
13022,203,30,-124
13023,203,31,-77
13024,203,32,-102
13025,203,33,4
13026,203,34,-49
13027,203,35,70
13028,203,36,-82
13029,203,37,111
13030,203,38,-33
13031,203,39,-25
13032,203,40,-22
13033,203,41,72
13034,203,42,54
13035,203,43,54
13036,203,44,20
13037,203,45,5
13038,203,46,105
13039,203,47,-91
13040,203,48,65
13041,203,49,-57
13042,203,50,-99
13043,203,51,-79
13044,203,52,103
13045,203,53,39
13046,203,54,67
13047,203,55,107
13048,203,56,63
13049,203,57,9
13050,203,58,20
13051,203,59,17
13052,203,60,-17
13053,203,61,36
13054,203,62,16
13055,203,63,17
13056,204,0,9
13057,204,1,-79
13058,204,2,-123
13059,204,3,15
13060,204,4,110
13061,204,5,-60
13062,204,6,71
13063,204,7,24
13064,204,8,-2
13065,204,9,-57
13066,204,10,96
13067,204,11,-26
13068,204,12,-124
13069,204,13,29
13070,204,14,-51
13071,204,15,42
13072,204,16,-11
13073,204,17,17
13074,204,18,117
13075,204,19,125
13076,204,20,-82
13077,204,21,84
13078,204,22,56
13079,204,23,-51
13080,204,24,119
13081,204,25,-83
13082,204,26,50
13083,204,27,-63
13084,204,28,95
13085,204,29,70
13086,204,30,-96
13087,204,31,-120
13088,204,32,35
13089,204,33,-124
13090,204,34,21
13091,204,35,-26
13092,204,36,38
13093,204,37,47
13094,204,38,-105
13095,204,39,79
13096,204,40,81
13097,204,41,-39
13098,204,42,-48
13099,204,43,63
13100,204,44,-125
13101,204,45,-91
13102,204,46,108
13103,204,47,0
13104,204,48,106
13105,204,49,107
13106,204,50,58
13107,204,51,-113
13108,204,52,-32
13109,204,53,-10
13110,204,54,57
13111,204,55,79
13112,204,56,-40
13113,204,57,3
13114,204,58,31
13115,204,59,-31
13116,204,60,-118
13117,204,61,51
13118,204,62,104
13119,204,63,91
13120,205,0,-18
13121,205,1,-87
13122,205,2,-80
13123,205,3,-55
13124,205,4,9
13125,205,5,-27
13126,205,6,-87
13127,205,7,-27
13128,205,8,-32
13129,205,9,-96
13130,205,10,63
13131,205,11,27
13132,205,12,4
13133,205,13,11
13134,205,14,-71
13135,205,15,-71
13136,205,16,-57
13137,205,17,73
13138,205,18,47
13139,205,19,42
13140,205,20,-31
13141,205,21,87
13142,205,22,41
13143,205,23,110
13144,205,24,-69
13145,205,25,23
13146,205,26,-68
13147,205,27,-74
13148,205,28,-92
13149,205,29,41
13150,205,30,121
13151,205,31,-79
13152,205,32,-16
13153,205,33,46
13154,205,34,-35
13155,205,35,36
13156,205,36,39
13157,205,37,-65
13158,205,38,59
13159,205,39,87
13160,205,40,97
13161,205,41,8
13162,205,42,-47
13163,205,43,30
13164,205,44,46
13165,205,45,-100
13166,205,46,-90
13167,205,47,77
13168,205,48,-77
13169,205,49,40
13170,205,50,-24
13171,205,51,86
13172,205,52,-14
13173,205,53,-36
13174,205,54,-41
13175,205,55,78
13176,205,56,121
13177,205,57,20
13178,205,58,19
13179,205,59,-123
13180,205,60,-73
13181,205,61,105
13182,205,62,-25
13183,205,63,-123
13184,206,0,-86
13185,206,1,15
13186,206,2,108
13187,206,3,-3
13188,206,4,21
13189,206,5,72
13190,206,6,71
13191,206,7,41
13192,206,8,59
13193,206,9,2
13194,206,10,-51
13195,206,11,-30
13196,206,12,56
13197,206,13,-113
13198,206,14,-19
13199,206,15,-112
13200,206,16,-40
13201,206,17,19
13202,206,18,-60
13203,206,19,16
13204,206,20,-25
13205,206,21,-8
13206,206,22,113
13207,206,23,-4
13208,206,24,-126
13209,206,25,27
13210,206,26,-27
13211,206,27,-95
13212,206,28,-67
13213,206,29,2
13214,206,30,-62
13215,206,31,-116
13216,206,32,-4
13217,206,33,33
13218,206,34,-41
13219,206,35,35
13220,206,36,91
13221,206,37,88
13222,206,38,11
13223,206,39,-6
13224,206,40,23
13225,206,41,-44
13226,206,42,102
13227,206,43,-44
13228,206,44,78
13229,206,45,103
13230,206,46,-9
13231,206,47,-16
13232,206,48,-90
13233,206,49,108
13234,206,50,-37
13235,206,51,85
13236,206,52,31
13237,206,53,45
13238,206,54,112
13239,206,55,-9
13240,206,56,-32
13241,206,57,-120
13242,206,58,-63
13243,206,59,52
13244,206,60,-67
13245,206,61,13
13246,206,62,-31
13247,206,63,-48
13248,207,0,-90
13249,207,1,-90
13250,207,2,89
13251,207,3,77
13252,207,4,120
13253,207,5,-125
13254,207,6,100
13255,207,7,-57
13256,207,8,85
13257,207,9,-104
13258,207,10,63
13259,207,11,7
13260,207,12,119
13261,207,13,122
13262,207,14,10
13263,207,15,50
13264,207,16,-48
13265,207,17,101
13266,207,18,80
13267,207,19,-69
13268,207,20,5
13269,207,21,63
13270,207,22,62
13271,207,23,-103
13272,207,24,37
13273,207,25,68
13274,207,26,-21
13275,207,27,-97
13276,207,28,78
13277,207,29,-87
13278,207,30,-113
13279,207,31,112
13280,207,32,94
13281,207,33,101
13282,207,34,43
13283,207,35,-16
13284,207,36,112
13285,207,37,61
13286,207,38,71
13287,207,39,-38
13288,207,40,-79
13289,207,41,60
13290,207,42,-21
13291,207,43,109
13292,207,44,-68
13293,207,45,49
13294,207,46,-50
13295,207,47,24
13296,207,48,-78
13297,207,49,48
13298,207,50,61
13299,207,51,20
13300,207,52,123
13301,207,53,-35
13302,207,54,40
13303,207,55,55
13304,207,56,20
13305,207,57,105
13306,207,58,84
13307,207,59,97
13308,207,60,-30
13309,207,61,30
13310,207,62,-90
13311,207,63,73
13312,208,0,22
13313,208,1,-48
13314,208,2,-118
13315,208,3,55
13316,208,4,80
13317,208,5,13
13318,208,6,21
13319,208,7,124
13320,208,8,19
13321,208,9,11
13322,208,10,-126
13323,208,11,-112
13324,208,12,82
13325,208,13,-111
13326,208,14,108
13327,208,15,114
13328,208,16,-3
13329,208,17,31
13330,208,18,44
13331,208,19,123
13332,208,20,-37
13333,208,21,47
13334,208,22,-64
13335,208,23,-71
13336,208,24,49
13337,208,25,-41
13338,208,26,-102
13339,208,27,99
13340,208,28,-43
13341,208,29,100
13342,208,30,28
13343,208,31,73
13344,208,32,110
13345,208,33,59
13346,208,34,96
13347,208,35,80
13348,208,36,-66
13349,208,37,110
13350,208,38,103
13351,208,39,-11
13352,208,40,-105
13353,208,41,-123
13354,208,42,28
13355,208,43,8
13356,208,44,-71
13357,208,45,9
13358,208,46,-97
13359,208,47,53
13360,208,48,47
13361,208,49,59
13362,208,50,-103
13363,208,51,-19
13364,208,52,76
13365,208,53,-26
13366,208,54,-16
13367,208,55,-3
13368,208,56,-88
13369,208,57,-38
13370,208,58,-55
13371,208,59,-10
13372,208,60,98
13373,208,61,85
13374,208,62,99
13375,208,63,-116
13376,209,0,74
13377,209,1,8
13378,209,2,-64
13379,209,3,-38
13380,209,4,-99
13381,209,5,-25
13382,209,6,59
13383,209,7,0
13384,209,8,98
13385,209,9,96
13386,209,10,-91
13387,209,11,112
13388,209,12,61
13389,209,13,18
13390,209,14,-112
13391,209,15,-5
13392,209,16,-5
13393,209,17,13
13394,209,18,9
13395,209,19,-40
13396,209,20,-68
13397,209,21,77
13398,209,22,-52
13399,209,23,-40
13400,209,24,-16
13401,209,25,14
13402,209,26,102
13403,209,27,-77
13404,209,28,-85
13405,209,29,15
13406,209,30,-108
13407,209,31,-95
13408,209,32,-24
13409,209,33,-66
13410,209,34,-65
13411,209,35,36
13412,209,36,-55
13413,209,37,-63
13414,209,38,84
13415,209,39,79
13416,209,40,101
13417,209,41,-70
13418,209,42,32
13419,209,43,-86
13420,209,44,29
13421,209,45,-88
13422,209,46,40
13423,209,47,58
13424,209,48,-65
13425,209,49,67
13426,209,50,113
13427,209,51,-31
13428,209,52,22
13429,209,53,-25
13430,209,54,-122
13431,209,55,-29
13432,209,56,-120
13433,209,57,15
13434,209,58,-18
13435,209,59,-30
13436,209,60,-72
13437,209,61,75
13438,209,62,89
13439,209,63,-103
13440,210,0,-12
13441,210,1,15
13442,210,2,88
13443,210,3,-34
13444,210,4,-40
13445,210,5,-7
13446,210,6,70
13447,210,7,-17
13448,210,8,-93
13449,210,9,-24
13450,210,10,-25
13451,210,11,78
13452,210,12,116
13453,210,13,48
13454,210,14,-108
13455,210,15,71
13456,210,16,127
13457,210,17,81
13458,210,18,-127
13459,210,19,80
13460,210,20,-88
13461,210,21,-31
13462,210,22,90
13463,210,23,90
13464,210,24,38
13465,210,25,109
13466,210,26,-55
13467,210,27,-127
13468,210,28,124
13469,210,29,-125
13470,210,30,35
13471,210,31,-58
13472,210,32,78
13473,210,33,36
13474,210,34,-120
13475,210,35,22
13476,210,36,-43
13477,210,37,-11
13478,210,38,111
13479,210,39,14
13480,210,40,24
13481,210,41,-124
13482,210,42,8
13483,210,43,126
13484,210,44,-31
13485,210,45,-62
13486,210,46,-62
13487,210,47,-36
13488,210,48,-126
13489,210,49,106
13490,210,50,-32
13491,210,51,49
13492,210,52,80
13493,210,53,71
13494,210,54,71
13495,210,55,38
13496,210,56,74
13497,210,57,53
13498,210,58,-37
13499,210,59,-64
13500,210,60,72
13501,210,61,61
13502,210,62,-113
13503,210,63,118
13504,211,0,-13
13505,211,1,24
13506,211,2,-18
13507,211,3,42
13508,211,4,125
13509,211,5,93
13510,211,6,-107
13511,211,7,-114
13512,211,8,69
13513,211,9,34
13514,211,10,-65
13515,211,11,79
13516,211,12,-4
13517,211,13,-10
13518,211,14,-111
13519,211,15,-80
13520,211,16,-56
13521,211,17,-90
13522,211,18,68
13523,211,19,49
13524,211,20,99
13525,211,21,124
13526,211,22,111
13527,211,23,105
13528,211,24,34
13529,211,25,-38
13530,211,26,-108
13531,211,27,76
13532,211,28,9
13533,211,29,-82
13534,211,30,80
13535,211,31,12
13536,211,32,1
13537,211,33,57
13538,211,34,110
13539,211,35,-25
13540,211,36,-51
13541,211,37,-77
13542,211,38,-17
13543,211,39,-5
13544,211,40,104
13545,211,41,108
13546,211,42,72
13547,211,43,-13
13548,211,44,123
13549,211,45,65
13550,211,46,-95
13551,211,47,-1
13552,211,48,-112
13553,211,49,-31
13554,211,50,-7
13555,211,51,-80
13556,211,52,-44
13557,211,53,-71
13558,211,54,117
13559,211,55,-84
13560,211,56,-14
13561,211,57,26
13562,211,58,40
13563,211,59,-97
13564,211,60,47
13565,211,61,-122
13566,211,62,-97
13567,211,63,78
13568,212,0,-118
13569,212,1,38
13570,212,2,101
13571,212,3,3
13572,212,4,-86
13573,212,5,98
13574,212,6,-109
13575,212,7,51
13576,212,8,35
13577,212,9,-75
13578,212,10,98
13579,212,11,49
13580,212,12,-20
13581,212,13,-103
13582,212,14,7
13583,212,15,-81
13584,212,16,-86
13585,212,17,-29
13586,212,18,-28
13587,212,19,-49
13588,212,20,70
13589,212,21,86
13590,212,22,6
13591,212,23,-88
13592,212,24,82
13593,212,25,110
13594,212,26,18
13595,212,27,113
13596,212,28,-17
13597,212,29,62
13598,212,30,-62
13599,212,31,18
13600,212,32,25
13601,212,33,-49
13602,212,34,110
13603,212,35,-69
13604,212,36,56
13605,212,37,109
13606,212,38,73
13607,212,39,5
13608,212,40,-84
13609,212,41,-49
13610,212,42,-83
13611,212,43,-126
13612,212,44,-71
13613,212,45,-29
13614,212,46,-81
13615,212,47,6
13616,212,48,-82
13617,212,49,-22
13618,212,50,-7
13619,212,51,50
13620,212,52,-30
13621,212,53,88
13622,212,54,21
13623,212,55,-125
13624,212,56,-33
13625,212,57,80
13626,212,58,60
13627,212,59,-8
13628,212,60,-50
13629,212,61,-69
13630,212,62,-80
13631,212,63,83
13632,213,0,-83
13633,213,1,4
13634,213,2,91
13635,213,3,-119
13636,213,4,-44
13637,213,5,-12
13638,213,6,-88
13639,213,7,-22
13640,213,8,39
13641,213,9,52
13642,213,10,28
13643,213,11,-7
13644,213,12,32
13645,213,13,-88
13646,213,14,60
13647,213,15,42
13648,213,16,-90
13649,213,17,81
13650,213,18,-55
13651,213,19,88
13652,213,20,33
13653,213,21,33
13654,213,22,40
13655,213,23,19
13656,213,24,-66
13657,213,25,-81
13658,213,26,25
13659,213,27,38
13660,213,28,-72
13661,213,29,-96
13662,213,30,-103
13663,213,31,-127
13664,213,32,74
13665,213,33,108
13666,213,34,-39
13667,213,35,81
13668,213,36,-108
13669,213,37,-78
13670,213,38,119
13671,213,39,72
13672,213,40,105
13673,213,41,75
13674,213,42,-110
13675,213,43,-71
13676,213,44,11
13677,213,45,36
13678,213,46,-41
13679,213,47,105
13680,213,48,37
13681,213,49,4
13682,213,50,51
13683,213,51,-127
13684,213,52,45
13685,213,53,3
13686,213,54,110
13687,213,55,121
13688,213,56,52
13689,213,57,89
13690,213,58,-33
13691,213,59,7
13692,213,60,-58
13693,213,61,27
13694,213,62,-37
13695,213,63,73
13696,214,0,-112
13697,214,1,13
13698,214,2,17
13699,214,3,120
13700,214,4,53
13701,214,5,1
13702,214,6,82
13703,214,7,8
13704,214,8,116
13705,214,9,-48
13706,214,10,68
13707,214,11,-60
13708,214,12,-115
13709,214,13,121
13710,214,14,95
13711,214,15,-127
13712,214,16,-35
13713,214,17,-5
13714,214,18,76
13715,214,19,-114
13716,214,20,49
13717,214,21,-4
13718,214,22,42
13719,214,23,-121
13720,214,24,-113
13721,214,25,95
13722,214,26,81
13723,214,27,17
13724,214,28,-55
13725,214,29,81
13726,214,30,-84
13727,214,31,-95
13728,214,32,33
13729,214,33,48
13730,214,34,1
13731,214,35,-27
13732,214,36,75
13733,214,37,69
13734,214,38,103
13735,214,39,-1
13736,214,40,-61
13737,214,41,-110
13738,214,42,83
13739,214,43,-105
13740,214,44,-1
13741,214,45,103
13742,214,46,-58
13743,214,47,-76
13744,214,48,-3
13745,214,49,-80
13746,214,50,-7
13747,214,51,-49
13748,214,52,72
13749,214,53,43
13750,214,54,104
13751,214,55,-82
13752,214,56,39
13753,214,57,-15
13754,214,58,7
13755,214,59,74
13756,214,60,-56
13757,214,61,80
13758,214,62,21
13759,214,63,-58
13760,215,0,-1
13761,215,1,28
13762,215,2,-45
13763,215,3,-5
13764,215,4,-48
13765,215,5,3
13766,215,6,90
13767,215,7,-30
13768,215,8,-38
13769,215,9,-115
13770,215,10,111
13771,215,11,-64
13772,215,12,71
13773,215,13,71
13774,215,14,41
13775,215,15,-80
13776,215,16,-68
13777,215,17,29
13778,215,18,7
13779,215,19,53
13780,215,20,98
13781,215,21,-107
13782,215,22,123
13783,215,23,-30
13784,215,24,115
13785,215,25,123
13786,215,26,118
13787,215,27,-21
13788,215,28,-81
13789,215,29,78
13790,215,30,61
13791,215,31,-41
13792,215,32,-83
13793,215,33,108
13794,215,34,-110
13795,215,35,61
13796,215,36,0
13797,215,37,-59
13798,215,38,-98
13799,215,39,-127
13800,215,40,-116
13801,215,41,-92
13802,215,42,84
13803,215,43,-99
13804,215,44,15
13805,215,45,-5
13806,215,46,-127
13807,215,47,96
13808,215,48,13
13809,215,49,41
13810,215,50,-97
13811,215,51,105
13812,215,52,-68
13813,215,53,-120
13814,215,54,27
13815,215,55,107
13816,215,56,46
13817,215,57,20
13818,215,58,127
13819,215,59,14
13820,215,60,-96
13821,215,61,-93
13822,215,62,-86
13823,215,63,-62
13824,216,0,-112
13825,216,1,-100
13826,216,2,-121
13827,216,3,-59
13828,216,4,52
13829,216,5,-51
13830,216,6,-37
13831,216,7,89
13832,216,8,58
13833,216,9,60
13834,216,10,-2
13835,216,11,78
13836,216,12,-74
13837,216,13,-35
13838,216,14,-106
13839,216,15,-9
13840,216,16,56
13841,216,17,7
13842,216,18,-27
13843,216,19,127
13844,216,20,-127
13845,216,21,-73
13846,216,22,24
13847,216,23,95
13848,216,24,-80
13849,216,25,-3
13850,216,26,-59
13851,216,27,-1
13852,216,28,44
13853,216,29,-77
13854,216,30,-43
13855,216,31,-59
13856,216,32,55
13857,216,33,-96
13858,216,34,1
13859,216,35,24
13860,216,36,58
13861,216,37,95
13862,216,38,-23
13863,216,39,-47
13864,216,40,7
13865,216,41,15
13866,216,42,108
13867,216,43,-7
13868,216,44,119
13869,216,45,125
13870,216,46,-95
13871,216,47,-1
13872,216,48,30
13873,216,49,-34
13874,216,50,70
13875,216,51,-95
13876,216,52,-7
13877,216,53,59
13878,216,54,-26
13879,216,55,41
13880,216,56,-62
13881,216,57,-105
13882,216,58,-56
13883,216,59,121
13884,216,60,75
13885,216,61,87
13886,216,62,-15
13887,216,63,80
13888,217,0,103
13889,217,1,58
13890,217,2,119
13891,217,3,103
13892,217,4,-36
13893,217,5,-29
13894,217,6,-15
13895,217,7,87
13896,217,8,44
13897,217,9,-100
13898,217,10,-56
13899,217,11,-5
13900,217,12,-84
13901,217,13,-8
13902,217,14,-38
13903,217,15,84
13904,217,16,126
13905,217,17,-52
13906,217,18,90
13907,217,19,28
13908,217,20,19
13909,217,21,-47
13910,217,22,14
13911,217,23,-73
13912,217,24,-10
13913,217,25,76
13914,217,26,-109
13915,217,27,-51
13916,217,28,-113
13917,217,29,88
13918,217,30,-108
13919,217,31,-63
13920,217,32,82
13921,217,33,0
13922,217,34,-36
13923,217,35,34
13924,217,36,126
13925,217,37,-70
13926,217,38,25
13927,217,39,-1
13928,217,40,-109
13929,217,41,-12
13930,217,42,20
13931,217,43,81
13932,217,44,-61
13933,217,45,118
13934,217,46,-46
13935,217,47,-34
13936,217,48,-94
13937,217,49,-100
13938,217,50,-1
13939,217,51,120
13940,217,52,-109
13941,217,53,-75
13942,217,54,-126
13943,217,55,87
13944,217,56,-42
13945,217,57,-78
13946,217,58,55
13947,217,59,10
13948,217,60,-57
13949,217,61,123
13950,217,62,108
13951,217,63,50
13952,218,0,86
13953,218,1,-20
13954,218,2,-33
13955,218,3,-123
13956,218,4,68
13957,218,5,116
13958,218,6,-119
13959,218,7,-30
13960,218,8,48
13961,218,9,-105
13962,218,10,-83
13963,218,11,58
13964,218,12,109
13965,218,13,35
13966,218,14,-114
13967,218,15,-75
13968,218,16,-49
13969,218,17,-120
13970,218,18,114
13971,218,19,85
13972,218,20,-99
13973,218,21,31
13974,218,22,110
13975,218,23,-55
13976,218,24,-33
13977,218,25,-99
13978,218,26,-73
13979,218,27,119
13980,218,28,46
13981,218,29,-26
13982,218,30,0
13983,218,31,20
13984,218,32,-18
13985,218,33,14
13986,218,34,53
13987,218,35,-114
13988,218,36,84
13989,218,37,123
13990,218,38,-45
13991,218,39,-27
13992,218,40,-86
13993,218,41,91
13994,218,42,34
13995,218,43,-21
13996,218,44,43
13997,218,45,-106
13998,218,46,-85
13999,218,47,105
14000,218,48,-55
14001,218,49,33
14002,218,50,-24
14003,218,51,-78
14004,218,52,69
14005,218,53,68
14006,218,54,-36
14007,218,55,-13
14008,218,56,-93
14009,218,57,50
14010,218,58,98
14011,218,59,44
14012,218,60,109
14013,218,61,18
14014,218,62,-108
14015,218,63,19
14016,219,0,-52
14017,219,1,-9
14018,219,2,-53
14019,219,3,-38
14020,219,4,70
14021,219,5,-108
14022,219,6,-111
14023,219,7,-7
14024,219,8,120
14025,219,9,61
14026,219,10,-41
14027,219,11,99
14028,219,12,-123
14029,219,13,-64
14030,219,14,34
14031,219,15,-36
14032,219,16,103
14033,219,17,57
14034,219,18,11
14035,219,19,101
14036,219,20,43
14037,219,21,59
14038,219,22,62
14039,219,23,-108
14040,219,24,-123
14041,219,25,-59
14042,219,26,74
14043,219,27,18
14044,219,28,84
14045,219,29,22
14046,219,30,-90
14047,219,31,4
14048,219,32,62
14049,219,33,-46
14050,219,34,22
14051,219,35,55
14052,219,36,-61
14053,219,37,-114
14054,219,38,125
14055,219,39,125
14056,219,40,10
14057,219,41,67
14058,219,42,-118
14059,219,43,-21
14060,219,44,-17
14061,219,45,-32
14062,219,46,10
14063,219,47,106
14064,219,48,0
14065,219,49,-72
14066,219,50,-121
14067,219,51,-126
14068,219,52,35
14069,219,53,119
14070,219,54,48
14071,219,55,-71
14072,219,56,24
14073,219,57,-98
14074,219,58,-14
14075,219,59,122
14076,219,60,93
14077,219,61,-91
14078,219,62,122
14079,219,63,-88
14080,220,0,88
14081,220,1,-48
14082,220,2,21
14083,220,3,77
14084,220,4,85
14085,220,5,22
14086,220,6,52
14087,220,7,50
14088,220,8,-80
14089,220,9,44
14090,220,10,92
14091,220,11,-71
14092,220,12,7
14093,220,13,8
14094,220,14,-52
14095,220,15,-35
14096,220,16,76
14097,220,17,85
14098,220,18,-12
14099,220,19,16
14100,220,20,-10
14101,220,21,54
14102,220,22,69
14103,220,23,42
14104,220,24,-31
14105,220,25,88
14106,220,26,-118
14107,220,27,-93
14108,220,28,-31
14109,220,29,-107
14110,220,30,-10
14111,220,31,103
14112,220,32,100
14113,220,33,-6
14114,220,34,-13
14115,220,35,7
14116,220,36,24
14117,220,37,45
14118,220,38,0
14119,220,39,16
14120,220,40,-38
14121,220,41,-64
14122,220,42,-32
14123,220,43,-87
14124,220,44,101
14125,220,45,41
14126,220,46,119
14127,220,47,-83
14128,220,48,-53
14129,220,49,104
14130,220,50,97
14131,220,51,44
14132,220,52,-97
14133,220,53,-59
14134,220,54,119
14135,220,55,79
14136,220,56,-108
14137,220,57,-82
14138,220,58,92
14139,220,59,-24
14140,220,60,114
14141,220,61,-87
14142,220,62,95
14143,220,63,80
14144,221,0,73
14145,221,1,-119
14146,221,2,-44
14147,221,3,-78
14148,221,4,-12
14149,221,5,-12
14150,221,6,-80
14151,221,7,126
14152,221,8,-9
14153,221,9,-53
14154,221,10,42
14155,221,11,42
14156,221,12,-55
14157,221,13,-35
14158,221,14,1
14159,221,15,35
14160,221,16,106
14161,221,17,-28
14162,221,18,114
14163,221,19,0
14164,221,20,16
14165,221,21,-121
14166,221,22,76
14167,221,23,-111
14168,221,24,111
14169,221,25,-28
14170,221,26,73
14171,221,27,90
14172,221,28,-67
14173,221,29,-90
14174,221,30,12
14175,221,31,25
14176,221,32,-59
14177,221,33,123
14178,221,34,49
14179,221,35,-73
14180,221,36,-98
14181,221,37,42
14182,221,38,75
14183,221,39,-34
14184,221,40,116
14185,221,41,92
14186,221,42,124
14187,221,43,-47
14188,221,44,-89
14189,221,45,4
14190,221,46,-40
14191,221,47,72
14192,221,48,-59
14193,221,49,74
14194,221,50,76
14195,221,51,-83
14196,221,52,42
14197,221,53,49
14198,221,54,64
14199,221,55,93
14200,221,56,113
14201,221,57,-92
14202,221,58,-114
14203,221,59,119
14204,221,60,-21
14205,221,61,41
14206,221,62,-91
14207,221,63,-51
14208,222,0,-9
14209,222,1,-57
14210,222,2,45
14211,222,3,111
14212,222,4,103
14213,222,5,90
14214,222,6,38
14215,222,7,-77
14216,222,8,81
14217,222,9,-4
14218,222,10,93
14219,222,11,-3
14220,222,12,24
14221,222,13,85
14222,222,14,-82
14223,222,15,121
14224,222,16,-80
14225,222,17,-37
14226,222,18,-73
14227,222,19,-66
14228,222,20,-19
14229,222,21,57
14230,222,22,-90
14231,222,23,-114
14232,222,24,3
14233,222,25,-29
14234,222,26,-71
14235,222,27,-125
14236,222,28,101
14237,222,29,-13
14238,222,30,-25
14239,222,31,64
14240,222,32,6
14241,222,33,118
14242,222,34,82
14243,222,35,11
14244,222,36,-81
14245,222,37,107
14246,222,38,-66
14247,222,39,-47
14248,222,40,-76
14249,222,41,40
14250,222,42,-25
14251,222,43,-49
14252,222,44,-3
14253,222,45,117
14254,222,46,-51
14255,222,47,78
14256,222,48,-17
14257,222,49,-72
14258,222,50,-7
14259,222,51,-4
14260,222,52,80
14261,222,53,66
14262,222,54,-2
14263,222,55,-106
14264,222,56,70
14265,222,57,-28
14266,222,58,124
14267,222,59,28
14268,222,60,10
14269,222,61,-104
14270,222,62,-7
14271,222,63,90
14272,223,0,-36
14273,223,1,62
14274,223,2,25
14275,223,3,-42
14276,223,4,-113
14277,223,5,81
14278,223,6,-5
14279,223,7,52
14280,223,8,74
14281,223,9,-39
14282,223,10,-67
14283,223,11,49
14284,223,12,3
14285,223,13,25
14286,223,14,-9
14287,223,15,-21
14288,223,16,-1
14289,223,17,93
14290,223,18,114
14291,223,19,76
14292,223,20,95
14293,223,21,2
14294,223,22,-19
14295,223,23,-42
14296,223,24,-51
14297,223,25,85
14298,223,26,-27
14299,223,27,13
14300,223,28,116
14301,223,29,-60
14302,223,30,-73
14303,223,31,-86
14304,223,32,-86
14305,223,33,-56
14306,223,34,18
14307,223,35,-35
14308,223,36,72
14309,223,37,78
14310,223,38,-4
14311,223,39,-127
14312,223,40,-73
14313,223,41,-123
14314,223,42,-31
14315,223,43,31
14316,223,44,-60
14317,223,45,-97
14318,223,46,122
14319,223,47,88
14320,223,48,-34
14321,223,49,72
14322,223,50,-79
14323,223,51,21
14324,223,52,42
14325,223,53,18
14326,223,54,-124
14327,223,55,103
14328,223,56,8
14329,223,57,67
14330,223,58,-82
14331,223,59,-19
14332,223,60,32
14333,223,61,58
14334,223,62,26
14335,223,63,-58
14336,224,0,94
14337,224,1,5
14338,224,2,100
14339,224,3,76
14340,224,4,-89
14341,224,5,59
14342,224,6,-67
14343,224,7,-40
14344,224,8,-66
14345,224,9,-81
14346,224,10,-33
14347,224,11,-105
14348,224,12,-35
14349,224,13,47
14350,224,14,12
14351,224,15,-119
14352,224,16,-12
14353,224,17,-22
14354,224,18,122
14355,224,19,-110
14356,224,20,-60
14357,224,21,-15
14358,224,22,106
14359,224,23,-59
14360,224,24,-13
14361,224,25,-109
14362,224,26,27
14363,224,27,95
14364,224,28,-95
14365,224,29,45
14366,224,30,-36
14367,224,31,33
14368,224,32,-75
14369,224,33,103
14370,224,34,114
14371,224,35,-86
14372,224,36,60
14373,224,37,-78
14374,224,38,53
14375,224,39,-123
14376,224,40,124
14377,224,41,-73
14378,224,42,-103
14379,224,43,-94
14380,224,44,52
14381,224,45,-16
14382,224,46,-1
14383,224,47,14
14384,224,48,43
14385,224,49,-88
14386,224,50,-101
14387,224,51,-87
14388,224,52,-126
14389,224,53,90
14390,224,54,23
14391,224,55,64
14392,224,56,-39
14393,224,57,32
14394,224,58,-116
14395,224,59,-38
14396,224,60,-86
14397,224,61,9
14398,224,62,-122
14399,224,63,-54
14400,225,0,-69
14401,225,1,-101
14402,225,2,-28
14403,225,3,30
14404,225,4,71
14405,225,5,35
14406,225,6,65
14407,225,7,-108
14408,225,8,56
14409,225,9,-69
14410,225,10,14
14411,225,11,19
14412,225,12,-51
14413,225,13,-65
14414,225,14,-79
14415,225,15,-118
14416,225,16,76
14417,225,17,-70
14418,225,18,10
14419,225,19,78
14420,225,20,-120
14421,225,21,80
14422,225,22,98
14423,225,23,-49
14424,225,24,110
14425,225,25,122
14426,225,26,-60
14427,225,27,-109
14428,225,28,83
14429,225,29,-12
14430,225,30,-55
14431,225,31,92
14432,225,32,59
14433,225,33,124
14434,225,34,-95
14435,225,35,-117
14436,225,36,74
14437,225,37,106
14438,225,38,-71
14439,225,39,-104
14440,225,40,-8
14441,225,41,95
14442,225,42,17
14443,225,43,52
14444,225,44,89
14445,225,45,-16
14446,225,46,-127
14447,225,47,-110
14448,225,48,12
14449,225,49,-20
14450,225,50,-119
14451,225,51,100
14452,225,52,-20
14453,225,53,-86
14454,225,54,-8
14455,225,55,26
14456,225,56,108
14457,225,57,127
14458,225,58,-19
14459,225,59,76
14460,225,60,-106
14461,225,61,52
14462,225,62,-29
14463,225,63,-12
14464,226,0,-23
14465,226,1,-76
14466,226,2,84
14467,226,3,-7
14468,226,4,-35
14469,226,5,-107
14470,226,6,10
14471,226,7,8
14472,226,8,-29
14473,226,9,-61
14474,226,10,-3
14475,226,11,77
14476,226,12,-92
14477,226,13,-9
14478,226,14,34
14479,226,15,97
14480,226,16,-66
14481,226,17,76
14482,226,18,-13
14483,226,19,88
14484,226,20,73
14485,226,21,77
14486,226,22,27
14487,226,23,108
14488,226,24,-111
14489,226,25,-104
14490,226,26,-100
14491,226,27,110
14492,226,28,60
14493,226,29,21
14494,226,30,-56
14495,226,31,-72
14496,226,32,73
14497,226,33,54
14498,226,34,51
14499,226,35,-119
14500,226,36,59
14501,226,37,-75
14502,226,38,-20
14503,226,39,48
14504,226,40,-49
14505,226,41,91
14506,226,42,-126
14507,226,43,107
14508,226,44,24
14509,226,45,-49
14510,226,46,-117
14511,226,47,-34
14512,226,48,75
14513,226,49,69
14514,226,50,31
14515,226,51,120
14516,226,52,61
14517,226,53,38
14518,226,54,-59
14519,226,55,127
14520,226,56,20
14521,226,57,-75
14522,226,58,123
14523,226,59,-13
14524,226,60,-24
14525,226,61,-106
14526,226,62,92
14527,226,63,-92
14528,227,0,91
14529,227,1,13
14530,227,2,-68
14531,227,3,-30
14532,227,4,30
14533,227,5,-111
14534,227,6,39
14535,227,7,98
14536,227,8,-61
14537,227,9,-39
14538,227,10,127
14539,227,11,72
14540,227,12,64
14541,227,13,-18
14542,227,14,25
14543,227,15,-39
14544,227,16,-80
14545,227,17,6
14546,227,18,114
14547,227,19,-6
14548,227,20,15
14549,227,21,40
14550,227,22,13
14551,227,23,-84
14552,227,24,60
14553,227,25,14
14554,227,26,42
14555,227,27,-113
14556,227,28,9
14557,227,29,120
14558,227,30,64
14559,227,31,-77
14560,227,32,3
14561,227,33,-40
14562,227,34,-13
14563,227,35,-50
14564,227,36,-63
14565,227,37,102
14566,227,38,90
14567,227,39,81
14568,227,40,1
14569,227,41,-21
14570,227,42,-84
14571,227,43,-77
14572,227,44,44
14573,227,45,-58
14574,227,46,-65
14575,227,47,50
14576,227,48,46
14577,227,49,-42
14578,227,50,-11
14579,227,51,-7
14580,227,52,-103
14581,227,53,-45
14582,227,54,70
14583,227,55,-114
14584,227,56,79
14585,227,57,-66
14586,227,58,-74
14587,227,59,-16
14588,227,60,-66
14589,227,61,3
14590,227,62,103
14591,227,63,-48
14592,228,0,-39
14593,228,1,95
14594,228,2,42
14595,228,3,-101
14596,228,4,-10
14597,228,5,84
14598,228,6,-126
14599,228,7,-44
14600,228,8,10
14601,228,9,-12
14602,228,10,44
14603,228,11,-15
14604,228,12,-95
14605,228,13,-80
14606,228,14,37
14607,228,15,60
14608,228,16,1
14609,228,17,-22
14610,228,18,96
14611,228,19,126
14612,228,20,118
14613,228,21,-48
14614,228,22,127
14615,228,23,76
14616,228,24,-49
14617,228,25,88
14618,228,26,52
14619,228,27,60
14620,228,28,6
14621,228,29,42
14622,228,30,105
14623,228,31,10
14624,228,32,-127
14625,228,33,-112
14626,228,34,100
14627,228,35,-103
14628,228,36,-10
14629,228,37,-23
14630,228,38,-59
14631,228,39,55
14632,228,40,-89
14633,228,41,10
14634,228,42,104
14635,228,43,-58
14636,228,44,-14
14637,228,45,82
14638,228,46,-45
14639,228,47,-112
14640,228,48,-55
14641,228,49,9
14642,228,50,-26
14643,228,51,13
14644,228,52,-102
14645,228,53,16
14646,228,54,7
14647,228,55,44
14648,228,56,47
14649,228,57,71
14650,228,58,2
14651,228,59,79
14652,228,60,-49
14653,228,61,32
14654,228,62,-7
14655,228,63,42
14656,229,0,36
14657,229,1,123
14658,229,2,-5
14659,229,3,24
14660,229,4,101
14661,229,5,73
14662,229,6,108
14663,229,7,32
14664,229,8,43
14665,229,9,127
14666,229,10,-10
14667,229,11,-56
14668,229,12,-69
14669,229,13,-90
14670,229,14,-14
14671,229,15,8
14672,229,16,-93
14673,229,17,104
14674,229,18,125
14675,229,19,92
14676,229,20,39
14677,229,21,107
14678,229,22,-110
14679,229,23,-32
14680,229,24,8
14681,229,25,-8
14682,229,26,-28
14683,229,27,-88
14684,229,28,-14
14685,229,29,123
14686,229,30,-23
14687,229,31,-44
14688,229,32,-96
14689,229,33,-127
14690,229,34,-52
14691,229,35,98
14692,229,36,72
14693,229,37,29
14694,229,38,20
14695,229,39,20
14696,229,40,17
14697,229,41,-31
14698,229,42,-44
14699,229,43,-33
14700,229,44,-60
14701,229,45,-123
14702,229,46,19
14703,229,47,83
14704,229,48,99
14705,229,49,105
14706,229,50,-33
14707,229,51,-50
14708,229,52,59
14709,229,53,89
14710,229,54,-115
14711,229,55,37
14712,229,56,16
14713,229,57,-88
14714,229,58,-15
14715,229,59,71
14716,229,60,-94
14717,229,61,1
14718,229,62,98
14719,229,63,11
14720,230,0,-29
14721,230,1,-8
14722,230,2,4
14723,230,3,-120
14724,230,4,84
14725,230,5,5
14726,230,6,39
14727,230,7,-60
14728,230,8,-84
14729,230,9,45
14730,230,10,92
14731,230,11,109
14732,230,12,1
14733,230,13,-99
14734,230,14,71
14735,230,15,123
14736,230,16,83
14737,230,17,122
14738,230,18,45
14739,230,19,5
14740,230,20,-26
14741,230,21,93
14742,230,22,17
14743,230,23,46
14744,230,24,-82
14745,230,25,85
14746,230,26,-57
14747,230,27,109
14748,230,28,-97
14749,230,29,97
14750,230,30,-80
14751,230,31,-88
14752,230,32,21
14753,230,33,91
14754,230,34,-44
14755,230,35,-3
14756,230,36,-8
14757,230,37,100
14758,230,38,123
14759,230,39,-9
14760,230,40,55
14761,230,41,1
14762,230,42,-108
14763,230,43,-124
14764,230,44,-34
14765,230,45,-118
14766,230,46,-116
14767,230,47,81
14768,230,48,-101
14769,230,49,10
14770,230,50,-49
14771,230,51,-19
14772,230,52,-113
14773,230,53,46
14774,230,54,-6
14775,230,55,55
14776,230,56,-25
14777,230,57,75
14778,230,58,-43
14779,230,59,-79
14780,230,60,106
14781,230,61,-85
14782,230,62,57
14783,230,63,113
14784,231,0,3
14785,231,1,95
14786,231,2,20
14787,231,3,-102
14788,231,4,-16
14789,231,5,-81
14790,231,6,-57
14791,231,7,-120
14792,231,8,97
14793,231,9,-27
14794,231,10,-8
14795,231,11,26
14796,231,12,11
14797,231,13,5
14798,231,14,21
14799,231,15,-20
14800,231,16,121
14801,231,17,72
14802,231,18,-23
14803,231,19,8
14804,231,20,65
14805,231,21,76
14806,231,22,-4
14807,231,23,115
14808,231,24,-103
14809,231,25,87
14810,231,26,-124
14811,231,27,1
14812,231,28,107
14813,231,29,-74
14814,231,30,125
14815,231,31,80
14816,231,32,41
14817,231,33,50
14818,231,34,-87
14819,231,35,-121
14820,231,36,12
14821,231,37,114
14822,231,38,57
14823,231,39,3
14824,231,40,-78
14825,231,41,-56
14826,231,42,-115
14827,231,43,-116
14828,231,44,75
14829,231,45,122
14830,231,46,52
14831,231,47,-23
14832,231,48,91
14833,231,49,-32
14834,231,50,121
14835,231,51,-105
14836,231,52,10
14837,231,53,19
14838,231,54,-42
14839,231,55,-100
14840,231,56,87
14841,231,57,49
14842,231,58,-124
14843,231,59,-78
14844,231,60,-49
14845,231,61,-62
14846,231,62,24
14847,231,63,-50
14848,232,0,-33
14849,232,1,97
14850,232,2,41
14851,232,3,-13
14852,232,4,-118
14853,232,5,73
14854,232,6,14
14855,232,7,-23
14856,232,8,70
14857,232,9,-24
14858,232,10,104
14859,232,11,-42
14860,232,12,-36
14861,232,13,120
14862,232,14,-105
14863,232,15,-64
14864,232,16,63
14865,232,17,-88
14866,232,18,-66
14867,232,19,-112
14868,232,20,21
14869,232,21,-6
14870,232,22,43
14871,232,23,14
14872,232,24,-79
14873,232,25,-83
14874,232,26,-117
14875,232,27,16
14876,232,28,-35
14877,232,29,-60
14878,232,30,-99
14879,232,31,40
14880,232,32,-125
14881,232,33,89
14882,232,34,-118
14883,232,35,110
14884,232,36,118
14885,232,37,88
14886,232,38,19
14887,232,39,48
14888,232,40,-14
14889,232,41,-38
14890,232,42,57
14891,232,43,-108
14892,232,44,54
14893,232,45,-38
14894,232,46,-24
14895,232,47,82
14896,232,48,39
14897,232,49,82
14898,232,50,33
14899,232,51,13
14900,232,52,112
14901,232,53,-25
14902,232,54,0
14903,232,55,127
14904,232,56,-107
14905,232,57,92
14906,232,58,74
14907,232,59,7
14908,232,60,13
14909,232,61,90
14910,232,62,-102
14911,232,63,-85
14912,233,0,-76
14913,233,1,-80
14914,233,2,-55
14915,233,3,-39
14916,233,4,83
14917,233,5,54
14918,233,6,-13
14919,233,7,-72
14920,233,8,-87
14921,233,9,-10
14922,233,10,20
14923,233,11,124
14924,233,12,-44
14925,233,13,22
14926,233,14,105
14927,233,15,-95
14928,233,16,37
14929,233,17,31
14930,233,18,-12
14931,233,19,-108
14932,233,20,-93
14933,233,21,-77
14934,233,22,11
14935,233,23,-126
14936,233,24,-80
14937,233,25,31
14938,233,26,84
14939,233,27,16
14940,233,28,-58
14941,233,29,-35
14942,233,30,-87
14943,233,31,83
14944,233,32,66
14945,233,33,61
14946,233,34,61
14947,233,35,43
14948,233,36,-115
14949,233,37,21
14950,233,38,-43
14951,233,39,40
14952,233,40,-106
14953,233,41,-89
14954,233,42,-114
14955,233,43,62
14956,233,44,-83
14957,233,45,68
14958,233,46,72
14959,233,47,-98
14960,233,48,-20
14961,233,49,-5
14962,233,50,76
14963,233,51,41
14964,233,52,-80
14965,233,53,89
14966,233,54,103
14967,233,55,36
14968,233,56,-28
14969,233,57,-59
14970,233,58,106
14971,233,59,109
14972,233,60,75
14973,233,61,-97
14974,233,62,18
14975,233,63,-71
14976,234,0,72
14977,234,1,-6
14978,234,2,-62
14979,234,3,22
14980,234,4,102
14981,234,5,60
14982,234,6,-125
14983,234,7,-121
14984,234,8,78
14985,234,9,-107
14986,234,10,31
14987,234,11,103
14988,234,12,-64
14989,234,13,7
14990,234,14,-48
14991,234,15,31
14992,234,16,-44
14993,234,17,52
14994,234,18,5
14995,234,19,85
14996,234,20,95
14997,234,21,78
14998,234,22,25
14999,234,23,126
15000,234,24,-13
15001,234,25,-91
15002,234,26,59
15003,234,27,-65
15004,234,28,91
15005,234,29,-8
15006,234,30,-64
15007,234,31,69
15008,234,32,-55
15009,234,33,96
15010,234,34,96
15011,234,35,-44
15012,234,36,60
15013,234,37,36
15014,234,38,119
15015,234,39,104
15016,234,40,85
15017,234,41,95
15018,234,42,-70
15019,234,43,-87
15020,234,44,-64
15021,234,45,94
15022,234,46,-33
15023,234,47,71
15024,234,48,-35
15025,234,49,106
15026,234,50,59
15027,234,51,46
15028,234,52,111
15029,234,53,65
15030,234,54,40
15031,234,55,-59
15032,234,56,-11
15033,234,57,-5
15034,234,58,109
15035,234,59,54
15036,234,60,115
15037,234,61,-36
15038,234,62,13
15039,234,63,40
15040,235,0,-92
15041,235,1,70
15042,235,2,35
15043,235,3,-84
15044,235,4,-118
15045,235,5,103
15046,235,6,-14
15047,235,7,-93
15048,235,8,116
15049,235,9,16
15050,235,10,-106
15051,235,11,94
15052,235,12,115
15053,235,13,-22
15054,235,14,-53
15055,235,15,102
15056,235,16,1
15057,235,17,-21
15058,235,18,53
15059,235,19,18
15060,235,20,-124
15061,235,21,-66
15062,235,22,-25
15063,235,23,-44
15064,235,24,-96
15065,235,25,-70
15066,235,26,-76
15067,235,27,-106
15068,235,28,-31
15069,235,29,-32
15070,235,30,-102
15071,235,31,84
15072,235,32,-121
15073,235,33,8
15074,235,34,66
15075,235,35,-43
15076,235,36,-78
15077,235,37,83
15078,235,38,-56
15079,235,39,35
15080,235,40,-82
15081,235,41,-2
15082,235,42,63
15083,235,43,-104
15084,235,44,31
15085,235,45,66
15086,235,46,-83
15087,235,47,-125
15088,235,48,-51
15089,235,49,38
15090,235,50,31
15091,235,51,-22
15092,235,52,24
15093,235,53,50
15094,235,54,-100
15095,235,55,96
15096,235,56,47
15097,235,57,95
15098,235,58,-18
15099,235,59,-51
15100,235,60,110
15101,235,61,111
15102,235,62,-127
15103,235,63,-85
15104,236,0,-15
15105,236,1,29
15106,236,2,72
15107,236,3,81
15108,236,4,101
15109,236,5,-13
15110,236,6,-38
15111,236,7,124
15112,236,8,107
15113,236,9,92
15114,236,10,-16
15115,236,11,-44
15116,236,12,44
15117,236,13,-65
15118,236,14,11
15119,236,15,43
15120,236,16,34
15121,236,17,1
15122,236,18,-31
15123,236,19,-35
15124,236,20,-103
15125,236,21,83
15126,236,22,-118
15127,236,23,-89
15128,236,24,34
15129,236,25,80
15130,236,26,81
15131,236,27,94
15132,236,28,-108
15133,236,29,102
15134,236,30,-116
15135,236,31,-72
15136,236,32,-48
15137,236,33,17
15138,236,34,-49
15139,236,35,-74
15140,236,36,17
15141,236,37,-115
15142,236,38,-46
15143,236,39,109
15144,236,40,-58
15145,236,41,-83
15146,236,42,-35
15147,236,43,-82
15148,236,44,10
15149,236,45,-106
15150,236,46,-101
15151,236,47,-109
15152,236,48,109
15153,236,49,58
15154,236,50,-107
15155,236,51,-36
15156,236,52,-4
15157,236,53,126
15158,236,54,66
15159,236,55,-71
15160,236,56,-116
15161,236,57,-121
15162,236,58,-104
15163,236,59,-58
15164,236,60,-22
15165,236,61,56
15166,236,62,-47
15167,236,63,-9
15168,237,0,-119
15169,237,1,-19
15170,237,2,-12
15171,237,3,11
15172,237,4,-83
15173,237,5,-94
15174,237,6,80
15175,237,7,-91
15176,237,8,76
15177,237,9,113
15178,237,10,41
15179,237,11,-71
15180,237,12,89
15181,237,13,25
15182,237,14,86
15183,237,15,-12
15184,237,16,20
15185,237,17,59
15186,237,18,110
15187,237,19,-35
15188,237,20,15
15189,237,21,119
15190,237,22,51
15191,237,23,114
15192,237,24,-46
15193,237,25,109
15194,237,26,-7
15195,237,27,49
15196,237,28,31
15197,237,29,-96
15198,237,30,57
15199,237,31,-46
15200,237,32,-61
15201,237,33,73
15202,237,34,127
15203,237,35,60
15204,237,36,93
15205,237,37,-94
15206,237,38,-42
15207,237,39,-115
15208,237,40,38
15209,237,41,31
15210,237,42,-107
15211,237,43,90
15212,237,44,113
15213,237,45,-100
15214,237,46,111
15215,237,47,69
15216,237,48,-39
15217,237,49,-113
15218,237,50,89
15219,237,51,-105
15220,237,52,107
15221,237,53,126
15222,237,54,106
15223,237,55,94
15224,237,56,31
15225,237,57,-112
15226,237,58,38
15227,237,59,-32
15228,237,60,-47
15229,237,61,31
15230,237,62,-3
15231,237,63,-67
15232,238,0,-113
15233,238,1,-85
15234,238,2,121
15235,238,3,101
15236,238,4,79
15237,238,5,-111
15238,238,6,-64
15239,238,7,99
15240,238,8,-18
15241,238,9,-34
15242,238,10,112
15243,238,11,-25
15244,238,12,98
15245,238,13,-53
15246,238,14,-108
15247,238,15,-49
15248,238,16,127
15249,238,17,13
15250,238,18,-109
15251,238,19,-49
15252,238,20,-126
15253,238,21,101
15254,238,22,-50
15255,238,23,21
15256,238,24,-23
15257,238,25,98
15258,238,26,-74
15259,238,27,-81
15260,238,28,90
15261,238,29,19
15262,238,30,15
15263,238,31,-105
15264,238,32,64
15265,238,33,-40
15266,238,34,78
15267,238,35,-93
15268,238,36,55
15269,238,37,58
15270,238,38,33
15271,238,39,-69
15272,238,40,-24
15273,238,41,-85
15274,238,42,69
15275,238,43,-76
15276,238,44,-53
15277,238,45,-4
15278,238,46,-105
15279,238,47,-86
15280,238,48,-109
15281,238,49,-92
15282,238,50,102
15283,238,51,26
15284,238,52,113
15285,238,53,-41
15286,238,54,102
15287,238,55,-25
15288,238,56,109
15289,238,57,63
15290,238,58,-110
15291,238,59,18
15292,238,60,100
15293,238,61,-44
15294,238,62,-103
15295,238,63,31
15296,239,0,75
15297,239,1,113
15298,239,2,67
15299,239,3,16
15300,239,4,4
15301,239,5,57
15302,239,6,63
15303,239,7,17
15304,239,8,-86
15305,239,9,81
15306,239,10,102
15307,239,11,17
15308,239,12,55
15309,239,13,-121
15310,239,14,66
15311,239,15,-85
15312,239,16,18
15313,239,17,-113
15314,239,18,120
15315,239,19,3
15316,239,20,-25
15317,239,21,-94
15318,239,22,-2
15319,239,23,-38
15320,239,24,16
15321,239,25,62
15322,239,26,-61
15323,239,27,109
15324,239,28,-12
15325,239,29,55
15326,239,30,-34
15327,239,31,108
15328,239,32,68
15329,239,33,-101
15330,239,34,57
15331,239,35,-102
15332,239,36,31
15333,239,37,-52
15334,239,38,36
15335,239,39,10
15336,239,40,33
15337,239,41,-112
15338,239,42,-48
15339,239,43,44
15340,239,44,-78
15341,239,45,120
15342,239,46,-107
15343,239,47,10
15344,239,48,105
15345,239,49,-32
15346,239,50,-79
15347,239,51,-23
15348,239,52,1
15349,239,53,39
15350,239,54,76
15351,239,55,18
15352,239,56,88
15353,239,57,-30
15354,239,58,119
15355,239,59,90
15356,239,60,-99
15357,239,61,-16
15358,239,62,-35
15359,239,63,4
15360,240,0,-31
15361,240,1,-93
15362,240,2,-19
15363,240,3,-41
15364,240,4,-13
15365,240,5,101
15366,240,6,-53
15367,240,7,-19
15368,240,8,28
15369,240,9,65
15370,240,10,-9
15371,240,11,-53
15372,240,12,53
15373,240,13,-126
15374,240,14,90
15375,240,15,-107
15376,240,16,26
15377,240,17,-15
15378,240,18,-96
15379,240,19,-57
15380,240,20,21
15381,240,21,-71
15382,240,22,-110
15383,240,23,-115
15384,240,24,24
15385,240,25,-78
15386,240,26,60
15387,240,27,121
15388,240,28,-57
15389,240,29,79
15390,240,30,-58
15391,240,31,-29
15392,240,32,-68
15393,240,33,49
15394,240,34,15
15395,240,35,80
15396,240,36,2
15397,240,37,-98
15398,240,38,-41
15399,240,39,88
15400,240,40,-70
15401,240,41,71
15402,240,42,95
15403,240,43,-57
15404,240,44,-93
15405,240,45,124
15406,240,46,-3
15407,240,47,101
15408,240,48,118
15409,240,49,114
15410,240,50,-117
15411,240,51,-70
15412,240,52,112
15413,240,53,-78
15414,240,54,26
15415,240,55,36
15416,240,56,64
15417,240,57,-47
15418,240,58,35
15419,240,59,-42
15420,240,60,51
15421,240,61,-55
15422,240,62,68
15423,240,63,-80
15424,241,0,-63
15425,241,1,-29
15426,241,2,-126
15427,241,3,-26
15428,241,4,112
15429,241,5,-110
15430,241,6,-66
15431,241,7,-126
15432,241,8,72
15433,241,9,46
15434,241,10,-123
15435,241,11,35
15436,241,12,62
15437,241,13,32
15438,241,14,104
15439,241,15,-124
15440,241,16,105
15441,241,17,86
15442,241,18,-41
15443,241,19,77
15444,241,20,-62
15445,241,21,15
15446,241,22,49
15447,241,23,65
15448,241,24,126
15449,241,25,-5
15450,241,26,105
15451,241,27,1
15452,241,28,-89
15453,241,29,-127
15454,241,30,42
15455,241,31,-99
15456,241,32,84
15457,241,33,83
15458,241,34,-116
15459,241,35,-80
15460,241,36,123
15461,241,37,-112
15462,241,38,-84
15463,241,39,30
15464,241,40,-27
15465,241,41,39
15466,241,42,-44
15467,241,43,45
15468,241,44,-3
15469,241,45,-35
15470,241,46,44
15471,241,47,-114
15472,241,48,101
15473,241,49,-40
15474,241,50,117
15475,241,51,-125
15476,241,52,42
15477,241,53,-36
15478,241,54,22
15479,241,55,-69
15480,241,56,-73
15481,241,57,84
15482,241,58,57
15483,241,59,-96
15484,241,60,-84
15485,241,61,86
15486,241,62,19
15487,241,63,-127
15488,242,0,-75
15489,242,1,-29
15490,242,2,-66
15491,242,3,67
15492,242,4,41
15493,242,5,-12
15494,242,6,97
15495,242,7,-124
15496,242,8,38
15497,242,9,50
15498,242,10,-60
15499,242,11,-58
15500,242,12,95
15501,242,13,-79
15502,242,14,-34
15503,242,15,96
15504,242,16,-105
15505,242,17,48
15506,242,18,-81
15507,242,19,3
15508,242,20,-74
15509,242,21,-85
15510,242,22,24
15511,242,23,-121
15512,242,24,-33
15513,242,25,-63
15514,242,26,57
15515,242,27,-20
15516,242,28,123
15517,242,29,0
15518,242,30,-124
15519,242,31,117
15520,242,32,-9
15521,242,33,86
15522,242,34,-83
15523,242,35,-109
15524,242,36,55
15525,242,37,-113
15526,242,38,12
15527,242,39,-125
15528,242,40,-106
15529,242,41,-80
15530,242,42,46
15531,242,43,-46
15532,242,44,-103
15533,242,45,105
15534,242,46,107
15535,242,47,-2
15536,242,48,113
15537,242,49,-5
15538,242,50,58
15539,242,51,1
15540,242,52,123
15541,242,53,-52
15542,242,54,-115
15543,242,55,17
15544,242,56,98
15545,242,57,-125
15546,242,58,-12
15547,242,59,29
15548,242,60,-105
15549,242,61,-105
15550,242,62,85
15551,242,63,16
15552,243,0,-53
15553,243,1,74
15554,243,2,99
15555,243,3,-112
15556,243,4,-58
15557,243,5,21
15558,243,6,31
15559,243,7,-36
15560,243,8,96
15561,243,9,6
15562,243,10,64
15563,243,11,-63
15564,243,12,-78
15565,243,13,4
15566,243,14,-28
15567,243,15,-99
15568,243,16,101
15569,243,17,-93
15570,243,18,83
15571,243,19,-61
15572,243,20,-74
15573,243,21,74
15574,243,22,99
15575,243,23,60
15576,243,24,86
15577,243,25,-74
15578,243,26,70
15579,243,27,-77
15580,243,28,-104
15581,243,29,49
15582,243,30,-37
15583,243,31,-39
15584,243,32,-113
15585,243,33,72
15586,243,34,42
15587,243,35,77
15588,243,36,72
15589,243,37,82
15590,243,38,-60
15591,243,39,62
15592,243,40,-38
15593,243,41,26
15594,243,42,-73
15595,243,43,17
15596,243,44,-109
15597,243,45,-103
15598,243,46,-96
15599,243,47,-11
15600,243,48,16
15601,243,49,74
15602,243,50,19
15603,243,51,37
15604,243,52,70
15605,243,53,-124
15606,243,54,44
15607,243,55,-33
15608,243,56,11
15609,243,57,72
15610,243,58,2
15611,243,59,109
15612,243,60,64
15613,243,61,114
15614,243,62,-102
15615,243,63,-57
15616,244,0,-75
15617,244,1,125
15618,244,2,-118
15619,244,3,-93
15620,244,4,6
15621,244,5,-16
15622,244,6,-103
15623,244,7,6
15624,244,8,123
15625,244,9,-120
15626,244,10,121
15627,244,11,-103
15628,244,12,-101
15629,244,13,-88
15630,244,14,-126
15631,244,15,51
15632,244,16,96
15633,244,17,-76
15634,244,18,-68
15635,244,19,16
15636,244,20,-12
15637,244,21,-69
15638,244,22,109
15639,244,23,-56
15640,244,24,46
15641,244,25,51
15642,244,26,110
15643,244,27,-11
15644,244,28,0
15645,244,29,23
15646,244,30,51
15647,244,31,-55
15648,244,32,-55
15649,244,33,-61
15650,244,34,-39
15651,244,35,-58
15652,244,36,-21
15653,244,37,38
15654,244,38,-109
15655,244,39,0
15656,244,40,-92
15657,244,41,60
15658,244,42,106
15659,244,43,-7
15660,244,44,4
15661,244,45,-63
15662,244,46,-2
15663,244,47,-11
15664,244,48,33
15665,244,49,-44
15666,244,50,-22
15667,244,51,78
15668,244,52,109
15669,244,53,94
15670,244,54,100
15671,244,55,-65
15672,244,56,119
15673,244,57,-75
15674,244,58,10
15675,244,59,60
15676,244,60,-104
15677,244,61,44
15678,244,62,120
15679,244,63,-108
15680,245,0,94
15681,245,1,87
15682,245,2,-124
15683,245,3,-100
15684,245,4,-3
15685,245,5,10
15686,245,6,88
15687,245,7,28
15688,245,8,72
15689,245,9,-110
15690,245,10,95
15691,245,11,4
15692,245,12,67
15693,245,13,97
15694,245,14,-20
15695,245,15,-126
15696,245,16,-7
15697,245,17,23
15698,245,18,-112
15699,245,19,80
15700,245,20,40
15701,245,21,-101
15702,245,22,-20
15703,245,23,69
15704,245,24,121
15705,245,25,-4
15706,245,26,15
15707,245,27,-84
15708,245,28,83
15709,245,29,-123
15710,245,30,-29
15711,245,31,108
15712,245,32,82
15713,245,33,-5
15714,245,34,-42
15715,245,35,-15
15716,245,36,14
15717,245,37,0
15718,245,38,-19
15719,245,39,-101
15720,245,40,-112
15721,245,41,61
15722,245,42,-76
15723,245,43,-26
15724,245,44,-34
15725,245,45,-65
15726,245,46,-37
15727,245,47,63
15728,245,48,111
15729,245,49,99
15730,245,50,23
15731,245,51,-35
15732,245,52,108
15733,245,53,54
15734,245,54,85
15735,245,55,-34
15736,245,56,18
15737,245,57,42
15738,245,58,-83
15739,245,59,45
15740,245,60,46
15741,245,61,92
15742,245,62,-11
15743,245,63,45
15744,246,0,-90
15745,246,1,114
15746,246,2,48
15747,246,3,97
15748,246,4,-84
15749,246,5,61
15750,246,6,-53
15751,246,7,-105
15752,246,8,-37
15753,246,9,-127
15754,246,10,15
15755,246,11,120
15756,246,12,-41
15757,246,13,-2
15758,246,14,83
15759,246,15,-96
15760,246,16,-87
15761,246,17,65
15762,246,18,-86
15763,246,19,-64
15764,246,20,89
15765,246,21,24
15766,246,22,51
15767,246,23,79
15768,246,24,-33
15769,246,25,-30
15770,246,26,21
15771,246,27,-73
15772,246,28,-30
15773,246,29,-9
15774,246,30,-125
15775,246,31,-70
15776,246,32,103
15777,246,33,-30
15778,246,34,110
15779,246,35,-26
15780,246,36,95
15781,246,37,37
15782,246,38,126
15783,246,39,74
15784,246,40,-46
15785,246,41,-81
15786,246,42,36
15787,246,43,101
15788,246,44,-109
15789,246,45,112
15790,246,46,-19
15791,246,47,-25
15792,246,48,-32
15793,246,49,-68
15794,246,50,-99
15795,246,51,-116
15796,246,52,107
15797,246,53,-52
15798,246,54,77
15799,246,55,-45
15800,246,56,-107
15801,246,57,123
15802,246,58,-62
15803,246,59,-81
15804,246,60,44
15805,246,61,-77
15806,246,62,18
15807,246,63,86
15808,247,0,-65
15809,247,1,-52
15810,247,2,64
15811,247,3,106
15812,247,4,11
15813,247,5,-29
15814,247,6,-65
15815,247,7,-49
15816,247,8,63
15817,247,9,-90
15818,247,10,-71
15819,247,11,-54
15820,247,12,-96
15821,247,13,-65
15822,247,14,73
15823,247,15,-41
15824,247,16,44
15825,247,17,46
15826,247,18,9
15827,247,19,110
15828,247,20,78
15829,247,21,-20
15830,247,22,-103
15831,247,23,-38
15832,247,24,-73
15833,247,25,2
15834,247,26,-84
15835,247,27,-25
15836,247,28,69
15837,247,29,27
15838,247,30,-62
15839,247,31,83
15840,247,32,96
15841,247,33,-114
15842,247,34,127
15843,247,35,32
15844,247,36,10
15845,247,37,61
15846,247,38,62
15847,247,39,31
15848,247,40,72
15849,247,41,126
15850,247,42,-100
15851,247,43,-44
15852,247,44,63
15853,247,45,88
15854,247,46,-31
15855,247,47,-53
15856,247,48,81
15857,247,49,84
15858,247,50,-109
15859,247,51,80
15860,247,52,-107
15861,247,53,46
15862,247,54,-5
15863,247,55,26
15864,247,56,-2
15865,247,57,105
15866,247,58,33
15867,247,59,60
15868,247,60,14
15869,247,61,-31
15870,247,62,-1
15871,247,63,-21
15872,248,0,-20
15873,248,1,83
15874,248,2,2
15875,248,3,-123
15876,248,4,-89
15877,248,5,-74
15878,248,6,-65
15879,248,7,69
15880,248,8,93
15881,248,9,-91
15882,248,10,-11
15883,248,11,-124
15884,248,12,-37
15885,248,13,-85
15886,248,14,-22
15887,248,15,-7
15888,248,16,43
15889,248,17,-109
15890,248,18,66
15891,248,19,62
15892,248,20,127
15893,248,21,-46
15894,248,22,106
15895,248,23,-94
15896,248,24,-110
15897,248,25,-51
15898,248,26,-6
15899,248,27,-80
15900,248,28,72
15901,248,29,110
15902,248,30,88
15903,248,31,12
15904,248,32,70
15905,248,33,-106
15906,248,34,15
15907,248,35,-120
15908,248,36,30
15909,248,37,109
15910,248,38,-15
15911,248,39,-103
15912,248,40,-2
15913,248,41,119
15914,248,42,-45
15915,248,43,-18
15916,248,44,-53
15917,248,45,-55
15918,248,46,35
15919,248,47,16
15920,248,48,48
15921,248,49,90
15922,248,50,-48
15923,248,51,26
15924,248,52,48
15925,248,53,124
15926,248,54,67
15927,248,55,-8
15928,248,56,-38
15929,248,57,-43
15930,248,58,-55
15931,248,59,-67
15932,248,60,-26
15933,248,61,-97
15934,248,62,-19
15935,248,63,53
15936,249,0,-121
15937,249,1,63
15938,249,2,45
15939,249,3,-58
15940,249,4,-126
15941,249,5,-2
15942,249,6,-82
15943,249,7,40
15944,249,8,27
15945,249,9,-29
15946,249,10,-104
15947,249,11,115
15948,249,12,-45
15949,249,13,69
15950,249,14,-12
15951,249,15,-14
15952,249,16,-123
15953,249,17,-62
15954,249,18,-22
15955,249,19,1
15956,249,20,10
15957,249,21,-10
15958,249,22,99
15959,249,23,-20
15960,249,24,-14
15961,249,25,-95
15962,249,26,-30
15963,249,27,-47
15964,249,28,-124
15965,249,29,-48
15966,249,30,13
15967,249,31,-25
15968,249,32,-21
15969,249,33,-117
15970,249,34,116
15971,249,35,117
15972,249,36,-56
15973,249,37,-104
15974,249,38,-11
15975,249,39,-42
15976,249,40,22
15977,249,41,20
15978,249,42,14
15979,249,43,-76
15980,249,44,-82
15981,249,45,-65
15982,249,46,-90
15983,249,47,-18
15984,249,48,-16
15985,249,49,-89
15986,249,50,-52
15987,249,51,-42
15988,249,52,13
15989,249,53,-60
15990,249,54,107
15991,249,55,82
15992,249,56,-70
15993,249,57,-37
15994,249,58,90
15995,249,59,-90
15996,249,60,-60
15997,249,61,29
15998,249,62,-32
15999,249,63,-8
16000,250,0,-120
16001,250,1,-76
16002,250,2,-87
16003,250,3,-42
16004,250,4,-8
16005,250,5,63
16006,250,6,28
16007,250,7,-63
16008,250,8,75
16009,250,9,-100
16010,250,10,-5
16011,250,11,10
16012,250,12,-53
16013,250,13,34
16014,250,14,17
16015,250,15,-124
16016,250,16,105
16017,250,17,-81
16018,250,18,-116
16019,250,19,-72
16020,250,20,-58
16021,250,21,-34
16022,250,22,-119
16023,250,23,99
16024,250,24,-62
16025,250,25,-25
16026,250,26,103
16027,250,27,12
16028,250,28,7
16029,250,29,-112
16030,250,30,-9
16031,250,31,-33
16032,250,32,126
16033,250,33,32
16034,250,34,63
16035,250,35,-78
16036,250,36,95
16037,250,37,-87
16038,250,38,47
16039,250,39,36
16040,250,40,18
16041,250,41,46
16042,250,42,-71
16043,250,43,3
16044,250,44,80
16045,250,45,12
16046,250,46,-29
16047,250,47,-103
16048,250,48,-72
16049,250,49,30
16050,250,50,-52
16051,250,51,108
16052,250,52,-76
16053,250,53,-8
16054,250,54,-16
16055,250,55,89
16056,250,56,101
16057,250,57,-32
16058,250,58,-64
16059,250,59,76
16060,250,60,-97
16061,250,61,0
16062,250,62,-68
16063,250,63,-120
16064,251,0,26
16065,251,1,8
16066,251,2,23
16067,251,3,-109
16068,251,4,105
16069,251,5,79
16070,251,6,-93
16071,251,7,39
16072,251,8,-85
16073,251,9,68
16074,251,10,-74
16075,251,11,116
16076,251,12,-10
16077,251,13,73
16078,251,14,-31
16079,251,15,-41
16080,251,16,-55
16081,251,17,9
16082,251,18,-6
16083,251,19,-104
16084,251,20,-55
16085,251,21,-53
16086,251,22,-60
16087,251,23,-41
16088,251,24,91
16089,251,25,122
16090,251,26,3
16091,251,27,59
16092,251,28,-65
16093,251,29,-16
16094,251,30,-45
16095,251,31,-33
16096,251,32,-23
16097,251,33,-81
16098,251,34,15
16099,251,35,-88
16100,251,36,107
16101,251,37,77
16102,251,38,-121
16103,251,39,112
16104,251,40,-113
16105,251,41,-15
16106,251,42,12
16107,251,43,-121
16108,251,44,82
16109,251,45,-73
16110,251,46,112
16111,251,47,92
16112,251,48,6
16113,251,49,113
16114,251,50,29
16115,251,51,-2
16116,251,52,-58
16117,251,53,37
16118,251,54,-4
16119,251,55,-124
16120,251,56,-124
16121,251,57,-81
16122,251,58,-99
16123,251,59,-103
16124,251,60,126
16125,251,61,-85
16126,251,62,22
16127,251,63,-70
16128,252,0,126
16129,252,1,-8
16130,252,2,-105
16131,252,3,-118
16132,252,4,-76
16133,252,5,11
16134,252,6,-3
16135,252,7,78
16136,252,8,113
16137,252,9,-68
16138,252,10,-32
16139,252,11,-60
16140,252,12,-123
16141,252,13,123
16142,252,14,-25
16143,252,15,-83
16144,252,16,109
16145,252,17,96
16146,252,18,3
16147,252,19,23
16148,252,20,41
16149,252,21,125
16150,252,22,-16
16151,252,23,-84
16152,252,24,73
16153,252,25,-118
16154,252,26,-109
16155,252,27,-94
16156,252,28,-1
16157,252,29,-73
16158,252,30,81
16159,252,31,99
16160,252,32,-3
16161,252,33,-125
16162,252,34,-94
16163,252,35,52
16164,252,36,-41
16165,252,37,-9
16166,252,38,-93
16167,252,39,-107
16168,252,40,-51
16169,252,41,-40
16170,252,42,-72
16171,252,43,-91
16172,252,44,9
16173,252,45,118
16174,252,46,-103
16175,252,47,-55
16176,252,48,-110
16177,252,49,43
16178,252,50,43
16179,252,51,80
16180,252,52,-42
16181,252,53,-91
16182,252,54,-118
16183,252,55,-80
16184,252,56,-91
16185,252,57,-43
16186,252,58,63
16187,252,59,80
16188,252,60,-81
16189,252,61,-91
16190,252,62,58
16191,252,63,57
16192,253,0,-112
16193,253,1,-9
16194,253,2,-121
16195,253,3,16
16196,253,4,76
16197,253,5,-82
16198,253,6,120
16199,253,7,25
16200,253,8,-119
16201,253,9,-59
16202,253,10,-121
16203,253,11,37
16204,253,12,-82
16205,253,13,-64
16206,253,14,-1
16207,253,15,-5
16208,253,16,-66
16209,253,17,95
16210,253,18,25
16211,253,19,-47
16212,253,20,57
16213,253,21,3
16214,253,22,36
16215,253,23,2
16216,253,24,43
16217,253,25,19
16218,253,26,-110
16219,253,27,-5
16220,253,28,74
16221,253,29,-37
16222,253,30,-95
16223,253,31,94
16224,253,32,-99
16225,253,33,47
16226,253,34,95
16227,253,35,-99
16228,253,36,-100
16229,253,37,11
16230,253,38,-98
16231,253,39,-59
16232,253,40,48
16233,253,41,79
16234,253,42,-99
16235,253,43,-82
16236,253,44,69
16237,253,45,-35
16238,253,46,42
16239,253,47,-31
16240,253,48,36
16241,253,49,-108
16242,253,50,91
16243,253,51,8
16244,253,52,-14
16245,253,53,37
16246,253,54,-8
16247,253,55,-6
16248,253,56,-92
16249,253,57,-73
16250,253,58,72
16251,253,59,98
16252,253,60,101
16253,253,61,-98
16254,253,62,-8
16255,253,63,-81
16256,254,0,-23
16257,254,1,118
16258,254,2,91
16259,254,3,94
16260,254,4,-91
16261,254,5,-111
16262,254,6,-61
16263,254,7,37
16264,254,8,112
16265,254,9,99
16266,254,10,102
16267,254,11,44
16268,254,12,58
16269,254,13,8
16270,254,14,103
16271,254,15,-22
16272,254,16,101
16273,254,17,-28
16274,254,18,-89
16275,254,19,52
16276,254,20,-76
16277,254,21,33
16278,254,22,16
16279,254,23,44
16280,254,24,61
16281,254,25,47
16282,254,26,63
16283,254,27,44
16284,254,28,-31
16285,254,29,104
16286,254,30,59
16287,254,31,33
16288,254,32,-26
16289,254,33,18
16290,254,34,-54
16291,254,35,-58
16292,254,36,-19
16293,254,37,47
16294,254,38,-66
16295,254,39,79
16296,254,40,-105
16297,254,41,91
16298,254,42,51
16299,254,43,-108
16300,254,44,-69
16301,254,45,118
16302,254,46,37
16303,254,47,-41
16304,254,48,104
16305,254,49,-95
16306,254,50,-12
16307,254,51,20
16308,254,52,-76
16309,254,53,-96
16310,254,54,122
16311,254,55,-72
16312,254,56,91
16313,254,57,45
16314,254,58,105
16315,254,59,-26
16316,254,60,90
16317,254,61,18
16318,254,62,81
16319,254,63,24
16320,255,0,-17
16321,255,1,-17
16322,255,2,-17
16323,255,3,-17
16324,255,4,-17
16325,255,5,-17
16326,255,6,-17
16327,255,7,-17
16328,255,8,-17
16329,255,9,-17
16330,255,10,-17
16331,255,11,-17
16332,255,12,-17
16333,255,13,-17
16334,255,14,-17
16335,255,15,-17
16336,255,16,-17
16337,255,17,-17
16338,255,18,-17
16339,255,19,-17
16340,255,20,-17
16341,255,21,-17
16342,255,22,-17
16343,255,23,-17
16344,255,24,-17
16345,255,25,-17
16346,255,26,-17
16347,255,27,-17
16348,255,28,-17
16349,255,29,-17
16350,255,30,-17
16351,255,31,-17
16352,255,32,-17
16353,255,33,-17
16354,255,34,-17
16355,255,35,-17
16356,255,36,-17
16357,255,37,-17
16358,255,38,-17
16359,255,39,-17
16360,255,40,-17
16361,255,41,-17
16362,255,42,-17
16363,255,43,-17
16364,255,44,-17
16365,255,45,-17
16366,255,46,-17
16367,255,47,-17
16368,255,48,-17
16369,255,49,-17
16370,255,50,-17
16371,255,51,-17
16372,255,52,-17
16373,255,53,-17
16374,255,54,-17
16375,255,55,-17
16376,255,56,-17
16377,255,57,-17
16378,255,58,-17
16379,255,59,-17
16380,255,60,-17
16381,255,61,-17
16382,255,62,-17
16383,255,63,-17
