-1.828125
0.6840820312
0.4592285156
0.9809570312
1.728515625
0.3857421875
0.26171875
0.9873046875
0.4838867188
1.485351562
1.421875
0.01812744141
-0.9423828125
-0.08459472656
-0.2139892578
0.2095947266
-0.8461914062
1.224609375
-0.09246826172
-0.9838867188
0.572265625
-0.4252929688
1.42578125
0.8486328125
-0.9360351562
0.1999511719
0.3645019531
-0.3134765625
2.423828125
-0.3159179688
1.581054688
0.6508789062
-0.3159179688
0.5366210938
-0.7592773438
0.010887146
-0.1796875
0.1387939453
-1.2265625
-0.4436035156
-0.1116943359
-1.116210938
-1.833984375
1.502929688
-0.8984375
0.9487304688
0.6376953125
0.3098144531
-0.79296875
-0.1535644531
-0.84765625
0.6328125
-0.1137695312
0.003463745117
-0.404296875
1.061523438
-0.3742675781
0.03656005859
-0.6337890625
1.02734375
0.6328125
-0.1831054688
1.322265625
0.2646484375
0.380859375
-0.2332763672
-0.85546875
-0.2600097656
-2.06640625
-1.888671875
1.74609375
-1.280273438
0.3188476562
-0.8159179688
-1.303710938
0.07586669922
0.33984375
-0.5107421875
0.46875
-0.716796875
-0.3610839844
-0.9018554688
-0.5766601562
1.609375
0.9780273438
1.311523438
0.5952148438
-1.071289062
1.279296875
-0.5380859375
0.2424316406
-0.3046875
1.23828125
0.7915039062
-0.7905273438
-2.58203125
-0.5786132812
-0.3461914062
1.504882812
0.4418945312
0.2132568359
-1.629882812
0.7563476562
-0.5063476562
-0.767578125
0.5849609375
-0.004356384277
0.1727294922
1.389648438
-0.06604003906
-0.4509277344
-0.6723632812
-0.1348876953
0.53125
-0.004619598389
-0.6508789062
1.888671875
1.09375
0.3669433594
-1.028320312
-0.298828125
0.1478271484
0.2766113281
-0.64453125
-1.064453125
-0.5844726562
0.6547851562
1.783203125
1.1640625
-0.08288574219
0.8500976562
-0.1804199219
0.8647460938
1.494140625
-1.060546875
-0.9990234375
-3.279296875
0.6689453125
-0.4829101562
0.2758789062
-1.05078125
2.1640625
-0.1069335938
-2.095703125
-1.516601562
-0.3349609375
-0.4138183594
0.6669921875
0.6469726562
-0.4501953125
0.3894042969
0.05160522461
-2.228515625
0.4360351562
0.916015625
0.02140808105
-0.380859375
-1.043945312
-1.196289062
1.015625
-0.560546875
0.9653320312
1.333007812
0.2731933594
1.264648438
0.3811035156
0.689453125
1.427734375
0.9243164062
0.3701171875
0.9038085938
-0.03625488281
-1.47265625
-0.79296875
0.9189453125
-1.270507812
1.702148438
0.01168823242
0.1870117188
-0.04556274414
-0.03524780273
-1.1875
-0.2827148438
2.193359375
0.5576171875
0.2902832031
0.3840332031
0.4973144531
0.08856201172
0.002256393433
-1.888671875
-1.430664062
0.09954833984
-0.568359375
1.193359375
-1.284179688
0.6508789062
1.446289062
1.017578125
-0.1380615234
1.034179688
-0.8134765625
1.416015625
1.666015625
0.8022460938
-0.01942443848
-0.5073242188
0.134765625
0.5952148438
1.1875
0.4987792969
3.142578125
-1.583007812
0.5966796875
-0.6489257812
-0.796875
1.055664062
-1.38671875
-0.04592895508
0.3051757812
0.8388671875
-0.2724609375
-0.1906738281
0.603515625
1.252929688
-0.6987304688
-0.3203125
2.763671875
0.6982421875
-0.4477539062
0.3752441406
-3.3984375
0.7729492188
-0.6435546875
-0.435546875
-0.931640625
-0.2028808594
-1.928710938
1.020507812
-0.4506835938
-0.9208984375
-0.2939453125
-0.07598876953
1.8828125
0.2492675781
-0.4296875
0.2015380859
1.598632812
-1.209960938
-2.267578125
0.2478027344
-0.82421875
-0.4987792969
-2.01171875
0.3403320312
-0.71875
-0.4426269531
0.2502441406
-0.4423828125
0.5166015625
1.723632812
-0.2741699219
-2.162109375
0.4936523438
-0.5517578125
-1.624023438
-0.03329467773
-0.4763183594
-0.4333496094
-0.5263671875
-0.06811523438
1.000976562
-0.1215820312
-0.3994140625
0.9765625
-2.056640625
2.02734375
0.8198242188
-0.861328125
-1.0859375
-0.104675293
-0.181640625
-0.5610351562
-0.1414794922
-1.208007812
-0.1044921875
-0.5610351562
-0.1376953125
0.8115234375
0.3408203125
0.8603515625
-0.1011352539
0.3754882812
0.50390625
-0.6181640625
0.1639404297
-0.3303222656
0.716796875
-1.259765625
-1.591796875
0.7099609375
0.8720703125
0.007530212402
2.25390625
0.5830078125
-0.2580566406
-0.4660644531
-1.28515625
-0.2290039062
-0.9067382812
-0.3081054688
0.4738769531
0.5668945312
1.458984375
0.00256729126
0.4636230469
-0.2622070312
-1.038085938
1.169921875
0.1268310547
-0.1818847656
-1.502929688
-1.184570312
0.548828125
1.177734375
0.9936523438
-1.264648438
-0.09393310547
-0.7373046875
0.1767578125
-1.333007812
0.28125
-1.186523438
-0.8969726562
0.3493652344
1.961914062
0.4497070312
0.2797851562
1.5390625
-1.943359375
0.1177978516
-1.034179688
0.7080078125
-0.2749023438
2.490234375
-1.599609375
-0.3225097656
-0.6782226562
0.85546875
1.586914062
-0.6342773438
-0.1577148438
-1.220703125
-0.3859863281
-1.526367188
3.71484375
0.4560546875
1.653320312
-1.0234375
-0.82421875
1.05078125
-0.7416992188
0.173828125
1.161132812
-0.4211425781
0.9916992188
-0.09985351562
1.020507812
0.677734375
-0.306640625
0.2004394531
0.9223632812
0.4064941406
0.8657226562
0.8427734375
0.09399414062
-0.7065429688
-0.3442382812
1.109375
0.05606079102
-0.1673583984
-1.00390625
-0.974609375
0.4919433594
-1.537109375
0.1806640625
0.4008789062
0.1050415039
-0.2231445312
-1.092773438
0.07806396484
-0.8193359375
0.009307861328
1.223632812
0.8544921875
-0.3234863281
1.463867188
0.1033325195
0.7641601562
0.6127929688
1.689453125
0.4638671875
-0.1859130859
-0.2236328125
0.2427978516
0.7573242188
-0.4543457031
-0.1732177734
-1.806640625
0.578125
1.8203125
0.271484375
-0.6040039062
0.4970703125
-0.4719238281
-0.1146240234
1.400390625
-0.7133789062
-0.96875
0.7578125
-0.4533691406
1.141601562
0.9951171875
0.974609375
1.111328125
-1.20703125
-1.6328125
0.4689941406
-0.1960449219
0.4221191406
0.4421386719
1.278320312
0.7622070312
1.038085938
-0.06243896484
1.013671875
-0.02703857422
-0.2249755859
1.220703125
1.170898438
-0.07867431641
0.2785644531
-0.6215820312
0.921875
-1.462890625
-0.05139160156
1.983398438
0.7182617188
0.8071289062
-0.6552734375
1.278320312
0.1444091797
-2.1015625
-0.76953125
1.41015625
-0.9868164062
1.1015625
-1.481445312
-0.4267578125
-1.524414062
0.07043457031
-0.1943359375
-1.544921875
-0.7670898438
0.2543945312
-0.7329101562
-0.58203125
-0.005294799805
0.8173828125
0.6186523438
-0.2568359375
0.6826171875
0.501953125
0.994140625
1.388671875
-0.509765625
-0.7036132812
-1.14453125
-0.6635742188
0.02787780762
0.09240722656
1.262695312
-0.6088867188
0.01683044434
-0.8857421875
1.428710938
0.7749023438
0.08209228516
1.046875
1.475585938
1.37109375
0.2120361328
-1.037109375
0.7421875
0.5043945312
0.666015625
1.509765625
0.1568603516
1.841796875
0.5122070312
1.390625
-0.84375
-0.2561035156
0.6162109375
-0.7607421875
-0.04690551758
-0.6728515625
-0.6459960938
-0.9301757812
-1.390625
-0.1376953125
0.4663085938
0.4084472656
0.4836425781
0.2313232422
1.3828125
1.615234375
-0.5048828125
-0.4143066406
-0.06884765625
0.51171875
-1.102539062
1.31640625
-1.8203125
0.9897460938
-0.9594726562
1.034179688
-0.1020507812
0.6333007812
-0.6279296875
1.138671875
1.200195312
1.000976562
1.494140625
0.2243652344
0.4289550781
1.09765625
0.1644287109
0.5185546875
0.1773681641
1.318359375
-0.1157226562
0.1793212891
0.6186523438
-0.02294921875
-0.451171875
-2.28125
-1.086914062
-1.64453125
-2.029296875
2.0078125
-0.1046142578
0.9462890625
0.3112792969
1.580078125
-1.0390625
0.798828125
-0.2624511719
-2.6484375
-1.3125
-0.5068359375
-0.53125
1.030273438
0.8149414062
2.21875
-0.3081054688
-1.033203125
0.3591308594
0.4777832031
-0.60546875
-0.6401367188
-0.6923828125
1.01953125
-0.4543457031
0.1677246094
0.5581054688
0.1684570312
-0.1800537109
-0.8481445312
-1.70703125
0.8061523438
0.4477539062
1.46484375
0.5004882812
1.555664062
0.9995117188
-0.494140625
1.5390625
-0.3273925781
0.7724609375
-0.6220703125
-0.4067382812
-1.176757812
0.1887207031
0.2609863281
-0.3176269531
0.06109619141
1.173828125
-0.004981994629
-1.610351562
-0.4885253906
0.6821289062
-0.5732421875
0.7729492188
0.4719238281
0.693359375
0.4951171875
-1.327148438
0.4431152344
2.416015625
-0.9658203125
-2.208984375
-0.3095703125
2.43359375
-2.30078125
-0.3393554688
0.2418212891
1.680664062
-1.35546875
0.740234375
-0.2177734375
-0.2346191406
1.788085938
0.650390625
0.3168945312
-0.5991210938
-2.0703125
0.7124023438
-0.9379882812
-0.4182128906
0.5908203125
-0.76953125
0.6044921875
-0.7622070312
-0.3015136719
0.1685791016
0.1627197266
1.436523438
-1.041015625
0.806640625
0.8828125
-0.7744140625
0.2346191406
0.3317871094
0.02006530762
-0.3459472656
-0.8735351562
0.4624023438
0.02742004395
0.3693847656
0.6958007812
-0.494140625
-0.1804199219
-0.666015625
-0.1422119141
0.2995605469
-0.46484375
-1.703125
0.09558105469
0.4370117188
1.873046875
1.900390625
-0.9765625
-0.2512207031
0.2023925781
-0.8212890625
-0.06103515625
0.04669189453
-0.5107421875
0.607421875
0.646484375
-0.6918945312
-0.7451171875
1.013671875
-0.2115478516
0.5537109375
-0.001696586609
-0.896484375
-0.54296875
-0.2340087891
0.6391601562
0.3984375
-0.6948242188
-2.177734375
-0.3317871094
0.07995605469
0.6694335938
-0.2473144531
-0.4714355469
-1.331054688
0.5141601562
-2.255859375
1.243164062
-0.8017578125
1.28515625
-0.2912597656
0.8041992188
-2.48828125
-1.466796875
-0.7338867188
-1.732421875
-0.2658691406
-0.6572265625
-0.4431152344
-1.237304688
-0.4296875
0.8828125
0.3227539062
-0.8618164062
-0.4223632812
-0.2286376953
0.4860839844
-0.845703125
1.723632812
-0.087890625
0.7661132812
-1.306640625
0.1032104492
1.40625
0.3933105469
-0.09765625
-0.1766357422
0.3674316406
-1.658203125
0.07196044922
-1.270507812
1.2421875
-0.2078857422
-0.3588867188
-1.088867188
-0.2705078125
-0.7646484375
-0.5400390625
-0.29296875
0.4514160156
-0.04290771484
0.1700439453
-1.897460938
-2.06640625
2.169921875
1.668945312
-1.193359375
-1.27734375
0.02258300781
-0.1373291016
1.870117188
-0.104675293
-0.4221191406
0.4311523438
-0.533203125
-1.184570312
0.677734375
-0.03497314453
-1.629882812
0.626953125
-0.3942871094
1.748046875
-0.912109375
1.603515625
0.875
-0.3833007812
-0.7241210938
-0.4465332031
-2.45703125
1.73828125
0.9306640625
0.9975585938
-0.2141113281
-0.28515625
2.31640625
-0.8618164062
0.9702148438
-0.01362609863
0.07543945312
0.5639648438
0.002349853516
0.19921875
0.1337890625
-0.0285949707
-0.6938476562
0.9448242188
-1.5390625
0.1970214844
-0.462890625
0.3266601562
-0.2478027344
-1.192382812
1.360351562
-0.3159179688
1.01953125
1.032226562
1.36328125
-0.4638671875
0.4211425781
0.09381103516
-2.029296875
-1.051757812
0.5151367188
0.3901367188
-0.04040527344
0.2836914062
0.3623046875
0.5395507812
-0.6958007812
-0.5439453125
0.4428710938
-0.1495361328
-1.66015625
-0.2941894531
0.56640625
-1.290039062
0.4663085938
0.5522460938
0.06878662109
-0.08160400391
1.00390625
-0.716796875
-0.1037597656
0.1651611328
0.1737060547
-0.3010253906
-0.2592773438
-0.3198242188
1.853515625
-1.650390625
-0.1271972656
1.00390625
0.1488037109
1.7421875
-1.251953125
0.7880859375
-0.6645507812
-0.9536132812
-0.1328125
-1.774414062
-0.7446289062
-1.109375
-0.2619628906
-1.46484375
1.797851562
0.2707519531
0.1639404297
-0.4204101562
-0.6577148438
1.631835938
0.3186035156
-2.2734375
-1.237304688
0.1483154297
0.8549804688
0.4916992188
0.7099609375
0.3894042969
-0.375
0.6337890625
0.2330322266
-0.849609375
-0.1077270508
2.125
0.3547363281
0.4604492188
-0.4624023438
0.5703125
-0.7646484375
-0.6196289062
0.1734619141
-0.8676757812
-0.5366210938
0.05743408203
-0.8017578125
0.9970703125
-0.0559387207
0.5478515625
-2.84765625
-0.07342529297
0.04019165039
-0.77734375
-0.8203125
-1.069335938
0.1033325195
0.65234375
0.1440429688
0.9750976562
-0.5981445312
0.2303466797
0.4533691406
-1.258789062
-0.4755859375
-0.07244873047
1.110351562
-1.415039062
0.6586914062
-0.205078125
0.515625
-0.4616699219
1.9140625
-0.4287109375
-0.06530761719
-0.53125
1.2265625
0.9125976562
1.579101562
-1.791015625
1.099609375
-0.05029296875
-1.166015625
-1.5859375
-0.5869140625
-0.3791503906
-0.4174804688
0.2937011719
-0.9838867188
-0.4946289062
0.3896484375
0.006355285645
0.02746582031
-1.077148438
1.00390625
-0.6938476562
0.8999023438
-0.05416870117
-0.2059326172
-1.7421875
1.01171875
1.111328125
-0.07849121094
0.9077148438
0.08166503906
-0.1041870117
-0.4870605469
0.04187011719
-1.29296875
1.120117188
0.2724609375
1.32421875
-0.3571777344
0.3935546875
-0.8178710938
0.4379882812
0.9125976562
-1.809570312
-0.99609375
-0.4519042969
0.4020996094
0.5869140625
0.1821289062
-0.7939453125
0.9848632812
1.71875
-0.7846679688
0.3796386719
-0.5205078125
-0.5063476562
0.8798828125
0.1414794922
0.0009212493896
0.62109375
-0.3168945312
0.4123535156
0.3127441406
-0.78125
-0.2844238281
-0.3979492188
0.4912109375
0.7446289062
-0.7075195312
0.3054199219
0.2392578125
0.77734375
-0.9174804688
1.649414062
-0.6196289062
0.4113769531
1.772460938
-2.044921875
0.5205078125
1.595703125
0.03201293945
0.6000976562
-2.3828125
0.8588867188
-0.2492675781
0.0184173584
-0.3227539062
-1.706054688
-0.006301879883
0.5234375
-0.6650390625
1.1171875
0.8959960938
0.05020141602
0.3720703125
-0.6450195312
1.41796875
0.7734375
0.4501953125
1.977539062
0.1469726562
0.6694335938
0.1077880859
-1.291992188
0.4453125
-0.349609375
0.3962402344
1.815429688
0.7553710938
-0.8129882812
0.3044433594
-0.6440429688
-0.4812011719
-0.8154296875
-0.07092285156
-1.4296875
0.04989624023
-0.623046875
-0.8657226562
-0.4582519531
-1.272460938
0.3544921875
0.2475585938
0.8271484375
0.5859375
0.4213867188
-1.046875
0.102355957
1.59765625
0.7548828125
-1.603515625
0.03677368164
-0.9125976562
0.732421875
0.2990722656
1.262695312
-3.33984375
1.234375
-0.3369140625
0.9536132812
1.724609375
0.6401367188
-1.951171875
0.4621582031
0.2092285156
0.3718261719
1.426757812
0.7114257812
0.08013916016
0.5107421875
0.3447265625
0.03967285156
0.7690429688
1.76171875
-1.903320312
0.03778076172
1.74609375
-0.6264648438
1.537109375
-0.1164550781
-1.020507812
0.3344726562
-0.1257324219
0.3723144531
-0.4970703125
0.267578125
-0.09545898438
-1.36328125
1.333984375
-1.719726562
-2.634765625
-1.022460938
0.6088867188
0.9604492188
0.6923828125
1.161132812
0.01745605469
-0.9086914062
1.071289062
0.5947265625
0.4321289062
-0.7451171875
0.6196289062
-2.2109375
-0.2502441406
-1.651367188
-0.6225585938
1.247070312
-1.514648438
0.1658935547
-0.8520507812
1.977539062
0.1966552734
-0.0417175293
-0.01179504395
0.1434326172
0.2036132812
-1.671875
0.2072753906
1.661132812
-0.05825805664
-0.8608398438
0.5004882812
0.501953125
-0.9599609375
2.330078125
-0.0274810791
0.9111328125
0.9169921875
-0.6958007812
-1.940429688
-0.1092529297
0.6088867188
0.07489013672
0.9594726562
1.467773438
1.05078125
0.8427734375
-0.2001953125
0.51171875
1.13671875
0.5146484375
-2.443359375
0.4250488281
0.58984375
1.432617188
-1.336914062
0.2900390625
0.3708496094
0.8989257812
-0.5
-1.889648438
-0.3991699219
-0.66015625
-0.1728515625
0.9321289062
0.755859375
0.8823242188
-0.2003173828
1.696289062
-0.2457275391
-0.02258300781
-1.0078125
-0.9399414062
0.08361816406
0.04611206055
1.124023438
0.54296875
0.3532714844
1.395507812
-0.3039550781
2.08203125
-0.4055175781
-0.6655273438
-0.6215820312
1.3359375
-0.7944335938
0.205078125
-2.06640625
0.08551025391
1.467773438
-0.3308105469
-1.4296875
-0.04513549805
-0.1273193359
-1.09375
-0.9326171875
1.224609375
1.3203125
0.7817382812
-0.8828125
0.6259765625
-0.599609375
-0.4860839844
-1.0625
0.6171875
-0.578125
1.040039062
-0.5307617188
0.3203125
0.7724609375
0.53125
-0.732421875
1.489257812
0.4846191406
-0.6728515625
-0.7255859375
0.5327148438
-0.5708007812
0.9047851562
0.8427734375
0.9467773438
0.8579101562
0.8374023438
-2.07421875
-1.061523438
0.5810546875
0.9892578125
-1.120117188
0.09350585938
0.06939697266
1.028320312
-1.353515625
0.6391601562
-0.3940429688
1.747070312
1.072265625
2.73046875
0.765625
0.111328125
-1.94140625
-0.8095703125
-0.6782226562
-0.1140136719
-0.03076171875
-0.5688476562
-0.6840820312
-0.6469726562
-1.48046875
-0.890625
0.796875
2.6484375
2.22265625
-0.8325195312
-0.6630859375
-1.19140625
-0.580078125
0.5859375
0.5678710938
-0.5166015625
0.716796875
0.7485351562
1.375976562
0.2631835938
0.2390136719
-0.7709960938
1.586914062
-0.8188476562
-1.515625
-1.963867188
0.1964111328
-0.5708007812
-0.1039428711
0.703125
0.3093261719
0.1442871094
0.02040100098
0.4230957031
1.172851562
-1.76171875
1.118164062
2.134765625
0.9833984375
-1.455078125
-0.826171875
-0.568359375
-0.3264160156
1.745117188
-1.46484375
0.98828125
0.1829833984
1.25390625
-0.79296875
0.2104492188
0.7172851562
-1.083984375
0.6796875
2.85546875
0.8676757812
1.452148438
0.3896484375
-0.2496337891
1.611328125
0.369140625
0.7607421875
-2.107421875
-0.5517578125
-0.7280273438
-2.1484375
0.9848632812
0.03887939453
-0.32421875
0.1550292969
0.03857421875
0.5361328125
0.1929931641
0.1436767578
1.283203125
1.369140625
-1.827148438
0.912109375
0.1984863281
0.2473144531
-0.1108398438
-1.30859375
-2.158203125
0.1696777344
-0.9760742188
0.3310546875
0.2854003906
-1.0703125
-0.4838867188
2.11328125
-1.623046875
-0.5205078125
-1.884765625
0.884765625
0.7055664062
-0.4165039062
1.806640625
1.424804688
-1.145507812
-0.29296875
1.46875
-0.1395263672
-0.1978759766
-0.3264160156
0.3718261719
1.7890625
1.163085938
0.08258056641
0.7734375
-1.6953125
0.9912109375
-1.952148438
-0.1274414062
-0.09332275391
-0.6157226562
0.09338378906
-1.166015625
1.0546875
-1.034179688
0.455078125
1.946289062
-0.1089477539
0.8442382812
-0.962890625
0.7412109375
-0.4770507812
-1.448242188
1.63671875
-1.3984375
-0.7412109375
-0.755859375
0.1553955078
-0.8325195312
-0.1236572266
-0.09515380859
1.127929688
0.08715820312
-0.06817626953
-2.142578125
1.416992188
1.443359375
-0.06188964844
-1.555664062
-0.4465332031
0.5239257812
-0.7182617188
0.703125
0.8012695312
1.395507812
-0.02165222168
0.1341552734
-2.05859375
-0.083984375
1.002929688
0.609375
0.2248535156
-1.234375
0.8950195312
0.8100585938
-2.29296875
-0.1178588867
1.265625
-2.03515625
0.3979492188
0.2900390625
0.3513183594
0.1596679688
2.236328125
-1.924804688
-0.3046875
-0.5043945312
0.9516601562
-0.3276367188
0.5390625
0.79296875
-1.69140625
-1.1875
-2.388671875
0.02796936035
1.698242188
-1.1328125
0.5659179688
1.05078125
1.200195312
-0.2749023438
-0.6704101562
-1.833007812
1.689453125
1.529296875
0.8149414062
0.4279785156
1.275390625
0.69921875
0.5698242188
-2.05078125
0.8022460938
-1.2421875
0.1651611328
-0.5493164062
-0.1741943359
2.23828125
0.251953125
-0.5400390625
-0.02812194824
0.4821777344
-0.4455566406
0.3530273438
-0.3120117188
0.1290283203
-0.4401855469
0.2746582031
1.251953125
-0.2308349609
-1.177734375
-0.4399414062
1.3984375
1.294921875
-0.7314453125
1.361328125
-1.177734375
-2.341796875
1.193359375
-0.3601074219
0.09429931641
-1.122070312
0.671875
1.234375
-1.420898438
1.454101562
-0.2648925781
-0.728515625
0.2233886719
1.236328125
-1.568359375
-1.6015625
0.61328125
0.4848632812
-1.557617188
1.545898438
-1.353515625
-0.2185058594
-2.283203125
-0.9516601562
0.8603515625
0.5078125
0.1223754883
-1.59375
-0.470703125
0.63671875
-0.6821289062
-0.08050537109
1.439453125
-1.87890625
1.454101562
-0.3596191406
-1.296875
-0.2329101562
0.21875
-1.688476562
-0.47265625
-0.3952636719
0.5805664062
-1.517578125
-0.118347168
0.6499023438
-0.3920898438
0.41015625
-0.7495117188
-1.092773438
0.3869628906
-0.1860351562
1.994140625
1.065429688
1.201171875
-0.06994628906
0.314453125
0.3298339844
0.55859375
0.6689453125
-0.1329345703
-0.06781005859
-0.2219238281
-1.20703125
-0.3354492188
0.2407226562
1.921875
-1.805664062
1.48046875
-0.7797851562
0.9072265625
0.6411132812
-1.4140625
0.6923828125
0.6552734375
-2.10546875
-2.13671875
0.7065429688
-0.08477783203
-1.15625
-1.194335938
-1.262695312
1.262695312
1.515625
-0.6923828125
-1.333984375
-1.244140625
-1.491210938
1.125976562
0.2917480469
-1.284179688
0.7622070312
1.129882812
-1.021484375
0.3696289062
-0.2687988281
-1.151367188
-0.1730957031
-0.08715820312
-0.8857421875
3.03515625
0.2983398438
0.619140625
0.1325683594
1.439453125
1.056640625
0.8315429688
0.8671875
2.66796875
0.02214050293
-0.8432617188
-0.5903320312
1.000976562
-0.7373046875
0.3388671875
1.740234375
3.15625
-1.080078125
-1.494140625
-0.677734375
0.4521484375
-0.2685546875
0.5063476562
-0.1887207031
2.318359375
1.907226562
0.1557617188
2.751953125
-1.666015625
-0.5888671875
0.7006835938
1.418945312
0.8696289062
-0.2785644531
0.62109375
-0.6552734375
-0.7153320312
-2.05078125
1.595703125
-0.1190795898
-2.583984375
-0.4274902344
0.9619140625
-0.1391601562
1.08984375
-0.330078125
0.4545898438
0.5903320312
0.5200195312
1.154296875
0.8793945312
0.009170532227
-1.330078125
-0.25390625
0.4362792969
0.3674316406
-0.4260253906
0.3122558594
-1.235351562
0.4189453125
-0.154296875
2.244140625
-1.209960938
-0.9853515625
0.05346679688
-0.9438476562
-1.727539062
-1.186523438
-0.7001953125
1.166015625
1.10546875
0.04998779297
-0.88671875
0.2412109375
-1.138671875
-1.338867188
-0.822265625
0.3203125
-0.107421875
0.8911132812
0.1950683594
-0.6416015625
2.552734375
0.2861328125
0.4067382812
-0.2213134766
1.154296875
-0.337890625
-0.0153427124
0.6899414062
-0.8686523438
2.212890625
0.09979248047
-0.2868652344
-0.6708984375
-0.9428710938
-1.65234375
1.905273438
-2.181640625
-0.3508300781
-0.1936035156
1.5390625
-0.87890625
-0.06866455078
-0.2409667969
-0.515625
-0.5258789062
1.12109375
-0.7939453125
1.596679688
1.0703125
-0.4565429688
1.3984375
1.088867188
-1.68359375
-1.099609375
-1.139648438
-0.4150390625
-0.3352050781
-0.7451171875
-0.2514648438
0.2875976562
-0.9506835938
-0.4645996094
-1.365234375
-0.1643066406
1.086914062
1.0078125
-1.041992188
-0.56640625
1.236328125
0.5537109375
-0.1766357422
1.08984375
-1.022460938
0.6923828125
-0.7446289062
-0.004055023193
1.033203125
-0.6259765625
-2.025390625
1.12109375
0.1291503906
-1.7734375
-0.2321777344
0.6225585938
0.9907226562
-1.1875
0.1389160156
0.3657226562
-1.3203125
-0.06066894531
-1.842773438
-0.1552734375
0.04568481445
-1.745117188
1.392578125
0.1368408203
1.474609375
0.1263427734
-2.42578125
0.8286132812
0.1856689453
-0.8720703125
0.07427978516
-0.8564453125
0.2971191406
-0.3669433594
2.880859375
-1.603515625
-1.435546875
1.012695312
-0.0008029937744
0.2247314453
-1.8828125
-1.75
0.978515625
1
-0.0703125
0.7431640625
-0.00944519043
-0.59765625
0.4382324219
1.2734375
0.2646484375
-0.310546875
-0.4448242188
-1.026367188
0.2492675781
0.005004882812
0.02331542969
0.8408203125
-1.23828125
-0.1978759766
0.3645019531
-0.7836914062
-0.1418457031
-0.1958007812
-0.712890625
-0.6865234375
0.9360351562
1.486328125
0.6391601562
-1.439453125
0.2172851562
0.7924804688
1.145507812
0.1640625
0.90234375
1
0.3698730469
0.03317260742
0.583984375
-0.4833984375
-0.6474609375
1.096679688
-1.682617188
-1.544921875
0.4401855469
0.05432128906
-0.5512695312
1.032226562
0.7734375
0.6362304688
0.4760742188
0.5532226562
-0.40625
2.591796875
-0.2061767578
-1.348632812
-0.7670898438
-0.875
0.7470703125
0.1579589844
0.1958007812
-0.2680664062
-0.3439941406
0.6865234375
-0.3049316406
1.522460938
1.229492188
-2.857421875
1.060546875
-0.100402832
-0.6513671875
-1.198242188
-0.1522216797
0.1440429688
0.7080078125
0.9638671875
-2.376953125
-0.7348632812
1.420898438
1.23046875
2.75
0.7124023438
0.7055664062
0.08233642578
0.7548828125
1.826171875
0.2939453125
0.529296875
0.002758026123
0.9331054688
-1.09765625
0.6362304688
0.2751464844
2.517578125
0.07415771484
-0.9799804688
-0.09808349609
0.8286132812
-0.8100585938
-1.60546875
-0.001976013184
-1.370117188
0.3879394531
-0.8325195312
-0.03625488281
1.306640625
-0.3813476562
-1.278320312
1.036132812
-1.82421875
0.6787109375
-0.8110351562
0.4279785156
0.6611328125
-0.4331054688
1.923828125
-0.3874511719
-1.352539062
0.1254882812
-0.8486328125
-1.626953125
-1.202148438
-0.4689941406
0.08929443359
-0.5673828125
-0.1457519531
-1.340820312
-0.8681640625
0.6728515625
-1.426757812
-0.759765625
0.2023925781
0.3415527344
-1.189453125
1.166015625
0.4233398438
-0.3576660156
0.9189453125
-0.6875
1.961914062
-0.8354492188
-0.5830078125
-0.4638671875
1.338867188
0.2800292969
1.600585938
-1.126953125
0.03393554688
-2.3515625
-2.30078125
-0.8540039062
0.4467773438
-0.337890625
-0.03469848633
-0.9267578125
-0.02021789551
0.5180664062
-0.07556152344
-1.459960938
-0.3371582031
-1.743164062
2.8984375
-0.9360351562
-1.17578125
-0.4743652344
-0.3674316406
-1.987304688
-0.5400390625
0.333984375
0.1560058594
3.44921875
-0.8471679688
1.928710938
0.7934570312
-1.857421875
1.231445312
-0.6557617188
-0.06726074219
0.6806640625
-0.4069824219
-1.037109375
-1.412109375
-0.3022460938
-0.4162597656
-0.4028320312
0.01196289062
-0.5795898438
0.78125
0.5991210938
1.41015625
-1.002929688
-0.712890625
0.3154296875
0.5610351562
-0.1274414062
0.4597167969
-1.885742188
1.672851562
-1.0234375
1.047851562
0.7758789062
-0.07452392578
0.626953125
1.46484375
0.3679199219
1.138671875
-0.8203125
-0.4262695312
0.5961914062
-2.021484375
0.5014648438
0.2432861328
2.46875
0.8305664062
0.0100479126
0.3618164062
-0.7055664062
-0.5087890625
-0.9370117188
-0.787109375
-0.4624023438
-0.2381591797
0.40234375
-0.1372070312
0.9375
-1.315429688
-0.8237304688
0.6752929688
-0.004337310791
-1.569335938
-2.720703125
1.682617188
0.6279296875
0.2156982422
0.8266601562
0.3088378906
0.1976318359
-0.6479492188
0.1146240234
-2.263671875
-0.2196044922
0.3315429688
0.9067382812
0.9130859375
-0.1645507812
-0.1174316406
0.7905273438
-0.3674316406
-0.9697265625
-1.060546875
-0.52734375
0.908203125
-0.9379882812
0.5708007812
-0.4169921875
0.1086425781
-0.1070556641
-1.088867188
0.104309082
1.211914062
-0.3930664062
0.04684448242
1.30078125
0.3918457031
0.02941894531
0.75390625
0.9760742188
-0.474609375
0.1988525391
0.001323699951
1.141601562
1.201171875
-0.3605957031
-0.7924804688
-0.6640625
-0.857421875
0.7734375
-0.006149291992
0.4128417969
-1.170898438
-0.5014648438
0.2492675781
1.23046875
2.361328125
-1.196289062
-0.5708007812
0.943359375
-0.541015625
1.44921875
-0.7592773438
-0.6313476562
0.1826171875
0.294921875
1.869140625
-1.176757812
-0.919921875
2.24609375
1.680664062
-0.1088867188
0.162109375
0.1832275391
-2.52734375
-0.6391601562
1.244140625
0.9741210938
0.1741943359
0.412109375
0.6928710938
-0.84765625
0.3776855469
1.638671875
-0.509765625
-0.3435058594
0.3312988281
-1.134765625
1.06640625
-1.147460938
1.12890625
-0.09149169922
0.6591796875
1.040039062
-0.7905273438
0.2956542969
-0.2271728516
-0.966796875
-1.538085938
-0.4938964844
-0.4177246094
-1.133789062
1.029296875
-0.02725219727
-2.134765625
-0.7158203125
1.25390625
-1.509765625
-0.03555297852
0.06951904297
0.3520507812
1.125
-0.9497070312
0.6342773438
1.077148438
-1.061523438
0.16796875
-1.668945312
0.4650878906
2.3828125
-0.775390625
-0.3259277344
-1.712890625
0.765625
1.126953125
1.525390625
1.877929688
1.103515625
-1.297851562
2.6484375
-1.55078125
0.9501953125
0.3471679688
-0.1901855469
-0.2392578125
0.2507324219
-0.486328125
-0.1169433594
0.9057617188
2.263671875
0.2052001953
0.08380126953
1.294921875
-0.1436767578
1.18359375
0.5698242188
-0.5551757812
-0.1832275391
-1.119140625
-0.5703125
0.9233398438
0.130859375
-0.07269287109
0.5883789062
-1.083984375
0.4296875
-0.1529541016
-0.5991210938
0.1059570312
0.3642578125
0.1038208008
1.098632812
-1.217773438
-1.1015625
0.4233398438
-2.0859375
-0.9897460938
-1.828125
0.2083740234
0.5166015625
-2.744140625
1.127929688
-0.05001831055
-0.3254394531
-0.3029785156
1.432617188
-1.7734375
-1.681640625
-1.241210938
-0.2485351562
0.1213989258
0.06610107422
0.4851074219
0.2469482422
-0.1168212891
-0.3771972656
0.2687988281
-0.2946777344
3.142578125
-0.1362304688
0.357421875
0.09710693359
0.759765625
0.6059570312
0.2336425781
-0.3010253906
-0.2907714844
-1.186523438
-0.8662109375
1.170898438
0.9462890625
0.7109375
2.509765625
0.5463867188
-0.4985351562
-0.7490234375
0.7631835938
-0.2604980469
0.89453125
-0.09692382812
0.4782714844
-0.1544189453
1.599609375
1.053710938
0.4765625
-0.6748046875
0.7661132812
0.5327148438
-0.33984375
-1.028320312
0.06243896484
-0.1481933594
0.3735351562
0.3461914062
0.7548828125
-1.934570312
-0.09057617188
0.6323242188
0.9560546875
-0.4108886719
-0.4045410156
-0.1051635742
0.4455566406
1.327148438
0.1899414062
-0.4741210938
-0.4387207031
-0.5678710938
0.5102539062
-1.66796875
0.6962890625
0.7377929688
1.095703125
-0.110168457
0.3940429688
0.2194824219
-0.5913085938
1.1484375
0.7158203125
-1.208007812
-0.1257324219
0.08251953125
0.9282226562
-1.140625
0.6762695312
-0.8881835938
-0.4306640625
0.931640625
0.1021118164
-0.0583190918
-0.0966796875
-0.06597900391
1.7734375
1.693359375
2.103515625
0.2381591797
0.9228515625
-1.608398438
0.07196044922
1.291015625
2.390625
-1.305664062
-0.1496582031
0.08050537109
-0.4311523438
1.588867188
-1.44140625
-0.9501953125
-1.442382812
-0.5205078125
-0.2185058594
1.151367188
0.4348144531
0.3510742188
1.305664062
1.64453125
-0.7875976562
-0.3205566406
0.2829589844
-0.1838378906
-0.4753417969
1.184570312
0.1455078125
-0.5493164062
0.8115234375
1.484375
-0.1761474609
-0.8012695312
0.5673828125
-0.7221679688
-0.2127685547
0.8315429688
1.34375
0.1824951172
0.3911132812
-0.744140625
0.4921875
-1.12109375
-1.624023438
-1.020507812
0.7294921875
0.05166625977
0.4982910156
-0.7036132812
0.7368164062
1.125976562
0.7514648438
-1.748046875
-0.5551757812
-0.734375
1.067382812
0.4194335938
-1.239257812
1.3671875
0.2274169922
0.1184082031
2.46875
0.3718261719
0.9399414062
-0.03833007812
0.8627929688
-0.9331054688
1.4453125
0.9204101562
-0.2648925781
-0.1539306641
0.2934570312
-0.2286376953
-1.39453125
-1.370117188
-1.209960938
1.46875
1.080078125
-0.3039550781
-1.301757812
0.9067382812
-0.3996582031
0.7338867188
-0.6650390625
1.077148438
0.333984375
1.534179688
1.454101562
-0.9497070312
-3.08203125
0.7978515625
-0.970703125
-0.6020507812
2.6484375
0.3330078125
1.58203125
-1.59375
0.6953125
0.720703125
-0.7758789062
0.5610351562
0.4768066406
1.059570312
0.4404296875
1.907226562
-0.4313964844
0.04418945312
-1.526367188
0.4802246094
-0.7016601562
-0.06088256836
-0.1126098633
0.108215332
-0.5024414062
1.473632812
-1.124023438
-0.06750488281
-0.62890625
0.7895507812
0.1510009766
0.259765625
-0.8291015625
0.806640625
0.998046875
-1.840820312
0.5087890625
0.9814453125
-0.3056640625
-2.365234375
0.6030273438
-0.005142211914
0.783203125
-0.2583007812
-0.3776855469
-0.2822265625
-0.857421875
-0.6030273438
-1.293945312
-0.09106445312
-1.109375
0.4926757812
-0.2788085938
-0.02807617188
-0.6225585938
-1.125976562
-0.8916015625
0.2120361328
1.34765625
-0.4887695312
-1.37890625
-0.3666992188
-1.662109375
-1.020507812
1.446289062
-0.05187988281
0.74609375
0.2397460938
0.5400390625
2.408203125
1.169921875
-0.7016601562
-0.8642578125
-0.2152099609
-0.2844238281
-0.4379882812
2.15234375
1.36328125
-0.6396484375
0.02146911621
-1.005859375
-0.1235351562
1.7578125
0.6845703125
-1.098632812
0.1646728516
-1.333007812
0.09924316406
0.5776367188
0.7485351562
-0.1793212891
1.844726562
0.04135131836
0.8193359375
-0.3251953125
-0.6049804688
-2.458984375
1.59765625
1.836914062
-0.2509765625
-1.504882812
-0.6547851562
-1.938476562
-0.5556640625
-0.4995117188
-1.110351562
-0.3120117188
1.573242188
-0.28515625
1.1640625
1.010742188
0.658203125
-0.62109375
1.434570312
0.01274871826
-1.18359375
-0.6313476562
0.0308380127
0.4907226562
-1.044921875
0.8686523438
-0.5830078125
-1.107421875
1.065429688
-0.7905273438
-0.2841796875
0.4665527344
-1.133789062
-1.2734375
0.775390625
1.426757812
-1.133789062
-1.440429688
0.5224609375
0.455078125
0.04187011719
0.5102539062
-0.6494140625
-0.08154296875
0.7739257812
1.463867188
0.8579101562
-0.3859863281
0.03375244141
0.6953125
0.2272949219
1.198242188
-1.678710938
0.6611328125
1.80078125
-0.6713867188
1.612304688
0.166015625
-1.239257812
0.5678710938
-1.598632812
-0.1286621094
0.880859375
-0.02217102051
-1.58203125
0.06155395508
0.5283203125
-0.03167724609
-1.286132812
1.555664062
-0.8916015625
-1.443359375
-0.5590820312
1.280273438
0.8369140625
-0.3056640625
-1.12109375
0.1859130859
1.16796875
-1.793945312
1.782226562
-1.2109375
-0.4653320312
0.5893554688
0.4846191406
0.1843261719
-1.276367188
-0.4450683594
-1.081054688
0.7919921875
0.421875
1.467773438
1.353515625
2.521484375
-0.3271484375
0.3605957031
-1.565429688
0.08465576172
-0.6723632812
0.8369140625
-0.6845703125
-1.021484375
0.1593017578
0.259765625
1.237304688
0.5424804688
-0.1254882812
-0.5068359375
1.303710938
0.06939697266
-3.314453125
-0.2907714844
0.5258789062
1.607421875
1.090820312
-0.8051757812
-0.9658203125
-0.1357421875
-0.2526855469
0.5747070312
-0.2069091797
-1.071289062
-0.197265625
0.7348632812
-2.140625
-0.9682617188
0.9384765625
-0.4780273438
0.8881835938
1.26171875
1.956054688
-1.95703125
0.6528320312
-0.60546875
0.3120117188
-0.9599609375
-0.798828125
-1.017578125
-2.19921875
1.439453125
-1.075195312
-0.7690429688
0.3012695312
0.2995605469
0.4968261719
-0.8330078125
-1.008789062
-1.068359375
1.415039062
-1.223632812
-1.833007812
0.98828125
0.1096801758
0.008415222168
-0.6362304688
0.1799316406
-2.33984375
0.01114654541
0.619140625
0.869140625
0.3759765625
-0.005489349365
0.5844726562
-0.2266845703
0.2001953125
0.04483032227
0.552734375
-0.3706054688
0.07666015625
1.044921875
-1.8203125
0.7983398438
0.007179260254
0.4357910156
-0.80078125
0.9399414062
0.4519042969
-1.243164062
0.03506469727
0.2152099609
0.66015625
0.6245117188
0.7802734375
-0.1488037109
-0.1304931641
-0.755859375
0.830078125
0.2880859375
0.802734375
0.4008789062
1.069335938
-0.7963867188
1.698242188
-0.3796386719
0.02017211914
0.5258789062
1.454101562
0.8125
2.478515625
-0.548828125
1.1328125
1.258789062
-0.4233398438
-3.462890625
0.1791992188
2.234375
2.708984375
-0.08874511719
-0.583984375
-0.5659179688
-0.4450683594
0.986328125
-0.1910400391
0.2239990234
-0.8090820312
0.07757568359
-0.4953613281
0.8188476562
-0.3444824219
-1.396484375
0.7036132812
0.4226074219
0.4311523438
1.624023438
0.5087890625
0.9033203125
-1.840820312
-0.7211914062
0.47265625
-1.39453125
-0.7426757812
-2.123046875
0.666015625
-0.7783203125
1.790039062
-0.3874511719
0.9033203125
-1.6796875
0.9418945312
0.2927246094
-0.9428710938
0.8466796875
-0.4812011719
-0.09240722656
1.247070312
-0.2783203125
-2.9375
0.5932617188
0.4736328125
1.09765625
0.5405273438
-0.3159179688
0.5395507812
0.1990966797
-0.9287109375
0.1632080078
0.7099609375
-0.05914306641
-0.1424560547
-1.6484375
-0.9858398438
1.9140625
-0.3513183594
-1.123046875
0.7172851562
0.05221557617
1.111328125
0.6909179688
-1.10546875
0.587890625
-2.240234375
-0.9204101562
1.651367188
-1.462890625
-0.03695678711
2.7109375
-0.8344726562
-0.2239990234
1.240234375
-0.2376708984
-1.00390625
-1.458007812
-1.884765625
-1.314453125
-0.7290039062
0.7783203125
-2.80859375
0.4340820312
1.807617188
-0.1610107422
-0.544921875
-1.0625
1.201171875
0.1763916016
1.688476562
0.474609375
-1.454101562
0.5537109375
-1.411132812
-1.021484375
-1.19140625
-0.4228515625
-1.416992188
-1.001953125
0.5854492188
1.983398438
-0.7700195312
0.5009765625
0.1794433594
1.83203125
0.1062011719
0.6625976562
1.260742188
-0.904296875
-0.4138183594
1.283203125
-0.04214477539
-0.8725585938
-0.4389648438
-0.08349609375
-0.4501953125
-0.05612182617
1.012695312
1.822265625
0.962890625
0.2208251953
-1.06640625
0.09991455078
0.4907226562
-0.2496337891
-0.4904785156
-0.3022460938
1.275390625
0.5458984375
0.4409179688
-0.8095703125
0.9614257812
-0.5600585938
-0.2563476562
-1.078125
-0.04989624023
-0.08184814453
-0.5185546875
2.296875
-1.883789062
1.557617188
-1.129882812
1.6796875
-0.6870117188
-0.9760742188
1.137695312
-0.7495117188
-0.03634643555
-1.263671875
-1.587890625
1.671875
-1.740234375
-0.76171875
1.23828125
-0.3015136719
-1.384765625
1.708984375
-0.8779296875
-0.1733398438
-1.37109375
-0.8940429688
-0.5791015625
-0.3996582031
1.094726562
1.659179688
-0.5141601562
1.766601562
-0.8515625
-1.393554688
-0.4887695312
-0.1970214844
-1.765625
-1.3125
0.04553222656
-1.209960938
1.685546875
-0.100402832
1.05078125
-1.29296875
-2.392578125
-0.001809120178
0.4897460938
-1.223632812
0.03787231445
-1.46875
-1.34375
1.283203125
-0.7211914062
-0.6171875
-0.1108398438
-0.09167480469
0.2734375
-1.087890625
-0.2612304688
-0.3891601562
0.2290039062
1.041992188
0.4033203125
-0.3415527344
0.4675292969
0.02613830566
-1.123046875
0.87109375
-0.3244628906
-1.133789062
0.1960449219
-0.6479492188
1.255859375
-0.2265625
-0.9174804688
0.6708984375
0.09680175781
0.59765625
-0.1186523438
-0.2335205078
0.7192382812
-1.708984375
-0.2897949219
-0.4255371094
1.391601562
0.7197265625
-0.4760742188
-2.625
0.8530273438
-1.659179688
-1.126953125
-0.9404296875
-0.6328125
-0.3005371094
-2.0546875
0.4519042969
0.1634521484
-1.627929688
0.212890625
-0.5874023438
-0.05404663086
-1.813476562
0.3115234375
1.2109375
1.208007812
0.1790771484
-1.737304688
0.4448242188
-0.1180419922
1.2421875
-0.1036987305
-0.2280273438
-2.595703125
-2.2734375
1.399414062
0.2783203125
-2.529296875
0.3395996094
0.2917480469
-1.893554688
0.1184082031
-1.442382812
-0.1759033203
-0.7250976562
0.7817382812
0.1909179688
-1.504882812
-0.3503417969
0.08666992188
-0.05215454102
1.1484375
-1.196289062
1.704101562
0.4143066406
1.138671875
0.3344726562
0.3725585938
0.7724609375
0.3532714844
-0.7749023438
0.02159118652
-0.03524780273
-0.5678710938
-1.208007812
0.1016235352
0.541015625
1.381835938
0.4870605469
0.2376708984
0.9008789062
-0.3745117188
-0.2954101562
-1.802734375
-0.02665710449
-0.4006347656
-0.7690429688
-0.8818359375
0.5537109375
0.685546875
-0.1459960938
-1.166992188
-0.4919433594
0.794921875
0.9545898438
0.3005371094
0.8383789062
-0.119140625
0.8383789062
-2.02734375
0.9077148438
-0.7622070312
-0.705078125
-0.3874511719
0.5278320312
0.517578125
-0.2425537109
-0.5732421875
-1.80078125
0.7963867188
0.08203125
-0.9296875
-1.481445312
-0.6708984375
-0.5649414062
0.6401367188
1.899414062
0.2648925781
-0.2364501953
1.286132812
-0.02404785156
1.334960938
-2.08203125
1.229492188
-0.04602050781
0.1480712891
-0.865234375
0.9091796875
1.827148438
-2.2734375
1.966796875
0.9721679688
-0.626953125
-1.981445312
-1.163085938
0.75
-0.892578125
0.02735900879
-0.7241210938
-0.94921875
-1.451171875
-0.7944335938
-0.4013671875
0.3156738281
0.7407226562
-2.1953125
-0.4182128906
-0.5068359375
0.3869628906
0.767578125
1.010742188
1.364257812
-0.3305664062
0.9111328125
0.5439453125
0.4194335938
1.204101562
-1.428710938
0.2880859375
2.197265625
-0.7543945312
-1.059570312
-0.8427734375
-0.5122070312
0.4665527344
-0.4990234375
0.2224121094
0.7221679688
-0.0732421875
1.481445312
-0.8940429688
-0.728515625
-1.782226562
0.9526367188
-0.7529296875
0.609375
0.1501464844
-0.98828125
-0.09912109375
2.201171875
-0.8686523438
0.2160644531
1.176757812
0.1396484375
0.09503173828
-1.27734375
0.3703613281
-1.162109375
-1.317382812
1.151367188
-1.037109375
-0.9350585938
0.3249511719
0.6958007812
-0.5581054688
-1.546875
0.87890625
0.1999511719
0.5327148438
-0.2690429688
1.828125
1.5859375
0.3508300781
-0.9462890625
0.2298583984
-1.359375
-0.8232421875
-0.599609375
-0.7446289062
-0.2770996094
0.2319335938
-0.1284179688
0.9658203125
0.8623046875
-0.4201660156
1.05078125
0.5122070312
0.9287109375
-0.4152832031
-0.4772949219
-1.456054688
0.1560058594
-1.958984375
1.053710938
0.03042602539
-0.7265625
0.3347167969
0.7060546875
0.5766601562
0.1450195312
0.2514648438
-0.8120117188
1.370117188
0.08471679688
2.158203125
-0.3676757812
-0.4504394531
-0.03775024414
1.397460938
0.2279052734
1.874023438
-0.1864013672
-1.2890625
-0.6079101562
-0.4235839844
-1.3828125
-1.499023438
1.23828125
-1.103515625
-1.168945312
-0.08380126953
0.3142089844
-2.0625
-0.3466796875
0.841796875
-2.150390625
1.130859375
0.8618164062
1.166015625
-1.052734375
-0.611328125
-0.4250488281
-0.9204101562
-1.849609375
-0.658203125
-0.951171875
0.9868164062
1.262695312
-0.861328125
0.5708007812
0.6401367188
2.34375
1.265625
2.119140625
1.05078125
0.1512451172
-1.153320312
0.2717285156
-0.03076171875
1.538085938
0.7426757812
-0.4714355469
1.223632812
0.5732421875
0.03308105469
0.4523925781
-0.1711425781
0.4599609375
0.26171875
-0.2272949219
-1.060546875
0.3000488281
-1.680664062
1.071289062
-1.568359375
-0.03092956543
0.1024169922
-1.719726562
-1.638671875
-0.1650390625
0.5830078125
-0.3208007812
0.7456054688
-0.5302734375
-0.3679199219
0.7900390625
-0.2307128906
-0.05603027344
-0.240234375
-0.904296875
-1.74609375
-0.5639648438
-1.377929688
-1.358398438
-0.7934570312
-0.666015625
-1.392578125
-0.30859375
0.7133789062
0.3063964844
-0.2819824219
1.16796875
0.3422851562
-0.8012695312
0.1890869141
0.07208251953
0.6489257812
-0.06903076172
-0.06304931641
0.2348632812
-0.8803710938
0.8686523438
0.728515625
0.09832763672
0.8740234375
-0.7563476562
-0.3740234375
-0.8579101562
-0.7827148438
0.3408203125
-0.1040039062
0.1936035156
-0.3447265625
0.2568359375
-0.640625
0.2209472656
-0.06884765625
-0.4047851562
0.2407226562
-0.6020507812
-0.4438476562
-2.5
-1.015625
0.4699707031
-1.060546875
0.3276367188
2.34765625
-0.9091796875
-1.038085938
-0.7319335938
0.6318359375
-0.6494140625
-0.1358642578
-0.1052246094
-1.177734375
-0.7016601562
0.1892089844
-0.3466796875
0.3896484375
0.4116210938
-0.1400146484
0.0634765625
1.349609375
0.4362792969
0.982421875
0.6494140625
-1.823242188
0.1811523438
0.1215820312
0.4206542969
-2.33203125
-0.5610351562
-0.337890625
0.998046875
-0.4169921875
0.6303710938
-0.32421875
1.301757812
0.6186523438
-1.283203125
-1.561523438
-0.2580566406
0.890625
-0.8325195312
-0.9868164062
1.76171875
-0.1151733398
-0.2233886719
-0.01412200928
0.02850341797
0.2037353516
-0.5415039062
-0.9350585938
-0.5346679688
-0.66015625
-0.6645507812
0.00133895874
1.434570312
-0.1483154297
-1.0390625
-0.3359375
-2.466796875
-1.745117188
0.05990600586
-0.8725585938
-0.7797851562
-0.3989257812
-1.008789062
0.7836914062
0.05374145508
2.349609375
0.3642578125
0.2025146484
-1.331054688
-0.2663574219
0.8999023438
-0.970703125
-0.2078857422
1.515625
-0.6889648438
1.064453125
0.68359375
-0.1906738281
0.0712890625
1.455078125
0.7719726562
-0.71484375
0.03149414062
0.4055175781
1.015625
-0.1730957031
1.46875
-0.37109375
0.6557617188
0.1502685547
1.23046875
0.09051513672
-0.7275390625
1.57421875
-0.6245117188
-0.9975585938
0.02584838867
-0.2797851562
-0.5625
-0.6123046875
-0.3818359375
0.6879882812
0.01820373535
-2.0390625
-1.372070312
-0.7197265625
0.05850219727
-0.400390625
0.83984375
-1.298828125
0.1982421875
0.8608398438
0.708984375
-0.2362060547
1.2734375
1.224609375
1.787109375
0.9848632812
1.053710938
-0.2963867188
0.4106445312
-0.01904296875
0.2817382812
0.7333984375
1.25
-0.3161621094
-1.004882812
-1.009765625
0.994140625
0.03756713867
0.7192382812
0.7978515625
-2.298828125
-2.916015625
1.262695312
-1.045898438
0.1066894531
0.728515625
-0.6098632812
0.4580078125
1.518554688
0.08868408203
0.7197265625
0.4990234375
0.2875976562
-1.8984375
-0.1628417969
-0.6235351562
-0.8212890625
1.563476562
1.30078125
-0.1776123047
0.1395263672
-0.2629394531
1.052734375
-0.05914306641
1.092773438
-0.8354492188
0.1647949219
-0.9931640625
0.8491210938
0.380859375
-1.9609375
0.2680664062
0.01972961426
-0.26171875
-0.1773681641
0.9545898438
-0.8876953125
1.876953125
0.3383789062
-0.6357421875
-2.2109375
-0.4396972656
-1.080078125
1.924804688
0.02572631836
0.5546875
-0.2008056641
-0.2449951172
0.5249023438
-0.576171875
0.9296875
1.12109375
0.5151367188
-0.4055175781
-0.6567382812
-0.9008789062
0.1750488281
1.330078125
0.8041992188
-1.078125
0.6577148438
-0.4816894531
0.5859375
0.4504394531
0.1021728516
1.407226562
0.05529785156
-0.529296875
-0.5112304688
1.991210938
-0.1325683594
1.96484375
0.84765625
-1.163085938
-0.8715820312
-0.6396484375
-0.2451171875
2.45703125
-0.6538085938
0.1656494141
-0.5493164062
-0.5200195312
-0.5219726562
-0.1247558594
-1.274414062
0.6518554688
-0.9545898438
-0.2568359375
-1.099609375
0.05862426758
1.698242188
0.3522949219
-1.104492188
-1.1171875
1.086914062
-0.3093261719
-0.9057617188
-0.2030029297
0.3205566406
-0.5112304688
-0.3671875
-0.98828125
-0.5190429688
-0.1202392578
-0.3449707031
-0.0569152832
-0.3269042969
-1.1484375
-0.3432617188
0.8056640625
-0.4301757812
1.8828125
0.3110351562
0.9555664062
-1.227539062
-0.7666015625
1.196289062
-0.50390625
-0.7412109375
1.606445312
-1.9609375
-0.3872070312
0.2443847656
-1.118164062
0.9873046875
1.467773438
-0.1527099609
-1.012695312
2.736328125
0.4597167969
0.2125244141
-1.260742188
-0.1610107422
-0.4887695312
1.388671875
1.3828125
-0.4133300781
0.763671875
-0.7275390625
0.421875
0.5903320312
-0.4975585938
-2.54296875
0.1475830078
-2.4765625
-0.72265625
0.9052734375
0.8481445312
-0.859375
0.8564453125
2.13671875
-0.04553222656
-1.3359375
-0.8256835938
2.201171875
-0.08056640625
1.661132812
0.97265625
2.158203125
1.385742188
-0.6528320312
0.07379150391
-0.26953125
1.640625
-1.5546875
1.141601562
-1.255859375
1.526367188
-1.20703125
-1.796875
-3.01953125
1.784179688
-0.5166015625
-1.262695312
-0.5512695312
-0.02195739746
-0.2614746094
-0.5971679688
0.56640625
-1.112304688
0.08666992188
-0.4018554688
0.7973632812
-0.787109375
2.177734375
0.3344726562
-0.6533203125
-0.998046875
1.762695312
0.1999511719
-1.802734375
-0.2666015625
-0.2496337891
-0.5874023438
1.322265625
-1.3984375
0.005832672119
-1.859375
-0.53515625
-1.681640625
-1.215820312
-1.022460938
-0.2805175781
-1.131835938
1.239257812
-2.294921875
-0.01495361328
-0.875
-0.3911132812
1.73046875
-2.150390625
0.1304931641
-0.06854248047
-0.06896972656
0.6103515625
0.525390625
1.068359375
-0.09204101562
-1.100585938
-0.34765625
0.1481933594
-0.02781677246
0.7260742188
-0.01056671143
1.176757812
-0.2531738281
0.9150390625
-0.431640625
0.1807861328
0.7641601562
-1.0234375
0.8110351562
1.440429688
-1.36328125
-2.32421875
1.323242188
-0.1456298828
0.1834716797
0.1993408203
0.8916015625
-0.7592773438
-1.412109375
-0.04208374023
-1.184570312
0.8989257812
-1.095703125
-0.7333984375
0.2805175781
-1.731445312
-0.3793945312
1.377929688
1.438476562
-0.400390625
-0.8793945312
0.2995605469
-0.5307617188
-0.1828613281
1.203125
-1.3203125
-0.01899719238
-0.541015625
0.06591796875
0.59375
-1.01953125
-1.256835938
-1.767578125
-0.08190917969
0.69140625
0.1010742188
0.4282226562
0.2912597656
-0.7734375
0.2993164062
-0.4055175781
-0.630859375
-2.32421875
0.121887207
-1.626953125
-0.6318359375
-0.4914550781
-0.3408203125
1.6171875
-0.05673217773
-0.01979064941
0.7626953125
1.313476562
-0.9125976562
0.6879882812
-1.0703125
-0.5405273438
0.5668945312
-0.06622314453
0.3452148438
-0.8315429688
-1.686523438
-0.4814453125
1
-0.7553710938
0.1864013672
0.615234375
-0.5087890625
-1.97265625
-1.043945312
-0.6733398438
2.0390625
1.421875
-0.3117675781
1.01953125
-0.5048828125
0.693359375
-0.8115234375
0.7416992188
1.204101562
0.4638671875
-1.055664062
0.8896484375
-0.9272460938
0.6982421875
-0.1514892578
0.1180419922
0.4399414062
-0.4572753906
-0.06414794922
0.892578125
-0.0304107666
0.59765625
-0.3037109375
-0.02549743652
0.9858398438
-1.328125
0.8623046875
0.1590576172
-0.2368164062
0.6782226562
0.1544189453
0.3857421875
0.08343505859
1.139648438
0.2170410156
-0.53125
1.899414062
1.272460938
-0.2043457031
-0.7514648438
-0.9208984375
0.2465820312
-0.873046875
-1.57421875
0.5927734375
-0.1618652344
-0.1005249023
0.7021484375
1.112304688
0.1966552734
-0.1895751953
-0.623046875
-0.9467773438
0.7788085938
0.4812011719
-0.6420898438
-0.5629882812
0.2175292969
0.5112304688
0.3591308594
-0.1945800781
2.947265625
0.8325195312
0.87109375
0.564453125
1.545898438
-0.004138946533
-1.158203125
0.4421386719
0.603515625
0.7778320312
-0.6064453125
0.9165039062
-1.07421875
0.8168945312
-1.442382812
0.2088623047
-0.1530761719
0.8984375
0.6157226562
0.658203125
-1.833984375
-0.1815185547
1.390625
-0.1264648438
0.03295898438
1.0546875
1.806640625
-0.4914550781
-1.1015625
-0.07598876953
0.890625
0.0751953125
-0.6049804688
0.8251953125
0.7197265625
-0.7856445312
1.846679688
0.0152130127
0.1678466797
-1.260742188
0.2432861328
0.7983398438
-0.005737304688
-1.291015625
-1.677734375
1.388671875
-0.3542480469
0.953125
-0.009284973145
-0.7236328125
0.7373046875
-0.689453125
1.754882812
-0.791015625
1.303710938
0.1547851562
-0.3259277344
0.1106567383
2.0234375
0.5717773438
0.04733276367
-0.3666992188
-0.3493652344
1.544921875
-0.1402587891
0.6752929688
0.712890625
-1.467773438
-0.853515625
0.7348632812
-0.3627929688
-0.9370117188
0.943359375
0.0383605957
-0.102722168
-0.197265625
-2.498046875
-0.5087890625
0.7211914062
0.2827148438
-1.489257812
-0.7231445312
0.4714355469
-0.1929931641
-1.491210938
0.1604003906
-0.6904296875
2.220703125
-1
-0.2990722656
-1.438476562
1.743164062
-0.5874023438
0.1392822266
1.266601562
1.060546875
-0.09686279297
-1.145507812
-1.053710938
0.02169799805
0.002813339233
-0.66796875
0.1982421875
1.985351562
-1.12890625
0.001729011536
0.7875976562
0.1818847656
0.2301025391
0.814453125
0.8759765625
0.117980957
1.713867188
-0.8872070312
0.3940429688
-0.5297851562
0.2026367188
-0.7895507812
-0.2800292969
0.365234375
0.9379882812
0.6342773438
0.03341674805
-1.073242188
0.6196289062
1.314453125
-0.4753417969
-0.4294433594
-0.2017822266
0.548828125
-0.01204681396
-1.171875
0.7236328125
0.5864257812
1.08203125
0.65625
0.2890625
1.98828125
0.04403686523
-0.4506835938
1.124023438
1.518554688
-1.252929688
-1.421875
-0.1394042969
1.640625
0.2236328125
-0.1100463867
0.1442871094
-1.7265625
0.3647460938
0.4194335938
-1.212890625
0.4768066406
0.02857971191
0.01125335693
1.184570312
0.1306152344
-0.6000976562
-0.07989501953
1.217773438
0.6538085938
1.353515625
0.8901367188
0.462890625
-1.674804688
1.587890625
0.5688476562
-1.369140625
-0.6147460938
-0.5673828125
-0.3991699219
1.331054688
0.8408203125
-2.009765625
-0.2305908203
-1.940429688
-1.256835938
2.08984375
1.272460938
-0.005001068115
0.6528320312
-0.544921875
1.565429688
0.5668945312
1.811523438
1.830078125
1.116210938
1.998046875
-1.598632812
-0.2449951172
-0.3408203125
-0.1307373047
-0.7124023438
1.987304688
0.5654296875
-0.4187011719
-0.9580078125
0.7290039062
1.483398438
0.8637695312
-1.018554688
1.310546875
2.22265625
0.4150390625
-1.198242188
1.970703125
0.1711425781
0.6665039062
-0.2039794922
-0.8500976562
-1.622070312
-0.5346679688
0.7856445312
-0.91796875
-0.2897949219
0.07501220703
1.100585938
0.5551757812
-0.4743652344
0.6958007812
-1.408203125
-0.00838470459
0.0002384185791
0.8291015625
-0.3383789062
-1.127929688
1.456054688
-1.03125
0.3791503906
0.7529296875
-0.7016601562
-1.002929688
-0.1291503906
1.768554688
-0.2250976562
-2.03515625
-1.219726562
-0.9418945312
1.440429688
0.2049560547
0.1322021484
-1.866210938
0.4519042969
1.706054688
1.499023438
0.3557128906
-0.2482910156
-0.2912597656
1.13671875
-0.5063476562
0.5517578125
0.06103515625
-0.07147216797
-0.4870605469
1.016601562
-0.06210327148
1.784179688
1.7265625
1.708007812
1.612304688
-0.1247558594
0.4133300781
0.900390625
1.106445312
1.151367188
1.271484375
-0.04388427734
0.3823242188
0.763671875
0.388671875
-1.482421875
2.1015625
0.7524414062
0.8588867188
0.7041015625
-0.2283935547
-0.1079101562
-0.517578125
-0.1245117188
-0.7041015625
1.219726562
-1.890625
0.4592285156
-0.4448242188
-0.4943847656
-0.9658203125
0.05926513672
-0.5771484375
-1.489257812
0.8305664062
-2.505859375
1.9921875
-1.654296875
1.34375
-1.12890625
3.197265625
-1.17578125
0.03308105469
-0.9580078125
0.4592285156
-1.791015625
0.1704101562
1.303710938
0.9926757812
0.2454833984
0.572265625
-1.032226562
-1.434570312
1.330078125
0.008743286133
0.6923828125
-1.375
0.01577758789
-1.075195312
0.2866210938
1.008789062
-0.4194335938
0.2863769531
-0.3901367188
0.5698242188
-1.723632812
-1.068359375
1.032226562
0.9404296875
0.6689453125
-1.794921875
0.4895019531
-0.78515625
-1.034179688
-0.002439498901
-1.29296875
-0.1990966797
-0.5991210938
-1.071289062
0.8125
-1.407226562
-1.884765625
0.7612304688
-0.7861328125
-0.40234375
1.791015625
-0.91015625
-0.7626953125
0.8486328125
0.6372070312
-1.569335938
-1.352539062
-0.9790039062
-0.6000976562
2.08203125
-0.2858886719
1.772460938
0.90625
0.3354492188
0.7104492188
-0.4587402344
1.271484375
-0.7641601562
-0.892578125
-1.002929688
0.5625
-0.7158203125
-0.884765625
1.4296875
-0.6635742188
0.4245605469
1.5859375
1.319335938
1.138671875
-0.04946899414
0.2283935547
1.173828125
-0.7290039062
-1.772460938
-1.209960938
-0.7548828125
0.572265625
0.8413085938
0.779296875
0.5249023438
0.8071289062
1.860351562
1.048828125
-0.1827392578
-0.4592285156
-0.2449951172
-1.69921875
0.9970703125
-2.22265625
0.8486328125
1.495117188
-0.6948242188
0.8818359375
-1.805664062
1.372070312
1.200195312
-0.7338867188
-0.4926757812
-1.115234375
-0.1161499023
-0.6728515625
-0.6635742188
0.2668457031
0.2668457031
0.6987304688
-0.02168273926
-1.52734375
-0.04260253906
-0.7802734375
0.6689453125
-1.713867188
-0.9282226562
-2.34765625
-0.3764648438
0.505859375
0.6059570312
0.9013671875
0.6274414062
1.482421875
-1.3828125
-0.306640625
-0.4594726562
2.248046875
0.8071289062
1.280273438
0.6591796875
0.1674804688
-0.9018554688
-0.01779174805
-1.771484375
-1.499023438
-1.29296875
-0.513671875
0.5532226562
0.01252746582
1.5234375
-1.48828125
0.9233398438
0.2578125
-1.348632812
-0.8989257812
-0.3471679688
0.1810302734
0.818359375
-0.4890136719
0.9052734375
-0.3369140625
0.73828125
-1.749023438
0.5512695312
1.040039062
-1.384765625
-0.07177734375
0.3981933594
1.001953125
0.006774902344
-1.065429688
-0.451171875
0.04794311523
1.157226562
0.9848632812
-0.5131835938
0.587890625
-0.07177734375
1.112304688
-0.3530273438
0.06506347656
1.067382812
-1.498046875
1.122070312
0.3249511719
2.0859375
-1.04296875
0.3459472656
-1.166992188
-1.114257812
-0.4936523438
-2.330078125
-0.5639648438
-0.8588867188
-1.396484375
-1.140625
0.1689453125
-0.4580078125
0.8666992188
-1.01171875
3.5703125
-1.172851562
1.6171875
-0.06304931641
0.267578125
-0.008720397949
-0.7548828125
-0.8618164062
-2.001953125
0.73828125
1.162109375
0.771484375
0.884765625
-0.09649658203
-0.6318359375
-0.984375
0.3725585938
0.01442718506
0.4719238281
-0.9614257812
0.09356689453
-0.9282226562
0.3793945312
-1.625
-0.4252929688
-0.6655273438
0.1861572266
0.9936523438
0.3237304688
0.3471679688
-0.4448242188
0.3786621094
-0.8466796875
-1.712890625
0.3825683594
0.6616210938
-0.4626464844
-2.826171875
-0.5434570312
-0.1915283203
0.8671875
-1.038085938
1.155273438
-0.947265625
0.2990722656
-1.193359375
1.290039062
-0.93359375
-1.228515625
-0.9692382812
-1.563476562
-0.9873046875
-0.1336669922
-0.7822265625
-0.7602539062
-0.4907226562
0.8549804688
0.6840820312
1.116210938
1.952148438
1.147460938
-0.7153320312
0.02166748047
0.4350585938
-0.08795166016
0.3752441406
1.387695312
-1.556640625
1.33984375
-0.6674804688
-0.03381347656
-1.002929688
0.4887695312
1.821289062
0.7392578125
0.1467285156
-1.038085938
-0.8720703125
0.1392822266
-2.0234375
-1.90234375
1.250976562
-0.6196289062
1.280273438
-1.861328125
1.189453125
0.8212890625
-1.500976562
-1.813476562
1.170898438
-0.6616210938
-1.23828125
0.1978759766
0.2218017578
-1.4375
-0.6284179688
-1.204101562
0.1569824219
-0.5883789062
0.2044677734
-0.08544921875
-1.428710938
-0.9296875
1.447265625
-1.75390625
0.1607666016
0.9116210938
0.24609375
-1.037109375
-0.3188476562
2.212890625
-1.09765625
2.6484375
-0.9575195312
-0.2788085938
-0.4709472656
-0.2478027344
1.038085938
0.2434082031
0.6352539062
-0.2370605469
0.2866210938
1.916992188
0.6518554688
0.4494628906
0.2316894531
-1.12109375
-0.505859375
-0.318359375
-0.17578125
-1.821289062
-0.2614746094
1.100585938
-0.6391601562
0.2344970703
-0.4682617188
0.9326171875
-0.671875
0.1953125
-0.1756591797
0.4611816406
0.102355957
1.537109375
0.7416992188
1.067382812
-0.6411132812
-0.8461914062
0.2423095703
-1.286132812
-0.4626464844
0.5034179688
0.1729736328
-0.5908203125
-0.1365966797
0.4916992188
0.1739501953
1.44140625
-0.1079711914
-1.073242188
-0.7163085938
0.8251953125
0.4184570312
2.5
0.2431640625
-0.6997070312
-0.3000488281
-0.4375
0.5151367188
-0.9189453125
0.2824707031
1.462890625
0.94921875
0.9619140625
0.09149169922
-0.3745117188
-0.87109375
-1.694335938
0.4616699219
-0.04708862305
-0.294921875
-1.0625
0.2697753906
-0.02041625977
-0.3002929688
0.4206542969
-1.19140625
-1.384765625
1.549804688
1.19921875
-0.1839599609
1.3671875
1.1171875
-0.822265625
-0.4191894531
1.4921875
1.211914062
0.603515625
0.1955566406
0.9599609375
-0.25390625
-0.9497070312
0.8374023438
-0.1811523438
-1.283203125
-0.505859375
-0.98828125
-0.693359375
-0.7309570312
0.1809082031
-1.701171875
0.6044921875
-0.1049804688
-0.93359375
-1.692382812
-0.2025146484
1.133789062
-0.8696289062
-0.0309753418
-0.5639648438
0.2707519531
0.6767578125
1.076171875
2.1875
0.1480712891
-0.9008789062
0.3666992188
-1.454101562
-1.987304688
-2.033203125
-0.6630859375
-0.716796875
2.171875
0.724609375
0.298828125
0.2751464844
-0.9658203125
-3.046875
-0.3469238281
0.1109619141
-0.798828125
2.189453125
0.4938964844
0.390625
1.29296875
-0.01315307617
0.4255371094
0.4028320312
-1.146484375
0.6884765625
-1.291992188
0.1715087891
0.9165039062
1.317382812
0.9580078125
0.7358398438
0.4169921875
-0.6259765625
1.698242188
0.421875
-1.170898438
-1.571289062
0.08441162109
0.5732421875
-1.84375
-0.0407409668
-0.1748046875
-0.8842773438
0.6850585938
0.06234741211
-0.2407226562
-1.311523438
0.7578125
-1.01953125
-0.08270263672
-0.2301025391
-1.465820312
-1.291015625
-1.470703125
0.9243164062
-0.18359375
0.4458007812
0.05224609375
1.198242188
0.4731445312
1.614257812
0.2412109375
0.6928710938
0.2132568359
0.568359375
0.48046875
0.27734375
-2.435546875
-1.03515625
0.7705078125
0.8330078125
0.298828125
-0.7241210938
-1
-0.84765625
1.108398438
1.1015625
-0.003625869751
0.779296875
0.4304199219
-1.538085938
0.9052734375
-0.1263427734
-1.265625
-2.40234375
2.16015625
-0.3791503906
-1.045898438
0.859375
0.3801269531
0.556640625
0.8549804688
-0.4226074219
-0.3125
-0.6669921875
1.415039062
-1.103515625
-0.03604125977
0.2199707031
0.2198486328
0.2413330078
-1.139648438
-0.7973632812
-1.018554688
1.63671875
-0.003805160522
-1.482421875
0.8828125
0.5249023438
0.5961914062
-0.5659179688
-0.79296875
0.3303222656
1.766601562
0.5805664062
0.6479492188
0.2015380859
-0.9272460938
0.6381835938
-0.8012695312
-1.374023438
0.2817382812
0.6596679688
1.814453125
-0.01474761963
-0.5478515625
-0.03247070312
1.702148438
-0.8203125
-1.009765625
-0.1165771484
0.09686279297
-0.197265625
-1.061523438
-0.9877929688
0.1314697266
-0.9438476562
0.71875
0.7397460938
-1.083007812
0.3137207031
-0.08612060547
1.44140625
0.2061767578
2.474609375
-2.052734375
-0.4609375
-1.258789062
0.4846191406
1.395507812
-0.701171875
-0.7973632812
-0.8559570312
-0.8608398438
-0.3046875
-0.1547851562
-0.1708984375
-0.5815429688
-0.4204101562
-0.8920898438
-0.4497070312
0.42578125
0.7392578125
-0.01820373535
0.1140136719
1.017578125
1.142578125
2.35546875
-0.3171386719
0.08770751953
0.012840271
0.9750976562
0.857421875
-2.646484375
-0.4692382812
0.8266601562
-0.2956542969
-0.4235839844
-2.064453125
1.934570312
0.484375
-0.4716796875
-2.595703125
-0.2819824219
-2.052734375
-2.90234375
-0.3371582031
0.000834941864
1.375
1.721679688
0.009841918945
-0.5981445312
-0.4370117188
0.7192382812
1.83984375
0.4392089844
-0.4145507812
-1.186523438
0.2590332031
-0.6293945312
-0.9340820312
-0.8540039062
-1.173828125
-0.0390625
1.09765625
0.2143554688
0.5532226562
-1.828125
1.7890625
-0.2849121094
0.2176513672
1.4140625
0.6665039062
-0.07470703125
-0.4951171875
0.4814453125
-0.5571289062
-0.03546142578
-0.9677734375
-0.1202392578
1.091796875
-0.7309570312
0.6938476562
-0.830078125
-1.239257812
-0.09973144531
-1.279296875
-0.4638671875
1.208984375
1.205078125
0.6962890625
0.2536621094
0.03494262695
1.504882812
0.1130371094
-0.06890869141
0.8481445312
0.8237304688
0.6977539062
0.8579101562
1.987304688
1.134765625
0.8198242188
0.1089477539
1.536132812
0.02909851074
0.5317382812
0.3557128906
-0.8344726562
-0.9345703125
-0.845703125
1.520507812
-0.8461914062
-1.33203125
1.6328125
-1.78125
1.890625
0.1956787109
-0.6064453125
-1.430664062
-0.1944580078
1.03515625
0.02235412598
0.7075195312
-0.1385498047
1.37890625
0.2354736328
-0.03631591797
-0.7680664062
0.619140625
-0.5747070312
-2.333984375
-0.2036132812
-0.3166503906
0.9482421875
1.252929688
0.1074829102
-0.3474121094
-0.1324462891
0.7836914062
0.2236328125
-1.538085938
-0.1513671875
-0.9458007812
1.900390625
0.2917480469
-0.2091064453
-1.1640625
2.01953125
-0.04885864258
1.267578125
0.3020019531
0.0517578125
-1.750976562
-0.6147460938
-0.6728515625
0.4130859375
-0.7612304688
-0.01927185059
-1.112304688
0.83984375
0.1553955078
-1.233398438
0.3942871094
0.1373291016
0.02423095703
-0.05819702148
0.552734375
-1.7890625
-0.1285400391
-1.172851562
0.2785644531
-1.068359375
1.545898438
-1.2421875
0.02255249023
0.1649169922
-0.4091796875
-0.5673828125
0.6015625
1.102539062
1.5234375
-0.9404296875
-0.3295898438
0.435546875
0.3093261719
-1.008789062
-1.379882812
-1.40625
0.9272460938
0.4235839844
-0.3229980469
2.216796875
0.7983398438
-2.0859375
-1.038085938
-0.2673339844
0.3862304688
1.934570312
-1.341796875
0.84765625
-1.578125
-0.8276367188
0.103515625
-2.369140625
-0.5546875
-0.9262695312
0.849609375
0.1063232422
0.541015625
-2.416015625
-0.8784179688
-0.7021484375
-0.251953125
-0.3427734375
-0.6528320312
-0.3781738281
-1.177734375
-0.1734619141
-1.145507812
-1.044921875
-0.630859375
-0.783203125
-0.02157592773
0.1998291016
-0.07653808594
-0.1689453125
-1.391601562
0.07012939453
1.092773438
0.2099609375
-1.494140625
-1.337890625
-1.127929688
-0.5107421875
0.8525390625
0.2271728516
-0.003309249878
-0.94140625
0.4038085938
0.5498046875
-1.006835938
-0.6240234375
0.5903320312
-0.06958007812
-2.32421875
0.8232421875
1.344726562
-1.24609375
-0.71484375
0.1502685547
-0.2056884766
-0.4677734375
1.40625
-0.2469482422
0.7172851562
0.2841796875
-0.5380859375
0.6728515625
1.134765625
-0.8901367188
0.3544921875
-0.634765625
0.4990234375
-1.647460938
-0.3254394531
-0.1483154297
-1.333984375
0.9916992188
-0.6459960938
1.0234375
-1.12109375
1.85546875
1.090820312
1.477539062
-1.671875
-0.8779296875
-1.564453125
0.01991271973
-0.5463867188
-0.7104492188
0.6811523438
-2.31640625
-1.122070312
-0.3354492188
-0.4519042969
0.4204101562
-1.336914062
-0.4482421875
1.021484375
-0.05197143555
-1.780273438
0.560546875
1.484375
-0.7309570312
-0.91796875
-0.04125976562
-3.560546875
0.3112792969
-0.4621582031
-0.2526855469
0.1499023438
-0.8002929688
-0.8500976562
0.4074707031
-0.5961914062
0.515625
-1.790039062
2.34765625
-0.2963867188
0.5029296875
-0.2116699219
-0.2109375
0.7299804688
-0.04895019531
0.7744140625
-0.1189575195
-0.8466796875
0.80859375
0.4787597656
-0.1730957031
-1.153320312
-0.2548828125
1.383789062
-0.2741699219
-0.2846679688
-1.120117188
0.7065429688
-1.202148438
-0.8286132812
-0.7294921875
-0.6000976562
-0.69140625
0.2448730469
3.0234375
-0.1727294922
0.2746582031
-0.6293945312
1.889648438
-0.007987976074
0.3984375
0.09759521484
0.9228515625
0.4741210938
-0.02745056152
0.6254882812
-0.439453125
0.6513671875
0.4702148438
1.598632812
1.262695312
-1.076171875
1.775390625
-0.966796875
0.2384033203
-1.329101562
0.6157226562
-0.1962890625
-0.1596679688
-0.4113769531
-0.4743652344
-1.6328125
-0.2702636719
-0.7036132812
-0.03829956055
1.43359375
-1.09375
-1.811523438
1.483398438
0.349609375
-1.127929688
-1.891601562
-0.03414916992
0.8115234375
-2.64453125
-0.478515625
0.4497070312
0.9296875
4.1953125
0.7578125
-0.478515625
-1.236328125
-0.8471679688
-0.73046875
-1.543945312
1.202148438
1.341796875
0.6669921875
0.4440917969
0.2800292969
-1.021484375
0.9145507812
-1.325195312
1.5
-0.689453125
-1.140625
2.251953125
-0.6108398438
0.8466796875
-0.04913330078
-0.6665039062
0.3000488281
0.8813476562
-0.3295898438
1.361328125
-2.43359375
-0.630859375
0.3356933594
0.6958007812
-0.6884765625
-1.233398438
-1.220703125
-0.60546875
0.7822265625
2.1171875
-0.3374023438
-1.485351562
0.03833007812
-0.3127441406
-0.5009765625
0.6264648438
0.2666015625
-1.673828125
0.01843261719
-0.955078125
0.9135742188
-0.3681640625
0.3583984375
0.615234375
2.4765625
-0.3017578125
-0.6142578125
-0.5556640625
-0.01782226562
0.08740234375
-1.254882812
-0.3813476562
0.8901367188
-0.87109375
2.15234375
0.02177429199
0.3928222656
0.1240844727
0.7397460938
-1.329101562
1.682617188
0.06945800781
0.5678710938
-0.03756713867
0.453125
-1.141601562
-0.5952148438
-1.66015625
0.8115234375
-0.5708007812
-0.2131347656
0.2349853516
0.08843994141
0.2142333984
-0.9833984375
0.7026367188
0.4123535156
0.9340820312
-0.3776855469
0.27734375
-1.23046875
0.7705078125
1.6171875
1.30078125
0.1241455078
0.6459960938
1.970703125
0.04995727539
0.1666259766
-0.3403320312
-0.4665527344
-1.64453125
0.521484375
-0.04190063477
-0.2047119141
-1.004882812
1.35546875
0.5234375
0.1657714844
0.841796875
0.1064453125
-0.1209716797
0.9521484375
-0.08203125
-1.09765625
0.7983398438
-0.2373046875
1.1953125
-0.2763671875
1.567382812
-0.0135269165
0.669921875
-0.9311523438
0.2512207031
0.7963867188
-1.938476562
0.9165039062
0.357421875
-0.09155273438
0.6137695312
0.716796875
0.4887695312
-0.3513183594
-0.08715820312
0.03900146484
0.7124023438
-0.8203125
1.635742188
1.016601562
-0.05368041992
-2.283203125
-0.2575683594
0.4448242188
-0.3217773438
1.567382812
1.380859375
2.197265625
-0.5893554688
0.5703125
-0.7421875
-0.1608886719
0.5151367188
-1.40234375
1.403320312
0.07867431641
-0.09106445312
0.83203125
-0.1473388672
1.681640625
1.076171875
0.2604980469
1.516601562
-1.750976562
-0.2717285156
-0.1802978516
-1.064453125
-0.4111328125
-0.4409179688
1.368164062
-2.099609375
-1.22265625
-0.02716064453
0.2109375
-1.438476562
-0.05554199219
-1.134765625
1.104492188
0.3757324219
-2.001953125
-0.6748046875
-1.274414062
-0.67578125
1.181640625
1.146484375
-0.5180664062
-0.5073242188
1.141601562
-0.5185546875
0.4462890625
-1.166992188
0.4853515625
-1.4296875
0.4460449219
1.166015625
1.150390625
1.33203125
0.5659179688
-0.3413085938
-2.30859375
-1.494140625
0.9350585938
0.8764648438
1.73046875
-0.5498046875
1.583007812
-0.6411132812
0.9443359375
0.482421875
-1.583007812
-0.9516601562
-0.9340820312
1.18359375
0.5297851562
1.44140625
0.2622070312
-2.00390625
-0.4594726562
-0.6303710938
-0.2619628906
1.129882812
-0.4514160156
-1.184570312
-0.388671875
-0.6840820312
1.069335938
0.01514434814
-1.180664062
0.2954101562
0.1558837891
-0.1286621094
0.6157226562
-1.532226562
0.9741210938
-1.265625
-1.051757812
-0.1094360352
1.037109375
0.53515625
0.4206542969
-2.23046875
0.2631835938
-1.848632812
0.6220703125
2.162109375
-0.8061523438
0.755859375
0.41796875
0.5302734375
-0.8837890625
-0.9052734375
0.93359375
-0.2529296875
1.124023438
0.8203125
1.604492188
0.4597167969
0.5395507812
-0.2117919922
1.25390625
-0.591796875
-1.322265625
1.424804688
0.05157470703
0.9672851562
-1.578125
0.2399902344
-0.02433776855
-0.6450195312
0.3032226562
-0.791015625
-1.453125
-1.661132812
-1.288085938
0.4711914062
0.2409667969
0.3986816406
-0.8310546875
0.7250976562
-0.1890869141
-0.8676757812
1.139648438
1.525390625
0.6748046875
0.8325195312
-0.3149414062
0.02716064453
-1.90234375
-0.05160522461
0.02479553223
-0.006988525391
-2.06640625
0.9599609375
-0.537109375
0.931640625
-0.8579101562
-0.4997558594
1.70703125
-0.9565429688
0.2946777344
-0.1978759766
0.24609375
-0.7919921875
-1.370117188
0.1616210938
-0.3364257812
-0.1292724609
-0.705078125
1.034179688
-0.1754150391
-1.053710938
0.001868247986
0.04479980469
0.02233886719
-0.2612304688
-1.447265625
-0.7895507812
-0.9487304688
0.3566894531
-1.704101562
-0.9326171875
0.6157226562
-1.4921875
-0.2291259766
0.01340484619
0.9018554688
-0.6176757812
-0.4177246094
-0.007495880127
0.83984375
-1.979492188
-0.5693359375
2.12890625
-0.3876953125
0.3657226562
-1.875976562
0.09124755859
0.578125
-0.8676757812
-0.1845703125
-0.5986328125
0.6557617188
-0.9599609375
-0.05178833008
0.1541748047
0.8442382812
1.674804688
1.348632812
-0.5961914062
-0.3469238281
0.5913085938
0.04724121094
-0.2362060547
-1.150390625
0.1427001953
0.9575195312
-0.3312988281
0.2296142578
1.33984375
-0.720703125
-0.4865722656
0.3903808594
-1.4921875
0.74609375
0.546875
-0.2668457031
0.3818359375
-1.262695312
-0.3725585938
0.7817382812
-1.377929688
0.4133300781
-0.529296875
0.3483886719
0.9663085938
-0.9760742188
0.3039550781
-1.638671875
0.7729492188
0.84765625
-1.637695312
1.69140625
0.4780273438
0.7373046875
-0.05020141602
-1.02734375
0.9008789062
-2.505859375
0.677734375
-0.6162109375
0.05746459961
-0.5541992188
-0.1567382812
0.04742431641
1.22265625
-0.3203125
1.6328125
0.82421875
0.03393554688
-0.2951660156
0.1256103516
-1.182617188
0.1492919922
-0.8911132812
-0.1867675781
0.9169921875
-1.326171875
0.03092956543
0.2973632812
1.712890625
0.263671875
-0.8662109375
-1.961914062
1.662109375
-0.1477050781
0.1378173828
-1.5
-2.107421875
1.109375
-0.2164306641
0.896484375
1.362304688
-0.4050292969
0.08795166016
-0.5151367188
0.4211425781
-1.58203125
0.76171875
-0.9638671875
-0.7006835938
-0.08221435547
0.6196289062
-1.401367188
-0.623046875
1.03125
0.4484863281
0.5131835938
-0.7827148438
-2.369140625
0.8061523438
1
0.5893554688
1.645507812
0.0269317627
-2.328125
-0.8364257812
-1.623046875
-0.3112792969
0.7026367188
-0.7260742188
1.583984375
-1.587890625
-1.258789062
-1.07421875
-0.1658935547
0.6748046875
0.03427124023
-0.05624389648
1.997070312
-0.02769470215
-0.3393554688
-0.90625
1.14453125
-0.3872070312
0.4868164062
1.331054688
-0.2719726562
2.27734375
0.6186523438
-0.1573486328
0.09375
-1.405273438
-0.2570800781
1.987304688
-1.4609375
-0.9702148438
0.3493652344
-1.052734375
-1.081054688
0.5703125
-0.05252075195
0.76953125
0.5517578125
-0.1114501953
-1.813476562
1.556640625
0.1577148438
-0.876953125
-0.9174804688
-0.5756835938
0.8295898438
0.8881835938
0.69921875
-1.18359375
1.348632812
-1.018554688
-1.116210938
-1.41796875
-0.1663818359
-1.015625
0.06121826172
0.3583984375
0.7255859375
-0.609375
0.4506835938
-0.4458007812
-2.103515625
-0.669921875
-0.556640625
0.02491760254
0.4477539062
0.2961425781
-1.018554688
-0.3078613281
0.02206420898
0.6206054688
-0.1939697266
-0.4272460938
1.103515625
-0.4802246094
-1.275390625
1.658203125
0.4567871094
-0.5400390625
1.100585938
-0.2846679688
0.4099121094
0.4702148438
1.197265625
-0.2484130859
-0.2045898438
-1.928710938
0.7875976562
0.7294921875
0.6352539062
0.5620117188
-1.268554688
-1.295898438
0.57421875
0.05844116211
-1.114257812
-0.5864257812
-0.4138183594
0.6528320312
1.295898438
0.8344726562
0.3110351562
-0.3757324219
-0.9663085938
-1.078125
0.03521728516
0.1428222656
0.2163085938
-1.359375
-0.03204345703
0.2702636719
-0.2927246094
-0.3129882812
-1.80078125
-0.5561523438
1.50390625
-0.140625
2.1484375
-0.6684570312
-0.501953125
0.5971679688
-0.2795410156
0.3427734375
0.7749023438
0.1975097656
0.6372070312
-1.465820312
-1.135742188
1.282226562
0.8168945312
-0.4895019531
-0.6459960938
1.015625
-0.4775390625
0.9487304688
-1.016601562
0.05932617188
-0.3413085938
-0.1270751953
-0.9106445312
-0.4633789062
0.6240234375
1.3359375
-0.3161621094
0.36328125
-1.7265625
0.06518554688
-0.6899414062
-1.0546875
0.08929443359
-0.1265869141
-2.087890625
-1.359375
-0.1087646484
1.189453125
0.1846923828
-0.7890625
1.165039062
-0.6372070312
-1.418945312
-0.6215820312
0.8056640625
-0.1501464844
0.8452148438
-0.2553710938
0.6176757812
1.435546875
-0.2078857422
-1.325195312
-2.0859375
-0.9169921875
-0.03698730469
-0.3657226562
-1.975585938
1.690429688
-0.3498535156
-0.6313476562
-0.5209960938
-0.857421875
-0.1015625
0.07928466797
1.499023438
-0.2592773438
-1.22265625
0.935546875
-0.6333007812
0.5546875
-0.5874023438
-2.099609375
0.625
0.1722412109
0.00904083252
1.862304688
0.1669921875
0.8452148438
1.1484375
1.36328125
-0.5971679688
0.6303710938
0.5395507812
0.2661132812
-1.172851562
0.453125
1.455078125
1.030273438
0.3356933594
0.5434570312
-0.6430664062
-0.4184570312
-1.080078125
-0.8017578125
0.3576660156
0.2758789062
-0.9985351562
-2.00390625
-0.970703125
0.9765625
0.9663085938
0.0481262207
-1.361328125
1.127929688
0.3950195312
0.681640625
-0.7255859375
1.290039062
2.375
-0.3681640625
-0.8950195312
-1.262695312
0.4252929688
-0.1420898438
0.7084960938
-0.654296875
1.842773438
-0.8271484375
-0.1823730469
0.1756591797
1.189453125
-0.1791992188
-0.25390625
0.3618164062
-1.455078125
0.6826171875
-0.5678710938
-0.08654785156
-1.217773438
-0.3627929688
-2.458984375
-0.2934570312
1.977539062
-0.1907958984
-0.1455078125
-0.7290039062
0.2110595703
0.265625
0.4245605469
0.2512207031
-0.3547363281
0.1610107422
0.2697753906
1.907226562
0.01489257812
0.8383789062
-2.36328125
-0.7197265625
-0.59375
1.287109375
0.8134765625
-0.02239990234
1.1015625
0.6850585938
-0.396484375
-1.666992188
-0.3920898438
-0.2509765625
1.547851562
-1.891601562
-0.1348876953
1.668945312
-2.11328125
0.8149414062
0.02084350586
-0.8828125
0.3024902344
-1.342773438
0.5444335938
-1.610351562
0.4055175781
-0.02284240723
1.13671875
0.8286132812
1.540039062
0.5639648438
-0.4775390625
-0.3669433594
-0.3205566406
1.119140625
-0.4030761719
-1.799804688
0.3859863281
-1.059570312
-0.2619628906
1.131835938
0.8798828125
0.8559570312
0.05236816406
-0.2434082031
-0.4982910156
0.7568359375
-0.2297363281
-1.017578125
1.299804688
-0.1512451172
0.2375488281
0.02862548828
1.286132812
1.901367188
-0.4187011719
1.249023438
-0.8291015625
-0.6372070312
0.4133300781
-0.7055664062
-1.462890625
-1.698242188
-0.1335449219
-0.9873046875
0.6840820312
-0.2719726562
-0.7368164062
-0.6083984375
1.939453125
-0.4296875
-0.5073242188
-0.2795410156
-0.4033203125
0.7392578125
-1.84375
-0.01251983643
0.7290039062
-0.2553710938
0.7963867188
-1.38671875
1.044921875
0.6396484375
0.7563476562
-1.372070312
-0.004817962646
-0.4865722656
-1.051757812
1.388671875
-1.711914062
-0.01918029785
-0.7788085938
1.061523438
-0.2060546875
-1.3671875
-0.7153320312
-0.1350097656
-1.068359375
1.200195312
-0.3464355469
-0.9833984375
-1.708007812
0.07147216797
-0.4057617188
0.1893310547
0.82421875
-0.3850097656
-0.1669921875
-0.09362792969
-0.357421875
-0.7416992188
1.733398438
0.004703521729
0.7651367188
1.122070312
-0.4985351562
0.4157714844
-0.7504882812
-1.044921875
1.779296875
-0.4169921875
-1.108398438
-0.1518554688
0.1818847656
-0.4956054688
1.216796875
-0.1227416992
1.08984375
-0.6020507812
-1.052734375
0.48046875
-0.003847122192
-0.2435302734
1.6171875
0.3747558594
-0.1102905273
-1.330078125
-0.2705078125
-0.5864257812
1.317382812
0.4577636719
-0.2242431641
0.93359375
0.9111328125
1.209960938
-0.1206665039
-1.295898438
1.540039062
-0.9858398438
-0.0771484375
0.8974609375
1.49609375
-0.8330078125
-1.05859375
0.8139648438
-1.02734375
1.024414062
0.7739257812
0.6416015625
0.5634765625
-0.6420898438
-1.072265625
0.2344970703
-0.75
-1.315429688
0.4228515625
-0.2807617188
-0.04354858398
0.1950683594
-1.189453125
0.1291503906
-1.618164062
0.5244140625
0.3059082031
0.1655273438
0.34375
0.7822265625
-0.515625
0.4750976562
-0.4978027344
0.3715820312
0.490234375
0.5405273438
-1.323242188
-0.7153320312
0.5615234375
-1.5859375
-0.61328125
-0.7348632812
-0.2215576172
-0.3510742188
-1.827148438
-1.543945312
-1.211914062
0.8422851562
0.01878356934
0.806640625
0.2607421875
-1.653320312
0.3527832031
0.5502929688
-0.1001586914
0.828125
-1.366210938
1.57421875
0.2333984375
0.59375
0.2120361328
-0.9204101562
-1.626953125
-0.2629394531
0.1810302734
0.1978759766
-0.9663085938
-0.974609375
-0.4555664062
-0.03085327148
-0.1051025391
-0.7724609375
-0.7846679688
0.7509765625
-0.9272460938
-0.2529296875
1.296875
0.1439208984
2.189453125
0.658203125
-0.3564453125
0.1248168945
0.7744140625
-0.7724609375
0.4240722656
0.537109375
-1.661132812
0.5263671875
0.9907226562
-0.4294433594
0.1423339844
0.4714355469
-0.275390625
-0.3479003906
0.2006835938
0.84765625
1.16015625
0.6596679688
0.5776367188
-0.4064941406
-1.428710938
2.041015625
-0.3588867188
0.2790527344
1.362304688
-0.5986328125
-0.5727539062
-1.633789062
-1.485351562
0.05993652344
-0.5126953125
0.7534179688
0.63671875
-0.3601074219
-1.491210938
-0.4477539062
-0.9604492188
0.3291015625
-0.8881835938
0.5561523438
1.306640625
0.2602539062
0.3598632812
0.6157226562
0.9541015625
-1.580078125
0.9985351562
-0.9921875
-0.3134765625
-0.3188476562
-0.07281494141
-0.3818359375
-1.758789062
1.986328125
2.318359375
-0.05700683594
-1.704101562
-1.032226562
-0.5649414062
-0.7885742188
-0.935546875
-1.318359375
2.66015625
1.2890625
0.693359375
1.365234375
-0.07330322266
-0.7495117188
0.36328125
0.8120117188
-0.4836425781
-1.7109375
0.1323242188
-1.1640625
-2.8515625
-0.4272460938
-0.7963867188
-0.892578125
1.760742188
-0.5444335938
-0.87109375
0.1314697266
0.2336425781
1.127929688
-0.6616210938
0.01640319824
0.0947265625
-1.092773438
-0.341796875
1.313476562
-0.1638183594
0.4208984375
1.543945312
-2.583984375
2.08984375
0.3601074219
0.9692382812
0.3317871094
1.571289062
1.852539062
0.5288085938
-0.3159179688
-0.6430664062
-1.064453125
-1.903320312
0.7866210938
0.5024414062
-0.7783203125
0.2998046875
-0.4243164062
-0.4194335938
-0.4558105469
1.524414062
0.8872070312
-1.00390625
-1.340820312
1.268554688
-0.9780273438
0.990234375
-1.6796875
-0.09149169922
1.276367188
1.197265625
-0.7846679688
-1.895507812
0.6323242188
-0.09643554688
-0.2453613281
1.180664062
0.4853515625
1.237304688
0.5795898438
-0.01766967773
-0.59375
-1.145507812
0.3549804688
-0.2247314453
0.1488037109
-0.9140625
-0.7944335938
-0.7612304688
-0.427734375
1.028320312
-0.3405761719
-1.60546875
1.354492188
0.1916503906
1.124023438
1.7734375
0.2946777344
-0.03591918945
1.20703125
-1.111328125
0.2185058594
-1.110351562
0.8071289062
0.09631347656
-1.258789062
1.799804688
-0.1527099609
-0.6240234375
0.4020996094
0.517578125
-1.489257812
0.2177734375
-2.876953125
-0.6328125
0.2561035156
0.2056884766
0.8129882812
-0.1320800781
-0.6606445312
0.9794921875
0.1055908203
-1.055664062
-0.8798828125
-0.5092773438
1.1328125
-1.369140625
0.1095581055
1.270507812
0.07653808594
0.3657226562
-1.622070312
-1.342773438
-0.9404296875
-0.5112304688
-0.6943359375
0.734375
-0.9565429688
-0.6342773438
-0.8251953125
-0.6337890625
1.252929688
-0.8149414062
-0.6860351562
-0.7709960938
-0.6469726562
2.103515625
-0.1322021484
0.9018554688
-1.266601562
1.397460938
0.9750976562
-0.6484375
0.2868652344
0.8173828125
0.9633789062
-0.2189941406
0.3220214844
-0.6455078125
0.2731933594
0.8627929688
-0.3520507812
-0.08972167969
-0.5869140625
0.85546875
1.259765625
2.279296875
1.255859375
-0.5083007812
-0.900390625
1.060546875
0.2504882812
-1.502929688
0.07220458984
1.150390625
0.3171386719
0.853515625
-1.19921875
1.235351562
1.376953125
-0.9526367188
0.05310058594
-1.927734375
0.1790771484
-0.07604980469
-1.505859375
1.490234375
1.017578125
-0.05447387695
-3.05078125
0.671875
-0.6538085938
0.4035644531
0.8217773438
-0.07098388672
-0.4465332031
0.5385742188
-1.040039062
-0.8359375
-1.743164062
-1.228515625
-0.3552246094
-0.46484375
-1.033203125
-1.573242188
-1.03125
-1.734375
0.4326171875
-1.26171875
-0.2797851562
2.275390625
-1.821289062
-0.05065917969
-0.33984375
-0.5131835938
-0.3151855469
0.4455566406
0.09631347656
1.150390625
-0.1151123047
0.5590820312
0.263671875
-0.3283691406
0.8500976562
0.7958984375
-0.869140625
0.939453125
-0.4113769531
1.104492188
-0.1204223633
1.865234375
0.5927734375
0.2839355469
0.4052734375
0.3605957031
-1.328125
0.9799804688
-1.959960938
-0.77734375
0.4421386719
-0.6098632812
0.008644104004
-1.186523438
-0.2905273438
1.20703125
-0.0703125
-0.3264160156
-0.490234375
2.470703125
-0.1872558594
-0.9965820312
1.122070312
0.6171875
-0.6357421875
-1.849609375
-1.522460938
0.9135742188
0.7509765625
-0.9272460938
0.771484375
-1.559570312
1.342773438
-0.6967773438
0.3928222656
-0.08996582031
-0.009712219238
0.517578125
0.03811645508
0.6572265625
0.3354492188
0.255859375
0.4743652344
-1.395507812
0.9565429688
0.03546142578
0.8984375
1.056640625
1.220703125
2.087890625
1.08984375
-0.3012695312
1.3125
-0.4768066406
1.633789062
-0.3967285156
0.3322753906
1.46484375
-0.8188476562
-0.2192382812
-1.616210938
0.9956054688
-0.255859375
-0.4196777344
-0.1672363281
-2.40234375
-0.4084472656
-0.8232421875
0.3894042969
-0.1687011719
0.04055786133
0.5864257812
-0.6635742188
-1.232421875
-1.2265625
-1.143554688
-0.5517578125
0.3349609375
1.1796875
-0.6806640625
1.53515625
-0.09838867188
-1.030273438
-0.7055664062
-0.1345214844
0.3471679688
0.2269287109
-0.00804901123
0.4484863281
0.6918945312
1.649414062
-1.477539062
-1.69921875
0.3955078125
0.3935546875
1.798828125
1.903320312
1.709960938
-0.1045532227
-1.966796875
-1.681640625
0.8745117188
-0.3784179688
2.162109375
-0.4289550781
0.08776855469
-0.2941894531
-2.107421875
0.5532226562
-0.6723632812
0.5751953125
-1.1796875
-0.6953125
0.5322265625
-0.5693359375
0.9653320312
-0.3464355469
-1.043945312
-0.06274414062
-0.9130859375
1.405273438
-0.1145019531
-1.250976562
0.158203125
-1.293945312
-0.8837890625
0.505859375
-1.051757812
0.1893310547
-0.5024414062
1.361328125
0.5278320312
-1.52734375
1.048828125
-0.8857421875
1.8125
-0.193359375
-0.3039550781
0.9375
0.638671875
0.4196777344
-0.4968261719
1.69140625
-0.1535644531
-1.104492188
0.71875
0.78125
-0.1198730469
0.2012939453
-0.05557250977
-0.5322265625
-0.4677734375
-0.8823242188
-0.6098632812
0.06665039062
-0.1356201172
-2.208984375
-0.6938476562
-0.5952148438
-2.4453125
-0.2270507812
-0.9448242188
2.029296875
-0.0004827976227
0.751953125
0.1323242188
-0.5927734375
0.80859375
-1.303710938
-1.186523438
-0.3015136719
1.259765625
0.4936523438
-0.08038330078
0.08917236328
0.3173828125
0.3977050781
0.1853027344
0.8701171875
-0.6103515625
2.599609375
3.26171875
-0.5224609375
0.008255004883
-1.221679688
-0.2995605469
0.4787597656
0.9770507812
-0.8793945312
0.2465820312
-0.1453857422
0.27734375
1.891601562
1.356445312
2.05078125
1.01171875
0.51171875
0.5815429688
-1.000976562
0.1373291016
1.330078125
0.4147949219
0.232421875
2.359375
-0.2971191406
-0.4506835938
1.059570312
-0.7153320312
0.1056518555
-0.2026367188
1.03515625
-0.4638671875
-0.6953125
-0.4104003906
0.4450683594
-1.750976562
1.09375
-0.05072021484
-1.883789062
0.3515625
0.006298065186
2.18359375
0.7861328125
-0.50390625
0.3703613281
-1.190429688
-0.25390625
-1.048828125
-1.115234375
-0.9140625
-0.2526855469
-0.7299804688
2.54296875
1.489257812
0.7075195312
-0.7734375
0.4609375
0.8403320312
2.236328125
0.3076171875
-1.715820312
0.2712402344
-1.249023438
1.213867188
-0.3718261719
0.4926757812
0.2429199219
0.4208984375
-1.461914062
-0.2003173828
-1.197265625
0.4965820312
0.5805664062
1.607421875
-0.1098632812
-0.791015625
1.624023438
0.6831054688
1.423828125
0.3588867188
1.022460938
-1.384765625
-1.584960938
0.8071289062
0.4436035156
0.02694702148
1.69140625
0.01722717285
1.493164062
0.8896484375
0.005310058594
-0.4973144531
1.514648438
1.333007812
-0.7690429688
1.880859375
0.08325195312
-0.4985351562
-0.1826171875
-0.3366699219
-0.8940429688
-1.017578125
0.4753417969
1.260742188
-0.671875
1.616210938
-0.07751464844
0.0240020752
-1.69140625
0.9228515625
-0.2182617188
-0.2193603516
1.111328125
-0.2457275391
1.088867188
-0.6279296875
0.3950195312
-0.712890625
0.1705322266
-1.495117188
-0.5698242188
0.4594726562
-0.51953125
0.1901855469
0.533203125
1.091796875
-0.02589416504
0.2966308594
2.498046875
-0.0654296875
-0.115234375
0.83203125
-3.0859375
1.559570312
2.830078125
0.4587402344
0.3974609375
0.9345703125
0.83203125
-0.6293945312
-0.4118652344
-1.774414062
0.5126953125
1.215820312
-1.499023438
-2.15625
1.233398438
0.02534484863
1.869140625
1.294921875
0.552734375
2.1875
2.1484375
0.1600341797
-0.7954101562
0.3334960938
-0.3806152344
-0.9487304688
-1.18359375
-0.5727539062
0.03790283203
0.6962890625
-0.1691894531
-0.4697265625
-1.584960938
0.701171875
0.15625
-0.3054199219
-0.2683105469
0.1998291016
1.291992188
1.008789062
-0.5556640625
1.254882812
-0.8022460938
-0.5424804688
-1.43359375
0.5009765625
1.022460938
-0.5341796875
1.504882812
1.446289062
-0.02763366699
-0.8056640625
-0.0407409668
-0.6391601562
-0.7026367188
-1.166992188
0.6069335938
0.9545898438
-0.9086914062
1.711914062
-1.040039062
2.490234375
-2.099609375
0.4611816406
1.010742188
0.04010009766
-0.0008568763733
-1.81640625
0.4809570312
-1.700195312
0.4509277344
0.9599609375
0.1680908203
0.1184082031
-0.69921875
0.4206542969
0.5932617188
-0.1420898438
0.5859375
1.3046875
-0.80078125
0.2993164062
2.37109375
1.584960938
-0.9028320312
-0.5419921875
-1.11328125
-1.217773438
0.7866210938
-0.9853515625
-1.317382812
-2.267578125
-0.04736328125
-0.2614746094
-1.55078125
0.9873046875
1.61328125
2.443359375
-1.348632812
-0.2275390625
-2.27734375
-1.083984375
0.8081054688
-0.2487792969
-0.6362304688
0.9877929688
-0.2131347656
-1.154296875
1.506835938
-1.255859375
0.6313476562
0.1496582031
-0.509765625
-1.0078125
1.916015625
0.03350830078
-1.592773438
1.090820312
-2.306640625
0.4125976562
1.711914062
0.3432617188
-1.806640625
-0.9653320312
-0.1174316406
-0.4040527344
-0.8037109375
-0.2274169922
1.356445312
-0.3120117188
1.447265625
-0.04086303711
0.3928222656
0.3354492188
-0.2082519531
0.2585449219
0.1097412109
-0.1380615234
0.7055664062
1.58984375
0.3405761719
0.5512695312
-1.21484375
0.2456054688
1.302734375
-1.408203125
-1.76171875
-1.094726562
-1.084960938
-0.2105712891
0.7495117188
1.736328125
-1.6875
-1.801757812
1.146484375
0.26953125
-0.03350830078
-0.01389312744
1.37890625
-0.09765625
0.1072387695
-0.5102539062
0.6547851562
-1.348632812
-1.922851562
-0.7265625
0.3657226562
2.884765625
0.732421875
0.06811523438
-1.559570312
-0.779296875
0.8608398438
0.2998046875
1.244140625
0.06341552734
-1.125976562
-0.525390625
0.6567382812
0.8125
-0.6806640625
-1.1328125
-0.88671875
0.1315917969
-1.301757812
0.8256835938
0.3825683594
-0.2017822266
0.1531982422
-0.66796875
-0.7153320312
-0.5048828125
0.1021118164
0.5859375
-0.8720703125
-0.2922363281
-0.8037109375
-0.7553710938
-0.01062774658
2.162109375
1.002929688
0.04666137695
1.352539062
-0.004444122314
0.99609375
0.8149414062
-0.201171875
-0.9135742188
1.112304688
-1.168945312
-0.6694335938
0.9624023438
0.02388000488
1.037109375
0.5517578125
-0.6865234375
0.1301269531
0.9521484375
1.328125
-1.58203125
0.5361328125
-0.2276611328
0.7729492188
0.1489257812
0.1527099609
-0.3754882812
-0.8779296875
0.2261962891
-1.275390625
2.30078125
-1.541015625
-0.3920898438
-0.1998291016
0.4372558594
-0.4123535156
-0.2250976562
-0.1588134766
1.881835938
-0.14453125
1.274414062
-2.41796875
0.7036132812
-0.5571289062
-0.1824951172
1.04296875
0.822265625
0.4968261719
0.05609130859
0.365234375
-0.004863739014
-2.19140625
-0.5737304688
-1.137695312
2.6484375
-1.857421875
0.6831054688
0.2658691406
1.619140625
-0.759765625
0.7338867188
1.482421875
-0.5766601562
-0.8442382812
-1.6875
0.7954101562
0.4924316406
0.2188720703
0.6767578125
0.8081054688
0.810546875
0.2149658203
-0.4338378906
-1.032226562
-1.15625
-0.6313476562
0.114440918
-0.51171875
0.07006835938
0.8818359375
-1.109375
-1.208007812
-0.2919921875
0.09832763672
1.491210938
-0.5141601562
-0.0634765625
-0.0249786377
-0.59375
-0.1787109375
0.4946289062
0.1067504883
0.06597900391
0.5107421875
-1.383789062
0.4208984375
-0.8178710938
-1.501953125
0.2421875
1.146484375
-0.1988525391
0.4501953125
0.2200927734
1.03125
0.32421875
-0.4057617188
-1.1171875
-1.296875
1.44140625
-0.5327148438
-0.7045898438
-0.3293457031
0.7153320312
-0.01054382324
-0.3332519531
-1.196289062
-1.423828125
-1.303710938
1.025390625
1.549804688
-0.2445068359
0.53515625
0.5234375
-1.9140625
1.924804688
-1.142578125
0.9614257812
-0.7646484375
0.2355957031
-0.0426940918
0.4582519531
-0.4560546875
-2.189453125
-1.481445312
1.856445312
0.3430175781
-0.1307373047
-1.9765625
-0.9833984375
0.6928710938
1.118164062
-0.1455078125
1.23046875
-0.7998046875
-0.3347167969
-1.443359375
-0.3276367188
0.3818359375
0.09130859375
0.5712890625
-0.3095703125
-1.555664062
0.5317382812
-0.4392089844
0.08453369141
-0.5688476562
0.06909179688
0.224609375
0.4411621094
-0.5893554688
1.266601562
0.1982421875
-0.6440429688
-0.1087646484
0.2587890625
-0.7534179688
0.1054077148
-0.8491210938
1.625976562
-0.1076660156
-0.08416748047
-0.1579589844
-1.493164062
0.8110351562
-0.9038085938
-1.745117188
-1.102539062
2.142578125
-0.8217773438
-0.04895019531
0.3659667969
-0.1116333008
-0.1440429688
1.443359375
-0.3728027344
0.7216796875
-0.5771484375
1.494140625
0.08679199219
1.189453125
1.73828125
0.9140625
-0.3793945312
1.192382812
-0.5649414062
1.6328125
-1.96484375
0.1916503906
2.2109375
0.2143554688
0.7485351562
0.3200683594
0.6469726562
-0.4741210938
-0.4694824219
0.1205444336
-0.2490234375
-0.1322021484
-1.96875
0.7924804688
-1
-2.05078125
-0.03988647461
0.7373046875
-1.077148438
0.5317382812
0.03289794922
-0.2690429688
2.78515625
-1.341796875
-0.88671875
-0.06604003906
-1.275390625
-1.609375
-1.61328125
1.6328125
-0.05059814453
1.551757812
0.1551513672
0.5620117188
-0.1794433594
-1.1875
-0.06573486328
0.3151855469
1.358398438
-1.151367188
-1.201171875
-0.1154785156
-1.49609375
-0.2873535156
-0.2316894531
0.5903320312
0.919921875
0.3005371094
-0.5971679688
0.634765625
0.5375976562
-0.1193847656
0.3488769531
-0.4067382812
1.833984375
-0.8349609375
-0.4333496094
0.9775390625
1.411132812
-0.1779785156
-0.2294921875
-0.2846679688
1.198242188
0.12890625
-0.6206054688
-0.08465576172
1.786132812
-0.2314453125
0.1911621094
0.955078125
-1.033203125
-1.318359375
-0.2797851562
-0.5649414062
-0.2152099609
1.291992188
0.4382324219
-0.1791992188
1.6328125
-2.072265625
0.1525878906
0.1625976562
-0.1206054688
0.6806640625
-0.6708984375
1.462890625
0.1641845703
0.7958984375
0.8120117188
-1.109375
0.45703125
0.3903808594
0.2583007812
1.0078125
0.1682128906
0.73046875
0.4636230469
1.174804688
0.1041259766
0.2159423828
-3.04296875
-2.44140625
-0.8427734375
0.3986816406
2.263671875
-0.9931640625
-1.225585938
-1.231445312
-0.7075195312
0.2770996094
0.8129882812
-1.186523438
-0.6650390625
1.59765625
-0.7690429688
-0.8740234375
-0.5263671875
-0.9580078125
-1.302734375
-0.66015625
1.005859375
0.4689941406
-0.9438476562
-0.2137451172
-1.155273438
0.4345703125
0.564453125
0.1812744141
-0.1108398438
-0.904296875
0.2342529297
0.8842773438
0.8793945312
1.494140625
-2.119140625
0.4162597656
1.479492188
0.8012695312
-2.1875
1.259765625
-0.7416992188
-0.5419921875
1.509765625
0.09619140625
-1.137695312
-0.5698242188
-0.875
-0.3129882812
0.5444335938
-0.1119995117
1.0859375
-0.1726074219
0.6352539062
0.77734375
0.974609375
-0.7021484375
-0.634765625
0.478515625
0.6772460938
1.416992188
0.4924316406
-0.7329101562
0.1455078125
-0.2971191406
0.30078125
-1.379882812
0.3706054688
-1.255859375
-0.2099609375
1.310546875
-1.368164062
-1.643554688
0.1137695312
1.319335938
-0.2336425781
-2.001953125
0.501953125
0.576171875
-0.5883789062
-0.2697753906
-1.138671875
0.2807617188
-1.120117188
-0.6884765625
-1.546875
-0.04891967773
0.6655273438
-1.495117188
0.3308105469
-0.1376953125
-0.4899902344
-0.007335662842
1.744140625
1.015625
-1.540039062
-0.3103027344
0.1622314453
0.05166625977
1.020507812
-0.3259277344
0.05236816406
1.559570312
-0.8046875
-0.007965087891
0.04119873047
-0.3410644531
1.565429688
-1.5859375
-0.3374023438
-0.5249023438
-1.020507812
-1.104492188
-0.5166015625
1.05859375
1.024414062
-0.6171875
0.07727050781
-0.6645507812
-1.706054688
-0.1713867188
-0.7270507812
1.390625
3.111328125
-1.766601562
-0.2609863281
-0.6806640625
-1.764648438
-0.3508300781
-0.6201171875
-1.905273438
0.6162109375
-2.109375
-0.478515625
-1.435546875
0.3703613281
-0.3664550781
0.98828125
-1.000976562
0.1501464844
-0.5698242188
0.556640625
-0.8251953125
1.741210938
-0.685546875
1.623046875
1.801757812
2.35546875
-1.637695312
1.588867188
-1.568359375
-0.46484375
0.5209960938
-1.326171875
0.2381591797
1.572265625
1.587890625
-1.180664062
3.75390625
0.3781738281
-0.6127929688
-1.020507812
-0.8564453125
0.2897949219
0.5126953125
0.5405273438
0.4296875
0.4921875
1.649414062
1.46875
-0.9921875
2.01171875
-2.298828125
-0.1168823242
-0.4519042969
0.6279296875
0.8666992188
-0.03677368164
-0.01174926758
-0.3627929688
-0.2927246094
-0.603515625
-0.4497070312
0.9833984375
0.5161132812
0.9897460938
-0.3908691406
-0.4672851562
-1.036132812
-1.028320312
0.306640625
-0.06057739258
1.45703125
1.974609375
-1.108398438
-0.5502929688
2.052734375
-0.80078125
0.7641601562
1.952148438
-0.5678710938
0.6625976562
-0.1903076172
0.7890625
-0.8598632812
-1.447265625
1.291015625
0.7724609375
-0.5380859375
-0.947265625
-1.669921875
-0.3505859375
-0.9643554688
-0.4965820312
1.561523438
-0.6938476562
-1.193359375
-0.6030273438
0.6850585938
0.0732421875
0.3046875
0.2895507812
0.03894042969
0.3557128906
-1.60546875
-0.7255859375
0.07366943359
-0.5268554688
0.5498046875
-1.065429688
0.7119140625
-2.826171875
-0.3942871094
0.01433563232
1.044921875
-1.436523438
1.643554688
1.263671875
-0.4514160156
-0.4282226562
0.0112991333
-0.7041015625
0.07086181641
2.080078125
1.7734375
-0.9946289062
-0.3271484375
1.142578125
0.3071289062
0.7783203125
1.245117188
2.099609375
0.6547851562
-0.4499511719
0.8129882812
-0.1309814453
1.443359375
0.6572265625
-0.1387939453
0.5122070312
1.077148438
-0.1361083984
0.2775878906
-0.2727050781
-0.3718261719
-0.4018554688
0.3103027344
-0.23046875
-1.033203125
1.16015625
0.8374023438
0.875
-0.625
-0.6962890625
0.1564941406
0.521484375
0.009124755859
0.5302734375
-0.07885742188
0.6630859375
-0.2200927734
1.302734375
-0.1141357422
0.1497802734
2.47265625
-0.1815185547
-0.958984375
-0.4106445312
0.8715820312
0.6284179688
-0.4643554688
0.02766418457
-0.6875
0.275390625
-0.7490234375
0.2109375
-0.4169921875
-0.4055175781
1.26953125
0.2077636719
-0.1373291016
-1.265625
0.2252197266
-0.07629394531
1.436523438
0.07147216797
-0.04821777344
1.779296875
1.321289062
-1.1328125
1.510742188
-0.06744384766
0.2644042969
-0.5795898438
0.955078125
0.9853515625
-0.6704101562
-0.7055664062
-0.7387695312
0.6860351562
0.0419921875
2.1953125
1.630859375
-0.00244140625
0.25
-0.5068359375
1.225585938
-0.6533203125
1.028320312
-0.1167602539
-0.7158203125
1.338867188
1.565429688
0.9487304688
-0.6489257812
-0.2827148438
-1.342773438
-1.192382812
1.920898438
0.4365234375
0.75390625
0.1058349609
0.064453125
0.5537109375
-1.014648438
0.318359375
-0.3393554688
0.05502319336
-0.3918457031
0.6665039062
-0.3767089844
-0.005237579346
1.828125
0.7021484375
-1.5859375
-1.857421875
-0.1502685547
-0.7734375
1.850585938
-0.2277832031
-0.8076171875
-0.1904296875
0.447265625
-0.6044921875
1.822265625
-0.1300048828
0.9536132812
0.5083007812
0.09533691406
-2.06640625
-1.176757812
0.6826171875
-0.7412109375
-0.1622314453
-1.327148438
-0.5380859375
0.6645507812
-0.4340820312
0.896484375
-1.041992188
2.134765625
0.7373046875
-0.02565002441
-0.7451171875
0.4663085938
-0.3559570312
-0.865234375
0.3591308594
-0.9233398438
-1.484375
1.90625
1.41796875
0.5659179688
0.89453125
0.7495117188
-0.2634277344
-0.2122802734
-0.1754150391
-1.706054688
0.2410888672
-0.1041870117
-0.7060546875
2.818359375
0.3132324219
0.2641601562
2.0703125
-0.1097412109
-0.2309570312
-0.5654296875
1.09765625
1.240234375
1.390625
-1.474609375
0.7807617188
-2.224609375
1.083984375
-0.5903320312
-0.7163085938
-1.125976562
2.1328125
-1.70703125
1.76953125
0.4602050781
-2.423828125
-0.8530273438
-0.3181152344
-0.5502929688
1.569335938
-1.202148438
-0.4348144531
0.1544189453
0.4624023438
0.501953125
-1.21484375
2.041015625
-0.1647949219
-0.4970703125
0.7377929688
0.07696533203
-0.8110351562
-0.7192382812
0.2095947266
-0.2683105469
0.5947265625
1.573242188
0.8134765625
1.38671875
1.568359375
-0.2247314453
-0.888671875
0.57421875
0.1300048828
-0.7563476562
0.6577148438
-1.703125
1.674804688
0.1708984375
-0.6547851562
-0.8569335938
-0.6923828125
-0.2658691406
-0.3366699219
-0.2768554688
-0.796875
0.28125
-0.2863769531
0.3186035156
-0.01324462891
0.04501342773
0.6049804688
-0.9594726562
1.017578125
-0.2502441406
-0.9716796875
0.4377441406
-1.159179688
-0.9365234375
-0.4379882812
0.4401855469
-0.2349853516
-0.833984375
-0.3371582031
-0.8208007812
1.618164062
0.4018554688
0.9155273438
-0.9916992188
1.626953125
-1.694335938
-1.220703125
-0.4816894531
-0.3254394531
-0.8471679688
-0.990234375
0.33203125
-0.4338378906
-0.3217773438
0.1984863281
-0.5532226562
-0.6801757812
-0.2819824219
-0.5659179688
-0.1409912109
-0.2365722656
-0.548828125
-1.563476562
0.7553710938
0.4865722656
1.176757812
-0.3610839844
-1.950195312
-1.296875
0.5229492188
0.3452148438
-1.8828125
0.05139160156
0.8706054688
-0.3024902344
0.724609375
-3.11328125
0.1831054688
-0.4575195312
0.78125
0.8759765625
-1.401367188
2.021484375
0.1715087891
-0.7934570312
-0.2602539062
0.06518554688
0.7900390625
0.08422851562
1.498046875
-0.2524414062
-0.005268096924
0.8461914062
0.6552734375
0.6391601562
-0.7421875
-0.453125
-0.97265625
1.310546875
0.3898925781
0.09088134766
-2.1640625
-0.4333496094
0.3205566406
0.4284667969
-0.4406738281
-2.09375
-0.6171875
1.2421875
1.388671875
-0.4035644531
0.8828125
-0.12890625
2.02734375
-0.8486328125
1.719726562
1.331054688
-0.08801269531
-1.095703125
1.58203125
1.229492188
1.939453125
0.6635742188
1.03125
-2.412109375
-1.733398438
-0.06463623047
0.6440429688
0.5698242188
0.07385253906
0.578125
0.8618164062
-0.1683349609
0.5634765625
-0.4672851562
-0.3728027344
0.0329284668
1.708007812
1.485351562
1.540039062
0.1586914062
-0.05624389648
0.4157714844
-0.2739257812
0.421875
-1.848632812
1.041015625
0.1931152344
2.15234375
-1.840820312
2.376953125
-0.8598632812
-0.609375
1.514648438
-1.09765625
-0.9423828125
0.01936340332
0.986328125
-0.3540039062
-1.541992188
-1.012695312
1.338867188
0.4423828125
-0.2407226562
1.216796875
-0.7998046875
0.6293945312
0.7290039062
-0.1524658203
-0.4738769531
0.1672363281
0.5600585938
1.51171875
-1.853515625
-0.8286132812
-1.223632812
1.962890625
-0.51953125
-0.3205566406
0.3293457031
-0.8310546875
-1.515625
-0.7216796875
1.380859375
-1.315429688
-0.314453125
-1.130859375
-2.595703125
-0.3044433594
-0.5473632812
0.8842773438
-0.5068359375
-1.107421875
0.6635742188
2.458984375
-1.833984375
-1.779296875
-0.3745117188
0.3610839844
0.1901855469
0.2590332031
0.6176757812
0.1239624023
-1.42578125
1.068359375
0.8447265625
0.7299804688
0.2778320312
-0.4626464844
-0.7456054688
0.8911132812
-0.07061767578
-0.2164306641
2.41796875
0.37890625
0.4064941406
-1.86328125
-0.02305603027
0.6298828125
-1.309570312
0.1351318359
-0.3693847656
2.2734375
-2.451171875
0.3103027344
0.5981445312
1.3671875
-0.1444091797
-0.8168945312
-1.045898438
-0.1624755859
0.01617431641
-0.337890625
0.5078125
-1.80078125
1.83984375
-1.666992188
0.6362304688
0.4755859375
0.2790527344
1.044921875
-0.7202148438
-1.233398438
1.418945312
0.2302246094
-1.358398438
0.2476806641
-0.01531982422
-0.595703125
-0.7319335938
-0.8989257812
-0.6879882812
-1.43359375
-0.2094726562
-0.1892089844
-2.37890625
-0.888671875
0.9487304688
-0.5400390625
-2.640625
-0.6171875
-0.01977539062
-2.1953125
1.7578125
0.3193359375
-0.1551513672
-0.5537109375
-0.271484375
-0.1217651367
-1.974609375
1.1328125
0.3264160156
1.177734375
0.04306030273
1.440429688
-0.1161499023
-0.2242431641
-0.7041015625
-0.3972167969
-1.092773438
0.4753417969
0.1441650391
-0.8354492188
-0.888671875
0.07122802734
-0.2486572266
0.1306152344
-1.763671875
-1.279296875
0.8715820312
-0.9360351562
-1.40234375
0.4184570312
0.05239868164
0.548828125
-0.6518554688
0.1820068359
-0.3215332031
-0.9926757812
-0.1507568359
-0.2778320312
0.7919921875
0.004886627197
0.2375488281
0.1190185547
1.327148438
-0.3532714844
-0.1047973633
-0.02972412109
-0.7290039062
-0.1954345703
0.03982543945
-1.28125
-0.1733398438
-2.63671875
-2.1171875
0.2553710938
0.1252441406
-0.4919433594
0.947265625
0.5297851562
-1.952148438
-1.0703125
-1.563476562
0.8251953125
0.02780151367
-0.3542480469
0.2575683594
-2.12109375
-1.87109375
1.776367188
0.7612304688
0.6791992188
1.255859375
1.788085938
0.599609375
0.6274414062
-0.5126953125
0.02114868164
-1.52734375
-1.762695312
-0.779296875
0.5649414062
-0.1491699219
-0.5180664062
0.01959228516
-0.09155273438
1.6953125
0.3403320312
0.4230957031
-0.9794921875
0.9345703125
0.4951171875
-0.1810302734
1.032226562
1.202148438
0.6079101562
0.7045898438
-1.69140625
0.1915283203
1.080078125
0.9833984375
-1.076171875
-0.4038085938
0.1418457031
2.109375
-0.4748535156
2.0859375
0.515625
-0.2780761719
-0.4597167969
2.806640625
0.2359619141
2.20703125
-1.614257812
0.5400390625
-1.043945312
-0.25390625
0.2858886719
-0.2302246094
0.1020507812
0.5170898438
1.112304688
-0.91796875
-0.1291503906
-1.381835938
0.6181640625
-0.2819824219
1.147460938
1.263671875
0.7314453125
-0.60546875
1.240234375
1.189453125
1.407226562
-0.004219055176
1.502929688
-1.975585938
1.041992188
1.265625
-1.284179688
0.1610107422
0.5708007812
-2.158203125
-0.2800292969
0.6469726562
-0.5444335938
-0.3557128906
1.15234375
0.4340820312
-1.508789062
-0.5639648438
0.5815429688
-1.110351562
1.120117188
-0.5
1.38671875
-1.581054688
-0.501953125
1.243164062
-0.2185058594
2.0546875
-0.8173828125
0.1192016602
0.1173095703
-0.3088378906
0.9404296875
-0.3024902344
1.047851562
0.408203125
0.1394042969
0.4462890625
0.9921875
-0.2631835938
0.7622070312
-2.1015625
0.5815429688
0.06103515625
-0.4497070312
-0.4353027344
-1.09765625
-0.2954101562
1.223632812
0.2102050781
0.08660888672
0.07434082031
1.333984375
1.715820312
0.9565429688
-0.6079101562
-0.6147460938
-0.7314453125
1.25
-1.28125
0.62890625
-0.572265625
0.927734375
1.80859375
0.1645507812
1.428710938
-0.04983520508
-0.419921875
0.2349853516
-1.716796875
0.9350585938
-0.6274414062
-1.934570312
-1.098632812
-0.1398925781
0.4802246094
2.193359375
1.4296875
0.5659179688
1.01171875
-0.7915039062
0.6323242188
-1.831054688
-0.9975585938
0.6123046875
0.291015625
0.849609375
0.4409179688
0.6674804688
0.1549072266
-1.088867188
0.6728515625
0.6391601562
-0.873046875
0.3615722656
0.7973632812
-1.349609375
-0.1342773438
-1.247070312
0.833984375
0.3500976562
-0.505859375
2.515625
0.25390625
-1.1640625
1.450195312
-2.220703125
-0.7387695312
-0.6728515625
-1.049804688
1.555664062
-0.4089355469
0.1538085938
-0.4765625
0.6962890625
-2.00390625
0.8334960938
0.09613037109
-0.06591796875
-1.369140625
0.5883789062
-1.171875
1.017578125
-1.013671875
0.720703125
0.7524414062
-0.576171875
0.1311035156
-1.112304688
0.2336425781
0.2308349609
-0.5561523438
-0.8627929688
-2.140625
0.1182250977
-0.7055664062
-1.684570312
0.671875
-0.1088256836
0.4467773438
-0.1588134766
-2.234375
-0.876953125
-0.6733398438
0.3542480469
1.086914062
0.8212890625
-0.03274536133
-0.3559570312
1.48046875
1.27734375
0.953125
0.701171875
-0.1394042969
-2.234375
1.428710938
-0.9790039062
0.3503417969
-0.5859375
-0.2915039062
-0.3479003906
-0.5751953125
-0.1413574219
1.444335938
-0.2619628906
1.817382812
-0.734375
-0.2387695312
0.8056640625
-0.1885986328
1.412109375
1.166992188
-0.5434570312
0.751953125
-0.1975097656
0.5854492188
-0.7001953125
-2.431640625
1.081054688
1.649414062
0.6328125
-0.615234375
-0.1607666016
0.2224121094
-0.06524658203
0.1088256836
0.9907226562
0.623046875
-0.3754882812
1.391601562
1.02734375
1.51953125
-2.18359375
0.9829101562
0.7822265625
-1.516601562
0.02862548828
-2.5
-1.087890625
-0.3930664062
0.01211547852
0.8403320312
-0.2163085938
0.1895751953
-1.819335938
1.086914062
-0.2954101562
0.48828125
1.044921875
0.5849609375
-0.8100585938
-0.04724121094
-1.782226562
0.5751953125
-0.6376953125
-0.2366943359
1.942382812
0.6376953125
0.3142089844
-0.05505371094
-0.5322265625
0.1646728516
-1.708007812
0.02043151855
-0.763671875
1.8359375
1.447265625
0.001347541809
1.32421875
1.620117188
0.2026367188
0.4360351562
1.185546875
-0.1417236328
-0.833984375
-0.4072265625
0.5737304688
-0.4611816406
0.1790771484
-0.7094726562
0.5415039062
1.540039062
0.6157226562
1.48828125
-0.8071289062
0.8159179688
1.008789062
-0.4365234375
1.01953125
-0.6547851562
1.428710938
-0.2905273438
-0.4016113281
-0.978515625
-1.043945312
0.08258056641
0.1324462891
-0.4228515625
1.333007812
-0.5864257812
1.791992188
-0.3532714844
-1.671875
1.208984375
-1.07421875
2.005859375
-1.852539062
2.91796875
-0.6845703125
0.8754882812
-1.072265625
0.4538574219
0.9790039062
-1.315429688
-0.4052734375
-1.09765625
0.01055145264
-1.278320312
0.8784179688
-0.4045410156
-1.116210938
-0.8828125
-1.524414062
0.8564453125
-0.716796875
-0.7919921875
-0.654296875
-0.4279785156
0.2526855469
-0.04473876953
-0.1097412109
-0.3557128906
0.9780273438
0.1086425781
-1.63671875
0.6083984375
-0.7153320312
0.7236328125
0.06530761719
0.3217773438
-0.9907226562
0.1531982422
0.3720703125
0.3566894531
-0.8413085938
0.7788085938
0.3388671875
0.3366699219
-0.5341796875
1.303710938
0.2049560547
-3.091796875
-0.234375
-0.003391265869
-0.5854492188
0.5922851562
0.8818359375
0.1802978516
0.3664550781
-1.734375
-0.08270263672
1.150390625
1.963867188
0.1872558594
-1.384765625
0.3684082031
0.1685791016
1.612304688
0.2795410156
0.529296875
1.19921875
-0.05401611328
0.2819824219
0.52734375
2.10546875
0.6171875
2.4765625
-0.03259277344
1.265625
0.9418945312
-0.4135742188
-0.01921081543
0.9130859375
-0.7407226562
0.548828125
0.1585693359
0.6547851562
0.09802246094
-0.8686523438
1.081054688
0.7963867188
0.3208007812
-0.416015625
-0.1986083984
0.2185058594
-0.2275390625
-0.5610351562
1.228515625
0.310546875
0.9365234375
0.4140625
-0.2629394531
1.357421875
2.17578125
0.0233001709
2.365234375
-0.8564453125
0.609375
-1.452148438
-0.06591796875
0.2885742188
0.4377441406
0.4736328125
-1.586914062
-1.478515625
-1.020507812
-0.3500976562
1.189453125
-0.326171875
0.7900390625
0.1370849609
-0.4992675781
1.118164062
-0.7890625
-1.03125
-1.64453125
-1.76953125
-1.081054688
0.751953125
-0.7797851562
1.525390625
2.076171875
-0.8315429688
-0.5307617188
1.208007812
-0.9731445312
-0.2722167969
1.970703125
1.564453125
0.68359375
-1.1328125
0.146484375
1.041992188
0.2045898438
-1.221679688
-1.192382812
-0.1778564453
0.4450683594
-0.08410644531
-1.798828125
-0.3830566406
-0.4321289062
-0.9838867188
2.14453125
0.583984375
-0.6010742188
-2.19140625
-0.8559570312
1.02734375
-0.07702636719
-0.2885742188
0.4963378906
-0.5122070312
1.271484375
0.8305664062
-0.8989257812
2.037109375
0.3017578125
-0.4956054688
-0.9614257812
0.2238769531
0.6137695312
-1.453125
0.007587432861
-2.279296875
0.6875
0.8842773438
-0.2939453125
0.2917480469
-0.3342285156
0.04766845703
0.9155273438
-0.7509765625
-1.28125
0.09808349609
-0.2034912109
0.7749023438
1.05078125
1.095703125
-1.020507812
-0.4790039062
1.635742188
0.4970703125
-0.2386474609
-0.681640625
-2.3125
-1.5546875
-1.348632812
-1.530273438
0.5966796875
1.100585938
0.6186523438
-0.7192382812
-0.7846679688
1.366210938
-0.89453125
0.9204101562
-1.58984375
0.08392333984
-0.2976074219
-0.3894042969
0.6328125
-1.411132812
-0.333984375
0.01837158203
0.6049804688
1.362304688
0.384765625
1.650390625
0.2468261719
-0.6787109375
0.2578125
-0.02415466309
1.93359375
-0.8525390625
-0.9995117188
-0.2736816406
-2.01953125
-0.5161132812
1.512695312
-0.1190185547
-0.4907226562
-1.08203125
0.68359375
-0.3645019531
0.6752929688
0.955078125
-1.44921875
1.573242188
-0.4611816406
2.140625
-1.599609375
-1.258789062
0.3195800781
-1.400390625
-0.1732177734
1.856445312
-1.529296875
-0.2719726562
2.185546875
-0.2254638672
-1.59375
0.474609375
-1.16015625
1.540039062
-1.282226562
0.5747070312
-0.3815917969
1.780273438
1.431640625
-0.4753417969
-0.1690673828
-0.3859863281
0.01652526855
-0.8735351562
1.78125
-0.7099609375
-0.3020019531
-1.053710938
-1.029296875
1.040039062
-0.51953125
0.69921875
-1.29296875
0.5986328125
-0.5166015625
0.5952148438
-0.1378173828
1.021484375
-0.0309753418
0.2741699219
0.8696289062
0.8999023438
2.03515625
-0.1291503906
0.004005432129
0.1192016602
-1.5234375
0.9370117188
0.5688476562
0.845703125
0.740234375
-0.74609375
-0.8427734375
-0.2849121094
-0.509765625
-1.434570312
-1.184570312
1.447265625
-0.07147216797
0.0530090332
0.755859375
-0.1326904297
0.1502685547
1.142578125
-0.09771728516
0.7905273438
0.2727050781
2.091796875
-1.393554688
-0.888671875
-0.8095703125
-0.8857421875
2
-0.2315673828
-0.7841796875
1.036132812
0.3486328125
0.880859375
1.102539062
-0.265625
0.2379150391
-0.5532226562
-1.705078125
0.3264160156
-1.107421875
-0.6040039062
-0.9809570312
-0.2189941406
0.3681640625
-1.41015625
-0.3918457031
0.9760742188
-0.62890625
-0.3349609375
0.6254882812
1.545898438
-0.3977050781
0.6396484375
-0.9716796875
-1.177734375
0.5029296875
0.1595458984
0.1234130859
0.06628417969
0.1889648438
-2.482421875
0.1796875
-0.7231445312
0.470703125
-1.564453125
1.225585938
1.1171875
0.07720947266
1.037109375
-1.604492188
-0.9975585938
-1.4296875
-0.3508300781
-0.2186279297
-0.8627929688
0.9443359375
-1.20703125
0.3859863281
0.373046875
-0.3852539062
-0.185546875
0.7294921875
0.634765625
0.853515625
-1.31640625
-0.8999023438
-0.1776123047
0.2712402344
0.2165527344
0.8256835938
0.3303222656
-0.4167480469
-0.1063232422
1.926757812
-1.236328125
0.2432861328
1.083984375
-0.7114257812
0.5234375
0.6430664062
1.807617188
-0.751953125
-0.3063964844
0.3081054688
0.8286132812
0.0048828125
-2.015625
-1.209960938
-1.787109375
-0.1677246094
-1.26953125
-1.034179688
-2.05078125
-1.061523438
-0.8627929688
0.9130859375
-0.2047119141
-0.6079101562
1.231445312
0.3513183594
-1.020507812
-0.9926757812
1.001953125
-0.6884765625
-0.09527587891
-0.3381347656
-0.294921875
-0.576171875
0.2651367188
0.4721679688
0.9443359375
0.2481689453
0.55859375
-1.66796875
-2.8125
0.4431152344
-1.938476562
-1.262695312
-1.141601562
0.015625
0.02983093262
-0.2058105469
-0.4016113281
-1.859375
-0.8452148438
0.05899047852
-0.009391784668
-0.8266601562
-2.333984375
-0.4614257812
2.83203125
1.17578125
-0.1572265625
-0.2440185547
0.908203125
1.23046875
-0.1520996094
1.98046875
-0.2763671875
-1.983398438
0.09790039062
-1.083984375
0.3935546875
-0.08117675781
0.4760742188
0.3898925781
1.045898438
-1.282226562
-0.1586914062
0.1079101562
0.98046875
-1.620117188
0.423828125
-0.2705078125
0.3911132812
-0.05828857422
0.7626953125
1.192382812
0.1994628906
0.3247070312
0.27734375
0.7543945312
2.279296875
-0.7192382812
0.8349609375
0.275390625
-0.04513549805
-0.05892944336
0.5805664062
1.081054688
1.108398438
-1.01171875
-0.4340820312
-0.7182617188
0.6923828125
0.2570800781
0.6220703125
-1.08984375
1.79296875
1.330078125
-0.5874023438
0.46484375
-0.4411621094
-0.04849243164
-1.170898438
-1.053710938
-0.06622314453
-1.138671875
0.003549575806
-3.205078125
0.1260986328
0.4523925781
0.3081054688
-1.709960938
-0.1800537109
0.4240722656
-1.65234375
-0.5185546875
0.4094238281
1.299804688
-0.9643554688
0.3361816406
0.9653320312
-0.2883300781
-0.1079101562
0.6684570312
0.7631835938
1.411132812
-2.099609375
-0.02459716797
-1.254882812
0.2927246094
-0.4560546875
0.3483886719
0.2624511719
-1.30859375
0.5278320312
-1.526367188
-1.1484375
1.887695312
-1.060546875
-0.5219726562
-0.6127929688
-0.4670410156
-0.4248046875
0.7158203125
0.4831542969
-0.3903808594
-0.9750976562
0.341796875
0.7412109375
1.545898438
0.5551757812
1.41796875
-0.501953125
0.84375
-1.54296875
2.130859375
0.2458496094
-1.708984375
0.615234375
-0.5424804688
-0.783203125
-0.3547363281
-0.05258178711
-0.1810302734
0.2283935547
0.07629394531
0.07598876953
0.453125
-1.124023438
1.48828125
1.6640625
-1.252929688
0.6796875
0.1108398438
-1.159179688
0.4250488281
-0.6674804688
0.2529296875
1.924804688
0.2819824219
0.3962402344
1.3984375
0.2294921875
-0.2924804688
0.7768554688
0.4187011719
-0.9697265625
0.3420410156
0.51171875
0.2956542969
1.389648438
-0.9311523438
0.7509765625
0.578125
-0.8359375
-0.8540039062
0.5068359375
-0.2614746094
-0.943359375
0.9858398438
0.658203125
-0.3337402344
-0.1892089844
1.228515625
0.1197509766
-0.1400146484
0.07751464844
-0.006870269775
-1.1796875
0.5361328125
0.3991699219
-0.2282714844
0.06130981445
-1.857421875
-1.466796875
-0.5419921875
-0.5668945312
-0.5200195312
0.7314453125
-1.3046875
0.5649414062
0.6489257812
-0.2902832031
-0.1938476562
0.06793212891
-1.575195312
-2.35546875
0.673828125
-1.037109375
-0.748046875
0.6928710938
0.07269287109
0.2927246094
-0.9453125
0.865234375
0.76953125
-0.5297851562
-2.34375
0.4982910156
-0.66796875
1.549804688
-0.5141601562
0.1331787109
-1.322265625
-1.775390625
0.2509765625
0.4367675781
0.4282226562
0.8813476562
1.155273438
-0.9287109375
1.544921875
0.6640625
-1.954101562
-0.1907958984
0.3432617188
0.4133300781
-0.3303222656
0.6044921875
-1.458007812
-0.451171875
-0.4567871094
1.169921875
2.234375
0.1104125977
-0.2678222656
0.1480712891
0.6870117188
-1.55859375
1.319335938
0.537109375
-0.5498046875
-0.607421875
-1.776367188
-0.1459960938
0.1596679688
-0.5341796875
1.0546875
-0.3449707031
-0.1622314453
0.5913085938
0.4548339844
0.9047851562
-0.3129882812
-0.2819824219
1.455078125
1.251953125
0.4497070312
-1.302734375
-0.1564941406
0.2375488281
0.72265625
0.2346191406
0.3527832031
0.4631347656
0.9819335938
1.51171875
0.904296875
-0.5825195312
-0.7373046875
0.08575439453
-0.8012695312
0.08648681641
-1.04296875
0.9541015625
0.6962890625
2.013671875
-0.02368164062
-0.3828125
1.75
-0.4709472656
0.6064453125
-1.717773438
-0.07897949219
-1.881835938
-1.64453125
1.486328125
0.3793945312
-0.3637695312
1.9375
0.9174804688
-0.3154296875
0.7221679688
-0.8642578125
-0.5288085938
-0.8383789062
0.2244873047
1.2578125
0.6840820312
-1.524414062
-0.05285644531
1.076171875
0.05944824219
0.002531051636
1.979492188
1.173828125
1.6171875
-1.3125
0.7705078125
-1.666992188
1.123046875
0.2612304688
-0.4782714844
-0.2758789062
1.1875
-0.4060058594
0.5473632812
-0.5991210938
-0.876953125
-0.2807617188
-1.525390625
-0.8505859375
-1.086914062
1.659179688
-2.28515625
-0.2307128906
-0.1416015625
0.7036132812
-0.7934570312
0.01509857178
-0.02565002441
-0.2895507812
0.5263671875
1.0859375
1.490234375
-0.3081054688
0.513671875
1.2109375
-1.079101562
-1.287109375
1.823242188
0.8579101562
1.180664062
-0.1569824219
-0.58203125
-0.5561523438
0.08605957031
-1.920898438
0.6635742188
-1.658203125
-0.5947265625
-1.79296875
1.666015625
1.631835938
0.3337402344
0.8125
-1.419921875
-0.7524414062
0.8588867188
0.7998046875
1.533203125
0.3896484375
-0.02102661133
0.68359375
0.06604003906
-0.501953125
-1.268554688
0.9033203125
-0.69140625
0.03833007812
1.162109375
-0.8046875
-0.006252288818
1.15234375
-1.294921875
-0.5170898438
1.538085938
0.7749023438
1.63671875
-0.1033935547
0.88671875
1.004882812
0.8427734375
0.1884765625
1.541015625
1.208984375
-1.337890625
0.6762695312
-0.01393127441
0.6484375
0.2915039062
0.9926757812
-1.043945312
0.6079101562
0.7358398438
0.5053710938
-0.6430664062
2.44921875
-1.083984375
1.201171875
-0.9995117188
-0.4538574219
-0.3098144531
-0.3454589844
1.56640625
1.282226562
0.1967773438
-0.02209472656
0.3908691406
-1.21875
-0.2556152344
-1.198242188
0.6240234375
0.5078125
0.3618164062
-0.6020507812
-0.4440917969
1.731445312
-1.178710938
-0.7504882812
1.047851562
-1.818359375
-0.01425933838
-0.2822265625
0.4514160156
1.334960938
0.2370605469
0.2565917969
-1.014648438
0.5639648438
-0.6469726562
-0.5610351562
-0.94921875
1.026367188
-1.07421875
-0.91796875
-0.7475585938
0.4038085938
2.68359375
-0.5415039062
0.609375
-0.2543945312
-0.82421875
0.5463867188
0.1611328125
0.548828125
-1.755859375
-0.2453613281
-1.131835938
2.25390625
0.3237304688
1.189453125
0.6982421875
0.007625579834
0.3088378906
-0.6635742188
-0.7143554688
-1.883789062
-0.775390625
2.0078125
0.1900634766
0.05355834961
-0.0387878418
0.3671875
-0.5834960938
1.146484375
-0.1008911133
-0.123840332
0.3833007812
-0.865234375
0.5908203125
-0.3483886719
-0.7543945312
-0.1097412109
0.5249023438
0.04043579102
-0.7373046875
-0.5434570312
-0.4897460938
0.724609375
0.5141601562
0.583984375
0.1749267578
0.9907226562
0.5161132812
-0.07269287109
-1.165039062
0.4125976562
-2.12890625
0.3200683594
-0.4943847656
1.5546875
1.043945312
2.025390625
-1.205078125
0.5004882812
2.466796875
0.6015625
-0.3640136719
-0.9428710938
1.455078125
0.5395507812
0.03369140625
-0.5922851562
0.9633789062
1.06640625
1.88671875
-1.846679688
0.6513671875
0.1090087891
-0.9326171875
0.3435058594
-0.4265136719
0.9643554688
-0.3315429688
0.5859375
0.703125
0.3212890625
0.5981445312
0.3178710938
0.2028808594
0.3703613281
-0.6313476562
0.66015625
0.8061523438
-1.176757812
-0.07067871094
-0.595703125
-0.7685546875
1.376953125
-0.01429748535
2.109375
1.388671875
-1.204101562
0.3161621094
1.734375
-0.3957519531
0.7451171875
0.2059326172
0.09289550781
-0.1765136719
-0.9306640625
0.04241943359
-2.31640625
0.05401611328
0.765625
-1.833007812
-0.3962402344
-0.8349609375
-1.520507812
-0.7514648438
-1.736328125
1.349609375
-1.219726562
-0.2209472656
0.3583984375
0.8564453125
1.131835938
-0.248046875
1.932617188
1.25
1.010742188
-1.044921875
0.470703125
-0.6928710938
0.2283935547
-1.227539062
-0.05712890625
0.9287109375
-0.9575195312
-2.0078125
1.633789062
0.533203125
-1.0078125
-2.455078125
-0.6713867188
0.1843261719
0.6704101562
-0.1832275391
-1.9765625
2.15625
-0.1625976562
-1.263671875
0.3063964844
0.3088378906
0.3117675781
2.029296875
-0.1586914062
-0.4289550781
-0.427734375
-0.8359375
-0.2043457031
0.271484375
-0.91796875
-2.154296875
-0.4772949219
-0.4501953125
-0.2236328125
0.2504882812
-0.5458984375
-1.807617188
1.220703125
-0.3044433594
1.3671875
0.5454101562
-0.3420410156
1.205078125
0.03295898438
-1.504882812
0.3989257812
-0.9716796875
0.2885742188
-1.15234375
0.9291992188
-1.708007812
0.1511230469
1.592773438
-1.846679688
-0.5517578125
0.2216796875
0.5141601562
-0.05932617188
-0.619140625
1.060546875
1.421875
1.38671875
1.251953125
-0.9028320312
-0.2293701172
1.166015625
-0.4985351562
-1.03125
-1.778320312
-1.491210938
1.750976562
0.1178588867
1.634765625
-0.1627197266
-0.1932373047
-2.033203125
-0.224609375
0.2739257812
1.474609375
-0.4562988281
0.5322265625
-0.2529296875
0.2734375
0.4545898438
-1.045898438
-0.884765625
0.595703125
1.70703125
-0.1110229492
1
0.2489013672
-0.6455078125
0.6118164062
0.8344726562
-1.8046875
-0.3811035156
-1.762695312
1.077148438
-0.603515625
0.4577636719
-0.537109375
-0.32421875
1.56640625
-0.203125
0.01612854004
-1.361328125
-1.186523438
0.8491210938
0.1519775391
0.9946289062
0.09454345703
-0.1474609375
0.2398681641
0.4396972656
1.184570312
0.4191894531
-0.2561035156
0.458984375
1.520507812
0.3850097656
0.04595947266
-0.1561279297
2.244140625
-1.907226562
-0.4885253906
0.1143188477
-1.706054688
0.541015625
-0.7104492188
0.4460449219
-0.5913085938
0.2644042969
0.04251098633
-0.8491210938
1.477539062
0.9755859375
-0.783203125
-1.0390625
0.7436523438
0.1204223633
-0.5966796875
-0.05981445312
-0.5849609375
0.3056640625
-1.337890625
2.546875
-0.4118652344
-1.497070312
-0.5244140625
-0.07269287109
1.920898438
0.5610351562
-1.520507812
0.69921875
-0.3208007812
1.17578125
-0.5893554688
-0.6733398438
2.408203125
1.887695312
1.705078125
-0.05905151367
-0.458984375
-1.861328125
0.62890625
-0.578125
0.5932617188
0.990234375
0.361328125
-1.604492188
0.7954101562
-0.341796875
0.1683349609
0.2834472656
-0.6997070312
0.10546875
0.77734375
-0.9047851562
0.2907714844
-1.009765625
0.1892089844
-1.446289062
-1.426757812
-0.5927734375
-0.1856689453
-0.09509277344
0.939453125
-1.64453125
-0.1056518555
-0.96484375
0.6274414062
1.200195312
0.5048828125
-0.1837158203
-2.279296875
-0.279296875
0.46875
1.225585938
0.06848144531
-0.4611816406
-0.2100830078
0.8637695312
-0.1485595703
0.623046875
-0.5854492188
-1.395507812
1.076171875
-0.02153015137
0.6284179688
-0.3801269531
0.3195800781
-0.466796875
-0.908203125
0.4733886719
-0.6025390625
-1.498046875
-0.4350585938
-1.743164062
-0.1849365234
-1.392578125
-0.007572174072
-0.4501953125
-1.08203125
-0.1555175781
-0.7846679688
1.391601562
-0.3828125
0.9365234375
1.315429688
-2.216796875
1.10546875
-0.494140625
-0.7534179688
1.22265625
-1.697265625
-0.6635742188
0.4792480469
2.201171875
0.2802734375
-0.03353881836
1.900390625
1.844726562
0.2595214844
-0.2790527344
1.390625
0.6186523438
1.111328125
0.0553894043
-0.6904296875
-0.008934020996
-0.517578125
0.9350585938
-0.1259765625
0.7104492188
-1.424804688
-0.5034179688
-1.458007812
-1.116210938
-0.6025390625
0.375
-0.8037109375
0.2907714844
-0.6220703125
0.8793945312
-0.517578125
0.2144775391
0.6186523438
-0.4934082031
-1.46875
2.634765625
-1.701171875
0.1047973633
-0.2543945312
-1
-0.1497802734
0.2209472656
-3.142578125
-0.7431640625
0.1052856445
1.01171875
0.6743164062
0.6484375
1.71875
-0.1967773438
0.9892578125
-0.8662109375
1.896484375
0.7294921875
0.09619140625
-0.7465820312
-0.63671875
-0.6015625
-1.809570312
0.2141113281
-0.4951171875
0.751953125
1.594726562
0.19921875
-0.705078125
0.05017089844
1.368164062
-0.2941894531
1.010742188
-2.5703125
1.223632812
1.401367188
-2.224609375
0.3481445312
0.3513183594
0.1378173828
-0.8764648438
0.9130859375
0.5991210938
2.060546875
-0.4946289062
-0.0598449707
1.383789062
-0.2438964844
-0.01823425293
-0.4411621094
0.7143554688
2.298828125
0.8422851562
0.3454589844
0.05242919922
0.365234375
0.2218017578
1.873046875
0.06143188477
0.4875488281
0.7084960938
1.240234375
0.419921875
-0.470703125
-1.305664062
-1.467773438
0.2058105469
0.267578125
-0.9184570312
1.250976562
0.2037353516
-1.584960938
0.375
0.578125
1.094726562
1.921875
-1.453125
-1.232421875
0.8544921875
-0.7348632812
-0.08813476562
-0.1668701172
0.51171875
-0.02862548828
-0.6293945312
0.3549804688
-0.3195800781
1.065429688
1.3828125
0.003322601318
-0.4887695312
-1.12890625
-0.2883300781
0.3098144531
0.6669921875
-0.3391113281
0.4780273438
1.751953125
0.1434326172
-0.5932617188
-1.017578125
1.16796875
-0.1700439453
0.7900390625
0.6479492188
-0.9624023438
0.1564941406
-0.1221313477
-2.484375
0.7338867188
-0.7983398438
-1.96484375
0.4719238281
-0.2751464844
0.7216796875
-0.2176513672
0.01387023926
-0.4008789062
-1.827148438
1.549804688
2.166015625
-0.51171875
-0.2351074219
-1.700195312
-0.04248046875
-1.686523438
-0.9462890625
-1.250976562
-0.2434082031
0.6567382812
0.5185546875
0.9663085938
0.7456054688
-0.8559570312
1.198242188
-0.05014038086
0.8525390625
0.6567382812
-0.10546875
1.7578125
0.1539306641
0.9780273438
-0.07263183594
0.9272460938
0.06799316406
-0.7768554688
0.57421875
-0.3654785156
-1.734375
0.8706054688
0.7680664062
-0.9741210938
-1.168945312
-0.5043945312
-1.987304688
1.775390625
0.4304199219
0.9282226562
0.9663085938
-0.8774414062
-0.4255371094
0.3149414062
1.2578125
0.705078125
0.7407226562
-1.306640625
0.7006835938
0.7661132812
0.9838867188
1.265625
-0.1759033203
-1.045898438
0.1163330078
0.5454101562
-2.0703125
0.30078125
-1.604492188
-1.608398438
0.2741699219
1.068359375
1.43359375
1.083984375
-0.71484375
-1.895507812
0.7495117188
1.522460938
-0.2232666016
-0.1134033203
-0.1099853516
-0.2429199219
-0.8779296875
-1.676757812
-0.2459716797
-0.5122070312
0.09796142578
-1.016601562
0.004669189453
0.7607421875
0.05718994141
1.88671875
-0.8681640625
-0.3698730469
-1.09375
0.3698730469
1.133789062
-1.271484375
0.4645996094
0.7734375
-0.2897949219
0.3420410156
0.56640625
-0.9624023438
1.291015625
0.8422851562
0.560546875
-1.633789062
0.1166381836
-0.23828125
0.6499023438
-0.01380157471
-1.278320312
1.733398438
0.7934570312
-0.2370605469
-0.9521484375
1.17578125
0.2758789062
0.4299316406
0.6069335938
0.5146484375
0.01039886475
0.7275390625
0.6323242188
-1.022460938
-0.5546875
-1.063476562
1.146484375
0.9887695312
-0.5732421875
-0.9047851562
-1.150390625
1.583984375
0.04360961914
-1.200195312
1.350585938
-1.663085938
-0.4309082031
2.052734375
-0.4665527344
1.372070312
-1.645507812
-1.919921875
0.1975097656
0.2147216797
0.7114257812
1.885742188
0.3117675781
1.817382812
0.6928710938
0.716796875
-0.1706542969
0.06646728516
1.494140625
1.435546875
1.053710938
0.7485351562
0.5551757812
0.5151367188
0.8383789062
-1.1640625
0.7690429688
-0.04788208008
0.4445800781
1.640625
-0.1688232422
0.3693847656
1.104492188
0.06964111328
0.25390625
1.876953125
-0.9370117188
1.022460938
-1.157226562
0.3481445312
1.91015625
-0.2275390625
-0.5712890625
-0.04568481445
0.1372070312
-0.03381347656
0.267578125
-1.126953125
0.7353515625
-0.3154296875
1.416015625
-0.6381835938
-0.2561035156
-0.0390625
0.8764648438
1.43359375
-0.556640625
0.2846679688
-0.3188476562
0.5288085938
0.5209960938
0.3889160156
-0.2109375
-1.946289062
-0.1712646484
1.083007812
0.1553955078
-2.634765625
1.079101562
0.2604980469
0.3464355469
-2.470703125
0.8037109375
-0.04495239258
1.676757812
-0.7651367188
-0.5283203125
-0.3186035156
-1.5
-0.654296875
0.6118164062
1.125976562
-0.4096679688
-0.3493652344
0.01473236084
0.8647460938
0.9155273438
-0.1989746094
1.182617188
-0.9912109375
0.1264648438
0.62890625
-0.1216430664
-0.2817382812
-2.1328125
0.0199432373
-1.380859375
1.25
0.4282226562
0.02561950684
-0.892578125
1.922851562
1.057617188
0.2719726562
0.03894042969
-2.126953125
-0.04614257812
0.2724609375
-0.9169921875
1.604492188
-3.109375
-0.1453857422
-0.291015625
-1.4296875
0.6098632812
-0.3571777344
0.1541748047
0.09008789062
0.8540039062
-1.181640625
-1.852539062
1.205078125
0.2171630859
1.020507812
-0.1512451172
1.109375
1.428710938
-0.6225585938
-0.2012939453
-1.310546875
0.2012939453
-0.546875
1.147460938
-0.8564453125
-0.1420898438
-1.577148438
-1.033203125
-0.7109375
0.2561035156
-1.063476562
0.5708007812
-0.294921875
-1.016601562
1.44140625
0.09661865234
-1.8828125
-0.9130859375
-1.005859375
1.014648438
-0.1467285156
0.2091064453
1.723632812
-0.2357177734
0.3957519531
-0.4379882812
-0.4650878906
-1.248046875
-0.5610351562
-0.3442382812
-1.145507812
-0.8134765625
-1.013671875
0.4814453125
0.9858398438
-0.8588867188
1.064453125
-0.9775390625
-0.06439208984
-0.8740234375
-0.65625
1.548828125
1.908203125
-0.08776855469
0.5727539062
-0.6704101562
-0.4177246094
0.4169921875
0.04354858398
1.28515625
0.7299804688
0.5649414062
-1.80859375
1.98046875
-0.2583007812
-0.4548339844
0.03048706055
0.3513183594
1.26953125
0.3645019531
-0.2834472656
-1.107421875
-0.5380859375
0.1108398438
0.7724609375
2.16015625
0.5561523438
0.05517578125
-0.705078125
1.0859375
-0.9916992188
0.68359375
-1.458984375
-2.0390625
0.763671875
-0.1911621094
-1.758789062
-1.528320312
0.2937011719
-0.8168945312
1.190429688
1.01171875
-0.8686523438
1.096679688
-0.2005615234
-0.3095703125
0.8657226562
-1.061523438
0.2436523438
-0.09826660156
1.2890625
1.043945312
0.1340332031
0.005146026611
-0.5634765625
-0.2719726562
1.55859375
0.68359375
1.08203125
-1.561523438
1.240234375
0.2379150391
-1.31640625
-0.5932617188
0.685546875
-1.162109375
-1.1484375
1.348632812
-1.155273438
0.4594726562
-0.5913085938
1.548828125
-0.919921875
-1.729492188
0.9321289062
-0.1129150391
0.09887695312
-0.05621337891
0.07580566406
0.1906738281
0.4287109375
0.9365234375
0.9208984375
-1.0546875
1.247070312
-1.294921875
1.76171875
-1.049804688
0.2766113281
1.216796875
0.1373291016
2.01953125
0.4262695312
-0.4389648438
1.374023438
-2.380859375
-0.3469238281
0.6904296875
-0.630859375
-1.021484375
0.962890625
-0.5107421875
-0.5859375
0.06768798828
-0.3137207031
2.3203125
0.1007080078
1.33203125
-0.06475830078
-0.4755859375
-0.8110351562
0.5078125
-1.014648438
0.3659667969
1.067382812
-0.2452392578
-0.1805419922
0.2445068359
0.7822265625
-2.49609375
-0.3771972656
0.9658203125
-0.5151367188
-1.2734375
0.1585693359
0.3278808594
-1.8125
0.236328125
-0.4338378906
-0.1228637695
-0.0888671875
0.5087890625
-0.3642578125
-2.005859375
-0.6362304688
-0.9682617188
-0.484375
0.7978515625
-0.9770507812
-0.5068359375
0.2687988281
1.485351562
-0.6103515625
-0.783203125
-0.6557617188
-0.1240844727
-1.963867188
2.0546875
1.381835938
-0.4028320312
1.436523438
0.4265136719
0.2536621094
0.7138671875
-1.276367188
-0.3823242188
1.703125
-1.203125
-1.215820312
-0.677734375
-0.1500244141
-0.6943359375
1.709960938
0.2717285156
-1.787109375
1.918945312
0.8569335938
-0.3225097656
-1.296875
1.037109375
0.4509277344
1.102539062
0.9077148438
-0.4516601562
-0.9462890625
0.01933288574
0.3732910156
0.826171875
-1.025390625
-0.1060180664
-0.9375
-0.3586425781
0.6708984375
0.49609375
0.1389160156
-0.8310546875
0.3056640625
-0.580078125
-1.162109375
0.580078125
0.1713867188
0.0505065918
-0.1155395508
0.4580078125
-1.993164062
0.2902832031
-0.865234375
0.08489990234
-1.618164062
-1.051757812
-0.65625
1.139648438
0.98828125
-0.9638671875
0.2448730469
0.9028320312
2.015625
0.4624023438
-2.25390625
-1.129882812
1.124023438
-2.169921875
-0.5590820312
-1.215820312
1.49609375
-0.4975585938
0.1378173828
-0.3994140625
-1.233398438
-1.521484375
-0.08825683594
-1.927734375
-0.6840820312
0.9291992188
-0.1248168945
-0.2668457031
0.1345214844
0.5200195312
1.134765625
0.3037109375
-0.1333007812
-0.2646484375
-0.0001394748688
0.6098632812
0.3696289062
0.2126464844
2.16015625
-0.5522460938
0.3901367188
2.076171875
0.7465820312
-0.615234375
0.6821289062
-1.379882812
-1.896484375
-0.8232421875
-0.8154296875
0.2161865234
-2.5
0.8720703125
-1.21875
1.228515625
1.325195312
-0.71484375
0.2423095703
-0.4890136719
0.4909667969
1.450195312
0.5415039062
1.247070312
-0.7133789062
-1.3515625
0.9301757812
-0.822265625
-0.779296875
-0.2778320312
-1.850585938
1.560546875
0.03448486328
0.9404296875
0.7841796875
0.4047851562
-0.4094238281
0.4128417969
-0.5283203125
-0.4489746094
-0.2199707031
0.4116210938
-0.09497070312
0.03713989258
0.4465332031
-1.3671875
0.5922851562
0.09173583984
0.9916992188
1.321289062
0.1693115234
-0.1414794922
-0.04400634766
1.249023438
-1.099609375
0.2858886719
-0.4672851562
1.0625
1.604492188
-1.133789062
0.2644042969
1.56640625
-0.6508789062
-1
-0.79296875
-0.5151367188
-1.733398438
0.330078125
0.5073242188
1.215820312
-1.255859375
-0.2961425781
-0.1034545898
0.02719116211
0.5639648438
-1.8515625
1.625
0.3488769531
0.3913574219
-0.7685546875
-0.7749023438
-0.1723632812
0.3120117188
0.7827148438
-0.4621582031
-2.2265625
1.0703125
-1.921875
-0.2634277344
-0.1182250977
-0.3012695312
-0.7353515625
-0.583984375
-0.6372070312
-1.192382812
-0.09899902344
-0.4782714844
1.256835938
-0.3195800781
0.4291992188
-1.208007812
0.3989257812
-1.603515625
-0.3840332031
-0.787109375
0.2353515625
-1.01953125
-0.07366943359
-0.1212768555
1.151367188
-1.865234375
1.022460938
-0.3664550781
0.1538085938
1.70703125
0.4892578125
1.293945312
0.2022705078
-1.206054688
-2.5859375
-1.021484375
0.003177642822
-1.561523438
-1.943359375
0.4262695312
-2.005859375
0.8012695312
0.2639160156
0.1113891602
0.8676757812
-1.681640625
-0.08044433594
0.8251953125
-2.357421875
-0.2062988281
0.8344726562
0.1899414062
-1.698242188
-0.9150390625
0.0142288208
-0.5927734375
-0.5439453125
0.2568359375
1.627929688
0.599609375
-2.388671875
-0.3950195312
0.2624511719
-0.646484375
-1.166992188
-0.5083007812
1.958007812
-0.2541503906
-2.056640625
0.5859375
-0.68359375
-1.958984375
0.310546875
-0.2482910156
1.87890625
0.5043945312
-0.09802246094
-0.06161499023
1.548828125
-1.528320312
-0.4521484375
-0.3371582031
0.6064453125
0.007278442383
-0.703125
-1.076171875
-0.6538085938
-0.5302734375
0.3391113281
0.5727539062
-0.2165527344
-1.205078125
-2.291015625
0.05868530273
0.3793945312
1.465820312
0.4516601562
0.947265625
1.051757812
0.8168945312
0.7783203125
-0.4638671875
-0.04336547852
-0.1970214844
-0.36328125
0.9467773438
-0.2447509766
1.516601562
-0.2744140625
-0.2486572266
-1.8125
-0.03704833984
-1.065429688
1.173828125
-0.7495117188
-2.546875
-0.3098144531
-0.2546386719
-1.443359375
-0.9516601562
-0.0451965332
0.7509765625
0.4243164062
-0.4404296875
0.7451171875
2.353515625
0.5053710938
0.8315429688
0.2956542969
-0.443359375
0.4306640625
0.6030273438
-0.8276367188
0.3286132812
1.56640625
0.3588867188
0.06076049805
-0.5815429688
-0.4831542969
-0.6743164062
0.4350585938
0.4826660156
0.830078125
-0.08251953125
-0.07116699219
1.283203125
-0.2565917969
-0.08923339844
0.7919921875
0.2724609375
0.009063720703
-0.6840820312
0.5102539062
0.3461914062
0.6279296875
0.9145507812
0.5815429688
-0.0451965332
1.633789062
0.1177978516
1.559570312
0.8271484375
-1.1484375
-2.283203125
-1.013671875
0.1945800781
0.357421875
-0.5219726562
0.9853515625
1.037109375
-1.462890625
-0.6479492188
-0.2700195312
-1.288085938
-0.9155273438
2.26953125
0.6733398438
-0.3017578125
-0.007617950439
1.126953125
-0.1231689453
-0.2954101562
1.415039062
-0.4145507812
-1.057617188
0.6044921875
0.80859375
-0.140625
1.258789062
-0.1162109375
0.5087890625
-0.5595703125
0.49609375
0.6264648438
0.8017578125
-0.6733398438
-0.1475830078
-1.232421875
-0.7275390625
-0.04913330078
-0.4594726562
-0.07482910156
-0.3720703125
-0.7524414062
0.3940429688
1.28125
2.111328125
0.7915039062
0.5922851562
0.5883789062
0.1061401367
1.017578125
-0.4165039062
-0.9599609375
-1.931640625
0.2097167969
0.08514404297
2.11328125
-1.024414062
-0.4384765625
-2.7421875
-0.3596191406
-0.9580078125
-0.25390625
-1.141601562
-0.2763671875
-0.609375
0.79296875
1.62890625
-0.7001953125
1.440429688
-1.573242188
-0.556640625
0.9448242188
0.3527832031
0.818359375
-0.962890625
0.6811523438
0.4616699219
-0.1623535156
-0.6376953125
-1.93359375
-1.868164062
0.6791992188
-0.2276611328
0.04888916016
-0.5971679688
-0.4860839844
-0.07415771484
-0.5971679688
-0.5043945312
-1.477539062
-1.334960938
0.2548828125
-0.9306640625
0.2286376953
-1.713867188
1.771484375
0.01071166992
-1.022460938
-1.4453125
0.2319335938
-0.1665039062
0.1888427734
-1.024414062
0.962890625
0.9741210938
-0.7578125
0.6850585938
-0.595703125
-1.361328125
-0.7143554688
0.8618164062
0.5639648438
0.8154296875
0.2998046875
1.483398438
0.2252197266
0.1680908203
-0.294921875
0.1798095703
-1.043945312
0.208984375
2.578125
-0.07550048828
2.44921875
-0.2292480469
-1.15625
-1.03515625
0.3266601562
0.705078125
-1.213867188
-1.219726562
0.4050292969
-0.205078125
0.533203125
2.603515625
1.26953125
0.4924316406
0.3259277344
-0.6538085938
0.3681640625
-0.2243652344
0.2196044922
-1.697265625
-0.4409179688
1.647460938
-0.58203125
-1.537109375
0.4255371094
-0.666015625
0.73828125
-0.8959960938
0.3591308594
-1.1953125
0.01881408691
2.23828125
0.5092773438
-1.758789062
-0.693359375
1.681640625
-0.3049316406
-0.2082519531
0.2154541016
-0.9223632812
0.8090820312
0.3232421875
0.05453491211
0.1273193359
1.006835938
-0.3720703125
0.3322753906
-0.2595214844
0.6508789062
-0.7377929688
-0.4528808594
0.4165039062
0.3850097656
0.3874511719
1.125
-0.8100585938
-0.1070556641
-3.2109375
-0.8442382812
-1.395507812
0.4340820312
0.7265625
-0.2170410156
-0.2384033203
-0.5766601562
1.682617188
-0.8740234375
1.033203125
1.130859375
0.04556274414
-1.428710938
0.3784179688
-0.734375
0.9169921875
1.36328125
0.2255859375
0.3239746094
-1.458007812
-0.7353515625
-0.8623046875
-0.8920898438
0.3610839844
-0.3247070312
-0.7973632812
-0.404296875
0.5966796875
0.3642578125
0.94140625
1.817382812
0.748046875
-0.7700195312
1.594726562
-0.9946289062
-0.1968994141
1.251953125
-0.1213989258
-0.1378173828
-1.356445312
-0.2924804688
0.8979492188
-0.4169921875
-1.513671875
-0.2802734375
-1.819335938
-0.7475585938
-2.39453125
0.5200195312
-0.1268310547
0.3630371094
1.5078125
1.598632812
-0.13671875
-0.8115234375
-0.007843017578
-0.8154296875
0.8037109375
-0.2529296875
1.30859375
-0.7592773438
-1.08984375
-1.206054688
-1.232421875
-0.9638671875
1.545898438
-2.44921875
0.70703125
-0.6416015625
-0.1123657227
-1.349609375
-1.274414062
-1.404296875
-0.1466064453
0.4838867188
1.571289062
1.017578125
1.198242188
-0.5668945312
1.649414062
0.2257080078
0.123046875
-2.111328125
-0.970703125
-1.373046875
-0.861328125
-0.5654296875
0.900390625
-2.453125
1.163085938
0.3776855469
-1.072265625
0.638671875
0.1915283203
0.779296875
0.08032226562
-0.9755859375
-0.8432617188
0.8403320312
-0.4743652344
-0.4135742188
-0.7998046875
-0.4599609375
0.599609375
0.8823242188
0.5205078125
0.1102905273
-0.07061767578
0.9389648438
-0.4016113281
0.1893310547
-0.7348632812
-0.4770507812
-0.7109375
-2.087890625
0.3591308594
-0.7241210938
1.107421875
1.387695312
-0.7109375
1.524414062
0.3337402344
0.2058105469
0.2844238281
-0.3305664062
0.607421875
0.006809234619
1.169921875
-0.8447265625
-0.2373046875
-0.220703125
-0.2770996094
0.3647460938
-0.3330078125
0.05221557617
0.6967773438
-0.6552734375
1.098632812
-0.9086914062
-0.9135742188
-0.3310546875
0.4672851562
0.6430664062
0.6743164062
0.2199707031
0.9184570312
0.04794311523
1.012695312
0.8334960938
-0.5185546875
0.9248046875
0.4816894531
-1.249023438
1.635742188
0.1463623047
0.8784179688
-1.028320312
0.4384765625
0.79296875
1.333984375
-0.06915283203
0.6596679688
0.7202148438
0.3295898438
0.537109375
0.4045410156
-0.1128540039
1.064453125
1.069335938
-0.5317382812
0.2839355469
0.51953125
-2.421875
-0.3991699219
-1.532226562
-0.1203613281
-1.46875
-1.399414062
0.9111328125
-0.4050292969
0.9482421875
0.09020996094
0.89453125
-0.9379882812
0.6713867188
0.4033203125
0.81640625
1.084960938
-0.1032714844
1.399414062
0.3386230469
-0.6879882812
-0.1641845703
0.3840332031
1.116210938
0.06982421875
-1.131835938
0.2983398438
0.08526611328
0.72265625
0.55078125
-1.870117188
0.1185913086
0.240234375
-0.3146972656
1.778320312
-0.09393310547
-0.09033203125
-1.440429688
-0.994140625
-0.494140625
-0.5908203125
0.1267089844
-1.2578125
0.9228515625
-1.012695312
-0.458984375
0.2464599609
1.056640625
-0.2237548828
-0.3449707031
-1.954101562
0.380859375
-0.2258300781
0.837890625
-1.899414062
-0.1260986328
1.483398438
0.9794921875
-0.4729003906
0.2751464844
0.4619140625
0.4572753906
0.3454589844
0.9741210938
0.1849365234
-0.1040649414
2.48828125
-0.2216796875
0.8212890625
-1.494140625
1.01171875
-0.8466796875
0.3618164062
-1.19921875
1.645507812
1.735351562
0.7358398438
-0.63671875
-0.1910400391
1.42578125
0.3579101562
0.1479492188
-0.1143188477
-1.383789062
-0.572265625
-0.9741210938
-0.8076171875
-0.02757263184
1.291992188
-0.3879394531
1.163085938
-0.7436523438
1.173828125
-0.6030273438
-0.2360839844
-1.420898438
-0.1833496094
-1.41796875
1.040039062
-0.587890625
1.26953125
-2.13671875
1.829101562
-0.9262695312
-0.2021484375
1.186523438
0.7368164062
-0.8676757812
1.151367188
0.8950195312
0.7651367188
0.6005859375
-0.9721679688
0.642578125
0.4611816406
-1.234375
1.609375
1.462890625
1.517578125
1.19921875
-1.247070312
-0.9243164062
-0.3767089844
-0.841796875
0.2685546875
2.873046875
0.966796875
-0.5302734375
-0.6450195312
0.1246337891
-1.56640625
1.22265625
-0.6030273438
-0.3876953125
-0.6850585938
0.9702148438
0.3876953125
-0.2144775391
1.024414062
0.712890625
1.0234375
0.6977539062
0.2951660156
0.02919006348
-0.1307373047
1.28125
-0.002326965332
1.514648438
-0.3020019531
2.767578125
-0.455078125
-1.181640625
-1.442382812
-1.159179688
0.5991210938
-1.764648438
-1.11328125
0.98046875
-0.7612304688
0.892578125
1.942382812
-0.4650878906
-1.318359375
1.142578125
1.897460938
-0.1248168945
-0.07366943359
0.5625
0.2188720703
-0.1737060547
-1.236328125
-0.9975585938
-1.399414062
0.3884277344
0.9497070312
-0.01332092285
0.3115234375
0.2861328125
-0.6606445312
-1.104492188
1.711914062
-0.521484375
0.1094360352
0.6293945312
0.6552734375
0.5678710938
-1.09375
0.5834960938
0.1434326172
-0.9111328125
0.8422851562
1.48828125
-0.63671875
-0.625
-0.8500976562
0.6147460938
-1.991210938
-0.982421875
0.3193359375
-0.4782714844
1.151367188
-0.3186035156
1.15234375
-0.6791992188
-1.1796875
-0.9677734375
2.119140625
-0.2224121094
-0.5463867188
0.931640625
-0.5791015625
0.9272460938
0.06939697266
1.979492188
1.461914062
-2.251953125
1.1875
0.8315429688
0.1046142578
-0.3505859375
-1.444335938
-1.776367188
0.4558105469
0.4291992188
1.017578125
0.5068359375
-0.9013671875
-0.07354736328
0.2980957031
0.4162597656
-1.247070312
-0.9780273438
1.502929688
0.2861328125
0.2546386719
1.133789062
-0.4018554688
-0.8037109375
-1.130859375
-0.2697753906
-0.8989257812
-0.2149658203
0.8823242188
0.7172851562
0.3935546875
-0.2479248047
0.02920532227
0.6899414062
-0.5874023438
1.064453125
-0.1682128906
0.05325317383
1.46875
0.1857910156
0.572265625
-0.162109375
-0.625
-1.09765625
2.03515625
-0.8247070312
-0.3332519531
1.331054688
-0.3903808594
1.736328125
-1.743164062
-0.4545898438
-0.2205810547
0.3737792969
-1.47265625
-2.0390625
0.05517578125
2.318359375
-1.413085938
-0.6948242188
-0.7387695312
1.4140625
-0.3374023438
-1.510742188
-2.025390625
1.344726562
-1.704101562
-0.2387695312
-1.629882812
0.2048339844
2.50390625
-0.6049804688
0.2573242188
1.379882812
-0.6420898438
-0.05612182617
-0.5668945312
-0.4812011719
0.2381591797
-1.063476562
0.7573242188
0.78515625
-1.6953125
-0.02171325684
0.7211914062
0.8764648438
0.7026367188
0.1604003906
-0.02105712891
-0.9809570312
1.158203125
-0.03759765625
-1.389648438
-0.37109375
-1.115234375
-1.114257812
0.5864257812
-0.2922363281
-0.8486328125
0.6674804688
-0.583984375
0.4936523438
-0.8623046875
-0.9487304688
0.982421875
-0.007404327393
1.387695312
0.02099609375
0.0001659393311
-0.4396972656
0.6733398438
-0.927734375
0.5288085938
0.6000976562
-2.34765625
-1.081054688
-1.498046875
0.158203125
0.1661376953
2.40234375
0.8217773438
-0.6484375
-0.2322998047
-1.224609375
0.7583007812
0.6547851562
-0.83984375
0.7475585938
1.2890625
0.4411621094
0.5649414062
0.4877929688
0.7475585938
1.274414062
0.02813720703
-0.8422851562
0.3039550781
0.904296875
0.525390625
0.9462890625
0.2200927734
-0.2171630859
-0.09008789062
0.4829101562
-0.8920898438
-0.2391357422
-0.5263671875
0.943359375
-0.8408203125
0.1910400391
-0.6796875
0.004661560059
0.822265625
-0.9038085938
0.2944335938
-2.546875
0.4431152344
0.62109375
1.561523438
-0.6313476562
-0.1793212891
0.7763671875
0.3120117188
0.8876953125
0.5126953125
-1.443359375
0.2006835938
0.9399414062
0.2866210938
0.8510742188
-0.6025390625
0.6845703125
0.4670410156
0.5751953125
2.95703125
-0.9287109375
-0.2409667969
-0.08795166016
-1.372070312
-1.94140625
-1.138671875
0.7768554688
0.04821777344
1.833007812
1.016601562
-0.4599609375
-2.00390625
-1.486328125
0.07104492188
0.5434570312
0.7231445312
1.53125
0.8334960938
-1.06640625
-0.01495361328
0.2083740234
-0.9702148438
1.421875
-0.2709960938
1.393554688
-0.2016601562
-0.1702880859
0.1724853516
1.393554688
0.806640625
0.7182617188
0.3571777344
-0.6845703125
1.161132812
1.125
0.08520507812
0.9150390625
1.54296875
0.9189453125
0.04885864258
-0.4943847656
0.7241210938
-0.517578125
-0.994140625
1.2890625
0.5678710938
-1.338867188
-1.692382812
-1.02734375
0.2436523438
-0.5717773438
0.2976074219
-1.948242188
-1.2265625
0.7036132812
-0.6772460938
1.06640625
-0.8403320312
0.1181640625
0.8916015625
1.197265625
-0.2368164062
0.4851074219
-0.6401367188
-1.08203125
-2.134765625
-0.1401367188
-0.05795288086
-1.59765625
0.6782226562
-1.002929688
0.06945800781
0.9028320312
-1.69140625
-0.1488037109
-0.7397460938
-0.3156738281
0.73046875
-0.5712890625
0.6108398438
0.5473632812
-0.14453125
-0.9658203125
-0.7329101562
0.3596191406
0.3129882812
0.3090820312
0.4963378906
0.2033691406
0.2119140625
1.14453125
0.2661132812
1.639648438
1.485351562
0.2365722656
2.25
0.3510742188
-0.2609863281
-0.2224121094
0.3859863281
0.7622070312
0.6030273438
0.3544921875
-0.5415039062
-1.0234375
-0.1459960938
-0.6030273438
0.1350097656
-0.9262695312
-0.2814941406
0.4299316406
2.15234375
-1.153320312
-1.517578125
0.8071289062
0.1639404297
-0.4194335938
0.2717285156
-1.760742188
-1.491210938
-0.5712890625
0.642578125
1.233398438
-2.341796875
0.3625488281
1.766601562
0.7270507812
0.04382324219
0.9008789062
0.1760253906
0.5654296875
0.08654785156
0.2492675781
-0.837890625
1.739257812
-0.275390625
1.655273438
1.901367188
0.93359375
-0.1958007812
0.2707519531
-0.1041870117
-0.8276367188
-1.126953125
-0.1910400391
1.318359375
0.6645507812
-1.389648438
1.013671875
-0.2004394531
1.428710938
0.4755859375
1.76953125
0.9282226562
-0.4274902344
-0.6484375
-0.771484375
1.078125
0.8989257812
-1.216796875
0.9985351562
-1.590820312
-0.6479492188
-1.216796875
-0.04846191406
1.266601562
-1.909179688
0.552734375
1.806640625
-0.6547851562
-1.30078125
-1.70703125
1.247070312
-0.4990234375
0.3891601562
0.2185058594
-0.007404327393
0.4377441406
-0.607421875
0.1395263672
-0.7631835938
-0.1569824219
0.8427734375
-1.483398438
1.432617188
-0.3100585938
0.9008789062
0.4174804688
-1.278320312
1.5
-0.1794433594
-1.510742188
0.248046875
0.1783447266
0.1093139648
-0.6821289062
0.6557617188
0.2961425781
0.1146850586
-1.473632812
0.5102539062
-0.697265625
0.1154174805
0.00193977356
-1.030273438
0.5883789062
-0.333984375
1.1953125
-0.2340087891
0.2658691406
-0.78125
0.5649414062
-0.578125
1.579101562
0.3129882812
0.6801757812
-0.01100158691
-0.03286743164
-0.666015625
-1.59765625
1.327148438
1.420898438
-1.611328125
0.04568481445
-1.547851562
-0.5966796875
0.5336914062
-0.05075073242
0.6079101562
-0.7797851562
0.1953125
0.7666015625
0.5590820312
1.216796875
-0.3388671875
1.201171875
3.1171875
0.2274169922
-0.1728515625
-2.00390625
-0.7236328125
-0.9931640625
0.1916503906
-0.4838867188
0.2407226562
0.3759765625
0.6201171875
-0.8662109375
0.6958007812
0.1624755859
-0.1665039062
-1.112304688
-0.04522705078
-1.974609375
-0.1168823242
-1.032226562
0.2895507812
0.4565429688
-0.04504394531
2.447265625
-0.4038085938
0.1818847656
-0.7612304688
0.2390136719
-0.01561737061
-0.4079589844
0.4243164062
-1.4921875
-1.749023438
0.5234375
0.3962402344
1.283203125
-1.240234375
1.403320312
-0.1423339844
-1.8203125
0.3151855469
0.2457275391
0.5244140625
0.3129882812
1.794921875
-0.1958007812
-0.9760742188
-1.149414062
0.5678710938
-0.1976318359
-0.04553222656
-1.697265625
-0.4306640625
0.9287109375
-0.6567382812
0.7001953125
0.2418212891
0.03047180176
-2.162109375
-1.358398438
1.4921875
0.4294433594
1.138671875
-0.1236572266
-0.6171875
-1.500976562
0.892578125
-0.5629882812
-0.2727050781
0.6411132812
1.073242188
0.3879394531
0.1206665039
1.484375
-0.6005859375
-0.8095703125
2.310546875
-0.3562011719
-2.3984375
-1.20703125
-2.099609375
-1.243164062
1.465820312
-0.2666015625
-0.2631835938
0.93359375
-1.431640625
0.787109375
-0.2266845703
-0.004634857178
-0.3005371094
0.2839355469
0.8266601562
0.5620117188
-0.6396484375
0.3037109375
1.083984375
0.1870117188
-0.7387695312
-0.736328125
-1.150390625
1.559570312
-1.202148438
1.037109375
-0.8803710938
0.002513885498
0.3352050781
-1.16796875
0.6713867188
-1.770507812
-1.044921875
-0.4265136719
2.51953125
-1.033203125
-0.9682617188
0.03546142578
-0.4890136719
0.6245117188
-1.477539062
-1.232421875
2.0390625
0.7724609375
0.3442382812
0.3876953125
0.4372558594
1.0625
-0.5512695312
-0.8168945312
0.2583007812
-0.4638671875
-0.1591796875
-0.4404296875
-1.330078125
0.01898193359
0.07995605469
1.486328125
0.4965820312
0.2322998047
-0.3374023438
0.5556640625
-0.7099609375
0.8862304688
-0.07348632812
-0.4370117188
0.9375
0.59765625
0.2132568359
0.55078125
0.9916992188
-0.2639160156
-0.95703125
1.443359375
0.8061523438
0.06329345703
1.043945312
-1.147460938
0.1990966797
1.358398438
1.380859375
0.2479248047
-1.211914062
1.131835938
-0.1821289062
-1.779296875
-0.9609375
-0.3884277344
-0.7661132812
2.08203125
-0.998046875
0.4428710938
-0.4370117188
-0.8212890625
0.8823242188
0.4892578125
-2.794921875
-0.6254882812
-0.2352294922
-0.1807861328
0.3410644531
0.2164306641
0.34765625
1.962890625
1.0703125
1.900390625
-0.04214477539
-0.931640625
1.017578125
0.3698730469
1.234375
0.5219726562
-0.2570800781
-1.389648438
-0.6318359375
0.7421875
1.551757812
-0.1783447266
0.7124023438
1.028320312
-0.37890625
0.4558105469
0.3249511719
-0.06427001953
0.06640625
-1.465820312
-0.8081054688
0.01754760742
0.1486816406
1.19140625
-0.6796875
1.0234375
0.8618164062
-0.2783203125
1.633789062
-2.03515625
-2.203125
1.219726562
-0.30859375
1.758789062
0.5380859375
2.869140625
-0.5532226562
0.9418945312
1.043945312
0.5014648438
0.7377929688
1.12109375
-0.4978027344
0.4931640625
0.4396972656
-0.7836914062
0.1638183594
1.5078125
1.236328125
2.115234375
-0.986328125
-0.62890625
-0.3901367188
-0.1011962891
0.4719238281
-0.830078125
0.1993408203
1.672851562
1.205078125
-0.4616699219
-0.5952148438
-0.1905517578
-0.5791015625
-0.4406738281
-0.7119140625
0.3076171875
0.4794921875
-1.060546875
-0.9482421875
0.82421875
-1.592773438
-0.04437255859
0.03802490234
0.2744140625
-1.408203125
0.8012695312
-0.3364257812
0.8393554688
0.8916015625
0.2966308594
0.3557128906
-1.037109375
0.296875
-2.08203125
-1.55859375
1.303710938
-0.1693115234
-0.515625
1.0546875
0.6372070312
0.2175292969
1.70703125
0.3747558594
-0.7734375
-0.3859863281
0.2736816406
0.2144775391
1.120117188
0.3786621094
1.745117188
-1.57421875
-0.7612304688
-1.141601562
-0.6704101562
-0.4138183594
-0.3073730469
1.359375
1.448242188
-1.825195312
-0.7182617188
-0.3474121094
0.4924316406
-1.336914062
-0.9262695312
-0.8115234375
-0.1090087891
-0.9262695312
0.857421875
-0.5327148438
-0.1260986328
0.001521110535
0.37109375
0.4670410156
0.591796875
-0.8486328125
-0.7119140625
-0.2478027344
0.263671875
-0.06921386719
-0.01451873779
0.1207885742
2.28125
0.533203125
1.228515625
0.1363525391
0.4499511719
0.384765625
-0.763671875
1.044921875
-0.7651367188
-1.307617188
-1.109375
-0.8852539062
-0.03662109375
-0.5595703125
-0.3996582031
0.8745117188
0.9350585938
1.48046875
0.3920898438
-1.31640625
0.07165527344
-1.06640625
0.4682617188
-2.197265625
-0.5493164062
0.1048583984
0.9775390625
-0.9365234375
-1.154296875
-0.8017578125
-1.98046875
1.107421875
-0.5327148438
0.16015625
0.5810546875
0.8041992188
-0.1904296875
2.125
-0.8911132812
0.3994140625
-0.7802734375
0.8334960938
0.9306640625
0.3537597656
0.24609375
0.79296875
-1.705078125
-1.111328125
0.6318359375
-2.046875
1.071289062
0.4921875
0.1844482422
0.9741210938
0.1397705078
0.2719726562
-0.09631347656
1.131835938
2.095703125
-2.357421875
0.004119873047
1.94140625
0.775390625
-0.5053710938
1.538085938
1.147460938
-0.8901367188
-0.6162109375
0.3513183594
-0.2644042969
-0.1496582031
-0.008964538574
-0.7963867188
-1.512695312
0.3403320312
-1.080078125
-2.30078125
-1.197265625
-0.876953125
-1.263671875
-1.341796875
-0.5825195312
-1.732421875
0.1311035156
-0.669921875
2.1015625
-0.431640625
0.7490234375
-0.3747558594
0.533203125
-1.258789062
-1.389648438
0.6728515625
1.870117188
1.05859375
0.5087890625
1.77734375
-0.4465332031
-0.0135269165
-1.012695312
0.8251953125
0.1297607422
1.670898438
-1.41015625
-0.5068359375
0.1311035156
-0.04098510742
-0.4138183594
-1.004882812
0.1384277344
-0.3566894531
0.05673217773
-1.357421875
0.443359375
1.80078125
-0.9541015625
0.568359375
-1.841796875
-0.03179931641
-1.211914062
-0.1385498047
-0.28515625
1.364257812
0.6889648438
-1.284179688
-2
0.5517578125
-0.1932373047
-3.951171875
0.5004882812
-0.1217651367
0.003128051758
-1.659179688
0.4204101562
0.5546875
0.2817382812
-1.881835938
0.7563476562
-0.4157714844
-0.05514526367
-0.5737304688
2.025390625
-0.9931640625
0.2512207031
-1.447265625
-0.6630859375
0.2956542969
-1.094726562
0.2152099609
2.224609375
-0.001326560974
-1.807617188
0.2274169922
1.071289062
0.1011352539
-0.5639648438
0.462890625
1.252929688
0.8154296875
2.58203125
-0.2985839844
-0.3881835938
-1.326171875
-1.36328125
-1.15625
-0.6430664062
-1.513671875
0.3200683594
1.729492188
1.588867188
-0.126953125
0.3090820312
0.1909179688
-0.03729248047
0.08734130859
0.3813476562
1.015625
-0.5361328125
-0.7451171875
0.16796875
0.4094238281
0.8500976562
-0.9208984375
-0.3669433594
1.348632812
-0.5737304688
1.389648438
0.5737304688
1.020507812
-1.072265625
1
-0.1099853516
-1.622070312
-1.13671875
0.4333496094
1.41796875
2.0859375
0.7670898438
0.1213378906
-2.328125
0.03118896484
0.9565429688
0.1220092773
0.2115478516
-1.147460938
0.5209960938
-0.6669921875
-0.9697265625
0.2749023438
1.672851562
0.9521484375
-0.2824707031
-0.3903808594
-0.02955627441
-0.03915405273
0.4831542969
-0.3735351562
0.106262207
1.552734375
-0.81640625
1.149414062
1.583007812
-1.014648438
0.3940429688
0.1173706055
1.1015625
0.55859375
1.405273438
-0.4213867188
-1.1328125
0.88671875
-1.168945312
-0.4243164062
-0.4228515625
0.5024414062
0.89453125
-1.697265625
0.7963867188
-0.02864074707
1.092773438
-0.845703125
0.05615234375
0.4445800781
-0.7377929688
0.4858398438
-0.2890625
0.1806640625
0.2194824219
0.6728515625
0.38671875
-0.2941894531
-1.543945312
0.5336914062
-0.4296875
-0.1652832031
-0.7045898438
0.9057617188
1.368164062
1.685546875
0.1287841797
1.361328125
0.916015625
-0.1512451172
0.2922363281
0.9970703125
-0.6953125
-0.04531860352
-0.4460449219
-0.9047851562
-0.7880859375
-0.873046875
-0.6372070312
1.051757812
0.1715087891
0.1100463867
0.07678222656
-0.08508300781
2.587890625
-0.2800292969
-1.627929688
-1.49609375
1.473632812
1.0625
-0.689453125
-0.6435546875
1.245117188
1.842773438
-1.072265625
-0.9965820312
0.353515625
-1.735351562
-2.326171875
0.4323730469
-0.4763183594
-0.02992248535
0.2322998047
-0.9184570312
-0.4318847656
-0.02984619141
0.07855224609
1.036132812
0.9755859375
-0.474609375
-0.4770507812
1.774414062
-1.323242188
-0.9497070312
0.58203125
-0.146484375
-1.484375
-1.495117188
-1.7734375
-0.7314453125
0.4416503906
-0.7309570312
-0.2485351562
-1.146484375
0.7626953125
0.744140625
1.796875
-0.5078125
-1.409179688
-0.7373046875
0.5551757812
0.9213867188
0.08258056641
-0.2083740234
1.248046875
-0.4304199219
-0.1900634766
0.06204223633
-1.014648438
1.392578125
0.8408203125
-1.470703125
0.4533691406
0.4294433594
-1.7265625
0.1345214844
-0.6142578125
0.1096801758
2.451171875
0.07775878906
-0.3120117188
-1.060546875
0.1478271484
-2.4140625
1.758789062
-0.220703125
-0.9135742188
0.1673583984
1.37890625
-0.008850097656
0.7504882812
-0.6723632812
0.5219726562
-0.5146484375
0.19140625
2.091796875
-0.99609375
-0.44140625
0.6713867188
-0.7016601562
1.403320312
0.1076049805
0.3488769531
-0.03268432617
-0.390625
0.521484375
0.07635498047
1.103515625
-0.6723632812
0.2749023438
1.994140625
1.35546875
1.15234375
0.6328125
-0.6372070312
-1.85546875
-1.701171875
-0.3588867188
0.8217773438
-2.04296875
-1.465820312
0.05950927734
1.661132812
0.7993164062
1.350585938
-0.5590820312
-0.1284179688
-0.2447509766
0.3791503906
0.1507568359
1.244140625
-1.377929688
1.862304688
-0.447265625
-0.7133789062
-1.032226562
-1.364257812
-0.8051757812
-0.1300048828
1.3671875
-1.803710938
0.42578125
-0.3640136719
0.1076660156
0.8037109375
-0.4282226562
0.9233398438
0.2805175781
-0.02737426758
0.1864013672
1.049804688
-1.69140625
1.248046875
-2.2734375
-0.1233520508
-0.2427978516
0.1672363281
-0.9291992188
-1.37109375
0.298828125
-0.5478515625
0.5190429688
0.6479492188
-0.2678222656
-1.87109375
-0.4008789062
0.607421875
1.973632812
-0.9311523438
0.9877929688
0.3095703125
-0.4677734375
0.6489257812
0.3161621094
-0.8022460938
0.7387695312
0.328125
0.8720703125
2.064453125
-1.694335938
0.3740234375
1.138671875
1.754882812
-0.3896484375
-0.7573242188
0.4086914062
-0.3635253906
-1.306640625
-0.1326904297
0.46875
-1.8984375
-0.546875
-1.314453125
0.9150390625
0.4597167969
-0.90625
-1.220703125
0.05508422852
-0.3273925781
-0.07934570312
-1.40625
-1.038085938
-1.92578125
-0.6254882812
0.03073120117
0.2403564453
0.5068359375
-2.375
0.3044433594
-0.2658691406
-1.610351562
2.841796875
-2.384765625
0.390625
-1.557617188
-0.2512207031
0.27734375
-1.439453125
0.9091796875
-0.8686523438
0.1431884766
-0.8374023438
-0.0348815918
-0.8100585938
-1.245117188
1.067382812
0.705078125
0.595703125
-0.8022460938
-0.08422851562
-0.4714355469
-0.6083984375
0.9365234375
0.2541503906
0.2856445312
0.4011230469
0.4658203125
0.5385742188
-0.4177246094
-0.4995117188
0.8344726562
-1.65625
0.9638671875
-0.9711914062
0.7915039062
0.6376953125
0.4924316406
1.609375
-1.098632812
1.162109375
-0.3220214844
0.2524414062
-1.150390625
0.2973632812
0.189453125
-1.779296875
-0.2556152344
1.155273438
-0.7211914062
-0.9116210938
-0.6723632812
0.5234375
0.5532226562
0.1420898438
-0.716796875
1.08203125
0.3835449219
-0.7436523438
1.264648438
0.4287109375
2.015625
-2.427734375
2.212890625
-0.2087402344
1.977539062
0.412109375
0.1302490234
0.2419433594
-1.264648438
0.0419921875
0.9624023438
-0.8120117188
0.9907226562
-1.224609375
0.7421875
0.3381347656
0.04006958008
-0.978515625
-0.5327148438
-1.234375
-0.58203125
1.827148438
-1.162109375
0.007568359375
-0.2447509766
0.6162109375
-0.1520996094
0.3674316406
0.3054199219
0.1546630859
0.1938476562
-0.6552734375
-0.7124023438
-1.653320312
-0.05093383789
0.4802246094
-0.4575195312
0.8950195312
-0.1444091797
1.743164062
1.64453125
-0.8374023438
-1.200195312
0.2885742188
-1.313476562
-0.1147460938
1.045898438
1.198242188
-0.5390625
-1.493164062
1.192382812
0.1955566406
1.33984375
0.03726196289
1.0859375
-1.30859375
0.12890625
-0.8173828125
1.1484375
-0.6362304688
-1.93359375
3.091796875
0.060546875
1.095703125
0.9721679688
0.02375793457
0.16796875
0.9658203125
0.9208984375
1.150390625
-0.873046875
1.303710938
-0.3891601562
0.6479492188
-0.5009765625
-0.6889648438
0.6440429688
-0.2788085938
-1.918945312
0.1187133789
-0.7705078125
-1.375
0.591796875
-2.828125
1.701171875
-1.03515625
0.6845703125
0.2590332031
-0.40234375
0.3674316406
-0.7788085938
1.311523438
0.4743652344
1.21875
-1.008789062
1.1484375
-0.2412109375
0.7407226562
0.3562011719
-0.4562988281
-0.3937988281
-0.556640625
0.1090087891
-1.374023438
-2.19140625
0.3432617188
-2.005859375
0.1128540039
-0.02543640137
1.989257812
0.5600585938
-0.2299804688
-1.543945312
0.9365234375
0.01934814453
1.0234375
-0.3881835938
0.3955078125
1.329101562
-1.616210938
1.053710938
0.6044921875
0.6494140625
-1.684570312
-1.44140625
1.30859375
0.4123535156
0.3029785156
0.1706542969
1.939453125
-1.747070312
-1.294921875
-0.1137084961
-0.6899414062
-0.2125244141
-1.108398438
-0.470703125
0.7084960938
0.6284179688
0.9013671875
0.1442871094
-2.111328125
-0.306640625
-0.3088378906
0.3530273438
0.7436523438
0.6020507812
-0.1303710938
-1.7265625
1.405273438
-0.01022338867
-0.2015380859
-0.8432617188
-2.046875
-0.4282226562
0.7109375
-1.516601562
-2.1171875
0.9614257812
1.245117188
0.2067871094
-1.202148438
0.6030273438
0.9130859375
1.1171875
0.3271484375
-0.5297851562
0.5454101562
0.6567382812
1.620117188
1.5703125
-0.6596679688
0.03854370117
-0.01837158203
-1.247070312
-0.787109375
-1.301757812
0.4067382812
-0.1223754883
-1.798828125
0.3913574219
-0.837890625
0.728515625
0.7275390625
-0.4252929688
1.051757812
0.1348876953
-0.1524658203
-0.2692871094
0.873046875
-0.6010742188
0.00560760498
-0.7114257812
0.72265625
0.478515625
-1.046875
-2.248046875
-0.03384399414
0.1256103516
0.1971435547
-0.5087890625
-0.3032226562
0.2408447266
-0.3088378906
-0.8178710938
-0.01554107666
0.07763671875
-0.3376464844
1.361328125
0.392578125
-0.1045532227
2.3671875
-1.65625
-1.577148438
-0.5795898438
-0.9404296875
-0.1507568359
0.2236328125
-1.702148438
1.6796875
-0.162109375
-0.2127685547
-0.5678710938
1.181640625
0.7465820312
1.533203125
-0.1362304688
-0.5346679688
0.07550048828
0.9155273438
0.007480621338
0.533203125
-1.533203125
-0.4467773438
-0.02041625977
-0.5693359375
-1.58984375
-1.915039062
2.400390625
-2.263671875
1.401367188
-0.009826660156
-0.494140625
-0.78515625
-1.2109375
2.240234375
-0.119934082
-0.7631835938
2.220703125
1.227539062
-0.04574584961
0.6083984375
1.913085938
0.9521484375
-0.1618652344
-0.7255859375
1.840820312
-0.06298828125
0.09765625
0.984375
-0.6884765625
-0.2885742188
1.315429688
-0.490234375
-1.139648438
-0.6186523438
0.125
-0.5087890625
0.5170898438
-0.6547851562
-1.78125
-0.04995727539
-0.0143661499
-0.1845703125
0.9228515625
-0.1984863281
1.360351562
-2.654296875
-0.4836425781
-0.5200195312
0.453125
0.4934082031
-0.1541748047
-0.06799316406
-0.8564453125
0.8017578125
-0.6743164062
0.08465576172
-0.7841796875
1.288085938
0.6684570312
-0.86328125
-0.1488037109
-0.3864746094
-1.348632812
-0.03744506836
-1.124023438
0.2253417969
-0.775390625
0.06420898438
1.428710938
0.1531982422
0.4731445312
-0.2355957031
0.05023193359
-0.4174804688
-1.024414062
0.2966308594
-0.1705322266
-1.291992188
-0.501953125
1.365234375
0.09722900391
0.650390625
0.2094726562
-0.006000518799
0.9311523438
-1.779296875
-0.9663085938
0.6733398438
0.2963867188
-1.918945312
-0.9462890625
0.9775390625
-1.41796875
-0.814453125
-1.012695312
0.1635742188
0.5014648438
0.19921875
-1.390625
0.9106445312
-0.06823730469
-1.328125
0.1983642578
-0.4816894531
1.836914062
0.4392089844
-0.4782714844
-2.0703125
0.1024780273
-1.321289062
0.1077880859
-0.2619628906
-0.3127441406
-0.6821289062
-0.07153320312
-0.626953125
0.513671875
0.05642700195
-2.744140625
0.2189941406
0.2800292969
-0.4111328125
-0.2712402344
-1.255859375
-0.09161376953
0.1899414062
0.1937255859
0.5625
0.779296875
2.62109375
-0.7241210938
1.099609375
1.0390625
-0.724609375
0.1189575195
-0.4074707031
0.3171386719
0.4650878906
0.470703125
-0.9448242188
-3.001953125
2.67578125
-0.55859375
-1.073242188
-0.3940429688
3.01953125
-0.05697631836
1.228515625
0.4624023438
-0.7783203125
0.310546875
-1.166992188
-1.698242188
-0.5146484375
0.8359375
-2.142578125
1.083007812
-0.568359375
0.642578125
1.53515625
0.09344482422
1.674804688
-0.8525390625
-1.500976562
0.3100585938
-0.8271484375
-0.2895507812
0.4582519531
0.8828125
2.5625
0.5620117188
-0.4106445312
-0.1441650391
1.413085938
-0.7602539062
-0.2180175781
-0.1890869141
-0.2998046875
-0.7856445312
0.984375
-0.6215820312
3.54296875
1.559570312
0.5415039062
-0.7084960938
-0.1932373047
0.1192016602
-1.559570312
-0.9624023438
0.1163330078
1.580078125
0.9360351562
-0.3000488281
1.327148438
-0.1837158203
0.6801757812
0.01161956787
-0.07580566406
1.078125
-1.779296875
-1.290039062
2.58203125
-0.5791015625
0.36328125
1.298828125
1.013671875
-2.001953125
1.239257812
0.1374511719
-0.2346191406
0.28515625
0.1682128906
-0.919921875
1.725585938
-0.04476928711
0.1062011719
1.125
-0.008346557617
-0.505859375
-1.223632812
0.1700439453
-0.8037109375
-0.4973144531
0.2145996094
0.45703125
0.9833984375
0.2900390625
-1.466796875
0.2512207031
1.091796875
1.061523438
-1.052734375
1.231445312
-0.2141113281
0.6870117188
0.2663574219
0.96484375
-2.44921875
-1.526367188
-0.2954101562
-0.84765625
-0.005374908447
-1.337890625
0.3117675781
-1.028320312
-0.03179931641
-1.252929688
-0.0196685791
-2.404296875
-0.388671875
-0.116394043
1.245117188
2.19140625
1.715820312
-0.6298828125
0.9340820312
1.736328125
-1.028320312
0.5131835938
0.7719726562
-0.4660644531
-1.706054688
-0.7915039062
-0.08258056641
0.5009765625
0.1280517578
0.5366210938
0.798828125
1.067382812
-0.2341308594
-0.7495117188
0.623046875
-0.6918945312
-0.09802246094
-0.2216796875
-1.119140625
1.107421875
-0.8779296875
-1.295898438
0.9799804688
-0.5063476562
1.419921875
0.9272460938
-1.676757812
-0.2841796875
0.9028320312
1.528320312
-0.7700195312
0.994140625
-0.2722167969
0.646484375
-1.087890625
-0.3115234375
0.21875
-0.4333496094
0.830078125
1.08203125
0.853515625
1.694335938
-0.4313964844
-1.224609375
2.078125
1.260742188
1.205078125
-0.9418945312
-1.456054688
-0.5087890625
-1.931640625
0.3356933594
0.7270507812
0.1655273438
-0.1115112305
1.641601562
0.4470214844
1.84765625
0.3532714844
0.09075927734
0.6684570312
0.2227783203
0.6245117188
0.681640625
-0.7651367188
-0.1479492188
1.892578125
0.09991455078
-0.876953125
1.48046875
-1.43359375
0.1776123047
1.383789062
2.34765625
-0.7861328125
-0.2209472656
0.2238769531
1.333007812
-0.2069091797
-0.6293945312
0.3188476562
0.5141601562
0.9711914062
-1.956054688
-0.4750976562
0.08325195312
0.1723632812
1.787109375
1.673828125
-1.328125
-0.66015625
-1.426757812
0.1414794922
-1.385742188
0.8623046875
1.482421875
-0.5854492188
-0.7895507812
-0.09564208984
1.639648438
0.8208007812
-1.102539062
0.4558105469
-0.8442382812
-0.2340087891
0.2854003906
0.6328125
-1.150390625
-1.301757812
-0.2242431641
-0.6416015625
1.461914062
0.6748046875
-1.819335938
0.857421875
0.6518554688
1.227539062
-1.959960938
0.6069335938
1.497070312
-2.033203125
-0.07122802734
-0.05313110352
0.3454589844
0.51953125
0.2247314453
-0.541015625
1.3046875
0.6752929688
-0.1441650391
1.463867188
0.04852294922
-0.1227416992
-0.5327148438
-0.2331542969
0.4770507812
1.020507812
-1.224609375
0.1231079102
-1.279296875
-0.04296875
-0.640625
0.9750976562
-0.5073242188
-0.3215332031
0.755859375
-0.3132324219
0.07867431641
-3.109375
-0.5043945312
-0.66015625
-0.2282714844
-0.07537841797
0.6020507812
-1.03125
0.5043945312
-1.513671875
0.4455566406
-0.4565429688
0.9467773438
-0.4431152344
1.092773438
-1.985351562
-0.7197265625
-0.4306640625
-0.1619873047
0.640625
0.1940917969
-0.3374023438
-0.01803588867
-0.2907714844
-1.49609375
-0.5571289062
1.424804688
-0.09197998047
-1.176757812
-1.5625
1.845703125
0.6899414062
1.01953125
0.1032104492
-1.35546875
0.08612060547
-0.880859375
0.328125
2.103515625
0.72265625
0.310546875
0.6538085938
-1.181640625
-0.9448242188
1.455078125
0.8051757812
-1.374023438
0.3977050781
1.194335938
-1.64453125
-1.103515625
-0.4919433594
-0.4865722656
-1.8671875
0.7861328125
0.4809570312
0.2690429688
0.4389648438
0.6391601562
-1.1875
-0.6313476562
0.2438964844
0.1042480469
1.483398438
-0.7705078125
-0.2810058594
-1.856445312
0.08209228516
-0.4995117188
0.6860351562
1.203125
-0.755859375
-1.091796875
1.541992188
2.115234375
0.4873046875
0.5327148438
-0.08038330078
1.942382812
0.03866577148
2.509765625
0.7719726562
-0.3884277344
0.01511383057
0.6884765625
-0.9526367188
-0.1804199219
0.966796875
-2.2109375
1.139648438
1.590820312
-0.9067382812
-1.18359375
0.587890625
-0.2761230469
0.1638183594
-0.80078125
-1.09375
-1.263671875
-1.366210938
-0.0139465332
-0.9184570312
0.002853393555
-0.44140625
0.1970214844
0.3957519531
-0.6240234375
-1.203125
-0.6069335938
0.6279296875
-0.6811523438
-0.70703125
-0.26171875
1.376953125
-0.6831054688
1.767578125
0.1519775391
0.1812744141
-0.5522460938
-1.20703125
-2.42578125
-0.8740234375
-1.016601562
0.03079223633
1.537109375
1.395507812
0.09167480469
0.783203125
0.6489257812
-0.5263671875
-0.9599609375
-0.02027893066
-1.345703125
0.99609375
2.509765625
1.416015625
-1.444335938
0.9125976562
-0.3002929688
-0.8994140625
0.4562988281
-0.2124023438
-0.6513671875
-0.2634277344
-0.3811035156
-0.1663818359
-0.197265625
-0.822265625
-1.16796875
-0.2619628906
1.700195312
-0.8676757812
1.359375
-0.3220214844
1.4140625
0.1300048828
-1.2578125
-0.9213867188
0.431640625
-0.4685058594
-1.01171875
1.178710938
-1.274414062
0.1916503906
-1.379882812
-0.478515625
-1.1875
0.677734375
0.3674316406
-1.529296875
0.01702880859
0.4479980469
0.5712890625
0.4633789062
0.0006647109985
-1.364257812
-0.1462402344
0.02810668945
0.2641601562
-0.7817382812
-2.14453125
0.3376464844
0.7993164062
1.7890625
-0.5166015625
-1.862304688
-0.1298828125
0.6708984375
0.9467773438
0.3586425781
-0.66796875
-0.9780273438
0.3142089844
-0.5102539062
-0.8198242188
-2.33203125
0.4548339844
0.009895324707
1.465820312
1.055664062
0.875
-1.41015625
-0.5209960938
-1.208007812
0.2517089844
-0.2268066406
-1.223632812
1.064453125
-0.419921875
0.8969726562
-0.501953125
-0.8037109375
1.108398438
-0.796875
1.143554688
-1.094726562
-0.9267578125
0.05838012695
-0.2321777344
-0.6137695312
-0.3767089844
0.3527832031
1.225585938
0.4270019531
0.2983398438
0.9404296875
-0.7739257812
1.330078125
-1.513671875
-0.3295898438
-0.001305580139
0.1979980469
0.30859375
-0.4477539062
-0.50390625
-0.2690429688
1.73046875
-0.08728027344
-0.3698730469
0.2956542969
1.631835938
1.311523438
-0.1931152344
-0.03530883789
-0.2415771484
0.8754882812
-0.6083984375
0.87109375
0.8857421875
0.9321289062
-0.05108642578
-0.1232910156
0.3713378906
-0.1724853516
0.2408447266
1.064453125
1.125976562
1.348632812
0.681640625
0.2303466797
-0.1744384766
0.88671875
0.4826660156
-1.434570312
0.693359375
0.3781738281
1.0078125
1.036132812
0.9907226562
-0.5615234375
1.397460938
-1.052734375
0.9975585938
-0.4938964844
-0.7001953125
0.8959960938
-0.1158447266
0.3630371094
-0.1790771484
-0.421875
-0.83984375
-0.3806152344
0.9326171875
-0.8232421875
-0.06982421875
-1.043945312
0.5932617188
0.2340087891
-1.989257812
-0.3935546875
-2.33203125
-0.8774414062
-0.6123046875
0.2668457031
0.2705078125
0.8930664062
0.2739257812
-0.05819702148
0.5537109375
-0.6186523438
0.509765625
0.2165527344
0.5502929688
-0.4555664062
0.1361083984
-0.2709960938
0.09936523438
-0.8627929688
0.1982421875
-2.109375
-0.3571777344
-0.4809570312
-1.10546875
0.1929931641
-0.8139648438
-1.0234375
-1.118164062
0.7099609375
-0.34375
0.09704589844
-0.8012695312
0.7861328125
-0.599609375
-1.426757812
0.2724609375
1.116210938
0.8623046875
-0.6640625
2.248046875
1.413085938
-0.3176269531
-1.411132812
0.4404296875
-0.4655761719
0.41796875
-0.0004456043243
2.66796875
0.55859375
-0.1625976562
0.9682617188
-1.284179688
-0.7661132812
0.6923828125
-0.9282226562
0.4770507812
-0.5478515625
0.02967834473
1.379882812
-0.1821289062
-0.04443359375
0.6508789062
1.565429688
-1.178710938
-1.209960938
-0.08489990234
-0.76171875
0.9624023438
-0.3420410156
-0.5385742188
-0.02320861816
0.515625
1.173828125
1.430664062
-0.5483398438
1.392578125
1.366210938
-0.02391052246
-0.05322265625
2.876953125
0.3315429688
0.0475769043
0.07495117188
-2.541015625
0.7880859375
0.8325195312
-1.443359375
-0.736328125
0.4079589844
-0.544921875
-1.05078125
-0.9794921875
-1.306640625
-1.073242188
0.4016113281
-0.1583251953
0.03741455078
-0.1195678711
-0.2373046875
-0.9760742188
0.4489746094
-1.90625
-1.860351562
0.1440429688
-0.7734375
0.001879692078
-0.6752929688
-0.4135742188
-0.87109375
-1.927734375
0.3107910156
-2.4765625
-0.6616210938
-0.3679199219
-0.5258789062
0.1672363281
-1.251953125
0.94140625
2.09375
-0.5678710938
1.256835938
-0.6103515625
-0.9716796875
0.4509277344
0.1655273438
-2.091796875
-0.4599609375
-0.1800537109
-1.916015625
1.120117188
0.6049804688
-0.01901245117
-2.2265625
0.1202392578
1.147460938
-0.8671875
-0.1623535156
-1.23828125
0.369140625
-1.35546875
-1.08203125
1.022460938
-1.357421875
0.3156738281
0.1546630859
0.2788085938
1.02734375
0.06286621094
1.80078125
-1.045898438
2.234375
0.09423828125
1.3046875
-1.202148438
0.1341552734
0.5302734375
0.1080932617
-1.989257812
0.400390625
0.5434570312
-0.5766601562
0.3017578125
1.858398438
1.025390625
-0.30078125
-1.963867188
1.797851562
0.01257324219
1.092773438
-1.8671875
0.6284179688
1.485351562
-0.5913085938
-0.2430419922
0.1013183594
1.399414062
0.7783203125
-1.1796875
2.203125
1.163085938
-0.05743408203
-0.5859375
-0.4841308594
0.8359375
-2.123046875
-1.354492188
0.921875
-0.228515625
0.2568359375
-0.6743164062
-0.9140625
-0.455078125
-0.3745117188
1.505859375
-1.295898438
0.2333984375
-0.06701660156
0.6518554688
-0.921875
0.2247314453
-0.3950195312
0.2585449219
-1.579101562
-0.6967773438
-0.3234863281
0.3449707031
0.8203125
1.439453125
0.3479003906
-1.600585938
-0.6689453125
-0.1409912109
0.1169433594
0.6552734375
0.112487793
-1.72265625
0.01091003418
0.6118164062
-0.6420898438
0.01243591309
-0.6826171875
-0.7236328125
0.4587402344
-0.4028320312
-0.3701171875
-1.560546875
0.6430664062
-0.2680664062
-0.564453125
0.3337402344
0.7470703125
-1.284179688
0.1427001953
-0.3439941406
2.08984375
1.814453125
-0.6821289062
0.0174407959
0.548828125
0.5380859375
0.08215332031
-0.5141601562
0.7436523438
0.9033203125
0.1497802734
0.6254882812
0.1164550781
0.4765625
-0.6416015625
-2.0546875
1.145507812
0.67578125
0.08764648438
0.8657226562
-0.03591918945
0.7397460938
-0.6489257812
-0.7514648438
-0.1540527344
1.064453125
-0.626953125
-0.11328125
-0.08587646484
-1.860351562
1.521484375
0.4343261719
-1.418945312
-0.6684570312
0.7563476562
-0.2098388672
-0.689453125
0.03158569336
0.3923339844
-1.845703125
-0.1815185547
0.5419921875
-0.61328125
-0.6728515625
0.2536621094
2.3828125
-0.9873046875
-0.3959960938
-1.0546875
0.01593017578
-0.732421875
-0.4738769531
0.1776123047
-0.8413085938
-0.7924804688
0.3442382812
-0.2634277344
-2.05078125
-2.208984375
0.9916992188
0.003183364868
-0.642578125
0.8286132812
-0.02763366699
1.221679688
-0.107421875
2.033203125
0.7485351562
-0.27734375
-0.05773925781
0.2526855469
-0.1862792969
-0.2509765625
0.2116699219
-1.856445312
-0.5112304688
0.7563476562
-0.625
1.021484375
1.713867188
-0.5859375
2.119140625
-0.4897460938
-0.5302734375
0.7998046875
-0.8188476562
-0.2963867188
-0.09063720703
0.3537597656
-0.3181152344
0.3317871094
-0.8818359375
-0.3308105469
-0.1450195312
0.478515625
1.448242188
-0.2208251953
0.1081542969
0.02149963379
-1.18359375
1.458984375
0.810546875
-1.000976562
-0.1379394531
0.4802246094
-1.3125
1.887695312
1.004882812
0.2318115234
-0.1566162109
1.555664062
0.2221679688
1.137695312
-0.5751953125
-0.5014648438
-0.2349853516
0.6606445312
-0.4365234375
0.2104492188
1.125
-1.920898438
0.6225585938
0.5688476562
-0.7133789062
0.6577148438
1.159179688
-0.6552734375
-0.611328125
0.2980957031
0.3146972656
1.524414062
0.3205566406
0.7919921875
-0.7407226562
0.5493164062
1.041015625
-0.009155273438
-0.1215820312
-0.2736816406
-1.288085938
-0.1444091797
0.5922851562
-0.4140625
-0.7626953125
1.250976562
-0.4167480469
-0.03494262695
0.73046875
0.09405517578
0.6704101562
-0.1541748047
-0.2973632812
1.087890625
0.4230957031
0.4328613281
-1.045898438
-0.2176513672
0.7651367188
-0.008865356445
0.04315185547
-0.003820419312
-2.275390625
0.8203125
0.3039550781
-0.646484375
-0.7104492188
1.045898438
-1.126953125
-0.41796875
-0.1645507812
-0.466796875
0.6225585938
-0.6494140625
-0.5073242188
0.8159179688
0.3483886719
1.666992188
0.6186523438
0.5415039062
-0.2446289062
1.301757812
-0.08276367188
-0.2631835938
0.9272460938
0.6049804688
-1.322265625
1.529296875
1.276367188
0.3190917969
0.859375
-1.104492188
0.9873046875
-0.8984375
0.3618164062
-0.73828125
1.568359375
0.63671875
1.630859375
-0.3984375
-0.4487304688
-0.4428710938
0.1534423828
-0.2595214844
-2.392578125
-0.3469238281
-0.9228515625
-0.4255371094
0.7348632812
-0.306640625
0.9853515625
-0.607421875
-0.8916015625
-1.6796875
2.009765625
-0.8393554688
0.7358398438
-1.794921875
-0.51171875
1.491210938
0.794921875
-0.7934570312
-0.5131835938
0.8090820312
-0.5590820312
-0.6435546875
-0.7236328125
-0.02824401855
0.3771972656
0.07275390625
-1.811523438
0.09735107422
-1.186523438
0.4357910156
0.5454101562
0.2548828125
-0.4916992188
-1.38671875
0.984375
1.009765625
-0.2097167969
-1.686523438
-0.6083984375
0.3430175781
0.2056884766
-0.95703125
0.1501464844
0.6206054688
-0.9052734375
1.572265625
0.96484375
1.581054688
0.8383789062
-0.4738769531
-0.7392578125
-0.70703125
1.240234375
-0.078125
-0.3725585938
-0.6557617188
-0.07482910156
-0.568359375
0.38671875
0.4853515625
1.07421875
0.8974609375
-0.5634765625
-0.556640625
1.037109375
0.5483398438
-0.81640625
-0.1859130859
-0.7734375
-0.126953125
0.1799316406
-0.5810546875
-1.780273438
-1.6484375
1.66015625
-0.6552734375
-1.109375
0.1876220703
1.334960938
-0.2976074219
1.057617188
-0.6552734375
-0.52734375
-1.006835938
-0.3891601562
0.2113037109
-1.403320312
-0.1362304688
0.337890625
-0.6010742188
-0.03536987305
1.578125
0.1254882812
0.6147460938
-0.5151367188
-0.8364257812
0.974609375
-0.2171630859
-0.291015625
-0.5922851562
-0.02261352539
-0.3193359375
-0.0849609375
0.9833984375
0.6411132812
-0.681640625
-0.4289550781
-1.528320312
1.422851562
-0.2841796875
-0.3293457031
1.288085938
-0.4841308594
-0.4829101562
-1.083984375
-0.4135742188
-0.1337890625
-0.5791015625
1.397460938
-1.400390625
0.2159423828
0.1322021484
0.007289886475
-0.4558105469
-0.1589355469
1.635742188
0.7055664062
0.2456054688
0.3542480469
-1.23046875
-0.5727539062
0.5791015625
-0.2392578125
0.8828125
0.4609375
-0.09973144531
0.2668457031
-1.279296875
0.2288818359
0.744140625
-2.375
0.314453125
-0.5546875
0.5561523438
0.544921875
1.37890625
0.4040527344
1.26171875
-0.4064941406
0.1973876953
0.3200683594
3.02734375
-0.7705078125
-0.3781738281
-0.1800537109
0.2817382812
-0.8017578125
-0.8256835938
0.8403320312
-0.7734375
-0.888671875
-0.396484375
0.09967041016
-0.8725585938
-0.2490234375
-1.22265625
2.115234375
-1.025390625
1.041992188
0.5712890625
1.375
0.1281738281
-1.244140625
-1.907226562
-0.5087890625
0.4350585938
-0.5888671875
0.2224121094
0.8286132812
-0.3486328125
2.158203125
-0.5654296875
0.4729003906
1.788085938
0.8491210938
-0.984375
-0.6474609375
-0.9658203125
0.1268310547
-2.5078125
-0.9921875
-0.3605957031
1.280273438
-0.2609863281
-0.4541015625
0.4934082031
0.2418212891
-0.8735351562
-0.990234375
1.627929688
0.4233398438
1.422851562
1.727539062
-0.6743164062
-0.9853515625
2.208984375
1.587890625
-0.09539794922
-0.4331054688
0.2941894531
0.7568359375
0.08349609375
-0.1536865234
0.2478027344
0.6625976562
-0.1734619141
-0.5961914062
1.451171875
0.1510009766
-0.853515625
0.52734375
-1.18359375
0.04656982422
1.326171875
-0.6635742188
0.544921875
-1.198242188
0.3664550781
1.07421875
1.758789062
1.37890625
0.9799804688
0.1525878906
-1.4609375
0.6821289062
1.939453125
-0.6381835938
-0.3408203125
2.08203125
-0.56640625
-0.1848144531
0.08514404297
0.5966796875
-0.6694335938
0.3430175781
0.004020690918
-1.4375
0.935546875
0.6098632812
1.689453125
1.06640625
-0.3796386719
-0.623046875
0.4138183594
-0.9404296875
-0.3583984375
-0.7416992188
-0.2175292969
0.4462890625
0.390625
0.8310546875
1.490234375
-0.154296875
-0.3742675781
-2.412109375
0.6186523438
0.107421875
-0.7270507812
2.240234375
0.861328125
-0.04110717773
0.08160400391
-0.6015625
0.6772460938
0.0703125
-0.03701782227
0.2385253906
1.595703125
-0.3039550781
-0.4248046875
0.2690429688
-0.87109375
0.2073974609
-0.4084472656
-0.779296875
1.630859375
0.25390625
-1.272460938
1.44921875
-0.4331054688
1.038085938
0.7641601562
2.22265625
-1.2109375
1.174804688
0.7211914062
-0.04556274414
-0.9291992188
0.4020996094
-0.4255371094
0.4555664062
0.05191040039
-1.754882812
-1.025390625
0.9658203125
0.9379882812
-0.4697265625
0.6127929688
-0.1752929688
-0.07244873047
0.8481445312
-0.775390625
0.3916015625
0.3735351562
0.4714355469
1.314453125
-1.046875
0.9301757812
0.1711425781
-1.45703125
0.5209960938
1.2734375
-1.149414062
1.736328125
0.6025390625
0.8959960938
-3.3359375
0.9389648438
1.3515625
1.064453125
-0.09289550781
-0.4106445312
-0.5639648438
-0.1970214844
0.37890625
-0.5502929688
0.3168945312
0.2486572266
-0.2946777344
-0.8940429688
-0.5107421875
0.1411132812
-1.294921875
-1.524414062
1.249023438
-0.4821777344
0.7250976562
1.421875
1.657226562
1.840820312
0.2841796875
-0.3940429688
0.90234375
0.8681640625
-0.008934020996
1.723632812
0.5634765625
-0.6831054688
0.654296875
1.659179688
0.2829589844
-0.5009765625
0.05151367188
-1.538085938
0.116027832
0.5278320312
-1.064453125
1.181640625
1.008789062
-1.495117188
0.2182617188
1.201171875
-0.8237304688
-0.5634765625
1.038085938
-1.098632812
-0.5708007812
0.74609375
1.290039062
1.573242188
0.9233398438
2.083984375
1.28515625
0.1428222656
-0.5336914062
1.250976562
-0.5107421875
-1.887695312
0.6000976562
0.2144775391
0.4438476562
-0.4006347656
-1.780273438
1.912109375
-0.7451171875
-0.7841796875
0.2963867188
1.993164062
0.396484375
0.9814453125
0.7456054688
2.890625
-0.6206054688
-1.412109375
0.102722168
-0.8618164062
0.1638183594
0.603515625
0.9677734375
2.337890625
-0.2397460938
-0.361328125
-0.2054443359
1.818359375
-0.08770751953
0.4809570312
-0.8432617188
-1.119140625
1.12890625
-0.2043457031
1.100585938
-0.994140625
1.55859375
-1.295898438
0.09326171875
-0.08734130859
0.68359375
1.536132812
-1.248046875
0.02885437012
1.010742188
-0.2233886719
-0.5131835938
-1.381835938
0.4216308594
-0.8481445312
0.638671875
-0.5991210938
0.08935546875
-0.5610351562
0.4575195312
1.348632812
-1.456054688
-0.400390625
0.5888671875
1.260742188
-0.2502441406
-0.3771972656
-1.017578125
-0.3647460938
-0.1967773438
-0.3337402344
-2.71875
-1.095703125
1.000976562
2.0859375
-0.3181152344
-0.7963867188
0.7119140625
-1.142578125
-1.670898438
0.09765625
0.4067382812
0.2993164062
0.5810546875
-0.1161499023
0.3359375
-0.8608398438
-0.8657226562
-0.3559570312
0.01502990723
0.72265625
-1.134765625
0.8330078125
0.2473144531
0.06204223633
0.8354492188
-1.651367188
-0.3510742188
-0.654296875
0.7216796875
-0.3486328125
0.9052734375
-0.8051757812
-0.4299316406
0.9311523438
0.03939819336
-0.5737304688
1.833984375
0.5712890625
0.01407623291
-1.202148438
-0.1789550781
-1.290039062
-0.2496337891
-0.1101074219
-0.04989624023
-0.08148193359
-0.4274902344
0.587890625
-0.3762207031
-0.2785644531
-0.673828125
-0.6547851562
0.5263671875
0.076171875
-0.6918945312
-1.647460938
0.2088623047
-0.9526367188
0.07397460938
0.2841796875
-0.3525390625
0.2766113281
-1.328125
0.6650390625
1.065429688
-0.9536132812
-0.9965820312
0.8608398438
1.2890625
1.309570312
-0.5551757812
-0.7573242188
-0.6811523438
-1.016601562
-0.3720703125
-2.119140625
0.4372558594
-0.2548828125
0.00284576416
0.537109375
0.3967285156
1.234375
-0.84765625
-2.62109375
-0.3654785156
-0.02963256836
1.428710938
0.33984375
-1.1171875
-0.03918457031
0.06030273438
1.150390625
0.2055664062
1.294921875
0.09136962891
0.8681640625
-0.6376953125
2.310546875
-1.986328125
0.1678466797
-0.2465820312
-0.9345703125
-1.377929688
-0.2756347656
-0.8461914062
-2.060546875
-0.5463867188
-1.143554688
0.3996582031
-1.607421875
-0.85546875
0.3391113281
-0.32421875
0.0602722168
-1.573242188
-0.4567871094
0.3205566406
-1.892578125
-0.07012939453
-0.2922363281
1.090820312
-0.001441955566
-1.206054688
0.7265625
0.01281738281
1.135742188
1.782226562
0.6860351562
-0.6142578125
-0.1129150391
-0.03720092773
0.3823242188
-0.8154296875
0.451171875
1.645507812
-0.2788085938
0.7163085938
-1.235351562
-0.7724609375
-0.5454101562
0.0500793457
-1.564453125
0.2023925781
-1.727539062
-0.5561523438
-2.302734375
1.64453125
0.2673339844
-0.1938476562
-2.12890625
0.2229003906
0.9921875
1.908203125
-0.5498046875
-0.3620605469
-1.424804688
0.7529296875
0.3291015625
-2.912109375
-0.9052734375
-0.2406005859
-1.041015625
-1.147460938
0.55078125
-0.31640625
1.122070312
-1.125976562
-0.2514648438
-0.3696289062
-0.974609375
0.3203125
0.9936523438
0.5659179688
0.2966308594
0.7060546875
0.4013671875
0.1608886719
-1.264648438
-0.3837890625
-0.5029296875
0.9912109375
0.7294921875
0.4616699219
-0.3918457031
0.7729492188
-2.00390625
-1.140625
-0.787109375
0.05731201172
-1.911132812
1.8359375
0.53515625
0.7822265625
-0.2149658203
0.47265625
0.1065673828
0.56640625
-0.2768554688
-1.458007812
-1.4453125
0.7524414062
-1.037109375
0.2641601562
-0.7626953125
0.6259765625
0.5478515625
-2.078125
1.004882812
-1.818359375
0.1889648438
1.0859375
-0.71875
-1.440429688
-0.8681640625
0.8666992188
0.9907226562
-0.37890625
-0.2600097656
-0.45703125
0.4956054688
1.485351562
0.1270751953
0.8305664062
1.12890625
1.182617188
1.692382812
3.326171875
-1.010742188
0.767578125
2.498046875
-0.005619049072
0.3134765625
0.2600097656
-1.635742188
-1.181640625
0.79296875
0.771484375
0.3549804688
0.5473632812
0.9423828125
-0.3193359375
-0.1694335938
2.453125
0.3276367188
-0.1617431641
1.99609375
-0.6557617188
-0.2998046875
-1.693359375
0.3374023438
1.338867188
0.5209960938
-1.84765625
0.4738769531
-0.662109375
-0.5190429688
0.1237182617
1.080078125
-0.1617431641
-1.8828125
-0.607421875
0.5927734375
-0.1796875
2.03125
1.872070312
-0.9404296875
-0.8623046875
-0.5673828125
0.3942871094
-0.4873046875
0.2639160156
0.05569458008
-0.0106048584
0.4829101562
0.2844238281
0.3740234375
2.806640625
-0.6040039062
0.6748046875
-0.2692871094
-2.0859375
0.1784667969
0.09661865234
-0.8959960938
-0.1691894531
-0.3937988281
-2.1796875
0.116394043
0.6333007812
0.6674804688
-0.1268310547
-1.489257812
-2.01953125
1.783203125
1.26171875
0.5830078125
0.3908691406
-0.3347167969
0.5390625
-0.2470703125
0.2509765625
0.8061523438
0.6123046875
0.02967834473
1.087890625
-0.1926269531
-0.8212890625
-1.123046875
0.04647827148
-0.1625976562
0.4467773438
-2.21875
1.262695312
-1.46484375
-0.3088378906
-1.299804688
-1.80078125
-1.569335938
0.3381347656
1.318359375
-1.774414062
-0.5336914062
1.084960938
-0.4477539062
-0.7641601562
-0.2026367188
1.821289062
-0.2802734375
1.627929688
0.6098632812
-0.5634765625
-1.756835938
-0.375
0.63671875
1.009765625
0.78515625
1.017578125
-1.161132812
1.709960938
-0.7729492188
1.97265625
-1.528320312
-0.7817382812
-0.06292724609
-0.3234863281
-0.6284179688
1.659179688
1.372070312
0.1749267578
-0.697265625
-0.6181640625
2.06640625
-0.4699707031
-0.3366699219
1.717773438
-0.3286132812
0.9477539062
0.904296875
-0.1387939453
-0.2244873047
-0.02061462402
-1.119140625
-0.5625
-0.0546875
0.07934570312
-1.291015625
-0.8041992188
0.1566162109
0.3137207031
1.432617188
-0.04843139648
-0.6923828125
0.9077148438
1.265625
-0.287109375
-0.05502319336
0.353515625
-1.876953125
1.864257812
-1.438476562
0.04986572266
-0.8896484375
-2.220703125
2.14453125
-0.50390625
0.3029785156
1.94921875
0.626953125
-0.6245117188
-0.9150390625
0.4831542969
0.09436035156
-0.8901367188
0.3566894531
-0.9482421875
-0.2583007812
-1.858398438
1.643554688
-0.01082611084
-0.4265136719
0.02104187012
-0.5654296875
-0.6166992188
-0.9755859375
1.108398438
0.3840332031
-0.7421875
0.007522583008
-0.5385742188
-0.8046875
0.9213867188
-0.1282958984
0.5283203125
-0.4140625
-0.1556396484
0.9228515625
-2.4609375
1.263671875
0.1882324219
0.9921875
-0.5419921875
0.1873779297
-0.9775390625
-0.6108398438
1.383789062
-0.8232421875
-0.8715820312
-0.01357269287
0.1022338867
-1.641601562
-1.194335938
-0.001949310303
-0.20703125
0.8720703125
1.161132812
-1.456054688
0.6923828125
0.3928222656
0.6572265625
1.357421875
1.1328125
-0.28125
0.955078125
-0.2932128906
0.7788085938
1.03515625
1.76171875
-0.6401367188
-0.2194824219
0.1809082031
1.607421875
1.62109375
0.8432617188
0.65234375
-0.1408691406
0.5859375
-1.08203125
-0.06359863281
-1.026367188
-1.302734375
-0.116027832
0.2770996094
0.1781005859
-0.68359375
0.7446289062
-0.06225585938
0.5854492188
-0.5112304688
-0.5908203125
-0.1849365234
-1.688476562
0.525390625
1.639648438
0.19921875
-0.3122558594
0.2487792969
-0.4348144531
-2.015625
0.8706054688
-0.04016113281
-0.08618164062
1.567382812
-0.8701171875
0.4460449219
0.51953125
1.805664062
0.1292724609
-0.6909179688
0.07983398438
1.405273438
-0.3784179688
1.57421875
1.385742188
0.03707885742
-0.9506835938
-0.5400390625
0.3977050781
1.165039062
0.8408203125
-1.0390625
-0.7954101562
0.1240234375
-0.3212890625
-1.975585938
-0.3525390625
0.4033203125
-0.2421875
-0.9052734375
-1.702148438
-1.1484375
1.0625
-0.0505065918
2.001953125
1.05859375
0.6040039062
-0.5981445312
-0.6435546875
-0.7075195312
2.20703125
0.2252197266
0.4599609375
0.7602539062
-1.58984375
-0.7451171875
-0.3039550781
-0.07397460938
-1.821289062
1.41796875
0.08044433594
1.146484375
-0.1533203125
0.8217773438
-1.380859375
-1.344726562
-0.9575195312
1.303710938
0.3342285156
-0.43359375
0.54296875
0.03277587891
1.141601562
-1.4921875
-1.576171875
-0.2939453125
0.2369384766
0.06018066406
0.06182861328
-0.81640625
-1.065429688
-0.5092773438
0.7709960938
1.061523438
0.07995605469
0.3271484375
-1.110351562
1.994140625
-1.197265625
0.80859375
-0.1101074219
-0.830078125
-1.649414062
-0.66796875
-1.017578125
0.744140625
-0.193359375
-0.008880615234
-0.0432434082
-0.3432617188
1.375976562
-1.37109375
-0.4997558594
-0.3369140625
-0.01103210449
0.4523925781
-0.08605957031
-0.8403320312
1.041015625
0.1458740234
0.9946289062
-0.16015625
-0.4643554688
-0.3239746094
2.408203125
0.1988525391
0.2844238281
0.8247070312
0.6376953125
-0.1287841797
-0.5063476562
-1.815429688
-1.5859375
0.3488769531
0.2900390625
-1.91796875
-0.373046875
-0.591796875
-0.1167602539
1.763671875
0.1944580078
0.1682128906
-1.61328125
-0.3237304688
-1.91796875
0.6982421875
-1.536132812
-0.6206054688
-1.771484375
-0.5576171875
-2.537109375
0.6948242188
0.4660644531
-0.3874511719
0.4401855469
0.53515625
-1.224609375
0.1431884766
0.1396484375
0.6879882812
-0.8544921875
0.1832275391
-0.8793945312
0.7421875
0.2736816406
-1.389648438
-1.030273438
-0.7006835938
0.7163085938
0.484375
0.6108398438
0.5336914062
-0.515625
-0.3674316406
0.2575683594
0.9853515625
0.15234375
-1.907226562
-1.376953125
0.05004882812
-0.1313476562
0.5981445312
1.404296875
1.434570312
-0.9404296875
-0.7065429688
-0.2454833984
-1.380859375
-0.4572753906
0.7836914062
-1.188476562
-1.0390625
1.260742188
0.2712402344
0.110168457
-1.05859375
-0.2258300781
1.059570312
0.3979492188
-2.59765625
-0.09655761719
0.3168945312
0.4543457031
-0.80859375
0.8403320312
-0.8559570312
-0.3269042969
0.2019042969
-1.16796875
1.331054688
-0.4392089844
-0.08618164062
-0.75390625
0.9506835938
-0.5185546875
-0.3908691406
0.81640625
-0.001276016235
0.2199707031
-0.5419921875
1.794921875
-0.4299316406
0.5463867188
-0.6987304688
0.7905273438
1.254882812
-0.7397460938
-0.603515625
0.5180664062
-0.7841796875
-0.2482910156
-0.9853515625
0.4235839844
0.1641845703
1.0625
-0.4770507812
0.8798828125
-1.25
1.127929688
0.818359375
-0.2939453125
-0.01914978027
0.05090332031
1.586914062
-0.4050292969
1.532226562
0.53515625
-0.4909667969
0.6137695312
-0.1470947266
2.013671875
-0.7353515625
1.56640625
1.677734375
-1.067382812
-0.9072265625
0.1822509766
-0.1791992188
-0.5498046875
0.7456054688
-0.8881835938
1.555664062
1.116210938
0.3803710938
-0.09356689453
0.05111694336
-0.7963867188
-0.1654052734
-1.629882812
-1.249023438
1.25390625
-2.267578125
-1.278320312
0.5874023438
0.7036132812
0.4389648438
-0.5122070312
-1.322265625
-1.240234375
0.8110351562
0.6337890625
-0.7924804688
1.420898438
-1.591796875
1.03125
0.2111816406
-0.1578369141
0.02192687988
-2.640625
0.873046875
-0.1940917969
-0.5756835938
-0.7294921875
1.498046875
-0.3371582031
1.82421875
-0.6430664062
-0.6528320312
-0.6416015625
1.993164062
-0.4711914062
0.05645751953
-2.015625
-2.392578125
0.1051635742
0.2132568359
0.03659057617
1.96875
1.333984375
0.4763183594
1.829101562
0.4836425781
0.6000976562
0.193359375
-1.817382812
1.065429688
-0.01160430908
0.2946777344
0.2602539062
-0.3664550781
-0.1468505859
1.278320312
-1.658203125
-0.4736328125
3.220703125
-0.2614746094
0.2059326172
-0.1212768555
1.737304688
-0.3413085938
-0.9448242188
-0.2091064453
-1.924804688
-1.711914062
-0.484375
-0.43359375
-0.3676757812
1.359375
-0.3269042969
-0.2556152344
-0.3122558594
-1.518554688
-0.951171875
-0.1535644531
-0.5283203125
-1.170898438
-0.2805175781
0.03533935547
-1.188476562
0.6323242188
0.6376953125
-0.1149902344
0.7451171875
-1.5234375
-0.2785644531
0.8666992188
0.4155273438
1.078125
0.6420898438
0.435546875
0.1687011719
0.6708984375
0.830078125
2.294921875
1.25
-1.340820312
-1.13671875
3.171875
-1.579101562
-0.23828125
-0.9702148438
1.016601562
-0.112487793
2.380859375
-0.6220703125
-0.318359375
0.3728027344
1.017578125
1.784179688
0.6362304688
-0.3413085938
-0.7294921875
-0.6474609375
0.3251953125
1.33984375
-1.28125
-1.146484375
-0.3645019531
0.1341552734
0.4284667969
0.8403320312
1.004882812
-1.071289062
-0.6337890625
-1.41796875
-2.21875
1.432617188
0.4836425781
0.78515625
0.9135742188
-0.2280273438
0.1488037109
0.9272460938
-0.06237792969
0.845703125
-0.7250976562
1.642578125
-1.432617188
1.658203125
0.6079101562
0.2995605469
-0.3481445312
0.3239746094
-0.4975585938
-1.296875
-1.124023438
-1.125
-0.2526855469
-0.5014648438
0.3071289062
0.2221679688
0.3278808594
1.078125
0.1306152344
0.1032104492
0.5478515625
0.02763366699
1.024414062
-0.2873535156
-1.630859375
0.1901855469
0.9584960938
0.3239746094
-0.1756591797
-1.185546875
0.07141113281
0.2105712891
-1.219726562
0.3249511719
1.163085938
-0.4655761719
1.990234375
-0.876953125
0.6533203125
-1.068359375
-0.8754882812
-0.7163085938
0.3017578125
1.204101562
0.3666992188
0.603515625
2.501953125
2.310546875
-1.203125
0.5551757812
0.8740234375
-1.1640625
0.3815917969
2.2421875
-1.302734375
-0.6401367188
1.249023438
-1.431640625
-0.1729736328
0.2983398438
0.9521484375
-0.3254394531
0.2690429688
-0.01547241211
0.5415039062
-0.8198242188
0.8383789062
-0.134765625
-0.9541015625
-1.196289062
-0.007209777832
0.2924804688
-0.7416992188
1.920898438
1.34375
0.9692382812
-1.065429688
-0.02450561523
0.2349853516
0.830078125
0.02751159668
-2.236328125
1.086914062
0.09539794922
-0.1849365234
0.4045410156
-0.9130859375
-1.081054688
0.4953613281
1.385742188
0.2425537109
0.3688964844
-1.499023438
-0.5048828125
-0.7958984375
1.095703125
0.1617431641
1.255859375
-1.313476562
1.368164062
2.134765625
1.3828125
-0.7900390625
2.2265625
0.671875
1.028320312
0.5634765625
1.145507812
1.0234375
-0.09020996094
1.569335938
0.5170898438
-1.2734375
0.60546875
-1.318359375
-0.6918945312
-0.1379394531
1.319335938
2.26171875
0.007518768311
-2.04296875
1.772460938
-0.2463378906
1.770507812
0.6450195312
-0.1104125977
0.2045898438
0.06039428711
0.8911132812
1.575195312
-0.3161621094
1.107421875
1.434570312
-0.9350585938
-1.8984375
-0.4262695312
-0.4455566406
-0.1810302734
0.5244140625
-0.3913574219
-0.9736328125
1.505859375
-1.067382812
0.3518066406
0.7109375
0.08624267578
0.1258544922
-0.6196289062
-0.2751464844
-1.236328125
-1.48828125
1.16796875
-1.673828125
-0.9702148438
0.6826171875
1.151367188
-0.05508422852
-0.9389648438
-0.4106445312
-0.03744506836
-0.3586425781
-0.2198486328
1.047851562
-0.9208984375
0.2541503906
-1.884765625
0.5185546875
1.494140625
1.633789062
0.4711914062
-0.3466796875
-0.1248168945
1.166015625
-0.6635742188
1.5859375
-2.103515625
0.4477539062
-0.1245117188
0.2484130859
-0.3430175781
1.887695312
1.859375
2.05078125
-0.6958007812
-1.547851562
-0.9365234375
0.2746582031
1.418945312
-2.080078125
-0.6020507812
1.40625
1.743164062
-0.05221557617
-0.3830566406
0.6215820312
-0.7700195312
0.2331542969
0.3657226562
-1.44140625
0.6689453125
-1.145507812
0.5
0.9213867188
-0.8413085938
1.40625
0.2836914062
-1.166992188
-0.05682373047
0.4377441406
1.037109375
-1.0078125
-0.1160888672
-0.8559570312
-2.466796875
-0.5498046875
-0.06210327148
-0.4226074219
-0.4328613281
1.50390625
-1.682617188
0.8608398438
0.7978515625
1.153320312
1.733398438
-1.537109375
-2.064453125
0.6127929688
0.3811035156
-0.07116699219
-0.8125
0.2257080078
0.2897949219
0.404296875
-1.404296875
0.4921875
1.45703125
1.6171875
1.41796875
0.2484130859
1.026367188
0.0791015625
0.01414489746
0.9399414062
0.3239746094
-0.02133178711
0.01304626465
0.4445800781
-1.764648438
0.03173828125
-0.6245117188
-0.8061523438
-1.08203125
-0.5473632812
-0.3869628906
-0.02896118164
-1.135742188
0.01284790039
0.2954101562
0.08392333984
0.01751708984
-0.3073730469
0.4873046875
-1.783203125
-0.6865234375
0.3515625
0.2397460938
0.2575683594
-3.044921875
-0.03210449219
-0.3039550781
-0.05419921875
1.158203125
1.866210938
-1.552734375
-0.5029296875
0.5356445312
-0.6826171875
1.235351562
0.7182617188
-0.4643554688
0.3706054688
-1.7578125
-0.6083984375
-0.4685058594
0.3510742188
0.1947021484
1.103515625
-0.7451171875
1.42578125
0.8374023438
-0.3210449219
0.7622070312
1.017578125
-0.2470703125
1.782226562
-0.5883789062
-0.9716796875
0.951171875
1.015625
1.703125
-0.638671875
0.8159179688
-0.7075195312
-0.6342773438
-0.03634643555
0.5083007812
-0.2751464844
-0.54296875
-1.01953125
0.509765625
-0.5458984375
0.978515625
0.423828125
0.03881835938
0.8901367188
0.3518066406
-0.8251953125
-1.334960938
2.19921875
-1.041992188
-1.5
-1.200195312
1.702148438
0.2497558594
0.3273925781
1.47265625
0.9213867188
-1.926757812
1.423828125
-0.3012695312
-1.555664062
0.4313964844
-0.9438476562
-0.4997558594
1.276367188
2.53125
-0.08728027344
0.927734375
0.2019042969
-0.2493896484
-1.294921875
-0.08813476562
1.29296875
-0.8291015625
0.109375
-0.5541992188
-0.1984863281
-0.03591918945
-2.359375
1.28515625
0.6440429688
0.150390625
0.1569824219
0.5170898438
-0.1019897461
1.119140625
0.1533203125
-0.779296875
-0.7094726562
-0.384765625
-0.07263183594
-0.06756591797
-0.07849121094
-0.681640625
0.06774902344
1.802734375
0.6977539062
0.9892578125
0.2407226562
-1.07421875
-0.84375
1.575195312
-1.302734375
1.611328125
0.2905273438
0.603515625
0.3486328125
0.7470703125
0.4279785156
0.662109375
0.3239746094
1.150390625
1.095703125
-0.5727539062
-0.009056091309
-0.4321289062
-0.39453125
-1.170898438
-0.4663085938
0.1013183594
-0.1905517578
-1.83203125
0.7866210938
-0.9008789062
0.6411132812
0.03500366211
-0.3752441406
0.796875
0.3237304688
0.7861328125
-2.03515625
-0.626953125
0.8715820312
-0.97265625
0.6162109375
0.3464355469
0.4196777344
-0.603515625
0.486328125
-2.06640625
-0.9155273438
-2.0078125
0.2204589844
0.4790039062
2.37109375
-0.9262695312
-0.2266845703
1.665039062
-1.108398438
-0.4885253906
0.7490234375
1.654296875
0.57421875
-0.9658203125
-0.1662597656
0.65625
-0.2003173828
0.75390625
-1.286132812
-0.02268981934
0.5556640625
-0.05816650391
1.059570312
-0.4184570312
-1.497070312
1.603515625
1.895507812
-1.239257812
1.298828125
-2.080078125
0.9448242188
-0.3251953125
-0.2724609375
-0.666015625
-0.8930664062
0.5991210938
-0.6064453125
-0.6381835938
1.150390625
-0.6259765625
2.314453125
-0.544921875
-0.06890869141
-0.529296875
-0.8090820312
-0.5712890625
-0.3159179688
-1.03515625
1.560546875
-0.02188110352
-0.4780273438
-0.2541503906
0.09442138672
-1.422851562
-1.799804688
0.7641601562
0.4777832031
0.26953125
-1.48046875
-0.4741210938
-0.9624023438
0.3403320312
-0.6245117188
0.1979980469
-1.020507812
-0.3454589844
0.6098632812
-1.03515625
-0.1065673828
0.4775390625
-0.4104003906
0.1334228516
0.01322174072
-0.765625
0.8657226562
0.1419677734
-0.6108398438
-0.6865234375
-1.486328125
-0.3908691406
0.2983398438
1.234375
0.6176757812
-0.0592956543
-0.3212890625
0.755859375
-1.791992188
1.282226562
0.697265625
-0.6088867188
0.2448730469
0.1722412109
0.01943969727
0.3720703125
-1.903320312
0.4333496094
-1.888671875
1.765625
1.189453125
-0.921875
0.4975585938
2.1328125
-0.53515625
0.76953125
-0.1918945312
-1.02734375
0.4294433594
0.6142578125
1.486328125
0.1732177734
0.0422668457
0.1955566406
-1.23828125
-1.350585938
0.3723144531
0.5107421875
-0.2897949219
1.6640625
-0.8486328125
-1.118164062
1.375976562
0.9458007812
0.4672851562
-0.5639648438
0.80859375
1.10546875
-0.4780273438
0.1763916016
-1.17578125
-1.344726562
0.6015625
-2.158203125
-0.4658203125
-0.3122558594
1.317382812
-1.736328125
-0.55859375
-0.03213500977
-0.1773681641
0.6123046875
-0.07336425781
0.5991210938
0.05450439453
-0.4653320312
-1.259765625
-0.6884765625
0.697265625
-3.638671875
0.4624023438
-1.47265625
0.8686523438
-1.334960938
-1.067382812
0.3850097656
0.114074707
-1.6953125
-1.53515625
-0.2722167969
0.306640625
-1.431640625
-0.5258789062
-1.236328125
0.650390625
0.1708984375
0.1086425781
0.875
-1.02734375
-0.6831054688
0.4274902344
-0.5356445312
0.3391113281
0.2158203125
-1.6796875
-0.05523681641
-0.4875488281
-1.520507812
1.337890625
0.51953125
-0.40234375
0.6762695312
-0.93359375
1.290039062
1.850585938
-1.000976562
0.8505859375
-0.3615722656
0.1334228516
0.08868408203
-1.065429688
-0.01557159424
0.923828125
0.8959960938
1.599609375
0.3540039062
-0.7041015625
-0.5786132812
0.2014160156
0.5844726562
-0.40234375
1.650390625
0.791015625
1.377929688
-2.25390625
-0.4631347656
-1.080078125
0.8198242188
1.827148438
-0.007934570312
-0.8916015625
-0.64453125
0.07122802734
-0.8999023438
-0.33203125
-1.2734375
0.3190917969
0.2347412109
-0.5483398438
0.1949462891
-1.513671875
-1.057617188
0.6704101562
-0.2309570312
-1.10546875
0.7983398438
-0.04174804688
0.5546875
-1.3203125
0.90625
0.3947753906
0.5483398438
-0.345703125
-2.013671875
0.6884765625
-1.026367188
-2.099609375
0.69140625
0.07586669922
0.7084960938
-0.2398681641
0.3684082031
0.1271972656
0.7705078125
0.6044921875
-1.068359375
-0.8862304688
-1.53515625
0.05950927734
-1.841796875
-0.3483886719
0.6630859375
1.4921875
1.50390625
1.342773438
0.6420898438
0.9638671875
-0.1964111328
-0.4367675781
0.6157226562
-0.4455566406
1.883789062
1.447265625
1.188476562
0.4421386719
1.16015625
0.4765625
0.1234130859
-1.0546875
-0.5063476562
-1.736328125
0.3408203125
-0.1405029297
0.5732421875
-0.5366210938
0.1470947266
-0.2081298828
0.3894042969
0.1268310547
0.7583007812
-1.255859375
-0.669921875
-0.002159118652
-1.779296875
-1.221679688
-0.05255126953
-0.03448486328
1.38671875
-0.9624023438
-0.5512695312
-0.27734375
0.6645507812
0.2054443359
-0.1234130859
-0.615234375
1.43359375
-0.9912109375
1.438476562
0.2954101562
-0.474609375
1.188476562
0.1580810547
-0.7016601562
-0.837890625
0.4567871094
-0.826171875
1.912109375
-0.6821289062
1.088867188
-0.1496582031
-0.08294677734
-1.16015625
0.1390380859
0.6293945312
0.1971435547
1.465820312
-2.556640625
0.9018554688
1.66015625
0.2235107422
0.4406738281
-1.362304688
0.9975585938
-1.186523438
-0.8803710938
-0.001713752747
1.970703125
0.6225585938
1.400390625
0.3889160156
0.5341796875
0.7138671875
2.02734375
-2.337890625
0.4064941406
-0.3303222656
0.8745117188
0.01733398438
0.6235351562
0.4775390625
-0.298828125
2.203125
-1.043945312
0.8237304688
-0.5146484375
1.2109375
0.2379150391
1.017578125
-0.3483886719
0.998046875
-0.01844787598
0.2917480469
-0.3874511719
0.2873535156
-0.007465362549
0.8984375
-0.9916992188
1.282226562
0.4270019531
0.7358398438
0.2149658203
-0.5600585938
-0.5151367188
-0.94140625
-0.0908203125
0.8442382812
0.002906799316
0.9965820312
2.470703125
0.802734375
-1.331054688
-0.2078857422
0.9775390625
1.385742188
-1.26953125
-1.846679688
-0.06243896484
1.465820312
-0.212890625
-0.1798095703
-0.03393554688
1.465820312
-0.3171386719
1.21484375
-1.005859375
-0.7397460938
-0.04263305664
-0.2763671875
0.337890625
1.640625
1.505859375
0.4985351562
-0.9741210938
-0.197265625
0.1304931641
-1.005859375
-0.5063476562
-0.5966796875
-0.9501953125
-0.08331298828
-1.0078125
0.03070068359
1.833984375
0.5229492188
1.130859375
-0.5537109375
0.8295898438
-0.2440185547
-0.4272460938
-0.5307617188
0.1279296875
-0.1735839844
-0.3723144531
-1.807617188
-0.3796386719
-0.1857910156
-0.9135742188
-0.6162109375
0.9809570312
0.5859375
0.1083374023
-1.341796875
0.7719726562
-1.46484375
1.279296875
-1.248046875
1.548828125
1.471679688
0.3012695312
-2.017578125
-1.702148438
-1.350585938
-1.08203125
-1.08984375
-0.2561035156
0.3049316406
-0.9956054688
-1.580078125
-0.3920898438
0.04800415039
-2.078125
-1.4921875
-0.8500976562
0.8813476562
-0.1995849609
-0.6083984375
-0.2116699219
0.3195800781
0.982421875
-0.2218017578
1.26171875
-0.6469726562
1.137695312
0.4145507812
-1.307617188
-0.296875
0.4670410156
1.307617188
0.9248046875
0.2863769531
-2.62890625
-2.0234375
0.548828125
0.3825683594
-1.0703125
-0.5649414062
-2.013671875
1.58984375
-1.192382812
-0.3823242188
0.7978515625
0.4262695312
-0.3974609375
-0.7075195312
-0.2037353516
-0.1912841797
0.927734375
0.2526855469
0.3256835938
0.2446289062
-0.4221191406
-1.854492188
1.483398438
-0.04711914062
-0.712890625
0.5810546875
0.103515625
-0.947265625
0.01783752441
-0.5903320312
-0.2266845703
0.06561279297
-0.6611328125
0.4201660156
0.1750488281
-0.2604980469
0.2775878906
-0.1846923828
-0.1405029297
0.3332519531
0.591796875
-0.2398681641
-1.239257812
1.607421875
-0.1962890625
-1.225585938
0.1662597656
0.3833007812
0.05038452148
0.4897460938
-0.6943359375
-0.04595947266
0.5849609375
0.1645507812
-1.16796875
0.93359375
-1.024414062
-0.04943847656
0.5078125
0.3635253906
-0.861328125
1.909179688
-0.7719726562
0.9936523438
-0.2995605469
-0.763671875
-0.04061889648
-0.904296875
-1.134765625
1.123046875
-1.095703125
-0.326171875
1.129882812
0.5971679688
-0.3364257812
-1.904296875
0.6884765625
-1.823242188
-0.6005859375
0.7783203125
-0.3666992188
0.1368408203
-0.2897949219
0.3444824219
0.03204345703
-0.09533691406
-0.7724609375
-0.6547851562
1.635742188
0.3312988281
-1.388671875
1.524414062
0.5888671875
-2.400390625
-0.2841796875
-1.53515625
0.8159179688
0.3098144531
0.3706054688
-0.28515625
0.1549072266
0.3395996094
0.2644042969
-0.8154296875
0.9658203125
-1.072265625
-0.5712890625
-0.9213867188
1.08984375
-1.681640625
-1.188476562
-2.12890625
1.088867188
-0.001618385315
0.654296875
0.4504394531
1.671875
0.9711914062
1.018554688
-1.172851562
0.2631835938
0.06076049805
1.609375
-0.2607421875
1.994140625
-0.6655273438
1.895507812
0.1135864258
0.5947265625
1.012695312
0.5317382812
-1.916992188
0.03244018555
0.5698242188
0.3920898438
0.5078125
-1.248046875
0.3933105469
1.578125
-0.6635742188
0.6259765625
0.3500976562
0.3937988281
-1.086914062
-1.568359375
-0.1284179688
1.125976562
-0.2379150391
-0.927734375
0.8002929688
0.5302734375
0.07989501953
1.231445312
1.741210938
-0.4455566406
0.3559570312
0.2062988281
-1.322265625
-1.130859375
1.422851562
-0.9692382812
-0.986328125
-0.2092285156
-0.9282226562
0.6958007812
-0.1856689453
-1.740234375
-1.0625
-0.3999023438
-0.6166992188
-0.4431152344
-0.3395996094
-1.192382812
0.9462890625
-1.158203125
0.1575927734
0.07507324219
-1.294921875
1.548828125
1.17578125
-0.9799804688
1.360351562
-0.986328125
-0.3071289062
0.6791992188
1.701171875
1.061523438
0.8603515625
1.543945312
1.975585938
-0.08374023438
0.35546875
0.02890014648
-1.387695312
-0.1159057617
0.828125
1.005859375
0.6889648438
-0.1873779297
0.640625
-2.1796875
-0.4675292969
2.025390625
-0.8247070312
-1.390625
1.833984375
0.2666015625
-0.1722412109
-0.701171875
-1.057617188
-0.1373291016
-1.766601562
-1.200195312
-0.2145996094
-1.327148438
-0.955078125
0.1687011719
0.6904296875
0.4636230469
-1.325195312
1.436523438
0.4379882812
-0.7202148438
0.1197509766
-0.2473144531
-2.43359375
-0.5419921875
-0.7680664062
0.9521484375
-0.2915039062
-0.9799804688
1.34375
0.7895507812
-0.3757324219
0.28125
-0.9702148438
0.251953125
0.6396484375
-2.0234375
1.892578125
0.9482421875
0.4008789062
-1.217773438
0.03967285156
0.03512573242
0.9765625
0.6791992188
-0.4992675781
-1.037109375
-1.293945312
-0.04345703125
-0.9384765625
-1.462890625
0.8989257812
1.435546875
0.9497070312
1.124023438
-0.1719970703
-0.009590148926
0.2423095703
0.80859375
-1.134765625
0.1525878906
-0.2462158203
1.791015625
-0.513671875
1.115234375
1.16796875
0.76171875
-1.07421875
-0.2817382812
-0.8608398438
0.9765625
-1.073242188
-0.2895507812
-0.771484375
-0.2895507812
0.8076171875
0.2041015625
-0.2854003906
-0.5893554688
-2.474609375
0.3159179688
0.06781005859
0.8720703125
1.098632812
0.83203125
-1.387695312
1.17578125
0.9116210938
0.1405029297
-1.240234375
1.407226562
-0.5854492188
-0.2032470703
0.5678710938
-1.330078125
1.377929688
0.177734375
0.3854980469
1.358398438
0.1639404297
-0.6953125
-0.03778076172
0.365234375
-1.250976562
0.3071289062
0.00194644928
0.8081054688
-0.3664550781
2.322265625
-1.31640625
-0.3569335938
0.3315429688
-0.4301757812
-1.197265625
-0.5424804688
0.1030883789
-0.4228515625
1.701171875
-0.6333007812
-0.8408203125
1.127929688
0.2438964844
0.1871337891
0.4362792969
-1.028320312
-1.426757812
0.3720703125
-0.78515625
-1.198242188
-0.7436523438
1.030273438
-0.2468261719
0.3591308594
-1.844726562
1.239257812
-0.4272460938
-1.446289062
-0.4243164062
0.3833007812
-0.6572265625
-1.6015625
0.8779296875
0.9716796875
-0.6840820312
-0.06896972656
1.403320312
-0.2814941406
-1.662109375
0.04479980469
1.154296875
-1.298828125
1.87890625
1.736328125
0.07385253906
-0.2036132812
-1.174804688
-2.642578125
-0.7333984375
0.91015625
0.7119140625
-0.6401367188
0.2130126953
1.668945312
1.143554688
0.1154785156
0.2482910156
-0.9204101562
-0.697265625
3.126953125
-0.05661010742
3.04296875
0.4011230469
-1.25390625
1.444335938
0.9028320312
1.168945312
1.307617188
-1.100585938
-1.181640625
-1.16015625
0.0315246582
0.6538085938
-1.016601562
-1.890625
0.5131835938
-0.1605224609
-0.09503173828
1.3671875
-1.03125
-0.1939697266
1.04296875
0.02241516113
-2.0234375
-0.08258056641
-0.4013671875
0.7939453125
-1.119140625
0.03756713867
0.02575683594
-1.524414062
0.96484375
0.6196289062
0.5654296875
0.51171875
-1.364257812
-2.044921875
-0.33203125
0.3845214844
0.6791992188
-0.2978515625
-0.4445800781
0.5224609375
-0.7529296875
0.435546875
0.3029785156
0.2221679688
0.1767578125
-0.45703125
1.192382812
0.3732910156
-1.608398438
-0.662109375
1.0546875
0.08013916016
0.1490478516
-0.5595703125
-1.09375
-0.4421386719
-0.4748535156
0.1594238281
-0.1234130859
-0.517578125
-0.4382324219
-0.1832275391
-0.6103515625
-1.047851562
-1.85546875
-0.640625
-0.1811523438
0.2766113281
1.685546875
-0.1511230469
-1.310546875
-0.05462646484
-0.4362792969
0.1107788086
0.07092285156
0.5454101562
-0.02430725098
0.3513183594
-0.7475585938
-0.84375
0.71875
1.036132812
-1.5546875
1.827148438
0.3244628906
-1.095703125
0.002485275269
-1.076171875
1.434570312
-0.2546386719
-0.4697265625
-1.748046875
0.4418945312
0.9262695312
2.208984375
0.2209472656
-0.5849609375
0.8505859375
0.8608398438
0.05783081055
-1.075195312
1.150390625
1.3984375
0.8823242188
-0.04330444336
0.07214355469
0.3874511719
-0.59765625
-1.563476562
-0.04187011719
-1.875976562
0.3989257812
0.8564453125
-0.2241210938
0.357421875
0.03918457031
-1.565429688
0.7426757812
0.3039550781
0.640625
-0.2297363281
-0.002645492554
0.2749023438
1.088867188
-0.1625976562
-0.2375488281
-0.4099121094
-0.04837036133
-0.5864257812
-0.3684082031
0.06085205078
-2.48046875
-0.2573242188
0.1729736328
-0.408203125
-0.08038330078
-0.6782226562
0.3774414062
0.2088623047
0.51953125
0.8525390625
-0.0334777832
-0.02442932129
3.25390625
0.07281494141
1.205078125
-0.4912109375
1.330078125
-1.701171875
1.844726562
-0.1282958984
0.7119140625
0.935546875
-0.2337646484
1.326171875
0.5043945312
0.4501953125
0.01722717285
-0.2001953125
0.859375
-2.724609375
0.2414550781
1.08984375
-0.90234375
-1.118164062
1.16015625
-0.7861328125
1.423828125
-0.646484375
-0.9868164062
0.9995117188
1.055664062
1.35546875
-0.6166992188
0.4521484375
-0.07501220703
-0.3933105469
0.9633789062
-1.088867188
0.83984375
1.295898438
-0.6889648438
-1.0625
-1.973632812
1.616210938
-1.359375
1.248046875
-0.7880859375
0.8608398438
0.6450195312
0.7856445312
-0.9799804688
0.5439453125
0.8305664062
-0.09704589844
-0.8344726562
0.525390625
0.1759033203
0.5625
-1.392578125
-0.02070617676
-0.9853515625
-1.271484375
-0.9067382812
-0.6044921875
-1.19140625
1.298828125
-0.5825195312
-0.3569335938
-1.3515625
1.6875
-0.03114318848
0.880859375
-1.018554688
1.041992188
1.005859375
0.6538085938
-0.8203125
-0.2922363281
0.48828125
-1.37890625
0.1634521484
1.352539062
-1.123046875
0.8916015625
-0.7290039062
-1.982421875
-0.5234375
-0.2270507812
1.009765625
0.5126953125
-0.5620117188
-2.478515625
-1.376953125
-0.3737792969
1.39453125
-0.2316894531
-0.4846191406
-1.016601562
0.2587890625
0.1441650391
0.6669921875
1.329101562
-0.2946777344
1.602539062
0.3190917969
0.1788330078
-1.185546875
0.6171875
-1.447265625
0.75
-1.37890625
0.03604125977
-0.5834960938
1.4921875
-0.072265625
0.2204589844
-1.255859375
0.1292724609
0.1632080078
0.3046875
-0.2790527344
1.173828125
-0.06829833984
-0.3483886719
1.215820312
0.1928710938
0.7065429688
-0.3151855469
0.8012695312
0.03698730469
-0.7475585938
-1.807617188
-0.2229003906
1.438476562
-1.299804688
-1.165039062
0.2937011719
0.5356445312
-0.1495361328
-0.2563476562
-0.791015625
-0.50390625
0.07543945312
0.4384765625
0.8208007812
0.7915039062
0.4626464844
2.251953125
-0.9223632812
0.1690673828
-0.8549804688
0.2202148438
1.375
1.772460938
0.064453125
-0.6372070312
-0.6254882812
-1.50390625
-0.8525390625
-0.1712646484
-1.357421875
-0.3308105469
-0.5688476562
-0.9106445312
1.142578125
2.490234375
-1.354492188
0.8701171875
0.4357910156
0.3979492188
1.8046875
2.296875
0.1739501953
-1.046875
0.1317138672
0.3041992188
1.870117188
-0.580078125
1.743164062
0.5454101562
-1.241210938
0.1578369141
-0.0888671875
-0.189453125
0.8276367188
2.404296875
-1.984375
1.278320312
-1.454101562
-0.5004882812
0.7080078125
-1.139648438
-0.9951171875
0.4685058594
1.8828125
1.907226562
0.712890625
1.002929688
-1.834960938
-0.7397460938
-0.837890625
-0.884765625
1.624023438
0.2371826172
1.073242188
0.3811035156
-0.03295898438
0.1794433594
0.5092773438
-0.8930664062
-0.3698730469
0.2199707031
-1.856445312
0.02711486816
-2.337890625
2.134765625
0.3950195312
-1.997070312
1.836914062
-1.193359375
-0.7797851562
0.57421875
-0.4189453125
-0.2973632812
0.61328125
-1.874023438
-0.7109375
-1.354492188
-1.030273438
-0.6430664062
-0.7465820312
-0.24609375
-1.677734375
-1.494140625
-0.3166503906
-1.438476562
0.6918945312
0.8784179688
-0.3461914062
-0.0008211135864
0.9580078125
-0.7998046875
0.1789550781
1.327148438
0.7607421875
0.2241210938
-1.01953125
-0.4709472656
-0.9677734375
-0.71484375
-0.4272460938
0.951171875
-0.4841308594
-0.6015625
0.5874023438
1.647460938
-0.8369140625
-0.1658935547
-0.0654296875
0.2116699219
0.3869628906
-1.1015625
1.259765625
-0.5615234375
-0.3349609375
0.7685546875
2.482421875
0.7114257812
1.442382812
0.54296875
-0.06408691406
-1.188476562
-0.7060546875
1.366210938
-1.75
0.02891540527
0.01201629639
-0.8720703125
-0.3542480469
-0.1746826172
-0.7866210938
-0.2458496094
0.681640625
-0.1846923828
0.2883300781
1.151367188
0.685546875
0.9604492188
0.2399902344
0.4353027344
-1.365234375
-1.65234375
-1.055664062
-0.2785644531
1.3359375
2.720703125
-0.8422851562
0.1340332031
0.1716308594
0.1412353516
-0.4860839844
1.771484375
-0.4504394531
-0.9443359375
-1.119140625
2.494140625
0.2016601562
-0.0407409668
1.627929688
0.5693359375
-0.2783203125
-0.2431640625
0.8305664062
0.6245117188
-0.3391113281
-0.7216796875
1.431640625
-0.60546875
1.190429688
-0.03396606445
1.73046875
1.140625
0.7924804688
-0.4516601562
1.689453125
-0.8090820312
2.626953125
-1.327148438
0.8286132812
0.9736328125
-0.3369140625
-0.787109375
-0.05081176758
0.3293457031
0.2141113281
1.124023438
-1.059570312
-0.5302734375
-0.7333984375
1.655273438
-1.055664062
0.7094726562
1.124023438
-0.8149414062
0.876953125
0.84375
0.2978515625
0.8569335938
-0.904296875
-0.7377929688
0.5224609375
0.765625
-0.669921875
0.6616210938
-1.618164062
-0.5517578125
-0.07171630859
-0.6123046875
-0.6176757812
0.08801269531
-0.006664276123
-0.8256835938
1.80078125
-1.119140625
-1.310546875
1.8828125
-0.931640625
-1.052734375
