context,out_tile,word_addr,seq_word,raw0,raw1,raw2,raw3,raw4,raw5,raw6,raw7,raw8,raw9,raw10,raw11,raw12,raw13,raw14,raw15,raw16,raw17,raw18,raw19,raw20,raw21,raw22,raw23,raw24,raw25,raw26,raw27,raw28,raw29,raw30,raw31
0,0,0,0,-17,-17,-17,-17,-17,-17,-17,-17,-17,-17,-17,-17,-17,-17,-17,-17,-17,-17,-17,-17,-17,-17,-17,-17,-17,-17,-17,-17,-17,-17,-17,-17
0,0,2,1,104,-13,-91,-81,15,-28,7,30,82,20,-93,-92,-92,-79,45,-76,-14,-91,-78,125,59,-55,56,-75,103,110,40,48,54,-49,5,-105
0,0,4,2,10,-91,-56,81,-77,64,108,-92,-118,112,-81,-125,-57,121,111,86,32,-11,-58,-42,71,-13,-69,-36,94,40,-43,-54,121,-67,62,125
0,0,6,3,-103,106,21,-30,-121,11,-62,-122,22,-122,84,-67,108,-90,-38,-84,64,-93,58,54,-13,-36,81,-58,-88,-20,17,-4,-66,9,-86,116
0,0,8,4,17,122,-30,53,65,-53,60,56,29,16,-19,108,-78,-124,-95,-52,-59,-86,68,-85,-20,-103,-20,65,-116,-56,110,-57,-98,-111,-34,108
0,0,10,5,28,-21,-29,56,47,65,-8,-84,-46,-86,24,54,-35,-31,120,-11,94,-102,-54,-122,-80,-11,44,43,122,-125,12,-36,-113,58,-11,113
0,0,12,6,-118,-100,-116,108,60,-10,84,-91,94,17,-10,65,-3,-57,-72,-39,-126,86,112,57,-64,-89,-58,1,-32,-102,109,-73,-109,-67,-43,-4
0,0,14,7,109,-9,-25,39,-97,-55,119,-10,-78,18,114,28,101,-11,-69,109,28,-38,70,-125,-63,48,-31,63,-49,109,19,-35,-106,66,8,-49
0,0,16,8,61,-9,52,-27,-78,-47,-17,118,-117,-40,-10,4,-122,-77,-57,87,51,15,-106,-92,-16,-103,4,-125,94,81,17,-25,46,38,-25,46
0,0,18,9,63,-69,-70,58,34,60,113,34,32,-71,-111,99,67,113,-114,-122,15,-113,30,-103,-5,4,36,-17,-105,-22,-31,109,110,-3,-97,67
0,0,20,10,-66,124,-44,29,107,110,73,-83,-88,-8,59,14,-105,-66,73,-123,121,122,7,21,88,-67,62,-34,-38,34,24,127,88,-3,16,-61
0,0,22,11,113,77,103,-25,58,-39,-4,97,-46,-69,-55,61,43,-21,-12,-35,69,14,-53,13,71,118,-25,-49,76,76,78,25,-83,-37,88,38
0,0,24,12,-61,-52,-3,-93,-20,29,103,-87,119,-16,-31,127,-97,-65,54,-126,-72,-51,-61,56,116,62,95,-5,-68,108,52,-94,34,-57,-62,114
0,0,26,13,125,-104,80,-2,-108,-1,8,123,72,41,-78,83,-24,112,36,-66,70,-118,6,5,84,106,94,36,21,90,107,-39,-42,-7,22,126
0,0,28,14,-88,-48,104,-38,-47,96,116,-46,105,-71,107,8,-76,31,-23,45,60,114,43,-123,-54,-74,-91,-81,-80,45,18,7,-1,90,-5,59
0,0,30,15,-87,77,-18,-114,-54,36,-109,41,-87,-67,-41,-68,-31,-88,68,97,-103,94,6,22,42,-6,115,32,74,-104,21,49,-92,-6,-7,62
0,0,32,16,73,-87,37,78,-51,-99,-60,-98,111,95,-89,116,-45,-80,-43,87,-1,9,35,76,71,23,4,-35,-126,-27,-61,109,0,47,-41,45
0,0,34,17,98,36,-122,65,-37,-30,-125,90,-77,70,63,87,114,-11,86,-47,51,-79,-82,-68,64,50,109,-68,10,-79,77,54,10,-104,33,14
0,0,36,18,15,117,-93,32,29,-50,-67,-31,94,-118,-14,13,35,41,89,-125,109,-105,111,-7,-16,91,126,-29,-36,79,-108,-71,118,-56,-58,26
0,0,38,19,-25,-119,-27,26,-44,-33,102,118,-47,127,-33,-28,-14,10,86,-47,110,52,36,64,-63,52,-108,9,81,-16,30,-84,91,5,9,-124
0,0,40,20,55,-94,69,19,-19,-64,94,80,-67,-6,61,-113,36,-19,-96,10,105,31,55,-63,119,-109,-78,-113,103,64,124,65,46,75,99,-106
0,0,42,21,87,71,-77,90,-104,-63,-12,86,88,44,86,-26,-104,-111,-108,-24,-16,36,80,-94,-68,-72,92,-2,-1,126,-75,-51,-45,83,63,-120
0,0,44,22,-123,105,35,104,-70,-3,-113,26,-103,-28,-66,77,1,-121,17,-84,-124,54,-87,37,34,-16,76,78,-99,-75,-88,35,-71,34,62,-40
0,0,46,23,-101,-49,96,-14,92,56,61,24,-102,89,90,28,-20,-6,-63,119,29,-83,-88,11,-91,86,-10,22,104,63,1,-5,-5,39,115,-37
0,0,48,24,-19,-94,16,-72,-116,44,64,-82,81,53,-107,-53,-81,-59,71,119,112,81,58,-113,-108,119,-52,118,49,10,-82,112,53,71,41,122
0,0,50,25,-106,79,-60,81,-112,58,21,-16,104,46,-127,22,-47,-59,-8,-14,-46,47,109,-122,70,-63,102,98,-47,1,-88,-11,-123,-102,18,-82
0,0,52,26,13,-113,-90,-121,-10,34,42,-92,24,-109,35,-38,-109,108,15,-93,-27,6,-24,49,-49,119,-81,-40,-77,66,-37,-107,38,-8,-91,-59
0,0,54,27,-124,47,2,55,64,15,124,-108,49,90,-113,39,72,55,-29,31,35,127,36,-95,-21,-56,-6,-61,-57,-4,-16,126,-87,-81,42,102
0,0,56,28,-111,88,54,-105,86,-51,33,50,65,-64,-51,-48,115,-14,-107,-100,-60,106,-59,-127,-61,15,25,49,-83,18,8,45,-72,108,-41,-101
0,0,58,29,61,-78,100,115,51,-118,46,102,-93,-105,-108,46,-55,-116,48,-92,105,54,-119,-52,52,15,-70,54,-1,-70,-86,94,30,72,-41,-118
0,0,60,30,100,24,-37,58,-29,109,-70,-126,118,-84,-84,67,68,-122,32,-101,90,-70,8,-43,-108,-12,-11,-39,91,60,-113,9,-112,10,-98,-82
0,0,62,31,45,-112,-15,-56,-2,-64,18,98,100,52,6,100,33,105,56,105,66,5,-116,-12,-27,-6,-47,-54,-87,47,-53,-30,51,42,58,5
0,0,64,32,-58,38,-45,38,-79,6,26,78,98,-86,-97,60,26,25,-55,-7,101,-125,27,-105,44,84,-110,111,-67,96,-77,18,87,14,95,51
0,0,66,33,114,69,-88,60,108,-15,-53,101,-59,-104,-33,-113,-96,73,69,76,62,-91,-125,-118,8,-74,-88,109,-89,74,121,90,102,-53,-36,121
0,0,68,34,-35,-37,111,15,97,86,35,113,-116,-105,25,-79,18,-32,-41,47,-39,61,2,-7,-41,94,4,27,-59,-91,50,119,-35,127,124,-113
0,0,70,35,-43,-45,55,-109,90,7,8,127,32,46,106,36,-7,-109,3,51,-31,-98,79,-127,101,118,-58,-90,-105,85,-81,57,-42,-61,-72,-23
0,0,72,36,37,-2,97,-74,-104,48,118,88,-123,-120,40,86,-80,-68,26,41,87,98,-44,92,-10,-76,-39,-125,-63,80,116,-23,106,-13,-79,57
0,0,74,37,-108,-71,-17,-44,-126,-100,-19,-20,30,34,-104,-125,103,35,122,73,86,-15,122,88,-25,111,-67,109,-58,2,-112,-124,-102,110,114,-21
0,0,76,38,91,-127,-12,-126,76,90,-121,-96,-91,-11,114,31,-115,-33,42,26,127,-68,89,-97,-81,-74,56,34,3,64,51,36,-93,-79,-5,-8
0,0,78,39,-89,103,-77,-71,74,19,-116,89,-62,-80,8,-23,-123,-49,38,-94,-120,-69,-23,41,-10,-1,-38,100,85,83,115,-24,0,32,87,22
0,0,80,40,58,46,-108,-109,25,81,-78,78,-105,-52,-82,20,116,87,-121,49,66,29,-9,104,-111,-5,27,40,-25,34,-120,-43,-3,32,-51,57
0,0,82,41,-22,80,25,-87,19,38,64,110,6,-86,119,10,-52,114,-49,49,43,-74,-88,91,66,112,10,65,-43,88,73,-54,9,-14,-39,-33
0,0,84,42,-18,-43,77,69,55,-114,12,4,99,-20,-113,-35,106,7,-84,-92,32,89,-8,-23,81,-30,-60,51,52,66,103,23,107,103,-39,-41
0,0,86,43,101,48,38,-15,-42,88,-92,0,39,-54,-108,-5,111,-34,113,55,46,105,-56,13,16,-55,8,-63,43,-109,-12,-76,24,17,-109,45
0,0,88,44,73,26,-51,-10,-43,-49,-107,90,110,61,-31,100,89,-61,-125,-123,3,-35,-110,38,42,-56,-98,66,-115,-80,-29,-124,-58,77,-56,52
0,0,90,45,109,-39,99,117,110,99,91,-70,71,-94,-118,89,13,-46,-102,118,72,-68,119,66,7,75,90,109,18,41,81,82,-94,2,10,57
0,0,92,46,-12,87,29,-69,-62,-109,-112,80,85,-73,56,-34,-84,-19,43,51,96,-93,62,59,-72,-93,46,-74,-50,38,105,55,23,-42,77,-85
0,0,94,47,-86,-89,-123,-51,-127,53,91,46,-12,40,-48,54,32,-57,-27,105,-30,64,58,35,87,-9,112,69,-72,16,-53,63,-34,-3,127,-54
0,0,96,48,-37,38,85,-97,-73,-122,-97,-47,97,58,111,-60,75,-72,59,-105,6,55,-78,-120,49,68,-121,-20,-42,42,-111,-42,-83,-118,4,118
0,0,98,49,3,83,46,-97,-88,-36,115,108,-127,14,9,-77,-103,84,-85,-3,-25,21,-19,31,37,82,-44,37,24,-122,43,69,4,54,64,6
0,0,100,50,32,-24,-119,124,38,-19,97,-37,-127,-67,-35,-123,15,-98,32,84,60,-108,110,-105,69,-48,44,-73,93,99,-69,-103,-79,126,-13,-119
0,0,102,51,-121,-6,56,25,76,97,5,-35,-88,63,-69,-47,94,59,127,59,78,99,114,101,-119,-57,-125,51,-13,86,87,100,-46,67,43,-104
0,0,104,52,75,92,54,-93,-22,-22,-11,30,-11,35,86,-65,12,-90,106,111,101,40,50,-22,-100,81,-84,-110,44,124,11,-99,-122,-48,-20,73
0,0,106,53,-10,-17,-19,-40,-46,-102,58,-74,86,113,22,-39,26,118,97,111,111,104,-13,-125,124,-118,-76,-58,-85,93,105,113,-58,58,-67,-90
0,0,108,54,42,0,83,-32,-83,76,-18,-17,-9,25,-26,127,-92,9,77,-49,96,18,18,-39,95,115,-108,-11,-117,86,-57,98,31,75,102,-92
0,0,110,55,7,-86,23,126,-112,124,-92,-77,-18,-111,-53,-93,-62,-67,-76,-10,121,101,-45,-26,-75,-22,-13,-52,110,-122,118,59,62,-86,-82,-93
0,0,112,56,-28,-18,-105,11,60,23,-58,-32,-103,-2,11,-28,36,-45,64,95,-61,-91,-72,36,105,112,-33,-64,110,80,114,112,-66,111,-70,-39
0,0,114,57,84,117,71,36,-116,-7,-95,22,-32,-60,72,43,-31,-40,122,-7,45,-53,45,14,20,23,60,-5,0,-105,-52,-83,-54,-108,45,76
0,0,116,58,125,51,116,-33,81,61,-112,100,56,-82,2,-6,-75,85,-39,87,-2,-39,85,-94,42,-67,-102,91,54,102,34,-9,4,22,-83,36
0,0,118,59,-93,-100,9,12,116,-122,125,109,105,1,3,-19,-127,61,19,17,-46,-12,-7,44,124,-23,-33,-40,58,91,-54,-96,-113,55,101,124
0,0,120,60,28,-18,122,57,91,-90,-82,-13,-53,-37,87,-11,-50,99,-47,22,87,-1,-119,-111,-5,0,45,93,-10,-46,-64,-29,-83,-14,74,85
0,0,122,61,115,-60,-66,46,-54,-17,-109,31,-25,59,-15,-115,-104,49,-45,-83,19,84,-90,36,-87,93,36,-123,56,0,56,-19,126,-119,101,1
0,0,124,62,-126,-86,-117,49,3,9,126,-72,-46,45,-77,-60,70,84,10,65,126,-11,102,-121,-32,87,102,82,3,63,-58,54,-94,-91,121,-3
0,0,126,63,120,-30,23,-114,-31,85,60,77,21,-101,122,-83,-43,63,-86,-1,31,-101,56,-69,-17,-47,20,-53,2,12,-57,-52,100,25,-114,16
0,0,128,64,-28,-17,-87,-35,98,-11,100,-94,-32,-27,109,-106,-76,-111,-27,10,64,-113,103,-72,74,-48,-61,-17,87,-22,-39,-125,23,25,-23,108
0,0,130,65,-50,-66,-117,43,1,77,14,-71,-41,12,-38,-6,-122,-93,3,-31,89,-17,86,-111,48,12,59,113,93,87,-90,-39,123,102,126,-112
0,0,132,66,-96,-15,-87,11,25,61,-10,114,49,23,96,58,-54,-87,14,47,26,-65,64,-41,-36,-101,111,-82,-72,-31,70,109,-80,110,-88,-12
0,0,134,67,69,5,16,38,-55,125,7,-31,-51,65,104,0,-73,-107,-55,24,81,38,-73,-30,-82,-6,84,44,-55,-99,25,-103,-66,-67,-13,89
0,0,136,68,-27,48,-71,-112,5,75,-83,-38,93,86,68,-100,-113,-105,-59,-29,119,102,32,59,47,-32,14,12,13,109,-70,-90,84,103,67,-87
0,0,138,69,-93,-48,76,101,-92,29,23,-72,123,126,24,68,-13,74,73,23,98,-15,127,104,10,-65,58,33,43,9,82,51,117,-113,41,-119
0,0,140,70,124,-77,-59,58,118,-73,11,-55,-12,50,-5,110,87,-22,-123,-37,79,91,5,-32,-79,95,-42,-44,18,96,10,88,-3,4,126,-52
0,0,142,71,63,39,7,31,72,70,110,25,-26,36,79,-95,-93,47,-32,33,-83,-50,-35,-6,-78,-67,-26,101,-82,50,-106,71,27,-63,111,-111
0,0,144,72,103,-37,-54,42,116,-83,-28,-54,72,83,-99,96,94,-65,13,4,62,50,-91,95,-111,82,-59,86,-63,52,-51,86,-36,-36,100,60
0,0,146,73,-31,-11,-123,-65,-4,-98,22,94,48,-19,-53,-82,81,-104,-91,69,-37,-81,-123,-115,0,-123,-25,81,79,-16,63,-99,118,26,-36,-47
0,0,148,74,48,-88,-96,104,-11,-114,99,76,-117,-72,16,10,16,44,-39,64,125,39,101,60,-110,-124,-99,107,-79,106,-34,-100,58,-98,-89,25
0,0,150,75,76,40,-68,-28,-73,31,-59,-100,-71,30,-114,79,-24,-40,127,73,-69,53,53,52,38,-5,-87,-127,-118,109,115,95,-111,9,18,76
0,0,152,76,104,50,76,83,-29,48,122,-11,-13,-14,113,-20,112,-58,66,-54,-68,73,51,-76,-42,-81,57,-81,-91,-68,54,12,42,30,-73,126
0,0,154,77,60,-24,88,-91,62,-109,-72,-5,-15,-58,-47,-47,98,28,-50,-16,-45,101,0,48,58,-103,40,63,12,77,44,-50,47,31,-77,-112
0,0,156,78,-43,-38,-121,121,116,3,116,48,-17,-65,93,59,123,126,-111,-77,-98,21,-28,37,-29,-70,67,45,38,54,-105,-116,11,-121,-41,-7
0,0,158,79,125,109,-44,-87,-51,118,123,97,49,-126,-121,-114,59,-110,-50,-80,-49,35,50,-95,79,-49,122,11,64,32,-68,-54,112,-65,-40,-1
0,0,160,80,-124,-49,55,61,101,-35,-65,95,-3,113,97,-94,-34,-97,2,-47,92,4,-26,122,66,-28,-73,-40,-124,-121,-53,-104,46,-94,113,-121
0,0,162,81,-126,51,-102,86,84,106,-88,62,106,17,37,-8,107,-42,-24,94,45,-48,-14,119,64,-17,-90,-31,90,-65,-94,97,-104,-23,46,-46
0,0,164,82,-41,67,-57,-106,24,-36,31,-53,-120,35,12,16,33,33,111,119,51,21,78,34,46,72,8,-50,91,31,46,94,-31,78,101,0
0,0,166,83,-76,107,57,14,-5,-23,109,108,22,99,-37,-72,122,-102,94,58,116,87,45,-55,82,-123,115,32,-11,2,-123,18,-64,-109,99,104
0,0,168,84,-47,-38,21,106,7,-65,62,-117,55,111,-5,22,-7,122,-91,2,116,-9,33,109,-39,89,43,105,-21,-127,-96,95,-54,-82,11,86
0,0,170,85,-125,67,-14,-90,65,66,78,-27,-97,59,-70,82,49,86,44,20,-53,-49,-4,67,-38,-57,61,-13,105,-17,96,-122,-48,94,-67,-21
0,0,172,86,80,73,-18,121,71,-57,-3,61,89,12,114,-64,110,-60,51,95,-86,72,-66,-9,-56,-22,-119,-60,-121,87,-53,93,-86,-8,102,39
0,0,174,87,-88,60,55,57,-114,-12,110,-80,103,-41,64,-122,-27,54,95,102,68,19,55,-73,-84,-68,117,34,46,-77,52,123,87,-45,-41,78
0,0,176,88,-32,-127,-124,-106,114,23,81,-114,105,-108,23,31,-79,41,-76,69,83,-100,4,106,-111,-61,85,79,16,49,25,42,44,-3,4,-5
0,0,178,89,88,-110,-73,12,-33,-36,-44,96,-87,73,24,58,119,-61,-88,49,-84,39,-73,-16,-122,-67,-70,8,54,86,-34,44,-120,108,26,-19
0,0,180,90,55,59,-31,48,-40,-59,-127,-77,121,-77,-53,4,61,121,-53,-99,87,87,124,8,35,22,-27,9,-72,98,14,-26,101,-37,-4,-7
0,0,182,91,-25,-64,-26,-71,-78,43,15,118,-47,-88,-55,10,3,43,67,96,-40,77,-70,85,61,-23,27,125,-82,-10,-7,15,-119,85,71,0
0,0,184,92,24,-58,65,-50,8,121,47,-20,81,65,80,-120,9,-67,-73,42,22,47,-57,111,-97,75,16,-28,89,-3,61,-101,47,32,101,126
0,0,186,93,-106,34,-46,118,42,83,39,75,97,95,-67,-88,124,50,-19,37,-103,-117,47,46,-49,-47,-81,-40,-67,12,0,-85,104,52,-18,23
0,0,188,94,103,-24,115,-115,-88,-77,41,15,-42,-46,21,-126,9,-1,55,-113,-108,-29,78,-38,-33,78,40,-36,-34,64,-43,103,-117,48,-20,-50
0,0,190,95,-8,-32,99,-11,32,-67,0,-50,85,100,97,-2,-21,-24,-46,-122,-56,21,7,-61,123,95,-117,74,1,54,16,-119,-119,26,-8,-73
0,0,192,96,-74,121,29,-70,-20,13,-68,109,-41,-59,-117,33,17,72,46,-123,-102,106,78,77,-6,78,8,-116,22,-93,-45,117,22,62,-74,-6
0,0,194,97,-77,50,91,126,-109,103,112,-43,69,-98,49,52,3,37,-21,33,-13,-48,-61,-26,-94,-33,64,57,-73,33,-105,-39,64,7,127,11
0,0,196,98,-8,19,92,52,55,50,-77,-89,10,48,-100,-60,13,-17,-112,99,57,42,-28,30,125,-99,63,-84,83,113,-77,-61,29,75,64,108
0,0,198,99,6,32,38,90,47,-41,38,-21,108,118,-47,-6,-20,-43,61,118,-85,-2,-21,-8,-46,-117,89,-115,-32,23,84,122,118,-49,38,-97
0,0,200,100,-116,21,-102,-79,106,-117,18,11,-24,125,-42,-95,55,38,46,25,40,-56,38,-70,-86,8,-32,-4,123,113,-69,-70,55,31,-23,-38
0,0,202,101,-42,111,-84,-33,-62,50,-20,74,-109,-59,114,-58,17,55,86,-114,-28,-25,60,-75,-19,21,-65,-121,75,-113,-79,96,26,38,-7,-24
0,0,204,102,-9,-93,-8,-116,125,22,-110,80,29,30,-77,18,-103,70,-119,-32,125,-63,-29,-106,91,-113,-70,-26,114,-102,-123,89,123,-12,27,9
0,0,206,103,-33,-66,-69,-42,79,28,1,-105,-77,-24,57,-24,24,-82,40,43,21,93,61,-102,53,45,-32,-18,-37,-80,76,-6,-12,-120,125,85
0,0,208,104,-77,-41,117,112,77,106,98,29,-57,-60,-28,-33,44,33,88,-27,-8,125,125,-2,36,-68,85,-30,41,108,-97,101,127,89,48,66
0,0,210,105,-89,-42,-76,15,89,-48,29,-78,-99,68,22,105,-7,66,98,-18,91,112,90,-60,-115,-84,100,-23,8,61,58,-71,37,-74,-63,91
0,0,212,106,-108,-37,-113,-89,126,121,91,126,5,-124,47,33,109,26,38,-93,-118,-17,-108,-50,123,108,-115,-64,92,-110,28,-58,24,62,-21,-82
0,0,214,107,-23,-113,-22,112,-43,52,-73,-46,-17,-30,-48,-57,117,-68,-117,124,78,67,37,104,117,81,51,-21,90,70,-112,-76,75,123,-27,18
0,0,216,108,40,-80,-94,2,-76,-53,33,90,108,3,-119,127,-20,-78,-121,-61,-31,43,36,-95,-126,82,49,-21,53,29,-86,-85,-36,93,76,22
0,0,218,109,-10,-22,44,34,107,-49,37,111,108,-11,-60,0,-104,-60,-33,-104,-49,19,73,60,71,12,-102,-116,31,90,26,-112,93,85,-124,24
0,0,220,110,64,-80,-32,108,114,23,38,-89,21,31,117,-16,-47,-37,-49,-55,25,-20,84,29,86,109,21,-74,-5,-54,-49,127,126,-115,105,28
0,0,222,111,31,-13,-57,-18,66,-32,55,61,37,-58,-54,-16,-76,-8,-81,-50,83,91,48,78,69,-74,-77,-24,-16,-76,-60,-72,9,30,16,-89
0,0,224,112,33,-65,90,104,16,116,60,124,-88,78,-89,40,101,9,-21,-72,24,-108,36,-33,-45,-96,51,-85,71,97,54,-34,-75,11,88,-33
0,0,226,113,18,-28,57,-125,116,-46,-16,-95,78,114,-52,31,114,-123,-4,92,97,78,19,88,82,-9,89,-27,-124,68,61,-53,-15,-77,-66,119
0,0,228,114,-80,-19,-9,53,-3,69,-23,79,23,118,-29,94,-47,-78,-46,56,73,-7,52,99,100,-77,-112,-96,-115,52,126,-88,-85,-12,66,-92
0,0,230,115,88,-10,71,114,-65,-82,-5,-15,-67,-26,-113,107,84,-51,-93,124,100,69,48,113,18,113,84,102,127,-119,-78,0,-27,-50,102,-105
0,0,232,116,66,-74,-42,54,51,-74,9,52,-111,123,58,-115,-62,48,-22,-109,71,96,-39,-82,-114,48,-25,121,-111,-30,-52,-116,23,-78,86,-20
0,0,234,117,78,24,34,-19,-45,24,-44,-71,-120,-24,97,81,10,-79,-37,24,-97,75,13,-74,-95,48,-90,91,-42,27,-65,-66,-103,122,-97,-41
0,0,236,118,-84,64,-77,-112,-28,-57,-61,-109,-29,52,-67,124,51,-62,-30,-105,-91,99,31,-76,-110,51,-18,-87,16,-45,-37,-115,-123,120,-117,-59
0,0,238,119,33,5,-127,-25,118,5,-52,79,-25,111,-37,1,-53,-66,-49,-102,-99,75,13,-123,113,-90,-23,22,34,-29,19,-78,-76,-79,116,-4
0,0,240,120,127,34,-9,-75,-98,-46,49,-52,-123,-38,101,-28,-99,-93,6,-122,80,49,-25,-65,-26,89,72,-85,108,-105,47,55,-91,-30,-91,6
0,0,242,121,-18,-122,-4,47,32,-11,-21,102,-96,-69,31,-35,114,111,44,65,-27,127,-57,-91,77,17,118,-42,-98,-91,81,-121,36,-7,-77,86
0,0,244,122,-5,120,-54,2,-33,30,-90,-92,-54,19,19,6,55,-9,92,23,115,-116,71,-124,-54,-90,24,-56,49,42,-119,26,-13,-78,-48,58
0,0,246,123,-45,118,-14,69,67,-29,120,-57,-36,-127,61,84,-53,46,-13,-11,36,98,-29,15,-45,62,-8,61,20,-26,12,111,27,-17,-21,110
0,0,248,124,-3,9,-33,-71,33,30,6,-121,-31,29,58,-15,-12,-95,-120,-35,-32,97,85,-43,70,-83,-101,-107,50,52,-36,-5,-1,-92,-94,-9
0,0,250,125,109,-61,24,-103,65,-112,-115,28,9,-22,39,123,-60,-87,-41,69,82,103,-66,57,-35,-64,40,40,78,95,-66,-61,-40,-10,-75,63
0,0,252,126,-20,-7,-46,-33,8,34,74,6,-97,89,-45,60,0,-90,-122,51,8,89,119,-26,-52,98,-85,33,87,-82,-25,-96,106,-14,-75,-88
0,0,254,127,37,14,68,54,119,-118,-20,117,-93,42,122,-84,51,64,4,34,0,1,-77,-20,-87,91,-19,73,6,70,20,-104,-115,83,117,-70
0,0,256,128,-60,-7,-109,65,-64,-56,-125,66,75,-93,75,99,-27,31,53,-98,126,23,20,-83,-123,-44,100,-46,-65,-24,16,-106,116,97,-15,-94
0,0,258,129,-93,41,-43,36,-67,-69,57,-125,-86,-83,50,7,-72,-91,-115,17,37,-51,-49,-65,-119,-75,74,-108,-103,67,35,-40,77,-13,-41,-23
0,0,260,130,3,-63,-7,-123,29,61,94,53,-68,43,29,55,68,-65,99,-10,-85,-32,101,-73,57,18,71,-59,-1,85,-126,-85,37,-2,22,-99
0,0,262,131,-26,92,73,10,89,-78,105,-48,13,-112,-107,28,8,70,-14,85,41,66,122,-14,-120,-90,-73,-13,46,25,-5,-69,36,-106,-62,-51
0,0,264,132,-120,57,-3,10,-58,50,-101,-74,-106,12,9,-89,118,127,-83,36,-6,-57,-58,-46,-75,-114,-91,115,62,-97,-106,111,0,55,-122,14
0,0,266,133,-43,-46,-109,58,62,121,-31,-97,91,69,-20,-125,-90,-122,23,-122,5,53,-40,112,-78,4,-5,7,-121,55,83,-78,-94,-9,-124,81
0,0,268,134,28,-71,73,86,-78,-120,18,88,68,32,66,22,16,71,-121,-63,67,-67,82,21,77,-43,-44,76,-96,-97,87,43,-79,8,-31,124
0,0,270,135,-40,14,-11,-123,22,118,118,80,99,-127,29,-116,97,-66,-99,-71,98,55,16,93,-17,73,-67,55,-110,-15,76,9,-16,72,-65,-117
0,0,272,136,117,3,8,12,96,16,-3,-62,-21,52,-5,68,-57,-122,-41,11,37,-79,40,-125,-72,-125,-60,106,103,8,-92,112,-62,-60,5,12
0,0,274,137,1,41,-118,0,-96,60,118,-54,-48,69,9,-17,14,-104,73,-107,50,69,49,91,-75,45,20,105,27,-36,-92,12,-95,2,87,-2
0,0,276,138,16,3,6,118,-37,37,31,12,16,-118,39,-48,55,-38,-25,-75,119,-59,-95,-103,14,-15,89,35,26,-15,-46,61,48,51,-62,102
0,0,278,139,-71,-2,71,99,-107,47,-3,53,35,31,2,40,104,-19,3,-5,-123,126,-105,4,-126,114,-74,-37,-104,50,57,-62,-121,18,-114,31
0,0,280,140,-58,-80,6,110,34,69,91,115,33,-15,-107,-114,-106,-2,-40,38,-104,89,-126,-102,123,-9,28,-124,23,-113,-35,49,77,57,56,123
0,0,282,141,-92,-112,-120,31,4,-5,-69,38,99,-93,21,-70,80,-3,45,51,-123,18,-95,124,-112,71,-30,72,-44,-56,-91,-63,-20,-30,65,-119
0,0,284,142,-56,61,-13,-72,-55,89,111,102,12,-90,-48,-57,-39,52,37,-89,-14,34,-23,-53,-55,93,43,84,-122,-79,-17,110,8,3,-123,-31
0,0,286,143,-17,-17,-17,-17,-17,-17,-17,-17,-17,-17,-17,-17,-17,-17,-17,-17,-17,-17,-17,-17,-17,-17,-17,-17,-17,-17,-17,-17,-17,-17,-17,-17
1,0,0,144,-17,-17,-17,-17,-17,-17,-17,-17,-17,-17,-17,-17,-17,-17,-17,-17,-17,-17,-17,-17,-17,-17,-17,-17,-17,-17,-17,-17,-17,-17,-17,-17
1,0,2,145,104,-13,-91,-81,15,-28,7,30,82,20,-93,-92,-92,-79,45,-76,-14,-91,-78,125,59,-55,56,-75,103,110,40,48,54,-49,5,-105
1,0,4,146,10,-91,-56,81,-77,64,108,-92,-118,112,-81,-125,-57,121,111,86,32,-11,-58,-42,71,-13,-69,-36,94,40,-43,-54,121,-67,62,125
1,0,6,147,-103,106,21,-30,-121,11,-62,-122,22,-122,84,-67,108,-90,-38,-84,64,-93,58,54,-13,-36,81,-58,-88,-20,17,-4,-66,9,-86,116
1,0,8,148,17,122,-30,53,65,-53,60,56,29,16,-19,108,-78,-124,-95,-52,-59,-86,68,-85,-20,-103,-20,65,-116,-56,110,-57,-98,-111,-34,108
1,0,10,149,28,-21,-29,56,47,65,-8,-84,-46,-86,24,54,-35,-31,120,-11,94,-102,-54,-122,-80,-11,44,43,122,-125,12,-36,-113,58,-11,113
1,0,12,150,-118,-100,-116,108,60,-10,84,-91,94,17,-10,65,-3,-57,-72,-39,-126,86,112,57,-64,-89,-58,1,-32,-102,109,-73,-109,-67,-43,-4
1,0,14,151,109,-9,-25,39,-97,-55,119,-10,-78,18,114,28,101,-11,-69,109,28,-38,70,-125,-63,48,-31,63,-49,109,19,-35,-106,66,8,-49
1,0,16,152,61,-9,52,-27,-78,-47,-17,118,-117,-40,-10,4,-122,-77,-57,87,51,15,-106,-92,-16,-103,4,-125,94,81,17,-25,46,38,-25,46
1,0,18,153,63,-69,-70,58,34,60,113,34,32,-71,-111,99,67,113,-114,-122,15,-113,30,-103,-5,4,36,-17,-105,-22,-31,109,110,-3,-97,67
1,0,20,154,-66,124,-44,29,107,110,73,-83,-88,-8,59,14,-105,-66,73,-123,121,122,7,21,88,-67,62,-34,-38,34,24,127,88,-3,16,-61
1,0,22,155,113,77,103,-25,58,-39,-4,97,-46,-69,-55,61,43,-21,-12,-35,69,14,-53,13,71,118,-25,-49,76,76,78,25,-83,-37,88,38
1,0,24,156,-61,-52,-3,-93,-20,29,103,-87,119,-16,-31,127,-97,-65,54,-126,-72,-51,-61,56,116,62,95,-5,-68,108,52,-94,34,-57,-62,114
1,0,26,157,125,-104,80,-2,-108,-1,8,123,72,41,-78,83,-24,112,36,-66,70,-118,6,5,84,106,94,36,21,90,107,-39,-42,-7,22,126
1,0,28,158,-88,-48,104,-38,-47,96,116,-46,105,-71,107,8,-76,31,-23,45,60,114,43,-123,-54,-74,-91,-81,-80,45,18,7,-1,90,-5,59
1,0,30,159,-87,77,-18,-114,-54,36,-109,41,-87,-67,-41,-68,-31,-88,68,97,-103,94,6,22,42,-6,115,32,74,-104,21,49,-92,-6,-7,62
1,0,32,160,73,-87,37,78,-51,-99,-60,-98,111,95,-89,116,-45,-80,-43,87,-1,9,35,76,71,23,4,-35,-126,-27,-61,109,0,47,-41,45
1,0,34,161,98,36,-122,65,-37,-30,-125,90,-77,70,63,87,114,-11,86,-47,51,-79,-82,-68,64,50,109,-68,10,-79,77,54,10,-104,33,14
1,0,36,162,15,117,-93,32,29,-50,-67,-31,94,-118,-14,13,35,41,89,-125,109,-105,111,-7,-16,91,126,-29,-36,79,-108,-71,118,-56,-58,26
1,0,38,163,-25,-119,-27,26,-44,-33,102,118,-47,127,-33,-28,-14,10,86,-47,110,52,36,64,-63,52,-108,9,81,-16,30,-84,91,5,9,-124
1,0,40,164,55,-94,69,19,-19,-64,94,80,-67,-6,61,-113,36,-19,-96,10,105,31,55,-63,119,-109,-78,-113,103,64,124,65,46,75,99,-106
1,0,42,165,87,71,-77,90,-104,-63,-12,86,88,44,86,-26,-104,-111,-108,-24,-16,36,80,-94,-68,-72,92,-2,-1,126,-75,-51,-45,83,63,-120
1,0,44,166,-123,105,35,104,-70,-3,-113,26,-103,-28,-66,77,1,-121,17,-84,-124,54,-87,37,34,-16,76,78,-99,-75,-88,35,-71,34,62,-40
1,0,46,167,-101,-49,96,-14,92,56,61,24,-102,89,90,28,-20,-6,-63,119,29,-83,-88,11,-91,86,-10,22,104,63,1,-5,-5,39,115,-37
1,0,48,168,-19,-94,16,-72,-116,44,64,-82,81,53,-107,-53,-81,-59,71,119,112,81,58,-113,-108,119,-52,118,49,10,-82,112,53,71,41,122
1,0,50,169,-106,79,-60,81,-112,58,21,-16,104,46,-127,22,-47,-59,-8,-14,-46,47,109,-122,70,-63,102,98,-47,1,-88,-11,-123,-102,18,-82
1,0,52,170,13,-113,-90,-121,-10,34,42,-92,24,-109,35,-38,-109,108,15,-93,-27,6,-24,49,-49,119,-81,-40,-77,66,-37,-107,38,-8,-91,-59
1,0,54,171,-124,47,2,55,64,15,124,-108,49,90,-113,39,72,55,-29,31,35,127,36,-95,-21,-56,-6,-61,-57,-4,-16,126,-87,-81,42,102
1,0,56,172,-111,88,54,-105,86,-51,33,50,65,-64,-51,-48,115,-14,-107,-100,-60,106,-59,-127,-61,15,25,49,-83,18,8,45,-72,108,-41,-101
1,0,58,173,61,-78,100,115,51,-118,46,102,-93,-105,-108,46,-55,-116,48,-92,105,54,-119,-52,52,15,-70,54,-1,-70,-86,94,30,72,-41,-118
1,0,60,174,100,24,-37,58,-29,109,-70,-126,118,-84,-84,67,68,-122,32,-101,90,-70,8,-43,-108,-12,-11,-39,91,60,-113,9,-112,10,-98,-82
1,0,62,175,45,-112,-15,-56,-2,-64,18,98,100,52,6,100,33,105,56,105,66,5,-116,-12,-27,-6,-47,-54,-87,47,-53,-30,51,42,58,5
1,0,64,176,-58,38,-45,38,-79,6,26,78,98,-86,-97,60,26,25,-55,-7,101,-125,27,-105,44,84,-110,111,-67,96,-77,18,87,14,95,51
1,0,66,177,114,69,-88,60,108,-15,-53,101,-59,-104,-33,-113,-96,73,69,76,62,-91,-125,-118,8,-74,-88,109,-89,74,121,90,102,-53,-36,121
1,0,68,178,-35,-37,111,15,97,86,35,113,-116,-105,25,-79,18,-32,-41,47,-39,61,2,-7,-41,94,4,27,-59,-91,50,119,-35,127,124,-113
1,0,70,179,-43,-45,55,-109,90,7,8,127,32,46,106,36,-7,-109,3,51,-31,-98,79,-127,101,118,-58,-90,-105,85,-81,57,-42,-61,-72,-23
1,0,72,180,37,-2,97,-74,-104,48,118,88,-123,-120,40,86,-80,-68,26,41,87,98,-44,92,-10,-76,-39,-125,-63,80,116,-23,106,-13,-79,57
1,0,74,181,-108,-71,-17,-44,-126,-100,-19,-20,30,34,-104,-125,103,35,122,73,86,-15,122,88,-25,111,-67,109,-58,2,-112,-124,-102,110,114,-21
1,0,76,182,91,-127,-12,-126,76,90,-121,-96,-91,-11,114,31,-115,-33,42,26,127,-68,89,-97,-81,-74,56,34,3,64,51,36,-93,-79,-5,-8
1,0,78,183,-89,103,-77,-71,74,19,-116,89,-62,-80,8,-23,-123,-49,38,-94,-120,-69,-23,41,-10,-1,-38,100,85,83,115,-24,0,32,87,22
1,0,80,184,58,46,-108,-109,25,81,-78,78,-105,-52,-82,20,116,87,-121,49,66,29,-9,104,-111,-5,27,40,-25,34,-120,-43,-3,32,-51,57
1,0,82,185,-22,80,25,-87,19,38,64,110,6,-86,119,10,-52,114,-49,49,43,-74,-88,91,66,112,10,65,-43,88,73,-54,9,-14,-39,-33
1,0,84,186,-18,-43,77,69,55,-114,12,4,99,-20,-113,-35,106,7,-84,-92,32,89,-8,-23,81,-30,-60,51,52,66,103,23,107,103,-39,-41
1,0,86,187,101,48,38,-15,-42,88,-92,0,39,-54,-108,-5,111,-34,113,55,46,105,-56,13,16,-55,8,-63,43,-109,-12,-76,24,17,-109,45
1,0,88,188,73,26,-51,-10,-43,-49,-107,90,110,61,-31,100,89,-61,-125,-123,3,-35,-110,38,42,-56,-98,66,-115,-80,-29,-124,-58,77,-56,52
1,0,90,189,109,-39,99,117,110,99,91,-70,71,-94,-118,89,13,-46,-102,118,72,-68,119,66,7,75,90,109,18,41,81,82,-94,2,10,57
1,0,92,190,-12,87,29,-69,-62,-109,-112,80,85,-73,56,-34,-84,-19,43,51,96,-93,62,59,-72,-93,46,-74,-50,38,105,55,23,-42,77,-85
1,0,94,191,-86,-89,-123,-51,-127,53,91,46,-12,40,-48,54,32,-57,-27,105,-30,64,58,35,87,-9,112,69,-72,16,-53,63,-34,-3,127,-54
1,0,96,192,-37,38,85,-97,-73,-122,-97,-47,97,58,111,-60,75,-72,59,-105,6,55,-78,-120,49,68,-121,-20,-42,42,-111,-42,-83,-118,4,118
1,0,98,193,3,83,46,-97,-88,-36,115,108,-127,14,9,-77,-103,84,-85,-3,-25,21,-19,31,37,82,-44,37,24,-122,43,69,4,54,64,6
1,0,100,194,32,-24,-119,124,38,-19,97,-37,-127,-67,-35,-123,15,-98,32,84,60,-108,110,-105,69,-48,44,-73,93,99,-69,-103,-79,126,-13,-119
1,0,102,195,-121,-6,56,25,76,97,5,-35,-88,63,-69,-47,94,59,127,59,78,99,114,101,-119,-57,-125,51,-13,86,87,100,-46,67,43,-104
1,0,104,196,75,92,54,-93,-22,-22,-11,30,-11,35,86,-65,12,-90,106,111,101,40,50,-22,-100,81,-84,-110,44,124,11,-99,-122,-48,-20,73
1,0,106,197,-10,-17,-19,-40,-46,-102,58,-74,86,113,22,-39,26,118,97,111,111,104,-13,-125,124,-118,-76,-58,-85,93,105,113,-58,58,-67,-90
1,0,108,198,42,0,83,-32,-83,76,-18,-17,-9,25,-26,127,-92,9,77,-49,96,18,18,-39,95,115,-108,-11,-117,86,-57,98,31,75,102,-92
1,0,110,199,7,-86,23,126,-112,124,-92,-77,-18,-111,-53,-93,-62,-67,-76,-10,121,101,-45,-26,-75,-22,-13,-52,110,-122,118,59,62,-86,-82,-93
1,0,112,200,-28,-18,-105,11,60,23,-58,-32,-103,-2,11,-28,36,-45,64,95,-61,-91,-72,36,105,112,-33,-64,110,80,114,112,-66,111,-70,-39
1,0,114,201,84,117,71,36,-116,-7,-95,22,-32,-60,72,43,-31,-40,122,-7,45,-53,45,14,20,23,60,-5,0,-105,-52,-83,-54,-108,45,76
1,0,116,202,125,51,116,-33,81,61,-112,100,56,-82,2,-6,-75,85,-39,87,-2,-39,85,-94,42,-67,-102,91,54,102,34,-9,4,22,-83,36
1,0,118,203,-93,-100,9,12,116,-122,125,109,105,1,3,-19,-127,61,19,17,-46,-12,-7,44,124,-23,-33,-40,58,91,-54,-96,-113,55,101,124
1,0,120,204,28,-18,122,57,91,-90,-82,-13,-53,-37,87,-11,-50,99,-47,22,87,-1,-119,-111,-5,0,45,93,-10,-46,-64,-29,-83,-14,74,85
1,0,122,205,115,-60,-66,46,-54,-17,-109,31,-25,59,-15,-115,-104,49,-45,-83,19,84,-90,36,-87,93,36,-123,56,0,56,-19,126,-119,101,1
1,0,124,206,-126,-86,-117,49,3,9,126,-72,-46,45,-77,-60,70,84,10,65,126,-11,102,-121,-32,87,102,82,3,63,-58,54,-94,-91,121,-3
1,0,126,207,120,-30,23,-114,-31,85,60,77,21,-101,122,-83,-43,63,-86,-1,31,-101,56,-69,-17,-47,20,-53,2,12,-57,-52,100,25,-114,16
1,0,128,208,-28,-17,-87,-35,98,-11,100,-94,-32,-27,109,-106,-76,-111,-27,10,64,-113,103,-72,74,-48,-61,-17,87,-22,-39,-125,23,25,-23,108
1,0,130,209,-50,-66,-117,43,1,77,14,-71,-41,12,-38,-6,-122,-93,3,-31,89,-17,86,-111,48,12,59,113,93,87,-90,-39,123,102,126,-112
1,0,132,210,-96,-15,-87,11,25,61,-10,114,49,23,96,58,-54,-87,14,47,26,-65,64,-41,-36,-101,111,-82,-72,-31,70,109,-80,110,-88,-12
1,0,134,211,69,5,16,38,-55,125,7,-31,-51,65,104,0,-73,-107,-55,24,81,38,-73,-30,-82,-6,84,44,-55,-99,25,-103,-66,-67,-13,89
1,0,136,212,-27,48,-71,-112,5,75,-83,-38,93,86,68,-100,-113,-105,-59,-29,119,102,32,59,47,-32,14,12,13,109,-70,-90,84,103,67,-87
1,0,138,213,-93,-48,76,101,-92,29,23,-72,123,126,24,68,-13,74,73,23,98,-15,127,104,10,-65,58,33,43,9,82,51,117,-113,41,-119
1,0,140,214,124,-77,-59,58,118,-73,11,-55,-12,50,-5,110,87,-22,-123,-37,79,91,5,-32,-79,95,-42,-44,18,96,10,88,-3,4,126,-52
1,0,142,215,63,39,7,31,72,70,110,25,-26,36,79,-95,-93,47,-32,33,-83,-50,-35,-6,-78,-67,-26,101,-82,50,-106,71,27,-63,111,-111
1,0,144,216,103,-37,-54,42,116,-83,-28,-54,72,83,-99,96,94,-65,13,4,62,50,-91,95,-111,82,-59,86,-63,52,-51,86,-36,-36,100,60
1,0,146,217,-31,-11,-123,-65,-4,-98,22,94,48,-19,-53,-82,81,-104,-91,69,-37,-81,-123,-115,0,-123,-25,81,79,-16,63,-99,118,26,-36,-47
1,0,148,218,48,-88,-96,104,-11,-114,99,76,-117,-72,16,10,16,44,-39,64,125,39,101,60,-110,-124,-99,107,-79,106,-34,-100,58,-98,-89,25
1,0,150,219,76,40,-68,-28,-73,31,-59,-100,-71,30,-114,79,-24,-40,127,73,-69,53,53,52,38,-5,-87,-127,-118,109,115,95,-111,9,18,76
1,0,152,220,104,50,76,83,-29,48,122,-11,-13,-14,113,-20,112,-58,66,-54,-68,73,51,-76,-42,-81,57,-81,-91,-68,54,12,42,30,-73,126
1,0,154,221,60,-24,88,-91,62,-109,-72,-5,-15,-58,-47,-47,98,28,-50,-16,-45,101,0,48,58,-103,40,63,12,77,44,-50,47,31,-77,-112
1,0,156,222,-43,-38,-121,121,116,3,116,48,-17,-65,93,59,123,126,-111,-77,-98,21,-28,37,-29,-70,67,45,38,54,-105,-116,11,-121,-41,-7
1,0,158,223,125,109,-44,-87,-51,118,123,97,49,-126,-121,-114,59,-110,-50,-80,-49,35,50,-95,79,-49,122,11,64,32,-68,-54,112,-65,-40,-1
1,0,160,224,-124,-49,55,61,101,-35,-65,95,-3,113,97,-94,-34,-97,2,-47,92,4,-26,122,66,-28,-73,-40,-124,-121,-53,-104,46,-94,113,-121
1,0,162,225,-126,51,-102,86,84,106,-88,62,106,17,37,-8,107,-42,-24,94,45,-48,-14,119,64,-17,-90,-31,90,-65,-94,97,-104,-23,46,-46
1,0,164,226,-41,67,-57,-106,24,-36,31,-53,-120,35,12,16,33,33,111,119,51,21,78,34,46,72,8,-50,91,31,46,94,-31,78,101,0
1,0,166,227,-76,107,57,14,-5,-23,109,108,22,99,-37,-72,122,-102,94,58,116,87,45,-55,82,-123,115,32,-11,2,-123,18,-64,-109,99,104
1,0,168,228,-47,-38,21,106,7,-65,62,-117,55,111,-5,22,-7,122,-91,2,116,-9,33,109,-39,89,43,105,-21,-127,-96,95,-54,-82,11,86
1,0,170,229,-125,67,-14,-90,65,66,78,-27,-97,59,-70,82,49,86,44,20,-53,-49,-4,67,-38,-57,61,-13,105,-17,96,-122,-48,94,-67,-21
1,0,172,230,80,73,-18,121,71,-57,-3,61,89,12,114,-64,110,-60,51,95,-86,72,-66,-9,-56,-22,-119,-60,-121,87,-53,93,-86,-8,102,39
1,0,174,231,-88,60,55,57,-114,-12,110,-80,103,-41,64,-122,-27,54,95,102,68,19,55,-73,-84,-68,117,34,46,-77,52,123,87,-45,-41,78
1,0,176,232,-32,-127,-124,-106,114,23,81,-114,105,-108,23,31,-79,41,-76,69,83,-100,4,106,-111,-61,85,79,16,49,25,42,44,-3,4,-5
1,0,178,233,88,-110,-73,12,-33,-36,-44,96,-87,73,24,58,119,-61,-88,49,-84,39,-73,-16,-122,-67,-70,8,54,86,-34,44,-120,108,26,-19
1,0,180,234,55,59,-31,48,-40,-59,-127,-77,121,-77,-53,4,61,121,-53,-99,87,87,124,8,35,22,-27,9,-72,98,14,-26,101,-37,-4,-7
1,0,182,235,-25,-64,-26,-71,-78,43,15,118,-47,-88,-55,10,3,43,67,96,-40,77,-70,85,61,-23,27,125,-82,-10,-7,15,-119,85,71,0
1,0,184,236,24,-58,65,-50,8,121,47,-20,81,65,80,-120,9,-67,-73,42,22,47,-57,111,-97,75,16,-28,89,-3,61,-101,47,32,101,126
1,0,186,237,-106,34,-46,118,42,83,39,75,97,95,-67,-88,124,50,-19,37,-103,-117,47,46,-49,-47,-81,-40,-67,12,0,-85,104,52,-18,23
1,0,188,238,103,-24,115,-115,-88,-77,41,15,-42,-46,21,-126,9,-1,55,-113,-108,-29,78,-38,-33,78,40,-36,-34,64,-43,103,-117,48,-20,-50
1,0,190,239,-8,-32,99,-11,32,-67,0,-50,85,100,97,-2,-21,-24,-46,-122,-56,21,7,-61,123,95,-117,74,1,54,16,-119,-119,26,-8,-73
1,0,192,240,-74,121,29,-70,-20,13,-68,109,-41,-59,-117,33,17,72,46,-123,-102,106,78,77,-6,78,8,-116,22,-93,-45,117,22,62,-74,-6
1,0,194,241,-77,50,91,126,-109,103,112,-43,69,-98,49,52,3,37,-21,33,-13,-48,-61,-26,-94,-33,64,57,-73,33,-105,-39,64,7,127,11
1,0,196,242,-8,19,92,52,55,50,-77,-89,10,48,-100,-60,13,-17,-112,99,57,42,-28,30,125,-99,63,-84,83,113,-77,-61,29,75,64,108
1,0,198,243,6,32,38,90,47,-41,38,-21,108,118,-47,-6,-20,-43,61,118,-85,-2,-21,-8,-46,-117,89,-115,-32,23,84,122,118,-49,38,-97
1,0,200,244,-116,21,-102,-79,106,-117,18,11,-24,125,-42,-95,55,38,46,25,40,-56,38,-70,-86,8,-32,-4,123,113,-69,-70,55,31,-23,-38
1,0,202,245,-42,111,-84,-33,-62,50,-20,74,-109,-59,114,-58,17,55,86,-114,-28,-25,60,-75,-19,21,-65,-121,75,-113,-79,96,26,38,-7,-24
1,0,204,246,-9,-93,-8,-116,125,22,-110,80,29,30,-77,18,-103,70,-119,-32,125,-63,-29,-106,91,-113,-70,-26,114,-102,-123,89,123,-12,27,9
1,0,206,247,-33,-66,-69,-42,79,28,1,-105,-77,-24,57,-24,24,-82,40,43,21,93,61,-102,53,45,-32,-18,-37,-80,76,-6,-12,-120,125,85
1,0,208,248,-77,-41,117,112,77,106,98,29,-57,-60,-28,-33,44,33,88,-27,-8,125,125,-2,36,-68,85,-30,41,108,-97,101,127,89,48,66
1,0,210,249,-89,-42,-76,15,89,-48,29,-78,-99,68,22,105,-7,66,98,-18,91,112,90,-60,-115,-84,100,-23,8,61,58,-71,37,-74,-63,91
1,0,212,250,-108,-37,-113,-89,126,121,91,126,5,-124,47,33,109,26,38,-93,-118,-17,-108,-50,123,108,-115,-64,92,-110,28,-58,24,62,-21,-82
1,0,214,251,-23,-113,-22,112,-43,52,-73,-46,-17,-30,-48,-57,117,-68,-117,124,78,67,37,104,117,81,51,-21,90,70,-112,-76,75,123,-27,18
1,0,216,252,40,-80,-94,2,-76,-53,33,90,108,3,-119,127,-20,-78,-121,-61,-31,43,36,-95,-126,82,49,-21,53,29,-86,-85,-36,93,76,22
1,0,218,253,-10,-22,44,34,107,-49,37,111,108,-11,-60,0,-104,-60,-33,-104,-49,19,73,60,71,12,-102,-116,31,90,26,-112,93,85,-124,24
1,0,220,254,64,-80,-32,108,114,23,38,-89,21,31,117,-16,-47,-37,-49,-55,25,-20,84,29,86,109,21,-74,-5,-54,-49,127,126,-115,105,28
1,0,222,255,31,-13,-57,-18,66,-32,55,61,37,-58,-54,-16,-76,-8,-81,-50,83,91,48,78,69,-74,-77,-24,-16,-76,-60,-72,9,30,16,-89
1,0,224,256,33,-65,90,104,16,116,60,124,-88,78,-89,40,101,9,-21,-72,24,-108,36,-33,-45,-96,51,-85,71,97,54,-34,-75,11,88,-33
1,0,226,257,18,-28,57,-125,116,-46,-16,-95,78,114,-52,31,114,-123,-4,92,97,78,19,88,82,-9,89,-27,-124,68,61,-53,-15,-77,-66,119
1,0,228,258,-80,-19,-9,53,-3,69,-23,79,23,118,-29,94,-47,-78,-46,56,73,-7,52,99,100,-77,-112,-96,-115,52,126,-88,-85,-12,66,-92
1,0,230,259,88,-10,71,114,-65,-82,-5,-15,-67,-26,-113,107,84,-51,-93,124,100,69,48,113,18,113,84,102,127,-119,-78,0,-27,-50,102,-105
1,0,232,260,66,-74,-42,54,51,-74,9,52,-111,123,58,-115,-62,48,-22,-109,71,96,-39,-82,-114,48,-25,121,-111,-30,-52,-116,23,-78,86,-20
1,0,234,261,78,24,34,-19,-45,24,-44,-71,-120,-24,97,81,10,-79,-37,24,-97,75,13,-74,-95,48,-90,91,-42,27,-65,-66,-103,122,-97,-41
1,0,236,262,-84,64,-77,-112,-28,-57,-61,-109,-29,52,-67,124,51,-62,-30,-105,-91,99,31,-76,-110,51,-18,-87,16,-45,-37,-115,-123,120,-117,-59
1,0,238,263,33,5,-127,-25,118,5,-52,79,-25,111,-37,1,-53,-66,-49,-102,-99,75,13,-123,113,-90,-23,22,34,-29,19,-78,-76,-79,116,-4
1,0,240,264,127,34,-9,-75,-98,-46,49,-52,-123,-38,101,-28,-99,-93,6,-122,80,49,-25,-65,-26,89,72,-85,108,-105,47,55,-91,-30,-91,6
1,0,242,265,-18,-122,-4,47,32,-11,-21,102,-96,-69,31,-35,114,111,44,65,-27,127,-57,-91,77,17,118,-42,-98,-91,81,-121,36,-7,-77,86
1,0,244,266,-5,120,-54,2,-33,30,-90,-92,-54,19,19,6,55,-9,92,23,115,-116,71,-124,-54,-90,24,-56,49,42,-119,26,-13,-78,-48,58
1,0,246,267,-45,118,-14,69,67,-29,120,-57,-36,-127,61,84,-53,46,-13,-11,36,98,-29,15,-45,62,-8,61,20,-26,12,111,27,-17,-21,110
1,0,248,268,-3,9,-33,-71,33,30,6,-121,-31,29,58,-15,-12,-95,-120,-35,-32,97,85,-43,70,-83,-101,-107,50,52,-36,-5,-1,-92,-94,-9
1,0,250,269,109,-61,24,-103,65,-112,-115,28,9,-22,39,123,-60,-87,-41,69,82,103,-66,57,-35,-64,40,40,78,95,-66,-61,-40,-10,-75,63
1,0,252,270,-20,-7,-46,-33,8,34,74,6,-97,89,-45,60,0,-90,-122,51,8,89,119,-26,-52,98,-85,33,87,-82,-25,-96,106,-14,-75,-88
1,0,254,271,37,14,68,54,119,-118,-20,117,-93,42,122,-84,51,64,4,34,0,1,-77,-20,-87,91,-19,73,6,70,20,-104,-115,83,117,-70
1,0,256,272,-60,-7,-109,65,-64,-56,-125,66,75,-93,75,99,-27,31,53,-98,126,23,20,-83,-123,-44,100,-46,-65,-24,16,-106,116,97,-15,-94
1,0,258,273,-93,41,-43,36,-67,-69,57,-125,-86,-83,50,7,-72,-91,-115,17,37,-51,-49,-65,-119,-75,74,-108,-103,67,35,-40,77,-13,-41,-23
1,0,260,274,3,-63,-7,-123,29,61,94,53,-68,43,29,55,68,-65,99,-10,-85,-32,101,-73,57,18,71,-59,-1,85,-126,-85,37,-2,22,-99
1,0,262,275,-26,92,73,10,89,-78,105,-48,13,-112,-107,28,8,70,-14,85,41,66,122,-14,-120,-90,-73,-13,46,25,-5,-69,36,-106,-62,-51
1,0,264,276,-120,57,-3,10,-58,50,-101,-74,-106,12,9,-89,118,127,-83,36,-6,-57,-58,-46,-75,-114,-91,115,62,-97,-106,111,0,55,-122,14
1,0,266,277,-43,-46,-109,58,62,121,-31,-97,91,69,-20,-125,-90,-122,23,-122,5,53,-40,112,-78,4,-5,7,-121,55,83,-78,-94,-9,-124,81
1,0,268,278,28,-71,73,86,-78,-120,18,88,68,32,66,22,16,71,-121,-63,67,-67,82,21,77,-43,-44,76,-96,-97,87,43,-79,8,-31,124
1,0,270,279,-40,14,-11,-123,22,118,118,80,99,-127,29,-116,97,-66,-99,-71,98,55,16,93,-17,73,-67,55,-110,-15,76,9,-16,72,-65,-117
1,0,272,280,117,3,8,12,96,16,-3,-62,-21,52,-5,68,-57,-122,-41,11,37,-79,40,-125,-72,-125,-60,106,103,8,-92,112,-62,-60,5,12
1,0,274,281,1,41,-118,0,-96,60,118,-54,-48,69,9,-17,14,-104,73,-107,50,69,49,91,-75,45,20,105,27,-36,-92,12,-95,2,87,-2
1,0,276,282,16,3,6,118,-37,37,31,12,16,-118,39,-48,55,-38,-25,-75,119,-59,-95,-103,14,-15,89,35,26,-15,-46,61,48,51,-62,102
1,0,278,283,-71,-2,71,99,-107,47,-3,53,35,31,2,40,104,-19,3,-5,-123,126,-105,4,-126,114,-74,-37,-104,50,57,-62,-121,18,-114,31
1,0,280,284,-58,-80,6,110,34,69,91,115,33,-15,-107,-114,-106,-2,-40,38,-104,89,-126,-102,123,-9,28,-124,23,-113,-35,49,77,57,56,123
1,0,282,285,-92,-112,-120,31,4,-5,-69,38,99,-93,21,-70,80,-3,45,51,-123,18,-95,124,-112,71,-30,72,-44,-56,-91,-63,-20,-30,65,-119
1,0,284,286,-56,61,-13,-72,-55,89,111,102,12,-90,-48,-57,-39,52,37,-89,-14,34,-23,-53,-55,93,43,84,-122,-79,-17,110,8,3,-123,-31
1,0,286,287,-17,-17,-17,-17,-17,-17,-17,-17,-17,-17,-17,-17,-17,-17,-17,-17,-17,-17,-17,-17,-17,-17,-17,-17,-17,-17,-17,-17,-17,-17,-17,-17
2,0,0,288,-17,-17,-17,-17,-17,-17,-17,-17,-17,-17,-17,-17,-17,-17,-17,-17,-17,-17,-17,-17,-17,-17,-17,-17,-17,-17,-17,-17,-17,-17,-17,-17
2,0,2,289,104,-13,-91,-81,15,-28,7,30,82,20,-93,-92,-92,-79,45,-76,-14,-91,-78,125,59,-55,56,-75,103,110,40,48,54,-49,5,-105
2,0,4,290,10,-91,-56,81,-77,64,108,-92,-118,112,-81,-125,-57,121,111,86,32,-11,-58,-42,71,-13,-69,-36,94,40,-43,-54,121,-67,62,125
2,0,6,291,-103,106,21,-30,-121,11,-62,-122,22,-122,84,-67,108,-90,-38,-84,64,-93,58,54,-13,-36,81,-58,-88,-20,17,-4,-66,9,-86,116
2,0,8,292,17,122,-30,53,65,-53,60,56,29,16,-19,108,-78,-124,-95,-52,-59,-86,68,-85,-20,-103,-20,65,-116,-56,110,-57,-98,-111,-34,108
2,0,10,293,28,-21,-29,56,47,65,-8,-84,-46,-86,24,54,-35,-31,120,-11,94,-102,-54,-122,-80,-11,44,43,122,-125,12,-36,-113,58,-11,113
2,0,12,294,-118,-100,-116,108,60,-10,84,-91,94,17,-10,65,-3,-57,-72,-39,-126,86,112,57,-64,-89,-58,1,-32,-102,109,-73,-109,-67,-43,-4
2,0,14,295,109,-9,-25,39,-97,-55,119,-10,-78,18,114,28,101,-11,-69,109,28,-38,70,-125,-63,48,-31,63,-49,109,19,-35,-106,66,8,-49
2,0,16,296,61,-9,52,-27,-78,-47,-17,118,-117,-40,-10,4,-122,-77,-57,87,51,15,-106,-92,-16,-103,4,-125,94,81,17,-25,46,38,-25,46
2,0,18,297,63,-69,-70,58,34,60,113,34,32,-71,-111,99,67,113,-114,-122,15,-113,30,-103,-5,4,36,-17,-105,-22,-31,109,110,-3,-97,67
2,0,20,298,-66,124,-44,29,107,110,73,-83,-88,-8,59,14,-105,-66,73,-123,121,122,7,21,88,-67,62,-34,-38,34,24,127,88,-3,16,-61
2,0,22,299,113,77,103,-25,58,-39,-4,97,-46,-69,-55,61,43,-21,-12,-35,69,14,-53,13,71,118,-25,-49,76,76,78,25,-83,-37,88,38
2,0,24,300,-61,-52,-3,-93,-20,29,103,-87,119,-16,-31,127,-97,-65,54,-126,-72,-51,-61,56,116,62,95,-5,-68,108,52,-94,34,-57,-62,114
2,0,26,301,125,-104,80,-2,-108,-1,8,123,72,41,-78,83,-24,112,36,-66,70,-118,6,5,84,106,94,36,21,90,107,-39,-42,-7,22,126
2,0,28,302,-88,-48,104,-38,-47,96,116,-46,105,-71,107,8,-76,31,-23,45,60,114,43,-123,-54,-74,-91,-81,-80,45,18,7,-1,90,-5,59
2,0,30,303,-87,77,-18,-114,-54,36,-109,41,-87,-67,-41,-68,-31,-88,68,97,-103,94,6,22,42,-6,115,32,74,-104,21,49,-92,-6,-7,62
2,0,32,304,73,-87,37,78,-51,-99,-60,-98,111,95,-89,116,-45,-80,-43,87,-1,9,35,76,71,23,4,-35,-126,-27,-61,109,0,47,-41,45
2,0,34,305,98,36,-122,65,-37,-30,-125,90,-77,70,63,87,114,-11,86,-47,51,-79,-82,-68,64,50,109,-68,10,-79,77,54,10,-104,33,14
2,0,36,306,15,117,-93,32,29,-50,-67,-31,94,-118,-14,13,35,41,89,-125,109,-105,111,-7,-16,91,126,-29,-36,79,-108,-71,118,-56,-58,26
2,0,38,307,-25,-119,-27,26,-44,-33,102,118,-47,127,-33,-28,-14,10,86,-47,110,52,36,64,-63,52,-108,9,81,-16,30,-84,91,5,9,-124
2,0,40,308,55,-94,69,19,-19,-64,94,80,-67,-6,61,-113,36,-19,-96,10,105,31,55,-63,119,-109,-78,-113,103,64,124,65,46,75,99,-106
2,0,42,309,87,71,-77,90,-104,-63,-12,86,88,44,86,-26,-104,-111,-108,-24,-16,36,80,-94,-68,-72,92,-2,-1,126,-75,-51,-45,83,63,-120
2,0,44,310,-123,105,35,104,-70,-3,-113,26,-103,-28,-66,77,1,-121,17,-84,-124,54,-87,37,34,-16,76,78,-99,-75,-88,35,-71,34,62,-40
2,0,46,311,-101,-49,96,-14,92,56,61,24,-102,89,90,28,-20,-6,-63,119,29,-83,-88,11,-91,86,-10,22,104,63,1,-5,-5,39,115,-37
2,0,48,312,-19,-94,16,-72,-116,44,64,-82,81,53,-107,-53,-81,-59,71,119,112,81,58,-113,-108,119,-52,118,49,10,-82,112,53,71,41,122
2,0,50,313,-106,79,-60,81,-112,58,21,-16,104,46,-127,22,-47,-59,-8,-14,-46,47,109,-122,70,-63,102,98,-47,1,-88,-11,-123,-102,18,-82
2,0,52,314,13,-113,-90,-121,-10,34,42,-92,24,-109,35,-38,-109,108,15,-93,-27,6,-24,49,-49,119,-81,-40,-77,66,-37,-107,38,-8,-91,-59
2,0,54,315,-124,47,2,55,64,15,124,-108,49,90,-113,39,72,55,-29,31,35,127,36,-95,-21,-56,-6,-61,-57,-4,-16,126,-87,-81,42,102
2,0,56,316,-111,88,54,-105,86,-51,33,50,65,-64,-51,-48,115,-14,-107,-100,-60,106,-59,-127,-61,15,25,49,-83,18,8,45,-72,108,-41,-101
2,0,58,317,61,-78,100,115,51,-118,46,102,-93,-105,-108,46,-55,-116,48,-92,105,54,-119,-52,52,15,-70,54,-1,-70,-86,94,30,72,-41,-118
2,0,60,318,100,24,-37,58,-29,109,-70,-126,118,-84,-84,67,68,-122,32,-101,90,-70,8,-43,-108,-12,-11,-39,91,60,-113,9,-112,10,-98,-82
2,0,62,319,45,-112,-15,-56,-2,-64,18,98,100,52,6,100,33,105,56,105,66,5,-116,-12,-27,-6,-47,-54,-87,47,-53,-30,51,42,58,5
2,0,64,320,-58,38,-45,38,-79,6,26,78,98,-86,-97,60,26,25,-55,-7,101,-125,27,-105,44,84,-110,111,-67,96,-77,18,87,14,95,51
2,0,66,321,114,69,-88,60,108,-15,-53,101,-59,-104,-33,-113,-96,73,69,76,62,-91,-125,-118,8,-74,-88,109,-89,74,121,90,102,-53,-36,121
2,0,68,322,-35,-37,111,15,97,86,35,113,-116,-105,25,-79,18,-32,-41,47,-39,61,2,-7,-41,94,4,27,-59,-91,50,119,-35,127,124,-113
2,0,70,323,-43,-45,55,-109,90,7,8,127,32,46,106,36,-7,-109,3,51,-31,-98,79,-127,101,118,-58,-90,-105,85,-81,57,-42,-61,-72,-23
2,0,72,324,37,-2,97,-74,-104,48,118,88,-123,-120,40,86,-80,-68,26,41,87,98,-44,92,-10,-76,-39,-125,-63,80,116,-23,106,-13,-79,57
2,0,74,325,-108,-71,-17,-44,-126,-100,-19,-20,30,34,-104,-125,103,35,122,73,86,-15,122,88,-25,111,-67,109,-58,2,-112,-124,-102,110,114,-21
2,0,76,326,91,-127,-12,-126,76,90,-121,-96,-91,-11,114,31,-115,-33,42,26,127,-68,89,-97,-81,-74,56,34,3,64,51,36,-93,-79,-5,-8
2,0,78,327,-89,103,-77,-71,74,19,-116,89,-62,-80,8,-23,-123,-49,38,-94,-120,-69,-23,41,-10,-1,-38,100,85,83,115,-24,0,32,87,22
2,0,80,328,58,46,-108,-109,25,81,-78,78,-105,-52,-82,20,116,87,-121,49,66,29,-9,104,-111,-5,27,40,-25,34,-120,-43,-3,32,-51,57
2,0,82,329,-22,80,25,-87,19,38,64,110,6,-86,119,10,-52,114,-49,49,43,-74,-88,91,66,112,10,65,-43,88,73,-54,9,-14,-39,-33
2,0,84,330,-18,-43,77,69,55,-114,12,4,99,-20,-113,-35,106,7,-84,-92,32,89,-8,-23,81,-30,-60,51,52,66,103,23,107,103,-39,-41
2,0,86,331,101,48,38,-15,-42,88,-92,0,39,-54,-108,-5,111,-34,113,55,46,105,-56,13,16,-55,8,-63,43,-109,-12,-76,24,17,-109,45
2,0,88,332,73,26,-51,-10,-43,-49,-107,90,110,61,-31,100,89,-61,-125,-123,3,-35,-110,38,42,-56,-98,66,-115,-80,-29,-124,-58,77,-56,52
2,0,90,333,109,-39,99,117,110,99,91,-70,71,-94,-118,89,13,-46,-102,118,72,-68,119,66,7,75,90,109,18,41,81,82,-94,2,10,57
2,0,92,334,-12,87,29,-69,-62,-109,-112,80,85,-73,56,-34,-84,-19,43,51,96,-93,62,59,-72,-93,46,-74,-50,38,105,55,23,-42,77,-85
2,0,94,335,-86,-89,-123,-51,-127,53,91,46,-12,40,-48,54,32,-57,-27,105,-30,64,58,35,87,-9,112,69,-72,16,-53,63,-34,-3,127,-54
2,0,96,336,-37,38,85,-97,-73,-122,-97,-47,97,58,111,-60,75,-72,59,-105,6,55,-78,-120,49,68,-121,-20,-42,42,-111,-42,-83,-118,4,118
2,0,98,337,3,83,46,-97,-88,-36,115,108,-127,14,9,-77,-103,84,-85,-3,-25,21,-19,31,37,82,-44,37,24,-122,43,69,4,54,64,6
2,0,100,338,32,-24,-119,124,38,-19,97,-37,-127,-67,-35,-123,15,-98,32,84,60,-108,110,-105,69,-48,44,-73,93,99,-69,-103,-79,126,-13,-119
2,0,102,339,-121,-6,56,25,76,97,5,-35,-88,63,-69,-47,94,59,127,59,78,99,114,101,-119,-57,-125,51,-13,86,87,100,-46,67,43,-104
2,0,104,340,75,92,54,-93,-22,-22,-11,30,-11,35,86,-65,12,-90,106,111,101,40,50,-22,-100,81,-84,-110,44,124,11,-99,-122,-48,-20,73
2,0,106,341,-10,-17,-19,-40,-46,-102,58,-74,86,113,22,-39,26,118,97,111,111,104,-13,-125,124,-118,-76,-58,-85,93,105,113,-58,58,-67,-90
2,0,108,342,42,0,83,-32,-83,76,-18,-17,-9,25,-26,127,-92,9,77,-49,96,18,18,-39,95,115,-108,-11,-117,86,-57,98,31,75,102,-92
2,0,110,343,7,-86,23,126,-112,124,-92,-77,-18,-111,-53,-93,-62,-67,-76,-10,121,101,-45,-26,-75,-22,-13,-52,110,-122,118,59,62,-86,-82,-93
2,0,112,344,-28,-18,-105,11,60,23,-58,-32,-103,-2,11,-28,36,-45,64,95,-61,-91,-72,36,105,112,-33,-64,110,80,114,112,-66,111,-70,-39
2,0,114,345,84,117,71,36,-116,-7,-95,22,-32,-60,72,43,-31,-40,122,-7,45,-53,45,14,20,23,60,-5,0,-105,-52,-83,-54,-108,45,76
2,0,116,346,125,51,116,-33,81,61,-112,100,56,-82,2,-6,-75,85,-39,87,-2,-39,85,-94,42,-67,-102,91,54,102,34,-9,4,22,-83,36
2,0,118,347,-93,-100,9,12,116,-122,125,109,105,1,3,-19,-127,61,19,17,-46,-12,-7,44,124,-23,-33,-40,58,91,-54,-96,-113,55,101,124
2,0,120,348,28,-18,122,57,91,-90,-82,-13,-53,-37,87,-11,-50,99,-47,22,87,-1,-119,-111,-5,0,45,93,-10,-46,-64,-29,-83,-14,74,85
2,0,122,349,115,-60,-66,46,-54,-17,-109,31,-25,59,-15,-115,-104,49,-45,-83,19,84,-90,36,-87,93,36,-123,56,0,56,-19,126,-119,101,1
2,0,124,350,-126,-86,-117,49,3,9,126,-72,-46,45,-77,-60,70,84,10,65,126,-11,102,-121,-32,87,102,82,3,63,-58,54,-94,-91,121,-3
2,0,126,351,120,-30,23,-114,-31,85,60,77,21,-101,122,-83,-43,63,-86,-1,31,-101,56,-69,-17,-47,20,-53,2,12,-57,-52,100,25,-114,16
2,0,128,352,-28,-17,-87,-35,98,-11,100,-94,-32,-27,109,-106,-76,-111,-27,10,64,-113,103,-72,74,-48,-61,-17,87,-22,-39,-125,23,25,-23,108
2,0,130,353,-50,-66,-117,43,1,77,14,-71,-41,12,-38,-6,-122,-93,3,-31,89,-17,86,-111,48,12,59,113,93,87,-90,-39,123,102,126,-112
2,0,132,354,-96,-15,-87,11,25,61,-10,114,49,23,96,58,-54,-87,14,47,26,-65,64,-41,-36,-101,111,-82,-72,-31,70,109,-80,110,-88,-12
2,0,134,355,69,5,16,38,-55,125,7,-31,-51,65,104,0,-73,-107,-55,24,81,38,-73,-30,-82,-6,84,44,-55,-99,25,-103,-66,-67,-13,89
2,0,136,356,-27,48,-71,-112,5,75,-83,-38,93,86,68,-100,-113,-105,-59,-29,119,102,32,59,47,-32,14,12,13,109,-70,-90,84,103,67,-87
2,0,138,357,-93,-48,76,101,-92,29,23,-72,123,126,24,68,-13,74,73,23,98,-15,127,104,10,-65,58,33,43,9,82,51,117,-113,41,-119
2,0,140,358,124,-77,-59,58,118,-73,11,-55,-12,50,-5,110,87,-22,-123,-37,79,91,5,-32,-79,95,-42,-44,18,96,10,88,-3,4,126,-52
2,0,142,359,63,39,7,31,72,70,110,25,-26,36,79,-95,-93,47,-32,33,-83,-50,-35,-6,-78,-67,-26,101,-82,50,-106,71,27,-63,111,-111
2,0,144,360,103,-37,-54,42,116,-83,-28,-54,72,83,-99,96,94,-65,13,4,62,50,-91,95,-111,82,-59,86,-63,52,-51,86,-36,-36,100,60
2,0,146,361,-31,-11,-123,-65,-4,-98,22,94,48,-19,-53,-82,81,-104,-91,69,-37,-81,-123,-115,0,-123,-25,81,79,-16,63,-99,118,26,-36,-47
2,0,148,362,48,-88,-96,104,-11,-114,99,76,-117,-72,16,10,16,44,-39,64,125,39,101,60,-110,-124,-99,107,-79,106,-34,-100,58,-98,-89,25
2,0,150,363,76,40,-68,-28,-73,31,-59,-100,-71,30,-114,79,-24,-40,127,73,-69,53,53,52,38,-5,-87,-127,-118,109,115,95,-111,9,18,76
2,0,152,364,104,50,76,83,-29,48,122,-11,-13,-14,113,-20,112,-58,66,-54,-68,73,51,-76,-42,-81,57,-81,-91,-68,54,12,42,30,-73,126
2,0,154,365,60,-24,88,-91,62,-109,-72,-5,-15,-58,-47,-47,98,28,-50,-16,-45,101,0,48,58,-103,40,63,12,77,44,-50,47,31,-77,-112
2,0,156,366,-43,-38,-121,121,116,3,116,48,-17,-65,93,59,123,126,-111,-77,-98,21,-28,37,-29,-70,67,45,38,54,-105,-116,11,-121,-41,-7
2,0,158,367,125,109,-44,-87,-51,118,123,97,49,-126,-121,-114,59,-110,-50,-80,-49,35,50,-95,79,-49,122,11,64,32,-68,-54,112,-65,-40,-1
2,0,160,368,-124,-49,55,61,101,-35,-65,95,-3,113,97,-94,-34,-97,2,-47,92,4,-26,122,66,-28,-73,-40,-124,-121,-53,-104,46,-94,113,-121
2,0,162,369,-126,51,-102,86,84,106,-88,62,106,17,37,-8,107,-42,-24,94,45,-48,-14,119,64,-17,-90,-31,90,-65,-94,97,-104,-23,46,-46
2,0,164,370,-41,67,-57,-106,24,-36,31,-53,-120,35,12,16,33,33,111,119,51,21,78,34,46,72,8,-50,91,31,46,94,-31,78,101,0
2,0,166,371,-76,107,57,14,-5,-23,109,108,22,99,-37,-72,122,-102,94,58,116,87,45,-55,82,-123,115,32,-11,2,-123,18,-64,-109,99,104
2,0,168,372,-47,-38,21,106,7,-65,62,-117,55,111,-5,22,-7,122,-91,2,116,-9,33,109,-39,89,43,105,-21,-127,-96,95,-54,-82,11,86
2,0,170,373,-125,67,-14,-90,65,66,78,-27,-97,59,-70,82,49,86,44,20,-53,-49,-4,67,-38,-57,61,-13,105,-17,96,-122,-48,94,-67,-21
2,0,172,374,80,73,-18,121,71,-57,-3,61,89,12,114,-64,110,-60,51,95,-86,72,-66,-9,-56,-22,-119,-60,-121,87,-53,93,-86,-8,102,39
2,0,174,375,-88,60,55,57,-114,-12,110,-80,103,-41,64,-122,-27,54,95,102,68,19,55,-73,-84,-68,117,34,46,-77,52,123,87,-45,-41,78
2,0,176,376,-32,-127,-124,-106,114,23,81,-114,105,-108,23,31,-79,41,-76,69,83,-100,4,106,-111,-61,85,79,16,49,25,42,44,-3,4,-5
2,0,178,377,88,-110,-73,12,-33,-36,-44,96,-87,73,24,58,119,-61,-88,49,-84,39,-73,-16,-122,-67,-70,8,54,86,-34,44,-120,108,26,-19
2,0,180,378,55,59,-31,48,-40,-59,-127,-77,121,-77,-53,4,61,121,-53,-99,87,87,124,8,35,22,-27,9,-72,98,14,-26,101,-37,-4,-7
2,0,182,379,-25,-64,-26,-71,-78,43,15,118,-47,-88,-55,10,3,43,67,96,-40,77,-70,85,61,-23,27,125,-82,-10,-7,15,-119,85,71,0
2,0,184,380,24,-58,65,-50,8,121,47,-20,81,65,80,-120,9,-67,-73,42,22,47,-57,111,-97,75,16,-28,89,-3,61,-101,47,32,101,126
2,0,186,381,-106,34,-46,118,42,83,39,75,97,95,-67,-88,124,50,-19,37,-103,-117,47,46,-49,-47,-81,-40,-67,12,0,-85,104,52,-18,23
2,0,188,382,103,-24,115,-115,-88,-77,41,15,-42,-46,21,-126,9,-1,55,-113,-108,-29,78,-38,-33,78,40,-36,-34,64,-43,103,-117,48,-20,-50
2,0,190,383,-8,-32,99,-11,32,-67,0,-50,85,100,97,-2,-21,-24,-46,-122,-56,21,7,-61,123,95,-117,74,1,54,16,-119,-119,26,-8,-73
2,0,192,384,-74,121,29,-70,-20,13,-68,109,-41,-59,-117,33,17,72,46,-123,-102,106,78,77,-6,78,8,-116,22,-93,-45,117,22,62,-74,-6
2,0,194,385,-77,50,91,126,-109,103,112,-43,69,-98,49,52,3,37,-21,33,-13,-48,-61,-26,-94,-33,64,57,-73,33,-105,-39,64,7,127,11
2,0,196,386,-8,19,92,52,55,50,-77,-89,10,48,-100,-60,13,-17,-112,99,57,42,-28,30,125,-99,63,-84,83,113,-77,-61,29,75,64,108
2,0,198,387,6,32,38,90,47,-41,38,-21,108,118,-47,-6,-20,-43,61,118,-85,-2,-21,-8,-46,-117,89,-115,-32,23,84,122,118,-49,38,-97
2,0,200,388,-116,21,-102,-79,106,-117,18,11,-24,125,-42,-95,55,38,46,25,40,-56,38,-70,-86,8,-32,-4,123,113,-69,-70,55,31,-23,-38
2,0,202,389,-42,111,-84,-33,-62,50,-20,74,-109,-59,114,-58,17,55,86,-114,-28,-25,60,-75,-19,21,-65,-121,75,-113,-79,96,26,38,-7,-24
2,0,204,390,-9,-93,-8,-116,125,22,-110,80,29,30,-77,18,-103,70,-119,-32,125,-63,-29,-106,91,-113,-70,-26,114,-102,-123,89,123,-12,27,9
2,0,206,391,-33,-66,-69,-42,79,28,1,-105,-77,-24,57,-24,24,-82,40,43,21,93,61,-102,53,45,-32,-18,-37,-80,76,-6,-12,-120,125,85
2,0,208,392,-77,-41,117,112,77,106,98,29,-57,-60,-28,-33,44,33,88,-27,-8,125,125,-2,36,-68,85,-30,41,108,-97,101,127,89,48,66
2,0,210,393,-89,-42,-76,15,89,-48,29,-78,-99,68,22,105,-7,66,98,-18,91,112,90,-60,-115,-84,100,-23,8,61,58,-71,37,-74,-63,91
2,0,212,394,-108,-37,-113,-89,126,121,91,126,5,-124,47,33,109,26,38,-93,-118,-17,-108,-50,123,108,-115,-64,92,-110,28,-58,24,62,-21,-82
2,0,214,395,-23,-113,-22,112,-43,52,-73,-46,-17,-30,-48,-57,117,-68,-117,124,78,67,37,104,117,81,51,-21,90,70,-112,-76,75,123,-27,18
2,0,216,396,40,-80,-94,2,-76,-53,33,90,108,3,-119,127,-20,-78,-121,-61,-31,43,36,-95,-126,82,49,-21,53,29,-86,-85,-36,93,76,22
2,0,218,397,-10,-22,44,34,107,-49,37,111,108,-11,-60,0,-104,-60,-33,-104,-49,19,73,60,71,12,-102,-116,31,90,26,-112,93,85,-124,24
2,0,220,398,64,-80,-32,108,114,23,38,-89,21,31,117,-16,-47,-37,-49,-55,25,-20,84,29,86,109,21,-74,-5,-54,-49,127,126,-115,105,28
2,0,222,399,31,-13,-57,-18,66,-32,55,61,37,-58,-54,-16,-76,-8,-81,-50,83,91,48,78,69,-74,-77,-24,-16,-76,-60,-72,9,30,16,-89
2,0,224,400,33,-65,90,104,16,116,60,124,-88,78,-89,40,101,9,-21,-72,24,-108,36,-33,-45,-96,51,-85,71,97,54,-34,-75,11,88,-33
2,0,226,401,18,-28,57,-125,116,-46,-16,-95,78,114,-52,31,114,-123,-4,92,97,78,19,88,82,-9,89,-27,-124,68,61,-53,-15,-77,-66,119
2,0,228,402,-80,-19,-9,53,-3,69,-23,79,23,118,-29,94,-47,-78,-46,56,73,-7,52,99,100,-77,-112,-96,-115,52,126,-88,-85,-12,66,-92
2,0,230,403,88,-10,71,114,-65,-82,-5,-15,-67,-26,-113,107,84,-51,-93,124,100,69,48,113,18,113,84,102,127,-119,-78,0,-27,-50,102,-105
2,0,232,404,66,-74,-42,54,51,-74,9,52,-111,123,58,-115,-62,48,-22,-109,71,96,-39,-82,-114,48,-25,121,-111,-30,-52,-116,23,-78,86,-20
2,0,234,405,78,24,34,-19,-45,24,-44,-71,-120,-24,97,81,10,-79,-37,24,-97,75,13,-74,-95,48,-90,91,-42,27,-65,-66,-103,122,-97,-41
2,0,236,406,-84,64,-77,-112,-28,-57,-61,-109,-29,52,-67,124,51,-62,-30,-105,-91,99,31,-76,-110,51,-18,-87,16,-45,-37,-115,-123,120,-117,-59
2,0,238,407,33,5,-127,-25,118,5,-52,79,-25,111,-37,1,-53,-66,-49,-102,-99,75,13,-123,113,-90,-23,22,34,-29,19,-78,-76,-79,116,-4
2,0,240,408,127,34,-9,-75,-98,-46,49,-52,-123,-38,101,-28,-99,-93,6,-122,80,49,-25,-65,-26,89,72,-85,108,-105,47,55,-91,-30,-91,6
2,0,242,409,-18,-122,-4,47,32,-11,-21,102,-96,-69,31,-35,114,111,44,65,-27,127,-57,-91,77,17,118,-42,-98,-91,81,-121,36,-7,-77,86
2,0,244,410,-5,120,-54,2,-33,30,-90,-92,-54,19,19,6,55,-9,92,23,115,-116,71,-124,-54,-90,24,-56,49,42,-119,26,-13,-78,-48,58
2,0,246,411,-45,118,-14,69,67,-29,120,-57,-36,-127,61,84,-53,46,-13,-11,36,98,-29,15,-45,62,-8,61,20,-26,12,111,27,-17,-21,110
2,0,248,412,-3,9,-33,-71,33,30,6,-121,-31,29,58,-15,-12,-95,-120,-35,-32,97,85,-43,70,-83,-101,-107,50,52,-36,-5,-1,-92,-94,-9
2,0,250,413,109,-61,24,-103,65,-112,-115,28,9,-22,39,123,-60,-87,-41,69,82,103,-66,57,-35,-64,40,40,78,95,-66,-61,-40,-10,-75,63
2,0,252,414,-20,-7,-46,-33,8,34,74,6,-97,89,-45,60,0,-90,-122,51,8,89,119,-26,-52,98,-85,33,87,-82,-25,-96,106,-14,-75,-88
2,0,254,415,37,14,68,54,119,-118,-20,117,-93,42,122,-84,51,64,4,34,0,1,-77,-20,-87,91,-19,73,6,70,20,-104,-115,83,117,-70
2,0,256,416,-60,-7,-109,65,-64,-56,-125,66,75,-93,75,99,-27,31,53,-98,126,23,20,-83,-123,-44,100,-46,-65,-24,16,-106,116,97,-15,-94
2,0,258,417,-93,41,-43,36,-67,-69,57,-125,-86,-83,50,7,-72,-91,-115,17,37,-51,-49,-65,-119,-75,74,-108,-103,67,35,-40,77,-13,-41,-23
2,0,260,418,3,-63,-7,-123,29,61,94,53,-68,43,29,55,68,-65,99,-10,-85,-32,101,-73,57,18,71,-59,-1,85,-126,-85,37,-2,22,-99
2,0,262,419,-26,92,73,10,89,-78,105,-48,13,-112,-107,28,8,70,-14,85,41,66,122,-14,-120,-90,-73,-13,46,25,-5,-69,36,-106,-62,-51
2,0,264,420,-120,57,-3,10,-58,50,-101,-74,-106,12,9,-89,118,127,-83,36,-6,-57,-58,-46,-75,-114,-91,115,62,-97,-106,111,0,55,-122,14
2,0,266,421,-43,-46,-109,58,62,121,-31,-97,91,69,-20,-125,-90,-122,23,-122,5,53,-40,112,-78,4,-5,7,-121,55,83,-78,-94,-9,-124,81
2,0,268,422,28,-71,73,86,-78,-120,18,88,68,32,66,22,16,71,-121,-63,67,-67,82,21,77,-43,-44,76,-96,-97,87,43,-79,8,-31,124
2,0,270,423,-40,14,-11,-123,22,118,118,80,99,-127,29,-116,97,-66,-99,-71,98,55,16,93,-17,73,-67,55,-110,-15,76,9,-16,72,-65,-117
2,0,272,424,117,3,8,12,96,16,-3,-62,-21,52,-5,68,-57,-122,-41,11,37,-79,40,-125,-72,-125,-60,106,103,8,-92,112,-62,-60,5,12
2,0,274,425,1,41,-118,0,-96,60,118,-54,-48,69,9,-17,14,-104,73,-107,50,69,49,91,-75,45,20,105,27,-36,-92,12,-95,2,87,-2
2,0,276,426,16,3,6,118,-37,37,31,12,16,-118,39,-48,55,-38,-25,-75,119,-59,-95,-103,14,-15,89,35,26,-15,-46,61,48,51,-62,102
2,0,278,427,-71,-2,71,99,-107,47,-3,53,35,31,2,40,104,-19,3,-5,-123,126,-105,4,-126,114,-74,-37,-104,50,57,-62,-121,18,-114,31
2,0,280,428,-58,-80,6,110,34,69,91,115,33,-15,-107,-114,-106,-2,-40,38,-104,89,-126,-102,123,-9,28,-124,23,-113,-35,49,77,57,56,123
2,0,282,429,-92,-112,-120,31,4,-5,-69,38,99,-93,21,-70,80,-3,45,51,-123,18,-95,124,-112,71,-30,72,-44,-56,-91,-63,-20,-30,65,-119
2,0,284,430,-56,61,-13,-72,-55,89,111,102,12,-90,-48,-57,-39,52,37,-89,-14,34,-23,-53,-55,93,43,84,-122,-79,-17,110,8,3,-123,-31
2,0,286,431,-17,-17,-17,-17,-17,-17,-17,-17,-17,-17,-17,-17,-17,-17,-17,-17,-17,-17,-17,-17,-17,-17,-17,-17,-17,-17,-17,-17,-17,-17,-17,-17
3,0,0,432,-17,-17,-17,-17,-17,-17,-17,-17,-17,-17,-17,-17,-17,-17,-17,-17,-17,-17,-17,-17,-17,-17,-17,-17,-17,-17,-17,-17,-17,-17,-17,-17
3,0,2,433,104,-13,-91,-81,15,-28,7,30,82,20,-93,-92,-92,-79,45,-76,-14,-91,-78,125,59,-55,56,-75,103,110,40,48,54,-49,5,-105
3,0,4,434,10,-91,-56,81,-77,64,108,-92,-118,112,-81,-125,-57,121,111,86,32,-11,-58,-42,71,-13,-69,-36,94,40,-43,-54,121,-67,62,125
3,0,6,435,-103,106,21,-30,-121,11,-62,-122,22,-122,84,-67,108,-90,-38,-84,64,-93,58,54,-13,-36,81,-58,-88,-20,17,-4,-66,9,-86,116
3,0,8,436,17,122,-30,53,65,-53,60,56,29,16,-19,108,-78,-124,-95,-52,-59,-86,68,-85,-20,-103,-20,65,-116,-56,110,-57,-98,-111,-34,108
3,0,10,437,28,-21,-29,56,47,65,-8,-84,-46,-86,24,54,-35,-31,120,-11,94,-102,-54,-122,-80,-11,44,43,122,-125,12,-36,-113,58,-11,113
3,0,12,438,-118,-100,-116,108,60,-10,84,-91,94,17,-10,65,-3,-57,-72,-39,-126,86,112,57,-64,-89,-58,1,-32,-102,109,-73,-109,-67,-43,-4
3,0,14,439,109,-9,-25,39,-97,-55,119,-10,-78,18,114,28,101,-11,-69,109,28,-38,70,-125,-63,48,-31,63,-49,109,19,-35,-106,66,8,-49
3,0,16,440,61,-9,52,-27,-78,-47,-17,118,-117,-40,-10,4,-122,-77,-57,87,51,15,-106,-92,-16,-103,4,-125,94,81,17,-25,46,38,-25,46
3,0,18,441,63,-69,-70,58,34,60,113,34,32,-71,-111,99,67,113,-114,-122,15,-113,30,-103,-5,4,36,-17,-105,-22,-31,109,110,-3,-97,67
3,0,20,442,-66,124,-44,29,107,110,73,-83,-88,-8,59,14,-105,-66,73,-123,121,122,7,21,88,-67,62,-34,-38,34,24,127,88,-3,16,-61
3,0,22,443,113,77,103,-25,58,-39,-4,97,-46,-69,-55,61,43,-21,-12,-35,69,14,-53,13,71,118,-25,-49,76,76,78,25,-83,-37,88,38
3,0,24,444,-61,-52,-3,-93,-20,29,103,-87,119,-16,-31,127,-97,-65,54,-126,-72,-51,-61,56,116,62,95,-5,-68,108,52,-94,34,-57,-62,114
3,0,26,445,125,-104,80,-2,-108,-1,8,123,72,41,-78,83,-24,112,36,-66,70,-118,6,5,84,106,94,36,21,90,107,-39,-42,-7,22,126
3,0,28,446,-88,-48,104,-38,-47,96,116,-46,105,-71,107,8,-76,31,-23,45,60,114,43,-123,-54,-74,-91,-81,-80,45,18,7,-1,90,-5,59
3,0,30,447,-87,77,-18,-114,-54,36,-109,41,-87,-67,-41,-68,-31,-88,68,97,-103,94,6,22,42,-6,115,32,74,-104,21,49,-92,-6,-7,62
3,0,32,448,73,-87,37,78,-51,-99,-60,-98,111,95,-89,116,-45,-80,-43,87,-1,9,35,76,71,23,4,-35,-126,-27,-61,109,0,47,-41,45
3,0,34,449,98,36,-122,65,-37,-30,-125,90,-77,70,63,87,114,-11,86,-47,51,-79,-82,-68,64,50,109,-68,10,-79,77,54,10,-104,33,14
3,0,36,450,15,117,-93,32,29,-50,-67,-31,94,-118,-14,13,35,41,89,-125,109,-105,111,-7,-16,91,126,-29,-36,79,-108,-71,118,-56,-58,26
3,0,38,451,-25,-119,-27,26,-44,-33,102,118,-47,127,-33,-28,-14,10,86,-47,110,52,36,64,-63,52,-108,9,81,-16,30,-84,91,5,9,-124
3,0,40,452,55,-94,69,19,-19,-64,94,80,-67,-6,61,-113,36,-19,-96,10,105,31,55,-63,119,-109,-78,-113,103,64,124,65,46,75,99,-106
3,0,42,453,87,71,-77,90,-104,-63,-12,86,88,44,86,-26,-104,-111,-108,-24,-16,36,80,-94,-68,-72,92,-2,-1,126,-75,-51,-45,83,63,-120
3,0,44,454,-123,105,35,104,-70,-3,-113,26,-103,-28,-66,77,1,-121,17,-84,-124,54,-87,37,34,-16,76,78,-99,-75,-88,35,-71,34,62,-40
3,0,46,455,-101,-49,96,-14,92,56,61,24,-102,89,90,28,-20,-6,-63,119,29,-83,-88,11,-91,86,-10,22,104,63,1,-5,-5,39,115,-37
3,0,48,456,-19,-94,16,-72,-116,44,64,-82,81,53,-107,-53,-81,-59,71,119,112,81,58,-113,-108,119,-52,118,49,10,-82,112,53,71,41,122
3,0,50,457,-106,79,-60,81,-112,58,21,-16,104,46,-127,22,-47,-59,-8,-14,-46,47,109,-122,70,-63,102,98,-47,1,-88,-11,-123,-102,18,-82
3,0,52,458,13,-113,-90,-121,-10,34,42,-92,24,-109,35,-38,-109,108,15,-93,-27,6,-24,49,-49,119,-81,-40,-77,66,-37,-107,38,-8,-91,-59
3,0,54,459,-124,47,2,55,64,15,124,-108,49,90,-113,39,72,55,-29,31,35,127,36,-95,-21,-56,-6,-61,-57,-4,-16,126,-87,-81,42,102
3,0,56,460,-111,88,54,-105,86,-51,33,50,65,-64,-51,-48,115,-14,-107,-100,-60,106,-59,-127,-61,15,25,49,-83,18,8,45,-72,108,-41,-101
3,0,58,461,61,-78,100,115,51,-118,46,102,-93,-105,-108,46,-55,-116,48,-92,105,54,-119,-52,52,15,-70,54,-1,-70,-86,94,30,72,-41,-118
3,0,60,462,100,24,-37,58,-29,109,-70,-126,118,-84,-84,67,68,-122,32,-101,90,-70,8,-43,-108,-12,-11,-39,91,60,-113,9,-112,10,-98,-82
3,0,62,463,45,-112,-15,-56,-2,-64,18,98,100,52,6,100,33,105,56,105,66,5,-116,-12,-27,-6,-47,-54,-87,47,-53,-30,51,42,58,5
3,0,64,464,-58,38,-45,38,-79,6,26,78,98,-86,-97,60,26,25,-55,-7,101,-125,27,-105,44,84,-110,111,-67,96,-77,18,87,14,95,51
3,0,66,465,114,69,-88,60,108,-15,-53,101,-59,-104,-33,-113,-96,73,69,76,62,-91,-125,-118,8,-74,-88,109,-89,74,121,90,102,-53,-36,121
3,0,68,466,-35,-37,111,15,97,86,35,113,-116,-105,25,-79,18,-32,-41,47,-39,61,2,-7,-41,94,4,27,-59,-91,50,119,-35,127,124,-113
3,0,70,467,-43,-45,55,-109,90,7,8,127,32,46,106,36,-7,-109,3,51,-31,-98,79,-127,101,118,-58,-90,-105,85,-81,57,-42,-61,-72,-23
3,0,72,468,37,-2,97,-74,-104,48,118,88,-123,-120,40,86,-80,-68,26,41,87,98,-44,92,-10,-76,-39,-125,-63,80,116,-23,106,-13,-79,57
3,0,74,469,-108,-71,-17,-44,-126,-100,-19,-20,30,34,-104,-125,103,35,122,73,86,-15,122,88,-25,111,-67,109,-58,2,-112,-124,-102,110,114,-21
3,0,76,470,91,-127,-12,-126,76,90,-121,-96,-91,-11,114,31,-115,-33,42,26,127,-68,89,-97,-81,-74,56,34,3,64,51,36,-93,-79,-5,-8
3,0,78,471,-89,103,-77,-71,74,19,-116,89,-62,-80,8,-23,-123,-49,38,-94,-120,-69,-23,41,-10,-1,-38,100,85,83,115,-24,0,32,87,22
3,0,80,472,58,46,-108,-109,25,81,-78,78,-105,-52,-82,20,116,87,-121,49,66,29,-9,104,-111,-5,27,40,-25,34,-120,-43,-3,32,-51,57
3,0,82,473,-22,80,25,-87,19,38,64,110,6,-86,119,10,-52,114,-49,49,43,-74,-88,91,66,112,10,65,-43,88,73,-54,9,-14,-39,-33
3,0,84,474,-18,-43,77,69,55,-114,12,4,99,-20,-113,-35,106,7,-84,-92,32,89,-8,-23,81,-30,-60,51,52,66,103,23,107,103,-39,-41
3,0,86,475,101,48,38,-15,-42,88,-92,0,39,-54,-108,-5,111,-34,113,55,46,105,-56,13,16,-55,8,-63,43,-109,-12,-76,24,17,-109,45
3,0,88,476,73,26,-51,-10,-43,-49,-107,90,110,61,-31,100,89,-61,-125,-123,3,-35,-110,38,42,-56,-98,66,-115,-80,-29,-124,-58,77,-56,52
3,0,90,477,109,-39,99,117,110,99,91,-70,71,-94,-118,89,13,-46,-102,118,72,-68,119,66,7,75,90,109,18,41,81,82,-94,2,10,57
3,0,92,478,-12,87,29,-69,-62,-109,-112,80,85,-73,56,-34,-84,-19,43,51,96,-93,62,59,-72,-93,46,-74,-50,38,105,55,23,-42,77,-85
3,0,94,479,-86,-89,-123,-51,-127,53,91,46,-12,40,-48,54,32,-57,-27,105,-30,64,58,35,87,-9,112,69,-72,16,-53,63,-34,-3,127,-54
3,0,96,480,-37,38,85,-97,-73,-122,-97,-47,97,58,111,-60,75,-72,59,-105,6,55,-78,-120,49,68,-121,-20,-42,42,-111,-42,-83,-118,4,118
3,0,98,481,3,83,46,-97,-88,-36,115,108,-127,14,9,-77,-103,84,-85,-3,-25,21,-19,31,37,82,-44,37,24,-122,43,69,4,54,64,6
3,0,100,482,32,-24,-119,124,38,-19,97,-37,-127,-67,-35,-123,15,-98,32,84,60,-108,110,-105,69,-48,44,-73,93,99,-69,-103,-79,126,-13,-119
3,0,102,483,-121,-6,56,25,76,97,5,-35,-88,63,-69,-47,94,59,127,59,78,99,114,101,-119,-57,-125,51,-13,86,87,100,-46,67,43,-104
3,0,104,484,75,92,54,-93,-22,-22,-11,30,-11,35,86,-65,12,-90,106,111,101,40,50,-22,-100,81,-84,-110,44,124,11,-99,-122,-48,-20,73
3,0,106,485,-10,-17,-19,-40,-46,-102,58,-74,86,113,22,-39,26,118,97,111,111,104,-13,-125,124,-118,-76,-58,-85,93,105,113,-58,58,-67,-90
3,0,108,486,42,0,83,-32,-83,76,-18,-17,-9,25,-26,127,-92,9,77,-49,96,18,18,-39,95,115,-108,-11,-117,86,-57,98,31,75,102,-92
3,0,110,487,7,-86,23,126,-112,124,-92,-77,-18,-111,-53,-93,-62,-67,-76,-10,121,101,-45,-26,-75,-22,-13,-52,110,-122,118,59,62,-86,-82,-93
3,0,112,488,-28,-18,-105,11,60,23,-58,-32,-103,-2,11,-28,36,-45,64,95,-61,-91,-72,36,105,112,-33,-64,110,80,114,112,-66,111,-70,-39
3,0,114,489,84,117,71,36,-116,-7,-95,22,-32,-60,72,43,-31,-40,122,-7,45,-53,45,14,20,23,60,-5,0,-105,-52,-83,-54,-108,45,76
3,0,116,490,125,51,116,-33,81,61,-112,100,56,-82,2,-6,-75,85,-39,87,-2,-39,85,-94,42,-67,-102,91,54,102,34,-9,4,22,-83,36
3,0,118,491,-93,-100,9,12,116,-122,125,109,105,1,3,-19,-127,61,19,17,-46,-12,-7,44,124,-23,-33,-40,58,91,-54,-96,-113,55,101,124
3,0,120,492,28,-18,122,57,91,-90,-82,-13,-53,-37,87,-11,-50,99,-47,22,87,-1,-119,-111,-5,0,45,93,-10,-46,-64,-29,-83,-14,74,85
3,0,122,493,115,-60,-66,46,-54,-17,-109,31,-25,59,-15,-115,-104,49,-45,-83,19,84,-90,36,-87,93,36,-123,56,0,56,-19,126,-119,101,1
3,0,124,494,-126,-86,-117,49,3,9,126,-72,-46,45,-77,-60,70,84,10,65,126,-11,102,-121,-32,87,102,82,3,63,-58,54,-94,-91,121,-3
3,0,126,495,120,-30,23,-114,-31,85,60,77,21,-101,122,-83,-43,63,-86,-1,31,-101,56,-69,-17,-47,20,-53,2,12,-57,-52,100,25,-114,16
3,0,128,496,-28,-17,-87,-35,98,-11,100,-94,-32,-27,109,-106,-76,-111,-27,10,64,-113,103,-72,74,-48,-61,-17,87,-22,-39,-125,23,25,-23,108
3,0,130,497,-50,-66,-117,43,1,77,14,-71,-41,12,-38,-6,-122,-93,3,-31,89,-17,86,-111,48,12,59,113,93,87,-90,-39,123,102,126,-112
3,0,132,498,-96,-15,-87,11,25,61,-10,114,49,23,96,58,-54,-87,14,47,26,-65,64,-41,-36,-101,111,-82,-72,-31,70,109,-80,110,-88,-12
3,0,134,499,69,5,16,38,-55,125,7,-31,-51,65,104,0,-73,-107,-55,24,81,38,-73,-30,-82,-6,84,44,-55,-99,25,-103,-66,-67,-13,89
3,0,136,500,-27,48,-71,-112,5,75,-83,-38,93,86,68,-100,-113,-105,-59,-29,119,102,32,59,47,-32,14,12,13,109,-70,-90,84,103,67,-87
3,0,138,501,-93,-48,76,101,-92,29,23,-72,123,126,24,68,-13,74,73,23,98,-15,127,104,10,-65,58,33,43,9,82,51,117,-113,41,-119
3,0,140,502,124,-77,-59,58,118,-73,11,-55,-12,50,-5,110,87,-22,-123,-37,79,91,5,-32,-79,95,-42,-44,18,96,10,88,-3,4,126,-52
3,0,142,503,63,39,7,31,72,70,110,25,-26,36,79,-95,-93,47,-32,33,-83,-50,-35,-6,-78,-67,-26,101,-82,50,-106,71,27,-63,111,-111
3,0,144,504,103,-37,-54,42,116,-83,-28,-54,72,83,-99,96,94,-65,13,4,62,50,-91,95,-111,82,-59,86,-63,52,-51,86,-36,-36,100,60
3,0,146,505,-31,-11,-123,-65,-4,-98,22,94,48,-19,-53,-82,81,-104,-91,69,-37,-81,-123,-115,0,-123,-25,81,79,-16,63,-99,118,26,-36,-47
3,0,148,506,48,-88,-96,104,-11,-114,99,76,-117,-72,16,10,16,44,-39,64,125,39,101,60,-110,-124,-99,107,-79,106,-34,-100,58,-98,-89,25
3,0,150,507,76,40,-68,-28,-73,31,-59,-100,-71,30,-114,79,-24,-40,127,73,-69,53,53,52,38,-5,-87,-127,-118,109,115,95,-111,9,18,76
3,0,152,508,104,50,76,83,-29,48,122,-11,-13,-14,113,-20,112,-58,66,-54,-68,73,51,-76,-42,-81,57,-81,-91,-68,54,12,42,30,-73,126
3,0,154,509,60,-24,88,-91,62,-109,-72,-5,-15,-58,-47,-47,98,28,-50,-16,-45,101,0,48,58,-103,40,63,12,77,44,-50,47,31,-77,-112
3,0,156,510,-43,-38,-121,121,116,3,116,48,-17,-65,93,59,123,126,-111,-77,-98,21,-28,37,-29,-70,67,45,38,54,-105,-116,11,-121,-41,-7
3,0,158,511,125,109,-44,-87,-51,118,123,97,49,-126,-121,-114,59,-110,-50,-80,-49,35,50,-95,79,-49,122,11,64,32,-68,-54,112,-65,-40,-1
3,0,160,512,-124,-49,55,61,101,-35,-65,95,-3,113,97,-94,-34,-97,2,-47,92,4,-26,122,66,-28,-73,-40,-124,-121,-53,-104,46,-94,113,-121
3,0,162,513,-126,51,-102,86,84,106,-88,62,106,17,37,-8,107,-42,-24,94,45,-48,-14,119,64,-17,-90,-31,90,-65,-94,97,-104,-23,46,-46
3,0,164,514,-41,67,-57,-106,24,-36,31,-53,-120,35,12,16,33,33,111,119,51,21,78,34,46,72,8,-50,91,31,46,94,-31,78,101,0
3,0,166,515,-76,107,57,14,-5,-23,109,108,22,99,-37,-72,122,-102,94,58,116,87,45,-55,82,-123,115,32,-11,2,-123,18,-64,-109,99,104
3,0,168,516,-47,-38,21,106,7,-65,62,-117,55,111,-5,22,-7,122,-91,2,116,-9,33,109,-39,89,43,105,-21,-127,-96,95,-54,-82,11,86
3,0,170,517,-125,67,-14,-90,65,66,78,-27,-97,59,-70,82,49,86,44,20,-53,-49,-4,67,-38,-57,61,-13,105,-17,96,-122,-48,94,-67,-21
3,0,172,518,80,73,-18,121,71,-57,-3,61,89,12,114,-64,110,-60,51,95,-86,72,-66,-9,-56,-22,-119,-60,-121,87,-53,93,-86,-8,102,39
3,0,174,519,-88,60,55,57,-114,-12,110,-80,103,-41,64,-122,-27,54,95,102,68,19,55,-73,-84,-68,117,34,46,-77,52,123,87,-45,-41,78
3,0,176,520,-32,-127,-124,-106,114,23,81,-114,105,-108,23,31,-79,41,-76,69,83,-100,4,106,-111,-61,85,79,16,49,25,42,44,-3,4,-5
3,0,178,521,88,-110,-73,12,-33,-36,-44,96,-87,73,24,58,119,-61,-88,49,-84,39,-73,-16,-122,-67,-70,8,54,86,-34,44,-120,108,26,-19
3,0,180,522,55,59,-31,48,-40,-59,-127,-77,121,-77,-53,4,61,121,-53,-99,87,87,124,8,35,22,-27,9,-72,98,14,-26,101,-37,-4,-7
3,0,182,523,-25,-64,-26,-71,-78,43,15,118,-47,-88,-55,10,3,43,67,96,-40,77,-70,85,61,-23,27,125,-82,-10,-7,15,-119,85,71,0
3,0,184,524,24,-58,65,-50,8,121,47,-20,81,65,80,-120,9,-67,-73,42,22,47,-57,111,-97,75,16,-28,89,-3,61,-101,47,32,101,126
3,0,186,525,-106,34,-46,118,42,83,39,75,97,95,-67,-88,124,50,-19,37,-103,-117,47,46,-49,-47,-81,-40,-67,12,0,-85,104,52,-18,23
3,0,188,526,103,-24,115,-115,-88,-77,41,15,-42,-46,21,-126,9,-1,55,-113,-108,-29,78,-38,-33,78,40,-36,-34,64,-43,103,-117,48,-20,-50
3,0,190,527,-8,-32,99,-11,32,-67,0,-50,85,100,97,-2,-21,-24,-46,-122,-56,21,7,-61,123,95,-117,74,1,54,16,-119,-119,26,-8,-73
3,0,192,528,-74,121,29,-70,-20,13,-68,109,-41,-59,-117,33,17,72,46,-123,-102,106,78,77,-6,78,8,-116,22,-93,-45,117,22,62,-74,-6
3,0,194,529,-77,50,91,126,-109,103,112,-43,69,-98,49,52,3,37,-21,33,-13,-48,-61,-26,-94,-33,64,57,-73,33,-105,-39,64,7,127,11
3,0,196,530,-8,19,92,52,55,50,-77,-89,10,48,-100,-60,13,-17,-112,99,57,42,-28,30,125,-99,63,-84,83,113,-77,-61,29,75,64,108
3,0,198,531,6,32,38,90,47,-41,38,-21,108,118,-47,-6,-20,-43,61,118,-85,-2,-21,-8,-46,-117,89,-115,-32,23,84,122,118,-49,38,-97
3,0,200,532,-116,21,-102,-79,106,-117,18,11,-24,125,-42,-95,55,38,46,25,40,-56,38,-70,-86,8,-32,-4,123,113,-69,-70,55,31,-23,-38
3,0,202,533,-42,111,-84,-33,-62,50,-20,74,-109,-59,114,-58,17,55,86,-114,-28,-25,60,-75,-19,21,-65,-121,75,-113,-79,96,26,38,-7,-24
3,0,204,534,-9,-93,-8,-116,125,22,-110,80,29,30,-77,18,-103,70,-119,-32,125,-63,-29,-106,91,-113,-70,-26,114,-102,-123,89,123,-12,27,9
3,0,206,535,-33,-66,-69,-42,79,28,1,-105,-77,-24,57,-24,24,-82,40,43,21,93,61,-102,53,45,-32,-18,-37,-80,76,-6,-12,-120,125,85
3,0,208,536,-77,-41,117,112,77,106,98,29,-57,-60,-28,-33,44,33,88,-27,-8,125,125,-2,36,-68,85,-30,41,108,-97,101,127,89,48,66
3,0,210,537,-89,-42,-76,15,89,-48,29,-78,-99,68,22,105,-7,66,98,-18,91,112,90,-60,-115,-84,100,-23,8,61,58,-71,37,-74,-63,91
3,0,212,538,-108,-37,-113,-89,126,121,91,126,5,-124,47,33,109,26,38,-93,-118,-17,-108,-50,123,108,-115,-64,92,-110,28,-58,24,62,-21,-82
3,0,214,539,-23,-113,-22,112,-43,52,-73,-46,-17,-30,-48,-57,117,-68,-117,124,78,67,37,104,117,81,51,-21,90,70,-112,-76,75,123,-27,18
3,0,216,540,40,-80,-94,2,-76,-53,33,90,108,3,-119,127,-20,-78,-121,-61,-31,43,36,-95,-126,82,49,-21,53,29,-86,-85,-36,93,76,22
3,0,218,541,-10,-22,44,34,107,-49,37,111,108,-11,-60,0,-104,-60,-33,-104,-49,19,73,60,71,12,-102,-116,31,90,26,-112,93,85,-124,24
3,0,220,542,64,-80,-32,108,114,23,38,-89,21,31,117,-16,-47,-37,-49,-55,25,-20,84,29,86,109,21,-74,-5,-54,-49,127,126,-115,105,28
3,0,222,543,31,-13,-57,-18,66,-32,55,61,37,-58,-54,-16,-76,-8,-81,-50,83,91,48,78,69,-74,-77,-24,-16,-76,-60,-72,9,30,16,-89
3,0,224,544,33,-65,90,104,16,116,60,124,-88,78,-89,40,101,9,-21,-72,24,-108,36,-33,-45,-96,51,-85,71,97,54,-34,-75,11,88,-33
3,0,226,545,18,-28,57,-125,116,-46,-16,-95,78,114,-52,31,114,-123,-4,92,97,78,19,88,82,-9,89,-27,-124,68,61,-53,-15,-77,-66,119
3,0,228,546,-80,-19,-9,53,-3,69,-23,79,23,118,-29,94,-47,-78,-46,56,73,-7,52,99,100,-77,-112,-96,-115,52,126,-88,-85,-12,66,-92
3,0,230,547,88,-10,71,114,-65,-82,-5,-15,-67,-26,-113,107,84,-51,-93,124,100,69,48,113,18,113,84,102,127,-119,-78,0,-27,-50,102,-105
3,0,232,548,66,-74,-42,54,51,-74,9,52,-111,123,58,-115,-62,48,-22,-109,71,96,-39,-82,-114,48,-25,121,-111,-30,-52,-116,23,-78,86,-20
3,0,234,549,78,24,34,-19,-45,24,-44,-71,-120,-24,97,81,10,-79,-37,24,-97,75,13,-74,-95,48,-90,91,-42,27,-65,-66,-103,122,-97,-41
3,0,236,550,-84,64,-77,-112,-28,-57,-61,-109,-29,52,-67,124,51,-62,-30,-105,-91,99,31,-76,-110,51,-18,-87,16,-45,-37,-115,-123,120,-117,-59
3,0,238,551,33,5,-127,-25,118,5,-52,79,-25,111,-37,1,-53,-66,-49,-102,-99,75,13,-123,113,-90,-23,22,34,-29,19,-78,-76,-79,116,-4
3,0,240,552,127,34,-9,-75,-98,-46,49,-52,-123,-38,101,-28,-99,-93,6,-122,80,49,-25,-65,-26,89,72,-85,108,-105,47,55,-91,-30,-91,6
3,0,242,553,-18,-122,-4,47,32,-11,-21,102,-96,-69,31,-35,114,111,44,65,-27,127,-57,-91,77,17,118,-42,-98,-91,81,-121,36,-7,-77,86
3,0,244,554,-5,120,-54,2,-33,30,-90,-92,-54,19,19,6,55,-9,92,23,115,-116,71,-124,-54,-90,24,-56,49,42,-119,26,-13,-78,-48,58
3,0,246,555,-45,118,-14,69,67,-29,120,-57,-36,-127,61,84,-53,46,-13,-11,36,98,-29,15,-45,62,-8,61,20,-26,12,111,27,-17,-21,110
3,0,248,556,-3,9,-33,-71,33,30,6,-121,-31,29,58,-15,-12,-95,-120,-35,-32,97,85,-43,70,-83,-101,-107,50,52,-36,-5,-1,-92,-94,-9
3,0,250,557,109,-61,24,-103,65,-112,-115,28,9,-22,39,123,-60,-87,-41,69,82,103,-66,57,-35,-64,40,40,78,95,-66,-61,-40,-10,-75,63
3,0,252,558,-20,-7,-46,-33,8,34,74,6,-97,89,-45,60,0,-90,-122,51,8,89,119,-26,-52,98,-85,33,87,-82,-25,-96,106,-14,-75,-88
3,0,254,559,37,14,68,54,119,-118,-20,117,-93,42,122,-84,51,64,4,34,0,1,-77,-20,-87,91,-19,73,6,70,20,-104,-115,83,117,-70
3,0,256,560,-60,-7,-109,65,-64,-56,-125,66,75,-93,75,99,-27,31,53,-98,126,23,20,-83,-123,-44,100,-46,-65,-24,16,-106,116,97,-15,-94
3,0,258,561,-93,41,-43,36,-67,-69,57,-125,-86,-83,50,7,-72,-91,-115,17,37,-51,-49,-65,-119,-75,74,-108,-103,67,35,-40,77,-13,-41,-23
3,0,260,562,3,-63,-7,-123,29,61,94,53,-68,43,29,55,68,-65,99,-10,-85,-32,101,-73,57,18,71,-59,-1,85,-126,-85,37,-2,22,-99
3,0,262,563,-26,92,73,10,89,-78,105,-48,13,-112,-107,28,8,70,-14,85,41,66,122,-14,-120,-90,-73,-13,46,25,-5,-69,36,-106,-62,-51
3,0,264,564,-120,57,-3,10,-58,50,-101,-74,-106,12,9,-89,118,127,-83,36,-6,-57,-58,-46,-75,-114,-91,115,62,-97,-106,111,0,55,-122,14
3,0,266,565,-43,-46,-109,58,62,121,-31,-97,91,69,-20,-125,-90,-122,23,-122,5,53,-40,112,-78,4,-5,7,-121,55,83,-78,-94,-9,-124,81
3,0,268,566,28,-71,73,86,-78,-120,18,88,68,32,66,22,16,71,-121,-63,67,-67,82,21,77,-43,-44,76,-96,-97,87,43,-79,8,-31,124
3,0,270,567,-40,14,-11,-123,22,118,118,80,99,-127,29,-116,97,-66,-99,-71,98,55,16,93,-17,73,-67,55,-110,-15,76,9,-16,72,-65,-117
3,0,272,568,117,3,8,12,96,16,-3,-62,-21,52,-5,68,-57,-122,-41,11,37,-79,40,-125,-72,-125,-60,106,103,8,-92,112,-62,-60,5,12
3,0,274,569,1,41,-118,0,-96,60,118,-54,-48,69,9,-17,14,-104,73,-107,50,69,49,91,-75,45,20,105,27,-36,-92,12,-95,2,87,-2
3,0,276,570,16,3,6,118,-37,37,31,12,16,-118,39,-48,55,-38,-25,-75,119,-59,-95,-103,14,-15,89,35,26,-15,-46,61,48,51,-62,102
3,0,278,571,-71,-2,71,99,-107,47,-3,53,35,31,2,40,104,-19,3,-5,-123,126,-105,4,-126,114,-74,-37,-104,50,57,-62,-121,18,-114,31
3,0,280,572,-58,-80,6,110,34,69,91,115,33,-15,-107,-114,-106,-2,-40,38,-104,89,-126,-102,123,-9,28,-124,23,-113,-35,49,77,57,56,123
3,0,282,573,-92,-112,-120,31,4,-5,-69,38,99,-93,21,-70,80,-3,45,51,-123,18,-95,124,-112,71,-30,72,-44,-56,-91,-63,-20,-30,65,-119
3,0,284,574,-56,61,-13,-72,-55,89,111,102,12,-90,-48,-57,-39,52,37,-89,-14,34,-23,-53,-55,93,43,84,-122,-79,-17,110,8,3,-123,-31
3,0,286,575,-17,-17,-17,-17,-17,-17,-17,-17,-17,-17,-17,-17,-17,-17,-17,-17,-17,-17,-17,-17,-17,-17,-17,-17,-17,-17,-17,-17,-17,-17,-17,-17
4,0,1,576,-17,-17,-17,-17,-17,-17,-17,-17,-17,-17,-17,-17,-17,-17,-17,-17,-17,-17,-17,-17,-17,-17,-17,-17,-17,-17,-17,-17,-17,-17,-17,-17
4,0,3,577,124,44,95,-104,-3,12,120,-30,-8,88,-16,78,93,97,-87,29,27,-63,-97,-82,-102,-26,-103,-87,-118,64,9,103,12,-89,113,11
4,0,5,578,-45,26,68,83,110,111,104,-123,5,-110,108,126,42,-39,94,79,87,71,-73,-70,-124,40,-13,-43,-92,-57,21,-59,-71,15,-30,-22
4,0,7,579,-45,56,-61,-68,89,-52,-11,92,88,57,-68,-74,79,-96,-96,-61,-106,-88,-12,44,63,79,6,61,-49,-8,86,117,-88,27,-75,-56
4,0,9,580,-32,-55,-33,-9,62,4,121,-68,96,-76,-92,78,16,-88,18,113,29,17,-48,-35,40,99,-16,-56,119,24,19,-46,-91,-72,47,86
4,0,11,581,7,-1,-75,-104,107,-15,-70,101,-61,-75,-5,26,-4,-54,124,-77,-28,76,-97,120,121,-68,-103,-111,121,73,-55,-78,-8,122,-29,37
4,0,13,582,-118,-71,46,-7,-8,-111,27,77,97,34,98,-69,101,-93,-75,-78,37,-83,111,4,-127,30,-63,-81,5,-35,-20,86,33,-49,15,-113
4,0,15,583,123,-127,-66,25,4,65,102,-69,-69,-82,-66,-58,-32,-84,95,65,115,-48,-73,79,127,-1,107,77,101,-99,80,7,-63,98,32,-103
4,0,17,584,-123,-33,-101,63,-92,-29,26,112,-18,-55,97,126,-65,-101,9,-15,-19,80,76,-104,52,75,-61,81,98,-34,-36,-73,-54,-119,18,-101
4,0,19,585,18,-90,95,1,47,-117,-39,-15,-100,-21,-49,115,119,-116,-104,-5,115,-112,35,111,103,35,-119,1,-112,90,-125,-60,115,-48,-106,3
4,0,21,586,-39,-88,-124,87,-43,120,-27,-58,64,-26,-70,37,91,-105,95,-87,-17,-99,-61,-99,-101,99,34,-74,-44,48,-70,39,11,-121,121,52
4,0,23,587,108,125,-104,18,-13,48,109,-58,76,-37,-1,-17,58,116,35,98,-52,28,-99,-55,71,-123,35,-50,-95,-119,-54,-80,98,46,60,52
4,0,25,588,126,60,-96,73,-85,40,5,-40,-59,-114,-21,-11,65,107,-109,82,16,114,81,-61,-32,-92,-23,-103,120,-107,-36,-81,81,-90,120,35
4,0,27,589,-116,-118,75,70,49,62,50,15,-102,27,66,66,-111,-101,-49,20,-79,90,-123,96,-116,32,-8,-122,66,-47,-37,-1,-11,7,60,76
4,0,29,590,-5,-116,-50,18,-108,-115,63,82,110,23,-80,97,12,48,-77,72,-33,105,-54,72,-91,-68,-25,78,121,30,-32,30,-44,-39,17,-41
4,0,31,591,6,50,-122,-37,-114,-18,67,-7,41,114,-16,25,116,66,40,-84,15,111,116,-56,62,123,56,86,12,-99,40,85,-57,40,19,93
4,0,33,592,-120,-126,85,-115,-33,-5,50,92,-5,-36,12,71,32,-95,-103,64,23,52,11,-103,48,-50,-90,-44,-57,33,55,-109,-117,76,-43,56
4,0,35,593,110,43,-119,119,15,3,-73,103,-93,-49,-41,-107,-95,96,-87,107,12,26,86,-57,110,14,-10,-113,-11,102,-47,-82,78,-122,0,-40
4,0,37,594,-118,-5,40,-72,87,-17,60,-8,123,63,32,99,-62,-95,12,30,78,84,-55,-66,44,-28,21,-92,-20,-112,-53,64,104,104,-33,102
4,0,39,595,-9,-100,-8,-65,-54,81,-58,-36,116,14,63,-6,-25,-66,113,61,50,122,15,-40,-62,-95,102,-42,-20,3,-42,121,-99,74,28,77
4,0,41,596,1,126,-69,-106,50,-88,52,-106,-21,70,21,108,-12,-94,99,-48,-72,-111,-17,84,9,1,61,-110,84,94,-54,-59,86,-48,-21,-1
4,0,43,597,-64,10,-108,18,-65,-19,50,32,-4,-21,8,22,-46,18,127,55,-122,105,-64,124,40,-41,-102,-91,-58,-100,4,118,-66,-107,22,82
4,0,45,598,66,64,109,-81,11,83,67,24,-64,-81,-49,75,-17,96,72,19,-34,50,-103,-123,-71,-22,53,-107,51,-110,9,7,100,-76,13,39
4,0,47,599,108,-24,42,-24,-56,120,-24,72,-67,113,50,-126,56,-13,56,-67,-38,-107,-8,6,-5,-53,-55,87,-107,117,-68,-28,-93,-80,-105,20
4,0,49,600,94,22,84,124,-118,43,53,26,6,61,-104,-65,-65,87,94,-64,68,-14,94,98,-72,84,-17,-67,-41,103,90,-30,45,-66,-124,-24
4,0,51,601,126,-117,25,15,-57,116,34,7,-17,-65,-64,-106,-25,61,-13,-25,114,-77,-43,-38,16,-52,109,-9,-27,-103,-87,-5,-6,-67,-110,-71
4,0,53,602,99,-93,2,60,-68,-90,44,110,91,-14,-51,-50,13,112,-8,72,-121,-35,69,-32,93,-36,22,-4,-25,-114,57,28,-52,32,56,78
4,0,55,603,-109,-64,55,47,-57,-114,67,45,118,8,27,36,46,118,-3,-76,-10,-109,51,84,95,-87,-100,32,40,-91,-96,121,-110,26,-50,108
4,0,57,604,19,-107,118,14,21,82,-54,-11,44,-117,-59,93,85,-121,38,-15,-56,-3,-55,45,-46,27,47,-22,-36,89,113,-78,61,-42,-79,-124
4,0,59,605,55,76,16,-13,40,71,-91,113,85,55,-93,-101,108,52,-60,-127,48,74,79,-4,78,66,-7,30,97,122,18,-14,-63,96,-88,-27
4,0,61,606,-25,86,-6,-13,-120,-30,-109,-19,20,36,58,-123,3,-101,-60,-87,79,42,-14,-46,30,84,96,39,-33,-26,-5,-59,-113,42,39,-3
4,0,63,607,-119,122,95,-56,-25,51,-32,19,90,-110,-76,116,80,-62,71,-14,110,-18,-60,-61,-51,75,31,93,-115,127,41,-115,124,-5,-37,59
4,0,65,608,19,-101,120,105,-5,120,40,45,1,41,25,-79,47,-50,27,17,-30,-7,47,-127,-109,-10,59,-89,-45,-23,-75,29,-37,-94,112,38
4,0,67,609,-81,29,68,3,62,11,-29,-13,-102,-23,-5,-14,-126,123,29,40,-79,80,13,-59,-21,-88,-31,59,-89,-30,-22,22,122,125,71,-51
4,0,69,610,-49,127,9,-58,-74,-64,91,86,-44,-124,-61,-80,-84,87,-64,95,114,-30,-35,7,123,88,47,38,-18,-38,-127,-26,112,22,117,-50
4,0,71,611,-47,-36,27,10,-23,-83,-25,99,116,-23,-114,89,-44,-6,-1,37,-26,-99,85,97,91,125,17,118,-101,-16,-117,-77,92,64,-89,72
4,0,73,612,-123,68,18,87,-51,38,-114,-54,11,-80,-86,-43,-40,-87,-120,-117,101,112,-19,37,-1,9,126,110,-69,53,-60,14,18,23,-25,93
4,0,75,613,95,-66,-19,-119,29,41,17,-86,-8,17,91,105,-18,110,37,1,-60,-18,-127,-15,-70,23,104,-89,-99,-75,96,-89,-82,-101,68,-113
4,0,77,614,119,-35,94,107,-105,-57,-24,-68,33,-41,73,73,-61,37,-78,21,20,99,-94,58,45,118,107,127,80,97,48,66,20,-13,24,-1
4,0,79,615,46,15,-49,31,121,-12,62,82,55,-12,-79,95,-88,-9,5,36,88,-77,-75,100,110,-37,-106,-43,106,-32,103,-80,-83,82,57,-5
4,0,81,616,53,26,22,-61,105,76,-29,-79,119,98,-7,-41,41,44,62,-122,-3,-54,-88,-102,-12,68,-39,93,-55,97,99,30,114,-45,120,-44
4,0,83,617,66,-33,66,39,-41,-90,91,-52,-115,-75,92,-83,-105,-6,-62,-102,53,-40,103,68,120,-90,-110,-88,-58,51,-65,-100,-42,-23,51,18
4,0,85,618,75,73,-91,-95,-101,123,112,8,59,103,-27,-38,123,40,-115,-105,47,-83,87,-88,26,-33,-19,95,-116,116,-44,123,117,6,-45,42
4,0,87,619,97,-17,-37,117,49,-121,-3,-72,-38,41,51,-1,48,-20,-38,-71,35,-96,29,34,-7,37,-86,54,126,-61,-33,-36,-55,6,91,2
4,0,89,620,-120,-94,26,-21,-23,-8,117,106,-84,61,105,-60,9,-88,18,-36,-84,40,-5,-9,-77,-92,68,53,10,-70,41,22,85,-93,-21,95
4,0,91,621,8,27,-79,-121,71,21,61,49,-77,-77,59,-37,-67,-104,11,-99,40,-59,-56,23,-46,-72,75,94,-27,37,116,-125,38,110,-18,-89
4,0,93,622,-73,18,-13,-76,-11,13,8,55,-115,56,-22,-94,-25,72,10,-9,15,-106,-43,26,2,-19,-120,66,-72,31,22,49,-101,120,-99,-43
4,0,95,623,-7,71,9,107,79,-34,15,-11,-35,17,-40,-12,119,114,-116,-68,-77,-51,-9,9,-18,121,3,43,100,-89,84,98,-54,114,34,-6
4,0,97,624,-25,2,51,-109,69,112,5,-76,87,112,-40,-58,115,-61,44,-113,59,-109,-115,-8,-50,88,12,-13,126,10,-50,108,-103,57,79,65
4,0,99,625,41,-120,-90,96,-120,102,118,-95,74,19,-64,-106,-58,64,-100,8,7,-12,89,-31,119,47,27,-98,59,-88,70,105,-2,-120,-34,57
4,0,101,626,-25,80,48,28,-40,96,-65,-58,-112,75,74,-14,53,-93,-56,-123,-101,-68,16,-107,-83,52,-78,49,62,-89,-113,-76,74,50,96,110
4,0,103,627,51,-95,-7,-53,-65,-71,-73,-52,-107,2,47,51,-36,-47,-39,-109,-28,-111,123,-87,-18,93,75,-19,-100,24,-97,29,28,-44,78,-51
4,0,105,628,-32,-52,-12,-19,127,49,59,5,91,109,-4,70,113,-89,109,-75,-96,76,-85,19,-104,-6,-55,-31,12,-112,-105,3,19,-24,-101,24
4,0,107,629,-36,2,-54,28,-50,-29,124,0,42,-96,-72,-83,7,55,-101,-121,-40,-77,1,-22,-126,-40,-55,94,-39,-41,58,56,-26,-71,-54,83
4,0,109,630,-53,90,93,-88,22,-30,18,-108,-126,114,-99,-27,71,-23,43,98,-27,-20,52,56,-16,-5,70,26,-97,29,79,5,117,-70,-77,108
4,0,111,631,-42,-93,-44,-111,70,122,-45,22,-37,-90,14,36,-96,26,-32,122,74,97,31,-13,-54,45,125,54,13,61,44,-102,-60,-31,99,-112
4,0,113,632,103,-107,-48,-43,-58,118,-26,123,-23,-35,-14,-46,-84,-112,39,14,78,23,-16,73,-46,-100,-6,-10,51,95,42,-1,94,20,-75,31
4,0,115,633,37,-27,16,41,-76,89,87,93,45,103,110,30,11,-9,-116,-45,-2,-61,74,-35,92,-89,125,18,71,33,98,14,120,-126,40,-91
4,0,117,634,-86,-29,-60,-39,126,-73,66,-122,-34,62,-118,-75,88,31,83,9,-113,2,-66,-97,73,18,74,-60,-90,-28,-113,-122,31,-98,-58,-115
4,0,119,635,8,46,90,-117,-34,60,29,-94,-59,116,-3,63,-47,-10,-36,-25,62,-94,114,-40,-19,30,117,77,-1,-8,71,66,33,54,-121,106
4,0,121,636,-114,-104,34,-28,24,-119,-61,-10,-20,-3,-16,-126,32,-92,-32,-78,60,-109,-23,-101,-18,-30,25,-122,88,-38,65,3,127,78,-56,-12
4,0,123,637,-1,-83,-125,-94,117,-39,-24,-75,-107,-45,-126,-14,27,9,122,-94,31,113,95,-101,-61,108,-66,125,-51,99,-70,23,12,-44,76,-92
4,0,125,638,-127,-41,-7,-13,51,-84,-1,51,-115,-38,52,-126,-3,110,-15,23,5,-12,-87,-70,115,64,121,-36,64,-34,36,-28,-115,-39,-65,-52
4,0,127,639,-16,-124,104,-116,119,117,17,105,-11,-94,-25,-29,-17,-127,71,-39,46,-103,3,50,-10,71,47,-106,-96,-38,93,-21,15,55,-87,76
4,0,129,640,37,-1,0,86,117,-92,-21,-113,124,19,-97,-12,-99,-8,50,29,-76,-19,54,111,3,71,26,-122,122,-17,-125,-33,-92,9,61,-120
4,0,131,641,84,-92,14,-25,55,-105,-66,-115,-118,-110,36,21,-48,73,-47,-46,-6,-71,12,84,52,67,37,95,-41,127,3,8,-43,-29,10,98
4,0,133,642,38,-8,-39,50,33,81,-18,-71,49,-74,-28,-64,-19,106,22,4,76,115,-127,59,-69,82,-50,-107,-3,63,-32,62,93,27,108,94
4,0,135,643,83,-121,-99,-38,2,-55,87,-36,-86,111,-53,0,96,65,45,-113,-12,-11,-76,101,-127,61,-93,88,-118,97,-121,55,22,-114,-89,79
4,0,137,644,88,-17,-56,97,-17,-59,13,45,-9,4,-47,65,-36,-19,40,62,-53,-120,-98,-106,97,-20,-106,-5,-8,-117,-82,112,45,-110,4,-110
4,0,139,645,38,1,-5,50,17,-12,-80,29,50,-98,-103,74,30,92,-32,76,-102,-14,110,1,-32,-31,110,-79,-99,-43,-53,-1,-99,105,-125,51
4,0,141,646,97,-124,87,-121,-113,-18,70,124,-22,-52,-123,-57,27,85,-24,20,72,61,-122,-28,12,-97,-1,-118,29,-89,57,-52,97,19,-36,25
4,0,143,647,-75,-111,112,17,45,35,-19,2,80,79,-45,55,6,89,-44,-41,111,-71,-80,-30,9,-20,91,77,-80,49,79,15,-70,-39,-97,-26
4,0,145,648,29,-72,-74,101,29,81,-30,-45,-122,123,65,114,-105,127,103,-11,-116,83,47,-119,44,34,-21,109,-97,47,-115,-115,38,-21,98,85
4,0,147,649,71,48,-95,103,45,-112,-101,112,-61,-35,123,-36,-59,23,-105,28,-90,90,10,-60,67,26,112,67,46,104,-43,-39,-31,122,113,-118
4,0,149,650,119,3,16,-69,119,-9,69,-108,53,-95,-84,111,26,119,14,21,85,-5,101,-113,104,109,42,1,123,36,3,69,56,-19,69,-109
4,0,151,651,31,-119,-12,70,8,43,33,5,-103,125,4,93,-124,67,-93,-46,126,-17,-96,-102,64,-68,122,28,-67,96,124,-5,83,-113,-75,-4
4,0,153,652,56,-92,19,107,-118,107,31,-42,95,-95,-37,21,108,-111,15,-99,-70,-41,78,88,58,4,21,-17,-35,-3,-12,37,-79,61,-15,22
4,0,155,653,1,-1,113,31,-97,-62,-31,20,97,-54,-16,-103,-104,-1,34,83,-41,125,31,97,103,-31,-44,75,-8,113,115,-9,7,30,-4,11
4,0,157,654,53,67,-6,-2,-99,-116,-103,47,57,91,-86,48,78,44,52,78,-22,-51,-116,65,-36,-112,103,-72,89,-34,-60,-112,12,22,103,18
4,0,159,655,-55,81,-81,-92,-125,-100,80,2,126,-36,-118,21,48,-96,69,-59,9,-23,-24,-106,56,-103,105,-49,-41,-97,46,90,-86,-5,-42,87
4,0,161,656,-97,63,121,-23,37,100,7,24,-102,-74,-42,-50,-55,-58,-60,-73,126,21,-26,-39,-85,-52,-95,69,30,-24,68,55,0,89,-43,41
4,0,163,657,87,2,-61,-51,70,-2,51,39,95,-61,19,-119,-119,127,49,41,-32,-58,2,127,90,95,5,111,98,51,-26,-14,124,99,114,72
4,0,165,658,103,55,-14,62,98,-52,92,73,32,-112,-92,-114,42,0,62,-37,97,-97,30,-20,51,79,-18,-96,38,-71,98,123,11,4,-74,27
4,0,167,659,45,-58,-47,111,-78,109,89,35,8,-113,-57,56,-110,94,85,26,64,54,17,72,-73,-49,57,60,-21,-39,-20,61,-121,-28,62,-3
4,0,169,660,-126,-46,68,-77,62,79,-35,36,25,32,76,45,20,-30,64,-19,-64,98,-76,-28,93,-29,118,-81,-43,83,6,-31,38,122,-69,-46
4,0,171,661,-30,-1,-14,-9,121,-32,6,-85,64,53,-126,-34,-3,-111,66,-117,115,40,66,94,20,-4,-125,-98,-45,123,39,85,83,55,-63,-46
4,0,173,662,3,-34,-43,-63,-4,44,-4,52,40,-54,28,20,34,-22,-92,63,-43,45,-62,-119,50,-79,-79,53,-58,37,94,74,-112,99,-36,-89
4,0,175,663,26,-79,-71,17,62,50,112,21,-25,-29,110,85,38,17,-60,-21,48,-45,73,103,127,56,62,52,36,-79,35,29,12,104,-42,-110
4,0,177,664,122,69,86,7,-69,49,-62,-68,-22,82,2,85,77,-51,121,79,-118,-97,-123,97,-52,-78,2,71,-6,0,-104,-5,28,92,105,118
4,0,179,665,-31,90,120,-36,-30,-120,113,114,39,30,41,-41,-109,-83,99,30,83,-31,124,1,81,19,-127,-13,-2,-70,-109,-116,-57,-87,-54,82
4,0,181,666,-47,85,-22,69,30,-48,-67,90,126,29,-42,-2,95,112,-69,-87,113,-18,21,116,97,73,48,7,4,-67,9,-107,52,61,20,-104
4,0,183,667,-125,71,103,-106,124,-47,-108,106,122,14,-48,-30,90,88,-59,0,82,4,-75,-56,-17,-96,126,44,59,-78,35,-17,107,9,40,79
4,0,185,668,-102,22,65,107,79,86,122,-91,-49,57,10,-78,97,-3,65,-119,-35,31,5,-113,-53,-18,-94,-31,-71,-111,111,-32,2,-124,66,35
4,0,187,669,-81,-75,-119,-52,-111,-3,-88,-95,18,-78,-60,-66,-22,-9,-80,77,-53,-28,15,27,-110,-105,83,11,37,72,-73,-73,105,81,98,-74
4,0,189,670,21,-100,34,66,-29,94,-4,113,102,67,-100,-79,1,-83,-39,-48,-83,28,-37,-107,-29,-90,-41,122,-20,107,-89,-44,-11,121,-95,-52
4,0,191,671,90,102,83,111,77,-94,-63,51,6,115,50,-62,-19,119,109,-51,-51,98,-124,-45,-97,-69,-55,-104,83,-71,-57,-95,72,-120,73,7
4,0,193,672,31,20,-100,30,50,-11,-24,53,22,-41,82,-38,-33,14,-120,117,-86,-77,-44,33,-55,-72,-32,96,-63,-34,-79,99,-11,67,-56,-78
4,0,195,673,56,121,-55,-22,73,15,-79,18,-43,127,-113,-111,-48,109,-34,36,-67,37,111,113,-38,11,22,71,26,-82,-41,-38,25,-7,-84,-40
4,0,197,674,97,-40,10,0,17,73,13,-66,-43,3,103,126,-44,-108,67,4,68,-52,-71,40,-114,-66,31,-102,-37,84,-61,-94,-49,-68,-111,125
4,0,199,675,-64,26,-82,-114,-3,-3,100,-118,-86,0,-46,-4,-39,14,-21,-61,-106,113,-56,90,88,-4,-106,10,-76,-108,-65,110,-28,117,-90,-16
4,0,201,676,20,-27,-92,-82,-73,-115,-32,65,117,15,-121,104,-19,12,-10,4,-48,-27,94,68,110,43,-60,47,41,127,-126,-15,-35,109,98,-118
4,0,203,677,53,-55,-34,33,22,37,79,-50,-54,-93,-92,-39,-30,56,29,127,47,97,-20,-122,-55,-80,26,5,90,-23,-81,-15,-45,110,40,-7
4,0,205,678,-84,95,-72,-88,78,114,-121,-8,100,29,-28,-119,-6,24,87,-25,102,121,-48,80,-46,91,24,-21,1,-13,82,-38,39,-98,12,83
4,0,207,679,-49,80,-119,-14,87,-23,106,22,102,93,17,99,-75,-115,71,12,116,33,58,-46,14,-35,120,-12,11,55,16,111,-1,57,-68,-32
4,0,209,680,-24,70,-41,-16,-20,-43,-110,-116,108,-59,109,-20,-4,-68,60,-11,-33,-37,80,-64,59,-26,-87,22,-55,53,-112,123,20,79,8,43
4,0,211,681,90,-24,68,22,72,-81,-16,79,-33,112,-62,39,-110,-38,21,-121,-111,2,-1,70,32,61,5,-49,61,127,-81,125,-86,-102,86,42
4,0,213,682,-76,84,32,-31,116,-60,-103,118,20,50,106,-11,-114,-74,14,56,-12,8,59,-117,81,-112,-53,117,85,-113,18,-61,-4,-117,15,-79
4,0,215,683,-103,-101,-49,103,93,-3,57,110,40,-58,-79,31,-38,52,10,-78,-3,-71,-70,-9,20,17,68,-108,58,-77,109,-1,-76,30,-55,92
4,0,217,684,89,55,-88,-46,-50,95,12,83,61,54,-25,82,37,-79,-12,-15,-83,18,-25,-26,-53,-33,91,31,73,91,-102,117,108,53,22,-6
4,0,219,685,42,17,-97,-80,90,96,104,-56,115,3,10,-73,114,2,98,-42,-37,20,97,80,-21,46,-7,-55,-69,14,-87,102,-96,58,10,33
4,0,221,686,37,-35,-39,8,-57,-26,69,76,54,24,65,123,113,28,-10,-55,-44,80,45,-24,-68,42,-59,2,-96,11,50,-42,76,104,41,-96
4,0,223,687,122,-93,-29,-37,-66,-69,-119,111,28,63,-48,55,-19,109,-59,-100,113,39,5,97,-88,103,-111,46,-100,-109,-33,81,54,71,-49,25
4,0,225,688,-92,105,-7,122,37,39,-2,-110,121,-32,47,72,88,-111,-22,78,-4,-16,60,-14,-84,84,75,20,-70,73,63,43,14,-48,127,-94
4,0,227,689,66,-74,-35,-31,-63,-116,-55,-101,126,55,-40,84,-77,-88,32,7,-90,31,94,98,-72,-101,-95,-19,-80,3,110,-62,-66,-88,-75,-58
4,0,229,690,-74,114,-46,-122,60,-63,-61,79,-14,17,-104,59,-69,72,-106,98,-65,21,12,-44,32,-79,65,31,85,-71,-41,94,37,79,88,20
4,0,231,691,-121,127,39,116,-93,60,102,52,3,34,102,-88,-110,65,-112,-89,-86,-67,95,50,-77,58,48,118,14,6,-96,122,-92,-1,34,49
4,0,233,692,99,-35,-110,-101,34,-35,-126,-12,10,60,-50,114,79,116,-40,116,61,-15,55,-12,-10,36,22,26,105,5,25,99,-42,-97,10,47
4,0,235,693,100,2,-100,78,-110,68,-86,25,-47,102,-73,-42,28,113,-64,65,3,39,-43,-46,-8,-48,57,78,9,-64,102,104,-116,35,7,3
4,0,237,694,127,113,-66,-122,24,-35,-83,-47,21,58,15,5,-117,98,103,49,3,-109,100,126,9,4,-118,11,-73,-21,85,-49,13,57,-119,-89
4,0,239,695,31,-107,-126,-20,-93,36,-91,83,100,-108,65,-23,91,-36,-124,-32,87,-2,73,-108,26,-122,15,-82,73,16,1,62,64,82,78,-114
4,0,241,696,39,98,-2,-63,73,-123,45,101,10,109,117,125,-58,-69,-120,74,48,-21,28,-71,105,-30,-82,-104,-29,-39,47,-62,61,33,99,-77
4,0,243,697,123,-26,-24,43,-69,-106,27,115,-98,-47,-86,58,33,-14,98,120,-95,-21,62,48,-52,-51,-45,113,-84,-83,-48,57,60,-69,-78,-5
4,0,245,698,-103,-122,-2,-1,-32,116,-57,-101,-27,-96,-92,-126,-105,-92,-38,-101,-127,104,-105,-17,-111,-67,-68,-1,18,55,34,-51,-38,27,-34,-83
4,0,247,699,-47,-12,36,-22,24,-64,-48,-66,-60,61,56,-41,-105,-116,1,80,60,-9,19,41,77,-121,127,76,124,28,-6,-60,25,84,-99,68
4,0,249,700,25,68,-6,-113,-120,-63,106,-95,-80,-69,126,-88,-49,-102,69,-51,16,13,53,28,-127,-93,-53,89,67,113,104,-109,-70,111,-82,23
4,0,251,701,-38,-70,-24,-85,-46,-101,107,6,18,32,106,86,78,94,-105,-79,25,-83,-58,105,-10,50,31,-84,-25,-17,-17,120,-51,35,-50,-54
4,0,253,702,121,0,66,-45,-18,13,65,21,11,18,120,-105,-119,126,22,56,-86,27,-14,56,75,-21,5,-75,-19,71,44,-95,-34,127,58,62
4,0,255,703,-24,33,31,-83,107,-118,-123,-60,-101,80,24,-71,56,3,-113,-105,77,-60,-120,35,87,80,-81,-78,-118,-57,-34,-47,100,-115,-20,18
4,0,257,704,7,-94,56,-116,10,-41,65,-112,125,24,-114,122,-117,-6,-100,-55,-81,-46,-105,-110,82,-26,-52,31,41,117,-104,47,23,-121,127,-20
4,0,259,705,-24,13,-102,-96,114,18,-90,28,-36,18,113,-82,-65,-41,74,-20,39,82,-10,66,56,-108,-54,94,-7,27,75,-29,-101,51,-125,76
4,0,261,706,77,-127,74,48,14,-73,-40,49,67,-116,21,75,-67,115,58,90,-53,-40,28,57,-82,-122,-16,-74,53,-17,18,31,112,-107,-88,-1
4,0,263,707,61,14,15,-57,-86,48,-52,-60,-1,77,51,-16,38,-81,-78,94,-48,86,28,-21,-45,1,54,-21,122,-98,-25,-95,35,-85,-73,-10
4,0,265,708,53,-120,126,22,78,-127,-28,-71,-69,26,24,-18,-1,111,-127,-23,-46,96,84,-95,-26,23,-94,-98,-44,-17,-124,-127,-86,-93,20,117
4,0,267,709,-3,38,39,-65,32,106,42,-98,99,84,-17,-29,106,-106,68,86,10,39,42,-2,-36,-30,15,-30,12,64,-94,-125,27,-63,64,-112
4,0,269,710,-10,-19,-96,-33,90,84,-80,-16,35,-7,-67,24,-98,48,-10,20,-50,19,-29,-122,-23,19,22,-64,-109,43,53,-71,-73,-111,41,-73
4,0,271,711,70,-100,14,31,79,127,40,59,-93,-24,22,-72,44,85,-53,92,55,100,75,91,-34,93,28,-47,-18,-38,103,-45,92,-106,-36,47
4,0,273,712,-20,-75,26,8,-70,36,17,-94,-52,107,-24,14,91,-66,-125,99,-89,42,-9,-38,120,-17,-79,52,43,-98,-116,59,90,89,-19,-127
4,0,275,713,3,54,-80,41,-35,119,-107,-60,-36,62,-82,-121,60,106,-87,-119,-62,-97,13,79,50,-101,35,-49,45,58,-126,45,31,110,-35,7
4,0,277,714,95,12,-79,4,78,104,-72,40,94,107,-6,-72,-52,-12,-94,32,-59,-25,34,-115,120,56,-16,-22,39,88,126,74,-3,26,-32,98
4,0,279,715,96,41,99,-4,-97,-1,109,-114,63,-126,72,56,11,112,18,23,33,4,-90,29,105,-16,30,6,110,32,109,52,-3,110,-67,-94
4,0,281,716,-72,-79,4,15,32,89,-21,-83,39,-6,125,74,123,-32,125,23,59,-49,34,96,21,-70,95,-48,-92,24,22,35,-53,-102,10,-26
4,0,283,717,-118,-72,-31,26,74,-79,55,79,-73,-33,99,-116,-71,-110,19,22,-11,-75,22,-61,-43,117,-127,-83,-1,-30,-32,72,37,-45,-87,65
4,0,285,718,113,118,-68,79,-63,-91,22,124,0,-21,-81,51,93,16,68,-75,16,29,-108,-1,33,-48,106,98,-24,-97,-125,8,51,20,-69,-80
4,0,287,719,-17,-17,-17,-17,-17,-17,-17,-17,-17,-17,-17,-17,-17,-17,-17,-17,-17,-17,-17,-17,-17,-17,-17,-17,-17,-17,-17,-17,-17,-17,-17,-17
5,0,1,720,-17,-17,-17,-17,-17,-17,-17,-17,-17,-17,-17,-17,-17,-17,-17,-17,-17,-17,-17,-17,-17,-17,-17,-17,-17,-17,-17,-17,-17,-17,-17,-17
5,0,3,721,124,44,95,-104,-3,12,120,-30,-8,88,-16,78,93,97,-87,29,27,-63,-97,-82,-102,-26,-103,-87,-118,64,9,103,12,-89,113,11
5,0,5,722,-45,26,68,83,110,111,104,-123,5,-110,108,126,42,-39,94,79,87,71,-73,-70,-124,40,-13,-43,-92,-57,21,-59,-71,15,-30,-22
5,0,7,723,-45,56,-61,-68,89,-52,-11,92,88,57,-68,-74,79,-96,-96,-61,-106,-88,-12,44,63,79,6,61,-49,-8,86,117,-88,27,-75,-56
5,0,9,724,-32,-55,-33,-9,62,4,121,-68,96,-76,-92,78,16,-88,18,113,29,17,-48,-35,40,99,-16,-56,119,24,19,-46,-91,-72,47,86
5,0,11,725,7,-1,-75,-104,107,-15,-70,101,-61,-75,-5,26,-4,-54,124,-77,-28,76,-97,120,121,-68,-103,-111,121,73,-55,-78,-8,122,-29,37
5,0,13,726,-118,-71,46,-7,-8,-111,27,77,97,34,98,-69,101,-93,-75,-78,37,-83,111,4,-127,30,-63,-81,5,-35,-20,86,33,-49,15,-113
5,0,15,727,123,-127,-66,25,4,65,102,-69,-69,-82,-66,-58,-32,-84,95,65,115,-48,-73,79,127,-1,107,77,101,-99,80,7,-63,98,32,-103
5,0,17,728,-123,-33,-101,63,-92,-29,26,112,-18,-55,97,126,-65,-101,9,-15,-19,80,76,-104,52,75,-61,81,98,-34,-36,-73,-54,-119,18,-101
5,0,19,729,18,-90,95,1,47,-117,-39,-15,-100,-21,-49,115,119,-116,-104,-5,115,-112,35,111,103,35,-119,1,-112,90,-125,-60,115,-48,-106,3
5,0,21,730,-39,-88,-124,87,-43,120,-27,-58,64,-26,-70,37,91,-105,95,-87,-17,-99,-61,-99,-101,99,34,-74,-44,48,-70,39,11,-121,121,52
5,0,23,731,108,125,-104,18,-13,48,109,-58,76,-37,-1,-17,58,116,35,98,-52,28,-99,-55,71,-123,35,-50,-95,-119,-54,-80,98,46,60,52
5,0,25,732,126,60,-96,73,-85,40,5,-40,-59,-114,-21,-11,65,107,-109,82,16,114,81,-61,-32,-92,-23,-103,120,-107,-36,-81,81,-90,120,35
5,0,27,733,-116,-118,75,70,49,62,50,15,-102,27,66,66,-111,-101,-49,20,-79,90,-123,96,-116,32,-8,-122,66,-47,-37,-1,-11,7,60,76
5,0,29,734,-5,-116,-50,18,-108,-115,63,82,110,23,-80,97,12,48,-77,72,-33,105,-54,72,-91,-68,-25,78,121,30,-32,30,-44,-39,17,-41
5,0,31,735,6,50,-122,-37,-114,-18,67,-7,41,114,-16,25,116,66,40,-84,15,111,116,-56,62,123,56,86,12,-99,40,85,-57,40,19,93
5,0,33,736,-120,-126,85,-115,-33,-5,50,92,-5,-36,12,71,32,-95,-103,64,23,52,11,-103,48,-50,-90,-44,-57,33,55,-109,-117,76,-43,56
5,0,35,737,110,43,-119,119,15,3,-73,103,-93,-49,-41,-107,-95,96,-87,107,12,26,86,-57,110,14,-10,-113,-11,102,-47,-82,78,-122,0,-40
5,0,37,738,-118,-5,40,-72,87,-17,60,-8,123,63,32,99,-62,-95,12,30,78,84,-55,-66,44,-28,21,-92,-20,-112,-53,64,104,104,-33,102
5,0,39,739,-9,-100,-8,-65,-54,81,-58,-36,116,14,63,-6,-25,-66,113,61,50,122,15,-40,-62,-95,102,-42,-20,3,-42,121,-99,74,28,77
5,0,41,740,1,126,-69,-106,50,-88,52,-106,-21,70,21,108,-12,-94,99,-48,-72,-111,-17,84,9,1,61,-110,84,94,-54,-59,86,-48,-21,-1
5,0,43,741,-64,10,-108,18,-65,-19,50,32,-4,-21,8,22,-46,18,127,55,-122,105,-64,124,40,-41,-102,-91,-58,-100,4,118,-66,-107,22,82
5,0,45,742,66,64,109,-81,11,83,67,24,-64,-81,-49,75,-17,96,72,19,-34,50,-103,-123,-71,-22,53,-107,51,-110,9,7,100,-76,13,39
5,0,47,743,108,-24,42,-24,-56,120,-24,72,-67,113,50,-126,56,-13,56,-67,-38,-107,-8,6,-5,-53,-55,87,-107,117,-68,-28,-93,-80,-105,20
5,0,49,744,94,22,84,124,-118,43,53,26,6,61,-104,-65,-65,87,94,-64,68,-14,94,98,-72,84,-17,-67,-41,103,90,-30,45,-66,-124,-24
5,0,51,745,126,-117,25,15,-57,116,34,7,-17,-65,-64,-106,-25,61,-13,-25,114,-77,-43,-38,16,-52,109,-9,-27,-103,-87,-5,-6,-67,-110,-71
5,0,53,746,99,-93,2,60,-68,-90,44,110,91,-14,-51,-50,13,112,-8,72,-121,-35,69,-32,93,-36,22,-4,-25,-114,57,28,-52,32,56,78
5,0,55,747,-109,-64,55,47,-57,-114,67,45,118,8,27,36,46,118,-3,-76,-10,-109,51,84,95,-87,-100,32,40,-91,-96,121,-110,26,-50,108
5,0,57,748,19,-107,118,14,21,82,-54,-11,44,-117,-59,93,85,-121,38,-15,-56,-3,-55,45,-46,27,47,-22,-36,89,113,-78,61,-42,-79,-124
5,0,59,749,55,76,16,-13,40,71,-91,113,85,55,-93,-101,108,52,-60,-127,48,74,79,-4,78,66,-7,30,97,122,18,-14,-63,96,-88,-27
5,0,61,750,-25,86,-6,-13,-120,-30,-109,-19,20,36,58,-123,3,-101,-60,-87,79,42,-14,-46,30,84,96,39,-33,-26,-5,-59,-113,42,39,-3
5,0,63,751,-119,122,95,-56,-25,51,-32,19,90,-110,-76,116,80,-62,71,-14,110,-18,-60,-61,-51,75,31,93,-115,127,41,-115,124,-5,-37,59
5,0,65,752,19,-101,120,105,-5,120,40,45,1,41,25,-79,47,-50,27,17,-30,-7,47,-127,-109,-10,59,-89,-45,-23,-75,29,-37,-94,112,38
5,0,67,753,-81,29,68,3,62,11,-29,-13,-102,-23,-5,-14,-126,123,29,40,-79,80,13,-59,-21,-88,-31,59,-89,-30,-22,22,122,125,71,-51
5,0,69,754,-49,127,9,-58,-74,-64,91,86,-44,-124,-61,-80,-84,87,-64,95,114,-30,-35,7,123,88,47,38,-18,-38,-127,-26,112,22,117,-50
5,0,71,755,-47,-36,27,10,-23,-83,-25,99,116,-23,-114,89,-44,-6,-1,37,-26,-99,85,97,91,125,17,118,-101,-16,-117,-77,92,64,-89,72
5,0,73,756,-123,68,18,87,-51,38,-114,-54,11,-80,-86,-43,-40,-87,-120,-117,101,112,-19,37,-1,9,126,110,-69,53,-60,14,18,23,-25,93
5,0,75,757,95,-66,-19,-119,29,41,17,-86,-8,17,91,105,-18,110,37,1,-60,-18,-127,-15,-70,23,104,-89,-99,-75,96,-89,-82,-101,68,-113
5,0,77,758,119,-35,94,107,-105,-57,-24,-68,33,-41,73,73,-61,37,-78,21,20,99,-94,58,45,118,107,127,80,97,48,66,20,-13,24,-1
5,0,79,759,46,15,-49,31,121,-12,62,82,55,-12,-79,95,-88,-9,5,36,88,-77,-75,100,110,-37,-106,-43,106,-32,103,-80,-83,82,57,-5
5,0,81,760,53,26,22,-61,105,76,-29,-79,119,98,-7,-41,41,44,62,-122,-3,-54,-88,-102,-12,68,-39,93,-55,97,99,30,114,-45,120,-44
5,0,83,761,66,-33,66,39,-41,-90,91,-52,-115,-75,92,-83,-105,-6,-62,-102,53,-40,103,68,120,-90,-110,-88,-58,51,-65,-100,-42,-23,51,18
5,0,85,762,75,73,-91,-95,-101,123,112,8,59,103,-27,-38,123,40,-115,-105,47,-83,87,-88,26,-33,-19,95,-116,116,-44,123,117,6,-45,42
5,0,87,763,97,-17,-37,117,49,-121,-3,-72,-38,41,51,-1,48,-20,-38,-71,35,-96,29,34,-7,37,-86,54,126,-61,-33,-36,-55,6,91,2
5,0,89,764,-120,-94,26,-21,-23,-8,117,106,-84,61,105,-60,9,-88,18,-36,-84,40,-5,-9,-77,-92,68,53,10,-70,41,22,85,-93,-21,95
5,0,91,765,8,27,-79,-121,71,21,61,49,-77,-77,59,-37,-67,-104,11,-99,40,-59,-56,23,-46,-72,75,94,-27,37,116,-125,38,110,-18,-89
5,0,93,766,-73,18,-13,-76,-11,13,8,55,-115,56,-22,-94,-25,72,10,-9,15,-106,-43,26,2,-19,-120,66,-72,31,22,49,-101,120,-99,-43
5,0,95,767,-7,71,9,107,79,-34,15,-11,-35,17,-40,-12,119,114,-116,-68,-77,-51,-9,9,-18,121,3,43,100,-89,84,98,-54,114,34,-6
5,0,97,768,-25,2,51,-109,69,112,5,-76,87,112,-40,-58,115,-61,44,-113,59,-109,-115,-8,-50,88,12,-13,126,10,-50,108,-103,57,79,65
5,0,99,769,41,-120,-90,96,-120,102,118,-95,74,19,-64,-106,-58,64,-100,8,7,-12,89,-31,119,47,27,-98,59,-88,70,105,-2,-120,-34,57
5,0,101,770,-25,80,48,28,-40,96,-65,-58,-112,75,74,-14,53,-93,-56,-123,-101,-68,16,-107,-83,52,-78,49,62,-89,-113,-76,74,50,96,110
5,0,103,771,51,-95,-7,-53,-65,-71,-73,-52,-107,2,47,51,-36,-47,-39,-109,-28,-111,123,-87,-18,93,75,-19,-100,24,-97,29,28,-44,78,-51
5,0,105,772,-32,-52,-12,-19,127,49,59,5,91,109,-4,70,113,-89,109,-75,-96,76,-85,19,-104,-6,-55,-31,12,-112,-105,3,19,-24,-101,24
5,0,107,773,-36,2,-54,28,-50,-29,124,0,42,-96,-72,-83,7,55,-101,-121,-40,-77,1,-22,-126,-40,-55,94,-39,-41,58,56,-26,-71,-54,83
5,0,109,774,-53,90,93,-88,22,-30,18,-108,-126,114,-99,-27,71,-23,43,98,-27,-20,52,56,-16,-5,70,26,-97,29,79,5,117,-70,-77,108
5,0,111,775,-42,-93,-44,-111,70,122,-45,22,-37,-90,14,36,-96,26,-32,122,74,97,31,-13,-54,45,125,54,13,61,44,-102,-60,-31,99,-112
5,0,113,776,103,-107,-48,-43,-58,118,-26,123,-23,-35,-14,-46,-84,-112,39,14,78,23,-16,73,-46,-100,-6,-10,51,95,42,-1,94,20,-75,31
5,0,115,777,37,-27,16,41,-76,89,87,93,45,103,110,30,11,-9,-116,-45,-2,-61,74,-35,92,-89,125,18,71,33,98,14,120,-126,40,-91
5,0,117,778,-86,-29,-60,-39,126,-73,66,-122,-34,62,-118,-75,88,31,83,9,-113,2,-66,-97,73,18,74,-60,-90,-28,-113,-122,31,-98,-58,-115
5,0,119,779,8,46,90,-117,-34,60,29,-94,-59,116,-3,63,-47,-10,-36,-25,62,-94,114,-40,-19,30,117,77,-1,-8,71,66,33,54,-121,106
5,0,121,780,-114,-104,34,-28,24,-119,-61,-10,-20,-3,-16,-126,32,-92,-32,-78,60,-109,-23,-101,-18,-30,25,-122,88,-38,65,3,127,78,-56,-12
5,0,123,781,-1,-83,-125,-94,117,-39,-24,-75,-107,-45,-126,-14,27,9,122,-94,31,113,95,-101,-61,108,-66,125,-51,99,-70,23,12,-44,76,-92
5,0,125,782,-127,-41,-7,-13,51,-84,-1,51,-115,-38,52,-126,-3,110,-15,23,5,-12,-87,-70,115,64,121,-36,64,-34,36,-28,-115,-39,-65,-52
5,0,127,783,-16,-124,104,-116,119,117,17,105,-11,-94,-25,-29,-17,-127,71,-39,46,-103,3,50,-10,71,47,-106,-96,-38,93,-21,15,55,-87,76
5,0,129,784,37,-1,0,86,117,-92,-21,-113,124,19,-97,-12,-99,-8,50,29,-76,-19,54,111,3,71,26,-122,122,-17,-125,-33,-92,9,61,-120
5,0,131,785,84,-92,14,-25,55,-105,-66,-115,-118,-110,36,21,-48,73,-47,-46,-6,-71,12,84,52,67,37,95,-41,127,3,8,-43,-29,10,98
5,0,133,786,38,-8,-39,50,33,81,-18,-71,49,-74,-28,-64,-19,106,22,4,76,115,-127,59,-69,82,-50,-107,-3,63,-32,62,93,27,108,94
5,0,135,787,83,-121,-99,-38,2,-55,87,-36,-86,111,-53,0,96,65,45,-113,-12,-11,-76,101,-127,61,-93,88,-118,97,-121,55,22,-114,-89,79
5,0,137,788,88,-17,-56,97,-17,-59,13,45,-9,4,-47,65,-36,-19,40,62,-53,-120,-98,-106,97,-20,-106,-5,-8,-117,-82,112,45,-110,4,-110
5,0,139,789,38,1,-5,50,17,-12,-80,29,50,-98,-103,74,30,92,-32,76,-102,-14,110,1,-32,-31,110,-79,-99,-43,-53,-1,-99,105,-125,51
5,0,141,790,97,-124,87,-121,-113,-18,70,124,-22,-52,-123,-57,27,85,-24,20,72,61,-122,-28,12,-97,-1,-118,29,-89,57,-52,97,19,-36,25
5,0,143,791,-75,-111,112,17,45,35,-19,2,80,79,-45,55,6,89,-44,-41,111,-71,-80,-30,9,-20,91,77,-80,49,79,15,-70,-39,-97,-26
5,0,145,792,29,-72,-74,101,29,81,-30,-45,-122,123,65,114,-105,127,103,-11,-116,83,47,-119,44,34,-21,109,-97,47,-115,-115,38,-21,98,85
5,0,147,793,71,48,-95,103,45,-112,-101,112,-61,-35,123,-36,-59,23,-105,28,-90,90,10,-60,67,26,112,67,46,104,-43,-39,-31,122,113,-118
5,0,149,794,119,3,16,-69,119,-9,69,-108,53,-95,-84,111,26,119,14,21,85,-5,101,-113,104,109,42,1,123,36,3,69,56,-19,69,-109
5,0,151,795,31,-119,-12,70,8,43,33,5,-103,125,4,93,-124,67,-93,-46,126,-17,-96,-102,64,-68,122,28,-67,96,124,-5,83,-113,-75,-4
5,0,153,796,56,-92,19,107,-118,107,31,-42,95,-95,-37,21,108,-111,15,-99,-70,-41,78,88,58,4,21,-17,-35,-3,-12,37,-79,61,-15,22
5,0,155,797,1,-1,113,31,-97,-62,-31,20,97,-54,-16,-103,-104,-1,34,83,-41,125,31,97,103,-31,-44,75,-8,113,115,-9,7,30,-4,11
5,0,157,798,53,67,-6,-2,-99,-116,-103,47,57,91,-86,48,78,44,52,78,-22,-51,-116,65,-36,-112,103,-72,89,-34,-60,-112,12,22,103,18
5,0,159,799,-55,81,-81,-92,-125,-100,80,2,126,-36,-118,21,48,-96,69,-59,9,-23,-24,-106,56,-103,105,-49,-41,-97,46,90,-86,-5,-42,87
5,0,161,800,-97,63,121,-23,37,100,7,24,-102,-74,-42,-50,-55,-58,-60,-73,126,21,-26,-39,-85,-52,-95,69,30,-24,68,55,0,89,-43,41
5,0,163,801,87,2,-61,-51,70,-2,51,39,95,-61,19,-119,-119,127,49,41,-32,-58,2,127,90,95,5,111,98,51,-26,-14,124,99,114,72
5,0,165,802,103,55,-14,62,98,-52,92,73,32,-112,-92,-114,42,0,62,-37,97,-97,30,-20,51,79,-18,-96,38,-71,98,123,11,4,-74,27
5,0,167,803,45,-58,-47,111,-78,109,89,35,8,-113,-57,56,-110,94,85,26,64,54,17,72,-73,-49,57,60,-21,-39,-20,61,-121,-28,62,-3
5,0,169,804,-126,-46,68,-77,62,79,-35,36,25,32,76,45,20,-30,64,-19,-64,98,-76,-28,93,-29,118,-81,-43,83,6,-31,38,122,-69,-46
5,0,171,805,-30,-1,-14,-9,121,-32,6,-85,64,53,-126,-34,-3,-111,66,-117,115,40,66,94,20,-4,-125,-98,-45,123,39,85,83,55,-63,-46
5,0,173,806,3,-34,-43,-63,-4,44,-4,52,40,-54,28,20,34,-22,-92,63,-43,45,-62,-119,50,-79,-79,53,-58,37,94,74,-112,99,-36,-89
5,0,175,807,26,-79,-71,17,62,50,112,21,-25,-29,110,85,38,17,-60,-21,48,-45,73,103,127,56,62,52,36,-79,35,29,12,104,-42,-110
5,0,177,808,122,69,86,7,-69,49,-62,-68,-22,82,2,85,77,-51,121,79,-118,-97,-123,97,-52,-78,2,71,-6,0,-104,-5,28,92,105,118
5,0,179,809,-31,90,120,-36,-30,-120,113,114,39,30,41,-41,-109,-83,99,30,83,-31,124,1,81,19,-127,-13,-2,-70,-109,-116,-57,-87,-54,82
5,0,181,810,-47,85,-22,69,30,-48,-67,90,126,29,-42,-2,95,112,-69,-87,113,-18,21,116,97,73,48,7,4,-67,9,-107,52,61,20,-104
5,0,183,811,-125,71,103,-106,124,-47,-108,106,122,14,-48,-30,90,88,-59,0,82,4,-75,-56,-17,-96,126,44,59,-78,35,-17,107,9,40,79
5,0,185,812,-102,22,65,107,79,86,122,-91,-49,57,10,-78,97,-3,65,-119,-35,31,5,-113,-53,-18,-94,-31,-71,-111,111,-32,2,-124,66,35
5,0,187,813,-81,-75,-119,-52,-111,-3,-88,-95,18,-78,-60,-66,-22,-9,-80,77,-53,-28,15,27,-110,-105,83,11,37,72,-73,-73,105,81,98,-74
5,0,189,814,21,-100,34,66,-29,94,-4,113,102,67,-100,-79,1,-83,-39,-48,-83,28,-37,-107,-29,-90,-41,122,-20,107,-89,-44,-11,121,-95,-52
5,0,191,815,90,102,83,111,77,-94,-63,51,6,115,50,-62,-19,119,109,-51,-51,98,-124,-45,-97,-69,-55,-104,83,-71,-57,-95,72,-120,73,7
5,0,193,816,31,20,-100,30,50,-11,-24,53,22,-41,82,-38,-33,14,-120,117,-86,-77,-44,33,-55,-72,-32,96,-63,-34,-79,99,-11,67,-56,-78
5,0,195,817,56,121,-55,-22,73,15,-79,18,-43,127,-113,-111,-48,109,-34,36,-67,37,111,113,-38,11,22,71,26,-82,-41,-38,25,-7,-84,-40
5,0,197,818,97,-40,10,0,17,73,13,-66,-43,3,103,126,-44,-108,67,4,68,-52,-71,40,-114,-66,31,-102,-37,84,-61,-94,-49,-68,-111,125
5,0,199,819,-64,26,-82,-114,-3,-3,100,-118,-86,0,-46,-4,-39,14,-21,-61,-106,113,-56,90,88,-4,-106,10,-76,-108,-65,110,-28,117,-90,-16
5,0,201,820,20,-27,-92,-82,-73,-115,-32,65,117,15,-121,104,-19,12,-10,4,-48,-27,94,68,110,43,-60,47,41,127,-126,-15,-35,109,98,-118
5,0,203,821,53,-55,-34,33,22,37,79,-50,-54,-93,-92,-39,-30,56,29,127,47,97,-20,-122,-55,-80,26,5,90,-23,-81,-15,-45,110,40,-7
5,0,205,822,-84,95,-72,-88,78,114,-121,-8,100,29,-28,-119,-6,24,87,-25,102,121,-48,80,-46,91,24,-21,1,-13,82,-38,39,-98,12,83
5,0,207,823,-49,80,-119,-14,87,-23,106,22,102,93,17,99,-75,-115,71,12,116,33,58,-46,14,-35,120,-12,11,55,16,111,-1,57,-68,-32
5,0,209,824,-24,70,-41,-16,-20,-43,-110,-116,108,-59,109,-20,-4,-68,60,-11,-33,-37,80,-64,59,-26,-87,22,-55,53,-112,123,20,79,8,43
5,0,211,825,90,-24,68,22,72,-81,-16,79,-33,112,-62,39,-110,-38,21,-121,-111,2,-1,70,32,61,5,-49,61,127,-81,125,-86,-102,86,42
5,0,213,826,-76,84,32,-31,116,-60,-103,118,20,50,106,-11,-114,-74,14,56,-12,8,59,-117,81,-112,-53,117,85,-113,18,-61,-4,-117,15,-79
5,0,215,827,-103,-101,-49,103,93,-3,57,110,40,-58,-79,31,-38,52,10,-78,-3,-71,-70,-9,20,17,68,-108,58,-77,109,-1,-76,30,-55,92
5,0,217,828,89,55,-88,-46,-50,95,12,83,61,54,-25,82,37,-79,-12,-15,-83,18,-25,-26,-53,-33,91,31,73,91,-102,117,108,53,22,-6
5,0,219,829,42,17,-97,-80,90,96,104,-56,115,3,10,-73,114,2,98,-42,-37,20,97,80,-21,46,-7,-55,-69,14,-87,102,-96,58,10,33
5,0,221,830,37,-35,-39,8,-57,-26,69,76,54,24,65,123,113,28,-10,-55,-44,80,45,-24,-68,42,-59,2,-96,11,50,-42,76,104,41,-96
5,0,223,831,122,-93,-29,-37,-66,-69,-119,111,28,63,-48,55,-19,109,-59,-100,113,39,5,97,-88,103,-111,46,-100,-109,-33,81,54,71,-49,25
5,0,225,832,-92,105,-7,122,37,39,-2,-110,121,-32,47,72,88,-111,-22,78,-4,-16,60,-14,-84,84,75,20,-70,73,63,43,14,-48,127,-94
5,0,227,833,66,-74,-35,-31,-63,-116,-55,-101,126,55,-40,84,-77,-88,32,7,-90,31,94,98,-72,-101,-95,-19,-80,3,110,-62,-66,-88,-75,-58
5,0,229,834,-74,114,-46,-122,60,-63,-61,79,-14,17,-104,59,-69,72,-106,98,-65,21,12,-44,32,-79,65,31,85,-71,-41,94,37,79,88,20
5,0,231,835,-121,127,39,116,-93,60,102,52,3,34,102,-88,-110,65,-112,-89,-86,-67,95,50,-77,58,48,118,14,6,-96,122,-92,-1,34,49
5,0,233,836,99,-35,-110,-101,34,-35,-126,-12,10,60,-50,114,79,116,-40,116,61,-15,55,-12,-10,36,22,26,105,5,25,99,-42,-97,10,47
5,0,235,837,100,2,-100,78,-110,68,-86,25,-47,102,-73,-42,28,113,-64,65,3,39,-43,-46,-8,-48,57,78,9,-64,102,104,-116,35,7,3
5,0,237,838,127,113,-66,-122,24,-35,-83,-47,21,58,15,5,-117,98,103,49,3,-109,100,126,9,4,-118,11,-73,-21,85,-49,13,57,-119,-89
5,0,239,839,31,-107,-126,-20,-93,36,-91,83,100,-108,65,-23,91,-36,-124,-32,87,-2,73,-108,26,-122,15,-82,73,16,1,62,64,82,78,-114
5,0,241,840,39,98,-2,-63,73,-123,45,101,10,109,117,125,-58,-69,-120,74,48,-21,28,-71,105,-30,-82,-104,-29,-39,47,-62,61,33,99,-77
5,0,243,841,123,-26,-24,43,-69,-106,27,115,-98,-47,-86,58,33,-14,98,120,-95,-21,62,48,-52,-51,-45,113,-84,-83,-48,57,60,-69,-78,-5
5,0,245,842,-103,-122,-2,-1,-32,116,-57,-101,-27,-96,-92,-126,-105,-92,-38,-101,-127,104,-105,-17,-111,-67,-68,-1,18,55,34,-51,-38,27,-34,-83
5,0,247,843,-47,-12,36,-22,24,-64,-48,-66,-60,61,56,-41,-105,-116,1,80,60,-9,19,41,77,-121,127,76,124,28,-6,-60,25,84,-99,68
5,0,249,844,25,68,-6,-113,-120,-63,106,-95,-80,-69,126,-88,-49,-102,69,-51,16,13,53,28,-127,-93,-53,89,67,113,104,-109,-70,111,-82,23
5,0,251,845,-38,-70,-24,-85,-46,-101,107,6,18,32,106,86,78,94,-105,-79,25,-83,-58,105,-10,50,31,-84,-25,-17,-17,120,-51,35,-50,-54
5,0,253,846,121,0,66,-45,-18,13,65,21,11,18,120,-105,-119,126,22,56,-86,27,-14,56,75,-21,5,-75,-19,71,44,-95,-34,127,58,62
5,0,255,847,-24,33,31,-83,107,-118,-123,-60,-101,80,24,-71,56,3,-113,-105,77,-60,-120,35,87,80,-81,-78,-118,-57,-34,-47,100,-115,-20,18
5,0,257,848,7,-94,56,-116,10,-41,65,-112,125,24,-114,122,-117,-6,-100,-55,-81,-46,-105,-110,82,-26,-52,31,41,117,-104,47,23,-121,127,-20
5,0,259,849,-24,13,-102,-96,114,18,-90,28,-36,18,113,-82,-65,-41,74,-20,39,82,-10,66,56,-108,-54,94,-7,27,75,-29,-101,51,-125,76
5,0,261,850,77,-127,74,48,14,-73,-40,49,67,-116,21,75,-67,115,58,90,-53,-40,28,57,-82,-122,-16,-74,53,-17,18,31,112,-107,-88,-1
5,0,263,851,61,14,15,-57,-86,48,-52,-60,-1,77,51,-16,38,-81,-78,94,-48,86,28,-21,-45,1,54,-21,122,-98,-25,-95,35,-85,-73,-10
5,0,265,852,53,-120,126,22,78,-127,-28,-71,-69,26,24,-18,-1,111,-127,-23,-46,96,84,-95,-26,23,-94,-98,-44,-17,-124,-127,-86,-93,20,117
5,0,267,853,-3,38,39,-65,32,106,42,-98,99,84,-17,-29,106,-106,68,86,10,39,42,-2,-36,-30,15,-30,12,64,-94,-125,27,-63,64,-112
5,0,269,854,-10,-19,-96,-33,90,84,-80,-16,35,-7,-67,24,-98,48,-10,20,-50,19,-29,-122,-23,19,22,-64,-109,43,53,-71,-73,-111,41,-73
5,0,271,855,70,-100,14,31,79,127,40,59,-93,-24,22,-72,44,85,-53,92,55,100,75,91,-34,93,28,-47,-18,-38,103,-45,92,-106,-36,47
5,0,273,856,-20,-75,26,8,-70,36,17,-94,-52,107,-24,14,91,-66,-125,99,-89,42,-9,-38,120,-17,-79,52,43,-98,-116,59,90,89,-19,-127
5,0,275,857,3,54,-80,41,-35,119,-107,-60,-36,62,-82,-121,60,106,-87,-119,-62,-97,13,79,50,-101,35,-49,45,58,-126,45,31,110,-35,7
5,0,277,858,95,12,-79,4,78,104,-72,40,94,107,-6,-72,-52,-12,-94,32,-59,-25,34,-115,120,56,-16,-22,39,88,126,74,-3,26,-32,98
5,0,279,859,96,41,99,-4,-97,-1,109,-114,63,-126,72,56,11,112,18,23,33,4,-90,29,105,-16,30,6,110,32,109,52,-3,110,-67,-94
5,0,281,860,-72,-79,4,15,32,89,-21,-83,39,-6,125,74,123,-32,125,23,59,-49,34,96,21,-70,95,-48,-92,24,22,35,-53,-102,10,-26
5,0,283,861,-118,-72,-31,26,74,-79,55,79,-73,-33,99,-116,-71,-110,19,22,-11,-75,22,-61,-43,117,-127,-83,-1,-30,-32,72,37,-45,-87,65
5,0,285,862,113,118,-68,79,-63,-91,22,124,0,-21,-81,51,93,16,68,-75,16,29,-108,-1,33,-48,106,98,-24,-97,-125,8,51,20,-69,-80
5,0,287,863,-17,-17,-17,-17,-17,-17,-17,-17,-17,-17,-17,-17,-17,-17,-17,-17,-17,-17,-17,-17,-17,-17,-17,-17,-17,-17,-17,-17,-17,-17,-17,-17
6,0,1,864,-17,-17,-17,-17,-17,-17,-17,-17,-17,-17,-17,-17,-17,-17,-17,-17,-17,-17,-17,-17,-17,-17,-17,-17,-17,-17,-17,-17,-17,-17,-17,-17
6,0,3,865,124,44,95,-104,-3,12,120,-30,-8,88,-16,78,93,97,-87,29,27,-63,-97,-82,-102,-26,-103,-87,-118,64,9,103,12,-89,113,11
6,0,5,866,-45,26,68,83,110,111,104,-123,5,-110,108,126,42,-39,94,79,87,71,-73,-70,-124,40,-13,-43,-92,-57,21,-59,-71,15,-30,-22
6,0,7,867,-45,56,-61,-68,89,-52,-11,92,88,57,-68,-74,79,-96,-96,-61,-106,-88,-12,44,63,79,6,61,-49,-8,86,117,-88,27,-75,-56
6,0,9,868,-32,-55,-33,-9,62,4,121,-68,96,-76,-92,78,16,-88,18,113,29,17,-48,-35,40,99,-16,-56,119,24,19,-46,-91,-72,47,86
6,0,11,869,7,-1,-75,-104,107,-15,-70,101,-61,-75,-5,26,-4,-54,124,-77,-28,76,-97,120,121,-68,-103,-111,121,73,-55,-78,-8,122,-29,37
6,0,13,870,-118,-71,46,-7,-8,-111,27,77,97,34,98,-69,101,-93,-75,-78,37,-83,111,4,-127,30,-63,-81,5,-35,-20,86,33,-49,15,-113
6,0,15,871,123,-127,-66,25,4,65,102,-69,-69,-82,-66,-58,-32,-84,95,65,115,-48,-73,79,127,-1,107,77,101,-99,80,7,-63,98,32,-103
6,0,17,872,-123,-33,-101,63,-92,-29,26,112,-18,-55,97,126,-65,-101,9,-15,-19,80,76,-104,52,75,-61,81,98,-34,-36,-73,-54,-119,18,-101
6,0,19,873,18,-90,95,1,47,-117,-39,-15,-100,-21,-49,115,119,-116,-104,-5,115,-112,35,111,103,35,-119,1,-112,90,-125,-60,115,-48,-106,3
6,0,21,874,-39,-88,-124,87,-43,120,-27,-58,64,-26,-70,37,91,-105,95,-87,-17,-99,-61,-99,-101,99,34,-74,-44,48,-70,39,11,-121,121,52
6,0,23,875,108,125,-104,18,-13,48,109,-58,76,-37,-1,-17,58,116,35,98,-52,28,-99,-55,71,-123,35,-50,-95,-119,-54,-80,98,46,60,52
6,0,25,876,126,60,-96,73,-85,40,5,-40,-59,-114,-21,-11,65,107,-109,82,16,114,81,-61,-32,-92,-23,-103,120,-107,-36,-81,81,-90,120,35
6,0,27,877,-116,-118,75,70,49,62,50,15,-102,27,66,66,-111,-101,-49,20,-79,90,-123,96,-116,32,-8,-122,66,-47,-37,-1,-11,7,60,76
6,0,29,878,-5,-116,-50,18,-108,-115,63,82,110,23,-80,97,12,48,-77,72,-33,105,-54,72,-91,-68,-25,78,121,30,-32,30,-44,-39,17,-41
6,0,31,879,6,50,-122,-37,-114,-18,67,-7,41,114,-16,25,116,66,40,-84,15,111,116,-56,62,123,56,86,12,-99,40,85,-57,40,19,93
6,0,33,880,-120,-126,85,-115,-33,-5,50,92,-5,-36,12,71,32,-95,-103,64,23,52,11,-103,48,-50,-90,-44,-57,33,55,-109,-117,76,-43,56
6,0,35,881,110,43,-119,119,15,3,-73,103,-93,-49,-41,-107,-95,96,-87,107,12,26,86,-57,110,14,-10,-113,-11,102,-47,-82,78,-122,0,-40
6,0,37,882,-118,-5,40,-72,87,-17,60,-8,123,63,32,99,-62,-95,12,30,78,84,-55,-66,44,-28,21,-92,-20,-112,-53,64,104,104,-33,102
6,0,39,883,-9,-100,-8,-65,-54,81,-58,-36,116,14,63,-6,-25,-66,113,61,50,122,15,-40,-62,-95,102,-42,-20,3,-42,121,-99,74,28,77
6,0,41,884,1,126,-69,-106,50,-88,52,-106,-21,70,21,108,-12,-94,99,-48,-72,-111,-17,84,9,1,61,-110,84,94,-54,-59,86,-48,-21,-1
6,0,43,885,-64,10,-108,18,-65,-19,50,32,-4,-21,8,22,-46,18,127,55,-122,105,-64,124,40,-41,-102,-91,-58,-100,4,118,-66,-107,22,82
6,0,45,886,66,64,109,-81,11,83,67,24,-64,-81,-49,75,-17,96,72,19,-34,50,-103,-123,-71,-22,53,-107,51,-110,9,7,100,-76,13,39
6,0,47,887,108,-24,42,-24,-56,120,-24,72,-67,113,50,-126,56,-13,56,-67,-38,-107,-8,6,-5,-53,-55,87,-107,117,-68,-28,-93,-80,-105,20
6,0,49,888,94,22,84,124,-118,43,53,26,6,61,-104,-65,-65,87,94,-64,68,-14,94,98,-72,84,-17,-67,-41,103,90,-30,45,-66,-124,-24
6,0,51,889,126,-117,25,15,-57,116,34,7,-17,-65,-64,-106,-25,61,-13,-25,114,-77,-43,-38,16,-52,109,-9,-27,-103,-87,-5,-6,-67,-110,-71
6,0,53,890,99,-93,2,60,-68,-90,44,110,91,-14,-51,-50,13,112,-8,72,-121,-35,69,-32,93,-36,22,-4,-25,-114,57,28,-52,32,56,78
6,0,55,891,-109,-64,55,47,-57,-114,67,45,118,8,27,36,46,118,-3,-76,-10,-109,51,84,95,-87,-100,32,40,-91,-96,121,-110,26,-50,108
6,0,57,892,19,-107,118,14,21,82,-54,-11,44,-117,-59,93,85,-121,38,-15,-56,-3,-55,45,-46,27,47,-22,-36,89,113,-78,61,-42,-79,-124
6,0,59,893,55,76,16,-13,40,71,-91,113,85,55,-93,-101,108,52,-60,-127,48,74,79,-4,78,66,-7,30,97,122,18,-14,-63,96,-88,-27
6,0,61,894,-25,86,-6,-13,-120,-30,-109,-19,20,36,58,-123,3,-101,-60,-87,79,42,-14,-46,30,84,96,39,-33,-26,-5,-59,-113,42,39,-3
6,0,63,895,-119,122,95,-56,-25,51,-32,19,90,-110,-76,116,80,-62,71,-14,110,-18,-60,-61,-51,75,31,93,-115,127,41,-115,124,-5,-37,59
6,0,65,896,19,-101,120,105,-5,120,40,45,1,41,25,-79,47,-50,27,17,-30,-7,47,-127,-109,-10,59,-89,-45,-23,-75,29,-37,-94,112,38
6,0,67,897,-81,29,68,3,62,11,-29,-13,-102,-23,-5,-14,-126,123,29,40,-79,80,13,-59,-21,-88,-31,59,-89,-30,-22,22,122,125,71,-51
6,0,69,898,-49,127,9,-58,-74,-64,91,86,-44,-124,-61,-80,-84,87,-64,95,114,-30,-35,7,123,88,47,38,-18,-38,-127,-26,112,22,117,-50
6,0,71,899,-47,-36,27,10,-23,-83,-25,99,116,-23,-114,89,-44,-6,-1,37,-26,-99,85,97,91,125,17,118,-101,-16,-117,-77,92,64,-89,72
6,0,73,900,-123,68,18,87,-51,38,-114,-54,11,-80,-86,-43,-40,-87,-120,-117,101,112,-19,37,-1,9,126,110,-69,53,-60,14,18,23,-25,93
6,0,75,901,95,-66,-19,-119,29,41,17,-86,-8,17,91,105,-18,110,37,1,-60,-18,-127,-15,-70,23,104,-89,-99,-75,96,-89,-82,-101,68,-113
6,0,77,902,119,-35,94,107,-105,-57,-24,-68,33,-41,73,73,-61,37,-78,21,20,99,-94,58,45,118,107,127,80,97,48,66,20,-13,24,-1
6,0,79,903,46,15,-49,31,121,-12,62,82,55,-12,-79,95,-88,-9,5,36,88,-77,-75,100,110,-37,-106,-43,106,-32,103,-80,-83,82,57,-5
6,0,81,904,53,26,22,-61,105,76,-29,-79,119,98,-7,-41,41,44,62,-122,-3,-54,-88,-102,-12,68,-39,93,-55,97,99,30,114,-45,120,-44
6,0,83,905,66,-33,66,39,-41,-90,91,-52,-115,-75,92,-83,-105,-6,-62,-102,53,-40,103,68,120,-90,-110,-88,-58,51,-65,-100,-42,-23,51,18
6,0,85,906,75,73,-91,-95,-101,123,112,8,59,103,-27,-38,123,40,-115,-105,47,-83,87,-88,26,-33,-19,95,-116,116,-44,123,117,6,-45,42
6,0,87,907,97,-17,-37,117,49,-121,-3,-72,-38,41,51,-1,48,-20,-38,-71,35,-96,29,34,-7,37,-86,54,126,-61,-33,-36,-55,6,91,2
6,0,89,908,-120,-94,26,-21,-23,-8,117,106,-84,61,105,-60,9,-88,18,-36,-84,40,-5,-9,-77,-92,68,53,10,-70,41,22,85,-93,-21,95
6,0,91,909,8,27,-79,-121,71,21,61,49,-77,-77,59,-37,-67,-104,11,-99,40,-59,-56,23,-46,-72,75,94,-27,37,116,-125,38,110,-18,-89
6,0,93,910,-73,18,-13,-76,-11,13,8,55,-115,56,-22,-94,-25,72,10,-9,15,-106,-43,26,2,-19,-120,66,-72,31,22,49,-101,120,-99,-43
6,0,95,911,-7,71,9,107,79,-34,15,-11,-35,17,-40,-12,119,114,-116,-68,-77,-51,-9,9,-18,121,3,43,100,-89,84,98,-54,114,34,-6
6,0,97,912,-25,2,51,-109,69,112,5,-76,87,112,-40,-58,115,-61,44,-113,59,-109,-115,-8,-50,88,12,-13,126,10,-50,108,-103,57,79,65
6,0,99,913,41,-120,-90,96,-120,102,118,-95,74,19,-64,-106,-58,64,-100,8,7,-12,89,-31,119,47,27,-98,59,-88,70,105,-2,-120,-34,57
6,0,101,914,-25,80,48,28,-40,96,-65,-58,-112,75,74,-14,53,-93,-56,-123,-101,-68,16,-107,-83,52,-78,49,62,-89,-113,-76,74,50,96,110
6,0,103,915,51,-95,-7,-53,-65,-71,-73,-52,-107,2,47,51,-36,-47,-39,-109,-28,-111,123,-87,-18,93,75,-19,-100,24,-97,29,28,-44,78,-51
6,0,105,916,-32,-52,-12,-19,127,49,59,5,91,109,-4,70,113,-89,109,-75,-96,76,-85,19,-104,-6,-55,-31,12,-112,-105,3,19,-24,-101,24
6,0,107,917,-36,2,-54,28,-50,-29,124,0,42,-96,-72,-83,7,55,-101,-121,-40,-77,1,-22,-126,-40,-55,94,-39,-41,58,56,-26,-71,-54,83
6,0,109,918,-53,90,93,-88,22,-30,18,-108,-126,114,-99,-27,71,-23,43,98,-27,-20,52,56,-16,-5,70,26,-97,29,79,5,117,-70,-77,108
6,0,111,919,-42,-93,-44,-111,70,122,-45,22,-37,-90,14,36,-96,26,-32,122,74,97,31,-13,-54,45,125,54,13,61,44,-102,-60,-31,99,-112
6,0,113,920,103,-107,-48,-43,-58,118,-26,123,-23,-35,-14,-46,-84,-112,39,14,78,23,-16,73,-46,-100,-6,-10,51,95,42,-1,94,20,-75,31
6,0,115,921,37,-27,16,41,-76,89,87,93,45,103,110,30,11,-9,-116,-45,-2,-61,74,-35,92,-89,125,18,71,33,98,14,120,-126,40,-91
6,0,117,922,-86,-29,-60,-39,126,-73,66,-122,-34,62,-118,-75,88,31,83,9,-113,2,-66,-97,73,18,74,-60,-90,-28,-113,-122,31,-98,-58,-115
6,0,119,923,8,46,90,-117,-34,60,29,-94,-59,116,-3,63,-47,-10,-36,-25,62,-94,114,-40,-19,30,117,77,-1,-8,71,66,33,54,-121,106
6,0,121,924,-114,-104,34,-28,24,-119,-61,-10,-20,-3,-16,-126,32,-92,-32,-78,60,-109,-23,-101,-18,-30,25,-122,88,-38,65,3,127,78,-56,-12
6,0,123,925,-1,-83,-125,-94,117,-39,-24,-75,-107,-45,-126,-14,27,9,122,-94,31,113,95,-101,-61,108,-66,125,-51,99,-70,23,12,-44,76,-92
6,0,125,926,-127,-41,-7,-13,51,-84,-1,51,-115,-38,52,-126,-3,110,-15,23,5,-12,-87,-70,115,64,121,-36,64,-34,36,-28,-115,-39,-65,-52
6,0,127,927,-16,-124,104,-116,119,117,17,105,-11,-94,-25,-29,-17,-127,71,-39,46,-103,3,50,-10,71,47,-106,-96,-38,93,-21,15,55,-87,76
6,0,129,928,37,-1,0,86,117,-92,-21,-113,124,19,-97,-12,-99,-8,50,29,-76,-19,54,111,3,71,26,-122,122,-17,-125,-33,-92,9,61,-120
6,0,131,929,84,-92,14,-25,55,-105,-66,-115,-118,-110,36,21,-48,73,-47,-46,-6,-71,12,84,52,67,37,95,-41,127,3,8,-43,-29,10,98
6,0,133,930,38,-8,-39,50,33,81,-18,-71,49,-74,-28,-64,-19,106,22,4,76,115,-127,59,-69,82,-50,-107,-3,63,-32,62,93,27,108,94
6,0,135,931,83,-121,-99,-38,2,-55,87,-36,-86,111,-53,0,96,65,45,-113,-12,-11,-76,101,-127,61,-93,88,-118,97,-121,55,22,-114,-89,79
6,0,137,932,88,-17,-56,97,-17,-59,13,45,-9,4,-47,65,-36,-19,40,62,-53,-120,-98,-106,97,-20,-106,-5,-8,-117,-82,112,45,-110,4,-110
6,0,139,933,38,1,-5,50,17,-12,-80,29,50,-98,-103,74,30,92,-32,76,-102,-14,110,1,-32,-31,110,-79,-99,-43,-53,-1,-99,105,-125,51
6,0,141,934,97,-124,87,-121,-113,-18,70,124,-22,-52,-123,-57,27,85,-24,20,72,61,-122,-28,12,-97,-1,-118,29,-89,57,-52,97,19,-36,25
6,0,143,935,-75,-111,112,17,45,35,-19,2,80,79,-45,55,6,89,-44,-41,111,-71,-80,-30,9,-20,91,77,-80,49,79,15,-70,-39,-97,-26
6,0,145,936,29,-72,-74,101,29,81,-30,-45,-122,123,65,114,-105,127,103,-11,-116,83,47,-119,44,34,-21,109,-97,47,-115,-115,38,-21,98,85
6,0,147,937,71,48,-95,103,45,-112,-101,112,-61,-35,123,-36,-59,23,-105,28,-90,90,10,-60,67,26,112,67,46,104,-43,-39,-31,122,113,-118
6,0,149,938,119,3,16,-69,119,-9,69,-108,53,-95,-84,111,26,119,14,21,85,-5,101,-113,104,109,42,1,123,36,3,69,56,-19,69,-109
6,0,151,939,31,-119,-12,70,8,43,33,5,-103,125,4,93,-124,67,-93,-46,126,-17,-96,-102,64,-68,122,28,-67,96,124,-5,83,-113,-75,-4
6,0,153,940,56,-92,19,107,-118,107,31,-42,95,-95,-37,21,108,-111,15,-99,-70,-41,78,88,58,4,21,-17,-35,-3,-12,37,-79,61,-15,22
6,0,155,941,1,-1,113,31,-97,-62,-31,20,97,-54,-16,-103,-104,-1,34,83,-41,125,31,97,103,-31,-44,75,-8,113,115,-9,7,30,-4,11
6,0,157,942,53,67,-6,-2,-99,-116,-103,47,57,91,-86,48,78,44,52,78,-22,-51,-116,65,-36,-112,103,-72,89,-34,-60,-112,12,22,103,18
6,0,159,943,-55,81,-81,-92,-125,-100,80,2,126,-36,-118,21,48,-96,69,-59,9,-23,-24,-106,56,-103,105,-49,-41,-97,46,90,-86,-5,-42,87
6,0,161,944,-97,63,121,-23,37,100,7,24,-102,-74,-42,-50,-55,-58,-60,-73,126,21,-26,-39,-85,-52,-95,69,30,-24,68,55,0,89,-43,41
6,0,163,945,87,2,-61,-51,70,-2,51,39,95,-61,19,-119,-119,127,49,41,-32,-58,2,127,90,95,5,111,98,51,-26,-14,124,99,114,72
6,0,165,946,103,55,-14,62,98,-52,92,73,32,-112,-92,-114,42,0,62,-37,97,-97,30,-20,51,79,-18,-96,38,-71,98,123,11,4,-74,27
6,0,167,947,45,-58,-47,111,-78,109,89,35,8,-113,-57,56,-110,94,85,26,64,54,17,72,-73,-49,57,60,-21,-39,-20,61,-121,-28,62,-3
6,0,169,948,-126,-46,68,-77,62,79,-35,36,25,32,76,45,20,-30,64,-19,-64,98,-76,-28,93,-29,118,-81,-43,83,6,-31,38,122,-69,-46
6,0,171,949,-30,-1,-14,-9,121,-32,6,-85,64,53,-126,-34,-3,-111,66,-117,115,40,66,94,20,-4,-125,-98,-45,123,39,85,83,55,-63,-46
6,0,173,950,3,-34,-43,-63,-4,44,-4,52,40,-54,28,20,34,-22,-92,63,-43,45,-62,-119,50,-79,-79,53,-58,37,94,74,-112,99,-36,-89
6,0,175,951,26,-79,-71,17,62,50,112,21,-25,-29,110,85,38,17,-60,-21,48,-45,73,103,127,56,62,52,36,-79,35,29,12,104,-42,-110
6,0,177,952,122,69,86,7,-69,49,-62,-68,-22,82,2,85,77,-51,121,79,-118,-97,-123,97,-52,-78,2,71,-6,0,-104,-5,28,92,105,118
6,0,179,953,-31,90,120,-36,-30,-120,113,114,39,30,41,-41,-109,-83,99,30,83,-31,124,1,81,19,-127,-13,-2,-70,-109,-116,-57,-87,-54,82
6,0,181,954,-47,85,-22,69,30,-48,-67,90,126,29,-42,-2,95,112,-69,-87,113,-18,21,116,97,73,48,7,4,-67,9,-107,52,61,20,-104
6,0,183,955,-125,71,103,-106,124,-47,-108,106,122,14,-48,-30,90,88,-59,0,82,4,-75,-56,-17,-96,126,44,59,-78,35,-17,107,9,40,79
6,0,185,956,-102,22,65,107,79,86,122,-91,-49,57,10,-78,97,-3,65,-119,-35,31,5,-113,-53,-18,-94,-31,-71,-111,111,-32,2,-124,66,35
6,0,187,957,-81,-75,-119,-52,-111,-3,-88,-95,18,-78,-60,-66,-22,-9,-80,77,-53,-28,15,27,-110,-105,83,11,37,72,-73,-73,105,81,98,-74
6,0,189,958,21,-100,34,66,-29,94,-4,113,102,67,-100,-79,1,-83,-39,-48,-83,28,-37,-107,-29,-90,-41,122,-20,107,-89,-44,-11,121,-95,-52
6,0,191,959,90,102,83,111,77,-94,-63,51,6,115,50,-62,-19,119,109,-51,-51,98,-124,-45,-97,-69,-55,-104,83,-71,-57,-95,72,-120,73,7
6,0,193,960,31,20,-100,30,50,-11,-24,53,22,-41,82,-38,-33,14,-120,117,-86,-77,-44,33,-55,-72,-32,96,-63,-34,-79,99,-11,67,-56,-78
6,0,195,961,56,121,-55,-22,73,15,-79,18,-43,127,-113,-111,-48,109,-34,36,-67,37,111,113,-38,11,22,71,26,-82,-41,-38,25,-7,-84,-40
6,0,197,962,97,-40,10,0,17,73,13,-66,-43,3,103,126,-44,-108,67,4,68,-52,-71,40,-114,-66,31,-102,-37,84,-61,-94,-49,-68,-111,125
6,0,199,963,-64,26,-82,-114,-3,-3,100,-118,-86,0,-46,-4,-39,14,-21,-61,-106,113,-56,90,88,-4,-106,10,-76,-108,-65,110,-28,117,-90,-16
6,0,201,964,20,-27,-92,-82,-73,-115,-32,65,117,15,-121,104,-19,12,-10,4,-48,-27,94,68,110,43,-60,47,41,127,-126,-15,-35,109,98,-118
6,0,203,965,53,-55,-34,33,22,37,79,-50,-54,-93,-92,-39,-30,56,29,127,47,97,-20,-122,-55,-80,26,5,90,-23,-81,-15,-45,110,40,-7
6,0,205,966,-84,95,-72,-88,78,114,-121,-8,100,29,-28,-119,-6,24,87,-25,102,121,-48,80,-46,91,24,-21,1,-13,82,-38,39,-98,12,83
6,0,207,967,-49,80,-119,-14,87,-23,106,22,102,93,17,99,-75,-115,71,12,116,33,58,-46,14,-35,120,-12,11,55,16,111,-1,57,-68,-32
6,0,209,968,-24,70,-41,-16,-20,-43,-110,-116,108,-59,109,-20,-4,-68,60,-11,-33,-37,80,-64,59,-26,-87,22,-55,53,-112,123,20,79,8,43
6,0,211,969,90,-24,68,22,72,-81,-16,79,-33,112,-62,39,-110,-38,21,-121,-111,2,-1,70,32,61,5,-49,61,127,-81,125,-86,-102,86,42
6,0,213,970,-76,84,32,-31,116,-60,-103,118,20,50,106,-11,-114,-74,14,56,-12,8,59,-117,81,-112,-53,117,85,-113,18,-61,-4,-117,15,-79
6,0,215,971,-103,-101,-49,103,93,-3,57,110,40,-58,-79,31,-38,52,10,-78,-3,-71,-70,-9,20,17,68,-108,58,-77,109,-1,-76,30,-55,92
6,0,217,972,89,55,-88,-46,-50,95,12,83,61,54,-25,82,37,-79,-12,-15,-83,18,-25,-26,-53,-33,91,31,73,91,-102,117,108,53,22,-6
6,0,219,973,42,17,-97,-80,90,96,104,-56,115,3,10,-73,114,2,98,-42,-37,20,97,80,-21,46,-7,-55,-69,14,-87,102,-96,58,10,33
6,0,221,974,37,-35,-39,8,-57,-26,69,76,54,24,65,123,113,28,-10,-55,-44,80,45,-24,-68,42,-59,2,-96,11,50,-42,76,104,41,-96
6,0,223,975,122,-93,-29,-37,-66,-69,-119,111,28,63,-48,55,-19,109,-59,-100,113,39,5,97,-88,103,-111,46,-100,-109,-33,81,54,71,-49,25
6,0,225,976,-92,105,-7,122,37,39,-2,-110,121,-32,47,72,88,-111,-22,78,-4,-16,60,-14,-84,84,75,20,-70,73,63,43,14,-48,127,-94
6,0,227,977,66,-74,-35,-31,-63,-116,-55,-101,126,55,-40,84,-77,-88,32,7,-90,31,94,98,-72,-101,-95,-19,-80,3,110,-62,-66,-88,-75,-58
6,0,229,978,-74,114,-46,-122,60,-63,-61,79,-14,17,-104,59,-69,72,-106,98,-65,21,12,-44,32,-79,65,31,85,-71,-41,94,37,79,88,20
6,0,231,979,-121,127,39,116,-93,60,102,52,3,34,102,-88,-110,65,-112,-89,-86,-67,95,50,-77,58,48,118,14,6,-96,122,-92,-1,34,49
6,0,233,980,99,-35,-110,-101,34,-35,-126,-12,10,60,-50,114,79,116,-40,116,61,-15,55,-12,-10,36,22,26,105,5,25,99,-42,-97,10,47
6,0,235,981,100,2,-100,78,-110,68,-86,25,-47,102,-73,-42,28,113,-64,65,3,39,-43,-46,-8,-48,57,78,9,-64,102,104,-116,35,7,3
6,0,237,982,127,113,-66,-122,24,-35,-83,-47,21,58,15,5,-117,98,103,49,3,-109,100,126,9,4,-118,11,-73,-21,85,-49,13,57,-119,-89
6,0,239,983,31,-107,-126,-20,-93,36,-91,83,100,-108,65,-23,91,-36,-124,-32,87,-2,73,-108,26,-122,15,-82,73,16,1,62,64,82,78,-114
6,0,241,984,39,98,-2,-63,73,-123,45,101,10,109,117,125,-58,-69,-120,74,48,-21,28,-71,105,-30,-82,-104,-29,-39,47,-62,61,33,99,-77
6,0,243,985,123,-26,-24,43,-69,-106,27,115,-98,-47,-86,58,33,-14,98,120,-95,-21,62,48,-52,-51,-45,113,-84,-83,-48,57,60,-69,-78,-5
6,0,245,986,-103,-122,-2,-1,-32,116,-57,-101,-27,-96,-92,-126,-105,-92,-38,-101,-127,104,-105,-17,-111,-67,-68,-1,18,55,34,-51,-38,27,-34,-83
6,0,247,987,-47,-12,36,-22,24,-64,-48,-66,-60,61,56,-41,-105,-116,1,80,60,-9,19,41,77,-121,127,76,124,28,-6,-60,25,84,-99,68
6,0,249,988,25,68,-6,-113,-120,-63,106,-95,-80,-69,126,-88,-49,-102,69,-51,16,13,53,28,-127,-93,-53,89,67,113,104,-109,-70,111,-82,23
6,0,251,989,-38,-70,-24,-85,-46,-101,107,6,18,32,106,86,78,94,-105,-79,25,-83,-58,105,-10,50,31,-84,-25,-17,-17,120,-51,35,-50,-54
6,0,253,990,121,0,66,-45,-18,13,65,21,11,18,120,-105,-119,126,22,56,-86,27,-14,56,75,-21,5,-75,-19,71,44,-95,-34,127,58,62
6,0,255,991,-24,33,31,-83,107,-118,-123,-60,-101,80,24,-71,56,3,-113,-105,77,-60,-120,35,87,80,-81,-78,-118,-57,-34,-47,100,-115,-20,18
6,0,257,992,7,-94,56,-116,10,-41,65,-112,125,24,-114,122,-117,-6,-100,-55,-81,-46,-105,-110,82,-26,-52,31,41,117,-104,47,23,-121,127,-20
6,0,259,993,-24,13,-102,-96,114,18,-90,28,-36,18,113,-82,-65,-41,74,-20,39,82,-10,66,56,-108,-54,94,-7,27,75,-29,-101,51,-125,76
6,0,261,994,77,-127,74,48,14,-73,-40,49,67,-116,21,75,-67,115,58,90,-53,-40,28,57,-82,-122,-16,-74,53,-17,18,31,112,-107,-88,-1
6,0,263,995,61,14,15,-57,-86,48,-52,-60,-1,77,51,-16,38,-81,-78,94,-48,86,28,-21,-45,1,54,-21,122,-98,-25,-95,35,-85,-73,-10
6,0,265,996,53,-120,126,22,78,-127,-28,-71,-69,26,24,-18,-1,111,-127,-23,-46,96,84,-95,-26,23,-94,-98,-44,-17,-124,-127,-86,-93,20,117
6,0,267,997,-3,38,39,-65,32,106,42,-98,99,84,-17,-29,106,-106,68,86,10,39,42,-2,-36,-30,15,-30,12,64,-94,-125,27,-63,64,-112
6,0,269,998,-10,-19,-96,-33,90,84,-80,-16,35,-7,-67,24,-98,48,-10,20,-50,19,-29,-122,-23,19,22,-64,-109,43,53,-71,-73,-111,41,-73
6,0,271,999,70,-100,14,31,79,127,40,59,-93,-24,22,-72,44,85,-53,92,55,100,75,91,-34,93,28,-47,-18,-38,103,-45,92,-106,-36,47
6,0,273,1000,-20,-75,26,8,-70,36,17,-94,-52,107,-24,14,91,-66,-125,99,-89,42,-9,-38,120,-17,-79,52,43,-98,-116,59,90,89,-19,-127
6,0,275,1001,3,54,-80,41,-35,119,-107,-60,-36,62,-82,-121,60,106,-87,-119,-62,-97,13,79,50,-101,35,-49,45,58,-126,45,31,110,-35,7
6,0,277,1002,95,12,-79,4,78,104,-72,40,94,107,-6,-72,-52,-12,-94,32,-59,-25,34,-115,120,56,-16,-22,39,88,126,74,-3,26,-32,98
6,0,279,1003,96,41,99,-4,-97,-1,109,-114,63,-126,72,56,11,112,18,23,33,4,-90,29,105,-16,30,6,110,32,109,52,-3,110,-67,-94
6,0,281,1004,-72,-79,4,15,32,89,-21,-83,39,-6,125,74,123,-32,125,23,59,-49,34,96,21,-70,95,-48,-92,24,22,35,-53,-102,10,-26
6,0,283,1005,-118,-72,-31,26,74,-79,55,79,-73,-33,99,-116,-71,-110,19,22,-11,-75,22,-61,-43,117,-127,-83,-1,-30,-32,72,37,-45,-87,65
6,0,285,1006,113,118,-68,79,-63,-91,22,124,0,-21,-81,51,93,16,68,-75,16,29,-108,-1,33,-48,106,98,-24,-97,-125,8,51,20,-69,-80
6,0,287,1007,-17,-17,-17,-17,-17,-17,-17,-17,-17,-17,-17,-17,-17,-17,-17,-17,-17,-17,-17,-17,-17,-17,-17,-17,-17,-17,-17,-17,-17,-17,-17,-17
7,0,1,1008,-17,-17,-17,-17,-17,-17,-17,-17,-17,-17,-17,-17,-17,-17,-17,-17,-17,-17,-17,-17,-17,-17,-17,-17,-17,-17,-17,-17,-17,-17,-17,-17
7,0,3,1009,124,44,95,-104,-3,12,120,-30,-8,88,-16,78,93,97,-87,29,27,-63,-97,-82,-102,-26,-103,-87,-118,64,9,103,12,-89,113,11
7,0,5,1010,-45,26,68,83,110,111,104,-123,5,-110,108,126,42,-39,94,79,87,71,-73,-70,-124,40,-13,-43,-92,-57,21,-59,-71,15,-30,-22
7,0,7,1011,-45,56,-61,-68,89,-52,-11,92,88,57,-68,-74,79,-96,-96,-61,-106,-88,-12,44,63,79,6,61,-49,-8,86,117,-88,27,-75,-56
7,0,9,1012,-32,-55,-33,-9,62,4,121,-68,96,-76,-92,78,16,-88,18,113,29,17,-48,-35,40,99,-16,-56,119,24,19,-46,-91,-72,47,86
7,0,11,1013,7,-1,-75,-104,107,-15,-70,101,-61,-75,-5,26,-4,-54,124,-77,-28,76,-97,120,121,-68,-103,-111,121,73,-55,-78,-8,122,-29,37
7,0,13,1014,-118,-71,46,-7,-8,-111,27,77,97,34,98,-69,101,-93,-75,-78,37,-83,111,4,-127,30,-63,-81,5,-35,-20,86,33,-49,15,-113
7,0,15,1015,123,-127,-66,25,4,65,102,-69,-69,-82,-66,-58,-32,-84,95,65,115,-48,-73,79,127,-1,107,77,101,-99,80,7,-63,98,32,-103
7,0,17,1016,-123,-33,-101,63,-92,-29,26,112,-18,-55,97,126,-65,-101,9,-15,-19,80,76,-104,52,75,-61,81,98,-34,-36,-73,-54,-119,18,-101
7,0,19,1017,18,-90,95,1,47,-117,-39,-15,-100,-21,-49,115,119,-116,-104,-5,115,-112,35,111,103,35,-119,1,-112,90,-125,-60,115,-48,-106,3
7,0,21,1018,-39,-88,-124,87,-43,120,-27,-58,64,-26,-70,37,91,-105,95,-87,-17,-99,-61,-99,-101,99,34,-74,-44,48,-70,39,11,-121,121,52
7,0,23,1019,108,125,-104,18,-13,48,109,-58,76,-37,-1,-17,58,116,35,98,-52,28,-99,-55,71,-123,35,-50,-95,-119,-54,-80,98,46,60,52
7,0,25,1020,126,60,-96,73,-85,40,5,-40,-59,-114,-21,-11,65,107,-109,82,16,114,81,-61,-32,-92,-23,-103,120,-107,-36,-81,81,-90,120,35
7,0,27,1021,-116,-118,75,70,49,62,50,15,-102,27,66,66,-111,-101,-49,20,-79,90,-123,96,-116,32,-8,-122,66,-47,-37,-1,-11,7,60,76
7,0,29,1022,-5,-116,-50,18,-108,-115,63,82,110,23,-80,97,12,48,-77,72,-33,105,-54,72,-91,-68,-25,78,121,30,-32,30,-44,-39,17,-41
7,0,31,1023,6,50,-122,-37,-114,-18,67,-7,41,114,-16,25,116,66,40,-84,15,111,116,-56,62,123,56,86,12,-99,40,85,-57,40,19,93
7,0,33,1024,-120,-126,85,-115,-33,-5,50,92,-5,-36,12,71,32,-95,-103,64,23,52,11,-103,48,-50,-90,-44,-57,33,55,-109,-117,76,-43,56
7,0,35,1025,110,43,-119,119,15,3,-73,103,-93,-49,-41,-107,-95,96,-87,107,12,26,86,-57,110,14,-10,-113,-11,102,-47,-82,78,-122,0,-40
7,0,37,1026,-118,-5,40,-72,87,-17,60,-8,123,63,32,99,-62,-95,12,30,78,84,-55,-66,44,-28,21,-92,-20,-112,-53,64,104,104,-33,102
7,0,39,1027,-9,-100,-8,-65,-54,81,-58,-36,116,14,63,-6,-25,-66,113,61,50,122,15,-40,-62,-95,102,-42,-20,3,-42,121,-99,74,28,77
7,0,41,1028,1,126,-69,-106,50,-88,52,-106,-21,70,21,108,-12,-94,99,-48,-72,-111,-17,84,9,1,61,-110,84,94,-54,-59,86,-48,-21,-1
7,0,43,1029,-64,10,-108,18,-65,-19,50,32,-4,-21,8,22,-46,18,127,55,-122,105,-64,124,40,-41,-102,-91,-58,-100,4,118,-66,-107,22,82
7,0,45,1030,66,64,109,-81,11,83,67,24,-64,-81,-49,75,-17,96,72,19,-34,50,-103,-123,-71,-22,53,-107,51,-110,9,7,100,-76,13,39
7,0,47,1031,108,-24,42,-24,-56,120,-24,72,-67,113,50,-126,56,-13,56,-67,-38,-107,-8,6,-5,-53,-55,87,-107,117,-68,-28,-93,-80,-105,20
7,0,49,1032,94,22,84,124,-118,43,53,26,6,61,-104,-65,-65,87,94,-64,68,-14,94,98,-72,84,-17,-67,-41,103,90,-30,45,-66,-124,-24
7,0,51,1033,126,-117,25,15,-57,116,34,7,-17,-65,-64,-106,-25,61,-13,-25,114,-77,-43,-38,16,-52,109,-9,-27,-103,-87,-5,-6,-67,-110,-71
7,0,53,1034,99,-93,2,60,-68,-90,44,110,91,-14,-51,-50,13,112,-8,72,-121,-35,69,-32,93,-36,22,-4,-25,-114,57,28,-52,32,56,78
7,0,55,1035,-109,-64,55,47,-57,-114,67,45,118,8,27,36,46,118,-3,-76,-10,-109,51,84,95,-87,-100,32,40,-91,-96,121,-110,26,-50,108
7,0,57,1036,19,-107,118,14,21,82,-54,-11,44,-117,-59,93,85,-121,38,-15,-56,-3,-55,45,-46,27,47,-22,-36,89,113,-78,61,-42,-79,-124
7,0,59,1037,55,76,16,-13,40,71,-91,113,85,55,-93,-101,108,52,-60,-127,48,74,79,-4,78,66,-7,30,97,122,18,-14,-63,96,-88,-27
7,0,61,1038,-25,86,-6,-13,-120,-30,-109,-19,20,36,58,-123,3,-101,-60,-87,79,42,-14,-46,30,84,96,39,-33,-26,-5,-59,-113,42,39,-3
7,0,63,1039,-119,122,95,-56,-25,51,-32,19,90,-110,-76,116,80,-62,71,-14,110,-18,-60,-61,-51,75,31,93,-115,127,41,-115,124,-5,-37,59
7,0,65,1040,19,-101,120,105,-5,120,40,45,1,41,25,-79,47,-50,27,17,-30,-7,47,-127,-109,-10,59,-89,-45,-23,-75,29,-37,-94,112,38
7,0,67,1041,-81,29,68,3,62,11,-29,-13,-102,-23,-5,-14,-126,123,29,40,-79,80,13,-59,-21,-88,-31,59,-89,-30,-22,22,122,125,71,-51
7,0,69,1042,-49,127,9,-58,-74,-64,91,86,-44,-124,-61,-80,-84,87,-64,95,114,-30,-35,7,123,88,47,38,-18,-38,-127,-26,112,22,117,-50
7,0,71,1043,-47,-36,27,10,-23,-83,-25,99,116,-23,-114,89,-44,-6,-1,37,-26,-99,85,97,91,125,17,118,-101,-16,-117,-77,92,64,-89,72
7,0,73,1044,-123,68,18,87,-51,38,-114,-54,11,-80,-86,-43,-40,-87,-120,-117,101,112,-19,37,-1,9,126,110,-69,53,-60,14,18,23,-25,93
7,0,75,1045,95,-66,-19,-119,29,41,17,-86,-8,17,91,105,-18,110,37,1,-60,-18,-127,-15,-70,23,104,-89,-99,-75,96,-89,-82,-101,68,-113
7,0,77,1046,119,-35,94,107,-105,-57,-24,-68,33,-41,73,73,-61,37,-78,21,20,99,-94,58,45,118,107,127,80,97,48,66,20,-13,24,-1
7,0,79,1047,46,15,-49,31,121,-12,62,82,55,-12,-79,95,-88,-9,5,36,88,-77,-75,100,110,-37,-106,-43,106,-32,103,-80,-83,82,57,-5
7,0,81,1048,53,26,22,-61,105,76,-29,-79,119,98,-7,-41,41,44,62,-122,-3,-54,-88,-102,-12,68,-39,93,-55,97,99,30,114,-45,120,-44
7,0,83,1049,66,-33,66,39,-41,-90,91,-52,-115,-75,92,-83,-105,-6,-62,-102,53,-40,103,68,120,-90,-110,-88,-58,51,-65,-100,-42,-23,51,18
7,0,85,1050,75,73,-91,-95,-101,123,112,8,59,103,-27,-38,123,40,-115,-105,47,-83,87,-88,26,-33,-19,95,-116,116,-44,123,117,6,-45,42
7,0,87,1051,97,-17,-37,117,49,-121,-3,-72,-38,41,51,-1,48,-20,-38,-71,35,-96,29,34,-7,37,-86,54,126,-61,-33,-36,-55,6,91,2
7,0,89,1052,-120,-94,26,-21,-23,-8,117,106,-84,61,105,-60,9,-88,18,-36,-84,40,-5,-9,-77,-92,68,53,10,-70,41,22,85,-93,-21,95
7,0,91,1053,8,27,-79,-121,71,21,61,49,-77,-77,59,-37,-67,-104,11,-99,40,-59,-56,23,-46,-72,75,94,-27,37,116,-125,38,110,-18,-89
7,0,93,1054,-73,18,-13,-76,-11,13,8,55,-115,56,-22,-94,-25,72,10,-9,15,-106,-43,26,2,-19,-120,66,-72,31,22,49,-101,120,-99,-43
7,0,95,1055,-7,71,9,107,79,-34,15,-11,-35,17,-40,-12,119,114,-116,-68,-77,-51,-9,9,-18,121,3,43,100,-89,84,98,-54,114,34,-6
7,0,97,1056,-25,2,51,-109,69,112,5,-76,87,112,-40,-58,115,-61,44,-113,59,-109,-115,-8,-50,88,12,-13,126,10,-50,108,-103,57,79,65
7,0,99,1057,41,-120,-90,96,-120,102,118,-95,74,19,-64,-106,-58,64,-100,8,7,-12,89,-31,119,47,27,-98,59,-88,70,105,-2,-120,-34,57
7,0,101,1058,-25,80,48,28,-40,96,-65,-58,-112,75,74,-14,53,-93,-56,-123,-101,-68,16,-107,-83,52,-78,49,62,-89,-113,-76,74,50,96,110
7,0,103,1059,51,-95,-7,-53,-65,-71,-73,-52,-107,2,47,51,-36,-47,-39,-109,-28,-111,123,-87,-18,93,75,-19,-100,24,-97,29,28,-44,78,-51
7,0,105,1060,-32,-52,-12,-19,127,49,59,5,91,109,-4,70,113,-89,109,-75,-96,76,-85,19,-104,-6,-55,-31,12,-112,-105,3,19,-24,-101,24
7,0,107,1061,-36,2,-54,28,-50,-29,124,0,42,-96,-72,-83,7,55,-101,-121,-40,-77,1,-22,-126,-40,-55,94,-39,-41,58,56,-26,-71,-54,83
7,0,109,1062,-53,90,93,-88,22,-30,18,-108,-126,114,-99,-27,71,-23,43,98,-27,-20,52,56,-16,-5,70,26,-97,29,79,5,117,-70,-77,108
7,0,111,1063,-42,-93,-44,-111,70,122,-45,22,-37,-90,14,36,-96,26,-32,122,74,97,31,-13,-54,45,125,54,13,61,44,-102,-60,-31,99,-112
7,0,113,1064,103,-107,-48,-43,-58,118,-26,123,-23,-35,-14,-46,-84,-112,39,14,78,23,-16,73,-46,-100,-6,-10,51,95,42,-1,94,20,-75,31
7,0,115,1065,37,-27,16,41,-76,89,87,93,45,103,110,30,11,-9,-116,-45,-2,-61,74,-35,92,-89,125,18,71,33,98,14,120,-126,40,-91
7,0,117,1066,-86,-29,-60,-39,126,-73,66,-122,-34,62,-118,-75,88,31,83,9,-113,2,-66,-97,73,18,74,-60,-90,-28,-113,-122,31,-98,-58,-115
7,0,119,1067,8,46,90,-117,-34,60,29,-94,-59,116,-3,63,-47,-10,-36,-25,62,-94,114,-40,-19,30,117,77,-1,-8,71,66,33,54,-121,106
7,0,121,1068,-114,-104,34,-28,24,-119,-61,-10,-20,-3,-16,-126,32,-92,-32,-78,60,-109,-23,-101,-18,-30,25,-122,88,-38,65,3,127,78,-56,-12
7,0,123,1069,-1,-83,-125,-94,117,-39,-24,-75,-107,-45,-126,-14,27,9,122,-94,31,113,95,-101,-61,108,-66,125,-51,99,-70,23,12,-44,76,-92
7,0,125,1070,-127,-41,-7,-13,51,-84,-1,51,-115,-38,52,-126,-3,110,-15,23,5,-12,-87,-70,115,64,121,-36,64,-34,36,-28,-115,-39,-65,-52
7,0,127,1071,-16,-124,104,-116,119,117,17,105,-11,-94,-25,-29,-17,-127,71,-39,46,-103,3,50,-10,71,47,-106,-96,-38,93,-21,15,55,-87,76
7,0,129,1072,37,-1,0,86,117,-92,-21,-113,124,19,-97,-12,-99,-8,50,29,-76,-19,54,111,3,71,26,-122,122,-17,-125,-33,-92,9,61,-120
7,0,131,1073,84,-92,14,-25,55,-105,-66,-115,-118,-110,36,21,-48,73,-47,-46,-6,-71,12,84,52,67,37,95,-41,127,3,8,-43,-29,10,98
7,0,133,1074,38,-8,-39,50,33,81,-18,-71,49,-74,-28,-64,-19,106,22,4,76,115,-127,59,-69,82,-50,-107,-3,63,-32,62,93,27,108,94
7,0,135,1075,83,-121,-99,-38,2,-55,87,-36,-86,111,-53,0,96,65,45,-113,-12,-11,-76,101,-127,61,-93,88,-118,97,-121,55,22,-114,-89,79
7,0,137,1076,88,-17,-56,97,-17,-59,13,45,-9,4,-47,65,-36,-19,40,62,-53,-120,-98,-106,97,-20,-106,-5,-8,-117,-82,112,45,-110,4,-110
7,0,139,1077,38,1,-5,50,17,-12,-80,29,50,-98,-103,74,30,92,-32,76,-102,-14,110,1,-32,-31,110,-79,-99,-43,-53,-1,-99,105,-125,51
7,0,141,1078,97,-124,87,-121,-113,-18,70,124,-22,-52,-123,-57,27,85,-24,20,72,61,-122,-28,12,-97,-1,-118,29,-89,57,-52,97,19,-36,25
7,0,143,1079,-75,-111,112,17,45,35,-19,2,80,79,-45,55,6,89,-44,-41,111,-71,-80,-30,9,-20,91,77,-80,49,79,15,-70,-39,-97,-26
7,0,145,1080,29,-72,-74,101,29,81,-30,-45,-122,123,65,114,-105,127,103,-11,-116,83,47,-119,44,34,-21,109,-97,47,-115,-115,38,-21,98,85
7,0,147,1081,71,48,-95,103,45,-112,-101,112,-61,-35,123,-36,-59,23,-105,28,-90,90,10,-60,67,26,112,67,46,104,-43,-39,-31,122,113,-118
7,0,149,1082,119,3,16,-69,119,-9,69,-108,53,-95,-84,111,26,119,14,21,85,-5,101,-113,104,109,42,1,123,36,3,69,56,-19,69,-109
7,0,151,1083,31,-119,-12,70,8,43,33,5,-103,125,4,93,-124,67,-93,-46,126,-17,-96,-102,64,-68,122,28,-67,96,124,-5,83,-113,-75,-4
7,0,153,1084,56,-92,19,107,-118,107,31,-42,95,-95,-37,21,108,-111,15,-99,-70,-41,78,88,58,4,21,-17,-35,-3,-12,37,-79,61,-15,22
7,0,155,1085,1,-1,113,31,-97,-62,-31,20,97,-54,-16,-103,-104,-1,34,83,-41,125,31,97,103,-31,-44,75,-8,113,115,-9,7,30,-4,11
7,0,157,1086,53,67,-6,-2,-99,-116,-103,47,57,91,-86,48,78,44,52,78,-22,-51,-116,65,-36,-112,103,-72,89,-34,-60,-112,12,22,103,18
7,0,159,1087,-55,81,-81,-92,-125,-100,80,2,126,-36,-118,21,48,-96,69,-59,9,-23,-24,-106,56,-103,105,-49,-41,-97,46,90,-86,-5,-42,87
7,0,161,1088,-97,63,121,-23,37,100,7,24,-102,-74,-42,-50,-55,-58,-60,-73,126,21,-26,-39,-85,-52,-95,69,30,-24,68,55,0,89,-43,41
7,0,163,1089,87,2,-61,-51,70,-2,51,39,95,-61,19,-119,-119,127,49,41,-32,-58,2,127,90,95,5,111,98,51,-26,-14,124,99,114,72
7,0,165,1090,103,55,-14,62,98,-52,92,73,32,-112,-92,-114,42,0,62,-37,97,-97,30,-20,51,79,-18,-96,38,-71,98,123,11,4,-74,27
7,0,167,1091,45,-58,-47,111,-78,109,89,35,8,-113,-57,56,-110,94,85,26,64,54,17,72,-73,-49,57,60,-21,-39,-20,61,-121,-28,62,-3
7,0,169,1092,-126,-46,68,-77,62,79,-35,36,25,32,76,45,20,-30,64,-19,-64,98,-76,-28,93,-29,118,-81,-43,83,6,-31,38,122,-69,-46
7,0,171,1093,-30,-1,-14,-9,121,-32,6,-85,64,53,-126,-34,-3,-111,66,-117,115,40,66,94,20,-4,-125,-98,-45,123,39,85,83,55,-63,-46
7,0,173,1094,3,-34,-43,-63,-4,44,-4,52,40,-54,28,20,34,-22,-92,63,-43,45,-62,-119,50,-79,-79,53,-58,37,94,74,-112,99,-36,-89
7,0,175,1095,26,-79,-71,17,62,50,112,21,-25,-29,110,85,38,17,-60,-21,48,-45,73,103,127,56,62,52,36,-79,35,29,12,104,-42,-110
7,0,177,1096,122,69,86,7,-69,49,-62,-68,-22,82,2,85,77,-51,121,79,-118,-97,-123,97,-52,-78,2,71,-6,0,-104,-5,28,92,105,118
7,0,179,1097,-31,90,120,-36,-30,-120,113,114,39,30,41,-41,-109,-83,99,30,83,-31,124,1,81,19,-127,-13,-2,-70,-109,-116,-57,-87,-54,82
7,0,181,1098,-47,85,-22,69,30,-48,-67,90,126,29,-42,-2,95,112,-69,-87,113,-18,21,116,97,73,48,7,4,-67,9,-107,52,61,20,-104
7,0,183,1099,-125,71,103,-106,124,-47,-108,106,122,14,-48,-30,90,88,-59,0,82,4,-75,-56,-17,-96,126,44,59,-78,35,-17,107,9,40,79
7,0,185,1100,-102,22,65,107,79,86,122,-91,-49,57,10,-78,97,-3,65,-119,-35,31,5,-113,-53,-18,-94,-31,-71,-111,111,-32,2,-124,66,35
7,0,187,1101,-81,-75,-119,-52,-111,-3,-88,-95,18,-78,-60,-66,-22,-9,-80,77,-53,-28,15,27,-110,-105,83,11,37,72,-73,-73,105,81,98,-74
7,0,189,1102,21,-100,34,66,-29,94,-4,113,102,67,-100,-79,1,-83,-39,-48,-83,28,-37,-107,-29,-90,-41,122,-20,107,-89,-44,-11,121,-95,-52
7,0,191,1103,90,102,83,111,77,-94,-63,51,6,115,50,-62,-19,119,109,-51,-51,98,-124,-45,-97,-69,-55,-104,83,-71,-57,-95,72,-120,73,7
7,0,193,1104,31,20,-100,30,50,-11,-24,53,22,-41,82,-38,-33,14,-120,117,-86,-77,-44,33,-55,-72,-32,96,-63,-34,-79,99,-11,67,-56,-78
7,0,195,1105,56,121,-55,-22,73,15,-79,18,-43,127,-113,-111,-48,109,-34,36,-67,37,111,113,-38,11,22,71,26,-82,-41,-38,25,-7,-84,-40
7,0,197,1106,97,-40,10,0,17,73,13,-66,-43,3,103,126,-44,-108,67,4,68,-52,-71,40,-114,-66,31,-102,-37,84,-61,-94,-49,-68,-111,125
7,0,199,1107,-64,26,-82,-114,-3,-3,100,-118,-86,0,-46,-4,-39,14,-21,-61,-106,113,-56,90,88,-4,-106,10,-76,-108,-65,110,-28,117,-90,-16
7,0,201,1108,20,-27,-92,-82,-73,-115,-32,65,117,15,-121,104,-19,12,-10,4,-48,-27,94,68,110,43,-60,47,41,127,-126,-15,-35,109,98,-118
7,0,203,1109,53,-55,-34,33,22,37,79,-50,-54,-93,-92,-39,-30,56,29,127,47,97,-20,-122,-55,-80,26,5,90,-23,-81,-15,-45,110,40,-7
7,0,205,1110,-84,95,-72,-88,78,114,-121,-8,100,29,-28,-119,-6,24,87,-25,102,121,-48,80,-46,91,24,-21,1,-13,82,-38,39,-98,12,83
7,0,207,1111,-49,80,-119,-14,87,-23,106,22,102,93,17,99,-75,-115,71,12,116,33,58,-46,14,-35,120,-12,11,55,16,111,-1,57,-68,-32
7,0,209,1112,-24,70,-41,-16,-20,-43,-110,-116,108,-59,109,-20,-4,-68,60,-11,-33,-37,80,-64,59,-26,-87,22,-55,53,-112,123,20,79,8,43
7,0,211,1113,90,-24,68,22,72,-81,-16,79,-33,112,-62,39,-110,-38,21,-121,-111,2,-1,70,32,61,5,-49,61,127,-81,125,-86,-102,86,42
7,0,213,1114,-76,84,32,-31,116,-60,-103,118,20,50,106,-11,-114,-74,14,56,-12,8,59,-117,81,-112,-53,117,85,-113,18,-61,-4,-117,15,-79
7,0,215,1115,-103,-101,-49,103,93,-3,57,110,40,-58,-79,31,-38,52,10,-78,-3,-71,-70,-9,20,17,68,-108,58,-77,109,-1,-76,30,-55,92
7,0,217,1116,89,55,-88,-46,-50,95,12,83,61,54,-25,82,37,-79,-12,-15,-83,18,-25,-26,-53,-33,91,31,73,91,-102,117,108,53,22,-6
7,0,219,1117,42,17,-97,-80,90,96,104,-56,115,3,10,-73,114,2,98,-42,-37,20,97,80,-21,46,-7,-55,-69,14,-87,102,-96,58,10,33
7,0,221,1118,37,-35,-39,8,-57,-26,69,76,54,24,65,123,113,28,-10,-55,-44,80,45,-24,-68,42,-59,2,-96,11,50,-42,76,104,41,-96
7,0,223,1119,122,-93,-29,-37,-66,-69,-119,111,28,63,-48,55,-19,109,-59,-100,113,39,5,97,-88,103,-111,46,-100,-109,-33,81,54,71,-49,25
7,0,225,1120,-92,105,-7,122,37,39,-2,-110,121,-32,47,72,88,-111,-22,78,-4,-16,60,-14,-84,84,75,20,-70,73,63,43,14,-48,127,-94
7,0,227,1121,66,-74,-35,-31,-63,-116,-55,-101,126,55,-40,84,-77,-88,32,7,-90,31,94,98,-72,-101,-95,-19,-80,3,110,-62,-66,-88,-75,-58
7,0,229,1122,-74,114,-46,-122,60,-63,-61,79,-14,17,-104,59,-69,72,-106,98,-65,21,12,-44,32,-79,65,31,85,-71,-41,94,37,79,88,20
7,0,231,1123,-121,127,39,116,-93,60,102,52,3,34,102,-88,-110,65,-112,-89,-86,-67,95,50,-77,58,48,118,14,6,-96,122,-92,-1,34,49
7,0,233,1124,99,-35,-110,-101,34,-35,-126,-12,10,60,-50,114,79,116,-40,116,61,-15,55,-12,-10,36,22,26,105,5,25,99,-42,-97,10,47
7,0,235,1125,100,2,-100,78,-110,68,-86,25,-47,102,-73,-42,28,113,-64,65,3,39,-43,-46,-8,-48,57,78,9,-64,102,104,-116,35,7,3
7,0,237,1126,127,113,-66,-122,24,-35,-83,-47,21,58,15,5,-117,98,103,49,3,-109,100,126,9,4,-118,11,-73,-21,85,-49,13,57,-119,-89
7,0,239,1127,31,-107,-126,-20,-93,36,-91,83,100,-108,65,-23,91,-36,-124,-32,87,-2,73,-108,26,-122,15,-82,73,16,1,62,64,82,78,-114
7,0,241,1128,39,98,-2,-63,73,-123,45,101,10,109,117,125,-58,-69,-120,74,48,-21,28,-71,105,-30,-82,-104,-29,-39,47,-62,61,33,99,-77
7,0,243,1129,123,-26,-24,43,-69,-106,27,115,-98,-47,-86,58,33,-14,98,120,-95,-21,62,48,-52,-51,-45,113,-84,-83,-48,57,60,-69,-78,-5
7,0,245,1130,-103,-122,-2,-1,-32,116,-57,-101,-27,-96,-92,-126,-105,-92,-38,-101,-127,104,-105,-17,-111,-67,-68,-1,18,55,34,-51,-38,27,-34,-83
7,0,247,1131,-47,-12,36,-22,24,-64,-48,-66,-60,61,56,-41,-105,-116,1,80,60,-9,19,41,77,-121,127,76,124,28,-6,-60,25,84,-99,68
7,0,249,1132,25,68,-6,-113,-120,-63,106,-95,-80,-69,126,-88,-49,-102,69,-51,16,13,53,28,-127,-93,-53,89,67,113,104,-109,-70,111,-82,23
7,0,251,1133,-38,-70,-24,-85,-46,-101,107,6,18,32,106,86,78,94,-105,-79,25,-83,-58,105,-10,50,31,-84,-25,-17,-17,120,-51,35,-50,-54
7,0,253,1134,121,0,66,-45,-18,13,65,21,11,18,120,-105,-119,126,22,56,-86,27,-14,56,75,-21,5,-75,-19,71,44,-95,-34,127,58,62
7,0,255,1135,-24,33,31,-83,107,-118,-123,-60,-101,80,24,-71,56,3,-113,-105,77,-60,-120,35,87,80,-81,-78,-118,-57,-34,-47,100,-115,-20,18
7,0,257,1136,7,-94,56,-116,10,-41,65,-112,125,24,-114,122,-117,-6,-100,-55,-81,-46,-105,-110,82,-26,-52,31,41,117,-104,47,23,-121,127,-20
7,0,259,1137,-24,13,-102,-96,114,18,-90,28,-36,18,113,-82,-65,-41,74,-20,39,82,-10,66,56,-108,-54,94,-7,27,75,-29,-101,51,-125,76
7,0,261,1138,77,-127,74,48,14,-73,-40,49,67,-116,21,75,-67,115,58,90,-53,-40,28,57,-82,-122,-16,-74,53,-17,18,31,112,-107,-88,-1
7,0,263,1139,61,14,15,-57,-86,48,-52,-60,-1,77,51,-16,38,-81,-78,94,-48,86,28,-21,-45,1,54,-21,122,-98,-25,-95,35,-85,-73,-10
7,0,265,1140,53,-120,126,22,78,-127,-28,-71,-69,26,24,-18,-1,111,-127,-23,-46,96,84,-95,-26,23,-94,-98,-44,-17,-124,-127,-86,-93,20,117
7,0,267,1141,-3,38,39,-65,32,106,42,-98,99,84,-17,-29,106,-106,68,86,10,39,42,-2,-36,-30,15,-30,12,64,-94,-125,27,-63,64,-112
7,0,269,1142,-10,-19,-96,-33,90,84,-80,-16,35,-7,-67,24,-98,48,-10,20,-50,19,-29,-122,-23,19,22,-64,-109,43,53,-71,-73,-111,41,-73
7,0,271,1143,70,-100,14,31,79,127,40,59,-93,-24,22,-72,44,85,-53,92,55,100,75,91,-34,93,28,-47,-18,-38,103,-45,92,-106,-36,47
7,0,273,1144,-20,-75,26,8,-70,36,17,-94,-52,107,-24,14,91,-66,-125,99,-89,42,-9,-38,120,-17,-79,52,43,-98,-116,59,90,89,-19,-127
7,0,275,1145,3,54,-80,41,-35,119,-107,-60,-36,62,-82,-121,60,106,-87,-119,-62,-97,13,79,50,-101,35,-49,45,58,-126,45,31,110,-35,7
7,0,277,1146,95,12,-79,4,78,104,-72,40,94,107,-6,-72,-52,-12,-94,32,-59,-25,34,-115,120,56,-16,-22,39,88,126,74,-3,26,-32,98
7,0,279,1147,96,41,99,-4,-97,-1,109,-114,63,-126,72,56,11,112,18,23,33,4,-90,29,105,-16,30,6,110,32,109,52,-3,110,-67,-94
7,0,281,1148,-72,-79,4,15,32,89,-21,-83,39,-6,125,74,123,-32,125,23,59,-49,34,96,21,-70,95,-48,-92,24,22,35,-53,-102,10,-26
7,0,283,1149,-118,-72,-31,26,74,-79,55,79,-73,-33,99,-116,-71,-110,19,22,-11,-75,22,-61,-43,117,-127,-83,-1,-30,-32,72,37,-45,-87,65
7,0,285,1150,113,118,-68,79,-63,-91,22,124,0,-21,-81,51,93,16,68,-75,16,29,-108,-1,33,-48,106,98,-24,-97,-125,8,51,20,-69,-80
7,0,287,1151,-17,-17,-17,-17,-17,-17,-17,-17,-17,-17,-17,-17,-17,-17,-17,-17,-17,-17,-17,-17,-17,-17,-17,-17,-17,-17,-17,-17,-17,-17,-17,-17
