
        SystemC 3.0.0-Accellera --- Jun  1 2026 22:05:06
        Copyright (c) 1996-2024 by all Contributors,
        ALL RIGHTS RESERVED
[TB_DEMO] No approximation types provided via command line. Using default (0, 0) for both multiplier and adder.

##########################################################################
# TEST : FP16 MVM 8x16 (1x1 conv as GeMM)
# WHAT : Single output tile; Cin=64, Cout=16 on the 16x8 PE array; FP16 half-precision activations/weights, float32 accumulate, round-to-fp16 once at output.
##########################################################################

=========================================
TB_DEMO RUNTIME PATHS
=========================================
case_dir       : /data/XPU00000/users/vuong.nguyen/project/sauria/RTL/src/v4.2_model/npu_demo_clean/cases/demo_fp16_mvm_8x16
initial_dram   : /data/XPU00000/users/vuong.nguyen/project/sauria/RTL/src/v4.2_model/npu_demo_clean/cases/demo_fp16_mvm_8x16/stimuli/initial_dram.txt
gold_dram      : /data/XPU00000/users/vuong.nguyen/project/sauria/RTL/src/v4.2_model/npu_demo_clean/cases/demo_fp16_mvm_8x16/stimuli/gold_dram.txt
GoldenStimuli  : /data/XPU00000/users/vuong.nguyen/project/sauria/RTL/src/v4.2_model/npu_demo_clean/cases/demo_fp16_mvm_8x16/stimuli/GoldenStimuli.txt
sauria_tmp_dir : /data/XPU00000/users/vuong.nguyen/project/sauria/RTL/src/v4.2_model/npu_demo_clean/cases/demo_fp16_mvm_8x16/sauria_tmp
=========================================


=============================================================
      SAURIA SystemC NPU Core Multi-Profile Evaluation       
=============================================================

[REAL FEEDER STREAM DUMP START] ctx=0 incntlim=96

[STREAM REF START] context=0 cxlim=96 cxstep=1

[STREAM REF START] context=0 cxlim=96 cxstep=1

[STREAM REF START] context=0 cxlim=96 cxstep=1
[TB_DEMO] Fetching initial_dram.txt into Memory Pre-load...
[TB_DEMO] Completed parsing initial_dram.txt with 3328 floats loaded.
[TB_DEMO] Mapping data to internal SRAM A & B...
[CTRL DEBUG] cycle=500 state=0 start=0 incntlim=96 act_reps=64 wei_reps=64 ncontexts=1 context_cnt=0 act_cnt_en=0 wei_cnt_en=0 act_pop_en=0 wei_pop_en=0 psm_start=0 shift_done=0 done=0 cscnt_q=0 pop_shim_q2=0 cdone_q=0 o_cswitch_done_val=0 o_cdone_val=0
[CTRL DEBUG] cycle=500 state=0 start=0 incntlim=96 act_reps=64 wei_reps=64 ncontexts=1 context_cnt=0 act_cnt_en=0 wei_cnt_en=0 act_pop_en=0 wei_pop_en=0 psm_start=0 shift_done=0 done=0 cscnt_q=0 pop_shim_q2=0 cdone_q=0 o_cswitch_done_val=0 o_cdone_val=0
[CTRL DEBUG] cycle=500 state=0 start=0 incntlim=96 act_reps=64 wei_reps=64 ncontexts=1 context_cnt=0 act_cnt_en=0 wei_cnt_en=0 act_pop_en=0 wei_pop_en=0 psm_start=0 shift_done=0 done=0 cscnt_q=0 pop_shim_q2=0 cdone_q=0 o_cswitch_done_val=0 o_cdone_val=0
[CTRL DEBUG] cycle=500 state=0 start=0 incntlim=96 act_reps=64 wei_reps=64 ncontexts=1 context_cnt=0 act_cnt_en=0 wei_cnt_en=0 act_pop_en=0 wei_pop_en=0 psm_start=0 shift_done=0 done=0 cscnt_q=0 pop_shim_q2=0 cdone_q=0 o_cswitch_done_val=0 o_cdone_val=0
[CTRL DEBUG] cycle=500 state=0 start=0 incntlim=96 act_reps=64 wei_reps=64 ncontexts=1 context_cnt=0 act_cnt_en=0 wei_cnt_en=0 act_pop_en=0 wei_pop_en=0 psm_start=0 shift_done=0 done=0 cscnt_q=0 pop_shim_q2=0 cdone_q=0 o_cswitch_done_val=0 o_cdone_val=0
[CTRL DEBUG] cycle=500 state=0 start=0 incntlim=96 act_reps=64 wei_reps=64 ncontexts=1 context_cnt=0 act_cnt_en=0 wei_cnt_en=0 act_pop_en=0 wei_pop_en=0 psm_start=0 shift_done=0 done=0 cscnt_q=0 pop_shim_q2=0 cdone_q=0 o_cswitch_done_val=0 o_cdone_val=0
[CTRL DEBUG] cycle=1000 state=0 start=0 incntlim=96 act_reps=64 wei_reps=64 ncontexts=1 context_cnt=0 act_cnt_en=0 wei_cnt_en=0 act_pop_en=0 wei_pop_en=0 psm_start=0 shift_done=0 done=0 cscnt_q=0 pop_shim_q2=0 cdone_q=0 o_cswitch_done_val=0 o_cdone_val=0
[CTRL DEBUG] cycle=1000 state=0 start=0 incntlim=96 act_reps=64 wei_reps=64 ncontexts=1 context_cnt=0 act_cnt_en=0 wei_cnt_en=0 act_pop_en=0 wei_pop_en=0 psm_start=0 shift_done=0 done=0 cscnt_q=0 pop_shim_q2=0 cdone_q=0 o_cswitch_done_val=0 o_cdone_val=0
[CTRL DEBUG] cycle=1000 state=0 start=0 incntlim=96 act_reps=64 wei_reps=64 ncontexts=1 context_cnt=0 act_cnt_en=0 wei_cnt_en=0 act_pop_en=0 wei_pop_en=0 psm_start=0 shift_done=0 done=0 cscnt_q=0 pop_shim_q2=0 cdone_q=0 o_cswitch_done_val=0 o_cdone_val=0
[CTRL DEBUG] cycle=1000 state=0 start=0 incntlim=96 act_reps=64 wei_reps=64 ncontexts=1 context_cnt=0 act_cnt_en=0 wei_cnt_en=0 act_pop_en=0 wei_pop_en=0 psm_start=0 shift_done=0 done=0 cscnt_q=0 pop_shim_q2=0 cdone_q=0 o_cswitch_done_val=0 o_cdone_val=0
[CTRL DEBUG] cycle=1000 state=0 start=0 incntlim=96 act_reps=64 wei_reps=64 ncontexts=1 context_cnt=0 act_cnt_en=0 wei_cnt_en=0 act_pop_en=0 wei_pop_en=0 psm_start=0 shift_done=0 done=0 cscnt_q=0 pop_shim_q2=0 cdone_q=0 o_cswitch_done_val=0 o_cdone_val=0
[CTRL DEBUG] cycle=1000 state=0 start=0 incntlim=96 act_reps=64 wei_reps=64 ncontexts=1 context_cnt=0 act_cnt_en=0 wei_cnt_en=0 act_pop_en=0 wei_pop_en=0 psm_start=0 shift_done=0 done=0 cscnt_q=0 pop_shim_q2=0 cdone_q=0 o_cswitch_done_val=0 o_cdone_val=0
[CTRL DEBUG] cycle=1500 state=0 start=0 incntlim=96 act_reps=64 wei_reps=64 ncontexts=1 context_cnt=0 act_cnt_en=0 wei_cnt_en=0 act_pop_en=0 wei_pop_en=0 psm_start=0 shift_done=0 done=0 cscnt_q=0 pop_shim_q2=0 cdone_q=0 o_cswitch_done_val=0 o_cdone_val=0
[CTRL DEBUG] cycle=1500 state=0 start=0 incntlim=96 act_reps=64 wei_reps=64 ncontexts=1 context_cnt=0 act_cnt_en=0 wei_cnt_en=0 act_pop_en=0 wei_pop_en=0 psm_start=0 shift_done=0 done=0 cscnt_q=0 pop_shim_q2=0 cdone_q=0 o_cswitch_done_val=0 o_cdone_val=0
[CTRL DEBUG] cycle=1500 state=0 start=0 incntlim=96 act_reps=64 wei_reps=64 ncontexts=1 context_cnt=0 act_cnt_en=0 wei_cnt_en=0 act_pop_en=0 wei_pop_en=0 psm_start=0 shift_done=0 done=0 cscnt_q=0 pop_shim_q2=0 cdone_q=0 o_cswitch_done_val=0 o_cdone_val=0
[CTRL DEBUG] cycle=1500 state=0 start=0 incntlim=96 act_reps=64 wei_reps=64 ncontexts=1 context_cnt=0 act_cnt_en=0 wei_cnt_en=0 act_pop_en=0 wei_pop_en=0 psm_start=0 shift_done=0 done=0 cscnt_q=0 pop_shim_q2=0 cdone_q=0 o_cswitch_done_val=0 o_cdone_val=0
[CTRL DEBUG] cycle=1500 state=0 start=0 incntlim=96 act_reps=64 wei_reps=64 ncontexts=1 context_cnt=0 act_cnt_en=0 wei_cnt_en=0 act_pop_en=0 wei_pop_en=0 psm_start=0 shift_done=0 done=0 cscnt_q=0 pop_shim_q2=0 cdone_q=0 o_cswitch_done_val=0 o_cdone_val=0
[CTRL DEBUG] cycle=1500 state=0 start=0 incntlim=96 act_reps=64 wei_reps=64 ncontexts=1 context_cnt=0 act_cnt_en=0 wei_cnt_en=0 act_pop_en=0 wei_pop_en=0 psm_start=0 shift_done=0 done=0 cscnt_q=0 pop_shim_q2=0 cdone_q=0 o_cswitch_done_val=0 o_cdone_val=0
[CTRL DEBUG] cycle=2000 state=0 start=0 incntlim=96 act_reps=64 wei_reps=64 ncontexts=1 context_cnt=0 act_cnt_en=0 wei_cnt_en=0 act_pop_en=0 wei_pop_en=0 psm_start=0 shift_done=0 done=0 cscnt_q=0 pop_shim_q2=0 cdone_q=0 o_cswitch_done_val=0 o_cdone_val=0
[CTRL DEBUG] cycle=2000 state=0 start=0 incntlim=96 act_reps=64 wei_reps=64 ncontexts=1 context_cnt=0 act_cnt_en=0 wei_cnt_en=0 act_pop_en=0 wei_pop_en=0 psm_start=0 shift_done=0 done=0 cscnt_q=0 pop_shim_q2=0 cdone_q=0 o_cswitch_done_val=0 o_cdone_val=0
[CTRL DEBUG] cycle=2000 state=0 start=0 incntlim=96 act_reps=64 wei_reps=64 ncontexts=1 context_cnt=0 act_cnt_en=0 wei_cnt_en=0 act_pop_en=0 wei_pop_en=0 psm_start=0 shift_done=0 done=0 cscnt_q=0 pop_shim_q2=0 cdone_q=0 o_cswitch_done_val=0 o_cdone_val=0
[CTRL DEBUG] cycle=2000 state=0 start=0 incntlim=96 act_reps=64 wei_reps=64 ncontexts=1 context_cnt=0 act_cnt_en=0 wei_cnt_en=0 act_pop_en=0 wei_pop_en=0 psm_start=0 shift_done=0 done=0 cscnt_q=0 pop_shim_q2=0 cdone_q=0 o_cswitch_done_val=0 o_cdone_val=0
[CTRL DEBUG] cycle=2000 state=0 start=0 incntlim=96 act_reps=64 wei_reps=64 ncontexts=1 context_cnt=0 act_cnt_en=0 wei_cnt_en=0 act_pop_en=0 wei_pop_en=0 psm_start=0 shift_done=0 done=0 cscnt_q=0 pop_shim_q2=0 cdone_q=0 o_cswitch_done_val=0 o_cdone_val=0
[CTRL DEBUG] cycle=2000 state=0 start=0 incntlim=96 act_reps=64 wei_reps=64 ncontexts=1 context_cnt=0 act_cnt_en=0 wei_cnt_en=0 act_pop_en=0 wei_pop_en=0 psm_start=0 shift_done=0 done=0 cscnt_q=0 pop_shim_q2=0 cdone_q=0 o_cswitch_done_val=0 o_cdone_val=0
[CTRL DEBUG] cycle=2500 state=0 start=0 incntlim=96 act_reps=64 wei_reps=64 ncontexts=1 context_cnt=0 act_cnt_en=0 wei_cnt_en=0 act_pop_en=0 wei_pop_en=0 psm_start=0 shift_done=0 done=0 cscnt_q=0 pop_shim_q2=0 cdone_q=0 o_cswitch_done_val=0 o_cdone_val=0
[CTRL DEBUG] cycle=2500 state=0 start=0 incntlim=96 act_reps=64 wei_reps=64 ncontexts=1 context_cnt=0 act_cnt_en=0 wei_cnt_en=0 act_pop_en=0 wei_pop_en=0 psm_start=0 shift_done=0 done=0 cscnt_q=0 pop_shim_q2=0 cdone_q=0 o_cswitch_done_val=0 o_cdone_val=0
[CTRL DEBUG] cycle=2500 state=0 start=0 incntlim=96 act_reps=64 wei_reps=64 ncontexts=1 context_cnt=0 act_cnt_en=0 wei_cnt_en=0 act_pop_en=0 wei_pop_en=0 psm_start=0 shift_done=0 done=0 cscnt_q=0 pop_shim_q2=0 cdone_q=0 o_cswitch_done_val=0 o_cdone_val=0
[CTRL DEBUG] cycle=2500 state=0 start=0 incntlim=96 act_reps=64 wei_reps=64 ncontexts=1 context_cnt=0 act_cnt_en=0 wei_cnt_en=0 act_pop_en=0 wei_pop_en=0 psm_start=0 shift_done=0 done=0 cscnt_q=0 pop_shim_q2=0 cdone_q=0 o_cswitch_done_val=0 o_cdone_val=0
[CTRL DEBUG] cycle=2500 state=0 start=0 incntlim=96 act_reps=64 wei_reps=64 ncontexts=1 context_cnt=0 act_cnt_en=0 wei_cnt_en=0 act_pop_en=0 wei_pop_en=0 psm_start=0 shift_done=0 done=0 cscnt_q=0 pop_shim_q2=0 cdone_q=0 o_cswitch_done_val=0 o_cdone_val=0
[CTRL DEBUG] cycle=2500 state=0 start=0 incntlim=96 act_reps=64 wei_reps=64 ncontexts=1 context_cnt=0 act_cnt_en=0 wei_cnt_en=0 act_pop_en=0 wei_pop_en=0 psm_start=0 shift_done=0 done=0 cscnt_q=0 pop_shim_q2=0 cdone_q=0 o_cswitch_done_val=0 o_cdone_val=0
[CTRL DEBUG] cycle=3000 state=0 start=0 incntlim=96 act_reps=64 wei_reps=64 ncontexts=1 context_cnt=0 act_cnt_en=0 wei_cnt_en=0 act_pop_en=0 wei_pop_en=0 psm_start=0 shift_done=0 done=0 cscnt_q=0 pop_shim_q2=0 cdone_q=0 o_cswitch_done_val=0 o_cdone_val=0
[CTRL DEBUG] cycle=3000 state=0 start=0 incntlim=96 act_reps=64 wei_reps=64 ncontexts=1 context_cnt=0 act_cnt_en=0 wei_cnt_en=0 act_pop_en=0 wei_pop_en=0 psm_start=0 shift_done=0 done=0 cscnt_q=0 pop_shim_q2=0 cdone_q=0 o_cswitch_done_val=0 o_cdone_val=0
[CTRL DEBUG] cycle=3000 state=0 start=0 incntlim=96 act_reps=64 wei_reps=64 ncontexts=1 context_cnt=0 act_cnt_en=0 wei_cnt_en=0 act_pop_en=0 wei_pop_en=0 psm_start=0 shift_done=0 done=0 cscnt_q=0 pop_shim_q2=0 cdone_q=0 o_cswitch_done_val=0 o_cdone_val=0
[CTRL DEBUG] cycle=3000 state=0 start=0 incntlim=96 act_reps=64 wei_reps=64 ncontexts=1 context_cnt=0 act_cnt_en=0 wei_cnt_en=0 act_pop_en=0 wei_pop_en=0 psm_start=0 shift_done=0 done=0 cscnt_q=0 pop_shim_q2=0 cdone_q=0 o_cswitch_done_val=0 o_cdone_val=0
[CTRL DEBUG] cycle=3000 state=0 start=0 incntlim=96 act_reps=64 wei_reps=64 ncontexts=1 context_cnt=0 act_cnt_en=0 wei_cnt_en=0 act_pop_en=0 wei_pop_en=0 psm_start=0 shift_done=0 done=0 cscnt_q=0 pop_shim_q2=0 cdone_q=0 o_cswitch_done_val=0 o_cdone_val=0
[CTRL DEBUG] cycle=3000 state=0 start=0 incntlim=96 act_reps=64 wei_reps=64 ncontexts=1 context_cnt=0 act_cnt_en=0 wei_cnt_en=0 act_pop_en=0 wei_pop_en=0 psm_start=0 shift_done=0 done=0 cscnt_q=0 pop_shim_q2=0 cdone_q=0 o_cswitch_done_val=0 o_cdone_val=0
[CTRL DEBUG] cycle=3500 state=0 start=0 incntlim=96 act_reps=64 wei_reps=64 ncontexts=1 context_cnt=0 act_cnt_en=0 wei_cnt_en=0 act_pop_en=0 wei_pop_en=0 psm_start=0 shift_done=0 done=0 cscnt_q=0 pop_shim_q2=0 cdone_q=0 o_cswitch_done_val=0 o_cdone_val=0
[CTRL DEBUG] cycle=3500 state=0 start=0 incntlim=96 act_reps=64 wei_reps=64 ncontexts=1 context_cnt=0 act_cnt_en=0 wei_cnt_en=0 act_pop_en=0 wei_pop_en=0 psm_start=0 shift_done=0 done=0 cscnt_q=0 pop_shim_q2=0 cdone_q=0 o_cswitch_done_val=0 o_cdone_val=0
[CTRL DEBUG] cycle=3500 state=0 start=0 incntlim=96 act_reps=64 wei_reps=64 ncontexts=1 context_cnt=0 act_cnt_en=0 wei_cnt_en=0 act_pop_en=0 wei_pop_en=0 psm_start=0 shift_done=0 done=0 cscnt_q=0 pop_shim_q2=0 cdone_q=0 o_cswitch_done_val=0 o_cdone_val=0
[CTRL DEBUG] cycle=3500 state=0 start=0 incntlim=96 act_reps=64 wei_reps=64 ncontexts=1 context_cnt=0 act_cnt_en=0 wei_cnt_en=0 act_pop_en=0 wei_pop_en=0 psm_start=0 shift_done=0 done=0 cscnt_q=0 pop_shim_q2=0 cdone_q=0 o_cswitch_done_val=0 o_cdone_val=0
[CTRL DEBUG] cycle=3500 state=0 start=0 incntlim=96 act_reps=64 wei_reps=64 ncontexts=1 context_cnt=0 act_cnt_en=0 wei_cnt_en=0 act_pop_en=0 wei_pop_en=0 psm_start=0 shift_done=0 done=0 cscnt_q=0 pop_shim_q2=0 cdone_q=0 o_cswitch_done_val=0 o_cdone_val=0
[CTRL DEBUG] cycle=3500 state=0 start=0 incntlim=96 act_reps=64 wei_reps=64 ncontexts=1 context_cnt=0 act_cnt_en=0 wei_cnt_en=0 act_pop_en=0 wei_pop_en=0 psm_start=0 shift_done=0 done=0 cscnt_q=0 pop_shim_q2=0 cdone_q=0 o_cswitch_done_val=0 o_cdone_val=0
[CTRL DEBUG] cycle=4000 state=0 start=0 incntlim=96 act_reps=64 wei_reps=64 ncontexts=1 context_cnt=0 act_cnt_en=0 wei_cnt_en=0 act_pop_en=0 wei_pop_en=0 psm_start=0 shift_done=0 done=0 cscnt_q=0 pop_shim_q2=0 cdone_q=0 o_cswitch_done_val=0 o_cdone_val=0
[CTRL DEBUG] cycle=4000 state=0 start=0 incntlim=96 act_reps=64 wei_reps=64 ncontexts=1 context_cnt=0 act_cnt_en=0 wei_cnt_en=0 act_pop_en=0 wei_pop_en=0 psm_start=0 shift_done=0 done=0 cscnt_q=0 pop_shim_q2=0 cdone_q=0 o_cswitch_done_val=0 o_cdone_val=0
[CTRL DEBUG] cycle=4000 state=0 start=0 incntlim=96 act_reps=64 wei_reps=64 ncontexts=1 context_cnt=0 act_cnt_en=0 wei_cnt_en=0 act_pop_en=0 wei_pop_en=0 psm_start=0 shift_done=0 done=0 cscnt_q=0 pop_shim_q2=0 cdone_q=0 o_cswitch_done_val=0 o_cdone_val=0
[CTRL DEBUG] cycle=4000 state=0 start=0 incntlim=96 act_reps=64 wei_reps=64 ncontexts=1 context_cnt=0 act_cnt_en=0 wei_cnt_en=0 act_pop_en=0 wei_pop_en=0 psm_start=0 shift_done=0 done=0 cscnt_q=0 pop_shim_q2=0 cdone_q=0 o_cswitch_done_val=0 o_cdone_val=0
[CTRL DEBUG] cycle=4000 state=0 start=0 incntlim=96 act_reps=64 wei_reps=64 ncontexts=1 context_cnt=0 act_cnt_en=0 wei_cnt_en=0 act_pop_en=0 wei_pop_en=0 psm_start=0 shift_done=0 done=0 cscnt_q=0 pop_shim_q2=0 cdone_q=0 o_cswitch_done_val=0 o_cdone_val=0
[CTRL DEBUG] cycle=4000 state=0 start=0 incntlim=96 act_reps=64 wei_reps=64 ncontexts=1 context_cnt=0 act_cnt_en=0 wei_cnt_en=0 act_pop_en=0 wei_pop_en=0 psm_start=0 shift_done=0 done=0 cscnt_q=0 pop_shim_q2=0 cdone_q=0 o_cswitch_done_val=0 o_cdone_val=0
[CTRL DEBUG] cycle=4500 state=0 start=0 incntlim=96 act_reps=64 wei_reps=64 ncontexts=1 context_cnt=0 act_cnt_en=0 wei_cnt_en=0 act_pop_en=0 wei_pop_en=0 psm_start=0 shift_done=0 done=0 cscnt_q=0 pop_shim_q2=0 cdone_q=0 o_cswitch_done_val=0 o_cdone_val=0
[CTRL DEBUG] cycle=4500 state=0 start=0 incntlim=96 act_reps=64 wei_reps=64 ncontexts=1 context_cnt=0 act_cnt_en=0 wei_cnt_en=0 act_pop_en=0 wei_pop_en=0 psm_start=0 shift_done=0 done=0 cscnt_q=0 pop_shim_q2=0 cdone_q=0 o_cswitch_done_val=0 o_cdone_val=0
[CTRL DEBUG] cycle=4500 state=0 start=0 incntlim=96 act_reps=64 wei_reps=64 ncontexts=1 context_cnt=0 act_cnt_en=0 wei_cnt_en=0 act_pop_en=0 wei_pop_en=0 psm_start=0 shift_done=0 done=0 cscnt_q=0 pop_shim_q2=0 cdone_q=0 o_cswitch_done_val=0 o_cdone_val=0
[CTRL DEBUG] cycle=4500 state=0 start=0 incntlim=96 act_reps=64 wei_reps=64 ncontexts=1 context_cnt=0 act_cnt_en=0 wei_cnt_en=0 act_pop_en=0 wei_pop_en=0 psm_start=0 shift_done=0 done=0 cscnt_q=0 pop_shim_q2=0 cdone_q=0 o_cswitch_done_val=0 o_cdone_val=0
[CTRL DEBUG] cycle=4500 state=0 start=0 incntlim=96 act_reps=64 wei_reps=64 ncontexts=1 context_cnt=0 act_cnt_en=0 wei_cnt_en=0 act_pop_en=0 wei_pop_en=0 psm_start=0 shift_done=0 done=0 cscnt_q=0 pop_shim_q2=0 cdone_q=0 o_cswitch_done_val=0 o_cdone_val=0
[CTRL DEBUG] cycle=4500 state=0 start=0 incntlim=96 act_reps=64 wei_reps=64 ncontexts=1 context_cnt=0 act_cnt_en=0 wei_cnt_en=0 act_pop_en=0 wei_pop_en=0 psm_start=0 shift_done=0 done=0 cscnt_q=0 pop_shim_q2=0 cdone_q=0 o_cswitch_done_val=0 o_cdone_val=0
[CTRL DEBUG] cycle=5000 state=0 start=0 incntlim=96 act_reps=64 wei_reps=64 ncontexts=1 context_cnt=0 act_cnt_en=0 wei_cnt_en=0 act_pop_en=0 wei_pop_en=0 psm_start=0 shift_done=0 done=0 cscnt_q=0 pop_shim_q2=0 cdone_q=0 o_cswitch_done_val=0 o_cdone_val=0
[CTRL DEBUG] cycle=5000 state=0 start=0 incntlim=96 act_reps=64 wei_reps=64 ncontexts=1 context_cnt=0 act_cnt_en=0 wei_cnt_en=0 act_pop_en=0 wei_pop_en=0 psm_start=0 shift_done=0 done=0 cscnt_q=0 pop_shim_q2=0 cdone_q=0 o_cswitch_done_val=0 o_cdone_val=0
[CTRL DEBUG] cycle=5000 state=0 start=0 incntlim=96 act_reps=64 wei_reps=64 ncontexts=1 context_cnt=0 act_cnt_en=0 wei_cnt_en=0 act_pop_en=0 wei_pop_en=0 psm_start=0 shift_done=0 done=0 cscnt_q=0 pop_shim_q2=0 cdone_q=0 o_cswitch_done_val=0 o_cdone_val=0
[CTRL DEBUG] cycle=5000 state=0 start=0 incntlim=96 act_reps=64 wei_reps=64 ncontexts=1 context_cnt=0 act_cnt_en=0 wei_cnt_en=0 act_pop_en=0 wei_pop_en=0 psm_start=0 shift_done=0 done=0 cscnt_q=0 pop_shim_q2=0 cdone_q=0 o_cswitch_done_val=0 o_cdone_val=0
[CTRL DEBUG] cycle=5000 state=0 start=0 incntlim=96 act_reps=64 wei_reps=64 ncontexts=1 context_cnt=0 act_cnt_en=0 wei_cnt_en=0 act_pop_en=0 wei_pop_en=0 psm_start=0 shift_done=0 done=0 cscnt_q=0 pop_shim_q2=0 cdone_q=0 o_cswitch_done_val=0 o_cdone_val=0
[CTRL DEBUG] cycle=5000 state=0 start=0 incntlim=96 act_reps=64 wei_reps=64 ncontexts=1 context_cnt=0 act_cnt_en=0 wei_cnt_en=0 act_pop_en=0 wei_pop_en=0 psm_start=0 shift_done=0 done=0 cscnt_q=0 pop_shim_q2=0 cdone_q=0 o_cswitch_done_val=0 o_cdone_val=0
[CTRL DEBUG] cycle=5500 state=0 start=0 incntlim=96 act_reps=64 wei_reps=64 ncontexts=1 context_cnt=0 act_cnt_en=0 wei_cnt_en=0 act_pop_en=0 wei_pop_en=0 psm_start=0 shift_done=0 done=0 cscnt_q=0 pop_shim_q2=0 cdone_q=0 o_cswitch_done_val=0 o_cdone_val=0
[CTRL DEBUG] cycle=5500 state=0 start=0 incntlim=96 act_reps=64 wei_reps=64 ncontexts=1 context_cnt=0 act_cnt_en=0 wei_cnt_en=0 act_pop_en=0 wei_pop_en=0 psm_start=0 shift_done=0 done=0 cscnt_q=0 pop_shim_q2=0 cdone_q=0 o_cswitch_done_val=0 o_cdone_val=0
[CTRL DEBUG] cycle=5500 state=0 start=0 incntlim=96 act_reps=64 wei_reps=64 ncontexts=1 context_cnt=0 act_cnt_en=0 wei_cnt_en=0 act_pop_en=0 wei_pop_en=0 psm_start=0 shift_done=0 done=0 cscnt_q=0 pop_shim_q2=0 cdone_q=0 o_cswitch_done_val=0 o_cdone_val=0
[CTRL DEBUG] cycle=5500 state=0 start=0 incntlim=96 act_reps=64 wei_reps=64 ncontexts=1 context_cnt=0 act_cnt_en=0 wei_cnt_en=0 act_pop_en=0 wei_pop_en=0 psm_start=0 shift_done=0 done=0 cscnt_q=0 pop_shim_q2=0 cdone_q=0 o_cswitch_done_val=0 o_cdone_val=0
[CTRL DEBUG] cycle=5500 state=0 start=0 incntlim=96 act_reps=64 wei_reps=64 ncontexts=1 context_cnt=0 act_cnt_en=0 wei_cnt_en=0 act_pop_en=0 wei_pop_en=0 psm_start=0 shift_done=0 done=0 cscnt_q=0 pop_shim_q2=0 cdone_q=0 o_cswitch_done_val=0 o_cdone_val=0
[CTRL DEBUG] cycle=5500 state=0 start=0 incntlim=96 act_reps=64 wei_reps=64 ncontexts=1 context_cnt=0 act_cnt_en=0 wei_cnt_en=0 act_pop_en=0 wei_pop_en=0 psm_start=0 shift_done=0 done=0 cscnt_q=0 pop_shim_q2=0 cdone_q=0 o_cswitch_done_val=0 o_cdone_val=0
[CTRL DEBUG] cycle=6000 state=0 start=0 incntlim=96 act_reps=64 wei_reps=64 ncontexts=1 context_cnt=0 act_cnt_en=0 wei_cnt_en=0 act_pop_en=0 wei_pop_en=0 psm_start=0 shift_done=0 done=0 cscnt_q=0 pop_shim_q2=0 cdone_q=0 o_cswitch_done_val=0 o_cdone_val=0
[CTRL DEBUG] cycle=6000 state=0 start=0 incntlim=96 act_reps=64 wei_reps=64 ncontexts=1 context_cnt=0 act_cnt_en=0 wei_cnt_en=0 act_pop_en=0 wei_pop_en=0 psm_start=0 shift_done=0 done=0 cscnt_q=0 pop_shim_q2=0 cdone_q=0 o_cswitch_done_val=0 o_cdone_val=0
[CTRL DEBUG] cycle=6000 state=0 start=0 incntlim=96 act_reps=64 wei_reps=64 ncontexts=1 context_cnt=0 act_cnt_en=0 wei_cnt_en=0 act_pop_en=0 wei_pop_en=0 psm_start=0 shift_done=0 done=0 cscnt_q=0 pop_shim_q2=0 cdone_q=0 o_cswitch_done_val=0 o_cdone_val=0
[CTRL DEBUG] cycle=6000 state=0 start=0 incntlim=96 act_reps=64 wei_reps=64 ncontexts=1 context_cnt=0 act_cnt_en=0 wei_cnt_en=0 act_pop_en=0 wei_pop_en=0 psm_start=0 shift_done=0 done=0 cscnt_q=0 pop_shim_q2=0 cdone_q=0 o_cswitch_done_val=0 o_cdone_val=0
[CTRL DEBUG] cycle=6000 state=0 start=0 incntlim=96 act_reps=64 wei_reps=64 ncontexts=1 context_cnt=0 act_cnt_en=0 wei_cnt_en=0 act_pop_en=0 wei_pop_en=0 psm_start=0 shift_done=0 done=0 cscnt_q=0 pop_shim_q2=0 cdone_q=0 o_cswitch_done_val=0 o_cdone_val=0
[CTRL DEBUG] cycle=6000 state=0 start=0 incntlim=96 act_reps=64 wei_reps=64 ncontexts=1 context_cnt=0 act_cnt_en=0 wei_cnt_en=0 act_pop_en=0 wei_pop_en=0 psm_start=0 shift_done=0 done=0 cscnt_q=0 pop_shim_q2=0 cdone_q=0 o_cswitch_done_val=0 o_cdone_val=0
[CTRL DEBUG] cycle=6500 state=0 start=0 incntlim=96 act_reps=64 wei_reps=64 ncontexts=1 context_cnt=0 act_cnt_en=0 wei_cnt_en=0 act_pop_en=0 wei_pop_en=0 psm_start=0 shift_done=0 done=0 cscnt_q=0 pop_shim_q2=0 cdone_q=0 o_cswitch_done_val=0 o_cdone_val=0
[CTRL DEBUG] cycle=6500 state=0 start=0 incntlim=96 act_reps=64 wei_reps=64 ncontexts=1 context_cnt=0 act_cnt_en=0 wei_cnt_en=0 act_pop_en=0 wei_pop_en=0 psm_start=0 shift_done=0 done=0 cscnt_q=0 pop_shim_q2=0 cdone_q=0 o_cswitch_done_val=0 o_cdone_val=0
[CTRL DEBUG] cycle=6500 state=0 start=0 incntlim=96 act_reps=64 wei_reps=64 ncontexts=1 context_cnt=0 act_cnt_en=0 wei_cnt_en=0 act_pop_en=0 wei_pop_en=0 psm_start=0 shift_done=0 done=0 cscnt_q=0 pop_shim_q2=0 cdone_q=0 o_cswitch_done_val=0 o_cdone_val=0
[CTRL DEBUG] cycle=6500 state=0 start=0 incntlim=96 act_reps=64 wei_reps=64 ncontexts=1 context_cnt=0 act_cnt_en=0 wei_cnt_en=0 act_pop_en=0 wei_pop_en=0 psm_start=0 shift_done=0 done=0 cscnt_q=0 pop_shim_q2=0 cdone_q=0 o_cswitch_done_val=0 o_cdone_val=0
[CTRL DEBUG] cycle=6500 state=0 start=0 incntlim=96 act_reps=64 wei_reps=64 ncontexts=1 context_cnt=0 act_cnt_en=0 wei_cnt_en=0 act_pop_en=0 wei_pop_en=0 psm_start=0 shift_done=0 done=0 cscnt_q=0 pop_shim_q2=0 cdone_q=0 o_cswitch_done_val=0 o_cdone_val=0
[CTRL DEBUG] cycle=6500 state=0 start=0 incntlim=96 act_reps=64 wei_reps=64 ncontexts=1 context_cnt=0 act_cnt_en=0 wei_cnt_en=0 act_pop_en=0 wei_pop_en=0 psm_start=0 shift_done=0 done=0 cscnt_q=0 pop_shim_q2=0 cdone_q=0 o_cswitch_done_val=0 o_cdone_val=0
[CTRL DEBUG] cycle=7000 state=0 start=0 incntlim=96 act_reps=64 wei_reps=64 ncontexts=1 context_cnt=0 act_cnt_en=0 wei_cnt_en=0 act_pop_en=0 wei_pop_en=0 psm_start=0 shift_done=0 done=0 cscnt_q=0 pop_shim_q2=0 cdone_q=0 o_cswitch_done_val=0 o_cdone_val=0
[CTRL DEBUG] cycle=7000 state=0 start=0 incntlim=96 act_reps=64 wei_reps=64 ncontexts=1 context_cnt=0 act_cnt_en=0 wei_cnt_en=0 act_pop_en=0 wei_pop_en=0 psm_start=0 shift_done=0 done=0 cscnt_q=0 pop_shim_q2=0 cdone_q=0 o_cswitch_done_val=0 o_cdone_val=0
[CTRL DEBUG] cycle=7000 state=0 start=0 incntlim=96 act_reps=64 wei_reps=64 ncontexts=1 context_cnt=0 act_cnt_en=0 wei_cnt_en=0 act_pop_en=0 wei_pop_en=0 psm_start=0 shift_done=0 done=0 cscnt_q=0 pop_shim_q2=0 cdone_q=0 o_cswitch_done_val=0 o_cdone_val=0
[CTRL DEBUG] cycle=7000 state=0 start=0 incntlim=96 act_reps=64 wei_reps=64 ncontexts=1 context_cnt=0 act_cnt_en=0 wei_cnt_en=0 act_pop_en=0 wei_pop_en=0 psm_start=0 shift_done=0 done=0 cscnt_q=0 pop_shim_q2=0 cdone_q=0 o_cswitch_done_val=0 o_cdone_val=0
[CTRL DEBUG] cycle=7000 state=0 start=0 incntlim=96 act_reps=64 wei_reps=64 ncontexts=1 context_cnt=0 act_cnt_en=0 wei_cnt_en=0 act_pop_en=0 wei_pop_en=0 psm_start=0 shift_done=0 done=0 cscnt_q=0 pop_shim_q2=0 cdone_q=0 o_cswitch_done_val=0 o_cdone_val=0
[CTRL DEBUG] cycle=7000 state=0 start=0 incntlim=96 act_reps=64 wei_reps=64 ncontexts=1 context_cnt=0 act_cnt_en=0 wei_cnt_en=0 act_pop_en=0 wei_pop_en=0 psm_start=0 shift_done=0 done=0 cscnt_q=0 pop_shim_q2=0 cdone_q=0 o_cswitch_done_val=0 o_cdone_val=0
[CTRL DEBUG] cycle=7500 state=0 start=0 incntlim=96 act_reps=64 wei_reps=64 ncontexts=1 context_cnt=0 act_cnt_en=0 wei_cnt_en=0 act_pop_en=0 wei_pop_en=0 psm_start=0 shift_done=0 done=0 cscnt_q=0 pop_shim_q2=0 cdone_q=0 o_cswitch_done_val=0 o_cdone_val=0
[CTRL DEBUG] cycle=7500 state=0 start=0 incntlim=96 act_reps=64 wei_reps=64 ncontexts=1 context_cnt=0 act_cnt_en=0 wei_cnt_en=0 act_pop_en=0 wei_pop_en=0 psm_start=0 shift_done=0 done=0 cscnt_q=0 pop_shim_q2=0 cdone_q=0 o_cswitch_done_val=0 o_cdone_val=0
[CTRL DEBUG] cycle=7500 state=0 start=0 incntlim=96 act_reps=64 wei_reps=64 ncontexts=1 context_cnt=0 act_cnt_en=0 wei_cnt_en=0 act_pop_en=0 wei_pop_en=0 psm_start=0 shift_done=0 done=0 cscnt_q=0 pop_shim_q2=0 cdone_q=0 o_cswitch_done_val=0 o_cdone_val=0
[CTRL DEBUG] cycle=7500 state=0 start=0 incntlim=96 act_reps=64 wei_reps=64 ncontexts=1 context_cnt=0 act_cnt_en=0 wei_cnt_en=0 act_pop_en=0 wei_pop_en=0 psm_start=0 shift_done=0 done=0 cscnt_q=0 pop_shim_q2=0 cdone_q=0 o_cswitch_done_val=0 o_cdone_val=0
[CTRL DEBUG] cycle=7500 state=0 start=0 incntlim=96 act_reps=64 wei_reps=64 ncontexts=1 context_cnt=0 act_cnt_en=0 wei_cnt_en=0 act_pop_en=0 wei_pop_en=0 psm_start=0 shift_done=0 done=0 cscnt_q=0 pop_shim_q2=0 cdone_q=0 o_cswitch_done_val=0 o_cdone_val=0
[CTRL DEBUG] cycle=7500 state=0 start=0 incntlim=96 act_reps=64 wei_reps=64 ncontexts=1 context_cnt=0 act_cnt_en=0 wei_cnt_en=0 act_pop_en=0 wei_pop_en=0 psm_start=0 shift_done=0 done=0 cscnt_q=0 pop_shim_q2=0 cdone_q=0 o_cswitch_done_val=0 o_cdone_val=0
[CTRL DEBUG] cycle=8000 state=0 start=0 incntlim=96 act_reps=64 wei_reps=64 ncontexts=1 context_cnt=0 act_cnt_en=0 wei_cnt_en=0 act_pop_en=0 wei_pop_en=0 psm_start=0 shift_done=0 done=0 cscnt_q=0 pop_shim_q2=0 cdone_q=0 o_cswitch_done_val=0 o_cdone_val=0
[CTRL DEBUG] cycle=8000 state=0 start=0 incntlim=96 act_reps=64 wei_reps=64 ncontexts=1 context_cnt=0 act_cnt_en=0 wei_cnt_en=0 act_pop_en=0 wei_pop_en=0 psm_start=0 shift_done=0 done=0 cscnt_q=0 pop_shim_q2=0 cdone_q=0 o_cswitch_done_val=0 o_cdone_val=0
[CTRL DEBUG] cycle=8000 state=0 start=0 incntlim=96 act_reps=64 wei_reps=64 ncontexts=1 context_cnt=0 act_cnt_en=0 wei_cnt_en=0 act_pop_en=0 wei_pop_en=0 psm_start=0 shift_done=0 done=0 cscnt_q=0 pop_shim_q2=0 cdone_q=0 o_cswitch_done_val=0 o_cdone_val=0
[CTRL DEBUG] cycle=8000 state=0 start=0 incntlim=96 act_reps=64 wei_reps=64 ncontexts=1 context_cnt=0 act_cnt_en=0 wei_cnt_en=0 act_pop_en=0 wei_pop_en=0 psm_start=0 shift_done=0 done=0 cscnt_q=0 pop_shim_q2=0 cdone_q=0 o_cswitch_done_val=0 o_cdone_val=0
[CTRL DEBUG] cycle=8000 state=0 start=0 incntlim=96 act_reps=64 wei_reps=64 ncontexts=1 context_cnt=0 act_cnt_en=0 wei_cnt_en=0 act_pop_en=0 wei_pop_en=0 psm_start=0 shift_done=0 done=0 cscnt_q=0 pop_shim_q2=0 cdone_q=0 o_cswitch_done_val=0 o_cdone_val=0
[CTRL DEBUG] cycle=8000 state=0 start=0 incntlim=96 act_reps=64 wei_reps=64 ncontexts=1 context_cnt=0 act_cnt_en=0 wei_cnt_en=0 act_pop_en=0 wei_pop_en=0 psm_start=0 shift_done=0 done=0 cscnt_q=0 pop_shim_q2=0 cdone_q=0 o_cswitch_done_val=0 o_cdone_val=0
[CTRL DEBUG] cycle=8500 state=0 start=0 incntlim=96 act_reps=64 wei_reps=64 ncontexts=1 context_cnt=0 act_cnt_en=0 wei_cnt_en=0 act_pop_en=0 wei_pop_en=0 psm_start=0 shift_done=0 done=0 cscnt_q=0 pop_shim_q2=0 cdone_q=0 o_cswitch_done_val=0 o_cdone_val=0
[CTRL DEBUG] cycle=8500 state=0 start=0 incntlim=96 act_reps=64 wei_reps=64 ncontexts=1 context_cnt=0 act_cnt_en=0 wei_cnt_en=0 act_pop_en=0 wei_pop_en=0 psm_start=0 shift_done=0 done=0 cscnt_q=0 pop_shim_q2=0 cdone_q=0 o_cswitch_done_val=0 o_cdone_val=0
[CTRL DEBUG] cycle=8500 state=0 start=0 incntlim=96 act_reps=64 wei_reps=64 ncontexts=1 context_cnt=0 act_cnt_en=0 wei_cnt_en=0 act_pop_en=0 wei_pop_en=0 psm_start=0 shift_done=0 done=0 cscnt_q=0 pop_shim_q2=0 cdone_q=0 o_cswitch_done_val=0 o_cdone_val=0
[CTRL DEBUG] cycle=8500 state=0 start=0 incntlim=96 act_reps=64 wei_reps=64 ncontexts=1 context_cnt=0 act_cnt_en=0 wei_cnt_en=0 act_pop_en=0 wei_pop_en=0 psm_start=0 shift_done=0 done=0 cscnt_q=0 pop_shim_q2=0 cdone_q=0 o_cswitch_done_val=0 o_cdone_val=0
[CTRL DEBUG] cycle=8500 state=0 start=0 incntlim=96 act_reps=64 wei_reps=64 ncontexts=1 context_cnt=0 act_cnt_en=0 wei_cnt_en=0 act_pop_en=0 wei_pop_en=0 psm_start=0 shift_done=0 done=0 cscnt_q=0 pop_shim_q2=0 cdone_q=0 o_cswitch_done_val=0 o_cdone_val=0
[CTRL DEBUG] cycle=8500 state=0 start=0 incntlim=96 act_reps=64 wei_reps=64 ncontexts=1 context_cnt=0 act_cnt_en=0 wei_cnt_en=0 act_pop_en=0 wei_pop_en=0 psm_start=0 shift_done=0 done=0 cscnt_q=0 pop_shim_q2=0 cdone_q=0 o_cswitch_done_val=0 o_cdone_val=0
[CTRL DEBUG] cycle=9000 state=0 start=0 incntlim=96 act_reps=64 wei_reps=64 ncontexts=1 context_cnt=0 act_cnt_en=0 wei_cnt_en=0 act_pop_en=0 wei_pop_en=0 psm_start=0 shift_done=0 done=0 cscnt_q=0 pop_shim_q2=0 cdone_q=0 o_cswitch_done_val=0 o_cdone_val=0
[CTRL DEBUG] cycle=9000 state=0 start=0 incntlim=96 act_reps=64 wei_reps=64 ncontexts=1 context_cnt=0 act_cnt_en=0 wei_cnt_en=0 act_pop_en=0 wei_pop_en=0 psm_start=0 shift_done=0 done=0 cscnt_q=0 pop_shim_q2=0 cdone_q=0 o_cswitch_done_val=0 o_cdone_val=0
[CTRL DEBUG] cycle=9000 state=0 start=0 incntlim=96 act_reps=64 wei_reps=64 ncontexts=1 context_cnt=0 act_cnt_en=0 wei_cnt_en=0 act_pop_en=0 wei_pop_en=0 psm_start=0 shift_done=0 done=0 cscnt_q=0 pop_shim_q2=0 cdone_q=0 o_cswitch_done_val=0 o_cdone_val=0
[CTRL DEBUG] cycle=9000 state=0 start=0 incntlim=96 act_reps=64 wei_reps=64 ncontexts=1 context_cnt=0 act_cnt_en=0 wei_cnt_en=0 act_pop_en=0 wei_pop_en=0 psm_start=0 shift_done=0 done=0 cscnt_q=0 pop_shim_q2=0 cdone_q=0 o_cswitch_done_val=0 o_cdone_val=0
[CTRL DEBUG] cycle=9000 state=0 start=0 incntlim=96 act_reps=64 wei_reps=64 ncontexts=1 context_cnt=0 act_cnt_en=0 wei_cnt_en=0 act_pop_en=0 wei_pop_en=0 psm_start=0 shift_done=0 done=0 cscnt_q=0 pop_shim_q2=0 cdone_q=0 o_cswitch_done_val=0 o_cdone_val=0
[CTRL DEBUG] cycle=9000 state=0 start=0 incntlim=96 act_reps=64 wei_reps=64 ncontexts=1 context_cnt=0 act_cnt_en=0 wei_cnt_en=0 act_pop_en=0 wei_pop_en=0 psm_start=0 shift_done=0 done=0 cscnt_q=0 pop_shim_q2=0 cdone_q=0 o_cswitch_done_val=0 o_cdone_val=0
[CTRL DEBUG] cycle=9500 state=0 start=0 incntlim=96 act_reps=64 wei_reps=64 ncontexts=1 context_cnt=0 act_cnt_en=0 wei_cnt_en=0 act_pop_en=0 wei_pop_en=0 psm_start=0 shift_done=0 done=0 cscnt_q=0 pop_shim_q2=0 cdone_q=0 o_cswitch_done_val=0 o_cdone_val=0
[CTRL DEBUG] cycle=9500 state=0 start=0 incntlim=96 act_reps=64 wei_reps=64 ncontexts=1 context_cnt=0 act_cnt_en=0 wei_cnt_en=0 act_pop_en=0 wei_pop_en=0 psm_start=0 shift_done=0 done=0 cscnt_q=0 pop_shim_q2=0 cdone_q=0 o_cswitch_done_val=0 o_cdone_val=0
[CTRL DEBUG] cycle=9500 state=0 start=0 incntlim=96 act_reps=64 wei_reps=64 ncontexts=1 context_cnt=0 act_cnt_en=0 wei_cnt_en=0 act_pop_en=0 wei_pop_en=0 psm_start=0 shift_done=0 done=0 cscnt_q=0 pop_shim_q2=0 cdone_q=0 o_cswitch_done_val=0 o_cdone_val=0
[CTRL DEBUG] cycle=9500 state=0 start=0 incntlim=96 act_reps=64 wei_reps=64 ncontexts=1 context_cnt=0 act_cnt_en=0 wei_cnt_en=0 act_pop_en=0 wei_pop_en=0 psm_start=0 shift_done=0 done=0 cscnt_q=0 pop_shim_q2=0 cdone_q=0 o_cswitch_done_val=0 o_cdone_val=0
[CTRL DEBUG] cycle=9500 state=0 start=0 incntlim=96 act_reps=64 wei_reps=64 ncontexts=1 context_cnt=0 act_cnt_en=0 wei_cnt_en=0 act_pop_en=0 wei_pop_en=0 psm_start=0 shift_done=0 done=0 cscnt_q=0 pop_shim_q2=0 cdone_q=0 o_cswitch_done_val=0 o_cdone_val=0
[CTRL DEBUG] cycle=9500 state=0 start=0 incntlim=96 act_reps=64 wei_reps=64 ncontexts=1 context_cnt=0 act_cnt_en=0 wei_cnt_en=0 act_pop_en=0 wei_pop_en=0 psm_start=0 shift_done=0 done=0 cscnt_q=0 pop_shim_q2=0 cdone_q=0 o_cswitch_done_val=0 o_cdone_val=0
[CTRL DEBUG] cycle=10000 state=0 start=0 incntlim=96 act_reps=64 wei_reps=64 ncontexts=1 context_cnt=0 act_cnt_en=0 wei_cnt_en=0 act_pop_en=0 wei_pop_en=0 psm_start=0 shift_done=0 done=0 cscnt_q=0 pop_shim_q2=0 cdone_q=0 o_cswitch_done_val=0 o_cdone_val=0
[CTRL DEBUG] cycle=10000 state=0 start=0 incntlim=96 act_reps=64 wei_reps=64 ncontexts=1 context_cnt=0 act_cnt_en=0 wei_cnt_en=0 act_pop_en=0 wei_pop_en=0 psm_start=0 shift_done=0 done=0 cscnt_q=0 pop_shim_q2=0 cdone_q=0 o_cswitch_done_val=0 o_cdone_val=0
[CTRL DEBUG] cycle=10000 state=0 start=0 incntlim=96 act_reps=64 wei_reps=64 ncontexts=1 context_cnt=0 act_cnt_en=0 wei_cnt_en=0 act_pop_en=0 wei_pop_en=0 psm_start=0 shift_done=0 done=0 cscnt_q=0 pop_shim_q2=0 cdone_q=0 o_cswitch_done_val=0 o_cdone_val=0
[CTRL DEBUG] cycle=10000 state=0 start=0 incntlim=96 act_reps=64 wei_reps=64 ncontexts=1 context_cnt=0 act_cnt_en=0 wei_cnt_en=0 act_pop_en=0 wei_pop_en=0 psm_start=0 shift_done=0 done=0 cscnt_q=0 pop_shim_q2=0 cdone_q=0 o_cswitch_done_val=0 o_cdone_val=0
[CTRL DEBUG] cycle=10000 state=0 start=0 incntlim=96 act_reps=64 wei_reps=64 ncontexts=1 context_cnt=0 act_cnt_en=0 wei_cnt_en=0 act_pop_en=0 wei_pop_en=0 psm_start=0 shift_done=0 done=0 cscnt_q=0 pop_shim_q2=0 cdone_q=0 o_cswitch_done_val=0 o_cdone_val=0
[CTRL DEBUG] cycle=10000 state=0 start=0 incntlim=96 act_reps=64 wei_reps=64 ncontexts=1 context_cnt=0 act_cnt_en=0 wei_cnt_en=0 act_pop_en=0 wei_pop_en=0 psm_start=0 shift_done=0 done=0 cscnt_q=0 pop_shim_q2=0 cdone_q=0 o_cswitch_done_val=0 o_cdone_val=0
[CTRL DEBUG] cycle=10500 state=0 start=0 incntlim=96 act_reps=64 wei_reps=64 ncontexts=1 context_cnt=0 act_cnt_en=0 wei_cnt_en=0 act_pop_en=0 wei_pop_en=0 psm_start=0 shift_done=0 done=0 cscnt_q=0 pop_shim_q2=0 cdone_q=0 o_cswitch_done_val=0 o_cdone_val=0
[CTRL DEBUG] cycle=10500 state=0 start=0 incntlim=96 act_reps=64 wei_reps=64 ncontexts=1 context_cnt=0 act_cnt_en=0 wei_cnt_en=0 act_pop_en=0 wei_pop_en=0 psm_start=0 shift_done=0 done=0 cscnt_q=0 pop_shim_q2=0 cdone_q=0 o_cswitch_done_val=0 o_cdone_val=0
[CTRL DEBUG] cycle=10500 state=0 start=0 incntlim=96 act_reps=64 wei_reps=64 ncontexts=1 context_cnt=0 act_cnt_en=0 wei_cnt_en=0 act_pop_en=0 wei_pop_en=0 psm_start=0 shift_done=0 done=0 cscnt_q=0 pop_shim_q2=0 cdone_q=0 o_cswitch_done_val=0 o_cdone_val=0
[CTRL DEBUG] cycle=10500 state=0 start=0 incntlim=96 act_reps=64 wei_reps=64 ncontexts=1 context_cnt=0 act_cnt_en=0 wei_cnt_en=0 act_pop_en=0 wei_pop_en=0 psm_start=0 shift_done=0 done=0 cscnt_q=0 pop_shim_q2=0 cdone_q=0 o_cswitch_done_val=0 o_cdone_val=0
[CTRL DEBUG] cycle=10500 state=0 start=0 incntlim=96 act_reps=64 wei_reps=64 ncontexts=1 context_cnt=0 act_cnt_en=0 wei_cnt_en=0 act_pop_en=0 wei_pop_en=0 psm_start=0 shift_done=0 done=0 cscnt_q=0 pop_shim_q2=0 cdone_q=0 o_cswitch_done_val=0 o_cdone_val=0
[CTRL DEBUG] cycle=10500 state=0 start=0 incntlim=96 act_reps=64 wei_reps=64 ncontexts=1 context_cnt=0 act_cnt_en=0 wei_cnt_en=0 act_pop_en=0 wei_pop_en=0 psm_start=0 shift_done=0 done=0 cscnt_q=0 pop_shim_q2=0 cdone_q=0 o_cswitch_done_val=0 o_cdone_val=0
[CTRL DEBUG] cycle=11000 state=0 start=0 incntlim=96 act_reps=64 wei_reps=64 ncontexts=1 context_cnt=0 act_cnt_en=0 wei_cnt_en=0 act_pop_en=0 wei_pop_en=0 psm_start=0 shift_done=0 done=0 cscnt_q=0 pop_shim_q2=0 cdone_q=0 o_cswitch_done_val=0 o_cdone_val=0
[CTRL DEBUG] cycle=11000 state=0 start=0 incntlim=96 act_reps=64 wei_reps=64 ncontexts=1 context_cnt=0 act_cnt_en=0 wei_cnt_en=0 act_pop_en=0 wei_pop_en=0 psm_start=0 shift_done=0 done=0 cscnt_q=0 pop_shim_q2=0 cdone_q=0 o_cswitch_done_val=0 o_cdone_val=0
[CTRL DEBUG] cycle=11000 state=0 start=0 incntlim=96 act_reps=64 wei_reps=64 ncontexts=1 context_cnt=0 act_cnt_en=0 wei_cnt_en=0 act_pop_en=0 wei_pop_en=0 psm_start=0 shift_done=0 done=0 cscnt_q=0 pop_shim_q2=0 cdone_q=0 o_cswitch_done_val=0 o_cdone_val=0
[CTRL DEBUG] cycle=11000 state=0 start=0 incntlim=96 act_reps=64 wei_reps=64 ncontexts=1 context_cnt=0 act_cnt_en=0 wei_cnt_en=0 act_pop_en=0 wei_pop_en=0 psm_start=0 shift_done=0 done=0 cscnt_q=0 pop_shim_q2=0 cdone_q=0 o_cswitch_done_val=0 o_cdone_val=0
[CTRL DEBUG] cycle=11000 state=0 start=0 incntlim=96 act_reps=64 wei_reps=64 ncontexts=1 context_cnt=0 act_cnt_en=0 wei_cnt_en=0 act_pop_en=0 wei_pop_en=0 psm_start=0 shift_done=0 done=0 cscnt_q=0 pop_shim_q2=0 cdone_q=0 o_cswitch_done_val=0 o_cdone_val=0
[CTRL DEBUG] cycle=11000 state=0 start=0 incntlim=96 act_reps=64 wei_reps=64 ncontexts=1 context_cnt=0 act_cnt_en=0 wei_cnt_en=0 act_pop_en=0 wei_pop_en=0 psm_start=0 shift_done=0 done=0 cscnt_q=0 pop_shim_q2=0 cdone_q=0 o_cswitch_done_val=0 o_cdone_val=0
[CTRL DEBUG] cycle=11500 state=0 start=0 incntlim=96 act_reps=64 wei_reps=64 ncontexts=1 context_cnt=0 act_cnt_en=0 wei_cnt_en=0 act_pop_en=0 wei_pop_en=0 psm_start=0 shift_done=0 done=0 cscnt_q=0 pop_shim_q2=0 cdone_q=0 o_cswitch_done_val=0 o_cdone_val=0
[CTRL DEBUG] cycle=11500 state=0 start=0 incntlim=96 act_reps=64 wei_reps=64 ncontexts=1 context_cnt=0 act_cnt_en=0 wei_cnt_en=0 act_pop_en=0 wei_pop_en=0 psm_start=0 shift_done=0 done=0 cscnt_q=0 pop_shim_q2=0 cdone_q=0 o_cswitch_done_val=0 o_cdone_val=0
[CTRL DEBUG] cycle=11500 state=0 start=0 incntlim=96 act_reps=64 wei_reps=64 ncontexts=1 context_cnt=0 act_cnt_en=0 wei_cnt_en=0 act_pop_en=0 wei_pop_en=0 psm_start=0 shift_done=0 done=0 cscnt_q=0 pop_shim_q2=0 cdone_q=0 o_cswitch_done_val=0 o_cdone_val=0
[CTRL DEBUG] cycle=11500 state=0 start=0 incntlim=96 act_reps=64 wei_reps=64 ncontexts=1 context_cnt=0 act_cnt_en=0 wei_cnt_en=0 act_pop_en=0 wei_pop_en=0 psm_start=0 shift_done=0 done=0 cscnt_q=0 pop_shim_q2=0 cdone_q=0 o_cswitch_done_val=0 o_cdone_val=0
[CTRL DEBUG] cycle=11500 state=0 start=0 incntlim=96 act_reps=64 wei_reps=64 ncontexts=1 context_cnt=0 act_cnt_en=0 wei_cnt_en=0 act_pop_en=0 wei_pop_en=0 psm_start=0 shift_done=0 done=0 cscnt_q=0 pop_shim_q2=0 cdone_q=0 o_cswitch_done_val=0 o_cdone_val=0
[CTRL DEBUG] cycle=11500 state=0 start=0 incntlim=96 act_reps=64 wei_reps=64 ncontexts=1 context_cnt=0 act_cnt_en=0 wei_cnt_en=0 act_pop_en=0 wei_pop_en=0 psm_start=0 shift_done=0 done=0 cscnt_q=0 pop_shim_q2=0 cdone_q=0 o_cswitch_done_val=0 o_cdone_val=0
[CTRL DEBUG] cycle=12000 state=0 start=0 incntlim=96 act_reps=64 wei_reps=64 ncontexts=1 context_cnt=0 act_cnt_en=0 wei_cnt_en=0 act_pop_en=0 wei_pop_en=0 psm_start=0 shift_done=0 done=0 cscnt_q=0 pop_shim_q2=0 cdone_q=0 o_cswitch_done_val=0 o_cdone_val=0
[CTRL DEBUG] cycle=12000 state=0 start=0 incntlim=96 act_reps=64 wei_reps=64 ncontexts=1 context_cnt=0 act_cnt_en=0 wei_cnt_en=0 act_pop_en=0 wei_pop_en=0 psm_start=0 shift_done=0 done=0 cscnt_q=0 pop_shim_q2=0 cdone_q=0 o_cswitch_done_val=0 o_cdone_val=0
[CTRL DEBUG] cycle=12000 state=0 start=0 incntlim=96 act_reps=64 wei_reps=64 ncontexts=1 context_cnt=0 act_cnt_en=0 wei_cnt_en=0 act_pop_en=0 wei_pop_en=0 psm_start=0 shift_done=0 done=0 cscnt_q=0 pop_shim_q2=0 cdone_q=0 o_cswitch_done_val=0 o_cdone_val=0
[CTRL DEBUG] cycle=12000 state=0 start=0 incntlim=96 act_reps=64 wei_reps=64 ncontexts=1 context_cnt=0 act_cnt_en=0 wei_cnt_en=0 act_pop_en=0 wei_pop_en=0 psm_start=0 shift_done=0 done=0 cscnt_q=0 pop_shim_q2=0 cdone_q=0 o_cswitch_done_val=0 o_cdone_val=0
[CTRL DEBUG] cycle=12000 state=0 start=0 incntlim=96 act_reps=64 wei_reps=64 ncontexts=1 context_cnt=0 act_cnt_en=0 wei_cnt_en=0 act_pop_en=0 wei_pop_en=0 psm_start=0 shift_done=0 done=0 cscnt_q=0 pop_shim_q2=0 cdone_q=0 o_cswitch_done_val=0 o_cdone_val=0
[CTRL DEBUG] cycle=12000 state=0 start=0 incntlim=96 act_reps=64 wei_reps=64 ncontexts=1 context_cnt=0 act_cnt_en=0 wei_cnt_en=0 act_pop_en=0 wei_pop_en=0 psm_start=0 shift_done=0 done=0 cscnt_q=0 pop_shim_q2=0 cdone_q=0 o_cswitch_done_val=0 o_cdone_val=0
[CTRL DEBUG] cycle=12500 state=0 start=0 incntlim=96 act_reps=64 wei_reps=64 ncontexts=1 context_cnt=0 act_cnt_en=0 wei_cnt_en=0 act_pop_en=0 wei_pop_en=0 psm_start=0 shift_done=0 done=0 cscnt_q=0 pop_shim_q2=0 cdone_q=0 o_cswitch_done_val=0 o_cdone_val=0
[CTRL DEBUG] cycle=12500 state=0 start=0 incntlim=96 act_reps=64 wei_reps=64 ncontexts=1 context_cnt=0 act_cnt_en=0 wei_cnt_en=0 act_pop_en=0 wei_pop_en=0 psm_start=0 shift_done=0 done=0 cscnt_q=0 pop_shim_q2=0 cdone_q=0 o_cswitch_done_val=0 o_cdone_val=0
[CTRL DEBUG] cycle=12500 state=0 start=0 incntlim=96 act_reps=64 wei_reps=64 ncontexts=1 context_cnt=0 act_cnt_en=0 wei_cnt_en=0 act_pop_en=0 wei_pop_en=0 psm_start=0 shift_done=0 done=0 cscnt_q=0 pop_shim_q2=0 cdone_q=0 o_cswitch_done_val=0 o_cdone_val=0
[CTRL DEBUG] cycle=12500 state=0 start=0 incntlim=96 act_reps=64 wei_reps=64 ncontexts=1 context_cnt=0 act_cnt_en=0 wei_cnt_en=0 act_pop_en=0 wei_pop_en=0 psm_start=0 shift_done=0 done=0 cscnt_q=0 pop_shim_q2=0 cdone_q=0 o_cswitch_done_val=0 o_cdone_val=0
[CTRL DEBUG] cycle=12500 state=0 start=0 incntlim=96 act_reps=64 wei_reps=64 ncontexts=1 context_cnt=0 act_cnt_en=0 wei_cnt_en=0 act_pop_en=0 wei_pop_en=0 psm_start=0 shift_done=0 done=0 cscnt_q=0 pop_shim_q2=0 cdone_q=0 o_cswitch_done_val=0 o_cdone_val=0
[CTRL DEBUG] cycle=12500 state=0 start=0 incntlim=96 act_reps=64 wei_reps=64 ncontexts=1 context_cnt=0 act_cnt_en=0 wei_cnt_en=0 act_pop_en=0 wei_pop_en=0 psm_start=0 shift_done=0 done=0 cscnt_q=0 pop_shim_q2=0 cdone_q=0 o_cswitch_done_val=0 o_cdone_val=0
[CTRL DEBUG] cycle=13000 state=0 start=0 incntlim=96 act_reps=64 wei_reps=64 ncontexts=1 context_cnt=0 act_cnt_en=0 wei_cnt_en=0 act_pop_en=0 wei_pop_en=0 psm_start=0 shift_done=0 done=0 cscnt_q=0 pop_shim_q2=0 cdone_q=0 o_cswitch_done_val=0 o_cdone_val=0
[CTRL DEBUG] cycle=13000 state=0 start=0 incntlim=96 act_reps=64 wei_reps=64 ncontexts=1 context_cnt=0 act_cnt_en=0 wei_cnt_en=0 act_pop_en=0 wei_pop_en=0 psm_start=0 shift_done=0 done=0 cscnt_q=0 pop_shim_q2=0 cdone_q=0 o_cswitch_done_val=0 o_cdone_val=0
[CTRL DEBUG] cycle=13000 state=0 start=0 incntlim=96 act_reps=64 wei_reps=64 ncontexts=1 context_cnt=0 act_cnt_en=0 wei_cnt_en=0 act_pop_en=0 wei_pop_en=0 psm_start=0 shift_done=0 done=0 cscnt_q=0 pop_shim_q2=0 cdone_q=0 o_cswitch_done_val=0 o_cdone_val=0
[CTRL DEBUG] cycle=13000 state=0 start=0 incntlim=96 act_reps=64 wei_reps=64 ncontexts=1 context_cnt=0 act_cnt_en=0 wei_cnt_en=0 act_pop_en=0 wei_pop_en=0 psm_start=0 shift_done=0 done=0 cscnt_q=0 pop_shim_q2=0 cdone_q=0 o_cswitch_done_val=0 o_cdone_val=0
[CTRL DEBUG] cycle=13000 state=0 start=0 incntlim=96 act_reps=64 wei_reps=64 ncontexts=1 context_cnt=0 act_cnt_en=0 wei_cnt_en=0 act_pop_en=0 wei_pop_en=0 psm_start=0 shift_done=0 done=0 cscnt_q=0 pop_shim_q2=0 cdone_q=0 o_cswitch_done_val=0 o_cdone_val=0
[CTRL DEBUG] cycle=13000 state=0 start=0 incntlim=96 act_reps=64 wei_reps=64 ncontexts=1 context_cnt=0 act_cnt_en=0 wei_cnt_en=0 act_pop_en=0 wei_pop_en=0 psm_start=0 shift_done=0 done=0 cscnt_q=0 pop_shim_q2=0 cdone_q=0 o_cswitch_done_val=0 o_cdone_val=0
[CTRL DEBUG] cycle=13500 state=0 start=0 incntlim=96 act_reps=64 wei_reps=64 ncontexts=1 context_cnt=0 act_cnt_en=0 wei_cnt_en=0 act_pop_en=0 wei_pop_en=0 psm_start=0 shift_done=0 done=0 cscnt_q=0 pop_shim_q2=0 cdone_q=0 o_cswitch_done_val=0 o_cdone_val=0
[CTRL DEBUG] cycle=13500 state=0 start=0 incntlim=96 act_reps=64 wei_reps=64 ncontexts=1 context_cnt=0 act_cnt_en=0 wei_cnt_en=0 act_pop_en=0 wei_pop_en=0 psm_start=0 shift_done=0 done=0 cscnt_q=0 pop_shim_q2=0 cdone_q=0 o_cswitch_done_val=0 o_cdone_val=0
[CTRL DEBUG] cycle=13500 state=0 start=0 incntlim=96 act_reps=64 wei_reps=64 ncontexts=1 context_cnt=0 act_cnt_en=0 wei_cnt_en=0 act_pop_en=0 wei_pop_en=0 psm_start=0 shift_done=0 done=0 cscnt_q=0 pop_shim_q2=0 cdone_q=0 o_cswitch_done_val=0 o_cdone_val=0
[CTRL DEBUG] cycle=13500 state=0 start=0 incntlim=96 act_reps=64 wei_reps=64 ncontexts=1 context_cnt=0 act_cnt_en=0 wei_cnt_en=0 act_pop_en=0 wei_pop_en=0 psm_start=0 shift_done=0 done=0 cscnt_q=0 pop_shim_q2=0 cdone_q=0 o_cswitch_done_val=0 o_cdone_val=0
[CTRL DEBUG] cycle=13500 state=0 start=0 incntlim=96 act_reps=64 wei_reps=64 ncontexts=1 context_cnt=0 act_cnt_en=0 wei_cnt_en=0 act_pop_en=0 wei_pop_en=0 psm_start=0 shift_done=0 done=0 cscnt_q=0 pop_shim_q2=0 cdone_q=0 o_cswitch_done_val=0 o_cdone_val=0
[CTRL DEBUG] cycle=13500 state=0 start=0 incntlim=96 act_reps=64 wei_reps=64 ncontexts=1 context_cnt=0 act_cnt_en=0 wei_cnt_en=0 act_pop_en=0 wei_pop_en=0 psm_start=0 shift_done=0 done=0 cscnt_q=0 pop_shim_q2=0 cdone_q=0 o_cswitch_done_val=0 o_cdone_val=0
[CTRL DEBUG] cycle=14000 state=0 start=0 incntlim=96 act_reps=64 wei_reps=64 ncontexts=1 context_cnt=0 act_cnt_en=0 wei_cnt_en=0 act_pop_en=0 wei_pop_en=0 psm_start=0 shift_done=0 done=0 cscnt_q=0 pop_shim_q2=0 cdone_q=0 o_cswitch_done_val=0 o_cdone_val=0
[CTRL DEBUG] cycle=14000 state=0 start=0 incntlim=96 act_reps=64 wei_reps=64 ncontexts=1 context_cnt=0 act_cnt_en=0 wei_cnt_en=0 act_pop_en=0 wei_pop_en=0 psm_start=0 shift_done=0 done=0 cscnt_q=0 pop_shim_q2=0 cdone_q=0 o_cswitch_done_val=0 o_cdone_val=0
[CTRL DEBUG] cycle=14000 state=0 start=0 incntlim=96 act_reps=64 wei_reps=64 ncontexts=1 context_cnt=0 act_cnt_en=0 wei_cnt_en=0 act_pop_en=0 wei_pop_en=0 psm_start=0 shift_done=0 done=0 cscnt_q=0 pop_shim_q2=0 cdone_q=0 o_cswitch_done_val=0 o_cdone_val=0
[CTRL DEBUG] cycle=14000 state=0 start=0 incntlim=96 act_reps=64 wei_reps=64 ncontexts=1 context_cnt=0 act_cnt_en=0 wei_cnt_en=0 act_pop_en=0 wei_pop_en=0 psm_start=0 shift_done=0 done=0 cscnt_q=0 pop_shim_q2=0 cdone_q=0 o_cswitch_done_val=0 o_cdone_val=0
[CTRL DEBUG] cycle=14000 state=0 start=0 incntlim=96 act_reps=64 wei_reps=64 ncontexts=1 context_cnt=0 act_cnt_en=0 wei_cnt_en=0 act_pop_en=0 wei_pop_en=0 psm_start=0 shift_done=0 done=0 cscnt_q=0 pop_shim_q2=0 cdone_q=0 o_cswitch_done_val=0 o_cdone_val=0
[CTRL DEBUG] cycle=14000 state=0 start=0 incntlim=96 act_reps=64 wei_reps=64 ncontexts=1 context_cnt=0 act_cnt_en=0 wei_cnt_en=0 act_pop_en=0 wei_pop_en=0 psm_start=0 shift_done=0 done=0 cscnt_q=0 pop_shim_q2=0 cdone_q=0 o_cswitch_done_val=0 o_cdone_val=0
[CTRL DEBUG] cycle=14500 state=0 start=0 incntlim=96 act_reps=64 wei_reps=64 ncontexts=1 context_cnt=0 act_cnt_en=0 wei_cnt_en=0 act_pop_en=0 wei_pop_en=0 psm_start=0 shift_done=0 done=0 cscnt_q=0 pop_shim_q2=0 cdone_q=0 o_cswitch_done_val=0 o_cdone_val=0
[CTRL DEBUG] cycle=14500 state=0 start=0 incntlim=96 act_reps=64 wei_reps=64 ncontexts=1 context_cnt=0 act_cnt_en=0 wei_cnt_en=0 act_pop_en=0 wei_pop_en=0 psm_start=0 shift_done=0 done=0 cscnt_q=0 pop_shim_q2=0 cdone_q=0 o_cswitch_done_val=0 o_cdone_val=0
[CTRL DEBUG] cycle=14500 state=0 start=0 incntlim=96 act_reps=64 wei_reps=64 ncontexts=1 context_cnt=0 act_cnt_en=0 wei_cnt_en=0 act_pop_en=0 wei_pop_en=0 psm_start=0 shift_done=0 done=0 cscnt_q=0 pop_shim_q2=0 cdone_q=0 o_cswitch_done_val=0 o_cdone_val=0
[CTRL DEBUG] cycle=14500 state=0 start=0 incntlim=96 act_reps=64 wei_reps=64 ncontexts=1 context_cnt=0 act_cnt_en=0 wei_cnt_en=0 act_pop_en=0 wei_pop_en=0 psm_start=0 shift_done=0 done=0 cscnt_q=0 pop_shim_q2=0 cdone_q=0 o_cswitch_done_val=0 o_cdone_val=0
[CTRL DEBUG] cycle=14500 state=0 start=0 incntlim=96 act_reps=64 wei_reps=64 ncontexts=1 context_cnt=0 act_cnt_en=0 wei_cnt_en=0 act_pop_en=0 wei_pop_en=0 psm_start=0 shift_done=0 done=0 cscnt_q=0 pop_shim_q2=0 cdone_q=0 o_cswitch_done_val=0 o_cdone_val=0
[CTRL DEBUG] cycle=14500 state=0 start=0 incntlim=96 act_reps=64 wei_reps=64 ncontexts=1 context_cnt=0 act_cnt_en=0 wei_cnt_en=0 act_pop_en=0 wei_pop_en=0 psm_start=0 shift_done=0 done=0 cscnt_q=0 pop_shim_q2=0 cdone_q=0 o_cswitch_done_val=0 o_cdone_val=0
[CTRL DEBUG] cycle=15000 state=0 start=0 incntlim=96 act_reps=64 wei_reps=64 ncontexts=1 context_cnt=0 act_cnt_en=0 wei_cnt_en=0 act_pop_en=0 wei_pop_en=0 psm_start=0 shift_done=0 done=0 cscnt_q=0 pop_shim_q2=0 cdone_q=0 o_cswitch_done_val=0 o_cdone_val=0
[CTRL DEBUG] cycle=15000 state=0 start=0 incntlim=96 act_reps=64 wei_reps=64 ncontexts=1 context_cnt=0 act_cnt_en=0 wei_cnt_en=0 act_pop_en=0 wei_pop_en=0 psm_start=0 shift_done=0 done=0 cscnt_q=0 pop_shim_q2=0 cdone_q=0 o_cswitch_done_val=0 o_cdone_val=0
[CTRL DEBUG] cycle=15000 state=0 start=0 incntlim=96 act_reps=64 wei_reps=64 ncontexts=1 context_cnt=0 act_cnt_en=0 wei_cnt_en=0 act_pop_en=0 wei_pop_en=0 psm_start=0 shift_done=0 done=0 cscnt_q=0 pop_shim_q2=0 cdone_q=0 o_cswitch_done_val=0 o_cdone_val=0
[CTRL DEBUG] cycle=15000 state=0 start=0 incntlim=96 act_reps=64 wei_reps=64 ncontexts=1 context_cnt=0 act_cnt_en=0 wei_cnt_en=0 act_pop_en=0 wei_pop_en=0 psm_start=0 shift_done=0 done=0 cscnt_q=0 pop_shim_q2=0 cdone_q=0 o_cswitch_done_val=0 o_cdone_val=0
[CTRL DEBUG] cycle=15000 state=0 start=0 incntlim=96 act_reps=64 wei_reps=64 ncontexts=1 context_cnt=0 act_cnt_en=0 wei_cnt_en=0 act_pop_en=0 wei_pop_en=0 psm_start=0 shift_done=0 done=0 cscnt_q=0 pop_shim_q2=0 cdone_q=0 o_cswitch_done_val=0 o_cdone_val=0
[CTRL DEBUG] cycle=15000 state=0 start=0 incntlim=96 act_reps=64 wei_reps=64 ncontexts=1 context_cnt=0 act_cnt_en=0 wei_cnt_en=0 act_pop_en=0 wei_pop_en=0 psm_start=0 shift_done=0 done=0 cscnt_q=0 pop_shim_q2=0 cdone_q=0 o_cswitch_done_val=0 o_cdone_val=0
[CTRL DEBUG] cycle=15500 state=0 start=0 incntlim=96 act_reps=64 wei_reps=64 ncontexts=1 context_cnt=0 act_cnt_en=0 wei_cnt_en=0 act_pop_en=0 wei_pop_en=0 psm_start=0 shift_done=0 done=0 cscnt_q=0 pop_shim_q2=0 cdone_q=0 o_cswitch_done_val=0 o_cdone_val=0
[CTRL DEBUG] cycle=15500 state=0 start=0 incntlim=96 act_reps=64 wei_reps=64 ncontexts=1 context_cnt=0 act_cnt_en=0 wei_cnt_en=0 act_pop_en=0 wei_pop_en=0 psm_start=0 shift_done=0 done=0 cscnt_q=0 pop_shim_q2=0 cdone_q=0 o_cswitch_done_val=0 o_cdone_val=0
[CTRL DEBUG] cycle=15500 state=0 start=0 incntlim=96 act_reps=64 wei_reps=64 ncontexts=1 context_cnt=0 act_cnt_en=0 wei_cnt_en=0 act_pop_en=0 wei_pop_en=0 psm_start=0 shift_done=0 done=0 cscnt_q=0 pop_shim_q2=0 cdone_q=0 o_cswitch_done_val=0 o_cdone_val=0
[CTRL DEBUG] cycle=15500 state=0 start=0 incntlim=96 act_reps=64 wei_reps=64 ncontexts=1 context_cnt=0 act_cnt_en=0 wei_cnt_en=0 act_pop_en=0 wei_pop_en=0 psm_start=0 shift_done=0 done=0 cscnt_q=0 pop_shim_q2=0 cdone_q=0 o_cswitch_done_val=0 o_cdone_val=0
[CTRL DEBUG] cycle=15500 state=0 start=0 incntlim=96 act_reps=64 wei_reps=64 ncontexts=1 context_cnt=0 act_cnt_en=0 wei_cnt_en=0 act_pop_en=0 wei_pop_en=0 psm_start=0 shift_done=0 done=0 cscnt_q=0 pop_shim_q2=0 cdone_q=0 o_cswitch_done_val=0 o_cdone_val=0
[CTRL DEBUG] cycle=15500 state=0 start=0 incntlim=96 act_reps=64 wei_reps=64 ncontexts=1 context_cnt=0 act_cnt_en=0 wei_cnt_en=0 act_pop_en=0 wei_pop_en=0 psm_start=0 shift_done=0 done=0 cscnt_q=0 pop_shim_q2=0 cdone_q=0 o_cswitch_done_val=0 o_cdone_val=0
[CTRL DEBUG] cycle=16000 state=0 start=0 incntlim=96 act_reps=64 wei_reps=64 ncontexts=1 context_cnt=0 act_cnt_en=0 wei_cnt_en=0 act_pop_en=0 wei_pop_en=0 psm_start=0 shift_done=0 done=0 cscnt_q=0 pop_shim_q2=0 cdone_q=0 o_cswitch_done_val=0 o_cdone_val=0
[CTRL DEBUG] cycle=16000 state=0 start=0 incntlim=96 act_reps=64 wei_reps=64 ncontexts=1 context_cnt=0 act_cnt_en=0 wei_cnt_en=0 act_pop_en=0 wei_pop_en=0 psm_start=0 shift_done=0 done=0 cscnt_q=0 pop_shim_q2=0 cdone_q=0 o_cswitch_done_val=0 o_cdone_val=0
[CTRL DEBUG] cycle=16000 state=0 start=0 incntlim=96 act_reps=64 wei_reps=64 ncontexts=1 context_cnt=0 act_cnt_en=0 wei_cnt_en=0 act_pop_en=0 wei_pop_en=0 psm_start=0 shift_done=0 done=0 cscnt_q=0 pop_shim_q2=0 cdone_q=0 o_cswitch_done_val=0 o_cdone_val=0
[CTRL DEBUG] cycle=16000 state=0 start=0 incntlim=96 act_reps=64 wei_reps=64 ncontexts=1 context_cnt=0 act_cnt_en=0 wei_cnt_en=0 act_pop_en=0 wei_pop_en=0 psm_start=0 shift_done=0 done=0 cscnt_q=0 pop_shim_q2=0 cdone_q=0 o_cswitch_done_val=0 o_cdone_val=0
[CTRL DEBUG] cycle=16000 state=0 start=0 incntlim=96 act_reps=64 wei_reps=64 ncontexts=1 context_cnt=0 act_cnt_en=0 wei_cnt_en=0 act_pop_en=0 wei_pop_en=0 psm_start=0 shift_done=0 done=0 cscnt_q=0 pop_shim_q2=0 cdone_q=0 o_cswitch_done_val=0 o_cdone_val=0
[CTRL DEBUG] cycle=16000 state=0 start=0 incntlim=96 act_reps=64 wei_reps=64 ncontexts=1 context_cnt=0 act_cnt_en=0 wei_cnt_en=0 act_pop_en=0 wei_pop_en=0 psm_start=0 shift_done=0 done=0 cscnt_q=0 pop_shim_q2=0 cdone_q=0 o_cswitch_done_val=0 o_cdone_val=0
[CTRL DEBUG] cycle=16500 state=0 start=0 incntlim=96 act_reps=64 wei_reps=64 ncontexts=1 context_cnt=0 act_cnt_en=0 wei_cnt_en=0 act_pop_en=0 wei_pop_en=0 psm_start=0 shift_done=0 done=0 cscnt_q=0 pop_shim_q2=0 cdone_q=0 o_cswitch_done_val=0 o_cdone_val=0
[CTRL DEBUG] cycle=16500 state=0 start=0 incntlim=96 act_reps=64 wei_reps=64 ncontexts=1 context_cnt=0 act_cnt_en=0 wei_cnt_en=0 act_pop_en=0 wei_pop_en=0 psm_start=0 shift_done=0 done=0 cscnt_q=0 pop_shim_q2=0 cdone_q=0 o_cswitch_done_val=0 o_cdone_val=0
[CTRL DEBUG] cycle=16500 state=0 start=0 incntlim=96 act_reps=64 wei_reps=64 ncontexts=1 context_cnt=0 act_cnt_en=0 wei_cnt_en=0 act_pop_en=0 wei_pop_en=0 psm_start=0 shift_done=0 done=0 cscnt_q=0 pop_shim_q2=0 cdone_q=0 o_cswitch_done_val=0 o_cdone_val=0
[CTRL DEBUG] cycle=16500 state=0 start=0 incntlim=96 act_reps=64 wei_reps=64 ncontexts=1 context_cnt=0 act_cnt_en=0 wei_cnt_en=0 act_pop_en=0 wei_pop_en=0 psm_start=0 shift_done=0 done=0 cscnt_q=0 pop_shim_q2=0 cdone_q=0 o_cswitch_done_val=0 o_cdone_val=0
[CTRL DEBUG] cycle=16500 state=0 start=0 incntlim=96 act_reps=64 wei_reps=64 ncontexts=1 context_cnt=0 act_cnt_en=0 wei_cnt_en=0 act_pop_en=0 wei_pop_en=0 psm_start=0 shift_done=0 done=0 cscnt_q=0 pop_shim_q2=0 cdone_q=0 o_cswitch_done_val=0 o_cdone_val=0
[CTRL DEBUG] cycle=16500 state=0 start=0 incntlim=96 act_reps=64 wei_reps=64 ncontexts=1 context_cnt=0 act_cnt_en=0 wei_cnt_en=0 act_pop_en=0 wei_pop_en=0 psm_start=0 shift_done=0 done=0 cscnt_q=0 pop_shim_q2=0 cdone_q=0 o_cswitch_done_val=0 o_cdone_val=0
[CTRL DEBUG] cycle=17000 state=0 start=0 incntlim=96 act_reps=64 wei_reps=64 ncontexts=1 context_cnt=0 act_cnt_en=0 wei_cnt_en=0 act_pop_en=0 wei_pop_en=0 psm_start=0 shift_done=0 done=0 cscnt_q=0 pop_shim_q2=0 cdone_q=0 o_cswitch_done_val=0 o_cdone_val=0
[CTRL DEBUG] cycle=17000 state=0 start=0 incntlim=96 act_reps=64 wei_reps=64 ncontexts=1 context_cnt=0 act_cnt_en=0 wei_cnt_en=0 act_pop_en=0 wei_pop_en=0 psm_start=0 shift_done=0 done=0 cscnt_q=0 pop_shim_q2=0 cdone_q=0 o_cswitch_done_val=0 o_cdone_val=0
[CTRL DEBUG] cycle=17000 state=0 start=0 incntlim=96 act_reps=64 wei_reps=64 ncontexts=1 context_cnt=0 act_cnt_en=0 wei_cnt_en=0 act_pop_en=0 wei_pop_en=0 psm_start=0 shift_done=0 done=0 cscnt_q=0 pop_shim_q2=0 cdone_q=0 o_cswitch_done_val=0 o_cdone_val=0
[CTRL DEBUG] cycle=17000 state=0 start=0 incntlim=96 act_reps=64 wei_reps=64 ncontexts=1 context_cnt=0 act_cnt_en=0 wei_cnt_en=0 act_pop_en=0 wei_pop_en=0 psm_start=0 shift_done=0 done=0 cscnt_q=0 pop_shim_q2=0 cdone_q=0 o_cswitch_done_val=0 o_cdone_val=0
[CTRL DEBUG] cycle=17000 state=0 start=0 incntlim=96 act_reps=64 wei_reps=64 ncontexts=1 context_cnt=0 act_cnt_en=0 wei_cnt_en=0 act_pop_en=0 wei_pop_en=0 psm_start=0 shift_done=0 done=0 cscnt_q=0 pop_shim_q2=0 cdone_q=0 o_cswitch_done_val=0 o_cdone_val=0
[CTRL DEBUG] cycle=17000 state=0 start=0 incntlim=96 act_reps=64 wei_reps=64 ncontexts=1 context_cnt=0 act_cnt_en=0 wei_cnt_en=0 act_pop_en=0 wei_pop_en=0 psm_start=0 shift_done=0 done=0 cscnt_q=0 pop_shim_q2=0 cdone_q=0 o_cswitch_done_val=0 o_cdone_val=0
[CTRL DEBUG] cycle=17500 state=0 start=0 incntlim=96 act_reps=64 wei_reps=64 ncontexts=1 context_cnt=0 act_cnt_en=0 wei_cnt_en=0 act_pop_en=0 wei_pop_en=0 psm_start=0 shift_done=0 done=0 cscnt_q=0 pop_shim_q2=0 cdone_q=0 o_cswitch_done_val=0 o_cdone_val=0
[CTRL DEBUG] cycle=17500 state=0 start=0 incntlim=96 act_reps=64 wei_reps=64 ncontexts=1 context_cnt=0 act_cnt_en=0 wei_cnt_en=0 act_pop_en=0 wei_pop_en=0 psm_start=0 shift_done=0 done=0 cscnt_q=0 pop_shim_q2=0 cdone_q=0 o_cswitch_done_val=0 o_cdone_val=0
[CTRL DEBUG] cycle=17500 state=0 start=0 incntlim=96 act_reps=64 wei_reps=64 ncontexts=1 context_cnt=0 act_cnt_en=0 wei_cnt_en=0 act_pop_en=0 wei_pop_en=0 psm_start=0 shift_done=0 done=0 cscnt_q=0 pop_shim_q2=0 cdone_q=0 o_cswitch_done_val=0 o_cdone_val=0
[CTRL DEBUG] cycle=17500 state=0 start=0 incntlim=96 act_reps=64 wei_reps=64 ncontexts=1 context_cnt=0 act_cnt_en=0 wei_cnt_en=0 act_pop_en=0 wei_pop_en=0 psm_start=0 shift_done=0 done=0 cscnt_q=0 pop_shim_q2=0 cdone_q=0 o_cswitch_done_val=0 o_cdone_val=0
[CTRL DEBUG] cycle=17500 state=0 start=0 incntlim=96 act_reps=64 wei_reps=64 ncontexts=1 context_cnt=0 act_cnt_en=0 wei_cnt_en=0 act_pop_en=0 wei_pop_en=0 psm_start=0 shift_done=0 done=0 cscnt_q=0 pop_shim_q2=0 cdone_q=0 o_cswitch_done_val=0 o_cdone_val=0
[CTRL DEBUG] cycle=17500 state=0 start=0 incntlim=96 act_reps=64 wei_reps=64 ncontexts=1 context_cnt=0 act_cnt_en=0 wei_cnt_en=0 act_pop_en=0 wei_pop_en=0 psm_start=0 shift_done=0 done=0 cscnt_q=0 pop_shim_q2=0 cdone_q=0 o_cswitch_done_val=0 o_cdone_val=0
[CTRL DEBUG] cycle=18000 state=0 start=0 incntlim=96 act_reps=64 wei_reps=64 ncontexts=1 context_cnt=0 act_cnt_en=0 wei_cnt_en=0 act_pop_en=0 wei_pop_en=0 psm_start=0 shift_done=0 done=0 cscnt_q=0 pop_shim_q2=0 cdone_q=0 o_cswitch_done_val=0 o_cdone_val=0
[CTRL DEBUG] cycle=18000 state=0 start=0 incntlim=96 act_reps=64 wei_reps=64 ncontexts=1 context_cnt=0 act_cnt_en=0 wei_cnt_en=0 act_pop_en=0 wei_pop_en=0 psm_start=0 shift_done=0 done=0 cscnt_q=0 pop_shim_q2=0 cdone_q=0 o_cswitch_done_val=0 o_cdone_val=0
[CTRL DEBUG] cycle=18000 state=0 start=0 incntlim=96 act_reps=64 wei_reps=64 ncontexts=1 context_cnt=0 act_cnt_en=0 wei_cnt_en=0 act_pop_en=0 wei_pop_en=0 psm_start=0 shift_done=0 done=0 cscnt_q=0 pop_shim_q2=0 cdone_q=0 o_cswitch_done_val=0 o_cdone_val=0
[CTRL DEBUG] cycle=18000 state=0 start=0 incntlim=96 act_reps=64 wei_reps=64 ncontexts=1 context_cnt=0 act_cnt_en=0 wei_cnt_en=0 act_pop_en=0 wei_pop_en=0 psm_start=0 shift_done=0 done=0 cscnt_q=0 pop_shim_q2=0 cdone_q=0 o_cswitch_done_val=0 o_cdone_val=0
[CTRL DEBUG] cycle=18000 state=0 start=0 incntlim=96 act_reps=64 wei_reps=64 ncontexts=1 context_cnt=0 act_cnt_en=0 wei_cnt_en=0 act_pop_en=0 wei_pop_en=0 psm_start=0 shift_done=0 done=0 cscnt_q=0 pop_shim_q2=0 cdone_q=0 o_cswitch_done_val=0 o_cdone_val=0
[CTRL DEBUG] cycle=18000 state=0 start=0 incntlim=96 act_reps=64 wei_reps=64 ncontexts=1 context_cnt=0 act_cnt_en=0 wei_cnt_en=0 act_pop_en=0 wei_pop_en=0 psm_start=0 shift_done=0 done=0 cscnt_q=0 pop_shim_q2=0 cdone_q=0 o_cswitch_done_val=0 o_cdone_val=0
[CTRL DEBUG] cycle=18500 state=0 start=0 incntlim=96 act_reps=64 wei_reps=64 ncontexts=1 context_cnt=0 act_cnt_en=0 wei_cnt_en=0 act_pop_en=0 wei_pop_en=0 psm_start=0 shift_done=0 done=0 cscnt_q=0 pop_shim_q2=0 cdone_q=0 o_cswitch_done_val=0 o_cdone_val=0
[CTRL DEBUG] cycle=18500 state=0 start=0 incntlim=96 act_reps=64 wei_reps=64 ncontexts=1 context_cnt=0 act_cnt_en=0 wei_cnt_en=0 act_pop_en=0 wei_pop_en=0 psm_start=0 shift_done=0 done=0 cscnt_q=0 pop_shim_q2=0 cdone_q=0 o_cswitch_done_val=0 o_cdone_val=0
[CTRL DEBUG] cycle=18500 state=0 start=0 incntlim=96 act_reps=64 wei_reps=64 ncontexts=1 context_cnt=0 act_cnt_en=0 wei_cnt_en=0 act_pop_en=0 wei_pop_en=0 psm_start=0 shift_done=0 done=0 cscnt_q=0 pop_shim_q2=0 cdone_q=0 o_cswitch_done_val=0 o_cdone_val=0
[CTRL DEBUG] cycle=18500 state=0 start=0 incntlim=96 act_reps=64 wei_reps=64 ncontexts=1 context_cnt=0 act_cnt_en=0 wei_cnt_en=0 act_pop_en=0 wei_pop_en=0 psm_start=0 shift_done=0 done=0 cscnt_q=0 pop_shim_q2=0 cdone_q=0 o_cswitch_done_val=0 o_cdone_val=0
[CTRL DEBUG] cycle=18500 state=0 start=0 incntlim=96 act_reps=64 wei_reps=64 ncontexts=1 context_cnt=0 act_cnt_en=0 wei_cnt_en=0 act_pop_en=0 wei_pop_en=0 psm_start=0 shift_done=0 done=0 cscnt_q=0 pop_shim_q2=0 cdone_q=0 o_cswitch_done_val=0 o_cdone_val=0
[CTRL DEBUG] cycle=18500 state=0 start=0 incntlim=96 act_reps=64 wei_reps=64 ncontexts=1 context_cnt=0 act_cnt_en=0 wei_cnt_en=0 act_pop_en=0 wei_pop_en=0 psm_start=0 shift_done=0 done=0 cscnt_q=0 pop_shim_q2=0 cdone_q=0 o_cswitch_done_val=0 o_cdone_val=0
[CTRL DEBUG] cycle=19000 state=0 start=0 incntlim=96 act_reps=64 wei_reps=64 ncontexts=1 context_cnt=0 act_cnt_en=0 wei_cnt_en=0 act_pop_en=0 wei_pop_en=0 psm_start=0 shift_done=0 done=0 cscnt_q=0 pop_shim_q2=0 cdone_q=0 o_cswitch_done_val=0 o_cdone_val=0
[CTRL DEBUG] cycle=19000 state=0 start=0 incntlim=96 act_reps=64 wei_reps=64 ncontexts=1 context_cnt=0 act_cnt_en=0 wei_cnt_en=0 act_pop_en=0 wei_pop_en=0 psm_start=0 shift_done=0 done=0 cscnt_q=0 pop_shim_q2=0 cdone_q=0 o_cswitch_done_val=0 o_cdone_val=0
[CTRL DEBUG] cycle=19000 state=0 start=0 incntlim=96 act_reps=64 wei_reps=64 ncontexts=1 context_cnt=0 act_cnt_en=0 wei_cnt_en=0 act_pop_en=0 wei_pop_en=0 psm_start=0 shift_done=0 done=0 cscnt_q=0 pop_shim_q2=0 cdone_q=0 o_cswitch_done_val=0 o_cdone_val=0
[CTRL DEBUG] cycle=19000 state=0 start=0 incntlim=96 act_reps=64 wei_reps=64 ncontexts=1 context_cnt=0 act_cnt_en=0 wei_cnt_en=0 act_pop_en=0 wei_pop_en=0 psm_start=0 shift_done=0 done=0 cscnt_q=0 pop_shim_q2=0 cdone_q=0 o_cswitch_done_val=0 o_cdone_val=0
[CTRL DEBUG] cycle=19000 state=0 start=0 incntlim=96 act_reps=64 wei_reps=64 ncontexts=1 context_cnt=0 act_cnt_en=0 wei_cnt_en=0 act_pop_en=0 wei_pop_en=0 psm_start=0 shift_done=0 done=0 cscnt_q=0 pop_shim_q2=0 cdone_q=0 o_cswitch_done_val=0 o_cdone_val=0
[CTRL DEBUG] cycle=19000 state=0 start=0 incntlim=96 act_reps=64 wei_reps=64 ncontexts=1 context_cnt=0 act_cnt_en=0 wei_cnt_en=0 act_pop_en=0 wei_pop_en=0 psm_start=0 shift_done=0 done=0 cscnt_q=0 pop_shim_q2=0 cdone_q=0 o_cswitch_done_val=0 o_cdone_val=0
[CTRL DEBUG] cycle=19500 state=0 start=0 incntlim=96 act_reps=64 wei_reps=64 ncontexts=1 context_cnt=0 act_cnt_en=0 wei_cnt_en=0 act_pop_en=0 wei_pop_en=0 psm_start=0 shift_done=0 done=0 cscnt_q=0 pop_shim_q2=0 cdone_q=0 o_cswitch_done_val=0 o_cdone_val=0
[CTRL DEBUG] cycle=19500 state=0 start=0 incntlim=96 act_reps=64 wei_reps=64 ncontexts=1 context_cnt=0 act_cnt_en=0 wei_cnt_en=0 act_pop_en=0 wei_pop_en=0 psm_start=0 shift_done=0 done=0 cscnt_q=0 pop_shim_q2=0 cdone_q=0 o_cswitch_done_val=0 o_cdone_val=0
[CTRL DEBUG] cycle=19500 state=0 start=0 incntlim=96 act_reps=64 wei_reps=64 ncontexts=1 context_cnt=0 act_cnt_en=0 wei_cnt_en=0 act_pop_en=0 wei_pop_en=0 psm_start=0 shift_done=0 done=0 cscnt_q=0 pop_shim_q2=0 cdone_q=0 o_cswitch_done_val=0 o_cdone_val=0
[CTRL DEBUG] cycle=19500 state=0 start=0 incntlim=96 act_reps=64 wei_reps=64 ncontexts=1 context_cnt=0 act_cnt_en=0 wei_cnt_en=0 act_pop_en=0 wei_pop_en=0 psm_start=0 shift_done=0 done=0 cscnt_q=0 pop_shim_q2=0 cdone_q=0 o_cswitch_done_val=0 o_cdone_val=0
[CTRL DEBUG] cycle=19500 state=0 start=0 incntlim=96 act_reps=64 wei_reps=64 ncontexts=1 context_cnt=0 act_cnt_en=0 wei_cnt_en=0 act_pop_en=0 wei_pop_en=0 psm_start=0 shift_done=0 done=0 cscnt_q=0 pop_shim_q2=0 cdone_q=0 o_cswitch_done_val=0 o_cdone_val=0
[CTRL DEBUG] cycle=19500 state=0 start=0 incntlim=96 act_reps=64 wei_reps=64 ncontexts=1 context_cnt=0 act_cnt_en=0 wei_cnt_en=0 act_pop_en=0 wei_pop_en=0 psm_start=0 shift_done=0 done=0 cscnt_q=0 pop_shim_q2=0 cdone_q=0 o_cswitch_done_val=0 o_cdone_val=0
[CTRL DEBUG] cycle=20000 state=0 start=0 incntlim=96 act_reps=64 wei_reps=64 ncontexts=1 context_cnt=0 act_cnt_en=0 wei_cnt_en=0 act_pop_en=0 wei_pop_en=0 psm_start=0 shift_done=0 done=0 cscnt_q=0 pop_shim_q2=0 cdone_q=0 o_cswitch_done_val=0 o_cdone_val=0
[CTRL DEBUG] cycle=20000 state=0 start=0 incntlim=96 act_reps=64 wei_reps=64 ncontexts=1 context_cnt=0 act_cnt_en=0 wei_cnt_en=0 act_pop_en=0 wei_pop_en=0 psm_start=0 shift_done=0 done=0 cscnt_q=0 pop_shim_q2=0 cdone_q=0 o_cswitch_done_val=0 o_cdone_val=0
[CTRL DEBUG] cycle=20000 state=0 start=0 incntlim=96 act_reps=64 wei_reps=64 ncontexts=1 context_cnt=0 act_cnt_en=0 wei_cnt_en=0 act_pop_en=0 wei_pop_en=0 psm_start=0 shift_done=0 done=0 cscnt_q=0 pop_shim_q2=0 cdone_q=0 o_cswitch_done_val=0 o_cdone_val=0
[CTRL DEBUG] cycle=20000 state=0 start=0 incntlim=96 act_reps=64 wei_reps=64 ncontexts=1 context_cnt=0 act_cnt_en=0 wei_cnt_en=0 act_pop_en=0 wei_pop_en=0 psm_start=0 shift_done=0 done=0 cscnt_q=0 pop_shim_q2=0 cdone_q=0 o_cswitch_done_val=0 o_cdone_val=0
[CTRL DEBUG] cycle=20000 state=0 start=0 incntlim=96 act_reps=64 wei_reps=64 ncontexts=1 context_cnt=0 act_cnt_en=0 wei_cnt_en=0 act_pop_en=0 wei_pop_en=0 psm_start=0 shift_done=0 done=0 cscnt_q=0 pop_shim_q2=0 cdone_q=0 o_cswitch_done_val=0 o_cdone_val=0
[CTRL DEBUG] cycle=20000 state=0 start=0 incntlim=96 act_reps=64 wei_reps=64 ncontexts=1 context_cnt=0 act_cnt_en=0 wei_cnt_en=0 act_pop_en=0 wei_pop_en=0 psm_start=0 shift_done=0 done=0 cscnt_q=0 pop_shim_q2=0 cdone_q=0 o_cswitch_done_val=0 o_cdone_val=0
[CTRL DEBUG] cycle=20500 state=0 start=0 incntlim=96 act_reps=64 wei_reps=64 ncontexts=1 context_cnt=0 act_cnt_en=0 wei_cnt_en=0 act_pop_en=0 wei_pop_en=0 psm_start=0 shift_done=0 done=0 cscnt_q=0 pop_shim_q2=0 cdone_q=0 o_cswitch_done_val=0 o_cdone_val=0
[CTRL DEBUG] cycle=20500 state=0 start=0 incntlim=96 act_reps=64 wei_reps=64 ncontexts=1 context_cnt=0 act_cnt_en=0 wei_cnt_en=0 act_pop_en=0 wei_pop_en=0 psm_start=0 shift_done=0 done=0 cscnt_q=0 pop_shim_q2=0 cdone_q=0 o_cswitch_done_val=0 o_cdone_val=0
[CTRL DEBUG] cycle=20500 state=0 start=0 incntlim=96 act_reps=64 wei_reps=64 ncontexts=1 context_cnt=0 act_cnt_en=0 wei_cnt_en=0 act_pop_en=0 wei_pop_en=0 psm_start=0 shift_done=0 done=0 cscnt_q=0 pop_shim_q2=0 cdone_q=0 o_cswitch_done_val=0 o_cdone_val=0
[CTRL DEBUG] cycle=20500 state=0 start=0 incntlim=96 act_reps=64 wei_reps=64 ncontexts=1 context_cnt=0 act_cnt_en=0 wei_cnt_en=0 act_pop_en=0 wei_pop_en=0 psm_start=0 shift_done=0 done=0 cscnt_q=0 pop_shim_q2=0 cdone_q=0 o_cswitch_done_val=0 o_cdone_val=0
[CTRL DEBUG] cycle=20500 state=0 start=0 incntlim=96 act_reps=64 wei_reps=64 ncontexts=1 context_cnt=0 act_cnt_en=0 wei_cnt_en=0 act_pop_en=0 wei_pop_en=0 psm_start=0 shift_done=0 done=0 cscnt_q=0 pop_shim_q2=0 cdone_q=0 o_cswitch_done_val=0 o_cdone_val=0
[CTRL DEBUG] cycle=20500 state=0 start=0 incntlim=96 act_reps=64 wei_reps=64 ncontexts=1 context_cnt=0 act_cnt_en=0 wei_cnt_en=0 act_pop_en=0 wei_pop_en=0 psm_start=0 shift_done=0 done=0 cscnt_q=0 pop_shim_q2=0 cdone_q=0 o_cswitch_done_val=0 o_cdone_val=0
[CTRL DEBUG] cycle=21000 state=0 start=0 incntlim=96 act_reps=64 wei_reps=64 ncontexts=1 context_cnt=0 act_cnt_en=0 wei_cnt_en=0 act_pop_en=0 wei_pop_en=0 psm_start=0 shift_done=0 done=0 cscnt_q=0 pop_shim_q2=0 cdone_q=0 o_cswitch_done_val=0 o_cdone_val=0
[CTRL DEBUG] cycle=21000 state=0 start=0 incntlim=96 act_reps=64 wei_reps=64 ncontexts=1 context_cnt=0 act_cnt_en=0 wei_cnt_en=0 act_pop_en=0 wei_pop_en=0 psm_start=0 shift_done=0 done=0 cscnt_q=0 pop_shim_q2=0 cdone_q=0 o_cswitch_done_val=0 o_cdone_val=0
[CTRL DEBUG] cycle=21000 state=0 start=0 incntlim=96 act_reps=64 wei_reps=64 ncontexts=1 context_cnt=0 act_cnt_en=0 wei_cnt_en=0 act_pop_en=0 wei_pop_en=0 psm_start=0 shift_done=0 done=0 cscnt_q=0 pop_shim_q2=0 cdone_q=0 o_cswitch_done_val=0 o_cdone_val=0
[CTRL DEBUG] cycle=21000 state=0 start=0 incntlim=96 act_reps=64 wei_reps=64 ncontexts=1 context_cnt=0 act_cnt_en=0 wei_cnt_en=0 act_pop_en=0 wei_pop_en=0 psm_start=0 shift_done=0 done=0 cscnt_q=0 pop_shim_q2=0 cdone_q=0 o_cswitch_done_val=0 o_cdone_val=0
[CTRL DEBUG] cycle=21000 state=0 start=0 incntlim=96 act_reps=64 wei_reps=64 ncontexts=1 context_cnt=0 act_cnt_en=0 wei_cnt_en=0 act_pop_en=0 wei_pop_en=0 psm_start=0 shift_done=0 done=0 cscnt_q=0 pop_shim_q2=0 cdone_q=0 o_cswitch_done_val=0 o_cdone_val=0
[CTRL DEBUG] cycle=21000 state=0 start=0 incntlim=96 act_reps=64 wei_reps=64 ncontexts=1 context_cnt=0 act_cnt_en=0 wei_cnt_en=0 act_pop_en=0 wei_pop_en=0 psm_start=0 shift_done=0 done=0 cscnt_q=0 pop_shim_q2=0 cdone_q=0 o_cswitch_done_val=0 o_cdone_val=0
[CTRL DEBUG] cycle=21500 state=0 start=0 incntlim=96 act_reps=64 wei_reps=64 ncontexts=1 context_cnt=0 act_cnt_en=0 wei_cnt_en=0 act_pop_en=0 wei_pop_en=0 psm_start=0 shift_done=0 done=0 cscnt_q=0 pop_shim_q2=0 cdone_q=0 o_cswitch_done_val=0 o_cdone_val=0
[CTRL DEBUG] cycle=21500 state=0 start=0 incntlim=96 act_reps=64 wei_reps=64 ncontexts=1 context_cnt=0 act_cnt_en=0 wei_cnt_en=0 act_pop_en=0 wei_pop_en=0 psm_start=0 shift_done=0 done=0 cscnt_q=0 pop_shim_q2=0 cdone_q=0 o_cswitch_done_val=0 o_cdone_val=0
[CTRL DEBUG] cycle=21500 state=0 start=0 incntlim=96 act_reps=64 wei_reps=64 ncontexts=1 context_cnt=0 act_cnt_en=0 wei_cnt_en=0 act_pop_en=0 wei_pop_en=0 psm_start=0 shift_done=0 done=0 cscnt_q=0 pop_shim_q2=0 cdone_q=0 o_cswitch_done_val=0 o_cdone_val=0
[CTRL DEBUG] cycle=21500 state=0 start=0 incntlim=96 act_reps=64 wei_reps=64 ncontexts=1 context_cnt=0 act_cnt_en=0 wei_cnt_en=0 act_pop_en=0 wei_pop_en=0 psm_start=0 shift_done=0 done=0 cscnt_q=0 pop_shim_q2=0 cdone_q=0 o_cswitch_done_val=0 o_cdone_val=0
[CTRL DEBUG] cycle=21500 state=0 start=0 incntlim=96 act_reps=64 wei_reps=64 ncontexts=1 context_cnt=0 act_cnt_en=0 wei_cnt_en=0 act_pop_en=0 wei_pop_en=0 psm_start=0 shift_done=0 done=0 cscnt_q=0 pop_shim_q2=0 cdone_q=0 o_cswitch_done_val=0 o_cdone_val=0
[CTRL DEBUG] cycle=21500 state=0 start=0 incntlim=96 act_reps=64 wei_reps=64 ncontexts=1 context_cnt=0 act_cnt_en=0 wei_cnt_en=0 act_pop_en=0 wei_pop_en=0 psm_start=0 shift_done=0 done=0 cscnt_q=0 pop_shim_q2=0 cdone_q=0 o_cswitch_done_val=0 o_cdone_val=0
[CTRL DEBUG] cycle=22000 state=0 start=0 incntlim=96 act_reps=64 wei_reps=64 ncontexts=1 context_cnt=0 act_cnt_en=0 wei_cnt_en=0 act_pop_en=0 wei_pop_en=0 psm_start=0 shift_done=0 done=0 cscnt_q=0 pop_shim_q2=0 cdone_q=0 o_cswitch_done_val=0 o_cdone_val=0
[CTRL DEBUG] cycle=22000 state=0 start=0 incntlim=96 act_reps=64 wei_reps=64 ncontexts=1 context_cnt=0 act_cnt_en=0 wei_cnt_en=0 act_pop_en=0 wei_pop_en=0 psm_start=0 shift_done=0 done=0 cscnt_q=0 pop_shim_q2=0 cdone_q=0 o_cswitch_done_val=0 o_cdone_val=0
[CTRL DEBUG] cycle=22000 state=0 start=0 incntlim=96 act_reps=64 wei_reps=64 ncontexts=1 context_cnt=0 act_cnt_en=0 wei_cnt_en=0 act_pop_en=0 wei_pop_en=0 psm_start=0 shift_done=0 done=0 cscnt_q=0 pop_shim_q2=0 cdone_q=0 o_cswitch_done_val=0 o_cdone_val=0
[CTRL DEBUG] cycle=22000 state=0 start=0 incntlim=96 act_reps=64 wei_reps=64 ncontexts=1 context_cnt=0 act_cnt_en=0 wei_cnt_en=0 act_pop_en=0 wei_pop_en=0 psm_start=0 shift_done=0 done=0 cscnt_q=0 pop_shim_q2=0 cdone_q=0 o_cswitch_done_val=0 o_cdone_val=0
[CTRL DEBUG] cycle=22000 state=0 start=0 incntlim=96 act_reps=64 wei_reps=64 ncontexts=1 context_cnt=0 act_cnt_en=0 wei_cnt_en=0 act_pop_en=0 wei_pop_en=0 psm_start=0 shift_done=0 done=0 cscnt_q=0 pop_shim_q2=0 cdone_q=0 o_cswitch_done_val=0 o_cdone_val=0
[CTRL DEBUG] cycle=22000 state=0 start=0 incntlim=96 act_reps=64 wei_reps=64 ncontexts=1 context_cnt=0 act_cnt_en=0 wei_cnt_en=0 act_pop_en=0 wei_pop_en=0 psm_start=0 shift_done=0 done=0 cscnt_q=0 pop_shim_q2=0 cdone_q=0 o_cswitch_done_val=0 o_cdone_val=0
[CTRL DEBUG] cycle=22500 state=0 start=0 incntlim=96 act_reps=64 wei_reps=64 ncontexts=1 context_cnt=0 act_cnt_en=0 wei_cnt_en=0 act_pop_en=0 wei_pop_en=0 psm_start=0 shift_done=0 done=0 cscnt_q=0 pop_shim_q2=0 cdone_q=0 o_cswitch_done_val=0 o_cdone_val=0
[CTRL DEBUG] cycle=22500 state=0 start=0 incntlim=96 act_reps=64 wei_reps=64 ncontexts=1 context_cnt=0 act_cnt_en=0 wei_cnt_en=0 act_pop_en=0 wei_pop_en=0 psm_start=0 shift_done=0 done=0 cscnt_q=0 pop_shim_q2=0 cdone_q=0 o_cswitch_done_val=0 o_cdone_val=0
[CTRL DEBUG] cycle=22500 state=0 start=0 incntlim=96 act_reps=64 wei_reps=64 ncontexts=1 context_cnt=0 act_cnt_en=0 wei_cnt_en=0 act_pop_en=0 wei_pop_en=0 psm_start=0 shift_done=0 done=0 cscnt_q=0 pop_shim_q2=0 cdone_q=0 o_cswitch_done_val=0 o_cdone_val=0
[CTRL DEBUG] cycle=22500 state=0 start=0 incntlim=96 act_reps=64 wei_reps=64 ncontexts=1 context_cnt=0 act_cnt_en=0 wei_cnt_en=0 act_pop_en=0 wei_pop_en=0 psm_start=0 shift_done=0 done=0 cscnt_q=0 pop_shim_q2=0 cdone_q=0 o_cswitch_done_val=0 o_cdone_val=0
[CTRL DEBUG] cycle=22500 state=0 start=0 incntlim=96 act_reps=64 wei_reps=64 ncontexts=1 context_cnt=0 act_cnt_en=0 wei_cnt_en=0 act_pop_en=0 wei_pop_en=0 psm_start=0 shift_done=0 done=0 cscnt_q=0 pop_shim_q2=0 cdone_q=0 o_cswitch_done_val=0 o_cdone_val=0
[CTRL DEBUG] cycle=22500 state=0 start=0 incntlim=96 act_reps=64 wei_reps=64 ncontexts=1 context_cnt=0 act_cnt_en=0 wei_cnt_en=0 act_pop_en=0 wei_pop_en=0 psm_start=0 shift_done=0 done=0 cscnt_q=0 pop_shim_q2=0 cdone_q=0 o_cswitch_done_val=0 o_cdone_val=0
[CTRL DEBUG] cycle=23000 state=0 start=0 incntlim=96 act_reps=64 wei_reps=64 ncontexts=1 context_cnt=0 act_cnt_en=0 wei_cnt_en=0 act_pop_en=0 wei_pop_en=0 psm_start=0 shift_done=0 done=0 cscnt_q=0 pop_shim_q2=0 cdone_q=0 o_cswitch_done_val=0 o_cdone_val=0
[CTRL DEBUG] cycle=23000 state=0 start=0 incntlim=96 act_reps=64 wei_reps=64 ncontexts=1 context_cnt=0 act_cnt_en=0 wei_cnt_en=0 act_pop_en=0 wei_pop_en=0 psm_start=0 shift_done=0 done=0 cscnt_q=0 pop_shim_q2=0 cdone_q=0 o_cswitch_done_val=0 o_cdone_val=0
[CTRL DEBUG] cycle=23000 state=0 start=0 incntlim=96 act_reps=64 wei_reps=64 ncontexts=1 context_cnt=0 act_cnt_en=0 wei_cnt_en=0 act_pop_en=0 wei_pop_en=0 psm_start=0 shift_done=0 done=0 cscnt_q=0 pop_shim_q2=0 cdone_q=0 o_cswitch_done_val=0 o_cdone_val=0
[CTRL DEBUG] cycle=23000 state=0 start=0 incntlim=96 act_reps=64 wei_reps=64 ncontexts=1 context_cnt=0 act_cnt_en=0 wei_cnt_en=0 act_pop_en=0 wei_pop_en=0 psm_start=0 shift_done=0 done=0 cscnt_q=0 pop_shim_q2=0 cdone_q=0 o_cswitch_done_val=0 o_cdone_val=0
[CTRL DEBUG] cycle=23000 state=0 start=0 incntlim=96 act_reps=64 wei_reps=64 ncontexts=1 context_cnt=0 act_cnt_en=0 wei_cnt_en=0 act_pop_en=0 wei_pop_en=0 psm_start=0 shift_done=0 done=0 cscnt_q=0 pop_shim_q2=0 cdone_q=0 o_cswitch_done_val=0 o_cdone_val=0
[CTRL DEBUG] cycle=23000 state=0 start=0 incntlim=96 act_reps=64 wei_reps=64 ncontexts=1 context_cnt=0 act_cnt_en=0 wei_cnt_en=0 act_pop_en=0 wei_pop_en=0 psm_start=0 shift_done=0 done=0 cscnt_q=0 pop_shim_q2=0 cdone_q=0 o_cswitch_done_val=0 o_cdone_val=0
[CTRL DEBUG] cycle=23500 state=0 start=0 incntlim=96 act_reps=64 wei_reps=64 ncontexts=1 context_cnt=0 act_cnt_en=0 wei_cnt_en=0 act_pop_en=0 wei_pop_en=0 psm_start=0 shift_done=0 done=0 cscnt_q=0 pop_shim_q2=0 cdone_q=0 o_cswitch_done_val=0 o_cdone_val=0
[CTRL DEBUG] cycle=23500 state=0 start=0 incntlim=96 act_reps=64 wei_reps=64 ncontexts=1 context_cnt=0 act_cnt_en=0 wei_cnt_en=0 act_pop_en=0 wei_pop_en=0 psm_start=0 shift_done=0 done=0 cscnt_q=0 pop_shim_q2=0 cdone_q=0 o_cswitch_done_val=0 o_cdone_val=0
[CTRL DEBUG] cycle=23500 state=0 start=0 incntlim=96 act_reps=64 wei_reps=64 ncontexts=1 context_cnt=0 act_cnt_en=0 wei_cnt_en=0 act_pop_en=0 wei_pop_en=0 psm_start=0 shift_done=0 done=0 cscnt_q=0 pop_shim_q2=0 cdone_q=0 o_cswitch_done_val=0 o_cdone_val=0
[CTRL DEBUG] cycle=23500 state=0 start=0 incntlim=96 act_reps=64 wei_reps=64 ncontexts=1 context_cnt=0 act_cnt_en=0 wei_cnt_en=0 act_pop_en=0 wei_pop_en=0 psm_start=0 shift_done=0 done=0 cscnt_q=0 pop_shim_q2=0 cdone_q=0 o_cswitch_done_val=0 o_cdone_val=0
[CTRL DEBUG] cycle=23500 state=0 start=0 incntlim=96 act_reps=64 wei_reps=64 ncontexts=1 context_cnt=0 act_cnt_en=0 wei_cnt_en=0 act_pop_en=0 wei_pop_en=0 psm_start=0 shift_done=0 done=0 cscnt_q=0 pop_shim_q2=0 cdone_q=0 o_cswitch_done_val=0 o_cdone_val=0
[CTRL DEBUG] cycle=23500 state=0 start=0 incntlim=96 act_reps=64 wei_reps=64 ncontexts=1 context_cnt=0 act_cnt_en=0 wei_cnt_en=0 act_pop_en=0 wei_pop_en=0 psm_start=0 shift_done=0 done=0 cscnt_q=0 pop_shim_q2=0 cdone_q=0 o_cswitch_done_val=0 o_cdone_val=0
[CTRL DEBUG] cycle=24000 state=0 start=0 incntlim=96 act_reps=64 wei_reps=64 ncontexts=1 context_cnt=0 act_cnt_en=0 wei_cnt_en=0 act_pop_en=0 wei_pop_en=0 psm_start=0 shift_done=0 done=0 cscnt_q=0 pop_shim_q2=0 cdone_q=0 o_cswitch_done_val=0 o_cdone_val=0
[CTRL DEBUG] cycle=24000 state=0 start=0 incntlim=96 act_reps=64 wei_reps=64 ncontexts=1 context_cnt=0 act_cnt_en=0 wei_cnt_en=0 act_pop_en=0 wei_pop_en=0 psm_start=0 shift_done=0 done=0 cscnt_q=0 pop_shim_q2=0 cdone_q=0 o_cswitch_done_val=0 o_cdone_val=0
[CTRL DEBUG] cycle=24000 state=0 start=0 incntlim=96 act_reps=64 wei_reps=64 ncontexts=1 context_cnt=0 act_cnt_en=0 wei_cnt_en=0 act_pop_en=0 wei_pop_en=0 psm_start=0 shift_done=0 done=0 cscnt_q=0 pop_shim_q2=0 cdone_q=0 o_cswitch_done_val=0 o_cdone_val=0
[CTRL DEBUG] cycle=24000 state=0 start=0 incntlim=96 act_reps=64 wei_reps=64 ncontexts=1 context_cnt=0 act_cnt_en=0 wei_cnt_en=0 act_pop_en=0 wei_pop_en=0 psm_start=0 shift_done=0 done=0 cscnt_q=0 pop_shim_q2=0 cdone_q=0 o_cswitch_done_val=0 o_cdone_val=0
[CTRL DEBUG] cycle=24000 state=0 start=0 incntlim=96 act_reps=64 wei_reps=64 ncontexts=1 context_cnt=0 act_cnt_en=0 wei_cnt_en=0 act_pop_en=0 wei_pop_en=0 psm_start=0 shift_done=0 done=0 cscnt_q=0 pop_shim_q2=0 cdone_q=0 o_cswitch_done_val=0 o_cdone_val=0
[CTRL DEBUG] cycle=24000 state=0 start=0 incntlim=96 act_reps=64 wei_reps=64 ncontexts=1 context_cnt=0 act_cnt_en=0 wei_cnt_en=0 act_pop_en=0 wei_pop_en=0 psm_start=0 shift_done=0 done=0 cscnt_q=0 pop_shim_q2=0 cdone_q=0 o_cswitch_done_val=0 o_cdone_val=0
[CTRL DEBUG] cycle=24500 state=0 start=0 incntlim=96 act_reps=64 wei_reps=64 ncontexts=1 context_cnt=0 act_cnt_en=0 wei_cnt_en=0 act_pop_en=0 wei_pop_en=0 psm_start=0 shift_done=0 done=0 cscnt_q=0 pop_shim_q2=0 cdone_q=0 o_cswitch_done_val=0 o_cdone_val=0
[CTRL DEBUG] cycle=24500 state=0 start=0 incntlim=96 act_reps=64 wei_reps=64 ncontexts=1 context_cnt=0 act_cnt_en=0 wei_cnt_en=0 act_pop_en=0 wei_pop_en=0 psm_start=0 shift_done=0 done=0 cscnt_q=0 pop_shim_q2=0 cdone_q=0 o_cswitch_done_val=0 o_cdone_val=0
[CTRL DEBUG] cycle=24500 state=0 start=0 incntlim=96 act_reps=64 wei_reps=64 ncontexts=1 context_cnt=0 act_cnt_en=0 wei_cnt_en=0 act_pop_en=0 wei_pop_en=0 psm_start=0 shift_done=0 done=0 cscnt_q=0 pop_shim_q2=0 cdone_q=0 o_cswitch_done_val=0 o_cdone_val=0
[CTRL DEBUG] cycle=24500 state=0 start=0 incntlim=96 act_reps=64 wei_reps=64 ncontexts=1 context_cnt=0 act_cnt_en=0 wei_cnt_en=0 act_pop_en=0 wei_pop_en=0 psm_start=0 shift_done=0 done=0 cscnt_q=0 pop_shim_q2=0 cdone_q=0 o_cswitch_done_val=0 o_cdone_val=0
[CTRL DEBUG] cycle=24500 state=0 start=0 incntlim=96 act_reps=64 wei_reps=64 ncontexts=1 context_cnt=0 act_cnt_en=0 wei_cnt_en=0 act_pop_en=0 wei_pop_en=0 psm_start=0 shift_done=0 done=0 cscnt_q=0 pop_shim_q2=0 cdone_q=0 o_cswitch_done_val=0 o_cdone_val=0
[CTRL DEBUG] cycle=24500 state=0 start=0 incntlim=96 act_reps=64 wei_reps=64 ncontexts=1 context_cnt=0 act_cnt_en=0 wei_cnt_en=0 act_pop_en=0 wei_pop_en=0 psm_start=0 shift_done=0 done=0 cscnt_q=0 pop_shim_q2=0 cdone_q=0 o_cswitch_done_val=0 o_cdone_val=0
[CTRL DEBUG] cycle=25000 state=0 start=0 incntlim=96 act_reps=64 wei_reps=64 ncontexts=1 context_cnt=0 act_cnt_en=0 wei_cnt_en=0 act_pop_en=0 wei_pop_en=0 psm_start=0 shift_done=0 done=0 cscnt_q=0 pop_shim_q2=0 cdone_q=0 o_cswitch_done_val=0 o_cdone_val=0
[CTRL DEBUG] cycle=25000 state=0 start=0 incntlim=96 act_reps=64 wei_reps=64 ncontexts=1 context_cnt=0 act_cnt_en=0 wei_cnt_en=0 act_pop_en=0 wei_pop_en=0 psm_start=0 shift_done=0 done=0 cscnt_q=0 pop_shim_q2=0 cdone_q=0 o_cswitch_done_val=0 o_cdone_val=0
[CTRL DEBUG] cycle=25000 state=0 start=0 incntlim=96 act_reps=64 wei_reps=64 ncontexts=1 context_cnt=0 act_cnt_en=0 wei_cnt_en=0 act_pop_en=0 wei_pop_en=0 psm_start=0 shift_done=0 done=0 cscnt_q=0 pop_shim_q2=0 cdone_q=0 o_cswitch_done_val=0 o_cdone_val=0
[CTRL DEBUG] cycle=25000 state=0 start=0 incntlim=96 act_reps=64 wei_reps=64 ncontexts=1 context_cnt=0 act_cnt_en=0 wei_cnt_en=0 act_pop_en=0 wei_pop_en=0 psm_start=0 shift_done=0 done=0 cscnt_q=0 pop_shim_q2=0 cdone_q=0 o_cswitch_done_val=0 o_cdone_val=0
[CTRL DEBUG] cycle=25000 state=0 start=0 incntlim=96 act_reps=64 wei_reps=64 ncontexts=1 context_cnt=0 act_cnt_en=0 wei_cnt_en=0 act_pop_en=0 wei_pop_en=0 psm_start=0 shift_done=0 done=0 cscnt_q=0 pop_shim_q2=0 cdone_q=0 o_cswitch_done_val=0 o_cdone_val=0
[CTRL DEBUG] cycle=25000 state=0 start=0 incntlim=96 act_reps=64 wei_reps=64 ncontexts=1 context_cnt=0 act_cnt_en=0 wei_cnt_en=0 act_pop_en=0 wei_pop_en=0 psm_start=0 shift_done=0 done=0 cscnt_q=0 pop_shim_q2=0 cdone_q=0 o_cswitch_done_val=0 o_cdone_val=0
[CTRL DEBUG] cycle=25500 state=0 start=0 incntlim=96 act_reps=64 wei_reps=64 ncontexts=1 context_cnt=0 act_cnt_en=0 wei_cnt_en=0 act_pop_en=0 wei_pop_en=0 psm_start=0 shift_done=0 done=0 cscnt_q=0 pop_shim_q2=0 cdone_q=0 o_cswitch_done_val=0 o_cdone_val=0
[CTRL DEBUG] cycle=25500 state=0 start=0 incntlim=96 act_reps=64 wei_reps=64 ncontexts=1 context_cnt=0 act_cnt_en=0 wei_cnt_en=0 act_pop_en=0 wei_pop_en=0 psm_start=0 shift_done=0 done=0 cscnt_q=0 pop_shim_q2=0 cdone_q=0 o_cswitch_done_val=0 o_cdone_val=0
[CTRL DEBUG] cycle=25500 state=0 start=0 incntlim=96 act_reps=64 wei_reps=64 ncontexts=1 context_cnt=0 act_cnt_en=0 wei_cnt_en=0 act_pop_en=0 wei_pop_en=0 psm_start=0 shift_done=0 done=0 cscnt_q=0 pop_shim_q2=0 cdone_q=0 o_cswitch_done_val=0 o_cdone_val=0
[CTRL DEBUG] cycle=25500 state=0 start=0 incntlim=96 act_reps=64 wei_reps=64 ncontexts=1 context_cnt=0 act_cnt_en=0 wei_cnt_en=0 act_pop_en=0 wei_pop_en=0 psm_start=0 shift_done=0 done=0 cscnt_q=0 pop_shim_q2=0 cdone_q=0 o_cswitch_done_val=0 o_cdone_val=0
[CTRL DEBUG] cycle=25500 state=0 start=0 incntlim=96 act_reps=64 wei_reps=64 ncontexts=1 context_cnt=0 act_cnt_en=0 wei_cnt_en=0 act_pop_en=0 wei_pop_en=0 psm_start=0 shift_done=0 done=0 cscnt_q=0 pop_shim_q2=0 cdone_q=0 o_cswitch_done_val=0 o_cdone_val=0
[CTRL DEBUG] cycle=25500 state=0 start=0 incntlim=96 act_reps=64 wei_reps=64 ncontexts=1 context_cnt=0 act_cnt_en=0 wei_cnt_en=0 act_pop_en=0 wei_pop_en=0 psm_start=0 shift_done=0 done=0 cscnt_q=0 pop_shim_q2=0 cdone_q=0 o_cswitch_done_val=0 o_cdone_val=0
[CTRL DEBUG] cycle=26000 state=0 start=0 incntlim=96 act_reps=64 wei_reps=64 ncontexts=1 context_cnt=0 act_cnt_en=0 wei_cnt_en=0 act_pop_en=0 wei_pop_en=0 psm_start=0 shift_done=0 done=0 cscnt_q=0 pop_shim_q2=0 cdone_q=0 o_cswitch_done_val=0 o_cdone_val=0
[CTRL DEBUG] cycle=26000 state=0 start=0 incntlim=96 act_reps=64 wei_reps=64 ncontexts=1 context_cnt=0 act_cnt_en=0 wei_cnt_en=0 act_pop_en=0 wei_pop_en=0 psm_start=0 shift_done=0 done=0 cscnt_q=0 pop_shim_q2=0 cdone_q=0 o_cswitch_done_val=0 o_cdone_val=0
[CTRL DEBUG] cycle=26000 state=0 start=0 incntlim=96 act_reps=64 wei_reps=64 ncontexts=1 context_cnt=0 act_cnt_en=0 wei_cnt_en=0 act_pop_en=0 wei_pop_en=0 psm_start=0 shift_done=0 done=0 cscnt_q=0 pop_shim_q2=0 cdone_q=0 o_cswitch_done_val=0 o_cdone_val=0
[CTRL DEBUG] cycle=26000 state=0 start=0 incntlim=96 act_reps=64 wei_reps=64 ncontexts=1 context_cnt=0 act_cnt_en=0 wei_cnt_en=0 act_pop_en=0 wei_pop_en=0 psm_start=0 shift_done=0 done=0 cscnt_q=0 pop_shim_q2=0 cdone_q=0 o_cswitch_done_val=0 o_cdone_val=0
[CTRL DEBUG] cycle=26000 state=0 start=0 incntlim=96 act_reps=64 wei_reps=64 ncontexts=1 context_cnt=0 act_cnt_en=0 wei_cnt_en=0 act_pop_en=0 wei_pop_en=0 psm_start=0 shift_done=0 done=0 cscnt_q=0 pop_shim_q2=0 cdone_q=0 o_cswitch_done_val=0 o_cdone_val=0
[CTRL DEBUG] cycle=26000 state=0 start=0 incntlim=96 act_reps=64 wei_reps=64 ncontexts=1 context_cnt=0 act_cnt_en=0 wei_cnt_en=0 act_pop_en=0 wei_pop_en=0 psm_start=0 shift_done=0 done=0 cscnt_q=0 pop_shim_q2=0 cdone_q=0 o_cswitch_done_val=0 o_cdone_val=0
[CTRL DEBUG] cycle=26500 state=0 start=0 incntlim=96 act_reps=64 wei_reps=64 ncontexts=1 context_cnt=0 act_cnt_en=0 wei_cnt_en=0 act_pop_en=0 wei_pop_en=0 psm_start=0 shift_done=0 done=0 cscnt_q=0 pop_shim_q2=0 cdone_q=0 o_cswitch_done_val=0 o_cdone_val=0
[CTRL DEBUG] cycle=26500 state=0 start=0 incntlim=96 act_reps=64 wei_reps=64 ncontexts=1 context_cnt=0 act_cnt_en=0 wei_cnt_en=0 act_pop_en=0 wei_pop_en=0 psm_start=0 shift_done=0 done=0 cscnt_q=0 pop_shim_q2=0 cdone_q=0 o_cswitch_done_val=0 o_cdone_val=0
[CTRL DEBUG] cycle=26500 state=0 start=0 incntlim=96 act_reps=64 wei_reps=64 ncontexts=1 context_cnt=0 act_cnt_en=0 wei_cnt_en=0 act_pop_en=0 wei_pop_en=0 psm_start=0 shift_done=0 done=0 cscnt_q=0 pop_shim_q2=0 cdone_q=0 o_cswitch_done_val=0 o_cdone_val=0
[CTRL DEBUG] cycle=26500 state=0 start=0 incntlim=96 act_reps=64 wei_reps=64 ncontexts=1 context_cnt=0 act_cnt_en=0 wei_cnt_en=0 act_pop_en=0 wei_pop_en=0 psm_start=0 shift_done=0 done=0 cscnt_q=0 pop_shim_q2=0 cdone_q=0 o_cswitch_done_val=0 o_cdone_val=0
[CTRL DEBUG] cycle=26500 state=0 start=0 incntlim=96 act_reps=64 wei_reps=64 ncontexts=1 context_cnt=0 act_cnt_en=0 wei_cnt_en=0 act_pop_en=0 wei_pop_en=0 psm_start=0 shift_done=0 done=0 cscnt_q=0 pop_shim_q2=0 cdone_q=0 o_cswitch_done_val=0 o_cdone_val=0
[CTRL DEBUG] cycle=26500 state=0 start=0 incntlim=96 act_reps=64 wei_reps=64 ncontexts=1 context_cnt=0 act_cnt_en=0 wei_cnt_en=0 act_pop_en=0 wei_pop_en=0 psm_start=0 shift_done=0 done=0 cscnt_q=0 pop_shim_q2=0 cdone_q=0 o_cswitch_done_val=0 o_cdone_val=0
[CTRL DEBUG] cycle=27000 state=0 start=0 incntlim=96 act_reps=64 wei_reps=64 ncontexts=1 context_cnt=0 act_cnt_en=0 wei_cnt_en=0 act_pop_en=0 wei_pop_en=0 psm_start=0 shift_done=0 done=0 cscnt_q=0 pop_shim_q2=0 cdone_q=0 o_cswitch_done_val=0 o_cdone_val=0
[CTRL DEBUG] cycle=27000 state=0 start=0 incntlim=96 act_reps=64 wei_reps=64 ncontexts=1 context_cnt=0 act_cnt_en=0 wei_cnt_en=0 act_pop_en=0 wei_pop_en=0 psm_start=0 shift_done=0 done=0 cscnt_q=0 pop_shim_q2=0 cdone_q=0 o_cswitch_done_val=0 o_cdone_val=0
[CTRL DEBUG] cycle=27000 state=0 start=0 incntlim=96 act_reps=64 wei_reps=64 ncontexts=1 context_cnt=0 act_cnt_en=0 wei_cnt_en=0 act_pop_en=0 wei_pop_en=0 psm_start=0 shift_done=0 done=0 cscnt_q=0 pop_shim_q2=0 cdone_q=0 o_cswitch_done_val=0 o_cdone_val=0
[CTRL DEBUG] cycle=27000 state=0 start=0 incntlim=96 act_reps=64 wei_reps=64 ncontexts=1 context_cnt=0 act_cnt_en=0 wei_cnt_en=0 act_pop_en=0 wei_pop_en=0 psm_start=0 shift_done=0 done=0 cscnt_q=0 pop_shim_q2=0 cdone_q=0 o_cswitch_done_val=0 o_cdone_val=0
[CTRL DEBUG] cycle=27000 state=0 start=0 incntlim=96 act_reps=64 wei_reps=64 ncontexts=1 context_cnt=0 act_cnt_en=0 wei_cnt_en=0 act_pop_en=0 wei_pop_en=0 psm_start=0 shift_done=0 done=0 cscnt_q=0 pop_shim_q2=0 cdone_q=0 o_cswitch_done_val=0 o_cdone_val=0
[CTRL DEBUG] cycle=27000 state=0 start=0 incntlim=96 act_reps=64 wei_reps=64 ncontexts=1 context_cnt=0 act_cnt_en=0 wei_cnt_en=0 act_pop_en=0 wei_pop_en=0 psm_start=0 shift_done=0 done=0 cscnt_q=0 pop_shim_q2=0 cdone_q=0 o_cswitch_done_val=0 o_cdone_val=0
[CTRL DEBUG] cycle=27500 state=0 start=0 incntlim=96 act_reps=64 wei_reps=64 ncontexts=1 context_cnt=0 act_cnt_en=0 wei_cnt_en=0 act_pop_en=0 wei_pop_en=0 psm_start=0 shift_done=0 done=0 cscnt_q=0 pop_shim_q2=0 cdone_q=0 o_cswitch_done_val=0 o_cdone_val=0
[CTRL DEBUG] cycle=27500 state=0 start=0 incntlim=96 act_reps=64 wei_reps=64 ncontexts=1 context_cnt=0 act_cnt_en=0 wei_cnt_en=0 act_pop_en=0 wei_pop_en=0 psm_start=0 shift_done=0 done=0 cscnt_q=0 pop_shim_q2=0 cdone_q=0 o_cswitch_done_val=0 o_cdone_val=0
[CTRL DEBUG] cycle=27500 state=0 start=0 incntlim=96 act_reps=64 wei_reps=64 ncontexts=1 context_cnt=0 act_cnt_en=0 wei_cnt_en=0 act_pop_en=0 wei_pop_en=0 psm_start=0 shift_done=0 done=0 cscnt_q=0 pop_shim_q2=0 cdone_q=0 o_cswitch_done_val=0 o_cdone_val=0
[CTRL DEBUG] cycle=27500 state=0 start=0 incntlim=96 act_reps=64 wei_reps=64 ncontexts=1 context_cnt=0 act_cnt_en=0 wei_cnt_en=0 act_pop_en=0 wei_pop_en=0 psm_start=0 shift_done=0 done=0 cscnt_q=0 pop_shim_q2=0 cdone_q=0 o_cswitch_done_val=0 o_cdone_val=0
[CTRL DEBUG] cycle=27500 state=0 start=0 incntlim=96 act_reps=64 wei_reps=64 ncontexts=1 context_cnt=0 act_cnt_en=0 wei_cnt_en=0 act_pop_en=0 wei_pop_en=0 psm_start=0 shift_done=0 done=0 cscnt_q=0 pop_shim_q2=0 cdone_q=0 o_cswitch_done_val=0 o_cdone_val=0
[CTRL DEBUG] cycle=27500 state=0 start=0 incntlim=96 act_reps=64 wei_reps=64 ncontexts=1 context_cnt=0 act_cnt_en=0 wei_cnt_en=0 act_pop_en=0 wei_pop_en=0 psm_start=0 shift_done=0 done=0 cscnt_q=0 pop_shim_q2=0 cdone_q=0 o_cswitch_done_val=0 o_cdone_val=0
[CTRL DEBUG] cycle=28000 state=0 start=0 incntlim=96 act_reps=64 wei_reps=64 ncontexts=1 context_cnt=0 act_cnt_en=0 wei_cnt_en=0 act_pop_en=0 wei_pop_en=0 psm_start=0 shift_done=0 done=0 cscnt_q=0 pop_shim_q2=0 cdone_q=0 o_cswitch_done_val=0 o_cdone_val=0
[CTRL DEBUG] cycle=28000 state=0 start=0 incntlim=96 act_reps=64 wei_reps=64 ncontexts=1 context_cnt=0 act_cnt_en=0 wei_cnt_en=0 act_pop_en=0 wei_pop_en=0 psm_start=0 shift_done=0 done=0 cscnt_q=0 pop_shim_q2=0 cdone_q=0 o_cswitch_done_val=0 o_cdone_val=0
[CTRL DEBUG] cycle=28000 state=0 start=0 incntlim=96 act_reps=64 wei_reps=64 ncontexts=1 context_cnt=0 act_cnt_en=0 wei_cnt_en=0 act_pop_en=0 wei_pop_en=0 psm_start=0 shift_done=0 done=0 cscnt_q=0 pop_shim_q2=0 cdone_q=0 o_cswitch_done_val=0 o_cdone_val=0
[CTRL DEBUG] cycle=28000 state=0 start=0 incntlim=96 act_reps=64 wei_reps=64 ncontexts=1 context_cnt=0 act_cnt_en=0 wei_cnt_en=0 act_pop_en=0 wei_pop_en=0 psm_start=0 shift_done=0 done=0 cscnt_q=0 pop_shim_q2=0 cdone_q=0 o_cswitch_done_val=0 o_cdone_val=0
[CTRL DEBUG] cycle=28000 state=0 start=0 incntlim=96 act_reps=64 wei_reps=64 ncontexts=1 context_cnt=0 act_cnt_en=0 wei_cnt_en=0 act_pop_en=0 wei_pop_en=0 psm_start=0 shift_done=0 done=0 cscnt_q=0 pop_shim_q2=0 cdone_q=0 o_cswitch_done_val=0 o_cdone_val=0
[CTRL DEBUG] cycle=28000 state=0 start=0 incntlim=96 act_reps=64 wei_reps=64 ncontexts=1 context_cnt=0 act_cnt_en=0 wei_cnt_en=0 act_pop_en=0 wei_pop_en=0 psm_start=0 shift_done=0 done=0 cscnt_q=0 pop_shim_q2=0 cdone_q=0 o_cswitch_done_val=0 o_cdone_val=0
[CTRL DEBUG] cycle=28500 state=0 start=0 incntlim=96 act_reps=64 wei_reps=64 ncontexts=1 context_cnt=0 act_cnt_en=0 wei_cnt_en=0 act_pop_en=0 wei_pop_en=0 psm_start=0 shift_done=0 done=0 cscnt_q=0 pop_shim_q2=0 cdone_q=0 o_cswitch_done_val=0 o_cdone_val=0
[CTRL DEBUG] cycle=28500 state=0 start=0 incntlim=96 act_reps=64 wei_reps=64 ncontexts=1 context_cnt=0 act_cnt_en=0 wei_cnt_en=0 act_pop_en=0 wei_pop_en=0 psm_start=0 shift_done=0 done=0 cscnt_q=0 pop_shim_q2=0 cdone_q=0 o_cswitch_done_val=0 o_cdone_val=0
[CTRL DEBUG] cycle=28500 state=0 start=0 incntlim=96 act_reps=64 wei_reps=64 ncontexts=1 context_cnt=0 act_cnt_en=0 wei_cnt_en=0 act_pop_en=0 wei_pop_en=0 psm_start=0 shift_done=0 done=0 cscnt_q=0 pop_shim_q2=0 cdone_q=0 o_cswitch_done_val=0 o_cdone_val=0
[CTRL DEBUG] cycle=28500 state=0 start=0 incntlim=96 act_reps=64 wei_reps=64 ncontexts=1 context_cnt=0 act_cnt_en=0 wei_cnt_en=0 act_pop_en=0 wei_pop_en=0 psm_start=0 shift_done=0 done=0 cscnt_q=0 pop_shim_q2=0 cdone_q=0 o_cswitch_done_val=0 o_cdone_val=0
[CTRL DEBUG] cycle=28500 state=0 start=0 incntlim=96 act_reps=64 wei_reps=64 ncontexts=1 context_cnt=0 act_cnt_en=0 wei_cnt_en=0 act_pop_en=0 wei_pop_en=0 psm_start=0 shift_done=0 done=0 cscnt_q=0 pop_shim_q2=0 cdone_q=0 o_cswitch_done_val=0 o_cdone_val=0
[CTRL DEBUG] cycle=28500 state=0 start=0 incntlim=96 act_reps=64 wei_reps=64 ncontexts=1 context_cnt=0 act_cnt_en=0 wei_cnt_en=0 act_pop_en=0 wei_pop_en=0 psm_start=0 shift_done=0 done=0 cscnt_q=0 pop_shim_q2=0 cdone_q=0 o_cswitch_done_val=0 o_cdone_val=0
[CTRL DEBUG] cycle=29000 state=0 start=0 incntlim=96 act_reps=64 wei_reps=64 ncontexts=1 context_cnt=0 act_cnt_en=0 wei_cnt_en=0 act_pop_en=0 wei_pop_en=0 psm_start=0 shift_done=0 done=0 cscnt_q=0 pop_shim_q2=0 cdone_q=0 o_cswitch_done_val=0 o_cdone_val=0
[CTRL DEBUG] cycle=29000 state=0 start=0 incntlim=96 act_reps=64 wei_reps=64 ncontexts=1 context_cnt=0 act_cnt_en=0 wei_cnt_en=0 act_pop_en=0 wei_pop_en=0 psm_start=0 shift_done=0 done=0 cscnt_q=0 pop_shim_q2=0 cdone_q=0 o_cswitch_done_val=0 o_cdone_val=0
[CTRL DEBUG] cycle=29000 state=0 start=0 incntlim=96 act_reps=64 wei_reps=64 ncontexts=1 context_cnt=0 act_cnt_en=0 wei_cnt_en=0 act_pop_en=0 wei_pop_en=0 psm_start=0 shift_done=0 done=0 cscnt_q=0 pop_shim_q2=0 cdone_q=0 o_cswitch_done_val=0 o_cdone_val=0
[CTRL DEBUG] cycle=29000 state=0 start=0 incntlim=96 act_reps=64 wei_reps=64 ncontexts=1 context_cnt=0 act_cnt_en=0 wei_cnt_en=0 act_pop_en=0 wei_pop_en=0 psm_start=0 shift_done=0 done=0 cscnt_q=0 pop_shim_q2=0 cdone_q=0 o_cswitch_done_val=0 o_cdone_val=0
[CTRL DEBUG] cycle=29000 state=0 start=0 incntlim=96 act_reps=64 wei_reps=64 ncontexts=1 context_cnt=0 act_cnt_en=0 wei_cnt_en=0 act_pop_en=0 wei_pop_en=0 psm_start=0 shift_done=0 done=0 cscnt_q=0 pop_shim_q2=0 cdone_q=0 o_cswitch_done_val=0 o_cdone_val=0
[CTRL DEBUG] cycle=29000 state=0 start=0 incntlim=96 act_reps=64 wei_reps=64 ncontexts=1 context_cnt=0 act_cnt_en=0 wei_cnt_en=0 act_pop_en=0 wei_pop_en=0 psm_start=0 shift_done=0 done=0 cscnt_q=0 pop_shim_q2=0 cdone_q=0 o_cswitch_done_val=0 o_cdone_val=0
[CTRL DEBUG] cycle=29500 state=0 start=0 incntlim=96 act_reps=64 wei_reps=64 ncontexts=1 context_cnt=0 act_cnt_en=0 wei_cnt_en=0 act_pop_en=0 wei_pop_en=0 psm_start=0 shift_done=0 done=0 cscnt_q=0 pop_shim_q2=0 cdone_q=0 o_cswitch_done_val=0 o_cdone_val=0
[CTRL DEBUG] cycle=29500 state=0 start=0 incntlim=96 act_reps=64 wei_reps=64 ncontexts=1 context_cnt=0 act_cnt_en=0 wei_cnt_en=0 act_pop_en=0 wei_pop_en=0 psm_start=0 shift_done=0 done=0 cscnt_q=0 pop_shim_q2=0 cdone_q=0 o_cswitch_done_val=0 o_cdone_val=0
[CTRL DEBUG] cycle=29500 state=0 start=0 incntlim=96 act_reps=64 wei_reps=64 ncontexts=1 context_cnt=0 act_cnt_en=0 wei_cnt_en=0 act_pop_en=0 wei_pop_en=0 psm_start=0 shift_done=0 done=0 cscnt_q=0 pop_shim_q2=0 cdone_q=0 o_cswitch_done_val=0 o_cdone_val=0
[CTRL DEBUG] cycle=29500 state=0 start=0 incntlim=96 act_reps=64 wei_reps=64 ncontexts=1 context_cnt=0 act_cnt_en=0 wei_cnt_en=0 act_pop_en=0 wei_pop_en=0 psm_start=0 shift_done=0 done=0 cscnt_q=0 pop_shim_q2=0 cdone_q=0 o_cswitch_done_val=0 o_cdone_val=0
[CTRL DEBUG] cycle=29500 state=0 start=0 incntlim=96 act_reps=64 wei_reps=64 ncontexts=1 context_cnt=0 act_cnt_en=0 wei_cnt_en=0 act_pop_en=0 wei_pop_en=0 psm_start=0 shift_done=0 done=0 cscnt_q=0 pop_shim_q2=0 cdone_q=0 o_cswitch_done_val=0 o_cdone_val=0
[CTRL DEBUG] cycle=29500 state=0 start=0 incntlim=96 act_reps=64 wei_reps=64 ncontexts=1 context_cnt=0 act_cnt_en=0 wei_cnt_en=0 act_pop_en=0 wei_pop_en=0 psm_start=0 shift_done=0 done=0 cscnt_q=0 pop_shim_q2=0 cdone_q=0 o_cswitch_done_val=0 o_cdone_val=0
[CTRL DEBUG] cycle=30000 state=0 start=0 incntlim=96 act_reps=64 wei_reps=64 ncontexts=1 context_cnt=0 act_cnt_en=0 wei_cnt_en=0 act_pop_en=0 wei_pop_en=0 psm_start=0 shift_done=0 done=0 cscnt_q=0 pop_shim_q2=0 cdone_q=0 o_cswitch_done_val=0 o_cdone_val=0
[CTRL DEBUG] cycle=30000 state=0 start=0 incntlim=96 act_reps=64 wei_reps=64 ncontexts=1 context_cnt=0 act_cnt_en=0 wei_cnt_en=0 act_pop_en=0 wei_pop_en=0 psm_start=0 shift_done=0 done=0 cscnt_q=0 pop_shim_q2=0 cdone_q=0 o_cswitch_done_val=0 o_cdone_val=0
[CTRL DEBUG] cycle=30000 state=0 start=0 incntlim=96 act_reps=64 wei_reps=64 ncontexts=1 context_cnt=0 act_cnt_en=0 wei_cnt_en=0 act_pop_en=0 wei_pop_en=0 psm_start=0 shift_done=0 done=0 cscnt_q=0 pop_shim_q2=0 cdone_q=0 o_cswitch_done_val=0 o_cdone_val=0
[CTRL DEBUG] cycle=30000 state=0 start=0 incntlim=96 act_reps=64 wei_reps=64 ncontexts=1 context_cnt=0 act_cnt_en=0 wei_cnt_en=0 act_pop_en=0 wei_pop_en=0 psm_start=0 shift_done=0 done=0 cscnt_q=0 pop_shim_q2=0 cdone_q=0 o_cswitch_done_val=0 o_cdone_val=0
[CTRL DEBUG] cycle=30000 state=0 start=0 incntlim=96 act_reps=64 wei_reps=64 ncontexts=1 context_cnt=0 act_cnt_en=0 wei_cnt_en=0 act_pop_en=0 wei_pop_en=0 psm_start=0 shift_done=0 done=0 cscnt_q=0 pop_shim_q2=0 cdone_q=0 o_cswitch_done_val=0 o_cdone_val=0
[CTRL DEBUG] cycle=30000 state=0 start=0 incntlim=96 act_reps=64 wei_reps=64 ncontexts=1 context_cnt=0 act_cnt_en=0 wei_cnt_en=0 act_pop_en=0 wei_pop_en=0 psm_start=0 shift_done=0 done=0 cscnt_q=0 pop_shim_q2=0 cdone_q=0 o_cswitch_done_val=0 o_cdone_val=0
[CTRL DEBUG] cycle=30500 state=0 start=0 incntlim=96 act_reps=64 wei_reps=64 ncontexts=1 context_cnt=0 act_cnt_en=0 wei_cnt_en=0 act_pop_en=0 wei_pop_en=0 psm_start=0 shift_done=0 done=0 cscnt_q=0 pop_shim_q2=0 cdone_q=0 o_cswitch_done_val=0 o_cdone_val=0
[CTRL DEBUG] cycle=30500 state=0 start=0 incntlim=96 act_reps=64 wei_reps=64 ncontexts=1 context_cnt=0 act_cnt_en=0 wei_cnt_en=0 act_pop_en=0 wei_pop_en=0 psm_start=0 shift_done=0 done=0 cscnt_q=0 pop_shim_q2=0 cdone_q=0 o_cswitch_done_val=0 o_cdone_val=0
[CTRL DEBUG] cycle=30500 state=0 start=0 incntlim=96 act_reps=64 wei_reps=64 ncontexts=1 context_cnt=0 act_cnt_en=0 wei_cnt_en=0 act_pop_en=0 wei_pop_en=0 psm_start=0 shift_done=0 done=0 cscnt_q=0 pop_shim_q2=0 cdone_q=0 o_cswitch_done_val=0 o_cdone_val=0
[CTRL DEBUG] cycle=30500 state=0 start=0 incntlim=96 act_reps=64 wei_reps=64 ncontexts=1 context_cnt=0 act_cnt_en=0 wei_cnt_en=0 act_pop_en=0 wei_pop_en=0 psm_start=0 shift_done=0 done=0 cscnt_q=0 pop_shim_q2=0 cdone_q=0 o_cswitch_done_val=0 o_cdone_val=0
[CTRL DEBUG] cycle=30500 state=0 start=0 incntlim=96 act_reps=64 wei_reps=64 ncontexts=1 context_cnt=0 act_cnt_en=0 wei_cnt_en=0 act_pop_en=0 wei_pop_en=0 psm_start=0 shift_done=0 done=0 cscnt_q=0 pop_shim_q2=0 cdone_q=0 o_cswitch_done_val=0 o_cdone_val=0
[CTRL DEBUG] cycle=30500 state=0 start=0 incntlim=96 act_reps=64 wei_reps=64 ncontexts=1 context_cnt=0 act_cnt_en=0 wei_cnt_en=0 act_pop_en=0 wei_pop_en=0 psm_start=0 shift_done=0 done=0 cscnt_q=0 pop_shim_q2=0 cdone_q=0 o_cswitch_done_val=0 o_cdone_val=0
[CTRL DEBUG] cycle=31000 state=0 start=0 incntlim=96 act_reps=64 wei_reps=64 ncontexts=1 context_cnt=0 act_cnt_en=0 wei_cnt_en=0 act_pop_en=0 wei_pop_en=0 psm_start=0 shift_done=0 done=0 cscnt_q=0 pop_shim_q2=0 cdone_q=0 o_cswitch_done_val=0 o_cdone_val=0
[CTRL DEBUG] cycle=31000 state=0 start=0 incntlim=96 act_reps=64 wei_reps=64 ncontexts=1 context_cnt=0 act_cnt_en=0 wei_cnt_en=0 act_pop_en=0 wei_pop_en=0 psm_start=0 shift_done=0 done=0 cscnt_q=0 pop_shim_q2=0 cdone_q=0 o_cswitch_done_val=0 o_cdone_val=0
[CTRL DEBUG] cycle=31000 state=0 start=0 incntlim=96 act_reps=64 wei_reps=64 ncontexts=1 context_cnt=0 act_cnt_en=0 wei_cnt_en=0 act_pop_en=0 wei_pop_en=0 psm_start=0 shift_done=0 done=0 cscnt_q=0 pop_shim_q2=0 cdone_q=0 o_cswitch_done_val=0 o_cdone_val=0
[CTRL DEBUG] cycle=31000 state=0 start=0 incntlim=96 act_reps=64 wei_reps=64 ncontexts=1 context_cnt=0 act_cnt_en=0 wei_cnt_en=0 act_pop_en=0 wei_pop_en=0 psm_start=0 shift_done=0 done=0 cscnt_q=0 pop_shim_q2=0 cdone_q=0 o_cswitch_done_val=0 o_cdone_val=0
[CTRL DEBUG] cycle=31000 state=0 start=0 incntlim=96 act_reps=64 wei_reps=64 ncontexts=1 context_cnt=0 act_cnt_en=0 wei_cnt_en=0 act_pop_en=0 wei_pop_en=0 psm_start=0 shift_done=0 done=0 cscnt_q=0 pop_shim_q2=0 cdone_q=0 o_cswitch_done_val=0 o_cdone_val=0
[CTRL DEBUG] cycle=31000 state=0 start=0 incntlim=96 act_reps=64 wei_reps=64 ncontexts=1 context_cnt=0 act_cnt_en=0 wei_cnt_en=0 act_pop_en=0 wei_pop_en=0 psm_start=0 shift_done=0 done=0 cscnt_q=0 pop_shim_q2=0 cdone_q=0 o_cswitch_done_val=0 o_cdone_val=0
[CTRL DEBUG] cycle=31500 state=0 start=0 incntlim=96 act_reps=64 wei_reps=64 ncontexts=1 context_cnt=0 act_cnt_en=0 wei_cnt_en=0 act_pop_en=0 wei_pop_en=0 psm_start=0 shift_done=0 done=0 cscnt_q=0 pop_shim_q2=0 cdone_q=0 o_cswitch_done_val=0 o_cdone_val=0
[CTRL DEBUG] cycle=31500 state=0 start=0 incntlim=96 act_reps=64 wei_reps=64 ncontexts=1 context_cnt=0 act_cnt_en=0 wei_cnt_en=0 act_pop_en=0 wei_pop_en=0 psm_start=0 shift_done=0 done=0 cscnt_q=0 pop_shim_q2=0 cdone_q=0 o_cswitch_done_val=0 o_cdone_val=0
[CTRL DEBUG] cycle=31500 state=0 start=0 incntlim=96 act_reps=64 wei_reps=64 ncontexts=1 context_cnt=0 act_cnt_en=0 wei_cnt_en=0 act_pop_en=0 wei_pop_en=0 psm_start=0 shift_done=0 done=0 cscnt_q=0 pop_shim_q2=0 cdone_q=0 o_cswitch_done_val=0 o_cdone_val=0
[CTRL DEBUG] cycle=31500 state=0 start=0 incntlim=96 act_reps=64 wei_reps=64 ncontexts=1 context_cnt=0 act_cnt_en=0 wei_cnt_en=0 act_pop_en=0 wei_pop_en=0 psm_start=0 shift_done=0 done=0 cscnt_q=0 pop_shim_q2=0 cdone_q=0 o_cswitch_done_val=0 o_cdone_val=0
[CTRL DEBUG] cycle=31500 state=0 start=0 incntlim=96 act_reps=64 wei_reps=64 ncontexts=1 context_cnt=0 act_cnt_en=0 wei_cnt_en=0 act_pop_en=0 wei_pop_en=0 psm_start=0 shift_done=0 done=0 cscnt_q=0 pop_shim_q2=0 cdone_q=0 o_cswitch_done_val=0 o_cdone_val=0
[CTRL DEBUG] cycle=31500 state=0 start=0 incntlim=96 act_reps=64 wei_reps=64 ncontexts=1 context_cnt=0 act_cnt_en=0 wei_cnt_en=0 act_pop_en=0 wei_pop_en=0 psm_start=0 shift_done=0 done=0 cscnt_q=0 pop_shim_q2=0 cdone_q=0 o_cswitch_done_val=0 o_cdone_val=0
[CTRL DEBUG] cycle=32000 state=0 start=0 incntlim=96 act_reps=64 wei_reps=64 ncontexts=1 context_cnt=0 act_cnt_en=0 wei_cnt_en=0 act_pop_en=0 wei_pop_en=0 psm_start=0 shift_done=0 done=0 cscnt_q=0 pop_shim_q2=0 cdone_q=0 o_cswitch_done_val=0 o_cdone_val=0
[CTRL DEBUG] cycle=32000 state=0 start=0 incntlim=96 act_reps=64 wei_reps=64 ncontexts=1 context_cnt=0 act_cnt_en=0 wei_cnt_en=0 act_pop_en=0 wei_pop_en=0 psm_start=0 shift_done=0 done=0 cscnt_q=0 pop_shim_q2=0 cdone_q=0 o_cswitch_done_val=0 o_cdone_val=0
[CTRL DEBUG] cycle=32000 state=0 start=0 incntlim=96 act_reps=64 wei_reps=64 ncontexts=1 context_cnt=0 act_cnt_en=0 wei_cnt_en=0 act_pop_en=0 wei_pop_en=0 psm_start=0 shift_done=0 done=0 cscnt_q=0 pop_shim_q2=0 cdone_q=0 o_cswitch_done_val=0 o_cdone_val=0
[CTRL DEBUG] cycle=32000 state=0 start=0 incntlim=96 act_reps=64 wei_reps=64 ncontexts=1 context_cnt=0 act_cnt_en=0 wei_cnt_en=0 act_pop_en=0 wei_pop_en=0 psm_start=0 shift_done=0 done=0 cscnt_q=0 pop_shim_q2=0 cdone_q=0 o_cswitch_done_val=0 o_cdone_val=0
[CTRL DEBUG] cycle=32000 state=0 start=0 incntlim=96 act_reps=64 wei_reps=64 ncontexts=1 context_cnt=0 act_cnt_en=0 wei_cnt_en=0 act_pop_en=0 wei_pop_en=0 psm_start=0 shift_done=0 done=0 cscnt_q=0 pop_shim_q2=0 cdone_q=0 o_cswitch_done_val=0 o_cdone_val=0
[CTRL DEBUG] cycle=32000 state=0 start=0 incntlim=96 act_reps=64 wei_reps=64 ncontexts=1 context_cnt=0 act_cnt_en=0 wei_cnt_en=0 act_pop_en=0 wei_pop_en=0 psm_start=0 shift_done=0 done=0 cscnt_q=0 pop_shim_q2=0 cdone_q=0 o_cswitch_done_val=0 o_cdone_val=0
[CTRL DEBUG] cycle=32500 state=0 start=0 incntlim=96 act_reps=64 wei_reps=64 ncontexts=1 context_cnt=0 act_cnt_en=0 wei_cnt_en=0 act_pop_en=0 wei_pop_en=0 psm_start=0 shift_done=0 done=0 cscnt_q=0 pop_shim_q2=0 cdone_q=0 o_cswitch_done_val=0 o_cdone_val=0
[CTRL DEBUG] cycle=32500 state=0 start=0 incntlim=96 act_reps=64 wei_reps=64 ncontexts=1 context_cnt=0 act_cnt_en=0 wei_cnt_en=0 act_pop_en=0 wei_pop_en=0 psm_start=0 shift_done=0 done=0 cscnt_q=0 pop_shim_q2=0 cdone_q=0 o_cswitch_done_val=0 o_cdone_val=0
[CTRL DEBUG] cycle=32500 state=0 start=0 incntlim=96 act_reps=64 wei_reps=64 ncontexts=1 context_cnt=0 act_cnt_en=0 wei_cnt_en=0 act_pop_en=0 wei_pop_en=0 psm_start=0 shift_done=0 done=0 cscnt_q=0 pop_shim_q2=0 cdone_q=0 o_cswitch_done_val=0 o_cdone_val=0
[CTRL DEBUG] cycle=32500 state=0 start=0 incntlim=96 act_reps=64 wei_reps=64 ncontexts=1 context_cnt=0 act_cnt_en=0 wei_cnt_en=0 act_pop_en=0 wei_pop_en=0 psm_start=0 shift_done=0 done=0 cscnt_q=0 pop_shim_q2=0 cdone_q=0 o_cswitch_done_val=0 o_cdone_val=0
[CTRL DEBUG] cycle=32500 state=0 start=0 incntlim=96 act_reps=64 wei_reps=64 ncontexts=1 context_cnt=0 act_cnt_en=0 wei_cnt_en=0 act_pop_en=0 wei_pop_en=0 psm_start=0 shift_done=0 done=0 cscnt_q=0 pop_shim_q2=0 cdone_q=0 o_cswitch_done_val=0 o_cdone_val=0
[CTRL DEBUG] cycle=32500 state=0 start=0 incntlim=96 act_reps=64 wei_reps=64 ncontexts=1 context_cnt=0 act_cnt_en=0 wei_cnt_en=0 act_pop_en=0 wei_pop_en=0 psm_start=0 shift_done=0 done=0 cscnt_q=0 pop_shim_q2=0 cdone_q=0 o_cswitch_done_val=0 o_cdone_val=0
[CTRL DEBUG] cycle=33000 state=0 start=0 incntlim=96 act_reps=64 wei_reps=64 ncontexts=1 context_cnt=0 act_cnt_en=0 wei_cnt_en=0 act_pop_en=0 wei_pop_en=0 psm_start=0 shift_done=0 done=0 cscnt_q=0 pop_shim_q2=0 cdone_q=0 o_cswitch_done_val=0 o_cdone_val=0
[CTRL DEBUG] cycle=33000 state=0 start=0 incntlim=96 act_reps=64 wei_reps=64 ncontexts=1 context_cnt=0 act_cnt_en=0 wei_cnt_en=0 act_pop_en=0 wei_pop_en=0 psm_start=0 shift_done=0 done=0 cscnt_q=0 pop_shim_q2=0 cdone_q=0 o_cswitch_done_val=0 o_cdone_val=0
[CTRL DEBUG] cycle=33000 state=0 start=0 incntlim=96 act_reps=64 wei_reps=64 ncontexts=1 context_cnt=0 act_cnt_en=0 wei_cnt_en=0 act_pop_en=0 wei_pop_en=0 psm_start=0 shift_done=0 done=0 cscnt_q=0 pop_shim_q2=0 cdone_q=0 o_cswitch_done_val=0 o_cdone_val=0
[CTRL DEBUG] cycle=33000 state=0 start=0 incntlim=96 act_reps=64 wei_reps=64 ncontexts=1 context_cnt=0 act_cnt_en=0 wei_cnt_en=0 act_pop_en=0 wei_pop_en=0 psm_start=0 shift_done=0 done=0 cscnt_q=0 pop_shim_q2=0 cdone_q=0 o_cswitch_done_val=0 o_cdone_val=0
[CTRL DEBUG] cycle=33000 state=0 start=0 incntlim=96 act_reps=64 wei_reps=64 ncontexts=1 context_cnt=0 act_cnt_en=0 wei_cnt_en=0 act_pop_en=0 wei_pop_en=0 psm_start=0 shift_done=0 done=0 cscnt_q=0 pop_shim_q2=0 cdone_q=0 o_cswitch_done_val=0 o_cdone_val=0
[CTRL DEBUG] cycle=33000 state=0 start=0 incntlim=96 act_reps=64 wei_reps=64 ncontexts=1 context_cnt=0 act_cnt_en=0 wei_cnt_en=0 act_pop_en=0 wei_pop_en=0 psm_start=0 shift_done=0 done=0 cscnt_q=0 pop_shim_q2=0 cdone_q=0 o_cswitch_done_val=0 o_cdone_val=0
[CTRL DEBUG] cycle=33500 state=0 start=0 incntlim=96 act_reps=64 wei_reps=64 ncontexts=1 context_cnt=0 act_cnt_en=0 wei_cnt_en=0 act_pop_en=0 wei_pop_en=0 psm_start=0 shift_done=0 done=0 cscnt_q=0 pop_shim_q2=0 cdone_q=0 o_cswitch_done_val=0 o_cdone_val=0
[CTRL DEBUG] cycle=33500 state=0 start=0 incntlim=96 act_reps=64 wei_reps=64 ncontexts=1 context_cnt=0 act_cnt_en=0 wei_cnt_en=0 act_pop_en=0 wei_pop_en=0 psm_start=0 shift_done=0 done=0 cscnt_q=0 pop_shim_q2=0 cdone_q=0 o_cswitch_done_val=0 o_cdone_val=0
[CTRL DEBUG] cycle=33500 state=0 start=0 incntlim=96 act_reps=64 wei_reps=64 ncontexts=1 context_cnt=0 act_cnt_en=0 wei_cnt_en=0 act_pop_en=0 wei_pop_en=0 psm_start=0 shift_done=0 done=0 cscnt_q=0 pop_shim_q2=0 cdone_q=0 o_cswitch_done_val=0 o_cdone_val=0
[CTRL DEBUG] cycle=33500 state=0 start=0 incntlim=96 act_reps=64 wei_reps=64 ncontexts=1 context_cnt=0 act_cnt_en=0 wei_cnt_en=0 act_pop_en=0 wei_pop_en=0 psm_start=0 shift_done=0 done=0 cscnt_q=0 pop_shim_q2=0 cdone_q=0 o_cswitch_done_val=0 o_cdone_val=0
[CTRL DEBUG] cycle=33500 state=0 start=0 incntlim=96 act_reps=64 wei_reps=64 ncontexts=1 context_cnt=0 act_cnt_en=0 wei_cnt_en=0 act_pop_en=0 wei_pop_en=0 psm_start=0 shift_done=0 done=0 cscnt_q=0 pop_shim_q2=0 cdone_q=0 o_cswitch_done_val=0 o_cdone_val=0
[CTRL DEBUG] cycle=33500 state=0 start=0 incntlim=96 act_reps=64 wei_reps=64 ncontexts=1 context_cnt=0 act_cnt_en=0 wei_cnt_en=0 act_pop_en=0 wei_pop_en=0 psm_start=0 shift_done=0 done=0 cscnt_q=0 pop_shim_q2=0 cdone_q=0 o_cswitch_done_val=0 o_cdone_val=0
[CTRL DEBUG] cycle=34000 state=0 start=0 incntlim=96 act_reps=64 wei_reps=64 ncontexts=1 context_cnt=0 act_cnt_en=0 wei_cnt_en=0 act_pop_en=0 wei_pop_en=0 psm_start=0 shift_done=0 done=0 cscnt_q=0 pop_shim_q2=0 cdone_q=0 o_cswitch_done_val=0 o_cdone_val=0
[CTRL DEBUG] cycle=34000 state=0 start=0 incntlim=96 act_reps=64 wei_reps=64 ncontexts=1 context_cnt=0 act_cnt_en=0 wei_cnt_en=0 act_pop_en=0 wei_pop_en=0 psm_start=0 shift_done=0 done=0 cscnt_q=0 pop_shim_q2=0 cdone_q=0 o_cswitch_done_val=0 o_cdone_val=0
[CTRL DEBUG] cycle=34000 state=0 start=0 incntlim=96 act_reps=64 wei_reps=64 ncontexts=1 context_cnt=0 act_cnt_en=0 wei_cnt_en=0 act_pop_en=0 wei_pop_en=0 psm_start=0 shift_done=0 done=0 cscnt_q=0 pop_shim_q2=0 cdone_q=0 o_cswitch_done_val=0 o_cdone_val=0
[CTRL DEBUG] cycle=34000 state=0 start=0 incntlim=96 act_reps=64 wei_reps=64 ncontexts=1 context_cnt=0 act_cnt_en=0 wei_cnt_en=0 act_pop_en=0 wei_pop_en=0 psm_start=0 shift_done=0 done=0 cscnt_q=0 pop_shim_q2=0 cdone_q=0 o_cswitch_done_val=0 o_cdone_val=0
[CTRL DEBUG] cycle=34000 state=0 start=0 incntlim=96 act_reps=64 wei_reps=64 ncontexts=1 context_cnt=0 act_cnt_en=0 wei_cnt_en=0 act_pop_en=0 wei_pop_en=0 psm_start=0 shift_done=0 done=0 cscnt_q=0 pop_shim_q2=0 cdone_q=0 o_cswitch_done_val=0 o_cdone_val=0
[CTRL DEBUG] cycle=34000 state=0 start=0 incntlim=96 act_reps=64 wei_reps=64 ncontexts=1 context_cnt=0 act_cnt_en=0 wei_cnt_en=0 act_pop_en=0 wei_pop_en=0 psm_start=0 shift_done=0 done=0 cscnt_q=0 pop_shim_q2=0 cdone_q=0 o_cswitch_done_val=0 o_cdone_val=0
[CTRL DEBUG] cycle=34500 state=0 start=0 incntlim=96 act_reps=64 wei_reps=64 ncontexts=1 context_cnt=0 act_cnt_en=0 wei_cnt_en=0 act_pop_en=0 wei_pop_en=0 psm_start=0 shift_done=0 done=0 cscnt_q=0 pop_shim_q2=0 cdone_q=0 o_cswitch_done_val=0 o_cdone_val=0
[CTRL DEBUG] cycle=34500 state=0 start=0 incntlim=96 act_reps=64 wei_reps=64 ncontexts=1 context_cnt=0 act_cnt_en=0 wei_cnt_en=0 act_pop_en=0 wei_pop_en=0 psm_start=0 shift_done=0 done=0 cscnt_q=0 pop_shim_q2=0 cdone_q=0 o_cswitch_done_val=0 o_cdone_val=0
[CTRL DEBUG] cycle=34500 state=0 start=0 incntlim=96 act_reps=64 wei_reps=64 ncontexts=1 context_cnt=0 act_cnt_en=0 wei_cnt_en=0 act_pop_en=0 wei_pop_en=0 psm_start=0 shift_done=0 done=0 cscnt_q=0 pop_shim_q2=0 cdone_q=0 o_cswitch_done_val=0 o_cdone_val=0
[CTRL DEBUG] cycle=34500 state=0 start=0 incntlim=96 act_reps=64 wei_reps=64 ncontexts=1 context_cnt=0 act_cnt_en=0 wei_cnt_en=0 act_pop_en=0 wei_pop_en=0 psm_start=0 shift_done=0 done=0 cscnt_q=0 pop_shim_q2=0 cdone_q=0 o_cswitch_done_val=0 o_cdone_val=0
[CTRL DEBUG] cycle=34500 state=0 start=0 incntlim=96 act_reps=64 wei_reps=64 ncontexts=1 context_cnt=0 act_cnt_en=0 wei_cnt_en=0 act_pop_en=0 wei_pop_en=0 psm_start=0 shift_done=0 done=0 cscnt_q=0 pop_shim_q2=0 cdone_q=0 o_cswitch_done_val=0 o_cdone_val=0
[CTRL DEBUG] cycle=34500 state=0 start=0 incntlim=96 act_reps=64 wei_reps=64 ncontexts=1 context_cnt=0 act_cnt_en=0 wei_cnt_en=0 act_pop_en=0 wei_pop_en=0 psm_start=0 shift_done=0 done=0 cscnt_q=0 pop_shim_q2=0 cdone_q=0 o_cswitch_done_val=0 o_cdone_val=0
[CTRL DEBUG] cycle=35000 state=0 start=0 incntlim=96 act_reps=64 wei_reps=64 ncontexts=1 context_cnt=0 act_cnt_en=0 wei_cnt_en=0 act_pop_en=0 wei_pop_en=0 psm_start=0 shift_done=0 done=0 cscnt_q=0 pop_shim_q2=0 cdone_q=0 o_cswitch_done_val=0 o_cdone_val=0
[CTRL DEBUG] cycle=35000 state=0 start=0 incntlim=96 act_reps=64 wei_reps=64 ncontexts=1 context_cnt=0 act_cnt_en=0 wei_cnt_en=0 act_pop_en=0 wei_pop_en=0 psm_start=0 shift_done=0 done=0 cscnt_q=0 pop_shim_q2=0 cdone_q=0 o_cswitch_done_val=0 o_cdone_val=0
[CTRL DEBUG] cycle=35000 state=0 start=0 incntlim=96 act_reps=64 wei_reps=64 ncontexts=1 context_cnt=0 act_cnt_en=0 wei_cnt_en=0 act_pop_en=0 wei_pop_en=0 psm_start=0 shift_done=0 done=0 cscnt_q=0 pop_shim_q2=0 cdone_q=0 o_cswitch_done_val=0 o_cdone_val=0
[CTRL DEBUG] cycle=35000 state=0 start=0 incntlim=96 act_reps=64 wei_reps=64 ncontexts=1 context_cnt=0 act_cnt_en=0 wei_cnt_en=0 act_pop_en=0 wei_pop_en=0 psm_start=0 shift_done=0 done=0 cscnt_q=0 pop_shim_q2=0 cdone_q=0 o_cswitch_done_val=0 o_cdone_val=0
[CTRL DEBUG] cycle=35000 state=0 start=0 incntlim=96 act_reps=64 wei_reps=64 ncontexts=1 context_cnt=0 act_cnt_en=0 wei_cnt_en=0 act_pop_en=0 wei_pop_en=0 psm_start=0 shift_done=0 done=0 cscnt_q=0 pop_shim_q2=0 cdone_q=0 o_cswitch_done_val=0 o_cdone_val=0
[CTRL DEBUG] cycle=35000 state=0 start=0 incntlim=96 act_reps=64 wei_reps=64 ncontexts=1 context_cnt=0 act_cnt_en=0 wei_cnt_en=0 act_pop_en=0 wei_pop_en=0 psm_start=0 shift_done=0 done=0 cscnt_q=0 pop_shim_q2=0 cdone_q=0 o_cswitch_done_val=0 o_cdone_val=0
[CTRL DEBUG] cycle=35500 state=0 start=0 incntlim=96 act_reps=64 wei_reps=64 ncontexts=1 context_cnt=0 act_cnt_en=0 wei_cnt_en=0 act_pop_en=0 wei_pop_en=0 psm_start=0 shift_done=0 done=0 cscnt_q=0 pop_shim_q2=0 cdone_q=0 o_cswitch_done_val=0 o_cdone_val=0
[CTRL DEBUG] cycle=35500 state=0 start=0 incntlim=96 act_reps=64 wei_reps=64 ncontexts=1 context_cnt=0 act_cnt_en=0 wei_cnt_en=0 act_pop_en=0 wei_pop_en=0 psm_start=0 shift_done=0 done=0 cscnt_q=0 pop_shim_q2=0 cdone_q=0 o_cswitch_done_val=0 o_cdone_val=0
[CTRL DEBUG] cycle=35500 state=0 start=0 incntlim=96 act_reps=64 wei_reps=64 ncontexts=1 context_cnt=0 act_cnt_en=0 wei_cnt_en=0 act_pop_en=0 wei_pop_en=0 psm_start=0 shift_done=0 done=0 cscnt_q=0 pop_shim_q2=0 cdone_q=0 o_cswitch_done_val=0 o_cdone_val=0
[CTRL DEBUG] cycle=35500 state=0 start=0 incntlim=96 act_reps=64 wei_reps=64 ncontexts=1 context_cnt=0 act_cnt_en=0 wei_cnt_en=0 act_pop_en=0 wei_pop_en=0 psm_start=0 shift_done=0 done=0 cscnt_q=0 pop_shim_q2=0 cdone_q=0 o_cswitch_done_val=0 o_cdone_val=0
[CTRL DEBUG] cycle=35500 state=0 start=0 incntlim=96 act_reps=64 wei_reps=64 ncontexts=1 context_cnt=0 act_cnt_en=0 wei_cnt_en=0 act_pop_en=0 wei_pop_en=0 psm_start=0 shift_done=0 done=0 cscnt_q=0 pop_shim_q2=0 cdone_q=0 o_cswitch_done_val=0 o_cdone_val=0
[CTRL DEBUG] cycle=35500 state=0 start=0 incntlim=96 act_reps=64 wei_reps=64 ncontexts=1 context_cnt=0 act_cnt_en=0 wei_cnt_en=0 act_pop_en=0 wei_pop_en=0 psm_start=0 shift_done=0 done=0 cscnt_q=0 pop_shim_q2=0 cdone_q=0 o_cswitch_done_val=0 o_cdone_val=0
[CTRL DEBUG] cycle=36000 state=0 start=0 incntlim=96 act_reps=64 wei_reps=64 ncontexts=1 context_cnt=0 act_cnt_en=0 wei_cnt_en=0 act_pop_en=0 wei_pop_en=0 psm_start=0 shift_done=0 done=0 cscnt_q=0 pop_shim_q2=0 cdone_q=0 o_cswitch_done_val=0 o_cdone_val=0
[CTRL DEBUG] cycle=36000 state=0 start=0 incntlim=96 act_reps=64 wei_reps=64 ncontexts=1 context_cnt=0 act_cnt_en=0 wei_cnt_en=0 act_pop_en=0 wei_pop_en=0 psm_start=0 shift_done=0 done=0 cscnt_q=0 pop_shim_q2=0 cdone_q=0 o_cswitch_done_val=0 o_cdone_val=0
[CTRL DEBUG] cycle=36000 state=0 start=0 incntlim=96 act_reps=64 wei_reps=64 ncontexts=1 context_cnt=0 act_cnt_en=0 wei_cnt_en=0 act_pop_en=0 wei_pop_en=0 psm_start=0 shift_done=0 done=0 cscnt_q=0 pop_shim_q2=0 cdone_q=0 o_cswitch_done_val=0 o_cdone_val=0
[CTRL DEBUG] cycle=36000 state=0 start=0 incntlim=96 act_reps=64 wei_reps=64 ncontexts=1 context_cnt=0 act_cnt_en=0 wei_cnt_en=0 act_pop_en=0 wei_pop_en=0 psm_start=0 shift_done=0 done=0 cscnt_q=0 pop_shim_q2=0 cdone_q=0 o_cswitch_done_val=0 o_cdone_val=0
[CTRL DEBUG] cycle=36000 state=0 start=0 incntlim=96 act_reps=64 wei_reps=64 ncontexts=1 context_cnt=0 act_cnt_en=0 wei_cnt_en=0 act_pop_en=0 wei_pop_en=0 psm_start=0 shift_done=0 done=0 cscnt_q=0 pop_shim_q2=0 cdone_q=0 o_cswitch_done_val=0 o_cdone_val=0
[CTRL DEBUG] cycle=36000 state=0 start=0 incntlim=96 act_reps=64 wei_reps=64 ncontexts=1 context_cnt=0 act_cnt_en=0 wei_cnt_en=0 act_pop_en=0 wei_pop_en=0 psm_start=0 shift_done=0 done=0 cscnt_q=0 pop_shim_q2=0 cdone_q=0 o_cswitch_done_val=0 o_cdone_val=0
[CTRL DEBUG] cycle=36500 state=0 start=0 incntlim=96 act_reps=64 wei_reps=64 ncontexts=1 context_cnt=0 act_cnt_en=0 wei_cnt_en=0 act_pop_en=0 wei_pop_en=0 psm_start=0 shift_done=0 done=0 cscnt_q=0 pop_shim_q2=0 cdone_q=0 o_cswitch_done_val=0 o_cdone_val=0
[CTRL DEBUG] cycle=36500 state=0 start=0 incntlim=96 act_reps=64 wei_reps=64 ncontexts=1 context_cnt=0 act_cnt_en=0 wei_cnt_en=0 act_pop_en=0 wei_pop_en=0 psm_start=0 shift_done=0 done=0 cscnt_q=0 pop_shim_q2=0 cdone_q=0 o_cswitch_done_val=0 o_cdone_val=0
[CTRL DEBUG] cycle=36500 state=0 start=0 incntlim=96 act_reps=64 wei_reps=64 ncontexts=1 context_cnt=0 act_cnt_en=0 wei_cnt_en=0 act_pop_en=0 wei_pop_en=0 psm_start=0 shift_done=0 done=0 cscnt_q=0 pop_shim_q2=0 cdone_q=0 o_cswitch_done_val=0 o_cdone_val=0
[CTRL DEBUG] cycle=36500 state=0 start=0 incntlim=96 act_reps=64 wei_reps=64 ncontexts=1 context_cnt=0 act_cnt_en=0 wei_cnt_en=0 act_pop_en=0 wei_pop_en=0 psm_start=0 shift_done=0 done=0 cscnt_q=0 pop_shim_q2=0 cdone_q=0 o_cswitch_done_val=0 o_cdone_val=0
[CTRL DEBUG] cycle=36500 state=0 start=0 incntlim=96 act_reps=64 wei_reps=64 ncontexts=1 context_cnt=0 act_cnt_en=0 wei_cnt_en=0 act_pop_en=0 wei_pop_en=0 psm_start=0 shift_done=0 done=0 cscnt_q=0 pop_shim_q2=0 cdone_q=0 o_cswitch_done_val=0 o_cdone_val=0
[CTRL DEBUG] cycle=36500 state=0 start=0 incntlim=96 act_reps=64 wei_reps=64 ncontexts=1 context_cnt=0 act_cnt_en=0 wei_cnt_en=0 act_pop_en=0 wei_pop_en=0 psm_start=0 shift_done=0 done=0 cscnt_q=0 pop_shim_q2=0 cdone_q=0 o_cswitch_done_val=0 o_cdone_val=0
[CTRL DEBUG] cycle=37000 state=0 start=0 incntlim=96 act_reps=64 wei_reps=64 ncontexts=1 context_cnt=0 act_cnt_en=0 wei_cnt_en=0 act_pop_en=0 wei_pop_en=0 psm_start=0 shift_done=0 done=0 cscnt_q=0 pop_shim_q2=0 cdone_q=0 o_cswitch_done_val=0 o_cdone_val=0
[CTRL DEBUG] cycle=37000 state=0 start=0 incntlim=96 act_reps=64 wei_reps=64 ncontexts=1 context_cnt=0 act_cnt_en=0 wei_cnt_en=0 act_pop_en=0 wei_pop_en=0 psm_start=0 shift_done=0 done=0 cscnt_q=0 pop_shim_q2=0 cdone_q=0 o_cswitch_done_val=0 o_cdone_val=0
[CTRL DEBUG] cycle=37000 state=0 start=0 incntlim=96 act_reps=64 wei_reps=64 ncontexts=1 context_cnt=0 act_cnt_en=0 wei_cnt_en=0 act_pop_en=0 wei_pop_en=0 psm_start=0 shift_done=0 done=0 cscnt_q=0 pop_shim_q2=0 cdone_q=0 o_cswitch_done_val=0 o_cdone_val=0
[CTRL DEBUG] cycle=37000 state=0 start=0 incntlim=96 act_reps=64 wei_reps=64 ncontexts=1 context_cnt=0 act_cnt_en=0 wei_cnt_en=0 act_pop_en=0 wei_pop_en=0 psm_start=0 shift_done=0 done=0 cscnt_q=0 pop_shim_q2=0 cdone_q=0 o_cswitch_done_val=0 o_cdone_val=0
[CTRL DEBUG] cycle=37000 state=0 start=0 incntlim=96 act_reps=64 wei_reps=64 ncontexts=1 context_cnt=0 act_cnt_en=0 wei_cnt_en=0 act_pop_en=0 wei_pop_en=0 psm_start=0 shift_done=0 done=0 cscnt_q=0 pop_shim_q2=0 cdone_q=0 o_cswitch_done_val=0 o_cdone_val=0
[CTRL DEBUG] cycle=37000 state=0 start=0 incntlim=96 act_reps=64 wei_reps=64 ncontexts=1 context_cnt=0 act_cnt_en=0 wei_cnt_en=0 act_pop_en=0 wei_pop_en=0 psm_start=0 shift_done=0 done=0 cscnt_q=0 pop_shim_q2=0 cdone_q=0 o_cswitch_done_val=0 o_cdone_val=0
[CTRL DEBUG] cycle=37500 state=0 start=0 incntlim=96 act_reps=64 wei_reps=64 ncontexts=1 context_cnt=0 act_cnt_en=0 wei_cnt_en=0 act_pop_en=0 wei_pop_en=0 psm_start=0 shift_done=0 done=0 cscnt_q=0 pop_shim_q2=0 cdone_q=0 o_cswitch_done_val=0 o_cdone_val=0
[CTRL DEBUG] cycle=37500 state=0 start=0 incntlim=96 act_reps=64 wei_reps=64 ncontexts=1 context_cnt=0 act_cnt_en=0 wei_cnt_en=0 act_pop_en=0 wei_pop_en=0 psm_start=0 shift_done=0 done=0 cscnt_q=0 pop_shim_q2=0 cdone_q=0 o_cswitch_done_val=0 o_cdone_val=0
[CTRL DEBUG] cycle=37500 state=0 start=0 incntlim=96 act_reps=64 wei_reps=64 ncontexts=1 context_cnt=0 act_cnt_en=0 wei_cnt_en=0 act_pop_en=0 wei_pop_en=0 psm_start=0 shift_done=0 done=0 cscnt_q=0 pop_shim_q2=0 cdone_q=0 o_cswitch_done_val=0 o_cdone_val=0
[CTRL DEBUG] cycle=37500 state=0 start=0 incntlim=96 act_reps=64 wei_reps=64 ncontexts=1 context_cnt=0 act_cnt_en=0 wei_cnt_en=0 act_pop_en=0 wei_pop_en=0 psm_start=0 shift_done=0 done=0 cscnt_q=0 pop_shim_q2=0 cdone_q=0 o_cswitch_done_val=0 o_cdone_val=0
[CTRL DEBUG] cycle=37500 state=0 start=0 incntlim=96 act_reps=64 wei_reps=64 ncontexts=1 context_cnt=0 act_cnt_en=0 wei_cnt_en=0 act_pop_en=0 wei_pop_en=0 psm_start=0 shift_done=0 done=0 cscnt_q=0 pop_shim_q2=0 cdone_q=0 o_cswitch_done_val=0 o_cdone_val=0
[CTRL DEBUG] cycle=37500 state=0 start=0 incntlim=96 act_reps=64 wei_reps=64 ncontexts=1 context_cnt=0 act_cnt_en=0 wei_cnt_en=0 act_pop_en=0 wei_pop_en=0 psm_start=0 shift_done=0 done=0 cscnt_q=0 pop_shim_q2=0 cdone_q=0 o_cswitch_done_val=0 o_cdone_val=0
[CTRL DEBUG] cycle=38000 state=0 start=0 incntlim=96 act_reps=64 wei_reps=64 ncontexts=1 context_cnt=0 act_cnt_en=0 wei_cnt_en=0 act_pop_en=0 wei_pop_en=0 psm_start=0 shift_done=0 done=0 cscnt_q=0 pop_shim_q2=0 cdone_q=0 o_cswitch_done_val=0 o_cdone_val=0
[CTRL DEBUG] cycle=38000 state=0 start=0 incntlim=96 act_reps=64 wei_reps=64 ncontexts=1 context_cnt=0 act_cnt_en=0 wei_cnt_en=0 act_pop_en=0 wei_pop_en=0 psm_start=0 shift_done=0 done=0 cscnt_q=0 pop_shim_q2=0 cdone_q=0 o_cswitch_done_val=0 o_cdone_val=0
[CTRL DEBUG] cycle=38000 state=0 start=0 incntlim=96 act_reps=64 wei_reps=64 ncontexts=1 context_cnt=0 act_cnt_en=0 wei_cnt_en=0 act_pop_en=0 wei_pop_en=0 psm_start=0 shift_done=0 done=0 cscnt_q=0 pop_shim_q2=0 cdone_q=0 o_cswitch_done_val=0 o_cdone_val=0
[CTRL DEBUG] cycle=38000 state=0 start=0 incntlim=96 act_reps=64 wei_reps=64 ncontexts=1 context_cnt=0 act_cnt_en=0 wei_cnt_en=0 act_pop_en=0 wei_pop_en=0 psm_start=0 shift_done=0 done=0 cscnt_q=0 pop_shim_q2=0 cdone_q=0 o_cswitch_done_val=0 o_cdone_val=0
[CTRL DEBUG] cycle=38000 state=0 start=0 incntlim=96 act_reps=64 wei_reps=64 ncontexts=1 context_cnt=0 act_cnt_en=0 wei_cnt_en=0 act_pop_en=0 wei_pop_en=0 psm_start=0 shift_done=0 done=0 cscnt_q=0 pop_shim_q2=0 cdone_q=0 o_cswitch_done_val=0 o_cdone_val=0
[CTRL DEBUG] cycle=38000 state=0 start=0 incntlim=96 act_reps=64 wei_reps=64 ncontexts=1 context_cnt=0 act_cnt_en=0 wei_cnt_en=0 act_pop_en=0 wei_pop_en=0 psm_start=0 shift_done=0 done=0 cscnt_q=0 pop_shim_q2=0 cdone_q=0 o_cswitch_done_val=0 o_cdone_val=0
[CTRL DEBUG] cycle=38500 state=0 start=0 incntlim=96 act_reps=64 wei_reps=64 ncontexts=1 context_cnt=0 act_cnt_en=0 wei_cnt_en=0 act_pop_en=0 wei_pop_en=0 psm_start=0 shift_done=0 done=0 cscnt_q=0 pop_shim_q2=0 cdone_q=0 o_cswitch_done_val=0 o_cdone_val=0
[CTRL DEBUG] cycle=38500 state=0 start=0 incntlim=96 act_reps=64 wei_reps=64 ncontexts=1 context_cnt=0 act_cnt_en=0 wei_cnt_en=0 act_pop_en=0 wei_pop_en=0 psm_start=0 shift_done=0 done=0 cscnt_q=0 pop_shim_q2=0 cdone_q=0 o_cswitch_done_val=0 o_cdone_val=0
[CTRL DEBUG] cycle=38500 state=0 start=0 incntlim=96 act_reps=64 wei_reps=64 ncontexts=1 context_cnt=0 act_cnt_en=0 wei_cnt_en=0 act_pop_en=0 wei_pop_en=0 psm_start=0 shift_done=0 done=0 cscnt_q=0 pop_shim_q2=0 cdone_q=0 o_cswitch_done_val=0 o_cdone_val=0
[CTRL DEBUG] cycle=38500 state=0 start=0 incntlim=96 act_reps=64 wei_reps=64 ncontexts=1 context_cnt=0 act_cnt_en=0 wei_cnt_en=0 act_pop_en=0 wei_pop_en=0 psm_start=0 shift_done=0 done=0 cscnt_q=0 pop_shim_q2=0 cdone_q=0 o_cswitch_done_val=0 o_cdone_val=0
[CTRL DEBUG] cycle=38500 state=0 start=0 incntlim=96 act_reps=64 wei_reps=64 ncontexts=1 context_cnt=0 act_cnt_en=0 wei_cnt_en=0 act_pop_en=0 wei_pop_en=0 psm_start=0 shift_done=0 done=0 cscnt_q=0 pop_shim_q2=0 cdone_q=0 o_cswitch_done_val=0 o_cdone_val=0
[CTRL DEBUG] cycle=38500 state=0 start=0 incntlim=96 act_reps=64 wei_reps=64 ncontexts=1 context_cnt=0 act_cnt_en=0 wei_cnt_en=0 act_pop_en=0 wei_pop_en=0 psm_start=0 shift_done=0 done=0 cscnt_q=0 pop_shim_q2=0 cdone_q=0 o_cswitch_done_val=0 o_cdone_val=0
[CTRL DEBUG] cycle=39000 state=0 start=0 incntlim=96 act_reps=64 wei_reps=64 ncontexts=1 context_cnt=0 act_cnt_en=0 wei_cnt_en=0 act_pop_en=0 wei_pop_en=0 psm_start=0 shift_done=0 done=0 cscnt_q=0 pop_shim_q2=0 cdone_q=0 o_cswitch_done_val=0 o_cdone_val=0
[CTRL DEBUG] cycle=39000 state=0 start=0 incntlim=96 act_reps=64 wei_reps=64 ncontexts=1 context_cnt=0 act_cnt_en=0 wei_cnt_en=0 act_pop_en=0 wei_pop_en=0 psm_start=0 shift_done=0 done=0 cscnt_q=0 pop_shim_q2=0 cdone_q=0 o_cswitch_done_val=0 o_cdone_val=0
[CTRL DEBUG] cycle=39000 state=0 start=0 incntlim=96 act_reps=64 wei_reps=64 ncontexts=1 context_cnt=0 act_cnt_en=0 wei_cnt_en=0 act_pop_en=0 wei_pop_en=0 psm_start=0 shift_done=0 done=0 cscnt_q=0 pop_shim_q2=0 cdone_q=0 o_cswitch_done_val=0 o_cdone_val=0
[CTRL DEBUG] cycle=39000 state=0 start=0 incntlim=96 act_reps=64 wei_reps=64 ncontexts=1 context_cnt=0 act_cnt_en=0 wei_cnt_en=0 act_pop_en=0 wei_pop_en=0 psm_start=0 shift_done=0 done=0 cscnt_q=0 pop_shim_q2=0 cdone_q=0 o_cswitch_done_val=0 o_cdone_val=0
[CTRL DEBUG] cycle=39000 state=0 start=0 incntlim=96 act_reps=64 wei_reps=64 ncontexts=1 context_cnt=0 act_cnt_en=0 wei_cnt_en=0 act_pop_en=0 wei_pop_en=0 psm_start=0 shift_done=0 done=0 cscnt_q=0 pop_shim_q2=0 cdone_q=0 o_cswitch_done_val=0 o_cdone_val=0
[CTRL DEBUG] cycle=39000 state=0 start=0 incntlim=96 act_reps=64 wei_reps=64 ncontexts=1 context_cnt=0 act_cnt_en=0 wei_cnt_en=0 act_pop_en=0 wei_pop_en=0 psm_start=0 shift_done=0 done=0 cscnt_q=0 pop_shim_q2=0 cdone_q=0 o_cswitch_done_val=0 o_cdone_val=0
[CTRL DEBUG] cycle=39500 state=0 start=0 incntlim=96 act_reps=64 wei_reps=64 ncontexts=1 context_cnt=0 act_cnt_en=0 wei_cnt_en=0 act_pop_en=0 wei_pop_en=0 psm_start=0 shift_done=0 done=0 cscnt_q=0 pop_shim_q2=0 cdone_q=0 o_cswitch_done_val=0 o_cdone_val=0
[CTRL DEBUG] cycle=39500 state=0 start=0 incntlim=96 act_reps=64 wei_reps=64 ncontexts=1 context_cnt=0 act_cnt_en=0 wei_cnt_en=0 act_pop_en=0 wei_pop_en=0 psm_start=0 shift_done=0 done=0 cscnt_q=0 pop_shim_q2=0 cdone_q=0 o_cswitch_done_val=0 o_cdone_val=0
[CTRL DEBUG] cycle=39500 state=0 start=0 incntlim=96 act_reps=64 wei_reps=64 ncontexts=1 context_cnt=0 act_cnt_en=0 wei_cnt_en=0 act_pop_en=0 wei_pop_en=0 psm_start=0 shift_done=0 done=0 cscnt_q=0 pop_shim_q2=0 cdone_q=0 o_cswitch_done_val=0 o_cdone_val=0
[CTRL DEBUG] cycle=39500 state=0 start=0 incntlim=96 act_reps=64 wei_reps=64 ncontexts=1 context_cnt=0 act_cnt_en=0 wei_cnt_en=0 act_pop_en=0 wei_pop_en=0 psm_start=0 shift_done=0 done=0 cscnt_q=0 pop_shim_q2=0 cdone_q=0 o_cswitch_done_val=0 o_cdone_val=0
[CTRL DEBUG] cycle=39500 state=0 start=0 incntlim=96 act_reps=64 wei_reps=64 ncontexts=1 context_cnt=0 act_cnt_en=0 wei_cnt_en=0 act_pop_en=0 wei_pop_en=0 psm_start=0 shift_done=0 done=0 cscnt_q=0 pop_shim_q2=0 cdone_q=0 o_cswitch_done_val=0 o_cdone_val=0
[CTRL DEBUG] cycle=39500 state=0 start=0 incntlim=96 act_reps=64 wei_reps=64 ncontexts=1 context_cnt=0 act_cnt_en=0 wei_cnt_en=0 act_pop_en=0 wei_pop_en=0 psm_start=0 shift_done=0 done=0 cscnt_q=0 pop_shim_q2=0 cdone_q=0 o_cswitch_done_val=0 o_cdone_val=0
[CTRL DEBUG] cycle=40000 state=0 start=0 incntlim=96 act_reps=64 wei_reps=64 ncontexts=1 context_cnt=0 act_cnt_en=0 wei_cnt_en=0 act_pop_en=0 wei_pop_en=0 psm_start=0 shift_done=0 done=0 cscnt_q=0 pop_shim_q2=0 cdone_q=0 o_cswitch_done_val=0 o_cdone_val=0
[CTRL DEBUG] cycle=40000 state=0 start=0 incntlim=96 act_reps=64 wei_reps=64 ncontexts=1 context_cnt=0 act_cnt_en=0 wei_cnt_en=0 act_pop_en=0 wei_pop_en=0 psm_start=0 shift_done=0 done=0 cscnt_q=0 pop_shim_q2=0 cdone_q=0 o_cswitch_done_val=0 o_cdone_val=0
[CTRL DEBUG] cycle=40000 state=0 start=0 incntlim=96 act_reps=64 wei_reps=64 ncontexts=1 context_cnt=0 act_cnt_en=0 wei_cnt_en=0 act_pop_en=0 wei_pop_en=0 psm_start=0 shift_done=0 done=0 cscnt_q=0 pop_shim_q2=0 cdone_q=0 o_cswitch_done_val=0 o_cdone_val=0
[CTRL DEBUG] cycle=40000 state=0 start=0 incntlim=96 act_reps=64 wei_reps=64 ncontexts=1 context_cnt=0 act_cnt_en=0 wei_cnt_en=0 act_pop_en=0 wei_pop_en=0 psm_start=0 shift_done=0 done=0 cscnt_q=0 pop_shim_q2=0 cdone_q=0 o_cswitch_done_val=0 o_cdone_val=0
[CTRL DEBUG] cycle=40000 state=0 start=0 incntlim=96 act_reps=64 wei_reps=64 ncontexts=1 context_cnt=0 act_cnt_en=0 wei_cnt_en=0 act_pop_en=0 wei_pop_en=0 psm_start=0 shift_done=0 done=0 cscnt_q=0 pop_shim_q2=0 cdone_q=0 o_cswitch_done_val=0 o_cdone_val=0
[CTRL DEBUG] cycle=40000 state=0 start=0 incntlim=96 act_reps=64 wei_reps=64 ncontexts=1 context_cnt=0 act_cnt_en=0 wei_cnt_en=0 act_pop_en=0 wei_pop_en=0 psm_start=0 shift_done=0 done=0 cscnt_q=0 pop_shim_q2=0 cdone_q=0 o_cswitch_done_val=0 o_cdone_val=0
[CTRL DEBUG] cycle=40500 state=0 start=0 incntlim=96 act_reps=64 wei_reps=64 ncontexts=1 context_cnt=0 act_cnt_en=0 wei_cnt_en=0 act_pop_en=0 wei_pop_en=0 psm_start=0 shift_done=0 done=0 cscnt_q=0 pop_shim_q2=0 cdone_q=0 o_cswitch_done_val=0 o_cdone_val=0
[CTRL DEBUG] cycle=40500 state=0 start=0 incntlim=96 act_reps=64 wei_reps=64 ncontexts=1 context_cnt=0 act_cnt_en=0 wei_cnt_en=0 act_pop_en=0 wei_pop_en=0 psm_start=0 shift_done=0 done=0 cscnt_q=0 pop_shim_q2=0 cdone_q=0 o_cswitch_done_val=0 o_cdone_val=0
[CTRL DEBUG] cycle=40500 state=0 start=0 incntlim=96 act_reps=64 wei_reps=64 ncontexts=1 context_cnt=0 act_cnt_en=0 wei_cnt_en=0 act_pop_en=0 wei_pop_en=0 psm_start=0 shift_done=0 done=0 cscnt_q=0 pop_shim_q2=0 cdone_q=0 o_cswitch_done_val=0 o_cdone_val=0
[CTRL DEBUG] cycle=40500 state=0 start=0 incntlim=96 act_reps=64 wei_reps=64 ncontexts=1 context_cnt=0 act_cnt_en=0 wei_cnt_en=0 act_pop_en=0 wei_pop_en=0 psm_start=0 shift_done=0 done=0 cscnt_q=0 pop_shim_q2=0 cdone_q=0 o_cswitch_done_val=0 o_cdone_val=0
[CTRL DEBUG] cycle=40500 state=0 start=0 incntlim=96 act_reps=64 wei_reps=64 ncontexts=1 context_cnt=0 act_cnt_en=0 wei_cnt_en=0 act_pop_en=0 wei_pop_en=0 psm_start=0 shift_done=0 done=0 cscnt_q=0 pop_shim_q2=0 cdone_q=0 o_cswitch_done_val=0 o_cdone_val=0
[CTRL DEBUG] cycle=40500 state=0 start=0 incntlim=96 act_reps=64 wei_reps=64 ncontexts=1 context_cnt=0 act_cnt_en=0 wei_cnt_en=0 act_pop_en=0 wei_pop_en=0 psm_start=0 shift_done=0 done=0 cscnt_q=0 pop_shim_q2=0 cdone_q=0 o_cswitch_done_val=0 o_cdone_val=0
[CTRL DEBUG] cycle=41000 state=0 start=0 incntlim=96 act_reps=64 wei_reps=64 ncontexts=1 context_cnt=0 act_cnt_en=0 wei_cnt_en=0 act_pop_en=0 wei_pop_en=0 psm_start=0 shift_done=0 done=0 cscnt_q=0 pop_shim_q2=0 cdone_q=0 o_cswitch_done_val=0 o_cdone_val=0
[CTRL DEBUG] cycle=41000 state=0 start=0 incntlim=96 act_reps=64 wei_reps=64 ncontexts=1 context_cnt=0 act_cnt_en=0 wei_cnt_en=0 act_pop_en=0 wei_pop_en=0 psm_start=0 shift_done=0 done=0 cscnt_q=0 pop_shim_q2=0 cdone_q=0 o_cswitch_done_val=0 o_cdone_val=0
[CTRL DEBUG] cycle=41000 state=0 start=0 incntlim=96 act_reps=64 wei_reps=64 ncontexts=1 context_cnt=0 act_cnt_en=0 wei_cnt_en=0 act_pop_en=0 wei_pop_en=0 psm_start=0 shift_done=0 done=0 cscnt_q=0 pop_shim_q2=0 cdone_q=0 o_cswitch_done_val=0 o_cdone_val=0
[CTRL DEBUG] cycle=41000 state=0 start=0 incntlim=96 act_reps=64 wei_reps=64 ncontexts=1 context_cnt=0 act_cnt_en=0 wei_cnt_en=0 act_pop_en=0 wei_pop_en=0 psm_start=0 shift_done=0 done=0 cscnt_q=0 pop_shim_q2=0 cdone_q=0 o_cswitch_done_val=0 o_cdone_val=0
[CTRL DEBUG] cycle=41000 state=0 start=0 incntlim=96 act_reps=64 wei_reps=64 ncontexts=1 context_cnt=0 act_cnt_en=0 wei_cnt_en=0 act_pop_en=0 wei_pop_en=0 psm_start=0 shift_done=0 done=0 cscnt_q=0 pop_shim_q2=0 cdone_q=0 o_cswitch_done_val=0 o_cdone_val=0
[CTRL DEBUG] cycle=41000 state=0 start=0 incntlim=96 act_reps=64 wei_reps=64 ncontexts=1 context_cnt=0 act_cnt_en=0 wei_cnt_en=0 act_pop_en=0 wei_pop_en=0 psm_start=0 shift_done=0 done=0 cscnt_q=0 pop_shim_q2=0 cdone_q=0 o_cswitch_done_val=0 o_cdone_val=0
[CTRL DEBUG] cycle=41500 state=0 start=0 incntlim=96 act_reps=64 wei_reps=64 ncontexts=1 context_cnt=0 act_cnt_en=0 wei_cnt_en=0 act_pop_en=0 wei_pop_en=0 psm_start=0 shift_done=0 done=0 cscnt_q=0 pop_shim_q2=0 cdone_q=0 o_cswitch_done_val=0 o_cdone_val=0
[CTRL DEBUG] cycle=41500 state=0 start=0 incntlim=96 act_reps=64 wei_reps=64 ncontexts=1 context_cnt=0 act_cnt_en=0 wei_cnt_en=0 act_pop_en=0 wei_pop_en=0 psm_start=0 shift_done=0 done=0 cscnt_q=0 pop_shim_q2=0 cdone_q=0 o_cswitch_done_val=0 o_cdone_val=0
[CTRL DEBUG] cycle=41500 state=0 start=0 incntlim=96 act_reps=64 wei_reps=64 ncontexts=1 context_cnt=0 act_cnt_en=0 wei_cnt_en=0 act_pop_en=0 wei_pop_en=0 psm_start=0 shift_done=0 done=0 cscnt_q=0 pop_shim_q2=0 cdone_q=0 o_cswitch_done_val=0 o_cdone_val=0
[CTRL DEBUG] cycle=41500 state=0 start=0 incntlim=96 act_reps=64 wei_reps=64 ncontexts=1 context_cnt=0 act_cnt_en=0 wei_cnt_en=0 act_pop_en=0 wei_pop_en=0 psm_start=0 shift_done=0 done=0 cscnt_q=0 pop_shim_q2=0 cdone_q=0 o_cswitch_done_val=0 o_cdone_val=0
[CTRL DEBUG] cycle=41500 state=0 start=0 incntlim=96 act_reps=64 wei_reps=64 ncontexts=1 context_cnt=0 act_cnt_en=0 wei_cnt_en=0 act_pop_en=0 wei_pop_en=0 psm_start=0 shift_done=0 done=0 cscnt_q=0 pop_shim_q2=0 cdone_q=0 o_cswitch_done_val=0 o_cdone_val=0
[CTRL DEBUG] cycle=41500 state=0 start=0 incntlim=96 act_reps=64 wei_reps=64 ncontexts=1 context_cnt=0 act_cnt_en=0 wei_cnt_en=0 act_pop_en=0 wei_pop_en=0 psm_start=0 shift_done=0 done=0 cscnt_q=0 pop_shim_q2=0 cdone_q=0 o_cswitch_done_val=0 o_cdone_val=0
[CTRL DEBUG] cycle=42000 state=0 start=0 incntlim=96 act_reps=64 wei_reps=64 ncontexts=1 context_cnt=0 act_cnt_en=0 wei_cnt_en=0 act_pop_en=0 wei_pop_en=0 psm_start=0 shift_done=0 done=0 cscnt_q=0 pop_shim_q2=0 cdone_q=0 o_cswitch_done_val=0 o_cdone_val=0
[CTRL DEBUG] cycle=42000 state=0 start=0 incntlim=96 act_reps=64 wei_reps=64 ncontexts=1 context_cnt=0 act_cnt_en=0 wei_cnt_en=0 act_pop_en=0 wei_pop_en=0 psm_start=0 shift_done=0 done=0 cscnt_q=0 pop_shim_q2=0 cdone_q=0 o_cswitch_done_val=0 o_cdone_val=0
[CTRL DEBUG] cycle=42000 state=0 start=0 incntlim=96 act_reps=64 wei_reps=64 ncontexts=1 context_cnt=0 act_cnt_en=0 wei_cnt_en=0 act_pop_en=0 wei_pop_en=0 psm_start=0 shift_done=0 done=0 cscnt_q=0 pop_shim_q2=0 cdone_q=0 o_cswitch_done_val=0 o_cdone_val=0
[CTRL DEBUG] cycle=42000 state=0 start=0 incntlim=96 act_reps=64 wei_reps=64 ncontexts=1 context_cnt=0 act_cnt_en=0 wei_cnt_en=0 act_pop_en=0 wei_pop_en=0 psm_start=0 shift_done=0 done=0 cscnt_q=0 pop_shim_q2=0 cdone_q=0 o_cswitch_done_val=0 o_cdone_val=0
[CTRL DEBUG] cycle=42000 state=0 start=0 incntlim=96 act_reps=64 wei_reps=64 ncontexts=1 context_cnt=0 act_cnt_en=0 wei_cnt_en=0 act_pop_en=0 wei_pop_en=0 psm_start=0 shift_done=0 done=0 cscnt_q=0 pop_shim_q2=0 cdone_q=0 o_cswitch_done_val=0 o_cdone_val=0
[CTRL DEBUG] cycle=42000 state=0 start=0 incntlim=96 act_reps=64 wei_reps=64 ncontexts=1 context_cnt=0 act_cnt_en=0 wei_cnt_en=0 act_pop_en=0 wei_pop_en=0 psm_start=0 shift_done=0 done=0 cscnt_q=0 pop_shim_q2=0 cdone_q=0 o_cswitch_done_val=0 o_cdone_val=0
[CTRL DEBUG] cycle=42500 state=0 start=0 incntlim=96 act_reps=64 wei_reps=64 ncontexts=1 context_cnt=0 act_cnt_en=0 wei_cnt_en=0 act_pop_en=0 wei_pop_en=0 psm_start=0 shift_done=0 done=0 cscnt_q=0 pop_shim_q2=0 cdone_q=0 o_cswitch_done_val=0 o_cdone_val=0
[CTRL DEBUG] cycle=42500 state=0 start=0 incntlim=96 act_reps=64 wei_reps=64 ncontexts=1 context_cnt=0 act_cnt_en=0 wei_cnt_en=0 act_pop_en=0 wei_pop_en=0 psm_start=0 shift_done=0 done=0 cscnt_q=0 pop_shim_q2=0 cdone_q=0 o_cswitch_done_val=0 o_cdone_val=0
[CTRL DEBUG] cycle=42500 state=0 start=0 incntlim=96 act_reps=64 wei_reps=64 ncontexts=1 context_cnt=0 act_cnt_en=0 wei_cnt_en=0 act_pop_en=0 wei_pop_en=0 psm_start=0 shift_done=0 done=0 cscnt_q=0 pop_shim_q2=0 cdone_q=0 o_cswitch_done_val=0 o_cdone_val=0
[CTRL DEBUG] cycle=42500 state=0 start=0 incntlim=96 act_reps=64 wei_reps=64 ncontexts=1 context_cnt=0 act_cnt_en=0 wei_cnt_en=0 act_pop_en=0 wei_pop_en=0 psm_start=0 shift_done=0 done=0 cscnt_q=0 pop_shim_q2=0 cdone_q=0 o_cswitch_done_val=0 o_cdone_val=0
[CTRL DEBUG] cycle=42500 state=0 start=0 incntlim=96 act_reps=64 wei_reps=64 ncontexts=1 context_cnt=0 act_cnt_en=0 wei_cnt_en=0 act_pop_en=0 wei_pop_en=0 psm_start=0 shift_done=0 done=0 cscnt_q=0 pop_shim_q2=0 cdone_q=0 o_cswitch_done_val=0 o_cdone_val=0
[CTRL DEBUG] cycle=42500 state=0 start=0 incntlim=96 act_reps=64 wei_reps=64 ncontexts=1 context_cnt=0 act_cnt_en=0 wei_cnt_en=0 act_pop_en=0 wei_pop_en=0 psm_start=0 shift_done=0 done=0 cscnt_q=0 pop_shim_q2=0 cdone_q=0 o_cswitch_done_val=0 o_cdone_val=0
[CTRL DEBUG] cycle=43000 state=0 start=0 incntlim=96 act_reps=64 wei_reps=64 ncontexts=1 context_cnt=0 act_cnt_en=0 wei_cnt_en=0 act_pop_en=0 wei_pop_en=0 psm_start=0 shift_done=0 done=0 cscnt_q=0 pop_shim_q2=0 cdone_q=0 o_cswitch_done_val=0 o_cdone_val=0
[CTRL DEBUG] cycle=43000 state=0 start=0 incntlim=96 act_reps=64 wei_reps=64 ncontexts=1 context_cnt=0 act_cnt_en=0 wei_cnt_en=0 act_pop_en=0 wei_pop_en=0 psm_start=0 shift_done=0 done=0 cscnt_q=0 pop_shim_q2=0 cdone_q=0 o_cswitch_done_val=0 o_cdone_val=0
[CTRL DEBUG] cycle=43000 state=0 start=0 incntlim=96 act_reps=64 wei_reps=64 ncontexts=1 context_cnt=0 act_cnt_en=0 wei_cnt_en=0 act_pop_en=0 wei_pop_en=0 psm_start=0 shift_done=0 done=0 cscnt_q=0 pop_shim_q2=0 cdone_q=0 o_cswitch_done_val=0 o_cdone_val=0
[CTRL DEBUG] cycle=43000 state=0 start=0 incntlim=96 act_reps=64 wei_reps=64 ncontexts=1 context_cnt=0 act_cnt_en=0 wei_cnt_en=0 act_pop_en=0 wei_pop_en=0 psm_start=0 shift_done=0 done=0 cscnt_q=0 pop_shim_q2=0 cdone_q=0 o_cswitch_done_val=0 o_cdone_val=0
[CTRL DEBUG] cycle=43000 state=0 start=0 incntlim=96 act_reps=64 wei_reps=64 ncontexts=1 context_cnt=0 act_cnt_en=0 wei_cnt_en=0 act_pop_en=0 wei_pop_en=0 psm_start=0 shift_done=0 done=0 cscnt_q=0 pop_shim_q2=0 cdone_q=0 o_cswitch_done_val=0 o_cdone_val=0
[CTRL DEBUG] cycle=43000 state=0 start=0 incntlim=96 act_reps=64 wei_reps=64 ncontexts=1 context_cnt=0 act_cnt_en=0 wei_cnt_en=0 act_pop_en=0 wei_pop_en=0 psm_start=0 shift_done=0 done=0 cscnt_q=0 pop_shim_q2=0 cdone_q=0 o_cswitch_done_val=0 o_cdone_val=0
[CTRL DEBUG] cycle=43500 state=0 start=0 incntlim=96 act_reps=64 wei_reps=64 ncontexts=1 context_cnt=0 act_cnt_en=0 wei_cnt_en=0 act_pop_en=0 wei_pop_en=0 psm_start=0 shift_done=0 done=0 cscnt_q=0 pop_shim_q2=0 cdone_q=0 o_cswitch_done_val=0 o_cdone_val=0
[CTRL DEBUG] cycle=43500 state=0 start=0 incntlim=96 act_reps=64 wei_reps=64 ncontexts=1 context_cnt=0 act_cnt_en=0 wei_cnt_en=0 act_pop_en=0 wei_pop_en=0 psm_start=0 shift_done=0 done=0 cscnt_q=0 pop_shim_q2=0 cdone_q=0 o_cswitch_done_val=0 o_cdone_val=0
[CTRL DEBUG] cycle=43500 state=0 start=0 incntlim=96 act_reps=64 wei_reps=64 ncontexts=1 context_cnt=0 act_cnt_en=0 wei_cnt_en=0 act_pop_en=0 wei_pop_en=0 psm_start=0 shift_done=0 done=0 cscnt_q=0 pop_shim_q2=0 cdone_q=0 o_cswitch_done_val=0 o_cdone_val=0
[CTRL DEBUG] cycle=43500 state=0 start=0 incntlim=96 act_reps=64 wei_reps=64 ncontexts=1 context_cnt=0 act_cnt_en=0 wei_cnt_en=0 act_pop_en=0 wei_pop_en=0 psm_start=0 shift_done=0 done=0 cscnt_q=0 pop_shim_q2=0 cdone_q=0 o_cswitch_done_val=0 o_cdone_val=0
[CTRL DEBUG] cycle=43500 state=0 start=0 incntlim=96 act_reps=64 wei_reps=64 ncontexts=1 context_cnt=0 act_cnt_en=0 wei_cnt_en=0 act_pop_en=0 wei_pop_en=0 psm_start=0 shift_done=0 done=0 cscnt_q=0 pop_shim_q2=0 cdone_q=0 o_cswitch_done_val=0 o_cdone_val=0
[CTRL DEBUG] cycle=43500 state=0 start=0 incntlim=96 act_reps=64 wei_reps=64 ncontexts=1 context_cnt=0 act_cnt_en=0 wei_cnt_en=0 act_pop_en=0 wei_pop_en=0 psm_start=0 shift_done=0 done=0 cscnt_q=0 pop_shim_q2=0 cdone_q=0 o_cswitch_done_val=0 o_cdone_val=0
[CTRL DEBUG] cycle=44000 state=0 start=0 incntlim=96 act_reps=64 wei_reps=64 ncontexts=1 context_cnt=0 act_cnt_en=0 wei_cnt_en=0 act_pop_en=0 wei_pop_en=0 psm_start=0 shift_done=0 done=0 cscnt_q=0 pop_shim_q2=0 cdone_q=0 o_cswitch_done_val=0 o_cdone_val=0
[CTRL DEBUG] cycle=44000 state=0 start=0 incntlim=96 act_reps=64 wei_reps=64 ncontexts=1 context_cnt=0 act_cnt_en=0 wei_cnt_en=0 act_pop_en=0 wei_pop_en=0 psm_start=0 shift_done=0 done=0 cscnt_q=0 pop_shim_q2=0 cdone_q=0 o_cswitch_done_val=0 o_cdone_val=0
[CTRL DEBUG] cycle=44000 state=0 start=0 incntlim=96 act_reps=64 wei_reps=64 ncontexts=1 context_cnt=0 act_cnt_en=0 wei_cnt_en=0 act_pop_en=0 wei_pop_en=0 psm_start=0 shift_done=0 done=0 cscnt_q=0 pop_shim_q2=0 cdone_q=0 o_cswitch_done_val=0 o_cdone_val=0
[CTRL DEBUG] cycle=44000 state=0 start=0 incntlim=96 act_reps=64 wei_reps=64 ncontexts=1 context_cnt=0 act_cnt_en=0 wei_cnt_en=0 act_pop_en=0 wei_pop_en=0 psm_start=0 shift_done=0 done=0 cscnt_q=0 pop_shim_q2=0 cdone_q=0 o_cswitch_done_val=0 o_cdone_val=0
[CTRL DEBUG] cycle=44000 state=0 start=0 incntlim=96 act_reps=64 wei_reps=64 ncontexts=1 context_cnt=0 act_cnt_en=0 wei_cnt_en=0 act_pop_en=0 wei_pop_en=0 psm_start=0 shift_done=0 done=0 cscnt_q=0 pop_shim_q2=0 cdone_q=0 o_cswitch_done_val=0 o_cdone_val=0
[CTRL DEBUG] cycle=44000 state=0 start=0 incntlim=96 act_reps=64 wei_reps=64 ncontexts=1 context_cnt=0 act_cnt_en=0 wei_cnt_en=0 act_pop_en=0 wei_pop_en=0 psm_start=0 shift_done=0 done=0 cscnt_q=0 pop_shim_q2=0 cdone_q=0 o_cswitch_done_val=0 o_cdone_val=0
[CTRL DEBUG] cycle=44500 state=0 start=0 incntlim=96 act_reps=64 wei_reps=64 ncontexts=1 context_cnt=0 act_cnt_en=0 wei_cnt_en=0 act_pop_en=0 wei_pop_en=0 psm_start=0 shift_done=0 done=0 cscnt_q=0 pop_shim_q2=0 cdone_q=0 o_cswitch_done_val=0 o_cdone_val=0
[CTRL DEBUG] cycle=44500 state=0 start=0 incntlim=96 act_reps=64 wei_reps=64 ncontexts=1 context_cnt=0 act_cnt_en=0 wei_cnt_en=0 act_pop_en=0 wei_pop_en=0 psm_start=0 shift_done=0 done=0 cscnt_q=0 pop_shim_q2=0 cdone_q=0 o_cswitch_done_val=0 o_cdone_val=0
[CTRL DEBUG] cycle=44500 state=0 start=0 incntlim=96 act_reps=64 wei_reps=64 ncontexts=1 context_cnt=0 act_cnt_en=0 wei_cnt_en=0 act_pop_en=0 wei_pop_en=0 psm_start=0 shift_done=0 done=0 cscnt_q=0 pop_shim_q2=0 cdone_q=0 o_cswitch_done_val=0 o_cdone_val=0
[CTRL DEBUG] cycle=44500 state=0 start=0 incntlim=96 act_reps=64 wei_reps=64 ncontexts=1 context_cnt=0 act_cnt_en=0 wei_cnt_en=0 act_pop_en=0 wei_pop_en=0 psm_start=0 shift_done=0 done=0 cscnt_q=0 pop_shim_q2=0 cdone_q=0 o_cswitch_done_val=0 o_cdone_val=0
[CTRL DEBUG] cycle=44500 state=0 start=0 incntlim=96 act_reps=64 wei_reps=64 ncontexts=1 context_cnt=0 act_cnt_en=0 wei_cnt_en=0 act_pop_en=0 wei_pop_en=0 psm_start=0 shift_done=0 done=0 cscnt_q=0 pop_shim_q2=0 cdone_q=0 o_cswitch_done_val=0 o_cdone_val=0
[CTRL DEBUG] cycle=44500 state=0 start=0 incntlim=96 act_reps=64 wei_reps=64 ncontexts=1 context_cnt=0 act_cnt_en=0 wei_cnt_en=0 act_pop_en=0 wei_pop_en=0 psm_start=0 shift_done=0 done=0 cscnt_q=0 pop_shim_q2=0 cdone_q=0 o_cswitch_done_val=0 o_cdone_val=0
[CTRL DEBUG] cycle=45000 state=0 start=0 incntlim=96 act_reps=64 wei_reps=64 ncontexts=1 context_cnt=0 act_cnt_en=0 wei_cnt_en=0 act_pop_en=0 wei_pop_en=0 psm_start=0 shift_done=0 done=0 cscnt_q=0 pop_shim_q2=0 cdone_q=0 o_cswitch_done_val=0 o_cdone_val=0
[CTRL DEBUG] cycle=45000 state=0 start=0 incntlim=96 act_reps=64 wei_reps=64 ncontexts=1 context_cnt=0 act_cnt_en=0 wei_cnt_en=0 act_pop_en=0 wei_pop_en=0 psm_start=0 shift_done=0 done=0 cscnt_q=0 pop_shim_q2=0 cdone_q=0 o_cswitch_done_val=0 o_cdone_val=0
[CTRL DEBUG] cycle=45000 state=0 start=0 incntlim=96 act_reps=64 wei_reps=64 ncontexts=1 context_cnt=0 act_cnt_en=0 wei_cnt_en=0 act_pop_en=0 wei_pop_en=0 psm_start=0 shift_done=0 done=0 cscnt_q=0 pop_shim_q2=0 cdone_q=0 o_cswitch_done_val=0 o_cdone_val=0
[CTRL DEBUG] cycle=45000 state=0 start=0 incntlim=96 act_reps=64 wei_reps=64 ncontexts=1 context_cnt=0 act_cnt_en=0 wei_cnt_en=0 act_pop_en=0 wei_pop_en=0 psm_start=0 shift_done=0 done=0 cscnt_q=0 pop_shim_q2=0 cdone_q=0 o_cswitch_done_val=0 o_cdone_val=0
[CTRL DEBUG] cycle=45000 state=0 start=0 incntlim=96 act_reps=64 wei_reps=64 ncontexts=1 context_cnt=0 act_cnt_en=0 wei_cnt_en=0 act_pop_en=0 wei_pop_en=0 psm_start=0 shift_done=0 done=0 cscnt_q=0 pop_shim_q2=0 cdone_q=0 o_cswitch_done_val=0 o_cdone_val=0
[CTRL DEBUG] cycle=45000 state=0 start=0 incntlim=96 act_reps=64 wei_reps=64 ncontexts=1 context_cnt=0 act_cnt_en=0 wei_cnt_en=0 act_pop_en=0 wei_pop_en=0 psm_start=0 shift_done=0 done=0 cscnt_q=0 pop_shim_q2=0 cdone_q=0 o_cswitch_done_val=0 o_cdone_val=0
[CTRL DEBUG] cycle=45500 state=0 start=0 incntlim=96 act_reps=64 wei_reps=64 ncontexts=1 context_cnt=0 act_cnt_en=0 wei_cnt_en=0 act_pop_en=0 wei_pop_en=0 psm_start=0 shift_done=0 done=0 cscnt_q=0 pop_shim_q2=0 cdone_q=0 o_cswitch_done_val=0 o_cdone_val=0
[CTRL DEBUG] cycle=45500 state=0 start=0 incntlim=96 act_reps=64 wei_reps=64 ncontexts=1 context_cnt=0 act_cnt_en=0 wei_cnt_en=0 act_pop_en=0 wei_pop_en=0 psm_start=0 shift_done=0 done=0 cscnt_q=0 pop_shim_q2=0 cdone_q=0 o_cswitch_done_val=0 o_cdone_val=0
[CTRL DEBUG] cycle=45500 state=0 start=0 incntlim=96 act_reps=64 wei_reps=64 ncontexts=1 context_cnt=0 act_cnt_en=0 wei_cnt_en=0 act_pop_en=0 wei_pop_en=0 psm_start=0 shift_done=0 done=0 cscnt_q=0 pop_shim_q2=0 cdone_q=0 o_cswitch_done_val=0 o_cdone_val=0
[CTRL DEBUG] cycle=45500 state=0 start=0 incntlim=96 act_reps=64 wei_reps=64 ncontexts=1 context_cnt=0 act_cnt_en=0 wei_cnt_en=0 act_pop_en=0 wei_pop_en=0 psm_start=0 shift_done=0 done=0 cscnt_q=0 pop_shim_q2=0 cdone_q=0 o_cswitch_done_val=0 o_cdone_val=0
[CTRL DEBUG] cycle=45500 state=0 start=0 incntlim=96 act_reps=64 wei_reps=64 ncontexts=1 context_cnt=0 act_cnt_en=0 wei_cnt_en=0 act_pop_en=0 wei_pop_en=0 psm_start=0 shift_done=0 done=0 cscnt_q=0 pop_shim_q2=0 cdone_q=0 o_cswitch_done_val=0 o_cdone_val=0
[CTRL DEBUG] cycle=45500 state=0 start=0 incntlim=96 act_reps=64 wei_reps=64 ncontexts=1 context_cnt=0 act_cnt_en=0 wei_cnt_en=0 act_pop_en=0 wei_pop_en=0 psm_start=0 shift_done=0 done=0 cscnt_q=0 pop_shim_q2=0 cdone_q=0 o_cswitch_done_val=0 o_cdone_val=0
[CTRL DEBUG] cycle=46000 state=0 start=0 incntlim=96 act_reps=64 wei_reps=64 ncontexts=1 context_cnt=0 act_cnt_en=0 wei_cnt_en=0 act_pop_en=0 wei_pop_en=0 psm_start=0 shift_done=0 done=0 cscnt_q=0 pop_shim_q2=0 cdone_q=0 o_cswitch_done_val=0 o_cdone_val=0
[CTRL DEBUG] cycle=46000 state=0 start=0 incntlim=96 act_reps=64 wei_reps=64 ncontexts=1 context_cnt=0 act_cnt_en=0 wei_cnt_en=0 act_pop_en=0 wei_pop_en=0 psm_start=0 shift_done=0 done=0 cscnt_q=0 pop_shim_q2=0 cdone_q=0 o_cswitch_done_val=0 o_cdone_val=0
[CTRL DEBUG] cycle=46000 state=0 start=0 incntlim=96 act_reps=64 wei_reps=64 ncontexts=1 context_cnt=0 act_cnt_en=0 wei_cnt_en=0 act_pop_en=0 wei_pop_en=0 psm_start=0 shift_done=0 done=0 cscnt_q=0 pop_shim_q2=0 cdone_q=0 o_cswitch_done_val=0 o_cdone_val=0
[CTRL DEBUG] cycle=46000 state=0 start=0 incntlim=96 act_reps=64 wei_reps=64 ncontexts=1 context_cnt=0 act_cnt_en=0 wei_cnt_en=0 act_pop_en=0 wei_pop_en=0 psm_start=0 shift_done=0 done=0 cscnt_q=0 pop_shim_q2=0 cdone_q=0 o_cswitch_done_val=0 o_cdone_val=0
[CTRL DEBUG] cycle=46000 state=0 start=0 incntlim=96 act_reps=64 wei_reps=64 ncontexts=1 context_cnt=0 act_cnt_en=0 wei_cnt_en=0 act_pop_en=0 wei_pop_en=0 psm_start=0 shift_done=0 done=0 cscnt_q=0 pop_shim_q2=0 cdone_q=0 o_cswitch_done_val=0 o_cdone_val=0
[CTRL DEBUG] cycle=46000 state=0 start=0 incntlim=96 act_reps=64 wei_reps=64 ncontexts=1 context_cnt=0 act_cnt_en=0 wei_cnt_en=0 act_pop_en=0 wei_pop_en=0 psm_start=0 shift_done=0 done=0 cscnt_q=0 pop_shim_q2=0 cdone_q=0 o_cswitch_done_val=0 o_cdone_val=0
[CTRL DEBUG] cycle=46500 state=0 start=0 incntlim=96 act_reps=64 wei_reps=64 ncontexts=1 context_cnt=0 act_cnt_en=0 wei_cnt_en=0 act_pop_en=0 wei_pop_en=0 psm_start=0 shift_done=0 done=0 cscnt_q=0 pop_shim_q2=0 cdone_q=0 o_cswitch_done_val=0 o_cdone_val=0
[CTRL DEBUG] cycle=46500 state=0 start=0 incntlim=96 act_reps=64 wei_reps=64 ncontexts=1 context_cnt=0 act_cnt_en=0 wei_cnt_en=0 act_pop_en=0 wei_pop_en=0 psm_start=0 shift_done=0 done=0 cscnt_q=0 pop_shim_q2=0 cdone_q=0 o_cswitch_done_val=0 o_cdone_val=0
[CTRL DEBUG] cycle=46500 state=0 start=0 incntlim=96 act_reps=64 wei_reps=64 ncontexts=1 context_cnt=0 act_cnt_en=0 wei_cnt_en=0 act_pop_en=0 wei_pop_en=0 psm_start=0 shift_done=0 done=0 cscnt_q=0 pop_shim_q2=0 cdone_q=0 o_cswitch_done_val=0 o_cdone_val=0
[CTRL DEBUG] cycle=46500 state=0 start=0 incntlim=96 act_reps=64 wei_reps=64 ncontexts=1 context_cnt=0 act_cnt_en=0 wei_cnt_en=0 act_pop_en=0 wei_pop_en=0 psm_start=0 shift_done=0 done=0 cscnt_q=0 pop_shim_q2=0 cdone_q=0 o_cswitch_done_val=0 o_cdone_val=0
[CTRL DEBUG] cycle=46500 state=0 start=0 incntlim=96 act_reps=64 wei_reps=64 ncontexts=1 context_cnt=0 act_cnt_en=0 wei_cnt_en=0 act_pop_en=0 wei_pop_en=0 psm_start=0 shift_done=0 done=0 cscnt_q=0 pop_shim_q2=0 cdone_q=0 o_cswitch_done_val=0 o_cdone_val=0
[CTRL DEBUG] cycle=46500 state=0 start=0 incntlim=96 act_reps=64 wei_reps=64 ncontexts=1 context_cnt=0 act_cnt_en=0 wei_cnt_en=0 act_pop_en=0 wei_pop_en=0 psm_start=0 shift_done=0 done=0 cscnt_q=0 pop_shim_q2=0 cdone_q=0 o_cswitch_done_val=0 o_cdone_val=0
[CTRL DEBUG] cycle=47000 state=0 start=0 incntlim=96 act_reps=64 wei_reps=64 ncontexts=1 context_cnt=0 act_cnt_en=0 wei_cnt_en=0 act_pop_en=0 wei_pop_en=0 psm_start=0 shift_done=0 done=0 cscnt_q=0 pop_shim_q2=0 cdone_q=0 o_cswitch_done_val=0 o_cdone_val=0
[CTRL DEBUG] cycle=47000 state=0 start=0 incntlim=96 act_reps=64 wei_reps=64 ncontexts=1 context_cnt=0 act_cnt_en=0 wei_cnt_en=0 act_pop_en=0 wei_pop_en=0 psm_start=0 shift_done=0 done=0 cscnt_q=0 pop_shim_q2=0 cdone_q=0 o_cswitch_done_val=0 o_cdone_val=0
[CTRL DEBUG] cycle=47000 state=0 start=0 incntlim=96 act_reps=64 wei_reps=64 ncontexts=1 context_cnt=0 act_cnt_en=0 wei_cnt_en=0 act_pop_en=0 wei_pop_en=0 psm_start=0 shift_done=0 done=0 cscnt_q=0 pop_shim_q2=0 cdone_q=0 o_cswitch_done_val=0 o_cdone_val=0
[CTRL DEBUG] cycle=47000 state=0 start=0 incntlim=96 act_reps=64 wei_reps=64 ncontexts=1 context_cnt=0 act_cnt_en=0 wei_cnt_en=0 act_pop_en=0 wei_pop_en=0 psm_start=0 shift_done=0 done=0 cscnt_q=0 pop_shim_q2=0 cdone_q=0 o_cswitch_done_val=0 o_cdone_val=0
[CTRL DEBUG] cycle=47000 state=0 start=0 incntlim=96 act_reps=64 wei_reps=64 ncontexts=1 context_cnt=0 act_cnt_en=0 wei_cnt_en=0 act_pop_en=0 wei_pop_en=0 psm_start=0 shift_done=0 done=0 cscnt_q=0 pop_shim_q2=0 cdone_q=0 o_cswitch_done_val=0 o_cdone_val=0
[CTRL DEBUG] cycle=47000 state=0 start=0 incntlim=96 act_reps=64 wei_reps=64 ncontexts=1 context_cnt=0 act_cnt_en=0 wei_cnt_en=0 act_pop_en=0 wei_pop_en=0 psm_start=0 shift_done=0 done=0 cscnt_q=0 pop_shim_q2=0 cdone_q=0 o_cswitch_done_val=0 o_cdone_val=0
[CTRL DEBUG] cycle=47500 state=0 start=0 incntlim=96 act_reps=64 wei_reps=64 ncontexts=1 context_cnt=0 act_cnt_en=0 wei_cnt_en=0 act_pop_en=0 wei_pop_en=0 psm_start=0 shift_done=0 done=0 cscnt_q=0 pop_shim_q2=0 cdone_q=0 o_cswitch_done_val=0 o_cdone_val=0
[CTRL DEBUG] cycle=47500 state=0 start=0 incntlim=96 act_reps=64 wei_reps=64 ncontexts=1 context_cnt=0 act_cnt_en=0 wei_cnt_en=0 act_pop_en=0 wei_pop_en=0 psm_start=0 shift_done=0 done=0 cscnt_q=0 pop_shim_q2=0 cdone_q=0 o_cswitch_done_val=0 o_cdone_val=0
[CTRL DEBUG] cycle=47500 state=0 start=0 incntlim=96 act_reps=64 wei_reps=64 ncontexts=1 context_cnt=0 act_cnt_en=0 wei_cnt_en=0 act_pop_en=0 wei_pop_en=0 psm_start=0 shift_done=0 done=0 cscnt_q=0 pop_shim_q2=0 cdone_q=0 o_cswitch_done_val=0 o_cdone_val=0
[CTRL DEBUG] cycle=47500 state=0 start=0 incntlim=96 act_reps=64 wei_reps=64 ncontexts=1 context_cnt=0 act_cnt_en=0 wei_cnt_en=0 act_pop_en=0 wei_pop_en=0 psm_start=0 shift_done=0 done=0 cscnt_q=0 pop_shim_q2=0 cdone_q=0 o_cswitch_done_val=0 o_cdone_val=0
[CTRL DEBUG] cycle=47500 state=0 start=0 incntlim=96 act_reps=64 wei_reps=64 ncontexts=1 context_cnt=0 act_cnt_en=0 wei_cnt_en=0 act_pop_en=0 wei_pop_en=0 psm_start=0 shift_done=0 done=0 cscnt_q=0 pop_shim_q2=0 cdone_q=0 o_cswitch_done_val=0 o_cdone_val=0
[CTRL DEBUG] cycle=47500 state=0 start=0 incntlim=96 act_reps=64 wei_reps=64 ncontexts=1 context_cnt=0 act_cnt_en=0 wei_cnt_en=0 act_pop_en=0 wei_pop_en=0 psm_start=0 shift_done=0 done=0 cscnt_q=0 pop_shim_q2=0 cdone_q=0 o_cswitch_done_val=0 o_cdone_val=0
[CTRL DEBUG] cycle=48000 state=0 start=0 incntlim=96 act_reps=64 wei_reps=64 ncontexts=1 context_cnt=0 act_cnt_en=0 wei_cnt_en=0 act_pop_en=0 wei_pop_en=0 psm_start=0 shift_done=0 done=0 cscnt_q=0 pop_shim_q2=0 cdone_q=0 o_cswitch_done_val=0 o_cdone_val=0
[CTRL DEBUG] cycle=48000 state=0 start=0 incntlim=96 act_reps=64 wei_reps=64 ncontexts=1 context_cnt=0 act_cnt_en=0 wei_cnt_en=0 act_pop_en=0 wei_pop_en=0 psm_start=0 shift_done=0 done=0 cscnt_q=0 pop_shim_q2=0 cdone_q=0 o_cswitch_done_val=0 o_cdone_val=0
[CTRL DEBUG] cycle=48000 state=0 start=0 incntlim=96 act_reps=64 wei_reps=64 ncontexts=1 context_cnt=0 act_cnt_en=0 wei_cnt_en=0 act_pop_en=0 wei_pop_en=0 psm_start=0 shift_done=0 done=0 cscnt_q=0 pop_shim_q2=0 cdone_q=0 o_cswitch_done_val=0 o_cdone_val=0
[CTRL DEBUG] cycle=48000 state=0 start=0 incntlim=96 act_reps=64 wei_reps=64 ncontexts=1 context_cnt=0 act_cnt_en=0 wei_cnt_en=0 act_pop_en=0 wei_pop_en=0 psm_start=0 shift_done=0 done=0 cscnt_q=0 pop_shim_q2=0 cdone_q=0 o_cswitch_done_val=0 o_cdone_val=0
[CTRL DEBUG] cycle=48000 state=0 start=0 incntlim=96 act_reps=64 wei_reps=64 ncontexts=1 context_cnt=0 act_cnt_en=0 wei_cnt_en=0 act_pop_en=0 wei_pop_en=0 psm_start=0 shift_done=0 done=0 cscnt_q=0 pop_shim_q2=0 cdone_q=0 o_cswitch_done_val=0 o_cdone_val=0
[CTRL DEBUG] cycle=48000 state=0 start=0 incntlim=96 act_reps=64 wei_reps=64 ncontexts=1 context_cnt=0 act_cnt_en=0 wei_cnt_en=0 act_pop_en=0 wei_pop_en=0 psm_start=0 shift_done=0 done=0 cscnt_q=0 pop_shim_q2=0 cdone_q=0 o_cswitch_done_val=0 o_cdone_val=0
[CTRL DEBUG] cycle=48500 state=0 start=0 incntlim=96 act_reps=64 wei_reps=64 ncontexts=1 context_cnt=0 act_cnt_en=0 wei_cnt_en=0 act_pop_en=0 wei_pop_en=0 psm_start=0 shift_done=0 done=0 cscnt_q=0 pop_shim_q2=0 cdone_q=0 o_cswitch_done_val=0 o_cdone_val=0
[CTRL DEBUG] cycle=48500 state=0 start=0 incntlim=96 act_reps=64 wei_reps=64 ncontexts=1 context_cnt=0 act_cnt_en=0 wei_cnt_en=0 act_pop_en=0 wei_pop_en=0 psm_start=0 shift_done=0 done=0 cscnt_q=0 pop_shim_q2=0 cdone_q=0 o_cswitch_done_val=0 o_cdone_val=0
[CTRL DEBUG] cycle=48500 state=0 start=0 incntlim=96 act_reps=64 wei_reps=64 ncontexts=1 context_cnt=0 act_cnt_en=0 wei_cnt_en=0 act_pop_en=0 wei_pop_en=0 psm_start=0 shift_done=0 done=0 cscnt_q=0 pop_shim_q2=0 cdone_q=0 o_cswitch_done_val=0 o_cdone_val=0
[CTRL DEBUG] cycle=48500 state=0 start=0 incntlim=96 act_reps=64 wei_reps=64 ncontexts=1 context_cnt=0 act_cnt_en=0 wei_cnt_en=0 act_pop_en=0 wei_pop_en=0 psm_start=0 shift_done=0 done=0 cscnt_q=0 pop_shim_q2=0 cdone_q=0 o_cswitch_done_val=0 o_cdone_val=0
[CTRL DEBUG] cycle=48500 state=0 start=0 incntlim=96 act_reps=64 wei_reps=64 ncontexts=1 context_cnt=0 act_cnt_en=0 wei_cnt_en=0 act_pop_en=0 wei_pop_en=0 psm_start=0 shift_done=0 done=0 cscnt_q=0 pop_shim_q2=0 cdone_q=0 o_cswitch_done_val=0 o_cdone_val=0
[CTRL DEBUG] cycle=48500 state=0 start=0 incntlim=96 act_reps=64 wei_reps=64 ncontexts=1 context_cnt=0 act_cnt_en=0 wei_cnt_en=0 act_pop_en=0 wei_pop_en=0 psm_start=0 shift_done=0 done=0 cscnt_q=0 pop_shim_q2=0 cdone_q=0 o_cswitch_done_val=0 o_cdone_val=0
[CTRL DEBUG] cycle=49000 state=0 start=0 incntlim=96 act_reps=64 wei_reps=64 ncontexts=1 context_cnt=0 act_cnt_en=0 wei_cnt_en=0 act_pop_en=0 wei_pop_en=0 psm_start=0 shift_done=0 done=0 cscnt_q=0 pop_shim_q2=0 cdone_q=0 o_cswitch_done_val=0 o_cdone_val=0
[CTRL DEBUG] cycle=49000 state=0 start=0 incntlim=96 act_reps=64 wei_reps=64 ncontexts=1 context_cnt=0 act_cnt_en=0 wei_cnt_en=0 act_pop_en=0 wei_pop_en=0 psm_start=0 shift_done=0 done=0 cscnt_q=0 pop_shim_q2=0 cdone_q=0 o_cswitch_done_val=0 o_cdone_val=0
[CTRL DEBUG] cycle=49000 state=0 start=0 incntlim=96 act_reps=64 wei_reps=64 ncontexts=1 context_cnt=0 act_cnt_en=0 wei_cnt_en=0 act_pop_en=0 wei_pop_en=0 psm_start=0 shift_done=0 done=0 cscnt_q=0 pop_shim_q2=0 cdone_q=0 o_cswitch_done_val=0 o_cdone_val=0
[CTRL DEBUG] cycle=49000 state=0 start=0 incntlim=96 act_reps=64 wei_reps=64 ncontexts=1 context_cnt=0 act_cnt_en=0 wei_cnt_en=0 act_pop_en=0 wei_pop_en=0 psm_start=0 shift_done=0 done=0 cscnt_q=0 pop_shim_q2=0 cdone_q=0 o_cswitch_done_val=0 o_cdone_val=0
[CTRL DEBUG] cycle=49000 state=0 start=0 incntlim=96 act_reps=64 wei_reps=64 ncontexts=1 context_cnt=0 act_cnt_en=0 wei_cnt_en=0 act_pop_en=0 wei_pop_en=0 psm_start=0 shift_done=0 done=0 cscnt_q=0 pop_shim_q2=0 cdone_q=0 o_cswitch_done_val=0 o_cdone_val=0
[CTRL DEBUG] cycle=49000 state=0 start=0 incntlim=96 act_reps=64 wei_reps=64 ncontexts=1 context_cnt=0 act_cnt_en=0 wei_cnt_en=0 act_pop_en=0 wei_pop_en=0 psm_start=0 shift_done=0 done=0 cscnt_q=0 pop_shim_q2=0 cdone_q=0 o_cswitch_done_val=0 o_cdone_val=0
[CTRL DEBUG] cycle=49500 state=0 start=0 incntlim=96 act_reps=64 wei_reps=64 ncontexts=1 context_cnt=0 act_cnt_en=0 wei_cnt_en=0 act_pop_en=0 wei_pop_en=0 psm_start=0 shift_done=0 done=0 cscnt_q=0 pop_shim_q2=0 cdone_q=0 o_cswitch_done_val=0 o_cdone_val=0
[CTRL DEBUG] cycle=49500 state=0 start=0 incntlim=96 act_reps=64 wei_reps=64 ncontexts=1 context_cnt=0 act_cnt_en=0 wei_cnt_en=0 act_pop_en=0 wei_pop_en=0 psm_start=0 shift_done=0 done=0 cscnt_q=0 pop_shim_q2=0 cdone_q=0 o_cswitch_done_val=0 o_cdone_val=0
[CTRL DEBUG] cycle=49500 state=0 start=0 incntlim=96 act_reps=64 wei_reps=64 ncontexts=1 context_cnt=0 act_cnt_en=0 wei_cnt_en=0 act_pop_en=0 wei_pop_en=0 psm_start=0 shift_done=0 done=0 cscnt_q=0 pop_shim_q2=0 cdone_q=0 o_cswitch_done_val=0 o_cdone_val=0
[CTRL DEBUG] cycle=49500 state=0 start=0 incntlim=96 act_reps=64 wei_reps=64 ncontexts=1 context_cnt=0 act_cnt_en=0 wei_cnt_en=0 act_pop_en=0 wei_pop_en=0 psm_start=0 shift_done=0 done=0 cscnt_q=0 pop_shim_q2=0 cdone_q=0 o_cswitch_done_val=0 o_cdone_val=0
[CTRL DEBUG] cycle=49500 state=0 start=0 incntlim=96 act_reps=64 wei_reps=64 ncontexts=1 context_cnt=0 act_cnt_en=0 wei_cnt_en=0 act_pop_en=0 wei_pop_en=0 psm_start=0 shift_done=0 done=0 cscnt_q=0 pop_shim_q2=0 cdone_q=0 o_cswitch_done_val=0 o_cdone_val=0
[CTRL DEBUG] cycle=49500 state=0 start=0 incntlim=96 act_reps=64 wei_reps=64 ncontexts=1 context_cnt=0 act_cnt_en=0 wei_cnt_en=0 act_pop_en=0 wei_pop_en=0 psm_start=0 shift_done=0 done=0 cscnt_q=0 pop_shim_q2=0 cdone_q=0 o_cswitch_done_val=0 o_cdone_val=0
[CTRL DEBUG] cycle=50000 state=0 start=0 incntlim=96 act_reps=64 wei_reps=64 ncontexts=1 context_cnt=0 act_cnt_en=0 wei_cnt_en=0 act_pop_en=0 wei_pop_en=0 psm_start=0 shift_done=0 done=0 cscnt_q=0 pop_shim_q2=0 cdone_q=0 o_cswitch_done_val=0 o_cdone_val=0
[CTRL DEBUG] cycle=50000 state=0 start=0 incntlim=96 act_reps=64 wei_reps=64 ncontexts=1 context_cnt=0 act_cnt_en=0 wei_cnt_en=0 act_pop_en=0 wei_pop_en=0 psm_start=0 shift_done=0 done=0 cscnt_q=0 pop_shim_q2=0 cdone_q=0 o_cswitch_done_val=0 o_cdone_val=0
[CTRL DEBUG] cycle=50000 state=0 start=0 incntlim=96 act_reps=64 wei_reps=64 ncontexts=1 context_cnt=0 act_cnt_en=0 wei_cnt_en=0 act_pop_en=0 wei_pop_en=0 psm_start=0 shift_done=0 done=0 cscnt_q=0 pop_shim_q2=0 cdone_q=0 o_cswitch_done_val=0 o_cdone_val=0
[CTRL DEBUG] cycle=50000 state=0 start=0 incntlim=96 act_reps=64 wei_reps=64 ncontexts=1 context_cnt=0 act_cnt_en=0 wei_cnt_en=0 act_pop_en=0 wei_pop_en=0 psm_start=0 shift_done=0 done=0 cscnt_q=0 pop_shim_q2=0 cdone_q=0 o_cswitch_done_val=0 o_cdone_val=0
[CTRL DEBUG] cycle=50000 state=0 start=0 incntlim=96 act_reps=64 wei_reps=64 ncontexts=1 context_cnt=0 act_cnt_en=0 wei_cnt_en=0 act_pop_en=0 wei_pop_en=0 psm_start=0 shift_done=0 done=0 cscnt_q=0 pop_shim_q2=0 cdone_q=0 o_cswitch_done_val=0 o_cdone_val=0
[CTRL DEBUG] cycle=50000 state=0 start=0 incntlim=96 act_reps=64 wei_reps=64 ncontexts=1 context_cnt=0 act_cnt_en=0 wei_cnt_en=0 act_pop_en=0 wei_pop_en=0 psm_start=0 shift_done=0 done=0 cscnt_q=0 pop_shim_q2=0 cdone_q=0 o_cswitch_done_val=0 o_cdone_val=0
[CTRL DEBUG] cycle=50500 state=0 start=0 incntlim=96 act_reps=64 wei_reps=64 ncontexts=1 context_cnt=0 act_cnt_en=0 wei_cnt_en=0 act_pop_en=0 wei_pop_en=0 psm_start=0 shift_done=0 done=0 cscnt_q=0 pop_shim_q2=0 cdone_q=0 o_cswitch_done_val=0 o_cdone_val=0
[CTRL DEBUG] cycle=50500 state=0 start=0 incntlim=96 act_reps=64 wei_reps=64 ncontexts=1 context_cnt=0 act_cnt_en=0 wei_cnt_en=0 act_pop_en=0 wei_pop_en=0 psm_start=0 shift_done=0 done=0 cscnt_q=0 pop_shim_q2=0 cdone_q=0 o_cswitch_done_val=0 o_cdone_val=0
[CTRL DEBUG] cycle=50500 state=0 start=0 incntlim=96 act_reps=64 wei_reps=64 ncontexts=1 context_cnt=0 act_cnt_en=0 wei_cnt_en=0 act_pop_en=0 wei_pop_en=0 psm_start=0 shift_done=0 done=0 cscnt_q=0 pop_shim_q2=0 cdone_q=0 o_cswitch_done_val=0 o_cdone_val=0
[CTRL DEBUG] cycle=50500 state=0 start=0 incntlim=96 act_reps=64 wei_reps=64 ncontexts=1 context_cnt=0 act_cnt_en=0 wei_cnt_en=0 act_pop_en=0 wei_pop_en=0 psm_start=0 shift_done=0 done=0 cscnt_q=0 pop_shim_q2=0 cdone_q=0 o_cswitch_done_val=0 o_cdone_val=0
[CTRL DEBUG] cycle=50500 state=0 start=0 incntlim=96 act_reps=64 wei_reps=64 ncontexts=1 context_cnt=0 act_cnt_en=0 wei_cnt_en=0 act_pop_en=0 wei_pop_en=0 psm_start=0 shift_done=0 done=0 cscnt_q=0 pop_shim_q2=0 cdone_q=0 o_cswitch_done_val=0 o_cdone_val=0
[CTRL DEBUG] cycle=50500 state=0 start=0 incntlim=96 act_reps=64 wei_reps=64 ncontexts=1 context_cnt=0 act_cnt_en=0 wei_cnt_en=0 act_pop_en=0 wei_pop_en=0 psm_start=0 shift_done=0 done=0 cscnt_q=0 pop_shim_q2=0 cdone_q=0 o_cswitch_done_val=0 o_cdone_val=0
[CTRL DEBUG] cycle=51000 state=0 start=0 incntlim=96 act_reps=64 wei_reps=64 ncontexts=1 context_cnt=0 act_cnt_en=0 wei_cnt_en=0 act_pop_en=0 wei_pop_en=0 psm_start=0 shift_done=0 done=0 cscnt_q=0 pop_shim_q2=0 cdone_q=0 o_cswitch_done_val=0 o_cdone_val=0
[CTRL DEBUG] cycle=51000 state=0 start=0 incntlim=96 act_reps=64 wei_reps=64 ncontexts=1 context_cnt=0 act_cnt_en=0 wei_cnt_en=0 act_pop_en=0 wei_pop_en=0 psm_start=0 shift_done=0 done=0 cscnt_q=0 pop_shim_q2=0 cdone_q=0 o_cswitch_done_val=0 o_cdone_val=0
[CTRL DEBUG] cycle=51000 state=0 start=0 incntlim=96 act_reps=64 wei_reps=64 ncontexts=1 context_cnt=0 act_cnt_en=0 wei_cnt_en=0 act_pop_en=0 wei_pop_en=0 psm_start=0 shift_done=0 done=0 cscnt_q=0 pop_shim_q2=0 cdone_q=0 o_cswitch_done_val=0 o_cdone_val=0
[CTRL DEBUG] cycle=51000 state=0 start=0 incntlim=96 act_reps=64 wei_reps=64 ncontexts=1 context_cnt=0 act_cnt_en=0 wei_cnt_en=0 act_pop_en=0 wei_pop_en=0 psm_start=0 shift_done=0 done=0 cscnt_q=0 pop_shim_q2=0 cdone_q=0 o_cswitch_done_val=0 o_cdone_val=0
[CTRL DEBUG] cycle=51000 state=0 start=0 incntlim=96 act_reps=64 wei_reps=64 ncontexts=1 context_cnt=0 act_cnt_en=0 wei_cnt_en=0 act_pop_en=0 wei_pop_en=0 psm_start=0 shift_done=0 done=0 cscnt_q=0 pop_shim_q2=0 cdone_q=0 o_cswitch_done_val=0 o_cdone_val=0
[CTRL DEBUG] cycle=51000 state=0 start=0 incntlim=96 act_reps=64 wei_reps=64 ncontexts=1 context_cnt=0 act_cnt_en=0 wei_cnt_en=0 act_pop_en=0 wei_pop_en=0 psm_start=0 shift_done=0 done=0 cscnt_q=0 pop_shim_q2=0 cdone_q=0 o_cswitch_done_val=0 o_cdone_val=0
[CTRL DEBUG] cycle=51500 state=0 start=0 incntlim=96 act_reps=64 wei_reps=64 ncontexts=1 context_cnt=0 act_cnt_en=0 wei_cnt_en=0 act_pop_en=0 wei_pop_en=0 psm_start=0 shift_done=0 done=0 cscnt_q=0 pop_shim_q2=0 cdone_q=0 o_cswitch_done_val=0 o_cdone_val=0
[CTRL DEBUG] cycle=51500 state=0 start=0 incntlim=96 act_reps=64 wei_reps=64 ncontexts=1 context_cnt=0 act_cnt_en=0 wei_cnt_en=0 act_pop_en=0 wei_pop_en=0 psm_start=0 shift_done=0 done=0 cscnt_q=0 pop_shim_q2=0 cdone_q=0 o_cswitch_done_val=0 o_cdone_val=0
[CTRL DEBUG] cycle=51500 state=0 start=0 incntlim=96 act_reps=64 wei_reps=64 ncontexts=1 context_cnt=0 act_cnt_en=0 wei_cnt_en=0 act_pop_en=0 wei_pop_en=0 psm_start=0 shift_done=0 done=0 cscnt_q=0 pop_shim_q2=0 cdone_q=0 o_cswitch_done_val=0 o_cdone_val=0
[CTRL DEBUG] cycle=51500 state=0 start=0 incntlim=96 act_reps=64 wei_reps=64 ncontexts=1 context_cnt=0 act_cnt_en=0 wei_cnt_en=0 act_pop_en=0 wei_pop_en=0 psm_start=0 shift_done=0 done=0 cscnt_q=0 pop_shim_q2=0 cdone_q=0 o_cswitch_done_val=0 o_cdone_val=0
[CTRL DEBUG] cycle=51500 state=0 start=0 incntlim=96 act_reps=64 wei_reps=64 ncontexts=1 context_cnt=0 act_cnt_en=0 wei_cnt_en=0 act_pop_en=0 wei_pop_en=0 psm_start=0 shift_done=0 done=0 cscnt_q=0 pop_shim_q2=0 cdone_q=0 o_cswitch_done_val=0 o_cdone_val=0
[CTRL DEBUG] cycle=51500 state=0 start=0 incntlim=96 act_reps=64 wei_reps=64 ncontexts=1 context_cnt=0 act_cnt_en=0 wei_cnt_en=0 act_pop_en=0 wei_pop_en=0 psm_start=0 shift_done=0 done=0 cscnt_q=0 pop_shim_q2=0 cdone_q=0 o_cswitch_done_val=0 o_cdone_val=0
[CTRL DEBUG] cycle=52000 state=0 start=0 incntlim=96 act_reps=64 wei_reps=64 ncontexts=1 context_cnt=0 act_cnt_en=0 wei_cnt_en=0 act_pop_en=0 wei_pop_en=0 psm_start=0 shift_done=0 done=0 cscnt_q=0 pop_shim_q2=0 cdone_q=0 o_cswitch_done_val=0 o_cdone_val=0
[CTRL DEBUG] cycle=52000 state=0 start=0 incntlim=96 act_reps=64 wei_reps=64 ncontexts=1 context_cnt=0 act_cnt_en=0 wei_cnt_en=0 act_pop_en=0 wei_pop_en=0 psm_start=0 shift_done=0 done=0 cscnt_q=0 pop_shim_q2=0 cdone_q=0 o_cswitch_done_val=0 o_cdone_val=0
[CTRL DEBUG] cycle=52000 state=0 start=0 incntlim=96 act_reps=64 wei_reps=64 ncontexts=1 context_cnt=0 act_cnt_en=0 wei_cnt_en=0 act_pop_en=0 wei_pop_en=0 psm_start=0 shift_done=0 done=0 cscnt_q=0 pop_shim_q2=0 cdone_q=0 o_cswitch_done_val=0 o_cdone_val=0
[CTRL DEBUG] cycle=52000 state=0 start=0 incntlim=96 act_reps=64 wei_reps=64 ncontexts=1 context_cnt=0 act_cnt_en=0 wei_cnt_en=0 act_pop_en=0 wei_pop_en=0 psm_start=0 shift_done=0 done=0 cscnt_q=0 pop_shim_q2=0 cdone_q=0 o_cswitch_done_val=0 o_cdone_val=0
[CTRL DEBUG] cycle=52000 state=0 start=0 incntlim=96 act_reps=64 wei_reps=64 ncontexts=1 context_cnt=0 act_cnt_en=0 wei_cnt_en=0 act_pop_en=0 wei_pop_en=0 psm_start=0 shift_done=0 done=0 cscnt_q=0 pop_shim_q2=0 cdone_q=0 o_cswitch_done_val=0 o_cdone_val=0
[CTRL DEBUG] cycle=52000 state=0 start=0 incntlim=96 act_reps=64 wei_reps=64 ncontexts=1 context_cnt=0 act_cnt_en=0 wei_cnt_en=0 act_pop_en=0 wei_pop_en=0 psm_start=0 shift_done=0 done=0 cscnt_q=0 pop_shim_q2=0 cdone_q=0 o_cswitch_done_val=0 o_cdone_val=0
[CTRL DEBUG] cycle=52500 state=0 start=0 incntlim=96 act_reps=64 wei_reps=64 ncontexts=1 context_cnt=0 act_cnt_en=0 wei_cnt_en=0 act_pop_en=0 wei_pop_en=0 psm_start=0 shift_done=0 done=0 cscnt_q=0 pop_shim_q2=0 cdone_q=0 o_cswitch_done_val=0 o_cdone_val=0
[CTRL DEBUG] cycle=52500 state=0 start=0 incntlim=96 act_reps=64 wei_reps=64 ncontexts=1 context_cnt=0 act_cnt_en=0 wei_cnt_en=0 act_pop_en=0 wei_pop_en=0 psm_start=0 shift_done=0 done=0 cscnt_q=0 pop_shim_q2=0 cdone_q=0 o_cswitch_done_val=0 o_cdone_val=0
[CTRL DEBUG] cycle=52500 state=0 start=0 incntlim=96 act_reps=64 wei_reps=64 ncontexts=1 context_cnt=0 act_cnt_en=0 wei_cnt_en=0 act_pop_en=0 wei_pop_en=0 psm_start=0 shift_done=0 done=0 cscnt_q=0 pop_shim_q2=0 cdone_q=0 o_cswitch_done_val=0 o_cdone_val=0
[CTRL DEBUG] cycle=52500 state=0 start=0 incntlim=96 act_reps=64 wei_reps=64 ncontexts=1 context_cnt=0 act_cnt_en=0 wei_cnt_en=0 act_pop_en=0 wei_pop_en=0 psm_start=0 shift_done=0 done=0 cscnt_q=0 pop_shim_q2=0 cdone_q=0 o_cswitch_done_val=0 o_cdone_val=0
[CTRL DEBUG] cycle=52500 state=0 start=0 incntlim=96 act_reps=64 wei_reps=64 ncontexts=1 context_cnt=0 act_cnt_en=0 wei_cnt_en=0 act_pop_en=0 wei_pop_en=0 psm_start=0 shift_done=0 done=0 cscnt_q=0 pop_shim_q2=0 cdone_q=0 o_cswitch_done_val=0 o_cdone_val=0
[CTRL DEBUG] cycle=52500 state=0 start=0 incntlim=96 act_reps=64 wei_reps=64 ncontexts=1 context_cnt=0 act_cnt_en=0 wei_cnt_en=0 act_pop_en=0 wei_pop_en=0 psm_start=0 shift_done=0 done=0 cscnt_q=0 pop_shim_q2=0 cdone_q=0 o_cswitch_done_val=0 o_cdone_val=0
[CTRL DEBUG] cycle=53000 state=0 start=0 incntlim=96 act_reps=64 wei_reps=64 ncontexts=1 context_cnt=0 act_cnt_en=0 wei_cnt_en=0 act_pop_en=0 wei_pop_en=0 psm_start=0 shift_done=0 done=0 cscnt_q=0 pop_shim_q2=0 cdone_q=0 o_cswitch_done_val=0 o_cdone_val=0
[CTRL DEBUG] cycle=53000 state=0 start=0 incntlim=96 act_reps=64 wei_reps=64 ncontexts=1 context_cnt=0 act_cnt_en=0 wei_cnt_en=0 act_pop_en=0 wei_pop_en=0 psm_start=0 shift_done=0 done=0 cscnt_q=0 pop_shim_q2=0 cdone_q=0 o_cswitch_done_val=0 o_cdone_val=0
[CTRL DEBUG] cycle=53000 state=0 start=0 incntlim=96 act_reps=64 wei_reps=64 ncontexts=1 context_cnt=0 act_cnt_en=0 wei_cnt_en=0 act_pop_en=0 wei_pop_en=0 psm_start=0 shift_done=0 done=0 cscnt_q=0 pop_shim_q2=0 cdone_q=0 o_cswitch_done_val=0 o_cdone_val=0
[CTRL DEBUG] cycle=53000 state=0 start=0 incntlim=96 act_reps=64 wei_reps=64 ncontexts=1 context_cnt=0 act_cnt_en=0 wei_cnt_en=0 act_pop_en=0 wei_pop_en=0 psm_start=0 shift_done=0 done=0 cscnt_q=0 pop_shim_q2=0 cdone_q=0 o_cswitch_done_val=0 o_cdone_val=0
[CTRL DEBUG] cycle=53000 state=0 start=0 incntlim=96 act_reps=64 wei_reps=64 ncontexts=1 context_cnt=0 act_cnt_en=0 wei_cnt_en=0 act_pop_en=0 wei_pop_en=0 psm_start=0 shift_done=0 done=0 cscnt_q=0 pop_shim_q2=0 cdone_q=0 o_cswitch_done_val=0 o_cdone_val=0
[CTRL DEBUG] cycle=53000 state=0 start=0 incntlim=96 act_reps=64 wei_reps=64 ncontexts=1 context_cnt=0 act_cnt_en=0 wei_cnt_en=0 act_pop_en=0 wei_pop_en=0 psm_start=0 shift_done=0 done=0 cscnt_q=0 pop_shim_q2=0 cdone_q=0 o_cswitch_done_val=0 o_cdone_val=0
[CTRL DEBUG] cycle=53500 state=0 start=0 incntlim=96 act_reps=64 wei_reps=64 ncontexts=1 context_cnt=0 act_cnt_en=0 wei_cnt_en=0 act_pop_en=0 wei_pop_en=0 psm_start=0 shift_done=0 done=0 cscnt_q=0 pop_shim_q2=0 cdone_q=0 o_cswitch_done_val=0 o_cdone_val=0
[CTRL DEBUG] cycle=53500 state=0 start=0 incntlim=96 act_reps=64 wei_reps=64 ncontexts=1 context_cnt=0 act_cnt_en=0 wei_cnt_en=0 act_pop_en=0 wei_pop_en=0 psm_start=0 shift_done=0 done=0 cscnt_q=0 pop_shim_q2=0 cdone_q=0 o_cswitch_done_val=0 o_cdone_val=0
[CTRL DEBUG] cycle=53500 state=0 start=0 incntlim=96 act_reps=64 wei_reps=64 ncontexts=1 context_cnt=0 act_cnt_en=0 wei_cnt_en=0 act_pop_en=0 wei_pop_en=0 psm_start=0 shift_done=0 done=0 cscnt_q=0 pop_shim_q2=0 cdone_q=0 o_cswitch_done_val=0 o_cdone_val=0
[CTRL DEBUG] cycle=53500 state=0 start=0 incntlim=96 act_reps=64 wei_reps=64 ncontexts=1 context_cnt=0 act_cnt_en=0 wei_cnt_en=0 act_pop_en=0 wei_pop_en=0 psm_start=0 shift_done=0 done=0 cscnt_q=0 pop_shim_q2=0 cdone_q=0 o_cswitch_done_val=0 o_cdone_val=0
[CTRL DEBUG] cycle=53500 state=0 start=0 incntlim=96 act_reps=64 wei_reps=64 ncontexts=1 context_cnt=0 act_cnt_en=0 wei_cnt_en=0 act_pop_en=0 wei_pop_en=0 psm_start=0 shift_done=0 done=0 cscnt_q=0 pop_shim_q2=0 cdone_q=0 o_cswitch_done_val=0 o_cdone_val=0
[CTRL DEBUG] cycle=53500 state=0 start=0 incntlim=96 act_reps=64 wei_reps=64 ncontexts=1 context_cnt=0 act_cnt_en=0 wei_cnt_en=0 act_pop_en=0 wei_pop_en=0 psm_start=0 shift_done=0 done=0 cscnt_q=0 pop_shim_q2=0 cdone_q=0 o_cswitch_done_val=0 o_cdone_val=0
[CTRL DEBUG] cycle=54000 state=0 start=0 incntlim=96 act_reps=64 wei_reps=64 ncontexts=1 context_cnt=0 act_cnt_en=0 wei_cnt_en=0 act_pop_en=0 wei_pop_en=0 psm_start=0 shift_done=0 done=0 cscnt_q=0 pop_shim_q2=0 cdone_q=0 o_cswitch_done_val=0 o_cdone_val=0
[CTRL DEBUG] cycle=54000 state=0 start=0 incntlim=96 act_reps=64 wei_reps=64 ncontexts=1 context_cnt=0 act_cnt_en=0 wei_cnt_en=0 act_pop_en=0 wei_pop_en=0 psm_start=0 shift_done=0 done=0 cscnt_q=0 pop_shim_q2=0 cdone_q=0 o_cswitch_done_val=0 o_cdone_val=0
[CTRL DEBUG] cycle=54000 state=0 start=0 incntlim=96 act_reps=64 wei_reps=64 ncontexts=1 context_cnt=0 act_cnt_en=0 wei_cnt_en=0 act_pop_en=0 wei_pop_en=0 psm_start=0 shift_done=0 done=0 cscnt_q=0 pop_shim_q2=0 cdone_q=0 o_cswitch_done_val=0 o_cdone_val=0
[CTRL DEBUG] cycle=54000 state=0 start=0 incntlim=96 act_reps=64 wei_reps=64 ncontexts=1 context_cnt=0 act_cnt_en=0 wei_cnt_en=0 act_pop_en=0 wei_pop_en=0 psm_start=0 shift_done=0 done=0 cscnt_q=0 pop_shim_q2=0 cdone_q=0 o_cswitch_done_val=0 o_cdone_val=0
[CTRL DEBUG] cycle=54000 state=0 start=0 incntlim=96 act_reps=64 wei_reps=64 ncontexts=1 context_cnt=0 act_cnt_en=0 wei_cnt_en=0 act_pop_en=0 wei_pop_en=0 psm_start=0 shift_done=0 done=0 cscnt_q=0 pop_shim_q2=0 cdone_q=0 o_cswitch_done_val=0 o_cdone_val=0
[CTRL DEBUG] cycle=54000 state=0 start=0 incntlim=96 act_reps=64 wei_reps=64 ncontexts=1 context_cnt=0 act_cnt_en=0 wei_cnt_en=0 act_pop_en=0 wei_pop_en=0 psm_start=0 shift_done=0 done=0 cscnt_q=0 pop_shim_q2=0 cdone_q=0 o_cswitch_done_val=0 o_cdone_val=0
[CTRL DEBUG] cycle=54500 state=0 start=0 incntlim=96 act_reps=64 wei_reps=64 ncontexts=1 context_cnt=0 act_cnt_en=0 wei_cnt_en=0 act_pop_en=0 wei_pop_en=0 psm_start=0 shift_done=0 done=0 cscnt_q=0 pop_shim_q2=0 cdone_q=0 o_cswitch_done_val=0 o_cdone_val=0
[CTRL DEBUG] cycle=54500 state=0 start=0 incntlim=96 act_reps=64 wei_reps=64 ncontexts=1 context_cnt=0 act_cnt_en=0 wei_cnt_en=0 act_pop_en=0 wei_pop_en=0 psm_start=0 shift_done=0 done=0 cscnt_q=0 pop_shim_q2=0 cdone_q=0 o_cswitch_done_val=0 o_cdone_val=0
[CTRL DEBUG] cycle=54500 state=0 start=0 incntlim=96 act_reps=64 wei_reps=64 ncontexts=1 context_cnt=0 act_cnt_en=0 wei_cnt_en=0 act_pop_en=0 wei_pop_en=0 psm_start=0 shift_done=0 done=0 cscnt_q=0 pop_shim_q2=0 cdone_q=0 o_cswitch_done_val=0 o_cdone_val=0
[CTRL DEBUG] cycle=54500 state=0 start=0 incntlim=96 act_reps=64 wei_reps=64 ncontexts=1 context_cnt=0 act_cnt_en=0 wei_cnt_en=0 act_pop_en=0 wei_pop_en=0 psm_start=0 shift_done=0 done=0 cscnt_q=0 pop_shim_q2=0 cdone_q=0 o_cswitch_done_val=0 o_cdone_val=0
[CTRL DEBUG] cycle=54500 state=0 start=0 incntlim=96 act_reps=64 wei_reps=64 ncontexts=1 context_cnt=0 act_cnt_en=0 wei_cnt_en=0 act_pop_en=0 wei_pop_en=0 psm_start=0 shift_done=0 done=0 cscnt_q=0 pop_shim_q2=0 cdone_q=0 o_cswitch_done_val=0 o_cdone_val=0
[CTRL DEBUG] cycle=54500 state=0 start=0 incntlim=96 act_reps=64 wei_reps=64 ncontexts=1 context_cnt=0 act_cnt_en=0 wei_cnt_en=0 act_pop_en=0 wei_pop_en=0 psm_start=0 shift_done=0 done=0 cscnt_q=0 pop_shim_q2=0 cdone_q=0 o_cswitch_done_val=0 o_cdone_val=0
[CTRL DEBUG] cycle=55000 state=0 start=0 incntlim=96 act_reps=64 wei_reps=64 ncontexts=1 context_cnt=0 act_cnt_en=0 wei_cnt_en=0 act_pop_en=0 wei_pop_en=0 psm_start=0 shift_done=0 done=0 cscnt_q=0 pop_shim_q2=0 cdone_q=0 o_cswitch_done_val=0 o_cdone_val=0
[CTRL DEBUG] cycle=55000 state=0 start=0 incntlim=96 act_reps=64 wei_reps=64 ncontexts=1 context_cnt=0 act_cnt_en=0 wei_cnt_en=0 act_pop_en=0 wei_pop_en=0 psm_start=0 shift_done=0 done=0 cscnt_q=0 pop_shim_q2=0 cdone_q=0 o_cswitch_done_val=0 o_cdone_val=0
[CTRL DEBUG] cycle=55000 state=0 start=0 incntlim=96 act_reps=64 wei_reps=64 ncontexts=1 context_cnt=0 act_cnt_en=0 wei_cnt_en=0 act_pop_en=0 wei_pop_en=0 psm_start=0 shift_done=0 done=0 cscnt_q=0 pop_shim_q2=0 cdone_q=0 o_cswitch_done_val=0 o_cdone_val=0
[CTRL DEBUG] cycle=55000 state=0 start=0 incntlim=96 act_reps=64 wei_reps=64 ncontexts=1 context_cnt=0 act_cnt_en=0 wei_cnt_en=0 act_pop_en=0 wei_pop_en=0 psm_start=0 shift_done=0 done=0 cscnt_q=0 pop_shim_q2=0 cdone_q=0 o_cswitch_done_val=0 o_cdone_val=0
[CTRL DEBUG] cycle=55000 state=0 start=0 incntlim=96 act_reps=64 wei_reps=64 ncontexts=1 context_cnt=0 act_cnt_en=0 wei_cnt_en=0 act_pop_en=0 wei_pop_en=0 psm_start=0 shift_done=0 done=0 cscnt_q=0 pop_shim_q2=0 cdone_q=0 o_cswitch_done_val=0 o_cdone_val=0
[CTRL DEBUG] cycle=55000 state=0 start=0 incntlim=96 act_reps=64 wei_reps=64 ncontexts=1 context_cnt=0 act_cnt_en=0 wei_cnt_en=0 act_pop_en=0 wei_pop_en=0 psm_start=0 shift_done=0 done=0 cscnt_q=0 pop_shim_q2=0 cdone_q=0 o_cswitch_done_val=0 o_cdone_val=0
[CTRL DEBUG] cycle=55500 state=0 start=0 incntlim=96 act_reps=64 wei_reps=64 ncontexts=1 context_cnt=0 act_cnt_en=0 wei_cnt_en=0 act_pop_en=0 wei_pop_en=0 psm_start=0 shift_done=0 done=0 cscnt_q=0 pop_shim_q2=0 cdone_q=0 o_cswitch_done_val=0 o_cdone_val=0
[CTRL DEBUG] cycle=55500 state=0 start=0 incntlim=96 act_reps=64 wei_reps=64 ncontexts=1 context_cnt=0 act_cnt_en=0 wei_cnt_en=0 act_pop_en=0 wei_pop_en=0 psm_start=0 shift_done=0 done=0 cscnt_q=0 pop_shim_q2=0 cdone_q=0 o_cswitch_done_val=0 o_cdone_val=0
[CTRL DEBUG] cycle=55500 state=0 start=0 incntlim=96 act_reps=64 wei_reps=64 ncontexts=1 context_cnt=0 act_cnt_en=0 wei_cnt_en=0 act_pop_en=0 wei_pop_en=0 psm_start=0 shift_done=0 done=0 cscnt_q=0 pop_shim_q2=0 cdone_q=0 o_cswitch_done_val=0 o_cdone_val=0
[CTRL DEBUG] cycle=55500 state=0 start=0 incntlim=96 act_reps=64 wei_reps=64 ncontexts=1 context_cnt=0 act_cnt_en=0 wei_cnt_en=0 act_pop_en=0 wei_pop_en=0 psm_start=0 shift_done=0 done=0 cscnt_q=0 pop_shim_q2=0 cdone_q=0 o_cswitch_done_val=0 o_cdone_val=0
[CTRL DEBUG] cycle=55500 state=0 start=0 incntlim=96 act_reps=64 wei_reps=64 ncontexts=1 context_cnt=0 act_cnt_en=0 wei_cnt_en=0 act_pop_en=0 wei_pop_en=0 psm_start=0 shift_done=0 done=0 cscnt_q=0 pop_shim_q2=0 cdone_q=0 o_cswitch_done_val=0 o_cdone_val=0
[CTRL DEBUG] cycle=55500 state=0 start=0 incntlim=96 act_reps=64 wei_reps=64 ncontexts=1 context_cnt=0 act_cnt_en=0 wei_cnt_en=0 act_pop_en=0 wei_pop_en=0 psm_start=0 shift_done=0 done=0 cscnt_q=0 pop_shim_q2=0 cdone_q=0 o_cswitch_done_val=0 o_cdone_val=0
[CTRL DEBUG] cycle=56000 state=0 start=0 incntlim=96 act_reps=64 wei_reps=64 ncontexts=1 context_cnt=0 act_cnt_en=0 wei_cnt_en=0 act_pop_en=0 wei_pop_en=0 psm_start=0 shift_done=0 done=0 cscnt_q=0 pop_shim_q2=0 cdone_q=0 o_cswitch_done_val=0 o_cdone_val=0
[CTRL DEBUG] cycle=56000 state=0 start=0 incntlim=96 act_reps=64 wei_reps=64 ncontexts=1 context_cnt=0 act_cnt_en=0 wei_cnt_en=0 act_pop_en=0 wei_pop_en=0 psm_start=0 shift_done=0 done=0 cscnt_q=0 pop_shim_q2=0 cdone_q=0 o_cswitch_done_val=0 o_cdone_val=0
[CTRL DEBUG] cycle=56000 state=0 start=0 incntlim=96 act_reps=64 wei_reps=64 ncontexts=1 context_cnt=0 act_cnt_en=0 wei_cnt_en=0 act_pop_en=0 wei_pop_en=0 psm_start=0 shift_done=0 done=0 cscnt_q=0 pop_shim_q2=0 cdone_q=0 o_cswitch_done_val=0 o_cdone_val=0
[CTRL DEBUG] cycle=56000 state=0 start=0 incntlim=96 act_reps=64 wei_reps=64 ncontexts=1 context_cnt=0 act_cnt_en=0 wei_cnt_en=0 act_pop_en=0 wei_pop_en=0 psm_start=0 shift_done=0 done=0 cscnt_q=0 pop_shim_q2=0 cdone_q=0 o_cswitch_done_val=0 o_cdone_val=0
[CTRL DEBUG] cycle=56000 state=0 start=0 incntlim=96 act_reps=64 wei_reps=64 ncontexts=1 context_cnt=0 act_cnt_en=0 wei_cnt_en=0 act_pop_en=0 wei_pop_en=0 psm_start=0 shift_done=0 done=0 cscnt_q=0 pop_shim_q2=0 cdone_q=0 o_cswitch_done_val=0 o_cdone_val=0
[CTRL DEBUG] cycle=56000 state=0 start=0 incntlim=96 act_reps=64 wei_reps=64 ncontexts=1 context_cnt=0 act_cnt_en=0 wei_cnt_en=0 act_pop_en=0 wei_pop_en=0 psm_start=0 shift_done=0 done=0 cscnt_q=0 pop_shim_q2=0 cdone_q=0 o_cswitch_done_val=0 o_cdone_val=0
[CTRL DEBUG] cycle=56500 state=0 start=0 incntlim=96 act_reps=64 wei_reps=64 ncontexts=1 context_cnt=0 act_cnt_en=0 wei_cnt_en=0 act_pop_en=0 wei_pop_en=0 psm_start=0 shift_done=0 done=0 cscnt_q=0 pop_shim_q2=0 cdone_q=0 o_cswitch_done_val=0 o_cdone_val=0
[CTRL DEBUG] cycle=56500 state=0 start=0 incntlim=96 act_reps=64 wei_reps=64 ncontexts=1 context_cnt=0 act_cnt_en=0 wei_cnt_en=0 act_pop_en=0 wei_pop_en=0 psm_start=0 shift_done=0 done=0 cscnt_q=0 pop_shim_q2=0 cdone_q=0 o_cswitch_done_val=0 o_cdone_val=0
[CTRL DEBUG] cycle=56500 state=0 start=0 incntlim=96 act_reps=64 wei_reps=64 ncontexts=1 context_cnt=0 act_cnt_en=0 wei_cnt_en=0 act_pop_en=0 wei_pop_en=0 psm_start=0 shift_done=0 done=0 cscnt_q=0 pop_shim_q2=0 cdone_q=0 o_cswitch_done_val=0 o_cdone_val=0
[CTRL DEBUG] cycle=56500 state=0 start=0 incntlim=96 act_reps=64 wei_reps=64 ncontexts=1 context_cnt=0 act_cnt_en=0 wei_cnt_en=0 act_pop_en=0 wei_pop_en=0 psm_start=0 shift_done=0 done=0 cscnt_q=0 pop_shim_q2=0 cdone_q=0 o_cswitch_done_val=0 o_cdone_val=0
[CTRL DEBUG] cycle=56500 state=0 start=0 incntlim=96 act_reps=64 wei_reps=64 ncontexts=1 context_cnt=0 act_cnt_en=0 wei_cnt_en=0 act_pop_en=0 wei_pop_en=0 psm_start=0 shift_done=0 done=0 cscnt_q=0 pop_shim_q2=0 cdone_q=0 o_cswitch_done_val=0 o_cdone_val=0
[CTRL DEBUG] cycle=56500 state=0 start=0 incntlim=96 act_reps=64 wei_reps=64 ncontexts=1 context_cnt=0 act_cnt_en=0 wei_cnt_en=0 act_pop_en=0 wei_pop_en=0 psm_start=0 shift_done=0 done=0 cscnt_q=0 pop_shim_q2=0 cdone_q=0 o_cswitch_done_val=0 o_cdone_val=0
[CTRL DEBUG] cycle=57000 state=0 start=0 incntlim=96 act_reps=64 wei_reps=64 ncontexts=1 context_cnt=0 act_cnt_en=0 wei_cnt_en=0 act_pop_en=0 wei_pop_en=0 psm_start=0 shift_done=0 done=0 cscnt_q=0 pop_shim_q2=0 cdone_q=0 o_cswitch_done_val=0 o_cdone_val=0
[CTRL DEBUG] cycle=57000 state=0 start=0 incntlim=96 act_reps=64 wei_reps=64 ncontexts=1 context_cnt=0 act_cnt_en=0 wei_cnt_en=0 act_pop_en=0 wei_pop_en=0 psm_start=0 shift_done=0 done=0 cscnt_q=0 pop_shim_q2=0 cdone_q=0 o_cswitch_done_val=0 o_cdone_val=0
[CTRL DEBUG] cycle=57000 state=0 start=0 incntlim=96 act_reps=64 wei_reps=64 ncontexts=1 context_cnt=0 act_cnt_en=0 wei_cnt_en=0 act_pop_en=0 wei_pop_en=0 psm_start=0 shift_done=0 done=0 cscnt_q=0 pop_shim_q2=0 cdone_q=0 o_cswitch_done_val=0 o_cdone_val=0
[CTRL DEBUG] cycle=57000 state=0 start=0 incntlim=96 act_reps=64 wei_reps=64 ncontexts=1 context_cnt=0 act_cnt_en=0 wei_cnt_en=0 act_pop_en=0 wei_pop_en=0 psm_start=0 shift_done=0 done=0 cscnt_q=0 pop_shim_q2=0 cdone_q=0 o_cswitch_done_val=0 o_cdone_val=0
[CTRL DEBUG] cycle=57000 state=0 start=0 incntlim=96 act_reps=64 wei_reps=64 ncontexts=1 context_cnt=0 act_cnt_en=0 wei_cnt_en=0 act_pop_en=0 wei_pop_en=0 psm_start=0 shift_done=0 done=0 cscnt_q=0 pop_shim_q2=0 cdone_q=0 o_cswitch_done_val=0 o_cdone_val=0
[CTRL DEBUG] cycle=57000 state=0 start=0 incntlim=96 act_reps=64 wei_reps=64 ncontexts=1 context_cnt=0 act_cnt_en=0 wei_cnt_en=0 act_pop_en=0 wei_pop_en=0 psm_start=0 shift_done=0 done=0 cscnt_q=0 pop_shim_q2=0 cdone_q=0 o_cswitch_done_val=0 o_cdone_val=0
[CTRL DEBUG] cycle=57500 state=0 start=0 incntlim=96 act_reps=64 wei_reps=64 ncontexts=1 context_cnt=0 act_cnt_en=0 wei_cnt_en=0 act_pop_en=0 wei_pop_en=0 psm_start=0 shift_done=0 done=0 cscnt_q=0 pop_shim_q2=0 cdone_q=0 o_cswitch_done_val=0 o_cdone_val=0
[CTRL DEBUG] cycle=57500 state=0 start=0 incntlim=96 act_reps=64 wei_reps=64 ncontexts=1 context_cnt=0 act_cnt_en=0 wei_cnt_en=0 act_pop_en=0 wei_pop_en=0 psm_start=0 shift_done=0 done=0 cscnt_q=0 pop_shim_q2=0 cdone_q=0 o_cswitch_done_val=0 o_cdone_val=0
[CTRL DEBUG] cycle=57500 state=0 start=0 incntlim=96 act_reps=64 wei_reps=64 ncontexts=1 context_cnt=0 act_cnt_en=0 wei_cnt_en=0 act_pop_en=0 wei_pop_en=0 psm_start=0 shift_done=0 done=0 cscnt_q=0 pop_shim_q2=0 cdone_q=0 o_cswitch_done_val=0 o_cdone_val=0
[CTRL DEBUG] cycle=57500 state=0 start=0 incntlim=96 act_reps=64 wei_reps=64 ncontexts=1 context_cnt=0 act_cnt_en=0 wei_cnt_en=0 act_pop_en=0 wei_pop_en=0 psm_start=0 shift_done=0 done=0 cscnt_q=0 pop_shim_q2=0 cdone_q=0 o_cswitch_done_val=0 o_cdone_val=0
[CTRL DEBUG] cycle=57500 state=0 start=0 incntlim=96 act_reps=64 wei_reps=64 ncontexts=1 context_cnt=0 act_cnt_en=0 wei_cnt_en=0 act_pop_en=0 wei_pop_en=0 psm_start=0 shift_done=0 done=0 cscnt_q=0 pop_shim_q2=0 cdone_q=0 o_cswitch_done_val=0 o_cdone_val=0
[CTRL DEBUG] cycle=57500 state=0 start=0 incntlim=96 act_reps=64 wei_reps=64 ncontexts=1 context_cnt=0 act_cnt_en=0 wei_cnt_en=0 act_pop_en=0 wei_pop_en=0 psm_start=0 shift_done=0 done=0 cscnt_q=0 pop_shim_q2=0 cdone_q=0 o_cswitch_done_val=0 o_cdone_val=0
[CTRL DEBUG] cycle=58000 state=0 start=0 incntlim=96 act_reps=64 wei_reps=64 ncontexts=1 context_cnt=0 act_cnt_en=0 wei_cnt_en=0 act_pop_en=0 wei_pop_en=0 psm_start=0 shift_done=0 done=0 cscnt_q=0 pop_shim_q2=0 cdone_q=0 o_cswitch_done_val=0 o_cdone_val=0
[CTRL DEBUG] cycle=58000 state=0 start=0 incntlim=96 act_reps=64 wei_reps=64 ncontexts=1 context_cnt=0 act_cnt_en=0 wei_cnt_en=0 act_pop_en=0 wei_pop_en=0 psm_start=0 shift_done=0 done=0 cscnt_q=0 pop_shim_q2=0 cdone_q=0 o_cswitch_done_val=0 o_cdone_val=0
[CTRL DEBUG] cycle=58000 state=0 start=0 incntlim=96 act_reps=64 wei_reps=64 ncontexts=1 context_cnt=0 act_cnt_en=0 wei_cnt_en=0 act_pop_en=0 wei_pop_en=0 psm_start=0 shift_done=0 done=0 cscnt_q=0 pop_shim_q2=0 cdone_q=0 o_cswitch_done_val=0 o_cdone_val=0
[CTRL DEBUG] cycle=58000 state=0 start=0 incntlim=96 act_reps=64 wei_reps=64 ncontexts=1 context_cnt=0 act_cnt_en=0 wei_cnt_en=0 act_pop_en=0 wei_pop_en=0 psm_start=0 shift_done=0 done=0 cscnt_q=0 pop_shim_q2=0 cdone_q=0 o_cswitch_done_val=0 o_cdone_val=0
[CTRL DEBUG] cycle=58000 state=0 start=0 incntlim=96 act_reps=64 wei_reps=64 ncontexts=1 context_cnt=0 act_cnt_en=0 wei_cnt_en=0 act_pop_en=0 wei_pop_en=0 psm_start=0 shift_done=0 done=0 cscnt_q=0 pop_shim_q2=0 cdone_q=0 o_cswitch_done_val=0 o_cdone_val=0
[CTRL DEBUG] cycle=58000 state=0 start=0 incntlim=96 act_reps=64 wei_reps=64 ncontexts=1 context_cnt=0 act_cnt_en=0 wei_cnt_en=0 act_pop_en=0 wei_pop_en=0 psm_start=0 shift_done=0 done=0 cscnt_q=0 pop_shim_q2=0 cdone_q=0 o_cswitch_done_val=0 o_cdone_val=0
[CTRL DEBUG] cycle=58500 state=0 start=0 incntlim=96 act_reps=64 wei_reps=64 ncontexts=1 context_cnt=0 act_cnt_en=0 wei_cnt_en=0 act_pop_en=0 wei_pop_en=0 psm_start=0 shift_done=0 done=0 cscnt_q=0 pop_shim_q2=0 cdone_q=0 o_cswitch_done_val=0 o_cdone_val=0
[CTRL DEBUG] cycle=58500 state=0 start=0 incntlim=96 act_reps=64 wei_reps=64 ncontexts=1 context_cnt=0 act_cnt_en=0 wei_cnt_en=0 act_pop_en=0 wei_pop_en=0 psm_start=0 shift_done=0 done=0 cscnt_q=0 pop_shim_q2=0 cdone_q=0 o_cswitch_done_val=0 o_cdone_val=0
[CTRL DEBUG] cycle=58500 state=0 start=0 incntlim=96 act_reps=64 wei_reps=64 ncontexts=1 context_cnt=0 act_cnt_en=0 wei_cnt_en=0 act_pop_en=0 wei_pop_en=0 psm_start=0 shift_done=0 done=0 cscnt_q=0 pop_shim_q2=0 cdone_q=0 o_cswitch_done_val=0 o_cdone_val=0
[CTRL DEBUG] cycle=58500 state=0 start=0 incntlim=96 act_reps=64 wei_reps=64 ncontexts=1 context_cnt=0 act_cnt_en=0 wei_cnt_en=0 act_pop_en=0 wei_pop_en=0 psm_start=0 shift_done=0 done=0 cscnt_q=0 pop_shim_q2=0 cdone_q=0 o_cswitch_done_val=0 o_cdone_val=0
[CTRL DEBUG] cycle=58500 state=0 start=0 incntlim=96 act_reps=64 wei_reps=64 ncontexts=1 context_cnt=0 act_cnt_en=0 wei_cnt_en=0 act_pop_en=0 wei_pop_en=0 psm_start=0 shift_done=0 done=0 cscnt_q=0 pop_shim_q2=0 cdone_q=0 o_cswitch_done_val=0 o_cdone_val=0
[CTRL DEBUG] cycle=58500 state=0 start=0 incntlim=96 act_reps=64 wei_reps=64 ncontexts=1 context_cnt=0 act_cnt_en=0 wei_cnt_en=0 act_pop_en=0 wei_pop_en=0 psm_start=0 shift_done=0 done=0 cscnt_q=0 pop_shim_q2=0 cdone_q=0 o_cswitch_done_val=0 o_cdone_val=0
[CTRL DEBUG] cycle=59000 state=0 start=0 incntlim=96 act_reps=64 wei_reps=64 ncontexts=1 context_cnt=0 act_cnt_en=0 wei_cnt_en=0 act_pop_en=0 wei_pop_en=0 psm_start=0 shift_done=0 done=0 cscnt_q=0 pop_shim_q2=0 cdone_q=0 o_cswitch_done_val=0 o_cdone_val=0
[CTRL DEBUG] cycle=59000 state=0 start=0 incntlim=96 act_reps=64 wei_reps=64 ncontexts=1 context_cnt=0 act_cnt_en=0 wei_cnt_en=0 act_pop_en=0 wei_pop_en=0 psm_start=0 shift_done=0 done=0 cscnt_q=0 pop_shim_q2=0 cdone_q=0 o_cswitch_done_val=0 o_cdone_val=0
[CTRL DEBUG] cycle=59000 state=0 start=0 incntlim=96 act_reps=64 wei_reps=64 ncontexts=1 context_cnt=0 act_cnt_en=0 wei_cnt_en=0 act_pop_en=0 wei_pop_en=0 psm_start=0 shift_done=0 done=0 cscnt_q=0 pop_shim_q2=0 cdone_q=0 o_cswitch_done_val=0 o_cdone_val=0
[CTRL DEBUG] cycle=59000 state=0 start=0 incntlim=96 act_reps=64 wei_reps=64 ncontexts=1 context_cnt=0 act_cnt_en=0 wei_cnt_en=0 act_pop_en=0 wei_pop_en=0 psm_start=0 shift_done=0 done=0 cscnt_q=0 pop_shim_q2=0 cdone_q=0 o_cswitch_done_val=0 o_cdone_val=0
[CTRL DEBUG] cycle=59000 state=0 start=0 incntlim=96 act_reps=64 wei_reps=64 ncontexts=1 context_cnt=0 act_cnt_en=0 wei_cnt_en=0 act_pop_en=0 wei_pop_en=0 psm_start=0 shift_done=0 done=0 cscnt_q=0 pop_shim_q2=0 cdone_q=0 o_cswitch_done_val=0 o_cdone_val=0
[CTRL DEBUG] cycle=59000 state=0 start=0 incntlim=96 act_reps=64 wei_reps=64 ncontexts=1 context_cnt=0 act_cnt_en=0 wei_cnt_en=0 act_pop_en=0 wei_pop_en=0 psm_start=0 shift_done=0 done=0 cscnt_q=0 pop_shim_q2=0 cdone_q=0 o_cswitch_done_val=0 o_cdone_val=0
[CTRL DEBUG] cycle=59500 state=0 start=0 incntlim=96 act_reps=64 wei_reps=64 ncontexts=1 context_cnt=0 act_cnt_en=0 wei_cnt_en=0 act_pop_en=0 wei_pop_en=0 psm_start=0 shift_done=0 done=0 cscnt_q=0 pop_shim_q2=0 cdone_q=0 o_cswitch_done_val=0 o_cdone_val=0
[CTRL DEBUG] cycle=59500 state=0 start=0 incntlim=96 act_reps=64 wei_reps=64 ncontexts=1 context_cnt=0 act_cnt_en=0 wei_cnt_en=0 act_pop_en=0 wei_pop_en=0 psm_start=0 shift_done=0 done=0 cscnt_q=0 pop_shim_q2=0 cdone_q=0 o_cswitch_done_val=0 o_cdone_val=0
[CTRL DEBUG] cycle=59500 state=0 start=0 incntlim=96 act_reps=64 wei_reps=64 ncontexts=1 context_cnt=0 act_cnt_en=0 wei_cnt_en=0 act_pop_en=0 wei_pop_en=0 psm_start=0 shift_done=0 done=0 cscnt_q=0 pop_shim_q2=0 cdone_q=0 o_cswitch_done_val=0 o_cdone_val=0
[CTRL DEBUG] cycle=59500 state=0 start=0 incntlim=96 act_reps=64 wei_reps=64 ncontexts=1 context_cnt=0 act_cnt_en=0 wei_cnt_en=0 act_pop_en=0 wei_pop_en=0 psm_start=0 shift_done=0 done=0 cscnt_q=0 pop_shim_q2=0 cdone_q=0 o_cswitch_done_val=0 o_cdone_val=0
[CTRL DEBUG] cycle=59500 state=0 start=0 incntlim=96 act_reps=64 wei_reps=64 ncontexts=1 context_cnt=0 act_cnt_en=0 wei_cnt_en=0 act_pop_en=0 wei_pop_en=0 psm_start=0 shift_done=0 done=0 cscnt_q=0 pop_shim_q2=0 cdone_q=0 o_cswitch_done_val=0 o_cdone_val=0
[CTRL DEBUG] cycle=59500 state=0 start=0 incntlim=96 act_reps=64 wei_reps=64 ncontexts=1 context_cnt=0 act_cnt_en=0 wei_cnt_en=0 act_pop_en=0 wei_pop_en=0 psm_start=0 shift_done=0 done=0 cscnt_q=0 pop_shim_q2=0 cdone_q=0 o_cswitch_done_val=0 o_cdone_val=0
[CTRL DEBUG] cycle=60000 state=0 start=0 incntlim=96 act_reps=64 wei_reps=64 ncontexts=1 context_cnt=0 act_cnt_en=0 wei_cnt_en=0 act_pop_en=0 wei_pop_en=0 psm_start=0 shift_done=0 done=0 cscnt_q=0 pop_shim_q2=0 cdone_q=0 o_cswitch_done_val=0 o_cdone_val=0
[CTRL DEBUG] cycle=60000 state=0 start=0 incntlim=96 act_reps=64 wei_reps=64 ncontexts=1 context_cnt=0 act_cnt_en=0 wei_cnt_en=0 act_pop_en=0 wei_pop_en=0 psm_start=0 shift_done=0 done=0 cscnt_q=0 pop_shim_q2=0 cdone_q=0 o_cswitch_done_val=0 o_cdone_val=0
[CTRL DEBUG] cycle=60000 state=0 start=0 incntlim=96 act_reps=64 wei_reps=64 ncontexts=1 context_cnt=0 act_cnt_en=0 wei_cnt_en=0 act_pop_en=0 wei_pop_en=0 psm_start=0 shift_done=0 done=0 cscnt_q=0 pop_shim_q2=0 cdone_q=0 o_cswitch_done_val=0 o_cdone_val=0
[CTRL DEBUG] cycle=60000 state=0 start=0 incntlim=96 act_reps=64 wei_reps=64 ncontexts=1 context_cnt=0 act_cnt_en=0 wei_cnt_en=0 act_pop_en=0 wei_pop_en=0 psm_start=0 shift_done=0 done=0 cscnt_q=0 pop_shim_q2=0 cdone_q=0 o_cswitch_done_val=0 o_cdone_val=0
[CTRL DEBUG] cycle=60000 state=0 start=0 incntlim=96 act_reps=64 wei_reps=64 ncontexts=1 context_cnt=0 act_cnt_en=0 wei_cnt_en=0 act_pop_en=0 wei_pop_en=0 psm_start=0 shift_done=0 done=0 cscnt_q=0 pop_shim_q2=0 cdone_q=0 o_cswitch_done_val=0 o_cdone_val=0
[CTRL DEBUG] cycle=60000 state=0 start=0 incntlim=96 act_reps=64 wei_reps=64 ncontexts=1 context_cnt=0 act_cnt_en=0 wei_cnt_en=0 act_pop_en=0 wei_pop_en=0 psm_start=0 shift_done=0 done=0 cscnt_q=0 pop_shim_q2=0 cdone_q=0 o_cswitch_done_val=0 o_cdone_val=0
[CTRL DEBUG] cycle=60500 state=0 start=0 incntlim=96 act_reps=64 wei_reps=64 ncontexts=1 context_cnt=0 act_cnt_en=0 wei_cnt_en=0 act_pop_en=0 wei_pop_en=0 psm_start=0 shift_done=0 done=0 cscnt_q=0 pop_shim_q2=0 cdone_q=0 o_cswitch_done_val=0 o_cdone_val=0
[CTRL DEBUG] cycle=60500 state=0 start=0 incntlim=96 act_reps=64 wei_reps=64 ncontexts=1 context_cnt=0 act_cnt_en=0 wei_cnt_en=0 act_pop_en=0 wei_pop_en=0 psm_start=0 shift_done=0 done=0 cscnt_q=0 pop_shim_q2=0 cdone_q=0 o_cswitch_done_val=0 o_cdone_val=0
[CTRL DEBUG] cycle=60500 state=0 start=0 incntlim=96 act_reps=64 wei_reps=64 ncontexts=1 context_cnt=0 act_cnt_en=0 wei_cnt_en=0 act_pop_en=0 wei_pop_en=0 psm_start=0 shift_done=0 done=0 cscnt_q=0 pop_shim_q2=0 cdone_q=0 o_cswitch_done_val=0 o_cdone_val=0
[CTRL DEBUG] cycle=60500 state=0 start=0 incntlim=96 act_reps=64 wei_reps=64 ncontexts=1 context_cnt=0 act_cnt_en=0 wei_cnt_en=0 act_pop_en=0 wei_pop_en=0 psm_start=0 shift_done=0 done=0 cscnt_q=0 pop_shim_q2=0 cdone_q=0 o_cswitch_done_val=0 o_cdone_val=0
[CTRL DEBUG] cycle=60500 state=0 start=0 incntlim=96 act_reps=64 wei_reps=64 ncontexts=1 context_cnt=0 act_cnt_en=0 wei_cnt_en=0 act_pop_en=0 wei_pop_en=0 psm_start=0 shift_done=0 done=0 cscnt_q=0 pop_shim_q2=0 cdone_q=0 o_cswitch_done_val=0 o_cdone_val=0
[CTRL DEBUG] cycle=60500 state=0 start=0 incntlim=96 act_reps=64 wei_reps=64 ncontexts=1 context_cnt=0 act_cnt_en=0 wei_cnt_en=0 act_pop_en=0 wei_pop_en=0 psm_start=0 shift_done=0 done=0 cscnt_q=0 pop_shim_q2=0 cdone_q=0 o_cswitch_done_val=0 o_cdone_val=0
[CTRL DEBUG] cycle=61000 state=0 start=0 incntlim=96 act_reps=64 wei_reps=64 ncontexts=1 context_cnt=0 act_cnt_en=0 wei_cnt_en=0 act_pop_en=0 wei_pop_en=0 psm_start=0 shift_done=0 done=0 cscnt_q=0 pop_shim_q2=0 cdone_q=0 o_cswitch_done_val=0 o_cdone_val=0
[CTRL DEBUG] cycle=61000 state=0 start=0 incntlim=96 act_reps=64 wei_reps=64 ncontexts=1 context_cnt=0 act_cnt_en=0 wei_cnt_en=0 act_pop_en=0 wei_pop_en=0 psm_start=0 shift_done=0 done=0 cscnt_q=0 pop_shim_q2=0 cdone_q=0 o_cswitch_done_val=0 o_cdone_val=0
[CTRL DEBUG] cycle=61000 state=0 start=0 incntlim=96 act_reps=64 wei_reps=64 ncontexts=1 context_cnt=0 act_cnt_en=0 wei_cnt_en=0 act_pop_en=0 wei_pop_en=0 psm_start=0 shift_done=0 done=0 cscnt_q=0 pop_shim_q2=0 cdone_q=0 o_cswitch_done_val=0 o_cdone_val=0
[CTRL DEBUG] cycle=61000 state=0 start=0 incntlim=96 act_reps=64 wei_reps=64 ncontexts=1 context_cnt=0 act_cnt_en=0 wei_cnt_en=0 act_pop_en=0 wei_pop_en=0 psm_start=0 shift_done=0 done=0 cscnt_q=0 pop_shim_q2=0 cdone_q=0 o_cswitch_done_val=0 o_cdone_val=0
[CTRL DEBUG] cycle=61000 state=0 start=0 incntlim=96 act_reps=64 wei_reps=64 ncontexts=1 context_cnt=0 act_cnt_en=0 wei_cnt_en=0 act_pop_en=0 wei_pop_en=0 psm_start=0 shift_done=0 done=0 cscnt_q=0 pop_shim_q2=0 cdone_q=0 o_cswitch_done_val=0 o_cdone_val=0
[CTRL DEBUG] cycle=61000 state=0 start=0 incntlim=96 act_reps=64 wei_reps=64 ncontexts=1 context_cnt=0 act_cnt_en=0 wei_cnt_en=0 act_pop_en=0 wei_pop_en=0 psm_start=0 shift_done=0 done=0 cscnt_q=0 pop_shim_q2=0 cdone_q=0 o_cswitch_done_val=0 o_cdone_val=0
[CTRL DEBUG] cycle=61500 state=0 start=0 incntlim=96 act_reps=64 wei_reps=64 ncontexts=1 context_cnt=0 act_cnt_en=0 wei_cnt_en=0 act_pop_en=0 wei_pop_en=0 psm_start=0 shift_done=0 done=0 cscnt_q=0 pop_shim_q2=0 cdone_q=0 o_cswitch_done_val=0 o_cdone_val=0
[CTRL DEBUG] cycle=61500 state=0 start=0 incntlim=96 act_reps=64 wei_reps=64 ncontexts=1 context_cnt=0 act_cnt_en=0 wei_cnt_en=0 act_pop_en=0 wei_pop_en=0 psm_start=0 shift_done=0 done=0 cscnt_q=0 pop_shim_q2=0 cdone_q=0 o_cswitch_done_val=0 o_cdone_val=0
[CTRL DEBUG] cycle=61500 state=0 start=0 incntlim=96 act_reps=64 wei_reps=64 ncontexts=1 context_cnt=0 act_cnt_en=0 wei_cnt_en=0 act_pop_en=0 wei_pop_en=0 psm_start=0 shift_done=0 done=0 cscnt_q=0 pop_shim_q2=0 cdone_q=0 o_cswitch_done_val=0 o_cdone_val=0
[CTRL DEBUG] cycle=61500 state=0 start=0 incntlim=96 act_reps=64 wei_reps=64 ncontexts=1 context_cnt=0 act_cnt_en=0 wei_cnt_en=0 act_pop_en=0 wei_pop_en=0 psm_start=0 shift_done=0 done=0 cscnt_q=0 pop_shim_q2=0 cdone_q=0 o_cswitch_done_val=0 o_cdone_val=0
[CTRL DEBUG] cycle=61500 state=0 start=0 incntlim=96 act_reps=64 wei_reps=64 ncontexts=1 context_cnt=0 act_cnt_en=0 wei_cnt_en=0 act_pop_en=0 wei_pop_en=0 psm_start=0 shift_done=0 done=0 cscnt_q=0 pop_shim_q2=0 cdone_q=0 o_cswitch_done_val=0 o_cdone_val=0
[CTRL DEBUG] cycle=61500 state=0 start=0 incntlim=96 act_reps=64 wei_reps=64 ncontexts=1 context_cnt=0 act_cnt_en=0 wei_cnt_en=0 act_pop_en=0 wei_pop_en=0 psm_start=0 shift_done=0 done=0 cscnt_q=0 pop_shim_q2=0 cdone_q=0 o_cswitch_done_val=0 o_cdone_val=0
[CTRL DEBUG] cycle=62000 state=0 start=0 incntlim=96 act_reps=64 wei_reps=64 ncontexts=1 context_cnt=0 act_cnt_en=0 wei_cnt_en=0 act_pop_en=0 wei_pop_en=0 psm_start=0 shift_done=0 done=0 cscnt_q=0 pop_shim_q2=0 cdone_q=0 o_cswitch_done_val=0 o_cdone_val=0
[CTRL DEBUG] cycle=62000 state=0 start=0 incntlim=96 act_reps=64 wei_reps=64 ncontexts=1 context_cnt=0 act_cnt_en=0 wei_cnt_en=0 act_pop_en=0 wei_pop_en=0 psm_start=0 shift_done=0 done=0 cscnt_q=0 pop_shim_q2=0 cdone_q=0 o_cswitch_done_val=0 o_cdone_val=0
[CTRL DEBUG] cycle=62000 state=0 start=0 incntlim=96 act_reps=64 wei_reps=64 ncontexts=1 context_cnt=0 act_cnt_en=0 wei_cnt_en=0 act_pop_en=0 wei_pop_en=0 psm_start=0 shift_done=0 done=0 cscnt_q=0 pop_shim_q2=0 cdone_q=0 o_cswitch_done_val=0 o_cdone_val=0
[CTRL DEBUG] cycle=62000 state=0 start=0 incntlim=96 act_reps=64 wei_reps=64 ncontexts=1 context_cnt=0 act_cnt_en=0 wei_cnt_en=0 act_pop_en=0 wei_pop_en=0 psm_start=0 shift_done=0 done=0 cscnt_q=0 pop_shim_q2=0 cdone_q=0 o_cswitch_done_val=0 o_cdone_val=0
[CTRL DEBUG] cycle=62000 state=0 start=0 incntlim=96 act_reps=64 wei_reps=64 ncontexts=1 context_cnt=0 act_cnt_en=0 wei_cnt_en=0 act_pop_en=0 wei_pop_en=0 psm_start=0 shift_done=0 done=0 cscnt_q=0 pop_shim_q2=0 cdone_q=0 o_cswitch_done_val=0 o_cdone_val=0
[CTRL DEBUG] cycle=62000 state=0 start=0 incntlim=96 act_reps=64 wei_reps=64 ncontexts=1 context_cnt=0 act_cnt_en=0 wei_cnt_en=0 act_pop_en=0 wei_pop_en=0 psm_start=0 shift_done=0 done=0 cscnt_q=0 pop_shim_q2=0 cdone_q=0 o_cswitch_done_val=0 o_cdone_val=0
[CTRL DEBUG] cycle=62500 state=0 start=0 incntlim=96 act_reps=64 wei_reps=64 ncontexts=1 context_cnt=0 act_cnt_en=0 wei_cnt_en=0 act_pop_en=0 wei_pop_en=0 psm_start=0 shift_done=0 done=0 cscnt_q=0 pop_shim_q2=0 cdone_q=0 o_cswitch_done_val=0 o_cdone_val=0
[CTRL DEBUG] cycle=62500 state=0 start=0 incntlim=96 act_reps=64 wei_reps=64 ncontexts=1 context_cnt=0 act_cnt_en=0 wei_cnt_en=0 act_pop_en=0 wei_pop_en=0 psm_start=0 shift_done=0 done=0 cscnt_q=0 pop_shim_q2=0 cdone_q=0 o_cswitch_done_val=0 o_cdone_val=0
[CTRL DEBUG] cycle=62500 state=0 start=0 incntlim=96 act_reps=64 wei_reps=64 ncontexts=1 context_cnt=0 act_cnt_en=0 wei_cnt_en=0 act_pop_en=0 wei_pop_en=0 psm_start=0 shift_done=0 done=0 cscnt_q=0 pop_shim_q2=0 cdone_q=0 o_cswitch_done_val=0 o_cdone_val=0
[CTRL DEBUG] cycle=62500 state=0 start=0 incntlim=96 act_reps=64 wei_reps=64 ncontexts=1 context_cnt=0 act_cnt_en=0 wei_cnt_en=0 act_pop_en=0 wei_pop_en=0 psm_start=0 shift_done=0 done=0 cscnt_q=0 pop_shim_q2=0 cdone_q=0 o_cswitch_done_val=0 o_cdone_val=0
[CTRL DEBUG] cycle=62500 state=0 start=0 incntlim=96 act_reps=64 wei_reps=64 ncontexts=1 context_cnt=0 act_cnt_en=0 wei_cnt_en=0 act_pop_en=0 wei_pop_en=0 psm_start=0 shift_done=0 done=0 cscnt_q=0 pop_shim_q2=0 cdone_q=0 o_cswitch_done_val=0 o_cdone_val=0
[CTRL DEBUG] cycle=62500 state=0 start=0 incntlim=96 act_reps=64 wei_reps=64 ncontexts=1 context_cnt=0 act_cnt_en=0 wei_cnt_en=0 act_pop_en=0 wei_pop_en=0 psm_start=0 shift_done=0 done=0 cscnt_q=0 pop_shim_q2=0 cdone_q=0 o_cswitch_done_val=0 o_cdone_val=0
[CTRL DEBUG] cycle=63000 state=0 start=0 incntlim=96 act_reps=64 wei_reps=64 ncontexts=1 context_cnt=0 act_cnt_en=0 wei_cnt_en=0 act_pop_en=0 wei_pop_en=0 psm_start=0 shift_done=0 done=0 cscnt_q=0 pop_shim_q2=0 cdone_q=0 o_cswitch_done_val=0 o_cdone_val=0
[CTRL DEBUG] cycle=63000 state=0 start=0 incntlim=96 act_reps=64 wei_reps=64 ncontexts=1 context_cnt=0 act_cnt_en=0 wei_cnt_en=0 act_pop_en=0 wei_pop_en=0 psm_start=0 shift_done=0 done=0 cscnt_q=0 pop_shim_q2=0 cdone_q=0 o_cswitch_done_val=0 o_cdone_val=0
[CTRL DEBUG] cycle=63000 state=0 start=0 incntlim=96 act_reps=64 wei_reps=64 ncontexts=1 context_cnt=0 act_cnt_en=0 wei_cnt_en=0 act_pop_en=0 wei_pop_en=0 psm_start=0 shift_done=0 done=0 cscnt_q=0 pop_shim_q2=0 cdone_q=0 o_cswitch_done_val=0 o_cdone_val=0
[CTRL DEBUG] cycle=63000 state=0 start=0 incntlim=96 act_reps=64 wei_reps=64 ncontexts=1 context_cnt=0 act_cnt_en=0 wei_cnt_en=0 act_pop_en=0 wei_pop_en=0 psm_start=0 shift_done=0 done=0 cscnt_q=0 pop_shim_q2=0 cdone_q=0 o_cswitch_done_val=0 o_cdone_val=0
[CTRL DEBUG] cycle=63000 state=0 start=0 incntlim=96 act_reps=64 wei_reps=64 ncontexts=1 context_cnt=0 act_cnt_en=0 wei_cnt_en=0 act_pop_en=0 wei_pop_en=0 psm_start=0 shift_done=0 done=0 cscnt_q=0 pop_shim_q2=0 cdone_q=0 o_cswitch_done_val=0 o_cdone_val=0
[CTRL DEBUG] cycle=63000 state=0 start=0 incntlim=96 act_reps=64 wei_reps=64 ncontexts=1 context_cnt=0 act_cnt_en=0 wei_cnt_en=0 act_pop_en=0 wei_pop_en=0 psm_start=0 shift_done=0 done=0 cscnt_q=0 pop_shim_q2=0 cdone_q=0 o_cswitch_done_val=0 o_cdone_val=0
[CTRL DEBUG] cycle=63500 state=0 start=0 incntlim=96 act_reps=64 wei_reps=64 ncontexts=1 context_cnt=0 act_cnt_en=0 wei_cnt_en=0 act_pop_en=0 wei_pop_en=0 psm_start=0 shift_done=0 done=0 cscnt_q=0 pop_shim_q2=0 cdone_q=0 o_cswitch_done_val=0 o_cdone_val=0
[CTRL DEBUG] cycle=63500 state=0 start=0 incntlim=96 act_reps=64 wei_reps=64 ncontexts=1 context_cnt=0 act_cnt_en=0 wei_cnt_en=0 act_pop_en=0 wei_pop_en=0 psm_start=0 shift_done=0 done=0 cscnt_q=0 pop_shim_q2=0 cdone_q=0 o_cswitch_done_val=0 o_cdone_val=0
[CTRL DEBUG] cycle=63500 state=0 start=0 incntlim=96 act_reps=64 wei_reps=64 ncontexts=1 context_cnt=0 act_cnt_en=0 wei_cnt_en=0 act_pop_en=0 wei_pop_en=0 psm_start=0 shift_done=0 done=0 cscnt_q=0 pop_shim_q2=0 cdone_q=0 o_cswitch_done_val=0 o_cdone_val=0
[CTRL DEBUG] cycle=63500 state=0 start=0 incntlim=96 act_reps=64 wei_reps=64 ncontexts=1 context_cnt=0 act_cnt_en=0 wei_cnt_en=0 act_pop_en=0 wei_pop_en=0 psm_start=0 shift_done=0 done=0 cscnt_q=0 pop_shim_q2=0 cdone_q=0 o_cswitch_done_val=0 o_cdone_val=0
[CTRL DEBUG] cycle=63500 state=0 start=0 incntlim=96 act_reps=64 wei_reps=64 ncontexts=1 context_cnt=0 act_cnt_en=0 wei_cnt_en=0 act_pop_en=0 wei_pop_en=0 psm_start=0 shift_done=0 done=0 cscnt_q=0 pop_shim_q2=0 cdone_q=0 o_cswitch_done_val=0 o_cdone_val=0
[CTRL DEBUG] cycle=63500 state=0 start=0 incntlim=96 act_reps=64 wei_reps=64 ncontexts=1 context_cnt=0 act_cnt_en=0 wei_cnt_en=0 act_pop_en=0 wei_pop_en=0 psm_start=0 shift_done=0 done=0 cscnt_q=0 pop_shim_q2=0 cdone_q=0 o_cswitch_done_val=0 o_cdone_val=0
[CTRL DEBUG] cycle=64000 state=0 start=0 incntlim=96 act_reps=64 wei_reps=64 ncontexts=1 context_cnt=0 act_cnt_en=0 wei_cnt_en=0 act_pop_en=0 wei_pop_en=0 psm_start=0 shift_done=0 done=0 cscnt_q=0 pop_shim_q2=0 cdone_q=0 o_cswitch_done_val=0 o_cdone_val=0
[CTRL DEBUG] cycle=64000 state=0 start=0 incntlim=96 act_reps=64 wei_reps=64 ncontexts=1 context_cnt=0 act_cnt_en=0 wei_cnt_en=0 act_pop_en=0 wei_pop_en=0 psm_start=0 shift_done=0 done=0 cscnt_q=0 pop_shim_q2=0 cdone_q=0 o_cswitch_done_val=0 o_cdone_val=0
[CTRL DEBUG] cycle=64000 state=0 start=0 incntlim=96 act_reps=64 wei_reps=64 ncontexts=1 context_cnt=0 act_cnt_en=0 wei_cnt_en=0 act_pop_en=0 wei_pop_en=0 psm_start=0 shift_done=0 done=0 cscnt_q=0 pop_shim_q2=0 cdone_q=0 o_cswitch_done_val=0 o_cdone_val=0
[CTRL DEBUG] cycle=64000 state=0 start=0 incntlim=96 act_reps=64 wei_reps=64 ncontexts=1 context_cnt=0 act_cnt_en=0 wei_cnt_en=0 act_pop_en=0 wei_pop_en=0 psm_start=0 shift_done=0 done=0 cscnt_q=0 pop_shim_q2=0 cdone_q=0 o_cswitch_done_val=0 o_cdone_val=0
[CTRL DEBUG] cycle=64000 state=0 start=0 incntlim=96 act_reps=64 wei_reps=64 ncontexts=1 context_cnt=0 act_cnt_en=0 wei_cnt_en=0 act_pop_en=0 wei_pop_en=0 psm_start=0 shift_done=0 done=0 cscnt_q=0 pop_shim_q2=0 cdone_q=0 o_cswitch_done_val=0 o_cdone_val=0
[CTRL DEBUG] cycle=64000 state=0 start=0 incntlim=96 act_reps=64 wei_reps=64 ncontexts=1 context_cnt=0 act_cnt_en=0 wei_cnt_en=0 act_pop_en=0 wei_pop_en=0 psm_start=0 shift_done=0 done=0 cscnt_q=0 pop_shim_q2=0 cdone_q=0 o_cswitch_done_val=0 o_cdone_val=0
[CTRL DEBUG] cycle=64500 state=0 start=0 incntlim=96 act_reps=64 wei_reps=64 ncontexts=1 context_cnt=0 act_cnt_en=0 wei_cnt_en=0 act_pop_en=0 wei_pop_en=0 psm_start=0 shift_done=0 done=0 cscnt_q=0 pop_shim_q2=0 cdone_q=0 o_cswitch_done_val=0 o_cdone_val=0
[CTRL DEBUG] cycle=64500 state=0 start=0 incntlim=96 act_reps=64 wei_reps=64 ncontexts=1 context_cnt=0 act_cnt_en=0 wei_cnt_en=0 act_pop_en=0 wei_pop_en=0 psm_start=0 shift_done=0 done=0 cscnt_q=0 pop_shim_q2=0 cdone_q=0 o_cswitch_done_val=0 o_cdone_val=0
[CTRL DEBUG] cycle=64500 state=0 start=0 incntlim=96 act_reps=64 wei_reps=64 ncontexts=1 context_cnt=0 act_cnt_en=0 wei_cnt_en=0 act_pop_en=0 wei_pop_en=0 psm_start=0 shift_done=0 done=0 cscnt_q=0 pop_shim_q2=0 cdone_q=0 o_cswitch_done_val=0 o_cdone_val=0
[CTRL DEBUG] cycle=64500 state=0 start=0 incntlim=96 act_reps=64 wei_reps=64 ncontexts=1 context_cnt=0 act_cnt_en=0 wei_cnt_en=0 act_pop_en=0 wei_pop_en=0 psm_start=0 shift_done=0 done=0 cscnt_q=0 pop_shim_q2=0 cdone_q=0 o_cswitch_done_val=0 o_cdone_val=0
[CTRL DEBUG] cycle=64500 state=0 start=0 incntlim=96 act_reps=64 wei_reps=64 ncontexts=1 context_cnt=0 act_cnt_en=0 wei_cnt_en=0 act_pop_en=0 wei_pop_en=0 psm_start=0 shift_done=0 done=0 cscnt_q=0 pop_shim_q2=0 cdone_q=0 o_cswitch_done_val=0 o_cdone_val=0
[CTRL DEBUG] cycle=64500 state=0 start=0 incntlim=96 act_reps=64 wei_reps=64 ncontexts=1 context_cnt=0 act_cnt_en=0 wei_cnt_en=0 act_pop_en=0 wei_pop_en=0 psm_start=0 shift_done=0 done=0 cscnt_q=0 pop_shim_q2=0 cdone_q=0 o_cswitch_done_val=0 o_cdone_val=0
[CTRL DEBUG] cycle=65000 state=0 start=0 incntlim=96 act_reps=64 wei_reps=64 ncontexts=1 context_cnt=0 act_cnt_en=0 wei_cnt_en=0 act_pop_en=0 wei_pop_en=0 psm_start=0 shift_done=0 done=0 cscnt_q=0 pop_shim_q2=0 cdone_q=0 o_cswitch_done_val=0 o_cdone_val=0
[CTRL DEBUG] cycle=65000 state=0 start=0 incntlim=96 act_reps=64 wei_reps=64 ncontexts=1 context_cnt=0 act_cnt_en=0 wei_cnt_en=0 act_pop_en=0 wei_pop_en=0 psm_start=0 shift_done=0 done=0 cscnt_q=0 pop_shim_q2=0 cdone_q=0 o_cswitch_done_val=0 o_cdone_val=0
[CTRL DEBUG] cycle=65000 state=0 start=0 incntlim=96 act_reps=64 wei_reps=64 ncontexts=1 context_cnt=0 act_cnt_en=0 wei_cnt_en=0 act_pop_en=0 wei_pop_en=0 psm_start=0 shift_done=0 done=0 cscnt_q=0 pop_shim_q2=0 cdone_q=0 o_cswitch_done_val=0 o_cdone_val=0
[CTRL DEBUG] cycle=65000 state=0 start=0 incntlim=96 act_reps=64 wei_reps=64 ncontexts=1 context_cnt=0 act_cnt_en=0 wei_cnt_en=0 act_pop_en=0 wei_pop_en=0 psm_start=0 shift_done=0 done=0 cscnt_q=0 pop_shim_q2=0 cdone_q=0 o_cswitch_done_val=0 o_cdone_val=0
[CTRL DEBUG] cycle=65000 state=0 start=0 incntlim=96 act_reps=64 wei_reps=64 ncontexts=1 context_cnt=0 act_cnt_en=0 wei_cnt_en=0 act_pop_en=0 wei_pop_en=0 psm_start=0 shift_done=0 done=0 cscnt_q=0 pop_shim_q2=0 cdone_q=0 o_cswitch_done_val=0 o_cdone_val=0
[CTRL DEBUG] cycle=65000 state=0 start=0 incntlim=96 act_reps=64 wei_reps=64 ncontexts=1 context_cnt=0 act_cnt_en=0 wei_cnt_en=0 act_pop_en=0 wei_pop_en=0 psm_start=0 shift_done=0 done=0 cscnt_q=0 pop_shim_q2=0 cdone_q=0 o_cswitch_done_val=0 o_cdone_val=0
[CTRL DEBUG] cycle=65500 state=0 start=0 incntlim=96 act_reps=64 wei_reps=64 ncontexts=1 context_cnt=0 act_cnt_en=0 wei_cnt_en=0 act_pop_en=0 wei_pop_en=0 psm_start=0 shift_done=0 done=0 cscnt_q=0 pop_shim_q2=0 cdone_q=0 o_cswitch_done_val=0 o_cdone_val=0
[CTRL DEBUG] cycle=65500 state=0 start=0 incntlim=96 act_reps=64 wei_reps=64 ncontexts=1 context_cnt=0 act_cnt_en=0 wei_cnt_en=0 act_pop_en=0 wei_pop_en=0 psm_start=0 shift_done=0 done=0 cscnt_q=0 pop_shim_q2=0 cdone_q=0 o_cswitch_done_val=0 o_cdone_val=0
[CTRL DEBUG] cycle=65500 state=0 start=0 incntlim=96 act_reps=64 wei_reps=64 ncontexts=1 context_cnt=0 act_cnt_en=0 wei_cnt_en=0 act_pop_en=0 wei_pop_en=0 psm_start=0 shift_done=0 done=0 cscnt_q=0 pop_shim_q2=0 cdone_q=0 o_cswitch_done_val=0 o_cdone_val=0
[CTRL DEBUG] cycle=65500 state=0 start=0 incntlim=96 act_reps=64 wei_reps=64 ncontexts=1 context_cnt=0 act_cnt_en=0 wei_cnt_en=0 act_pop_en=0 wei_pop_en=0 psm_start=0 shift_done=0 done=0 cscnt_q=0 pop_shim_q2=0 cdone_q=0 o_cswitch_done_val=0 o_cdone_val=0
[CTRL DEBUG] cycle=65500 state=0 start=0 incntlim=96 act_reps=64 wei_reps=64 ncontexts=1 context_cnt=0 act_cnt_en=0 wei_cnt_en=0 act_pop_en=0 wei_pop_en=0 psm_start=0 shift_done=0 done=0 cscnt_q=0 pop_shim_q2=0 cdone_q=0 o_cswitch_done_val=0 o_cdone_val=0
[CTRL DEBUG] cycle=65500 state=0 start=0 incntlim=96 act_reps=64 wei_reps=64 ncontexts=1 context_cnt=0 act_cnt_en=0 wei_cnt_en=0 act_pop_en=0 wei_pop_en=0 psm_start=0 shift_done=0 done=0 cscnt_q=0 pop_shim_q2=0 cdone_q=0 o_cswitch_done_val=0 o_cdone_val=0
[CTRL DEBUG] cycle=66000 state=0 start=0 incntlim=96 act_reps=64 wei_reps=64 ncontexts=1 context_cnt=0 act_cnt_en=0 wei_cnt_en=0 act_pop_en=0 wei_pop_en=0 psm_start=0 shift_done=0 done=0 cscnt_q=0 pop_shim_q2=0 cdone_q=0 o_cswitch_done_val=0 o_cdone_val=0
[CTRL DEBUG] cycle=66000 state=0 start=0 incntlim=96 act_reps=64 wei_reps=64 ncontexts=1 context_cnt=0 act_cnt_en=0 wei_cnt_en=0 act_pop_en=0 wei_pop_en=0 psm_start=0 shift_done=0 done=0 cscnt_q=0 pop_shim_q2=0 cdone_q=0 o_cswitch_done_val=0 o_cdone_val=0
[CTRL DEBUG] cycle=66000 state=0 start=0 incntlim=96 act_reps=64 wei_reps=64 ncontexts=1 context_cnt=0 act_cnt_en=0 wei_cnt_en=0 act_pop_en=0 wei_pop_en=0 psm_start=0 shift_done=0 done=0 cscnt_q=0 pop_shim_q2=0 cdone_q=0 o_cswitch_done_val=0 o_cdone_val=0
[CTRL DEBUG] cycle=66000 state=0 start=0 incntlim=96 act_reps=64 wei_reps=64 ncontexts=1 context_cnt=0 act_cnt_en=0 wei_cnt_en=0 act_pop_en=0 wei_pop_en=0 psm_start=0 shift_done=0 done=0 cscnt_q=0 pop_shim_q2=0 cdone_q=0 o_cswitch_done_val=0 o_cdone_val=0
[CTRL DEBUG] cycle=66000 state=0 start=0 incntlim=96 act_reps=64 wei_reps=64 ncontexts=1 context_cnt=0 act_cnt_en=0 wei_cnt_en=0 act_pop_en=0 wei_pop_en=0 psm_start=0 shift_done=0 done=0 cscnt_q=0 pop_shim_q2=0 cdone_q=0 o_cswitch_done_val=0 o_cdone_val=0
[CTRL DEBUG] cycle=66000 state=0 start=0 incntlim=96 act_reps=64 wei_reps=64 ncontexts=1 context_cnt=0 act_cnt_en=0 wei_cnt_en=0 act_pop_en=0 wei_pop_en=0 psm_start=0 shift_done=0 done=0 cscnt_q=0 pop_shim_q2=0 cdone_q=0 o_cswitch_done_val=0 o_cdone_val=0
[CTRL DEBUG] cycle=66500 state=0 start=0 incntlim=96 act_reps=64 wei_reps=64 ncontexts=1 context_cnt=0 act_cnt_en=0 wei_cnt_en=0 act_pop_en=0 wei_pop_en=0 psm_start=0 shift_done=0 done=0 cscnt_q=0 pop_shim_q2=0 cdone_q=0 o_cswitch_done_val=0 o_cdone_val=0
[CTRL DEBUG] cycle=66500 state=0 start=0 incntlim=96 act_reps=64 wei_reps=64 ncontexts=1 context_cnt=0 act_cnt_en=0 wei_cnt_en=0 act_pop_en=0 wei_pop_en=0 psm_start=0 shift_done=0 done=0 cscnt_q=0 pop_shim_q2=0 cdone_q=0 o_cswitch_done_val=0 o_cdone_val=0
[CTRL DEBUG] cycle=66500 state=0 start=0 incntlim=96 act_reps=64 wei_reps=64 ncontexts=1 context_cnt=0 act_cnt_en=0 wei_cnt_en=0 act_pop_en=0 wei_pop_en=0 psm_start=0 shift_done=0 done=0 cscnt_q=0 pop_shim_q2=0 cdone_q=0 o_cswitch_done_val=0 o_cdone_val=0
[CTRL DEBUG] cycle=66500 state=0 start=0 incntlim=96 act_reps=64 wei_reps=64 ncontexts=1 context_cnt=0 act_cnt_en=0 wei_cnt_en=0 act_pop_en=0 wei_pop_en=0 psm_start=0 shift_done=0 done=0 cscnt_q=0 pop_shim_q2=0 cdone_q=0 o_cswitch_done_val=0 o_cdone_val=0
[CTRL DEBUG] cycle=66500 state=0 start=0 incntlim=96 act_reps=64 wei_reps=64 ncontexts=1 context_cnt=0 act_cnt_en=0 wei_cnt_en=0 act_pop_en=0 wei_pop_en=0 psm_start=0 shift_done=0 done=0 cscnt_q=0 pop_shim_q2=0 cdone_q=0 o_cswitch_done_val=0 o_cdone_val=0
[CTRL DEBUG] cycle=66500 state=0 start=0 incntlim=96 act_reps=64 wei_reps=64 ncontexts=1 context_cnt=0 act_cnt_en=0 wei_cnt_en=0 act_pop_en=0 wei_pop_en=0 psm_start=0 shift_done=0 done=0 cscnt_q=0 pop_shim_q2=0 cdone_q=0 o_cswitch_done_val=0 o_cdone_val=0
[CTRL DEBUG] cycle=67000 state=0 start=0 incntlim=96 act_reps=64 wei_reps=64 ncontexts=1 context_cnt=0 act_cnt_en=0 wei_cnt_en=0 act_pop_en=0 wei_pop_en=0 psm_start=0 shift_done=0 done=0 cscnt_q=0 pop_shim_q2=0 cdone_q=0 o_cswitch_done_val=0 o_cdone_val=0
[CTRL DEBUG] cycle=67000 state=0 start=0 incntlim=96 act_reps=64 wei_reps=64 ncontexts=1 context_cnt=0 act_cnt_en=0 wei_cnt_en=0 act_pop_en=0 wei_pop_en=0 psm_start=0 shift_done=0 done=0 cscnt_q=0 pop_shim_q2=0 cdone_q=0 o_cswitch_done_val=0 o_cdone_val=0
[CTRL DEBUG] cycle=67000 state=0 start=0 incntlim=96 act_reps=64 wei_reps=64 ncontexts=1 context_cnt=0 act_cnt_en=0 wei_cnt_en=0 act_pop_en=0 wei_pop_en=0 psm_start=0 shift_done=0 done=0 cscnt_q=0 pop_shim_q2=0 cdone_q=0 o_cswitch_done_val=0 o_cdone_val=0
[CTRL DEBUG] cycle=67000 state=0 start=0 incntlim=96 act_reps=64 wei_reps=64 ncontexts=1 context_cnt=0 act_cnt_en=0 wei_cnt_en=0 act_pop_en=0 wei_pop_en=0 psm_start=0 shift_done=0 done=0 cscnt_q=0 pop_shim_q2=0 cdone_q=0 o_cswitch_done_val=0 o_cdone_val=0
[CTRL DEBUG] cycle=67000 state=0 start=0 incntlim=96 act_reps=64 wei_reps=64 ncontexts=1 context_cnt=0 act_cnt_en=0 wei_cnt_en=0 act_pop_en=0 wei_pop_en=0 psm_start=0 shift_done=0 done=0 cscnt_q=0 pop_shim_q2=0 cdone_q=0 o_cswitch_done_val=0 o_cdone_val=0
[CTRL DEBUG] cycle=67000 state=0 start=0 incntlim=96 act_reps=64 wei_reps=64 ncontexts=1 context_cnt=0 act_cnt_en=0 wei_cnt_en=0 act_pop_en=0 wei_pop_en=0 psm_start=0 shift_done=0 done=0 cscnt_q=0 pop_shim_q2=0 cdone_q=0 o_cswitch_done_val=0 o_cdone_val=0
[CTRL DEBUG] cycle=67500 state=0 start=0 incntlim=96 act_reps=64 wei_reps=64 ncontexts=1 context_cnt=0 act_cnt_en=0 wei_cnt_en=0 act_pop_en=0 wei_pop_en=0 psm_start=0 shift_done=0 done=0 cscnt_q=0 pop_shim_q2=0 cdone_q=0 o_cswitch_done_val=0 o_cdone_val=0
[CTRL DEBUG] cycle=67500 state=0 start=0 incntlim=96 act_reps=64 wei_reps=64 ncontexts=1 context_cnt=0 act_cnt_en=0 wei_cnt_en=0 act_pop_en=0 wei_pop_en=0 psm_start=0 shift_done=0 done=0 cscnt_q=0 pop_shim_q2=0 cdone_q=0 o_cswitch_done_val=0 o_cdone_val=0
[CTRL DEBUG] cycle=67500 state=0 start=0 incntlim=96 act_reps=64 wei_reps=64 ncontexts=1 context_cnt=0 act_cnt_en=0 wei_cnt_en=0 act_pop_en=0 wei_pop_en=0 psm_start=0 shift_done=0 done=0 cscnt_q=0 pop_shim_q2=0 cdone_q=0 o_cswitch_done_val=0 o_cdone_val=0
[CTRL DEBUG] cycle=67500 state=0 start=0 incntlim=96 act_reps=64 wei_reps=64 ncontexts=1 context_cnt=0 act_cnt_en=0 wei_cnt_en=0 act_pop_en=0 wei_pop_en=0 psm_start=0 shift_done=0 done=0 cscnt_q=0 pop_shim_q2=0 cdone_q=0 o_cswitch_done_val=0 o_cdone_val=0
[CTRL DEBUG] cycle=67500 state=0 start=0 incntlim=96 act_reps=64 wei_reps=64 ncontexts=1 context_cnt=0 act_cnt_en=0 wei_cnt_en=0 act_pop_en=0 wei_pop_en=0 psm_start=0 shift_done=0 done=0 cscnt_q=0 pop_shim_q2=0 cdone_q=0 o_cswitch_done_val=0 o_cdone_val=0
[CTRL DEBUG] cycle=67500 state=0 start=0 incntlim=96 act_reps=64 wei_reps=64 ncontexts=1 context_cnt=0 act_cnt_en=0 wei_cnt_en=0 act_pop_en=0 wei_pop_en=0 psm_start=0 shift_done=0 done=0 cscnt_q=0 pop_shim_q2=0 cdone_q=0 o_cswitch_done_val=0 o_cdone_val=0
[CTRL DEBUG] cycle=68000 state=0 start=0 incntlim=96 act_reps=64 wei_reps=64 ncontexts=1 context_cnt=0 act_cnt_en=0 wei_cnt_en=0 act_pop_en=0 wei_pop_en=0 psm_start=0 shift_done=0 done=0 cscnt_q=0 pop_shim_q2=0 cdone_q=0 o_cswitch_done_val=0 o_cdone_val=0
[CTRL DEBUG] cycle=68000 state=0 start=0 incntlim=96 act_reps=64 wei_reps=64 ncontexts=1 context_cnt=0 act_cnt_en=0 wei_cnt_en=0 act_pop_en=0 wei_pop_en=0 psm_start=0 shift_done=0 done=0 cscnt_q=0 pop_shim_q2=0 cdone_q=0 o_cswitch_done_val=0 o_cdone_val=0
[CTRL DEBUG] cycle=68000 state=0 start=0 incntlim=96 act_reps=64 wei_reps=64 ncontexts=1 context_cnt=0 act_cnt_en=0 wei_cnt_en=0 act_pop_en=0 wei_pop_en=0 psm_start=0 shift_done=0 done=0 cscnt_q=0 pop_shim_q2=0 cdone_q=0 o_cswitch_done_val=0 o_cdone_val=0
[CTRL DEBUG] cycle=68000 state=0 start=0 incntlim=96 act_reps=64 wei_reps=64 ncontexts=1 context_cnt=0 act_cnt_en=0 wei_cnt_en=0 act_pop_en=0 wei_pop_en=0 psm_start=0 shift_done=0 done=0 cscnt_q=0 pop_shim_q2=0 cdone_q=0 o_cswitch_done_val=0 o_cdone_val=0
[CTRL DEBUG] cycle=68000 state=0 start=0 incntlim=96 act_reps=64 wei_reps=64 ncontexts=1 context_cnt=0 act_cnt_en=0 wei_cnt_en=0 act_pop_en=0 wei_pop_en=0 psm_start=0 shift_done=0 done=0 cscnt_q=0 pop_shim_q2=0 cdone_q=0 o_cswitch_done_val=0 o_cdone_val=0
[CTRL DEBUG] cycle=68000 state=0 start=0 incntlim=96 act_reps=64 wei_reps=64 ncontexts=1 context_cnt=0 act_cnt_en=0 wei_cnt_en=0 act_pop_en=0 wei_pop_en=0 psm_start=0 shift_done=0 done=0 cscnt_q=0 pop_shim_q2=0 cdone_q=0 o_cswitch_done_val=0 o_cdone_val=0
[CTRL DEBUG] cycle=68500 state=0 start=0 incntlim=96 act_reps=64 wei_reps=64 ncontexts=1 context_cnt=0 act_cnt_en=0 wei_cnt_en=0 act_pop_en=0 wei_pop_en=0 psm_start=0 shift_done=0 done=0 cscnt_q=0 pop_shim_q2=0 cdone_q=0 o_cswitch_done_val=0 o_cdone_val=0
[CTRL DEBUG] cycle=68500 state=0 start=0 incntlim=96 act_reps=64 wei_reps=64 ncontexts=1 context_cnt=0 act_cnt_en=0 wei_cnt_en=0 act_pop_en=0 wei_pop_en=0 psm_start=0 shift_done=0 done=0 cscnt_q=0 pop_shim_q2=0 cdone_q=0 o_cswitch_done_val=0 o_cdone_val=0
[CTRL DEBUG] cycle=68500 state=0 start=0 incntlim=96 act_reps=64 wei_reps=64 ncontexts=1 context_cnt=0 act_cnt_en=0 wei_cnt_en=0 act_pop_en=0 wei_pop_en=0 psm_start=0 shift_done=0 done=0 cscnt_q=0 pop_shim_q2=0 cdone_q=0 o_cswitch_done_val=0 o_cdone_val=0
[CTRL DEBUG] cycle=68500 state=0 start=0 incntlim=96 act_reps=64 wei_reps=64 ncontexts=1 context_cnt=0 act_cnt_en=0 wei_cnt_en=0 act_pop_en=0 wei_pop_en=0 psm_start=0 shift_done=0 done=0 cscnt_q=0 pop_shim_q2=0 cdone_q=0 o_cswitch_done_val=0 o_cdone_val=0
[CTRL DEBUG] cycle=68500 state=0 start=0 incntlim=96 act_reps=64 wei_reps=64 ncontexts=1 context_cnt=0 act_cnt_en=0 wei_cnt_en=0 act_pop_en=0 wei_pop_en=0 psm_start=0 shift_done=0 done=0 cscnt_q=0 pop_shim_q2=0 cdone_q=0 o_cswitch_done_val=0 o_cdone_val=0
[CTRL DEBUG] cycle=68500 state=0 start=0 incntlim=96 act_reps=64 wei_reps=64 ncontexts=1 context_cnt=0 act_cnt_en=0 wei_cnt_en=0 act_pop_en=0 wei_pop_en=0 psm_start=0 shift_done=0 done=0 cscnt_q=0 pop_shim_q2=0 cdone_q=0 o_cswitch_done_val=0 o_cdone_val=0
[CTRL DEBUG] cycle=69000 state=0 start=0 incntlim=96 act_reps=64 wei_reps=64 ncontexts=1 context_cnt=0 act_cnt_en=0 wei_cnt_en=0 act_pop_en=0 wei_pop_en=0 psm_start=0 shift_done=0 done=0 cscnt_q=0 pop_shim_q2=0 cdone_q=0 o_cswitch_done_val=0 o_cdone_val=0
[CTRL DEBUG] cycle=69000 state=0 start=0 incntlim=96 act_reps=64 wei_reps=64 ncontexts=1 context_cnt=0 act_cnt_en=0 wei_cnt_en=0 act_pop_en=0 wei_pop_en=0 psm_start=0 shift_done=0 done=0 cscnt_q=0 pop_shim_q2=0 cdone_q=0 o_cswitch_done_val=0 o_cdone_val=0
[CTRL DEBUG] cycle=69000 state=0 start=0 incntlim=96 act_reps=64 wei_reps=64 ncontexts=1 context_cnt=0 act_cnt_en=0 wei_cnt_en=0 act_pop_en=0 wei_pop_en=0 psm_start=0 shift_done=0 done=0 cscnt_q=0 pop_shim_q2=0 cdone_q=0 o_cswitch_done_val=0 o_cdone_val=0
[CTRL DEBUG] cycle=69000 state=0 start=0 incntlim=96 act_reps=64 wei_reps=64 ncontexts=1 context_cnt=0 act_cnt_en=0 wei_cnt_en=0 act_pop_en=0 wei_pop_en=0 psm_start=0 shift_done=0 done=0 cscnt_q=0 pop_shim_q2=0 cdone_q=0 o_cswitch_done_val=0 o_cdone_val=0
[CTRL DEBUG] cycle=69000 state=0 start=0 incntlim=96 act_reps=64 wei_reps=64 ncontexts=1 context_cnt=0 act_cnt_en=0 wei_cnt_en=0 act_pop_en=0 wei_pop_en=0 psm_start=0 shift_done=0 done=0 cscnt_q=0 pop_shim_q2=0 cdone_q=0 o_cswitch_done_val=0 o_cdone_val=0
[CTRL DEBUG] cycle=69000 state=0 start=0 incntlim=96 act_reps=64 wei_reps=64 ncontexts=1 context_cnt=0 act_cnt_en=0 wei_cnt_en=0 act_pop_en=0 wei_pop_en=0 psm_start=0 shift_done=0 done=0 cscnt_q=0 pop_shim_q2=0 cdone_q=0 o_cswitch_done_val=0 o_cdone_val=0
[CTRL DEBUG] cycle=69500 state=0 start=0 incntlim=96 act_reps=64 wei_reps=64 ncontexts=1 context_cnt=0 act_cnt_en=0 wei_cnt_en=0 act_pop_en=0 wei_pop_en=0 psm_start=0 shift_done=0 done=0 cscnt_q=0 pop_shim_q2=0 cdone_q=0 o_cswitch_done_val=0 o_cdone_val=0
[CTRL DEBUG] cycle=69500 state=0 start=0 incntlim=96 act_reps=64 wei_reps=64 ncontexts=1 context_cnt=0 act_cnt_en=0 wei_cnt_en=0 act_pop_en=0 wei_pop_en=0 psm_start=0 shift_done=0 done=0 cscnt_q=0 pop_shim_q2=0 cdone_q=0 o_cswitch_done_val=0 o_cdone_val=0
[CTRL DEBUG] cycle=69500 state=0 start=0 incntlim=96 act_reps=64 wei_reps=64 ncontexts=1 context_cnt=0 act_cnt_en=0 wei_cnt_en=0 act_pop_en=0 wei_pop_en=0 psm_start=0 shift_done=0 done=0 cscnt_q=0 pop_shim_q2=0 cdone_q=0 o_cswitch_done_val=0 o_cdone_val=0
[CTRL DEBUG] cycle=69500 state=0 start=0 incntlim=96 act_reps=64 wei_reps=64 ncontexts=1 context_cnt=0 act_cnt_en=0 wei_cnt_en=0 act_pop_en=0 wei_pop_en=0 psm_start=0 shift_done=0 done=0 cscnt_q=0 pop_shim_q2=0 cdone_q=0 o_cswitch_done_val=0 o_cdone_val=0
[CTRL DEBUG] cycle=69500 state=0 start=0 incntlim=96 act_reps=64 wei_reps=64 ncontexts=1 context_cnt=0 act_cnt_en=0 wei_cnt_en=0 act_pop_en=0 wei_pop_en=0 psm_start=0 shift_done=0 done=0 cscnt_q=0 pop_shim_q2=0 cdone_q=0 o_cswitch_done_val=0 o_cdone_val=0
[CTRL DEBUG] cycle=69500 state=0 start=0 incntlim=96 act_reps=64 wei_reps=64 ncontexts=1 context_cnt=0 act_cnt_en=0 wei_cnt_en=0 act_pop_en=0 wei_pop_en=0 psm_start=0 shift_done=0 done=0 cscnt_q=0 pop_shim_q2=0 cdone_q=0 o_cswitch_done_val=0 o_cdone_val=0
[CTRL DEBUG] cycle=70000 state=0 start=0 incntlim=96 act_reps=64 wei_reps=64 ncontexts=1 context_cnt=0 act_cnt_en=0 wei_cnt_en=0 act_pop_en=0 wei_pop_en=0 psm_start=0 shift_done=0 done=0 cscnt_q=0 pop_shim_q2=0 cdone_q=0 o_cswitch_done_val=0 o_cdone_val=0
[CTRL DEBUG] cycle=70000 state=0 start=0 incntlim=96 act_reps=64 wei_reps=64 ncontexts=1 context_cnt=0 act_cnt_en=0 wei_cnt_en=0 act_pop_en=0 wei_pop_en=0 psm_start=0 shift_done=0 done=0 cscnt_q=0 pop_shim_q2=0 cdone_q=0 o_cswitch_done_val=0 o_cdone_val=0
[CTRL DEBUG] cycle=70000 state=0 start=0 incntlim=96 act_reps=64 wei_reps=64 ncontexts=1 context_cnt=0 act_cnt_en=0 wei_cnt_en=0 act_pop_en=0 wei_pop_en=0 psm_start=0 shift_done=0 done=0 cscnt_q=0 pop_shim_q2=0 cdone_q=0 o_cswitch_done_val=0 o_cdone_val=0
[CTRL DEBUG] cycle=70000 state=0 start=0 incntlim=96 act_reps=64 wei_reps=64 ncontexts=1 context_cnt=0 act_cnt_en=0 wei_cnt_en=0 act_pop_en=0 wei_pop_en=0 psm_start=0 shift_done=0 done=0 cscnt_q=0 pop_shim_q2=0 cdone_q=0 o_cswitch_done_val=0 o_cdone_val=0
[CTRL DEBUG] cycle=70000 state=0 start=0 incntlim=96 act_reps=64 wei_reps=64 ncontexts=1 context_cnt=0 act_cnt_en=0 wei_cnt_en=0 act_pop_en=0 wei_pop_en=0 psm_start=0 shift_done=0 done=0 cscnt_q=0 pop_shim_q2=0 cdone_q=0 o_cswitch_done_val=0 o_cdone_val=0
[CTRL DEBUG] cycle=70000 state=0 start=0 incntlim=96 act_reps=64 wei_reps=64 ncontexts=1 context_cnt=0 act_cnt_en=0 wei_cnt_en=0 act_pop_en=0 wei_pop_en=0 psm_start=0 shift_done=0 done=0 cscnt_q=0 pop_shim_q2=0 cdone_q=0 o_cswitch_done_val=0 o_cdone_val=0
[CTRL DEBUG] cycle=70500 state=0 start=0 incntlim=96 act_reps=64 wei_reps=64 ncontexts=1 context_cnt=0 act_cnt_en=0 wei_cnt_en=0 act_pop_en=0 wei_pop_en=0 psm_start=0 shift_done=0 done=0 cscnt_q=0 pop_shim_q2=0 cdone_q=0 o_cswitch_done_val=0 o_cdone_val=0
[CTRL DEBUG] cycle=70500 state=0 start=0 incntlim=96 act_reps=64 wei_reps=64 ncontexts=1 context_cnt=0 act_cnt_en=0 wei_cnt_en=0 act_pop_en=0 wei_pop_en=0 psm_start=0 shift_done=0 done=0 cscnt_q=0 pop_shim_q2=0 cdone_q=0 o_cswitch_done_val=0 o_cdone_val=0
[CTRL DEBUG] cycle=70500 state=0 start=0 incntlim=96 act_reps=64 wei_reps=64 ncontexts=1 context_cnt=0 act_cnt_en=0 wei_cnt_en=0 act_pop_en=0 wei_pop_en=0 psm_start=0 shift_done=0 done=0 cscnt_q=0 pop_shim_q2=0 cdone_q=0 o_cswitch_done_val=0 o_cdone_val=0
[CTRL DEBUG] cycle=70500 state=0 start=0 incntlim=96 act_reps=64 wei_reps=64 ncontexts=1 context_cnt=0 act_cnt_en=0 wei_cnt_en=0 act_pop_en=0 wei_pop_en=0 psm_start=0 shift_done=0 done=0 cscnt_q=0 pop_shim_q2=0 cdone_q=0 o_cswitch_done_val=0 o_cdone_val=0
[CTRL DEBUG] cycle=70500 state=0 start=0 incntlim=96 act_reps=64 wei_reps=64 ncontexts=1 context_cnt=0 act_cnt_en=0 wei_cnt_en=0 act_pop_en=0 wei_pop_en=0 psm_start=0 shift_done=0 done=0 cscnt_q=0 pop_shim_q2=0 cdone_q=0 o_cswitch_done_val=0 o_cdone_val=0
[CTRL DEBUG] cycle=70500 state=0 start=0 incntlim=96 act_reps=64 wei_reps=64 ncontexts=1 context_cnt=0 act_cnt_en=0 wei_cnt_en=0 act_pop_en=0 wei_pop_en=0 psm_start=0 shift_done=0 done=0 cscnt_q=0 pop_shim_q2=0 cdone_q=0 o_cswitch_done_val=0 o_cdone_val=0
[CTRL DEBUG] cycle=71000 state=0 start=0 incntlim=96 act_reps=64 wei_reps=64 ncontexts=1 context_cnt=0 act_cnt_en=0 wei_cnt_en=0 act_pop_en=0 wei_pop_en=0 psm_start=0 shift_done=0 done=0 cscnt_q=0 pop_shim_q2=0 cdone_q=0 o_cswitch_done_val=0 o_cdone_val=0
[CTRL DEBUG] cycle=71000 state=0 start=0 incntlim=96 act_reps=64 wei_reps=64 ncontexts=1 context_cnt=0 act_cnt_en=0 wei_cnt_en=0 act_pop_en=0 wei_pop_en=0 psm_start=0 shift_done=0 done=0 cscnt_q=0 pop_shim_q2=0 cdone_q=0 o_cswitch_done_val=0 o_cdone_val=0
[CTRL DEBUG] cycle=71000 state=0 start=0 incntlim=96 act_reps=64 wei_reps=64 ncontexts=1 context_cnt=0 act_cnt_en=0 wei_cnt_en=0 act_pop_en=0 wei_pop_en=0 psm_start=0 shift_done=0 done=0 cscnt_q=0 pop_shim_q2=0 cdone_q=0 o_cswitch_done_val=0 o_cdone_val=0
[CTRL DEBUG] cycle=71000 state=0 start=0 incntlim=96 act_reps=64 wei_reps=64 ncontexts=1 context_cnt=0 act_cnt_en=0 wei_cnt_en=0 act_pop_en=0 wei_pop_en=0 psm_start=0 shift_done=0 done=0 cscnt_q=0 pop_shim_q2=0 cdone_q=0 o_cswitch_done_val=0 o_cdone_val=0
[CTRL DEBUG] cycle=71000 state=0 start=0 incntlim=96 act_reps=64 wei_reps=64 ncontexts=1 context_cnt=0 act_cnt_en=0 wei_cnt_en=0 act_pop_en=0 wei_pop_en=0 psm_start=0 shift_done=0 done=0 cscnt_q=0 pop_shim_q2=0 cdone_q=0 o_cswitch_done_val=0 o_cdone_val=0
[CTRL DEBUG] cycle=71000 state=0 start=0 incntlim=96 act_reps=64 wei_reps=64 ncontexts=1 context_cnt=0 act_cnt_en=0 wei_cnt_en=0 act_pop_en=0 wei_pop_en=0 psm_start=0 shift_done=0 done=0 cscnt_q=0 pop_shim_q2=0 cdone_q=0 o_cswitch_done_val=0 o_cdone_val=0
[CTRL DEBUG] cycle=71500 state=0 start=0 incntlim=96 act_reps=64 wei_reps=64 ncontexts=1 context_cnt=0 act_cnt_en=0 wei_cnt_en=0 act_pop_en=0 wei_pop_en=0 psm_start=0 shift_done=0 done=0 cscnt_q=0 pop_shim_q2=0 cdone_q=0 o_cswitch_done_val=0 o_cdone_val=0
[CTRL DEBUG] cycle=71500 state=0 start=0 incntlim=96 act_reps=64 wei_reps=64 ncontexts=1 context_cnt=0 act_cnt_en=0 wei_cnt_en=0 act_pop_en=0 wei_pop_en=0 psm_start=0 shift_done=0 done=0 cscnt_q=0 pop_shim_q2=0 cdone_q=0 o_cswitch_done_val=0 o_cdone_val=0
[CTRL DEBUG] cycle=71500 state=0 start=0 incntlim=96 act_reps=64 wei_reps=64 ncontexts=1 context_cnt=0 act_cnt_en=0 wei_cnt_en=0 act_pop_en=0 wei_pop_en=0 psm_start=0 shift_done=0 done=0 cscnt_q=0 pop_shim_q2=0 cdone_q=0 o_cswitch_done_val=0 o_cdone_val=0
[CTRL DEBUG] cycle=71500 state=0 start=0 incntlim=96 act_reps=64 wei_reps=64 ncontexts=1 context_cnt=0 act_cnt_en=0 wei_cnt_en=0 act_pop_en=0 wei_pop_en=0 psm_start=0 shift_done=0 done=0 cscnt_q=0 pop_shim_q2=0 cdone_q=0 o_cswitch_done_val=0 o_cdone_val=0
[CTRL DEBUG] cycle=71500 state=0 start=0 incntlim=96 act_reps=64 wei_reps=64 ncontexts=1 context_cnt=0 act_cnt_en=0 wei_cnt_en=0 act_pop_en=0 wei_pop_en=0 psm_start=0 shift_done=0 done=0 cscnt_q=0 pop_shim_q2=0 cdone_q=0 o_cswitch_done_val=0 o_cdone_val=0
[CTRL DEBUG] cycle=71500 state=0 start=0 incntlim=96 act_reps=64 wei_reps=64 ncontexts=1 context_cnt=0 act_cnt_en=0 wei_cnt_en=0 act_pop_en=0 wei_pop_en=0 psm_start=0 shift_done=0 done=0 cscnt_q=0 pop_shim_q2=0 cdone_q=0 o_cswitch_done_val=0 o_cdone_val=0
[CTRL DEBUG] cycle=72000 state=0 start=0 incntlim=96 act_reps=64 wei_reps=64 ncontexts=1 context_cnt=0 act_cnt_en=0 wei_cnt_en=0 act_pop_en=0 wei_pop_en=0 psm_start=0 shift_done=0 done=0 cscnt_q=0 pop_shim_q2=0 cdone_q=0 o_cswitch_done_val=0 o_cdone_val=0
[CTRL DEBUG] cycle=72000 state=0 start=0 incntlim=96 act_reps=64 wei_reps=64 ncontexts=1 context_cnt=0 act_cnt_en=0 wei_cnt_en=0 act_pop_en=0 wei_pop_en=0 psm_start=0 shift_done=0 done=0 cscnt_q=0 pop_shim_q2=0 cdone_q=0 o_cswitch_done_val=0 o_cdone_val=0
[CTRL DEBUG] cycle=72000 state=0 start=0 incntlim=96 act_reps=64 wei_reps=64 ncontexts=1 context_cnt=0 act_cnt_en=0 wei_cnt_en=0 act_pop_en=0 wei_pop_en=0 psm_start=0 shift_done=0 done=0 cscnt_q=0 pop_shim_q2=0 cdone_q=0 o_cswitch_done_val=0 o_cdone_val=0
[CTRL DEBUG] cycle=72000 state=0 start=0 incntlim=96 act_reps=64 wei_reps=64 ncontexts=1 context_cnt=0 act_cnt_en=0 wei_cnt_en=0 act_pop_en=0 wei_pop_en=0 psm_start=0 shift_done=0 done=0 cscnt_q=0 pop_shim_q2=0 cdone_q=0 o_cswitch_done_val=0 o_cdone_val=0
[CTRL DEBUG] cycle=72000 state=0 start=0 incntlim=96 act_reps=64 wei_reps=64 ncontexts=1 context_cnt=0 act_cnt_en=0 wei_cnt_en=0 act_pop_en=0 wei_pop_en=0 psm_start=0 shift_done=0 done=0 cscnt_q=0 pop_shim_q2=0 cdone_q=0 o_cswitch_done_val=0 o_cdone_val=0
[CTRL DEBUG] cycle=72000 state=0 start=0 incntlim=96 act_reps=64 wei_reps=64 ncontexts=1 context_cnt=0 act_cnt_en=0 wei_cnt_en=0 act_pop_en=0 wei_pop_en=0 psm_start=0 shift_done=0 done=0 cscnt_q=0 pop_shim_q2=0 cdone_q=0 o_cswitch_done_val=0 o_cdone_val=0
[CTRL DEBUG] cycle=72500 state=0 start=0 incntlim=96 act_reps=64 wei_reps=64 ncontexts=1 context_cnt=0 act_cnt_en=0 wei_cnt_en=0 act_pop_en=0 wei_pop_en=0 psm_start=0 shift_done=0 done=0 cscnt_q=0 pop_shim_q2=0 cdone_q=0 o_cswitch_done_val=0 o_cdone_val=0
[CTRL DEBUG] cycle=72500 state=0 start=0 incntlim=96 act_reps=64 wei_reps=64 ncontexts=1 context_cnt=0 act_cnt_en=0 wei_cnt_en=0 act_pop_en=0 wei_pop_en=0 psm_start=0 shift_done=0 done=0 cscnt_q=0 pop_shim_q2=0 cdone_q=0 o_cswitch_done_val=0 o_cdone_val=0
[CTRL DEBUG] cycle=72500 state=0 start=0 incntlim=96 act_reps=64 wei_reps=64 ncontexts=1 context_cnt=0 act_cnt_en=0 wei_cnt_en=0 act_pop_en=0 wei_pop_en=0 psm_start=0 shift_done=0 done=0 cscnt_q=0 pop_shim_q2=0 cdone_q=0 o_cswitch_done_val=0 o_cdone_val=0
[CTRL DEBUG] cycle=72500 state=0 start=0 incntlim=96 act_reps=64 wei_reps=64 ncontexts=1 context_cnt=0 act_cnt_en=0 wei_cnt_en=0 act_pop_en=0 wei_pop_en=0 psm_start=0 shift_done=0 done=0 cscnt_q=0 pop_shim_q2=0 cdone_q=0 o_cswitch_done_val=0 o_cdone_val=0
[CTRL DEBUG] cycle=72500 state=0 start=0 incntlim=96 act_reps=64 wei_reps=64 ncontexts=1 context_cnt=0 act_cnt_en=0 wei_cnt_en=0 act_pop_en=0 wei_pop_en=0 psm_start=0 shift_done=0 done=0 cscnt_q=0 pop_shim_q2=0 cdone_q=0 o_cswitch_done_val=0 o_cdone_val=0
[CTRL DEBUG] cycle=72500 state=0 start=0 incntlim=96 act_reps=64 wei_reps=64 ncontexts=1 context_cnt=0 act_cnt_en=0 wei_cnt_en=0 act_pop_en=0 wei_pop_en=0 psm_start=0 shift_done=0 done=0 cscnt_q=0 pop_shim_q2=0 cdone_q=0 o_cswitch_done_val=0 o_cdone_val=0
[CTRL DEBUG] cycle=73000 state=0 start=0 incntlim=96 act_reps=64 wei_reps=64 ncontexts=1 context_cnt=0 act_cnt_en=0 wei_cnt_en=0 act_pop_en=0 wei_pop_en=0 psm_start=0 shift_done=0 done=0 cscnt_q=0 pop_shim_q2=0 cdone_q=0 o_cswitch_done_val=0 o_cdone_val=0
[CTRL DEBUG] cycle=73000 state=0 start=0 incntlim=96 act_reps=64 wei_reps=64 ncontexts=1 context_cnt=0 act_cnt_en=0 wei_cnt_en=0 act_pop_en=0 wei_pop_en=0 psm_start=0 shift_done=0 done=0 cscnt_q=0 pop_shim_q2=0 cdone_q=0 o_cswitch_done_val=0 o_cdone_val=0
[CTRL DEBUG] cycle=73000 state=0 start=0 incntlim=96 act_reps=64 wei_reps=64 ncontexts=1 context_cnt=0 act_cnt_en=0 wei_cnt_en=0 act_pop_en=0 wei_pop_en=0 psm_start=0 shift_done=0 done=0 cscnt_q=0 pop_shim_q2=0 cdone_q=0 o_cswitch_done_val=0 o_cdone_val=0
[CTRL DEBUG] cycle=73000 state=0 start=0 incntlim=96 act_reps=64 wei_reps=64 ncontexts=1 context_cnt=0 act_cnt_en=0 wei_cnt_en=0 act_pop_en=0 wei_pop_en=0 psm_start=0 shift_done=0 done=0 cscnt_q=0 pop_shim_q2=0 cdone_q=0 o_cswitch_done_val=0 o_cdone_val=0
[CTRL DEBUG] cycle=73000 state=0 start=0 incntlim=96 act_reps=64 wei_reps=64 ncontexts=1 context_cnt=0 act_cnt_en=0 wei_cnt_en=0 act_pop_en=0 wei_pop_en=0 psm_start=0 shift_done=0 done=0 cscnt_q=0 pop_shim_q2=0 cdone_q=0 o_cswitch_done_val=0 o_cdone_val=0
[CTRL DEBUG] cycle=73000 state=0 start=0 incntlim=96 act_reps=64 wei_reps=64 ncontexts=1 context_cnt=0 act_cnt_en=0 wei_cnt_en=0 act_pop_en=0 wei_pop_en=0 psm_start=0 shift_done=0 done=0 cscnt_q=0 pop_shim_q2=0 cdone_q=0 o_cswitch_done_val=0 o_cdone_val=0
[CTRL DEBUG] cycle=73500 state=0 start=0 incntlim=96 act_reps=64 wei_reps=64 ncontexts=1 context_cnt=0 act_cnt_en=0 wei_cnt_en=0 act_pop_en=0 wei_pop_en=0 psm_start=0 shift_done=0 done=0 cscnt_q=0 pop_shim_q2=0 cdone_q=0 o_cswitch_done_val=0 o_cdone_val=0
[CTRL DEBUG] cycle=73500 state=0 start=0 incntlim=96 act_reps=64 wei_reps=64 ncontexts=1 context_cnt=0 act_cnt_en=0 wei_cnt_en=0 act_pop_en=0 wei_pop_en=0 psm_start=0 shift_done=0 done=0 cscnt_q=0 pop_shim_q2=0 cdone_q=0 o_cswitch_done_val=0 o_cdone_val=0
[CTRL DEBUG] cycle=73500 state=0 start=0 incntlim=96 act_reps=64 wei_reps=64 ncontexts=1 context_cnt=0 act_cnt_en=0 wei_cnt_en=0 act_pop_en=0 wei_pop_en=0 psm_start=0 shift_done=0 done=0 cscnt_q=0 pop_shim_q2=0 cdone_q=0 o_cswitch_done_val=0 o_cdone_val=0
[CTRL DEBUG] cycle=73500 state=0 start=0 incntlim=96 act_reps=64 wei_reps=64 ncontexts=1 context_cnt=0 act_cnt_en=0 wei_cnt_en=0 act_pop_en=0 wei_pop_en=0 psm_start=0 shift_done=0 done=0 cscnt_q=0 pop_shim_q2=0 cdone_q=0 o_cswitch_done_val=0 o_cdone_val=0
[CTRL DEBUG] cycle=73500 state=0 start=0 incntlim=96 act_reps=64 wei_reps=64 ncontexts=1 context_cnt=0 act_cnt_en=0 wei_cnt_en=0 act_pop_en=0 wei_pop_en=0 psm_start=0 shift_done=0 done=0 cscnt_q=0 pop_shim_q2=0 cdone_q=0 o_cswitch_done_val=0 o_cdone_val=0
[CTRL DEBUG] cycle=73500 state=0 start=0 incntlim=96 act_reps=64 wei_reps=64 ncontexts=1 context_cnt=0 act_cnt_en=0 wei_cnt_en=0 act_pop_en=0 wei_pop_en=0 psm_start=0 shift_done=0 done=0 cscnt_q=0 pop_shim_q2=0 cdone_q=0 o_cswitch_done_val=0 o_cdone_val=0
[TB_DEMO] Completed memory pre-load from initial_dram.txt.
[TB_DEMO] Input activations and weights programmed to double buffers.
[TB_DEMO] Profile 0 Readback SRAM A0: [80, -65, 21, -73]
[TB_DEMO] Profile 0 Readback SRAM A1: [-119, 54, -112, -76]
[TB_DEMO] Profile 0 Readback SRAM B0: [0, 0, 0, 0]
[TB_DEMO] Profile 0 Readback SRAM B1: [0, 0, 0, 0]
[TB_DEMO] Profile 1 Readback SRAM A0: [80, -65, 21, -73]
[TB_DEMO] Profile 1 Readback SRAM A1: [-119, 54, -112, -76]
[TB_DEMO] Profile 1 Readback SRAM B0: [0, 0, 0, 0]
[TB_DEMO] Profile 1 Readback SRAM B1: [0, 0, 0, 0]
[TB_DEMO] Profile 2 Readback SRAM A0: [80, -65, 21, -73]
[TB_DEMO] Profile 2 Readback SRAM A1: [-119, 54, -112, -76]
[TB_DEMO] Profile 2 Readback SRAM B0: [0, 0, 0, 0]
[TB_DEMO] Profile 2 Readback SRAM B1: [0, 0, 0, 0]
[TB_DEMO] Reading and execute instructions set from GoldenStimuli.txt...
[TB SKIP] region=CONTROLLER raw_addr=0x40000008 data=0x3
[CTRL ARG] idx=0 offset=0x10 data=0x0
[TB SKIP] region=CONTROLLER raw_addr=0x40000010 data=0x0
[CTRL ARG] idx=1 offset=0x14 data=0x0
[TB SKIP] region=CONTROLLER raw_addr=0x40000014 data=0x0
[CTRL ARG] idx=2 offset=0x18 data=0x8
[TB SKIP] region=CONTROLLER raw_addr=0x40000018 data=0x8
[CTRL ARG] idx=3 offset=0x1c data=0x8
[TB SKIP] region=CONTROLLER raw_addr=0x4000001c data=0x8
[CTRL ARG] idx=4 offset=0x20 data=0x80
[TB SKIP] region=CONTROLLER raw_addr=0x40000020 data=0x80
[CTRL ARG] idx=5 offset=0x24 data=0x8
[TB SKIP] region=CONTROLLER raw_addr=0x40000024 data=0x8
[CTRL ARG] idx=6 offset=0x28 data=0x8
[TB SKIP] region=CONTROLLER raw_addr=0x40000028 data=0x8
[CTRL ARG] idx=7 offset=0x2c data=0x200
[TB SKIP] region=CONTROLLER raw_addr=0x4000002c data=0x200
[CTRL ARG] idx=8 offset=0x30 data=0x400
[TB SKIP] region=CONTROLLER raw_addr=0x40000030 data=0x400
[CTRL ARG] idx=9 offset=0x34 data=0x400
[TB SKIP] region=CONTROLLER raw_addr=0x40000034 data=0x400
[CTRL ARG] idx=10 offset=0x38 data=0x0
[TB SKIP] region=CONTROLLER raw_addr=0x40000038 data=0x0
[CTRL ARG] idx=11 offset=0x3c data=0x0
[TB SKIP] region=CONTROLLER raw_addr=0x4000003c data=0x0
[CTRL ARG] idx=12 offset=0x40 data=0x8
[TB SKIP] region=CONTROLLER raw_addr=0x40000040 data=0x8
[CTRL ARG] idx=13 offset=0x44 data=0x8
[TB SKIP] region=CONTROLLER raw_addr=0x40000044 data=0x8
[CTRL ARG] idx=14 offset=0x48 data=0x8
[TB SKIP] region=CONTROLLER raw_addr=0x40000048 data=0x8
[CTRL ARG] idx=15 offset=0x4c data=0x8
[TB SKIP] region=CONTROLLER raw_addr=0x4000004c data=0x8
[CTRL ARG] idx=16 offset=0x50 data=0x10
[TB SKIP] region=CONTROLLER raw_addr=0x40000050 data=0x10
[CTRL ARG] idx=17 offset=0x54 data=0x200
[TB SKIP] region=CONTROLLER raw_addr=0x40000054 data=0x200
[CTRL ARG] idx=18 offset=0x58 data=0x0
[TB SKIP] region=CONTROLLER raw_addr=0x40000058 data=0x0
[CTRL ARG] idx=19 offset=0x5c data=0x400
[TB SKIP] region=CONTROLLER raw_addr=0x4000005c data=0x400
[CTRL ARG] idx=20 offset=0x60 data=0xc00
[TB SKIP] region=CONTROLLER raw_addr=0x40000060 data=0xc00
[CTRL ARG] idx=21 offset=0x64 data=0x83800000
[TB SKIP] region=CONTROLLER raw_addr=0x40000064 data=0x83800000
[CTRL ARG] idx=22 offset=0x68 data=0x4000803f
[TB SKIP] region=CONTROLLER raw_addr=0x40000068 data=0x4000803f
[CTRL ARG] idx=23 offset=0x6c data=0x0
[TB SKIP] region=CONTROLLER raw_addr=0x4000006c data=0x0
[CTRL ARG] idx=24 offset=0x70 data=0x40008
[TB SKIP] region=CONTROLLER raw_addr=0x40000070 data=0x40008
[CTRL ARG] idx=25 offset=0x74 data=0x10002
[TB SKIP] region=CONTROLLER raw_addr=0x40000074 data=0x10002
[CTRL ARG] idx=26 offset=0x78 data=0x20004020
[TB SKIP] region=CONTROLLER raw_addr=0x40000078 data=0x20004020
[CTRL ARG] idx=27 offset=0x7c data=0x8001000
[TB SKIP] region=CONTROLLER raw_addr=0x4000007c data=0x8001000
[CTRL ARG] idx=28 offset=0x80 data=0x400
[TB SKIP] region=CONTROLLER raw_addr=0x40000080 data=0x400
[CTRL ARG] idx=29 offset=0x84 data=0x0
[TB SKIP] region=CONTROLLER raw_addr=0x40000084 data=0x0
[CTRL ARG] idx=30 offset=0x88 data=0x3fe00000
[TB SKIP] region=CONTROLLER raw_addr=0x40000088 data=0x3fe00000
[CTRL ARG] idx=31 offset=0x8c data=0xc08040
[TB SKIP] region=CONTROLLER raw_addr=0x4000008c data=0xc08040
[CTRL ARG] idx=32 offset=0x90 data=0x1c18141
[TB SKIP] region=CONTROLLER raw_addr=0x40000090 data=0x1c18141
[CTRL ARG] idx=33 offset=0x94 data=0x40080400
[TB SKIP] region=CONTROLLER raw_addr=0x40000094 data=0x40080400
[CTRL ARG] idx=34 offset=0x98 data=0x20000
[TB SKIP] region=CONTROLLER raw_addr=0x40000098 data=0x20000
[CTRL ARG] idx=35 offset=0x9c data=0xfc008001
[TB SKIP] region=CONTROLLER raw_addr=0x4000009c data=0xfc008001
[CTRL ARG] idx=36 offset=0xa0 data=0x7ff
[TB SKIP] region=CONTROLLER raw_addr=0x400000a0 data=0x7ff
[CTRL ARG] idx=37 offset=0xa4 data=0x80001
[TB SKIP] region=CONTROLLER raw_addr=0x400000a4 data=0x80001
[CTRL ARG] idx=38 offset=0xa8 data=0x80100002
[TB SKIP] region=CONTROLLER raw_addr=0x400000a8 data=0x80100002
[CTRL ARG] idx=39 offset=0xac data=0x20004000
[TB SKIP] region=CONTROLLER raw_addr=0x400000ac data=0x20004000
[CTRL ARG] idx=40 offset=0xb0 data=0x80010000
[TB SKIP] region=CONTROLLER raw_addr=0x400000b0 data=0x80010000
[CTRL ARG] idx=41 offset=0xb4 data=0x0
[TB SKIP] region=CONTROLLER raw_addr=0x400000b4 data=0x0

=========================================
SAURIA CONTROLLER START DETECTED
=========================================

Controller args [0..21]
arg[0] = 0x0
arg[1] = 0x0
arg[2] = 0x8
arg[3] = 0x8
arg[4] = 0x80
arg[5] = 0x8
arg[6] = 0x8
arg[7] = 0x200
arg[8] = 0x400
arg[9] = 0x400
arg[10] = 0x0
arg[11] = 0x0
arg[12] = 0x8
arg[13] = 0x8
arg[14] = 0x8
arg[15] = 0x8
arg[16] = 0x10
arg[17] = 0x200
arg[18] = 0x0
arg[19] = 0x400
arg[20] = 0xc00
arg[21] = 0x83800000

Packed SAURIA accelerator regs args[22..]
arg[22] = 0x4000803f
arg[24] = 0x40008
arg[25] = 0x10002
arg[26] = 0x20004020
arg[27] = 0x8001000
arg[28] = 0x400
arg[30] = 0x3fe00000
arg[31] = 0xc08040
arg[32] = 0x1c18141
arg[33] = 0x40080400
arg[34] = 0x20000
arg[35] = 0xfc008001
arg[36] = 0x7ff
arg[37] = 0x80001
arg[38] = 0x80100002
arg[39] = 0x20004000
arg[40] = 0x80010000

=========================================
DECODED SAURIA PACKED CONFIG
=========================================

CONTROL
incntlim       : 63
act_reps       : 1
wei_reps       : 1
thres          : 0

ACTIVATION
xlim           : 8
xstep          : 8
ylim           : 8
ystep          : 8
chlim          : 512
chstep         : 8
til_xlim       : 8
til_xstep      : 8
til_ylim       : 8
til_ystep      : 8
dil_pat        : 0x8000000000000000
rows_active    : 0xff

WEIGHT
wlim           : 1024
wstep          : 16
klim           : 1
kstep          : 16
til_klim       : 16
til_kstep      : 16
cols_active    : 0xffff
waligned       : 1

OUTPUT
ncontexts      : 1
cxlim          : 16
cxstep         : 8
cklim          : 128
ckstep         : 8
til_cylim      : 8
til_cystep     : 8
til_cklim      : 128
til_ckstep     : 128
inactive_cols  : 0
preload_en     : 0
=========================================


=========================================
APPLY DECODED SAURIA CONFIG TO SYSTEMC NPU
=========================================
[APPLY CFG] CON.INCNTLIM addr=0x200 value=0x40 (64)
[APPLY CFG] CON.ACT_REPS addr=0x204 value=0x1 (1)
[APPLY CFG] CON.WEI_REPS addr=0x208 value=0x1 (1)
[APPLY CFG] ACT.ROWS_ACTIVE addr=0x400 mask=0xff (byte-spread)
[APPLY CFG] ACT.INCNTLIM addr=0x404 value=0x40 (64)
[APPLY CFG] ACT.INCNTSTEP addr=0x408 value=0x8 (8)
[APPLY CFG] ACT.OUTCNTLIM addr=0x40c value=0x8 (8)
[APPLY CFG] ACT.OUTCNTSTEP addr=0x410 value=0x8 (8)
[APPLY CFG] ACT.DIL_PAT_LOW32 addr=0x428 value=0x0 (0)
[APPLY CFG] ACT.XLIM addr=0x414 value=0x8 (8)
[APPLY CFG] ACT.XSTEP addr=0x418 value=0x8 (8)
[APPLY CFG] ACT.YLIM addr=0x41c value=0x8 (8)
[APPLY CFG] ACT.YSTEP addr=0x420 value=0x8 (8)
[APPLY CFG] ACT.CHLIM addr=0x424 value=0x200 (512)
[APPLY CFG] ACT.CHSTEP addr=0x42c value=0x8 (8)
[APPLY CFG] ACT.TIL_XLIM addr=0x430 value=0x8 (8)
[APPLY CFG] ACT.TIL_XSTEP addr=0x434 value=0x8 (8)
[APPLY CFG] ACT.TIL_YLIM addr=0x438 value=0x8 (8)
[APPLY CFG] ACT.TIL_YSTEP addr=0x43c value=0x8 (8)
[APPLY CFG] WEI.INCNTLIM addr=0x604 value=0x400 (1024)
[APPLY CFG] WEI.INCNTSTEP addr=0x608 value=0x10 (16)
[APPLY CFG] WEI.WLIM addr=0x610 value=0x400 (1024)
[APPLY CFG] WEI.WSTEP addr=0x614 value=0x10 (16)
[APPLY CFG] WEI.KLIM addr=0x618 value=0x1 (1)
[APPLY CFG] WEI.KSTEP addr=0x61c value=0x10 (16)
[APPLY CFG] WEI.TIL_KLIM addr=0x620 value=0x10 (16)
[APPLY CFG] WEI.TIL_KSTEP addr=0x624 value=0x10 (16)
[APPLY CFG] WEI.COLS_ACTIVE addr=0x628 value=0xffff (65535)
[APPLY CFG] WEI.WALIGNED addr=0x62c value=0x1 (1)
[APPLY CFG] OUT.CXLIM addr=0x804 value=0x10 (16)
[APPLY CFG] OUT.CXSTEP addr=0x808 value=0x8 (8)
[APPLY CFG] OUT.CKLIM addr=0x80c value=0x80 (128)
[APPLY CFG] OUT.CKSTEP addr=0x810 value=0x8 (8)
[APPLY CFG] OUT.NCONTEXTS addr=0x800 value=0x1 (1)
[APPLY CFG] OUT.TIL_CYLIM addr=0x814 value=0x8 (8)
[APPLY CFG] OUT.TIL_CYSTEP addr=0x818 value=0x8 (8)
[APPLY CFG] OUT.TIL_CKLIM addr=0x81c value=0x80 (128)
[APPLY CFG] OUT.TIL_CKSTEP addr=0x820 value=0x80 (128)
[APPLY CFG] OUT.INACTIVE_COLS addr=0x824 value=0x0 (0)
[APPLY CFG] OUT.PRELOAD_EN addr=0x828 value=0x0 (0)
[APPLY CFG] ACT.BASE_ADDR addr=0x480 value=0x0 (0)
[APPLY CFG] WEI.BASE_ADDR addr=0x680 value=0x0 (0)
[APPLY CFG] OUT.BASE_ADDR addr=0x880 value=0x0 (0)
=========================================

[TB_DEMO] Loaded initial_dram.txt: 3328 bytes
[TB DRIVE BEFORE RUN] file_c_bytes=256 total_c_elements=128 one_output_tile=128 output_tiles=1 ncontexts=1 total_contexts=1 mvm_k=64

=========================================
DRAM BASE ADDRESSES FROM SAURIA CONTROLLER
=========================================
ACT DRAM BASE : 0x0
WEI DRAM BASE : 0x400
OUT DRAM BASE : 0xc00
=========================================

[TB_DEMO] Loaded initial_dram.txt: 3328 bytes

[DRAM DEBUG] ACTIVATION REGION base=0x0 nbytes=64

  0x00000000 : 50 bf 15 b7 89 36 90 b4 8d 2e f0 28 f0 3a 77 3b 
  0x00000010 : 71 37 9d b9 ff 38 83 be 3c 28 7d b6 8c 39 e9 3a 
  0x00000020 : f0 1e de 35 43 32 7e 3a 6b 3e bd 34 a5 b9 41 3d 
  0x00000030 : 5a b1 97 b6 5d 3a f4 36 4e af f0 b9 7a 3b 9a 38 


[DRAM DEBUG] WEIGHT REGION base=0x400 nbytes=64

  0x00000400 : ef be ef be ef be ef be ef be ef be ef be ef be 
  0x00000410 : ef be ef be ef be ef be ef be ef be ef be ef be 
  0x00000420 : 4c b3 31 c1 8c c0 99 3d 74 34 0f c1 6f 35 ab 34 
  0x00000430 : 93 bf 94 2f c5 bd a1 b1 cd b9 41 3a 1c 32 05 be 


[DRAM DEBUG] PSUM / OUTPUT REGION base=0xc00 nbytes=64

  0x00000c00 : 00 00 00 00 00 00 00 00 00 00 00 00 00 00 00 00 
  0x00000c10 : 00 00 00 00 00 00 00 00 00 00 00 00 00 00 00 00 
  0x00000c20 : 00 00 00 00 00 00 00 00 00 00 00 00 00 00 00 00 
  0x00000c30 : 00 00 00 00 00 00 00 00 00 00 00 00 00 00 00 00 

[TB PRELOAD SIZE] act_bytes=1024 wei_bytes=2048 psum_bytes=256 dram_size=3328
[TB SELECT] Host preload targets physical buffer 0
[TB PRELOAD] ACT(FP16) -> SRAMA, base=0x0, bytes=1024
[CTRL DEBUG] cycle=74000 state=0 start=0 incntlim=64 act_reps=1 wei_reps=1 ncontexts=1 context_cnt=0 act_cnt_en=0 wei_cnt_en=0 act_pop_en=0 wei_pop_en=0 psm_start=0 shift_done=0 done=0 cscnt_q=0 pop_shim_q2=0 cdone_q=0 o_cswitch_done_val=0 o_cdone_val=0
[CTRL DEBUG] cycle=74000 state=0 start=0 incntlim=64 act_reps=1 wei_reps=1 ncontexts=1 context_cnt=0 act_cnt_en=0 wei_cnt_en=0 act_pop_en=0 wei_pop_en=0 psm_start=0 shift_done=0 done=0 cscnt_q=0 pop_shim_q2=0 cdone_q=0 o_cswitch_done_val=0 o_cdone_val=0
[CTRL DEBUG] cycle=74000 state=0 start=0 incntlim=64 act_reps=1 wei_reps=1 ncontexts=1 context_cnt=0 act_cnt_en=0 wei_cnt_en=0 act_pop_en=0 wei_pop_en=0 psm_start=0 shift_done=0 done=0 cscnt_q=0 pop_shim_q2=0 cdone_q=0 o_cswitch_done_val=0 o_cdone_val=0
[CTRL DEBUG] cycle=74000 state=0 start=0 incntlim=64 act_reps=1 wei_reps=1 ncontexts=1 context_cnt=0 act_cnt_en=0 wei_cnt_en=0 act_pop_en=0 wei_pop_en=0 psm_start=0 shift_done=0 done=0 cscnt_q=0 pop_shim_q2=0 cdone_q=0 o_cswitch_done_val=0 o_cdone_val=0
[CTRL DEBUG] cycle=74000 state=0 start=0 incntlim=64 act_reps=1 wei_reps=1 ncontexts=1 context_cnt=0 act_cnt_en=0 wei_cnt_en=0 act_pop_en=0 wei_pop_en=0 psm_start=0 shift_done=0 done=0 cscnt_q=0 pop_shim_q2=0 cdone_q=0 o_cswitch_done_val=0 o_cdone_val=0
[CTRL DEBUG] cycle=74000 state=0 start=0 incntlim=64 act_reps=1 wei_reps=1 ncontexts=1 context_cnt=0 act_cnt_en=0 wei_cnt_en=0 act_pop_en=0 wei_pop_en=0 psm_start=0 shift_done=0 done=0 cscnt_q=0 pop_shim_q2=0 cdone_q=0 o_cswitch_done_val=0 o_cdone_val=0
[CTRL DEBUG] cycle=74500 state=0 start=0 incntlim=64 act_reps=1 wei_reps=1 ncontexts=1 context_cnt=0 act_cnt_en=0 wei_cnt_en=0 act_pop_en=0 wei_pop_en=0 psm_start=0 shift_done=0 done=0 cscnt_q=0 pop_shim_q2=0 cdone_q=0 o_cswitch_done_val=0 o_cdone_val=0
[CTRL DEBUG] cycle=74500 state=0 start=0 incntlim=64 act_reps=1 wei_reps=1 ncontexts=1 context_cnt=0 act_cnt_en=0 wei_cnt_en=0 act_pop_en=0 wei_pop_en=0 psm_start=0 shift_done=0 done=0 cscnt_q=0 pop_shim_q2=0 cdone_q=0 o_cswitch_done_val=0 o_cdone_val=0
[CTRL DEBUG] cycle=74500 state=0 start=0 incntlim=64 act_reps=1 wei_reps=1 ncontexts=1 context_cnt=0 act_cnt_en=0 wei_cnt_en=0 act_pop_en=0 wei_pop_en=0 psm_start=0 shift_done=0 done=0 cscnt_q=0 pop_shim_q2=0 cdone_q=0 o_cswitch_done_val=0 o_cdone_val=0
[CTRL DEBUG] cycle=74500 state=0 start=0 incntlim=64 act_reps=1 wei_reps=1 ncontexts=1 context_cnt=0 act_cnt_en=0 wei_cnt_en=0 act_pop_en=0 wei_pop_en=0 psm_start=0 shift_done=0 done=0 cscnt_q=0 pop_shim_q2=0 cdone_q=0 o_cswitch_done_val=0 o_cdone_val=0
[CTRL DEBUG] cycle=74500 state=0 start=0 incntlim=64 act_reps=1 wei_reps=1 ncontexts=1 context_cnt=0 act_cnt_en=0 wei_cnt_en=0 act_pop_en=0 wei_pop_en=0 psm_start=0 shift_done=0 done=0 cscnt_q=0 pop_shim_q2=0 cdone_q=0 o_cswitch_done_val=0 o_cdone_val=0
[CTRL DEBUG] cycle=74500 state=0 start=0 incntlim=64 act_reps=1 wei_reps=1 ncontexts=1 context_cnt=0 act_cnt_en=0 wei_cnt_en=0 act_pop_en=0 wei_pop_en=0 psm_start=0 shift_done=0 done=0 cscnt_q=0 pop_shim_q2=0 cdone_q=0 o_cswitch_done_val=0 o_cdone_val=0
[CTRL DEBUG] cycle=75000 state=0 start=0 incntlim=64 act_reps=1 wei_reps=1 ncontexts=1 context_cnt=0 act_cnt_en=0 wei_cnt_en=0 act_pop_en=0 wei_pop_en=0 psm_start=0 shift_done=0 done=0 cscnt_q=0 pop_shim_q2=0 cdone_q=0 o_cswitch_done_val=0 o_cdone_val=0
[CTRL DEBUG] cycle=75000 state=0 start=0 incntlim=64 act_reps=1 wei_reps=1 ncontexts=1 context_cnt=0 act_cnt_en=0 wei_cnt_en=0 act_pop_en=0 wei_pop_en=0 psm_start=0 shift_done=0 done=0 cscnt_q=0 pop_shim_q2=0 cdone_q=0 o_cswitch_done_val=0 o_cdone_val=0
[CTRL DEBUG] cycle=75000 state=0 start=0 incntlim=64 act_reps=1 wei_reps=1 ncontexts=1 context_cnt=0 act_cnt_en=0 wei_cnt_en=0 act_pop_en=0 wei_pop_en=0 psm_start=0 shift_done=0 done=0 cscnt_q=0 pop_shim_q2=0 cdone_q=0 o_cswitch_done_val=0 o_cdone_val=0
[CTRL DEBUG] cycle=75000 state=0 start=0 incntlim=64 act_reps=1 wei_reps=1 ncontexts=1 context_cnt=0 act_cnt_en=0 wei_cnt_en=0 act_pop_en=0 wei_pop_en=0 psm_start=0 shift_done=0 done=0 cscnt_q=0 pop_shim_q2=0 cdone_q=0 o_cswitch_done_val=0 o_cdone_val=0
[CTRL DEBUG] cycle=75000 state=0 start=0 incntlim=64 act_reps=1 wei_reps=1 ncontexts=1 context_cnt=0 act_cnt_en=0 wei_cnt_en=0 act_pop_en=0 wei_pop_en=0 psm_start=0 shift_done=0 done=0 cscnt_q=0 pop_shim_q2=0 cdone_q=0 o_cswitch_done_val=0 o_cdone_val=0
[CTRL DEBUG] cycle=75000 state=0 start=0 incntlim=64 act_reps=1 wei_reps=1 ncontexts=1 context_cnt=0 act_cnt_en=0 wei_cnt_en=0 act_pop_en=0 wei_pop_en=0 psm_start=0 shift_done=0 done=0 cscnt_q=0 pop_shim_q2=0 cdone_q=0 o_cswitch_done_val=0 o_cdone_val=0
[CTRL DEBUG] cycle=75500 state=0 start=0 incntlim=64 act_reps=1 wei_reps=1 ncontexts=1 context_cnt=0 act_cnt_en=0 wei_cnt_en=0 act_pop_en=0 wei_pop_en=0 psm_start=0 shift_done=0 done=0 cscnt_q=0 pop_shim_q2=0 cdone_q=0 o_cswitch_done_val=0 o_cdone_val=0
[CTRL DEBUG] cycle=75500 state=0 start=0 incntlim=64 act_reps=1 wei_reps=1 ncontexts=1 context_cnt=0 act_cnt_en=0 wei_cnt_en=0 act_pop_en=0 wei_pop_en=0 psm_start=0 shift_done=0 done=0 cscnt_q=0 pop_shim_q2=0 cdone_q=0 o_cswitch_done_val=0 o_cdone_val=0
[CTRL DEBUG] cycle=75500 state=0 start=0 incntlim=64 act_reps=1 wei_reps=1 ncontexts=1 context_cnt=0 act_cnt_en=0 wei_cnt_en=0 act_pop_en=0 wei_pop_en=0 psm_start=0 shift_done=0 done=0 cscnt_q=0 pop_shim_q2=0 cdone_q=0 o_cswitch_done_val=0 o_cdone_val=0
[CTRL DEBUG] cycle=75500 state=0 start=0 incntlim=64 act_reps=1 wei_reps=1 ncontexts=1 context_cnt=0 act_cnt_en=0 wei_cnt_en=0 act_pop_en=0 wei_pop_en=0 psm_start=0 shift_done=0 done=0 cscnt_q=0 pop_shim_q2=0 cdone_q=0 o_cswitch_done_val=0 o_cdone_val=0
[CTRL DEBUG] cycle=75500 state=0 start=0 incntlim=64 act_reps=1 wei_reps=1 ncontexts=1 context_cnt=0 act_cnt_en=0 wei_cnt_en=0 act_pop_en=0 wei_pop_en=0 psm_start=0 shift_done=0 done=0 cscnt_q=0 pop_shim_q2=0 cdone_q=0 o_cswitch_done_val=0 o_cdone_val=0
[CTRL DEBUG] cycle=75500 state=0 start=0 incntlim=64 act_reps=1 wei_reps=1 ncontexts=1 context_cnt=0 act_cnt_en=0 wei_cnt_en=0 act_pop_en=0 wei_pop_en=0 psm_start=0 shift_done=0 done=0 cscnt_q=0 pop_shim_q2=0 cdone_q=0 o_cswitch_done_val=0 o_cdone_val=0
[CTRL DEBUG] cycle=76000 state=0 start=0 incntlim=64 act_reps=1 wei_reps=1 ncontexts=1 context_cnt=0 act_cnt_en=0 wei_cnt_en=0 act_pop_en=0 wei_pop_en=0 psm_start=0 shift_done=0 done=0 cscnt_q=0 pop_shim_q2=0 cdone_q=0 o_cswitch_done_val=0 o_cdone_val=0
[CTRL DEBUG] cycle=76000 state=0 start=0 incntlim=64 act_reps=1 wei_reps=1 ncontexts=1 context_cnt=0 act_cnt_en=0 wei_cnt_en=0 act_pop_en=0 wei_pop_en=0 psm_start=0 shift_done=0 done=0 cscnt_q=0 pop_shim_q2=0 cdone_q=0 o_cswitch_done_val=0 o_cdone_val=0
[CTRL DEBUG] cycle=76000 state=0 start=0 incntlim=64 act_reps=1 wei_reps=1 ncontexts=1 context_cnt=0 act_cnt_en=0 wei_cnt_en=0 act_pop_en=0 wei_pop_en=0 psm_start=0 shift_done=0 done=0 cscnt_q=0 pop_shim_q2=0 cdone_q=0 o_cswitch_done_val=0 o_cdone_val=0
[CTRL DEBUG] cycle=76000 state=0 start=0 incntlim=64 act_reps=1 wei_reps=1 ncontexts=1 context_cnt=0 act_cnt_en=0 wei_cnt_en=0 act_pop_en=0 wei_pop_en=0 psm_start=0 shift_done=0 done=0 cscnt_q=0 pop_shim_q2=0 cdone_q=0 o_cswitch_done_val=0 o_cdone_val=0
[CTRL DEBUG] cycle=76000 state=0 start=0 incntlim=64 act_reps=1 wei_reps=1 ncontexts=1 context_cnt=0 act_cnt_en=0 wei_cnt_en=0 act_pop_en=0 wei_pop_en=0 psm_start=0 shift_done=0 done=0 cscnt_q=0 pop_shim_q2=0 cdone_q=0 o_cswitch_done_val=0 o_cdone_val=0
[CTRL DEBUG] cycle=76000 state=0 start=0 incntlim=64 act_reps=1 wei_reps=1 ncontexts=1 context_cnt=0 act_cnt_en=0 wei_cnt_en=0 act_pop_en=0 wei_pop_en=0 psm_start=0 shift_done=0 done=0 cscnt_q=0 pop_shim_q2=0 cdone_q=0 o_cswitch_done_val=0 o_cdone_val=0
[TB PRELOAD] ACT(FP16) loaded bytes: 1024
[TB PRELOAD] WEI(FP16) -> SRAMB, base=0x400, bytes=2048
[CTRL DEBUG] cycle=76500 state=0 start=0 incntlim=64 act_reps=1 wei_reps=1 ncontexts=1 context_cnt=0 act_cnt_en=0 wei_cnt_en=0 act_pop_en=0 wei_pop_en=0 psm_start=0 shift_done=0 done=0 cscnt_q=0 pop_shim_q2=0 cdone_q=0 o_cswitch_done_val=0 o_cdone_val=0
[CTRL DEBUG] cycle=76500 state=0 start=0 incntlim=64 act_reps=1 wei_reps=1 ncontexts=1 context_cnt=0 act_cnt_en=0 wei_cnt_en=0 act_pop_en=0 wei_pop_en=0 psm_start=0 shift_done=0 done=0 cscnt_q=0 pop_shim_q2=0 cdone_q=0 o_cswitch_done_val=0 o_cdone_val=0
[CTRL DEBUG] cycle=76500 state=0 start=0 incntlim=64 act_reps=1 wei_reps=1 ncontexts=1 context_cnt=0 act_cnt_en=0 wei_cnt_en=0 act_pop_en=0 wei_pop_en=0 psm_start=0 shift_done=0 done=0 cscnt_q=0 pop_shim_q2=0 cdone_q=0 o_cswitch_done_val=0 o_cdone_val=0
[CTRL DEBUG] cycle=76500 state=0 start=0 incntlim=64 act_reps=1 wei_reps=1 ncontexts=1 context_cnt=0 act_cnt_en=0 wei_cnt_en=0 act_pop_en=0 wei_pop_en=0 psm_start=0 shift_done=0 done=0 cscnt_q=0 pop_shim_q2=0 cdone_q=0 o_cswitch_done_val=0 o_cdone_val=0
[CTRL DEBUG] cycle=76500 state=0 start=0 incntlim=64 act_reps=1 wei_reps=1 ncontexts=1 context_cnt=0 act_cnt_en=0 wei_cnt_en=0 act_pop_en=0 wei_pop_en=0 psm_start=0 shift_done=0 done=0 cscnt_q=0 pop_shim_q2=0 cdone_q=0 o_cswitch_done_val=0 o_cdone_val=0
[CTRL DEBUG] cycle=76500 state=0 start=0 incntlim=64 act_reps=1 wei_reps=1 ncontexts=1 context_cnt=0 act_cnt_en=0 wei_cnt_en=0 act_pop_en=0 wei_pop_en=0 psm_start=0 shift_done=0 done=0 cscnt_q=0 pop_shim_q2=0 cdone_q=0 o_cswitch_done_val=0 o_cdone_val=0
[CTRL DEBUG] cycle=77000 state=0 start=0 incntlim=64 act_reps=1 wei_reps=1 ncontexts=1 context_cnt=0 act_cnt_en=0 wei_cnt_en=0 act_pop_en=0 wei_pop_en=0 psm_start=0 shift_done=0 done=0 cscnt_q=0 pop_shim_q2=0 cdone_q=0 o_cswitch_done_val=0 o_cdone_val=0
[CTRL DEBUG] cycle=77000 state=0 start=0 incntlim=64 act_reps=1 wei_reps=1 ncontexts=1 context_cnt=0 act_cnt_en=0 wei_cnt_en=0 act_pop_en=0 wei_pop_en=0 psm_start=0 shift_done=0 done=0 cscnt_q=0 pop_shim_q2=0 cdone_q=0 o_cswitch_done_val=0 o_cdone_val=0
[CTRL DEBUG] cycle=77000 state=0 start=0 incntlim=64 act_reps=1 wei_reps=1 ncontexts=1 context_cnt=0 act_cnt_en=0 wei_cnt_en=0 act_pop_en=0 wei_pop_en=0 psm_start=0 shift_done=0 done=0 cscnt_q=0 pop_shim_q2=0 cdone_q=0 o_cswitch_done_val=0 o_cdone_val=0
[CTRL DEBUG] cycle=77000 state=0 start=0 incntlim=64 act_reps=1 wei_reps=1 ncontexts=1 context_cnt=0 act_cnt_en=0 wei_cnt_en=0 act_pop_en=0 wei_pop_en=0 psm_start=0 shift_done=0 done=0 cscnt_q=0 pop_shim_q2=0 cdone_q=0 o_cswitch_done_val=0 o_cdone_val=0
[CTRL DEBUG] cycle=77000 state=0 start=0 incntlim=64 act_reps=1 wei_reps=1 ncontexts=1 context_cnt=0 act_cnt_en=0 wei_cnt_en=0 act_pop_en=0 wei_pop_en=0 psm_start=0 shift_done=0 done=0 cscnt_q=0 pop_shim_q2=0 cdone_q=0 o_cswitch_done_val=0 o_cdone_val=0
[CTRL DEBUG] cycle=77000 state=0 start=0 incntlim=64 act_reps=1 wei_reps=1 ncontexts=1 context_cnt=0 act_cnt_en=0 wei_cnt_en=0 act_pop_en=0 wei_pop_en=0 psm_start=0 shift_done=0 done=0 cscnt_q=0 pop_shim_q2=0 cdone_q=0 o_cswitch_done_val=0 o_cdone_val=0
[CTRL DEBUG] cycle=77500 state=0 start=0 incntlim=64 act_reps=1 wei_reps=1 ncontexts=1 context_cnt=0 act_cnt_en=0 wei_cnt_en=0 act_pop_en=0 wei_pop_en=0 psm_start=0 shift_done=0 done=0 cscnt_q=0 pop_shim_q2=0 cdone_q=0 o_cswitch_done_val=0 o_cdone_val=0
[CTRL DEBUG] cycle=77500 state=0 start=0 incntlim=64 act_reps=1 wei_reps=1 ncontexts=1 context_cnt=0 act_cnt_en=0 wei_cnt_en=0 act_pop_en=0 wei_pop_en=0 psm_start=0 shift_done=0 done=0 cscnt_q=0 pop_shim_q2=0 cdone_q=0 o_cswitch_done_val=0 o_cdone_val=0
[CTRL DEBUG] cycle=77500 state=0 start=0 incntlim=64 act_reps=1 wei_reps=1 ncontexts=1 context_cnt=0 act_cnt_en=0 wei_cnt_en=0 act_pop_en=0 wei_pop_en=0 psm_start=0 shift_done=0 done=0 cscnt_q=0 pop_shim_q2=0 cdone_q=0 o_cswitch_done_val=0 o_cdone_val=0
[CTRL DEBUG] cycle=77500 state=0 start=0 incntlim=64 act_reps=1 wei_reps=1 ncontexts=1 context_cnt=0 act_cnt_en=0 wei_cnt_en=0 act_pop_en=0 wei_pop_en=0 psm_start=0 shift_done=0 done=0 cscnt_q=0 pop_shim_q2=0 cdone_q=0 o_cswitch_done_val=0 o_cdone_val=0
[CTRL DEBUG] cycle=77500 state=0 start=0 incntlim=64 act_reps=1 wei_reps=1 ncontexts=1 context_cnt=0 act_cnt_en=0 wei_cnt_en=0 act_pop_en=0 wei_pop_en=0 psm_start=0 shift_done=0 done=0 cscnt_q=0 pop_shim_q2=0 cdone_q=0 o_cswitch_done_val=0 o_cdone_val=0
[CTRL DEBUG] cycle=77500 state=0 start=0 incntlim=64 act_reps=1 wei_reps=1 ncontexts=1 context_cnt=0 act_cnt_en=0 wei_cnt_en=0 act_pop_en=0 wei_pop_en=0 psm_start=0 shift_done=0 done=0 cscnt_q=0 pop_shim_q2=0 cdone_q=0 o_cswitch_done_val=0 o_cdone_val=0
[CTRL DEBUG] cycle=78000 state=0 start=0 incntlim=64 act_reps=1 wei_reps=1 ncontexts=1 context_cnt=0 act_cnt_en=0 wei_cnt_en=0 act_pop_en=0 wei_pop_en=0 psm_start=0 shift_done=0 done=0 cscnt_q=0 pop_shim_q2=0 cdone_q=0 o_cswitch_done_val=0 o_cdone_val=0
[CTRL DEBUG] cycle=78000 state=0 start=0 incntlim=64 act_reps=1 wei_reps=1 ncontexts=1 context_cnt=0 act_cnt_en=0 wei_cnt_en=0 act_pop_en=0 wei_pop_en=0 psm_start=0 shift_done=0 done=0 cscnt_q=0 pop_shim_q2=0 cdone_q=0 o_cswitch_done_val=0 o_cdone_val=0
[CTRL DEBUG] cycle=78000 state=0 start=0 incntlim=64 act_reps=1 wei_reps=1 ncontexts=1 context_cnt=0 act_cnt_en=0 wei_cnt_en=0 act_pop_en=0 wei_pop_en=0 psm_start=0 shift_done=0 done=0 cscnt_q=0 pop_shim_q2=0 cdone_q=0 o_cswitch_done_val=0 o_cdone_val=0
[CTRL DEBUG] cycle=78000 state=0 start=0 incntlim=64 act_reps=1 wei_reps=1 ncontexts=1 context_cnt=0 act_cnt_en=0 wei_cnt_en=0 act_pop_en=0 wei_pop_en=0 psm_start=0 shift_done=0 done=0 cscnt_q=0 pop_shim_q2=0 cdone_q=0 o_cswitch_done_val=0 o_cdone_val=0
[CTRL DEBUG] cycle=78000 state=0 start=0 incntlim=64 act_reps=1 wei_reps=1 ncontexts=1 context_cnt=0 act_cnt_en=0 wei_cnt_en=0 act_pop_en=0 wei_pop_en=0 psm_start=0 shift_done=0 done=0 cscnt_q=0 pop_shim_q2=0 cdone_q=0 o_cswitch_done_val=0 o_cdone_val=0
[CTRL DEBUG] cycle=78000 state=0 start=0 incntlim=64 act_reps=1 wei_reps=1 ncontexts=1 context_cnt=0 act_cnt_en=0 wei_cnt_en=0 act_pop_en=0 wei_pop_en=0 psm_start=0 shift_done=0 done=0 cscnt_q=0 pop_shim_q2=0 cdone_q=0 o_cswitch_done_val=0 o_cdone_val=0
[CTRL DEBUG] cycle=78500 state=0 start=0 incntlim=64 act_reps=1 wei_reps=1 ncontexts=1 context_cnt=0 act_cnt_en=0 wei_cnt_en=0 act_pop_en=0 wei_pop_en=0 psm_start=0 shift_done=0 done=0 cscnt_q=0 pop_shim_q2=0 cdone_q=0 o_cswitch_done_val=0 o_cdone_val=0
[CTRL DEBUG] cycle=78500 state=0 start=0 incntlim=64 act_reps=1 wei_reps=1 ncontexts=1 context_cnt=0 act_cnt_en=0 wei_cnt_en=0 act_pop_en=0 wei_pop_en=0 psm_start=0 shift_done=0 done=0 cscnt_q=0 pop_shim_q2=0 cdone_q=0 o_cswitch_done_val=0 o_cdone_val=0
[CTRL DEBUG] cycle=78500 state=0 start=0 incntlim=64 act_reps=1 wei_reps=1 ncontexts=1 context_cnt=0 act_cnt_en=0 wei_cnt_en=0 act_pop_en=0 wei_pop_en=0 psm_start=0 shift_done=0 done=0 cscnt_q=0 pop_shim_q2=0 cdone_q=0 o_cswitch_done_val=0 o_cdone_val=0
[CTRL DEBUG] cycle=78500 state=0 start=0 incntlim=64 act_reps=1 wei_reps=1 ncontexts=1 context_cnt=0 act_cnt_en=0 wei_cnt_en=0 act_pop_en=0 wei_pop_en=0 psm_start=0 shift_done=0 done=0 cscnt_q=0 pop_shim_q2=0 cdone_q=0 o_cswitch_done_val=0 o_cdone_val=0
[CTRL DEBUG] cycle=78500 state=0 start=0 incntlim=64 act_reps=1 wei_reps=1 ncontexts=1 context_cnt=0 act_cnt_en=0 wei_cnt_en=0 act_pop_en=0 wei_pop_en=0 psm_start=0 shift_done=0 done=0 cscnt_q=0 pop_shim_q2=0 cdone_q=0 o_cswitch_done_val=0 o_cdone_val=0
[CTRL DEBUG] cycle=78500 state=0 start=0 incntlim=64 act_reps=1 wei_reps=1 ncontexts=1 context_cnt=0 act_cnt_en=0 wei_cnt_en=0 act_pop_en=0 wei_pop_en=0 psm_start=0 shift_done=0 done=0 cscnt_q=0 pop_shim_q2=0 cdone_q=0 o_cswitch_done_val=0 o_cdone_val=0
[CTRL DEBUG] cycle=79000 state=0 start=0 incntlim=64 act_reps=1 wei_reps=1 ncontexts=1 context_cnt=0 act_cnt_en=0 wei_cnt_en=0 act_pop_en=0 wei_pop_en=0 psm_start=0 shift_done=0 done=0 cscnt_q=0 pop_shim_q2=0 cdone_q=0 o_cswitch_done_val=0 o_cdone_val=0
[CTRL DEBUG] cycle=79000 state=0 start=0 incntlim=64 act_reps=1 wei_reps=1 ncontexts=1 context_cnt=0 act_cnt_en=0 wei_cnt_en=0 act_pop_en=0 wei_pop_en=0 psm_start=0 shift_done=0 done=0 cscnt_q=0 pop_shim_q2=0 cdone_q=0 o_cswitch_done_val=0 o_cdone_val=0
[CTRL DEBUG] cycle=79000 state=0 start=0 incntlim=64 act_reps=1 wei_reps=1 ncontexts=1 context_cnt=0 act_cnt_en=0 wei_cnt_en=0 act_pop_en=0 wei_pop_en=0 psm_start=0 shift_done=0 done=0 cscnt_q=0 pop_shim_q2=0 cdone_q=0 o_cswitch_done_val=0 o_cdone_val=0
[CTRL DEBUG] cycle=79000 state=0 start=0 incntlim=64 act_reps=1 wei_reps=1 ncontexts=1 context_cnt=0 act_cnt_en=0 wei_cnt_en=0 act_pop_en=0 wei_pop_en=0 psm_start=0 shift_done=0 done=0 cscnt_q=0 pop_shim_q2=0 cdone_q=0 o_cswitch_done_val=0 o_cdone_val=0
[CTRL DEBUG] cycle=79000 state=0 start=0 incntlim=64 act_reps=1 wei_reps=1 ncontexts=1 context_cnt=0 act_cnt_en=0 wei_cnt_en=0 act_pop_en=0 wei_pop_en=0 psm_start=0 shift_done=0 done=0 cscnt_q=0 pop_shim_q2=0 cdone_q=0 o_cswitch_done_val=0 o_cdone_val=0
[CTRL DEBUG] cycle=79000 state=0 start=0 incntlim=64 act_reps=1 wei_reps=1 ncontexts=1 context_cnt=0 act_cnt_en=0 wei_cnt_en=0 act_pop_en=0 wei_pop_en=0 psm_start=0 shift_done=0 done=0 cscnt_q=0 pop_shim_q2=0 cdone_q=0 o_cswitch_done_val=0 o_cdone_val=0
[CTRL DEBUG] cycle=79500 state=0 start=0 incntlim=64 act_reps=1 wei_reps=1 ncontexts=1 context_cnt=0 act_cnt_en=0 wei_cnt_en=0 act_pop_en=0 wei_pop_en=0 psm_start=0 shift_done=0 done=0 cscnt_q=0 pop_shim_q2=0 cdone_q=0 o_cswitch_done_val=0 o_cdone_val=0
[CTRL DEBUG] cycle=79500 state=0 start=0 incntlim=64 act_reps=1 wei_reps=1 ncontexts=1 context_cnt=0 act_cnt_en=0 wei_cnt_en=0 act_pop_en=0 wei_pop_en=0 psm_start=0 shift_done=0 done=0 cscnt_q=0 pop_shim_q2=0 cdone_q=0 o_cswitch_done_val=0 o_cdone_val=0
[CTRL DEBUG] cycle=79500 state=0 start=0 incntlim=64 act_reps=1 wei_reps=1 ncontexts=1 context_cnt=0 act_cnt_en=0 wei_cnt_en=0 act_pop_en=0 wei_pop_en=0 psm_start=0 shift_done=0 done=0 cscnt_q=0 pop_shim_q2=0 cdone_q=0 o_cswitch_done_val=0 o_cdone_val=0
[CTRL DEBUG] cycle=79500 state=0 start=0 incntlim=64 act_reps=1 wei_reps=1 ncontexts=1 context_cnt=0 act_cnt_en=0 wei_cnt_en=0 act_pop_en=0 wei_pop_en=0 psm_start=0 shift_done=0 done=0 cscnt_q=0 pop_shim_q2=0 cdone_q=0 o_cswitch_done_val=0 o_cdone_val=0
[CTRL DEBUG] cycle=79500 state=0 start=0 incntlim=64 act_reps=1 wei_reps=1 ncontexts=1 context_cnt=0 act_cnt_en=0 wei_cnt_en=0 act_pop_en=0 wei_pop_en=0 psm_start=0 shift_done=0 done=0 cscnt_q=0 pop_shim_q2=0 cdone_q=0 o_cswitch_done_val=0 o_cdone_val=0
[CTRL DEBUG] cycle=79500 state=0 start=0 incntlim=64 act_reps=1 wei_reps=1 ncontexts=1 context_cnt=0 act_cnt_en=0 wei_cnt_en=0 act_pop_en=0 wei_pop_en=0 psm_start=0 shift_done=0 done=0 cscnt_q=0 pop_shim_q2=0 cdone_q=0 o_cswitch_done_val=0 o_cdone_val=0
[CTRL DEBUG] cycle=80000 state=0 start=0 incntlim=64 act_reps=1 wei_reps=1 ncontexts=1 context_cnt=0 act_cnt_en=0 wei_cnt_en=0 act_pop_en=0 wei_pop_en=0 psm_start=0 shift_done=0 done=0 cscnt_q=0 pop_shim_q2=0 cdone_q=0 o_cswitch_done_val=0 o_cdone_val=0
[CTRL DEBUG] cycle=80000 state=0 start=0 incntlim=64 act_reps=1 wei_reps=1 ncontexts=1 context_cnt=0 act_cnt_en=0 wei_cnt_en=0 act_pop_en=0 wei_pop_en=0 psm_start=0 shift_done=0 done=0 cscnt_q=0 pop_shim_q2=0 cdone_q=0 o_cswitch_done_val=0 o_cdone_val=0
[CTRL DEBUG] cycle=80000 state=0 start=0 incntlim=64 act_reps=1 wei_reps=1 ncontexts=1 context_cnt=0 act_cnt_en=0 wei_cnt_en=0 act_pop_en=0 wei_pop_en=0 psm_start=0 shift_done=0 done=0 cscnt_q=0 pop_shim_q2=0 cdone_q=0 o_cswitch_done_val=0 o_cdone_val=0
[CTRL DEBUG] cycle=80000 state=0 start=0 incntlim=64 act_reps=1 wei_reps=1 ncontexts=1 context_cnt=0 act_cnt_en=0 wei_cnt_en=0 act_pop_en=0 wei_pop_en=0 psm_start=0 shift_done=0 done=0 cscnt_q=0 pop_shim_q2=0 cdone_q=0 o_cswitch_done_val=0 o_cdone_val=0
[CTRL DEBUG] cycle=80000 state=0 start=0 incntlim=64 act_reps=1 wei_reps=1 ncontexts=1 context_cnt=0 act_cnt_en=0 wei_cnt_en=0 act_pop_en=0 wei_pop_en=0 psm_start=0 shift_done=0 done=0 cscnt_q=0 pop_shim_q2=0 cdone_q=0 o_cswitch_done_val=0 o_cdone_val=0
[CTRL DEBUG] cycle=80000 state=0 start=0 incntlim=64 act_reps=1 wei_reps=1 ncontexts=1 context_cnt=0 act_cnt_en=0 wei_cnt_en=0 act_pop_en=0 wei_pop_en=0 psm_start=0 shift_done=0 done=0 cscnt_q=0 pop_shim_q2=0 cdone_q=0 o_cswitch_done_val=0 o_cdone_val=0
[CTRL DEBUG] cycle=80500 state=0 start=0 incntlim=64 act_reps=1 wei_reps=1 ncontexts=1 context_cnt=0 act_cnt_en=0 wei_cnt_en=0 act_pop_en=0 wei_pop_en=0 psm_start=0 shift_done=0 done=0 cscnt_q=0 pop_shim_q2=0 cdone_q=0 o_cswitch_done_val=0 o_cdone_val=0
[CTRL DEBUG] cycle=80500 state=0 start=0 incntlim=64 act_reps=1 wei_reps=1 ncontexts=1 context_cnt=0 act_cnt_en=0 wei_cnt_en=0 act_pop_en=0 wei_pop_en=0 psm_start=0 shift_done=0 done=0 cscnt_q=0 pop_shim_q2=0 cdone_q=0 o_cswitch_done_val=0 o_cdone_val=0
[CTRL DEBUG] cycle=80500 state=0 start=0 incntlim=64 act_reps=1 wei_reps=1 ncontexts=1 context_cnt=0 act_cnt_en=0 wei_cnt_en=0 act_pop_en=0 wei_pop_en=0 psm_start=0 shift_done=0 done=0 cscnt_q=0 pop_shim_q2=0 cdone_q=0 o_cswitch_done_val=0 o_cdone_val=0
[CTRL DEBUG] cycle=80500 state=0 start=0 incntlim=64 act_reps=1 wei_reps=1 ncontexts=1 context_cnt=0 act_cnt_en=0 wei_cnt_en=0 act_pop_en=0 wei_pop_en=0 psm_start=0 shift_done=0 done=0 cscnt_q=0 pop_shim_q2=0 cdone_q=0 o_cswitch_done_val=0 o_cdone_val=0
[CTRL DEBUG] cycle=80500 state=0 start=0 incntlim=64 act_reps=1 wei_reps=1 ncontexts=1 context_cnt=0 act_cnt_en=0 wei_cnt_en=0 act_pop_en=0 wei_pop_en=0 psm_start=0 shift_done=0 done=0 cscnt_q=0 pop_shim_q2=0 cdone_q=0 o_cswitch_done_val=0 o_cdone_val=0
[CTRL DEBUG] cycle=80500 state=0 start=0 incntlim=64 act_reps=1 wei_reps=1 ncontexts=1 context_cnt=0 act_cnt_en=0 wei_cnt_en=0 act_pop_en=0 wei_pop_en=0 psm_start=0 shift_done=0 done=0 cscnt_q=0 pop_shim_q2=0 cdone_q=0 o_cswitch_done_val=0 o_cdone_val=0
[TB PRELOAD] WEI(FP16) loaded bytes: 2048

=========================================
SRAMC SNAPSHOT: BEFORE NPU RUN - HOST READ BUFFER 0
=========================================
SRAMC word 0 addr=0xc0000 : 0 0 0 0 
SRAMC word 1 addr=0xc0002 : 0 0 0 0 
SRAMC word 2 addr=0xc0004 : 0 0 0 0 
SRAMC word 3 addr=0xc0006 : 0 0 0 0 
SRAMC word 4 addr=0xc0008 : 0 0 0 0 
SRAMC word 5 addr=0xc000a : 0 0 0 0 
SRAMC word 6 addr=0xc000c : 0 0 0 0 
SRAMC word 7 addr=0xc000e : 0 0 0 0 
SRAMC word 8 addr=0xc0010 : 0 0 0 0 
SRAMC word 9 addr=0xc0012 : 0 0 0 0 
SRAMC word 10 addr=0xc0014 : 0 0 0 0 
SRAMC word 11 addr=0xc0016 : 0 0 0 0 
SRAMC word 12 addr=0xc0018 : 0 0 0 0 
SRAMC word 13 addr=0xc001a : 0 0 0 0 
SRAMC word 14 addr=0xc001c : 0 0 0 0 
SRAMC word 15 addr=0xc001e : 0 0 0 0 
[CTRL DEBUG] cycle=81000 state=0 start=0 incntlim=64 act_reps=1 wei_reps=1 ncontexts=1 context_cnt=0 act_cnt_en=0 wei_cnt_en=0 act_pop_en=0 wei_pop_en=0 psm_start=0 shift_done=0 done=0 cscnt_q=0 pop_shim_q2=0 cdone_q=0 o_cswitch_done_val=0 o_cdone_val=0
[CTRL DEBUG] cycle=81000 state=0 start=0 incntlim=64 act_reps=1 wei_reps=1 ncontexts=1 context_cnt=0 act_cnt_en=0 wei_cnt_en=0 act_pop_en=0 wei_pop_en=0 psm_start=0 shift_done=0 done=0 cscnt_q=0 pop_shim_q2=0 cdone_q=0 o_cswitch_done_val=0 o_cdone_val=0
[CTRL DEBUG] cycle=81000 state=0 start=0 incntlim=64 act_reps=1 wei_reps=1 ncontexts=1 context_cnt=0 act_cnt_en=0 wei_cnt_en=0 act_pop_en=0 wei_pop_en=0 psm_start=0 shift_done=0 done=0 cscnt_q=0 pop_shim_q2=0 cdone_q=0 o_cswitch_done_val=0 o_cdone_val=0
[CTRL DEBUG] cycle=81000 state=0 start=0 incntlim=64 act_reps=1 wei_reps=1 ncontexts=1 context_cnt=0 act_cnt_en=0 wei_cnt_en=0 act_pop_en=0 wei_pop_en=0 psm_start=0 shift_done=0 done=0 cscnt_q=0 pop_shim_q2=0 cdone_q=0 o_cswitch_done_val=0 o_cdone_val=0
[CTRL DEBUG] cycle=81000 state=0 start=0 incntlim=64 act_reps=1 wei_reps=1 ncontexts=1 context_cnt=0 act_cnt_en=0 wei_cnt_en=0 act_pop_en=0 wei_pop_en=0 psm_start=0 shift_done=0 done=0 cscnt_q=0 pop_shim_q2=0 cdone_q=0 o_cswitch_done_val=0 o_cdone_val=0
[CTRL DEBUG] cycle=81000 state=0 start=0 incntlim=64 act_reps=1 wei_reps=1 ncontexts=1 context_cnt=0 act_cnt_en=0 wei_cnt_en=0 act_pop_en=0 wei_pop_en=0 psm_start=0 shift_done=0 done=0 cscnt_q=0 pop_shim_q2=0 cdone_q=0 o_cswitch_done_val=0 o_cdone_val=0
[CTRL DEBUG] cycle=81500 state=0 start=0 incntlim=64 act_reps=1 wei_reps=1 ncontexts=1 context_cnt=0 act_cnt_en=0 wei_cnt_en=0 act_pop_en=0 wei_pop_en=0 psm_start=0 shift_done=0 done=0 cscnt_q=0 pop_shim_q2=0 cdone_q=0 o_cswitch_done_val=0 o_cdone_val=0
[CTRL DEBUG] cycle=81500 state=0 start=0 incntlim=64 act_reps=1 wei_reps=1 ncontexts=1 context_cnt=0 act_cnt_en=0 wei_cnt_en=0 act_pop_en=0 wei_pop_en=0 psm_start=0 shift_done=0 done=0 cscnt_q=0 pop_shim_q2=0 cdone_q=0 o_cswitch_done_val=0 o_cdone_val=0
[CTRL DEBUG] cycle=81500 state=0 start=0 incntlim=64 act_reps=1 wei_reps=1 ncontexts=1 context_cnt=0 act_cnt_en=0 wei_cnt_en=0 act_pop_en=0 wei_pop_en=0 psm_start=0 shift_done=0 done=0 cscnt_q=0 pop_shim_q2=0 cdone_q=0 o_cswitch_done_val=0 o_cdone_val=0
[CTRL DEBUG] cycle=81500 state=0 start=0 incntlim=64 act_reps=1 wei_reps=1 ncontexts=1 context_cnt=0 act_cnt_en=0 wei_cnt_en=0 act_pop_en=0 wei_pop_en=0 psm_start=0 shift_done=0 done=0 cscnt_q=0 pop_shim_q2=0 cdone_q=0 o_cswitch_done_val=0 o_cdone_val=0
[CTRL DEBUG] cycle=81500 state=0 start=0 incntlim=64 act_reps=1 wei_reps=1 ncontexts=1 context_cnt=0 act_cnt_en=0 wei_cnt_en=0 act_pop_en=0 wei_pop_en=0 psm_start=0 shift_done=0 done=0 cscnt_q=0 pop_shim_q2=0 cdone_q=0 o_cswitch_done_val=0 o_cdone_val=0
[CTRL DEBUG] cycle=81500 state=0 start=0 incntlim=64 act_reps=1 wei_reps=1 ncontexts=1 context_cnt=0 act_cnt_en=0 wei_cnt_en=0 act_pop_en=0 wei_pop_en=0 psm_start=0 shift_done=0 done=0 cscnt_q=0 pop_shim_q2=0 cdone_q=0 o_cswitch_done_val=0 o_cdone_val=0
=========================================


=========================================
SRAM READ-BACK DEBUG AFTER PRELOAD
=========================================

[SRAMA READBACK]
SRAMA addr=0x40000 : -1.82812 -0.442627 0.408447 -0.285156 
SRAMA addr=0x40002 : 0.465088 -0.70166 0.624512 -1.62793 
SRAMA addr=0x40004 : 0.0067749 0.366699 0.195679 0.811523 
SRAMA addr=0x40006 : -0.167236 -0.411865 0.79541 0.43457 
SRAMA Region B:
SRAMA Region B addr=0x4d000 : -1.82812 -0.442627 0.408447 -0.285156 
SRAMA Region B addr=0x4d002 : 0.465088 -0.70166 0.624512 -1.62793 
SRAMA Region B addr=0x4d004 : 0.0067749 0.366699 0.195679 0.811523 
SRAMA Region B addr=0x4d006 : -0.167236 -0.411865 0.79541 0.43457 

[SRAMB READBACK]
SRAMB addr=0x80000 : -1.7334 -1.7334 -1.7334 -1.7334 
SRAMB addr=0x80004 : -0.228027 -2.5957 -2.27344 1.39941 
SRAMB addr=0x80008 : -1.63867 -0.165039 0.583008 -0.320801 
SRAMB addr=0x8000c : -0.529297 -0.51123 1.99121 -0.132568 
SRAMB Bank 1:
SRAMB Bank 1 addr=0x8a000 : -1.7334 -1.7334 -1.7334 -1.7334 
SRAMB Bank 1 addr=0x8a004 : -0.228027 -2.5957 -2.27344 1.39941 
SRAMB Bank 1 addr=0x8a008 : -1.63867 -0.165039 0.583008 -0.320801 
SRAMB Bank 1 addr=0x8a00c : -0.529297 -0.51123 1.99121 -0.132568 

[SRAMC READBACK]
SRAMC addr=0xc0000 : 0 0 0 0 
SRAMC addr=0xc0002 : 0 0 0 0 
SRAMC addr=0xc0004 : 0 0 0 0 
SRAMC addr=0xc0006 : 0 0 0 0 
SRAMC Bank 5:
SRAMC Bank 5 addr=0xc0c80 : 0 0 0 0 
SRAMC Bank 5 addr=0xc0c82 : 0 0 0 0 
SRAMC Bank 5 addr=0xc0c84 : 0 0 0 0 
SRAMC Bank 5 addr=0xc0c86 : 0 0 0 0 
=========================================

=========================================

[TB SKIP] region=CONTROLLER raw_addr=0x40000000 data=0x3
[TB SKIP] region=CONTROLLER raw_addr=0x4000000c data=0x3
[TB_DEMO] Executed 120 transactions from GoldenStimuli.txt
[TB_DEMO] Triggering NPU execution...

=========================================
NPU TOP RUNTIME CONFIGURATION AT START
=========================================
=========================================

[CTRL DEBUG] cycle=81855 state=1 start=1 incntlim=64 act_reps=1 wei_reps=1 ncontexts=1 context_cnt=0 act_cnt_en=0 wei_cnt_en=0 act_pop_en=0 wei_pop_en=0 psm_start=0 shift_done=0 done=0 cscnt_q=0 pop_shim_q2=0 cdone_q=0 o_cswitch_done_val=0 o_cdone_val=0
[CTRL CONTEXT START] global_context = 0 / 1 local_context = 0 out_tile = 0 ncontexts = 1
[CTRL DEBUG] cycle=81855 state=1 start=1 incntlim=64 act_reps=1 wei_reps=1 ncontexts=1 context_cnt=0 act_cnt_en=0 wei_cnt_en=0 act_pop_en=0 wei_pop_en=0 psm_start=0 shift_done=0 done=0 cscnt_q=0 pop_shim_q2=0 cdone_q=0 o_cswitch_done_val=0 o_cdone_val=0
[CTRL CONTEXT START] global_context = 0 / 1 local_context = 0 out_tile = 0 ncontexts = 1
[CTRL DEBUG] cycle=81855 state=1 start=1 incntlim=64 act_reps=1 wei_reps=1 ncontexts=1 context_cnt=0 act_cnt_en=0 wei_cnt_en=0 act_pop_en=0 wei_pop_en=0 psm_start=0 shift_done=0 done=0 cscnt_q=0 pop_shim_q2=0 cdone_q=0 o_cswitch_done_val=0 o_cdone_val=0
[CTRL CONTEXT START] global_context = 0 / 1 local_context = 0 out_tile = 0 ncontexts = 1
[CTRL DEBUG] cycle=81855 state=1 start=1 incntlim=64 act_reps=1 wei_reps=1 ncontexts=1 context_cnt=0 act_cnt_en=0 wei_cnt_en=0 act_pop_en=0 wei_pop_en=0 psm_start=0 shift_done=0 done=0 cscnt_q=0 pop_shim_q2=0 cdone_q=0 o_cswitch_done_val=0 o_cdone_val=0
[CTRL CONTEXT START] global_context = 0 / 1 local_context = 0 out_tile = 0 ncontexts = 1
[CTRL DEBUG] cycle=81855 state=1 start=1 incntlim=64 act_reps=1 wei_reps=1 ncontexts=1 context_cnt=0 act_cnt_en=0 wei_cnt_en=0 act_pop_en=0 wei_pop_en=0 psm_start=0 shift_done=0 done=0 cscnt_q=0 pop_shim_q2=0 cdone_q=0 o_cswitch_done_val=0 o_cdone_val=0
[CTRL CONTEXT START] global_context = 0 / 1 local_context = 0 out_tile = 0 ncontexts = 1
[CTRL DEBUG] cycle=81855 state=1 start=1 incntlim=64 act_reps=1 wei_reps=1 ncontexts=1 context_cnt=0 act_cnt_en=0 wei_cnt_en=0 act_pop_en=0 wei_pop_en=0 psm_start=0 shift_done=0 done=0 cscnt_q=0 pop_shim_q2=0 cdone_q=0 o_cswitch_done_val=0 o_cdone_val=0
[CTRL CONTEXT START] global_context = 0 / 1 local_context = 0 out_tile = 0 ncontexts = 1
[TB_DEMO] Waiting for NPU to complete execution...
[CTRL DEBUG] cycle=81856 state=2 start=0 incntlim=64 act_reps=1 wei_reps=1 ncontexts=1 context_cnt=0 act_cnt_en=0 wei_cnt_en=0 act_pop_en=0 wei_pop_en=0 psm_start=0 shift_done=0 done=0 cscnt_q=0 pop_shim_q2=0 cdone_q=0 o_cswitch_done_val=0 o_cdone_val=0
[CTRL DEBUG] cycle=81856 state=2 start=0 incntlim=64 act_reps=1 wei_reps=1 ncontexts=1 context_cnt=0 act_cnt_en=0 wei_cnt_en=0 act_pop_en=0 wei_pop_en=0 psm_start=0 shift_done=0 done=0 cscnt_q=0 pop_shim_q2=0 cdone_q=0 o_cswitch_done_val=0 o_cdone_val=0
[IFMAP STALL STATUS] context=0 emit_count=0 pop_count=0 effective_k=64 act_can_pop=0
[IFMAP DONE STATUS] context=0 emit_count=0 pop_count=0 limit=64 cfg_limit=64 done=0
[IFMAP STALL STATUS] context=0 emit_count=0 pop_count=0 effective_k=64 act_can_pop=0
[IFMAP DONE STATUS] context=0 emit_count=0 pop_count=0 limit=64 cfg_limit=64 done=0
[WEIGHT CLEAR PULSE] feeder_en=1 cnt_en=0 counters reset to 0
[WEIGHT DONE STATUS] context=0 emit_count=0 pop_count=0 out_count=0 k_len=0 tail_limit=15 done=0
[WEIGHT CLEAR PULSE] feeder_en=1 cnt_en=0 counters reset to 0
[WEIGHT DONE STATUS] context=0 emit_count=0 pop_count=0 out_count=0 k_len=0 tail_limit=15 done=0
[REAL FEEDER STREAM DUMP START] ctx=0 incntlim=64

[STREAM REF START] context=0 cxlim=16 cxstep=8
[CTRL DEBUG] cycle=81856 state=2 start=0 incntlim=64 act_reps=1 wei_reps=1 ncontexts=1 context_cnt=0 act_cnt_en=0 wei_cnt_en=0 act_pop_en=0 wei_pop_en=0 psm_start=0 shift_done=0 done=0 cscnt_q=0 pop_shim_q2=0 cdone_q=0 o_cswitch_done_val=0 o_cdone_val=0
[CTRL DEBUG] cycle=81856 state=2 start=0 incntlim=64 act_reps=1 wei_reps=1 ncontexts=1 context_cnt=0 act_cnt_en=0 wei_cnt_en=0 act_pop_en=0 wei_pop_en=0 psm_start=0 shift_done=0 done=0 cscnt_q=0 pop_shim_q2=0 cdone_q=0 o_cswitch_done_val=0 o_cdone_val=0
[WEIGHT CLEAR PULSE] feeder_en=1 cnt_en=0 counters reset to 0
[WEIGHT CLEAR PULSE] feeder_en=1 cnt_en=0 counters reset to 0

[STREAM REF START] context=0 cxlim=16 cxstep=8
[CTRL DEBUG] cycle=81856 state=2 start=0 incntlim=64 act_reps=1 wei_reps=1 ncontexts=1 context_cnt=0 act_cnt_en=0 wei_cnt_en=0 act_pop_en=0 wei_pop_en=0 psm_start=0 shift_done=0 done=0 cscnt_q=0 pop_shim_q2=0 cdone_q=0 o_cswitch_done_val=0 o_cdone_val=0
[CTRL DEBUG] cycle=81856 state=2 start=0 incntlim=64 act_reps=1 wei_reps=1 ncontexts=1 context_cnt=0 act_cnt_en=0 wei_cnt_en=0 act_pop_en=0 wei_pop_en=0 psm_start=0 shift_done=0 done=0 cscnt_q=0 pop_shim_q2=0 cdone_q=0 o_cswitch_done_val=0 o_cdone_val=0
[WEIGHT CLEAR PULSE] feeder_en=1 cnt_en=0 counters reset to 0
[WEIGHT CLEAR PULSE] feeder_en=1 cnt_en=0 counters reset to 0

[STREAM REF START] context=0 cxlim=16 cxstep=8
[CTRL DEBUG] cycle=81857 state=3 start=0 incntlim=64 act_reps=1 wei_reps=1 ncontexts=1 context_cnt=0 act_cnt_en=1 wei_cnt_en=1 act_pop_en=0 wei_pop_en=0 psm_start=0 shift_done=0 done=0 cscnt_q=0 pop_shim_q2=0 cdone_q=0 o_cswitch_done_val=0 o_cdone_val=0
[CTRL DEBUG] cycle=81857 state=3 start=0 incntlim=64 act_reps=1 wei_reps=1 ncontexts=1 context_cnt=0 act_cnt_en=1 wei_cnt_en=1 act_pop_en=0 wei_pop_en=0 psm_start=0 shift_done=0 done=0 cscnt_q=0 pop_shim_q2=0 cdone_q=0 o_cswitch_done_val=0 o_cdone_val=0
[IFMAP STREAM INIT] context=0 context_y_offset=0 first_word=0 last_word=63 effective_k=64
[IFMAP DEMAND REQ] req=0 context=0 k=0 ch=0 ky=0 kx=0 start_abs_idx=0 first_word=0 last_word=0 req_word_addr=0 req_final_addr=0
[IFMAP WORD REQ] req=0 act_word_req_idx=0 final_addr=0 last_word=63
[DEBUG IFMAP] read_count=0 mode=SAURIAcontext_id=0context_y_offset0 feeder_en=1 cnt_en=1 cnt_clear=0 base=0 addr_reg=0 x_cnt=0 y_cnt=0 ch_cnt=0 final_addr=0 incnt=0 limit=64 xlim=8 xstep=8 ylim=8 ystep=8 chlim=512 chstep=8
[IFMAP STALL STATUS] context=0 emit_count=0 pop_count=0 effective_k=64 act_can_pop=0
[IFMAP DONE STATUS] context=0 emit_count=0 pop_count=0 limit=64 cfg_limit=64 done=0
[IFMAP STREAM INIT] context=0 context_y_offset=0 first_word=0 last_word=63 effective_k=64
[IFMAP DEMAND REQ] req=0 context=0 k=0 ch=0 ky=0 kx=0 start_abs_idx=0 first_word=0 last_word=0 req_word_addr=0 req_final_addr=0
[IFMAP WORD REQ] req=0 act_word_req_idx=0 final_addr=0 last_word=63
[DEBUG IFMAP] read_count=0 mode=SAURIAcontext_id=0context_y_offset0 feeder_en=1 cnt_en=1 cnt_clear=0 base=0 addr_reg=0 x_cnt=0 y_cnt=0 ch_cnt=0 final_addr=0 incnt=0 limit=64 xlim=8 xstep=8 ylim=8 ystep=8 chlim=512 chstep=8
[IFMAP STALL STATUS] context=0 emit_count=0 pop_count=0 effective_k=64 act_can_pop=0
[IFMAP DONE STATUS] context=0 emit_count=0 pop_count=0 limit=64 cfg_limit=64 done=0
[WEIGHT STREAM INIT]time=818610 ns context=0 total_elems=1024 k_len=64 total_words=64
[WEIGHT WORD REQ] req=0 word_addr=0 final_addr=0 total_words=64
[WEIGHT DONE STATUS] context=0 emit_count=0 pop_count=0 out_count=0 k_len=64 tail_limit=79 done=0
[WEIGHT STREAM INIT]time=818610 ns context=0 total_elems=1024 k_len=64 total_words=64
[WEIGHT WORD REQ] req=0 word_addr=0 final_addr=0 total_words=64
[WEIGHT DONE STATUS] context=0 emit_count=0 pop_count=0 out_count=0 k_len=64 tail_limit=79 done=0
[CTRL DEBUG] cycle=81857 state=3 start=0 incntlim=64 act_reps=1 wei_reps=1 ncontexts=1 context_cnt=0 act_cnt_en=1 wei_cnt_en=1 act_pop_en=0 wei_pop_en=0 psm_start=0 shift_done=0 done=0 cscnt_q=0 pop_shim_q2=0 cdone_q=0 o_cswitch_done_val=0 o_cdone_val=0
[CTRL DEBUG] cycle=81857 state=3 start=0 incntlim=64 act_reps=1 wei_reps=1 ncontexts=1 context_cnt=0 act_cnt_en=1 wei_cnt_en=1 act_pop_en=0 wei_pop_en=0 psm_start=0 shift_done=0 done=0 cscnt_q=0 pop_shim_q2=0 cdone_q=0 o_cswitch_done_val=0 o_cdone_val=0
[IFMAP STREAM INIT] context=0 context_y_offset=0 first_word=0 last_word=63 effective_k=64
[DEBUG IFMAP] read_count=1 mode=SAURIAcontext_id=0context_y_offset0 feeder_en=1 cnt_en=1 cnt_clear=0 base=0 addr_reg=0 x_cnt=0 y_cnt=0 ch_cnt=0 final_addr=0 incnt=0 limit=64 xlim=8 xstep=8 ylim=8 ystep=8 chlim=512 chstep=8
[IFMAP STREAM INIT] context=0 context_y_offset=0 first_word=0 last_word=63 effective_k=64
[DEBUG IFMAP] read_count=1 mode=SAURIAcontext_id=0context_y_offset0 feeder_en=1 cnt_en=1 cnt_clear=0 base=0 addr_reg=0 x_cnt=0 y_cnt=0 ch_cnt=0 final_addr=0 incnt=0 limit=64 xlim=8 xstep=8 ylim=8 ystep=8 chlim=512 chstep=8
[WEIGHT STREAM INIT]time=818610 ns context=0 total_elems=1024 k_len=64 total_words=64
[WEIGHT STREAM INIT]time=818610 ns context=0 total_elems=1024 k_len=64 total_words=64
[CTRL DEBUG] cycle=81857 state=3 start=0 incntlim=64 act_reps=1 wei_reps=1 ncontexts=1 context_cnt=0 act_cnt_en=1 wei_cnt_en=1 act_pop_en=0 wei_pop_en=0 psm_start=0 shift_done=0 done=0 cscnt_q=0 pop_shim_q2=0 cdone_q=0 o_cswitch_done_val=0 o_cdone_val=0
[CTRL DEBUG] cycle=81857 state=3 start=0 incntlim=64 act_reps=1 wei_reps=1 ncontexts=1 context_cnt=0 act_cnt_en=1 wei_cnt_en=1 act_pop_en=0 wei_pop_en=0 psm_start=0 shift_done=0 done=0 cscnt_q=0 pop_shim_q2=0 cdone_q=0 o_cswitch_done_val=0 o_cdone_val=0
[IFMAP STREAM INIT] context=0 context_y_offset=0 first_word=0 last_word=63 effective_k=64
[DEBUG IFMAP] read_count=2 mode=SAURIAcontext_id=0context_y_offset0 feeder_en=1 cnt_en=1 cnt_clear=0 base=0 addr_reg=0 x_cnt=0 y_cnt=0 ch_cnt=0 final_addr=0 incnt=0 limit=64 xlim=8 xstep=8 ylim=8 ystep=8 chlim=512 chstep=8
[IFMAP STREAM INIT] context=0 context_y_offset=0 first_word=0 last_word=63 effective_k=64
[DEBUG IFMAP] read_count=2 mode=SAURIAcontext_id=0context_y_offset0 feeder_en=1 cnt_en=1 cnt_clear=0 base=0 addr_reg=0 x_cnt=0 y_cnt=0 ch_cnt=0 final_addr=0 incnt=0 limit=64 xlim=8 xstep=8 ylim=8 ystep=8 chlim=512 chstep=8
[WEIGHT STREAM INIT]time=818610 ns context=0 total_elems=1024 k_len=64 total_words=64
[WEIGHT STREAM INIT]time=818610 ns context=0 total_elems=1024 k_len=64 total_words=64
[CTRL DEBUG] cycle=81858 state=3 start=0 incntlim=64 act_reps=1 wei_reps=1 ncontexts=1 context_cnt=0 act_cnt_en=1 wei_cnt_en=1 act_pop_en=0 wei_pop_en=0 psm_start=0 shift_done=0 done=0 cscnt_q=0 pop_shim_q2=0 cdone_q=0 o_cswitch_done_val=0 o_cdone_val=0
[CTRL DEBUG] cycle=81858 state=3 start=0 incntlim=64 act_reps=1 wei_reps=1 ncontexts=1 context_cnt=0 act_cnt_en=1 wei_cnt_en=1 act_pop_en=0 wei_pop_en=0 psm_start=0 shift_done=0 done=0 cscnt_q=0 pop_shim_q2=0 cdone_q=0 o_cswitch_done_val=0 o_cdone_val=0
[IFMAP WORD REQ] req=3 act_word_req_idx=0 final_addr=0 last_word=63
[DEBUG IFMAP] read_count=3 mode=SAURIAcontext_id=0context_y_offset0 feeder_en=1 cnt_en=1 cnt_clear=0 base=0 addr_reg=0 x_cnt=0 y_cnt=0 ch_cnt=0 final_addr=0 incnt=0 limit=64 xlim=8 xstep=8 ylim=8 ystep=8 chlim=512 chstep=8
[IFMAP STALL STATUS] context=0 emit_count=0 pop_count=0 effective_k=64 act_can_pop=0
[IFMAP DONE STATUS] context=0 emit_count=0 pop_count=0 limit=64 cfg_limit=64 done=0
[IFMAP WORD REQ] req=3 act_word_req_idx=0 final_addr=0 last_word=63
[DEBUG IFMAP] read_count=3 mode=SAURIAcontext_id=0context_y_offset0 feeder_en=1 cnt_en=1 cnt_clear=0 base=0 addr_reg=0 x_cnt=0 y_cnt=0 ch_cnt=0 final_addr=0 incnt=0 limit=64 xlim=8 xstep=8 ylim=8 ystep=8 chlim=512 chstep=8
[IFMAP STALL STATUS] context=0 emit_count=0 pop_count=0 effective_k=64 act_can_pop=0
[IFMAP DONE STATUS] context=0 emit_count=0 pop_count=0 limit=64 cfg_limit=64 done=0
[WEIGHT WORD REQ] req=3 word_addr=1 final_addr=1 total_words=64
[WEIGHT DONE STATUS] context=0 emit_count=0 pop_count=0 out_count=0 k_len=64 tail_limit=79 done=0
[WEIGHT WORD REQ] req=3 word_addr=1 final_addr=1 total_words=64
[WEIGHT DONE STATUS] context=0 emit_count=0 pop_count=0 out_count=0 k_len=64 tail_limit=79 done=0
[CTRL DEBUG] cycle=81858 state=3 start=0 incntlim=64 act_reps=1 wei_reps=1 ncontexts=1 context_cnt=0 act_cnt_en=1 wei_cnt_en=1 act_pop_en=0 wei_pop_en=0 psm_start=0 shift_done=0 done=0 cscnt_q=0 pop_shim_q2=0 cdone_q=0 o_cswitch_done_val=0 o_cdone_val=0
[CTRL DEBUG] cycle=81858 state=3 start=0 incntlim=64 act_reps=1 wei_reps=1 ncontexts=1 context_cnt=0 act_cnt_en=1 wei_cnt_en=1 act_pop_en=0 wei_pop_en=0 psm_start=0 shift_done=0 done=0 cscnt_q=0 pop_shim_q2=0 cdone_q=0 o_cswitch_done_val=0 o_cdone_val=0
[DEBUG IFMAP] read_count=4 mode=SAURIAcontext_id=0context_y_offset0 feeder_en=1 cnt_en=1 cnt_clear=0 base=0 addr_reg=0 x_cnt=0 y_cnt=0 ch_cnt=0 final_addr=0 incnt=0 limit=64 xlim=8 xstep=8 ylim=8 ystep=8 chlim=512 chstep=8
[DEBUG IFMAP] read_count=4 mode=SAURIAcontext_id=0context_y_offset0 feeder_en=1 cnt_en=1 cnt_clear=0 base=0 addr_reg=0 x_cnt=0 y_cnt=0 ch_cnt=0 final_addr=0 incnt=0 limit=64 xlim=8 xstep=8 ylim=8 ystep=8 chlim=512 chstep=8
[CTRL DEBUG] cycle=81858 state=3 start=0 incntlim=64 act_reps=1 wei_reps=1 ncontexts=1 context_cnt=0 act_cnt_en=1 wei_cnt_en=1 act_pop_en=0 wei_pop_en=0 psm_start=0 shift_done=0 done=0 cscnt_q=0 pop_shim_q2=0 cdone_q=0 o_cswitch_done_val=0 o_cdone_val=0
[CTRL DEBUG] cycle=81858 state=3 start=0 incntlim=64 act_reps=1 wei_reps=1 ncontexts=1 context_cnt=0 act_cnt_en=1 wei_cnt_en=1 act_pop_en=0 wei_pop_en=0 psm_start=0 shift_done=0 done=0 cscnt_q=0 pop_shim_q2=0 cdone_q=0 o_cswitch_done_val=0 o_cdone_val=0
[DEBUG IFMAP] read_count=5 mode=SAURIAcontext_id=0context_y_offset0 feeder_en=1 cnt_en=1 cnt_clear=0 base=0 addr_reg=0 x_cnt=0 y_cnt=0 ch_cnt=0 final_addr=0 incnt=0 limit=64 xlim=8 xstep=8 ylim=8 ystep=8 chlim=512 chstep=8
[DEBUG IFMAP] read_count=5 mode=SAURIAcontext_id=0context_y_offset0 feeder_en=1 cnt_en=1 cnt_clear=0 base=0 addr_reg=0 x_cnt=0 y_cnt=0 ch_cnt=0 final_addr=0 incnt=0 limit=64 xlim=8 xstep=8 ylim=8 ystep=8 chlim=512 chstep=8
[CTRL DEBUG] cycle=81859 state=3 start=0 incntlim=64 act_reps=1 wei_reps=1 ncontexts=1 context_cnt=0 act_cnt_en=1 wei_cnt_en=1 act_pop_en=0 wei_pop_en=0 psm_start=0 shift_done=0 done=0 cscnt_q=0 pop_shim_q2=0 cdone_q=0 o_cswitch_done_val=0 o_cdone_val=0
[CTRL FILL DONE] context=0 fill_cycles=3 (FILL_CYCLES=3)
[CTRL DEBUG] cycle=81859 state=3 start=0 incntlim=64 act_reps=1 wei_reps=1 ncontexts=1 context_cnt=0 act_cnt_en=1 wei_cnt_en=1 act_pop_en=0 wei_pop_en=0 psm_start=0 shift_done=0 done=0 cscnt_q=0 pop_shim_q2=0 cdone_q=0 o_cswitch_done_val=0 o_cdone_val=0
[CTRL FILL DONE] context=0 fill_cycles=3 (FILL_CYCLES=3)
[IFMAP DEMAND REQ] req=1 context=0 k=1 ch=1 ky=0 kx=0 start_abs_idx=8 first_word=1 last_word=1 req_word_addr=1 req_final_addr=1
[IFMAP WORD REQ] req=6 act_word_req_idx=0 final_addr=0 last_word=63
[DEBUG IFMAP] read_count=6 mode=SAURIAcontext_id=0context_y_offset0 feeder_en=1 cnt_en=1 cnt_clear=0 base=0 addr_reg=0 x_cnt=0 y_cnt=0 ch_cnt=0 final_addr=0 incnt=0 limit=64 xlim=8 xstep=8 ylim=8 ystep=8 chlim=512 chstep=8
[IFMAP STALL STATUS] context=0 emit_count=1 pop_count=0 effective_k=64 act_can_pop=1
[IFMAP DONE STATUS] context=0 emit_count=1 pop_count=0 limit=64 cfg_limit=64 done=0
[IFMAP DEMAND REQ] req=1 context=0 k=1 ch=1 ky=0 kx=0 start_abs_idx=8 first_word=1 last_word=1 req_word_addr=1 req_final_addr=1
[IFMAP WORD REQ] req=6 act_word_req_idx=0 final_addr=0 last_word=63
[DEBUG IFMAP] read_count=6 mode=SAURIAcontext_id=0context_y_offset0 feeder_en=1 cnt_en=1 cnt_clear=0 base=0 addr_reg=0 x_cnt=0 y_cnt=0 ch_cnt=0 final_addr=0 incnt=0 limit=64 xlim=8 xstep=8 ylim=8 ystep=8 chlim=512 chstep=8
[IFMAP STALL STATUS] context=0 emit_count=1 pop_count=0 effective_k=64 act_can_pop=1
[IFMAP DONE STATUS] context=0 emit_count=1 pop_count=0 limit=64 cfg_limit=64 done=0
[WEIGHT MEM WORD] count=0 word_addr=0 data=[-1, -1, -1, -1, -1, -1, -1, -1, -1, -1, -1, -1, -1, -1, -1, -1]
[WEIGHT FEED VEC] count=0 context=0 out_tile=0 k=0 flat_base_idx=0 feed_vec=[-1, -1, -1, -1, -1, -1, -1, -1, -1, -1, -1, -1, -1, -1, -1, -1]
[WEIGHT WORD REQ] req=6 word_addr=2 final_addr=2 total_words=64
[WEIGHT DONE STATUS] context=0 emit_count=1 pop_count=0 out_count=0 k_len=64 tail_limit=79 done=0
[WEIGHT MEM WORD] count=0 word_addr=0 data=[-1, -1, -1, -1, -1, -1, -1, -1, -1, -1, -1, -1, -1, -1, -1, -1]
[WEIGHT FEED VEC] count=0 context=0 out_tile=0 k=0 flat_base_idx=0 feed_vec=[-1, -1, -1, -1, -1, -1, -1, -1, -1, -1, -1, -1, -1, -1, -1, -1]
[WEIGHT WORD REQ] req=6 word_addr=2 final_addr=2 total_words=64
[WEIGHT DONE STATUS] context=0 emit_count=1 pop_count=0 out_count=0 k_len=64 tail_limit=79 done=0
[CTRL DEBUG] cycle=81859 state=3 start=0 incntlim=64 act_reps=1 wei_reps=1 ncontexts=1 context_cnt=0 act_cnt_en=1 wei_cnt_en=1 act_pop_en=0 wei_pop_en=0 psm_start=0 shift_done=0 done=0 cscnt_q=0 pop_shim_q2=0 cdone_q=0 o_cswitch_done_val=0 o_cdone_val=0
[CTRL FILL DONE] context=0 fill_cycles=3 (FILL_CYCLES=3)
[CTRL DEBUG] cycle=81859 state=3 start=0 incntlim=64 act_reps=1 wei_reps=1 ncontexts=1 context_cnt=0 act_cnt_en=1 wei_cnt_en=1 act_pop_en=0 wei_pop_en=0 psm_start=0 shift_done=0 done=0 cscnt_q=0 pop_shim_q2=0 cdone_q=0 o_cswitch_done_val=0 o_cdone_val=0
[CTRL FILL DONE] context=0 fill_cycles=3 (FILL_CYCLES=3)
[DEBUG IFMAP] read_count=7 mode=SAURIAcontext_id=0context_y_offset0 feeder_en=1 cnt_en=1 cnt_clear=0 base=0 addr_reg=0 x_cnt=0 y_cnt=0 ch_cnt=0 final_addr=0 incnt=0 limit=64 xlim=8 xstep=8 ylim=8 ystep=8 chlim=512 chstep=8
[DEBUG IFMAP] read_count=7 mode=SAURIAcontext_id=0context_y_offset0 feeder_en=1 cnt_en=1 cnt_clear=0 base=0 addr_reg=0 x_cnt=0 y_cnt=0 ch_cnt=0 final_addr=0 incnt=0 limit=64 xlim=8 xstep=8 ylim=8 ystep=8 chlim=512 chstep=8
[CTRL DEBUG] cycle=81859 state=3 start=0 incntlim=64 act_reps=1 wei_reps=1 ncontexts=1 context_cnt=0 act_cnt_en=1 wei_cnt_en=1 act_pop_en=0 wei_pop_en=0 psm_start=0 shift_done=0 done=0 cscnt_q=0 pop_shim_q2=0 cdone_q=0 o_cswitch_done_val=0 o_cdone_val=0
[CTRL FILL DONE] context=0 fill_cycles=3 (FILL_CYCLES=3)
[CTRL DEBUG] cycle=81859 state=3 start=0 incntlim=64 act_reps=1 wei_reps=1 ncontexts=1 context_cnt=0 act_cnt_en=1 wei_cnt_en=1 act_pop_en=0 wei_pop_en=0 psm_start=0 shift_done=0 done=0 cscnt_q=0 pop_shim_q2=0 cdone_q=0 o_cswitch_done_val=0 o_cdone_val=0
[CTRL FILL DONE] context=0 fill_cycles=3 (FILL_CYCLES=3)
[DEBUG IFMAP] read_count=8 mode=SAURIAcontext_id=0context_y_offset0 feeder_en=1 cnt_en=1 cnt_clear=0 base=0 addr_reg=0 x_cnt=0 y_cnt=0 ch_cnt=0 final_addr=0 incnt=0 limit=64 xlim=8 xstep=8 ylim=8 ystep=8 chlim=512 chstep=8
[DEBUG IFMAP] read_count=8 mode=SAURIAcontext_id=0context_y_offset0 feeder_en=1 cnt_en=1 cnt_clear=0 base=0 addr_reg=0 x_cnt=0 y_cnt=0 ch_cnt=0 final_addr=0 incnt=0 limit=64 xlim=8 xstep=8 ylim=8 ystep=8 chlim=512 chstep=8
[CTRL DEBUG] cycle=81860 state=5 start=0 incntlim=64 act_reps=1 wei_reps=1 ncontexts=1 context_cnt=0 act_cnt_en=1 wei_cnt_en=1 act_pop_en=0 wei_pop_en=0 psm_start=0 shift_done=0 done=0 cscnt_q=0 pop_shim_q2=0 cdone_q=0 o_cswitch_done_val=0 o_cdone_val=0
[CTRL DEBUG] cycle=81860 state=5 start=0 incntlim=64 act_reps=1 wei_reps=1 ncontexts=1 context_cnt=0 act_cnt_en=1 wei_cnt_en=1 act_pop_en=0 wei_pop_en=0 psm_start=0 shift_done=0 done=0 cscnt_q=0 pop_shim_q2=0 cdone_q=0 o_cswitch_done_val=0 o_cdone_val=0
[IFMAP WORD REQ] req=9 act_word_req_idx=0 final_addr=0 last_word=63
[DEBUG IFMAP] read_count=9 mode=SAURIAcontext_id=0context_y_offset0 feeder_en=1 cnt_en=1 cnt_clear=0 base=0 addr_reg=0 x_cnt=0 y_cnt=0 ch_cnt=0 final_addr=0 incnt=0 limit=64 xlim=8 xstep=8 ylim=8 ystep=8 chlim=512 chstep=8
[IFMAP STALL STATUS] context=0 emit_count=1 pop_count=0 effective_k=64 act_can_pop=1
[IFMAP DONE STATUS] context=0 emit_count=1 pop_count=0 limit=64 cfg_limit=64 done=0
[IFMAP WORD REQ] req=9 act_word_req_idx=0 final_addr=0 last_word=63
[DEBUG IFMAP] read_count=9 mode=SAURIAcontext_id=0context_y_offset0 feeder_en=1 cnt_en=1 cnt_clear=0 base=0 addr_reg=0 x_cnt=0 y_cnt=0 ch_cnt=0 final_addr=0 incnt=0 limit=64 xlim=8 xstep=8 ylim=8 ystep=8 chlim=512 chstep=8
[IFMAP STALL STATUS] context=0 emit_count=1 pop_count=0 effective_k=64 act_can_pop=1
[IFMAP DONE STATUS] context=0 emit_count=1 pop_count=0 limit=64 cfg_limit=64 done=0
[WEIGHT MEM WORD] count=3 word_addr=1 data=[0, -2, -2, 1, 0, -2, 0, 0, -1, 0, -1, 0, 0, 0, 0, -1]
[WEIGHT FEED VEC] count=1 context=0 out_tile=0 k=1 flat_base_idx=16 feed_vec=[0, -2, -2, 1, 0, -2, 0, 0, -1, 0, -1, 0, 0, 0, 0, -1]
[WEIGHT WORD REQ] req=9 word_addr=3 final_addr=3 total_words=64
[WEIGHT DONE STATUS] context=0 emit_count=2 pop_count=0 out_count=0 k_len=64 tail_limit=79 done=0
[WEIGHT MEM WORD] count=3 word_addr=1 data=[0, -2, -2, 1, 0, -2, 0, 0, -1, 0, -1, 0, 0, 0, 0, -1]
[WEIGHT FEED VEC] count=1 context=0 out_tile=0 k=1 flat_base_idx=16 feed_vec=[0, -2, -2, 1, 0, -2, 0, 0, -1, 0, -1, 0, 0, 0, 0, -1]
[WEIGHT WORD REQ] req=9 word_addr=3 final_addr=3 total_words=64
[WEIGHT DONE STATUS] context=0 emit_count=2 pop_count=0 out_count=0 k_len=64 tail_limit=79 done=0
[CTRL DEBUG] cycle=81860 state=5 start=0 incntlim=64 act_reps=1 wei_reps=1 ncontexts=1 context_cnt=0 act_cnt_en=1 wei_cnt_en=1 act_pop_en=0 wei_pop_en=0 psm_start=0 shift_done=0 done=0 cscnt_q=0 pop_shim_q2=0 cdone_q=0 o_cswitch_done_val=0 o_cdone_val=0
[CTRL DEBUG] cycle=81860 state=5 start=0 incntlim=64 act_reps=1 wei_reps=1 ncontexts=1 context_cnt=0 act_cnt_en=1 wei_cnt_en=1 act_pop_en=0 wei_pop_en=0 psm_start=0 shift_done=0 done=0 cscnt_q=0 pop_shim_q2=0 cdone_q=0 o_cswitch_done_val=0 o_cdone_val=0
[DEBUG IFMAP] read_count=10 mode=SAURIAcontext_id=0context_y_offset0 feeder_en=1 cnt_en=1 cnt_clear=0 base=0 addr_reg=0 x_cnt=0 y_cnt=0 ch_cnt=0 final_addr=0 incnt=0 limit=64 xlim=8 xstep=8 ylim=8 ystep=8 chlim=512 chstep=8
[DEBUG IFMAP] read_count=10 mode=SAURIAcontext_id=0context_y_offset0 feeder_en=1 cnt_en=1 cnt_clear=0 base=0 addr_reg=0 x_cnt=0 y_cnt=0 ch_cnt=0 final_addr=0 incnt=0 limit=64 xlim=8 xstep=8 ylim=8 ystep=8 chlim=512 chstep=8
[CTRL DEBUG] cycle=81860 state=5 start=0 incntlim=64 act_reps=1 wei_reps=1 ncontexts=1 context_cnt=0 act_cnt_en=1 wei_cnt_en=1 act_pop_en=0 wei_pop_en=0 psm_start=0 shift_done=0 done=0 cscnt_q=0 pop_shim_q2=0 cdone_q=0 o_cswitch_done_val=0 o_cdone_val=0
[CTRL DEBUG] cycle=81860 state=5 start=0 incntlim=64 act_reps=1 wei_reps=1 ncontexts=1 context_cnt=0 act_cnt_en=1 wei_cnt_en=1 act_pop_en=0 wei_pop_en=0 psm_start=0 shift_done=0 done=0 cscnt_q=0 pop_shim_q2=0 cdone_q=0 o_cswitch_done_val=0 o_cdone_val=0
[DEBUG IFMAP] read_count=11 mode=SAURIAcontext_id=0context_y_offset0 feeder_en=1 cnt_en=1 cnt_clear=0 base=0 addr_reg=0 x_cnt=0 y_cnt=0 ch_cnt=0 final_addr=0 incnt=0 limit=64 xlim=8 xstep=8 ylim=8 ystep=8 chlim=512 chstep=8
[DEBUG IFMAP] read_count=11 mode=SAURIAcontext_id=0context_y_offset0 feeder_en=1 cnt_en=1 cnt_clear=0 base=0 addr_reg=0 x_cnt=0 y_cnt=0 ch_cnt=0 final_addr=0 incnt=0 limit=64 xlim=8 xstep=8 ylim=8 ystep=8 chlim=512 chstep=8
[CTRL DEBUG] cycle=81861 state=5 start=0 incntlim=64 act_reps=1 wei_reps=1 ncontexts=1 context_cnt=0 act_cnt_en=1 wei_cnt_en=1 act_pop_en=0 wei_pop_en=0 psm_start=0 shift_done=0 done=0 cscnt_q=0 pop_shim_q2=0 cdone_q=0 o_cswitch_done_val=0 o_cdone_val=0
[CTRL DEBUG] cycle=81861 state=5 start=0 incntlim=64 act_reps=1 wei_reps=1 ncontexts=1 context_cnt=0 act_cnt_en=1 wei_cnt_en=1 act_pop_en=0 wei_pop_en=0 psm_start=0 shift_done=0 done=0 cscnt_q=0 pop_shim_q2=0 cdone_q=0 o_cswitch_done_val=0 o_cdone_val=0
[IFMAP DEMAND REQ] req=2 context=0 k=2 ch=2 ky=0 kx=0 start_abs_idx=16 first_word=2 last_word=2 req_word_addr=2 req_final_addr=2
[IFMAP WORD REQ] req=12 act_word_req_idx=0 final_addr=0 last_word=63
[DEBUG IFMAP] read_count=12 mode=SAURIAcontext_id=0context_y_offset0 feeder_en=1 cnt_en=1 cnt_clear=0 base=0 addr_reg=0 x_cnt=0 y_cnt=0 ch_cnt=0 final_addr=0 incnt=0 limit=64 xlim=8 xstep=8 ylim=8 ystep=8 chlim=512 chstep=8
[IFMAP STALL STATUS] context=0 emit_count=2 pop_count=0 effective_k=64 act_can_pop=1
[IFMAP DONE STATUS] context=0 emit_count=2 pop_count=0 limit=64 cfg_limit=64 done=0
[IFMAP DEMAND REQ] req=2 context=0 k=2 ch=2 ky=0 kx=0 start_abs_idx=16 first_word=2 last_word=2 req_word_addr=2 req_final_addr=2
[IFMAP WORD REQ] req=12 act_word_req_idx=0 final_addr=0 last_word=63
[DEBUG IFMAP] read_count=12 mode=SAURIAcontext_id=0context_y_offset0 feeder_en=1 cnt_en=1 cnt_clear=0 base=0 addr_reg=0 x_cnt=0 y_cnt=0 ch_cnt=0 final_addr=0 incnt=0 limit=64 xlim=8 xstep=8 ylim=8 ystep=8 chlim=512 chstep=8
[IFMAP STALL STATUS] context=0 emit_count=2 pop_count=0 effective_k=64 act_can_pop=1
[IFMAP DONE STATUS] context=0 emit_count=2 pop_count=0 limit=64 cfg_limit=64 done=0
[WEIGHT MEM WORD] count=6 word_addr=2 data=[-1, 0, 0, 0, 0, 0, 0, 0, 0, 0, 0, 0, -1, 0, -1, -1]
[WEIGHT FEED VEC] count=2 context=0 out_tile=0 k=2 flat_base_idx=32 feed_vec=[-1, 0, 0, 0, 0, 0, 0, 0, 0, 0, 0, 0, -1, 0, -1, -1]
[WEIGHT WORD REQ] req=12 word_addr=4 final_addr=4 total_words=64
[WEIGHT DONE STATUS] context=0 emit_count=3 pop_count=0 out_count=0 k_len=64 tail_limit=79 done=0
[WEIGHT MEM WORD] count=6 word_addr=2 data=[-1, 0, 0, 0, 0, 0, 0, 0, 0, 0, 0, 0, -1, 0, -1, -1]
[WEIGHT FEED VEC] count=2 context=0 out_tile=0 k=2 flat_base_idx=32 feed_vec=[-1, 0, 0, 0, 0, 0, 0, 0, 0, 0, 0, 0, -1, 0, -1, -1]
[WEIGHT WORD REQ] req=12 word_addr=4 final_addr=4 total_words=64
[WEIGHT DONE STATUS] context=0 emit_count=3 pop_count=0 out_count=0 k_len=64 tail_limit=79 done=0
[CTRL DEBUG] cycle=81861 state=5 start=0 incntlim=64 act_reps=1 wei_reps=1 ncontexts=1 context_cnt=0 act_cnt_en=1 wei_cnt_en=1 act_pop_en=0 wei_pop_en=0 psm_start=0 shift_done=0 done=0 cscnt_q=0 pop_shim_q2=0 cdone_q=0 o_cswitch_done_val=0 o_cdone_val=0
[CTRL DEBUG] cycle=81861 state=5 start=0 incntlim=64 act_reps=1 wei_reps=1 ncontexts=1 context_cnt=0 act_cnt_en=1 wei_cnt_en=1 act_pop_en=0 wei_pop_en=0 psm_start=0 shift_done=0 done=0 cscnt_q=0 pop_shim_q2=0 cdone_q=0 o_cswitch_done_val=0 o_cdone_val=0
[DEBUG IFMAP] read_count=13 mode=SAURIAcontext_id=0context_y_offset0 feeder_en=1 cnt_en=1 cnt_clear=0 base=0 addr_reg=0 x_cnt=0 y_cnt=0 ch_cnt=0 final_addr=0 incnt=0 limit=64 xlim=8 xstep=8 ylim=8 ystep=8 chlim=512 chstep=8
[DEBUG IFMAP] read_count=13 mode=SAURIAcontext_id=0context_y_offset0 feeder_en=1 cnt_en=1 cnt_clear=0 base=0 addr_reg=0 x_cnt=0 y_cnt=0 ch_cnt=0 final_addr=0 incnt=0 limit=64 xlim=8 xstep=8 ylim=8 ystep=8 chlim=512 chstep=8
[CTRL DEBUG] cycle=81861 state=5 start=0 incntlim=64 act_reps=1 wei_reps=1 ncontexts=1 context_cnt=0 act_cnt_en=1 wei_cnt_en=1 act_pop_en=0 wei_pop_en=0 psm_start=0 shift_done=0 done=0 cscnt_q=0 pop_shim_q2=0 cdone_q=0 o_cswitch_done_val=0 o_cdone_val=0
[CTRL DEBUG] cycle=81861 state=5 start=0 incntlim=64 act_reps=1 wei_reps=1 ncontexts=1 context_cnt=0 act_cnt_en=1 wei_cnt_en=1 act_pop_en=0 wei_pop_en=0 psm_start=0 shift_done=0 done=0 cscnt_q=0 pop_shim_q2=0 cdone_q=0 o_cswitch_done_val=0 o_cdone_val=0
[DEBUG IFMAP] read_count=14 mode=SAURIAcontext_id=0context_y_offset0 feeder_en=1 cnt_en=1 cnt_clear=0 base=0 addr_reg=0 x_cnt=0 y_cnt=0 ch_cnt=0 final_addr=0 incnt=0 limit=64 xlim=8 xstep=8 ylim=8 ystep=8 chlim=512 chstep=8
[DEBUG IFMAP] read_count=14 mode=SAURIAcontext_id=0context_y_offset0 feeder_en=1 cnt_en=1 cnt_clear=0 base=0 addr_reg=0 x_cnt=0 y_cnt=0 ch_cnt=0 final_addr=0 incnt=0 limit=64 xlim=8 xstep=8 ylim=8 ystep=8 chlim=512 chstep=8
[CTRL DEBUG] cycle=81862 state=5 start=0 incntlim=64 act_reps=1 wei_reps=1 ncontexts=1 context_cnt=0 act_cnt_en=1 wei_cnt_en=1 act_pop_en=0 wei_pop_en=0 psm_start=0 shift_done=0 done=0 cscnt_q=0 pop_shim_q2=0 cdone_q=0 o_cswitch_done_val=0 o_cdone_val=0
[CTRL DEBUG] cycle=81862 state=5 start=0 incntlim=64 act_reps=1 wei_reps=1 ncontexts=1 context_cnt=0 act_cnt_en=1 wei_cnt_en=1 act_pop_en=0 wei_pop_en=0 psm_start=0 shift_done=0 done=0 cscnt_q=0 pop_shim_q2=0 cdone_q=0 o_cswitch_done_val=0 o_cdone_val=0
[IFMAP WORD REQ] req=15 act_word_req_idx=0 final_addr=0 last_word=63
[DEBUG IFMAP] read_count=15 mode=SAURIAcontext_id=0context_y_offset0 feeder_en=1 cnt_en=1 cnt_clear=0 base=0 addr_reg=0 x_cnt=0 y_cnt=0 ch_cnt=0 final_addr=0 incnt=0 limit=64 xlim=8 xstep=8 ylim=8 ystep=8 chlim=512 chstep=8
[IFMAP STALL STATUS] context=0 emit_count=2 pop_count=0 effective_k=64 act_can_pop=1
[IFMAP DONE STATUS] context=0 emit_count=2 pop_count=0 limit=64 cfg_limit=64 done=0
[IFMAP WORD REQ] req=15 act_word_req_idx=0 final_addr=0 last_word=63
[DEBUG IFMAP] read_count=15 mode=SAURIAcontext_id=0context_y_offset0 feeder_en=1 cnt_en=1 cnt_clear=0 base=0 addr_reg=0 x_cnt=0 y_cnt=0 ch_cnt=0 final_addr=0 incnt=0 limit=64 xlim=8 xstep=8 ylim=8 ystep=8 chlim=512 chstep=8
[IFMAP STALL STATUS] context=0 emit_count=2 pop_count=0 effective_k=64 act_can_pop=1
[IFMAP DONE STATUS] context=0 emit_count=2 pop_count=0 limit=64 cfg_limit=64 done=0
[WEIGHT MEM WORD] count=9 word_addr=3 data=[0, 0, 1, 0, 1, 0, -1, 0, 0, 0, 2, 0, 0, 0, 0, 0]
[WEIGHT FEED VEC] count=3 context=0 out_tile=0 k=3 flat_base_idx=48 feed_vec=[0, 0, 1, 0, 1, 0, -1, 0, 0, 0, 2, 0, 0, 0, 0, 0]
[WEIGHT WORD REQ] req=15 word_addr=5 final_addr=5 total_words=64
[WEIGHT DONE STATUS] context=0 emit_count=4 pop_count=0 out_count=0 k_len=64 tail_limit=79 done=0
[WEIGHT MEM WORD] count=9 word_addr=3 data=[0, 0, 1, 0, 1, 0, -1, 0, 0, 0, 2, 0, 0, 0, 0, 0]
[WEIGHT FEED VEC] count=3 context=0 out_tile=0 k=3 flat_base_idx=48 feed_vec=[0, 0, 1, 0, 1, 0, -1, 0, 0, 0, 2, 0, 0, 0, 0, 0]
[WEIGHT WORD REQ] req=15 word_addr=5 final_addr=5 total_words=64
[WEIGHT DONE STATUS] context=0 emit_count=4 pop_count=0 out_count=0 k_len=64 tail_limit=79 done=0
[CTRL DEBUG] cycle=81862 state=5 start=0 incntlim=64 act_reps=1 wei_reps=1 ncontexts=1 context_cnt=0 act_cnt_en=1 wei_cnt_en=1 act_pop_en=0 wei_pop_en=0 psm_start=0 shift_done=0 done=0 cscnt_q=0 pop_shim_q2=0 cdone_q=0 o_cswitch_done_val=0 o_cdone_val=0
[CTRL DEBUG] cycle=81862 state=5 start=0 incntlim=64 act_reps=1 wei_reps=1 ncontexts=1 context_cnt=0 act_cnt_en=1 wei_cnt_en=1 act_pop_en=0 wei_pop_en=0 psm_start=0 shift_done=0 done=0 cscnt_q=0 pop_shim_q2=0 cdone_q=0 o_cswitch_done_val=0 o_cdone_val=0
[DEBUG IFMAP] read_count=16 mode=SAURIAcontext_id=0context_y_offset0 feeder_en=1 cnt_en=1 cnt_clear=0 base=0 addr_reg=0 x_cnt=0 y_cnt=0 ch_cnt=0 final_addr=0 incnt=0 limit=64 xlim=8 xstep=8 ylim=8 ystep=8 chlim=512 chstep=8
[DEBUG IFMAP] read_count=16 mode=SAURIAcontext_id=0context_y_offset0 feeder_en=1 cnt_en=1 cnt_clear=0 base=0 addr_reg=0 x_cnt=0 y_cnt=0 ch_cnt=0 final_addr=0 incnt=0 limit=64 xlim=8 xstep=8 ylim=8 ystep=8 chlim=512 chstep=8
[CTRL DEBUG] cycle=81862 state=5 start=0 incntlim=64 act_reps=1 wei_reps=1 ncontexts=1 context_cnt=0 act_cnt_en=1 wei_cnt_en=1 act_pop_en=0 wei_pop_en=0 psm_start=0 shift_done=0 done=0 cscnt_q=0 pop_shim_q2=0 cdone_q=0 o_cswitch_done_val=0 o_cdone_val=0
[CTRL DEBUG] cycle=81862 state=5 start=0 incntlim=64 act_reps=1 wei_reps=1 ncontexts=1 context_cnt=0 act_cnt_en=1 wei_cnt_en=1 act_pop_en=0 wei_pop_en=0 psm_start=0 shift_done=0 done=0 cscnt_q=0 pop_shim_q2=0 cdone_q=0 o_cswitch_done_val=0 o_cdone_val=0
[DEBUG IFMAP] read_count=17 mode=SAURIAcontext_id=0context_y_offset0 feeder_en=1 cnt_en=1 cnt_clear=0 base=0 addr_reg=0 x_cnt=0 y_cnt=0 ch_cnt=0 final_addr=0 incnt=0 limit=64 xlim=8 xstep=8 ylim=8 ystep=8 chlim=512 chstep=8
[DEBUG IFMAP] read_count=17 mode=SAURIAcontext_id=0context_y_offset0 feeder_en=1 cnt_en=1 cnt_clear=0 base=0 addr_reg=0 x_cnt=0 y_cnt=0 ch_cnt=0 final_addr=0 incnt=0 limit=64 xlim=8 xstep=8 ylim=8 ystep=8 chlim=512 chstep=8
[CTRL DEBUG] cycle=81863 state=5 start=0 incntlim=64 act_reps=1 wei_reps=1 ncontexts=1 context_cnt=0 act_cnt_en=1 wei_cnt_en=1 act_pop_en=0 wei_pop_en=0 psm_start=0 shift_done=0 done=0 cscnt_q=0 pop_shim_q2=0 cdone_q=0 o_cswitch_done_val=0 o_cdone_val=0
[CTRL DEBUG] cycle=81863 state=5 start=0 incntlim=64 act_reps=1 wei_reps=1 ncontexts=1 context_cnt=0 act_cnt_en=1 wei_cnt_en=1 act_pop_en=0 wei_pop_en=0 psm_start=0 shift_done=0 done=0 cscnt_q=0 pop_shim_q2=0 cdone_q=0 o_cswitch_done_val=0 o_cdone_val=0
[IFMAP DEMAND REQ] req=3 context=0 k=3 ch=3 ky=0 kx=0 start_abs_idx=24 first_word=3 last_word=3 req_word_addr=3 req_final_addr=3
[IFMAP WORD REQ] req=18 act_word_req_idx=0 final_addr=0 last_word=63
[DEBUG IFMAP] read_count=18 mode=SAURIAcontext_id=0context_y_offset0 feeder_en=1 cnt_en=1 cnt_clear=0 base=0 addr_reg=0 x_cnt=0 y_cnt=0 ch_cnt=0 final_addr=0 incnt=0 limit=64 xlim=8 xstep=8 ylim=8 ystep=8 chlim=512 chstep=8
[IFMAP STALL STATUS] context=0 emit_count=3 pop_count=0 effective_k=64 act_can_pop=1
[IFMAP DONE STATUS] context=0 emit_count=3 pop_count=0 limit=64 cfg_limit=64 done=0
[IFMAP DEMAND REQ] req=3 context=0 k=3 ch=3 ky=0 kx=0 start_abs_idx=24 first_word=3 last_word=3 req_word_addr=3 req_final_addr=3
[IFMAP WORD REQ] req=18 act_word_req_idx=0 final_addr=0 last_word=63
[DEBUG IFMAP] read_count=18 mode=SAURIAcontext_id=0context_y_offset0 feeder_en=1 cnt_en=1 cnt_clear=0 base=0 addr_reg=0 x_cnt=0 y_cnt=0 ch_cnt=0 final_addr=0 incnt=0 limit=64 xlim=8 xstep=8 ylim=8 ystep=8 chlim=512 chstep=8
[IFMAP STALL STATUS] context=0 emit_count=3 pop_count=0 effective_k=64 act_can_pop=1
[IFMAP DONE STATUS] context=0 emit_count=3 pop_count=0 limit=64 cfg_limit=64 done=0
[WEIGHT MEM WORD] count=12 word_addr=4 data=[0, 0, 0, 0, 0, 0, -1, 0, 0, 0, 0, 0, 0, 0, 1, 0]
[WEIGHT FEED VEC] count=4 context=0 out_tile=0 k=4 flat_base_idx=64 feed_vec=[0, 0, 0, 0, 0, 0, -1, 0, 0, 0, 0, 0, 0, 0, 1, 0]
[WEIGHT WORD REQ] req=18 word_addr=6 final_addr=6 total_words=64
[WEIGHT DONE STATUS] context=0 emit_count=5 pop_count=0 out_count=0 k_len=64 tail_limit=79 done=0
[WEIGHT MEM WORD] count=12 word_addr=4 data=[0, 0, 0, 0, 0, 0, -1, 0, 0, 0, 0, 0, 0, 0, 1, 0]
[WEIGHT FEED VEC] count=4 context=0 out_tile=0 k=4 flat_base_idx=64 feed_vec=[0, 0, 0, 0, 0, 0, -1, 0, 0, 0, 0, 0, 0, 0, 1, 0]
[WEIGHT WORD REQ] req=18 word_addr=6 final_addr=6 total_words=64
[WEIGHT DONE STATUS] context=0 emit_count=5 pop_count=0 out_count=0 k_len=64 tail_limit=79 done=0
[CTRL DEBUG] cycle=81863 state=5 start=0 incntlim=64 act_reps=1 wei_reps=1 ncontexts=1 context_cnt=0 act_cnt_en=1 wei_cnt_en=1 act_pop_en=0 wei_pop_en=0 psm_start=0 shift_done=0 done=0 cscnt_q=0 pop_shim_q2=0 cdone_q=0 o_cswitch_done_val=0 o_cdone_val=0
[CTRL DEBUG] cycle=81863 state=5 start=0 incntlim=64 act_reps=1 wei_reps=1 ncontexts=1 context_cnt=0 act_cnt_en=1 wei_cnt_en=1 act_pop_en=0 wei_pop_en=0 psm_start=0 shift_done=0 done=0 cscnt_q=0 pop_shim_q2=0 cdone_q=0 o_cswitch_done_val=0 o_cdone_val=0
[DEBUG IFMAP] read_count=19 mode=SAURIAcontext_id=0context_y_offset0 feeder_en=1 cnt_en=1 cnt_clear=0 base=0 addr_reg=0 x_cnt=0 y_cnt=0 ch_cnt=0 final_addr=0 incnt=0 limit=64 xlim=8 xstep=8 ylim=8 ystep=8 chlim=512 chstep=8
[DEBUG IFMAP] read_count=19 mode=SAURIAcontext_id=0context_y_offset0 feeder_en=1 cnt_en=1 cnt_clear=0 base=0 addr_reg=0 x_cnt=0 y_cnt=0 ch_cnt=0 final_addr=0 incnt=0 limit=64 xlim=8 xstep=8 ylim=8 ystep=8 chlim=512 chstep=8
[CTRL DEBUG] cycle=81863 state=5 start=0 incntlim=64 act_reps=1 wei_reps=1 ncontexts=1 context_cnt=0 act_cnt_en=1 wei_cnt_en=1 act_pop_en=0 wei_pop_en=0 psm_start=0 shift_done=0 done=0 cscnt_q=0 pop_shim_q2=0 cdone_q=0 o_cswitch_done_val=0 o_cdone_val=0
[CTRL DEBUG] cycle=81863 state=5 start=0 incntlim=64 act_reps=1 wei_reps=1 ncontexts=1 context_cnt=0 act_cnt_en=1 wei_cnt_en=1 act_pop_en=0 wei_pop_en=0 psm_start=0 shift_done=0 done=0 cscnt_q=0 pop_shim_q2=0 cdone_q=0 o_cswitch_done_val=0 o_cdone_val=0
[DEBUG IFMAP] read_count=20 mode=SAURIAcontext_id=0context_y_offset0 feeder_en=1 cnt_en=1 cnt_clear=0 base=0 addr_reg=0 x_cnt=0 y_cnt=0 ch_cnt=0 final_addr=0 incnt=0 limit=64 xlim=8 xstep=8 ylim=8 ystep=8 chlim=512 chstep=8
[DEBUG IFMAP] read_count=20 mode=SAURIAcontext_id=0context_y_offset0 feeder_en=1 cnt_en=1 cnt_clear=0 base=0 addr_reg=0 x_cnt=0 y_cnt=0 ch_cnt=0 final_addr=0 incnt=0 limit=64 xlim=8 xstep=8 ylim=8 ystep=8 chlim=512 chstep=8
[CTRL DEBUG] cycle=81864 state=5 start=0 incntlim=64 act_reps=1 wei_reps=1 ncontexts=1 context_cnt=0 act_cnt_en=1 wei_cnt_en=1 act_pop_en=0 wei_pop_en=0 psm_start=0 shift_done=0 done=0 cscnt_q=0 pop_shim_q2=0 cdone_q=0 o_cswitch_done_val=0 o_cdone_val=0
[CTRL DEBUG] cycle=81864 state=5 start=0 incntlim=64 act_reps=1 wei_reps=1 ncontexts=1 context_cnt=0 act_cnt_en=1 wei_cnt_en=1 act_pop_en=0 wei_pop_en=0 psm_start=0 shift_done=0 done=0 cscnt_q=0 pop_shim_q2=0 cdone_q=0 o_cswitch_done_val=0 o_cdone_val=0
[IFMAP WORD REQ] req=21 act_word_req_idx=0 final_addr=0 last_word=63
[DEBUG IFMAP] read_count=21 mode=SAURIAcontext_id=0context_y_offset0 feeder_en=1 cnt_en=1 cnt_clear=0 base=0 addr_reg=0 x_cnt=0 y_cnt=0 ch_cnt=0 final_addr=0 incnt=0 limit=64 xlim=8 xstep=8 ylim=8 ystep=8 chlim=512 chstep=8
[IFMAP STALL STATUS] context=0 emit_count=3 pop_count=0 effective_k=64 act_can_pop=1
[IFMAP DONE STATUS] context=0 emit_count=3 pop_count=0 limit=64 cfg_limit=64 done=0
[IFMAP WORD REQ] req=21 act_word_req_idx=0 final_addr=0 last_word=63
[DEBUG IFMAP] read_count=21 mode=SAURIAcontext_id=0context_y_offset0 feeder_en=1 cnt_en=1 cnt_clear=0 base=0 addr_reg=0 x_cnt=0 y_cnt=0 ch_cnt=0 final_addr=0 incnt=0 limit=64 xlim=8 xstep=8 ylim=8 ystep=8 chlim=512 chstep=8
[IFMAP STALL STATUS] context=0 emit_count=3 pop_count=0 effective_k=64 act_can_pop=1
[IFMAP DONE STATUS] context=0 emit_count=3 pop_count=0 limit=64 cfg_limit=64 done=0
[WEIGHT MEM WORD] count=15 word_addr=5 data=[0, 0, 0, 1, 0, 0, 0, -1, 0, 0, 0, 0, -1, 1, -1, 0]
[WEIGHT FEED VEC] count=5 context=0 out_tile=0 k=5 flat_base_idx=80 feed_vec=[0, 0, 0, 1, 0, 0, 0, -1, 0, 0, 0, 0, -1, 1, -1, 0]
[WEIGHT WORD REQ] req=21 word_addr=7 final_addr=7 total_words=64
[WEIGHT DONE STATUS] context=0 emit_count=6 pop_count=0 out_count=0 k_len=64 tail_limit=79 done=0
[WEIGHT MEM WORD] count=15 word_addr=5 data=[0, 0, 0, 1, 0, 0, 0, -1, 0, 0, 0, 0, -1, 1, -1, 0]
[WEIGHT FEED VEC] count=5 context=0 out_tile=0 k=5 flat_base_idx=80 feed_vec=[0, 0, 0, 1, 0, 0, 0, -1, 0, 0, 0, 0, -1, 1, -1, 0]
[WEIGHT WORD REQ] req=21 word_addr=7 final_addr=7 total_words=64
[WEIGHT DONE STATUS] context=0 emit_count=6 pop_count=0 out_count=0 k_len=64 tail_limit=79 done=0
[CTRL DEBUG] cycle=81864 state=5 start=0 incntlim=64 act_reps=1 wei_reps=1 ncontexts=1 context_cnt=0 act_cnt_en=1 wei_cnt_en=1 act_pop_en=0 wei_pop_en=0 psm_start=0 shift_done=0 done=0 cscnt_q=0 pop_shim_q2=0 cdone_q=0 o_cswitch_done_val=0 o_cdone_val=0
[CTRL DEBUG] cycle=81864 state=5 start=0 incntlim=64 act_reps=1 wei_reps=1 ncontexts=1 context_cnt=0 act_cnt_en=1 wei_cnt_en=1 act_pop_en=0 wei_pop_en=0 psm_start=0 shift_done=0 done=0 cscnt_q=0 pop_shim_q2=0 cdone_q=0 o_cswitch_done_val=0 o_cdone_val=0
[DEBUG IFMAP] read_count=22 mode=SAURIAcontext_id=0context_y_offset0 feeder_en=1 cnt_en=1 cnt_clear=0 base=0 addr_reg=0 x_cnt=0 y_cnt=0 ch_cnt=0 final_addr=0 incnt=0 limit=64 xlim=8 xstep=8 ylim=8 ystep=8 chlim=512 chstep=8
[DEBUG IFMAP] read_count=22 mode=SAURIAcontext_id=0context_y_offset0 feeder_en=1 cnt_en=1 cnt_clear=0 base=0 addr_reg=0 x_cnt=0 y_cnt=0 ch_cnt=0 final_addr=0 incnt=0 limit=64 xlim=8 xstep=8 ylim=8 ystep=8 chlim=512 chstep=8
[CTRL DEBUG] cycle=81864 state=5 start=0 incntlim=64 act_reps=1 wei_reps=1 ncontexts=1 context_cnt=0 act_cnt_en=1 wei_cnt_en=1 act_pop_en=0 wei_pop_en=0 psm_start=0 shift_done=0 done=0 cscnt_q=0 pop_shim_q2=0 cdone_q=0 o_cswitch_done_val=0 o_cdone_val=0
[CTRL DEBUG] cycle=81864 state=5 start=0 incntlim=64 act_reps=1 wei_reps=1 ncontexts=1 context_cnt=0 act_cnt_en=1 wei_cnt_en=1 act_pop_en=0 wei_pop_en=0 psm_start=0 shift_done=0 done=0 cscnt_q=0 pop_shim_q2=0 cdone_q=0 o_cswitch_done_val=0 o_cdone_val=0
[DEBUG IFMAP] read_count=23 mode=SAURIAcontext_id=0context_y_offset0 feeder_en=1 cnt_en=1 cnt_clear=0 base=0 addr_reg=0 x_cnt=0 y_cnt=0 ch_cnt=0 final_addr=0 incnt=0 limit=64 xlim=8 xstep=8 ylim=8 ystep=8 chlim=512 chstep=8
[DEBUG IFMAP] read_count=23 mode=SAURIAcontext_id=0context_y_offset0 feeder_en=1 cnt_en=1 cnt_clear=0 base=0 addr_reg=0 x_cnt=0 y_cnt=0 ch_cnt=0 final_addr=0 incnt=0 limit=64 xlim=8 xstep=8 ylim=8 ystep=8 chlim=512 chstep=8
[CTRL DEBUG] cycle=81865 state=5 start=0 incntlim=64 act_reps=1 wei_reps=1 ncontexts=1 context_cnt=0 act_cnt_en=1 wei_cnt_en=1 act_pop_en=0 wei_pop_en=0 psm_start=0 shift_done=0 done=0 cscnt_q=0 pop_shim_q2=0 cdone_q=0 o_cswitch_done_val=0 o_cdone_val=0
[CTRL DEBUG] cycle=81865 state=5 start=0 incntlim=64 act_reps=1 wei_reps=1 ncontexts=1 context_cnt=0 act_cnt_en=1 wei_cnt_en=1 act_pop_en=0 wei_pop_en=0 psm_start=0 shift_done=0 done=0 cscnt_q=0 pop_shim_q2=0 cdone_q=0 o_cswitch_done_val=0 o_cdone_val=0
[IFMAP DEMAND REQ] req=4 context=0 k=4 ch=4 ky=0 kx=0 start_abs_idx=32 first_word=4 last_word=4 req_word_addr=4 req_final_addr=4
[IFMAP WORD REQ] req=24 act_word_req_idx=0 final_addr=0 last_word=63
[DEBUG IFMAP] read_count=24 mode=SAURIAcontext_id=0context_y_offset0 feeder_en=1 cnt_en=1 cnt_clear=0 base=0 addr_reg=0 x_cnt=0 y_cnt=0 ch_cnt=0 final_addr=0 incnt=0 limit=64 xlim=8 xstep=8 ylim=8 ystep=8 chlim=512 chstep=8
[IFMAP STALL STATUS] context=0 emit_count=4 pop_count=0 effective_k=64 act_can_pop=1
[IFMAP DONE STATUS] context=0 emit_count=4 pop_count=0 limit=64 cfg_limit=64 done=0
[IFMAP DEMAND REQ] req=4 context=0 k=4 ch=4 ky=0 kx=0 start_abs_idx=32 first_word=4 last_word=4 req_word_addr=4 req_final_addr=4
[IFMAP WORD REQ] req=24 act_word_req_idx=0 final_addr=0 last_word=63
[DEBUG IFMAP] read_count=24 mode=SAURIAcontext_id=0context_y_offset0 feeder_en=1 cnt_en=1 cnt_clear=0 base=0 addr_reg=0 x_cnt=0 y_cnt=0 ch_cnt=0 final_addr=0 incnt=0 limit=64 xlim=8 xstep=8 ylim=8 ystep=8 chlim=512 chstep=8
[IFMAP STALL STATUS] context=0 emit_count=4 pop_count=0 effective_k=64 act_can_pop=1
[IFMAP DONE STATUS] context=0 emit_count=4 pop_count=0 limit=64 cfg_limit=64 done=0
[WEIGHT MEM WORD] count=18 word_addr=6 data=[1, 0, 2, -1, 0, -1, -1, 0, -2, 0, 0, -1, -1, 0, 0, 0]
[WEIGHT FEED VEC] count=6 context=0 out_tile=0 k=6 flat_base_idx=96 feed_vec=[1, 0, 2, -1, 0, -1, -1, 0, -2, 0, 0, -1, -1, 0, 0, 0]
[WEIGHT WORD REQ] req=24 word_addr=8 final_addr=8 total_words=64
[WEIGHT DONE STATUS] context=0 emit_count=7 pop_count=0 out_count=0 k_len=64 tail_limit=79 done=0
[WEIGHT MEM WORD] count=18 word_addr=6 data=[1, 0, 2, -1, 0, -1, -1, 0, -2, 0, 0, -1, -1, 0, 0, 0]
[WEIGHT FEED VEC] count=6 context=0 out_tile=0 k=6 flat_base_idx=96 feed_vec=[1, 0, 2, -1, 0, -1, -1, 0, -2, 0, 0, -1, -1, 0, 0, 0]
[WEIGHT WORD REQ] req=24 word_addr=8 final_addr=8 total_words=64
[WEIGHT DONE STATUS] context=0 emit_count=7 pop_count=0 out_count=0 k_len=64 tail_limit=79 done=0
[CTRL DEBUG] cycle=81865 state=5 start=0 incntlim=64 act_reps=1 wei_reps=1 ncontexts=1 context_cnt=0 act_cnt_en=1 wei_cnt_en=1 act_pop_en=0 wei_pop_en=0 psm_start=0 shift_done=0 done=0 cscnt_q=0 pop_shim_q2=0 cdone_q=0 o_cswitch_done_val=0 o_cdone_val=0
[CTRL DEBUG] cycle=81865 state=5 start=0 incntlim=64 act_reps=1 wei_reps=1 ncontexts=1 context_cnt=0 act_cnt_en=1 wei_cnt_en=1 act_pop_en=0 wei_pop_en=0 psm_start=0 shift_done=0 done=0 cscnt_q=0 pop_shim_q2=0 cdone_q=0 o_cswitch_done_val=0 o_cdone_val=0
[DEBUG IFMAP] read_count=25 mode=SAURIAcontext_id=0context_y_offset0 feeder_en=1 cnt_en=1 cnt_clear=0 base=0 addr_reg=0 x_cnt=0 y_cnt=0 ch_cnt=0 final_addr=0 incnt=0 limit=64 xlim=8 xstep=8 ylim=8 ystep=8 chlim=512 chstep=8
[DEBUG IFMAP] read_count=25 mode=SAURIAcontext_id=0context_y_offset0 feeder_en=1 cnt_en=1 cnt_clear=0 base=0 addr_reg=0 x_cnt=0 y_cnt=0 ch_cnt=0 final_addr=0 incnt=0 limit=64 xlim=8 xstep=8 ylim=8 ystep=8 chlim=512 chstep=8
[CTRL DEBUG] cycle=81865 state=5 start=0 incntlim=64 act_reps=1 wei_reps=1 ncontexts=1 context_cnt=0 act_cnt_en=1 wei_cnt_en=1 act_pop_en=0 wei_pop_en=0 psm_start=0 shift_done=0 done=0 cscnt_q=0 pop_shim_q2=0 cdone_q=0 o_cswitch_done_val=0 o_cdone_val=0
[CTRL DEBUG] cycle=81865 state=5 start=0 incntlim=64 act_reps=1 wei_reps=1 ncontexts=1 context_cnt=0 act_cnt_en=1 wei_cnt_en=1 act_pop_en=0 wei_pop_en=0 psm_start=0 shift_done=0 done=0 cscnt_q=0 pop_shim_q2=0 cdone_q=0 o_cswitch_done_val=0 o_cdone_val=0
[DEBUG IFMAP] read_count=26 mode=SAURIAcontext_id=0context_y_offset0 feeder_en=1 cnt_en=1 cnt_clear=0 base=0 addr_reg=0 x_cnt=0 y_cnt=0 ch_cnt=0 final_addr=0 incnt=0 limit=64 xlim=8 xstep=8 ylim=8 ystep=8 chlim=512 chstep=8
[DEBUG IFMAP] read_count=26 mode=SAURIAcontext_id=0context_y_offset0 feeder_en=1 cnt_en=1 cnt_clear=0 base=0 addr_reg=0 x_cnt=0 y_cnt=0 ch_cnt=0 final_addr=0 incnt=0 limit=64 xlim=8 xstep=8 ylim=8 ystep=8 chlim=512 chstep=8
[CTRL DEBUG] cycle=81866 state=5 start=0 incntlim=64 act_reps=1 wei_reps=1 ncontexts=1 context_cnt=0 act_cnt_en=1 wei_cnt_en=1 act_pop_en=0 wei_pop_en=0 psm_start=0 shift_done=0 done=0 cscnt_q=0 pop_shim_q2=0 cdone_q=0 o_cswitch_done_val=0 o_cdone_val=0
[CTRL DEBUG] cycle=81866 state=5 start=0 incntlim=64 act_reps=1 wei_reps=1 ncontexts=1 context_cnt=0 act_cnt_en=1 wei_cnt_en=1 act_pop_en=0 wei_pop_en=0 psm_start=0 shift_done=0 done=0 cscnt_q=0 pop_shim_q2=0 cdone_q=0 o_cswitch_done_val=0 o_cdone_val=0
[IFMAP WORD REQ] req=27 act_word_req_idx=0 final_addr=0 last_word=63
[DEBUG IFMAP] read_count=27 mode=SAURIAcontext_id=0context_y_offset0 feeder_en=1 cnt_en=1 cnt_clear=0 base=0 addr_reg=0 x_cnt=0 y_cnt=0 ch_cnt=0 final_addr=0 incnt=0 limit=64 xlim=8 xstep=8 ylim=8 ystep=8 chlim=512 chstep=8
[IFMAP STALL STATUS] context=0 emit_count=4 pop_count=0 effective_k=64 act_can_pop=1
[IFMAP DONE STATUS] context=0 emit_count=4 pop_count=0 limit=64 cfg_limit=64 done=0
[IFMAP WORD REQ] req=27 act_word_req_idx=0 final_addr=0 last_word=63
[DEBUG IFMAP] read_count=27 mode=SAURIAcontext_id=0context_y_offset0 feeder_en=1 cnt_en=1 cnt_clear=0 base=0 addr_reg=0 x_cnt=0 y_cnt=0 ch_cnt=0 final_addr=0 incnt=0 limit=64 xlim=8 xstep=8 ylim=8 ystep=8 chlim=512 chstep=8
[IFMAP STALL STATUS] context=0 emit_count=4 pop_count=0 effective_k=64 act_can_pop=1
[IFMAP DONE STATUS] context=0 emit_count=4 pop_count=0 limit=64 cfg_limit=64 done=0
[WEIGHT MEM WORD] count=21 word_addr=7 data=[0, 2, 0, 0, 1, 0, 0, 0, -1, 0, -1, 0, 0, 1, 0, 0]
[WEIGHT FEED VEC] count=7 context=0 out_tile=0 k=7 flat_base_idx=112 feed_vec=[0, 2, 0, 0, 1, 0, 0, 0, -1, 0, -1, 0, 0, 1, 0, 0]
[WEIGHT WORD REQ] req=27 word_addr=9 final_addr=9 total_words=64
[WEIGHT DONE STATUS] context=0 emit_count=8 pop_count=0 out_count=0 k_len=64 tail_limit=79 done=0
[WEIGHT MEM WORD] count=21 word_addr=7 data=[0, 2, 0, 0, 1, 0, 0, 0, -1, 0, -1, 0, 0, 1, 0, 0]
[WEIGHT FEED VEC] count=7 context=0 out_tile=0 k=7 flat_base_idx=112 feed_vec=[0, 2, 0, 0, 1, 0, 0, 0, -1, 0, -1, 0, 0, 1, 0, 0]
[WEIGHT WORD REQ] req=27 word_addr=9 final_addr=9 total_words=64
[WEIGHT DONE STATUS] context=0 emit_count=8 pop_count=0 out_count=0 k_len=64 tail_limit=79 done=0
[CTRL DEBUG] cycle=81866 state=5 start=0 incntlim=64 act_reps=1 wei_reps=1 ncontexts=1 context_cnt=0 act_cnt_en=1 wei_cnt_en=1 act_pop_en=0 wei_pop_en=0 psm_start=0 shift_done=0 done=0 cscnt_q=0 pop_shim_q2=0 cdone_q=0 o_cswitch_done_val=0 o_cdone_val=0
[CTRL DEBUG] cycle=81866 state=5 start=0 incntlim=64 act_reps=1 wei_reps=1 ncontexts=1 context_cnt=0 act_cnt_en=1 wei_cnt_en=1 act_pop_en=0 wei_pop_en=0 psm_start=0 shift_done=0 done=0 cscnt_q=0 pop_shim_q2=0 cdone_q=0 o_cswitch_done_val=0 o_cdone_val=0
[DEBUG IFMAP] read_count=28 mode=SAURIAcontext_id=0context_y_offset0 feeder_en=1 cnt_en=1 cnt_clear=0 base=0 addr_reg=0 x_cnt=0 y_cnt=0 ch_cnt=0 final_addr=0 incnt=0 limit=64 xlim=8 xstep=8 ylim=8 ystep=8 chlim=512 chstep=8
[DEBUG IFMAP] read_count=28 mode=SAURIAcontext_id=0context_y_offset0 feeder_en=1 cnt_en=1 cnt_clear=0 base=0 addr_reg=0 x_cnt=0 y_cnt=0 ch_cnt=0 final_addr=0 incnt=0 limit=64 xlim=8 xstep=8 ylim=8 ystep=8 chlim=512 chstep=8
[CTRL DEBUG] cycle=81866 state=5 start=0 incntlim=64 act_reps=1 wei_reps=1 ncontexts=1 context_cnt=0 act_cnt_en=1 wei_cnt_en=1 act_pop_en=0 wei_pop_en=0 psm_start=0 shift_done=0 done=0 cscnt_q=0 pop_shim_q2=0 cdone_q=0 o_cswitch_done_val=0 o_cdone_val=0
[CTRL DEBUG] cycle=81866 state=5 start=0 incntlim=64 act_reps=1 wei_reps=1 ncontexts=1 context_cnt=0 act_cnt_en=1 wei_cnt_en=1 act_pop_en=0 wei_pop_en=0 psm_start=0 shift_done=0 done=0 cscnt_q=0 pop_shim_q2=0 cdone_q=0 o_cswitch_done_val=0 o_cdone_val=0
[DEBUG IFMAP] read_count=29 mode=SAURIAcontext_id=0context_y_offset0 feeder_en=1 cnt_en=1 cnt_clear=0 base=0 addr_reg=0 x_cnt=0 y_cnt=0 ch_cnt=0 final_addr=0 incnt=0 limit=64 xlim=8 xstep=8 ylim=8 ystep=8 chlim=512 chstep=8
[DEBUG IFMAP] read_count=29 mode=SAURIAcontext_id=0context_y_offset0 feeder_en=1 cnt_en=1 cnt_clear=0 base=0 addr_reg=0 x_cnt=0 y_cnt=0 ch_cnt=0 final_addr=0 incnt=0 limit=64 xlim=8 xstep=8 ylim=8 ystep=8 chlim=512 chstep=8
[CTRL DEBUG] cycle=81867 state=5 start=0 incntlim=64 act_reps=1 wei_reps=1 ncontexts=1 context_cnt=0 act_cnt_en=1 wei_cnt_en=1 act_pop_en=0 wei_pop_en=0 psm_start=0 shift_done=0 done=0 cscnt_q=0 pop_shim_q2=0 cdone_q=0 o_cswitch_done_val=0 o_cdone_val=0
[CTRL DEBUG] cycle=81867 state=5 start=0 incntlim=64 act_reps=1 wei_reps=1 ncontexts=1 context_cnt=0 act_cnt_en=1 wei_cnt_en=1 act_pop_en=0 wei_pop_en=0 psm_start=0 shift_done=0 done=0 cscnt_q=0 pop_shim_q2=0 cdone_q=0 o_cswitch_done_val=0 o_cdone_val=0
[IFMAP DEMAND REQ] req=5 context=0 k=5 ch=5 ky=0 kx=0 start_abs_idx=40 first_word=5 last_word=5 req_word_addr=5 req_final_addr=5
[IFMAP WORD REQ] req=30 act_word_req_idx=0 final_addr=0 last_word=63
[DEBUG IFMAP] read_count=30 mode=SAURIAcontext_id=0context_y_offset0 feeder_en=1 cnt_en=1 cnt_clear=0 base=0 addr_reg=0 x_cnt=0 y_cnt=0 ch_cnt=0 final_addr=0 incnt=0 limit=64 xlim=8 xstep=8 ylim=8 ystep=8 chlim=512 chstep=8
[IFMAP STALL STATUS] context=0 emit_count=5 pop_count=0 effective_k=64 act_can_pop=1
[IFMAP DONE STATUS] context=0 emit_count=5 pop_count=0 limit=64 cfg_limit=64 done=0
[IFMAP DEMAND REQ] req=5 context=0 k=5 ch=5 ky=0 kx=0 start_abs_idx=40 first_word=5 last_word=5 req_word_addr=5 req_final_addr=5
[IFMAP WORD REQ] req=30 act_word_req_idx=0 final_addr=0 last_word=63
[DEBUG IFMAP] read_count=30 mode=SAURIAcontext_id=0context_y_offset0 feeder_en=1 cnt_en=1 cnt_clear=0 base=0 addr_reg=0 x_cnt=0 y_cnt=0 ch_cnt=0 final_addr=0 incnt=0 limit=64 xlim=8 xstep=8 ylim=8 ystep=8 chlim=512 chstep=8
[IFMAP STALL STATUS] context=0 emit_count=5 pop_count=0 effective_k=64 act_can_pop=1
[IFMAP DONE STATUS] context=0 emit_count=5 pop_count=0 limit=64 cfg_limit=64 done=0
[WEIGHT MEM WORD] count=24 word_addr=8 data=[-2, 0, 0, 0, 1, 0, 0, 0, 0, 0, -1, 0, 0, 1, 0, 0]
[WEIGHT FEED VEC] count=8 context=0 out_tile=0 k=8 flat_base_idx=128 feed_vec=[-2, 0, 0, 0, 1, 0, 0, 0, 0, 0, -1, 0, 0, 1, 0, 0]
[WEIGHT WORD REQ] req=30 word_addr=10 final_addr=10 total_words=64
[WEIGHT DONE STATUS] context=0 emit_count=9 pop_count=0 out_count=0 k_len=64 tail_limit=79 done=0
[WEIGHT MEM WORD] count=24 word_addr=8 data=[-2, 0, 0, 0, 1, 0, 0, 0, 0, 0, -1, 0, 0, 1, 0, 0]
[WEIGHT FEED VEC] count=8 context=0 out_tile=0 k=8 flat_base_idx=128 feed_vec=[-2, 0, 0, 0, 1, 0, 0, 0, 0, 0, -1, 0, 0, 1, 0, 0]
[WEIGHT WORD REQ] req=30 word_addr=10 final_addr=10 total_words=64
[WEIGHT DONE STATUS] context=0 emit_count=9 pop_count=0 out_count=0 k_len=64 tail_limit=79 done=0
[CTRL DEBUG] cycle=81867 state=5 start=0 incntlim=64 act_reps=1 wei_reps=1 ncontexts=1 context_cnt=0 act_cnt_en=1 wei_cnt_en=1 act_pop_en=0 wei_pop_en=0 psm_start=0 shift_done=0 done=0 cscnt_q=0 pop_shim_q2=0 cdone_q=0 o_cswitch_done_val=0 o_cdone_val=0
[CTRL DEBUG] cycle=81867 state=5 start=0 incntlim=64 act_reps=1 wei_reps=1 ncontexts=1 context_cnt=0 act_cnt_en=1 wei_cnt_en=1 act_pop_en=0 wei_pop_en=0 psm_start=0 shift_done=0 done=0 cscnt_q=0 pop_shim_q2=0 cdone_q=0 o_cswitch_done_val=0 o_cdone_val=0
[DEBUG IFMAP] read_count=31 mode=SAURIAcontext_id=0context_y_offset0 feeder_en=1 cnt_en=1 cnt_clear=0 base=0 addr_reg=0 x_cnt=0 y_cnt=0 ch_cnt=0 final_addr=0 incnt=0 limit=64 xlim=8 xstep=8 ylim=8 ystep=8 chlim=512 chstep=8
[DEBUG IFMAP] read_count=31 mode=SAURIAcontext_id=0context_y_offset0 feeder_en=1 cnt_en=1 cnt_clear=0 base=0 addr_reg=0 x_cnt=0 y_cnt=0 ch_cnt=0 final_addr=0 incnt=0 limit=64 xlim=8 xstep=8 ylim=8 ystep=8 chlim=512 chstep=8
[CTRL DEBUG] cycle=81867 state=5 start=0 incntlim=64 act_reps=1 wei_reps=1 ncontexts=1 context_cnt=0 act_cnt_en=1 wei_cnt_en=1 act_pop_en=0 wei_pop_en=0 psm_start=0 shift_done=0 done=0 cscnt_q=0 pop_shim_q2=0 cdone_q=0 o_cswitch_done_val=0 o_cdone_val=0
[CTRL DEBUG] cycle=81867 state=5 start=0 incntlim=64 act_reps=1 wei_reps=1 ncontexts=1 context_cnt=0 act_cnt_en=1 wei_cnt_en=1 act_pop_en=0 wei_pop_en=0 psm_start=0 shift_done=0 done=0 cscnt_q=0 pop_shim_q2=0 cdone_q=0 o_cswitch_done_val=0 o_cdone_val=0
[DEBUG IFMAP] read_count=32 mode=SAURIAcontext_id=0context_y_offset0 feeder_en=1 cnt_en=1 cnt_clear=0 base=0 addr_reg=0 x_cnt=0 y_cnt=0 ch_cnt=0 final_addr=0 incnt=0 limit=64 xlim=8 xstep=8 ylim=8 ystep=8 chlim=512 chstep=8
[DEBUG IFMAP] read_count=32 mode=SAURIAcontext_id=0context_y_offset0 feeder_en=1 cnt_en=1 cnt_clear=0 base=0 addr_reg=0 x_cnt=0 y_cnt=0 ch_cnt=0 final_addr=0 incnt=0 limit=64 xlim=8 xstep=8 ylim=8 ystep=8 chlim=512 chstep=8
[CTRL DEBUG] cycle=81868 state=5 start=0 incntlim=64 act_reps=1 wei_reps=1 ncontexts=1 context_cnt=0 act_cnt_en=1 wei_cnt_en=1 act_pop_en=0 wei_pop_en=0 psm_start=0 shift_done=0 done=0 cscnt_q=0 pop_shim_q2=0 cdone_q=0 o_cswitch_done_val=0 o_cdone_val=0
[CTRL DEBUG] cycle=81868 state=5 start=0 incntlim=64 act_reps=1 wei_reps=1 ncontexts=1 context_cnt=0 act_cnt_en=1 wei_cnt_en=1 act_pop_en=0 wei_pop_en=0 psm_start=0 shift_done=0 done=0 cscnt_q=0 pop_shim_q2=0 cdone_q=0 o_cswitch_done_val=0 o_cdone_val=0
[DEBUG IFMAP] read_count=33 mode=SAURIAcontext_id=0context_y_offset0 feeder_en=1 cnt_en=1 cnt_clear=0 base=0 addr_reg=0 x_cnt=0 y_cnt=0 ch_cnt=0 final_addr=0 incnt=0 limit=64 xlim=8 xstep=8 ylim=8 ystep=8 chlim=512 chstep=8
[IFMAP STALL STATUS] context=0 emit_count=5 pop_count=0 effective_k=64 act_can_pop=1
[IFMAP DONE STATUS] context=0 emit_count=5 pop_count=0 limit=64 cfg_limit=64 done=0
[DEBUG IFMAP] read_count=33 mode=SAURIAcontext_id=0context_y_offset0 feeder_en=1 cnt_en=1 cnt_clear=0 base=0 addr_reg=0 x_cnt=0 y_cnt=0 ch_cnt=0 final_addr=0 incnt=0 limit=64 xlim=8 xstep=8 ylim=8 ystep=8 chlim=512 chstep=8
[IFMAP STALL STATUS] context=0 emit_count=5 pop_count=0 effective_k=64 act_can_pop=1
[IFMAP DONE STATUS] context=0 emit_count=5 pop_count=0 limit=64 cfg_limit=64 done=0
[WEIGHT MEM WORD] count=27 word_addr=9 data=[0, 0, 0, -1, 0, -1, 1, 0, -1, 2, 0, 0, 0, 0, 0, 0]
[WEIGHT FEED VEC] count=9 context=0 out_tile=0 k=9 flat_base_idx=144 feed_vec=[0, 0, 0, -1, 0, -1, 1, 0, -1, 2, 0, 0, 0, 0, 0, 0]
[WEIGHT WORD REQ] req=33 word_addr=11 final_addr=11 total_words=64
[WEIGHT DONE STATUS] context=0 emit_count=10 pop_count=0 out_count=0 k_len=64 tail_limit=79 done=0
[WEIGHT MEM WORD] count=27 word_addr=9 data=[0, 0, 0, -1, 0, -1, 1, 0, -1, 2, 0, 0, 0, 0, 0, 0]
[WEIGHT FEED VEC] count=9 context=0 out_tile=0 k=9 flat_base_idx=144 feed_vec=[0, 0, 0, -1, 0, -1, 1, 0, -1, 2, 0, 0, 0, 0, 0, 0]
[WEIGHT WORD REQ] req=33 word_addr=11 final_addr=11 total_words=64
[WEIGHT DONE STATUS] context=0 emit_count=10 pop_count=0 out_count=0 k_len=64 tail_limit=79 done=0
[CTRL DEBUG] cycle=81868 state=5 start=0 incntlim=64 act_reps=1 wei_reps=1 ncontexts=1 context_cnt=0 act_cnt_en=1 wei_cnt_en=1 act_pop_en=0 wei_pop_en=0 psm_start=0 shift_done=0 done=0 cscnt_q=0 pop_shim_q2=0 cdone_q=0 o_cswitch_done_val=0 o_cdone_val=0
[CTRL DEBUG] cycle=81868 state=5 start=0 incntlim=64 act_reps=1 wei_reps=1 ncontexts=1 context_cnt=0 act_cnt_en=1 wei_cnt_en=1 act_pop_en=0 wei_pop_en=0 psm_start=0 shift_done=0 done=0 cscnt_q=0 pop_shim_q2=0 cdone_q=0 o_cswitch_done_val=0 o_cdone_val=0
[DEBUG IFMAP] read_count=34 mode=SAURIAcontext_id=0context_y_offset0 feeder_en=1 cnt_en=1 cnt_clear=0 base=0 addr_reg=0 x_cnt=0 y_cnt=0 ch_cnt=0 final_addr=0 incnt=0 limit=64 xlim=8 xstep=8 ylim=8 ystep=8 chlim=512 chstep=8
[DEBUG IFMAP] read_count=34 mode=SAURIAcontext_id=0context_y_offset0 feeder_en=1 cnt_en=1 cnt_clear=0 base=0 addr_reg=0 x_cnt=0 y_cnt=0 ch_cnt=0 final_addr=0 incnt=0 limit=64 xlim=8 xstep=8 ylim=8 ystep=8 chlim=512 chstep=8
[CTRL DEBUG] cycle=81868 state=5 start=0 incntlim=64 act_reps=1 wei_reps=1 ncontexts=1 context_cnt=0 act_cnt_en=1 wei_cnt_en=1 act_pop_en=0 wei_pop_en=0 psm_start=0 shift_done=0 done=0 cscnt_q=0 pop_shim_q2=0 cdone_q=0 o_cswitch_done_val=0 o_cdone_val=0
[CTRL DEBUG] cycle=81868 state=5 start=0 incntlim=64 act_reps=1 wei_reps=1 ncontexts=1 context_cnt=0 act_cnt_en=1 wei_cnt_en=1 act_pop_en=0 wei_pop_en=0 psm_start=0 shift_done=0 done=0 cscnt_q=0 pop_shim_q2=0 cdone_q=0 o_cswitch_done_val=0 o_cdone_val=0
[DEBUG IFMAP] read_count=35 mode=SAURIAcontext_id=0context_y_offset0 feeder_en=1 cnt_en=1 cnt_clear=0 base=0 addr_reg=0 x_cnt=0 y_cnt=0 ch_cnt=0 final_addr=0 incnt=0 limit=64 xlim=8 xstep=8 ylim=8 ystep=8 chlim=512 chstep=8
[DEBUG IFMAP] read_count=35 mode=SAURIAcontext_id=0context_y_offset0 feeder_en=1 cnt_en=1 cnt_clear=0 base=0 addr_reg=0 x_cnt=0 y_cnt=0 ch_cnt=0 final_addr=0 incnt=0 limit=64 xlim=8 xstep=8 ylim=8 ystep=8 chlim=512 chstep=8
[CTRL DEBUG] cycle=81869 state=5 start=0 incntlim=64 act_reps=1 wei_reps=1 ncontexts=1 context_cnt=0 act_cnt_en=1 wei_cnt_en=1 act_pop_en=0 wei_pop_en=0 psm_start=0 shift_done=0 done=0 cscnt_q=0 pop_shim_q2=0 cdone_q=0 o_cswitch_done_val=0 o_cdone_val=0
[CTRL DEBUG] cycle=81869 state=5 start=0 incntlim=64 act_reps=1 wei_reps=1 ncontexts=1 context_cnt=0 act_cnt_en=1 wei_cnt_en=1 act_pop_en=0 wei_pop_en=0 psm_start=0 shift_done=0 done=0 cscnt_q=0 pop_shim_q2=0 cdone_q=0 o_cswitch_done_val=0 o_cdone_val=0
[IFMAP DEMAND REQ] req=6 context=0 k=6 ch=6 ky=0 kx=0 start_abs_idx=48 first_word=6 last_word=6 req_word_addr=6 req_final_addr=6
[DEBUG IFMAP] read_count=36 mode=SAURIAcontext_id=0context_y_offset0 feeder_en=1 cnt_en=1 cnt_clear=0 base=0 addr_reg=0 x_cnt=0 y_cnt=0 ch_cnt=0 final_addr=0 incnt=0 limit=64 xlim=8 xstep=8 ylim=8 ystep=8 chlim=512 chstep=8
[IFMAP STALL STATUS] context=0 emit_count=6 pop_count=0 effective_k=64 act_can_pop=1
[IFMAP DONE STATUS] context=0 emit_count=6 pop_count=0 limit=64 cfg_limit=64 done=0
[IFMAP DEMAND REQ] req=6 context=0 k=6 ch=6 ky=0 kx=0 start_abs_idx=48 first_word=6 last_word=6 req_word_addr=6 req_final_addr=6
[DEBUG IFMAP] read_count=36 mode=SAURIAcontext_id=0context_y_offset0 feeder_en=1 cnt_en=1 cnt_clear=0 base=0 addr_reg=0 x_cnt=0 y_cnt=0 ch_cnt=0 final_addr=0 incnt=0 limit=64 xlim=8 xstep=8 ylim=8 ystep=8 chlim=512 chstep=8
[IFMAP STALL STATUS] context=0 emit_count=6 pop_count=0 effective_k=64 act_can_pop=1
[IFMAP DONE STATUS] context=0 emit_count=6 pop_count=0 limit=64 cfg_limit=64 done=0
[WEIGHT MEM WORD] count=30 word_addr=10 data=[0, 0, -1, -1, -1, 0, 0, 0, 0, 0, 0, 0, 1, 1, 0, 0]
[WEIGHT FEED VEC] count=10 context=0 out_tile=0 k=10 flat_base_idx=160 feed_vec=[0, 0, -1, -1, -1, 0, 0, 0, 0, 0, 0, 0, 1, 1, 0, 0]
[WEIGHT WORD REQ] req=36 word_addr=12 final_addr=12 total_words=64
[WEIGHT DONE STATUS] context=0 emit_count=11 pop_count=0 out_count=0 k_len=64 tail_limit=79 done=0
[WEIGHT MEM WORD] count=30 word_addr=10 data=[0, 0, -1, -1, -1, 0, 0, 0, 0, 0, 0, 0, 1, 1, 0, 0]
[WEIGHT FEED VEC] count=10 context=0 out_tile=0 k=10 flat_base_idx=160 feed_vec=[0, 0, -1, -1, -1, 0, 0, 0, 0, 0, 0, 0, 1, 1, 0, 0]
[WEIGHT WORD REQ] req=36 word_addr=12 final_addr=12 total_words=64
[WEIGHT DONE STATUS] context=0 emit_count=11 pop_count=0 out_count=0 k_len=64 tail_limit=79 done=0
[CTRL DEBUG] cycle=81869 state=5 start=0 incntlim=64 act_reps=1 wei_reps=1 ncontexts=1 context_cnt=0 act_cnt_en=1 wei_cnt_en=1 act_pop_en=0 wei_pop_en=0 psm_start=0 shift_done=0 done=0 cscnt_q=0 pop_shim_q2=0 cdone_q=0 o_cswitch_done_val=0 o_cdone_val=0
[CTRL DEBUG] cycle=81869 state=5 start=0 incntlim=64 act_reps=1 wei_reps=1 ncontexts=1 context_cnt=0 act_cnt_en=1 wei_cnt_en=1 act_pop_en=0 wei_pop_en=0 psm_start=0 shift_done=0 done=0 cscnt_q=0 pop_shim_q2=0 cdone_q=0 o_cswitch_done_val=0 o_cdone_val=0
[DEBUG IFMAP] read_count=37 mode=SAURIAcontext_id=0context_y_offset0 feeder_en=1 cnt_en=1 cnt_clear=0 base=0 addr_reg=0 x_cnt=0 y_cnt=0 ch_cnt=0 final_addr=0 incnt=0 limit=64 xlim=8 xstep=8 ylim=8 ystep=8 chlim=512 chstep=8
[DEBUG IFMAP] read_count=37 mode=SAURIAcontext_id=0context_y_offset0 feeder_en=1 cnt_en=1 cnt_clear=0 base=0 addr_reg=0 x_cnt=0 y_cnt=0 ch_cnt=0 final_addr=0 incnt=0 limit=64 xlim=8 xstep=8 ylim=8 ystep=8 chlim=512 chstep=8
[CTRL DEBUG] cycle=81869 state=5 start=0 incntlim=64 act_reps=1 wei_reps=1 ncontexts=1 context_cnt=0 act_cnt_en=1 wei_cnt_en=1 act_pop_en=0 wei_pop_en=0 psm_start=0 shift_done=0 done=0 cscnt_q=0 pop_shim_q2=0 cdone_q=0 o_cswitch_done_val=0 o_cdone_val=0
[CTRL DEBUG] cycle=81869 state=5 start=0 incntlim=64 act_reps=1 wei_reps=1 ncontexts=1 context_cnt=0 act_cnt_en=1 wei_cnt_en=1 act_pop_en=0 wei_pop_en=0 psm_start=0 shift_done=0 done=0 cscnt_q=0 pop_shim_q2=0 cdone_q=0 o_cswitch_done_val=0 o_cdone_val=0
[DEBUG IFMAP] read_count=38 mode=SAURIAcontext_id=0context_y_offset0 feeder_en=1 cnt_en=1 cnt_clear=0 base=0 addr_reg=0 x_cnt=0 y_cnt=0 ch_cnt=0 final_addr=0 incnt=0 limit=64 xlim=8 xstep=8 ylim=8 ystep=8 chlim=512 chstep=8
[DEBUG IFMAP] read_count=38 mode=SAURIAcontext_id=0context_y_offset0 feeder_en=1 cnt_en=1 cnt_clear=0 base=0 addr_reg=0 x_cnt=0 y_cnt=0 ch_cnt=0 final_addr=0 incnt=0 limit=64 xlim=8 xstep=8 ylim=8 ystep=8 chlim=512 chstep=8
[CTRL DEBUG] cycle=81870 state=5 start=0 incntlim=64 act_reps=1 wei_reps=1 ncontexts=1 context_cnt=0 act_cnt_en=1 wei_cnt_en=1 act_pop_en=0 wei_pop_en=0 psm_start=0 shift_done=0 done=0 cscnt_q=0 pop_shim_q2=0 cdone_q=0 o_cswitch_done_val=0 o_cdone_val=0
[CTRL DEBUG] cycle=81870 state=5 start=0 incntlim=64 act_reps=1 wei_reps=1 ncontexts=1 context_cnt=0 act_cnt_en=1 wei_cnt_en=1 act_pop_en=0 wei_pop_en=0 psm_start=0 shift_done=0 done=0 cscnt_q=0 pop_shim_q2=0 cdone_q=0 o_cswitch_done_val=0 o_cdone_val=0
[DEBUG IFMAP] read_count=39 mode=SAURIAcontext_id=0context_y_offset0 feeder_en=1 cnt_en=1 cnt_clear=0 base=0 addr_reg=0 x_cnt=0 y_cnt=0 ch_cnt=0 final_addr=0 incnt=0 limit=64 xlim=8 xstep=8 ylim=8 ystep=8 chlim=512 chstep=8
[IFMAP STALL STATUS] context=0 emit_count=6 pop_count=0 effective_k=64 act_can_pop=1
[IFMAP DONE STATUS] context=0 emit_count=6 pop_count=0 limit=64 cfg_limit=64 done=0
[DEBUG IFMAP] read_count=39 mode=SAURIAcontext_id=0context_y_offset0 feeder_en=1 cnt_en=1 cnt_clear=0 base=0 addr_reg=0 x_cnt=0 y_cnt=0 ch_cnt=0 final_addr=0 incnt=0 limit=64 xlim=8 xstep=8 ylim=8 ystep=8 chlim=512 chstep=8
[IFMAP STALL STATUS] context=0 emit_count=6 pop_count=0 effective_k=64 act_can_pop=1
[IFMAP DONE STATUS] context=0 emit_count=6 pop_count=0 limit=64 cfg_limit=64 done=0
[WEIGHT FEED VEC] count=11 context=0 out_tile=0 k=11 flat_base_idx=176 feed_vec=[0, 0, 0, 1, 0, 0, -1, 0, 0, 0, 0, -1, -1, 0, 0, -1]
[WEIGHT WORD REQ] req=39 word_addr=13 final_addr=13 total_words=64
[WEIGHT DONE STATUS] context=0 emit_count=12 pop_count=0 out_count=0 k_len=64 tail_limit=79 done=0
[WEIGHT FEED VEC] count=11 context=0 out_tile=0 k=11 flat_base_idx=176 feed_vec=[0, 0, 0, 1, 0, 0, -1, 0, 0, 0, 0, -1, -1, 0, 0, -1]
[WEIGHT WORD REQ] req=39 word_addr=13 final_addr=13 total_words=64
[WEIGHT DONE STATUS] context=0 emit_count=12 pop_count=0 out_count=0 k_len=64 tail_limit=79 done=0
[CTRL DEBUG] cycle=81870 state=5 start=0 incntlim=64 act_reps=1 wei_reps=1 ncontexts=1 context_cnt=0 act_cnt_en=1 wei_cnt_en=1 act_pop_en=0 wei_pop_en=0 psm_start=0 shift_done=0 done=0 cscnt_q=0 pop_shim_q2=0 cdone_q=0 o_cswitch_done_val=0 o_cdone_val=0
[CTRL DEBUG] cycle=81870 state=5 start=0 incntlim=64 act_reps=1 wei_reps=1 ncontexts=1 context_cnt=0 act_cnt_en=1 wei_cnt_en=1 act_pop_en=0 wei_pop_en=0 psm_start=0 shift_done=0 done=0 cscnt_q=0 pop_shim_q2=0 cdone_q=0 o_cswitch_done_val=0 o_cdone_val=0
[DEBUG IFMAP] read_count=40 mode=SAURIAcontext_id=0context_y_offset0 feeder_en=1 cnt_en=1 cnt_clear=0 base=0 addr_reg=0 x_cnt=0 y_cnt=0 ch_cnt=0 final_addr=0 incnt=0 limit=64 xlim=8 xstep=8 ylim=8 ystep=8 chlim=512 chstep=8
[DEBUG IFMAP] read_count=40 mode=SAURIAcontext_id=0context_y_offset0 feeder_en=1 cnt_en=1 cnt_clear=0 base=0 addr_reg=0 x_cnt=0 y_cnt=0 ch_cnt=0 final_addr=0 incnt=0 limit=64 xlim=8 xstep=8 ylim=8 ystep=8 chlim=512 chstep=8
[CTRL DEBUG] cycle=81870 state=5 start=0 incntlim=64 act_reps=1 wei_reps=1 ncontexts=1 context_cnt=0 act_cnt_en=1 wei_cnt_en=1 act_pop_en=0 wei_pop_en=0 psm_start=0 shift_done=0 done=0 cscnt_q=0 pop_shim_q2=0 cdone_q=0 o_cswitch_done_val=0 o_cdone_val=0
[CTRL DEBUG] cycle=81870 state=5 start=0 incntlim=64 act_reps=1 wei_reps=1 ncontexts=1 context_cnt=0 act_cnt_en=1 wei_cnt_en=1 act_pop_en=0 wei_pop_en=0 psm_start=0 shift_done=0 done=0 cscnt_q=0 pop_shim_q2=0 cdone_q=0 o_cswitch_done_val=0 o_cdone_val=0
[DEBUG IFMAP] read_count=41 mode=SAURIAcontext_id=0context_y_offset0 feeder_en=1 cnt_en=1 cnt_clear=0 base=0 addr_reg=0 x_cnt=0 y_cnt=0 ch_cnt=0 final_addr=0 incnt=0 limit=64 xlim=8 xstep=8 ylim=8 ystep=8 chlim=512 chstep=8
[DEBUG IFMAP] read_count=41 mode=SAURIAcontext_id=0context_y_offset0 feeder_en=1 cnt_en=1 cnt_clear=0 base=0 addr_reg=0 x_cnt=0 y_cnt=0 ch_cnt=0 final_addr=0 incnt=0 limit=64 xlim=8 xstep=8 ylim=8 ystep=8 chlim=512 chstep=8
[CTRL DEBUG] cycle=81871 state=5 start=0 incntlim=64 act_reps=1 wei_reps=1 ncontexts=1 context_cnt=0 act_cnt_en=1 wei_cnt_en=1 act_pop_en=0 wei_pop_en=0 psm_start=0 shift_done=0 done=0 cscnt_q=0 pop_shim_q2=0 cdone_q=0 o_cswitch_done_val=0 o_cdone_val=0
[CTRL DEBUG] cycle=81871 state=5 start=0 incntlim=64 act_reps=1 wei_reps=1 ncontexts=1 context_cnt=0 act_cnt_en=1 wei_cnt_en=1 act_pop_en=0 wei_pop_en=0 psm_start=0 shift_done=0 done=0 cscnt_q=0 pop_shim_q2=0 cdone_q=0 o_cswitch_done_val=0 o_cdone_val=0
[IFMAP DEMAND REQ] req=7 context=0 k=7 ch=7 ky=0 kx=0 start_abs_idx=56 first_word=7 last_word=7 req_word_addr=7 req_final_addr=7
[DEBUG IFMAP] read_count=42 mode=SAURIAcontext_id=0context_y_offset0 feeder_en=1 cnt_en=1 cnt_clear=0 base=0 addr_reg=0 x_cnt=0 y_cnt=0 ch_cnt=0 final_addr=0 incnt=0 limit=64 xlim=8 xstep=8 ylim=8 ystep=8 chlim=512 chstep=8
[IFMAP STALL STATUS] context=0 emit_count=7 pop_count=0 effective_k=64 act_can_pop=1
[IFMAP DONE STATUS] context=0 emit_count=7 pop_count=0 limit=64 cfg_limit=64 done=0
[IFMAP DEMAND REQ] req=7 context=0 k=7 ch=7 ky=0 kx=0 start_abs_idx=56 first_word=7 last_word=7 req_word_addr=7 req_final_addr=7
[DEBUG IFMAP] read_count=42 mode=SAURIAcontext_id=0context_y_offset0 feeder_en=1 cnt_en=1 cnt_clear=0 base=0 addr_reg=0 x_cnt=0 y_cnt=0 ch_cnt=0 final_addr=0 incnt=0 limit=64 xlim=8 xstep=8 ylim=8 ystep=8 chlim=512 chstep=8
[IFMAP STALL STATUS] context=0 emit_count=7 pop_count=0 effective_k=64 act_can_pop=1
[IFMAP DONE STATUS] context=0 emit_count=7 pop_count=0 limit=64 cfg_limit=64 done=0
[WEIGHT FEED VEC] count=12 context=0 out_tile=0 k=12 flat_base_idx=192 feed_vec=[0, -1, 0, 0, 0, 0, -1, 1, 0, 0, -1, 0, 0, -1, 1, -1]
[WEIGHT WORD REQ] req=42 word_addr=14 final_addr=14 total_words=64
[WEIGHT DONE STATUS] context=0 emit_count=13 pop_count=0 out_count=0 k_len=64 tail_limit=79 done=0
[WEIGHT FEED VEC] count=12 context=0 out_tile=0 k=12 flat_base_idx=192 feed_vec=[0, -1, 0, 0, 0, 0, -1, 1, 0, 0, -1, 0, 0, -1, 1, -1]
[WEIGHT WORD REQ] req=42 word_addr=14 final_addr=14 total_words=64
[WEIGHT DONE STATUS] context=0 emit_count=13 pop_count=0 out_count=0 k_len=64 tail_limit=79 done=0
[CTRL DEBUG] cycle=81871 state=5 start=0 incntlim=64 act_reps=1 wei_reps=1 ncontexts=1 context_cnt=0 act_cnt_en=1 wei_cnt_en=1 act_pop_en=0 wei_pop_en=0 psm_start=0 shift_done=0 done=0 cscnt_q=0 pop_shim_q2=0 cdone_q=0 o_cswitch_done_val=0 o_cdone_val=0
[CTRL DEBUG] cycle=81871 state=5 start=0 incntlim=64 act_reps=1 wei_reps=1 ncontexts=1 context_cnt=0 act_cnt_en=1 wei_cnt_en=1 act_pop_en=0 wei_pop_en=0 psm_start=0 shift_done=0 done=0 cscnt_q=0 pop_shim_q2=0 cdone_q=0 o_cswitch_done_val=0 o_cdone_val=0
[DEBUG IFMAP] read_count=43 mode=SAURIAcontext_id=0context_y_offset0 feeder_en=1 cnt_en=1 cnt_clear=0 base=0 addr_reg=0 x_cnt=0 y_cnt=0 ch_cnt=0 final_addr=0 incnt=0 limit=64 xlim=8 xstep=8 ylim=8 ystep=8 chlim=512 chstep=8
[DEBUG IFMAP] read_count=43 mode=SAURIAcontext_id=0context_y_offset0 feeder_en=1 cnt_en=1 cnt_clear=0 base=0 addr_reg=0 x_cnt=0 y_cnt=0 ch_cnt=0 final_addr=0 incnt=0 limit=64 xlim=8 xstep=8 ylim=8 ystep=8 chlim=512 chstep=8
[CTRL DEBUG] cycle=81871 state=5 start=0 incntlim=64 act_reps=1 wei_reps=1 ncontexts=1 context_cnt=0 act_cnt_en=1 wei_cnt_en=1 act_pop_en=0 wei_pop_en=0 psm_start=0 shift_done=0 done=0 cscnt_q=0 pop_shim_q2=0 cdone_q=0 o_cswitch_done_val=0 o_cdone_val=0
[CTRL DEBUG] cycle=81871 state=5 start=0 incntlim=64 act_reps=1 wei_reps=1 ncontexts=1 context_cnt=0 act_cnt_en=1 wei_cnt_en=1 act_pop_en=0 wei_pop_en=0 psm_start=0 shift_done=0 done=0 cscnt_q=0 pop_shim_q2=0 cdone_q=0 o_cswitch_done_val=0 o_cdone_val=0
[DEBUG IFMAP] read_count=44 mode=SAURIAcontext_id=0context_y_offset0 feeder_en=1 cnt_en=1 cnt_clear=0 base=0 addr_reg=0 x_cnt=0 y_cnt=0 ch_cnt=0 final_addr=0 incnt=0 limit=64 xlim=8 xstep=8 ylim=8 ystep=8 chlim=512 chstep=8
[DEBUG IFMAP] read_count=44 mode=SAURIAcontext_id=0context_y_offset0 feeder_en=1 cnt_en=1 cnt_clear=0 base=0 addr_reg=0 x_cnt=0 y_cnt=0 ch_cnt=0 final_addr=0 incnt=0 limit=64 xlim=8 xstep=8 ylim=8 ystep=8 chlim=512 chstep=8
[CTRL DEBUG] cycle=81872 state=5 start=0 incntlim=64 act_reps=1 wei_reps=1 ncontexts=1 context_cnt=0 act_cnt_en=1 wei_cnt_en=1 act_pop_en=0 wei_pop_en=0 psm_start=0 shift_done=0 done=0 cscnt_q=0 pop_shim_q2=0 cdone_q=0 o_cswitch_done_val=0 o_cdone_val=0
[CTRL DEBUG] cycle=81872 state=5 start=0 incntlim=64 act_reps=1 wei_reps=1 ncontexts=1 context_cnt=0 act_cnt_en=1 wei_cnt_en=1 act_pop_en=0 wei_pop_en=0 psm_start=0 shift_done=0 done=0 cscnt_q=0 pop_shim_q2=0 cdone_q=0 o_cswitch_done_val=0 o_cdone_val=0
[DEBUG IFMAP] read_count=45 mode=SAURIAcontext_id=0context_y_offset0 feeder_en=1 cnt_en=1 cnt_clear=0 base=0 addr_reg=0 x_cnt=0 y_cnt=0 ch_cnt=0 final_addr=0 incnt=0 limit=64 xlim=8 xstep=8 ylim=8 ystep=8 chlim=512 chstep=8
[IFMAP STALL STATUS] context=0 emit_count=7 pop_count=0 effective_k=64 act_can_pop=1
[IFMAP DONE STATUS] context=0 emit_count=7 pop_count=0 limit=64 cfg_limit=64 done=0
[DEBUG IFMAP] read_count=45 mode=SAURIAcontext_id=0context_y_offset0 feeder_en=1 cnt_en=1 cnt_clear=0 base=0 addr_reg=0 x_cnt=0 y_cnt=0 ch_cnt=0 final_addr=0 incnt=0 limit=64 xlim=8 xstep=8 ylim=8 ystep=8 chlim=512 chstep=8
[IFMAP STALL STATUS] context=0 emit_count=7 pop_count=0 effective_k=64 act_can_pop=1
[IFMAP DONE STATUS] context=0 emit_count=7 pop_count=0 limit=64 cfg_limit=64 done=0
[WEIGHT FEED VEC] count=13 context=0 out_tile=0 k=13 flat_base_idx=208 feed_vec=[-1, -1, 0, 0, 0, 0, 0, 0, 0, 1, 0, -1, -1, 1, 0, 0]
[WEIGHT WORD REQ] req=45 word_addr=15 final_addr=15 total_words=64
[WEIGHT DONE STATUS] context=0 emit_count=14 pop_count=0 out_count=0 k_len=64 tail_limit=79 done=0
[WEIGHT FEED VEC] count=13 context=0 out_tile=0 k=13 flat_base_idx=208 feed_vec=[-1, -1, 0, 0, 0, 0, 0, 0, 0, 1, 0, -1, -1, 1, 0, 0]
[WEIGHT WORD REQ] req=45 word_addr=15 final_addr=15 total_words=64
[WEIGHT DONE STATUS] context=0 emit_count=14 pop_count=0 out_count=0 k_len=64 tail_limit=79 done=0
[CTRL DEBUG] cycle=81872 state=5 start=0 incntlim=64 act_reps=1 wei_reps=1 ncontexts=1 context_cnt=0 act_cnt_en=1 wei_cnt_en=1 act_pop_en=0 wei_pop_en=0 psm_start=0 shift_done=0 done=0 cscnt_q=0 pop_shim_q2=0 cdone_q=0 o_cswitch_done_val=0 o_cdone_val=0
[CTRL DEBUG] cycle=81872 state=5 start=0 incntlim=64 act_reps=1 wei_reps=1 ncontexts=1 context_cnt=0 act_cnt_en=1 wei_cnt_en=1 act_pop_en=0 wei_pop_en=0 psm_start=0 shift_done=0 done=0 cscnt_q=0 pop_shim_q2=0 cdone_q=0 o_cswitch_done_val=0 o_cdone_val=0
[DEBUG IFMAP] read_count=46 mode=SAURIAcontext_id=0context_y_offset0 feeder_en=1 cnt_en=1 cnt_clear=0 base=0 addr_reg=0 x_cnt=0 y_cnt=0 ch_cnt=0 final_addr=0 incnt=0 limit=64 xlim=8 xstep=8 ylim=8 ystep=8 chlim=512 chstep=8
[DEBUG IFMAP] read_count=46 mode=SAURIAcontext_id=0context_y_offset0 feeder_en=1 cnt_en=1 cnt_clear=0 base=0 addr_reg=0 x_cnt=0 y_cnt=0 ch_cnt=0 final_addr=0 incnt=0 limit=64 xlim=8 xstep=8 ylim=8 ystep=8 chlim=512 chstep=8
[CTRL DEBUG] cycle=81872 state=5 start=0 incntlim=64 act_reps=1 wei_reps=1 ncontexts=1 context_cnt=0 act_cnt_en=1 wei_cnt_en=1 act_pop_en=0 wei_pop_en=0 psm_start=0 shift_done=0 done=0 cscnt_q=0 pop_shim_q2=0 cdone_q=0 o_cswitch_done_val=0 o_cdone_val=0
[CTRL DEBUG] cycle=81872 state=5 start=0 incntlim=64 act_reps=1 wei_reps=1 ncontexts=1 context_cnt=0 act_cnt_en=1 wei_cnt_en=1 act_pop_en=0 wei_pop_en=0 psm_start=0 shift_done=0 done=0 cscnt_q=0 pop_shim_q2=0 cdone_q=0 o_cswitch_done_val=0 o_cdone_val=0
[DEBUG IFMAP] read_count=47 mode=SAURIAcontext_id=0context_y_offset0 feeder_en=1 cnt_en=1 cnt_clear=0 base=0 addr_reg=0 x_cnt=0 y_cnt=0 ch_cnt=0 final_addr=0 incnt=0 limit=64 xlim=8 xstep=8 ylim=8 ystep=8 chlim=512 chstep=8
[DEBUG IFMAP] read_count=47 mode=SAURIAcontext_id=0context_y_offset0 feeder_en=1 cnt_en=1 cnt_clear=0 base=0 addr_reg=0 x_cnt=0 y_cnt=0 ch_cnt=0 final_addr=0 incnt=0 limit=64 xlim=8 xstep=8 ylim=8 ystep=8 chlim=512 chstep=8
[CTRL DEBUG] cycle=81873 state=5 start=0 incntlim=64 act_reps=1 wei_reps=1 ncontexts=1 context_cnt=0 act_cnt_en=1 wei_cnt_en=1 act_pop_en=0 wei_pop_en=0 psm_start=0 shift_done=0 done=0 cscnt_q=0 pop_shim_q2=0 cdone_q=0 o_cswitch_done_val=0 o_cdone_val=0
[CTRL DEBUG] cycle=81873 state=5 start=0 incntlim=64 act_reps=1 wei_reps=1 ncontexts=1 context_cnt=0 act_cnt_en=1 wei_cnt_en=1 act_pop_en=0 wei_pop_en=0 psm_start=0 shift_done=0 done=0 cscnt_q=0 pop_shim_q2=0 cdone_q=0 o_cswitch_done_val=0 o_cdone_val=0
[IFMAP DEMAND REQ] req=8 context=0 k=8 ch=8 ky=0 kx=0 start_abs_idx=64 first_word=8 last_word=8 req_word_addr=8 req_final_addr=8
[DEBUG IFMAP] read_count=48 mode=SAURIAcontext_id=0context_y_offset0 feeder_en=1 cnt_en=1 cnt_clear=0 base=0 addr_reg=0 x_cnt=0 y_cnt=0 ch_cnt=0 final_addr=0 incnt=0 limit=64 xlim=8 xstep=8 ylim=8 ystep=8 chlim=512 chstep=8
[IFMAP STALL STATUS] context=0 emit_count=8 pop_count=0 effective_k=64 act_can_pop=1
[IFMAP DONE STATUS] context=0 emit_count=8 pop_count=0 limit=64 cfg_limit=64 done=0
[IFMAP DEMAND REQ] req=8 context=0 k=8 ch=8 ky=0 kx=0 start_abs_idx=64 first_word=8 last_word=8 req_word_addr=8 req_final_addr=8
[DEBUG IFMAP] read_count=48 mode=SAURIAcontext_id=0context_y_offset0 feeder_en=1 cnt_en=1 cnt_clear=0 base=0 addr_reg=0 x_cnt=0 y_cnt=0 ch_cnt=0 final_addr=0 incnt=0 limit=64 xlim=8 xstep=8 ylim=8 ystep=8 chlim=512 chstep=8
[IFMAP STALL STATUS] context=0 emit_count=8 pop_count=0 effective_k=64 act_can_pop=1
[IFMAP DONE STATUS] context=0 emit_count=8 pop_count=0 limit=64 cfg_limit=64 done=0
[WEIGHT FEED VEC] count=14 context=0 out_tile=0 k=14 flat_base_idx=224 feed_vec=[1, 0, 1, 0, -1, 0, 0, 0, 0, 0, 0, 0, 1, -1, -1, 0]
[WEIGHT WORD REQ] req=48 word_addr=16 final_addr=16 total_words=64
[WEIGHT DONE STATUS] context=0 emit_count=15 pop_count=0 out_count=0 k_len=64 tail_limit=79 done=0
[WEIGHT FEED VEC] count=14 context=0 out_tile=0 k=14 flat_base_idx=224 feed_vec=[1, 0, 1, 0, -1, 0, 0, 0, 0, 0, 0, 0, 1, -1, -1, 0]
[WEIGHT WORD REQ] req=48 word_addr=16 final_addr=16 total_words=64
[WEIGHT DONE STATUS] context=0 emit_count=15 pop_count=0 out_count=0 k_len=64 tail_limit=79 done=0
[CTRL DEBUG] cycle=81873 state=5 start=0 incntlim=64 act_reps=1 wei_reps=1 ncontexts=1 context_cnt=0 act_cnt_en=1 wei_cnt_en=1 act_pop_en=0 wei_pop_en=0 psm_start=0 shift_done=0 done=0 cscnt_q=0 pop_shim_q2=0 cdone_q=0 o_cswitch_done_val=0 o_cdone_val=0
[CTRL DEBUG] cycle=81873 state=5 start=0 incntlim=64 act_reps=1 wei_reps=1 ncontexts=1 context_cnt=0 act_cnt_en=1 wei_cnt_en=1 act_pop_en=0 wei_pop_en=0 psm_start=0 shift_done=0 done=0 cscnt_q=0 pop_shim_q2=0 cdone_q=0 o_cswitch_done_val=0 o_cdone_val=0
[DEBUG IFMAP] read_count=49 mode=SAURIAcontext_id=0context_y_offset0 feeder_en=1 cnt_en=1 cnt_clear=0 base=0 addr_reg=0 x_cnt=0 y_cnt=0 ch_cnt=0 final_addr=0 incnt=0 limit=64 xlim=8 xstep=8 ylim=8 ystep=8 chlim=512 chstep=8
[DEBUG IFMAP] read_count=49 mode=SAURIAcontext_id=0context_y_offset0 feeder_en=1 cnt_en=1 cnt_clear=0 base=0 addr_reg=0 x_cnt=0 y_cnt=0 ch_cnt=0 final_addr=0 incnt=0 limit=64 xlim=8 xstep=8 ylim=8 ystep=8 chlim=512 chstep=8
[CTRL DEBUG] cycle=81873 state=5 start=0 incntlim=64 act_reps=1 wei_reps=1 ncontexts=1 context_cnt=0 act_cnt_en=1 wei_cnt_en=1 act_pop_en=0 wei_pop_en=0 psm_start=0 shift_done=0 done=0 cscnt_q=0 pop_shim_q2=0 cdone_q=0 o_cswitch_done_val=0 o_cdone_val=0
[CTRL DEBUG] cycle=81873 state=5 start=0 incntlim=64 act_reps=1 wei_reps=1 ncontexts=1 context_cnt=0 act_cnt_en=1 wei_cnt_en=1 act_pop_en=0 wei_pop_en=0 psm_start=0 shift_done=0 done=0 cscnt_q=0 pop_shim_q2=0 cdone_q=0 o_cswitch_done_val=0 o_cdone_val=0
[DEBUG IFMAP] read_count=50 mode=SAURIAcontext_id=0context_y_offset0 feeder_en=1 cnt_en=1 cnt_clear=0 base=0 addr_reg=0 x_cnt=0 y_cnt=0 ch_cnt=0 final_addr=0 incnt=0 limit=64 xlim=8 xstep=8 ylim=8 ystep=8 chlim=512 chstep=8
[DEBUG IFMAP] read_count=50 mode=SAURIAcontext_id=0context_y_offset0 feeder_en=1 cnt_en=1 cnt_clear=0 base=0 addr_reg=0 x_cnt=0 y_cnt=0 ch_cnt=0 final_addr=0 incnt=0 limit=64 xlim=8 xstep=8 ylim=8 ystep=8 chlim=512 chstep=8
[CTRL DEBUG] cycle=81874 state=5 start=0 incntlim=64 act_reps=1 wei_reps=1 ncontexts=1 context_cnt=0 act_cnt_en=1 wei_cnt_en=1 act_pop_en=0 wei_pop_en=0 psm_start=0 shift_done=0 done=0 cscnt_q=0 pop_shim_q2=0 cdone_q=0 o_cswitch_done_val=0 o_cdone_val=0
[CTRL DEBUG] cycle=81874 state=5 start=0 incntlim=64 act_reps=1 wei_reps=1 ncontexts=1 context_cnt=0 act_cnt_en=1 wei_cnt_en=1 act_pop_en=0 wei_pop_en=0 psm_start=0 shift_done=0 done=0 cscnt_q=0 pop_shim_q2=0 cdone_q=0 o_cswitch_done_val=0 o_cdone_val=0
[DEBUG IFMAP] read_count=51 mode=SAURIAcontext_id=0context_y_offset0 feeder_en=1 cnt_en=1 cnt_clear=0 base=0 addr_reg=0 x_cnt=0 y_cnt=0 ch_cnt=0 final_addr=0 incnt=0 limit=64 xlim=8 xstep=8 ylim=8 ystep=8 chlim=512 chstep=8
[IFMAP STALL STATUS] context=0 emit_count=8 pop_count=0 effective_k=64 act_can_pop=1
[IFMAP DONE STATUS] context=0 emit_count=8 pop_count=0 limit=64 cfg_limit=64 done=0
[DEBUG IFMAP] read_count=51 mode=SAURIAcontext_id=0context_y_offset0 feeder_en=1 cnt_en=1 cnt_clear=0 base=0 addr_reg=0 x_cnt=0 y_cnt=0 ch_cnt=0 final_addr=0 incnt=0 limit=64 xlim=8 xstep=8 ylim=8 ystep=8 chlim=512 chstep=8
[IFMAP STALL STATUS] context=0 emit_count=8 pop_count=0 effective_k=64 act_can_pop=1
[IFMAP DONE STATUS] context=0 emit_count=8 pop_count=0 limit=64 cfg_limit=64 done=0
[WEIGHT FEED VEC] count=15 context=0 out_tile=0 k=15 flat_base_idx=240 feed_vec=[0, 0, 0, 0, -1, 0, 0, 0, 0, 0, -1, 0, 0, 0, 0, 0]
[WEIGHT WORD REQ] req=51 word_addr=17 final_addr=17 total_words=64
[WEIGHT DONE STATUS] context=0 emit_count=16 pop_count=0 out_count=0 k_len=64 tail_limit=79 done=0
[WEIGHT FEED VEC] count=15 context=0 out_tile=0 k=15 flat_base_idx=240 feed_vec=[0, 0, 0, 0, -1, 0, 0, 0, 0, 0, -1, 0, 0, 0, 0, 0]
[WEIGHT WORD REQ] req=51 word_addr=17 final_addr=17 total_words=64
[WEIGHT DONE STATUS] context=0 emit_count=16 pop_count=0 out_count=0 k_len=64 tail_limit=79 done=0
[CTRL DEBUG] cycle=81874 state=5 start=0 incntlim=64 act_reps=1 wei_reps=1 ncontexts=1 context_cnt=0 act_cnt_en=1 wei_cnt_en=1 act_pop_en=0 wei_pop_en=0 psm_start=0 shift_done=0 done=0 cscnt_q=0 pop_shim_q2=0 cdone_q=0 o_cswitch_done_val=0 o_cdone_val=0
[CTRL DEBUG] cycle=81874 state=5 start=0 incntlim=64 act_reps=1 wei_reps=1 ncontexts=1 context_cnt=0 act_cnt_en=1 wei_cnt_en=1 act_pop_en=0 wei_pop_en=0 psm_start=0 shift_done=0 done=0 cscnt_q=0 pop_shim_q2=0 cdone_q=0 o_cswitch_done_val=0 o_cdone_val=0
[DEBUG IFMAP] read_count=52 mode=SAURIAcontext_id=0context_y_offset0 feeder_en=1 cnt_en=1 cnt_clear=0 base=0 addr_reg=0 x_cnt=0 y_cnt=0 ch_cnt=0 final_addr=0 incnt=0 limit=64 xlim=8 xstep=8 ylim=8 ystep=8 chlim=512 chstep=8
[DEBUG IFMAP] read_count=52 mode=SAURIAcontext_id=0context_y_offset0 feeder_en=1 cnt_en=1 cnt_clear=0 base=0 addr_reg=0 x_cnt=0 y_cnt=0 ch_cnt=0 final_addr=0 incnt=0 limit=64 xlim=8 xstep=8 ylim=8 ystep=8 chlim=512 chstep=8
[CTRL DEBUG] cycle=81874 state=5 start=0 incntlim=64 act_reps=1 wei_reps=1 ncontexts=1 context_cnt=0 act_cnt_en=1 wei_cnt_en=1 act_pop_en=0 wei_pop_en=0 psm_start=0 shift_done=0 done=0 cscnt_q=0 pop_shim_q2=0 cdone_q=0 o_cswitch_done_val=0 o_cdone_val=0
[CTRL DEBUG] cycle=81874 state=5 start=0 incntlim=64 act_reps=1 wei_reps=1 ncontexts=1 context_cnt=0 act_cnt_en=1 wei_cnt_en=1 act_pop_en=0 wei_pop_en=0 psm_start=0 shift_done=0 done=0 cscnt_q=0 pop_shim_q2=0 cdone_q=0 o_cswitch_done_val=0 o_cdone_val=0
[DEBUG IFMAP] read_count=53 mode=SAURIAcontext_id=0context_y_offset0 feeder_en=1 cnt_en=1 cnt_clear=0 base=0 addr_reg=0 x_cnt=0 y_cnt=0 ch_cnt=0 final_addr=0 incnt=0 limit=64 xlim=8 xstep=8 ylim=8 ystep=8 chlim=512 chstep=8
[DEBUG IFMAP] read_count=53 mode=SAURIAcontext_id=0context_y_offset0 feeder_en=1 cnt_en=1 cnt_clear=0 base=0 addr_reg=0 x_cnt=0 y_cnt=0 ch_cnt=0 final_addr=0 incnt=0 limit=64 xlim=8 xstep=8 ylim=8 ystep=8 chlim=512 chstep=8
[CTRL DEBUG] cycle=81875 state=5 start=0 incntlim=64 act_reps=1 wei_reps=1 ncontexts=1 context_cnt=0 act_cnt_en=1 wei_cnt_en=1 act_pop_en=0 wei_pop_en=0 psm_start=0 shift_done=0 done=0 cscnt_q=0 pop_shim_q2=0 cdone_q=0 o_cswitch_done_val=0 o_cdone_val=0
[CTRL DEBUG] cycle=81875 state=5 start=0 incntlim=64 act_reps=1 wei_reps=1 ncontexts=1 context_cnt=0 act_cnt_en=1 wei_cnt_en=1 act_pop_en=0 wei_pop_en=0 psm_start=0 shift_done=0 done=0 cscnt_q=0 pop_shim_q2=0 cdone_q=0 o_cswitch_done_val=0 o_cdone_val=0
[IFMAP DEMAND REQ] req=9 context=0 k=9 ch=9 ky=0 kx=0 start_abs_idx=72 first_word=9 last_word=9 req_word_addr=9 req_final_addr=9
[DEBUG IFMAP] read_count=54 mode=SAURIAcontext_id=0context_y_offset0 feeder_en=1 cnt_en=1 cnt_clear=0 base=0 addr_reg=0 x_cnt=0 y_cnt=0 ch_cnt=0 final_addr=0 incnt=0 limit=64 xlim=8 xstep=8 ylim=8 ystep=8 chlim=512 chstep=8
[IFMAP STALL STATUS] context=0 emit_count=9 pop_count=0 effective_k=64 act_can_pop=1
[IFMAP DONE STATUS] context=0 emit_count=9 pop_count=0 limit=64 cfg_limit=64 done=0
[IFMAP DEMAND REQ] req=9 context=0 k=9 ch=9 ky=0 kx=0 start_abs_idx=72 first_word=9 last_word=9 req_word_addr=9 req_final_addr=9
[DEBUG IFMAP] read_count=54 mode=SAURIAcontext_id=0context_y_offset0 feeder_en=1 cnt_en=1 cnt_clear=0 base=0 addr_reg=0 x_cnt=0 y_cnt=0 ch_cnt=0 final_addr=0 incnt=0 limit=64 xlim=8 xstep=8 ylim=8 ystep=8 chlim=512 chstep=8
[IFMAP STALL STATUS] context=0 emit_count=9 pop_count=0 effective_k=64 act_can_pop=1
[IFMAP DONE STATUS] context=0 emit_count=9 pop_count=0 limit=64 cfg_limit=64 done=0
[WEIGHT FEED VEC] count=16 context=0 out_tile=0 k=16 flat_base_idx=256 feed_vec=[0, -1, -1, 0, 0, 1, 0, 0, 0, 0, 0, 0, 0, 0, 0, -1]
[WEIGHT WORD REQ] req=54 word_addr=18 final_addr=18 total_words=64
[WEIGHT DONE STATUS] context=0 emit_count=17 pop_count=0 out_count=0 k_len=64 tail_limit=79 done=0
[WEIGHT FEED VEC] count=16 context=0 out_tile=0 k=16 flat_base_idx=256 feed_vec=[0, -1, -1, 0, 0, 1, 0, 0, 0, 0, 0, 0, 0, 0, 0, -1]
[WEIGHT WORD REQ] req=54 word_addr=18 final_addr=18 total_words=64
[WEIGHT DONE STATUS] context=0 emit_count=17 pop_count=0 out_count=0 k_len=64 tail_limit=79 done=0
[CTRL DEBUG] cycle=81875 state=5 start=0 incntlim=64 act_reps=1 wei_reps=1 ncontexts=1 context_cnt=0 act_cnt_en=1 wei_cnt_en=1 act_pop_en=0 wei_pop_en=0 psm_start=0 shift_done=0 done=0 cscnt_q=0 pop_shim_q2=0 cdone_q=0 o_cswitch_done_val=0 o_cdone_val=0
[CTRL DEBUG] cycle=81875 state=5 start=0 incntlim=64 act_reps=1 wei_reps=1 ncontexts=1 context_cnt=0 act_cnt_en=1 wei_cnt_en=1 act_pop_en=0 wei_pop_en=0 psm_start=0 shift_done=0 done=0 cscnt_q=0 pop_shim_q2=0 cdone_q=0 o_cswitch_done_val=0 o_cdone_val=0
[DEBUG IFMAP] read_count=55 mode=SAURIAcontext_id=0context_y_offset0 feeder_en=1 cnt_en=1 cnt_clear=0 base=0 addr_reg=0 x_cnt=0 y_cnt=0 ch_cnt=0 final_addr=0 incnt=0 limit=64 xlim=8 xstep=8 ylim=8 ystep=8 chlim=512 chstep=8
[DEBUG IFMAP] read_count=55 mode=SAURIAcontext_id=0context_y_offset0 feeder_en=1 cnt_en=1 cnt_clear=0 base=0 addr_reg=0 x_cnt=0 y_cnt=0 ch_cnt=0 final_addr=0 incnt=0 limit=64 xlim=8 xstep=8 ylim=8 ystep=8 chlim=512 chstep=8
[CTRL DEBUG] cycle=81875 state=5 start=0 incntlim=64 act_reps=1 wei_reps=1 ncontexts=1 context_cnt=0 act_cnt_en=1 wei_cnt_en=1 act_pop_en=0 wei_pop_en=0 psm_start=0 shift_done=0 done=0 cscnt_q=0 pop_shim_q2=0 cdone_q=0 o_cswitch_done_val=0 o_cdone_val=0
[CTRL DEBUG] cycle=81875 state=5 start=0 incntlim=64 act_reps=1 wei_reps=1 ncontexts=1 context_cnt=0 act_cnt_en=1 wei_cnt_en=1 act_pop_en=0 wei_pop_en=0 psm_start=0 shift_done=0 done=0 cscnt_q=0 pop_shim_q2=0 cdone_q=0 o_cswitch_done_val=0 o_cdone_val=0
[DEBUG IFMAP] read_count=56 mode=SAURIAcontext_id=0context_y_offset0 feeder_en=1 cnt_en=1 cnt_clear=0 base=0 addr_reg=0 x_cnt=0 y_cnt=0 ch_cnt=0 final_addr=0 incnt=0 limit=64 xlim=8 xstep=8 ylim=8 ystep=8 chlim=512 chstep=8
[DEBUG IFMAP] read_count=56 mode=SAURIAcontext_id=0context_y_offset0 feeder_en=1 cnt_en=1 cnt_clear=0 base=0 addr_reg=0 x_cnt=0 y_cnt=0 ch_cnt=0 final_addr=0 incnt=0 limit=64 xlim=8 xstep=8 ylim=8 ystep=8 chlim=512 chstep=8
[CTRL DEBUG] cycle=81876 state=5 start=0 incntlim=64 act_reps=1 wei_reps=1 ncontexts=1 context_cnt=0 act_cnt_en=1 wei_cnt_en=1 act_pop_en=0 wei_pop_en=0 psm_start=0 shift_done=0 done=0 cscnt_q=0 pop_shim_q2=0 cdone_q=0 o_cswitch_done_val=0 o_cdone_val=0
[CTRL DEBUG] cycle=81876 state=5 start=0 incntlim=64 act_reps=1 wei_reps=1 ncontexts=1 context_cnt=0 act_cnt_en=1 wei_cnt_en=1 act_pop_en=0 wei_pop_en=0 psm_start=0 shift_done=0 done=0 cscnt_q=0 pop_shim_q2=0 cdone_q=0 o_cswitch_done_val=0 o_cdone_val=0
[DEBUG IFMAP] read_count=57 mode=SAURIAcontext_id=0context_y_offset0 feeder_en=1 cnt_en=1 cnt_clear=0 base=0 addr_reg=0 x_cnt=0 y_cnt=0 ch_cnt=0 final_addr=0 incnt=0 limit=64 xlim=8 xstep=8 ylim=8 ystep=8 chlim=512 chstep=8
[IFMAP STALL STATUS] context=0 emit_count=9 pop_count=0 effective_k=64 act_can_pop=1
[IFMAP DONE STATUS] context=0 emit_count=9 pop_count=0 limit=64 cfg_limit=64 done=0
[DEBUG IFMAP] read_count=57 mode=SAURIAcontext_id=0context_y_offset0 feeder_en=1 cnt_en=1 cnt_clear=0 base=0 addr_reg=0 x_cnt=0 y_cnt=0 ch_cnt=0 final_addr=0 incnt=0 limit=64 xlim=8 xstep=8 ylim=8 ystep=8 chlim=512 chstep=8
[IFMAP STALL STATUS] context=0 emit_count=9 pop_count=0 effective_k=64 act_can_pop=1
[IFMAP DONE STATUS] context=0 emit_count=9 pop_count=0 limit=64 cfg_limit=64 done=0
[WEIGHT FEED VEC] count=17 context=0 out_tile=0 k=17 flat_base_idx=272 feed_vec=[1, 0, 0, 1, 0, -1, 0, 0, 0, 0, 0, 1, 0, 0, 0, 0]
[WEIGHT WORD REQ] req=57 word_addr=19 final_addr=19 total_words=64
[WEIGHT DONE STATUS] context=0 emit_count=18 pop_count=0 out_count=0 k_len=64 tail_limit=79 done=0
[WEIGHT FEED VEC] count=17 context=0 out_tile=0 k=17 flat_base_idx=272 feed_vec=[1, 0, 0, 1, 0, -1, 0, 0, 0, 0, 0, 1, 0, 0, 0, 0]
[WEIGHT WORD REQ] req=57 word_addr=19 final_addr=19 total_words=64
[WEIGHT DONE STATUS] context=0 emit_count=18 pop_count=0 out_count=0 k_len=64 tail_limit=79 done=0
[CTRL DEBUG] cycle=81876 state=5 start=0 incntlim=64 act_reps=1 wei_reps=1 ncontexts=1 context_cnt=0 act_cnt_en=1 wei_cnt_en=1 act_pop_en=0 wei_pop_en=0 psm_start=0 shift_done=0 done=0 cscnt_q=0 pop_shim_q2=0 cdone_q=0 o_cswitch_done_val=0 o_cdone_val=0
[CTRL DEBUG] cycle=81876 state=5 start=0 incntlim=64 act_reps=1 wei_reps=1 ncontexts=1 context_cnt=0 act_cnt_en=1 wei_cnt_en=1 act_pop_en=0 wei_pop_en=0 psm_start=0 shift_done=0 done=0 cscnt_q=0 pop_shim_q2=0 cdone_q=0 o_cswitch_done_val=0 o_cdone_val=0
[DEBUG IFMAP] read_count=58 mode=SAURIAcontext_id=0context_y_offset0 feeder_en=1 cnt_en=1 cnt_clear=0 base=0 addr_reg=0 x_cnt=0 y_cnt=0 ch_cnt=0 final_addr=0 incnt=0 limit=64 xlim=8 xstep=8 ylim=8 ystep=8 chlim=512 chstep=8
[DEBUG IFMAP] read_count=58 mode=SAURIAcontext_id=0context_y_offset0 feeder_en=1 cnt_en=1 cnt_clear=0 base=0 addr_reg=0 x_cnt=0 y_cnt=0 ch_cnt=0 final_addr=0 incnt=0 limit=64 xlim=8 xstep=8 ylim=8 ystep=8 chlim=512 chstep=8
[CTRL DEBUG] cycle=81876 state=5 start=0 incntlim=64 act_reps=1 wei_reps=1 ncontexts=1 context_cnt=0 act_cnt_en=1 wei_cnt_en=1 act_pop_en=0 wei_pop_en=0 psm_start=0 shift_done=0 done=0 cscnt_q=0 pop_shim_q2=0 cdone_q=0 o_cswitch_done_val=0 o_cdone_val=0
[CTRL DEBUG] cycle=81876 state=5 start=0 incntlim=64 act_reps=1 wei_reps=1 ncontexts=1 context_cnt=0 act_cnt_en=1 wei_cnt_en=1 act_pop_en=0 wei_pop_en=0 psm_start=0 shift_done=0 done=0 cscnt_q=0 pop_shim_q2=0 cdone_q=0 o_cswitch_done_val=0 o_cdone_val=0
[DEBUG IFMAP] read_count=59 mode=SAURIAcontext_id=0context_y_offset0 feeder_en=1 cnt_en=1 cnt_clear=0 base=0 addr_reg=0 x_cnt=0 y_cnt=0 ch_cnt=0 final_addr=0 incnt=0 limit=64 xlim=8 xstep=8 ylim=8 ystep=8 chlim=512 chstep=8
[DEBUG IFMAP] read_count=59 mode=SAURIAcontext_id=0context_y_offset0 feeder_en=1 cnt_en=1 cnt_clear=0 base=0 addr_reg=0 x_cnt=0 y_cnt=0 ch_cnt=0 final_addr=0 incnt=0 limit=64 xlim=8 xstep=8 ylim=8 ystep=8 chlim=512 chstep=8
[CTRL DEBUG] cycle=81877 state=5 start=0 incntlim=64 act_reps=1 wei_reps=1 ncontexts=1 context_cnt=0 act_cnt_en=1 wei_cnt_en=1 act_pop_en=0 wei_pop_en=0 psm_start=0 shift_done=0 done=0 cscnt_q=0 pop_shim_q2=0 cdone_q=0 o_cswitch_done_val=0 o_cdone_val=0
[CTRL DEBUG] cycle=81877 state=5 start=0 incntlim=64 act_reps=1 wei_reps=1 ncontexts=1 context_cnt=0 act_cnt_en=1 wei_cnt_en=1 act_pop_en=0 wei_pop_en=0 psm_start=0 shift_done=0 done=0 cscnt_q=0 pop_shim_q2=0 cdone_q=0 o_cswitch_done_val=0 o_cdone_val=0
[IFMAP DEMAND REQ] req=10 context=0 k=10 ch=10 ky=0 kx=0 start_abs_idx=80 first_word=10 last_word=10 req_word_addr=10 req_final_addr=10
[DEBUG IFMAP] read_count=60 mode=SAURIAcontext_id=0context_y_offset0 feeder_en=1 cnt_en=1 cnt_clear=0 base=0 addr_reg=0 x_cnt=0 y_cnt=0 ch_cnt=0 final_addr=0 incnt=0 limit=64 xlim=8 xstep=8 ylim=8 ystep=8 chlim=512 chstep=8
[IFMAP STALL STATUS] context=0 emit_count=10 pop_count=0 effective_k=64 act_can_pop=1
[IFMAP DONE STATUS] context=0 emit_count=10 pop_count=0 limit=64 cfg_limit=64 done=0
[IFMAP DEMAND REQ] req=10 context=0 k=10 ch=10 ky=0 kx=0 start_abs_idx=80 first_word=10 last_word=10 req_word_addr=10 req_final_addr=10
[DEBUG IFMAP] read_count=60 mode=SAURIAcontext_id=0context_y_offset0 feeder_en=1 cnt_en=1 cnt_clear=0 base=0 addr_reg=0 x_cnt=0 y_cnt=0 ch_cnt=0 final_addr=0 incnt=0 limit=64 xlim=8 xstep=8 ylim=8 ystep=8 chlim=512 chstep=8
[IFMAP STALL STATUS] context=0 emit_count=10 pop_count=0 effective_k=64 act_can_pop=1
[IFMAP DONE STATUS] context=0 emit_count=10 pop_count=0 limit=64 cfg_limit=64 done=0
[WEIGHT FEED VEC] count=18 context=0 out_tile=0 k=18 flat_base_idx=288 feed_vec=[0, 0, 1, 0, 0, -1, 0, 0, 1, 0, 0, 1, 1, -1, 1, 0]
[WEIGHT WORD REQ] req=60 word_addr=20 final_addr=20 total_words=64
[WEIGHT DONE STATUS] context=0 emit_count=19 pop_count=0 out_count=0 k_len=64 tail_limit=79 done=0
[WEIGHT FEED VEC] count=18 context=0 out_tile=0 k=18 flat_base_idx=288 feed_vec=[0, 0, 1, 0, 0, -1, 0, 0, 1, 0, 0, 1, 1, -1, 1, 0]
[WEIGHT WORD REQ] req=60 word_addr=20 final_addr=20 total_words=64
[WEIGHT DONE STATUS] context=0 emit_count=19 pop_count=0 out_count=0 k_len=64 tail_limit=79 done=0
[CTRL DEBUG] cycle=81877 state=5 start=0 incntlim=64 act_reps=1 wei_reps=1 ncontexts=1 context_cnt=0 act_cnt_en=1 wei_cnt_en=1 act_pop_en=0 wei_pop_en=0 psm_start=0 shift_done=0 done=0 cscnt_q=0 pop_shim_q2=0 cdone_q=0 o_cswitch_done_val=0 o_cdone_val=0
[CTRL DEBUG] cycle=81877 state=5 start=0 incntlim=64 act_reps=1 wei_reps=1 ncontexts=1 context_cnt=0 act_cnt_en=1 wei_cnt_en=1 act_pop_en=0 wei_pop_en=0 psm_start=0 shift_done=0 done=0 cscnt_q=0 pop_shim_q2=0 cdone_q=0 o_cswitch_done_val=0 o_cdone_val=0
[DEBUG IFMAP] read_count=61 mode=SAURIAcontext_id=0context_y_offset0 feeder_en=1 cnt_en=1 cnt_clear=0 base=0 addr_reg=0 x_cnt=0 y_cnt=0 ch_cnt=0 final_addr=0 incnt=0 limit=64 xlim=8 xstep=8 ylim=8 ystep=8 chlim=512 chstep=8
[DEBUG IFMAP] read_count=61 mode=SAURIAcontext_id=0context_y_offset0 feeder_en=1 cnt_en=1 cnt_clear=0 base=0 addr_reg=0 x_cnt=0 y_cnt=0 ch_cnt=0 final_addr=0 incnt=0 limit=64 xlim=8 xstep=8 ylim=8 ystep=8 chlim=512 chstep=8
[CTRL DEBUG] cycle=81877 state=5 start=0 incntlim=64 act_reps=1 wei_reps=1 ncontexts=1 context_cnt=0 act_cnt_en=1 wei_cnt_en=1 act_pop_en=0 wei_pop_en=0 psm_start=0 shift_done=0 done=0 cscnt_q=0 pop_shim_q2=0 cdone_q=0 o_cswitch_done_val=0 o_cdone_val=0
[CTRL DEBUG] cycle=81877 state=5 start=0 incntlim=64 act_reps=1 wei_reps=1 ncontexts=1 context_cnt=0 act_cnt_en=1 wei_cnt_en=1 act_pop_en=0 wei_pop_en=0 psm_start=0 shift_done=0 done=0 cscnt_q=0 pop_shim_q2=0 cdone_q=0 o_cswitch_done_val=0 o_cdone_val=0
[DEBUG IFMAP] read_count=62 mode=SAURIAcontext_id=0context_y_offset0 feeder_en=1 cnt_en=1 cnt_clear=0 base=0 addr_reg=0 x_cnt=0 y_cnt=0 ch_cnt=0 final_addr=0 incnt=0 limit=64 xlim=8 xstep=8 ylim=8 ystep=8 chlim=512 chstep=8
[DEBUG IFMAP] read_count=62 mode=SAURIAcontext_id=0context_y_offset0 feeder_en=1 cnt_en=1 cnt_clear=0 base=0 addr_reg=0 x_cnt=0 y_cnt=0 ch_cnt=0 final_addr=0 incnt=0 limit=64 xlim=8 xstep=8 ylim=8 ystep=8 chlim=512 chstep=8
[CTRL DEBUG] cycle=81878 state=5 start=0 incntlim=64 act_reps=1 wei_reps=1 ncontexts=1 context_cnt=0 act_cnt_en=1 wei_cnt_en=1 act_pop_en=0 wei_pop_en=0 psm_start=0 shift_done=0 done=0 cscnt_q=0 pop_shim_q2=0 cdone_q=0 o_cswitch_done_val=0 o_cdone_val=0
[CTRL DEBUG] cycle=81878 state=5 start=0 incntlim=64 act_reps=1 wei_reps=1 ncontexts=1 context_cnt=0 act_cnt_en=1 wei_cnt_en=1 act_pop_en=0 wei_pop_en=0 psm_start=0 shift_done=0 done=0 cscnt_q=0 pop_shim_q2=0 cdone_q=0 o_cswitch_done_val=0 o_cdone_val=0
[DEBUG IFMAP] read_count=63 mode=SAURIAcontext_id=0context_y_offset0 feeder_en=1 cnt_en=1 cnt_clear=0 base=0 addr_reg=0 x_cnt=0 y_cnt=0 ch_cnt=0 final_addr=0 incnt=0 limit=64 xlim=8 xstep=8 ylim=8 ystep=8 chlim=512 chstep=8
[IFMAP STALL STATUS] context=0 emit_count=10 pop_count=0 effective_k=64 act_can_pop=1
[IFMAP DONE STATUS] context=0 emit_count=10 pop_count=0 limit=64 cfg_limit=64 done=0
[DEBUG IFMAP] read_count=63 mode=SAURIAcontext_id=0context_y_offset0 feeder_en=1 cnt_en=1 cnt_clear=0 base=0 addr_reg=0 x_cnt=0 y_cnt=0 ch_cnt=0 final_addr=0 incnt=0 limit=64 xlim=8 xstep=8 ylim=8 ystep=8 chlim=512 chstep=8
[IFMAP STALL STATUS] context=0 emit_count=10 pop_count=0 effective_k=64 act_can_pop=1
[IFMAP DONE STATUS] context=0 emit_count=10 pop_count=0 limit=64 cfg_limit=64 done=0
[WEIGHT FEED VEC] count=19 context=0 out_tile=0 k=19 flat_base_idx=304 feed_vec=[1, 0, 0, 0, 2, 0, 1, 1, 0, -1, 1, 1, 1, 0, 1, -2]
[WEIGHT WORD REQ] req=63 word_addr=21 final_addr=21 total_words=64
[WEIGHT DONE STATUS] context=0 emit_count=20 pop_count=0 out_count=0 k_len=64 tail_limit=79 done=0
[WEIGHT FEED VEC] count=19 context=0 out_tile=0 k=19 flat_base_idx=304 feed_vec=[1, 0, 0, 0, 2, 0, 1, 1, 0, -1, 1, 1, 1, 0, 1, -2]
[WEIGHT WORD REQ] req=63 word_addr=21 final_addr=21 total_words=64
[WEIGHT DONE STATUS] context=0 emit_count=20 pop_count=0 out_count=0 k_len=64 tail_limit=79 done=0
[CTRL DEBUG] cycle=81878 state=5 start=0 incntlim=64 act_reps=1 wei_reps=1 ncontexts=1 context_cnt=0 act_cnt_en=1 wei_cnt_en=1 act_pop_en=0 wei_pop_en=0 psm_start=0 shift_done=0 done=0 cscnt_q=0 pop_shim_q2=0 cdone_q=0 o_cswitch_done_val=0 o_cdone_val=0
[CTRL DEBUG] cycle=81878 state=5 start=0 incntlim=64 act_reps=1 wei_reps=1 ncontexts=1 context_cnt=0 act_cnt_en=1 wei_cnt_en=1 act_pop_en=0 wei_pop_en=0 psm_start=0 shift_done=0 done=0 cscnt_q=0 pop_shim_q2=0 cdone_q=0 o_cswitch_done_val=0 o_cdone_val=0
[CTRL DEBUG] cycle=81878 state=5 start=0 incntlim=64 act_reps=1 wei_reps=1 ncontexts=1 context_cnt=0 act_cnt_en=1 wei_cnt_en=1 act_pop_en=0 wei_pop_en=0 psm_start=0 shift_done=0 done=0 cscnt_q=0 pop_shim_q2=0 cdone_q=0 o_cswitch_done_val=0 o_cdone_val=0
[CTRL DEBUG] cycle=81878 state=5 start=0 incntlim=64 act_reps=1 wei_reps=1 ncontexts=1 context_cnt=0 act_cnt_en=1 wei_cnt_en=1 act_pop_en=0 wei_pop_en=0 psm_start=0 shift_done=0 done=0 cscnt_q=0 pop_shim_q2=0 cdone_q=0 o_cswitch_done_val=0 o_cdone_val=0
[CTRL DEBUG] cycle=81879 state=5 start=0 incntlim=64 act_reps=1 wei_reps=1 ncontexts=1 context_cnt=0 act_cnt_en=1 wei_cnt_en=1 act_pop_en=0 wei_pop_en=0 psm_start=0 shift_done=0 done=0 cscnt_q=0 pop_shim_q2=0 cdone_q=0 o_cswitch_done_val=0 o_cdone_val=0
[CTRL DEBUG] cycle=81879 state=5 start=0 incntlim=64 act_reps=1 wei_reps=1 ncontexts=1 context_cnt=0 act_cnt_en=1 wei_cnt_en=1 act_pop_en=0 wei_pop_en=0 psm_start=0 shift_done=0 done=0 cscnt_q=0 pop_shim_q2=0 cdone_q=0 o_cswitch_done_val=0 o_cdone_val=0
[IFMAP DEMAND REQ] req=11 context=0 k=11 ch=11 ky=0 kx=0 start_abs_idx=88 first_word=11 last_word=11 req_word_addr=11 req_final_addr=11
[IFMAP STALL STATUS] context=0 emit_count=11 pop_count=0 effective_k=64 act_can_pop=1
[IFMAP DONE STATUS] context=0 emit_count=11 pop_count=0 limit=64 cfg_limit=64 done=0
[IFMAP DEMAND REQ] req=11 context=0 k=11 ch=11 ky=0 kx=0 start_abs_idx=88 first_word=11 last_word=11 req_word_addr=11 req_final_addr=11
[IFMAP STALL STATUS] context=0 emit_count=11 pop_count=0 effective_k=64 act_can_pop=1
[IFMAP DONE STATUS] context=0 emit_count=11 pop_count=0 limit=64 cfg_limit=64 done=0
[WEIGHT FEED VEC] count=20 context=0 out_tile=0 k=20 flat_base_idx=320 feed_vec=[2, 0, 2, 0, 0, 0, 2, 0, 2, -1, 0, -1, 0, 0, 0, 0]
[WEIGHT DONE STATUS] context=0 emit_count=21 pop_count=0 out_count=0 k_len=64 tail_limit=79 done=0
[WEIGHT FEED VEC] count=20 context=0 out_tile=0 k=20 flat_base_idx=320 feed_vec=[2, 0, 2, 0, 0, 0, 2, 0, 2, -1, 0, -1, 0, 0, 0, 0]
[WEIGHT DONE STATUS] context=0 emit_count=21 pop_count=0 out_count=0 k_len=64 tail_limit=79 done=0
[CTRL DEBUG] cycle=81879 state=5 start=0 incntlim=64 act_reps=1 wei_reps=1 ncontexts=1 context_cnt=0 act_cnt_en=1 wei_cnt_en=1 act_pop_en=0 wei_pop_en=0 psm_start=0 shift_done=0 done=0 cscnt_q=0 pop_shim_q2=0 cdone_q=0 o_cswitch_done_val=0 o_cdone_val=0
[CTRL DEBUG] cycle=81879 state=5 start=0 incntlim=64 act_reps=1 wei_reps=1 ncontexts=1 context_cnt=0 act_cnt_en=1 wei_cnt_en=1 act_pop_en=0 wei_pop_en=0 psm_start=0 shift_done=0 done=0 cscnt_q=0 pop_shim_q2=0 cdone_q=0 o_cswitch_done_val=0 o_cdone_val=0
[CTRL DEBUG] cycle=81879 state=5 start=0 incntlim=64 act_reps=1 wei_reps=1 ncontexts=1 context_cnt=0 act_cnt_en=1 wei_cnt_en=1 act_pop_en=0 wei_pop_en=0 psm_start=0 shift_done=0 done=0 cscnt_q=0 pop_shim_q2=0 cdone_q=0 o_cswitch_done_val=0 o_cdone_val=0
[CTRL DEBUG] cycle=81879 state=5 start=0 incntlim=64 act_reps=1 wei_reps=1 ncontexts=1 context_cnt=0 act_cnt_en=1 wei_cnt_en=1 act_pop_en=0 wei_pop_en=0 psm_start=0 shift_done=0 done=0 cscnt_q=0 pop_shim_q2=0 cdone_q=0 o_cswitch_done_val=0 o_cdone_val=0
[CTRL DEBUG] cycle=81880 state=5 start=0 incntlim=64 act_reps=1 wei_reps=1 ncontexts=1 context_cnt=0 act_cnt_en=1 wei_cnt_en=1 act_pop_en=0 wei_pop_en=0 psm_start=0 shift_done=0 done=0 cscnt_q=0 pop_shim_q2=0 cdone_q=0 o_cswitch_done_val=0 o_cdone_val=0
[CTRL DEBUG] cycle=81880 state=5 start=0 incntlim=64 act_reps=1 wei_reps=1 ncontexts=1 context_cnt=0 act_cnt_en=1 wei_cnt_en=1 act_pop_en=0 wei_pop_en=0 psm_start=0 shift_done=0 done=0 cscnt_q=0 pop_shim_q2=0 cdone_q=0 o_cswitch_done_val=0 o_cdone_val=0
[IFMAP STALL STATUS] context=0 emit_count=11 pop_count=0 effective_k=64 act_can_pop=1
[IFMAP DONE STATUS] context=0 emit_count=11 pop_count=0 limit=64 cfg_limit=64 done=0
[IFMAP STALL STATUS] context=0 emit_count=11 pop_count=0 effective_k=64 act_can_pop=1
[IFMAP DONE STATUS] context=0 emit_count=11 pop_count=0 limit=64 cfg_limit=64 done=0
[WEIGHT FEED VEC] count=21 context=0 out_tile=0 k=21 flat_base_idx=336 feed_vec=[0, 1, 1, 0, 0, 1, 0, 0, 0, 0, 0, 0, 0, 0, 1, 0]
[WEIGHT DONE STATUS] context=0 emit_count=22 pop_count=0 out_count=0 k_len=64 tail_limit=79 done=0
[WEIGHT FEED VEC] count=21 context=0 out_tile=0 k=21 flat_base_idx=336 feed_vec=[0, 1, 1, 0, 0, 1, 0, 0, 0, 0, 0, 0, 0, 0, 1, 0]
[WEIGHT DONE STATUS] context=0 emit_count=22 pop_count=0 out_count=0 k_len=64 tail_limit=79 done=0
[CTRL DEBUG] cycle=81880 state=5 start=0 incntlim=64 act_reps=1 wei_reps=1 ncontexts=1 context_cnt=0 act_cnt_en=1 wei_cnt_en=1 act_pop_en=0 wei_pop_en=0 psm_start=0 shift_done=0 done=0 cscnt_q=0 pop_shim_q2=0 cdone_q=0 o_cswitch_done_val=0 o_cdone_val=0
[CTRL DEBUG] cycle=81880 state=5 start=0 incntlim=64 act_reps=1 wei_reps=1 ncontexts=1 context_cnt=0 act_cnt_en=1 wei_cnt_en=1 act_pop_en=0 wei_pop_en=0 psm_start=0 shift_done=0 done=0 cscnt_q=0 pop_shim_q2=0 cdone_q=0 o_cswitch_done_val=0 o_cdone_val=0
[CTRL DEBUG] cycle=81880 state=5 start=0 incntlim=64 act_reps=1 wei_reps=1 ncontexts=1 context_cnt=0 act_cnt_en=1 wei_cnt_en=1 act_pop_en=0 wei_pop_en=0 psm_start=0 shift_done=0 done=0 cscnt_q=0 pop_shim_q2=0 cdone_q=0 o_cswitch_done_val=0 o_cdone_val=0
[CTRL DEBUG] cycle=81880 state=5 start=0 incntlim=64 act_reps=1 wei_reps=1 ncontexts=1 context_cnt=0 act_cnt_en=1 wei_cnt_en=1 act_pop_en=0 wei_pop_en=0 psm_start=0 shift_done=0 done=0 cscnt_q=0 pop_shim_q2=0 cdone_q=0 o_cswitch_done_val=0 o_cdone_val=0
[CTRL DEBUG] cycle=81881 state=5 start=0 incntlim=64 act_reps=1 wei_reps=1 ncontexts=1 context_cnt=0 act_cnt_en=1 wei_cnt_en=1 act_pop_en=0 wei_pop_en=0 psm_start=0 shift_done=0 done=0 cscnt_q=0 pop_shim_q2=0 cdone_q=0 o_cswitch_done_val=0 o_cdone_val=0
[CTRL DEBUG] cycle=81881 state=5 start=0 incntlim=64 act_reps=1 wei_reps=1 ncontexts=1 context_cnt=0 act_cnt_en=1 wei_cnt_en=1 act_pop_en=0 wei_pop_en=0 psm_start=0 shift_done=0 done=0 cscnt_q=0 pop_shim_q2=0 cdone_q=0 o_cswitch_done_val=0 o_cdone_val=0
[IFMAP DEMAND REQ] req=12 context=0 k=12 ch=12 ky=0 kx=0 start_abs_idx=96 first_word=12 last_word=12 req_word_addr=12 req_final_addr=12
[IFMAP STALL STATUS] context=0 emit_count=12 pop_count=0 effective_k=64 act_can_pop=1
[IFMAP DONE STATUS] context=0 emit_count=12 pop_count=0 limit=64 cfg_limit=64 done=0
[IFMAP DEMAND REQ] req=12 context=0 k=12 ch=12 ky=0 kx=0 start_abs_idx=96 first_word=12 last_word=12 req_word_addr=12 req_final_addr=12
[IFMAP STALL STATUS] context=0 emit_count=12 pop_count=0 effective_k=64 act_can_pop=1
[IFMAP DONE STATUS] context=0 emit_count=12 pop_count=0 limit=64 cfg_limit=64 done=0
[WEIGHT FEED VEC] count=22 context=0 out_tile=0 k=22 flat_base_idx=352 feed_vec=[1, 0, 0, 0, -2, 0, 1, 0, 0, -1, 0, 0, 0, 0, -1, 1]
[WEIGHT DONE STATUS] context=0 emit_count=23 pop_count=0 out_count=0 k_len=64 tail_limit=79 done=0
[WEIGHT FEED VEC] count=22 context=0 out_tile=0 k=22 flat_base_idx=352 feed_vec=[1, 0, 0, 0, -2, 0, 1, 0, 0, -1, 0, 0, 0, 0, -1, 1]
[WEIGHT DONE STATUS] context=0 emit_count=23 pop_count=0 out_count=0 k_len=64 tail_limit=79 done=0
[CTRL DEBUG] cycle=81881 state=5 start=0 incntlim=64 act_reps=1 wei_reps=1 ncontexts=1 context_cnt=0 act_cnt_en=1 wei_cnt_en=1 act_pop_en=0 wei_pop_en=0 psm_start=0 shift_done=0 done=0 cscnt_q=0 pop_shim_q2=0 cdone_q=0 o_cswitch_done_val=0 o_cdone_val=0
[CTRL DEBUG] cycle=81881 state=5 start=0 incntlim=64 act_reps=1 wei_reps=1 ncontexts=1 context_cnt=0 act_cnt_en=1 wei_cnt_en=1 act_pop_en=0 wei_pop_en=0 psm_start=0 shift_done=0 done=0 cscnt_q=0 pop_shim_q2=0 cdone_q=0 o_cswitch_done_val=0 o_cdone_val=0
[CTRL DEBUG] cycle=81881 state=5 start=0 incntlim=64 act_reps=1 wei_reps=1 ncontexts=1 context_cnt=0 act_cnt_en=1 wei_cnt_en=1 act_pop_en=0 wei_pop_en=0 psm_start=0 shift_done=0 done=0 cscnt_q=0 pop_shim_q2=0 cdone_q=0 o_cswitch_done_val=0 o_cdone_val=0
[CTRL DEBUG] cycle=81881 state=5 start=0 incntlim=64 act_reps=1 wei_reps=1 ncontexts=1 context_cnt=0 act_cnt_en=1 wei_cnt_en=1 act_pop_en=0 wei_pop_en=0 psm_start=0 shift_done=0 done=0 cscnt_q=0 pop_shim_q2=0 cdone_q=0 o_cswitch_done_val=0 o_cdone_val=0
[CTRL DEBUG] cycle=81882 state=5 start=0 incntlim=64 act_reps=1 wei_reps=1 ncontexts=1 context_cnt=0 act_cnt_en=1 wei_cnt_en=1 act_pop_en=0 wei_pop_en=0 psm_start=0 shift_done=0 done=0 cscnt_q=0 pop_shim_q2=0 cdone_q=0 o_cswitch_done_val=0 o_cdone_val=0
[CTRL DEBUG] cycle=81882 state=5 start=0 incntlim=64 act_reps=1 wei_reps=1 ncontexts=1 context_cnt=0 act_cnt_en=1 wei_cnt_en=1 act_pop_en=0 wei_pop_en=0 psm_start=0 shift_done=0 done=0 cscnt_q=0 pop_shim_q2=0 cdone_q=0 o_cswitch_done_val=0 o_cdone_val=0
[IFMAP STALL STATUS] context=0 emit_count=12 pop_count=0 effective_k=64 act_can_pop=1
[IFMAP DONE STATUS] context=0 emit_count=12 pop_count=0 limit=64 cfg_limit=64 done=0
[IFMAP STALL STATUS] context=0 emit_count=12 pop_count=0 effective_k=64 act_can_pop=1
[IFMAP DONE STATUS] context=0 emit_count=12 pop_count=0 limit=64 cfg_limit=64 done=0
[WEIGHT FEED VEC] count=23 context=0 out_tile=0 k=23 flat_base_idx=368 feed_vec=[0, 0, 0, 0, -1, 1, 1, 0, 0, 0, 0, -1, -1, 0, -1, 0]
[WEIGHT DONE STATUS] context=0 emit_count=24 pop_count=0 out_count=0 k_len=64 tail_limit=79 done=0
[WEIGHT FEED VEC] count=23 context=0 out_tile=0 k=23 flat_base_idx=368 feed_vec=[0, 0, 0, 0, -1, 1, 1, 0, 0, 0, 0, -1, -1, 0, -1, 0]
[WEIGHT DONE STATUS] context=0 emit_count=24 pop_count=0 out_count=0 k_len=64 tail_limit=79 done=0
[CTRL DEBUG] cycle=81882 state=5 start=0 incntlim=64 act_reps=1 wei_reps=1 ncontexts=1 context_cnt=0 act_cnt_en=1 wei_cnt_en=1 act_pop_en=0 wei_pop_en=0 psm_start=0 shift_done=0 done=0 cscnt_q=0 pop_shim_q2=0 cdone_q=0 o_cswitch_done_val=0 o_cdone_val=0
[CTRL DEBUG] cycle=81882 state=5 start=0 incntlim=64 act_reps=1 wei_reps=1 ncontexts=1 context_cnt=0 act_cnt_en=1 wei_cnt_en=1 act_pop_en=0 wei_pop_en=0 psm_start=0 shift_done=0 done=0 cscnt_q=0 pop_shim_q2=0 cdone_q=0 o_cswitch_done_val=0 o_cdone_val=0
[CTRL DEBUG] cycle=81882 state=5 start=0 incntlim=64 act_reps=1 wei_reps=1 ncontexts=1 context_cnt=0 act_cnt_en=1 wei_cnt_en=1 act_pop_en=0 wei_pop_en=0 psm_start=0 shift_done=0 done=0 cscnt_q=0 pop_shim_q2=0 cdone_q=0 o_cswitch_done_val=0 o_cdone_val=0
[CTRL DEBUG] cycle=81882 state=5 start=0 incntlim=64 act_reps=1 wei_reps=1 ncontexts=1 context_cnt=0 act_cnt_en=1 wei_cnt_en=1 act_pop_en=0 wei_pop_en=0 psm_start=0 shift_done=0 done=0 cscnt_q=0 pop_shim_q2=0 cdone_q=0 o_cswitch_done_val=0 o_cdone_val=0
[CTRL DEBUG] cycle=81883 state=5 start=0 incntlim=64 act_reps=1 wei_reps=1 ncontexts=1 context_cnt=0 act_cnt_en=1 wei_cnt_en=1 act_pop_en=0 wei_pop_en=0 psm_start=0 shift_done=0 done=0 cscnt_q=0 pop_shim_q2=0 cdone_q=0 o_cswitch_done_val=0 o_cdone_val=0
[CTRL DEBUG] cycle=81883 state=5 start=0 incntlim=64 act_reps=1 wei_reps=1 ncontexts=1 context_cnt=0 act_cnt_en=1 wei_cnt_en=1 act_pop_en=0 wei_pop_en=0 psm_start=0 shift_done=0 done=0 cscnt_q=0 pop_shim_q2=0 cdone_q=0 o_cswitch_done_val=0 o_cdone_val=0
[IFMAP DEMAND REQ] req=13 context=0 k=13 ch=13 ky=0 kx=0 start_abs_idx=104 first_word=13 last_word=13 req_word_addr=13 req_final_addr=13
[IFMAP STALL STATUS] context=0 emit_count=13 pop_count=0 effective_k=64 act_can_pop=1
[IFMAP DONE STATUS] context=0 emit_count=13 pop_count=0 limit=64 cfg_limit=64 done=0
[IFMAP DEMAND REQ] req=13 context=0 k=13 ch=13 ky=0 kx=0 start_abs_idx=104 first_word=13 last_word=13 req_word_addr=13 req_final_addr=13
[IFMAP STALL STATUS] context=0 emit_count=13 pop_count=0 effective_k=64 act_can_pop=1
[IFMAP DONE STATUS] context=0 emit_count=13 pop_count=0 limit=64 cfg_limit=64 done=0
[WEIGHT FEED VEC] count=24 context=0 out_tile=0 k=24 flat_base_idx=384 feed_vec=[0, 0, 0, -1, 0, -1, 1, -2, 0, 0, 0, 0, 0, 0, 0, 0]
[WEIGHT DONE STATUS] context=0 emit_count=25 pop_count=0 out_count=0 k_len=64 tail_limit=79 done=0
[WEIGHT FEED VEC] count=24 context=0 out_tile=0 k=24 flat_base_idx=384 feed_vec=[0, 0, 0, -1, 0, -1, 1, -2, 0, 0, 0, 0, 0, 0, 0, 0]
[WEIGHT DONE STATUS] context=0 emit_count=25 pop_count=0 out_count=0 k_len=64 tail_limit=79 done=0
[CTRL DEBUG] cycle=81883 state=5 start=0 incntlim=64 act_reps=1 wei_reps=1 ncontexts=1 context_cnt=0 act_cnt_en=1 wei_cnt_en=1 act_pop_en=0 wei_pop_en=0 psm_start=0 shift_done=0 done=0 cscnt_q=0 pop_shim_q2=0 cdone_q=0 o_cswitch_done_val=0 o_cdone_val=0
[CTRL DEBUG] cycle=81883 state=5 start=0 incntlim=64 act_reps=1 wei_reps=1 ncontexts=1 context_cnt=0 act_cnt_en=1 wei_cnt_en=1 act_pop_en=0 wei_pop_en=0 psm_start=0 shift_done=0 done=0 cscnt_q=0 pop_shim_q2=0 cdone_q=0 o_cswitch_done_val=0 o_cdone_val=0
[CTRL DEBUG] cycle=81883 state=5 start=0 incntlim=64 act_reps=1 wei_reps=1 ncontexts=1 context_cnt=0 act_cnt_en=1 wei_cnt_en=1 act_pop_en=0 wei_pop_en=0 psm_start=0 shift_done=0 done=0 cscnt_q=0 pop_shim_q2=0 cdone_q=0 o_cswitch_done_val=0 o_cdone_val=0
[CTRL DEBUG] cycle=81883 state=5 start=0 incntlim=64 act_reps=1 wei_reps=1 ncontexts=1 context_cnt=0 act_cnt_en=1 wei_cnt_en=1 act_pop_en=0 wei_pop_en=0 psm_start=0 shift_done=0 done=0 cscnt_q=0 pop_shim_q2=0 cdone_q=0 o_cswitch_done_val=0 o_cdone_val=0
[CTRL DEBUG] cycle=81884 state=5 start=0 incntlim=64 act_reps=1 wei_reps=1 ncontexts=1 context_cnt=0 act_cnt_en=1 wei_cnt_en=1 act_pop_en=0 wei_pop_en=0 psm_start=0 shift_done=0 done=0 cscnt_q=0 pop_shim_q2=0 cdone_q=0 o_cswitch_done_val=0 o_cdone_val=0
[CTRL DEBUG] cycle=81884 state=5 start=0 incntlim=64 act_reps=1 wei_reps=1 ncontexts=1 context_cnt=0 act_cnt_en=1 wei_cnt_en=1 act_pop_en=0 wei_pop_en=0 psm_start=0 shift_done=0 done=0 cscnt_q=0 pop_shim_q2=0 cdone_q=0 o_cswitch_done_val=0 o_cdone_val=0
[IFMAP STALL STATUS] context=0 emit_count=13 pop_count=0 effective_k=64 act_can_pop=1
[IFMAP DONE STATUS] context=0 emit_count=13 pop_count=0 limit=64 cfg_limit=64 done=0
[IFMAP STALL STATUS] context=0 emit_count=13 pop_count=0 effective_k=64 act_can_pop=1
[IFMAP DONE STATUS] context=0 emit_count=13 pop_count=0 limit=64 cfg_limit=64 done=0
[WEIGHT FEED VEC] count=25 context=0 out_tile=0 k=25 flat_base_idx=400 feed_vec=[-1, -2, 0, 0, 0, 0, -1, 2, 0, -1, 0, 0, 0, 2, 0, 0]
[WEIGHT DONE STATUS] context=0 emit_count=26 pop_count=0 out_count=0 k_len=64 tail_limit=79 done=0
[WEIGHT FEED VEC] count=25 context=0 out_tile=0 k=25 flat_base_idx=400 feed_vec=[-1, -2, 0, 0, 0, 0, -1, 2, 0, -1, 0, 0, 0, 2, 0, 0]
[WEIGHT DONE STATUS] context=0 emit_count=26 pop_count=0 out_count=0 k_len=64 tail_limit=79 done=0
[CTRL DEBUG] cycle=81884 state=5 start=0 incntlim=64 act_reps=1 wei_reps=1 ncontexts=1 context_cnt=0 act_cnt_en=1 wei_cnt_en=1 act_pop_en=0 wei_pop_en=0 psm_start=0 shift_done=0 done=0 cscnt_q=0 pop_shim_q2=0 cdone_q=0 o_cswitch_done_val=0 o_cdone_val=0
[CTRL DEBUG] cycle=81884 state=5 start=0 incntlim=64 act_reps=1 wei_reps=1 ncontexts=1 context_cnt=0 act_cnt_en=1 wei_cnt_en=1 act_pop_en=0 wei_pop_en=0 psm_start=0 shift_done=0 done=0 cscnt_q=0 pop_shim_q2=0 cdone_q=0 o_cswitch_done_val=0 o_cdone_val=0
[CTRL DEBUG] cycle=81884 state=5 start=0 incntlim=64 act_reps=1 wei_reps=1 ncontexts=1 context_cnt=0 act_cnt_en=1 wei_cnt_en=1 act_pop_en=0 wei_pop_en=0 psm_start=0 shift_done=0 done=0 cscnt_q=0 pop_shim_q2=0 cdone_q=0 o_cswitch_done_val=0 o_cdone_val=0
[CTRL DEBUG] cycle=81884 state=5 start=0 incntlim=64 act_reps=1 wei_reps=1 ncontexts=1 context_cnt=0 act_cnt_en=1 wei_cnt_en=1 act_pop_en=0 wei_pop_en=0 psm_start=0 shift_done=0 done=0 cscnt_q=0 pop_shim_q2=0 cdone_q=0 o_cswitch_done_val=0 o_cdone_val=0
[CTRL DEBUG] cycle=81885 state=5 start=0 incntlim=64 act_reps=1 wei_reps=1 ncontexts=1 context_cnt=0 act_cnt_en=1 wei_cnt_en=1 act_pop_en=0 wei_pop_en=0 psm_start=0 shift_done=0 done=0 cscnt_q=0 pop_shim_q2=0 cdone_q=0 o_cswitch_done_val=0 o_cdone_val=0
[CTRL DEBUG] cycle=81885 state=5 start=0 incntlim=64 act_reps=1 wei_reps=1 ncontexts=1 context_cnt=0 act_cnt_en=1 wei_cnt_en=1 act_pop_en=0 wei_pop_en=0 psm_start=0 shift_done=0 done=0 cscnt_q=0 pop_shim_q2=0 cdone_q=0 o_cswitch_done_val=0 o_cdone_val=0
[IFMAP DEMAND REQ] req=14 context=0 k=14 ch=14 ky=0 kx=0 start_abs_idx=112 first_word=14 last_word=14 req_word_addr=14 req_final_addr=14
[IFMAP STALL STATUS] context=0 emit_count=14 pop_count=0 effective_k=64 act_can_pop=1
[IFMAP DONE STATUS] context=0 emit_count=14 pop_count=0 limit=64 cfg_limit=64 done=0
[IFMAP DEMAND REQ] req=14 context=0 k=14 ch=14 ky=0 kx=0 start_abs_idx=112 first_word=14 last_word=14 req_word_addr=14 req_final_addr=14
[IFMAP STALL STATUS] context=0 emit_count=14 pop_count=0 effective_k=64 act_can_pop=1
[IFMAP DONE STATUS] context=0 emit_count=14 pop_count=0 limit=64 cfg_limit=64 done=0
[WEIGHT FEED VEC] count=26 context=0 out_tile=0 k=26 flat_base_idx=416 feed_vec=[0, 0, 0, -1, 2, -1, 0, 0, -1, 0, 0, -3, 0, 0, 1, 0]
[WEIGHT DONE STATUS] context=0 emit_count=27 pop_count=0 out_count=0 k_len=64 tail_limit=79 done=0
[WEIGHT FEED VEC] count=26 context=0 out_tile=0 k=26 flat_base_idx=416 feed_vec=[0, 0, 0, -1, 2, -1, 0, 0, -1, 0, 0, -3, 0, 0, 1, 0]
[WEIGHT DONE STATUS] context=0 emit_count=27 pop_count=0 out_count=0 k_len=64 tail_limit=79 done=0
[CTRL DEBUG] cycle=81885 state=5 start=0 incntlim=64 act_reps=1 wei_reps=1 ncontexts=1 context_cnt=0 act_cnt_en=1 wei_cnt_en=1 act_pop_en=0 wei_pop_en=0 psm_start=0 shift_done=0 done=0 cscnt_q=0 pop_shim_q2=0 cdone_q=0 o_cswitch_done_val=0 o_cdone_val=0
[CTRL DEBUG] cycle=81885 state=5 start=0 incntlim=64 act_reps=1 wei_reps=1 ncontexts=1 context_cnt=0 act_cnt_en=1 wei_cnt_en=1 act_pop_en=0 wei_pop_en=0 psm_start=0 shift_done=0 done=0 cscnt_q=0 pop_shim_q2=0 cdone_q=0 o_cswitch_done_val=0 o_cdone_val=0
[CTRL DEBUG] cycle=81885 state=5 start=0 incntlim=64 act_reps=1 wei_reps=1 ncontexts=1 context_cnt=0 act_cnt_en=1 wei_cnt_en=1 act_pop_en=0 wei_pop_en=0 psm_start=0 shift_done=0 done=0 cscnt_q=0 pop_shim_q2=0 cdone_q=0 o_cswitch_done_val=0 o_cdone_val=0
[CTRL DEBUG] cycle=81885 state=5 start=0 incntlim=64 act_reps=1 wei_reps=1 ncontexts=1 context_cnt=0 act_cnt_en=1 wei_cnt_en=1 act_pop_en=0 wei_pop_en=0 psm_start=0 shift_done=0 done=0 cscnt_q=0 pop_shim_q2=0 cdone_q=0 o_cswitch_done_val=0 o_cdone_val=0
[CTRL DEBUG] cycle=81886 state=5 start=0 incntlim=64 act_reps=1 wei_reps=1 ncontexts=1 context_cnt=0 act_cnt_en=1 wei_cnt_en=1 act_pop_en=0 wei_pop_en=0 psm_start=0 shift_done=0 done=0 cscnt_q=0 pop_shim_q2=0 cdone_q=0 o_cswitch_done_val=0 o_cdone_val=0
[CTRL DEBUG] cycle=81886 state=5 start=0 incntlim=64 act_reps=1 wei_reps=1 ncontexts=1 context_cnt=0 act_cnt_en=1 wei_cnt_en=1 act_pop_en=0 wei_pop_en=0 psm_start=0 shift_done=0 done=0 cscnt_q=0 pop_shim_q2=0 cdone_q=0 o_cswitch_done_val=0 o_cdone_val=0
[IFMAP STALL STATUS] context=0 emit_count=14 pop_count=0 effective_k=64 act_can_pop=1
[IFMAP DONE STATUS] context=0 emit_count=14 pop_count=0 limit=64 cfg_limit=64 done=0
[IFMAP STALL STATUS] context=0 emit_count=14 pop_count=0 effective_k=64 act_can_pop=1
[IFMAP DONE STATUS] context=0 emit_count=14 pop_count=0 limit=64 cfg_limit=64 done=0
[WEIGHT FEED VEC] count=27 context=0 out_tile=0 k=27 flat_base_idx=432 feed_vec=[-1, 0, 0, 0, 1, 0, 1, 0, 0, 0, 0, 1, 1, 1, 0, 0]
[WEIGHT DONE STATUS] context=0 emit_count=28 pop_count=0 out_count=0 k_len=64 tail_limit=79 done=0
[WEIGHT FEED VEC] count=27 context=0 out_tile=0 k=27 flat_base_idx=432 feed_vec=[-1, 0, 0, 0, 1, 0, 1, 0, 0, 0, 0, 1, 1, 1, 0, 0]
[WEIGHT DONE STATUS] context=0 emit_count=28 pop_count=0 out_count=0 k_len=64 tail_limit=79 done=0
[CTRL DEBUG] cycle=81886 state=5 start=0 incntlim=64 act_reps=1 wei_reps=1 ncontexts=1 context_cnt=0 act_cnt_en=1 wei_cnt_en=1 act_pop_en=0 wei_pop_en=0 psm_start=0 shift_done=0 done=0 cscnt_q=0 pop_shim_q2=0 cdone_q=0 o_cswitch_done_val=0 o_cdone_val=0
[CTRL DEBUG] cycle=81886 state=5 start=0 incntlim=64 act_reps=1 wei_reps=1 ncontexts=1 context_cnt=0 act_cnt_en=1 wei_cnt_en=1 act_pop_en=0 wei_pop_en=0 psm_start=0 shift_done=0 done=0 cscnt_q=0 pop_shim_q2=0 cdone_q=0 o_cswitch_done_val=0 o_cdone_val=0
[CTRL DEBUG] cycle=81886 state=5 start=0 incntlim=64 act_reps=1 wei_reps=1 ncontexts=1 context_cnt=0 act_cnt_en=1 wei_cnt_en=1 act_pop_en=0 wei_pop_en=0 psm_start=0 shift_done=0 done=0 cscnt_q=0 pop_shim_q2=0 cdone_q=0 o_cswitch_done_val=0 o_cdone_val=0
[CTRL DEBUG] cycle=81886 state=5 start=0 incntlim=64 act_reps=1 wei_reps=1 ncontexts=1 context_cnt=0 act_cnt_en=1 wei_cnt_en=1 act_pop_en=0 wei_pop_en=0 psm_start=0 shift_done=0 done=0 cscnt_q=0 pop_shim_q2=0 cdone_q=0 o_cswitch_done_val=0 o_cdone_val=0
[CTRL DEBUG] cycle=81887 state=5 start=0 incntlim=64 act_reps=1 wei_reps=1 ncontexts=1 context_cnt=0 act_cnt_en=1 wei_cnt_en=1 act_pop_en=0 wei_pop_en=0 psm_start=0 shift_done=0 done=0 cscnt_q=0 pop_shim_q2=0 cdone_q=0 o_cswitch_done_val=0 o_cdone_val=0
[CTRL DEBUG] cycle=81887 state=5 start=0 incntlim=64 act_reps=1 wei_reps=1 ncontexts=1 context_cnt=0 act_cnt_en=1 wei_cnt_en=1 act_pop_en=0 wei_pop_en=0 psm_start=0 shift_done=0 done=0 cscnt_q=0 pop_shim_q2=0 cdone_q=0 o_cswitch_done_val=0 o_cdone_val=0
[IFMAP DEMAND REQ] req=15 context=0 k=15 ch=15 ky=0 kx=0 start_abs_idx=120 first_word=15 last_word=15 req_word_addr=15 req_final_addr=15
[IFMAP STALL STATUS] context=0 emit_count=15 pop_count=0 effective_k=64 act_can_pop=1
[IFMAP DONE STATUS] context=0 emit_count=15 pop_count=0 limit=64 cfg_limit=64 done=0
[IFMAP DEMAND REQ] req=15 context=0 k=15 ch=15 ky=0 kx=0 start_abs_idx=120 first_word=15 last_word=15 req_word_addr=15 req_final_addr=15
[IFMAP STALL STATUS] context=0 emit_count=15 pop_count=0 effective_k=64 act_can_pop=1
[IFMAP DONE STATUS] context=0 emit_count=15 pop_count=0 limit=64 cfg_limit=64 done=0
[WEIGHT FEED VEC] count=28 context=0 out_tile=0 k=28 flat_base_idx=448 feed_vec=[1, -2, 0, 0, 0, -1, 0, 0, 0, 0, 0, 2, 0, 1, 0, 0]
[WEIGHT DONE STATUS] context=0 emit_count=29 pop_count=0 out_count=0 k_len=64 tail_limit=79 done=0
[WEIGHT FEED VEC] count=28 context=0 out_tile=0 k=28 flat_base_idx=448 feed_vec=[1, -2, 0, 0, 0, -1, 0, 0, 0, 0, 0, 2, 0, 1, 0, 0]
[WEIGHT DONE STATUS] context=0 emit_count=29 pop_count=0 out_count=0 k_len=64 tail_limit=79 done=0
[CTRL DEBUG] cycle=81887 state=5 start=0 incntlim=64 act_reps=1 wei_reps=1 ncontexts=1 context_cnt=0 act_cnt_en=1 wei_cnt_en=1 act_pop_en=0 wei_pop_en=0 psm_start=0 shift_done=0 done=0 cscnt_q=0 pop_shim_q2=0 cdone_q=0 o_cswitch_done_val=0 o_cdone_val=0
[CTRL DEBUG] cycle=81887 state=5 start=0 incntlim=64 act_reps=1 wei_reps=1 ncontexts=1 context_cnt=0 act_cnt_en=1 wei_cnt_en=1 act_pop_en=0 wei_pop_en=0 psm_start=0 shift_done=0 done=0 cscnt_q=0 pop_shim_q2=0 cdone_q=0 o_cswitch_done_val=0 o_cdone_val=0
[CTRL DEBUG] cycle=81887 state=5 start=0 incntlim=64 act_reps=1 wei_reps=1 ncontexts=1 context_cnt=0 act_cnt_en=1 wei_cnt_en=1 act_pop_en=0 wei_pop_en=0 psm_start=0 shift_done=0 done=0 cscnt_q=0 pop_shim_q2=0 cdone_q=0 o_cswitch_done_val=0 o_cdone_val=0
[CTRL DEBUG] cycle=81887 state=5 start=0 incntlim=64 act_reps=1 wei_reps=1 ncontexts=1 context_cnt=0 act_cnt_en=1 wei_cnt_en=1 act_pop_en=0 wei_pop_en=0 psm_start=0 shift_done=0 done=0 cscnt_q=0 pop_shim_q2=0 cdone_q=0 o_cswitch_done_val=0 o_cdone_val=0
[CTRL DEBUG] cycle=81888 state=5 start=0 incntlim=64 act_reps=1 wei_reps=1 ncontexts=1 context_cnt=0 act_cnt_en=1 wei_cnt_en=1 act_pop_en=0 wei_pop_en=0 psm_start=0 shift_done=0 done=0 cscnt_q=0 pop_shim_q2=0 cdone_q=0 o_cswitch_done_val=0 o_cdone_val=0
[CTRL DEBUG] cycle=81888 state=5 start=0 incntlim=64 act_reps=1 wei_reps=1 ncontexts=1 context_cnt=0 act_cnt_en=1 wei_cnt_en=1 act_pop_en=0 wei_pop_en=0 psm_start=0 shift_done=0 done=0 cscnt_q=0 pop_shim_q2=0 cdone_q=0 o_cswitch_done_val=0 o_cdone_val=0
[IFMAP STALL STATUS] context=0 emit_count=15 pop_count=0 effective_k=64 act_can_pop=1
[IFMAP DONE STATUS] context=0 emit_count=15 pop_count=0 limit=64 cfg_limit=64 done=0
[IFMAP STALL STATUS] context=0 emit_count=15 pop_count=0 effective_k=64 act_can_pop=1
[IFMAP DONE STATUS] context=0 emit_count=15 pop_count=0 limit=64 cfg_limit=64 done=0
[WEIGHT FEED VEC] count=29 context=0 out_tile=0 k=29 flat_base_idx=464 feed_vec=[1, 0, 1, 0, -1, -2, -1, 0, -1, -1, 0, -2, 0, 0, 0, 0]
[WEIGHT DONE STATUS] context=0 emit_count=30 pop_count=0 out_count=0 k_len=64 tail_limit=79 done=0
[WEIGHT FEED VEC] count=29 context=0 out_tile=0 k=29 flat_base_idx=464 feed_vec=[1, 0, 1, 0, -1, -2, -1, 0, -1, -1, 0, -2, 0, 0, 0, 0]
[WEIGHT DONE STATUS] context=0 emit_count=30 pop_count=0 out_count=0 k_len=64 tail_limit=79 done=0
[CTRL DEBUG] cycle=81888 state=5 start=0 incntlim=64 act_reps=1 wei_reps=1 ncontexts=1 context_cnt=0 act_cnt_en=1 wei_cnt_en=1 act_pop_en=0 wei_pop_en=0 psm_start=0 shift_done=0 done=0 cscnt_q=0 pop_shim_q2=0 cdone_q=0 o_cswitch_done_val=0 o_cdone_val=0
[CTRL DEBUG] cycle=81888 state=5 start=0 incntlim=64 act_reps=1 wei_reps=1 ncontexts=1 context_cnt=0 act_cnt_en=1 wei_cnt_en=1 act_pop_en=0 wei_pop_en=0 psm_start=0 shift_done=0 done=0 cscnt_q=0 pop_shim_q2=0 cdone_q=0 o_cswitch_done_val=0 o_cdone_val=0
[CTRL DEBUG] cycle=81888 state=5 start=0 incntlim=64 act_reps=1 wei_reps=1 ncontexts=1 context_cnt=0 act_cnt_en=1 wei_cnt_en=1 act_pop_en=0 wei_pop_en=0 psm_start=0 shift_done=0 done=0 cscnt_q=0 pop_shim_q2=0 cdone_q=0 o_cswitch_done_val=0 o_cdone_val=0
[CTRL DEBUG] cycle=81888 state=5 start=0 incntlim=64 act_reps=1 wei_reps=1 ncontexts=1 context_cnt=0 act_cnt_en=1 wei_cnt_en=1 act_pop_en=0 wei_pop_en=0 psm_start=0 shift_done=0 done=0 cscnt_q=0 pop_shim_q2=0 cdone_q=0 o_cswitch_done_val=0 o_cdone_val=0
[CTRL DEBUG] cycle=81889 state=5 start=0 incntlim=64 act_reps=1 wei_reps=1 ncontexts=1 context_cnt=0 act_cnt_en=1 wei_cnt_en=1 act_pop_en=0 wei_pop_en=0 psm_start=0 shift_done=0 done=0 cscnt_q=0 pop_shim_q2=0 cdone_q=0 o_cswitch_done_val=0 o_cdone_val=0
[CTRL DEBUG] cycle=81889 state=5 start=0 incntlim=64 act_reps=1 wei_reps=1 ncontexts=1 context_cnt=0 act_cnt_en=1 wei_cnt_en=1 act_pop_en=0 wei_pop_en=0 psm_start=0 shift_done=0 done=0 cscnt_q=0 pop_shim_q2=0 cdone_q=0 o_cswitch_done_val=0 o_cdone_val=0
[IFMAP DEMAND REQ] req=16 context=0 k=16 ch=16 ky=0 kx=0 start_abs_idx=128 first_word=16 last_word=16 req_word_addr=16 req_final_addr=16
[IFMAP STALL STATUS] context=0 emit_count=16 pop_count=0 effective_k=64 act_can_pop=1
[IFMAP DONE STATUS] context=0 emit_count=16 pop_count=0 limit=64 cfg_limit=64 done=0
[IFMAP DEMAND REQ] req=16 context=0 k=16 ch=16 ky=0 kx=0 start_abs_idx=128 first_word=16 last_word=16 req_word_addr=16 req_final_addr=16
[IFMAP STALL STATUS] context=0 emit_count=16 pop_count=0 effective_k=64 act_can_pop=1
[IFMAP DONE STATUS] context=0 emit_count=16 pop_count=0 limit=64 cfg_limit=64 done=0
[WEIGHT FEED VEC] count=30 context=0 out_tile=0 k=30 flat_base_idx=480 feed_vec=[2, 0, -1, -1, 0, 0, -1, -1, 0, 0, 0, 2, 1, 0, 0, 0]
[WEIGHT DONE STATUS] context=0 emit_count=31 pop_count=0 out_count=0 k_len=64 tail_limit=79 done=0
[WEIGHT FEED VEC] count=30 context=0 out_tile=0 k=30 flat_base_idx=480 feed_vec=[2, 0, -1, -1, 0, 0, -1, -1, 0, 0, 0, 2, 1, 0, 0, 0]
[WEIGHT DONE STATUS] context=0 emit_count=31 pop_count=0 out_count=0 k_len=64 tail_limit=79 done=0
[CTRL DEBUG] cycle=81889 state=5 start=0 incntlim=64 act_reps=1 wei_reps=1 ncontexts=1 context_cnt=0 act_cnt_en=1 wei_cnt_en=1 act_pop_en=0 wei_pop_en=0 psm_start=0 shift_done=0 done=0 cscnt_q=0 pop_shim_q2=0 cdone_q=0 o_cswitch_done_val=0 o_cdone_val=0
[CTRL DEBUG] cycle=81889 state=5 start=0 incntlim=64 act_reps=1 wei_reps=1 ncontexts=1 context_cnt=0 act_cnt_en=1 wei_cnt_en=1 act_pop_en=0 wei_pop_en=0 psm_start=0 shift_done=0 done=0 cscnt_q=0 pop_shim_q2=0 cdone_q=0 o_cswitch_done_val=0 o_cdone_val=0
[CTRL DEBUG] cycle=81889 state=5 start=0 incntlim=64 act_reps=1 wei_reps=1 ncontexts=1 context_cnt=0 act_cnt_en=1 wei_cnt_en=1 act_pop_en=0 wei_pop_en=0 psm_start=0 shift_done=0 done=0 cscnt_q=0 pop_shim_q2=0 cdone_q=0 o_cswitch_done_val=0 o_cdone_val=0
[CTRL DEBUG] cycle=81889 state=5 start=0 incntlim=64 act_reps=1 wei_reps=1 ncontexts=1 context_cnt=0 act_cnt_en=1 wei_cnt_en=1 act_pop_en=0 wei_pop_en=0 psm_start=0 shift_done=0 done=0 cscnt_q=0 pop_shim_q2=0 cdone_q=0 o_cswitch_done_val=0 o_cdone_val=0
[CTRL DEBUG] cycle=81890 state=5 start=0 incntlim=64 act_reps=1 wei_reps=1 ncontexts=1 context_cnt=0 act_cnt_en=1 wei_cnt_en=1 act_pop_en=0 wei_pop_en=0 psm_start=0 shift_done=0 done=0 cscnt_q=0 pop_shim_q2=0 cdone_q=0 o_cswitch_done_val=0 o_cdone_val=0
[CTRL DEBUG] cycle=81890 state=5 start=0 incntlim=64 act_reps=1 wei_reps=1 ncontexts=1 context_cnt=0 act_cnt_en=1 wei_cnt_en=1 act_pop_en=0 wei_pop_en=0 psm_start=0 shift_done=0 done=0 cscnt_q=0 pop_shim_q2=0 cdone_q=0 o_cswitch_done_val=0 o_cdone_val=0
[IFMAP STALL STATUS] context=0 emit_count=16 pop_count=0 effective_k=64 act_can_pop=1
[IFMAP DONE STATUS] context=0 emit_count=16 pop_count=0 limit=64 cfg_limit=64 done=0
[IFMAP STALL STATUS] context=0 emit_count=16 pop_count=0 effective_k=64 act_can_pop=1
[IFMAP DONE STATUS] context=0 emit_count=16 pop_count=0 limit=64 cfg_limit=64 done=0
[WEIGHT FEED VEC] count=31 context=0 out_tile=0 k=31 flat_base_idx=496 feed_vec=[0, 0, 0, -1, 0, 0, 0, 1, 0, 0, -1, 0, 0, 0, 0, -1]
[WEIGHT DONE STATUS] context=0 emit_count=32 pop_count=0 out_count=0 k_len=64 tail_limit=79 done=0
[WEIGHT FEED VEC] count=31 context=0 out_tile=0 k=31 flat_base_idx=496 feed_vec=[0, 0, 0, -1, 0, 0, 0, 1, 0, 0, -1, 0, 0, 0, 0, -1]
[WEIGHT DONE STATUS] context=0 emit_count=32 pop_count=0 out_count=0 k_len=64 tail_limit=79 done=0
[CTRL DEBUG] cycle=81890 state=5 start=0 incntlim=64 act_reps=1 wei_reps=1 ncontexts=1 context_cnt=0 act_cnt_en=1 wei_cnt_en=1 act_pop_en=0 wei_pop_en=0 psm_start=0 shift_done=0 done=0 cscnt_q=0 pop_shim_q2=0 cdone_q=0 o_cswitch_done_val=0 o_cdone_val=0
[CTRL DEBUG] cycle=81890 state=5 start=0 incntlim=64 act_reps=1 wei_reps=1 ncontexts=1 context_cnt=0 act_cnt_en=1 wei_cnt_en=1 act_pop_en=0 wei_pop_en=0 psm_start=0 shift_done=0 done=0 cscnt_q=0 pop_shim_q2=0 cdone_q=0 o_cswitch_done_val=0 o_cdone_val=0
[CTRL DEBUG] cycle=81890 state=5 start=0 incntlim=64 act_reps=1 wei_reps=1 ncontexts=1 context_cnt=0 act_cnt_en=1 wei_cnt_en=1 act_pop_en=0 wei_pop_en=0 psm_start=0 shift_done=0 done=0 cscnt_q=0 pop_shim_q2=0 cdone_q=0 o_cswitch_done_val=0 o_cdone_val=0
[CTRL DEBUG] cycle=81890 state=5 start=0 incntlim=64 act_reps=1 wei_reps=1 ncontexts=1 context_cnt=0 act_cnt_en=1 wei_cnt_en=1 act_pop_en=0 wei_pop_en=0 psm_start=0 shift_done=0 done=0 cscnt_q=0 pop_shim_q2=0 cdone_q=0 o_cswitch_done_val=0 o_cdone_val=0
[CTRL DEBUG] cycle=81891 state=5 start=0 incntlim=64 act_reps=1 wei_reps=1 ncontexts=1 context_cnt=0 act_cnt_en=1 wei_cnt_en=1 act_pop_en=0 wei_pop_en=0 psm_start=0 shift_done=0 done=0 cscnt_q=0 pop_shim_q2=0 cdone_q=0 o_cswitch_done_val=0 o_cdone_val=0
[CTRL DEBUG] cycle=81891 state=5 start=0 incntlim=64 act_reps=1 wei_reps=1 ncontexts=1 context_cnt=0 act_cnt_en=1 wei_cnt_en=1 act_pop_en=0 wei_pop_en=0 psm_start=0 shift_done=0 done=0 cscnt_q=0 pop_shim_q2=0 cdone_q=0 o_cswitch_done_val=0 o_cdone_val=0
[IFMAP DEMAND REQ] req=17 context=0 k=17 ch=17 ky=0 kx=0 start_abs_idx=136 first_word=17 last_word=17 req_word_addr=17 req_final_addr=17
[IFMAP STALL STATUS] context=0 emit_count=17 pop_count=0 effective_k=64 act_can_pop=1
[IFMAP DONE STATUS] context=0 emit_count=17 pop_count=0 limit=64 cfg_limit=64 done=0
[IFMAP DEMAND REQ] req=17 context=0 k=17 ch=17 ky=0 kx=0 start_abs_idx=136 first_word=17 last_word=17 req_word_addr=17 req_final_addr=17
[IFMAP STALL STATUS] context=0 emit_count=17 pop_count=0 effective_k=64 act_can_pop=1
[IFMAP DONE STATUS] context=0 emit_count=17 pop_count=0 limit=64 cfg_limit=64 done=0
[WEIGHT FEED VEC] count=32 context=0 out_tile=0 k=32 flat_base_idx=512 feed_vec=[0, 2, 0, 0, 1, 0, 0, 0, 0, 0, -1, 0, 0, -1, 0, 0]
[WEIGHT DONE STATUS] context=0 emit_count=33 pop_count=0 out_count=0 k_len=64 tail_limit=79 done=0
[WEIGHT FEED VEC] count=32 context=0 out_tile=0 k=32 flat_base_idx=512 feed_vec=[0, 2, 0, 0, 1, 0, 0, 0, 0, 0, -1, 0, 0, -1, 0, 0]
[WEIGHT DONE STATUS] context=0 emit_count=33 pop_count=0 out_count=0 k_len=64 tail_limit=79 done=0
[CTRL DEBUG] cycle=81891 state=5 start=0 incntlim=64 act_reps=1 wei_reps=1 ncontexts=1 context_cnt=0 act_cnt_en=1 wei_cnt_en=1 act_pop_en=0 wei_pop_en=0 psm_start=0 shift_done=0 done=0 cscnt_q=0 pop_shim_q2=0 cdone_q=0 o_cswitch_done_val=0 o_cdone_val=0
[CTRL DEBUG] cycle=81891 state=5 start=0 incntlim=64 act_reps=1 wei_reps=1 ncontexts=1 context_cnt=0 act_cnt_en=1 wei_cnt_en=1 act_pop_en=0 wei_pop_en=0 psm_start=0 shift_done=0 done=0 cscnt_q=0 pop_shim_q2=0 cdone_q=0 o_cswitch_done_val=0 o_cdone_val=0
[CTRL DEBUG] cycle=81891 state=5 start=0 incntlim=64 act_reps=1 wei_reps=1 ncontexts=1 context_cnt=0 act_cnt_en=1 wei_cnt_en=1 act_pop_en=0 wei_pop_en=0 psm_start=0 shift_done=0 done=0 cscnt_q=0 pop_shim_q2=0 cdone_q=0 o_cswitch_done_val=0 o_cdone_val=0
[CTRL DEBUG] cycle=81891 state=5 start=0 incntlim=64 act_reps=1 wei_reps=1 ncontexts=1 context_cnt=0 act_cnt_en=1 wei_cnt_en=1 act_pop_en=0 wei_pop_en=0 psm_start=0 shift_done=0 done=0 cscnt_q=0 pop_shim_q2=0 cdone_q=0 o_cswitch_done_val=0 o_cdone_val=0
[CTRL DEBUG] cycle=81892 state=5 start=0 incntlim=64 act_reps=1 wei_reps=1 ncontexts=1 context_cnt=0 act_cnt_en=1 wei_cnt_en=1 act_pop_en=0 wei_pop_en=0 psm_start=0 shift_done=0 done=0 cscnt_q=0 pop_shim_q2=0 cdone_q=0 o_cswitch_done_val=0 o_cdone_val=0
[CTRL DEBUG] cycle=81892 state=5 start=0 incntlim=64 act_reps=1 wei_reps=1 ncontexts=1 context_cnt=0 act_cnt_en=1 wei_cnt_en=1 act_pop_en=0 wei_pop_en=0 psm_start=0 shift_done=0 done=0 cscnt_q=0 pop_shim_q2=0 cdone_q=0 o_cswitch_done_val=0 o_cdone_val=0
[IFMAP STALL STATUS] context=0 emit_count=17 pop_count=0 effective_k=64 act_can_pop=1
[IFMAP DONE STATUS] context=0 emit_count=17 pop_count=0 limit=64 cfg_limit=64 done=0
[IFMAP STALL STATUS] context=0 emit_count=17 pop_count=0 effective_k=64 act_can_pop=1
[IFMAP DONE STATUS] context=0 emit_count=17 pop_count=0 limit=64 cfg_limit=64 done=0
[WEIGHT FEED VEC] count=33 context=0 out_tile=0 k=33 flat_base_idx=528 feed_vec=[1, 0, 1, 0, 0, 0, 0, 1, 0, -1, 0, -1, 0, -1, 0, 1]
[WEIGHT DONE STATUS] context=0 emit_count=34 pop_count=0 out_count=0 k_len=64 tail_limit=79 done=0
[WEIGHT FEED VEC] count=33 context=0 out_tile=0 k=33 flat_base_idx=528 feed_vec=[1, 0, 1, 0, 0, 0, 0, 1, 0, -1, 0, -1, 0, -1, 0, 1]
[WEIGHT DONE STATUS] context=0 emit_count=34 pop_count=0 out_count=0 k_len=64 tail_limit=79 done=0
[CTRL DEBUG] cycle=81892 state=5 start=0 incntlim=64 act_reps=1 wei_reps=1 ncontexts=1 context_cnt=0 act_cnt_en=1 wei_cnt_en=1 act_pop_en=0 wei_pop_en=0 psm_start=0 shift_done=0 done=0 cscnt_q=0 pop_shim_q2=0 cdone_q=0 o_cswitch_done_val=0 o_cdone_val=0
[CTRL DEBUG] cycle=81892 state=5 start=0 incntlim=64 act_reps=1 wei_reps=1 ncontexts=1 context_cnt=0 act_cnt_en=1 wei_cnt_en=1 act_pop_en=0 wei_pop_en=0 psm_start=0 shift_done=0 done=0 cscnt_q=0 pop_shim_q2=0 cdone_q=0 o_cswitch_done_val=0 o_cdone_val=0
[CTRL DEBUG] cycle=81892 state=5 start=0 incntlim=64 act_reps=1 wei_reps=1 ncontexts=1 context_cnt=0 act_cnt_en=1 wei_cnt_en=1 act_pop_en=0 wei_pop_en=0 psm_start=0 shift_done=0 done=0 cscnt_q=0 pop_shim_q2=0 cdone_q=0 o_cswitch_done_val=0 o_cdone_val=0
[CTRL DEBUG] cycle=81892 state=5 start=0 incntlim=64 act_reps=1 wei_reps=1 ncontexts=1 context_cnt=0 act_cnt_en=1 wei_cnt_en=1 act_pop_en=0 wei_pop_en=0 psm_start=0 shift_done=0 done=0 cscnt_q=0 pop_shim_q2=0 cdone_q=0 o_cswitch_done_val=0 o_cdone_val=0
[CTRL DEBUG] cycle=81893 state=5 start=0 incntlim=64 act_reps=1 wei_reps=1 ncontexts=1 context_cnt=0 act_cnt_en=1 wei_cnt_en=1 act_pop_en=0 wei_pop_en=0 psm_start=0 shift_done=0 done=0 cscnt_q=0 pop_shim_q2=0 cdone_q=0 o_cswitch_done_val=0 o_cdone_val=0
[CTRL DEBUG] cycle=81893 state=5 start=0 incntlim=64 act_reps=1 wei_reps=1 ncontexts=1 context_cnt=0 act_cnt_en=1 wei_cnt_en=1 act_pop_en=0 wei_pop_en=0 psm_start=0 shift_done=0 done=0 cscnt_q=0 pop_shim_q2=0 cdone_q=0 o_cswitch_done_val=0 o_cdone_val=0
[IFMAP DEMAND REQ] req=18 context=0 k=18 ch=18 ky=0 kx=0 start_abs_idx=144 first_word=18 last_word=18 req_word_addr=18 req_final_addr=18
[IFMAP STALL STATUS] context=0 emit_count=18 pop_count=0 effective_k=64 act_can_pop=1
[IFMAP DONE STATUS] context=0 emit_count=18 pop_count=0 limit=64 cfg_limit=64 done=0
[IFMAP DEMAND REQ] req=18 context=0 k=18 ch=18 ky=0 kx=0 start_abs_idx=144 first_word=18 last_word=18 req_word_addr=18 req_final_addr=18
[IFMAP STALL STATUS] context=0 emit_count=18 pop_count=0 effective_k=64 act_can_pop=1
[IFMAP DONE STATUS] context=0 emit_count=18 pop_count=0 limit=64 cfg_limit=64 done=0
[WEIGHT FEED VEC] count=34 context=0 out_tile=0 k=34 flat_base_idx=544 feed_vec=[0, 0, 0, 0, -2, 0, 0, 0, 0, 0, 0, 1, 1, 1, 0, 0]
[WEIGHT DONE STATUS] context=0 emit_count=35 pop_count=0 out_count=0 k_len=64 tail_limit=79 done=0
[WEIGHT FEED VEC] count=34 context=0 out_tile=0 k=34 flat_base_idx=544 feed_vec=[0, 0, 0, 0, -2, 0, 0, 0, 0, 0, 0, 1, 1, 1, 0, 0]
[WEIGHT DONE STATUS] context=0 emit_count=35 pop_count=0 out_count=0 k_len=64 tail_limit=79 done=0
[CTRL DEBUG] cycle=81893 state=5 start=0 incntlim=64 act_reps=1 wei_reps=1 ncontexts=1 context_cnt=0 act_cnt_en=1 wei_cnt_en=1 act_pop_en=0 wei_pop_en=0 psm_start=0 shift_done=0 done=0 cscnt_q=0 pop_shim_q2=0 cdone_q=0 o_cswitch_done_val=0 o_cdone_val=0
[CTRL DEBUG] cycle=81893 state=5 start=0 incntlim=64 act_reps=1 wei_reps=1 ncontexts=1 context_cnt=0 act_cnt_en=1 wei_cnt_en=1 act_pop_en=0 wei_pop_en=0 psm_start=0 shift_done=0 done=0 cscnt_q=0 pop_shim_q2=0 cdone_q=0 o_cswitch_done_val=0 o_cdone_val=0
[CTRL DEBUG] cycle=81893 state=5 start=0 incntlim=64 act_reps=1 wei_reps=1 ncontexts=1 context_cnt=0 act_cnt_en=1 wei_cnt_en=1 act_pop_en=0 wei_pop_en=0 psm_start=0 shift_done=0 done=0 cscnt_q=0 pop_shim_q2=0 cdone_q=0 o_cswitch_done_val=0 o_cdone_val=0
[CTRL DEBUG] cycle=81893 state=5 start=0 incntlim=64 act_reps=1 wei_reps=1 ncontexts=1 context_cnt=0 act_cnt_en=1 wei_cnt_en=1 act_pop_en=0 wei_pop_en=0 psm_start=0 shift_done=0 done=0 cscnt_q=0 pop_shim_q2=0 cdone_q=0 o_cswitch_done_val=0 o_cdone_val=0
[CTRL DEBUG] cycle=81894 state=5 start=0 incntlim=64 act_reps=1 wei_reps=1 ncontexts=1 context_cnt=0 act_cnt_en=1 wei_cnt_en=1 act_pop_en=0 wei_pop_en=0 psm_start=0 shift_done=0 done=0 cscnt_q=0 pop_shim_q2=0 cdone_q=0 o_cswitch_done_val=0 o_cdone_val=0
[CTRL DEBUG] cycle=81894 state=5 start=0 incntlim=64 act_reps=1 wei_reps=1 ncontexts=1 context_cnt=0 act_cnt_en=1 wei_cnt_en=1 act_pop_en=0 wei_pop_en=0 psm_start=0 shift_done=0 done=0 cscnt_q=0 pop_shim_q2=0 cdone_q=0 o_cswitch_done_val=0 o_cdone_val=0
[IFMAP STALL STATUS] context=0 emit_count=18 pop_count=0 effective_k=64 act_can_pop=1
[IFMAP DONE STATUS] context=0 emit_count=18 pop_count=0 limit=64 cfg_limit=64 done=0
[IFMAP STALL STATUS] context=0 emit_count=18 pop_count=0 effective_k=64 act_can_pop=1
[IFMAP DONE STATUS] context=0 emit_count=18 pop_count=0 limit=64 cfg_limit=64 done=0
[WEIGHT FEED VEC] count=35 context=0 out_tile=0 k=35 flat_base_idx=560 feed_vec=[0, -1, 0, 1, 0, 0, -1, 0, -1, 0, 0, 1, 0, -1, -2, 0]
[WEIGHT DONE STATUS] context=0 emit_count=36 pop_count=0 out_count=0 k_len=64 tail_limit=79 done=0
[WEIGHT FEED VEC] count=35 context=0 out_tile=0 k=35 flat_base_idx=560 feed_vec=[0, -1, 0, 1, 0, 0, -1, 0, -1, 0, 0, 1, 0, -1, -2, 0]
[WEIGHT DONE STATUS] context=0 emit_count=36 pop_count=0 out_count=0 k_len=64 tail_limit=79 done=0
[CTRL DEBUG] cycle=81894 state=5 start=0 incntlim=64 act_reps=1 wei_reps=1 ncontexts=1 context_cnt=0 act_cnt_en=1 wei_cnt_en=1 act_pop_en=0 wei_pop_en=0 psm_start=0 shift_done=0 done=0 cscnt_q=0 pop_shim_q2=0 cdone_q=0 o_cswitch_done_val=0 o_cdone_val=0
[CTRL DEBUG] cycle=81894 state=5 start=0 incntlim=64 act_reps=1 wei_reps=1 ncontexts=1 context_cnt=0 act_cnt_en=1 wei_cnt_en=1 act_pop_en=0 wei_pop_en=0 psm_start=0 shift_done=0 done=0 cscnt_q=0 pop_shim_q2=0 cdone_q=0 o_cswitch_done_val=0 o_cdone_val=0
[CTRL DEBUG] cycle=81894 state=5 start=0 incntlim=64 act_reps=1 wei_reps=1 ncontexts=1 context_cnt=0 act_cnt_en=1 wei_cnt_en=1 act_pop_en=0 wei_pop_en=0 psm_start=0 shift_done=0 done=0 cscnt_q=0 pop_shim_q2=0 cdone_q=0 o_cswitch_done_val=0 o_cdone_val=0
[CTRL DEBUG] cycle=81894 state=5 start=0 incntlim=64 act_reps=1 wei_reps=1 ncontexts=1 context_cnt=0 act_cnt_en=1 wei_cnt_en=1 act_pop_en=0 wei_pop_en=0 psm_start=0 shift_done=0 done=0 cscnt_q=0 pop_shim_q2=0 cdone_q=0 o_cswitch_done_val=0 o_cdone_val=0
[CTRL DEBUG] cycle=81895 state=5 start=0 incntlim=64 act_reps=1 wei_reps=1 ncontexts=1 context_cnt=0 act_cnt_en=1 wei_cnt_en=1 act_pop_en=0 wei_pop_en=0 psm_start=0 shift_done=0 done=0 cscnt_q=0 pop_shim_q2=0 cdone_q=0 o_cswitch_done_val=0 o_cdone_val=0
[CTRL DEBUG] cycle=81895 state=5 start=0 incntlim=64 act_reps=1 wei_reps=1 ncontexts=1 context_cnt=0 act_cnt_en=1 wei_cnt_en=1 act_pop_en=0 wei_pop_en=0 psm_start=0 shift_done=0 done=0 cscnt_q=0 pop_shim_q2=0 cdone_q=0 o_cswitch_done_val=0 o_cdone_val=0
[IFMAP DEMAND REQ] req=19 context=0 k=19 ch=19 ky=0 kx=0 start_abs_idx=152 first_word=19 last_word=19 req_word_addr=19 req_final_addr=19
[IFMAP STALL STATUS] context=0 emit_count=19 pop_count=0 effective_k=64 act_can_pop=1
[IFMAP DONE STATUS] context=0 emit_count=19 pop_count=0 limit=64 cfg_limit=64 done=0
[IFMAP DEMAND REQ] req=19 context=0 k=19 ch=19 ky=0 kx=0 start_abs_idx=152 first_word=19 last_word=19 req_word_addr=19 req_final_addr=19
[IFMAP STALL STATUS] context=0 emit_count=19 pop_count=0 effective_k=64 act_can_pop=1
[IFMAP DONE STATUS] context=0 emit_count=19 pop_count=0 limit=64 cfg_limit=64 done=0
[WEIGHT FEED VEC] count=36 context=0 out_tile=0 k=36 flat_base_idx=576 feed_vec=[0, 0, 0, 1, 0, 0, 1, 1, 1, 0, 0, -1, -1, 0, 0, -2]
[WEIGHT DONE STATUS] context=0 emit_count=37 pop_count=0 out_count=0 k_len=64 tail_limit=79 done=0
[WEIGHT FEED VEC] count=36 context=0 out_tile=0 k=36 flat_base_idx=576 feed_vec=[0, 0, 0, 1, 0, 0, 1, 1, 1, 0, 0, -1, -1, 0, 0, -2]
[WEIGHT DONE STATUS] context=0 emit_count=37 pop_count=0 out_count=0 k_len=64 tail_limit=79 done=0
[CTRL DEBUG] cycle=81895 state=5 start=0 incntlim=64 act_reps=1 wei_reps=1 ncontexts=1 context_cnt=0 act_cnt_en=1 wei_cnt_en=1 act_pop_en=0 wei_pop_en=0 psm_start=0 shift_done=0 done=0 cscnt_q=0 pop_shim_q2=0 cdone_q=0 o_cswitch_done_val=0 o_cdone_val=0
[CTRL DEBUG] cycle=81895 state=5 start=0 incntlim=64 act_reps=1 wei_reps=1 ncontexts=1 context_cnt=0 act_cnt_en=1 wei_cnt_en=1 act_pop_en=0 wei_pop_en=0 psm_start=0 shift_done=0 done=0 cscnt_q=0 pop_shim_q2=0 cdone_q=0 o_cswitch_done_val=0 o_cdone_val=0
[CTRL DEBUG] cycle=81895 state=5 start=0 incntlim=64 act_reps=1 wei_reps=1 ncontexts=1 context_cnt=0 act_cnt_en=1 wei_cnt_en=1 act_pop_en=0 wei_pop_en=0 psm_start=0 shift_done=0 done=0 cscnt_q=0 pop_shim_q2=0 cdone_q=0 o_cswitch_done_val=0 o_cdone_val=0
[CTRL DEBUG] cycle=81895 state=5 start=0 incntlim=64 act_reps=1 wei_reps=1 ncontexts=1 context_cnt=0 act_cnt_en=1 wei_cnt_en=1 act_pop_en=0 wei_pop_en=0 psm_start=0 shift_done=0 done=0 cscnt_q=0 pop_shim_q2=0 cdone_q=0 o_cswitch_done_val=0 o_cdone_val=0
[CTRL DEBUG] cycle=81896 state=5 start=0 incntlim=64 act_reps=1 wei_reps=1 ncontexts=1 context_cnt=0 act_cnt_en=1 wei_cnt_en=1 act_pop_en=0 wei_pop_en=0 psm_start=0 shift_done=0 done=0 cscnt_q=0 pop_shim_q2=0 cdone_q=0 o_cswitch_done_val=0 o_cdone_val=0
[CTRL DEBUG] cycle=81896 state=5 start=0 incntlim=64 act_reps=1 wei_reps=1 ncontexts=1 context_cnt=0 act_cnt_en=1 wei_cnt_en=1 act_pop_en=0 wei_pop_en=0 psm_start=0 shift_done=0 done=0 cscnt_q=0 pop_shim_q2=0 cdone_q=0 o_cswitch_done_val=0 o_cdone_val=0
[IFMAP STALL STATUS] context=0 emit_count=19 pop_count=0 effective_k=64 act_can_pop=1
[IFMAP DONE STATUS] context=0 emit_count=19 pop_count=0 limit=64 cfg_limit=64 done=0
[IFMAP STALL STATUS] context=0 emit_count=19 pop_count=0 effective_k=64 act_can_pop=1
[IFMAP DONE STATUS] context=0 emit_count=19 pop_count=0 limit=64 cfg_limit=64 done=0
[WEIGHT FEED VEC] count=37 context=0 out_tile=0 k=37 flat_base_idx=592 feed_vec=[0, 1, 0, 1, -1, 1, 0, 0, 0, 0, 0, 0, 0, -1, -2, 0]
[WEIGHT DONE STATUS] context=0 emit_count=38 pop_count=0 out_count=0 k_len=64 tail_limit=79 done=0
[WEIGHT FEED VEC] count=37 context=0 out_tile=0 k=37 flat_base_idx=592 feed_vec=[0, 1, 0, 1, -1, 1, 0, 0, 0, 0, 0, 0, 0, -1, -2, 0]
[WEIGHT DONE STATUS] context=0 emit_count=38 pop_count=0 out_count=0 k_len=64 tail_limit=79 done=0
[CTRL DEBUG] cycle=81896 state=5 start=0 incntlim=64 act_reps=1 wei_reps=1 ncontexts=1 context_cnt=0 act_cnt_en=1 wei_cnt_en=1 act_pop_en=0 wei_pop_en=0 psm_start=0 shift_done=0 done=0 cscnt_q=0 pop_shim_q2=0 cdone_q=0 o_cswitch_done_val=0 o_cdone_val=0
[CTRL DEBUG] cycle=81896 state=5 start=0 incntlim=64 act_reps=1 wei_reps=1 ncontexts=1 context_cnt=0 act_cnt_en=1 wei_cnt_en=1 act_pop_en=0 wei_pop_en=0 psm_start=0 shift_done=0 done=0 cscnt_q=0 pop_shim_q2=0 cdone_q=0 o_cswitch_done_val=0 o_cdone_val=0
[CTRL DEBUG] cycle=81896 state=5 start=0 incntlim=64 act_reps=1 wei_reps=1 ncontexts=1 context_cnt=0 act_cnt_en=1 wei_cnt_en=1 act_pop_en=0 wei_pop_en=0 psm_start=0 shift_done=0 done=0 cscnt_q=0 pop_shim_q2=0 cdone_q=0 o_cswitch_done_val=0 o_cdone_val=0
[CTRL DEBUG] cycle=81896 state=5 start=0 incntlim=64 act_reps=1 wei_reps=1 ncontexts=1 context_cnt=0 act_cnt_en=1 wei_cnt_en=1 act_pop_en=0 wei_pop_en=0 psm_start=0 shift_done=0 done=0 cscnt_q=0 pop_shim_q2=0 cdone_q=0 o_cswitch_done_val=0 o_cdone_val=0
[CTRL DEBUG] cycle=81897 state=5 start=0 incntlim=64 act_reps=1 wei_reps=1 ncontexts=1 context_cnt=0 act_cnt_en=1 wei_cnt_en=1 act_pop_en=0 wei_pop_en=0 psm_start=0 shift_done=0 done=0 cscnt_q=0 pop_shim_q2=0 cdone_q=0 o_cswitch_done_val=0 o_cdone_val=0
[CTRL DEBUG] cycle=81897 state=5 start=0 incntlim=64 act_reps=1 wei_reps=1 ncontexts=1 context_cnt=0 act_cnt_en=1 wei_cnt_en=1 act_pop_en=0 wei_pop_en=0 psm_start=0 shift_done=0 done=0 cscnt_q=0 pop_shim_q2=0 cdone_q=0 o_cswitch_done_val=0 o_cdone_val=0
[IFMAP DEMAND REQ] req=20 context=0 k=20 ch=20 ky=0 kx=0 start_abs_idx=160 first_word=20 last_word=20 req_word_addr=20 req_final_addr=20
[IFMAP STALL STATUS] context=0 emit_count=20 pop_count=0 effective_k=64 act_can_pop=1
[IFMAP DONE STATUS] context=0 emit_count=20 pop_count=0 limit=64 cfg_limit=64 done=0
[IFMAP DEMAND REQ] req=20 context=0 k=20 ch=20 ky=0 kx=0 start_abs_idx=160 first_word=20 last_word=20 req_word_addr=20 req_final_addr=20
[IFMAP STALL STATUS] context=0 emit_count=20 pop_count=0 effective_k=64 act_can_pop=1
[IFMAP DONE STATUS] context=0 emit_count=20 pop_count=0 limit=64 cfg_limit=64 done=0
[WEIGHT FEED VEC] count=38 context=0 out_tile=0 k=38 flat_base_idx=608 feed_vec=[0, 0, 0, 0, -2, 0, 0, 0, 0, -1, 0, 0, 0, 0, 0, 2]
[WEIGHT DONE STATUS] context=0 emit_count=39 pop_count=0 out_count=0 k_len=64 tail_limit=79 done=0
[WEIGHT FEED VEC] count=38 context=0 out_tile=0 k=38 flat_base_idx=608 feed_vec=[0, 0, 0, 0, -2, 0, 0, 0, 0, -1, 0, 0, 0, 0, 0, 2]
[WEIGHT DONE STATUS] context=0 emit_count=39 pop_count=0 out_count=0 k_len=64 tail_limit=79 done=0
[CTRL DEBUG] cycle=81897 state=5 start=0 incntlim=64 act_reps=1 wei_reps=1 ncontexts=1 context_cnt=0 act_cnt_en=1 wei_cnt_en=1 act_pop_en=0 wei_pop_en=0 psm_start=0 shift_done=0 done=0 cscnt_q=0 pop_shim_q2=0 cdone_q=0 o_cswitch_done_val=0 o_cdone_val=0
[CTRL DEBUG] cycle=81897 state=5 start=0 incntlim=64 act_reps=1 wei_reps=1 ncontexts=1 context_cnt=0 act_cnt_en=1 wei_cnt_en=1 act_pop_en=0 wei_pop_en=0 psm_start=0 shift_done=0 done=0 cscnt_q=0 pop_shim_q2=0 cdone_q=0 o_cswitch_done_val=0 o_cdone_val=0
[CTRL DEBUG] cycle=81897 state=5 start=0 incntlim=64 act_reps=1 wei_reps=1 ncontexts=1 context_cnt=0 act_cnt_en=1 wei_cnt_en=1 act_pop_en=0 wei_pop_en=0 psm_start=0 shift_done=0 done=0 cscnt_q=0 pop_shim_q2=0 cdone_q=0 o_cswitch_done_val=0 o_cdone_val=0
[CTRL DEBUG] cycle=81897 state=5 start=0 incntlim=64 act_reps=1 wei_reps=1 ncontexts=1 context_cnt=0 act_cnt_en=1 wei_cnt_en=1 act_pop_en=0 wei_pop_en=0 psm_start=0 shift_done=0 done=0 cscnt_q=0 pop_shim_q2=0 cdone_q=0 o_cswitch_done_val=0 o_cdone_val=0
[CTRL DEBUG] cycle=81898 state=5 start=0 incntlim=64 act_reps=1 wei_reps=1 ncontexts=1 context_cnt=0 act_cnt_en=1 wei_cnt_en=1 act_pop_en=0 wei_pop_en=0 psm_start=0 shift_done=0 done=0 cscnt_q=0 pop_shim_q2=0 cdone_q=0 o_cswitch_done_val=0 o_cdone_val=0
[CTRL DEBUG] cycle=81898 state=5 start=0 incntlim=64 act_reps=1 wei_reps=1 ncontexts=1 context_cnt=0 act_cnt_en=1 wei_cnt_en=1 act_pop_en=0 wei_pop_en=0 psm_start=0 shift_done=0 done=0 cscnt_q=0 pop_shim_q2=0 cdone_q=0 o_cswitch_done_val=0 o_cdone_val=0
[IFMAP STALL STATUS] context=0 emit_count=20 pop_count=0 effective_k=64 act_can_pop=1
[IFMAP DONE STATUS] context=0 emit_count=20 pop_count=0 limit=64 cfg_limit=64 done=0
[IFMAP STALL STATUS] context=0 emit_count=20 pop_count=0 effective_k=64 act_can_pop=1
[IFMAP DONE STATUS] context=0 emit_count=20 pop_count=0 limit=64 cfg_limit=64 done=0
[WEIGHT FEED VEC] count=39 context=0 out_tile=0 k=39 flat_base_idx=624 feed_vec=[-1, 0, 0, 1, -1, 0, 1, -2, 0, 0, 0, 0, 0, 0, 1, 0]
[WEIGHT DONE STATUS] context=0 emit_count=40 pop_count=0 out_count=0 k_len=64 tail_limit=79 done=0
[WEIGHT FEED VEC] count=39 context=0 out_tile=0 k=39 flat_base_idx=624 feed_vec=[-1, 0, 0, 1, -1, 0, 1, -2, 0, 0, 0, 0, 0, 0, 1, 0]
[WEIGHT DONE STATUS] context=0 emit_count=40 pop_count=0 out_count=0 k_len=64 tail_limit=79 done=0
[CTRL DEBUG] cycle=81898 state=5 start=0 incntlim=64 act_reps=1 wei_reps=1 ncontexts=1 context_cnt=0 act_cnt_en=1 wei_cnt_en=1 act_pop_en=0 wei_pop_en=0 psm_start=0 shift_done=0 done=0 cscnt_q=0 pop_shim_q2=0 cdone_q=0 o_cswitch_done_val=0 o_cdone_val=0
[CTRL DEBUG] cycle=81898 state=5 start=0 incntlim=64 act_reps=1 wei_reps=1 ncontexts=1 context_cnt=0 act_cnt_en=1 wei_cnt_en=1 act_pop_en=0 wei_pop_en=0 psm_start=0 shift_done=0 done=0 cscnt_q=0 pop_shim_q2=0 cdone_q=0 o_cswitch_done_val=0 o_cdone_val=0
[CTRL DEBUG] cycle=81898 state=5 start=0 incntlim=64 act_reps=1 wei_reps=1 ncontexts=1 context_cnt=0 act_cnt_en=1 wei_cnt_en=1 act_pop_en=0 wei_pop_en=0 psm_start=0 shift_done=0 done=0 cscnt_q=0 pop_shim_q2=0 cdone_q=0 o_cswitch_done_val=0 o_cdone_val=0
[CTRL DEBUG] cycle=81898 state=5 start=0 incntlim=64 act_reps=1 wei_reps=1 ncontexts=1 context_cnt=0 act_cnt_en=1 wei_cnt_en=1 act_pop_en=0 wei_pop_en=0 psm_start=0 shift_done=0 done=0 cscnt_q=0 pop_shim_q2=0 cdone_q=0 o_cswitch_done_val=0 o_cdone_val=0
[CTRL DEBUG] cycle=81899 state=5 start=0 incntlim=64 act_reps=1 wei_reps=1 ncontexts=1 context_cnt=0 act_cnt_en=1 wei_cnt_en=1 act_pop_en=0 wei_pop_en=0 psm_start=0 shift_done=0 done=0 cscnt_q=0 pop_shim_q2=0 cdone_q=0 o_cswitch_done_val=0 o_cdone_val=0
[CTRL DEBUG] cycle=81899 state=5 start=0 incntlim=64 act_reps=1 wei_reps=1 ncontexts=1 context_cnt=0 act_cnt_en=1 wei_cnt_en=1 act_pop_en=0 wei_pop_en=0 psm_start=0 shift_done=0 done=0 cscnt_q=0 pop_shim_q2=0 cdone_q=0 o_cswitch_done_val=0 o_cdone_val=0
[IFMAP DEMAND REQ] req=21 context=0 k=21 ch=21 ky=0 kx=0 start_abs_idx=168 first_word=21 last_word=21 req_word_addr=21 req_final_addr=21
[IFMAP STALL STATUS] context=0 emit_count=21 pop_count=0 effective_k=64 act_can_pop=1
[IFMAP DEMAND REQ] req=21 context=0 k=21 ch=21 ky=0 kx=0 start_abs_idx=168 first_word=21 last_word=21 req_word_addr=21 req_final_addr=21
[IFMAP STALL STATUS] context=0 emit_count=21 pop_count=0 effective_k=64 act_can_pop=1
[WEIGHT FEED VEC] count=40 context=0 out_tile=0 k=40 flat_base_idx=640 feed_vec=[1, 0, 0, 0, 0, 1, -1, 0, 0, 0, 0, 0, 0, 0, 1, 0]
[WEIGHT FEED VEC] count=40 context=0 out_tile=0 k=40 flat_base_idx=640 feed_vec=[1, 0, 0, 0, 0, 1, -1, 0, 0, 0, 0, 0, 0, 0, 1, 0]
[CTRL DEBUG] cycle=81899 state=5 start=0 incntlim=64 act_reps=1 wei_reps=1 ncontexts=1 context_cnt=0 act_cnt_en=1 wei_cnt_en=1 act_pop_en=0 wei_pop_en=0 psm_start=0 shift_done=0 done=0 cscnt_q=0 pop_shim_q2=0 cdone_q=0 o_cswitch_done_val=0 o_cdone_val=0
[CTRL DEBUG] cycle=81899 state=5 start=0 incntlim=64 act_reps=1 wei_reps=1 ncontexts=1 context_cnt=0 act_cnt_en=1 wei_cnt_en=1 act_pop_en=0 wei_pop_en=0 psm_start=0 shift_done=0 done=0 cscnt_q=0 pop_shim_q2=0 cdone_q=0 o_cswitch_done_val=0 o_cdone_val=0
[CTRL DEBUG] cycle=81899 state=5 start=0 incntlim=64 act_reps=1 wei_reps=1 ncontexts=1 context_cnt=0 act_cnt_en=1 wei_cnt_en=1 act_pop_en=0 wei_pop_en=0 psm_start=0 shift_done=0 done=0 cscnt_q=0 pop_shim_q2=0 cdone_q=0 o_cswitch_done_val=0 o_cdone_val=0
[CTRL DEBUG] cycle=81899 state=5 start=0 incntlim=64 act_reps=1 wei_reps=1 ncontexts=1 context_cnt=0 act_cnt_en=1 wei_cnt_en=1 act_pop_en=0 wei_pop_en=0 psm_start=0 shift_done=0 done=0 cscnt_q=0 pop_shim_q2=0 cdone_q=0 o_cswitch_done_val=0 o_cdone_val=0
[CTRL DEBUG] cycle=81900 state=5 start=0 incntlim=64 act_reps=1 wei_reps=1 ncontexts=1 context_cnt=0 act_cnt_en=1 wei_cnt_en=1 act_pop_en=0 wei_pop_en=0 psm_start=0 shift_done=0 done=0 cscnt_q=0 pop_shim_q2=0 cdone_q=0 o_cswitch_done_val=0 o_cdone_val=0
[CTRL DEBUG] cycle=81900 state=5 start=0 incntlim=64 act_reps=1 wei_reps=1 ncontexts=1 context_cnt=0 act_cnt_en=1 wei_cnt_en=1 act_pop_en=0 wei_pop_en=0 psm_start=0 shift_done=0 done=0 cscnt_q=0 pop_shim_q2=0 cdone_q=0 o_cswitch_done_val=0 o_cdone_val=0
[IFMAP STALL STATUS] context=0 emit_count=21 pop_count=0 effective_k=64 act_can_pop=1
[IFMAP STALL STATUS] context=0 emit_count=21 pop_count=0 effective_k=64 act_can_pop=1
[WEIGHT FEED VEC] count=41 context=0 out_tile=0 k=41 flat_base_idx=656 feed_vec=[0, 0, 0, 0, 1, -1, 0, 0, 0, 0, 0, 0, 0, -1, 0, 0]
[WEIGHT FEED VEC] count=41 context=0 out_tile=0 k=41 flat_base_idx=656 feed_vec=[0, 0, 0, 0, 1, -1, 0, 0, 0, 0, 0, 0, 0, -1, 0, 0]
[CTRL DEBUG] cycle=81900 state=5 start=0 incntlim=64 act_reps=1 wei_reps=1 ncontexts=1 context_cnt=0 act_cnt_en=1 wei_cnt_en=1 act_pop_en=0 wei_pop_en=0 psm_start=0 shift_done=0 done=0 cscnt_q=0 pop_shim_q2=0 cdone_q=0 o_cswitch_done_val=0 o_cdone_val=0
[CTRL DEBUG] cycle=81900 state=5 start=0 incntlim=64 act_reps=1 wei_reps=1 ncontexts=1 context_cnt=0 act_cnt_en=1 wei_cnt_en=1 act_pop_en=0 wei_pop_en=0 psm_start=0 shift_done=0 done=0 cscnt_q=0 pop_shim_q2=0 cdone_q=0 o_cswitch_done_val=0 o_cdone_val=0
[CTRL DEBUG] cycle=81900 state=5 start=0 incntlim=64 act_reps=1 wei_reps=1 ncontexts=1 context_cnt=0 act_cnt_en=1 wei_cnt_en=1 act_pop_en=0 wei_pop_en=0 psm_start=0 shift_done=0 done=0 cscnt_q=0 pop_shim_q2=0 cdone_q=0 o_cswitch_done_val=0 o_cdone_val=0
[CTRL DEBUG] cycle=81900 state=5 start=0 incntlim=64 act_reps=1 wei_reps=1 ncontexts=1 context_cnt=0 act_cnt_en=1 wei_cnt_en=1 act_pop_en=0 wei_pop_en=0 psm_start=0 shift_done=0 done=0 cscnt_q=0 pop_shim_q2=0 cdone_q=0 o_cswitch_done_val=0 o_cdone_val=0
[CTRL DEBUG] cycle=81901 state=5 start=0 incntlim=64 act_reps=1 wei_reps=1 ncontexts=1 context_cnt=0 act_cnt_en=1 wei_cnt_en=1 act_pop_en=0 wei_pop_en=0 psm_start=0 shift_done=0 done=0 cscnt_q=0 pop_shim_q2=0 cdone_q=0 o_cswitch_done_val=0 o_cdone_val=0
[CTRL DEBUG] cycle=81901 state=5 start=0 incntlim=64 act_reps=1 wei_reps=1 ncontexts=1 context_cnt=0 act_cnt_en=1 wei_cnt_en=1 act_pop_en=0 wei_pop_en=0 psm_start=0 shift_done=0 done=0 cscnt_q=0 pop_shim_q2=0 cdone_q=0 o_cswitch_done_val=0 o_cdone_val=0
[IFMAP DEMAND REQ] req=22 context=0 k=22 ch=22 ky=0 kx=0 start_abs_idx=176 first_word=22 last_word=22 req_word_addr=22 req_final_addr=22
[IFMAP STALL STATUS] context=0 emit_count=22 pop_count=0 effective_k=64 act_can_pop=1
[IFMAP DEMAND REQ] req=22 context=0 k=22 ch=22 ky=0 kx=0 start_abs_idx=176 first_word=22 last_word=22 req_word_addr=22 req_final_addr=22
[IFMAP STALL STATUS] context=0 emit_count=22 pop_count=0 effective_k=64 act_can_pop=1
[WEIGHT FEED VEC] count=42 context=0 out_tile=0 k=42 flat_base_idx=672 feed_vec=[0, -1, 2, 0, 0, -1, 0, 1, 0, 0, 0, 0, 0, 0, 0, 0]
[WEIGHT FEED VEC] count=42 context=0 out_tile=0 k=42 flat_base_idx=672 feed_vec=[0, -1, 2, 0, 0, -1, 0, 1, 0, 0, 0, 0, 0, 0, 0, 0]
[CTRL DEBUG] cycle=81901 state=5 start=0 incntlim=64 act_reps=1 wei_reps=1 ncontexts=1 context_cnt=0 act_cnt_en=1 wei_cnt_en=1 act_pop_en=0 wei_pop_en=0 psm_start=0 shift_done=0 done=0 cscnt_q=0 pop_shim_q2=0 cdone_q=0 o_cswitch_done_val=0 o_cdone_val=0
[CTRL DEBUG] cycle=81901 state=5 start=0 incntlim=64 act_reps=1 wei_reps=1 ncontexts=1 context_cnt=0 act_cnt_en=1 wei_cnt_en=1 act_pop_en=0 wei_pop_en=0 psm_start=0 shift_done=0 done=0 cscnt_q=0 pop_shim_q2=0 cdone_q=0 o_cswitch_done_val=0 o_cdone_val=0
[CTRL DEBUG] cycle=81901 state=5 start=0 incntlim=64 act_reps=1 wei_reps=1 ncontexts=1 context_cnt=0 act_cnt_en=1 wei_cnt_en=1 act_pop_en=0 wei_pop_en=0 psm_start=0 shift_done=0 done=0 cscnt_q=0 pop_shim_q2=0 cdone_q=0 o_cswitch_done_val=0 o_cdone_val=0
[CTRL DEBUG] cycle=81901 state=5 start=0 incntlim=64 act_reps=1 wei_reps=1 ncontexts=1 context_cnt=0 act_cnt_en=1 wei_cnt_en=1 act_pop_en=0 wei_pop_en=0 psm_start=0 shift_done=0 done=0 cscnt_q=0 pop_shim_q2=0 cdone_q=0 o_cswitch_done_val=0 o_cdone_val=0
[CTRL DEBUG] cycle=81902 state=5 start=0 incntlim=64 act_reps=1 wei_reps=1 ncontexts=1 context_cnt=0 act_cnt_en=1 wei_cnt_en=1 act_pop_en=0 wei_pop_en=0 psm_start=0 shift_done=0 done=0 cscnt_q=0 pop_shim_q2=0 cdone_q=0 o_cswitch_done_val=0 o_cdone_val=0
[CTRL DEBUG] cycle=81902 state=5 start=0 incntlim=64 act_reps=1 wei_reps=1 ncontexts=1 context_cnt=0 act_cnt_en=1 wei_cnt_en=1 act_pop_en=0 wei_pop_en=0 psm_start=0 shift_done=0 done=0 cscnt_q=0 pop_shim_q2=0 cdone_q=0 o_cswitch_done_val=0 o_cdone_val=0
[IFMAP STALL STATUS] context=0 emit_count=22 pop_count=0 effective_k=64 act_can_pop=1
[IFMAP STALL STATUS] context=0 emit_count=22 pop_count=0 effective_k=64 act_can_pop=1
[WEIGHT FEED VEC] count=43 context=0 out_tile=0 k=43 flat_base_idx=688 feed_vec=[-2, 0, 0, 0, 2, 0, 0, 0, 0, 0, 0, 0, 0, 1, 0, 0]
[WEIGHT FEED VEC] count=43 context=0 out_tile=0 k=43 flat_base_idx=688 feed_vec=[-2, 0, 0, 0, 2, 0, 0, 0, 0, 0, 0, 0, 0, 1, 0, 0]
[CTRL DEBUG] cycle=81902 state=5 start=0 incntlim=64 act_reps=1 wei_reps=1 ncontexts=1 context_cnt=0 act_cnt_en=1 wei_cnt_en=1 act_pop_en=0 wei_pop_en=0 psm_start=0 shift_done=0 done=0 cscnt_q=0 pop_shim_q2=0 cdone_q=0 o_cswitch_done_val=0 o_cdone_val=0
[CTRL DEBUG] cycle=81902 state=5 start=0 incntlim=64 act_reps=1 wei_reps=1 ncontexts=1 context_cnt=0 act_cnt_en=1 wei_cnt_en=1 act_pop_en=0 wei_pop_en=0 psm_start=0 shift_done=0 done=0 cscnt_q=0 pop_shim_q2=0 cdone_q=0 o_cswitch_done_val=0 o_cdone_val=0
[CTRL DEBUG] cycle=81902 state=5 start=0 incntlim=64 act_reps=1 wei_reps=1 ncontexts=1 context_cnt=0 act_cnt_en=1 wei_cnt_en=1 act_pop_en=0 wei_pop_en=0 psm_start=0 shift_done=0 done=0 cscnt_q=0 pop_shim_q2=0 cdone_q=0 o_cswitch_done_val=0 o_cdone_val=0
[CTRL DEBUG] cycle=81902 state=5 start=0 incntlim=64 act_reps=1 wei_reps=1 ncontexts=1 context_cnt=0 act_cnt_en=1 wei_cnt_en=1 act_pop_en=0 wei_pop_en=0 psm_start=0 shift_done=0 done=0 cscnt_q=0 pop_shim_q2=0 cdone_q=0 o_cswitch_done_val=0 o_cdone_val=0
[CTRL DEBUG] cycle=81903 state=5 start=0 incntlim=64 act_reps=1 wei_reps=1 ncontexts=1 context_cnt=0 act_cnt_en=1 wei_cnt_en=1 act_pop_en=0 wei_pop_en=0 psm_start=0 shift_done=0 done=0 cscnt_q=0 pop_shim_q2=0 cdone_q=0 o_cswitch_done_val=0 o_cdone_val=0
[CTRL DEBUG] cycle=81903 state=5 start=0 incntlim=64 act_reps=1 wei_reps=1 ncontexts=1 context_cnt=0 act_cnt_en=1 wei_cnt_en=1 act_pop_en=0 wei_pop_en=0 psm_start=0 shift_done=0 done=0 cscnt_q=0 pop_shim_q2=0 cdone_q=0 o_cswitch_done_val=0 o_cdone_val=0
[IFMAP DEMAND REQ] req=23 context=0 k=23 ch=23 ky=0 kx=0 start_abs_idx=184 first_word=23 last_word=23 req_word_addr=23 req_final_addr=23
[IFMAP STALL STATUS] context=0 emit_count=23 pop_count=0 effective_k=64 act_can_pop=1
[IFMAP DEMAND REQ] req=23 context=0 k=23 ch=23 ky=0 kx=0 start_abs_idx=184 first_word=23 last_word=23 req_word_addr=23 req_final_addr=23
[IFMAP STALL STATUS] context=0 emit_count=23 pop_count=0 effective_k=64 act_can_pop=1
[WEIGHT FEED VEC] count=44 context=0 out_tile=0 k=44 flat_base_idx=704 feed_vec=[1, 1, 0, 0, 0, -1, 0, -2, 0, 0, 0, 0, 0, 1, 0, -2]
[WEIGHT FEED VEC] count=44 context=0 out_tile=0 k=44 flat_base_idx=704 feed_vec=[1, 1, 0, 0, 0, -1, 0, -2, 0, 0, 0, 0, 0, 1, 0, -2]
[CTRL DEBUG] cycle=81903 state=5 start=0 incntlim=64 act_reps=1 wei_reps=1 ncontexts=1 context_cnt=0 act_cnt_en=1 wei_cnt_en=1 act_pop_en=0 wei_pop_en=0 psm_start=0 shift_done=0 done=0 cscnt_q=0 pop_shim_q2=0 cdone_q=0 o_cswitch_done_val=0 o_cdone_val=0
[CTRL DEBUG] cycle=81903 state=5 start=0 incntlim=64 act_reps=1 wei_reps=1 ncontexts=1 context_cnt=0 act_cnt_en=1 wei_cnt_en=1 act_pop_en=0 wei_pop_en=0 psm_start=0 shift_done=0 done=0 cscnt_q=0 pop_shim_q2=0 cdone_q=0 o_cswitch_done_val=0 o_cdone_val=0
[CTRL DEBUG] cycle=81903 state=5 start=0 incntlim=64 act_reps=1 wei_reps=1 ncontexts=1 context_cnt=0 act_cnt_en=1 wei_cnt_en=1 act_pop_en=0 wei_pop_en=0 psm_start=0 shift_done=0 done=0 cscnt_q=0 pop_shim_q2=0 cdone_q=0 o_cswitch_done_val=0 o_cdone_val=0
[CTRL DEBUG] cycle=81903 state=5 start=0 incntlim=64 act_reps=1 wei_reps=1 ncontexts=1 context_cnt=0 act_cnt_en=1 wei_cnt_en=1 act_pop_en=0 wei_pop_en=0 psm_start=0 shift_done=0 done=0 cscnt_q=0 pop_shim_q2=0 cdone_q=0 o_cswitch_done_val=0 o_cdone_val=0
[CTRL DEBUG] cycle=81904 state=5 start=0 incntlim=64 act_reps=1 wei_reps=1 ncontexts=1 context_cnt=0 act_cnt_en=1 wei_cnt_en=1 act_pop_en=0 wei_pop_en=0 psm_start=0 shift_done=0 done=0 cscnt_q=0 pop_shim_q2=0 cdone_q=0 o_cswitch_done_val=0 o_cdone_val=0
[CTRL DEBUG] cycle=81904 state=5 start=0 incntlim=64 act_reps=1 wei_reps=1 ncontexts=1 context_cnt=0 act_cnt_en=1 wei_cnt_en=1 act_pop_en=0 wei_pop_en=0 psm_start=0 shift_done=0 done=0 cscnt_q=0 pop_shim_q2=0 cdone_q=0 o_cswitch_done_val=0 o_cdone_val=0
[IFMAP STALL STATUS] context=0 emit_count=23 pop_count=0 effective_k=64 act_can_pop=1
[IFMAP STALL STATUS] context=0 emit_count=23 pop_count=0 effective_k=64 act_can_pop=1
[WEIGHT FEED VEC] count=45 context=0 out_tile=0 k=45 flat_base_idx=720 feed_vec=[0, 0, 1, 0, 1, 0, 0, -1, 0, 0, 1, 0, 1, -1, 1, 0]
[WEIGHT FEED VEC] count=45 context=0 out_tile=0 k=45 flat_base_idx=720 feed_vec=[0, 0, 1, 0, 1, 0, 0, -1, 0, 0, 1, 0, 1, -1, 1, 0]
[CTRL DEBUG] cycle=81904 state=5 start=0 incntlim=64 act_reps=1 wei_reps=1 ncontexts=1 context_cnt=0 act_cnt_en=1 wei_cnt_en=1 act_pop_en=0 wei_pop_en=0 psm_start=0 shift_done=0 done=0 cscnt_q=0 pop_shim_q2=0 cdone_q=0 o_cswitch_done_val=0 o_cdone_val=0
[CTRL DEBUG] cycle=81904 state=5 start=0 incntlim=64 act_reps=1 wei_reps=1 ncontexts=1 context_cnt=0 act_cnt_en=1 wei_cnt_en=1 act_pop_en=0 wei_pop_en=0 psm_start=0 shift_done=0 done=0 cscnt_q=0 pop_shim_q2=0 cdone_q=0 o_cswitch_done_val=0 o_cdone_val=0
[CTRL DEBUG] cycle=81904 state=5 start=0 incntlim=64 act_reps=1 wei_reps=1 ncontexts=1 context_cnt=0 act_cnt_en=1 wei_cnt_en=1 act_pop_en=0 wei_pop_en=0 psm_start=0 shift_done=0 done=0 cscnt_q=0 pop_shim_q2=0 cdone_q=0 o_cswitch_done_val=0 o_cdone_val=0
[CTRL DEBUG] cycle=81904 state=5 start=0 incntlim=64 act_reps=1 wei_reps=1 ncontexts=1 context_cnt=0 act_cnt_en=1 wei_cnt_en=1 act_pop_en=0 wei_pop_en=0 psm_start=0 shift_done=0 done=0 cscnt_q=0 pop_shim_q2=0 cdone_q=0 o_cswitch_done_val=0 o_cdone_val=0
[CTRL DEBUG] cycle=81905 state=5 start=0 incntlim=64 act_reps=1 wei_reps=1 ncontexts=1 context_cnt=0 act_cnt_en=1 wei_cnt_en=1 act_pop_en=0 wei_pop_en=0 psm_start=0 shift_done=0 done=0 cscnt_q=0 pop_shim_q2=0 cdone_q=0 o_cswitch_done_val=0 o_cdone_val=0
[CTRL DEBUG] cycle=81905 state=5 start=0 incntlim=64 act_reps=1 wei_reps=1 ncontexts=1 context_cnt=0 act_cnt_en=1 wei_cnt_en=1 act_pop_en=0 wei_pop_en=0 psm_start=0 shift_done=0 done=0 cscnt_q=0 pop_shim_q2=0 cdone_q=0 o_cswitch_done_val=0 o_cdone_val=0
[IFMAP DEMAND REQ] req=24 context=0 k=24 ch=24 ky=0 kx=0 start_abs_idx=192 first_word=24 last_word=24 req_word_addr=24 req_final_addr=24
[IFMAP STALL STATUS] context=0 emit_count=24 pop_count=0 effective_k=64 act_can_pop=1
[IFMAP DEMAND REQ] req=24 context=0 k=24 ch=24 ky=0 kx=0 start_abs_idx=192 first_word=24 last_word=24 req_word_addr=24 req_final_addr=24
[IFMAP STALL STATUS] context=0 emit_count=24 pop_count=0 effective_k=64 act_can_pop=1
[WEIGHT FEED VEC] count=46 context=0 out_tile=0 k=46 flat_base_idx=736 feed_vec=[0, 0, 2, 0, 0, 0, 0, 0, 0, -1, -1, 0, 0, -1, 0, 0]
[WEIGHT FEED VEC] count=46 context=0 out_tile=0 k=46 flat_base_idx=736 feed_vec=[0, 0, 2, 0, 0, 0, 0, 0, 0, -1, -1, 0, 0, -1, 0, 0]
[CTRL DEBUG] cycle=81905 state=5 start=0 incntlim=64 act_reps=1 wei_reps=1 ncontexts=1 context_cnt=0 act_cnt_en=1 wei_cnt_en=1 act_pop_en=0 wei_pop_en=0 psm_start=0 shift_done=0 done=0 cscnt_q=0 pop_shim_q2=0 cdone_q=0 o_cswitch_done_val=0 o_cdone_val=0
[CTRL DEBUG] cycle=81905 state=5 start=0 incntlim=64 act_reps=1 wei_reps=1 ncontexts=1 context_cnt=0 act_cnt_en=1 wei_cnt_en=1 act_pop_en=0 wei_pop_en=0 psm_start=0 shift_done=0 done=0 cscnt_q=0 pop_shim_q2=0 cdone_q=0 o_cswitch_done_val=0 o_cdone_val=0
[CTRL DEBUG] cycle=81905 state=5 start=0 incntlim=64 act_reps=1 wei_reps=1 ncontexts=1 context_cnt=0 act_cnt_en=1 wei_cnt_en=1 act_pop_en=0 wei_pop_en=0 psm_start=0 shift_done=0 done=0 cscnt_q=0 pop_shim_q2=0 cdone_q=0 o_cswitch_done_val=0 o_cdone_val=0
[CTRL DEBUG] cycle=81905 state=5 start=0 incntlim=64 act_reps=1 wei_reps=1 ncontexts=1 context_cnt=0 act_cnt_en=1 wei_cnt_en=1 act_pop_en=0 wei_pop_en=0 psm_start=0 shift_done=0 done=0 cscnt_q=0 pop_shim_q2=0 cdone_q=0 o_cswitch_done_val=0 o_cdone_val=0
[CTRL DEBUG] cycle=81906 state=5 start=0 incntlim=64 act_reps=1 wei_reps=1 ncontexts=1 context_cnt=0 act_cnt_en=1 wei_cnt_en=1 act_pop_en=0 wei_pop_en=0 psm_start=0 shift_done=0 done=0 cscnt_q=0 pop_shim_q2=0 cdone_q=0 o_cswitch_done_val=0 o_cdone_val=0
[CTRL DEBUG] cycle=81906 state=5 start=0 incntlim=64 act_reps=1 wei_reps=1 ncontexts=1 context_cnt=0 act_cnt_en=1 wei_cnt_en=1 act_pop_en=0 wei_pop_en=0 psm_start=0 shift_done=0 done=0 cscnt_q=0 pop_shim_q2=0 cdone_q=0 o_cswitch_done_val=0 o_cdone_val=0
[IFMAP STALL STATUS] context=0 emit_count=24 pop_count=0 effective_k=64 act_can_pop=1
[IFMAP STALL STATUS] context=0 emit_count=24 pop_count=0 effective_k=64 act_can_pop=1
[WEIGHT FEED VEC] count=47 context=0 out_tile=0 k=47 flat_base_idx=752 feed_vec=[1, 0, 0, 0, 0, 0, 1, -1, -1, 0, 0, 0, 0, 1, -1, 0]
[WEIGHT FEED VEC] count=47 context=0 out_tile=0 k=47 flat_base_idx=752 feed_vec=[1, 0, 0, 0, 0, 0, 1, -1, -1, 0, 0, 0, 0, 1, -1, 0]
[CTRL DEBUG] cycle=81906 state=5 start=0 incntlim=64 act_reps=1 wei_reps=1 ncontexts=1 context_cnt=0 act_cnt_en=1 wei_cnt_en=1 act_pop_en=0 wei_pop_en=0 psm_start=0 shift_done=0 done=0 cscnt_q=0 pop_shim_q2=0 cdone_q=0 o_cswitch_done_val=0 o_cdone_val=0
[CTRL DEBUG] cycle=81906 state=5 start=0 incntlim=64 act_reps=1 wei_reps=1 ncontexts=1 context_cnt=0 act_cnt_en=1 wei_cnt_en=1 act_pop_en=0 wei_pop_en=0 psm_start=0 shift_done=0 done=0 cscnt_q=0 pop_shim_q2=0 cdone_q=0 o_cswitch_done_val=0 o_cdone_val=0
[CTRL DEBUG] cycle=81906 state=5 start=0 incntlim=64 act_reps=1 wei_reps=1 ncontexts=1 context_cnt=0 act_cnt_en=1 wei_cnt_en=1 act_pop_en=0 wei_pop_en=0 psm_start=0 shift_done=0 done=0 cscnt_q=0 pop_shim_q2=0 cdone_q=0 o_cswitch_done_val=0 o_cdone_val=0
[CTRL DEBUG] cycle=81906 state=5 start=0 incntlim=64 act_reps=1 wei_reps=1 ncontexts=1 context_cnt=0 act_cnt_en=1 wei_cnt_en=1 act_pop_en=0 wei_pop_en=0 psm_start=0 shift_done=0 done=0 cscnt_q=0 pop_shim_q2=0 cdone_q=0 o_cswitch_done_val=0 o_cdone_val=0
[CTRL DEBUG] cycle=81907 state=5 start=0 incntlim=64 act_reps=1 wei_reps=1 ncontexts=1 context_cnt=0 act_cnt_en=1 wei_cnt_en=1 act_pop_en=0 wei_pop_en=0 psm_start=0 shift_done=0 done=0 cscnt_q=0 pop_shim_q2=0 cdone_q=0 o_cswitch_done_val=0 o_cdone_val=0
[CTRL DEBUG] cycle=81907 state=5 start=0 incntlim=64 act_reps=1 wei_reps=1 ncontexts=1 context_cnt=0 act_cnt_en=1 wei_cnt_en=1 act_pop_en=0 wei_pop_en=0 psm_start=0 shift_done=0 done=0 cscnt_q=0 pop_shim_q2=0 cdone_q=0 o_cswitch_done_val=0 o_cdone_val=0
[IFMAP DEMAND REQ] req=25 context=0 k=25 ch=25 ky=0 kx=0 start_abs_idx=200 first_word=25 last_word=25 req_word_addr=25 req_final_addr=25
[IFMAP STALL STATUS] context=0 emit_count=25 pop_count=0 effective_k=64 act_can_pop=1
[IFMAP DEMAND REQ] req=25 context=0 k=25 ch=25 ky=0 kx=0 start_abs_idx=200 first_word=25 last_word=25 req_word_addr=25 req_final_addr=25
[IFMAP STALL STATUS] context=0 emit_count=25 pop_count=0 effective_k=64 act_can_pop=1
[WEIGHT FEED VEC] count=48 context=0 out_tile=0 k=48 flat_base_idx=768 feed_vec=[0, 0, 0, 0, -1, 0, 1, 1, 1, 0, 1, 0, 0, 0, 0, 0]
[WEIGHT FEED VEC] count=48 context=0 out_tile=0 k=48 flat_base_idx=768 feed_vec=[0, 0, 0, 0, -1, 0, 1, 1, 1, 0, 1, 0, 0, 0, 0, 0]
[CTRL DEBUG] cycle=81907 state=5 start=0 incntlim=64 act_reps=1 wei_reps=1 ncontexts=1 context_cnt=0 act_cnt_en=1 wei_cnt_en=1 act_pop_en=0 wei_pop_en=0 psm_start=0 shift_done=0 done=0 cscnt_q=0 pop_shim_q2=0 cdone_q=0 o_cswitch_done_val=0 o_cdone_val=0
[CTRL DEBUG] cycle=81907 state=5 start=0 incntlim=64 act_reps=1 wei_reps=1 ncontexts=1 context_cnt=0 act_cnt_en=1 wei_cnt_en=1 act_pop_en=0 wei_pop_en=0 psm_start=0 shift_done=0 done=0 cscnt_q=0 pop_shim_q2=0 cdone_q=0 o_cswitch_done_val=0 o_cdone_val=0
[CTRL DEBUG] cycle=81907 state=5 start=0 incntlim=64 act_reps=1 wei_reps=1 ncontexts=1 context_cnt=0 act_cnt_en=1 wei_cnt_en=1 act_pop_en=0 wei_pop_en=0 psm_start=0 shift_done=0 done=0 cscnt_q=0 pop_shim_q2=0 cdone_q=0 o_cswitch_done_val=0 o_cdone_val=0
[CTRL DEBUG] cycle=81907 state=5 start=0 incntlim=64 act_reps=1 wei_reps=1 ncontexts=1 context_cnt=0 act_cnt_en=1 wei_cnt_en=1 act_pop_en=0 wei_pop_en=0 psm_start=0 shift_done=0 done=0 cscnt_q=0 pop_shim_q2=0 cdone_q=0 o_cswitch_done_val=0 o_cdone_val=0
[CTRL DEBUG] cycle=81908 state=5 start=0 incntlim=64 act_reps=1 wei_reps=1 ncontexts=1 context_cnt=0 act_cnt_en=1 wei_cnt_en=1 act_pop_en=0 wei_pop_en=0 psm_start=0 shift_done=0 done=0 cscnt_q=0 pop_shim_q2=0 cdone_q=0 o_cswitch_done_val=0 o_cdone_val=0
[CTRL DEBUG] cycle=81908 state=5 start=0 incntlim=64 act_reps=1 wei_reps=1 ncontexts=1 context_cnt=0 act_cnt_en=1 wei_cnt_en=1 act_pop_en=0 wei_pop_en=0 psm_start=0 shift_done=0 done=0 cscnt_q=0 pop_shim_q2=0 cdone_q=0 o_cswitch_done_val=0 o_cdone_val=0
[IFMAP STALL STATUS] context=0 emit_count=25 pop_count=0 effective_k=64 act_can_pop=1
[IFMAP STALL STATUS] context=0 emit_count=25 pop_count=0 effective_k=64 act_can_pop=1
[WEIGHT FEED VEC] count=49 context=0 out_tile=0 k=49 flat_base_idx=784 feed_vec=[0, 0, 0, -1, 0, 0, 1, 0, 0, 0, 0, -1, 1, 0, 0, 0]
[WEIGHT FEED VEC] count=49 context=0 out_tile=0 k=49 flat_base_idx=784 feed_vec=[0, 0, 0, -1, 0, 0, 1, 0, 0, 0, 0, -1, 1, 0, 0, 0]
[CTRL DEBUG] cycle=81908 state=5 start=0 incntlim=64 act_reps=1 wei_reps=1 ncontexts=1 context_cnt=0 act_cnt_en=1 wei_cnt_en=1 act_pop_en=0 wei_pop_en=0 psm_start=0 shift_done=0 done=0 cscnt_q=0 pop_shim_q2=0 cdone_q=0 o_cswitch_done_val=0 o_cdone_val=0
[CTRL DEBUG] cycle=81908 state=5 start=0 incntlim=64 act_reps=1 wei_reps=1 ncontexts=1 context_cnt=0 act_cnt_en=1 wei_cnt_en=1 act_pop_en=0 wei_pop_en=0 psm_start=0 shift_done=0 done=0 cscnt_q=0 pop_shim_q2=0 cdone_q=0 o_cswitch_done_val=0 o_cdone_val=0
[CTRL DEBUG] cycle=81908 state=5 start=0 incntlim=64 act_reps=1 wei_reps=1 ncontexts=1 context_cnt=0 act_cnt_en=1 wei_cnt_en=1 act_pop_en=0 wei_pop_en=0 psm_start=0 shift_done=0 done=0 cscnt_q=0 pop_shim_q2=0 cdone_q=0 o_cswitch_done_val=0 o_cdone_val=0
[CTRL DEBUG] cycle=81908 state=5 start=0 incntlim=64 act_reps=1 wei_reps=1 ncontexts=1 context_cnt=0 act_cnt_en=1 wei_cnt_en=1 act_pop_en=0 wei_pop_en=0 psm_start=0 shift_done=0 done=0 cscnt_q=0 pop_shim_q2=0 cdone_q=0 o_cswitch_done_val=0 o_cdone_val=0
[CTRL DEBUG] cycle=81909 state=5 start=0 incntlim=64 act_reps=1 wei_reps=1 ncontexts=1 context_cnt=0 act_cnt_en=1 wei_cnt_en=1 act_pop_en=0 wei_pop_en=0 psm_start=0 shift_done=0 done=0 cscnt_q=0 pop_shim_q2=0 cdone_q=0 o_cswitch_done_val=0 o_cdone_val=0
[CTRL DEBUG] cycle=81909 state=5 start=0 incntlim=64 act_reps=1 wei_reps=1 ncontexts=1 context_cnt=0 act_cnt_en=1 wei_cnt_en=1 act_pop_en=0 wei_pop_en=0 psm_start=0 shift_done=0 done=0 cscnt_q=0 pop_shim_q2=0 cdone_q=0 o_cswitch_done_val=0 o_cdone_val=0
[IFMAP DEMAND REQ] req=26 context=0 k=26 ch=26 ky=0 kx=0 start_abs_idx=208 first_word=26 last_word=26 req_word_addr=26 req_final_addr=26
[IFMAP STALL STATUS] context=0 emit_count=26 pop_count=0 effective_k=64 act_can_pop=1
[IFMAP DEMAND REQ] req=26 context=0 k=26 ch=26 ky=0 kx=0 start_abs_idx=208 first_word=26 last_word=26 req_word_addr=26 req_final_addr=26
[IFMAP STALL STATUS] context=0 emit_count=26 pop_count=0 effective_k=64 act_can_pop=1
[WEIGHT FEED VEC] count=50 context=0 out_tile=0 k=50 flat_base_idx=800 feed_vec=[-2, 0, 0, 0, 0, 0, 0, 0, 2, -1, 0, 0, 1, 0, 1, 0]
[WEIGHT FEED VEC] count=50 context=0 out_tile=0 k=50 flat_base_idx=800 feed_vec=[-2, 0, 0, 0, 0, 0, 0, 0, 2, -1, 0, 0, 1, 0, 1, 0]
[CTRL DEBUG] cycle=81909 state=5 start=0 incntlim=64 act_reps=1 wei_reps=1 ncontexts=1 context_cnt=0 act_cnt_en=1 wei_cnt_en=1 act_pop_en=0 wei_pop_en=0 psm_start=0 shift_done=0 done=0 cscnt_q=0 pop_shim_q2=0 cdone_q=0 o_cswitch_done_val=0 o_cdone_val=0
[CTRL DEBUG] cycle=81909 state=5 start=0 incntlim=64 act_reps=1 wei_reps=1 ncontexts=1 context_cnt=0 act_cnt_en=1 wei_cnt_en=1 act_pop_en=0 wei_pop_en=0 psm_start=0 shift_done=0 done=0 cscnt_q=0 pop_shim_q2=0 cdone_q=0 o_cswitch_done_val=0 o_cdone_val=0
[CTRL DEBUG] cycle=81909 state=5 start=0 incntlim=64 act_reps=1 wei_reps=1 ncontexts=1 context_cnt=0 act_cnt_en=1 wei_cnt_en=1 act_pop_en=0 wei_pop_en=0 psm_start=0 shift_done=0 done=0 cscnt_q=0 pop_shim_q2=0 cdone_q=0 o_cswitch_done_val=0 o_cdone_val=0
[CTRL DEBUG] cycle=81909 state=5 start=0 incntlim=64 act_reps=1 wei_reps=1 ncontexts=1 context_cnt=0 act_cnt_en=1 wei_cnt_en=1 act_pop_en=0 wei_pop_en=0 psm_start=0 shift_done=0 done=0 cscnt_q=0 pop_shim_q2=0 cdone_q=0 o_cswitch_done_val=0 o_cdone_val=0
[CTRL DEBUG] cycle=81910 state=5 start=0 incntlim=64 act_reps=1 wei_reps=1 ncontexts=1 context_cnt=0 act_cnt_en=1 wei_cnt_en=1 act_pop_en=0 wei_pop_en=0 psm_start=0 shift_done=0 done=0 cscnt_q=0 pop_shim_q2=0 cdone_q=0 o_cswitch_done_val=0 o_cdone_val=0
[CTRL DEBUG] cycle=81910 state=5 start=0 incntlim=64 act_reps=1 wei_reps=1 ncontexts=1 context_cnt=0 act_cnt_en=1 wei_cnt_en=1 act_pop_en=0 wei_pop_en=0 psm_start=0 shift_done=0 done=0 cscnt_q=0 pop_shim_q2=0 cdone_q=0 o_cswitch_done_val=0 o_cdone_val=0
[IFMAP STALL STATUS] context=0 emit_count=26 pop_count=0 effective_k=64 act_can_pop=1
[IFMAP STALL STATUS] context=0 emit_count=26 pop_count=0 effective_k=64 act_can_pop=1
[WEIGHT FEED VEC] count=51 context=0 out_tile=0 k=51 flat_base_idx=816 feed_vec=[1, 0, -1, 0, 0, 0, 0, -1, 0, 1, 0, 0, 0, 0, -1, -1]
[WEIGHT FEED VEC] count=51 context=0 out_tile=0 k=51 flat_base_idx=816 feed_vec=[1, 0, -1, 0, 0, 0, 0, -1, 0, 1, 0, 0, 0, 0, -1, -1]
[CTRL DEBUG] cycle=81910 state=5 start=0 incntlim=64 act_reps=1 wei_reps=1 ncontexts=1 context_cnt=0 act_cnt_en=1 wei_cnt_en=1 act_pop_en=0 wei_pop_en=0 psm_start=0 shift_done=0 done=0 cscnt_q=0 pop_shim_q2=0 cdone_q=0 o_cswitch_done_val=0 o_cdone_val=0
[CTRL DEBUG] cycle=81910 state=5 start=0 incntlim=64 act_reps=1 wei_reps=1 ncontexts=1 context_cnt=0 act_cnt_en=1 wei_cnt_en=1 act_pop_en=0 wei_pop_en=0 psm_start=0 shift_done=0 done=0 cscnt_q=0 pop_shim_q2=0 cdone_q=0 o_cswitch_done_val=0 o_cdone_val=0
[CTRL DEBUG] cycle=81910 state=5 start=0 incntlim=64 act_reps=1 wei_reps=1 ncontexts=1 context_cnt=0 act_cnt_en=1 wei_cnt_en=1 act_pop_en=0 wei_pop_en=0 psm_start=0 shift_done=0 done=0 cscnt_q=0 pop_shim_q2=0 cdone_q=0 o_cswitch_done_val=0 o_cdone_val=0
[CTRL DEBUG] cycle=81910 state=5 start=0 incntlim=64 act_reps=1 wei_reps=1 ncontexts=1 context_cnt=0 act_cnt_en=1 wei_cnt_en=1 act_pop_en=0 wei_pop_en=0 psm_start=0 shift_done=0 done=0 cscnt_q=0 pop_shim_q2=0 cdone_q=0 o_cswitch_done_val=0 o_cdone_val=0
[CTRL DEBUG] cycle=81911 state=5 start=0 incntlim=64 act_reps=1 wei_reps=1 ncontexts=1 context_cnt=0 act_cnt_en=1 wei_cnt_en=1 act_pop_en=0 wei_pop_en=0 psm_start=0 shift_done=0 done=0 cscnt_q=0 pop_shim_q2=0 cdone_q=0 o_cswitch_done_val=0 o_cdone_val=0
[CTRL DEBUG] cycle=81911 state=5 start=0 incntlim=64 act_reps=1 wei_reps=1 ncontexts=1 context_cnt=0 act_cnt_en=1 wei_cnt_en=1 act_pop_en=0 wei_pop_en=0 psm_start=0 shift_done=0 done=0 cscnt_q=0 pop_shim_q2=0 cdone_q=0 o_cswitch_done_val=0 o_cdone_val=0
[IFMAP DEMAND REQ] req=27 context=0 k=27 ch=27 ky=0 kx=0 start_abs_idx=216 first_word=27 last_word=27 req_word_addr=27 req_final_addr=27
[IFMAP STALL STATUS] context=0 emit_count=27 pop_count=0 effective_k=64 act_can_pop=1
[IFMAP DEMAND REQ] req=27 context=0 k=27 ch=27 ky=0 kx=0 start_abs_idx=216 first_word=27 last_word=27 req_word_addr=27 req_final_addr=27
[IFMAP STALL STATUS] context=0 emit_count=27 pop_count=0 effective_k=64 act_can_pop=1
[WEIGHT FEED VEC] count=52 context=0 out_tile=0 k=52 flat_base_idx=832 feed_vec=[-1, 0, 0, 0, 1, -1, 0, 1, 0, -2, 0, 0, 0, -1, 0, 0]
[WEIGHT FEED VEC] count=52 context=0 out_tile=0 k=52 flat_base_idx=832 feed_vec=[-1, 0, 0, 0, 1, -1, 0, 1, 0, -2, 0, 0, 0, -1, 0, 0]
[CTRL DEBUG] cycle=81911 state=5 start=0 incntlim=64 act_reps=1 wei_reps=1 ncontexts=1 context_cnt=0 act_cnt_en=1 wei_cnt_en=1 act_pop_en=0 wei_pop_en=0 psm_start=0 shift_done=0 done=0 cscnt_q=0 pop_shim_q2=0 cdone_q=0 o_cswitch_done_val=0 o_cdone_val=0
[CTRL DEBUG] cycle=81911 state=5 start=0 incntlim=64 act_reps=1 wei_reps=1 ncontexts=1 context_cnt=0 act_cnt_en=1 wei_cnt_en=1 act_pop_en=0 wei_pop_en=0 psm_start=0 shift_done=0 done=0 cscnt_q=0 pop_shim_q2=0 cdone_q=0 o_cswitch_done_val=0 o_cdone_val=0
[CTRL DEBUG] cycle=81911 state=5 start=0 incntlim=64 act_reps=1 wei_reps=1 ncontexts=1 context_cnt=0 act_cnt_en=1 wei_cnt_en=1 act_pop_en=0 wei_pop_en=0 psm_start=0 shift_done=0 done=0 cscnt_q=0 pop_shim_q2=0 cdone_q=0 o_cswitch_done_val=0 o_cdone_val=0
[CTRL DEBUG] cycle=81911 state=5 start=0 incntlim=64 act_reps=1 wei_reps=1 ncontexts=1 context_cnt=0 act_cnt_en=1 wei_cnt_en=1 act_pop_en=0 wei_pop_en=0 psm_start=0 shift_done=0 done=0 cscnt_q=0 pop_shim_q2=0 cdone_q=0 o_cswitch_done_val=0 o_cdone_val=0
[CTRL DEBUG] cycle=81912 state=5 start=0 incntlim=64 act_reps=1 wei_reps=1 ncontexts=1 context_cnt=0 act_cnt_en=1 wei_cnt_en=1 act_pop_en=0 wei_pop_en=0 psm_start=0 shift_done=0 done=0 cscnt_q=0 pop_shim_q2=0 cdone_q=0 o_cswitch_done_val=0 o_cdone_val=0
[CTRL DEBUG] cycle=81912 state=5 start=0 incntlim=64 act_reps=1 wei_reps=1 ncontexts=1 context_cnt=0 act_cnt_en=1 wei_cnt_en=1 act_pop_en=0 wei_pop_en=0 psm_start=0 shift_done=0 done=0 cscnt_q=0 pop_shim_q2=0 cdone_q=0 o_cswitch_done_val=0 o_cdone_val=0
[IFMAP STALL STATUS] context=0 emit_count=27 pop_count=0 effective_k=64 act_can_pop=1
[IFMAP STALL STATUS] context=0 emit_count=27 pop_count=0 effective_k=64 act_can_pop=1
[WEIGHT FEED VEC] count=53 context=0 out_tile=0 k=53 flat_base_idx=848 feed_vec=[0, 0, 0, 0, 0, -1, 0, 1, -1, -1, 0, 0, 0, 0, 0, 0]
[WEIGHT FEED VEC] count=53 context=0 out_tile=0 k=53 flat_base_idx=848 feed_vec=[0, 0, 0, 0, 0, -1, 0, 1, -1, -1, 0, 0, 0, 0, 0, 0]
[CTRL DEBUG] cycle=81912 state=5 start=0 incntlim=64 act_reps=1 wei_reps=1 ncontexts=1 context_cnt=0 act_cnt_en=1 wei_cnt_en=1 act_pop_en=0 wei_pop_en=0 psm_start=0 shift_done=0 done=0 cscnt_q=0 pop_shim_q2=0 cdone_q=0 o_cswitch_done_val=0 o_cdone_val=0
[CTRL DEBUG] cycle=81912 state=5 start=0 incntlim=64 act_reps=1 wei_reps=1 ncontexts=1 context_cnt=0 act_cnt_en=1 wei_cnt_en=1 act_pop_en=0 wei_pop_en=0 psm_start=0 shift_done=0 done=0 cscnt_q=0 pop_shim_q2=0 cdone_q=0 o_cswitch_done_val=0 o_cdone_val=0
[CTRL DEBUG] cycle=81912 state=5 start=0 incntlim=64 act_reps=1 wei_reps=1 ncontexts=1 context_cnt=0 act_cnt_en=1 wei_cnt_en=1 act_pop_en=0 wei_pop_en=0 psm_start=0 shift_done=0 done=0 cscnt_q=0 pop_shim_q2=0 cdone_q=0 o_cswitch_done_val=0 o_cdone_val=0
[CTRL DEBUG] cycle=81912 state=5 start=0 incntlim=64 act_reps=1 wei_reps=1 ncontexts=1 context_cnt=0 act_cnt_en=1 wei_cnt_en=1 act_pop_en=0 wei_pop_en=0 psm_start=0 shift_done=0 done=0 cscnt_q=0 pop_shim_q2=0 cdone_q=0 o_cswitch_done_val=0 o_cdone_val=0
[CTRL DEBUG] cycle=81913 state=5 start=0 incntlim=64 act_reps=1 wei_reps=1 ncontexts=1 context_cnt=0 act_cnt_en=1 wei_cnt_en=1 act_pop_en=0 wei_pop_en=0 psm_start=0 shift_done=0 done=0 cscnt_q=0 pop_shim_q2=0 cdone_q=0 o_cswitch_done_val=0 o_cdone_val=0
[CTRL DEBUG] cycle=81913 state=5 start=0 incntlim=64 act_reps=1 wei_reps=1 ncontexts=1 context_cnt=0 act_cnt_en=1 wei_cnt_en=1 act_pop_en=0 wei_pop_en=0 psm_start=0 shift_done=0 done=0 cscnt_q=0 pop_shim_q2=0 cdone_q=0 o_cswitch_done_val=0 o_cdone_val=0
[IFMAP DEMAND REQ] req=28 context=0 k=28 ch=28 ky=0 kx=0 start_abs_idx=224 first_word=28 last_word=28 req_word_addr=28 req_final_addr=28
[IFMAP STALL STATUS] context=0 emit_count=28 pop_count=0 effective_k=64 act_can_pop=1
[IFMAP DEMAND REQ] req=28 context=0 k=28 ch=28 ky=0 kx=0 start_abs_idx=224 first_word=28 last_word=28 req_word_addr=28 req_final_addr=28
[IFMAP STALL STATUS] context=0 emit_count=28 pop_count=0 effective_k=64 act_can_pop=1
[WEIGHT FEED VEC] count=54 context=0 out_tile=0 k=54 flat_base_idx=864 feed_vec=[0, 0, 1, 0, 0, 0, 0, 1, 0, 0, 0, 0, 0, 2, 0, 1]
[WEIGHT FEED VEC] count=54 context=0 out_tile=0 k=54 flat_base_idx=864 feed_vec=[0, 0, 1, 0, 0, 0, 0, 1, 0, 0, 0, 0, 0, 2, 0, 1]
[CTRL DEBUG] cycle=81913 state=5 start=0 incntlim=64 act_reps=1 wei_reps=1 ncontexts=1 context_cnt=0 act_cnt_en=1 wei_cnt_en=1 act_pop_en=0 wei_pop_en=0 psm_start=0 shift_done=0 done=0 cscnt_q=0 pop_shim_q2=0 cdone_q=0 o_cswitch_done_val=0 o_cdone_val=0
[CTRL DEBUG] cycle=81913 state=5 start=0 incntlim=64 act_reps=1 wei_reps=1 ncontexts=1 context_cnt=0 act_cnt_en=1 wei_cnt_en=1 act_pop_en=0 wei_pop_en=0 psm_start=0 shift_done=0 done=0 cscnt_q=0 pop_shim_q2=0 cdone_q=0 o_cswitch_done_val=0 o_cdone_val=0
[CTRL DEBUG] cycle=81913 state=5 start=0 incntlim=64 act_reps=1 wei_reps=1 ncontexts=1 context_cnt=0 act_cnt_en=1 wei_cnt_en=1 act_pop_en=0 wei_pop_en=0 psm_start=0 shift_done=0 done=0 cscnt_q=0 pop_shim_q2=0 cdone_q=0 o_cswitch_done_val=0 o_cdone_val=0
[CTRL DEBUG] cycle=81913 state=5 start=0 incntlim=64 act_reps=1 wei_reps=1 ncontexts=1 context_cnt=0 act_cnt_en=1 wei_cnt_en=1 act_pop_en=0 wei_pop_en=0 psm_start=0 shift_done=0 done=0 cscnt_q=0 pop_shim_q2=0 cdone_q=0 o_cswitch_done_val=0 o_cdone_val=0
[CTRL DEBUG] cycle=81914 state=5 start=0 incntlim=64 act_reps=1 wei_reps=1 ncontexts=1 context_cnt=0 act_cnt_en=1 wei_cnt_en=1 act_pop_en=0 wei_pop_en=0 psm_start=0 shift_done=0 done=0 cscnt_q=0 pop_shim_q2=0 cdone_q=0 o_cswitch_done_val=0 o_cdone_val=0
[CTRL DEBUG] cycle=81914 state=5 start=0 incntlim=64 act_reps=1 wei_reps=1 ncontexts=1 context_cnt=0 act_cnt_en=1 wei_cnt_en=1 act_pop_en=0 wei_pop_en=0 psm_start=0 shift_done=0 done=0 cscnt_q=0 pop_shim_q2=0 cdone_q=0 o_cswitch_done_val=0 o_cdone_val=0
[IFMAP STALL STATUS] context=0 emit_count=28 pop_count=0 effective_k=64 act_can_pop=1
[IFMAP STALL STATUS] context=0 emit_count=28 pop_count=0 effective_k=64 act_can_pop=1
[WEIGHT FEED VEC] count=55 context=0 out_tile=0 k=55 flat_base_idx=880 feed_vec=[1, 0, 0, 0, -2, 2, 0, 0, -1, 0, 0, 0, 0, -1, 0, 0]
[WEIGHT FEED VEC] count=55 context=0 out_tile=0 k=55 flat_base_idx=880 feed_vec=[1, 0, 0, 0, -2, 2, 0, 0, -1, 0, 0, 0, 0, -1, 0, 0]
[CTRL DEBUG] cycle=81914 state=5 start=0 incntlim=64 act_reps=1 wei_reps=1 ncontexts=1 context_cnt=0 act_cnt_en=1 wei_cnt_en=1 act_pop_en=0 wei_pop_en=0 psm_start=0 shift_done=0 done=0 cscnt_q=0 pop_shim_q2=0 cdone_q=0 o_cswitch_done_val=0 o_cdone_val=0
[CTRL DEBUG] cycle=81914 state=5 start=0 incntlim=64 act_reps=1 wei_reps=1 ncontexts=1 context_cnt=0 act_cnt_en=1 wei_cnt_en=1 act_pop_en=0 wei_pop_en=0 psm_start=0 shift_done=0 done=0 cscnt_q=0 pop_shim_q2=0 cdone_q=0 o_cswitch_done_val=0 o_cdone_val=0
[CTRL DEBUG] cycle=81914 state=5 start=0 incntlim=64 act_reps=1 wei_reps=1 ncontexts=1 context_cnt=0 act_cnt_en=1 wei_cnt_en=1 act_pop_en=0 wei_pop_en=0 psm_start=0 shift_done=0 done=0 cscnt_q=0 pop_shim_q2=0 cdone_q=0 o_cswitch_done_val=0 o_cdone_val=0
[CTRL DEBUG] cycle=81914 state=5 start=0 incntlim=64 act_reps=1 wei_reps=1 ncontexts=1 context_cnt=0 act_cnt_en=1 wei_cnt_en=1 act_pop_en=0 wei_pop_en=0 psm_start=0 shift_done=0 done=0 cscnt_q=0 pop_shim_q2=0 cdone_q=0 o_cswitch_done_val=0 o_cdone_val=0
[CTRL DEBUG] cycle=81915 state=5 start=0 incntlim=64 act_reps=1 wei_reps=1 ncontexts=1 context_cnt=0 act_cnt_en=1 wei_cnt_en=1 act_pop_en=0 wei_pop_en=0 psm_start=0 shift_done=0 done=0 cscnt_q=0 pop_shim_q2=0 cdone_q=0 o_cswitch_done_val=0 o_cdone_val=0
[CTRL DEBUG] cycle=81915 state=5 start=0 incntlim=64 act_reps=1 wei_reps=1 ncontexts=1 context_cnt=0 act_cnt_en=1 wei_cnt_en=1 act_pop_en=0 wei_pop_en=0 psm_start=0 shift_done=0 done=0 cscnt_q=0 pop_shim_q2=0 cdone_q=0 o_cswitch_done_val=0 o_cdone_val=0
[IFMAP DEMAND REQ] req=29 context=0 k=29 ch=29 ky=0 kx=0 start_abs_idx=232 first_word=29 last_word=29 req_word_addr=29 req_final_addr=29
[IFMAP STALL STATUS] context=0 emit_count=29 pop_count=0 effective_k=64 act_can_pop=1
[IFMAP DEMAND REQ] req=29 context=0 k=29 ch=29 ky=0 kx=0 start_abs_idx=232 first_word=29 last_word=29 req_word_addr=29 req_final_addr=29
[IFMAP STALL STATUS] context=0 emit_count=29 pop_count=0 effective_k=64 act_can_pop=1
[WEIGHT FEED VEC] count=56 context=0 out_tile=0 k=56 flat_base_idx=896 feed_vec=[0, 0, 0, 1, 1, 1, 1, 0, 0, 1, 0, 0, 0, 1, 0, 0]
[WEIGHT FEED VEC] count=56 context=0 out_tile=0 k=56 flat_base_idx=896 feed_vec=[0, 0, 0, 1, 1, 1, 1, 0, 0, 1, 0, 0, 0, 1, 0, 0]
[CTRL DEBUG] cycle=81915 state=5 start=0 incntlim=64 act_reps=1 wei_reps=1 ncontexts=1 context_cnt=0 act_cnt_en=1 wei_cnt_en=1 act_pop_en=0 wei_pop_en=0 psm_start=0 shift_done=0 done=0 cscnt_q=0 pop_shim_q2=0 cdone_q=0 o_cswitch_done_val=0 o_cdone_val=0
[CTRL DEBUG] cycle=81915 state=5 start=0 incntlim=64 act_reps=1 wei_reps=1 ncontexts=1 context_cnt=0 act_cnt_en=1 wei_cnt_en=1 act_pop_en=0 wei_pop_en=0 psm_start=0 shift_done=0 done=0 cscnt_q=0 pop_shim_q2=0 cdone_q=0 o_cswitch_done_val=0 o_cdone_val=0
[CTRL DEBUG] cycle=81915 state=5 start=0 incntlim=64 act_reps=1 wei_reps=1 ncontexts=1 context_cnt=0 act_cnt_en=1 wei_cnt_en=1 act_pop_en=0 wei_pop_en=0 psm_start=0 shift_done=0 done=0 cscnt_q=0 pop_shim_q2=0 cdone_q=0 o_cswitch_done_val=0 o_cdone_val=0
[CTRL DEBUG] cycle=81915 state=5 start=0 incntlim=64 act_reps=1 wei_reps=1 ncontexts=1 context_cnt=0 act_cnt_en=1 wei_cnt_en=1 act_pop_en=0 wei_pop_en=0 psm_start=0 shift_done=0 done=0 cscnt_q=0 pop_shim_q2=0 cdone_q=0 o_cswitch_done_val=0 o_cdone_val=0
[CTRL DEBUG] cycle=81916 state=5 start=0 incntlim=64 act_reps=1 wei_reps=1 ncontexts=1 context_cnt=0 act_cnt_en=1 wei_cnt_en=1 act_pop_en=0 wei_pop_en=0 psm_start=0 shift_done=0 done=0 cscnt_q=0 pop_shim_q2=0 cdone_q=0 o_cswitch_done_val=0 o_cdone_val=0
[CTRL DEBUG] cycle=81916 state=5 start=0 incntlim=64 act_reps=1 wei_reps=1 ncontexts=1 context_cnt=0 act_cnt_en=1 wei_cnt_en=1 act_pop_en=0 wei_pop_en=0 psm_start=0 shift_done=0 done=0 cscnt_q=0 pop_shim_q2=0 cdone_q=0 o_cswitch_done_val=0 o_cdone_val=0
[IFMAP STALL STATUS] context=0 emit_count=29 pop_count=0 effective_k=64 act_can_pop=1
[IFMAP STALL STATUS] context=0 emit_count=29 pop_count=0 effective_k=64 act_can_pop=1
[WEIGHT FEED VEC] count=57 context=0 out_tile=0 k=57 flat_base_idx=912 feed_vec=[0, 0, 0, -1, 1, 0, 1, 1, 1, 0, 0, 0, -2, -1, 0, 0]
[WEIGHT FEED VEC] count=57 context=0 out_tile=0 k=57 flat_base_idx=912 feed_vec=[0, 0, 0, -1, 1, 0, 1, 1, 1, 0, 0, 0, -2, -1, 0, 0]
[CTRL DEBUG] cycle=81916 state=5 start=0 incntlim=64 act_reps=1 wei_reps=1 ncontexts=1 context_cnt=0 act_cnt_en=1 wei_cnt_en=1 act_pop_en=0 wei_pop_en=0 psm_start=0 shift_done=0 done=0 cscnt_q=0 pop_shim_q2=0 cdone_q=0 o_cswitch_done_val=0 o_cdone_val=0
[CTRL DEBUG] cycle=81916 state=5 start=0 incntlim=64 act_reps=1 wei_reps=1 ncontexts=1 context_cnt=0 act_cnt_en=1 wei_cnt_en=1 act_pop_en=0 wei_pop_en=0 psm_start=0 shift_done=0 done=0 cscnt_q=0 pop_shim_q2=0 cdone_q=0 o_cswitch_done_val=0 o_cdone_val=0
[CTRL DEBUG] cycle=81916 state=5 start=0 incntlim=64 act_reps=1 wei_reps=1 ncontexts=1 context_cnt=0 act_cnt_en=1 wei_cnt_en=1 act_pop_en=0 wei_pop_en=0 psm_start=0 shift_done=0 done=0 cscnt_q=0 pop_shim_q2=0 cdone_q=0 o_cswitch_done_val=0 o_cdone_val=0
[CTRL DEBUG] cycle=81916 state=5 start=0 incntlim=64 act_reps=1 wei_reps=1 ncontexts=1 context_cnt=0 act_cnt_en=1 wei_cnt_en=1 act_pop_en=0 wei_pop_en=0 psm_start=0 shift_done=0 done=0 cscnt_q=0 pop_shim_q2=0 cdone_q=0 o_cswitch_done_val=0 o_cdone_val=0
[CTRL DEBUG] cycle=81917 state=5 start=0 incntlim=64 act_reps=1 wei_reps=1 ncontexts=1 context_cnt=0 act_cnt_en=1 wei_cnt_en=1 act_pop_en=0 wei_pop_en=0 psm_start=0 shift_done=0 done=0 cscnt_q=0 pop_shim_q2=0 cdone_q=0 o_cswitch_done_val=0 o_cdone_val=0
[CTRL DEBUG] cycle=81917 state=5 start=0 incntlim=64 act_reps=1 wei_reps=1 ncontexts=1 context_cnt=0 act_cnt_en=1 wei_cnt_en=1 act_pop_en=0 wei_pop_en=0 psm_start=0 shift_done=0 done=0 cscnt_q=0 pop_shim_q2=0 cdone_q=0 o_cswitch_done_val=0 o_cdone_val=0
[IFMAP DEMAND REQ] req=30 context=0 k=30 ch=30 ky=0 kx=0 start_abs_idx=240 first_word=30 last_word=30 req_word_addr=30 req_final_addr=30
[IFMAP STALL STATUS] context=0 emit_count=30 pop_count=0 effective_k=64 act_can_pop=1
[IFMAP DEMAND REQ] req=30 context=0 k=30 ch=30 ky=0 kx=0 start_abs_idx=240 first_word=30 last_word=30 req_word_addr=30 req_final_addr=30
[IFMAP STALL STATUS] context=0 emit_count=30 pop_count=0 effective_k=64 act_can_pop=1
[WEIGHT FEED VEC] count=58 context=0 out_tile=0 k=58 flat_base_idx=928 feed_vec=[-1, 0, 0, 0, 1, 0, 0, 0, 0, 0, 0, 1, -1, 0, 1, 0]
[WEIGHT FEED VEC] count=58 context=0 out_tile=0 k=58 flat_base_idx=928 feed_vec=[-1, 0, 0, 0, 1, 0, 0, 0, 0, 0, 0, 1, -1, 0, 1, 0]
[CTRL DEBUG] cycle=81917 state=5 start=0 incntlim=64 act_reps=1 wei_reps=1 ncontexts=1 context_cnt=0 act_cnt_en=1 wei_cnt_en=1 act_pop_en=0 wei_pop_en=0 psm_start=0 shift_done=0 done=0 cscnt_q=0 pop_shim_q2=0 cdone_q=0 o_cswitch_done_val=0 o_cdone_val=0
[CTRL DEBUG] cycle=81917 state=5 start=0 incntlim=64 act_reps=1 wei_reps=1 ncontexts=1 context_cnt=0 act_cnt_en=1 wei_cnt_en=1 act_pop_en=0 wei_pop_en=0 psm_start=0 shift_done=0 done=0 cscnt_q=0 pop_shim_q2=0 cdone_q=0 o_cswitch_done_val=0 o_cdone_val=0
[CTRL DEBUG] cycle=81917 state=5 start=0 incntlim=64 act_reps=1 wei_reps=1 ncontexts=1 context_cnt=0 act_cnt_en=1 wei_cnt_en=1 act_pop_en=0 wei_pop_en=0 psm_start=0 shift_done=0 done=0 cscnt_q=0 pop_shim_q2=0 cdone_q=0 o_cswitch_done_val=0 o_cdone_val=0
[CTRL DEBUG] cycle=81917 state=5 start=0 incntlim=64 act_reps=1 wei_reps=1 ncontexts=1 context_cnt=0 act_cnt_en=1 wei_cnt_en=1 act_pop_en=0 wei_pop_en=0 psm_start=0 shift_done=0 done=0 cscnt_q=0 pop_shim_q2=0 cdone_q=0 o_cswitch_done_val=0 o_cdone_val=0
[CTRL DEBUG] cycle=81918 state=5 start=0 incntlim=64 act_reps=1 wei_reps=1 ncontexts=1 context_cnt=0 act_cnt_en=1 wei_cnt_en=1 act_pop_en=0 wei_pop_en=0 psm_start=0 shift_done=0 done=0 cscnt_q=0 pop_shim_q2=0 cdone_q=0 o_cswitch_done_val=0 o_cdone_val=0
[CTRL DEBUG] cycle=81918 state=5 start=0 incntlim=64 act_reps=1 wei_reps=1 ncontexts=1 context_cnt=0 act_cnt_en=1 wei_cnt_en=1 act_pop_en=0 wei_pop_en=0 psm_start=0 shift_done=0 done=0 cscnt_q=0 pop_shim_q2=0 cdone_q=0 o_cswitch_done_val=0 o_cdone_val=0
[IFMAP STALL STATUS] context=0 emit_count=30 pop_count=0 effective_k=64 act_can_pop=1
[IFMAP STALL STATUS] context=0 emit_count=30 pop_count=0 effective_k=64 act_can_pop=1
[WEIGHT FEED VEC] count=59 context=0 out_tile=0 k=59 flat_base_idx=944 feed_vec=[0, 0, -1, 0, 2, -1, 0, -1, 0, 0, 0, 1, 1, -1, 0, 1]
[WEIGHT FEED VEC] count=59 context=0 out_tile=0 k=59 flat_base_idx=944 feed_vec=[0, 0, -1, 0, 2, -1, 0, -1, 0, 0, 0, 1, 1, -1, 0, 1]
[CTRL DEBUG] cycle=81918 state=5 start=0 incntlim=64 act_reps=1 wei_reps=1 ncontexts=1 context_cnt=0 act_cnt_en=1 wei_cnt_en=1 act_pop_en=0 wei_pop_en=0 psm_start=0 shift_done=0 done=0 cscnt_q=0 pop_shim_q2=0 cdone_q=0 o_cswitch_done_val=0 o_cdone_val=0
[CTRL DEBUG] cycle=81918 state=5 start=0 incntlim=64 act_reps=1 wei_reps=1 ncontexts=1 context_cnt=0 act_cnt_en=1 wei_cnt_en=1 act_pop_en=0 wei_pop_en=0 psm_start=0 shift_done=0 done=0 cscnt_q=0 pop_shim_q2=0 cdone_q=0 o_cswitch_done_val=0 o_cdone_val=0
[CTRL DEBUG] cycle=81918 state=5 start=0 incntlim=64 act_reps=1 wei_reps=1 ncontexts=1 context_cnt=0 act_cnt_en=1 wei_cnt_en=1 act_pop_en=0 wei_pop_en=0 psm_start=0 shift_done=0 done=0 cscnt_q=0 pop_shim_q2=0 cdone_q=0 o_cswitch_done_val=0 o_cdone_val=0
[CTRL DEBUG] cycle=81918 state=5 start=0 incntlim=64 act_reps=1 wei_reps=1 ncontexts=1 context_cnt=0 act_cnt_en=1 wei_cnt_en=1 act_pop_en=0 wei_pop_en=0 psm_start=0 shift_done=0 done=0 cscnt_q=0 pop_shim_q2=0 cdone_q=0 o_cswitch_done_val=0 o_cdone_val=0
[CTRL DEBUG] cycle=81919 state=5 start=0 incntlim=64 act_reps=1 wei_reps=1 ncontexts=1 context_cnt=0 act_cnt_en=1 wei_cnt_en=1 act_pop_en=0 wei_pop_en=0 psm_start=0 shift_done=0 done=0 cscnt_q=0 pop_shim_q2=0 cdone_q=0 o_cswitch_done_val=0 o_cdone_val=0
[CTRL DEBUG] cycle=81919 state=5 start=0 incntlim=64 act_reps=1 wei_reps=1 ncontexts=1 context_cnt=0 act_cnt_en=1 wei_cnt_en=1 act_pop_en=0 wei_pop_en=0 psm_start=0 shift_done=0 done=0 cscnt_q=0 pop_shim_q2=0 cdone_q=0 o_cswitch_done_val=0 o_cdone_val=0
[IFMAP DEMAND REQ] req=31 context=0 k=31 ch=31 ky=0 kx=0 start_abs_idx=248 first_word=31 last_word=31 req_word_addr=31 req_final_addr=31
[IFMAP STALL STATUS] context=0 emit_count=31 pop_count=0 effective_k=64 act_can_pop=1
[IFMAP DEMAND REQ] req=31 context=0 k=31 ch=31 ky=0 kx=0 start_abs_idx=248 first_word=31 last_word=31 req_word_addr=31 req_final_addr=31
[IFMAP STALL STATUS] context=0 emit_count=31 pop_count=0 effective_k=64 act_can_pop=1
[WEIGHT FEED VEC] count=60 context=0 out_tile=0 k=60 flat_base_idx=960 feed_vec=[0, 0, 2, 1, 0, 2, -1, 0, 0, 1, 0, 0, 0, 0, 0, -2]
[WEIGHT FEED VEC] count=60 context=0 out_tile=0 k=60 flat_base_idx=960 feed_vec=[0, 0, 2, 1, 0, 2, -1, 0, 0, 1, 0, 0, 0, 0, 0, -2]
[CTRL DEBUG] cycle=81919 state=5 start=0 incntlim=64 act_reps=1 wei_reps=1 ncontexts=1 context_cnt=0 act_cnt_en=1 wei_cnt_en=1 act_pop_en=0 wei_pop_en=0 psm_start=0 shift_done=0 done=0 cscnt_q=0 pop_shim_q2=0 cdone_q=0 o_cswitch_done_val=0 o_cdone_val=0
[CTRL DEBUG] cycle=81919 state=5 start=0 incntlim=64 act_reps=1 wei_reps=1 ncontexts=1 context_cnt=0 act_cnt_en=1 wei_cnt_en=1 act_pop_en=0 wei_pop_en=0 psm_start=0 shift_done=0 done=0 cscnt_q=0 pop_shim_q2=0 cdone_q=0 o_cswitch_done_val=0 o_cdone_val=0
[CTRL DEBUG] cycle=81919 state=5 start=0 incntlim=64 act_reps=1 wei_reps=1 ncontexts=1 context_cnt=0 act_cnt_en=1 wei_cnt_en=1 act_pop_en=0 wei_pop_en=0 psm_start=0 shift_done=0 done=0 cscnt_q=0 pop_shim_q2=0 cdone_q=0 o_cswitch_done_val=0 o_cdone_val=0
[CTRL DEBUG] cycle=81919 state=5 start=0 incntlim=64 act_reps=1 wei_reps=1 ncontexts=1 context_cnt=0 act_cnt_en=1 wei_cnt_en=1 act_pop_en=0 wei_pop_en=0 psm_start=0 shift_done=0 done=0 cscnt_q=0 pop_shim_q2=0 cdone_q=0 o_cswitch_done_val=0 o_cdone_val=0
[CTRL DEBUG] cycle=81920 state=5 start=0 incntlim=64 act_reps=1 wei_reps=1 ncontexts=1 context_cnt=0 act_cnt_en=1 wei_cnt_en=1 act_pop_en=0 wei_pop_en=0 psm_start=0 shift_done=0 done=0 cscnt_q=0 pop_shim_q2=0 cdone_q=0 o_cswitch_done_val=0 o_cdone_val=0
[CTRL STALL] cycle=81920 comp_cycles=0 act_stall=1 wei_stall=0
[CTRL DEBUG] cycle=81920 state=5 start=0 incntlim=64 act_reps=1 wei_reps=1 ncontexts=1 context_cnt=0 act_cnt_en=1 wei_cnt_en=1 act_pop_en=0 wei_pop_en=0 psm_start=0 shift_done=0 done=0 cscnt_q=0 pop_shim_q2=0 cdone_q=0 o_cswitch_done_val=0 o_cdone_val=0
[CTRL STALL] cycle=81920 comp_cycles=0 act_stall=1 wei_stall=0
[IFMAP STALL STATUS] context=0 emit_count=31 pop_count=0 effective_k=64 act_can_pop=1
[IFMAP STALL STATUS] context=0 emit_count=31 pop_count=0 effective_k=64 act_can_pop=1
[WEIGHT FEED VEC] count=61 context=0 out_tile=0 k=61 flat_base_idx=976 feed_vec=[0, 1, 0, -1, 1, -1, 0, 0, 0, 0, 0, 1, 0, -1, 0, 0]
[WEIGHT FEED VEC] count=61 context=0 out_tile=0 k=61 flat_base_idx=976 feed_vec=[0, 1, 0, -1, 1, -1, 0, 0, 0, 0, 0, 1, 0, -1, 0, 0]
[CTRL DEBUG] cycle=81920 state=5 start=0 incntlim=64 act_reps=1 wei_reps=1 ncontexts=1 context_cnt=0 act_cnt_en=1 wei_cnt_en=1 act_pop_en=0 wei_pop_en=0 psm_start=0 shift_done=0 done=0 cscnt_q=0 pop_shim_q2=0 cdone_q=0 o_cswitch_done_val=0 o_cdone_val=0
[CTRL STALL] cycle=81920 comp_cycles=0 act_stall=1 wei_stall=0
[CTRL DEBUG] cycle=81920 state=5 start=0 incntlim=64 act_reps=1 wei_reps=1 ncontexts=1 context_cnt=0 act_cnt_en=1 wei_cnt_en=1 act_pop_en=0 wei_pop_en=0 psm_start=0 shift_done=0 done=0 cscnt_q=0 pop_shim_q2=0 cdone_q=0 o_cswitch_done_val=0 o_cdone_val=0
[CTRL STALL] cycle=81920 comp_cycles=0 act_stall=1 wei_stall=0
[CTRL DEBUG] cycle=81920 state=5 start=0 incntlim=64 act_reps=1 wei_reps=1 ncontexts=1 context_cnt=0 act_cnt_en=1 wei_cnt_en=1 act_pop_en=0 wei_pop_en=0 psm_start=0 shift_done=0 done=0 cscnt_q=0 pop_shim_q2=0 cdone_q=0 o_cswitch_done_val=0 o_cdone_val=0
[CTRL STALL] cycle=81920 comp_cycles=0 act_stall=1 wei_stall=0
[CTRL DEBUG] cycle=81920 state=5 start=0 incntlim=64 act_reps=1 wei_reps=1 ncontexts=1 context_cnt=0 act_cnt_en=1 wei_cnt_en=1 act_pop_en=0 wei_pop_en=0 psm_start=0 shift_done=0 done=0 cscnt_q=0 pop_shim_q2=0 cdone_q=0 o_cswitch_done_val=0 o_cdone_val=0
[CTRL STALL] cycle=81920 comp_cycles=0 act_stall=1 wei_stall=0
[CTRL DEBUG] cycle=81921 state=5 start=0 incntlim=64 act_reps=1 wei_reps=1 ncontexts=1 context_cnt=0 act_cnt_en=1 wei_cnt_en=1 act_pop_en=0 wei_pop_en=0 psm_start=0 shift_done=0 done=0 cscnt_q=0 pop_shim_q2=0 cdone_q=0 o_cswitch_done_val=0 o_cdone_val=0
[CTRL DEBUG] cycle=81921 state=5 start=0 incntlim=64 act_reps=1 wei_reps=1 ncontexts=1 context_cnt=0 act_cnt_en=1 wei_cnt_en=1 act_pop_en=0 wei_pop_en=0 psm_start=0 shift_done=0 done=0 cscnt_q=0 pop_shim_q2=0 cdone_q=0 o_cswitch_done_val=0 o_cdone_val=0
[IFMAP DEMAND REQ] req=32 context=0 k=32 ch=32 ky=0 kx=0 start_abs_idx=256 first_word=32 last_word=32 req_word_addr=32 req_final_addr=32
[IFMAP STALL STATUS] context=0 emit_count=32 pop_count=0 effective_k=64 act_can_pop=1
[IFMAP DEMAND REQ] req=32 context=0 k=32 ch=32 ky=0 kx=0 start_abs_idx=256 first_word=32 last_word=32 req_word_addr=32 req_final_addr=32
[IFMAP STALL STATUS] context=0 emit_count=32 pop_count=0 effective_k=64 act_can_pop=1
[WEIGHT FEED VEC] count=62 context=0 out_tile=0 k=62 flat_base_idx=992 feed_vec=[0, 0, 0, 0, 0, 0, 2, 0, 0, 1, 0, 1, 0, 0, 0, -1]
[WEIGHT FEED VEC] count=62 context=0 out_tile=0 k=62 flat_base_idx=992 feed_vec=[0, 0, 0, 0, 0, 0, 2, 0, 0, 1, 0, 1, 0, 0, 0, -1]
[CTRL DEBUG] cycle=81921 state=5 start=0 incntlim=64 act_reps=1 wei_reps=1 ncontexts=1 context_cnt=0 act_cnt_en=1 wei_cnt_en=1 act_pop_en=0 wei_pop_en=0 psm_start=0 shift_done=0 done=0 cscnt_q=0 pop_shim_q2=0 cdone_q=0 o_cswitch_done_val=0 o_cdone_val=0
[CTRL DEBUG] cycle=81921 state=5 start=0 incntlim=64 act_reps=1 wei_reps=1 ncontexts=1 context_cnt=0 act_cnt_en=1 wei_cnt_en=1 act_pop_en=0 wei_pop_en=0 psm_start=0 shift_done=0 done=0 cscnt_q=0 pop_shim_q2=0 cdone_q=0 o_cswitch_done_val=0 o_cdone_val=0
[CTRL DEBUG] cycle=81921 state=5 start=0 incntlim=64 act_reps=1 wei_reps=1 ncontexts=1 context_cnt=0 act_cnt_en=1 wei_cnt_en=1 act_pop_en=0 wei_pop_en=0 psm_start=0 shift_done=0 done=0 cscnt_q=0 pop_shim_q2=0 cdone_q=0 o_cswitch_done_val=0 o_cdone_val=0
[CTRL DEBUG] cycle=81921 state=5 start=0 incntlim=64 act_reps=1 wei_reps=1 ncontexts=1 context_cnt=0 act_cnt_en=1 wei_cnt_en=1 act_pop_en=0 wei_pop_en=0 psm_start=0 shift_done=0 done=0 cscnt_q=0 pop_shim_q2=0 cdone_q=0 o_cswitch_done_val=0 o_cdone_val=0
[CTRL DEBUG] cycle=81922 state=5 start=0 incntlim=64 act_reps=1 wei_reps=1 ncontexts=1 context_cnt=0 act_cnt_en=1 wei_cnt_en=1 act_pop_en=0 wei_pop_en=0 psm_start=0 shift_done=0 done=0 cscnt_q=0 pop_shim_q2=0 cdone_q=0 o_cswitch_done_val=0 o_cdone_val=0
[CTRL DEBUG] cycle=81922 state=5 start=0 incntlim=64 act_reps=1 wei_reps=1 ncontexts=1 context_cnt=0 act_cnt_en=1 wei_cnt_en=1 act_pop_en=0 wei_pop_en=0 psm_start=0 shift_done=0 done=0 cscnt_q=0 pop_shim_q2=0 cdone_q=0 o_cswitch_done_val=0 o_cdone_val=0
[IFMAP STALL STATUS] context=0 emit_count=32 pop_count=0 effective_k=64 act_can_pop=1
[IFMAP STALL STATUS] context=0 emit_count=32 pop_count=0 effective_k=64 act_can_pop=1
[WEIGHT FEED VEC] count=63 context=0 out_tile=0 k=63 flat_base_idx=1008 feed_vec=[-1, -1, -1, -1, -1, -1, -1, -1, -1, -1, -1, -1, -1, -1, -1, -1]
[WEIGHT FEED VEC] count=63 context=0 out_tile=0 k=63 flat_base_idx=1008 feed_vec=[-1, -1, -1, -1, -1, -1, -1, -1, -1, -1, -1, -1, -1, -1, -1, -1]
[CTRL DEBUG] cycle=81922 state=5 start=0 incntlim=64 act_reps=1 wei_reps=1 ncontexts=1 context_cnt=0 act_cnt_en=1 wei_cnt_en=1 act_pop_en=0 wei_pop_en=0 psm_start=0 shift_done=0 done=0 cscnt_q=0 pop_shim_q2=0 cdone_q=0 o_cswitch_done_val=0 o_cdone_val=0
[CTRL DEBUG] cycle=81922 state=5 start=0 incntlim=64 act_reps=1 wei_reps=1 ncontexts=1 context_cnt=0 act_cnt_en=1 wei_cnt_en=1 act_pop_en=0 wei_pop_en=0 psm_start=0 shift_done=0 done=0 cscnt_q=0 pop_shim_q2=0 cdone_q=0 o_cswitch_done_val=0 o_cdone_val=0
[CTRL DEBUG] cycle=81922 state=5 start=0 incntlim=64 act_reps=1 wei_reps=1 ncontexts=1 context_cnt=0 act_cnt_en=1 wei_cnt_en=1 act_pop_en=0 wei_pop_en=0 psm_start=0 shift_done=0 done=0 cscnt_q=0 pop_shim_q2=0 cdone_q=0 o_cswitch_done_val=0 o_cdone_val=0
[CTRL DEBUG] cycle=81922 state=5 start=0 incntlim=64 act_reps=1 wei_reps=1 ncontexts=1 context_cnt=0 act_cnt_en=1 wei_cnt_en=1 act_pop_en=0 wei_pop_en=0 psm_start=0 shift_done=0 done=0 cscnt_q=0 pop_shim_q2=0 cdone_q=0 o_cswitch_done_val=0 o_cdone_val=0
[CTRL DEBUG] cycle=81923 state=5 start=0 incntlim=64 act_reps=1 wei_reps=1 ncontexts=1 context_cnt=0 act_cnt_en=1 wei_cnt_en=1 act_pop_en=0 wei_pop_en=0 psm_start=0 shift_done=0 done=0 cscnt_q=0 pop_shim_q2=0 cdone_q=0 o_cswitch_done_val=0 o_cdone_val=0
[CTRL DEBUG] cycle=81923 state=5 start=0 incntlim=64 act_reps=1 wei_reps=1 ncontexts=1 context_cnt=0 act_cnt_en=1 wei_cnt_en=1 act_pop_en=0 wei_pop_en=0 psm_start=0 shift_done=0 done=0 cscnt_q=0 pop_shim_q2=0 cdone_q=0 o_cswitch_done_val=0 o_cdone_val=0
[IFMAP DEMAND REQ] req=33 context=0 k=33 ch=33 ky=0 kx=0 start_abs_idx=264 first_word=33 last_word=33 req_word_addr=33 req_final_addr=33
[IFMAP STALL STATUS] context=0 emit_count=33 pop_count=0 effective_k=64 act_can_pop=1
[IFMAP DEMAND REQ] req=33 context=0 k=33 ch=33 ky=0 kx=0 start_abs_idx=264 first_word=33 last_word=33 req_word_addr=33 req_final_addr=33
[IFMAP STALL STATUS] context=0 emit_count=33 pop_count=0 effective_k=64 act_can_pop=1
[CTRL DEBUG] cycle=81923 state=5 start=0 incntlim=64 act_reps=1 wei_reps=1 ncontexts=1 context_cnt=0 act_cnt_en=1 wei_cnt_en=1 act_pop_en=0 wei_pop_en=0 psm_start=0 shift_done=0 done=0 cscnt_q=0 pop_shim_q2=0 cdone_q=0 o_cswitch_done_val=0 o_cdone_val=0
[CTRL DEBUG] cycle=81923 state=5 start=0 incntlim=64 act_reps=1 wei_reps=1 ncontexts=1 context_cnt=0 act_cnt_en=1 wei_cnt_en=1 act_pop_en=0 wei_pop_en=0 psm_start=0 shift_done=0 done=0 cscnt_q=0 pop_shim_q2=0 cdone_q=0 o_cswitch_done_val=0 o_cdone_val=0
[CTRL DEBUG] cycle=81923 state=5 start=0 incntlim=64 act_reps=1 wei_reps=1 ncontexts=1 context_cnt=0 act_cnt_en=1 wei_cnt_en=1 act_pop_en=0 wei_pop_en=0 psm_start=0 shift_done=0 done=0 cscnt_q=0 pop_shim_q2=0 cdone_q=0 o_cswitch_done_val=0 o_cdone_val=0
[CTRL DEBUG] cycle=81923 state=5 start=0 incntlim=64 act_reps=1 wei_reps=1 ncontexts=1 context_cnt=0 act_cnt_en=1 wei_cnt_en=1 act_pop_en=0 wei_pop_en=0 psm_start=0 shift_done=0 done=0 cscnt_q=0 pop_shim_q2=0 cdone_q=0 o_cswitch_done_val=0 o_cdone_val=0
[CTRL DEBUG] cycle=81924 state=5 start=0 incntlim=64 act_reps=1 wei_reps=1 ncontexts=1 context_cnt=0 act_cnt_en=1 wei_cnt_en=1 act_pop_en=0 wei_pop_en=0 psm_start=0 shift_done=0 done=0 cscnt_q=0 pop_shim_q2=0 cdone_q=0 o_cswitch_done_val=0 o_cdone_val=0
[CTRL DEBUG] cycle=81924 state=5 start=0 incntlim=64 act_reps=1 wei_reps=1 ncontexts=1 context_cnt=0 act_cnt_en=1 wei_cnt_en=1 act_pop_en=0 wei_pop_en=0 psm_start=0 shift_done=0 done=0 cscnt_q=0 pop_shim_q2=0 cdone_q=0 o_cswitch_done_val=0 o_cdone_val=0
[IFMAP STALL STATUS] context=0 emit_count=33 pop_count=0 effective_k=64 act_can_pop=1
[IFMAP STALL STATUS] context=0 emit_count=33 pop_count=0 effective_k=64 act_can_pop=1
[CTRL DEBUG] cycle=81924 state=5 start=0 incntlim=64 act_reps=1 wei_reps=1 ncontexts=1 context_cnt=0 act_cnt_en=1 wei_cnt_en=1 act_pop_en=0 wei_pop_en=0 psm_start=0 shift_done=0 done=0 cscnt_q=0 pop_shim_q2=0 cdone_q=0 o_cswitch_done_val=0 o_cdone_val=0
[CTRL DEBUG] cycle=81924 state=5 start=0 incntlim=64 act_reps=1 wei_reps=1 ncontexts=1 context_cnt=0 act_cnt_en=1 wei_cnt_en=1 act_pop_en=0 wei_pop_en=0 psm_start=0 shift_done=0 done=0 cscnt_q=0 pop_shim_q2=0 cdone_q=0 o_cswitch_done_val=0 o_cdone_val=0
[CTRL DEBUG] cycle=81924 state=5 start=0 incntlim=64 act_reps=1 wei_reps=1 ncontexts=1 context_cnt=0 act_cnt_en=1 wei_cnt_en=1 act_pop_en=0 wei_pop_en=0 psm_start=0 shift_done=0 done=0 cscnt_q=0 pop_shim_q2=0 cdone_q=0 o_cswitch_done_val=0 o_cdone_val=0
[CTRL DEBUG] cycle=81924 state=5 start=0 incntlim=64 act_reps=1 wei_reps=1 ncontexts=1 context_cnt=0 act_cnt_en=1 wei_cnt_en=1 act_pop_en=0 wei_pop_en=0 psm_start=0 shift_done=0 done=0 cscnt_q=0 pop_shim_q2=0 cdone_q=0 o_cswitch_done_val=0 o_cdone_val=0
[CTRL DEBUG] cycle=81925 state=5 start=0 incntlim=64 act_reps=1 wei_reps=1 ncontexts=1 context_cnt=0 act_cnt_en=1 wei_cnt_en=1 act_pop_en=0 wei_pop_en=0 psm_start=0 shift_done=0 done=0 cscnt_q=0 pop_shim_q2=0 cdone_q=0 o_cswitch_done_val=0 o_cdone_val=0
[CTRL DEBUG] cycle=81925 state=5 start=0 incntlim=64 act_reps=1 wei_reps=1 ncontexts=1 context_cnt=0 act_cnt_en=1 wei_cnt_en=1 act_pop_en=0 wei_pop_en=0 psm_start=0 shift_done=0 done=0 cscnt_q=0 pop_shim_q2=0 cdone_q=0 o_cswitch_done_val=0 o_cdone_val=0
[IFMAP DEMAND REQ] req=34 context=0 k=34 ch=34 ky=0 kx=0 start_abs_idx=272 first_word=34 last_word=34 req_word_addr=34 req_final_addr=34
[IFMAP STALL STATUS] context=0 emit_count=34 pop_count=0 effective_k=64 act_can_pop=1
[IFMAP DEMAND REQ] req=34 context=0 k=34 ch=34 ky=0 kx=0 start_abs_idx=272 first_word=34 last_word=34 req_word_addr=34 req_final_addr=34
[IFMAP STALL STATUS] context=0 emit_count=34 pop_count=0 effective_k=64 act_can_pop=1
[CTRL DEBUG] cycle=81925 state=5 start=0 incntlim=64 act_reps=1 wei_reps=1 ncontexts=1 context_cnt=0 act_cnt_en=1 wei_cnt_en=1 act_pop_en=0 wei_pop_en=0 psm_start=0 shift_done=0 done=0 cscnt_q=0 pop_shim_q2=0 cdone_q=0 o_cswitch_done_val=0 o_cdone_val=0
[CTRL DEBUG] cycle=81925 state=5 start=0 incntlim=64 act_reps=1 wei_reps=1 ncontexts=1 context_cnt=0 act_cnt_en=1 wei_cnt_en=1 act_pop_en=0 wei_pop_en=0 psm_start=0 shift_done=0 done=0 cscnt_q=0 pop_shim_q2=0 cdone_q=0 o_cswitch_done_val=0 o_cdone_val=0
[CTRL DEBUG] cycle=81925 state=5 start=0 incntlim=64 act_reps=1 wei_reps=1 ncontexts=1 context_cnt=0 act_cnt_en=1 wei_cnt_en=1 act_pop_en=0 wei_pop_en=0 psm_start=0 shift_done=0 done=0 cscnt_q=0 pop_shim_q2=0 cdone_q=0 o_cswitch_done_val=0 o_cdone_val=0
[CTRL DEBUG] cycle=81925 state=5 start=0 incntlim=64 act_reps=1 wei_reps=1 ncontexts=1 context_cnt=0 act_cnt_en=1 wei_cnt_en=1 act_pop_en=0 wei_pop_en=0 psm_start=0 shift_done=0 done=0 cscnt_q=0 pop_shim_q2=0 cdone_q=0 o_cswitch_done_val=0 o_cdone_val=0
[CTRL DEBUG] cycle=81926 state=5 start=0 incntlim=64 act_reps=1 wei_reps=1 ncontexts=1 context_cnt=0 act_cnt_en=1 wei_cnt_en=1 act_pop_en=0 wei_pop_en=0 psm_start=0 shift_done=0 done=0 cscnt_q=0 pop_shim_q2=0 cdone_q=0 o_cswitch_done_val=0 o_cdone_val=0
[CTRL DEBUG] cycle=81926 state=5 start=0 incntlim=64 act_reps=1 wei_reps=1 ncontexts=1 context_cnt=0 act_cnt_en=1 wei_cnt_en=1 act_pop_en=0 wei_pop_en=0 psm_start=0 shift_done=0 done=0 cscnt_q=0 pop_shim_q2=0 cdone_q=0 o_cswitch_done_val=0 o_cdone_val=0
[IFMAP STALL STATUS] context=0 emit_count=34 pop_count=0 effective_k=64 act_can_pop=1
[IFMAP STALL STATUS] context=0 emit_count=34 pop_count=0 effective_k=64 act_can_pop=1
[CTRL DEBUG] cycle=81926 state=5 start=0 incntlim=64 act_reps=1 wei_reps=1 ncontexts=1 context_cnt=0 act_cnt_en=1 wei_cnt_en=1 act_pop_en=0 wei_pop_en=0 psm_start=0 shift_done=0 done=0 cscnt_q=0 pop_shim_q2=0 cdone_q=0 o_cswitch_done_val=0 o_cdone_val=0
[CTRL DEBUG] cycle=81926 state=5 start=0 incntlim=64 act_reps=1 wei_reps=1 ncontexts=1 context_cnt=0 act_cnt_en=1 wei_cnt_en=1 act_pop_en=0 wei_pop_en=0 psm_start=0 shift_done=0 done=0 cscnt_q=0 pop_shim_q2=0 cdone_q=0 o_cswitch_done_val=0 o_cdone_val=0
[CTRL DEBUG] cycle=81926 state=5 start=0 incntlim=64 act_reps=1 wei_reps=1 ncontexts=1 context_cnt=0 act_cnt_en=1 wei_cnt_en=1 act_pop_en=0 wei_pop_en=0 psm_start=0 shift_done=0 done=0 cscnt_q=0 pop_shim_q2=0 cdone_q=0 o_cswitch_done_val=0 o_cdone_val=0
[CTRL DEBUG] cycle=81926 state=5 start=0 incntlim=64 act_reps=1 wei_reps=1 ncontexts=1 context_cnt=0 act_cnt_en=1 wei_cnt_en=1 act_pop_en=0 wei_pop_en=0 psm_start=0 shift_done=0 done=0 cscnt_q=0 pop_shim_q2=0 cdone_q=0 o_cswitch_done_val=0 o_cdone_val=0
[CTRL DEBUG] cycle=81927 state=5 start=0 incntlim=64 act_reps=1 wei_reps=1 ncontexts=1 context_cnt=0 act_cnt_en=1 wei_cnt_en=1 act_pop_en=0 wei_pop_en=0 psm_start=0 shift_done=0 done=0 cscnt_q=0 pop_shim_q2=0 cdone_q=0 o_cswitch_done_val=0 o_cdone_val=0
[CTRL DEBUG] cycle=81927 state=5 start=0 incntlim=64 act_reps=1 wei_reps=1 ncontexts=1 context_cnt=0 act_cnt_en=1 wei_cnt_en=1 act_pop_en=0 wei_pop_en=0 psm_start=0 shift_done=0 done=0 cscnt_q=0 pop_shim_q2=0 cdone_q=0 o_cswitch_done_val=0 o_cdone_val=0
[IFMAP DEMAND REQ] req=35 context=0 k=35 ch=35 ky=0 kx=0 start_abs_idx=280 first_word=35 last_word=35 req_word_addr=35 req_final_addr=35
[IFMAP STALL STATUS] context=0 emit_count=35 pop_count=0 effective_k=64 act_can_pop=1
[IFMAP DEMAND REQ] req=35 context=0 k=35 ch=35 ky=0 kx=0 start_abs_idx=280 first_word=35 last_word=35 req_word_addr=35 req_final_addr=35
[IFMAP STALL STATUS] context=0 emit_count=35 pop_count=0 effective_k=64 act_can_pop=1
[CTRL DEBUG] cycle=81927 state=5 start=0 incntlim=64 act_reps=1 wei_reps=1 ncontexts=1 context_cnt=0 act_cnt_en=1 wei_cnt_en=1 act_pop_en=0 wei_pop_en=0 psm_start=0 shift_done=0 done=0 cscnt_q=0 pop_shim_q2=0 cdone_q=0 o_cswitch_done_val=0 o_cdone_val=0
[CTRL DEBUG] cycle=81927 state=5 start=0 incntlim=64 act_reps=1 wei_reps=1 ncontexts=1 context_cnt=0 act_cnt_en=1 wei_cnt_en=1 act_pop_en=0 wei_pop_en=0 psm_start=0 shift_done=0 done=0 cscnt_q=0 pop_shim_q2=0 cdone_q=0 o_cswitch_done_val=0 o_cdone_val=0
[CTRL DEBUG] cycle=81927 state=5 start=0 incntlim=64 act_reps=1 wei_reps=1 ncontexts=1 context_cnt=0 act_cnt_en=1 wei_cnt_en=1 act_pop_en=0 wei_pop_en=0 psm_start=0 shift_done=0 done=0 cscnt_q=0 pop_shim_q2=0 cdone_q=0 o_cswitch_done_val=0 o_cdone_val=0
[CTRL DEBUG] cycle=81927 state=5 start=0 incntlim=64 act_reps=1 wei_reps=1 ncontexts=1 context_cnt=0 act_cnt_en=1 wei_cnt_en=1 act_pop_en=0 wei_pop_en=0 psm_start=0 shift_done=0 done=0 cscnt_q=0 pop_shim_q2=0 cdone_q=0 o_cswitch_done_val=0 o_cdone_val=0
[CTRL DEBUG] cycle=81928 state=5 start=0 incntlim=64 act_reps=1 wei_reps=1 ncontexts=1 context_cnt=0 act_cnt_en=1 wei_cnt_en=1 act_pop_en=0 wei_pop_en=0 psm_start=0 shift_done=0 done=0 cscnt_q=0 pop_shim_q2=0 cdone_q=0 o_cswitch_done_val=0 o_cdone_val=0
[CTRL DEBUG] cycle=81928 state=5 start=0 incntlim=64 act_reps=1 wei_reps=1 ncontexts=1 context_cnt=0 act_cnt_en=1 wei_cnt_en=1 act_pop_en=0 wei_pop_en=0 psm_start=0 shift_done=0 done=0 cscnt_q=0 pop_shim_q2=0 cdone_q=0 o_cswitch_done_val=0 o_cdone_val=0
[IFMAP STALL STATUS] context=0 emit_count=35 pop_count=0 effective_k=64 act_can_pop=1
[IFMAP STALL STATUS] context=0 emit_count=35 pop_count=0 effective_k=64 act_can_pop=1
[CTRL DEBUG] cycle=81928 state=5 start=0 incntlim=64 act_reps=1 wei_reps=1 ncontexts=1 context_cnt=0 act_cnt_en=1 wei_cnt_en=1 act_pop_en=0 wei_pop_en=0 psm_start=0 shift_done=0 done=0 cscnt_q=0 pop_shim_q2=0 cdone_q=0 o_cswitch_done_val=0 o_cdone_val=0
[CTRL DEBUG] cycle=81928 state=5 start=0 incntlim=64 act_reps=1 wei_reps=1 ncontexts=1 context_cnt=0 act_cnt_en=1 wei_cnt_en=1 act_pop_en=0 wei_pop_en=0 psm_start=0 shift_done=0 done=0 cscnt_q=0 pop_shim_q2=0 cdone_q=0 o_cswitch_done_val=0 o_cdone_val=0
[CTRL DEBUG] cycle=81928 state=5 start=0 incntlim=64 act_reps=1 wei_reps=1 ncontexts=1 context_cnt=0 act_cnt_en=1 wei_cnt_en=1 act_pop_en=0 wei_pop_en=0 psm_start=0 shift_done=0 done=0 cscnt_q=0 pop_shim_q2=0 cdone_q=0 o_cswitch_done_val=0 o_cdone_val=0
[CTRL DEBUG] cycle=81928 state=5 start=0 incntlim=64 act_reps=1 wei_reps=1 ncontexts=1 context_cnt=0 act_cnt_en=1 wei_cnt_en=1 act_pop_en=0 wei_pop_en=0 psm_start=0 shift_done=0 done=0 cscnt_q=0 pop_shim_q2=0 cdone_q=0 o_cswitch_done_val=0 o_cdone_val=0
[CTRL DEBUG] cycle=81929 state=5 start=0 incntlim=64 act_reps=1 wei_reps=1 ncontexts=1 context_cnt=0 act_cnt_en=1 wei_cnt_en=1 act_pop_en=0 wei_pop_en=0 psm_start=0 shift_done=0 done=0 cscnt_q=0 pop_shim_q2=0 cdone_q=0 o_cswitch_done_val=0 o_cdone_val=0
[CTRL DEBUG] cycle=81929 state=5 start=0 incntlim=64 act_reps=1 wei_reps=1 ncontexts=1 context_cnt=0 act_cnt_en=1 wei_cnt_en=1 act_pop_en=0 wei_pop_en=0 psm_start=0 shift_done=0 done=0 cscnt_q=0 pop_shim_q2=0 cdone_q=0 o_cswitch_done_val=0 o_cdone_val=0
[IFMAP DEMAND REQ] req=36 context=0 k=36 ch=36 ky=0 kx=0 start_abs_idx=288 first_word=36 last_word=36 req_word_addr=36 req_final_addr=36
[IFMAP STALL STATUS] context=0 emit_count=36 pop_count=0 effective_k=64 act_can_pop=1
[IFMAP DEMAND REQ] req=36 context=0 k=36 ch=36 ky=0 kx=0 start_abs_idx=288 first_word=36 last_word=36 req_word_addr=36 req_final_addr=36
[IFMAP STALL STATUS] context=0 emit_count=36 pop_count=0 effective_k=64 act_can_pop=1
[CTRL DEBUG] cycle=81929 state=5 start=0 incntlim=64 act_reps=1 wei_reps=1 ncontexts=1 context_cnt=0 act_cnt_en=1 wei_cnt_en=1 act_pop_en=0 wei_pop_en=0 psm_start=0 shift_done=0 done=0 cscnt_q=0 pop_shim_q2=0 cdone_q=0 o_cswitch_done_val=0 o_cdone_val=0
[CTRL DEBUG] cycle=81929 state=5 start=0 incntlim=64 act_reps=1 wei_reps=1 ncontexts=1 context_cnt=0 act_cnt_en=1 wei_cnt_en=1 act_pop_en=0 wei_pop_en=0 psm_start=0 shift_done=0 done=0 cscnt_q=0 pop_shim_q2=0 cdone_q=0 o_cswitch_done_val=0 o_cdone_val=0
[CTRL DEBUG] cycle=81929 state=5 start=0 incntlim=64 act_reps=1 wei_reps=1 ncontexts=1 context_cnt=0 act_cnt_en=1 wei_cnt_en=1 act_pop_en=0 wei_pop_en=0 psm_start=0 shift_done=0 done=0 cscnt_q=0 pop_shim_q2=0 cdone_q=0 o_cswitch_done_val=0 o_cdone_val=0
[CTRL DEBUG] cycle=81929 state=5 start=0 incntlim=64 act_reps=1 wei_reps=1 ncontexts=1 context_cnt=0 act_cnt_en=1 wei_cnt_en=1 act_pop_en=0 wei_pop_en=0 psm_start=0 shift_done=0 done=0 cscnt_q=0 pop_shim_q2=0 cdone_q=0 o_cswitch_done_val=0 o_cdone_val=0
[CTRL DEBUG] cycle=81930 state=5 start=0 incntlim=64 act_reps=1 wei_reps=1 ncontexts=1 context_cnt=0 act_cnt_en=1 wei_cnt_en=1 act_pop_en=0 wei_pop_en=0 psm_start=0 shift_done=0 done=0 cscnt_q=0 pop_shim_q2=0 cdone_q=0 o_cswitch_done_val=0 o_cdone_val=0
[CTRL DEBUG] cycle=81930 state=5 start=0 incntlim=64 act_reps=1 wei_reps=1 ncontexts=1 context_cnt=0 act_cnt_en=1 wei_cnt_en=1 act_pop_en=0 wei_pop_en=0 psm_start=0 shift_done=0 done=0 cscnt_q=0 pop_shim_q2=0 cdone_q=0 o_cswitch_done_val=0 o_cdone_val=0
[IFMAP STALL STATUS] context=0 emit_count=36 pop_count=0 effective_k=64 act_can_pop=1
[IFMAP STALL STATUS] context=0 emit_count=36 pop_count=0 effective_k=64 act_can_pop=1
[CTRL DEBUG] cycle=81930 state=5 start=0 incntlim=64 act_reps=1 wei_reps=1 ncontexts=1 context_cnt=0 act_cnt_en=1 wei_cnt_en=1 act_pop_en=0 wei_pop_en=0 psm_start=0 shift_done=0 done=0 cscnt_q=0 pop_shim_q2=0 cdone_q=0 o_cswitch_done_val=0 o_cdone_val=0
[CTRL DEBUG] cycle=81930 state=5 start=0 incntlim=64 act_reps=1 wei_reps=1 ncontexts=1 context_cnt=0 act_cnt_en=1 wei_cnt_en=1 act_pop_en=0 wei_pop_en=0 psm_start=0 shift_done=0 done=0 cscnt_q=0 pop_shim_q2=0 cdone_q=0 o_cswitch_done_val=0 o_cdone_val=0
[CTRL DEBUG] cycle=81930 state=5 start=0 incntlim=64 act_reps=1 wei_reps=1 ncontexts=1 context_cnt=0 act_cnt_en=1 wei_cnt_en=1 act_pop_en=0 wei_pop_en=0 psm_start=0 shift_done=0 done=0 cscnt_q=0 pop_shim_q2=0 cdone_q=0 o_cswitch_done_val=0 o_cdone_val=0
[CTRL DEBUG] cycle=81930 state=5 start=0 incntlim=64 act_reps=1 wei_reps=1 ncontexts=1 context_cnt=0 act_cnt_en=1 wei_cnt_en=1 act_pop_en=0 wei_pop_en=0 psm_start=0 shift_done=0 done=0 cscnt_q=0 pop_shim_q2=0 cdone_q=0 o_cswitch_done_val=0 o_cdone_val=0
[CTRL DEBUG] cycle=81931 state=5 start=0 incntlim=64 act_reps=1 wei_reps=1 ncontexts=1 context_cnt=0 act_cnt_en=1 wei_cnt_en=1 act_pop_en=0 wei_pop_en=0 psm_start=0 shift_done=0 done=0 cscnt_q=0 pop_shim_q2=0 cdone_q=0 o_cswitch_done_val=0 o_cdone_val=0
[CTRL DEBUG] cycle=81931 state=5 start=0 incntlim=64 act_reps=1 wei_reps=1 ncontexts=1 context_cnt=0 act_cnt_en=1 wei_cnt_en=1 act_pop_en=0 wei_pop_en=0 psm_start=0 shift_done=0 done=0 cscnt_q=0 pop_shim_q2=0 cdone_q=0 o_cswitch_done_val=0 o_cdone_val=0
[IFMAP DEMAND REQ] req=37 context=0 k=37 ch=37 ky=0 kx=0 start_abs_idx=296 first_word=37 last_word=37 req_word_addr=37 req_final_addr=37
[IFMAP STALL STATUS] context=0 emit_count=37 pop_count=0 effective_k=64 act_can_pop=1
[IFMAP DEMAND REQ] req=37 context=0 k=37 ch=37 ky=0 kx=0 start_abs_idx=296 first_word=37 last_word=37 req_word_addr=37 req_final_addr=37
[IFMAP STALL STATUS] context=0 emit_count=37 pop_count=0 effective_k=64 act_can_pop=1
[CTRL DEBUG] cycle=81931 state=5 start=0 incntlim=64 act_reps=1 wei_reps=1 ncontexts=1 context_cnt=0 act_cnt_en=1 wei_cnt_en=1 act_pop_en=0 wei_pop_en=0 psm_start=0 shift_done=0 done=0 cscnt_q=0 pop_shim_q2=0 cdone_q=0 o_cswitch_done_val=0 o_cdone_val=0
[CTRL DEBUG] cycle=81931 state=5 start=0 incntlim=64 act_reps=1 wei_reps=1 ncontexts=1 context_cnt=0 act_cnt_en=1 wei_cnt_en=1 act_pop_en=0 wei_pop_en=0 psm_start=0 shift_done=0 done=0 cscnt_q=0 pop_shim_q2=0 cdone_q=0 o_cswitch_done_val=0 o_cdone_val=0
[CTRL DEBUG] cycle=81931 state=5 start=0 incntlim=64 act_reps=1 wei_reps=1 ncontexts=1 context_cnt=0 act_cnt_en=1 wei_cnt_en=1 act_pop_en=0 wei_pop_en=0 psm_start=0 shift_done=0 done=0 cscnt_q=0 pop_shim_q2=0 cdone_q=0 o_cswitch_done_val=0 o_cdone_val=0
[CTRL DEBUG] cycle=81931 state=5 start=0 incntlim=64 act_reps=1 wei_reps=1 ncontexts=1 context_cnt=0 act_cnt_en=1 wei_cnt_en=1 act_pop_en=0 wei_pop_en=0 psm_start=0 shift_done=0 done=0 cscnt_q=0 pop_shim_q2=0 cdone_q=0 o_cswitch_done_val=0 o_cdone_val=0
[CTRL DEBUG] cycle=81932 state=5 start=0 incntlim=64 act_reps=1 wei_reps=1 ncontexts=1 context_cnt=0 act_cnt_en=1 wei_cnt_en=1 act_pop_en=0 wei_pop_en=0 psm_start=0 shift_done=0 done=0 cscnt_q=0 pop_shim_q2=0 cdone_q=0 o_cswitch_done_val=0 o_cdone_val=0
[CTRL DEBUG] cycle=81932 state=5 start=0 incntlim=64 act_reps=1 wei_reps=1 ncontexts=1 context_cnt=0 act_cnt_en=1 wei_cnt_en=1 act_pop_en=0 wei_pop_en=0 psm_start=0 shift_done=0 done=0 cscnt_q=0 pop_shim_q2=0 cdone_q=0 o_cswitch_done_val=0 o_cdone_val=0
[IFMAP STALL STATUS] context=0 emit_count=37 pop_count=0 effective_k=64 act_can_pop=1
[IFMAP STALL STATUS] context=0 emit_count=37 pop_count=0 effective_k=64 act_can_pop=1
[CTRL DEBUG] cycle=81932 state=5 start=0 incntlim=64 act_reps=1 wei_reps=1 ncontexts=1 context_cnt=0 act_cnt_en=1 wei_cnt_en=1 act_pop_en=0 wei_pop_en=0 psm_start=0 shift_done=0 done=0 cscnt_q=0 pop_shim_q2=0 cdone_q=0 o_cswitch_done_val=0 o_cdone_val=0
[CTRL DEBUG] cycle=81932 state=5 start=0 incntlim=64 act_reps=1 wei_reps=1 ncontexts=1 context_cnt=0 act_cnt_en=1 wei_cnt_en=1 act_pop_en=0 wei_pop_en=0 psm_start=0 shift_done=0 done=0 cscnt_q=0 pop_shim_q2=0 cdone_q=0 o_cswitch_done_val=0 o_cdone_val=0
[CTRL DEBUG] cycle=81932 state=5 start=0 incntlim=64 act_reps=1 wei_reps=1 ncontexts=1 context_cnt=0 act_cnt_en=1 wei_cnt_en=1 act_pop_en=0 wei_pop_en=0 psm_start=0 shift_done=0 done=0 cscnt_q=0 pop_shim_q2=0 cdone_q=0 o_cswitch_done_val=0 o_cdone_val=0
[CTRL DEBUG] cycle=81932 state=5 start=0 incntlim=64 act_reps=1 wei_reps=1 ncontexts=1 context_cnt=0 act_cnt_en=1 wei_cnt_en=1 act_pop_en=0 wei_pop_en=0 psm_start=0 shift_done=0 done=0 cscnt_q=0 pop_shim_q2=0 cdone_q=0 o_cswitch_done_val=0 o_cdone_val=0
[CTRL DEBUG] cycle=81933 state=5 start=0 incntlim=64 act_reps=1 wei_reps=1 ncontexts=1 context_cnt=0 act_cnt_en=1 wei_cnt_en=1 act_pop_en=0 wei_pop_en=0 psm_start=0 shift_done=0 done=0 cscnt_q=0 pop_shim_q2=0 cdone_q=0 o_cswitch_done_val=0 o_cdone_val=0
[CTRL DEBUG] cycle=81933 state=5 start=0 incntlim=64 act_reps=1 wei_reps=1 ncontexts=1 context_cnt=0 act_cnt_en=1 wei_cnt_en=1 act_pop_en=0 wei_pop_en=0 psm_start=0 shift_done=0 done=0 cscnt_q=0 pop_shim_q2=0 cdone_q=0 o_cswitch_done_val=0 o_cdone_val=0
[IFMAP DEMAND REQ] req=38 context=0 k=38 ch=38 ky=0 kx=0 start_abs_idx=304 first_word=38 last_word=38 req_word_addr=38 req_final_addr=38
[IFMAP STALL STATUS] context=0 emit_count=38 pop_count=0 effective_k=64 act_can_pop=1
[IFMAP DEMAND REQ] req=38 context=0 k=38 ch=38 ky=0 kx=0 start_abs_idx=304 first_word=38 last_word=38 req_word_addr=38 req_final_addr=38
[IFMAP STALL STATUS] context=0 emit_count=38 pop_count=0 effective_k=64 act_can_pop=1
[CTRL DEBUG] cycle=81933 state=5 start=0 incntlim=64 act_reps=1 wei_reps=1 ncontexts=1 context_cnt=0 act_cnt_en=1 wei_cnt_en=1 act_pop_en=0 wei_pop_en=0 psm_start=0 shift_done=0 done=0 cscnt_q=0 pop_shim_q2=0 cdone_q=0 o_cswitch_done_val=0 o_cdone_val=0
[CTRL DEBUG] cycle=81933 state=5 start=0 incntlim=64 act_reps=1 wei_reps=1 ncontexts=1 context_cnt=0 act_cnt_en=1 wei_cnt_en=1 act_pop_en=0 wei_pop_en=0 psm_start=0 shift_done=0 done=0 cscnt_q=0 pop_shim_q2=0 cdone_q=0 o_cswitch_done_val=0 o_cdone_val=0
[CTRL DEBUG] cycle=81933 state=5 start=0 incntlim=64 act_reps=1 wei_reps=1 ncontexts=1 context_cnt=0 act_cnt_en=1 wei_cnt_en=1 act_pop_en=0 wei_pop_en=0 psm_start=0 shift_done=0 done=0 cscnt_q=0 pop_shim_q2=0 cdone_q=0 o_cswitch_done_val=0 o_cdone_val=0
[CTRL DEBUG] cycle=81933 state=5 start=0 incntlim=64 act_reps=1 wei_reps=1 ncontexts=1 context_cnt=0 act_cnt_en=1 wei_cnt_en=1 act_pop_en=0 wei_pop_en=0 psm_start=0 shift_done=0 done=0 cscnt_q=0 pop_shim_q2=0 cdone_q=0 o_cswitch_done_val=0 o_cdone_val=0
[CTRL DEBUG] cycle=81934 state=5 start=0 incntlim=64 act_reps=1 wei_reps=1 ncontexts=1 context_cnt=0 act_cnt_en=1 wei_cnt_en=1 act_pop_en=0 wei_pop_en=0 psm_start=0 shift_done=0 done=0 cscnt_q=0 pop_shim_q2=0 cdone_q=0 o_cswitch_done_val=0 o_cdone_val=0
[CTRL DEBUG] cycle=81934 state=5 start=0 incntlim=64 act_reps=1 wei_reps=1 ncontexts=1 context_cnt=0 act_cnt_en=1 wei_cnt_en=1 act_pop_en=0 wei_pop_en=0 psm_start=0 shift_done=0 done=0 cscnt_q=0 pop_shim_q2=0 cdone_q=0 o_cswitch_done_val=0 o_cdone_val=0
[IFMAP STALL STATUS] context=0 emit_count=38 pop_count=0 effective_k=64 act_can_pop=1
[IFMAP STALL STATUS] context=0 emit_count=38 pop_count=0 effective_k=64 act_can_pop=1
[CTRL DEBUG] cycle=81934 state=5 start=0 incntlim=64 act_reps=1 wei_reps=1 ncontexts=1 context_cnt=0 act_cnt_en=1 wei_cnt_en=1 act_pop_en=0 wei_pop_en=0 psm_start=0 shift_done=0 done=0 cscnt_q=0 pop_shim_q2=0 cdone_q=0 o_cswitch_done_val=0 o_cdone_val=0
[CTRL DEBUG] cycle=81934 state=5 start=0 incntlim=64 act_reps=1 wei_reps=1 ncontexts=1 context_cnt=0 act_cnt_en=1 wei_cnt_en=1 act_pop_en=0 wei_pop_en=0 psm_start=0 shift_done=0 done=0 cscnt_q=0 pop_shim_q2=0 cdone_q=0 o_cswitch_done_val=0 o_cdone_val=0
[CTRL DEBUG] cycle=81934 state=5 start=0 incntlim=64 act_reps=1 wei_reps=1 ncontexts=1 context_cnt=0 act_cnt_en=1 wei_cnt_en=1 act_pop_en=0 wei_pop_en=0 psm_start=0 shift_done=0 done=0 cscnt_q=0 pop_shim_q2=0 cdone_q=0 o_cswitch_done_val=0 o_cdone_val=0
[CTRL DEBUG] cycle=81934 state=5 start=0 incntlim=64 act_reps=1 wei_reps=1 ncontexts=1 context_cnt=0 act_cnt_en=1 wei_cnt_en=1 act_pop_en=0 wei_pop_en=0 psm_start=0 shift_done=0 done=0 cscnt_q=0 pop_shim_q2=0 cdone_q=0 o_cswitch_done_val=0 o_cdone_val=0
[CTRL DEBUG] cycle=81935 state=5 start=0 incntlim=64 act_reps=1 wei_reps=1 ncontexts=1 context_cnt=0 act_cnt_en=1 wei_cnt_en=1 act_pop_en=0 wei_pop_en=0 psm_start=0 shift_done=0 done=0 cscnt_q=0 pop_shim_q2=0 cdone_q=0 o_cswitch_done_val=0 o_cdone_val=0
[CTRL DEBUG] cycle=81935 state=5 start=0 incntlim=64 act_reps=1 wei_reps=1 ncontexts=1 context_cnt=0 act_cnt_en=1 wei_cnt_en=1 act_pop_en=0 wei_pop_en=0 psm_start=0 shift_done=0 done=0 cscnt_q=0 pop_shim_q2=0 cdone_q=0 o_cswitch_done_val=0 o_cdone_val=0
[IFMAP DEMAND REQ] req=39 context=0 k=39 ch=39 ky=0 kx=0 start_abs_idx=312 first_word=39 last_word=39 req_word_addr=39 req_final_addr=39
[IFMAP STALL STATUS] context=0 emit_count=39 pop_count=0 effective_k=64 act_can_pop=1
[IFMAP DEMAND REQ] req=39 context=0 k=39 ch=39 ky=0 kx=0 start_abs_idx=312 first_word=39 last_word=39 req_word_addr=39 req_final_addr=39
[IFMAP STALL STATUS] context=0 emit_count=39 pop_count=0 effective_k=64 act_can_pop=1
[CTRL DEBUG] cycle=81935 state=5 start=0 incntlim=64 act_reps=1 wei_reps=1 ncontexts=1 context_cnt=0 act_cnt_en=1 wei_cnt_en=1 act_pop_en=0 wei_pop_en=0 psm_start=0 shift_done=0 done=0 cscnt_q=0 pop_shim_q2=0 cdone_q=0 o_cswitch_done_val=0 o_cdone_val=0
[CTRL DEBUG] cycle=81935 state=5 start=0 incntlim=64 act_reps=1 wei_reps=1 ncontexts=1 context_cnt=0 act_cnt_en=1 wei_cnt_en=1 act_pop_en=0 wei_pop_en=0 psm_start=0 shift_done=0 done=0 cscnt_q=0 pop_shim_q2=0 cdone_q=0 o_cswitch_done_val=0 o_cdone_val=0
[CTRL DEBUG] cycle=81935 state=5 start=0 incntlim=64 act_reps=1 wei_reps=1 ncontexts=1 context_cnt=0 act_cnt_en=1 wei_cnt_en=1 act_pop_en=0 wei_pop_en=0 psm_start=0 shift_done=0 done=0 cscnt_q=0 pop_shim_q2=0 cdone_q=0 o_cswitch_done_val=0 o_cdone_val=0
[CTRL DEBUG] cycle=81935 state=5 start=0 incntlim=64 act_reps=1 wei_reps=1 ncontexts=1 context_cnt=0 act_cnt_en=1 wei_cnt_en=1 act_pop_en=0 wei_pop_en=0 psm_start=0 shift_done=0 done=0 cscnt_q=0 pop_shim_q2=0 cdone_q=0 o_cswitch_done_val=0 o_cdone_val=0
[CTRL DEBUG] cycle=81936 state=5 start=0 incntlim=64 act_reps=1 wei_reps=1 ncontexts=1 context_cnt=0 act_cnt_en=1 wei_cnt_en=1 act_pop_en=0 wei_pop_en=0 psm_start=0 shift_done=0 done=0 cscnt_q=0 pop_shim_q2=0 cdone_q=0 o_cswitch_done_val=0 o_cdone_val=0
[CTRL DEBUG] cycle=81936 state=5 start=0 incntlim=64 act_reps=1 wei_reps=1 ncontexts=1 context_cnt=0 act_cnt_en=1 wei_cnt_en=1 act_pop_en=0 wei_pop_en=0 psm_start=0 shift_done=0 done=0 cscnt_q=0 pop_shim_q2=0 cdone_q=0 o_cswitch_done_val=0 o_cdone_val=0
[CTRL DEBUG] cycle=81936 state=5 start=0 incntlim=64 act_reps=1 wei_reps=1 ncontexts=1 context_cnt=0 act_cnt_en=1 wei_cnt_en=1 act_pop_en=0 wei_pop_en=0 psm_start=0 shift_done=0 done=0 cscnt_q=0 pop_shim_q2=0 cdone_q=0 o_cswitch_done_val=0 o_cdone_val=0
[CTRL DEBUG] cycle=81936 state=5 start=0 incntlim=64 act_reps=1 wei_reps=1 ncontexts=1 context_cnt=0 act_cnt_en=1 wei_cnt_en=1 act_pop_en=0 wei_pop_en=0 psm_start=0 shift_done=0 done=0 cscnt_q=0 pop_shim_q2=0 cdone_q=0 o_cswitch_done_val=0 o_cdone_val=0
[CTRL DEBUG] cycle=81936 state=5 start=0 incntlim=64 act_reps=1 wei_reps=1 ncontexts=1 context_cnt=0 act_cnt_en=1 wei_cnt_en=1 act_pop_en=0 wei_pop_en=0 psm_start=0 shift_done=0 done=0 cscnt_q=0 pop_shim_q2=0 cdone_q=0 o_cswitch_done_val=0 o_cdone_val=0
[CTRL DEBUG] cycle=81936 state=5 start=0 incntlim=64 act_reps=1 wei_reps=1 ncontexts=1 context_cnt=0 act_cnt_en=1 wei_cnt_en=1 act_pop_en=0 wei_pop_en=0 psm_start=0 shift_done=0 done=0 cscnt_q=0 pop_shim_q2=0 cdone_q=0 o_cswitch_done_val=0 o_cdone_val=0
[CTRL DEBUG] cycle=81937 state=5 start=0 incntlim=64 act_reps=1 wei_reps=1 ncontexts=1 context_cnt=0 act_cnt_en=1 wei_cnt_en=1 act_pop_en=0 wei_pop_en=0 psm_start=0 shift_done=0 done=0 cscnt_q=0 pop_shim_q2=0 cdone_q=0 o_cswitch_done_val=0 o_cdone_val=0
[CTRL DEBUG] cycle=81937 state=5 start=0 incntlim=64 act_reps=1 wei_reps=1 ncontexts=1 context_cnt=0 act_cnt_en=1 wei_cnt_en=1 act_pop_en=0 wei_pop_en=0 psm_start=0 shift_done=0 done=0 cscnt_q=0 pop_shim_q2=0 cdone_q=0 o_cswitch_done_val=0 o_cdone_val=0
[IFMAP DEMAND REQ] req=40 context=0 k=40 ch=40 ky=0 kx=0 start_abs_idx=320 first_word=40 last_word=40 req_word_addr=40 req_final_addr=40
[IFMAP DEMAND REQ] req=40 context=0 k=40 ch=40 ky=0 kx=0 start_abs_idx=320 first_word=40 last_word=40 req_word_addr=40 req_final_addr=40
[CTRL DEBUG] cycle=81937 state=5 start=0 incntlim=64 act_reps=1 wei_reps=1 ncontexts=1 context_cnt=0 act_cnt_en=1 wei_cnt_en=1 act_pop_en=0 wei_pop_en=0 psm_start=0 shift_done=0 done=0 cscnt_q=0 pop_shim_q2=0 cdone_q=0 o_cswitch_done_val=0 o_cdone_val=0
[CTRL DEBUG] cycle=81937 state=5 start=0 incntlim=64 act_reps=1 wei_reps=1 ncontexts=1 context_cnt=0 act_cnt_en=1 wei_cnt_en=1 act_pop_en=0 wei_pop_en=0 psm_start=0 shift_done=0 done=0 cscnt_q=0 pop_shim_q2=0 cdone_q=0 o_cswitch_done_val=0 o_cdone_val=0
[CTRL DEBUG] cycle=81937 state=5 start=0 incntlim=64 act_reps=1 wei_reps=1 ncontexts=1 context_cnt=0 act_cnt_en=1 wei_cnt_en=1 act_pop_en=0 wei_pop_en=0 psm_start=0 shift_done=0 done=0 cscnt_q=0 pop_shim_q2=0 cdone_q=0 o_cswitch_done_val=0 o_cdone_val=0
[CTRL DEBUG] cycle=81937 state=5 start=0 incntlim=64 act_reps=1 wei_reps=1 ncontexts=1 context_cnt=0 act_cnt_en=1 wei_cnt_en=1 act_pop_en=0 wei_pop_en=0 psm_start=0 shift_done=0 done=0 cscnt_q=0 pop_shim_q2=0 cdone_q=0 o_cswitch_done_val=0 o_cdone_val=0
[CTRL DEBUG] cycle=81938 state=5 start=0 incntlim=64 act_reps=1 wei_reps=1 ncontexts=1 context_cnt=0 act_cnt_en=1 wei_cnt_en=1 act_pop_en=0 wei_pop_en=0 psm_start=0 shift_done=0 done=0 cscnt_q=0 pop_shim_q2=0 cdone_q=0 o_cswitch_done_val=0 o_cdone_val=0
[CTRL DEBUG] cycle=81938 state=5 start=0 incntlim=64 act_reps=1 wei_reps=1 ncontexts=1 context_cnt=0 act_cnt_en=1 wei_cnt_en=1 act_pop_en=0 wei_pop_en=0 psm_start=0 shift_done=0 done=0 cscnt_q=0 pop_shim_q2=0 cdone_q=0 o_cswitch_done_val=0 o_cdone_val=0
[CTRL DEBUG] cycle=81938 state=5 start=0 incntlim=64 act_reps=1 wei_reps=1 ncontexts=1 context_cnt=0 act_cnt_en=1 wei_cnt_en=1 act_pop_en=0 wei_pop_en=0 psm_start=0 shift_done=0 done=0 cscnt_q=0 pop_shim_q2=0 cdone_q=0 o_cswitch_done_val=0 o_cdone_val=0
[CTRL DEBUG] cycle=81938 state=5 start=0 incntlim=64 act_reps=1 wei_reps=1 ncontexts=1 context_cnt=0 act_cnt_en=1 wei_cnt_en=1 act_pop_en=0 wei_pop_en=0 psm_start=0 shift_done=0 done=0 cscnt_q=0 pop_shim_q2=0 cdone_q=0 o_cswitch_done_val=0 o_cdone_val=0
[CTRL DEBUG] cycle=81938 state=5 start=0 incntlim=64 act_reps=1 wei_reps=1 ncontexts=1 context_cnt=0 act_cnt_en=1 wei_cnt_en=1 act_pop_en=0 wei_pop_en=0 psm_start=0 shift_done=0 done=0 cscnt_q=0 pop_shim_q2=0 cdone_q=0 o_cswitch_done_val=0 o_cdone_val=0
[CTRL DEBUG] cycle=81938 state=5 start=0 incntlim=64 act_reps=1 wei_reps=1 ncontexts=1 context_cnt=0 act_cnt_en=1 wei_cnt_en=1 act_pop_en=0 wei_pop_en=0 psm_start=0 shift_done=0 done=0 cscnt_q=0 pop_shim_q2=0 cdone_q=0 o_cswitch_done_val=0 o_cdone_val=0
[CTRL DEBUG] cycle=81939 state=5 start=0 incntlim=64 act_reps=1 wei_reps=1 ncontexts=1 context_cnt=0 act_cnt_en=1 wei_cnt_en=1 act_pop_en=0 wei_pop_en=0 psm_start=0 shift_done=0 done=0 cscnt_q=0 pop_shim_q2=0 cdone_q=0 o_cswitch_done_val=0 o_cdone_val=0
[CTRL DEBUG] cycle=81939 state=5 start=0 incntlim=64 act_reps=1 wei_reps=1 ncontexts=1 context_cnt=0 act_cnt_en=1 wei_cnt_en=1 act_pop_en=0 wei_pop_en=0 psm_start=0 shift_done=0 done=0 cscnt_q=0 pop_shim_q2=0 cdone_q=0 o_cswitch_done_val=0 o_cdone_val=0
[IFMAP DEMAND REQ] req=41 context=0 k=41 ch=41 ky=0 kx=0 start_abs_idx=328 first_word=41 last_word=41 req_word_addr=41 req_final_addr=41
[IFMAP DEMAND REQ] req=41 context=0 k=41 ch=41 ky=0 kx=0 start_abs_idx=328 first_word=41 last_word=41 req_word_addr=41 req_final_addr=41
[CTRL DEBUG] cycle=81939 state=5 start=0 incntlim=64 act_reps=1 wei_reps=1 ncontexts=1 context_cnt=0 act_cnt_en=1 wei_cnt_en=1 act_pop_en=0 wei_pop_en=0 psm_start=0 shift_done=0 done=0 cscnt_q=0 pop_shim_q2=0 cdone_q=0 o_cswitch_done_val=0 o_cdone_val=0
[CTRL DEBUG] cycle=81939 state=5 start=0 incntlim=64 act_reps=1 wei_reps=1 ncontexts=1 context_cnt=0 act_cnt_en=1 wei_cnt_en=1 act_pop_en=0 wei_pop_en=0 psm_start=0 shift_done=0 done=0 cscnt_q=0 pop_shim_q2=0 cdone_q=0 o_cswitch_done_val=0 o_cdone_val=0
[CTRL DEBUG] cycle=81939 state=5 start=0 incntlim=64 act_reps=1 wei_reps=1 ncontexts=1 context_cnt=0 act_cnt_en=1 wei_cnt_en=1 act_pop_en=0 wei_pop_en=0 psm_start=0 shift_done=0 done=0 cscnt_q=0 pop_shim_q2=0 cdone_q=0 o_cswitch_done_val=0 o_cdone_val=0
[CTRL DEBUG] cycle=81939 state=5 start=0 incntlim=64 act_reps=1 wei_reps=1 ncontexts=1 context_cnt=0 act_cnt_en=1 wei_cnt_en=1 act_pop_en=0 wei_pop_en=0 psm_start=0 shift_done=0 done=0 cscnt_q=0 pop_shim_q2=0 cdone_q=0 o_cswitch_done_val=0 o_cdone_val=0
[CTRL DEBUG] cycle=81940 state=5 start=0 incntlim=64 act_reps=1 wei_reps=1 ncontexts=1 context_cnt=0 act_cnt_en=1 wei_cnt_en=1 act_pop_en=0 wei_pop_en=0 psm_start=0 shift_done=0 done=0 cscnt_q=0 pop_shim_q2=0 cdone_q=0 o_cswitch_done_val=0 o_cdone_val=0
[CTRL DEBUG] cycle=81940 state=5 start=0 incntlim=64 act_reps=1 wei_reps=1 ncontexts=1 context_cnt=0 act_cnt_en=1 wei_cnt_en=1 act_pop_en=0 wei_pop_en=0 psm_start=0 shift_done=0 done=0 cscnt_q=0 pop_shim_q2=0 cdone_q=0 o_cswitch_done_val=0 o_cdone_val=0
[CTRL DEBUG] cycle=81940 state=5 start=0 incntlim=64 act_reps=1 wei_reps=1 ncontexts=1 context_cnt=0 act_cnt_en=1 wei_cnt_en=1 act_pop_en=0 wei_pop_en=0 psm_start=0 shift_done=0 done=0 cscnt_q=0 pop_shim_q2=0 cdone_q=0 o_cswitch_done_val=0 o_cdone_val=0
[CTRL DEBUG] cycle=81940 state=5 start=0 incntlim=64 act_reps=1 wei_reps=1 ncontexts=1 context_cnt=0 act_cnt_en=1 wei_cnt_en=1 act_pop_en=0 wei_pop_en=0 psm_start=0 shift_done=0 done=0 cscnt_q=0 pop_shim_q2=0 cdone_q=0 o_cswitch_done_val=0 o_cdone_val=0
[CTRL DEBUG] cycle=81940 state=5 start=0 incntlim=64 act_reps=1 wei_reps=1 ncontexts=1 context_cnt=0 act_cnt_en=1 wei_cnt_en=1 act_pop_en=0 wei_pop_en=0 psm_start=0 shift_done=0 done=0 cscnt_q=0 pop_shim_q2=0 cdone_q=0 o_cswitch_done_val=0 o_cdone_val=0
[CTRL DEBUG] cycle=81940 state=5 start=0 incntlim=64 act_reps=1 wei_reps=1 ncontexts=1 context_cnt=0 act_cnt_en=1 wei_cnt_en=1 act_pop_en=0 wei_pop_en=0 psm_start=0 shift_done=0 done=0 cscnt_q=0 pop_shim_q2=0 cdone_q=0 o_cswitch_done_val=0 o_cdone_val=0
[CTRL DEBUG] cycle=81941 state=5 start=0 incntlim=64 act_reps=1 wei_reps=1 ncontexts=1 context_cnt=0 act_cnt_en=1 wei_cnt_en=1 act_pop_en=0 wei_pop_en=0 psm_start=0 shift_done=0 done=0 cscnt_q=0 pop_shim_q2=0 cdone_q=0 o_cswitch_done_val=0 o_cdone_val=0
[CTRL DEBUG] cycle=81941 state=5 start=0 incntlim=64 act_reps=1 wei_reps=1 ncontexts=1 context_cnt=0 act_cnt_en=1 wei_cnt_en=1 act_pop_en=0 wei_pop_en=0 psm_start=0 shift_done=0 done=0 cscnt_q=0 pop_shim_q2=0 cdone_q=0 o_cswitch_done_val=0 o_cdone_val=0
[IFMAP DEMAND REQ] req=42 context=0 k=42 ch=42 ky=0 kx=0 start_abs_idx=336 first_word=42 last_word=42 req_word_addr=42 req_final_addr=42
[IFMAP DEMAND REQ] req=42 context=0 k=42 ch=42 ky=0 kx=0 start_abs_idx=336 first_word=42 last_word=42 req_word_addr=42 req_final_addr=42
[CTRL DEBUG] cycle=81941 state=5 start=0 incntlim=64 act_reps=1 wei_reps=1 ncontexts=1 context_cnt=0 act_cnt_en=1 wei_cnt_en=1 act_pop_en=0 wei_pop_en=0 psm_start=0 shift_done=0 done=0 cscnt_q=0 pop_shim_q2=0 cdone_q=0 o_cswitch_done_val=0 o_cdone_val=0
[CTRL DEBUG] cycle=81941 state=5 start=0 incntlim=64 act_reps=1 wei_reps=1 ncontexts=1 context_cnt=0 act_cnt_en=1 wei_cnt_en=1 act_pop_en=0 wei_pop_en=0 psm_start=0 shift_done=0 done=0 cscnt_q=0 pop_shim_q2=0 cdone_q=0 o_cswitch_done_val=0 o_cdone_val=0
[CTRL DEBUG] cycle=81941 state=5 start=0 incntlim=64 act_reps=1 wei_reps=1 ncontexts=1 context_cnt=0 act_cnt_en=1 wei_cnt_en=1 act_pop_en=0 wei_pop_en=0 psm_start=0 shift_done=0 done=0 cscnt_q=0 pop_shim_q2=0 cdone_q=0 o_cswitch_done_val=0 o_cdone_val=0
[CTRL DEBUG] cycle=81941 state=5 start=0 incntlim=64 act_reps=1 wei_reps=1 ncontexts=1 context_cnt=0 act_cnt_en=1 wei_cnt_en=1 act_pop_en=0 wei_pop_en=0 psm_start=0 shift_done=0 done=0 cscnt_q=0 pop_shim_q2=0 cdone_q=0 o_cswitch_done_val=0 o_cdone_val=0
[CTRL DEBUG] cycle=81942 state=5 start=0 incntlim=64 act_reps=1 wei_reps=1 ncontexts=1 context_cnt=0 act_cnt_en=1 wei_cnt_en=1 act_pop_en=0 wei_pop_en=0 psm_start=0 shift_done=0 done=0 cscnt_q=0 pop_shim_q2=0 cdone_q=0 o_cswitch_done_val=0 o_cdone_val=0
[CTRL DEBUG] cycle=81942 state=5 start=0 incntlim=64 act_reps=1 wei_reps=1 ncontexts=1 context_cnt=0 act_cnt_en=1 wei_cnt_en=1 act_pop_en=0 wei_pop_en=0 psm_start=0 shift_done=0 done=0 cscnt_q=0 pop_shim_q2=0 cdone_q=0 o_cswitch_done_val=0 o_cdone_val=0
[CTRL DEBUG] cycle=81942 state=5 start=0 incntlim=64 act_reps=1 wei_reps=1 ncontexts=1 context_cnt=0 act_cnt_en=1 wei_cnt_en=1 act_pop_en=0 wei_pop_en=0 psm_start=0 shift_done=0 done=0 cscnt_q=0 pop_shim_q2=0 cdone_q=0 o_cswitch_done_val=0 o_cdone_val=0
[CTRL DEBUG] cycle=81942 state=5 start=0 incntlim=64 act_reps=1 wei_reps=1 ncontexts=1 context_cnt=0 act_cnt_en=1 wei_cnt_en=1 act_pop_en=0 wei_pop_en=0 psm_start=0 shift_done=0 done=0 cscnt_q=0 pop_shim_q2=0 cdone_q=0 o_cswitch_done_val=0 o_cdone_val=0
[CTRL DEBUG] cycle=81942 state=5 start=0 incntlim=64 act_reps=1 wei_reps=1 ncontexts=1 context_cnt=0 act_cnt_en=1 wei_cnt_en=1 act_pop_en=0 wei_pop_en=0 psm_start=0 shift_done=0 done=0 cscnt_q=0 pop_shim_q2=0 cdone_q=0 o_cswitch_done_val=0 o_cdone_val=0
[CTRL DEBUG] cycle=81942 state=5 start=0 incntlim=64 act_reps=1 wei_reps=1 ncontexts=1 context_cnt=0 act_cnt_en=1 wei_cnt_en=1 act_pop_en=0 wei_pop_en=0 psm_start=0 shift_done=0 done=0 cscnt_q=0 pop_shim_q2=0 cdone_q=0 o_cswitch_done_val=0 o_cdone_val=0
[CTRL DEBUG] cycle=81943 state=5 start=0 incntlim=64 act_reps=1 wei_reps=1 ncontexts=1 context_cnt=0 act_cnt_en=1 wei_cnt_en=1 act_pop_en=0 wei_pop_en=0 psm_start=0 shift_done=0 done=0 cscnt_q=0 pop_shim_q2=0 cdone_q=0 o_cswitch_done_val=0 o_cdone_val=0
[CTRL DEBUG] cycle=81943 state=5 start=0 incntlim=64 act_reps=1 wei_reps=1 ncontexts=1 context_cnt=0 act_cnt_en=1 wei_cnt_en=1 act_pop_en=0 wei_pop_en=0 psm_start=0 shift_done=0 done=0 cscnt_q=0 pop_shim_q2=0 cdone_q=0 o_cswitch_done_val=0 o_cdone_val=0
[IFMAP DEMAND REQ] req=43 context=0 k=43 ch=43 ky=0 kx=0 start_abs_idx=344 first_word=43 last_word=43 req_word_addr=43 req_final_addr=43
[IFMAP DEMAND REQ] req=43 context=0 k=43 ch=43 ky=0 kx=0 start_abs_idx=344 first_word=43 last_word=43 req_word_addr=43 req_final_addr=43
[CTRL DEBUG] cycle=81943 state=5 start=0 incntlim=64 act_reps=1 wei_reps=1 ncontexts=1 context_cnt=0 act_cnt_en=1 wei_cnt_en=1 act_pop_en=0 wei_pop_en=0 psm_start=0 shift_done=0 done=0 cscnt_q=0 pop_shim_q2=0 cdone_q=0 o_cswitch_done_val=0 o_cdone_val=0
[CTRL DEBUG] cycle=81943 state=5 start=0 incntlim=64 act_reps=1 wei_reps=1 ncontexts=1 context_cnt=0 act_cnt_en=1 wei_cnt_en=1 act_pop_en=0 wei_pop_en=0 psm_start=0 shift_done=0 done=0 cscnt_q=0 pop_shim_q2=0 cdone_q=0 o_cswitch_done_val=0 o_cdone_val=0
[CTRL DEBUG] cycle=81943 state=5 start=0 incntlim=64 act_reps=1 wei_reps=1 ncontexts=1 context_cnt=0 act_cnt_en=1 wei_cnt_en=1 act_pop_en=0 wei_pop_en=0 psm_start=0 shift_done=0 done=0 cscnt_q=0 pop_shim_q2=0 cdone_q=0 o_cswitch_done_val=0 o_cdone_val=0
[CTRL DEBUG] cycle=81943 state=5 start=0 incntlim=64 act_reps=1 wei_reps=1 ncontexts=1 context_cnt=0 act_cnt_en=1 wei_cnt_en=1 act_pop_en=0 wei_pop_en=0 psm_start=0 shift_done=0 done=0 cscnt_q=0 pop_shim_q2=0 cdone_q=0 o_cswitch_done_val=0 o_cdone_val=0
[CTRL DEBUG] cycle=81944 state=5 start=0 incntlim=64 act_reps=1 wei_reps=1 ncontexts=1 context_cnt=0 act_cnt_en=1 wei_cnt_en=1 act_pop_en=0 wei_pop_en=0 psm_start=0 shift_done=0 done=0 cscnt_q=0 pop_shim_q2=0 cdone_q=0 o_cswitch_done_val=0 o_cdone_val=0
[CTRL DEBUG] cycle=81944 state=5 start=0 incntlim=64 act_reps=1 wei_reps=1 ncontexts=1 context_cnt=0 act_cnt_en=1 wei_cnt_en=1 act_pop_en=0 wei_pop_en=0 psm_start=0 shift_done=0 done=0 cscnt_q=0 pop_shim_q2=0 cdone_q=0 o_cswitch_done_val=0 o_cdone_val=0
[CTRL DEBUG] cycle=81944 state=5 start=0 incntlim=64 act_reps=1 wei_reps=1 ncontexts=1 context_cnt=0 act_cnt_en=1 wei_cnt_en=1 act_pop_en=0 wei_pop_en=0 psm_start=0 shift_done=0 done=0 cscnt_q=0 pop_shim_q2=0 cdone_q=0 o_cswitch_done_val=0 o_cdone_val=0
[CTRL DEBUG] cycle=81944 state=5 start=0 incntlim=64 act_reps=1 wei_reps=1 ncontexts=1 context_cnt=0 act_cnt_en=1 wei_cnt_en=1 act_pop_en=0 wei_pop_en=0 psm_start=0 shift_done=0 done=0 cscnt_q=0 pop_shim_q2=0 cdone_q=0 o_cswitch_done_val=0 o_cdone_val=0
[CTRL DEBUG] cycle=81944 state=5 start=0 incntlim=64 act_reps=1 wei_reps=1 ncontexts=1 context_cnt=0 act_cnt_en=1 wei_cnt_en=1 act_pop_en=0 wei_pop_en=0 psm_start=0 shift_done=0 done=0 cscnt_q=0 pop_shim_q2=0 cdone_q=0 o_cswitch_done_val=0 o_cdone_val=0
[CTRL DEBUG] cycle=81944 state=5 start=0 incntlim=64 act_reps=1 wei_reps=1 ncontexts=1 context_cnt=0 act_cnt_en=1 wei_cnt_en=1 act_pop_en=0 wei_pop_en=0 psm_start=0 shift_done=0 done=0 cscnt_q=0 pop_shim_q2=0 cdone_q=0 o_cswitch_done_val=0 o_cdone_val=0
[CTRL DEBUG] cycle=81945 state=5 start=0 incntlim=64 act_reps=1 wei_reps=1 ncontexts=1 context_cnt=0 act_cnt_en=1 wei_cnt_en=1 act_pop_en=0 wei_pop_en=0 psm_start=0 shift_done=0 done=0 cscnt_q=0 pop_shim_q2=0 cdone_q=0 o_cswitch_done_val=0 o_cdone_val=0
[CTRL DEBUG] cycle=81945 state=5 start=0 incntlim=64 act_reps=1 wei_reps=1 ncontexts=1 context_cnt=0 act_cnt_en=1 wei_cnt_en=1 act_pop_en=0 wei_pop_en=0 psm_start=0 shift_done=0 done=0 cscnt_q=0 pop_shim_q2=0 cdone_q=0 o_cswitch_done_val=0 o_cdone_val=0
[IFMAP DEMAND REQ] req=44 context=0 k=44 ch=44 ky=0 kx=0 start_abs_idx=352 first_word=44 last_word=44 req_word_addr=44 req_final_addr=44
[IFMAP DEMAND REQ] req=44 context=0 k=44 ch=44 ky=0 kx=0 start_abs_idx=352 first_word=44 last_word=44 req_word_addr=44 req_final_addr=44
[CTRL DEBUG] cycle=81945 state=5 start=0 incntlim=64 act_reps=1 wei_reps=1 ncontexts=1 context_cnt=0 act_cnt_en=1 wei_cnt_en=1 act_pop_en=0 wei_pop_en=0 psm_start=0 shift_done=0 done=0 cscnt_q=0 pop_shim_q2=0 cdone_q=0 o_cswitch_done_val=0 o_cdone_val=0
[CTRL DEBUG] cycle=81945 state=5 start=0 incntlim=64 act_reps=1 wei_reps=1 ncontexts=1 context_cnt=0 act_cnt_en=1 wei_cnt_en=1 act_pop_en=0 wei_pop_en=0 psm_start=0 shift_done=0 done=0 cscnt_q=0 pop_shim_q2=0 cdone_q=0 o_cswitch_done_val=0 o_cdone_val=0
[CTRL DEBUG] cycle=81945 state=5 start=0 incntlim=64 act_reps=1 wei_reps=1 ncontexts=1 context_cnt=0 act_cnt_en=1 wei_cnt_en=1 act_pop_en=0 wei_pop_en=0 psm_start=0 shift_done=0 done=0 cscnt_q=0 pop_shim_q2=0 cdone_q=0 o_cswitch_done_val=0 o_cdone_val=0
[CTRL DEBUG] cycle=81945 state=5 start=0 incntlim=64 act_reps=1 wei_reps=1 ncontexts=1 context_cnt=0 act_cnt_en=1 wei_cnt_en=1 act_pop_en=0 wei_pop_en=0 psm_start=0 shift_done=0 done=0 cscnt_q=0 pop_shim_q2=0 cdone_q=0 o_cswitch_done_val=0 o_cdone_val=0
[CTRL DEBUG] cycle=81946 state=5 start=0 incntlim=64 act_reps=1 wei_reps=1 ncontexts=1 context_cnt=0 act_cnt_en=1 wei_cnt_en=1 act_pop_en=0 wei_pop_en=0 psm_start=0 shift_done=0 done=0 cscnt_q=0 pop_shim_q2=0 cdone_q=0 o_cswitch_done_val=0 o_cdone_val=0
[CTRL DEBUG] cycle=81946 state=5 start=0 incntlim=64 act_reps=1 wei_reps=1 ncontexts=1 context_cnt=0 act_cnt_en=1 wei_cnt_en=1 act_pop_en=0 wei_pop_en=0 psm_start=0 shift_done=0 done=0 cscnt_q=0 pop_shim_q2=0 cdone_q=0 o_cswitch_done_val=0 o_cdone_val=0
[CTRL DEBUG] cycle=81946 state=5 start=0 incntlim=64 act_reps=1 wei_reps=1 ncontexts=1 context_cnt=0 act_cnt_en=1 wei_cnt_en=1 act_pop_en=0 wei_pop_en=0 psm_start=0 shift_done=0 done=0 cscnt_q=0 pop_shim_q2=0 cdone_q=0 o_cswitch_done_val=0 o_cdone_val=0
[CTRL DEBUG] cycle=81946 state=5 start=0 incntlim=64 act_reps=1 wei_reps=1 ncontexts=1 context_cnt=0 act_cnt_en=1 wei_cnt_en=1 act_pop_en=0 wei_pop_en=0 psm_start=0 shift_done=0 done=0 cscnt_q=0 pop_shim_q2=0 cdone_q=0 o_cswitch_done_val=0 o_cdone_val=0
[CTRL DEBUG] cycle=81946 state=5 start=0 incntlim=64 act_reps=1 wei_reps=1 ncontexts=1 context_cnt=0 act_cnt_en=1 wei_cnt_en=1 act_pop_en=0 wei_pop_en=0 psm_start=0 shift_done=0 done=0 cscnt_q=0 pop_shim_q2=0 cdone_q=0 o_cswitch_done_val=0 o_cdone_val=0
[CTRL DEBUG] cycle=81946 state=5 start=0 incntlim=64 act_reps=1 wei_reps=1 ncontexts=1 context_cnt=0 act_cnt_en=1 wei_cnt_en=1 act_pop_en=0 wei_pop_en=0 psm_start=0 shift_done=0 done=0 cscnt_q=0 pop_shim_q2=0 cdone_q=0 o_cswitch_done_val=0 o_cdone_val=0
[CTRL DEBUG] cycle=81947 state=5 start=0 incntlim=64 act_reps=1 wei_reps=1 ncontexts=1 context_cnt=0 act_cnt_en=1 wei_cnt_en=1 act_pop_en=0 wei_pop_en=0 psm_start=0 shift_done=0 done=0 cscnt_q=0 pop_shim_q2=0 cdone_q=0 o_cswitch_done_val=0 o_cdone_val=0
[CTRL DEBUG] cycle=81947 state=5 start=0 incntlim=64 act_reps=1 wei_reps=1 ncontexts=1 context_cnt=0 act_cnt_en=1 wei_cnt_en=1 act_pop_en=0 wei_pop_en=0 psm_start=0 shift_done=0 done=0 cscnt_q=0 pop_shim_q2=0 cdone_q=0 o_cswitch_done_val=0 o_cdone_val=0
[IFMAP DEMAND REQ] req=45 context=0 k=45 ch=45 ky=0 kx=0 start_abs_idx=360 first_word=45 last_word=45 req_word_addr=45 req_final_addr=45
[IFMAP DEMAND REQ] req=45 context=0 k=45 ch=45 ky=0 kx=0 start_abs_idx=360 first_word=45 last_word=45 req_word_addr=45 req_final_addr=45
[CTRL DEBUG] cycle=81947 state=5 start=0 incntlim=64 act_reps=1 wei_reps=1 ncontexts=1 context_cnt=0 act_cnt_en=1 wei_cnt_en=1 act_pop_en=0 wei_pop_en=0 psm_start=0 shift_done=0 done=0 cscnt_q=0 pop_shim_q2=0 cdone_q=0 o_cswitch_done_val=0 o_cdone_val=0
[CTRL DEBUG] cycle=81947 state=5 start=0 incntlim=64 act_reps=1 wei_reps=1 ncontexts=1 context_cnt=0 act_cnt_en=1 wei_cnt_en=1 act_pop_en=0 wei_pop_en=0 psm_start=0 shift_done=0 done=0 cscnt_q=0 pop_shim_q2=0 cdone_q=0 o_cswitch_done_val=0 o_cdone_val=0
[CTRL DEBUG] cycle=81947 state=5 start=0 incntlim=64 act_reps=1 wei_reps=1 ncontexts=1 context_cnt=0 act_cnt_en=1 wei_cnt_en=1 act_pop_en=0 wei_pop_en=0 psm_start=0 shift_done=0 done=0 cscnt_q=0 pop_shim_q2=0 cdone_q=0 o_cswitch_done_val=0 o_cdone_val=0
[CTRL DEBUG] cycle=81947 state=5 start=0 incntlim=64 act_reps=1 wei_reps=1 ncontexts=1 context_cnt=0 act_cnt_en=1 wei_cnt_en=1 act_pop_en=0 wei_pop_en=0 psm_start=0 shift_done=0 done=0 cscnt_q=0 pop_shim_q2=0 cdone_q=0 o_cswitch_done_val=0 o_cdone_val=0
[CTRL DEBUG] cycle=81948 state=5 start=0 incntlim=64 act_reps=1 wei_reps=1 ncontexts=1 context_cnt=0 act_cnt_en=1 wei_cnt_en=1 act_pop_en=0 wei_pop_en=0 psm_start=0 shift_done=0 done=0 cscnt_q=0 pop_shim_q2=0 cdone_q=0 o_cswitch_done_val=0 o_cdone_val=0
[CTRL DEBUG] cycle=81948 state=5 start=0 incntlim=64 act_reps=1 wei_reps=1 ncontexts=1 context_cnt=0 act_cnt_en=1 wei_cnt_en=1 act_pop_en=0 wei_pop_en=0 psm_start=0 shift_done=0 done=0 cscnt_q=0 pop_shim_q2=0 cdone_q=0 o_cswitch_done_val=0 o_cdone_val=0
[CTRL DEBUG] cycle=81948 state=5 start=0 incntlim=64 act_reps=1 wei_reps=1 ncontexts=1 context_cnt=0 act_cnt_en=1 wei_cnt_en=1 act_pop_en=0 wei_pop_en=0 psm_start=0 shift_done=0 done=0 cscnt_q=0 pop_shim_q2=0 cdone_q=0 o_cswitch_done_val=0 o_cdone_val=0
[CTRL DEBUG] cycle=81948 state=5 start=0 incntlim=64 act_reps=1 wei_reps=1 ncontexts=1 context_cnt=0 act_cnt_en=1 wei_cnt_en=1 act_pop_en=0 wei_pop_en=0 psm_start=0 shift_done=0 done=0 cscnt_q=0 pop_shim_q2=0 cdone_q=0 o_cswitch_done_val=0 o_cdone_val=0
[CTRL DEBUG] cycle=81948 state=5 start=0 incntlim=64 act_reps=1 wei_reps=1 ncontexts=1 context_cnt=0 act_cnt_en=1 wei_cnt_en=1 act_pop_en=0 wei_pop_en=0 psm_start=0 shift_done=0 done=0 cscnt_q=0 pop_shim_q2=0 cdone_q=0 o_cswitch_done_val=0 o_cdone_val=0
[CTRL DEBUG] cycle=81948 state=5 start=0 incntlim=64 act_reps=1 wei_reps=1 ncontexts=1 context_cnt=0 act_cnt_en=1 wei_cnt_en=1 act_pop_en=0 wei_pop_en=0 psm_start=0 shift_done=0 done=0 cscnt_q=0 pop_shim_q2=0 cdone_q=0 o_cswitch_done_val=0 o_cdone_val=0
[CTRL DEBUG] cycle=81949 state=5 start=0 incntlim=64 act_reps=1 wei_reps=1 ncontexts=1 context_cnt=0 act_cnt_en=1 wei_cnt_en=1 act_pop_en=0 wei_pop_en=0 psm_start=0 shift_done=0 done=0 cscnt_q=0 pop_shim_q2=0 cdone_q=0 o_cswitch_done_val=0 o_cdone_val=0
[CTRL DEBUG] cycle=81949 state=5 start=0 incntlim=64 act_reps=1 wei_reps=1 ncontexts=1 context_cnt=0 act_cnt_en=1 wei_cnt_en=1 act_pop_en=0 wei_pop_en=0 psm_start=0 shift_done=0 done=0 cscnt_q=0 pop_shim_q2=0 cdone_q=0 o_cswitch_done_val=0 o_cdone_val=0
[IFMAP DEMAND REQ] req=46 context=0 k=46 ch=46 ky=0 kx=0 start_abs_idx=368 first_word=46 last_word=46 req_word_addr=46 req_final_addr=46
[IFMAP DEMAND REQ] req=46 context=0 k=46 ch=46 ky=0 kx=0 start_abs_idx=368 first_word=46 last_word=46 req_word_addr=46 req_final_addr=46
[CTRL DEBUG] cycle=81949 state=5 start=0 incntlim=64 act_reps=1 wei_reps=1 ncontexts=1 context_cnt=0 act_cnt_en=1 wei_cnt_en=1 act_pop_en=0 wei_pop_en=0 psm_start=0 shift_done=0 done=0 cscnt_q=0 pop_shim_q2=0 cdone_q=0 o_cswitch_done_val=0 o_cdone_val=0
[CTRL DEBUG] cycle=81949 state=5 start=0 incntlim=64 act_reps=1 wei_reps=1 ncontexts=1 context_cnt=0 act_cnt_en=1 wei_cnt_en=1 act_pop_en=0 wei_pop_en=0 psm_start=0 shift_done=0 done=0 cscnt_q=0 pop_shim_q2=0 cdone_q=0 o_cswitch_done_val=0 o_cdone_val=0
[CTRL DEBUG] cycle=81949 state=5 start=0 incntlim=64 act_reps=1 wei_reps=1 ncontexts=1 context_cnt=0 act_cnt_en=1 wei_cnt_en=1 act_pop_en=0 wei_pop_en=0 psm_start=0 shift_done=0 done=0 cscnt_q=0 pop_shim_q2=0 cdone_q=0 o_cswitch_done_val=0 o_cdone_val=0
[CTRL DEBUG] cycle=81949 state=5 start=0 incntlim=64 act_reps=1 wei_reps=1 ncontexts=1 context_cnt=0 act_cnt_en=1 wei_cnt_en=1 act_pop_en=0 wei_pop_en=0 psm_start=0 shift_done=0 done=0 cscnt_q=0 pop_shim_q2=0 cdone_q=0 o_cswitch_done_val=0 o_cdone_val=0
[CTRL DEBUG] cycle=81950 state=5 start=0 incntlim=64 act_reps=1 wei_reps=1 ncontexts=1 context_cnt=0 act_cnt_en=1 wei_cnt_en=1 act_pop_en=0 wei_pop_en=0 psm_start=0 shift_done=0 done=0 cscnt_q=0 pop_shim_q2=0 cdone_q=0 o_cswitch_done_val=0 o_cdone_val=0
[CTRL DEBUG] cycle=81950 state=5 start=0 incntlim=64 act_reps=1 wei_reps=1 ncontexts=1 context_cnt=0 act_cnt_en=1 wei_cnt_en=1 act_pop_en=0 wei_pop_en=0 psm_start=0 shift_done=0 done=0 cscnt_q=0 pop_shim_q2=0 cdone_q=0 o_cswitch_done_val=0 o_cdone_val=0
[CTRL DEBUG] cycle=81950 state=5 start=0 incntlim=64 act_reps=1 wei_reps=1 ncontexts=1 context_cnt=0 act_cnt_en=1 wei_cnt_en=1 act_pop_en=0 wei_pop_en=0 psm_start=0 shift_done=0 done=0 cscnt_q=0 pop_shim_q2=0 cdone_q=0 o_cswitch_done_val=0 o_cdone_val=0
[CTRL DEBUG] cycle=81950 state=5 start=0 incntlim=64 act_reps=1 wei_reps=1 ncontexts=1 context_cnt=0 act_cnt_en=1 wei_cnt_en=1 act_pop_en=0 wei_pop_en=0 psm_start=0 shift_done=0 done=0 cscnt_q=0 pop_shim_q2=0 cdone_q=0 o_cswitch_done_val=0 o_cdone_val=0
[CTRL DEBUG] cycle=81950 state=5 start=0 incntlim=64 act_reps=1 wei_reps=1 ncontexts=1 context_cnt=0 act_cnt_en=1 wei_cnt_en=1 act_pop_en=0 wei_pop_en=0 psm_start=0 shift_done=0 done=0 cscnt_q=0 pop_shim_q2=0 cdone_q=0 o_cswitch_done_val=0 o_cdone_val=0
[CTRL DEBUG] cycle=81950 state=5 start=0 incntlim=64 act_reps=1 wei_reps=1 ncontexts=1 context_cnt=0 act_cnt_en=1 wei_cnt_en=1 act_pop_en=0 wei_pop_en=0 psm_start=0 shift_done=0 done=0 cscnt_q=0 pop_shim_q2=0 cdone_q=0 o_cswitch_done_val=0 o_cdone_val=0
[CTRL DEBUG] cycle=81951 state=5 start=0 incntlim=64 act_reps=1 wei_reps=1 ncontexts=1 context_cnt=0 act_cnt_en=1 wei_cnt_en=1 act_pop_en=0 wei_pop_en=0 psm_start=0 shift_done=0 done=0 cscnt_q=0 pop_shim_q2=0 cdone_q=0 o_cswitch_done_val=0 o_cdone_val=0
[CTRL DEBUG] cycle=81951 state=5 start=0 incntlim=64 act_reps=1 wei_reps=1 ncontexts=1 context_cnt=0 act_cnt_en=1 wei_cnt_en=1 act_pop_en=0 wei_pop_en=0 psm_start=0 shift_done=0 done=0 cscnt_q=0 pop_shim_q2=0 cdone_q=0 o_cswitch_done_val=0 o_cdone_val=0
[IFMAP DEMAND REQ] req=47 context=0 k=47 ch=47 ky=0 kx=0 start_abs_idx=376 first_word=47 last_word=47 req_word_addr=47 req_final_addr=47
[IFMAP DEMAND REQ] req=47 context=0 k=47 ch=47 ky=0 kx=0 start_abs_idx=376 first_word=47 last_word=47 req_word_addr=47 req_final_addr=47
[CTRL DEBUG] cycle=81951 state=5 start=0 incntlim=64 act_reps=1 wei_reps=1 ncontexts=1 context_cnt=0 act_cnt_en=1 wei_cnt_en=1 act_pop_en=0 wei_pop_en=0 psm_start=0 shift_done=0 done=0 cscnt_q=0 pop_shim_q2=0 cdone_q=0 o_cswitch_done_val=0 o_cdone_val=0
[CTRL DEBUG] cycle=81951 state=5 start=0 incntlim=64 act_reps=1 wei_reps=1 ncontexts=1 context_cnt=0 act_cnt_en=1 wei_cnt_en=1 act_pop_en=0 wei_pop_en=0 psm_start=0 shift_done=0 done=0 cscnt_q=0 pop_shim_q2=0 cdone_q=0 o_cswitch_done_val=0 o_cdone_val=0
[CTRL DEBUG] cycle=81951 state=5 start=0 incntlim=64 act_reps=1 wei_reps=1 ncontexts=1 context_cnt=0 act_cnt_en=1 wei_cnt_en=1 act_pop_en=0 wei_pop_en=0 psm_start=0 shift_done=0 done=0 cscnt_q=0 pop_shim_q2=0 cdone_q=0 o_cswitch_done_val=0 o_cdone_val=0
[CTRL DEBUG] cycle=81951 state=5 start=0 incntlim=64 act_reps=1 wei_reps=1 ncontexts=1 context_cnt=0 act_cnt_en=1 wei_cnt_en=1 act_pop_en=0 wei_pop_en=0 psm_start=0 shift_done=0 done=0 cscnt_q=0 pop_shim_q2=0 cdone_q=0 o_cswitch_done_val=0 o_cdone_val=0
[CTRL DEBUG] cycle=81952 state=5 start=0 incntlim=64 act_reps=1 wei_reps=1 ncontexts=1 context_cnt=0 act_cnt_en=1 wei_cnt_en=1 act_pop_en=0 wei_pop_en=0 psm_start=0 shift_done=0 done=0 cscnt_q=0 pop_shim_q2=0 cdone_q=0 o_cswitch_done_val=0 o_cdone_val=0
[CTRL DEBUG] cycle=81952 state=5 start=0 incntlim=64 act_reps=1 wei_reps=1 ncontexts=1 context_cnt=0 act_cnt_en=1 wei_cnt_en=1 act_pop_en=0 wei_pop_en=0 psm_start=0 shift_done=0 done=0 cscnt_q=0 pop_shim_q2=0 cdone_q=0 o_cswitch_done_val=0 o_cdone_val=0
[CTRL DEBUG] cycle=81952 state=5 start=0 incntlim=64 act_reps=1 wei_reps=1 ncontexts=1 context_cnt=0 act_cnt_en=1 wei_cnt_en=1 act_pop_en=0 wei_pop_en=0 psm_start=0 shift_done=0 done=0 cscnt_q=0 pop_shim_q2=0 cdone_q=0 o_cswitch_done_val=0 o_cdone_val=0
[CTRL DEBUG] cycle=81952 state=5 start=0 incntlim=64 act_reps=1 wei_reps=1 ncontexts=1 context_cnt=0 act_cnt_en=1 wei_cnt_en=1 act_pop_en=0 wei_pop_en=0 psm_start=0 shift_done=0 done=0 cscnt_q=0 pop_shim_q2=0 cdone_q=0 o_cswitch_done_val=0 o_cdone_val=0
[CTRL DEBUG] cycle=81952 state=5 start=0 incntlim=64 act_reps=1 wei_reps=1 ncontexts=1 context_cnt=0 act_cnt_en=1 wei_cnt_en=1 act_pop_en=0 wei_pop_en=0 psm_start=0 shift_done=0 done=0 cscnt_q=0 pop_shim_q2=0 cdone_q=0 o_cswitch_done_val=0 o_cdone_val=0
[CTRL DEBUG] cycle=81952 state=5 start=0 incntlim=64 act_reps=1 wei_reps=1 ncontexts=1 context_cnt=0 act_cnt_en=1 wei_cnt_en=1 act_pop_en=0 wei_pop_en=0 psm_start=0 shift_done=0 done=0 cscnt_q=0 pop_shim_q2=0 cdone_q=0 o_cswitch_done_val=0 o_cdone_val=0
[CTRL DEBUG] cycle=81953 state=5 start=0 incntlim=64 act_reps=1 wei_reps=1 ncontexts=1 context_cnt=0 act_cnt_en=1 wei_cnt_en=1 act_pop_en=0 wei_pop_en=0 psm_start=0 shift_done=0 done=0 cscnt_q=0 pop_shim_q2=0 cdone_q=0 o_cswitch_done_val=0 o_cdone_val=0
[CTRL DEBUG] cycle=81953 state=5 start=0 incntlim=64 act_reps=1 wei_reps=1 ncontexts=1 context_cnt=0 act_cnt_en=1 wei_cnt_en=1 act_pop_en=0 wei_pop_en=0 psm_start=0 shift_done=0 done=0 cscnt_q=0 pop_shim_q2=0 cdone_q=0 o_cswitch_done_val=0 o_cdone_val=0
[IFMAP DEMAND REQ] req=48 context=0 k=48 ch=48 ky=0 kx=0 start_abs_idx=384 first_word=48 last_word=48 req_word_addr=48 req_final_addr=48
[IFMAP DEMAND REQ] req=48 context=0 k=48 ch=48 ky=0 kx=0 start_abs_idx=384 first_word=48 last_word=48 req_word_addr=48 req_final_addr=48
[CTRL DEBUG] cycle=81953 state=5 start=0 incntlim=64 act_reps=1 wei_reps=1 ncontexts=1 context_cnt=0 act_cnt_en=1 wei_cnt_en=1 act_pop_en=0 wei_pop_en=0 psm_start=0 shift_done=0 done=0 cscnt_q=0 pop_shim_q2=0 cdone_q=0 o_cswitch_done_val=0 o_cdone_val=0
[CTRL DEBUG] cycle=81953 state=5 start=0 incntlim=64 act_reps=1 wei_reps=1 ncontexts=1 context_cnt=0 act_cnt_en=1 wei_cnt_en=1 act_pop_en=0 wei_pop_en=0 psm_start=0 shift_done=0 done=0 cscnt_q=0 pop_shim_q2=0 cdone_q=0 o_cswitch_done_val=0 o_cdone_val=0
[CTRL DEBUG] cycle=81953 state=5 start=0 incntlim=64 act_reps=1 wei_reps=1 ncontexts=1 context_cnt=0 act_cnt_en=1 wei_cnt_en=1 act_pop_en=0 wei_pop_en=0 psm_start=0 shift_done=0 done=0 cscnt_q=0 pop_shim_q2=0 cdone_q=0 o_cswitch_done_val=0 o_cdone_val=0
[CTRL DEBUG] cycle=81953 state=5 start=0 incntlim=64 act_reps=1 wei_reps=1 ncontexts=1 context_cnt=0 act_cnt_en=1 wei_cnt_en=1 act_pop_en=0 wei_pop_en=0 psm_start=0 shift_done=0 done=0 cscnt_q=0 pop_shim_q2=0 cdone_q=0 o_cswitch_done_val=0 o_cdone_val=0
[CTRL DEBUG] cycle=81954 state=5 start=0 incntlim=64 act_reps=1 wei_reps=1 ncontexts=1 context_cnt=0 act_cnt_en=1 wei_cnt_en=1 act_pop_en=0 wei_pop_en=0 psm_start=0 shift_done=0 done=0 cscnt_q=0 pop_shim_q2=0 cdone_q=0 o_cswitch_done_val=0 o_cdone_val=0
[CTRL DEBUG] cycle=81954 state=5 start=0 incntlim=64 act_reps=1 wei_reps=1 ncontexts=1 context_cnt=0 act_cnt_en=1 wei_cnt_en=1 act_pop_en=0 wei_pop_en=0 psm_start=0 shift_done=0 done=0 cscnt_q=0 pop_shim_q2=0 cdone_q=0 o_cswitch_done_val=0 o_cdone_val=0
[CTRL DEBUG] cycle=81954 state=5 start=0 incntlim=64 act_reps=1 wei_reps=1 ncontexts=1 context_cnt=0 act_cnt_en=1 wei_cnt_en=1 act_pop_en=0 wei_pop_en=0 psm_start=0 shift_done=0 done=0 cscnt_q=0 pop_shim_q2=0 cdone_q=0 o_cswitch_done_val=0 o_cdone_val=0
[CTRL DEBUG] cycle=81954 state=5 start=0 incntlim=64 act_reps=1 wei_reps=1 ncontexts=1 context_cnt=0 act_cnt_en=1 wei_cnt_en=1 act_pop_en=0 wei_pop_en=0 psm_start=0 shift_done=0 done=0 cscnt_q=0 pop_shim_q2=0 cdone_q=0 o_cswitch_done_val=0 o_cdone_val=0
[CTRL DEBUG] cycle=81954 state=5 start=0 incntlim=64 act_reps=1 wei_reps=1 ncontexts=1 context_cnt=0 act_cnt_en=1 wei_cnt_en=1 act_pop_en=0 wei_pop_en=0 psm_start=0 shift_done=0 done=0 cscnt_q=0 pop_shim_q2=0 cdone_q=0 o_cswitch_done_val=0 o_cdone_val=0
[CTRL DEBUG] cycle=81954 state=5 start=0 incntlim=64 act_reps=1 wei_reps=1 ncontexts=1 context_cnt=0 act_cnt_en=1 wei_cnt_en=1 act_pop_en=0 wei_pop_en=0 psm_start=0 shift_done=0 done=0 cscnt_q=0 pop_shim_q2=0 cdone_q=0 o_cswitch_done_val=0 o_cdone_val=0
[CTRL DEBUG] cycle=81955 state=5 start=0 incntlim=64 act_reps=1 wei_reps=1 ncontexts=1 context_cnt=0 act_cnt_en=1 wei_cnt_en=1 act_pop_en=0 wei_pop_en=0 psm_start=0 shift_done=0 done=0 cscnt_q=0 pop_shim_q2=0 cdone_q=0 o_cswitch_done_val=0 o_cdone_val=0
[CTRL DEBUG] cycle=81955 state=5 start=0 incntlim=64 act_reps=1 wei_reps=1 ncontexts=1 context_cnt=0 act_cnt_en=1 wei_cnt_en=1 act_pop_en=0 wei_pop_en=0 psm_start=0 shift_done=0 done=0 cscnt_q=0 pop_shim_q2=0 cdone_q=0 o_cswitch_done_val=0 o_cdone_val=0
[IFMAP DEMAND REQ] req=49 context=0 k=49 ch=49 ky=0 kx=0 start_abs_idx=392 first_word=49 last_word=49 req_word_addr=49 req_final_addr=49
[IFMAP DEMAND REQ] req=49 context=0 k=49 ch=49 ky=0 kx=0 start_abs_idx=392 first_word=49 last_word=49 req_word_addr=49 req_final_addr=49
[CTRL DEBUG] cycle=81955 state=5 start=0 incntlim=64 act_reps=1 wei_reps=1 ncontexts=1 context_cnt=0 act_cnt_en=1 wei_cnt_en=1 act_pop_en=0 wei_pop_en=0 psm_start=0 shift_done=0 done=0 cscnt_q=0 pop_shim_q2=0 cdone_q=0 o_cswitch_done_val=0 o_cdone_val=0
[CTRL DEBUG] cycle=81955 state=5 start=0 incntlim=64 act_reps=1 wei_reps=1 ncontexts=1 context_cnt=0 act_cnt_en=1 wei_cnt_en=1 act_pop_en=0 wei_pop_en=0 psm_start=0 shift_done=0 done=0 cscnt_q=0 pop_shim_q2=0 cdone_q=0 o_cswitch_done_val=0 o_cdone_val=0
[CTRL DEBUG] cycle=81955 state=5 start=0 incntlim=64 act_reps=1 wei_reps=1 ncontexts=1 context_cnt=0 act_cnt_en=1 wei_cnt_en=1 act_pop_en=0 wei_pop_en=0 psm_start=0 shift_done=0 done=0 cscnt_q=0 pop_shim_q2=0 cdone_q=0 o_cswitch_done_val=0 o_cdone_val=0
[CTRL DEBUG] cycle=81955 state=5 start=0 incntlim=64 act_reps=1 wei_reps=1 ncontexts=1 context_cnt=0 act_cnt_en=1 wei_cnt_en=1 act_pop_en=0 wei_pop_en=0 psm_start=0 shift_done=0 done=0 cscnt_q=0 pop_shim_q2=0 cdone_q=0 o_cswitch_done_val=0 o_cdone_val=0
[CTRL DEBUG] cycle=81956 state=5 start=0 incntlim=64 act_reps=1 wei_reps=1 ncontexts=1 context_cnt=0 act_cnt_en=1 wei_cnt_en=1 act_pop_en=0 wei_pop_en=0 psm_start=0 shift_done=0 done=0 cscnt_q=0 pop_shim_q2=0 cdone_q=0 o_cswitch_done_val=0 o_cdone_val=0
[CTRL DEBUG] cycle=81956 state=5 start=0 incntlim=64 act_reps=1 wei_reps=1 ncontexts=1 context_cnt=0 act_cnt_en=1 wei_cnt_en=1 act_pop_en=0 wei_pop_en=0 psm_start=0 shift_done=0 done=0 cscnt_q=0 pop_shim_q2=0 cdone_q=0 o_cswitch_done_val=0 o_cdone_val=0
[CTRL DEBUG] cycle=81956 state=5 start=0 incntlim=64 act_reps=1 wei_reps=1 ncontexts=1 context_cnt=0 act_cnt_en=1 wei_cnt_en=1 act_pop_en=0 wei_pop_en=0 psm_start=0 shift_done=0 done=0 cscnt_q=0 pop_shim_q2=0 cdone_q=0 o_cswitch_done_val=0 o_cdone_val=0
[CTRL DEBUG] cycle=81956 state=5 start=0 incntlim=64 act_reps=1 wei_reps=1 ncontexts=1 context_cnt=0 act_cnt_en=1 wei_cnt_en=1 act_pop_en=0 wei_pop_en=0 psm_start=0 shift_done=0 done=0 cscnt_q=0 pop_shim_q2=0 cdone_q=0 o_cswitch_done_val=0 o_cdone_val=0
[CTRL DEBUG] cycle=81956 state=5 start=0 incntlim=64 act_reps=1 wei_reps=1 ncontexts=1 context_cnt=0 act_cnt_en=1 wei_cnt_en=1 act_pop_en=0 wei_pop_en=0 psm_start=0 shift_done=0 done=0 cscnt_q=0 pop_shim_q2=0 cdone_q=0 o_cswitch_done_val=0 o_cdone_val=0
[CTRL DEBUG] cycle=81956 state=5 start=0 incntlim=64 act_reps=1 wei_reps=1 ncontexts=1 context_cnt=0 act_cnt_en=1 wei_cnt_en=1 act_pop_en=0 wei_pop_en=0 psm_start=0 shift_done=0 done=0 cscnt_q=0 pop_shim_q2=0 cdone_q=0 o_cswitch_done_val=0 o_cdone_val=0
[CTRL DEBUG] cycle=81957 state=5 start=0 incntlim=64 act_reps=1 wei_reps=1 ncontexts=1 context_cnt=0 act_cnt_en=1 wei_cnt_en=1 act_pop_en=0 wei_pop_en=0 psm_start=0 shift_done=0 done=0 cscnt_q=0 pop_shim_q2=0 cdone_q=0 o_cswitch_done_val=0 o_cdone_val=0
[CTRL DEBUG] cycle=81957 state=5 start=0 incntlim=64 act_reps=1 wei_reps=1 ncontexts=1 context_cnt=0 act_cnt_en=1 wei_cnt_en=1 act_pop_en=0 wei_pop_en=0 psm_start=0 shift_done=0 done=0 cscnt_q=0 pop_shim_q2=0 cdone_q=0 o_cswitch_done_val=0 o_cdone_val=0
[IFMAP DEMAND REQ] req=50 context=0 k=50 ch=50 ky=0 kx=0 start_abs_idx=400 first_word=50 last_word=50 req_word_addr=50 req_final_addr=50
[IFMAP DEMAND REQ] req=50 context=0 k=50 ch=50 ky=0 kx=0 start_abs_idx=400 first_word=50 last_word=50 req_word_addr=50 req_final_addr=50
[CTRL DEBUG] cycle=81957 state=5 start=0 incntlim=64 act_reps=1 wei_reps=1 ncontexts=1 context_cnt=0 act_cnt_en=1 wei_cnt_en=1 act_pop_en=0 wei_pop_en=0 psm_start=0 shift_done=0 done=0 cscnt_q=0 pop_shim_q2=0 cdone_q=0 o_cswitch_done_val=0 o_cdone_val=0
[CTRL DEBUG] cycle=81957 state=5 start=0 incntlim=64 act_reps=1 wei_reps=1 ncontexts=1 context_cnt=0 act_cnt_en=1 wei_cnt_en=1 act_pop_en=0 wei_pop_en=0 psm_start=0 shift_done=0 done=0 cscnt_q=0 pop_shim_q2=0 cdone_q=0 o_cswitch_done_val=0 o_cdone_val=0
[CTRL DEBUG] cycle=81957 state=5 start=0 incntlim=64 act_reps=1 wei_reps=1 ncontexts=1 context_cnt=0 act_cnt_en=1 wei_cnt_en=1 act_pop_en=0 wei_pop_en=0 psm_start=0 shift_done=0 done=0 cscnt_q=0 pop_shim_q2=0 cdone_q=0 o_cswitch_done_val=0 o_cdone_val=0
[CTRL DEBUG] cycle=81957 state=5 start=0 incntlim=64 act_reps=1 wei_reps=1 ncontexts=1 context_cnt=0 act_cnt_en=1 wei_cnt_en=1 act_pop_en=0 wei_pop_en=0 psm_start=0 shift_done=0 done=0 cscnt_q=0 pop_shim_q2=0 cdone_q=0 o_cswitch_done_val=0 o_cdone_val=0
[CTRL DEBUG] cycle=81958 state=5 start=0 incntlim=64 act_reps=1 wei_reps=1 ncontexts=1 context_cnt=0 act_cnt_en=1 wei_cnt_en=1 act_pop_en=0 wei_pop_en=0 psm_start=0 shift_done=0 done=0 cscnt_q=0 pop_shim_q2=0 cdone_q=0 o_cswitch_done_val=0 o_cdone_val=0
[CTRL DEBUG] cycle=81958 state=5 start=0 incntlim=64 act_reps=1 wei_reps=1 ncontexts=1 context_cnt=0 act_cnt_en=1 wei_cnt_en=1 act_pop_en=0 wei_pop_en=0 psm_start=0 shift_done=0 done=0 cscnt_q=0 pop_shim_q2=0 cdone_q=0 o_cswitch_done_val=0 o_cdone_val=0
[CTRL DEBUG] cycle=81958 state=5 start=0 incntlim=64 act_reps=1 wei_reps=1 ncontexts=1 context_cnt=0 act_cnt_en=1 wei_cnt_en=1 act_pop_en=0 wei_pop_en=0 psm_start=0 shift_done=0 done=0 cscnt_q=0 pop_shim_q2=0 cdone_q=0 o_cswitch_done_val=0 o_cdone_val=0
[CTRL DEBUG] cycle=81958 state=5 start=0 incntlim=64 act_reps=1 wei_reps=1 ncontexts=1 context_cnt=0 act_cnt_en=1 wei_cnt_en=1 act_pop_en=0 wei_pop_en=0 psm_start=0 shift_done=0 done=0 cscnt_q=0 pop_shim_q2=0 cdone_q=0 o_cswitch_done_val=0 o_cdone_val=0
[CTRL DEBUG] cycle=81958 state=5 start=0 incntlim=64 act_reps=1 wei_reps=1 ncontexts=1 context_cnt=0 act_cnt_en=1 wei_cnt_en=1 act_pop_en=0 wei_pop_en=0 psm_start=0 shift_done=0 done=0 cscnt_q=0 pop_shim_q2=0 cdone_q=0 o_cswitch_done_val=0 o_cdone_val=0
[CTRL DEBUG] cycle=81958 state=5 start=0 incntlim=64 act_reps=1 wei_reps=1 ncontexts=1 context_cnt=0 act_cnt_en=1 wei_cnt_en=1 act_pop_en=0 wei_pop_en=0 psm_start=0 shift_done=0 done=0 cscnt_q=0 pop_shim_q2=0 cdone_q=0 o_cswitch_done_val=0 o_cdone_val=0
[CTRL DEBUG] cycle=81959 state=5 start=0 incntlim=64 act_reps=1 wei_reps=1 ncontexts=1 context_cnt=0 act_cnt_en=1 wei_cnt_en=1 act_pop_en=0 wei_pop_en=0 psm_start=0 shift_done=0 done=0 cscnt_q=0 pop_shim_q2=0 cdone_q=0 o_cswitch_done_val=0 o_cdone_val=0
[CTRL DEBUG] cycle=81959 state=5 start=0 incntlim=64 act_reps=1 wei_reps=1 ncontexts=1 context_cnt=0 act_cnt_en=1 wei_cnt_en=1 act_pop_en=0 wei_pop_en=0 psm_start=0 shift_done=0 done=0 cscnt_q=0 pop_shim_q2=0 cdone_q=0 o_cswitch_done_val=0 o_cdone_val=0
[IFMAP DEMAND REQ] req=51 context=0 k=51 ch=51 ky=0 kx=0 start_abs_idx=408 first_word=51 last_word=51 req_word_addr=51 req_final_addr=51
[IFMAP DEMAND REQ] req=51 context=0 k=51 ch=51 ky=0 kx=0 start_abs_idx=408 first_word=51 last_word=51 req_word_addr=51 req_final_addr=51
[CTRL DEBUG] cycle=81959 state=5 start=0 incntlim=64 act_reps=1 wei_reps=1 ncontexts=1 context_cnt=0 act_cnt_en=1 wei_cnt_en=1 act_pop_en=0 wei_pop_en=0 psm_start=0 shift_done=0 done=0 cscnt_q=0 pop_shim_q2=0 cdone_q=0 o_cswitch_done_val=0 o_cdone_val=0
[CTRL DEBUG] cycle=81959 state=5 start=0 incntlim=64 act_reps=1 wei_reps=1 ncontexts=1 context_cnt=0 act_cnt_en=1 wei_cnt_en=1 act_pop_en=0 wei_pop_en=0 psm_start=0 shift_done=0 done=0 cscnt_q=0 pop_shim_q2=0 cdone_q=0 o_cswitch_done_val=0 o_cdone_val=0
[CTRL DEBUG] cycle=81959 state=5 start=0 incntlim=64 act_reps=1 wei_reps=1 ncontexts=1 context_cnt=0 act_cnt_en=1 wei_cnt_en=1 act_pop_en=0 wei_pop_en=0 psm_start=0 shift_done=0 done=0 cscnt_q=0 pop_shim_q2=0 cdone_q=0 o_cswitch_done_val=0 o_cdone_val=0
[CTRL DEBUG] cycle=81959 state=5 start=0 incntlim=64 act_reps=1 wei_reps=1 ncontexts=1 context_cnt=0 act_cnt_en=1 wei_cnt_en=1 act_pop_en=0 wei_pop_en=0 psm_start=0 shift_done=0 done=0 cscnt_q=0 pop_shim_q2=0 cdone_q=0 o_cswitch_done_val=0 o_cdone_val=0
[CTRL DEBUG] cycle=81960 state=5 start=0 incntlim=64 act_reps=1 wei_reps=1 ncontexts=1 context_cnt=0 act_cnt_en=1 wei_cnt_en=1 act_pop_en=0 wei_pop_en=0 psm_start=0 shift_done=0 done=0 cscnt_q=0 pop_shim_q2=0 cdone_q=0 o_cswitch_done_val=0 o_cdone_val=0
[CTRL DEBUG] cycle=81960 state=5 start=0 incntlim=64 act_reps=1 wei_reps=1 ncontexts=1 context_cnt=0 act_cnt_en=1 wei_cnt_en=1 act_pop_en=0 wei_pop_en=0 psm_start=0 shift_done=0 done=0 cscnt_q=0 pop_shim_q2=0 cdone_q=0 o_cswitch_done_val=0 o_cdone_val=0
[CTRL DEBUG] cycle=81960 state=5 start=0 incntlim=64 act_reps=1 wei_reps=1 ncontexts=1 context_cnt=0 act_cnt_en=1 wei_cnt_en=1 act_pop_en=0 wei_pop_en=0 psm_start=0 shift_done=0 done=0 cscnt_q=0 pop_shim_q2=0 cdone_q=0 o_cswitch_done_val=0 o_cdone_val=0
[CTRL DEBUG] cycle=81960 state=5 start=0 incntlim=64 act_reps=1 wei_reps=1 ncontexts=1 context_cnt=0 act_cnt_en=1 wei_cnt_en=1 act_pop_en=0 wei_pop_en=0 psm_start=0 shift_done=0 done=0 cscnt_q=0 pop_shim_q2=0 cdone_q=0 o_cswitch_done_val=0 o_cdone_val=0
[CTRL DEBUG] cycle=81960 state=5 start=0 incntlim=64 act_reps=1 wei_reps=1 ncontexts=1 context_cnt=0 act_cnt_en=1 wei_cnt_en=1 act_pop_en=0 wei_pop_en=0 psm_start=0 shift_done=0 done=0 cscnt_q=0 pop_shim_q2=0 cdone_q=0 o_cswitch_done_val=0 o_cdone_val=0
[CTRL DEBUG] cycle=81960 state=5 start=0 incntlim=64 act_reps=1 wei_reps=1 ncontexts=1 context_cnt=0 act_cnt_en=1 wei_cnt_en=1 act_pop_en=0 wei_pop_en=0 psm_start=0 shift_done=0 done=0 cscnt_q=0 pop_shim_q2=0 cdone_q=0 o_cswitch_done_val=0 o_cdone_val=0
[CTRL DEBUG] cycle=81961 state=5 start=0 incntlim=64 act_reps=1 wei_reps=1 ncontexts=1 context_cnt=0 act_cnt_en=1 wei_cnt_en=1 act_pop_en=0 wei_pop_en=0 psm_start=0 shift_done=0 done=0 cscnt_q=0 pop_shim_q2=0 cdone_q=0 o_cswitch_done_val=0 o_cdone_val=0
[CTRL DEBUG] cycle=81961 state=5 start=0 incntlim=64 act_reps=1 wei_reps=1 ncontexts=1 context_cnt=0 act_cnt_en=1 wei_cnt_en=1 act_pop_en=0 wei_pop_en=0 psm_start=0 shift_done=0 done=0 cscnt_q=0 pop_shim_q2=0 cdone_q=0 o_cswitch_done_val=0 o_cdone_val=0
[IFMAP DEMAND REQ] req=52 context=0 k=52 ch=52 ky=0 kx=0 start_abs_idx=416 first_word=52 last_word=52 req_word_addr=52 req_final_addr=52
[IFMAP DEMAND REQ] req=52 context=0 k=52 ch=52 ky=0 kx=0 start_abs_idx=416 first_word=52 last_word=52 req_word_addr=52 req_final_addr=52
[CTRL DEBUG] cycle=81961 state=5 start=0 incntlim=64 act_reps=1 wei_reps=1 ncontexts=1 context_cnt=0 act_cnt_en=1 wei_cnt_en=1 act_pop_en=0 wei_pop_en=0 psm_start=0 shift_done=0 done=0 cscnt_q=0 pop_shim_q2=0 cdone_q=0 o_cswitch_done_val=0 o_cdone_val=0
[CTRL DEBUG] cycle=81961 state=5 start=0 incntlim=64 act_reps=1 wei_reps=1 ncontexts=1 context_cnt=0 act_cnt_en=1 wei_cnt_en=1 act_pop_en=0 wei_pop_en=0 psm_start=0 shift_done=0 done=0 cscnt_q=0 pop_shim_q2=0 cdone_q=0 o_cswitch_done_val=0 o_cdone_val=0
[CTRL DEBUG] cycle=81961 state=5 start=0 incntlim=64 act_reps=1 wei_reps=1 ncontexts=1 context_cnt=0 act_cnt_en=1 wei_cnt_en=1 act_pop_en=0 wei_pop_en=0 psm_start=0 shift_done=0 done=0 cscnt_q=0 pop_shim_q2=0 cdone_q=0 o_cswitch_done_val=0 o_cdone_val=0
[CTRL DEBUG] cycle=81961 state=5 start=0 incntlim=64 act_reps=1 wei_reps=1 ncontexts=1 context_cnt=0 act_cnt_en=1 wei_cnt_en=1 act_pop_en=0 wei_pop_en=0 psm_start=0 shift_done=0 done=0 cscnt_q=0 pop_shim_q2=0 cdone_q=0 o_cswitch_done_val=0 o_cdone_val=0
[CTRL DEBUG] cycle=81962 state=5 start=0 incntlim=64 act_reps=1 wei_reps=1 ncontexts=1 context_cnt=0 act_cnt_en=1 wei_cnt_en=1 act_pop_en=0 wei_pop_en=0 psm_start=0 shift_done=0 done=0 cscnt_q=0 pop_shim_q2=0 cdone_q=0 o_cswitch_done_val=0 o_cdone_val=0
[CTRL DEBUG] cycle=81962 state=5 start=0 incntlim=64 act_reps=1 wei_reps=1 ncontexts=1 context_cnt=0 act_cnt_en=1 wei_cnt_en=1 act_pop_en=0 wei_pop_en=0 psm_start=0 shift_done=0 done=0 cscnt_q=0 pop_shim_q2=0 cdone_q=0 o_cswitch_done_val=0 o_cdone_val=0
[CTRL DEBUG] cycle=81962 state=5 start=0 incntlim=64 act_reps=1 wei_reps=1 ncontexts=1 context_cnt=0 act_cnt_en=1 wei_cnt_en=1 act_pop_en=0 wei_pop_en=0 psm_start=0 shift_done=0 done=0 cscnt_q=0 pop_shim_q2=0 cdone_q=0 o_cswitch_done_val=0 o_cdone_val=0
[CTRL DEBUG] cycle=81962 state=5 start=0 incntlim=64 act_reps=1 wei_reps=1 ncontexts=1 context_cnt=0 act_cnt_en=1 wei_cnt_en=1 act_pop_en=0 wei_pop_en=0 psm_start=0 shift_done=0 done=0 cscnt_q=0 pop_shim_q2=0 cdone_q=0 o_cswitch_done_val=0 o_cdone_val=0
[CTRL DEBUG] cycle=81962 state=5 start=0 incntlim=64 act_reps=1 wei_reps=1 ncontexts=1 context_cnt=0 act_cnt_en=1 wei_cnt_en=1 act_pop_en=0 wei_pop_en=0 psm_start=0 shift_done=0 done=0 cscnt_q=0 pop_shim_q2=0 cdone_q=0 o_cswitch_done_val=0 o_cdone_val=0
[CTRL DEBUG] cycle=81962 state=5 start=0 incntlim=64 act_reps=1 wei_reps=1 ncontexts=1 context_cnt=0 act_cnt_en=1 wei_cnt_en=1 act_pop_en=0 wei_pop_en=0 psm_start=0 shift_done=0 done=0 cscnt_q=0 pop_shim_q2=0 cdone_q=0 o_cswitch_done_val=0 o_cdone_val=0
[CTRL DEBUG] cycle=81963 state=5 start=0 incntlim=64 act_reps=1 wei_reps=1 ncontexts=1 context_cnt=0 act_cnt_en=1 wei_cnt_en=1 act_pop_en=0 wei_pop_en=0 psm_start=0 shift_done=0 done=0 cscnt_q=0 pop_shim_q2=0 cdone_q=0 o_cswitch_done_val=0 o_cdone_val=0
[CTRL DEBUG] cycle=81963 state=5 start=0 incntlim=64 act_reps=1 wei_reps=1 ncontexts=1 context_cnt=0 act_cnt_en=1 wei_cnt_en=1 act_pop_en=0 wei_pop_en=0 psm_start=0 shift_done=0 done=0 cscnt_q=0 pop_shim_q2=0 cdone_q=0 o_cswitch_done_val=0 o_cdone_val=0
[IFMAP DEMAND REQ] req=53 context=0 k=53 ch=53 ky=0 kx=0 start_abs_idx=424 first_word=53 last_word=53 req_word_addr=53 req_final_addr=53
[IFMAP DEMAND REQ] req=53 context=0 k=53 ch=53 ky=0 kx=0 start_abs_idx=424 first_word=53 last_word=53 req_word_addr=53 req_final_addr=53
[CTRL DEBUG] cycle=81963 state=5 start=0 incntlim=64 act_reps=1 wei_reps=1 ncontexts=1 context_cnt=0 act_cnt_en=1 wei_cnt_en=1 act_pop_en=0 wei_pop_en=0 psm_start=0 shift_done=0 done=0 cscnt_q=0 pop_shim_q2=0 cdone_q=0 o_cswitch_done_val=0 o_cdone_val=0
[CTRL DEBUG] cycle=81963 state=5 start=0 incntlim=64 act_reps=1 wei_reps=1 ncontexts=1 context_cnt=0 act_cnt_en=1 wei_cnt_en=1 act_pop_en=0 wei_pop_en=0 psm_start=0 shift_done=0 done=0 cscnt_q=0 pop_shim_q2=0 cdone_q=0 o_cswitch_done_val=0 o_cdone_val=0
[CTRL DEBUG] cycle=81963 state=5 start=0 incntlim=64 act_reps=1 wei_reps=1 ncontexts=1 context_cnt=0 act_cnt_en=1 wei_cnt_en=1 act_pop_en=0 wei_pop_en=0 psm_start=0 shift_done=0 done=0 cscnt_q=0 pop_shim_q2=0 cdone_q=0 o_cswitch_done_val=0 o_cdone_val=0
[CTRL DEBUG] cycle=81963 state=5 start=0 incntlim=64 act_reps=1 wei_reps=1 ncontexts=1 context_cnt=0 act_cnt_en=1 wei_cnt_en=1 act_pop_en=0 wei_pop_en=0 psm_start=0 shift_done=0 done=0 cscnt_q=0 pop_shim_q2=0 cdone_q=0 o_cswitch_done_val=0 o_cdone_val=0
[CTRL DEBUG] cycle=81964 state=5 start=0 incntlim=64 act_reps=1 wei_reps=1 ncontexts=1 context_cnt=0 act_cnt_en=1 wei_cnt_en=1 act_pop_en=0 wei_pop_en=0 psm_start=0 shift_done=0 done=0 cscnt_q=0 pop_shim_q2=0 cdone_q=0 o_cswitch_done_val=0 o_cdone_val=0
[CTRL DEBUG] cycle=81964 state=5 start=0 incntlim=64 act_reps=1 wei_reps=1 ncontexts=1 context_cnt=0 act_cnt_en=1 wei_cnt_en=1 act_pop_en=0 wei_pop_en=0 psm_start=0 shift_done=0 done=0 cscnt_q=0 pop_shim_q2=0 cdone_q=0 o_cswitch_done_val=0 o_cdone_val=0
[CTRL DEBUG] cycle=81964 state=5 start=0 incntlim=64 act_reps=1 wei_reps=1 ncontexts=1 context_cnt=0 act_cnt_en=1 wei_cnt_en=1 act_pop_en=0 wei_pop_en=0 psm_start=0 shift_done=0 done=0 cscnt_q=0 pop_shim_q2=0 cdone_q=0 o_cswitch_done_val=0 o_cdone_val=0
[CTRL DEBUG] cycle=81964 state=5 start=0 incntlim=64 act_reps=1 wei_reps=1 ncontexts=1 context_cnt=0 act_cnt_en=1 wei_cnt_en=1 act_pop_en=0 wei_pop_en=0 psm_start=0 shift_done=0 done=0 cscnt_q=0 pop_shim_q2=0 cdone_q=0 o_cswitch_done_val=0 o_cdone_val=0
[CTRL DEBUG] cycle=81964 state=5 start=0 incntlim=64 act_reps=1 wei_reps=1 ncontexts=1 context_cnt=0 act_cnt_en=1 wei_cnt_en=1 act_pop_en=0 wei_pop_en=0 psm_start=0 shift_done=0 done=0 cscnt_q=0 pop_shim_q2=0 cdone_q=0 o_cswitch_done_val=0 o_cdone_val=0
[CTRL DEBUG] cycle=81964 state=5 start=0 incntlim=64 act_reps=1 wei_reps=1 ncontexts=1 context_cnt=0 act_cnt_en=1 wei_cnt_en=1 act_pop_en=0 wei_pop_en=0 psm_start=0 shift_done=0 done=0 cscnt_q=0 pop_shim_q2=0 cdone_q=0 o_cswitch_done_val=0 o_cdone_val=0
[CTRL DEBUG] cycle=81965 state=5 start=0 incntlim=64 act_reps=1 wei_reps=1 ncontexts=1 context_cnt=0 act_cnt_en=1 wei_cnt_en=1 act_pop_en=0 wei_pop_en=0 psm_start=0 shift_done=0 done=0 cscnt_q=0 pop_shim_q2=0 cdone_q=0 o_cswitch_done_val=0 o_cdone_val=0
[CTRL DEBUG] cycle=81965 state=5 start=0 incntlim=64 act_reps=1 wei_reps=1 ncontexts=1 context_cnt=0 act_cnt_en=1 wei_cnt_en=1 act_pop_en=0 wei_pop_en=0 psm_start=0 shift_done=0 done=0 cscnt_q=0 pop_shim_q2=0 cdone_q=0 o_cswitch_done_val=0 o_cdone_val=0
[IFMAP DEMAND REQ] req=54 context=0 k=54 ch=54 ky=0 kx=0 start_abs_idx=432 first_word=54 last_word=54 req_word_addr=54 req_final_addr=54
[IFMAP DEMAND REQ] req=54 context=0 k=54 ch=54 ky=0 kx=0 start_abs_idx=432 first_word=54 last_word=54 req_word_addr=54 req_final_addr=54
[CTRL DEBUG] cycle=81965 state=5 start=0 incntlim=64 act_reps=1 wei_reps=1 ncontexts=1 context_cnt=0 act_cnt_en=1 wei_cnt_en=1 act_pop_en=0 wei_pop_en=0 psm_start=0 shift_done=0 done=0 cscnt_q=0 pop_shim_q2=0 cdone_q=0 o_cswitch_done_val=0 o_cdone_val=0
[CTRL DEBUG] cycle=81965 state=5 start=0 incntlim=64 act_reps=1 wei_reps=1 ncontexts=1 context_cnt=0 act_cnt_en=1 wei_cnt_en=1 act_pop_en=0 wei_pop_en=0 psm_start=0 shift_done=0 done=0 cscnt_q=0 pop_shim_q2=0 cdone_q=0 o_cswitch_done_val=0 o_cdone_val=0
[CTRL DEBUG] cycle=81965 state=5 start=0 incntlim=64 act_reps=1 wei_reps=1 ncontexts=1 context_cnt=0 act_cnt_en=1 wei_cnt_en=1 act_pop_en=0 wei_pop_en=0 psm_start=0 shift_done=0 done=0 cscnt_q=0 pop_shim_q2=0 cdone_q=0 o_cswitch_done_val=0 o_cdone_val=0
[CTRL DEBUG] cycle=81965 state=5 start=0 incntlim=64 act_reps=1 wei_reps=1 ncontexts=1 context_cnt=0 act_cnt_en=1 wei_cnt_en=1 act_pop_en=0 wei_pop_en=0 psm_start=0 shift_done=0 done=0 cscnt_q=0 pop_shim_q2=0 cdone_q=0 o_cswitch_done_val=0 o_cdone_val=0
[CTRL DEBUG] cycle=81966 state=5 start=0 incntlim=64 act_reps=1 wei_reps=1 ncontexts=1 context_cnt=0 act_cnt_en=1 wei_cnt_en=1 act_pop_en=0 wei_pop_en=0 psm_start=0 shift_done=0 done=0 cscnt_q=0 pop_shim_q2=0 cdone_q=0 o_cswitch_done_val=0 o_cdone_val=0
[CTRL DEBUG] cycle=81966 state=5 start=0 incntlim=64 act_reps=1 wei_reps=1 ncontexts=1 context_cnt=0 act_cnt_en=1 wei_cnt_en=1 act_pop_en=0 wei_pop_en=0 psm_start=0 shift_done=0 done=0 cscnt_q=0 pop_shim_q2=0 cdone_q=0 o_cswitch_done_val=0 o_cdone_val=0
[CTRL DEBUG] cycle=81966 state=5 start=0 incntlim=64 act_reps=1 wei_reps=1 ncontexts=1 context_cnt=0 act_cnt_en=1 wei_cnt_en=1 act_pop_en=0 wei_pop_en=0 psm_start=0 shift_done=0 done=0 cscnt_q=0 pop_shim_q2=0 cdone_q=0 o_cswitch_done_val=0 o_cdone_val=0
[CTRL DEBUG] cycle=81966 state=5 start=0 incntlim=64 act_reps=1 wei_reps=1 ncontexts=1 context_cnt=0 act_cnt_en=1 wei_cnt_en=1 act_pop_en=0 wei_pop_en=0 psm_start=0 shift_done=0 done=0 cscnt_q=0 pop_shim_q2=0 cdone_q=0 o_cswitch_done_val=0 o_cdone_val=0
[CTRL DEBUG] cycle=81966 state=5 start=0 incntlim=64 act_reps=1 wei_reps=1 ncontexts=1 context_cnt=0 act_cnt_en=1 wei_cnt_en=1 act_pop_en=0 wei_pop_en=0 psm_start=0 shift_done=0 done=0 cscnt_q=0 pop_shim_q2=0 cdone_q=0 o_cswitch_done_val=0 o_cdone_val=0
[CTRL DEBUG] cycle=81966 state=5 start=0 incntlim=64 act_reps=1 wei_reps=1 ncontexts=1 context_cnt=0 act_cnt_en=1 wei_cnt_en=1 act_pop_en=0 wei_pop_en=0 psm_start=0 shift_done=0 done=0 cscnt_q=0 pop_shim_q2=0 cdone_q=0 o_cswitch_done_val=0 o_cdone_val=0
[CTRL DEBUG] cycle=81967 state=5 start=0 incntlim=64 act_reps=1 wei_reps=1 ncontexts=1 context_cnt=0 act_cnt_en=1 wei_cnt_en=1 act_pop_en=0 wei_pop_en=0 psm_start=0 shift_done=0 done=0 cscnt_q=0 pop_shim_q2=0 cdone_q=0 o_cswitch_done_val=0 o_cdone_val=0
[CTRL DEBUG] cycle=81967 state=5 start=0 incntlim=64 act_reps=1 wei_reps=1 ncontexts=1 context_cnt=0 act_cnt_en=1 wei_cnt_en=1 act_pop_en=0 wei_pop_en=0 psm_start=0 shift_done=0 done=0 cscnt_q=0 pop_shim_q2=0 cdone_q=0 o_cswitch_done_val=0 o_cdone_val=0
[IFMAP DEMAND REQ] req=55 context=0 k=55 ch=55 ky=0 kx=0 start_abs_idx=440 first_word=55 last_word=55 req_word_addr=55 req_final_addr=55
[IFMAP DEMAND REQ] req=55 context=0 k=55 ch=55 ky=0 kx=0 start_abs_idx=440 first_word=55 last_word=55 req_word_addr=55 req_final_addr=55
[CTRL DEBUG] cycle=81967 state=5 start=0 incntlim=64 act_reps=1 wei_reps=1 ncontexts=1 context_cnt=0 act_cnt_en=1 wei_cnt_en=1 act_pop_en=0 wei_pop_en=0 psm_start=0 shift_done=0 done=0 cscnt_q=0 pop_shim_q2=0 cdone_q=0 o_cswitch_done_val=0 o_cdone_val=0
[CTRL DEBUG] cycle=81967 state=5 start=0 incntlim=64 act_reps=1 wei_reps=1 ncontexts=1 context_cnt=0 act_cnt_en=1 wei_cnt_en=1 act_pop_en=0 wei_pop_en=0 psm_start=0 shift_done=0 done=0 cscnt_q=0 pop_shim_q2=0 cdone_q=0 o_cswitch_done_val=0 o_cdone_val=0
[CTRL DEBUG] cycle=81967 state=5 start=0 incntlim=64 act_reps=1 wei_reps=1 ncontexts=1 context_cnt=0 act_cnt_en=1 wei_cnt_en=1 act_pop_en=0 wei_pop_en=0 psm_start=0 shift_done=0 done=0 cscnt_q=0 pop_shim_q2=0 cdone_q=0 o_cswitch_done_val=0 o_cdone_val=0
[CTRL DEBUG] cycle=81967 state=5 start=0 incntlim=64 act_reps=1 wei_reps=1 ncontexts=1 context_cnt=0 act_cnt_en=1 wei_cnt_en=1 act_pop_en=0 wei_pop_en=0 psm_start=0 shift_done=0 done=0 cscnt_q=0 pop_shim_q2=0 cdone_q=0 o_cswitch_done_val=0 o_cdone_val=0
[CTRL DEBUG] cycle=81968 state=5 start=0 incntlim=64 act_reps=1 wei_reps=1 ncontexts=1 context_cnt=0 act_cnt_en=1 wei_cnt_en=1 act_pop_en=0 wei_pop_en=0 psm_start=0 shift_done=0 done=0 cscnt_q=0 pop_shim_q2=0 cdone_q=0 o_cswitch_done_val=0 o_cdone_val=0
[CTRL DEBUG] cycle=81968 state=5 start=0 incntlim=64 act_reps=1 wei_reps=1 ncontexts=1 context_cnt=0 act_cnt_en=1 wei_cnt_en=1 act_pop_en=0 wei_pop_en=0 psm_start=0 shift_done=0 done=0 cscnt_q=0 pop_shim_q2=0 cdone_q=0 o_cswitch_done_val=0 o_cdone_val=0
[CTRL DEBUG] cycle=81968 state=5 start=0 incntlim=64 act_reps=1 wei_reps=1 ncontexts=1 context_cnt=0 act_cnt_en=1 wei_cnt_en=1 act_pop_en=0 wei_pop_en=0 psm_start=0 shift_done=0 done=0 cscnt_q=0 pop_shim_q2=0 cdone_q=0 o_cswitch_done_val=0 o_cdone_val=0
[CTRL DEBUG] cycle=81968 state=5 start=0 incntlim=64 act_reps=1 wei_reps=1 ncontexts=1 context_cnt=0 act_cnt_en=1 wei_cnt_en=1 act_pop_en=0 wei_pop_en=0 psm_start=0 shift_done=0 done=0 cscnt_q=0 pop_shim_q2=0 cdone_q=0 o_cswitch_done_val=0 o_cdone_val=0
[CTRL DEBUG] cycle=81968 state=5 start=0 incntlim=64 act_reps=1 wei_reps=1 ncontexts=1 context_cnt=0 act_cnt_en=1 wei_cnt_en=1 act_pop_en=0 wei_pop_en=0 psm_start=0 shift_done=0 done=0 cscnt_q=0 pop_shim_q2=0 cdone_q=0 o_cswitch_done_val=0 o_cdone_val=0
[CTRL DEBUG] cycle=81968 state=5 start=0 incntlim=64 act_reps=1 wei_reps=1 ncontexts=1 context_cnt=0 act_cnt_en=1 wei_cnt_en=1 act_pop_en=0 wei_pop_en=0 psm_start=0 shift_done=0 done=0 cscnt_q=0 pop_shim_q2=0 cdone_q=0 o_cswitch_done_val=0 o_cdone_val=0
[CTRL DEBUG] cycle=81969 state=5 start=0 incntlim=64 act_reps=1 wei_reps=1 ncontexts=1 context_cnt=0 act_cnt_en=1 wei_cnt_en=1 act_pop_en=0 wei_pop_en=0 psm_start=0 shift_done=0 done=0 cscnt_q=0 pop_shim_q2=0 cdone_q=0 o_cswitch_done_val=0 o_cdone_val=0
[CTRL DEBUG] cycle=81969 state=5 start=0 incntlim=64 act_reps=1 wei_reps=1 ncontexts=1 context_cnt=0 act_cnt_en=1 wei_cnt_en=1 act_pop_en=0 wei_pop_en=0 psm_start=0 shift_done=0 done=0 cscnt_q=0 pop_shim_q2=0 cdone_q=0 o_cswitch_done_val=0 o_cdone_val=0
[IFMAP DEMAND REQ] req=56 context=0 k=56 ch=56 ky=0 kx=0 start_abs_idx=448 first_word=56 last_word=56 req_word_addr=56 req_final_addr=56
[IFMAP DEMAND REQ] req=56 context=0 k=56 ch=56 ky=0 kx=0 start_abs_idx=448 first_word=56 last_word=56 req_word_addr=56 req_final_addr=56
[CTRL DEBUG] cycle=81969 state=5 start=0 incntlim=64 act_reps=1 wei_reps=1 ncontexts=1 context_cnt=0 act_cnt_en=1 wei_cnt_en=1 act_pop_en=0 wei_pop_en=0 psm_start=0 shift_done=0 done=0 cscnt_q=0 pop_shim_q2=0 cdone_q=0 o_cswitch_done_val=0 o_cdone_val=0
[CTRL DEBUG] cycle=81969 state=5 start=0 incntlim=64 act_reps=1 wei_reps=1 ncontexts=1 context_cnt=0 act_cnt_en=1 wei_cnt_en=1 act_pop_en=0 wei_pop_en=0 psm_start=0 shift_done=0 done=0 cscnt_q=0 pop_shim_q2=0 cdone_q=0 o_cswitch_done_val=0 o_cdone_val=0
[CTRL DEBUG] cycle=81969 state=5 start=0 incntlim=64 act_reps=1 wei_reps=1 ncontexts=1 context_cnt=0 act_cnt_en=1 wei_cnt_en=1 act_pop_en=0 wei_pop_en=0 psm_start=0 shift_done=0 done=0 cscnt_q=0 pop_shim_q2=0 cdone_q=0 o_cswitch_done_val=0 o_cdone_val=0
[CTRL DEBUG] cycle=81969 state=5 start=0 incntlim=64 act_reps=1 wei_reps=1 ncontexts=1 context_cnt=0 act_cnt_en=1 wei_cnt_en=1 act_pop_en=0 wei_pop_en=0 psm_start=0 shift_done=0 done=0 cscnt_q=0 pop_shim_q2=0 cdone_q=0 o_cswitch_done_val=0 o_cdone_val=0
[CTRL DEBUG] cycle=81970 state=5 start=0 incntlim=64 act_reps=1 wei_reps=1 ncontexts=1 context_cnt=0 act_cnt_en=1 wei_cnt_en=1 act_pop_en=0 wei_pop_en=0 psm_start=0 shift_done=0 done=0 cscnt_q=0 pop_shim_q2=0 cdone_q=0 o_cswitch_done_val=0 o_cdone_val=0
[CTRL DEBUG] cycle=81970 state=5 start=0 incntlim=64 act_reps=1 wei_reps=1 ncontexts=1 context_cnt=0 act_cnt_en=1 wei_cnt_en=1 act_pop_en=0 wei_pop_en=0 psm_start=0 shift_done=0 done=0 cscnt_q=0 pop_shim_q2=0 cdone_q=0 o_cswitch_done_val=0 o_cdone_val=0
[CTRL DEBUG] cycle=81970 state=5 start=0 incntlim=64 act_reps=1 wei_reps=1 ncontexts=1 context_cnt=0 act_cnt_en=1 wei_cnt_en=1 act_pop_en=0 wei_pop_en=0 psm_start=0 shift_done=0 done=0 cscnt_q=0 pop_shim_q2=0 cdone_q=0 o_cswitch_done_val=0 o_cdone_val=0
[CTRL DEBUG] cycle=81970 state=5 start=0 incntlim=64 act_reps=1 wei_reps=1 ncontexts=1 context_cnt=0 act_cnt_en=1 wei_cnt_en=1 act_pop_en=0 wei_pop_en=0 psm_start=0 shift_done=0 done=0 cscnt_q=0 pop_shim_q2=0 cdone_q=0 o_cswitch_done_val=0 o_cdone_val=0
[CTRL DEBUG] cycle=81970 state=5 start=0 incntlim=64 act_reps=1 wei_reps=1 ncontexts=1 context_cnt=0 act_cnt_en=1 wei_cnt_en=1 act_pop_en=0 wei_pop_en=0 psm_start=0 shift_done=0 done=0 cscnt_q=0 pop_shim_q2=0 cdone_q=0 o_cswitch_done_val=0 o_cdone_val=0
[CTRL DEBUG] cycle=81970 state=5 start=0 incntlim=64 act_reps=1 wei_reps=1 ncontexts=1 context_cnt=0 act_cnt_en=1 wei_cnt_en=1 act_pop_en=0 wei_pop_en=0 psm_start=0 shift_done=0 done=0 cscnt_q=0 pop_shim_q2=0 cdone_q=0 o_cswitch_done_val=0 o_cdone_val=0
[CTRL DEBUG] cycle=81971 state=5 start=0 incntlim=64 act_reps=1 wei_reps=1 ncontexts=1 context_cnt=0 act_cnt_en=1 wei_cnt_en=1 act_pop_en=0 wei_pop_en=0 psm_start=0 shift_done=0 done=0 cscnt_q=0 pop_shim_q2=0 cdone_q=0 o_cswitch_done_val=0 o_cdone_val=0
[CTRL DEBUG] cycle=81971 state=5 start=0 incntlim=64 act_reps=1 wei_reps=1 ncontexts=1 context_cnt=0 act_cnt_en=1 wei_cnt_en=1 act_pop_en=0 wei_pop_en=0 psm_start=0 shift_done=0 done=0 cscnt_q=0 pop_shim_q2=0 cdone_q=0 o_cswitch_done_val=0 o_cdone_val=0
[IFMAP DEMAND REQ] req=57 context=0 k=57 ch=57 ky=0 kx=0 start_abs_idx=456 first_word=57 last_word=57 req_word_addr=57 req_final_addr=57
[IFMAP DEMAND REQ] req=57 context=0 k=57 ch=57 ky=0 kx=0 start_abs_idx=456 first_word=57 last_word=57 req_word_addr=57 req_final_addr=57
[CTRL DEBUG] cycle=81971 state=5 start=0 incntlim=64 act_reps=1 wei_reps=1 ncontexts=1 context_cnt=0 act_cnt_en=1 wei_cnt_en=1 act_pop_en=0 wei_pop_en=0 psm_start=0 shift_done=0 done=0 cscnt_q=0 pop_shim_q2=0 cdone_q=0 o_cswitch_done_val=0 o_cdone_val=0
[CTRL DEBUG] cycle=81971 state=5 start=0 incntlim=64 act_reps=1 wei_reps=1 ncontexts=1 context_cnt=0 act_cnt_en=1 wei_cnt_en=1 act_pop_en=0 wei_pop_en=0 psm_start=0 shift_done=0 done=0 cscnt_q=0 pop_shim_q2=0 cdone_q=0 o_cswitch_done_val=0 o_cdone_val=0
[CTRL DEBUG] cycle=81971 state=5 start=0 incntlim=64 act_reps=1 wei_reps=1 ncontexts=1 context_cnt=0 act_cnt_en=1 wei_cnt_en=1 act_pop_en=0 wei_pop_en=0 psm_start=0 shift_done=0 done=0 cscnt_q=0 pop_shim_q2=0 cdone_q=0 o_cswitch_done_val=0 o_cdone_val=0
[CTRL DEBUG] cycle=81971 state=5 start=0 incntlim=64 act_reps=1 wei_reps=1 ncontexts=1 context_cnt=0 act_cnt_en=1 wei_cnt_en=1 act_pop_en=0 wei_pop_en=0 psm_start=0 shift_done=0 done=0 cscnt_q=0 pop_shim_q2=0 cdone_q=0 o_cswitch_done_val=0 o_cdone_val=0
[CTRL DEBUG] cycle=81972 state=5 start=0 incntlim=64 act_reps=1 wei_reps=1 ncontexts=1 context_cnt=0 act_cnt_en=1 wei_cnt_en=1 act_pop_en=0 wei_pop_en=0 psm_start=0 shift_done=0 done=0 cscnt_q=0 pop_shim_q2=0 cdone_q=0 o_cswitch_done_val=0 o_cdone_val=0
[CTRL DEBUG] cycle=81972 state=5 start=0 incntlim=64 act_reps=1 wei_reps=1 ncontexts=1 context_cnt=0 act_cnt_en=1 wei_cnt_en=1 act_pop_en=0 wei_pop_en=0 psm_start=0 shift_done=0 done=0 cscnt_q=0 pop_shim_q2=0 cdone_q=0 o_cswitch_done_val=0 o_cdone_val=0
[CTRL DEBUG] cycle=81972 state=5 start=0 incntlim=64 act_reps=1 wei_reps=1 ncontexts=1 context_cnt=0 act_cnt_en=1 wei_cnt_en=1 act_pop_en=0 wei_pop_en=0 psm_start=0 shift_done=0 done=0 cscnt_q=0 pop_shim_q2=0 cdone_q=0 o_cswitch_done_val=0 o_cdone_val=0
[CTRL DEBUG] cycle=81972 state=5 start=0 incntlim=64 act_reps=1 wei_reps=1 ncontexts=1 context_cnt=0 act_cnt_en=1 wei_cnt_en=1 act_pop_en=0 wei_pop_en=0 psm_start=0 shift_done=0 done=0 cscnt_q=0 pop_shim_q2=0 cdone_q=0 o_cswitch_done_val=0 o_cdone_val=0
[CTRL DEBUG] cycle=81972 state=5 start=0 incntlim=64 act_reps=1 wei_reps=1 ncontexts=1 context_cnt=0 act_cnt_en=1 wei_cnt_en=1 act_pop_en=0 wei_pop_en=0 psm_start=0 shift_done=0 done=0 cscnt_q=0 pop_shim_q2=0 cdone_q=0 o_cswitch_done_val=0 o_cdone_val=0
[CTRL DEBUG] cycle=81972 state=5 start=0 incntlim=64 act_reps=1 wei_reps=1 ncontexts=1 context_cnt=0 act_cnt_en=1 wei_cnt_en=1 act_pop_en=0 wei_pop_en=0 psm_start=0 shift_done=0 done=0 cscnt_q=0 pop_shim_q2=0 cdone_q=0 o_cswitch_done_val=0 o_cdone_val=0
[CTRL DEBUG] cycle=81973 state=5 start=0 incntlim=64 act_reps=1 wei_reps=1 ncontexts=1 context_cnt=0 act_cnt_en=1 wei_cnt_en=1 act_pop_en=0 wei_pop_en=0 psm_start=0 shift_done=0 done=0 cscnt_q=0 pop_shim_q2=0 cdone_q=0 o_cswitch_done_val=0 o_cdone_val=0
[CTRL DEBUG] cycle=81973 state=5 start=0 incntlim=64 act_reps=1 wei_reps=1 ncontexts=1 context_cnt=0 act_cnt_en=1 wei_cnt_en=1 act_pop_en=0 wei_pop_en=0 psm_start=0 shift_done=0 done=0 cscnt_q=0 pop_shim_q2=0 cdone_q=0 o_cswitch_done_val=0 o_cdone_val=0
[IFMAP DEMAND REQ] req=58 context=0 k=58 ch=58 ky=0 kx=0 start_abs_idx=464 first_word=58 last_word=58 req_word_addr=58 req_final_addr=58
[IFMAP DEMAND REQ] req=58 context=0 k=58 ch=58 ky=0 kx=0 start_abs_idx=464 first_word=58 last_word=58 req_word_addr=58 req_final_addr=58
[CTRL DEBUG] cycle=81973 state=5 start=0 incntlim=64 act_reps=1 wei_reps=1 ncontexts=1 context_cnt=0 act_cnt_en=1 wei_cnt_en=1 act_pop_en=0 wei_pop_en=0 psm_start=0 shift_done=0 done=0 cscnt_q=0 pop_shim_q2=0 cdone_q=0 o_cswitch_done_val=0 o_cdone_val=0
[CTRL DEBUG] cycle=81973 state=5 start=0 incntlim=64 act_reps=1 wei_reps=1 ncontexts=1 context_cnt=0 act_cnt_en=1 wei_cnt_en=1 act_pop_en=0 wei_pop_en=0 psm_start=0 shift_done=0 done=0 cscnt_q=0 pop_shim_q2=0 cdone_q=0 o_cswitch_done_val=0 o_cdone_val=0
[CTRL DEBUG] cycle=81973 state=5 start=0 incntlim=64 act_reps=1 wei_reps=1 ncontexts=1 context_cnt=0 act_cnt_en=1 wei_cnt_en=1 act_pop_en=0 wei_pop_en=0 psm_start=0 shift_done=0 done=0 cscnt_q=0 pop_shim_q2=0 cdone_q=0 o_cswitch_done_val=0 o_cdone_val=0
[CTRL DEBUG] cycle=81973 state=5 start=0 incntlim=64 act_reps=1 wei_reps=1 ncontexts=1 context_cnt=0 act_cnt_en=1 wei_cnt_en=1 act_pop_en=0 wei_pop_en=0 psm_start=0 shift_done=0 done=0 cscnt_q=0 pop_shim_q2=0 cdone_q=0 o_cswitch_done_val=0 o_cdone_val=0
[CTRL DEBUG] cycle=81974 state=5 start=0 incntlim=64 act_reps=1 wei_reps=1 ncontexts=1 context_cnt=0 act_cnt_en=1 wei_cnt_en=1 act_pop_en=0 wei_pop_en=0 psm_start=0 shift_done=0 done=0 cscnt_q=0 pop_shim_q2=0 cdone_q=0 o_cswitch_done_val=0 o_cdone_val=0
[CTRL DEBUG] cycle=81974 state=5 start=0 incntlim=64 act_reps=1 wei_reps=1 ncontexts=1 context_cnt=0 act_cnt_en=1 wei_cnt_en=1 act_pop_en=0 wei_pop_en=0 psm_start=0 shift_done=0 done=0 cscnt_q=0 pop_shim_q2=0 cdone_q=0 o_cswitch_done_val=0 o_cdone_val=0
[CTRL DEBUG] cycle=81974 state=5 start=0 incntlim=64 act_reps=1 wei_reps=1 ncontexts=1 context_cnt=0 act_cnt_en=1 wei_cnt_en=1 act_pop_en=0 wei_pop_en=0 psm_start=0 shift_done=0 done=0 cscnt_q=0 pop_shim_q2=0 cdone_q=0 o_cswitch_done_val=0 o_cdone_val=0
[CTRL DEBUG] cycle=81974 state=5 start=0 incntlim=64 act_reps=1 wei_reps=1 ncontexts=1 context_cnt=0 act_cnt_en=1 wei_cnt_en=1 act_pop_en=0 wei_pop_en=0 psm_start=0 shift_done=0 done=0 cscnt_q=0 pop_shim_q2=0 cdone_q=0 o_cswitch_done_val=0 o_cdone_val=0
[CTRL DEBUG] cycle=81974 state=5 start=0 incntlim=64 act_reps=1 wei_reps=1 ncontexts=1 context_cnt=0 act_cnt_en=1 wei_cnt_en=1 act_pop_en=0 wei_pop_en=0 psm_start=0 shift_done=0 done=0 cscnt_q=0 pop_shim_q2=0 cdone_q=0 o_cswitch_done_val=0 o_cdone_val=0
[CTRL DEBUG] cycle=81974 state=5 start=0 incntlim=64 act_reps=1 wei_reps=1 ncontexts=1 context_cnt=0 act_cnt_en=1 wei_cnt_en=1 act_pop_en=0 wei_pop_en=0 psm_start=0 shift_done=0 done=0 cscnt_q=0 pop_shim_q2=0 cdone_q=0 o_cswitch_done_val=0 o_cdone_val=0
[CTRL DEBUG] cycle=81975 state=5 start=0 incntlim=64 act_reps=1 wei_reps=1 ncontexts=1 context_cnt=0 act_cnt_en=1 wei_cnt_en=1 act_pop_en=0 wei_pop_en=0 psm_start=0 shift_done=0 done=0 cscnt_q=0 pop_shim_q2=0 cdone_q=0 o_cswitch_done_val=0 o_cdone_val=0
[CTRL DEBUG] cycle=81975 state=5 start=0 incntlim=64 act_reps=1 wei_reps=1 ncontexts=1 context_cnt=0 act_cnt_en=1 wei_cnt_en=1 act_pop_en=0 wei_pop_en=0 psm_start=0 shift_done=0 done=0 cscnt_q=0 pop_shim_q2=0 cdone_q=0 o_cswitch_done_val=0 o_cdone_val=0
[IFMAP DEMAND REQ] req=59 context=0 k=59 ch=59 ky=0 kx=0 start_abs_idx=472 first_word=59 last_word=59 req_word_addr=59 req_final_addr=59
[IFMAP DEMAND REQ] req=59 context=0 k=59 ch=59 ky=0 kx=0 start_abs_idx=472 first_word=59 last_word=59 req_word_addr=59 req_final_addr=59
[CTRL DEBUG] cycle=81975 state=5 start=0 incntlim=64 act_reps=1 wei_reps=1 ncontexts=1 context_cnt=0 act_cnt_en=1 wei_cnt_en=1 act_pop_en=0 wei_pop_en=0 psm_start=0 shift_done=0 done=0 cscnt_q=0 pop_shim_q2=0 cdone_q=0 o_cswitch_done_val=0 o_cdone_val=0
[CTRL DEBUG] cycle=81975 state=5 start=0 incntlim=64 act_reps=1 wei_reps=1 ncontexts=1 context_cnt=0 act_cnt_en=1 wei_cnt_en=1 act_pop_en=0 wei_pop_en=0 psm_start=0 shift_done=0 done=0 cscnt_q=0 pop_shim_q2=0 cdone_q=0 o_cswitch_done_val=0 o_cdone_val=0
[CTRL DEBUG] cycle=81975 state=5 start=0 incntlim=64 act_reps=1 wei_reps=1 ncontexts=1 context_cnt=0 act_cnt_en=1 wei_cnt_en=1 act_pop_en=0 wei_pop_en=0 psm_start=0 shift_done=0 done=0 cscnt_q=0 pop_shim_q2=0 cdone_q=0 o_cswitch_done_val=0 o_cdone_val=0
[CTRL DEBUG] cycle=81975 state=5 start=0 incntlim=64 act_reps=1 wei_reps=1 ncontexts=1 context_cnt=0 act_cnt_en=1 wei_cnt_en=1 act_pop_en=0 wei_pop_en=0 psm_start=0 shift_done=0 done=0 cscnt_q=0 pop_shim_q2=0 cdone_q=0 o_cswitch_done_val=0 o_cdone_val=0
[CTRL DEBUG] cycle=81976 state=5 start=0 incntlim=64 act_reps=1 wei_reps=1 ncontexts=1 context_cnt=0 act_cnt_en=1 wei_cnt_en=1 act_pop_en=0 wei_pop_en=0 psm_start=0 shift_done=0 done=0 cscnt_q=0 pop_shim_q2=0 cdone_q=0 o_cswitch_done_val=0 o_cdone_val=0
[CTRL DEBUG] cycle=81976 state=5 start=0 incntlim=64 act_reps=1 wei_reps=1 ncontexts=1 context_cnt=0 act_cnt_en=1 wei_cnt_en=1 act_pop_en=0 wei_pop_en=0 psm_start=0 shift_done=0 done=0 cscnt_q=0 pop_shim_q2=0 cdone_q=0 o_cswitch_done_val=0 o_cdone_val=0
[CTRL DEBUG] cycle=81976 state=5 start=0 incntlim=64 act_reps=1 wei_reps=1 ncontexts=1 context_cnt=0 act_cnt_en=1 wei_cnt_en=1 act_pop_en=0 wei_pop_en=0 psm_start=0 shift_done=0 done=0 cscnt_q=0 pop_shim_q2=0 cdone_q=0 o_cswitch_done_val=0 o_cdone_val=0
[CTRL DEBUG] cycle=81976 state=5 start=0 incntlim=64 act_reps=1 wei_reps=1 ncontexts=1 context_cnt=0 act_cnt_en=1 wei_cnt_en=1 act_pop_en=0 wei_pop_en=0 psm_start=0 shift_done=0 done=0 cscnt_q=0 pop_shim_q2=0 cdone_q=0 o_cswitch_done_val=0 o_cdone_val=0
[CTRL DEBUG] cycle=81976 state=5 start=0 incntlim=64 act_reps=1 wei_reps=1 ncontexts=1 context_cnt=0 act_cnt_en=1 wei_cnt_en=1 act_pop_en=0 wei_pop_en=0 psm_start=0 shift_done=0 done=0 cscnt_q=0 pop_shim_q2=0 cdone_q=0 o_cswitch_done_val=0 o_cdone_val=0
[CTRL DEBUG] cycle=81976 state=5 start=0 incntlim=64 act_reps=1 wei_reps=1 ncontexts=1 context_cnt=0 act_cnt_en=1 wei_cnt_en=1 act_pop_en=0 wei_pop_en=0 psm_start=0 shift_done=0 done=0 cscnt_q=0 pop_shim_q2=0 cdone_q=0 o_cswitch_done_val=0 o_cdone_val=0
[CTRL DEBUG] cycle=81977 state=5 start=0 incntlim=64 act_reps=1 wei_reps=1 ncontexts=1 context_cnt=0 act_cnt_en=1 wei_cnt_en=1 act_pop_en=0 wei_pop_en=0 psm_start=0 shift_done=0 done=0 cscnt_q=0 pop_shim_q2=0 cdone_q=0 o_cswitch_done_val=0 o_cdone_val=0
[CTRL DEBUG] cycle=81977 state=5 start=0 incntlim=64 act_reps=1 wei_reps=1 ncontexts=1 context_cnt=0 act_cnt_en=1 wei_cnt_en=1 act_pop_en=0 wei_pop_en=0 psm_start=0 shift_done=0 done=0 cscnt_q=0 pop_shim_q2=0 cdone_q=0 o_cswitch_done_val=0 o_cdone_val=0
[IFMAP DEMAND REQ] req=60 context=0 k=60 ch=60 ky=0 kx=0 start_abs_idx=480 first_word=60 last_word=60 req_word_addr=60 req_final_addr=60
[IFMAP DEMAND REQ] req=60 context=0 k=60 ch=60 ky=0 kx=0 start_abs_idx=480 first_word=60 last_word=60 req_word_addr=60 req_final_addr=60
[CTRL DEBUG] cycle=81977 state=5 start=0 incntlim=64 act_reps=1 wei_reps=1 ncontexts=1 context_cnt=0 act_cnt_en=1 wei_cnt_en=1 act_pop_en=0 wei_pop_en=0 psm_start=0 shift_done=0 done=0 cscnt_q=0 pop_shim_q2=0 cdone_q=0 o_cswitch_done_val=0 o_cdone_val=0
[CTRL DEBUG] cycle=81977 state=5 start=0 incntlim=64 act_reps=1 wei_reps=1 ncontexts=1 context_cnt=0 act_cnt_en=1 wei_cnt_en=1 act_pop_en=0 wei_pop_en=0 psm_start=0 shift_done=0 done=0 cscnt_q=0 pop_shim_q2=0 cdone_q=0 o_cswitch_done_val=0 o_cdone_val=0
[CTRL DEBUG] cycle=81977 state=5 start=0 incntlim=64 act_reps=1 wei_reps=1 ncontexts=1 context_cnt=0 act_cnt_en=1 wei_cnt_en=1 act_pop_en=0 wei_pop_en=0 psm_start=0 shift_done=0 done=0 cscnt_q=0 pop_shim_q2=0 cdone_q=0 o_cswitch_done_val=0 o_cdone_val=0
[CTRL DEBUG] cycle=81977 state=5 start=0 incntlim=64 act_reps=1 wei_reps=1 ncontexts=1 context_cnt=0 act_cnt_en=1 wei_cnt_en=1 act_pop_en=0 wei_pop_en=0 psm_start=0 shift_done=0 done=0 cscnt_q=0 pop_shim_q2=0 cdone_q=0 o_cswitch_done_val=0 o_cdone_val=0
[CTRL DEBUG] cycle=81978 state=5 start=0 incntlim=64 act_reps=1 wei_reps=1 ncontexts=1 context_cnt=0 act_cnt_en=1 wei_cnt_en=1 act_pop_en=0 wei_pop_en=0 psm_start=0 shift_done=0 done=0 cscnt_q=0 pop_shim_q2=0 cdone_q=0 o_cswitch_done_val=0 o_cdone_val=0
[CTRL DEBUG] cycle=81978 state=5 start=0 incntlim=64 act_reps=1 wei_reps=1 ncontexts=1 context_cnt=0 act_cnt_en=1 wei_cnt_en=1 act_pop_en=0 wei_pop_en=0 psm_start=0 shift_done=0 done=0 cscnt_q=0 pop_shim_q2=0 cdone_q=0 o_cswitch_done_val=0 o_cdone_val=0
[CTRL DEBUG] cycle=81978 state=5 start=0 incntlim=64 act_reps=1 wei_reps=1 ncontexts=1 context_cnt=0 act_cnt_en=1 wei_cnt_en=1 act_pop_en=0 wei_pop_en=0 psm_start=0 shift_done=0 done=0 cscnt_q=0 pop_shim_q2=0 cdone_q=0 o_cswitch_done_val=0 o_cdone_val=0
[CTRL DEBUG] cycle=81978 state=5 start=0 incntlim=64 act_reps=1 wei_reps=1 ncontexts=1 context_cnt=0 act_cnt_en=1 wei_cnt_en=1 act_pop_en=0 wei_pop_en=0 psm_start=0 shift_done=0 done=0 cscnt_q=0 pop_shim_q2=0 cdone_q=0 o_cswitch_done_val=0 o_cdone_val=0
[CTRL DEBUG] cycle=81978 state=5 start=0 incntlim=64 act_reps=1 wei_reps=1 ncontexts=1 context_cnt=0 act_cnt_en=1 wei_cnt_en=1 act_pop_en=0 wei_pop_en=0 psm_start=0 shift_done=0 done=0 cscnt_q=0 pop_shim_q2=0 cdone_q=0 o_cswitch_done_val=0 o_cdone_val=0
[CTRL DEBUG] cycle=81978 state=5 start=0 incntlim=64 act_reps=1 wei_reps=1 ncontexts=1 context_cnt=0 act_cnt_en=1 wei_cnt_en=1 act_pop_en=0 wei_pop_en=0 psm_start=0 shift_done=0 done=0 cscnt_q=0 pop_shim_q2=0 cdone_q=0 o_cswitch_done_val=0 o_cdone_val=0
[CTRL DEBUG] cycle=81979 state=5 start=0 incntlim=64 act_reps=1 wei_reps=1 ncontexts=1 context_cnt=0 act_cnt_en=1 wei_cnt_en=1 act_pop_en=0 wei_pop_en=0 psm_start=0 shift_done=0 done=0 cscnt_q=0 pop_shim_q2=0 cdone_q=0 o_cswitch_done_val=0 o_cdone_val=0
[CTRL DEBUG] cycle=81979 state=5 start=0 incntlim=64 act_reps=1 wei_reps=1 ncontexts=1 context_cnt=0 act_cnt_en=1 wei_cnt_en=1 act_pop_en=0 wei_pop_en=0 psm_start=0 shift_done=0 done=0 cscnt_q=0 pop_shim_q2=0 cdone_q=0 o_cswitch_done_val=0 o_cdone_val=0
[IFMAP FEED VEC] context=0 k=60 ch=60 ky=0 kx=0 start_abs_idx=480 first_word=60 last_word=60 feed_vec=[1, 0, 1, -1, 0, 1, -1, 0]
[IFMAP DEMAND REQ] req=61 context=0 k=61 ch=61 ky=0 kx=0 start_abs_idx=488 first_word=61 last_word=61 req_word_addr=61 req_final_addr=61
[IFMAP FEED VEC] context=0 k=60 ch=60 ky=0 kx=0 start_abs_idx=480 first_word=60 last_word=60 feed_vec=[1, 0, 1, -1, 0, 1, -1, 0]
[IFMAP DEMAND REQ] req=61 context=0 k=61 ch=61 ky=0 kx=0 start_abs_idx=488 first_word=61 last_word=61 req_word_addr=61 req_final_addr=61
[CTRL DEBUG] cycle=81979 state=5 start=0 incntlim=64 act_reps=1 wei_reps=1 ncontexts=1 context_cnt=0 act_cnt_en=1 wei_cnt_en=1 act_pop_en=0 wei_pop_en=0 psm_start=0 shift_done=0 done=0 cscnt_q=0 pop_shim_q2=0 cdone_q=0 o_cswitch_done_val=0 o_cdone_val=0
[CTRL DEBUG] cycle=81979 state=5 start=0 incntlim=64 act_reps=1 wei_reps=1 ncontexts=1 context_cnt=0 act_cnt_en=1 wei_cnt_en=1 act_pop_en=0 wei_pop_en=0 psm_start=0 shift_done=0 done=0 cscnt_q=0 pop_shim_q2=0 cdone_q=0 o_cswitch_done_val=0 o_cdone_val=0
[CTRL DEBUG] cycle=81979 state=5 start=0 incntlim=64 act_reps=1 wei_reps=1 ncontexts=1 context_cnt=0 act_cnt_en=1 wei_cnt_en=1 act_pop_en=0 wei_pop_en=0 psm_start=0 shift_done=0 done=0 cscnt_q=0 pop_shim_q2=0 cdone_q=0 o_cswitch_done_val=0 o_cdone_val=0
[CTRL DEBUG] cycle=81979 state=5 start=0 incntlim=64 act_reps=1 wei_reps=1 ncontexts=1 context_cnt=0 act_cnt_en=1 wei_cnt_en=1 act_pop_en=0 wei_pop_en=0 psm_start=0 shift_done=0 done=0 cscnt_q=0 pop_shim_q2=0 cdone_q=0 o_cswitch_done_val=0 o_cdone_val=0
[CTRL DEBUG] cycle=81980 state=5 start=0 incntlim=64 act_reps=1 wei_reps=1 ncontexts=1 context_cnt=0 act_cnt_en=1 wei_cnt_en=1 act_pop_en=0 wei_pop_en=0 psm_start=0 shift_done=0 done=0 cscnt_q=0 pop_shim_q2=0 cdone_q=0 o_cswitch_done_val=0 o_cdone_val=0
[CTRL DEBUG] cycle=81980 state=5 start=0 incntlim=64 act_reps=1 wei_reps=1 ncontexts=1 context_cnt=0 act_cnt_en=1 wei_cnt_en=1 act_pop_en=0 wei_pop_en=0 psm_start=0 shift_done=0 done=0 cscnt_q=0 pop_shim_q2=0 cdone_q=0 o_cswitch_done_val=0 o_cdone_val=0
[CTRL DEBUG] cycle=81980 state=5 start=0 incntlim=64 act_reps=1 wei_reps=1 ncontexts=1 context_cnt=0 act_cnt_en=1 wei_cnt_en=1 act_pop_en=0 wei_pop_en=0 psm_start=0 shift_done=0 done=0 cscnt_q=0 pop_shim_q2=0 cdone_q=0 o_cswitch_done_val=0 o_cdone_val=0
[CTRL DEBUG] cycle=81980 state=5 start=0 incntlim=64 act_reps=1 wei_reps=1 ncontexts=1 context_cnt=0 act_cnt_en=1 wei_cnt_en=1 act_pop_en=0 wei_pop_en=0 psm_start=0 shift_done=0 done=0 cscnt_q=0 pop_shim_q2=0 cdone_q=0 o_cswitch_done_val=0 o_cdone_val=0
[CTRL DEBUG] cycle=81980 state=5 start=0 incntlim=64 act_reps=1 wei_reps=1 ncontexts=1 context_cnt=0 act_cnt_en=1 wei_cnt_en=1 act_pop_en=0 wei_pop_en=0 psm_start=0 shift_done=0 done=0 cscnt_q=0 pop_shim_q2=0 cdone_q=0 o_cswitch_done_val=0 o_cdone_val=0
[CTRL DEBUG] cycle=81980 state=5 start=0 incntlim=64 act_reps=1 wei_reps=1 ncontexts=1 context_cnt=0 act_cnt_en=1 wei_cnt_en=1 act_pop_en=0 wei_pop_en=0 psm_start=0 shift_done=0 done=0 cscnt_q=0 pop_shim_q2=0 cdone_q=0 o_cswitch_done_val=0 o_cdone_val=0
[CTRL DEBUG] cycle=81981 state=5 start=0 incntlim=64 act_reps=1 wei_reps=1 ncontexts=1 context_cnt=0 act_cnt_en=1 wei_cnt_en=1 act_pop_en=0 wei_pop_en=0 psm_start=0 shift_done=0 done=0 cscnt_q=0 pop_shim_q2=0 cdone_q=0 o_cswitch_done_val=0 o_cdone_val=0
[CTRL DEBUG] cycle=81981 state=5 start=0 incntlim=64 act_reps=1 wei_reps=1 ncontexts=1 context_cnt=0 act_cnt_en=1 wei_cnt_en=1 act_pop_en=0 wei_pop_en=0 psm_start=0 shift_done=0 done=0 cscnt_q=0 pop_shim_q2=0 cdone_q=0 o_cswitch_done_val=0 o_cdone_val=0
[IFMAP FEED VEC] context=0 k=61 ch=61 ky=0 kx=0 start_abs_idx=488 first_word=61 last_word=61 feed_vec=[0, 0, 0, -1, -1, 0, 0, -2]
[IFMAP DEMAND REQ] req=62 context=0 k=62 ch=62 ky=0 kx=0 start_abs_idx=496 first_word=62 last_word=62 req_word_addr=62 req_final_addr=62
[IFMAP FEED VEC] context=0 k=61 ch=61 ky=0 kx=0 start_abs_idx=488 first_word=61 last_word=61 feed_vec=[0, 0, 0, -1, -1, 0, 0, -2]
[IFMAP DEMAND REQ] req=62 context=0 k=62 ch=62 ky=0 kx=0 start_abs_idx=496 first_word=62 last_word=62 req_word_addr=62 req_final_addr=62
[CTRL DEBUG] cycle=81981 state=5 start=0 incntlim=64 act_reps=1 wei_reps=1 ncontexts=1 context_cnt=0 act_cnt_en=1 wei_cnt_en=1 act_pop_en=0 wei_pop_en=0 psm_start=0 shift_done=0 done=0 cscnt_q=0 pop_shim_q2=0 cdone_q=0 o_cswitch_done_val=0 o_cdone_val=0
[CTRL DEBUG] cycle=81981 state=5 start=0 incntlim=64 act_reps=1 wei_reps=1 ncontexts=1 context_cnt=0 act_cnt_en=1 wei_cnt_en=1 act_pop_en=0 wei_pop_en=0 psm_start=0 shift_done=0 done=0 cscnt_q=0 pop_shim_q2=0 cdone_q=0 o_cswitch_done_val=0 o_cdone_val=0
[CTRL DEBUG] cycle=81981 state=5 start=0 incntlim=64 act_reps=1 wei_reps=1 ncontexts=1 context_cnt=0 act_cnt_en=1 wei_cnt_en=1 act_pop_en=0 wei_pop_en=0 psm_start=0 shift_done=0 done=0 cscnt_q=0 pop_shim_q2=0 cdone_q=0 o_cswitch_done_val=0 o_cdone_val=0
[CTRL DEBUG] cycle=81981 state=5 start=0 incntlim=64 act_reps=1 wei_reps=1 ncontexts=1 context_cnt=0 act_cnt_en=1 wei_cnt_en=1 act_pop_en=0 wei_pop_en=0 psm_start=0 shift_done=0 done=0 cscnt_q=0 pop_shim_q2=0 cdone_q=0 o_cswitch_done_val=0 o_cdone_val=0
[CTRL DEBUG] cycle=81982 state=5 start=0 incntlim=64 act_reps=1 wei_reps=1 ncontexts=1 context_cnt=0 act_cnt_en=1 wei_cnt_en=1 act_pop_en=0 wei_pop_en=0 psm_start=0 shift_done=0 done=0 cscnt_q=0 pop_shim_q2=0 cdone_q=0 o_cswitch_done_val=0 o_cdone_val=0
[CTRL DEBUG] cycle=81982 state=5 start=0 incntlim=64 act_reps=1 wei_reps=1 ncontexts=1 context_cnt=0 act_cnt_en=1 wei_cnt_en=1 act_pop_en=0 wei_pop_en=0 psm_start=0 shift_done=0 done=0 cscnt_q=0 pop_shim_q2=0 cdone_q=0 o_cswitch_done_val=0 o_cdone_val=0
[CTRL DEBUG] cycle=81982 state=5 start=0 incntlim=64 act_reps=1 wei_reps=1 ncontexts=1 context_cnt=0 act_cnt_en=1 wei_cnt_en=1 act_pop_en=0 wei_pop_en=0 psm_start=0 shift_done=0 done=0 cscnt_q=0 pop_shim_q2=0 cdone_q=0 o_cswitch_done_val=0 o_cdone_val=0
[CTRL DEBUG] cycle=81982 state=5 start=0 incntlim=64 act_reps=1 wei_reps=1 ncontexts=1 context_cnt=0 act_cnt_en=1 wei_cnt_en=1 act_pop_en=0 wei_pop_en=0 psm_start=0 shift_done=0 done=0 cscnt_q=0 pop_shim_q2=0 cdone_q=0 o_cswitch_done_val=0 o_cdone_val=0
[CTRL DEBUG] cycle=81982 state=5 start=0 incntlim=64 act_reps=1 wei_reps=1 ncontexts=1 context_cnt=0 act_cnt_en=1 wei_cnt_en=1 act_pop_en=0 wei_pop_en=0 psm_start=0 shift_done=0 done=0 cscnt_q=0 pop_shim_q2=0 cdone_q=0 o_cswitch_done_val=0 o_cdone_val=0
[CTRL DEBUG] cycle=81982 state=5 start=0 incntlim=64 act_reps=1 wei_reps=1 ncontexts=1 context_cnt=0 act_cnt_en=1 wei_cnt_en=1 act_pop_en=0 wei_pop_en=0 psm_start=0 shift_done=0 done=0 cscnt_q=0 pop_shim_q2=0 cdone_q=0 o_cswitch_done_val=0 o_cdone_val=0
[CTRL DEBUG] cycle=81983 state=5 start=0 incntlim=64 act_reps=1 wei_reps=1 ncontexts=1 context_cnt=0 act_cnt_en=1 wei_cnt_en=1 act_pop_en=0 wei_pop_en=0 psm_start=0 shift_done=0 done=0 cscnt_q=0 pop_shim_q2=0 cdone_q=0 o_cswitch_done_val=0 o_cdone_val=0
[CTRL DEBUG] cycle=81983 state=5 start=0 incntlim=64 act_reps=1 wei_reps=1 ncontexts=1 context_cnt=0 act_cnt_en=1 wei_cnt_en=1 act_pop_en=0 wei_pop_en=0 psm_start=0 shift_done=0 done=0 cscnt_q=0 pop_shim_q2=0 cdone_q=0 o_cswitch_done_val=0 o_cdone_val=0
[IFMAP FEED VEC] context=0 k=62 ch=62 ky=0 kx=0 start_abs_idx=496 first_word=62 last_word=62 feed_vec=[-2, 0, -1, 0, 0, 0, 0, -1]
[IFMAP DEMAND REQ] req=63 context=0 k=63 ch=63 ky=0 kx=0 start_abs_idx=504 first_word=63 last_word=63 req_word_addr=63 req_final_addr=63
[IFMAP FEED VEC] context=0 k=62 ch=62 ky=0 kx=0 start_abs_idx=496 first_word=62 last_word=62 feed_vec=[-2, 0, -1, 0, 0, 0, 0, -1]
[IFMAP DEMAND REQ] req=63 context=0 k=63 ch=63 ky=0 kx=0 start_abs_idx=504 first_word=63 last_word=63 req_word_addr=63 req_final_addr=63
[CTRL DEBUG] cycle=81983 state=5 start=0 incntlim=64 act_reps=1 wei_reps=1 ncontexts=1 context_cnt=0 act_cnt_en=1 wei_cnt_en=1 act_pop_en=0 wei_pop_en=0 psm_start=0 shift_done=0 done=0 cscnt_q=0 pop_shim_q2=0 cdone_q=0 o_cswitch_done_val=0 o_cdone_val=0
[CTRL DEBUG] cycle=81983 state=5 start=0 incntlim=64 act_reps=1 wei_reps=1 ncontexts=1 context_cnt=0 act_cnt_en=1 wei_cnt_en=1 act_pop_en=0 wei_pop_en=0 psm_start=0 shift_done=0 done=0 cscnt_q=0 pop_shim_q2=0 cdone_q=0 o_cswitch_done_val=0 o_cdone_val=0
[CTRL DEBUG] cycle=81983 state=5 start=0 incntlim=64 act_reps=1 wei_reps=1 ncontexts=1 context_cnt=0 act_cnt_en=1 wei_cnt_en=1 act_pop_en=0 wei_pop_en=0 psm_start=0 shift_done=0 done=0 cscnt_q=0 pop_shim_q2=0 cdone_q=0 o_cswitch_done_val=0 o_cdone_val=0
[CTRL DEBUG] cycle=81983 state=5 start=0 incntlim=64 act_reps=1 wei_reps=1 ncontexts=1 context_cnt=0 act_cnt_en=1 wei_cnt_en=1 act_pop_en=0 wei_pop_en=0 psm_start=0 shift_done=0 done=0 cscnt_q=0 pop_shim_q2=0 cdone_q=0 o_cswitch_done_val=0 o_cdone_val=0
[CTRL DEBUG] cycle=81984 state=5 start=0 incntlim=64 act_reps=1 wei_reps=1 ncontexts=1 context_cnt=0 act_cnt_en=1 wei_cnt_en=1 act_pop_en=0 wei_pop_en=0 psm_start=0 shift_done=0 done=0 cscnt_q=0 pop_shim_q2=0 cdone_q=0 o_cswitch_done_val=0 o_cdone_val=0
[CTRL STALL] cycle=81984 comp_cycles=0 act_stall=1 wei_stall=0
[CTRL DEBUG] cycle=81984 state=5 start=0 incntlim=64 act_reps=1 wei_reps=1 ncontexts=1 context_cnt=0 act_cnt_en=1 wei_cnt_en=1 act_pop_en=0 wei_pop_en=0 psm_start=0 shift_done=0 done=0 cscnt_q=0 pop_shim_q2=0 cdone_q=0 o_cswitch_done_val=0 o_cdone_val=0
[CTRL STALL] cycle=81984 comp_cycles=0 act_stall=1 wei_stall=0
[CTRL DEBUG] cycle=81984 state=5 start=0 incntlim=64 act_reps=1 wei_reps=1 ncontexts=1 context_cnt=0 act_cnt_en=1 wei_cnt_en=1 act_pop_en=0 wei_pop_en=0 psm_start=0 shift_done=0 done=0 cscnt_q=0 pop_shim_q2=0 cdone_q=0 o_cswitch_done_val=0 o_cdone_val=0
[CTRL STALL] cycle=81984 comp_cycles=0 act_stall=1 wei_stall=0
[CTRL DEBUG] cycle=81984 state=5 start=0 incntlim=64 act_reps=1 wei_reps=1 ncontexts=1 context_cnt=0 act_cnt_en=1 wei_cnt_en=1 act_pop_en=0 wei_pop_en=0 psm_start=0 shift_done=0 done=0 cscnt_q=0 pop_shim_q2=0 cdone_q=0 o_cswitch_done_val=0 o_cdone_val=0
[CTRL STALL] cycle=81984 comp_cycles=0 act_stall=1 wei_stall=0
[CTRL DEBUG] cycle=81984 state=5 start=0 incntlim=64 act_reps=1 wei_reps=1 ncontexts=1 context_cnt=0 act_cnt_en=1 wei_cnt_en=1 act_pop_en=0 wei_pop_en=0 psm_start=0 shift_done=0 done=0 cscnt_q=0 pop_shim_q2=0 cdone_q=0 o_cswitch_done_val=0 o_cdone_val=0
[CTRL STALL] cycle=81984 comp_cycles=0 act_stall=1 wei_stall=0
[CTRL DEBUG] cycle=81984 state=5 start=0 incntlim=64 act_reps=1 wei_reps=1 ncontexts=1 context_cnt=0 act_cnt_en=1 wei_cnt_en=1 act_pop_en=0 wei_pop_en=0 psm_start=0 shift_done=0 done=0 cscnt_q=0 pop_shim_q2=0 cdone_q=0 o_cswitch_done_val=0 o_cdone_val=0
[CTRL STALL] cycle=81984 comp_cycles=0 act_stall=1 wei_stall=0
[CTRL DEBUG] cycle=81985 state=5 start=0 incntlim=64 act_reps=1 wei_reps=1 ncontexts=1 context_cnt=0 act_cnt_en=1 wei_cnt_en=1 act_pop_en=0 wei_pop_en=0 psm_start=0 shift_done=0 done=0 cscnt_q=0 pop_shim_q2=0 cdone_q=0 o_cswitch_done_val=0 o_cdone_val=0
[CTRL DEBUG] cycle=81985 state=5 start=0 incntlim=64 act_reps=1 wei_reps=1 ncontexts=1 context_cnt=0 act_cnt_en=1 wei_cnt_en=1 act_pop_en=0 wei_pop_en=0 psm_start=0 shift_done=0 done=0 cscnt_q=0 pop_shim_q2=0 cdone_q=0 o_cswitch_done_val=0 o_cdone_val=0
[IFMAP FEED VEC] context=0 k=63 ch=63 ky=0 kx=0 start_abs_idx=504 first_word=63 last_word=63 feed_vec=[0, 1, 1, 0, 1, 1, 1, 0]
[IFMAP FEED VEC] context=0 k=63 ch=63 ky=0 kx=0 start_abs_idx=504 first_word=63 last_word=63 feed_vec=[0, 1, 1, 0, 1, 1, 1, 0]
[CTRL DEBUG] cycle=81985 state=5 start=0 incntlim=64 act_reps=1 wei_reps=1 ncontexts=1 context_cnt=0 act_cnt_en=1 wei_cnt_en=1 act_pop_en=0 wei_pop_en=0 psm_start=0 shift_done=0 done=0 cscnt_q=0 pop_shim_q2=0 cdone_q=0 o_cswitch_done_val=0 o_cdone_val=0
[CTRL DEBUG] cycle=81985 state=5 start=0 incntlim=64 act_reps=1 wei_reps=1 ncontexts=1 context_cnt=0 act_cnt_en=1 wei_cnt_en=1 act_pop_en=0 wei_pop_en=0 psm_start=0 shift_done=0 done=0 cscnt_q=0 pop_shim_q2=0 cdone_q=0 o_cswitch_done_val=0 o_cdone_val=0
[CTRL DEBUG] cycle=81985 state=5 start=0 incntlim=64 act_reps=1 wei_reps=1 ncontexts=1 context_cnt=0 act_cnt_en=1 wei_cnt_en=1 act_pop_en=0 wei_pop_en=0 psm_start=0 shift_done=0 done=0 cscnt_q=0 pop_shim_q2=0 cdone_q=0 o_cswitch_done_val=0 o_cdone_val=0
[CTRL DEBUG] cycle=81985 state=5 start=0 incntlim=64 act_reps=1 wei_reps=1 ncontexts=1 context_cnt=0 act_cnt_en=1 wei_cnt_en=1 act_pop_en=0 wei_pop_en=0 psm_start=0 shift_done=0 done=0 cscnt_q=0 pop_shim_q2=0 cdone_q=0 o_cswitch_done_val=0 o_cdone_val=0
[CTRL DEBUG] cycle=81986 state=5 start=0 incntlim=64 act_reps=1 wei_reps=1 ncontexts=1 context_cnt=0 act_cnt_en=1 wei_cnt_en=1 act_pop_en=0 wei_pop_en=0 psm_start=0 shift_done=0 done=0 cscnt_q=0 pop_shim_q2=0 cdone_q=0 o_cswitch_done_val=0 o_cdone_val=0
[CTRL DEBUG] cycle=81986 state=5 start=0 incntlim=64 act_reps=1 wei_reps=1 ncontexts=1 context_cnt=0 act_cnt_en=1 wei_cnt_en=1 act_pop_en=0 wei_pop_en=0 psm_start=0 shift_done=0 done=0 cscnt_q=0 pop_shim_q2=0 cdone_q=0 o_cswitch_done_val=0 o_cdone_val=0
[CTRL DEBUG] cycle=81986 state=5 start=0 incntlim=64 act_reps=1 wei_reps=1 ncontexts=1 context_cnt=0 act_cnt_en=1 wei_cnt_en=1 act_pop_en=0 wei_pop_en=0 psm_start=0 shift_done=0 done=0 cscnt_q=0 pop_shim_q2=0 cdone_q=0 o_cswitch_done_val=0 o_cdone_val=0
[CTRL DEBUG] cycle=81986 state=5 start=0 incntlim=64 act_reps=1 wei_reps=1 ncontexts=1 context_cnt=0 act_cnt_en=1 wei_cnt_en=1 act_pop_en=0 wei_pop_en=0 psm_start=0 shift_done=0 done=0 cscnt_q=0 pop_shim_q2=0 cdone_q=0 o_cswitch_done_val=0 o_cdone_val=0
[CTRL DEBUG] cycle=81986 state=5 start=0 incntlim=64 act_reps=1 wei_reps=1 ncontexts=1 context_cnt=0 act_cnt_en=1 wei_cnt_en=1 act_pop_en=0 wei_pop_en=0 psm_start=0 shift_done=0 done=0 cscnt_q=0 pop_shim_q2=0 cdone_q=0 o_cswitch_done_val=0 o_cdone_val=0
[CTRL DEBUG] cycle=81986 state=5 start=0 incntlim=64 act_reps=1 wei_reps=1 ncontexts=1 context_cnt=0 act_cnt_en=1 wei_cnt_en=1 act_pop_en=0 wei_pop_en=0 psm_start=0 shift_done=0 done=0 cscnt_q=0 pop_shim_q2=0 cdone_q=0 o_cswitch_done_val=0 o_cdone_val=0
[CTRL DEBUG] cycle=81987 state=5 start=0 incntlim=64 act_reps=1 wei_reps=1 ncontexts=1 context_cnt=0 act_cnt_en=1 wei_cnt_en=1 act_pop_en=1 wei_pop_en=1 psm_start=0 shift_done=0 done=0 cscnt_q=0 pop_shim_q2=0 cdone_q=0 o_cswitch_done_val=0 o_cdone_val=0
[CTRL DEBUG] cycle=81987 state=5 start=0 incntlim=64 act_reps=1 wei_reps=1 ncontexts=1 context_cnt=0 act_cnt_en=1 wei_cnt_en=1 act_pop_en=1 wei_pop_en=1 psm_start=0 shift_done=0 done=0 cscnt_q=0 pop_shim_q2=0 cdone_q=0 o_cswitch_done_val=0 o_cdone_val=0
[CTRL DEBUG] cycle=81987 state=5 start=0 incntlim=64 act_reps=1 wei_reps=1 ncontexts=1 context_cnt=0 act_cnt_en=1 wei_cnt_en=1 act_pop_en=1 wei_pop_en=1 psm_start=0 shift_done=0 done=0 cscnt_q=0 pop_shim_q2=0 cdone_q=0 o_cswitch_done_val=0 o_cdone_val=0
[CTRL DEBUG] cycle=81987 state=5 start=0 incntlim=64 act_reps=1 wei_reps=1 ncontexts=1 context_cnt=0 act_cnt_en=1 wei_cnt_en=1 act_pop_en=1 wei_pop_en=1 psm_start=0 shift_done=0 done=0 cscnt_q=0 pop_shim_q2=0 cdone_q=0 o_cswitch_done_val=0 o_cdone_val=0
[CTRL DEBUG] cycle=81987 state=5 start=0 incntlim=64 act_reps=1 wei_reps=1 ncontexts=1 context_cnt=0 act_cnt_en=1 wei_cnt_en=1 act_pop_en=1 wei_pop_en=1 psm_start=0 shift_done=0 done=0 cscnt_q=0 pop_shim_q2=0 cdone_q=0 o_cswitch_done_val=0 o_cdone_val=0
[CTRL DEBUG] cycle=81987 state=5 start=0 incntlim=64 act_reps=1 wei_reps=1 ncontexts=1 context_cnt=0 act_cnt_en=1 wei_cnt_en=1 act_pop_en=1 wei_pop_en=1 psm_start=0 shift_done=0 done=0 cscnt_q=0 pop_shim_q2=0 cdone_q=0 o_cswitch_done_val=0 o_cdone_val=0
[CTRL DEBUG] cycle=81988 state=5 start=0 incntlim=64 act_reps=1 wei_reps=1 ncontexts=1 context_cnt=0 act_cnt_en=1 wei_cnt_en=1 act_pop_en=1 wei_pop_en=1 psm_start=0 shift_done=0 done=0 cscnt_q=0 pop_shim_q2=1 cdone_q=0 o_cswitch_done_val=0 o_cdone_val=0
[CTRL DEBUG] cycle=81988 state=5 start=0 incntlim=64 act_reps=1 wei_reps=1 ncontexts=1 context_cnt=0 act_cnt_en=1 wei_cnt_en=1 act_pop_en=1 wei_pop_en=1 psm_start=0 shift_done=0 done=0 cscnt_q=0 pop_shim_q2=1 cdone_q=0 o_cswitch_done_val=0 o_cdone_val=0
[CTRL DEBUG] cycle=81988 state=5 start=0 incntlim=64 act_reps=1 wei_reps=1 ncontexts=1 context_cnt=0 act_cnt_en=1 wei_cnt_en=1 act_pop_en=1 wei_pop_en=1 psm_start=0 shift_done=0 done=0 cscnt_q=0 pop_shim_q2=1 cdone_q=0 o_cswitch_done_val=0 o_cdone_val=0
[CTRL DEBUG] cycle=81988 state=5 start=0 incntlim=64 act_reps=1 wei_reps=1 ncontexts=1 context_cnt=0 act_cnt_en=1 wei_cnt_en=1 act_pop_en=1 wei_pop_en=1 psm_start=0 shift_done=0 done=0 cscnt_q=0 pop_shim_q2=1 cdone_q=0 o_cswitch_done_val=0 o_cdone_val=0
[CTRL DEBUG] cycle=81988 state=5 start=0 incntlim=64 act_reps=1 wei_reps=1 ncontexts=1 context_cnt=0 act_cnt_en=1 wei_cnt_en=1 act_pop_en=1 wei_pop_en=1 psm_start=0 shift_done=0 done=0 cscnt_q=0 pop_shim_q2=1 cdone_q=0 o_cswitch_done_val=0 o_cdone_val=0
[CTRL DEBUG] cycle=81988 state=5 start=0 incntlim=64 act_reps=1 wei_reps=1 ncontexts=1 context_cnt=0 act_cnt_en=1 wei_cnt_en=1 act_pop_en=1 wei_pop_en=1 psm_start=0 shift_done=0 done=0 cscnt_q=0 pop_shim_q2=1 cdone_q=0 o_cswitch_done_val=0 o_cdone_val=0
[CTRL DEBUG] cycle=81989 state=5 start=0 incntlim=64 act_reps=1 wei_reps=1 ncontexts=1 context_cnt=0 act_cnt_en=1 wei_cnt_en=1 act_pop_en=1 wei_pop_en=1 psm_start=0 shift_done=0 done=0 cscnt_q=0 pop_shim_q2=1 cdone_q=0 o_cswitch_done_val=0 o_cdone_val=0
[CTRL DEBUG] cycle=81989 state=5 start=0 incntlim=64 act_reps=1 wei_reps=1 ncontexts=1 context_cnt=0 act_cnt_en=1 wei_cnt_en=1 act_pop_en=1 wei_pop_en=1 psm_start=0 shift_done=0 done=0 cscnt_q=0 pop_shim_q2=1 cdone_q=0 o_cswitch_done_val=0 o_cdone_val=0
[CTRL DEBUG] cycle=81989 state=5 start=0 incntlim=64 act_reps=1 wei_reps=1 ncontexts=1 context_cnt=0 act_cnt_en=1 wei_cnt_en=1 act_pop_en=1 wei_pop_en=1 psm_start=0 shift_done=0 done=0 cscnt_q=0 pop_shim_q2=1 cdone_q=0 o_cswitch_done_val=0 o_cdone_val=0
[CTRL DEBUG] cycle=81989 state=5 start=0 incntlim=64 act_reps=1 wei_reps=1 ncontexts=1 context_cnt=0 act_cnt_en=1 wei_cnt_en=1 act_pop_en=1 wei_pop_en=1 psm_start=0 shift_done=0 done=0 cscnt_q=0 pop_shim_q2=1 cdone_q=0 o_cswitch_done_val=0 o_cdone_val=0
[CTRL DEBUG] cycle=81989 state=5 start=0 incntlim=64 act_reps=1 wei_reps=1 ncontexts=1 context_cnt=0 act_cnt_en=1 wei_cnt_en=1 act_pop_en=1 wei_pop_en=1 psm_start=0 shift_done=0 done=0 cscnt_q=0 pop_shim_q2=1 cdone_q=0 o_cswitch_done_val=0 o_cdone_val=0
[CTRL DEBUG] cycle=81989 state=5 start=0 incntlim=64 act_reps=1 wei_reps=1 ncontexts=1 context_cnt=0 act_cnt_en=1 wei_cnt_en=1 act_pop_en=1 wei_pop_en=1 psm_start=0 shift_done=0 done=0 cscnt_q=0 pop_shim_q2=1 cdone_q=0 o_cswitch_done_val=0 o_cdone_val=0
[CTRL DEBUG] cycle=81990 state=5 start=0 incntlim=64 act_reps=1 wei_reps=1 ncontexts=1 context_cnt=0 act_cnt_en=1 wei_cnt_en=1 act_pop_en=1 wei_pop_en=1 psm_start=0 shift_done=0 done=0 cscnt_q=0 pop_shim_q2=1 cdone_q=0 o_cswitch_done_val=0 o_cdone_val=0
[CTRL DEBUG] cycle=81990 state=5 start=0 incntlim=64 act_reps=1 wei_reps=1 ncontexts=1 context_cnt=0 act_cnt_en=1 wei_cnt_en=1 act_pop_en=1 wei_pop_en=1 psm_start=0 shift_done=0 done=0 cscnt_q=0 pop_shim_q2=1 cdone_q=0 o_cswitch_done_val=0 o_cdone_val=0
[CTRL DEBUG] cycle=81990 state=5 start=0 incntlim=64 act_reps=1 wei_reps=1 ncontexts=1 context_cnt=0 act_cnt_en=1 wei_cnt_en=1 act_pop_en=1 wei_pop_en=1 psm_start=0 shift_done=0 done=0 cscnt_q=0 pop_shim_q2=1 cdone_q=0 o_cswitch_done_val=0 o_cdone_val=0
[CTRL DEBUG] cycle=81990 state=5 start=0 incntlim=64 act_reps=1 wei_reps=1 ncontexts=1 context_cnt=0 act_cnt_en=1 wei_cnt_en=1 act_pop_en=1 wei_pop_en=1 psm_start=0 shift_done=0 done=0 cscnt_q=0 pop_shim_q2=1 cdone_q=0 o_cswitch_done_val=0 o_cdone_val=0
[CTRL DEBUG] cycle=81990 state=5 start=0 incntlim=64 act_reps=1 wei_reps=1 ncontexts=1 context_cnt=0 act_cnt_en=1 wei_cnt_en=1 act_pop_en=1 wei_pop_en=1 psm_start=0 shift_done=0 done=0 cscnt_q=0 pop_shim_q2=1 cdone_q=0 o_cswitch_done_val=0 o_cdone_val=0
[CTRL DEBUG] cycle=81990 state=5 start=0 incntlim=64 act_reps=1 wei_reps=1 ncontexts=1 context_cnt=0 act_cnt_en=1 wei_cnt_en=1 act_pop_en=1 wei_pop_en=1 psm_start=0 shift_done=0 done=0 cscnt_q=0 pop_shim_q2=1 cdone_q=0 o_cswitch_done_val=0 o_cdone_val=0
[CTRL DEBUG] cycle=81991 state=5 start=0 incntlim=64 act_reps=1 wei_reps=1 ncontexts=1 context_cnt=0 act_cnt_en=1 wei_cnt_en=1 act_pop_en=1 wei_pop_en=1 psm_start=0 shift_done=0 done=0 cscnt_q=0 pop_shim_q2=1 cdone_q=0 o_cswitch_done_val=0 o_cdone_val=0
[CTRL DEBUG] cycle=81991 state=5 start=0 incntlim=64 act_reps=1 wei_reps=1 ncontexts=1 context_cnt=0 act_cnt_en=1 wei_cnt_en=1 act_pop_en=1 wei_pop_en=1 psm_start=0 shift_done=0 done=0 cscnt_q=0 pop_shim_q2=1 cdone_q=0 o_cswitch_done_val=0 o_cdone_val=0
[CTRL DEBUG] cycle=81991 state=5 start=0 incntlim=64 act_reps=1 wei_reps=1 ncontexts=1 context_cnt=0 act_cnt_en=1 wei_cnt_en=1 act_pop_en=1 wei_pop_en=1 psm_start=0 shift_done=0 done=0 cscnt_q=0 pop_shim_q2=1 cdone_q=0 o_cswitch_done_val=0 o_cdone_val=0
[CTRL DEBUG] cycle=81991 state=5 start=0 incntlim=64 act_reps=1 wei_reps=1 ncontexts=1 context_cnt=0 act_cnt_en=1 wei_cnt_en=1 act_pop_en=1 wei_pop_en=1 psm_start=0 shift_done=0 done=0 cscnt_q=0 pop_shim_q2=1 cdone_q=0 o_cswitch_done_val=0 o_cdone_val=0
[CTRL DEBUG] cycle=81991 state=5 start=0 incntlim=64 act_reps=1 wei_reps=1 ncontexts=1 context_cnt=0 act_cnt_en=1 wei_cnt_en=1 act_pop_en=1 wei_pop_en=1 psm_start=0 shift_done=0 done=0 cscnt_q=0 pop_shim_q2=1 cdone_q=0 o_cswitch_done_val=0 o_cdone_val=0
[CTRL DEBUG] cycle=81991 state=5 start=0 incntlim=64 act_reps=1 wei_reps=1 ncontexts=1 context_cnt=0 act_cnt_en=1 wei_cnt_en=1 act_pop_en=1 wei_pop_en=1 psm_start=0 shift_done=0 done=0 cscnt_q=0 pop_shim_q2=1 cdone_q=0 o_cswitch_done_val=0 o_cdone_val=0
[CTRL DEBUG] cycle=81992 state=5 start=0 incntlim=64 act_reps=1 wei_reps=1 ncontexts=1 context_cnt=0 act_cnt_en=1 wei_cnt_en=1 act_pop_en=1 wei_pop_en=1 psm_start=0 shift_done=0 done=0 cscnt_q=0 pop_shim_q2=1 cdone_q=0 o_cswitch_done_val=0 o_cdone_val=0
[CTRL DEBUG] cycle=81992 state=5 start=0 incntlim=64 act_reps=1 wei_reps=1 ncontexts=1 context_cnt=0 act_cnt_en=1 wei_cnt_en=1 act_pop_en=1 wei_pop_en=1 psm_start=0 shift_done=0 done=0 cscnt_q=0 pop_shim_q2=1 cdone_q=0 o_cswitch_done_val=0 o_cdone_val=0
[CTRL DEBUG] cycle=81992 state=5 start=0 incntlim=64 act_reps=1 wei_reps=1 ncontexts=1 context_cnt=0 act_cnt_en=1 wei_cnt_en=1 act_pop_en=1 wei_pop_en=1 psm_start=0 shift_done=0 done=0 cscnt_q=0 pop_shim_q2=1 cdone_q=0 o_cswitch_done_val=0 o_cdone_val=0
[CTRL DEBUG] cycle=81992 state=5 start=0 incntlim=64 act_reps=1 wei_reps=1 ncontexts=1 context_cnt=0 act_cnt_en=1 wei_cnt_en=1 act_pop_en=1 wei_pop_en=1 psm_start=0 shift_done=0 done=0 cscnt_q=0 pop_shim_q2=1 cdone_q=0 o_cswitch_done_val=0 o_cdone_val=0
[CTRL DEBUG] cycle=81992 state=5 start=0 incntlim=64 act_reps=1 wei_reps=1 ncontexts=1 context_cnt=0 act_cnt_en=1 wei_cnt_en=1 act_pop_en=1 wei_pop_en=1 psm_start=0 shift_done=0 done=0 cscnt_q=0 pop_shim_q2=1 cdone_q=0 o_cswitch_done_val=0 o_cdone_val=0
[CTRL DEBUG] cycle=81992 state=5 start=0 incntlim=64 act_reps=1 wei_reps=1 ncontexts=1 context_cnt=0 act_cnt_en=1 wei_cnt_en=1 act_pop_en=1 wei_pop_en=1 psm_start=0 shift_done=0 done=0 cscnt_q=0 pop_shim_q2=1 cdone_q=0 o_cswitch_done_val=0 o_cdone_val=0
[CTRL DEBUG] cycle=81993 state=5 start=0 incntlim=64 act_reps=1 wei_reps=1 ncontexts=1 context_cnt=0 act_cnt_en=1 wei_cnt_en=1 act_pop_en=1 wei_pop_en=1 psm_start=0 shift_done=0 done=0 cscnt_q=0 pop_shim_q2=1 cdone_q=0 o_cswitch_done_val=0 o_cdone_val=0
[CTRL DEBUG] cycle=81993 state=5 start=0 incntlim=64 act_reps=1 wei_reps=1 ncontexts=1 context_cnt=0 act_cnt_en=1 wei_cnt_en=1 act_pop_en=1 wei_pop_en=1 psm_start=0 shift_done=0 done=0 cscnt_q=0 pop_shim_q2=1 cdone_q=0 o_cswitch_done_val=0 o_cdone_val=0
[CTRL DEBUG] cycle=81993 state=5 start=0 incntlim=64 act_reps=1 wei_reps=1 ncontexts=1 context_cnt=0 act_cnt_en=1 wei_cnt_en=1 act_pop_en=1 wei_pop_en=1 psm_start=0 shift_done=0 done=0 cscnt_q=0 pop_shim_q2=1 cdone_q=0 o_cswitch_done_val=0 o_cdone_val=0
[CTRL DEBUG] cycle=81993 state=5 start=0 incntlim=64 act_reps=1 wei_reps=1 ncontexts=1 context_cnt=0 act_cnt_en=1 wei_cnt_en=1 act_pop_en=1 wei_pop_en=1 psm_start=0 shift_done=0 done=0 cscnt_q=0 pop_shim_q2=1 cdone_q=0 o_cswitch_done_val=0 o_cdone_val=0
[CTRL DEBUG] cycle=81993 state=5 start=0 incntlim=64 act_reps=1 wei_reps=1 ncontexts=1 context_cnt=0 act_cnt_en=1 wei_cnt_en=1 act_pop_en=1 wei_pop_en=1 psm_start=0 shift_done=0 done=0 cscnt_q=0 pop_shim_q2=1 cdone_q=0 o_cswitch_done_val=0 o_cdone_val=0
[CTRL DEBUG] cycle=81993 state=5 start=0 incntlim=64 act_reps=1 wei_reps=1 ncontexts=1 context_cnt=0 act_cnt_en=1 wei_cnt_en=1 act_pop_en=1 wei_pop_en=1 psm_start=0 shift_done=0 done=0 cscnt_q=0 pop_shim_q2=1 cdone_q=0 o_cswitch_done_val=0 o_cdone_val=0
[CTRL DEBUG] cycle=81994 state=5 start=0 incntlim=64 act_reps=1 wei_reps=1 ncontexts=1 context_cnt=0 act_cnt_en=1 wei_cnt_en=1 act_pop_en=1 wei_pop_en=1 psm_start=0 shift_done=0 done=0 cscnt_q=0 pop_shim_q2=1 cdone_q=0 o_cswitch_done_val=0 o_cdone_val=0
[CTRL DEBUG] cycle=81994 state=5 start=0 incntlim=64 act_reps=1 wei_reps=1 ncontexts=1 context_cnt=0 act_cnt_en=1 wei_cnt_en=1 act_pop_en=1 wei_pop_en=1 psm_start=0 shift_done=0 done=0 cscnt_q=0 pop_shim_q2=1 cdone_q=0 o_cswitch_done_val=0 o_cdone_val=0
[CTRL DEBUG] cycle=81994 state=5 start=0 incntlim=64 act_reps=1 wei_reps=1 ncontexts=1 context_cnt=0 act_cnt_en=1 wei_cnt_en=1 act_pop_en=1 wei_pop_en=1 psm_start=0 shift_done=0 done=0 cscnt_q=0 pop_shim_q2=1 cdone_q=0 o_cswitch_done_val=0 o_cdone_val=0
[CTRL DEBUG] cycle=81994 state=5 start=0 incntlim=64 act_reps=1 wei_reps=1 ncontexts=1 context_cnt=0 act_cnt_en=1 wei_cnt_en=1 act_pop_en=1 wei_pop_en=1 psm_start=0 shift_done=0 done=0 cscnt_q=0 pop_shim_q2=1 cdone_q=0 o_cswitch_done_val=0 o_cdone_val=0
[CTRL DEBUG] cycle=81994 state=5 start=0 incntlim=64 act_reps=1 wei_reps=1 ncontexts=1 context_cnt=0 act_cnt_en=1 wei_cnt_en=1 act_pop_en=1 wei_pop_en=1 psm_start=0 shift_done=0 done=0 cscnt_q=0 pop_shim_q2=1 cdone_q=0 o_cswitch_done_val=0 o_cdone_val=0
[CTRL DEBUG] cycle=81994 state=5 start=0 incntlim=64 act_reps=1 wei_reps=1 ncontexts=1 context_cnt=0 act_cnt_en=1 wei_cnt_en=1 act_pop_en=1 wei_pop_en=1 psm_start=0 shift_done=0 done=0 cscnt_q=0 pop_shim_q2=1 cdone_q=0 o_cswitch_done_val=0 o_cdone_val=0
[CTRL DEBUG] cycle=81995 state=5 start=0 incntlim=64 act_reps=1 wei_reps=1 ncontexts=1 context_cnt=0 act_cnt_en=1 wei_cnt_en=1 act_pop_en=1 wei_pop_en=1 psm_start=0 shift_done=0 done=0 cscnt_q=0 pop_shim_q2=1 cdone_q=0 o_cswitch_done_val=0 o_cdone_val=0
[CTRL DEBUG] cycle=81995 state=5 start=0 incntlim=64 act_reps=1 wei_reps=1 ncontexts=1 context_cnt=0 act_cnt_en=1 wei_cnt_en=1 act_pop_en=1 wei_pop_en=1 psm_start=0 shift_done=0 done=0 cscnt_q=0 pop_shim_q2=1 cdone_q=0 o_cswitch_done_val=0 o_cdone_val=0
[CTRL DEBUG] cycle=81995 state=5 start=0 incntlim=64 act_reps=1 wei_reps=1 ncontexts=1 context_cnt=0 act_cnt_en=1 wei_cnt_en=1 act_pop_en=1 wei_pop_en=1 psm_start=0 shift_done=0 done=0 cscnt_q=0 pop_shim_q2=1 cdone_q=0 o_cswitch_done_val=0 o_cdone_val=0
[CTRL DEBUG] cycle=81995 state=5 start=0 incntlim=64 act_reps=1 wei_reps=1 ncontexts=1 context_cnt=0 act_cnt_en=1 wei_cnt_en=1 act_pop_en=1 wei_pop_en=1 psm_start=0 shift_done=0 done=0 cscnt_q=0 pop_shim_q2=1 cdone_q=0 o_cswitch_done_val=0 o_cdone_val=0
[CTRL DEBUG] cycle=81995 state=5 start=0 incntlim=64 act_reps=1 wei_reps=1 ncontexts=1 context_cnt=0 act_cnt_en=1 wei_cnt_en=1 act_pop_en=1 wei_pop_en=1 psm_start=0 shift_done=0 done=0 cscnt_q=0 pop_shim_q2=1 cdone_q=0 o_cswitch_done_val=0 o_cdone_val=0
[CTRL DEBUG] cycle=81995 state=5 start=0 incntlim=64 act_reps=1 wei_reps=1 ncontexts=1 context_cnt=0 act_cnt_en=1 wei_cnt_en=1 act_pop_en=1 wei_pop_en=1 psm_start=0 shift_done=0 done=0 cscnt_q=0 pop_shim_q2=1 cdone_q=0 o_cswitch_done_val=0 o_cdone_val=0
[CTRL DEBUG] cycle=81996 state=5 start=0 incntlim=64 act_reps=1 wei_reps=1 ncontexts=1 context_cnt=0 act_cnt_en=1 wei_cnt_en=1 act_pop_en=1 wei_pop_en=1 psm_start=0 shift_done=0 done=0 cscnt_q=0 pop_shim_q2=1 cdone_q=0 o_cswitch_done_val=0 o_cdone_val=0
[CTRL DEBUG] cycle=81996 state=5 start=0 incntlim=64 act_reps=1 wei_reps=1 ncontexts=1 context_cnt=0 act_cnt_en=1 wei_cnt_en=1 act_pop_en=1 wei_pop_en=1 psm_start=0 shift_done=0 done=0 cscnt_q=0 pop_shim_q2=1 cdone_q=0 o_cswitch_done_val=0 o_cdone_val=0
[CTRL DEBUG] cycle=81996 state=5 start=0 incntlim=64 act_reps=1 wei_reps=1 ncontexts=1 context_cnt=0 act_cnt_en=1 wei_cnt_en=1 act_pop_en=1 wei_pop_en=1 psm_start=0 shift_done=0 done=0 cscnt_q=0 pop_shim_q2=1 cdone_q=0 o_cswitch_done_val=0 o_cdone_val=0
[CTRL DEBUG] cycle=81996 state=5 start=0 incntlim=64 act_reps=1 wei_reps=1 ncontexts=1 context_cnt=0 act_cnt_en=1 wei_cnt_en=1 act_pop_en=1 wei_pop_en=1 psm_start=0 shift_done=0 done=0 cscnt_q=0 pop_shim_q2=1 cdone_q=0 o_cswitch_done_val=0 o_cdone_val=0
[CTRL DEBUG] cycle=81996 state=5 start=0 incntlim=64 act_reps=1 wei_reps=1 ncontexts=1 context_cnt=0 act_cnt_en=1 wei_cnt_en=1 act_pop_en=1 wei_pop_en=1 psm_start=0 shift_done=0 done=0 cscnt_q=0 pop_shim_q2=1 cdone_q=0 o_cswitch_done_val=0 o_cdone_val=0
[CTRL DEBUG] cycle=81996 state=5 start=0 incntlim=64 act_reps=1 wei_reps=1 ncontexts=1 context_cnt=0 act_cnt_en=1 wei_cnt_en=1 act_pop_en=1 wei_pop_en=1 psm_start=0 shift_done=0 done=0 cscnt_q=0 pop_shim_q2=1 cdone_q=0 o_cswitch_done_val=0 o_cdone_val=0
[CTRL DEBUG] cycle=81997 state=5 start=0 incntlim=64 act_reps=1 wei_reps=1 ncontexts=1 context_cnt=0 act_cnt_en=1 wei_cnt_en=1 act_pop_en=1 wei_pop_en=1 psm_start=0 shift_done=0 done=0 cscnt_q=0 pop_shim_q2=1 cdone_q=0 o_cswitch_done_val=0 o_cdone_val=0
[CTRL DEBUG] cycle=81997 state=5 start=0 incntlim=64 act_reps=1 wei_reps=1 ncontexts=1 context_cnt=0 act_cnt_en=1 wei_cnt_en=1 act_pop_en=1 wei_pop_en=1 psm_start=0 shift_done=0 done=0 cscnt_q=0 pop_shim_q2=1 cdone_q=0 o_cswitch_done_val=0 o_cdone_val=0
[CTRL DEBUG] cycle=81997 state=5 start=0 incntlim=64 act_reps=1 wei_reps=1 ncontexts=1 context_cnt=0 act_cnt_en=1 wei_cnt_en=1 act_pop_en=1 wei_pop_en=1 psm_start=0 shift_done=0 done=0 cscnt_q=0 pop_shim_q2=1 cdone_q=0 o_cswitch_done_val=0 o_cdone_val=0
[CTRL DEBUG] cycle=81997 state=5 start=0 incntlim=64 act_reps=1 wei_reps=1 ncontexts=1 context_cnt=0 act_cnt_en=1 wei_cnt_en=1 act_pop_en=1 wei_pop_en=1 psm_start=0 shift_done=0 done=0 cscnt_q=0 pop_shim_q2=1 cdone_q=0 o_cswitch_done_val=0 o_cdone_val=0
[CTRL DEBUG] cycle=81997 state=5 start=0 incntlim=64 act_reps=1 wei_reps=1 ncontexts=1 context_cnt=0 act_cnt_en=1 wei_cnt_en=1 act_pop_en=1 wei_pop_en=1 psm_start=0 shift_done=0 done=0 cscnt_q=0 pop_shim_q2=1 cdone_q=0 o_cswitch_done_val=0 o_cdone_val=0
[CTRL DEBUG] cycle=81997 state=5 start=0 incntlim=64 act_reps=1 wei_reps=1 ncontexts=1 context_cnt=0 act_cnt_en=1 wei_cnt_en=1 act_pop_en=1 wei_pop_en=1 psm_start=0 shift_done=0 done=0 cscnt_q=0 pop_shim_q2=1 cdone_q=0 o_cswitch_done_val=0 o_cdone_val=0
[CTRL DEBUG] cycle=81998 state=5 start=0 incntlim=64 act_reps=1 wei_reps=1 ncontexts=1 context_cnt=0 act_cnt_en=1 wei_cnt_en=1 act_pop_en=1 wei_pop_en=1 psm_start=0 shift_done=0 done=0 cscnt_q=0 pop_shim_q2=1 cdone_q=0 o_cswitch_done_val=0 o_cdone_val=0
[CTRL DEBUG] cycle=81998 state=5 start=0 incntlim=64 act_reps=1 wei_reps=1 ncontexts=1 context_cnt=0 act_cnt_en=1 wei_cnt_en=1 act_pop_en=1 wei_pop_en=1 psm_start=0 shift_done=0 done=0 cscnt_q=0 pop_shim_q2=1 cdone_q=0 o_cswitch_done_val=0 o_cdone_val=0
[CTRL DEBUG] cycle=81998 state=5 start=0 incntlim=64 act_reps=1 wei_reps=1 ncontexts=1 context_cnt=0 act_cnt_en=1 wei_cnt_en=1 act_pop_en=1 wei_pop_en=1 psm_start=0 shift_done=0 done=0 cscnt_q=0 pop_shim_q2=1 cdone_q=0 o_cswitch_done_val=0 o_cdone_val=0
[CTRL DEBUG] cycle=81998 state=5 start=0 incntlim=64 act_reps=1 wei_reps=1 ncontexts=1 context_cnt=0 act_cnt_en=1 wei_cnt_en=1 act_pop_en=1 wei_pop_en=1 psm_start=0 shift_done=0 done=0 cscnt_q=0 pop_shim_q2=1 cdone_q=0 o_cswitch_done_val=0 o_cdone_val=0
[CTRL DEBUG] cycle=81998 state=5 start=0 incntlim=64 act_reps=1 wei_reps=1 ncontexts=1 context_cnt=0 act_cnt_en=1 wei_cnt_en=1 act_pop_en=1 wei_pop_en=1 psm_start=0 shift_done=0 done=0 cscnt_q=0 pop_shim_q2=1 cdone_q=0 o_cswitch_done_val=0 o_cdone_val=0
[CTRL DEBUG] cycle=81998 state=5 start=0 incntlim=64 act_reps=1 wei_reps=1 ncontexts=1 context_cnt=0 act_cnt_en=1 wei_cnt_en=1 act_pop_en=1 wei_pop_en=1 psm_start=0 shift_done=0 done=0 cscnt_q=0 pop_shim_q2=1 cdone_q=0 o_cswitch_done_val=0 o_cdone_val=0
[CTRL DEBUG] cycle=81999 state=5 start=0 incntlim=64 act_reps=1 wei_reps=1 ncontexts=1 context_cnt=0 act_cnt_en=1 wei_cnt_en=1 act_pop_en=1 wei_pop_en=1 psm_start=0 shift_done=0 done=0 cscnt_q=0 pop_shim_q2=1 cdone_q=0 o_cswitch_done_val=0 o_cdone_val=0
[CTRL DEBUG] cycle=81999 state=5 start=0 incntlim=64 act_reps=1 wei_reps=1 ncontexts=1 context_cnt=0 act_cnt_en=1 wei_cnt_en=1 act_pop_en=1 wei_pop_en=1 psm_start=0 shift_done=0 done=0 cscnt_q=0 pop_shim_q2=1 cdone_q=0 o_cswitch_done_val=0 o_cdone_val=0
[CTRL DEBUG] cycle=81999 state=5 start=0 incntlim=64 act_reps=1 wei_reps=1 ncontexts=1 context_cnt=0 act_cnt_en=1 wei_cnt_en=1 act_pop_en=1 wei_pop_en=1 psm_start=0 shift_done=0 done=0 cscnt_q=0 pop_shim_q2=1 cdone_q=0 o_cswitch_done_val=0 o_cdone_val=0
[CTRL DEBUG] cycle=81999 state=5 start=0 incntlim=64 act_reps=1 wei_reps=1 ncontexts=1 context_cnt=0 act_cnt_en=1 wei_cnt_en=1 act_pop_en=1 wei_pop_en=1 psm_start=0 shift_done=0 done=0 cscnt_q=0 pop_shim_q2=1 cdone_q=0 o_cswitch_done_val=0 o_cdone_val=0
[CTRL DEBUG] cycle=81999 state=5 start=0 incntlim=64 act_reps=1 wei_reps=1 ncontexts=1 context_cnt=0 act_cnt_en=1 wei_cnt_en=1 act_pop_en=1 wei_pop_en=1 psm_start=0 shift_done=0 done=0 cscnt_q=0 pop_shim_q2=1 cdone_q=0 o_cswitch_done_val=0 o_cdone_val=0
[CTRL DEBUG] cycle=81999 state=5 start=0 incntlim=64 act_reps=1 wei_reps=1 ncontexts=1 context_cnt=0 act_cnt_en=1 wei_cnt_en=1 act_pop_en=1 wei_pop_en=1 psm_start=0 shift_done=0 done=0 cscnt_q=0 pop_shim_q2=1 cdone_q=0 o_cswitch_done_val=0 o_cdone_val=0
[CTRL DEBUG] cycle=82000 state=5 start=0 incntlim=64 act_reps=1 wei_reps=1 ncontexts=1 context_cnt=0 act_cnt_en=1 wei_cnt_en=1 act_pop_en=1 wei_pop_en=1 psm_start=0 shift_done=0 done=0 cscnt_q=0 pop_shim_q2=1 cdone_q=0 o_cswitch_done_val=0 o_cdone_val=0
[CTRL DEBUG] cycle=82000 state=5 start=0 incntlim=64 act_reps=1 wei_reps=1 ncontexts=1 context_cnt=0 act_cnt_en=1 wei_cnt_en=1 act_pop_en=1 wei_pop_en=1 psm_start=0 shift_done=0 done=0 cscnt_q=0 pop_shim_q2=1 cdone_q=0 o_cswitch_done_val=0 o_cdone_val=0
[CTRL DEBUG] cycle=82000 state=5 start=0 incntlim=64 act_reps=1 wei_reps=1 ncontexts=1 context_cnt=0 act_cnt_en=1 wei_cnt_en=1 act_pop_en=1 wei_pop_en=1 psm_start=0 shift_done=0 done=0 cscnt_q=0 pop_shim_q2=1 cdone_q=0 o_cswitch_done_val=0 o_cdone_val=0
[CTRL DEBUG] cycle=82000 state=5 start=0 incntlim=64 act_reps=1 wei_reps=1 ncontexts=1 context_cnt=0 act_cnt_en=1 wei_cnt_en=1 act_pop_en=1 wei_pop_en=1 psm_start=0 shift_done=0 done=0 cscnt_q=0 pop_shim_q2=1 cdone_q=0 o_cswitch_done_val=0 o_cdone_val=0
[CTRL DEBUG] cycle=82000 state=5 start=0 incntlim=64 act_reps=1 wei_reps=1 ncontexts=1 context_cnt=0 act_cnt_en=1 wei_cnt_en=1 act_pop_en=1 wei_pop_en=1 psm_start=0 shift_done=0 done=0 cscnt_q=0 pop_shim_q2=1 cdone_q=0 o_cswitch_done_val=0 o_cdone_val=0
[CTRL DEBUG] cycle=82000 state=5 start=0 incntlim=64 act_reps=1 wei_reps=1 ncontexts=1 context_cnt=0 act_cnt_en=1 wei_cnt_en=1 act_pop_en=1 wei_pop_en=1 psm_start=0 shift_done=0 done=0 cscnt_q=0 pop_shim_q2=1 cdone_q=0 o_cswitch_done_val=0 o_cdone_val=0
[CTRL DEBUG] cycle=82001 state=5 start=0 incntlim=64 act_reps=1 wei_reps=1 ncontexts=1 context_cnt=0 act_cnt_en=1 wei_cnt_en=1 act_pop_en=1 wei_pop_en=1 psm_start=0 shift_done=0 done=0 cscnt_q=0 pop_shim_q2=1 cdone_q=0 o_cswitch_done_val=0 o_cdone_val=0
[CTRL DEBUG] cycle=82001 state=5 start=0 incntlim=64 act_reps=1 wei_reps=1 ncontexts=1 context_cnt=0 act_cnt_en=1 wei_cnt_en=1 act_pop_en=1 wei_pop_en=1 psm_start=0 shift_done=0 done=0 cscnt_q=0 pop_shim_q2=1 cdone_q=0 o_cswitch_done_val=0 o_cdone_val=0
[CTRL DEBUG] cycle=82001 state=5 start=0 incntlim=64 act_reps=1 wei_reps=1 ncontexts=1 context_cnt=0 act_cnt_en=1 wei_cnt_en=1 act_pop_en=1 wei_pop_en=1 psm_start=0 shift_done=0 done=0 cscnt_q=0 pop_shim_q2=1 cdone_q=0 o_cswitch_done_val=0 o_cdone_val=0
[CTRL DEBUG] cycle=82001 state=5 start=0 incntlim=64 act_reps=1 wei_reps=1 ncontexts=1 context_cnt=0 act_cnt_en=1 wei_cnt_en=1 act_pop_en=1 wei_pop_en=1 psm_start=0 shift_done=0 done=0 cscnt_q=0 pop_shim_q2=1 cdone_q=0 o_cswitch_done_val=0 o_cdone_val=0
[CTRL DEBUG] cycle=82001 state=5 start=0 incntlim=64 act_reps=1 wei_reps=1 ncontexts=1 context_cnt=0 act_cnt_en=1 wei_cnt_en=1 act_pop_en=1 wei_pop_en=1 psm_start=0 shift_done=0 done=0 cscnt_q=0 pop_shim_q2=1 cdone_q=0 o_cswitch_done_val=0 o_cdone_val=0
[CTRL DEBUG] cycle=82001 state=5 start=0 incntlim=64 act_reps=1 wei_reps=1 ncontexts=1 context_cnt=0 act_cnt_en=1 wei_cnt_en=1 act_pop_en=1 wei_pop_en=1 psm_start=0 shift_done=0 done=0 cscnt_q=0 pop_shim_q2=1 cdone_q=0 o_cswitch_done_val=0 o_cdone_val=0
[CTRL DEBUG] cycle=82002 state=5 start=0 incntlim=64 act_reps=1 wei_reps=1 ncontexts=1 context_cnt=0 act_cnt_en=1 wei_cnt_en=1 act_pop_en=1 wei_pop_en=1 psm_start=0 shift_done=0 done=0 cscnt_q=0 pop_shim_q2=1 cdone_q=0 o_cswitch_done_val=0 o_cdone_val=0
[CTRL DEBUG] cycle=82002 state=5 start=0 incntlim=64 act_reps=1 wei_reps=1 ncontexts=1 context_cnt=0 act_cnt_en=1 wei_cnt_en=1 act_pop_en=1 wei_pop_en=1 psm_start=0 shift_done=0 done=0 cscnt_q=0 pop_shim_q2=1 cdone_q=0 o_cswitch_done_val=0 o_cdone_val=0
[CTRL DEBUG] cycle=82002 state=5 start=0 incntlim=64 act_reps=1 wei_reps=1 ncontexts=1 context_cnt=0 act_cnt_en=1 wei_cnt_en=1 act_pop_en=1 wei_pop_en=1 psm_start=0 shift_done=0 done=0 cscnt_q=0 pop_shim_q2=1 cdone_q=0 o_cswitch_done_val=0 o_cdone_val=0
[CTRL DEBUG] cycle=82002 state=5 start=0 incntlim=64 act_reps=1 wei_reps=1 ncontexts=1 context_cnt=0 act_cnt_en=1 wei_cnt_en=1 act_pop_en=1 wei_pop_en=1 psm_start=0 shift_done=0 done=0 cscnt_q=0 pop_shim_q2=1 cdone_q=0 o_cswitch_done_val=0 o_cdone_val=0
[CTRL DEBUG] cycle=82002 state=5 start=0 incntlim=64 act_reps=1 wei_reps=1 ncontexts=1 context_cnt=0 act_cnt_en=1 wei_cnt_en=1 act_pop_en=1 wei_pop_en=1 psm_start=0 shift_done=0 done=0 cscnt_q=0 pop_shim_q2=1 cdone_q=0 o_cswitch_done_val=0 o_cdone_val=0
[CTRL DEBUG] cycle=82002 state=5 start=0 incntlim=64 act_reps=1 wei_reps=1 ncontexts=1 context_cnt=0 act_cnt_en=1 wei_cnt_en=1 act_pop_en=1 wei_pop_en=1 psm_start=0 shift_done=0 done=0 cscnt_q=0 pop_shim_q2=1 cdone_q=0 o_cswitch_done_val=0 o_cdone_val=0
[CTRL DEBUG] cycle=82003 state=5 start=0 incntlim=64 act_reps=1 wei_reps=1 ncontexts=1 context_cnt=0 act_cnt_en=1 wei_cnt_en=1 act_pop_en=1 wei_pop_en=1 psm_start=0 shift_done=0 done=0 cscnt_q=0 pop_shim_q2=1 cdone_q=0 o_cswitch_done_val=0 o_cdone_val=0
[CTRL DEBUG] cycle=82003 state=5 start=0 incntlim=64 act_reps=1 wei_reps=1 ncontexts=1 context_cnt=0 act_cnt_en=1 wei_cnt_en=1 act_pop_en=1 wei_pop_en=1 psm_start=0 shift_done=0 done=0 cscnt_q=0 pop_shim_q2=1 cdone_q=0 o_cswitch_done_val=0 o_cdone_val=0
[CTRL DEBUG] cycle=82003 state=5 start=0 incntlim=64 act_reps=1 wei_reps=1 ncontexts=1 context_cnt=0 act_cnt_en=1 wei_cnt_en=1 act_pop_en=1 wei_pop_en=1 psm_start=0 shift_done=0 done=0 cscnt_q=0 pop_shim_q2=1 cdone_q=0 o_cswitch_done_val=0 o_cdone_val=0
[CTRL DEBUG] cycle=82003 state=5 start=0 incntlim=64 act_reps=1 wei_reps=1 ncontexts=1 context_cnt=0 act_cnt_en=1 wei_cnt_en=1 act_pop_en=1 wei_pop_en=1 psm_start=0 shift_done=0 done=0 cscnt_q=0 pop_shim_q2=1 cdone_q=0 o_cswitch_done_val=0 o_cdone_val=0
[CTRL DEBUG] cycle=82003 state=5 start=0 incntlim=64 act_reps=1 wei_reps=1 ncontexts=1 context_cnt=0 act_cnt_en=1 wei_cnt_en=1 act_pop_en=1 wei_pop_en=1 psm_start=0 shift_done=0 done=0 cscnt_q=0 pop_shim_q2=1 cdone_q=0 o_cswitch_done_val=0 o_cdone_val=0
[CTRL DEBUG] cycle=82003 state=5 start=0 incntlim=64 act_reps=1 wei_reps=1 ncontexts=1 context_cnt=0 act_cnt_en=1 wei_cnt_en=1 act_pop_en=1 wei_pop_en=1 psm_start=0 shift_done=0 done=0 cscnt_q=0 pop_shim_q2=1 cdone_q=0 o_cswitch_done_val=0 o_cdone_val=0
[CTRL DEBUG] cycle=82004 state=5 start=0 incntlim=64 act_reps=1 wei_reps=1 ncontexts=1 context_cnt=0 act_cnt_en=1 wei_cnt_en=1 act_pop_en=1 wei_pop_en=1 psm_start=0 shift_done=0 done=0 cscnt_q=0 pop_shim_q2=1 cdone_q=0 o_cswitch_done_val=0 o_cdone_val=0
[CTRL DEBUG] cycle=82004 state=5 start=0 incntlim=64 act_reps=1 wei_reps=1 ncontexts=1 context_cnt=0 act_cnt_en=1 wei_cnt_en=1 act_pop_en=1 wei_pop_en=1 psm_start=0 shift_done=0 done=0 cscnt_q=0 pop_shim_q2=1 cdone_q=0 o_cswitch_done_val=0 o_cdone_val=0
[CTRL DEBUG] cycle=82004 state=5 start=0 incntlim=64 act_reps=1 wei_reps=1 ncontexts=1 context_cnt=0 act_cnt_en=1 wei_cnt_en=1 act_pop_en=1 wei_pop_en=1 psm_start=0 shift_done=0 done=0 cscnt_q=0 pop_shim_q2=1 cdone_q=0 o_cswitch_done_val=0 o_cdone_val=0
[CTRL DEBUG] cycle=82004 state=5 start=0 incntlim=64 act_reps=1 wei_reps=1 ncontexts=1 context_cnt=0 act_cnt_en=1 wei_cnt_en=1 act_pop_en=1 wei_pop_en=1 psm_start=0 shift_done=0 done=0 cscnt_q=0 pop_shim_q2=1 cdone_q=0 o_cswitch_done_val=0 o_cdone_val=0
[CTRL DEBUG] cycle=82004 state=5 start=0 incntlim=64 act_reps=1 wei_reps=1 ncontexts=1 context_cnt=0 act_cnt_en=1 wei_cnt_en=1 act_pop_en=1 wei_pop_en=1 psm_start=0 shift_done=0 done=0 cscnt_q=0 pop_shim_q2=1 cdone_q=0 o_cswitch_done_val=0 o_cdone_val=0
[CTRL DEBUG] cycle=82004 state=5 start=0 incntlim=64 act_reps=1 wei_reps=1 ncontexts=1 context_cnt=0 act_cnt_en=1 wei_cnt_en=1 act_pop_en=1 wei_pop_en=1 psm_start=0 shift_done=0 done=0 cscnt_q=0 pop_shim_q2=1 cdone_q=0 o_cswitch_done_val=0 o_cdone_val=0
[CTRL DEBUG] cycle=82005 state=5 start=0 incntlim=64 act_reps=1 wei_reps=1 ncontexts=1 context_cnt=0 act_cnt_en=1 wei_cnt_en=1 act_pop_en=1 wei_pop_en=1 psm_start=0 shift_done=0 done=0 cscnt_q=0 pop_shim_q2=1 cdone_q=0 o_cswitch_done_val=0 o_cdone_val=0
[CTRL DEBUG] cycle=82005 state=5 start=0 incntlim=64 act_reps=1 wei_reps=1 ncontexts=1 context_cnt=0 act_cnt_en=1 wei_cnt_en=1 act_pop_en=1 wei_pop_en=1 psm_start=0 shift_done=0 done=0 cscnt_q=0 pop_shim_q2=1 cdone_q=0 o_cswitch_done_val=0 o_cdone_val=0
[CTRL DEBUG] cycle=82005 state=5 start=0 incntlim=64 act_reps=1 wei_reps=1 ncontexts=1 context_cnt=0 act_cnt_en=1 wei_cnt_en=1 act_pop_en=1 wei_pop_en=1 psm_start=0 shift_done=0 done=0 cscnt_q=0 pop_shim_q2=1 cdone_q=0 o_cswitch_done_val=0 o_cdone_val=0
[CTRL DEBUG] cycle=82005 state=5 start=0 incntlim=64 act_reps=1 wei_reps=1 ncontexts=1 context_cnt=0 act_cnt_en=1 wei_cnt_en=1 act_pop_en=1 wei_pop_en=1 psm_start=0 shift_done=0 done=0 cscnt_q=0 pop_shim_q2=1 cdone_q=0 o_cswitch_done_val=0 o_cdone_val=0
[CTRL DEBUG] cycle=82005 state=5 start=0 incntlim=64 act_reps=1 wei_reps=1 ncontexts=1 context_cnt=0 act_cnt_en=1 wei_cnt_en=1 act_pop_en=1 wei_pop_en=1 psm_start=0 shift_done=0 done=0 cscnt_q=0 pop_shim_q2=1 cdone_q=0 o_cswitch_done_val=0 o_cdone_val=0
[CTRL DEBUG] cycle=82005 state=5 start=0 incntlim=64 act_reps=1 wei_reps=1 ncontexts=1 context_cnt=0 act_cnt_en=1 wei_cnt_en=1 act_pop_en=1 wei_pop_en=1 psm_start=0 shift_done=0 done=0 cscnt_q=0 pop_shim_q2=1 cdone_q=0 o_cswitch_done_val=0 o_cdone_val=0
[CTRL DEBUG] cycle=82006 state=5 start=0 incntlim=64 act_reps=1 wei_reps=1 ncontexts=1 context_cnt=0 act_cnt_en=1 wei_cnt_en=1 act_pop_en=1 wei_pop_en=1 psm_start=0 shift_done=0 done=0 cscnt_q=0 pop_shim_q2=1 cdone_q=0 o_cswitch_done_val=0 o_cdone_val=0
[CTRL DEBUG] cycle=82006 state=5 start=0 incntlim=64 act_reps=1 wei_reps=1 ncontexts=1 context_cnt=0 act_cnt_en=1 wei_cnt_en=1 act_pop_en=1 wei_pop_en=1 psm_start=0 shift_done=0 done=0 cscnt_q=0 pop_shim_q2=1 cdone_q=0 o_cswitch_done_val=0 o_cdone_val=0
[CTRL DEBUG] cycle=82006 state=5 start=0 incntlim=64 act_reps=1 wei_reps=1 ncontexts=1 context_cnt=0 act_cnt_en=1 wei_cnt_en=1 act_pop_en=1 wei_pop_en=1 psm_start=0 shift_done=0 done=0 cscnt_q=0 pop_shim_q2=1 cdone_q=0 o_cswitch_done_val=0 o_cdone_val=0
[CTRL DEBUG] cycle=82006 state=5 start=0 incntlim=64 act_reps=1 wei_reps=1 ncontexts=1 context_cnt=0 act_cnt_en=1 wei_cnt_en=1 act_pop_en=1 wei_pop_en=1 psm_start=0 shift_done=0 done=0 cscnt_q=0 pop_shim_q2=1 cdone_q=0 o_cswitch_done_val=0 o_cdone_val=0
[CTRL DEBUG] cycle=82006 state=5 start=0 incntlim=64 act_reps=1 wei_reps=1 ncontexts=1 context_cnt=0 act_cnt_en=1 wei_cnt_en=1 act_pop_en=1 wei_pop_en=1 psm_start=0 shift_done=0 done=0 cscnt_q=0 pop_shim_q2=1 cdone_q=0 o_cswitch_done_val=0 o_cdone_val=0
[CTRL DEBUG] cycle=82006 state=5 start=0 incntlim=64 act_reps=1 wei_reps=1 ncontexts=1 context_cnt=0 act_cnt_en=1 wei_cnt_en=1 act_pop_en=1 wei_pop_en=1 psm_start=0 shift_done=0 done=0 cscnt_q=0 pop_shim_q2=1 cdone_q=0 o_cswitch_done_val=0 o_cdone_val=0
[CTRL DEBUG] cycle=82007 state=5 start=0 incntlim=64 act_reps=1 wei_reps=1 ncontexts=1 context_cnt=0 act_cnt_en=1 wei_cnt_en=1 act_pop_en=1 wei_pop_en=1 psm_start=0 shift_done=0 done=0 cscnt_q=0 pop_shim_q2=1 cdone_q=0 o_cswitch_done_val=0 o_cdone_val=0
[CTRL DEBUG] cycle=82007 state=5 start=0 incntlim=64 act_reps=1 wei_reps=1 ncontexts=1 context_cnt=0 act_cnt_en=1 wei_cnt_en=1 act_pop_en=1 wei_pop_en=1 psm_start=0 shift_done=0 done=0 cscnt_q=0 pop_shim_q2=1 cdone_q=0 o_cswitch_done_val=0 o_cdone_val=0
[CTRL DEBUG] cycle=82007 state=5 start=0 incntlim=64 act_reps=1 wei_reps=1 ncontexts=1 context_cnt=0 act_cnt_en=1 wei_cnt_en=1 act_pop_en=1 wei_pop_en=1 psm_start=0 shift_done=0 done=0 cscnt_q=0 pop_shim_q2=1 cdone_q=0 o_cswitch_done_val=0 o_cdone_val=0
[CTRL DEBUG] cycle=82007 state=5 start=0 incntlim=64 act_reps=1 wei_reps=1 ncontexts=1 context_cnt=0 act_cnt_en=1 wei_cnt_en=1 act_pop_en=1 wei_pop_en=1 psm_start=0 shift_done=0 done=0 cscnt_q=0 pop_shim_q2=1 cdone_q=0 o_cswitch_done_val=0 o_cdone_val=0
[CTRL DEBUG] cycle=82007 state=5 start=0 incntlim=64 act_reps=1 wei_reps=1 ncontexts=1 context_cnt=0 act_cnt_en=1 wei_cnt_en=1 act_pop_en=1 wei_pop_en=1 psm_start=0 shift_done=0 done=0 cscnt_q=0 pop_shim_q2=1 cdone_q=0 o_cswitch_done_val=0 o_cdone_val=0
[CTRL DEBUG] cycle=82007 state=5 start=0 incntlim=64 act_reps=1 wei_reps=1 ncontexts=1 context_cnt=0 act_cnt_en=1 wei_cnt_en=1 act_pop_en=1 wei_pop_en=1 psm_start=0 shift_done=0 done=0 cscnt_q=0 pop_shim_q2=1 cdone_q=0 o_cswitch_done_val=0 o_cdone_val=0
[CTRL DEBUG] cycle=82008 state=5 start=0 incntlim=64 act_reps=1 wei_reps=1 ncontexts=1 context_cnt=0 act_cnt_en=1 wei_cnt_en=1 act_pop_en=1 wei_pop_en=1 psm_start=0 shift_done=0 done=0 cscnt_q=0 pop_shim_q2=1 cdone_q=0 o_cswitch_done_val=0 o_cdone_val=0
[CTRL DEBUG] cycle=82008 state=5 start=0 incntlim=64 act_reps=1 wei_reps=1 ncontexts=1 context_cnt=0 act_cnt_en=1 wei_cnt_en=1 act_pop_en=1 wei_pop_en=1 psm_start=0 shift_done=0 done=0 cscnt_q=0 pop_shim_q2=1 cdone_q=0 o_cswitch_done_val=0 o_cdone_val=0
[CTRL DEBUG] cycle=82008 state=5 start=0 incntlim=64 act_reps=1 wei_reps=1 ncontexts=1 context_cnt=0 act_cnt_en=1 wei_cnt_en=1 act_pop_en=1 wei_pop_en=1 psm_start=0 shift_done=0 done=0 cscnt_q=0 pop_shim_q2=1 cdone_q=0 o_cswitch_done_val=0 o_cdone_val=0
[CTRL DEBUG] cycle=82008 state=5 start=0 incntlim=64 act_reps=1 wei_reps=1 ncontexts=1 context_cnt=0 act_cnt_en=1 wei_cnt_en=1 act_pop_en=1 wei_pop_en=1 psm_start=0 shift_done=0 done=0 cscnt_q=0 pop_shim_q2=1 cdone_q=0 o_cswitch_done_val=0 o_cdone_val=0
[CTRL DEBUG] cycle=82008 state=5 start=0 incntlim=64 act_reps=1 wei_reps=1 ncontexts=1 context_cnt=0 act_cnt_en=1 wei_cnt_en=1 act_pop_en=1 wei_pop_en=1 psm_start=0 shift_done=0 done=0 cscnt_q=0 pop_shim_q2=1 cdone_q=0 o_cswitch_done_val=0 o_cdone_val=0
[CTRL DEBUG] cycle=82008 state=5 start=0 incntlim=64 act_reps=1 wei_reps=1 ncontexts=1 context_cnt=0 act_cnt_en=1 wei_cnt_en=1 act_pop_en=1 wei_pop_en=1 psm_start=0 shift_done=0 done=0 cscnt_q=0 pop_shim_q2=1 cdone_q=0 o_cswitch_done_val=0 o_cdone_val=0
[CTRL DEBUG] cycle=82009 state=5 start=0 incntlim=64 act_reps=1 wei_reps=1 ncontexts=1 context_cnt=0 act_cnt_en=1 wei_cnt_en=1 act_pop_en=1 wei_pop_en=1 psm_start=0 shift_done=0 done=0 cscnt_q=0 pop_shim_q2=1 cdone_q=0 o_cswitch_done_val=0 o_cdone_val=0
[CTRL DEBUG] cycle=82009 state=5 start=0 incntlim=64 act_reps=1 wei_reps=1 ncontexts=1 context_cnt=0 act_cnt_en=1 wei_cnt_en=1 act_pop_en=1 wei_pop_en=1 psm_start=0 shift_done=0 done=0 cscnt_q=0 pop_shim_q2=1 cdone_q=0 o_cswitch_done_val=0 o_cdone_val=0
[CTRL DEBUG] cycle=82009 state=5 start=0 incntlim=64 act_reps=1 wei_reps=1 ncontexts=1 context_cnt=0 act_cnt_en=1 wei_cnt_en=1 act_pop_en=1 wei_pop_en=1 psm_start=0 shift_done=0 done=0 cscnt_q=0 pop_shim_q2=1 cdone_q=0 o_cswitch_done_val=0 o_cdone_val=0
[CTRL DEBUG] cycle=82009 state=5 start=0 incntlim=64 act_reps=1 wei_reps=1 ncontexts=1 context_cnt=0 act_cnt_en=1 wei_cnt_en=1 act_pop_en=1 wei_pop_en=1 psm_start=0 shift_done=0 done=0 cscnt_q=0 pop_shim_q2=1 cdone_q=0 o_cswitch_done_val=0 o_cdone_val=0
[CTRL DEBUG] cycle=82009 state=5 start=0 incntlim=64 act_reps=1 wei_reps=1 ncontexts=1 context_cnt=0 act_cnt_en=1 wei_cnt_en=1 act_pop_en=1 wei_pop_en=1 psm_start=0 shift_done=0 done=0 cscnt_q=0 pop_shim_q2=1 cdone_q=0 o_cswitch_done_val=0 o_cdone_val=0
[CTRL DEBUG] cycle=82009 state=5 start=0 incntlim=64 act_reps=1 wei_reps=1 ncontexts=1 context_cnt=0 act_cnt_en=1 wei_cnt_en=1 act_pop_en=1 wei_pop_en=1 psm_start=0 shift_done=0 done=0 cscnt_q=0 pop_shim_q2=1 cdone_q=0 o_cswitch_done_val=0 o_cdone_val=0
[CTRL DEBUG] cycle=82010 state=5 start=0 incntlim=64 act_reps=1 wei_reps=1 ncontexts=1 context_cnt=0 act_cnt_en=1 wei_cnt_en=1 act_pop_en=1 wei_pop_en=1 psm_start=0 shift_done=0 done=0 cscnt_q=0 pop_shim_q2=1 cdone_q=0 o_cswitch_done_val=0 o_cdone_val=0
[CTRL DEBUG] cycle=82010 state=5 start=0 incntlim=64 act_reps=1 wei_reps=1 ncontexts=1 context_cnt=0 act_cnt_en=1 wei_cnt_en=1 act_pop_en=1 wei_pop_en=1 psm_start=0 shift_done=0 done=0 cscnt_q=0 pop_shim_q2=1 cdone_q=0 o_cswitch_done_val=0 o_cdone_val=0
[CTRL DEBUG] cycle=82010 state=5 start=0 incntlim=64 act_reps=1 wei_reps=1 ncontexts=1 context_cnt=0 act_cnt_en=1 wei_cnt_en=1 act_pop_en=1 wei_pop_en=1 psm_start=0 shift_done=0 done=0 cscnt_q=0 pop_shim_q2=1 cdone_q=0 o_cswitch_done_val=0 o_cdone_val=0
[CTRL DEBUG] cycle=82010 state=5 start=0 incntlim=64 act_reps=1 wei_reps=1 ncontexts=1 context_cnt=0 act_cnt_en=1 wei_cnt_en=1 act_pop_en=1 wei_pop_en=1 psm_start=0 shift_done=0 done=0 cscnt_q=0 pop_shim_q2=1 cdone_q=0 o_cswitch_done_val=0 o_cdone_val=0
[CTRL DEBUG] cycle=82010 state=5 start=0 incntlim=64 act_reps=1 wei_reps=1 ncontexts=1 context_cnt=0 act_cnt_en=1 wei_cnt_en=1 act_pop_en=1 wei_pop_en=1 psm_start=0 shift_done=0 done=0 cscnt_q=0 pop_shim_q2=1 cdone_q=0 o_cswitch_done_val=0 o_cdone_val=0
[CTRL DEBUG] cycle=82010 state=5 start=0 incntlim=64 act_reps=1 wei_reps=1 ncontexts=1 context_cnt=0 act_cnt_en=1 wei_cnt_en=1 act_pop_en=1 wei_pop_en=1 psm_start=0 shift_done=0 done=0 cscnt_q=0 pop_shim_q2=1 cdone_q=0 o_cswitch_done_val=0 o_cdone_val=0
[CTRL DEBUG] cycle=82011 state=5 start=0 incntlim=64 act_reps=1 wei_reps=1 ncontexts=1 context_cnt=0 act_cnt_en=1 wei_cnt_en=1 act_pop_en=1 wei_pop_en=1 psm_start=0 shift_done=0 done=0 cscnt_q=0 pop_shim_q2=1 cdone_q=0 o_cswitch_done_val=0 o_cdone_val=0
[CTRL DEBUG] cycle=82011 state=5 start=0 incntlim=64 act_reps=1 wei_reps=1 ncontexts=1 context_cnt=0 act_cnt_en=1 wei_cnt_en=1 act_pop_en=1 wei_pop_en=1 psm_start=0 shift_done=0 done=0 cscnt_q=0 pop_shim_q2=1 cdone_q=0 o_cswitch_done_val=0 o_cdone_val=0
[CTRL DEBUG] cycle=82011 state=5 start=0 incntlim=64 act_reps=1 wei_reps=1 ncontexts=1 context_cnt=0 act_cnt_en=1 wei_cnt_en=1 act_pop_en=1 wei_pop_en=1 psm_start=0 shift_done=0 done=0 cscnt_q=0 pop_shim_q2=1 cdone_q=0 o_cswitch_done_val=0 o_cdone_val=0
[CTRL DEBUG] cycle=82011 state=5 start=0 incntlim=64 act_reps=1 wei_reps=1 ncontexts=1 context_cnt=0 act_cnt_en=1 wei_cnt_en=1 act_pop_en=1 wei_pop_en=1 psm_start=0 shift_done=0 done=0 cscnt_q=0 pop_shim_q2=1 cdone_q=0 o_cswitch_done_val=0 o_cdone_val=0
[CTRL DEBUG] cycle=82011 state=5 start=0 incntlim=64 act_reps=1 wei_reps=1 ncontexts=1 context_cnt=0 act_cnt_en=1 wei_cnt_en=1 act_pop_en=1 wei_pop_en=1 psm_start=0 shift_done=0 done=0 cscnt_q=0 pop_shim_q2=1 cdone_q=0 o_cswitch_done_val=0 o_cdone_val=0
[CTRL DEBUG] cycle=82011 state=5 start=0 incntlim=64 act_reps=1 wei_reps=1 ncontexts=1 context_cnt=0 act_cnt_en=1 wei_cnt_en=1 act_pop_en=1 wei_pop_en=1 psm_start=0 shift_done=0 done=0 cscnt_q=0 pop_shim_q2=1 cdone_q=0 o_cswitch_done_val=0 o_cdone_val=0
[CTRL DEBUG] cycle=82012 state=5 start=0 incntlim=64 act_reps=1 wei_reps=1 ncontexts=1 context_cnt=0 act_cnt_en=1 wei_cnt_en=1 act_pop_en=1 wei_pop_en=1 psm_start=0 shift_done=0 done=0 cscnt_q=0 pop_shim_q2=1 cdone_q=0 o_cswitch_done_val=0 o_cdone_val=0
[CTRL DEBUG] cycle=82012 state=5 start=0 incntlim=64 act_reps=1 wei_reps=1 ncontexts=1 context_cnt=0 act_cnt_en=1 wei_cnt_en=1 act_pop_en=1 wei_pop_en=1 psm_start=0 shift_done=0 done=0 cscnt_q=0 pop_shim_q2=1 cdone_q=0 o_cswitch_done_val=0 o_cdone_val=0
[CTRL DEBUG] cycle=82012 state=5 start=0 incntlim=64 act_reps=1 wei_reps=1 ncontexts=1 context_cnt=0 act_cnt_en=1 wei_cnt_en=1 act_pop_en=1 wei_pop_en=1 psm_start=0 shift_done=0 done=0 cscnt_q=0 pop_shim_q2=1 cdone_q=0 o_cswitch_done_val=0 o_cdone_val=0
[CTRL DEBUG] cycle=82012 state=5 start=0 incntlim=64 act_reps=1 wei_reps=1 ncontexts=1 context_cnt=0 act_cnt_en=1 wei_cnt_en=1 act_pop_en=1 wei_pop_en=1 psm_start=0 shift_done=0 done=0 cscnt_q=0 pop_shim_q2=1 cdone_q=0 o_cswitch_done_val=0 o_cdone_val=0
[CTRL DEBUG] cycle=82012 state=5 start=0 incntlim=64 act_reps=1 wei_reps=1 ncontexts=1 context_cnt=0 act_cnt_en=1 wei_cnt_en=1 act_pop_en=1 wei_pop_en=1 psm_start=0 shift_done=0 done=0 cscnt_q=0 pop_shim_q2=1 cdone_q=0 o_cswitch_done_val=0 o_cdone_val=0
[CTRL DEBUG] cycle=82012 state=5 start=0 incntlim=64 act_reps=1 wei_reps=1 ncontexts=1 context_cnt=0 act_cnt_en=1 wei_cnt_en=1 act_pop_en=1 wei_pop_en=1 psm_start=0 shift_done=0 done=0 cscnt_q=0 pop_shim_q2=1 cdone_q=0 o_cswitch_done_val=0 o_cdone_val=0
[CTRL DEBUG] cycle=82013 state=5 start=0 incntlim=64 act_reps=1 wei_reps=1 ncontexts=1 context_cnt=0 act_cnt_en=1 wei_cnt_en=1 act_pop_en=1 wei_pop_en=1 psm_start=0 shift_done=0 done=0 cscnt_q=0 pop_shim_q2=1 cdone_q=0 o_cswitch_done_val=0 o_cdone_val=0
[CTRL DEBUG] cycle=82013 state=5 start=0 incntlim=64 act_reps=1 wei_reps=1 ncontexts=1 context_cnt=0 act_cnt_en=1 wei_cnt_en=1 act_pop_en=1 wei_pop_en=1 psm_start=0 shift_done=0 done=0 cscnt_q=0 pop_shim_q2=1 cdone_q=0 o_cswitch_done_val=0 o_cdone_val=0
[CTRL DEBUG] cycle=82013 state=5 start=0 incntlim=64 act_reps=1 wei_reps=1 ncontexts=1 context_cnt=0 act_cnt_en=1 wei_cnt_en=1 act_pop_en=1 wei_pop_en=1 psm_start=0 shift_done=0 done=0 cscnt_q=0 pop_shim_q2=1 cdone_q=0 o_cswitch_done_val=0 o_cdone_val=0
[CTRL DEBUG] cycle=82013 state=5 start=0 incntlim=64 act_reps=1 wei_reps=1 ncontexts=1 context_cnt=0 act_cnt_en=1 wei_cnt_en=1 act_pop_en=1 wei_pop_en=1 psm_start=0 shift_done=0 done=0 cscnt_q=0 pop_shim_q2=1 cdone_q=0 o_cswitch_done_val=0 o_cdone_val=0
[CTRL DEBUG] cycle=82013 state=5 start=0 incntlim=64 act_reps=1 wei_reps=1 ncontexts=1 context_cnt=0 act_cnt_en=1 wei_cnt_en=1 act_pop_en=1 wei_pop_en=1 psm_start=0 shift_done=0 done=0 cscnt_q=0 pop_shim_q2=1 cdone_q=0 o_cswitch_done_val=0 o_cdone_val=0
[CTRL DEBUG] cycle=82013 state=5 start=0 incntlim=64 act_reps=1 wei_reps=1 ncontexts=1 context_cnt=0 act_cnt_en=1 wei_cnt_en=1 act_pop_en=1 wei_pop_en=1 psm_start=0 shift_done=0 done=0 cscnt_q=0 pop_shim_q2=1 cdone_q=0 o_cswitch_done_val=0 o_cdone_val=0
[CTRL DEBUG] cycle=82014 state=5 start=0 incntlim=64 act_reps=1 wei_reps=1 ncontexts=1 context_cnt=0 act_cnt_en=1 wei_cnt_en=1 act_pop_en=1 wei_pop_en=1 psm_start=0 shift_done=0 done=0 cscnt_q=0 pop_shim_q2=1 cdone_q=0 o_cswitch_done_val=0 o_cdone_val=0
[CTRL DEBUG] cycle=82014 state=5 start=0 incntlim=64 act_reps=1 wei_reps=1 ncontexts=1 context_cnt=0 act_cnt_en=1 wei_cnt_en=1 act_pop_en=1 wei_pop_en=1 psm_start=0 shift_done=0 done=0 cscnt_q=0 pop_shim_q2=1 cdone_q=0 o_cswitch_done_val=0 o_cdone_val=0
[CTRL DEBUG] cycle=82014 state=5 start=0 incntlim=64 act_reps=1 wei_reps=1 ncontexts=1 context_cnt=0 act_cnt_en=1 wei_cnt_en=1 act_pop_en=1 wei_pop_en=1 psm_start=0 shift_done=0 done=0 cscnt_q=0 pop_shim_q2=1 cdone_q=0 o_cswitch_done_val=0 o_cdone_val=0
[CTRL DEBUG] cycle=82014 state=5 start=0 incntlim=64 act_reps=1 wei_reps=1 ncontexts=1 context_cnt=0 act_cnt_en=1 wei_cnt_en=1 act_pop_en=1 wei_pop_en=1 psm_start=0 shift_done=0 done=0 cscnt_q=0 pop_shim_q2=1 cdone_q=0 o_cswitch_done_val=0 o_cdone_val=0
[CTRL DEBUG] cycle=82014 state=5 start=0 incntlim=64 act_reps=1 wei_reps=1 ncontexts=1 context_cnt=0 act_cnt_en=1 wei_cnt_en=1 act_pop_en=1 wei_pop_en=1 psm_start=0 shift_done=0 done=0 cscnt_q=0 pop_shim_q2=1 cdone_q=0 o_cswitch_done_val=0 o_cdone_val=0
[CTRL DEBUG] cycle=82014 state=5 start=0 incntlim=64 act_reps=1 wei_reps=1 ncontexts=1 context_cnt=0 act_cnt_en=1 wei_cnt_en=1 act_pop_en=1 wei_pop_en=1 psm_start=0 shift_done=0 done=0 cscnt_q=0 pop_shim_q2=1 cdone_q=0 o_cswitch_done_val=0 o_cdone_val=0
[CTRL DEBUG] cycle=82015 state=5 start=0 incntlim=64 act_reps=1 wei_reps=1 ncontexts=1 context_cnt=0 act_cnt_en=1 wei_cnt_en=1 act_pop_en=1 wei_pop_en=1 psm_start=0 shift_done=0 done=0 cscnt_q=0 pop_shim_q2=1 cdone_q=0 o_cswitch_done_val=0 o_cdone_val=0
[CTRL DEBUG] cycle=82015 state=5 start=0 incntlim=64 act_reps=1 wei_reps=1 ncontexts=1 context_cnt=0 act_cnt_en=1 wei_cnt_en=1 act_pop_en=1 wei_pop_en=1 psm_start=0 shift_done=0 done=0 cscnt_q=0 pop_shim_q2=1 cdone_q=0 o_cswitch_done_val=0 o_cdone_val=0
[CTRL DEBUG] cycle=82015 state=5 start=0 incntlim=64 act_reps=1 wei_reps=1 ncontexts=1 context_cnt=0 act_cnt_en=1 wei_cnt_en=1 act_pop_en=1 wei_pop_en=1 psm_start=0 shift_done=0 done=0 cscnt_q=0 pop_shim_q2=1 cdone_q=0 o_cswitch_done_val=0 o_cdone_val=0
[CTRL DEBUG] cycle=82015 state=5 start=0 incntlim=64 act_reps=1 wei_reps=1 ncontexts=1 context_cnt=0 act_cnt_en=1 wei_cnt_en=1 act_pop_en=1 wei_pop_en=1 psm_start=0 shift_done=0 done=0 cscnt_q=0 pop_shim_q2=1 cdone_q=0 o_cswitch_done_val=0 o_cdone_val=0
[CTRL DEBUG] cycle=82015 state=5 start=0 incntlim=64 act_reps=1 wei_reps=1 ncontexts=1 context_cnt=0 act_cnt_en=1 wei_cnt_en=1 act_pop_en=1 wei_pop_en=1 psm_start=0 shift_done=0 done=0 cscnt_q=0 pop_shim_q2=1 cdone_q=0 o_cswitch_done_val=0 o_cdone_val=0
[CTRL DEBUG] cycle=82015 state=5 start=0 incntlim=64 act_reps=1 wei_reps=1 ncontexts=1 context_cnt=0 act_cnt_en=1 wei_cnt_en=1 act_pop_en=1 wei_pop_en=1 psm_start=0 shift_done=0 done=0 cscnt_q=0 pop_shim_q2=1 cdone_q=0 o_cswitch_done_val=0 o_cdone_val=0
[CTRL DEBUG] cycle=82016 state=5 start=0 incntlim=64 act_reps=1 wei_reps=1 ncontexts=1 context_cnt=0 act_cnt_en=1 wei_cnt_en=1 act_pop_en=1 wei_pop_en=1 psm_start=0 shift_done=0 done=0 cscnt_q=0 pop_shim_q2=1 cdone_q=0 o_cswitch_done_val=0 o_cdone_val=0
[CTRL DEBUG] cycle=82016 state=5 start=0 incntlim=64 act_reps=1 wei_reps=1 ncontexts=1 context_cnt=0 act_cnt_en=1 wei_cnt_en=1 act_pop_en=1 wei_pop_en=1 psm_start=0 shift_done=0 done=0 cscnt_q=0 pop_shim_q2=1 cdone_q=0 o_cswitch_done_val=0 o_cdone_val=0
[CTRL DEBUG] cycle=82016 state=5 start=0 incntlim=64 act_reps=1 wei_reps=1 ncontexts=1 context_cnt=0 act_cnt_en=1 wei_cnt_en=1 act_pop_en=1 wei_pop_en=1 psm_start=0 shift_done=0 done=0 cscnt_q=0 pop_shim_q2=1 cdone_q=0 o_cswitch_done_val=0 o_cdone_val=0
[CTRL DEBUG] cycle=82016 state=5 start=0 incntlim=64 act_reps=1 wei_reps=1 ncontexts=1 context_cnt=0 act_cnt_en=1 wei_cnt_en=1 act_pop_en=1 wei_pop_en=1 psm_start=0 shift_done=0 done=0 cscnt_q=0 pop_shim_q2=1 cdone_q=0 o_cswitch_done_val=0 o_cdone_val=0
[CTRL DEBUG] cycle=82016 state=5 start=0 incntlim=64 act_reps=1 wei_reps=1 ncontexts=1 context_cnt=0 act_cnt_en=1 wei_cnt_en=1 act_pop_en=1 wei_pop_en=1 psm_start=0 shift_done=0 done=0 cscnt_q=0 pop_shim_q2=1 cdone_q=0 o_cswitch_done_val=0 o_cdone_val=0
[CTRL DEBUG] cycle=82016 state=5 start=0 incntlim=64 act_reps=1 wei_reps=1 ncontexts=1 context_cnt=0 act_cnt_en=1 wei_cnt_en=1 act_pop_en=1 wei_pop_en=1 psm_start=0 shift_done=0 done=0 cscnt_q=0 pop_shim_q2=1 cdone_q=0 o_cswitch_done_val=0 o_cdone_val=0
[CTRL DEBUG] cycle=82017 state=5 start=0 incntlim=64 act_reps=1 wei_reps=1 ncontexts=1 context_cnt=0 act_cnt_en=1 wei_cnt_en=1 act_pop_en=1 wei_pop_en=1 psm_start=0 shift_done=0 done=0 cscnt_q=0 pop_shim_q2=1 cdone_q=0 o_cswitch_done_val=0 o_cdone_val=0
[CTRL DEBUG] cycle=82017 state=5 start=0 incntlim=64 act_reps=1 wei_reps=1 ncontexts=1 context_cnt=0 act_cnt_en=1 wei_cnt_en=1 act_pop_en=1 wei_pop_en=1 psm_start=0 shift_done=0 done=0 cscnt_q=0 pop_shim_q2=1 cdone_q=0 o_cswitch_done_val=0 o_cdone_val=0
[CTRL DEBUG] cycle=82017 state=5 start=0 incntlim=64 act_reps=1 wei_reps=1 ncontexts=1 context_cnt=0 act_cnt_en=1 wei_cnt_en=1 act_pop_en=1 wei_pop_en=1 psm_start=0 shift_done=0 done=0 cscnt_q=0 pop_shim_q2=1 cdone_q=0 o_cswitch_done_val=0 o_cdone_val=0
[CTRL DEBUG] cycle=82017 state=5 start=0 incntlim=64 act_reps=1 wei_reps=1 ncontexts=1 context_cnt=0 act_cnt_en=1 wei_cnt_en=1 act_pop_en=1 wei_pop_en=1 psm_start=0 shift_done=0 done=0 cscnt_q=0 pop_shim_q2=1 cdone_q=0 o_cswitch_done_val=0 o_cdone_val=0
[CTRL DEBUG] cycle=82017 state=5 start=0 incntlim=64 act_reps=1 wei_reps=1 ncontexts=1 context_cnt=0 act_cnt_en=1 wei_cnt_en=1 act_pop_en=1 wei_pop_en=1 psm_start=0 shift_done=0 done=0 cscnt_q=0 pop_shim_q2=1 cdone_q=0 o_cswitch_done_val=0 o_cdone_val=0
[CTRL DEBUG] cycle=82017 state=5 start=0 incntlim=64 act_reps=1 wei_reps=1 ncontexts=1 context_cnt=0 act_cnt_en=1 wei_cnt_en=1 act_pop_en=1 wei_pop_en=1 psm_start=0 shift_done=0 done=0 cscnt_q=0 pop_shim_q2=1 cdone_q=0 o_cswitch_done_val=0 o_cdone_val=0
[CTRL DEBUG] cycle=82018 state=5 start=0 incntlim=64 act_reps=1 wei_reps=1 ncontexts=1 context_cnt=0 act_cnt_en=1 wei_cnt_en=1 act_pop_en=1 wei_pop_en=1 psm_start=0 shift_done=0 done=0 cscnt_q=0 pop_shim_q2=1 cdone_q=0 o_cswitch_done_val=0 o_cdone_val=0
[CTRL DEBUG] cycle=82018 state=5 start=0 incntlim=64 act_reps=1 wei_reps=1 ncontexts=1 context_cnt=0 act_cnt_en=1 wei_cnt_en=1 act_pop_en=1 wei_pop_en=1 psm_start=0 shift_done=0 done=0 cscnt_q=0 pop_shim_q2=1 cdone_q=0 o_cswitch_done_val=0 o_cdone_val=0
[CTRL DEBUG] cycle=82018 state=5 start=0 incntlim=64 act_reps=1 wei_reps=1 ncontexts=1 context_cnt=0 act_cnt_en=1 wei_cnt_en=1 act_pop_en=1 wei_pop_en=1 psm_start=0 shift_done=0 done=0 cscnt_q=0 pop_shim_q2=1 cdone_q=0 o_cswitch_done_val=0 o_cdone_val=0
[CTRL DEBUG] cycle=82018 state=5 start=0 incntlim=64 act_reps=1 wei_reps=1 ncontexts=1 context_cnt=0 act_cnt_en=1 wei_cnt_en=1 act_pop_en=1 wei_pop_en=1 psm_start=0 shift_done=0 done=0 cscnt_q=0 pop_shim_q2=1 cdone_q=0 o_cswitch_done_val=0 o_cdone_val=0
[CTRL DEBUG] cycle=82018 state=5 start=0 incntlim=64 act_reps=1 wei_reps=1 ncontexts=1 context_cnt=0 act_cnt_en=1 wei_cnt_en=1 act_pop_en=1 wei_pop_en=1 psm_start=0 shift_done=0 done=0 cscnt_q=0 pop_shim_q2=1 cdone_q=0 o_cswitch_done_val=0 o_cdone_val=0
[CTRL DEBUG] cycle=82018 state=5 start=0 incntlim=64 act_reps=1 wei_reps=1 ncontexts=1 context_cnt=0 act_cnt_en=1 wei_cnt_en=1 act_pop_en=1 wei_pop_en=1 psm_start=0 shift_done=0 done=0 cscnt_q=0 pop_shim_q2=1 cdone_q=0 o_cswitch_done_val=0 o_cdone_val=0
[CTRL DEBUG] cycle=82019 state=5 start=0 incntlim=64 act_reps=1 wei_reps=1 ncontexts=1 context_cnt=0 act_cnt_en=1 wei_cnt_en=1 act_pop_en=1 wei_pop_en=1 psm_start=0 shift_done=0 done=0 cscnt_q=0 pop_shim_q2=1 cdone_q=0 o_cswitch_done_val=0 o_cdone_val=0
[CTRL DEBUG] cycle=82019 state=5 start=0 incntlim=64 act_reps=1 wei_reps=1 ncontexts=1 context_cnt=0 act_cnt_en=1 wei_cnt_en=1 act_pop_en=1 wei_pop_en=1 psm_start=0 shift_done=0 done=0 cscnt_q=0 pop_shim_q2=1 cdone_q=0 o_cswitch_done_val=0 o_cdone_val=0
[CTRL DEBUG] cycle=82019 state=5 start=0 incntlim=64 act_reps=1 wei_reps=1 ncontexts=1 context_cnt=0 act_cnt_en=1 wei_cnt_en=1 act_pop_en=1 wei_pop_en=1 psm_start=0 shift_done=0 done=0 cscnt_q=0 pop_shim_q2=1 cdone_q=0 o_cswitch_done_val=0 o_cdone_val=0
[CTRL DEBUG] cycle=82019 state=5 start=0 incntlim=64 act_reps=1 wei_reps=1 ncontexts=1 context_cnt=0 act_cnt_en=1 wei_cnt_en=1 act_pop_en=1 wei_pop_en=1 psm_start=0 shift_done=0 done=0 cscnt_q=0 pop_shim_q2=1 cdone_q=0 o_cswitch_done_val=0 o_cdone_val=0
[CTRL DEBUG] cycle=82019 state=5 start=0 incntlim=64 act_reps=1 wei_reps=1 ncontexts=1 context_cnt=0 act_cnt_en=1 wei_cnt_en=1 act_pop_en=1 wei_pop_en=1 psm_start=0 shift_done=0 done=0 cscnt_q=0 pop_shim_q2=1 cdone_q=0 o_cswitch_done_val=0 o_cdone_val=0
[CTRL DEBUG] cycle=82019 state=5 start=0 incntlim=64 act_reps=1 wei_reps=1 ncontexts=1 context_cnt=0 act_cnt_en=1 wei_cnt_en=1 act_pop_en=1 wei_pop_en=1 psm_start=0 shift_done=0 done=0 cscnt_q=0 pop_shim_q2=1 cdone_q=0 o_cswitch_done_val=0 o_cdone_val=0
[CTRL DEBUG] cycle=82020 state=5 start=0 incntlim=64 act_reps=1 wei_reps=1 ncontexts=1 context_cnt=0 act_cnt_en=1 wei_cnt_en=1 act_pop_en=1 wei_pop_en=1 psm_start=0 shift_done=0 done=0 cscnt_q=0 pop_shim_q2=1 cdone_q=0 o_cswitch_done_val=0 o_cdone_val=0
[CTRL DEBUG] cycle=82020 state=5 start=0 incntlim=64 act_reps=1 wei_reps=1 ncontexts=1 context_cnt=0 act_cnt_en=1 wei_cnt_en=1 act_pop_en=1 wei_pop_en=1 psm_start=0 shift_done=0 done=0 cscnt_q=0 pop_shim_q2=1 cdone_q=0 o_cswitch_done_val=0 o_cdone_val=0
[CTRL DEBUG] cycle=82020 state=5 start=0 incntlim=64 act_reps=1 wei_reps=1 ncontexts=1 context_cnt=0 act_cnt_en=1 wei_cnt_en=1 act_pop_en=1 wei_pop_en=1 psm_start=0 shift_done=0 done=0 cscnt_q=0 pop_shim_q2=1 cdone_q=0 o_cswitch_done_val=0 o_cdone_val=0
[CTRL DEBUG] cycle=82020 state=5 start=0 incntlim=64 act_reps=1 wei_reps=1 ncontexts=1 context_cnt=0 act_cnt_en=1 wei_cnt_en=1 act_pop_en=1 wei_pop_en=1 psm_start=0 shift_done=0 done=0 cscnt_q=0 pop_shim_q2=1 cdone_q=0 o_cswitch_done_val=0 o_cdone_val=0
[CTRL DEBUG] cycle=82020 state=5 start=0 incntlim=64 act_reps=1 wei_reps=1 ncontexts=1 context_cnt=0 act_cnt_en=1 wei_cnt_en=1 act_pop_en=1 wei_pop_en=1 psm_start=0 shift_done=0 done=0 cscnt_q=0 pop_shim_q2=1 cdone_q=0 o_cswitch_done_val=0 o_cdone_val=0
[CTRL DEBUG] cycle=82020 state=5 start=0 incntlim=64 act_reps=1 wei_reps=1 ncontexts=1 context_cnt=0 act_cnt_en=1 wei_cnt_en=1 act_pop_en=1 wei_pop_en=1 psm_start=0 shift_done=0 done=0 cscnt_q=0 pop_shim_q2=1 cdone_q=0 o_cswitch_done_val=0 o_cdone_val=0
[CTRL DEBUG] cycle=82021 state=5 start=0 incntlim=64 act_reps=1 wei_reps=1 ncontexts=1 context_cnt=0 act_cnt_en=1 wei_cnt_en=1 act_pop_en=1 wei_pop_en=1 psm_start=0 shift_done=0 done=0 cscnt_q=0 pop_shim_q2=1 cdone_q=0 o_cswitch_done_val=0 o_cdone_val=0
[CTRL DEBUG] cycle=82021 state=5 start=0 incntlim=64 act_reps=1 wei_reps=1 ncontexts=1 context_cnt=0 act_cnt_en=1 wei_cnt_en=1 act_pop_en=1 wei_pop_en=1 psm_start=0 shift_done=0 done=0 cscnt_q=0 pop_shim_q2=1 cdone_q=0 o_cswitch_done_val=0 o_cdone_val=0
[CTRL DEBUG] cycle=82021 state=5 start=0 incntlim=64 act_reps=1 wei_reps=1 ncontexts=1 context_cnt=0 act_cnt_en=1 wei_cnt_en=1 act_pop_en=1 wei_pop_en=1 psm_start=0 shift_done=0 done=0 cscnt_q=0 pop_shim_q2=1 cdone_q=0 o_cswitch_done_val=0 o_cdone_val=0
[CTRL DEBUG] cycle=82021 state=5 start=0 incntlim=64 act_reps=1 wei_reps=1 ncontexts=1 context_cnt=0 act_cnt_en=1 wei_cnt_en=1 act_pop_en=1 wei_pop_en=1 psm_start=0 shift_done=0 done=0 cscnt_q=0 pop_shim_q2=1 cdone_q=0 o_cswitch_done_val=0 o_cdone_val=0
[CTRL DEBUG] cycle=82021 state=5 start=0 incntlim=64 act_reps=1 wei_reps=1 ncontexts=1 context_cnt=0 act_cnt_en=1 wei_cnt_en=1 act_pop_en=1 wei_pop_en=1 psm_start=0 shift_done=0 done=0 cscnt_q=0 pop_shim_q2=1 cdone_q=0 o_cswitch_done_val=0 o_cdone_val=0
[CTRL DEBUG] cycle=82021 state=5 start=0 incntlim=64 act_reps=1 wei_reps=1 ncontexts=1 context_cnt=0 act_cnt_en=1 wei_cnt_en=1 act_pop_en=1 wei_pop_en=1 psm_start=0 shift_done=0 done=0 cscnt_q=0 pop_shim_q2=1 cdone_q=0 o_cswitch_done_val=0 o_cdone_val=0
[CTRL DEBUG] cycle=82022 state=5 start=0 incntlim=64 act_reps=1 wei_reps=1 ncontexts=1 context_cnt=0 act_cnt_en=1 wei_cnt_en=1 act_pop_en=1 wei_pop_en=1 psm_start=0 shift_done=0 done=0 cscnt_q=0 pop_shim_q2=1 cdone_q=0 o_cswitch_done_val=0 o_cdone_val=0
[CTRL DEBUG] cycle=82022 state=5 start=0 incntlim=64 act_reps=1 wei_reps=1 ncontexts=1 context_cnt=0 act_cnt_en=1 wei_cnt_en=1 act_pop_en=1 wei_pop_en=1 psm_start=0 shift_done=0 done=0 cscnt_q=0 pop_shim_q2=1 cdone_q=0 o_cswitch_done_val=0 o_cdone_val=0
[CTRL DEBUG] cycle=82022 state=5 start=0 incntlim=64 act_reps=1 wei_reps=1 ncontexts=1 context_cnt=0 act_cnt_en=1 wei_cnt_en=1 act_pop_en=1 wei_pop_en=1 psm_start=0 shift_done=0 done=0 cscnt_q=0 pop_shim_q2=1 cdone_q=0 o_cswitch_done_val=0 o_cdone_val=0
[CTRL DEBUG] cycle=82022 state=5 start=0 incntlim=64 act_reps=1 wei_reps=1 ncontexts=1 context_cnt=0 act_cnt_en=1 wei_cnt_en=1 act_pop_en=1 wei_pop_en=1 psm_start=0 shift_done=0 done=0 cscnt_q=0 pop_shim_q2=1 cdone_q=0 o_cswitch_done_val=0 o_cdone_val=0
[CTRL DEBUG] cycle=82022 state=5 start=0 incntlim=64 act_reps=1 wei_reps=1 ncontexts=1 context_cnt=0 act_cnt_en=1 wei_cnt_en=1 act_pop_en=1 wei_pop_en=1 psm_start=0 shift_done=0 done=0 cscnt_q=0 pop_shim_q2=1 cdone_q=0 o_cswitch_done_val=0 o_cdone_val=0
[CTRL DEBUG] cycle=82022 state=5 start=0 incntlim=64 act_reps=1 wei_reps=1 ncontexts=1 context_cnt=0 act_cnt_en=1 wei_cnt_en=1 act_pop_en=1 wei_pop_en=1 psm_start=0 shift_done=0 done=0 cscnt_q=0 pop_shim_q2=1 cdone_q=0 o_cswitch_done_val=0 o_cdone_val=0
[CTRL DEBUG] cycle=82023 state=5 start=0 incntlim=64 act_reps=1 wei_reps=1 ncontexts=1 context_cnt=0 act_cnt_en=1 wei_cnt_en=1 act_pop_en=1 wei_pop_en=1 psm_start=0 shift_done=0 done=0 cscnt_q=0 pop_shim_q2=1 cdone_q=0 o_cswitch_done_val=0 o_cdone_val=0
[CTRL DEBUG] cycle=82023 state=5 start=0 incntlim=64 act_reps=1 wei_reps=1 ncontexts=1 context_cnt=0 act_cnt_en=1 wei_cnt_en=1 act_pop_en=1 wei_pop_en=1 psm_start=0 shift_done=0 done=0 cscnt_q=0 pop_shim_q2=1 cdone_q=0 o_cswitch_done_val=0 o_cdone_val=0
[CTRL DEBUG] cycle=82023 state=5 start=0 incntlim=64 act_reps=1 wei_reps=1 ncontexts=1 context_cnt=0 act_cnt_en=1 wei_cnt_en=1 act_pop_en=1 wei_pop_en=1 psm_start=0 shift_done=0 done=0 cscnt_q=0 pop_shim_q2=1 cdone_q=0 o_cswitch_done_val=0 o_cdone_val=0
[CTRL DEBUG] cycle=82023 state=5 start=0 incntlim=64 act_reps=1 wei_reps=1 ncontexts=1 context_cnt=0 act_cnt_en=1 wei_cnt_en=1 act_pop_en=1 wei_pop_en=1 psm_start=0 shift_done=0 done=0 cscnt_q=0 pop_shim_q2=1 cdone_q=0 o_cswitch_done_val=0 o_cdone_val=0
[CTRL DEBUG] cycle=82023 state=5 start=0 incntlim=64 act_reps=1 wei_reps=1 ncontexts=1 context_cnt=0 act_cnt_en=1 wei_cnt_en=1 act_pop_en=1 wei_pop_en=1 psm_start=0 shift_done=0 done=0 cscnt_q=0 pop_shim_q2=1 cdone_q=0 o_cswitch_done_val=0 o_cdone_val=0
[CTRL DEBUG] cycle=82023 state=5 start=0 incntlim=64 act_reps=1 wei_reps=1 ncontexts=1 context_cnt=0 act_cnt_en=1 wei_cnt_en=1 act_pop_en=1 wei_pop_en=1 psm_start=0 shift_done=0 done=0 cscnt_q=0 pop_shim_q2=1 cdone_q=0 o_cswitch_done_val=0 o_cdone_val=0
[CTRL DEBUG] cycle=82024 state=5 start=0 incntlim=64 act_reps=1 wei_reps=1 ncontexts=1 context_cnt=0 act_cnt_en=1 wei_cnt_en=1 act_pop_en=1 wei_pop_en=1 psm_start=0 shift_done=0 done=0 cscnt_q=0 pop_shim_q2=1 cdone_q=0 o_cswitch_done_val=0 o_cdone_val=0
[CTRL DEBUG] cycle=82024 state=5 start=0 incntlim=64 act_reps=1 wei_reps=1 ncontexts=1 context_cnt=0 act_cnt_en=1 wei_cnt_en=1 act_pop_en=1 wei_pop_en=1 psm_start=0 shift_done=0 done=0 cscnt_q=0 pop_shim_q2=1 cdone_q=0 o_cswitch_done_val=0 o_cdone_val=0
[CTRL DEBUG] cycle=82024 state=5 start=0 incntlim=64 act_reps=1 wei_reps=1 ncontexts=1 context_cnt=0 act_cnt_en=1 wei_cnt_en=1 act_pop_en=1 wei_pop_en=1 psm_start=0 shift_done=0 done=0 cscnt_q=0 pop_shim_q2=1 cdone_q=0 o_cswitch_done_val=0 o_cdone_val=0
[CTRL DEBUG] cycle=82024 state=5 start=0 incntlim=64 act_reps=1 wei_reps=1 ncontexts=1 context_cnt=0 act_cnt_en=1 wei_cnt_en=1 act_pop_en=1 wei_pop_en=1 psm_start=0 shift_done=0 done=0 cscnt_q=0 pop_shim_q2=1 cdone_q=0 o_cswitch_done_val=0 o_cdone_val=0
[CTRL DEBUG] cycle=82024 state=5 start=0 incntlim=64 act_reps=1 wei_reps=1 ncontexts=1 context_cnt=0 act_cnt_en=1 wei_cnt_en=1 act_pop_en=1 wei_pop_en=1 psm_start=0 shift_done=0 done=0 cscnt_q=0 pop_shim_q2=1 cdone_q=0 o_cswitch_done_val=0 o_cdone_val=0
[CTRL DEBUG] cycle=82024 state=5 start=0 incntlim=64 act_reps=1 wei_reps=1 ncontexts=1 context_cnt=0 act_cnt_en=1 wei_cnt_en=1 act_pop_en=1 wei_pop_en=1 psm_start=0 shift_done=0 done=0 cscnt_q=0 pop_shim_q2=1 cdone_q=0 o_cswitch_done_val=0 o_cdone_val=0
[CTRL DEBUG] cycle=82025 state=5 start=0 incntlim=64 act_reps=1 wei_reps=1 ncontexts=1 context_cnt=0 act_cnt_en=1 wei_cnt_en=1 act_pop_en=1 wei_pop_en=1 psm_start=0 shift_done=0 done=0 cscnt_q=0 pop_shim_q2=1 cdone_q=0 o_cswitch_done_val=0 o_cdone_val=0
[CTRL DEBUG] cycle=82025 state=5 start=0 incntlim=64 act_reps=1 wei_reps=1 ncontexts=1 context_cnt=0 act_cnt_en=1 wei_cnt_en=1 act_pop_en=1 wei_pop_en=1 psm_start=0 shift_done=0 done=0 cscnt_q=0 pop_shim_q2=1 cdone_q=0 o_cswitch_done_val=0 o_cdone_val=0
[CTRL DEBUG] cycle=82025 state=5 start=0 incntlim=64 act_reps=1 wei_reps=1 ncontexts=1 context_cnt=0 act_cnt_en=1 wei_cnt_en=1 act_pop_en=1 wei_pop_en=1 psm_start=0 shift_done=0 done=0 cscnt_q=0 pop_shim_q2=1 cdone_q=0 o_cswitch_done_val=0 o_cdone_val=0
[CTRL DEBUG] cycle=82025 state=5 start=0 incntlim=64 act_reps=1 wei_reps=1 ncontexts=1 context_cnt=0 act_cnt_en=1 wei_cnt_en=1 act_pop_en=1 wei_pop_en=1 psm_start=0 shift_done=0 done=0 cscnt_q=0 pop_shim_q2=1 cdone_q=0 o_cswitch_done_val=0 o_cdone_val=0
[CTRL DEBUG] cycle=82025 state=5 start=0 incntlim=64 act_reps=1 wei_reps=1 ncontexts=1 context_cnt=0 act_cnt_en=1 wei_cnt_en=1 act_pop_en=1 wei_pop_en=1 psm_start=0 shift_done=0 done=0 cscnt_q=0 pop_shim_q2=1 cdone_q=0 o_cswitch_done_val=0 o_cdone_val=0
[CTRL DEBUG] cycle=82025 state=5 start=0 incntlim=64 act_reps=1 wei_reps=1 ncontexts=1 context_cnt=0 act_cnt_en=1 wei_cnt_en=1 act_pop_en=1 wei_pop_en=1 psm_start=0 shift_done=0 done=0 cscnt_q=0 pop_shim_q2=1 cdone_q=0 o_cswitch_done_val=0 o_cdone_val=0
[CTRL DEBUG] cycle=82026 state=5 start=0 incntlim=64 act_reps=1 wei_reps=1 ncontexts=1 context_cnt=0 act_cnt_en=1 wei_cnt_en=1 act_pop_en=1 wei_pop_en=1 psm_start=0 shift_done=0 done=0 cscnt_q=0 pop_shim_q2=1 cdone_q=0 o_cswitch_done_val=0 o_cdone_val=0
[CTRL DEBUG] cycle=82026 state=5 start=0 incntlim=64 act_reps=1 wei_reps=1 ncontexts=1 context_cnt=0 act_cnt_en=1 wei_cnt_en=1 act_pop_en=1 wei_pop_en=1 psm_start=0 shift_done=0 done=0 cscnt_q=0 pop_shim_q2=1 cdone_q=0 o_cswitch_done_val=0 o_cdone_val=0
[CTRL DEBUG] cycle=82026 state=5 start=0 incntlim=64 act_reps=1 wei_reps=1 ncontexts=1 context_cnt=0 act_cnt_en=1 wei_cnt_en=1 act_pop_en=1 wei_pop_en=1 psm_start=0 shift_done=0 done=0 cscnt_q=0 pop_shim_q2=1 cdone_q=0 o_cswitch_done_val=0 o_cdone_val=0
[CTRL DEBUG] cycle=82026 state=5 start=0 incntlim=64 act_reps=1 wei_reps=1 ncontexts=1 context_cnt=0 act_cnt_en=1 wei_cnt_en=1 act_pop_en=1 wei_pop_en=1 psm_start=0 shift_done=0 done=0 cscnt_q=0 pop_shim_q2=1 cdone_q=0 o_cswitch_done_val=0 o_cdone_val=0
[CTRL DEBUG] cycle=82026 state=5 start=0 incntlim=64 act_reps=1 wei_reps=1 ncontexts=1 context_cnt=0 act_cnt_en=1 wei_cnt_en=1 act_pop_en=1 wei_pop_en=1 psm_start=0 shift_done=0 done=0 cscnt_q=0 pop_shim_q2=1 cdone_q=0 o_cswitch_done_val=0 o_cdone_val=0
[CTRL DEBUG] cycle=82026 state=5 start=0 incntlim=64 act_reps=1 wei_reps=1 ncontexts=1 context_cnt=0 act_cnt_en=1 wei_cnt_en=1 act_pop_en=1 wei_pop_en=1 psm_start=0 shift_done=0 done=0 cscnt_q=0 pop_shim_q2=1 cdone_q=0 o_cswitch_done_val=0 o_cdone_val=0
[CTRL DEBUG] cycle=82027 state=5 start=0 incntlim=64 act_reps=1 wei_reps=1 ncontexts=1 context_cnt=0 act_cnt_en=1 wei_cnt_en=1 act_pop_en=1 wei_pop_en=1 psm_start=0 shift_done=0 done=0 cscnt_q=0 pop_shim_q2=1 cdone_q=0 o_cswitch_done_val=0 o_cdone_val=0
[CTRL DEBUG] cycle=82027 state=5 start=0 incntlim=64 act_reps=1 wei_reps=1 ncontexts=1 context_cnt=0 act_cnt_en=1 wei_cnt_en=1 act_pop_en=1 wei_pop_en=1 psm_start=0 shift_done=0 done=0 cscnt_q=0 pop_shim_q2=1 cdone_q=0 o_cswitch_done_val=0 o_cdone_val=0
[CTRL DEBUG] cycle=82027 state=5 start=0 incntlim=64 act_reps=1 wei_reps=1 ncontexts=1 context_cnt=0 act_cnt_en=1 wei_cnt_en=1 act_pop_en=1 wei_pop_en=1 psm_start=0 shift_done=0 done=0 cscnt_q=0 pop_shim_q2=1 cdone_q=0 o_cswitch_done_val=0 o_cdone_val=0
[CTRL DEBUG] cycle=82027 state=5 start=0 incntlim=64 act_reps=1 wei_reps=1 ncontexts=1 context_cnt=0 act_cnt_en=1 wei_cnt_en=1 act_pop_en=1 wei_pop_en=1 psm_start=0 shift_done=0 done=0 cscnt_q=0 pop_shim_q2=1 cdone_q=0 o_cswitch_done_val=0 o_cdone_val=0
[CTRL DEBUG] cycle=82027 state=5 start=0 incntlim=64 act_reps=1 wei_reps=1 ncontexts=1 context_cnt=0 act_cnt_en=1 wei_cnt_en=1 act_pop_en=1 wei_pop_en=1 psm_start=0 shift_done=0 done=0 cscnt_q=0 pop_shim_q2=1 cdone_q=0 o_cswitch_done_val=0 o_cdone_val=0
[CTRL DEBUG] cycle=82027 state=5 start=0 incntlim=64 act_reps=1 wei_reps=1 ncontexts=1 context_cnt=0 act_cnt_en=1 wei_cnt_en=1 act_pop_en=1 wei_pop_en=1 psm_start=0 shift_done=0 done=0 cscnt_q=0 pop_shim_q2=1 cdone_q=0 o_cswitch_done_val=0 o_cdone_val=0
[CTRL DEBUG] cycle=82028 state=5 start=0 incntlim=64 act_reps=1 wei_reps=1 ncontexts=1 context_cnt=0 act_cnt_en=1 wei_cnt_en=1 act_pop_en=1 wei_pop_en=1 psm_start=0 shift_done=0 done=0 cscnt_q=0 pop_shim_q2=1 cdone_q=0 o_cswitch_done_val=0 o_cdone_val=0
[CTRL DEBUG] cycle=82028 state=5 start=0 incntlim=64 act_reps=1 wei_reps=1 ncontexts=1 context_cnt=0 act_cnt_en=1 wei_cnt_en=1 act_pop_en=1 wei_pop_en=1 psm_start=0 shift_done=0 done=0 cscnt_q=0 pop_shim_q2=1 cdone_q=0 o_cswitch_done_val=0 o_cdone_val=0
[CTRL DEBUG] cycle=82028 state=5 start=0 incntlim=64 act_reps=1 wei_reps=1 ncontexts=1 context_cnt=0 act_cnt_en=1 wei_cnt_en=1 act_pop_en=1 wei_pop_en=1 psm_start=0 shift_done=0 done=0 cscnt_q=0 pop_shim_q2=1 cdone_q=0 o_cswitch_done_val=0 o_cdone_val=0
[CTRL DEBUG] cycle=82028 state=5 start=0 incntlim=64 act_reps=1 wei_reps=1 ncontexts=1 context_cnt=0 act_cnt_en=1 wei_cnt_en=1 act_pop_en=1 wei_pop_en=1 psm_start=0 shift_done=0 done=0 cscnt_q=0 pop_shim_q2=1 cdone_q=0 o_cswitch_done_val=0 o_cdone_val=0
[CTRL DEBUG] cycle=82028 state=5 start=0 incntlim=64 act_reps=1 wei_reps=1 ncontexts=1 context_cnt=0 act_cnt_en=1 wei_cnt_en=1 act_pop_en=1 wei_pop_en=1 psm_start=0 shift_done=0 done=0 cscnt_q=0 pop_shim_q2=1 cdone_q=0 o_cswitch_done_val=0 o_cdone_val=0
[CTRL DEBUG] cycle=82028 state=5 start=0 incntlim=64 act_reps=1 wei_reps=1 ncontexts=1 context_cnt=0 act_cnt_en=1 wei_cnt_en=1 act_pop_en=1 wei_pop_en=1 psm_start=0 shift_done=0 done=0 cscnt_q=0 pop_shim_q2=1 cdone_q=0 o_cswitch_done_val=0 o_cdone_val=0
[CTRL DEBUG] cycle=82029 state=5 start=0 incntlim=64 act_reps=1 wei_reps=1 ncontexts=1 context_cnt=0 act_cnt_en=1 wei_cnt_en=1 act_pop_en=1 wei_pop_en=1 psm_start=0 shift_done=0 done=0 cscnt_q=0 pop_shim_q2=1 cdone_q=0 o_cswitch_done_val=0 o_cdone_val=0
[CTRL DEBUG] cycle=82029 state=5 start=0 incntlim=64 act_reps=1 wei_reps=1 ncontexts=1 context_cnt=0 act_cnt_en=1 wei_cnt_en=1 act_pop_en=1 wei_pop_en=1 psm_start=0 shift_done=0 done=0 cscnt_q=0 pop_shim_q2=1 cdone_q=0 o_cswitch_done_val=0 o_cdone_val=0
[CTRL DEBUG] cycle=82029 state=5 start=0 incntlim=64 act_reps=1 wei_reps=1 ncontexts=1 context_cnt=0 act_cnt_en=1 wei_cnt_en=1 act_pop_en=1 wei_pop_en=1 psm_start=0 shift_done=0 done=0 cscnt_q=0 pop_shim_q2=1 cdone_q=0 o_cswitch_done_val=0 o_cdone_val=0
[CTRL DEBUG] cycle=82029 state=5 start=0 incntlim=64 act_reps=1 wei_reps=1 ncontexts=1 context_cnt=0 act_cnt_en=1 wei_cnt_en=1 act_pop_en=1 wei_pop_en=1 psm_start=0 shift_done=0 done=0 cscnt_q=0 pop_shim_q2=1 cdone_q=0 o_cswitch_done_val=0 o_cdone_val=0
[CTRL DEBUG] cycle=82029 state=5 start=0 incntlim=64 act_reps=1 wei_reps=1 ncontexts=1 context_cnt=0 act_cnt_en=1 wei_cnt_en=1 act_pop_en=1 wei_pop_en=1 psm_start=0 shift_done=0 done=0 cscnt_q=0 pop_shim_q2=1 cdone_q=0 o_cswitch_done_val=0 o_cdone_val=0
[CTRL DEBUG] cycle=82029 state=5 start=0 incntlim=64 act_reps=1 wei_reps=1 ncontexts=1 context_cnt=0 act_cnt_en=1 wei_cnt_en=1 act_pop_en=1 wei_pop_en=1 psm_start=0 shift_done=0 done=0 cscnt_q=0 pop_shim_q2=1 cdone_q=0 o_cswitch_done_val=0 o_cdone_val=0
[CTRL DEBUG] cycle=82030 state=5 start=0 incntlim=64 act_reps=1 wei_reps=1 ncontexts=1 context_cnt=0 act_cnt_en=1 wei_cnt_en=1 act_pop_en=1 wei_pop_en=1 psm_start=0 shift_done=0 done=0 cscnt_q=0 pop_shim_q2=1 cdone_q=0 o_cswitch_done_val=0 o_cdone_val=0
[CTRL DEBUG] cycle=82030 state=5 start=0 incntlim=64 act_reps=1 wei_reps=1 ncontexts=1 context_cnt=0 act_cnt_en=1 wei_cnt_en=1 act_pop_en=1 wei_pop_en=1 psm_start=0 shift_done=0 done=0 cscnt_q=0 pop_shim_q2=1 cdone_q=0 o_cswitch_done_val=0 o_cdone_val=0
[CTRL DEBUG] cycle=82030 state=5 start=0 incntlim=64 act_reps=1 wei_reps=1 ncontexts=1 context_cnt=0 act_cnt_en=1 wei_cnt_en=1 act_pop_en=1 wei_pop_en=1 psm_start=0 shift_done=0 done=0 cscnt_q=0 pop_shim_q2=1 cdone_q=0 o_cswitch_done_val=0 o_cdone_val=0
[CTRL DEBUG] cycle=82030 state=5 start=0 incntlim=64 act_reps=1 wei_reps=1 ncontexts=1 context_cnt=0 act_cnt_en=1 wei_cnt_en=1 act_pop_en=1 wei_pop_en=1 psm_start=0 shift_done=0 done=0 cscnt_q=0 pop_shim_q2=1 cdone_q=0 o_cswitch_done_val=0 o_cdone_val=0
[CTRL DEBUG] cycle=82030 state=5 start=0 incntlim=64 act_reps=1 wei_reps=1 ncontexts=1 context_cnt=0 act_cnt_en=1 wei_cnt_en=1 act_pop_en=1 wei_pop_en=1 psm_start=0 shift_done=0 done=0 cscnt_q=0 pop_shim_q2=1 cdone_q=0 o_cswitch_done_val=0 o_cdone_val=0
[CTRL DEBUG] cycle=82030 state=5 start=0 incntlim=64 act_reps=1 wei_reps=1 ncontexts=1 context_cnt=0 act_cnt_en=1 wei_cnt_en=1 act_pop_en=1 wei_pop_en=1 psm_start=0 shift_done=0 done=0 cscnt_q=0 pop_shim_q2=1 cdone_q=0 o_cswitch_done_val=0 o_cdone_val=0
[CTRL DEBUG] cycle=82031 state=5 start=0 incntlim=64 act_reps=1 wei_reps=1 ncontexts=1 context_cnt=0 act_cnt_en=1 wei_cnt_en=1 act_pop_en=1 wei_pop_en=1 psm_start=0 shift_done=0 done=0 cscnt_q=0 pop_shim_q2=1 cdone_q=0 o_cswitch_done_val=0 o_cdone_val=0
[CTRL DEBUG] cycle=82031 state=5 start=0 incntlim=64 act_reps=1 wei_reps=1 ncontexts=1 context_cnt=0 act_cnt_en=1 wei_cnt_en=1 act_pop_en=1 wei_pop_en=1 psm_start=0 shift_done=0 done=0 cscnt_q=0 pop_shim_q2=1 cdone_q=0 o_cswitch_done_val=0 o_cdone_val=0
[CTRL DEBUG] cycle=82031 state=5 start=0 incntlim=64 act_reps=1 wei_reps=1 ncontexts=1 context_cnt=0 act_cnt_en=1 wei_cnt_en=1 act_pop_en=1 wei_pop_en=1 psm_start=0 shift_done=0 done=0 cscnt_q=0 pop_shim_q2=1 cdone_q=0 o_cswitch_done_val=0 o_cdone_val=0
[CTRL DEBUG] cycle=82031 state=5 start=0 incntlim=64 act_reps=1 wei_reps=1 ncontexts=1 context_cnt=0 act_cnt_en=1 wei_cnt_en=1 act_pop_en=1 wei_pop_en=1 psm_start=0 shift_done=0 done=0 cscnt_q=0 pop_shim_q2=1 cdone_q=0 o_cswitch_done_val=0 o_cdone_val=0
[CTRL DEBUG] cycle=82031 state=5 start=0 incntlim=64 act_reps=1 wei_reps=1 ncontexts=1 context_cnt=0 act_cnt_en=1 wei_cnt_en=1 act_pop_en=1 wei_pop_en=1 psm_start=0 shift_done=0 done=0 cscnt_q=0 pop_shim_q2=1 cdone_q=0 o_cswitch_done_val=0 o_cdone_val=0
[CTRL DEBUG] cycle=82031 state=5 start=0 incntlim=64 act_reps=1 wei_reps=1 ncontexts=1 context_cnt=0 act_cnt_en=1 wei_cnt_en=1 act_pop_en=1 wei_pop_en=1 psm_start=0 shift_done=0 done=0 cscnt_q=0 pop_shim_q2=1 cdone_q=0 o_cswitch_done_val=0 o_cdone_val=0
[CTRL DEBUG] cycle=82032 state=5 start=0 incntlim=64 act_reps=1 wei_reps=1 ncontexts=1 context_cnt=0 act_cnt_en=1 wei_cnt_en=1 act_pop_en=1 wei_pop_en=1 psm_start=0 shift_done=0 done=0 cscnt_q=0 pop_shim_q2=1 cdone_q=0 o_cswitch_done_val=0 o_cdone_val=0
[CTRL DEBUG] cycle=82032 state=5 start=0 incntlim=64 act_reps=1 wei_reps=1 ncontexts=1 context_cnt=0 act_cnt_en=1 wei_cnt_en=1 act_pop_en=1 wei_pop_en=1 psm_start=0 shift_done=0 done=0 cscnt_q=0 pop_shim_q2=1 cdone_q=0 o_cswitch_done_val=0 o_cdone_val=0
[CTRL DEBUG] cycle=82032 state=5 start=0 incntlim=64 act_reps=1 wei_reps=1 ncontexts=1 context_cnt=0 act_cnt_en=1 wei_cnt_en=1 act_pop_en=1 wei_pop_en=1 psm_start=0 shift_done=0 done=0 cscnt_q=0 pop_shim_q2=1 cdone_q=0 o_cswitch_done_val=0 o_cdone_val=0
[CTRL DEBUG] cycle=82032 state=5 start=0 incntlim=64 act_reps=1 wei_reps=1 ncontexts=1 context_cnt=0 act_cnt_en=1 wei_cnt_en=1 act_pop_en=1 wei_pop_en=1 psm_start=0 shift_done=0 done=0 cscnt_q=0 pop_shim_q2=1 cdone_q=0 o_cswitch_done_val=0 o_cdone_val=0
[CTRL DEBUG] cycle=82032 state=5 start=0 incntlim=64 act_reps=1 wei_reps=1 ncontexts=1 context_cnt=0 act_cnt_en=1 wei_cnt_en=1 act_pop_en=1 wei_pop_en=1 psm_start=0 shift_done=0 done=0 cscnt_q=0 pop_shim_q2=1 cdone_q=0 o_cswitch_done_val=0 o_cdone_val=0
[CTRL DEBUG] cycle=82032 state=5 start=0 incntlim=64 act_reps=1 wei_reps=1 ncontexts=1 context_cnt=0 act_cnt_en=1 wei_cnt_en=1 act_pop_en=1 wei_pop_en=1 psm_start=0 shift_done=0 done=0 cscnt_q=0 pop_shim_q2=1 cdone_q=0 o_cswitch_done_val=0 o_cdone_val=0
[CTRL DEBUG] cycle=82033 state=5 start=0 incntlim=64 act_reps=1 wei_reps=1 ncontexts=1 context_cnt=0 act_cnt_en=1 wei_cnt_en=1 act_pop_en=1 wei_pop_en=1 psm_start=0 shift_done=0 done=0 cscnt_q=0 pop_shim_q2=1 cdone_q=0 o_cswitch_done_val=0 o_cdone_val=0
[CTRL DEBUG] cycle=82033 state=5 start=0 incntlim=64 act_reps=1 wei_reps=1 ncontexts=1 context_cnt=0 act_cnt_en=1 wei_cnt_en=1 act_pop_en=1 wei_pop_en=1 psm_start=0 shift_done=0 done=0 cscnt_q=0 pop_shim_q2=1 cdone_q=0 o_cswitch_done_val=0 o_cdone_val=0
[CTRL DEBUG] cycle=82033 state=5 start=0 incntlim=64 act_reps=1 wei_reps=1 ncontexts=1 context_cnt=0 act_cnt_en=1 wei_cnt_en=1 act_pop_en=1 wei_pop_en=1 psm_start=0 shift_done=0 done=0 cscnt_q=0 pop_shim_q2=1 cdone_q=0 o_cswitch_done_val=0 o_cdone_val=0
[CTRL DEBUG] cycle=82033 state=5 start=0 incntlim=64 act_reps=1 wei_reps=1 ncontexts=1 context_cnt=0 act_cnt_en=1 wei_cnt_en=1 act_pop_en=1 wei_pop_en=1 psm_start=0 shift_done=0 done=0 cscnt_q=0 pop_shim_q2=1 cdone_q=0 o_cswitch_done_val=0 o_cdone_val=0
[CTRL DEBUG] cycle=82033 state=5 start=0 incntlim=64 act_reps=1 wei_reps=1 ncontexts=1 context_cnt=0 act_cnt_en=1 wei_cnt_en=1 act_pop_en=1 wei_pop_en=1 psm_start=0 shift_done=0 done=0 cscnt_q=0 pop_shim_q2=1 cdone_q=0 o_cswitch_done_val=0 o_cdone_val=0
[CTRL DEBUG] cycle=82033 state=5 start=0 incntlim=64 act_reps=1 wei_reps=1 ncontexts=1 context_cnt=0 act_cnt_en=1 wei_cnt_en=1 act_pop_en=1 wei_pop_en=1 psm_start=0 shift_done=0 done=0 cscnt_q=0 pop_shim_q2=1 cdone_q=0 o_cswitch_done_val=0 o_cdone_val=0
[CTRL DEBUG] cycle=82034 state=5 start=0 incntlim=64 act_reps=1 wei_reps=1 ncontexts=1 context_cnt=0 act_cnt_en=1 wei_cnt_en=1 act_pop_en=1 wei_pop_en=1 psm_start=0 shift_done=0 done=0 cscnt_q=0 pop_shim_q2=1 cdone_q=0 o_cswitch_done_val=0 o_cdone_val=0
[CTRL DEBUG] cycle=82034 state=5 start=0 incntlim=64 act_reps=1 wei_reps=1 ncontexts=1 context_cnt=0 act_cnt_en=1 wei_cnt_en=1 act_pop_en=1 wei_pop_en=1 psm_start=0 shift_done=0 done=0 cscnt_q=0 pop_shim_q2=1 cdone_q=0 o_cswitch_done_val=0 o_cdone_val=0
[CTRL DEBUG] cycle=82034 state=5 start=0 incntlim=64 act_reps=1 wei_reps=1 ncontexts=1 context_cnt=0 act_cnt_en=1 wei_cnt_en=1 act_pop_en=1 wei_pop_en=1 psm_start=0 shift_done=0 done=0 cscnt_q=0 pop_shim_q2=1 cdone_q=0 o_cswitch_done_val=0 o_cdone_val=0
[CTRL DEBUG] cycle=82034 state=5 start=0 incntlim=64 act_reps=1 wei_reps=1 ncontexts=1 context_cnt=0 act_cnt_en=1 wei_cnt_en=1 act_pop_en=1 wei_pop_en=1 psm_start=0 shift_done=0 done=0 cscnt_q=0 pop_shim_q2=1 cdone_q=0 o_cswitch_done_val=0 o_cdone_val=0
[CTRL DEBUG] cycle=82034 state=5 start=0 incntlim=64 act_reps=1 wei_reps=1 ncontexts=1 context_cnt=0 act_cnt_en=1 wei_cnt_en=1 act_pop_en=1 wei_pop_en=1 psm_start=0 shift_done=0 done=0 cscnt_q=0 pop_shim_q2=1 cdone_q=0 o_cswitch_done_val=0 o_cdone_val=0
[CTRL DEBUG] cycle=82034 state=5 start=0 incntlim=64 act_reps=1 wei_reps=1 ncontexts=1 context_cnt=0 act_cnt_en=1 wei_cnt_en=1 act_pop_en=1 wei_pop_en=1 psm_start=0 shift_done=0 done=0 cscnt_q=0 pop_shim_q2=1 cdone_q=0 o_cswitch_done_val=0 o_cdone_val=0
[CTRL DEBUG] cycle=82035 state=5 start=0 incntlim=64 act_reps=1 wei_reps=1 ncontexts=1 context_cnt=0 act_cnt_en=1 wei_cnt_en=1 act_pop_en=1 wei_pop_en=1 psm_start=0 shift_done=0 done=0 cscnt_q=0 pop_shim_q2=1 cdone_q=0 o_cswitch_done_val=0 o_cdone_val=0
[CTRL DEBUG] cycle=82035 state=5 start=0 incntlim=64 act_reps=1 wei_reps=1 ncontexts=1 context_cnt=0 act_cnt_en=1 wei_cnt_en=1 act_pop_en=1 wei_pop_en=1 psm_start=0 shift_done=0 done=0 cscnt_q=0 pop_shim_q2=1 cdone_q=0 o_cswitch_done_val=0 o_cdone_val=0
[CTRL DEBUG] cycle=82035 state=5 start=0 incntlim=64 act_reps=1 wei_reps=1 ncontexts=1 context_cnt=0 act_cnt_en=1 wei_cnt_en=1 act_pop_en=1 wei_pop_en=1 psm_start=0 shift_done=0 done=0 cscnt_q=0 pop_shim_q2=1 cdone_q=0 o_cswitch_done_val=0 o_cdone_val=0
[CTRL DEBUG] cycle=82035 state=5 start=0 incntlim=64 act_reps=1 wei_reps=1 ncontexts=1 context_cnt=0 act_cnt_en=1 wei_cnt_en=1 act_pop_en=1 wei_pop_en=1 psm_start=0 shift_done=0 done=0 cscnt_q=0 pop_shim_q2=1 cdone_q=0 o_cswitch_done_val=0 o_cdone_val=0
[CTRL DEBUG] cycle=82035 state=5 start=0 incntlim=64 act_reps=1 wei_reps=1 ncontexts=1 context_cnt=0 act_cnt_en=1 wei_cnt_en=1 act_pop_en=1 wei_pop_en=1 psm_start=0 shift_done=0 done=0 cscnt_q=0 pop_shim_q2=1 cdone_q=0 o_cswitch_done_val=0 o_cdone_val=0
[CTRL DEBUG] cycle=82035 state=5 start=0 incntlim=64 act_reps=1 wei_reps=1 ncontexts=1 context_cnt=0 act_cnt_en=1 wei_cnt_en=1 act_pop_en=1 wei_pop_en=1 psm_start=0 shift_done=0 done=0 cscnt_q=0 pop_shim_q2=1 cdone_q=0 o_cswitch_done_val=0 o_cdone_val=0
[CTRL DEBUG] cycle=82036 state=5 start=0 incntlim=64 act_reps=1 wei_reps=1 ncontexts=1 context_cnt=0 act_cnt_en=1 wei_cnt_en=1 act_pop_en=1 wei_pop_en=1 psm_start=0 shift_done=0 done=0 cscnt_q=0 pop_shim_q2=1 cdone_q=0 o_cswitch_done_val=0 o_cdone_val=0
[CTRL DEBUG] cycle=82036 state=5 start=0 incntlim=64 act_reps=1 wei_reps=1 ncontexts=1 context_cnt=0 act_cnt_en=1 wei_cnt_en=1 act_pop_en=1 wei_pop_en=1 psm_start=0 shift_done=0 done=0 cscnt_q=0 pop_shim_q2=1 cdone_q=0 o_cswitch_done_val=0 o_cdone_val=0
[CTRL DEBUG] cycle=82036 state=5 start=0 incntlim=64 act_reps=1 wei_reps=1 ncontexts=1 context_cnt=0 act_cnt_en=1 wei_cnt_en=1 act_pop_en=1 wei_pop_en=1 psm_start=0 shift_done=0 done=0 cscnt_q=0 pop_shim_q2=1 cdone_q=0 o_cswitch_done_val=0 o_cdone_val=0
[CTRL DEBUG] cycle=82036 state=5 start=0 incntlim=64 act_reps=1 wei_reps=1 ncontexts=1 context_cnt=0 act_cnt_en=1 wei_cnt_en=1 act_pop_en=1 wei_pop_en=1 psm_start=0 shift_done=0 done=0 cscnt_q=0 pop_shim_q2=1 cdone_q=0 o_cswitch_done_val=0 o_cdone_val=0
[CTRL DEBUG] cycle=82036 state=5 start=0 incntlim=64 act_reps=1 wei_reps=1 ncontexts=1 context_cnt=0 act_cnt_en=1 wei_cnt_en=1 act_pop_en=1 wei_pop_en=1 psm_start=0 shift_done=0 done=0 cscnt_q=0 pop_shim_q2=1 cdone_q=0 o_cswitch_done_val=0 o_cdone_val=0
[CTRL DEBUG] cycle=82036 state=5 start=0 incntlim=64 act_reps=1 wei_reps=1 ncontexts=1 context_cnt=0 act_cnt_en=1 wei_cnt_en=1 act_pop_en=1 wei_pop_en=1 psm_start=0 shift_done=0 done=0 cscnt_q=0 pop_shim_q2=1 cdone_q=0 o_cswitch_done_val=0 o_cdone_val=0
[CTRL DEBUG] cycle=82037 state=5 start=0 incntlim=64 act_reps=1 wei_reps=1 ncontexts=1 context_cnt=0 act_cnt_en=1 wei_cnt_en=1 act_pop_en=1 wei_pop_en=1 psm_start=0 shift_done=0 done=0 cscnt_q=0 pop_shim_q2=1 cdone_q=0 o_cswitch_done_val=0 o_cdone_val=0
[CTRL DEBUG] cycle=82037 state=5 start=0 incntlim=64 act_reps=1 wei_reps=1 ncontexts=1 context_cnt=0 act_cnt_en=1 wei_cnt_en=1 act_pop_en=1 wei_pop_en=1 psm_start=0 shift_done=0 done=0 cscnt_q=0 pop_shim_q2=1 cdone_q=0 o_cswitch_done_val=0 o_cdone_val=0
[CTRL DEBUG] cycle=82037 state=5 start=0 incntlim=64 act_reps=1 wei_reps=1 ncontexts=1 context_cnt=0 act_cnt_en=1 wei_cnt_en=1 act_pop_en=1 wei_pop_en=1 psm_start=0 shift_done=0 done=0 cscnt_q=0 pop_shim_q2=1 cdone_q=0 o_cswitch_done_val=0 o_cdone_val=0
[CTRL DEBUG] cycle=82037 state=5 start=0 incntlim=64 act_reps=1 wei_reps=1 ncontexts=1 context_cnt=0 act_cnt_en=1 wei_cnt_en=1 act_pop_en=1 wei_pop_en=1 psm_start=0 shift_done=0 done=0 cscnt_q=0 pop_shim_q2=1 cdone_q=0 o_cswitch_done_val=0 o_cdone_val=0
[CTRL DEBUG] cycle=82037 state=5 start=0 incntlim=64 act_reps=1 wei_reps=1 ncontexts=1 context_cnt=0 act_cnt_en=1 wei_cnt_en=1 act_pop_en=1 wei_pop_en=1 psm_start=0 shift_done=0 done=0 cscnt_q=0 pop_shim_q2=1 cdone_q=0 o_cswitch_done_val=0 o_cdone_val=0
[CTRL DEBUG] cycle=82037 state=5 start=0 incntlim=64 act_reps=1 wei_reps=1 ncontexts=1 context_cnt=0 act_cnt_en=1 wei_cnt_en=1 act_pop_en=1 wei_pop_en=1 psm_start=0 shift_done=0 done=0 cscnt_q=0 pop_shim_q2=1 cdone_q=0 o_cswitch_done_val=0 o_cdone_val=0
[CTRL DEBUG] cycle=82038 state=5 start=0 incntlim=64 act_reps=1 wei_reps=1 ncontexts=1 context_cnt=0 act_cnt_en=1 wei_cnt_en=1 act_pop_en=1 wei_pop_en=1 psm_start=0 shift_done=0 done=0 cscnt_q=0 pop_shim_q2=1 cdone_q=0 o_cswitch_done_val=0 o_cdone_val=0
[CTRL DEBUG] cycle=82038 state=5 start=0 incntlim=64 act_reps=1 wei_reps=1 ncontexts=1 context_cnt=0 act_cnt_en=1 wei_cnt_en=1 act_pop_en=1 wei_pop_en=1 psm_start=0 shift_done=0 done=0 cscnt_q=0 pop_shim_q2=1 cdone_q=0 o_cswitch_done_val=0 o_cdone_val=0
[CTRL DEBUG] cycle=82038 state=5 start=0 incntlim=64 act_reps=1 wei_reps=1 ncontexts=1 context_cnt=0 act_cnt_en=1 wei_cnt_en=1 act_pop_en=1 wei_pop_en=1 psm_start=0 shift_done=0 done=0 cscnt_q=0 pop_shim_q2=1 cdone_q=0 o_cswitch_done_val=0 o_cdone_val=0
[CTRL DEBUG] cycle=82038 state=5 start=0 incntlim=64 act_reps=1 wei_reps=1 ncontexts=1 context_cnt=0 act_cnt_en=1 wei_cnt_en=1 act_pop_en=1 wei_pop_en=1 psm_start=0 shift_done=0 done=0 cscnt_q=0 pop_shim_q2=1 cdone_q=0 o_cswitch_done_val=0 o_cdone_val=0
[CTRL DEBUG] cycle=82038 state=5 start=0 incntlim=64 act_reps=1 wei_reps=1 ncontexts=1 context_cnt=0 act_cnt_en=1 wei_cnt_en=1 act_pop_en=1 wei_pop_en=1 psm_start=0 shift_done=0 done=0 cscnt_q=0 pop_shim_q2=1 cdone_q=0 o_cswitch_done_val=0 o_cdone_val=0
[CTRL DEBUG] cycle=82038 state=5 start=0 incntlim=64 act_reps=1 wei_reps=1 ncontexts=1 context_cnt=0 act_cnt_en=1 wei_cnt_en=1 act_pop_en=1 wei_pop_en=1 psm_start=0 shift_done=0 done=0 cscnt_q=0 pop_shim_q2=1 cdone_q=0 o_cswitch_done_val=0 o_cdone_val=0
[CTRL DEBUG] cycle=82039 state=5 start=0 incntlim=64 act_reps=1 wei_reps=1 ncontexts=1 context_cnt=0 act_cnt_en=1 wei_cnt_en=1 act_pop_en=1 wei_pop_en=1 psm_start=0 shift_done=0 done=0 cscnt_q=0 pop_shim_q2=1 cdone_q=0 o_cswitch_done_val=0 o_cdone_val=0
[CTRL DEBUG] cycle=82039 state=5 start=0 incntlim=64 act_reps=1 wei_reps=1 ncontexts=1 context_cnt=0 act_cnt_en=1 wei_cnt_en=1 act_pop_en=1 wei_pop_en=1 psm_start=0 shift_done=0 done=0 cscnt_q=0 pop_shim_q2=1 cdone_q=0 o_cswitch_done_val=0 o_cdone_val=0
[CTRL DEBUG] cycle=82039 state=5 start=0 incntlim=64 act_reps=1 wei_reps=1 ncontexts=1 context_cnt=0 act_cnt_en=1 wei_cnt_en=1 act_pop_en=1 wei_pop_en=1 psm_start=0 shift_done=0 done=0 cscnt_q=0 pop_shim_q2=1 cdone_q=0 o_cswitch_done_val=0 o_cdone_val=0
[CTRL DEBUG] cycle=82039 state=5 start=0 incntlim=64 act_reps=1 wei_reps=1 ncontexts=1 context_cnt=0 act_cnt_en=1 wei_cnt_en=1 act_pop_en=1 wei_pop_en=1 psm_start=0 shift_done=0 done=0 cscnt_q=0 pop_shim_q2=1 cdone_q=0 o_cswitch_done_val=0 o_cdone_val=0
[CTRL DEBUG] cycle=82039 state=5 start=0 incntlim=64 act_reps=1 wei_reps=1 ncontexts=1 context_cnt=0 act_cnt_en=1 wei_cnt_en=1 act_pop_en=1 wei_pop_en=1 psm_start=0 shift_done=0 done=0 cscnt_q=0 pop_shim_q2=1 cdone_q=0 o_cswitch_done_val=0 o_cdone_val=0
[CTRL DEBUG] cycle=82039 state=5 start=0 incntlim=64 act_reps=1 wei_reps=1 ncontexts=1 context_cnt=0 act_cnt_en=1 wei_cnt_en=1 act_pop_en=1 wei_pop_en=1 psm_start=0 shift_done=0 done=0 cscnt_q=0 pop_shim_q2=1 cdone_q=0 o_cswitch_done_val=0 o_cdone_val=0
[CTRL DEBUG] cycle=82040 state=5 start=0 incntlim=64 act_reps=1 wei_reps=1 ncontexts=1 context_cnt=0 act_cnt_en=1 wei_cnt_en=1 act_pop_en=1 wei_pop_en=1 psm_start=0 shift_done=0 done=0 cscnt_q=0 pop_shim_q2=1 cdone_q=0 o_cswitch_done_val=0 o_cdone_val=0
[CTRL DEBUG] cycle=82040 state=5 start=0 incntlim=64 act_reps=1 wei_reps=1 ncontexts=1 context_cnt=0 act_cnt_en=1 wei_cnt_en=1 act_pop_en=1 wei_pop_en=1 psm_start=0 shift_done=0 done=0 cscnt_q=0 pop_shim_q2=1 cdone_q=0 o_cswitch_done_val=0 o_cdone_val=0
[CTRL DEBUG] cycle=82040 state=5 start=0 incntlim=64 act_reps=1 wei_reps=1 ncontexts=1 context_cnt=0 act_cnt_en=1 wei_cnt_en=1 act_pop_en=1 wei_pop_en=1 psm_start=0 shift_done=0 done=0 cscnt_q=0 pop_shim_q2=1 cdone_q=0 o_cswitch_done_val=0 o_cdone_val=0
[CTRL DEBUG] cycle=82040 state=5 start=0 incntlim=64 act_reps=1 wei_reps=1 ncontexts=1 context_cnt=0 act_cnt_en=1 wei_cnt_en=1 act_pop_en=1 wei_pop_en=1 psm_start=0 shift_done=0 done=0 cscnt_q=0 pop_shim_q2=1 cdone_q=0 o_cswitch_done_val=0 o_cdone_val=0
[CTRL DEBUG] cycle=82040 state=5 start=0 incntlim=64 act_reps=1 wei_reps=1 ncontexts=1 context_cnt=0 act_cnt_en=1 wei_cnt_en=1 act_pop_en=1 wei_pop_en=1 psm_start=0 shift_done=0 done=0 cscnt_q=0 pop_shim_q2=1 cdone_q=0 o_cswitch_done_val=0 o_cdone_val=0
[CTRL DEBUG] cycle=82040 state=5 start=0 incntlim=64 act_reps=1 wei_reps=1 ncontexts=1 context_cnt=0 act_cnt_en=1 wei_cnt_en=1 act_pop_en=1 wei_pop_en=1 psm_start=0 shift_done=0 done=0 cscnt_q=0 pop_shim_q2=1 cdone_q=0 o_cswitch_done_val=0 o_cdone_val=0
[CTRL DEBUG] cycle=82041 state=5 start=0 incntlim=64 act_reps=1 wei_reps=1 ncontexts=1 context_cnt=0 act_cnt_en=1 wei_cnt_en=1 act_pop_en=1 wei_pop_en=1 psm_start=0 shift_done=0 done=0 cscnt_q=0 pop_shim_q2=1 cdone_q=0 o_cswitch_done_val=0 o_cdone_val=0
[CTRL DEBUG] cycle=82041 state=5 start=0 incntlim=64 act_reps=1 wei_reps=1 ncontexts=1 context_cnt=0 act_cnt_en=1 wei_cnt_en=1 act_pop_en=1 wei_pop_en=1 psm_start=0 shift_done=0 done=0 cscnt_q=0 pop_shim_q2=1 cdone_q=0 o_cswitch_done_val=0 o_cdone_val=0
[CTRL DEBUG] cycle=82041 state=5 start=0 incntlim=64 act_reps=1 wei_reps=1 ncontexts=1 context_cnt=0 act_cnt_en=1 wei_cnt_en=1 act_pop_en=1 wei_pop_en=1 psm_start=0 shift_done=0 done=0 cscnt_q=0 pop_shim_q2=1 cdone_q=0 o_cswitch_done_val=0 o_cdone_val=0
[CTRL DEBUG] cycle=82041 state=5 start=0 incntlim=64 act_reps=1 wei_reps=1 ncontexts=1 context_cnt=0 act_cnt_en=1 wei_cnt_en=1 act_pop_en=1 wei_pop_en=1 psm_start=0 shift_done=0 done=0 cscnt_q=0 pop_shim_q2=1 cdone_q=0 o_cswitch_done_val=0 o_cdone_val=0
[CTRL DEBUG] cycle=82041 state=5 start=0 incntlim=64 act_reps=1 wei_reps=1 ncontexts=1 context_cnt=0 act_cnt_en=1 wei_cnt_en=1 act_pop_en=1 wei_pop_en=1 psm_start=0 shift_done=0 done=0 cscnt_q=0 pop_shim_q2=1 cdone_q=0 o_cswitch_done_val=0 o_cdone_val=0
[CTRL DEBUG] cycle=82041 state=5 start=0 incntlim=64 act_reps=1 wei_reps=1 ncontexts=1 context_cnt=0 act_cnt_en=1 wei_cnt_en=1 act_pop_en=1 wei_pop_en=1 psm_start=0 shift_done=0 done=0 cscnt_q=0 pop_shim_q2=1 cdone_q=0 o_cswitch_done_val=0 o_cdone_val=0
[CTRL DEBUG] cycle=82042 state=5 start=0 incntlim=64 act_reps=1 wei_reps=1 ncontexts=1 context_cnt=0 act_cnt_en=1 wei_cnt_en=1 act_pop_en=1 wei_pop_en=1 psm_start=0 shift_done=0 done=0 cscnt_q=0 pop_shim_q2=1 cdone_q=0 o_cswitch_done_val=0 o_cdone_val=0
[CTRL DEBUG] cycle=82042 state=5 start=0 incntlim=64 act_reps=1 wei_reps=1 ncontexts=1 context_cnt=0 act_cnt_en=1 wei_cnt_en=1 act_pop_en=1 wei_pop_en=1 psm_start=0 shift_done=0 done=0 cscnt_q=0 pop_shim_q2=1 cdone_q=0 o_cswitch_done_val=0 o_cdone_val=0
[CTRL DEBUG] cycle=82042 state=5 start=0 incntlim=64 act_reps=1 wei_reps=1 ncontexts=1 context_cnt=0 act_cnt_en=1 wei_cnt_en=1 act_pop_en=1 wei_pop_en=1 psm_start=0 shift_done=0 done=0 cscnt_q=0 pop_shim_q2=1 cdone_q=0 o_cswitch_done_val=0 o_cdone_val=0
[CTRL DEBUG] cycle=82042 state=5 start=0 incntlim=64 act_reps=1 wei_reps=1 ncontexts=1 context_cnt=0 act_cnt_en=1 wei_cnt_en=1 act_pop_en=1 wei_pop_en=1 psm_start=0 shift_done=0 done=0 cscnt_q=0 pop_shim_q2=1 cdone_q=0 o_cswitch_done_val=0 o_cdone_val=0
[CTRL DEBUG] cycle=82042 state=5 start=0 incntlim=64 act_reps=1 wei_reps=1 ncontexts=1 context_cnt=0 act_cnt_en=1 wei_cnt_en=1 act_pop_en=1 wei_pop_en=1 psm_start=0 shift_done=0 done=0 cscnt_q=0 pop_shim_q2=1 cdone_q=0 o_cswitch_done_val=0 o_cdone_val=0
[CTRL DEBUG] cycle=82042 state=5 start=0 incntlim=64 act_reps=1 wei_reps=1 ncontexts=1 context_cnt=0 act_cnt_en=1 wei_cnt_en=1 act_pop_en=1 wei_pop_en=1 psm_start=0 shift_done=0 done=0 cscnt_q=0 pop_shim_q2=1 cdone_q=0 o_cswitch_done_val=0 o_cdone_val=0
[CTRL DEBUG] cycle=82043 state=5 start=0 incntlim=64 act_reps=1 wei_reps=1 ncontexts=1 context_cnt=0 act_cnt_en=1 wei_cnt_en=1 act_pop_en=1 wei_pop_en=1 psm_start=0 shift_done=0 done=0 cscnt_q=0 pop_shim_q2=1 cdone_q=0 o_cswitch_done_val=0 o_cdone_val=0
[CTRL DEBUG] cycle=82043 state=5 start=0 incntlim=64 act_reps=1 wei_reps=1 ncontexts=1 context_cnt=0 act_cnt_en=1 wei_cnt_en=1 act_pop_en=1 wei_pop_en=1 psm_start=0 shift_done=0 done=0 cscnt_q=0 pop_shim_q2=1 cdone_q=0 o_cswitch_done_val=0 o_cdone_val=0
[CTRL DEBUG] cycle=82043 state=5 start=0 incntlim=64 act_reps=1 wei_reps=1 ncontexts=1 context_cnt=0 act_cnt_en=1 wei_cnt_en=1 act_pop_en=1 wei_pop_en=1 psm_start=0 shift_done=0 done=0 cscnt_q=0 pop_shim_q2=1 cdone_q=0 o_cswitch_done_val=0 o_cdone_val=0
[CTRL DEBUG] cycle=82043 state=5 start=0 incntlim=64 act_reps=1 wei_reps=1 ncontexts=1 context_cnt=0 act_cnt_en=1 wei_cnt_en=1 act_pop_en=1 wei_pop_en=1 psm_start=0 shift_done=0 done=0 cscnt_q=0 pop_shim_q2=1 cdone_q=0 o_cswitch_done_val=0 o_cdone_val=0
[CTRL DEBUG] cycle=82043 state=5 start=0 incntlim=64 act_reps=1 wei_reps=1 ncontexts=1 context_cnt=0 act_cnt_en=1 wei_cnt_en=1 act_pop_en=1 wei_pop_en=1 psm_start=0 shift_done=0 done=0 cscnt_q=0 pop_shim_q2=1 cdone_q=0 o_cswitch_done_val=0 o_cdone_val=0
[CTRL DEBUG] cycle=82043 state=5 start=0 incntlim=64 act_reps=1 wei_reps=1 ncontexts=1 context_cnt=0 act_cnt_en=1 wei_cnt_en=1 act_pop_en=1 wei_pop_en=1 psm_start=0 shift_done=0 done=0 cscnt_q=0 pop_shim_q2=1 cdone_q=0 o_cswitch_done_val=0 o_cdone_val=0
[CTRL DEBUG] cycle=82044 state=5 start=0 incntlim=64 act_reps=1 wei_reps=1 ncontexts=1 context_cnt=0 act_cnt_en=1 wei_cnt_en=1 act_pop_en=1 wei_pop_en=1 psm_start=0 shift_done=0 done=0 cscnt_q=0 pop_shim_q2=1 cdone_q=0 o_cswitch_done_val=0 o_cdone_val=0
[CTRL DEBUG] cycle=82044 state=5 start=0 incntlim=64 act_reps=1 wei_reps=1 ncontexts=1 context_cnt=0 act_cnt_en=1 wei_cnt_en=1 act_pop_en=1 wei_pop_en=1 psm_start=0 shift_done=0 done=0 cscnt_q=0 pop_shim_q2=1 cdone_q=0 o_cswitch_done_val=0 o_cdone_val=0
[CTRL DEBUG] cycle=82044 state=5 start=0 incntlim=64 act_reps=1 wei_reps=1 ncontexts=1 context_cnt=0 act_cnt_en=1 wei_cnt_en=1 act_pop_en=1 wei_pop_en=1 psm_start=0 shift_done=0 done=0 cscnt_q=0 pop_shim_q2=1 cdone_q=0 o_cswitch_done_val=0 o_cdone_val=0
[CTRL DEBUG] cycle=82044 state=5 start=0 incntlim=64 act_reps=1 wei_reps=1 ncontexts=1 context_cnt=0 act_cnt_en=1 wei_cnt_en=1 act_pop_en=1 wei_pop_en=1 psm_start=0 shift_done=0 done=0 cscnt_q=0 pop_shim_q2=1 cdone_q=0 o_cswitch_done_val=0 o_cdone_val=0
[CTRL DEBUG] cycle=82044 state=5 start=0 incntlim=64 act_reps=1 wei_reps=1 ncontexts=1 context_cnt=0 act_cnt_en=1 wei_cnt_en=1 act_pop_en=1 wei_pop_en=1 psm_start=0 shift_done=0 done=0 cscnt_q=0 pop_shim_q2=1 cdone_q=0 o_cswitch_done_val=0 o_cdone_val=0
[CTRL DEBUG] cycle=82044 state=5 start=0 incntlim=64 act_reps=1 wei_reps=1 ncontexts=1 context_cnt=0 act_cnt_en=1 wei_cnt_en=1 act_pop_en=1 wei_pop_en=1 psm_start=0 shift_done=0 done=0 cscnt_q=0 pop_shim_q2=1 cdone_q=0 o_cswitch_done_val=0 o_cdone_val=0
[CTRL DEBUG] cycle=82045 state=5 start=0 incntlim=64 act_reps=1 wei_reps=1 ncontexts=1 context_cnt=0 act_cnt_en=1 wei_cnt_en=1 act_pop_en=1 wei_pop_en=1 psm_start=0 shift_done=0 done=0 cscnt_q=0 pop_shim_q2=1 cdone_q=0 o_cswitch_done_val=0 o_cdone_val=0
[CTRL DEBUG] cycle=82045 state=5 start=0 incntlim=64 act_reps=1 wei_reps=1 ncontexts=1 context_cnt=0 act_cnt_en=1 wei_cnt_en=1 act_pop_en=1 wei_pop_en=1 psm_start=0 shift_done=0 done=0 cscnt_q=0 pop_shim_q2=1 cdone_q=0 o_cswitch_done_val=0 o_cdone_val=0
[CTRL DEBUG] cycle=82045 state=5 start=0 incntlim=64 act_reps=1 wei_reps=1 ncontexts=1 context_cnt=0 act_cnt_en=1 wei_cnt_en=1 act_pop_en=1 wei_pop_en=1 psm_start=0 shift_done=0 done=0 cscnt_q=0 pop_shim_q2=1 cdone_q=0 o_cswitch_done_val=0 o_cdone_val=0
[CTRL DEBUG] cycle=82045 state=5 start=0 incntlim=64 act_reps=1 wei_reps=1 ncontexts=1 context_cnt=0 act_cnt_en=1 wei_cnt_en=1 act_pop_en=1 wei_pop_en=1 psm_start=0 shift_done=0 done=0 cscnt_q=0 pop_shim_q2=1 cdone_q=0 o_cswitch_done_val=0 o_cdone_val=0
[CTRL DEBUG] cycle=82045 state=5 start=0 incntlim=64 act_reps=1 wei_reps=1 ncontexts=1 context_cnt=0 act_cnt_en=1 wei_cnt_en=1 act_pop_en=1 wei_pop_en=1 psm_start=0 shift_done=0 done=0 cscnt_q=0 pop_shim_q2=1 cdone_q=0 o_cswitch_done_val=0 o_cdone_val=0
[CTRL DEBUG] cycle=82045 state=5 start=0 incntlim=64 act_reps=1 wei_reps=1 ncontexts=1 context_cnt=0 act_cnt_en=1 wei_cnt_en=1 act_pop_en=1 wei_pop_en=1 psm_start=0 shift_done=0 done=0 cscnt_q=0 pop_shim_q2=1 cdone_q=0 o_cswitch_done_val=0 o_cdone_val=0
[CTRL DEBUG] cycle=82046 state=5 start=0 incntlim=64 act_reps=1 wei_reps=1 ncontexts=1 context_cnt=0 act_cnt_en=1 wei_cnt_en=1 act_pop_en=1 wei_pop_en=1 psm_start=0 shift_done=0 done=0 cscnt_q=0 pop_shim_q2=1 cdone_q=0 o_cswitch_done_val=0 o_cdone_val=0
[CTRL DEBUG] cycle=82046 state=5 start=0 incntlim=64 act_reps=1 wei_reps=1 ncontexts=1 context_cnt=0 act_cnt_en=1 wei_cnt_en=1 act_pop_en=1 wei_pop_en=1 psm_start=0 shift_done=0 done=0 cscnt_q=0 pop_shim_q2=1 cdone_q=0 o_cswitch_done_val=0 o_cdone_val=0
[CTRL DEBUG] cycle=82046 state=5 start=0 incntlim=64 act_reps=1 wei_reps=1 ncontexts=1 context_cnt=0 act_cnt_en=1 wei_cnt_en=1 act_pop_en=1 wei_pop_en=1 psm_start=0 shift_done=0 done=0 cscnt_q=0 pop_shim_q2=1 cdone_q=0 o_cswitch_done_val=0 o_cdone_val=0
[CTRL DEBUG] cycle=82046 state=5 start=0 incntlim=64 act_reps=1 wei_reps=1 ncontexts=1 context_cnt=0 act_cnt_en=1 wei_cnt_en=1 act_pop_en=1 wei_pop_en=1 psm_start=0 shift_done=0 done=0 cscnt_q=0 pop_shim_q2=1 cdone_q=0 o_cswitch_done_val=0 o_cdone_val=0
[CTRL DEBUG] cycle=82046 state=5 start=0 incntlim=64 act_reps=1 wei_reps=1 ncontexts=1 context_cnt=0 act_cnt_en=1 wei_cnt_en=1 act_pop_en=1 wei_pop_en=1 psm_start=0 shift_done=0 done=0 cscnt_q=0 pop_shim_q2=1 cdone_q=0 o_cswitch_done_val=0 o_cdone_val=0
[CTRL DEBUG] cycle=82046 state=5 start=0 incntlim=64 act_reps=1 wei_reps=1 ncontexts=1 context_cnt=0 act_cnt_en=1 wei_cnt_en=1 act_pop_en=1 wei_pop_en=1 psm_start=0 shift_done=0 done=0 cscnt_q=0 pop_shim_q2=1 cdone_q=0 o_cswitch_done_val=0 o_cdone_val=0
[CTRL DEBUG] cycle=82047 state=5 start=0 incntlim=64 act_reps=1 wei_reps=1 ncontexts=1 context_cnt=0 act_cnt_en=1 wei_cnt_en=1 act_pop_en=1 wei_pop_en=1 psm_start=0 shift_done=0 done=0 cscnt_q=0 pop_shim_q2=1 cdone_q=0 o_cswitch_done_val=0 o_cdone_val=0
[CTRL DEBUG] cycle=82047 state=5 start=0 incntlim=64 act_reps=1 wei_reps=1 ncontexts=1 context_cnt=0 act_cnt_en=1 wei_cnt_en=1 act_pop_en=1 wei_pop_en=1 psm_start=0 shift_done=0 done=0 cscnt_q=0 pop_shim_q2=1 cdone_q=0 o_cswitch_done_val=0 o_cdone_val=0
[CTRL DEBUG] cycle=82047 state=5 start=0 incntlim=64 act_reps=1 wei_reps=1 ncontexts=1 context_cnt=0 act_cnt_en=1 wei_cnt_en=1 act_pop_en=1 wei_pop_en=1 psm_start=0 shift_done=0 done=0 cscnt_q=0 pop_shim_q2=1 cdone_q=0 o_cswitch_done_val=0 o_cdone_val=0
[CTRL DEBUG] cycle=82047 state=5 start=0 incntlim=64 act_reps=1 wei_reps=1 ncontexts=1 context_cnt=0 act_cnt_en=1 wei_cnt_en=1 act_pop_en=1 wei_pop_en=1 psm_start=0 shift_done=0 done=0 cscnt_q=0 pop_shim_q2=1 cdone_q=0 o_cswitch_done_val=0 o_cdone_val=0
[CTRL DEBUG] cycle=82047 state=5 start=0 incntlim=64 act_reps=1 wei_reps=1 ncontexts=1 context_cnt=0 act_cnt_en=1 wei_cnt_en=1 act_pop_en=1 wei_pop_en=1 psm_start=0 shift_done=0 done=0 cscnt_q=0 pop_shim_q2=1 cdone_q=0 o_cswitch_done_val=0 o_cdone_val=0
[CTRL DEBUG] cycle=82047 state=5 start=0 incntlim=64 act_reps=1 wei_reps=1 ncontexts=1 context_cnt=0 act_cnt_en=1 wei_cnt_en=1 act_pop_en=1 wei_pop_en=1 psm_start=0 shift_done=0 done=0 cscnt_q=0 pop_shim_q2=1 cdone_q=0 o_cswitch_done_val=0 o_cdone_val=0
[CTRL DEBUG] cycle=82048 state=5 start=0 incntlim=64 act_reps=1 wei_reps=1 ncontexts=1 context_cnt=0 act_cnt_en=1 wei_cnt_en=1 act_pop_en=1 wei_pop_en=1 psm_start=0 shift_done=0 done=0 cscnt_q=0 pop_shim_q2=1 cdone_q=0 o_cswitch_done_val=0 o_cdone_val=0
[CTRL DEBUG] cycle=82048 state=5 start=0 incntlim=64 act_reps=1 wei_reps=1 ncontexts=1 context_cnt=0 act_cnt_en=1 wei_cnt_en=1 act_pop_en=1 wei_pop_en=1 psm_start=0 shift_done=0 done=0 cscnt_q=0 pop_shim_q2=1 cdone_q=0 o_cswitch_done_val=0 o_cdone_val=0
[CTRL DEBUG] cycle=82048 state=5 start=0 incntlim=64 act_reps=1 wei_reps=1 ncontexts=1 context_cnt=0 act_cnt_en=1 wei_cnt_en=1 act_pop_en=1 wei_pop_en=1 psm_start=0 shift_done=0 done=0 cscnt_q=0 pop_shim_q2=1 cdone_q=0 o_cswitch_done_val=0 o_cdone_val=0
[CTRL DEBUG] cycle=82048 state=5 start=0 incntlim=64 act_reps=1 wei_reps=1 ncontexts=1 context_cnt=0 act_cnt_en=1 wei_cnt_en=1 act_pop_en=1 wei_pop_en=1 psm_start=0 shift_done=0 done=0 cscnt_q=0 pop_shim_q2=1 cdone_q=0 o_cswitch_done_val=0 o_cdone_val=0
[CTRL DEBUG] cycle=82048 state=5 start=0 incntlim=64 act_reps=1 wei_reps=1 ncontexts=1 context_cnt=0 act_cnt_en=1 wei_cnt_en=1 act_pop_en=1 wei_pop_en=1 psm_start=0 shift_done=0 done=0 cscnt_q=0 pop_shim_q2=1 cdone_q=0 o_cswitch_done_val=0 o_cdone_val=0
[CTRL DEBUG] cycle=82048 state=5 start=0 incntlim=64 act_reps=1 wei_reps=1 ncontexts=1 context_cnt=0 act_cnt_en=1 wei_cnt_en=1 act_pop_en=1 wei_pop_en=1 psm_start=0 shift_done=0 done=0 cscnt_q=0 pop_shim_q2=1 cdone_q=0 o_cswitch_done_val=0 o_cdone_val=0
[CTRL DEBUG] cycle=82049 state=5 start=0 incntlim=64 act_reps=1 wei_reps=1 ncontexts=1 context_cnt=0 act_cnt_en=1 wei_cnt_en=1 act_pop_en=1 wei_pop_en=1 psm_start=0 shift_done=0 done=0 cscnt_q=0 pop_shim_q2=1 cdone_q=0 o_cswitch_done_val=0 o_cdone_val=0
[CTRL DRAIN START] cycle=82049 comp_cycles=64 incntlim=64
[CTRL DEBUG] cycle=82049 state=5 start=0 incntlim=64 act_reps=1 wei_reps=1 ncontexts=1 context_cnt=0 act_cnt_en=1 wei_cnt_en=1 act_pop_en=1 wei_pop_en=1 psm_start=0 shift_done=0 done=0 cscnt_q=0 pop_shim_q2=1 cdone_q=0 o_cswitch_done_val=0 o_cdone_val=0
[CTRL DRAIN START] cycle=82049 comp_cycles=64 incntlim=64
[CTRL DEBUG] cycle=82049 state=5 start=0 incntlim=64 act_reps=1 wei_reps=1 ncontexts=1 context_cnt=0 act_cnt_en=1 wei_cnt_en=1 act_pop_en=1 wei_pop_en=1 psm_start=0 shift_done=0 done=0 cscnt_q=0 pop_shim_q2=1 cdone_q=0 o_cswitch_done_val=0 o_cdone_val=0
[CTRL DRAIN START] cycle=82049 comp_cycles=64 incntlim=64
[CTRL DEBUG] cycle=82049 state=5 start=0 incntlim=64 act_reps=1 wei_reps=1 ncontexts=1 context_cnt=0 act_cnt_en=1 wei_cnt_en=1 act_pop_en=1 wei_pop_en=1 psm_start=0 shift_done=0 done=0 cscnt_q=0 pop_shim_q2=1 cdone_q=0 o_cswitch_done_val=0 o_cdone_val=0
[CTRL DRAIN START] cycle=82049 comp_cycles=64 incntlim=64
[CTRL DEBUG] cycle=82049 state=5 start=0 incntlim=64 act_reps=1 wei_reps=1 ncontexts=1 context_cnt=0 act_cnt_en=1 wei_cnt_en=1 act_pop_en=1 wei_pop_en=1 psm_start=0 shift_done=0 done=0 cscnt_q=0 pop_shim_q2=1 cdone_q=0 o_cswitch_done_val=0 o_cdone_val=0
[CTRL DRAIN START] cycle=82049 comp_cycles=64 incntlim=64
[CTRL DEBUG] cycle=82049 state=5 start=0 incntlim=64 act_reps=1 wei_reps=1 ncontexts=1 context_cnt=0 act_cnt_en=1 wei_cnt_en=1 act_pop_en=1 wei_pop_en=1 psm_start=0 shift_done=0 done=0 cscnt_q=0 pop_shim_q2=1 cdone_q=0 o_cswitch_done_val=0 o_cdone_val=0
[CTRL DRAIN START] cycle=82049 comp_cycles=64 incntlim=64
[CTRL DEBUG] cycle=82050 state=6 start=0 incntlim=64 act_reps=1 wei_reps=1 ncontexts=1 context_cnt=0 act_cnt_en=1 wei_cnt_en=1 act_pop_en=1 wei_pop_en=1 psm_start=0 shift_done=0 done=0 cscnt_q=0 pop_shim_q2=1 cdone_q=0 o_cswitch_done_val=0 o_cdone_val=0
[CTRL DEBUG] cycle=82050 state=6 start=0 incntlim=64 act_reps=1 wei_reps=1 ncontexts=1 context_cnt=0 act_cnt_en=1 wei_cnt_en=1 act_pop_en=1 wei_pop_en=1 psm_start=0 shift_done=0 done=0 cscnt_q=0 pop_shim_q2=1 cdone_q=0 o_cswitch_done_val=0 o_cdone_val=0
[CTRL DEBUG] cycle=82050 state=6 start=0 incntlim=64 act_reps=1 wei_reps=1 ncontexts=1 context_cnt=0 act_cnt_en=1 wei_cnt_en=1 act_pop_en=1 wei_pop_en=1 psm_start=0 shift_done=0 done=0 cscnt_q=0 pop_shim_q2=1 cdone_q=0 o_cswitch_done_val=0 o_cdone_val=0
[CTRL DEBUG] cycle=82050 state=6 start=0 incntlim=64 act_reps=1 wei_reps=1 ncontexts=1 context_cnt=0 act_cnt_en=1 wei_cnt_en=1 act_pop_en=1 wei_pop_en=1 psm_start=0 shift_done=0 done=0 cscnt_q=0 pop_shim_q2=1 cdone_q=0 o_cswitch_done_val=0 o_cdone_val=0
[CTRL DEBUG] cycle=82050 state=6 start=0 incntlim=64 act_reps=1 wei_reps=1 ncontexts=1 context_cnt=0 act_cnt_en=1 wei_cnt_en=1 act_pop_en=1 wei_pop_en=1 psm_start=0 shift_done=0 done=0 cscnt_q=0 pop_shim_q2=1 cdone_q=0 o_cswitch_done_val=0 o_cdone_val=0
[CTRL DEBUG] cycle=82050 state=6 start=0 incntlim=64 act_reps=1 wei_reps=1 ncontexts=1 context_cnt=0 act_cnt_en=1 wei_cnt_en=1 act_pop_en=1 wei_pop_en=1 psm_start=0 shift_done=0 done=0 cscnt_q=0 pop_shim_q2=1 cdone_q=0 o_cswitch_done_val=0 o_cdone_val=0
[CTRL DEBUG] cycle=82051 state=6 start=0 incntlim=64 act_reps=1 wei_reps=1 ncontexts=1 context_cnt=0 act_cnt_en=0 wei_cnt_en=0 act_pop_en=1 wei_pop_en=1 psm_start=0 shift_done=0 done=0 cscnt_q=0 pop_shim_q2=1 cdone_q=1 o_cswitch_done_val=0 o_cdone_val=0
[CTRL DEBUG] cycle=82051 state=6 start=0 incntlim=64 act_reps=1 wei_reps=1 ncontexts=1 context_cnt=0 act_cnt_en=0 wei_cnt_en=0 act_pop_en=1 wei_pop_en=1 psm_start=0 shift_done=0 done=0 cscnt_q=0 pop_shim_q2=1 cdone_q=1 o_cswitch_done_val=0 o_cdone_val=0
[CTRL DEBUG] cycle=82051 state=6 start=0 incntlim=64 act_reps=1 wei_reps=1 ncontexts=1 context_cnt=0 act_cnt_en=0 wei_cnt_en=0 act_pop_en=1 wei_pop_en=1 psm_start=0 shift_done=0 done=0 cscnt_q=0 pop_shim_q2=1 cdone_q=1 o_cswitch_done_val=0 o_cdone_val=0
[CTRL DEBUG] cycle=82051 state=6 start=0 incntlim=64 act_reps=1 wei_reps=1 ncontexts=1 context_cnt=0 act_cnt_en=0 wei_cnt_en=0 act_pop_en=1 wei_pop_en=1 psm_start=0 shift_done=0 done=0 cscnt_q=0 pop_shim_q2=1 cdone_q=1 o_cswitch_done_val=0 o_cdone_val=0
[CTRL DEBUG] cycle=82051 state=6 start=0 incntlim=64 act_reps=1 wei_reps=1 ncontexts=1 context_cnt=0 act_cnt_en=0 wei_cnt_en=0 act_pop_en=1 wei_pop_en=1 psm_start=0 shift_done=0 done=0 cscnt_q=0 pop_shim_q2=1 cdone_q=1 o_cswitch_done_val=0 o_cdone_val=0
[CTRL DEBUG] cycle=82051 state=6 start=0 incntlim=64 act_reps=1 wei_reps=1 ncontexts=1 context_cnt=0 act_cnt_en=0 wei_cnt_en=0 act_pop_en=1 wei_pop_en=1 psm_start=0 shift_done=0 done=0 cscnt_q=0 pop_shim_q2=1 cdone_q=1 o_cswitch_done_val=0 o_cdone_val=0
[CTRL DEBUG] cycle=82052 state=6 start=0 incntlim=64 act_reps=1 wei_reps=1 ncontexts=1 context_cnt=0 act_cnt_en=0 wei_cnt_en=0 act_pop_en=1 wei_pop_en=1 psm_start=0 shift_done=0 done=0 cscnt_q=1 pop_shim_q2=1 cdone_q=0 o_cswitch_done_val=0 o_cdone_val=1
[CTRL DEBUG] cycle=82052 state=6 start=0 incntlim=64 act_reps=1 wei_reps=1 ncontexts=1 context_cnt=0 act_cnt_en=0 wei_cnt_en=0 act_pop_en=1 wei_pop_en=1 psm_start=0 shift_done=0 done=0 cscnt_q=1 pop_shim_q2=1 cdone_q=0 o_cswitch_done_val=0 o_cdone_val=1
[CTRL DEBUG] cycle=82052 state=6 start=0 incntlim=64 act_reps=1 wei_reps=1 ncontexts=1 context_cnt=0 act_cnt_en=0 wei_cnt_en=0 act_pop_en=1 wei_pop_en=1 psm_start=0 shift_done=0 done=0 cscnt_q=1 pop_shim_q2=1 cdone_q=0 o_cswitch_done_val=0 o_cdone_val=1
[CTRL DEBUG] cycle=82052 state=6 start=0 incntlim=64 act_reps=1 wei_reps=1 ncontexts=1 context_cnt=0 act_cnt_en=0 wei_cnt_en=0 act_pop_en=1 wei_pop_en=1 psm_start=0 shift_done=0 done=0 cscnt_q=1 pop_shim_q2=1 cdone_q=0 o_cswitch_done_val=0 o_cdone_val=1
[CTRL DEBUG] cycle=82052 state=6 start=0 incntlim=64 act_reps=1 wei_reps=1 ncontexts=1 context_cnt=0 act_cnt_en=0 wei_cnt_en=0 act_pop_en=1 wei_pop_en=1 psm_start=0 shift_done=0 done=0 cscnt_q=1 pop_shim_q2=1 cdone_q=0 o_cswitch_done_val=0 o_cdone_val=1
[CTRL DEBUG] cycle=82052 state=6 start=0 incntlim=64 act_reps=1 wei_reps=1 ncontexts=1 context_cnt=0 act_cnt_en=0 wei_cnt_en=0 act_pop_en=1 wei_pop_en=1 psm_start=0 shift_done=0 done=0 cscnt_q=1 pop_shim_q2=1 cdone_q=0 o_cswitch_done_val=0 o_cdone_val=1
[CTRL DEBUG] cycle=82053 state=6 start=0 incntlim=64 act_reps=1 wei_reps=1 ncontexts=1 context_cnt=0 act_cnt_en=0 wei_cnt_en=0 act_pop_en=1 wei_pop_en=1 psm_start=0 shift_done=0 done=0 cscnt_q=2 pop_shim_q2=1 cdone_q=0 o_cswitch_done_val=0 o_cdone_val=0
[CTRL DEBUG] cycle=82053 state=6 start=0 incntlim=64 act_reps=1 wei_reps=1 ncontexts=1 context_cnt=0 act_cnt_en=0 wei_cnt_en=0 act_pop_en=1 wei_pop_en=1 psm_start=0 shift_done=0 done=0 cscnt_q=2 pop_shim_q2=1 cdone_q=0 o_cswitch_done_val=0 o_cdone_val=0
[CTRL DEBUG] cycle=82053 state=6 start=0 incntlim=64 act_reps=1 wei_reps=1 ncontexts=1 context_cnt=0 act_cnt_en=0 wei_cnt_en=0 act_pop_en=1 wei_pop_en=1 psm_start=0 shift_done=0 done=0 cscnt_q=2 pop_shim_q2=1 cdone_q=0 o_cswitch_done_val=0 o_cdone_val=0
[CTRL DEBUG] cycle=82053 state=6 start=0 incntlim=64 act_reps=1 wei_reps=1 ncontexts=1 context_cnt=0 act_cnt_en=0 wei_cnt_en=0 act_pop_en=1 wei_pop_en=1 psm_start=0 shift_done=0 done=0 cscnt_q=2 pop_shim_q2=1 cdone_q=0 o_cswitch_done_val=0 o_cdone_val=0
[CTRL DEBUG] cycle=82053 state=6 start=0 incntlim=64 act_reps=1 wei_reps=1 ncontexts=1 context_cnt=0 act_cnt_en=0 wei_cnt_en=0 act_pop_en=1 wei_pop_en=1 psm_start=0 shift_done=0 done=0 cscnt_q=2 pop_shim_q2=1 cdone_q=0 o_cswitch_done_val=0 o_cdone_val=0
[CTRL DEBUG] cycle=82053 state=6 start=0 incntlim=64 act_reps=1 wei_reps=1 ncontexts=1 context_cnt=0 act_cnt_en=0 wei_cnt_en=0 act_pop_en=1 wei_pop_en=1 psm_start=0 shift_done=0 done=0 cscnt_q=2 pop_shim_q2=1 cdone_q=0 o_cswitch_done_val=0 o_cdone_val=0
[CTRL DEBUG] cycle=82054 state=6 start=0 incntlim=64 act_reps=1 wei_reps=1 ncontexts=1 context_cnt=0 act_cnt_en=0 wei_cnt_en=0 act_pop_en=1 wei_pop_en=1 psm_start=0 shift_done=0 done=0 cscnt_q=3 pop_shim_q2=1 cdone_q=0 o_cswitch_done_val=0 o_cdone_val=0
[CTRL DEBUG] cycle=82054 state=6 start=0 incntlim=64 act_reps=1 wei_reps=1 ncontexts=1 context_cnt=0 act_cnt_en=0 wei_cnt_en=0 act_pop_en=1 wei_pop_en=1 psm_start=0 shift_done=0 done=0 cscnt_q=3 pop_shim_q2=1 cdone_q=0 o_cswitch_done_val=0 o_cdone_val=0
[CTRL DEBUG] cycle=82054 state=6 start=0 incntlim=64 act_reps=1 wei_reps=1 ncontexts=1 context_cnt=0 act_cnt_en=0 wei_cnt_en=0 act_pop_en=1 wei_pop_en=1 psm_start=0 shift_done=0 done=0 cscnt_q=3 pop_shim_q2=1 cdone_q=0 o_cswitch_done_val=0 o_cdone_val=0
[CTRL DEBUG] cycle=82054 state=6 start=0 incntlim=64 act_reps=1 wei_reps=1 ncontexts=1 context_cnt=0 act_cnt_en=0 wei_cnt_en=0 act_pop_en=1 wei_pop_en=1 psm_start=0 shift_done=0 done=0 cscnt_q=3 pop_shim_q2=1 cdone_q=0 o_cswitch_done_val=0 o_cdone_val=0
[CTRL DEBUG] cycle=82054 state=6 start=0 incntlim=64 act_reps=1 wei_reps=1 ncontexts=1 context_cnt=0 act_cnt_en=0 wei_cnt_en=0 act_pop_en=1 wei_pop_en=1 psm_start=0 shift_done=0 done=0 cscnt_q=3 pop_shim_q2=1 cdone_q=0 o_cswitch_done_val=0 o_cdone_val=0
[CTRL DEBUG] cycle=82054 state=6 start=0 incntlim=64 act_reps=1 wei_reps=1 ncontexts=1 context_cnt=0 act_cnt_en=0 wei_cnt_en=0 act_pop_en=1 wei_pop_en=1 psm_start=0 shift_done=0 done=0 cscnt_q=3 pop_shim_q2=1 cdone_q=0 o_cswitch_done_val=0 o_cdone_val=0
[CTRL DEBUG] cycle=82055 state=6 start=0 incntlim=64 act_reps=1 wei_reps=1 ncontexts=1 context_cnt=0 act_cnt_en=0 wei_cnt_en=0 act_pop_en=1 wei_pop_en=1 psm_start=0 shift_done=0 done=0 cscnt_q=4 pop_shim_q2=1 cdone_q=0 o_cswitch_done_val=0 o_cdone_val=0
[CTRL DEBUG] cycle=82055 state=6 start=0 incntlim=64 act_reps=1 wei_reps=1 ncontexts=1 context_cnt=0 act_cnt_en=0 wei_cnt_en=0 act_pop_en=1 wei_pop_en=1 psm_start=0 shift_done=0 done=0 cscnt_q=4 pop_shim_q2=1 cdone_q=0 o_cswitch_done_val=0 o_cdone_val=0
[CTRL DEBUG] cycle=82055 state=6 start=0 incntlim=64 act_reps=1 wei_reps=1 ncontexts=1 context_cnt=0 act_cnt_en=0 wei_cnt_en=0 act_pop_en=1 wei_pop_en=1 psm_start=0 shift_done=0 done=0 cscnt_q=4 pop_shim_q2=1 cdone_q=0 o_cswitch_done_val=0 o_cdone_val=0
[CTRL DEBUG] cycle=82055 state=6 start=0 incntlim=64 act_reps=1 wei_reps=1 ncontexts=1 context_cnt=0 act_cnt_en=0 wei_cnt_en=0 act_pop_en=1 wei_pop_en=1 psm_start=0 shift_done=0 done=0 cscnt_q=4 pop_shim_q2=1 cdone_q=0 o_cswitch_done_val=0 o_cdone_val=0
[CTRL DEBUG] cycle=82055 state=6 start=0 incntlim=64 act_reps=1 wei_reps=1 ncontexts=1 context_cnt=0 act_cnt_en=0 wei_cnt_en=0 act_pop_en=1 wei_pop_en=1 psm_start=0 shift_done=0 done=0 cscnt_q=4 pop_shim_q2=1 cdone_q=0 o_cswitch_done_val=0 o_cdone_val=0
[CTRL DEBUG] cycle=82055 state=6 start=0 incntlim=64 act_reps=1 wei_reps=1 ncontexts=1 context_cnt=0 act_cnt_en=0 wei_cnt_en=0 act_pop_en=1 wei_pop_en=1 psm_start=0 shift_done=0 done=0 cscnt_q=4 pop_shim_q2=1 cdone_q=0 o_cswitch_done_val=0 o_cdone_val=0
[CTRL DEBUG] cycle=82056 state=6 start=0 incntlim=64 act_reps=1 wei_reps=1 ncontexts=1 context_cnt=0 act_cnt_en=0 wei_cnt_en=0 act_pop_en=1 wei_pop_en=1 psm_start=0 shift_done=0 done=0 cscnt_q=5 pop_shim_q2=1 cdone_q=0 o_cswitch_done_val=0 o_cdone_val=0
[CTRL DEBUG] cycle=82056 state=6 start=0 incntlim=64 act_reps=1 wei_reps=1 ncontexts=1 context_cnt=0 act_cnt_en=0 wei_cnt_en=0 act_pop_en=1 wei_pop_en=1 psm_start=0 shift_done=0 done=0 cscnt_q=5 pop_shim_q2=1 cdone_q=0 o_cswitch_done_val=0 o_cdone_val=0
[CTRL DEBUG] cycle=82056 state=6 start=0 incntlim=64 act_reps=1 wei_reps=1 ncontexts=1 context_cnt=0 act_cnt_en=0 wei_cnt_en=0 act_pop_en=1 wei_pop_en=1 psm_start=0 shift_done=0 done=0 cscnt_q=5 pop_shim_q2=1 cdone_q=0 o_cswitch_done_val=0 o_cdone_val=0
[CTRL DEBUG] cycle=82056 state=6 start=0 incntlim=64 act_reps=1 wei_reps=1 ncontexts=1 context_cnt=0 act_cnt_en=0 wei_cnt_en=0 act_pop_en=1 wei_pop_en=1 psm_start=0 shift_done=0 done=0 cscnt_q=5 pop_shim_q2=1 cdone_q=0 o_cswitch_done_val=0 o_cdone_val=0
[CTRL DEBUG] cycle=82056 state=6 start=0 incntlim=64 act_reps=1 wei_reps=1 ncontexts=1 context_cnt=0 act_cnt_en=0 wei_cnt_en=0 act_pop_en=1 wei_pop_en=1 psm_start=0 shift_done=0 done=0 cscnt_q=5 pop_shim_q2=1 cdone_q=0 o_cswitch_done_val=0 o_cdone_val=0
[CTRL DEBUG] cycle=82056 state=6 start=0 incntlim=64 act_reps=1 wei_reps=1 ncontexts=1 context_cnt=0 act_cnt_en=0 wei_cnt_en=0 act_pop_en=1 wei_pop_en=1 psm_start=0 shift_done=0 done=0 cscnt_q=5 pop_shim_q2=1 cdone_q=0 o_cswitch_done_val=0 o_cdone_val=0
[CTRL DEBUG] cycle=82057 state=6 start=0 incntlim=64 act_reps=1 wei_reps=1 ncontexts=1 context_cnt=0 act_cnt_en=0 wei_cnt_en=0 act_pop_en=1 wei_pop_en=1 psm_start=0 shift_done=0 done=0 cscnt_q=6 pop_shim_q2=1 cdone_q=0 o_cswitch_done_val=0 o_cdone_val=0
[CTRL TAIL DRAIN] cycle=82057 drain_cycles=8 limit=56
[CTRL DEBUG] cycle=82057 state=6 start=0 incntlim=64 act_reps=1 wei_reps=1 ncontexts=1 context_cnt=0 act_cnt_en=0 wei_cnt_en=0 act_pop_en=1 wei_pop_en=1 psm_start=0 shift_done=0 done=0 cscnt_q=6 pop_shim_q2=1 cdone_q=0 o_cswitch_done_val=0 o_cdone_val=0
[CTRL TAIL DRAIN] cycle=82057 drain_cycles=8 limit=56
[CTRL DEBUG] cycle=82057 state=6 start=0 incntlim=64 act_reps=1 wei_reps=1 ncontexts=1 context_cnt=0 act_cnt_en=0 wei_cnt_en=0 act_pop_en=1 wei_pop_en=1 psm_start=0 shift_done=0 done=0 cscnt_q=6 pop_shim_q2=1 cdone_q=0 o_cswitch_done_val=0 o_cdone_val=0
[CTRL TAIL DRAIN] cycle=82057 drain_cycles=8 limit=56
[CTRL DEBUG] cycle=82057 state=6 start=0 incntlim=64 act_reps=1 wei_reps=1 ncontexts=1 context_cnt=0 act_cnt_en=0 wei_cnt_en=0 act_pop_en=1 wei_pop_en=1 psm_start=0 shift_done=0 done=0 cscnt_q=6 pop_shim_q2=1 cdone_q=0 o_cswitch_done_val=0 o_cdone_val=0
[CTRL TAIL DRAIN] cycle=82057 drain_cycles=8 limit=56
[CTRL DEBUG] cycle=82057 state=6 start=0 incntlim=64 act_reps=1 wei_reps=1 ncontexts=1 context_cnt=0 act_cnt_en=0 wei_cnt_en=0 act_pop_en=1 wei_pop_en=1 psm_start=0 shift_done=0 done=0 cscnt_q=6 pop_shim_q2=1 cdone_q=0 o_cswitch_done_val=0 o_cdone_val=0
[CTRL TAIL DRAIN] cycle=82057 drain_cycles=8 limit=56
[CTRL DEBUG] cycle=82057 state=6 start=0 incntlim=64 act_reps=1 wei_reps=1 ncontexts=1 context_cnt=0 act_cnt_en=0 wei_cnt_en=0 act_pop_en=1 wei_pop_en=1 psm_start=0 shift_done=0 done=0 cscnt_q=6 pop_shim_q2=1 cdone_q=0 o_cswitch_done_val=0 o_cdone_val=0
[CTRL TAIL DRAIN] cycle=82057 drain_cycles=8 limit=56
[CTRL DEBUG] cycle=82058 state=6 start=0 incntlim=64 act_reps=1 wei_reps=1 ncontexts=1 context_cnt=0 act_cnt_en=0 wei_cnt_en=0 act_pop_en=1 wei_pop_en=1 psm_start=0 shift_done=0 done=0 cscnt_q=7 pop_shim_q2=1 cdone_q=0 o_cswitch_done_val=0 o_cdone_val=0
[CTRL DEBUG] cycle=82058 state=6 start=0 incntlim=64 act_reps=1 wei_reps=1 ncontexts=1 context_cnt=0 act_cnt_en=0 wei_cnt_en=0 act_pop_en=1 wei_pop_en=1 psm_start=0 shift_done=0 done=0 cscnt_q=7 pop_shim_q2=1 cdone_q=0 o_cswitch_done_val=0 o_cdone_val=0
[CTRL DEBUG] cycle=82058 state=6 start=0 incntlim=64 act_reps=1 wei_reps=1 ncontexts=1 context_cnt=0 act_cnt_en=0 wei_cnt_en=0 act_pop_en=1 wei_pop_en=1 psm_start=0 shift_done=0 done=0 cscnt_q=7 pop_shim_q2=1 cdone_q=0 o_cswitch_done_val=0 o_cdone_val=0
[CTRL DEBUG] cycle=82058 state=6 start=0 incntlim=64 act_reps=1 wei_reps=1 ncontexts=1 context_cnt=0 act_cnt_en=0 wei_cnt_en=0 act_pop_en=1 wei_pop_en=1 psm_start=0 shift_done=0 done=0 cscnt_q=7 pop_shim_q2=1 cdone_q=0 o_cswitch_done_val=0 o_cdone_val=0
[CTRL DEBUG] cycle=82058 state=6 start=0 incntlim=64 act_reps=1 wei_reps=1 ncontexts=1 context_cnt=0 act_cnt_en=0 wei_cnt_en=0 act_pop_en=1 wei_pop_en=1 psm_start=0 shift_done=0 done=0 cscnt_q=7 pop_shim_q2=1 cdone_q=0 o_cswitch_done_val=0 o_cdone_val=0
[CTRL DEBUG] cycle=82058 state=6 start=0 incntlim=64 act_reps=1 wei_reps=1 ncontexts=1 context_cnt=0 act_cnt_en=0 wei_cnt_en=0 act_pop_en=1 wei_pop_en=1 psm_start=0 shift_done=0 done=0 cscnt_q=7 pop_shim_q2=1 cdone_q=0 o_cswitch_done_val=0 o_cdone_val=0
[CTRL DEBUG] cycle=82059 state=6 start=0 incntlim=64 act_reps=1 wei_reps=1 ncontexts=1 context_cnt=0 act_cnt_en=0 wei_cnt_en=0 act_pop_en=1 wei_pop_en=1 psm_start=0 shift_done=0 done=0 cscnt_q=8 pop_shim_q2=1 cdone_q=0 o_cswitch_done_val=0 o_cdone_val=0
[CTRL DEBUG] cycle=82059 state=6 start=0 incntlim=64 act_reps=1 wei_reps=1 ncontexts=1 context_cnt=0 act_cnt_en=0 wei_cnt_en=0 act_pop_en=1 wei_pop_en=1 psm_start=0 shift_done=0 done=0 cscnt_q=8 pop_shim_q2=1 cdone_q=0 o_cswitch_done_val=0 o_cdone_val=0
[CTRL DEBUG] cycle=82059 state=6 start=0 incntlim=64 act_reps=1 wei_reps=1 ncontexts=1 context_cnt=0 act_cnt_en=0 wei_cnt_en=0 act_pop_en=1 wei_pop_en=1 psm_start=0 shift_done=0 done=0 cscnt_q=8 pop_shim_q2=1 cdone_q=0 o_cswitch_done_val=0 o_cdone_val=0
[CTRL DEBUG] cycle=82059 state=6 start=0 incntlim=64 act_reps=1 wei_reps=1 ncontexts=1 context_cnt=0 act_cnt_en=0 wei_cnt_en=0 act_pop_en=1 wei_pop_en=1 psm_start=0 shift_done=0 done=0 cscnt_q=8 pop_shim_q2=1 cdone_q=0 o_cswitch_done_val=0 o_cdone_val=0
[CTRL DEBUG] cycle=82059 state=6 start=0 incntlim=64 act_reps=1 wei_reps=1 ncontexts=1 context_cnt=0 act_cnt_en=0 wei_cnt_en=0 act_pop_en=1 wei_pop_en=1 psm_start=0 shift_done=0 done=0 cscnt_q=8 pop_shim_q2=1 cdone_q=0 o_cswitch_done_val=0 o_cdone_val=0
[CTRL DEBUG] cycle=82059 state=6 start=0 incntlim=64 act_reps=1 wei_reps=1 ncontexts=1 context_cnt=0 act_cnt_en=0 wei_cnt_en=0 act_pop_en=1 wei_pop_en=1 psm_start=0 shift_done=0 done=0 cscnt_q=8 pop_shim_q2=1 cdone_q=0 o_cswitch_done_val=0 o_cdone_val=0
[CTRL DEBUG] cycle=82060 state=6 start=0 incntlim=64 act_reps=1 wei_reps=1 ncontexts=1 context_cnt=0 act_cnt_en=0 wei_cnt_en=0 act_pop_en=1 wei_pop_en=1 psm_start=0 shift_done=0 done=0 cscnt_q=9 pop_shim_q2=1 cdone_q=0 o_cswitch_done_val=0 o_cdone_val=0
[CTRL DEBUG] cycle=82060 state=6 start=0 incntlim=64 act_reps=1 wei_reps=1 ncontexts=1 context_cnt=0 act_cnt_en=0 wei_cnt_en=0 act_pop_en=1 wei_pop_en=1 psm_start=0 shift_done=0 done=0 cscnt_q=9 pop_shim_q2=1 cdone_q=0 o_cswitch_done_val=0 o_cdone_val=0
[CTRL DEBUG] cycle=82060 state=6 start=0 incntlim=64 act_reps=1 wei_reps=1 ncontexts=1 context_cnt=0 act_cnt_en=0 wei_cnt_en=0 act_pop_en=1 wei_pop_en=1 psm_start=0 shift_done=0 done=0 cscnt_q=9 pop_shim_q2=1 cdone_q=0 o_cswitch_done_val=0 o_cdone_val=0
[CTRL DEBUG] cycle=82060 state=6 start=0 incntlim=64 act_reps=1 wei_reps=1 ncontexts=1 context_cnt=0 act_cnt_en=0 wei_cnt_en=0 act_pop_en=1 wei_pop_en=1 psm_start=0 shift_done=0 done=0 cscnt_q=9 pop_shim_q2=1 cdone_q=0 o_cswitch_done_val=0 o_cdone_val=0
[CTRL DEBUG] cycle=82060 state=6 start=0 incntlim=64 act_reps=1 wei_reps=1 ncontexts=1 context_cnt=0 act_cnt_en=0 wei_cnt_en=0 act_pop_en=1 wei_pop_en=1 psm_start=0 shift_done=0 done=0 cscnt_q=9 pop_shim_q2=1 cdone_q=0 o_cswitch_done_val=0 o_cdone_val=0
[CTRL DEBUG] cycle=82060 state=6 start=0 incntlim=64 act_reps=1 wei_reps=1 ncontexts=1 context_cnt=0 act_cnt_en=0 wei_cnt_en=0 act_pop_en=1 wei_pop_en=1 psm_start=0 shift_done=0 done=0 cscnt_q=9 pop_shim_q2=1 cdone_q=0 o_cswitch_done_val=0 o_cdone_val=0
[CTRL DEBUG] cycle=82061 state=6 start=0 incntlim=64 act_reps=1 wei_reps=1 ncontexts=1 context_cnt=0 act_cnt_en=0 wei_cnt_en=0 act_pop_en=1 wei_pop_en=1 psm_start=0 shift_done=0 done=0 cscnt_q=10 pop_shim_q2=1 cdone_q=0 o_cswitch_done_val=0 o_cdone_val=0
[CTRL DEBUG] cycle=82061 state=6 start=0 incntlim=64 act_reps=1 wei_reps=1 ncontexts=1 context_cnt=0 act_cnt_en=0 wei_cnt_en=0 act_pop_en=1 wei_pop_en=1 psm_start=0 shift_done=0 done=0 cscnt_q=10 pop_shim_q2=1 cdone_q=0 o_cswitch_done_val=0 o_cdone_val=0
[CTRL DEBUG] cycle=82061 state=6 start=0 incntlim=64 act_reps=1 wei_reps=1 ncontexts=1 context_cnt=0 act_cnt_en=0 wei_cnt_en=0 act_pop_en=1 wei_pop_en=1 psm_start=0 shift_done=0 done=0 cscnt_q=10 pop_shim_q2=1 cdone_q=0 o_cswitch_done_val=0 o_cdone_val=0
[CTRL DEBUG] cycle=82061 state=6 start=0 incntlim=64 act_reps=1 wei_reps=1 ncontexts=1 context_cnt=0 act_cnt_en=0 wei_cnt_en=0 act_pop_en=1 wei_pop_en=1 psm_start=0 shift_done=0 done=0 cscnt_q=10 pop_shim_q2=1 cdone_q=0 o_cswitch_done_val=0 o_cdone_val=0
[CTRL DEBUG] cycle=82061 state=6 start=0 incntlim=64 act_reps=1 wei_reps=1 ncontexts=1 context_cnt=0 act_cnt_en=0 wei_cnt_en=0 act_pop_en=1 wei_pop_en=1 psm_start=0 shift_done=0 done=0 cscnt_q=10 pop_shim_q2=1 cdone_q=0 o_cswitch_done_val=0 o_cdone_val=0
[CTRL DEBUG] cycle=82061 state=6 start=0 incntlim=64 act_reps=1 wei_reps=1 ncontexts=1 context_cnt=0 act_cnt_en=0 wei_cnt_en=0 act_pop_en=1 wei_pop_en=1 psm_start=0 shift_done=0 done=0 cscnt_q=10 pop_shim_q2=1 cdone_q=0 o_cswitch_done_val=0 o_cdone_val=0
[CTRL DEBUG] cycle=82062 state=6 start=0 incntlim=64 act_reps=1 wei_reps=1 ncontexts=1 context_cnt=0 act_cnt_en=0 wei_cnt_en=0 act_pop_en=1 wei_pop_en=1 psm_start=0 shift_done=0 done=0 cscnt_q=11 pop_shim_q2=1 cdone_q=0 o_cswitch_done_val=0 o_cdone_val=0
[CTRL DEBUG] cycle=82062 state=6 start=0 incntlim=64 act_reps=1 wei_reps=1 ncontexts=1 context_cnt=0 act_cnt_en=0 wei_cnt_en=0 act_pop_en=1 wei_pop_en=1 psm_start=0 shift_done=0 done=0 cscnt_q=11 pop_shim_q2=1 cdone_q=0 o_cswitch_done_val=0 o_cdone_val=0
[CTRL DEBUG] cycle=82062 state=6 start=0 incntlim=64 act_reps=1 wei_reps=1 ncontexts=1 context_cnt=0 act_cnt_en=0 wei_cnt_en=0 act_pop_en=1 wei_pop_en=1 psm_start=0 shift_done=0 done=0 cscnt_q=11 pop_shim_q2=1 cdone_q=0 o_cswitch_done_val=0 o_cdone_val=0
[CTRL DEBUG] cycle=82062 state=6 start=0 incntlim=64 act_reps=1 wei_reps=1 ncontexts=1 context_cnt=0 act_cnt_en=0 wei_cnt_en=0 act_pop_en=1 wei_pop_en=1 psm_start=0 shift_done=0 done=0 cscnt_q=11 pop_shim_q2=1 cdone_q=0 o_cswitch_done_val=0 o_cdone_val=0
[CTRL DEBUG] cycle=82062 state=6 start=0 incntlim=64 act_reps=1 wei_reps=1 ncontexts=1 context_cnt=0 act_cnt_en=0 wei_cnt_en=0 act_pop_en=1 wei_pop_en=1 psm_start=0 shift_done=0 done=0 cscnt_q=11 pop_shim_q2=1 cdone_q=0 o_cswitch_done_val=0 o_cdone_val=0
[CTRL DEBUG] cycle=82062 state=6 start=0 incntlim=64 act_reps=1 wei_reps=1 ncontexts=1 context_cnt=0 act_cnt_en=0 wei_cnt_en=0 act_pop_en=1 wei_pop_en=1 psm_start=0 shift_done=0 done=0 cscnt_q=11 pop_shim_q2=1 cdone_q=0 o_cswitch_done_val=0 o_cdone_val=0
[CTRL DEBUG] cycle=82063 state=6 start=0 incntlim=64 act_reps=1 wei_reps=1 ncontexts=1 context_cnt=0 act_cnt_en=0 wei_cnt_en=0 act_pop_en=1 wei_pop_en=1 psm_start=0 shift_done=0 done=0 cscnt_q=12 pop_shim_q2=1 cdone_q=0 o_cswitch_done_val=0 o_cdone_val=0
[CTRL DEBUG] cycle=82063 state=6 start=0 incntlim=64 act_reps=1 wei_reps=1 ncontexts=1 context_cnt=0 act_cnt_en=0 wei_cnt_en=0 act_pop_en=1 wei_pop_en=1 psm_start=0 shift_done=0 done=0 cscnt_q=12 pop_shim_q2=1 cdone_q=0 o_cswitch_done_val=0 o_cdone_val=0
[CTRL DEBUG] cycle=82063 state=6 start=0 incntlim=64 act_reps=1 wei_reps=1 ncontexts=1 context_cnt=0 act_cnt_en=0 wei_cnt_en=0 act_pop_en=1 wei_pop_en=1 psm_start=0 shift_done=0 done=0 cscnt_q=12 pop_shim_q2=1 cdone_q=0 o_cswitch_done_val=0 o_cdone_val=0
[CTRL DEBUG] cycle=82063 state=6 start=0 incntlim=64 act_reps=1 wei_reps=1 ncontexts=1 context_cnt=0 act_cnt_en=0 wei_cnt_en=0 act_pop_en=1 wei_pop_en=1 psm_start=0 shift_done=0 done=0 cscnt_q=12 pop_shim_q2=1 cdone_q=0 o_cswitch_done_val=0 o_cdone_val=0
[CTRL DEBUG] cycle=82063 state=6 start=0 incntlim=64 act_reps=1 wei_reps=1 ncontexts=1 context_cnt=0 act_cnt_en=0 wei_cnt_en=0 act_pop_en=1 wei_pop_en=1 psm_start=0 shift_done=0 done=0 cscnt_q=12 pop_shim_q2=1 cdone_q=0 o_cswitch_done_val=0 o_cdone_val=0
[CTRL DEBUG] cycle=82063 state=6 start=0 incntlim=64 act_reps=1 wei_reps=1 ncontexts=1 context_cnt=0 act_cnt_en=0 wei_cnt_en=0 act_pop_en=1 wei_pop_en=1 psm_start=0 shift_done=0 done=0 cscnt_q=12 pop_shim_q2=1 cdone_q=0 o_cswitch_done_val=0 o_cdone_val=0
[CTRL DEBUG] cycle=82064 state=6 start=0 incntlim=64 act_reps=1 wei_reps=1 ncontexts=1 context_cnt=0 act_cnt_en=0 wei_cnt_en=0 act_pop_en=1 wei_pop_en=1 psm_start=0 shift_done=0 done=0 cscnt_q=13 pop_shim_q2=1 cdone_q=0 o_cswitch_done_val=0 o_cdone_val=0
[CTRL DEBUG] cycle=82064 state=6 start=0 incntlim=64 act_reps=1 wei_reps=1 ncontexts=1 context_cnt=0 act_cnt_en=0 wei_cnt_en=0 act_pop_en=1 wei_pop_en=1 psm_start=0 shift_done=0 done=0 cscnt_q=13 pop_shim_q2=1 cdone_q=0 o_cswitch_done_val=0 o_cdone_val=0
[CTRL DEBUG] cycle=82064 state=6 start=0 incntlim=64 act_reps=1 wei_reps=1 ncontexts=1 context_cnt=0 act_cnt_en=0 wei_cnt_en=0 act_pop_en=1 wei_pop_en=1 psm_start=0 shift_done=0 done=0 cscnt_q=13 pop_shim_q2=1 cdone_q=0 o_cswitch_done_val=0 o_cdone_val=0
[CTRL DEBUG] cycle=82064 state=6 start=0 incntlim=64 act_reps=1 wei_reps=1 ncontexts=1 context_cnt=0 act_cnt_en=0 wei_cnt_en=0 act_pop_en=1 wei_pop_en=1 psm_start=0 shift_done=0 done=0 cscnt_q=13 pop_shim_q2=1 cdone_q=0 o_cswitch_done_val=0 o_cdone_val=0
[CTRL DEBUG] cycle=82064 state=6 start=0 incntlim=64 act_reps=1 wei_reps=1 ncontexts=1 context_cnt=0 act_cnt_en=0 wei_cnt_en=0 act_pop_en=1 wei_pop_en=1 psm_start=0 shift_done=0 done=0 cscnt_q=13 pop_shim_q2=1 cdone_q=0 o_cswitch_done_val=0 o_cdone_val=0
[CTRL DEBUG] cycle=82064 state=6 start=0 incntlim=64 act_reps=1 wei_reps=1 ncontexts=1 context_cnt=0 act_cnt_en=0 wei_cnt_en=0 act_pop_en=1 wei_pop_en=1 psm_start=0 shift_done=0 done=0 cscnt_q=13 pop_shim_q2=1 cdone_q=0 o_cswitch_done_val=0 o_cdone_val=0
[CTRL DEBUG] cycle=82065 state=6 start=0 incntlim=64 act_reps=1 wei_reps=1 ncontexts=1 context_cnt=0 act_cnt_en=0 wei_cnt_en=0 act_pop_en=1 wei_pop_en=1 psm_start=0 shift_done=0 done=0 cscnt_q=14 pop_shim_q2=1 cdone_q=0 o_cswitch_done_val=0 o_cdone_val=0
[CTRL TAIL DRAIN] cycle=82065 drain_cycles=16 limit=56
[CTRL DEBUG] cycle=82065 state=6 start=0 incntlim=64 act_reps=1 wei_reps=1 ncontexts=1 context_cnt=0 act_cnt_en=0 wei_cnt_en=0 act_pop_en=1 wei_pop_en=1 psm_start=0 shift_done=0 done=0 cscnt_q=14 pop_shim_q2=1 cdone_q=0 o_cswitch_done_val=0 o_cdone_val=0
[CTRL TAIL DRAIN] cycle=82065 drain_cycles=16 limit=56
[CTRL DEBUG] cycle=82065 state=6 start=0 incntlim=64 act_reps=1 wei_reps=1 ncontexts=1 context_cnt=0 act_cnt_en=0 wei_cnt_en=0 act_pop_en=1 wei_pop_en=1 psm_start=0 shift_done=0 done=0 cscnt_q=14 pop_shim_q2=1 cdone_q=0 o_cswitch_done_val=0 o_cdone_val=0
[CTRL TAIL DRAIN] cycle=82065 drain_cycles=16 limit=56
[CTRL DEBUG] cycle=82065 state=6 start=0 incntlim=64 act_reps=1 wei_reps=1 ncontexts=1 context_cnt=0 act_cnt_en=0 wei_cnt_en=0 act_pop_en=1 wei_pop_en=1 psm_start=0 shift_done=0 done=0 cscnt_q=14 pop_shim_q2=1 cdone_q=0 o_cswitch_done_val=0 o_cdone_val=0
[CTRL TAIL DRAIN] cycle=82065 drain_cycles=16 limit=56
[CTRL DEBUG] cycle=82065 state=6 start=0 incntlim=64 act_reps=1 wei_reps=1 ncontexts=1 context_cnt=0 act_cnt_en=0 wei_cnt_en=0 act_pop_en=1 wei_pop_en=1 psm_start=0 shift_done=0 done=0 cscnt_q=14 pop_shim_q2=1 cdone_q=0 o_cswitch_done_val=0 o_cdone_val=0
[CTRL TAIL DRAIN] cycle=82065 drain_cycles=16 limit=56
[CTRL DEBUG] cycle=82065 state=6 start=0 incntlim=64 act_reps=1 wei_reps=1 ncontexts=1 context_cnt=0 act_cnt_en=0 wei_cnt_en=0 act_pop_en=1 wei_pop_en=1 psm_start=0 shift_done=0 done=0 cscnt_q=14 pop_shim_q2=1 cdone_q=0 o_cswitch_done_val=0 o_cdone_val=0
[CTRL TAIL DRAIN] cycle=82065 drain_cycles=16 limit=56
[CTRL DEBUG] cycle=82066 state=6 start=0 incntlim=64 act_reps=1 wei_reps=1 ncontexts=1 context_cnt=0 act_cnt_en=0 wei_cnt_en=0 act_pop_en=1 wei_pop_en=1 psm_start=0 shift_done=0 done=0 cscnt_q=15 pop_shim_q2=1 cdone_q=0 o_cswitch_done_val=0 o_cdone_val=0
[CTRL DEBUG] cycle=82066 state=6 start=0 incntlim=64 act_reps=1 wei_reps=1 ncontexts=1 context_cnt=0 act_cnt_en=0 wei_cnt_en=0 act_pop_en=1 wei_pop_en=1 psm_start=0 shift_done=0 done=0 cscnt_q=15 pop_shim_q2=1 cdone_q=0 o_cswitch_done_val=0 o_cdone_val=0
[CTRL DEBUG] cycle=82066 state=6 start=0 incntlim=64 act_reps=1 wei_reps=1 ncontexts=1 context_cnt=0 act_cnt_en=0 wei_cnt_en=0 act_pop_en=1 wei_pop_en=1 psm_start=0 shift_done=0 done=0 cscnt_q=15 pop_shim_q2=1 cdone_q=0 o_cswitch_done_val=0 o_cdone_val=0
[CTRL DEBUG] cycle=82066 state=6 start=0 incntlim=64 act_reps=1 wei_reps=1 ncontexts=1 context_cnt=0 act_cnt_en=0 wei_cnt_en=0 act_pop_en=1 wei_pop_en=1 psm_start=0 shift_done=0 done=0 cscnt_q=15 pop_shim_q2=1 cdone_q=0 o_cswitch_done_val=0 o_cdone_val=0
[CTRL DEBUG] cycle=82066 state=6 start=0 incntlim=64 act_reps=1 wei_reps=1 ncontexts=1 context_cnt=0 act_cnt_en=0 wei_cnt_en=0 act_pop_en=1 wei_pop_en=1 psm_start=0 shift_done=0 done=0 cscnt_q=15 pop_shim_q2=1 cdone_q=0 o_cswitch_done_val=0 o_cdone_val=0
[CTRL DEBUG] cycle=82066 state=6 start=0 incntlim=64 act_reps=1 wei_reps=1 ncontexts=1 context_cnt=0 act_cnt_en=0 wei_cnt_en=0 act_pop_en=1 wei_pop_en=1 psm_start=0 shift_done=0 done=0 cscnt_q=15 pop_shim_q2=1 cdone_q=0 o_cswitch_done_val=0 o_cdone_val=0
[CTRL DEBUG] cycle=82067 state=6 start=0 incntlim=64 act_reps=1 wei_reps=1 ncontexts=1 context_cnt=0 act_cnt_en=0 wei_cnt_en=0 act_pop_en=1 wei_pop_en=1 psm_start=0 shift_done=0 done=0 cscnt_q=16 pop_shim_q2=1 cdone_q=0 o_cswitch_done_val=0 o_cdone_val=0
[CTRL DEBUG] cycle=82067 state=6 start=0 incntlim=64 act_reps=1 wei_reps=1 ncontexts=1 context_cnt=0 act_cnt_en=0 wei_cnt_en=0 act_pop_en=1 wei_pop_en=1 psm_start=0 shift_done=0 done=0 cscnt_q=16 pop_shim_q2=1 cdone_q=0 o_cswitch_done_val=0 o_cdone_val=0
[CTRL DEBUG] cycle=82067 state=6 start=0 incntlim=64 act_reps=1 wei_reps=1 ncontexts=1 context_cnt=0 act_cnt_en=0 wei_cnt_en=0 act_pop_en=1 wei_pop_en=1 psm_start=0 shift_done=0 done=0 cscnt_q=16 pop_shim_q2=1 cdone_q=0 o_cswitch_done_val=0 o_cdone_val=0
[CTRL DEBUG] cycle=82067 state=6 start=0 incntlim=64 act_reps=1 wei_reps=1 ncontexts=1 context_cnt=0 act_cnt_en=0 wei_cnt_en=0 act_pop_en=1 wei_pop_en=1 psm_start=0 shift_done=0 done=0 cscnt_q=16 pop_shim_q2=1 cdone_q=0 o_cswitch_done_val=0 o_cdone_val=0
[CTRL DEBUG] cycle=82067 state=6 start=0 incntlim=64 act_reps=1 wei_reps=1 ncontexts=1 context_cnt=0 act_cnt_en=0 wei_cnt_en=0 act_pop_en=1 wei_pop_en=1 psm_start=0 shift_done=0 done=0 cscnt_q=16 pop_shim_q2=1 cdone_q=0 o_cswitch_done_val=0 o_cdone_val=0
[CTRL DEBUG] cycle=82067 state=6 start=0 incntlim=64 act_reps=1 wei_reps=1 ncontexts=1 context_cnt=0 act_cnt_en=0 wei_cnt_en=0 act_pop_en=1 wei_pop_en=1 psm_start=0 shift_done=0 done=0 cscnt_q=16 pop_shim_q2=1 cdone_q=0 o_cswitch_done_val=0 o_cdone_val=0
[CTRL DEBUG] cycle=82068 state=6 start=0 incntlim=64 act_reps=1 wei_reps=1 ncontexts=1 context_cnt=0 act_cnt_en=0 wei_cnt_en=0 act_pop_en=1 wei_pop_en=1 psm_start=0 shift_done=0 done=0 cscnt_q=17 pop_shim_q2=1 cdone_q=0 o_cswitch_done_val=0 o_cdone_val=0
[CTRL DEBUG] cycle=82068 state=6 start=0 incntlim=64 act_reps=1 wei_reps=1 ncontexts=1 context_cnt=0 act_cnt_en=0 wei_cnt_en=0 act_pop_en=1 wei_pop_en=1 psm_start=0 shift_done=0 done=0 cscnt_q=17 pop_shim_q2=1 cdone_q=0 o_cswitch_done_val=0 o_cdone_val=0
[CTRL DEBUG] cycle=82068 state=6 start=0 incntlim=64 act_reps=1 wei_reps=1 ncontexts=1 context_cnt=0 act_cnt_en=0 wei_cnt_en=0 act_pop_en=1 wei_pop_en=1 psm_start=0 shift_done=0 done=0 cscnt_q=17 pop_shim_q2=1 cdone_q=0 o_cswitch_done_val=0 o_cdone_val=0
[CTRL DEBUG] cycle=82068 state=6 start=0 incntlim=64 act_reps=1 wei_reps=1 ncontexts=1 context_cnt=0 act_cnt_en=0 wei_cnt_en=0 act_pop_en=1 wei_pop_en=1 psm_start=0 shift_done=0 done=0 cscnt_q=17 pop_shim_q2=1 cdone_q=0 o_cswitch_done_val=0 o_cdone_val=0
[CTRL DEBUG] cycle=82068 state=6 start=0 incntlim=64 act_reps=1 wei_reps=1 ncontexts=1 context_cnt=0 act_cnt_en=0 wei_cnt_en=0 act_pop_en=1 wei_pop_en=1 psm_start=0 shift_done=0 done=0 cscnt_q=17 pop_shim_q2=1 cdone_q=0 o_cswitch_done_val=0 o_cdone_val=0
[CTRL DEBUG] cycle=82068 state=6 start=0 incntlim=64 act_reps=1 wei_reps=1 ncontexts=1 context_cnt=0 act_cnt_en=0 wei_cnt_en=0 act_pop_en=1 wei_pop_en=1 psm_start=0 shift_done=0 done=0 cscnt_q=17 pop_shim_q2=1 cdone_q=0 o_cswitch_done_val=0 o_cdone_val=0
[CTRL DEBUG] cycle=82069 state=6 start=0 incntlim=64 act_reps=1 wei_reps=1 ncontexts=1 context_cnt=0 act_cnt_en=0 wei_cnt_en=0 act_pop_en=1 wei_pop_en=1 psm_start=0 shift_done=0 done=0 cscnt_q=18 pop_shim_q2=1 cdone_q=0 o_cswitch_done_val=0 o_cdone_val=0
[CTRL DEBUG] cycle=82069 state=6 start=0 incntlim=64 act_reps=1 wei_reps=1 ncontexts=1 context_cnt=0 act_cnt_en=0 wei_cnt_en=0 act_pop_en=1 wei_pop_en=1 psm_start=0 shift_done=0 done=0 cscnt_q=18 pop_shim_q2=1 cdone_q=0 o_cswitch_done_val=0 o_cdone_val=0
[CTRL DEBUG] cycle=82069 state=6 start=0 incntlim=64 act_reps=1 wei_reps=1 ncontexts=1 context_cnt=0 act_cnt_en=0 wei_cnt_en=0 act_pop_en=1 wei_pop_en=1 psm_start=0 shift_done=0 done=0 cscnt_q=18 pop_shim_q2=1 cdone_q=0 o_cswitch_done_val=0 o_cdone_val=0
[CTRL DEBUG] cycle=82069 state=6 start=0 incntlim=64 act_reps=1 wei_reps=1 ncontexts=1 context_cnt=0 act_cnt_en=0 wei_cnt_en=0 act_pop_en=1 wei_pop_en=1 psm_start=0 shift_done=0 done=0 cscnt_q=18 pop_shim_q2=1 cdone_q=0 o_cswitch_done_val=0 o_cdone_val=0
[CTRL DEBUG] cycle=82069 state=6 start=0 incntlim=64 act_reps=1 wei_reps=1 ncontexts=1 context_cnt=0 act_cnt_en=0 wei_cnt_en=0 act_pop_en=1 wei_pop_en=1 psm_start=0 shift_done=0 done=0 cscnt_q=18 pop_shim_q2=1 cdone_q=0 o_cswitch_done_val=0 o_cdone_val=0
[CTRL DEBUG] cycle=82069 state=6 start=0 incntlim=64 act_reps=1 wei_reps=1 ncontexts=1 context_cnt=0 act_cnt_en=0 wei_cnt_en=0 act_pop_en=1 wei_pop_en=1 psm_start=0 shift_done=0 done=0 cscnt_q=18 pop_shim_q2=1 cdone_q=0 o_cswitch_done_val=0 o_cdone_val=0
[CTRL DEBUG] cycle=82070 state=6 start=0 incntlim=64 act_reps=1 wei_reps=1 ncontexts=1 context_cnt=0 act_cnt_en=0 wei_cnt_en=0 act_pop_en=1 wei_pop_en=1 psm_start=0 shift_done=0 done=0 cscnt_q=19 pop_shim_q2=1 cdone_q=0 o_cswitch_done_val=0 o_cdone_val=0
[CTRL DEBUG] cycle=82070 state=6 start=0 incntlim=64 act_reps=1 wei_reps=1 ncontexts=1 context_cnt=0 act_cnt_en=0 wei_cnt_en=0 act_pop_en=1 wei_pop_en=1 psm_start=0 shift_done=0 done=0 cscnt_q=19 pop_shim_q2=1 cdone_q=0 o_cswitch_done_val=0 o_cdone_val=0
[CTRL DEBUG] cycle=82070 state=6 start=0 incntlim=64 act_reps=1 wei_reps=1 ncontexts=1 context_cnt=0 act_cnt_en=0 wei_cnt_en=0 act_pop_en=1 wei_pop_en=1 psm_start=0 shift_done=0 done=0 cscnt_q=19 pop_shim_q2=1 cdone_q=0 o_cswitch_done_val=0 o_cdone_val=0
[CTRL DEBUG] cycle=82070 state=6 start=0 incntlim=64 act_reps=1 wei_reps=1 ncontexts=1 context_cnt=0 act_cnt_en=0 wei_cnt_en=0 act_pop_en=1 wei_pop_en=1 psm_start=0 shift_done=0 done=0 cscnt_q=19 pop_shim_q2=1 cdone_q=0 o_cswitch_done_val=0 o_cdone_val=0
[CTRL DEBUG] cycle=82070 state=6 start=0 incntlim=64 act_reps=1 wei_reps=1 ncontexts=1 context_cnt=0 act_cnt_en=0 wei_cnt_en=0 act_pop_en=1 wei_pop_en=1 psm_start=0 shift_done=0 done=0 cscnt_q=19 pop_shim_q2=1 cdone_q=0 o_cswitch_done_val=0 o_cdone_val=0
[CTRL DEBUG] cycle=82070 state=6 start=0 incntlim=64 act_reps=1 wei_reps=1 ncontexts=1 context_cnt=0 act_cnt_en=0 wei_cnt_en=0 act_pop_en=1 wei_pop_en=1 psm_start=0 shift_done=0 done=0 cscnt_q=19 pop_shim_q2=1 cdone_q=0 o_cswitch_done_val=0 o_cdone_val=0
[CTRL DEBUG] cycle=82071 state=6 start=0 incntlim=64 act_reps=1 wei_reps=1 ncontexts=1 context_cnt=0 act_cnt_en=0 wei_cnt_en=0 act_pop_en=1 wei_pop_en=1 psm_start=0 shift_done=0 done=0 cscnt_q=20 pop_shim_q2=1 cdone_q=0 o_cswitch_done_val=0 o_cdone_val=0
[CTRL DEBUG] cycle=82071 state=6 start=0 incntlim=64 act_reps=1 wei_reps=1 ncontexts=1 context_cnt=0 act_cnt_en=0 wei_cnt_en=0 act_pop_en=1 wei_pop_en=1 psm_start=0 shift_done=0 done=0 cscnt_q=20 pop_shim_q2=1 cdone_q=0 o_cswitch_done_val=0 o_cdone_val=0
[CTRL DEBUG] cycle=82071 state=6 start=0 incntlim=64 act_reps=1 wei_reps=1 ncontexts=1 context_cnt=0 act_cnt_en=0 wei_cnt_en=0 act_pop_en=1 wei_pop_en=1 psm_start=0 shift_done=0 done=0 cscnt_q=20 pop_shim_q2=1 cdone_q=0 o_cswitch_done_val=0 o_cdone_val=0
[CTRL DEBUG] cycle=82071 state=6 start=0 incntlim=64 act_reps=1 wei_reps=1 ncontexts=1 context_cnt=0 act_cnt_en=0 wei_cnt_en=0 act_pop_en=1 wei_pop_en=1 psm_start=0 shift_done=0 done=0 cscnt_q=20 pop_shim_q2=1 cdone_q=0 o_cswitch_done_val=0 o_cdone_val=0
[CTRL DEBUG] cycle=82071 state=6 start=0 incntlim=64 act_reps=1 wei_reps=1 ncontexts=1 context_cnt=0 act_cnt_en=0 wei_cnt_en=0 act_pop_en=1 wei_pop_en=1 psm_start=0 shift_done=0 done=0 cscnt_q=20 pop_shim_q2=1 cdone_q=0 o_cswitch_done_val=0 o_cdone_val=0
[CTRL DEBUG] cycle=82071 state=6 start=0 incntlim=64 act_reps=1 wei_reps=1 ncontexts=1 context_cnt=0 act_cnt_en=0 wei_cnt_en=0 act_pop_en=1 wei_pop_en=1 psm_start=0 shift_done=0 done=0 cscnt_q=20 pop_shim_q2=1 cdone_q=0 o_cswitch_done_val=0 o_cdone_val=0
[CTRL DEBUG] cycle=82072 state=6 start=0 incntlim=64 act_reps=1 wei_reps=1 ncontexts=1 context_cnt=0 act_cnt_en=0 wei_cnt_en=0 act_pop_en=1 wei_pop_en=1 psm_start=0 shift_done=0 done=0 cscnt_q=21 pop_shim_q2=1 cdone_q=0 o_cswitch_done_val=0 o_cdone_val=0
[CTRL DEBUG] cycle=82072 state=6 start=0 incntlim=64 act_reps=1 wei_reps=1 ncontexts=1 context_cnt=0 act_cnt_en=0 wei_cnt_en=0 act_pop_en=1 wei_pop_en=1 psm_start=0 shift_done=0 done=0 cscnt_q=21 pop_shim_q2=1 cdone_q=0 o_cswitch_done_val=0 o_cdone_val=0
[CTRL DEBUG] cycle=82072 state=6 start=0 incntlim=64 act_reps=1 wei_reps=1 ncontexts=1 context_cnt=0 act_cnt_en=0 wei_cnt_en=0 act_pop_en=1 wei_pop_en=1 psm_start=0 shift_done=0 done=0 cscnt_q=21 pop_shim_q2=1 cdone_q=0 o_cswitch_done_val=0 o_cdone_val=0
[CTRL DEBUG] cycle=82072 state=6 start=0 incntlim=64 act_reps=1 wei_reps=1 ncontexts=1 context_cnt=0 act_cnt_en=0 wei_cnt_en=0 act_pop_en=1 wei_pop_en=1 psm_start=0 shift_done=0 done=0 cscnt_q=21 pop_shim_q2=1 cdone_q=0 o_cswitch_done_val=0 o_cdone_val=0
[CTRL DEBUG] cycle=82072 state=6 start=0 incntlim=64 act_reps=1 wei_reps=1 ncontexts=1 context_cnt=0 act_cnt_en=0 wei_cnt_en=0 act_pop_en=1 wei_pop_en=1 psm_start=0 shift_done=0 done=0 cscnt_q=21 pop_shim_q2=1 cdone_q=0 o_cswitch_done_val=0 o_cdone_val=0
[CTRL DEBUG] cycle=82072 state=6 start=0 incntlim=64 act_reps=1 wei_reps=1 ncontexts=1 context_cnt=0 act_cnt_en=0 wei_cnt_en=0 act_pop_en=1 wei_pop_en=1 psm_start=0 shift_done=0 done=0 cscnt_q=21 pop_shim_q2=1 cdone_q=0 o_cswitch_done_val=0 o_cdone_val=0
[CTRL DEBUG] cycle=82073 state=6 start=0 incntlim=64 act_reps=1 wei_reps=1 ncontexts=1 context_cnt=0 act_cnt_en=0 wei_cnt_en=0 act_pop_en=1 wei_pop_en=1 psm_start=0 shift_done=0 done=0 cscnt_q=22 pop_shim_q2=1 cdone_q=0 o_cswitch_done_val=0 o_cdone_val=0
[CTRL TAIL DRAIN] cycle=82073 drain_cycles=24 limit=56
[CTRL DEBUG] cycle=82073 state=6 start=0 incntlim=64 act_reps=1 wei_reps=1 ncontexts=1 context_cnt=0 act_cnt_en=0 wei_cnt_en=0 act_pop_en=1 wei_pop_en=1 psm_start=0 shift_done=0 done=0 cscnt_q=22 pop_shim_q2=1 cdone_q=0 o_cswitch_done_val=0 o_cdone_val=0
[CTRL TAIL DRAIN] cycle=82073 drain_cycles=24 limit=56
[CTRL DEBUG] cycle=82073 state=6 start=0 incntlim=64 act_reps=1 wei_reps=1 ncontexts=1 context_cnt=0 act_cnt_en=0 wei_cnt_en=0 act_pop_en=1 wei_pop_en=1 psm_start=0 shift_done=0 done=0 cscnt_q=22 pop_shim_q2=1 cdone_q=0 o_cswitch_done_val=0 o_cdone_val=0
[CTRL TAIL DRAIN] cycle=82073 drain_cycles=24 limit=56
[CTRL DEBUG] cycle=82073 state=6 start=0 incntlim=64 act_reps=1 wei_reps=1 ncontexts=1 context_cnt=0 act_cnt_en=0 wei_cnt_en=0 act_pop_en=1 wei_pop_en=1 psm_start=0 shift_done=0 done=0 cscnt_q=22 pop_shim_q2=1 cdone_q=0 o_cswitch_done_val=0 o_cdone_val=0
[CTRL TAIL DRAIN] cycle=82073 drain_cycles=24 limit=56
[CTRL DEBUG] cycle=82073 state=6 start=0 incntlim=64 act_reps=1 wei_reps=1 ncontexts=1 context_cnt=0 act_cnt_en=0 wei_cnt_en=0 act_pop_en=1 wei_pop_en=1 psm_start=0 shift_done=0 done=0 cscnt_q=22 pop_shim_q2=1 cdone_q=0 o_cswitch_done_val=0 o_cdone_val=0
[CTRL TAIL DRAIN] cycle=82073 drain_cycles=24 limit=56
[CTRL DEBUG] cycle=82073 state=6 start=0 incntlim=64 act_reps=1 wei_reps=1 ncontexts=1 context_cnt=0 act_cnt_en=0 wei_cnt_en=0 act_pop_en=1 wei_pop_en=1 psm_start=0 shift_done=0 done=0 cscnt_q=22 pop_shim_q2=1 cdone_q=0 o_cswitch_done_val=0 o_cdone_val=0
[CTRL TAIL DRAIN] cycle=82073 drain_cycles=24 limit=56
[CTRL DEBUG] cycle=82074 state=6 start=0 incntlim=64 act_reps=1 wei_reps=1 ncontexts=1 context_cnt=0 act_cnt_en=0 wei_cnt_en=0 act_pop_en=1 wei_pop_en=1 psm_start=0 shift_done=0 done=0 cscnt_q=23 pop_shim_q2=1 cdone_q=0 o_cswitch_done_val=0 o_cdone_val=0
[CTRL DEBUG] cycle=82074 state=6 start=0 incntlim=64 act_reps=1 wei_reps=1 ncontexts=1 context_cnt=0 act_cnt_en=0 wei_cnt_en=0 act_pop_en=1 wei_pop_en=1 psm_start=0 shift_done=0 done=0 cscnt_q=23 pop_shim_q2=1 cdone_q=0 o_cswitch_done_val=0 o_cdone_val=0
[CTRL DEBUG] cycle=82074 state=6 start=0 incntlim=64 act_reps=1 wei_reps=1 ncontexts=1 context_cnt=0 act_cnt_en=0 wei_cnt_en=0 act_pop_en=1 wei_pop_en=1 psm_start=0 shift_done=0 done=0 cscnt_q=23 pop_shim_q2=1 cdone_q=0 o_cswitch_done_val=0 o_cdone_val=0
[CTRL DEBUG] cycle=82074 state=6 start=0 incntlim=64 act_reps=1 wei_reps=1 ncontexts=1 context_cnt=0 act_cnt_en=0 wei_cnt_en=0 act_pop_en=1 wei_pop_en=1 psm_start=0 shift_done=0 done=0 cscnt_q=23 pop_shim_q2=1 cdone_q=0 o_cswitch_done_val=0 o_cdone_val=0
[CTRL DEBUG] cycle=82074 state=6 start=0 incntlim=64 act_reps=1 wei_reps=1 ncontexts=1 context_cnt=0 act_cnt_en=0 wei_cnt_en=0 act_pop_en=1 wei_pop_en=1 psm_start=0 shift_done=0 done=0 cscnt_q=23 pop_shim_q2=1 cdone_q=0 o_cswitch_done_val=0 o_cdone_val=0
[CTRL DEBUG] cycle=82074 state=6 start=0 incntlim=64 act_reps=1 wei_reps=1 ncontexts=1 context_cnt=0 act_cnt_en=0 wei_cnt_en=0 act_pop_en=1 wei_pop_en=1 psm_start=0 shift_done=0 done=0 cscnt_q=23 pop_shim_q2=1 cdone_q=0 o_cswitch_done_val=0 o_cdone_val=0
[CTRL DEBUG] cycle=82075 state=6 start=0 incntlim=64 act_reps=1 wei_reps=1 ncontexts=1 context_cnt=0 act_cnt_en=0 wei_cnt_en=0 act_pop_en=1 wei_pop_en=1 psm_start=0 shift_done=0 done=0 cscnt_q=24 pop_shim_q2=1 cdone_q=0 o_cswitch_done_val=0 o_cdone_val=0
[CTRL DEBUG] cycle=82075 state=6 start=0 incntlim=64 act_reps=1 wei_reps=1 ncontexts=1 context_cnt=0 act_cnt_en=0 wei_cnt_en=0 act_pop_en=1 wei_pop_en=1 psm_start=0 shift_done=0 done=0 cscnt_q=24 pop_shim_q2=1 cdone_q=0 o_cswitch_done_val=0 o_cdone_val=0
[CTRL DEBUG] cycle=82075 state=6 start=0 incntlim=64 act_reps=1 wei_reps=1 ncontexts=1 context_cnt=0 act_cnt_en=0 wei_cnt_en=0 act_pop_en=1 wei_pop_en=1 psm_start=0 shift_done=0 done=0 cscnt_q=24 pop_shim_q2=1 cdone_q=0 o_cswitch_done_val=0 o_cdone_val=0
[CTRL DEBUG] cycle=82075 state=6 start=0 incntlim=64 act_reps=1 wei_reps=1 ncontexts=1 context_cnt=0 act_cnt_en=0 wei_cnt_en=0 act_pop_en=1 wei_pop_en=1 psm_start=0 shift_done=0 done=0 cscnt_q=24 pop_shim_q2=1 cdone_q=0 o_cswitch_done_val=0 o_cdone_val=0
[CTRL DEBUG] cycle=82075 state=6 start=0 incntlim=64 act_reps=1 wei_reps=1 ncontexts=1 context_cnt=0 act_cnt_en=0 wei_cnt_en=0 act_pop_en=1 wei_pop_en=1 psm_start=0 shift_done=0 done=0 cscnt_q=24 pop_shim_q2=1 cdone_q=0 o_cswitch_done_val=0 o_cdone_val=0
[CTRL DEBUG] cycle=82075 state=6 start=0 incntlim=64 act_reps=1 wei_reps=1 ncontexts=1 context_cnt=0 act_cnt_en=0 wei_cnt_en=0 act_pop_en=1 wei_pop_en=1 psm_start=0 shift_done=0 done=0 cscnt_q=24 pop_shim_q2=1 cdone_q=0 o_cswitch_done_val=0 o_cdone_val=0
[CTRL DEBUG] cycle=82076 state=6 start=0 incntlim=64 act_reps=1 wei_reps=1 ncontexts=1 context_cnt=0 act_cnt_en=0 wei_cnt_en=0 act_pop_en=1 wei_pop_en=1 psm_start=0 shift_done=0 done=0 cscnt_q=25 pop_shim_q2=1 cdone_q=0 o_cswitch_done_val=0 o_cdone_val=0
[CTRL DEBUG] cycle=82076 state=6 start=0 incntlim=64 act_reps=1 wei_reps=1 ncontexts=1 context_cnt=0 act_cnt_en=0 wei_cnt_en=0 act_pop_en=1 wei_pop_en=1 psm_start=0 shift_done=0 done=0 cscnt_q=25 pop_shim_q2=1 cdone_q=0 o_cswitch_done_val=0 o_cdone_val=0
[CTRL DEBUG] cycle=82076 state=6 start=0 incntlim=64 act_reps=1 wei_reps=1 ncontexts=1 context_cnt=0 act_cnt_en=0 wei_cnt_en=0 act_pop_en=1 wei_pop_en=1 psm_start=0 shift_done=0 done=0 cscnt_q=25 pop_shim_q2=1 cdone_q=0 o_cswitch_done_val=0 o_cdone_val=0
[CTRL DEBUG] cycle=82076 state=6 start=0 incntlim=64 act_reps=1 wei_reps=1 ncontexts=1 context_cnt=0 act_cnt_en=0 wei_cnt_en=0 act_pop_en=1 wei_pop_en=1 psm_start=0 shift_done=0 done=0 cscnt_q=25 pop_shim_q2=1 cdone_q=0 o_cswitch_done_val=0 o_cdone_val=0
[CTRL DEBUG] cycle=82076 state=6 start=0 incntlim=64 act_reps=1 wei_reps=1 ncontexts=1 context_cnt=0 act_cnt_en=0 wei_cnt_en=0 act_pop_en=1 wei_pop_en=1 psm_start=0 shift_done=0 done=0 cscnt_q=25 pop_shim_q2=1 cdone_q=0 o_cswitch_done_val=0 o_cdone_val=0
[CTRL DEBUG] cycle=82076 state=6 start=0 incntlim=64 act_reps=1 wei_reps=1 ncontexts=1 context_cnt=0 act_cnt_en=0 wei_cnt_en=0 act_pop_en=1 wei_pop_en=1 psm_start=0 shift_done=0 done=0 cscnt_q=25 pop_shim_q2=1 cdone_q=0 o_cswitch_done_val=0 o_cdone_val=0
[CTRL DEBUG] cycle=82077 state=6 start=0 incntlim=64 act_reps=1 wei_reps=1 ncontexts=1 context_cnt=0 act_cnt_en=0 wei_cnt_en=0 act_pop_en=1 wei_pop_en=1 psm_start=0 shift_done=0 done=0 cscnt_q=26 pop_shim_q2=1 cdone_q=0 o_cswitch_done_val=0 o_cdone_val=0
[CTRL DEBUG] cycle=82077 state=6 start=0 incntlim=64 act_reps=1 wei_reps=1 ncontexts=1 context_cnt=0 act_cnt_en=0 wei_cnt_en=0 act_pop_en=1 wei_pop_en=1 psm_start=0 shift_done=0 done=0 cscnt_q=26 pop_shim_q2=1 cdone_q=0 o_cswitch_done_val=0 o_cdone_val=0
[CTRL DEBUG] cycle=82077 state=6 start=0 incntlim=64 act_reps=1 wei_reps=1 ncontexts=1 context_cnt=0 act_cnt_en=0 wei_cnt_en=0 act_pop_en=1 wei_pop_en=1 psm_start=0 shift_done=0 done=0 cscnt_q=26 pop_shim_q2=1 cdone_q=0 o_cswitch_done_val=0 o_cdone_val=0
[CTRL DEBUG] cycle=82077 state=6 start=0 incntlim=64 act_reps=1 wei_reps=1 ncontexts=1 context_cnt=0 act_cnt_en=0 wei_cnt_en=0 act_pop_en=1 wei_pop_en=1 psm_start=0 shift_done=0 done=0 cscnt_q=26 pop_shim_q2=1 cdone_q=0 o_cswitch_done_val=0 o_cdone_val=0
[CTRL DEBUG] cycle=82077 state=6 start=0 incntlim=64 act_reps=1 wei_reps=1 ncontexts=1 context_cnt=0 act_cnt_en=0 wei_cnt_en=0 act_pop_en=1 wei_pop_en=1 psm_start=0 shift_done=0 done=0 cscnt_q=26 pop_shim_q2=1 cdone_q=0 o_cswitch_done_val=0 o_cdone_val=0
[CTRL DEBUG] cycle=82077 state=6 start=0 incntlim=64 act_reps=1 wei_reps=1 ncontexts=1 context_cnt=0 act_cnt_en=0 wei_cnt_en=0 act_pop_en=1 wei_pop_en=1 psm_start=0 shift_done=0 done=0 cscnt_q=26 pop_shim_q2=1 cdone_q=0 o_cswitch_done_val=0 o_cdone_val=0
[CTRL DEBUG] cycle=82078 state=6 start=0 incntlim=64 act_reps=1 wei_reps=1 ncontexts=1 context_cnt=0 act_cnt_en=0 wei_cnt_en=0 act_pop_en=1 wei_pop_en=1 psm_start=0 shift_done=0 done=0 cscnt_q=27 pop_shim_q2=1 cdone_q=0 o_cswitch_done_val=0 o_cdone_val=0
[CTRL DEBUG] cycle=82078 state=6 start=0 incntlim=64 act_reps=1 wei_reps=1 ncontexts=1 context_cnt=0 act_cnt_en=0 wei_cnt_en=0 act_pop_en=1 wei_pop_en=1 psm_start=0 shift_done=0 done=0 cscnt_q=27 pop_shim_q2=1 cdone_q=0 o_cswitch_done_val=0 o_cdone_val=0
[CTRL DEBUG] cycle=82078 state=6 start=0 incntlim=64 act_reps=1 wei_reps=1 ncontexts=1 context_cnt=0 act_cnt_en=0 wei_cnt_en=0 act_pop_en=1 wei_pop_en=1 psm_start=0 shift_done=0 done=0 cscnt_q=27 pop_shim_q2=1 cdone_q=0 o_cswitch_done_val=0 o_cdone_val=0
[CTRL DEBUG] cycle=82078 state=6 start=0 incntlim=64 act_reps=1 wei_reps=1 ncontexts=1 context_cnt=0 act_cnt_en=0 wei_cnt_en=0 act_pop_en=1 wei_pop_en=1 psm_start=0 shift_done=0 done=0 cscnt_q=27 pop_shim_q2=1 cdone_q=0 o_cswitch_done_val=0 o_cdone_val=0
[CTRL DEBUG] cycle=82078 state=6 start=0 incntlim=64 act_reps=1 wei_reps=1 ncontexts=1 context_cnt=0 act_cnt_en=0 wei_cnt_en=0 act_pop_en=1 wei_pop_en=1 psm_start=0 shift_done=0 done=0 cscnt_q=27 pop_shim_q2=1 cdone_q=0 o_cswitch_done_val=0 o_cdone_val=0
[CTRL DEBUG] cycle=82078 state=6 start=0 incntlim=64 act_reps=1 wei_reps=1 ncontexts=1 context_cnt=0 act_cnt_en=0 wei_cnt_en=0 act_pop_en=1 wei_pop_en=1 psm_start=0 shift_done=0 done=0 cscnt_q=27 pop_shim_q2=1 cdone_q=0 o_cswitch_done_val=0 o_cdone_val=0
[CTRL DEBUG] cycle=82079 state=6 start=0 incntlim=64 act_reps=1 wei_reps=1 ncontexts=1 context_cnt=0 act_cnt_en=0 wei_cnt_en=0 act_pop_en=1 wei_pop_en=1 psm_start=0 shift_done=0 done=0 cscnt_q=28 pop_shim_q2=1 cdone_q=0 o_cswitch_done_val=0 o_cdone_val=0
[CTRL DEBUG] cycle=82079 state=6 start=0 incntlim=64 act_reps=1 wei_reps=1 ncontexts=1 context_cnt=0 act_cnt_en=0 wei_cnt_en=0 act_pop_en=1 wei_pop_en=1 psm_start=0 shift_done=0 done=0 cscnt_q=28 pop_shim_q2=1 cdone_q=0 o_cswitch_done_val=0 o_cdone_val=0
[CTRL DEBUG] cycle=82079 state=6 start=0 incntlim=64 act_reps=1 wei_reps=1 ncontexts=1 context_cnt=0 act_cnt_en=0 wei_cnt_en=0 act_pop_en=1 wei_pop_en=1 psm_start=0 shift_done=0 done=0 cscnt_q=28 pop_shim_q2=1 cdone_q=0 o_cswitch_done_val=0 o_cdone_val=0
[CTRL DEBUG] cycle=82079 state=6 start=0 incntlim=64 act_reps=1 wei_reps=1 ncontexts=1 context_cnt=0 act_cnt_en=0 wei_cnt_en=0 act_pop_en=1 wei_pop_en=1 psm_start=0 shift_done=0 done=0 cscnt_q=28 pop_shim_q2=1 cdone_q=0 o_cswitch_done_val=0 o_cdone_val=0
[CTRL DEBUG] cycle=82079 state=6 start=0 incntlim=64 act_reps=1 wei_reps=1 ncontexts=1 context_cnt=0 act_cnt_en=0 wei_cnt_en=0 act_pop_en=1 wei_pop_en=1 psm_start=0 shift_done=0 done=0 cscnt_q=28 pop_shim_q2=1 cdone_q=0 o_cswitch_done_val=0 o_cdone_val=0
[CTRL DEBUG] cycle=82079 state=6 start=0 incntlim=64 act_reps=1 wei_reps=1 ncontexts=1 context_cnt=0 act_cnt_en=0 wei_cnt_en=0 act_pop_en=1 wei_pop_en=1 psm_start=0 shift_done=0 done=0 cscnt_q=28 pop_shim_q2=1 cdone_q=0 o_cswitch_done_val=0 o_cdone_val=0
[CTRL DEBUG] cycle=82080 state=6 start=0 incntlim=64 act_reps=1 wei_reps=1 ncontexts=1 context_cnt=0 act_cnt_en=0 wei_cnt_en=0 act_pop_en=1 wei_pop_en=1 psm_start=0 shift_done=0 done=0 cscnt_q=29 pop_shim_q2=1 cdone_q=0 o_cswitch_done_val=0 o_cdone_val=0
[CTRL DEBUG] cycle=82080 state=6 start=0 incntlim=64 act_reps=1 wei_reps=1 ncontexts=1 context_cnt=0 act_cnt_en=0 wei_cnt_en=0 act_pop_en=1 wei_pop_en=1 psm_start=0 shift_done=0 done=0 cscnt_q=29 pop_shim_q2=1 cdone_q=0 o_cswitch_done_val=0 o_cdone_val=0
[CTRL DEBUG] cycle=82080 state=6 start=0 incntlim=64 act_reps=1 wei_reps=1 ncontexts=1 context_cnt=0 act_cnt_en=0 wei_cnt_en=0 act_pop_en=1 wei_pop_en=1 psm_start=0 shift_done=0 done=0 cscnt_q=29 pop_shim_q2=1 cdone_q=0 o_cswitch_done_val=0 o_cdone_val=0
[CTRL DEBUG] cycle=82080 state=6 start=0 incntlim=64 act_reps=1 wei_reps=1 ncontexts=1 context_cnt=0 act_cnt_en=0 wei_cnt_en=0 act_pop_en=1 wei_pop_en=1 psm_start=0 shift_done=0 done=0 cscnt_q=29 pop_shim_q2=1 cdone_q=0 o_cswitch_done_val=0 o_cdone_val=0
[CTRL DEBUG] cycle=82080 state=6 start=0 incntlim=64 act_reps=1 wei_reps=1 ncontexts=1 context_cnt=0 act_cnt_en=0 wei_cnt_en=0 act_pop_en=1 wei_pop_en=1 psm_start=0 shift_done=0 done=0 cscnt_q=29 pop_shim_q2=1 cdone_q=0 o_cswitch_done_val=0 o_cdone_val=0
[CTRL DEBUG] cycle=82080 state=6 start=0 incntlim=64 act_reps=1 wei_reps=1 ncontexts=1 context_cnt=0 act_cnt_en=0 wei_cnt_en=0 act_pop_en=1 wei_pop_en=1 psm_start=0 shift_done=0 done=0 cscnt_q=29 pop_shim_q2=1 cdone_q=0 o_cswitch_done_val=0 o_cdone_val=0
[CTRL DEBUG] cycle=82081 state=6 start=0 incntlim=64 act_reps=1 wei_reps=1 ncontexts=1 context_cnt=0 act_cnt_en=0 wei_cnt_en=0 act_pop_en=1 wei_pop_en=1 psm_start=0 shift_done=0 done=0 cscnt_q=30 pop_shim_q2=1 cdone_q=0 o_cswitch_done_val=0 o_cdone_val=0
[CTRL TAIL DRAIN] cycle=82081 drain_cycles=32 limit=56
[CTRL DEBUG] cycle=82081 state=6 start=0 incntlim=64 act_reps=1 wei_reps=1 ncontexts=1 context_cnt=0 act_cnt_en=0 wei_cnt_en=0 act_pop_en=1 wei_pop_en=1 psm_start=0 shift_done=0 done=0 cscnt_q=30 pop_shim_q2=1 cdone_q=0 o_cswitch_done_val=0 o_cdone_val=0
[CTRL TAIL DRAIN] cycle=82081 drain_cycles=32 limit=56
[CTRL DEBUG] cycle=82081 state=6 start=0 incntlim=64 act_reps=1 wei_reps=1 ncontexts=1 context_cnt=0 act_cnt_en=0 wei_cnt_en=0 act_pop_en=1 wei_pop_en=1 psm_start=0 shift_done=0 done=0 cscnt_q=30 pop_shim_q2=1 cdone_q=0 o_cswitch_done_val=0 o_cdone_val=0
[CTRL TAIL DRAIN] cycle=82081 drain_cycles=32 limit=56
[CTRL DEBUG] cycle=82081 state=6 start=0 incntlim=64 act_reps=1 wei_reps=1 ncontexts=1 context_cnt=0 act_cnt_en=0 wei_cnt_en=0 act_pop_en=1 wei_pop_en=1 psm_start=0 shift_done=0 done=0 cscnt_q=30 pop_shim_q2=1 cdone_q=0 o_cswitch_done_val=0 o_cdone_val=0
[CTRL TAIL DRAIN] cycle=82081 drain_cycles=32 limit=56
[CTRL DEBUG] cycle=82081 state=6 start=0 incntlim=64 act_reps=1 wei_reps=1 ncontexts=1 context_cnt=0 act_cnt_en=0 wei_cnt_en=0 act_pop_en=1 wei_pop_en=1 psm_start=0 shift_done=0 done=0 cscnt_q=30 pop_shim_q2=1 cdone_q=0 o_cswitch_done_val=0 o_cdone_val=0
[CTRL TAIL DRAIN] cycle=82081 drain_cycles=32 limit=56
[CTRL DEBUG] cycle=82081 state=6 start=0 incntlim=64 act_reps=1 wei_reps=1 ncontexts=1 context_cnt=0 act_cnt_en=0 wei_cnt_en=0 act_pop_en=1 wei_pop_en=1 psm_start=0 shift_done=0 done=0 cscnt_q=30 pop_shim_q2=1 cdone_q=0 o_cswitch_done_val=0 o_cdone_val=0
[CTRL TAIL DRAIN] cycle=82081 drain_cycles=32 limit=56
[CTRL DEBUG] cycle=82082 state=6 start=0 incntlim=64 act_reps=1 wei_reps=1 ncontexts=1 context_cnt=0 act_cnt_en=0 wei_cnt_en=0 act_pop_en=1 wei_pop_en=1 psm_start=0 shift_done=0 done=0 cscnt_q=31 pop_shim_q2=1 cdone_q=0 o_cswitch_done_val=0 o_cdone_val=0
[CTRL DEBUG] cycle=82082 state=6 start=0 incntlim=64 act_reps=1 wei_reps=1 ncontexts=1 context_cnt=0 act_cnt_en=0 wei_cnt_en=0 act_pop_en=1 wei_pop_en=1 psm_start=0 shift_done=0 done=0 cscnt_q=31 pop_shim_q2=1 cdone_q=0 o_cswitch_done_val=0 o_cdone_val=0
[CTRL DEBUG] cycle=82082 state=6 start=0 incntlim=64 act_reps=1 wei_reps=1 ncontexts=1 context_cnt=0 act_cnt_en=0 wei_cnt_en=0 act_pop_en=1 wei_pop_en=1 psm_start=0 shift_done=0 done=0 cscnt_q=31 pop_shim_q2=1 cdone_q=0 o_cswitch_done_val=0 o_cdone_val=0
[CTRL DEBUG] cycle=82082 state=6 start=0 incntlim=64 act_reps=1 wei_reps=1 ncontexts=1 context_cnt=0 act_cnt_en=0 wei_cnt_en=0 act_pop_en=1 wei_pop_en=1 psm_start=0 shift_done=0 done=0 cscnt_q=31 pop_shim_q2=1 cdone_q=0 o_cswitch_done_val=0 o_cdone_val=0
[CTRL DEBUG] cycle=82082 state=6 start=0 incntlim=64 act_reps=1 wei_reps=1 ncontexts=1 context_cnt=0 act_cnt_en=0 wei_cnt_en=0 act_pop_en=1 wei_pop_en=1 psm_start=0 shift_done=0 done=0 cscnt_q=31 pop_shim_q2=1 cdone_q=0 o_cswitch_done_val=0 o_cdone_val=0
[CTRL DEBUG] cycle=82082 state=6 start=0 incntlim=64 act_reps=1 wei_reps=1 ncontexts=1 context_cnt=0 act_cnt_en=0 wei_cnt_en=0 act_pop_en=1 wei_pop_en=1 psm_start=0 shift_done=0 done=0 cscnt_q=31 pop_shim_q2=1 cdone_q=0 o_cswitch_done_val=0 o_cdone_val=0
[CTRL DEBUG] cycle=82083 state=6 start=0 incntlim=64 act_reps=1 wei_reps=1 ncontexts=1 context_cnt=0 act_cnt_en=0 wei_cnt_en=0 act_pop_en=1 wei_pop_en=1 psm_start=0 shift_done=0 done=0 cscnt_q=32 pop_shim_q2=1 cdone_q=0 o_cswitch_done_val=0 o_cdone_val=0
[CTRL DEBUG] cycle=82083 state=6 start=0 incntlim=64 act_reps=1 wei_reps=1 ncontexts=1 context_cnt=0 act_cnt_en=0 wei_cnt_en=0 act_pop_en=1 wei_pop_en=1 psm_start=0 shift_done=0 done=0 cscnt_q=32 pop_shim_q2=1 cdone_q=0 o_cswitch_done_val=0 o_cdone_val=0
[CTRL DEBUG] cycle=82083 state=6 start=0 incntlim=64 act_reps=1 wei_reps=1 ncontexts=1 context_cnt=0 act_cnt_en=0 wei_cnt_en=0 act_pop_en=1 wei_pop_en=1 psm_start=0 shift_done=0 done=0 cscnt_q=32 pop_shim_q2=1 cdone_q=0 o_cswitch_done_val=0 o_cdone_val=0
[CTRL DEBUG] cycle=82083 state=6 start=0 incntlim=64 act_reps=1 wei_reps=1 ncontexts=1 context_cnt=0 act_cnt_en=0 wei_cnt_en=0 act_pop_en=1 wei_pop_en=1 psm_start=0 shift_done=0 done=0 cscnt_q=32 pop_shim_q2=1 cdone_q=0 o_cswitch_done_val=0 o_cdone_val=0
[CTRL DEBUG] cycle=82083 state=6 start=0 incntlim=64 act_reps=1 wei_reps=1 ncontexts=1 context_cnt=0 act_cnt_en=0 wei_cnt_en=0 act_pop_en=1 wei_pop_en=1 psm_start=0 shift_done=0 done=0 cscnt_q=32 pop_shim_q2=1 cdone_q=0 o_cswitch_done_val=0 o_cdone_val=0
[CTRL DEBUG] cycle=82083 state=6 start=0 incntlim=64 act_reps=1 wei_reps=1 ncontexts=1 context_cnt=0 act_cnt_en=0 wei_cnt_en=0 act_pop_en=1 wei_pop_en=1 psm_start=0 shift_done=0 done=0 cscnt_q=32 pop_shim_q2=1 cdone_q=0 o_cswitch_done_val=0 o_cdone_val=0
[CTRL DEBUG] cycle=82084 state=6 start=0 incntlim=64 act_reps=1 wei_reps=1 ncontexts=1 context_cnt=0 act_cnt_en=0 wei_cnt_en=0 act_pop_en=1 wei_pop_en=1 psm_start=0 shift_done=0 done=0 cscnt_q=33 pop_shim_q2=1 cdone_q=0 o_cswitch_done_val=0 o_cdone_val=0
[CTRL DEBUG] cycle=82084 state=6 start=0 incntlim=64 act_reps=1 wei_reps=1 ncontexts=1 context_cnt=0 act_cnt_en=0 wei_cnt_en=0 act_pop_en=1 wei_pop_en=1 psm_start=0 shift_done=0 done=0 cscnt_q=33 pop_shim_q2=1 cdone_q=0 o_cswitch_done_val=0 o_cdone_val=0
[CTRL DEBUG] cycle=82084 state=6 start=0 incntlim=64 act_reps=1 wei_reps=1 ncontexts=1 context_cnt=0 act_cnt_en=0 wei_cnt_en=0 act_pop_en=1 wei_pop_en=1 psm_start=0 shift_done=0 done=0 cscnt_q=33 pop_shim_q2=1 cdone_q=0 o_cswitch_done_val=0 o_cdone_val=0
[CTRL DEBUG] cycle=82084 state=6 start=0 incntlim=64 act_reps=1 wei_reps=1 ncontexts=1 context_cnt=0 act_cnt_en=0 wei_cnt_en=0 act_pop_en=1 wei_pop_en=1 psm_start=0 shift_done=0 done=0 cscnt_q=33 pop_shim_q2=1 cdone_q=0 o_cswitch_done_val=0 o_cdone_val=0
[CTRL DEBUG] cycle=82084 state=6 start=0 incntlim=64 act_reps=1 wei_reps=1 ncontexts=1 context_cnt=0 act_cnt_en=0 wei_cnt_en=0 act_pop_en=1 wei_pop_en=1 psm_start=0 shift_done=0 done=0 cscnt_q=33 pop_shim_q2=1 cdone_q=0 o_cswitch_done_val=0 o_cdone_val=0
[CTRL DEBUG] cycle=82084 state=6 start=0 incntlim=64 act_reps=1 wei_reps=1 ncontexts=1 context_cnt=0 act_cnt_en=0 wei_cnt_en=0 act_pop_en=1 wei_pop_en=1 psm_start=0 shift_done=0 done=0 cscnt_q=33 pop_shim_q2=1 cdone_q=0 o_cswitch_done_val=0 o_cdone_val=0
[CTRL DEBUG] cycle=82085 state=6 start=0 incntlim=64 act_reps=1 wei_reps=1 ncontexts=1 context_cnt=0 act_cnt_en=0 wei_cnt_en=0 act_pop_en=1 wei_pop_en=1 psm_start=0 shift_done=0 done=0 cscnt_q=34 pop_shim_q2=1 cdone_q=0 o_cswitch_done_val=0 o_cdone_val=0
[CTRL DEBUG] cycle=82085 state=6 start=0 incntlim=64 act_reps=1 wei_reps=1 ncontexts=1 context_cnt=0 act_cnt_en=0 wei_cnt_en=0 act_pop_en=1 wei_pop_en=1 psm_start=0 shift_done=0 done=0 cscnt_q=34 pop_shim_q2=1 cdone_q=0 o_cswitch_done_val=0 o_cdone_val=0
[CTRL DEBUG] cycle=82085 state=6 start=0 incntlim=64 act_reps=1 wei_reps=1 ncontexts=1 context_cnt=0 act_cnt_en=0 wei_cnt_en=0 act_pop_en=1 wei_pop_en=1 psm_start=0 shift_done=0 done=0 cscnt_q=34 pop_shim_q2=1 cdone_q=0 o_cswitch_done_val=0 o_cdone_val=0
[CTRL DEBUG] cycle=82085 state=6 start=0 incntlim=64 act_reps=1 wei_reps=1 ncontexts=1 context_cnt=0 act_cnt_en=0 wei_cnt_en=0 act_pop_en=1 wei_pop_en=1 psm_start=0 shift_done=0 done=0 cscnt_q=34 pop_shim_q2=1 cdone_q=0 o_cswitch_done_val=0 o_cdone_val=0
[CTRL DEBUG] cycle=82085 state=6 start=0 incntlim=64 act_reps=1 wei_reps=1 ncontexts=1 context_cnt=0 act_cnt_en=0 wei_cnt_en=0 act_pop_en=1 wei_pop_en=1 psm_start=0 shift_done=0 done=0 cscnt_q=34 pop_shim_q2=1 cdone_q=0 o_cswitch_done_val=0 o_cdone_val=0
[CTRL DEBUG] cycle=82085 state=6 start=0 incntlim=64 act_reps=1 wei_reps=1 ncontexts=1 context_cnt=0 act_cnt_en=0 wei_cnt_en=0 act_pop_en=1 wei_pop_en=1 psm_start=0 shift_done=0 done=0 cscnt_q=34 pop_shim_q2=1 cdone_q=0 o_cswitch_done_val=0 o_cdone_val=0
[CTRL DEBUG] cycle=82086 state=6 start=0 incntlim=64 act_reps=1 wei_reps=1 ncontexts=1 context_cnt=0 act_cnt_en=0 wei_cnt_en=0 act_pop_en=1 wei_pop_en=1 psm_start=0 shift_done=0 done=0 cscnt_q=35 pop_shim_q2=1 cdone_q=0 o_cswitch_done_val=0 o_cdone_val=0
[CTRL DEBUG] cycle=82086 state=6 start=0 incntlim=64 act_reps=1 wei_reps=1 ncontexts=1 context_cnt=0 act_cnt_en=0 wei_cnt_en=0 act_pop_en=1 wei_pop_en=1 psm_start=0 shift_done=0 done=0 cscnt_q=35 pop_shim_q2=1 cdone_q=0 o_cswitch_done_val=0 o_cdone_val=0
[CTRL DEBUG] cycle=82086 state=6 start=0 incntlim=64 act_reps=1 wei_reps=1 ncontexts=1 context_cnt=0 act_cnt_en=0 wei_cnt_en=0 act_pop_en=1 wei_pop_en=1 psm_start=0 shift_done=0 done=0 cscnt_q=35 pop_shim_q2=1 cdone_q=0 o_cswitch_done_val=0 o_cdone_val=0
[CTRL DEBUG] cycle=82086 state=6 start=0 incntlim=64 act_reps=1 wei_reps=1 ncontexts=1 context_cnt=0 act_cnt_en=0 wei_cnt_en=0 act_pop_en=1 wei_pop_en=1 psm_start=0 shift_done=0 done=0 cscnt_q=35 pop_shim_q2=1 cdone_q=0 o_cswitch_done_val=0 o_cdone_val=0
[CTRL DEBUG] cycle=82086 state=6 start=0 incntlim=64 act_reps=1 wei_reps=1 ncontexts=1 context_cnt=0 act_cnt_en=0 wei_cnt_en=0 act_pop_en=1 wei_pop_en=1 psm_start=0 shift_done=0 done=0 cscnt_q=35 pop_shim_q2=1 cdone_q=0 o_cswitch_done_val=0 o_cdone_val=0
[CTRL DEBUG] cycle=82086 state=6 start=0 incntlim=64 act_reps=1 wei_reps=1 ncontexts=1 context_cnt=0 act_cnt_en=0 wei_cnt_en=0 act_pop_en=1 wei_pop_en=1 psm_start=0 shift_done=0 done=0 cscnt_q=35 pop_shim_q2=1 cdone_q=0 o_cswitch_done_val=0 o_cdone_val=0
[CTRL DEBUG] cycle=82087 state=6 start=0 incntlim=64 act_reps=1 wei_reps=1 ncontexts=1 context_cnt=0 act_cnt_en=0 wei_cnt_en=0 act_pop_en=1 wei_pop_en=1 psm_start=0 shift_done=0 done=0 cscnt_q=36 pop_shim_q2=1 cdone_q=0 o_cswitch_done_val=0 o_cdone_val=0
[CTRL DEBUG] cycle=82087 state=6 start=0 incntlim=64 act_reps=1 wei_reps=1 ncontexts=1 context_cnt=0 act_cnt_en=0 wei_cnt_en=0 act_pop_en=1 wei_pop_en=1 psm_start=0 shift_done=0 done=0 cscnt_q=36 pop_shim_q2=1 cdone_q=0 o_cswitch_done_val=0 o_cdone_val=0
[CTRL DEBUG] cycle=82087 state=6 start=0 incntlim=64 act_reps=1 wei_reps=1 ncontexts=1 context_cnt=0 act_cnt_en=0 wei_cnt_en=0 act_pop_en=1 wei_pop_en=1 psm_start=0 shift_done=0 done=0 cscnt_q=36 pop_shim_q2=1 cdone_q=0 o_cswitch_done_val=0 o_cdone_val=0
[CTRL DEBUG] cycle=82087 state=6 start=0 incntlim=64 act_reps=1 wei_reps=1 ncontexts=1 context_cnt=0 act_cnt_en=0 wei_cnt_en=0 act_pop_en=1 wei_pop_en=1 psm_start=0 shift_done=0 done=0 cscnt_q=36 pop_shim_q2=1 cdone_q=0 o_cswitch_done_val=0 o_cdone_val=0
[CTRL DEBUG] cycle=82087 state=6 start=0 incntlim=64 act_reps=1 wei_reps=1 ncontexts=1 context_cnt=0 act_cnt_en=0 wei_cnt_en=0 act_pop_en=1 wei_pop_en=1 psm_start=0 shift_done=0 done=0 cscnt_q=36 pop_shim_q2=1 cdone_q=0 o_cswitch_done_val=0 o_cdone_val=0
[CTRL DEBUG] cycle=82087 state=6 start=0 incntlim=64 act_reps=1 wei_reps=1 ncontexts=1 context_cnt=0 act_cnt_en=0 wei_cnt_en=0 act_pop_en=1 wei_pop_en=1 psm_start=0 shift_done=0 done=0 cscnt_q=36 pop_shim_q2=1 cdone_q=0 o_cswitch_done_val=0 o_cdone_val=0
[CTRL DEBUG] cycle=82088 state=6 start=0 incntlim=64 act_reps=1 wei_reps=1 ncontexts=1 context_cnt=0 act_cnt_en=0 wei_cnt_en=0 act_pop_en=1 wei_pop_en=1 psm_start=0 shift_done=0 done=0 cscnt_q=37 pop_shim_q2=1 cdone_q=0 o_cswitch_done_val=0 o_cdone_val=0
[CTRL DEBUG] cycle=82088 state=6 start=0 incntlim=64 act_reps=1 wei_reps=1 ncontexts=1 context_cnt=0 act_cnt_en=0 wei_cnt_en=0 act_pop_en=1 wei_pop_en=1 psm_start=0 shift_done=0 done=0 cscnt_q=37 pop_shim_q2=1 cdone_q=0 o_cswitch_done_val=0 o_cdone_val=0
[CTRL DEBUG] cycle=82088 state=6 start=0 incntlim=64 act_reps=1 wei_reps=1 ncontexts=1 context_cnt=0 act_cnt_en=0 wei_cnt_en=0 act_pop_en=1 wei_pop_en=1 psm_start=0 shift_done=0 done=0 cscnt_q=37 pop_shim_q2=1 cdone_q=0 o_cswitch_done_val=0 o_cdone_val=0
[CTRL DEBUG] cycle=82088 state=6 start=0 incntlim=64 act_reps=1 wei_reps=1 ncontexts=1 context_cnt=0 act_cnt_en=0 wei_cnt_en=0 act_pop_en=1 wei_pop_en=1 psm_start=0 shift_done=0 done=0 cscnt_q=37 pop_shim_q2=1 cdone_q=0 o_cswitch_done_val=0 o_cdone_val=0
[CTRL DEBUG] cycle=82088 state=6 start=0 incntlim=64 act_reps=1 wei_reps=1 ncontexts=1 context_cnt=0 act_cnt_en=0 wei_cnt_en=0 act_pop_en=1 wei_pop_en=1 psm_start=0 shift_done=0 done=0 cscnt_q=37 pop_shim_q2=1 cdone_q=0 o_cswitch_done_val=0 o_cdone_val=0
[CTRL DEBUG] cycle=82088 state=6 start=0 incntlim=64 act_reps=1 wei_reps=1 ncontexts=1 context_cnt=0 act_cnt_en=0 wei_cnt_en=0 act_pop_en=1 wei_pop_en=1 psm_start=0 shift_done=0 done=0 cscnt_q=37 pop_shim_q2=1 cdone_q=0 o_cswitch_done_val=0 o_cdone_val=0
[CTRL DEBUG] cycle=82089 state=6 start=0 incntlim=64 act_reps=1 wei_reps=1 ncontexts=1 context_cnt=0 act_cnt_en=0 wei_cnt_en=0 act_pop_en=1 wei_pop_en=1 psm_start=0 shift_done=0 done=0 cscnt_q=38 pop_shim_q2=1 cdone_q=0 o_cswitch_done_val=0 o_cdone_val=0
[CTRL TAIL DRAIN] cycle=82089 drain_cycles=40 limit=56
[CTRL DEBUG] cycle=82089 state=6 start=0 incntlim=64 act_reps=1 wei_reps=1 ncontexts=1 context_cnt=0 act_cnt_en=0 wei_cnt_en=0 act_pop_en=1 wei_pop_en=1 psm_start=0 shift_done=0 done=0 cscnt_q=38 pop_shim_q2=1 cdone_q=0 o_cswitch_done_val=0 o_cdone_val=0
[CTRL TAIL DRAIN] cycle=82089 drain_cycles=40 limit=56
[CTRL DEBUG] cycle=82089 state=6 start=0 incntlim=64 act_reps=1 wei_reps=1 ncontexts=1 context_cnt=0 act_cnt_en=0 wei_cnt_en=0 act_pop_en=1 wei_pop_en=1 psm_start=0 shift_done=0 done=0 cscnt_q=38 pop_shim_q2=1 cdone_q=0 o_cswitch_done_val=0 o_cdone_val=0
[CTRL TAIL DRAIN] cycle=82089 drain_cycles=40 limit=56
[CTRL DEBUG] cycle=82089 state=6 start=0 incntlim=64 act_reps=1 wei_reps=1 ncontexts=1 context_cnt=0 act_cnt_en=0 wei_cnt_en=0 act_pop_en=1 wei_pop_en=1 psm_start=0 shift_done=0 done=0 cscnt_q=38 pop_shim_q2=1 cdone_q=0 o_cswitch_done_val=0 o_cdone_val=0
[CTRL TAIL DRAIN] cycle=82089 drain_cycles=40 limit=56
[CTRL DEBUG] cycle=82089 state=6 start=0 incntlim=64 act_reps=1 wei_reps=1 ncontexts=1 context_cnt=0 act_cnt_en=0 wei_cnt_en=0 act_pop_en=1 wei_pop_en=1 psm_start=0 shift_done=0 done=0 cscnt_q=38 pop_shim_q2=1 cdone_q=0 o_cswitch_done_val=0 o_cdone_val=0
[CTRL TAIL DRAIN] cycle=82089 drain_cycles=40 limit=56
[CTRL DEBUG] cycle=82089 state=6 start=0 incntlim=64 act_reps=1 wei_reps=1 ncontexts=1 context_cnt=0 act_cnt_en=0 wei_cnt_en=0 act_pop_en=1 wei_pop_en=1 psm_start=0 shift_done=0 done=0 cscnt_q=38 pop_shim_q2=1 cdone_q=0 o_cswitch_done_val=0 o_cdone_val=0
[CTRL TAIL DRAIN] cycle=82089 drain_cycles=40 limit=56
[CTRL DEBUG] cycle=82090 state=6 start=0 incntlim=64 act_reps=1 wei_reps=1 ncontexts=1 context_cnt=0 act_cnt_en=0 wei_cnt_en=0 act_pop_en=1 wei_pop_en=1 psm_start=0 shift_done=0 done=0 cscnt_q=39 pop_shim_q2=1 cdone_q=0 o_cswitch_done_val=0 o_cdone_val=0
[CTRL DEBUG] cycle=82090 state=6 start=0 incntlim=64 act_reps=1 wei_reps=1 ncontexts=1 context_cnt=0 act_cnt_en=0 wei_cnt_en=0 act_pop_en=1 wei_pop_en=1 psm_start=0 shift_done=0 done=0 cscnt_q=39 pop_shim_q2=1 cdone_q=0 o_cswitch_done_val=0 o_cdone_val=0
[CTRL DEBUG] cycle=82090 state=6 start=0 incntlim=64 act_reps=1 wei_reps=1 ncontexts=1 context_cnt=0 act_cnt_en=0 wei_cnt_en=0 act_pop_en=1 wei_pop_en=1 psm_start=0 shift_done=0 done=0 cscnt_q=39 pop_shim_q2=1 cdone_q=0 o_cswitch_done_val=0 o_cdone_val=0
[CTRL DEBUG] cycle=82090 state=6 start=0 incntlim=64 act_reps=1 wei_reps=1 ncontexts=1 context_cnt=0 act_cnt_en=0 wei_cnt_en=0 act_pop_en=1 wei_pop_en=1 psm_start=0 shift_done=0 done=0 cscnt_q=39 pop_shim_q2=1 cdone_q=0 o_cswitch_done_val=0 o_cdone_val=0
[CTRL DEBUG] cycle=82090 state=6 start=0 incntlim=64 act_reps=1 wei_reps=1 ncontexts=1 context_cnt=0 act_cnt_en=0 wei_cnt_en=0 act_pop_en=1 wei_pop_en=1 psm_start=0 shift_done=0 done=0 cscnt_q=39 pop_shim_q2=1 cdone_q=0 o_cswitch_done_val=0 o_cdone_val=0
[CTRL DEBUG] cycle=82090 state=6 start=0 incntlim=64 act_reps=1 wei_reps=1 ncontexts=1 context_cnt=0 act_cnt_en=0 wei_cnt_en=0 act_pop_en=1 wei_pop_en=1 psm_start=0 shift_done=0 done=0 cscnt_q=39 pop_shim_q2=1 cdone_q=0 o_cswitch_done_val=0 o_cdone_val=0
[CTRL DEBUG] cycle=82091 state=6 start=0 incntlim=64 act_reps=1 wei_reps=1 ncontexts=1 context_cnt=0 act_cnt_en=0 wei_cnt_en=0 act_pop_en=1 wei_pop_en=1 psm_start=0 shift_done=0 done=0 cscnt_q=40 pop_shim_q2=1 cdone_q=0 o_cswitch_done_val=0 o_cdone_val=0
[CTRL DEBUG] cycle=82091 state=6 start=0 incntlim=64 act_reps=1 wei_reps=1 ncontexts=1 context_cnt=0 act_cnt_en=0 wei_cnt_en=0 act_pop_en=1 wei_pop_en=1 psm_start=0 shift_done=0 done=0 cscnt_q=40 pop_shim_q2=1 cdone_q=0 o_cswitch_done_val=0 o_cdone_val=0
[CTRL DEBUG] cycle=82091 state=6 start=0 incntlim=64 act_reps=1 wei_reps=1 ncontexts=1 context_cnt=0 act_cnt_en=0 wei_cnt_en=0 act_pop_en=1 wei_pop_en=1 psm_start=0 shift_done=0 done=0 cscnt_q=40 pop_shim_q2=1 cdone_q=0 o_cswitch_done_val=0 o_cdone_val=0
[CTRL DEBUG] cycle=82091 state=6 start=0 incntlim=64 act_reps=1 wei_reps=1 ncontexts=1 context_cnt=0 act_cnt_en=0 wei_cnt_en=0 act_pop_en=1 wei_pop_en=1 psm_start=0 shift_done=0 done=0 cscnt_q=40 pop_shim_q2=1 cdone_q=0 o_cswitch_done_val=0 o_cdone_val=0
[CTRL DEBUG] cycle=82091 state=6 start=0 incntlim=64 act_reps=1 wei_reps=1 ncontexts=1 context_cnt=0 act_cnt_en=0 wei_cnt_en=0 act_pop_en=1 wei_pop_en=1 psm_start=0 shift_done=0 done=0 cscnt_q=40 pop_shim_q2=1 cdone_q=0 o_cswitch_done_val=0 o_cdone_val=0
[CTRL DEBUG] cycle=82091 state=6 start=0 incntlim=64 act_reps=1 wei_reps=1 ncontexts=1 context_cnt=0 act_cnt_en=0 wei_cnt_en=0 act_pop_en=1 wei_pop_en=1 psm_start=0 shift_done=0 done=0 cscnt_q=40 pop_shim_q2=1 cdone_q=0 o_cswitch_done_val=0 o_cdone_val=0
[CTRL DEBUG] cycle=82092 state=6 start=0 incntlim=64 act_reps=1 wei_reps=1 ncontexts=1 context_cnt=0 act_cnt_en=0 wei_cnt_en=0 act_pop_en=1 wei_pop_en=1 psm_start=0 shift_done=0 done=0 cscnt_q=41 pop_shim_q2=1 cdone_q=0 o_cswitch_done_val=0 o_cdone_val=0
[CTRL DEBUG] cycle=82092 state=6 start=0 incntlim=64 act_reps=1 wei_reps=1 ncontexts=1 context_cnt=0 act_cnt_en=0 wei_cnt_en=0 act_pop_en=1 wei_pop_en=1 psm_start=0 shift_done=0 done=0 cscnt_q=41 pop_shim_q2=1 cdone_q=0 o_cswitch_done_val=0 o_cdone_val=0
[CTRL DEBUG] cycle=82092 state=6 start=0 incntlim=64 act_reps=1 wei_reps=1 ncontexts=1 context_cnt=0 act_cnt_en=0 wei_cnt_en=0 act_pop_en=1 wei_pop_en=1 psm_start=0 shift_done=0 done=0 cscnt_q=41 pop_shim_q2=1 cdone_q=0 o_cswitch_done_val=0 o_cdone_val=0
[CTRL DEBUG] cycle=82092 state=6 start=0 incntlim=64 act_reps=1 wei_reps=1 ncontexts=1 context_cnt=0 act_cnt_en=0 wei_cnt_en=0 act_pop_en=1 wei_pop_en=1 psm_start=0 shift_done=0 done=0 cscnt_q=41 pop_shim_q2=1 cdone_q=0 o_cswitch_done_val=0 o_cdone_val=0
[CTRL DEBUG] cycle=82092 state=6 start=0 incntlim=64 act_reps=1 wei_reps=1 ncontexts=1 context_cnt=0 act_cnt_en=0 wei_cnt_en=0 act_pop_en=1 wei_pop_en=1 psm_start=0 shift_done=0 done=0 cscnt_q=41 pop_shim_q2=1 cdone_q=0 o_cswitch_done_val=0 o_cdone_val=0
[CTRL DEBUG] cycle=82092 state=6 start=0 incntlim=64 act_reps=1 wei_reps=1 ncontexts=1 context_cnt=0 act_cnt_en=0 wei_cnt_en=0 act_pop_en=1 wei_pop_en=1 psm_start=0 shift_done=0 done=0 cscnt_q=41 pop_shim_q2=1 cdone_q=0 o_cswitch_done_val=0 o_cdone_val=0
[CTRL DEBUG] cycle=82093 state=6 start=0 incntlim=64 act_reps=1 wei_reps=1 ncontexts=1 context_cnt=0 act_cnt_en=0 wei_cnt_en=0 act_pop_en=1 wei_pop_en=1 psm_start=0 shift_done=0 done=0 cscnt_q=42 pop_shim_q2=1 cdone_q=0 o_cswitch_done_val=0 o_cdone_val=0
[CTRL DEBUG] cycle=82093 state=6 start=0 incntlim=64 act_reps=1 wei_reps=1 ncontexts=1 context_cnt=0 act_cnt_en=0 wei_cnt_en=0 act_pop_en=1 wei_pop_en=1 psm_start=0 shift_done=0 done=0 cscnt_q=42 pop_shim_q2=1 cdone_q=0 o_cswitch_done_val=0 o_cdone_val=0
[CTRL DEBUG] cycle=82093 state=6 start=0 incntlim=64 act_reps=1 wei_reps=1 ncontexts=1 context_cnt=0 act_cnt_en=0 wei_cnt_en=0 act_pop_en=1 wei_pop_en=1 psm_start=0 shift_done=0 done=0 cscnt_q=42 pop_shim_q2=1 cdone_q=0 o_cswitch_done_val=0 o_cdone_val=0
[CTRL DEBUG] cycle=82093 state=6 start=0 incntlim=64 act_reps=1 wei_reps=1 ncontexts=1 context_cnt=0 act_cnt_en=0 wei_cnt_en=0 act_pop_en=1 wei_pop_en=1 psm_start=0 shift_done=0 done=0 cscnt_q=42 pop_shim_q2=1 cdone_q=0 o_cswitch_done_val=0 o_cdone_val=0
[CTRL DEBUG] cycle=82093 state=6 start=0 incntlim=64 act_reps=1 wei_reps=1 ncontexts=1 context_cnt=0 act_cnt_en=0 wei_cnt_en=0 act_pop_en=1 wei_pop_en=1 psm_start=0 shift_done=0 done=0 cscnt_q=42 pop_shim_q2=1 cdone_q=0 o_cswitch_done_val=0 o_cdone_val=0
[CTRL DEBUG] cycle=82093 state=6 start=0 incntlim=64 act_reps=1 wei_reps=1 ncontexts=1 context_cnt=0 act_cnt_en=0 wei_cnt_en=0 act_pop_en=1 wei_pop_en=1 psm_start=0 shift_done=0 done=0 cscnt_q=42 pop_shim_q2=1 cdone_q=0 o_cswitch_done_val=0 o_cdone_val=0
[CTRL DEBUG] cycle=82094 state=6 start=0 incntlim=64 act_reps=1 wei_reps=1 ncontexts=1 context_cnt=0 act_cnt_en=0 wei_cnt_en=0 act_pop_en=1 wei_pop_en=1 psm_start=0 shift_done=0 done=0 cscnt_q=43 pop_shim_q2=1 cdone_q=0 o_cswitch_done_val=0 o_cdone_val=0
[CTRL DEBUG] cycle=82094 state=6 start=0 incntlim=64 act_reps=1 wei_reps=1 ncontexts=1 context_cnt=0 act_cnt_en=0 wei_cnt_en=0 act_pop_en=1 wei_pop_en=1 psm_start=0 shift_done=0 done=0 cscnt_q=43 pop_shim_q2=1 cdone_q=0 o_cswitch_done_val=0 o_cdone_val=0
[CTRL DEBUG] cycle=82094 state=6 start=0 incntlim=64 act_reps=1 wei_reps=1 ncontexts=1 context_cnt=0 act_cnt_en=0 wei_cnt_en=0 act_pop_en=1 wei_pop_en=1 psm_start=0 shift_done=0 done=0 cscnt_q=43 pop_shim_q2=1 cdone_q=0 o_cswitch_done_val=0 o_cdone_val=0
[CTRL DEBUG] cycle=82094 state=6 start=0 incntlim=64 act_reps=1 wei_reps=1 ncontexts=1 context_cnt=0 act_cnt_en=0 wei_cnt_en=0 act_pop_en=1 wei_pop_en=1 psm_start=0 shift_done=0 done=0 cscnt_q=43 pop_shim_q2=1 cdone_q=0 o_cswitch_done_val=0 o_cdone_val=0
[CTRL DEBUG] cycle=82094 state=6 start=0 incntlim=64 act_reps=1 wei_reps=1 ncontexts=1 context_cnt=0 act_cnt_en=0 wei_cnt_en=0 act_pop_en=1 wei_pop_en=1 psm_start=0 shift_done=0 done=0 cscnt_q=43 pop_shim_q2=1 cdone_q=0 o_cswitch_done_val=0 o_cdone_val=0
[CTRL DEBUG] cycle=82094 state=6 start=0 incntlim=64 act_reps=1 wei_reps=1 ncontexts=1 context_cnt=0 act_cnt_en=0 wei_cnt_en=0 act_pop_en=1 wei_pop_en=1 psm_start=0 shift_done=0 done=0 cscnt_q=43 pop_shim_q2=1 cdone_q=0 o_cswitch_done_val=0 o_cdone_val=0
[CTRL DEBUG] cycle=82095 state=6 start=0 incntlim=64 act_reps=1 wei_reps=1 ncontexts=1 context_cnt=0 act_cnt_en=0 wei_cnt_en=0 act_pop_en=1 wei_pop_en=1 psm_start=0 shift_done=0 done=0 cscnt_q=44 pop_shim_q2=1 cdone_q=0 o_cswitch_done_val=0 o_cdone_val=0
[CTRL DEBUG] cycle=82095 state=6 start=0 incntlim=64 act_reps=1 wei_reps=1 ncontexts=1 context_cnt=0 act_cnt_en=0 wei_cnt_en=0 act_pop_en=1 wei_pop_en=1 psm_start=0 shift_done=0 done=0 cscnt_q=44 pop_shim_q2=1 cdone_q=0 o_cswitch_done_val=0 o_cdone_val=0
[CTRL DEBUG] cycle=82095 state=6 start=0 incntlim=64 act_reps=1 wei_reps=1 ncontexts=1 context_cnt=0 act_cnt_en=0 wei_cnt_en=0 act_pop_en=1 wei_pop_en=1 psm_start=0 shift_done=0 done=0 cscnt_q=44 pop_shim_q2=1 cdone_q=0 o_cswitch_done_val=0 o_cdone_val=0
[CTRL DEBUG] cycle=82095 state=6 start=0 incntlim=64 act_reps=1 wei_reps=1 ncontexts=1 context_cnt=0 act_cnt_en=0 wei_cnt_en=0 act_pop_en=1 wei_pop_en=1 psm_start=0 shift_done=0 done=0 cscnt_q=44 pop_shim_q2=1 cdone_q=0 o_cswitch_done_val=0 o_cdone_val=0
[CTRL DEBUG] cycle=82095 state=6 start=0 incntlim=64 act_reps=1 wei_reps=1 ncontexts=1 context_cnt=0 act_cnt_en=0 wei_cnt_en=0 act_pop_en=1 wei_pop_en=1 psm_start=0 shift_done=0 done=0 cscnt_q=44 pop_shim_q2=1 cdone_q=0 o_cswitch_done_val=0 o_cdone_val=0
[CTRL DEBUG] cycle=82095 state=6 start=0 incntlim=64 act_reps=1 wei_reps=1 ncontexts=1 context_cnt=0 act_cnt_en=0 wei_cnt_en=0 act_pop_en=1 wei_pop_en=1 psm_start=0 shift_done=0 done=0 cscnt_q=44 pop_shim_q2=1 cdone_q=0 o_cswitch_done_val=0 o_cdone_val=0
[CTRL DEBUG] cycle=82096 state=6 start=0 incntlim=64 act_reps=1 wei_reps=1 ncontexts=1 context_cnt=0 act_cnt_en=0 wei_cnt_en=0 act_pop_en=1 wei_pop_en=1 psm_start=0 shift_done=0 done=0 cscnt_q=45 pop_shim_q2=1 cdone_q=0 o_cswitch_done_val=0 o_cdone_val=0
[CTRL DEBUG] cycle=82096 state=6 start=0 incntlim=64 act_reps=1 wei_reps=1 ncontexts=1 context_cnt=0 act_cnt_en=0 wei_cnt_en=0 act_pop_en=1 wei_pop_en=1 psm_start=0 shift_done=0 done=0 cscnt_q=45 pop_shim_q2=1 cdone_q=0 o_cswitch_done_val=0 o_cdone_val=0
[CTRL DEBUG] cycle=82096 state=6 start=0 incntlim=64 act_reps=1 wei_reps=1 ncontexts=1 context_cnt=0 act_cnt_en=0 wei_cnt_en=0 act_pop_en=1 wei_pop_en=1 psm_start=0 shift_done=0 done=0 cscnt_q=45 pop_shim_q2=1 cdone_q=0 o_cswitch_done_val=0 o_cdone_val=0
[CTRL DEBUG] cycle=82096 state=6 start=0 incntlim=64 act_reps=1 wei_reps=1 ncontexts=1 context_cnt=0 act_cnt_en=0 wei_cnt_en=0 act_pop_en=1 wei_pop_en=1 psm_start=0 shift_done=0 done=0 cscnt_q=45 pop_shim_q2=1 cdone_q=0 o_cswitch_done_val=0 o_cdone_val=0
[CTRL DEBUG] cycle=82096 state=6 start=0 incntlim=64 act_reps=1 wei_reps=1 ncontexts=1 context_cnt=0 act_cnt_en=0 wei_cnt_en=0 act_pop_en=1 wei_pop_en=1 psm_start=0 shift_done=0 done=0 cscnt_q=45 pop_shim_q2=1 cdone_q=0 o_cswitch_done_val=0 o_cdone_val=0
[CTRL DEBUG] cycle=82096 state=6 start=0 incntlim=64 act_reps=1 wei_reps=1 ncontexts=1 context_cnt=0 act_cnt_en=0 wei_cnt_en=0 act_pop_en=1 wei_pop_en=1 psm_start=0 shift_done=0 done=0 cscnt_q=45 pop_shim_q2=1 cdone_q=0 o_cswitch_done_val=0 o_cdone_val=0
[CTRL DEBUG] cycle=82097 state=6 start=0 incntlim=64 act_reps=1 wei_reps=1 ncontexts=1 context_cnt=0 act_cnt_en=0 wei_cnt_en=0 act_pop_en=1 wei_pop_en=1 psm_start=0 shift_done=0 done=0 cscnt_q=46 pop_shim_q2=1 cdone_q=0 o_cswitch_done_val=0 o_cdone_val=0
[CTRL TAIL DRAIN] cycle=82097 drain_cycles=48 limit=56
[CTRL DEBUG] cycle=82097 state=6 start=0 incntlim=64 act_reps=1 wei_reps=1 ncontexts=1 context_cnt=0 act_cnt_en=0 wei_cnt_en=0 act_pop_en=1 wei_pop_en=1 psm_start=0 shift_done=0 done=0 cscnt_q=46 pop_shim_q2=1 cdone_q=0 o_cswitch_done_val=0 o_cdone_val=0
[CTRL TAIL DRAIN] cycle=82097 drain_cycles=48 limit=56
[CTRL DEBUG] cycle=82097 state=6 start=0 incntlim=64 act_reps=1 wei_reps=1 ncontexts=1 context_cnt=0 act_cnt_en=0 wei_cnt_en=0 act_pop_en=1 wei_pop_en=1 psm_start=0 shift_done=0 done=0 cscnt_q=46 pop_shim_q2=1 cdone_q=0 o_cswitch_done_val=0 o_cdone_val=0
[CTRL TAIL DRAIN] cycle=82097 drain_cycles=48 limit=56
[CTRL DEBUG] cycle=82097 state=6 start=0 incntlim=64 act_reps=1 wei_reps=1 ncontexts=1 context_cnt=0 act_cnt_en=0 wei_cnt_en=0 act_pop_en=1 wei_pop_en=1 psm_start=0 shift_done=0 done=0 cscnt_q=46 pop_shim_q2=1 cdone_q=0 o_cswitch_done_val=0 o_cdone_val=0
[CTRL TAIL DRAIN] cycle=82097 drain_cycles=48 limit=56
[CTRL DEBUG] cycle=82097 state=6 start=0 incntlim=64 act_reps=1 wei_reps=1 ncontexts=1 context_cnt=0 act_cnt_en=0 wei_cnt_en=0 act_pop_en=1 wei_pop_en=1 psm_start=0 shift_done=0 done=0 cscnt_q=46 pop_shim_q2=1 cdone_q=0 o_cswitch_done_val=0 o_cdone_val=0
[CTRL TAIL DRAIN] cycle=82097 drain_cycles=48 limit=56
[CTRL DEBUG] cycle=82097 state=6 start=0 incntlim=64 act_reps=1 wei_reps=1 ncontexts=1 context_cnt=0 act_cnt_en=0 wei_cnt_en=0 act_pop_en=1 wei_pop_en=1 psm_start=0 shift_done=0 done=0 cscnt_q=46 pop_shim_q2=1 cdone_q=0 o_cswitch_done_val=0 o_cdone_val=0
[CTRL TAIL DRAIN] cycle=82097 drain_cycles=48 limit=56
[CTRL DEBUG] cycle=82098 state=6 start=0 incntlim=64 act_reps=1 wei_reps=1 ncontexts=1 context_cnt=0 act_cnt_en=0 wei_cnt_en=0 act_pop_en=1 wei_pop_en=1 psm_start=0 shift_done=0 done=0 cscnt_q=47 pop_shim_q2=1 cdone_q=0 o_cswitch_done_val=0 o_cdone_val=0
[CTRL DEBUG] cycle=82098 state=6 start=0 incntlim=64 act_reps=1 wei_reps=1 ncontexts=1 context_cnt=0 act_cnt_en=0 wei_cnt_en=0 act_pop_en=1 wei_pop_en=1 psm_start=0 shift_done=0 done=0 cscnt_q=47 pop_shim_q2=1 cdone_q=0 o_cswitch_done_val=0 o_cdone_val=0
[CTRL DEBUG] cycle=82098 state=6 start=0 incntlim=64 act_reps=1 wei_reps=1 ncontexts=1 context_cnt=0 act_cnt_en=0 wei_cnt_en=0 act_pop_en=1 wei_pop_en=1 psm_start=0 shift_done=0 done=0 cscnt_q=47 pop_shim_q2=1 cdone_q=0 o_cswitch_done_val=0 o_cdone_val=0
[CTRL DEBUG] cycle=82098 state=6 start=0 incntlim=64 act_reps=1 wei_reps=1 ncontexts=1 context_cnt=0 act_cnt_en=0 wei_cnt_en=0 act_pop_en=1 wei_pop_en=1 psm_start=0 shift_done=0 done=0 cscnt_q=47 pop_shim_q2=1 cdone_q=0 o_cswitch_done_val=0 o_cdone_val=0
[CTRL DEBUG] cycle=82098 state=6 start=0 incntlim=64 act_reps=1 wei_reps=1 ncontexts=1 context_cnt=0 act_cnt_en=0 wei_cnt_en=0 act_pop_en=1 wei_pop_en=1 psm_start=0 shift_done=0 done=0 cscnt_q=47 pop_shim_q2=1 cdone_q=0 o_cswitch_done_val=0 o_cdone_val=0
[CTRL DEBUG] cycle=82098 state=6 start=0 incntlim=64 act_reps=1 wei_reps=1 ncontexts=1 context_cnt=0 act_cnt_en=0 wei_cnt_en=0 act_pop_en=1 wei_pop_en=1 psm_start=0 shift_done=0 done=0 cscnt_q=47 pop_shim_q2=1 cdone_q=0 o_cswitch_done_val=0 o_cdone_val=0
[CTRL DEBUG] cycle=82099 state=6 start=0 incntlim=64 act_reps=1 wei_reps=1 ncontexts=1 context_cnt=0 act_cnt_en=0 wei_cnt_en=0 act_pop_en=1 wei_pop_en=1 psm_start=0 shift_done=0 done=0 cscnt_q=0 pop_shim_q2=1 cdone_q=0 o_cswitch_done_val=1 o_cdone_val=0
[CTRL DEBUG] cycle=82099 state=6 start=0 incntlim=64 act_reps=1 wei_reps=1 ncontexts=1 context_cnt=0 act_cnt_en=0 wei_cnt_en=0 act_pop_en=1 wei_pop_en=1 psm_start=0 shift_done=0 done=0 cscnt_q=0 pop_shim_q2=1 cdone_q=0 o_cswitch_done_val=1 o_cdone_val=0
[CTRL DEBUG] cycle=82099 state=6 start=0 incntlim=64 act_reps=1 wei_reps=1 ncontexts=1 context_cnt=0 act_cnt_en=0 wei_cnt_en=0 act_pop_en=1 wei_pop_en=1 psm_start=0 shift_done=0 done=0 cscnt_q=0 pop_shim_q2=1 cdone_q=0 o_cswitch_done_val=1 o_cdone_val=0
[CTRL DEBUG] cycle=82099 state=6 start=0 incntlim=64 act_reps=1 wei_reps=1 ncontexts=1 context_cnt=0 act_cnt_en=0 wei_cnt_en=0 act_pop_en=1 wei_pop_en=1 psm_start=0 shift_done=0 done=0 cscnt_q=0 pop_shim_q2=1 cdone_q=0 o_cswitch_done_val=1 o_cdone_val=0
[CTRL DEBUG] cycle=82099 state=6 start=0 incntlim=64 act_reps=1 wei_reps=1 ncontexts=1 context_cnt=0 act_cnt_en=0 wei_cnt_en=0 act_pop_en=1 wei_pop_en=1 psm_start=0 shift_done=0 done=0 cscnt_q=0 pop_shim_q2=1 cdone_q=0 o_cswitch_done_val=1 o_cdone_val=0
[CTRL DEBUG] cycle=82099 state=6 start=0 incntlim=64 act_reps=1 wei_reps=1 ncontexts=1 context_cnt=0 act_cnt_en=0 wei_cnt_en=0 act_pop_en=1 wei_pop_en=1 psm_start=0 shift_done=0 done=0 cscnt_q=0 pop_shim_q2=1 cdone_q=0 o_cswitch_done_val=1 o_cdone_val=0
[CTRL DEBUG] cycle=82100 state=6 start=0 incntlim=64 act_reps=1 wei_reps=1 ncontexts=1 context_cnt=0 act_cnt_en=0 wei_cnt_en=0 act_pop_en=1 wei_pop_en=1 psm_start=0 shift_done=0 done=0 cscnt_q=0 pop_shim_q2=1 cdone_q=0 o_cswitch_done_val=0 o_cdone_val=0
[CTRL DEBUG] cycle=82100 state=6 start=0 incntlim=64 act_reps=1 wei_reps=1 ncontexts=1 context_cnt=0 act_cnt_en=0 wei_cnt_en=0 act_pop_en=1 wei_pop_en=1 psm_start=0 shift_done=0 done=0 cscnt_q=0 pop_shim_q2=1 cdone_q=0 o_cswitch_done_val=0 o_cdone_val=0
[CTRL DEBUG] cycle=82100 state=6 start=0 incntlim=64 act_reps=1 wei_reps=1 ncontexts=1 context_cnt=0 act_cnt_en=0 wei_cnt_en=0 act_pop_en=1 wei_pop_en=1 psm_start=0 shift_done=0 done=0 cscnt_q=0 pop_shim_q2=1 cdone_q=0 o_cswitch_done_val=0 o_cdone_val=0
[CTRL DEBUG] cycle=82100 state=6 start=0 incntlim=64 act_reps=1 wei_reps=1 ncontexts=1 context_cnt=0 act_cnt_en=0 wei_cnt_en=0 act_pop_en=1 wei_pop_en=1 psm_start=0 shift_done=0 done=0 cscnt_q=0 pop_shim_q2=1 cdone_q=0 o_cswitch_done_val=0 o_cdone_val=0
[CTRL DEBUG] cycle=82100 state=6 start=0 incntlim=64 act_reps=1 wei_reps=1 ncontexts=1 context_cnt=0 act_cnt_en=0 wei_cnt_en=0 act_pop_en=1 wei_pop_en=1 psm_start=0 shift_done=0 done=0 cscnt_q=0 pop_shim_q2=1 cdone_q=0 o_cswitch_done_val=0 o_cdone_val=0
[CTRL DEBUG] cycle=82100 state=6 start=0 incntlim=64 act_reps=1 wei_reps=1 ncontexts=1 context_cnt=0 act_cnt_en=0 wei_cnt_en=0 act_pop_en=1 wei_pop_en=1 psm_start=0 shift_done=0 done=0 cscnt_q=0 pop_shim_q2=1 cdone_q=0 o_cswitch_done_val=0 o_cdone_val=0
[CTRL DEBUG] cycle=82101 state=6 start=0 incntlim=64 act_reps=1 wei_reps=1 ncontexts=1 context_cnt=0 act_cnt_en=0 wei_cnt_en=0 act_pop_en=1 wei_pop_en=1 psm_start=0 shift_done=0 done=0 cscnt_q=0 pop_shim_q2=1 cdone_q=0 o_cswitch_done_val=0 o_cdone_val=0
[CTRL DEBUG] cycle=82101 state=6 start=0 incntlim=64 act_reps=1 wei_reps=1 ncontexts=1 context_cnt=0 act_cnt_en=0 wei_cnt_en=0 act_pop_en=1 wei_pop_en=1 psm_start=0 shift_done=0 done=0 cscnt_q=0 pop_shim_q2=1 cdone_q=0 o_cswitch_done_val=0 o_cdone_val=0
[CTRL DEBUG] cycle=82101 state=6 start=0 incntlim=64 act_reps=1 wei_reps=1 ncontexts=1 context_cnt=0 act_cnt_en=0 wei_cnt_en=0 act_pop_en=1 wei_pop_en=1 psm_start=0 shift_done=0 done=0 cscnt_q=0 pop_shim_q2=1 cdone_q=0 o_cswitch_done_val=0 o_cdone_val=0
[CTRL DEBUG] cycle=82101 state=6 start=0 incntlim=64 act_reps=1 wei_reps=1 ncontexts=1 context_cnt=0 act_cnt_en=0 wei_cnt_en=0 act_pop_en=1 wei_pop_en=1 psm_start=0 shift_done=0 done=0 cscnt_q=0 pop_shim_q2=1 cdone_q=0 o_cswitch_done_val=0 o_cdone_val=0
[CTRL DEBUG] cycle=82101 state=6 start=0 incntlim=64 act_reps=1 wei_reps=1 ncontexts=1 context_cnt=0 act_cnt_en=0 wei_cnt_en=0 act_pop_en=1 wei_pop_en=1 psm_start=0 shift_done=0 done=0 cscnt_q=0 pop_shim_q2=1 cdone_q=0 o_cswitch_done_val=0 o_cdone_val=0
[CTRL DEBUG] cycle=82101 state=6 start=0 incntlim=64 act_reps=1 wei_reps=1 ncontexts=1 context_cnt=0 act_cnt_en=0 wei_cnt_en=0 act_pop_en=1 wei_pop_en=1 psm_start=0 shift_done=0 done=0 cscnt_q=0 pop_shim_q2=1 cdone_q=0 o_cswitch_done_val=0 o_cdone_val=0
[CTRL DEBUG] cycle=82102 state=6 start=0 incntlim=64 act_reps=1 wei_reps=1 ncontexts=1 context_cnt=0 act_cnt_en=0 wei_cnt_en=0 act_pop_en=1 wei_pop_en=1 psm_start=0 shift_done=0 done=0 cscnt_q=0 pop_shim_q2=1 cdone_q=0 o_cswitch_done_val=0 o_cdone_val=0
[CTRL DEBUG] cycle=82102 state=6 start=0 incntlim=64 act_reps=1 wei_reps=1 ncontexts=1 context_cnt=0 act_cnt_en=0 wei_cnt_en=0 act_pop_en=1 wei_pop_en=1 psm_start=0 shift_done=0 done=0 cscnt_q=0 pop_shim_q2=1 cdone_q=0 o_cswitch_done_val=0 o_cdone_val=0
[CTRL DEBUG] cycle=82102 state=6 start=0 incntlim=64 act_reps=1 wei_reps=1 ncontexts=1 context_cnt=0 act_cnt_en=0 wei_cnt_en=0 act_pop_en=1 wei_pop_en=1 psm_start=0 shift_done=0 done=0 cscnt_q=0 pop_shim_q2=1 cdone_q=0 o_cswitch_done_val=0 o_cdone_val=0
[CTRL DEBUG] cycle=82102 state=6 start=0 incntlim=64 act_reps=1 wei_reps=1 ncontexts=1 context_cnt=0 act_cnt_en=0 wei_cnt_en=0 act_pop_en=1 wei_pop_en=1 psm_start=0 shift_done=0 done=0 cscnt_q=0 pop_shim_q2=1 cdone_q=0 o_cswitch_done_val=0 o_cdone_val=0
[CTRL DEBUG] cycle=82102 state=6 start=0 incntlim=64 act_reps=1 wei_reps=1 ncontexts=1 context_cnt=0 act_cnt_en=0 wei_cnt_en=0 act_pop_en=1 wei_pop_en=1 psm_start=0 shift_done=0 done=0 cscnt_q=0 pop_shim_q2=1 cdone_q=0 o_cswitch_done_val=0 o_cdone_val=0
[CTRL DEBUG] cycle=82102 state=6 start=0 incntlim=64 act_reps=1 wei_reps=1 ncontexts=1 context_cnt=0 act_cnt_en=0 wei_cnt_en=0 act_pop_en=1 wei_pop_en=1 psm_start=0 shift_done=0 done=0 cscnt_q=0 pop_shim_q2=1 cdone_q=0 o_cswitch_done_val=0 o_cdone_val=0
[CTRL DEBUG] cycle=82103 state=6 start=0 incntlim=64 act_reps=1 wei_reps=1 ncontexts=1 context_cnt=0 act_cnt_en=0 wei_cnt_en=0 act_pop_en=1 wei_pop_en=1 psm_start=0 shift_done=0 done=0 cscnt_q=0 pop_shim_q2=1 cdone_q=0 o_cswitch_done_val=0 o_cdone_val=0
[CTRL DEBUG] cycle=82103 state=6 start=0 incntlim=64 act_reps=1 wei_reps=1 ncontexts=1 context_cnt=0 act_cnt_en=0 wei_cnt_en=0 act_pop_en=1 wei_pop_en=1 psm_start=0 shift_done=0 done=0 cscnt_q=0 pop_shim_q2=1 cdone_q=0 o_cswitch_done_val=0 o_cdone_val=0
[CTRL DEBUG] cycle=82103 state=6 start=0 incntlim=64 act_reps=1 wei_reps=1 ncontexts=1 context_cnt=0 act_cnt_en=0 wei_cnt_en=0 act_pop_en=1 wei_pop_en=1 psm_start=0 shift_done=0 done=0 cscnt_q=0 pop_shim_q2=1 cdone_q=0 o_cswitch_done_val=0 o_cdone_val=0
[CTRL DEBUG] cycle=82103 state=6 start=0 incntlim=64 act_reps=1 wei_reps=1 ncontexts=1 context_cnt=0 act_cnt_en=0 wei_cnt_en=0 act_pop_en=1 wei_pop_en=1 psm_start=0 shift_done=0 done=0 cscnt_q=0 pop_shim_q2=1 cdone_q=0 o_cswitch_done_val=0 o_cdone_val=0
[CTRL DEBUG] cycle=82103 state=6 start=0 incntlim=64 act_reps=1 wei_reps=1 ncontexts=1 context_cnt=0 act_cnt_en=0 wei_cnt_en=0 act_pop_en=1 wei_pop_en=1 psm_start=0 shift_done=0 done=0 cscnt_q=0 pop_shim_q2=1 cdone_q=0 o_cswitch_done_val=0 o_cdone_val=0
[CTRL DEBUG] cycle=82103 state=6 start=0 incntlim=64 act_reps=1 wei_reps=1 ncontexts=1 context_cnt=0 act_cnt_en=0 wei_cnt_en=0 act_pop_en=1 wei_pop_en=1 psm_start=0 shift_done=0 done=0 cscnt_q=0 pop_shim_q2=1 cdone_q=0 o_cswitch_done_val=0 o_cdone_val=0
[CTRL DEBUG] cycle=82104 state=6 start=0 incntlim=64 act_reps=1 wei_reps=1 ncontexts=1 context_cnt=0 act_cnt_en=0 wei_cnt_en=0 act_pop_en=1 wei_pop_en=1 psm_start=0 shift_done=0 done=0 cscnt_q=0 pop_shim_q2=1 cdone_q=0 o_cswitch_done_val=0 o_cdone_val=0
[CTRL DEBUG] cycle=82104 state=6 start=0 incntlim=64 act_reps=1 wei_reps=1 ncontexts=1 context_cnt=0 act_cnt_en=0 wei_cnt_en=0 act_pop_en=1 wei_pop_en=1 psm_start=0 shift_done=0 done=0 cscnt_q=0 pop_shim_q2=1 cdone_q=0 o_cswitch_done_val=0 o_cdone_val=0
[CTRL DEBUG] cycle=82104 state=6 start=0 incntlim=64 act_reps=1 wei_reps=1 ncontexts=1 context_cnt=0 act_cnt_en=0 wei_cnt_en=0 act_pop_en=1 wei_pop_en=1 psm_start=0 shift_done=0 done=0 cscnt_q=0 pop_shim_q2=1 cdone_q=0 o_cswitch_done_val=0 o_cdone_val=0
[CTRL DEBUG] cycle=82104 state=6 start=0 incntlim=64 act_reps=1 wei_reps=1 ncontexts=1 context_cnt=0 act_cnt_en=0 wei_cnt_en=0 act_pop_en=1 wei_pop_en=1 psm_start=0 shift_done=0 done=0 cscnt_q=0 pop_shim_q2=1 cdone_q=0 o_cswitch_done_val=0 o_cdone_val=0
[CTRL DEBUG] cycle=82104 state=6 start=0 incntlim=64 act_reps=1 wei_reps=1 ncontexts=1 context_cnt=0 act_cnt_en=0 wei_cnt_en=0 act_pop_en=1 wei_pop_en=1 psm_start=0 shift_done=0 done=0 cscnt_q=0 pop_shim_q2=1 cdone_q=0 o_cswitch_done_val=0 o_cdone_val=0
[CTRL DEBUG] cycle=82104 state=6 start=0 incntlim=64 act_reps=1 wei_reps=1 ncontexts=1 context_cnt=0 act_cnt_en=0 wei_cnt_en=0 act_pop_en=1 wei_pop_en=1 psm_start=0 shift_done=0 done=0 cscnt_q=0 pop_shim_q2=1 cdone_q=0 o_cswitch_done_val=0 o_cdone_val=0
[CTRL DEBUG] cycle=82105 state=6 start=0 incntlim=64 act_reps=1 wei_reps=1 ncontexts=1 context_cnt=0 act_cnt_en=0 wei_cnt_en=0 act_pop_en=1 wei_pop_en=1 psm_start=0 shift_done=0 done=0 cscnt_q=0 pop_shim_q2=1 cdone_q=0 o_cswitch_done_val=0 o_cdone_val=0
[CTRL TAIL DRAIN] cycle=82105 drain_cycles=56 limit=56
[CTRL TAIL DRAIN DONE] cycle=82105 drain_cycles=56
[CTRL DEBUG] cycle=82105 state=6 start=0 incntlim=64 act_reps=1 wei_reps=1 ncontexts=1 context_cnt=0 act_cnt_en=0 wei_cnt_en=0 act_pop_en=1 wei_pop_en=1 psm_start=0 shift_done=0 done=0 cscnt_q=0 pop_shim_q2=1 cdone_q=0 o_cswitch_done_val=0 o_cdone_val=0
[CTRL TAIL DRAIN] cycle=82105 drain_cycles=56 limit=56
[CTRL TAIL DRAIN DONE] cycle=82105 drain_cycles=56
[CTRL DEBUG] cycle=82105 state=6 start=0 incntlim=64 act_reps=1 wei_reps=1 ncontexts=1 context_cnt=0 act_cnt_en=0 wei_cnt_en=0 act_pop_en=1 wei_pop_en=1 psm_start=0 shift_done=0 done=0 cscnt_q=0 pop_shim_q2=1 cdone_q=0 o_cswitch_done_val=0 o_cdone_val=0
[CTRL TAIL DRAIN] cycle=82105 drain_cycles=56 limit=56
[CTRL TAIL DRAIN DONE] cycle=82105 drain_cycles=56
[CTRL DEBUG] cycle=82105 state=6 start=0 incntlim=64 act_reps=1 wei_reps=1 ncontexts=1 context_cnt=0 act_cnt_en=0 wei_cnt_en=0 act_pop_en=1 wei_pop_en=1 psm_start=0 shift_done=0 done=0 cscnt_q=0 pop_shim_q2=1 cdone_q=0 o_cswitch_done_val=0 o_cdone_val=0
[CTRL TAIL DRAIN] cycle=82105 drain_cycles=56 limit=56
[CTRL TAIL DRAIN DONE] cycle=82105 drain_cycles=56
[CTRL DEBUG] cycle=82105 state=6 start=0 incntlim=64 act_reps=1 wei_reps=1 ncontexts=1 context_cnt=0 act_cnt_en=0 wei_cnt_en=0 act_pop_en=1 wei_pop_en=1 psm_start=0 shift_done=0 done=0 cscnt_q=0 pop_shim_q2=1 cdone_q=0 o_cswitch_done_val=0 o_cdone_val=0
[CTRL TAIL DRAIN] cycle=82105 drain_cycles=56 limit=56
[CTRL TAIL DRAIN DONE] cycle=82105 drain_cycles=56
[CTRL DEBUG] cycle=82105 state=6 start=0 incntlim=64 act_reps=1 wei_reps=1 ncontexts=1 context_cnt=0 act_cnt_en=0 wei_cnt_en=0 act_pop_en=1 wei_pop_en=1 psm_start=0 shift_done=0 done=0 cscnt_q=0 pop_shim_q2=1 cdone_q=0 o_cswitch_done_val=0 o_cdone_val=0
[CTRL TAIL DRAIN] cycle=82105 drain_cycles=56 limit=56
[CTRL TAIL DRAIN DONE] cycle=82105 drain_cycles=56
[CTRL DEBUG] cycle=82106 state=20 start=0 incntlim=64 act_reps=1 wei_reps=1 ncontexts=1 context_cnt=0 act_cnt_en=0 wei_cnt_en=0 act_pop_en=1 wei_pop_en=1 psm_start=0 shift_done=0 done=0 cscnt_q=0 pop_shim_q2=1 cdone_q=0 o_cswitch_done_val=0 o_cdone_val=0
[CTRL DEBUG] cycle=82106 state=20 start=0 incntlim=64 act_reps=1 wei_reps=1 ncontexts=1 context_cnt=0 act_cnt_en=0 wei_cnt_en=0 act_pop_en=1 wei_pop_en=1 psm_start=0 shift_done=0 done=0 cscnt_q=0 pop_shim_q2=1 cdone_q=0 o_cswitch_done_val=0 o_cdone_val=0
[CTRL DEBUG] cycle=82106 state=20 start=0 incntlim=64 act_reps=1 wei_reps=1 ncontexts=1 context_cnt=0 act_cnt_en=0 wei_cnt_en=0 act_pop_en=1 wei_pop_en=1 psm_start=0 shift_done=0 done=0 cscnt_q=0 pop_shim_q2=1 cdone_q=0 o_cswitch_done_val=0 o_cdone_val=0
[CTRL DEBUG] cycle=82106 state=20 start=0 incntlim=64 act_reps=1 wei_reps=1 ncontexts=1 context_cnt=0 act_cnt_en=0 wei_cnt_en=0 act_pop_en=1 wei_pop_en=1 psm_start=0 shift_done=0 done=0 cscnt_q=0 pop_shim_q2=1 cdone_q=0 o_cswitch_done_val=0 o_cdone_val=0
[CTRL DEBUG] cycle=82106 state=20 start=0 incntlim=64 act_reps=1 wei_reps=1 ncontexts=1 context_cnt=0 act_cnt_en=0 wei_cnt_en=0 act_pop_en=1 wei_pop_en=1 psm_start=0 shift_done=0 done=0 cscnt_q=0 pop_shim_q2=1 cdone_q=0 o_cswitch_done_val=0 o_cdone_val=0
[CTRL DEBUG] cycle=82106 state=20 start=0 incntlim=64 act_reps=1 wei_reps=1 ncontexts=1 context_cnt=0 act_cnt_en=0 wei_cnt_en=0 act_pop_en=1 wei_pop_en=1 psm_start=0 shift_done=0 done=0 cscnt_q=0 pop_shim_q2=1 cdone_q=0 o_cswitch_done_val=0 o_cdone_val=0
[CTRL DEBUG] cycle=82107 state=8 start=0 incntlim=64 act_reps=1 wei_reps=1 ncontexts=1 context_cnt=0 act_cnt_en=0 wei_cnt_en=0 act_pop_en=0 wei_pop_en=0 psm_start=0 shift_done=0 done=0 cscnt_q=0 pop_shim_q2=1 cdone_q=0 o_cswitch_done_val=0 o_cdone_val=0
[CTRL DEBUG] cycle=82107 state=8 start=0 incntlim=64 act_reps=1 wei_reps=1 ncontexts=1 context_cnt=0 act_cnt_en=0 wei_cnt_en=0 act_pop_en=0 wei_pop_en=0 psm_start=0 shift_done=0 done=0 cscnt_q=0 pop_shim_q2=1 cdone_q=0 o_cswitch_done_val=0 o_cdone_val=0
[CTRL DEBUG] cycle=82107 state=8 start=0 incntlim=64 act_reps=1 wei_reps=1 ncontexts=1 context_cnt=0 act_cnt_en=0 wei_cnt_en=0 act_pop_en=0 wei_pop_en=0 psm_start=0 shift_done=0 done=0 cscnt_q=0 pop_shim_q2=1 cdone_q=0 o_cswitch_done_val=0 o_cdone_val=0
[CTRL DEBUG] cycle=82107 state=8 start=0 incntlim=64 act_reps=1 wei_reps=1 ncontexts=1 context_cnt=0 act_cnt_en=0 wei_cnt_en=0 act_pop_en=0 wei_pop_en=0 psm_start=0 shift_done=0 done=0 cscnt_q=0 pop_shim_q2=1 cdone_q=0 o_cswitch_done_val=0 o_cdone_val=0
[CTRL DEBUG] cycle=82107 state=8 start=0 incntlim=64 act_reps=1 wei_reps=1 ncontexts=1 context_cnt=0 act_cnt_en=0 wei_cnt_en=0 act_pop_en=0 wei_pop_en=0 psm_start=0 shift_done=0 done=0 cscnt_q=0 pop_shim_q2=1 cdone_q=0 o_cswitch_done_val=0 o_cdone_val=0
[CTRL DEBUG] cycle=82107 state=8 start=0 incntlim=64 act_reps=1 wei_reps=1 ncontexts=1 context_cnt=0 act_cnt_en=0 wei_cnt_en=0 act_pop_en=0 wei_pop_en=0 psm_start=0 shift_done=0 done=0 cscnt_q=0 pop_shim_q2=1 cdone_q=0 o_cswitch_done_val=0 o_cdone_val=0
[CTRL DEBUG] cycle=82108 state=8 start=0 incntlim=64 act_reps=1 wei_reps=1 ncontexts=1 context_cnt=0 act_cnt_en=0 wei_cnt_en=0 act_pop_en=0 wei_pop_en=0 psm_start=0 shift_done=0 done=0 cscnt_q=0 pop_shim_q2=1 cdone_q=0 o_cswitch_done_val=0 o_cdone_val=0
[CTRL DEBUG] cycle=82108 state=8 start=0 incntlim=64 act_reps=1 wei_reps=1 ncontexts=1 context_cnt=0 act_cnt_en=0 wei_cnt_en=0 act_pop_en=0 wei_pop_en=0 psm_start=0 shift_done=0 done=0 cscnt_q=0 pop_shim_q2=1 cdone_q=0 o_cswitch_done_val=0 o_cdone_val=0
[CTRL DEBUG] cycle=82108 state=8 start=0 incntlim=64 act_reps=1 wei_reps=1 ncontexts=1 context_cnt=0 act_cnt_en=0 wei_cnt_en=0 act_pop_en=0 wei_pop_en=0 psm_start=0 shift_done=0 done=0 cscnt_q=0 pop_shim_q2=1 cdone_q=0 o_cswitch_done_val=0 o_cdone_val=0
[CTRL DEBUG] cycle=82108 state=8 start=0 incntlim=64 act_reps=1 wei_reps=1 ncontexts=1 context_cnt=0 act_cnt_en=0 wei_cnt_en=0 act_pop_en=0 wei_pop_en=0 psm_start=0 shift_done=0 done=0 cscnt_q=0 pop_shim_q2=1 cdone_q=0 o_cswitch_done_val=0 o_cdone_val=0
[CTRL DEBUG] cycle=82108 state=8 start=0 incntlim=64 act_reps=1 wei_reps=1 ncontexts=1 context_cnt=0 act_cnt_en=0 wei_cnt_en=0 act_pop_en=0 wei_pop_en=0 psm_start=0 shift_done=0 done=0 cscnt_q=0 pop_shim_q2=1 cdone_q=0 o_cswitch_done_val=0 o_cdone_val=0
[CTRL DEBUG] cycle=82108 state=8 start=0 incntlim=64 act_reps=1 wei_reps=1 ncontexts=1 context_cnt=0 act_cnt_en=0 wei_cnt_en=0 act_pop_en=0 wei_pop_en=0 psm_start=0 shift_done=0 done=0 cscnt_q=0 pop_shim_q2=1 cdone_q=0 o_cswitch_done_val=0 o_cdone_val=0
[CTRL DEBUG] cycle=82109 state=8 start=0 incntlim=64 act_reps=1 wei_reps=1 ncontexts=1 context_cnt=0 act_cnt_en=0 wei_cnt_en=0 act_pop_en=0 wei_pop_en=0 psm_start=0 shift_done=0 done=0 cscnt_q=0 pop_shim_q2=1 cdone_q=0 o_cswitch_done_val=0 o_cdone_val=0
[CTRL DEBUG] cycle=82109 state=8 start=0 incntlim=64 act_reps=1 wei_reps=1 ncontexts=1 context_cnt=0 act_cnt_en=0 wei_cnt_en=0 act_pop_en=0 wei_pop_en=0 psm_start=0 shift_done=0 done=0 cscnt_q=0 pop_shim_q2=1 cdone_q=0 o_cswitch_done_val=0 o_cdone_val=0
[CTRL DEBUG] cycle=82109 state=8 start=0 incntlim=64 act_reps=1 wei_reps=1 ncontexts=1 context_cnt=0 act_cnt_en=0 wei_cnt_en=0 act_pop_en=0 wei_pop_en=0 psm_start=0 shift_done=0 done=0 cscnt_q=0 pop_shim_q2=1 cdone_q=0 o_cswitch_done_val=0 o_cdone_val=0
[CTRL DEBUG] cycle=82109 state=8 start=0 incntlim=64 act_reps=1 wei_reps=1 ncontexts=1 context_cnt=0 act_cnt_en=0 wei_cnt_en=0 act_pop_en=0 wei_pop_en=0 psm_start=0 shift_done=0 done=0 cscnt_q=0 pop_shim_q2=1 cdone_q=0 o_cswitch_done_val=0 o_cdone_val=0
[CTRL DEBUG] cycle=82109 state=8 start=0 incntlim=64 act_reps=1 wei_reps=1 ncontexts=1 context_cnt=0 act_cnt_en=0 wei_cnt_en=0 act_pop_en=0 wei_pop_en=0 psm_start=0 shift_done=0 done=0 cscnt_q=0 pop_shim_q2=1 cdone_q=0 o_cswitch_done_val=0 o_cdone_val=0
[CTRL DEBUG] cycle=82109 state=8 start=0 incntlim=64 act_reps=1 wei_reps=1 ncontexts=1 context_cnt=0 act_cnt_en=0 wei_cnt_en=0 act_pop_en=0 wei_pop_en=0 psm_start=0 shift_done=0 done=0 cscnt_q=0 pop_shim_q2=1 cdone_q=0 o_cswitch_done_val=0 o_cdone_val=0
[CTRL DEBUG] cycle=82110 state=8 start=0 incntlim=64 act_reps=1 wei_reps=1 ncontexts=1 context_cnt=0 act_cnt_en=0 wei_cnt_en=0 act_pop_en=0 wei_pop_en=0 psm_start=0 shift_done=0 done=0 cscnt_q=0 pop_shim_q2=1 cdone_q=0 o_cswitch_done_val=0 o_cdone_val=0
[CTRL DEBUG] cycle=82110 state=8 start=0 incntlim=64 act_reps=1 wei_reps=1 ncontexts=1 context_cnt=0 act_cnt_en=0 wei_cnt_en=0 act_pop_en=0 wei_pop_en=0 psm_start=0 shift_done=0 done=0 cscnt_q=0 pop_shim_q2=1 cdone_q=0 o_cswitch_done_val=0 o_cdone_val=0
[CTRL DEBUG] cycle=82110 state=8 start=0 incntlim=64 act_reps=1 wei_reps=1 ncontexts=1 context_cnt=0 act_cnt_en=0 wei_cnt_en=0 act_pop_en=0 wei_pop_en=0 psm_start=0 shift_done=0 done=0 cscnt_q=0 pop_shim_q2=1 cdone_q=0 o_cswitch_done_val=0 o_cdone_val=0
[CTRL DEBUG] cycle=82110 state=8 start=0 incntlim=64 act_reps=1 wei_reps=1 ncontexts=1 context_cnt=0 act_cnt_en=0 wei_cnt_en=0 act_pop_en=0 wei_pop_en=0 psm_start=0 shift_done=0 done=0 cscnt_q=0 pop_shim_q2=1 cdone_q=0 o_cswitch_done_val=0 o_cdone_val=0
[CTRL DEBUG] cycle=82110 state=8 start=0 incntlim=64 act_reps=1 wei_reps=1 ncontexts=1 context_cnt=0 act_cnt_en=0 wei_cnt_en=0 act_pop_en=0 wei_pop_en=0 psm_start=0 shift_done=0 done=0 cscnt_q=0 pop_shim_q2=1 cdone_q=0 o_cswitch_done_val=0 o_cdone_val=0
[CTRL DEBUG] cycle=82110 state=8 start=0 incntlim=64 act_reps=1 wei_reps=1 ncontexts=1 context_cnt=0 act_cnt_en=0 wei_cnt_en=0 act_pop_en=0 wei_pop_en=0 psm_start=0 shift_done=0 done=0 cscnt_q=0 pop_shim_q2=1 cdone_q=0 o_cswitch_done_val=0 o_cdone_val=0
[CTRL DEBUG] cycle=82111 state=8 start=0 incntlim=64 act_reps=1 wei_reps=1 ncontexts=1 context_cnt=0 act_cnt_en=0 wei_cnt_en=0 act_pop_en=0 wei_pop_en=0 psm_start=0 shift_done=0 done=0 cscnt_q=0 pop_shim_q2=1 cdone_q=0 o_cswitch_done_val=0 o_cdone_val=0
[CTRL DEBUG] cycle=82111 state=8 start=0 incntlim=64 act_reps=1 wei_reps=1 ncontexts=1 context_cnt=0 act_cnt_en=0 wei_cnt_en=0 act_pop_en=0 wei_pop_en=0 psm_start=0 shift_done=0 done=0 cscnt_q=0 pop_shim_q2=1 cdone_q=0 o_cswitch_done_val=0 o_cdone_val=0
[CTRL DEBUG] cycle=82111 state=8 start=0 incntlim=64 act_reps=1 wei_reps=1 ncontexts=1 context_cnt=0 act_cnt_en=0 wei_cnt_en=0 act_pop_en=0 wei_pop_en=0 psm_start=0 shift_done=0 done=0 cscnt_q=0 pop_shim_q2=1 cdone_q=0 o_cswitch_done_val=0 o_cdone_val=0
[CTRL DEBUG] cycle=82111 state=8 start=0 incntlim=64 act_reps=1 wei_reps=1 ncontexts=1 context_cnt=0 act_cnt_en=0 wei_cnt_en=0 act_pop_en=0 wei_pop_en=0 psm_start=0 shift_done=0 done=0 cscnt_q=0 pop_shim_q2=1 cdone_q=0 o_cswitch_done_val=0 o_cdone_val=0
[CTRL DEBUG] cycle=82111 state=8 start=0 incntlim=64 act_reps=1 wei_reps=1 ncontexts=1 context_cnt=0 act_cnt_en=0 wei_cnt_en=0 act_pop_en=0 wei_pop_en=0 psm_start=0 shift_done=0 done=0 cscnt_q=0 pop_shim_q2=1 cdone_q=0 o_cswitch_done_val=0 o_cdone_val=0
[CTRL DEBUG] cycle=82111 state=8 start=0 incntlim=64 act_reps=1 wei_reps=1 ncontexts=1 context_cnt=0 act_cnt_en=0 wei_cnt_en=0 act_pop_en=0 wei_pop_en=0 psm_start=0 shift_done=0 done=0 cscnt_q=0 pop_shim_q2=1 cdone_q=0 o_cswitch_done_val=0 o_cdone_val=0
[CTRL DEBUG] cycle=82112 state=8 start=0 incntlim=64 act_reps=1 wei_reps=1 ncontexts=1 context_cnt=0 act_cnt_en=0 wei_cnt_en=0 act_pop_en=0 wei_pop_en=0 psm_start=0 shift_done=0 done=0 cscnt_q=0 pop_shim_q2=1 cdone_q=0 o_cswitch_done_val=0 o_cdone_val=0
[CTRL DEBUG] cycle=82112 state=8 start=0 incntlim=64 act_reps=1 wei_reps=1 ncontexts=1 context_cnt=0 act_cnt_en=0 wei_cnt_en=0 act_pop_en=0 wei_pop_en=0 psm_start=0 shift_done=0 done=0 cscnt_q=0 pop_shim_q2=1 cdone_q=0 o_cswitch_done_val=0 o_cdone_val=0
[CTRL DEBUG] cycle=82112 state=8 start=0 incntlim=64 act_reps=1 wei_reps=1 ncontexts=1 context_cnt=0 act_cnt_en=0 wei_cnt_en=0 act_pop_en=0 wei_pop_en=0 psm_start=0 shift_done=0 done=0 cscnt_q=0 pop_shim_q2=1 cdone_q=0 o_cswitch_done_val=0 o_cdone_val=0
[CTRL DEBUG] cycle=82112 state=8 start=0 incntlim=64 act_reps=1 wei_reps=1 ncontexts=1 context_cnt=0 act_cnt_en=0 wei_cnt_en=0 act_pop_en=0 wei_pop_en=0 psm_start=0 shift_done=0 done=0 cscnt_q=0 pop_shim_q2=1 cdone_q=0 o_cswitch_done_val=0 o_cdone_val=0
[CTRL DEBUG] cycle=82112 state=8 start=0 incntlim=64 act_reps=1 wei_reps=1 ncontexts=1 context_cnt=0 act_cnt_en=0 wei_cnt_en=0 act_pop_en=0 wei_pop_en=0 psm_start=0 shift_done=0 done=0 cscnt_q=0 pop_shim_q2=1 cdone_q=0 o_cswitch_done_val=0 o_cdone_val=0
[CTRL DEBUG] cycle=82112 state=8 start=0 incntlim=64 act_reps=1 wei_reps=1 ncontexts=1 context_cnt=0 act_cnt_en=0 wei_cnt_en=0 act_pop_en=0 wei_pop_en=0 psm_start=0 shift_done=0 done=0 cscnt_q=0 pop_shim_q2=1 cdone_q=0 o_cswitch_done_val=0 o_cdone_val=0
[CTRL DEBUG] cycle=82113 state=8 start=0 incntlim=64 act_reps=1 wei_reps=1 ncontexts=1 context_cnt=0 act_cnt_en=0 wei_cnt_en=0 act_pop_en=0 wei_pop_en=0 psm_start=0 shift_done=0 done=0 cscnt_q=0 pop_shim_q2=1 cdone_q=0 o_cswitch_done_val=0 o_cdone_val=0
[CTRL DEBUG] cycle=82113 state=8 start=0 incntlim=64 act_reps=1 wei_reps=1 ncontexts=1 context_cnt=0 act_cnt_en=0 wei_cnt_en=0 act_pop_en=0 wei_pop_en=0 psm_start=0 shift_done=0 done=0 cscnt_q=0 pop_shim_q2=1 cdone_q=0 o_cswitch_done_val=0 o_cdone_val=0
[CTRL DEBUG] cycle=82113 state=8 start=0 incntlim=64 act_reps=1 wei_reps=1 ncontexts=1 context_cnt=0 act_cnt_en=0 wei_cnt_en=0 act_pop_en=0 wei_pop_en=0 psm_start=0 shift_done=0 done=0 cscnt_q=0 pop_shim_q2=1 cdone_q=0 o_cswitch_done_val=0 o_cdone_val=0
[CTRL DEBUG] cycle=82113 state=8 start=0 incntlim=64 act_reps=1 wei_reps=1 ncontexts=1 context_cnt=0 act_cnt_en=0 wei_cnt_en=0 act_pop_en=0 wei_pop_en=0 psm_start=0 shift_done=0 done=0 cscnt_q=0 pop_shim_q2=1 cdone_q=0 o_cswitch_done_val=0 o_cdone_val=0
[CTRL DEBUG] cycle=82113 state=8 start=0 incntlim=64 act_reps=1 wei_reps=1 ncontexts=1 context_cnt=0 act_cnt_en=0 wei_cnt_en=0 act_pop_en=0 wei_pop_en=0 psm_start=0 shift_done=0 done=0 cscnt_q=0 pop_shim_q2=1 cdone_q=0 o_cswitch_done_val=0 o_cdone_val=0
[CTRL DEBUG] cycle=82113 state=8 start=0 incntlim=64 act_reps=1 wei_reps=1 ncontexts=1 context_cnt=0 act_cnt_en=0 wei_cnt_en=0 act_pop_en=0 wei_pop_en=0 psm_start=0 shift_done=0 done=0 cscnt_q=0 pop_shim_q2=1 cdone_q=0 o_cswitch_done_val=0 o_cdone_val=0
[CTRL DEBUG] cycle=82114 state=8 start=0 incntlim=64 act_reps=1 wei_reps=1 ncontexts=1 context_cnt=0 act_cnt_en=0 wei_cnt_en=0 act_pop_en=0 wei_pop_en=0 psm_start=0 shift_done=0 done=0 cscnt_q=0 pop_shim_q2=1 cdone_q=0 o_cswitch_done_val=0 o_cdone_val=0
[CTRL WAIT CSWITCH] cycle=82114 wait=8 limit=64
[CTRL DEBUG] cycle=82114 state=8 start=0 incntlim=64 act_reps=1 wei_reps=1 ncontexts=1 context_cnt=0 act_cnt_en=0 wei_cnt_en=0 act_pop_en=0 wei_pop_en=0 psm_start=0 shift_done=0 done=0 cscnt_q=0 pop_shim_q2=1 cdone_q=0 o_cswitch_done_val=0 o_cdone_val=0
[CTRL WAIT CSWITCH] cycle=82114 wait=8 limit=64
[CTRL DEBUG] cycle=82114 state=8 start=0 incntlim=64 act_reps=1 wei_reps=1 ncontexts=1 context_cnt=0 act_cnt_en=0 wei_cnt_en=0 act_pop_en=0 wei_pop_en=0 psm_start=0 shift_done=0 done=0 cscnt_q=0 pop_shim_q2=1 cdone_q=0 o_cswitch_done_val=0 o_cdone_val=0
[CTRL WAIT CSWITCH] cycle=82114 wait=8 limit=64
[CTRL DEBUG] cycle=82114 state=8 start=0 incntlim=64 act_reps=1 wei_reps=1 ncontexts=1 context_cnt=0 act_cnt_en=0 wei_cnt_en=0 act_pop_en=0 wei_pop_en=0 psm_start=0 shift_done=0 done=0 cscnt_q=0 pop_shim_q2=1 cdone_q=0 o_cswitch_done_val=0 o_cdone_val=0
[CTRL WAIT CSWITCH] cycle=82114 wait=8 limit=64
[CTRL DEBUG] cycle=82114 state=8 start=0 incntlim=64 act_reps=1 wei_reps=1 ncontexts=1 context_cnt=0 act_cnt_en=0 wei_cnt_en=0 act_pop_en=0 wei_pop_en=0 psm_start=0 shift_done=0 done=0 cscnt_q=0 pop_shim_q2=1 cdone_q=0 o_cswitch_done_val=0 o_cdone_val=0
[CTRL WAIT CSWITCH] cycle=82114 wait=8 limit=64
[CTRL DEBUG] cycle=82114 state=8 start=0 incntlim=64 act_reps=1 wei_reps=1 ncontexts=1 context_cnt=0 act_cnt_en=0 wei_cnt_en=0 act_pop_en=0 wei_pop_en=0 psm_start=0 shift_done=0 done=0 cscnt_q=0 pop_shim_q2=1 cdone_q=0 o_cswitch_done_val=0 o_cdone_val=0
[CTRL WAIT CSWITCH] cycle=82114 wait=8 limit=64
[CTRL DEBUG] cycle=82115 state=8 start=0 incntlim=64 act_reps=1 wei_reps=1 ncontexts=1 context_cnt=0 act_cnt_en=0 wei_cnt_en=0 act_pop_en=0 wei_pop_en=0 psm_start=0 shift_done=0 done=0 cscnt_q=0 pop_shim_q2=1 cdone_q=0 o_cswitch_done_val=0 o_cdone_val=0
[CTRL DEBUG] cycle=82115 state=8 start=0 incntlim=64 act_reps=1 wei_reps=1 ncontexts=1 context_cnt=0 act_cnt_en=0 wei_cnt_en=0 act_pop_en=0 wei_pop_en=0 psm_start=0 shift_done=0 done=0 cscnt_q=0 pop_shim_q2=1 cdone_q=0 o_cswitch_done_val=0 o_cdone_val=0
[CTRL DEBUG] cycle=82115 state=8 start=0 incntlim=64 act_reps=1 wei_reps=1 ncontexts=1 context_cnt=0 act_cnt_en=0 wei_cnt_en=0 act_pop_en=0 wei_pop_en=0 psm_start=0 shift_done=0 done=0 cscnt_q=0 pop_shim_q2=1 cdone_q=0 o_cswitch_done_val=0 o_cdone_val=0
[CTRL DEBUG] cycle=82115 state=8 start=0 incntlim=64 act_reps=1 wei_reps=1 ncontexts=1 context_cnt=0 act_cnt_en=0 wei_cnt_en=0 act_pop_en=0 wei_pop_en=0 psm_start=0 shift_done=0 done=0 cscnt_q=0 pop_shim_q2=1 cdone_q=0 o_cswitch_done_val=0 o_cdone_val=0
[CTRL DEBUG] cycle=82115 state=8 start=0 incntlim=64 act_reps=1 wei_reps=1 ncontexts=1 context_cnt=0 act_cnt_en=0 wei_cnt_en=0 act_pop_en=0 wei_pop_en=0 psm_start=0 shift_done=0 done=0 cscnt_q=0 pop_shim_q2=1 cdone_q=0 o_cswitch_done_val=0 o_cdone_val=0
[CTRL DEBUG] cycle=82115 state=8 start=0 incntlim=64 act_reps=1 wei_reps=1 ncontexts=1 context_cnt=0 act_cnt_en=0 wei_cnt_en=0 act_pop_en=0 wei_pop_en=0 psm_start=0 shift_done=0 done=0 cscnt_q=0 pop_shim_q2=1 cdone_q=0 o_cswitch_done_val=0 o_cdone_val=0
[CTRL DEBUG] cycle=82116 state=8 start=0 incntlim=64 act_reps=1 wei_reps=1 ncontexts=1 context_cnt=0 act_cnt_en=0 wei_cnt_en=0 act_pop_en=0 wei_pop_en=0 psm_start=0 shift_done=0 done=0 cscnt_q=0 pop_shim_q2=1 cdone_q=1 o_cswitch_done_val=0 o_cdone_val=0
[CTRL DEBUG] cycle=82116 state=8 start=0 incntlim=64 act_reps=1 wei_reps=1 ncontexts=1 context_cnt=0 act_cnt_en=0 wei_cnt_en=0 act_pop_en=0 wei_pop_en=0 psm_start=0 shift_done=0 done=0 cscnt_q=0 pop_shim_q2=1 cdone_q=1 o_cswitch_done_val=0 o_cdone_val=0
[CTRL DEBUG] cycle=82116 state=8 start=0 incntlim=64 act_reps=1 wei_reps=1 ncontexts=1 context_cnt=0 act_cnt_en=0 wei_cnt_en=0 act_pop_en=0 wei_pop_en=0 psm_start=0 shift_done=0 done=0 cscnt_q=0 pop_shim_q2=1 cdone_q=1 o_cswitch_done_val=0 o_cdone_val=0
[CTRL DEBUG] cycle=82116 state=8 start=0 incntlim=64 act_reps=1 wei_reps=1 ncontexts=1 context_cnt=0 act_cnt_en=0 wei_cnt_en=0 act_pop_en=0 wei_pop_en=0 psm_start=0 shift_done=0 done=0 cscnt_q=0 pop_shim_q2=1 cdone_q=1 o_cswitch_done_val=0 o_cdone_val=0
[CTRL DEBUG] cycle=82116 state=8 start=0 incntlim=64 act_reps=1 wei_reps=1 ncontexts=1 context_cnt=0 act_cnt_en=0 wei_cnt_en=0 act_pop_en=0 wei_pop_en=0 psm_start=0 shift_done=0 done=0 cscnt_q=0 pop_shim_q2=1 cdone_q=1 o_cswitch_done_val=0 o_cdone_val=0
[CTRL DEBUG] cycle=82116 state=8 start=0 incntlim=64 act_reps=1 wei_reps=1 ncontexts=1 context_cnt=0 act_cnt_en=0 wei_cnt_en=0 act_pop_en=0 wei_pop_en=0 psm_start=0 shift_done=0 done=0 cscnt_q=0 pop_shim_q2=1 cdone_q=1 o_cswitch_done_val=0 o_cdone_val=0
[CTRL DEBUG] cycle=82117 state=8 start=0 incntlim=64 act_reps=1 wei_reps=1 ncontexts=1 context_cnt=0 act_cnt_en=0 wei_cnt_en=0 act_pop_en=0 wei_pop_en=0 psm_start=0 shift_done=0 done=0 cscnt_q=1 pop_shim_q2=1 cdone_q=0 o_cswitch_done_val=0 o_cdone_val=1
[CTRL DEBUG] cycle=82117 state=8 start=0 incntlim=64 act_reps=1 wei_reps=1 ncontexts=1 context_cnt=0 act_cnt_en=0 wei_cnt_en=0 act_pop_en=0 wei_pop_en=0 psm_start=0 shift_done=0 done=0 cscnt_q=1 pop_shim_q2=1 cdone_q=0 o_cswitch_done_val=0 o_cdone_val=1
[CTRL DEBUG] cycle=82117 state=8 start=0 incntlim=64 act_reps=1 wei_reps=1 ncontexts=1 context_cnt=0 act_cnt_en=0 wei_cnt_en=0 act_pop_en=0 wei_pop_en=0 psm_start=0 shift_done=0 done=0 cscnt_q=1 pop_shim_q2=1 cdone_q=0 o_cswitch_done_val=0 o_cdone_val=1
[CTRL DEBUG] cycle=82117 state=8 start=0 incntlim=64 act_reps=1 wei_reps=1 ncontexts=1 context_cnt=0 act_cnt_en=0 wei_cnt_en=0 act_pop_en=0 wei_pop_en=0 psm_start=0 shift_done=0 done=0 cscnt_q=1 pop_shim_q2=1 cdone_q=0 o_cswitch_done_val=0 o_cdone_val=1
[CTRL DEBUG] cycle=82117 state=8 start=0 incntlim=64 act_reps=1 wei_reps=1 ncontexts=1 context_cnt=0 act_cnt_en=0 wei_cnt_en=0 act_pop_en=0 wei_pop_en=0 psm_start=0 shift_done=0 done=0 cscnt_q=1 pop_shim_q2=1 cdone_q=0 o_cswitch_done_val=0 o_cdone_val=1
[CTRL DEBUG] cycle=82117 state=8 start=0 incntlim=64 act_reps=1 wei_reps=1 ncontexts=1 context_cnt=0 act_cnt_en=0 wei_cnt_en=0 act_pop_en=0 wei_pop_en=0 psm_start=0 shift_done=0 done=0 cscnt_q=1 pop_shim_q2=1 cdone_q=0 o_cswitch_done_val=0 o_cdone_val=1
[CTRL DEBUG] cycle=82118 state=8 start=0 incntlim=64 act_reps=1 wei_reps=1 ncontexts=1 context_cnt=0 act_cnt_en=0 wei_cnt_en=0 act_pop_en=0 wei_pop_en=0 psm_start=0 shift_done=0 done=0 cscnt_q=2 pop_shim_q2=1 cdone_q=0 o_cswitch_done_val=0 o_cdone_val=0
[CTRL DEBUG] cycle=82118 state=8 start=0 incntlim=64 act_reps=1 wei_reps=1 ncontexts=1 context_cnt=0 act_cnt_en=0 wei_cnt_en=0 act_pop_en=0 wei_pop_en=0 psm_start=0 shift_done=0 done=0 cscnt_q=2 pop_shim_q2=1 cdone_q=0 o_cswitch_done_val=0 o_cdone_val=0
[CTRL DEBUG] cycle=82118 state=8 start=0 incntlim=64 act_reps=1 wei_reps=1 ncontexts=1 context_cnt=0 act_cnt_en=0 wei_cnt_en=0 act_pop_en=0 wei_pop_en=0 psm_start=0 shift_done=0 done=0 cscnt_q=2 pop_shim_q2=1 cdone_q=0 o_cswitch_done_val=0 o_cdone_val=0
[CTRL DEBUG] cycle=82118 state=8 start=0 incntlim=64 act_reps=1 wei_reps=1 ncontexts=1 context_cnt=0 act_cnt_en=0 wei_cnt_en=0 act_pop_en=0 wei_pop_en=0 psm_start=0 shift_done=0 done=0 cscnt_q=2 pop_shim_q2=1 cdone_q=0 o_cswitch_done_val=0 o_cdone_val=0
[CTRL DEBUG] cycle=82118 state=8 start=0 incntlim=64 act_reps=1 wei_reps=1 ncontexts=1 context_cnt=0 act_cnt_en=0 wei_cnt_en=0 act_pop_en=0 wei_pop_en=0 psm_start=0 shift_done=0 done=0 cscnt_q=2 pop_shim_q2=1 cdone_q=0 o_cswitch_done_val=0 o_cdone_val=0
[CTRL DEBUG] cycle=82118 state=8 start=0 incntlim=64 act_reps=1 wei_reps=1 ncontexts=1 context_cnt=0 act_cnt_en=0 wei_cnt_en=0 act_pop_en=0 wei_pop_en=0 psm_start=0 shift_done=0 done=0 cscnt_q=2 pop_shim_q2=1 cdone_q=0 o_cswitch_done_val=0 o_cdone_val=0
[CTRL DEBUG] cycle=82119 state=8 start=0 incntlim=64 act_reps=1 wei_reps=1 ncontexts=1 context_cnt=0 act_cnt_en=0 wei_cnt_en=0 act_pop_en=0 wei_pop_en=0 psm_start=0 shift_done=0 done=0 cscnt_q=3 pop_shim_q2=1 cdone_q=0 o_cswitch_done_val=0 o_cdone_val=0
[CTRL DEBUG] cycle=82119 state=8 start=0 incntlim=64 act_reps=1 wei_reps=1 ncontexts=1 context_cnt=0 act_cnt_en=0 wei_cnt_en=0 act_pop_en=0 wei_pop_en=0 psm_start=0 shift_done=0 done=0 cscnt_q=3 pop_shim_q2=1 cdone_q=0 o_cswitch_done_val=0 o_cdone_val=0
[CTRL DEBUG] cycle=82119 state=8 start=0 incntlim=64 act_reps=1 wei_reps=1 ncontexts=1 context_cnt=0 act_cnt_en=0 wei_cnt_en=0 act_pop_en=0 wei_pop_en=0 psm_start=0 shift_done=0 done=0 cscnt_q=3 pop_shim_q2=1 cdone_q=0 o_cswitch_done_val=0 o_cdone_val=0
[CTRL DEBUG] cycle=82119 state=8 start=0 incntlim=64 act_reps=1 wei_reps=1 ncontexts=1 context_cnt=0 act_cnt_en=0 wei_cnt_en=0 act_pop_en=0 wei_pop_en=0 psm_start=0 shift_done=0 done=0 cscnt_q=3 pop_shim_q2=1 cdone_q=0 o_cswitch_done_val=0 o_cdone_val=0
[CTRL DEBUG] cycle=82119 state=8 start=0 incntlim=64 act_reps=1 wei_reps=1 ncontexts=1 context_cnt=0 act_cnt_en=0 wei_cnt_en=0 act_pop_en=0 wei_pop_en=0 psm_start=0 shift_done=0 done=0 cscnt_q=3 pop_shim_q2=1 cdone_q=0 o_cswitch_done_val=0 o_cdone_val=0
[CTRL DEBUG] cycle=82119 state=8 start=0 incntlim=64 act_reps=1 wei_reps=1 ncontexts=1 context_cnt=0 act_cnt_en=0 wei_cnt_en=0 act_pop_en=0 wei_pop_en=0 psm_start=0 shift_done=0 done=0 cscnt_q=3 pop_shim_q2=1 cdone_q=0 o_cswitch_done_val=0 o_cdone_val=0
[CTRL DEBUG] cycle=82120 state=8 start=0 incntlim=64 act_reps=1 wei_reps=1 ncontexts=1 context_cnt=0 act_cnt_en=0 wei_cnt_en=0 act_pop_en=0 wei_pop_en=0 psm_start=0 shift_done=0 done=0 cscnt_q=4 pop_shim_q2=1 cdone_q=0 o_cswitch_done_val=0 o_cdone_val=0
[CTRL DEBUG] cycle=82120 state=8 start=0 incntlim=64 act_reps=1 wei_reps=1 ncontexts=1 context_cnt=0 act_cnt_en=0 wei_cnt_en=0 act_pop_en=0 wei_pop_en=0 psm_start=0 shift_done=0 done=0 cscnt_q=4 pop_shim_q2=1 cdone_q=0 o_cswitch_done_val=0 o_cdone_val=0
[CTRL DEBUG] cycle=82120 state=8 start=0 incntlim=64 act_reps=1 wei_reps=1 ncontexts=1 context_cnt=0 act_cnt_en=0 wei_cnt_en=0 act_pop_en=0 wei_pop_en=0 psm_start=0 shift_done=0 done=0 cscnt_q=4 pop_shim_q2=1 cdone_q=0 o_cswitch_done_val=0 o_cdone_val=0
[CTRL DEBUG] cycle=82120 state=8 start=0 incntlim=64 act_reps=1 wei_reps=1 ncontexts=1 context_cnt=0 act_cnt_en=0 wei_cnt_en=0 act_pop_en=0 wei_pop_en=0 psm_start=0 shift_done=0 done=0 cscnt_q=4 pop_shim_q2=1 cdone_q=0 o_cswitch_done_val=0 o_cdone_val=0
[CTRL DEBUG] cycle=82120 state=8 start=0 incntlim=64 act_reps=1 wei_reps=1 ncontexts=1 context_cnt=0 act_cnt_en=0 wei_cnt_en=0 act_pop_en=0 wei_pop_en=0 psm_start=0 shift_done=0 done=0 cscnt_q=4 pop_shim_q2=1 cdone_q=0 o_cswitch_done_val=0 o_cdone_val=0
[CTRL DEBUG] cycle=82120 state=8 start=0 incntlim=64 act_reps=1 wei_reps=1 ncontexts=1 context_cnt=0 act_cnt_en=0 wei_cnt_en=0 act_pop_en=0 wei_pop_en=0 psm_start=0 shift_done=0 done=0 cscnt_q=4 pop_shim_q2=1 cdone_q=0 o_cswitch_done_val=0 o_cdone_val=0
[CTRL DEBUG] cycle=82121 state=8 start=0 incntlim=64 act_reps=1 wei_reps=1 ncontexts=1 context_cnt=0 act_cnt_en=0 wei_cnt_en=0 act_pop_en=0 wei_pop_en=0 psm_start=0 shift_done=0 done=0 cscnt_q=5 pop_shim_q2=1 cdone_q=0 o_cswitch_done_val=0 o_cdone_val=0
[CTRL DEBUG] cycle=82121 state=8 start=0 incntlim=64 act_reps=1 wei_reps=1 ncontexts=1 context_cnt=0 act_cnt_en=0 wei_cnt_en=0 act_pop_en=0 wei_pop_en=0 psm_start=0 shift_done=0 done=0 cscnt_q=5 pop_shim_q2=1 cdone_q=0 o_cswitch_done_val=0 o_cdone_val=0
[CTRL DEBUG] cycle=82121 state=8 start=0 incntlim=64 act_reps=1 wei_reps=1 ncontexts=1 context_cnt=0 act_cnt_en=0 wei_cnt_en=0 act_pop_en=0 wei_pop_en=0 psm_start=0 shift_done=0 done=0 cscnt_q=5 pop_shim_q2=1 cdone_q=0 o_cswitch_done_val=0 o_cdone_val=0
[CTRL DEBUG] cycle=82121 state=8 start=0 incntlim=64 act_reps=1 wei_reps=1 ncontexts=1 context_cnt=0 act_cnt_en=0 wei_cnt_en=0 act_pop_en=0 wei_pop_en=0 psm_start=0 shift_done=0 done=0 cscnt_q=5 pop_shim_q2=1 cdone_q=0 o_cswitch_done_val=0 o_cdone_val=0
[CTRL DEBUG] cycle=82121 state=8 start=0 incntlim=64 act_reps=1 wei_reps=1 ncontexts=1 context_cnt=0 act_cnt_en=0 wei_cnt_en=0 act_pop_en=0 wei_pop_en=0 psm_start=0 shift_done=0 done=0 cscnt_q=5 pop_shim_q2=1 cdone_q=0 o_cswitch_done_val=0 o_cdone_val=0
[CTRL DEBUG] cycle=82121 state=8 start=0 incntlim=64 act_reps=1 wei_reps=1 ncontexts=1 context_cnt=0 act_cnt_en=0 wei_cnt_en=0 act_pop_en=0 wei_pop_en=0 psm_start=0 shift_done=0 done=0 cscnt_q=5 pop_shim_q2=1 cdone_q=0 o_cswitch_done_val=0 o_cdone_val=0
[CTRL DEBUG] cycle=82122 state=8 start=0 incntlim=64 act_reps=1 wei_reps=1 ncontexts=1 context_cnt=0 act_cnt_en=0 wei_cnt_en=0 act_pop_en=0 wei_pop_en=0 psm_start=0 shift_done=0 done=0 cscnt_q=6 pop_shim_q2=1 cdone_q=0 o_cswitch_done_val=0 o_cdone_val=0
[CTRL WAIT CSWITCH] cycle=82122 wait=16 limit=64
[CTRL DEBUG] cycle=82122 state=8 start=0 incntlim=64 act_reps=1 wei_reps=1 ncontexts=1 context_cnt=0 act_cnt_en=0 wei_cnt_en=0 act_pop_en=0 wei_pop_en=0 psm_start=0 shift_done=0 done=0 cscnt_q=6 pop_shim_q2=1 cdone_q=0 o_cswitch_done_val=0 o_cdone_val=0
[CTRL WAIT CSWITCH] cycle=82122 wait=16 limit=64
[CTRL DEBUG] cycle=82122 state=8 start=0 incntlim=64 act_reps=1 wei_reps=1 ncontexts=1 context_cnt=0 act_cnt_en=0 wei_cnt_en=0 act_pop_en=0 wei_pop_en=0 psm_start=0 shift_done=0 done=0 cscnt_q=6 pop_shim_q2=1 cdone_q=0 o_cswitch_done_val=0 o_cdone_val=0
[CTRL WAIT CSWITCH] cycle=82122 wait=16 limit=64
[CTRL DEBUG] cycle=82122 state=8 start=0 incntlim=64 act_reps=1 wei_reps=1 ncontexts=1 context_cnt=0 act_cnt_en=0 wei_cnt_en=0 act_pop_en=0 wei_pop_en=0 psm_start=0 shift_done=0 done=0 cscnt_q=6 pop_shim_q2=1 cdone_q=0 o_cswitch_done_val=0 o_cdone_val=0
[CTRL WAIT CSWITCH] cycle=82122 wait=16 limit=64
[CTRL DEBUG] cycle=82122 state=8 start=0 incntlim=64 act_reps=1 wei_reps=1 ncontexts=1 context_cnt=0 act_cnt_en=0 wei_cnt_en=0 act_pop_en=0 wei_pop_en=0 psm_start=0 shift_done=0 done=0 cscnt_q=6 pop_shim_q2=1 cdone_q=0 o_cswitch_done_val=0 o_cdone_val=0
[CTRL WAIT CSWITCH] cycle=82122 wait=16 limit=64
[CTRL DEBUG] cycle=82122 state=8 start=0 incntlim=64 act_reps=1 wei_reps=1 ncontexts=1 context_cnt=0 act_cnt_en=0 wei_cnt_en=0 act_pop_en=0 wei_pop_en=0 psm_start=0 shift_done=0 done=0 cscnt_q=6 pop_shim_q2=1 cdone_q=0 o_cswitch_done_val=0 o_cdone_val=0
[CTRL WAIT CSWITCH] cycle=82122 wait=16 limit=64
[CTRL DEBUG] cycle=82123 state=8 start=0 incntlim=64 act_reps=1 wei_reps=1 ncontexts=1 context_cnt=0 act_cnt_en=0 wei_cnt_en=0 act_pop_en=0 wei_pop_en=0 psm_start=0 shift_done=0 done=0 cscnt_q=7 pop_shim_q2=1 cdone_q=0 o_cswitch_done_val=0 o_cdone_val=0
[CTRL DEBUG] cycle=82123 state=8 start=0 incntlim=64 act_reps=1 wei_reps=1 ncontexts=1 context_cnt=0 act_cnt_en=0 wei_cnt_en=0 act_pop_en=0 wei_pop_en=0 psm_start=0 shift_done=0 done=0 cscnt_q=7 pop_shim_q2=1 cdone_q=0 o_cswitch_done_val=0 o_cdone_val=0
[CTRL DEBUG] cycle=82123 state=8 start=0 incntlim=64 act_reps=1 wei_reps=1 ncontexts=1 context_cnt=0 act_cnt_en=0 wei_cnt_en=0 act_pop_en=0 wei_pop_en=0 psm_start=0 shift_done=0 done=0 cscnt_q=7 pop_shim_q2=1 cdone_q=0 o_cswitch_done_val=0 o_cdone_val=0
[CTRL DEBUG] cycle=82123 state=8 start=0 incntlim=64 act_reps=1 wei_reps=1 ncontexts=1 context_cnt=0 act_cnt_en=0 wei_cnt_en=0 act_pop_en=0 wei_pop_en=0 psm_start=0 shift_done=0 done=0 cscnt_q=7 pop_shim_q2=1 cdone_q=0 o_cswitch_done_val=0 o_cdone_val=0
[CTRL DEBUG] cycle=82123 state=8 start=0 incntlim=64 act_reps=1 wei_reps=1 ncontexts=1 context_cnt=0 act_cnt_en=0 wei_cnt_en=0 act_pop_en=0 wei_pop_en=0 psm_start=0 shift_done=0 done=0 cscnt_q=7 pop_shim_q2=1 cdone_q=0 o_cswitch_done_val=0 o_cdone_val=0
[CTRL DEBUG] cycle=82123 state=8 start=0 incntlim=64 act_reps=1 wei_reps=1 ncontexts=1 context_cnt=0 act_cnt_en=0 wei_cnt_en=0 act_pop_en=0 wei_pop_en=0 psm_start=0 shift_done=0 done=0 cscnt_q=7 pop_shim_q2=1 cdone_q=0 o_cswitch_done_val=0 o_cdone_val=0
[CTRL DEBUG] cycle=82124 state=8 start=0 incntlim=64 act_reps=1 wei_reps=1 ncontexts=1 context_cnt=0 act_cnt_en=0 wei_cnt_en=0 act_pop_en=0 wei_pop_en=0 psm_start=0 shift_done=0 done=0 cscnt_q=8 pop_shim_q2=1 cdone_q=0 o_cswitch_done_val=0 o_cdone_val=0
[CTRL DEBUG] cycle=82124 state=8 start=0 incntlim=64 act_reps=1 wei_reps=1 ncontexts=1 context_cnt=0 act_cnt_en=0 wei_cnt_en=0 act_pop_en=0 wei_pop_en=0 psm_start=0 shift_done=0 done=0 cscnt_q=8 pop_shim_q2=1 cdone_q=0 o_cswitch_done_val=0 o_cdone_val=0
[CTRL DEBUG] cycle=82124 state=8 start=0 incntlim=64 act_reps=1 wei_reps=1 ncontexts=1 context_cnt=0 act_cnt_en=0 wei_cnt_en=0 act_pop_en=0 wei_pop_en=0 psm_start=0 shift_done=0 done=0 cscnt_q=8 pop_shim_q2=1 cdone_q=0 o_cswitch_done_val=0 o_cdone_val=0
[CTRL DEBUG] cycle=82124 state=8 start=0 incntlim=64 act_reps=1 wei_reps=1 ncontexts=1 context_cnt=0 act_cnt_en=0 wei_cnt_en=0 act_pop_en=0 wei_pop_en=0 psm_start=0 shift_done=0 done=0 cscnt_q=8 pop_shim_q2=1 cdone_q=0 o_cswitch_done_val=0 o_cdone_val=0
[CTRL DEBUG] cycle=82124 state=8 start=0 incntlim=64 act_reps=1 wei_reps=1 ncontexts=1 context_cnt=0 act_cnt_en=0 wei_cnt_en=0 act_pop_en=0 wei_pop_en=0 psm_start=0 shift_done=0 done=0 cscnt_q=8 pop_shim_q2=1 cdone_q=0 o_cswitch_done_val=0 o_cdone_val=0
[CTRL DEBUG] cycle=82124 state=8 start=0 incntlim=64 act_reps=1 wei_reps=1 ncontexts=1 context_cnt=0 act_cnt_en=0 wei_cnt_en=0 act_pop_en=0 wei_pop_en=0 psm_start=0 shift_done=0 done=0 cscnt_q=8 pop_shim_q2=1 cdone_q=0 o_cswitch_done_val=0 o_cdone_val=0
[CTRL DEBUG] cycle=82125 state=8 start=0 incntlim=64 act_reps=1 wei_reps=1 ncontexts=1 context_cnt=0 act_cnt_en=0 wei_cnt_en=0 act_pop_en=0 wei_pop_en=0 psm_start=0 shift_done=0 done=0 cscnt_q=9 pop_shim_q2=1 cdone_q=0 o_cswitch_done_val=0 o_cdone_val=0
[CTRL DEBUG] cycle=82125 state=8 start=0 incntlim=64 act_reps=1 wei_reps=1 ncontexts=1 context_cnt=0 act_cnt_en=0 wei_cnt_en=0 act_pop_en=0 wei_pop_en=0 psm_start=0 shift_done=0 done=0 cscnt_q=9 pop_shim_q2=1 cdone_q=0 o_cswitch_done_val=0 o_cdone_val=0
[CTRL DEBUG] cycle=82125 state=8 start=0 incntlim=64 act_reps=1 wei_reps=1 ncontexts=1 context_cnt=0 act_cnt_en=0 wei_cnt_en=0 act_pop_en=0 wei_pop_en=0 psm_start=0 shift_done=0 done=0 cscnt_q=9 pop_shim_q2=1 cdone_q=0 o_cswitch_done_val=0 o_cdone_val=0
[CTRL DEBUG] cycle=82125 state=8 start=0 incntlim=64 act_reps=1 wei_reps=1 ncontexts=1 context_cnt=0 act_cnt_en=0 wei_cnt_en=0 act_pop_en=0 wei_pop_en=0 psm_start=0 shift_done=0 done=0 cscnt_q=9 pop_shim_q2=1 cdone_q=0 o_cswitch_done_val=0 o_cdone_val=0
[CTRL DEBUG] cycle=82125 state=8 start=0 incntlim=64 act_reps=1 wei_reps=1 ncontexts=1 context_cnt=0 act_cnt_en=0 wei_cnt_en=0 act_pop_en=0 wei_pop_en=0 psm_start=0 shift_done=0 done=0 cscnt_q=9 pop_shim_q2=1 cdone_q=0 o_cswitch_done_val=0 o_cdone_val=0
[CTRL DEBUG] cycle=82125 state=8 start=0 incntlim=64 act_reps=1 wei_reps=1 ncontexts=1 context_cnt=0 act_cnt_en=0 wei_cnt_en=0 act_pop_en=0 wei_pop_en=0 psm_start=0 shift_done=0 done=0 cscnt_q=9 pop_shim_q2=1 cdone_q=0 o_cswitch_done_val=0 o_cdone_val=0
[CTRL DEBUG] cycle=82126 state=8 start=0 incntlim=64 act_reps=1 wei_reps=1 ncontexts=1 context_cnt=0 act_cnt_en=0 wei_cnt_en=0 act_pop_en=0 wei_pop_en=0 psm_start=0 shift_done=0 done=0 cscnt_q=10 pop_shim_q2=1 cdone_q=0 o_cswitch_done_val=0 o_cdone_val=0
[CTRL DEBUG] cycle=82126 state=8 start=0 incntlim=64 act_reps=1 wei_reps=1 ncontexts=1 context_cnt=0 act_cnt_en=0 wei_cnt_en=0 act_pop_en=0 wei_pop_en=0 psm_start=0 shift_done=0 done=0 cscnt_q=10 pop_shim_q2=1 cdone_q=0 o_cswitch_done_val=0 o_cdone_val=0
[CTRL DEBUG] cycle=82126 state=8 start=0 incntlim=64 act_reps=1 wei_reps=1 ncontexts=1 context_cnt=0 act_cnt_en=0 wei_cnt_en=0 act_pop_en=0 wei_pop_en=0 psm_start=0 shift_done=0 done=0 cscnt_q=10 pop_shim_q2=1 cdone_q=0 o_cswitch_done_val=0 o_cdone_val=0
[CTRL DEBUG] cycle=82126 state=8 start=0 incntlim=64 act_reps=1 wei_reps=1 ncontexts=1 context_cnt=0 act_cnt_en=0 wei_cnt_en=0 act_pop_en=0 wei_pop_en=0 psm_start=0 shift_done=0 done=0 cscnt_q=10 pop_shim_q2=1 cdone_q=0 o_cswitch_done_val=0 o_cdone_val=0
[CTRL DEBUG] cycle=82126 state=8 start=0 incntlim=64 act_reps=1 wei_reps=1 ncontexts=1 context_cnt=0 act_cnt_en=0 wei_cnt_en=0 act_pop_en=0 wei_pop_en=0 psm_start=0 shift_done=0 done=0 cscnt_q=10 pop_shim_q2=1 cdone_q=0 o_cswitch_done_val=0 o_cdone_val=0
[CTRL DEBUG] cycle=82126 state=8 start=0 incntlim=64 act_reps=1 wei_reps=1 ncontexts=1 context_cnt=0 act_cnt_en=0 wei_cnt_en=0 act_pop_en=0 wei_pop_en=0 psm_start=0 shift_done=0 done=0 cscnt_q=10 pop_shim_q2=1 cdone_q=0 o_cswitch_done_val=0 o_cdone_val=0
[CTRL DEBUG] cycle=82127 state=8 start=0 incntlim=64 act_reps=1 wei_reps=1 ncontexts=1 context_cnt=0 act_cnt_en=0 wei_cnt_en=0 act_pop_en=0 wei_pop_en=0 psm_start=0 shift_done=0 done=0 cscnt_q=11 pop_shim_q2=1 cdone_q=0 o_cswitch_done_val=0 o_cdone_val=0
[CTRL DEBUG] cycle=82127 state=8 start=0 incntlim=64 act_reps=1 wei_reps=1 ncontexts=1 context_cnt=0 act_cnt_en=0 wei_cnt_en=0 act_pop_en=0 wei_pop_en=0 psm_start=0 shift_done=0 done=0 cscnt_q=11 pop_shim_q2=1 cdone_q=0 o_cswitch_done_val=0 o_cdone_val=0
[CTRL DEBUG] cycle=82127 state=8 start=0 incntlim=64 act_reps=1 wei_reps=1 ncontexts=1 context_cnt=0 act_cnt_en=0 wei_cnt_en=0 act_pop_en=0 wei_pop_en=0 psm_start=0 shift_done=0 done=0 cscnt_q=11 pop_shim_q2=1 cdone_q=0 o_cswitch_done_val=0 o_cdone_val=0
[CTRL DEBUG] cycle=82127 state=8 start=0 incntlim=64 act_reps=1 wei_reps=1 ncontexts=1 context_cnt=0 act_cnt_en=0 wei_cnt_en=0 act_pop_en=0 wei_pop_en=0 psm_start=0 shift_done=0 done=0 cscnt_q=11 pop_shim_q2=1 cdone_q=0 o_cswitch_done_val=0 o_cdone_val=0
[CTRL DEBUG] cycle=82127 state=8 start=0 incntlim=64 act_reps=1 wei_reps=1 ncontexts=1 context_cnt=0 act_cnt_en=0 wei_cnt_en=0 act_pop_en=0 wei_pop_en=0 psm_start=0 shift_done=0 done=0 cscnt_q=11 pop_shim_q2=1 cdone_q=0 o_cswitch_done_val=0 o_cdone_val=0
[CTRL DEBUG] cycle=82127 state=8 start=0 incntlim=64 act_reps=1 wei_reps=1 ncontexts=1 context_cnt=0 act_cnt_en=0 wei_cnt_en=0 act_pop_en=0 wei_pop_en=0 psm_start=0 shift_done=0 done=0 cscnt_q=11 pop_shim_q2=1 cdone_q=0 o_cswitch_done_val=0 o_cdone_val=0
[CTRL DEBUG] cycle=82128 state=8 start=0 incntlim=64 act_reps=1 wei_reps=1 ncontexts=1 context_cnt=0 act_cnt_en=0 wei_cnt_en=0 act_pop_en=0 wei_pop_en=0 psm_start=0 shift_done=0 done=0 cscnt_q=12 pop_shim_q2=1 cdone_q=0 o_cswitch_done_val=0 o_cdone_val=0
[CTRL DEBUG] cycle=82128 state=8 start=0 incntlim=64 act_reps=1 wei_reps=1 ncontexts=1 context_cnt=0 act_cnt_en=0 wei_cnt_en=0 act_pop_en=0 wei_pop_en=0 psm_start=0 shift_done=0 done=0 cscnt_q=12 pop_shim_q2=1 cdone_q=0 o_cswitch_done_val=0 o_cdone_val=0
[CTRL DEBUG] cycle=82128 state=8 start=0 incntlim=64 act_reps=1 wei_reps=1 ncontexts=1 context_cnt=0 act_cnt_en=0 wei_cnt_en=0 act_pop_en=0 wei_pop_en=0 psm_start=0 shift_done=0 done=0 cscnt_q=12 pop_shim_q2=1 cdone_q=0 o_cswitch_done_val=0 o_cdone_val=0
[CTRL DEBUG] cycle=82128 state=8 start=0 incntlim=64 act_reps=1 wei_reps=1 ncontexts=1 context_cnt=0 act_cnt_en=0 wei_cnt_en=0 act_pop_en=0 wei_pop_en=0 psm_start=0 shift_done=0 done=0 cscnt_q=12 pop_shim_q2=1 cdone_q=0 o_cswitch_done_val=0 o_cdone_val=0
[CTRL DEBUG] cycle=82128 state=8 start=0 incntlim=64 act_reps=1 wei_reps=1 ncontexts=1 context_cnt=0 act_cnt_en=0 wei_cnt_en=0 act_pop_en=0 wei_pop_en=0 psm_start=0 shift_done=0 done=0 cscnt_q=12 pop_shim_q2=1 cdone_q=0 o_cswitch_done_val=0 o_cdone_val=0
[CTRL DEBUG] cycle=82128 state=8 start=0 incntlim=64 act_reps=1 wei_reps=1 ncontexts=1 context_cnt=0 act_cnt_en=0 wei_cnt_en=0 act_pop_en=0 wei_pop_en=0 psm_start=0 shift_done=0 done=0 cscnt_q=12 pop_shim_q2=1 cdone_q=0 o_cswitch_done_val=0 o_cdone_val=0
[CTRL DEBUG] cycle=82129 state=8 start=0 incntlim=64 act_reps=1 wei_reps=1 ncontexts=1 context_cnt=0 act_cnt_en=0 wei_cnt_en=0 act_pop_en=0 wei_pop_en=0 psm_start=0 shift_done=0 done=0 cscnt_q=13 pop_shim_q2=1 cdone_q=0 o_cswitch_done_val=0 o_cdone_val=0
[CTRL DEBUG] cycle=82129 state=8 start=0 incntlim=64 act_reps=1 wei_reps=1 ncontexts=1 context_cnt=0 act_cnt_en=0 wei_cnt_en=0 act_pop_en=0 wei_pop_en=0 psm_start=0 shift_done=0 done=0 cscnt_q=13 pop_shim_q2=1 cdone_q=0 o_cswitch_done_val=0 o_cdone_val=0
[CTRL DEBUG] cycle=82129 state=8 start=0 incntlim=64 act_reps=1 wei_reps=1 ncontexts=1 context_cnt=0 act_cnt_en=0 wei_cnt_en=0 act_pop_en=0 wei_pop_en=0 psm_start=0 shift_done=0 done=0 cscnt_q=13 pop_shim_q2=1 cdone_q=0 o_cswitch_done_val=0 o_cdone_val=0
[CTRL DEBUG] cycle=82129 state=8 start=0 incntlim=64 act_reps=1 wei_reps=1 ncontexts=1 context_cnt=0 act_cnt_en=0 wei_cnt_en=0 act_pop_en=0 wei_pop_en=0 psm_start=0 shift_done=0 done=0 cscnt_q=13 pop_shim_q2=1 cdone_q=0 o_cswitch_done_val=0 o_cdone_val=0
[CTRL DEBUG] cycle=82129 state=8 start=0 incntlim=64 act_reps=1 wei_reps=1 ncontexts=1 context_cnt=0 act_cnt_en=0 wei_cnt_en=0 act_pop_en=0 wei_pop_en=0 psm_start=0 shift_done=0 done=0 cscnt_q=13 pop_shim_q2=1 cdone_q=0 o_cswitch_done_val=0 o_cdone_val=0
[CTRL DEBUG] cycle=82129 state=8 start=0 incntlim=64 act_reps=1 wei_reps=1 ncontexts=1 context_cnt=0 act_cnt_en=0 wei_cnt_en=0 act_pop_en=0 wei_pop_en=0 psm_start=0 shift_done=0 done=0 cscnt_q=13 pop_shim_q2=1 cdone_q=0 o_cswitch_done_val=0 o_cdone_val=0
[CTRL DEBUG] cycle=82130 state=8 start=0 incntlim=64 act_reps=1 wei_reps=1 ncontexts=1 context_cnt=0 act_cnt_en=0 wei_cnt_en=0 act_pop_en=0 wei_pop_en=0 psm_start=0 shift_done=0 done=0 cscnt_q=14 pop_shim_q2=1 cdone_q=0 o_cswitch_done_val=0 o_cdone_val=0
[CTRL WAIT CSWITCH] cycle=82130 wait=24 limit=64
[CTRL DEBUG] cycle=82130 state=8 start=0 incntlim=64 act_reps=1 wei_reps=1 ncontexts=1 context_cnt=0 act_cnt_en=0 wei_cnt_en=0 act_pop_en=0 wei_pop_en=0 psm_start=0 shift_done=0 done=0 cscnt_q=14 pop_shim_q2=1 cdone_q=0 o_cswitch_done_val=0 o_cdone_val=0
[CTRL WAIT CSWITCH] cycle=82130 wait=24 limit=64
[CTRL DEBUG] cycle=82130 state=8 start=0 incntlim=64 act_reps=1 wei_reps=1 ncontexts=1 context_cnt=0 act_cnt_en=0 wei_cnt_en=0 act_pop_en=0 wei_pop_en=0 psm_start=0 shift_done=0 done=0 cscnt_q=14 pop_shim_q2=1 cdone_q=0 o_cswitch_done_val=0 o_cdone_val=0
[CTRL WAIT CSWITCH] cycle=82130 wait=24 limit=64
[CTRL DEBUG] cycle=82130 state=8 start=0 incntlim=64 act_reps=1 wei_reps=1 ncontexts=1 context_cnt=0 act_cnt_en=0 wei_cnt_en=0 act_pop_en=0 wei_pop_en=0 psm_start=0 shift_done=0 done=0 cscnt_q=14 pop_shim_q2=1 cdone_q=0 o_cswitch_done_val=0 o_cdone_val=0
[CTRL WAIT CSWITCH] cycle=82130 wait=24 limit=64
[CTRL DEBUG] cycle=82130 state=8 start=0 incntlim=64 act_reps=1 wei_reps=1 ncontexts=1 context_cnt=0 act_cnt_en=0 wei_cnt_en=0 act_pop_en=0 wei_pop_en=0 psm_start=0 shift_done=0 done=0 cscnt_q=14 pop_shim_q2=1 cdone_q=0 o_cswitch_done_val=0 o_cdone_val=0
[CTRL WAIT CSWITCH] cycle=82130 wait=24 limit=64
[CTRL DEBUG] cycle=82130 state=8 start=0 incntlim=64 act_reps=1 wei_reps=1 ncontexts=1 context_cnt=0 act_cnt_en=0 wei_cnt_en=0 act_pop_en=0 wei_pop_en=0 psm_start=0 shift_done=0 done=0 cscnt_q=14 pop_shim_q2=1 cdone_q=0 o_cswitch_done_val=0 o_cdone_val=0
[CTRL WAIT CSWITCH] cycle=82130 wait=24 limit=64
[CTRL DEBUG] cycle=82131 state=8 start=0 incntlim=64 act_reps=1 wei_reps=1 ncontexts=1 context_cnt=0 act_cnt_en=0 wei_cnt_en=0 act_pop_en=0 wei_pop_en=0 psm_start=0 shift_done=0 done=0 cscnt_q=15 pop_shim_q2=1 cdone_q=0 o_cswitch_done_val=0 o_cdone_val=0
[CTRL DEBUG] cycle=82131 state=8 start=0 incntlim=64 act_reps=1 wei_reps=1 ncontexts=1 context_cnt=0 act_cnt_en=0 wei_cnt_en=0 act_pop_en=0 wei_pop_en=0 psm_start=0 shift_done=0 done=0 cscnt_q=15 pop_shim_q2=1 cdone_q=0 o_cswitch_done_val=0 o_cdone_val=0
[CTRL DEBUG] cycle=82131 state=8 start=0 incntlim=64 act_reps=1 wei_reps=1 ncontexts=1 context_cnt=0 act_cnt_en=0 wei_cnt_en=0 act_pop_en=0 wei_pop_en=0 psm_start=0 shift_done=0 done=0 cscnt_q=15 pop_shim_q2=1 cdone_q=0 o_cswitch_done_val=0 o_cdone_val=0
[CTRL DEBUG] cycle=82131 state=8 start=0 incntlim=64 act_reps=1 wei_reps=1 ncontexts=1 context_cnt=0 act_cnt_en=0 wei_cnt_en=0 act_pop_en=0 wei_pop_en=0 psm_start=0 shift_done=0 done=0 cscnt_q=15 pop_shim_q2=1 cdone_q=0 o_cswitch_done_val=0 o_cdone_val=0
[CTRL DEBUG] cycle=82131 state=8 start=0 incntlim=64 act_reps=1 wei_reps=1 ncontexts=1 context_cnt=0 act_cnt_en=0 wei_cnt_en=0 act_pop_en=0 wei_pop_en=0 psm_start=0 shift_done=0 done=0 cscnt_q=15 pop_shim_q2=1 cdone_q=0 o_cswitch_done_val=0 o_cdone_val=0
[CTRL DEBUG] cycle=82131 state=8 start=0 incntlim=64 act_reps=1 wei_reps=1 ncontexts=1 context_cnt=0 act_cnt_en=0 wei_cnt_en=0 act_pop_en=0 wei_pop_en=0 psm_start=0 shift_done=0 done=0 cscnt_q=15 pop_shim_q2=1 cdone_q=0 o_cswitch_done_val=0 o_cdone_val=0
[CTRL DEBUG] cycle=82132 state=8 start=0 incntlim=64 act_reps=1 wei_reps=1 ncontexts=1 context_cnt=0 act_cnt_en=0 wei_cnt_en=0 act_pop_en=0 wei_pop_en=0 psm_start=0 shift_done=0 done=0 cscnt_q=16 pop_shim_q2=1 cdone_q=0 o_cswitch_done_val=0 o_cdone_val=0
[CTRL DEBUG] cycle=82132 state=8 start=0 incntlim=64 act_reps=1 wei_reps=1 ncontexts=1 context_cnt=0 act_cnt_en=0 wei_cnt_en=0 act_pop_en=0 wei_pop_en=0 psm_start=0 shift_done=0 done=0 cscnt_q=16 pop_shim_q2=1 cdone_q=0 o_cswitch_done_val=0 o_cdone_val=0
[CTRL DEBUG] cycle=82132 state=8 start=0 incntlim=64 act_reps=1 wei_reps=1 ncontexts=1 context_cnt=0 act_cnt_en=0 wei_cnt_en=0 act_pop_en=0 wei_pop_en=0 psm_start=0 shift_done=0 done=0 cscnt_q=16 pop_shim_q2=1 cdone_q=0 o_cswitch_done_val=0 o_cdone_val=0
[CTRL DEBUG] cycle=82132 state=8 start=0 incntlim=64 act_reps=1 wei_reps=1 ncontexts=1 context_cnt=0 act_cnt_en=0 wei_cnt_en=0 act_pop_en=0 wei_pop_en=0 psm_start=0 shift_done=0 done=0 cscnt_q=16 pop_shim_q2=1 cdone_q=0 o_cswitch_done_val=0 o_cdone_val=0
[CTRL DEBUG] cycle=82132 state=8 start=0 incntlim=64 act_reps=1 wei_reps=1 ncontexts=1 context_cnt=0 act_cnt_en=0 wei_cnt_en=0 act_pop_en=0 wei_pop_en=0 psm_start=0 shift_done=0 done=0 cscnt_q=16 pop_shim_q2=1 cdone_q=0 o_cswitch_done_val=0 o_cdone_val=0
[CTRL DEBUG] cycle=82132 state=8 start=0 incntlim=64 act_reps=1 wei_reps=1 ncontexts=1 context_cnt=0 act_cnt_en=0 wei_cnt_en=0 act_pop_en=0 wei_pop_en=0 psm_start=0 shift_done=0 done=0 cscnt_q=16 pop_shim_q2=1 cdone_q=0 o_cswitch_done_val=0 o_cdone_val=0
[CTRL DEBUG] cycle=82133 state=8 start=0 incntlim=64 act_reps=1 wei_reps=1 ncontexts=1 context_cnt=0 act_cnt_en=0 wei_cnt_en=0 act_pop_en=0 wei_pop_en=0 psm_start=0 shift_done=0 done=0 cscnt_q=17 pop_shim_q2=1 cdone_q=0 o_cswitch_done_val=0 o_cdone_val=0
[CTRL DEBUG] cycle=82133 state=8 start=0 incntlim=64 act_reps=1 wei_reps=1 ncontexts=1 context_cnt=0 act_cnt_en=0 wei_cnt_en=0 act_pop_en=0 wei_pop_en=0 psm_start=0 shift_done=0 done=0 cscnt_q=17 pop_shim_q2=1 cdone_q=0 o_cswitch_done_val=0 o_cdone_val=0
[CTRL DEBUG] cycle=82133 state=8 start=0 incntlim=64 act_reps=1 wei_reps=1 ncontexts=1 context_cnt=0 act_cnt_en=0 wei_cnt_en=0 act_pop_en=0 wei_pop_en=0 psm_start=0 shift_done=0 done=0 cscnt_q=17 pop_shim_q2=1 cdone_q=0 o_cswitch_done_val=0 o_cdone_val=0
[CTRL DEBUG] cycle=82133 state=8 start=0 incntlim=64 act_reps=1 wei_reps=1 ncontexts=1 context_cnt=0 act_cnt_en=0 wei_cnt_en=0 act_pop_en=0 wei_pop_en=0 psm_start=0 shift_done=0 done=0 cscnt_q=17 pop_shim_q2=1 cdone_q=0 o_cswitch_done_val=0 o_cdone_val=0
[CTRL DEBUG] cycle=82133 state=8 start=0 incntlim=64 act_reps=1 wei_reps=1 ncontexts=1 context_cnt=0 act_cnt_en=0 wei_cnt_en=0 act_pop_en=0 wei_pop_en=0 psm_start=0 shift_done=0 done=0 cscnt_q=17 pop_shim_q2=1 cdone_q=0 o_cswitch_done_val=0 o_cdone_val=0
[CTRL DEBUG] cycle=82133 state=8 start=0 incntlim=64 act_reps=1 wei_reps=1 ncontexts=1 context_cnt=0 act_cnt_en=0 wei_cnt_en=0 act_pop_en=0 wei_pop_en=0 psm_start=0 shift_done=0 done=0 cscnt_q=17 pop_shim_q2=1 cdone_q=0 o_cswitch_done_val=0 o_cdone_val=0
[CTRL DEBUG] cycle=82134 state=8 start=0 incntlim=64 act_reps=1 wei_reps=1 ncontexts=1 context_cnt=0 act_cnt_en=0 wei_cnt_en=0 act_pop_en=0 wei_pop_en=0 psm_start=0 shift_done=0 done=0 cscnt_q=18 pop_shim_q2=1 cdone_q=0 o_cswitch_done_val=0 o_cdone_val=0
[CTRL DEBUG] cycle=82134 state=8 start=0 incntlim=64 act_reps=1 wei_reps=1 ncontexts=1 context_cnt=0 act_cnt_en=0 wei_cnt_en=0 act_pop_en=0 wei_pop_en=0 psm_start=0 shift_done=0 done=0 cscnt_q=18 pop_shim_q2=1 cdone_q=0 o_cswitch_done_val=0 o_cdone_val=0
[CTRL DEBUG] cycle=82134 state=8 start=0 incntlim=64 act_reps=1 wei_reps=1 ncontexts=1 context_cnt=0 act_cnt_en=0 wei_cnt_en=0 act_pop_en=0 wei_pop_en=0 psm_start=0 shift_done=0 done=0 cscnt_q=18 pop_shim_q2=1 cdone_q=0 o_cswitch_done_val=0 o_cdone_val=0
[CTRL DEBUG] cycle=82134 state=8 start=0 incntlim=64 act_reps=1 wei_reps=1 ncontexts=1 context_cnt=0 act_cnt_en=0 wei_cnt_en=0 act_pop_en=0 wei_pop_en=0 psm_start=0 shift_done=0 done=0 cscnt_q=18 pop_shim_q2=1 cdone_q=0 o_cswitch_done_val=0 o_cdone_val=0
[CTRL DEBUG] cycle=82134 state=8 start=0 incntlim=64 act_reps=1 wei_reps=1 ncontexts=1 context_cnt=0 act_cnt_en=0 wei_cnt_en=0 act_pop_en=0 wei_pop_en=0 psm_start=0 shift_done=0 done=0 cscnt_q=18 pop_shim_q2=1 cdone_q=0 o_cswitch_done_val=0 o_cdone_val=0
[CTRL DEBUG] cycle=82134 state=8 start=0 incntlim=64 act_reps=1 wei_reps=1 ncontexts=1 context_cnt=0 act_cnt_en=0 wei_cnt_en=0 act_pop_en=0 wei_pop_en=0 psm_start=0 shift_done=0 done=0 cscnt_q=18 pop_shim_q2=1 cdone_q=0 o_cswitch_done_val=0 o_cdone_val=0
[CTRL DEBUG] cycle=82135 state=8 start=0 incntlim=64 act_reps=1 wei_reps=1 ncontexts=1 context_cnt=0 act_cnt_en=0 wei_cnt_en=0 act_pop_en=0 wei_pop_en=0 psm_start=0 shift_done=0 done=0 cscnt_q=19 pop_shim_q2=1 cdone_q=0 o_cswitch_done_val=0 o_cdone_val=0
[CTRL DEBUG] cycle=82135 state=8 start=0 incntlim=64 act_reps=1 wei_reps=1 ncontexts=1 context_cnt=0 act_cnt_en=0 wei_cnt_en=0 act_pop_en=0 wei_pop_en=0 psm_start=0 shift_done=0 done=0 cscnt_q=19 pop_shim_q2=1 cdone_q=0 o_cswitch_done_val=0 o_cdone_val=0
[CTRL DEBUG] cycle=82135 state=8 start=0 incntlim=64 act_reps=1 wei_reps=1 ncontexts=1 context_cnt=0 act_cnt_en=0 wei_cnt_en=0 act_pop_en=0 wei_pop_en=0 psm_start=0 shift_done=0 done=0 cscnt_q=19 pop_shim_q2=1 cdone_q=0 o_cswitch_done_val=0 o_cdone_val=0
[CTRL DEBUG] cycle=82135 state=8 start=0 incntlim=64 act_reps=1 wei_reps=1 ncontexts=1 context_cnt=0 act_cnt_en=0 wei_cnt_en=0 act_pop_en=0 wei_pop_en=0 psm_start=0 shift_done=0 done=0 cscnt_q=19 pop_shim_q2=1 cdone_q=0 o_cswitch_done_val=0 o_cdone_val=0
[CTRL DEBUG] cycle=82135 state=8 start=0 incntlim=64 act_reps=1 wei_reps=1 ncontexts=1 context_cnt=0 act_cnt_en=0 wei_cnt_en=0 act_pop_en=0 wei_pop_en=0 psm_start=0 shift_done=0 done=0 cscnt_q=19 pop_shim_q2=1 cdone_q=0 o_cswitch_done_val=0 o_cdone_val=0
[CTRL DEBUG] cycle=82135 state=8 start=0 incntlim=64 act_reps=1 wei_reps=1 ncontexts=1 context_cnt=0 act_cnt_en=0 wei_cnt_en=0 act_pop_en=0 wei_pop_en=0 psm_start=0 shift_done=0 done=0 cscnt_q=19 pop_shim_q2=1 cdone_q=0 o_cswitch_done_val=0 o_cdone_val=0
[CTRL DEBUG] cycle=82136 state=8 start=0 incntlim=64 act_reps=1 wei_reps=1 ncontexts=1 context_cnt=0 act_cnt_en=0 wei_cnt_en=0 act_pop_en=0 wei_pop_en=0 psm_start=0 shift_done=0 done=0 cscnt_q=20 pop_shim_q2=1 cdone_q=0 o_cswitch_done_val=0 o_cdone_val=0
[CTRL DEBUG] cycle=82136 state=8 start=0 incntlim=64 act_reps=1 wei_reps=1 ncontexts=1 context_cnt=0 act_cnt_en=0 wei_cnt_en=0 act_pop_en=0 wei_pop_en=0 psm_start=0 shift_done=0 done=0 cscnt_q=20 pop_shim_q2=1 cdone_q=0 o_cswitch_done_val=0 o_cdone_val=0
[CTRL DEBUG] cycle=82136 state=8 start=0 incntlim=64 act_reps=1 wei_reps=1 ncontexts=1 context_cnt=0 act_cnt_en=0 wei_cnt_en=0 act_pop_en=0 wei_pop_en=0 psm_start=0 shift_done=0 done=0 cscnt_q=20 pop_shim_q2=1 cdone_q=0 o_cswitch_done_val=0 o_cdone_val=0
[CTRL DEBUG] cycle=82136 state=8 start=0 incntlim=64 act_reps=1 wei_reps=1 ncontexts=1 context_cnt=0 act_cnt_en=0 wei_cnt_en=0 act_pop_en=0 wei_pop_en=0 psm_start=0 shift_done=0 done=0 cscnt_q=20 pop_shim_q2=1 cdone_q=0 o_cswitch_done_val=0 o_cdone_val=0
[CTRL DEBUG] cycle=82136 state=8 start=0 incntlim=64 act_reps=1 wei_reps=1 ncontexts=1 context_cnt=0 act_cnt_en=0 wei_cnt_en=0 act_pop_en=0 wei_pop_en=0 psm_start=0 shift_done=0 done=0 cscnt_q=20 pop_shim_q2=1 cdone_q=0 o_cswitch_done_val=0 o_cdone_val=0
[CTRL DEBUG] cycle=82136 state=8 start=0 incntlim=64 act_reps=1 wei_reps=1 ncontexts=1 context_cnt=0 act_cnt_en=0 wei_cnt_en=0 act_pop_en=0 wei_pop_en=0 psm_start=0 shift_done=0 done=0 cscnt_q=20 pop_shim_q2=1 cdone_q=0 o_cswitch_done_val=0 o_cdone_val=0
[CTRL DEBUG] cycle=82137 state=8 start=0 incntlim=64 act_reps=1 wei_reps=1 ncontexts=1 context_cnt=0 act_cnt_en=0 wei_cnt_en=0 act_pop_en=0 wei_pop_en=0 psm_start=0 shift_done=0 done=0 cscnt_q=21 pop_shim_q2=1 cdone_q=0 o_cswitch_done_val=0 o_cdone_val=0
[CTRL DEBUG] cycle=82137 state=8 start=0 incntlim=64 act_reps=1 wei_reps=1 ncontexts=1 context_cnt=0 act_cnt_en=0 wei_cnt_en=0 act_pop_en=0 wei_pop_en=0 psm_start=0 shift_done=0 done=0 cscnt_q=21 pop_shim_q2=1 cdone_q=0 o_cswitch_done_val=0 o_cdone_val=0
[CTRL DEBUG] cycle=82137 state=8 start=0 incntlim=64 act_reps=1 wei_reps=1 ncontexts=1 context_cnt=0 act_cnt_en=0 wei_cnt_en=0 act_pop_en=0 wei_pop_en=0 psm_start=0 shift_done=0 done=0 cscnt_q=21 pop_shim_q2=1 cdone_q=0 o_cswitch_done_val=0 o_cdone_val=0
[CTRL DEBUG] cycle=82137 state=8 start=0 incntlim=64 act_reps=1 wei_reps=1 ncontexts=1 context_cnt=0 act_cnt_en=0 wei_cnt_en=0 act_pop_en=0 wei_pop_en=0 psm_start=0 shift_done=0 done=0 cscnt_q=21 pop_shim_q2=1 cdone_q=0 o_cswitch_done_val=0 o_cdone_val=0
[CTRL DEBUG] cycle=82137 state=8 start=0 incntlim=64 act_reps=1 wei_reps=1 ncontexts=1 context_cnt=0 act_cnt_en=0 wei_cnt_en=0 act_pop_en=0 wei_pop_en=0 psm_start=0 shift_done=0 done=0 cscnt_q=21 pop_shim_q2=1 cdone_q=0 o_cswitch_done_val=0 o_cdone_val=0
[CTRL DEBUG] cycle=82137 state=8 start=0 incntlim=64 act_reps=1 wei_reps=1 ncontexts=1 context_cnt=0 act_cnt_en=0 wei_cnt_en=0 act_pop_en=0 wei_pop_en=0 psm_start=0 shift_done=0 done=0 cscnt_q=21 pop_shim_q2=1 cdone_q=0 o_cswitch_done_val=0 o_cdone_val=0
[CTRL DEBUG] cycle=82138 state=8 start=0 incntlim=64 act_reps=1 wei_reps=1 ncontexts=1 context_cnt=0 act_cnt_en=0 wei_cnt_en=0 act_pop_en=0 wei_pop_en=0 psm_start=0 shift_done=0 done=0 cscnt_q=22 pop_shim_q2=1 cdone_q=0 o_cswitch_done_val=0 o_cdone_val=0
[CTRL WAIT CSWITCH] cycle=82138 wait=32 limit=64
[CTRL DEBUG] cycle=82138 state=8 start=0 incntlim=64 act_reps=1 wei_reps=1 ncontexts=1 context_cnt=0 act_cnt_en=0 wei_cnt_en=0 act_pop_en=0 wei_pop_en=0 psm_start=0 shift_done=0 done=0 cscnt_q=22 pop_shim_q2=1 cdone_q=0 o_cswitch_done_val=0 o_cdone_val=0
[CTRL WAIT CSWITCH] cycle=82138 wait=32 limit=64
[CTRL DEBUG] cycle=82138 state=8 start=0 incntlim=64 act_reps=1 wei_reps=1 ncontexts=1 context_cnt=0 act_cnt_en=0 wei_cnt_en=0 act_pop_en=0 wei_pop_en=0 psm_start=0 shift_done=0 done=0 cscnt_q=22 pop_shim_q2=1 cdone_q=0 o_cswitch_done_val=0 o_cdone_val=0
[CTRL WAIT CSWITCH] cycle=82138 wait=32 limit=64
[CTRL DEBUG] cycle=82138 state=8 start=0 incntlim=64 act_reps=1 wei_reps=1 ncontexts=1 context_cnt=0 act_cnt_en=0 wei_cnt_en=0 act_pop_en=0 wei_pop_en=0 psm_start=0 shift_done=0 done=0 cscnt_q=22 pop_shim_q2=1 cdone_q=0 o_cswitch_done_val=0 o_cdone_val=0
[CTRL WAIT CSWITCH] cycle=82138 wait=32 limit=64
[CTRL DEBUG] cycle=82138 state=8 start=0 incntlim=64 act_reps=1 wei_reps=1 ncontexts=1 context_cnt=0 act_cnt_en=0 wei_cnt_en=0 act_pop_en=0 wei_pop_en=0 psm_start=0 shift_done=0 done=0 cscnt_q=22 pop_shim_q2=1 cdone_q=0 o_cswitch_done_val=0 o_cdone_val=0
[CTRL WAIT CSWITCH] cycle=82138 wait=32 limit=64
[CTRL DEBUG] cycle=82138 state=8 start=0 incntlim=64 act_reps=1 wei_reps=1 ncontexts=1 context_cnt=0 act_cnt_en=0 wei_cnt_en=0 act_pop_en=0 wei_pop_en=0 psm_start=0 shift_done=0 done=0 cscnt_q=22 pop_shim_q2=1 cdone_q=0 o_cswitch_done_val=0 o_cdone_val=0
[CTRL WAIT CSWITCH] cycle=82138 wait=32 limit=64
[CTRL DEBUG] cycle=82139 state=8 start=0 incntlim=64 act_reps=1 wei_reps=1 ncontexts=1 context_cnt=0 act_cnt_en=0 wei_cnt_en=0 act_pop_en=0 wei_pop_en=0 psm_start=0 shift_done=0 done=0 cscnt_q=23 pop_shim_q2=1 cdone_q=0 o_cswitch_done_val=0 o_cdone_val=0
[CTRL DEBUG] cycle=82139 state=8 start=0 incntlim=64 act_reps=1 wei_reps=1 ncontexts=1 context_cnt=0 act_cnt_en=0 wei_cnt_en=0 act_pop_en=0 wei_pop_en=0 psm_start=0 shift_done=0 done=0 cscnt_q=23 pop_shim_q2=1 cdone_q=0 o_cswitch_done_val=0 o_cdone_val=0
[CTRL DEBUG] cycle=82139 state=8 start=0 incntlim=64 act_reps=1 wei_reps=1 ncontexts=1 context_cnt=0 act_cnt_en=0 wei_cnt_en=0 act_pop_en=0 wei_pop_en=0 psm_start=0 shift_done=0 done=0 cscnt_q=23 pop_shim_q2=1 cdone_q=0 o_cswitch_done_val=0 o_cdone_val=0
[CTRL DEBUG] cycle=82139 state=8 start=0 incntlim=64 act_reps=1 wei_reps=1 ncontexts=1 context_cnt=0 act_cnt_en=0 wei_cnt_en=0 act_pop_en=0 wei_pop_en=0 psm_start=0 shift_done=0 done=0 cscnt_q=23 pop_shim_q2=1 cdone_q=0 o_cswitch_done_val=0 o_cdone_val=0
[CTRL DEBUG] cycle=82139 state=8 start=0 incntlim=64 act_reps=1 wei_reps=1 ncontexts=1 context_cnt=0 act_cnt_en=0 wei_cnt_en=0 act_pop_en=0 wei_pop_en=0 psm_start=0 shift_done=0 done=0 cscnt_q=23 pop_shim_q2=1 cdone_q=0 o_cswitch_done_val=0 o_cdone_val=0
[CTRL DEBUG] cycle=82139 state=8 start=0 incntlim=64 act_reps=1 wei_reps=1 ncontexts=1 context_cnt=0 act_cnt_en=0 wei_cnt_en=0 act_pop_en=0 wei_pop_en=0 psm_start=0 shift_done=0 done=0 cscnt_q=23 pop_shim_q2=1 cdone_q=0 o_cswitch_done_val=0 o_cdone_val=0
[CTRL DEBUG] cycle=82140 state=8 start=0 incntlim=64 act_reps=1 wei_reps=1 ncontexts=1 context_cnt=0 act_cnt_en=0 wei_cnt_en=0 act_pop_en=0 wei_pop_en=0 psm_start=0 shift_done=0 done=0 cscnt_q=24 pop_shim_q2=1 cdone_q=0 o_cswitch_done_val=0 o_cdone_val=0
[CTRL DEBUG] cycle=82140 state=8 start=0 incntlim=64 act_reps=1 wei_reps=1 ncontexts=1 context_cnt=0 act_cnt_en=0 wei_cnt_en=0 act_pop_en=0 wei_pop_en=0 psm_start=0 shift_done=0 done=0 cscnt_q=24 pop_shim_q2=1 cdone_q=0 o_cswitch_done_val=0 o_cdone_val=0
[CTRL DEBUG] cycle=82140 state=8 start=0 incntlim=64 act_reps=1 wei_reps=1 ncontexts=1 context_cnt=0 act_cnt_en=0 wei_cnt_en=0 act_pop_en=0 wei_pop_en=0 psm_start=0 shift_done=0 done=0 cscnt_q=24 pop_shim_q2=1 cdone_q=0 o_cswitch_done_val=0 o_cdone_val=0
[CTRL DEBUG] cycle=82140 state=8 start=0 incntlim=64 act_reps=1 wei_reps=1 ncontexts=1 context_cnt=0 act_cnt_en=0 wei_cnt_en=0 act_pop_en=0 wei_pop_en=0 psm_start=0 shift_done=0 done=0 cscnt_q=24 pop_shim_q2=1 cdone_q=0 o_cswitch_done_val=0 o_cdone_val=0
[CTRL DEBUG] cycle=82140 state=8 start=0 incntlim=64 act_reps=1 wei_reps=1 ncontexts=1 context_cnt=0 act_cnt_en=0 wei_cnt_en=0 act_pop_en=0 wei_pop_en=0 psm_start=0 shift_done=0 done=0 cscnt_q=24 pop_shim_q2=1 cdone_q=0 o_cswitch_done_val=0 o_cdone_val=0
[CTRL DEBUG] cycle=82140 state=8 start=0 incntlim=64 act_reps=1 wei_reps=1 ncontexts=1 context_cnt=0 act_cnt_en=0 wei_cnt_en=0 act_pop_en=0 wei_pop_en=0 psm_start=0 shift_done=0 done=0 cscnt_q=24 pop_shim_q2=1 cdone_q=0 o_cswitch_done_val=0 o_cdone_val=0
[CTRL DEBUG] cycle=82141 state=8 start=0 incntlim=64 act_reps=1 wei_reps=1 ncontexts=1 context_cnt=0 act_cnt_en=0 wei_cnt_en=0 act_pop_en=0 wei_pop_en=0 psm_start=0 shift_done=0 done=0 cscnt_q=25 pop_shim_q2=1 cdone_q=0 o_cswitch_done_val=0 o_cdone_val=0
[CTRL DEBUG] cycle=82141 state=8 start=0 incntlim=64 act_reps=1 wei_reps=1 ncontexts=1 context_cnt=0 act_cnt_en=0 wei_cnt_en=0 act_pop_en=0 wei_pop_en=0 psm_start=0 shift_done=0 done=0 cscnt_q=25 pop_shim_q2=1 cdone_q=0 o_cswitch_done_val=0 o_cdone_val=0
[CTRL DEBUG] cycle=82141 state=8 start=0 incntlim=64 act_reps=1 wei_reps=1 ncontexts=1 context_cnt=0 act_cnt_en=0 wei_cnt_en=0 act_pop_en=0 wei_pop_en=0 psm_start=0 shift_done=0 done=0 cscnt_q=25 pop_shim_q2=1 cdone_q=0 o_cswitch_done_val=0 o_cdone_val=0
[CTRL DEBUG] cycle=82141 state=8 start=0 incntlim=64 act_reps=1 wei_reps=1 ncontexts=1 context_cnt=0 act_cnt_en=0 wei_cnt_en=0 act_pop_en=0 wei_pop_en=0 psm_start=0 shift_done=0 done=0 cscnt_q=25 pop_shim_q2=1 cdone_q=0 o_cswitch_done_val=0 o_cdone_val=0
[CTRL DEBUG] cycle=82141 state=8 start=0 incntlim=64 act_reps=1 wei_reps=1 ncontexts=1 context_cnt=0 act_cnt_en=0 wei_cnt_en=0 act_pop_en=0 wei_pop_en=0 psm_start=0 shift_done=0 done=0 cscnt_q=25 pop_shim_q2=1 cdone_q=0 o_cswitch_done_val=0 o_cdone_val=0
[CTRL DEBUG] cycle=82141 state=8 start=0 incntlim=64 act_reps=1 wei_reps=1 ncontexts=1 context_cnt=0 act_cnt_en=0 wei_cnt_en=0 act_pop_en=0 wei_pop_en=0 psm_start=0 shift_done=0 done=0 cscnt_q=25 pop_shim_q2=1 cdone_q=0 o_cswitch_done_val=0 o_cdone_val=0
[CTRL DEBUG] cycle=82142 state=8 start=0 incntlim=64 act_reps=1 wei_reps=1 ncontexts=1 context_cnt=0 act_cnt_en=0 wei_cnt_en=0 act_pop_en=0 wei_pop_en=0 psm_start=0 shift_done=0 done=0 cscnt_q=26 pop_shim_q2=1 cdone_q=0 o_cswitch_done_val=0 o_cdone_val=0
[CTRL DEBUG] cycle=82142 state=8 start=0 incntlim=64 act_reps=1 wei_reps=1 ncontexts=1 context_cnt=0 act_cnt_en=0 wei_cnt_en=0 act_pop_en=0 wei_pop_en=0 psm_start=0 shift_done=0 done=0 cscnt_q=26 pop_shim_q2=1 cdone_q=0 o_cswitch_done_val=0 o_cdone_val=0
[CTRL DEBUG] cycle=82142 state=8 start=0 incntlim=64 act_reps=1 wei_reps=1 ncontexts=1 context_cnt=0 act_cnt_en=0 wei_cnt_en=0 act_pop_en=0 wei_pop_en=0 psm_start=0 shift_done=0 done=0 cscnt_q=26 pop_shim_q2=1 cdone_q=0 o_cswitch_done_val=0 o_cdone_val=0
[CTRL DEBUG] cycle=82142 state=8 start=0 incntlim=64 act_reps=1 wei_reps=1 ncontexts=1 context_cnt=0 act_cnt_en=0 wei_cnt_en=0 act_pop_en=0 wei_pop_en=0 psm_start=0 shift_done=0 done=0 cscnt_q=26 pop_shim_q2=1 cdone_q=0 o_cswitch_done_val=0 o_cdone_val=0
[CTRL DEBUG] cycle=82142 state=8 start=0 incntlim=64 act_reps=1 wei_reps=1 ncontexts=1 context_cnt=0 act_cnt_en=0 wei_cnt_en=0 act_pop_en=0 wei_pop_en=0 psm_start=0 shift_done=0 done=0 cscnt_q=26 pop_shim_q2=1 cdone_q=0 o_cswitch_done_val=0 o_cdone_val=0
[CTRL DEBUG] cycle=82142 state=8 start=0 incntlim=64 act_reps=1 wei_reps=1 ncontexts=1 context_cnt=0 act_cnt_en=0 wei_cnt_en=0 act_pop_en=0 wei_pop_en=0 psm_start=0 shift_done=0 done=0 cscnt_q=26 pop_shim_q2=1 cdone_q=0 o_cswitch_done_val=0 o_cdone_val=0
[CTRL DEBUG] cycle=82143 state=8 start=0 incntlim=64 act_reps=1 wei_reps=1 ncontexts=1 context_cnt=0 act_cnt_en=0 wei_cnt_en=0 act_pop_en=0 wei_pop_en=0 psm_start=0 shift_done=0 done=0 cscnt_q=27 pop_shim_q2=1 cdone_q=0 o_cswitch_done_val=0 o_cdone_val=0
[CTRL DEBUG] cycle=82143 state=8 start=0 incntlim=64 act_reps=1 wei_reps=1 ncontexts=1 context_cnt=0 act_cnt_en=0 wei_cnt_en=0 act_pop_en=0 wei_pop_en=0 psm_start=0 shift_done=0 done=0 cscnt_q=27 pop_shim_q2=1 cdone_q=0 o_cswitch_done_val=0 o_cdone_val=0
[CTRL DEBUG] cycle=82143 state=8 start=0 incntlim=64 act_reps=1 wei_reps=1 ncontexts=1 context_cnt=0 act_cnt_en=0 wei_cnt_en=0 act_pop_en=0 wei_pop_en=0 psm_start=0 shift_done=0 done=0 cscnt_q=27 pop_shim_q2=1 cdone_q=0 o_cswitch_done_val=0 o_cdone_val=0
[CTRL DEBUG] cycle=82143 state=8 start=0 incntlim=64 act_reps=1 wei_reps=1 ncontexts=1 context_cnt=0 act_cnt_en=0 wei_cnt_en=0 act_pop_en=0 wei_pop_en=0 psm_start=0 shift_done=0 done=0 cscnt_q=27 pop_shim_q2=1 cdone_q=0 o_cswitch_done_val=0 o_cdone_val=0
[CTRL DEBUG] cycle=82143 state=8 start=0 incntlim=64 act_reps=1 wei_reps=1 ncontexts=1 context_cnt=0 act_cnt_en=0 wei_cnt_en=0 act_pop_en=0 wei_pop_en=0 psm_start=0 shift_done=0 done=0 cscnt_q=27 pop_shim_q2=1 cdone_q=0 o_cswitch_done_val=0 o_cdone_val=0
[CTRL DEBUG] cycle=82143 state=8 start=0 incntlim=64 act_reps=1 wei_reps=1 ncontexts=1 context_cnt=0 act_cnt_en=0 wei_cnt_en=0 act_pop_en=0 wei_pop_en=0 psm_start=0 shift_done=0 done=0 cscnt_q=27 pop_shim_q2=1 cdone_q=0 o_cswitch_done_val=0 o_cdone_val=0
[CTRL DEBUG] cycle=82144 state=8 start=0 incntlim=64 act_reps=1 wei_reps=1 ncontexts=1 context_cnt=0 act_cnt_en=0 wei_cnt_en=0 act_pop_en=0 wei_pop_en=0 psm_start=0 shift_done=0 done=0 cscnt_q=28 pop_shim_q2=1 cdone_q=0 o_cswitch_done_val=0 o_cdone_val=0
[CTRL DEBUG] cycle=82144 state=8 start=0 incntlim=64 act_reps=1 wei_reps=1 ncontexts=1 context_cnt=0 act_cnt_en=0 wei_cnt_en=0 act_pop_en=0 wei_pop_en=0 psm_start=0 shift_done=0 done=0 cscnt_q=28 pop_shim_q2=1 cdone_q=0 o_cswitch_done_val=0 o_cdone_val=0
[CTRL DEBUG] cycle=82144 state=8 start=0 incntlim=64 act_reps=1 wei_reps=1 ncontexts=1 context_cnt=0 act_cnt_en=0 wei_cnt_en=0 act_pop_en=0 wei_pop_en=0 psm_start=0 shift_done=0 done=0 cscnt_q=28 pop_shim_q2=1 cdone_q=0 o_cswitch_done_val=0 o_cdone_val=0
[CTRL DEBUG] cycle=82144 state=8 start=0 incntlim=64 act_reps=1 wei_reps=1 ncontexts=1 context_cnt=0 act_cnt_en=0 wei_cnt_en=0 act_pop_en=0 wei_pop_en=0 psm_start=0 shift_done=0 done=0 cscnt_q=28 pop_shim_q2=1 cdone_q=0 o_cswitch_done_val=0 o_cdone_val=0
[CTRL DEBUG] cycle=82144 state=8 start=0 incntlim=64 act_reps=1 wei_reps=1 ncontexts=1 context_cnt=0 act_cnt_en=0 wei_cnt_en=0 act_pop_en=0 wei_pop_en=0 psm_start=0 shift_done=0 done=0 cscnt_q=28 pop_shim_q2=1 cdone_q=0 o_cswitch_done_val=0 o_cdone_val=0
[CTRL DEBUG] cycle=82144 state=8 start=0 incntlim=64 act_reps=1 wei_reps=1 ncontexts=1 context_cnt=0 act_cnt_en=0 wei_cnt_en=0 act_pop_en=0 wei_pop_en=0 psm_start=0 shift_done=0 done=0 cscnt_q=28 pop_shim_q2=1 cdone_q=0 o_cswitch_done_val=0 o_cdone_val=0
[CTRL DEBUG] cycle=82145 state=8 start=0 incntlim=64 act_reps=1 wei_reps=1 ncontexts=1 context_cnt=0 act_cnt_en=0 wei_cnt_en=0 act_pop_en=0 wei_pop_en=0 psm_start=0 shift_done=0 done=0 cscnt_q=29 pop_shim_q2=1 cdone_q=0 o_cswitch_done_val=0 o_cdone_val=0
[CTRL DEBUG] cycle=82145 state=8 start=0 incntlim=64 act_reps=1 wei_reps=1 ncontexts=1 context_cnt=0 act_cnt_en=0 wei_cnt_en=0 act_pop_en=0 wei_pop_en=0 psm_start=0 shift_done=0 done=0 cscnt_q=29 pop_shim_q2=1 cdone_q=0 o_cswitch_done_val=0 o_cdone_val=0
[CTRL DEBUG] cycle=82145 state=8 start=0 incntlim=64 act_reps=1 wei_reps=1 ncontexts=1 context_cnt=0 act_cnt_en=0 wei_cnt_en=0 act_pop_en=0 wei_pop_en=0 psm_start=0 shift_done=0 done=0 cscnt_q=29 pop_shim_q2=1 cdone_q=0 o_cswitch_done_val=0 o_cdone_val=0
[CTRL DEBUG] cycle=82145 state=8 start=0 incntlim=64 act_reps=1 wei_reps=1 ncontexts=1 context_cnt=0 act_cnt_en=0 wei_cnt_en=0 act_pop_en=0 wei_pop_en=0 psm_start=0 shift_done=0 done=0 cscnt_q=29 pop_shim_q2=1 cdone_q=0 o_cswitch_done_val=0 o_cdone_val=0
[CTRL DEBUG] cycle=82145 state=8 start=0 incntlim=64 act_reps=1 wei_reps=1 ncontexts=1 context_cnt=0 act_cnt_en=0 wei_cnt_en=0 act_pop_en=0 wei_pop_en=0 psm_start=0 shift_done=0 done=0 cscnt_q=29 pop_shim_q2=1 cdone_q=0 o_cswitch_done_val=0 o_cdone_val=0
[CTRL DEBUG] cycle=82145 state=8 start=0 incntlim=64 act_reps=1 wei_reps=1 ncontexts=1 context_cnt=0 act_cnt_en=0 wei_cnt_en=0 act_pop_en=0 wei_pop_en=0 psm_start=0 shift_done=0 done=0 cscnt_q=29 pop_shim_q2=1 cdone_q=0 o_cswitch_done_val=0 o_cdone_val=0
[CTRL DEBUG] cycle=82146 state=8 start=0 incntlim=64 act_reps=1 wei_reps=1 ncontexts=1 context_cnt=0 act_cnt_en=0 wei_cnt_en=0 act_pop_en=0 wei_pop_en=0 psm_start=0 shift_done=0 done=0 cscnt_q=30 pop_shim_q2=1 cdone_q=0 o_cswitch_done_val=0 o_cdone_val=0
[CTRL WAIT CSWITCH] cycle=82146 wait=40 limit=64
[CTRL DEBUG] cycle=82146 state=8 start=0 incntlim=64 act_reps=1 wei_reps=1 ncontexts=1 context_cnt=0 act_cnt_en=0 wei_cnt_en=0 act_pop_en=0 wei_pop_en=0 psm_start=0 shift_done=0 done=0 cscnt_q=30 pop_shim_q2=1 cdone_q=0 o_cswitch_done_val=0 o_cdone_val=0
[CTRL WAIT CSWITCH] cycle=82146 wait=40 limit=64
[CTRL DEBUG] cycle=82146 state=8 start=0 incntlim=64 act_reps=1 wei_reps=1 ncontexts=1 context_cnt=0 act_cnt_en=0 wei_cnt_en=0 act_pop_en=0 wei_pop_en=0 psm_start=0 shift_done=0 done=0 cscnt_q=30 pop_shim_q2=1 cdone_q=0 o_cswitch_done_val=0 o_cdone_val=0
[CTRL WAIT CSWITCH] cycle=82146 wait=40 limit=64
[CTRL DEBUG] cycle=82146 state=8 start=0 incntlim=64 act_reps=1 wei_reps=1 ncontexts=1 context_cnt=0 act_cnt_en=0 wei_cnt_en=0 act_pop_en=0 wei_pop_en=0 psm_start=0 shift_done=0 done=0 cscnt_q=30 pop_shim_q2=1 cdone_q=0 o_cswitch_done_val=0 o_cdone_val=0
[CTRL WAIT CSWITCH] cycle=82146 wait=40 limit=64
[CTRL DEBUG] cycle=82146 state=8 start=0 incntlim=64 act_reps=1 wei_reps=1 ncontexts=1 context_cnt=0 act_cnt_en=0 wei_cnt_en=0 act_pop_en=0 wei_pop_en=0 psm_start=0 shift_done=0 done=0 cscnt_q=30 pop_shim_q2=1 cdone_q=0 o_cswitch_done_val=0 o_cdone_val=0
[CTRL WAIT CSWITCH] cycle=82146 wait=40 limit=64
[CTRL DEBUG] cycle=82146 state=8 start=0 incntlim=64 act_reps=1 wei_reps=1 ncontexts=1 context_cnt=0 act_cnt_en=0 wei_cnt_en=0 act_pop_en=0 wei_pop_en=0 psm_start=0 shift_done=0 done=0 cscnt_q=30 pop_shim_q2=1 cdone_q=0 o_cswitch_done_val=0 o_cdone_val=0
[CTRL WAIT CSWITCH] cycle=82146 wait=40 limit=64
[CTRL DEBUG] cycle=82147 state=8 start=0 incntlim=64 act_reps=1 wei_reps=1 ncontexts=1 context_cnt=0 act_cnt_en=0 wei_cnt_en=0 act_pop_en=0 wei_pop_en=0 psm_start=0 shift_done=0 done=0 cscnt_q=31 pop_shim_q2=1 cdone_q=0 o_cswitch_done_val=0 o_cdone_val=0
[CTRL DEBUG] cycle=82147 state=8 start=0 incntlim=64 act_reps=1 wei_reps=1 ncontexts=1 context_cnt=0 act_cnt_en=0 wei_cnt_en=0 act_pop_en=0 wei_pop_en=0 psm_start=0 shift_done=0 done=0 cscnt_q=31 pop_shim_q2=1 cdone_q=0 o_cswitch_done_val=0 o_cdone_val=0
[CTRL DEBUG] cycle=82147 state=8 start=0 incntlim=64 act_reps=1 wei_reps=1 ncontexts=1 context_cnt=0 act_cnt_en=0 wei_cnt_en=0 act_pop_en=0 wei_pop_en=0 psm_start=0 shift_done=0 done=0 cscnt_q=31 pop_shim_q2=1 cdone_q=0 o_cswitch_done_val=0 o_cdone_val=0
[CTRL DEBUG] cycle=82147 state=8 start=0 incntlim=64 act_reps=1 wei_reps=1 ncontexts=1 context_cnt=0 act_cnt_en=0 wei_cnt_en=0 act_pop_en=0 wei_pop_en=0 psm_start=0 shift_done=0 done=0 cscnt_q=31 pop_shim_q2=1 cdone_q=0 o_cswitch_done_val=0 o_cdone_val=0
[CTRL DEBUG] cycle=82147 state=8 start=0 incntlim=64 act_reps=1 wei_reps=1 ncontexts=1 context_cnt=0 act_cnt_en=0 wei_cnt_en=0 act_pop_en=0 wei_pop_en=0 psm_start=0 shift_done=0 done=0 cscnt_q=31 pop_shim_q2=1 cdone_q=0 o_cswitch_done_val=0 o_cdone_val=0
[CTRL DEBUG] cycle=82147 state=8 start=0 incntlim=64 act_reps=1 wei_reps=1 ncontexts=1 context_cnt=0 act_cnt_en=0 wei_cnt_en=0 act_pop_en=0 wei_pop_en=0 psm_start=0 shift_done=0 done=0 cscnt_q=31 pop_shim_q2=1 cdone_q=0 o_cswitch_done_val=0 o_cdone_val=0
[CTRL DEBUG] cycle=82148 state=8 start=0 incntlim=64 act_reps=1 wei_reps=1 ncontexts=1 context_cnt=0 act_cnt_en=0 wei_cnt_en=0 act_pop_en=0 wei_pop_en=0 psm_start=0 shift_done=0 done=0 cscnt_q=32 pop_shim_q2=1 cdone_q=0 o_cswitch_done_val=0 o_cdone_val=0
[CTRL DEBUG] cycle=82148 state=8 start=0 incntlim=64 act_reps=1 wei_reps=1 ncontexts=1 context_cnt=0 act_cnt_en=0 wei_cnt_en=0 act_pop_en=0 wei_pop_en=0 psm_start=0 shift_done=0 done=0 cscnt_q=32 pop_shim_q2=1 cdone_q=0 o_cswitch_done_val=0 o_cdone_val=0
[CTRL DEBUG] cycle=82148 state=8 start=0 incntlim=64 act_reps=1 wei_reps=1 ncontexts=1 context_cnt=0 act_cnt_en=0 wei_cnt_en=0 act_pop_en=0 wei_pop_en=0 psm_start=0 shift_done=0 done=0 cscnt_q=32 pop_shim_q2=1 cdone_q=0 o_cswitch_done_val=0 o_cdone_val=0
[CTRL DEBUG] cycle=82148 state=8 start=0 incntlim=64 act_reps=1 wei_reps=1 ncontexts=1 context_cnt=0 act_cnt_en=0 wei_cnt_en=0 act_pop_en=0 wei_pop_en=0 psm_start=0 shift_done=0 done=0 cscnt_q=32 pop_shim_q2=1 cdone_q=0 o_cswitch_done_val=0 o_cdone_val=0
[CTRL DEBUG] cycle=82148 state=8 start=0 incntlim=64 act_reps=1 wei_reps=1 ncontexts=1 context_cnt=0 act_cnt_en=0 wei_cnt_en=0 act_pop_en=0 wei_pop_en=0 psm_start=0 shift_done=0 done=0 cscnt_q=32 pop_shim_q2=1 cdone_q=0 o_cswitch_done_val=0 o_cdone_val=0
[CTRL DEBUG] cycle=82148 state=8 start=0 incntlim=64 act_reps=1 wei_reps=1 ncontexts=1 context_cnt=0 act_cnt_en=0 wei_cnt_en=0 act_pop_en=0 wei_pop_en=0 psm_start=0 shift_done=0 done=0 cscnt_q=32 pop_shim_q2=1 cdone_q=0 o_cswitch_done_val=0 o_cdone_val=0
[CTRL DEBUG] cycle=82149 state=8 start=0 incntlim=64 act_reps=1 wei_reps=1 ncontexts=1 context_cnt=0 act_cnt_en=0 wei_cnt_en=0 act_pop_en=0 wei_pop_en=0 psm_start=0 shift_done=0 done=0 cscnt_q=33 pop_shim_q2=1 cdone_q=0 o_cswitch_done_val=0 o_cdone_val=0
[CTRL DEBUG] cycle=82149 state=8 start=0 incntlim=64 act_reps=1 wei_reps=1 ncontexts=1 context_cnt=0 act_cnt_en=0 wei_cnt_en=0 act_pop_en=0 wei_pop_en=0 psm_start=0 shift_done=0 done=0 cscnt_q=33 pop_shim_q2=1 cdone_q=0 o_cswitch_done_val=0 o_cdone_val=0
[CTRL DEBUG] cycle=82149 state=8 start=0 incntlim=64 act_reps=1 wei_reps=1 ncontexts=1 context_cnt=0 act_cnt_en=0 wei_cnt_en=0 act_pop_en=0 wei_pop_en=0 psm_start=0 shift_done=0 done=0 cscnt_q=33 pop_shim_q2=1 cdone_q=0 o_cswitch_done_val=0 o_cdone_val=0
[CTRL DEBUG] cycle=82149 state=8 start=0 incntlim=64 act_reps=1 wei_reps=1 ncontexts=1 context_cnt=0 act_cnt_en=0 wei_cnt_en=0 act_pop_en=0 wei_pop_en=0 psm_start=0 shift_done=0 done=0 cscnt_q=33 pop_shim_q2=1 cdone_q=0 o_cswitch_done_val=0 o_cdone_val=0
[CTRL DEBUG] cycle=82149 state=8 start=0 incntlim=64 act_reps=1 wei_reps=1 ncontexts=1 context_cnt=0 act_cnt_en=0 wei_cnt_en=0 act_pop_en=0 wei_pop_en=0 psm_start=0 shift_done=0 done=0 cscnt_q=33 pop_shim_q2=1 cdone_q=0 o_cswitch_done_val=0 o_cdone_val=0
[CTRL DEBUG] cycle=82149 state=8 start=0 incntlim=64 act_reps=1 wei_reps=1 ncontexts=1 context_cnt=0 act_cnt_en=0 wei_cnt_en=0 act_pop_en=0 wei_pop_en=0 psm_start=0 shift_done=0 done=0 cscnt_q=33 pop_shim_q2=1 cdone_q=0 o_cswitch_done_val=0 o_cdone_val=0
[CTRL DEBUG] cycle=82150 state=8 start=0 incntlim=64 act_reps=1 wei_reps=1 ncontexts=1 context_cnt=0 act_cnt_en=0 wei_cnt_en=0 act_pop_en=0 wei_pop_en=0 psm_start=0 shift_done=0 done=0 cscnt_q=34 pop_shim_q2=1 cdone_q=0 o_cswitch_done_val=0 o_cdone_val=0
[CTRL DEBUG] cycle=82150 state=8 start=0 incntlim=64 act_reps=1 wei_reps=1 ncontexts=1 context_cnt=0 act_cnt_en=0 wei_cnt_en=0 act_pop_en=0 wei_pop_en=0 psm_start=0 shift_done=0 done=0 cscnt_q=34 pop_shim_q2=1 cdone_q=0 o_cswitch_done_val=0 o_cdone_val=0
[CTRL DEBUG] cycle=82150 state=8 start=0 incntlim=64 act_reps=1 wei_reps=1 ncontexts=1 context_cnt=0 act_cnt_en=0 wei_cnt_en=0 act_pop_en=0 wei_pop_en=0 psm_start=0 shift_done=0 done=0 cscnt_q=34 pop_shim_q2=1 cdone_q=0 o_cswitch_done_val=0 o_cdone_val=0
[CTRL DEBUG] cycle=82150 state=8 start=0 incntlim=64 act_reps=1 wei_reps=1 ncontexts=1 context_cnt=0 act_cnt_en=0 wei_cnt_en=0 act_pop_en=0 wei_pop_en=0 psm_start=0 shift_done=0 done=0 cscnt_q=34 pop_shim_q2=1 cdone_q=0 o_cswitch_done_val=0 o_cdone_val=0
[CTRL DEBUG] cycle=82150 state=8 start=0 incntlim=64 act_reps=1 wei_reps=1 ncontexts=1 context_cnt=0 act_cnt_en=0 wei_cnt_en=0 act_pop_en=0 wei_pop_en=0 psm_start=0 shift_done=0 done=0 cscnt_q=34 pop_shim_q2=1 cdone_q=0 o_cswitch_done_val=0 o_cdone_val=0
[CTRL DEBUG] cycle=82150 state=8 start=0 incntlim=64 act_reps=1 wei_reps=1 ncontexts=1 context_cnt=0 act_cnt_en=0 wei_cnt_en=0 act_pop_en=0 wei_pop_en=0 psm_start=0 shift_done=0 done=0 cscnt_q=34 pop_shim_q2=1 cdone_q=0 o_cswitch_done_val=0 o_cdone_val=0
[CTRL DEBUG] cycle=82151 state=8 start=0 incntlim=64 act_reps=1 wei_reps=1 ncontexts=1 context_cnt=0 act_cnt_en=0 wei_cnt_en=0 act_pop_en=0 wei_pop_en=0 psm_start=0 shift_done=0 done=0 cscnt_q=35 pop_shim_q2=1 cdone_q=0 o_cswitch_done_val=0 o_cdone_val=0
[CTRL DEBUG] cycle=82151 state=8 start=0 incntlim=64 act_reps=1 wei_reps=1 ncontexts=1 context_cnt=0 act_cnt_en=0 wei_cnt_en=0 act_pop_en=0 wei_pop_en=0 psm_start=0 shift_done=0 done=0 cscnt_q=35 pop_shim_q2=1 cdone_q=0 o_cswitch_done_val=0 o_cdone_val=0
[CTRL DEBUG] cycle=82151 state=8 start=0 incntlim=64 act_reps=1 wei_reps=1 ncontexts=1 context_cnt=0 act_cnt_en=0 wei_cnt_en=0 act_pop_en=0 wei_pop_en=0 psm_start=0 shift_done=0 done=0 cscnt_q=35 pop_shim_q2=1 cdone_q=0 o_cswitch_done_val=0 o_cdone_val=0
[CTRL DEBUG] cycle=82151 state=8 start=0 incntlim=64 act_reps=1 wei_reps=1 ncontexts=1 context_cnt=0 act_cnt_en=0 wei_cnt_en=0 act_pop_en=0 wei_pop_en=0 psm_start=0 shift_done=0 done=0 cscnt_q=35 pop_shim_q2=1 cdone_q=0 o_cswitch_done_val=0 o_cdone_val=0
[CTRL DEBUG] cycle=82151 state=8 start=0 incntlim=64 act_reps=1 wei_reps=1 ncontexts=1 context_cnt=0 act_cnt_en=0 wei_cnt_en=0 act_pop_en=0 wei_pop_en=0 psm_start=0 shift_done=0 done=0 cscnt_q=35 pop_shim_q2=1 cdone_q=0 o_cswitch_done_val=0 o_cdone_val=0
[CTRL DEBUG] cycle=82151 state=8 start=0 incntlim=64 act_reps=1 wei_reps=1 ncontexts=1 context_cnt=0 act_cnt_en=0 wei_cnt_en=0 act_pop_en=0 wei_pop_en=0 psm_start=0 shift_done=0 done=0 cscnt_q=35 pop_shim_q2=1 cdone_q=0 o_cswitch_done_val=0 o_cdone_val=0
[CTRL DEBUG] cycle=82152 state=8 start=0 incntlim=64 act_reps=1 wei_reps=1 ncontexts=1 context_cnt=0 act_cnt_en=0 wei_cnt_en=0 act_pop_en=0 wei_pop_en=0 psm_start=0 shift_done=0 done=0 cscnt_q=36 pop_shim_q2=1 cdone_q=0 o_cswitch_done_val=0 o_cdone_val=0
[CTRL DEBUG] cycle=82152 state=8 start=0 incntlim=64 act_reps=1 wei_reps=1 ncontexts=1 context_cnt=0 act_cnt_en=0 wei_cnt_en=0 act_pop_en=0 wei_pop_en=0 psm_start=0 shift_done=0 done=0 cscnt_q=36 pop_shim_q2=1 cdone_q=0 o_cswitch_done_val=0 o_cdone_val=0
[CTRL DEBUG] cycle=82152 state=8 start=0 incntlim=64 act_reps=1 wei_reps=1 ncontexts=1 context_cnt=0 act_cnt_en=0 wei_cnt_en=0 act_pop_en=0 wei_pop_en=0 psm_start=0 shift_done=0 done=0 cscnt_q=36 pop_shim_q2=1 cdone_q=0 o_cswitch_done_val=0 o_cdone_val=0
[CTRL DEBUG] cycle=82152 state=8 start=0 incntlim=64 act_reps=1 wei_reps=1 ncontexts=1 context_cnt=0 act_cnt_en=0 wei_cnt_en=0 act_pop_en=0 wei_pop_en=0 psm_start=0 shift_done=0 done=0 cscnt_q=36 pop_shim_q2=1 cdone_q=0 o_cswitch_done_val=0 o_cdone_val=0
[CTRL DEBUG] cycle=82152 state=8 start=0 incntlim=64 act_reps=1 wei_reps=1 ncontexts=1 context_cnt=0 act_cnt_en=0 wei_cnt_en=0 act_pop_en=0 wei_pop_en=0 psm_start=0 shift_done=0 done=0 cscnt_q=36 pop_shim_q2=1 cdone_q=0 o_cswitch_done_val=0 o_cdone_val=0
[CTRL DEBUG] cycle=82152 state=8 start=0 incntlim=64 act_reps=1 wei_reps=1 ncontexts=1 context_cnt=0 act_cnt_en=0 wei_cnt_en=0 act_pop_en=0 wei_pop_en=0 psm_start=0 shift_done=0 done=0 cscnt_q=36 pop_shim_q2=1 cdone_q=0 o_cswitch_done_val=0 o_cdone_val=0
[CTRL DEBUG] cycle=82153 state=8 start=0 incntlim=64 act_reps=1 wei_reps=1 ncontexts=1 context_cnt=0 act_cnt_en=0 wei_cnt_en=0 act_pop_en=0 wei_pop_en=0 psm_start=0 shift_done=0 done=0 cscnt_q=37 pop_shim_q2=1 cdone_q=0 o_cswitch_done_val=0 o_cdone_val=0
[CTRL DEBUG] cycle=82153 state=8 start=0 incntlim=64 act_reps=1 wei_reps=1 ncontexts=1 context_cnt=0 act_cnt_en=0 wei_cnt_en=0 act_pop_en=0 wei_pop_en=0 psm_start=0 shift_done=0 done=0 cscnt_q=37 pop_shim_q2=1 cdone_q=0 o_cswitch_done_val=0 o_cdone_val=0
[CTRL DEBUG] cycle=82153 state=8 start=0 incntlim=64 act_reps=1 wei_reps=1 ncontexts=1 context_cnt=0 act_cnt_en=0 wei_cnt_en=0 act_pop_en=0 wei_pop_en=0 psm_start=0 shift_done=0 done=0 cscnt_q=37 pop_shim_q2=1 cdone_q=0 o_cswitch_done_val=0 o_cdone_val=0
[CTRL DEBUG] cycle=82153 state=8 start=0 incntlim=64 act_reps=1 wei_reps=1 ncontexts=1 context_cnt=0 act_cnt_en=0 wei_cnt_en=0 act_pop_en=0 wei_pop_en=0 psm_start=0 shift_done=0 done=0 cscnt_q=37 pop_shim_q2=1 cdone_q=0 o_cswitch_done_val=0 o_cdone_val=0
[CTRL DEBUG] cycle=82153 state=8 start=0 incntlim=64 act_reps=1 wei_reps=1 ncontexts=1 context_cnt=0 act_cnt_en=0 wei_cnt_en=0 act_pop_en=0 wei_pop_en=0 psm_start=0 shift_done=0 done=0 cscnt_q=37 pop_shim_q2=1 cdone_q=0 o_cswitch_done_val=0 o_cdone_val=0
[CTRL DEBUG] cycle=82153 state=8 start=0 incntlim=64 act_reps=1 wei_reps=1 ncontexts=1 context_cnt=0 act_cnt_en=0 wei_cnt_en=0 act_pop_en=0 wei_pop_en=0 psm_start=0 shift_done=0 done=0 cscnt_q=37 pop_shim_q2=1 cdone_q=0 o_cswitch_done_val=0 o_cdone_val=0
[CTRL DEBUG] cycle=82154 state=8 start=0 incntlim=64 act_reps=1 wei_reps=1 ncontexts=1 context_cnt=0 act_cnt_en=0 wei_cnt_en=0 act_pop_en=0 wei_pop_en=0 psm_start=0 shift_done=0 done=0 cscnt_q=38 pop_shim_q2=1 cdone_q=0 o_cswitch_done_val=0 o_cdone_val=0
[CTRL WAIT CSWITCH] cycle=82154 wait=48 limit=64
[CTRL DEBUG] cycle=82154 state=8 start=0 incntlim=64 act_reps=1 wei_reps=1 ncontexts=1 context_cnt=0 act_cnt_en=0 wei_cnt_en=0 act_pop_en=0 wei_pop_en=0 psm_start=0 shift_done=0 done=0 cscnt_q=38 pop_shim_q2=1 cdone_q=0 o_cswitch_done_val=0 o_cdone_val=0
[CTRL WAIT CSWITCH] cycle=82154 wait=48 limit=64
[CTRL DEBUG] cycle=82154 state=8 start=0 incntlim=64 act_reps=1 wei_reps=1 ncontexts=1 context_cnt=0 act_cnt_en=0 wei_cnt_en=0 act_pop_en=0 wei_pop_en=0 psm_start=0 shift_done=0 done=0 cscnt_q=38 pop_shim_q2=1 cdone_q=0 o_cswitch_done_val=0 o_cdone_val=0
[CTRL WAIT CSWITCH] cycle=82154 wait=48 limit=64
[CTRL DEBUG] cycle=82154 state=8 start=0 incntlim=64 act_reps=1 wei_reps=1 ncontexts=1 context_cnt=0 act_cnt_en=0 wei_cnt_en=0 act_pop_en=0 wei_pop_en=0 psm_start=0 shift_done=0 done=0 cscnt_q=38 pop_shim_q2=1 cdone_q=0 o_cswitch_done_val=0 o_cdone_val=0
[CTRL WAIT CSWITCH] cycle=82154 wait=48 limit=64
[CTRL DEBUG] cycle=82154 state=8 start=0 incntlim=64 act_reps=1 wei_reps=1 ncontexts=1 context_cnt=0 act_cnt_en=0 wei_cnt_en=0 act_pop_en=0 wei_pop_en=0 psm_start=0 shift_done=0 done=0 cscnt_q=38 pop_shim_q2=1 cdone_q=0 o_cswitch_done_val=0 o_cdone_val=0
[CTRL WAIT CSWITCH] cycle=82154 wait=48 limit=64
[CTRL DEBUG] cycle=82154 state=8 start=0 incntlim=64 act_reps=1 wei_reps=1 ncontexts=1 context_cnt=0 act_cnt_en=0 wei_cnt_en=0 act_pop_en=0 wei_pop_en=0 psm_start=0 shift_done=0 done=0 cscnt_q=38 pop_shim_q2=1 cdone_q=0 o_cswitch_done_val=0 o_cdone_val=0
[CTRL WAIT CSWITCH] cycle=82154 wait=48 limit=64
[CTRL DEBUG] cycle=82155 state=8 start=0 incntlim=64 act_reps=1 wei_reps=1 ncontexts=1 context_cnt=0 act_cnt_en=0 wei_cnt_en=0 act_pop_en=0 wei_pop_en=0 psm_start=0 shift_done=0 done=0 cscnt_q=39 pop_shim_q2=1 cdone_q=0 o_cswitch_done_val=0 o_cdone_val=0
[CTRL DEBUG] cycle=82155 state=8 start=0 incntlim=64 act_reps=1 wei_reps=1 ncontexts=1 context_cnt=0 act_cnt_en=0 wei_cnt_en=0 act_pop_en=0 wei_pop_en=0 psm_start=0 shift_done=0 done=0 cscnt_q=39 pop_shim_q2=1 cdone_q=0 o_cswitch_done_val=0 o_cdone_val=0
[CTRL DEBUG] cycle=82155 state=8 start=0 incntlim=64 act_reps=1 wei_reps=1 ncontexts=1 context_cnt=0 act_cnt_en=0 wei_cnt_en=0 act_pop_en=0 wei_pop_en=0 psm_start=0 shift_done=0 done=0 cscnt_q=39 pop_shim_q2=1 cdone_q=0 o_cswitch_done_val=0 o_cdone_val=0
[CTRL DEBUG] cycle=82155 state=8 start=0 incntlim=64 act_reps=1 wei_reps=1 ncontexts=1 context_cnt=0 act_cnt_en=0 wei_cnt_en=0 act_pop_en=0 wei_pop_en=0 psm_start=0 shift_done=0 done=0 cscnt_q=39 pop_shim_q2=1 cdone_q=0 o_cswitch_done_val=0 o_cdone_val=0
[CTRL DEBUG] cycle=82155 state=8 start=0 incntlim=64 act_reps=1 wei_reps=1 ncontexts=1 context_cnt=0 act_cnt_en=0 wei_cnt_en=0 act_pop_en=0 wei_pop_en=0 psm_start=0 shift_done=0 done=0 cscnt_q=39 pop_shim_q2=1 cdone_q=0 o_cswitch_done_val=0 o_cdone_val=0
[CTRL DEBUG] cycle=82155 state=8 start=0 incntlim=64 act_reps=1 wei_reps=1 ncontexts=1 context_cnt=0 act_cnt_en=0 wei_cnt_en=0 act_pop_en=0 wei_pop_en=0 psm_start=0 shift_done=0 done=0 cscnt_q=39 pop_shim_q2=1 cdone_q=0 o_cswitch_done_val=0 o_cdone_val=0
[CTRL DEBUG] cycle=82156 state=8 start=0 incntlim=64 act_reps=1 wei_reps=1 ncontexts=1 context_cnt=0 act_cnt_en=0 wei_cnt_en=0 act_pop_en=0 wei_pop_en=0 psm_start=0 shift_done=0 done=0 cscnt_q=40 pop_shim_q2=1 cdone_q=0 o_cswitch_done_val=0 o_cdone_val=0
[CTRL DEBUG] cycle=82156 state=8 start=0 incntlim=64 act_reps=1 wei_reps=1 ncontexts=1 context_cnt=0 act_cnt_en=0 wei_cnt_en=0 act_pop_en=0 wei_pop_en=0 psm_start=0 shift_done=0 done=0 cscnt_q=40 pop_shim_q2=1 cdone_q=0 o_cswitch_done_val=0 o_cdone_val=0
[CTRL DEBUG] cycle=82156 state=8 start=0 incntlim=64 act_reps=1 wei_reps=1 ncontexts=1 context_cnt=0 act_cnt_en=0 wei_cnt_en=0 act_pop_en=0 wei_pop_en=0 psm_start=0 shift_done=0 done=0 cscnt_q=40 pop_shim_q2=1 cdone_q=0 o_cswitch_done_val=0 o_cdone_val=0
[CTRL DEBUG] cycle=82156 state=8 start=0 incntlim=64 act_reps=1 wei_reps=1 ncontexts=1 context_cnt=0 act_cnt_en=0 wei_cnt_en=0 act_pop_en=0 wei_pop_en=0 psm_start=0 shift_done=0 done=0 cscnt_q=40 pop_shim_q2=1 cdone_q=0 o_cswitch_done_val=0 o_cdone_val=0
[CTRL DEBUG] cycle=82156 state=8 start=0 incntlim=64 act_reps=1 wei_reps=1 ncontexts=1 context_cnt=0 act_cnt_en=0 wei_cnt_en=0 act_pop_en=0 wei_pop_en=0 psm_start=0 shift_done=0 done=0 cscnt_q=40 pop_shim_q2=1 cdone_q=0 o_cswitch_done_val=0 o_cdone_val=0
[CTRL DEBUG] cycle=82156 state=8 start=0 incntlim=64 act_reps=1 wei_reps=1 ncontexts=1 context_cnt=0 act_cnt_en=0 wei_cnt_en=0 act_pop_en=0 wei_pop_en=0 psm_start=0 shift_done=0 done=0 cscnt_q=40 pop_shim_q2=1 cdone_q=0 o_cswitch_done_val=0 o_cdone_val=0
[CTRL DEBUG] cycle=82157 state=8 start=0 incntlim=64 act_reps=1 wei_reps=1 ncontexts=1 context_cnt=0 act_cnt_en=0 wei_cnt_en=0 act_pop_en=0 wei_pop_en=0 psm_start=0 shift_done=0 done=0 cscnt_q=41 pop_shim_q2=1 cdone_q=0 o_cswitch_done_val=0 o_cdone_val=0
[CTRL DEBUG] cycle=82157 state=8 start=0 incntlim=64 act_reps=1 wei_reps=1 ncontexts=1 context_cnt=0 act_cnt_en=0 wei_cnt_en=0 act_pop_en=0 wei_pop_en=0 psm_start=0 shift_done=0 done=0 cscnt_q=41 pop_shim_q2=1 cdone_q=0 o_cswitch_done_val=0 o_cdone_val=0
[CTRL DEBUG] cycle=82157 state=8 start=0 incntlim=64 act_reps=1 wei_reps=1 ncontexts=1 context_cnt=0 act_cnt_en=0 wei_cnt_en=0 act_pop_en=0 wei_pop_en=0 psm_start=0 shift_done=0 done=0 cscnt_q=41 pop_shim_q2=1 cdone_q=0 o_cswitch_done_val=0 o_cdone_val=0
[CTRL DEBUG] cycle=82157 state=8 start=0 incntlim=64 act_reps=1 wei_reps=1 ncontexts=1 context_cnt=0 act_cnt_en=0 wei_cnt_en=0 act_pop_en=0 wei_pop_en=0 psm_start=0 shift_done=0 done=0 cscnt_q=41 pop_shim_q2=1 cdone_q=0 o_cswitch_done_val=0 o_cdone_val=0
[CTRL DEBUG] cycle=82157 state=8 start=0 incntlim=64 act_reps=1 wei_reps=1 ncontexts=1 context_cnt=0 act_cnt_en=0 wei_cnt_en=0 act_pop_en=0 wei_pop_en=0 psm_start=0 shift_done=0 done=0 cscnt_q=41 pop_shim_q2=1 cdone_q=0 o_cswitch_done_val=0 o_cdone_val=0
[CTRL DEBUG] cycle=82157 state=8 start=0 incntlim=64 act_reps=1 wei_reps=1 ncontexts=1 context_cnt=0 act_cnt_en=0 wei_cnt_en=0 act_pop_en=0 wei_pop_en=0 psm_start=0 shift_done=0 done=0 cscnt_q=41 pop_shim_q2=1 cdone_q=0 o_cswitch_done_val=0 o_cdone_val=0
[CTRL DEBUG] cycle=82158 state=8 start=0 incntlim=64 act_reps=1 wei_reps=1 ncontexts=1 context_cnt=0 act_cnt_en=0 wei_cnt_en=0 act_pop_en=0 wei_pop_en=0 psm_start=0 shift_done=0 done=0 cscnt_q=42 pop_shim_q2=1 cdone_q=0 o_cswitch_done_val=0 o_cdone_val=0
[CTRL DEBUG] cycle=82158 state=8 start=0 incntlim=64 act_reps=1 wei_reps=1 ncontexts=1 context_cnt=0 act_cnt_en=0 wei_cnt_en=0 act_pop_en=0 wei_pop_en=0 psm_start=0 shift_done=0 done=0 cscnt_q=42 pop_shim_q2=1 cdone_q=0 o_cswitch_done_val=0 o_cdone_val=0
[CTRL DEBUG] cycle=82158 state=8 start=0 incntlim=64 act_reps=1 wei_reps=1 ncontexts=1 context_cnt=0 act_cnt_en=0 wei_cnt_en=0 act_pop_en=0 wei_pop_en=0 psm_start=0 shift_done=0 done=0 cscnt_q=42 pop_shim_q2=1 cdone_q=0 o_cswitch_done_val=0 o_cdone_val=0
[CTRL DEBUG] cycle=82158 state=8 start=0 incntlim=64 act_reps=1 wei_reps=1 ncontexts=1 context_cnt=0 act_cnt_en=0 wei_cnt_en=0 act_pop_en=0 wei_pop_en=0 psm_start=0 shift_done=0 done=0 cscnt_q=42 pop_shim_q2=1 cdone_q=0 o_cswitch_done_val=0 o_cdone_val=0
[CTRL DEBUG] cycle=82158 state=8 start=0 incntlim=64 act_reps=1 wei_reps=1 ncontexts=1 context_cnt=0 act_cnt_en=0 wei_cnt_en=0 act_pop_en=0 wei_pop_en=0 psm_start=0 shift_done=0 done=0 cscnt_q=42 pop_shim_q2=1 cdone_q=0 o_cswitch_done_val=0 o_cdone_val=0
[CTRL DEBUG] cycle=82158 state=8 start=0 incntlim=64 act_reps=1 wei_reps=1 ncontexts=1 context_cnt=0 act_cnt_en=0 wei_cnt_en=0 act_pop_en=0 wei_pop_en=0 psm_start=0 shift_done=0 done=0 cscnt_q=42 pop_shim_q2=1 cdone_q=0 o_cswitch_done_val=0 o_cdone_val=0
[CTRL DEBUG] cycle=82159 state=8 start=0 incntlim=64 act_reps=1 wei_reps=1 ncontexts=1 context_cnt=0 act_cnt_en=0 wei_cnt_en=0 act_pop_en=0 wei_pop_en=0 psm_start=0 shift_done=0 done=0 cscnt_q=43 pop_shim_q2=1 cdone_q=0 o_cswitch_done_val=0 o_cdone_val=0
[CTRL DEBUG] cycle=82159 state=8 start=0 incntlim=64 act_reps=1 wei_reps=1 ncontexts=1 context_cnt=0 act_cnt_en=0 wei_cnt_en=0 act_pop_en=0 wei_pop_en=0 psm_start=0 shift_done=0 done=0 cscnt_q=43 pop_shim_q2=1 cdone_q=0 o_cswitch_done_val=0 o_cdone_val=0
[CTRL DEBUG] cycle=82159 state=8 start=0 incntlim=64 act_reps=1 wei_reps=1 ncontexts=1 context_cnt=0 act_cnt_en=0 wei_cnt_en=0 act_pop_en=0 wei_pop_en=0 psm_start=0 shift_done=0 done=0 cscnt_q=43 pop_shim_q2=1 cdone_q=0 o_cswitch_done_val=0 o_cdone_val=0
[CTRL DEBUG] cycle=82159 state=8 start=0 incntlim=64 act_reps=1 wei_reps=1 ncontexts=1 context_cnt=0 act_cnt_en=0 wei_cnt_en=0 act_pop_en=0 wei_pop_en=0 psm_start=0 shift_done=0 done=0 cscnt_q=43 pop_shim_q2=1 cdone_q=0 o_cswitch_done_val=0 o_cdone_val=0
[CTRL DEBUG] cycle=82159 state=8 start=0 incntlim=64 act_reps=1 wei_reps=1 ncontexts=1 context_cnt=0 act_cnt_en=0 wei_cnt_en=0 act_pop_en=0 wei_pop_en=0 psm_start=0 shift_done=0 done=0 cscnt_q=43 pop_shim_q2=1 cdone_q=0 o_cswitch_done_val=0 o_cdone_val=0
[CTRL DEBUG] cycle=82159 state=8 start=0 incntlim=64 act_reps=1 wei_reps=1 ncontexts=1 context_cnt=0 act_cnt_en=0 wei_cnt_en=0 act_pop_en=0 wei_pop_en=0 psm_start=0 shift_done=0 done=0 cscnt_q=43 pop_shim_q2=1 cdone_q=0 o_cswitch_done_val=0 o_cdone_val=0
[CTRL DEBUG] cycle=82160 state=8 start=0 incntlim=64 act_reps=1 wei_reps=1 ncontexts=1 context_cnt=0 act_cnt_en=0 wei_cnt_en=0 act_pop_en=0 wei_pop_en=0 psm_start=0 shift_done=0 done=0 cscnt_q=44 pop_shim_q2=1 cdone_q=0 o_cswitch_done_val=0 o_cdone_val=0
[CTRL DEBUG] cycle=82160 state=8 start=0 incntlim=64 act_reps=1 wei_reps=1 ncontexts=1 context_cnt=0 act_cnt_en=0 wei_cnt_en=0 act_pop_en=0 wei_pop_en=0 psm_start=0 shift_done=0 done=0 cscnt_q=44 pop_shim_q2=1 cdone_q=0 o_cswitch_done_val=0 o_cdone_val=0
[CTRL DEBUG] cycle=82160 state=8 start=0 incntlim=64 act_reps=1 wei_reps=1 ncontexts=1 context_cnt=0 act_cnt_en=0 wei_cnt_en=0 act_pop_en=0 wei_pop_en=0 psm_start=0 shift_done=0 done=0 cscnt_q=44 pop_shim_q2=1 cdone_q=0 o_cswitch_done_val=0 o_cdone_val=0
[CTRL DEBUG] cycle=82160 state=8 start=0 incntlim=64 act_reps=1 wei_reps=1 ncontexts=1 context_cnt=0 act_cnt_en=0 wei_cnt_en=0 act_pop_en=0 wei_pop_en=0 psm_start=0 shift_done=0 done=0 cscnt_q=44 pop_shim_q2=1 cdone_q=0 o_cswitch_done_val=0 o_cdone_val=0
[CTRL DEBUG] cycle=82160 state=8 start=0 incntlim=64 act_reps=1 wei_reps=1 ncontexts=1 context_cnt=0 act_cnt_en=0 wei_cnt_en=0 act_pop_en=0 wei_pop_en=0 psm_start=0 shift_done=0 done=0 cscnt_q=44 pop_shim_q2=1 cdone_q=0 o_cswitch_done_val=0 o_cdone_val=0
[CTRL DEBUG] cycle=82160 state=8 start=0 incntlim=64 act_reps=1 wei_reps=1 ncontexts=1 context_cnt=0 act_cnt_en=0 wei_cnt_en=0 act_pop_en=0 wei_pop_en=0 psm_start=0 shift_done=0 done=0 cscnt_q=44 pop_shim_q2=1 cdone_q=0 o_cswitch_done_val=0 o_cdone_val=0
[CTRL DEBUG] cycle=82161 state=8 start=0 incntlim=64 act_reps=1 wei_reps=1 ncontexts=1 context_cnt=0 act_cnt_en=0 wei_cnt_en=0 act_pop_en=0 wei_pop_en=0 psm_start=0 shift_done=0 done=0 cscnt_q=45 pop_shim_q2=1 cdone_q=0 o_cswitch_done_val=0 o_cdone_val=0
[CTRL DEBUG] cycle=82161 state=8 start=0 incntlim=64 act_reps=1 wei_reps=1 ncontexts=1 context_cnt=0 act_cnt_en=0 wei_cnt_en=0 act_pop_en=0 wei_pop_en=0 psm_start=0 shift_done=0 done=0 cscnt_q=45 pop_shim_q2=1 cdone_q=0 o_cswitch_done_val=0 o_cdone_val=0
[CTRL DEBUG] cycle=82161 state=8 start=0 incntlim=64 act_reps=1 wei_reps=1 ncontexts=1 context_cnt=0 act_cnt_en=0 wei_cnt_en=0 act_pop_en=0 wei_pop_en=0 psm_start=0 shift_done=0 done=0 cscnt_q=45 pop_shim_q2=1 cdone_q=0 o_cswitch_done_val=0 o_cdone_val=0
[CTRL DEBUG] cycle=82161 state=8 start=0 incntlim=64 act_reps=1 wei_reps=1 ncontexts=1 context_cnt=0 act_cnt_en=0 wei_cnt_en=0 act_pop_en=0 wei_pop_en=0 psm_start=0 shift_done=0 done=0 cscnt_q=45 pop_shim_q2=1 cdone_q=0 o_cswitch_done_val=0 o_cdone_val=0
[CTRL DEBUG] cycle=82161 state=8 start=0 incntlim=64 act_reps=1 wei_reps=1 ncontexts=1 context_cnt=0 act_cnt_en=0 wei_cnt_en=0 act_pop_en=0 wei_pop_en=0 psm_start=0 shift_done=0 done=0 cscnt_q=45 pop_shim_q2=1 cdone_q=0 o_cswitch_done_val=0 o_cdone_val=0
[CTRL DEBUG] cycle=82161 state=8 start=0 incntlim=64 act_reps=1 wei_reps=1 ncontexts=1 context_cnt=0 act_cnt_en=0 wei_cnt_en=0 act_pop_en=0 wei_pop_en=0 psm_start=0 shift_done=0 done=0 cscnt_q=45 pop_shim_q2=1 cdone_q=0 o_cswitch_done_val=0 o_cdone_val=0
[CTRL DEBUG] cycle=82162 state=8 start=0 incntlim=64 act_reps=1 wei_reps=1 ncontexts=1 context_cnt=0 act_cnt_en=0 wei_cnt_en=0 act_pop_en=0 wei_pop_en=0 psm_start=0 shift_done=0 done=0 cscnt_q=46 pop_shim_q2=1 cdone_q=0 o_cswitch_done_val=0 o_cdone_val=0
[CTRL WAIT CSWITCH] cycle=82162 wait=56 limit=64
[CTRL DEBUG] cycle=82162 state=8 start=0 incntlim=64 act_reps=1 wei_reps=1 ncontexts=1 context_cnt=0 act_cnt_en=0 wei_cnt_en=0 act_pop_en=0 wei_pop_en=0 psm_start=0 shift_done=0 done=0 cscnt_q=46 pop_shim_q2=1 cdone_q=0 o_cswitch_done_val=0 o_cdone_val=0
[CTRL WAIT CSWITCH] cycle=82162 wait=56 limit=64
[CTRL DEBUG] cycle=82162 state=8 start=0 incntlim=64 act_reps=1 wei_reps=1 ncontexts=1 context_cnt=0 act_cnt_en=0 wei_cnt_en=0 act_pop_en=0 wei_pop_en=0 psm_start=0 shift_done=0 done=0 cscnt_q=46 pop_shim_q2=1 cdone_q=0 o_cswitch_done_val=0 o_cdone_val=0
[CTRL WAIT CSWITCH] cycle=82162 wait=56 limit=64
[CTRL DEBUG] cycle=82162 state=8 start=0 incntlim=64 act_reps=1 wei_reps=1 ncontexts=1 context_cnt=0 act_cnt_en=0 wei_cnt_en=0 act_pop_en=0 wei_pop_en=0 psm_start=0 shift_done=0 done=0 cscnt_q=46 pop_shim_q2=1 cdone_q=0 o_cswitch_done_val=0 o_cdone_val=0
[CTRL WAIT CSWITCH] cycle=82162 wait=56 limit=64
[CTRL DEBUG] cycle=82162 state=8 start=0 incntlim=64 act_reps=1 wei_reps=1 ncontexts=1 context_cnt=0 act_cnt_en=0 wei_cnt_en=0 act_pop_en=0 wei_pop_en=0 psm_start=0 shift_done=0 done=0 cscnt_q=46 pop_shim_q2=1 cdone_q=0 o_cswitch_done_val=0 o_cdone_val=0
[CTRL WAIT CSWITCH] cycle=82162 wait=56 limit=64
[CTRL DEBUG] cycle=82162 state=8 start=0 incntlim=64 act_reps=1 wei_reps=1 ncontexts=1 context_cnt=0 act_cnt_en=0 wei_cnt_en=0 act_pop_en=0 wei_pop_en=0 psm_start=0 shift_done=0 done=0 cscnt_q=46 pop_shim_q2=1 cdone_q=0 o_cswitch_done_val=0 o_cdone_val=0
[CTRL WAIT CSWITCH] cycle=82162 wait=56 limit=64
[CTRL DEBUG] cycle=82163 state=8 start=0 incntlim=64 act_reps=1 wei_reps=1 ncontexts=1 context_cnt=0 act_cnt_en=0 wei_cnt_en=0 act_pop_en=0 wei_pop_en=0 psm_start=0 shift_done=0 done=0 cscnt_q=47 pop_shim_q2=1 cdone_q=0 o_cswitch_done_val=0 o_cdone_val=0
[CTRL DEBUG] cycle=82163 state=8 start=0 incntlim=64 act_reps=1 wei_reps=1 ncontexts=1 context_cnt=0 act_cnt_en=0 wei_cnt_en=0 act_pop_en=0 wei_pop_en=0 psm_start=0 shift_done=0 done=0 cscnt_q=47 pop_shim_q2=1 cdone_q=0 o_cswitch_done_val=0 o_cdone_val=0
[CTRL DEBUG] cycle=82163 state=8 start=0 incntlim=64 act_reps=1 wei_reps=1 ncontexts=1 context_cnt=0 act_cnt_en=0 wei_cnt_en=0 act_pop_en=0 wei_pop_en=0 psm_start=0 shift_done=0 done=0 cscnt_q=47 pop_shim_q2=1 cdone_q=0 o_cswitch_done_val=0 o_cdone_val=0
[CTRL DEBUG] cycle=82163 state=8 start=0 incntlim=64 act_reps=1 wei_reps=1 ncontexts=1 context_cnt=0 act_cnt_en=0 wei_cnt_en=0 act_pop_en=0 wei_pop_en=0 psm_start=0 shift_done=0 done=0 cscnt_q=47 pop_shim_q2=1 cdone_q=0 o_cswitch_done_val=0 o_cdone_val=0
[CTRL DEBUG] cycle=82163 state=8 start=0 incntlim=64 act_reps=1 wei_reps=1 ncontexts=1 context_cnt=0 act_cnt_en=0 wei_cnt_en=0 act_pop_en=0 wei_pop_en=0 psm_start=0 shift_done=0 done=0 cscnt_q=47 pop_shim_q2=1 cdone_q=0 o_cswitch_done_val=0 o_cdone_val=0
[CTRL DEBUG] cycle=82163 state=8 start=0 incntlim=64 act_reps=1 wei_reps=1 ncontexts=1 context_cnt=0 act_cnt_en=0 wei_cnt_en=0 act_pop_en=0 wei_pop_en=0 psm_start=0 shift_done=0 done=0 cscnt_q=47 pop_shim_q2=1 cdone_q=0 o_cswitch_done_val=0 o_cdone_val=0
[CTRL DEBUG] cycle=82164 state=8 start=0 incntlim=64 act_reps=1 wei_reps=1 ncontexts=1 context_cnt=0 act_cnt_en=0 wei_cnt_en=0 act_pop_en=0 wei_pop_en=0 psm_start=0 shift_done=0 done=0 cscnt_q=0 pop_shim_q2=1 cdone_q=0 o_cswitch_done_val=1 o_cdone_val=0
[CTRL DEBUG] cycle=82164 state=8 start=0 incntlim=64 act_reps=1 wei_reps=1 ncontexts=1 context_cnt=0 act_cnt_en=0 wei_cnt_en=0 act_pop_en=0 wei_pop_en=0 psm_start=0 shift_done=0 done=0 cscnt_q=0 pop_shim_q2=1 cdone_q=0 o_cswitch_done_val=1 o_cdone_val=0
[CTRL DEBUG] cycle=82164 state=8 start=0 incntlim=64 act_reps=1 wei_reps=1 ncontexts=1 context_cnt=0 act_cnt_en=0 wei_cnt_en=0 act_pop_en=0 wei_pop_en=0 psm_start=0 shift_done=0 done=0 cscnt_q=0 pop_shim_q2=1 cdone_q=0 o_cswitch_done_val=1 o_cdone_val=0
[CTRL DEBUG] cycle=82164 state=8 start=0 incntlim=64 act_reps=1 wei_reps=1 ncontexts=1 context_cnt=0 act_cnt_en=0 wei_cnt_en=0 act_pop_en=0 wei_pop_en=0 psm_start=0 shift_done=0 done=0 cscnt_q=0 pop_shim_q2=1 cdone_q=0 o_cswitch_done_val=1 o_cdone_val=0
[CTRL DEBUG] cycle=82164 state=8 start=0 incntlim=64 act_reps=1 wei_reps=1 ncontexts=1 context_cnt=0 act_cnt_en=0 wei_cnt_en=0 act_pop_en=0 wei_pop_en=0 psm_start=0 shift_done=0 done=0 cscnt_q=0 pop_shim_q2=1 cdone_q=0 o_cswitch_done_val=1 o_cdone_val=0
[CTRL DEBUG] cycle=82164 state=8 start=0 incntlim=64 act_reps=1 wei_reps=1 ncontexts=1 context_cnt=0 act_cnt_en=0 wei_cnt_en=0 act_pop_en=0 wei_pop_en=0 psm_start=0 shift_done=0 done=0 cscnt_q=0 pop_shim_q2=1 cdone_q=0 o_cswitch_done_val=1 o_cdone_val=0
[CTRL DEBUG] cycle=82165 state=8 start=0 incntlim=64 act_reps=1 wei_reps=1 ncontexts=1 context_cnt=0 act_cnt_en=0 wei_cnt_en=0 act_pop_en=0 wei_pop_en=0 psm_start=0 shift_done=0 done=0 cscnt_q=0 pop_shim_q2=1 cdone_q=0 o_cswitch_done_val=0 o_cdone_val=0
[CTRL DEBUG] cycle=82165 state=8 start=0 incntlim=64 act_reps=1 wei_reps=1 ncontexts=1 context_cnt=0 act_cnt_en=0 wei_cnt_en=0 act_pop_en=0 wei_pop_en=0 psm_start=0 shift_done=0 done=0 cscnt_q=0 pop_shim_q2=1 cdone_q=0 o_cswitch_done_val=0 o_cdone_val=0
[CTRL DEBUG] cycle=82165 state=8 start=0 incntlim=64 act_reps=1 wei_reps=1 ncontexts=1 context_cnt=0 act_cnt_en=0 wei_cnt_en=0 act_pop_en=0 wei_pop_en=0 psm_start=0 shift_done=0 done=0 cscnt_q=0 pop_shim_q2=1 cdone_q=0 o_cswitch_done_val=0 o_cdone_val=0
[CTRL DEBUG] cycle=82165 state=8 start=0 incntlim=64 act_reps=1 wei_reps=1 ncontexts=1 context_cnt=0 act_cnt_en=0 wei_cnt_en=0 act_pop_en=0 wei_pop_en=0 psm_start=0 shift_done=0 done=0 cscnt_q=0 pop_shim_q2=1 cdone_q=0 o_cswitch_done_val=0 o_cdone_val=0
[CTRL DEBUG] cycle=82165 state=8 start=0 incntlim=64 act_reps=1 wei_reps=1 ncontexts=1 context_cnt=0 act_cnt_en=0 wei_cnt_en=0 act_pop_en=0 wei_pop_en=0 psm_start=0 shift_done=0 done=0 cscnt_q=0 pop_shim_q2=1 cdone_q=0 o_cswitch_done_val=0 o_cdone_val=0
[CTRL DEBUG] cycle=82165 state=8 start=0 incntlim=64 act_reps=1 wei_reps=1 ncontexts=1 context_cnt=0 act_cnt_en=0 wei_cnt_en=0 act_pop_en=0 wei_pop_en=0 psm_start=0 shift_done=0 done=0 cscnt_q=0 pop_shim_q2=1 cdone_q=0 o_cswitch_done_val=0 o_cdone_val=0
[CTRL DEBUG] cycle=82166 state=8 start=0 incntlim=64 act_reps=1 wei_reps=1 ncontexts=1 context_cnt=0 act_cnt_en=0 wei_cnt_en=0 act_pop_en=0 wei_pop_en=0 psm_start=0 shift_done=0 done=0 cscnt_q=0 pop_shim_q2=1 cdone_q=0 o_cswitch_done_val=0 o_cdone_val=0
[CTRL DEBUG] cycle=82166 state=8 start=0 incntlim=64 act_reps=1 wei_reps=1 ncontexts=1 context_cnt=0 act_cnt_en=0 wei_cnt_en=0 act_pop_en=0 wei_pop_en=0 psm_start=0 shift_done=0 done=0 cscnt_q=0 pop_shim_q2=1 cdone_q=0 o_cswitch_done_val=0 o_cdone_val=0
[CTRL DEBUG] cycle=82166 state=8 start=0 incntlim=64 act_reps=1 wei_reps=1 ncontexts=1 context_cnt=0 act_cnt_en=0 wei_cnt_en=0 act_pop_en=0 wei_pop_en=0 psm_start=0 shift_done=0 done=0 cscnt_q=0 pop_shim_q2=1 cdone_q=0 o_cswitch_done_val=0 o_cdone_val=0
[CTRL DEBUG] cycle=82166 state=8 start=0 incntlim=64 act_reps=1 wei_reps=1 ncontexts=1 context_cnt=0 act_cnt_en=0 wei_cnt_en=0 act_pop_en=0 wei_pop_en=0 psm_start=0 shift_done=0 done=0 cscnt_q=0 pop_shim_q2=1 cdone_q=0 o_cswitch_done_val=0 o_cdone_val=0
[CTRL DEBUG] cycle=82166 state=8 start=0 incntlim=64 act_reps=1 wei_reps=1 ncontexts=1 context_cnt=0 act_cnt_en=0 wei_cnt_en=0 act_pop_en=0 wei_pop_en=0 psm_start=0 shift_done=0 done=0 cscnt_q=0 pop_shim_q2=1 cdone_q=0 o_cswitch_done_val=0 o_cdone_val=0
[CTRL DEBUG] cycle=82166 state=8 start=0 incntlim=64 act_reps=1 wei_reps=1 ncontexts=1 context_cnt=0 act_cnt_en=0 wei_cnt_en=0 act_pop_en=0 wei_pop_en=0 psm_start=0 shift_done=0 done=0 cscnt_q=0 pop_shim_q2=1 cdone_q=0 o_cswitch_done_val=0 o_cdone_val=0
[CTRL DEBUG] cycle=82167 state=8 start=0 incntlim=64 act_reps=1 wei_reps=1 ncontexts=1 context_cnt=0 act_cnt_en=0 wei_cnt_en=0 act_pop_en=0 wei_pop_en=0 psm_start=0 shift_done=0 done=0 cscnt_q=0 pop_shim_q2=1 cdone_q=0 o_cswitch_done_val=0 o_cdone_val=0
[CTRL DEBUG] cycle=82167 state=8 start=0 incntlim=64 act_reps=1 wei_reps=1 ncontexts=1 context_cnt=0 act_cnt_en=0 wei_cnt_en=0 act_pop_en=0 wei_pop_en=0 psm_start=0 shift_done=0 done=0 cscnt_q=0 pop_shim_q2=1 cdone_q=0 o_cswitch_done_val=0 o_cdone_val=0
[CTRL DEBUG] cycle=82167 state=8 start=0 incntlim=64 act_reps=1 wei_reps=1 ncontexts=1 context_cnt=0 act_cnt_en=0 wei_cnt_en=0 act_pop_en=0 wei_pop_en=0 psm_start=0 shift_done=0 done=0 cscnt_q=0 pop_shim_q2=1 cdone_q=0 o_cswitch_done_val=0 o_cdone_val=0
[CTRL DEBUG] cycle=82167 state=8 start=0 incntlim=64 act_reps=1 wei_reps=1 ncontexts=1 context_cnt=0 act_cnt_en=0 wei_cnt_en=0 act_pop_en=0 wei_pop_en=0 psm_start=0 shift_done=0 done=0 cscnt_q=0 pop_shim_q2=1 cdone_q=0 o_cswitch_done_val=0 o_cdone_val=0
[CTRL DEBUG] cycle=82167 state=8 start=0 incntlim=64 act_reps=1 wei_reps=1 ncontexts=1 context_cnt=0 act_cnt_en=0 wei_cnt_en=0 act_pop_en=0 wei_pop_en=0 psm_start=0 shift_done=0 done=0 cscnt_q=0 pop_shim_q2=1 cdone_q=0 o_cswitch_done_val=0 o_cdone_val=0
[CTRL DEBUG] cycle=82167 state=8 start=0 incntlim=64 act_reps=1 wei_reps=1 ncontexts=1 context_cnt=0 act_cnt_en=0 wei_cnt_en=0 act_pop_en=0 wei_pop_en=0 psm_start=0 shift_done=0 done=0 cscnt_q=0 pop_shim_q2=1 cdone_q=0 o_cswitch_done_val=0 o_cdone_val=0
[CTRL DEBUG] cycle=82168 state=8 start=0 incntlim=64 act_reps=1 wei_reps=1 ncontexts=1 context_cnt=0 act_cnt_en=0 wei_cnt_en=0 act_pop_en=0 wei_pop_en=0 psm_start=0 shift_done=0 done=0 cscnt_q=0 pop_shim_q2=1 cdone_q=0 o_cswitch_done_val=0 o_cdone_val=0
[CTRL DEBUG] cycle=82168 state=8 start=0 incntlim=64 act_reps=1 wei_reps=1 ncontexts=1 context_cnt=0 act_cnt_en=0 wei_cnt_en=0 act_pop_en=0 wei_pop_en=0 psm_start=0 shift_done=0 done=0 cscnt_q=0 pop_shim_q2=1 cdone_q=0 o_cswitch_done_val=0 o_cdone_val=0
[CTRL DEBUG] cycle=82168 state=8 start=0 incntlim=64 act_reps=1 wei_reps=1 ncontexts=1 context_cnt=0 act_cnt_en=0 wei_cnt_en=0 act_pop_en=0 wei_pop_en=0 psm_start=0 shift_done=0 done=0 cscnt_q=0 pop_shim_q2=1 cdone_q=0 o_cswitch_done_val=0 o_cdone_val=0
[CTRL DEBUG] cycle=82168 state=8 start=0 incntlim=64 act_reps=1 wei_reps=1 ncontexts=1 context_cnt=0 act_cnt_en=0 wei_cnt_en=0 act_pop_en=0 wei_pop_en=0 psm_start=0 shift_done=0 done=0 cscnt_q=0 pop_shim_q2=1 cdone_q=0 o_cswitch_done_val=0 o_cdone_val=0
[CTRL DEBUG] cycle=82168 state=8 start=0 incntlim=64 act_reps=1 wei_reps=1 ncontexts=1 context_cnt=0 act_cnt_en=0 wei_cnt_en=0 act_pop_en=0 wei_pop_en=0 psm_start=0 shift_done=0 done=0 cscnt_q=0 pop_shim_q2=1 cdone_q=0 o_cswitch_done_val=0 o_cdone_val=0
[CTRL DEBUG] cycle=82168 state=8 start=0 incntlim=64 act_reps=1 wei_reps=1 ncontexts=1 context_cnt=0 act_cnt_en=0 wei_cnt_en=0 act_pop_en=0 wei_pop_en=0 psm_start=0 shift_done=0 done=0 cscnt_q=0 pop_shim_q2=1 cdone_q=0 o_cswitch_done_val=0 o_cdone_val=0
[CTRL DEBUG] cycle=82169 state=8 start=0 incntlim=64 act_reps=1 wei_reps=1 ncontexts=1 context_cnt=0 act_cnt_en=0 wei_cnt_en=0 act_pop_en=0 wei_pop_en=0 psm_start=0 shift_done=0 done=0 cscnt_q=0 pop_shim_q2=1 cdone_q=0 o_cswitch_done_val=0 o_cdone_val=0
[CTRL DEBUG] cycle=82169 state=8 start=0 incntlim=64 act_reps=1 wei_reps=1 ncontexts=1 context_cnt=0 act_cnt_en=0 wei_cnt_en=0 act_pop_en=0 wei_pop_en=0 psm_start=0 shift_done=0 done=0 cscnt_q=0 pop_shim_q2=1 cdone_q=0 o_cswitch_done_val=0 o_cdone_val=0
[CTRL DEBUG] cycle=82169 state=8 start=0 incntlim=64 act_reps=1 wei_reps=1 ncontexts=1 context_cnt=0 act_cnt_en=0 wei_cnt_en=0 act_pop_en=0 wei_pop_en=0 psm_start=0 shift_done=0 done=0 cscnt_q=0 pop_shim_q2=1 cdone_q=0 o_cswitch_done_val=0 o_cdone_val=0
[CTRL DEBUG] cycle=82169 state=8 start=0 incntlim=64 act_reps=1 wei_reps=1 ncontexts=1 context_cnt=0 act_cnt_en=0 wei_cnt_en=0 act_pop_en=0 wei_pop_en=0 psm_start=0 shift_done=0 done=0 cscnt_q=0 pop_shim_q2=1 cdone_q=0 o_cswitch_done_val=0 o_cdone_val=0
[CTRL DEBUG] cycle=82169 state=8 start=0 incntlim=64 act_reps=1 wei_reps=1 ncontexts=1 context_cnt=0 act_cnt_en=0 wei_cnt_en=0 act_pop_en=0 wei_pop_en=0 psm_start=0 shift_done=0 done=0 cscnt_q=0 pop_shim_q2=1 cdone_q=0 o_cswitch_done_val=0 o_cdone_val=0
[CTRL DEBUG] cycle=82169 state=8 start=0 incntlim=64 act_reps=1 wei_reps=1 ncontexts=1 context_cnt=0 act_cnt_en=0 wei_cnt_en=0 act_pop_en=0 wei_pop_en=0 psm_start=0 shift_done=0 done=0 cscnt_q=0 pop_shim_q2=1 cdone_q=0 o_cswitch_done_val=0 o_cdone_val=0
[CTRL DEBUG] cycle=82170 state=8 start=0 incntlim=64 act_reps=1 wei_reps=1 ncontexts=1 context_cnt=0 act_cnt_en=0 wei_cnt_en=0 act_pop_en=0 wei_pop_en=0 psm_start=0 shift_done=0 done=0 cscnt_q=0 pop_shim_q2=1 cdone_q=0 o_cswitch_done_val=0 o_cdone_val=0
[CTRL WAIT CSWITCH] cycle=82170 wait=64 limit=64
[CTRL WAIT CSWITCH DONE] cycle=82170 wait=64
[CTRL DEBUG] cycle=82170 state=8 start=0 incntlim=64 act_reps=1 wei_reps=1 ncontexts=1 context_cnt=0 act_cnt_en=0 wei_cnt_en=0 act_pop_en=0 wei_pop_en=0 psm_start=0 shift_done=0 done=0 cscnt_q=0 pop_shim_q2=1 cdone_q=0 o_cswitch_done_val=0 o_cdone_val=0
[CTRL WAIT CSWITCH] cycle=82170 wait=64 limit=64
[CTRL WAIT CSWITCH DONE] cycle=82170 wait=64
[CTRL DEBUG] cycle=82170 state=8 start=0 incntlim=64 act_reps=1 wei_reps=1 ncontexts=1 context_cnt=0 act_cnt_en=0 wei_cnt_en=0 act_pop_en=0 wei_pop_en=0 psm_start=0 shift_done=0 done=0 cscnt_q=0 pop_shim_q2=1 cdone_q=0 o_cswitch_done_val=0 o_cdone_val=0
[CTRL WAIT CSWITCH] cycle=82170 wait=64 limit=64
[CTRL WAIT CSWITCH DONE] cycle=82170 wait=64
[CTRL DEBUG] cycle=82170 state=8 start=0 incntlim=64 act_reps=1 wei_reps=1 ncontexts=1 context_cnt=0 act_cnt_en=0 wei_cnt_en=0 act_pop_en=0 wei_pop_en=0 psm_start=0 shift_done=0 done=0 cscnt_q=0 pop_shim_q2=1 cdone_q=0 o_cswitch_done_val=0 o_cdone_val=0
[CTRL WAIT CSWITCH] cycle=82170 wait=64 limit=64
[CTRL WAIT CSWITCH DONE] cycle=82170 wait=64
[CTRL DEBUG] cycle=82170 state=8 start=0 incntlim=64 act_reps=1 wei_reps=1 ncontexts=1 context_cnt=0 act_cnt_en=0 wei_cnt_en=0 act_pop_en=0 wei_pop_en=0 psm_start=0 shift_done=0 done=0 cscnt_q=0 pop_shim_q2=1 cdone_q=0 o_cswitch_done_val=0 o_cdone_val=0
[CTRL WAIT CSWITCH] cycle=82170 wait=64 limit=64
[CTRL WAIT CSWITCH DONE] cycle=82170 wait=64
[CTRL DEBUG] cycle=82170 state=8 start=0 incntlim=64 act_reps=1 wei_reps=1 ncontexts=1 context_cnt=0 act_cnt_en=0 wei_cnt_en=0 act_pop_en=0 wei_pop_en=0 psm_start=0 shift_done=0 done=0 cscnt_q=0 pop_shim_q2=1 cdone_q=0 o_cswitch_done_val=0 o_cdone_val=0
[CTRL WAIT CSWITCH] cycle=82170 wait=64 limit=64
[CTRL WAIT CSWITCH DONE] cycle=82170 wait=64
[CTRL DEBUG] cycle=82171 state=10 start=0 incntlim=64 act_reps=1 wei_reps=1 ncontexts=1 context_cnt=0 act_cnt_en=0 wei_cnt_en=0 act_pop_en=0 wei_pop_en=0 psm_start=0 shift_done=0 done=0 cscnt_q=0 pop_shim_q2=1 cdone_q=0 o_cswitch_done_val=0 o_cdone_val=0
[CTRL DEBUG] cycle=82171 state=10 start=0 incntlim=64 act_reps=1 wei_reps=1 ncontexts=1 context_cnt=0 act_cnt_en=0 wei_cnt_en=0 act_pop_en=0 wei_pop_en=0 psm_start=0 shift_done=0 done=0 cscnt_q=0 pop_shim_q2=1 cdone_q=0 o_cswitch_done_val=0 o_cdone_val=0
[CTRL DEBUG] cycle=82171 state=10 start=0 incntlim=64 act_reps=1 wei_reps=1 ncontexts=1 context_cnt=0 act_cnt_en=0 wei_cnt_en=0 act_pop_en=0 wei_pop_en=0 psm_start=0 shift_done=0 done=0 cscnt_q=0 pop_shim_q2=1 cdone_q=0 o_cswitch_done_val=0 o_cdone_val=0
[CTRL DEBUG] cycle=82171 state=10 start=0 incntlim=64 act_reps=1 wei_reps=1 ncontexts=1 context_cnt=0 act_cnt_en=0 wei_cnt_en=0 act_pop_en=0 wei_pop_en=0 psm_start=0 shift_done=0 done=0 cscnt_q=0 pop_shim_q2=1 cdone_q=0 o_cswitch_done_val=0 o_cdone_val=0
[CTRL DEBUG] cycle=82171 state=10 start=0 incntlim=64 act_reps=1 wei_reps=1 ncontexts=1 context_cnt=0 act_cnt_en=0 wei_cnt_en=0 act_pop_en=0 wei_pop_en=0 psm_start=0 shift_done=0 done=0 cscnt_q=0 pop_shim_q2=1 cdone_q=0 o_cswitch_done_val=0 o_cdone_val=0
[CTRL DEBUG] cycle=82171 state=10 start=0 incntlim=64 act_reps=1 wei_reps=1 ncontexts=1 context_cnt=0 act_cnt_en=0 wei_cnt_en=0 act_pop_en=0 wei_pop_en=0 psm_start=0 shift_done=0 done=0 cscnt_q=0 pop_shim_q2=1 cdone_q=0 o_cswitch_done_val=0 o_cdone_val=0
[CTRL DEBUG] cycle=82172 state=23 start=0 incntlim=64 act_reps=1 wei_reps=1 ncontexts=1 context_cnt=0 act_cnt_en=0 wei_cnt_en=0 act_pop_en=0 wei_pop_en=0 psm_start=1 shift_done=0 done=0 cscnt_q=0 pop_shim_q2=1 cdone_q=0 o_cswitch_done_val=0 o_cdone_val=0
[CTRL DEBUG] cycle=82172 state=23 start=0 incntlim=64 act_reps=1 wei_reps=1 ncontexts=1 context_cnt=0 act_cnt_en=0 wei_cnt_en=0 act_pop_en=0 wei_pop_en=0 psm_start=1 shift_done=0 done=0 cscnt_q=0 pop_shim_q2=1 cdone_q=0 o_cswitch_done_val=0 o_cdone_val=0
[PSM START] global_context = 0 / total_contexts = 1 ncontexts = 1
[PSM START] global_context = 0 / total_contexts = 1 ncontexts = 1
[CTRL DEBUG] cycle=82172 state=23 start=0 incntlim=64 act_reps=1 wei_reps=1 ncontexts=1 context_cnt=0 act_cnt_en=0 wei_cnt_en=0 act_pop_en=0 wei_pop_en=0 psm_start=1 shift_done=0 done=0 cscnt_q=0 pop_shim_q2=1 cdone_q=0 o_cswitch_done_val=0 o_cdone_val=0
[CTRL DEBUG] cycle=82172 state=23 start=0 incntlim=64 act_reps=1 wei_reps=1 ncontexts=1 context_cnt=0 act_cnt_en=0 wei_cnt_en=0 act_pop_en=0 wei_pop_en=0 psm_start=1 shift_done=0 done=0 cscnt_q=0 pop_shim_q2=1 cdone_q=0 o_cswitch_done_val=0 o_cdone_val=0
[PSM START] global_context = 0 / total_contexts = 1 ncontexts = 1
[PSM START] global_context = 0 / total_contexts = 1 ncontexts = 1
[CTRL DEBUG] cycle=82172 state=23 start=0 incntlim=64 act_reps=1 wei_reps=1 ncontexts=1 context_cnt=0 act_cnt_en=0 wei_cnt_en=0 act_pop_en=0 wei_pop_en=0 psm_start=1 shift_done=0 done=0 cscnt_q=0 pop_shim_q2=1 cdone_q=0 o_cswitch_done_val=0 o_cdone_val=0
[CTRL DEBUG] cycle=82172 state=23 start=0 incntlim=64 act_reps=1 wei_reps=1 ncontexts=1 context_cnt=0 act_cnt_en=0 wei_cnt_en=0 act_pop_en=0 wei_pop_en=0 psm_start=1 shift_done=0 done=0 cscnt_q=0 pop_shim_q2=1 cdone_q=0 o_cswitch_done_val=0 o_cdone_val=0
[PSM START] global_context = 0 / total_contexts = 1 ncontexts = 1
[PSM START] global_context = 0 / total_contexts = 1 ncontexts = 1
[CTRL DEBUG] cycle=82173 state=23 start=0 incntlim=64 act_reps=1 wei_reps=1 ncontexts=1 context_cnt=0 act_cnt_en=0 wei_cnt_en=0 act_pop_en=0 wei_pop_en=0 psm_start=0 shift_done=0 done=0 cscnt_q=0 pop_shim_q2=1 cdone_q=0 o_cswitch_done_val=0 o_cdone_val=0
[CTRL DEBUG] cycle=82173 state=23 start=0 incntlim=64 act_reps=1 wei_reps=1 ncontexts=1 context_cnt=0 act_cnt_en=0 wei_cnt_en=0 act_pop_en=0 wei_pop_en=0 psm_start=0 shift_done=0 done=0 cscnt_q=0 pop_shim_q2=1 cdone_q=0 o_cswitch_done_val=0 o_cdone_val=0
[CTRL DEBUG] cycle=82173 state=23 start=0 incntlim=64 act_reps=1 wei_reps=1 ncontexts=1 context_cnt=0 act_cnt_en=0 wei_cnt_en=0 act_pop_en=0 wei_pop_en=0 psm_start=0 shift_done=0 done=0 cscnt_q=0 pop_shim_q2=1 cdone_q=0 o_cswitch_done_val=0 o_cdone_val=0
[CTRL DEBUG] cycle=82173 state=23 start=0 incntlim=64 act_reps=1 wei_reps=1 ncontexts=1 context_cnt=0 act_cnt_en=0 wei_cnt_en=0 act_pop_en=0 wei_pop_en=0 psm_start=0 shift_done=0 done=0 cscnt_q=0 pop_shim_q2=1 cdone_q=0 o_cswitch_done_val=0 o_cdone_val=0
[CTRL DEBUG] cycle=82173 state=23 start=0 incntlim=64 act_reps=1 wei_reps=1 ncontexts=1 context_cnt=0 act_cnt_en=0 wei_cnt_en=0 act_pop_en=0 wei_pop_en=0 psm_start=0 shift_done=0 done=0 cscnt_q=0 pop_shim_q2=1 cdone_q=0 o_cswitch_done_val=0 o_cdone_val=0
[CTRL DEBUG] cycle=82173 state=23 start=0 incntlim=64 act_reps=1 wei_reps=1 ncontexts=1 context_cnt=0 act_cnt_en=0 wei_cnt_en=0 act_pop_en=0 wei_pop_en=0 psm_start=0 shift_done=0 done=0 cscnt_q=0 pop_shim_q2=1 cdone_q=0 o_cswitch_done_val=0 o_cdone_val=0
[CTRL DEBUG] cycle=82174 state=23 start=0 incntlim=64 act_reps=1 wei_reps=1 ncontexts=1 context_cnt=0 act_cnt_en=0 wei_cnt_en=0 act_pop_en=0 wei_pop_en=0 psm_start=0 shift_done=0 done=0 cscnt_q=0 pop_shim_q2=1 cdone_q=0 o_cswitch_done_val=0 o_cdone_val=0
[CTRL DEBUG] cycle=82174 state=23 start=0 incntlim=64 act_reps=1 wei_reps=1 ncontexts=1 context_cnt=0 act_cnt_en=0 wei_cnt_en=0 act_pop_en=0 wei_pop_en=0 psm_start=0 shift_done=0 done=0 cscnt_q=0 pop_shim_q2=1 cdone_q=0 o_cswitch_done_val=0 o_cdone_val=0
[CTRL DEBUG] cycle=82174 state=23 start=0 incntlim=64 act_reps=1 wei_reps=1 ncontexts=1 context_cnt=0 act_cnt_en=0 wei_cnt_en=0 act_pop_en=0 wei_pop_en=0 psm_start=0 shift_done=0 done=0 cscnt_q=0 pop_shim_q2=1 cdone_q=0 o_cswitch_done_val=0 o_cdone_val=0
[CTRL DEBUG] cycle=82174 state=23 start=0 incntlim=64 act_reps=1 wei_reps=1 ncontexts=1 context_cnt=0 act_cnt_en=0 wei_cnt_en=0 act_pop_en=0 wei_pop_en=0 psm_start=0 shift_done=0 done=0 cscnt_q=0 pop_shim_q2=1 cdone_q=0 o_cswitch_done_val=0 o_cdone_val=0
[CTRL DEBUG] cycle=82174 state=23 start=0 incntlim=64 act_reps=1 wei_reps=1 ncontexts=1 context_cnt=0 act_cnt_en=0 wei_cnt_en=0 act_pop_en=0 wei_pop_en=0 psm_start=0 shift_done=0 done=0 cscnt_q=0 pop_shim_q2=1 cdone_q=0 o_cswitch_done_val=0 o_cdone_val=0
[CTRL DEBUG] cycle=82174 state=23 start=0 incntlim=64 act_reps=1 wei_reps=1 ncontexts=1 context_cnt=0 act_cnt_en=0 wei_cnt_en=0 act_pop_en=0 wei_pop_en=0 psm_start=0 shift_done=0 done=0 cscnt_q=0 pop_shim_q2=1 cdone_q=0 o_cswitch_done_val=0 o_cdone_val=0
[CTRL DEBUG] cycle=82175 state=23 start=0 incntlim=64 act_reps=1 wei_reps=1 ncontexts=1 context_cnt=0 act_cnt_en=0 wei_cnt_en=0 act_pop_en=0 wei_pop_en=0 psm_start=0 shift_done=0 done=0 cscnt_q=0 pop_shim_q2=1 cdone_q=0 o_cswitch_done_val=0 o_cdone_val=0
[CTRL DEBUG] cycle=82175 state=23 start=0 incntlim=64 act_reps=1 wei_reps=1 ncontexts=1 context_cnt=0 act_cnt_en=0 wei_cnt_en=0 act_pop_en=0 wei_pop_en=0 psm_start=0 shift_done=0 done=0 cscnt_q=0 pop_shim_q2=1 cdone_q=0 o_cswitch_done_val=0 o_cdone_val=0
[PSM START DELAY DONE] context=0 delay_cnt=2
[PSM START DELAY DONE] context=0 delay_cnt=2
[CTRL DEBUG] cycle=82175 state=23 start=0 incntlim=64 act_reps=1 wei_reps=1 ncontexts=1 context_cnt=0 act_cnt_en=0 wei_cnt_en=0 act_pop_en=0 wei_pop_en=0 psm_start=0 shift_done=0 done=0 cscnt_q=0 pop_shim_q2=1 cdone_q=0 o_cswitch_done_val=0 o_cdone_val=0
[CTRL DEBUG] cycle=82175 state=23 start=0 incntlim=64 act_reps=1 wei_reps=1 ncontexts=1 context_cnt=0 act_cnt_en=0 wei_cnt_en=0 act_pop_en=0 wei_pop_en=0 psm_start=0 shift_done=0 done=0 cscnt_q=0 pop_shim_q2=1 cdone_q=0 o_cswitch_done_val=0 o_cdone_val=0
[PSM START DELAY DONE] context=0 delay_cnt=2
[PSM START DELAY DONE] context=0 delay_cnt=2
[CTRL DEBUG] cycle=82175 state=23 start=0 incntlim=64 act_reps=1 wei_reps=1 ncontexts=1 context_cnt=0 act_cnt_en=0 wei_cnt_en=0 act_pop_en=0 wei_pop_en=0 psm_start=0 shift_done=0 done=0 cscnt_q=0 pop_shim_q2=1 cdone_q=0 o_cswitch_done_val=0 o_cdone_val=0
[CTRL DEBUG] cycle=82175 state=23 start=0 incntlim=64 act_reps=1 wei_reps=1 ncontexts=1 context_cnt=0 act_cnt_en=0 wei_cnt_en=0 act_pop_en=0 wei_pop_en=0 psm_start=0 shift_done=0 done=0 cscnt_q=0 pop_shim_q2=1 cdone_q=0 o_cswitch_done_val=0 o_cdone_val=0
[PSM START DELAY DONE] context=0 delay_cnt=2
[PSM START DELAY DONE] context=0 delay_cnt=2
[CTRL DEBUG] cycle=82176 state=23 start=0 incntlim=64 act_reps=1 wei_reps=1 ncontexts=1 context_cnt=0 act_cnt_en=0 wei_cnt_en=0 act_pop_en=0 wei_pop_en=0 psm_start=0 shift_done=0 done=0 cscnt_q=0 pop_shim_q2=1 cdone_q=0 o_cswitch_done_val=0 o_cdone_val=0
[CTRL DEBUG] cycle=82176 state=23 start=0 incntlim=64 act_reps=1 wei_reps=1 ncontexts=1 context_cnt=0 act_cnt_en=0 wei_cnt_en=0 act_pop_en=0 wei_pop_en=0 psm_start=0 shift_done=0 done=0 cscnt_q=0 pop_shim_q2=1 cdone_q=0 o_cswitch_done_val=0 o_cdone_val=0
[CTRL DEBUG] cycle=82176 state=23 start=0 incntlim=64 act_reps=1 wei_reps=1 ncontexts=1 context_cnt=0 act_cnt_en=0 wei_cnt_en=0 act_pop_en=0 wei_pop_en=0 psm_start=0 shift_done=0 done=0 cscnt_q=0 pop_shim_q2=1 cdone_q=0 o_cswitch_done_val=0 o_cdone_val=0
[CTRL DEBUG] cycle=82176 state=23 start=0 incntlim=64 act_reps=1 wei_reps=1 ncontexts=1 context_cnt=0 act_cnt_en=0 wei_cnt_en=0 act_pop_en=0 wei_pop_en=0 psm_start=0 shift_done=0 done=0 cscnt_q=0 pop_shim_q2=1 cdone_q=0 o_cswitch_done_val=0 o_cdone_val=0
[CTRL DEBUG] cycle=82176 state=23 start=0 incntlim=64 act_reps=1 wei_reps=1 ncontexts=1 context_cnt=0 act_cnt_en=0 wei_cnt_en=0 act_pop_en=0 wei_pop_en=0 psm_start=0 shift_done=0 done=0 cscnt_q=0 pop_shim_q2=1 cdone_q=0 o_cswitch_done_val=0 o_cdone_val=0
[CTRL DEBUG] cycle=82176 state=23 start=0 incntlim=64 act_reps=1 wei_reps=1 ncontexts=1 context_cnt=0 act_cnt_en=0 wei_cnt_en=0 act_pop_en=0 wei_pop_en=0 psm_start=0 shift_done=0 done=0 cscnt_q=0 pop_shim_q2=1 cdone_q=0 o_cswitch_done_val=0 o_cdone_val=0
[CTRL DEBUG] cycle=82177 state=23 start=0 incntlim=64 act_reps=1 wei_reps=1 ncontexts=1 context_cnt=0 act_cnt_en=0 wei_cnt_en=0 act_pop_en=0 wei_pop_en=0 psm_start=0 shift_done=0 done=0 cscnt_q=0 pop_shim_q2=1 cdone_q=0 o_cswitch_done_val=0 o_cdone_val=0
[CTRL DEBUG] cycle=82177 state=23 start=0 incntlim=64 act_reps=1 wei_reps=1 ncontexts=1 context_cnt=0 act_cnt_en=0 wei_cnt_en=0 act_pop_en=0 wei_pop_en=0 psm_start=0 shift_done=0 done=0 cscnt_q=0 pop_shim_q2=1 cdone_q=0 o_cswitch_done_val=0 o_cdone_val=0
[CTRL DEBUG] cycle=82177 state=23 start=0 incntlim=64 act_reps=1 wei_reps=1 ncontexts=1 context_cnt=0 act_cnt_en=0 wei_cnt_en=0 act_pop_en=0 wei_pop_en=0 psm_start=0 shift_done=0 done=0 cscnt_q=0 pop_shim_q2=1 cdone_q=0 o_cswitch_done_val=0 o_cdone_val=0
[CTRL DEBUG] cycle=82177 state=23 start=0 incntlim=64 act_reps=1 wei_reps=1 ncontexts=1 context_cnt=0 act_cnt_en=0 wei_cnt_en=0 act_pop_en=0 wei_pop_en=0 psm_start=0 shift_done=0 done=0 cscnt_q=0 pop_shim_q2=1 cdone_q=0 o_cswitch_done_val=0 o_cdone_val=0
[CTRL DEBUG] cycle=82177 state=23 start=0 incntlim=64 act_reps=1 wei_reps=1 ncontexts=1 context_cnt=0 act_cnt_en=0 wei_cnt_en=0 act_pop_en=0 wei_pop_en=0 psm_start=0 shift_done=0 done=0 cscnt_q=0 pop_shim_q2=1 cdone_q=0 o_cswitch_done_val=0 o_cdone_val=0
[CTRL DEBUG] cycle=82177 state=23 start=0 incntlim=64 act_reps=1 wei_reps=1 ncontexts=1 context_cnt=0 act_cnt_en=0 wei_cnt_en=0 act_pop_en=0 wei_pop_en=0 psm_start=0 shift_done=0 done=0 cscnt_q=0 pop_shim_q2=1 cdone_q=0 o_cswitch_done_val=0 o_cdone_val=0
[CTRL DEBUG] cycle=82178 state=23 start=0 incntlim=64 act_reps=1 wei_reps=1 ncontexts=1 context_cnt=0 act_cnt_en=0 wei_cnt_en=0 act_pop_en=0 wei_pop_en=0 psm_start=0 shift_done=0 done=0 cscnt_q=0 pop_shim_q2=1 cdone_q=0 o_cswitch_done_val=0 o_cdone_val=0
[CTRL DEBUG] cycle=82178 state=23 start=0 incntlim=64 act_reps=1 wei_reps=1 ncontexts=1 context_cnt=0 act_cnt_en=0 wei_cnt_en=0 act_pop_en=0 wei_pop_en=0 psm_start=0 shift_done=0 done=0 cscnt_q=0 pop_shim_q2=1 cdone_q=0 o_cswitch_done_val=0 o_cdone_val=0
[CTRL DEBUG] cycle=82178 state=23 start=0 incntlim=64 act_reps=1 wei_reps=1 ncontexts=1 context_cnt=0 act_cnt_en=0 wei_cnt_en=0 act_pop_en=0 wei_pop_en=0 psm_start=0 shift_done=0 done=0 cscnt_q=0 pop_shim_q2=1 cdone_q=0 o_cswitch_done_val=0 o_cdone_val=0
[CTRL DEBUG] cycle=82178 state=23 start=0 incntlim=64 act_reps=1 wei_reps=1 ncontexts=1 context_cnt=0 act_cnt_en=0 wei_cnt_en=0 act_pop_en=0 wei_pop_en=0 psm_start=0 shift_done=0 done=0 cscnt_q=0 pop_shim_q2=1 cdone_q=0 o_cswitch_done_val=0 o_cdone_val=0
[CTRL DEBUG] cycle=82178 state=23 start=0 incntlim=64 act_reps=1 wei_reps=1 ncontexts=1 context_cnt=0 act_cnt_en=0 wei_cnt_en=0 act_pop_en=0 wei_pop_en=0 psm_start=0 shift_done=0 done=0 cscnt_q=0 pop_shim_q2=1 cdone_q=0 o_cswitch_done_val=0 o_cdone_val=0
[CTRL DEBUG] cycle=82178 state=23 start=0 incntlim=64 act_reps=1 wei_reps=1 ncontexts=1 context_cnt=0 act_cnt_en=0 wei_cnt_en=0 act_pop_en=0 wei_pop_en=0 psm_start=0 shift_done=0 done=0 cscnt_q=0 pop_shim_q2=1 cdone_q=0 o_cswitch_done_val=0 o_cdone_val=0
[CTRL DEBUG] cycle=82179 state=23 start=0 incntlim=64 act_reps=1 wei_reps=1 ncontexts=1 context_cnt=0 act_cnt_en=0 wei_cnt_en=0 act_pop_en=0 wei_pop_en=0 psm_start=0 shift_done=0 done=0 cscnt_q=0 pop_shim_q2=1 cdone_q=0 o_cswitch_done_val=0 o_cdone_val=0
[CTRL DEBUG] cycle=82179 state=23 start=0 incntlim=64 act_reps=1 wei_reps=1 ncontexts=1 context_cnt=0 act_cnt_en=0 wei_cnt_en=0 act_pop_en=0 wei_pop_en=0 psm_start=0 shift_done=0 done=0 cscnt_q=0 pop_shim_q2=1 cdone_q=0 o_cswitch_done_val=0 o_cdone_val=0
[CTRL DEBUG] cycle=82179 state=23 start=0 incntlim=64 act_reps=1 wei_reps=1 ncontexts=1 context_cnt=0 act_cnt_en=0 wei_cnt_en=0 act_pop_en=0 wei_pop_en=0 psm_start=0 shift_done=0 done=0 cscnt_q=0 pop_shim_q2=1 cdone_q=0 o_cswitch_done_val=0 o_cdone_val=0
[CTRL DEBUG] cycle=82179 state=23 start=0 incntlim=64 act_reps=1 wei_reps=1 ncontexts=1 context_cnt=0 act_cnt_en=0 wei_cnt_en=0 act_pop_en=0 wei_pop_en=0 psm_start=0 shift_done=0 done=0 cscnt_q=0 pop_shim_q2=1 cdone_q=0 o_cswitch_done_val=0 o_cdone_val=0
[CTRL DEBUG] cycle=82179 state=23 start=0 incntlim=64 act_reps=1 wei_reps=1 ncontexts=1 context_cnt=0 act_cnt_en=0 wei_cnt_en=0 act_pop_en=0 wei_pop_en=0 psm_start=0 shift_done=0 done=0 cscnt_q=0 pop_shim_q2=1 cdone_q=0 o_cswitch_done_val=0 o_cdone_val=0
[CTRL DEBUG] cycle=82179 state=23 start=0 incntlim=64 act_reps=1 wei_reps=1 ncontexts=1 context_cnt=0 act_cnt_en=0 wei_cnt_en=0 act_pop_en=0 wei_pop_en=0 psm_start=0 shift_done=0 done=0 cscnt_q=0 pop_shim_q2=1 cdone_q=0 o_cswitch_done_val=0 o_cdone_val=0
[CTRL DEBUG] cycle=82180 state=23 start=0 incntlim=64 act_reps=1 wei_reps=1 ncontexts=1 context_cnt=0 act_cnt_en=0 wei_cnt_en=0 act_pop_en=0 wei_pop_en=0 psm_start=0 shift_done=0 done=0 cscnt_q=0 pop_shim_q2=1 cdone_q=0 o_cswitch_done_val=0 o_cdone_val=0
[CTRL DEBUG] cycle=82180 state=23 start=0 incntlim=64 act_reps=1 wei_reps=1 ncontexts=1 context_cnt=0 act_cnt_en=0 wei_cnt_en=0 act_pop_en=0 wei_pop_en=0 psm_start=0 shift_done=0 done=0 cscnt_q=0 pop_shim_q2=1 cdone_q=0 o_cswitch_done_val=0 o_cdone_val=0
[CTRL DEBUG] cycle=82180 state=23 start=0 incntlim=64 act_reps=1 wei_reps=1 ncontexts=1 context_cnt=0 act_cnt_en=0 wei_cnt_en=0 act_pop_en=0 wei_pop_en=0 psm_start=0 shift_done=0 done=0 cscnt_q=0 pop_shim_q2=1 cdone_q=0 o_cswitch_done_val=0 o_cdone_val=0
[CTRL DEBUG] cycle=82180 state=23 start=0 incntlim=64 act_reps=1 wei_reps=1 ncontexts=1 context_cnt=0 act_cnt_en=0 wei_cnt_en=0 act_pop_en=0 wei_pop_en=0 psm_start=0 shift_done=0 done=0 cscnt_q=0 pop_shim_q2=1 cdone_q=0 o_cswitch_done_val=0 o_cdone_val=0
[CTRL DEBUG] cycle=82180 state=23 start=0 incntlim=64 act_reps=1 wei_reps=1 ncontexts=1 context_cnt=0 act_cnt_en=0 wei_cnt_en=0 act_pop_en=0 wei_pop_en=0 psm_start=0 shift_done=0 done=0 cscnt_q=0 pop_shim_q2=1 cdone_q=0 o_cswitch_done_val=0 o_cdone_val=0
[CTRL DEBUG] cycle=82180 state=23 start=0 incntlim=64 act_reps=1 wei_reps=1 ncontexts=1 context_cnt=0 act_cnt_en=0 wei_cnt_en=0 act_pop_en=0 wei_pop_en=0 psm_start=0 shift_done=0 done=0 cscnt_q=0 pop_shim_q2=1 cdone_q=0 o_cswitch_done_val=0 o_cdone_val=0
[CTRL DEBUG] cycle=82181 state=23 start=0 incntlim=64 act_reps=1 wei_reps=1 ncontexts=1 context_cnt=0 act_cnt_en=0 wei_cnt_en=0 act_pop_en=0 wei_pop_en=0 psm_start=0 shift_done=0 done=0 cscnt_q=0 pop_shim_q2=1 cdone_q=1 o_cswitch_done_val=0 o_cdone_val=0
[CTRL DEBUG] cycle=82181 state=23 start=0 incntlim=64 act_reps=1 wei_reps=1 ncontexts=1 context_cnt=0 act_cnt_en=0 wei_cnt_en=0 act_pop_en=0 wei_pop_en=0 psm_start=0 shift_done=0 done=0 cscnt_q=0 pop_shim_q2=1 cdone_q=1 o_cswitch_done_val=0 o_cdone_val=0
  y=0 ref=0 actual=-5.09516 diff=-5.09516
  y=1 ref=0 actual=7.38304 diff=7.38304
  y=2 ref=0 actual=6.26768 diff=6.26768
  y=3 ref=0 actual=-13.1189 diff=-13.1189
  y=4 ref=0 actual=0 diff=0
  y=5 ref=0 actual=0 diff=0
  y=6 ref=0 actual=0 diff=0
  y=7 ref=0 actual=0 diff=0
]
[CTRL DEBUG] cycle=82181 state=23 start=0 incntlim=64 act_reps=1 wei_reps=1 ncontexts=1 context_cnt=0 act_cnt_en=0 wei_cnt_en=0 act_pop_en=0 wei_pop_en=0 psm_start=0 shift_done=0 done=0 cscnt_q=0 pop_shim_q2=1 cdone_q=1 o_cswitch_done_val=0 o_cdone_val=0
[CTRL DEBUG] cycle=82181 state=23 start=0 incntlim=64 act_reps=1 wei_reps=1 ncontexts=1 context_cnt=0 act_cnt_en=0 wei_cnt_en=0 act_pop_en=0 wei_pop_en=0 psm_start=0 shift_done=0 done=0 cscnt_q=0 pop_shim_q2=1 cdone_q=1 o_cswitch_done_val=0 o_cdone_val=0
  y=0 ref=0 actual=-5.09516 diff=-5.09516
  y=1 ref=0 actual=7.38304 diff=7.38304
  y=2 ref=0 actual=6.26768 diff=6.26768
  y=3 ref=0 actual=-13.1189 diff=-13.1189
  y=4 ref=0 actual=0 diff=0
  y=5 ref=0 actual=0 diff=0
  y=6 ref=0 actual=0 diff=0
  y=7 ref=0 actual=0 diff=0
]
[CTRL DEBUG] cycle=82181 state=23 start=0 incntlim=64 act_reps=1 wei_reps=1 ncontexts=1 context_cnt=0 act_cnt_en=0 wei_cnt_en=0 act_pop_en=0 wei_pop_en=0 psm_start=0 shift_done=0 done=0 cscnt_q=0 pop_shim_q2=1 cdone_q=1 o_cswitch_done_val=0 o_cdone_val=0
[CTRL DEBUG] cycle=82181 state=23 start=0 incntlim=64 act_reps=1 wei_reps=1 ncontexts=1 context_cnt=0 act_cnt_en=0 wei_cnt_en=0 act_pop_en=0 wei_pop_en=0 psm_start=0 shift_done=0 done=0 cscnt_q=0 pop_shim_q2=1 cdone_q=1 o_cswitch_done_val=0 o_cdone_val=0
  y=0 ref=0 actual=-5.09516 diff=-5.09516
  y=1 ref=0 actual=7.38304 diff=7.38304
  y=2 ref=0 actual=6.26768 diff=6.26768
  y=3 ref=0 actual=-13.1189 diff=-13.1189
  y=4 ref=0 actual=0 diff=0
  y=5 ref=0 actual=0 diff=0
  y=6 ref=0 actual=0 diff=0
  y=7 ref=0 actual=0 diff=0
]
[CTRL DEBUG] cycle=82182 state=23 start=0 incntlim=64 act_reps=1 wei_reps=1 ncontexts=1 context_cnt=0 act_cnt_en=0 wei_cnt_en=0 act_pop_en=0 wei_pop_en=0 psm_start=0 shift_done=0 done=0 cscnt_q=0 pop_shim_q2=1 cdone_q=0 o_cswitch_done_val=0 o_cdone_val=1
[CTRL DEBUG] cycle=82182 state=23 start=0 incntlim=64 act_reps=1 wei_reps=1 ncontexts=1 context_cnt=0 act_cnt_en=0 wei_cnt_en=0 act_pop_en=0 wei_pop_en=0 psm_start=0 shift_done=0 done=0 cscnt_q=0 pop_shim_q2=1 cdone_q=0 o_cswitch_done_val=0 o_cdone_val=1
[CTRL DEBUG] cycle=82182 state=23 start=0 incntlim=64 act_reps=1 wei_reps=1 ncontexts=1 context_cnt=0 act_cnt_en=0 wei_cnt_en=0 act_pop_en=0 wei_pop_en=0 psm_start=0 shift_done=0 done=0 cscnt_q=0 pop_shim_q2=1 cdone_q=0 o_cswitch_done_val=0 o_cdone_val=1
[CTRL DEBUG] cycle=82182 state=23 start=0 incntlim=64 act_reps=1 wei_reps=1 ncontexts=1 context_cnt=0 act_cnt_en=0 wei_cnt_en=0 act_pop_en=0 wei_pop_en=0 psm_start=0 shift_done=0 done=0 cscnt_q=0 pop_shim_q2=1 cdone_q=0 o_cswitch_done_val=0 o_cdone_val=1
[CTRL DEBUG] cycle=82182 state=23 start=0 incntlim=64 act_reps=1 wei_reps=1 ncontexts=1 context_cnt=0 act_cnt_en=0 wei_cnt_en=0 act_pop_en=0 wei_pop_en=0 psm_start=0 shift_done=0 done=0 cscnt_q=0 pop_shim_q2=1 cdone_q=0 o_cswitch_done_val=0 o_cdone_val=1
[CTRL DEBUG] cycle=82182 state=23 start=0 incntlim=64 act_reps=1 wei_reps=1 ncontexts=1 context_cnt=0 act_cnt_en=0 wei_cnt_en=0 act_pop_en=0 wei_pop_en=0 psm_start=0 shift_done=0 done=0 cscnt_q=0 pop_shim_q2=1 cdone_q=0 o_cswitch_done_val=0 o_cdone_val=1
[CTRL DEBUG] cycle=82183 state=23 start=0 incntlim=64 act_reps=1 wei_reps=1 ncontexts=1 context_cnt=0 act_cnt_en=0 wei_cnt_en=0 act_pop_en=0 wei_pop_en=0 psm_start=0 shift_done=0 done=0 cscnt_q=0 pop_shim_q2=1 cdone_q=0 o_cswitch_done_val=0 o_cdone_val=0
[CTRL DEBUG] cycle=82183 state=23 start=0 incntlim=64 act_reps=1 wei_reps=1 ncontexts=1 context_cnt=0 act_cnt_en=0 wei_cnt_en=0 act_pop_en=0 wei_pop_en=0 psm_start=0 shift_done=0 done=0 cscnt_q=0 pop_shim_q2=1 cdone_q=0 o_cswitch_done_val=0 o_cdone_val=0
[CTRL DEBUG] cycle=82183 state=23 start=0 incntlim=64 act_reps=1 wei_reps=1 ncontexts=1 context_cnt=0 act_cnt_en=0 wei_cnt_en=0 act_pop_en=0 wei_pop_en=0 psm_start=0 shift_done=0 done=0 cscnt_q=0 pop_shim_q2=1 cdone_q=0 o_cswitch_done_val=0 o_cdone_val=0
[CTRL DEBUG] cycle=82183 state=23 start=0 incntlim=64 act_reps=1 wei_reps=1 ncontexts=1 context_cnt=0 act_cnt_en=0 wei_cnt_en=0 act_pop_en=0 wei_pop_en=0 psm_start=0 shift_done=0 done=0 cscnt_q=0 pop_shim_q2=1 cdone_q=0 o_cswitch_done_val=0 o_cdone_val=0
[CTRL DEBUG] cycle=82183 state=23 start=0 incntlim=64 act_reps=1 wei_reps=1 ncontexts=1 context_cnt=0 act_cnt_en=0 wei_cnt_en=0 act_pop_en=0 wei_pop_en=0 psm_start=0 shift_done=0 done=0 cscnt_q=0 pop_shim_q2=1 cdone_q=0 o_cswitch_done_val=0 o_cdone_val=0
[CTRL DEBUG] cycle=82183 state=23 start=0 incntlim=64 act_reps=1 wei_reps=1 ncontexts=1 context_cnt=0 act_cnt_en=0 wei_cnt_en=0 act_pop_en=0 wei_pop_en=0 psm_start=0 shift_done=0 done=0 cscnt_q=0 pop_shim_q2=1 cdone_q=0 o_cswitch_done_val=0 o_cdone_val=0
[CTRL DEBUG] cycle=82184 state=23 start=0 incntlim=64 act_reps=1 wei_reps=1 ncontexts=1 context_cnt=0 act_cnt_en=0 wei_cnt_en=0 act_pop_en=0 wei_pop_en=0 psm_start=0 shift_done=0 done=0 cscnt_q=0 pop_shim_q2=1 cdone_q=0 o_cswitch_done_val=0 o_cdone_val=0
[CTRL DEBUG] cycle=82184 state=23 start=0 incntlim=64 act_reps=1 wei_reps=1 ncontexts=1 context_cnt=0 act_cnt_en=0 wei_cnt_en=0 act_pop_en=0 wei_pop_en=0 psm_start=0 shift_done=0 done=0 cscnt_q=0 pop_shim_q2=1 cdone_q=0 o_cswitch_done_val=0 o_cdone_val=0
  y=0 ref=0 actual=5.92978 diff=5.92978
  y=1 ref=0 actual=5.40641 diff=5.40641
  y=2 ref=0 actual=-12.3233 diff=-12.3233
  y=3 ref=0 actual=-3.43114 diff=-3.43114
  y=4 ref=0 actual=0 diff=0
  y=5 ref=0 actual=0 diff=0
  y=6 ref=0 actual=0 diff=0
  y=7 ref=0 actual=0 diff=0
]
[CTRL DEBUG] cycle=82184 state=23 start=0 incntlim=64 act_reps=1 wei_reps=1 ncontexts=1 context_cnt=0 act_cnt_en=0 wei_cnt_en=0 act_pop_en=0 wei_pop_en=0 psm_start=0 shift_done=0 done=0 cscnt_q=0 pop_shim_q2=1 cdone_q=0 o_cswitch_done_val=0 o_cdone_val=0
[CTRL DEBUG] cycle=82184 state=23 start=0 incntlim=64 act_reps=1 wei_reps=1 ncontexts=1 context_cnt=0 act_cnt_en=0 wei_cnt_en=0 act_pop_en=0 wei_pop_en=0 psm_start=0 shift_done=0 done=0 cscnt_q=0 pop_shim_q2=1 cdone_q=0 o_cswitch_done_val=0 o_cdone_val=0
  y=0 ref=0 actual=5.92978 diff=5.92978
  y=1 ref=0 actual=5.40641 diff=5.40641
  y=2 ref=0 actual=-12.3233 diff=-12.3233
  y=3 ref=0 actual=-3.43114 diff=-3.43114
  y=4 ref=0 actual=0 diff=0
  y=5 ref=0 actual=0 diff=0
  y=6 ref=0 actual=0 diff=0
  y=7 ref=0 actual=0 diff=0
]
[CTRL DEBUG] cycle=82184 state=23 start=0 incntlim=64 act_reps=1 wei_reps=1 ncontexts=1 context_cnt=0 act_cnt_en=0 wei_cnt_en=0 act_pop_en=0 wei_pop_en=0 psm_start=0 shift_done=0 done=0 cscnt_q=0 pop_shim_q2=1 cdone_q=0 o_cswitch_done_val=0 o_cdone_val=0
[CTRL DEBUG] cycle=82184 state=23 start=0 incntlim=64 act_reps=1 wei_reps=1 ncontexts=1 context_cnt=0 act_cnt_en=0 wei_cnt_en=0 act_pop_en=0 wei_pop_en=0 psm_start=0 shift_done=0 done=0 cscnt_q=0 pop_shim_q2=1 cdone_q=0 o_cswitch_done_val=0 o_cdone_val=0
  y=0 ref=0 actual=5.92978 diff=5.92978
  y=1 ref=0 actual=5.40641 diff=5.40641
  y=2 ref=0 actual=-12.3233 diff=-12.3233
  y=3 ref=0 actual=-3.43114 diff=-3.43114
  y=4 ref=0 actual=0 diff=0
  y=5 ref=0 actual=0 diff=0
  y=6 ref=0 actual=0 diff=0
  y=7 ref=0 actual=0 diff=0
]
[CTRL DEBUG] cycle=82185 state=23 start=0 incntlim=64 act_reps=1 wei_reps=1 ncontexts=1 context_cnt=0 act_cnt_en=0 wei_cnt_en=0 act_pop_en=0 wei_pop_en=0 psm_start=0 shift_done=0 done=0 cscnt_q=0 pop_shim_q2=1 cdone_q=0 o_cswitch_done_val=0 o_cdone_val=0
[CTRL DEBUG] cycle=82185 state=23 start=0 incntlim=64 act_reps=1 wei_reps=1 ncontexts=1 context_cnt=0 act_cnt_en=0 wei_cnt_en=0 act_pop_en=0 wei_pop_en=0 psm_start=0 shift_done=0 done=0 cscnt_q=0 pop_shim_q2=1 cdone_q=0 o_cswitch_done_val=0 o_cdone_val=0
  y=0 ref=0 actual=6.06975 diff=6.06975
  y=1 ref=0 actual=5.25825 diff=5.25825
  y=2 ref=0 actual=1.20274 diff=1.20274
  y=3 ref=0 actual=17.1568 diff=17.1568
  y=4 ref=0 actual=0 diff=0
  y=5 ref=0 actual=0 diff=0
  y=6 ref=0 actual=0 diff=0
  y=7 ref=0 actual=0 diff=0
]
[CTRL DEBUG] cycle=82185 state=23 start=0 incntlim=64 act_reps=1 wei_reps=1 ncontexts=1 context_cnt=0 act_cnt_en=0 wei_cnt_en=0 act_pop_en=0 wei_pop_en=0 psm_start=0 shift_done=0 done=0 cscnt_q=0 pop_shim_q2=1 cdone_q=0 o_cswitch_done_val=0 o_cdone_val=0
[CTRL DEBUG] cycle=82185 state=23 start=0 incntlim=64 act_reps=1 wei_reps=1 ncontexts=1 context_cnt=0 act_cnt_en=0 wei_cnt_en=0 act_pop_en=0 wei_pop_en=0 psm_start=0 shift_done=0 done=0 cscnt_q=0 pop_shim_q2=1 cdone_q=0 o_cswitch_done_val=0 o_cdone_val=0
  y=0 ref=0 actual=6.06975 diff=6.06975
  y=1 ref=0 actual=5.25825 diff=5.25825
  y=2 ref=0 actual=1.20274 diff=1.20274
  y=3 ref=0 actual=17.1568 diff=17.1568
  y=4 ref=0 actual=0 diff=0
  y=5 ref=0 actual=0 diff=0
  y=6 ref=0 actual=0 diff=0
  y=7 ref=0 actual=0 diff=0
]
[CTRL DEBUG] cycle=82185 state=23 start=0 incntlim=64 act_reps=1 wei_reps=1 ncontexts=1 context_cnt=0 act_cnt_en=0 wei_cnt_en=0 act_pop_en=0 wei_pop_en=0 psm_start=0 shift_done=0 done=0 cscnt_q=0 pop_shim_q2=1 cdone_q=0 o_cswitch_done_val=0 o_cdone_val=0
[CTRL DEBUG] cycle=82185 state=23 start=0 incntlim=64 act_reps=1 wei_reps=1 ncontexts=1 context_cnt=0 act_cnt_en=0 wei_cnt_en=0 act_pop_en=0 wei_pop_en=0 psm_start=0 shift_done=0 done=0 cscnt_q=0 pop_shim_q2=1 cdone_q=0 o_cswitch_done_val=0 o_cdone_val=0
  y=0 ref=0 actual=6.06975 diff=6.06975
  y=1 ref=0 actual=5.25825 diff=5.25825
  y=2 ref=0 actual=1.20274 diff=1.20274
  y=3 ref=0 actual=17.1568 diff=17.1568
  y=4 ref=0 actual=0 diff=0
  y=5 ref=0 actual=0 diff=0
  y=6 ref=0 actual=0 diff=0
  y=7 ref=0 actual=0 diff=0
]
[CTRL DEBUG] cycle=82186 state=23 start=0 incntlim=64 act_reps=1 wei_reps=1 ncontexts=1 context_cnt=0 act_cnt_en=0 wei_cnt_en=0 act_pop_en=0 wei_pop_en=0 psm_start=0 shift_done=0 done=0 cscnt_q=0 pop_shim_q2=1 cdone_q=0 o_cswitch_done_val=0 o_cdone_val=0
[CTRL DEBUG] cycle=82186 state=23 start=0 incntlim=64 act_reps=1 wei_reps=1 ncontexts=1 context_cnt=0 act_cnt_en=0 wei_cnt_en=0 act_pop_en=0 wei_pop_en=0 psm_start=0 shift_done=0 done=0 cscnt_q=0 pop_shim_q2=1 cdone_q=0 o_cswitch_done_val=0 o_cdone_val=0
  y=0 ref=0 actual=-0.452264 diff=-0.452264
  y=1 ref=0 actual=-4.689 diff=-4.689
  y=2 ref=0 actual=-5.01772 diff=-5.01772
  y=3 ref=0 actual=-6.14766 diff=-6.14766
  y=4 ref=0 actual=0 diff=0
  y=5 ref=0 actual=0 diff=0
  y=6 ref=0 actual=0 diff=0
  y=7 ref=0 actual=0 diff=0
]
[CTRL DEBUG] cycle=82186 state=23 start=0 incntlim=64 act_reps=1 wei_reps=1 ncontexts=1 context_cnt=0 act_cnt_en=0 wei_cnt_en=0 act_pop_en=0 wei_pop_en=0 psm_start=0 shift_done=0 done=0 cscnt_q=0 pop_shim_q2=1 cdone_q=0 o_cswitch_done_val=0 o_cdone_val=0
[CTRL DEBUG] cycle=82186 state=23 start=0 incntlim=64 act_reps=1 wei_reps=1 ncontexts=1 context_cnt=0 act_cnt_en=0 wei_cnt_en=0 act_pop_en=0 wei_pop_en=0 psm_start=0 shift_done=0 done=0 cscnt_q=0 pop_shim_q2=1 cdone_q=0 o_cswitch_done_val=0 o_cdone_val=0
  y=0 ref=0 actual=-0.452264 diff=-0.452264
  y=1 ref=0 actual=-4.689 diff=-4.689
  y=2 ref=0 actual=-5.01772 diff=-5.01772
  y=3 ref=0 actual=-6.14766 diff=-6.14766
  y=4 ref=0 actual=0 diff=0
  y=5 ref=0 actual=0 diff=0
  y=6 ref=0 actual=0 diff=0
  y=7 ref=0 actual=0 diff=0
]
[CTRL DEBUG] cycle=82186 state=23 start=0 incntlim=64 act_reps=1 wei_reps=1 ncontexts=1 context_cnt=0 act_cnt_en=0 wei_cnt_en=0 act_pop_en=0 wei_pop_en=0 psm_start=0 shift_done=0 done=0 cscnt_q=0 pop_shim_q2=1 cdone_q=0 o_cswitch_done_val=0 o_cdone_val=0
[CTRL DEBUG] cycle=82186 state=23 start=0 incntlim=64 act_reps=1 wei_reps=1 ncontexts=1 context_cnt=0 act_cnt_en=0 wei_cnt_en=0 act_pop_en=0 wei_pop_en=0 psm_start=0 shift_done=0 done=0 cscnt_q=0 pop_shim_q2=1 cdone_q=0 o_cswitch_done_val=0 o_cdone_val=0
  y=0 ref=0 actual=-0.452264 diff=-0.452264
  y=1 ref=0 actual=-4.689 diff=-4.689
  y=2 ref=0 actual=-5.01772 diff=-5.01772
  y=3 ref=0 actual=-6.14766 diff=-6.14766
  y=4 ref=0 actual=0 diff=0
  y=5 ref=0 actual=0 diff=0
  y=6 ref=0 actual=0 diff=0
  y=7 ref=0 actual=0 diff=0
]
[CTRL DEBUG] cycle=82187 state=23 start=0 incntlim=64 act_reps=1 wei_reps=1 ncontexts=1 context_cnt=0 act_cnt_en=0 wei_cnt_en=0 act_pop_en=0 wei_pop_en=0 psm_start=0 shift_done=0 done=0 cscnt_q=0 pop_shim_q2=1 cdone_q=0 o_cswitch_done_val=0 o_cdone_val=0
[CTRL DEBUG] cycle=82187 state=23 start=0 incntlim=64 act_reps=1 wei_reps=1 ncontexts=1 context_cnt=0 act_cnt_en=0 wei_cnt_en=0 act_pop_en=0 wei_pop_en=0 psm_start=0 shift_done=0 done=0 cscnt_q=0 pop_shim_q2=1 cdone_q=0 o_cswitch_done_val=0 o_cdone_val=0
  y=0 ref=0 actual=8.05654 diff=8.05654
  y=1 ref=0 actual=20.562 diff=20.562
  y=2 ref=0 actual=-2.21879 diff=-2.21879
  y=3 ref=0 actual=16.4111 diff=16.4111
  y=4 ref=0 actual=0 diff=0
  y=5 ref=0 actual=0 diff=0
  y=6 ref=0 actual=0 diff=0
  y=7 ref=0 actual=0 diff=0
]
[CTRL DEBUG] cycle=82187 state=23 start=0 incntlim=64 act_reps=1 wei_reps=1 ncontexts=1 context_cnt=0 act_cnt_en=0 wei_cnt_en=0 act_pop_en=0 wei_pop_en=0 psm_start=0 shift_done=0 done=0 cscnt_q=0 pop_shim_q2=1 cdone_q=0 o_cswitch_done_val=0 o_cdone_val=0
[CTRL DEBUG] cycle=82187 state=23 start=0 incntlim=64 act_reps=1 wei_reps=1 ncontexts=1 context_cnt=0 act_cnt_en=0 wei_cnt_en=0 act_pop_en=0 wei_pop_en=0 psm_start=0 shift_done=0 done=0 cscnt_q=0 pop_shim_q2=1 cdone_q=0 o_cswitch_done_val=0 o_cdone_val=0
  y=0 ref=0 actual=8.05654 diff=8.05654
  y=1 ref=0 actual=20.562 diff=20.562
  y=2 ref=0 actual=-2.21879 diff=-2.21879
  y=3 ref=0 actual=16.4111 diff=16.4111
  y=4 ref=0 actual=0 diff=0
  y=5 ref=0 actual=0 diff=0
  y=6 ref=0 actual=0 diff=0
  y=7 ref=0 actual=0 diff=0
]
[CTRL DEBUG] cycle=82187 state=23 start=0 incntlim=64 act_reps=1 wei_reps=1 ncontexts=1 context_cnt=0 act_cnt_en=0 wei_cnt_en=0 act_pop_en=0 wei_pop_en=0 psm_start=0 shift_done=0 done=0 cscnt_q=0 pop_shim_q2=1 cdone_q=0 o_cswitch_done_val=0 o_cdone_val=0
[CTRL DEBUG] cycle=82187 state=23 start=0 incntlim=64 act_reps=1 wei_reps=1 ncontexts=1 context_cnt=0 act_cnt_en=0 wei_cnt_en=0 act_pop_en=0 wei_pop_en=0 psm_start=0 shift_done=0 done=0 cscnt_q=0 pop_shim_q2=1 cdone_q=0 o_cswitch_done_val=0 o_cdone_val=0
  y=0 ref=0 actual=8.05654 diff=8.05654
  y=1 ref=0 actual=20.562 diff=20.562
  y=2 ref=0 actual=-2.21879 diff=-2.21879
  y=3 ref=0 actual=16.4111 diff=16.4111
  y=4 ref=0 actual=0 diff=0
  y=5 ref=0 actual=0 diff=0
  y=6 ref=0 actual=0 diff=0
  y=7 ref=0 actual=0 diff=0
]
[CTRL DEBUG] cycle=82188 state=23 start=0 incntlim=64 act_reps=1 wei_reps=1 ncontexts=1 context_cnt=0 act_cnt_en=0 wei_cnt_en=0 act_pop_en=0 wei_pop_en=0 psm_start=0 shift_done=0 done=0 cscnt_q=0 pop_shim_q2=1 cdone_q=0 o_cswitch_done_val=0 o_cdone_val=0
[CTRL DEBUG] cycle=82188 state=23 start=0 incntlim=64 act_reps=1 wei_reps=1 ncontexts=1 context_cnt=0 act_cnt_en=0 wei_cnt_en=0 act_pop_en=0 wei_pop_en=0 psm_start=0 shift_done=0 done=0 cscnt_q=0 pop_shim_q2=1 cdone_q=0 o_cswitch_done_val=0 o_cdone_val=0
  y=0 ref=0 actual=0.692106 diff=0.692106
  y=1 ref=0 actual=-6.8256 diff=-6.8256
  y=2 ref=0 actual=1.73578 diff=1.73578
  y=3 ref=0 actual=-3.21363 diff=-3.21363
  y=4 ref=0 actual=0 diff=0
  y=5 ref=0 actual=0 diff=0
  y=6 ref=0 actual=0 diff=0
  y=7 ref=0 actual=0 diff=0
]
[CTRL DEBUG] cycle=82188 state=23 start=0 incntlim=64 act_reps=1 wei_reps=1 ncontexts=1 context_cnt=0 act_cnt_en=0 wei_cnt_en=0 act_pop_en=0 wei_pop_en=0 psm_start=0 shift_done=0 done=0 cscnt_q=0 pop_shim_q2=1 cdone_q=0 o_cswitch_done_val=0 o_cdone_val=0
[CTRL DEBUG] cycle=82188 state=23 start=0 incntlim=64 act_reps=1 wei_reps=1 ncontexts=1 context_cnt=0 act_cnt_en=0 wei_cnt_en=0 act_pop_en=0 wei_pop_en=0 psm_start=0 shift_done=0 done=0 cscnt_q=0 pop_shim_q2=1 cdone_q=0 o_cswitch_done_val=0 o_cdone_val=0
  y=0 ref=0 actual=0.692106 diff=0.692106
  y=1 ref=0 actual=-6.8256 diff=-6.8256
  y=2 ref=0 actual=1.73578 diff=1.73578
  y=3 ref=0 actual=-3.21363 diff=-3.21363
  y=4 ref=0 actual=0 diff=0
  y=5 ref=0 actual=0 diff=0
  y=6 ref=0 actual=0 diff=0
  y=7 ref=0 actual=0 diff=0
]
[CTRL DEBUG] cycle=82188 state=23 start=0 incntlim=64 act_reps=1 wei_reps=1 ncontexts=1 context_cnt=0 act_cnt_en=0 wei_cnt_en=0 act_pop_en=0 wei_pop_en=0 psm_start=0 shift_done=0 done=0 cscnt_q=0 pop_shim_q2=1 cdone_q=0 o_cswitch_done_val=0 o_cdone_val=0
[CTRL DEBUG] cycle=82188 state=23 start=0 incntlim=64 act_reps=1 wei_reps=1 ncontexts=1 context_cnt=0 act_cnt_en=0 wei_cnt_en=0 act_pop_en=0 wei_pop_en=0 psm_start=0 shift_done=0 done=0 cscnt_q=0 pop_shim_q2=1 cdone_q=0 o_cswitch_done_val=0 o_cdone_val=0
  y=0 ref=0 actual=0.692106 diff=0.692106
  y=1 ref=0 actual=-6.8256 diff=-6.8256
  y=2 ref=0 actual=1.73578 diff=1.73578
  y=3 ref=0 actual=-3.21363 diff=-3.21363
  y=4 ref=0 actual=0 diff=0
  y=5 ref=0 actual=0 diff=0
  y=6 ref=0 actual=0 diff=0
  y=7 ref=0 actual=0 diff=0
]
[CTRL DEBUG] cycle=82189 state=23 start=0 incntlim=64 act_reps=1 wei_reps=1 ncontexts=1 context_cnt=0 act_cnt_en=0 wei_cnt_en=0 act_pop_en=0 wei_pop_en=0 psm_start=0 shift_done=0 done=0 cscnt_q=0 pop_shim_q2=1 cdone_q=0 o_cswitch_done_val=0 o_cdone_val=0
[CTRL DEBUG] cycle=82189 state=23 start=0 incntlim=64 act_reps=1 wei_reps=1 ncontexts=1 context_cnt=0 act_cnt_en=0 wei_cnt_en=0 act_pop_en=0 wei_pop_en=0 psm_start=0 shift_done=0 done=0 cscnt_q=0 pop_shim_q2=1 cdone_q=0 o_cswitch_done_val=0 o_cdone_val=0
  y=0 ref=0 actual=8.42854 diff=8.42854
  y=1 ref=0 actual=-1.57006 diff=-1.57006
  y=2 ref=0 actual=-6.03842 diff=-6.03842
  y=3 ref=0 actual=-1.80004 diff=-1.80004
  y=4 ref=0 actual=0 diff=0
  y=5 ref=0 actual=0 diff=0
  y=6 ref=0 actual=0 diff=0
  y=7 ref=0 actual=0 diff=0
]
[CTRL DEBUG] cycle=82189 state=23 start=0 incntlim=64 act_reps=1 wei_reps=1 ncontexts=1 context_cnt=0 act_cnt_en=0 wei_cnt_en=0 act_pop_en=0 wei_pop_en=0 psm_start=0 shift_done=0 done=0 cscnt_q=0 pop_shim_q2=1 cdone_q=0 o_cswitch_done_val=0 o_cdone_val=0
[CTRL DEBUG] cycle=82189 state=23 start=0 incntlim=64 act_reps=1 wei_reps=1 ncontexts=1 context_cnt=0 act_cnt_en=0 wei_cnt_en=0 act_pop_en=0 wei_pop_en=0 psm_start=0 shift_done=0 done=0 cscnt_q=0 pop_shim_q2=1 cdone_q=0 o_cswitch_done_val=0 o_cdone_val=0
  y=0 ref=0 actual=8.42854 diff=8.42854
  y=1 ref=0 actual=-1.57006 diff=-1.57006
  y=2 ref=0 actual=-6.03842 diff=-6.03842
  y=3 ref=0 actual=-1.80004 diff=-1.80004
  y=4 ref=0 actual=0 diff=0
  y=5 ref=0 actual=0 diff=0
  y=6 ref=0 actual=0 diff=0
  y=7 ref=0 actual=0 diff=0
]
[CTRL DEBUG] cycle=82189 state=23 start=0 incntlim=64 act_reps=1 wei_reps=1 ncontexts=1 context_cnt=0 act_cnt_en=0 wei_cnt_en=0 act_pop_en=0 wei_pop_en=0 psm_start=0 shift_done=0 done=0 cscnt_q=0 pop_shim_q2=1 cdone_q=0 o_cswitch_done_val=0 o_cdone_val=0
[CTRL DEBUG] cycle=82189 state=23 start=0 incntlim=64 act_reps=1 wei_reps=1 ncontexts=1 context_cnt=0 act_cnt_en=0 wei_cnt_en=0 act_pop_en=0 wei_pop_en=0 psm_start=0 shift_done=0 done=0 cscnt_q=0 pop_shim_q2=1 cdone_q=0 o_cswitch_done_val=0 o_cdone_val=0
  y=0 ref=0 actual=8.42854 diff=8.42854
  y=1 ref=0 actual=-1.57006 diff=-1.57006
  y=2 ref=0 actual=-6.03842 diff=-6.03842
  y=3 ref=0 actual=-1.80004 diff=-1.80004
  y=4 ref=0 actual=0 diff=0
  y=5 ref=0 actual=0 diff=0
  y=6 ref=0 actual=0 diff=0
  y=7 ref=0 actual=0 diff=0
]
[CTRL DEBUG] cycle=82190 state=23 start=0 incntlim=64 act_reps=1 wei_reps=1 ncontexts=1 context_cnt=0 act_cnt_en=0 wei_cnt_en=0 act_pop_en=0 wei_pop_en=0 psm_start=0 shift_done=0 done=0 cscnt_q=0 pop_shim_q2=1 cdone_q=0 o_cswitch_done_val=0 o_cdone_val=0
[CTRL DEBUG] cycle=82190 state=23 start=0 incntlim=64 act_reps=1 wei_reps=1 ncontexts=1 context_cnt=0 act_cnt_en=0 wei_cnt_en=0 act_pop_en=0 wei_pop_en=0 psm_start=0 shift_done=0 done=0 cscnt_q=0 pop_shim_q2=1 cdone_q=0 o_cswitch_done_val=0 o_cdone_val=0
  y=0 ref=0 actual=-10.628 diff=-10.628
  y=1 ref=0 actual=-5.70069 diff=-5.70069
  y=2 ref=0 actual=-0.508492 diff=-0.508492
  y=3 ref=0 actual=-1.2346 diff=-1.2346
  y=4 ref=0 actual=0 diff=0
  y=5 ref=0 actual=0 diff=0
  y=6 ref=0 actual=0 diff=0
  y=7 ref=0 actual=0 diff=0
]
[CTRL DEBUG] cycle=82190 state=23 start=0 incntlim=64 act_reps=1 wei_reps=1 ncontexts=1 context_cnt=0 act_cnt_en=0 wei_cnt_en=0 act_pop_en=0 wei_pop_en=0 psm_start=0 shift_done=0 done=0 cscnt_q=0 pop_shim_q2=1 cdone_q=0 o_cswitch_done_val=0 o_cdone_val=0
[CTRL DEBUG] cycle=82190 state=23 start=0 incntlim=64 act_reps=1 wei_reps=1 ncontexts=1 context_cnt=0 act_cnt_en=0 wei_cnt_en=0 act_pop_en=0 wei_pop_en=0 psm_start=0 shift_done=0 done=0 cscnt_q=0 pop_shim_q2=1 cdone_q=0 o_cswitch_done_val=0 o_cdone_val=0
  y=0 ref=0 actual=-10.628 diff=-10.628
  y=1 ref=0 actual=-5.70069 diff=-5.70069
  y=2 ref=0 actual=-0.508492 diff=-0.508492
  y=3 ref=0 actual=-1.2346 diff=-1.2346
  y=4 ref=0 actual=0 diff=0
  y=5 ref=0 actual=0 diff=0
  y=6 ref=0 actual=0 diff=0
  y=7 ref=0 actual=0 diff=0
]
[CTRL DEBUG] cycle=82190 state=23 start=0 incntlim=64 act_reps=1 wei_reps=1 ncontexts=1 context_cnt=0 act_cnt_en=0 wei_cnt_en=0 act_pop_en=0 wei_pop_en=0 psm_start=0 shift_done=0 done=0 cscnt_q=0 pop_shim_q2=1 cdone_q=0 o_cswitch_done_val=0 o_cdone_val=0
[CTRL DEBUG] cycle=82190 state=23 start=0 incntlim=64 act_reps=1 wei_reps=1 ncontexts=1 context_cnt=0 act_cnt_en=0 wei_cnt_en=0 act_pop_en=0 wei_pop_en=0 psm_start=0 shift_done=0 done=0 cscnt_q=0 pop_shim_q2=1 cdone_q=0 o_cswitch_done_val=0 o_cdone_val=0
  y=0 ref=0 actual=-10.628 diff=-10.628
  y=1 ref=0 actual=-5.70069 diff=-5.70069
  y=2 ref=0 actual=-0.508492 diff=-0.508492
  y=3 ref=0 actual=-1.2346 diff=-1.2346
  y=4 ref=0 actual=0 diff=0
  y=5 ref=0 actual=0 diff=0
  y=6 ref=0 actual=0 diff=0
  y=7 ref=0 actual=0 diff=0
]
[CTRL DEBUG] cycle=82191 state=23 start=0 incntlim=64 act_reps=1 wei_reps=1 ncontexts=1 context_cnt=0 act_cnt_en=0 wei_cnt_en=0 act_pop_en=0 wei_pop_en=0 psm_start=0 shift_done=0 done=0 cscnt_q=0 pop_shim_q2=1 cdone_q=0 o_cswitch_done_val=0 o_cdone_val=0
[CTRL DEBUG] cycle=82191 state=23 start=0 incntlim=64 act_reps=1 wei_reps=1 ncontexts=1 context_cnt=0 act_cnt_en=0 wei_cnt_en=0 act_pop_en=0 wei_pop_en=0 psm_start=0 shift_done=0 done=0 cscnt_q=0 pop_shim_q2=1 cdone_q=0 o_cswitch_done_val=0 o_cdone_val=0
  y=0 ref=0 actual=-1.75007 diff=-1.75007
  y=1 ref=0 actual=-1.03521 diff=-1.03521
  y=2 ref=0 actual=-4.14613 diff=-4.14613
  y=3 ref=0 actual=15.453 diff=15.453
  y=4 ref=0 actual=0 diff=0
  y=5 ref=0 actual=0 diff=0
  y=6 ref=0 actual=0 diff=0
  y=7 ref=0 actual=0 diff=0
]
[CTRL DEBUG] cycle=82191 state=23 start=0 incntlim=64 act_reps=1 wei_reps=1 ncontexts=1 context_cnt=0 act_cnt_en=0 wei_cnt_en=0 act_pop_en=0 wei_pop_en=0 psm_start=0 shift_done=0 done=0 cscnt_q=0 pop_shim_q2=1 cdone_q=0 o_cswitch_done_val=0 o_cdone_val=0
[CTRL DEBUG] cycle=82191 state=23 start=0 incntlim=64 act_reps=1 wei_reps=1 ncontexts=1 context_cnt=0 act_cnt_en=0 wei_cnt_en=0 act_pop_en=0 wei_pop_en=0 psm_start=0 shift_done=0 done=0 cscnt_q=0 pop_shim_q2=1 cdone_q=0 o_cswitch_done_val=0 o_cdone_val=0
  y=0 ref=0 actual=-1.75007 diff=-1.75007
  y=1 ref=0 actual=-1.03521 diff=-1.03521
  y=2 ref=0 actual=-4.14613 diff=-4.14613
  y=3 ref=0 actual=15.453 diff=15.453
  y=4 ref=0 actual=0 diff=0
  y=5 ref=0 actual=0 diff=0
  y=6 ref=0 actual=0 diff=0
  y=7 ref=0 actual=0 diff=0
]
[CTRL DEBUG] cycle=82191 state=23 start=0 incntlim=64 act_reps=1 wei_reps=1 ncontexts=1 context_cnt=0 act_cnt_en=0 wei_cnt_en=0 act_pop_en=0 wei_pop_en=0 psm_start=0 shift_done=0 done=0 cscnt_q=0 pop_shim_q2=1 cdone_q=0 o_cswitch_done_val=0 o_cdone_val=0
[CTRL DEBUG] cycle=82191 state=23 start=0 incntlim=64 act_reps=1 wei_reps=1 ncontexts=1 context_cnt=0 act_cnt_en=0 wei_cnt_en=0 act_pop_en=0 wei_pop_en=0 psm_start=0 shift_done=0 done=0 cscnt_q=0 pop_shim_q2=1 cdone_q=0 o_cswitch_done_val=0 o_cdone_val=0
  y=0 ref=0 actual=-1.75007 diff=-1.75007
  y=1 ref=0 actual=-1.03521 diff=-1.03521
  y=2 ref=0 actual=-4.14613 diff=-4.14613
  y=3 ref=0 actual=15.453 diff=15.453
  y=4 ref=0 actual=0 diff=0
  y=5 ref=0 actual=0 diff=0
  y=6 ref=0 actual=0 diff=0
  y=7 ref=0 actual=0 diff=0
]
[CTRL DEBUG] cycle=82192 state=23 start=0 incntlim=64 act_reps=1 wei_reps=1 ncontexts=1 context_cnt=0 act_cnt_en=0 wei_cnt_en=0 act_pop_en=0 wei_pop_en=0 psm_start=0 shift_done=0 done=0 cscnt_q=0 pop_shim_q2=1 cdone_q=0 o_cswitch_done_val=0 o_cdone_val=0
[CTRL DEBUG] cycle=82192 state=23 start=0 incntlim=64 act_reps=1 wei_reps=1 ncontexts=1 context_cnt=0 act_cnt_en=0 wei_cnt_en=0 act_pop_en=0 wei_pop_en=0 psm_start=0 shift_done=0 done=0 cscnt_q=0 pop_shim_q2=1 cdone_q=0 o_cswitch_done_val=0 o_cdone_val=0
  y=0 ref=0 actual=2.36599 diff=2.36599
  y=1 ref=0 actual=-3.94385 diff=-3.94385
  y=2 ref=0 actual=2.14371 diff=2.14371
  y=3 ref=0 actual=-0.967646 diff=-0.967646
  y=4 ref=0 actual=0 diff=0
  y=5 ref=0 actual=0 diff=0
  y=6 ref=0 actual=0 diff=0
  y=7 ref=0 actual=0 diff=0
]
[CTRL DEBUG] cycle=82192 state=23 start=0 incntlim=64 act_reps=1 wei_reps=1 ncontexts=1 context_cnt=0 act_cnt_en=0 wei_cnt_en=0 act_pop_en=0 wei_pop_en=0 psm_start=0 shift_done=0 done=0 cscnt_q=0 pop_shim_q2=1 cdone_q=0 o_cswitch_done_val=0 o_cdone_val=0
[CTRL DEBUG] cycle=82192 state=23 start=0 incntlim=64 act_reps=1 wei_reps=1 ncontexts=1 context_cnt=0 act_cnt_en=0 wei_cnt_en=0 act_pop_en=0 wei_pop_en=0 psm_start=0 shift_done=0 done=0 cscnt_q=0 pop_shim_q2=1 cdone_q=0 o_cswitch_done_val=0 o_cdone_val=0
  y=0 ref=0 actual=2.36599 diff=2.36599
  y=1 ref=0 actual=-3.94385 diff=-3.94385
  y=2 ref=0 actual=2.14371 diff=2.14371
  y=3 ref=0 actual=-0.967646 diff=-0.967646
  y=4 ref=0 actual=0 diff=0
  y=5 ref=0 actual=0 diff=0
  y=6 ref=0 actual=0 diff=0
  y=7 ref=0 actual=0 diff=0
]
[CTRL DEBUG] cycle=82192 state=23 start=0 incntlim=64 act_reps=1 wei_reps=1 ncontexts=1 context_cnt=0 act_cnt_en=0 wei_cnt_en=0 act_pop_en=0 wei_pop_en=0 psm_start=0 shift_done=0 done=0 cscnt_q=0 pop_shim_q2=1 cdone_q=0 o_cswitch_done_val=0 o_cdone_val=0
[CTRL DEBUG] cycle=82192 state=23 start=0 incntlim=64 act_reps=1 wei_reps=1 ncontexts=1 context_cnt=0 act_cnt_en=0 wei_cnt_en=0 act_pop_en=0 wei_pop_en=0 psm_start=0 shift_done=0 done=0 cscnt_q=0 pop_shim_q2=1 cdone_q=0 o_cswitch_done_val=0 o_cdone_val=0
  y=0 ref=0 actual=2.36599 diff=2.36599
  y=1 ref=0 actual=-3.94385 diff=-3.94385
  y=2 ref=0 actual=2.14371 diff=2.14371
  y=3 ref=0 actual=-0.967646 diff=-0.967646
  y=4 ref=0 actual=0 diff=0
  y=5 ref=0 actual=0 diff=0
  y=6 ref=0 actual=0 diff=0
  y=7 ref=0 actual=0 diff=0
]
[CTRL DEBUG] cycle=82193 state=23 start=0 incntlim=64 act_reps=1 wei_reps=1 ncontexts=1 context_cnt=0 act_cnt_en=0 wei_cnt_en=0 act_pop_en=0 wei_pop_en=0 psm_start=0 shift_done=0 done=0 cscnt_q=0 pop_shim_q2=1 cdone_q=0 o_cswitch_done_val=0 o_cdone_val=0
[CTRL DEBUG] cycle=82193 state=23 start=0 incntlim=64 act_reps=1 wei_reps=1 ncontexts=1 context_cnt=0 act_cnt_en=0 wei_cnt_en=0 act_pop_en=0 wei_pop_en=0 psm_start=0 shift_done=0 done=0 cscnt_q=0 pop_shim_q2=1 cdone_q=0 o_cswitch_done_val=0 o_cdone_val=0
  y=0 ref=0 actual=0.839952 diff=0.839952
  y=1 ref=0 actual=-7.0585 diff=-7.0585
  y=2 ref=0 actual=-7.16284 diff=-7.16284
  y=3 ref=0 actual=3.63288 diff=3.63288
  y=4 ref=0 actual=0 diff=0
  y=5 ref=0 actual=0 diff=0
  y=6 ref=0 actual=0 diff=0
  y=7 ref=0 actual=0 diff=0
]
[CTRL DEBUG] cycle=82193 state=23 start=0 incntlim=64 act_reps=1 wei_reps=1 ncontexts=1 context_cnt=0 act_cnt_en=0 wei_cnt_en=0 act_pop_en=0 wei_pop_en=0 psm_start=0 shift_done=0 done=0 cscnt_q=0 pop_shim_q2=1 cdone_q=0 o_cswitch_done_val=0 o_cdone_val=0
[CTRL DEBUG] cycle=82193 state=23 start=0 incntlim=64 act_reps=1 wei_reps=1 ncontexts=1 context_cnt=0 act_cnt_en=0 wei_cnt_en=0 act_pop_en=0 wei_pop_en=0 psm_start=0 shift_done=0 done=0 cscnt_q=0 pop_shim_q2=1 cdone_q=0 o_cswitch_done_val=0 o_cdone_val=0
  y=0 ref=0 actual=0.839952 diff=0.839952
  y=1 ref=0 actual=-7.0585 diff=-7.0585
  y=2 ref=0 actual=-7.16284 diff=-7.16284
  y=3 ref=0 actual=3.63288 diff=3.63288
  y=4 ref=0 actual=0 diff=0
  y=5 ref=0 actual=0 diff=0
  y=6 ref=0 actual=0 diff=0
  y=7 ref=0 actual=0 diff=0
]
[CTRL DEBUG] cycle=82193 state=23 start=0 incntlim=64 act_reps=1 wei_reps=1 ncontexts=1 context_cnt=0 act_cnt_en=0 wei_cnt_en=0 act_pop_en=0 wei_pop_en=0 psm_start=0 shift_done=0 done=0 cscnt_q=0 pop_shim_q2=1 cdone_q=0 o_cswitch_done_val=0 o_cdone_val=0
[CTRL DEBUG] cycle=82193 state=23 start=0 incntlim=64 act_reps=1 wei_reps=1 ncontexts=1 context_cnt=0 act_cnt_en=0 wei_cnt_en=0 act_pop_en=0 wei_pop_en=0 psm_start=0 shift_done=0 done=0 cscnt_q=0 pop_shim_q2=1 cdone_q=0 o_cswitch_done_val=0 o_cdone_val=0
  y=0 ref=0 actual=0.839952 diff=0.839952
  y=1 ref=0 actual=-7.0585 diff=-7.0585
  y=2 ref=0 actual=-7.16284 diff=-7.16284
  y=3 ref=0 actual=3.63288 diff=3.63288
  y=4 ref=0 actual=0 diff=0
  y=5 ref=0 actual=0 diff=0
  y=6 ref=0 actual=0 diff=0
  y=7 ref=0 actual=0 diff=0
]
[CTRL DEBUG] cycle=82194 state=23 start=0 incntlim=64 act_reps=1 wei_reps=1 ncontexts=1 context_cnt=0 act_cnt_en=0 wei_cnt_en=0 act_pop_en=0 wei_pop_en=0 psm_start=0 shift_done=0 done=0 cscnt_q=0 pop_shim_q2=1 cdone_q=0 o_cswitch_done_val=0 o_cdone_val=0
[CTRL DEBUG] cycle=82194 state=23 start=0 incntlim=64 act_reps=1 wei_reps=1 ncontexts=1 context_cnt=0 act_cnt_en=0 wei_cnt_en=0 act_pop_en=0 wei_pop_en=0 psm_start=0 shift_done=0 done=0 cscnt_q=0 pop_shim_q2=1 cdone_q=0 o_cswitch_done_val=0 o_cdone_val=0
[PSM DONE] global_context = 0
[PSM DONE] global_context = 0
  y=0 ref=0 actual=2.46342 diff=2.46342
  y=1 ref=0 actual=9.07875 diff=9.07875
  y=2 ref=0 actual=4.44093 diff=4.44093
  y=3 ref=0 actual=-0.814684 diff=-0.814684
  y=4 ref=0 actual=0 diff=0
  y=5 ref=0 actual=0 diff=0
  y=6 ref=0 actual=0 diff=0
  y=7 ref=0 actual=0 diff=0
]
[CTRL DEBUG] cycle=82194 state=23 start=0 incntlim=64 act_reps=1 wei_reps=1 ncontexts=1 context_cnt=0 act_cnt_en=0 wei_cnt_en=0 act_pop_en=0 wei_pop_en=0 psm_start=0 shift_done=0 done=0 cscnt_q=0 pop_shim_q2=1 cdone_q=0 o_cswitch_done_val=0 o_cdone_val=0
[CTRL DEBUG] cycle=82194 state=23 start=0 incntlim=64 act_reps=1 wei_reps=1 ncontexts=1 context_cnt=0 act_cnt_en=0 wei_cnt_en=0 act_pop_en=0 wei_pop_en=0 psm_start=0 shift_done=0 done=0 cscnt_q=0 pop_shim_q2=1 cdone_q=0 o_cswitch_done_val=0 o_cdone_val=0
[PSM DONE] global_context = 0
[PSM DONE] global_context = 0
  y=0 ref=0 actual=2.46342 diff=2.46342
  y=1 ref=0 actual=9.07875 diff=9.07875
  y=2 ref=0 actual=4.44093 diff=4.44093
  y=3 ref=0 actual=-0.814684 diff=-0.814684
  y=4 ref=0 actual=0 diff=0
  y=5 ref=0 actual=0 diff=0
  y=6 ref=0 actual=0 diff=0
  y=7 ref=0 actual=0 diff=0
]
[CTRL DEBUG] cycle=82194 state=23 start=0 incntlim=64 act_reps=1 wei_reps=1 ncontexts=1 context_cnt=0 act_cnt_en=0 wei_cnt_en=0 act_pop_en=0 wei_pop_en=0 psm_start=0 shift_done=0 done=0 cscnt_q=0 pop_shim_q2=1 cdone_q=0 o_cswitch_done_val=0 o_cdone_val=0
[CTRL DEBUG] cycle=82194 state=23 start=0 incntlim=64 act_reps=1 wei_reps=1 ncontexts=1 context_cnt=0 act_cnt_en=0 wei_cnt_en=0 act_pop_en=0 wei_pop_en=0 psm_start=0 shift_done=0 done=0 cscnt_q=0 pop_shim_q2=1 cdone_q=0 o_cswitch_done_val=0 o_cdone_val=0
[PSM DONE] global_context = 0
[PSM DONE] global_context = 0
  y=0 ref=0 actual=2.46342 diff=2.46342
  y=1 ref=0 actual=9.07875 diff=9.07875
  y=2 ref=0 actual=4.44093 diff=4.44093
  y=3 ref=0 actual=-0.814684 diff=-0.814684
  y=4 ref=0 actual=0 diff=0
  y=5 ref=0 actual=0 diff=0
  y=6 ref=0 actual=0 diff=0
  y=7 ref=0 actual=0 diff=0
]
[CTRL DEBUG] cycle=82195 state=23 start=0 incntlim=64 act_reps=1 wei_reps=1 ncontexts=1 context_cnt=0 act_cnt_en=0 wei_cnt_en=0 act_pop_en=0 wei_pop_en=0 psm_start=0 shift_done=1 done=0 cscnt_q=0 pop_shim_q2=1 cdone_q=0 o_cswitch_done_val=0 o_cdone_val=0
[CTRL DEBUG] cycle=82195 state=23 start=0 incntlim=64 act_reps=1 wei_reps=1 ncontexts=1 context_cnt=0 act_cnt_en=0 wei_cnt_en=0 act_pop_en=0 wei_pop_en=0 psm_start=0 shift_done=1 done=0 cscnt_q=0 pop_shim_q2=1 cdone_q=0 o_cswitch_done_val=0 o_cdone_val=0
  y=0 ref=0 actual=0.281675 diff=0.281675
  y=1 ref=0 actual=3.56667 diff=3.56667
  y=2 ref=0 actual=-3.3631 diff=-3.3631
  y=3 ref=0 actual=-8.14658 diff=-8.14658
  y=4 ref=0 actual=0 diff=0
  y=5 ref=0 actual=0 diff=0
  y=6 ref=0 actual=0 diff=0
  y=7 ref=0 actual=0 diff=0
]
[CTRL DEBUG] cycle=82195 state=23 start=0 incntlim=64 act_reps=1 wei_reps=1 ncontexts=1 context_cnt=0 act_cnt_en=0 wei_cnt_en=0 act_pop_en=0 wei_pop_en=0 psm_start=0 shift_done=1 done=0 cscnt_q=0 pop_shim_q2=1 cdone_q=0 o_cswitch_done_val=0 o_cdone_val=0
[CTRL DEBUG] cycle=82195 state=23 start=0 incntlim=64 act_reps=1 wei_reps=1 ncontexts=1 context_cnt=0 act_cnt_en=0 wei_cnt_en=0 act_pop_en=0 wei_pop_en=0 psm_start=0 shift_done=1 done=0 cscnt_q=0 pop_shim_q2=1 cdone_q=0 o_cswitch_done_val=0 o_cdone_val=0
  y=0 ref=0 actual=0.281675 diff=0.281675
  y=1 ref=0 actual=3.56667 diff=3.56667
  y=2 ref=0 actual=-3.3631 diff=-3.3631
  y=3 ref=0 actual=-8.14658 diff=-8.14658
  y=4 ref=0 actual=0 diff=0
  y=5 ref=0 actual=0 diff=0
  y=6 ref=0 actual=0 diff=0
  y=7 ref=0 actual=0 diff=0
]
[CTRL DEBUG] cycle=82195 state=23 start=0 incntlim=64 act_reps=1 wei_reps=1 ncontexts=1 context_cnt=0 act_cnt_en=0 wei_cnt_en=0 act_pop_en=0 wei_pop_en=0 psm_start=0 shift_done=1 done=0 cscnt_q=0 pop_shim_q2=1 cdone_q=0 o_cswitch_done_val=0 o_cdone_val=0
[CTRL DEBUG] cycle=82195 state=23 start=0 incntlim=64 act_reps=1 wei_reps=1 ncontexts=1 context_cnt=0 act_cnt_en=0 wei_cnt_en=0 act_pop_en=0 wei_pop_en=0 psm_start=0 shift_done=1 done=0 cscnt_q=0 pop_shim_q2=1 cdone_q=0 o_cswitch_done_val=0 o_cdone_val=0
  y=0 ref=0 actual=0.281675 diff=0.281675
  y=1 ref=0 actual=3.56667 diff=3.56667
  y=2 ref=0 actual=-3.3631 diff=-3.3631
  y=3 ref=0 actual=-8.14658 diff=-8.14658
  y=4 ref=0 actual=0 diff=0
  y=5 ref=0 actual=0 diff=0
  y=6 ref=0 actual=0 diff=0
  y=7 ref=0 actual=0 diff=0
]
[CTRL DEBUG] cycle=82196 state=24 start=0 incntlim=64 act_reps=1 wei_reps=1 ncontexts=1 context_cnt=0 act_cnt_en=0 wei_cnt_en=0 act_pop_en=0 wei_pop_en=0 psm_start=0 shift_done=0 done=0 cscnt_q=0 pop_shim_q2=1 cdone_q=0 o_cswitch_done_val=0 o_cdone_val=0
[CTRL DONE]  completed_global_contexts = 1 ncontexts_per_tile = 1
[CTRL DEBUG] cycle=82196 state=24 start=0 incntlim=64 act_reps=1 wei_reps=1 ncontexts=1 context_cnt=0 act_cnt_en=0 wei_cnt_en=0 act_pop_en=0 wei_pop_en=0 psm_start=0 shift_done=0 done=0 cscnt_q=0 pop_shim_q2=1 cdone_q=0 o_cswitch_done_val=0 o_cdone_val=0
[CTRL DONE]  completed_global_contexts = 1 ncontexts_per_tile = 1
  y=0 ref=0 actual=-5.40798 diff=-5.40798
  y=1 ref=0 actual=-2.28249 diff=-2.28249
  y=2 ref=0 actual=4.01411 diff=4.01411
  y=3 ref=0 actual=7.18457 diff=7.18457
  y=4 ref=0 actual=0 diff=0
  y=5 ref=0 actual=0 diff=0
  y=6 ref=0 actual=0 diff=0
  y=7 ref=0 actual=0 diff=0
]
[CTRL DEBUG] cycle=82196 state=24 start=0 incntlim=64 act_reps=1 wei_reps=1 ncontexts=1 context_cnt=0 act_cnt_en=0 wei_cnt_en=0 act_pop_en=0 wei_pop_en=0 psm_start=0 shift_done=0 done=0 cscnt_q=0 pop_shim_q2=1 cdone_q=0 o_cswitch_done_val=0 o_cdone_val=0
[CTRL DONE]  completed_global_contexts = 1 ncontexts_per_tile = 1
[CTRL DEBUG] cycle=82196 state=24 start=0 incntlim=64 act_reps=1 wei_reps=1 ncontexts=1 context_cnt=0 act_cnt_en=0 wei_cnt_en=0 act_pop_en=0 wei_pop_en=0 psm_start=0 shift_done=0 done=0 cscnt_q=0 pop_shim_q2=1 cdone_q=0 o_cswitch_done_val=0 o_cdone_val=0
[CTRL DONE]  completed_global_contexts = 1 ncontexts_per_tile = 1
  y=0 ref=0 actual=-5.40798 diff=-5.40798
  y=1 ref=0 actual=-2.28249 diff=-2.28249
  y=2 ref=0 actual=4.01411 diff=4.01411
  y=3 ref=0 actual=7.18457 diff=7.18457
  y=4 ref=0 actual=0 diff=0
  y=5 ref=0 actual=0 diff=0
  y=6 ref=0 actual=0 diff=0
  y=7 ref=0 actual=0 diff=0
]
[CTRL DEBUG] cycle=82196 state=24 start=0 incntlim=64 act_reps=1 wei_reps=1 ncontexts=1 context_cnt=0 act_cnt_en=0 wei_cnt_en=0 act_pop_en=0 wei_pop_en=0 psm_start=0 shift_done=0 done=0 cscnt_q=0 pop_shim_q2=1 cdone_q=0 o_cswitch_done_val=0 o_cdone_val=0
[CTRL DONE]  completed_global_contexts = 1 ncontexts_per_tile = 1
[CTRL DEBUG] cycle=82196 state=24 start=0 incntlim=64 act_reps=1 wei_reps=1 ncontexts=1 context_cnt=0 act_cnt_en=0 wei_cnt_en=0 act_pop_en=0 wei_pop_en=0 psm_start=0 shift_done=0 done=0 cscnt_q=0 pop_shim_q2=1 cdone_q=0 o_cswitch_done_val=0 o_cdone_val=0
[CTRL DONE]  completed_global_contexts = 1 ncontexts_per_tile = 1
  y=0 ref=0 actual=-5.40798 diff=-5.40798
  y=1 ref=0 actual=-2.28249 diff=-2.28249
  y=2 ref=0 actual=4.01411 diff=4.01411
  y=3 ref=0 actual=7.18457 diff=7.18457
  y=4 ref=0 actual=0 diff=0
  y=5 ref=0 actual=0 diff=0
  y=6 ref=0 actual=0 diff=0
  y=7 ref=0 actual=0 diff=0
]
  y=0 ref=0 actual=1.44584 diff=1.44584
  y=1 ref=0 actual=0.262134 diff=0.262134
  y=2 ref=0 actual=-6.15914 diff=-6.15914
  y=3 ref=0 actual=-1.83867 diff=-1.83867
  y=4 ref=0 actual=0 diff=0
  y=5 ref=0 actual=0 diff=0
  y=6 ref=0 actual=0 diff=0
  y=7 ref=0 actual=0 diff=0
]
  y=0 ref=0 actual=1.44584 diff=1.44584
  y=1 ref=0 actual=0.262134 diff=0.262134
  y=2 ref=0 actual=-6.15914 diff=-6.15914
  y=3 ref=0 actual=-1.83867 diff=-1.83867
  y=4 ref=0 actual=0 diff=0
  y=5 ref=0 actual=0 diff=0
  y=6 ref=0 actual=0 diff=0
  y=7 ref=0 actual=0 diff=0
]
  y=0 ref=0 actual=1.44584 diff=1.44584
  y=1 ref=0 actual=0.262134 diff=0.262134
  y=2 ref=0 actual=-6.15914 diff=-6.15914
  y=3 ref=0 actual=-1.83867 diff=-1.83867
  y=4 ref=0 actual=0 diff=0
  y=5 ref=0 actual=0 diff=0
  y=6 ref=0 actual=0 diff=0
  y=7 ref=0 actual=0 diff=0
]
  y=0 ref=0 actual=12.1934 diff=12.1934
  y=1 ref=0 actual=-9.99391 diff=-9.99391
  y=2 ref=0 actual=-10.6461 diff=-10.6461
  y=3 ref=0 actual=5.37534 diff=5.37534
  y=4 ref=0 actual=0 diff=0
  y=5 ref=0 actual=0 diff=0
  y=6 ref=0 actual=0 diff=0
  y=7 ref=0 actual=0 diff=0
]
  y=0 ref=0 actual=12.1934 diff=12.1934
  y=1 ref=0 actual=-9.99391 diff=-9.99391
  y=2 ref=0 actual=-10.6461 diff=-10.6461
  y=3 ref=0 actual=5.37534 diff=5.37534
  y=4 ref=0 actual=0 diff=0
  y=5 ref=0 actual=0 diff=0
  y=6 ref=0 actual=0 diff=0
  y=7 ref=0 actual=0 diff=0
]
  y=0 ref=0 actual=12.1934 diff=12.1934
  y=1 ref=0 actual=-9.99391 diff=-9.99391
  y=2 ref=0 actual=-10.6461 diff=-10.6461
  y=3 ref=0 actual=5.37534 diff=5.37534
  y=4 ref=0 actual=0 diff=0
  y=5 ref=0 actual=0 diff=0
  y=6 ref=0 actual=0 diff=0
  y=7 ref=0 actual=0 diff=0
]
[TB_DEMO] STD NPU done at cycle 342
[RUNTIME CONFIG]
  ncontexts = 1
  cxlim     = 16
  cklim     = 128
  ckstep    = 8
  til_cklim = 128
  til_ckstep= 128
  act_reps  = 1
  wei_reps  = 1
  out_base  = 3072
[Verification] Reading initial_dram.txt and gold_dram.txt...
[TB_DEMO] Loaded initial_dram.txt: 3328 bytes
[TB_DEMO] Loaded initial_dram.txt: 3328 bytes

==========================================================================================
   VERIFICATION REPORT: NPU FINAL DRAM vs SAURIA gold_dram
==========================================================================================
Config:
  out_base          : 3072
  ncontexts         : 1
  cxlim             : 16
  EVAL_Y            : 8
  total_c_elements  : 128
  preload_en        : 0
  rows_active       : 0xff
------------------------------------------------------------------------------------------
 Index | Golden Final | Initial C | NPU Compute | NPU Exact Final | NPU Approx Final | Match | APP Error
-------+--------------+-----------+-------------+-----------------+------------------+-------+----------
     0 |     -5.09375 |         0 |    -5.09516 |        -5.09375 |         -5.09375 | PASS  |        0
     1 |      7.38281 |         0 |     7.38304 |         7.38281 |          7.38281 | PASS  |        0
     2 |      6.26953 |         0 |     6.26768 |         6.26953 |          6.26953 | PASS  |        0
     3 |     -13.1172 |         0 |    -13.1189 |        -13.1172 |         -13.1172 | PASS  |        0
     4 |     -4.80469 |         0 |      -4.804 |        -4.80469 |         -4.80469 | PASS  |        0
     5 |     -9.35938 |         0 |    -9.36179 |        -9.35938 |         -9.35938 | PASS  |        0
     6 |     -22.9375 |         0 |     -22.943 |        -22.9375 |         -22.9375 | PASS  |        0
     7 |     -9.08594 |         0 |    -9.08861 |        -9.08594 |         -9.08594 | PASS  |        0
     8 |      5.92969 |         0 |     5.92978 |         5.92969 |          5.92969 | PASS  |        0
     9 |      5.40625 |         0 |     5.40641 |         5.40625 |          5.40625 | PASS  |        0
    10 |     -12.3203 |         0 |    -12.3233 |        -12.3203 |         -12.3203 | PASS  |        0
    11 |     -3.43164 |         0 |    -3.43114 |        -3.43164 |         -3.43164 | PASS  |        0
    12 |     -5.15234 |         0 |    -5.15306 |        -5.15234 |         -5.15234 | PASS  |        0
    13 |      10.1484 |         0 |     10.1455 |         10.1484 |          10.1484 | PASS  |        0
    14 |     -5.77734 |         0 |    -5.77867 |        -5.77734 |         -5.77734 | PASS  |        0
    15 |     -11.4609 |         0 |    -11.4643 |        -11.4609 |         -11.4609 | PASS  |        0
    16 |      6.07031 |         0 |     6.06975 |         6.07031 |          6.07031 | PASS  |        0
    17 |      5.25781 |         0 |     5.25825 |         5.25781 |          5.25781 | PASS  |        0
    18 |      1.20312 |         0 |     1.20274 |         1.20312 |          1.20312 | PASS  |        0
    19 |      17.1562 |         0 |     17.1568 |         17.1562 |          17.1562 | PASS  |        0
    20 |      4.71484 |         0 |     4.71551 |         4.71484 |          4.71484 | PASS  |        0
    21 |      6.28906 |         0 |     6.28778 |         6.28906 |          6.28906 | PASS  |        0
    22 |     -3.71289 |         0 |    -3.71192 |        -3.71289 |         -3.71289 | PASS  |        0
    23 |     -22.2969 |         0 |    -22.2999 |        -22.2969 |         -22.2969 | PASS  |        0
    24 |    -0.452148 |         0 |   -0.452264 |       -0.452148 |        -0.452148 | PASS  |        0
    25 |      -4.6875 |         0 |      -4.689 |         -4.6875 |          -4.6875 | PASS  |        0
    26 |     -5.01953 |         0 |    -5.01772 |        -5.01953 |         -5.01953 | PASS  |        0
    27 |     -6.14844 |         0 |    -6.14766 |        -6.14844 |         -6.14844 | PASS  |        0
    28 |      -5.8125 |         0 |    -5.81272 |         -5.8125 |          -5.8125 | PASS  |        0
    29 |    -0.177002 |         0 |   -0.177061 |       -0.177002 |        -0.177002 | PASS  |        0
    30 |        14.25 |         0 |     14.2521 |           14.25 |            14.25 | PASS  |        0
    31 |     -4.40625 |         0 |    -4.40591 |        -4.40625 |         -4.40625 | PASS  |        0
[CTRL DEBUG] cycle=82500 state=0 start=0 incntlim=64 act_reps=1 wei_reps=1 ncontexts=1 context_cnt=0 act_cnt_en=0 wei_cnt_en=0 act_pop_en=0 wei_pop_en=0 psm_start=0 shift_done=0 done=0 cscnt_q=0 pop_shim_q2=0 cdone_q=0 o_cswitch_done_val=0 o_cdone_val=0
[CTRL DEBUG] cycle=82500 state=0 start=0 incntlim=64 act_reps=1 wei_reps=1 ncontexts=1 context_cnt=0 act_cnt_en=0 wei_cnt_en=0 act_pop_en=0 wei_pop_en=0 psm_start=0 shift_done=0 done=0 cscnt_q=0 pop_shim_q2=0 cdone_q=0 o_cswitch_done_val=0 o_cdone_val=0
[CTRL DEBUG] cycle=82500 state=0 start=0 incntlim=64 act_reps=1 wei_reps=1 ncontexts=1 context_cnt=0 act_cnt_en=0 wei_cnt_en=0 act_pop_en=0 wei_pop_en=0 psm_start=0 shift_done=0 done=0 cscnt_q=0 pop_shim_q2=0 cdone_q=0 o_cswitch_done_val=0 o_cdone_val=0
[CTRL DEBUG] cycle=82500 state=0 start=0 incntlim=64 act_reps=1 wei_reps=1 ncontexts=1 context_cnt=0 act_cnt_en=0 wei_cnt_en=0 act_pop_en=0 wei_pop_en=0 psm_start=0 shift_done=0 done=0 cscnt_q=0 pop_shim_q2=0 cdone_q=0 o_cswitch_done_val=0 o_cdone_val=0
[CTRL DEBUG] cycle=82500 state=0 start=0 incntlim=64 act_reps=1 wei_reps=1 ncontexts=1 context_cnt=0 act_cnt_en=0 wei_cnt_en=0 act_pop_en=0 wei_pop_en=0 psm_start=0 shift_done=0 done=0 cscnt_q=0 pop_shim_q2=0 cdone_q=0 o_cswitch_done_val=0 o_cdone_val=0
[CTRL DEBUG] cycle=82500 state=0 start=0 incntlim=64 act_reps=1 wei_reps=1 ncontexts=1 context_cnt=0 act_cnt_en=0 wei_cnt_en=0 act_pop_en=0 wei_pop_en=0 psm_start=0 shift_done=0 done=0 cscnt_q=0 pop_shim_q2=0 cdone_q=0 o_cswitch_done_val=0 o_cdone_val=0
   120 |      12.1953 |         0 |     12.1934 |         12.1953 |          12.1953 | PASS  |        0
   121 |     -9.99219 |         0 |    -9.99391 |        -9.99219 |         -9.99219 | PASS  |        0
   122 |     -10.6484 |         0 |    -10.6461 |        -10.6484 |         -10.6484 | PASS  |        0
   123 |        5.375 |         0 |     5.37534 |           5.375 |            5.375 | PASS  |        0
   124 |     -9.17969 |         0 |    -9.18136 |        -9.17969 |         -9.17969 | PASS  |        0
   125 |     -7.04688 |         0 |    -7.04642 |        -7.04688 |         -7.04688 | PASS  |        0
   126 |     -6.29688 |         0 |    -6.29781 |        -6.29688 |         -6.29688 | PASS  |        0
   127 |      2.91211 |         0 |     2.91232 |         2.91211 |          2.91211 | PASS  |        0
==========================================================================================
[APPROX METRICS] Total error accumulator: 0
[APPROX METRICS] Max error per element : 0
==========================================================================================
Expected elements : 128
FP16 exact (0-ULP): 128
FP16 within tol   : 0  (<= 16 ULP)
FP16 max ULP dist : 0
Mismatches        : 0  (> 16 ULP)
[RESULT] TEST PASSED: NPU FP16 matches SAURIA gold_dram within 16 ULP (exact=128, tol=0, max=0 ULP)!

Info: /OSCI/SystemC: Simulation stopped by user.
