73 84 4 1 21 111 56 65 73 97 15 111 50 124 38 85 75 87 110 39 37 59 58 9 98 63 114 62 48 63 31 6 20 19 25 126 67 109 115 85 14 119 103 84 78 85 115 91 13 26 124 104 39 57 27 25 112 62 65 24 119 125 2 71 43 96 41 115 98 5 38 51 22 88 122 49 42 18 68 50 10 119 11 73 7 23 123 91 40 35 100 84 71 54 8 46 14 47 109 103 81 41 59 83 69 11 1 6 79 2 108 2 26 113 106 39 101 32 91 0 118 127 7 100 31 123 47 106 100 3 93 69 109 117 18 31 8 11 10 45 118 15 0 62 108 118 116 20 29 12 33 3 27 101 121 94 58 118 127 26 68 24 2 96 67 24 19 33 25 125 125 4 98 60 91 92 8 115 101 49 5 82 59 43 120 10 65 46 107 107 72 84 87 97 85 2 75 91 29 89 111 20 27 119 89 61 32 84 34 51 33 40 50 46 81 57 74 56 22 47 127 21 16 68 107 10 93 14 90 34 32 83 124 15 33 65 98 39 119 27 46 38 69 72 19 123 0 71 118 86 127 62 66 3 57 24 46 37 14 62 20 98 56 116 52 45 115 13 99 75 16 38 8 98 123 76 78 81 114 96 5 122 90 22 58 90 97 119 45 37 13 99 116 71 61 34 18 29 126 77 122 83 112 24 39 87 13 25 101 86 21 47 120 82 109 50 2 41 18 72 27 83 44 70 77 62 72 122 123 118 120 123 18 46 115 13 119 37 52 60 35 39 80 29 8 63 32 119 51 88 13 74 52 98 104 58 77 93 40 67 122 67 91 7 1 104 124 109 85 40 119 126 126 54 15 92 61 112 47 29 11 34 10 63 109 49 84 126 20 68 47 19 100 66 43 32 116 124 72 60 8 67 34 80 97 87 95 64 7 44 86 46 39 75 53 75 45 46 14 104 18 25 51 92 21 103 20 50 37 19 120 28 50 3 54 70 91 27 3 21 75 44 66 85 107 65 87 33 90 54 104 0 71 86 37 5 85 24 81 16 60 11 5 89 26 7 82 123 105 64 56 92 108 112 98 39 13 34 47 108 83 55 48 12 60 101 48 45 112 61 7 42 19 123 96 89 38 84 116 48 63 61 105 106 53 125 104 8 87 36 48 40 16 87 20 50 58 38 54 40 38 12 63 10 109 18 10 76 126 45 44 0 39 107 18 75 71 71 60 116 108 11 60 111 32 44 89 102 91 121 68 7 24 90 45 86 29 108 46 86 48 46 83 81 17 65 67 93 32 126 35 81 100 18 110 27 39 83 112 96 75 121 114 14 40 38 1 62 28 104 73 65 50 74 76 9 13 81 50 117 72 120 38 27 2 83 69 26 116 1 92 37 2 15 93 39 1 80 40 125 11 34 106 64 54 44 78 89 100 84 61 48 126 94 24 22 23 120 37 27 20 53 106 17 35 98 44 118 72 52 101 121 29 59 107 97 31 66 66 27 43 78 40 62 22 103 74 47 31 121 122 56 117 99 123 32 23 38 33 55 27 36 6 67 36 55 64 64 46 19 18 28 73 59 17 91 34 42 110 94 90 125 10 48 112 37 63 68 7 33 47 115 55 75 101 64 30 3 112 108 49 68 29 119 87 58 66 74 44 3 25 26 45 117 106 63 90 105 50 49 5 58 124 14 116 29 41 100 121 124 36 41 123 100 34 86 5 67 17 123 72 112 28 76 58 46 125 115 16 108 95 111 21 67 68 36 104 48 12 33 108 85 52 122 86 50 2 41 97 31 108 50 121 112 84 45 126 107 20 43 10 102 67 114 0 91 62 23 124 98 12 110 97 10 99 50 124 16 98 123 81 103 85 120 23 121 18 36 102 84 7 27 4 16 100 35 117 18 126 63 90 116 97 10 53 44 46 11 117 20 117 10 102 91 4 80 55 19 40 45 121 11 69 16 114 18 25 47 107 107 51 95 69 126 54 121 99 101 74 32 61 87 22 14 26 74 63 120 114 113 80 50 52 77 90 81 91 50 46 126 110 3 6 108 34 47 126 72 71 115 44 80 80 112 96 95 71 18 62 37 66 58 68 12 46 109 60 30 118 79 113 95 21 92 85 42 66 53 9 41 63 125 20 79 75 65 40 23 34 55 29 56 93 46 34 18 113 7 25 112 103 70 29 6 66 64 35 24 36 0 14 36 12 103 7 4 59 127 72 126 0 35 34 65 62 103 22 8 33 45 77 127 3 29 94 101 74 98 71 2 13 59 76 44 95 33 44 60 82 122 101 15 65 39 16 118 33 105 123 15 101 59 65 65
89 12 55 110 30 123 33 38 66 7 86 77 119 125 54 26 117 92 102 52 38 64 16 104 29 52 12 20 18 52 18 56 24 85 30 80 54 22 31 61 73 9 99 71 53 51 19 31 113 13 49 27 109 115 52 23 78 21 29 62 3 76 58 86 7 81 11 118 30 77 33 81 119 97 126 74 104 75 48 78 56 94 112 121 92 25 17 95 85 37 80 86 87 49 7 40 5 68 43 120 63 28 27 10 120 64 106 18 8 26 33 43 67 99 81 14 50 12 82 48 69 111 55 75 50 36 16 57 86 89 28 32 59 90 88 119 54 9 46 22 84 20 106 12 100 32 23 107 10 16 67 46 24 93 72 20 83 82 82 11 36 41 16 100 117 47 102 27 127 40 98 46 111 17 127 77 98 107 104 123 70 104 12 81 100 12 99 30 1 15 8 72 37 74 53 55 85 96 99 108 86 44 108 33 8 87 7 6 35 17 2 27 69 107 43 20 27 103 53 53 64 99 20 123 106 98 12 56 48 117 53 9 52 43 46 52 73 45 12 36 101 23 1 85 80 99 13 9 34 24 2 110 101 16 11 53 115 23 28 42 24 99 121 59 89 101 64 83 118 27 15 46 80 103 91 57 75 26 117 52 41 58 46 93 104 33 36 5 6 95 95 116 24 32 54 57 6 115 56 125 11 15 79 42 116 99 76 6 99 110 50 72 31 74 7 96 86 88 119 71 44 85 58 3 103 66 28 104 28 97 97 27 76 78 123 86 43 89 3 89 103 8 118 4 55 95 83 49 74 14 31 27 21 104 16 58 89 107 70 105 56 25 24 9 122 44 82 10 76 52 71 103 67 110 94 27 74 106 64 48 46 51 101 87 53 59 56 46 30 104 45 113 25 112 113 4 83 51 104 74 119 53 32 49 37 26 97 14 95 60 121 20 45 68 5 37 61 85 61 81 77 73 45 12 94 93 2 93 5 92 7 43 108 106 107 32 80 111 74 76 49 10 94 27 107 69 40 15 67 98 123 47 55 63 58 89 61 120 75 10 100 88 17 18 86 54 101 117 81 25 5 3 107 114 28 58 124 97 16 106 42 116 79 65 33 118 7 12 105 7 93 95 99 110 93 64 42 38 80 58 83 87 113 85 92 85 43 8 36 73 35 100 91 127 27 41 126 42 84 87 41 123 103 65 54 71 47 90 21 100 26 120 92 66 107 12 44 9 99 8 53 119 118 26 33 114 0 31 88 92 70 112 66 83 19 116 93 34 98 112 102 90 89 77 16 17 44 115 92 83 52 90 81 67 64 113 0 57 25 108 19 115 86 9 58 74 40 104 4 121 64 16 21 97 119 108 40 92 67 68 127 10 55 50 20 98 75 25 114 18 108 59 70 46 118 70 25 39 4 20 77 3 22 105 83 14 113 115 108 92 7 40 111 18 111 102 45 27 109 120 90 67 121 14 98 36 0 66 110 23 26 39 62 60 35 97 92 23 23 105 3 66 33 56 48 86 52 119 115 22 108 68 94 125 52 61 40 56 124 120 59 53 69 100 56 9 39 6 102 37 84 60 83 2 127 50 85 46 67 91 75 37 114 126 35 110 40 68 12 86 57 49 29 61 100 24 111 26 50 77 56 125 111 122 46 117 99 38 15 119 21 84 53 20 71 112 15 58 118 30 41 73 31 58 33 126 125 8 80 10 95 9 85 120 16 67 47 51 110 24 122 20 100 101 112 64 62 88 50 35 80 104 126 87 65 103 14 95 38 122 69 0 110 22 121 38 124 125 56 80 33 122 40 92 72 12 69 5 83 51 116 2 80 62 48 75 111 46 108 54 63 64 80 66 89 14 99 31 95 127 67 17 112 82 42 115 34 103 77 57 32 13 33 60 118 3 87 58 28 82 5 120 96 48 39 82 116 64 68 26 79 5 103 12 111 63 61 98 18 75 79 122 42 73 88 19 94 67 43 22 1 119 21 114 56 100 71 6 77 55 118 66 113 15 118 82 50 81 115 79 71 123 96 112 11 125 52 74 4 26 11 16 5 96 4 56 27 77 68 117 119 58 32 61 49 111 104 18 85 68 122 65 93 46 38 67 32 12 83 53 6 78 86 13 86 18 127 53 92 119 19 28 23 81 62 73 104 56 7 89 61 28 73 16 65 5 57 68 27 61 40 68 81 89 83 40 48 90 48 75 70 122 2 9 97 88 34 79 1 123 23 73 37 21 25 42 54 38 90 28 110 101 19 90 40 53 19 107 18 83 98 110 65 29 52 33 21 66 5 78 26 9 72 96 95 47 69 104 58 99 58 123 1 28
67 64 82 25 88 9 52 78 58 21 50 47 20 122 119 21 99 97 29 24 108 27 64 112 44 67 6 48 8 35 82 0 9 35 72 108 45 105 31 31 5 47 37 16 73 113 26 53 49 34 115 122 84 126 24 27 110 14 3 92 122 72 26 25 18 119 91 16 42 120 40 41 49 83 108 39 38 112 116 22 110 95 51 46 127 62 96 120 109 68 42 47 33 39 74 60 49 66 61 57 32 74 15 81 93 47 118 9 81 37 126 18 35 58 62 76 119 45 2 73 101 64 118 119 90 109 7 50 109 105 80 72 124 5 106 88 38 112 59 27 96 53 36 8 81 55 58 84 1 60 57 106 122 59 101 121 39 35 113 123 106 36 78 91 17 97 62 21 127 10 57 56 76 3 85 127 6 60 106 53 87 67 91 78 0 54 2 77 37 113 120 0 101 37 84 111 28 4 112 73 91 20 113 70 66 108 46 83 82 34 67 68 0 67 11 59 26 55 105 22 24 20 60 62 121 51 87 24 108 54 45 31 54 95 4 35 109 105 48 105 57 38 79 96 112 84 60 8 5 114 108 34 38 21 40 117 4 41 86 80 75 86 79 66 29 56 126 85 72 28 110 36 86 12 31 45 115 110 111 22 44 16 118 103 84 65 100 5 107 17 93 21 117 32 29 80 125 106 31 41 114 77 121 9 110 123 114 35 33 72 105 27 10 77 38 118 46 117 126 18 117 14 125 27 23 71 106 124 8 46 32 61 96 18 66 73 39 46 105 64 28 49 97 114 12 117 0 33 92 47 110 76 47 48 116 63 60 28 38 127 87 25 16 70 12 68 25 48 66 6 57 48 102 52 64 112 61 16 42 24 122 124 2 78 28 116 106 31 25 123 15 24 53 27 72 119 55 64 92 120 85 79 40 114 107 50 117 104 70 77 28 82 18 65 40 44 14 2 10 52 45 29 56 103 17 50 127 47 65 95 7 21 5 75 110 56 103 35 78 91 115 56 48 44 81 65 76 44 117 78 19 63 92 122 105 92 66 82 2 53 77 63 39 58 54 61 3 122 59 115 74 121 94 106 95 90 29 106 1 61 127 48 8 91 30 123 97 60 119 78 47 24 35 7 72 121 57 100 111 44 61 38 95 57 115 80 98 100 82 63 43 28 58 70 91 8 126 91 5 28 57 16 15 86 94 2 20 63 89 35 105 100 116 85 61 41 75 41 60 12 10 53 15 7 103 58 56 39 108 58 1 93 93 75 9 43 10 78 79 80 89 1 49 11 114 89 22 17 61 95 112 127 61 37 120 110 66 37 66 93 60 0 93 44 95 27 20 121 109 12 26 99 6 21 73 102 52 78 78 3 95 22 118 69 87 83 121 100 83 75 32 27 7 0 36 62 21 69 124 20 95 34 78 4 59 119 45 49 47 5 88 55 109 58 119 103 126 28 70 103 76 101 17 1 7 74 96 53 124 127 37 47 26 19 11 42 60 30 90 95 60 73 66 108 90 34 94 14 15 124 12 112 34 115 74 58 20 114 53 74 29 126 123 47 116 34 85 37 30 77 23 113 48 95 99 31 54 78 127 106 57 98 2 79 68 84 124 9 82 24 67 60 28 126 18 42 65 73 60 42 24 19 47 82 86 23 10 109 97 54 27 68 62 58 4 50 20 11 49 3 117 112 41 83 37 24 13 74 31 10 60 17 26 54 53 81 119 86 74 20 43 4 86 40 58 126 88 104 53 73 21 82 64 63 70 3 64 14 103 75 21 85 113 46 80 92 45 13 49 19 49 111 32 118 58 42 78 11 39 117 19 93 37 2 27 55 89 93 12 76 65 36 48 101 65 35 53 25 74 71 107 39 42 21 19 7 28 39 89 29 80 127 83 115 54 15 45 61 106 6 79 44 58 110 55 47 26 52 86 87 127 126 72 34 50 83 36 105 80 110 94 118 56 7 78 94 116 93 109 19 123 102 52 118 11 48 16 63 41 93 28 18 109 10 97 49 70 107 57 33 122 19 49 101 87 9 31 51 14 100 83 2 36 125 120 39 71 39 107 55 22 103 10 109 63 7 92 93 55 59 9 38 27 48 35 124 12 95 35 100 25 85 3 94 81 63 37 126 87 126 119 86 21 1 30 118 10 91 45 95 61 68 63 101 9 39 127 109 23 98 43 111 59 61 86 16 64 118 94 94 105 56 54 105 52 55 97 8 21 12 88 47 17 114 75 39 16 14 105 14 78 62 118 38 12 80 31 8 39 19 89 90 84 81 76 79 72 62 75 43 37 82 59 70 120 98 47 17 15 54 38 67 58 88
95 61 103 12 108 80 112 100 5 82 76 120 59 89 13 94 53 3 123 38 71 24 76 31 58 101 62 37 119 91 52 93 66 27 2 108 117 97 79 21 95 124 37 71 118 71 61 56 5 77 31 98 9 2 127 58 75 48 58 30 92 126 68 61 51 88 126 40 30 125 84 121 83 102 126 21 3 12 44 126 41 113 48 19 115 76 80 53 35 96 0 14 76 16 23 57 71 113 90 108 22 45 71 7 58 89 110 58 12 38 100 112 27 88 60 15 118 1 117 81 126 16 29 102 12 95 113 92 109 93 81 12 42 84 93 20 111 54 80 39 82 115 14 72 51 73 107 94 52 86 127 51 29 32 56 51 8 53 110 0 43 98 74 97 79 8 31 14 11 96 108 77 120 56 7 71 26 61 11 64 106 103 41 61 114 10 102 42 94 16 96 31 121 92 84 84 39 22 55 5 85 49 101 36 108 63 114 53 71 104 48 98 114 10 87 48 20 114 65 62 103 82 102 27 122 16 5 18 55 101 27 65 37 118 36 114 115 67 85 89 48 42 35 57 12 51 57 31 80 104 99 118 59 109 82 57 123 98 109 103 55 122 27 0 41 81 47 39 96 62 75 71 87 79 113 3 37 107 26 8 110 15 55 75 30 87 118 13 108 24 126 33 66 121 23 125 117 105 72 25 19 63 103 9 82 66 23 4 66 57 26 79 112 14 34 75 104 52 43 25 46 33 86 94 49 83 11 86 3 86 47 54 111 0 117 88 65 29 2 121 20 88 83 48 115 85 84 61 124 96 115 37 124 14 121 121 109 51 78 45 24 20 87 120 121 4 69 112 106 111 107 46 86 67 90 17 20 91 98 85 103 22 63 66 39 113 9 88 51 112 71 118 74 60 63 4 121 108 52 54 36 55 58 108 101 92 68 72 58 111 1 64 103 59 50 29 10 91 107 75 38 89 76 122 71 62 63 60 124 53 91 121 93 72 102 94 57 84 55 110 33 118 30 51 88 75 0 54 21 39 100 110 0 64 120 62 105 53 41 20 78 80 21 37 98 108 79 7 61 46 16 16 117 89 12 16 37 80 111 77 44 5 34 109 13 110 71 60 14 53 124 26 12 112 30 116 119 34 59 5 68 85 57 48 22 88 33 25 46 4 89 19 5 69 58 63 113 17 3 16 120 13 77 12 6 127 43 118 14 18 62 106 110 107 34 80 34 18 19 99 34 31 121 47 43 103 23 60 124 16 70 106 49 64 98 31 35 12 69 57 127 13 36 111 78 110 125 67 39 58 79 91 15 61 3 44 89 27 95 108 65 30 2 117 7 23 14 42 30 72 102 44 65 7 70 119 107 114 102 105 124 56 79 98 29 73 101 17 113 68 116 92 38 59 97 42 125 44 22 68 93 5 55 121 124 109 107 3 92 22 5 31 105 17 14 39 121 95 72 100 73 83 5 111 119 122 62 66 105 10 42 16 95 3 62 67 80 40 82 4 31 85 119 69 34 21 64 83 21 111 118 10 76 122 105 2 8 59 75 86 13 96 17 112 122 104 72 22 73 82 124 46 68 46 115 127 86 29 24 27 97 108 119 111 110 24 73 77 105 120 109 57 93 118 126 40 24 77 98 115 47 97 9 98 74 10 84 20 85 44 6 118 80 63 125 63 1 75 120 41 81 53 122 74 15 112 114 17 98 116 58 89 15 5 56 107 106 46 110 47 41 75 59 76 3 102 117 1 89 58 26 26 78 126 71 6 62 110 118 45 62 103 123 11 12 125 42 16 62 124 80 119 35 84 7 68 89 79 35 27 117 92 46 75 100 29 22 15 13 73 70 108 51 123 124 36 28 66 14 99 46 45 51 18 76 105 20 63 36 26 54 115 28 19 24 69 62 35 1 21 95 15 17 68 53 99 29 44 18 86 33 12 42 61 117 92 99 21 51 51 110 35 72 102 114 18 37 69 115 110 78 56 19 8 31 3 49 81 4 19 86 125 74 36 21 57 67 92 43 33 76 41 8 105 94 6 67 18 105 93 30 127 34 56 84 60 30 82 94 52 31 65 58 115 9 1 65 59 87 16 95 15 15 45 38 116 30 106 87 0 10 118 84 3 70 25 110 49 11 94 80 96 74 91 95 64 46 91 52 105 70 1 105 23 3 107 18 25 74 39 49 42 74 108 66 11 66 105 26 112 53 65 48 15 1 59 53 29 83 37 27 24 95 124 9 59 41 39 96 76 119 104 117 41 46 36 117 79 108 21 56 83 113 106 26 40 79 33 31 89 88 65 11 39 72 75 89 72 9 95 120 97 47 19
38 59 65 64 50 123 35 23 117 26 1 30 56 77 65 28 14 11 100 27 83 124 102 23 20 9 109 77 100 17 87 13 33 127 57 75 21 119 69 35 44 35 21 77 126 79 60 99 55 88 95 32 44 35 19 17 37 66 22 95 108 122 15 58 68 67 20 103 114 77 102 94 77 69 11 15 80 108 86 13 60 70 45 31 14 43 16 40 53 110 43 97 4 108 26 115 86 103 127 122 77 78 42 96 116 30 98 16 91 82 109 53 61 86 31 39 12 122 83 34 4 72 28 69 126 24 94 21 65 44 68 123 90 88 71 118 0 83 43 86 95 74 38 110 53 87 74 28 53 89 15 98 19 45 66 64 126 57 52 110 0 80 65 28 83 69 7 28 111 50 32 2 59 34 68 90 107 75 83 108 19 72 38 3 114 117 18 101 90 44 42 12 12 59 56 85 91 51 110 52 108 85 42 82 71 115 71 41 89 111 114 25 22 42 76 27 8 19 55 82 111 38 50 11 78 94 54 77 10 25 41 26 10 37 97 42 18 63 5 45 115 101 112 41 91 64 98 103 71 58 51 117 46 119 6 10 102 60 67 24 11 25 101 109 11 42 50 116 36 45 52 87 79 120 12 88 124 117 53 56 115 117 3 74 95 48 6 109 121 10 91 53 104 86 44 22 113 27 106 110 56 25 24 53 28 82 96 35 13 77 34 29 91 16 66 79 109 29 115 92 44 78 109 119 88 50 101 105 122 46 52 63 117 115 121 37 63 86 88 105 6 21 80 81 112 40 73 9 56 6 111 124 49 101 90 51 32 0 107 52 59 33 3 16 3 42 117 89 3 0 70 93 49 72 60 34 7 124 23 82 35 49 115 122 42 26 31 77 120 17 27 123 28 15 98 46 122 58 30 3 36 16 38 47 45 89 47 38 104 3 29 29 21 74 65 107 11 93 35 17 89 52 126 70 124 0 126 57 89 86 89 108 5 69 43 71 23 85 18 100 17 94 125 100 29 120 41 32 73 100 11 117 93 26 38 8 117 20 75 118 28 32 106 61 116 14 1 51 102 116 43 53 17 2 6 42 81 107 37 36 57 32 107 58 94 121 10 67 122 81 67 112 97 92 87 21 65 43 126 5 41 24 118 56 84 54 122 15 94 13 38 27 95 91 50 118 48 8 57 44 21 31 68 86 68 41 52 95 58 73 122 38 121 14 70 28 122 110 2 82 9 91 28 78 34 5 11 110 37 76 92 18 66 7 7 118 121 83 46 3 50 84 66 44 7 86 15 76 66 111 8 59 77 76 116 120 70 14 70 101 97 40 21 23 112 100 43 0 9 106 79 109 71 55 112 88 49 11 88 80 59 25 109 111 77 40 35 120 22 42 5 110 68 42 24 17 61 12 42 77 27 17 58 59 62 56 91 50 55 26 31 110 8 103 95 83 91 96 67 45 120 97 111 66 25 7 5 79 23 47 102 93 44 12 68 24 19 117 81 110 81 65 73 118 44 113 46 62 75 110 76 113 110 120 54 74 18 34 102 52 25 109 13 117 44 43 87 104 64 50 42 118 85 22 55 117 18 81 75 54 91 91 59 58 32 18 27 122 51 124 125 48 36 25 98 97 126 98 39 79 37 76 125 86 123 53 21 15 27 111 34 59 44 45 71 107 54 118 85 84 25 103 84 24 104 64 5 22 114 63 86 42 106 22 95 29 76 106 17 86 78 96 20 56 102 22 90 44 43 81 87 114 46 39 50 41 6 49 47 83 90 5 90 8 116 108 56 30 20 89 39 111 44 76 48 86 19 100 117 116 91 16 27 40 65 24 57 113 40 5 74 120 124 37 5 44 74 13 65 39 2 118 116 98 96 23 18 17 63 112 115 124 87 108 34 61 0 99 24 44 48 123 125 106 97 88 15 97 92 18 22 82 24 15 53 114 72 0 41 18 96 33 79 107 103 54 17 33 88 124 44 5 20 121 69 95 104 47 106 38 30 105 9 29 120 115 17 59 87 115 124 72 94 14 3 62 39 8 108 8 25 3 80 15 14 98 120 51 68 118 4 19 78 17 110 1 92 12 3 41 108 73 60 94 104 7 66 111 62 109 127 8 93 116 10 98 100 124 41 12 35 119 12 11 36 73 123 119 72 51 70 1 117 55 59 22 102 39 63 102 84 22 28 77 89 50 68 118 94 88 30 49 19 107 54 80 108 1 24 12 121 102 91 105 118 69 66 57 98 81 74 117 83 63 68 82 85 58 59 82 125 110 61 15 127 87 104 67 14 88 107 54 34 54 13 48 82 101 99 6 29 82 48 88
15 110 117 103 50 71 81 91 79 115 82 41 16 62 44 76 6 26 9 33 35 24 5 23 17 86 5 28 125 24 54 80 45 23 74 25 126 114 125 97 27 2 74 37 60 77 50 89 47 20 53 55 102 93 58 71 50 19 111 95 85 58 70 8 108 0 28 62 71 55 117 67 34 122 2 117 108 103 6 26 0 90 79 101 70 43 86 40 122 74 41 116 32 49 62 99 36 104 58 126 80 98 47 4 47 95 2 115 46 61 98 115 13 62 111 124 60 30 94 16 123 23 115 22 81 49 117 77 113 78 78 69 26 14 49 35 118 7 78 2 61 46 76 104 97 87 103 95 60 31 127 93 115 112 12 0 33 61 78 107 77 120 92 97 81 117 70 92 118 30 63 124 24 37 13 7 90 53 1 80 100 77 88 55 93 92 83 84 60 116 21 34 100 15 49 121 127 112 42 16 79 57 118 1 3 84 38 97 93 5 80 102 88 68 68 19 63 15 50 104 36 103 72 68 41 56 65 8 106 99 85 63 85 21 33 54 28 37 122 109 96 17 70 64 126 96 0 87 3 3 124 81 26 42 58 31 32 27 105 104 54 99 59 69 61 79 33 86 113 105 87 55 112 12 55 17 53 76 112 100 42 38 60 41 80 78 17 22 53 114 29 121 97 57 67 66 70 119 17 105 6 39 69 85 121 64 67 109 48 51 113 106 28 20 89 77 8 122 46 75 41 50 55 50 69 127 19 87 26 37 71 64 53 112 112 23 127 46 70 82 85 62 56 54 59 98 61 29 92 21 74 83 125 28 114 40 41 97 64 30 29 111 17 118 121 16 37 13 86 88 78 109 55 21 66 55 118 18 56 43 97 34 113 124 0 51 84 92 69 36 64 50 0 90 20 52 15 107 122 60 53 39 25 79 91 64 99 73 63 42 16 120 58 22 6 43 52 70 107 78 33 45 108 67 77 77 15 70 95 18 1 9 49 124 80 100 11 69 21 31 104 83 0 53 110 116 57 69 82 17 5 44 96 22 22 25 76 6 78 43 26 25 96 78 35 108 54 63 90 56 68 60 1 54 121 96 79 86 37 118 79 77 28 25 34 78 66 86 28 33 96 40 40 22 70 2 57 31 30 81 42 6 104 0 60 13 51 95 5 102 9 70 89 97 29 99 20 125 59 80 96 73 114 62 110 41 50 63 75 55 79 40 31 14 61 26 27 80 63 109 58 113 57 1 126 35 113 70 12 14 88 86 59 21 127 62 89 96 74 73 24 100 47 42 116 37 40 44 87 39 109 119 96 16 87 100 56 1 95 120 123 61 87 8 67 80 16 116 49 111 93 39 57 74 84 20 17 54 28 23 73 108 16 17 41 111 83 100 44 81 16 72 13 48 28 94 3 81 122 19 119 119 46 106 107 8 76 78 26 14 91 100 118 18 89 51 25 88 25 25 45 91 48 81 95 52 2 65 96 41 18 16 107 32 75 48 55 62 2 106 48 54 25 98 71 51 99 116 117 6 45 45 99 15 23 60 53 61 0 48 24 9 117 79 15 57 71 28 102 91 5 15 19 79 70 104 77 42 25 89 77 70 32 25 120 44 83 62 66 51 67 124 25 74 1 13 107 29 48 11 89 43 32 12 77 87 125 97 107 25 20 27 47 99 39 65 105 72 86 78 76 22 80 125 47 123 1 83 19 58 45 2 54 11 39 65 127 99 77 15 82 33 43 124 109 5 76 63 99 21 17 11 51 122 117 93 116 50 103 70 95 47 18 5 83 26 52 106 100 47 6 58 68 10 14 63 2 121 68 22 52 36 8 14 2 92 69 16 25 20 71 20 120 10 37 71 105 87 124 34 118 13 118 13 9 11 37 107 118 109 33 40 9 121 16 16 66 61 94 114 0 11 102 3 41 12 97 105 84 85 120 3 81 68 18 1 11 80 73 97 5 7 124 50 10 62 56 126 11 72 1 7 121 10 123 52 99 9 84 83 111 7 35 92 105 75 124 13 111 53 113 84 85 20 107 49 93 38 19 87 86 6 8 0 25 37 37 117 60 43 85 43 73 118 61 121 5 16 50 113 37 23 50 9 119 71 20 119 69 84 56 125 38 87 32 58 17 55 91 56 115 95 75 47 41 26 73 109 120 51 41 31 105 25 24 74 22 97 56 51 103 125 86 92 30 63 70 103 32 84 1 17 46 32 100 97 83 34 50 113 124 117 17 109 125 87 71 124 29 43 52 9 86 51 48 10 65 57 89 35 32 46 12 39 88 67 41 18 81 100 93 18 57 22 122 53 79 64 11 23 33 52 120 7
17 56 111 4 25 29 53 12 82 28 2 89 103 122 57 121 126 75 1 74 107 27 81 76 100 85 75 1 126 100 6 25 89 87 75 15 22 39 125 59 72 31 14 100 12 4 74 73 51 76 40 52 109 49 14 105 119 126 6 39 27 31 98 126 14 111 99 84 69 64 3 10 107 25 60 36 22 92 84 111 108 108 112 90 102 39 76 22 122 15 93 60 126 67 103 79 30 52 105 24 43 11 89 100 127 111 96 91 8 11 68 53 115 53 27 55 98 68 97 109 97 76 102 105 108 111 57 77 74 41 37 67 52 32 70 55 104 71 100 127 50 73 42 120 14 37 14 4 92 82 53 50 9 11 117 3 94 17 79 103 35 24 86 75 97 35 100 66 8 60 52 17 42 34 125 62 120 118 97 104 77 3 92 40 126 44 49 78 27 41 79 75 115 68 97 105 0 38 95 89 16 111 122 90 87 34 45 41 117 38 89 48 61 37 22 21 3 48 58 72 67 70 86 1 48 87 103 118 125 94 110 30 110 39 47 50 42 97 54 87 48 123 89 79 56 110 76 14 26 67 79 63 93 107 29 35 66 85 112 85 113 120 113 118 123 48 75 54 84 55 67 94 43 30 57 86 117 52 83 78 22 27 15 36 20 78 16 113 36 76 18 29 44 17 77 61 35 99 83 51 18 108 43 6 120 43 116 67 122 33 65 68 54 9 95 41 40 76 102 68 121 9 9 101 90 59 127 50 20 7 64 91 112 102 77 84 29 84 48 8 16 68 57 56 61 94 51 60 39 37 42 62 18 99 49 32 12 77 119 96 61 92 42 48 35 121 107 9 94 5 56 0 70 57 90 20 91 126 79 55 109 86 115 19 101 53 24 27 4 119 20 17 46 69 56 92 18 127 96 64 108 2 41 20 98 104 39 66 24 126 108 101 108 54 83 51 43 108 97 84 55 54 111 86 69 114 116 76 112 86 72 80 124 65 18 82 119 6 117 62 41 41 58 19 72 16 26 46 1 62 61 99 18 16 68 38 81 116 117 122 70 80 38 35 39 44 3 101 24 68 29 75 67 87 28 72 67 50 23 13 68 17 41 56 82 11 81 16 29 87 74 98 22 80 0 78 31 123 8 14 27 23 59 124 34 85 26 82 108 75 19 64 84 48 108 0 9 46 122 58 95 61 102 123 85 17 111 45 31 26 91 17 122 38 48 92 81 43 71 53 94 125 33 70 35 17 123 37 58 126 8 122 72 109 71 126 50 34 81 4 13 91 29 3 38 83 63 24 27 75 65 106 77 21 30 22 47 19 124 37 54 67 78 87 88 0 6 56 94 11 105 4 107 49 41 101 123 11 102 17 65 73 78 93 107 121 16 67 70 61 40 94 114 123 122 118 102 118 33 69 113 101 44 57 50 125 33 43 14 77 69 49 100 113 31 66 2 85 85 73 50 66 124 75 92 47 16 6 12 119 65 3 9 102 87 16 51 5 82 68 95 73 8 90 76 82 20 23 101 3 23 58 98 2 67 120 100 39 47 53 34 94 55 107 88 39 76 67 45 77 12 26 5 16 35 103 112 98 80 104 1 120 76 51 65 51 91 42 122 89 21 110 106 54 66 98 59 57 11 87 68 83 102 38 12 40 56 52 108 11 12 119 73 96 56 39 117 79 127 44 34 2 119 4 89 10 125 70 116 55 9 105 115 33 66 71 30 74 108 70 108 65 69 40 62 31 19 56 97 49 79 24 11 70 38 16 44 10 69 124 22 90 109 69 37 1 127 85 83 88 78 123 112 92 71 36 48 51 32 21 113 110 4 102 17 37 117 116 36 93 114 94 63 9 78 41 122 47 43 81 86 96 15 53 101 34 97 27 1 93 12 40 79 58 68 118 91 52 102 44 19 23 60 90 93 57 108 26 25 127 6 41 46 52 58 37 68 86 91 97 52 14 95 25 47 94 18 8 63 92 53 124 121 50 38 3 125 2 119 63 28 115 10 96 101 57 74 26 96 20 38 94 101 45 65 90 35 74 110 81 122 64 62 98 34 30 27 102 0 24 42 101 83 66 62 50 1 81 125 107 124 63 73 68 8 1 33 59 101 60 30 9 113 75 35 117 84 48 110 69 111 48 2 73 4 109 89 60 84 108 89 101 126 107 25 71 4 125 14 122 15 0 15 36 2 51 46 94 12 119 79 54 106 20 65 53 26 37 89 57 61 122 101 45 88 10 71 7 96 116 70 63 101 20 71 114 117 62 84 63 119 19 7 57 45 30 113 120 92 111 8 14 93 25 9 28 117 79 35 83 108 117 36 85
70 22 40 103 92 79 101 27 47 37 30 13 116 96 120 72 120 126 90 87 76 89 28 50 48 42 91 91 71 86 92 4 41 6 41 35 104 26 57 45 65 24 72 116 26 0 86 73 41 51 24 53 124 66 5 124 57 69 52 65 57 121 81 86 1 75 21 36 19 102 23 111 83 64 64 80 122 0 116 115 108 93 104 110 2 45 54 74 87 85 63 107 44 25 76 64 23 126 73 34 23 27 99 79 103 15 58 80 114 53 78 15 14 120 97 10 64 78 89 114 67 42 68 98 12 9 74 81 97 102 40 105 49 86 70 58 38 2 75 6 48 25 32 100 47 78 1 104 126 70 31 3 19 113 116 35 31 27 76 0 59 55 34 111 29 53 35 120 54 88 79 57 82 64 68 127 50 21 87 106 108 115 100 52 99 35 67 35 51 52 81 49 79 40 17 21 65 20 99 127 43 102 46 38 28 53 89 84 16 79 59 30 114 72 94 77 48 100 1 115 47 109 13 58 96 98 57 102 57 110 50 83 1 114 40 82 122 100 81 15 3 11 28 6 13 118 11 98 4 80 121 105 31 73 42 80 68 44 105 8 48 32 99 99 17 8 61 56 28 124 113 77 24 14 5 119 41 28 78 92 3 81 113 56 48 43 102 79 74 13 2 114 113 61 105 63 101 44 105 81 57 126 19 57 111 88 56 101 76 67 118 77 96 91 51 36 7 43 97 107 4 117 68 30 44 8 105 31 32 125 66 29 113 75 28 2 89 56 124 29 8 25 1 61 2 45 67 24 50 12 102 43 34 54 86 8 1 60 117 40 43 63 30 107 46 1 95 81 76 109 68 57 105 43 73 127 55 42 126 88 33 100 29 70 126 69 117 54 66 12 2 25 56 125 23 52 69 42 59 57 48 41 75 112 99 65 10 102 97 89 17 84 99 103 51 45 43 21 52 58 93 113 106 126 124 123 29 7 97 56 110 72 114 19 103 24 18 4 74 78 127 71 82 86 26 39 95 25 26 61 82 127 49 41 28 38 59 40 32 82 100 82 96 110 15 22 6 25 95 11 71 4 105 91 116 68 48 25 4 21 78 12 27 32 106 22 96 106 17 113 116 29 25 15 76 38 32 25 47 64 112 37 1 112 5 45 49 37 105 87 17 26 40 71 91 73 16 118 61 28 57 69 77 21 117 5 25 38 11 98 13 21 50 22 47 70 103 49 88 12 84 104 9 116 54 122 8 78 51 1 24 12 97 50 57 33 34 101 2 126 105 119 58 69 118 47 63 112 18 66 81 102 72 115 75 4 66 10 120 93 67 68 0 90 91 62 28 81 11 76 40 1 36 44 79 47 23 98 21 99 10 118 57 45 28 34 111 117 14 59 94 41 104 42 79 73 48 63 31 63 114 1 23 86 65 37 30 114 103 25 28 66 121 77 127 24 47 64 52 66 117 89 17 8 37 86 20 120 64 20 26 105 122 69 118 127 43 99 27 44 16 126 122 39 121 115 2 75 102 75 65 119 45 85 86 29 68 8 84 10 68 98 90 112 65 87 30 32 38 93 45 36 114 91 59 30 10 86 120 1 103 104 26 98 1 102 100 20 57 4 51 44 84 92 19 126 60 37 19 113 24 1 120 31 25 69 40 120 66 96 0 50 4 12 18 11 47 24 56 114 34 75 93 4 97 21 102 76 56 46 53 2 123 52 83 30 68 87 103 117 32 71 87 49 83 123 15 113 115 75 76 108 105 38 88 45 127 95 125 87 111 46 43 8 103 113 86 127 49 76 59 122 95 113 14 35 112 62 68 85 79 40 73 23 81 48 17 6 3 89 68 59 54 15 98 127 89 81 28 22 116 13 78 48 32 24 20 16 22 56 106 80 57 13 92 19 29 18 52 102 55 76 81 22 61 109 32 102 103 17 72 32 31 60 53 16 18 90 69 98 119 100 33 83 24 67 73 73 87 84 10 90 15 89 60 124 93 126 112 79 6 15 98 121 15 39 125 11 34 112 20 49 42 99 111 16 31 40 5 87 26 19 24 65 8 91 52 60 37 2 83 69 102 96 54 0 100 69 44 97 46 78 108 25 120 13 121 53 70 45 126 121 30 87 58 94 28 105 95 16 13 103 35 127 57 111 23 108 62 117 90 24 58 31 115 81 109 17 36 25 8 123 98 63 71 19 53 105 85 82 29 52 91 98 106 62 10 30 48 111 102 99 93 86 18 11 14 30 42 100 36 78 28 113 106 25 107 1 83 14 115 3 85 49 37 22 58 89 114 74 27 119 65 122 7 28 10 100 17 54 125 49 13 117
73 98 8 98 10 62 107 75 66 52 38 77 55 27 74 38 24 20 9 42 14 82 47 85 20 59 115 107 95 49 22 12 68 3 91 77 71 8 120 114 34 100 20 57 17 96 71 114 112 127 80 42 94 97 5 85 77 66 11 99 11 108 65 1 14 22 28 80 95 6 93 27 13 43 29 80 31 109 69 114 87 5 26 81 87 100 119 23 101 33 39 46 78 74 85 117 23 64 17 43 75 56 106 27 103 123 70 22 84 33 10 85 105 34 115 92 41 27 122 81 77 81 91 23 7 105 117 108 52 71 3 90 99 4 96 48 97 29 71 102 62 46 25 56 36 97 6 126 39 91 38 61 102 91 126 77 52 113 101 3 105 81 107 111 24 6 101 27 68 66 107 94 110 105 121 19 82 111 123 10 103 66 86 6 22 60 70 109 33 105 18 57 8 47 114 81 40 47 44 105 24 115 77 107 24 18 38 118 78 79 26 103 73 62 67 114 18 126 27 84 122 110 77 32 111 9 82 29 21 2 100 104 81 74 47 1 75 53 5 106 122 39 107 92 122 93 1 72 110 1 92 96 73 97 107 54 71 100 117 59 96 110 5 107 126 103 108 18 95 26 0 106 115 32 125 39 31 68 16 125 7 56 41 97 8 119 86 34 113 70 78 52 53 83 113 24 66 123 61 54 45 23 97 45 21 10 47 7 38 106 34 48 45 37 7 53 36 90 91 39 33 95 78 107 126 16 32 46 109 51 117 79 92 8 32 59 112 92 76 20 57 84 68 9 5 119 114 120 12 64 19 56 110 45 7 9 72 112 104 66 10 11 9 24 48 48 88 10 61 117 35 38 52 89 77 102 55 103 0 55 117 3 124 29 11 119 34 76 51 30 101 106 86 67 51 79 6 21 92 74 55 96 57 92 63 122 102 11 6 127 122 54 102 105 61 111 89 103 72 104 97 108 76 54 118 35 88 23 43 16 1 12 30 92 113 27 59 26 14 94 103 78 32 19 41 11 100 72 22 71 95 111 13 90 24 76 118 84 108 30 100 111 121 106 53 4 12 27 42 88 114 98 46 102 70 37 95 66 61 108 38 36 118 113 85 125 7 80 51 90 32 109 80 41 75 111 109 125 26 111 7 22 123 105 124 112 63 122 125 92 113 19 15 16 79 18 119 119 7 37 37 52 92 104 99 89 30 43 59 75 118 16 78 72 38 41 47 11 95 88 102 17 78 95 5 121 107 42 115 34 97 101 119 53 120 61 68 81 15 7 88 95 125 89 115 85 30 106 9 55 120 75 116 91 69 122 19 4 22 8 57 58 92 79 53 45 21 63 7 122 19 50 77 38 36 49 33 74 117 103 32 30 122 53 43 33 113 70 121 112 117 61 22 45 55 6 117 88 60 2 122 37 83 33 112 43 127 107 29 16 58 9 98 83 127 17 44 107 90 58 61 58 48 99 62 86 31 9 10 101 69 122 104 61 46 33 99 100 16 103 103 53 75 84 39 18 66 81 52 114 63 82 46 5 15 71 111 17 51 47 42 38 127 48 112 11 108 9 70 109 54 0 48 35 20 36 115 23 54 24 6 126 105 80 92 93 70 96 70 121 23 10 72 11 34 62 67 99 91 56 12 22 82 105 100 38 87 79 96 11 33 70 74 30 92 127 61 12 30 1 102 14 56 74 33 102 67 74 28 65 124 15 38 76 36 80 20 43 123 18 70 101 7 76 100 65 40 125 74 87 69 60 25 70 120 102 82 69 106 28 106 102 65 18 67 57 69 112 56 36 60 91 29 70 72 24 96 126 64 114 5 17 9 91 10 96 64 76 100 83 64 51 66 81 104 77 30 90 16 54 109 92 35 100 25 52 16 85 124 24 1 118 85 4 3 35 5 115 20 76 117 100 118 88 25 54 38 83 32 13 55 99 80 20 45 15 109 15 119 83 28 91 7 87 2 88 18 96 65 78 85 123 73 81 21 45 112 90 12 32 4 89 76 26 120 127 77 23 66 110 114 62 112 93 98 47 62 77 11 27 43 92 42 16 39 48 84 56 86 83 63 74 56 120 97 73 73 106 123 69 99 87 75 42 118 22 26 57 120 108 36 5 64 5 49 21 104 87 24 124 78 89 71 50 87 47 101 124 69 117 98 105 64 59 45 35 57 75 37 10 11 41 113 38 70 10 35 51 30 32 12 17 40 57 55 23 72 127 30 54 124 104 9 59 1 101 14 2 42 30 69 66 55 62 74 14 108 115 91 9 37 46 56 49 113 70 14 17 81 115 104 87 1 103 83 97 42 25 70 37 93 41 4 10
64 33 119 0 82 1 84 19 60 86 20 87 67 126 11 21 19 81 0 29 125 96 23 13 35 68 74 23 59 94 54 76 79 23 76 23 53 25 65 79 37 109 64 112 74 50 34 42 28 36 80 57 53 38 41 27 28 42 2 115 9 58 105 13 75 46 41 93 31 31 41 31 25 114 0 55 124 121 105 1 80 29 119 102 70 51 90 8 21 33 109 48 0 72 83 52 82 99 123 39 44 67 8 104 127 21 17 75 105 42 38 72 5 82 47 125 110 6 79 68 15 0 114 36 102 82 117 36 124 80 63 89 85 61 71 60 124 32 65 29 110 19 59 81 106 120 73 23 119 3 36 3 76 88 76 17 124 122 87 65 47 32 57 82 72 27 34 120 102 124 9 64 41 84 8 59 110 14 98 56 68 104 121 21 63 40 86 70 55 22 107 24 90 104 5 118 33 62 8 59 124 48 96 50 59 69 36 30 97 40 61 92 57 13 35 35 116 78 7 25 35 47 84 27 67 61 79 85 75 79 50 103 101 41 100 28 126 81 9 105 38 81 0 38 20 64 14 3 59 60 19 9 86 104 33 123 109 47 32 97 102 60 9 53 83 64 76 0 4 79 14 112 27 94 22 111 108 106 16 112 97 12 13 10 27 41 95 98 60 122 63 30 80 110 72 9 7 20 76 58 49 68 69 29 94 16 74 19 47 72 1 36 0 3 99 53 121 24 2 8 85 86 75 73 33 42 73 93 21 69 113 1 93 65 31 105 15 75 0 116 71 47 49 12 14 52 43 7 73 45 68 113 18 110 37 122 10 116 42 19 19 20 81 56 49 73 97 25 29 72 109 114 30 41 118 67 60 60 69 77 67 89 110 111 102 16 18 124 50 112 69 62 92 74 79 29 24 103 74 127 70 25 55 21 88 18 30 25 41 40 99 22 46 12 88 65 65 15 72 27 76 34 40 76 30 84 31 53 97 71 58 40 111 65 101 95 53 39 121 27 36 104 64 104 73 54 3 98 125 9 46 74 13 37 11 44 16 79 34 65 74 124 40 66 28 17 19 110 13 33 48 53 30 57 103 41 57 127 81 29 24 62 124 18 71 91 7 94 2 66 107 126 85 80 99 16 13 114 8 61 93 20 75 36 95 10 19 34 52 46 109 74 51 7 3 26 43 39 101 46 93 43 47 111 90 84 51 83 123 67 10 76 124 72 3 75 72 76 47 127 25 101 105 76 38 91 57 18 87 82 112 76 76 57 27 116 65 9 125 85 76 57 72 96 13 124 111 83 14 95 32 16 23 29 61 12 61 122 46 111 15 65 80 95 42 7 115 2 124 11 83 15 77 79 58 116 48 62 61 106 48 50 117 32 29 58 75 14 81 126 91 125 22 77 93 96 44 61 78 70 14 115 105 45 63 101 45 55 120 117 43 74 28 94 61 88 51 53 87 56 82 65 21 19 32 71 24 45 72 97 56 86 4 54 60 88 7 15 117 47 108 115 60 14 64 21 2 101 53 13 35 81 110 104 81 66 9 48 102 110 64 90 56 26 74 112 4 70 82 56 119 92 14 98 110 100 118 75 29 19 36 2 72 121 40 38 25 1 22 22 122 84 15 8 12 27 26 50 63 51 80 37 99 64 17 62 50 8 12 39 54 108 78 42 43 109 67 32 23 35 114 127 104 9 99 19 125 104 108 107 74 11 61 17 93 107 111 100 62 83 24 11 20 24 10 63 72 125 49 61 126 88 98 115 95 48 13 0 80 24 58 71 68 4 104 98 18 22 8 117 93 49 15 32 1 13 109 0 89 57 88 15 78 89 46 43 79 13 92 23 110 54 14 82 71 33 1 26 73 98 86 112 71 91 22 67 13 62 116 105 92 64 67 127 62 95 96 112 89 80 102 86 63 31 115 78 12 123 65 123 18 23 108 87 10 58 85 14 9 40 26 59 72 51 127 27 64 16 94 43 9 62 100 125 92 81 46 37 102 112 69 103 75 52 77 43 118 73 53 19 78 30 6 57 104 9 9 111 124 38 27 29 36 118 66 113 42 78 84 51 100 55 75 67 110 8 102 105 124 91 22 62 108 60 39 43 85 23 50 57 89 93 32 15 21 112 56 61 113 106 81 70 113 89 71 69 29 102 22 31 85 105 106 56 108 8 30 70 8 12 57 2 34 96 20 63 94 51 33 95 120 34 14 119 95 5 125 108 84 96 31 51 82 96 27 94 84 117 97 63 78 77 18 106 125 14 5 115 72 100 83 97 37 25 81 91 124 118 50 72 95 122 52 55 58 69 77 91 57 87 124 12 42 75
50 18 20 90 121 82 23 25 44 27 109 119 81 107 99 105 28 16 67 43 108 60 122 92 67 73 24 94 66 110 1 120 88 48 69 25 71 98 26 88 17 53 0 60 111 102 2 118 67 40 36 50 14 7 37 113 82 55 46 89 102 9 101 77 48 40 82 29 4 118 94 70 82 30 51 121 102 87 97 120 22 47 108 39 5 37 40 99 26 74 68 56 16 115 70 90 46 120 78 109 12 10 123 108 89 85 91 23 92 72 105 3 112 45 119 17 42 79 32 92 102 123 9 72 58 30 27 59 120 2 117 54 13 57 88 14 1 23 77 63 111 70 99 113 23 26 36 101 93 90 38 62 78 25 64 119 3 28 120 0 106 49 109 85 10 73 58 61 80 35 55 110 89 111 20 12 8 10 74 69 0 117 69 76 85 55 30 85 36 46 90 113 115 77 127 46 121 68 57 35 31 97 63 70 41 47 73 113 80 29 20 59 12 0 64 110 32 37 24 25 76 58 91 32 100 126 40 29 56 48 47 71 48 46 55 64 11 68 87 127 5 88 64 24 0 31 105 105 2 48 18 59 106 28 49 1 72 55 16 59 109 35 60 16 48 75 59 19 49 2 42 56 49 67 80 49 36 45 41 14 32 79 10 118 19 101 23 124 63 117 79 93 97 64 87 87 72 85 75 16 125 88 91 60 14 93 50 26 85 73 60 57 30 90 11 45 30 31 31 104 122 108 98 52 60 45 84 73 79 6 3 90 51 118 88 30 74 111 83 35 53 53 118 126 16 108 74 29 98 104 101 21 116 42 111 114 26 36 45 112 34 3 79 79 84 25 120 99 18 121 80 44 25 21 118 57 62 119 27 64 43 99 42 36 65 16 39 37 84 60 8 76 74 60 79 15 122 1 105 107 71 42 125 41 76 56 80 102 87 66 29 115 12 18 6 8 82 108 53 103 85 81 60 86 1 49 113 74 30 32 77 79 10 32 125 127 6 127 30 124 47 125 109 46 77 91 52 106 79 18 80 122 89 5 106 48 72 49 80 94 11 22 53 117 125 68 106 99 58 35 2 57 87 54 56 16 38 89 67 54 44 75 0 20 82 20 51 81 42 51 66 124 112 43 31 9 63 103 78 68 67 121 27 52 115 50 52 3 78 16 107 66 73 46 105 55 22 17 0 34 63 116 57 94 58 107 0 2 66 36 82 28 88 32 99 60 92 121 89 3 112 13 113 90 32 21 47 2 86 84 104 22 67 20 100 42 94 84 25 40 121 98 37 87 10 104 28 110 118 59 66 64 115 60 117 18 45 48 21 77 112 56 122 13 43 15 96 76 101 112 11 54 50 101 38 32 32 28 68 69 30 79 30 88 111 45 96 76 51 9 87 73 40 94 76 2 58 113 51 33 48 27 82 86 108 95 12 96 97 96 119 68 119 66 60 59 70 23 62 85 108 60 22 29 59 17 95 55 52 6 96 68 112 91 124 71 78 51 3 33 68 32 120 68 37 97 121 25 0 3 38 53 127 89 32 32 71 19 15 20 44 118 119 126 89 86 81 61 30 115 41 11 64 105 72 2 123 114 89 8 105 50 15 87 113 77 124 2 97 96 113 23 72 12 1 70 111 126 20 18 88 46 21 74 32 31 63 127 84 38 127 83 71 41 100 8 24 88 96 1 18 109 19 105 104 105 92 69 16 123 88 101 67 93 83 2 86 50 81 25 55 99 63 7 80 94 36 108 120 96 26 44 3 85 127 89 95 87 109 98 36 95 70 32 30 54 124 11 10 87 71 31 56 37 59 85 97 18 115 83 55 13 32 9 79 63 63 61 67 90 91 124 42 79 58 51 96 111 18 20 21 8 8 72 26 16 43 120 44 7 79 17 124 122 32 0 75 5 40 54 4 58 79 17 48 81 64 82 53 60 7 2 121 24 121 68 54 39 82 81 49 116 94 32 110 17 124 56 102 15 126 79 110 37 40 6 77 106 52 62 111 88 31 37 21 122 15 51 28 15 75 16 100 63 90 88 12 71 55 4 11 40 2 98 32 120 85 49 55 107 8 104 81 49 28 38 90 99 44 16 55 97 45 66 68 13 66 22 102 93 113 108 60 22 26 53 9 88 76 15 40 97 54 127 100 60 85 127 80 86 117 99 48 72 51 1 95 119 49 116 122 85 42 76 7 58 64 80 11 3 116 76 94 124 40 122 125 6 86 87 126 68 68 80 29 72 5 88 18 79 84 65 9 15 36 78 76 76 31 108 46 109 71 42 81 119 35 25 9 30 96 28 4 76 0 86 103 2 66 70 99 34 14 103
66 92 29 102 81 74 42 112 59 101 39 64 28 73 91 120 94 18 2 35 42 14 96 40 106 114 108 89 79 35 96 83 76 32 4 100 77 90 86 13 103 67 102 115 82 46 53 3 93 82 94 94 8 52 76 77 118 59 45 53 73 111 94 36 22 26 69 89 65 108 60 76 50 49 123 18 0 39 31 21 111 92 65 39 37 47 54 74 80 54 50 106 59 7 85 67 74 71 8 89 1 79 94 69 116 84 89 58 18 27 71 13 23 111 43 100 55 89 94 119 50 31 49 40 65 24 115 107 60 65 41 64 35 120 75 8 35 104 126 91 37 32 41 60 45 85 88 60 17 69 81 115 79 14 47 71 12 118 42 59 124 56 70 16 49 31 21 54 114 56 12 46 86 61 53 28 21 64 28 47 4 121 34 118 73 82 100 70 45 34 44 12 9 65 69 71 99 24 43 59 46 39 6 45 22 82 45 85 12 124 20 0 122 18 124 59 32 3 105 2 90 51 104 98 27 69 69 54 56 107 86 125 96 15 126 23 68 40 105 76 46 75 68 100 30 91 91 29 17 43 26 98 25 120 102 112 114 59 17 96 88 55 30 100 58 123 1 96 38 60 106 106 62 95 17 16 97 38 70 105 53 116 98 93 75 34 10 60 43 120 67 24 47 31 83 113 94 3 117 37 116 62 46 0 2 100 85 61 63 16 125 77 104 61 34 121 12 34 42 1 55 110 76 127 127 50 53 15 17 6 44 35 40 93 41 104 6 14 59 39 82 106 36 65 105 111 54 76 103 104 106 106 118 121 94 79 105 124 55 43 56 5 91 31 107 73 113 17 67 126 72 6 113 7 63 106 6 40 39 2 16 65 78 109 92 113 111 51 21 3 120 115 5 37 25 10 89 16 87 91 98 30 76 117 34 15 78 106 17 110 100 111 61 111 112 104 26 118 34 115 44 117 34 27 102 124 101 8 75 14 20 51 34 105 96 50 82 54 86 76 126 43 64 114 92 87 79 24 118 86 91 46 79 106 55 37 10 66 14 0 6 0 48 95 72 28 25 86 44 106 92 115 101 96 70 11 94 31 117 19 118 50 80 35 66 0 113 26 116 110 39 96 83 13 99 68 86 108 123 119 78 5 32 54 18 126 76 28 60 69 78 79 23 22 111 9 53 104 40 48 16 112 55 107 44 29 43 109 73 54 18 28 1 35 18 6 25 78 110 119 37 2 101 126 79 65 94 91 70 93 42 121 61 70 99 92 23 115 38 67 127 92 43 4 54 92 125 29 28 25 82 25 36 90 93 114 52 29 2 122 121 42 6 124 48 120 72 116 40 105 76 78 53 126 68 92 98 90 26 7 31 83 63 9 12 62 92 34 60 53 7 28 94 40 29 85 20 75 10 1 49 40 65 97 2 79 50 67 86 120 113 83 24 29 81 105 10 92 16 25 119 120 22 55 51 47 19 108 1 87 30 26 1 120 77 3 112 12 99 34 107 117 127 118 71 65 5 30 117 9 107 20 105 73 22 2 31 19 73 28 104 51 114 45 33 100 83 60 124 71 70 69 10 127 107 81 114 105 120 92 88 62 20 109 2 81 87 110 101 9 26 11 6 16 64 63 121 113 25 14 114 123 32 61 100 46 94 34 64 71 75 122 117 120 82 24 56 31 62 11 62 76 91 0 50 69 7 67 4 88 85 91 38 22 67 51 3 125 46 122 20 100 55 104 65 58 6 48 15 16 83 121 86 97 74 33 32 25 65 124 62 86 40 85 57 97 123 78 9 14 41 92 56 86 122 16 59 8 113 35 72 79 35 47 50 96 118 94 69 73 79 67 117 21 76 79 115 125 92 5 25 74 87 92 2 51 73 124 59 125 62 64 51 106 89 121 75 13 88 71 106 67 27 70 9 114 56 121 99 65 89 116 49 13 121 15 53 42 41 80 109 21 67 18 65 38 72 123 18 15 53 24 111 17 22 116 84 10 38 104 67 24 62 95 29 44 122 89 120 60 99 50 97 8 75 1 101 4 61 68 51 127 85 4 58 67 124 8 92 21 26 9 79 105 124 105 60 50 9 5 61 112 4 121 69 62 122 55 58 62 110 88 58 50 49 124 3 103 122 47 31 119 50 51 98 73 33 35 69 42 109 15 58 52 18 97 88 94 112 40 80 46 93 102 53 54 94 18 61 98 92 58 64 67 27 17 25 103 18 54 118 123 56 5 0 7 96 50 106 84 87 24 46 54 63 120 106 82 92 116 9 55 11 32 119 70 16 124 60 121 123 9 30 59 69 16 49 36 81 61 89 112 117 79
71 87 76 28 31 87 79 10 95 5 122 34 32 17 36 12 73 100 89 109 80 63 0 62 88 33 102 9 127 83 6 55 79 36 28 123 11 16 47 83 25 111 82 121 110 11 20 41 60 57 124 53 33 6 108 34 14 64 89 98 24 105 58 122 78 85 122 5 51 78 87 20 70 120 124 92 127 125 95 31 52 58 125 68 61 3 85 17 98 80 113 113 55 23 65 12 61 53 14 68 2 36 36 100 2 62 34 51 86 123 27 123 93 17 121 115 35 32 63 25 47 39 16 39 6 56 7 127 116 55 125 30 58 57 11 47 30 107 82 62 73 38 75 19 100 47 104 70 115 53 121 77 74 70 28 73 92 72 99 47 73 82 55 94 16 8 108 96 33 44 87 8 6 15 18 102 5 113 114 10 124 75 60 121 41 12 11 126 84 73 19 49 35 91 87 68 36 124 123 11 121 98 124 39 53 1 49 40 44 102 105 8 61 127 85 46 4 75 0 43 21 37 114 18 79 30 114 66 86 41 122 81 25 12 57 17 66 121 123 86 2 54 88 90 57 107 62 90 51 102 88 125 23 71 8 109 36 93 116 82 52 79 23 107 20 99 39 102 110 61 125 69 68 13 116 108 41 49 60 126 3 71 87 74 16 113 84 56 89 106 47 43 44 90 79 118 89 116 32 30 111 46 5 107 71 70 33 107 52 13 15 42 115 72 73 127 80 11 127 69 18 106 40 52 28 69 58 88 120 63 23 88 15 51 79 5 36 84 3 97 91 37 40 91 80 13 70 85 50 64 92 51 94 29 56 78 81 98 113 29 97 41 10 26 23 98 38 71 114 17 76 44 87 114 86 11 48 93 30 91 21 43 91 63 76 24 107 50 109 6 108 5 23 18 82 99 114 8 111 122 35 101 39 122 92 23 47 62 68 52 53 41 118 44 124 89 13 102 28 115 5 6 36 52 17 86 107 37 58 0 67 114 43 46 34 86 90 59 89 51 126 123 7 127 106 79 40 2 95 68 83 13 123 95 25 110 69 122 57 99 39 50 122 4 76 31 79 0 76 126 53 10 52 7 24 39 31 87 27 77 108 2 99 127 126 90 83 110 78 61 26 116 44 104 91 24 105 60 43 109 96 45 13 7 47 13 64 79 81 6 78 87 48 126 114 54 12 72 55 55 14 56 57 34 87 96 15 7 92 86 44 94 39 112 53 118 13 58 116 93 52 102 126 26 46 79 114 5 54 96 43 17 15 11 19 44 63 103 58 92 93 89 21 96 121 116 102 46 28 85 44 76 123 8 23 14 35 12 90 43 100 70 71 100 104 77 121 75 35 115 60 103 80 39 116 92 125 26 0 115 33 67 87 20 32 6 64 104 2 107 50 78 94 53 79 73 117 92 122 58 5 28 16 116 59 21 23 124 80 84 50 49 10 55 70 41 38 68 107 47 124 56 20 81 98 19 14 68 76 50 75 61 118 84 36 5 70 25 105 111 7 72 90 3 20 30 20 103 24 102 14 116 34 48 42 40 36 56 41 46 91 60 13 67 52 83 33 75 96 23 19 68 101 29 87 106 103 6 35 37 79 51 14 45 22 11 92 43 111 14 92 108 106 125 48 20 14 13 41 107 79 14 105 62 67 26 86 92 104 52 51 62 72 52 56 119 51 106 42 6 116 41 3 68 4 74 126 104 91 79 40 117 93 3 126 1 109 66 113 20 69 42 116 81 107 68 8 83 27 25 81 82 2 72 99 127 94 48 16 62 54 22 33 104 104 68 14 46 2 82 27 2 101 3 87 30 44 58 44 122 74 36 64 8 16 117 64 2 110 25 52 30 25 22 29 9 71 107 88 63 21 14 122 104 55 120 73 19 104 46 86 52 52 0 1 57 18 61 77 71 101 11 25 26 28 14 45 116 124 0 59 106 91 56 2 114 17 51 59 33 95 92 88 59 25 102 71 18 117 110 105 21 92 32 37 127 108 109 34 106 127 66 82 9 90 14 10 110 89 122 23 76 95 100 3 12 72 56 112 97 119 36 47 70 0 59 121 11 20 10 43 114 57 107 43 77 97 33 24 124 3 63 115 118 89 15 9 108 65 34 82 5 18 58 52 115 114 7 77 9 66 37 28 14 86 22 81 45 82 27 25 9 46 3 54 65 66 6 54 79 30 73 18 27 80 27 18 100 86 19 12 76 42 10 47 14 16 53 49 27 82 3 21 85 118 100 38 33 96 43 41 39 96 11 1 122 27 73 85 80 89 66 70 107 71 83 75 98 80 91 104 9 85 127 101 56 96 85 107 36 76 90 63 78
85 93 106 39 100 97 107 59 97 121 47 116 98 105 18 71 102 32 43 124 91 36 111 88 35 80 87 20 1 30 107 96 29 75 43 11 50 120 48 115 23 23 121 59 10 12 90 71 73 127 71 63 19 71 72 70 77 27 1 120 42 7 12 84 110 91 34 22 45 125 14 1 60 114 75 63 120 51 35 66 68 66 120 46 82 1 43 100 63 117 80 77 27 90 53 73 66 35 101 119 62 24 85 47 38 46 93 20 29 91 30 120 115 25 106 21 20 0 36 76 84 45 8 16 46 84 94 102 58 53 85 11 63 118 5 52 15 89 4 72 45 103 13 43 62 105 93 51 115 25 52 108 28 18 46 7 22 116 105 34 94 52 98 95 57 4 15 16 31 101 121 95 127 51 19 111 119 65 83 110 81 0 57 92 92 82 43 103 5 107 102 49 117 109 71 87 19 117 13 4 40 39 33 123 79 44 70 79 70 26 77 77 43 32 32 43 19 116 110 35 6 31 111 66 38 92 23 85 69 111 87 103 86 53 37 73 79 74 31 44 60 69 87 96 52 127 50 75 55 26 37 61 17 126 108 102 63 118 76 116 103 29 116 48 40 115 12 33 99 93 124 24 65 127 99 17 4 18 41 17 125 120 31 20 9 36 48 85 12 54 16 8 87 43 77 45 7 118 36 18 62 91 45 104 93 70 122 121 25 103 45 117 123 45 74 13 84 62 71 2 27 124 28 86 17 34 126 76 75 46 113 4 102 74 121 58 74 58 110 105 46 94 94 12 77 112 108 105 88 32 96 61 78 15 43 57 119 101 5 107 88 14 3 55 63 67 93 33 90 94 55 31 107 102 115 8 62 104 71 77 32 86 20 54 75 56 1 12 125 122 3 83 49 114 47 122 77 29 28 7 11 40 101 25 49 1 54 103 55 13 5 105 127 103 125 94 80 88 60 95 11 112 12 18 43 111 88 94 58 36 24 15 120 37 42 112 121 86 13 5 88 22 125 59 106 11 12 99 102 97 5 62 37 127 49 125 51 39 7 60 7 103 96 33 107 78 99 59 56 98 45 21 86 39 44 54 50 85 4 94 12 27 121 83 96 79 61 92 86 23 97 6 37 36 124 67 97 41 85 4 63 49 105 86 117 123 14 94 122 72 106 121 52 24 88 124 112 84 8 118 111 37 21 106 86 48 67 92 14 64 53 29 92 19 32 104 107 99 123 85 76 6 7 27 44 106 72 88 119 79 73 10 30 127 11 123 94 77 50 43 95 49 116 16 34 0 28 50 63 124 3 86 27 15 62 75 52 84 108 16 39 12 51 57 95 36 113 78 75 60 112 120 78 33 69 16 111 112 120 19 72 58 68 86 32 101 119 77 16 56 82 96 0 12 109 26 69 58 5 96 93 109 98 22 9 50 18 50 91 86 67 83 82 41 90 56 97 67 119 37 61 6 111 124 70 49 51 25 25 117 18 8 60 19 105 108 49 79 117 80 21 12 11 9 64 95 29 7 20 21 17 65 47 43 8 66 53 25 84 93 91 99 25 33 7 9 47 54 106 113 53 77 39 118 14 80 116 17 95 101 22 61 45 86 98 38 14 52 87 63 62 91 79 15 103 102 69 65 117 12 107 46 122 8 62 33 80 90 28 36 42 85 114 63 23 70 33 47 11 22 78 126 96 120 12 86 101 95 44 113 98 64 46 57 108 4 120 76 117 4 59 95 114 20 23 127 123 17 20 53 9 23 103 110 84 88 115 59 56 122 127 22 21 67 33 119 69 27 94 98 38 41 22 69 79 1 23 16 108 64 69 68 120 108 59 118 49 92 11 102 46 66 111 64 26 47 87 61 43 18 58 7 54 107 46 1 124 93 93 112 38 44 31 64 37 76 10 9 111 58 89 119 54 19 80 16 67 4 59 22 45 51 9 45 27 96 42 25 54 113 47 28 26 17 103 59 73 121 105 68 73 113 20 23 101 2 103 94 61 104 100 124 1 65 102 112 41 107 33 41 19 96 67 44 107 74 124 41 46 4 88 48 123 36 33 72 69 17 77 18 77 39 16 59 98 92 41 80 122 106 71 64 108 52 99 6 109 4 23 27 61 106 16 100 19 2 36 89 14 50 47 7 12 47 2 64 72 30 104 117 25 80 55 33 8 61 119 114 12 68 40 76 0 88 127 46 3 99 62 51 9 27 120 125 5 26 119 11 61 51 47 66 45 96 73 94 14 70 35 13 119 111 77 2 112 116 109 113 66 125 85 18 98 75 53 68 9 104 32 12 127 98 50 31 74 111 101 23 34 82 69 39 53 108
43 61 105 98 67 32 76 55 35 53 106 18 42 11 10 69 127 11 90 40 24 105 2 2 83 27 22 47 66 41 87 106 39 5 19 10 95 123 26 20 107 111 113 12 85 34 46 85 27 20 109 17 30 59 124 109 36 20 13 88 90 103 59 123 22 94 110 123 28 46 29 114 89 83 37 82 26 88 103 101 115 86 92 14 58 2 9 78 119 79 16 127 82 10 47 4 68 63 121 13 49 25 71 68 6 126 15 54 77 100 55 104 3 99 47 119 16 110 35 69 79 92 99 37 100 111 61 120 47 9 104 35 28 77 3 43 55 41 126 99 113 108 12 45 126 81 32 20 79 78 117 56 68 124 69 101 66 47 75 99 32 35 32 30 20 26 90 71 119 100 61 95 127 25 65 11 21 16 6 106 67 127 36 37 95 10 0 24 41 51 23 52 106 55 62 80 7 58 44 26 51 17 90 85 15 65 4 81 2 90 117 80 79 69 114 6 49 13 37 103 78 110 46 111 32 42 90 28 127 56 100 4 92 95 59 116 69 1 69 109 42 3 55 92 58 88 8 119 2 89 47 42 90 99 95 0 56 52 117 15 50 111 74 89 103 126 54 0 89 27 52 57 72 59 58 107 21 7 121 48 41 26 38 82 24 37 84 23 23 123 59 82 49 110 65 13 52 31 105 95 91 47 38 39 41 110 103 76 75 7 78 25 11 42 50 109 90 81 108 99 62 48 114 26 8 118 38 64 70 89 70 115 6 71 79 66 108 9 113 70 84 52 125 100 94 86 56 90 119 85 102 120 125 26 53 112 3 87 22 47 82 41 2 90 2 27 62 80 30 9 48 85 93 125 112 20 99 52 86 101 75 88 53 56 19 112 48 105 6 28 47 92 12 2 1 15 93 101 5 44 70 4 55 70 97 126 31 48 12 29 24 84 59 58 84 27 111 57 19 33 4 81 59 102 42 56 56 74 53 80 111 44 85 36 83 47 123 117 53 47 111 109 5 33 62 77 47 22 125 83 12 46 43 104 31 25 113 52 13 51 120 35 7 39 85 21 15 90 119 59 124 59 9 24 30 20 90 80 32 30 113 105 89 20 35 64 3 67 89 3 112 8 29 114 44 3 68 124 108 22 15 21 100 71 47 61 96 118 59 101 106 79 4 79 6 50 64 8 81 44 121 46 66 23 91 9 72 76 47 34 53 86 110 80 109 70 115 15 52 39 99 126 19 87 110 68 44 5 91 122 125 68 48 38 101 1 106 38 117 20 39 100 122 81 53 111 109 11 80 36 109 37 14 6 77 49 64 101 66 100 43 30 42 76 47 126 81 126 80 80 60 74 83 9 28 47 97 80 117 61 115 105 12 43 46 102 63 90 117 52 89 91 76 75 43 27 1 100 56 56 33 86 57 125 51 108 28 34 74 47 32 114 74 72 77 126 8 102 47 66 92 82 35 95 70 118 91 43 125 81 59 62 4 86 118 85 89 105 75 39 18 46 64 66 90 17 49 29 125 65 4 92 96 41 83 93 105 4 49 84 57 78 83 7 112 30 11 20 93 61 90 107 89 32 25 89 99 39 64 58 14 113 0 10 54 1 64 94 43 15 117 21 105 17 46 80 29 9 98 57 61 84 79 5 66 40 42 84 76 17 57 117 59 87 26 117 67 21 23 39 108 73 65 39 5 111 17 80 101 108 86 109 29 121 20 61 9 119 106 12 75 8 67 38 23 124 117 33 102 60 40 4 78 49 3 50 51 121 38 121 7 112 44 87 116 27 118 106 26 64 33 80 100 61 61 37 25 120 23 38 123 20 93 46 114 47 120 12 100 2 31 34 18 13 47 85 80 122 67 44 103 18 63 100 65 78 65 74 44 86 73 66 68 2 37 76 41 82 39 49 34 23 87 16 39 73 65 43 22 5 65 20 118 119 34 112 28 6 92 52 36 22 96 7 75 109 47 9 78 116 23 89 46 105 52 123 38 121 66 65 5 20 72 73 35 122 2 104 87 85 112 77 41 44 43 90 32 59 85 92 82 82 69 108 82 76 122 25 85 20 99 119 1 46 107 29 26 70 19 49 94 22 12 80 3 120 13 19 123 12 2 89 89 81 95 77 46 2 0 89 23 112 34 13 66 12 46 49 77 84 25 2 50 39 67 35 50 106 0 103 110 32 6 116 115 51 119 10 26 124 13 85 79 45 75 112 109 9 23 60 109 17 85 8 16 101 127 103 57 12 49 100 5 84 50 35 70 99 24 10 43 13 108 28 73 49 111 4 71 109 68 121 123 87 103 56 25 5 15 59 99 11 74 2
62 107 63 61 100 5 18 17 79 86 42 100 72 126 2 125 126 71 37 67 75 43 94 88 116 79 62 41 63 53 77 126 126 76 104 70 75 36 113 3 1 98 121 43 66 67 101 75 82 73 61 0 16 15 8 120 52 72 58 118 8 11 118 40 14 65 74 10 7 54 95 5 52 19 38 98 71 113 112 106 33 56 116 122 119 18 70 30 81 39 13 102 123 116 123 122 99 80 36 43 8 57 19 108 120 91 49 19 104 35 116 26 71 31 0 16 120 8 83 44 95 65 31 44 8 29 83 37 59 0 123 120 4 62 98 35 64 77 72 93 23 3 113 77 88 67 24 73 98 118 6 105 12 67 113 42 56 35 119 13 81 71 95 26 127 105 36 86 70 75 24 66 89 3 105 99 78 95 92 73 84 125 117 15 110 18 28 115 50 17 57 43 120 15 64 111 1 55 78 102 27 64 4 105 21 116 99 109 12 64 15 118 104 85 63 31 79 50 78 57 45 51 105 116 62 75 59 64 116 80 104 127 54 114 56 113 91 70 72 85 25 116 11 70 45 46 78 37 20 13 1 71 126 108 118 69 100 100 120 32 127 104 5 115 89 125 102 104 36 13 36 7 102 76 12 39 106 91 57 17 56 82 37 31 85 65 123 76 86 24 91 57 74 32 87 65 29 80 103 33 101 126 85 68 47 39 50 79 12 89 30 115 38 62 47 86 47 60 11 77 55 17 26 27 81 79 51 15 76 57 92 8 25 27 104 76 124 35 8 46 77 50 75 116 121 56 31 101 66 121 56 53 115 15 61 83 95 55 22 16 79 37 71 82 29 120 57 97 77 21 107 16 123 122 14 113 47 31 76 84 112 39 96 124 56 57 90 98 15 27 97 110 0 40 47 30 35 107 32 32 102 127 81 22 59 126 86 78 89 29 88 44 79 38 111 44 77 80 11 92 31 55 23 115 12 119 19 78 55 52 67 53 33 27 49 1 120 110 93 25 50 46 25 83 105 91 119 83 74 121 73 60 22 36 40 51 82 108 81 48 26 5 73 65 23 37 27 27 116 108 113 102 65 60 45 68 113 74 73 42 58 1 14 102 104 36 70 19 97 34 33 116 85 30 126 86 18 67 23 83 38 91 53 38 16 18 117 47 34 31 46 109 46 127 63 45 102 120 34 93 16 41 110 28 69 123 16 80 13 23 56 49 56 100 60 103 38 54 95 35 113 36 111 13 26 122 82 30 109 72 101 80 82 43 67 47 56 74 21 3 80 71 45 58 33 10 30 10 119 117 55 37 116 20 109 93 9 25 90 7 102 7 59 71 118 33 122 126 15 104 12 86 75 90 126 21 95 120 124 112 26 63 1 108 127 96 25 91 82 106 68 96 83 29 108 7 37 60 80 107 64 66 45 89 94 71 42 58 45 71 124 34 38 91 50 3 120 79 76 83 50 4 54 100 19 23 35 33 121 108 125 111 53 33 82 16 4 88 17 123 54 52 49 71 90 78 44 12 15 85 83 12 19 65 98 46 118 18 44 36 121 53 5 13 3 85 114 54 102 99 33 26 6 2 46 96 1 105 79 24 59 78 23 14 94 13 53 77 5 77 80 17 19 114 61 80 79 39 38 51 31 123 107 72 26 109 51 96 62 73 62 16 112 48 99 80 81 115 22 97 71 12 22 56 61 53 19 85 110 51 22 104 34 66 33 32 45 80 44 18 93 86 14 122 120 77 65 38 112 17 127 69 58 31 20 39 91 26 1 96 79 38 85 55 106 126 110 12 125 55 65 77 55 101 104 27 63 70 81 63 55 40 118 99 40 99 107 3 56 29 87 83 45 55 30 87 6 89 76 53 7 54 68 43 12 92 19 77 31 59 49 26 119 24 51 67 20 17 38 14 52 37 47 51 87 71 27 84 15 123 117 15 34 16 72 120 98 51 92 102 81 11 82 47 21 122 119 126 48 51 78 0 65 63 7 85 24 65 127 114 72 72 76 69 93 78 50 52 14 49 70 121 74 103 37 39 65 114 111 38 73 107 16 6 117 103 38 67 34 50 46 35 63 94 88 104 12 17 20 111 64 99 113 7 115 47 84 42 115 52 116 84 26 18 22 114 49 50 42 98 103 115 50 105 111 68 115 40 71 10 79 102 110 87 124 84 51 22 48 37 46 71 6 65 93 76 61 86 28 37 124 100 83 32 28 113 78 22 105 2 100 119 92 44 7 85 116 28 1 104 112 122 49 108 64 107 19 51 84 36 71 26 46 122 98 5 59 44 43 82 124 17 119 64 24 26 6 43 105 28 94 43 106 35
18 5 24 30 8 83 73 36 26 12 40 127 65 113 84 96 23 116 43 105 97 59 8 1 118 55 29 21 109 74 118 106 80 99 12 70 15 96 44 64 10 69 19 98 107 62 100 104 89 121 11 61 93 91 90 41 82 68 57 4 104 26 27 25 90 115 48 105 20 0 117 91 111 121 57 78 54 80 25 83 24 76 32 88 71 68 5 22 115 29 77 53 86 10 30 5 10 76 126 11 117 65 52 98 118 35 16 27 91 21 101 6 14 95 10 23 126 66 29 69 121 65 60 77 40 81 50 43 94 126 12 89 107 11 81 8 112 84 47 48 52 55 39 106 23 97 71 107 116 126 32 22 76 53 52 48 77 77 79 48 101 121 59 102 89 89 64 31 120 78 115 20 17 93 59 121 12 23 29 1 82 110 107 110 24 49 13 5 75 83 86 29 29 37 57 93 40 93 56 121 35 63 112 97 15 87 77 89 71 13 30 65 111 67 64 54 83 122 77 39 24 123 24 2 68 101 117 25 39 37 37 67 6 93 29 119 18 102 34 103 32 32 77 37 9 56 27 77 99 37 15 123 20 91 126 96 5 40 126 14 107 2 42 46 98 13 65 28 3 25 114 11 1 16 34 127 9 111 85 104 42 20 14 34 111 125 84 84 84 59 43 95 118 4 102 72 116 17 20 71 107 115 97 73 50 40 120 23 103 23 119 95 119 96 37 43 56 119 114 58 112 33 74 94 81 22 123 85 42 81 39 46 40 46 102 19 76 108 64 115 67 23 99 35 44 1 27 25 22 78 35 90 5 34 102 37 34 99 73 93 52 104 125 37 92 115 58 42 102 113 3 4 67 99 122 44 79 24 77 10 28 33 85 13 119 23 58 38 25 42 35 38 60 15 121 101 58 95 5 97 55 7 93 26 70 26 88 119 45 40 78 24 85 17 11 86 50 108 38 88 9 93 73 97 109 76 53 28 101 40 108 8 62 76 36 13 100 72 71 38 39 53 2 54 119 110 103 32 95 70 18 33 77 49 125 46 45 55 56 82 125 50 53 122 89 80 117 27 18 26 47 115 120 18 96 50 6 28 118 42 68 93 112 106 119 57 7 41 75 41 12 25 17 41 50 115 112 83 15 100 2 125 90 78 121 127 97 44 21 103 22 58 61 112 67 114 53 56 104 22 110 59 72 87 84 104 109 54 116 79 62 55 126 54 24 25 48 62 44 72 78 38 96 64 68 55 8 107 69 27 44 25 27 39 14 5 26 37 67 74 84 63 29 81 98 2 61 11 90 116 29 84 37 84 59 37 103 14 17 51 28 111 101 59 20 16 104 114 17 56 118 36 59 37 11 74 111 115 112 83 72 0 57 2 126 62 20 22 8 117 82 108 54 126 109 115 18 61 86 90 90 38 99 75 118 26 45 33 32 91 94 95 49 19 39 98 94 57 30 37 85 44 40 8 115 8 62 78 76 127 21 15 31 65 89 13 122 37 97 7 99 20 55 45 42 119 91 45 107 47 69 83 30 32 43 70 7 72 1 16 51 44 36 41 43 80 116 37 98 123 110 102 93 5 67 50 100 34 57 56 72 5 12 58 85 91 29 115 99 1 57 35 71 44 105 113 8 125 64 76 49 78 31 97 42 124 94 77 53 46 13 47 54 28 46 62 18 90 8 100 36 106 91 51 56 87 27 35 115 63 17 88 34 67 77 38 89 7 87 79 83 14 6 121 16 127 85 85 117 63 11 81 55 45 46 127 78 100 15 68 1 127 115 91 120 104 53 26 30 40 35 46 42 64 49 92 0 71 56 15 121 27 85 81 21 40 75 18 88 49 58 68 122 33 38 122 73 110 120 6 123 100 110 51 59 51 78 105 23 25 124 89 109 89 121 9 16 116 77 1 111 76 26 72 70 47 73 119 117 8 85 22 70 111 72 26 87 92 80 83 70 42 103 6 91 82 62 83 43 38 39 6 69 24 104 58 12 102 103 85 112 80 111 85 97 61 7 112 44 17 87 127 59 117 59 105 1 65 90 13 47 102 116 116 55 11 95 91 54 27 109 88 3 89 35 49 2 0 16 70 61 47 61 68 18 102 109 33 98 48 79 103 113 46 102 90 104 101 113 49 88 25 55 77 13 77 24 99 3 110 78 31 81 77 121 64 105 60 19 73 9 122 87 33 60 91 26 39 64 126 32 67 70 8 15 4 97 123 22 42 113 88 56 50 12 127 23 10 51 114 16 36 12 61 90 83 96 105 95 7 55 92 103 82 69 43 59 102 111 40 20 120 127 85 41 127 73 73 115 28 79 64 16 29
25 52 124 109 18 52 84 16 45 103 84 52 104 103 63 44 48 18 123 70 80 64 36 120 69 25 1 58 95 120 111 117 4 36 30 75 98 93 47 5 14 14 60 15 19 76 43 41 45 94 33 63 28 2 8 74 74 24 85 41 121 45 72 83 58 20 73 21 28 62 72 60 63 68 39 74 0 116 105 64 121 61 53 102 59 45 4 112 21 89 52 69 31 111 10 9 110 38 118 97 30 11 114 107 79 37 66 65 51 4 10 121 24 34 34 21 36 85 54 74 95 98 94 108 116 71 63 19 105 97 3 17 50 67 19 121 8 79 25 101 24 67 40 58 44 40 37 116 18 13 126 20 14 2 36 116 113 45 15 13 8 110 6 13 5 84 14 51 71 33 103 0 95 121 112 114 68 93 85 19 79 6 6 49 113 1 46 13 30 49 60 40 13 4 74 103 4 63 28 74 4 112 117 95 35 78 18 63 21 33 55 16 75 88 55 16 73 91 126 120 81 114 17 44 95 77 55 79 49 57 17 79 126 80 6 75 97 9 68 84 2 82 108 43 98 69 13 3 108 114 17 92 98 51 37 79 19 87 98 43 50 18 119 67 96 65 12 61 121 60 108 29 97 29 50 117 87 47 107 32 104 112 73 127 81 18 70 56 18 87 78 40 41 86 51 115 3 101 3 4 40 107 86 103 116 100 60 74 54 74 12 13 59 71 24 126 125 81 114 43 107 81 9 70 123 49 43 13 14 15 1 29 29 81 30 107 111 76 19 48 113 34 22 105 96 101 98 114 99 60 83 54 66 7 39 58 127 31 92 6 1 84 5 91 111 105 35 31 44 41 52 109 8 74 86 113 74 48 1 66 10 49 122 34 121 14 106 74 30 91 61 27 95 24 83 91 24 74 82 91 0 58 68 73 41 109 33 99 65 17 76 114 4 19 65 126 74 61 93 95 31 57 49 125 37 54 27 73 85 118 80 21 42 82 80 87 35 95 121 119 121 109 122 51 35 27 77 57 35 69 125 8 20 63 75 60 121 93 94 39 55 3 30 26 57 120 24 68 69 4 114 90 7 8 14 99 120 104 6 95 71 110 114 14 36 82 38 5 122 82 56 91 80 105 18 126 62 30 74 78 9 106 86 66 61 2 17 24 106 19 57 92 85 49 120 78 102 9 20 118 125 115 28 95 127 9 12 46 22 49 86 94 3 115 112 123 66 84 52 1 67 64 78 56 96 69 6 18 43 62 64 38 82 108 25 43 11 21 76 91 13 85 29 127 43 83 107 90 37 58 41 51 127 62 60 119 104 33 38 40 120 107 36 64 117 78 31 7 96 17 44 92 95 32 4 81 111 126 121 73 125 35 96 22 39 4 33 23 16 94 70 80 91 101 124 21 14 100 14 113 113 24 52 20 118 101 65 90 112 31 20 67 43 82 65 89 97 13 14 19 33 35 82 8 70 29 76 90 62 107 34 12 78 45 55 8 108 86 117 35 116 103 2 97 18 27 22 103 112 108 6 104 75 124 13 45 14 66 14 50 87 115 109 7 68 61 50 62 67 77 15 83 23 5 118 56 30 5 98 78 28 66 74 2 27 73 113 96 47 79 122 9 32 99 66 68 11 56 43 12 23 43 56 95 15 95 108 100 119 99 20 110 75 50 20 59 50 20 106 125 116 5 72 64 75 57 77 5 64 85 33 55 74 2 41 61 5 5 62 19 20 1 89 94 89 55 95 9 86 121 69 22 91 112 29 127 77 36 54 95 48 33 104 43 114 21 30 6 104 20 15 19 42 43 46 113 18 47 95 78 68 10 78 28 113 44 67 112 35 47 86 14 109 43 66 95 73 39 101 85 13 62 80 84 50 111 78 127 57 14 64 87 54 118 75 9 109 105 41 115 124 94 10 117 15 124 72 110 77 18 30 72 99 52 102 117 89 7 23 7 82 110 47 29 57 85 54 72 121 121 61 107 126 47 3 36 7 0 91 69 46 99 116 74 4 49 23 46 17 83 27 76 4 29 0 85 81 45 68 30 69 90 55 88 92 126 27 15 53 52 11 19 81 33 118 52 63 22 108 26 112 16 47 20 49 39 125 94 2 16 60 49 121 89 86 5 27 71 54 125 57 44 71 18 101 28 22 110 31 9 90 48 64 102 28 58 44 66 50 110 100 94 127 10 85 81 127 98 5 66 61 4 8 27 127 82 91 90 76 124 37 42 116 20 90 61 45 69 37 48 74 110 104 116 80 119 38 70 126 29 20 0 88 31 122 120 7 68 29 114 7 112 18 107 58 54 29 78 35 54 43 26 76 77
100 53 47 29 38 110 12 121 15 43 70 111 118 118 26 44 124 118 34 78 27 98 6 61 113 109 113 50 45 19 95 37 60 103 31 25 57 38 19 81 49 78 51 85 114 21 52 84 65 103 116 42 81 22 76 63 126 104 8 112 6 40 53 64 1 3 77 31 99 1 103 113 114 63 13 19 88 105 48 7 91 62 45 20 86 31 7 94 100 15 39 105 26 103 104 17 34 112 51 14 62 52 90 80 103 65 112 113 30 60 63 100 104 104 97 33 114 54 58 2 16 77 77 45 37 34 0 125 111 28 3 60 96 16 27 49 89 7 33 58 17 94 58 26 15 121 9 103 75 21 15 11 74 83 50 0 26 66 11 29 8 52 60 53 36 64 41 48 3 63 78 50 90 71 123 59 86 78 90 30 102 110 71 93 57 118 105 81 3 110 106 21 2 78 98 46 37 32 77 47 64 116 112 25 7 49 79 37 9 41 36 25 91 11 83 48 13 45 34 28 11 115 81 43 65 1 58 16 9 17 21 82 57 52 0 87 60 99 88 99 125 30 30 126 65 18 52 75 73 94 108 124 125 21 22 115 86 14 25 2 86 19 124 108 39 120 38 119 71 17 40 69 26 99 14 36 57 4 102 125 72 6 40 83 9 61 25 67 101 23 77 40 64 16 108 23 26 6 72 106 98 121 11 84 2 78 84 9 32 45 58 51 5 1 28 118 39 96 60 67 122 67 28 100 61 59 123 83 40 86 108 81 112 88 64 117 63 78 62 97 47 19 117 36 63 90 85 114 4 33 38 66 80 61 87 23 2 108 70 88 119 66 78 92 49 28 73 31 86 38 8 100 115 103 13 67 63 19 27 13 43 97 76 94 96 115 38 27 63 88 31 8 27 121 94 16 116 86 76 54 9 79 5 47 74 121 115 66 91 124 40 78 59 76 41 115 119 108 80 70 27 101 12 123 80 14 35 91 14 109 116 74 55 94 3 98 97 51 90 9 93 44 83 28 121 52 28 22 56 49 20 111 42 9 104 75 29 124 50 32 17 77 21 63 20 0 112 106 115 123 14 35 46 53 85 31 57 45 53 32 121 104 122 38 22 42 54 1 65 37 118 114 28 115 109 123 66 102 70 35 28 118 36 112 121 99 86 44 15 111 30 33 49 64 81 121 61 103 42 55 119 14 47 48 80 43 9 19 69 7 44 33 124 95 50 117 105 3 107 113 38 83 23 87 54 25 24 35 70 73 57 110 11 0 115 49 24 79 4 82 67 5 25 112 102 119 54 38 8 44 115 13 111 54 8 14 36 49 126 116 83 71 95 110 20 56 104 18 92 57 94 117 5 3 42 92 41 2 0 107 54 14 46 84 45 57 94 70 80 119 82 38 123 2 29 34 121 56 28 49 61 51 117 13 34 27 57 29 89 6 38 94 68 34 113 110 126 51 13 62 124 35 90 23 39 28 52 108 21 71 14 112 68 115 63 3 74 17 41 112 29 14 69 54 52 15 110 103 72 106 122 33 26 12 99 26 72 68 114 85 30 2 29 20 98 5 91 31 41 100 61 88 31 98 85 87 38 63 117 29 62 113 95 30 86 39 32 62 24 35 23 94 57 38 45 76 9 86 81 31 96 35 27 15 15 17 7 105 79 118 119 74 69 0 61 124 124 75 120 37 91 44 57 80 0 31 7 117 39 55 62 106 109 87 73 110 102 102 73 35 88 123 113 122 56 73 82 109 44 78 79 1 92 67 116 49 28 94 80 9 26 116 104 14 59 107 30 20 59 122 57 40 45 44 123 25 101 50 35 51 80 50 2 124 13 48 76 104 90 0 56 16 111 49 97 13 117 118 58 80 2 97 39 88 124 65 33 89 94 8 93 83 20 92 122 24 101 121 43 24 8 102 61 107 25 56 36 15 36 75 23 25 19 8 86 102 28 30 18 19 86 106 26 93 84 43 34 112 70 21 73 126 86 14 93 97 12 123 3 81 55 22 96 97 33 99 98 16 27 13 33 111 74 56 76 96 120 54 65 97 116 92 36 67 75 25 121 60 91 66 83 73 51 17 52 62 52 116 26 30 90 105 0 5 10 33 102 83 62 52 84 84 17 20 18 3 76 81 115 28 24 55 76 125 62 26 59 82 48 64 37 82 51 0 39 80 20 85 14 49 102 47 102 31 48 67 107 44 31 3 116 64 96 70 72 64 79 17 53 126 46 5 65 8 67 108 22 117 106 108 42 50 71 102 24 79 34 16 17 123 26 14 123 80 106 68 79 14 41 109 33 47 82 7 110 9 125 4 115 47 116 25 85 107
22 61 12 8 112 19 127 91 107 56 100 23 107 32 19 59 47 63 29 107 72 108 112 16 99 13 18 70 58 66 96 43 31 110 10 105 1 89 124 67 16 80 91 93 39 86 45 87 92 3 37 62 28 18 90 28 119 99 34 115 69 122 22 102 45 126 43 47 51 7 54 65 76 39 120 84 30 115 47 99 60 111 51 37 90 35 111 86 54 84 12 36 46 89 103 70 109 102 21 38 86 57 29 17 125 105 17 109 73 38 93 25 70 6 68 64 45 17 12 24 103 7 73 31 16 101 78 78 120 47 62 39 114 83 14 98 5 93 120 62 7 94 127 111 110 31 44 121 51 78 81 12 23 39 13 91 74 69 61 119 88 60 0 88 65 125 31 12 32 31 55 23 90 3 87 22 28 97 20 29 89 19 15 66 48 100 57 103 43 24 22 107 58 0 96 14 127 80 97 80 51 57 40 43 3 76 67 6 45 122 8 86 32 32 83 3 64 117 105 33 90 84 87 78 98 63 24 54 8 16 20 59 12 2 67 3 106 91 6 25 74 23 106 9 100 12 124 43 105 38 18 50 18 75 51 85 46 100 119 29 45 75 92 20 74 123 100 47 61 57 17 107 58 90 100 47 62 11 86 33 125 60 101 86 52 24 61 3 93 93 12 41 126 48 77 55 46 7 54 87 17 34 88 80 31 119 23 6 12 125 90 111 68 99 89 41 108 30 73 109 25 85 75 31 90 96 124 116 125 51 19 102 104 39 58 76 13 43 103 116 85 81 47 92 42 15 109 34 52 33 2 67 117 4 9 51 28 95 30 65 75 90 68 36 26 86 32 67 58 63 84 87 43 94 107 111 87 48 52 73 48 112 113 65 94 62 24 3 50 10 16 107 65 69 72 68 83 28 84 72 91 124 118 71 94 19 26 7 117 84 60 27 86 69 2 68 72 6 59 3 102 4 10 124 14 63 97 12 117 111 6 103 5 55 63 102 49 29 21 24 27 117 83 38 66 4 64 14 89 66 39 120 104 110 105 97 115 68 94 114 76 42 0 21 61 78 25 17 47 8 0 106 8 127 22 106 44 121 1 13 37 39 62 81 15 126 116 92 107 74 5 2 13 123 65 95 94 74 85 66 113 30 32 125 87 0 43 14 36 26 101 47 26 107 11 66 29 95 86 65 6 33 31 116 38 95 42 42 77 2 45 31 42 99 80 111 2 120 73 116 62 110 39 17 66 102 61 9 51 72 45 54 45 74 59 96 99 25 26 37 21 25 85 68 34 65 98 72 114 50 112 17 42 11 2 81 119 101 6 96 5 81 44 126 85 114 38 50 8 98 22 11 115 87 61 113 103 72 76 39 53 105 80 6 16 118 125 49 23 1 98 124 91 82 32 20 116 73 52 45 44 8 101 5 50 116 105 118 34 81 52 18 68 24 10 73 16 35 89 94 95 20 17 59 17 0 13 7 65 50 78 59 33 35 61 0 114 84 41 0 95 83 53 46 99 38 29 6 21 120 49 44 73 119 71 90 9 13 45 122 115 117 74 5 20 61 96 18 102 87 81 98 115 61 106 100 82 52 23 55 61 33 21 67 56 9 65 7 96 122 37 106 122 61 27 9 44 64 97 66 8 4 105 9 11 81 57 20 20 64 2 68 88 121 63 48 71 16 72 31 69 112 103 20 6 6 110 102 117 26 7 72 27 78 65 70 46 81 85 113 9 117 113 32 6 2 13 43 45 60 35 12 15 79 117 4 115 88 37 101 49 37 102 55 62 125 119 47 104 89 58 76 43 114 89 126 54 54 0 7 126 3 84 125 85 114 52 57 36 48 66 18 0 28 86 32 118 51 40 22 4 70 56 121 5 48 21 112 76 75 3 125 71 63 36 30 36 127 44 89 106 7 39 96 108 92 4 27 116 103 80 118 86 108 8 1 62 95 50 115 112 30 6 29 57 2 50 114 55 72 9 60 109 49 121 46 89 0 93 56 37 61 78 88 69 81 64 61 55 66 16 126 111 7 59 112 39 80 88 61 40 11 92 88 114 99 116 53 88 92 10 59 67 77 45 37 60 16 65 71 35 73 6 99 15 13 79 24 104 3 28 126 55 5 0 126 38 0 114 103 62 56 66 64 64 102 20 108 29 95 32 47 21 93 53 109 3 86 54 43 88 11 80 116 78 73 98 118 115 51 92 75 64 64 9 17 46 65 48 71 21 85 25 89 8 20 94 115 62 106 5 119 13 32 70 23 72 74 119 86 111 50 1 14 34 35 115 117 91 38 107 3 63 73 5 56 29 117 109 98 112 106 73 121
124 116 95 105 105 66 119 89 14 16 90 17 114 18 75 87 68 23 90 47 29 14 46 122 101 126 43 97 26 83 63 40 95 67 4 52 121 7 21 105 6 21 45 29 125 100 15 78 4 66 22 60 73 4 22 78 81 24 7 94 20 1 21 71 86 95 71 67 63 93 18 127 86 81 125 52 92 86 96 51 46 81 53 43 96 6 114 91 0 62 119 102 97 38 18 30 76 120 23 68 86 82 64 32 126 58 113 119 32 31 58 91 100 40 11 72 113 118 10 96 18 53 56 41 97 70 30 51 1 82 37 31 9 104 127 7 89 93 74 104 19 123 19 126 8 71 123 14 97 87 96 104 104 108 62 103 90 20 4 124 34 84 67 112 47 79 120 94 89 61 115 34 69 96 20 79 110 38 33 105 120 123 14 5 65 87 55 48 91 0 64 27 99 19 47 71 64 89 50 42 48 24 73 75 40 70 63 60 11 110 103 80 68 126 13 33 47 60 80 34 118 64 58 113 113 35 78 123 18 114 41 68 18 106 38 68 51 11 82 46 75 35 125 62 75 81 112 50 111 42 33 111 96 48 17 124 60 56 92 108 4 88 23 92 63 58 37 32 9 36 123 96 86 121 125 10 23 87 70 113 20 19 116 9 88 46 99 111 46 14 43 103 103 113 61 5 100 65 75 121 3 22 12 80 30 15 40 89 91 0 110 11 100 118 55 49 19 65 35 78 37 21 107 60 49 95 58 19 35 125 96 14 61 113 109 2 92 110 90 4 122 55 30 85 34 117 70 69 25 117 0 82 6 35 75 83 86 24 93 58 60 28 94 17 40 18 117 3 64 40 122 14 53 63 71 14 78 49 102 21 17 79 1 35 19 15 66 119 29 54 65 98 25 56 124 68 1 114 55 83 61 33 97 117 55 54 19 49 24 83 24 52 13 59 110 107 42 106 61 102 75 111 68 62 1 53 15 54 93 110 42 60 37 44 125 50 41 23 114 29 36 120 122 52 62 102 10 77 22 116 79 49 84 54 54 3 96 53 60 110 77 82 122 4 99 94 108 17 43 30 118 93 20 46 29 54 104 67 68 40 44 73 90 79 29 76 99 84 44 116 103 126 44 78 83 83 44 54 58 4 117 117 123 31 5 93 25 36 12 92 68 24 12 87 94 19 118 71 59 72 20 114 126 60 83 78 25 53 41 10 36 104 124 10 26 93 82 33 37 60 86 52 64 2 66 27 13 51 29 57 53 68 112 14 37 77 13 56 58 112 7 127 71 18 31 94 28 40 74 44 12 26 119 18 25 52 50 36 111 8 126 91 95 51 53 2 114 95 68 7 13 119 2 23 12 42 28 71 50 41 30 124 62 25 17 121 81 56 6 111 101 47 79 118 119 59 32 119 114 127 2 101 3 99 3 41 8 103 50 16 16 96 19 13 21 51 26 42 2 87 93 7 85 88 123 9 112 28 39 117 64 115 20 102 23 72 59 107 117 25 8 19 55 98 35 105 35 117 126 72 21 0 68 72 36 101 82 71 105 106 95 12 83 99 42 107 36 93 73 94 24 92 87 102 20 40 72 41 41 1 67 7 95 60 13 112 76 126 20 23 49 81 44 63 63 103 25 31 107 56 118 119 52 32 51 94 17 34 11 50 88 108 94 9 110 51 33 114 66 109 38 7 124 95 106 28 21 83 69 60 42 48 28 105 119 80 30 52 33 127 126 37 56 100 3 125 1 11 34 69 119 109 71 20 116 121 109 60 34 47 14 70 14 108 5 110 80 67 21 31 122 21 26 109 14 123 43 114 85 91 105 101 123 120 8 33 99 72 14 61 44 83 71 57 91 114 18 120 15 74 105 7 32 73 125 17 34 125 42 49 2 103 90 58 27 45 63 69 46 13 6 73 78 30 92 105 117 80 122 50 28 112 107 14 127 89 75 24 60 40 68 3 107 111 104 56 30 2 116 66 89 49 16 59 73 65 87 74 23 98 86 31 86 97 104 18 65 59 114 65 14 119 84 34 68 106 26 87 6 5 109 124 32 57 48 16 109 41 93 71 39 45 70 69 67 0 78 94 88 110 96 51 34 118 68 4 99 16 52 51 13 121 28 7 97 103 0 28 35 50 36 92 68 52 95 123 51 87 82 11 51 0 6 16 126 97 42 70 16 58 2 28 21 37 53 106 92 113 49 117 105 68 29 22 118 84 119 89 117 46 20 19 22 67 20 20 0 14 16 50 62 13 58 82 49 123 33 5 108 48 5 116 117 68 6 96 76 50 117 0 12 42 26 70 115 2 57 88 96 103 16 44 77 100
57 55 53 86 122 87 28 101 122 53 26 101 116 103 44 113 86 30 35 80 60 36 66 35 118 4 45 78 51 48 5 122 9 117 95 22 111 16 109 83 43 40 14 43 109 57 85 49 51 69 67 62 57 22 43 108 82 117 108 94 127 43 51 66 27 66 77 17 26 50 124 59 125 73 48 14 82 72 67 14 50 47 71 112 116 0 6 52 30 17 11 47 29 96 122 110 6 91 112 2 106 62 5 94 101 14 70 42 93 90 80 118 17 21 60 119 60 52 25 114 90 39 87 115 7 20 92 42 20 2 30 118 26 109 26 72 56 96 32 89 91 43 42 30 116 64 83 75 16 14 33 113 79 3 71 97 109 88 78 27 72 1 16 57 126 73 8 30 65 87 61 18 80 106 112 73 113 54 27 101 111 91 122 113 115 49 64 123 2 78 51 9 20 36 14 86 77 78 73 119 8 43 38 4 24 55 105 120 89 63 71 85 51 88 111 75 8 9 111 9 72 61 89 98 90 59 94 18 106 37 5 14 92 46 44 117 4 77 52 65 61 22 43 51 45 18 87 83 46 90 51 23 16 88 45 63 118 94 27 49 122 63 27 85 55 58 4 53 43 41 71 124 101 91 56 46 75 120 24 101 43 14 107 104 50 52 33 123 108 76 7 122 76 99 69 101 95 20 107 107 112 122 6 89 78 55 48 41 22 51 101 104 78 111 52 103 15 95 36 17 19 45 1 118 86 93 62 2 45 124 102 110 48 0 104 21 92 13 111 91 84 44 95 5 117 64 20 120 3 2 112 29 30 33 82 19 86 53 122 103 125 24 14 37 22 51 65 56 56 78 51 107 34 73 13 90 117 125 13 98 32 51 0 33 18 23 105 3 35 76 57 31 8 102 79 113 66 115 19 73 119 121 61 57 21 111 66 74 88 105 47 7 72 14 31 52 66 3 29 12 107 20 40 120 109 18 102 47 85 62 19 63 36 125 30 73 17 106 102 109 19 81 10 85 122 43 81 63 121 33 86 64 54 73 116 0 127 37 102 112 8 94 70 16 98 111 100 51 17 127 62 32 3 86 74 51 8 63 29 7 103 4 75 62 0 14 88 81 37 41 127 45 52 25 60 126 103 122 66 53 21 25 82 107 107 110 59 38 122 35 20 40 117 47 25 62 76 35 23 127 104 89 20 17 14 78 5 42 30 27 7 28 20 80 119 120 112 87 57 59 49 99 124 30 46 33 1 105 66 93 71 51 6 75 121 18 89 91 125 14 77 47 124 122 13 2 49 92 123 53 5 48 22 91 77 77 19 76 90 59 98 44 60 55 1 104 44 39 111 23 28 66 108 67 113 65 83 53 52 78 48 31 60 41 0 62 101 34 50 70 44 76 112 64 13 92 121 2 109 23 64 47 9 12 99 72 13 99 9 39 22 98 54 62 70 41 98 65 78 72 46 80 125 102 51 17 78 17 23 22 11 22 20 125 63 89 71 93 33 1 68 30 96 117 67 69 86 108 18 127 106 108 71 102 12 64 5 70 111 125 26 78 51 125 97 127 121 120 127 86 47 112 87 78 98 67 43 100 16 94 37 9 53 113 90 105 5 119 5 51 14 67 56 111 117 55 103 6 50 57 112 116 63 108 110 25 57 30 65 91 105 12 17 93 118 74 12 114 124 23 56 125 28 55 53 4 34 18 54 76 68 43 77 37 61 21 72 112 39 25 108 124 4 92 53 85 48 2 91 37 13 46 13 106 74 72 37 63 110 43 124 69 64 24 15 115 14 97 80 2 66 36 80 54 124 112 115 37 62 0 70 89 110 102 18 51 117 29 106 54 13 12 83 89 26 88 8 40 47 11 9 5 113 33 122 51 40 82 5 1 14 16 15 27 84 71 9 9 113 9 72 27 23 18 96 67 55 66 41 11 17 22 83 5 52 97 41 65 29 8 90 41 33 39 87 112 16 28 99 49 75 94 48 72 60 82 45 45 125 16 65 103 4 122 102 53 124 111 15 80 117 90 6 115 7 71 86 95 106 110 81 37 53 75 14 91 118 101 49 55 94 115 8 7 109 18 50 71 97 56 67 30 101 2 98 82 42 28 9 11 45 29 93 123 81 87 31 72 46 87 62 25 2 22 74 73 49 35 123 12 125 28 37 122 116 76 120 89 83 4 19 77 108 13 7 47 12 23 78 114 64 85 33 113 50 103 2 127 118 89 77 57 104 124 71 112 54 118 119 79 41 20 9 56 24 55 37 85 112 60 111 46 53 45 67 3 93 65 92 42 61 99 84 124 123 127 84 111 84 3 64 61 89 119
114 1 8 118 56 44 17 111 47 120 41 40 74 88 89 124 57 99 41 34 37 66 122 40 98 49 103 85 71 78 44 70 18 103 105 16 64 108 92 121 76 55 111 92 40 41 5 68 97 74 72 101 39 40 8 7 43 57 103 66 12 18 97 95 48 79 99 81 77 29 65 76 90 58 52 51 80 30 14 120 125 19 4 6 17 55 74 95 113 90 89 100 44 27 49 1 83 67 127 76 23 124 111 101 121 103 47 44 118 92 57 35 1 126 104 17 48 7 57 14 104 16 22 65 69 92 26 36 48 63 33 17 63 105 73 101 122 43 16 58 12 51 59 111 41 90 63 116 65 33 94 86 70 101 63 32 11 108 75 18 8 73 16 49 103 38 40 9 11 78 94 14 27 3 35 118 64 121 107 120 97 46 80 38 37 43 50 96 123 84 25 109 35 68 96 0 52 5 36 1 120 116 122 122 68 89 40 50 116 46 12 75 68 65 58 67 58 90 113 116 9 12 107 1 89 14 45 56 9 21 103 88 78 76 7 20 84 21 109 96 44 90 39 113 21 29 61 72 44 34 81 41 4 26 120 69 61 31 7 119 102 84 17 77 14 105 25 52 43 31 102 27 123 38 106 31 76 78 17 102 69 118 10 31 103 19 96 39 7 114 34 68 125 98 110 77 20 110 23 16 17 97 11 15 3 88 33 91 127 45 74 76 30 123 24 102 73 23 64 124 116 24 27 35 81 5 65 66 109 71 94 47 82 113 69 77 66 47 64 43 93 126 62 45 18 117 63 82 72 70 109 100 49 62 40 116 6 8 3 88 48 75 5 81 103 20 14 127 66 65 55 118 104 103 122 67 31 65 109 28 65 33 125 26 59 117 38 43 101 81 35 18 90 44 83 20 22 93 88 94 26 97 71 18 40 25 27 63 67 94 79 50 73 101 47 9 108 72 38 99 114 121 99 18 63 123 18 75 61 12 24 99 88 91 126 41 116 38 29 4 80 17 106 110 20 85 102 49 121 120 5 49 79 65 114 0 56 29 57 106 51 36 47 86 0 18 45 66 1 55 100 16 91 81 96 78 21 104 26 54 100 31 59 108 82 27 27 119 73 83 24 84 77 85 116 25 107 74 118 70 16 81 6 55 63 19 37 74 107 57 15 50 118 26 50 74 15 86 59 122 75 122 39 66 1 123 101 47 51 23 92 110 109 97 83 81 77 81 1 64 19 33 40 40 111 74 90 22 37 43 66 61 11 29 94 86 64 40 19 117 5 74 98 3 92 122 9 50 92 37 0 103 7 120 101 80 82 62 32 14 108 30 20 2 125 65 34 40 58 15 55 44 114 58 49 84 11 91 124 11 32 83 103 48 20 59 51 53 38 104 48 122 105 63 99 85 25 70 6 71 61 89 87 23 39 111 75 46 7 53 8 2 53 20 94 47 46 87 67 83 124 62 15 73 106 89 92 4 10 28 108 78 69 47 14 106 83 33 59 123 61 1 107 79 18 97 48 77 87 27 47 95 36 73 48 108 47 72 87 99 119 28 59 28 57 47 22 26 94 106 6 48 53 108 67 77 105 41 73 58 43 97 25 22 72 124 100 7 52 13 70 6 8 2 77 16 113 43 85 45 89 57 27 108 13 8 114 25 1 74 80 127 33 18 38 81 12 4 49 22 121 119 87 28 111 110 71 25 78 56 0 27 112 61 46 109 77 105 97 58 30 69 125 48 4 30 36 78 14 51 106 68 91 96 10 42 69 22 39 62 1 126 78 86 85 72 46 103 29 15 58 109 46 115 29 108 8 64 58 101 63 7 122 122 51 17 90 81 95 57 48 31 116 47 44 53 99 99 84 45 95 30 36 15 45 125 45 77 120 87 88 60 45 50 61 34 80 109 41 44 117 67 74 46 78 29 23 65 42 33 22 60 94 36 12 96 70 95 6 41 37 51 43 63 12 87 27 95 106 81 97 111 97 114 101 0 42 113 41 94 49 125 59 0 50 15 121 38 14 124 32 86 52 104 97 16 88 119 105 5 30 68 103 39 29 68 75 6 108 12 112 3 49 105 2 11 64 26 106 49 76 16 71 31 83 50 16 33 34 98 101 105 23 53 17 49 45 47 102 32 112 86 88 100 26 0 84 58 112 9 94 107 24 83 56 65 118 111 14 27 12 113 123 115 117 13 113 65 33 98 100 24 111 53 126 78 11 125 8 121 30 77 92 52 111 42 37 41 123 71 47 66 65 15 82 93 104 15 30 117 57 27 3 9 50 108 17 46 31 29 35 8 35 28 15 91 20 63 110 119 65 123 58 109
98 117 27 54 99 125 30 32 86 59 40 80 45 48 64 41 22 111 26 88 31 82 87 120 2 59 75 98 78 16 113 31 6 82 70 127 68 57 39 84 111 47 50 56 110 70 36 86 74 73 120 84 54 122 40 96 19 32 39 98 33 61 99 90 18 42 68 62 92 119 9 119 122 118 103 12 92 4 121 57 58 75 127 58 76 85 103 14 76 0 117 37 126 106 108 52 51 0 10 57 106 127 39 85 98 59 114 43 5 27 30 118 7 4 105 53 111 107 16 37 8 73 83 77 13 25 92 112 61 90 24 79 35 97 79 32 2 86 10 111 57 63 17 46 104 43 92 58 49 68 87 28 92 123 89 103 66 1 24 127 18 39 1 82 64 61 90 53 44 118 127 115 48 98 104 68 37 3 16 125 52 84 52 111 30 111 21 10 33 112 14 113 124 9 101 95 52 47 30 36 107 27 30 69 13 121 86 15 24 38 65 37 40 102 97 114 39 106 63 88 99 15 120 81 76 58 100 90 97 10 0 12 29 68 17 77 12 31 70 71 49 70 115 112 79 106 30 50 26 59 32 52 126 92 71 32 125 40 18 84 40 84 88 41 119 22 74 32 19 24 89 103 51 11 31 32 73 67 14 50 5 90 68 68 81 91 34 122 85 33 62 67 17 104 114 25 105 85 110 96 60 106 77 126 94 73 114 87 84 47 71 95 30 33 86 88 6 82 6 46 7 77 0 124 76 2 52 91 37 50 14 99 116 126 66 63 67 4 113 89 88 9 7 11 63 117 121 58 66 90 49 22 39 121 96 77 126 117 86 94 76 120 75 98 17 20 108 110 105 0 124 37 40 41 110 8 22 77 10 70 30 87 25 29 33 45 101 68 4 60 82 114 37 27 25 60 105 22 45 112 29 66 91 32 105 2 68 120 82 41 61 57 56 111 0 101 72 59 68 58 45 105 33 100 96 24 41 28 121 24 53 122 72 125 66 14 3 108 37 19 112 22 36 61 110 7 120 36 119 44 96 32 6 126 21 4 109 14 20 125 88 16 55 49 6 117 121 49 59 124 82 115 6 39 44 58 113 87 74 104 54 63 64 53 95 39 52 43 62 1 78 20 87 49 80 110 51 115 8 98 19 82 17 83 29 103 64 23 87 46 82 93 89 105 43 123 101 28 76 67 108 16 125 96 4 91 127 87 80 49 102 111 39 107 45 50 10 11 12 63 7 64 8 91 1 77 12 111 1 67 75 47 73 2 67 5 86 4 113 2 9 42 18 13 20 123 42 27 20 35 23 53 37 16 21 82 44 117 73 60 10 60 37 65 32 42 30 111 34 36 46 110 99 22 35 39 102 89 88 80 14 36 108 3 21 80 21 80 77 77 16 71 97 89 108 93 85 79 93 79 37 117 23 99 98 5 67 81 5 25 100 90 40 74 37 125 79 82 42 52 14 89 55 104 55 30 82 56 50 23 57 72 86 3 9 62 72 82 14 114 97 105 62 18 112 62 115 55 20 33 114 16 17 80 65 50 64 42 56 9 36 47 119 68 55 118 75 35 30 54 37 114 72 107 89 14 15 76 88 93 52 55 6 56 54 51 3 42 39 101 120 29 9 93 102 6 35 34 87 38 35 108 19 48 95 58 102 48 89 25 35 42 125 98 42 98 75 32 99 77 96 109 44 44 87 14 94 16 11 125 21 22 126 89 77 11 113 67 122 109 50 124 12 56 125 54 81 106 27 101 104 43 18 45 110 106 101 109 2 82 19 24 74 124 55 80 60 123 122 112 54 34 77 58 38 56 82 66 33 121 112 40 21 101 119 26 20 40 30 26 36 65 53 110 8 82 41 127 35 9 58 39 53 108 38 6 3 14 75 47 5 123 72 34 71 70 67 57 76 18 61 70 9 24 43 121 98 126 57 24 92 119 75 114 110 39 75 115 69 123 9 65 119 108 24 70 103 86 111 10 121 35 48 47 114 86 122 106 6 90 76 50 16 31 25 120 123 21 12 124 11 70 0 32 115 118 13 122 110 63 42 119 57 40 80 67 115 114 38 0 40 44 87 97 97 87 122 125 78 80 12 70 8 107 62 98 22 53 46 38 86 25 0 13 95 114 111 73 64 68 66 48 49 57 52 90 114 117 56 85 17 15 1 110 12 44 79 71 42 71 53 73 118 96 30 75 8 100 72 47 17 93 95 103 86 10 61 83 18 99 115 89 73 23 12 124 115 45 52 97 28 35 70 114 93 125 16 47 76 119 23 53 118 94 121 90 113 84 107 118 126 120 0 78 66 5 77 54 37 32 115 101 7 89
78 77 111 19 54 47 122 82 55 96 99 87 9 51 49 33 35 110 60 99 15 78 17 70 46 85 31 42 82 39 119 64 34 68 49 11 75 84 122 57 82 62 72 106 48 111 127 35 105 53 46 120 114 31 126 98 94 123 52 118 31 61 36 95 106 119 100 102 37 29 57 31 108 65 50 10 58 19 36 72 101 48 18 54 39 6 4 110 41 87 47 104 6 10 72 48 29 40 2 85 39 50 83 31 47 70 123 70 19 88 108 34 107 23 39 76 51 111 38 67 60 75 80 64 61 80 1 5 107 121 74 116 42 81 39 88 38 27 109 79 62 63 126 11 40 115 28 22 84 79 116 50 111 104 44 89 100 21 114 9 6 72 88 109 14 76 105 45 89 84 86 60 107 91 60 50 37 11 87 76 103 111 65 53 38 75 38 114 77 29 104 113 106 47 82 30 106 113 106 24 67 113 50 12 99 62 127 125 41 124 53 100 66 79 89 103 55 102 18 45 14 31 48 20 64 69 26 22 46 94 11 84 115 65 4 8 19 109 81 124 62 85 71 97 72 70 29 124 81 90 15 84 4 118 28 46 100 106 125 21 77 56 82 34 87 105 59 69 59 57 2 33 44 49 1 14 36 14 59 95 84 63 80 97 95 113 110 51 22 98 36 106 40 100 56 96 24 109 36 39 84 45 59 111 101 103 97 18 90 8 68 4 88 25 18 29 99 47 111 15 127 70 17 55 20 30 0 2 94 24 116 7 64 61 6 6 7 18 16 10 110 104 48 10 101 40 61 113 51 65 67 113 91 96 74 66 39 4 127 115 84 21 117 36 123 10 43 85 104 52 76 117 115 60 66 12 91 117 10 10 84 115 84 6 16 47 13 62 63 96 74 76 64 33 8 76 127 36 29 40 44 100 46 125 6 13 125 47 126 5 33 79 114 100 99 45 58 69 7 23 66 3 95 0 33 108 8 62 75 9 9 49 43 117 125 47 86 5 87 120 23 84 119 105 94 110 57 104 63 93 55 97 81 11 34 70 104 103 88 5 64 109 79 59 111 67 28 37 110 91 127 21 126 7 62 95 96 12 26 17 17 76 85 61 13 10 102 113 116 85 99 16 50 95 13 105 56 92 5 113 56 3 10 108 103 73 118 91 10 98 78 7 83 113 58 20 64 92 23 29 103 98 96 83 56 79 72 94 16 58 30 63 127 47 22 69 29 54 6 119 111 103 105 109 74 97 11 59 123 115 51 108 110 26 121 11 12 71 79 61 124 28 34 59 28 30 76 75 114 60 1 32 71 61 104 120 58 39 116 48 104 31 37 91 78 86 87 12 84 53 75 127 12 38 22 113 109 106 91 13 16 23 116 57 62 33 50 111 85 9 117 71 20 36 6 89 12 79 29 30 4 31 15 110 72 21 63 118 43 39 108 36 77 15 42 83 62 107 14 119 43 89 8 64 98 43 19 108 118 69 105 73 111 122 32 79 99 5 82 30 65 17 105 27 123 67 124 64 110 105 113 79 44 57 46 65 51 35 0 38 86 89 74 121 105 0 74 87 73 13 77 70 22 42 21 59 99 26 55 1 38 50 109 18 61 70 75 66 62 110 4 71 77 60 99 70 6 49 45 95 71 121 75 73 126 13 72 101 93 68 64 64 56 61 19 112 74 25 43 66 69 61 106 124 44 10 71 92 73 33 87 45 124 111 80 31 74 97 87 118 4 62 28 47 111 121 97 15 24 100 71 28 51 45 24 105 22 33 66 93 113 116 33 31 116 28 8 65 56 38 6 109 68 7 95 118 117 17 101 109 81 48 104 108 15 20 9 105 3 43 122 7 110 116 125 54 18 110 63 39 103 50 8 29 55 80 103 43 58 14 67 69 127 125 60 79 89 120 100 22 76 46 16 56 125 53 90 51 21 100 82 38 98 12 77 111 94 108 65 109 51 102 100 13 72 73 62 70 27 109 88 45 120 27 1 126 16 58 51 3 76 81 2 114 36 96 104 23 71 34 1 32 75 85 76 9 80 61 42 68 120 58 8 76 59 62 51 22 29 42 118 67 20 42 72 6 15 22 57 86 30 120 68 5 114 64 58 111 27 17 87 76 96 9 6 36 95 44 85 15 87 115 117 13 10 82 86 33 59 103 12 38 43 27 39 15 49 114 127 27 67 91 120 59 11 15 52 53 48 35 61 83 25 55 119 89 21 119 72 68 80 48 97 1 52 118 6 126 99 76 19 93 29 74 94 121 66 58 65 111 2 55 78 16 111 51 6 111 4 97 96 53 60 108 15 100 66 122 58 46 47 106 120 114
63 49 84 40 71 21 114 53 4 16 100 77 102 40 91 94 80 34 39 21 108 47 52 92 9 17 98 107 79 113 48 70 29 18 54 59 86 71 80 20 25 120 27 122 38 32 39 82 28 19 19 126 73 125 11 119 96 119 24 24 116 3 3 8 14 119 25 78 89 91 70 31 75 98 51 126 31 8 77 12 55 123 43 96 95 82 29 15 11 73 65 17 12 92 23 101 11 59 59 92 85 99 0 42 54 39 63 33 33 47 32 67 101 29 116 115 109 83 89 78 70 70 113 28 22 33 83 14 96 52 16 63 83 60 56 76 107 87 117 110 119 36 6 7 86 77 67 20 60 109 73 85 93 93 123 79 74 85 28 24 57 13 77 65 53 76 66 29 17 53 99 20 52 82 15 27 3 114 54 14 63 64 111 110 15 117 19 63 32 80 68 125 68 57 38 76 107 35 93 120 67 86 20 62 127 84 5 23 110 52 94 82 101 125 75 77 49 123 11 55 119 14 82 91 39 40 68 68 5 86 66 100 32 42 121 20 83 64 102 110 16 92 7 63 125 89 27 97 89 12 107 100 12 37 24 110 61 22 85 20 53 62 29 74 67 96 110 75 72 31 74 100 23 6 71 96 88 0 2 103 27 42 96 45 0 37 116 90 101 34 73 75 73 53 97 23 126 27 21 108 15 12 99 99 61 42 86 77 31 66 90 82 85 56 64 68 48 32 114 18 35 114 69 123 14 99 119 96 23 26 48 74 112 22 32 40 109 110 55 28 30 64 97 17 81 5 51 39 64 110 41 93 67 31 9 106 68 8 68 60 10 98 90 67 73 102 96 122 101 7 48 23 102 32 104 106 18 1 54 10 98 16 41 60 2 85 34 84 88 102 65 0 6 19 42 118 5 54 99 114 123 20 50 45 34 99 7 113 67 106 15 66 70 63 1 0 57 0 101 114 6 87 68 84 91 17 87 121 31 44 32 73 72 48 32 96 70 67 27 86 52 95 43 79 109 54 9 13 102 35 33 87 17 15 104 36 40 126 24 125 7 87 83 111 93 83 125 17 67 47 99 69 66 17 110 103 17 55 22 34 5 117 25 125 84 60 87 14 90 31 11 127 4 63 70 127 85 26 78 102 44 120 34 25 22 12 89 2 28 65 63 27 86 35 112 5 10 37 117 33 80 66 107 45 97 85 28 59 53 92 68 73 73 116 8 125 84 76 9 101 74 67 57 109 125 127 94 112 51 33 105 34 102 102 32 71 31 54 96 7 45 13 97 7 114 105 70 76 53 20 110 95 74 121 13 74 1 97 60 107 110 16 77 88 47 90 7 55 16 68 11 37 126 17 25 94 36 69 40 78 41 112 124 89 114 75 40 46 13 0 16 96 54 92 52 117 108 30 61 7 29 76 79 65 44 17 98 44 18 76 114 67 82 49 24 37 114 120 94 35 67 55 38 62 127 6 121 118 57 79 58 47 4 110 86 35 95 87 24 44 91 18 6 107 57 104 80 65 79 38 126 124 17 102 0 62 2 126 20 125 123 29 10 21 110 124 56 88 2 29 87 127 44 35 86 117 71 63 53 67 49 102 106 30 28 58 35 76 104 72 118 84 114 66 88 88 75 92 10 127 115 10 112 124 25 52 13 63 79 119 9 30 94 35 9 25 19 124 43 61 72 78 8 70 89 23 11 59 83 119 77 85 15 28 31 82 118 34 42 95 118 52 19 114 103 83 7 121 98 41 76 104 69 110 15 68 52 44 50 97 5 122 32 78 14 13 38 62 4 115 120 89 111 80 106 110 51 15 98 37 52 86 76 96 92 52 45 97 97 90 14 58 49 8 25 2 99 46 4 61 83 83 4 9 79 62 24 43 24 29 13 85 42 27 93 18 101 41 19 98 85 78 10 53 97 120 23 69 16 27 49 94 99 54 72 9 20 57 33 94 92 106 42 10 32 57 45 60 61 0 20 61 63 86 120 72 55 0 20 21 53 3 64 50 73 62 14 115 35 28 51 45 68 28 110 46 90 24 79 15 99 88 40 64 68 104 19 68 35 92 111 97 57 47 81 1 79 28 96 15 34 110 61 106 105 80 3 112 67 50 88 32 77 23 74 24 27 6 112 35 9 112 35 94 82 17 112 5 91 6 101 120 11 40 113 126 62 97 24 80 52 32 86 72 5 61 65 101 8 66 15 88 87 110 92 107 54 39 25 37 34 86 67 58 105 13 116 119 46 102 70 71 41 50 18 65 46 64 41 37 117 12 105 43 23 95 29 69 37 96 107 118 22 73 56 109 78 123 22 119 35 56 126 125
0 71 2 13 80 33 110 69 68 109 50 104 103 28 98 81 103 47 93 78 116 78 15 56 96 9 18 100 113 66 35 3 74 104 32 27 95 120 126 79 8 74 5 122 48 90 124 75 21 103 47 100 20 32 80 55 28 52 39 73 17 46 115 12 26 61 73 95 104 44 2 21 26 54 66 32 1 74 45 73 102 118 123 32 57 6 14 25 10 127 37 26 117 102 6 0 73 20 78 29 93 7 87 82 2 54 14 35 5 120 41 49 111 17 101 82 112 49 29 76 38 115 11 97 58 75 43 87 3 35 113 47 13 80 48 66 101 86 76 8 20 104 71 80 15 15 122 27 50 55 79 56 109 51 45 77 109 107 37 83 108 47 126 40 97 117 58 92 66 73 83 65 26 31 55 9 39 16 57 117 96 5 38 110 17 72 71 88 94 41 124 3 19 27 39 64 103 118 43 22 56 46 12 15 89 54 94 113 64 80 15 118 36 51 116 9 121 37 43 94 73 53 112 97 50 51 69 91 91 58 12 40 11 49 103 56 49 120 118 56 53 65 7 105 62 8 59 119 113 62 71 114 2 72 12 8 94 88 51 107 61 118 108 7 110 94 124 126 44 52 108 62 94 80 110 56 53 18 66 45 93 9 112 92 103 17 11 48 22 61 10 72 117 55 87 88 54 24 110 8 11 10 112 37 27 7 73 88 46 35 124 49 106 8 104 59 71 66 52 81 109 98 16 99 52 27 113 62 14 18 123 85 69 46 70 107 47 72 19 36 74 1 63 85 111 35 4 63 6 69 119 21 73 45 39 60 109 45 83 27 86 34 0 28 8 8 21 127 62 65 79 103 57 69 54 12 96 18 78 32 73 64 59 11 42 92 16 67 28 54 6 43 76 4 59 5 97 116 6 45 56 53 91 45 9 3 66 24 86 90 77 60 37 31 22 110 103 36 2 98 12 33 87 64 75 7 82 8 27 77 123 90 17 41 40 69 32 100 105 88 76 53 86 35 96 84 97 55 99 16 9 86 43 122 1 98 13 120 110 108 40 1 18 79 106 107 88 0 1 111 26 1 121 93 50 9 18 105 79 12 47 127 113 55 71 55 49 94 44 88 58 38 123 20 54 119 56 113 101 40 92 69 81 48 43 34 90 4 70 73 73 50 56 57 91 35 9 49 98 116 98 36 111 19 12 74 121 108 18 91 101 55 44 59 67 56 53 36 82 36 116 13 94 91 123 99 43 101 82 41 0 22 118 63 27 111 3 40 59 17 62 60 48 46 114 38 88 81 5 82 52 75 24 98 64 4 64 7 38 110 42 81 109 122 72 4 118 3 107 92 0 93 55 44 64 2 21 71 55 17 24 47 115 83 30 29 79 65 80 9 70 58 105 50 115 122 8 53 61 80 8 8 100 23 38 74 7 24 109 65 9 116 23 111 79 82 58 30 10 5 69 31 38 47 12 58 66 55 119 40 55 34 37 120 80 66 33 75 87 69 105 10 111 26 47 23 17 26 53 54 119 104 20 58 114 33 119 96 57 126 47 53 17 2 23 0 5 18 85 114 42 122 7 68 51 72 46 84 27 45 3 119 87 7 115 60 16 33 19 79 73 33 42 9 93 29 114 24 126 56 109 62 106 104 70 46 83 80 2 110 45 103 35 25 9 33 77 7 54 90 9 56 113 78 100 85 44 49 63 94 1 44 94 61 13 73 93 99 110 103 14 13 30 28 26 84 8 19 98 57 78 87 48 56 15 99 74 120 7 66 18 109 104 66 35 88 59 35 10 50 125 79 54 53 16 61 41 23 16 47 83 85 69 6 13 10 11 109 4 4 127 19 53 54 57 78 89 96 120 126 29 23 86 72 2 121 99 47 70 21 13 47 28 49 79 111 97 9 70 88 26 78 95 27 8 70 122 119 79 25 98 80 86 7 1 94 56 51 57 122 120 95 92 2 7 58 1 94 61 114 48 100 19 28 16 73 104 21 5 61 106 97 30 61 118 11 11 62 15 24 21 90 87 75 116 17 44 110 79 67 11 48 32 85 62 17 53 111 96 26 105 82 111 77 24 33 87 101 59 53 86 4 107 122 35 53 87 35 68 38 69 108 99 108 3 73 115 64 84 39 102 36 66 110 30 90 80 124 86 76 46 26 50 19 109 116 12 62 43 23 124 118 104 122 2 125 106 9 64 48 123 57 76 77 96 1 65 102 104 119 30 67 97 82 121 36 72 23 76 43 93 82 40 73 50 41 107 77 39 47 112 83 3 101 107 59 113 38 4 105 95 5 122 13 69 125 77 11 61 26 53 89 11 7
73 15 51 25 7 104 44 92 83 80 18 16 102 123 64 122 115 28 13 16 12 92 97 90 62 109 32 28 36 102 82 45 23 13 110 100 4 124 52 87 97 113 94 29 59 119 127 72 90 27 105 25 17 35 7 17 83 57 124 31 92 48 47 81 70 64 91 32 49 3 118 83 116 115 35 120 94 101 27 2 5 44 22 6 119 60 99 64 5 23 36 44 50 99 87 101 44 62 28 100 108 95 24 9 34 54 24 90 44 95 122 11 3 105 89 66 16 72 92 64 81 104 52 83 56 104 97 114 27 111 98 15 20 76 98 41 53 31 113 37 69 113 101 37 53 59 76 109 116 102 76 46 11 52 122 32 27 120 2 81 25 53 39 65 67 113 91 91 88 89 108 46 1 41 33 93 124 20 107 100 43 86 96 123 1 90 111 58 85 97 15 19 25 15 69 108 107 22 41 36 71 5 36 115 21 5 117 31 16 37 16 36 22 48 60 48 60 76 31 126 85 62 6 21 84 5 60 13 15 2 8 46 84 113 93 93 123 41 41 95 22 2 0 66 120 100 70 2 99 48 66 54 3 30 65 77 100 63 30 116 62 65 30 46 106 21 73 115 93 96 82 45 88 57 118 60 117 45 0 95 24 60 104 80 13 44 76 126 101 38 65 31 95 57 103 55 5 88 66 81 49 117 118 37 106 2 111 4 23 53 33 110 111 38 111 87 99 91 47 48 33 79 99 6 17 69 113 91 102 33 50 104 92 126 67 13 68 88 102 7 14 122 82 58 10 19 54 35 81 13 57 37 88 79 81 0 103 64 0 114 84 124 59 24 90 9 49 11 91 112 31 32 71 105 25 41 49 60 40 56 1 98 97 69 30 22 75 53 114 27 78 18 75 113 47 1 10 43 100 58 127 58 119 37 24 106 20 41 35 8 11 9 58 109 4 32 68 79 62 100 100 28 17 92 5 52 81 31 123 41 46 30 61 55 117 10 25 91 26 82 56 108 26 58 61 19 2 15 102 43 92 78 29 39 118 112 64 28 116 126 29 103 109 31 9 90 50 7 50 35 105 54 34 35 111 55 35 88 83 60 61 115 108 116 80 86 24 111 63 59 56 112 94 69 98 127 51 55 62 67 103 19 104 53 0 108 89 97 118 9 22 50 112 23 12 28 57 109 90 94 42 9 30 102 73 87 96 13 98 108 33 16 20 95 66 57 78 7 95 37 25 63 29 8 120 31 10 85 33 104 17 18 53 81 36 81 11 3 110 42 26 50 4 5 76 86 105 55 88 109 67 115 118 95 43 14 89 41 10 72 10 65 108 26 117 57 89 71 127 124 20 20 71 0 101 57 12 72 91 5 110 86 111 99 123 57 16 72 11 85 114 51 121 75 117 69 107 72 51 36 116 2 97 7 9 46 40 63 41 42 124 8 13 100 90 104 95 3 1 114 96 84 0 107 74 64 45 58 74 124 127 6 65 14 71 117 115 120 46 89 39 124 41 50 34 115 109 104 40 84 123 56 37 71 106 95 7 107 73 62 86 3 47 51 37 93 104 86 4 84 119 69 112 80 88 127 23 85 76 16 77 97 89 82 25 123 2 1 91 1 21 70 3 112 37 102 83 69 72 51 123 30 125 25 35 25 27 4 114 73 17 14 56 124 96 4 36 103 85 85 21 51 14 16 50 124 44 62 121 27 58 85 20 41 80 68 81 16 67 117 6 88 100 39 39 42 72 82 50 72 22 94 31 115 30 16 111 102 57 85 34 29 63 52 50 103 36 89 121 5 33 55 95 24 114 12 62 101 101 65 121 119 4 74 10 87 77 108 93 103 110 43 98 84 118 68 101 1 39 36 117 48 121 97 74 35 74 72 69 119 33 57 110 36 95 59 11 108 31 80 3 105 32 42 111 106 8 97 102 50 93 113 124 19 38 22 40 43 124 34 22 117 57 47 102 86 57 100 56 86 38 27 63 61 82 112 111 61 93 84 87 84 25 50 120 49 126 114 123 35 25 32 122 99 67 72 7 65 92 22 69 54 42 99 125 109 20 21 8 33 58 120 25 0 99 107 4 40 62 21 67 47 65 15 79 52 127 119 119 85 106 64 78 63 87 67 62 61 81 80 70 113 44 51 115 124 73 126 64 1 48 21 95 28 34 80 75 23 93 107 29 83 41 70 105 49 126 117 101 70 59 112 29 11 48 94 81 45 42 1 116 96 74 97 79 53 34 51 32 84 83 71 50 25 96 61 60 25 36 29 94 96 10 52 40 4 65 12 62 81 89 24 43 13 68 58 55 105 51 65 67 11 74 67
42 72 73 90 5 14 41 30 85 52 5 32 28 20 123 53 55 115 93 20 127 99 54 57 63 85 45 83 21 124 115 59 103 10 46 30 114 103 76 17 21 55 16 37 24 31 14 12 57 89 49 10 12 96 49 100 37 0 38 26 35 127 31 40 14 30 126 5 88 112 51 81 21 30 99 72 45 66 96 90 124 42 0 43 56 8 4 78 113 8 44 91 76 23 108 122 73 41 21 102 59 85 126 126 36 115 38 83 73 73 89 88 52 119 27 76 14 59 59 5 51 11 18 95 74 101 96 1 54 14 63 99 68 14 42 73 16 97 115 23 73 115 29 66 50 59 100 2 103 4 27 125 107 77 102 10 71 100 71 75 14 82 47 126 45 27 6 103 70 93 81 87 5 57 114 67 54 66 48 117 50 58 110 121 5 89 107 50 37 10 51 92 19 9 25 47 90 113 13 99 58 11 115 122 22 84 71 38 121 8 87 94 24 16 41 28 59 66 84 56 71 13 121 38 15 17 94 74 101 19 116 45 116 44 3 83 94 19 10 113 64 107 17 38 43 96 117 127 99 17 46 30 127 98 38 37 78 46 69 7 103 85 64 121 12 54 87 84 108 42 3 70 59 11 58 76 53 43 15 5 13 114 111 122 57 30 99 100 40 119 34 117 9 80 114 105 29 43 54 70 17 82 78 102 107 85 124 38 41 120 119 53 123 29 19 125 95 124 41 88 86 4 49 40 93 111 38 56 90 56 105 36 6 4 78 50 105 7 55 72 10 125 123 21 97 98 76 10 59 95 105 122 14 37 0 45 113 87 42 103 21 2 13 1 60 31 111 37 96 45 41 5 40 102 24 97 10 109 100 40 70 56 45 122 111 85 47 62 38 9 84 69 112 64 97 58 77 35 26 72 54 69 94 80 52 106 59 60 35 84 26 40 27 15 34 35 55 98 108 18 124 56 84 121 32 22 118 62 69 95 21 66 98 79 105 58 24 16 38 76 91 74 73 38 23 37 87 96 80 56 43 35 98 69 121 123 79 44 91 104 95 25 10 51 24 30 84 44 118 114 66 75 114 39 45 53 40 88 119 80 37 99 35 82 43 56 65 80 29 110 9 98 60 62 115 35 53 96 64 81 3 54 53 110 90 88 63 118 91 116 21 105 24 80 58 56 53 43 51 75 15 100 124 15 80 54 60 94 78 76 39 90 20 65 7 105 70 9 56 3 42 104 99 98 62 42 66 121 81 121 50 109 55 42 23 95 33 58 1 1 9 22 14 117 75 127 106 16 81 13 80 78 75 122 15 31 22 101 33 97 15 33 103 125 70 32 67 42 63 115 70 17 67 112 124 126 60 74 106 19 10 78 45 63 80 97 113 111 75 105 27 47 34 7 90 21 117 120 23 65 94 85 63 64 124 13 24 99 99 104 2 4 64 53 18 96 105 53 93 75 9 97 15 103 45 28 14 47 10 107 33 35 29 98 72 81 18 102 67 69 114 32 95 79 74 21 35 113 22 62 25 124 59 94 92 4 53 37 61 24 123 97 11 21 8 123 83 28 43 92 108 26 117 54 80 4 51 108 124 12 41 14 78 17 49 1 86 106 12 106 67 46 117 118 88 74 49 111 105 11 12 8 58 116 44 101 69 106 114 122 42 73 22 78 44 22 103 100 33 15 62 108 50 104 110 31 37 103 55 109 68 16 85 38 40 47 81 27 76 49 105 0 116 49 18 97 58 67 106 66 40 9 27 33 38 110 122 125 82 105 55 51 109 99 120 106 2 22 16 70 25 106 17 123 109 45 69 30 92 8 117 34 80 59 75 62 99 51 47 60 23 73 57 63 29 28 102 9 127 38 54 27 17 40 117 113 80 74 64 80 99 99 45 59 8 44 59 27 111 96 2 50 7 113 69 58 115 60 57 69 92 100 11 8 104 48 82 16 53 111 43 31 34 77 48 53 15 84 11 123 87 125 97 7 107 20 47 7 27 79 9 51 14 3 89 126 78 99 95 61 106 126 101 3 40 72 98 54 27 100 46 123 8 1 66 121 116 107 47 68 73 27 78 13 45 86 12 15 93 39 71 125 80 29 80 98 64 112 57 87 47 48 88 1 88 13 102 120 114 96 16 122 30 9 69 102 88 101 36 63 29 33 17 87 62 48 55 90 57 26 54 102 84 18 102 22 102 111 107 46 78 106 65 98 50 83 27 127 56 57 14 15 96 46 62 11 102 102 42 83 28 106 48 2 111 68 59 65 86 125 89 25 70 123 73 68 46 75 95 41 30 21 16 83 19 106 7 110 97 48 86 37 52 27
76 28 124 71 10 46 44 17 49 88 48 21 44 60 98 126 92 20 119 70 60 75 35 23 31 90 95 58 95 95 89 74 109 81 127 102 4 15 10 117 34 111 74 41 86 118 97 111 80 9 81 107 7 122 25 2 58 115 87 2 37 1 98 16 72 35 85 94 118 97 87 123 72 109 121 106 1 84 33 26 36 70 21 67 13 97 22 43 105 88 64 114 118 111 78 95 77 104 60 84 54 110 121 70 99 84 49 103 11 78 14 16 33 107 34 38 101 77 54 58 4 29 3 126 14 102 34 108 73 54 65 107 59 23 91 21 43 31 94 82 50 84 2 127 69 31 1 87 108 58 123 90 72 76 126 118 13 50 10 77 79 9 83 79 123 57 33 120 79 77 52 27 17 25 101 6 44 97 110 112 44 70 96 34 51 113 102 20 112 27 95 43 79 55 9 22 47 51 113 14 127 54 42 49 5 127 32 61 54 38 11 115 99 30 73 52 33 40 9 51 74 56 77 2 56 32 6 3 38 47 125 73 78 15 37 3 3 119 118 99 26 85 85 16 108 97 95 115 69 53 96 7 113 124 52 99 4 68 46 73 39 121 6 11 93 24 27 42 76 46 48 85 53 17 26 71 5 74 92 121 104 121 68 70 21 58 46 116 117 67 31 82 108 96 0 53 45 40 119 107 113 40 7 31 29 45 91 104 51 95 88 97 60 96 12 88 105 39 102 125 60 119 43 112 61 120 43 47 73 58 56 94 107 10 24 60 127 45 53 115 108 33 122 83 6 96 61 56 98 124 92 115 75 4 75 92 34 83 36 59 64 15 29 72 41 60 73 76 47 61 83 92 63 56 67 45 112 27 100 76 120 2 36 47 18 91 82 16 81 81 120 86 39 49 72 28 50 41 28 65 123 16 120 119 108 30 91 106 111 51 38 59 93 98 111 50 83 15 97 13 89 83 41 50 23 106 81 127 42 72 18 83 60 105 93 62 25 126 94 34 66 55 39 124 28 5 51 0 51 23 101 33 114 123 6 74 10 35 19 62 79 62 68 87 29 29 102 120 111 110 100 96 83 117 21 104 121 60 20 36 117 26 101 34 37 103 59 69 31 79 91 79 26 116 2 48 84 101 125 101 29 21 18 30 19 110 18 1 39 38 90 71 108 53 26 78 11 110 77 70 16 89 100 83 9 18 81 29 29 24 87 73 126 65 101 95 34 50 100 70 70 26 9 96 42 54 70 5 5 76 47 76 1 82 50 60 18 113 120 127 101 1 50 25 69 19 22 53 14 5 91 34 74 7 56 117 49 48 114 114 127 87 127 20 112 122 35 70 68 57 62 92 15 5 77 121 51 1 88 94 113 113 76 123 17 80 108 91 75 34 85 38 0 125 36 20 0 3 95 57 0 12 45 46 80 75 126 6 118 50 118 2 49 25 30 99 61 25 66 107 54 27 43 80 37 110 29 65 7 13 100 98 105 102 61 74 62 78 65 100 106 95 39 127 12 106 16 14 32 114 15 114 12 118 85 22 35 42 49 113 73 80 93 12 29 56 109 29 70 9 98 65 93 82 38 36 123 2 88 33 118 126 121 85 37 13 63 38 53 1 95 42 52 2 40 7 89 95 74 113 62 64 78 3 67 91 9 74 49 22 60 46 2 102 102 16 21 115 90 119 15 79 103 2 51 110 32 41 1 38 126 45 47 26 123 14 6 108 56 41 8 104 5 119 56 75 29 54 83 125 83 53 109 26 83 58 6 39 103 93 71 1 13 9 49 17 17 15 51 68 51 30 100 83 22 95 41 80 61 76 112 49 76 80 123 14 89 43 91 41 44 93 106 34 21 127 73 74 37 96 69 63 100 6 117 43 75 6 65 59 0 61 86 88 17 107 6 114 53 66 92 9 60 58 58 106 68 62 97 7 77 103 54 5 0 55 96 103 74 113 87 9 107 115 22 15 100 15 55 107 94 5 29 62 100 0 50 105 88 126 45 120 20 98 37 68 62 112 49 11 68 125 72 43 51 8 98 64 117 110 9 45 102 99 57 36 51 111 98 80 12 127 5 57 100 127 47 31 10 80 4 5 73 116 96 93 20 41 80 26 2 59 92 65 92 48 99 33 36 41 64 59 89 0 58 121 3 102 13 109 17 33 0 52 21 79 60 21 49 15 27 91 118 85 119 69 88 41 65 70 116 80 34 19 107 1 6 95 48 82 75 8 26 77 1 84 67 59 114 84 111 85 48 1 16 82 103 87 19 101 75 88 125 86 113 122 97 31 50 87 41 62 88 60 61 2 88 91 75 25 47 107 7 4
10 41 98 90 118 40 107 101 18 47 52 54 119 60 31 45 91 35 17 73 95 17 11 114 71 96 45 54 37 77 1 8 124 107 4 97 18 70 38 41 16 62 89 45 90 106 91 19 69 7 95 18 31 125 18 23 23 55 80 119 119 17 11 40 86 119 47 81 63 15 79 99 22 85 38 32 23 60 54 60 83 96 94 39 57 118 71 73 0 84 24 95 52 60 45 109 73 59 50 120 124 111 72 83 47 83 122 39 6 74 84 101 110 18 109 14 69 60 55 9 127 45 79 108 74 56 34 71 91 2 65 52 77 51 92 52 53 46 2 64 14 83 85 33 49 32 72 2 1 3 15 53 32 8 56 39 101 51 81 15 7 86 59 125 35 2 14 101 126 126 96 81 22 106 2 29 44 127 16 113 57 57 95 109 56 6 38 77 57 55 14 43 11 7 79 40 33 45 87 119 28 15 4 4 115 29 116 49 113 4 106 12 98 48 88 49 13 107 45 89 81 125 83 33 70 46 59 73 78 80 10 97 90 84 94 49 120 3 40 58 59 112 80 112 61 111 83 24 103 86 78 32 18 56 14 40 68 79 59 108 111 95 21 42 31 12 37 25 115 80 4 124 48 96 90 4 100 70 47 17 94 5 65 126 76 41 116 51 10 25 20 65 39 55 117 50 19 80 79 56 105 4 13 23 114 67 51 47 87 46 59 72 2 118 8 81 99 82 23 3 8 96 0 115 114 34 73 11 17 77 9 73 17 23 0 93 78 71 121 98 81 104 15 84 14 61 4 44 117 51 70 111 6 26 88 85 111 12 16 104 43 12 89 72 4 102 32 3 91 25 67 15 100 21 35 101 57 54 34 24 71 80 60 17 113 57 120 75 120 56 96 86 62 11 10 12 34 26 88 103 66 112 88 44 73 80 126 66 108 21 101 77 90 41 19 47 17 127 76 105 69 73 100 92 5 38 10 111 24 107 107 93 54 83 57 36 15 94 92 69 92 95 72 36 52 86 15 17 18 43 1 57 9 75 45 81 18 37 36 90 126 111 77 44 116 33 1 43 96 82 123 123 26 47 93 6 26 84 70 111 88 127 101 17 32 32 95 121 24 13 37 37 3 107 61 81 9 34 98 103 117 22 88 64 81 78 24 95 52 83 16 56 74 76 88 19 127 24 41 44 112 30 116 64 51 79 111 91 20 29 122 2 97 69 42 28 2 57 32 74 44 68 113 31 110 81 110 83 51 63 115 102 112 124 39 91 12 89 79 88 73 28 109 62 101 83 117 25 95 102 101 58 48 52 87 30 103 11 57 120 35 9 5 6 116 30 90 71 2 103 46 125 84 0 44 53 49 78 6 62 14 88 66 29 121 77 115 67 35 66 4 24 94 10 71 89 65 27 111 120 59 9 49 38 36 62 60 102 84 91 37 119 32 124 74 44 43 0 52 46 32 66 89 14 104 13 124 22 123 53 119 7 53 35 83 127 51 5 96 27 49 37 29 109 106 80 72 91 53 70 45 27 16 103 123 47 43 107 59 59 4 68 77 69 6 118 52 16 58 8 94 21 44 72 58 79 99 97 108 12 82 11 35 9 15 91 119 18 103 5 3 29 102 94 45 26 44 84 36 8 60 34 105 46 115 20 16 54 87 94 5 120 34 49 36 12 24 95 122 0 48 121 34 121 82 52 51 53 75 103 103 46 42 19 32 92 15 125 77 6 69 20 35 85 103 53 18 24 66 99 108 52 122 97 74 47 41 46 90 41 1 5 126 45 65 105 80 39 57 111 77 73 108 32 105 61 117 11 125 95 48 87 77 4 50 68 110 31 108 48 96 59 45 67 120 93 40 80 66 12 107 111 99 17 86 98 112 96 50 117 35 80 102 33 11 4 47 103 118 90 123 39 12 25 13 95 10 37 79 118 56 21 120 110 15 76 75 81 28 81 109 1 53 1 2 92 55 71 10 75 31 3 8 87 112 55 15 80 110 115 121 85 70 9 92 35 23 63 55 109 77 77 88 109 21 51 49 46 22 95 89 114 90 108 75 82 18 51 33 95 28 60 84 34 105 4 75 124 6 40 1 88 9 101 43 69 90 34 61 73 124 72 19 100 34 36 103 71 109 119 53 94 126 112 127 106 121 79 27 69 31 91 10 41 22 29 8 91 87 58 27 87 78 102 113 32 46 97 126 21 28 33 41 51 46 73 50 117 123 123 44 93 119 74 117 33 20 122 12 53 24 117 121 20 0 57 68 116 85 70 12 108 51 22 20 5 19 75 39 8 49 27 10 115 95 74 87 55 78 104 34 80 24 112
98 18 104 30 80 118 49 86 62 46 0 124 57 9 7 105 124 25 33 18 77 71 114 0 47 24 23 46 83 119 93 68 66 31 16 60 105 68 10 37 67 102 18 102 109 112 86 16 12 90 0 1 81 99 108 96 99 65 67 15 3 56 72 112 84 22 115 123 116 1 66 86 25 124 110 6 99 43 32 112 63 35 3 117 22 24 104 89 91 126 91 84 73 26 50 114 78 117 80 102 98 68 79 22 102 111 8 32 34 120 103 49 23 87 113 23 18 38 60 24 115 94 122 101 24 26 31 10 68 107 32 18 106 110 120 15 98 10 74 73 97 115 68 86 54 24 92 103 76 110 95 33 11 87 103 20 126 28 50 120 123 22 32 7 41 76 68 117 40 73 62 13 87 61 74 45 125 66 92 52 111 51 93 112 100 121 6 80 83 53 10 107 24 58 87 65 26 82 57 92 100 10 54 18 91 38 84 89 85 69 10 122 13 59 35 123 103 40 1 56 106 59 19 21 127 125 102 3 55 92 109 57 87 64 87 57 29 75 18 127 100 61 121 103 106 117 67 78 83 43 83 117 118 60 20 9 29 23 47 54 103 126 51 103 124 37 66 92 7 28 118 9 68 74 67 48 57 34 49 39 125 119 11 84 15 77 84 47 126 90 99 0 64 124 21 14 115 83 66 13 72 18 39 97 3 32 42 36 65 26 44 80 112 49 116 123 94 62 104 5 123 115 94 66 103 66 96 115 58 12 20 63 36 79 84 119 47 55 43 12 3 94 72 111 32 36 52 100 23 88 50 40 28 58 39 50 49 110 35 78 108 59 17 19 4 17 123 39 0 18 86 25 112 28 58 62 97 82 61 47 61 17 65 123 26 5 102 69 58 5 30 104 103 93 55 53 84 40 107 17 86 101 22 91 35 24 6 81 124 19 4 17 105 103 32 78 34 110 109 64 62 84 71 70 40 49 127 107 103 103 29 37 34 65 45 7 101 67 36 84 12 72 44 28 40 55 87 15 11 65 61 18 29 15 87 12 68 22 61 119 101 30 52 119 16 127 48 48 66 25 12 107 37 21 84 28 44 45 38 68 77 81 67 96 38 19 76 99 108 67 34 7 51 39 120 112 110 35 5 119 125 85 123 69 105 99 72 15 102 45 58 37 96 17 11 53 90 127 46 0 14 110 90 79 20 0 92 66 11 123 27 38 36 94 59 30 57 96 96 127 110 103 10 109 28 88 118 12 50 107 53 18 57 35 27 67 2 121 101 100 106 88 40 34 92 104 92 75 98 83 80 116 75 120 126 49 99 73 81 29 71 104 114 76 94 120 69 53 70 123 84 101 106 112 50 27 63 120 107 84 20 87 26 26 76 49 28 38 56 118 91 36 92 63 47 21 99 29 27 22 96 3 2 127 60 95 3 64 11 12 33 123 58 127 92 72 30 70 12 53 1 32 49 6 17 50 7 54 75 42 58 29 58 8 91 67 38 80 10 122 1 22 62 113 21 60 25 11 31 8 106 68 89 70 92 32 23 88 94 92 68 37 108 10 31 63 71 19 33 110 41 7 65 20 78 124 69 4 117 117 66 106 42 15 98 72 34 82 42 109 97 38 9 73 19 0 5 52 45 122 65 37 32 66 99 76 34 78 44 21 106 67 125 16 4 84 56 127 87 94 39 116 119 29 41 6 112 123 70 90 87 18 40 119 33 21 51 114 90 5 73 108 94 24 65 9 73 25 4 85 67 118 97 70 49 16 10 52 49 7 91 123 107 119 96 115 61 88 84 75 122 89 28 101 98 100 109 43 108 44 28 112 87 58 14 69 95 43 97 35 83 120 56 116 63 75 98 112 37 119 16 26 16 62 10 63 118 38 1 114 65 53 28 44 87 87 79 30 48 106 8 26 55 104 124 77 44 88 42 107 21 98 32 26 39 25 82 44 102 44 25 69 66 5 27 66 12 62 12 125 120 76 0 124 39 36 30 115 16 8 108 63 56 12 36 13 74 24 94 121 77 56 70 87 112 99 41 41 46 115 43 40 2 110 107 89 110 89 0 78 10 100 6 11 115 120 37 53 66 105 121 52 89 117 93 31 99 44 50 36 118 58 53 17 0 116 20 27 111 15 47 27 21 82 111 0 94 115 115 41 97 109 103 69 91 2 94 79 80 43 26 50 23 19 31 98 12 111 42 19 122 111 126 115 1 67 90 59 88 3 123 95 16 0 32 29 4 117 11 101 31 37 120 16 57 117 108 39 95 23 11 110 127 94 18 28 84 89 51 91 16 72 20 113 59 97 74 118 19 112 52 113 110 102
