count,context,act0,act1,act2,act3,act4,act5,act6,act7,act8,act9,act10,act11,act12,act13,act14,act15,act16,act17,act18,act19,act20,act21,act22,act23,act24,act25,act26,act27,act28,act29,act30,act31,wei0,wei1,wei2,wei3,wei4,wei5,wei6,wei7,wei8,wei9,wei10,wei11,wei12,wei13,wei14,wei15,wei16,wei17,wei18,wei19,wei20,wei21,wei22,wei23,wei24,wei25,wei26,wei27,wei28,wei29,wei30,wei31
0,0,0,0,0,0,0,0,0,0,0,0,0,0,0,0,0,0,0,0,0,0,0,0,0,0,0,0,0,0,0,0,0,0,0,0,0,0,0,0,0,0,0,0,0,0,0,0,0,0,0,0,0,0,0,0,0,0,0,0,0,0,0,0,0,0
1,0,0,0,0,0,0,0,0,0,0,0,0,0,0,0,0,0,0,0,0,0,0,0,0,0,0,0,0,0,0,0,0,0,0,0,0,0,0,0,0,0,0,0,0,0,0,0,0,0,0,0,0,0,0,0,0,0,0,0,0,0,0,0,0,0
2,0,0,0,0,0,0,0,0,0,0,0,0,0,0,0,0,0,0,0,0,0,0,0,0,0,0,0,0,0,0,0,0,0,0,0,0,0,0,0,0,0,0,0,0,0,0,0,0,0,0,0,0,0,0,0,0,0,0,0,0,0,0,0,0,0
3,0,0,0,0,0,0,0,0,0,0,0,0,0,0,0,0,0,0,0,0,0,0,0,0,0,0,0,0,0,0,0,0,0,0,0,0,0,0,0,0,0,0,0,0,0,0,0,0,0,0,0,0,0,0,0,0,0,0,0,0,0,0,0,0,0
4,0,0,0,0,0,0,0,0,0,0,0,0,0,0,0,0,0,0,0,0,0,0,0,0,0,0,0,0,0,0,0,0,0,0,0,0,0,0,0,0,0,0,0,0,0,0,0,0,0,0,0,0,0,0,0,0,0,0,0,0,0,0,0,0,0
5,0,0,0,0,0,0,0,0,0,0,0,0,0,0,0,0,0,0,0,0,0,0,0,0,0,0,0,0,0,0,0,0,0,0,0,0,0,0,0,0,0,0,0,0,0,0,0,0,0,0,0,0,0,0,0,0,0,0,0,0,0,0,0,0,0
6,0,12,0,0,0,0,0,0,0,0,0,0,0,0,0,0,0,0,0,0,0,0,0,0,0,0,0,0,0,0,0,0,0,-17,0,0,0,0,0,0,0,0,0,0,0,0,0,0,0,0,0,0,0,0,0,0,0,0,0,0,0,0,0,0,0
7,0,12,0,0,0,0,0,0,0,0,0,0,0,0,0,0,0,0,0,0,0,0,0,0,0,0,0,0,0,0,0,0,0,-17,0,0,0,0,0,0,0,0,0,0,0,0,0,0,0,0,0,0,0,0,0,0,0,0,0,0,0,0,0,0,0
8,0,12,0,0,0,0,0,0,0,0,0,0,0,0,0,0,0,0,0,0,0,0,0,0,0,0,0,0,0,0,0,0,0,-17,0,0,0,0,0,0,0,0,0,0,0,0,0,0,0,0,0,0,0,0,0,0,0,0,0,0,0,0,0,0,0
9,0,-118,-113,0,0,0,0,0,0,0,0,0,0,0,0,0,0,0,0,0,0,0,0,0,0,0,0,0,0,0,0,0,0,-101,-17,0,0,0,0,0,0,0,0,0,0,0,0,0,0,0,0,0,0,0,0,0,0,0,0,0,0,0,0,0,0
10,0,-118,-113,0,0,0,0,0,0,0,0,0,0,0,0,0,0,0,0,0,0,0,0,0,0,0,0,0,0,0,0,0,0,-101,-17,0,0,0,0,0,0,0,0,0,0,0,0,0,0,0,0,0,0,0,0,0,0,0,0,0,0,0,0,0,0
11,0,-118,-113,0,0,0,0,0,0,0,0,0,0,0,0,0,0,0,0,0,0,0,0,0,0,0,0,0,0,0,0,0,0,-101,-17,0,0,0,0,0,0,0,0,0,0,0,0,0,0,0,0,0,0,0,0,0,0,0,0,0,0,0,0,0,0
12,0,35,-117,-85,0,0,0,0,0,0,0,0,0,0,0,0,0,0,0,0,0,0,0,0,0,0,0,0,0,0,0,0,0,-99,81,-17,0,0,0,0,0,0,0,0,0,0,0,0,0,0,0,0,0,0,0,0,0,0,0,0,0,0,0,0,0
13,0,35,-117,-85,0,0,0,0,0,0,0,0,0,0,0,0,0,0,0,0,0,0,0,0,0,0,0,0,0,0,0,0,0,-99,81,-17,0,0,0,0,0,0,0,0,0,0,0,0,0,0,0,0,0,0,0,0,0,0,0,0,0,0,0,0,0
14,0,35,-117,-85,0,0,0,0,0,0,0,0,0,0,0,0,0,0,0,0,0,0,0,0,0,0,0,0,0,0,0,0,0,-99,81,-17,0,0,0,0,0,0,0,0,0,0,0,0,0,0,0,0,0,0,0,0,0,0,0,0,0,0,0,0,0
15,0,-20,-74,-28,-112,0,0,0,0,0,0,0,0,0,0,0,0,0,0,0,0,0,0,0,0,0,0,0,0,0,0,0,0,-122,-61,-103,-17,0,0,0,0,0,0,0,0,0,0,0,0,0,0,0,0,0,0,0,0,0,0,0,0,0,0,0,0
16,0,-20,-74,-28,-112,0,0,0,0,0,0,0,0,0,0,0,0,0,0,0,0,0,0,0,0,0,0,0,0,0,0,0,0,-122,-61,-103,-17,0,0,0,0,0,0,0,0,0,0,0,0,0,0,0,0,0,0,0,0,0,0,0,0,0,0,0,0
17,0,-20,-74,-28,-112,0,0,0,0,0,0,0,0,0,0,0,0,0,0,0,0,0,0,0,0,0,0,0,0,0,0,0,0,-122,-61,-103,-17,0,0,0,0,0,0,0,0,0,0,0,0,0,0,0,0,0,0,0,0,0,0,0,0,0,0,0,0
18,0,65,-115,-114,-67,97,0,0,0,0,0,0,0,0,0,0,0,0,0,0,0,0,0,0,0,0,0,0,0,0,0,0,0,-109,-125,-116,-125,-17,0,0,0,0,0,0,0,0,0,0,0,0,0,0,0,0,0,0,0,0,0,0,0,0,0,0,0
19,0,65,-115,-114,-67,97,0,0,0,0,0,0,0,0,0,0,0,0,0,0,0,0,0,0,0,0,0,0,0,0,0,0,0,-109,-125,-116,-125,-17,0,0,0,0,0,0,0,0,0,0,0,0,0,0,0,0,0,0,0,0,0,0,0,0,0,0,0
20,0,65,-115,-114,-67,97,0,0,0,0,0,0,0,0,0,0,0,0,0,0,0,0,0,0,0,0,0,0,0,0,0,0,0,-109,-125,-116,-125,-17,0,0,0,0,0,0,0,0,0,0,0,0,0,0,0,0,0,0,0,0,0,0,0,0,0,0,0
21,0,78,-113,-120,92,22,114,0,0,0,0,0,0,0,0,0,0,0,0,0,0,0,0,0,0,0,0,0,0,0,0,0,0,16,-105,-71,124,14,-17,0,0,0,0,0,0,0,0,0,0,0,0,0,0,0,0,0,0,0,0,0,0,0,0,0,0
22,0,78,-113,-120,92,22,114,0,0,0,0,0,0,0,0,0,0,0,0,0,0,0,0,0,0,0,0,0,0,0,0,0,0,16,-105,-71,124,14,-17,0,0,0,0,0,0,0,0,0,0,0,0,0,0,0,0,0,0,0,0,0,0,0,0,0,0
23,0,78,-113,-120,92,22,114,0,0,0,0,0,0,0,0,0,0,0,0,0,0,0,0,0,0,0,0,0,0,0,0,0,0,16,-105,-71,124,14,-17,0,0,0,0,0,0,0,0,0,0,0,0,0,0,0,0,0,0,0,0,0,0,0,0,0,0
24,0,96,81,99,80,77,-51,89,0,0,0,0,0,0,0,0,0,0,0,0,0,0,0,0,0,0,0,0,0,0,0,0,0,-110,89,-93,-42,79,-78,-17,0,0,0,0,0,0,0,0,0,0,0,0,0,0,0,0,0,0,0,0,0,0,0,0,0
25,0,96,81,99,80,77,-51,89,0,0,0,0,0,0,0,0,0,0,0,0,0,0,0,0,0,0,0,0,0,0,0,0,0,-110,89,-93,-42,79,-78,-17,0,0,0,0,0,0,0,0,0,0,0,0,0,0,0,0,0,0,0,0,0,0,0,0,0
26,0,96,81,99,80,77,-51,89,0,0,0,0,0,0,0,0,0,0,0,0,0,0,0,0,0,0,0,0,0,0,0,0,0,-110,89,-93,-42,79,-78,-17,0,0,0,0,0,0,0,0,0,0,0,0,0,0,0,0,0,0,0,0,0,0,0,0,0
27,0,-107,92,-73,54,75,-32,64,-67,0,0,0,0,0,0,0,0,0,0,0,0,0,0,0,0,0,0,0,0,0,0,0,0,-107,9,6,-120,34,48,-76,-17,0,0,0,0,0,0,0,0,0,0,0,0,0,0,0,0,0,0,0,0,0,0,0,0
28,0,-107,92,-73,54,75,-32,64,-67,0,0,0,0,0,0,0,0,0,0,0,0,0,0,0,0,0,0,0,0,0,0,0,0,-107,9,6,-120,34,48,-76,-17,0,0,0,0,0,0,0,0,0,0,0,0,0,0,0,0,0,0,0,0,0,0,0,0
29,0,-107,92,-73,54,75,-32,64,-67,0,0,0,0,0,0,0,0,0,0,0,0,0,0,0,0,0,0,0,0,0,0,0,0,-107,9,6,-120,34,48,-76,-17,0,0,0,0,0,0,0,0,0,0,0,0,0,0,0,0,0,0,0,0,0,0,0,0
30,0,-17,123,-43,121,92,118,-98,-34,-112,0,0,0,0,0,0,0,0,0,0,0,0,0,0,0,0,0,0,0,0,0,0,0,-96,86,9,-115,69,111,-7,1,-17,0,0,0,0,0,0,0,0,0,0,0,0,0,0,0,0,0,0,0,0,0,0,0
31,0,-17,123,-43,121,92,118,-98,-34,-112,0,0,0,0,0,0,0,0,0,0,0,0,0,0,0,0,0,0,0,0,0,0,0,-96,86,9,-115,69,111,-7,1,-17,0,0,0,0,0,0,0,0,0,0,0,0,0,0,0,0,0,0,0,0,0,0,0
32,0,-17,123,-43,121,92,118,-98,-34,-112,0,0,0,0,0,0,0,0,0,0,0,0,0,0,0,0,0,0,0,0,0,0,0,-96,86,9,-115,69,111,-7,1,-17,0,0,0,0,0,0,0,0,0,0,0,0,0,0,0,0,0,0,0,0,0,0,0
33,0,-66,-99,-9,109,-31,27,-120,-30,-19,-120,0,0,0,0,0,0,0,0,0,0,0,0,0,0,0,0,0,0,0,0,0,0,10,79,-110,94,-16,111,117,-89,87,-17,0,0,0,0,0,0,0,0,0,0,0,0,0,0,0,0,0,0,0,0,0,0
34,0,-66,-99,-9,109,-31,27,-120,-30,-19,-120,0,0,0,0,0,0,0,0,0,0,0,0,0,0,0,0,0,0,0,0,0,0,10,79,-110,94,-16,111,117,-89,87,-17,0,0,0,0,0,0,0,0,0,0,0,0,0,0,0,0,0,0,0,0,0,0
35,0,-66,-99,-9,109,-31,27,-120,-30,-19,-120,0,0,0,0,0,0,0,0,0,0,0,0,0,0,0,0,0,0,0,0,0,0,10,79,-110,94,-16,111,117,-89,87,-17,0,0,0,0,0,0,0,0,0,0,0,0,0,0,0,0,0,0,0,0,0,0
36,0,-77,17,65,24,98,-74,65,79,-118,34,45,0,0,0,0,0,0,0,0,0,0,0,0,0,0,0,0,0,0,0,0,0,-73,-72,-83,-20,-111,-53,-79,-2,-88,-60,-17,0,0,0,0,0,0,0,0,0,0,0,0,0,0,0,0,0,0,0,0,0
37,0,-77,17,65,24,98,-74,65,79,-118,34,45,0,0,0,0,0,0,0,0,0,0,0,0,0,0,0,0,0,0,0,0,0,-73,-72,-83,-20,-111,-53,-79,-2,-88,-60,-17,0,0,0,0,0,0,0,0,0,0,0,0,0,0,0,0,0,0,0,0,0
38,0,-77,17,65,24,98,-74,65,79,-118,34,45,0,0,0,0,0,0,0,0,0,0,0,0,0,0,0,0,0,0,0,0,0,-73,-72,-83,-20,-111,-53,-79,-2,-88,-60,-17,0,0,0,0,0,0,0,0,0,0,0,0,0,0,0,0,0,0,0,0,0
39,0,-36,-86,71,87,10,57,102,-23,-95,68,68,-49,0,0,0,0,0,0,0,0,0,0,0,0,0,0,0,0,0,0,0,0,-4,-117,-1,42,-34,-97,118,-68,-104,49,62,-17,0,0,0,0,0,0,0,0,0,0,0,0,0,0,0,0,0,0,0,0
40,0,-36,-86,71,87,10,57,102,-23,-95,68,68,-49,0,0,0,0,0,0,0,0,0,0,0,0,0,0,0,0,0,0,0,0,-4,-117,-1,42,-34,-97,118,-68,-104,49,62,-17,0,0,0,0,0,0,0,0,0,0,0,0,0,0,0,0,0,0,0,0
41,0,-36,-86,71,87,10,57,102,-23,-95,68,68,-49,0,0,0,0,0,0,0,0,0,0,0,0,0,0,0,0,0,0,0,0,-4,-117,-1,42,-34,-97,118,-68,-104,49,62,-17,0,0,0,0,0,0,0,0,0,0,0,0,0,0,0,0,0,0,0,0
42,0,6,-10,29,-109,-52,49,103,15,-117,117,102,127,-46,0,0,0,0,0,0,0,0,0,0,0,0,0,0,0,0,0,0,0,-67,88,122,42,-62,74,118,111,117,112,92,29,-17,0,0,0,0,0,0,0,0,0,0,0,0,0,0,0,0,0,0,0
43,0,6,-10,29,-109,-52,49,103,15,-117,117,102,127,-46,0,0,0,0,0,0,0,0,0,0,0,0,0,0,0,0,0,0,0,-67,88,122,42,-62,74,118,111,117,112,92,29,-17,0,0,0,0,0,0,0,0,0,0,0,0,0,0,0,0,0,0,0
44,0,6,-10,29,-109,-52,49,103,15,-117,117,102,127,-46,0,0,0,0,0,0,0,0,0,0,0,0,0,0,0,0,0,0,0,-67,88,122,42,-62,74,118,111,117,112,92,29,-17,0,0,0,0,0,0,0,0,0,0,0,0,0,0,0,0,0,0,0
45,0,-43,-40,-7,69,-97,69,-13,57,69,-39,65,-108,-111,-28,0,0,0,0,0,0,0,0,0,0,0,0,0,0,0,0,0,0,73,12,-36,24,-107,96,-75,-36,-124,30,-56,104,-123,-17,0,0,0,0,0,0,0,0,0,0,0,0,0,0,0,0,0,0
46,0,-43,-40,-7,69,-97,69,-13,57,69,-39,65,-108,-111,-28,0,0,0,0,0,0,0,0,0,0,0,0,0,0,0,0,0,0,73,12,-36,24,-107,96,-75,-36,-124,30,-56,104,-123,-17,0,0,0,0,0,0,0,0,0,0,0,0,0,0,0,0,0,0
47,0,-43,-40,-7,69,-97,69,-13,57,69,-39,65,-108,-111,-28,0,0,0,0,0,0,0,0,0,0,0,0,0,0,0,0,0,0,73,12,-36,24,-107,96,-75,-36,-124,30,-56,104,-123,-17,0,0,0,0,0,0,0,0,0,0,0,0,0,0,0,0,0,0
48,0,-117,18,-118,48,73,-66,17,-91,72,69,-101,18,-94,29,-50,0,0,0,0,0,0,0,0,0,0,0,0,0,0,0,0,0,-54,-60,-4,16,-96,94,-96,97,-20,-29,27,-17,-100,37,-17,0,0,0,0,0,0,0,0,0,0,0,0,0,0,0,0,0
49,0,-117,18,-118,48,73,-66,17,-91,72,69,-101,18,-94,29,-50,0,0,0,0,0,0,0,0,0,0,0,0,0,0,0,0,0,-54,-60,-4,16,-96,94,-96,97,-20,-29,27,-17,-100,37,-17,0,0,0,0,0,0,0,0,0,0,0,0,0,0,0,0,0
50,0,-117,18,-118,48,73,-66,17,-91,72,69,-101,18,-94,29,-50,0,0,0,0,0,0,0,0,0,0,0,0,0,0,0,0,0,-54,-60,-4,16,-96,94,-96,97,-20,-29,27,-17,-100,37,-17,0,0,0,0,0,0,0,0,0,0,0,0,0,0,0,0,0
51,0,61,4,123,-23,115,50,114,33,117,120,-33,-6,-12,-92,-16,-95,0,0,0,0,0,0,0,0,0,0,0,0,0,0,0,0,-99,-12,124,107,42,127,114,86,-110,-111,-46,-7,-62,-55,-120,-17,0,0,0,0,0,0,0,0,0,0,0,0,0,0,0,0
52,0,61,4,123,-23,115,50,114,33,117,120,-33,-6,-12,-92,-16,-95,0,0,0,0,0,0,0,0,0,0,0,0,0,0,0,0,-99,-12,124,107,42,127,114,86,-110,-111,-46,-7,-62,-55,-120,-17,0,0,0,0,0,0,0,0,0,0,0,0,0,0,0,0
53,0,61,4,123,-23,115,50,114,33,117,120,-33,-6,-12,-92,-16,-95,0,0,0,0,0,0,0,0,0,0,0,0,0,0,0,0,-99,-12,124,107,42,127,114,86,-110,-111,-46,-7,-62,-55,-120,-17,0,0,0,0,0,0,0,0,0,0,0,0,0,0,0,0
54,0,-75,-60,43,79,-84,-22,-89,-90,97,70,-100,-26,126,24,95,104,22,0,0,0,0,0,0,0,0,0,0,0,0,0,0,0,-110,85,100,-20,-71,-80,127,50,-2,91,-4,78,-101,-73,-6,-16,-17,0,0,0,0,0,0,0,0,0,0,0,0,0,0,0
55,0,-75,-60,43,79,-84,-22,-89,-90,97,70,-100,-26,126,24,95,104,22,0,0,0,0,0,0,0,0,0,0,0,0,0,0,0,-110,85,100,-20,-71,-80,127,50,-2,91,-4,78,-101,-73,-6,-16,-17,0,0,0,0,0,0,0,0,0,0,0,0,0,0,0
56,0,-75,-60,43,79,-84,-22,-89,-90,97,70,-100,-26,126,24,95,104,22,0,0,0,0,0,0,0,0,0,0,0,0,0,0,0,-110,85,100,-20,-71,-80,127,50,-2,91,-4,78,-101,-73,-6,-16,-17,0,0,0,0,0,0,0,0,0,0,0,0,0,0,0
57,0,-1,111,108,31,-41,113,-105,100,63,108,115,-74,62,80,75,47,73,-19,0,0,0,0,0,0,0,0,0,0,0,0,0,0,21,-6,-12,-59,-52,-53,-50,-122,-46,-117,104,85,-86,-80,-28,-20,-39,-17,0,0,0,0,0,0,0,0,0,0,0,0,0,0
58,0,-1,111,108,31,-41,113,-105,100,63,108,115,-74,62,80,75,47,73,-19,0,0,0,0,0,0,0,0,0,0,0,0,0,0,21,-6,-12,-59,-52,-53,-50,-122,-46,-117,104,85,-86,-80,-28,-20,-39,-17,0,0,0,0,0,0,0,0,0,0,0,0,0,0
59,0,-1,111,108,31,-41,113,-105,100,63,108,115,-74,62,80,75,47,73,-19,0,0,0,0,0,0,0,0,0,0,0,0,0,0,21,-6,-12,-59,-52,-53,-50,-122,-46,-117,104,85,-86,-80,-28,-20,-39,-17,0,0,0,0,0,0,0,0,0,0,0,0,0,0
60,0,87,-88,-29,-45,-109,85,82,-97,-65,91,89,-48,99,5,38,-116,71,90,41,0,0,0,0,0,0,0,0,0,0,0,0,0,-66,12,58,34,-93,45,22,5,87,47,67,82,36,99,-13,-1,24,107,-17,0,0,0,0,0,0,0,0,0,0,0,0,0
61,0,87,-88,-29,-45,-109,85,82,-97,-65,91,89,-48,99,5,38,-116,71,90,41,0,0,0,0,0,0,0,0,0,0,0,0,0,-66,12,58,34,-93,45,22,5,87,47,67,82,36,99,-13,-1,24,107,-17,0,0,0,0,0,0,0,0,0,0,0,0,0
62,0,87,-88,-29,-45,-109,85,82,-97,-65,91,89,-48,99,5,38,-116,71,90,41,0,0,0,0,0,0,0,0,0,0,0,0,0,-66,12,58,34,-93,45,22,5,87,47,67,82,36,99,-13,-1,24,107,-17,0,0,0,0,0,0,0,0,0,0,0,0,0
63,0,-8,-127,-97,-126,-46,49,-49,93,76,1,-118,-100,75,-63,18,-35,106,-6,-121,-123,0,0,0,0,0,0,0,0,0,0,0,0,-82,-82,94,-70,109,-23,82,57,32,-106,33,34,71,-59,-91,47,-50,24,-33,-17,0,0,0,0,0,0,0,0,0,0,0,0
64,0,-8,-127,-97,-126,-46,49,-49,93,76,1,-118,-100,75,-63,18,-35,106,-6,-121,-123,0,0,0,0,0,0,0,0,0,0,0,0,-82,-82,94,-70,109,-23,82,57,32,-106,33,34,71,-59,-91,47,-50,24,-33,-17,0,0,0,0,0,0,0,0,0,0,0,0
65,0,-8,-127,-97,-126,-46,49,-49,93,76,1,-118,-100,75,-63,18,-35,106,-6,-121,-123,0,0,0,0,0,0,0,0,0,0,0,0,-82,-82,94,-70,109,-23,82,57,32,-106,33,34,71,-59,-91,47,-50,24,-33,-17,0,0,0,0,0,0,0,0,0,0,0,0
66,0,114,-83,16,-94,79,86,113,21,-100,-26,-73,-45,17,1,92,-70,-126,-30,-127,63,52,0,0,0,0,0,0,0,0,0,0,0,36,59,-81,-84,48,15,103,-110,-93,-93,-111,-104,-5,56,9,105,118,-82,94,-61,-17,0,0,0,0,0,0,0,0,0,0,0
67,0,114,-83,16,-94,79,86,113,21,-100,-26,-73,-45,17,1,92,-70,-126,-30,-127,63,52,0,0,0,0,0,0,0,0,0,0,0,36,59,-81,-84,48,15,103,-110,-93,-93,-111,-104,-5,56,9,105,118,-82,94,-61,-17,0,0,0,0,0,0,0,0,0,0,0
68,0,114,-83,16,-94,79,86,113,21,-100,-26,-73,-45,17,1,92,-70,-126,-30,-127,63,52,0,0,0,0,0,0,0,0,0,0,0,36,59,-81,-84,48,15,103,-110,-93,-93,-111,-104,-5,56,9,105,118,-82,94,-61,-17,0,0,0,0,0,0,0,0,0,0,0
69,0,115,104,109,28,-70,58,27,18,104,93,-66,-7,-8,110,69,77,27,4,40,-102,-22,81,0,0,0,0,0,0,0,0,0,0,10,-61,-117,-16,45,8,-39,-96,-113,-70,-14,-59,123,-44,49,-93,-58,76,30,79,-69,-17,0,0,0,0,0,0,0,0,0,0
70,0,115,104,109,28,-70,58,27,18,104,93,-66,-7,-8,110,69,77,27,4,40,-102,-22,81,0,0,0,0,0,0,0,0,0,0,10,-61,-117,-16,45,8,-39,-96,-113,-70,-14,-59,123,-44,49,-93,-58,76,30,79,-69,-17,0,0,0,0,0,0,0,0,0,0
71,0,115,104,109,28,-70,58,27,18,104,93,-66,-7,-8,110,69,77,27,4,40,-102,-22,81,0,0,0,0,0,0,0,0,0,0,10,-61,-117,-16,45,8,-39,-96,-113,-70,-14,-59,123,-44,49,-93,-58,76,30,79,-69,-17,0,0,0,0,0,0,0,0,0,0
72,0,-106,-35,104,-29,-88,83,-83,106,-84,71,81,-94,-1,-124,48,96,108,80,-47,-105,86,87,71,0,0,0,0,0,0,0,0,0,14,-126,-34,51,-101,-1,-74,-107,49,-1,-90,-38,-33,-124,79,-1,-51,-8,-76,76,-47,61,-17,0,0,0,0,0,0,0,0,0
73,0,-106,-35,104,-29,-88,83,-83,106,-84,71,81,-94,-1,-124,48,96,108,80,-47,-105,86,87,71,0,0,0,0,0,0,0,0,0,14,-126,-34,51,-101,-1,-74,-107,49,-1,-90,-38,-33,-124,79,-1,-51,-8,-76,76,-47,61,-17,0,0,0,0,0,0,0,0,0
74,0,-106,-35,104,-29,-88,83,-83,106,-84,71,81,-94,-1,-124,48,96,108,80,-47,-105,86,87,71,0,0,0,0,0,0,0,0,0,14,-126,-34,51,-101,-1,-74,-107,49,-1,-90,-38,-33,-124,79,-1,-51,-8,-76,76,-47,61,-17,0,0,0,0,0,0,0,0,0
75,0,-87,124,87,-69,69,-41,40,-69,5,1,68,-109,-64,-15,-26,-43,25,73,-99,80,-25,126,50,11,0,0,0,0,0,0,0,0,49,-49,112,88,112,119,91,-124,8,-72,-5,93,-33,-110,-4,25,-15,-20,59,-6,-12,-70,33,-17,0,0,0,0,0,0,0,0
76,0,-87,124,87,-69,69,-41,40,-69,5,1,68,-109,-64,-15,-26,-43,25,73,-99,80,-25,126,50,11,0,0,0,0,0,0,0,0,49,-49,112,88,112,119,91,-124,8,-72,-5,93,-33,-110,-4,25,-15,-20,59,-6,-12,-70,33,-17,0,0,0,0,0,0,0,0
77,0,-87,124,87,-69,69,-41,40,-69,5,1,68,-109,-64,-15,-26,-43,25,73,-99,80,-25,126,50,11,0,0,0,0,0,0,0,0,49,-49,112,88,112,119,91,-124,8,-72,-5,93,-33,-110,-4,25,-15,-20,59,-6,-12,-70,33,-17,0,0,0,0,0,0,0,0
78,0,78,40,123,28,-49,29,14,17,69,47,-16,-60,-51,-18,-104,30,-84,-106,27,-78,-122,-53,60,-67,98,0,0,0,0,0,0,0,64,-99,53,-1,125,-84,-116,-33,7,32,-50,13,105,118,124,-36,-3,-65,-86,-12,109,67,114,-90,-17,0,0,0,0,0,0,0
79,0,78,40,123,28,-49,29,14,17,69,47,-16,-60,-51,-18,-104,30,-84,-106,27,-78,-122,-53,60,-67,98,0,0,0,0,0,0,0,64,-99,53,-1,125,-84,-116,-33,7,32,-50,13,105,118,124,-36,-3,-65,-86,-12,109,67,114,-90,-17,0,0,0,0,0,0,0
80,0,78,40,123,28,-49,29,14,17,69,47,-16,-60,-51,-18,-104,30,-84,-106,27,-78,-122,-53,60,-67,98,0,0,0,0,0,0,0,64,-99,53,-1,125,-84,-116,-33,7,32,-50,13,105,118,124,-36,-3,-65,-86,-12,109,67,114,-90,-17,0,0,0,0,0,0,0
81,0,113,12,-102,-51,-80,-47,82,-118,-115,-93,104,4,109,-114,-105,-93,-33,111,119,20,5,-49,99,-41,-77,46,0,0,0,0,0,0,75,-11,116,-60,-113,96,-26,82,-24,32,-37,-73,-21,-80,-108,-85,42,-66,112,-13,109,-19,-64,2,27,-17,0,0,0,0,0,0
82,0,113,12,-102,-51,-80,-47,82,-118,-115,-93,104,4,109,-114,-105,-93,-33,111,119,20,5,-49,99,-41,-77,46,0,0,0,0,0,0,75,-11,116,-60,-113,96,-26,82,-24,32,-37,-73,-21,-80,-108,-85,42,-66,112,-13,109,-19,-64,2,27,-17,0,0,0,0,0,0
83,0,113,12,-102,-51,-80,-47,82,-118,-115,-93,104,4,109,-114,-105,-93,-33,111,119,20,5,-49,99,-41,-77,46,0,0,0,0,0,0,75,-11,116,-60,-113,96,-26,82,-24,32,-37,-73,-21,-80,-108,-85,42,-66,112,-13,109,-19,-64,2,27,-17,0,0,0,0,0,0
84,0,126,125,-21,-1,93,-78,-100,-55,103,34,57,-28,-27,-86,-110,-6,15,55,98,-69,-1,-87,-18,108,126,53,81,0,0,0,0,0,120,-49,-24,-90,-117,-49,-60,-17,-47,-47,100,84,30,17,41,-111,100,96,22,101,77,72,13,99,38,-78,-17,0,0,0,0,0
85,0,126,125,-21,-1,93,-78,-100,-55,103,34,57,-28,-27,-86,-110,-6,15,55,98,-69,-1,-87,-18,108,126,53,81,0,0,0,0,0,120,-49,-24,-90,-117,-49,-60,-17,-47,-47,100,84,30,17,41,-111,100,96,22,101,77,72,13,99,38,-78,-17,0,0,0,0,0
86,0,126,125,-21,-1,93,-78,-100,-55,103,34,57,-28,-27,-86,-110,-6,15,55,98,-69,-1,-87,-18,108,126,53,81,0,0,0,0,0,120,-49,-24,-90,-117,-49,-60,-17,-47,-47,100,84,30,17,41,-111,100,96,22,101,77,72,13,99,38,-78,-17,0,0,0,0,0
87,0,-74,108,-100,-117,-34,76,-113,120,-62,119,69,107,37,-16,33,-47,-106,-29,17,96,-102,-21,-40,91,70,-30,-92,41,0,0,0,0,-94,20,20,81,-24,46,-72,82,51,100,79,84,110,-120,20,127,49,-51,-4,-14,68,107,-90,-79,77,-40,-23,-17,0,0,0,0
88,0,-74,108,-100,-117,-34,76,-113,120,-62,119,69,107,37,-16,33,-47,-106,-29,17,96,-102,-21,-40,91,70,-30,-92,41,0,0,0,0,-94,20,20,81,-24,46,-72,82,51,100,79,84,110,-120,20,127,49,-51,-4,-14,68,107,-90,-79,77,-40,-23,-17,0,0,0,0
89,0,-74,108,-100,-117,-34,76,-113,120,-62,119,69,107,37,-16,33,-47,-106,-29,17,96,-102,-21,-40,91,70,-30,-92,41,0,0,0,0,-94,20,20,81,-24,46,-72,82,51,100,79,84,110,-120,20,127,49,-51,-4,-14,68,107,-90,-79,77,-40,-23,-17,0,0,0,0
90,0,87,24,-105,-73,-74,124,-81,-16,-70,-120,-95,-40,125,-95,-127,-59,-29,-29,83,-26,-29,-40,72,28,9,110,27,-110,77,0,0,0,-100,86,-59,61,-53,114,-74,-36,93,17,106,12,35,10,-58,-39,-113,122,57,20,-81,80,89,-4,65,-93,-122,39,-17,0,0,0
91,0,87,24,-105,-73,-74,124,-81,-16,-70,-120,-95,-40,125,-95,-127,-59,-29,-29,83,-26,-29,-40,72,28,9,110,27,-110,77,0,0,0,-100,86,-59,61,-53,114,-74,-36,93,17,106,12,35,10,-58,-39,-113,122,57,20,-81,80,89,-4,65,-93,-122,39,-17,0,0,0
92,0,87,24,-105,-73,-74,124,-81,-16,-70,-120,-95,-40,125,-95,-127,-59,-29,-29,83,-26,-29,-40,72,28,9,110,27,-110,77,0,0,0,-100,86,-59,61,-53,114,-74,-36,93,17,106,12,35,10,-58,-39,-113,122,57,20,-81,80,89,-4,65,-93,-122,39,-17,0,0,0
93,0,-67,-125,74,-100,-125,-120,53,33,-35,3,-114,-27,-46,44,-79,121,2,-9,-91,-27,44,-60,50,4,29,-40,-50,-65,-7,-7,0,0,105,90,66,-112,-56,-107,19,-46,-27,2,117,55,11,57,57,-48,-111,-110,110,-104,45,-50,58,-56,-70,126,69,-114,11,-17,0,0
94,0,-67,-125,74,-100,-125,-120,53,33,-35,3,-114,-27,-46,44,-79,121,2,-9,-91,-27,44,-60,50,4,29,-40,-50,-65,-7,-7,0,0,105,90,66,-112,-56,-107,19,-46,-27,2,117,55,11,57,57,-48,-111,-110,110,-104,45,-50,58,-56,-70,126,69,-114,11,-17,0,0
95,0,-67,-125,74,-100,-125,-120,53,33,-35,3,-114,-27,-46,44,-79,121,2,-9,-91,-27,44,-60,50,4,29,-40,-50,-65,-7,-7,0,0,105,90,66,-112,-56,-107,19,-46,-27,2,117,55,11,57,57,-48,-111,-110,110,-104,45,-50,58,-56,-70,126,69,-114,11,-17,0,0
96,0,-32,-34,-32,92,114,-118,-104,19,-42,55,79,120,-33,94,86,-11,-77,-65,-70,-86,-96,73,10,65,-40,-23,-22,-122,-2,118,22,0,105,96,-111,-58,1,7,98,3,-34,-4,-19,-32,31,-79,62,-38,-4,-112,-48,-85,9,105,94,9,-49,-19,78,22,-102,-65,-17,0
97,0,-32,-34,-32,92,114,-118,-104,19,-42,55,79,120,-33,94,86,-11,-77,-65,-70,-86,-96,73,10,65,-40,-23,-22,-122,-2,118,22,0,105,96,-111,-58,1,7,98,3,-34,-4,-19,-32,31,-79,62,-38,-4,-112,-48,-85,9,105,94,9,-49,-19,78,22,-102,-65,-17,0
98,0,-32,-34,-32,92,114,-118,-104,19,-42,55,79,120,-33,94,86,-11,-77,-65,-70,-86,-96,73,10,65,-40,-23,-22,-122,-2,118,22,0,105,96,-111,-58,1,7,98,3,-34,-4,-19,-32,31,-79,62,-38,-4,-112,-48,-85,9,105,94,9,-49,-19,78,22,-102,-65,-17,0
99,0,67,38,110,-73,64,-95,47,-117,8,16,10,1,20,15,-31,51,93,124,39,6,105,23,42,-51,25,-54,116,68,-7,51,-50,80,40,-87,115,-47,22,-40,-53,107,-48,71,-9,110,10,-43,127,-103,96,-112,121,-125,0,-1,-35,-115,-13,1,-62,-119,40,-90,34,-17
100,0,67,38,110,-73,64,-95,47,-117,8,16,10,1,20,15,-31,51,93,124,39,6,105,23,42,-51,25,-54,116,68,-7,51,-50,80,40,-87,115,-47,22,-40,-53,107,-48,71,-9,110,10,-43,127,-103,96,-112,121,-125,0,-1,-35,-115,-13,1,-62,-119,40,-90,34,-17
101,0,67,38,110,-73,64,-95,47,-117,8,16,10,1,20,15,-31,51,93,124,39,6,105,23,42,-51,25,-54,116,68,-7,51,-50,80,40,-87,115,-47,22,-40,-53,107,-48,71,-9,110,10,-43,127,-103,96,-112,121,-125,0,-1,-35,-115,-13,1,-62,-119,40,-90,34,-17
102,0,84,108,-78,-24,-93,116,77,71,-110,-78,127,-110,-47,-108,-28,-73,-46,9,107,-113,100,-28,16,126,96,66,126,-126,-7,-32,116,-81,67,60,60,-10,60,26,82,120,22,120,93,-96,-114,-67,125,-41,47,-51,-70,-101,-51,37,-41,1,75,67,-102,-48,50,70,-58,-125
103,0,84,108,-78,-24,-93,116,77,71,-110,-78,127,-110,-47,-108,-28,-73,-46,9,107,-113,100,-28,16,126,96,66,126,-126,-7,-32,116,-81,67,60,60,-10,60,26,82,120,22,120,93,-96,-114,-67,125,-41,47,-51,-70,-101,-51,37,-41,1,75,67,-102,-48,50,70,-58,-125
104,0,84,108,-78,-24,-93,116,77,71,-110,-78,127,-110,-47,-108,-28,-73,-46,9,107,-113,100,-28,16,126,96,66,126,-126,-7,-32,116,-81,67,60,60,-10,60,26,82,120,22,120,93,-96,-114,-67,125,-41,47,-51,-70,-101,-51,37,-41,1,75,67,-102,-48,50,70,-58,-125
105,0,119,-84,120,-94,40,45,-101,7,-107,-16,89,60,-18,-16,46,-102,-38,-63,-85,105,62,-28,123,117,-72,83,-4,-86,-89,111,-75,-125,94,67,-111,33,15,-76,7,-4,28,-106,124,100,10,73,-24,-71,13,-4,-24,47,68,-6,-23,-73,-83,39,44,90,-46,-71,-48,29
106,0,119,-84,120,-94,40,45,-101,7,-107,-16,89,60,-18,-16,46,-102,-38,-63,-85,105,62,-28,123,117,-72,83,-4,-86,-89,111,-75,-125,94,67,-111,33,15,-76,7,-4,28,-106,124,100,10,73,-24,-71,13,-4,-24,47,68,-6,-23,-73,-83,39,44,90,-46,-71,-48,29
107,0,119,-84,120,-94,40,45,-101,7,-107,-16,89,60,-18,-16,46,-102,-38,-63,-85,105,62,-28,123,117,-72,83,-4,-86,-89,111,-75,-125,94,67,-111,33,15,-76,7,-4,28,-106,124,100,10,73,-24,-71,13,-4,-24,47,68,-6,-23,-73,-83,39,44,90,-46,-71,-48,29
108,0,122,-22,-31,95,-19,73,26,-113,83,-110,10,-56,-66,17,109,-83,30,-92,-107,-100,-105,-70,107,101,-49,1,-1,36,-105,127,-92,-92,102,-24,127,42,88,125,-58,-27,-22,-115,-33,-118,-16,74,-70,-74,-69,-106,-79,115,118,8,-94,-90,-25,122,-95,-6,-103,-104,103,-5
109,0,122,-22,-31,95,-19,73,26,-113,83,-110,10,-56,-66,17,109,-83,30,-92,-107,-100,-105,-70,107,101,-49,1,-1,36,-105,127,-92,-92,102,-24,127,42,88,125,-58,-27,-22,-115,-33,-118,-16,74,-70,-74,-69,-106,-79,115,118,8,-94,-90,-25,122,-95,-6,-103,-104,103,-5
110,0,122,-22,-31,95,-19,73,26,-113,83,-110,10,-56,-66,17,109,-83,30,-92,-107,-100,-105,-70,107,101,-49,1,-1,36,-105,127,-92,-92,102,-24,127,42,88,125,-58,-27,-22,-115,-33,-118,-16,74,-70,-74,-69,-106,-79,115,118,8,-94,-90,-25,122,-95,-6,-103,-104,103,-5
111,0,-13,-14,-79,-20,80,-117,-56,-37,-71,91,-97,125,10,10,-88,123,-122,8,41,46,93,43,125,115,-39,-69,-127,-34,-58,-108,-15,67,8,4,-33,-111,-90,70,-42,105,92,88,112,9,-75,-126,-37,123,-10,80,-76,-122,-96,102,53,99,-8,-86,-99,67,96,23,79,-104
112,0,-13,-14,-79,-20,80,-117,-56,-37,-71,91,-97,125,10,10,-88,123,-122,8,41,46,93,43,125,115,-39,-69,-127,-34,-58,-108,-15,67,8,4,-33,-111,-90,70,-42,105,92,88,112,9,-75,-126,-37,123,-10,80,-76,-122,-96,102,53,99,-8,-86,-99,67,96,23,79,-104
113,0,-13,-14,-79,-20,80,-117,-56,-37,-71,91,-97,125,10,10,-88,123,-122,8,41,46,93,43,125,115,-39,-69,-127,-34,-58,-108,-15,67,8,4,-33,-111,-90,70,-42,105,92,88,112,9,-75,-126,-37,123,-10,80,-76,-122,-96,102,53,99,-8,-86,-99,67,96,23,79,-104
114,0,-63,84,-84,-97,-81,36,-25,62,-59,-86,-53,97,73,-1,-123,-32,-101,55,-24,110,110,-116,-6,-67,49,-54,2,115,-39,87,-52,72,88,105,-39,36,-32,38,70,100,-30,110,-96,39,69,-127,88,36,66,114,-12,52,-74,-124,62,-52,-83,68,117,-70,59,42,86,118
115,0,-63,84,-84,-97,-81,36,-25,62,-59,-86,-53,97,73,-1,-123,-32,-101,55,-24,110,110,-116,-6,-67,49,-54,2,115,-39,87,-52,72,88,105,-39,36,-32,38,70,100,-30,110,-96,39,69,-127,88,36,66,114,-12,52,-74,-124,62,-52,-83,68,117,-70,59,42,86,118
116,0,-63,84,-84,-97,-81,36,-25,62,-59,-86,-53,97,73,-1,-123,-32,-101,55,-24,110,110,-116,-6,-67,49,-54,2,115,-39,87,-52,72,88,105,-39,36,-32,38,70,100,-30,110,-96,39,69,-127,88,36,66,114,-12,52,-74,-124,62,-52,-83,68,117,-70,59,42,86,118
117,0,77,-27,82,-21,-10,-91,124,-120,28,65,99,9,72,81,-62,113,-7,-69,56,12,39,-127,-31,70,52,-18,22,-32,116,-30,-68,63,27,-6,-12,72,86,78,73,119,-2,-122,-90,18,-106,-122,29,-55,-104,-43,-66,-14,7,-83,-3,119,72,-8,-76,-64,-2,-29,-101,52
118,0,77,-27,82,-21,-10,-91,124,-120,28,65,99,9,72,81,-62,113,-7,-69,56,12,39,-127,-31,70,52,-18,22,-32,116,-30,-68,63,27,-6,-12,72,86,78,73,119,-2,-122,-90,18,-106,-122,29,-55,-104,-43,-66,-14,7,-83,-3,119,72,-8,-76,-64,-2,-29,-101,52
119,0,77,-27,82,-21,-10,-91,124,-120,28,65,99,9,72,81,-62,113,-7,-69,56,12,39,-127,-31,70,52,-18,22,-32,116,-30,-68,63,27,-6,-12,72,86,78,73,119,-2,-122,-90,18,-106,-122,29,-55,-104,-43,-66,-14,7,-83,-3,119,72,-8,-76,-64,-2,-29,-101,52
120,0,-112,-51,-3,-87,-116,-2,-89,52,81,60,-64,16,65,0,88,-108,60,-101,-86,52,-80,-123,41,-17,113,-75,8,25,-121,96,-46,-59,125,34,-74,22,74,18,-67,-70,18,-91,-99,-21,-79,-115,60,23,-68,-114,-99,-84,-105,42,-115,63,-39,-8,-108,-29,-80,124,-23,-113
121,0,-112,-51,-3,-87,-116,-2,-89,52,81,60,-64,16,65,0,88,-108,60,-101,-86,52,-80,-123,41,-17,113,-75,8,25,-121,96,-46,-59,125,34,-74,22,74,18,-67,-70,18,-91,-99,-21,-79,-115,60,23,-68,-114,-99,-84,-105,42,-115,63,-39,-8,-108,-29,-80,124,-23,-113
122,0,-112,-51,-3,-87,-116,-2,-89,52,81,60,-64,16,65,0,88,-108,60,-101,-86,52,-80,-123,41,-17,113,-75,8,25,-121,96,-46,-59,125,34,-74,22,74,18,-67,-70,18,-91,-99,-21,-79,-115,60,23,-68,-114,-99,-84,-105,42,-115,63,-39,-8,-108,-29,-80,124,-23,-113
123,0,-58,0,-39,39,5,-107,-77,79,-34,-41,-75,53,-89,49,11,-34,-1,83,78,36,115,-52,-113,87,70,-58,-72,-18,-2,55,-117,-8,98,-21,-125,1,83,-37,64,17,25,15,85,-88,-5,112,-35,23,35,-67,70,-92,71,-35,115,71,-36,-98,120,0,-86,61,28,35
124,0,-58,0,-39,39,5,-107,-77,79,-34,-41,-75,53,-89,49,11,-34,-1,83,78,36,115,-52,-113,87,70,-58,-72,-18,-2,55,-117,-8,98,-21,-125,1,83,-37,64,17,25,15,85,-88,-5,112,-35,23,35,-67,70,-92,71,-35,115,71,-36,-98,120,0,-86,61,28,35
125,0,-58,0,-39,39,5,-107,-77,79,-34,-41,-75,53,-89,49,11,-34,-1,83,78,36,115,-52,-113,87,70,-58,-72,-18,-2,55,-117,-8,98,-21,-125,1,83,-37,64,17,25,15,85,-88,-5,112,-35,23,35,-67,70,-92,71,-35,115,71,-36,-98,120,0,-86,61,28,35
126,0,-54,74,125,-24,39,125,-50,-29,108,50,-102,-79,45,64,-38,-106,-34,84,26,93,119,126,55,-119,-52,73,-13,6,-25,-94,-71,-41,-112,-62,94,61,61,26,-67,-68,-5,7,52,96,73,-8,4,-72,109,68,69,104,56,118,-76,-121,-100,-126,-4,84,56,-121,79,-118
127,0,-54,74,125,-24,39,125,-50,-29,108,50,-102,-79,45,64,-38,-106,-34,84,26,93,119,126,55,-119,-52,73,-13,6,-25,-94,-71,-41,-112,-62,94,61,61,26,-67,-68,-5,7,52,96,73,-8,4,-72,109,68,69,104,56,118,-76,-121,-100,-126,-4,84,56,-121,79,-118
128,0,-54,74,125,-24,39,125,-50,-29,108,50,-102,-79,45,64,-38,-106,-34,84,26,93,119,126,55,-119,-52,73,-13,6,-25,-94,-71,-41,-112,-62,94,61,61,26,-67,-68,-5,7,52,96,73,-8,4,-72,109,68,69,104,56,118,-76,-121,-100,-126,-4,84,56,-121,79,-118
129,0,-12,67,92,31,8,-39,123,116,-120,-53,-84,24,125,-104,-119,71,-29,47,101,83,40,-23,-96,-66,83,-83,-53,-122,-96,-21,-29,-119,-35,120,-26,-14,-3,-58,-52,-113,-39,72,67,4,-14,58,115,89,-34,-100,68,-37,-124,-121,10,54,-35,-11,14,87,87,-106,-10,5
130,0,-12,67,92,31,8,-39,123,116,-120,-53,-84,24,125,-104,-119,71,-29,47,101,83,40,-23,-96,-66,83,-83,-53,-122,-96,-21,-29,-119,-35,120,-26,-14,-3,-58,-52,-113,-39,72,67,4,-14,58,115,89,-34,-100,68,-37,-124,-121,10,54,-35,-11,14,87,87,-106,-10,5
131,0,-12,67,92,31,8,-39,123,116,-120,-53,-84,24,125,-104,-119,71,-29,47,101,83,40,-23,-96,-66,83,-83,-53,-122,-96,-21,-29,-119,-35,120,-26,-14,-3,-58,-52,-113,-39,72,67,4,-14,58,115,89,-34,-100,68,-37,-124,-121,10,54,-35,-11,14,87,87,-106,-10,5
132,0,-76,27,13,-35,-29,-55,-74,-32,95,97,-40,-54,111,43,-117,44,-13,-82,-99,12,-125,77,-28,60,-90,-122,-14,99,-50,-95,-126,-34,105,-43,-3,-62,-124,23,-76,74,-60,73,69,15,104,48,-1,38,-19,19,33,48,-72,109,-31,111,-60,-2,-66,-54,124,-5,-89,22
133,0,-76,27,13,-35,-29,-55,-74,-32,95,97,-40,-54,111,43,-117,44,-13,-82,-99,12,-125,77,-28,60,-90,-122,-14,99,-50,-95,-126,-34,105,-43,-3,-62,-124,23,-76,74,-60,73,69,15,104,48,-1,38,-19,19,33,48,-72,109,-31,111,-60,-2,-66,-54,124,-5,-89,22
134,0,-76,27,13,-35,-29,-55,-74,-32,95,97,-40,-54,111,43,-117,44,-13,-82,-99,12,-125,77,-28,60,-90,-122,-14,99,-50,-95,-126,-34,105,-43,-3,-62,-124,23,-76,74,-60,73,69,15,104,48,-1,38,-19,19,33,48,-72,109,-31,111,-60,-2,-66,-54,124,-5,-89,22
135,0,-107,52,54,10,-8,-4,-82,-13,25,-49,-95,-23,-110,-120,74,89,33,69,-50,65,-108,76,59,69,125,-64,13,111,10,83,-88,69,-111,60,113,109,34,-77,50,125,-7,-71,-82,113,-84,122,-60,-75,29,-127,16,68,77,-6,-49,79,-99,119,58,43,-97,111,113,-111
136,0,-107,52,54,10,-8,-4,-82,-13,25,-49,-95,-23,-110,-120,74,89,33,69,-50,65,-108,76,59,69,125,-64,13,111,10,83,-88,69,-111,60,113,109,34,-77,50,125,-7,-71,-82,113,-84,122,-60,-75,29,-127,16,68,77,-6,-49,79,-99,119,58,43,-97,111,113,-111
137,0,-107,52,54,10,-8,-4,-82,-13,25,-49,-95,-23,-110,-120,74,89,33,69,-50,65,-108,76,59,69,125,-64,13,111,10,83,-88,69,-111,60,113,109,34,-77,50,125,-7,-71,-82,113,-84,122,-60,-75,29,-127,16,68,77,-6,-49,79,-99,119,58,43,-97,111,113,-111
138,0,-49,104,52,-61,-121,-50,-39,-66,37,68,107,63,-68,110,-14,-122,-104,-86,-33,-74,-126,19,-50,-14,-68,54,120,9,23,107,-85,25,-124,44,-70,15,21,-40,37,42,-62,-53,-76,-70,115,117,119,-47,-14,-49,112,52,-67,-115,-23,-103,98,-5,-37,-57,-119,18,107,-93
139,0,-49,104,52,-61,-121,-50,-39,-66,37,68,107,63,-68,110,-14,-122,-104,-86,-33,-74,-126,19,-50,-14,-68,54,120,9,23,107,-85,25,-124,44,-70,15,21,-40,37,42,-62,-53,-76,-70,115,117,119,-47,-14,-49,112,52,-67,-115,-23,-103,98,-5,-37,-57,-119,18,107,-93
140,0,-49,104,52,-61,-121,-50,-39,-66,37,68,107,63,-68,110,-14,-122,-104,-86,-33,-74,-126,19,-50,-14,-68,54,120,9,23,107,-85,25,-124,44,-70,15,21,-40,37,42,-62,-53,-76,-70,115,117,119,-47,-14,-49,112,52,-67,-115,-23,-103,98,-5,-37,-57,-119,18,107,-93
141,0,98,-51,40,-39,81,78,113,13,84,5,-41,-19,-113,38,20,86,80,-6,17,-36,-116,-75,112,-65,-82,-19,-86,86,5,64,7,-12,116,-101,-7,0,-68,-33,101,127,-36,-2,0,4,-14,76,62,116,25,71,-93,39,98,-66,-51,-84,-126,47,-69,22,-43,99,8,120
142,0,98,-51,40,-39,81,78,113,13,84,5,-41,-19,-113,38,20,86,80,-6,17,-36,-116,-75,112,-65,-82,-19,-86,86,5,64,7,-12,116,-101,-7,0,-68,-33,101,127,-36,-2,0,4,-14,76,62,116,25,71,-93,39,98,-66,-51,-84,-126,47,-69,22,-43,99,8,120
143,0,98,-51,40,-39,81,78,113,13,84,5,-41,-19,-113,38,20,86,80,-6,17,-36,-116,-75,112,-65,-82,-19,-86,86,5,64,7,-12,116,-101,-7,0,-68,-33,101,127,-36,-2,0,4,-14,76,62,116,25,71,-93,39,98,-66,-51,-84,-126,47,-69,22,-43,99,8,120
144,0,94,6,-25,-114,76,-25,116,-46,47,-5,-39,118,-39,-74,18,7,92,-117,-74,-110,77,29,-124,6,-124,-116,49,12,3,-3,-7,-5,3,94,41,-47,-44,-117,-5,-30,-54,-23,-113,34,90,-48,46,123,15,97,-70,71,78,-82,-84,-88,-31,-67,-59,-120,-114,-55,52,43
145,0,94,6,-25,-114,76,-25,116,-46,47,-5,-39,118,-39,-74,18,7,92,-117,-74,-110,77,29,-124,6,-124,-116,49,12,3,-3,-7,-5,3,94,41,-47,-44,-117,-5,-30,-54,-23,-113,34,90,-48,46,123,15,97,-70,71,78,-82,-84,-88,-31,-67,-59,-120,-114,-55,52,43
146,0,94,6,-25,-114,76,-25,116,-46,47,-5,-39,118,-39,-74,18,7,92,-117,-74,-110,77,29,-124,6,-124,-116,49,12,3,-3,-7,-5,3,94,41,-47,-44,-117,-5,-30,-54,-23,-113,34,90,-48,46,123,15,97,-70,71,78,-82,-84,-88,-31,-67,-59,-120,-114,-55,52,43
147,0,-59,-108,-35,110,76,126,-102,22,-1,74,90,-106,52,-61,-16,30,13,-16,-95,118,-105,-14,-117,-94,-118,111,123,-104,-97,40,96,-76,108,27,-32,112,-59,-58,52,76,50,-39,-1,13,-18,37,-104,24,-100,-62,13,57,-42,-50,115,127,53,37,41,-46,12,-91,-12,49
148,0,-59,-108,-35,110,76,126,-102,22,-1,74,90,-106,52,-61,-16,30,13,-16,-95,118,-105,-14,-117,-94,-118,111,123,-104,-97,40,96,-76,108,27,-32,112,-59,-58,52,76,50,-39,-1,13,-18,37,-104,24,-100,-62,13,57,-42,-50,115,127,53,37,41,-46,12,-91,-12,49
149,0,-59,-108,-35,110,76,126,-102,22,-1,74,90,-106,52,-61,-16,30,13,-16,-95,118,-105,-14,-117,-94,-118,111,123,-104,-97,40,96,-76,108,27,-32,112,-59,-58,52,76,50,-39,-1,13,-18,37,-104,24,-100,-62,13,57,-42,-50,115,127,53,37,41,-46,12,-91,-12,49
150,0,-24,26,102,126,-121,103,-60,118,26,-5,104,-16,-86,76,-115,-7,-119,-35,-107,-30,121,89,106,102,-54,-77,68,69,18,-2,102,98,-60,-50,18,13,43,-44,125,31,64,50,62,-4,-36,52,-71,37,22,-69,-17,74,102,-65,49,-81,-1,30,2,-25,-104,5,44,-124
151,0,-24,26,102,126,-121,103,-60,118,26,-5,104,-16,-86,76,-115,-7,-119,-35,-107,-30,121,89,106,102,-54,-77,68,69,18,-2,102,98,-60,-50,18,13,43,-44,125,31,64,50,62,-4,-36,52,-71,37,22,-69,-17,74,102,-65,49,-81,-1,30,2,-25,-104,5,44,-124
152,0,-24,26,102,126,-121,103,-60,118,26,-5,104,-16,-86,76,-115,-7,-119,-35,-107,-30,121,89,106,102,-54,-77,68,69,18,-2,102,98,-60,-50,18,13,43,-44,125,31,64,50,62,-4,-36,52,-71,37,22,-69,-17,74,102,-65,49,-81,-1,30,2,-25,-104,5,44,-124
153,0,-53,12,53,78,-113,-14,20,-123,102,122,-86,54,6,-29,96,49,104,-23,-100,-69,-116,114,-8,-11,-43,-66,59,-23,-39,-73,-116,48,108,-92,1,-112,89,46,30,108,-52,113,-4,-22,66,-34,-78,123,55,80,65,8,-47,84,-95,-4,-112,105,-4,-8,9,-82,-100,-60
154,0,-53,12,53,78,-113,-14,20,-123,102,122,-86,54,6,-29,96,49,104,-23,-100,-69,-116,114,-8,-11,-43,-66,59,-23,-39,-73,-116,48,108,-92,1,-112,89,46,30,108,-52,113,-4,-22,66,-34,-78,123,55,80,65,8,-47,84,-95,-4,-112,105,-4,-8,9,-82,-100,-60
155,0,-53,12,53,78,-113,-14,20,-123,102,122,-86,54,6,-29,96,49,104,-23,-100,-69,-116,114,-8,-11,-43,-66,59,-23,-39,-73,-116,48,108,-92,1,-112,89,46,30,108,-52,113,-4,-22,66,-34,-78,123,55,80,65,8,-47,84,-95,-4,-112,105,-4,-8,9,-82,-100,-60
156,0,-88,-120,126,109,-86,59,-55,-115,32,-64,126,120,31,44,52,-7,-27,127,8,-23,28,-100,-82,51,-23,-83,4,49,36,72,-112,-65,-15,-27,61,84,-80,-74,103,-79,-78,-61,-41,79,-97,0,46,96,-119,7,19,-44,-108,-29,-78,85,49,-106,-2,-61,-45,100,-33,-119
157,0,-88,-120,126,109,-86,59,-55,-115,32,-64,126,120,31,44,52,-7,-27,127,8,-23,28,-100,-82,51,-23,-83,4,49,36,72,-112,-65,-15,-27,61,84,-80,-74,103,-79,-78,-61,-41,79,-97,0,46,96,-119,7,19,-44,-108,-29,-78,85,49,-106,-2,-61,-45,100,-33,-119
158,0,-88,-120,126,109,-86,59,-55,-115,32,-64,126,120,31,44,52,-7,-27,127,8,-23,28,-100,-82,51,-23,-83,4,49,36,72,-112,-65,-15,-27,61,84,-80,-74,103,-79,-78,-61,-41,79,-97,0,46,96,-119,7,19,-44,-108,-29,-78,85,49,-106,-2,-61,-45,100,-33,-119
159,0,-83,105,67,-119,105,30,45,-87,32,-83,52,-116,67,-39,65,115,31,8,-79,-30,-60,13,-97,-121,-89,11,81,79,113,18,-36,2,103,-45,-21,30,-41,45,90,120,-26,-15,95,118,-60,54,-121,-61,31,107,93,-93,44,113,-32,13,-36,-90,-84,103,-2,18,-28,-102
160,0,-83,105,67,-119,105,30,45,-87,32,-83,52,-116,67,-39,65,115,31,8,-79,-30,-60,13,-97,-121,-89,11,81,79,113,18,-36,2,103,-45,-21,30,-41,45,90,120,-26,-15,95,118,-60,54,-121,-61,31,107,93,-93,44,113,-32,13,-36,-90,-84,103,-2,18,-28,-102
161,0,-83,105,67,-119,105,30,45,-87,32,-83,52,-116,67,-39,65,115,31,8,-79,-30,-60,13,-97,-121,-89,11,81,79,113,18,-36,2,103,-45,-21,30,-41,45,90,120,-26,-15,95,118,-60,54,-121,-61,31,107,93,-93,44,113,-32,13,-36,-90,-84,103,-2,18,-28,-102
162,0,127,-72,94,80,-71,4,58,79,-75,-48,118,-105,-47,-67,-93,113,19,-8,-17,-27,87,-107,17,-56,-34,-7,-89,112,-74,123,111,-109,-95,104,25,-26,-89,-70,9,-1,107,-117,101,-40,-91,-32,-81,-61,-40,54,-9,100,-58,12,-22,-71,100,47,41,-56,-2,-85,121,-65
163,0,127,-72,94,80,-71,4,58,79,-75,-48,118,-105,-47,-67,-93,113,19,-8,-17,-27,87,-107,17,-56,-34,-7,-89,112,-74,123,111,-109,-95,104,25,-26,-89,-70,9,-1,107,-117,101,-40,-91,-32,-81,-61,-40,54,-9,100,-58,12,-22,-71,100,47,41,-56,-2,-85,121,-65
164,0,127,-72,94,80,-71,4,58,79,-75,-48,118,-105,-47,-67,-93,113,19,-8,-17,-27,87,-107,17,-56,-34,-7,-89,112,-74,123,111,-109,-95,104,25,-26,-89,-70,9,-1,107,-117,101,-40,-91,-32,-81,-61,-40,54,-9,100,-58,12,-22,-71,100,47,41,-56,-2,-85,121,-65
165,0,-77,-89,-21,121,-14,-71,-35,5,28,-77,109,122,-82,59,1,-83,-4,56,-43,-55,73,-91,95,-64,118,-105,42,13,29,111,32,-114,-113,91,-51,-61,-8,-34,74,92,103,17,-75,99,11,-24,-43,-37,126,-81,2,42,25,-127,95,102,-39,6,49,24,-115,-14,-34,29
166,0,-77,-89,-21,121,-14,-71,-35,5,28,-77,109,122,-82,59,1,-83,-4,56,-43,-55,73,-91,95,-64,118,-105,42,13,29,111,32,-114,-113,91,-51,-61,-8,-34,74,92,103,17,-75,99,11,-24,-43,-37,126,-81,2,42,25,-127,95,102,-39,6,49,24,-115,-14,-34,29
167,0,-77,-89,-21,121,-14,-71,-35,5,28,-77,109,122,-82,59,1,-83,-4,56,-43,-55,73,-91,95,-64,118,-105,42,13,29,111,32,-114,-113,91,-51,-61,-8,-34,74,92,103,17,-75,99,11,-24,-43,-37,126,-81,2,42,25,-127,95,102,-39,6,49,24,-115,-14,-34,29
168,0,-53,-26,-68,-12,56,-116,-73,90,-55,-63,7,-98,11,10,-6,116,-117,113,118,-69,26,108,-38,22,-30,122,113,-123,92,114,57,-93,1,104,-103,-27,25,-24,60,-67,-62,84,-7,-67,-106,-18,3,42,109,119,54,19,30,82,86,86,-86,-71,17,-96,69,48,90,-125
169,0,-53,-26,-68,-12,56,-116,-73,90,-55,-63,7,-98,11,10,-6,116,-117,113,118,-69,26,108,-38,22,-30,122,113,-123,92,114,57,-93,1,104,-103,-27,25,-24,60,-67,-62,84,-7,-67,-106,-18,3,42,109,119,54,19,30,82,86,86,-86,-71,17,-96,69,48,90,-125
170,0,-53,-26,-68,-12,56,-116,-73,90,-55,-63,7,-98,11,10,-6,116,-117,113,118,-69,26,108,-38,22,-30,122,113,-123,92,114,57,-93,1,104,-103,-27,25,-24,60,-67,-62,84,-7,-67,-106,-18,3,42,109,119,54,19,30,82,86,86,-86,-71,17,-96,69,48,90,-125
171,0,107,-66,27,19,48,-28,75,64,-84,107,113,-101,-94,-18,-103,-29,39,-73,-18,-101,-112,-49,0,-13,-83,-66,14,-31,-62,100,-1,-63,-2,-59,60,-29,67,70,90,94,-95,113,83,-24,95,-27,28,88,123,-60,17,27,-65,-64,48,-4,6,-60,-32,97,110,-54,-113,70
172,0,107,-66,27,19,48,-28,75,64,-84,107,113,-101,-94,-18,-103,-29,39,-73,-18,-101,-112,-49,0,-13,-83,-66,14,-31,-62,100,-1,-63,-2,-59,60,-29,67,70,90,94,-95,113,83,-24,95,-27,28,88,123,-60,17,27,-65,-64,48,-4,6,-60,-32,97,110,-54,-113,70
173,0,107,-66,27,19,48,-28,75,64,-84,107,113,-101,-94,-18,-103,-29,39,-73,-18,-101,-112,-49,0,-13,-83,-66,14,-31,-62,100,-1,-63,-2,-59,60,-29,67,70,90,94,-95,113,83,-24,95,-27,28,88,123,-60,17,27,-65,-64,48,-4,6,-60,-32,97,110,-54,-113,70
174,0,-113,96,47,73,-100,19,113,9,54,-81,28,12,-79,-9,111,4,38,46,0,77,14,26,11,53,93,63,-117,-102,-68,24,-12,82,-107,58,-85,54,-18,-81,-102,-10,-15,7,-122,86,92,56,37,110,44,91,90,36,-21,8,-80,111,-96,-99,-66,4,-50,-102,-40,54
175,0,-113,96,47,73,-100,19,113,9,54,-81,28,12,-79,-9,111,4,38,46,0,77,14,26,11,53,93,63,-117,-102,-68,24,-12,82,-107,58,-85,54,-18,-81,-102,-10,-15,7,-122,86,92,56,37,110,44,91,90,36,-21,8,-80,111,-96,-99,-66,4,-50,-102,-40,54
176,0,-113,96,47,73,-100,19,113,9,54,-81,28,12,-79,-9,111,4,38,46,0,77,14,26,11,53,93,63,-117,-102,-68,24,-12,82,-107,58,-85,54,-18,-81,-102,-10,-15,7,-122,86,92,56,37,110,44,91,90,36,-21,8,-80,111,-96,-99,-66,4,-50,-102,-40,54
177,0,65,-89,-108,12,-29,106,-23,45,97,-4,-47,-102,74,23,55,108,4,-74,7,-54,-55,-61,-37,-106,120,87,59,41,9,-106,-89,127,107,50,-119,88,-30,-58,-56,-22,-47,-15,-42,-91,23,-108,94,12,43,-67,13,102,-35,-123,127,-14,-8,-74,101,-24,-78,62,90,-65
178,0,65,-89,-108,12,-29,106,-23,45,97,-4,-47,-102,74,23,55,108,4,-74,7,-54,-55,-61,-37,-106,120,87,59,41,9,-106,-89,127,107,50,-119,88,-30,-58,-56,-22,-47,-15,-42,-91,23,-108,94,12,43,-67,13,102,-35,-123,127,-14,-8,-74,101,-24,-78,62,90,-65
179,0,65,-89,-108,12,-29,106,-23,45,97,-4,-47,-102,74,23,55,108,4,-74,7,-54,-55,-61,-37,-106,120,87,59,41,9,-106,-89,127,107,50,-119,88,-30,-58,-56,-22,-47,-15,-42,-91,23,-108,94,12,43,-67,13,102,-35,-123,127,-14,-8,-74,101,-24,-78,62,90,-65
180,0,-52,102,-33,-78,-43,-85,-6,-10,76,87,120,51,35,50,103,-104,-105,-44,-48,91,-104,-82,39,87,-75,127,-101,61,39,-81,-53,75,124,-112,79,12,-95,82,-26,-59,7,35,87,-64,-71,25,-71,-8,7,-56,69,-95,27,-55,120,-79,104,-87,17,55,-75,-123,57,-27
181,0,-52,102,-33,-78,-43,-85,-6,-10,76,87,120,51,35,50,103,-104,-105,-44,-48,91,-104,-82,39,87,-75,127,-101,61,39,-81,-53,75,124,-112,79,12,-95,82,-26,-59,7,35,87,-64,-71,25,-71,-8,7,-56,69,-95,27,-55,120,-79,104,-87,17,55,-75,-123,57,-27
182,0,-52,102,-33,-78,-43,-85,-6,-10,76,87,120,51,35,50,103,-104,-105,-44,-48,91,-104,-82,39,87,-75,127,-101,61,39,-81,-53,75,124,-112,79,12,-95,82,-26,-59,7,35,87,-64,-71,25,-71,-8,7,-56,69,-95,27,-55,120,-79,104,-87,17,55,-75,-123,57,-27
183,0,69,95,-71,74,7,-12,-28,10,-66,-111,-7,28,11,-89,25,67,-38,69,96,-33,-98,84,99,-34,82,28,-47,-35,-16,-103,-60,7,-35,-2,-16,5,70,-62,55,95,-69,114,-121,70,52,74,10,-39,24,37,-7,-20,43,-119,49,-16,75,-97,87,34,-122,81,-6,61
184,0,69,95,-71,74,7,-12,-28,10,-66,-111,-7,28,11,-89,25,67,-38,69,96,-33,-98,84,99,-34,82,28,-47,-35,-16,-103,-60,7,-35,-2,-16,5,70,-62,55,95,-69,114,-121,70,52,74,10,-39,24,37,-7,-20,43,-119,49,-16,75,-97,87,34,-122,81,-6,61
185,0,69,95,-71,74,7,-12,-28,10,-66,-111,-7,28,11,-89,25,67,-38,69,96,-33,-98,84,99,-34,82,28,-47,-35,-16,-103,-60,7,-35,-2,-16,5,70,-62,55,95,-69,114,-121,70,52,74,10,-39,24,37,-7,-20,43,-119,49,-16,75,-97,87,34,-122,81,-6,61
186,0,89,99,-116,-92,50,-36,7,-65,-1,59,-3,105,-73,-12,-29,-43,-103,86,112,27,-76,10,120,-71,-65,58,56,65,104,27,94,-24,-103,88,-101,115,-45,-78,26,-115,-85,21,76,-120,109,-104,-42,-127,61,-62,-121,57,-69,16,77,-55,-101,62,87,25,0,72,79,119
187,0,89,99,-116,-92,50,-36,7,-65,-1,59,-3,105,-73,-12,-29,-43,-103,86,112,27,-76,10,120,-71,-65,58,56,65,104,27,94,-24,-103,88,-101,115,-45,-78,26,-115,-85,21,76,-120,109,-104,-42,-127,61,-62,-121,57,-69,16,77,-55,-101,62,87,25,0,72,79,119
188,0,89,99,-116,-92,50,-36,7,-65,-1,59,-3,105,-73,-12,-29,-43,-103,86,112,27,-76,10,120,-71,-65,58,56,65,104,27,94,-24,-103,88,-101,115,-45,-78,26,-115,-85,21,76,-120,109,-104,-42,-127,61,-62,-121,57,-69,16,77,-55,-101,62,87,25,0,72,79,119
189,0,69,125,-106,-76,-81,63,-11,47,80,-13,45,110,10,-25,-80,-41,-123,121,-14,5,62,-88,111,-113,-67,-35,66,114,40,-77,-105,81,123,41,22,-55,118,38,100,6,-42,55,-65,-20,12,23,116,-52,-39,-68,-46,37,-120,120,1,17,-38,53,-93,-50,23,-66,-121,-118
190,0,69,125,-106,-76,-81,63,-11,47,80,-13,45,110,10,-25,-80,-41,-123,121,-14,5,62,-88,111,-113,-67,-35,66,114,40,-77,-105,81,123,41,22,-55,118,38,100,6,-42,55,-65,-20,12,23,116,-52,-39,-68,-46,37,-120,120,1,17,-38,53,-93,-50,23,-66,-121,-118
191,0,69,125,-106,-76,-81,63,-11,47,80,-13,45,110,10,-25,-80,-41,-123,121,-14,5,62,-88,111,-113,-67,-35,66,114,40,-77,-105,81,123,41,22,-55,118,38,100,6,-42,55,-65,-20,12,23,116,-52,-39,-68,-46,37,-120,120,1,17,-38,53,-93,-50,23,-66,-121,-118
192,0,-18,69,27,72,70,-81,-8,7,88,78,-9,-64,-79,-39,100,-43,-121,72,-39,44,-100,-11,81,106,127,-31,85,-96,22,109,-88,42,-29,53,-42,-86,-12,-78,127,-105,-46,73,-1,-80,39,87,123,26,-50,-63,123,22,23,57,-124,101,-89,24,-3,-100,-70,-68,51,-17
193,0,-18,69,27,72,70,-81,-8,7,88,78,-9,-64,-79,-39,100,-43,-121,72,-39,44,-100,-11,81,106,127,-31,85,-96,22,109,-88,42,-29,53,-42,-86,-12,-78,127,-105,-46,73,-1,-80,39,87,123,26,-50,-63,123,22,23,57,-124,101,-89,24,-3,-100,-70,-68,51,-17
194,0,-18,69,27,72,70,-81,-8,7,88,78,-9,-64,-79,-39,100,-43,-121,72,-39,44,-100,-11,81,106,127,-31,85,-96,22,109,-88,42,-29,53,-42,-86,-12,-78,127,-105,-46,73,-1,-80,39,87,123,26,-50,-63,123,22,23,57,-124,101,-89,24,-3,-100,-70,-68,51,-17
195,0,65,49,58,104,-114,111,-111,-76,44,-64,98,-105,-39,-47,18,95,56,56,-17,-107,-61,62,114,-51,-71,-9,-73,-40,81,-108,-105,-98,-17,-93,65,14,67,68,-6,102,56,-117,-31,-81,66,-46,28,-34,72,-4,13,92,-9,-108,-127,112,45,-36,-36,-72,-80,-119,-58,-111
196,0,65,49,58,104,-114,111,-111,-76,44,-64,98,-105,-39,-47,18,95,56,56,-17,-107,-61,62,114,-51,-71,-9,-73,-40,81,-108,-105,-98,-17,-93,65,14,67,68,-6,102,56,-117,-31,-81,66,-46,28,-34,72,-4,13,92,-9,-108,-127,112,45,-36,-36,-72,-80,-119,-58,-111
197,0,65,49,58,104,-114,111,-111,-76,44,-64,98,-105,-39,-47,18,95,56,56,-17,-107,-61,62,114,-51,-71,-9,-73,-40,81,-108,-105,-98,-17,-93,65,14,67,68,-6,102,56,-117,-31,-81,66,-46,28,-34,72,-4,13,92,-9,-108,-127,112,45,-36,-36,-72,-80,-119,-58,-111
198,0,0,-48,-33,-59,22,-103,-67,-18,-33,56,-55,-29,-98,-31,17,-86,104,93,-7,-79,-89,127,127,-69,114,13,-11,98,-42,-73,41,-43,0,-17,-126,-75,-113,14,24,5,-53,-78,-7,-52,-47,-106,-76,-55,-78,113,19,72,15,69,-78,-105,70,-72,-74,-121,116,109,7,42
199,0,0,-48,-33,-59,22,-103,-67,-18,-33,56,-55,-29,-98,-31,17,-86,104,93,-7,-79,-89,127,127,-69,114,13,-11,98,-42,-73,41,-43,0,-17,-126,-75,-113,14,24,5,-53,-78,-7,-52,-47,-106,-76,-55,-78,113,19,72,15,69,-78,-105,70,-72,-74,-121,116,109,7,42
200,0,0,-48,-33,-59,22,-103,-67,-18,-33,56,-55,-29,-98,-31,17,-86,104,93,-7,-79,-89,127,127,-69,114,13,-11,98,-42,-73,41,-43,0,-17,-126,-75,-113,14,24,5,-53,-78,-7,-52,-47,-106,-76,-55,-78,113,19,72,15,69,-78,-105,70,-72,-74,-121,116,109,7,42
201,0,0,0,-53,24,-43,-95,-86,87,26,-9,58,-123,29,-15,-90,-26,-123,-124,-71,96,-108,71,-71,-64,102,121,60,-36,52,91,9,86,0,0,-17,122,112,45,-10,44,45,89,-72,-115,-57,109,-47,102,12,-83,-86,70,43,10,-98,106,32,-68,-57,11,86,-3,-126,-116
202,0,0,0,-53,24,-43,-95,-86,87,26,-9,58,-123,29,-15,-90,-26,-123,-124,-71,96,-108,71,-71,-64,102,121,60,-36,52,91,9,86,0,0,-17,122,112,45,-10,44,45,89,-72,-115,-57,109,-47,102,12,-83,-86,70,43,10,-98,106,32,-68,-57,11,86,-3,-126,-116
203,0,0,0,-53,24,-43,-95,-86,87,26,-9,58,-123,29,-15,-90,-26,-123,-124,-71,96,-108,71,-71,-64,102,121,60,-36,52,91,9,86,0,0,-17,122,112,45,-10,44,45,89,-72,-115,-57,109,-47,102,12,-83,-86,70,43,10,-98,106,32,-68,-57,11,86,-3,-126,-116
204,0,0,0,0,-94,59,98,-7,55,-110,-61,69,86,-109,13,24,106,-51,0,-35,-82,-90,-17,68,-17,-27,7,111,-32,-117,-43,96,67,0,0,0,-17,-52,39,-56,-94,62,29,42,-53,-111,-108,67,-33,39,-86,17,49,-34,-66,-13,-68,-104,-98,-82,84,34,-94,14,105
205,0,0,0,0,-94,59,98,-7,55,-110,-61,69,86,-109,13,24,106,-51,0,-35,-82,-90,-17,68,-17,-27,7,111,-32,-117,-43,96,67,0,0,0,-17,-52,39,-56,-94,62,29,42,-53,-111,-108,67,-33,39,-86,17,49,-34,-66,-13,-68,-104,-98,-82,84,34,-94,14,105
206,0,0,0,0,-94,59,98,-7,55,-110,-61,69,86,-109,13,24,106,-51,0,-35,-82,-90,-17,68,-17,-27,7,111,-32,-117,-43,96,67,0,0,0,-17,-52,39,-56,-94,62,29,42,-53,-111,-108,67,-33,39,-86,17,49,-34,-66,-13,-68,-104,-98,-82,84,34,-94,14,105
207,0,0,0,0,0,43,-111,98,-1,-59,80,107,85,12,33,113,-84,-31,69,51,65,55,27,-77,-17,-101,83,6,107,-101,-84,-10,103,0,0,0,0,-17,12,19,-32,-11,-47,-2,-63,-33,99,80,-54,54,-81,-72,-116,127,104,-91,55,-18,36,-83,-119,-39,-13,46,45
208,0,0,0,0,0,43,-111,98,-1,-59,80,107,85,12,33,113,-84,-31,69,51,65,55,27,-77,-17,-101,83,6,107,-101,-84,-10,103,0,0,0,0,-17,12,19,-32,-11,-47,-2,-63,-33,99,80,-54,54,-81,-72,-116,127,104,-91,55,-18,36,-83,-119,-39,-13,46,45
209,0,0,0,0,0,43,-111,98,-1,-59,80,107,85,12,33,113,-84,-31,69,51,65,55,27,-77,-17,-101,83,6,107,-101,-84,-10,103,0,0,0,0,-17,12,19,-32,-11,-47,-2,-63,-33,99,80,-54,54,-81,-72,-116,127,104,-91,55,-18,36,-83,-119,-39,-13,46,45
210,0,0,0,0,0,0,-119,93,-40,61,80,111,-111,-116,13,78,88,-106,-113,-3,-44,-1,-63,-31,28,10,-98,-11,-19,3,15,-105,57,0,0,0,0,0,-17,-33,74,-29,-96,-17,-44,-82,31,94,-62,-70,-26,22,55,-5,-6,110,-118,-97,58,-2,76,35,99,90,-16
211,0,0,0,0,0,0,-119,93,-40,61,80,111,-111,-116,13,78,88,-106,-113,-3,-44,-1,-63,-31,28,10,-98,-11,-19,3,15,-105,57,0,0,0,0,0,-17,-33,74,-29,-96,-17,-44,-82,31,94,-62,-70,-26,22,55,-5,-6,110,-118,-97,58,-2,76,35,99,90,-16
212,0,0,0,0,0,0,-119,93,-40,61,80,111,-111,-116,13,78,88,-106,-113,-3,-44,-1,-63,-31,28,10,-98,-11,-19,3,15,-105,57,0,0,0,0,0,-17,-33,74,-29,-96,-17,-44,-82,31,94,-62,-70,-26,22,55,-5,-6,110,-118,-97,58,-2,76,35,99,90,-16
213,0,0,0,0,0,0,0,-88,92,-92,1,45,-75,-118,-66,38,-121,-102,108,26,108,-6,95,88,57,-120,20,104,16,-1,-49,-97,-27,0,0,0,0,0,0,-17,40,-110,36,37,36,-123,39,6,-18,115,63,112,92,-27,-74,72,-46,54,-73,-58,105,-6,-109,43,-96
214,0,0,0,0,0,0,0,-88,92,-92,1,45,-75,-118,-66,38,-121,-102,108,26,108,-6,95,88,57,-120,20,104,16,-1,-49,-97,-27,0,0,0,0,0,0,-17,40,-110,36,37,36,-123,39,6,-18,115,63,112,92,-27,-74,72,-46,54,-73,-58,105,-6,-109,43,-96
215,0,0,0,0,0,0,0,-88,92,-92,1,45,-75,-118,-66,38,-121,-102,108,26,108,-6,95,88,57,-120,20,104,16,-1,-49,-97,-27,0,0,0,0,0,0,-17,40,-110,36,37,36,-123,39,6,-18,115,63,112,92,-27,-74,72,-46,54,-73,-58,105,-6,-109,43,-96
216,0,0,0,0,0,0,0,0,-127,-108,111,98,-66,-55,89,11,7,112,-41,41,-17,-9,-36,49,-28,80,-98,-74,78,-48,14,-49,68,0,0,0,0,0,0,0,-17,-11,-97,-67,-67,-68,68,16,105,-23,5,30,-124,-97,97,-91,-77,82,97,119,26,-74,-54,53,-35
217,0,0,0,0,0,0,0,0,-127,-108,111,98,-66,-55,89,11,7,112,-41,41,-17,-9,-36,49,-28,80,-98,-74,78,-48,14,-49,68,0,0,0,0,0,0,0,-17,-11,-97,-67,-67,-68,68,16,105,-23,5,30,-124,-97,97,-91,-77,82,97,119,26,-74,-54,53,-35
218,0,0,0,0,0,0,0,0,-127,-108,111,98,-66,-55,89,11,7,112,-41,41,-17,-9,-36,49,-28,80,-98,-74,78,-48,14,-49,68,0,0,0,0,0,0,0,-17,-11,-97,-67,-67,-68,68,16,105,-23,5,30,-124,-97,97,-91,-77,82,97,119,26,-74,-54,53,-35
219,0,0,0,0,0,0,0,0,0,10,-95,55,124,-71,7,29,-110,107,-56,-92,-94,77,-105,98,-44,44,97,-4,37,88,-39,32,101,0,0,0,0,0,0,0,0,-17,88,-86,-107,-14,-62,112,-49,27,115,-104,66,43,-103,26,25,65,-34,126,-56,-51,13,108,-113
220,0,0,0,0,0,0,0,0,0,10,-95,55,124,-71,7,29,-110,107,-56,-92,-94,77,-105,98,-44,44,97,-4,37,88,-39,32,101,0,0,0,0,0,0,0,0,-17,88,-86,-107,-14,-62,112,-49,27,115,-104,66,43,-103,26,25,65,-34,126,-56,-51,13,108,-113
221,0,0,0,0,0,0,0,0,0,10,-95,55,124,-71,7,29,-110,107,-56,-92,-94,77,-105,98,-44,44,97,-4,37,88,-39,32,101,0,0,0,0,0,0,0,0,-17,88,-86,-107,-14,-62,112,-49,27,115,-104,66,43,-103,26,25,65,-34,126,-56,-51,13,108,-113
222,0,0,0,0,0,0,0,0,0,0,-8,-123,-11,-25,-114,59,-114,-6,-15,33,117,16,76,42,29,-22,124,74,-90,-35,52,-33,-1,0,0,0,0,0,0,0,0,0,-17,-68,90,-35,-125,-74,124,5,57,-19,-35,-58,18,1,-96,124,124,-54,71,79,112,-59,56
223,0,0,0,0,0,0,0,0,0,0,-8,-123,-11,-25,-114,59,-114,-6,-15,33,117,16,76,42,29,-22,124,74,-90,-35,52,-33,-1,0,0,0,0,0,0,0,0,0,-17,-68,90,-35,-125,-74,124,5,57,-19,-35,-58,18,1,-96,124,124,-54,71,79,112,-59,56
224,0,0,0,0,0,0,0,0,0,0,-8,-123,-11,-25,-114,59,-114,-6,-15,33,117,16,76,42,29,-22,124,74,-90,-35,52,-33,-1,0,0,0,0,0,0,0,0,0,-17,-68,90,-35,-125,-74,124,5,57,-19,-35,-58,18,1,-96,124,124,-54,71,79,112,-59,56
225,0,0,0,0,0,0,0,0,0,0,0,-88,20,-78,-39,-114,126,-29,-11,32,18,-54,-29,73,-83,-47,-106,49,-33,-58,-86,17,-50,0,0,0,0,0,0,0,0,0,0,-17,-21,-41,-84,64,-17,-8,-54,24,113,36,0,93,-122,28,32,120,-102,-44,-53,-41,-12
226,0,0,0,0,0,0,0,0,0,0,0,-88,20,-78,-39,-114,126,-29,-11,32,18,-54,-29,73,-83,-47,-106,49,-33,-58,-86,17,-50,0,0,0,0,0,0,0,0,0,0,-17,-21,-41,-84,64,-17,-8,-54,24,113,36,0,93,-122,28,32,120,-102,-44,-53,-41,-12
227,0,0,0,0,0,0,0,0,0,0,0,-88,20,-78,-39,-114,126,-29,-11,32,18,-54,-29,73,-83,-47,-106,49,-33,-58,-86,17,-50,0,0,0,0,0,0,0,0,0,0,-17,-21,-41,-84,64,-17,-8,-54,24,113,36,0,93,-122,28,32,120,-102,-44,-53,-41,-12
228,0,0,0,0,0,0,0,0,0,0,0,0,79,-21,-127,82,-35,66,77,-87,97,-6,-82,-70,74,50,38,73,-19,-36,54,46,13,0,0,0,0,0,0,0,0,0,0,0,-17,15,125,119,-14,-86,46,27,116,-87,-73,104,-106,-39,-127,-125,19,-97,-40,120,83
229,0,0,0,0,0,0,0,0,0,0,0,0,79,-21,-127,82,-35,66,77,-87,97,-6,-82,-70,74,50,38,73,-19,-36,54,46,13,0,0,0,0,0,0,0,0,0,0,0,-17,15,125,119,-14,-86,46,27,116,-87,-73,104,-106,-39,-127,-125,19,-97,-40,120,83
230,0,0,0,0,0,0,0,0,0,0,0,0,79,-21,-127,82,-35,66,77,-87,97,-6,-82,-70,74,50,38,73,-19,-36,54,46,13,0,0,0,0,0,0,0,0,0,0,0,-17,15,125,119,-14,-86,46,27,116,-87,-73,104,-106,-39,-127,-125,19,-97,-40,120,83
231,0,0,0,0,0,0,0,0,0,0,0,0,0,61,-114,-84,18,16,-63,108,122,-79,-83,-83,3,-49,50,-120,8,-6,-24,-118,-31,0,0,0,0,0,0,0,0,0,0,0,0,-17,3,-17,84,-27,-126,109,31,51,-91,76,104,10,40,115,-102,3,109,-103,10
232,0,0,0,0,0,0,0,0,0,0,0,0,0,61,-114,-84,18,16,-63,108,122,-79,-83,-83,3,-49,50,-120,8,-6,-24,-118,-31,0,0,0,0,0,0,0,0,0,0,0,0,-17,3,-17,84,-27,-126,109,31,51,-91,76,104,10,40,115,-102,3,109,-103,10
233,0,0,0,0,0,0,0,0,0,0,0,0,0,61,-114,-84,18,16,-63,108,122,-79,-83,-83,3,-49,50,-120,8,-6,-24,-118,-31,0,0,0,0,0,0,0,0,0,0,0,0,-17,3,-17,84,-27,-126,109,31,51,-91,76,104,10,40,115,-102,3,109,-103,10
234,0,0,0,0,0,0,0,0,0,0,0,0,0,0,-31,95,71,67,83,65,72,-33,114,34,28,-14,-85,111,36,90,6,112,82,0,0,0,0,0,0,0,0,0,0,0,0,0,-17,101,-55,80,-83,57,-22,-116,-121,40,65,52,81,-113,-55,-19,88,6,-2
235,0,0,0,0,0,0,0,0,0,0,0,0,0,0,-31,95,71,67,83,65,72,-33,114,34,28,-14,-85,111,36,90,6,112,82,0,0,0,0,0,0,0,0,0,0,0,0,0,-17,101,-55,80,-83,57,-22,-116,-121,40,65,52,81,-113,-55,-19,88,6,-2
236,0,0,0,0,0,0,0,0,0,0,0,0,0,0,-31,95,71,67,83,65,72,-33,114,34,28,-14,-85,111,36,90,6,112,82,0,0,0,0,0,0,0,0,0,0,0,0,0,-17,101,-55,80,-83,57,-22,-116,-121,40,65,52,81,-113,-55,-19,88,6,-2
237,0,0,0,0,0,0,0,0,0,0,0,0,0,0,0,71,18,54,41,83,-36,-3,54,112,-26,-4,-24,30,-83,-66,-125,-22,36,0,0,0,0,0,0,0,0,0,0,0,0,0,0,-17,-8,-51,117,-11,64,44,-45,-118,81,-13,33,3,-109,111,-40,12,81
238,0,0,0,0,0,0,0,0,0,0,0,0,0,0,0,71,18,54,41,83,-36,-3,54,112,-26,-4,-24,30,-83,-66,-125,-22,36,0,0,0,0,0,0,0,0,0,0,0,0,0,0,-17,-8,-51,117,-11,64,44,-45,-118,81,-13,33,3,-109,111,-40,12,81
239,0,0,0,0,0,0,0,0,0,0,0,0,0,0,0,71,18,54,41,83,-36,-3,54,112,-26,-4,-24,30,-83,-66,-125,-22,36,0,0,0,0,0,0,0,0,0,0,0,0,0,0,-17,-8,-51,117,-11,64,44,-45,-118,81,-13,33,3,-109,111,-40,12,81
240,0,0,0,0,0,0,0,0,0,0,0,0,0,0,0,0,127,85,-50,-79,29,24,-26,120,69,-109,81,121,-43,-69,123,-90,-74,0,0,0,0,0,0,0,0,0,0,0,0,0,0,0,-17,-32,-118,-107,100,6,-34,-5,-88,-66,113,104,-111,-115,-105,108,1
241,0,0,0,0,0,0,0,0,0,0,0,0,0,0,0,0,127,85,-50,-79,29,24,-26,120,69,-109,81,121,-43,-69,123,-90,-74,0,0,0,0,0,0,0,0,0,0,0,0,0,0,0,-17,-32,-118,-107,100,6,-34,-5,-88,-66,113,104,-111,-115,-105,108,1
242,0,0,0,0,0,0,0,0,0,0,0,0,0,0,0,0,127,85,-50,-79,29,24,-26,120,69,-109,81,121,-43,-69,123,-90,-74,0,0,0,0,0,0,0,0,0,0,0,0,0,0,0,-17,-32,-118,-107,100,6,-34,-5,-88,-66,113,104,-111,-115,-105,108,1
243,0,0,0,0,0,0,0,0,0,0,0,0,0,0,0,0,0,68,-101,115,-70,-91,-87,-87,116,-57,-109,89,85,-99,-45,-113,-31,0,0,0,0,0,0,0,0,0,0,0,0,0,0,0,0,-17,120,-13,-111,-100,32,-90,-92,19,88,54,-52,115,-34,-99,-47
244,0,0,0,0,0,0,0,0,0,0,0,0,0,0,0,0,0,68,-101,115,-70,-91,-87,-87,116,-57,-109,89,85,-99,-45,-113,-31,0,0,0,0,0,0,0,0,0,0,0,0,0,0,0,0,-17,120,-13,-111,-100,32,-90,-92,19,88,54,-52,115,-34,-99,-47
245,0,0,0,0,0,0,0,0,0,0,0,0,0,0,0,0,0,68,-101,115,-70,-91,-87,-87,116,-57,-109,89,85,-99,-45,-113,-31,0,0,0,0,0,0,0,0,0,0,0,0,0,0,0,0,-17,120,-13,-111,-100,32,-90,-92,19,88,54,-52,115,-34,-99,-47
246,0,0,0,0,0,0,0,0,0,0,0,0,0,0,0,0,0,0,88,93,-11,88,66,83,65,12,97,-83,-64,-124,-96,36,27,0,0,0,0,0,0,0,0,0,0,0,0,0,0,0,0,0,-17,-101,-114,36,-16,15,14,-37,-104,2,75,120,-89,-42,37
247,0,0,0,0,0,0,0,0,0,0,0,0,0,0,0,0,0,0,88,93,-11,88,66,83,65,12,97,-83,-64,-124,-96,36,27,0,0,0,0,0,0,0,0,0,0,0,0,0,0,0,0,0,-17,-101,-114,36,-16,15,14,-37,-104,2,75,120,-89,-42,37
248,0,0,0,0,0,0,0,0,0,0,0,0,0,0,0,0,0,0,88,93,-11,88,66,83,65,12,97,-83,-64,-124,-96,36,27,0,0,0,0,0,0,0,0,0,0,0,0,0,0,0,0,0,-17,-101,-114,36,-16,15,14,-37,-104,2,75,120,-89,-42,37
249,0,0,0,0,0,0,0,0,0,0,0,0,0,0,0,0,0,0,0,-121,52,25,45,-110,50,-52,77,94,57,52,87,57,-48,0,0,0,0,0,0,0,0,0,0,0,0,0,0,0,0,0,0,-17,-61,-15,-66,37,74,2,7,90,51,87,-42,20,-115
250,0,0,0,0,0,0,0,0,0,0,0,0,0,0,0,0,0,0,0,-121,52,25,45,-110,50,-52,77,94,57,52,87,57,-48,0,0,0,0,0,0,0,0,0,0,0,0,0,0,0,0,0,0,-17,-61,-15,-66,37,74,2,7,90,51,87,-42,20,-115
251,0,0,0,0,0,0,0,0,0,0,0,0,0,0,0,0,0,0,0,-121,52,25,45,-110,50,-52,77,94,57,52,87,57,-48,0,0,0,0,0,0,0,0,0,0,0,0,0,0,0,0,0,0,-17,-61,-15,-66,37,74,2,7,90,51,87,-42,20,-115
252,0,0,0,0,0,0,0,0,0,0,0,0,0,0,0,0,0,0,0,0,-21,75,80,7,102,27,-114,77,-28,103,-126,-109,-6,0,0,0,0,0,0,0,0,0,0,0,0,0,0,0,0,0,0,0,-17,-104,72,115,-78,-37,-84,-126,97,28,62,46,0
253,0,0,0,0,0,0,0,0,0,0,0,0,0,0,0,0,0,0,0,0,-21,75,80,7,102,27,-114,77,-28,103,-126,-109,-6,0,0,0,0,0,0,0,0,0,0,0,0,0,0,0,0,0,0,0,-17,-104,72,115,-78,-37,-84,-126,97,28,62,46,0
254,0,0,0,0,0,0,0,0,0,0,0,0,0,0,0,0,0,0,0,0,-21,75,80,7,102,27,-114,77,-28,103,-126,-109,-6,0,0,0,0,0,0,0,0,0,0,0,0,0,0,0,0,0,0,0,-17,-104,72,115,-78,-37,-84,-126,97,28,62,46,0
255,0,0,0,0,0,0,0,0,0,0,0,0,0,0,0,0,0,0,0,0,0,-108,29,19,121,-48,10,-46,-114,109,-104,101,125,0,0,0,0,0,0,0,0,0,0,0,0,0,0,0,0,0,0,0,0,-17,-58,82,-77,20,-72,89,-45,5,42,91,32
256,0,0,0,0,0,0,0,0,0,0,0,0,0,0,0,0,0,0,0,0,0,-108,29,19,121,-48,10,-46,-114,109,-104,101,125,0,0,0,0,0,0,0,0,0,0,0,0,0,0,0,0,0,0,0,0,-17,-58,82,-77,20,-72,89,-45,5,42,91,32
257,0,0,0,0,0,0,0,0,0,0,0,0,0,0,0,0,0,0,0,0,0,-108,29,19,121,-48,10,-46,-114,109,-104,101,125,0,0,0,0,0,0,0,0,0,0,0,0,0,0,0,0,0,0,0,0,-17,-58,82,-77,20,-72,89,-45,5,42,91,32
258,0,0,0,0,0,0,0,0,0,0,0,0,0,0,0,0,0,0,0,0,0,0,83,53,122,-75,73,-54,-51,-47,112,33,14,0,0,0,0,0,0,0,0,0,0,0,0,0,0,0,0,0,0,0,0,0,-17,19,-107,76,-121,124,24,87,-12,-50,68
259,0,0,0,0,0,0,0,0,0,0,0,0,0,0,0,0,0,0,0,0,0,0,83,53,122,-75,73,-54,-51,-47,112,33,14,0,0,0,0,0,0,0,0,0,0,0,0,0,0,0,0,0,0,0,0,0,-17,19,-107,76,-121,124,24,87,-12,-50,68
260,0,0,0,0,0,0,0,0,0,0,0,0,0,0,0,0,0,0,0,0,0,0,83,53,122,-75,73,-54,-51,-47,112,33,14,0,0,0,0,0,0,0,0,0,0,0,0,0,0,0,0,0,0,0,0,0,-17,19,-107,76,-121,124,24,87,-12,-50,68
261,0,0,0,0,0,0,0,0,0,0,0,0,0,0,0,0,0,0,0,0,0,0,0,99,26,97,119,-72,16,-18,-59,-70,-58,0,0,0,0,0,0,0,0,0,0,0,0,0,0,0,0,0,0,0,0,0,0,-17,-16,33,-61,116,-44,-22,9,71,124
262,0,0,0,0,0,0,0,0,0,0,0,0,0,0,0,0,0,0,0,0,0,0,0,99,26,97,119,-72,16,-18,-59,-70,-58,0,0,0,0,0,0,0,0,0,0,0,0,0,0,0,0,0,0,0,0,0,0,-17,-16,33,-61,116,-44,-22,9,71,124
263,0,0,0,0,0,0,0,0,0,0,0,0,0,0,0,0,0,0,0,0,0,0,0,99,26,97,119,-72,16,-18,-59,-70,-58,0,0,0,0,0,0,0,0,0,0,0,0,0,0,0,0,0,0,0,0,0,0,-17,-16,33,-61,116,-44,-22,9,71,124
264,0,0,0,0,0,0,0,0,0,0,0,0,0,0,0,0,0,0,0,0,0,0,0,0,-127,-120,-7,94,126,-37,93,124,-79,0,0,0,0,0,0,0,0,0,0,0,0,0,0,0,0,0,0,0,0,0,0,0,-17,-67,-73,-92,-85,101,-113,92,-77
265,0,0,0,0,0,0,0,0,0,0,0,0,0,0,0,0,0,0,0,0,0,0,0,0,-127,-120,-7,94,126,-37,93,124,-79,0,0,0,0,0,0,0,0,0,0,0,0,0,0,0,0,0,0,0,0,0,0,0,-17,-67,-73,-92,-85,101,-113,92,-77
266,0,0,0,0,0,0,0,0,0,0,0,0,0,0,0,0,0,0,0,0,0,0,0,0,-127,-120,-7,94,126,-37,93,124,-79,0,0,0,0,0,0,0,0,0,0,0,0,0,0,0,0,0,0,0,0,0,0,0,-17,-67,-73,-92,-85,101,-113,92,-77
267,0,0,0,0,0,0,0,0,0,0,0,0,0,0,0,0,0,0,0,0,0,0,0,0,0,91,-4,55,72,-61,1,-44,-101,0,0,0,0,0,0,0,0,0,0,0,0,0,0,0,0,0,0,0,0,0,0,0,0,-17,-17,37,-127,52,-113,62,-101
268,0,0,0,0,0,0,0,0,0,0,0,0,0,0,0,0,0,0,0,0,0,0,0,0,0,91,-4,55,72,-61,1,-44,-101,0,0,0,0,0,0,0,0,0,0,0,0,0,0,0,0,0,0,0,0,0,0,0,0,-17,-17,37,-127,52,-113,62,-101
269,0,0,0,0,0,0,0,0,0,0,0,0,0,0,0,0,0,0,0,0,0,0,0,0,0,91,-4,55,72,-61,1,-44,-101,0,0,0,0,0,0,0,0,0,0,0,0,0,0,0,0,0,0,0,0,0,0,0,0,-17,-17,37,-127,52,-113,62,-101
270,0,0,0,0,0,0,0,0,0,0,0,0,0,0,0,0,0,0,0,0,0,0,0,0,0,0,117,-93,-77,-127,15,-53,-31,0,0,0,0,0,0,0,0,0,0,0,0,0,0,0,0,0,0,0,0,0,0,0,0,0,-17,-90,-108,-91,-6,-19,19
271,0,0,0,0,0,0,0,0,0,0,0,0,0,0,0,0,0,0,0,0,0,0,0,0,0,0,117,-93,-77,-127,15,-53,-31,0,0,0,0,0,0,0,0,0,0,0,0,0,0,0,0,0,0,0,0,0,0,0,0,0,-17,-90,-108,-91,-6,-19,19
272,0,0,0,0,0,0,0,0,0,0,0,0,0,0,0,0,0,0,0,0,0,0,0,0,0,0,117,-93,-77,-127,15,-53,-31,0,0,0,0,0,0,0,0,0,0,0,0,0,0,0,0,0,0,0,0,0,0,0,0,0,-17,-90,-108,-91,-6,-19,19
273,0,0,0,0,0,0,0,0,0,0,0,0,0,0,0,0,0,0,0,0,0,0,0,0,0,0,0,15,15,-70,43,-122,86,0,0,0,0,0,0,0,0,0,0,0,0,0,0,0,0,0,0,0,0,0,0,0,0,0,0,-17,27,-58,-15,18,46
274,0,0,0,0,0,0,0,0,0,0,0,0,0,0,0,0,0,0,0,0,0,0,0,0,0,0,0,15,15,-70,43,-122,86,0,0,0,0,0,0,0,0,0,0,0,0,0,0,0,0,0,0,0,0,0,0,0,0,0,0,-17,27,-58,-15,18,46
275,0,0,0,0,0,0,0,0,0,0,0,0,0,0,0,0,0,0,0,0,0,0,0,0,0,0,0,15,15,-70,43,-122,86,0,0,0,0,0,0,0,0,0,0,0,0,0,0,0,0,0,0,0,0,0,0,0,0,0,0,-17,27,-58,-15,18,46
276,0,0,0,0,0,0,0,0,0,0,0,0,0,0,0,0,0,0,0,0,0,0,0,0,0,0,0,0,-113,108,-116,-42,-38,0,0,0,0,0,0,0,0,0,0,0,0,0,0,0,0,0,0,0,0,0,0,0,0,0,0,0,-17,21,28,20,-100
277,0,0,0,0,0,0,0,0,0,0,0,0,0,0,0,0,0,0,0,0,0,0,0,0,0,0,0,0,-113,108,-116,-42,-38,0,0,0,0,0,0,0,0,0,0,0,0,0,0,0,0,0,0,0,0,0,0,0,0,0,0,0,-17,21,28,20,-100
278,0,0,0,0,0,0,0,0,0,0,0,0,0,0,0,0,0,0,0,0,0,0,0,0,0,0,0,0,-113,108,-116,-42,-38,0,0,0,0,0,0,0,0,0,0,0,0,0,0,0,0,0,0,0,0,0,0,0,0,0,0,0,-17,21,28,20,-100
279,0,0,0,0,0,0,0,0,0,0,0,0,0,0,0,0,0,0,0,0,0,0,0,0,0,0,0,0,0,-54,6,55,-110,0,0,0,0,0,0,0,0,0,0,0,0,0,0,0,0,0,0,0,0,0,0,0,0,0,0,0,0,-17,-12,-67,34
280,0,0,0,0,0,0,0,0,0,0,0,0,0,0,0,0,0,0,0,0,0,0,0,0,0,0,0,0,0,-54,6,55,-110,0,0,0,0,0,0,0,0,0,0,0,0,0,0,0,0,0,0,0,0,0,0,0,0,0,0,0,0,-17,-12,-67,34
281,0,0,0,0,0,0,0,0,0,0,0,0,0,0,0,0,0,0,0,0,0,0,0,0,0,0,0,0,0,-54,6,55,-110,0,0,0,0,0,0,0,0,0,0,0,0,0,0,0,0,0,0,0,0,0,0,0,0,0,0,0,0,-17,-12,-67,34
282,0,0,0,0,0,0,0,0,0,0,0,0,0,0,0,0,0,0,0,0,0,0,0,0,0,0,0,0,0,0,-24,110,-54,0,0,0,0,0,0,0,0,0,0,0,0,0,0,0,0,0,0,0,0,0,0,0,0,0,0,0,0,0,-17,-113,64
283,0,0,0,0,0,0,0,0,0,0,0,0,0,0,0,0,0,0,0,0,0,0,0,0,0,0,0,0,0,0,-24,110,-54,0,0,0,0,0,0,0,0,0,0,0,0,0,0,0,0,0,0,0,0,0,0,0,0,0,0,0,0,0,-17,-113,64
284,0,0,0,0,0,0,0,0,0,0,0,0,0,0,0,0,0,0,0,0,0,0,0,0,0,0,0,0,0,0,-24,110,-54,0,0,0,0,0,0,0,0,0,0,0,0,0,0,0,0,0,0,0,0,0,0,0,0,0,0,0,0,0,-17,-113,64
285,0,0,0,0,0,0,0,0,0,0,0,0,0,0,0,0,0,0,0,0,0,0,0,0,0,0,0,0,0,0,0,-9,-100,0,0,0,0,0,0,0,0,0,0,0,0,0,0,0,0,0,0,0,0,0,0,0,0,0,0,0,0,0,0,-17,-50
286,0,0,0,0,0,0,0,0,0,0,0,0,0,0,0,0,0,0,0,0,0,0,0,0,0,0,0,0,0,0,0,-9,-100,0,0,0,0,0,0,0,0,0,0,0,0,0,0,0,0,0,0,0,0,0,0,0,0,0,0,0,0,0,0,-17,-50
287,0,0,0,0,0,0,0,0,0,0,0,0,0,0,0,0,0,0,0,0,0,0,0,0,0,0,0,0,0,0,0,-9,-100,0,0,0,0,0,0,0,0,0,0,0,0,0,0,0,0,0,0,0,0,0,0,0,0,0,0,0,0,0,0,-17,-50
288,0,0,0,0,0,0,0,0,0,0,0,0,0,0,0,0,0,0,0,0,0,0,0,0,0,0,0,0,0,0,0,0,-64,0,0,0,0,0,0,0,0,0,0,0,0,0,0,0,0,0,0,0,0,0,0,0,0,0,0,0,0,0,0,0,-17
289,0,0,0,0,0,0,0,0,0,0,0,0,0,0,0,0,0,0,0,0,0,0,0,0,0,0,0,0,0,0,0,0,-64,0,0,0,0,0,0,0,0,0,0,0,0,0,0,0,0,0,0,0,0,0,0,0,0,0,0,0,0,0,0,0,-17
290,0,0,0,0,0,0,0,0,0,0,0,0,0,0,0,0,0,0,0,0,0,0,0,0,0,0,0,0,0,0,0,0,-64,0,0,0,0,0,0,0,0,0,0,0,0,0,0,0,0,0,0,0,0,0,0,0,0,0,0,0,0,0,0,0,-17
291,0,0,0,0,0,0,0,0,0,0,0,0,0,0,0,0,0,0,0,0,0,0,0,0,0,0,0,0,0,0,0,0,0,0,0,0,0,0,0,0,0,0,0,0,0,0,0,0,0,0,0,0,0,0,0,0,0,0,0,0,0,0,0,0,0
292,0,0,0,0,0,0,0,0,0,0,0,0,0,0,0,0,0,0,0,0,0,0,0,0,0,0,0,0,0,0,0,0,0,0,0,0,0,0,0,0,0,0,0,0,0,0,0,0,0,0,0,0,0,0,0,0,0,0,0,0,0,0,0,0,0
293,0,0,0,0,0,0,0,0,0,0,0,0,0,0,0,0,0,0,0,0,0,0,0,0,0,0,0,0,0,0,0,0,0,0,0,0,0,0,0,0,0,0,0,0,0,0,0,0,0,0,0,0,0,0,0,0,0,0,0,0,0,0,0,0,0
294,0,0,0,0,0,0,0,0,0,0,0,0,0,0,0,0,0,0,0,0,0,0,0,0,0,0,0,0,0,0,0,0,0,0,0,0,0,0,0,0,0,0,0,0,0,0,0,0,0,0,0,0,0,0,0,0,0,0,0,0,0,0,0,0,0
295,0,0,0,0,0,0,0,0,0,0,0,0,0,0,0,0,0,0,0,0,0,0,0,0,0,0,0,0,0,0,0,0,0,0,0,0,0,0,0,0,0,0,0,0,0,0,0,0,0,0,0,0,0,0,0,0,0,0,0,0,0,0,0,0,0
296,0,0,0,0,0,0,0,0,0,0,0,0,0,0,0,0,0,0,0,0,0,0,0,0,0,0,0,0,0,0,0,0,0,0,0,0,0,0,0,0,0,0,0,0,0,0,0,0,0,0,0,0,0,0,0,0,0,0,0,0,0,0,0,0,0
297,0,0,0,0,0,0,0,0,0,0,0,0,0,0,0,0,0,0,0,0,0,0,0,0,0,0,0,0,0,0,0,0,0,0,0,0,0,0,0,0,0,0,0,0,0,0,0,0,0,0,0,0,0,0,0,0,0,0,0,0,0,0,0,0,0
298,0,0,0,0,0,0,0,0,0,0,0,0,0,0,0,0,0,0,0,0,0,0,0,0,0,0,0,0,0,0,0,0,0,0,0,0,0,0,0,0,0,0,0,0,0,0,0,0,0,0,0,0,0,0,0,0,0,0,0,0,0,0,0,0,0
299,0,0,0,0,0,0,0,0,0,0,0,0,0,0,0,0,0,0,0,0,0,0,0,0,0,0,0,0,0,0,0,0,0,0,0,0,0,0,0,0,0,0,0,0,0,0,0,0,0,0,0,0,0,0,0,0,0,0,0,0,0,0,0,0,0
300,0,0,0,0,0,0,0,0,0,0,0,0,0,0,0,0,0,0,0,0,0,0,0,0,0,0,0,0,0,0,0,0,0,0,0,0,0,0,0,0,0,0,0,0,0,0,0,0,0,0,0,0,0,0,0,0,0,0,0,0,0,0,0,0,0
301,0,0,0,0,0,0,0,0,0,0,0,0,0,0,0,0,0,0,0,0,0,0,0,0,0,0,0,0,0,0,0,0,0,0,0,0,0,0,0,0,0,0,0,0,0,0,0,0,0,0,0,0,0,0,0,0,0,0,0,0,0,0,0,0,0
302,0,0,0,0,0,0,0,0,0,0,0,0,0,0,0,0,0,0,0,0,0,0,0,0,0,0,0,0,0,0,0,0,0,0,0,0,0,0,0,0,0,0,0,0,0,0,0,0,0,0,0,0,0,0,0,0,0,0,0,0,0,0,0,0,0
303,0,0,0,0,0,0,0,0,0,0,0,0,0,0,0,0,0,0,0,0,0,0,0,0,0,0,0,0,0,0,0,0,0,0,0,0,0,0,0,0,0,0,0,0,0,0,0,0,0,0,0,0,0,0,0,0,0,0,0,0,0,0,0,0,0
304,0,0,0,0,0,0,0,0,0,0,0,0,0,0,0,0,0,0,0,0,0,0,0,0,0,0,0,0,0,0,0,0,0,0,0,0,0,0,0,0,0,0,0,0,0,0,0,0,0,0,0,0,0,0,0,0,0,0,0,0,0,0,0,0,0
305,0,0,0,0,0,0,0,0,0,0,0,0,0,0,0,0,0,0,0,0,0,0,0,0,0,0,0,0,0,0,0,0,0,0,0,0,0,0,0,0,0,0,0,0,0,0,0,0,0,0,0,0,0,0,0,0,0,0,0,0,0,0,0,0,0
306,0,0,0,0,0,0,0,0,0,0,0,0,0,0,0,0,0,0,0,0,0,0,0,0,0,0,0,0,0,0,0,0,0,0,0,0,0,0,0,0,0,0,0,0,0,0,0,0,0,0,0,0,0,0,0,0,0,0,0,0,0,0,0,0,0
307,0,0,0,0,0,0,0,0,0,0,0,0,0,0,0,0,0,0,0,0,0,0,0,0,0,0,0,0,0,0,0,0,0,0,0,0,0,0,0,0,0,0,0,0,0,0,0,0,0,0,0,0,0,0,0,0,0,0,0,0,0,0,0,0,0
308,0,0,0,0,0,0,0,0,0,0,0,0,0,0,0,0,0,0,0,0,0,0,0,0,0,0,0,0,0,0,0,0,0,0,0,0,0,0,0,0,0,0,0,0,0,0,0,0,0,0,0,0,0,0,0,0,0,0,0,0,0,0,0,0,0
309,0,0,0,0,0,0,0,0,0,0,0,0,0,0,0,0,0,0,0,0,0,0,0,0,0,0,0,0,0,0,0,0,0,0,0,0,0,0,0,0,0,0,0,0,0,0,0,0,0,0,0,0,0,0,0,0,0,0,0,0,0,0,0,0,0
310,0,0,0,0,0,0,0,0,0,0,0,0,0,0,0,0,0,0,0,0,0,0,0,0,0,0,0,0,0,0,0,0,0,0,0,0,0,0,0,0,0,0,0,0,0,0,0,0,0,0,0,0,0,0,0,0,0,0,0,0,0,0,0,0,0
311,0,0,0,0,0,0,0,0,0,0,0,0,0,0,0,0,0,0,0,0,0,0,0,0,0,0,0,0,0,0,0,0,0,0,0,0,0,0,0,0,0,0,0,0,0,0,0,0,0,0,0,0,0,0,0,0,0,0,0,0,0,0,0,0,0
312,0,0,0,0,0,0,0,0,0,0,0,0,0,0,0,0,0,0,0,0,0,0,0,0,0,0,0,0,0,0,0,0,0,0,0,0,0,0,0,0,0,0,0,0,0,0,0,0,0,0,0,0,0,0,0,0,0,0,0,0,0,0,0,0,0
313,0,0,0,0,0,0,0,0,0,0,0,0,0,0,0,0,0,0,0,0,0,0,0,0,0,0,0,0,0,0,0,0,0,0,0,0,0,0,0,0,0,0,0,0,0,0,0,0,0,0,0,0,0,0,0,0,0,0,0,0,0,0,0,0,0
314,0,0,0,0,0,0,0,0,0,0,0,0,0,0,0,0,0,0,0,0,0,0,0,0,0,0,0,0,0,0,0,0,0,0,0,0,0,0,0,0,0,0,0,0,0,0,0,0,0,0,0,0,0,0,0,0,0,0,0,0,0,0,0,0,0
315,0,0,0,0,0,0,0,0,0,0,0,0,0,0,0,0,0,0,0,0,0,0,0,0,0,0,0,0,0,0,0,0,0,0,0,0,0,0,0,0,0,0,0,0,0,0,0,0,0,0,0,0,0,0,0,0,0,0,0,0,0,0,0,0,0
316,0,0,0,0,0,0,0,0,0,0,0,0,0,0,0,0,0,0,0,0,0,0,0,0,0,0,0,0,0,0,0,0,0,0,0,0,0,0,0,0,0,0,0,0,0,0,0,0,0,0,0,0,0,0,0,0,0,0,0,0,0,0,0,0,0
317,0,0,0,0,0,0,0,0,0,0,0,0,0,0,0,0,0,0,0,0,0,0,0,0,0,0,0,0,0,0,0,0,0,0,0,0,0,0,0,0,0,0,0,0,0,0,0,0,0,0,0,0,0,0,0,0,0,0,0,0,0,0,0,0,0
318,0,0,0,0,0,0,0,0,0,0,0,0,0,0,0,0,0,0,0,0,0,0,0,0,0,0,0,0,0,0,0,0,0,0,0,0,0,0,0,0,0,0,0,0,0,0,0,0,0,0,0,0,0,0,0,0,0,0,0,0,0,0,0,0,0
319,0,0,0,0,0,0,0,0,0,0,0,0,0,0,0,0,0,0,0,0,0,0,0,0,0,0,0,0,0,0,0,0,0,0,0,0,0,0,0,0,0,0,0,0,0,0,0,0,0,0,0,0,0,0,0,0,0,0,0,0,0,0,0,0,0
320,0,0,0,0,0,0,0,0,0,0,0,0,0,0,0,0,0,0,0,0,0,0,0,0,0,0,0,0,0,0,0,0,0,0,0,0,0,0,0,0,0,0,0,0,0,0,0,0,0,0,0,0,0,0,0,0,0,0,0,0,0,0,0,0,0
321,0,0,0,0,0,0,0,0,0,0,0,0,0,0,0,0,0,0,0,0,0,0,0,0,0,0,0,0,0,0,0,0,0,0,0,0,0,0,0,0,0,0,0,0,0,0,0,0,0,0,0,0,0,0,0,0,0,0,0,0,0,0,0,0,0
322,0,0,0,0,0,0,0,0,0,0,0,0,0,0,0,0,0,0,0,0,0,0,0,0,0,0,0,0,0,0,0,0,0,0,0,0,0,0,0,0,0,0,0,0,0,0,0,0,0,0,0,0,0,0,0,0,0,0,0,0,0,0,0,0,0
323,0,0,0,0,0,0,0,0,0,0,0,0,0,0,0,0,0,0,0,0,0,0,0,0,0,0,0,0,0,0,0,0,0,0,0,0,0,0,0,0,0,0,0,0,0,0,0,0,0,0,0,0,0,0,0,0,0,0,0,0,0,0,0,0,0
324,0,0,0,0,0,0,0,0,0,0,0,0,0,0,0,0,0,0,0,0,0,0,0,0,0,0,0,0,0,0,0,0,0,0,0,0,0,0,0,0,0,0,0,0,0,0,0,0,0,0,0,0,0,0,0,0,0,0,0,0,0,0,0,0,0
325,0,0,0,0,0,0,0,0,0,0,0,0,0,0,0,0,0,0,0,0,0,0,0,0,0,0,0,0,0,0,0,0,0,0,0,0,0,0,0,0,0,0,0,0,0,0,0,0,0,0,0,0,0,0,0,0,0,0,0,0,0,0,0,0,0
326,0,0,0,0,0,0,0,0,0,0,0,0,0,0,0,0,0,0,0,0,0,0,0,0,0,0,0,0,0,0,0,0,0,0,0,0,0,0,0,0,0,0,0,0,0,0,0,0,0,0,0,0,0,0,0,0,0,0,0,0,0,0,0,0,0
327,0,0,0,0,0,0,0,0,0,0,0,0,0,0,0,0,0,0,0,0,0,0,0,0,0,0,0,0,0,0,0,0,0,0,0,0,0,0,0,0,0,0,0,0,0,0,0,0,0,0,0,0,0,0,0,0,0,0,0,0,0,0,0,0,0
328,0,0,0,0,0,0,0,0,0,0,0,0,0,0,0,0,0,0,0,0,0,0,0,0,0,0,0,0,0,0,0,0,0,0,0,0,0,0,0,0,0,0,0,0,0,0,0,0,0,0,0,0,0,0,0,0,0,0,0,0,0,0,0,0,0
329,0,0,0,0,0,0,0,0,0,0,0,0,0,0,0,0,0,0,0,0,0,0,0,0,0,0,0,0,0,0,0,0,0,0,0,0,0,0,0,0,0,0,0,0,0,0,0,0,0,0,0,0,0,0,0,0,0,0,0,0,0,0,0,0,0
330,0,0,0,0,0,0,0,0,0,0,0,0,0,0,0,0,0,0,0,0,0,0,0,0,0,0,0,0,0,0,0,0,0,0,0,0,0,0,0,0,0,0,0,0,0,0,0,0,0,0,0,0,0,0,0,0,0,0,0,0,0,0,0,0,0
331,0,0,0,0,0,0,0,0,0,0,0,0,0,0,0,0,0,0,0,0,0,0,0,0,0,0,0,0,0,0,0,0,0,0,0,0,0,0,0,0,0,0,0,0,0,0,0,0,0,0,0,0,0,0,0,0,0,0,0,0,0,0,0,0,0
332,0,0,0,0,0,0,0,0,0,0,0,0,0,0,0,0,0,0,0,0,0,0,0,0,0,0,0,0,0,0,0,0,0,0,0,0,0,0,0,0,0,0,0,0,0,0,0,0,0,0,0,0,0,0,0,0,0,0,0,0,0,0,0,0,0
333,0,0,0,0,0,0,0,0,0,0,0,0,0,0,0,0,0,0,0,0,0,0,0,0,0,0,0,0,0,0,0,0,0,0,0,0,0,0,0,0,0,0,0,0,0,0,0,0,0,0,0,0,0,0,0,0,0,0,0,0,0,0,0,0,0
334,0,0,0,0,0,0,0,0,0,0,0,0,0,0,0,0,0,0,0,0,0,0,0,0,0,0,0,0,0,0,0,0,0,0,0,0,0,0,0,0,0,0,0,0,0,0,0,0,0,0,0,0,0,0,0,0,0,0,0,0,0,0,0,0,0
335,0,0,0,0,0,0,0,0,0,0,0,0,0,0,0,0,0,0,0,0,0,0,0,0,0,0,0,0,0,0,0,0,0,0,0,0,0,0,0,0,0,0,0,0,0,0,0,0,0,0,0,0,0,0,0,0,0,0,0,0,0,0,0,0,0
336,0,0,0,0,0,0,0,0,0,0,0,0,0,0,0,0,0,0,0,0,0,0,0,0,0,0,0,0,0,0,0,0,0,0,0,0,0,0,0,0,0,0,0,0,0,0,0,0,0,0,0,0,0,0,0,0,0,0,0,0,0,0,0,0,0
337,0,0,0,0,0,0,0,0,0,0,0,0,0,0,0,0,0,0,0,0,0,0,0,0,0,0,0,0,0,0,0,0,0,0,0,0,0,0,0,0,0,0,0,0,0,0,0,0,0,0,0,0,0,0,0,0,0,0,0,0,0,0,0,0,0
338,0,0,0,0,0,0,0,0,0,0,0,0,0,0,0,0,0,0,0,0,0,0,0,0,0,0,0,0,0,0,0,0,0,0,0,0,0,0,0,0,0,0,0,0,0,0,0,0,0,0,0,0,0,0,0,0,0,0,0,0,0,0,0,0,0
339,0,0,0,0,0,0,0,0,0,0,0,0,0,0,0,0,0,0,0,0,0,0,0,0,0,0,0,0,0,0,0,0,0,0,0,0,0,0,0,0,0,0,0,0,0,0,0,0,0,0,0,0,0,0,0,0,0,0,0,0,0,0,0,0,0
340,0,0,0,0,0,0,0,0,0,0,0,0,0,0,0,0,0,0,0,0,0,0,0,0,0,0,0,0,0,0,0,0,0,0,0,0,0,0,0,0,0,0,0,0,0,0,0,0,0,0,0,0,0,0,0,0,0,0,0,0,0,0,0,0,0
341,0,0,0,0,0,0,0,0,0,0,0,0,0,0,0,0,0,0,0,0,0,0,0,0,0,0,0,0,0,0,0,0,0,0,0,0,0,0,0,0,0,0,0,0,0,0,0,0,0,0,0,0,0,0,0,0,0,0,0,0,0,0,0,0,0
342,0,0,0,0,0,0,0,0,0,0,0,0,0,0,0,0,0,0,0,0,0,0,0,0,0,0,0,0,0,0,0,0,0,0,0,0,0,0,0,0,0,0,0,0,0,0,0,0,0,0,0,0,0,0,0,0,0,0,0,0,0,0,0,0,0
343,0,0,0,0,0,0,0,0,0,0,0,0,0,0,0,0,0,0,0,0,0,0,0,0,0,0,0,0,0,0,0,0,0,0,0,0,0,0,0,0,0,0,0,0,0,0,0,0,0,0,0,0,0,0,0,0,0,0,0,0,0,0,0,0,0
344,0,0,0,0,0,0,0,0,0,0,0,0,0,0,0,0,0,0,0,0,0,0,0,0,0,0,0,0,0,0,0,0,0,0,0,0,0,0,0,0,0,0,0,0,0,0,0,0,0,0,0,0,0,0,0,0,0,0,0,0,0,0,0,0,0
345,0,0,0,0,0,0,0,0,0,0,0,0,0,0,0,0,0,0,0,0,0,0,0,0,0,0,0,0,0,0,0,0,0,0,0,0,0,0,0,0,0,0,0,0,0,0,0,0,0,0,0,0,0,0,0,0,0,0,0,0,0,0,0,0,0
346,0,0,0,0,0,0,0,0,0,0,0,0,0,0,0,0,0,0,0,0,0,0,0,0,0,0,0,0,0,0,0,0,0,0,0,0,0,0,0,0,0,0,0,0,0,0,0,0,0,0,0,0,0,0,0,0,0,0,0,0,0,0,0,0,0
347,0,0,0,0,0,0,0,0,0,0,0,0,0,0,0,0,0,0,0,0,0,0,0,0,0,0,0,0,0,0,0,0,0,0,0,0,0,0,0,0,0,0,0,0,0,0,0,0,0,0,0,0,0,0,0,0,0,0,0,0,0,0,0,0,0
348,0,0,0,0,0,0,0,0,0,0,0,0,0,0,0,0,0,0,0,0,0,0,0,0,0,0,0,0,0,0,0,0,0,0,0,0,0,0,0,0,0,0,0,0,0,0,0,0,0,0,0,0,0,0,0,0,0,0,0,0,0,0,0,0,0
349,0,0,0,0,0,0,0,0,0,0,0,0,0,0,0,0,0,0,0,0,0,0,0,0,0,0,0,0,0,0,0,0,0,0,0,0,0,0,0,0,0,0,0,0,0,0,0,0,0,0,0,0,0,0,0,0,0,0,0,0,0,0,0,0,0
350,0,0,0,0,0,0,0,0,0,0,0,0,0,0,0,0,0,0,0,0,0,0,0,0,0,0,0,0,0,0,0,0,0,0,0,0,0,0,0,0,0,0,0,0,0,0,0,0,0,0,0,0,0,0,0,0,0,0,0,0,0,0,0,0,0
351,0,0,0,0,0,0,0,0,0,0,0,0,0,0,0,0,0,0,0,0,0,0,0,0,0,0,0,0,0,0,0,0,0,0,0,0,0,0,0,0,0,0,0,0,0,0,0,0,0,0,0,0,0,0,0,0,0,0,0,0,0,0,0,0,0
352,0,0,0,0,0,0,0,0,0,0,0,0,0,0,0,0,0,0,0,0,0,0,0,0,0,0,0,0,0,0,0,0,0,0,0,0,0,0,0,0,0,0,0,0,0,0,0,0,0,0,0,0,0,0,0,0,0,0,0,0,0,0,0,0,0
353,0,0,0,0,0,0,0,0,0,0,0,0,0,0,0,0,0,0,0,0,0,0,0,0,0,0,0,0,0,0,0,0,0,0,0,0,0,0,0,0,0,0,0,0,0,0,0,0,0,0,0,0,0,0,0,0,0,0,0,0,0,0,0,0,0
354,0,0,0,0,0,0,0,0,0,0,0,0,0,0,0,0,0,0,0,0,0,0,0,0,0,0,0,0,0,0,0,0,0,0,0,0,0,0,0,0,0,0,0,0,0,0,0,0,0,0,0,0,0,0,0,0,0,0,0,0,0,0,0,0,0
355,0,0,0,0,0,0,0,0,0,0,0,0,0,0,0,0,0,0,0,0,0,0,0,0,0,0,0,0,0,0,0,0,0,0,0,0,0,0,0,0,0,0,0,0,0,0,0,0,0,0,0,0,0,0,0,0,0,0,0,0,0,0,0,0,0
356,0,0,0,0,0,0,0,0,0,0,0,0,0,0,0,0,0,0,0,0,0,0,0,0,0,0,0,0,0,0,0,0,0,0,0,0,0,0,0,0,0,0,0,0,0,0,0,0,0,0,0,0,0,0,0,0,0,0,0,0,0,0,0,0,0
357,0,0,0,0,0,0,0,0,0,0,0,0,0,0,0,0,0,0,0,0,0,0,0,0,0,0,0,0,0,0,0,0,0,0,0,0,0,0,0,0,0,0,0,0,0,0,0,0,0,0,0,0,0,0,0,0,0,0,0,0,0,0,0,0,0
358,0,0,0,0,0,0,0,0,0,0,0,0,0,0,0,0,0,0,0,0,0,0,0,0,0,0,0,0,0,0,0,0,0,0,0,0,0,0,0,0,0,0,0,0,0,0,0,0,0,0,0,0,0,0,0,0,0,0,0,0,0,0,0,0,0
359,0,0,0,0,0,0,0,0,0,0,0,0,0,0,0,0,0,0,0,0,0,0,0,0,0,0,0,0,0,0,0,0,0,0,0,0,0,0,0,0,0,0,0,0,0,0,0,0,0,0,0,0,0,0,0,0,0,0,0,0,0,0,0,0,0
360,0,0,0,0,0,0,0,0,0,0,0,0,0,0,0,0,0,0,0,0,0,0,0,0,0,0,0,0,0,0,0,0,0,0,0,0,0,0,0,0,0,0,0,0,0,0,0,0,0,0,0,0,0,0,0,0,0,0,0,0,0,0,0,0,0
361,0,0,0,0,0,0,0,0,0,0,0,0,0,0,0,0,0,0,0,0,0,0,0,0,0,0,0,0,0,0,0,0,0,0,0,0,0,0,0,0,0,0,0,0,0,0,0,0,0,0,0,0,0,0,0,0,0,0,0,0,0,0,0,0,0
362,0,0,0,0,0,0,0,0,0,0,0,0,0,0,0,0,0,0,0,0,0,0,0,0,0,0,0,0,0,0,0,0,0,0,0,0,0,0,0,0,0,0,0,0,0,0,0,0,0,0,0,0,0,0,0,0,0,0,0,0,0,0,0,0,0
363,0,0,0,0,0,0,0,0,0,0,0,0,0,0,0,0,0,0,0,0,0,0,0,0,0,0,0,0,0,0,0,0,0,0,0,0,0,0,0,0,0,0,0,0,0,0,0,0,0,0,0,0,0,0,0,0,0,0,0,0,0,0,0,0,0
364,0,0,0,0,0,0,0,0,0,0,0,0,0,0,0,0,0,0,0,0,0,0,0,0,0,0,0,0,0,0,0,0,0,0,0,0,0,0,0,0,0,0,0,0,0,0,0,0,0,0,0,0,0,0,0,0,0,0,0,0,0,0,0,0,0
365,0,0,0,0,0,0,0,0,0,0,0,0,0,0,0,0,0,0,0,0,0,0,0,0,0,0,0,0,0,0,0,0,0,0,0,0,0,0,0,0,0,0,0,0,0,0,0,0,0,0,0,0,0,0,0,0,0,0,0,0,0,0,0,0,0
366,0,0,0,0,0,0,0,0,0,0,0,0,0,0,0,0,0,0,0,0,0,0,0,0,0,0,0,0,0,0,0,0,0,0,0,0,0,0,0,0,0,0,0,0,0,0,0,0,0,0,0,0,0,0,0,0,0,0,0,0,0,0,0,0,0
367,0,0,0,0,0,0,0,0,0,0,0,0,0,0,0,0,0,0,0,0,0,0,0,0,0,0,0,0,0,0,0,0,0,0,0,0,0,0,0,0,0,0,0,0,0,0,0,0,0,0,0,0,0,0,0,0,0,0,0,0,0,0,0,0,0
368,0,0,0,0,0,0,0,0,0,0,0,0,0,0,0,0,0,0,0,0,0,0,0,0,0,0,0,0,0,0,0,0,0,0,0,0,0,0,0,0,0,0,0,0,0,0,0,0,0,0,0,0,0,0,0,0,0,0,0,0,0,0,0,0,0
369,0,0,0,0,0,0,0,0,0,0,0,0,0,0,0,0,0,0,0,0,0,0,0,0,0,0,0,0,0,0,0,0,0,0,0,0,0,0,0,0,0,0,0,0,0,0,0,0,0,0,0,0,0,0,0,0,0,0,0,0,0,0,0,0,0
370,0,0,0,0,0,0,0,0,0,0,0,0,0,0,0,0,0,0,0,0,0,0,0,0,0,0,0,0,0,0,0,0,0,0,0,0,0,0,0,0,0,0,0,0,0,0,0,0,0,0,0,0,0,0,0,0,0,0,0,0,0,0,0,0,0
371,0,0,0,0,0,0,0,0,0,0,0,0,0,0,0,0,0,0,0,0,0,0,0,0,0,0,0,0,0,0,0,0,0,0,0,0,0,0,0,0,0,0,0,0,0,0,0,0,0,0,0,0,0,0,0,0,0,0,0,0,0,0,0,0,0
372,0,0,0,0,0,0,0,0,0,0,0,0,0,0,0,0,0,0,0,0,0,0,0,0,0,0,0,0,0,0,0,0,0,0,0,0,0,0,0,0,0,0,0,0,0,0,0,0,0,0,0,0,0,0,0,0,0,0,0,0,0,0,0,0,0
373,0,0,0,0,0,0,0,0,0,0,0,0,0,0,0,0,0,0,0,0,0,0,0,0,0,0,0,0,0,0,0,0,0,0,0,0,0,0,0,0,0,0,0,0,0,0,0,0,0,0,0,0,0,0,0,0,0,0,0,0,0,0,0,0,0
374,0,0,0,0,0,0,0,0,0,0,0,0,0,0,0,0,0,0,0,0,0,0,0,0,0,0,0,0,0,0,0,0,0,0,0,0,0,0,0,0,0,0,0,0,0,0,0,0,0,0,0,0,0,0,0,0,0,0,0,0,0,0,0,0,0
375,0,0,0,0,0,0,0,0,0,0,0,0,0,0,0,0,0,0,0,0,0,0,0,0,0,0,0,0,0,0,0,0,0,0,0,0,0,0,0,0,0,0,0,0,0,0,0,0,0,0,0,0,0,0,0,0,0,0,0,0,0,0,0,0,0
376,0,0,0,0,0,0,0,0,0,0,0,0,0,0,0,0,0,0,0,0,0,0,0,0,0,0,0,0,0,0,0,0,0,0,0,0,0,0,0,0,0,0,0,0,0,0,0,0,0,0,0,0,0,0,0,0,0,0,0,0,0,0,0,0,0
377,0,0,0,0,0,0,0,0,0,0,0,0,0,0,0,0,0,0,0,0,0,0,0,0,0,0,0,0,0,0,0,0,0,0,0,0,0,0,0,0,0,0,0,0,0,0,0,0,0,0,0,0,0,0,0,0,0,0,0,0,0,0,0,0,0
378,0,0,0,0,0,0,0,0,0,0,0,0,0,0,0,0,0,0,0,0,0,0,0,0,0,0,0,0,0,0,0,0,0,0,0,0,0,0,0,0,0,0,0,0,0,0,0,0,0,0,0,0,0,0,0,0,0,0,0,0,0,0,0,0,0
379,0,0,0,0,0,0,0,0,0,0,0,0,0,0,0,0,0,0,0,0,0,0,0,0,0,0,0,0,0,0,0,0,0,0,0,0,0,0,0,0,0,0,0,0,0,0,0,0,0,0,0,0,0,0,0,0,0,0,0,0,0,0,0,0,0
380,0,0,0,0,0,0,0,0,0,0,0,0,0,0,0,0,0,0,0,0,0,0,0,0,0,0,0,0,0,0,0,0,0,0,0,0,0,0,0,0,0,0,0,0,0,0,0,0,0,0,0,0,0,0,0,0,0,0,0,0,0,0,0,0,0
381,0,0,0,0,0,0,0,0,0,0,0,0,0,0,0,0,0,0,0,0,0,0,0,0,0,0,0,0,0,0,0,0,0,0,0,0,0,0,0,0,0,0,0,0,0,0,0,0,0,0,0,0,0,0,0,0,0,0,0,0,0,0,0,0,0
382,0,0,0,0,0,0,0,0,0,0,0,0,0,0,0,0,0,0,0,0,0,0,0,0,0,0,0,0,0,0,0,0,0,0,0,0,0,0,0,0,0,0,0,0,0,0,0,0,0,0,0,0,0,0,0,0,0,0,0,0,0,0,0,0,0
383,0,0,0,0,0,0,0,0,0,0,0,0,0,0,0,0,0,0,0,0,0,0,0,0,0,0,0,0,0,0,0,0,0,0,0,0,0,0,0,0,0,0,0,0,0,0,0,0,0,0,0,0,0,0,0,0,0,0,0,0,0,0,0,0,0
384,0,0,0,0,0,0,0,0,0,0,0,0,0,0,0,0,0,0,0,0,0,0,0,0,0,0,0,0,0,0,0,0,0,0,0,0,0,0,0,0,0,0,0,0,0,0,0,0,0,0,0,0,0,0,0,0,0,0,0,0,0,0,0,0,0
385,0,0,0,0,0,0,0,0,0,0,0,0,0,0,0,0,0,0,0,0,0,0,0,0,0,0,0,0,0,0,0,0,0,0,0,0,0,0,0,0,0,0,0,0,0,0,0,0,0,0,0,0,0,0,0,0,0,0,0,0,0,0,0,0,0
386,0,0,0,0,0,0,0,0,0,0,0,0,0,0,0,0,0,0,0,0,0,0,0,0,0,0,0,0,0,0,0,0,0,0,0,0,0,0,0,0,0,0,0,0,0,0,0,0,0,0,0,0,0,0,0,0,0,0,0,0,0,0,0,0,0
387,0,0,0,0,0,0,0,0,0,0,0,0,0,0,0,0,0,0,0,0,0,0,0,0,0,0,0,0,0,0,0,0,0,0,0,0,0,0,0,0,0,0,0,0,0,0,0,0,0,0,0,0,0,0,0,0,0,0,0,0,0,0,0,0,0
388,0,0,0,0,0,0,0,0,0,0,0,0,0,0,0,0,0,0,0,0,0,0,0,0,0,0,0,0,0,0,0,0,0,0,0,0,0,0,0,0,0,0,0,0,0,0,0,0,0,0,0,0,0,0,0,0,0,0,0,0,0,0,0,0,0
389,0,0,0,0,0,0,0,0,0,0,0,0,0,0,0,0,0,0,0,0,0,0,0,0,0,0,0,0,0,0,0,0,0,0,0,0,0,0,0,0,0,0,0,0,0,0,0,0,0,0,0,0,0,0,0,0,0,0,0,0,0,0,0,0,0
390,0,0,0,0,0,0,0,0,0,0,0,0,0,0,0,0,0,0,0,0,0,0,0,0,0,0,0,0,0,0,0,0,0,0,0,0,0,0,0,0,0,0,0,0,0,0,0,0,0,0,0,0,0,0,0,0,0,0,0,0,0,0,0,0,0
391,0,0,0,0,0,0,0,0,0,0,0,0,0,0,0,0,0,0,0,0,0,0,0,0,0,0,0,0,0,0,0,0,0,0,0,0,0,0,0,0,0,0,0,0,0,0,0,0,0,0,0,0,0,0,0,0,0,0,0,0,0,0,0,0,0
392,0,0,0,0,0,0,0,0,0,0,0,0,0,0,0,0,0,0,0,0,0,0,0,0,0,0,0,0,0,0,0,0,0,0,0,0,0,0,0,0,0,0,0,0,0,0,0,0,0,0,0,0,0,0,0,0,0,0,0,0,0,0,0,0,0
393,0,0,0,0,0,0,0,0,0,0,0,0,0,0,0,0,0,0,0,0,0,0,0,0,0,0,0,0,0,0,0,0,0,0,0,0,0,0,0,0,0,0,0,0,0,0,0,0,0,0,0,0,0,0,0,0,0,0,0,0,0,0,0,0,0
394,0,0,0,0,0,0,0,0,0,0,0,0,0,0,0,0,0,0,0,0,0,0,0,0,0,0,0,0,0,0,0,0,0,0,0,0,0,0,0,0,0,0,0,0,0,0,0,0,0,0,0,0,0,0,0,0,0,0,0,0,0,0,0,0,0
395,0,0,0,0,0,0,0,0,0,0,0,0,0,0,0,0,0,0,0,0,0,0,0,0,0,0,0,0,0,0,0,0,0,0,0,0,0,0,0,0,0,0,0,0,0,0,0,0,0,0,0,0,0,0,0,0,0,0,0,0,0,0,0,0,0
396,0,0,0,0,0,0,0,0,0,0,0,0,0,0,0,0,0,0,0,0,0,0,0,0,0,0,0,0,0,0,0,0,0,0,0,0,0,0,0,0,0,0,0,0,0,0,0,0,0,0,0,0,0,0,0,0,0,0,0,0,0,0,0,0,0
397,0,0,0,0,0,0,0,0,0,0,0,0,0,0,0,0,0,0,0,0,0,0,0,0,0,0,0,0,0,0,0,0,0,0,0,0,0,0,0,0,0,0,0,0,0,0,0,0,0,0,0,0,0,0,0,0,0,0,0,0,0,0,0,0,0
398,0,0,0,0,0,0,0,0,0,0,0,0,0,0,0,0,0,0,0,0,0,0,0,0,0,0,0,0,0,0,0,0,0,0,0,0,0,0,0,0,0,0,0,0,0,0,0,0,0,0,0,0,0,0,0,0,0,0,0,0,0,0,0,0,0
399,0,0,0,0,0,0,0,0,0,0,0,0,0,0,0,0,0,0,0,0,0,0,0,0,0,0,0,0,0,0,0,0,0,0,0,0,0,0,0,0,0,0,0,0,0,0,0,0,0,0,0,0,0,0,0,0,0,0,0,0,0,0,0,0,0
400,0,0,0,0,0,0,0,0,0,0,0,0,0,0,0,0,0,0,0,0,0,0,0,0,0,0,0,0,0,0,0,0,0,0,0,0,0,0,0,0,0,0,0,0,0,0,0,0,0,0,0,0,0,0,0,0,0,0,0,0,0,0,0,0,0
401,0,0,0,0,0,0,0,0,0,0,0,0,0,0,0,0,0,0,0,0,0,0,0,0,0,0,0,0,0,0,0,0,0,0,0,0,0,0,0,0,0,0,0,0,0,0,0,0,0,0,0,0,0,0,0,0,0,0,0,0,0,0,0,0,0
402,0,0,0,0,0,0,0,0,0,0,0,0,0,0,0,0,0,0,0,0,0,0,0,0,0,0,0,0,0,0,0,0,0,0,0,0,0,0,0,0,0,0,0,0,0,0,0,0,0,0,0,0,0,0,0,0,0,0,0,0,0,0,0,0,0
403,0,0,0,0,0,0,0,0,0,0,0,0,0,0,0,0,0,0,0,0,0,0,0,0,0,0,0,0,0,0,0,0,0,0,0,0,0,0,0,0,0,0,0,0,0,0,0,0,0,0,0,0,0,0,0,0,0,0,0,0,0,0,0,0,0
404,0,0,0,0,0,0,0,0,0,0,0,0,0,0,0,0,0,0,0,0,0,0,0,0,0,0,0,0,0,0,0,0,0,0,0,0,0,0,0,0,0,0,0,0,0,0,0,0,0,0,0,0,0,0,0,0,0,0,0,0,0,0,0,0,0
405,0,0,0,0,0,0,0,0,0,0,0,0,0,0,0,0,0,0,0,0,0,0,0,0,0,0,0,0,0,0,0,0,0,0,0,0,0,0,0,0,0,0,0,0,0,0,0,0,0,0,0,0,0,0,0,0,0,0,0,0,0,0,0,0,0
406,0,0,0,0,0,0,0,0,0,0,0,0,0,0,0,0,0,0,0,0,0,0,0,0,0,0,0,0,0,0,0,0,0,0,0,0,0,0,0,0,0,0,0,0,0,0,0,0,0,0,0,0,0,0,0,0,0,0,0,0,0,0,0,0,0
407,0,0,0,0,0,0,0,0,0,0,0,0,0,0,0,0,0,0,0,0,0,0,0,0,0,0,0,0,0,0,0,0,0,0,0,0,0,0,0,0,0,0,0,0,0,0,0,0,0,0,0,0,0,0,0,0,0,0,0,0,0,0,0,0,0
408,0,0,0,0,0,0,0,0,0,0,0,0,0,0,0,0,0,0,0,0,0,0,0,0,0,0,0,0,0,0,0,0,0,0,0,0,0,0,0,0,0,0,0,0,0,0,0,0,0,0,0,0,0,0,0,0,0,0,0,0,0,0,0,0,0
409,0,0,0,0,0,0,0,0,0,0,0,0,0,0,0,0,0,0,0,0,0,0,0,0,0,0,0,0,0,0,0,0,0,0,0,0,0,0,0,0,0,0,0,0,0,0,0,0,0,0,0,0,0,0,0,0,0,0,0,0,0,0,0,0,0
410,0,0,0,0,0,0,0,0,0,0,0,0,0,0,0,0,0,0,0,0,0,0,0,0,0,0,0,0,0,0,0,0,0,0,0,0,0,0,0,0,0,0,0,0,0,0,0,0,0,0,0,0,0,0,0,0,0,0,0,0,0,0,0,0,0
411,0,0,0,0,0,0,0,0,0,0,0,0,0,0,0,0,0,0,0,0,0,0,0,0,0,0,0,0,0,0,0,0,0,0,0,0,0,0,0,0,0,0,0,0,0,0,0,0,0,0,0,0,0,0,0,0,0,0,0,0,0,0,0,0,0
412,0,0,0,0,0,0,0,0,0,0,0,0,0,0,0,0,0,0,0,0,0,0,0,0,0,0,0,0,0,0,0,0,0,0,0,0,0,0,0,0,0,0,0,0,0,0,0,0,0,0,0,0,0,0,0,0,0,0,0,0,0,0,0,0,0
413,0,0,0,0,0,0,0,0,0,0,0,0,0,0,0,0,0,0,0,0,0,0,0,0,0,0,0,0,0,0,0,0,0,0,0,0,0,0,0,0,0,0,0,0,0,0,0,0,0,0,0,0,0,0,0,0,0,0,0,0,0,0,0,0,0
414,0,0,0,0,0,0,0,0,0,0,0,0,0,0,0,0,0,0,0,0,0,0,0,0,0,0,0,0,0,0,0,0,0,0,0,0,0,0,0,0,0,0,0,0,0,0,0,0,0,0,0,0,0,0,0,0,0,0,0,0,0,0,0,0,0
415,0,0,0,0,0,0,0,0,0,0,0,0,0,0,0,0,0,0,0,0,0,0,0,0,0,0,0,0,0,0,0,0,0,0,0,0,0,0,0,0,0,0,0,0,0,0,0,0,0,0,0,0,0,0,0,0,0,0,0,0,0,0,0,0,0
416,0,0,0,0,0,0,0,0,0,0,0,0,0,0,0,0,0,0,0,0,0,0,0,0,0,0,0,0,0,0,0,0,0,0,0,0,0,0,0,0,0,0,0,0,0,0,0,0,0,0,0,0,0,0,0,0,0,0,0,0,0,0,0,0,0
417,0,0,0,0,0,0,0,0,0,0,0,0,0,0,0,0,0,0,0,0,0,0,0,0,0,0,0,0,0,0,0,0,0,0,0,0,0,0,0,0,0,0,0,0,0,0,0,0,0,0,0,0,0,0,0,0,0,0,0,0,0,0,0,0,0
418,0,0,0,0,0,0,0,0,0,0,0,0,0,0,0,0,0,0,0,0,0,0,0,0,0,0,0,0,0,0,0,0,0,0,0,0,0,0,0,0,0,0,0,0,0,0,0,0,0,0,0,0,0,0,0,0,0,0,0,0,0,0,0,0,0
419,0,0,0,0,0,0,0,0,0,0,0,0,0,0,0,0,0,0,0,0,0,0,0,0,0,0,0,0,0,0,0,0,0,0,0,0,0,0,0,0,0,0,0,0,0,0,0,0,0,0,0,0,0,0,0,0,0,0,0,0,0,0,0,0,0
420,0,0,0,0,0,0,0,0,0,0,0,0,0,0,0,0,0,0,0,0,0,0,0,0,0,0,0,0,0,0,0,0,0,0,0,0,0,0,0,0,0,0,0,0,0,0,0,0,0,0,0,0,0,0,0,0,0,0,0,0,0,0,0,0,0
421,0,0,0,0,0,0,0,0,0,0,0,0,0,0,0,0,0,0,0,0,0,0,0,0,0,0,0,0,0,0,0,0,0,0,0,0,0,0,0,0,0,0,0,0,0,0,0,0,0,0,0,0,0,0,0,0,0,0,0,0,0,0,0,0,0
422,0,0,0,0,0,0,0,0,0,0,0,0,0,0,0,0,0,0,0,0,0,0,0,0,0,0,0,0,0,0,0,0,0,0,0,0,0,0,0,0,0,0,0,0,0,0,0,0,0,0,0,0,0,0,0,0,0,0,0,0,0,0,0,0,0
423,0,0,0,0,0,0,0,0,0,0,0,0,0,0,0,0,0,0,0,0,0,0,0,0,0,0,0,0,0,0,0,0,0,0,0,0,0,0,0,0,0,0,0,0,0,0,0,0,0,0,0,0,0,0,0,0,0,0,0,0,0,0,0,0,0
424,0,0,0,0,0,0,0,0,0,0,0,0,0,0,0,0,0,0,0,0,0,0,0,0,0,0,0,0,0,0,0,0,0,0,0,0,0,0,0,0,0,0,0,0,0,0,0,0,0,0,0,0,0,0,0,0,0,0,0,0,0,0,0,0,0
425,0,0,0,0,0,0,0,0,0,0,0,0,0,0,0,0,0,0,0,0,0,0,0,0,0,0,0,0,0,0,0,0,0,0,0,0,0,0,0,0,0,0,0,0,0,0,0,0,0,0,0,0,0,0,0,0,0,0,0,0,0,0,0,0,0
426,0,0,0,0,0,0,0,0,0,0,0,0,0,0,0,0,0,0,0,0,0,0,0,0,0,0,0,0,0,0,0,0,0,0,0,0,0,0,0,0,0,0,0,0,0,0,0,0,0,0,0,0,0,0,0,0,0,0,0,0,0,0,0,0,0
427,0,0,0,0,0,0,0,0,0,0,0,0,0,0,0,0,0,0,0,0,0,0,0,0,0,0,0,0,0,0,0,0,0,0,0,0,0,0,0,0,0,0,0,0,0,0,0,0,0,0,0,0,0,0,0,0,0,0,0,0,0,0,0,0,0
428,0,0,0,0,0,0,0,0,0,0,0,0,0,0,0,0,0,0,0,0,0,0,0,0,0,0,0,0,0,0,0,0,0,0,0,0,0,0,0,0,0,0,0,0,0,0,0,0,0,0,0,0,0,0,0,0,0,0,0,0,0,0,0,0,0
429,0,0,0,0,0,0,0,0,0,0,0,0,0,0,0,0,0,0,0,0,0,0,0,0,0,0,0,0,0,0,0,0,0,0,0,0,0,0,0,0,0,0,0,0,0,0,0,0,0,0,0,0,0,0,0,0,0,0,0,0,0,0,0,0,0
430,0,0,0,0,0,0,0,0,0,0,0,0,0,0,0,0,0,0,0,0,0,0,0,0,0,0,0,0,0,0,0,0,0,0,0,0,0,0,0,0,0,0,0,0,0,0,0,0,0,0,0,0,0,0,0,0,0,0,0,0,0,0,0,0,0
431,0,0,0,0,0,0,0,0,0,0,0,0,0,0,0,0,0,0,0,0,0,0,0,0,0,0,0,0,0,0,0,0,0,0,0,0,0,0,0,0,0,0,0,0,0,0,0,0,0,0,0,0,0,0,0,0,0,0,0,0,0,0,0,0,0
432,0,0,0,0,0,0,0,0,0,0,0,0,0,0,0,0,0,0,0,0,0,0,0,0,0,0,0,0,0,0,0,0,0,0,0,0,0,0,0,0,0,0,0,0,0,0,0,0,0,0,0,0,0,0,0,0,0,0,0,0,0,0,0,0,0
433,0,0,0,0,0,0,0,0,0,0,0,0,0,0,0,0,0,0,0,0,0,0,0,0,0,0,0,0,0,0,0,0,0,0,0,0,0,0,0,0,0,0,0,0,0,0,0,0,0,0,0,0,0,0,0,0,0,0,0,0,0,0,0,0,0
434,0,0,0,0,0,0,0,0,0,0,0,0,0,0,0,0,0,0,0,0,0,0,0,0,0,0,0,0,0,0,0,0,0,0,0,0,0,0,0,0,0,0,0,0,0,0,0,0,0,0,0,0,0,0,0,0,0,0,0,0,0,0,0,0,0
435,0,0,0,0,0,0,0,0,0,0,0,0,0,0,0,0,0,0,0,0,0,0,0,0,0,0,0,0,0,0,0,0,0,0,0,0,0,0,0,0,0,0,0,0,0,0,0,0,0,0,0,0,0,0,0,0,0,0,0,0,0,0,0,0,0
436,0,0,0,0,0,0,0,0,0,0,0,0,0,0,0,0,0,0,0,0,0,0,0,0,0,0,0,0,0,0,0,0,0,0,0,0,0,0,0,0,0,0,0,0,0,0,0,0,0,0,0,0,0,0,0,0,0,0,0,0,0,0,0,0,0
437,0,0,0,0,0,0,0,0,0,0,0,0,0,0,0,0,0,0,0,0,0,0,0,0,0,0,0,0,0,0,0,0,0,0,0,0,0,0,0,0,0,0,0,0,0,0,0,0,0,0,0,0,0,0,0,0,0,0,0,0,0,0,0,0,0
438,0,0,0,0,0,0,0,0,0,0,0,0,0,0,0,0,0,0,0,0,0,0,0,0,0,0,0,0,0,0,0,0,0,0,0,0,0,0,0,0,0,0,0,0,0,0,0,0,0,0,0,0,0,0,0,0,0,0,0,0,0,0,0,0,0
439,0,0,0,0,0,0,0,0,0,0,0,0,0,0,0,0,0,0,0,0,0,0,0,0,0,0,0,0,0,0,0,0,0,0,0,0,0,0,0,0,0,0,0,0,0,0,0,0,0,0,0,0,0,0,0,0,0,0,0,0,0,0,0,0,0
440,0,0,0,0,0,0,0,0,0,0,0,0,0,0,0,0,0,0,0,0,0,0,0,0,0,0,0,0,0,0,0,0,0,0,0,0,0,0,0,0,0,0,0,0,0,0,0,0,0,0,0,0,0,0,0,0,0,0,0,0,0,0,0,0,0
441,0,0,0,0,0,0,0,0,0,0,0,0,0,0,0,0,0,0,0,0,0,0,0,0,0,0,0,0,0,0,0,0,0,0,0,0,0,0,0,0,0,0,0,0,0,0,0,0,0,0,0,0,0,0,0,0,0,0,0,0,0,0,0,0,0
442,0,0,0,0,0,0,0,0,0,0,0,0,0,0,0,0,0,0,0,0,0,0,0,0,0,0,0,0,0,0,0,0,0,0,0,0,0,0,0,0,0,0,0,0,0,0,0,0,0,0,0,0,0,0,0,0,0,0,0,0,0,0,0,0,0
443,0,0,0,0,0,0,0,0,0,0,0,0,0,0,0,0,0,0,0,0,0,0,0,0,0,0,0,0,0,0,0,0,0,0,0,0,0,0,0,0,0,0,0,0,0,0,0,0,0,0,0,0,0,0,0,0,0,0,0,0,0,0,0,0,0
444,0,0,0,0,0,0,0,0,0,0,0,0,0,0,0,0,0,0,0,0,0,0,0,0,0,0,0,0,0,0,0,0,0,0,0,0,0,0,0,0,0,0,0,0,0,0,0,0,0,0,0,0,0,0,0,0,0,0,0,0,0,0,0,0,0
445,0,0,0,0,0,0,0,0,0,0,0,0,0,0,0,0,0,0,0,0,0,0,0,0,0,0,0,0,0,0,0,0,0,0,0,0,0,0,0,0,0,0,0,0,0,0,0,0,0,0,0,0,0,0,0,0,0,0,0,0,0,0,0,0,0
446,0,0,0,0,0,0,0,0,0,0,0,0,0,0,0,0,0,0,0,0,0,0,0,0,0,0,0,0,0,0,0,0,0,0,0,0,0,0,0,0,0,0,0,0,0,0,0,0,0,0,0,0,0,0,0,0,0,0,0,0,0,0,0,0,0
447,0,0,0,0,0,0,0,0,0,0,0,0,0,0,0,0,0,0,0,0,0,0,0,0,0,0,0,0,0,0,0,0,0,0,0,0,0,0,0,0,0,0,0,0,0,0,0,0,0,0,0,0,0,0,0,0,0,0,0,0,0,0,0,0,0
448,0,0,0,0,0,0,0,0,0,0,0,0,0,0,0,0,0,0,0,0,0,0,0,0,0,0,0,0,0,0,0,0,0,0,0,0,0,0,0,0,0,0,0,0,0,0,0,0,0,0,0,0,0,0,0,0,0,0,0,0,0,0,0,0,0
449,0,0,0,0,0,0,0,0,0,0,0,0,0,0,0,0,0,0,0,0,0,0,0,0,0,0,0,0,0,0,0,0,0,0,0,0,0,0,0,0,0,0,0,0,0,0,0,0,0,0,0,0,0,0,0,0,0,0,0,0,0,0,0,0,0
450,0,0,0,0,0,0,0,0,0,0,0,0,0,0,0,0,0,0,0,0,0,0,0,0,0,0,0,0,0,0,0,0,0,0,0,0,0,0,0,0,0,0,0,0,0,0,0,0,0,0,0,0,0,0,0,0,0,0,0,0,0,0,0,0,0
451,0,0,0,0,0,0,0,0,0,0,0,0,0,0,0,0,0,0,0,0,0,0,0,0,0,0,0,0,0,0,0,0,0,0,0,0,0,0,0,0,0,0,0,0,0,0,0,0,0,0,0,0,0,0,0,0,0,0,0,0,0,0,0,0,0
452,0,0,0,0,0,0,0,0,0,0,0,0,0,0,0,0,0,0,0,0,0,0,0,0,0,0,0,0,0,0,0,0,0,0,0,0,0,0,0,0,0,0,0,0,0,0,0,0,0,0,0,0,0,0,0,0,0,0,0,0,0,0,0,0,0
453,0,0,0,0,0,0,0,0,0,0,0,0,0,0,0,0,0,0,0,0,0,0,0,0,0,0,0,0,0,0,0,0,0,0,0,0,0,0,0,0,0,0,0,0,0,0,0,0,0,0,0,0,0,0,0,0,0,0,0,0,0,0,0,0,0
454,0,0,0,0,0,0,0,0,0,0,0,0,0,0,0,0,0,0,0,0,0,0,0,0,0,0,0,0,0,0,0,0,0,0,0,0,0,0,0,0,0,0,0,0,0,0,0,0,0,0,0,0,0,0,0,0,0,0,0,0,0,0,0,0,0
455,0,0,0,0,0,0,0,0,0,0,0,0,0,0,0,0,0,0,0,0,0,0,0,0,0,0,0,0,0,0,0,0,0,0,0,0,0,0,0,0,0,0,0,0,0,0,0,0,0,0,0,0,0,0,0,0,0,0,0,0,0,0,0,0,0
456,0,0,0,0,0,0,0,0,0,0,0,0,0,0,0,0,0,0,0,0,0,0,0,0,0,0,0,0,0,0,0,0,0,0,0,0,0,0,0,0,0,0,0,0,0,0,0,0,0,0,0,0,0,0,0,0,0,0,0,0,0,0,0,0,0
457,0,0,0,0,0,0,0,0,0,0,0,0,0,0,0,0,0,0,0,0,0,0,0,0,0,0,0,0,0,0,0,0,0,0,0,0,0,0,0,0,0,0,0,0,0,0,0,0,0,0,0,0,0,0,0,0,0,0,0,0,0,0,0,0,0
458,0,0,0,0,0,0,0,0,0,0,0,0,0,0,0,0,0,0,0,0,0,0,0,0,0,0,0,0,0,0,0,0,0,0,0,0,0,0,0,0,0,0,0,0,0,0,0,0,0,0,0,0,0,0,0,0,0,0,0,0,0,0,0,0,0
459,0,0,0,0,0,0,0,0,0,0,0,0,0,0,0,0,0,0,0,0,0,0,0,0,0,0,0,0,0,0,0,0,0,0,0,0,0,0,0,0,0,0,0,0,0,0,0,0,0,0,0,0,0,0,0,0,0,0,0,0,0,0,0,0,0
460,0,0,0,0,0,0,0,0,0,0,0,0,0,0,0,0,0,0,0,0,0,0,0,0,0,0,0,0,0,0,0,0,0,0,0,0,0,0,0,0,0,0,0,0,0,0,0,0,0,0,0,0,0,0,0,0,0,0,0,0,0,0,0,0,0
461,0,0,0,0,0,0,0,0,0,0,0,0,0,0,0,0,0,0,0,0,0,0,0,0,0,0,0,0,0,0,0,0,0,0,0,0,0,0,0,0,0,0,0,0,0,0,0,0,0,0,0,0,0,0,0,0,0,0,0,0,0,0,0,0,0
462,0,0,0,0,0,0,0,0,0,0,0,0,0,0,0,0,0,0,0,0,0,0,0,0,0,0,0,0,0,0,0,0,0,0,0,0,0,0,0,0,0,0,0,0,0,0,0,0,0,0,0,0,0,0,0,0,0,0,0,0,0,0,0,0,0
463,0,0,0,0,0,0,0,0,0,0,0,0,0,0,0,0,0,0,0,0,0,0,0,0,0,0,0,0,0,0,0,0,0,0,0,0,0,0,0,0,0,0,0,0,0,0,0,0,0,0,0,0,0,0,0,0,0,0,0,0,0,0,0,0,0
464,0,0,0,0,0,0,0,0,0,0,0,0,0,0,0,0,0,0,0,0,0,0,0,0,0,0,0,0,0,0,0,0,0,0,0,0,0,0,0,0,0,0,0,0,0,0,0,0,0,0,0,0,0,0,0,0,0,0,0,0,0,0,0,0,0
465,0,0,0,0,0,0,0,0,0,0,0,0,0,0,0,0,0,0,0,0,0,0,0,0,0,0,0,0,0,0,0,0,0,0,0,0,0,0,0,0,0,0,0,0,0,0,0,0,0,0,0,0,0,0,0,0,0,0,0,0,0,0,0,0,0
466,0,0,0,0,0,0,0,0,0,0,0,0,0,0,0,0,0,0,0,0,0,0,0,0,0,0,0,0,0,0,0,0,0,0,0,0,0,0,0,0,0,0,0,0,0,0,0,0,0,0,0,0,0,0,0,0,0,0,0,0,0,0,0,0,0
467,0,0,0,0,0,0,0,0,0,0,0,0,0,0,0,0,0,0,0,0,0,0,0,0,0,0,0,0,0,0,0,0,0,0,0,0,0,0,0,0,0,0,0,0,0,0,0,0,0,0,0,0,0,0,0,0,0,0,0,0,0,0,0,0,0
468,0,0,0,0,0,0,0,0,0,0,0,0,0,0,0,0,0,0,0,0,0,0,0,0,0,0,0,0,0,0,0,0,0,0,0,0,0,0,0,0,0,0,0,0,0,0,0,0,0,0,0,0,0,0,0,0,0,0,0,0,0,0,0,0,0
469,0,0,0,0,0,0,0,0,0,0,0,0,0,0,0,0,0,0,0,0,0,0,0,0,0,0,0,0,0,0,0,0,0,0,0,0,0,0,0,0,0,0,0,0,0,0,0,0,0,0,0,0,0,0,0,0,0,0,0,0,0,0,0,0,0
470,0,0,0,0,0,0,0,0,0,0,0,0,0,0,0,0,0,0,0,0,0,0,0,0,0,0,0,0,0,0,0,0,0,0,0,0,0,0,0,0,0,0,0,0,0,0,0,0,0,0,0,0,0,0,0,0,0,0,0,0,0,0,0,0,0
471,0,0,0,0,0,0,0,0,0,0,0,0,0,0,0,0,0,0,0,0,0,0,0,0,0,0,0,0,0,0,0,0,0,0,0,0,0,0,0,0,0,0,0,0,0,0,0,0,0,0,0,0,0,0,0,0,0,0,0,0,0,0,0,0,0
472,0,0,0,0,0,0,0,0,0,0,0,0,0,0,0,0,0,0,0,0,0,0,0,0,0,0,0,0,0,0,0,0,0,0,0,0,0,0,0,0,0,0,0,0,0,0,0,0,0,0,0,0,0,0,0,0,0,0,0,0,0,0,0,0,0
473,0,0,0,0,0,0,0,0,0,0,0,0,0,0,0,0,0,0,0,0,0,0,0,0,0,0,0,0,0,0,0,0,0,0,0,0,0,0,0,0,0,0,0,0,0,0,0,0,0,0,0,0,0,0,0,0,0,0,0,0,0,0,0,0,0
474,0,0,0,0,0,0,0,0,0,0,0,0,0,0,0,0,0,0,0,0,0,0,0,0,0,0,0,0,0,0,0,0,0,0,0,0,0,0,0,0,0,0,0,0,0,0,0,0,0,0,0,0,0,0,0,0,0,0,0,0,0,0,0,0,0
475,0,0,0,0,0,0,0,0,0,0,0,0,0,0,0,0,0,0,0,0,0,0,0,0,0,0,0,0,0,0,0,0,0,0,0,0,0,0,0,0,0,0,0,0,0,0,0,0,0,0,0,0,0,0,0,0,0,0,0,0,0,0,0,0,0
476,0,0,0,0,0,0,0,0,0,0,0,0,0,0,0,0,0,0,0,0,0,0,0,0,0,0,0,0,0,0,0,0,0,0,0,0,0,0,0,0,0,0,0,0,0,0,0,0,0,0,0,0,0,0,0,0,0,0,0,0,0,0,0,0,0
477,0,0,0,0,0,0,0,0,0,0,0,0,0,0,0,0,0,0,0,0,0,0,0,0,0,0,0,0,0,0,0,0,0,0,0,0,0,0,0,0,0,0,0,0,0,0,0,0,0,0,0,0,0,0,0,0,0,0,0,0,0,0,0,0,0
478,0,0,0,0,0,0,0,0,0,0,0,0,0,0,0,0,0,0,0,0,0,0,0,0,0,0,0,0,0,0,0,0,0,0,0,0,0,0,0,0,0,0,0,0,0,0,0,0,0,0,0,0,0,0,0,0,0,0,0,0,0,0,0,0,0
479,0,0,0,0,0,0,0,0,0,0,0,0,0,0,0,0,0,0,0,0,0,0,0,0,0,0,0,0,0,0,0,0,0,0,0,0,0,0,0,0,0,0,0,0,0,0,0,0,0,0,0,0,0,0,0,0,0,0,0,0,0,0,0,0,0
480,0,0,0,0,0,0,0,0,0,0,0,0,0,0,0,0,0,0,0,0,0,0,0,0,0,0,0,0,0,0,0,0,0,0,0,0,0,0,0,0,0,0,0,0,0,0,0,0,0,0,0,0,0,0,0,0,0,0,0,0,0,0,0,0,0
481,0,0,0,0,0,0,0,0,0,0,0,0,0,0,0,0,0,0,0,0,0,0,0,0,0,0,0,0,0,0,0,0,0,0,0,0,0,0,0,0,0,0,0,0,0,0,0,0,0,0,0,0,0,0,0,0,0,0,0,0,0,0,0,0,0
482,0,0,0,0,0,0,0,0,0,0,0,0,0,0,0,0,0,0,0,0,0,0,0,0,0,0,0,0,0,0,0,0,0,0,0,0,0,0,0,0,0,0,0,0,0,0,0,0,0,0,0,0,0,0,0,0,0,0,0,0,0,0,0,0,0
483,0,0,0,0,0,0,0,0,0,0,0,0,0,0,0,0,0,0,0,0,0,0,0,0,0,0,0,0,0,0,0,0,0,0,0,0,0,0,0,0,0,0,0,0,0,0,0,0,0,0,0,0,0,0,0,0,0,0,0,0,0,0,0,0,0
484,0,0,0,0,0,0,0,0,0,0,0,0,0,0,0,0,0,0,0,0,0,0,0,0,0,0,0,0,0,0,0,0,0,0,0,0,0,0,0,0,0,0,0,0,0,0,0,0,0,0,0,0,0,0,0,0,0,0,0,0,0,0,0,0,0
485,0,0,0,0,0,0,0,0,0,0,0,0,0,0,0,0,0,0,0,0,0,0,0,0,0,0,0,0,0,0,0,0,0,0,0,0,0,0,0,0,0,0,0,0,0,0,0,0,0,0,0,0,0,0,0,0,0,0,0,0,0,0,0,0,0
486,0,0,0,0,0,0,0,0,0,0,0,0,0,0,0,0,0,0,0,0,0,0,0,0,0,0,0,0,0,0,0,0,0,0,0,0,0,0,0,0,0,0,0,0,0,0,0,0,0,0,0,0,0,0,0,0,0,0,0,0,0,0,0,0,0
487,0,0,0,0,0,0,0,0,0,0,0,0,0,0,0,0,0,0,0,0,0,0,0,0,0,0,0,0,0,0,0,0,0,0,0,0,0,0,0,0,0,0,0,0,0,0,0,0,0,0,0,0,0,0,0,0,0,0,0,0,0,0,0,0,0
488,0,0,0,0,0,0,0,0,0,0,0,0,0,0,0,0,0,0,0,0,0,0,0,0,0,0,0,0,0,0,0,0,0,0,0,0,0,0,0,0,0,0,0,0,0,0,0,0,0,0,0,0,0,0,0,0,0,0,0,0,0,0,0,0,0
489,0,0,0,0,0,0,0,0,0,0,0,0,0,0,0,0,0,0,0,0,0,0,0,0,0,0,0,0,0,0,0,0,0,0,0,0,0,0,0,0,0,0,0,0,0,0,0,0,0,0,0,0,0,0,0,0,0,0,0,0,0,0,0,0,0
490,0,0,0,0,0,0,0,0,0,0,0,0,0,0,0,0,0,0,0,0,0,0,0,0,0,0,0,0,0,0,0,0,0,0,0,0,0,0,0,0,0,0,0,0,0,0,0,0,0,0,0,0,0,0,0,0,0,0,0,0,0,0,0,0,0
491,0,0,0,0,0,0,0,0,0,0,0,0,0,0,0,0,0,0,0,0,0,0,0,0,0,0,0,0,0,0,0,0,0,0,0,0,0,0,0,0,0,0,0,0,0,0,0,0,0,0,0,0,0,0,0,0,0,0,0,0,0,0,0,0,0
492,0,0,0,0,0,0,0,0,0,0,0,0,0,0,0,0,0,0,0,0,0,0,0,0,0,0,0,0,0,0,0,0,0,0,0,0,0,0,0,0,0,0,0,0,0,0,0,0,0,0,0,0,0,0,0,0,0,0,0,0,0,0,0,0,0
493,0,0,0,0,0,0,0,0,0,0,0,0,0,0,0,0,0,0,0,0,0,0,0,0,0,0,0,0,0,0,0,0,0,0,0,0,0,0,0,0,0,0,0,0,0,0,0,0,0,0,0,0,0,0,0,0,0,0,0,0,0,0,0,0,0
494,0,0,0,0,0,0,0,0,0,0,0,0,0,0,0,0,0,0,0,0,0,0,0,0,0,0,0,0,0,0,0,0,0,0,0,0,0,0,0,0,0,0,0,0,0,0,0,0,0,0,0,0,0,0,0,0,0,0,0,0,0,0,0,0,0
495,0,0,0,0,0,0,0,0,0,0,0,0,0,0,0,0,0,0,0,0,0,0,0,0,0,0,0,0,0,0,0,0,0,0,0,0,0,0,0,0,0,0,0,0,0,0,0,0,0,0,0,0,0,0,0,0,0,0,0,0,0,0,0,0,0
496,0,0,0,0,0,0,0,0,0,0,0,0,0,0,0,0,0,0,0,0,0,0,0,0,0,0,0,0,0,0,0,0,0,0,0,0,0,0,0,0,0,0,0,0,0,0,0,0,0,0,0,0,0,0,0,0,0,0,0,0,0,0,0,0,0
497,0,0,0,0,0,0,0,0,0,0,0,0,0,0,0,0,0,0,0,0,0,0,0,0,0,0,0,0,0,0,0,0,0,0,0,0,0,0,0,0,0,0,0,0,0,0,0,0,0,0,0,0,0,0,0,0,0,0,0,0,0,0,0,0,0
498,0,0,0,0,0,0,0,0,0,0,0,0,0,0,0,0,0,0,0,0,0,0,0,0,0,0,0,0,0,0,0,0,0,0,0,0,0,0,0,0,0,0,0,0,0,0,0,0,0,0,0,0,0,0,0,0,0,0,0,0,0,0,0,0,0
499,0,0,0,0,0,0,0,0,0,0,0,0,0,0,0,0,0,0,0,0,0,0,0,0,0,0,0,0,0,0,0,0,0,0,0,0,0,0,0,0,0,0,0,0,0,0,0,0,0,0,0,0,0,0,0,0,0,0,0,0,0,0,0,0,0
500,0,0,0,0,0,0,0,0,0,0,0,0,0,0,0,0,0,0,0,0,0,0,0,0,0,0,0,0,0,0,0,0,0,0,0,0,0,0,0,0,0,0,0,0,0,0,0,0,0,0,0,0,0,0,0,0,0,0,0,0,0,0,0,0,0
501,0,0,0,0,0,0,0,0,0,0,0,0,0,0,0,0,0,0,0,0,0,0,0,0,0,0,0,0,0,0,0,0,0,0,0,0,0,0,0,0,0,0,0,0,0,0,0,0,0,0,0,0,0,0,0,0,0,0,0,0,0,0,0,0,0
502,0,0,0,0,0,0,0,0,0,0,0,0,0,0,0,0,0,0,0,0,0,0,0,0,0,0,0,0,0,0,0,0,0,0,0,0,0,0,0,0,0,0,0,0,0,0,0,0,0,0,0,0,0,0,0,0,0,0,0,0,0,0,0,0,0
503,0,0,0,0,0,0,0,0,0,0,0,0,0,0,0,0,0,0,0,0,0,0,0,0,0,0,0,0,0,0,0,0,0,0,0,0,0,0,0,0,0,0,0,0,0,0,0,0,0,0,0,0,0,0,0,0,0,0,0,0,0,0,0,0,0
504,0,0,0,0,0,0,0,0,0,0,0,0,0,0,0,0,0,0,0,0,0,0,0,0,0,0,0,0,0,0,0,0,0,0,0,0,0,0,0,0,0,0,0,0,0,0,0,0,0,0,0,0,0,0,0,0,0,0,0,0,0,0,0,0,0
505,0,0,0,0,0,0,0,0,0,0,0,0,0,0,0,0,0,0,0,0,0,0,0,0,0,0,0,0,0,0,0,0,0,0,0,0,0,0,0,0,0,0,0,0,0,0,0,0,0,0,0,0,0,0,0,0,0,0,0,0,0,0,0,0,0
506,0,0,0,0,0,0,0,0,0,0,0,0,0,0,0,0,0,0,0,0,0,0,0,0,0,0,0,0,0,0,0,0,0,0,0,0,0,0,0,0,0,0,0,0,0,0,0,0,0,0,0,0,0,0,0,0,0,0,0,0,0,0,0,0,0
507,0,0,0,0,0,0,0,0,0,0,0,0,0,0,0,0,0,0,0,0,0,0,0,0,0,0,0,0,0,0,0,0,0,0,0,0,0,0,0,0,0,0,0,0,0,0,0,0,0,0,0,0,0,0,0,0,0,0,0,0,0,0,0,0,0
508,0,0,0,0,0,0,0,0,0,0,0,0,0,0,0,0,0,0,0,0,0,0,0,0,0,0,0,0,0,0,0,0,0,0,0,0,0,0,0,0,0,0,0,0,0,0,0,0,0,0,0,0,0,0,0,0,0,0,0,0,0,0,0,0,0
509,0,0,0,0,0,0,0,0,0,0,0,0,0,0,0,0,0,0,0,0,0,0,0,0,0,0,0,0,0,0,0,0,0,0,0,0,0,0,0,0,0,0,0,0,0,0,0,0,0,0,0,0,0,0,0,0,0,0,0,0,0,0,0,0,0
510,0,0,0,0,0,0,0,0,0,0,0,0,0,0,0,0,0,0,0,0,0,0,0,0,0,0,0,0,0,0,0,0,0,0,0,0,0,0,0,0,0,0,0,0,0,0,0,0,0,0,0,0,0,0,0,0,0,0,0,0,0,0,0,0,0
511,0,0,0,0,0,0,0,0,0,0,0,0,0,0,0,0,0,0,0,0,0,0,0,0,0,0,0,0,0,0,0,0,0,0,0,0,0,0,0,0,0,0,0,0,0,0,0,0,0,0,0,0,0,0,0,0,0,0,0,0,0,0,0,0,0
512,0,0,0,0,0,0,0,0,0,0,0,0,0,0,0,0,0,0,0,0,0,0,0,0,0,0,0,0,0,0,0,0,0,0,0,0,0,0,0,0,0,0,0,0,0,0,0,0,0,0,0,0,0,0,0,0,0,0,0,0,0,0,0,0,0
513,0,0,0,0,0,0,0,0,0,0,0,0,0,0,0,0,0,0,0,0,0,0,0,0,0,0,0,0,0,0,0,0,0,0,0,0,0,0,0,0,0,0,0,0,0,0,0,0,0,0,0,0,0,0,0,0,0,0,0,0,0,0,0,0,0
514,0,0,0,0,0,0,0,0,0,0,0,0,0,0,0,0,0,0,0,0,0,0,0,0,0,0,0,0,0,0,0,0,0,0,0,0,0,0,0,0,0,0,0,0,0,0,0,0,0,0,0,0,0,0,0,0,0,0,0,0,0,0,0,0,0
515,0,0,0,0,0,0,0,0,0,0,0,0,0,0,0,0,0,0,0,0,0,0,0,0,0,0,0,0,0,0,0,0,0,0,0,0,0,0,0,0,0,0,0,0,0,0,0,0,0,0,0,0,0,0,0,0,0,0,0,0,0,0,0,0,0
516,0,0,0,0,0,0,0,0,0,0,0,0,0,0,0,0,0,0,0,0,0,0,0,0,0,0,0,0,0,0,0,0,0,0,0,0,0,0,0,0,0,0,0,0,0,0,0,0,0,0,0,0,0,0,0,0,0,0,0,0,0,0,0,0,0
517,0,0,0,0,0,0,0,0,0,0,0,0,0,0,0,0,0,0,0,0,0,0,0,0,0,0,0,0,0,0,0,0,0,0,0,0,0,0,0,0,0,0,0,0,0,0,0,0,0,0,0,0,0,0,0,0,0,0,0,0,0,0,0,0,0
518,0,0,0,0,0,0,0,0,0,0,0,0,0,0,0,0,0,0,0,0,0,0,0,0,0,0,0,0,0,0,0,0,0,0,0,0,0,0,0,0,0,0,0,0,0,0,0,0,0,0,0,0,0,0,0,0,0,0,0,0,0,0,0,0,0
519,0,0,0,0,0,0,0,0,0,0,0,0,0,0,0,0,0,0,0,0,0,0,0,0,0,0,0,0,0,0,0,0,0,0,0,0,0,0,0,0,0,0,0,0,0,0,0,0,0,0,0,0,0,0,0,0,0,0,0,0,0,0,0,0,0
520,0,0,0,0,0,0,0,0,0,0,0,0,0,0,0,0,0,0,0,0,0,0,0,0,0,0,0,0,0,0,0,0,0,0,0,0,0,0,0,0,0,0,0,0,0,0,0,0,0,0,0,0,0,0,0,0,0,0,0,0,0,0,0,0,0
521,0,0,0,0,0,0,0,0,0,0,0,0,0,0,0,0,0,0,0,0,0,0,0,0,0,0,0,0,0,0,0,0,0,0,0,0,0,0,0,0,0,0,0,0,0,0,0,0,0,0,0,0,0,0,0,0,0,0,0,0,0,0,0,0,0
522,0,0,0,0,0,0,0,0,0,0,0,0,0,0,0,0,0,0,0,0,0,0,0,0,0,0,0,0,0,0,0,0,0,0,0,0,0,0,0,0,0,0,0,0,0,0,0,0,0,0,0,0,0,0,0,0,0,0,0,0,0,0,0,0,0
523,0,0,0,0,0,0,0,0,0,0,0,0,0,0,0,0,0,0,0,0,0,0,0,0,0,0,0,0,0,0,0,0,0,0,0,0,0,0,0,0,0,0,0,0,0,0,0,0,0,0,0,0,0,0,0,0,0,0,0,0,0,0,0,0,0
524,0,0,0,0,0,0,0,0,0,0,0,0,0,0,0,0,0,0,0,0,0,0,0,0,0,0,0,0,0,0,0,0,0,0,0,0,0,0,0,0,0,0,0,0,0,0,0,0,0,0,0,0,0,0,0,0,0,0,0,0,0,0,0,0,0
525,0,0,0,0,0,0,0,0,0,0,0,0,0,0,0,0,0,0,0,0,0,0,0,0,0,0,0,0,0,0,0,0,0,0,0,0,0,0,0,0,0,0,0,0,0,0,0,0,0,0,0,0,0,0,0,0,0,0,0,0,0,0,0,0,0
526,0,0,0,0,0,0,0,0,0,0,0,0,0,0,0,0,0,0,0,0,0,0,0,0,0,0,0,0,0,0,0,0,0,0,0,0,0,0,0,0,0,0,0,0,0,0,0,0,0,0,0,0,0,0,0,0,0,0,0,0,0,0,0,0,0
527,0,0,0,0,0,0,0,0,0,0,0,0,0,0,0,0,0,0,0,0,0,0,0,0,0,0,0,0,0,0,0,0,0,0,0,0,0,0,0,0,0,0,0,0,0,0,0,0,0,0,0,0,0,0,0,0,0,0,0,0,0,0,0,0,0
528,0,0,0,0,0,0,0,0,0,0,0,0,0,0,0,0,0,0,0,0,0,0,0,0,0,0,0,0,0,0,0,0,0,0,0,0,0,0,0,0,0,0,0,0,0,0,0,0,0,0,0,0,0,0,0,0,0,0,0,0,0,0,0,0,0
529,0,0,0,0,0,0,0,0,0,0,0,0,0,0,0,0,0,0,0,0,0,0,0,0,0,0,0,0,0,0,0,0,0,0,0,0,0,0,0,0,0,0,0,0,0,0,0,0,0,0,0,0,0,0,0,0,0,0,0,0,0,0,0,0,0
530,0,0,0,0,0,0,0,0,0,0,0,0,0,0,0,0,0,0,0,0,0,0,0,0,0,0,0,0,0,0,0,0,0,0,0,0,0,0,0,0,0,0,0,0,0,0,0,0,0,0,0,0,0,0,0,0,0,0,0,0,0,0,0,0,0
531,0,0,0,0,0,0,0,0,0,0,0,0,0,0,0,0,0,0,0,0,0,0,0,0,0,0,0,0,0,0,0,0,0,0,0,0,0,0,0,0,0,0,0,0,0,0,0,0,0,0,0,0,0,0,0,0,0,0,0,0,0,0,0,0,0
532,0,0,0,0,0,0,0,0,0,0,0,0,0,0,0,0,0,0,0,0,0,0,0,0,0,0,0,0,0,0,0,0,0,0,0,0,0,0,0,0,0,0,0,0,0,0,0,0,0,0,0,0,0,0,0,0,0,0,0,0,0,0,0,0,0
533,0,0,0,0,0,0,0,0,0,0,0,0,0,0,0,0,0,0,0,0,0,0,0,0,0,0,0,0,0,0,0,0,0,0,0,0,0,0,0,0,0,0,0,0,0,0,0,0,0,0,0,0,0,0,0,0,0,0,0,0,0,0,0,0,0
534,0,0,0,0,0,0,0,0,0,0,0,0,0,0,0,0,0,0,0,0,0,0,0,0,0,0,0,0,0,0,0,0,0,0,0,0,0,0,0,0,0,0,0,0,0,0,0,0,0,0,0,0,0,0,0,0,0,0,0,0,0,0,0,0,0
535,0,0,0,0,0,0,0,0,0,0,0,0,0,0,0,0,0,0,0,0,0,0,0,0,0,0,0,0,0,0,0,0,0,0,0,0,0,0,0,0,0,0,0,0,0,0,0,0,0,0,0,0,0,0,0,0,0,0,0,0,0,0,0,0,0
536,0,0,0,0,0,0,0,0,0,0,0,0,0,0,0,0,0,0,0,0,0,0,0,0,0,0,0,0,0,0,0,0,0,0,0,0,0,0,0,0,0,0,0,0,0,0,0,0,0,0,0,0,0,0,0,0,0,0,0,0,0,0,0,0,0
537,0,0,0,0,0,0,0,0,0,0,0,0,0,0,0,0,0,0,0,0,0,0,0,0,0,0,0,0,0,0,0,0,0,0,0,0,0,0,0,0,0,0,0,0,0,0,0,0,0,0,0,0,0,0,0,0,0,0,0,0,0,0,0,0,0
538,0,0,0,0,0,0,0,0,0,0,0,0,0,0,0,0,0,0,0,0,0,0,0,0,0,0,0,0,0,0,0,0,0,0,0,0,0,0,0,0,0,0,0,0,0,0,0,0,0,0,0,0,0,0,0,0,0,0,0,0,0,0,0,0,0
539,0,0,0,0,0,0,0,0,0,0,0,0,0,0,0,0,0,0,0,0,0,0,0,0,0,0,0,0,0,0,0,0,0,0,0,0,0,0,0,0,0,0,0,0,0,0,0,0,0,0,0,0,0,0,0,0,0,0,0,0,0,0,0,0,0
540,0,0,0,0,0,0,0,0,0,0,0,0,0,0,0,0,0,0,0,0,0,0,0,0,0,0,0,0,0,0,0,0,0,0,0,0,0,0,0,0,0,0,0,0,0,0,0,0,0,0,0,0,0,0,0,0,0,0,0,0,0,0,0,0,0
541,0,0,0,0,0,0,0,0,0,0,0,0,0,0,0,0,0,0,0,0,0,0,0,0,0,0,0,0,0,0,0,0,0,0,0,0,0,0,0,0,0,0,0,0,0,0,0,0,0,0,0,0,0,0,0,0,0,0,0,0,0,0,0,0,0
542,0,0,0,0,0,0,0,0,0,0,0,0,0,0,0,0,0,0,0,0,0,0,0,0,0,0,0,0,0,0,0,0,0,0,0,0,0,0,0,0,0,0,0,0,0,0,0,0,0,0,0,0,0,0,0,0,0,0,0,0,0,0,0,0,0
543,0,0,0,0,0,0,0,0,0,0,0,0,0,0,0,0,0,0,0,0,0,0,0,0,0,0,0,0,0,0,0,0,0,0,0,0,0,0,0,0,0,0,0,0,0,0,0,0,0,0,0,0,0,0,0,0,0,0,0,0,0,0,0,0,0
544,0,0,0,0,0,0,0,0,0,0,0,0,0,0,0,0,0,0,0,0,0,0,0,0,0,0,0,0,0,0,0,0,0,0,0,0,0,0,0,0,0,0,0,0,0,0,0,0,0,0,0,0,0,0,0,0,0,0,0,0,0,0,0,0,0
545,0,0,0,0,0,0,0,0,0,0,0,0,0,0,0,0,0,0,0,0,0,0,0,0,0,0,0,0,0,0,0,0,0,0,0,0,0,0,0,0,0,0,0,0,0,0,0,0,0,0,0,0,0,0,0,0,0,0,0,0,0,0,0,0,0
546,0,0,0,0,0,0,0,0,0,0,0,0,0,0,0,0,0,0,0,0,0,0,0,0,0,0,0,0,0,0,0,0,0,0,0,0,0,0,0,0,0,0,0,0,0,0,0,0,0,0,0,0,0,0,0,0,0,0,0,0,0,0,0,0,0
547,0,0,0,0,0,0,0,0,0,0,0,0,0,0,0,0,0,0,0,0,0,0,0,0,0,0,0,0,0,0,0,0,0,0,0,0,0,0,0,0,0,0,0,0,0,0,0,0,0,0,0,0,0,0,0,0,0,0,0,0,0,0,0,0,0
548,0,0,0,0,0,0,0,0,0,0,0,0,0,0,0,0,0,0,0,0,0,0,0,0,0,0,0,0,0,0,0,0,0,0,0,0,0,0,0,0,0,0,0,0,0,0,0,0,0,0,0,0,0,0,0,0,0,0,0,0,0,0,0,0,0
549,0,0,0,0,0,0,0,0,0,0,0,0,0,0,0,0,0,0,0,0,0,0,0,0,0,0,0,0,0,0,0,0,0,0,0,0,0,0,0,0,0,0,0,0,0,0,0,0,0,0,0,0,0,0,0,0,0,0,0,0,0,0,0,0,0
550,0,0,0,0,0,0,0,0,0,0,0,0,0,0,0,0,0,0,0,0,0,0,0,0,0,0,0,0,0,0,0,0,0,0,0,0,0,0,0,0,0,0,0,0,0,0,0,0,0,0,0,0,0,0,0,0,0,0,0,0,0,0,0,0,0
551,0,0,0,0,0,0,0,0,0,0,0,0,0,0,0,0,0,0,0,0,0,0,0,0,0,0,0,0,0,0,0,0,0,0,0,0,0,0,0,0,0,0,0,0,0,0,0,0,0,0,0,0,0,0,0,0,0,0,0,0,0,0,0,0,0
552,0,0,0,0,0,0,0,0,0,0,0,0,0,0,0,0,0,0,0,0,0,0,0,0,0,0,0,0,0,0,0,0,0,0,0,0,0,0,0,0,0,0,0,0,0,0,0,0,0,0,0,0,0,0,0,0,0,0,0,0,0,0,0,0,0
553,0,0,0,0,0,0,0,0,0,0,0,0,0,0,0,0,0,0,0,0,0,0,0,0,0,0,0,0,0,0,0,0,0,0,0,0,0,0,0,0,0,0,0,0,0,0,0,0,0,0,0,0,0,0,0,0,0,0,0,0,0,0,0,0,0
554,0,0,0,0,0,0,0,0,0,0,0,0,0,0,0,0,0,0,0,0,0,0,0,0,0,0,0,0,0,0,0,0,0,0,0,0,0,0,0,0,0,0,0,0,0,0,0,0,0,0,0,0,0,0,0,0,0,0,0,0,0,0,0,0,0
555,0,0,0,0,0,0,0,0,0,0,0,0,0,0,0,0,0,0,0,0,0,0,0,0,0,0,0,0,0,0,0,0,0,0,0,0,0,0,0,0,0,0,0,0,0,0,0,0,0,0,0,0,0,0,0,0,0,0,0,0,0,0,0,0,0
556,0,0,0,0,0,0,0,0,0,0,0,0,0,0,0,0,0,0,0,0,0,0,0,0,0,0,0,0,0,0,0,0,0,0,0,0,0,0,0,0,0,0,0,0,0,0,0,0,0,0,0,0,0,0,0,0,0,0,0,0,0,0,0,0,0
557,0,0,0,0,0,0,0,0,0,0,0,0,0,0,0,0,0,0,0,0,0,0,0,0,0,0,0,0,0,0,0,0,0,0,0,0,0,0,0,0,0,0,0,0,0,0,0,0,0,0,0,0,0,0,0,0,0,0,0,0,0,0,0,0,0
558,0,0,0,0,0,0,0,0,0,0,0,0,0,0,0,0,0,0,0,0,0,0,0,0,0,0,0,0,0,0,0,0,0,0,0,0,0,0,0,0,0,0,0,0,0,0,0,0,0,0,0,0,0,0,0,0,0,0,0,0,0,0,0,0,0
559,0,0,0,0,0,0,0,0,0,0,0,0,0,0,0,0,0,0,0,0,0,0,0,0,0,0,0,0,0,0,0,0,0,0,0,0,0,0,0,0,0,0,0,0,0,0,0,0,0,0,0,0,0,0,0,0,0,0,0,0,0,0,0,0,0
560,0,0,0,0,0,0,0,0,0,0,0,0,0,0,0,0,0,0,0,0,0,0,0,0,0,0,0,0,0,0,0,0,0,0,0,0,0,0,0,0,0,0,0,0,0,0,0,0,0,0,0,0,0,0,0,0,0,0,0,0,0,0,0,0,0
561,0,0,0,0,0,0,0,0,0,0,0,0,0,0,0,0,0,0,0,0,0,0,0,0,0,0,0,0,0,0,0,0,0,0,0,0,0,0,0,0,0,0,0,0,0,0,0,0,0,0,0,0,0,0,0,0,0,0,0,0,0,0,0,0,0
562,0,0,0,0,0,0,0,0,0,0,0,0,0,0,0,0,0,0,0,0,0,0,0,0,0,0,0,0,0,0,0,0,0,0,0,0,0,0,0,0,0,0,0,0,0,0,0,0,0,0,0,0,0,0,0,0,0,0,0,0,0,0,0,0,0
563,0,0,0,0,0,0,0,0,0,0,0,0,0,0,0,0,0,0,0,0,0,0,0,0,0,0,0,0,0,0,0,0,0,0,0,0,0,0,0,0,0,0,0,0,0,0,0,0,0,0,0,0,0,0,0,0,0,0,0,0,0,0,0,0,0
564,0,0,0,0,0,0,0,0,0,0,0,0,0,0,0,0,0,0,0,0,0,0,0,0,0,0,0,0,0,0,0,0,0,0,0,0,0,0,0,0,0,0,0,0,0,0,0,0,0,0,0,0,0,0,0,0,0,0,0,0,0,0,0,0,0
565,0,0,0,0,0,0,0,0,0,0,0,0,0,0,0,0,0,0,0,0,0,0,0,0,0,0,0,0,0,0,0,0,0,0,0,0,0,0,0,0,0,0,0,0,0,0,0,0,0,0,0,0,0,0,0,0,0,0,0,0,0,0,0,0,0
566,0,0,0,0,0,0,0,0,0,0,0,0,0,0,0,0,0,0,0,0,0,0,0,0,0,0,0,0,0,0,0,0,0,0,0,0,0,0,0,0,0,0,0,0,0,0,0,0,0,0,0,0,0,0,0,0,0,0,0,0,0,0,0,0,0
567,0,0,0,0,0,0,0,0,0,0,0,0,0,0,0,0,0,0,0,0,0,0,0,0,0,0,0,0,0,0,0,0,0,0,0,0,0,0,0,0,0,0,0,0,0,0,0,0,0,0,0,0,0,0,0,0,0,0,0,0,0,0,0,0,0
568,0,0,0,0,0,0,0,0,0,0,0,0,0,0,0,0,0,0,0,0,0,0,0,0,0,0,0,0,0,0,0,0,0,0,0,0,0,0,0,0,0,0,0,0,0,0,0,0,0,0,0,0,0,0,0,0,0,0,0,0,0,0,0,0,0
569,0,0,0,0,0,0,0,0,0,0,0,0,0,0,0,0,0,0,0,0,0,0,0,0,0,0,0,0,0,0,0,0,0,0,0,0,0,0,0,0,0,0,0,0,0,0,0,0,0,0,0,0,0,0,0,0,0,0,0,0,0,0,0,0,0
570,0,0,0,0,0,0,0,0,0,0,0,0,0,0,0,0,0,0,0,0,0,0,0,0,0,0,0,0,0,0,0,0,0,0,0,0,0,0,0,0,0,0,0,0,0,0,0,0,0,0,0,0,0,0,0,0,0,0,0,0,0,0,0,0,0
571,0,0,0,0,0,0,0,0,0,0,0,0,0,0,0,0,0,0,0,0,0,0,0,0,0,0,0,0,0,0,0,0,0,0,0,0,0,0,0,0,0,0,0,0,0,0,0,0,0,0,0,0,0,0,0,0,0,0,0,0,0,0,0,0,0
572,0,0,0,0,0,0,0,0,0,0,0,0,0,0,0,0,0,0,0,0,0,0,0,0,0,0,0,0,0,0,0,0,0,0,0,0,0,0,0,0,0,0,0,0,0,0,0,0,0,0,0,0,0,0,0,0,0,0,0,0,0,0,0,0,0
573,0,0,0,0,0,0,0,0,0,0,0,0,0,0,0,0,0,0,0,0,0,0,0,0,0,0,0,0,0,0,0,0,0,0,0,0,0,0,0,0,0,0,0,0,0,0,0,0,0,0,0,0,0,0,0,0,0,0,0,0,0,0,0,0,0
574,0,0,0,0,0,0,0,0,0,0,0,0,0,0,0,0,0,0,0,0,0,0,0,0,0,0,0,0,0,0,0,0,0,0,0,0,0,0,0,0,0,0,0,0,0,0,0,0,0,0,0,0,0,0,0,0,0,0,0,0,0,0,0,0,0
575,0,0,0,0,0,0,0,0,0,0,0,0,0,0,0,0,0,0,0,0,0,0,0,0,0,0,0,0,0,0,0,0,0,0,0,0,0,0,0,0,0,0,0,0,0,0,0,0,0,0,0,0,0,0,0,0,0,0,0,0,0,0,0,0,0
576,0,0,0,0,0,0,0,0,0,0,0,0,0,0,0,0,0,0,0,0,0,0,0,0,0,0,0,0,0,0,0,0,0,0,0,0,0,0,0,0,0,0,0,0,0,0,0,0,0,0,0,0,0,0,0,0,0,0,0,0,0,0,0,0,0
577,0,0,0,0,0,0,0,0,0,0,0,0,0,0,0,0,0,0,0,0,0,0,0,0,0,0,0,0,0,0,0,0,0,0,0,0,0,0,0,0,0,0,0,0,0,0,0,0,0,0,0,0,0,0,0,0,0,0,0,0,0,0,0,0,0
578,0,0,0,0,0,0,0,0,0,0,0,0,0,0,0,0,0,0,0,0,0,0,0,0,0,0,0,0,0,0,0,0,0,0,0,0,0,0,0,0,0,0,0,0,0,0,0,0,0,0,0,0,0,0,0,0,0,0,0,0,0,0,0,0,0
579,0,0,0,0,0,0,0,0,0,0,0,0,0,0,0,0,0,0,0,0,0,0,0,0,0,0,0,0,0,0,0,0,0,0,0,0,0,0,0,0,0,0,0,0,0,0,0,0,0,0,0,0,0,0,0,0,0,0,0,0,0,0,0,0,0
580,0,0,0,0,0,0,0,0,0,0,0,0,0,0,0,0,0,0,0,0,0,0,0,0,0,0,0,0,0,0,0,0,0,0,0,0,0,0,0,0,0,0,0,0,0,0,0,0,0,0,0,0,0,0,0,0,0,0,0,0,0,0,0,0,0
581,0,0,0,0,0,0,0,0,0,0,0,0,0,0,0,0,0,0,0,0,0,0,0,0,0,0,0,0,0,0,0,0,0,0,0,0,0,0,0,0,0,0,0,0,0,0,0,0,0,0,0,0,0,0,0,0,0,0,0,0,0,0,0,0,0
582,0,0,0,0,0,0,0,0,0,0,0,0,0,0,0,0,0,0,0,0,0,0,0,0,0,0,0,0,0,0,0,0,0,0,0,0,0,0,0,0,0,0,0,0,0,0,0,0,0,0,0,0,0,0,0,0,0,0,0,0,0,0,0,0,0
583,0,0,0,0,0,0,0,0,0,0,0,0,0,0,0,0,0,0,0,0,0,0,0,0,0,0,0,0,0,0,0,0,0,0,0,0,0,0,0,0,0,0,0,0,0,0,0,0,0,0,0,0,0,0,0,0,0,0,0,0,0,0,0,0,0
584,0,0,0,0,0,0,0,0,0,0,0,0,0,0,0,0,0,0,0,0,0,0,0,0,0,0,0,0,0,0,0,0,0,0,0,0,0,0,0,0,0,0,0,0,0,0,0,0,0,0,0,0,0,0,0,0,0,0,0,0,0,0,0,0,0
585,0,0,0,0,0,0,0,0,0,0,0,0,0,0,0,0,0,0,0,0,0,0,0,0,0,0,0,0,0,0,0,0,0,0,0,0,0,0,0,0,0,0,0,0,0,0,0,0,0,0,0,0,0,0,0,0,0,0,0,0,0,0,0,0,0
586,0,0,0,0,0,0,0,0,0,0,0,0,0,0,0,0,0,0,0,0,0,0,0,0,0,0,0,0,0,0,0,0,0,0,0,0,0,0,0,0,0,0,0,0,0,0,0,0,0,0,0,0,0,0,0,0,0,0,0,0,0,0,0,0,0
587,0,0,0,0,0,0,0,0,0,0,0,0,0,0,0,0,0,0,0,0,0,0,0,0,0,0,0,0,0,0,0,0,0,0,0,0,0,0,0,0,0,0,0,0,0,0,0,0,0,0,0,0,0,0,0,0,0,0,0,0,0,0,0,0,0
588,0,0,0,0,0,0,0,0,0,0,0,0,0,0,0,0,0,0,0,0,0,0,0,0,0,0,0,0,0,0,0,0,0,0,0,0,0,0,0,0,0,0,0,0,0,0,0,0,0,0,0,0,0,0,0,0,0,0,0,0,0,0,0,0,0
589,0,0,0,0,0,0,0,0,0,0,0,0,0,0,0,0,0,0,0,0,0,0,0,0,0,0,0,0,0,0,0,0,0,0,0,0,0,0,0,0,0,0,0,0,0,0,0,0,0,0,0,0,0,0,0,0,0,0,0,0,0,0,0,0,0
590,0,0,0,0,0,0,0,0,0,0,0,0,0,0,0,0,0,0,0,0,0,0,0,0,0,0,0,0,0,0,0,0,0,0,0,0,0,0,0,0,0,0,0,0,0,0,0,0,0,0,0,0,0,0,0,0,0,0,0,0,0,0,0,0,0
591,0,0,0,0,0,0,0,0,0,0,0,0,0,0,0,0,0,0,0,0,0,0,0,0,0,0,0,0,0,0,0,0,0,0,0,0,0,0,0,0,0,0,0,0,0,0,0,0,0,0,0,0,0,0,0,0,0,0,0,0,0,0,0,0,0
592,0,0,0,0,0,0,0,0,0,0,0,0,0,0,0,0,0,0,0,0,0,0,0,0,0,0,0,0,0,0,0,0,0,0,0,0,0,0,0,0,0,0,0,0,0,0,0,0,0,0,0,0,0,0,0,0,0,0,0,0,0,0,0,0,0
593,0,0,0,0,0,0,0,0,0,0,0,0,0,0,0,0,0,0,0,0,0,0,0,0,0,0,0,0,0,0,0,0,0,0,0,0,0,0,0,0,0,0,0,0,0,0,0,0,0,0,0,0,0,0,0,0,0,0,0,0,0,0,0,0,0
594,0,0,0,0,0,0,0,0,0,0,0,0,0,0,0,0,0,0,0,0,0,0,0,0,0,0,0,0,0,0,0,0,0,0,0,0,0,0,0,0,0,0,0,0,0,0,0,0,0,0,0,0,0,0,0,0,0,0,0,0,0,0,0,0,0
595,0,0,0,0,0,0,0,0,0,0,0,0,0,0,0,0,0,0,0,0,0,0,0,0,0,0,0,0,0,0,0,0,0,0,0,0,0,0,0,0,0,0,0,0,0,0,0,0,0,0,0,0,0,0,0,0,0,0,0,0,0,0,0,0,0
596,0,0,0,0,0,0,0,0,0,0,0,0,0,0,0,0,0,0,0,0,0,0,0,0,0,0,0,0,0,0,0,0,0,0,0,0,0,0,0,0,0,0,0,0,0,0,0,0,0,0,0,0,0,0,0,0,0,0,0,0,0,0,0,0,0
597,0,0,0,0,0,0,0,0,0,0,0,0,0,0,0,0,0,0,0,0,0,0,0,0,0,0,0,0,0,0,0,0,0,0,0,0,0,0,0,0,0,0,0,0,0,0,0,0,0,0,0,0,0,0,0,0,0,0,0,0,0,0,0,0,0
598,0,0,0,0,0,0,0,0,0,0,0,0,0,0,0,0,0,0,0,0,0,0,0,0,0,0,0,0,0,0,0,0,0,0,0,0,0,0,0,0,0,0,0,0,0,0,0,0,0,0,0,0,0,0,0,0,0,0,0,0,0,0,0,0,0
599,0,0,0,0,0,0,0,0,0,0,0,0,0,0,0,0,0,0,0,0,0,0,0,0,0,0,0,0,0,0,0,0,0,0,0,0,0,0,0,0,0,0,0,0,0,0,0,0,0,0,0,0,0,0,0,0,0,0,0,0,0,0,0,0,0
