count,context,act0,act1,act2,act3,act4,act5,act6,act7,act8,act9,act10,act11,act12,act13,act14,act15,act16,act17,act18,act19,act20,act21,act22,act23,act24,act25,act26,act27,act28,act29,act30,act31,wei0,wei1,wei2,wei3,wei4,wei5,wei6,wei7,wei8,wei9,wei10,wei11,wei12,wei13,wei14,wei15,wei16,wei17,wei18,wei19,wei20,wei21,wei22,wei23,wei24,wei25,wei26,wei27,wei28,wei29,wei30,wei31
0,0,0,0,0,0,0,0,0,0,0,0,0,0,0,0,0,0,0,0,0,0,0,0,0,0,0,0,0,0,0,0,0,0,0,0,0,0,0,0,0,0,0,0,0,0,0,0,0,0,0,0,0,0,0,0,0,0,0,0,0,0,0,0,0,0
1,0,0,0,0,0,0,0,0,0,0,0,0,0,0,0,0,0,0,0,0,0,0,0,0,0,0,0,0,0,0,0,0,0,0,0,0,0,0,0,0,0,0,0,0,0,0,0,0,0,0,0,0,0,0,0,0,0,0,0,0,0,0,0,0,0
2,0,0,0,0,0,0,0,0,0,0,0,0,0,0,0,0,0,0,0,0,0,0,0,0,0,0,0,0,0,0,0,0,0,0,0,0,0,0,0,0,0,0,0,0,0,0,0,0,0,0,0,0,0,0,0,0,0,0,0,0,0,0,0,0,0
3,0,0,0,0,0,0,0,0,0,0,0,0,0,0,0,0,0,0,0,0,0,0,0,0,0,0,0,0,0,0,0,0,0,0,0,0,0,0,0,0,0,0,0,0,0,0,0,0,0,0,0,0,0,0,0,0,0,0,0,0,0,0,0,0,0
4,0,0,0,0,0,0,0,0,0,0,0,0,0,0,0,0,0,0,0,0,0,0,0,0,0,0,0,0,0,0,0,0,0,0,0,0,0,0,0,0,0,0,0,0,0,0,0,0,0,0,0,0,0,0,0,0,0,0,0,0,0,0,0,0,0
5,0,0,0,0,0,0,0,0,0,0,0,0,0,0,0,0,0,0,0,0,0,0,0,0,0,0,0,0,0,0,0,0,0,0,0,0,0,0,0,0,0,0,0,0,0,0,0,0,0,0,0,0,0,0,0,0,0,0,0,0,0,0,0,0,0
6,0,-3184,0,0,0,0,0,0,0,0,0,0,0,0,0,0,0,0,0,0,0,0,0,0,0,0,0,0,0,0,0,0,0,-16657,0,0,0,0,0,0,0,0,0,0,0,0,0,0,0,0,0,0,0,0,0,0,0,0,0,0,0,0,0,0,0
7,0,-3184,0,0,0,0,0,0,0,0,0,0,0,0,0,0,0,0,0,0,0,0,0,0,0,0,0,0,0,0,0,0,0,-16657,0,0,0,0,0,0,0,0,0,0,0,0,0,0,0,0,0,0,0,0,0,0,0,0,0,0,0,0,0,0,0
8,0,-3184,0,0,0,0,0,0,0,0,0,0,0,0,0,0,0,0,0,0,0,0,0,0,0,0,0,0,0,0,0,0,0,-16657,0,0,0,0,0,0,0,0,0,0,0,0,0,0,0,0,0,0,0,0,0,0,0,0,0,0,0,0,0,0,0
9,0,26763,-13151,0,0,0,0,0,0,0,0,0,0,0,0,0,0,0,0,0,0,0,0,0,0,0,0,0,0,0,0,0,0,-30893,-16657,0,0,0,0,0,0,0,0,0,0,0,0,0,0,0,0,0,0,0,0,0,0,0,0,0,0,0,0,0,0
10,0,26763,-13151,0,0,0,0,0,0,0,0,0,0,0,0,0,0,0,0,0,0,0,0,0,0,0,0,0,0,0,0,0,0,-30893,-16657,0,0,0,0,0,0,0,0,0,0,0,0,0,0,0,0,0,0,0,0,0,0,0,0,0,0,0,0,0,0
11,0,26763,-13151,0,0,0,0,0,0,0,0,0,0,0,0,0,0,0,0,0,0,0,0,0,0,0,0,0,0,0,0,0,0,-30893,-16657,0,0,0,0,0,0,0,0,0,0,0,0,0,0,0,0,0,0,0,0,0,0,0,0,0,0,0,0,0,0
12,0,16712,6454,-17631,0,0,0,0,0,0,0,0,0,0,0,0,0,0,0,0,0,0,0,0,0,0,0,0,0,0,0,0,0,-3676,-18200,-16657,0,0,0,0,0,0,0,0,0,0,0,0,0,0,0,0,0,0,0,0,0,0,0,0,0,0,0,0,0
13,0,16712,6454,-17631,0,0,0,0,0,0,0,0,0,0,0,0,0,0,0,0,0,0,0,0,0,0,0,0,0,0,0,0,0,-3676,-18200,-16657,0,0,0,0,0,0,0,0,0,0,0,0,0,0,0,0,0,0,0,0,0,0,0,0,0,0,0,0,0
14,0,16712,6454,-17631,0,0,0,0,0,0,0,0,0,0,0,0,0,0,0,0,0,0,0,0,0,0,0,0,0,0,0,0,0,-3676,-18200,-16657,0,0,0,0,0,0,0,0,0,0,0,0,0,0,0,0,0,0,0,0,0,0,0,0,0,0,0,0,0
15,0,-202,19474,3057,25251,0,0,0,0,0,0,0,0,0,0,0,0,0,0,0,0,0,0,0,0,0,0,0,0,0,0,0,0,26723,-17596,18566,-16657,0,0,0,0,0,0,0,0,0,0,0,0,0,0,0,0,0,0,0,0,0,0,0,0,0,0,0,0
16,0,-202,19474,3057,25251,0,0,0,0,0,0,0,0,0,0,0,0,0,0,0,0,0,0,0,0,0,0,0,0,0,0,0,0,26723,-17596,18566,-16657,0,0,0,0,0,0,0,0,0,0,0,0,0,0,0,0,0,0,0,0,0,0,0,0,0,0,0,0
17,0,-202,19474,3057,25251,0,0,0,0,0,0,0,0,0,0,0,0,0,0,0,0,0,0,0,0,0,0,0,0,0,0,0,0,26723,-17596,18566,-16657,0,0,0,0,0,0,0,0,0,0,0,0,0,0,0,0,0,0,0,0,0,0,0,0,0,0,0,0
18,0,4446,7922,16693,16562,-20549,0,0,0,0,0,0,0,0,0,0,0,0,0,0,0,0,0,0,0,0,0,0,0,0,0,0,0,-17159,8663,4039,344,-16657,0,0,0,0,0,0,0,0,0,0,0,0,0,0,0,0,0,0,0,0,0,0,0,0,0,0,0
19,0,4446,7922,16693,16562,-20549,0,0,0,0,0,0,0,0,0,0,0,0,0,0,0,0,0,0,0,0,0,0,0,0,0,0,0,-17159,8663,4039,344,-16657,0,0,0,0,0,0,0,0,0,0,0,0,0,0,0,0,0,0,0,0,0,0,0,0,0,0,0
20,0,4446,7922,16693,16562,-20549,0,0,0,0,0,0,0,0,0,0,0,0,0,0,0,0,0,0,0,0,0,0,0,0,0,0,0,-17159,8663,4039,344,-16657,0,0,0,0,0,0,0,0,0,0,0,0,0,0,0,0,0,0,0,0,0,0,0,0,0,0,0
21,0,-23540,7040,7322,-695,-26101,28283,0,0,0,0,0,0,0,0,0,0,0,0,0,0,0,0,0,0,0,0,0,0,0,0,0,0,-21775,5743,22359,7590,-22713,-16657,0,0,0,0,0,0,0,0,0,0,0,0,0,0,0,0,0,0,0,0,0,0,0,0,0,0
22,0,-23540,7040,7322,-695,-26101,28283,0,0,0,0,0,0,0,0,0,0,0,0,0,0,0,0,0,0,0,0,0,0,0,0,0,0,-21775,5743,22359,7590,-22713,-16657,0,0,0,0,0,0,0,0,0,0,0,0,0,0,0,0,0,0,0,0,0,0,0,0,0,0
23,0,-23540,7040,7322,-695,-26101,28283,0,0,0,0,0,0,0,0,0,0,0,0,0,0,0,0,0,0,0,0,0,0,0,0,0,0,-21775,5743,22359,7590,-22713,-16657,0,0,0,0,0,0,0,0,0,0,0,0,0,0,0,0,0,0,0,0,0,0,0,0,0,0
24,0,-5881,-15937,-29363,26841,18410,-30631,-29792,0,0,0,0,0,0,0,0,0,0,0,0,0,0,0,0,0,0,0,0,0,0,0,0,0,-12710,26943,17743,-32244,-2906,-20913,-16657,0,0,0,0,0,0,0,0,0,0,0,0,0,0,0,0,0,0,0,0,0,0,0,0,0
25,0,-5881,-15937,-29363,26841,18410,-30631,-29792,0,0,0,0,0,0,0,0,0,0,0,0,0,0,0,0,0,0,0,0,0,0,0,0,0,-12710,26943,17743,-32244,-2906,-20913,-16657,0,0,0,0,0,0,0,0,0,0,0,0,0,0,0,0,0,0,0,0,0,0,0,0,0
26,0,-5881,-15937,-29363,26841,18410,-30631,-29792,0,0,0,0,0,0,0,0,0,0,0,0,0,0,0,0,0,0,0,0,0,0,0,0,0,-12710,26943,17743,-32244,-2906,-20913,-16657,0,0,0,0,0,0,0,0,0,0,0,0,0,0,0,0,0,0,0,0,0,0,0,0,0
27,0,-23562,-17586,26604,-6453,-23017,-5524,16556,17020,0,0,0,0,0,0,0,0,0,0,0,0,0,0,0,0,0,0,0,0,0,0,0,0,-8334,15009,24936,-23022,13895,-9384,-18021,-16657,0,0,0,0,0,0,0,0,0,0,0,0,0,0,0,0,0,0,0,0,0,0,0,0
28,0,-23562,-17586,26604,-6453,-23017,-5524,16556,17020,0,0,0,0,0,0,0,0,0,0,0,0,0,0,0,0,0,0,0,0,0,0,0,0,-8334,15009,24936,-23022,13895,-9384,-18021,-16657,0,0,0,0,0,0,0,0,0,0,0,0,0,0,0,0,0,0,0,0,0,0,0,0
29,0,-23562,-17586,26604,-6453,-23017,-5524,16556,17020,0,0,0,0,0,0,0,0,0,0,0,0,0,0,0,0,0,0,0,0,0,0,0,0,-8334,15009,24936,-23022,13895,-9384,-18021,-16657,0,0,0,0,0,0,0,0,0,0,0,0,0,0,0,0,0,0,0,0,0,0,0,0
30,0,-12471,4238,-14737,-23897,9911,15854,6938,-8894,-27013,0,0,0,0,0,0,0,0,0,0,0,0,0,0,0,0,0,0,0,0,0,0,0,1012,-32405,-10296,-7672,-9454,22948,-32157,-31833,-16657,0,0,0,0,0,0,0,0,0,0,0,0,0,0,0,0,0,0,0,0,0,0,0
31,0,-12471,4238,-14737,-23897,9911,15854,6938,-8894,-27013,0,0,0,0,0,0,0,0,0,0,0,0,0,0,0,0,0,0,0,0,0,0,0,1012,-32405,-10296,-7672,-9454,22948,-32157,-31833,-16657,0,0,0,0,0,0,0,0,0,0,0,0,0,0,0,0,0,0,0,0,0,0,0
32,0,-12471,4238,-14737,-23897,9911,15854,6938,-8894,-27013,0,0,0,0,0,0,0,0,0,0,0,0,0,0,0,0,0,0,0,0,0,0,0,1012,-32405,-10296,-7672,-9454,22948,-32157,-31833,-16657,0,0,0,0,0,0,0,0,0,0,0,0,0,0,0,0,0,0,0,0,0,0,0
33,0,-8897,-30125,-19991,25846,15004,23268,-16772,10613,-28897,-23544,0,0,0,0,0,0,0,0,0,0,0,0,0,0,0,0,0,0,0,0,0,0,30338,-9049,-18195,7966,-24803,4851,-18463,-6244,-23262,-16657,0,0,0,0,0,0,0,0,0,0,0,0,0,0,0,0,0,0,0,0,0,0
34,0,-8897,-30125,-19991,25846,15004,23268,-16772,10613,-28897,-23544,0,0,0,0,0,0,0,0,0,0,0,0,0,0,0,0,0,0,0,0,0,0,30338,-9049,-18195,7966,-24803,4851,-18463,-6244,-23262,-16657,0,0,0,0,0,0,0,0,0,0,0,0,0,0,0,0,0,0,0,0,0,0
35,0,-8897,-30125,-19991,25846,15004,23268,-16772,10613,-28897,-23544,0,0,0,0,0,0,0,0,0,0,0,0,0,0,0,0,0,0,0,0,0,0,30338,-9049,-18195,7966,-24803,4851,-18463,-6244,-23262,-16657,0,0,0,0,0,0,0,0,0,0,0,0,0,0,0,0,0,0,0,0,0,0
36,0,14085,-11024,10973,-8505,3669,3954,26054,-13357,14999,-11731,11524,0,0,0,0,0,0,0,0,0,0,0,0,0,0,0,0,0,0,0,0,0,-12217,32427,27452,-18032,31186,2054,-10850,-23537,24368,20789,-16657,0,0,0,0,0,0,0,0,0,0,0,0,0,0,0,0,0,0,0,0,0
37,0,14085,-11024,10973,-8505,3669,3954,26054,-13357,14999,-11731,11524,0,0,0,0,0,0,0,0,0,0,0,0,0,0,0,0,0,0,0,0,0,-12217,32427,27452,-18032,31186,2054,-10850,-23537,24368,20789,-16657,0,0,0,0,0,0,0,0,0,0,0,0,0,0,0,0,0,0,0,0,0
38,0,14085,-11024,10973,-8505,3669,3954,26054,-13357,14999,-11731,11524,0,0,0,0,0,0,0,0,0,0,0,0,0,0,0,0,0,0,0,0,0,-12217,32427,27452,-18032,31186,2054,-10850,-23537,24368,20789,-16657,0,0,0,0,0,0,0,0,0,0,0,0,0,0,0,0,0,0,0,0,0
39,0,-16722,13793,-8180,28825,-22948,-14797,816,29245,-11730,-23235,12797,30570,0,0,0,0,0,0,0,0,0,0,0,0,0,0,0,0,0,0,0,0,-29247,-2482,9831,9873,-16880,-13809,5172,-15435,-16080,-16928,6698,-16657,0,0,0,0,0,0,0,0,0,0,0,0,0,0,0,0,0,0,0,0
40,0,-16722,13793,-8180,28825,-22948,-14797,816,29245,-11730,-23235,12797,30570,0,0,0,0,0,0,0,0,0,0,0,0,0,0,0,0,0,0,0,0,-29247,-2482,9831,9873,-16880,-13809,5172,-15435,-16080,-16928,6698,-16657,0,0,0,0,0,0,0,0,0,0,0,0,0,0,0,0,0,0,0,0
41,0,-16722,13793,-8180,28825,-22948,-14797,816,29245,-11730,-23235,12797,30570,0,0,0,0,0,0,0,0,0,0,0,0,0,0,0,0,0,0,0,0,-29247,-2482,9831,9873,-16880,-13809,5172,-15435,-16080,-16928,6698,-16657,0,0,0,0,0,0,0,0,0,0,0,0,0,0,0,0,0,0,0,0
42,0,-27165,32127,3783,-22467,5832,-16521,23019,1665,11072,-8592,22148,23416,20844,0,0,0,0,0,0,0,0,0,0,0,0,0,0,0,0,0,0,0,-17830,24398,582,32662,-4244,-30067,-11810,-4793,-15042,9135,18674,-31261,-16657,0,0,0,0,0,0,0,0,0,0,0,0,0,0,0,0,0,0,0
43,0,-27165,32127,3783,-22467,5832,-16521,23019,1665,11072,-8592,22148,23416,20844,0,0,0,0,0,0,0,0,0,0,0,0,0,0,0,0,0,0,0,-17830,24398,582,32662,-4244,-30067,-11810,-4793,-15042,9135,18674,-31261,-16657,0,0,0,0,0,0,0,0,0,0,0,0,0,0,0,0,0,0,0
44,0,-27165,32127,3783,-22467,5832,-16521,23019,1665,11072,-8592,22148,23416,20844,0,0,0,0,0,0,0,0,0,0,0,0,0,0,0,0,0,0,0,-17830,24398,582,32662,-4244,-30067,-11810,-4793,-15042,9135,18674,-31261,-16657,0,0,0,0,0,0,0,0,0,0,0,0,0,0,0,0,0,0,0
45,0,1883,6750,31969,-21519,16524,3161,21463,-18336,-20541,23666,19990,-766,-28130,26124,0,0,0,0,0,0,0,0,0,0,0,0,0,0,0,0,0,0,-16643,-10529,17635,8336,30361,-18616,5432,-22226,4353,27041,4633,10405,-15779,-16657,0,0,0,0,0,0,0,0,0,0,0,0,0,0,0,0,0,0
46,0,1883,6750,31969,-21519,16524,3161,21463,-18336,-20541,23666,19990,-766,-28130,26124,0,0,0,0,0,0,0,0,0,0,0,0,0,0,0,0,0,0,-16643,-10529,17635,8336,30361,-18616,5432,-22226,4353,27041,4633,10405,-15779,-16657,0,0,0,0,0,0,0,0,0,0,0,0,0,0,0,0,0,0
47,0,1883,6750,31969,-21519,16524,3161,21463,-18336,-20541,23666,19990,-766,-28130,26124,0,0,0,0,0,0,0,0,0,0,0,0,0,0,0,0,0,0,-16643,-10529,17635,8336,30361,-18616,5432,-22226,4353,27041,4633,10405,-15779,-16657,0,0,0,0,0,0,0,0,0,0,0,0,0,0,0,0,0,0
48,0,25374,25407,-4926,29882,5216,12417,30834,3551,20486,21313,13252,26210,31285,-4325,16002,0,0,0,0,0,0,0,0,0,0,0,0,0,0,0,0,0,-20832,-15565,-3953,-28007,23616,-24434,14686,31240,-3134,-19420,9895,21854,24266,-1679,-16657,0,0,0,0,0,0,0,0,0,0,0,0,0,0,0,0,0
49,0,25374,25407,-4926,29882,5216,12417,30834,3551,20486,21313,13252,26210,31285,-4325,16002,0,0,0,0,0,0,0,0,0,0,0,0,0,0,0,0,0,-20832,-15565,-3953,-28007,23616,-24434,14686,31240,-3134,-19420,9895,21854,24266,-1679,-16657,0,0,0,0,0,0,0,0,0,0,0,0,0,0,0,0,0
50,0,25374,25407,-4926,29882,5216,12417,30834,3551,20486,21313,13252,26210,31285,-4325,16002,0,0,0,0,0,0,0,0,0,0,0,0,0,0,0,0,0,-20832,-15565,-3953,-28007,23616,-24434,14686,31240,-3134,-19420,9895,21854,24266,-1679,-16657,0,0,0,0,0,0,0,0,0,0,0,0,0,0,0,0,0
51,0,-25268,-30821,14593,10717,13494,5230,-2704,-17629,-31749,24730,28213,385,-5068,-5709,12712,14866,0,0,0,0,0,0,0,0,0,0,0,0,0,0,0,0,-13048,-21820,-7278,-31393,9694,-7234,20392,30429,-4782,-26101,25423,-29795,20024,-11157,-10634,-16657,0,0,0,0,0,0,0,0,0,0,0,0,0,0,0,0
52,0,-25268,-30821,14593,10717,13494,5230,-2704,-17629,-31749,24730,28213,385,-5068,-5709,12712,14866,0,0,0,0,0,0,0,0,0,0,0,0,0,0,0,0,-13048,-21820,-7278,-31393,9694,-7234,20392,30429,-4782,-26101,25423,-29795,20024,-11157,-10634,-16657,0,0,0,0,0,0,0,0,0,0,0,0,0,0,0,0
53,0,-25268,-30821,14593,10717,13494,5230,-2704,-17629,-31749,24730,28213,385,-5068,-5709,12712,14866,0,0,0,0,0,0,0,0,0,0,0,0,0,0,0,0,-13048,-21820,-7278,-31393,9694,-7234,20392,30429,-4782,-26101,25423,-29795,20024,-11157,-10634,-16657,0,0,0,0,0,0,0,0,0,0,0,0,0,0,0,0
54,0,18307,-18305,27520,7580,12447,15024,-144,-19517,-26701,-28127,-2051,18148,10928,-1162,20621,20652,-22879,0,0,0,0,0,0,0,0,0,0,0,0,0,0,0,-7226,16075,-18102,20213,28848,-23368,17099,-30793,11534,-29127,18296,1094,13849,26922,-542,11621,-16657,0,0,0,0,0,0,0,0,0,0,0,0,0,0,0
55,0,18307,-18305,27520,7580,12447,15024,-144,-19517,-26701,-28127,-2051,18148,10928,-1162,20621,20652,-22879,0,0,0,0,0,0,0,0,0,0,0,0,0,0,0,-7226,16075,-18102,20213,28848,-23368,17099,-30793,11534,-29127,18296,1094,13849,26922,-542,11621,-16657,0,0,0,0,0,0,0,0,0,0,0,0,0,0,0
56,0,18307,-18305,27520,7580,12447,15024,-144,-19517,-26701,-28127,-2051,18148,10928,-1162,20621,20652,-22879,0,0,0,0,0,0,0,0,0,0,0,0,0,0,0,-7226,16075,-18102,20213,28848,-23368,17099,-30793,11534,-29127,18296,1094,13849,26922,-542,11621,-16657,0,0,0,0,0,0,0,0,0,0,0,0,0,0,0
57,0,-19598,17094,-20569,606,18059,11857,8912,17073,26064,24033,-31543,5216,-25937,-32222,-21853,-26059,23017,15163,0,0,0,0,0,0,0,0,0,0,0,0,0,0,-4320,9717,11077,2546,27510,23357,24729,11375,-7101,-14501,-30734,32240,4577,10216,-17625,5459,21806,-16657,0,0,0,0,0,0,0,0,0,0,0,0,0,0
58,0,-19598,17094,-20569,606,18059,11857,8912,17073,26064,24033,-31543,5216,-25937,-32222,-21853,-26059,23017,15163,0,0,0,0,0,0,0,0,0,0,0,0,0,0,-4320,9717,11077,2546,27510,23357,24729,11375,-7101,-14501,-30734,32240,4577,10216,-17625,5459,21806,-16657,0,0,0,0,0,0,0,0,0,0,0,0,0,0
59,0,-19598,17094,-20569,606,18059,11857,8912,17073,26064,24033,-31543,5216,-25937,-32222,-21853,-26059,23017,15163,0,0,0,0,0,0,0,0,0,0,0,0,0,0,-4320,9717,11077,2546,27510,23357,24729,11375,-7101,-14501,-30734,32240,4577,10216,-17625,5459,21806,-16657,0,0,0,0,0,0,0,0,0,0,0,0,0,0
60,0,-809,-2531,-6216,4499,-16754,29178,-25774,18006,21697,7828,-11658,-16487,-25457,6962,-206,9860,27554,-21087,-14303,0,0,0,0,0,0,0,0,0,0,0,0,0,-5765,27234,-21505,-2738,-6723,28566,16439,-22518,9968,-22831,25072,3647,16310,5978,4101,-13036,-14416,-30854,-16657,0,0,0,0,0,0,0,0,0,0,0,0,0
61,0,-809,-2531,-6216,4499,-16754,29178,-25774,18006,21697,7828,-11658,-16487,-25457,6962,-206,9860,27554,-21087,-14303,0,0,0,0,0,0,0,0,0,0,0,0,0,-5765,27234,-21505,-2738,-6723,28566,16439,-22518,9968,-22831,25072,3647,16310,5978,4101,-13036,-14416,-30854,-16657,0,0,0,0,0,0,0,0,0,0,0,0,0
62,0,-809,-2531,-6216,4499,-16754,29178,-25774,18006,21697,7828,-11658,-16487,-25457,6962,-206,9860,27554,-21087,-14303,0,0,0,0,0,0,0,0,0,0,0,0,0,-5765,27234,-21505,-2738,-6723,28566,16439,-22518,9968,-22831,25072,3647,16310,5978,4101,-13036,-14416,-30854,-16657,0,0,0,0,0,0,0,0,0,0,0,0,0
63,0,-28081,18272,11966,-19240,-18134,18627,9457,4205,-4516,622,-24086,275,-9408,-19470,6974,20656,-2121,13676,12879,5488,0,0,0,0,0,0,0,0,0,0,0,0,4883,19293,4475,17335,-21424,17531,14268,-22820,-1404,27152,3157,13321,3269,-9980,28454,-3956,-7372,-10801,30301,-16657,0,0,0,0,0,0,0,0,0,0,0,0
64,0,-28081,18272,11966,-19240,-18134,18627,9457,4205,-4516,622,-24086,275,-9408,-19470,6974,20656,-2121,13676,12879,5488,0,0,0,0,0,0,0,0,0,0,0,0,4883,19293,4475,17335,-21424,17531,14268,-22820,-1404,27152,3157,13321,3269,-9980,28454,-3956,-7372,-10801,30301,-16657,0,0,0,0,0,0,0,0,0,0,0,0
65,0,-28081,18272,11966,-19240,-18134,18627,9457,4205,-4516,622,-24086,275,-9408,-19470,6974,20656,-2121,13676,12879,5488,0,0,0,0,0,0,0,0,0,0,0,0,4883,19293,4475,17335,-21424,17531,14268,-22820,-1404,27152,3157,13321,3269,-9980,28454,-3956,-7372,-10801,30301,-16657,0,0,0,0,0,0,0,0,0,0,0,0
66,0,4107,6861,16126,-20138,24849,-25637,576,25203,-31072,-1726,5989,-22662,28324,11390,-32523,27277,-10995,-18943,-29930,17,-30972,0,0,0,0,0,0,0,0,0,0,0,22395,-29646,26582,-29001,-10285,-17622,6120,-4900,-257,-20689,31963,-12384,-14900,16465,21217,14953,32452,11539,9828,20205,-16657,0,0,0,0,0,0,0,0,0,0,0
67,0,4107,6861,16126,-20138,24849,-25637,576,25203,-31072,-1726,5989,-22662,28324,11390,-32523,27277,-10995,-18943,-29930,17,-30972,0,0,0,0,0,0,0,0,0,0,0,22395,-29646,26582,-29001,-10285,-17622,6120,-4900,-257,-20689,31963,-12384,-14900,16465,21217,14953,32452,11539,9828,20205,-16657,0,0,0,0,0,0,0,0,0,0,0
68,0,4107,6861,16126,-20138,24849,-25637,576,25203,-31072,-1726,5989,-22662,28324,11390,-32523,27277,-10995,-18943,-29930,17,-30972,0,0,0,0,0,0,0,0,0,0,0,22395,-29646,26582,-29001,-10285,-17622,6120,-4900,-257,-20689,31963,-12384,-14900,16465,21217,14953,32452,11539,9828,20205,-16657,0,0,0,0,0,0,0,0,0,0,0
69,0,11824,5031,-22212,10712,15540,-18769,14343,-19245,26481,7444,-17416,-1404,6871,-12251,12881,11246,-30833,-26513,32287,-2903,14985,-30781,0,0,0,0,0,0,0,0,0,0,2982,-11439,21524,27577,21182,-29482,30833,4996,-16178,-15898,-9456,-15,-31749,-5457,12017,21397,-13634,20829,31266,1505,-7666,-16657,0,0,0,0,0,0,0,0,0,0
70,0,11824,5031,-22212,10712,15540,-18769,14343,-19245,26481,7444,-17416,-1404,6871,-12251,12881,11246,-30833,-26513,32287,-2903,14985,-30781,0,0,0,0,0,0,0,0,0,0,2982,-11439,21524,27577,21182,-29482,30833,4996,-16178,-15898,-9456,-15,-31749,-5457,12017,21397,-13634,20829,31266,1505,-7666,-16657,0,0,0,0,0,0,0,0,0,0
71,0,11824,5031,-22212,10712,15540,-18769,14343,-19245,26481,7444,-17416,-1404,6871,-12251,12881,11246,-30833,-26513,32287,-2903,14985,-30781,0,0,0,0,0,0,0,0,0,0,2982,-11439,21524,27577,21182,-29482,30833,4996,-16178,-15898,-9456,-15,-31749,-5457,12017,21397,-13634,20829,31266,1505,-7666,-16657,0,0,0,0,0,0,0,0,0,0
72,0,23585,-8165,4735,-6651,26160,-26038,22385,20244,3801,-7484,12566,4526,-4158,-29779,3358,-28157,19698,-20238,9367,11907,9860,14169,-31335,0,0,0,0,0,0,0,0,0,-337,-25080,21854,-15924,17436,-21675,-12560,-2507,27557,-16913,32533,-22157,-30654,-2815,21290,31467,13840,-7046,17184,7089,29832,19559,-16657,0,0,0,0,0,0,0,0,0
73,0,23585,-8165,4735,-6651,26160,-26038,22385,20244,3801,-7484,12566,4526,-4158,-29779,3358,-28157,19698,-20238,9367,11907,9860,14169,-31335,0,0,0,0,0,0,0,0,0,-337,-25080,21854,-15924,17436,-21675,-12560,-2507,27557,-16913,32533,-22157,-30654,-2815,21290,31467,13840,-7046,17184,7089,29832,19559,-16657,0,0,0,0,0,0,0,0,0
74,0,23585,-8165,4735,-6651,26160,-26038,22385,20244,3801,-7484,12566,4526,-4158,-29779,3358,-28157,19698,-20238,9367,11907,9860,14169,-31335,0,0,0,0,0,0,0,0,0,-337,-25080,21854,-15924,17436,-21675,-12560,-2507,27557,-16913,32533,-22157,-30654,-2815,21290,31467,13840,-7046,17184,7089,29832,19559,-16657,0,0,0,0,0,0,0,0,0
75,0,10835,-27552,20909,20330,29832,11940,-9890,736,-13405,-20911,-12996,-30523,-16916,-14172,20179,-32224,9450,16526,29591,-15153,23515,26950,-20476,2555,0,0,0,0,0,0,0,0,19626,19631,-32246,9105,12976,26968,-22034,-21180,-3559,20017,28568,-3942,24503,-10899,-24294,-20809,-14240,22870,-3519,-16787,-22569,18006,-6004,-16657,0,0,0,0,0,0,0,0
76,0,10835,-27552,20909,20330,29832,11940,-9890,736,-13405,-20911,-12996,-30523,-16916,-14172,20179,-32224,9450,16526,29591,-15153,23515,26950,-20476,2555,0,0,0,0,0,0,0,0,19626,19631,-32246,9105,12976,26968,-22034,-21180,-3559,20017,28568,-3942,24503,-10899,-24294,-20809,-14240,22870,-3519,-16787,-22569,18006,-6004,-16657,0,0,0,0,0,0,0,0
77,0,10835,-27552,20909,20330,29832,11940,-9890,736,-13405,-20911,-12996,-30523,-16916,-14172,20179,-32224,9450,16526,29591,-15153,23515,26950,-20476,2555,0,0,0,0,0,0,0,0,19626,19631,-32246,9105,12976,26968,-22034,-21180,-3559,20017,28568,-3942,24503,-10899,-24294,-20809,-14240,22870,-3519,-16787,-22569,18006,-6004,-16657,0,0,0,0,0,0,0,0
78,0,28374,19805,10970,-28304,-21531,-23731,4761,19303,-27287,-31748,7955,-11448,-15729,15113,-11523,-21320,17903,-13253,11732,1030,31725,-27450,-31346,7265,-27687,0,0,0,0,0,0,0,24556,-20036,32699,25641,4886,24560,-24639,-16851,-79,24664,27631,-10956,-28883,-13455,23825,-17137,-12529,11233,20536,-23928,-4442,-8584,27006,14981,-16657,0,0,0,0,0,0,0
79,0,28374,19805,10970,-28304,-21531,-23731,4761,19303,-27287,-31748,7955,-11448,-15729,15113,-11523,-21320,17903,-13253,11732,1030,31725,-27450,-31346,7265,-27687,0,0,0,0,0,0,0,24556,-20036,32699,25641,4886,24560,-24639,-16851,-79,24664,27631,-10956,-28883,-13455,23825,-17137,-12529,11233,20536,-23928,-4442,-8584,27006,14981,-16657,0,0,0,0,0,0,0
80,0,28374,19805,10970,-28304,-21531,-23731,4761,19303,-27287,-31748,7955,-11448,-15729,15113,-11523,-21320,17903,-13253,11732,1030,31725,-27450,-31346,7265,-27687,0,0,0,0,0,0,0,24556,-20036,32699,25641,4886,24560,-24639,-16851,-79,24664,27631,-10956,-28883,-13455,23825,-17137,-12529,11233,20536,-23928,-4442,-8584,27006,14981,-16657,0,0,0,0,0,0,0
81,0,-461,13277,-25885,-22683,17190,18882,-3816,-25800,-2024,-26547,7601,8432,-13308,-4977,9439,-4801,32526,-1548,-28283,13623,-4040,-25829,-2093,31406,17646,25345,0,0,0,0,0,0,-25246,-21499,-6134,-83,-2049,3041,28758,7663,3734,9623,22112,14339,8567,13885,21831,-19334,-12675,-23299,27328,24687,19283,-6435,-12786,-13578,20324,-16657,0,0,0,0,0,0
82,0,-461,13277,-25885,-22683,17190,18882,-3816,-25800,-2024,-26547,7601,8432,-13308,-4977,9439,-4801,32526,-1548,-28283,13623,-4040,-25829,-2093,31406,17646,25345,0,0,0,0,0,0,-25246,-21499,-6134,-83,-2049,3041,28758,7663,3734,9623,22112,14339,8567,13885,21831,-19334,-12675,-23299,27328,24687,19283,-6435,-12786,-13578,20324,-16657,0,0,0,0,0,0
83,0,-461,13277,-25885,-22683,17190,18882,-3816,-25800,-2024,-26547,7601,8432,-13308,-4977,9439,-4801,32526,-1548,-28283,13623,-4040,-25829,-2093,31406,17646,25345,0,0,0,0,0,0,-25246,-21499,-6134,-83,-2049,3041,28758,7663,3734,9623,22112,14339,8567,13885,21831,-19334,-12675,-23299,27328,24687,19283,-6435,-12786,-13578,20324,-16657,0,0,0,0,0,0
84,0,25017,21237,25707,-19224,5056,-24903,11025,-13396,20471,-6527,25885,-25420,-18235,18286,-3152,-23222,25315,-5652,15826,-19772,-18515,-27814,15092,-2835,7907,-18777,30857,0,0,0,0,0,3844,1558,27787,-6284,30032,5100,-23062,-25490,2294,6697,9685,7133,27660,21228,-24448,-16353,-20285,29264,30774,-21097,28217,1749,-5503,-10,3099,5888,-16657,0,0,0,0,0
85,0,25017,21237,25707,-19224,5056,-24903,11025,-13396,20471,-6527,25885,-25420,-18235,18286,-3152,-23222,25315,-5652,15826,-19772,-18515,-27814,15092,-2835,7907,-18777,30857,0,0,0,0,0,3844,1558,27787,-6284,30032,5100,-23062,-25490,2294,6697,9685,7133,27660,21228,-24448,-16353,-20285,29264,30774,-21097,28217,1749,-5503,-10,3099,5888,-16657,0,0,0,0,0
86,0,25017,21237,25707,-19224,5056,-24903,11025,-13396,20471,-6527,25885,-25420,-18235,18286,-3152,-23222,25315,-5652,15826,-19772,-18515,-27814,15092,-2835,7907,-18777,30857,0,0,0,0,0,3844,1558,27787,-6284,30032,5100,-23062,-25490,2294,6697,9685,7133,27660,21228,-24448,-16353,-20285,29264,30774,-21097,28217,1749,-5503,-10,3099,5888,-16657,0,0,0,0,0
87,0,7814,-32172,-1998,23409,5666,-19855,21018,28318,-15366,16605,-30131,6294,3774,-31124,402,-15356,9668,-30758,7785,-10719,-5575,14534,-28977,17396,21461,1651,31675,21580,0,0,0,0,15724,-5518,-27419,-14075,18466,-31606,26552,-25478,-29223,-2454,28723,17515,-19977,19547,-4313,-23028,-20179,14083,-16837,-25811,20865,9901,-12614,14246,23548,22631,-9455,-16657,0,0,0,0
88,0,7814,-32172,-1998,23409,5666,-19855,21018,28318,-15366,16605,-30131,6294,3774,-31124,402,-15356,9668,-30758,7785,-10719,-5575,14534,-28977,17396,21461,1651,31675,21580,0,0,0,0,15724,-5518,-27419,-14075,18466,-31606,26552,-25478,-29223,-2454,28723,17515,-19977,19547,-4313,-23028,-20179,14083,-16837,-25811,20865,9901,-12614,14246,23548,22631,-9455,-16657,0,0,0,0
89,0,7814,-32172,-1998,23409,5666,-19855,21018,28318,-15366,16605,-30131,6294,3774,-31124,402,-15356,9668,-30758,7785,-10719,-5575,14534,-28977,17396,21461,1651,31675,21580,0,0,0,0,15724,-5518,-27419,-14075,18466,-31606,26552,-25478,-29223,-2454,28723,17515,-19977,19547,-4313,-23028,-20179,14083,-16837,-25811,20865,9901,-12614,14246,23548,22631,-9455,-16657,0,0,0,0
90,0,-25,16012,-11956,22236,4151,22907,-31357,24459,3382,-29303,-29582,-31933,-21107,26347,-3983,2,-11480,18220,20304,-2839,-4709,30936,-12084,-7340,-20954,18719,5128,14102,18803,0,0,0,-4919,-10337,-7838,32125,-11502,-5559,25778,-28040,31662,-13344,-18117,-28591,26927,-13105,-19767,-15190,-3606,-20981,17397,11116,-29909,-1516,-32249,14643,-11117,-97,-13129,-1026,-16657,0,0,0
91,0,-25,16012,-11956,22236,4151,22907,-31357,24459,3382,-29303,-29582,-31933,-21107,26347,-3983,2,-11480,18220,20304,-2839,-4709,30936,-12084,-7340,-20954,18719,5128,14102,18803,0,0,0,-4919,-10337,-7838,32125,-11502,-5559,25778,-28040,31662,-13344,-18117,-28591,26927,-13105,-19767,-15190,-3606,-20981,17397,11116,-29909,-1516,-32249,14643,-11117,-97,-13129,-1026,-16657,0,0,0
92,0,-25,16012,-11956,22236,4151,22907,-31357,24459,3382,-29303,-29582,-31933,-21107,26347,-3983,2,-11480,18220,20304,-2839,-4709,30936,-12084,-7340,-20954,18719,5128,14102,18803,0,0,0,-4919,-10337,-7838,32125,-11502,-5559,25778,-28040,31662,-13344,-18117,-28591,26927,-13105,-19767,-15190,-3606,-20981,17397,11116,-29909,-1516,-32249,14643,-11117,-97,-13129,-1026,-16657,0,0,0
93,0,21433,-18759,-29080,-31082,-32183,-6375,-26021,-20168,-4774,21513,-4180,-8562,-13861,-29094,-9929,-28232,-29312,-11617,-25396,3993,20411,28749,11229,6940,17873,-21995,-29390,15275,3686,15098,0,0,-31670,10268,-5998,-17846,20043,-19223,-15338,-11741,-20118,17761,28477,21460,-11041,6796,-7171,21477,-30527,-7622,-25073,-27002,-8209,19694,-5582,-18779,-13219,-14853,-12456,-10529,19840,-16657,0,0
94,0,21433,-18759,-29080,-31082,-32183,-6375,-26021,-20168,-4774,21513,-4180,-8562,-13861,-29094,-9929,-28232,-29312,-11617,-25396,3993,20411,28749,11229,6940,17873,-21995,-29390,15275,3686,15098,0,0,-31670,10268,-5998,-17846,20043,-19223,-15338,-11741,-20118,17761,28477,21460,-11041,6796,-7171,21477,-30527,-7622,-25073,-27002,-8209,19694,-5582,-18779,-13219,-14853,-12456,-10529,19840,-16657,0,0
95,0,21433,-18759,-29080,-31082,-32183,-6375,-26021,-20168,-4774,21513,-4180,-8562,-13861,-29094,-9929,-28232,-29312,-11617,-25396,3993,20411,28749,11229,6940,17873,-21995,-29390,15275,3686,15098,0,0,-31670,10268,-5998,-17846,20043,-19223,-15338,-11741,-20118,17761,28477,21460,-11041,6796,-7171,21477,-30527,-7622,-25073,-27002,-8209,19694,-5582,-18779,-13219,-14853,-12456,-10529,19840,-16657,0,0
96,0,-28890,-29458,545,13977,-14964,18209,-3310,7233,-25895,31186,5567,-653,8909,-2715,-7792,1202,9801,15522,-8601,-11792,-31724,-21839,20951,21321,21074,-32053,-21004,9713,-1558,-4540,31679,0,-30199,-618,-6874,-25581,9996,28397,-7494,5904,3301,-22794,576,20519,4773,6517,1872,18990,3874,22038,-13506,19732,-12969,11938,9176,-9712,-16947,-29652,4881,2802,-1784,25985,-16657,0
97,0,-28890,-29458,545,13977,-14964,18209,-3310,7233,-25895,31186,5567,-653,8909,-2715,-7792,1202,9801,15522,-8601,-11792,-31724,-21839,20951,21321,21074,-32053,-21004,9713,-1558,-4540,31679,0,-30199,-618,-6874,-25581,9996,28397,-7494,5904,3301,-22794,576,20519,4773,6517,1872,18990,3874,22038,-13506,19732,-12969,11938,9176,-9712,-16947,-29652,4881,2802,-1784,25985,-16657,0
98,0,-28890,-29458,545,13977,-14964,18209,-3310,7233,-25895,31186,5567,-653,8909,-2715,-7792,1202,9801,15522,-8601,-11792,-31724,-21839,20951,21321,21074,-32053,-21004,9713,-1558,-4540,31679,0,-30199,-618,-6874,-25581,9996,28397,-7494,5904,3301,-22794,576,20519,4773,6517,1872,18990,3874,22038,-13506,19732,-12969,11938,9176,-9712,-16947,-29652,4881,2802,-1784,25985,-16657,0
99,0,-30430,13239,-7240,5554,-20143,-23353,-10663,-31367,-13761,-19810,-6878,11689,2964,11507,-25895,3137,23364,6636,-9259,9898,6801,-28679,-12800,-2901,9224,14559,-26087,31546,-21989,3786,-28193,586,-5278,-5377,-12139,-14049,-1312,-18723,16837,28333,2060,19232,-11582,-17543,4788,17883,-18253,15598,5566,24617,28281,11283,28259,27421,-20164,-25655,19443,-17926,-18112,23728,15866,-8398,-13764,-16657
100,0,-30430,13239,-7240,5554,-20143,-23353,-10663,-31367,-13761,-19810,-6878,11689,2964,11507,-25895,3137,23364,6636,-9259,9898,6801,-28679,-12800,-2901,9224,14559,-26087,31546,-21989,3786,-28193,586,-5278,-5377,-12139,-14049,-1312,-18723,16837,28333,2060,19232,-11582,-17543,4788,17883,-18253,15598,5566,24617,28281,11283,28259,27421,-20164,-25655,19443,-17926,-18112,23728,15866,-8398,-13764,-16657
101,0,-30430,13239,-7240,5554,-20143,-23353,-10663,-31367,-13761,-19810,-6878,11689,2964,11507,-25895,3137,23364,6636,-9259,9898,6801,-28679,-12800,-2901,9224,14559,-26087,31546,-21989,3786,-28193,586,-5278,-5377,-12139,-14049,-1312,-18723,16837,28333,2060,19232,-11582,-17543,4788,17883,-18253,15598,5566,24617,28281,11283,28259,27421,-20164,-25655,19443,-17926,-18112,23728,15866,-8398,-13764,-16657
102,0,-1813,-1372,644,4284,-1101,-3452,-18840,-7171,-18344,10436,3879,31443,-3904,-9704,18009,-295,-2253,-17167,-26900,-28259,9090,-18970,-31706,-8324,-19836,13147,2570,-4953,-3898,17075,23678,12569,24100,12242,-28870,29087,-13475,-24556,-29601,-16550,31818,482,-26422,-3471,-14222,25732,-18683,-22788,-2997,10749,-25524,20922,-15860,-4168,30716,-1109,31755,-2569,26737,7874,-25594,26825,-1125,-12508
103,0,-1813,-1372,644,4284,-1101,-3452,-18840,-7171,-18344,10436,3879,31443,-3904,-9704,18009,-295,-2253,-17167,-26900,-28259,9090,-18970,-31706,-8324,-19836,13147,2570,-4953,-3898,17075,23678,12569,24100,12242,-28870,29087,-13475,-24556,-29601,-16550,31818,482,-26422,-3471,-14222,25732,-18683,-22788,-2997,10749,-25524,20922,-15860,-4168,30716,-1109,31755,-2569,26737,7874,-25594,26825,-1125,-12508
104,0,-1813,-1372,644,4284,-1101,-3452,-18840,-7171,-18344,10436,3879,31443,-3904,-9704,18009,-295,-2253,-17167,-26900,-28259,9090,-18970,-31706,-8324,-19836,13147,2570,-4953,-3898,17075,23678,12569,24100,12242,-28870,29087,-13475,-24556,-29601,-16550,31818,482,-26422,-3471,-14222,25732,-18683,-22788,-2997,10749,-25524,20922,-15860,-4168,30716,-1109,31755,-2569,26737,7874,-25594,26825,-1125,-12508
105,0,4518,4131,-23474,29825,-20553,15837,11209,30479,2472,-12440,-12891,14080,-15461,11654,-16432,-13688,-16930,28833,-11543,-21671,9298,32507,15659,10761,-30225,-29579,1530,6381,16179,-2894,17952,31402,-7540,32105,-14342,-21775,-2038,-16707,-26578,2605,173,-6119,10745,-13157,1239,-1367,-15312,31812,-29676,-23553,4507,29295,18686,-31295,32762,3627,-29100,-13745,-17126,26745,11069,16002,-13701,25603
106,0,4518,4131,-23474,29825,-20553,15837,11209,30479,2472,-12440,-12891,14080,-15461,11654,-16432,-13688,-16930,28833,-11543,-21671,9298,32507,15659,10761,-30225,-29579,1530,6381,16179,-2894,17952,31402,-7540,32105,-14342,-21775,-2038,-16707,-26578,2605,173,-6119,10745,-13157,1239,-1367,-15312,31812,-29676,-23553,4507,29295,18686,-31295,32762,3627,-29100,-13745,-17126,26745,11069,16002,-13701,25603
107,0,4518,4131,-23474,29825,-20553,15837,11209,30479,2472,-12440,-12891,14080,-15461,11654,-16432,-13688,-16930,28833,-11543,-21671,9298,32507,15659,10761,-30225,-29579,1530,6381,16179,-2894,17952,31402,-7540,32105,-14342,-21775,-2038,-16707,-26578,2605,173,-6119,10745,-13157,1239,-1367,-15312,31812,-29676,-23553,4507,29295,18686,-31295,32762,3627,-29100,-13745,-17126,26745,11069,16002,-13701,25603
108,0,18820,28397,24317,-20769,11957,27382,31272,31254,534,-21245,-9728,30519,-11296,3487,12739,28421,1298,13051,12152,4629,-32600,3044,21365,-4977,19836,-25334,8628,-17077,-9308,9159,-19663,-25209,26749,-11825,-1257,358,-22874,-11393,-20640,-7884,18966,-29140,-15961,2775,-4470,-31392,-14310,19537,13001,3855,-591,-19539,-13787,20239,8025,-12343,4952,14395,8388,-19284,3011,4427,-28881,-14556
109,0,18820,28397,24317,-20769,11957,27382,31272,31254,534,-21245,-9728,30519,-11296,3487,12739,28421,1298,13051,12152,4629,-32600,3044,21365,-4977,19836,-25334,8628,-17077,-9308,9159,-19663,-25209,26749,-11825,-1257,358,-22874,-11393,-20640,-7884,18966,-29140,-15961,2775,-4470,-31392,-14310,19537,13001,3855,-591,-19539,-13787,20239,8025,-12343,4952,14395,8388,-19284,3011,4427,-28881,-14556
110,0,18820,28397,24317,-20769,11957,27382,31272,31254,534,-21245,-9728,30519,-11296,3487,12739,28421,1298,13051,12152,4629,-32600,3044,21365,-4977,19836,-25334,8628,-17077,-9308,9159,-19663,-25209,26749,-11825,-1257,358,-22874,-11393,-20640,-7884,18966,-29140,-15961,2775,-4470,-31392,-14310,19537,13001,3855,-591,-19539,-13787,20239,8025,-12343,4952,14395,8388,-19284,3011,4427,-28881,-14556
111,0,18305,-11025,17921,-5725,31441,3368,-16900,-9470,18048,25724,12981,-9878,4346,26973,-12862,28510,-9267,30035,32724,26704,-17981,25516,-10142,-25370,-10155,22162,1518,4586,8349,12689,-11320,-5036,-220,10865,9269,8109,-19365,-24070,1221,-13297,5823,16323,-5993,-28792,5561,-8070,-28781,14572,4875,-31247,12283,23085,9795,-8332,-30507,3948,-19228,21577,-15648,-18522,17305,-13108,5178,-12575
112,0,18305,-11025,17921,-5725,31441,3368,-16900,-9470,18048,25724,12981,-9878,4346,26973,-12862,28510,-9267,30035,32724,26704,-17981,25516,-10142,-25370,-10155,22162,1518,4586,8349,12689,-11320,-5036,-220,10865,9269,8109,-19365,-24070,1221,-13297,5823,16323,-5993,-28792,5561,-8070,-28781,14572,4875,-31247,12283,23085,9795,-8332,-30507,3948,-19228,21577,-15648,-18522,17305,-13108,5178,-12575
113,0,18305,-11025,17921,-5725,31441,3368,-16900,-9470,18048,25724,12981,-9878,4346,26973,-12862,28510,-9267,30035,32724,26704,-17981,25516,-10142,-25370,-10155,22162,1518,4586,8349,12689,-11320,-5036,-220,10865,9269,8109,-19365,-24070,1221,-13297,5823,16323,-5993,-28792,5561,-8070,-28781,14572,4875,-31247,12283,23085,9795,-8332,-30507,3948,-19228,21577,-15648,-18522,17305,-13108,5178,-12575
114,0,-25756,-18508,-24036,9643,25952,23204,-31651,-22535,-15606,15956,23488,-23234,-10604,5362,-5840,29333,-4204,-20948,23108,-923,2192,-13526,30763,-793,-17952,16090,-15963,-656,4621,-25588,-11764,-2570,-23936,6127,22376,-2478,-8945,17741,-32692,-18843,9045,-2496,-24415,6216,-24071,-7966,22504,-31575,19046,17848,-32240,18936,-10517,16224,16227,-6925,5735,32124,1754,2609,-6133,4921,13011,22795
115,0,-25756,-18508,-24036,9643,25952,23204,-31651,-22535,-15606,15956,23488,-23234,-10604,5362,-5840,29333,-4204,-20948,23108,-923,2192,-13526,30763,-793,-17952,16090,-15963,-656,4621,-25588,-11764,-2570,-23936,6127,22376,-2478,-8945,17741,-32692,-18843,9045,-2496,-24415,6216,-24071,-7966,22504,-31575,19046,17848,-32240,18936,-10517,16224,16227,-6925,5735,32124,1754,2609,-6133,4921,13011,22795
116,0,-25756,-18508,-24036,9643,25952,23204,-31651,-22535,-15606,15956,23488,-23234,-10604,5362,-5840,29333,-4204,-20948,23108,-923,2192,-13526,30763,-793,-17952,16090,-15963,-656,4621,-25588,-11764,-2570,-23936,6127,22376,-2478,-8945,17741,-32692,-18843,9045,-2496,-24415,6216,-24071,-7966,22504,-31575,19046,17848,-32240,18936,-10517,16224,16227,-6925,5735,32124,1754,2609,-6133,4921,13011,22795
117,0,-19980,-8307,18387,-15078,-30134,23705,9270,2866,4115,4231,-9630,5363,4649,292,10680,-23015,13958,-14669,-16699,-11398,3196,-15998,-12283,-23339,-26621,25253,-10402,-31880,15803,-2860,10020,3199,3254,6163,-25618,13360,-11021,31401,-23132,25095,12576,-23805,26477,-6257,2322,17719,-15795,26968,26280,13307,11861,-31145,-1209,-500,25576,-16567,26088,-32327,26660,-15263,6550,-18549,21083,-17617
118,0,-19980,-8307,18387,-15078,-30134,23705,9270,2866,4115,4231,-9630,5363,4649,292,10680,-23015,13958,-14669,-16699,-11398,3196,-15998,-12283,-23339,-26621,25253,-10402,-31880,15803,-2860,10020,3199,3254,6163,-25618,13360,-11021,31401,-23132,25095,12576,-23805,26477,-6257,2322,17719,-15795,26968,26280,13307,11861,-31145,-1209,-500,25576,-16567,26088,-32327,26660,-15263,6550,-18549,21083,-17617
119,0,-19980,-8307,18387,-15078,-30134,23705,9270,2866,4115,4231,-9630,5363,4649,292,10680,-23015,13958,-14669,-16699,-11398,3196,-15998,-12283,-23339,-26621,25253,-10402,-31880,15803,-2860,10020,3199,3254,6163,-25618,13360,-11021,31401,-23132,25095,12576,-23805,26477,-6257,2322,17719,-15795,26968,26280,13307,11861,-31145,-1209,-500,25576,-16567,26088,-32327,26660,-15263,6550,-18549,21083,-17617
120,0,4145,-11878,23408,25261,13644,-4843,3494,-2381,-10461,8124,-3209,5781,-24565,-16189,20388,-10166,-7200,-31461,17923,-26618,-16080,22903,-12255,12309,-3760,19632,24867,30213,-10442,-31274,-7035,-30196,3103,-17479,18456,-28493,4727,17148,-21884,9879,13892,1129,11111,-24631,7947,-25070,-21862,31860,31187,-14579,-18670,-7603,-12173,-31102,-1622,12037,9520,-882,-9315,18281,3145,-1788,-6218,4431
121,0,4145,-11878,23408,25261,13644,-4843,3494,-2381,-10461,8124,-3209,5781,-24565,-16189,20388,-10166,-7200,-31461,17923,-26618,-16080,22903,-12255,12309,-3760,19632,24867,30213,-10442,-31274,-7035,-30196,3103,-17479,18456,-28493,4727,17148,-21884,9879,13892,1129,11111,-24631,7947,-25070,-21862,31860,31187,-14579,-18670,-7603,-12173,-31102,-1622,12037,9520,-882,-9315,18281,3145,-1788,-6218,4431
122,0,4145,-11878,23408,25261,13644,-4843,3494,-2381,-10461,8124,-3209,5781,-24565,-16189,20388,-10166,-7200,-31461,17923,-26618,-16080,22903,-12255,12309,-3760,19632,24867,30213,-10442,-31274,-7035,-30196,3103,-17479,18456,-28493,4727,17148,-21884,9879,13892,1129,11111,-24631,7947,-25070,-21862,31860,31187,-14579,-18670,-7603,-12173,-31102,-1622,12037,9520,-882,-9315,18281,3145,-1788,-6218,4431
123,0,-4065,-11087,-12812,8142,-15136,28567,-12215,-25183,22031,-22749,10256,69,-11632,-7075,-26999,-22205,-6705,6586,-15485,18782,-17101,23318,32486,-11399,21642,5721,7617,26846,10356,18224,-8053,10896,-13576,32703,-28162,-2097,21619,-1885,-28996,-31085,26487,8500,29429,-13682,-12243,7085,3935,29809,27488,17191,26891,-14621,-23385,19333,-2067,-10334,31905,-29927,29306,-8830,967,12804,5379,5996
124,0,-4065,-11087,-12812,8142,-15136,28567,-12215,-25183,22031,-22749,10256,69,-11632,-7075,-26999,-22205,-6705,6586,-15485,18782,-17101,23318,32486,-11399,21642,5721,7617,26846,10356,18224,-8053,10896,-13576,32703,-28162,-2097,21619,-1885,-28996,-31085,26487,8500,29429,-13682,-12243,7085,3935,29809,27488,17191,26891,-14621,-23385,19333,-2067,-10334,31905,-29927,29306,-8830,967,12804,5379,5996
125,0,-4065,-11087,-12812,8142,-15136,28567,-12215,-25183,22031,-22749,10256,69,-11632,-7075,-26999,-22205,-6705,6586,-15485,18782,-17101,23318,32486,-11399,21642,5721,7617,26846,10356,18224,-8053,10896,-13576,32703,-28162,-2097,21619,-1885,-28996,-31085,26487,8500,29429,-13682,-12243,7085,3935,29809,27488,17191,26891,-14621,-23385,19333,-2067,-10334,31905,-29927,29306,-8830,967,12804,5379,5996
126,0,18504,-3939,24694,1431,-12010,-24565,-27796,-7613,-23685,-14071,14167,30705,-13951,19474,-29378,3749,-29824,-3659,2899,-27829,31118,3013,-4480,12823,-5824,5148,-14483,26349,4537,-26567,25446,11872,30921,29280,20522,-15592,-2981,-16686,9523,-16120,-4422,8930,17245,16271,-25239,-19070,-32622,-13473,5635,-30902,-20899,-26235,5052,-5658,-1270,692,26418,-13611,13633,-9339,3645,-22574,30840,2370
127,0,18504,-3939,24694,1431,-12010,-24565,-27796,-7613,-23685,-14071,14167,30705,-13951,19474,-29378,3749,-29824,-3659,2899,-27829,31118,3013,-4480,12823,-5824,5148,-14483,26349,4537,-26567,25446,11872,30921,29280,20522,-15592,-2981,-16686,9523,-16120,-4422,8930,17245,16271,-25239,-19070,-32622,-13473,5635,-30902,-20899,-26235,5052,-5658,-1270,692,26418,-13611,13633,-9339,3645,-22574,30840,2370
128,0,18504,-3939,24694,1431,-12010,-24565,-27796,-7613,-23685,-14071,14167,30705,-13951,19474,-29378,3749,-29824,-3659,2899,-27829,31118,3013,-4480,12823,-5824,5148,-14483,26349,4537,-26567,25446,11872,30921,29280,20522,-15592,-2981,-16686,9523,-16120,-4422,8930,17245,16271,-25239,-19070,-32622,-13473,5635,-30902,-20899,-26235,5052,-5658,-1270,692,26418,-13611,13633,-9339,3645,-22574,30840,2370
129,0,-7191,7354,12490,5171,7682,27692,-11952,21829,1514,26473,20524,14840,-6180,-6945,32643,-20926,-23629,-14044,31227,-23895,-2304,-7474,-28813,-14238,10806,10063,-13187,27183,6777,-30363,2408,-23392,-17019,14749,14450,-26770,-2905,24573,21339,-15103,9881,-9871,-19892,5352,-29494,-1011,-1082,26781,1174,25611,9225,21087,-30360,-4172,26521,-1177,-3389,-29458,-20618,-13993,31514,-16254,10404,32238
130,0,-7191,7354,12490,5171,7682,27692,-11952,21829,1514,26473,20524,14840,-6180,-6945,32643,-20926,-23629,-14044,31227,-23895,-2304,-7474,-28813,-14238,10806,10063,-13187,27183,6777,-30363,2408,-23392,-17019,14749,14450,-26770,-2905,24573,21339,-15103,9881,-9871,-19892,5352,-29494,-1011,-1082,26781,1174,25611,9225,21087,-30360,-4172,26521,-1177,-3389,-29458,-20618,-13993,31514,-16254,10404,32238
131,0,-7191,7354,12490,5171,7682,27692,-11952,21829,1514,26473,20524,14840,-6180,-6945,32643,-20926,-23629,-14044,31227,-23895,-2304,-7474,-28813,-14238,10806,10063,-13187,27183,6777,-30363,2408,-23392,-17019,14749,14450,-26770,-2905,24573,21339,-15103,9881,-9871,-19892,5352,-29494,-1011,-1082,26781,1174,25611,9225,21087,-30360,-4172,26521,-1177,-3389,-29458,-20618,-13993,31514,-16254,10404,32238
132,0,6256,2571,-25884,-25487,-24331,6186,-4796,22972,-9890,15391,-23059,-28882,23854,-7582,27139,11723,11069,-8637,27532,2017,25595,-18212,-9275,-22316,-682,21612,-29313,-12972,-2008,-30609,13858,-22477,-25558,13435,-23391,-17422,5287,19099,28608,6734,25651,23207,13272,29374,-13155,-23612,23277,24228,9041,18243,-26330,-8859,-28177,-16306,-21698,-20866,8735,-22606,-20834,-25325,-24855,-11548,12026,7580
133,0,6256,2571,-25884,-25487,-24331,6186,-4796,22972,-9890,15391,-23059,-28882,23854,-7582,27139,11723,11069,-8637,27532,2017,25595,-18212,-9275,-22316,-682,21612,-29313,-12972,-2008,-30609,13858,-22477,-25558,13435,-23391,-17422,5287,19099,28608,6734,25651,23207,13272,29374,-13155,-23612,23277,24228,9041,18243,-26330,-8859,-28177,-16306,-21698,-20866,8735,-22606,-20834,-25325,-24855,-11548,12026,7580
134,0,6256,2571,-25884,-25487,-24331,6186,-4796,22972,-9890,15391,-23059,-28882,23854,-7582,27139,11723,11069,-8637,27532,2017,25595,-18212,-9275,-22316,-682,21612,-29313,-12972,-2008,-30609,13858,-22477,-25558,13435,-23391,-17422,5287,19099,28608,6734,25651,23207,13272,29374,-13155,-23612,23277,24228,9041,18243,-26330,-8859,-28177,-16306,-21698,-20866,8735,-22606,-20834,-25325,-24855,-11548,12026,7580
135,0,27190,-24314,-19256,-21789,-11666,-23489,254,-14853,24832,317,19526,20000,-16467,24999,-32167,14259,724,1568,-28632,-19055,14361,-31052,3500,10347,29908,20581,1116,-18110,9275,-27864,13385,-9237,15742,30358,16815,-10538,-1960,28537,30676,20071,-29535,-31134,28727,-2230,-12073,16353,-14943,-24646,17963,-23017,-14898,11149,32053,21862,-9699,26841,-28750,-26253,23038,-29729,27895,-23196,25321,-12047
136,0,27190,-24314,-19256,-21789,-11666,-23489,254,-14853,24832,317,19526,20000,-16467,24999,-32167,14259,724,1568,-28632,-19055,14361,-31052,3500,10347,29908,20581,1116,-18110,9275,-27864,13385,-9237,15742,30358,16815,-10538,-1960,28537,30676,20071,-29535,-31134,28727,-2230,-12073,16353,-14943,-24646,17963,-23017,-14898,11149,32053,21862,-9699,26841,-28750,-26253,23038,-29729,27895,-23196,25321,-12047
137,0,27190,-24314,-19256,-21789,-11666,-23489,254,-14853,24832,317,19526,20000,-16467,24999,-32167,14259,724,1568,-28632,-19055,14361,-31052,3500,10347,29908,20581,1116,-18110,9275,-27864,13385,-9237,15742,30358,16815,-10538,-1960,28537,30676,20071,-29535,-31134,28727,-2230,-12073,16353,-14943,-24646,17963,-23017,-14898,11149,32053,21862,-9699,26841,-28750,-26253,23038,-29729,27895,-23196,25321,-12047
138,0,8426,-5446,-26481,28565,19952,-17448,-30251,7303,-15594,-3911,21717,22757,18332,-19984,-7451,12159,20680,-11211,-13627,-1424,16959,-32047,147,-25661,30920,28532,-12097,-32710,26179,4187,-31778,25893,17034,-31244,-21052,5795,18666,-8386,15155,-24571,24284,-15130,4518,-8714,-30341,31865,4598,-2905,15983,20710,26639,11527,18820,-15789,1561,12492,8017,-21347,-4851,-183,25793,-31815,-8569,25609
139,0,8426,-5446,-26481,28565,19952,-17448,-30251,7303,-15594,-3911,21717,22757,18332,-19984,-7451,12159,20680,-11211,-13627,-1424,16959,-32047,147,-25661,30920,28532,-12097,-32710,26179,4187,-31778,25893,17034,-31244,-21052,5795,18666,-8386,15155,-24571,24284,-15130,4518,-8714,-30341,31865,4598,-2905,15983,20710,26639,11527,18820,-15789,1561,12492,8017,-21347,-4851,-183,25793,-31815,-8569,25609
140,0,8426,-5446,-26481,28565,19952,-17448,-30251,7303,-15594,-3911,21717,22757,18332,-19984,-7451,12159,20680,-11211,-13627,-1424,16959,-32047,147,-25661,30920,28532,-12097,-32710,26179,4187,-31778,25893,17034,-31244,-21052,5795,18666,-8386,15155,-24571,24284,-15130,4518,-8714,-30341,31865,4598,-2905,15983,20710,26639,11527,18820,-15789,1561,12492,8017,-21347,-4851,-183,25793,-31815,-8569,25609
141,0,25041,-22505,-6714,-11081,10722,-14589,-28629,-6671,19273,15165,27041,3686,14381,-28870,-20403,3291,-3745,-19828,-24387,1003,6406,8553,-9973,-1981,13209,30813,21963,11067,24729,17411,9176,-19361,32241,-19994,28819,-20162,2,28770,-30788,-22757,-9869,-28265,-19153,-32128,-1156,-26157,-29826,9963,-12476,225,-26083,13494,6953,-13015,31208,25828,-5187,26523,11090,-26360,5657,-3364,-14807,-29363
142,0,25041,-22505,-6714,-11081,10722,-14589,-28629,-6671,19273,15165,27041,3686,14381,-28870,-20403,3291,-3745,-19828,-24387,1003,6406,8553,-9973,-1981,13209,30813,21963,11067,24729,17411,9176,-19361,32241,-19994,28819,-20162,2,28770,-30788,-22757,-9869,-28265,-19153,-32128,-1156,-26157,-29826,9963,-12476,225,-26083,13494,6953,-13015,31208,25828,-5187,26523,11090,-26360,5657,-3364,-14807,-29363
143,0,25041,-22505,-6714,-11081,10722,-14589,-28629,-6671,19273,15165,27041,3686,14381,-28870,-20403,3291,-3745,-19828,-24387,1003,6406,8553,-9973,-1981,13209,30813,21963,11067,24729,17411,9176,-19361,32241,-19994,28819,-20162,2,28770,-30788,-22757,-9869,-28265,-19153,-32128,-1156,-26157,-29826,9963,-12476,225,-26083,13494,6953,-13015,31208,25828,-5187,26523,11090,-26360,5657,-3364,-14807,-29363
144,0,-23669,6945,-14775,20577,12162,3140,-23018,28168,2058,2763,-11831,-2223,19219,16941,-31271,-29881,-16383,7759,6333,14252,27540,-6096,6275,6308,-573,5214,-30735,9773,17321,8106,-8455,-2168,-14541,10624,29967,-19570,-33,-24210,13197,29824,31602,12719,24053,-4137,-7465,1790,32049,11256,-32206,23941,-27348,-1322,20110,31845,-5409,24999,28718,-19251,3652,-28729,25842,2699,4292,-9311
145,0,-23669,6945,-14775,20577,12162,3140,-23018,28168,2058,2763,-11831,-2223,19219,16941,-31271,-29881,-16383,7759,6333,14252,27540,-6096,6275,6308,-573,5214,-30735,9773,17321,8106,-8455,-2168,-14541,10624,29967,-19570,-33,-24210,13197,29824,31602,12719,24053,-4137,-7465,1790,32049,11256,-32206,23941,-27348,-1322,20110,31845,-5409,24999,28718,-19251,3652,-28729,25842,2699,4292,-9311
146,0,-23669,6945,-14775,20577,12162,3140,-23018,28168,2058,2763,-11831,-2223,19219,16941,-31271,-29881,-16383,7759,6333,14252,27540,-6096,6275,6308,-573,5214,-30735,9773,17321,8106,-8455,-2168,-14541,10624,29967,-19570,-33,-24210,13197,29824,31602,12719,24053,-4137,-7465,1790,32049,11256,-32206,23941,-27348,-1322,20110,31845,-5409,24999,28718,-19251,3652,-28729,25842,2699,4292,-9311
147,0,25843,18194,13245,13723,-10731,-27947,20669,10748,-21300,-12135,4020,16610,17569,1884,32021,-12579,13231,-8104,29673,-3312,32258,32362,25380,-2214,5057,2232,-23381,3302,-2155,-7727,-8834,14452,6348,-30759,28773,-15844,25219,-6745,2557,31750,-13826,11269,-30468,16023,-25536,-18046,-15362,27250,-26258,-17404,13071,-18158,26631,20243,-16896,12351,13504,28670,8764,5504,-23141,-22442,20815,31822
148,0,25843,18194,13245,13723,-10731,-27947,20669,10748,-21300,-12135,4020,16610,17569,1884,32021,-12579,13231,-8104,29673,-3312,32258,32362,25380,-2214,5057,2232,-23381,3302,-2155,-7727,-8834,14452,6348,-30759,28773,-15844,25219,-6745,2557,31750,-13826,11269,-30468,16023,-25536,-18046,-15362,27250,-26258,-17404,13071,-18158,26631,20243,-16896,12351,13504,28670,8764,5504,-23141,-22442,20815,31822
149,0,25843,18194,13245,13723,-10731,-27947,20669,10748,-21300,-12135,4020,16610,17569,1884,32021,-12579,13231,-8104,29673,-3312,32258,32362,25380,-2214,5057,2232,-23381,3302,-2155,-7727,-8834,14452,6348,-30759,28773,-15844,25219,-6745,2557,31750,-13826,11269,-30468,16023,-25536,-18046,-15362,27250,-26258,-17404,13071,-18158,26631,20243,-16896,12351,13504,28670,8764,5504,-23141,-22442,20815,31822
150,0,-26474,-16475,-4881,3599,6713,-27199,20206,32643,5086,-21400,24081,-30955,2067,-32467,19987,14260,26480,-2911,-7132,12321,18838,-7304,13340,31286,-4489,14375,12031,2083,13911,23328,-1739,30511,11394,28554,-1241,-12029,12735,22230,-17157,-22673,-5720,5258,-4745,23110,12273,-7741,-16673,5798,251,19850,19342,-2817,-5933,560,2138,16167,-18640,16825,31687,7642,-32569,-25699,-4478,15939
151,0,-26474,-16475,-4881,3599,6713,-27199,20206,32643,5086,-21400,24081,-30955,2067,-32467,19987,14260,26480,-2911,-7132,12321,18838,-7304,13340,31286,-4489,14375,12031,2083,13911,23328,-1739,30511,11394,28554,-1241,-12029,12735,22230,-17157,-22673,-5720,5258,-4745,23110,12273,-7741,-16673,5798,251,19850,19342,-2817,-5933,560,2138,16167,-18640,16825,31687,7642,-32569,-25699,-4478,15939
152,0,-26474,-16475,-4881,3599,6713,-27199,20206,32643,5086,-21400,24081,-30955,2067,-32467,19987,14260,26480,-2911,-7132,12321,18838,-7304,13340,31286,-4489,14375,12031,2083,13911,23328,-1739,30511,11394,28554,-1241,-12029,12735,22230,-17157,-22673,-5720,5258,-4745,23110,12273,-7741,-16673,5798,251,19850,19342,-2817,-5933,560,2138,16167,-18640,16825,31687,7642,-32569,-25699,-4478,15939
153,0,-20996,11631,-4175,7284,12358,-9317,-23887,-5418,3728,-13806,18808,-25835,32766,-7229,31688,-29614,-32075,-22848,-25611,-13338,-26904,1457,-1374,-12483,12921,-16813,22175,16816,14865,-25513,-13180,-24787,-22644,-19532,-3942,-831,707,-10879,22281,-19538,7786,-30664,10433,-7967,-3312,9061,-11588,-26836,20103,32397,10552,-19212,-31497,27337,24198,17392,-6496,-8077,-2872,25239,-6650,27378,-27631,-24785
154,0,-20996,11631,-4175,7284,12358,-9317,-23887,-5418,3728,-13806,18808,-25835,32766,-7229,31688,-29614,-32075,-22848,-25611,-13338,-26904,1457,-1374,-12483,12921,-16813,22175,16816,14865,-25513,-13180,-24787,-22644,-19532,-3942,-831,707,-10879,22281,-19538,7786,-30664,10433,-7967,-3312,9061,-11588,-26836,20103,32397,10552,-19212,-31497,27337,24198,17392,-6496,-8077,-2872,25239,-6650,27378,-27631,-24785
155,0,-20996,11631,-4175,7284,12358,-9317,-23887,-5418,3728,-13806,18808,-25835,32766,-7229,31688,-29614,-32075,-22848,-25611,-13338,-26904,1457,-1374,-12483,12921,-16813,22175,16816,14865,-25513,-13180,-24787,-22644,-19532,-3942,-831,707,-10879,22281,-19538,7786,-30664,10433,-7967,-3312,9061,-11588,-26836,20103,32397,10552,-19212,-31497,27337,24198,17392,-6496,-8077,-2872,25239,-6650,27378,-27631,-24785
156,0,-15427,1703,29127,-7737,14737,11193,15289,4669,9346,29694,-3231,-6747,-2194,-3458,-21484,24172,-31206,6241,18325,-26893,-32158,-10987,-12263,-23336,8276,-2997,6078,-11418,-9860,-16486,11546,30411,-667,-7396,17397,-1872,-4439,-325,5027,-6460,-29713,-22051,-22906,23353,21360,-4941,-781,5345,30931,8481,4010,-26039,-15901,-12611,18229,-29978,-19621,27356,11904,-20338,2557,-17076,19304,-17884
157,0,-15427,1703,29127,-7737,14737,11193,15289,4669,9346,29694,-3231,-6747,-2194,-3458,-21484,24172,-31206,6241,18325,-26893,-32158,-10987,-12263,-23336,8276,-2997,6078,-11418,-9860,-16486,11546,30411,-667,-7396,17397,-1872,-4439,-325,5027,-6460,-29713,-22051,-22906,23353,21360,-4941,-781,5345,30931,8481,4010,-26039,-15901,-12611,18229,-29978,-19621,27356,11904,-20338,2557,-17076,19304,-17884
158,0,-15427,1703,29127,-7737,14737,11193,15289,4669,9346,29694,-3231,-6747,-2194,-3458,-21484,24172,-31206,6241,18325,-26893,-32158,-10987,-12263,-23336,8276,-2997,6078,-11418,-9860,-16486,11546,30411,-667,-7396,17397,-1872,-4439,-325,5027,-6460,-29713,-22051,-22906,23353,21360,-4941,-781,5345,30931,8481,4010,-26039,-15901,-12611,18229,-29978,-19621,27356,11904,-20338,2557,-17076,19304,-17884
159,0,13507,30375,-12215,-18583,-31808,31430,22445,22179,-18308,-19630,-32688,20880,15282,30644,-24227,22873,3021,-1736,503,-3918,-28569,26067,26683,-32261,-30936,16742,8566,4270,-12576,6069,28364,-4100,-27383,28449,-15028,-23994,-30302,-3025,-21710,-3459,-31851,22424,-1199,-3099,-21960,8885,-24084,7944,-5908,-8729,-14299,23265,-3583,-2055,22864,-24883,-29131,-24127,11761,17513,4088,7503,-3679,4022
160,0,13507,30375,-12215,-18583,-31808,31430,22445,22179,-18308,-19630,-32688,20880,15282,30644,-24227,22873,3021,-1736,503,-3918,-28569,26067,26683,-32261,-30936,16742,8566,4270,-12576,6069,28364,-4100,-27383,28449,-15028,-23994,-30302,-3025,-21710,-3459,-31851,22424,-1199,-3099,-21960,8885,-24084,7944,-5908,-8729,-14299,23265,-3583,-2055,22864,-24883,-29131,-24127,11761,17513,4088,7503,-3679,4022
161,0,13507,30375,-12215,-18583,-31808,31430,22445,22179,-18308,-19630,-32688,20880,15282,30644,-24227,22873,3021,-1736,503,-3918,-28569,26067,26683,-32261,-30936,16742,8566,4270,-12576,6069,28364,-4100,-27383,28449,-15028,-23994,-30302,-3025,-21710,-3459,-31851,22424,-1199,-3099,-21960,8885,-24084,7944,-5908,-8729,-14299,23265,-3583,-2055,22864,-24883,-29131,-24127,11761,17513,4088,7503,-3679,4022
162,0,-4746,20287,27776,28138,-27492,-16870,-30635,1032,-25964,-28354,12929,25242,25706,-18812,-13844,-12149,-27789,10301,19755,-15630,-16190,17783,20558,26926,-30750,1178,-12881,-19003,11544,-23460,22574,-30091,29227,28352,-4756,-4696,-13349,17384,-24414,-7187,5157,3485,7984,21921,-2052,27396,-11610,20724,24509,-17891,7590,4059,-23633,-11969,26518,28444,-23346,-13822,-2192,19540,10762,-32403,-6750,5771
163,0,-4746,20287,27776,28138,-27492,-16870,-30635,1032,-25964,-28354,12929,25242,25706,-18812,-13844,-12149,-27789,10301,19755,-15630,-16190,17783,20558,26926,-30750,1178,-12881,-19003,11544,-23460,22574,-30091,29227,28352,-4756,-4696,-13349,17384,-24414,-7187,5157,3485,7984,21921,-2052,27396,-11610,20724,24509,-17891,7590,4059,-23633,-11969,26518,28444,-23346,-13822,-2192,19540,10762,-32403,-6750,5771
164,0,-4746,20287,27776,28138,-27492,-16870,-30635,1032,-25964,-28354,12929,25242,25706,-18812,-13844,-12149,-27789,10301,19755,-15630,-16190,17783,20558,26926,-30750,1178,-12881,-19003,11544,-23460,22574,-30091,29227,28352,-4756,-4696,-13349,17384,-24414,-7187,5157,3485,7984,21921,-2052,27396,-11610,20724,24509,-17891,7590,4059,-23633,-11969,26518,28444,-23346,-13822,-2192,19540,10762,-32403,-6750,5771
165,0,-24186,3984,5579,10024,-32435,-29763,15126,-25780,-9385,-2693,-1338,-4419,2396,-13094,-5640,-1430,-20840,31541,4673,20287,21487,-26688,15374,-6283,20075,-26439,-16470,-23854,-18894,-11624,11168,27710,21372,24599,-31256,18333,20972,-7230,-18143,7869,27284,-5144,-21946,21652,-7061,-1137,-6033,-20284,8654,-21324,12993,-15691,18323,18333,19481,-27547,-20996,-3873,2590,-16075,-784,-10763,17120,-14355
166,0,-24186,3984,5579,10024,-32435,-29763,15126,-25780,-9385,-2693,-1338,-4419,2396,-13094,-5640,-1430,-20840,31541,4673,20287,21487,-26688,15374,-6283,20075,-26439,-16470,-23854,-18894,-11624,11168,27710,21372,24599,-31256,18333,20972,-7230,-18143,7869,27284,-5144,-21946,21652,-7061,-1137,-6033,-20284,8654,-21324,12993,-15691,18323,18333,19481,-27547,-20996,-3873,2590,-16075,-784,-10763,17120,-14355
167,0,-24186,3984,5579,10024,-32435,-29763,15126,-25780,-9385,-2693,-1338,-4419,2396,-13094,-5640,-1430,-20840,31541,4673,20287,21487,-26688,15374,-6283,20075,-26439,-16470,-23854,-18894,-11624,11168,27710,21372,24599,-31256,18333,20972,-7230,-18143,7869,27284,-5144,-21946,21652,-7061,-1137,-6033,-20284,8654,-21324,12993,-15691,18323,18333,19481,-27547,-20996,-3873,2590,-16075,-784,-10763,17120,-14355
168,0,-8894,-21044,14291,20684,-15588,14304,-5168,-19198,-16060,23562,17810,8134,11529,10115,-27643,-2014,31101,-30038,-17687,-24633,-14857,25747,-16610,-31019,19869,-13364,-10654,-30060,-28322,27877,-462,11805,-21298,-31881,8740,-10625,32008,-5272,-10599,-15109,-20825,-21167,120,-22382,-31080,26570,13252,32002,1349,-18951,24880,-15018,31152,4949,32691,-31015,-17883,-27447,-8784,-18333,-13525,-25671,-24520,7459
169,0,-8894,-21044,14291,20684,-15588,14304,-5168,-19198,-16060,23562,17810,8134,11529,10115,-27643,-2014,31101,-30038,-17687,-24633,-14857,25747,-16610,-31019,19869,-13364,-10654,-30060,-28322,27877,-462,11805,-21298,-31881,8740,-10625,32008,-5272,-10599,-15109,-20825,-21167,120,-22382,-31080,26570,13252,32002,1349,-18951,24880,-15018,31152,4949,32691,-31015,-17883,-27447,-8784,-18333,-13525,-25671,-24520,7459
170,0,-8894,-21044,14291,20684,-15588,14304,-5168,-19198,-16060,23562,17810,8134,11529,10115,-27643,-2014,31101,-30038,-17687,-24633,-14857,25747,-16610,-31019,19869,-13364,-10654,-30060,-28322,27877,-462,11805,-21298,-31881,8740,-10625,32008,-5272,-10599,-15109,-20825,-21167,120,-22382,-31080,26570,13252,32002,1349,-18951,24880,-15018,31152,4949,32691,-31015,-17883,-27447,-8784,-18333,-13525,-25671,-24520,7459
171,0,-6349,22154,23500,824,-30479,31934,9634,-18560,1381,-25544,22316,-3446,25112,22944,20756,10213,-31990,-25843,-14298,12289,-9817,-4674,-30192,30899,-24180,1446,17992,1401,-4517,28984,15632,19749,2295,31947,31149,25671,-24700,3433,5308,22190,22975,28141,-29636,13583,-24438,26648,19143,15041,29814,13771,-27529,19437,-28163,5154,25548,-8689,-9229,15958,11718,23317,-14042,22141,-14547,31134
172,0,-6349,22154,23500,824,-30479,31934,9634,-18560,1381,-25544,22316,-3446,25112,22944,20756,10213,-31990,-25843,-14298,12289,-9817,-4674,-30192,30899,-24180,1446,17992,1401,-4517,28984,15632,19749,2295,31947,31149,25671,-24700,3433,5308,22190,22975,28141,-29636,13583,-24438,26648,19143,15041,29814,13771,-27529,19437,-28163,5154,25548,-8689,-9229,15958,11718,23317,-14042,22141,-14547,31134
173,0,-6349,22154,23500,824,-30479,31934,9634,-18560,1381,-25544,22316,-3446,25112,22944,20756,10213,-31990,-25843,-14298,12289,-9817,-4674,-30192,30899,-24180,1446,17992,1401,-4517,28984,15632,19749,2295,31947,31149,25671,-24700,3433,5308,22190,22975,28141,-29636,13583,-24438,26648,19143,15041,29814,13771,-27529,19437,-28163,5154,25548,-8689,-9229,15958,11718,23317,-14042,22141,-14547,31134
174,0,-31055,-31215,25205,-12190,-14570,-23081,-9657,25589,30198,1931,13477,-24906,-17020,-21466,30537,-23476,23273,-31021,-3123,-562,-11050,-30832,10265,-29961,-3954,6160,-22003,-3700,-12264,-11855,-18713,-23711,20219,21344,-13008,25667,-30025,761,-21927,-11209,-11489,1627,19379,-12988,7601,14203,-28547,1039,-8581,-6966,-4122,29395,-13969,-28946,2882,-22789,4889,20562,-20182,-30539,11408,12834,15197,10231
175,0,-31055,-31215,25205,-12190,-14570,-23081,-9657,25589,30198,1931,13477,-24906,-17020,-21466,30537,-23476,23273,-31021,-3123,-562,-11050,-30832,10265,-29961,-3954,6160,-22003,-3700,-12264,-11855,-18713,-23711,20219,21344,-13008,25667,-30025,761,-21927,-11209,-11489,1627,19379,-12988,7601,14203,-28547,1039,-8581,-6966,-4122,29395,-13969,-28946,2882,-22789,4889,20562,-20182,-30539,11408,12834,15197,10231
176,0,-31055,-31215,25205,-12190,-14570,-23081,-9657,25589,30198,1931,13477,-24906,-17020,-21466,30537,-23476,23273,-31021,-3123,-562,-11050,-30832,10265,-29961,-3954,6160,-22003,-3700,-12264,-11855,-18713,-23711,20219,21344,-13008,25667,-30025,761,-21927,-11209,-11489,1627,19379,-12988,7601,14203,-28547,1039,-8581,-6966,-4122,29395,-13969,-28946,2882,-22789,4889,20562,-20182,-30539,11408,12834,15197,10231
177,0,21260,26164,-31625,12571,8154,13738,-32288,9911,-16800,919,17224,-26586,-15766,27430,23169,4913,5632,17792,8963,1750,-9679,16378,4650,-29297,27961,25248,15661,-18818,16679,-17293,-20103,27096,24794,-23804,-8206,-26680,-29621,31750,21779,-7089,-2840,6982,-12358,-7669,20021,-21445,28155,18312,18797,17643,-14350,17778,-14336,-12451,-3617,28653,-9292,-31880,-1561,26290,6287,27009,-1627,-31945
178,0,21260,26164,-31625,12571,8154,13738,-32288,9911,-16800,919,17224,-26586,-15766,27430,23169,4913,5632,17792,8963,1750,-9679,16378,4650,-29297,27961,25248,15661,-18818,16679,-17293,-20103,27096,24794,-23804,-8206,-26680,-29621,31750,21779,-7089,-2840,6982,-12358,-7669,20021,-21445,28155,18312,18797,17643,-14350,17778,-14336,-12451,-3617,28653,-9292,-31880,-1561,26290,6287,27009,-1627,-31945
179,0,21260,26164,-31625,12571,8154,13738,-32288,9911,-16800,919,17224,-26586,-15766,27430,23169,4913,5632,17792,8963,1750,-9679,16378,4650,-29297,27961,25248,15661,-18818,16679,-17293,-20103,27096,24794,-23804,-8206,-26680,-29621,31750,21779,-7089,-2840,6982,-12358,-7669,20021,-21445,28155,18312,18797,17643,-14350,17778,-14336,-12451,-3617,28653,-9292,-31880,-1561,26290,6287,27009,-1627,-31945
180,0,-19632,-27563,-320,27551,27423,11944,-5551,18207,5264,-20690,-8567,30740,10153,-18196,-25337,28526,-32734,-17403,-15660,28091,-29012,17602,14864,24403,31023,-2283,14029,-3892,-7386,29611,18317,-5173,-6232,8174,26231,102,-7340,1506,31558,-8829,-18729,-27328,-6570,-10644,-23557,5946,1060,31587,-31601,-17680,12285,26672,-30304,9533,15446,24468,-15467,15432,-13003,9727,-9090,-4931,28548,31367
181,0,-19632,-27563,-320,27551,27423,11944,-5551,18207,5264,-20690,-8567,30740,10153,-18196,-25337,28526,-32734,-17403,-15660,28091,-29012,17602,14864,24403,31023,-2283,14029,-3892,-7386,29611,18317,-5173,-6232,8174,26231,102,-7340,1506,31558,-8829,-18729,-27328,-6570,-10644,-23557,5946,1060,31587,-31601,-17680,12285,26672,-30304,9533,15446,24468,-15467,15432,-13003,9727,-9090,-4931,28548,31367
182,0,-19632,-27563,-320,27551,27423,11944,-5551,18207,5264,-20690,-8567,30740,10153,-18196,-25337,28526,-32734,-17403,-15660,28091,-29012,17602,14864,24403,31023,-2283,14029,-3892,-7386,29611,18317,-5173,-6232,8174,26231,102,-7340,1506,31558,-8829,-18729,-27328,-6570,-10644,-23557,5946,1060,31587,-31601,-17680,12285,26672,-30304,9533,15446,24468,-15467,15432,-13003,9727,-9090,-4931,28548,31367
183,0,17854,22894,-18504,-585,32164,-32288,26025,-21407,-21537,-10967,-8246,15667,-18274,3851,-9664,-24384,-10668,-28700,5984,25501,1504,-9368,-5884,10401,-19495,-7849,-30591,-12886,14203,22741,-11870,-11213,26941,3398,-3693,-20263,11319,17813,-27565,10664,684,10796,-7757,8301,3960,-20658,30329,-27483,-17453,-18791,-27863,845,21538,-30925,23263,7939,26445,-10842,25503,-7274,-29891,5827,-21329,-5531
184,0,17854,22894,-18504,-585,32164,-32288,26025,-21407,-21537,-10967,-8246,15667,-18274,3851,-9664,-24384,-10668,-28700,5984,25501,1504,-9368,-5884,10401,-19495,-7849,-30591,-12886,14203,22741,-11870,-11213,26941,3398,-3693,-20263,11319,17813,-27565,10664,684,10796,-7757,8301,3960,-20658,30329,-27483,-17453,-18791,-27863,845,21538,-30925,23263,7939,26445,-10842,25503,-7274,-29891,5827,-21329,-5531
185,0,17854,22894,-18504,-585,32164,-32288,26025,-21407,-21537,-10967,-8246,15667,-18274,3851,-9664,-24384,-10668,-28700,5984,25501,1504,-9368,-5884,10401,-19495,-7849,-30591,-12886,14203,22741,-11870,-11213,26941,3398,-3693,-20263,11319,17813,-27565,10664,684,10796,-7757,8301,3960,-20658,30329,-27483,-17453,-18791,-27863,845,21538,-30925,23263,7939,26445,-10842,25503,-7274,-29891,5827,-21329,-5531
186,0,32545,27027,30717,-26256,-15107,-12557,-26961,-24524,-28138,-6816,11859,10808,-8062,-9564,30300,-26110,11107,-32649,21668,32648,-3881,-7320,-31904,-2175,18559,12783,-2038,21674,8673,9099,18446,-21214,-30036,25037,-17804,-24073,-23401,-14424,-31798,25766,6719,-30810,942,12859,-4922,31019,-16530,-17393,-8338,2119,22832,-3123,-31964,-22906,-20551,-22305,19436,8033,16237,-18895,-24385,-26905,8792,767
187,0,32545,27027,30717,-26256,-15107,-12557,-26961,-24524,-28138,-6816,11859,10808,-8062,-9564,30300,-26110,11107,-32649,21668,32648,-3881,-7320,-31904,-2175,18559,12783,-2038,21674,8673,9099,18446,-21214,-30036,25037,-17804,-24073,-23401,-14424,-31798,25766,6719,-30810,942,12859,-4922,31019,-16530,-17393,-8338,2119,22832,-3123,-31964,-22906,-20551,-22305,19436,8033,16237,-18895,-24385,-26905,8792,767
188,0,32545,27027,30717,-26256,-15107,-12557,-26961,-24524,-28138,-6816,11859,10808,-8062,-9564,30300,-26110,11107,-32649,21668,32648,-3881,-7320,-31904,-2175,18559,12783,-2038,21674,8673,9099,18446,-21214,-30036,25037,-17804,-24073,-23401,-14424,-31798,25766,6719,-30810,942,12859,-4922,31019,-16530,-17393,-8338,2119,22832,-3123,-31964,-22906,-20551,-22305,19436,8033,16237,-18895,-24385,-26905,8792,767
189,0,-4189,-21086,-31443,-28188,13071,31553,1026,-1955,-30217,-2047,8667,-19776,-10210,-3858,10847,-1392,31049,28243,24567,17072,28067,-27016,27740,-3350,-9534,-5574,-11555,-16576,1377,23142,-19735,9497,23216,11403,-18778,-22629,-27890,-9154,-19464,-26252,-25137,-20255,-26203,28261,16544,9622,23707,18617,9438,-424,-27405,-20252,-27355,-27902,-9235,1010,2794,25896,-25250,-5431,-25204,4102,2813,8222
190,0,-4189,-21086,-31443,-28188,13071,31553,1026,-1955,-30217,-2047,8667,-19776,-10210,-3858,10847,-1392,31049,28243,24567,17072,28067,-27016,27740,-3350,-9534,-5574,-11555,-16576,1377,23142,-19735,9497,23216,11403,-18778,-22629,-27890,-9154,-19464,-26252,-25137,-20255,-26203,28261,16544,9622,23707,18617,9438,-424,-27405,-20252,-27355,-27902,-9235,1010,2794,25896,-25250,-5431,-25204,4102,2813,8222
191,0,-4189,-21086,-31443,-28188,13071,31553,1026,-1955,-30217,-2047,8667,-19776,-10210,-3858,10847,-1392,31049,28243,24567,17072,28067,-27016,27740,-3350,-9534,-5574,-11555,-16576,1377,23142,-19735,9497,23216,11403,-18778,-22629,-27890,-9154,-19464,-26252,-25137,-20255,-26203,28261,16544,9622,23707,18617,9438,-424,-27405,-20252,-27355,-27902,-9235,1010,2794,25896,-25250,-5431,-25204,4102,2813,8222
192,0,9132,-7275,-12719,-7187,-20240,-18244,-21922,18737,20980,4655,-13732,-16542,9878,-15231,10790,29885,20231,27054,-31551,6275,-25447,-447,13236,-24879,9520,16080,30649,32488,-18964,-18590,-24433,22964,-24400,2964,27717,10151,-1127,11379,24618,26440,6921,9465,-32189,22909,7524,31550,-24968,29267,7521,4076,21409,-16449,-18903,15221,17829,-3705,-29105,10401,20536,26697,26520,25019,-18546,-18322
193,0,9132,-7275,-12719,-7187,-20240,-18244,-21922,18737,20980,4655,-13732,-16542,9878,-15231,10790,29885,20231,27054,-31551,6275,-25447,-447,13236,-24879,9520,16080,30649,32488,-18964,-18590,-24433,22964,-24400,2964,27717,10151,-1127,11379,24618,26440,6921,9465,-32189,22909,7524,31550,-24968,29267,7521,4076,21409,-16449,-18903,15221,17829,-3705,-29105,10401,20536,26697,26520,25019,-18546,-18322
194,0,9132,-7275,-12719,-7187,-20240,-18244,-21922,18737,20980,4655,-13732,-16542,9878,-15231,10790,29885,20231,27054,-31551,6275,-25447,-447,13236,-24879,9520,16080,30649,32488,-18964,-18590,-24433,22964,-24400,2964,27717,10151,-1127,11379,24618,26440,6921,9465,-32189,22909,7524,31550,-24968,29267,7521,4076,21409,-16449,-18903,15221,17829,-3705,-29105,10401,20536,26697,26520,25019,-18546,-18322
195,0,15754,-14118,-2917,443,33,-8934,-22137,26715,-3144,-1203,5503,-1754,8197,25044,20391,9518,-5755,5414,-27404,-9230,2125,16686,-4218,25648,27054,1413,13563,-27462,29415,23532,17684,12165,-16657,21343,-21796,-29291,-23581,18404,-4711,-31517,10554,-23144,-29027,13429,3731,11400,30884,-28146,-29570,2709,24114,16758,-19896,-15568,21965,24183,18787,-804,-18689,-23569,-16063,-30886,9094,-1981
196,0,15754,-14118,-2917,443,33,-8934,-22137,26715,-3144,-1203,5503,-1754,8197,25044,20391,9518,-5755,5414,-27404,-9230,2125,16686,-4218,25648,27054,1413,13563,-27462,29415,23532,17684,12165,-16657,21343,-21796,-29291,-23581,18404,-4711,-31517,10554,-23144,-29027,13429,3731,11400,30884,-28146,-29570,2709,24114,16758,-19896,-15568,21965,24183,18787,-804,-18689,-23569,-16063,-30886,9094,-1981
197,0,15754,-14118,-2917,443,33,-8934,-22137,26715,-3144,-1203,5503,-1754,8197,25044,20391,9518,-5755,5414,-27404,-9230,2125,16686,-4218,25648,27054,1413,13563,-27462,29415,23532,17684,12165,-16657,21343,-21796,-29291,-23581,18404,-4711,-31517,10554,-23144,-29027,13429,3731,11400,30884,-28146,-29570,2709,24114,16758,-19896,-15568,21965,24183,18787,-804,-18689,-23569,-16063,-30886,9094,-1981
198,0,0,30443,-16003,-26089,-13041,-32311,-827,-27396,-27459,-3792,-26132,-13513,-31305,-21452,23743,-7907,5346,18578,10584,7473,26721,3764,635,17018,15987,-8584,28062,-3531,7,23625,31547,-7571,0,-16657,-30866,-9741,-25883,-19998,21564,-5891,9210,16588,-4569,-3290,-22219,-18786,-13475,-2528,-27613,-6833,-31136,11316,-15574,-27819,32512,19047,-14149,6109,-971,15370,-26884,-4029,-27746,31191
199,0,0,30443,-16003,-26089,-13041,-32311,-827,-27396,-27459,-3792,-26132,-13513,-31305,-21452,23743,-7907,5346,18578,10584,7473,26721,3764,635,17018,15987,-8584,28062,-3531,7,23625,31547,-7571,0,-16657,-30866,-9741,-25883,-19998,21564,-5891,9210,16588,-4569,-3290,-22219,-18786,-13475,-2528,-27613,-6833,-31136,11316,-15574,-27819,32512,19047,-14149,6109,-971,15370,-26884,-4029,-27746,31191
200,0,0,30443,-16003,-26089,-13041,-32311,-827,-27396,-27459,-3792,-26132,-13513,-31305,-21452,23743,-7907,5346,18578,10584,7473,26721,3764,635,17018,15987,-8584,28062,-3531,7,23625,31547,-7571,0,-16657,-30866,-9741,-25883,-19998,21564,-5891,9210,16588,-4569,-3290,-22219,-18786,-13475,-2528,-27613,-6833,-31136,11316,-15574,-27819,32512,19047,-14149,6109,-971,15370,-26884,-4029,-27746,31191
201,0,0,0,30677,4529,-8945,-29614,20792,19781,-15299,-9909,-21542,7393,-21,20661,17646,26360,13192,3611,-1198,14503,-17475,-11760,17768,11879,-8657,25900,1205,-12864,4760,10768,22099,-2806,0,0,-16657,-4414,18781,-7263,-20571,-20202,32120,31678,-12674,9810,-23957,20982,13217,7540,-17718,27190,-9652,18186,-11245,-31118,-4431,25100,-7970,12025,30262,-402,-6492,-25522,30256,-23331
202,0,0,0,30677,4529,-8945,-29614,20792,19781,-15299,-9909,-21542,7393,-21,20661,17646,26360,13192,3611,-1198,14503,-17475,-11760,17768,11879,-8657,25900,1205,-12864,4760,10768,22099,-2806,0,0,-16657,-4414,18781,-7263,-20571,-20202,32120,31678,-12674,9810,-23957,20982,13217,7540,-17718,27190,-9652,18186,-11245,-31118,-4431,25100,-7970,12025,30262,-402,-6492,-25522,30256,-23331
203,0,0,0,30677,4529,-8945,-29614,20792,19781,-15299,-9909,-21542,7393,-21,20661,17646,26360,13192,3611,-1198,14503,-17475,-11760,17768,11879,-8657,25900,1205,-12864,4760,10768,22099,-2806,0,0,-16657,-4414,18781,-7263,-20571,-20202,32120,31678,-12674,9810,-23957,20982,13217,7540,-17718,27190,-9652,18186,-11245,-31118,-4431,25100,-7970,12025,30262,-402,-6492,-25522,30256,-23331
204,0,0,0,0,-8135,-17209,21166,-22596,-17032,-31393,-5741,-1715,-2165,-29356,9096,-1434,-4087,15637,-3797,24621,-3508,-29606,4754,-27123,-28598,12663,-19293,20979,6345,12360,-27233,-3937,30500,0,0,0,-16657,31527,26505,11183,32364,-3225,16507,31952,21738,19580,-5169,30390,-21142,13860,30903,-17164,25091,-11241,16258,-32694,-6062,32702,29145,28339,-2255,-32455,5318,8669,13179
205,0,0,0,0,-8135,-17209,21166,-22596,-17032,-31393,-5741,-1715,-2165,-29356,9096,-1434,-4087,15637,-3797,24621,-3508,-29606,4754,-27123,-28598,12663,-19293,20979,6345,12360,-27233,-3937,30500,0,0,0,-16657,31527,26505,11183,32364,-3225,16507,31952,21738,19580,-5169,30390,-21142,13860,30903,-17164,25091,-11241,16258,-32694,-6062,32702,29145,28339,-2255,-32455,5318,8669,13179
206,0,0,0,0,-8135,-17209,21166,-22596,-17032,-31393,-5741,-1715,-2165,-29356,9096,-1434,-4087,15637,-3797,24621,-3508,-29606,4754,-27123,-28598,12663,-19293,20979,6345,12360,-27233,-3937,30500,0,0,0,-16657,31527,26505,11183,32364,-3225,16507,31952,21738,19580,-5169,30390,-21142,13860,30903,-17164,25091,-11241,16258,-32694,-6062,32702,29145,28339,-2255,-32455,5318,8669,13179
207,0,0,0,0,0,18595,-27458,25983,28735,9059,11762,-7092,32515,5528,-5949,17411,11861,-12728,25793,-4020,3701,-18880,-27752,1003,23900,-26049,-3860,10294,-3031,-14944,-23856,2570,10600,0,0,0,0,-16657,-11702,-19421,-6868,26193,-12010,24991,6070,824,-9629,3905,28138,28920,-5556,-3778,-14763,-5373,-18920,-25987,-18166,-25317,-16661,-8115,15723,-27004,27445,9384,-29643
208,0,0,0,0,0,18595,-27458,25983,28735,9059,11762,-7092,32515,5528,-5949,17411,11861,-12728,25793,-4020,3701,-18880,-27752,1003,23900,-26049,-3860,10294,-3031,-14944,-23856,2570,10600,0,0,0,0,-16657,-11702,-19421,-6868,26193,-12010,24991,6070,824,-9629,3905,28138,28920,-5556,-3778,-14763,-5373,-18920,-25987,-18166,-25317,-16661,-8115,15723,-27004,27445,9384,-29643
209,0,0,0,0,0,18595,-27458,25983,28735,9059,11762,-7092,32515,5528,-5949,17411,11861,-12728,25793,-4020,3701,-18880,-27752,1003,23900,-26049,-3860,10294,-3031,-14944,-23856,2570,10600,0,0,0,0,-16657,-11702,-19421,-6868,26193,-12010,24991,6070,824,-9629,3905,28138,28920,-5556,-3778,-14763,-5373,-18920,-25987,-18166,-25317,-16661,-8115,15723,-27004,27445,9384,-29643
210,0,0,0,0,0,0,25543,24979,-21351,-21901,900,24664,30570,-2677,14469,1909,-25252,18032,-32552,15224,-23846,-8062,-12585,-4035,27042,2177,28031,-1048,14799,27400,-9046,30983,-5930,0,0,0,0,0,-16657,11536,-19681,29303,12908,-25855,-28259,5289,21474,21647,-18275,-20790,-4201,-19056,-15942,29489,31859,11584,-8689,25934,-6364,10495,-11043,322,3253,-29811,21298
211,0,0,0,0,0,0,25543,24979,-21351,-21901,900,24664,30570,-2677,14469,1909,-25252,18032,-32552,15224,-23846,-8062,-12585,-4035,27042,2177,28031,-1048,14799,27400,-9046,30983,-5930,0,0,0,0,0,-16657,11536,-19681,29303,12908,-25855,-28259,5289,21474,21647,-18275,-20790,-4201,-19056,-15942,29489,31859,11584,-8689,25934,-6364,10495,-11043,322,3253,-29811,21298
212,0,0,0,0,0,0,25543,24979,-21351,-21901,900,24664,30570,-2677,14469,1909,-25252,18032,-32552,15224,-23846,-8062,-12585,-4035,27042,2177,28031,-1048,14799,27400,-9046,30983,-5930,0,0,0,0,0,-16657,11536,-19681,29303,12908,-25855,-28259,5289,21474,21647,-18275,-20790,-4201,-19056,-15942,29489,31859,11584,-8689,25934,-6364,10495,-11043,322,3253,-29811,21298
213,0,0,0,0,0,0,0,4160,-31135,28878,4289,17116,-26230,22276,-5441,-21116,-2023,-17179,3372,-12648,24223,2797,-399,-1109,-20923,11858,-18023,-12143,7393,3513,-12883,-9836,-16820,0,0,0,0,0,0,-16657,26582,-20864,16076,9845,-19855,-28372,31020,32512,15336,17451,10654,-7455,-13531,-14110,-23250,10747,-29655,-10210,-15277,20907,14041,-12325,-20027,-25505,28078
214,0,0,0,0,0,0,0,4160,-31135,28878,4289,17116,-26230,22276,-5441,-21116,-2023,-17179,3372,-12648,24223,2797,-399,-1109,-20923,11858,-18023,-12143,7393,3513,-12883,-9836,-16820,0,0,0,0,0,0,-16657,26582,-20864,16076,9845,-19855,-28372,31020,32512,15336,17451,10654,-7455,-13531,-14110,-23250,10747,-29655,-10210,-15277,20907,14041,-12325,-20027,-25505,28078
215,0,0,0,0,0,0,0,4160,-31135,28878,4289,17116,-26230,22276,-5441,-21116,-2023,-17179,3372,-12648,24223,2797,-399,-1109,-20923,11858,-18023,-12143,7393,3513,-12883,-9836,-16820,0,0,0,0,0,0,-16657,26582,-20864,16076,9845,-19855,-28372,31020,32512,15336,17451,10654,-7455,-13531,-14110,-23250,10747,-29655,-10210,-15277,20907,14041,-12325,-20027,-25505,28078
216,0,0,0,0,0,0,0,0,-30359,-27973,1624,-17376,19533,1645,-11926,-16734,-5057,26842,15573,2778,1580,32073,-15262,29547,-1552,-26326,-30456,7339,-29386,-26275,4523,-26005,31306,0,0,0,0,0,0,0,-16657,30620,-21623,12902,-16673,17995,-12928,20409,27236,-3909,-20428,-6937,-19522,-28213,23656,30596,27861,-6537,7713,31715,4004,-32509,-26176,-30532,14889
217,0,0,0,0,0,0,0,0,-30359,-27973,1624,-17376,19533,1645,-11926,-16734,-5057,26842,15573,2778,1580,32073,-15262,29547,-1552,-26326,-30456,7339,-29386,-26275,4523,-26005,31306,0,0,0,0,0,0,0,-16657,30620,-21623,12902,-16673,17995,-12928,20409,27236,-3909,-20428,-6937,-19522,-28213,23656,30596,27861,-6537,7713,31715,4004,-32509,-26176,-30532,14889
218,0,0,0,0,0,0,0,0,-30359,-27973,1624,-17376,19533,1645,-11926,-16734,-5057,26842,15573,2778,1580,32073,-15262,29547,-1552,-26326,-30456,7339,-29386,-26275,4523,-26005,31306,0,0,0,0,0,0,0,-16657,30620,-21623,12902,-16673,17995,-12928,20409,27236,-3909,-20428,-6937,-19522,-28213,23656,30596,27861,-6537,7713,31715,4004,-32509,-26176,-30532,14889
219,0,0,0,0,0,0,0,0,0,32756,29558,14957,27146,14230,9218,-21228,11493,14782,-9862,-32478,-18015,-5665,-7918,-4408,28239,14234,-8644,23093,-15151,30116,11088,28760,-28643,0,0,0,0,0,0,0,0,-16657,22231,-2363,-3141,-6577,-18176,13950,-26203,-26941,16033,-19211,-11213,30818,-31207,-1070,30346,29640,-1201,8153,-28990,29123,-14489,-32176,-75
220,0,0,0,0,0,0,0,0,0,32756,29558,14957,27146,14230,9218,-21228,11493,14782,-9862,-32478,-18015,-5665,-7918,-4408,28239,14234,-8644,23093,-15151,30116,11088,28760,-28643,0,0,0,0,0,0,0,0,-16657,22231,-2363,-3141,-6577,-18176,13950,-26203,-26941,16033,-19211,-11213,30818,-31207,-1070,30346,29640,-1201,8153,-28990,29123,-14489,-32176,-75
221,0,0,0,0,0,0,0,0,0,32756,29558,14957,27146,14230,9218,-21228,11493,14782,-9862,-32478,-18015,-5665,-7918,-4408,28239,14234,-8644,23093,-15151,30116,11088,28760,-28643,0,0,0,0,0,0,0,0,-16657,22231,-2363,-3141,-6577,-18176,13950,-26203,-26941,16033,-19211,-11213,30818,-31207,-1070,30346,29640,-1201,8153,-28990,29123,-14489,-32176,-75
222,0,0,0,0,0,0,0,0,0,0,27645,17512,30991,-16458,7060,-21477,5976,15925,-30128,26537,15442,-2457,-18518,-9639,-1741,-4381,-7313,-13355,-29994,8095,-31721,-12535,26617,0,0,0,0,0,0,0,0,0,-16657,11485,-2306,-22791,-29808,-1241,-28106,-6860,-24392,15356,12289,-2698,18661,2948,-22317,14094,-13037,-9369,26661,6389,-17653,12047,-13656
223,0,0,0,0,0,0,0,0,0,0,27645,17512,30991,-16458,7060,-21477,5976,15925,-30128,26537,15442,-2457,-18518,-9639,-1741,-4381,-7313,-13355,-29994,8095,-31721,-12535,26617,0,0,0,0,0,0,0,0,0,-16657,11485,-2306,-22791,-29808,-1241,-28106,-6860,-24392,15356,12289,-2698,18661,2948,-22317,14094,-13037,-9369,26661,6389,-17653,12047,-13656
224,0,0,0,0,0,0,0,0,0,0,27645,17512,30991,-16458,7060,-21477,5976,15925,-30128,26537,15442,-2457,-18518,-9639,-1741,-4381,-7313,-13355,-29994,8095,-31721,-12535,26617,0,0,0,0,0,0,0,0,0,-16657,11485,-2306,-22791,-29808,-1241,-28106,-6860,-24392,15356,12289,-2698,18661,2948,-22317,14094,-13037,-9369,26661,6389,-17653,12047,-13656
225,0,0,0,0,0,0,0,0,0,0,0,25388,-534,7501,22826,-31004,370,25362,-18142,12050,25270,-14132,-30580,8842,-5500,9202,1963,-20957,-11630,25648,27628,22801,-2159,0,0,0,0,0,0,0,0,0,0,-16657,206,-4192,26006,18796,-18209,22440,4988,13086,7036,32178,-16054,9985,6065,27103,25071,-10884,-27363,-13901,-4386,-7601,15062
226,0,0,0,0,0,0,0,0,0,0,0,25388,-534,7501,22826,-31004,370,25362,-18142,12050,25270,-14132,-30580,8842,-5500,9202,1963,-20957,-11630,25648,27628,22801,-2159,0,0,0,0,0,0,0,0,0,0,-16657,206,-4192,26006,18796,-18209,22440,4988,13086,7036,32178,-16054,9985,6065,27103,25071,-10884,-27363,-13901,-4386,-7601,15062
227,0,0,0,0,0,0,0,0,0,0,0,25388,-534,7501,22826,-31004,370,25362,-18142,12050,25270,-14132,-30580,8842,-5500,9202,1963,-20957,-11630,25648,27628,22801,-2159,0,0,0,0,0,0,0,0,0,0,-16657,206,-4192,26006,18796,-18209,22440,4988,13086,7036,32178,-16054,9985,6065,27103,25071,-10884,-27363,-13901,-4386,-7601,15062
228,0,0,0,0,0,0,0,0,0,0,0,0,72,-18761,16095,-933,-532,31210,24767,-16297,8739,191,8649,-24395,-31386,10394,27001,21634,31285,22804,-2429,-9147,-6291,0,0,0,0,0,0,0,0,0,0,0,-16657,22090,2566,16178,8728,-31052,-7459,31396,-29839,-20856,-21874,20743,-15615,16367,14625,31944,22295,-27600,-26127,4416,-8036
229,0,0,0,0,0,0,0,0,0,0,0,0,72,-18761,16095,-933,-532,31210,24767,-16297,8739,191,8649,-24395,-31386,10394,27001,21634,31285,22804,-2429,-9147,-6291,0,0,0,0,0,0,0,0,0,0,0,-16657,22090,2566,16178,8728,-31052,-7459,31396,-29839,-20856,-21874,20743,-15615,16367,14625,31944,22295,-27600,-26127,4416,-8036
230,0,0,0,0,0,0,0,0,0,0,0,0,72,-18761,16095,-933,-532,31210,24767,-16297,8739,191,8649,-24395,-31386,10394,27001,21634,31285,22804,-2429,-9147,-6291,0,0,0,0,0,0,0,0,0,0,0,-16657,22090,2566,16178,8728,-31052,-7459,31396,-29839,-20856,-21874,20743,-15615,16367,14625,31944,22295,-27600,-26127,4416,-8036
231,0,0,0,0,0,0,0,0,0,0,0,0,0,32199,21964,-5825,-22049,18828,-12371,30301,22873,-8464,-30699,18721,-16118,-20994,2932,-18904,-13539,7756,23315,-12012,-5063,0,0,0,0,0,0,0,0,0,0,0,0,-16657,9880,-2551,13944,16337,21205,-6600,-21387,-1827,-13037,22451,8271,17513,25405,-26727,-7431,4153,14923,-2407,-8354
232,0,0,0,0,0,0,0,0,0,0,0,0,0,32199,21964,-5825,-22049,18828,-12371,30301,22873,-8464,-30699,18721,-16118,-20994,2932,-18904,-13539,7756,23315,-12012,-5063,0,0,0,0,0,0,0,0,0,0,0,0,-16657,9880,-2551,13944,16337,21205,-6600,-21387,-1827,-13037,22451,8271,17513,25405,-26727,-7431,4153,14923,-2407,-8354
233,0,0,0,0,0,0,0,0,0,0,0,0,0,32199,21964,-5825,-22049,18828,-12371,30301,22873,-8464,-30699,18721,-16118,-20994,2932,-18904,-13539,7756,23315,-12012,-5063,0,0,0,0,0,0,0,0,0,0,0,0,-16657,9880,-2551,13944,16337,21205,-6600,-21387,-1827,-13037,22451,8271,17513,25405,-26727,-7431,4153,14923,-2407,-8354
234,0,0,0,0,0,0,0,0,0,0,0,0,0,0,20047,-2061,19966,-26595,-20535,-23099,18601,28634,14015,8448,-22935,17064,-18946,-7485,-18728,-10538,2547,11647,11472,0,0,0,0,0,0,0,0,0,0,0,0,0,-16657,3548,-10314,28976,30672,-15084,20000,27123,13366,270,-12064,21432,12643,-10083,29586,13009,17820,-9817,3792
235,0,0,0,0,0,0,0,0,0,0,0,0,0,0,20047,-2061,19966,-26595,-20535,-23099,18601,28634,14015,8448,-22935,17064,-18946,-7485,-18728,-10538,2547,11647,11472,0,0,0,0,0,0,0,0,0,0,0,0,0,-16657,3548,-10314,28976,30672,-15084,20000,27123,13366,270,-12064,21432,12643,-10083,29586,13009,17820,-9817,3792
236,0,0,0,0,0,0,0,0,0,0,0,0,0,0,20047,-2061,19966,-26595,-20535,-23099,18601,28634,14015,8448,-22935,17064,-18946,-7485,-18728,-10538,2547,11647,11472,0,0,0,0,0,0,0,0,0,0,0,0,0,-16657,3548,-10314,28976,30672,-15084,20000,27123,13366,270,-12064,21432,12643,-10083,29586,13009,17820,-9817,3792
237,0,0,0,0,0,0,0,0,0,0,0,0,0,0,0,13103,29062,-3034,-24880,-24192,25785,6725,-17700,24221,-5793,-23851,8126,15321,23719,18432,21891,13877,-789,0,0,0,0,0,0,0,0,0,0,0,0,0,0,-16657,22457,2796,20815,-6475,-25297,-23242,7268,-32327,-16790,-13979,21220,909,-17770,7317,-11608,-9602,15833
238,0,0,0,0,0,0,0,0,0,0,0,0,0,0,0,13103,29062,-3034,-24880,-24192,25785,6725,-17700,24221,-5793,-23851,8126,15321,23719,18432,21891,13877,-789,0,0,0,0,0,0,0,0,0,0,0,0,0,0,-16657,22457,2796,20815,-6475,-25297,-23242,7268,-32327,-16790,-13979,21220,909,-17770,7317,-11608,-9602,15833
239,0,0,0,0,0,0,0,0,0,0,0,0,0,0,0,13103,29062,-3034,-24880,-24192,25785,6725,-17700,24221,-5793,-23851,8126,15321,23719,18432,21891,13877,-789,0,0,0,0,0,0,0,0,0,0,0,0,0,0,-16657,22457,2796,20815,-6475,-25297,-23242,7268,-32327,-16790,-13979,21220,909,-17770,7317,-11608,-9602,15833
240,0,0,0,0,0,0,0,0,0,0,0,0,0,0,0,0,31849,11293,4699,-25652,1578,-16061,21762,-19200,5263,20014,26038,8509,2007,-13683,-20282,-263,-5809,0,0,0,0,0,0,0,0,0,0,0,0,0,0,0,-16657,-20690,10844,-22920,1374,20296,22437,-20209,-26263,3089,-24349,5835,-25105,23985,15814,-19110,-20326
241,0,0,0,0,0,0,0,0,0,0,0,0,0,0,0,0,31849,11293,4699,-25652,1578,-16061,21762,-19200,5263,20014,26038,8509,2007,-13683,-20282,-263,-5809,0,0,0,0,0,0,0,0,0,0,0,0,0,0,0,-16657,-20690,10844,-22920,1374,20296,22437,-20209,-26263,3089,-24349,5835,-25105,23985,15814,-19110,-20326
242,0,0,0,0,0,0,0,0,0,0,0,0,0,0,0,0,31849,11293,4699,-25652,1578,-16061,21762,-19200,5263,20014,26038,8509,2007,-13683,-20282,-263,-5809,0,0,0,0,0,0,0,0,0,0,0,0,0,0,0,-16657,-20690,10844,-22920,1374,20296,22437,-20209,-26263,3089,-24349,5835,-25105,23985,15814,-19110,-20326
243,0,0,0,0,0,0,0,0,0,0,0,0,0,0,0,0,0,1467,25928,7100,5510,5272,12555,-8162,25747,-30976,-10516,-28450,10048,-229,5996,22485,-23311,0,0,0,0,0,0,0,0,0,0,0,0,0,0,0,0,-16657,18288,-16308,8938,12607,18974,8765,-10610,-25118,-6011,5628,8310,-23794,-29043,-22466,-17747
244,0,0,0,0,0,0,0,0,0,0,0,0,0,0,0,0,0,1467,25928,7100,5510,5272,12555,-8162,25747,-30976,-10516,-28450,10048,-229,5996,22485,-23311,0,0,0,0,0,0,0,0,0,0,0,0,0,0,0,0,-16657,18288,-16308,8938,12607,18974,8765,-10610,-25118,-6011,5628,8310,-23794,-29043,-22466,-17747
245,0,0,0,0,0,0,0,0,0,0,0,0,0,0,0,0,0,1467,25928,7100,5510,5272,12555,-8162,25747,-30976,-10516,-28450,10048,-229,5996,22485,-23311,0,0,0,0,0,0,0,0,0,0,0,0,0,0,0,0,-16657,18288,-16308,8938,12607,18974,8765,-10610,-25118,-6011,5628,8310,-23794,-29043,-22466,-17747
246,0,0,0,0,0,0,0,0,0,0,0,0,0,0,0,0,0,0,-17338,9318,-694,-28466,-14828,29685,-31076,-31868,27702,-5632,-5466,21140,4543,-1186,5383,0,0,0,0,0,0,0,0,0,0,0,0,0,0,0,0,0,-16657,-32573,14115,-32087,25691,-8135,14939,27114,8298,-9808,-30109,-21001,31565,13217,-21636
247,0,0,0,0,0,0,0,0,0,0,0,0,0,0,0,0,0,0,-17338,9318,-694,-28466,-14828,29685,-31076,-31868,27702,-5632,-5466,21140,4543,-1186,5383,0,0,0,0,0,0,0,0,0,0,0,0,0,0,0,0,0,-16657,-32573,14115,-32087,25691,-8135,14939,27114,8298,-9808,-30109,-21001,31565,13217,-21636
248,0,0,0,0,0,0,0,0,0,0,0,0,0,0,0,0,0,0,-17338,9318,-694,-28466,-14828,29685,-31076,-31868,27702,-5632,-5466,21140,4543,-1186,5383,0,0,0,0,0,0,0,0,0,0,0,0,0,0,0,0,0,-16657,-32573,14115,-32087,25691,-8135,14939,27114,8298,-9808,-30109,-21001,31565,13217,-21636
249,0,0,0,0,0,0,0,0,0,0,0,0,0,0,0,0,0,0,0,-8295,30963,26864,32382,-24186,-29015,-28550,-2543,-12193,-32001,24060,19876,7848,1789,0,0,0,0,0,0,0,0,0,0,0,0,0,0,0,0,0,0,-16657,-16578,-7995,1499,-24468,-29604,31336,-7928,30547,18607,-10532,-23994,-21716,4392
250,0,0,0,0,0,0,0,0,0,0,0,0,0,0,0,0,0,0,0,-8295,30963,26864,32382,-24186,-29015,-28550,-2543,-12193,-32001,24060,19876,7848,1789,0,0,0,0,0,0,0,0,0,0,0,0,0,0,0,0,0,0,-16657,-16578,-7995,1499,-24468,-29604,31336,-7928,30547,18607,-10532,-23994,-21716,4392
251,0,0,0,0,0,0,0,0,0,0,0,0,0,0,0,0,0,0,0,-8295,30963,26864,32382,-24186,-29015,-28550,-2543,-12193,-32001,24060,19876,7848,1789,0,0,0,0,0,0,0,0,0,0,0,0,0,0,0,0,0,0,-16657,-16578,-7995,1499,-24468,-29604,31336,-7928,30547,18607,-10532,-23994,-21716,4392
252,0,0,0,0,0,0,0,0,0,0,0,0,0,0,0,0,0,0,0,0,-32277,24606,28370,16203,28048,18755,27358,-1194,3303,8652,12178,18925,8924,0,0,0,0,0,0,0,0,0,0,0,0,0,0,0,0,0,0,0,-16657,15769,-14943,22823,-10448,-25309,7927,-1589,8012,22595,25861,-18365,18985
253,0,0,0,0,0,0,0,0,0,0,0,0,0,0,0,0,0,0,0,0,-32277,24606,28370,16203,28048,18755,27358,-1194,3303,8652,12178,18925,8924,0,0,0,0,0,0,0,0,0,0,0,0,0,0,0,0,0,0,0,-16657,15769,-14943,22823,-10448,-25309,7927,-1589,8012,22595,25861,-18365,18985
254,0,0,0,0,0,0,0,0,0,0,0,0,0,0,0,0,0,0,0,0,-32277,24606,28370,16203,28048,18755,27358,-1194,3303,8652,12178,18925,8924,0,0,0,0,0,0,0,0,0,0,0,0,0,0,0,0,0,0,0,-16657,15769,-14943,22823,-10448,-25309,7927,-1589,8012,22595,25861,-18365,18985
255,0,0,0,0,0,0,0,0,0,0,0,0,0,0,0,0,0,0,0,0,0,12947,-18108,19036,-18989,-8798,5900,29465,19487,-20630,15831,32619,-29298,0,0,0,0,0,0,0,0,0,0,0,0,0,0,0,0,0,0,0,0,-16657,15813,16327,-16966,334,6328,-21650,-12004,7203,5065,-10017,-11660
256,0,0,0,0,0,0,0,0,0,0,0,0,0,0,0,0,0,0,0,0,0,12947,-18108,19036,-18989,-8798,5900,29465,19487,-20630,15831,32619,-29298,0,0,0,0,0,0,0,0,0,0,0,0,0,0,0,0,0,0,0,0,-16657,15813,16327,-16966,334,6328,-21650,-12004,7203,5065,-10017,-11660
257,0,0,0,0,0,0,0,0,0,0,0,0,0,0,0,0,0,0,0,0,0,12947,-18108,19036,-18989,-8798,5900,29465,19487,-20630,15831,32619,-29298,0,0,0,0,0,0,0,0,0,0,0,0,0,0,0,0,0,0,0,0,-16657,15813,16327,-16966,334,6328,-21650,-12004,7203,5065,-10017,-11660
258,0,0,0,0,0,0,0,0,0,0,0,0,0,0,0,0,0,0,0,0,0,0,17576,-17033,15570,27043,-21568,24367,-59,-1687,-14976,-10961,-30409,0,0,0,0,0,0,0,0,0,0,0,0,0,0,0,0,0,0,0,0,0,-16657,14910,-15127,9535,-7330,13213,15327,-27115,30880,-10866,5624
259,0,0,0,0,0,0,0,0,0,0,0,0,0,0,0,0,0,0,0,0,0,0,17576,-17033,15570,27043,-21568,24367,-59,-1687,-14976,-10961,-30409,0,0,0,0,0,0,0,0,0,0,0,0,0,0,0,0,0,0,0,0,0,-16657,14910,-15127,9535,-7330,13213,15327,-27115,30880,-10866,5624
260,0,0,0,0,0,0,0,0,0,0,0,0,0,0,0,0,0,0,0,0,0,0,17576,-17033,15570,27043,-21568,24367,-59,-1687,-14976,-10961,-30409,0,0,0,0,0,0,0,0,0,0,0,0,0,0,0,0,0,0,0,0,0,-16657,14910,-15127,9535,-7330,13213,15327,-27115,30880,-10866,5624
261,0,0,0,0,0,0,0,0,0,0,0,0,0,0,0,0,0,0,0,0,0,0,0,-15540,6302,-14951,-10829,-21731,9495,-31109,9146,26908,-2217,0,0,0,0,0,0,0,0,0,0,0,0,0,0,0,0,0,0,0,0,0,0,-16657,19868,-5578,-22503,3677,26783,12968,-26629,25396,-32735
262,0,0,0,0,0,0,0,0,0,0,0,0,0,0,0,0,0,0,0,0,0,0,0,-15540,6302,-14951,-10829,-21731,9495,-31109,9146,26908,-2217,0,0,0,0,0,0,0,0,0,0,0,0,0,0,0,0,0,0,0,0,0,0,-16657,19868,-5578,-22503,3677,26783,12968,-26629,25396,-32735
263,0,0,0,0,0,0,0,0,0,0,0,0,0,0,0,0,0,0,0,0,0,0,0,-15540,6302,-14951,-10829,-21731,9495,-31109,9146,26908,-2217,0,0,0,0,0,0,0,0,0,0,0,0,0,0,0,0,0,0,0,0,0,0,-16657,19868,-5578,-22503,3677,26783,12968,-26629,25396,-32735
264,0,0,0,0,0,0,0,0,0,0,0,0,0,0,0,0,0,0,0,0,0,0,0,0,19290,13178,-9943,-2736,-2434,14429,17135,20102,7051,0,0,0,0,0,0,0,0,0,0,0,0,0,0,0,0,0,0,0,0,0,0,0,-16657,-3323,21384,-9266,18770,-32556,-219,-28006,-2633
265,0,0,0,0,0,0,0,0,0,0,0,0,0,0,0,0,0,0,0,0,0,0,0,0,19290,13178,-9943,-2736,-2434,14429,17135,20102,7051,0,0,0,0,0,0,0,0,0,0,0,0,0,0,0,0,0,0,0,0,0,0,0,-16657,-3323,21384,-9266,18770,-32556,-219,-28006,-2633
266,0,0,0,0,0,0,0,0,0,0,0,0,0,0,0,0,0,0,0,0,0,0,0,0,19290,13178,-9943,-2736,-2434,14429,17135,20102,7051,0,0,0,0,0,0,0,0,0,0,0,0,0,0,0,0,0,0,0,0,0,0,0,-16657,-3323,21384,-9266,18770,-32556,-219,-28006,-2633
267,0,0,0,0,0,0,0,0,0,0,0,0,0,0,0,0,0,0,0,0,0,0,0,0,0,30818,-14033,-6099,-13630,-24315,23625,-15423,-21222,0,0,0,0,0,0,0,0,0,0,0,0,0,0,0,0,0,0,0,0,0,0,0,0,-16657,-157,31032,-8896,-4171,4855,6485,12166
268,0,0,0,0,0,0,0,0,0,0,0,0,0,0,0,0,0,0,0,0,0,0,0,0,0,30818,-14033,-6099,-13630,-24315,23625,-15423,-21222,0,0,0,0,0,0,0,0,0,0,0,0,0,0,0,0,0,0,0,0,0,0,0,0,-16657,-157,31032,-8896,-4171,4855,6485,12166
269,0,0,0,0,0,0,0,0,0,0,0,0,0,0,0,0,0,0,0,0,0,0,0,0,0,30818,-14033,-6099,-13630,-24315,23625,-15423,-21222,0,0,0,0,0,0,0,0,0,0,0,0,0,0,0,0,0,0,0,0,0,0,0,0,-16657,-157,31032,-8896,-4171,4855,6485,12166
270,0,0,0,0,0,0,0,0,0,0,0,0,0,0,0,0,0,0,0,0,0,0,0,0,0,0,-8667,-19762,-15356,-24873,-21335,-30599,20378,0,0,0,0,0,0,0,0,0,0,0,0,0,0,0,0,0,0,0,0,0,0,0,0,0,-16657,-15256,21086,-16347,15176,-13528,-1215
271,0,0,0,0,0,0,0,0,0,0,0,0,0,0,0,0,0,0,0,0,0,0,0,0,0,0,-8667,-19762,-15356,-24873,-21335,-30599,20378,0,0,0,0,0,0,0,0,0,0,0,0,0,0,0,0,0,0,0,0,0,0,0,0,0,-16657,-15256,21086,-16347,15176,-13528,-1215
272,0,0,0,0,0,0,0,0,0,0,0,0,0,0,0,0,0,0,0,0,0,0,0,0,0,0,-8667,-19762,-15356,-24873,-21335,-30599,20378,0,0,0,0,0,0,0,0,0,0,0,0,0,0,0,0,0,0,0,0,0,0,0,0,0,-16657,-15256,21086,-16347,15176,-13528,-1215
273,0,0,0,0,0,0,0,0,0,0,0,0,0,0,0,0,0,0,0,0,0,0,0,0,0,0,0,-21634,24082,28442,19237,-23890,9927,0,0,0,0,0,0,0,0,0,0,0,0,0,0,0,0,0,0,0,0,0,0,0,0,0,0,-16657,8081,-14165,32061,-13868,-12233
274,0,0,0,0,0,0,0,0,0,0,0,0,0,0,0,0,0,0,0,0,0,0,0,0,0,0,0,-21634,24082,28442,19237,-23890,9927,0,0,0,0,0,0,0,0,0,0,0,0,0,0,0,0,0,0,0,0,0,0,0,0,0,0,-16657,8081,-14165,32061,-13868,-12233
275,0,0,0,0,0,0,0,0,0,0,0,0,0,0,0,0,0,0,0,0,0,0,0,0,0,0,0,-21634,24082,28442,19237,-23890,9927,0,0,0,0,0,0,0,0,0,0,0,0,0,0,0,0,0,0,0,0,0,0,0,0,0,0,-16657,8081,-14165,32061,-13868,-12233
276,0,0,0,0,0,0,0,0,0,0,0,0,0,0,0,0,0,0,0,0,0,0,0,0,0,0,0,0,23816,-31497,-9568,11165,-22923,0,0,0,0,0,0,0,0,0,0,0,0,0,0,0,0,0,0,0,0,0,0,0,0,0,0,0,-16657,-16209,18768,29640,-337
277,0,0,0,0,0,0,0,0,0,0,0,0,0,0,0,0,0,0,0,0,0,0,0,0,0,0,0,0,23816,-31497,-9568,11165,-22923,0,0,0,0,0,0,0,0,0,0,0,0,0,0,0,0,0,0,0,0,0,0,0,0,0,0,0,-16657,-16209,18768,29640,-337
278,0,0,0,0,0,0,0,0,0,0,0,0,0,0,0,0,0,0,0,0,0,0,0,0,0,0,0,0,23816,-31497,-9568,11165,-22923,0,0,0,0,0,0,0,0,0,0,0,0,0,0,0,0,0,0,0,0,0,0,0,0,0,0,0,-16657,-16209,18768,29640,-337
279,0,0,0,0,0,0,0,0,0,0,0,0,0,0,0,0,0,0,0,0,0,0,0,0,0,0,0,0,0,29004,15392,-20206,-7386,0,0,0,0,0,0,0,0,0,0,0,0,0,0,0,0,0,0,0,0,0,0,0,0,0,0,0,0,-16657,21971,-17555,19645
280,0,0,0,0,0,0,0,0,0,0,0,0,0,0,0,0,0,0,0,0,0,0,0,0,0,0,0,0,0,29004,15392,-20206,-7386,0,0,0,0,0,0,0,0,0,0,0,0,0,0,0,0,0,0,0,0,0,0,0,0,0,0,0,0,-16657,21971,-17555,19645
281,0,0,0,0,0,0,0,0,0,0,0,0,0,0,0,0,0,0,0,0,0,0,0,0,0,0,0,0,0,29004,15392,-20206,-7386,0,0,0,0,0,0,0,0,0,0,0,0,0,0,0,0,0,0,0,0,0,0,0,0,0,0,0,0,-16657,21971,-17555,19645
282,0,0,0,0,0,0,0,0,0,0,0,0,0,0,0,0,0,0,0,0,0,0,0,0,0,0,0,0,0,0,11321,-14967,28872,0,0,0,0,0,0,0,0,0,0,0,0,0,0,0,0,0,0,0,0,0,0,0,0,0,0,0,0,0,-16657,20148,-31637
283,0,0,0,0,0,0,0,0,0,0,0,0,0,0,0,0,0,0,0,0,0,0,0,0,0,0,0,0,0,0,11321,-14967,28872,0,0,0,0,0,0,0,0,0,0,0,0,0,0,0,0,0,0,0,0,0,0,0,0,0,0,0,0,0,-16657,20148,-31637
284,0,0,0,0,0,0,0,0,0,0,0,0,0,0,0,0,0,0,0,0,0,0,0,0,0,0,0,0,0,0,11321,-14967,28872,0,0,0,0,0,0,0,0,0,0,0,0,0,0,0,0,0,0,0,0,0,0,0,0,0,0,0,0,0,-16657,20148,-31637
285,0,0,0,0,0,0,0,0,0,0,0,0,0,0,0,0,0,0,0,0,0,0,0,0,0,0,0,0,0,0,0,-12887,-24227,0,0,0,0,0,0,0,0,0,0,0,0,0,0,0,0,0,0,0,0,0,0,0,0,0,0,0,0,0,0,-16657,30972
286,0,0,0,0,0,0,0,0,0,0,0,0,0,0,0,0,0,0,0,0,0,0,0,0,0,0,0,0,0,0,0,-12887,-24227,0,0,0,0,0,0,0,0,0,0,0,0,0,0,0,0,0,0,0,0,0,0,0,0,0,0,0,0,0,0,-16657,30972
287,0,0,0,0,0,0,0,0,0,0,0,0,0,0,0,0,0,0,0,0,0,0,0,0,0,0,0,0,0,0,0,-12887,-24227,0,0,0,0,0,0,0,0,0,0,0,0,0,0,0,0,0,0,0,0,0,0,0,0,0,0,0,0,0,0,-16657,30972
288,0,0,0,0,0,0,0,0,0,0,0,0,0,0,0,0,0,0,0,0,0,0,0,0,0,0,0,0,0,0,0,0,23799,0,0,0,0,0,0,0,0,0,0,0,0,0,0,0,0,0,0,0,0,0,0,0,0,0,0,0,0,0,0,0,-16657
289,0,0,0,0,0,0,0,0,0,0,0,0,0,0,0,0,0,0,0,0,0,0,0,0,0,0,0,0,0,0,0,0,23799,0,0,0,0,0,0,0,0,0,0,0,0,0,0,0,0,0,0,0,0,0,0,0,0,0,0,0,0,0,0,0,-16657
290,0,0,0,0,0,0,0,0,0,0,0,0,0,0,0,0,0,0,0,0,0,0,0,0,0,0,0,0,0,0,0,0,23799,0,0,0,0,0,0,0,0,0,0,0,0,0,0,0,0,0,0,0,0,0,0,0,0,0,0,0,0,0,0,0,-16657
291,0,0,0,0,0,0,0,0,0,0,0,0,0,0,0,0,0,0,0,0,0,0,0,0,0,0,0,0,0,0,0,0,0,0,0,0,0,0,0,0,0,0,0,0,0,0,0,0,0,0,0,0,0,0,0,0,0,0,0,0,0,0,0,0,0
292,0,0,0,0,0,0,0,0,0,0,0,0,0,0,0,0,0,0,0,0,0,0,0,0,0,0,0,0,0,0,0,0,0,0,0,0,0,0,0,0,0,0,0,0,0,0,0,0,0,0,0,0,0,0,0,0,0,0,0,0,0,0,0,0,0
293,0,0,0,0,0,0,0,0,0,0,0,0,0,0,0,0,0,0,0,0,0,0,0,0,0,0,0,0,0,0,0,0,0,0,0,0,0,0,0,0,0,0,0,0,0,0,0,0,0,0,0,0,0,0,0,0,0,0,0,0,0,0,0,0,0
294,0,0,0,0,0,0,0,0,0,0,0,0,0,0,0,0,0,0,0,0,0,0,0,0,0,0,0,0,0,0,0,0,0,0,0,0,0,0,0,0,0,0,0,0,0,0,0,0,0,0,0,0,0,0,0,0,0,0,0,0,0,0,0,0,0
295,0,0,0,0,0,0,0,0,0,0,0,0,0,0,0,0,0,0,0,0,0,0,0,0,0,0,0,0,0,0,0,0,0,0,0,0,0,0,0,0,0,0,0,0,0,0,0,0,0,0,0,0,0,0,0,0,0,0,0,0,0,0,0,0,0
296,0,0,0,0,0,0,0,0,0,0,0,0,0,0,0,0,0,0,0,0,0,0,0,0,0,0,0,0,0,0,0,0,0,0,0,0,0,0,0,0,0,0,0,0,0,0,0,0,0,0,0,0,0,0,0,0,0,0,0,0,0,0,0,0,0
297,0,0,0,0,0,0,0,0,0,0,0,0,0,0,0,0,0,0,0,0,0,0,0,0,0,0,0,0,0,0,0,0,0,0,0,0,0,0,0,0,0,0,0,0,0,0,0,0,0,0,0,0,0,0,0,0,0,0,0,0,0,0,0,0,0
298,0,0,0,0,0,0,0,0,0,0,0,0,0,0,0,0,0,0,0,0,0,0,0,0,0,0,0,0,0,0,0,0,0,0,0,0,0,0,0,0,0,0,0,0,0,0,0,0,0,0,0,0,0,0,0,0,0,0,0,0,0,0,0,0,0
299,0,0,0,0,0,0,0,0,0,0,0,0,0,0,0,0,0,0,0,0,0,0,0,0,0,0,0,0,0,0,0,0,0,0,0,0,0,0,0,0,0,0,0,0,0,0,0,0,0,0,0,0,0,0,0,0,0,0,0,0,0,0,0,0,0
300,0,0,0,0,0,0,0,0,0,0,0,0,0,0,0,0,0,0,0,0,0,0,0,0,0,0,0,0,0,0,0,0,0,0,0,0,0,0,0,0,0,0,0,0,0,0,0,0,0,0,0,0,0,0,0,0,0,0,0,0,0,0,0,0,0
301,0,0,0,0,0,0,0,0,0,0,0,0,0,0,0,0,0,0,0,0,0,0,0,0,0,0,0,0,0,0,0,0,0,0,0,0,0,0,0,0,0,0,0,0,0,0,0,0,0,0,0,0,0,0,0,0,0,0,0,0,0,0,0,0,0
302,0,0,0,0,0,0,0,0,0,0,0,0,0,0,0,0,0,0,0,0,0,0,0,0,0,0,0,0,0,0,0,0,0,0,0,0,0,0,0,0,0,0,0,0,0,0,0,0,0,0,0,0,0,0,0,0,0,0,0,0,0,0,0,0,0
303,0,0,0,0,0,0,0,0,0,0,0,0,0,0,0,0,0,0,0,0,0,0,0,0,0,0,0,0,0,0,0,0,0,0,0,0,0,0,0,0,0,0,0,0,0,0,0,0,0,0,0,0,0,0,0,0,0,0,0,0,0,0,0,0,0
304,0,0,0,0,0,0,0,0,0,0,0,0,0,0,0,0,0,0,0,0,0,0,0,0,0,0,0,0,0,0,0,0,0,0,0,0,0,0,0,0,0,0,0,0,0,0,0,0,0,0,0,0,0,0,0,0,0,0,0,0,0,0,0,0,0
305,0,0,0,0,0,0,0,0,0,0,0,0,0,0,0,0,0,0,0,0,0,0,0,0,0,0,0,0,0,0,0,0,0,0,0,0,0,0,0,0,0,0,0,0,0,0,0,0,0,0,0,0,0,0,0,0,0,0,0,0,0,0,0,0,0
306,0,0,0,0,0,0,0,0,0,0,0,0,0,0,0,0,0,0,0,0,0,0,0,0,0,0,0,0,0,0,0,0,0,0,0,0,0,0,0,0,0,0,0,0,0,0,0,0,0,0,0,0,0,0,0,0,0,0,0,0,0,0,0,0,0
307,0,0,0,0,0,0,0,0,0,0,0,0,0,0,0,0,0,0,0,0,0,0,0,0,0,0,0,0,0,0,0,0,0,0,0,0,0,0,0,0,0,0,0,0,0,0,0,0,0,0,0,0,0,0,0,0,0,0,0,0,0,0,0,0,0
308,0,0,0,0,0,0,0,0,0,0,0,0,0,0,0,0,0,0,0,0,0,0,0,0,0,0,0,0,0,0,0,0,0,0,0,0,0,0,0,0,0,0,0,0,0,0,0,0,0,0,0,0,0,0,0,0,0,0,0,0,0,0,0,0,0
309,0,0,0,0,0,0,0,0,0,0,0,0,0,0,0,0,0,0,0,0,0,0,0,0,0,0,0,0,0,0,0,0,0,0,0,0,0,0,0,0,0,0,0,0,0,0,0,0,0,0,0,0,0,0,0,0,0,0,0,0,0,0,0,0,0
310,0,0,0,0,0,0,0,0,0,0,0,0,0,0,0,0,0,0,0,0,0,0,0,0,0,0,0,0,0,0,0,0,0,0,0,0,0,0,0,0,0,0,0,0,0,0,0,0,0,0,0,0,0,0,0,0,0,0,0,0,0,0,0,0,0
311,0,0,0,0,0,0,0,0,0,0,0,0,0,0,0,0,0,0,0,0,0,0,0,0,0,0,0,0,0,0,0,0,0,0,0,0,0,0,0,0,0,0,0,0,0,0,0,0,0,0,0,0,0,0,0,0,0,0,0,0,0,0,0,0,0
312,0,0,0,0,0,0,0,0,0,0,0,0,0,0,0,0,0,0,0,0,0,0,0,0,0,0,0,0,0,0,0,0,0,0,0,0,0,0,0,0,0,0,0,0,0,0,0,0,0,0,0,0,0,0,0,0,0,0,0,0,0,0,0,0,0
313,0,0,0,0,0,0,0,0,0,0,0,0,0,0,0,0,0,0,0,0,0,0,0,0,0,0,0,0,0,0,0,0,0,0,0,0,0,0,0,0,0,0,0,0,0,0,0,0,0,0,0,0,0,0,0,0,0,0,0,0,0,0,0,0,0
314,0,0,0,0,0,0,0,0,0,0,0,0,0,0,0,0,0,0,0,0,0,0,0,0,0,0,0,0,0,0,0,0,0,0,0,0,0,0,0,0,0,0,0,0,0,0,0,0,0,0,0,0,0,0,0,0,0,0,0,0,0,0,0,0,0
315,0,0,0,0,0,0,0,0,0,0,0,0,0,0,0,0,0,0,0,0,0,0,0,0,0,0,0,0,0,0,0,0,0,0,0,0,0,0,0,0,0,0,0,0,0,0,0,0,0,0,0,0,0,0,0,0,0,0,0,0,0,0,0,0,0
316,0,0,0,0,0,0,0,0,0,0,0,0,0,0,0,0,0,0,0,0,0,0,0,0,0,0,0,0,0,0,0,0,0,0,0,0,0,0,0,0,0,0,0,0,0,0,0,0,0,0,0,0,0,0,0,0,0,0,0,0,0,0,0,0,0
317,0,0,0,0,0,0,0,0,0,0,0,0,0,0,0,0,0,0,0,0,0,0,0,0,0,0,0,0,0,0,0,0,0,0,0,0,0,0,0,0,0,0,0,0,0,0,0,0,0,0,0,0,0,0,0,0,0,0,0,0,0,0,0,0,0
318,0,0,0,0,0,0,0,0,0,0,0,0,0,0,0,0,0,0,0,0,0,0,0,0,0,0,0,0,0,0,0,0,0,0,0,0,0,0,0,0,0,0,0,0,0,0,0,0,0,0,0,0,0,0,0,0,0,0,0,0,0,0,0,0,0
319,0,0,0,0,0,0,0,0,0,0,0,0,0,0,0,0,0,0,0,0,0,0,0,0,0,0,0,0,0,0,0,0,0,0,0,0,0,0,0,0,0,0,0,0,0,0,0,0,0,0,0,0,0,0,0,0,0,0,0,0,0,0,0,0,0
320,0,0,0,0,0,0,0,0,0,0,0,0,0,0,0,0,0,0,0,0,0,0,0,0,0,0,0,0,0,0,0,0,0,0,0,0,0,0,0,0,0,0,0,0,0,0,0,0,0,0,0,0,0,0,0,0,0,0,0,0,0,0,0,0,0
321,0,0,0,0,0,0,0,0,0,0,0,0,0,0,0,0,0,0,0,0,0,0,0,0,0,0,0,0,0,0,0,0,0,0,0,0,0,0,0,0,0,0,0,0,0,0,0,0,0,0,0,0,0,0,0,0,0,0,0,0,0,0,0,0,0
322,0,0,0,0,0,0,0,0,0,0,0,0,0,0,0,0,0,0,0,0,0,0,0,0,0,0,0,0,0,0,0,0,0,0,0,0,0,0,0,0,0,0,0,0,0,0,0,0,0,0,0,0,0,0,0,0,0,0,0,0,0,0,0,0,0
323,0,0,0,0,0,0,0,0,0,0,0,0,0,0,0,0,0,0,0,0,0,0,0,0,0,0,0,0,0,0,0,0,0,0,0,0,0,0,0,0,0,0,0,0,0,0,0,0,0,0,0,0,0,0,0,0,0,0,0,0,0,0,0,0,0
324,0,0,0,0,0,0,0,0,0,0,0,0,0,0,0,0,0,0,0,0,0,0,0,0,0,0,0,0,0,0,0,0,0,0,0,0,0,0,0,0,0,0,0,0,0,0,0,0,0,0,0,0,0,0,0,0,0,0,0,0,0,0,0,0,0
325,0,0,0,0,0,0,0,0,0,0,0,0,0,0,0,0,0,0,0,0,0,0,0,0,0,0,0,0,0,0,0,0,0,0,0,0,0,0,0,0,0,0,0,0,0,0,0,0,0,0,0,0,0,0,0,0,0,0,0,0,0,0,0,0,0
326,0,0,0,0,0,0,0,0,0,0,0,0,0,0,0,0,0,0,0,0,0,0,0,0,0,0,0,0,0,0,0,0,0,0,0,0,0,0,0,0,0,0,0,0,0,0,0,0,0,0,0,0,0,0,0,0,0,0,0,0,0,0,0,0,0
327,0,0,0,0,0,0,0,0,0,0,0,0,0,0,0,0,0,0,0,0,0,0,0,0,0,0,0,0,0,0,0,0,0,0,0,0,0,0,0,0,0,0,0,0,0,0,0,0,0,0,0,0,0,0,0,0,0,0,0,0,0,0,0,0,0
328,0,0,0,0,0,0,0,0,0,0,0,0,0,0,0,0,0,0,0,0,0,0,0,0,0,0,0,0,0,0,0,0,0,0,0,0,0,0,0,0,0,0,0,0,0,0,0,0,0,0,0,0,0,0,0,0,0,0,0,0,0,0,0,0,0
329,0,0,0,0,0,0,0,0,0,0,0,0,0,0,0,0,0,0,0,0,0,0,0,0,0,0,0,0,0,0,0,0,0,0,0,0,0,0,0,0,0,0,0,0,0,0,0,0,0,0,0,0,0,0,0,0,0,0,0,0,0,0,0,0,0
330,0,0,0,0,0,0,0,0,0,0,0,0,0,0,0,0,0,0,0,0,0,0,0,0,0,0,0,0,0,0,0,0,0,0,0,0,0,0,0,0,0,0,0,0,0,0,0,0,0,0,0,0,0,0,0,0,0,0,0,0,0,0,0,0,0
331,0,0,0,0,0,0,0,0,0,0,0,0,0,0,0,0,0,0,0,0,0,0,0,0,0,0,0,0,0,0,0,0,0,0,0,0,0,0,0,0,0,0,0,0,0,0,0,0,0,0,0,0,0,0,0,0,0,0,0,0,0,0,0,0,0
332,0,0,0,0,0,0,0,0,0,0,0,0,0,0,0,0,0,0,0,0,0,0,0,0,0,0,0,0,0,0,0,0,0,0,0,0,0,0,0,0,0,0,0,0,0,0,0,0,0,0,0,0,0,0,0,0,0,0,0,0,0,0,0,0,0
333,0,0,0,0,0,0,0,0,0,0,0,0,0,0,0,0,0,0,0,0,0,0,0,0,0,0,0,0,0,0,0,0,0,0,0,0,0,0,0,0,0,0,0,0,0,0,0,0,0,0,0,0,0,0,0,0,0,0,0,0,0,0,0,0,0
334,0,0,0,0,0,0,0,0,0,0,0,0,0,0,0,0,0,0,0,0,0,0,0,0,0,0,0,0,0,0,0,0,0,0,0,0,0,0,0,0,0,0,0,0,0,0,0,0,0,0,0,0,0,0,0,0,0,0,0,0,0,0,0,0,0
335,0,0,0,0,0,0,0,0,0,0,0,0,0,0,0,0,0,0,0,0,0,0,0,0,0,0,0,0,0,0,0,0,0,0,0,0,0,0,0,0,0,0,0,0,0,0,0,0,0,0,0,0,0,0,0,0,0,0,0,0,0,0,0,0,0
336,0,0,0,0,0,0,0,0,0,0,0,0,0,0,0,0,0,0,0,0,0,0,0,0,0,0,0,0,0,0,0,0,0,0,0,0,0,0,0,0,0,0,0,0,0,0,0,0,0,0,0,0,0,0,0,0,0,0,0,0,0,0,0,0,0
337,0,0,0,0,0,0,0,0,0,0,0,0,0,0,0,0,0,0,0,0,0,0,0,0,0,0,0,0,0,0,0,0,0,0,0,0,0,0,0,0,0,0,0,0,0,0,0,0,0,0,0,0,0,0,0,0,0,0,0,0,0,0,0,0,0
338,0,0,0,0,0,0,0,0,0,0,0,0,0,0,0,0,0,0,0,0,0,0,0,0,0,0,0,0,0,0,0,0,0,0,0,0,0,0,0,0,0,0,0,0,0,0,0,0,0,0,0,0,0,0,0,0,0,0,0,0,0,0,0,0,0
339,0,0,0,0,0,0,0,0,0,0,0,0,0,0,0,0,0,0,0,0,0,0,0,0,0,0,0,0,0,0,0,0,0,0,0,0,0,0,0,0,0,0,0,0,0,0,0,0,0,0,0,0,0,0,0,0,0,0,0,0,0,0,0,0,0
340,0,0,0,0,0,0,0,0,0,0,0,0,0,0,0,0,0,0,0,0,0,0,0,0,0,0,0,0,0,0,0,0,0,0,0,0,0,0,0,0,0,0,0,0,0,0,0,0,0,0,0,0,0,0,0,0,0,0,0,0,0,0,0,0,0
341,0,0,0,0,0,0,0,0,0,0,0,0,0,0,0,0,0,0,0,0,0,0,0,0,0,0,0,0,0,0,0,0,0,0,0,0,0,0,0,0,0,0,0,0,0,0,0,0,0,0,0,0,0,0,0,0,0,0,0,0,0,0,0,0,0
342,0,0,0,0,0,0,0,0,0,0,0,0,0,0,0,0,0,0,0,0,0,0,0,0,0,0,0,0,0,0,0,0,0,0,0,0,0,0,0,0,0,0,0,0,0,0,0,0,0,0,0,0,0,0,0,0,0,0,0,0,0,0,0,0,0
343,0,0,0,0,0,0,0,0,0,0,0,0,0,0,0,0,0,0,0,0,0,0,0,0,0,0,0,0,0,0,0,0,0,0,0,0,0,0,0,0,0,0,0,0,0,0,0,0,0,0,0,0,0,0,0,0,0,0,0,0,0,0,0,0,0
344,0,0,0,0,0,0,0,0,0,0,0,0,0,0,0,0,0,0,0,0,0,0,0,0,0,0,0,0,0,0,0,0,0,0,0,0,0,0,0,0,0,0,0,0,0,0,0,0,0,0,0,0,0,0,0,0,0,0,0,0,0,0,0,0,0
345,0,0,0,0,0,0,0,0,0,0,0,0,0,0,0,0,0,0,0,0,0,0,0,0,0,0,0,0,0,0,0,0,0,0,0,0,0,0,0,0,0,0,0,0,0,0,0,0,0,0,0,0,0,0,0,0,0,0,0,0,0,0,0,0,0
346,0,0,0,0,0,0,0,0,0,0,0,0,0,0,0,0,0,0,0,0,0,0,0,0,0,0,0,0,0,0,0,0,0,0,0,0,0,0,0,0,0,0,0,0,0,0,0,0,0,0,0,0,0,0,0,0,0,0,0,0,0,0,0,0,0
347,0,0,0,0,0,0,0,0,0,0,0,0,0,0,0,0,0,0,0,0,0,0,0,0,0,0,0,0,0,0,0,0,0,0,0,0,0,0,0,0,0,0,0,0,0,0,0,0,0,0,0,0,0,0,0,0,0,0,0,0,0,0,0,0,0
348,0,0,0,0,0,0,0,0,0,0,0,0,0,0,0,0,0,0,0,0,0,0,0,0,0,0,0,0,0,0,0,0,0,0,0,0,0,0,0,0,0,0,0,0,0,0,0,0,0,0,0,0,0,0,0,0,0,0,0,0,0,0,0,0,0
349,0,0,0,0,0,0,0,0,0,0,0,0,0,0,0,0,0,0,0,0,0,0,0,0,0,0,0,0,0,0,0,0,0,0,0,0,0,0,0,0,0,0,0,0,0,0,0,0,0,0,0,0,0,0,0,0,0,0,0,0,0,0,0,0,0
350,0,0,0,0,0,0,0,0,0,0,0,0,0,0,0,0,0,0,0,0,0,0,0,0,0,0,0,0,0,0,0,0,0,0,0,0,0,0,0,0,0,0,0,0,0,0,0,0,0,0,0,0,0,0,0,0,0,0,0,0,0,0,0,0,0
351,0,0,0,0,0,0,0,0,0,0,0,0,0,0,0,0,0,0,0,0,0,0,0,0,0,0,0,0,0,0,0,0,0,0,0,0,0,0,0,0,0,0,0,0,0,0,0,0,0,0,0,0,0,0,0,0,0,0,0,0,0,0,0,0,0
352,0,0,0,0,0,0,0,0,0,0,0,0,0,0,0,0,0,0,0,0,0,0,0,0,0,0,0,0,0,0,0,0,0,0,0,0,0,0,0,0,0,0,0,0,0,0,0,0,0,0,0,0,0,0,0,0,0,0,0,0,0,0,0,0,0
353,0,0,0,0,0,0,0,0,0,0,0,0,0,0,0,0,0,0,0,0,0,0,0,0,0,0,0,0,0,0,0,0,0,0,0,0,0,0,0,0,0,0,0,0,0,0,0,0,0,0,0,0,0,0,0,0,0,0,0,0,0,0,0,0,0
354,0,0,0,0,0,0,0,0,0,0,0,0,0,0,0,0,0,0,0,0,0,0,0,0,0,0,0,0,0,0,0,0,0,0,0,0,0,0,0,0,0,0,0,0,0,0,0,0,0,0,0,0,0,0,0,0,0,0,0,0,0,0,0,0,0
355,0,0,0,0,0,0,0,0,0,0,0,0,0,0,0,0,0,0,0,0,0,0,0,0,0,0,0,0,0,0,0,0,0,0,0,0,0,0,0,0,0,0,0,0,0,0,0,0,0,0,0,0,0,0,0,0,0,0,0,0,0,0,0,0,0
356,0,0,0,0,0,0,0,0,0,0,0,0,0,0,0,0,0,0,0,0,0,0,0,0,0,0,0,0,0,0,0,0,0,0,0,0,0,0,0,0,0,0,0,0,0,0,0,0,0,0,0,0,0,0,0,0,0,0,0,0,0,0,0,0,0
357,0,0,0,0,0,0,0,0,0,0,0,0,0,0,0,0,0,0,0,0,0,0,0,0,0,0,0,0,0,0,0,0,0,0,0,0,0,0,0,0,0,0,0,0,0,0,0,0,0,0,0,0,0,0,0,0,0,0,0,0,0,0,0,0,0
358,0,0,0,0,0,0,0,0,0,0,0,0,0,0,0,0,0,0,0,0,0,0,0,0,0,0,0,0,0,0,0,0,0,0,0,0,0,0,0,0,0,0,0,0,0,0,0,0,0,0,0,0,0,0,0,0,0,0,0,0,0,0,0,0,0
359,0,0,0,0,0,0,0,0,0,0,0,0,0,0,0,0,0,0,0,0,0,0,0,0,0,0,0,0,0,0,0,0,0,0,0,0,0,0,0,0,0,0,0,0,0,0,0,0,0,0,0,0,0,0,0,0,0,0,0,0,0,0,0,0,0
360,0,0,0,0,0,0,0,0,0,0,0,0,0,0,0,0,0,0,0,0,0,0,0,0,0,0,0,0,0,0,0,0,0,0,0,0,0,0,0,0,0,0,0,0,0,0,0,0,0,0,0,0,0,0,0,0,0,0,0,0,0,0,0,0,0
361,0,0,0,0,0,0,0,0,0,0,0,0,0,0,0,0,0,0,0,0,0,0,0,0,0,0,0,0,0,0,0,0,0,0,0,0,0,0,0,0,0,0,0,0,0,0,0,0,0,0,0,0,0,0,0,0,0,0,0,0,0,0,0,0,0
362,0,0,0,0,0,0,0,0,0,0,0,0,0,0,0,0,0,0,0,0,0,0,0,0,0,0,0,0,0,0,0,0,0,0,0,0,0,0,0,0,0,0,0,0,0,0,0,0,0,0,0,0,0,0,0,0,0,0,0,0,0,0,0,0,0
363,0,0,0,0,0,0,0,0,0,0,0,0,0,0,0,0,0,0,0,0,0,0,0,0,0,0,0,0,0,0,0,0,0,0,0,0,0,0,0,0,0,0,0,0,0,0,0,0,0,0,0,0,0,0,0,0,0,0,0,0,0,0,0,0,0
364,0,0,0,0,0,0,0,0,0,0,0,0,0,0,0,0,0,0,0,0,0,0,0,0,0,0,0,0,0,0,0,0,0,0,0,0,0,0,0,0,0,0,0,0,0,0,0,0,0,0,0,0,0,0,0,0,0,0,0,0,0,0,0,0,0
365,0,0,0,0,0,0,0,0,0,0,0,0,0,0,0,0,0,0,0,0,0,0,0,0,0,0,0,0,0,0,0,0,0,0,0,0,0,0,0,0,0,0,0,0,0,0,0,0,0,0,0,0,0,0,0,0,0,0,0,0,0,0,0,0,0
366,0,0,0,0,0,0,0,0,0,0,0,0,0,0,0,0,0,0,0,0,0,0,0,0,0,0,0,0,0,0,0,0,0,0,0,0,0,0,0,0,0,0,0,0,0,0,0,0,0,0,0,0,0,0,0,0,0,0,0,0,0,0,0,0,0
367,0,0,0,0,0,0,0,0,0,0,0,0,0,0,0,0,0,0,0,0,0,0,0,0,0,0,0,0,0,0,0,0,0,0,0,0,0,0,0,0,0,0,0,0,0,0,0,0,0,0,0,0,0,0,0,0,0,0,0,0,0,0,0,0,0
368,0,0,0,0,0,0,0,0,0,0,0,0,0,0,0,0,0,0,0,0,0,0,0,0,0,0,0,0,0,0,0,0,0,0,0,0,0,0,0,0,0,0,0,0,0,0,0,0,0,0,0,0,0,0,0,0,0,0,0,0,0,0,0,0,0
369,0,0,0,0,0,0,0,0,0,0,0,0,0,0,0,0,0,0,0,0,0,0,0,0,0,0,0,0,0,0,0,0,0,0,0,0,0,0,0,0,0,0,0,0,0,0,0,0,0,0,0,0,0,0,0,0,0,0,0,0,0,0,0,0,0
370,0,0,0,0,0,0,0,0,0,0,0,0,0,0,0,0,0,0,0,0,0,0,0,0,0,0,0,0,0,0,0,0,0,0,0,0,0,0,0,0,0,0,0,0,0,0,0,0,0,0,0,0,0,0,0,0,0,0,0,0,0,0,0,0,0
371,0,0,0,0,0,0,0,0,0,0,0,0,0,0,0,0,0,0,0,0,0,0,0,0,0,0,0,0,0,0,0,0,0,0,0,0,0,0,0,0,0,0,0,0,0,0,0,0,0,0,0,0,0,0,0,0,0,0,0,0,0,0,0,0,0
372,0,0,0,0,0,0,0,0,0,0,0,0,0,0,0,0,0,0,0,0,0,0,0,0,0,0,0,0,0,0,0,0,0,0,0,0,0,0,0,0,0,0,0,0,0,0,0,0,0,0,0,0,0,0,0,0,0,0,0,0,0,0,0,0,0
373,0,0,0,0,0,0,0,0,0,0,0,0,0,0,0,0,0,0,0,0,0,0,0,0,0,0,0,0,0,0,0,0,0,0,0,0,0,0,0,0,0,0,0,0,0,0,0,0,0,0,0,0,0,0,0,0,0,0,0,0,0,0,0,0,0
374,0,0,0,0,0,0,0,0,0,0,0,0,0,0,0,0,0,0,0,0,0,0,0,0,0,0,0,0,0,0,0,0,0,0,0,0,0,0,0,0,0,0,0,0,0,0,0,0,0,0,0,0,0,0,0,0,0,0,0,0,0,0,0,0,0
375,0,0,0,0,0,0,0,0,0,0,0,0,0,0,0,0,0,0,0,0,0,0,0,0,0,0,0,0,0,0,0,0,0,0,0,0,0,0,0,0,0,0,0,0,0,0,0,0,0,0,0,0,0,0,0,0,0,0,0,0,0,0,0,0,0
376,0,0,0,0,0,0,0,0,0,0,0,0,0,0,0,0,0,0,0,0,0,0,0,0,0,0,0,0,0,0,0,0,0,0,0,0,0,0,0,0,0,0,0,0,0,0,0,0,0,0,0,0,0,0,0,0,0,0,0,0,0,0,0,0,0
377,0,0,0,0,0,0,0,0,0,0,0,0,0,0,0,0,0,0,0,0,0,0,0,0,0,0,0,0,0,0,0,0,0,0,0,0,0,0,0,0,0,0,0,0,0,0,0,0,0,0,0,0,0,0,0,0,0,0,0,0,0,0,0,0,0
378,0,0,0,0,0,0,0,0,0,0,0,0,0,0,0,0,0,0,0,0,0,0,0,0,0,0,0,0,0,0,0,0,0,0,0,0,0,0,0,0,0,0,0,0,0,0,0,0,0,0,0,0,0,0,0,0,0,0,0,0,0,0,0,0,0
379,0,0,0,0,0,0,0,0,0,0,0,0,0,0,0,0,0,0,0,0,0,0,0,0,0,0,0,0,0,0,0,0,0,0,0,0,0,0,0,0,0,0,0,0,0,0,0,0,0,0,0,0,0,0,0,0,0,0,0,0,0,0,0,0,0
380,0,0,0,0,0,0,0,0,0,0,0,0,0,0,0,0,0,0,0,0,0,0,0,0,0,0,0,0,0,0,0,0,0,0,0,0,0,0,0,0,0,0,0,0,0,0,0,0,0,0,0,0,0,0,0,0,0,0,0,0,0,0,0,0,0
381,0,0,0,0,0,0,0,0,0,0,0,0,0,0,0,0,0,0,0,0,0,0,0,0,0,0,0,0,0,0,0,0,0,0,0,0,0,0,0,0,0,0,0,0,0,0,0,0,0,0,0,0,0,0,0,0,0,0,0,0,0,0,0,0,0
382,0,0,0,0,0,0,0,0,0,0,0,0,0,0,0,0,0,0,0,0,0,0,0,0,0,0,0,0,0,0,0,0,0,0,0,0,0,0,0,0,0,0,0,0,0,0,0,0,0,0,0,0,0,0,0,0,0,0,0,0,0,0,0,0,0
383,0,0,0,0,0,0,0,0,0,0,0,0,0,0,0,0,0,0,0,0,0,0,0,0,0,0,0,0,0,0,0,0,0,0,0,0,0,0,0,0,0,0,0,0,0,0,0,0,0,0,0,0,0,0,0,0,0,0,0,0,0,0,0,0,0
384,0,0,0,0,0,0,0,0,0,0,0,0,0,0,0,0,0,0,0,0,0,0,0,0,0,0,0,0,0,0,0,0,0,0,0,0,0,0,0,0,0,0,0,0,0,0,0,0,0,0,0,0,0,0,0,0,0,0,0,0,0,0,0,0,0
385,0,0,0,0,0,0,0,0,0,0,0,0,0,0,0,0,0,0,0,0,0,0,0,0,0,0,0,0,0,0,0,0,0,0,0,0,0,0,0,0,0,0,0,0,0,0,0,0,0,0,0,0,0,0,0,0,0,0,0,0,0,0,0,0,0
386,0,0,0,0,0,0,0,0,0,0,0,0,0,0,0,0,0,0,0,0,0,0,0,0,0,0,0,0,0,0,0,0,0,0,0,0,0,0,0,0,0,0,0,0,0,0,0,0,0,0,0,0,0,0,0,0,0,0,0,0,0,0,0,0,0
387,0,0,0,0,0,0,0,0,0,0,0,0,0,0,0,0,0,0,0,0,0,0,0,0,0,0,0,0,0,0,0,0,0,0,0,0,0,0,0,0,0,0,0,0,0,0,0,0,0,0,0,0,0,0,0,0,0,0,0,0,0,0,0,0,0
388,0,0,0,0,0,0,0,0,0,0,0,0,0,0,0,0,0,0,0,0,0,0,0,0,0,0,0,0,0,0,0,0,0,0,0,0,0,0,0,0,0,0,0,0,0,0,0,0,0,0,0,0,0,0,0,0,0,0,0,0,0,0,0,0,0
389,0,0,0,0,0,0,0,0,0,0,0,0,0,0,0,0,0,0,0,0,0,0,0,0,0,0,0,0,0,0,0,0,0,0,0,0,0,0,0,0,0,0,0,0,0,0,0,0,0,0,0,0,0,0,0,0,0,0,0,0,0,0,0,0,0
390,0,0,0,0,0,0,0,0,0,0,0,0,0,0,0,0,0,0,0,0,0,0,0,0,0,0,0,0,0,0,0,0,0,0,0,0,0,0,0,0,0,0,0,0,0,0,0,0,0,0,0,0,0,0,0,0,0,0,0,0,0,0,0,0,0
391,0,0,0,0,0,0,0,0,0,0,0,0,0,0,0,0,0,0,0,0,0,0,0,0,0,0,0,0,0,0,0,0,0,0,0,0,0,0,0,0,0,0,0,0,0,0,0,0,0,0,0,0,0,0,0,0,0,0,0,0,0,0,0,0,0
392,0,0,0,0,0,0,0,0,0,0,0,0,0,0,0,0,0,0,0,0,0,0,0,0,0,0,0,0,0,0,0,0,0,0,0,0,0,0,0,0,0,0,0,0,0,0,0,0,0,0,0,0,0,0,0,0,0,0,0,0,0,0,0,0,0
393,0,0,0,0,0,0,0,0,0,0,0,0,0,0,0,0,0,0,0,0,0,0,0,0,0,0,0,0,0,0,0,0,0,0,0,0,0,0,0,0,0,0,0,0,0,0,0,0,0,0,0,0,0,0,0,0,0,0,0,0,0,0,0,0,0
394,0,0,0,0,0,0,0,0,0,0,0,0,0,0,0,0,0,0,0,0,0,0,0,0,0,0,0,0,0,0,0,0,0,0,0,0,0,0,0,0,0,0,0,0,0,0,0,0,0,0,0,0,0,0,0,0,0,0,0,0,0,0,0,0,0
395,0,0,0,0,0,0,0,0,0,0,0,0,0,0,0,0,0,0,0,0,0,0,0,0,0,0,0,0,0,0,0,0,0,0,0,0,0,0,0,0,0,0,0,0,0,0,0,0,0,0,0,0,0,0,0,0,0,0,0,0,0,0,0,0,0
396,0,0,0,0,0,0,0,0,0,0,0,0,0,0,0,0,0,0,0,0,0,0,0,0,0,0,0,0,0,0,0,0,0,0,0,0,0,0,0,0,0,0,0,0,0,0,0,0,0,0,0,0,0,0,0,0,0,0,0,0,0,0,0,0,0
397,0,0,0,0,0,0,0,0,0,0,0,0,0,0,0,0,0,0,0,0,0,0,0,0,0,0,0,0,0,0,0,0,0,0,0,0,0,0,0,0,0,0,0,0,0,0,0,0,0,0,0,0,0,0,0,0,0,0,0,0,0,0,0,0,0
398,0,0,0,0,0,0,0,0,0,0,0,0,0,0,0,0,0,0,0,0,0,0,0,0,0,0,0,0,0,0,0,0,0,0,0,0,0,0,0,0,0,0,0,0,0,0,0,0,0,0,0,0,0,0,0,0,0,0,0,0,0,0,0,0,0
399,0,0,0,0,0,0,0,0,0,0,0,0,0,0,0,0,0,0,0,0,0,0,0,0,0,0,0,0,0,0,0,0,0,0,0,0,0,0,0,0,0,0,0,0,0,0,0,0,0,0,0,0,0,0,0,0,0,0,0,0,0,0,0,0,0
400,0,0,0,0,0,0,0,0,0,0,0,0,0,0,0,0,0,0,0,0,0,0,0,0,0,0,0,0,0,0,0,0,0,0,0,0,0,0,0,0,0,0,0,0,0,0,0,0,0,0,0,0,0,0,0,0,0,0,0,0,0,0,0,0,0
401,0,0,0,0,0,0,0,0,0,0,0,0,0,0,0,0,0,0,0,0,0,0,0,0,0,0,0,0,0,0,0,0,0,0,0,0,0,0,0,0,0,0,0,0,0,0,0,0,0,0,0,0,0,0,0,0,0,0,0,0,0,0,0,0,0
402,0,0,0,0,0,0,0,0,0,0,0,0,0,0,0,0,0,0,0,0,0,0,0,0,0,0,0,0,0,0,0,0,0,0,0,0,0,0,0,0,0,0,0,0,0,0,0,0,0,0,0,0,0,0,0,0,0,0,0,0,0,0,0,0,0
403,0,0,0,0,0,0,0,0,0,0,0,0,0,0,0,0,0,0,0,0,0,0,0,0,0,0,0,0,0,0,0,0,0,0,0,0,0,0,0,0,0,0,0,0,0,0,0,0,0,0,0,0,0,0,0,0,0,0,0,0,0,0,0,0,0
404,0,0,0,0,0,0,0,0,0,0,0,0,0,0,0,0,0,0,0,0,0,0,0,0,0,0,0,0,0,0,0,0,0,0,0,0,0,0,0,0,0,0,0,0,0,0,0,0,0,0,0,0,0,0,0,0,0,0,0,0,0,0,0,0,0
405,0,0,0,0,0,0,0,0,0,0,0,0,0,0,0,0,0,0,0,0,0,0,0,0,0,0,0,0,0,0,0,0,0,0,0,0,0,0,0,0,0,0,0,0,0,0,0,0,0,0,0,0,0,0,0,0,0,0,0,0,0,0,0,0,0
406,0,0,0,0,0,0,0,0,0,0,0,0,0,0,0,0,0,0,0,0,0,0,0,0,0,0,0,0,0,0,0,0,0,0,0,0,0,0,0,0,0,0,0,0,0,0,0,0,0,0,0,0,0,0,0,0,0,0,0,0,0,0,0,0,0
407,0,0,0,0,0,0,0,0,0,0,0,0,0,0,0,0,0,0,0,0,0,0,0,0,0,0,0,0,0,0,0,0,0,0,0,0,0,0,0,0,0,0,0,0,0,0,0,0,0,0,0,0,0,0,0,0,0,0,0,0,0,0,0,0,0
408,0,0,0,0,0,0,0,0,0,0,0,0,0,0,0,0,0,0,0,0,0,0,0,0,0,0,0,0,0,0,0,0,0,0,0,0,0,0,0,0,0,0,0,0,0,0,0,0,0,0,0,0,0,0,0,0,0,0,0,0,0,0,0,0,0
409,0,0,0,0,0,0,0,0,0,0,0,0,0,0,0,0,0,0,0,0,0,0,0,0,0,0,0,0,0,0,0,0,0,0,0,0,0,0,0,0,0,0,0,0,0,0,0,0,0,0,0,0,0,0,0,0,0,0,0,0,0,0,0,0,0
410,0,0,0,0,0,0,0,0,0,0,0,0,0,0,0,0,0,0,0,0,0,0,0,0,0,0,0,0,0,0,0,0,0,0,0,0,0,0,0,0,0,0,0,0,0,0,0,0,0,0,0,0,0,0,0,0,0,0,0,0,0,0,0,0,0
411,0,0,0,0,0,0,0,0,0,0,0,0,0,0,0,0,0,0,0,0,0,0,0,0,0,0,0,0,0,0,0,0,0,0,0,0,0,0,0,0,0,0,0,0,0,0,0,0,0,0,0,0,0,0,0,0,0,0,0,0,0,0,0,0,0
412,0,0,0,0,0,0,0,0,0,0,0,0,0,0,0,0,0,0,0,0,0,0,0,0,0,0,0,0,0,0,0,0,0,0,0,0,0,0,0,0,0,0,0,0,0,0,0,0,0,0,0,0,0,0,0,0,0,0,0,0,0,0,0,0,0
413,0,0,0,0,0,0,0,0,0,0,0,0,0,0,0,0,0,0,0,0,0,0,0,0,0,0,0,0,0,0,0,0,0,0,0,0,0,0,0,0,0,0,0,0,0,0,0,0,0,0,0,0,0,0,0,0,0,0,0,0,0,0,0,0,0
414,0,0,0,0,0,0,0,0,0,0,0,0,0,0,0,0,0,0,0,0,0,0,0,0,0,0,0,0,0,0,0,0,0,0,0,0,0,0,0,0,0,0,0,0,0,0,0,0,0,0,0,0,0,0,0,0,0,0,0,0,0,0,0,0,0
415,0,0,0,0,0,0,0,0,0,0,0,0,0,0,0,0,0,0,0,0,0,0,0,0,0,0,0,0,0,0,0,0,0,0,0,0,0,0,0,0,0,0,0,0,0,0,0,0,0,0,0,0,0,0,0,0,0,0,0,0,0,0,0,0,0
416,0,0,0,0,0,0,0,0,0,0,0,0,0,0,0,0,0,0,0,0,0,0,0,0,0,0,0,0,0,0,0,0,0,0,0,0,0,0,0,0,0,0,0,0,0,0,0,0,0,0,0,0,0,0,0,0,0,0,0,0,0,0,0,0,0
417,0,0,0,0,0,0,0,0,0,0,0,0,0,0,0,0,0,0,0,0,0,0,0,0,0,0,0,0,0,0,0,0,0,0,0,0,0,0,0,0,0,0,0,0,0,0,0,0,0,0,0,0,0,0,0,0,0,0,0,0,0,0,0,0,0
418,0,0,0,0,0,0,0,0,0,0,0,0,0,0,0,0,0,0,0,0,0,0,0,0,0,0,0,0,0,0,0,0,0,0,0,0,0,0,0,0,0,0,0,0,0,0,0,0,0,0,0,0,0,0,0,0,0,0,0,0,0,0,0,0,0
419,0,0,0,0,0,0,0,0,0,0,0,0,0,0,0,0,0,0,0,0,0,0,0,0,0,0,0,0,0,0,0,0,0,0,0,0,0,0,0,0,0,0,0,0,0,0,0,0,0,0,0,0,0,0,0,0,0,0,0,0,0,0,0,0,0
420,0,0,0,0,0,0,0,0,0,0,0,0,0,0,0,0,0,0,0,0,0,0,0,0,0,0,0,0,0,0,0,0,0,0,0,0,0,0,0,0,0,0,0,0,0,0,0,0,0,0,0,0,0,0,0,0,0,0,0,0,0,0,0,0,0
421,0,0,0,0,0,0,0,0,0,0,0,0,0,0,0,0,0,0,0,0,0,0,0,0,0,0,0,0,0,0,0,0,0,0,0,0,0,0,0,0,0,0,0,0,0,0,0,0,0,0,0,0,0,0,0,0,0,0,0,0,0,0,0,0,0
422,0,0,0,0,0,0,0,0,0,0,0,0,0,0,0,0,0,0,0,0,0,0,0,0,0,0,0,0,0,0,0,0,0,0,0,0,0,0,0,0,0,0,0,0,0,0,0,0,0,0,0,0,0,0,0,0,0,0,0,0,0,0,0,0,0
423,0,0,0,0,0,0,0,0,0,0,0,0,0,0,0,0,0,0,0,0,0,0,0,0,0,0,0,0,0,0,0,0,0,0,0,0,0,0,0,0,0,0,0,0,0,0,0,0,0,0,0,0,0,0,0,0,0,0,0,0,0,0,0,0,0
424,0,0,0,0,0,0,0,0,0,0,0,0,0,0,0,0,0,0,0,0,0,0,0,0,0,0,0,0,0,0,0,0,0,0,0,0,0,0,0,0,0,0,0,0,0,0,0,0,0,0,0,0,0,0,0,0,0,0,0,0,0,0,0,0,0
425,0,0,0,0,0,0,0,0,0,0,0,0,0,0,0,0,0,0,0,0,0,0,0,0,0,0,0,0,0,0,0,0,0,0,0,0,0,0,0,0,0,0,0,0,0,0,0,0,0,0,0,0,0,0,0,0,0,0,0,0,0,0,0,0,0
426,0,0,0,0,0,0,0,0,0,0,0,0,0,0,0,0,0,0,0,0,0,0,0,0,0,0,0,0,0,0,0,0,0,0,0,0,0,0,0,0,0,0,0,0,0,0,0,0,0,0,0,0,0,0,0,0,0,0,0,0,0,0,0,0,0
427,0,0,0,0,0,0,0,0,0,0,0,0,0,0,0,0,0,0,0,0,0,0,0,0,0,0,0,0,0,0,0,0,0,0,0,0,0,0,0,0,0,0,0,0,0,0,0,0,0,0,0,0,0,0,0,0,0,0,0,0,0,0,0,0,0
428,0,0,0,0,0,0,0,0,0,0,0,0,0,0,0,0,0,0,0,0,0,0,0,0,0,0,0,0,0,0,0,0,0,0,0,0,0,0,0,0,0,0,0,0,0,0,0,0,0,0,0,0,0,0,0,0,0,0,0,0,0,0,0,0,0
429,0,0,0,0,0,0,0,0,0,0,0,0,0,0,0,0,0,0,0,0,0,0,0,0,0,0,0,0,0,0,0,0,0,0,0,0,0,0,0,0,0,0,0,0,0,0,0,0,0,0,0,0,0,0,0,0,0,0,0,0,0,0,0,0,0
430,0,0,0,0,0,0,0,0,0,0,0,0,0,0,0,0,0,0,0,0,0,0,0,0,0,0,0,0,0,0,0,0,0,0,0,0,0,0,0,0,0,0,0,0,0,0,0,0,0,0,0,0,0,0,0,0,0,0,0,0,0,0,0,0,0
431,0,0,0,0,0,0,0,0,0,0,0,0,0,0,0,0,0,0,0,0,0,0,0,0,0,0,0,0,0,0,0,0,0,0,0,0,0,0,0,0,0,0,0,0,0,0,0,0,0,0,0,0,0,0,0,0,0,0,0,0,0,0,0,0,0
432,0,0,0,0,0,0,0,0,0,0,0,0,0,0,0,0,0,0,0,0,0,0,0,0,0,0,0,0,0,0,0,0,0,0,0,0,0,0,0,0,0,0,0,0,0,0,0,0,0,0,0,0,0,0,0,0,0,0,0,0,0,0,0,0,0
433,0,0,0,0,0,0,0,0,0,0,0,0,0,0,0,0,0,0,0,0,0,0,0,0,0,0,0,0,0,0,0,0,0,0,0,0,0,0,0,0,0,0,0,0,0,0,0,0,0,0,0,0,0,0,0,0,0,0,0,0,0,0,0,0,0
434,0,0,0,0,0,0,0,0,0,0,0,0,0,0,0,0,0,0,0,0,0,0,0,0,0,0,0,0,0,0,0,0,0,0,0,0,0,0,0,0,0,0,0,0,0,0,0,0,0,0,0,0,0,0,0,0,0,0,0,0,0,0,0,0,0
435,0,0,0,0,0,0,0,0,0,0,0,0,0,0,0,0,0,0,0,0,0,0,0,0,0,0,0,0,0,0,0,0,0,0,0,0,0,0,0,0,0,0,0,0,0,0,0,0,0,0,0,0,0,0,0,0,0,0,0,0,0,0,0,0,0
436,0,0,0,0,0,0,0,0,0,0,0,0,0,0,0,0,0,0,0,0,0,0,0,0,0,0,0,0,0,0,0,0,0,0,0,0,0,0,0,0,0,0,0,0,0,0,0,0,0,0,0,0,0,0,0,0,0,0,0,0,0,0,0,0,0
437,0,0,0,0,0,0,0,0,0,0,0,0,0,0,0,0,0,0,0,0,0,0,0,0,0,0,0,0,0,0,0,0,0,0,0,0,0,0,0,0,0,0,0,0,0,0,0,0,0,0,0,0,0,0,0,0,0,0,0,0,0,0,0,0,0
438,0,0,0,0,0,0,0,0,0,0,0,0,0,0,0,0,0,0,0,0,0,0,0,0,0,0,0,0,0,0,0,0,0,0,0,0,0,0,0,0,0,0,0,0,0,0,0,0,0,0,0,0,0,0,0,0,0,0,0,0,0,0,0,0,0
439,0,0,0,0,0,0,0,0,0,0,0,0,0,0,0,0,0,0,0,0,0,0,0,0,0,0,0,0,0,0,0,0,0,0,0,0,0,0,0,0,0,0,0,0,0,0,0,0,0,0,0,0,0,0,0,0,0,0,0,0,0,0,0,0,0
440,0,0,0,0,0,0,0,0,0,0,0,0,0,0,0,0,0,0,0,0,0,0,0,0,0,0,0,0,0,0,0,0,0,0,0,0,0,0,0,0,0,0,0,0,0,0,0,0,0,0,0,0,0,0,0,0,0,0,0,0,0,0,0,0,0
441,0,0,0,0,0,0,0,0,0,0,0,0,0,0,0,0,0,0,0,0,0,0,0,0,0,0,0,0,0,0,0,0,0,0,0,0,0,0,0,0,0,0,0,0,0,0,0,0,0,0,0,0,0,0,0,0,0,0,0,0,0,0,0,0,0
442,0,0,0,0,0,0,0,0,0,0,0,0,0,0,0,0,0,0,0,0,0,0,0,0,0,0,0,0,0,0,0,0,0,0,0,0,0,0,0,0,0,0,0,0,0,0,0,0,0,0,0,0,0,0,0,0,0,0,0,0,0,0,0,0,0
443,0,0,0,0,0,0,0,0,0,0,0,0,0,0,0,0,0,0,0,0,0,0,0,0,0,0,0,0,0,0,0,0,0,0,0,0,0,0,0,0,0,0,0,0,0,0,0,0,0,0,0,0,0,0,0,0,0,0,0,0,0,0,0,0,0
444,0,0,0,0,0,0,0,0,0,0,0,0,0,0,0,0,0,0,0,0,0,0,0,0,0,0,0,0,0,0,0,0,0,0,0,0,0,0,0,0,0,0,0,0,0,0,0,0,0,0,0,0,0,0,0,0,0,0,0,0,0,0,0,0,0
445,0,0,0,0,0,0,0,0,0,0,0,0,0,0,0,0,0,0,0,0,0,0,0,0,0,0,0,0,0,0,0,0,0,0,0,0,0,0,0,0,0,0,0,0,0,0,0,0,0,0,0,0,0,0,0,0,0,0,0,0,0,0,0,0,0
446,0,0,0,0,0,0,0,0,0,0,0,0,0,0,0,0,0,0,0,0,0,0,0,0,0,0,0,0,0,0,0,0,0,0,0,0,0,0,0,0,0,0,0,0,0,0,0,0,0,0,0,0,0,0,0,0,0,0,0,0,0,0,0,0,0
447,0,0,0,0,0,0,0,0,0,0,0,0,0,0,0,0,0,0,0,0,0,0,0,0,0,0,0,0,0,0,0,0,0,0,0,0,0,0,0,0,0,0,0,0,0,0,0,0,0,0,0,0,0,0,0,0,0,0,0,0,0,0,0,0,0
448,0,0,0,0,0,0,0,0,0,0,0,0,0,0,0,0,0,0,0,0,0,0,0,0,0,0,0,0,0,0,0,0,0,0,0,0,0,0,0,0,0,0,0,0,0,0,0,0,0,0,0,0,0,0,0,0,0,0,0,0,0,0,0,0,0
449,0,0,0,0,0,0,0,0,0,0,0,0,0,0,0,0,0,0,0,0,0,0,0,0,0,0,0,0,0,0,0,0,0,0,0,0,0,0,0,0,0,0,0,0,0,0,0,0,0,0,0,0,0,0,0,0,0,0,0,0,0,0,0,0,0
450,0,0,0,0,0,0,0,0,0,0,0,0,0,0,0,0,0,0,0,0,0,0,0,0,0,0,0,0,0,0,0,0,0,0,0,0,0,0,0,0,0,0,0,0,0,0,0,0,0,0,0,0,0,0,0,0,0,0,0,0,0,0,0,0,0
451,0,0,0,0,0,0,0,0,0,0,0,0,0,0,0,0,0,0,0,0,0,0,0,0,0,0,0,0,0,0,0,0,0,0,0,0,0,0,0,0,0,0,0,0,0,0,0,0,0,0,0,0,0,0,0,0,0,0,0,0,0,0,0,0,0
452,0,0,0,0,0,0,0,0,0,0,0,0,0,0,0,0,0,0,0,0,0,0,0,0,0,0,0,0,0,0,0,0,0,0,0,0,0,0,0,0,0,0,0,0,0,0,0,0,0,0,0,0,0,0,0,0,0,0,0,0,0,0,0,0,0
453,0,0,0,0,0,0,0,0,0,0,0,0,0,0,0,0,0,0,0,0,0,0,0,0,0,0,0,0,0,0,0,0,0,0,0,0,0,0,0,0,0,0,0,0,0,0,0,0,0,0,0,0,0,0,0,0,0,0,0,0,0,0,0,0,0
454,0,0,0,0,0,0,0,0,0,0,0,0,0,0,0,0,0,0,0,0,0,0,0,0,0,0,0,0,0,0,0,0,0,0,0,0,0,0,0,0,0,0,0,0,0,0,0,0,0,0,0,0,0,0,0,0,0,0,0,0,0,0,0,0,0
455,0,0,0,0,0,0,0,0,0,0,0,0,0,0,0,0,0,0,0,0,0,0,0,0,0,0,0,0,0,0,0,0,0,0,0,0,0,0,0,0,0,0,0,0,0,0,0,0,0,0,0,0,0,0,0,0,0,0,0,0,0,0,0,0,0
456,0,0,0,0,0,0,0,0,0,0,0,0,0,0,0,0,0,0,0,0,0,0,0,0,0,0,0,0,0,0,0,0,0,0,0,0,0,0,0,0,0,0,0,0,0,0,0,0,0,0,0,0,0,0,0,0,0,0,0,0,0,0,0,0,0
457,0,0,0,0,0,0,0,0,0,0,0,0,0,0,0,0,0,0,0,0,0,0,0,0,0,0,0,0,0,0,0,0,0,0,0,0,0,0,0,0,0,0,0,0,0,0,0,0,0,0,0,0,0,0,0,0,0,0,0,0,0,0,0,0,0
458,0,0,0,0,0,0,0,0,0,0,0,0,0,0,0,0,0,0,0,0,0,0,0,0,0,0,0,0,0,0,0,0,0,0,0,0,0,0,0,0,0,0,0,0,0,0,0,0,0,0,0,0,0,0,0,0,0,0,0,0,0,0,0,0,0
459,0,0,0,0,0,0,0,0,0,0,0,0,0,0,0,0,0,0,0,0,0,0,0,0,0,0,0,0,0,0,0,0,0,0,0,0,0,0,0,0,0,0,0,0,0,0,0,0,0,0,0,0,0,0,0,0,0,0,0,0,0,0,0,0,0
460,0,0,0,0,0,0,0,0,0,0,0,0,0,0,0,0,0,0,0,0,0,0,0,0,0,0,0,0,0,0,0,0,0,0,0,0,0,0,0,0,0,0,0,0,0,0,0,0,0,0,0,0,0,0,0,0,0,0,0,0,0,0,0,0,0
461,0,0,0,0,0,0,0,0,0,0,0,0,0,0,0,0,0,0,0,0,0,0,0,0,0,0,0,0,0,0,0,0,0,0,0,0,0,0,0,0,0,0,0,0,0,0,0,0,0,0,0,0,0,0,0,0,0,0,0,0,0,0,0,0,0
462,0,0,0,0,0,0,0,0,0,0,0,0,0,0,0,0,0,0,0,0,0,0,0,0,0,0,0,0,0,0,0,0,0,0,0,0,0,0,0,0,0,0,0,0,0,0,0,0,0,0,0,0,0,0,0,0,0,0,0,0,0,0,0,0,0
463,0,0,0,0,0,0,0,0,0,0,0,0,0,0,0,0,0,0,0,0,0,0,0,0,0,0,0,0,0,0,0,0,0,0,0,0,0,0,0,0,0,0,0,0,0,0,0,0,0,0,0,0,0,0,0,0,0,0,0,0,0,0,0,0,0
464,0,0,0,0,0,0,0,0,0,0,0,0,0,0,0,0,0,0,0,0,0,0,0,0,0,0,0,0,0,0,0,0,0,0,0,0,0,0,0,0,0,0,0,0,0,0,0,0,0,0,0,0,0,0,0,0,0,0,0,0,0,0,0,0,0
465,0,0,0,0,0,0,0,0,0,0,0,0,0,0,0,0,0,0,0,0,0,0,0,0,0,0,0,0,0,0,0,0,0,0,0,0,0,0,0,0,0,0,0,0,0,0,0,0,0,0,0,0,0,0,0,0,0,0,0,0,0,0,0,0,0
466,0,0,0,0,0,0,0,0,0,0,0,0,0,0,0,0,0,0,0,0,0,0,0,0,0,0,0,0,0,0,0,0,0,0,0,0,0,0,0,0,0,0,0,0,0,0,0,0,0,0,0,0,0,0,0,0,0,0,0,0,0,0,0,0,0
467,0,0,0,0,0,0,0,0,0,0,0,0,0,0,0,0,0,0,0,0,0,0,0,0,0,0,0,0,0,0,0,0,0,0,0,0,0,0,0,0,0,0,0,0,0,0,0,0,0,0,0,0,0,0,0,0,0,0,0,0,0,0,0,0,0
468,0,0,0,0,0,0,0,0,0,0,0,0,0,0,0,0,0,0,0,0,0,0,0,0,0,0,0,0,0,0,0,0,0,0,0,0,0,0,0,0,0,0,0,0,0,0,0,0,0,0,0,0,0,0,0,0,0,0,0,0,0,0,0,0,0
469,0,0,0,0,0,0,0,0,0,0,0,0,0,0,0,0,0,0,0,0,0,0,0,0,0,0,0,0,0,0,0,0,0,0,0,0,0,0,0,0,0,0,0,0,0,0,0,0,0,0,0,0,0,0,0,0,0,0,0,0,0,0,0,0,0
470,0,0,0,0,0,0,0,0,0,0,0,0,0,0,0,0,0,0,0,0,0,0,0,0,0,0,0,0,0,0,0,0,0,0,0,0,0,0,0,0,0,0,0,0,0,0,0,0,0,0,0,0,0,0,0,0,0,0,0,0,0,0,0,0,0
471,0,0,0,0,0,0,0,0,0,0,0,0,0,0,0,0,0,0,0,0,0,0,0,0,0,0,0,0,0,0,0,0,0,0,0,0,0,0,0,0,0,0,0,0,0,0,0,0,0,0,0,0,0,0,0,0,0,0,0,0,0,0,0,0,0
472,0,0,0,0,0,0,0,0,0,0,0,0,0,0,0,0,0,0,0,0,0,0,0,0,0,0,0,0,0,0,0,0,0,0,0,0,0,0,0,0,0,0,0,0,0,0,0,0,0,0,0,0,0,0,0,0,0,0,0,0,0,0,0,0,0
473,0,0,0,0,0,0,0,0,0,0,0,0,0,0,0,0,0,0,0,0,0,0,0,0,0,0,0,0,0,0,0,0,0,0,0,0,0,0,0,0,0,0,0,0,0,0,0,0,0,0,0,0,0,0,0,0,0,0,0,0,0,0,0,0,0
474,0,0,0,0,0,0,0,0,0,0,0,0,0,0,0,0,0,0,0,0,0,0,0,0,0,0,0,0,0,0,0,0,0,0,0,0,0,0,0,0,0,0,0,0,0,0,0,0,0,0,0,0,0,0,0,0,0,0,0,0,0,0,0,0,0
475,0,0,0,0,0,0,0,0,0,0,0,0,0,0,0,0,0,0,0,0,0,0,0,0,0,0,0,0,0,0,0,0,0,0,0,0,0,0,0,0,0,0,0,0,0,0,0,0,0,0,0,0,0,0,0,0,0,0,0,0,0,0,0,0,0
476,0,0,0,0,0,0,0,0,0,0,0,0,0,0,0,0,0,0,0,0,0,0,0,0,0,0,0,0,0,0,0,0,0,0,0,0,0,0,0,0,0,0,0,0,0,0,0,0,0,0,0,0,0,0,0,0,0,0,0,0,0,0,0,0,0
477,0,0,0,0,0,0,0,0,0,0,0,0,0,0,0,0,0,0,0,0,0,0,0,0,0,0,0,0,0,0,0,0,0,0,0,0,0,0,0,0,0,0,0,0,0,0,0,0,0,0,0,0,0,0,0,0,0,0,0,0,0,0,0,0,0
478,0,0,0,0,0,0,0,0,0,0,0,0,0,0,0,0,0,0,0,0,0,0,0,0,0,0,0,0,0,0,0,0,0,0,0,0,0,0,0,0,0,0,0,0,0,0,0,0,0,0,0,0,0,0,0,0,0,0,0,0,0,0,0,0,0
479,0,0,0,0,0,0,0,0,0,0,0,0,0,0,0,0,0,0,0,0,0,0,0,0,0,0,0,0,0,0,0,0,0,0,0,0,0,0,0,0,0,0,0,0,0,0,0,0,0,0,0,0,0,0,0,0,0,0,0,0,0,0,0,0,0
480,0,0,0,0,0,0,0,0,0,0,0,0,0,0,0,0,0,0,0,0,0,0,0,0,0,0,0,0,0,0,0,0,0,0,0,0,0,0,0,0,0,0,0,0,0,0,0,0,0,0,0,0,0,0,0,0,0,0,0,0,0,0,0,0,0
481,0,0,0,0,0,0,0,0,0,0,0,0,0,0,0,0,0,0,0,0,0,0,0,0,0,0,0,0,0,0,0,0,0,0,0,0,0,0,0,0,0,0,0,0,0,0,0,0,0,0,0,0,0,0,0,0,0,0,0,0,0,0,0,0,0
482,0,0,0,0,0,0,0,0,0,0,0,0,0,0,0,0,0,0,0,0,0,0,0,0,0,0,0,0,0,0,0,0,0,0,0,0,0,0,0,0,0,0,0,0,0,0,0,0,0,0,0,0,0,0,0,0,0,0,0,0,0,0,0,0,0
483,0,0,0,0,0,0,0,0,0,0,0,0,0,0,0,0,0,0,0,0,0,0,0,0,0,0,0,0,0,0,0,0,0,0,0,0,0,0,0,0,0,0,0,0,0,0,0,0,0,0,0,0,0,0,0,0,0,0,0,0,0,0,0,0,0
484,0,0,0,0,0,0,0,0,0,0,0,0,0,0,0,0,0,0,0,0,0,0,0,0,0,0,0,0,0,0,0,0,0,0,0,0,0,0,0,0,0,0,0,0,0,0,0,0,0,0,0,0,0,0,0,0,0,0,0,0,0,0,0,0,0
485,0,0,0,0,0,0,0,0,0,0,0,0,0,0,0,0,0,0,0,0,0,0,0,0,0,0,0,0,0,0,0,0,0,0,0,0,0,0,0,0,0,0,0,0,0,0,0,0,0,0,0,0,0,0,0,0,0,0,0,0,0,0,0,0,0
486,0,0,0,0,0,0,0,0,0,0,0,0,0,0,0,0,0,0,0,0,0,0,0,0,0,0,0,0,0,0,0,0,0,0,0,0,0,0,0,0,0,0,0,0,0,0,0,0,0,0,0,0,0,0,0,0,0,0,0,0,0,0,0,0,0
487,0,0,0,0,0,0,0,0,0,0,0,0,0,0,0,0,0,0,0,0,0,0,0,0,0,0,0,0,0,0,0,0,0,0,0,0,0,0,0,0,0,0,0,0,0,0,0,0,0,0,0,0,0,0,0,0,0,0,0,0,0,0,0,0,0
488,0,0,0,0,0,0,0,0,0,0,0,0,0,0,0,0,0,0,0,0,0,0,0,0,0,0,0,0,0,0,0,0,0,0,0,0,0,0,0,0,0,0,0,0,0,0,0,0,0,0,0,0,0,0,0,0,0,0,0,0,0,0,0,0,0
489,0,0,0,0,0,0,0,0,0,0,0,0,0,0,0,0,0,0,0,0,0,0,0,0,0,0,0,0,0,0,0,0,0,0,0,0,0,0,0,0,0,0,0,0,0,0,0,0,0,0,0,0,0,0,0,0,0,0,0,0,0,0,0,0,0
490,0,0,0,0,0,0,0,0,0,0,0,0,0,0,0,0,0,0,0,0,0,0,0,0,0,0,0,0,0,0,0,0,0,0,0,0,0,0,0,0,0,0,0,0,0,0,0,0,0,0,0,0,0,0,0,0,0,0,0,0,0,0,0,0,0
491,0,0,0,0,0,0,0,0,0,0,0,0,0,0,0,0,0,0,0,0,0,0,0,0,0,0,0,0,0,0,0,0,0,0,0,0,0,0,0,0,0,0,0,0,0,0,0,0,0,0,0,0,0,0,0,0,0,0,0,0,0,0,0,0,0
492,0,0,0,0,0,0,0,0,0,0,0,0,0,0,0,0,0,0,0,0,0,0,0,0,0,0,0,0,0,0,0,0,0,0,0,0,0,0,0,0,0,0,0,0,0,0,0,0,0,0,0,0,0,0,0,0,0,0,0,0,0,0,0,0,0
493,0,0,0,0,0,0,0,0,0,0,0,0,0,0,0,0,0,0,0,0,0,0,0,0,0,0,0,0,0,0,0,0,0,0,0,0,0,0,0,0,0,0,0,0,0,0,0,0,0,0,0,0,0,0,0,0,0,0,0,0,0,0,0,0,0
494,0,0,0,0,0,0,0,0,0,0,0,0,0,0,0,0,0,0,0,0,0,0,0,0,0,0,0,0,0,0,0,0,0,0,0,0,0,0,0,0,0,0,0,0,0,0,0,0,0,0,0,0,0,0,0,0,0,0,0,0,0,0,0,0,0
495,0,0,0,0,0,0,0,0,0,0,0,0,0,0,0,0,0,0,0,0,0,0,0,0,0,0,0,0,0,0,0,0,0,0,0,0,0,0,0,0,0,0,0,0,0,0,0,0,0,0,0,0,0,0,0,0,0,0,0,0,0,0,0,0,0
496,0,0,0,0,0,0,0,0,0,0,0,0,0,0,0,0,0,0,0,0,0,0,0,0,0,0,0,0,0,0,0,0,0,0,0,0,0,0,0,0,0,0,0,0,0,0,0,0,0,0,0,0,0,0,0,0,0,0,0,0,0,0,0,0,0
497,0,0,0,0,0,0,0,0,0,0,0,0,0,0,0,0,0,0,0,0,0,0,0,0,0,0,0,0,0,0,0,0,0,0,0,0,0,0,0,0,0,0,0,0,0,0,0,0,0,0,0,0,0,0,0,0,0,0,0,0,0,0,0,0,0
498,0,0,0,0,0,0,0,0,0,0,0,0,0,0,0,0,0,0,0,0,0,0,0,0,0,0,0,0,0,0,0,0,0,0,0,0,0,0,0,0,0,0,0,0,0,0,0,0,0,0,0,0,0,0,0,0,0,0,0,0,0,0,0,0,0
499,0,0,0,0,0,0,0,0,0,0,0,0,0,0,0,0,0,0,0,0,0,0,0,0,0,0,0,0,0,0,0,0,0,0,0,0,0,0,0,0,0,0,0,0,0,0,0,0,0,0,0,0,0,0,0,0,0,0,0,0,0,0,0,0,0
500,0,0,0,0,0,0,0,0,0,0,0,0,0,0,0,0,0,0,0,0,0,0,0,0,0,0,0,0,0,0,0,0,0,0,0,0,0,0,0,0,0,0,0,0,0,0,0,0,0,0,0,0,0,0,0,0,0,0,0,0,0,0,0,0,0
501,0,0,0,0,0,0,0,0,0,0,0,0,0,0,0,0,0,0,0,0,0,0,0,0,0,0,0,0,0,0,0,0,0,0,0,0,0,0,0,0,0,0,0,0,0,0,0,0,0,0,0,0,0,0,0,0,0,0,0,0,0,0,0,0,0
502,0,0,0,0,0,0,0,0,0,0,0,0,0,0,0,0,0,0,0,0,0,0,0,0,0,0,0,0,0,0,0,0,0,0,0,0,0,0,0,0,0,0,0,0,0,0,0,0,0,0,0,0,0,0,0,0,0,0,0,0,0,0,0,0,0
503,0,0,0,0,0,0,0,0,0,0,0,0,0,0,0,0,0,0,0,0,0,0,0,0,0,0,0,0,0,0,0,0,0,0,0,0,0,0,0,0,0,0,0,0,0,0,0,0,0,0,0,0,0,0,0,0,0,0,0,0,0,0,0,0,0
504,0,0,0,0,0,0,0,0,0,0,0,0,0,0,0,0,0,0,0,0,0,0,0,0,0,0,0,0,0,0,0,0,0,0,0,0,0,0,0,0,0,0,0,0,0,0,0,0,0,0,0,0,0,0,0,0,0,0,0,0,0,0,0,0,0
505,0,0,0,0,0,0,0,0,0,0,0,0,0,0,0,0,0,0,0,0,0,0,0,0,0,0,0,0,0,0,0,0,0,0,0,0,0,0,0,0,0,0,0,0,0,0,0,0,0,0,0,0,0,0,0,0,0,0,0,0,0,0,0,0,0
506,0,0,0,0,0,0,0,0,0,0,0,0,0,0,0,0,0,0,0,0,0,0,0,0,0,0,0,0,0,0,0,0,0,0,0,0,0,0,0,0,0,0,0,0,0,0,0,0,0,0,0,0,0,0,0,0,0,0,0,0,0,0,0,0,0
507,0,0,0,0,0,0,0,0,0,0,0,0,0,0,0,0,0,0,0,0,0,0,0,0,0,0,0,0,0,0,0,0,0,0,0,0,0,0,0,0,0,0,0,0,0,0,0,0,0,0,0,0,0,0,0,0,0,0,0,0,0,0,0,0,0
508,0,0,0,0,0,0,0,0,0,0,0,0,0,0,0,0,0,0,0,0,0,0,0,0,0,0,0,0,0,0,0,0,0,0,0,0,0,0,0,0,0,0,0,0,0,0,0,0,0,0,0,0,0,0,0,0,0,0,0,0,0,0,0,0,0
509,0,0,0,0,0,0,0,0,0,0,0,0,0,0,0,0,0,0,0,0,0,0,0,0,0,0,0,0,0,0,0,0,0,0,0,0,0,0,0,0,0,0,0,0,0,0,0,0,0,0,0,0,0,0,0,0,0,0,0,0,0,0,0,0,0
510,0,0,0,0,0,0,0,0,0,0,0,0,0,0,0,0,0,0,0,0,0,0,0,0,0,0,0,0,0,0,0,0,0,0,0,0,0,0,0,0,0,0,0,0,0,0,0,0,0,0,0,0,0,0,0,0,0,0,0,0,0,0,0,0,0
511,0,0,0,0,0,0,0,0,0,0,0,0,0,0,0,0,0,0,0,0,0,0,0,0,0,0,0,0,0,0,0,0,0,0,0,0,0,0,0,0,0,0,0,0,0,0,0,0,0,0,0,0,0,0,0,0,0,0,0,0,0,0,0,0,0
512,0,0,0,0,0,0,0,0,0,0,0,0,0,0,0,0,0,0,0,0,0,0,0,0,0,0,0,0,0,0,0,0,0,0,0,0,0,0,0,0,0,0,0,0,0,0,0,0,0,0,0,0,0,0,0,0,0,0,0,0,0,0,0,0,0
513,0,0,0,0,0,0,0,0,0,0,0,0,0,0,0,0,0,0,0,0,0,0,0,0,0,0,0,0,0,0,0,0,0,0,0,0,0,0,0,0,0,0,0,0,0,0,0,0,0,0,0,0,0,0,0,0,0,0,0,0,0,0,0,0,0
514,0,0,0,0,0,0,0,0,0,0,0,0,0,0,0,0,0,0,0,0,0,0,0,0,0,0,0,0,0,0,0,0,0,0,0,0,0,0,0,0,0,0,0,0,0,0,0,0,0,0,0,0,0,0,0,0,0,0,0,0,0,0,0,0,0
515,0,0,0,0,0,0,0,0,0,0,0,0,0,0,0,0,0,0,0,0,0,0,0,0,0,0,0,0,0,0,0,0,0,0,0,0,0,0,0,0,0,0,0,0,0,0,0,0,0,0,0,0,0,0,0,0,0,0,0,0,0,0,0,0,0
516,0,0,0,0,0,0,0,0,0,0,0,0,0,0,0,0,0,0,0,0,0,0,0,0,0,0,0,0,0,0,0,0,0,0,0,0,0,0,0,0,0,0,0,0,0,0,0,0,0,0,0,0,0,0,0,0,0,0,0,0,0,0,0,0,0
517,0,0,0,0,0,0,0,0,0,0,0,0,0,0,0,0,0,0,0,0,0,0,0,0,0,0,0,0,0,0,0,0,0,0,0,0,0,0,0,0,0,0,0,0,0,0,0,0,0,0,0,0,0,0,0,0,0,0,0,0,0,0,0,0,0
518,0,0,0,0,0,0,0,0,0,0,0,0,0,0,0,0,0,0,0,0,0,0,0,0,0,0,0,0,0,0,0,0,0,0,0,0,0,0,0,0,0,0,0,0,0,0,0,0,0,0,0,0,0,0,0,0,0,0,0,0,0,0,0,0,0
519,0,0,0,0,0,0,0,0,0,0,0,0,0,0,0,0,0,0,0,0,0,0,0,0,0,0,0,0,0,0,0,0,0,0,0,0,0,0,0,0,0,0,0,0,0,0,0,0,0,0,0,0,0,0,0,0,0,0,0,0,0,0,0,0,0
520,0,0,0,0,0,0,0,0,0,0,0,0,0,0,0,0,0,0,0,0,0,0,0,0,0,0,0,0,0,0,0,0,0,0,0,0,0,0,0,0,0,0,0,0,0,0,0,0,0,0,0,0,0,0,0,0,0,0,0,0,0,0,0,0,0
521,0,0,0,0,0,0,0,0,0,0,0,0,0,0,0,0,0,0,0,0,0,0,0,0,0,0,0,0,0,0,0,0,0,0,0,0,0,0,0,0,0,0,0,0,0,0,0,0,0,0,0,0,0,0,0,0,0,0,0,0,0,0,0,0,0
522,0,0,0,0,0,0,0,0,0,0,0,0,0,0,0,0,0,0,0,0,0,0,0,0,0,0,0,0,0,0,0,0,0,0,0,0,0,0,0,0,0,0,0,0,0,0,0,0,0,0,0,0,0,0,0,0,0,0,0,0,0,0,0,0,0
523,0,0,0,0,0,0,0,0,0,0,0,0,0,0,0,0,0,0,0,0,0,0,0,0,0,0,0,0,0,0,0,0,0,0,0,0,0,0,0,0,0,0,0,0,0,0,0,0,0,0,0,0,0,0,0,0,0,0,0,0,0,0,0,0,0
524,0,0,0,0,0,0,0,0,0,0,0,0,0,0,0,0,0,0,0,0,0,0,0,0,0,0,0,0,0,0,0,0,0,0,0,0,0,0,0,0,0,0,0,0,0,0,0,0,0,0,0,0,0,0,0,0,0,0,0,0,0,0,0,0,0
525,0,0,0,0,0,0,0,0,0,0,0,0,0,0,0,0,0,0,0,0,0,0,0,0,0,0,0,0,0,0,0,0,0,0,0,0,0,0,0,0,0,0,0,0,0,0,0,0,0,0,0,0,0,0,0,0,0,0,0,0,0,0,0,0,0
526,0,0,0,0,0,0,0,0,0,0,0,0,0,0,0,0,0,0,0,0,0,0,0,0,0,0,0,0,0,0,0,0,0,0,0,0,0,0,0,0,0,0,0,0,0,0,0,0,0,0,0,0,0,0,0,0,0,0,0,0,0,0,0,0,0
527,0,0,0,0,0,0,0,0,0,0,0,0,0,0,0,0,0,0,0,0,0,0,0,0,0,0,0,0,0,0,0,0,0,0,0,0,0,0,0,0,0,0,0,0,0,0,0,0,0,0,0,0,0,0,0,0,0,0,0,0,0,0,0,0,0
528,0,0,0,0,0,0,0,0,0,0,0,0,0,0,0,0,0,0,0,0,0,0,0,0,0,0,0,0,0,0,0,0,0,0,0,0,0,0,0,0,0,0,0,0,0,0,0,0,0,0,0,0,0,0,0,0,0,0,0,0,0,0,0,0,0
529,0,0,0,0,0,0,0,0,0,0,0,0,0,0,0,0,0,0,0,0,0,0,0,0,0,0,0,0,0,0,0,0,0,0,0,0,0,0,0,0,0,0,0,0,0,0,0,0,0,0,0,0,0,0,0,0,0,0,0,0,0,0,0,0,0
530,0,0,0,0,0,0,0,0,0,0,0,0,0,0,0,0,0,0,0,0,0,0,0,0,0,0,0,0,0,0,0,0,0,0,0,0,0,0,0,0,0,0,0,0,0,0,0,0,0,0,0,0,0,0,0,0,0,0,0,0,0,0,0,0,0
531,0,0,0,0,0,0,0,0,0,0,0,0,0,0,0,0,0,0,0,0,0,0,0,0,0,0,0,0,0,0,0,0,0,0,0,0,0,0,0,0,0,0,0,0,0,0,0,0,0,0,0,0,0,0,0,0,0,0,0,0,0,0,0,0,0
532,0,0,0,0,0,0,0,0,0,0,0,0,0,0,0,0,0,0,0,0,0,0,0,0,0,0,0,0,0,0,0,0,0,0,0,0,0,0,0,0,0,0,0,0,0,0,0,0,0,0,0,0,0,0,0,0,0,0,0,0,0,0,0,0,0
533,0,0,0,0,0,0,0,0,0,0,0,0,0,0,0,0,0,0,0,0,0,0,0,0,0,0,0,0,0,0,0,0,0,0,0,0,0,0,0,0,0,0,0,0,0,0,0,0,0,0,0,0,0,0,0,0,0,0,0,0,0,0,0,0,0
534,0,0,0,0,0,0,0,0,0,0,0,0,0,0,0,0,0,0,0,0,0,0,0,0,0,0,0,0,0,0,0,0,0,0,0,0,0,0,0,0,0,0,0,0,0,0,0,0,0,0,0,0,0,0,0,0,0,0,0,0,0,0,0,0,0
535,0,0,0,0,0,0,0,0,0,0,0,0,0,0,0,0,0,0,0,0,0,0,0,0,0,0,0,0,0,0,0,0,0,0,0,0,0,0,0,0,0,0,0,0,0,0,0,0,0,0,0,0,0,0,0,0,0,0,0,0,0,0,0,0,0
536,0,0,0,0,0,0,0,0,0,0,0,0,0,0,0,0,0,0,0,0,0,0,0,0,0,0,0,0,0,0,0,0,0,0,0,0,0,0,0,0,0,0,0,0,0,0,0,0,0,0,0,0,0,0,0,0,0,0,0,0,0,0,0,0,0
537,0,0,0,0,0,0,0,0,0,0,0,0,0,0,0,0,0,0,0,0,0,0,0,0,0,0,0,0,0,0,0,0,0,0,0,0,0,0,0,0,0,0,0,0,0,0,0,0,0,0,0,0,0,0,0,0,0,0,0,0,0,0,0,0,0
538,0,0,0,0,0,0,0,0,0,0,0,0,0,0,0,0,0,0,0,0,0,0,0,0,0,0,0,0,0,0,0,0,0,0,0,0,0,0,0,0,0,0,0,0,0,0,0,0,0,0,0,0,0,0,0,0,0,0,0,0,0,0,0,0,0
539,0,0,0,0,0,0,0,0,0,0,0,0,0,0,0,0,0,0,0,0,0,0,0,0,0,0,0,0,0,0,0,0,0,0,0,0,0,0,0,0,0,0,0,0,0,0,0,0,0,0,0,0,0,0,0,0,0,0,0,0,0,0,0,0,0
540,0,0,0,0,0,0,0,0,0,0,0,0,0,0,0,0,0,0,0,0,0,0,0,0,0,0,0,0,0,0,0,0,0,0,0,0,0,0,0,0,0,0,0,0,0,0,0,0,0,0,0,0,0,0,0,0,0,0,0,0,0,0,0,0,0
541,0,0,0,0,0,0,0,0,0,0,0,0,0,0,0,0,0,0,0,0,0,0,0,0,0,0,0,0,0,0,0,0,0,0,0,0,0,0,0,0,0,0,0,0,0,0,0,0,0,0,0,0,0,0,0,0,0,0,0,0,0,0,0,0,0
542,0,0,0,0,0,0,0,0,0,0,0,0,0,0,0,0,0,0,0,0,0,0,0,0,0,0,0,0,0,0,0,0,0,0,0,0,0,0,0,0,0,0,0,0,0,0,0,0,0,0,0,0,0,0,0,0,0,0,0,0,0,0,0,0,0
543,0,0,0,0,0,0,0,0,0,0,0,0,0,0,0,0,0,0,0,0,0,0,0,0,0,0,0,0,0,0,0,0,0,0,0,0,0,0,0,0,0,0,0,0,0,0,0,0,0,0,0,0,0,0,0,0,0,0,0,0,0,0,0,0,0
544,0,0,0,0,0,0,0,0,0,0,0,0,0,0,0,0,0,0,0,0,0,0,0,0,0,0,0,0,0,0,0,0,0,0,0,0,0,0,0,0,0,0,0,0,0,0,0,0,0,0,0,0,0,0,0,0,0,0,0,0,0,0,0,0,0
545,0,0,0,0,0,0,0,0,0,0,0,0,0,0,0,0,0,0,0,0,0,0,0,0,0,0,0,0,0,0,0,0,0,0,0,0,0,0,0,0,0,0,0,0,0,0,0,0,0,0,0,0,0,0,0,0,0,0,0,0,0,0,0,0,0
546,0,0,0,0,0,0,0,0,0,0,0,0,0,0,0,0,0,0,0,0,0,0,0,0,0,0,0,0,0,0,0,0,0,0,0,0,0,0,0,0,0,0,0,0,0,0,0,0,0,0,0,0,0,0,0,0,0,0,0,0,0,0,0,0,0
547,0,0,0,0,0,0,0,0,0,0,0,0,0,0,0,0,0,0,0,0,0,0,0,0,0,0,0,0,0,0,0,0,0,0,0,0,0,0,0,0,0,0,0,0,0,0,0,0,0,0,0,0,0,0,0,0,0,0,0,0,0,0,0,0,0
548,0,0,0,0,0,0,0,0,0,0,0,0,0,0,0,0,0,0,0,0,0,0,0,0,0,0,0,0,0,0,0,0,0,0,0,0,0,0,0,0,0,0,0,0,0,0,0,0,0,0,0,0,0,0,0,0,0,0,0,0,0,0,0,0,0
549,0,0,0,0,0,0,0,0,0,0,0,0,0,0,0,0,0,0,0,0,0,0,0,0,0,0,0,0,0,0,0,0,0,0,0,0,0,0,0,0,0,0,0,0,0,0,0,0,0,0,0,0,0,0,0,0,0,0,0,0,0,0,0,0,0
550,0,0,0,0,0,0,0,0,0,0,0,0,0,0,0,0,0,0,0,0,0,0,0,0,0,0,0,0,0,0,0,0,0,0,0,0,0,0,0,0,0,0,0,0,0,0,0,0,0,0,0,0,0,0,0,0,0,0,0,0,0,0,0,0,0
551,0,0,0,0,0,0,0,0,0,0,0,0,0,0,0,0,0,0,0,0,0,0,0,0,0,0,0,0,0,0,0,0,0,0,0,0,0,0,0,0,0,0,0,0,0,0,0,0,0,0,0,0,0,0,0,0,0,0,0,0,0,0,0,0,0
552,0,0,0,0,0,0,0,0,0,0,0,0,0,0,0,0,0,0,0,0,0,0,0,0,0,0,0,0,0,0,0,0,0,0,0,0,0,0,0,0,0,0,0,0,0,0,0,0,0,0,0,0,0,0,0,0,0,0,0,0,0,0,0,0,0
553,0,0,0,0,0,0,0,0,0,0,0,0,0,0,0,0,0,0,0,0,0,0,0,0,0,0,0,0,0,0,0,0,0,0,0,0,0,0,0,0,0,0,0,0,0,0,0,0,0,0,0,0,0,0,0,0,0,0,0,0,0,0,0,0,0
554,0,0,0,0,0,0,0,0,0,0,0,0,0,0,0,0,0,0,0,0,0,0,0,0,0,0,0,0,0,0,0,0,0,0,0,0,0,0,0,0,0,0,0,0,0,0,0,0,0,0,0,0,0,0,0,0,0,0,0,0,0,0,0,0,0
555,0,0,0,0,0,0,0,0,0,0,0,0,0,0,0,0,0,0,0,0,0,0,0,0,0,0,0,0,0,0,0,0,0,0,0,0,0,0,0,0,0,0,0,0,0,0,0,0,0,0,0,0,0,0,0,0,0,0,0,0,0,0,0,0,0
556,0,0,0,0,0,0,0,0,0,0,0,0,0,0,0,0,0,0,0,0,0,0,0,0,0,0,0,0,0,0,0,0,0,0,0,0,0,0,0,0,0,0,0,0,0,0,0,0,0,0,0,0,0,0,0,0,0,0,0,0,0,0,0,0,0
557,0,0,0,0,0,0,0,0,0,0,0,0,0,0,0,0,0,0,0,0,0,0,0,0,0,0,0,0,0,0,0,0,0,0,0,0,0,0,0,0,0,0,0,0,0,0,0,0,0,0,0,0,0,0,0,0,0,0,0,0,0,0,0,0,0
558,0,0,0,0,0,0,0,0,0,0,0,0,0,0,0,0,0,0,0,0,0,0,0,0,0,0,0,0,0,0,0,0,0,0,0,0,0,0,0,0,0,0,0,0,0,0,0,0,0,0,0,0,0,0,0,0,0,0,0,0,0,0,0,0,0
559,0,0,0,0,0,0,0,0,0,0,0,0,0,0,0,0,0,0,0,0,0,0,0,0,0,0,0,0,0,0,0,0,0,0,0,0,0,0,0,0,0,0,0,0,0,0,0,0,0,0,0,0,0,0,0,0,0,0,0,0,0,0,0,0,0
560,0,0,0,0,0,0,0,0,0,0,0,0,0,0,0,0,0,0,0,0,0,0,0,0,0,0,0,0,0,0,0,0,0,0,0,0,0,0,0,0,0,0,0,0,0,0,0,0,0,0,0,0,0,0,0,0,0,0,0,0,0,0,0,0,0
561,0,0,0,0,0,0,0,0,0,0,0,0,0,0,0,0,0,0,0,0,0,0,0,0,0,0,0,0,0,0,0,0,0,0,0,0,0,0,0,0,0,0,0,0,0,0,0,0,0,0,0,0,0,0,0,0,0,0,0,0,0,0,0,0,0
562,0,0,0,0,0,0,0,0,0,0,0,0,0,0,0,0,0,0,0,0,0,0,0,0,0,0,0,0,0,0,0,0,0,0,0,0,0,0,0,0,0,0,0,0,0,0,0,0,0,0,0,0,0,0,0,0,0,0,0,0,0,0,0,0,0
563,0,0,0,0,0,0,0,0,0,0,0,0,0,0,0,0,0,0,0,0,0,0,0,0,0,0,0,0,0,0,0,0,0,0,0,0,0,0,0,0,0,0,0,0,0,0,0,0,0,0,0,0,0,0,0,0,0,0,0,0,0,0,0,0,0
564,0,0,0,0,0,0,0,0,0,0,0,0,0,0,0,0,0,0,0,0,0,0,0,0,0,0,0,0,0,0,0,0,0,0,0,0,0,0,0,0,0,0,0,0,0,0,0,0,0,0,0,0,0,0,0,0,0,0,0,0,0,0,0,0,0
565,0,0,0,0,0,0,0,0,0,0,0,0,0,0,0,0,0,0,0,0,0,0,0,0,0,0,0,0,0,0,0,0,0,0,0,0,0,0,0,0,0,0,0,0,0,0,0,0,0,0,0,0,0,0,0,0,0,0,0,0,0,0,0,0,0
566,0,0,0,0,0,0,0,0,0,0,0,0,0,0,0,0,0,0,0,0,0,0,0,0,0,0,0,0,0,0,0,0,0,0,0,0,0,0,0,0,0,0,0,0,0,0,0,0,0,0,0,0,0,0,0,0,0,0,0,0,0,0,0,0,0
567,0,0,0,0,0,0,0,0,0,0,0,0,0,0,0,0,0,0,0,0,0,0,0,0,0,0,0,0,0,0,0,0,0,0,0,0,0,0,0,0,0,0,0,0,0,0,0,0,0,0,0,0,0,0,0,0,0,0,0,0,0,0,0,0,0
568,0,0,0,0,0,0,0,0,0,0,0,0,0,0,0,0,0,0,0,0,0,0,0,0,0,0,0,0,0,0,0,0,0,0,0,0,0,0,0,0,0,0,0,0,0,0,0,0,0,0,0,0,0,0,0,0,0,0,0,0,0,0,0,0,0
569,0,0,0,0,0,0,0,0,0,0,0,0,0,0,0,0,0,0,0,0,0,0,0,0,0,0,0,0,0,0,0,0,0,0,0,0,0,0,0,0,0,0,0,0,0,0,0,0,0,0,0,0,0,0,0,0,0,0,0,0,0,0,0,0,0
570,0,0,0,0,0,0,0,0,0,0,0,0,0,0,0,0,0,0,0,0,0,0,0,0,0,0,0,0,0,0,0,0,0,0,0,0,0,0,0,0,0,0,0,0,0,0,0,0,0,0,0,0,0,0,0,0,0,0,0,0,0,0,0,0,0
571,0,0,0,0,0,0,0,0,0,0,0,0,0,0,0,0,0,0,0,0,0,0,0,0,0,0,0,0,0,0,0,0,0,0,0,0,0,0,0,0,0,0,0,0,0,0,0,0,0,0,0,0,0,0,0,0,0,0,0,0,0,0,0,0,0
572,0,0,0,0,0,0,0,0,0,0,0,0,0,0,0,0,0,0,0,0,0,0,0,0,0,0,0,0,0,0,0,0,0,0,0,0,0,0,0,0,0,0,0,0,0,0,0,0,0,0,0,0,0,0,0,0,0,0,0,0,0,0,0,0,0
573,0,0,0,0,0,0,0,0,0,0,0,0,0,0,0,0,0,0,0,0,0,0,0,0,0,0,0,0,0,0,0,0,0,0,0,0,0,0,0,0,0,0,0,0,0,0,0,0,0,0,0,0,0,0,0,0,0,0,0,0,0,0,0,0,0
574,0,0,0,0,0,0,0,0,0,0,0,0,0,0,0,0,0,0,0,0,0,0,0,0,0,0,0,0,0,0,0,0,0,0,0,0,0,0,0,0,0,0,0,0,0,0,0,0,0,0,0,0,0,0,0,0,0,0,0,0,0,0,0,0,0
575,0,0,0,0,0,0,0,0,0,0,0,0,0,0,0,0,0,0,0,0,0,0,0,0,0,0,0,0,0,0,0,0,0,0,0,0,0,0,0,0,0,0,0,0,0,0,0,0,0,0,0,0,0,0,0,0,0,0,0,0,0,0,0,0,0
576,0,0,0,0,0,0,0,0,0,0,0,0,0,0,0,0,0,0,0,0,0,0,0,0,0,0,0,0,0,0,0,0,0,0,0,0,0,0,0,0,0,0,0,0,0,0,0,0,0,0,0,0,0,0,0,0,0,0,0,0,0,0,0,0,0
577,0,0,0,0,0,0,0,0,0,0,0,0,0,0,0,0,0,0,0,0,0,0,0,0,0,0,0,0,0,0,0,0,0,0,0,0,0,0,0,0,0,0,0,0,0,0,0,0,0,0,0,0,0,0,0,0,0,0,0,0,0,0,0,0,0
578,0,0,0,0,0,0,0,0,0,0,0,0,0,0,0,0,0,0,0,0,0,0,0,0,0,0,0,0,0,0,0,0,0,0,0,0,0,0,0,0,0,0,0,0,0,0,0,0,0,0,0,0,0,0,0,0,0,0,0,0,0,0,0,0,0
579,0,0,0,0,0,0,0,0,0,0,0,0,0,0,0,0,0,0,0,0,0,0,0,0,0,0,0,0,0,0,0,0,0,0,0,0,0,0,0,0,0,0,0,0,0,0,0,0,0,0,0,0,0,0,0,0,0,0,0,0,0,0,0,0,0
580,0,0,0,0,0,0,0,0,0,0,0,0,0,0,0,0,0,0,0,0,0,0,0,0,0,0,0,0,0,0,0,0,0,0,0,0,0,0,0,0,0,0,0,0,0,0,0,0,0,0,0,0,0,0,0,0,0,0,0,0,0,0,0,0,0
581,0,0,0,0,0,0,0,0,0,0,0,0,0,0,0,0,0,0,0,0,0,0,0,0,0,0,0,0,0,0,0,0,0,0,0,0,0,0,0,0,0,0,0,0,0,0,0,0,0,0,0,0,0,0,0,0,0,0,0,0,0,0,0,0,0
582,0,0,0,0,0,0,0,0,0,0,0,0,0,0,0,0,0,0,0,0,0,0,0,0,0,0,0,0,0,0,0,0,0,0,0,0,0,0,0,0,0,0,0,0,0,0,0,0,0,0,0,0,0,0,0,0,0,0,0,0,0,0,0,0,0
583,0,0,0,0,0,0,0,0,0,0,0,0,0,0,0,0,0,0,0,0,0,0,0,0,0,0,0,0,0,0,0,0,0,0,0,0,0,0,0,0,0,0,0,0,0,0,0,0,0,0,0,0,0,0,0,0,0,0,0,0,0,0,0,0,0
584,0,0,0,0,0,0,0,0,0,0,0,0,0,0,0,0,0,0,0,0,0,0,0,0,0,0,0,0,0,0,0,0,0,0,0,0,0,0,0,0,0,0,0,0,0,0,0,0,0,0,0,0,0,0,0,0,0,0,0,0,0,0,0,0,0
585,0,0,0,0,0,0,0,0,0,0,0,0,0,0,0,0,0,0,0,0,0,0,0,0,0,0,0,0,0,0,0,0,0,0,0,0,0,0,0,0,0,0,0,0,0,0,0,0,0,0,0,0,0,0,0,0,0,0,0,0,0,0,0,0,0
586,0,0,0,0,0,0,0,0,0,0,0,0,0,0,0,0,0,0,0,0,0,0,0,0,0,0,0,0,0,0,0,0,0,0,0,0,0,0,0,0,0,0,0,0,0,0,0,0,0,0,0,0,0,0,0,0,0,0,0,0,0,0,0,0,0
587,0,0,0,0,0,0,0,0,0,0,0,0,0,0,0,0,0,0,0,0,0,0,0,0,0,0,0,0,0,0,0,0,0,0,0,0,0,0,0,0,0,0,0,0,0,0,0,0,0,0,0,0,0,0,0,0,0,0,0,0,0,0,0,0,0
588,0,0,0,0,0,0,0,0,0,0,0,0,0,0,0,0,0,0,0,0,0,0,0,0,0,0,0,0,0,0,0,0,0,0,0,0,0,0,0,0,0,0,0,0,0,0,0,0,0,0,0,0,0,0,0,0,0,0,0,0,0,0,0,0,0
589,0,0,0,0,0,0,0,0,0,0,0,0,0,0,0,0,0,0,0,0,0,0,0,0,0,0,0,0,0,0,0,0,0,0,0,0,0,0,0,0,0,0,0,0,0,0,0,0,0,0,0,0,0,0,0,0,0,0,0,0,0,0,0,0,0
590,0,0,0,0,0,0,0,0,0,0,0,0,0,0,0,0,0,0,0,0,0,0,0,0,0,0,0,0,0,0,0,0,0,0,0,0,0,0,0,0,0,0,0,0,0,0,0,0,0,0,0,0,0,0,0,0,0,0,0,0,0,0,0,0,0
591,0,0,0,0,0,0,0,0,0,0,0,0,0,0,0,0,0,0,0,0,0,0,0,0,0,0,0,0,0,0,0,0,0,0,0,0,0,0,0,0,0,0,0,0,0,0,0,0,0,0,0,0,0,0,0,0,0,0,0,0,0,0,0,0,0
592,0,0,0,0,0,0,0,0,0,0,0,0,0,0,0,0,0,0,0,0,0,0,0,0,0,0,0,0,0,0,0,0,0,0,0,0,0,0,0,0,0,0,0,0,0,0,0,0,0,0,0,0,0,0,0,0,0,0,0,0,0,0,0,0,0
593,0,0,0,0,0,0,0,0,0,0,0,0,0,0,0,0,0,0,0,0,0,0,0,0,0,0,0,0,0,0,0,0,0,0,0,0,0,0,0,0,0,0,0,0,0,0,0,0,0,0,0,0,0,0,0,0,0,0,0,0,0,0,0,0,0
594,0,0,0,0,0,0,0,0,0,0,0,0,0,0,0,0,0,0,0,0,0,0,0,0,0,0,0,0,0,0,0,0,0,0,0,0,0,0,0,0,0,0,0,0,0,0,0,0,0,0,0,0,0,0,0,0,0,0,0,0,0,0,0,0,0
595,0,0,0,0,0,0,0,0,0,0,0,0,0,0,0,0,0,0,0,0,0,0,0,0,0,0,0,0,0,0,0,0,0,0,0,0,0,0,0,0,0,0,0,0,0,0,0,0,0,0,0,0,0,0,0,0,0,0,0,0,0,0,0,0,0
596,0,0,0,0,0,0,0,0,0,0,0,0,0,0,0,0,0,0,0,0,0,0,0,0,0,0,0,0,0,0,0,0,0,0,0,0,0,0,0,0,0,0,0,0,0,0,0,0,0,0,0,0,0,0,0,0,0,0,0,0,0,0,0,0,0
597,0,0,0,0,0,0,0,0,0,0,0,0,0,0,0,0,0,0,0,0,0,0,0,0,0,0,0,0,0,0,0,0,0,0,0,0,0,0,0,0,0,0,0,0,0,0,0,0,0,0,0,0,0,0,0,0,0,0,0,0,0,0,0,0,0
598,0,0,0,0,0,0,0,0,0,0,0,0,0,0,0,0,0,0,0,0,0,0,0,0,0,0,0,0,0,0,0,0,0,0,0,0,0,0,0,0,0,0,0,0,0,0,0,0,0,0,0,0,0,0,0,0,0,0,0,0,0,0,0,0,0
599,0,0,0,0,0,0,0,0,0,0,0,0,0,0,0,0,0,0,0,0,0,0,0,0,0,0,0,0,0,0,0,0,0,0,0,0,0,0,0,0,0,0,0,0,0,0,0,0,0,0,0,0,0,0,0,0,0,0,0,0,0,0,0,0,0
