-48 0 0 0 0 0 0 0 0 0 0 0 0 0 0 0 0 0 0 0 0 0 0 0 0 0 0 0 0 0 0 0
68 -65 0 0 0 0 0 0 0 0 0 0 0 0 0 0 0 0 0 0 0 0 0 0 0 0 0 0 0 0 0 0
41 5 -71 0 0 0 0 0 0 0 0 0 0 0 0 0 0 0 0 0 0 0 0 0 0 0 0 0 0 0 0 0
-125 -103 119 -99 0 0 0 0 0 0 0 0 0 0 0 0 0 0 0 0 0 0 0 0 0 0 0 0 0 0 0 0
-33 14 -94 -2 1 0 0 0 0 0 0 0 0 0 0 0 0 0 0 0 0 0 0 0 0 0 0 0 0 0 0 0
86 -57 -126 -55 40 -4 0 0 0 0 0 0 0 0 0 0 0 0 0 0 0 0 0 0 0 0 0 0 0 0 0 0
-33 -19 -61 -99 9 70 82 0 0 0 0 0 0 0 0 0 0 0 0 0 0 0 0 0 0 0 0 0 0 0 0 0
8 -81 118 29 18 -46 -107 -69 0 0 0 0 0 0 0 0 0 0 0 0 0 0 0 0 0 0 0 0 0 0 0 0
-87 101 -93 72 -28 -91 75 28 64 0 0 0 0 0 0 0 0 0 0 0 0 0 0 0 0 0 0 0 0 0 0 0
-91 -80 15 -11 -100 -67 45 13 3 -42 0 0 0 0 0 0 0 0 0 0 0 0 0 0 0 0 0 0 0 0 0 0
89 43 -37 26 84 45 -25 -83 102 -105 72 0 0 0 0 0 0 0 0 0 0 0 0 0 0 0 0 0 0 0 0 0
-17 61 34 -89 -89 32 41 68 24 9 72 -57 0 0 0 0 0 0 0 0 0 0 0 0 0 0 0 0 0 0 0 0
-98 -27 -84 81 -115 3 55 -34 9 -8 80 -109 -39 0 0 0 0 0 0 0 0 0 0 0 0 0 0 0 0 0 0 0
36 15 -14 50 -73 4 57 54 97 -9 -82 -124 117 94 0 0 0 0 0 0 0 0 0 0 0 0 0 0 0 0 0 0
-34 76 -54 -99 -93 -76 -32 -118 -52 97 -111 12 34 75 -30 0 0 0 0 0 0 0 0 0 0 0 0 0 0 0 0 0
-42 -70 50 55 -66 76 85 -19 -125 51 111 -79 -75 -121 -78 -84 0 0 0 0 0 0 0 0 0 0 0 0 0 0 0 0
109 -53 84 -67 -5 -75 61 -92 -24 94 80 -10 63 -83 -113 74 48 0 0 0 0 0 0 0 0 0 0 0 0 0 0 0
54 -106 64 2 40 -7 -11 119 54 -30 -82 59 36 84 -96 121 58 105 0 0 0 0 0 0 0 0 0 0 0 0 0 0
113 67 -18 7 114 -125 -90 48 85 59 103 22 72 -37 -50 -110 -90 92 -12 0 0 0 0 0 0 0 0 0 0 0 0 0
95 6 -31 -57 -83 -103 -46 15 100 90 -14 -85 -61 120 -44 -82 -115 75 -108 -53 0 0 0 0 0 0 0 0 0 0 0 0
47 116 29 -77 -95 45 -117 -121 30 -37 55 120 81 65 14 -95 -35 4 96 108 15 0 0 0 0 0 0 0 0 0 0 0
-60 -99 20 41 -70 -1 85 -127 -97 46 119 66 -76 -40 -31 18 -103 -7 -105 -37 -12 35 0 0 0 0 0 0 0 0 0 0
16 -21 51 -47 51 -94 -19 -63 -80 -63 64 -22 -114 104 -35 -109 0 108 -115 -66 94 -36 -105 0 0 0 0 0 0 0 0 0
42 -92 -50 -87 84 5 59 -28 -34 -15 -33 26 -42 -18 -109 46 100 -73 107 100 -74 -76 -35 53 0 0 0 0 0 0 0 0
72 4 -62 125 86 92 41 -107 -84 -109 48 -64 -13 0 -124 12 92 -66 94 -109 -83 74 -47 72 -83 0 0 0 0 0 0 0
46 33 103 76 -51 64 -43 -66 56 -121 115 10 118 -19 66 17 -36 -2 -30 97 47 53 55 -28 -45 85 0 0 0 0 0 0
68 48 64 11 91 -101 -40 121 30 -91 0 -9 -47 -51 -50 111 111 11 -19 -71 -30 85 -111 -59 83 -75 -36 0 0 0 0 0
104 65 7 -12 24 -72 -40 109 -45 121 -64 -37 -81 -98 93 67 -28 -16 -80 -81 -33 56 -22 -81 114 -121 112 -115 0 0 0 0
-50 -26 32 -118 -13 118 17 27 -80 -65 -25 113 2 -82 35 -125 -92 125 -59 -27 86 -21 -20 -95 -66 40 -21 -5 -94 0 0 0
82 50 55 11 15 68 86 20 -56 77 -61 62 19 -111 -99 -14 -35 -38 48 24 92 -36 -40 -79 120 50 -114 -83 -43 38 0 0
-121 -49 -123 34 -34 -88 14 67 85 117 97 30 -28 -4 -63 99 -109 -93 125 -34 -79 -29 53 76 98 -61 -85 124 -69 -46 -58 0
-78 8 -3 110 -17 -91 11 -9 37 -34 63 -14 69 27 -27 58 123 -18 -113 78 59 -73 108 25 13 60 14 -60 -30 -6 -119 -20
-62 107 110 -67 54 97 19 56 -35 122 -22 52 -106 106 50 -9 -18 117 53 -107 31 71 71 79 -87 16 -15 79 -4 -100 -107 -124
-91 10 113 -77 65 121 -58 51 46 14 2 -44 -81 -29 70 82 -43 -98 84 121 -66 78 57 23 16 -125 16 53 33 84 72 28
64 -83 -58 71 115 89 -42 -68 100 -83 -119 12 8 114 -111 -125 -76 -50 86 -28 -94 -45 122 121 111 109 -7 -13 71 -86 75 80
-123 119 14 72 79 23 -102 58 51 -94 -41 -55 -107 18 -25 -42 49 -79 74 -36 61 -96 28 -88 -52 -47 71 -51 -9 6 86 106
-123 52 -126 -85 -49 102 -38 35 -106 100 71 13 -102 69 121 -107 5 -86 62 53 117 103 -52 -124 -54 -125 12 -81 -33 -76 -58 65
-70 66 -88 59 -12 109 6 -20 -71 -54 -51 60 -101 49 71 -110 -13 -67 -104 -28 71 97 -63 107 109 73 -47 11 -61 -115 117 -42
46 47 -18 11 37 -43 -35 -110 119 79 -38 111 109 105 111 64 18 -71 -39 -84 60 93 26 23 127 13 -82 -23 -13 -97 -23 84
119 76 75 24 -50 -4 108 63 19 91 63 -49 73 84 81 -22 -60 -3 -23 6 1 -2 63 35 95 -2 79 104 -96 -53 -52 -110
109 53 45 -48 -110 120 -124 -44 -36 116 -119 4 38 -93 -75 -78 17 -2 -126 75 53 114 123 -24 63 0 81 51 -21 -120 -30 -120
85 -116 112 -107 59 -101 113 41 33 -106 -77 46 79 105 34 12 -67 105 -85 -52 -33 -47 -13 -10 62 -53 120 123 48 42 -41 -1
91 13 -49 -56 -50 100 -104 -22 45 -125 98 66 -90 -86 106 -112 62 115 -60 54 96 91 -33 54 80 -56 71 -77 6 39 18 102
65 -89 52 -82 -58 101 6 -99 2 -19 -24 -108 -125 -17 102 -9 82 -32 -115 60 105 106 42 17 52 -74 -25 28 63 115 96 -28
33 -60 -51 -20 115 92 22 -33 11 35 -17 -41 -95 110 -115 45 49 18 66 12 125 -28 72 -18 -69 -92 -9 -51 25 99 13 -61
75 -25 122 43 36 -96 -124 -98 40 112 45 -94 44 15 118 -121 39 1 -90 86 29 -18 -5 51 48 97 79 5 -18 61 116 103
125 109 -50 -57 -24 72 32 -34 -105 77 18 -79 -41 -17 7 -39 11 122 -50 114 -23 -43 3 62 10 -101 39 105 9 -109 -23 111
-123 91 82 28 -117 -37 -84 -13 107 -123 23 -5 -5 -115 -41 88 100 74 126 -92 43 -80 -44 93 86 75 0 -74 -90 34 75 -97
-59 -105 48 -88 -110 -114 -13 -45 90 17 -65 52 0 -93 -121 -37 -38 -74 97 118 -33 -96 -88 -108 -103 -35 14 72 -2 44 -30 2
-118 -20 -45 37 -97 55 -22 31 -81 78 -94 93 -124 -16 -22 -96 -93 -78 -79 103 65 -100 -121 24 -97 -107 124 -102 33 48 -46 -92
-82 6 39 -114 75 -55 33 83 -126 -4 -14 -4 -69 37 -11 92 -105 25 -118 -100 50 -106 -30 87 50 -120 12 73 -81 -52 37 87
-26 -48 80 -93 -118 36 86 -12 -24 -11 -48 -2 6 94 42 4 -56 49 -32 -49 -90 119 11 -93 87 95 -104 -74 90 -98 -93 -80
-21 -70 -21 -39 -25 -97 -68 -117 -22 3 -46 -52 -38 -92 -46 101 -95 32 72 127 -91 -100 -61 110 60 -82 68 75 -127 12 -72 -30
116 -7 47 -84 108 -84 13 77 -47 127 0 -38 -108 -67 -29 110 -84 78 68 114 -42 -69 -96 -87 102 103 61 -40 39 0 112 -9
7 44 -36 15 19 4 15 -1 -32 97 15 -120 117 18 69 103 114 97 108 -19 111 8 -40 115 29 37 -66 -110 -85 -95 -127 1
43 34 79 86 -119 -79 101 83 22 126 -66 61 93 -86 54 116 39 125 -3 120 -3 -81 120 75 -87 37 115 -41 -57 -111 -86 45
-57 0 -57 -9 111 -115 126 -94 94 -91 -120 75 -117 114 -97 -116 -67 -48 -76 120 -86 -57 37 115 -24 -92 119 -38 46 106 104 15
-37 17 122 7 -101 19 23 -40 -45 102 39 7 103 36 101 -67 -16 -26 -62 -63 -86 32 -89 98 -12 -65 -25 56 51 -20 -88 83
33 125 -25 -96 -87 94 53 33 -70 33 32 10 -21 8 15 116 -26 25 -14 8 -89 -99 124 48 48 62 -107 -92 109 91 83 -40
68 32 -60 102 88 -10 -106 120 9 -37 4 104 -97 43 -77 53 43 -72 -68 46 15 125 101 51 -37 -99 102 -24 -21 80 -70 -3
-101 18 121 111 5 -122 100 -81 46 3 7 44 -99 43 -70 -71 -66 9 86 116 68 63 81 19 -3 -91 37 18 126 118 -112 77
-62 -82 -63 -84 13 81 -54 -73 -35 -48 94 -34 -30 63 -29 -47 4 -80 -109 100 -53 -36 -37 -125 115 -124 60 -105 -36 102 -2 -84
13 34 7 -64 -19 -47 -24 110 -121 105 56 -55 41 76 -122 77 -42 36 -34 12 -45 86 55 -48 42 84 -108 -47 -90 28 -49 -41
40 33 -21 -67 12 110 -43 -6 116 -44 48 70 -12 -50 -97 90 94 46 19 122 27 0 116 1 65 -57 32 85 74 93 75 79
55 -69 -113 -42 58 -10 -91 -105 1 67 18 30 101 127 -6 -48 -101 98 -94 -104 15 101 -114 -18 77 -69 27 -84 67 4 -1 12
-5 96 43 63 5 -70 41 91 -31 80 7 109 -126 -97 25 116 66 99 36 -44 -87 63 -16 -114 -94 -21 -118 28 -73 89 -105 -84
88 75 36 92 -113 -119 -115 -86 92 50 81 -99 43 15 -75 -3 108 113 -100 -93 -11 -79 113 -70 114 13 67 -121 108 -48 -60 14
31 -27 -81 106 -5 -97 -108 53 -11 -61 -4 94 -94 105 -81 -15 -17 15 58 5 -17 72 82 -41 -103 29 110 -79 -16 54 5 62
-81 -31 90 -103 -7 -62 -21 21 -28 60 -68 79 -97 -121 -50 -101 112 88 -52 -68 41 -60 -106 97 43 -83 81 38 114 74 95 -15
-5 -53 -76 -17 3 65 -119 28 -1 65 -78 59 78 35 -47 40 71 -94 96 -75 -126 -72 55 91 46 -78 -26 50 12 -103 -52 -113
-17 11 -79 94 78 45 113 6 -118 -111 -79 81 -92 73 -19 -51 -75 -101 -97 -57 117 -92 -16 -11 98 -92 -68 -80 -78 103 106 81
46 -62 8 53 -97 122 -14 -43 -9 -71 -116 -93 83 -79 108 -56 -70 -114 85 60 36 93 70 -74 68 21 -118 127 -78 63 -92 -112
-109 -101 -113 90 120 34 29 52 77 -6 71 92 -34 36 51 -91 112 -43 21 13 11 -39 -105 -3 -48 -2 -113 119 112 -47 -27 -100
-60 110 -102 49 -19 -101 -121 30 96 115 -63 33 -46 -33 -80 -21 -98 120 31 -15 55 100 -108 -51 60 -23 47 5 -50 -69 -84 73
-125 -92 69 32 34 -6 -97 89 -125 116 90 3 -121 -61 17 71 -120 93 30 -55 123 17 -122 -47 -55 23 -110 -122 -26 7 -113 -69
-8 -33 -49 -8 -118 -89 23 44 16 7 -29 45 126 5 5 -56 -55 108 23 -1 -83 -71 -53 -101 54 -40 -25 77 -9 17 12 -99
-105 -126 -100 59 91 -46 -102 -9 -96 22 -28 -32 9 74 90 60 67 8 50 34 103 -81 -37 59 -121 100 -25 119 -85 28 72 -42
100 24 14 -17 -61 -65 -23 -16 10 116 100 -117 -94 -91 37 -3 -75 -5 25 114 119 -43 -51 -82 -118 -79 -38 -34 47 -39 -98 19
-29 -10 99 -115 -21 56 -23 12 69 -110 30 53 32 101 -41 -1 125 52 -118 7 -87 64 -113 81 26 -7 -32 -109 65 -12 -54 27
38 31 37 115 -104 -8 -77 77 74 48 -52 -110 -37 -69 116 1 108 -9 78 34 -22 -27 55 120 72 -37 -95 72 60 -68 108 29
122 69 -88 -90 -118 -59 5 29 -96 -40 89 39 -3 -111 122 69 66 -41 -48 48 86 -120 117 71 98 73 24 78 -68 37 -118 -27
-91 -14 -92 27 15 -67 -94 -4 85 95 -104 -77 26 -65 -3 12 -19 -65 -95 -4 90 -124 88 -15 -11 -72 -55 5 37 -95 -16 125
66 -73 -32 18 -92 -26 8 119 -38 2 105 -11 98 -117 0 -124 -49 -36 -85 9 -71 19 96 81 -19 -119 60 40 42 -2 121 3
-75 -16 17 -107 57 -3 -88 -80 -41 -112 -122 -18 51 -17 10 -112 61 -90 92 28 -75 -56 105 -3 76 38 114 -101 112 -26 -120 -81
-111 -62 46 28 124 -50 119 9 -16 -109 117 31 37 38 4 3 35 -6 -6 -120 -28 77 86 17 -99 -18 120 4 -126 -12 92 33
16 -106 39 -32 1 -58 -16 -124 -75 76 -98 -97 -74 66 -82 -30 -66 62 -29 24 27 31 -36 98 -74 -82 -97 -42 -62 -54 -98 -22
35 92 116 -121 -123 -75 80 -105 113 118 93 -79 -100 -40 -121 89 27 -57 123 105 -63 80 -23 -77 40 103 75 -116 -50 -8 -64 62
-12 -65 -103 30 88 -7 -55 99 -9 -10 70 -2 43 7 40 48 8 -9 -67 9 86 18 -65 69 -57 -100 106 46 -1 79 -4 -123
29 63 -10 -95 -47 39 -18 55 118 -12 69 -10 29 16 102 17 11 -73 42 4 -66 111 -82 -46 101 26 110 -60 -51 -71 -73 91
-77 70 11 -14 -66 16 -96 -111 -15 47 14 -103 -62 -41 52 9 -123 75 -50 118 -67 -89 52 -3 -103 89 16 -92 106 -69 66 -18
3 42 -19 -91 -122 17 52 26 -52 61 -75 96 -33 -48 -102 -14 -89 -126 -41 107 -72 104 51 35 -72 58 -120 -88 -72 -93 61 12
61 98 8 50 14 -122 43 -120 -41 -76 -115 -44 69 -50 -76 37 -12 99 -70 -97 31 93 8 101 44 63 48 34 122 47 -40 68
123 -66 -110 50 122 19 120 -98 64 78 12 -81 -22 -106 30 1 96 104 43 -116 44 -40 -59 -26 -13 15 -121 1 103 90 71 41
61 -77 -75 79 1 111 -120 101 -87 123 29 -66 64 -87 -100 47 30 -76 98 -101 -123 -83 -112 18 -115 10 -67 106 -120 -79 51 -12
-7 91 -64 -75 -39 69 125 123 -98 -11 39 25 35 32 75 -85 121 -4 38 49 -52 -22 72 20 61 -116 52 116 -23 -4 -32 -89
31 52 -123 113 28 54 -117 -73 7 -127 -124 -97 56 62 -100 32 -52 -116 -16 121 11 -11 60 -72 -90 -124 -93 12 104 66 21 58
44 -106 -19 15 77 35 114 116 27 -69 -65 -62 -116 31 -107 -75 0 -110 -101 97 -122 -50 -39 41 32 -17 1 102 -56 44 -88 -30
21 4 6 -60 87 2 -10 115 -21 7 -5 8 -68 -95 66 -43 -97 14 -28 45 -127 -120 112 -21 20 112 -113 -78 54 -66 -107 54
10 -47 -52 20 4 113 36 -63 79 -80 -37 63 -100 9 58 -126 122 -120 -40 95 88 39 -111 47 93 72 21 -50 -44 -77 3 -51
-36 98 22 81 85 39 67 93 3 -34 10 -45 -121 -39 118 -116 87 66 -56 108 77 -65 -112 -52 79 95 1 -97 117 -58 -85 -45
66 105 -109 25 -70 -118 21 82 0 -85 -111 15 -2 -8 33 -97 -103 122 53 -4 -25 84 -73 17 62 -93 -6 -72 -127 -52 20 100
-16 -42 8 0 67 -23 -45 108 107 11 -78 82 -25 -47 55 -75 -39 38 47 121 -30 -21 -4 30 -16 86 122 -2 -58 77 34 -108
3 -56 46 42 14 91 108 35 -62 -102 98 71 95 -81 41 -125 124 101 -80 -53 -107 -41 95 -19 -46 -16 126 -57 -30 -72 11 -56
-116 28 127 33 41 -61 91 -102 -102 16 -122 68 9 -14 93 11 -61 -90 -28 82 -99 15 -54 -111 -92 -114 -26 78 29 -95 -74 -35
-71 -86 -38 -107 79 59 55 -18 -33 -57 7 -5 68 -92 -21 25 -123 -110 -76 -9 -45 -1 75 -27 -103 119 -72 -46 -94 -20 -37 11
88 127 98 87 -112 -78 123 -67 12 -49 -91 -45 -84 116 -105 82 -16 -62 -83 -50 -59 -73 106 74 112 -64 -3 19 22 19 -74 56
-25 22 100 -124 -34 51 -23 40 56 15 116 8 107 118 -64 88 119 -122 -17 -31 11 24 3 99 82 -103 73 119 -42 86 -58 86
-84 55 5 -103 -44 -56 -112 -106 103 -65 102 98 5 97 -70 -127 -54 -29 -117 56 101 2 -104 -3 -79 23 -13 -42 -121 -102 124 -46
86 11 69 15 -98 -36 -28 18 -88 22 -23 84 0 44 -119 -47 -39 -78 -115 -111 -116 -36 -75 93 99 73 0 -95 -9 -105 71 123
-86 111 124 116 36 82 -36 -99 47 -89 24 87 -42 29 100 101 126 -102 -73 -65 15 42 36 -34 114 -59 -96 31 109 109 34 -36
76 120 -99 11 -56 -27 7 -122 77 -72 -23 -90 -24 -126 9 -2 122 -82 11 112 -114 -112 -22 16 -34 45 35 30 -74 68 48 -11
-11 3 -51 97 22 81 -65 -101 14 -69 28 41 2 11 4 -50 -13 -111 -26 -41 -3 59 -72 116 -49 68 95 -77 -113 55 7 -93
0 60 71 121 -97 -43 1 -35 11 119 -103 -46 75 -3 47 -83 -92 -36 91 42 -126 -116 36 -62 -53 29 77 37 -101 -66 120 -31
-74 -117 8 0 85 78 91 -10 79 -27 -93 22 -50 -60 -87 6 -115 4 114 97 -80 83 -45 -110 36 10 -69 -121 58 37 -50 -102
106 31 -108 -27 -8 45 74 -46 114 91 8 47 110 56 -121 105 -94 -73 -69 67 -15 -14 -35 -96 5 -45 -100 18 102 120 110 115
-3 -59 -12 -10 67 99 -27 -110 62 12 49 -117 58 -31 112 -43 -109 65 32 102 103 12 27 40 24 -114 38 -121 49 -61 83 85
64 -101 126 100 -72 -126 25 87 -117 106 35 -73 -2 -63 -27 -91 71 -23 -29 123 120 72 57 -108 -9 -42 -103 114 14 110 9 -105
-10 -97 -64 23 89 45 -106 -15 71 -25 48 -12 -56 88 19 -11 104 4 2 89 -106 37 79 45 70 116 67 -84 85 -51 46 78
63 -15 53 -68 100 -12 68 -58 -113 17 -81 104 78 -68 -98 -71 71 16 -52 -36 -64 -39 -4 -11 -8 -13 4 104 -7 -53 69 -45
-46 2 -33 -34 91 -121 -8 -81 -25 -45 92 -125 -26 112 57 -34 65 -105 85 122 -32 93 91 -40 91 -117 35 121 27 -89 105 -67
-12 -109 -83 63 105 89 0 -87 76 -24 60 0 2 94 -46 -99 -12 -115 -58 65 -37 -66 -41 -73 -47 -79 13 -52 -48 61 12 -1
34 -85 -13 -32 31 -44 41 -72 -91 -39 -92 -45 -81 54 -65 74 -109 125 8 -49 -68 59 83 82 17 13 115 31 48 -17 -109 -24
111 -84 103 -2 -85 -127 -56 21 -1 -3 120 -20 -105 94 -56 51 119 95 116 -110 -49 61 81 -112 78 70 20 -92 77 67 37 73
100 76 -84 -70 106 -30 -53 -84 -114 -51 38 -70 -104 -117 69 31 45 79 -55 -113 118 40 -117 -44 -34 -47 107 -111 80 102 112 -2
50 68 -112 -101 78 -64 -127 -122 -98 -12 106 51 -118 12 59 24 8 111 106 10 56 35 -30 -2 95 22 -62 51 -77 -102 -102 68
24 -116 102 -76 -28 26 116 85 -41 -93 117 -66 -52 -106 81 85 71 43 109 33 -27 -93 -41 -114 75 125 14 31 80 91 -83 -65
104 1 -33 -104 -109 112 -90 -75 61 9 -107 20 -54 -91 -57 -106 -12 -5 48 -95 83 10 -89 -14 -99 -62 26 -12 -45 8 -73 -67
11 -62 -127 57 -109 -59 -76 -34 -122 3 52 -17 -36 100 -27 -104 118 34 -94 2 85 98 118 -104 116 16 -2 -97 -72 96 61 33
120 -93 -46 -64 101 -53 12 42 -92 -111 -37 80 104 -43 80 -97 66 -45 -25 126 -106 -68 -19 97 -120 -102 93 -96 -29 -63 62 -31
44 93 39 -35 -66 -75 -88 -35 -103 102 -82 -84 -66 -65 -41 -113 62 -32 -55 115 120 -4 -5 25 89 -85 105 -41 118 73 45 54
-97 105 -82 10 53 -18 -115 -82 -123 127 99 109 7 -70 122 11 -75 18 85 76 -121 50 5 -126 -112 -71 42 38 -118 19 69 -74
-127 88 126 107 107 117 36 -6 -88 -86 -54 55 72 -95 102 -36 -8 43 -38 61 -4 -22 -86 7 13 8 54 -44 84 -81 -72 -76
-54 81 -73 -91 -55 -54 117 -53 72 -66 122 -89 -122 -10 9 -20 103 66 83 -122 -121 96 44 -95 -108 66 -93 56 41 -62 119 -123
61 105 40 25 -119 -74 72 84 18 -26 110 -111 110 3 106 -98 -109 17 -44 85 9 -56 117 119 -5 92 -71 85 -60 -81 -102 -124
-57 -33 -105 -73 72 94 -57 -59 64 -112 3 119 -17 39 -63 -55 18 -19 -116 -104 -8 11 117 95 91 -101 -51 43 83 117 -102 -2
-11 34 -87 -98 80 -98 -115 93 23 -56 -111 121 103 -56 12 -4 -27 -72 13 116 -9 -93 -33 115 -47 64 78 2 -83 46 69 52
-4 51 -45 36 -17 26 -92 112 108 -94 123 -104 64 117 -24 11 64 55 90 -5 114 -39 79 -9 -1 23 -14 -69 -96 -97 11 -41
-44 -28 118 -108 -126 -70 122 -78 -68 -3 -4 -27 -30 122 -110 104 -15 58 -37 84 32 18 -91 112 -18 -90 -54 -105 19 -38 10 61
-93 116 -38 0 -14 -106 -33 43 14 -22 -47 124 -79 68 84 12 -34 107 -11 100 102 -28 125 -42 -114 -8 21 63 -26 112 -125 -105
-16 70 -51 -102 -26 106 22 -76 -69 -99 -2 -119 -17 112 99 -70 14 -118 117 58 -122 -23 -119 111 -1 -35 2 8 -98 -70 -13 41
36 -5 -91 27 109 -50 -39 -87 -72 -77 27 -48 -58 -96 -38 79 -124 111 84 -125 -110 70 119 110 119 123 69 -5 -7 19 -108 102
69 -19 78 -50 90 -51 101 -123 -33 -118 120 -11 110 44 -112 62 2 108 -46 109 -13 23 -19 -97 110 -36 24 -6 -99 -39 -102 27
-28 -8 -106 -31 -67 63 -111 -91 -16 -12 19 -21 50 0 -44 -60 -91 120 45 61 126 -106 -32 68 72 -79 -68 -113 49 -18 -100 90
-16 106 -42 -63 68 -17 93 40 -122 93 -8 19 15 -92 121 -54 -74 49 115 -62 -20 -112 -124 29 86 63 37 -61 -116 -110 -7 -36
-15 -44 -96 -66 -78 -22 -14 -99 -60 -46 -73 109 -20 -120 126 2 -55 -4 68 95 -13 106 105 8 23 -88 87 -97 -13 110 51 51
31 51 -122 -66 46 -124 75 49 22 -105 -42 91 -114 -41 -34 124 95 -116 28 33 73 -92 -116 16 -114 0 -37 50 31 -113 -33 1
18 -31 109 -55 45 125 100 103 -119 -55 35 -46 -39 -35 125 14 34 -68 97 -16 22 10 -105 -24 -86 84 -92 101 -39 -69 -112 107
31 -82 96 41 28 68 77 72 96 -109 -40 75 -77 101 -93 59 -31 -107 57 -96 108 -58 53 109 27 -125 88 -58 -62 111 55 -106
-62 -5 101 107 -63 -51 -98 -16 89 -124 87 -22 76 -62 -113 50 44 106 -90 -13 34 -68 -95 89 -109 6 23 -114 81 9 -127 19
-45 101 101 -23 -116 65 -97 115 87 92 1 -7 19 -119 -32 118 -119 105 -121 -53 -85 -45 -50 -100 51 -88 -40 86 92 82 -117 -18
31 -24 4 34 -19 58 -27 -89 -22 111 52 -102 -23 -90 79 17 48 111 125 -110 97 19 -95 -52 -40 124 -56 -13 -7 -112 -33 20
-94 -126 -37 74 -41 -67 67 40 -78 -89 31 -26 -95 28 -33 -83 124 -124 -10 59 -116 79 -4 -64 -68 126 69 16 -95 28 32 6
-116 -114 16 51 -44 16 -7 119 -110 -50 5 99 100 81 -48 125 37 -63 -50 -32 96 -126 76 11 -80 -43 -124 -114 -70 109 110 -64
-17 41 68 1 37 60 70 115 125 36 86 67 102 100 -101 -102 -89 69 -119 -8 -69 -44 50 88 78 -112 -16 -62 106 -21 -10 45
55 -84 -72 29 4 98 -8 59 -85 -16 -97 -2 -106 105 124 -86 38 15 19 13 -15 -72 -124 -35 50 -81 50 -48 -51 -16 -110 -48
96 -83 -20 -48 -3 -81 111 -75 15 44 26 -74 37 28 35 -85 69 -88 127 -53 100 81 91 -31 21 -2 89 -14 -10 -18 102 -92
-41 86 60 -26 -114 -49 116 -79 -29 -46 -29 -50 -65 118 22 -2 124 -57 -103 -74 73 -27 -107 -118 -16 -121 -91 -65 23 44 -79 121
-92 -18 -8 106 26 -74 127 65 -69 112 -26 66 12 -127 -19 0 45 -23 -64 -29 32 99 58 80 -103 65 116 75 7 -102 -126 0
-36 21 -72 40 71 -37 63 17 -76 10 -54 13 -73 116 111 -40 86 125 46 -103 -10 115 114 30 90 113 13 91 -8 79 109 -105
-30 -88 -44 -126 -35 113 125 126 -45 -81 127 92 -104 86 -38 52 72 98 -51 -124 -56 -59 -18 -101 -97 9 45 126 -116 117 -34 -74
-88 -36 51 36 -46 89 -48 -19 -63 102 -29 -98 15 13 79 16 100 -113 -99 54 13 98 -57 126 13 23 -62 97 -61 -44 19 -5
-52 -115 -28 29 -102 -34 5 -96 -112 -12 9 77 -43 -28 65 101 53 57 -77 43 71 38 -23 23 -16 57 -65 -21 -117 12 -71 -10
72 57 -27 109 -86 47 38 78 -120 -18 119 -101 -78 -107 1 112 39 -56 -119 105 -86 69 126 4 -39 46 60 114 79 -27 -35 -50
-84 -87 -64 -4 112 -10 95 56 50 -15 -121 -70 49 -83 118 22 -92 100 49 86 70 -68 -6 45 -116 -63 61 12 28 35 -119 55
-88 -85 42 29 27 101 69 1 -123 -29 77 32 -32 79 -86 -94 91 -79 5 49 -8 -105 -9 29 25 -70 22 93 -119 -69 88 7
112 85 6 -53 -101 -46 -41 -123 38 46 -62 -66 125 -107 37 95 -55 93 -46 57 -36 -36 25 -51 72 -61 -33 -64 121 106 -118 -16
-86 79 112 84 65 6 -40 106 -27 14 113 89 75 -39 -124 28 84 -30 -113 -80 -16 -121 -38 95 71 -120 -73 11 117 -76 -36 -39
47 28 117 -32 27 111 21 -23 17 41 -38 11 -74 -108 -33 -55 -78 56 50 74 -31 15 -113 -12 46 74 -74 -32 -27 68 34 -51
75 54 29 -35 68 45 40 -57 2 -4 -67 -82 65 80 18 -112 120 -73 -57 -52 84 -26 -37 125 74 93 92 7 39 -20 -70 73
-57 18 -97 69 -19 102 -105 -45 -21 -112 75 55 -86 10 46 -27 119 -1 4 -71 47 -106 43 -112 124 -72 23 68 -45 -63 -69 28
66 84 108 -111 -21 -78 122 112 108 41 -114 -96 28 7 -87 -48 -122 -23 115 85 104 -43 50 -122 -71 -23 47 -118 59 125 -53 -11
-33 66 -75 4 127 -100 -14 -11 104 -90 80 0 -27 -87 -73 -12 11 -44 -6 -82 120 -95 121 -80 81 100 36 -125 -55 -32 -25 2
-21 48 18 -20 88 50 60 -104 8 81 -86 5 17 79 -17 -72 -84 -4 96 78 86 -30 28 -44 -11 -60 -26 -56 2 -15 -42 23
-125 1 -117 17 49 -117 -121 -23 -91 -55 -6 120 15 -68 68 -119 119 -38 49 110 -39 -116 19 -14 6 123 -114 82 -54 -74 -51 84
103 -34 102 8 105 43 6 -2 -16 78 -83 125 37 21 70 -89 29 -10 -95 99 -20 -66 0 123 -84 50 -55 -98 99 15 -91 -96
106 44 -69 -43 -116 -56 100 -6 -45 90 124 -111 13 -72 -70 99 -34 78 -52 91 23 29 -98 -98 -91 -14 126 -8 -18 -103 119 56
103 -60 58 100 34 -29 -30 -109 51 -100 123 -117 41 68 -57 4 -111 -118 38 -65 -72 -73 -124 120 -34 122 124 -19 51 84 -106 -66
112 11 62 66 23 13 -83 34 -62 58 -118 5 -29 -51 -44 103 69 -83 87 -66 24 114 -123 -57 71 96 4 -72 100 96 -120 120
57 122 -116 36 -14 -110 -19 -94 69 34 60 -101 -113 81 9 -22 -73 7 -90 24 -74 -45 12 64 43 12 -68 -91 -84 -65 -111 54
66 120 37 -3 -106 -110 110 -13 77 64 120 -110 13 -18 59 70 -64 89 -93 -4 -28 52 73 -126 -93 -44 -61 -28 51 84 -116 -22
61 10 -96 -50 -85 11 80 111 105 91 -84 81 79 66 -55 -73 -37 25 54 36 -24 116 -24 -29 -127 -35 34 91 -57 32 -32 41
30 23 -29 -29 29 19 -43 -99 -24 -77 -56 29 88 -61 86 32 -101 -22 -3 -106 -7 -64 -70 -2 4 65 111 -28 -82 -47 45 -55
-30 -64 -120 -107 -41 83 -51 -7 75 124 87 47 62 73 17 123 52 108 -27 86 -101 15 -7 69 -94 109 -7 -9 -57 83 65 -16
-40 34 -114 -52 -88 21 37 -60 104 -126 -54 -127 120 92 54 -31 84 -38 -61 -25 -76 -23 92 125 -27 37 -86 -3 69 -95 -85 14
-121 -34 -44 -105 -28 -86 82 -107 78 105 -50 -8 87 -107 -112 -127 -94 60 -91 119 107 -80 47 2 -122 107 49 -32 -95 -74 15 101
35 105 -2 -9 48 -112 -56 -16 88 108 -48 -60 -52 -7 -87 -50 -22 30 -1 15 60 -104 -67 -90 -8 60 -64 -86 -18 86 -125 116
-67 59 -27 -28 94 28 26 -82 14 90 -69 42 103 117 28 75 -76 92 19 -85 41 -126 -55 -111 -16 57 -16 -109 -114 -58 76 -122
69 46 -104 -92 122 -86 -6 29 -46 80 105 -126 -73 -30 41 -5 -106 -126 -73 125 -59 -124 -60 -7 -88 -89 -123 -26 -27 82 -100 -25
-39 30 13 113 -61 -89 20 -121 -35 -55 -104 -8 126 73 -11 -120 -96 -107 120 -113 9 -65 117 18 -22 -53 15 -57 -79 -11 -95 -2
-45 -46 -63 105 65 122 70 -87 42 -122 -10 -79 -116 8 -93 -18 32 72 28 104 -1 40 -58 53 20 11 -39 -9 -42 -107 8 -10
18 -50 -127 -59 -105 -18 -51 -49 -46 -118 -91 -87 116 48 22 57 39 -47 55 67 -67 85 -84 -29 100 85 -93 -59 66 113 99 -57
4 118 -123 39 118 -49 6 105 38 -26 68 33 -34 -96 -45 115 -94 73 41 26 -57 4 -113 -33 65 -44 -65 29 -43 61 -33 -105
88 9 -29 91 -67 -114 110 113 30 -89 20 44 -33 4 -53 47 77 -55 104 45 14 -114 -2 -7 59 99 27 78 8 -102 -68 32
15 -120 2 -113 28 55 -53 -97 68 -41 -76 -122 -26 46 -29 -19 -15 -107 -51 -87 126 88 -49 -76 23 -37 67 21 -56 -111 80 8
98 -127 82 35 114 126 69 34 -124 -90 124 86 -6 -115 -67 14 -117 94 85 70 71 78 112 -55 -87 117 -17 54 -68 2 71 56
-46 61 -21 -117 -5 -84 90 2 56 125 1 71 3 57 85 41 14 60 -113 92 4 -13 -27 -35 -76 52 125 25 36 -42 90 12
-110 -33 -44 -100 54 -90 94 10 -34 -99 75 125 94 117 42 33 -110 -75 125 67 97 124 -47 -119 -60 43 -97 -62 119 -57 64 -45
-38 -123 -106 100 -78 60 45 45 -40 -111 82 -10 -87 29 29 124 104 102 112 -60 -15 29 46 -6 121 -65 71 26 46 -57 -35 -57
62 121 111 -50 101 -93 123 15 -31 81 29 -49 -62 -97 -56 93 -103 92 -17 101 61 13 -27 92 -41 122 -46 -52 27 100 -75 15
-79 67 -27 40 -46 103 96 10 107 -92 52 -11 110 126 -92 74 -2 -87 87 -33 0 -38 59 -42 -3 109 -38 14 -109 -7 -14 48
-62 -84 -25 26 -122 99 125 28 90 42 40 80 -22 25 16 73 33 31 41 32 -112 84 -18 73 -6 -117 75 -80 126 -101 -77 9
-68 84 73 -56 4 -52 17 27 9 111 3 51 -111 4 -34 -13 -23 -69 109 -125 -1 -24 -99 5 -4 90 98 -106 -13 27 18 98
-103 94 108 26 43 90 -13 -109 -4 24 70 127 117 -63 73 109 -97 125 -108 -62 -20 -80 51 -105 36 13 123 -67 82 24 -87 -115
13 97 -34 -16 25 -39 102 -116 -33 -17 63 -13 31 -98 -4 64 -62 48 54 93 99 43 -123 37 120 97 80 -53 -6 -79 -41 111
-56 -74 73 16 -111 -93 118 -100 -116 -89 113 4 -47 52 -102 -107 -43 -13 -5 -19 29 -83 46 -67 -114 111 64 -13 -53 -93 28 -33
-29 -41 -46 26 -55 4 114 -70 2 -55 -11 96 56 -41 41 -43 54 -85 -88 103 87 53 73 -71 -6 -25 -43 78 78 109 -59 -112
-126 -60 -125 -88 -104 81 -114 36 -23 -62 120 -92 -86 109 -86 -71 -27 -17 122 91 -85 -97 85 -106 -45 -38 -60 31 -96 72 98 -71
-16 3 -95 108 -1 -31 -29 -121 14 52 16 -22 -113 -76 -87 -91 -86 107 49 -52 118 108 29 1 -45 -54 -25 -98 -32 -57 118 -45
-103 -121 -121 22 37 11 -89 60 -49 -72 76 -4 22 63 93 -61 -36 -75 -7 -21 12 113 -124 -15 115 114 51 127 -68 105 -54 19
85 23 -52 -44 65 95 -86 89 -14 94 6 -59 -71 -79 29 105 -80 80 -9 -97 -106 -78 15 62 85 34 101 5 -38 -75 -57 123
103 22 -40 -88 113 11 -35 -35 116 47 16 -96 97 23 50 -68 -80 -42 76 -7 120 -59 68 -96 -80 3 44 10 -42 -125 97 77
124 -101 -78 -27 50 64 -112 -87 -124 -19 -113 -24 -102 -82 23 80 56 -96 104 58 -72 56 64 -67 -108 28 58 119 110 73 -104 36
123 81 106 66 -102 126 41 68 20 -103 79 -65 66 15 25 77 -124 40 24 -70 -43 123 125 -92 92 -75 122 90 96 21 -31 -11
-104 -104 52 61 6 4 -127 -74 -1 67 -28 -67 112 19 127 -103 -107 50 16 3 -89 -69 -41 61 122 73 78 16 -67 -19 -111 -113
-111 -84 101 -28 37 64 -26 20 -87 -35 -41 36 105 -100 -127 49 -7 -25 -125 33 -10 121 24 -52 -111 21 -24 91 103 -122 -114 -61
39 -15 -14 93 20 84 21 35 -20 -13 103 40 64 112 20 -97 95 -93 25 16 -39 27 119 28 72 81 56 -77 67 -39 -108 37
-28 89 -18 126 95 -55 -76 97 113 31 5 -84 -43 -3 49 97 0 -72 61 -70 -114 -112 73 113 -91 53 -30 -55 120 -79 -2 -17
81 17 24 15 41 -19 38 -53 19 75 -60 89 102 77 44 41 63 119 -91 -113 -91 -64 30 40 -103 -107 -43 -2 -37 96 67 -51
22 -5 113 -108 39 29 116 3 -36 91 -28 90 -26 88 8 -88 70 33 4 -3 -22 121 -8 121 -105 -68 33 -43 -104 48 -51 77
-42 -115 -109 -43 15 -124 -25 39 54 -66 37 -103 -116 -46 116 5 -36 -108 -92 -37 102 90 49 41 -30 7 112 2 32 -6 -2 -30
19 90 50 -22 -9 -43 17 6 12 66 -62 -65 20 22 -65 -119 -103 45 44 -3 -70 -75 0 77 102 66 81 -11 101 -47 97 76
119 112 -114 -12 98 101 -11 102 -72 -34 -110 24 29 -127 1 -127 122 -89 8 -112 13 -72 58 -54 15 -60 -24 -1 -42 119 54 127
21 81 -22 56 113 78 -97 -22 11 -114 53 87 -48 60 -34 -2 -103 72 37 -43 124 -66 53 -27 -40 28 -69 -84 -91 -14 -45 37
-39 -13 35 13 37 47 119 -19 76 -116 50 -64 -2 12 92 -60 -127 81 -50 -3 -93 21 68 89 83 35 67 2 107 -121 112 28
61 7 -68 -33 74 -79 -18 -61 35 18 111 78 -124 83 16 34 -105 3 46 -49 -23 44 -113 23 86 -50 -99 87 -9 38 94 47
-4 63 121 -65 106 -66 78 29 39 -101 60 -96 -27 -34 -121 36 1 99 -11 15 117 -123 18 39 72 -85 -92 -90 4 -118 -77 -51
48 59 -113 122 51 32 -2 90 -48 -39 -41 87 27 52 5 35 2 -80 -22 76 69 62 8 -81 -86 -115 -54 -27 69 -81 -53 60
-37 -2 71 -127 -90 100 19 14 -78 -28 -68 32 119 44 88 -112 -4 89 -39 22 118 17 -42 108 25 61 -40 114 -117 -104 50 103
29 97 19 -4 13 111 92 -33 73 36 -111 -117 -111 -23 -85 77 -101 124 126 -1 -33 21 21 101 -124 110 -124 -88 97 -101 -109 60
90 16 75 -55 -106 48 -81 84 39 117 52 20 -79 -117 -35 91 -127 4 -14 62 21 -66 -115 53 -113 41 41 24 110 -79 -126 46
-109 54 107 13 12 90 0 -25 -27 20 11 -105 78 15 1 -87 49 -116 -56 -44 -64 34 1 61 -73 -122 -68 -123 3 30 -16 -106
68 -26 -84 -65 65 110 29 34 35 39 -100 -61 -62 -14 0 92 -28 -24 -13 -80 127 -99 26 59 13 87 -127 -74 64 -14 -4 -20
83 -40 -61 81 47 -33 -34 -39 -3 78 -28 -125 104 103 -122 83 -46 -59 108 -22 8 -44 92 -92 -60 117 -21 -108 22 62 1 94
-106 -115 77 -78 -26 -85 97 71 74 30 -66 11 32 -116 71 -106 -67 -79 103 -35 24 -47 -45 74 99 19 -23 10 105 -50 -3 94
81 -39 -86 -9 -80 49 23 126 -126 84 -109 -55 -9 -42 -93 103 104 43 -87 90 73 -91 46 -23 109 23 -98 82 81 36 -109 -17
-122 89 -63 37 125 -125 2 30 85 -111 78 -9 -125 -71 -20 103 45 9 15 -108 127 -85 84 -84 80 -41 -47 1 124 57 2 77
-81 36 30 123 61 -43 98 -56 57 -48 75 97 -64 -26 3 58 -18 -13 32 79 -57 103 3 70 67 -26 -32 -81 -80 124 -63 -58
-76 72 57 111 26 96 57 -62 -18 -98 -25 114 69 -62 20 -91 54 39 86 -40 102 -91 75 103 76 91 85 -97 106 -109 33 -91
70 116 -77 33 -7 -107 79 97 122 70 107 87 -3 -83 117 105 84 42 32 -100 -95 79 -2 -22 29 85 -76 -35 -45 76 -1 6
-36 -115 95 55 -79 99 105 -107 20 27 9 -61 74 76 70 -71 97 96 -11 103 102 77 125 16 11 127 -125 -94 108 15 44 52
-102 -116 43 -82 78 41 37 24 3 5 87 1 56 -80 3 86 -84 -23 -17 -20 -114 -108 99 73 -89 120 -43 125 62 -68 55 20
-75 48 -40 -98 -21 -89 -48 60 103 8 -104 -22 69 -104 97 -107 -4 -116 -84 25 -113 108 49 -58 -123 -19 56 -93 27 109 -26 -95
-35 9 -109 125 26 -115 -114 55 77 -112 -58 99 96 -25 113 -42 -50 17 -6 32 21 102 65 57 -79 83 45 18 -11 110 -107 109
-42 -53 5 -45 110 81 -32 69 -30 -104 32 93 -98 -17 9 -27 105 -49 -49 40 -28 122 83 27 82 -24 88 -64 12 48 -75 107
51 -30 116 -12 12 -55 -65 -111 47 -21 102 -112 83 -100 99 14 77 -58 -77 -89 108 -102 114 -66 -27 -7 30 -99 47 121 74 -28
-36 114 -37 55 -56 -61 35 -55 -61 -107 26 -102 77 17 53 -88 -101 -22 -81 -22 40 -104 -80 80 -97 -68 88 -26 62 -105 16 87
63 -117 14 92 77 61 119 -26 -71 -67 15 -91 -70 -86 -118 51 -3 9 96 100 -23 -100 11 -123 -16 61 -85 -31 16 60 -96 -101
-45 -15 24 -54 -7 75 -107 -72 -29 -64 -63 120 77 -119 32 97 -19 -110 36 -27 111 -118 117 66 -69 42 -102 65 59 65 -59 49
-55 37 -81 61 97 127 59 97 -110 33 80 53 -28 -12 -2 50 13 7 27 -35 76 -118 -12 2 -127 -67 -127 69 -73 -9 -22 127
20 -56 117 -91 64 -119 86 38 -25 -15 -70 49 5 -31 -111 61 -87 91 42 11 84 -120 57 -73 82 121 -79 -105 57 -19 -19 -46
-82 -47 -43 -44 -42 36 18 60 -13 -21 -123 118 -76 32 81 96 -109 -20 -22 -93 39 79 88 -48 -92 27 58 30 -21 20 -35 -102
109 -41 92 -18 52 -80 -2 -115 -71 25 -65 -16 0 -65 -39 121 -96 -100 -3 -116 -9 -109 -28 44 -115 -77 21 -100 17 -15 123 88
60 -75 -124 70 -98 66 -20 83 123 -21 79 20 24 -11 120 45 84 28 7 24 66 94 -39 3 80 115 -54 -41 -60 -58 24 -62
123 -100 20 -118 42 93 -7 -109 77 -111 58 117 58 78 -93 82 -72 -127 93 -83 -115 74 -94 7 120 -32 61 -111 7 -23 58 47
79 62 28 59 -21 -95 -119 63 14 -31 -2 67 -51 117 -13 126 13 -123 80 -103 86 75 0 -25 95 -11 34 -70 126 61 123 63
108 92 -83 -82 -107 -53 92 13 7 67 -75 -41 -106 106 45 38 46 -35 -27 -19 47 0 -49 85 73 -71 23 -93 -44 108 -76 -34
-17 111 75 -112 118 -38 -88 117 -46 97 -45 -45 25 58 33 22 -61 -44 -21 -41 -46 -106 -34 10 23 124 2 -6 -32 -60 89 123
-44 -14 -40 39 -64 -57 105 -1 -65 -64 -75 97 -81 54 -16 -115 -51 127 -62 -19 76 10 91 63 -86 65 -11 -90 118 -78 -44 -67
-11 126 72 4 -62 -91 67 87 55 57 -90 -14 85 -76 -112 -43 -90 103 -58 44 -40 34 23 -67 37 41 97 -52 5 -18 17 -42
29 -3 60 -103 -23 51 115 116 -15 -9 65 -9 106 -63 96 -104 -48 117 -53 76 -102 122 -67 -110 -2 -112 121 0 -74 78 -55 -126
-61 -56 -25 36 38 -61 -55 25 86 -77 -55 -23 -106 -122 -102 79 95 -55 58 82 -76 -86 -83 87 113 -84 100 -7 52 -99 -46 -98
-29 49 -84 97 123 -7 125 -78 -119 55 25 -88 52 31 7 10 -71 -53 -51 88 63 126 -51 -20 80 -70 -26 -123 3 -67 10 -92
95 40 90 -38 78 77 102 -10 -83 55 -90 -60 76 -29 -29 44 -29 -53 23 -54 20 30 75 -98 -82 113 -2 -108 29 55 -102 -101
98 -115 65 -49 5 -8 104 -29 43 -41 28 -11 -12 81 88 42 -110 -51 126 41 -1 108 -65 -1 -12 -51 62 -55 -19 -76 -112 -113
-64 -43 -86 -120 46 33 42 -117 -38 -98 -95 9 110 10 -32 -122 62 107 -58 23 -25 49 -111 97 39 32 89 -59 -18 50 115 -84
-112 -16 36 -3 -41 120 104 -93 -40 -125 -17 -109 12 -20 86 -105 7 -22 -74 -85 -69 125 -7 -5 44 59 -92 41 -65 117 -40 23
-41 126 -28 -64 5 -44 -17 -4 -2 124 2 16 13 18 18 67 15 -119 -64 -1 -58 -59 -42 -43 -14 -61 26 -109 -82 -84 94 47
-94 75 -41 57 32 23 96 -80 -123 -53 83 -123 126 78 91 76 -45 -13 -27 74 29 99 56 33 49 24 58 -63 -106 1 111 77
-20 -7 54 -38 -24 118 -66 -117 92 -1 118 -41 61 71 96 -38 -33 -33 92 -67 -119 83 80 -42 -23 42 -102 124 -48 -63 73 -100
32 -38 45 59 -48 35 -110 1 -57 68 -15 -44 -97 126 -89 -15 56 -65 9 -12 80 -2 -103 105 42 -86 40 40 65 48 -71 68
54 127 -9 -41 88 -101 85 -94 -54 58 19 -17 30 -27 -108 -42 -106 90 -25 -99 102 34 -33 -65 72 18 48 71 -96 -92 -15 -117
-111 125 -105 38 32 86 63 -123 -72 -14 -34 -40 36 -75 37 76 -87 20 -54 -123 37 5 35 44 68 -69 -57 117 46 93 6 -17
-67 -15 -113 75 37 -18 39 -17 -9 102 91 -5 125 -51 -70 -68 -90 -97 -31 58 44 -18 40 -29 120 -13 -125 -95 125 22 78 -91
-7 67 28 -99 60 -65 -61 -8 105 -40 -61 -74 48 121 81 28 -67 80 49 -123 -3 105 -57 18 20 63 13 5 -125 -110 -46 37
9 -39 80 44 100 77 -123 63 15 94 121 53 72 103 -88 -115 15 -61 -27 13 -2 81 29 117 117 -70 40 32 -43 -100 63 -107
-107 51 97 -52 12 -54 82 -103 55 113 -64 39 67 -12 13 6 25 38 98 0 105 84 -77 -21 -90 -107 87 -40 27 -33 -127 -50
-84 -67 48 -111 -113 -58 -100 113 -55 -85 -49 -31 -1 -37 3 -22 80 -70 -78 29 -26 125 -50 -96 100 88 79 -68 41 -77 -50 -2
-14 108 77 80 113 53 -57 -69 -72 -4 -5 74 32 114 66 -45 125 -32 2 13 67 -92 41 91 -40 14 -1 -125 106 -15 34 -27
28 -62 -84 55 49 97 4 127 115 9 92 -106 28 9 -104 64 64 60 94 -40 -17 -49 46 116 90 107 -70 -56 -82 54 -56 -100
-68 17 -9 123 -104 18 89 23 72 -55 -22 -106 -41 -92 -117 40 -61 51 -79 63 -92 35 -57 93 93 32 48 44 98 -38 -93 -78
-81 13 -71 -75 0 -105 10 -31 27 3 21 -59 -35 68 -74 101 -21 81 2 67 35 -103 -17 -61 -29 28 -98 8 18 -69 -49 -81
-119 66 -9 -58 -56 98 -41 85 -73 -25 -79 122 62 63 -51 17 -58 125 -18 -79 -121 72 -94 24 0 -15 -1 -37 30 -121 57 -1
-20 -119 96 -29 52 -50 61 11 -13 118 107 -107 -118 64 -93 -3 -28 30 110 39 -97 107 -67 12 -8 -17 -91 108 26 -102 -41 90
50 98 1 15 -34 -84 34 42 47 -74 9 120 8 4 107 -73 -32 -42 104 -78 118 112 77 -123 -109 -63 107 -74 -64 -46 24 -31
50 -32 21 71 109 42 84 77 -105 -126 -49 91 37 -64 118 -106 0 -6 87 15 77 117 117 -27 -91 -14 -22 -112 21 -11 109 27
-33 -10 14 116 44 -104 -60 47 -54 73 70 -113 89 77 92 -66 -96 -108 29 93 59 102 38 -54 25 76 -22 88 -83 21 -109 87
54 -71 -32 99 -71 -69 84 25 13 -56 1 -75 11 68 43 59 4 47 -123 -88 -106 -80 109 -88 -11 23 89 94 -37 -94 -36 87
-63 41 16 -52 -117 -52 56 -118 31 -52 71 -3 11 40 73 37 30 -1 -126 39 -24 -53 -34 -70 19 80 -77 97 -91 18 84 -58
109 -74 105 -21 -82 -118 -15 -22 -8 111 30 -115 -92 -113 -10 -18 104 -96 -122 -5 -65 119 -92 82 -127 83 101 47 103 -21 58 -84
11 15 56 60 -49 99 61 -122 51 88 12 -43 90 -73 73 -16 79 85 75 90 -43 108 45 108 -52 43 108 84 97 88 1 -102
82 92 109 94 -35 6 -28 81 103 -3 24 -64 -62 126 -18 12 -22 -112 29 -108 104 92 -96 -9 -99 119 39 5 127 -123 11 -68
23 -37 5 -98 82 -11 -114 -90 -115 63 -112 -40 -49 -75 56 -112 -6 -23 16 126 114 -48 52 103 10 55 -68 10 69 -125 96 -22
4 -97 -27 -64 -80 -56 88 -101 112 -7 -4 -90 -24 61 -110 -69 -39 -5 -81 -115 29 -112 -56 88 63 77 42 -60 -126 14 -4 94
-115 -73 109 62 -52 96 -8 -124 -90 -36 34 6 11 112 -75 -100 -96 -110 36 -10 -50 49 25 92 88 -54 45 32 -71 -65 -37 35
52 77 -116 21 2 3 40 90 -43 19 13 -68 -75 115 -4 121 4 -45 98 -36 -2 86 -53 -68 -112 -114 40 -8 14 -64 -112 -79
-121 -90 41 19 -104 -113 -72 -37 40 39 37 76 109 124 25 57 -102 -86 -8 -90 -105 101 -43 51 45 -90 -91 17 -111 -110 54 -91
-91 -11 44 49 79 72 75 -65 -37 58 -121 -1 22 51 4 93 112 61 107 79 67 27 20 -55 50 9 49 -101 -27 -26 -90 -48
115 41 -64 53 -113 57 108 91 -23 83 15 -3 107 108 -123 117 83 -94 122 -2 -74 -108 -40 -30 63 -100 51 61 24 -49 2 -27
-95 -73 -31 -46 -13 -72 94 -119 120 -90 -54 -109 23 -124 2 112 -119 82 -87 10 -11 -126 -109 14 22 -9 -54 -25 -63 -64 124 17
25 5 -78 -79 -64 2 54 109 22 -79 -74 -84 -118 104 -70 -35 74 -59 121 40 12 6 -10 -115 54 -80 41 5 -67 -2 -58 73
-66 -95 24 -53 0 -36 -19 31 -91 4 -16 2 46 88 123 90 -51 32 -54 111 -117 122 -26 -91 -111 -29 -46 53 -3 113 -45 26
-118 53 60 63 -117 -118 -116 54 61 76 -51 111 90 6 -112 -43 124 99 -116 -17 -69 90 22 9 83 78 -101 -112 -60 -72 40 50
-29 -4 -83 -91 79 12 -88 -116 -44 58 83 98 87 -126 -11 43 -65 9 -115 52 72 -99 -127 104 20 -31 -98 -107 5 -54 -64 -24
-78 26 -111 -101 -36 -102 40 18 -92 107 87 98 3 -93 118 -104 31 65 105 -71 13 -41 80 30 53 109 -25 86 -79 65 -29 -1
-25 -46 119 113 -12 -4 -20 -80 25 -99 111 60 -121 101 -12 12 73 -20 -5 -15 34 -43 -124 110 117 -107 94 -14 -85 62 83 -11
90 106 -109 -52 40 34 116 -39 -7 -22 11 77 -75 92 -8 -34 -88 91 -112 41 40 19 112 58 40 43 35 101 33 -80 77 -54
-71 45 -91 -84 31 68 14 -85 -36 -72 -87 53 90 86 -73 28 47 -126 -121 -48 -39 15 9 54 -91 -120 -46 -57 -90 -127 -85 72
-74 -125 118 -22 33 116 63 -87 -2 -95 -120 36 70 35 118 -100 -38 -104 -23 -122 -100 -33 105 -12 -11 -57 -30 -102 -46 68 0 -35
12 46 -122 26 59 120 -47 15 -22 -119 110 88 -126 -43 -82 -67 93 114 83 -3 -10 62 -9 101 -33 -6 -122 6 -75 27 102 -25
-87 -31 -122 -80 -107 -20 38 101 -31 -54 -114 -110 -114 83 -54 72 80 -91 -11 -68 -48 33 20 -84 -124 33 97 109 45 -3 -68 -78
105 42 22 83 -26 -46 -107 -125 -56 39 -68 3 -110 87 74 123 -36 121 84 -18 93 124 -43 35 -26 90 27 54 -77 -19 47 -29
106 3 -115 62 1 64 123 20 -15 19 -71 -86 -59 38 -14 49 96 -23 0 61 -7 -51 94 -18 59 -83 -76 45 -87 106 53 120
85 -41 -47 29 61 71 -8 93 102 99 90 10 -6 56 -95 56 67 -81 79 -86 -53 -30 -80 57 120 -119 125 18 2 -80 79 94
-81 10 -117 -17 65 -48 -94 -115 51 1 -63 68 -57 51 -102 -101 117 -75 33 55 -99 114 -113 23 -81 38 -24 69 105 -49 -77 -29
-2 56 -87 76 -69 46 -111 -72 -92 -104 99 35 15 -31 75 -1 -79 -74 19 -47 114 84 -14 8 12 110 44 10 -11 53 83 47
-13 62 -23 -24 -66 -54 34 10 83 79 -17 59 36 115 -111 -117 -75 50 100 115 127 -56 92 39 48 113 116 17 125 95 59 -71
40 42 51 -15 83 -51 111 63 12 -31 -58 -36 -100 38 -17 -52 35 -87 15 -111 -102 67 11 27 -22 99 112 36 127 -83 -77 -29
-97 -60 101 48 117 -29 -24 1 4 -45 -102 -95 -116 71 -89 -70 -111 19 -46 -20 45 -74 -7 -99 -84 23 88 -87 4 -97 82 122
67 125 115 -116 17 76 -69 113 28 -100 124 105 -23 121 107 119 -50 -17 88 -26 77 5 115 -85 125 93 52 116 29 75 37 -19
107 123 -78 -59 89 -115 119 28 -72 -69 -45 -88 117 76 11 56 25 30 -8 -10 -107 52 3 -77 18 123 5 -18 -76 70 117 125
40 -4 -68 15 69 94 103 -120 -6 -18 -10 1 23 113 -71 27 -20 -64 -80 16 -63 -7 98 -119 111 -54 69 52 -44 124 51 24
78 65 86 -30 -76 120 -49 -100 78 -8 -79 53 36 40 42 -73 -105 -119 -24 -72 -9 76 -89 -60 84 25 -75 63 -15 84 -73 0
120 92 57 43 34 105 -112 -9 -5 123 -87 115 10 -21 -54 -37 -21 33 65 -115 -86 -50 61 80 -29 -6 -14 105 -81 -22 -117 -91
9 83 38 -56 107 -28 38 54 -92 -61 -110 -62 -112 71 -115 -54 -90 13 80 36 -60 -104 -125 -81 104 -109 -14 -111 -89 -17 102 -62
-95 98 79 -124 118 118 -29 -90 63 -120 -123 -20 51 -55 -25 123 -78 26 97 92 98 -58 -18 115 -114 23 95 -108 74 -21 123 53
-103 72 -50 -77 79 -49 102 -55 107 -110 -100 -28 123 -66 -12 3 -14 -118 99 -77 -36 34 -53 -76 -20 -61 93 -103 115 -8 72 122
84 -95 -9 101 -65 17 -14 111 94 121 -21 -12 60 110 30 74 7 -22 -25 -69 -36 109 81 -127 43 -77 52 74 -24 -45 61 34
20 38 -97 -96 -61 -48 37 -83 66 -9 60 -111 -42 15 -44 -88 -35 -119 -123 -34 -1 -75 125 117 72 -94 -14 -19 58 -52 -107 -82
57 -84 44 -92 101 -20 126 -40 89 53 54 -108 -3 60 -47 23 114 9 104 -31 4 84 -92 38 -96 54 60 -34 114 -59 -52 80
85 -125 36 53 -41 -10 -84 -41 102 72 87 0 -29 99 -79 -84 69 -88 -95 -29 -114 1 -104 5 55 -62 -30 83 46 32 -53 -22
49 59 101 69 -48 -5 48 61 104 -22 -3 -10 90 87 -46 126 -9 -63 69 -40 90 -48 -85 -17 -9 124 -28 -24 -125 -12 80 29
-120 89 101 95 104 110 111 68 21 -18 -23 116 99 12 -84 -124 38 -82 -19 -26 35 69 -8 -45 -107 -103 70 25 -12 -60 55 102
122 -27 70 25 -29 -91 4 108 57 -121 -27 -92 -32 -5 -40 -17 -13 -48 29 -82 62 75 13 122 5 -68 -47 42 107 9 11 -23
115 78 -123 -80 -1 119 33 -56 89 -66 0 1 -70 114 60 -23 103 -33 58 -60 -62 106 -89 109 32 94 118 -91 -5 51 36 13
2 13 -98 71 -5 -12 -83 82 -84 49 115 -31 -109 41 -115 -91 -109 -39 -33 -123 0 -48 -113 -14 94 50 90 -38 -109 29 63 -15
-9 -60 63 13 -42 -46 21 15 -1 -9 -84 -46 99 -27 -120 -18 -67 108 -65 9 -82 96 69 -4 -51 40 27 -24 20 -93 -94 120
-99 -33 62 109 40 100 -19 92 -111 -109 -82 -80 87 -117 35 67 79 -32 -48 -10 -97 -30 -79 22 100 119 -14 -93 -94 -122 -21 -3
89 -73 9 -48 16 -97 2 -121 64 15 51 -44 30 93 45 63 30 -122 -8 -102 50 5 113 43 65 3 -41 -66 -125 66 67 34
-124 -49 -76 127 105 118 -91 88 -29 105 -123 -96 -102 -115 2 32 -34 -42 -31 107 23 22 100 125 -26 12 -104 25 -66 -124 -104 -118
61 -103 -81 -13 -107 58 53 45 51 -97 -60 86 -22 -32 43 -51 86 -47 52 -57 53 -7 111 -112 -26 68 19 41 -14 103 7 14
-81 -48 72 -32 -109 127 -23 35 -26 66 -26 93 46 -106 -115 111 -112 119 -25 -31 97 -116 -95 -56 -86 75 -51 118 63 80 123 77
-119 -51 76 79 -22 123 -120 85 -28 0 112 -72 -81 -117 105 -3 93 118 -22 -15 25 -81 -6 -22 -74 41 -126 -108 22 -80 -72 -118
-25 -10 -41 61 43 113 -93 39 -59 59 -42 -116 96 -1 64 -6 -59 16 -5 -45 26 52 -35 -93 57 9 80 89 -17 55 61 48
-33 -107 111 63 -33 -34 50 -80 37 58 -89 -69 -81 -29 -93 -36 1 44 102 -120 -92 -115 -69 102 105 -98 15 84 -103 18 -22 -80
-65 -73 49 -63 -97 -59 125 -46 105 -99 35 -61 -100 106 61 87 14 -74 106 -37 19 -10 -10 -98 -27 123 23 -80 118 -127 64 108
-92 -106 -119 -48 -20 -77 -14 40 -97 123 83 14 -55 -6 55 92 -121 -89 89 53 26 32 37 -42 -27 -84 -61 74 20 -98 95 49
-29 21 54 -59 -57 70 41 -24 -32 64 91 -93 15 104 123 -102 108 56 67 20 -77 75 -61 75 110 -61 -96 98 -2 35 -102 69
-34 -103 77 119 -100 86 1 -92 -20 -20 29 -18 109 6 61 -67 -26 -123 -12 55 -70 -115 47 -13 -87 -105 4 122 -90 -92 123 49
-120 4 50 -76 89 15 71 86 117 124 -29 15 126 -90 -112 -78 19 -8 -98 -76 116 35 41 37 -15 77 108 -35 126 -104 -3 -27
-14 -92 -94 -26 11 -11 -15 -62 115 40 -39 85 -70 60 -38 -41 -75 43 45 -106 -18 -86 109 11 3 -96 -36 -21 57 -125 102 95
-120 -69 -4 -41 -55 -120 85 91 -91 118 -33 -107 -33 -105 -97 75 -4 -82 59 62 17 -82 75 -58 37 26 -23 -79 97 -65 54 -47
106 25 -90 -119 -96 -6 -71 36 106 -114 13 60 3 -28 38 -125 100 95 -76 -112 -58 10 9 -34 70 -68 98 85 15 91 -96 -44
80 7 -15 -95 -88 125 -57 -18 -70 -97 72 -90 -113 48 -37 -87 35 35 106 -4 -59 87 71 58 102 61 -96 97 -103 13 35 -41
-116 4 -126 20 -7 85 -125 -11 46 -108 -69 93 113 -50 -118 -84 75 -40 -60 46 29 -84 -126 68 -105 -123 114 45 15 -75 -75 -116
69 54 31 -103 -90 15 51 92 -46 112 16 104 -20 45 99 -41 72 -113 -76 3 63 -123 -15 -102 42 3 -76 -65 106 -62 119 -21
46 123 -77 -3 104 7 75 1 -60 2 78 92 -46 7 -23 88 81 59 -41 -57 -19 12 67 66 -114 -101 -1 22 101 -110 -100 -47
99 -99 -56 38 13 -52 -11 74 63 -71 -12 97 56 102 38 -88 30 42 0 -125 -77 -17 -87 -54 10 -46 -1 61 77 113 -35 -3
121 27 -7 -37 46 -101 -34 77 -28 117 -14 -118 2 -35 113 45 95 30 99 -105 83 -72 -116 -9 -33 47 -26 7 -119 -84 61 79
68 89 50 70 -91 99 -69 118 39 14 -11 76 108 -64 -78 -74 22 15 27 89 62 -127 -29 -96 -109 -53 -109 57 -105 125 115 121
40 4 89 -14 46 107 -118 -63 -34 107 66 -60 24 2 124 -38 68 44 50 113 66 -105 88 -107 47 -52 81 -44 -96 -53 -75 -13
-4 -60 -27 -14 66 16 -70 -119 64 93 127 -83 74 -95 -68 52 -24 85 -47 2 -88 -37 106 113 1 -65 -19 40 -35 -66 -11 68
109 5 107 8 -114 100 98 109 -41 -103 -87 -54 -80 26 3 -83 65 66 47 -48 53 78 46 58 -53 -20 26 -9 105 89 -13 8
68 6 48 -22 -86 -66 -63 51 102 -34 -91 75 -56 44 40 4 125 -117 -1 -86 97 95 -83 9 -73 94 -75 -85 77 72 81 123
-31 -22 58 -115 16 -79 -85 -118 -27 -1 125 114 115 -22 -10 -125 -98 8 6 -15 -105 -25 26 111 -5 33 114 -122 -21 -15 -12 51
14 -89 112 118 -96 -52 -122 27 -33 -117 -91 -76 108 52 -10 37 -20 -58 58 -32 -54 -19 -93 66 75 49 -51 11 103 77 -126 124
-1 -86 45 -44 -77 67 -42 -55 112 -7 11 82 51 75 -41 107 115 -6 -79 -9 79 -115 -42 -26 -53 123 -124 -65 60 98 44 -108
113 30 121 120 34 -116 126 99 42 -32 -2 63 26 -106 73 -47 -108 -99 -119 -98 -121 -52 -113 -63 60 -95 47 60 -25 103 -46 -90
-2 -41 -105 -89 -5 -52 95 -49 -21 72 -101 -91 53 42 111 -4 77 81 99 32 72 99 -64 -55 -39 96 82 108 -38 116 65 62
-82 -124 10 -90 -126 29 16 47 119 63 -96 -60 -59 125 -112 -55 -57 97 -117 117 67 -46 87 -27 -101 -74 117 -43 -38 -32 -68 -52
108 -82 111 -13 29 -47 30 -5 -2 91 -72 15 -1 -87 -39 22 -45 14 65 16 -44 -124 16 -56 -35 8 -10 3 -69 -72 -99 99
-110 -72 -80 -29 -34 -51 -127 34 -86 -119 116 -48 -46 114 46 -70 -18 -56 -34 -4 101 85 -122 53 -107 55 70 -23 -10 -33 -74 -42
-119 -10 3 59 86 22 -96 -19 52 5 -121 -37 -104 87 103 117 -109 23 -10 24 104 -86 34 -55 6 -31 -84 100 92 67 -102 -43
-125 -127 9 -2 118 -79 5 -16 32 -25 -67 29 30 99 -59 75 77 32 47 -60 125 -51 96 59 -102 -104 -81 86 50 122 72 94
-47 -55 80 -61 13 -8 72 117 62 83 81 -84 78 -122 -100 -14 112 -83 -78 67 -123 -61 -90 -38 -15 2 -13 -127 110 -40 101 110
-6 -32 70 -26 7 70 4 108 44 -22 -3 -106 -93 51 -103 -7 -101 -80 -5 -6 3 -45 48 67 122 -11 66 -36 12 14 67 -117
22 -107 -127 -97 -41 -70 -69 75 -43 -14 -37 -64 -123 -20 84 28 106 97 -61 -2 -56 -116 110 126 80 -76 -85 -14 96 75 -45 26
77 106 -94 -37 -9 -5 79 -90 -109 8 126 -30 78 11 -37 112 62 -35 -62 -103 88 -73 -105 82 -25 -86 37 33 -43 89 48 5
72 -43 103 102 44 80 72 -98 -43 57 -6 -119 -83 31 86 0 55 22 -43 123 64 -101 76 -17 -7 -37 71 -76 -109 -42 28 0
127 90 -96 -121 90 100 -53 -81 -55 -45 -109 52 -85 -79 58 32 -127 96 -60 -16 106 -9 65 41 11 29 65 54 9 -120 3 -107
-34 0 96 -85 42 -23 49 114 -52 -5 89 91 -12 -124 33 -46 24 98 59 15 -6 102 24 113 -29 106 83 38 117 35 31 -93
80 98 108 -7 -10 -98 -114 -121 -111 -118 61 103 104 69 42 -124 116 11 -85 56 -102 -39 59 -119 -44 -58 -76 -122 -38 67 67 -117
70 -107 -39 -64 -100 -7 -54 118 -8 49 16 105 68 -86 21 -63 18 -50 11 -96 22 63 103 28 8 8 21 111 -59 -58 -50 -33
-109 -43 9 81 -77 96 -113 -7 40 3 -125 47 91 -42 -36 27 -30 70 -17 17 108 100 -110 -97 24 103 67 -11 50 -70 -69 -64
-118 -76 -120 12 -69 -52 86 -62 79 -6 -34 -5 -85 100 69 -123 38 41 -64 14 32 -25 108 -55 15 -77 -33 -79 -102 57 -85 106
63 -42 -10 -49 93 24 -106 -79 122 -122 35 1 83 24 -46 -127 -80 5 64 28 88 -45 63 18 63 -17 21 121 -32 120 64 120
-46 -99 39 -110 -10 -104 38 -68 73 123 -104 42 51 88 103 95 50 25 -43 -73 -20 69 27 -95 -70 -66 -86 31 -69 123 1 -1
78 -112 -70 23 -34 116 -95 -100 2 -61 15 66 -46 -30 -73 8 -111 81 67 -67 90 -7 -112 -96 -33 -88 116 99 -53 -111 108 81
93 30 -79 125 -117 -96 96 78 97 -72 89 -13 40 20 38 -17 -53 118 73 -102 8 18 58 69 -67 124 113 -60 -26 -78 43 -7
8 -18 125 -7 123 92 23 -6 -85 -66 40 -25 -47 -7 -68 -85 106 -23 53 9 -54 -42 16 91 -74 -103 77 -39 -80 122 -36 -33
-39 -104 26 -6 -96 98 -33 117 -54 -46 100 28 -2 -108 116 9 55 72 -102 6 0 88 -110 -41 127 13 -64 -19 -97 50 -78 -16
46 -57 86 34 -80 102 -34 -56 12 -100 -10 -77 77 76 50 15 105 57 113 -121 -89 -75 62 4 46 126 -4 64 -62 56 -65 86
-62 112 -38 104 -38 57 -39 31 117 -70 79 -123 -121 -31 -35 -122 53 -13 -75 -28 -49 25 -40 93 -124 36 -38 -48 28 -98 35 69
-46 -17 102 124 39 121 107 44 -42 0 77 12 79 -105 -125 67 -49 -43 124 100 -88 -113 42 10 -19 37 -38 -72 -49 40 -118 -102
103 -7 -91 22 -56 49 -119 -111 96 -18 103 -107 43 -5 118 126 41 -3 82 109 33 -6 48 42 -44 7 -1 66 -108 31 116 -105
64 -58 114 24 -24 82 -43 -88 -27 -109 89 -80 21 82 -57 -82 63 46 127 5 -95 107 66 3 -69 81 44 15 -84 -51 69 -37
-50 -116 93 54 -37 -95 21 107 125 117 -125 126 -36 93 -8 -39 90 98 -41 17 -39 -79 80 87 16 -26 -51 -41 38 116 92 21
-3 65 -75 -54 -40 -44 116 -112 -65 75 -113 -6 68 -112 93 37 14 -50 23 -41 -8 -92 68 62 -88 79 -90 -99 110 27 -123 34
-72 -122 14 -73 51 38 -17 -96 -17 -102 -121 0 -68 99 46 114 -20 -12 -22 -73 -73 -102 74 -124 -26 -98 -39 125 -92 27 85 -99
-59 -7 74 -23 -75 -48 28 -66 -17 -61 -118 30 82 35 -87 47 91 -1 104 -100 32 82 -106 115 -5 11 -103 -31 31 87 42 -80
70 -125 -15 -5 -123 -107 -30 -49 -107 -111 -63 77 -10 -16 114 50 116 -99 88 36 -104 -44 11 73 46 48 72 -121 14 115 -101 -55
-89 -59 38 -68 -86 -33 -109 31 -109 -22 -8 -115 -22 66 -114 -99 -84 -33 79 -65 -93 -121 -100 100 -64 23 124 52 -36 88 29 18
5 83 4 -34 126 -70 95 69 -28 -59 -91 -46 -10 -11 30 14 -53 9 105 -81 -27 -20 -16 -4 26 76 -40 -112 -127 -23 118 -24
-112 -74 102 -68 -127 -13 43 94 -40 41 64 -93 56 64 -70 68 45 -58 59 -80 12 118 50 100 -120 72 86 -83 47 -114 50 75
95 40 -104 -105 112 8 -19 118 100 -34 -70 4 38 -125 -67 -114 -70 -31 -45 -38 80 -70 -35 88 103 -125 92 -70 125 -102 94 -5
-89 18 -101 11 -48 80 -115 96 -118 62 72 5 81 53 120 -96 -55 -73 38 -27 91 69 41 -65 -49 -49 -34 82 87 -118 -58 85
-33 -47 43 -5 -7 110 -54 84 70 -39 1 -62 33 117 15 -58 12 71 -114 63 45 27 99 -109 -118 -117 49 -39 -115 -91 -74 -91
31 44 100 -95 -58 -9 44 -97 70 47 -50 -65 -69 43 -118 -14 49 -33 -89 77 -9 27 82 117 12 78 24 -125 53 36 -50 -58
-12 -101 91 39 125 -86 33 -58 95 114 -16 -17 67 49 19 12 110 55 -87 -6 -10 75 69 94 25 -105 -48 -53 112 94 106 88
81 -41 -39 -33 48 53 57 87 58 -114 50 -28 -89 125 98 -96 69 42 77 66 31 89 -117 -38 -19 -51 5 -91 -84 -126 29 104
65 80 -15 48 10 -103 56 10 -54 -69 77 -16 -120 13 -108 -69 -7 7 -34 119 105 50 77 121 35 -69 -35 -6 -117 51 -121 111
1 -126 30 22 -92 115 34 19 -3 57 26 -68 -120 63 75 -85 23 87 127 -124 -10 8 16 -51 -80 19 -18 91 26 -13 17 -7
-25 26 74 32 121 49 -11 -1 -41 38 52 -106 -60 30 89 39 112 -125 -125 -84 -21 -97 59 -56 37 120 -111 95 -24 -11 -38 -3
83 119 -86 -30 -50 -13 31 -91 21 -59 8 64 -19 0 -15 7 -117 107 56 1 23 116 81 -103 -16 -4 26 118 -22 -47 -65 104
-90 -126 -55 62 -96 112 52 107 -121 -103 -4 18 43 -17 110 40 123 -18 -43 -12 100 -126 39 21 5 -77 44 -61 -93 3 -91 -76
35 32 -84 87 -5 -39 -8 -8 121 -4 -39 -102 96 92 -40 -102 -49 -47 113 -34 -70 41 -34 -49 -112 -83 15 6 -103 111 93 -26
-52 -101 117 104 -66 61 74 -49 -100 -27 -96 -106 29 17 103 110 24 -6 112 -112 -86 122 92 -12 -105 -111 2 -39 -102 81 -15 -121
-104 -13 -11 -66 -98 -116 124 55 -52 -75 -6 116 -105 24 -70 -7 -88 56 -54 94 -95 -20 88 -80 113 -23 -32 42 111 0 61 77
-67 -78 88 -61 109 87 93 77 50 -27 -11 109 -117 25 -122 -22 81 -43 9 -1 2 105 -34 -66 39 109 -113 1 122 -90 -10 -42
-34 -87 -91 -79 -81 -32 0 -90 -36 65 -53 63 44 48 78 54 -62 0 -34 -93 33 17 105 69 18 5 37 90 -16 38 -23 14
-41 75 -110 53 -99 113 -61 -73 58 100 32 69 17 -3 127 78 -89 44 -84 116 -22 127 -7 60 -54 61 -51 -59 12 -26 103 -49
63 18 -41 60 125 79 50 124 -88 56 85 -91 -8 -64 -69 -19 26 119 -44 -38 -117 79 73 -124 96 88 -2 -117 20 82 -56 -125
9 45 -91 -4 69 -103 -10 -120 84 77 -89 -66 76 120 -122 -105 -36 104 -124 74 89 -11 -104 -15 -102 -69 -19 111 110 90 70 65
-35 -3 12 27 -82 106 -35 -46 55 -67 -31 -42 74 113 11 14 -29 68 -98 0 -119 36 -119 31 -76 -50 74 125 -91 -106 44 0
109 92 -111 8 -103 28 -49 -3 -121 -51 -115 96 -124 -116 121 98 -14 -60 -80 90 -70 48 -116 -116 -45 -7 -56 -77 -13 54 113 -20
100 35 9 -18 118 69 -35 59 -97 -51 42 -9 -36 -80 110 -13 -45 0 -36 -83 38 -80 39 56 26 66 -95 69 -113 39 -15 87
33 70 -63 103 5 -106 124 121 42 109 83 -61 -41 -104 7 27 82 26 -111 42 -33 86 -68 -23 -125 -90 66 -55 5 80 62 -33
-32 121 18 -28 -78 127 -37 -45 52 80 99 112 20 -45 42 -68 67 94 -102 -90 -23 93 103 106 -39 -78 115 41 78 0 -85 48
-54 70 47 -36 -13 74 -102 41 -101 -113 100 -36 107 110 -48 -100 40 -100 13 0 69 -86 -95 -25 -102 -39 29 3 -92 120 -123 -101
-117 -32 -115 -40 -123 82 -62 85 -12 -51 45 36 -90 -6 45 100 94 -120 66 54 17 -115 13 -10 34 79 -40 -20 -2 -27 -32 -37
-90 -77 -36 -127 15 18 70 77 1 -87 54 -70 40 -1 -59 -93 99 126 124 28 -125 95 -16 1 4 89 -51 -122 120 97 -94 -91
-125 -99 -7 -54 22 93 63 -41 -90 -127 -47 7 67 -98 -70 -38 -51 -81 -11 -4 115 85 -45 53 76 123 100 40 30 88 15 -7
-27 30 -88 -105 -56 -11 96 -3 -54 27 -93 -5 -38 73 -26 108 -126 20 -17 120 -12 95 42 -84 9 107 -81 -51 -42 -5 83 47
-28 -113 88 19 -81 52 24 -95 37 7 119 -119 -71 78 -56 87 53 33 -104 -14 -23 -70 -21 78 -44 44 -75 -6 93 -5 -54 77
64 -105 71 102 -40 -53 47 -64 93 -57 44 -23 -41 32 -101 111 -117 -14 48 57 -74 -35 57 21 -88 123 -1 40 90 106 77 -25
-57 117 79 88 -1 -72 59 97 41 -113 55 72 127 -90 -1 -6 119 -4 -78 -91 -73 -57 -30 -93 7 -54 23 -22 -38 -75 -55 -72
-7 -14 93 13 -15 -61 -84 57 -69 94 -101 73 -115 20 105 97 -69 97 25 4 -39 9 52 51 -55 114 -62 -103 26 119 -2 15
-46 -47 -94 -25 78 -112 -66 65 -35 47 22 98 -29 -34 104 -124 -33 -56 -30 45 -36 -1 -34 101 22 -13 125 -68 92 -51 46 31
-42 -31 -22 -32 -5 126 88 37 -28 -1 -72 -67 61 -116 82 62 -76 -73 31 -55 51 52 89 89 -56 -39 -115 -33 109 -91 -109 110
-109 123 14 -8 2 52 14 43 97 87 118 113 -20 68 -76 -50 74 19 -122 99 117 43 31 -25 16 -103 -50 -89 -114 101 76 48
-104 -62 -119 -58 -59 26 122 37 7 22 13 -72 -115 -116 113 57 75 -112 101 39 -37 -47 -62 87 -98 119 -105 74 -44 39 -117 -16
-65 -103 -16 -117 75 -45 -19 -106 -123 -85 -97 30 106 44 -38 -16 -82 -4 -49 -123 -119 -60 41 -29 -50 -87 55 74 -54 -107 -10 -8
97 56 104 84 -48 -82 107 -53 93 123 124 -82 123 27 -93 4 -46 -24 106 -115 92 106 -22 -63 47 92 -124 72 30 8 125 -2
-109 94 -96 53 105 -19 20 -86 89 -68 22 -100 76 -79 -55 -9 -45 85 -84 -3 -14 110 -96 -124 40 -104 14 -45 108 97 -114 -81
104 -46 42 -101 76 52 77 93 -29 -109 110 -100 -62 -83 115 35 -13 80 -80 103 -90 -26 -22 36 18 -123 -51 1 91 -70 -117 -83
91 -71 97 119 -60 -117 31 118 58 86 -3 10 109 -30 -114 -13 55 29 122 -120 24 -115 20 119 0 -65 94 121 -85 116 -64 126
-127 -79 47 -3 8 -23 -34 -68 -10 -29 88 -108 -44 4 -68 -7 118 9 -72 0 6 -119 -74 24 -80 -112 -41 75 106 96 -17 92
91 111 -5 86 -124 -98 48 -68 -11 124 -48 74 33 127 -78 102 12 101 -110 5 12 63 12 -22 105 -41 12 96 -100 37 -10 39
-22 -49 -69 -4 -101 0 103 -121 77 -60 -110 -80 2 81 0 -26 0 -9 124 -84 67 -95 -10 -28 -84 50 63 -87 76 -90 0 -69
-76 -82 -39 48 66 -89 59 -64 46 47 -35 117 -121 -100 -12 -48 -99 3 63 -53 119 -75 119 -44 101 97 7 -90 67 52 -47 56
106 0 -10 -16 118 -88 22 18 -119 78 25 120 25 -88 105 -34 6 -91 1 91 63 21 -27 21 -126 9 114 -41 -76 58 84 114
-63 39 115 111 79 -121 -43 -9 110 97 -25 116 30 -31 -69 101 -46 -47 35 31 -51 71 -72 -8 0 115 -25 13 -40 -41 91 -17
103 -87 -29 -121 -123 104 86 -41 19 24 122 88 -103 13 116 124 -11 -32 -122 20 -72 -40 35 48 -68 -28 109 -18 25 -99 -82 91
-115 -33 -5 -4 46 -62 83 32 119 -28 -21 -71 -16 17 15 74 -92 17 -24 -42 35 87 38 11 -28 -23 73 22 -12 -104 5 82
-5 -69 -81 42 83 -28 22 -17 -50 66 -119 -35 -21 18 12 127 58 44 -58 109 -46 99 -44 123 -79 -127 6 103 -10 -106 -4 -21
107 45 -74 90 -12 -83 33 -58 -78 61 -48 19 -97 59 124 -5 20 -98 -20 125 -124 96 84 80 -11 -21 27 48 -22 -107 123 -99
-20 33 -66 -24 -88 -62 -2 91 -20 75 57 -124 -126 -70 93 38 115 34 -13 -97 -21 32 28 2 46 47 -17 -83 -22 109 6 17
54 -100 119 24 -107 3 -12 -60 8 -126 -87 -77 -94 -36 -100 -33 -25 52 92 113 42 -5 19 -86 -12 -96 -4 -13 -65 -48 -56 -5
59 53 89 -107 -82 -85 75 93 -97 5 -99 -95 88 119 61 9 67 115 -117 20 -127 -84 -59 3 -54 -70 -47 -74 40 -70 35 84
-10 -4 45 -84 67 -2 -117 -12 11 -22 -67 -67 105 19 -123 -69 45 114 104 -118 -78 63 43 -89 102 -87 123 -110 55 112 40 18
-57 55 -98 38 70 -60 78 -19 29 -27 -90 72 -28 124 -101 113 103 -38 102 65 -47 -39 -31 -85 7 -36 -65 18 121 -80 -107 -65
-12 -55 14 57 104 62 115 103 -61 -37 -78 97 -24 0 87 -65 98 86 -79 -53 -111 60 27 -15 47 32 -67 -106 94 68 73 -81
-57 -15 98 -73 -95 78 42 -96 44 38 -70 -57 6 60 71 -116 60 22 115 -17 -123 -38 -74 30 -49 6 -124 -90 92 -22 -93 72
115 -84 49 103 -113 -25 -29 -34 -104 121 -33 50 35 -120 85 16 -126 -67 110 70 -126 -33 -13 -19 56 -99 -35 21 -10 -49 -72 -24
31 -35 -64 83 42 -123 90 80 96 116 -65 24 111 94 -100 24 64 -21 -67 20 111 -122 84 -42 80 105 -62 91 106 6 107 -6
26 -42 -83 98 -104 98 -27 89 -78 -106 35 -124 -22 -118 -48 -113 -121 -31 21 87 -25 -57 -99 -124 -25 -65 84 75 107 126 -72 29
-98 104 -82 -75 18 -101 -51 4 -75 24 122 18 -112 -77 -67 -49 95 61 -31 14 -2 47 -58 26 -120 -46 116 65 53 127 32 40
-10 -50 108 -124 61 88 -92 29 -98 16 17 -90 -61 51 76 121 104 -120 -45 -114 -94 -83 114 33 28 42 -2 -108 -29 98 66 120
71 -89 24 103 -126 -78 -115 -21 35 84 49 18 -114 -25 -54 61 99 -108 -74 -33 -85 79 21 77 124 -121 125 -90 113 55 116 120
-60 -57 -110 88 60 5 27 -115 17 45 -75 88 -86 98 -74 -16 -82 -17 28 6 36 76 -43 44 108 78 -94 35 -36 -123 -15 -23
-69 -49 28 -23 -93 -110 -82 -102 -103 -72 74 90 5 17 107 26 -27 -85 -7 -5 -99 -101 43 64 93 -94 65 56 13 85 -87 -21
17 -107 81 119 3 -59 97 -49 3 -123 -118 94 -55 118 -112 -17 60 91 -101 -67 -91 -13 -4 -58 23 1 44 -103 109 113 -65 -10
25 -101 -112 27 -36 18 12 -23 19 -38 0 -74 -20 -98 119 -43 -6 -3 48 -43 23 -125 110 29 -73 -43 -33 -122 -58 10 5 102
-22 -16 -91 81 -53 19 -48 84 103 38 -89 -89 -47 -38 123 -22 88 26 -11 65 89 -122 -35 -94 -41 76 -78 -37 56 28 -16 -88
104 -37 -70 -106 79 55 80 96 -82 78 -69 65 29 -20 -29 108 103 98 40 88 69 30 -53 59 -121 20 117 123 -84 -99 18 105
53 49 -9 40 -56 -115 -41 81 -11 -2 58 79 35 -20 74 92 112 -51 -76 -74 123 77 -34 60 -27 -88 -58 -97 14 100 97 -65
-12 89 -90 76 -41 67 -95 -113 -42 -127 69 -63 110 -75 57 74 29 86 -34 -92 13 -63 -83 122 107 73 -54 76 -52 85 -66 -75
-80 68 -26 71 10 38 38 54 52 -45 -11 120 -51 -56 91 46 38 116 -24 -68 -21 -1 51 3 -1 -13 27 13 -14 74 124 -67
107 27 -79 -11 14 98 -125 -29 -59 31 -80 0 36 -12 -108 46 33 -47 70 -23 71 91 94 -14 -111 63 27 -96 -66 -52 40 76
7 87 -4 38 -22 123 -8 -12 96 27 117 -99 -102 -43 79 76 68 88 -1 -125 -20 -17 39 -109 98 83 -118 55 -80 -42 -14 27
-23 60 46 72 2 -54 30 33 -112 -56 -76 -38 48 52 -80 101 68 83 10 90 93 94 81 -47 -86 60 37 3 -97 125 85 -125
-42 108 50 90 40 -1 -59 -88 80 2 44 -63 -121 127 112 103 -59 -75 -106 58 90 57 -44 -73 25 -87 59 -123 77 -5 -82 -12
40 76 5 -61 -72 110 9 -120 12 -35 -105 -5 -84 -115 -109 -116 -61 14 102 60 -103 115 66 -36 -37 -13 -78 -52 47 -68 30 -14
116 -46 8 9 -59 -1 31 -82 -5 92 -66 -30 -37 30 54 111 -90 93 78 -21 6 105 -30 -9 61 35 102 103 -111 106 -101 -61
101 22 -97 57 1 55 115 65 -63 -31 114 -46 30 96 23 -115 -29 124 54 46 -73 -76 -54 4 22 -57 69 -86 3 85 -84 82
63 -79 17 -91 82 119 -51 103 39 49 -27 14 27 111 -92 -49 116 -81 -43 -39 69 118 73 -89 50 110 117 -86 126 31 21 88
-102 -121 27 11 85 -100 107 16 24 98 75 -127 1 -121 -118 -30 100 20 -39 41 91 -53 39 -53 -112 91 -17 -60 -59 21 -52 67
87 -71 -4 12 -17 103 -46 -98 -10 10 -17 29 -33 -60 -28 -63 124 83 98 -68 -75 36 32 -7 86 60 -67 114 92 -104 -60 15
-59 -82 7 -70 58 39 5 -33 -57 -116 79 123 -38 -121 -79 27 -106 25 94 -118 48 -115 -76 -77 36 111 28 21 27 -73 71 89
27 -94 -48 110 -42 93 61 121 -111 86 103 -90 -104 91 -66 -110 -54 -76 95 -112 114 127 120 -106 69 58 -55 76 -92 115 -29 71
-91 12 74 -93 88 50 -122 111 -13 87 20 -101 84 92 102 -17 115 10 -17 -86 55 -4 20 0 38 100 -113 -99 44 -26 -106 -31
110 5 17 27 61 89 -94 -84 91 -7 11 -35 118 93 114 -99 -41 36 121 56 -17 -110 52 101 -52 -29 -113 -127 43 58 -82 74
-57 -110 26 -91 -73 -39 99 -77 47 -79 81 15 -101 109 70 68 -95 125 -64 75 33 -115 90 37 19 -115 62 53 -33 -6 -96 -33
104 -115 -52 70 -94 -22 -49 -102 -8 -105 -21 83 30 89 124 48 82 -100 58 -32 -71 89 56 -111 52 -86 18 65 71 9 74 -65
40 92 -19 51 -48 94 -124 51 59 120 -13 -35 4 116 110 33 -119 93 -33 88 -100 -98 86 -49 75 -2 -51 19 3 -59 23 34
-21 108 15 53 23 1 36 68 63 -14 10 74 -4 -10 -33 99 79 115 -105 -45 78 92 -125 -48 -10 -76 115 111 19 -40 94 52
94 -38 38 -51 87 -20 9 6 72 8 -10 -17 -30 -67 26 -7 91 -43 127 101 -16 -41 102 29 30 51 45 -101 -52 115 8 -113
31 26 -20 120 28 63 25 85 -32 -58 -94 69 -22 125 12 24 -122 -65 -20 50 61 26 -5 32 -114 82 50 -72 34 49 70 112
-75 -112 -58 2 119 117 -14 -68 -57 32 89 -103 -12 -102 -20 13 39 -116 75 81 -59 27 -14 73 72 -51 24 77 -35 -28 15 -80
123 -34 -83 3 -85 98 -47 57 -91 -21 -55 27 -15 118 -96 76 -70 56 -41 -47 -73 48 -112 -99 -120 -103 -45 5 -76 54 62 60
119 32 -56 27 87 109 -104 -2 25 68 64 -6 -81 44 -81 -4 -32 -117 54 61 -97 -76 39 45 11 -64 47 25 -75 116 -119 -112
-14 106 104 -88 61 -116 -85 -124 9 -3 -51 79 22 -14 -45 -26 42 -102 64 -90 -25 82 -91 83 -101 105 8 20 125 101 33 113
-114 -9 96 -23 85 26 -87 -65 -37 -72 -23 18 24 -118 -11 -85 -4 91 7 31 -18 -24 19 -15 -123 73 96 3 33 10 55 -33
-63 101 -34 -123 -83 -89 103 -23 -55 69 85 109 -2 5 -99 -10 -2 35 62 32 11 54 36 -14 -8 -44 5 85 -1 -98 -49 -105
-58 105 40 -116 -31 -84 43 29 79 58 -21 -34 13 -99 51 11 40 50 30 -116 -95 121 19 -93 -26 -113 11 59 -26 58 37 92
-64 -106 40 -24 79 -113 -87 118 -15 -63 123 -115 -1 -91 -20 38 -36 84 -115 50 40 -46 -6 94 -61 -35 -44 119 72 34 -1 80
-40 33 -111 105 -46 116 57 -32 13 115 -65 -11 104 75 30 -98 119 66 27 46 89 -41 99 -23 -102 -22 79 -45 114 82 -24 32
-72 -45 66 59 -123 -98 -76 -123 52 -24 -7 50 -80 21 94 90 112 29 -72 -121 -3 -104 -50 20 43 -1 120 62 -63 -68 -93 86
-51 -27 -108 92 113 -83 73 58 20 88 -23 -25 47 -123 -27 -92 12 -9 46 -43 123 -52 -98 -94 -33 121 -76 -36 7 68 27 70
-36 48 -14 -21 122 -42 -82 -114 105 102 11 112 -1 -120 91 32 0 121 -26 52 121 23 79 84 81 69 -92 75 79 101 -125 93
-55 93 -17 105 -55 -32 107 36 110 -126 -27 -27 37 -84 31 -52 38 56 65 92 -7 -33 84 -41 -74 -58 96 2 -10 77 37 72
82 24 -74 66 -60 117 -31 -58 17 52 -127 -47 -13 -73 -19 -117 -93 -33 89 -110 124 46 -70 64 53 -61 27 52 -41 -67 -65 -57
-99 -17 -118 20 -2 -50 118 -119 -12 41 -18 111 -14 85 32 29 -111 -35 32 71 -6 -121 -53 105 -15 63 -96 -120 111 -67 103 -45
-95 -111 -46 -90 100 -93 -98 -36 -3 -125 30 17 -73 -124 -110 14 -19 27 16 79 -108 -43 88 -60 -76 115 -24 123 97 42 36 67
-63 -10 -110 3 43 -95 52 -121 -112 29 -18 52 -66 111 56 11 -63 -18 -4 -45 119 -73 -11 41 59 -67 -30 2 -120 99 83 -50
62 13 -91 40 1 -23 86 -14 12 -53 79 121 -49 98 92 85 -101 27 -17 -33 49 -71 118 -10 -54 10 -111 -99 -88 115 47 1
-12 -100 -92 -96 -65 -95 37 8 -66 24 -30 -110 70 20 -18 -24 119 43 -104 95 27 -68 48 123 -66 -91 -30 91 61 -105 50 -47
36 19 -46 111 -85 -46 71 42 120 -76 103 25 -46 -47 36 123 -29 -94 -26 -13 2 78 -21 30 -68 -104 -101 121 -98 44 124 47
-93 8 -49 -121 -70 63 -53 -54 127 111 -12 -21 104 118 99 -62 22 34 -88 65 -15 6 -13 -11 107 35 -68 -107 4 105 -13 59
25 -52 124 63 54 106 -92 45 -20 -96 24 -81 -106 -9 71 49 124 -75 64 69 54 -106 -119 -5 -77 -57 74 17 100 -76 121 69
-77 -45 -56 77 -13 -26 -108 -30 76 -69 84 -75 54 47 -71 78 115 123 32 -60 68 -99 -50 -113 -41 -1 38 99 -22 -85 -54 -56
-52 -90 68 121 -40 -120 70 105 -79 -49 -56 -114 -64 28 -98 21 -99 50 45 -52 -46 121 21 -83 84 -72 -37 95 1 -68 -77 97
17 -88 -125 -94 -71 -82 -105 -114 -24 -103 -38 118 102 -70 -27 60 5 114 -27 -124 -73 12 22 -99 8 112 69 -46 44 78 -119 -35
69 0 104 85 96 -27 114 -115 94 52 -20 121 32 4 -10 -105 39 75 126 111 50 121 -78 -1 9 91 -70 -34 -69 26 -83 52
47 118 5 -68 59 89 -79 -64 -105 55 -122 -32 3 -41 24 -91 -21 20 107 -12 -93 -40 80 -107 14 61 67 -126 -30 -64 -28 69
26 -106 -88 70 88 -115 -9 -118 31 -97 -70 -105 -62 3 17 -32 84 87 26 9 -45 23 112 -106 -118 68 62 -64 3 47 -23 110
13 119 102 -28 74 118 95 86 85 -105 30 -84 42 -119 38 78 119 -116 -93 -79 -117 -67 72 -73 38 -43 8 71 -31 119 -109 13
-122 -115 -15 -32 50 64 73 81 -75 113 -67 42 46 24 102 -29 -111 117 84 105 -59 101 5 7 -69 50 -24 0 -26 -13 52 -71
-94 -46 17 -45 -1 -13 -21 -18 35 92 -23 81 2 -114 116 93 73 -39 -118 -44 -25 104 -23 -23 -78 42 -25 -39 -61 95 47 -73
-126 -127 84 89 102 55 40 66 -44 -41 55 109 -78 11 -84 113 -26 -21 21 -10 4 -9 -86 -63 -14 -118 -126 66 -14 46 -37 -107
112 -40 23 -5 58 -11 43 -9 -57 69 -125 115 106 -82 25 41 -123 18 -88 -73 -21 -34 -96 -122 63 109 90 -82 -83 81 29 124
43 -106 79 6 39 86 -123 -67 102 110 -108 53 -75 29 88 29 -55 32 -106 -60 -122 -112 31 -126 53 -102 -59 55 -126 -9 -13 90
-48 -4 -60 -80 -112 109 -101 -7 -54 37 4 -43 -73 18 95 -85 -106 95 -82 -29 54 -44 39 -42 111 -94 74 56 74 50 -120 70
98 -72 55 8 51 -126 -23 17 -58 -96 91 -27 -126 45 -11 -24 10 -2 -126 -111 -113 120 49 -32 79 108 -6 123 -10 -109 1 108
-38 90 51 -112 -68 97 110 -94 90 -93 107 69 -45 85 -62 7 -57 -33 19 82 -53 -121 -108 -44 -110 -90 -16 -4 104 52 -105 -115
-75 -73 -103 -75 112 -63 -73 -12 104 38 -112 4 17 117 -22 67 63 -30 109 73 -123 -101 13 -113 122 25 37 -6 69 -109 -113 -33
105 -80 120 50 -79 -60 -92 -116 -52 110 -114 31 93 -66 -100 88 -44 -53 98 125 41 -38 68 -22 -35 26 -121 -36 -112 -118 -112 -38
-49 3 124 -16 -19 125 -9 71 83 -101 -74 117 82 -83 102 84 -119 112 -86 94 20 38 -41 -105 36 5 32 56 75 16 -100 109
-32 118 -117 -103 -59 -33 -124 -59 89 116 -109 88 14 -114 -56 109 124 39 117 11 -60 16 29 12 -41 -112 -89 -56 -2 -114 51 -125
13 30 92 8 -62 83 124 -110 -86 -99 111 -100 -46 12 -103 127 41 94 119 44 119 105 78 -54 -50 -15 41 -88 -19 117 -53 67
38 -40 -41 -92 -66 30 -37 -75 -92 -18 65 69 -93 -34 -59 -49 -108 120 -22 30 121 9 94 -125 -106 124 -7 -107 7 -16 47 0
72 -94 43 91 33 -25 -24 -90 -80 -11 -87 -72 -127 -13 123 101 90 111 -52 -90 54 -55 -93 89 -98 88 -1 34 -100 72 44 -13
-50 -109 127 -44 101 6 -95 -125 -99 -58 -93 -78 -46 107 107 -63 -60 126 71 42 -62 82 -16 120 -50 -110 -120 -51 21 -54 -32 59
-64 64 65 -82 115 59 120 8 23 -116 48 -98 84 4 59 -60 -41 -73 100 -63 -97 67 -70 68 -27 -104 59 -81 -29 22 -45 -28
-80 115 -46 -73 92 -22 90 -13 25 29 19 4 -10 -122 84 73 -79 -99 63 75 60 -95 60 44 -66 -41 -85 70 6 -81 -63 -111
-23 0 17 -48 52 -96 -36 62 76 -40 41 9 24 124 -53 110 -25 113 -87 -99 -27 -39 -85 -81 -85 -103 -31 -33 84 -121 -49 32
-101 -19 -43 61 -40 -125 16 -29 -61 -57 26 -34 -46 106 -65 53 72 -94 -121 -23 -39 -23 26 -35 -22 10 -76 65 117 -93 84 35
-23 -88 -47 -36 -10 -115 -75 39 -107 -97 45 26 -117 29 31 -46 -111 91 93 -91 -65 -83 101 73 102 113 -19 -78 -44 -2 19 81
-54 122 -5 -83 -113 -98 -63 -84 -127 -122 -62 -36 -111 -107 -125 -45 21 -23 50 113 -13 32 4 71 -105 67 -25 105 -6 -123 39 -102
-104 -21 -75 -97 -16 94 43 38 -32 125 71 122 7 127 -1 -41 75 52 57 39 112 25 -62 114 18 -88 -90 -103 -80 1 93 -36
119 -11 2 -84 3 127 89 -35 -64 -80 98 93 -74 -23 -37 -37 30 29 96 -61 35 -16 117 -16 16 50 2 -87 -62 -2 -89 26
17 -55 58 8 -82 88 -68 -77 -121 -114 -74 105 -75 -118 -63 29 24 110 5 -59 16 25 -82 122 -28 114 -108 26 -10 103 85 -76
10 13 30 -24 -12 -91 -113 65 -74 73 17 16 57 -41 38 117 -85 116 58 -46 -3 52 117 59 -13 45 -62 -72 -50 63 -49 86
13 33 -6 22 28 -85 -90 54 -57 11 46 -7 30 87 52 -45 -104 103 -33 -40 67 41 -28 78 66 -87 17 -105 2 62 40 -61
-85 108 -26 -101 58 -66 18 -19 -58 -115 -20 -105 -51 113 114 69 31 -83 125 -34 -75 -24 -74 -38 -84 19 -47 43 -60 26 -84 30
-99 -62 89 -87 -62 103 25 52 -19 -117 -50 -53 -92 -115 -36 117 -42 -99 61 -55 65 -27 -53 -41 88 47 28 -66 119 20 -105 31
11 7 4 -105 51 -27 -55 -121 -89 -40 -98 117 -100 14 -55 28 -108 9 25 19 78 1 101 85 30 118 40 -29 41 -62 17 -96
-90 -119 32 127 -92 -106 30 -73 -90 -97 38 -93 81 55 20 6 16 82 -32 -96 -11 -123 54 -124 94 91 111 -97 40 14 -60 52
-125 9 66 13 -5 63 16 4 102 71 14 110 -16 94 69 56 -122 105 82 118 -111 32 50 72 -71 83 -72 34 69 117 101 108
-99 122 -91 -84 121 -19 124 -45 -34 115 -9 -64 -117 102 48 92 -12 -7 118 42 74 -13 -98 94 -16 54 53 -49 84 -47 -71 54
-78 -108 33 -123 -12 127 -26 -52 75 -61 -82 115 -25 -35 -85 111 72 -47 -34 -77 104 46 -83 -63 -72 106 125 -39 41 -47 121 -77
-46 20 -123 43 -46 94 13 7 47 62 122 -31 -42 -31 45 61 -3 26 32 37 33 85 107 -79 32 63 -94 -100 -64 14 -13 -54
-75 27 3 25 -19 22 16 54 -42 -19 53 14 26 -42 93 -64 40 49 0 -103 -71 125 -56 -15 -41 57 -71 -48 -112 -93 21 -108
12 -119 -60 61 -94 12 -18 -8 14 -44 66 -53 -117 64 -37 -84 44 -35 -30 -58 -13 -75 25 34 92 18 20 119 91 -115 -116 -8
104 -51 -59 17 15 12 -35 12 48 6 58 -44 -114 -88 80 -7 60 -2 87 -37 32 -34 -82 -110 50 75 -53 -43 92 68 72 47
-1 -27 111 -88 70 59 -100 85 -68 -75 16 99 -48 103 87 9 -31 -31 -16 42 58 48 -79 -50 -2 -117 -57 -5 -45 45 -45 56
-104 28 19 -13 56 106 54 -30 -25 44 -63 -87 -124 -114 59 105 87 45 99 102 127 -39 -32 57 4 26 -21 30 -4 94 37 -99
-106 23 52 77 -15 5 11 60 -122 98 22 48 52 -4 53 26 112 -113 32 -126 -23 42 124 12 -101 -94 -122 115 -85 -76 -14 -56
-41 -108 -69 65 123 -51 -72 -123 -4 118 -31 -122 -58 -16 117 -62 44 96 19 -25 99 81 -9 108 70 27 66 38 -85 109 20 92
81 -5 15 109 39 -82 2 -17 58 -91 -109 32 100 -82 -43 -108 49 20 3 106 32 32 -66 -125 -29 77 46 63 44 -118 59 62
81 -57 63 -121 112 -6 -24 32 72 -7 21 -116 20 -101 -7 117 -93 -112 84 106 16 -127 -92 116 -38 -55 -25 -33 61 67 -120 115
41 112 96 -31 77 -73 18 -48 50 127 82 -22 -103 67 111 -7 126 -31 68 119 -127 -103 74 110 112 -50 -58 104 45 81 43 111
-97 6 -119 119 -13 -30 -63 -41 62 -33 -123 -71 -25 -115 -60 -73 75 -20 115 -85 5 -119 -29 -83 -73 90 -45 61 108 26 -86 6
-85 34 107 57 -105 -91 -23 32 22 94 -67 -59 89 23 81 17 15 -95 16 59 77 65 -16 51 -64 -14 -67 -43 26 61 -114 -50
-52 124 12 71 51 -2 -70 -98 97 -60 60 11 -76 74 -7 -52 114 -64 52 -123 85 -26 -117 -55 -51 68 -41 -38 -4 102 34 -6
-57 -78 -79 48 121 -15 -108 -100 -123 -68 112 -10 -27 81 105 104 -125 81 121 -47 24 45 -15 -81 -4 46 93 63 -116 21 -89 -41
-88 92 106 -123 28 110 -8 111 27 1 112 -117 -123 68 -55 80 -29 -104 19 -111 -73 43 -114 65 -118 -52 -121 7 -59 82 73 58
-38 41 -47 -121 1 -61 60 -88 56 70 60 30 -46 33 -94 -30 74 18 -120 4 -125 51 65 95 -119 -67 1 -94 38 -17 9 -51
98 119 -58 25 127 -61 -11 -16 -52 -75 102 31 -62 -64 83 123 33 -54 -111 -16 -35 -118 -30 -118 22 21 -17 16 -70 -58 -48 67
-101 93 34 -104 18 -28 -16 63 79 73 2 -91 123 18 -9 -73 80 22 100 31 100 -111 63 -18 107 124 -46 92 -34 -50 53 -88
-99 -54 125 27 18 -76 -47 -104 48 -76 -64 -107 -122 115 -69 112 -109 -33 85 -43 64 -8 64 -65 40 111 -80 107 -83 -56 -105 -53
-17 -119 -85 45 -113 -54 104 113 -99 42 9 -34 -52 89 -108 -75 71 17 89 107 -8 -80 -5 -106 -39 25 122 30 96 -81 110 23
-50 -76 -96 52 24 -19 56 -85 -60 15 52 127 -58 -86 77 -45 -64 -43 -40 -25 -113 -114 -102 -38 66 62 63 59 -99 -18 34 -82
-81 -121 -45 22 -82 -125 -96 15 -61 53 4 -123 -13 -64 -71 -66 -64 -7 -71 119 -120 -63 -56 -106 -83 42 -43 119 -93 -92 -30 -10
-62 33 118 39 -42 14 -66 41 109 -39 -91 -84 -51 30 -103 -6 97 -10 -9 35 -11 8 -57 1 -3 72 76 118 22 -97 113 -44
66 -29 117 90 -87 -70 -64 -49 71 107 7 97 -63 -116 -84 28 49 -95 64 -98 121 92 -30 23 16 45 96 45 -24 90 -8 -86
-76 37 -102 -35 32 36 -71 61 67 61 -30 -17 -45 113 -69 62 10 -37 -39 -99 -110 -91 42 15 115 -102 36 96 -117 9 -3 -49
-37 53 -38 23 3 29 -122 98 -30 55 -65 -56 74 -74 -8 -63 43 105 114 -50 109 -123 50 101 -123 120 -79 -64 -127 53 24 -37
38 58 -6 29 -123 69 46 23 10 -2 95 61 114 44 -38 79 -76 28 28 -16 -88 -26 -59 -7 22 19 -17 42 35 -125 104 -96
117 85 122 126 122 -48 -69 103 10 -103 -70 -118 -20 35 44 55 -2 -85 94 93 -118 41 10 8 -98 -89 74 -122 70 75 -63 60
-102 -40 -26 55 -125 -59 -22 78 -55 -29 62 49 102 -20 119 51 75 88 122 -120 -92 -56 -9 29 9 17 80 9 84 -25 91 -113
26 -96 116 41 -82 111 -96 -117 100 -50 -43 63 79 55 -114 -101 -45 -97 116 -45 -29 11 -67 -86 -97 32 33 -3 57 58 114 98
52 -16 -82 0 -95 -18 -34 -26 19 118 53 96 -52 -99 22 -105 -39 -49 65 -97 -35 -77 -107 -107 102 -53 -8 16 99 54 26 -62
-25 -114 85 28 -45 -35 -33 -81 48 80 92 81 -68 -13 119 14 -17 3 -43 104 20 -65 -29 118 60 9 87 14 15 -101 29 106
-104 -97 91 -41 116 -123 -16 -104 -53 2 96 105 113 -98 3 26 73 -63 -107 -107 -28 -118 -17 -7 102 -7 -110 -98 13 13 -52 116
-118 35 77 8 -110 7 -35 -5 77 -37 -59 12 -32 -103 97 -45 -101 82 126 -7 -6 -35 -117 -78 -38 26 -42 -113 25 -110 103 46
72 -42 -98 65 -93 63 -93 -89 81 -39 -42 111 2 -110 -75 -58 97 67 8 32 -89 37 -39 -46 -16 -98 18 13 4 -48 -60 -125
-41 -106 -67 -31 102 18 -76 66 0 13 -91 -122 97 43 106 94 -123 122 -61 -5 -87 -96 -100 59 98 -89 99 -60 -80 -94 -70 -14
94 38 52 -105 -73 53 55 -74 -106 -62 6 41 102 51 22 104 109 119 47 35 -26 -102 126 109 -5 28 42 102 108 40 -66 -71
32 -84 -102 -123 -117 -64 117 -50 88 114 81 66 25 105 35 26 -2 29 -49 55 122 15 -80 50 -96 -10 38 89 11 -87 63 -90
43 -78 -92 -4 2 -112 -95 -88 -76 -86 22 -83 -120 -99 46 83 -95 -51 123 57 26 60 -18 73 117 57 -81 80 -48 126 -113 76
-75 80 109 53 45 5 -79 -82 -55 125 -35 -6 -53 119 31 -33 15 -104 -62 127 -85 -115 61 15 16 -43 41 49 -104 -111 20 -105
-26 83 -69 -53 119 -97 -29 -18 91 39 -56 102 -125 -27 -10 -21 122 99 69 116 93 52 7 99 52 31 -119 -74 18 -89 92 110
-8 103 117 -79 10 44 -2 32 -48 97 10 49 102 -82 13 64 103 -67 -56 21 25 -46 89 34 -14 -58 66 -78 27 -125 -9 103
74 -13 72 102 -68 22 91 70 108 14 -95 29 8 54 50 -35 96 2 -85 -17 -82 -108 95 -51 -106 70 -74 -96 -127 -5 -110 51
-20 -72 91 -38 -88 -122 95 -106 -83 19 6 68 40 37 52 109 -9 100 120 -72 -63 -110 71 83 -122 -44 -50 -52 10 -124 -41 -70
115 62 -10 -19 34 60 20 -87 2 -97 -25 42 125 30 108 13 -120 -96 -119 12 70 38 103 75 -47 101 -21 -38 42 25 -124 74
-6 115 52 62 90 -119 -42 -97 -81 -121 -17 -13 17 64 2 -62 -96 -124 -19 23 5 -14 86 5 69 6 -126 -105 3 19 -46 113
33 113 -62 121 114 -85 -118 9 83 14 -112 -67 -124 -9 -98 -46 -47 -45 -113 104 71 61 20 -111 -120 29 -52 -111 48 33 -88 -19
80 21 56 51 123 -91 60 -3 -33 -12 3 88 48 -41 95 108 28 -51 -47 -84 -85 95 -37 -81 -48 -43 -110 38 -40 -114 -86 69
33 -117 17 -76 -9 -108 41 118 -13 10 22 88 -34 104 -82 -86 -49 47 -10 -62 110 8 -107 -72 54 45 -17 -56 -125 -116 -34 -115
70 38 -60 -21 -60 -81 -25 102 -102 -63 -118 -43 -50 -84 -83 -45 117 29 -96 78 -46 116 -54 1 98 41 1 -71 27 111 44 -41
121 -68 19 99 -66 -91 40 -31 -80 -117 -16 30 82 -75 112 109 26 -118 62 -40 41 58 39 89 -82 -50 75 -125 -123 -6 -93 54
104 -56 30 4 -7 -69 -46 127 94 22 34 114 10 32 -112 -18 -68 122 46 -36 -26 105 39 -8 59 -66 -57 66 -1 -115 127 55
66 -43 63 86 -52 -51 120 31 -36 16 -41 105 -56 58 -81 -9 -63 61 125 84 -32 120 -55 27 -52 11 -126 37 -97 0 -45 42
31 -48 73 122 27 -39 85 -126 -79 120 -121 80 2 -54 -92 34 61 118 127 -78 -79 100 78 -101 -50 29 28 -24 -92 -26 120 93
111 -23 58 -35 69 -45 -30 -113 64 53 -101 -34 -67 -107 -74 82 115 -100 91 -76 -102 -119 -98 -39 20 -74 73 97 -53 -54 -64 -58
91 -22 -3 -62 -4 125 -54 -47 -71 -103 -89 -88 -62 -53 -13 43 44 27 35 -55 -76 -57 79 -22 -39 -90 79 106 -89 -27 -99 -38
-16 -63 -105 82 -92 61 100 -73 58 -54 41 10 -127 -116 -11 26 113 57 102 104 -57 -52 -96 39 107 -96 126 72 104 -102 82 -48
20 9 -20 -92 -55 -126 79 -26 70 -58 -64 -109 9 46 43 111 0 59 -85 -84 2 69 115 -17 -126 -26 27 12 -55 62 -56 44
-53 -26 24 -48 -90 121 -15 33 -85 -102 -116 102 38 -36 11 -88 -13 -52 -39 112 30 -67 61 81 -11 -60 124 -74 42 85 84 -26
102 -111 -52 -105 5 -56 -56 -90 55 94 42 -1 -117 -103 92 39 -127 -29 -55 -33 83 33 56 30 -66 -31 -76 106 -32 -42 43 34
58 4 -77 29 61 46 -72 33 74 37 -68 -7 -49 -7 39 13 -110 -70 -80 105 -25 -21 27 98 42 26 44 88 12 56 -27 99
55 3 35 100 94 37 -64 39 5 -114 -81 -27 115 17 96 -124 -110 -37 3 64 -41 122 23 119 -73 91 -61 -102 82 -61 31 50
77 121 7 -31 66 84 45 82 93 112 27 36 29 -61 1 97 -125 12 -81 -120 117 -22 59 4 -72 -110 -54 -49 61 11 15 -14
-109 42 56 52 -61 -104 -60 -113 -87 -52 -50 15 -13 -42 -12 -114 -3 34 -56 74 -38 84 5 67 12 23 71 -103 -79 -40 -91 112
-95 86 -25 -115 -14 64 110 -62 57 -30 82 -70 -43 28 78 -61 -9 20 -22 87 100 104 -91 -119 -67 -4 -85 -79 -46 102 -77 90
-24 24 88 -86 -4 62 83 -3 -81 100 44 114 77 12 -118 -2 52 -126 100 10 114 -107 -53 126 -9 103 -79 83 -26 -57 -40 59
-65 94 -17 -31 -99 104 120 9 -113 94 -1 -39 83 -3 -13 -105 74 -122 -124 -98 -15 -123 28 61 41 -78 38 24 -74 -86 -71 -13
50 -42 -102 109 100 16 22 -126 46 28 23 -114 -22 100 -117 43 92 -117 113 116 122 -101 -121 1 -43 -123 -118 99 13 95 -121 95
37 -23 -10 4 -2 -83 67 -121 33 -45 3 6 -76 98 97 84 -31 98 -93 -14 -62 -118 -16 15 -114 -123 -28 -15 8 -4 126 4
26 -20 33 45 -12 0 104 -28 -104 12 56 29 -110 120 15 69 23 57 -123 127 -118 118 -74 -38 67 -108 104 77 58 0 -60 -60
-122 -54 -116 76 58 1 -58 -74 60 61 -80 -72 126 53 -44 68 126 45 104 -46 -105 -90 -38 58 91 18 116 -102 52 -118 -63 91
31 77 -3 59 -54 -90 20 -43 -18 4 5 76 83 -76 -106 103 51 103 -101 -42 -9 72 -4 46 79 1 -90 -7 -43 -111 -50 -123
73 -91 -79 -30 122 7 35 92 109 -48 -28 122 -75 122 -74 101 -92 -74 28 79 -26 -122 21 -51 50 127 -84 -102 73 -55 -38 -92
-116 6 22 15 110 20 46 -82 45 118 66 -112 -78 74 -102 -70 -60 27 68 90 94 108 -3 37 -26 -68 29 84 125 45 17 116
-11 71 58 -101 58 -5 -41 -6 -1 88 4 72 41 62 -3 -68 -83 107 17 89 -21 -72 116 42 -100 -116 104 1 -76 38 61 -27
76 -73 103 47 -8 53 -28 -42 -66 -57 -36 33 -115 -122 55 41 0 -10 75 90 105 21 -2 48 -81 -12 -82 52 -70 25 -69 27
4 21 -43 91 -123 2 -98 -75 -96 -127 3 92 -9 94 -86 -102 -11 77 -51 105 41 -51 -66 122 61 87 -33 -79 -31 21 74 -76
89 66 73 -39 -40 -67 -106 76 -52 -57 -49 6 69 -118 65 0 115 -37 86 -78 35 -124 -86 -105 -69 -46 -100 -70 118 48 15 -63
20 -116 49 -89 84 -78 105 121 125 84 86 -10 125 -32 121 12 57 10 -46 -1 -106 75 3 46 21 80 -84 105 -75 126 39 67
98 -12 56 -15 -125 45 15 -72 53 -88 0 -84 -63 -115 118 -92 -15 28 -117 58 112 -76 -30 -109 -103 75 -19 52 -115 -100 -37 -1
-18 -62 -30 -67 31 16 -55 -69 -26 -111 59 29 -62 45 46 -76 77 -57 -28 -88 -60 124 53 -119 41 -61 106 -88 62 114 -86 -4
-79 91 -7 111 -23 -62 -60 -48 70 35 -16 -65 -114 -50 84 79 -34 100 112 23 -26 104 -56 -97 31 40 35 -8 18 2 -103 91
-104 64 100 -119 -101 61 -74 26 92 -66 -9 -3 -80 112 -73 55 -38 -64 112 -114 125 -117 23 88 -57 120 -70 116 103 51 -35 -121
-14 92 71 -69 -45 58 -88 -126 119 40 83 95 -72 99 -123 -112 -62 -16 -107 -55 -86 -52 -16 85 -38 119 121 39 -16 16 -67 71
125 75 120 63 -98 -49 -84 20 -67 110 -18 -56 -115 84 92 122 -40 -61 -95 -22 31 -29 -86 -34 36 48 112 106 -121 -55 62 -6
4 12 -107 -49 104 -117 53 -35 112 -113 54 125 116 -102 88 -4 -16 -57 -28 79 -48 4 92 -33 -124 -34 -70 48 96 -92 78 97
-31 38 -50 70 103 -66 80 -107 -63 42 125 -115 113 111 86 109 -60 -101 -60 80 -66 72 -6 -52 -116 -126 112 105 118 43 83 22
41 -107 -11 57 -16 -18 -86 -9 50 -9 -121 124 61 -67 62 96 31 7 -3 52 -74 -65 -52 84 -24 -4 77 85 105 -38 99 -52
-23 -80 -99 13 73 21 -24 -104 26 -112 46 -49 -68 -108 36 100 124 116 47 68 -4 93 -72 -32 8 48 96 39 87 -65 -97 113
24 -34 96 -96 -67 -64 -3 -77 35 -34 66 100 -7 -16 -45 -25 -78 -64 -85 -85 -99 37 108 -89 -103 -101 -7 89 81 21 -8 -26
123 -9 5 -58 45 123 31 115 111 77 -126 -102 -74 -55 -85 -101 -15 77 79 72 16 -125 46 -7 -68 67 36 24 -64 23 -56 119
47 -69 -2 -5 116 -52 87 -124 58 -109 55 34 44 -8 -60 -35 2 124 -74 11 -7 -106 97 41 -28 -23 -102 9 -63 58 -83 -25
-100 -21 -19 15 68 124 77 -64 54 55 50 49 41 -99 107 -97 98 -118 24 -74 -66 53 -65 30 5 63 111 -28 43 17 51 -54
-26 -119 25 -87 76 116 27 -25 -51 -45 -100 81 -51 86 97 39 87 40 60 -48 97 80 5 46 100 66 54 78 -47 24 -90 -99
-47 -39 -122 -37 61 20 -4 -81 108 84 65 -47 3 -33 123 -30 109 -58 96 -39 14 96 47 2 119 9 -123 108 -1 -101 37 -100
94 -74 16 117 27 -98 4 -19 77 -15 -95 93 -46 3 59 -97 46 110 92 85 -109 -16 28 120 -7 45 -127 63 -25 -45 117 -87
-9 -16 -4 20 17 12 -5 58 -56 -11 59 -30 109 75 103 -45 -65 91 -121 76 -98 15 123 -24 -4 59 -87 112 -3 52 92 52
-53 -118 -109 103 102 40 23 18 77 80 -105 -24 38 -122 -82 0 -35 55 -57 -74 -81 -65 -25 -30 -77 -58 4 25 -105 3 54 24
29 70 -80 -34 -32 -81 -29 -111 -98 61 -63 74 3 -2 65 -84 -36 -106 -11 49 -85 51 -104 -81 -40 113 110 99 -78 -61 106 67
-91 -51 -21 115 119 -35 122 76 -84 7 105 113 14 -89 29 89 -39 -97 -23 61 15 -108 -70 44 113 111 -54 -53 34 -61 32 8
54 -117 -124 36 42 -97 -48 97 45 -57 -76 -1 -49 -67 -77 122 -37 94 -22 -43 85 -111 -44 22 -114 24 75 33 58 67 52 88
-51 53 -111 -7 17 -38 -48 -127 7 -46 -3 48 -20 -40 67 -12 -67 -106 116 121 -67 -1 9 25 -104 -100 -112 109 1 116 -16 -42
-55 -41 -14 92 12 -42 117 -26 125 23 -9 24 -105 10 15 -2 -120 -96 17 120 -4 80 -92 77 -85 -94 14 -47 -28 -43 -118 84
-40 28 -97 -54 56 56 -127 100 -106 76 75 43 71 -4 -87 50 -52 -18 11 59 25 -15 30 -88 -96 85 -65 56 60 -8 -59 16
-68 56 83 -28 76 53 -80 108 59 -95 83 33 98 -35 37 -75 122 25 -82 -110 -99 71 47 -59 -105 -62 73 60 -20 80 1 1
-29 10 -110 -59 27 113 67 19 -8 53 114 -55 40 46 -68 -57 -41 -122 -63 66 -83 67 49 8 105 26 -69 -1 19 -94 82 -81
82 15 -65 32 87 -92 86 2 -102 -61 40 86 112 -18 63 -75 102 71 -62 -32 -122 -107 17 101 -111 60 -110 32 27 -104 -50 49
27 -47 -73 2 112 108 -69 -82 115 -20 80 75 72 -67 -123 1 92 93 -7 -59 24 -16 -116 -126 -10 -29 105 -49 -17 92 -64 119
117 52 72 -125 -92 85 -84 111 -74 -99 -90 -29 62 37 -2 45 59 87 98 -52 -13 53 -70 116 -96 46 -28 -122 -94 84 25 127
13 91 -46 122 -52 -10 -80 16 -22 31 -71 -48 78 -122 12 -121 127 -65 -54 124 -80 39 112 41 -25 22 91 91 -43 86 43 -92
90 -3 -29 -118 -44 38 127 -99 71 87 83 34 108 -79 4 -14 30 -17 79 16 -25 15 -23 -22 -6 -108 -25 -8 -24 106 28 -45
-22 -70 -48 -4 115 11 51 -71 32 78 102 -19 -50 25 -77 117 69 -3 -87 -3 -21 -75 7 -30 73 121 -121 97 90 -83 -14 -21
-14 102 -15 56 91 50 94 17 66 25 22 -125 -104 -6 122 -57 -37 -64 -113 8 -110 112 127 -56 103 50 117 -37 58 -65 -31 11
25 -123 -80 60 -113 20 -98 91 102 -49 -52 73 94 25 97 56 90 -73 25 -20 115 -42 -30 -23 71 -32 1 79 120 53 -51 -68
89 89 66 49 -6 -117 82 -127 103 91 -108 110 111 -7 35 -16 74 -8 -2 54 -124 81 82 -103 45 43 29 106 -13 71 86 -40
83 -5 50 92 43 24 12 40 123 14 83 -86 -65 23 32 -71 111 101 43 88 -99 -65 115 113 -62 125 -124 93 -89 111 2 47
-95 -58 54 1 -42 -44 76 -42 124 -74 42 -79 -107 -119 43 -113 -56 82 -100 -16 69 -115 -58 126 65 -78 123 -4 88 74 -74 -85
58 -127 102 90 -74 -55 -121 -43 -39 -126 -124 79 112 94 71 -60 102 -59 -35 -67 -97 114 117 -90 -46 110 -59 49 114 -82 -84 -52
66 -13 70 96 86 -42 -36 68 -22 -125 94 87 -116 21 120 -114 43 -53 86 127 92 -104 118 -102 47 50 -108 -50 -79 51 -6 107
-33 -84 25 -13 1 -55 84 -7 121 16 -104 61 7 84 104 88 -108 26 66 124 -126 -39 83 121 -106 60 91 56 95 -17 -57 -97
-67 11 -51 121 56 -34 -31 -115 -82 -2 -28 -39 123 -98 -111 -40 66 84 -87 90 -100 -4 -39 -91 3 -35 99 -97 54 40 82 -2
8 50 102 -38 -14 -124 -2 -41 -88 65 74 -29 -119 102 -38 104 24 38 -118 -58 63 76 75 51 65 -121 -52 -126 -124 -80 6 120
120 -111 -120 63 -99 -32 22 -112 99 -107 -12 21 -119 92 94 -63 -38 83 86 11 -97 124 -95 -97 12 89 -40 112 69 66 100 -64
-59 -82 -33 -116 7 48 70 77 27 84 87 100 78 -122 -82 -57 -4 78 95 -35 39 -111 98 -75 -11 -120 -65 -42 -18 -120 -72 -74
23 12 -127 -38 51 59 36 -48 58 -110 -31 41 -15 25 -20 -34 -25 -99 -103 -88 127 19 9 -127 -6 -15 100 -72 12 107 -77 -123
-121 -32 -118 63 119 116 12 92 -125 44 -51 35 61 106 -47 65 -57 -51 25 -102 20 -50 19 91 75 -112 77 -6 74 -29 -36 -11
-58 -80 -65 -17 16 57 66 -64 8 21 -71 -84 -18 33 -62 61 78 60 -31 -88 47 79 69 117 -73 5 26 -84 -25 -110 17 -55
-18 58 -16 66 -91 -103 -53 -87 -5 5 32 94 -78 30 73 102 28 24 11 104 -102 25 -24 -104 43 -122 -38 12 -1 58 -22 67
97 125 -42 85 39 -47 -66 -66 22 109 -32 2 40 -36 -18 -99 26 78 10 -118 121 -111 89 35 -102 61 70 -122 -41 -38 -40 65
-123 -77 -50 -124 16 -62 -32 102 94 -1 -15 94 -17 116 74 -73 -3 -97 -76 -46 -125 -98 31 -68 48 2 -58 64 99 113 56 -105
-6 -63 -68 -127 -78 -80 -25 -73 -46 -117 9 -87 78 -108 90 -114 -34 116 -77 119 109 -109 -98 61 -68 99 46 -56 4 116 90 98
7 -58 107 -56 -8 -123 78 -82 4 -48 67 -50 60 47 75 -72 -76 86 55 -87 -115 73 2 87 -120 -101 33 -19 -63 116 5 -23
81 -89 35 -13 0 91 -53 43 15 95 83 40 79 72 -2 -13 -65 -35 -19 -96 -77 -94 -101 17 45 -59 43 -24 -94 23 -21 -12
84 87 -30 -112 69 -77 33 -83 -77 -112 0 16 40 11 -100 43 18 -25 -7 1 -117 19 -1 -9 93 -104 -127 -52 56 62 -24 67
-102 -101 19 -94 -115 -65 -66 -93 35 -21 -8 -65 69 -7 125 -5 10 54 -11 75 -113 52 -33 -23 83 2 84 -49 -108 -87 87 101
35 -64 -99 -74 91 108 118 -79 54 83 -62 -38 90 -37 -72 13 -48 -118 -53 39 -78 25 -92 -55 67 -28 53 92 100 63 54 41
-83 66 126 -110 127 44 -7 -35 51 -72 116 -97 -56 -116 108 -75 56 63 120 99 -121 -5 -108 -35 3 4 -125 16 56 -57 80 -84
-3 16 -72 121 37 60 69 11 56 -100 15 75 -89 -112 18 70 -43 28 117 6 -92 14 120 71 -16 -90 -84 -90 -15 83 -82 25
-18 -67 9 100 96 126 109 -60 -41 -111 112 69 75 -119 -43 -120 -7 99 -39 -125 -112 -26 -3 91 16 31 70 -2 73 10 -67 -20
73 -90 92 80 82 -70 61 119 63 2 -1 36 101 -11 -87 -89 -96 34 -100 -64 -27 60 -52 -38 108 -76 14 113 127 -54 68 113
-21 91 122 81 103 -85 3 116 127 71 124 -77 104 -124 -101 -65 11 84 80 -42 101 -96 -102 -67 18 -111 -41 63 45 15 -55 -85
-15 11 24 73 38 -112 -55 -98 47 -61 -80 -34 -15 25 -18 2 -114 88 -79 -75 42 -64 -107 -107 -68 -73 -4 85 52 109 84 -111
60 -49 -26 62 -106 -14 -33 92 -109 117 34 -125 -109 -91 36 -44 54 -70 -92 -24 23 -13 -58 -7 -28 95 -13 -8 -63 54 71 -120
-114 20 20 89 -24 97 113 31 -56 -118 124 -39 85 -24 -40 -51 64 111 74 -110 63 43 -82 -73 -73 58 -11 56 3 -17 -11 -87
-75 3 -30 -71 -74 -85 -38 -84 13 -11 -39 -39 41 34 -83 -12 60 103 -10 112 23 77 -84 -110 -91 109 41 -92 88 62 -44 -78
4 -91 2 -9 49 -98 -69 54 15 0 -120 46 -108 31 -15 46 -3 -121 -106 72 -40 -51 59 -96 -105 33 -110 -22 125 57 -33 -17
84 -107 63 -106 98 -72 66 -74 40 -33 -123 -123 19 -58 39 9 -81 91 -63 -104 98 114 -79 -41 107 26 -103 -75 -98 94 -5 21
119 -51 -127 66 97 63 -72 -63 102 7 -67 -5 -115 -1 -28 -50 -67 49 9 73 47 -24 -31 108 67 -105 -29 -14 -16 5 44 -12
-86 40 -88 38 -13 107 -9 25 116 126 -18 -121 -1 -121 58 49 101 20 -49 118 -5 -53 127 120 114 -29 20 -99 -105 -7 10 -60
54 -35 95 11 -68 -88 -43 24 -119 102 -49 96 -4 47 -107 -4 15 52 40 117 -90 92 -18 120 -30 42 39 -109 -76 60 -18 112
-5 -42 87 85 62 -52 -50 70 92 109 -70 102 40 110 39 93 -21 -110 47 -3 -86 123 -92 6 84 84 -25 -78 93 -18 56 -53
87 107 43 -35 -106 46 -37 61 104 75 -106 122 26 -21 -98 -110 -91 -43 -90 -108 -116 33 -75 110 27 87 64 108 85 72 75 63
34 36 -112 127 -127 62 -80 14 -33 71 72 -51 57 -74 -4 36 123 45 -122 -8 -32 -25 -20 13 94 10 79 28 -84 71 -99 -22
-85 97 6 -110 -122 -49 -109 -85 79 6 6 35 37 -91 61 -104 127 20 52 -77 -39 97 110 41 -38 -55 39 48 4 122 118 18
62 -16 -7 112 59 55 15 -114 51 -40 -103 50 -87 -4 119 94 127 -15 119 125 14 -44 52 -100 -9 -75 -98 74 77 34 -19 26
-24 -112 58 -115 39 102 -84 28 101 61 -46 -25 -84 -6 -100 -10 -53 -87 -38 2 48 -70 22 -33 48 69 75 99 -18 119 4 1
19 115 -41 -125 127 29 89 -37 36 115 118 -111 -82 -120 -112 14 54 -35 -77 11 -88 -66 8 115 -57 97 -42 -9 -81 -38 95 119
17 -66 13 46 15 96 27 -94 68 -22 -19 -86 -55 31 -104 -6 30 -55 79 39 -5 30 78 -126 76 62 74 91 88 -37 -91 -79
-122 -106 75 64 75 45 -73 -59 4 -124 104 50 26 47 -26 -101 -48 39 -59 44 -26 70 -118 -27 118 105 5 -53 -17 -9 -99 -74
83 -18 -50 -61 28 46 -33 8 9 69 -7 96 62 -24 82 80 53 -22 57 114 9 -14 -22 -64 -9 -110 -24 57 7 99 97 127
31 -51 -17 102 -98 94 40 11 62 24 117 -65 -82 87 -117 -72 63 -77 -122 5 24 -86 101 29 -86 51 121 60 4 -46 -109 -79
93 -26 -37 -75 32 -21 5 -45 110 22 63 -1 -36 77 90 -103 -1 -37 28 -108 -116 -65 29 83 -36 75 4 86 -17 11 -45 -89
-32 11 -57 38 -64 -114 38 -54 -94 39 125 19 78 119 -107 -85 -88 -75 -34 59 56 35 91 -49 43 79 53 -8 57 97 -109 14
96 45 62 38 33 104 108 6 103 87 -109 105 -31 65 91 49 -73 -103 0 -60 120 116 41 -34 -47 -59 -35 -35 -42 94 93 -26
52 76 59 -98 -120 -122 120 20 -17 9 10 79 -72 -5 -67 58 39 108 -44 18 -89 -59 116 -65 51 80 94 6 53 56 100 66
-43 126 -60 -8 -46 34 13 91 22 99 14 101 102 -44 30 86 54 -90 40 -22 69 -48 83 75 42 -113 -70 59 -16 -88 -53 -36
49 126 93 32 -63 -71 -55 77 -124 -98 22 -26 111 20 21 58 -82 -47 -119 -116 113 -80 36 73 8 -3 126 -42 25 76 16 -94
33 113 24 34 -69 63 46 -39 77 -127 54 -7 10 -127 86 -30 40 21 103 -108 65 -9 9 7 -103 84 65 47 104 -34 -77 48
-30 125 -53 -72 16 -10 -7 80 -101 -108 -58 33 -117 33 -62 71 49 116 -51 -90 -44 114 75 -74 -43 -84 96 110 73 63 -8 -48
-105 7 -28 -70 -121 101 35 75 -58 41 -28 122 -123 -56 -53 -13 -72 -34 -9 118 60 -120 34 -20 35 -62 47 -31 65 46 49 -103
-108 -8 -38 -107 -109 68 -34 127 -38 -62 -121 37 -97 -110 -37 -88 86 -50 6 68 112 -76 -114 -20 -54 108 -73 -9 -122 -22 101 127
-81 22 -13 1 -26 18 -77 87 -16 67 55 -96 -83 -63 -65 125 6 126 -10 -93 119 126 29 -66 -45 52 120 -56 -19 92 126 -98
61 113 -97 121 -76 -123 60 8 -1 16 49 107 -55 73 -11 46 -99 -111 17 4 27 -96 100 40 84 -105 -15 46 -86 -8 -120 43
-105 -57 -75 -23 -46 -30 64 17 56 -4 -9 -13 -21 81 -47 69 7 -9 36 -81 -119 84 126 93 71 35 71 3 -127 27 -115 62
91 69 35 102 111 68 -102 69 11 77 -92 -13 -51 58 -29 99 -109 29 -9 -58 -104 103 -2 -15 -5 -120 -73 7 -89 -87 2 53
75 -20 -75 -8 27 62 52 -7 21 15 -70 28 79 -96 -118 -16 127 69 -71 -120 -67 50 25 -15 -63 38 -23 -83 65 -37 -55 -58
31 80 -89 -15 84 5 -84 -32 96 -39 72 -43 65 -23 -16 4 16 -69 -10 47 87 -17 85 47 102 34 -55 97 21 18 35 32
-15 115 29 -57 114 78 117 68 47 63 -54 -20 99 -56 52 50 113 2 -76 -59 -119 93 74 -24 99 40 -43 97 96 105 8 113
66 96 32 38 0 5 114 -68 67 70 -116 -6 93 -59 -75 -62 87 -54 43 18 49 126 -48 49 -99 101 -114 31 127 35 -75 -39
-75 -25 38 -83 -69 -95 -110 -78 122 -27 -102 -58 83 17 116 42 -122 58 -55 -97 -103 -97 111 35 106 117 -79 -54 -69 -42 82 105
-30 -122 -87 -82 76 113 29 -111 56 -51 -39 70 -44 32 -38 -120 -49 -114 -76 -66 -48 -5 60 59 -56 69 125 27 -76 78 -47 -13
55 127 -38 24 73 -101 -80 -54 58 94 -66 -79 -29 -109 18 126 66 -30 105 -105 -19 47 79 108 -16 72 -45 78 -100 -22 -102 60
62 -34 -106 -64 90 -28 121 20 -118 67 120 -69 101 105 80 -70 -8 123 19 29 115 43 -95 87 71 -23 45 71 -56 88 79 22
-47 86 -54 83 -40 25 -102 -106 -107 76 -21 0 110 -69 43 4 -30 -123 24 -84 -22 -98 -86 85 1 -49 -5 -95 125 94 97 -88
18 101 -94 0 64 -95 62 -53 15 28 67 -15 65 61 4 69 -32 112 61 42 -98 26 -58 -104 17 -87 115 -57 106 -104 -42 97
31 117 86 -107 -54 -69 -56 84 84 -120 50 3 -6 102 -72 -11 63 82 -49 4 -74 -54 -110 119 -123 -29 -26 -73 71 -123 -77 87
96 -20 -77 -110 51 92 49 -84 104 53 68 -95 77 72 -87 -50 39 78 -123 24 -72 16 44 111 -57 -29 -74 -110 117 -15 62 42
94 -61 -49 -25 -93 9 68 -76 125 -23 63 -12 -14 -19 56 -103 94 7 -62 -7 -123 127 4 122 -124 -17 68 -74 1 77 43 37
-127 -94 -4 -125 -109 48 74 78 21 -21 -22 -16 8 -88 31 40 34 -81 71 118 0 -1 88 -69 -11 101 30 -29 51 118 76 -69
-41 -55 -102 127 113 -59 -70 -15 12 12 -94 -84 -65 -41 90 -101 -41 8 48 49 115 -74 53 75 -34 27 -71 -91 106 52 39 -1
29 29 -119 122 96 -18 -11 -13 -118 54 -117 34 2 -16 -11 54 70 87 -72 10 -39 -24 114 118 94 -82 -44 -9 -80 -8 7 74
67 126 41 107 101 -86 47 -46 -110 -76 64 116 24 42 112 -112 -118 -101 -126 -44 32 -113 63 70 -32 -24 -34 89 -75 32 -51 54
43 -93 45 68 -77 40 -59 -17 -5 52 -83 -26 54 -126 99 38 48 34 99 -7 30 65 -121 13 57 73 -80 -29 -55 -26 -58 -27
-62 -75 93 -108 -66 38 -13 57 -113 -95 30 52 -81 83 8 33 15 34 -55 124 -25 -60 -104 47 51 78 55 -80 106 104 -103 -93
-111 -50 6 -119 58 -24 103 -42 43 -77 -20 -91 121 37 -6 -11 17 -29 86 120 -17 21 -107 -99 -12 -123 52 5 35 -115 -94 47
-102 -14 122 93 37 81 -8 93 32 -27 -21 38 -88 -98 74 70 25 -6 -119 -15 -92 -119 52 -37 107 68 47 113 69 108 -91 -1
-41 48 -82 104 -104 -68 -11 40 -113 41 12 82 -115 -122 64 41 106 -7 63 97 87 -53 117 24 -118 7 -30 36 -110 -6 120 54
-107 99 -114 -22 52 -8 -72 119 62 -44 2 78 85 49 -49 97 -101 -114 94 22 -53 127 74 -122 -75 -41 -33 -10 36 -64 41 -19
114 -13 16 -6 -1 -2 74 -22 -74 24 102 -17 -64 74 -55 121 2 42 -95 -96 -127 -106 -71 110 6 38 -95 17 45 50 117 105
0 -65 82 -120 81 68 108 115 -17 99 6 -87 72 -20 -107 -38 35 49 120 111 -72 101 70 5 7 104 20 75 -34 -20 56 10
-53 -122 72 -93 -37 -119 -78 49 -4 -39 -19 -88 94 -22 -77 90 53 26 -32 76 -26 -34 -34 56 101 -13 -102 -78 -23 -103 -22 -109
44 -63 30 -35 75 -89 -121 43 -99 14 -116 103 70 47 7 -55 -87 1 -23 45 -42 -51 121 110 -91 -84 102 -85 124 -45 92 19
-21 -58 91 -54 72 75 -70 110 -10 112 -76 102 -64 -70 26 -109 -68 -8 -116 -37 -111 -60 120 -121 70 -71 -57 -112 -109 39 75 -92
13 -37 -65 47 114 -102 -61 12 91 48 38 -58 -57 -76 14 -74 -95 71 -125 24 30 -100 29 -102 48 105 121 -91 51 -112 -68 -124
-123 -80 -35 76 -89 -72 92 60 44 92 126 -58 -124 -57 101 -50 -9 118 -48 1 1 -53 -2 36 14 -40 54 60 90 90 -23 -14
-73 66 -19 52 -70 107 -89 72 23 -124 55 -60 114 58 -9 -85 114 70 -126 28 21 -60 -12 -83 -19 109 54 -114 -14 -4 96 -105
-88 -115 -87 -39 32 47 49 14 124 65 111 12 123 98 -12 4 -41 45 39 67 -4 75 7 24 -111 -71 88 63 -28 85 -100 61
55 16 34 -94 -84 -15 -2 101 -74 -44 63 -103 17 19 8 79 61 -110 -17 -111 92 71 -48 -12 -6 115 78 48 73 97 12 -60
-83 75 11 88 54 111 124 106 -55 110 111 23 70 73 102 59 -91 45 100 -29 70 78 -114 -29 -36 -73 59 12 -63 80 -26 7
-47 93 95 91 -110 -108 -35 94 17 -70 106 72 86 -61 -20 25 -73 -80 111 -44 -122 0 -113 32 21 101 78 14 45 -82 2 103
-96 91 42 -10 -102 -60 110 80 -38 39 112 -106 78 -5 39 108 72 -18 -6 -33 -74 -105 -36 -107 -120 -23 119 87 -12 20 -1 -93
-28 106 -126 -82 55 123 -28 54 -64 -34 59 -21 57 -115 -86 -10 8 18 -126 -89 50 -68 -66 -119 -50 -101 75 116 -119 10 -83 109
100 -62 11 -75 -68 -43 126 72 111 -88 51 7 90 -87 -9 94 -104 -37 -77 26 -36 -78 -5 84 91 -69 117 126 69 -22 98 -105
-57 -9 115 105 25 -32 57 -33 43 -62 6 10 -65 -39 -38 104 64 85 -4 18 -65 -62 -25 -57 -111 99 -24 -78 -33 -89 -66 78
-86 72 -104 -89 122 123 -115 115 -30 65 -36 -8 12 -11 -111 -118 17 66 -122 42 -16 -111 -115 74 100 -44 -82 -46 59 49 -96 -17
-12 95 63 106 28 -70 110 -97 86 72 124 18 -56 97 57 6 -126 -13 122 -31 76 58 -69 66 48 106 -16 6 -10 -71 -63 49
68 -117 -52 109 -106 34 -51 108 -4 -7 -25 41 -84 -30 98 75 15 67 -102 -47 -56 37 -64 -40 -68 -105 1 70 68 -15 -125 -87
-61 81 124 -38 93 74 33 35 28 -60 -65 65 -90 -25 82 82 34 125 -80 6 -87 33 20 71 95 122 -38 -15 -24 -112 -89 27
-50 -31 38 -40 -39 -48 -60 50 -111 45 -12 1 -3 100 -80 43 39 -75 67 -86 -47 -14 48 -127 57 -112 -2 87 -91 -3 87 -108
100 -57 31 -94 107 -60 -99 8 60 30 -91 -66 21 -126 38 115 -96 80 66 -33 119 4 -108 67 -119 17 -70 41 -35 -79 -100 -16
-25 54 81 -8 -44 8 -58 -97 103 -56 126 101 49 109 119 13 -93 49 109 78 28 11 -39 -119 -4 -17 -69 64 -96 -120 -93 13
95 70 -86 -8 109 13 126 121 64 -70 -56 18 17 18 -108 -37 -3 79 -54 68 -46 73 74 -121 -71 -126 -104 67 -78 52 83 -23
-45 85 -31 80 84 14 -17 -74 -18 86 -113 124 101 -59 -53 73 -83 -106 -17 98 10 48 126 12 -111 -4 -90 -3 86 85 5 -99
121 -71 -16 111 50 -120 6 -123 94 -2 53 -120 -86 112 -72 -22 91 43 -99 -89 87 -36 60 44 125 125 75 -88 34 15 102 67
-49 -45 24 -10 91 -124 56 69 0 1 13 74 93 114 -98 -7 -75 -99 -125 126 104 -5 -23 -85 115 14 124 17 -72 -92 95 26
-9 -112 17 19 -69 -116 -120 84 29 60 98 25 -60 42 -42 -38 -70 18 -85 34 9 103 19 82 73 18 -98 -42 -50 -25 -124 -28
94 43 85 -78 106 -90 -83 36 36 55 -40 -108 -33 -103 39 -37 -9 83 -77 97 -48 91 -125 -44 -55 103 112 105 0 82 -25 29
-73 -61 -116 -111 40 -111 112 8 -118 69 -91 -13 -28 -106 120 126 -100 -112 -124 41 45 65 -18 -109 -76 86 -124 104 -68 -10 -110 88
83 -110 -34 -16 109 -28 -16 -108 -119 -12 -115 59 -26 -94 117 -11 115 75 -53 -25 -27 116 -64 -20 87 52 -118 112 32 77 -36 108
-104 -104 -34 -35 -12 -38 -41 69 -50 -127 30 -89 36 -111 -71 99 13 -93 27 54 55 97 -63 7 -60 83 -94 -24 78 83 30 -78
-33 126 95 42 1 53 35 -14 61 -108 5 -28 -26 85 57 98 -107 -47 41 -9 -124 -79 -27 3 -93 -24 -3 59 23 -53 127 -90
112 -100 82 -24 108 126 110 123 92 4 56 -57 -112 -47 76 -97 13 15 40 -80 1 -1 107 67 -32 -106 17 18 102 107 -34 69
-59 -109 16 -60 -58 26 -48 14 -44 11 120 -27 82 30 -122 -18 -36 -3 67 72 78 103 -23 -90 65 -108 48 118 94 -47 77 104
-65 -115 28 -69 -49 -108 -110 -86 -76 -44 -6 22 -18 -74 -64 -109 59 65 54 37 -41 -32 92 15 -83 -45 -47 32 37 103 -20 88
-30 18 100 70 1 -116 39 85 -97 -44 23 -114 74 -98 -24 -20 25 87 66 -75 -83 7 -57 -37 76 -20 -5 -91 -102 64 -45 -2
17 27 -67 -119 39 -42 59 -7 0 -6 -17 69 -115 85 -21 24 74 3 -50 33 -76 26 32 -84 -120 27 30 6 -90 -8 67 -123
58 -84 -41 -36 18 -109 125 123 45 105 -54 72 -119 -40 89 117 26 -7 -23 64 -24 6 122 -104 -31 -7 112 96 74 113 -122 4
-37 0 4 17 -5 35 -1 -127 -61 -94 -87 30 91 87 122 -122 -87 -118 11 -75 43 -35 -92 -17 -127 112 -82 -124 121 37 74 46
97 52 -36 -47 -6 -108 95 -12 -97 32 22 42 -85 101 -110 -48 30 -44 61 34 -100 -10 4 25 81 -17 -93 -104 35 -91 -116 107
-71 39 -76 96 -31 124 65 88 -64 -106 -92 -57 -95 -102 -67 93 28 -35 -57 -88 80 26 -86 -46 -37 102 -81 -101 -13 123 56 108
-22 -66 12 7 56 -98 87 -64 107 -70 98 21 -95 -85 -116 41 -53 94 -53 -65 -84 -73 -81 -54 -73 58 55 124 65 40 -43 27
-78 -17 59 63 61 113 -7 -30 -52 4 -111 76 -16 -122 -114 -1 -107 107 44 11 69 -16 -45 8 -3 24 111 50 51 -58 51 -65
0 96 53 -80 -25 100 -104 -43 85 91 41 70 59 70 -112 55 -24 48 48 105 123 -33 -116 108 -71 -68 32 55 35 -92 125 118
111 106 -64 103 -17 -119 96 -91 81 -95 64 -102 -49 -9 66 72 -70 59 -72 -56 -65 -80 -99 118 -124 121 62 -55 -33 122 27 -62
-100 -111 -102 12 92 82 116 85 -99 75 5 -21 -3 86 87 -6 -19 126 -59 -93 -37 -25 -82 79 -106 49 -73 -64 -81 -125 41 70
-67 -44 28 -44 53 -58 -93 -49 -81 116 115 -5 13 -84 -87 -100 118 -105 10 -55 -84 -62 -22 27 89 27 -84 122 91 16 -100 -56
-69 -34 124 32 -127 -53 -71 -82 -41 -1 -86 55 116 119 122 98 -12 9 18 -100 -117 -89 -105 61 19 -51 67 31 -49 105 21 -6
63 -104 -117 6 -35 65 -118 -52 -95 108 -46 -110 30 -47 68 42 -123 114 76 -114 -114 -81 113 85 91 -42 44 -46 -80 -127 -70 -34
9 -13 -40 -51 -69 -105 89 61 67 -57 -19 -62 3 18 124 89 -118 117 -52 -84 -78 83 -105 15 10 -111 -36 88 69 -29 40 -126
-2 -84 81 32 -8 -38 105 -31 55 48 98 -106 59 77 -44 -66 70 -23 -105 -101 -69 -67 26 -47 111 -90 -78 -69 -49 14 -30 -105
122 -78 -72 -87 89 33 -58 16 -41 -29 -108 -118 -92 110 -115 -30 -63 118 -22 69 -41 24 -92 -54 43 12 0 121 -4 88 25 -102
-43 105 110 94 21 -82 -26 39 -32 -53 108 105 88 -54 106 -22 105 71 -71 73 108 1 -1 -113 17 -51 -11 -69 26 68 122 -76
17 112 116 -48 -125 45 -100 118 57 26 124 -60 106 89 28 5 29 -36 -3 -83 -127 -2 -4 -65 -123 34 81 98 -60 7 101 90
-70 29 86 -71 -31 -30 111 -112 -7 54 126 124 42 -66 48 -72 44 66 -55 67 -8 54 -118 123 78 -75 118 87 -120 -43 -5 54
-42 -84 -47 -15 120 88 -31 112 -86 -16 -68 33 -20 -62 45 -84 -29 42 -69 44 -38 -42 16 -60 -21 113 110 -114 -5 -4 124 99
-49 117 113 -28 -72 -24 -69 -37 13 -25 -62 90 58 -113 44 -65 91 120 122 -36 62 80 109 122 12 2 -87 -80 26 39 118 101
44 109 -55 -45 -45 -71 -83 96 -69 66 -112 -18 17 48 14 -100 8 -2 29 -67 48 -97 80 -90 -82 -17 108 -52 79 114 -55 -27
46 123 -57 107 124 90 59 -68 -54 -55 -62 -28 -8 40 -45 -73 -21 26 -14 -123 63 -124 -19 -84 54 13 10 -33 91 -117 34 82
-23 60 6 43 0 23 -12 0 -62 -65 13 -85 12 -105 -62 -73 1 -18 -90 70 -124 -78 -77 -112 105 36 102 -68 -62 74 -126 116
-85 51 -65 -12 104 -68 78 109 -27 95 -103 30 62 76 114 -13 41 -95 -17 -36 -5 51 124 5 -33 -7 117 -64 -1 49 -21 -41
27 -29 94 -33 -27 116 93 -3 -3 122 -81 10 -75 -39 62 49 -4 -66 -58 -50 -29 -65 -113 38 39 93 14 -61 -50 -98 89 2
-80 -24 -121 -103 92 75 80 -64 17 73 7 110 -51 124 92 -94 20 85 17 -72 58 -20 -79 94 92 -87 -51 108 -7 104 -14 102
95 -85 103 27 -75 -83 23 -40 50 -49 -126 42 -13 -4 80 48 -90 114 54 -26 -105 125 -23 72 60 95 -123 23 90 -2 -41 24
124 53 -26 -15 62 88 -3 108 -41 -76 -43 -66 13 -102 1 51 -15 -1 115 -57 -69 -74 108 41 -43 -102 54 8 14 -37 79 55
5 84 -121 20 76 -86 -117 57 -89 11 17 -90 -108 -44 9 -29 -86 -102 84 94 -84 14 -38 -35 -21 -87 -105 44 98 103 -71 -117
-61 110 -67 -118 -110 -36 -31 35 -91 73 -40 -68 -98 87 79 -77 -114 26 -29 47 -113 -44 82 3 2 -26 83 -3 24 118 -126 -80
59 95 92 -28 39 70 -60 -124 55 -121 18 5 -51 19 82 102 -34 21 59 92 79 66 67 21 -82 55 2 -30 -25 0 56 12
83 -36 -85 -62 6 86 49 116 90 58 -18 110 58 -9 -96 56 34 -18 112 -59 -67 -106 -98 -71 63 124 -94 -121 -89 -99 -65 25
-96 -9 -69 -13 -43 125 -50 -52 -100 62 68 16 100 -89 81 93 -38 -28 8 119 -18 -3 -48 89 -92 46 123 97 -1 -21 -42 124
6 -59 -109 125 41 123 -49 28 17 -39 8 -91 50 127 48 54 86 52 53 -123 58 91 122 -40 -124 -71 -73 119 20 -23 23 99
87 -37 54 -116 -115 13 -79 68 -86 53 58 -44 100 14 40 94 122 -108 25 -82 126 116 79 123 -125 -64 -7 -66 6 -81 25 -115
78 30 92 124 -11 -66 -10 -120 -122 -66 22 50 17 77 97 112 -48 10 -26 -66 57 -89 -90 -36 -9 -127 -63 43 39 104 94 -77
14 91 27 75 34 64 -34 -124 98 -62 -3 -46 100 -123 -119 6 -92 -108 -3 102 -111 -67 -60 -127 -125 -66 -75 -120 -84 42 116 -10
121 25 111 51 -119 31 -25 126 116 87 36 52 -118 -22 63 -100 61 28 93 25 -64 -89 89 -88 -44 -87 97 64 -76 -66 -80 25
84 86 112 -60 9 52 -18 -14 47 -105 79 114 -106 -104 -61 -15 -73 21 64 -47 -110 -92 113 -72 -92 120 -3 -46 44 14 -13 -25
-71 -59 -57 9 87 -108 28 -31 122 76 -58 27 15 -71 84 -6 9 46 10 -45 -109 -64 65 123 -99 21 5 -127 14 -81 -70 -45
117 108 104 -19 94 -6 87 -109 4 116 -125 34 -126 -52 -32 12 31 8 80 -96 -34 60 113 83 -118 -17 126 104 65 54 115 -117
119 82 33 109 -96 83 38 47 -25 14 -46 -107 -87 -100 -88 11 -124 -27 126 -1 6 58 26 108 43 59 -36 -31 -84 -13 41 38
102 63 -101 53 85 92 61 -82 19 118 -113 55 -24 18 11 108 14 42 -116 -121 127 -126 38 79 -49 -102 25 14 -102 96 -58 60
94 63 -119 -44 -118 -59 -14 52 -59 101 -43 60 67 -63 -8 -82 41 -97 -2 55 -91 118 -89 115 25 -69 -121 -18 68 -24 65 75
48 94 20 44 50 102 68 32 104 -101 109 -65 -108 -119 18 100 -2 -121 108 5 101 100 -58 -79 79 15 27 -94 -100 -26 -25 109
30 13 63 16 -82 34 -65 121 -95 8 43 -60 -33 -108 123 -115 -38 -107 -106 -124 26 -27 -73 -101 -101 44 123 123 36 90 -57 -53
4 -57 -67 -95 22 15 -84 -55 -67 43 -112 117 -51 106 49 6 71 97 42 -56 -19 100 -124 -61 -118 -72 126 84 -70 6 76 -115
72 -79 21 86 -22 36 118 -56 65 -120 -115 -14 78 -26 7 -29 1 -51 33 -96 116 22 59 94 8 23 -114 76 94 -67 37 -67
73 -26 94 -63 89 1 -109 88 4 -20 89 -12 -120 71 12 -91 119 42 81 25 32 -22 -10 62 -7 -59 21 23 -126 21 83 -66
36 -89 -7 39 -15 119 -31 2 53 124 -27 119 92 -105 110 -3 -39 -60 104 -19 -76 71 11 -35 -48 102 -123 90 -25 -55 47 -10
-17 -68 -62 104 -110 -26 107 100 -60 48 94 -32 -121 9 -55 -83 -55 -36 -110 -35 -32 17 22 2 -29 -123 -86 -111 45 -10 -93 35
-66 116 -118 -55 -50 -68 -124 24 113 122 -56 52 -31 37 62 96 -110 79 -92 24 55 -35 -77 78 -98 64 26 102 125 -2 -6 1
96 -41 -115 14 56 -56 -42 46 43 -64 -30 92 -73 -126 42 57 101 -96 85 -111 27 49 -83 3 -51 -60 -51 -45 91 -17 -125 85
-61 102 -77 -92 -26 6 75 10 8 -27 0 -121 0 100 -18 32 126 -94 121 -49 -38 -95 -29 -66 -73 -107 53 84 120 54 -70 59
-24 121 -119 -87 -42 -65 102 -22 -15 18 -12 95 -81 42 -55 2 17 48 117 -126 -15 -36 -3 -29 -98 86 22 -39 -45 -122 -106 63
-66 -13 16 -87 86 0 101 -100 122 93 116 -95 -91 49 -18 105 -5 28 43 110 41 125 37 -64 -98 75 56 -94 21 79 24 -127
-101 -100 9 13 -90 -64 73 47 48 -9 -105 -68 -50 78 78 17 -116 69 -58 -61 -110 107 5 81 25 -93 -114 -9 10 25 -13 95
-17 -112 124 -16 -38 -59 -85 -6 69 -30 42 -60 -83 -104 -2 -85 -93 14 74 106 81 -19 -108 69 60 -59 -65 53 -15 -63 -55 90
-35 0 91 -48 91 81 65 76 19 119 -35 43 -69 -56 22 -58 -96 31 126 -12 48 98 -84 93 -103 125 18 103 -118 -93 -63 -56
-34 -30 -119 -89 47 120 -32 -93 -37 116 -72 48 -95 83 -33 -76 7 17 4 35 102 -74 -96 15 58 88 -79 -83 22 72 121 -40
-83 121 -116 117 104 -119 -8 24 -1 -70 -10 6 67 -49 -38 -97 115 -24 101 -80 -122 -91 42 127 117 107 -27 -47 -18 43 31 -60
-98 -40 -28 -112 -105 1 52 121 -10 35 -69 118 127 54 37 -121 28 -27 24 0 14 -81 2 -92 -55 -113 90 117 97 -108 -100 -122
-38 -80 -86 -108 -57 109 109 -113 -49 -66 76 40 7 94 -2 -50 -115 -8 -12 -14 -9 123 23 105 -62 -23 -35 -90 -97 56 -93 18
4 -124 51 -77 52 31 7 51 34 52 57 100 46 -113 19 -112 -9 3 112 123 124 -114 25 -13 -67 31 112 -1 -127 46 -94 119
-17 61 -66 -34 117 -112 33 31 63 -108 -32 -92 85 127 -47 52 108 90 40 -64 -5 68 -47 120 -60 106 65 60 -7 69 -94 121
-97 119 -89 84 -73 83 98 117 -68 -95 78 48 60 -80 -66 -82 62 -93 -71 -117 37 87 -73 32 -82 126 -88 -125 1 -105 54 41
-19 66 -107 -45 120 108 58 45 7 115 120 -68 60 117 -21 49 78 0 -53 64 80 -61 -122 -7 60 -80 65 63 123 57 87 121
58 33 88 93 24 64 55 -15 8 -125 -67 -78 58 117 86 -120 -12 105 49 -21 64 84 -19 19 89 60 40 -69 -103 -115 -15 65
20 -48 86 -22 89 -57 113 -82 58 109 20 -53 -25 -53 -20 -4 125 79 -80 -50 -41 60 -77 79 -52 -5 -76 50 9 -5 31 -22
-89 -92 -56 -34 -17 94 46 -72 -97 30 62 -123 104 54 -34 -9 73 -101 -17 -62 11 30 -76 87 -60 -38 -125 117 -121 -9 38 -99
-5 108 23 100 -121 69 -67 53 105 34 5 84 67 81 -101 -61 50 -106 -119 -105 78 -82 48 -56 23 -93 29 -36 66 -33 58 -91
32 -3 6 80 -32 82 -78 -25 48 75 -36 -120 21 111 100 81 -126 39 -23 92 44 -124 -59 -59 113 -96 123 -5 23 103 -68 -80
-41 17 -101 124 1 -2 21 -2 57 117 23 -54 -91 -64 -90 26 -4 50 16 -14 30 105 -125 -83 -12 -60 41 -30 124 36 -124 -93
76 -64 -88 -25 42 117 81 5 30 11 -119 -95 68 -81 -24 -49 -28 79 14 -100 -18 -114 44 -125 -33 -120 -28 -86 126 -64 57 104
93 83 -110 84 -108 52 94 100 71 -25 19 -106 -97 33 -28 30 -29 82 -42 56 115 84 23 -109 75 -20 -21 -46 119 -92 14 -9
-72 101 15 -99 -98 -68 -101 27 22 12 35 -53 -1 7 -72 -39 36 56 -74 121 93 -122 -125 -99 44 -59 -70 -21 27 38 57 -47
94 -116 83 -11 103 -69 40 79 -76 -32 59 126 89 118 86 58 45 5 23 -97 19 69 -67 36 -102 -117 112 32 -14 -69 67 70
30 -9 -35 52 5 -14 -100 -45 116 2 58 -47 117 -127 -126 5 -6 113 85 97 113 -100 -84 -122 -31 86 -68 119 88 51 -109 116
17 100 -101 -113 1 -126 98 -81 102 15 112 11 58 -69 32 -37 37 -71 5 -90 -126 99 23 46 102 82 15 38 -35 -13 -118 -125
-91 31 -76 100 -120 -43 -13 -68 109 79 -109 21 -19 -40 -7 85 -112 -127 -111 97 87 -28 41 -64 6 -6 -92 -13 104 -100 -118 -100
116 -2 -58 106 -18 103 -25 -50 102 -11 -122 62 9 -122 37 112 -19 -123 70 11 63 -109 21 -100 100 8 111 -118 -55 107 -105 13
120 24 10 77 -117 31 58 -110 -35 -74 23 73 -64 -17 -106 -20 17 -51 12 -83 71 -42 126 78 -38 113 -89 66 -28 90 -125 -98
-58 -126 -66 38 52 47 127 -75 -101 105 -56 -45 36 102 -40 78 -45 -33 34 52 -81 81 47 -54 14 -122 39 103 -23 -107 -47 16
72 124 15 42 61 -102 -123 117 9 -36 125 21 -71 -16 -77 -80 92 -83 66 -111 26 68 92 106 27 123 -94 112 108 40 89 73
34 -91 11 -99 120 -28 -28 3 -22 46 -56 65 21 89 87 47 -23 -25 -48 80 126 -113 94 -111 -103 99 62 -36 -79 -35 71 49
-85 -69 10 -28 -29 121 114 5 15 70 -36 -33 -51 -70 88 74 -71 39 -116 125 21 115 -61 -98 -23 107 13 106 -20 59 103 91
84 5 0 80 20 -66 22 117 -17 2 43 91 -52 113 49 1 65 -108 -86 -101 -103 -34 55 -55 -47 10 -2 9 11 127 20 -84
-7 -44 50 -79 66 108 -115 82 -101 -114 -126 109 -121 42 -68 -92 92 11 -108 71 1 -101 -76 -17 59 60 26 50 -111 4 111 61
82 59 -45 110 -122 -72 -44 83 16 81 -77 121 -8 127 -122 -32 17 -99 49 -46 126 64 -77 65 -109 -36 120 6 93 -33 -81 -119
29 10 87 57 -118 -116 -45 -37 -63 100 7 -113 72 -46 -84 -38 -30 122 108 -14 64 -34 74 -9 14 -54 39 -104 -47 45 106 -12
60 55 -106 103 -2 27 -99 -57 70 -83 116 73 0 54 -76 -114 -48 -72 -48 114 -44 98 -83 97 42 -112 42 -65 -97 -112 -12 44
-55 80 -83 44 -70 -77 -104 -51 -62 -95 -81 13 -29 12 46 -114 -53 94 -10 53 50 28 103 2 -48 -20 -73 -69 -28 -100 -25 -8
-93 -120 35 -124 -44 10 -110 -106 -4 -83 -7 -112 -8 118 114 -34 59 96 -45 78 -113 -64 -106 -27 76 39 71 9 73 -103 45 115
-46 -3 94 -74 64 -45 108 77 -39 -102 -41 -98 -2 -91 9 -82 -1 -108 -13 -46 116 79 -29 -44 99 77 -68 110 113 -13 -87 107
3 -44 13 -52 58 -113 28 21 -47 -125 -60 -33 50 -21 52 59 106 -2 -10 -36 24 -9 -88 114 -81 -90 67 -12 42 8 75 -100
33 -57 -68 -101 46 -66 108 101 56 59 16 79 68 -94 -125 24 -92 64 -87 -76 6 -83 -90 -47 81 -26 -90 43 -58 -68 73 -90
-75 121 63 -96 12 -36 80 -24 -78 -102 -31 30 -112 64 5 -24 -3 -10 -56 69 75 35 84 57 126 75 -48 -63 122 54 -56 34
-68 46 25 -7 -6 -34 56 48 48 51 -113 -11 -16 -75 16 80 70 83 30 59 -98 117 70 -57 -26 -77 -91 66 115 -24 25 79
45 42 39 71 -108 -123 -78 -22 7 76 119 81 -4 43 19 -118 12 -33 114 95 119 -84 -27 61 -121 114 65 118 -103 -52 -21 114
109 -27 61 -52 -17 107 2 96 117 119 56 108 35 -100 -124 47 113 -52 5 84 -109 -33 -118 -88 24 16 -77 13 61 -37 5 18
46 -30 120 -96 -70 7 71 26 59 -79 45 89 1 -39 69 -21 90 21 -53 26 91 41 26 97 -60 -55 -2 41 38 0 -61 64
-121 -120 -68 58 -75 86 -69 -57 -103 31 -85 -115 -37 34 -113 28 -88 32 92 -76 -36 -111 -73 -99 88 -84 2 -70 79 74 7 87
-72 -35 6 -109 -89 44 54 -95 93 50 -59 10 53 70 35 -31 -39 -112 -58 110 -77 -113 -112 87 4 83 6 102 -71 -1 -31 -38
71 -55 66 -3 -4 12 11 6 -87 124 -42 37 13 -13 87 90 -53 84 119 116 12 21 73 1 -44 50 -98 -41 78 42 -25 26
109 -33 -102 20 0 98 34 -10 -83 33 26 39 -126 57 114 15 -67 -40 85 104 125 -115 71 126 -43 -122 92 89 -8 51 -17 70
-35 70 41 -40 -5 -75 59 -19 -81 40 -99 41 -42 -26 -126 93 -89 -98 -122 13 -23 70 126 -70 55 -3 -5 -103 -53 -71 -97 14
97 -87 119 -87 -76 -65 -9 -28 -114 -38 23 127 3 -53 71 -63 -89 69 -52 28 -122 110 61 116 -30 22 91 -21 40 -79 58 -2
-70 28 63 62 49 -3 -124 64 -60 38 -68 -11 108 43 -117 65 -42 -44 87 78 -65 29 -56 -123 104 -3 -91 -127 -40 -96 35 -56
54 -23 -8 96 99 119 -122 -100 -37 10 16 -92 -6 39 17 63 -125 -31 114 -49 103 -99 -22 -40 59 -47 64 85 -98 111 -28 65
-72 104 24 70 94 117 99 59 -56 51 -111 -22 101 98 57 104 124 20 80 93 89 68 -80 -9 -112 2 82 -35 106 84 22 75
-68 39 110 -119 8 72 -18 -124 -11 122 121 120 61 120 42 -23 -44 109 2 42 120 -68 76 63 9 -10 116 -11 6 121 -104 70
109 -42 -41 -105 -87 -51 -96 32 -30 -116 35 100 -48 59 60 38 96 -30 -60 -86 58 18 -34 88 58 -99 -37 2 10 100 29 -82
57 -48 40 -110 -96 24 -30 -22 -82 65 -65 2 124 -43 -53 33 16 -27 53 -31 -85 93 22 44 40 21 38 66 101 -6 98 26
103 -56 -42 15 -86 10 -103 -70 -126 -105 -118 -92 41 100 -36 97 97 -54 108 52 18 -107 -118 36 -85 95 76 -63 124 -125 92 49
84 18 -71 -68 -33 96 -47 -92 40 -118 -22 -34 -119 28 -65 72 -49 -86 47 93 33 95 -83 -65 -23 4 65 -106 -72 55 70 13
46 101 30 111 -80 -121 -17 35 -120 -42 43 37 96 -54 -53 88 -99 -16 100 21 -64 80 -20 96 -25 53 -51 -91 -101 -98 -108 -33
-10 115 95 87 -66 51 -89 -55 -29 -2 -127 -9 -2 -61 -61 100 6 6 106 -115 116 -42 -68 -6 112 126 -16 50 64 -43 -14 51
46 122 -54 -93 37 -42 -28 113 75 -65 -14 -51 43 -38 10 113 -55 62 94 74 14 -54 -62 87 28 -108 71 100 104 1 -49 -32
49 -23 -75 -59 -87 -17 -71 -44 51 120 67 -23 65 -27 -30 -55 -99 -26 -21 66 -61 58 75 -14 -60 -86 43 -67 -56 -89 15 57
-82 73 106 -78 -97 85 7 68 -33 99 -63 -92 -35 -118 -18 102 17 -57 1 33 -9 11 -13 21 -6 56 -68 50 -127 -125 -74 -115
56 -114 -38 -92 29 -3 55 -54 115 -76 -121 75 -35 -39 60 119 119 111 -38 126 -126 -6 -117 -27 -103 -119 -23 126 95 26 62 23
10 113 -115 87 -62 -54 -104 111 80 99 124 12 33 49 59 -59 -61 -53 67 -120 27 41 -17 -112 107 -4 -99 64 22 -85 109 29
100 7 73 113 -13 57 106 -96 -18 28 -56 97 -114 30 -82 35 119 116 -14 91 -85 -61 -112 63 38 -6 -67 -31 104 40 97 -123
126 50 63 -58 58 -65 6 55 126 107 87 98 -51 -94 5 -101 -90 20 -105 58 -75 77 39 -26 31 30 40 -30 -54 97 -66 -104
31 -90 24 -13 -95 -79 -36 62 -22 113 13 -30 -4 52 -6 50 31 -36 -66 -30 -8 35 -93 73 -9 25 41 -63 -74 -4 8 127
-81 -92 -19 27 -65 -31 118 -58 27 61 -15 -89 -110 86 -44 39 65 34 -9 -115 82 -43 -124 83 40 -69 -41 -127 5 95 28 69
-63 45 32 82 82 -40 -83 50 58 -3 -78 67 91 47 25 -74 112 -118 -52 83 58 97 -85 -60 -18 -100 -119 107 -4 30 91 -18
-11 -1 -93 63 -32 50 26 -121 -61 -124 26 -112 -112 89 -105 127 41 -55 -68 -27 32 37 -31 -40 -15 -106 85 115 21 -90 -11 89
34 27 -100 77 -102 -34 111 -94 -22 -107 30 99 -41 57 66 115 89 42 -64 77 59 -27 -118 60 15 -32 80 -36 69 -112 -14 82
-89 -110 13 -45 -6 -63 -99 50 -6 18 80 -71 13 -34 105 35 20 40 102 -31 27 54 -15 -125 81 67 -26 79 109 -11 4 121
-65 71 -93 -65 126 0 2 36 15 124 -58 -77 -81 -52 -58 113 -12 -97 104 22 -116 -56 89 123 34 -122 2 11 -62 24 -118 -21
-46 12 -20 -110 -117 100 9 -58 9 -111 72 -83 -90 18 18 44 84 -56 -114 -111 -89 -2 28 66 51 -94 -115 71 -84 -26 -46 -34
-85 -93 -123 -116 110 14 1 -118 -2 -105 -99 39 -91 -9 94 -90 124 -20 33 -105 -48 -105 -94 45 30 -100 30 -107 5 -9 21 -77
-107 89 -61 -50 84 70 -32 -99 -63 45 3 -123 60 21 -102 91 106 -28 -104 -39 126 112 -80 -101 -76 108 56 37 95 53 60 -34
0 66 114 -63 -92 -31 34 80 51 59 78 -42 -117 69 90 -122 -20 -122 84 -94 85 -126 48 -15 22 66 73 -29 68 -70 45 103
24 -96 87 -87 -111 124 -73 33 -4 36 -30 92 56 80 -28 79 -110 -33 -2 16 0 36 29 123 -8 -110 -66 23 8 -94 -8 -24
71 112 -74 51 -68 -86 17 6 0 -35 32 57 97 120 52 -21 44 105 -84 -36 -100 -76 13 50 -89 33 46 -11 -119 -87 32 85
-10 96 -114 120 15 -16 59 58 -88 72 -26 -64 110 124 40 34 26 118 -14 52 -100 118 -80 -72 -55 126 -1 44 76 84 -10 -43
46 -122 -115 -38 66 125 75 70 22 -37 106 -30 14 101 25 109 -47 124 30 6 49 -39 57 -41 46 -69 15 -87 18 91 55 -105
87 124 -22 -122 39 114 -70 46 -7 31 -115 -1 -102 -96 89 -88 56 -95 -66 11 41 103 -123 26 -9 73 -95 -111 30 -91 -3 1
-125 113 6 -4 67 -110 -15 -102 -88 -7 26 -59 -44 69 110 86 18 -70 114 10 -120 -71 30 59 -42 53 -29 48 121 78 7 77
30 61 -102 -99 62 27 -44 -13 90 -69 11 -115 24 114 83 -119 -118 -18 31 -79 97 5 50 52 79 -10 55 -82 44 -93 -81 -60
-103 -12 73 104 -109 115 -7 41 87 127 -83 -50 63 74 84 -89 83 90 -30 86 -7 125 -120 -103 -91 -17 -117 -90 -28 12 -95 100
82 41 7 2 -64 -14 10 -83 -72 -96 92 -86 113 67 59 -85 -36 11 19 120 -117 31 -28 -123 -80 -65 -20 1 2 -15 -45 104
-101 59 -66 69 -4 -110 -20 -58 -22 36 15 -69 -9 -100 107 46 -46 28 48 104 -116 127 -110 -74 -118 -104 -116 73 -59 105 -17 42
31 124 -98 -51 -64 -54 88 15 10 -102 24 -24 -38 108 -89 -65 120 -101 17 51 -19 91 -86 -13 31 -113 30 -111 -83 127 -59 44
120 -30 -10 -61 18 -126 -47 -37 -71 -22 -124 -38 -73 -83 21 54 -117 -32 -80 37 4 105 -104 107 89 -90 102 -41 -94 -16 113 -46
84 -68 90 -74 -73 -78 -13 126 109 -90 85 -91 -99 -87 66 125 -28 -59 73 -59 -20 -87 50 97 3 -123 -14 -72 -83 28 53 43
-93 -9 -24 71 120 34 41 120 31 -126 -107 -84 -107 112 -1 35 3 -117 64 113 71 83 -103 121 126 57 30 -103 -14 -85 4 -126
23 111 -86 31 41 105 -5 -94 67 -63 -127 108 -72 115 -106 -88 96 66 -13 -26 99 22 27 17 -60 117 -114 -83 109 -73 -56 -30
-26 46 -120 85 110 -13 24 -85 -28 0 -6 -80 -77 4 -100 -117 -56 -34 11 105 68 44 34 114 47 -24 79 -82 -8 77 3 122
-67 -86 12 -121 27 -13 46 97 28 -14 -49 18 80 39 -115 82 -87 107 -18 -104 58 -96 76 43 124 -120 -123 43 126 87 -63 -87
-49 -51 -118 -73 -59 58 4 113 95 37 -47 103 6 63 87 -6 120 49 -14 -64 -78 -11 74 -117 77 -52 -70 29 -96 19 127 -28
-23 -108 55 89 13 -58 69 105 -76 34 89 -116 -27 -26 -21 -108 74 -96 118 49 -44 -40 40 -118 -10 -12 -61 -19 102 -14 -4 0
-44 79 -70 -18 -5 -54 57 -47 109 84 22 30 80 -9 105 88 106 80 -25 11 86 122 -107 116 -20 -67 96 -6 1 -12 81 -68
-47 -105 111 -86 -92 -109 7 -13 98 95 -21 88 -57 -51 -54 -86 36 114 -109 53 -76 119 -51 25 4 -74 -92 88 68 -126 -123 99
-62 43 56 -65 -34 74 -124 101 -4 73 9 -42 -65 -66 -53 -119 -17 63 -126 70 125 -61 -90 -101 4 -64 55 72 -4 47 -118 -68
-28 43 123 71 -67 10 74 83 12 35 34 -38 5 36 -18 78 -105 68 -53 109 -38 33 -43 119 -41 104 48 -46 10 -112 -17 -37
86 -46 -123 -28 123 -76 23 5 -125 -67 94 -118 -51 -116 -36 -99 42 -114 -24 -102 -96 62 -102 122 -72 122 -3 70 62 78 -2 75
-42 126 66 92 50 46 -20 -40 29 81 25 -117 -5 -7 125 -44 -13 -73 -74 -124 127 -17 -119 17 -53 -94 80 -85 102 111 94 -114
-34 53 -123 -11 13 116 126 -27 12 -28 14 2 38 108 112 -107 -67 -126 -36 -4 -29 -122 -36 -82 56 8 1 31 47 -45 55 1
-59 6 -63 12 -117 100 46 -70 -95 -119 12 -118 104 -37 66 90 -119 -46 -38 59 -83 4 -102 120 -72 -12 31 -118 -116 -105 31 -41
-103 -33 -92 -101 124 -76 -119 119 36 -106 -49 -6 -122 -102 120 -17 54 -35 -86 -23 117 97 -63 93 4 -54 -35 -5 40 97 60 -126
43 7 2 -7 7 29 127 -25 -55 68 -77 29 22 -97 104 -43 -103 -127 -37 -32 -71 51 -112 -87 -85 -121 -88 84 74 -112 -26 88
-82 -44 -7 -25 -25 -63 -125 120 94 -100 -40 -117 -46 -69 -97 51 78 -125 104 17 33 57 -40 84 43 -6 -125 -61 -98 -122 88 -83
86 46 -20 86 -111 -62 -70 -67 36 -71 99 60 -1 20 -18 48 -59 -79 34 61 -24 -54 -86 53 72 95 1 -103 -15 -7 -47 46
-5 -54 -36 -97 73 102 -9 -103 51 95 -101 67 14 58 65 39 -119 -66 -93 -57 -55 24 9 115 81 113 117 -119 -16 -45 114 102
65 -86 -1 -21 -113 -53 -18 106 -80 36 -97 61 -117 -103 -78 -125 2 117 72 29 -100 31 27 -9 -79 -119 -26 55 -101 122 -66 -123
-73 110 -11 -97 -4 48 34 -92 78 -124 -17 -104 77 20 71 70 8 -114 76 106 -40 9 -40 8 -103 57 110 98 19 -57 -119 99
-109 -10 119 -11 47 -112 -66 91 3 -120 94 109 110 106 -41 79 -111 -89 10 -20 109 100 -117 127 125 13 71 94 -33 21 -11 87
-3 -69 64 20 -85 60 111 92 114 63 67 8 -53 21 -25 118 44 46 -64 124 -4 73 41 -35 -83 44 -81 -110 101 -19 125 -10
0 102 113 -87 71 -76 73 22 -58 126 -85 99 113 90 -32 50 30 -82 -84 -97 48 110 39 -19 -10 113 -66 114 70 -125 57 58
-40 -27 -118 -4 -18 -7 -5 -23 6 3 22 -35 -101 85 2 113 92 -27 13 57 -17 -64 26 84 96 -4 -68 -99 -6 123 -10 8
-27 70 37 -61 -48 -11 41 58 103 94 38 -61 -95 -94 -13 -99 126 -46 -92 -66 5 72 3 2 -12 6 80 -42 -45 45 105 8
19 -103 -49 -112 13 19 95 -127 20 123 56 -41 50 78 -100 68 -87 30 34 108 -109 -89 79 123 106 -13 -118 39 121 -54 5 104
-107 -22 110 55 -124 -89 101 85 -54 -72 -30 -83 -70 48 -26 31 60 -99 -7 -43 120 12 123 -5 -56 -124 11 -44 -35 73 24 -97
48 51 53 -39 -30 -96 -64 -106 120 -19 -61 -25 58 67 -24 -99 17 -124 108 -56 -63 76 -16 58 22 119 96 104 84 13 -25 -94
19 -125 -104 -43 118 -60 -44 -98 -45 8 76 -69 -87 28 117 -9 23 83 8 -28 -31 45 -28 -38 112 -32 60 92 64 90 -29 -41
36 68 -96 -32 -126 16 -50 -35 4 -60 -63 4 -80 50 17 -83 72 59 106 106 -64 124 -41 99 -80 121 -123 81 -122 86 -43 -117
-11 -1 10 77 -83 53 51 4 95 -83 -123 3 -57 -93 23 36 44 -58 -47 -20 -38 -70 -13 -94 -9 33 9 108 68 -98 80 109
7 -83 -54 118 21 69 67 -4 -100 0 6 -123 29 -118 8 -116 -116 -120 -71 123 -5 93 83 -64 -28 -30 79 93 108 -107 55 106
66 -123 113 -70 -106 -60 97 -81 80 -99 109 -112 25 118 86 115 -57 -78 -1 25 49 55 -112 10 115 73 68 37 -105 -70 -34 28
-12 47 -127 -98 19 76 17 44 -13 103 -46 -111 -106 -104 -58 -1 -52 -32 -69 -62 -62 55 75 19 -117 -1 8 -40 6 47 73 19
121 121 -127 -17 -12 87 66 42 -81 -75 -29 -6 -87 91 1 97 89 114 83 -24 -57 16 -53 -119 1 7 -11 122 -92 -5 36 117
-33 -91 -97 122 -55 21 64 2 -60 57 57 87 84 89 -107 -14 -110 29 109 -106 -116 61 -70 28 94 -27 -51 -89 114 -70 89 -97
76 53 71 46 120 108 20 -18 105 -44 19 94 72 48 -83 93 -100 106 103 107 -72 100 -111 -11 118 -71 34 105 1 -34 -100 -11
-61 -47 57 115 -79 -40 118 42 10 -20 123 34 98 117 -23 -112 65 -81 119 -113 -96 -112 62 -57 41 71 -83 93 -20 -31 -80 -89
-9 93 -124 19 -65 6 50 82 -38 -79 -30 -116 3 -103 53 96 -108 30 -43 113 -109 93 58 -88 -31 -77 127 6 91 61 42 36
41 50 -118 123 26 -77 70 36 107 -9 54 -110 90 -89 -93 110 -56 -86 -104 60 58 103 -83 72 -35 -92 -107 -19 14 -16 66 -51
-115 -91 100 117 -2 -10 8 -22 125 -22 56 -67 0 -83 -36 29 52 107 -118 -64 -109 -11 58 -43 94 2 111 -49 -24 31 -83 -34
-21 -117 -60 -25 -82 14 -28 -127 -109 45 -118 12 59 80 36 -53 76 67 -18 -76 13 -41 -127 -18 -5 51 -35 -60 -72 -56 54 -65
-8 65 12 -22 -95 -45 85 -60 120 -32 36 114 -120 91 -109 -48 60 -41 -4 -15 60 94 14 -106 53 67 6 94 -20 -30 105 -117
117 61 84 -31 48 112 -11 -23 -16 -120 42 111 58 99 107 111 51 10 92 -104 13 48 -102 123 -33 -82 -26 -126 100 80 -81 93
-36 121 -99 -118 -42 43 17 -124 8 43 83 121 34 -63 -35 114 89 7 40 -18 -21 104 23 -30 -58 23 -110 -101 -66 -20 -107 -10
63 49 49 114 -3 -75 -35 104 -71 -31 125 -47 -98 123 60 -11 2 30 33 -126 17 86 110 116 -108 96 8 -22 -9 98 25 82
-42 40 44 51 -50 -109 -119 -87 70 110 62 -1 -23 -102 -119 20 106 -53 112 -80 110 -48 -114 -85 -95 -67 -14 29 -125 -125 93 -43
-47 10 22 41 36 -70 123 108 -72 -94 -90 45 -33 116 3 76 -70 63 -120 6 66 -83 49 -106 -119 107 -4 96 44 -58 -71 104
-100 -115 82 8 -80 -23 66 -105 -57 -59 26 12 -36 -6 55 33 -18 43 -72 19 -101 -95 103 56 98 -88 -1 115 -120 -13 125 122
2 56 -115 -51 106 71 114 112 0 -111 121 42 -97 67 58 -16 -78 -44 29 7 121 -113 78 27 73 100 -82 77 6 -91 110 -106
-97 66 -124 -86 72 28 -120 -112 86 -43 61 -117 31 126 62 77 9 31 4 -126 -66 80 31 -44 -75 3 0 111 25 43 -42 -66
-81 116 113 103 -4 9 50 7 -121 111 57 -118 94 -15 122 -50 117 51 -17 79 26 -7 68 44 -27 9 -106 -97 -70 -78 49 -56
-102 -44 -93 19 116 102 -6 -81 117 96 53 -21 38 9 -77 2 -45 -1 16 84 -65 75 -67 14 86 27 -25 95 -43 97 -27 -119
32 110 -116 119 69 -19 -27 79 -72 -91 89 -58 -29 -5 -15 92 113 123 107 53 68 4 89 10 -106 76 -81 1 14 123 56 -28
19 -30 -8 -75 30 4 -120 74 -120 32 55 -84 -119 -69 -89 -100 -92 1 -58 -25 122 -32 5 98 103 -111 10 106 33 3 -70 12
3 93 -78 123 -111 -110 92 14 -50 121 11 -57 -102 76 112 115 -106 -115 -47 -92 -69 -69 -46 10 -69 -78 -21 21 -43 -90 -90 -59
121 -41 -67 94 -57 -110 83 -46 -98 63 -31 21 50 -92 42 96 -18 75 -43 -103 -44 -82 -83 10 -20 -23 20 -65 47 66 -71 -41
27 -29 -62 -51 -104 -85 -24 41 -24 3 -21 99 26 -46 53 -89 54 -39 -43 123 -123 1 68 115 -106 44 -127 -100 -6 55 -85 33
-15 -108 -127 16 -10 92 -81 24 -104 -87 2 69 -109 14 -16 -36 69 -54 91 -122 90 -80 60 -88 37 63 -88 126 14 -102 -5 -48
40 -101 -55 -57 74 34 46 -43 -56 114 -72 -118 -92 -98 -49 -25 44 -6 -126 -34 -102 115 14 74 108 -37 -74 -92 119 -52 99 -33
99 3 -12 87 111 -100 -44 3 -85 37 -42 -73 -58 -93 -119 -114 -107 -116 119 115 30 16 95 -76 13 13 -62 51 -93 -97 -120 36
-25 -71 30 -96 36 -13 -84 44 117 0 120 -80 122 -9 46 -45 76 -94 -38 40 100 -21 115 80 -54 12 -7 64 -47 -69 -90 121
-78 -116 112 112 -122 28 8 18 104 -14 32 -23 14 114 -57 45 -81 -28 127 -60 -69 -80 -94 -114 95 21 -53 -23 -92 106 65 -106
42 53 -43 85 24 -87 114 11 -126 -110 118 -121 30 19 31 16 -72 46 -125 49 -20 -84 -122 -95 -93 -115 25 -28 -119 -52 121 82
119 118 116 82 43 67 36 112 98 78 -7 -118 117 -44 -68 -1 -58 -41 -38 108 121 23 -63 -85 32 -86 94 -29 17 -62 -78 4
-43 -90 -50 42 11 -23 -126 39 -99 -1 44 98 6 87 -76 -35 22 80 -123 -127 57 -101 -24 74 17 122 -75 -96 -61 47 99 -29
-70 -48 104 -4 -19 -101 -63 -84 -41 117 -12 20 -16 -30 84 23 -106 -53 -37 44 3 -6 -120 -40 -117 -1 106 119 5 124 -75 -75
65 35 23 -29 118 25 -40 106 40 93 -8 28 -72 -56 95 84 -91 -98 48 -8 -7 34 -121 34 -33 -37 -49 -116 -28 -116 82 93
-31 11 -50 116 40 -116 -84 105 12 -109 30 42 -94 120 16 -76 -96 -5 15 -48 76 28 25 -89 -110 -2 87 118 105 22 103 120
121 -80 93 115 90 -99 -104 -19 43 -66 63 86 -70 43 -8 -24 107 90 74 -107 0 86 -41 30 118 51 -98 -44 36 -41 53 59
-108 -29 5 61 76 -113 -25 -83 -30 50 24 24 -71 -10 84 -24 87 -78 100 -31 26 4 79 42 -127 57 116 -65 -123 24 122 66
-97 -116 -72 85 -35 58 -27 17 -75 99 -30 2 -78 11 -96 28 23 96 -18 123 24 -28 21 22 -30 -5 -13 105 -125 77 -7 -35
-2 106 113 -99 -101 -40 97 -116 115 53 61 -108 47 -108 -38 12 49 -10 126 -70 -40 -28 -116 41 -93 31 18 -18 12 80 -14 104
104 -115 -44 -61 102 41 -44 -121 4 90 17 -47 13 -2 -71 87 30 61 -68 127 52 -63 -8 7 -83 -4 7 33 -63 86 34 74
81 123 29 100 84 -19 -127 94 122 -93 20 65 90 -81 56 111 3 -68 106 71 -51 -115 -70 80 75 89 -16 -121 9 103 -77 -26
-108 108 -44 71 -86 50 -44 -77 63 -25 -33 -18 -10 21 -120 84 -15 -80 11 37 45 -102 -3 53 -78 122 -44 114 -124 7 -103 126
104 92 50 22 47 74 -2 111 16 38 -19 61 25 106 51 101 16 -78 6 -27 3 -81 102 -69 -36 92 -25 -120 79 -20 -98 -97
117 -121 -108 61 -61 26 123 12 36 -29 69 -119 -101 -68 58 -52 69 34 -33 -121 84 -119 -50 65 39 90 76 84 -21 87 0 -51
0 -33 -69 -116 -25 8 70 126 -74 -12 -28 -83 -59 -3 38 -91 -48 -57 77 114 -84 11 116 37 66 -75 -94 20 -93 -11 -26 -96
0 0 -73 11 109 -87 109 96 3 88 -57 108 -54 4 96 -65 -53 -76 -64 18 -23 103 -16 86 8 -25 58 -38 -81 -60 -119 49
0 0 0 65 -35 -43 51 -109 100 -43 -48 86 32 70 32 33 -89 42 -65 -84 -99 58 -67 -17 -39 114 77 -108 100 -110 2 18
0 0 0 0 -93 127 94 -50 -97 -10 100 -4 -46 93 -60 5 -115 -2 70 -44 116 54 31 54 102 2 5 27 63 69 101 -108
0 0 0 0 0 -112 -76 -79 -104 -96 23 55 54 -75 -25 -124 -72 37 64 -49 54 -116 -77 37 51 109 -105 -105 -124 -32 56 -6
0 0 0 0 0 0 1 3 52 -98 79 116 -118 -54 -43 -81 71 -72 44 101 105 10 -23 107 -21 -42 -48 51 -23 105 -118 -62
0 0 0 0 0 0 0 50 -107 -118 122 -73 -53 -57 19 -42 23 -80 124 -126 -45 40 -41 -124 -114 -35 -80 123 17 -118 -77 26
0 0 0 0 0 0 0 0 -114 53 115 115 -25 56 -106 105 39 -113 -31 116 38 -107 -105 119 -88 -34 -124 114 -29 121 -15 84
0 0 0 0 0 0 0 0 0 -66 96 -123 -76 31 85 23 14 -52 26 9 -84 -91 -96 23 -17 19 -70 58 127 50 25 -101
0 0 0 0 0 0 0 0 0 0 7 30 -64 50 67 -109 -52 52 -117 -91 -38 -56 59 -100 102 94 54 35 10 106 -127 76
0 0 0 0 0 0 0 0 0 0 0 23 103 58 -71 -77 -30 103 78 120 126 115 13 -14 -25 102 127 -127 9 -65 -67 -39
0 0 0 0 0 0 0 0 0 0 0 0 -29 -117 101 62 -6 113 -115 22 -52 89 116 4 -8 105 -79 -69 -9 0 36 -31
0 0 0 0 0 0 0 0 0 0 0 0 0 63 81 8 -49 96 -17 40 4 90 55 47 52 -59 -116 0 -120 107 -91 55
0 0 0 0 0 0 0 0 0 0 0 0 0 0 -99 25 30 -11 74 116 -5 111 -98 2 105 75 -110 -7 76 -77 119 110
0 0 0 0 0 0 0 0 0 0 0 0 0 0 0 22 -78 -111 53 -36 50 13 -12 -49 -52 85 -113 -80 -17 7 5 13
0 0 0 0 0 0 0 0 0 0 0 0 0 0 0 0 80 89 -61 68 27 -20 -31 -69 72 19 -68 -8 -47 -49 -91 -52
0 0 0 0 0 0 0 0 0 0 0 0 0 0 0 0 0 -35 -119 -107 77 48 -93 -33 34 -21 123 -76 -18 -62 -36 16
0 0 0 0 0 0 0 0 0 0 0 0 0 0 0 0 0 0 -122 -83 -112 69 -18 49 112 -64 53 -96 -4 -46 49 -8
0 0 0 0 0 0 0 0 0 0 0 0 0 0 0 0 0 0 0 82 -99 96 -97 104 95 -77 122 -46 87 -42 -44 -22
0 0 0 0 0 0 0 0 0 0 0 0 0 0 0 0 0 0 0 0 29 -66 -101 -52 -85 46 64 0 74 69 33 -127
0 0 0 0 0 0 0 0 0 0 0 0 0 0 0 0 0 0 0 0 0 -39 -113 -13 -98 95 -35 92 -110 8 -73 58
0 0 0 0 0 0 0 0 0 0 0 0 0 0 0 0 0 0 0 0 0 0 109 -109 -122 -15 51 70 -45 98 102 89
0 0 0 0 0 0 0 0 0 0 0 0 0 0 0 0 0 0 0 0 0 0 0 120 15 -86 10 98 -28 85 -46 99
0 0 0 0 0 0 0 0 0 0 0 0 0 0 0 0 0 0 0 0 0 0 0 0 -126 39 16 94 69 53 -32 104
0 0 0 0 0 0 0 0 0 0 0 0 0 0 0 0 0 0 0 0 0 0 0 0 0 108 -93 45 90 -53 31 -38
0 0 0 0 0 0 0 0 0 0 0 0 0 0 0 0 0 0 0 0 0 0 0 0 0 0 64 120 -125 44 -57 -32
0 0 0 0 0 0 0 0 0 0 0 0 0 0 0 0 0 0 0 0 0 0 0 0 0 0 0 -32 104 118 6 -56
0 0 0 0 0 0 0 0 0 0 0 0 0 0 0 0 0 0 0 0 0 0 0 0 0 0 0 0 -92 13 -88 27
0 0 0 0 0 0 0 0 0 0 0 0 0 0 0 0 0 0 0 0 0 0 0 0 0 0 0 0 0 -32 16 -108
0 0 0 0 0 0 0 0 0 0 0 0 0 0 0 0 0 0 0 0 0 0 0 0 0 0 0 0 0 0 105 -61
0 0 0 0 0 0 0 0 0 0 0 0 0 0 0 0 0 0 0 0 0 0 0 0 0 0 0 0 0 0 0 20
0 0 0 0 0 0 0 0 0 0 0 0 0 0 0 0 0 0 0 0 0 0 0 0 0 0 0 0 0 0 0 0
