-1.733398438
-1.733398438
-1.733398438
-1.733398438
-1.733398438
-1.733398438
-1.733398438
-1.733398438
-1.733398438
-1.733398438
-1.733398438
-1.733398438
-1.733398438
-1.733398438
-1.733398438
-1.733398438
-1.733398438
-1.733398438
-1.733398438
-1.733398438
-1.733398438
-1.733398438
-1.733398438
-1.733398438
-1.733398438
-1.733398438
-1.733398438
-1.733398438
-1.733398438
-1.733398438
-1.733398438
-1.733398438
-1.733398438
-1.733398438
-1.733398438
-1.733398438
-1.733398438
-1.733398438
-1.733398438
-1.733398438
-1.733398438
-1.733398438
-1.733398438
-1.733398438
-1.733398438
-1.733398438
-1.733398438
-1.733398438
-1.733398438
-1.733398438
-1.733398438
-1.733398438
-1.733398438
-1.733398438
-1.733398438
-1.733398438
-1.733398438
-1.733398438
-1.733398438
-1.733398438
-1.733398438
-1.733398438
-1.733398438
-1.733398438
-0.1389160156
-1.153320312
0.2312011719
-0.3835449219
-1.114257812
-0.3010253906
0.9965820312
-0.02850341797
-0.845703125
-1.080078125
-0.4208984375
-1.17578125
0.03756713867
-1.465820312
-0.8583984375
0.3479003906
-0.521484375
-0.04309082031
-0.279296875
-0.03359985352
1.068359375
0.83984375
0.1064453125
0.3063964844
0.1707763672
2.80859375
0.4409179688
0.4379882812
0.9213867188
2.6484375
-0.4448242188
-1.438476562
1.765625
1.247070312
-0.04278564453
-0.365234375
-0.9350585938
2.19921875
-0.4948730469
1.631835938
0.1040039062
-1.07421875
-0.1232910156
0.810546875
0.6455078125
-0.9775390625
1.008789062
-0.7524414062
0.2260742188
0.5810546875
0.8095703125
0.2318115234
-1.623046875
0.03945922852
-0.09027099609
-0.4768066406
0.4799804688
-0.01982116699
0.4152832031
0.1456298828
-2.091796875
-2.455078125
-0.6723632812
0.004058837891
0.6235351562
0.3276367188
-0.3991699219
0.4184570312
-0.3876953125
-1.319335938
-0.1488037109
0.228515625
0.4375
-1.374023438
-1.110351562
-0.09973144531
0.0227355957
-0.8803710938
1.943359375
1.303710938
-0.3122558594
2.474609375
-0.7509765625
0.007888793945
0.7583007812
-0.703125
0.1571044922
-2.201171875
-0.1409912109
-1.724609375
0.09027099609
-1.057617188
-2.3984375
1.36328125
-0.1887207031
0.2427978516
-0.4428710938
-1.259765625
1.500976562
1.80859375
-1.625976562
2.771484375
2.568359375
0.5551757812
-0.4448242188
0.2548828125
1.453125
-0.2658691406
-0.3937988281
1.517578125
-1.84375
-1.55078125
-0.9389648438
-0.09857177734
1.440429688
-0.3537597656
-0.90625
1.440429688
-1.484375
1.340820312
-0.7661132812
0.1818847656
1.48046875
-0.1961669922
0.8120117188
-0.01558685303
1.262695312
0.6430664062
-0.03784179688
0.1528320312
0.4428710938
0.4055175781
-0.06390380859
-1.278320312
-0.8276367188
-2.75
-0.2263183594
0.6977539062
0.01890563965
-0.9697265625
2.16015625
1.32421875
-1.538085938
0.1577148438
0.3403320312
-0.9018554688
-1.162109375
-0.85546875
-1.721679688
-0.2081298828
-0.54296875
-1.659179688
-0.2247314453
1.872070312
-2.23046875
-0.1793212891
0.6411132812
0.2452392578
-0.5615234375
-1.303710938
0.9438476562
-1.10546875
-0.2575683594
0.6479492188
-0.404296875
0.1973876953
0.4946289062
2.37890625
0.1335449219
0.7954101562
-0.6791992188
-0.4602050781
0.4614257812
-1.647460938
1.948242188
-0.2827148438
-1.03125
1.653320312
-0.2902832031
-1.2578125
0.7807617188
-0.05999755859
-1.37109375
2.46484375
-0.3779296875
-0.5751953125
-0.4389648438
1.413085938
-0.5180664062
1.344726562
-1.39453125
-0.05322265625
0.5458984375
-1.344726562
-0.2854003906
-0.06872558594
1.466796875
1.004882812
0.3903808594
0.01248168945
-0.04479980469
1.448242188
-2.40234375
0.1751708984
-1.063476562
-0.8061523438
-0.09613037109
0.3654785156
1.65625
-0.96484375
0.8295898438
-1.119140625
-1.6484375
-0.9052734375
1.2734375
-0.0537109375
-0.5888671875
-1.04296875
-0.7333984375
1.591796875
-0.6958007812
-0.6538085938
-0.9599609375
0.6069335938
0.1372070312
1.3125
0.6977539062
-1.028320312
0.7202148438
0.2055664062
-1.196289062
-0.92578125
-1.677734375
0.009658813477
1.098632812
1.630859375
-0.9096679688
-0.5336914062
0.3698730469
-0.271484375
-0.798828125
-0.8930664062
-1.193359375
-0.7548828125
0.09985351562
-0.908203125
2.220703125
-0.5864257812
-0.1916503906
1.291992188
0.5336914062
0.7490234375
-0.3869628906
-1.301757812
0.06268310547
-0.7333984375
-0.5913085938
0.4548339844
0.2846679688
-1.032226562
0.03114318848
-0.03192138672
0.69140625
-0.05792236328
-0.4025878906
-0.52734375
0.8110351562
-1.629882812
-0.6635742188
-2.34375
-0.5810546875
-0.716796875
-0.2595214844
1.959960938
-0.4968261719
-1.318359375
-0.3034667969
-0.826171875
0.7788085938
-1.368164062
-1.881835938
0.3657226562
0.3161621094
-1.053710938
0.91015625
0.349609375
0.8515625
-1.02734375
-1.94140625
-0.00573348999
-0.6552734375
0.4084472656
-1.48046875
1.706054688
-0.2182617188
-1.692382812
0.0859375
-1.112304688
0.482421875
0.4931640625
0.3168945312
-1.344726562
-1.374023438
-0.4645996094
0.2900390625
-0.3425292969
0.09637451172
-0.1571044922
-0.2292480469
1.732421875
0.84375
-0.2041015625
1.356445312
-1.063476562
0.3149414062
0.2958984375
2.130859375
0.2164306641
0.083984375
-0.5673828125
-1.083984375
-0.8154296875
0.9541015625
-0.2414550781
0.998046875
0.458984375
0.8969726562
1.706054688
-0.7944335938
1.28125
-2.021484375
-0.8364257812
0.04315185547
-0.4729003906
0.8256835938
1.450195312
-0.01512908936
0.5678710938
1.3515625
-0.3610839844
0.884765625
-1.387695312
0.7807617188
0.3869628906
2.392578125
0.02508544922
-0.1278076172
1.361328125
0.5893554688
0.9946289062
0.9560546875
-1.198242188
-1.233398438
1.23828125
-0.1385498047
1.73828125
-0.9038085938
0.5463867188
0.779296875
-0.8745117188
-2.39453125
0.2568359375
0.5751953125
-0.306640625
-2.13671875
0.3208007812
1.545898438
2.5390625
2.259765625
-1.241210938
-0.1716308594
0.5317382812
-1.557617188
0.9760742188
-0.08306884766
0.474609375
-0.3054199219
2.078125
-1.196289062
0.3742675781
1.0234375
-0.2890625
0.3889160156
0.4372558594
1.166015625
-0.01364898682
0.4084472656
0.2731933594
1.116210938
-0.8686523438
-0.1644287109
0.2800292969
0.7241210938
0.1403808594
0.9067382812
-0.5693359375
0.8588867188
-1.594726562
0.3725585938
-0.4558105469
-0.876953125
-2.7734375
2.41796875
1.709960938
-0.9321289062
0.4008789062
1.327148438
1.586914062
-0.8745117188
-0.6616210938
0.685546875
2.05078125
1.064453125
-0.6079101562
-1.129882812
0.4135742188
1.001953125
-0.2471923828
0.1927490234
0.271484375
-1.870117188
-0.2944335938
1.293945312
0.6616210938
0.2000732422
-0.2612304688
1.978515625
1.512695312
-0.2471923828
0.1062011719
0.3762207031
0.2543945312
-1.583007812
0.8579101562
-1.26171875
-0.2634277344
-2.62109375
-0.5297851562
2.0625
-1.827148438
-0.4851074219
0.38671875
-1.326171875
-1.96875
0.7768554688
-1.0703125
-0.7680664062
-0.2749023438
-0.4506835938
-1.216796875
-1.310546875
-0.8901367188
0.07049560547
-0.2303466797
0.5966796875
0.09002685547
-0.06872558594
0.3210449219
0.07708740234
-1.125
2.69140625
-1.536132812
1.3515625
1.43359375
0.1651611328
-1.0625
0.2741699219
0.5263671875
0.09918212891
0.1540527344
0.06732177734
0.9130859375
0.5952148438
-0.515625
0.6435546875
1.064453125
1.061523438
2.05078125
-0.8623046875
-1.546875
-1.579101562
-0.06402587891
-1.004882812
1.493164062
-0.8627929688
0.8505859375
-0.7934570312
-0.787109375
-1.224609375
-2.734375
0.9775390625
1.55859375
0.1641845703
0.9086914062
-0.7998046875
1.1015625
-1.338867188
0.2236328125
0.4777832031
-0.3940429688
-0.4577636719
-0.638671875
-0.2868652344
-0.8603515625
-1.291992188
0.2274169922
1.314453125
1.38671875
1.547851562
-1.102539062
1.244140625
-0.732421875
-1.108398438
0.150390625
-1.38671875
0.9272460938
-1.692382812
-1.478515625
-1.047851562
-1.629882812
0.525390625
1.186523438
-1.608398438
0.1157226562
-0.7739257812
-0.4416503906
-0.04681396484
-0.7177734375
-0.4321289062
0.02403259277
-2.896484375
0.1094360352
0.06457519531
0.4733886719
-0.806640625
-1.036132812
-0.5205078125
0.6235351562
-1.104492188
-2.03125
0.2219238281
0.5961914062
-0.52734375
-0.5932617188
1.303710938
-0.3857421875
0.6938476562
0.9750976562
-0.9853515625
-0.1159057617
0.9331054688
1.068359375
1.721679688
0.3371582031
-0.8520507812
-0.1678466797
-0.3083496094
0.8447265625
-0.3469238281
1.0859375
0.03277587891
0.6254882812
1.540039062
1.931640625
-0.765625
-1.909179688
1.423828125
-0.6420898438
-0.06286621094
-0.912109375
1.212890625
-0.4069824219
0.7978515625
-0.64453125
1.7265625
0.1021118164
-0.02960205078
1.083007812
-0.4270019531
1.517578125
1.096679688
0.5053710938
2.185546875
-1.129882812
0.09857177734
1.061523438
-1.172851562
-1.52734375
1.387695312
0.2082519531
0.7456054688
-0.09069824219
-1.688476562
0.4133300781
0.7446289062
-0.8735351562
-2.142578125
1.853515625
0.5478515625
0.3168945312
-1.330078125
-1.38671875
0.7734375
0.1978759766
0.5874023438
-0.6440429688
-0.1143188477
-1.280273438
1.029296875
-0.4221191406
0.806640625
0.8115234375
0.958984375
-0.04165649414
-0.1063232422
0.8237304688
1.14453125
-1.19921875
-1.134765625
-0.09088134766
1.42578125
-0.001401901245
0.5034179688
0.263671875
0.7817382812
0.2561035156
0.62890625
0.56640625
0.3403320312
0.8173828125
-0.3273925781
1.401367188
0.505859375
1.989257812
0.7944335938
0.3520507812
-0.533203125
1.010742188
-0.1102905273
-0.009155273438
0.9584960938
-1.330078125
0.935546875
0.30859375
1.708007812
0.09442138672
-1.217773438
1.57421875
-1.155273438
-0.2459716797
0.4895019531
0.3090820312
0.8012695312
-0.09252929688
0.2705078125
-0.3620605469
0.08068847656
0.8115234375
0.4404296875
0.04541015625
-0.2058105469
2.62109375
1.765625
-0.06561279297
0.2802734375
-1.631835938
-0.6533203125
1.248046875
-0.2161865234
1.409179688
1.361328125
0.07403564453
-1.649414062
-1.00390625
0.01123046875
-0.521484375
0.3232421875
-1.666015625
0.3903808594
1.098632812
-0.576171875
0.6069335938
0.3161621094
-0.1818847656
-0.52734375
2.64453125
0.04272460938
1.822265625
-0.9213867188
0.8671875
-1.41796875
0.3425292969
-0.82421875
-1.62890625
1.06640625
-0.3037109375
0.4658203125
-0.3500976562
0.2420654297
-0.4343261719
1.461914062
1.540039062
1.5625
-0.5463867188
0.3029785156
-0.2795410156
0.4091796875
0.9541015625
0.5458984375
-0.8896484375
-2.490234375
1.029296875
0.2452392578
-0.2678222656
0.6381835938
-0.4296875
-0.4892578125
-0.09252929688
-1.029296875
0.873046875
-1.126953125
-0.2159423828
-0.6176757812
0.1783447266
-0.5078125
-0.1640625
1.34375
0.63671875
-2.09765625
-0.830078125
0.126953125
-0.1713867188
0.8930664062
0.2895507812
0.1793212891
-0.732421875
-0.8071289062
-0.1094360352
0.2303466797
-0.5161132812
-0.4699707031
-0.05200195312
-0.5517578125
-0.7084960938
-1.736328125
0.1550292969
0.1413574219
-1.2734375
-0.5708007812
0.2362060547
-0.1884765625
0.3771972656
-0.01472473145
0.787109375
-0.5688476562
0.3095703125
0.5131835938
-0.8271484375
0.1436767578
0.4597167969
0.8427734375
2.384765625
0.6552734375
1.682617188
1.06640625
-0.2283935547
0.8657226562
-1.620117188
0.2934570312
-1.28515625
0.1806640625
-0.9536132812
-0.4750976562
0.4294433594
-1.028320312
0.3559570312
-0.27734375
-3.24609375
-1.517578125
-1.53125
0.05209350586
1.083007812
-2.0546875
-1.435546875
0.6137695312
-0.06311035156
0.5126953125
-1.315429688
-0.02575683594
-0.1691894531
2.25
-1.439453125
1.439453125
-0.6879882812
-1.254882812
1.25
1.04296875
2
-0.003076553345
0.2844238281
1.956054688
0.9106445312
-0.6547851562
0.07513427734
0.6772460938
0.5791015625
0.2432861328
-0.6479492188
0.9770507812
1.474609375
0.9521484375
-1.397460938
-0.1225585938
0.106628418
-1.51171875
1.77734375
-1.322265625
-1.118164062
-0.5893554688
-2.068359375
-0.3820800781
0.9165039062
-0.9360351562
-1.141601562
-1.171875
-0.650390625
-0.93359375
-0.732421875
0.6118164062
0.3093261719
2.33203125
-0.2061767578
1.23828125
1.0390625
0.08746337891
0.2736816406
-0.974609375
0.4338378906
-0.5786132812
0.3576660156
0.0002889633179
-1.029296875
-0.2468261719
2.1953125
-1.504882812
0.916015625
1.069335938
0.263671875
1.446289062
0.845703125
-0.7807617188
-0.2937011719
-0.955078125
0.5454101562
-1.084960938
-0.3720703125
-0.05322265625
-0.5776367188
0.1970214844
-0.859375
-1.09375
-0.8032226562
0.3833007812
0.05270385742
-0.8286132812
0.7788085938
-0.22265625
-0.6196289062
0.224609375
-0.2783203125
-0.64453125
-0.8784179688
1.53125
-0.3466796875
-1.633789062
1.141601562
-0.578125
0.6708984375
-0.3920898438
1.671875
0.2270507812
0.8984375
-0.2731933594
2.3203125
0.4604492188
0.6455078125
-0.02569580078
1.296875
0.05087280273
0.04187011719
1.663085938
-0.2341308594
-1.005859375
0.3413085938
-0.9985351562
-0.2700195312
-0.6967773438
-0.1446533203
-2.439453125
-1.002929688
0.9643554688
-0.4167480469
0.8540039062
-0.8354492188
-1.03515625
0.6674804688
-0.1717529297
-1.515625
1.333984375
-0.5361328125
-1.435546875
1.772460938
1.038085938
0.3681640625
-0.6953125
-1.419921875
0.6806640625
-0.4440917969
0.2072753906
-0.3352050781
0.4108886719
0.1168212891
0.2788085938
-0.8212890625
0.80078125
-1.010742188
1
0.09979248047
0.544921875
-0.5541992188
-0.1126098633
0.09558105469
0.1983642578
-0.6552734375
1.259765625
-0.6538085938
0.4230957031
-0.3349609375
-2.015625
0.4514160156
1.725585938
0.2216796875
-0.07342529297
0.1326904297
-0.06756591797
-0.7421875
0.01539611816
-0.08551025391
0.8974609375
-0.6279296875
-1.21484375
1.4453125
1.895507812
-0.4970703125
0.5424804688
0.70703125
0.9672851562
-0.5986328125
0.5385742188
-0.5190429688
-1.387695312
-0.6010742188
0.5288085938
-1.921875
0.8178710938
0.5234375
1.827148438
1.665039062
0.31640625
0.4528808594
0.4465332031
-2.53515625
0.05627441406
-0.2741699219
0.7451171875
-0.1888427734
-1.25390625
-0.939453125
-0.05661010742
-0.06970214844
0.3654785156
1.040039062
-0.7182617188
-1.247070312
-0.7084960938
0.7543945312
0.1290283203
-0.9897460938
0.4123535156
-0.857421875
0.5112304688
-2.51171875
0.008567810059
0.5048828125
-0.3759765625
-0.1928710938
0.05358886719
0.9033203125
0.005355834961
0.2274169922
1.432617188
0.5786132812
0.08850097656
-1.43359375
-0.8208007812
-1.053710938
-0.1187744141
0.5620117188
-0.8515625
-1.264648438
-0.2379150391
-1.985351562
0.6098632812
-0.04251098633
-0.1166381836
2.173828125
1.331054688
-0.9130859375
-0.3159179688
-2.20703125
-0.5693359375
0.3098144531
-0.3488769531
-0.3876953125
1.026367188
-0.3537597656
0.267578125
-1.431640625
-0.3862304688
1.342773438
-0.876953125
0.03497314453
0.5297851562
-0.09722900391
-1.46875
-0.6806640625
1.4296875
-1.390625
-0.3508300781
-0.5317382812
0.3337402344
-1.151367188
-0.21875
0.9487304688
-0.2731933594
0.9755859375
0.9858398438
0.09826660156
-0.8374023438
-6.467103958e-05
-1.790039062
-0.2008056641
-1.135742188
1.305664062
0.8911132812
-0.6772460938
-0.1260986328
0.1706542969
1.68359375
-1.526367188
-0.4912109375
-0.9150390625
0.02264404297
0.6762695312
-2.01953125
-0.3410644531
-0.5844726562
-0.006702423096
-0.3901367188
0.794921875
-0.07440185547
1.040039062
1.338867188
-0.4826660156
-0.4506835938
-1.379882812
-0.9716796875
-0.6840820312
0.2575683594
-2.01171875
-0.5327148438
0.4729003906
0.8759765625
1.564453125
-0.7260742188
0.759765625
-0.002361297607
-1.077148438
-1.018554688
1.32421875
2.443359375
0.07952880859
1.935546875
0.5546875
0.2001953125
-0.08752441406
0.7163085938
0.8422851562
0.2626953125
-0.4096679688
-0.02676391602
-1.638671875
0.6186523438
-0.908203125
-0.9155273438
1.4609375
0.01544189453
2.01171875
1.26953125
-0.9208984375
-0.9946289062
0.3317871094
-0.2839355469
0.1365966797
-0.1331787109
2.16796875
-1.598632812
0.8330078125
0.4313964844
1.078125
0.8037109375
-1.45703125
-1.3125
1.510742188
1.01953125
-0.6923828125
0.6552734375
1.186523438
-0.1123657227
0.43359375
-0.2153320312
-2.74609375
0.02615356445
0.42578125
0.9633789062
0.3342285156
0.7270507812
0.7138671875
0.4223632812
-0.9067382812
0.05581665039
-0.3747558594
-0.8188476562
-1.172851562
0.560546875
-1.484375
-1.625
1.3515625
0.2690429688
-2.28125
0.1279296875
-0.3168945312
-1.240234375
-0.3259277344
0.8935546875
1.596679688
-1.38671875
-0.7802734375
0.8657226562
0.5849609375
0.8256835938
0.1352539062
-0.3481445312
1.138671875
0.1258544922
-0.2861328125
0.2895507812
-0.9399414062
-0.337890625
1.086914062
0.7485351562
0.5932617188
-0.7666015625
-0.4916992188
0.9506835938
0.07611083984
-0.892578125
-0.7329101562
0.02104187012
0.5034179688
0.4135742188
0.4333496094
1.430664062
0.8920898438
1.419921875
1.387695312
0.4919433594
1.090820312
-0.83984375
0.7373046875
-0.5278320312
0.01409912109
-1.5546875
0.2619628906
0.6938476562
0.5268554688
0.2556152344
-1.643554688
0.6279296875
1.047851562
0.4794921875
-2.126953125
0.4895019531
-0.5068359375
0.1989746094
-1.151367188
0.79296875
0.0419921875
0.7138671875
-0.3576660156
0.002388000488
-0.8173828125
0.8471679688
-1.684570312
-1.02734375
0.1210327148
-0.5732421875
-1.137695312
-0.04879760742
0.4772949219
0.07501220703
-0.5825195312
-0.5922851562
-0.2766113281
-0.1695556641
-0.6850585938
0.2255859375
-1.744140625
0.01068878174
-0.6166992188
0.2312011719
-0.2275390625
0.966796875
-0.2208251953
-1.080078125
0.1645507812
-1.107421875
-1.5390625
0.1721191406
-1.03515625
0.06512451172
1.291992188
-1.376953125
-0.5571289062
-0.3510742188
1.534179688
-0.08367919922
-0.5444335938
0.04898071289
0.4985351562
0.6694335938
0.7983398438
-1.3046875
-1.860351562
-0.6401367188
-0.1912841797
-0.04885864258
-0.3366699219
-1.32421875
-0.09802246094
0.85546875
-0.4833984375
-0.1071777344
0.9765625
-0.5434570312
0.2568359375
-0.1179199219
-0.93359375
1.7265625
-1.127929688
0.03924560547
1.08203125
-1.017578125
0.96484375
1.05859375
1.10546875
-0.3884277344
1.522460938
-0.1499023438
-0.7963867188
-0.4523925781
0.982421875
0.3271484375
-0.3857421875
0.9106445312
-0.2442626953
1.024414062
-1.7109375
-0.4873046875
-0.7290039062
0.7885742188
-1.310546875
0.62890625
0.3891601562
-1.470703125
0.5981445312
-1.538085938
2.0625
0.8662109375
0.1198120117
0.548828125
0.9594726562
-1.383789062
-0.4089355469
1.150390625
0.5083007812
0.5390625
-1.045898438
0.16796875
0.01139068604
-0.4836425781
-0.9038085938
-0.2585449219
1.419921875
0.7700195312
-0.8881835938
-0.4777832031
0.5073242188
-0.7587890625
0.9555664062
0.1479492188
-0.8642578125
0.2248535156
0.5571289062
0.5390625
0.6884765625
2.1328125
-0.5581054688
0.4880371094
1.139648438
-2.873046875
-0.0277557373
-1.12890625
0.62109375
0.76171875
-1.150390625
0.5380859375
0.08764648438
1.234375
1.203125
-0.8940429688
0.09503173828
-1.659179688
-0.1665039062
-0.9702148438
1
-1.361328125
0.5932617188
-0.9794921875
-0.943359375
1.848632812
-0.1735839844
0.4106445312
0.2807617188
-0.7250976562
0.84375
-1.030273438
-0.003248214722
-2.4375
0.2435302734
-0.8891601562
0.5893554688
-0.1928710938
-2.62109375
-1.133789062
0.076171875
-0.08276367188
-1.96484375
-0.3251953125
0.8071289062
0.6040039062
0.533203125
0.1223754883
-0.4072265625
-0.7397460938
0.9013671875
0.2573242188
0.2310791016
0.5405273438
0.3671875
-2.259765625
1.142578125
-0.2379150391
0.9755859375
-0.4272460938
2.251953125
0.9252929688
-0.70703125
0.3879394531
0.728515625
2.154296875
0.01904296875
0.8100585938
-1.204101562
-1.09765625
0.7202148438
-0.6411132812
0.8046875
1.194335938
0.02005004883
0.794921875
0.2766113281
0.3132324219
-1.409179688
0.4802246094
-0.7080078125
0.8247070312
1.092773438
-0.8525390625
0.7026367188
-0.05532836914
-2.2109375
0.3776855469
-1.301757812
-0.9331054688
0.5732421875
0.4538574219
-0.5712890625
0.4604492188
0.2058105469
0.6450195312
0.7138671875
-0.8159179688
-0.7124023438
1.248046875
0.7548828125
-0.5063476562
-0.5571289062
-0.4291992188
-0.4711914062
-0.6420898438
0.75
-1.23046875
0.3088378906
-1.708007812
0.7944335938
0.2282714844
-0.3605957031
1.41796875
0.5991210938
-0.4196777344
-1.412109375
0.720703125
0.2261962891
-0.08093261719
0.8012695312
-1.043945312
0.4125976562
0.9428710938
0.4938964844
0.60546875
0.5756835938
0.1295166016
-0.2790527344
-0.1296386719
0.9975585938
-0.4582519531
-0.6840820312
-0.505859375
-1.123046875
0.2126464844
-0.703125
-0.9145507812
-0.193359375
1.405273438
-0.2365722656
0.2814941406
0.2196044922
1.491210938
0.3942871094
-0.1492919922
0.3764648438
1.471679688
1.142578125
-0.3459472656
-0.3579101562
1.823242188
2.373046875
1.00390625
0.5278320312
0.4489746094
-0.1416015625
-0.6865234375
-1.173828125
-0.9609375
-0.09765625
0.396484375
-1.012695312
2.0390625
0.2270507812
0.05728149414
-2.716796875
-1.232421875
-0.2585449219
1.602539062
0.9814453125
1.3515625
-0.8959960938
-0.505859375
-0.2327880859
1.143554688
-0.3947753906
-0.03674316406
0.326171875
0.7797851562
2.228515625
0.58203125
0.5375976562
-1.421875
-0.2731933594
1.10546875
-0.02249145508
0.3161621094
-0.6186523438
-0.2169189453
-0.52734375
-0.6953125
-0.9145507812
0.9526367188
-0.2785644531
-0.322265625
-0.97265625
0.02700805664
1.287109375
-0.5249023438
1.979492188
-0.923828125
-0.4758300781
-0.51171875
-0.9887695312
-0.3989257812
-1.015625
0.007740020752
-0.6333007812
-0.5078125
-1.04296875
-0.1401367188
0.6284179688
0.5952148438
0.4406738281
1.899414062
-0.2819824219
0.1859130859
-0.7509765625
-0.3044433594
-0.5258789062
-0.1561279297
2.4765625
-0.7670898438
-0.3842773438
0.3132324219
1.709960938
0.1042480469
1.984375
0.4548339844
-0.341796875
1.115234375
1.287109375
0.1960449219
0.03137207031
1.564453125
-0.2247314453
-0.1684570312
-0.7158203125
0.8481445312
0.1633300781
1.794921875
0.4008789062
-1.635742188
-0.6118164062
0.06677246094
1.13671875
-0.5146484375
-0.06573486328
-0.4870605469
1.084960938
0.07464599609
-0.3146972656
1.411132812
-2.19921875
1.55859375
-0.1145019531
0.8642578125
2.390625
2.3671875
1.7421875
-0.4802246094
1.181640625
-0.7919921875
0.5551757812
-1.129882812
1.106445312
0.908203125
-0.681640625
0.02374267578
-0.32421875
-0.8422851562
-0.513671875
-0.02528381348
0.2456054688
0.53515625
-0.583984375
-0.6391601562
-3.0625
-0.9526367188
-0.1667480469
1.697265625
-0.8081054688
1.084960938
-1.900390625
-1.213867188
-0.5830078125
-0.03283691406
-0.3840332031
0.4711914062
-1.3671875
0.9462890625
-0.70703125
1.102539062
-2.1953125
0.7612304688
-0.6821289062
0.5263671875
1.508789062
-0.380859375
-0.7612304688
0.5234375
-0.8828125
1.331054688
0.6806640625
0.08959960938
1.525390625
1.578125
0.1595458984
-1.3984375
-2.146484375
-2.3515625
-0.05776977539
-0.04837036133
0.3930664062
-1.545898438
0.02095031738
0.9497070312
-0.1345214844
0.1212768555
0.06457519531
-1.030273438
-0.8896484375
0.1668701172
0.6005859375
-1.776367188
-0.7885742188
-0.9116210938
0.5883789062
1.122070312
-1.337890625
-0.6533203125
1.078125
0.6586914062
-0.9360351562
1.12890625
0.4038085938
0.5209960938
0.3837890625
-1.07421875
1.844726562
0.32421875
0.4553222656
-2.91015625
0.0341796875
-0.8642578125
-0.587890625
-0.3371582031
-0.1113891602
-0.5493164062
-0.2404785156
-1.237304688
-1.911132812
0.298828125
1.05078125
0.2670898438
1.325195312
-0.2244873047
0.5795898438
-0.1939697266
1.370117188
0.3513183594
-1.00390625
0.6123046875
1.005859375
-0.7709960938
-0.1318359375
-0.6977539062
1.956054688
-1.669921875
-1.266601562
1.247070312
-0.05786132812
-1.034179688
-0.3076171875
1.473632812
1.415039062
-0.9306640625
1.177734375
0.1806640625
-0.7036132812
-0.587890625
-0.3413085938
0.4069824219
-0.7119140625
-0.1827392578
1.875
-1.8359375
0.3400878906
-1.280273438
-0.2072753906
0.6044921875
-0.9057617188
-0.6645507812
0.79296875
1.275390625
-2.46875
1.64453125
0.5234375
-0.4462890625
-0.07824707031
0.4663085938
-1.504882812
-0.4206542969
-0.9423828125
-0.6557617188
-0.5493164062
1.083007812
-0.06866455078
-1.66015625
0.890625
0.01763916016
-0.9467773438
-1.176757812
-0.23828125
-1.514648438
-0.88671875
0.96875
-1.348632812
0.66015625
0.4079589844
1.00390625
2.126953125
-1.896484375
-0.0182800293
1.416992188
0.0387878418
0.2374267578
-2.193359375
1.306640625
-0.712890625
0.2122802734
0.56640625
-0.8608398438
0.5219726562
0.9384765625
0.6171875
0.08471679688
-2.513671875
-1.458007812
0.2110595703
-3.107421875
0.9428710938
-0.3103027344
-1.143554688
2.1875
0.03701782227
1.2109375
-1.708007812
-0.7392578125
0.1095581055
-1.469726562
0.7646484375
-1.124023438
-0.9682617188
-2.126953125
-0.2117919922
-0.6254882812
0.8447265625
0.3491210938
-0.62109375
-1.733398438
0.1644287109
-0.4794921875
0.40625
-0.9907226562
0.9448242188
0.7314453125
-2.57421875
-1.172851562
-0.6264648438
-0.3015136719
-0.2373046875
1.41796875
0.935546875
-0.9375
-1.166015625
0.8603515625
1.922851562
0.1947021484
-0.04077148438
0.4929199219
-2.421875
0.3171386719
-0.7524414062
1.403320312
1.197265625
-0.5600585938
-1.27734375
0.14453125
-1.228515625
0.7509765625
0.2573242188
-1.693359375
-0.2578125
-1.853515625
1.0859375
0.8393554688
-0.6879882812
0.5844726562
1.63671875
-0.3132324219
-0.04934692383
2.150390625
0.7963867188
-0.02473449707
1.497070312
-0.1687011719
1.133789062
-1.528320312
-0.9868164062
-1.31640625
-1.013671875
2.283203125
-1.400390625
1.44140625
-1.719726562
1.397460938
-1.638671875
-0.8818359375
1.415039062
0.837890625
0.1683349609
0.5659179688
0.95703125
0.34765625
-0.4162597656
-0.1491699219
1.193359375
-0.3742675781
-0.3986816406
-0.1462402344
1.374023438
-0.3754882812
-1.368164062
2.888671875
1.9609375
-0.2758789062
1.060546875
-2.158203125
-0.533203125
0.8051757812
-1.19140625
-0.01655578613
0.87109375
-0.4462890625
0.3825683594
1.6015625
-0.2470703125
-0.1138916016
0.4428710938
-1.713867188
-0.01663208008
-0.3200683594
-1.909179688
-0.9916992188
-0.6513671875
-0.08734130859
-1.75
0.671875
0.7641601562
-0.1885986328
-0.6235351562
0.2775878906
0.1166381836
0.1904296875
-2.482421875
1.1875
1.270507812
0.2573242188
-0.8481445312
0.4594726562
-0.1342773438
-0.59765625
-1.790039062
1.245117188
0.6215820312
0.2430419922
1.34375
0.03121948242
-0.8032226562
-0.4235839844
0.03213500977
0.5268554688
-0.3432617188
-0.2854003906
-0.4848632812
1.620117188
-0.7993164062
-0.110168457
1.364257812
0.1257324219
0.1054077148
-0.4523925781
1.424804688
-0.5302734375
-0.1687011719
-1.912109375
0.1145629883
1.48828125
-1.262695312
-0.2553710938
0.04949951172
0.07849121094
-0.87890625
-0.4816894531
2.087890625
-0.4428710938
-0.9086914062
1.240234375
1.915039062
-0.2100830078
0.85546875
0.88671875
1.134765625
0.830078125
-1.184570312
0.02600097656
-0.1457519531
0.02262878418
-1.124023438
-0.4992675781
0.4133300781
-0.5244140625
1.0703125
0.009231567383
-0.1452636719
-0.5107421875
-0.513671875
-0.2937011719
0.4052734375
0.1959228516
2.28515625
-0.4274902344
-2.033203125
1.171875
-2.37109375
-0.3679199219
-0.77734375
0.1297607422
1.078125
0.03512573242
-0.9223632812
-1.387695312
-0.2265625
0.2221679688
-1.720703125
-0.4604492188
-0.110534668
0.6762695312
-1.232421875
-0.8706054688
1.749023438
0.4794921875
0.986328125
0.5864257812
0.3549804688
-0.4328613281
-1.692382812
1.279296875
0.5805664062
0.7661132812
0.5869140625
-0.4870605469
-1.333984375
-0.537109375
-0.1369628906
0.2037353516
0.1837158203
-1.265625
1.514648438
-0.3791503906
1.245117188
1.26171875
0.1411132812
-1.489257812
0.3840332031
1.375976562
-0.62109375
0.05639648438
-1.106445312
0.6655273438
2.49609375
-0.07232666016
1.338867188
1.170898438
-0.2722167969
0.07000732422
1.295898438
0.8354492188
-1.036132812
0.002500534058
-0.845703125
1.491210938
-0.1483154297
-1.594726562
0.07080078125
-0.4523925781
-0.6396484375
0.4780273438
-2.154296875
1.26171875
-1.229492188
-0.2888183594
0.59375
-1.330078125
-0.35546875
1.1640625
0.05126953125
0.5654296875
-1.515625
-0.2817382812
-0.2905273438
-1.235351562
-1.358398438
-1.782226562
-0.7709960938
0.57421875
-0.05303955078
0.1094360352
-0.2993164062
-0.09790039062
1.290039062
-0.1187133789
-1.092773438
0.818359375
-0.828125
-0.3090820312
-0.7368164062
0.6826171875
-0.7900390625
-1.897460938
-0.5112304688
0.9321289062
-0.791015625
1.045898438
0.8427734375
-0.5795898438
-0.01499938965
0.3342285156
0.3715820312
-2.09765625
1.424804688
-0.4782714844
-0.626953125
0.5004882812
-0.009483337402
0.51953125
-1.241210938
-1.254882812
-0.110168457
-0.6186523438
1.688476562
0.5981445312
0.4296875
-1.684570312
-0.8051757812
-0.5727539062
0.2741699219
0.28125
1.189453125
1.107421875
-0.6943359375
-0.4748535156
-0.8798828125
1.33984375
0.4309082031
0.8627929688
1.096679688
-1.015625
-1.341796875
0.4565429688
1.573242188
0.8168945312
-0.96875
-1.025390625
1.440429688
-0.2434082031
0.6264648438
-0.4753417969
1.592773438
-0.5576171875
-1.829101562
-0.572265625
0.1536865234
-1.30078125
1.459960938
0.4008789062
0.4145507812
1.208007812
-0.646484375
-1.65625
0.52734375
2.435546875
-0.1461181641
-0.8227539062
-1.526367188
-0.09149169922
-1.012695312
1.434570312
0.9384765625
-0.3601074219
0.06848144531
0.2009277344
-0.9208984375
1.213867188
0.8344726562
0.8486328125
0.3383789062
1.055664062
0.08453369141
-1.712890625
0.3896484375
-1.53125
1.674804688
0.9604492188
1.284179688
-0.966796875
1.098632812
-0.09313964844
0.8422851562
0.6489257812
-0.2161865234
-0.966796875
-0.779296875
0.09741210938
-2.451171875
-1.709960938
0.3835449219
0.007751464844
-0.3493652344
-0.60546875
0.7446289062
0.5712890625
-1.260742188
0.4436035156
1.303710938
0.1334228516
0.3159179688
-1.25
1.795898438
0.1995849609
1.647460938
0.3269042969
0.3076171875
0.3186035156
0.75390625
-0.8637695312
0.7993164062
0.2890625
1.890625
0.5068359375
-0.8168945312
1.419921875
1.09765625
0.4077148438
-0.1165771484
1.001953125
0.05996704102
0.6147460938
0.2805175781
0.2072753906
-0.04040527344
-0.4636230469
-1.106445312
-1.084960938
0.8940429688
0.02493286133
-0.857421875
0.841796875
0.5610351562
-1.614257812
-1.596679688
1.524414062
0.4965820312
-0.5087890625
-0.94140625
0.3503417969
-0.04144287109
-0.427734375
-0.306640625
-0.275390625
-0.8500976562
-1.12109375
1.494140625
-0.60546875
-1.236328125
-1.455078125
1.306640625
0.947265625
-0.5483398438
0.01194000244
0.3608398438
-0.8154296875
-0.4230957031
-0.9868164062
-0.2578125
1.784179688
-2.05859375
-0.9716796875
0.4165039062
0.2509765625
0.07342529297
-0.5307617188
-0.2653808594
-1.69140625
-1.2265625
-0.7504882812
2.109375
-0.3591308594
2.1015625
-0.5327148438
0.5537109375
0.4580078125
1.029296875
0.541015625
0.2445068359
-0.1540527344
-1.689453125
0.6005859375
0.4289550781
0.4719238281
-0.3254394531
-0.1044311523
1.125976562
-1.46875
-2.251953125
-0.5717773438
-0.3134765625
-0.4626464844
0.1165771484
-0.5297851562
-1.799804688
-0.056640625
-1.665039062
1.112304688
0.986328125
-0.1407470703
0.1267089844
-0.7221679688
0.01773071289
-0.5546875
-1.026367188
-1.798828125
-0.2381591797
1.725585938
0.4389648438
-0.2332763672
1.146484375
0.580078125
0.994140625
1.029296875
-1.994140625
0.8559570312
1.836914062
0.01388549805
0.6284179688
-0.5043945312
-1.1328125
0.4528808594
-0.4057617188
-1.05859375
-0.1073608398
-0.9047851562
-0.07934570312
0.8857421875
1.9453125
-0.8403320312
-0.002328872681
-1.033203125
0.3039550781
2.08203125
-0.04544067383
0.6796875
0.86328125
-0.1212158203
-0.412109375
0.212890625
-0.4897460938
0.006652832031
1.567382812
-1.23828125
0.3894042969
-1.084960938
-0.9716796875
-0.9008789062
0.7470703125
1.25390625
0.1207885742
0.2132568359
1.717773438
1.8359375
0.09429931641
1.436523438
1.233398438
-0.8237304688
0.4938964844
0.55859375
0.3347167969
0.4438476562
-0.01226806641
-2.33984375
-1.158203125
1.999023438
1.280273438
-0.9233398438
-0.6674804688
-0.08587646484
-0.517578125
1.330078125
0.4016113281
-1.5703125
-0.62109375
0.1567382812
-0.4682617188
1.016601562
-0.6416015625
-0.4587402344
0.3586425781
1.622070312
-0.3044433594
-1.203125
-0.3073730469
0.4919433594
-0.8217773438
0.6469726562
0.3479003906
0.4819335938
2.423828125
0.8999023438
-1.163085938
1.895507812
2.4921875
-0.6889648438
-0.1555175781
-1.68359375
1.19140625
-0.904296875
-0.1106567383
0.5717773438
-0.4538574219
0.2009277344
0.8466796875
0.6044921875
-0.1796875
-0.8735351562
0.4235839844
0.1265869141
-1.206054688
0.7036132812
-0.8852539062
-0.548828125
0.4111328125
-0.671875
-0.2474365234
-1.000976562
-0.8852539062
-1.426757812
-0.1461181641
0.9970703125
-0.4306640625
-0.2124023438
0.1292724609
1.805664062
-0.9638671875
-0.1663818359
-1.0703125
1.696289062
2.314453125
0.3908691406
0.2629394531
-0.2495117188
-1.5859375
0.9877929688
-0.9067382812
0.002452850342
0.06665039062
-1.442382812
0.8549804688
1.2890625
-0.8081054688
-1.072265625
-1.625976562
0.9106445312
2.02734375
-0.3439941406
0.4946289062
-1.155273438
-1.09765625
1.13671875
0.3000488281
0.1264648438
0.03344726562
1.34765625
-0.0255279541
-0.5766601562
-1.079101562
0.5004882812
0.630859375
0.544921875
-0.4399414062
-0.4736328125
-0.1851806641
0.07421875
-0.623046875
0.9008789062
-0.7397460938
-0.1345214844
-0.5913085938
-0.2492675781
-0.1022338867
2.126953125
-0.3034667969
-0.6420898438
-0.2990722656
-1.209960938
3.748046875
-0.544921875
-0.5073242188
0.4475097656
0.3251953125
-0.02725219727
-1.462890625
0.6201171875
-0.9731445312
1.083007812
0.685546875
0.48828125
-0.951171875
0.4560546875
-0.4912109375
0.498046875
0.9584960938
1.385742188
0.4086914062
-0.7705078125
0.82421875
-0.2227783203
1.806640625
0.4555664062
-0.728515625
0.2484130859
0.4169921875
0.3542480469
2.314453125
0.435546875
-1.84375
-1.4140625
-0.4777832031
2.4921875
1.090820312
-0.791015625
-1.252929688
0.548828125
-0.08569335938
-0.2707519531
-0.3742675781
-1.133789062
-1.578125
-0.7397460938
-0.5922851562
-0.3591308594
-0.6333007812
1.159179688
-0.7495117188
-0.06378173828
-1.7890625
-0.9721679688
-0.55078125
-2.28125
-0.5278320312
-1.145507812
-1.44140625
-1.3359375
-1.39453125
-0.96484375
0.986328125
-1.397460938
0.8891601562
-1.247070312
1.237304688
-0.46484375
0.5463867188
-0.5883789062
2.013671875
1.381835938
-1.206054688
0.607421875
-0.01879882812
-0.4565429688
0.8701171875
0.6586914062
0.4211425781
-1.443359375
-0.5659179688
-0.943359375
-1.521484375
1.948242188
0.80859375
2.4375
-1.217773438
0.4465332031
-0.890625
-0.5869140625
-0.9541015625
-0.7783203125
1.435546875
-0.9477539062
0.9995117188
0.8896484375
1.622070312
1.904296875
-0.08941650391
-0.5415039062
0.1970214844
-1.014648438
-0.2093505859
0.80078125
-0.91796875
0.6953125
0.4899902344
0.9462890625
1.051757812
-0.28515625
0.4172363281
-1.124023438
0.4987792969
-0.3422851562
0.642578125
-2.212890625
0.8725585938
-0.1549072266
-0.2322998047
0.7963867188
1.268554688
-0.8666992188
-0.1235351562
0.4775390625
0.2081298828
1.264648438
0.2734375
0.05545043945
-0.08392333984
-2.04296875
0.3383789062
2.802734375
-0.6640625
-1.563476562
0.01982116699
-1.041015625
0.005104064941
-0.4880371094
-0.9692382812
-0.9423828125
0.6005859375
-0.05029296875
-0.5537109375
-0.2424316406
0.5288085938
-0.4367675781
1.701171875
-0.6948242188
-0.7265625
0.3645019531
-2.1875
0.03451538086
-1.717773438
0.37890625
-0.3620605469
-0.5698242188
-1.43359375
0.2281494141
1.096679688
0.4174804688
0.5141601562
0.33984375
0.2459716797
-1.229492188
-0.4995117188
0.3664550781
1.109375
-1.036132812
-1.005859375
1.283203125
-0.1361083984
0.5600585938
0.03155517578
-1.323242188
-1.005859375
0.3505859375
0.07489013672
-0.4108886719
0.98828125
0.3044433594
-1.763671875
1.728515625
-0.7734375
-0.4123535156
0.4721679688
-0.4853515625
-1.235351562
1.075195312
-0.7797851562
-1.150390625
-0.07751464844
-0.03524780273
-0.6928710938
-0.3330078125
-0.7119140625
-0.3640136719
0.7895507812
-0.2507324219
-0.3881835938
1.0546875
-0.9008789062
-2.48046875
-1.157226562
0.142578125
-0.04522705078
0.6015625
0.1539306641
1.045898438
0.04559326172
0.03619384766
1.666992188
0.4135742188
-0.9624023438
-0.5776367188
-0.1302490234
0.7333984375
0.1336669922
1.618164062
0.513671875
-2.099609375
-0.2213134766
-1.551757812
0.3557128906
0.73828125
1.284179688
0.7631835938
1.8984375
-1.59765625
-0.8393554688
0.05117797852
-0.5346679688
-2.619140625
0.2264404297
-0.5942382812
1.16796875
-0.4150390625
-0.50390625
-1.96484375
-0.4448242188
-1.088867188
0.4431152344
-0.5952148438
0.9409179688
0.681640625
0.7895507812
0.765625
-0.04928588867
-0.1977539062
-0.5263671875
-1.8515625
-1.11328125
1.309570312
0.6430664062
0.28125
0.01924133301
-1.936523438
1.541992188
1.091796875
-0.21484375
-0.7119140625
-1.885742188
-0.6733398438
0.3395996094
-0.1345214844
-1.278320312
0.9565429688
-0.3935546875
1.197265625
1.404296875
-0.7587890625
2.111328125
1.864257812
0.2504882812
-1.420898438
0.81640625
0.5366210938
-1.9140625
-0.6020507812
0.1673583984
0.6635742188
-0.7719726562
0.9067382812
-0.3686523438
-0.06481933594
-0.8076171875
-1.48828125
0.6513671875
1.740234375
0.5434570312
-1.110351562
-1.368164062
-0.1105957031
-0.9853515625
1.499023438
0.427734375
1.447265625
-0.5874023438
-0.5458984375
1.342773438
1.241210938
-0.4458007812
-1.685546875
1.744140625
0.4516601562
0.01686096191
-0.4116210938
0.4995117188
0.1187744141
0.1164550781
1.676757812
-0.7202148438
1.54296875
1.747070312
-0.6357421875
0.3298339844
-0.6411132812
-1.452148438
1.305664062
-3.33984375
-0.2127685547
-1.272460938
-0.8647460938
0.6254882812
-2.474609375
-0.09674072266
0.4138183594
0.04391479492
-0.6264648438
0.966796875
1.763671875
0.3037109375
-0.3500976562
0.8403320312
-0.5107421875
0.3901367188
0.9506835938
1.877929688
-0.5083007812
-0.1336669922
0.5034179688
-0.05191040039
-0.5883789062
0.2998046875
-0.3977050781
-0.91796875
-0.3576660156
0.6284179688
0.7583007812
-1.436523438
0.3947753906
0.4357910156
-0.3098144531
-0.4194335938
1.211914062
0.9624023438
-0.28515625
-0.630859375
1.065429688
-0.26171875
-1.275390625
0.341796875
-0.2227783203
2.8359375
0.03732299805
1.264648438
-1.188476562
-0.7485351562
-0.7543945312
1.69140625
-0.4538574219
0.4338378906
0.5239257812
-0.6640625
0.1232299805
1.805664062
1.381835938
0.4812011719
-1.998046875
-0.4409179688
1.889648438
0.4470214844
0.6650390625
-0.8100585938
-0.1151123047
-1.297851562
1.298828125
-0.6196289062
-1.1015625
0.7978515625
-1.047851562
-0.6079101562
1.091796875
-0.4580078125
-0.8100585938
0.6176757812
-1.116210938
0.4919433594
0.27734375
0.03277587891
1.72265625
0.7836914062
-0.09051513672
1.797851562
-0.5146484375
-0.9106445312
-1.291015625
-1.62109375
-0.5424804688
0.5649414062
0.4853515625
-0.1306152344
0.2258300781
0.3579101562
0.728515625
-1.123046875
1.083007812
-0.4799804688
-0.720703125
0.1220703125
-1.31640625
0.5537109375
-0.8525390625
-0.88671875
-0.318359375
0.1478271484
0.15625
-1.970703125
-1.036132812
-0.3513183594
1.329101562
0.4025878906
-0.7719726562
-1.53515625
-0.7807617188
0.560546875
0.1981201172
0.4719238281
-0.9702148438
2.017578125
0.6743164062
1.493164062
0.8364257812
0.6518554688
0.1405029297
1.034179688
0.6489257812
-0.41796875
-1.51953125
0.06286621094
-1.333007812
-1.016601562
-1.334960938
1.784179688
-0.3156738281
0.5
1.028320312
-0.5341796875
-0.1287841797
-1.951171875
1.053710938
-1.583007812
-0.4191894531
0.3322753906
-0.8295898438
-0.3620605469
-0.8051757812
-0.3862304688
-0.3649902344
-0.267578125
-1.708984375
-0.2495117188
0.82421875
-0.04016113281
-0.2963867188
0.2670898438
2.533203125
-0.8271484375
-0.2507324219
0.6044921875
0.1695556641
0.07940673828
-0.357421875
0.3239746094
0.46875
-0.2912597656
0.4382324219
0.8911132812
-0.4675292969
-0.5419921875
-0.1301269531
0.04141235352
-2.220703125
-0.5366210938
0.1137084961
0.8706054688
-0.3754882812
-0.859375
1.629882812
-0.8256835938
-2.33203125
0.9428710938
-0.1290283203
0.4291992188
0.4340820312
2.38671875
0.966796875
0.697265625
-0.03726196289
1.259765625
0.2053222656
-1.701171875
-0.8706054688
0.8115234375
0.7998046875
0.06915283203
0.6064453125
0.3220214844
-0.1279296875
-0.59765625
1.6953125
0.7709960938
0.9057617188
-1.12890625
0.6274414062
1.653320312
-0.6049804688
1.325195312
-0.6748046875
-0.6137695312
0.1560058594
0.1103515625
-0.5639648438
0.5556640625
0.6884765625
1.345703125
0.1315917969
0.4089355469
1.015625
-0.6499023438
-0.2529296875
0.2045898438
-0.896484375
0.1970214844
-0.08996582031
0.2143554688
-0.4523925781
0.9907226562
1.12109375
-1.701171875
-0.7744140625
-0.08538818359
-0.9790039062
-1.170898438
0.73828125
-0.2727050781
0.9096679688
0.708984375
-0.9223632812
1.291015625
-1.216796875
-1.072265625
-1.206054688
0.1411132812
0.634765625
-0.1221923828
0.7138671875
0.4633789062
-0.8046875
0.02598571777
0.5512695312
-0.8022460938
0.6484375
0.9487304688
0.9819335938
-1.1875
0.95703125
0.4816894531
0.003673553467
-0.59375
-0.26171875
1.215820312
-0.3530273438
-0.5405273438
-0.6030273438
0.3620605469
0.2692871094
-0.00707244873
-0.73828125
0.2265625
-0.1462402344
-0.150390625
-2.005859375
1.12890625
1.631835938
0.5654296875
-0.6391601562
0.2440185547
-0.5561523438
0.8955078125
0.5004882812
1.376953125
1.0390625
-0.4846191406
-0.5678710938
0.3195800781
0.4323730469
-1.001953125
0.7431640625
-0.07336425781
0.04287719727
-0.2416992188
0.3303222656
0.8588867188
0.06420898438
1.241210938
-0.2590332031
-0.4504394531
-0.7719726562
0.2917480469
0.6513671875
-0.3779296875
0.7578125
0.07604980469
0.1671142578
0.7485351562
0.5297851562
-0.818359375
-0.5747070312
1.744140625
-0.5180664062
0.8642578125
-0.4836425781
0.9008789062
0.3161621094
0.171875
0.1201782227
0.982421875
0.5034179688
-1.98046875
-0.4279785156
-0.5874023438
-0.5180664062
0.2568359375
1.405273438
0.5283203125
1.783203125
-0.9360351562
0.09661865234
2.3203125
1.017578125
0.318359375
0.7924804688
1.169921875
0.84765625
0.9584960938
-0.4477539062
-0.3203125
-0.2761230469
-0.1634521484
-0.2214355469
0.3923339844
-0.2213134766
1.135742188
1.346679688
0.6826171875
-0.4584960938
1.2109375
1.4921875
0.7075195312
-1.4453125
0.2756347656
0.3239746094
1.0703125
-0.8603515625
0.6376953125
-0.9116210938
-0.08587646484
-0.7270507812
0.435546875
-2.205078125
1.1328125
0.7631835938
-0.9721679688
0.5229492188
-0.875
0.6025390625
-1.790039062
0.4130859375
0.52734375
0.9633789062
-1.231445312
0.5913085938
1.013671875
-0.2055664062
-0.51953125
-0.8110351562
-0.6049804688
-1.236328125
0.4370117188
-0.7231445312
0.3063964844
-0.3369140625
-0.3146972656
-1.529296875
-0.1844482422
-1.982421875
2.056640625
-0.607421875
-0.3859863281
-1.993164062
1.637695312
-0.7915039062
0.4211425781
0.2414550781
0.2097167969
-1.478515625
1.041015625
0.08197021484
-1.907226562
0.4978027344
-0.78125
-0.5185546875
0.5341796875
-1.08984375
0.8657226562
1.9375
0.1602783203
-0.3759765625
1.810546875
-0.7880859375
1.521484375
-1.264648438
-1.450195312
-0.2846679688
0.3784179688
0.3190917969
0.3520507812
0.806640625
1.466796875
-0.4482421875
-0.751953125
-0.529296875
1.030273438
0.646484375
-0.2032470703
-1.486328125
-2.291015625
-0.3215332031
-0.3469238281
-0.2175292969
-0.638671875
-0.4487304688
-0.08551025391
1.451171875
-2.171875
-1.298828125
-0.3400878906
0.6674804688
-0.8403320312
0.251953125
0.9609375
0.681640625
-0.9858398438
-0.3115234375
0.5073242188
-1.068359375
1.634765625
0.2885742188
-2.576171875
-1.001953125
0.3061523438
0.7612304688
0.3522949219
0.1247558594
-1.088867188
1.287109375
0.806640625
0.8891601562
1.528320312
-0.2030029297
-0.8920898438
-0.6225585938
-1.004882812
1.186523438
1.3203125
-1.719726562
1.809570312
-0.1065063477
-1.002929688
-0.4965820312
0.5185546875
3.22265625
0.3020019531
-0.75390625
-0.2958984375
0.5083007812
1.375976562
-1.244140625
-0.4541015625
0.003837585449
0.8276367188
0.3178710938
-0.2398681641
-1.3046875
1.3046875
0.1142578125
0.3256835938
-1.069335938
-0.7426757812
-0.8359375
-1.399414062
0.5615234375
0.1544189453
-0.4177246094
1.259765625
-0.234375
-0.7934570312
0.9555664062
-0.7568359375
0.2648925781
0.1630859375
0.6928710938
2.111328125
-2.2734375
-1.670898438
0.4943847656
-0.4545898438
0.8125
-0.6958007812
0.6801757812
0.9931640625
1.450195312
-0.4592285156
1.305664062
-1.090820312
0.3830566406
0.408203125
-0.004093170166
0.556640625
2.09375
-0.05996704102
-0.9125976562
0.529296875
0.1697998047
0.3002929688
-0.5576171875
-0.58203125
-1.219726562
2.169921875
0.9453125
1.38671875
-0.1508789062
0.5561523438
0.1697998047
-1.178710938
1.51953125
0.1424560547
-0.7451171875
-0.4396972656
-1.151367188
1.163085938
1.495117188
-0.1961669922
-1.700195312
0.5395507812
-1.09375
-1.064453125
2.26953125
-1.150390625
-0.517578125
1.286132812
-0.2736816406
0.7192382812
-0.609375
1.032226562
0.3686523438
-0.05505371094
-2.12109375
0.3625488281
-0.9780273438
-0.7973632812
0.9521484375
-0.01289367676
0.4831542969
1.403320312
0.6616210938
0.7475585938
0.00127696991
-0.7377929688
-0.3068847656
-0.8989257812
0.2486572266
0.9692382812
-1.900390625
-0.1058349609
-1.501953125
1.333007812
-1.038085938
-0.8159179688
1.41796875
-0.2415771484
-0.3386230469
-1.814453125
-0.703125
1.047851562
-1.259765625
-1.319335938
-0.681640625
1.369140625
0.7368164062
-0.7900390625
-1.489257812
1.677734375
0.1257324219
-0.509765625
1.376953125
-0.5122070312
1.240234375
0.9965820312
1.026367188
-1.690429688
-0.5654296875
0.599609375
0.3186035156
-1.711914062
0.3469238281
-0.556640625
0.7094726562
-0.326171875
0.6494140625
0.2454833984
0.7080078125
0.4250488281
0.6948242188
-0.9692382812
2.802734375
-0.3364257812
1.131835938
-1.401367188
-1.897460938
0.599609375
1.291015625
1.69921875
1.315429688
1.081054688
0.04428100586
0.05981445312
-0.6181640625
0.626953125
1.326171875
0.2883300781
-0.4936523438
-1.284179688
0.1495361328
-0.5590820312
-0.01225280762
-0.2763671875
0.2856445312
-0.9770507812
-1.060546875
-1.079101562
1.063476562
-1.728515625
-0.4738769531
0.7666015625
1.163085938
1.788085938
-0.6748046875
-0.4069824219
-1.169921875
-1.09375
-0.2423095703
-0.3122558594
-0.3935546875
2.369140625
0.8310546875
1.223632812
-0.9877929688
1.604492188
0.880859375
-1.2265625
0.06231689453
0.2048339844
0.3591308594
1.526367188
0.9287109375
1.243164062
-1.149414062
1.086914062
0.3920898438
-0.16015625
-1.07421875
0.2897949219
0.1652832031
-1.291992188
-1.232421875
0.1555175781
-1.625
1.931640625
-0.03594970703
-0.3933105469
1.313476562
2.54296875
0.888671875
-1.475585938
1.532226562
-0.2185058594
-0.6176757812
-0.4875488281
-1.014648438
0.001738548279
1.823242188
0.2196044922
-1.370117188
0.5346679688
0.818359375
1.359375
0.1376953125
-2.12890625
0.4892578125
1.693359375
0.9399414062
1.260742188
0.8217773438
0.5649414062
-1.75390625
0.5239257812
-1.481445312
0.93359375
-0.3620605469
-0.4011230469
-0.6201171875
0.5454101562
1.209960938
-0.3041992188
-1.405273438
-1.0546875
0.7758789062
0.7006835938
0.8662109375
2.20703125
-0.767578125
-0.07110595703
0.2634277344
0.765625
-0.7045898438
0.873046875
-0.6220703125
0.51953125
0.1391601562
0.4047851562
0.689453125
0.3239746094
0.4118652344
0.1505126953
-0.81640625
-2.52734375
0.8017578125
-2.099609375
-1.061523438
0.4724121094
1.03515625
0.3850097656
0.2025146484
-0.5922851562
0.7114257812
-0.4797363281
-2.080078125
-0.859375
0.3405761719
-0.8193359375
0.3566894531
0.8291015625
-0.6240234375
0.7719726562
-0.1065063477
-0.3056640625
-0.8842773438
-1.142578125
-0.02365112305
-0.2983398438
0.9526367188
2.03515625
-0.8095703125
0.5708007812
-0.3256835938
-0.1245727539
0.9028320312
0.3564453125
0.6298828125
0.4543457031
0.003084182739
1.247070312
1.017578125
-0.9614257812
-0.2619628906
-1.521484375
0.505859375
-1.930664062
-0.84375
-0.2800292969
-0.7524414062
0.2352294922
-0.1673583984
0.5107421875
-0.8125
0.3703613281
1.017578125
0.2239990234
0.06063842773
0.6479492188
-0.05648803711
-0.8725585938
-0.9604492188
-1.258789062
0.3037109375
0.7255859375
1.4765625
0.9047851562
1.120117188
-0.5
-1.243164062
-0.6235351562
-0.2473144531
1.546875
0.2731933594
0.6943359375
0.2841796875
1.53515625
-0.1414794922
1.237304688
-0.810546875
0.2474365234
-0.7094726562
-1.678710938
0.06024169922
-1.173828125
1.946289062
0.3959960938
-2.21875
0.1048583984
-0.0161895752
-0.2556152344
-1.270507812
-0.1373291016
0.4892578125
0.5639648438
-0.7416992188
-1.59765625
0.9184570312
1.513671875
-0.7592773438
0.8662109375
-1.71875
0.09948730469
-0.4077148438
-0.4130859375
-1.155273438
0.4216308594
0.09918212891
1.583007812
0.4829101562
2.0234375
0.7241210938
-0.006740570068
-0.3283691406
0.3732910156
0.181640625
0.07330322266
0.2834472656
-0.3029785156
0.2880859375
-0.728515625
0.6591796875
0.580078125
0.1442871094
0.5688476562
1.420898438
-0.7563476562
0.3491210938
-1.098632812
-0.03515625
-0.2529296875
0.2653808594
-0.4853515625
-0.8544921875
-1.267578125
0.06787109375
-0.04510498047
-1.390625
-0.2829589844
2.005859375
0.7548828125
-1.32421875
-0.9858398438
-0.2819824219
0.006469726562
-0.4125976562
-0.2749023438
1.431640625
0.666015625
-0.8403320312
0.9819335938
1.379882812
-0.1665039062
-0.2121582031
-0.3312988281
-0.1007080078
1.150390625
-0.716796875
-2.263671875
-0.6064453125
0.1161499023
-1.83203125
-0.01644897461
1.389648438
-0.9077148438
0.9853515625
-2.109375
-0.7036132812
1.83984375
-0.2222900391
-0.6352539062
0.1154785156
-0.1759033203
0.3986816406
1.376953125
-0.2951660156
-0.02879333496
-2.68359375
1.45703125
-0.353515625
1.0625
-0.8598632812
0.3352050781
-0.4228515625
1.068359375
-1.279296875
0.1175537109
0.6801757812
1.334960938
0.2038574219
0.53515625
-1.663085938
-0.5400390625
-1.087890625
-0.6215820312
-1.43359375
-1.08203125
-0.86328125
0.3703613281
-0.1468505859
0.6000976562
0.5537109375
-0.71875
-0.02416992188
1.434570312
-2.30078125
1.995117188
1.170898438
2.12890625
-0.3859863281
1.424804688
-0.701171875
-0.2322998047
-1.439453125
1.328125
-0.5302734375
0.05755615234
0.8291015625
-0.04830932617
0.845703125
-1.071289062
1.073242188
0.3459472656
0.09661865234
1.120117188
-0.4030761719
1.400390625
0.3278808594
0.5805664062
1.0390625
1.814453125
-0.9624023438
-0.1408691406
0.9340820312
-0.3562011719
-1.344726562
-0.91015625
-2.697265625
-0.6884765625
-0.3469238281
0.1437988281
-0.9350585938
-0.6362304688
-0.05252075195
0.1508789062
1.9765625
0.9809570312
0.1143798828
-0.02363586426
-0.4697265625
-1.579101562
-0.1668701172
1.40234375
0.03546142578
-1.205078125
0.3142089844
0.9790039062
0.8217773438
0.1494140625
0.5068359375
-0.8994140625
0.7470703125
0.1579589844
0.2541503906
0.2336425781
-1.756835938
-0.3032226562
-1.4765625
1.450195312
-0.7314453125
-0.626953125
0.9169921875
-1.674804688
1.918945312
1.631835938
-1.756835938
-0.1495361328
2.40234375
0.009460449219
-0.4797363281
-0.2824707031
0.9858398438
0.7934570312
-0.5014648438
0.412109375
-0.8994140625
-0.8139648438
-0.7978515625
-1.100585938
1.700195312
0.6762695312
0.3657226562
0.1175537109
-0.05773925781
-1.029296875
1.521484375
1.427734375
3.05078125
1.056640625
0.3056640625
-1.69921875
-0.4567871094
-0.5112304688
0.4775390625
1.090820312
1.412109375
0.3837890625
1.9140625
-1.768554688
-0.564453125
0.7646484375
-0.7416992188
1.03125
0.3364257812
-0.0283203125
2.0703125
-0.4309082031
0.3764648438
-0.3449707031
-0.6689453125
0.9125976562
-1.48828125
-1.141601562
0.96484375
0.982421875
0.5297851562
-0.5473632812
-0.5249023438
0.1103515625
0.6479492188
1.473632812
-0.9692382812
-0.2915039062
0.53125
1.09765625
2.400390625
0.205078125
-0.1318359375
0.3369140625
-1.30859375
-0.3215332031
0.07989501953
0.646484375
1.223632812
0.2824707031
-1.739257812
0.01207733154
-0.87109375
-1.288085938
-0.3046875
-1.58984375
1.321289062
0.357421875
0.8759765625
0.1876220703
0.392578125
-1.1484375
0.7348632812
-0.8427734375
-0.1463623047
0.1403808594
0.4741210938
-0.1597900391
0.5864257812
-1.192382812
0.8159179688
0.1035766602
-1.10546875
-0.9887695312
0.1834716797
0.6479492188
-0.2512207031
1.325195312
-0.5913085938
1.33203125
-0.1340332031
0.4487304688
-0.8037109375
0.1135253906
0.203125
-0.9575195312
0.4626464844
-0.9174804688
0.9545898438
2.095703125
0.007301330566
-1.329101562
0.1604003906
0.7641601562
-0.2364501953
-0.1236572266
1.203125
1.162109375
-0.5419921875
-1.258789062
0.755859375
-0.03302001953
-1.166992188
-1.962890625
-0.9291992188
1.250976562
0.3015136719
-2.02734375
1.408203125
-1.026367188
2.466796875
0.1623535156
0.9995117188
1.060546875
-0.9916992188
-0.80078125
0.658203125
-0.1038208008
0.2033691406
0.01979064941
-1.739257812
-0.4711914062
0.1563720703
-1.06640625
0.5458984375
-0.2814941406
0.116027832
-1.072265625
-1.146484375
0.8701171875
-0.1770019531
1.6328125
0.3857421875
0.07238769531
-1.130859375
-0.3737792969
-0.07629394531
0.5209960938
0.75
0.5185546875
1.063476562
-1.393554688
-0.7744140625
0.4191894531
0.6689453125
-0.2770996094
-0.8671875
-0.9482421875
-0.005321502686
0.1080322266
-0.3271484375
0.3056640625
1.962890625
0.5952148438
0.2678222656
0.447265625
-0.6235351562
0.08898925781
-0.3818359375
0.7670898438
-0.1001586914
0.9497070312
-1.799804688
0.732421875
-0.708984375
0.7451171875
0.66796875
0.5712890625
0.9819335938
-0.01780700684
0.9682617188
1.584960938
-1.1953125
0.28515625
2.0703125
-1.510742188
-1.196289062
0.1890869141
-2.134765625
-1.294921875
-0.9643554688
-0.5952148438
1.140625
-0.9770507812
2.16796875
-2.23828125
1.357421875
-0.3837890625
-0.828125
0.6762695312
-0.3576660156
0.8706054688
0.2700195312
0.65625
-0.5952148438
-0.857421875
0.4626464844
0.7065429688
-0.73046875
0.767578125
0.4035644531
-0.57421875
1.5859375
0.02407836914
1.137695312
-1.7734375
-0.5517578125
0.4848632812
-0.1108398438
-0.5888671875
1.182617188
-1.346679688
-1.7421875
-1.50390625
-0.7563476562
-1.11328125
-0.1580810547
0.2524414062
-0.1146850586
-1.977539062
1.258789062
-1.204101562
2.294921875
-0.2111816406
0.578125
0.002826690674
1.3984375
-1.306640625
2.14453125
-0.548828125
1.072265625
-0.2880859375
-0.8798828125
-2.0234375
0.7143554688
1.125976562
0.08728027344
-0.1604003906
-0.2785644531
2.212890625
1.27734375
0.3256835938
1.5078125
0.02874755859
-0.81640625
1.369140625
1.0390625
1.794921875
0.8203125
1.139648438
-0.9418945312
-1.453125
0.4123535156
-1.092773438
-0.1737060547
0.01099395752
0.1646728516
-1.482421875
1.7421875
-0.2673339844
-0.7734375
0.1090087891
-1.23046875
0.4304199219
-0.3259277344
0.2354736328
1.034179688
-0.2388916016
-0.275390625
1.532226562
0.7255859375
-0.5986328125
1.359375
-0.5112304688
-0.61328125
-0.4645996094
-0.9482421875
1.006835938
-0.9106445312
-2.173828125
-0.5229492188
1.057617188
-0.7329101562
0.5512695312
1.693359375
0.62109375
0.2344970703
1.046875
-0.118347168
-0.2829589844
-2.45703125
-1.01953125
-1.37890625
-0.1379394531
0.3046875
-0.9326171875
-0.5737304688
-0.2193603516
0.6943359375
-1.3515625
-1.4609375
-0.658203125
-1.436523438
-1.46484375
1.78515625
-0.5776367188
-0.1276855469
0.1024169922
0.931640625
0.03555297852
-0.6845703125
1.662109375
0.7626953125
-1.060546875
0.03793334961
0.00340461731
-0.6274414062
-0.9916992188
-1.563476562
0.9248046875
0.3188476562
-0.03405761719
0.9560546875
-1.624023438
0.04025268555
0.685546875
-2.04296875
-0.4177246094
0.1000366211
-0.6196289062
0.4765625
-0.3784179688
0.2302246094
-1.358398438
-0.2690429688
-0.9443359375
0.67578125
0.2915039062
-1.240234375
0.958984375
-0.4655761719
1.228515625
-0.7465820312
1.328125
-0.2025146484
0.4323730469
0.1137084961
0.9389648438
0.4958496094
0.2780761719
-0.1511230469
-0.03326416016
2.623046875
-2.837890625
0.7309570312
1.587890625
1.25
-1.177734375
-1.15625
1.13671875
-0.6020507812
1.522460938
-1.494140625
0.3864746094
-1.381835938
-2.4296875
-0.541015625
-0.07672119141
1.672851562
1.997070312
0.3203125
2.0625
-3.046875
-0.2033691406
0.8706054688
1.14453125
-0.6552734375
1.58984375
-0.5131835938
0.1433105469
-0.587890625
-0.4206542969
-1.557617188
-0.8325195312
0.9409179688
-1.474609375
-1.4921875
-0.1861572266
0.2702636719
-2.16796875
0.3579101562
-0.1800537109
-0.6162109375
-0.07495117188
0.8862304688
0.3327636719
0.9614257812
-0.4650878906
1.002929688
0.9321289062
-0.4067382812
0.4787597656
0.2846679688
0.2318115234
-0.3923339844
-0.39453125
-0.2507324219
-1.501953125
1.399414062
-0.96875
1
-0.583984375
-0.8266601562
0.003675460815
0.4289550781
0.5493164062
0.2604980469
1.0078125
-0.006210327148
-0.7436523438
1.25390625
0.05752563477
0.2319335938
-0.5893554688
-0.478515625
0.1129760742
-0.1890869141
0.1107788086
1.354492188
-0.431640625
-0.7973632812
0.4655761719
0.009643554688
0.1973876953
1.010742188
-1.30859375
-1.704101562
1.319335938
0.8115234375
-0.09558105469
0.9155273438
0.6030273438
0.822265625
2.13671875
-1.506835938
1.073242188
0.2778320312
-0.7958984375
-0.6225585938
-0.564453125
0.01031494141
0.5854492188
0.1591796875
-1.001953125
-0.9819335938
-1.203125
-2.20703125
2.3203125
-0.07312011719
-0.1000366211
1.252929688
0.04721069336
0.8002929688
0.98046875
-1.028320312
-0.91796875
0.0032787323
0.4653320312
-0.580078125
-0.8247070312
1.180664062
-1.004882812
-0.9516601562
-0.4946289062
-0.3442382812
-0.9360351562
1.279296875
-0.59765625
1.041992188
-1.03125
-0.1588134766
-0.8291015625
-1.590820312
-1.474609375
1.299804688
0.7329101562
-0.5771484375
0.4423828125
0.6508789062
0.7563476562
-0.4777832031
1.150390625
-1.578125
0.3586425781
-1.048828125
-1.755859375
-0.8520507812
1.171875
-1.216796875
0.3034667969
-0.5922851562
0.1927490234
-2.28515625
0.4445800781
-0.7783203125
-0.560546875
-0.828125
-0.1378173828
0.2680664062
-1.615234375
1.741210938
0.8369140625
0.1940917969
1.436523438
-1.263671875
-1.444335938
1.296875
-0.8471679688
1.063476562
-1.126953125
-0.4697265625
-1.84375
0.1108398438
0.380859375
0.6840820312
1.284179688
0.5947265625
-2.76953125
0.09698486328
-0.7333984375
-0.4228515625
0.7470703125
-1.750976562
-0.3444824219
-0.7548828125
-1.482421875
-1.258789062
0.3647460938
-1.696289062
-0.490234375
1.479492188
-1.74609375
0.7578125
0.1988525391
-0.3090820312
-0.05401611328
0.51953125
0.3959960938
-0.2340087891
0.2419433594
-0.7080078125
-0.4682617188
1.399414062
-1.243164062
1.065429688
0.3618164062
-0.03344726562
-0.3940429688
-0.486328125
-0.2807617188
0.1188964844
1.713867188
1.23046875
0.3796386719
1.02734375
-0.3740234375
1.681640625
0.4987792969
-1.504882812
1.331054688
0.4782714844
-1.08984375
0.283203125
0.4931640625
-0.1334228516
0.6186523438
-0.6303710938
-0.1167602539
-0.1513671875
1.984375
-0.7885742188
0.7426757812
-1.299804688
-0.05310058594
-1.245117188
-0.5610351562
-0.4895019531
1.004882812
0.9052734375
-0.9184570312
-2.7109375
-0.05413818359
-0.5009765625
-0.08190917969
-1.112304688
1.354492188
-0.4956054688
-1.176757812
-0.9497070312
0.3503417969
-1.125976562
-0.06396484375
-0.6284179688
0.671875
-1.3515625
0.8559570312
1.233398438
-1.727539062
-0.1763916016
-1.21875
-0.5327148438
1.309570312
-0.4396972656
-0.2098388672
0.8383789062
-0.03936767578
-0.2458496094
0.5454101562
-0.9829101562
-1.03125
0.4763183594
-0.5776367188
-1.215820312
-1.471679688
-0.8466796875
0.3979492188
2.26953125
1.818359375
0.7124023438
0.6284179688
2.55078125
-1.79296875
-0.4318847656
1.043945312
-2.876953125
-1.89453125
-1.37890625
0.5498046875
1.151367188
-0.4807128906
-1.118164062
-0.1669921875
-1.81640625
0.9877929688
0.640625
-2.06640625
0.3388671875
0.5244140625
2.76953125
0.4682617188
-0.2917480469
0.7309570312
-0.7758789062
-0.1038208008
-1.258789062
-1.125976562
1.129882812
-1.598632812
0.2254638672
0.3767089844
-0.9970703125
-0.248046875
0.50390625
1.686523438
1.814453125
-0.4936523438
-0.1922607422
0.01568603516
-0.2612304688
1.943359375
0.01234436035
-0.01583862305
0.7998046875
2.96484375
0.9799804688
-0.3696289062
0.3325195312
-0.2263183594
1.249023438
0.19140625
1.334960938
-1.04296875
-0.1267089844
-1.5546875
0.2741699219
1.576171875
-0.1417236328
-0.5004882812
0.5444335938
0.7587890625
2.150390625
1.106445312
-0.7548828125
-1.203125
-1.428710938
0.1583251953
-0.4255371094
0.4721679688
-1.1484375
-1.202148438
-1.487304688
-1.36328125
-0.8110351562
-0.7905273438
-0.6201171875
0.7470703125
0.3791503906
-0.3439941406
0.03982543945
0.4421386719
-0.1942138672
-0.4084472656
-1.390625
0.7348632812
-0.1638183594
0.4709472656
-0.57421875
0.9907226562
1.349609375
0.798828125
0.8427734375
0.06695556641
-0.9174804688
-0.6743164062
1.112304688
-0.3454589844
-0.5234375
-0.30859375
0.123840332
-1.547851562
-1.1015625
-1.112304688
0.7377929688
-0.2746582031
-0.6723632812
0.9873046875
-0.8798828125
-0.1748046875
1.516601562
-1.75390625
-0.7641601562
-1.540039062
0.3015136719
0.4084472656
-0.03863525391
-0.2978515625
-0.03439331055
-0.3977050781
-0.1934814453
-0.3029785156
-1.736328125
-0.359375
-0.513671875
0.07690429688
0.2668457031
0.8427734375
1.59765625
0.2481689453
-0.1340332031
0.4916992188
0.8442382812
-0.810546875
-1.654296875
1.760742188
0.2868652344
0.7338867188
-0.9033203125
-0.5249023438
-1.344726562
-0.7612304688
0.2318115234
0.2751464844
0.4387207031
-0.07342529297
1.065429688
0.3806152344
-0.1434326172
2.185546875
-0.5004882812
0.1348876953
-0.8364257812
-1.50390625
-0.4187011719
1.005859375
1.196289062
0.2014160156
0.3110351562
-0.4880371094
0.3806152344
0.341796875
0.8979492188
-0.5517578125
-2.001953125
0.7490234375
1.137695312
1.770507812
0.8129882812
-0.6606445312
0.77734375
-1.19140625
0.71875
-0.1435546875
-0.4645996094
0.291015625
0.3295898438
-0.2103271484
0.5493164062
-1.184570312
1.7890625
0.004692077637
1.055664062
-0.3493652344
-1.188476562
0.07342529297
-0.4580078125
-0.5170898438
0.3203125
-1.305664062
0.970703125
0.65234375
0.003028869629
0.1341552734
0.7998046875
0.2634277344
-1.025390625
0.3796386719
-0.93359375
0.9458007812
-0.1076660156
-1.071289062
-0.4995117188
-1.16796875
0.91796875
-0.908203125
0.02278137207
0.4194335938
-0.3308105469
-0.6040039062
1.224609375
0.619140625
-0.04132080078
0.80078125
0.2135009766
-0.0422668457
1.275390625
0.5942382812
0.931640625
0.9106445312
1.649414062
1.869140625
-0.8706054688
0.609375
-0.30078125
-0.9638671875
1.267578125
-1.413085938
1.311523438
-1.266601562
-0.2347412109
1.151367188
-1.772460938
-0.3659667969
0.45703125
0.5888671875
0.671875
1.274414062
-1.80859375
-1.577148438
-0.8984375
1.696289062
0.3801269531
1.359375
1.734375
0.4526367188
0.1006469727
0.2053222656
1.247070312
-1.956054688
-0.4802246094
-1.2734375
-1.255859375
0.1485595703
0.697265625
0.07489013672
-0.3833007812
-0.1529541016
-1.177734375
0.9663085938
-1.244140625
1.990234375
-0.7768554688
-0.4443359375
-0.3127441406
-0.3796386719
-0.2976074219
0.2364501953
0.1209716797
1.262695312
0.4729003906
1.712890625
-0.25
0.2678222656
-0.4494628906
-0.603515625
-0.01261901855
0.7661132812
1.17578125
0.0104675293
0.7827148438
0.6708984375
0.01704406738
-1.451171875
1.927734375
-0.9697265625
0.1501464844
-2.1015625
-0.4182128906
0.03967285156
-1.174804688
-0.4565429688
1.208984375
1.5234375
-0.3774414062
1.486328125
1.634765625
0.3173828125
-0.4982910156
0.6015625
-1.174804688
0.7338867188
0.4602050781
1.556640625
1.583007812
1.077148438
-0.9331054688
-1.650390625
-0.4372558594
0.4821777344
-0.5625
0.5249023438
0.7026367188
-1.487304688
-0.2138671875
0.6440429688
-0.4699707031
-0.6064453125
-0.6870117188
0.6279296875
-0.94921875
-1.723632812
-0.7036132812
0.3117675781
1.192382812
-2.197265625
-0.6987304688
0.2121582031
0.544921875
-0.9990234375
-1.607421875
0.4841308594
-0.9106445312
1.14453125
-1.37890625
0.1084594727
0.5834960938
-1.016601562
-0.5092773438
0.83203125
0.2181396484
-0.7265625
-0.818359375
0.9604492188
0.4194335938
0.5200195312
0.01402282715
0.2213134766
0.0003070831299
-0.5532226562
-2.140625
1.522460938
-1.026367188
-0.8647460938
-0.087890625
0.9140625
-0.1129150391
1.625976562
-0.6958007812
-0.2286376953
-0.92578125
0.5673828125
1.051757812
-0.08795166016
-0.796875
-0.841796875
-0.1561279297
-0.3840332031
0.03512573242
-0.4116210938
1.286132812
0.04870605469
0.04763793945
2.111328125
1.010742188
-1.333984375
-1.481445312
-0.515625
-0.4772949219
-0.2065429688
0.2099609375
-0.003528594971
-0.0712890625
-0.3293457031
-0.3327636719
-1
0.2426757812
-1.178710938
1.41796875
-1.1875
-0.5361328125
-1.090820312
0.7192382812
0.1028442383
-0.2254638672
0.1697998047
0.1602783203
-0.3994140625
-1.204101562
0.07727050781
-1.151367188
-0.75390625
2.478515625
0.2094726562
-0.3273925781
-1.200195312
-0.1578369141
-1.635742188
1.16796875
-0.02362060547
-0.4895019531
0.7265625
0.572265625
-2.087890625
-0.83203125
0.712890625
-1.223632812
0.2683105469
0.9619140625
2.125
-0.07830810547
0.4736328125
0.990234375
-0.1158447266
0.3117675781
-0.1771240234
0.7958984375
-0.5341796875
0.2543945312
0.6943359375
-0.9243164062
-1.87890625
1.086914062
-0.4006347656
1.986328125
-0.5478515625
-0.8774414062
-0.02922058105
1.470703125
-0.7114257812
-1.059570312
-1.706054688
1.520507812
0.8935546875
-0.96484375
-0.7587890625
-0.3195800781
-1.440429688
-0.3835449219
-1.146484375
0.4624023438
0.4323730469
-0.8208007812
0.509765625
-0.5981445312
1.1015625
0.4216308594
0.5263671875
1.221679688
-1.384765625
0.4272460938
1.84375
0.865234375
-0.607421875
-1.260742188
1.341796875
1.727539062
-0.7783203125
-2.11328125
-2.15234375
-1.205078125
1.90625
-0.8120117188
1.486328125
1.00390625
-1.227539062
1.091796875
-0.9965820312
0.1440429688
1.375976562
-0.3229980469
0.09637451172
0.3803710938
0.9936523438
0.53515625
0.7216796875
-0.7895507812
0.4978027344
-0.4548339844
0.04965209961
-0.7802734375
0.5180664062
-0.7465820312
-0.8916015625
-0.5712890625
0.8071289062
1.2265625
-0.06909179688
0.5439453125
-0.004379272461
0.6147460938
-0.9482421875
-0.2078857422
-0.7524414062
-0.9370117188
0.2253417969
1.874023438
-1.098632812
1.28515625
0.861328125
0.4111328125
0.1271972656
-0.4934082031
0.4072265625
0.006900787354
-0.345703125
-1.0625
0.666015625
0.2817382812
-0.6459960938
-0.4309082031
-1.954101562
-0.5908203125
0.1227416992
0.2427978516
-0.7822265625
-0.09826660156
-0.2336425781
-0.1674804688
-0.3706054688
1.504882812
-1.147460938
0.1259765625
-0.2915039062
-2
-1.100585938
0.110534668
-0.6088867188
-0.005668640137
0.953125
1.374023438
0.6220703125
-1.108398438
0.9951171875
-0.8393554688
0.7875976562
1.129882812
-1.08984375
0.4692382812
-1.580078125
-1.887695312
0.4128417969
1.775390625
-1.34765625
-1.892578125
-1.462890625
0.2125244141
1.01953125
0.3930664062
-0.8608398438
0.9624023438
-1.254882812
-0.1522216797
0.5659179688
-1.08984375
1.103515625
0.7553710938
1.116210938
-0.1558837891
-0.1829833984
0.82421875
2.0234375
0.3427734375
-1.860351562
-0.2065429688
0.3193359375
-0.791015625
0.3605957031
1.186523438
-0.2900390625
0.6108398438
-1.303710938
0.3881835938
2.037109375
-1.912109375
-0.2600097656
2.37109375
-0.1301269531
1.1953125
1.1796875
-0.2749023438
0.1126708984
0.1868896484
-1.907226562
-1.299804688
-0.6220703125
-0.3664550781
-0.3779296875
-0.5341796875
0.008140563965
0.04086303711
-3.396484375
0.08050537109
1.26953125
0.3098144531
1.041992188
-1.987304688
-1.936523438
-0.00492477417
-0.9892578125
-0.7182617188
-1.158203125
-0.4736328125
-1.64453125
-1.327148438
-0.8388671875
0.4653320312
0.5288085938
-1.008789062
0.3823242188
1.071289062
0.02304077148
0.19921875
1.10546875
0.2368164062
-0.2746582031
0.7109375
-0.4692382812
0.5009765625
-0.7578125
1.046875
0.5947265625
1.125976562
0.1246948242
0.02217102051
0.7583007812
1.481445312
-0.2142333984
-0.64453125
0.2249755859
1.334960938
0.3654785156
0.8159179688
0.8198242188
0.51953125
-1.290039062
1.2578125
0.1159057617
-0.8999023438
0.4562988281
0.59765625
0.4104003906
-0.9252929688
0.767578125
1.026367188
-0.728515625
0.07647705078
-0.849609375
-1.474609375
1.46875
-0.3125
0.2254638672
0.845703125
-1.041992188
0.2866210938
0.857421875
0.3361816406
0.1522216797
0.4519042969
0.99609375
-2.12890625
-0.1588134766
1.094726562
-0.2144775391
0.7602539062
-0.02136230469
-2.1171875
0.1085205078
0.54296875
0.3295898438
-0.66015625
-0.07897949219
-0.8598632812
-0.2429199219
-1.099609375
-0.1161499023
-2.01953125
-0.5639648438
0.08679199219
-0.7211914062
0.1688232422
0.02018737793
2.068359375
-0.908203125
1.57421875
2.123046875
-1.548828125
0.6391601562
0.255859375
1.82421875
-0.73046875
0.7451171875
-0.3894042969
0.09283447266
-0.7060546875
-0.6455078125
-0.91015625
1.86328125
0.6015625
-0.14453125
0.5004882812
0.4060058594
-0.07836914062
0.50390625
0.4536132812
-0.07019042969
-1.801757812
0.04083251953
0.1524658203
-0.1265869141
-0.5629882812
0.3405761719
0.62109375
1.172851562
1.487304688
-0.2717285156
-0.3256835938
0.2222900391
1.15625
0.3068847656
0.5532226562
-0.7270507812
1.119140625
-1.305664062
-0.087890625
-1.455078125
-0.3205566406
0.6025390625
0.1788330078
0.5634765625
-0.05459594727
-1.057617188
1.172851562
0.3786621094
0.2283935547
0.306640625
-0.5493164062
0.6020507812
1.098632812
-1.125976562
0.8041992188
0.6586914062
1.3984375
-2.3359375
0.55859375
-0.6411132812
0.1245727539
0.5385742188
2.138671875
0.2780761719
1.221679688
0.5317382812
-1.0625
0.2814941406
-0.3676757812
-0.3876953125
1.59765625
1.05859375
-1.563476562
-0.2006835938
-0.07409667969
0.4458007812
0.7124023438
-0.6669921875
0.8779296875
-0.2697753906
-1.329101562
-0.2243652344
-0.5961914062
-0.02105712891
0.5859375
1.122070312
1.11328125
-0.2492675781
-0.1479492188
2.111328125
0.689453125
0.5283203125
1.802734375
-1.854492188
-1.037109375
-1.0703125
1.060546875
1.16015625
0.4780273438
1.978515625
-1.461914062
-1.7109375
-0.4809570312
1.330078125
-2.201171875
1.622070312
0.1395263672
-0.82421875
-0.2807617188
-0.9282226562
0.3466796875
1.069335938
-0.2036132812
0.5532226562
-0.9716796875
-0.9130859375
0.3928222656
-2.3046875
-1.62109375
0.1167602539
0.3217773438
0.1419677734
-0.3957519531
-0.580078125
0.6772460938
-0.8603515625
-0.2932128906
2
-0.7407226562
-0.5849609375
0.1866455078
1.733398438
0.2105712891
0.2683105469
0.5478515625
1.416992188
-0.7065429688
-0.6459960938
0.275390625
1.534179688
-0.8334960938
0.87890625
1.015625
0.33984375
0.6684570312
-0.7700195312
0.2897949219
-0.431640625
-0.642578125
0.1831054688
-0.7416992188
1.150390625
1.384765625
-0.5131835938
0.6391601562
1.051757812
0.6489257812
0.4479980469
-2.814453125
-1.157226562
-0.2250976562
0.1083374023
0.4860839844
-0.3515625
-1.424804688
-0.9438476562
1.265625
-0.1345214844
-0.5205078125
1.475585938
-0.1748046875
-0.2976074219
0.595703125
0.08532714844
-0.2048339844
-0.1151123047
-0.02412414551
-1.8046875
1.060546875
-0.3708496094
-0.03695678711
-0.1640625
-0.685546875
-0.3022460938
-0.7333984375
0.1047973633
-1.436523438
-0.05166625977
-0.8383789062
-1.341796875
-1.583007812
2.0078125
1.369140625
1.145507812
1.001953125
0.06970214844
-0.8681640625
0.3078613281
-0.03036499023
0.791015625
-1.118164062
0.3723144531
-0.3630371094
-0.7983398438
-2.490234375
0.1650390625
-0.1343994141
-2.646484375
-1.325195312
-0.1466064453
-1.5234375
0.5078125
-0.8383789062
0.9682617188
0.7490234375
1.526367188
-0.2055664062
0.423828125
0.736328125
-0.1088867188
0.9467773438
-0.7670898438
1.260742188
0.3049316406
0.6391601562
-1.478515625
0.50390625
-0.05081176758
0.03897094727
-1.161132812
2.240234375
-1.212890625
-0.7124023438
1.405273438
0.3620605469
-0.6762695312
-1.499023438
-1.23828125
0.4663085938
-0.4235839844
-1.09375
-1.216796875
-1.174804688
0.007328033447
-0.1016845703
-0.4477539062
-1.916992188
0.03149414062
-0.6123046875
-2.251953125
1.44921875
1.397460938
-0.3044433594
-1.043945312
2.990234375
-0.2000732422
0.056640625
-0.2546386719
-0.08190917969
0.638671875
-0.6069335938
0.3825683594
-1.2421875
0.1500244141
-1.3515625
-0.1500244141
-0.72265625
0.33984375
-0.04861450195
-0.8237304688
1.462890625
-2.068359375
0.5302734375
0.2395019531
-1.21875
-1.427734375
-1.184570312
-0.8442382812
0.4243164062
2.001953125
0.3156738281
-0.07739257812
-0.71875
0.6372070312
-0.1643066406
-2.791015625
-0.921875
0.3132324219
1.119140625
-0.5815429688
-0.5327148438
-1.29296875
-0.7885742188
1.45703125
-0.560546875
-0.3640136719
-0.7485351562
-0.8081054688
0.06018066406
-0.3754882812
0.47265625
-0.41015625
-2.810546875
0.3173828125
-0.1945800781
0.6552734375
0.7026367188
0.7221679688
-0.5263671875
1.870117188
-1.842773438
1.552734375
2.2890625
-0.541015625
0.6572265625
-0.3801269531
-0.07604980469
-0.4013671875
2.27734375
-0.1506347656
0.9438476562
1.491210938
0.5444335938
1.143554688
-1.130859375
0.662109375
1.009765625
0.1112060547
0.408203125
0.7944335938
-0.3073730469
-3.25390625
-2.5625
1.455078125
0.9243164062
1.731445312
0.517578125
-0.04351806641
-1.561523438
-0.1893310547
0.4680175781
-0.5610351562
0.1535644531
0.0407409668
-0.1959228516
1.438476562
0.9848632812
0.5166015625
-1.12109375
-0.4184570312
0.4362792969
0.1627197266
-1.002929688
-0.7797851562
0.6049804688
-0.9482421875
-1.02734375
1.208984375
-0.2707519531
0.8549804688
0.9057617188
-0.6005859375
0.609375
1.5234375
0.02101135254
-0.5263671875
-0.2612304688
1.268554688
0.7578125
-1.166992188
-0.919921875
1.008789062
1.294921875
-0.1585693359
0.521484375
0.203125
0.685546875
1.118164062
-0.07165527344
0.7797851562
-1.228515625
0.6772460938
-0.2049560547
1.299804688
0.6254882812
1.735351562
-0.2073974609
-1.517578125
2.052734375
2.212890625
-0.662109375
0.1975097656
1.096679688
1.00390625
0.7939453125
-0.2052001953
-2.22265625
0.5888671875
-0.2888183594
-0.537109375
-0.3420410156
2.005859375
-0.1295166016
-0.6137695312
0.03829956055
-1.87109375
-0.1915283203
0.732421875
0.330078125
-1.053710938
0.4001464844
-1.086914062
-0.2032470703
-0.005504608154
-0.8642578125
-2.021484375
-1.098632812
-0.6948242188
-1.572265625
0.04605102539
-0.65625
1.540039062
-0.3657226562
-0.1488037109
-0.3825683594
-0.5688476562
-0.9282226562
-0.5151367188
1.520507812
0.2150878906
0.03576660156
-0.01684570312
-0.916015625
-0.4709472656
1.002929688
1.025390625
0.7924804688
-0.4011230469
0.3110351562
-2.521484375
-2.13671875
0.3186035156
0.1647949219
0.7836914062
-0.2553710938
1.056640625
-0.1771240234
-4.03515625
-0.4306640625
2.794921875
-0.3037109375
-0.8647460938
0.06201171875
-0.3107910156
-0.6020507812
-1.383789062
-0.935546875
-0.5434570312
0.2203369141
-1.30859375
-0.501953125
-1.143554688
-0.1110229492
0.7895507812
1.588867188
-1.061523438
-1.533203125
0.9663085938
-1.493164062
2.123046875
-1.827148438
-0.4577636719
-0.572265625
0.1640625
-0.07086181641
-0.6782226562
0.8862304688
0.7963867188
-1.08984375
-0.03143310547
1.102539062
0.7827148438
0.8168945312
-0.4836425781
-0.3786621094
-0.9838867188
1.342773438
-0.58984375
-0.74609375
-0.3422851562
1.555664062
-0.5458984375
1.784179688
-0.2095947266
1.032226562
-0.6450195312
1.333007812
0.6010742188
0.6186523438
1.302734375
0.4506835938
-0.5493164062
0.6860351562
-0.6235351562
-1.484375
-0.2340087891
0.3759765625
0.1622314453
-0.02275085449
-0.6748046875
-0.306640625
-0.06018066406
0.08197021484
0.5786132812
0.06121826172
0.5942382812
-0.5336914062
-0.7221679688
0.7905273438
0.6904296875
1.423828125
0.7387695312
-0.939453125
1.000976562
0.6137695312
-0.2985839844
0.5024414062
0.03256225586
0.7216796875
0.08294677734
0.3024902344
-0.572265625
0.763671875
-0.6572265625
1.0546875
0.478515625
0.07678222656
0.5844726562
0.2717285156
-0.5034179688
1.147460938
1.015625
0.8642578125
-1.516601562
0.6958007812
-0.5322265625
-0.974609375
0.9643554688
-0.1067504883
-0.5786132812
-0.07464599609
-1.360351562
0.1651611328
1.245117188
-0.4050292969
-0.4899902344
0.8427734375
0.9311523438
0.1932373047
0.7685546875
-0.3081054688
-0.302734375
1.536132812
-0.5390625
-0.2575683594
-1.858398438
0.4020996094
-0.3046875
0.04055786133
-0.505859375
-1.782226562
1.015625
0.02421569824
1.197265625
-0.453125
0.3586425781
1.287109375
1.291992188
-0.7578125
-2.357421875
-1.373046875
-0.3413085938
1.08203125
-0.7963867188
0.9409179688
-2.12890625
1.1875
-1.909179688
-0.3481445312
0.3623046875
-1.225585938
0.3801269531
-0.9936523438
-2.048828125
0.2941894531
-0.29296875
0.787109375
-0.9985351562
0.1733398438
-0.0563659668
-0.6435546875
-1.221679688
-1.034179688
0.4125976562
-0.8793945312
0.5258789062
-1.044921875
-0.2470703125
-0.8735351562
-0.6376953125
-1.299804688
0.708984375
1.619140625
1.596679688
-1.067382812
-1.7109375
0.359375
-1.3984375
-1.1171875
0.6342773438
-0.2619628906
-0.77734375
0.4331054688
-0.775390625
0.4223632812
-0.37109375
1.262695312
0.5146484375
-2.255859375
-0.6962890625
0.7158203125
-1.611328125
0.6440429688
0.8500976562
-0.4650878906
-0.9541015625
0.01278686523
0.6079101562
-0.2143554688
-0.5703125
1.314453125
0.7465820312
-0.2247314453
-0.3251953125
-0.578125
0.2487792969
-1.061523438
-0.4978027344
-1.446289062
1.540039062
-0.388671875
0.3322753906
0.1081542969
0.8803710938
-0.5766601562
-1.1328125
-0.2529296875
1.123046875
1.192382812
-2.015625
0.3193359375
0.6591796875
-0.8701171875
1.622070312
0.1176147461
1.961914062
-2.7890625
0.3786621094
-0.4409179688
-1.490234375
-0.6552734375
0.4772949219
-2.9375
0.6875
-0.513671875
0.5283203125
0.4060058594
0.578125
1.896484375
0.4204101562
-2.462890625
-2.3515625
-0.2269287109
1.3984375
1.817382812
-2.013671875
-2.36328125
0.3776855469
0.9096679688
0.03497314453
0.3088378906
-0.1654052734
0.06927490234
-1.796875
-1.315429688
-0.8759765625
0.78515625
-0.57421875
0.1903076172
-0.05703735352
-1.256835938
-0.08099365234
1.600585938
0.7045898438
-0.1860351562
0.05731201172
0.47265625
0.6591796875
0.7578125
-2.197265625
-0.04287719727
0.521484375
0.04907226562
0.2641601562
-0.9501953125
-0.2814941406
0.3549804688
2.134765625
-0.2388916016
-0.9306640625
-0.8032226562
1.642578125
-1.825195312
0.2739257812
-0.57421875
-0.677734375
1.333984375
-0.7602539062
0.9038085938
0.4340820312
-1.083984375
0.2124023438
-0.8466796875
0.2142333984
0.3122558594
0.4577636719
0.66796875
-0.9921875
-2.087890625
1.017578125
-2.419921875
0.2210693359
1.693359375
-0.3215332031
-0.78515625
-0.9228515625
-1.293945312
0.19140625
0.9501953125
0.7241210938
0.2310791016
-2.09765625
0.2663574219
-0.556640625
-0.5400390625
0.548828125
1.109375
-0.3071289062
-0.2531738281
0.7646484375
-2.048828125
0.7724609375
0.806640625
0.3896484375
-0.06103515625
-0.568359375
0.6010742188
0.267578125
1.287109375
0.9765625
0.5043945312
-1.73828125
1.239257812
0.72265625
1.07421875
3.404296875
0.388671875
-0.1961669922
3.1015625
-0.7016601562
-0.7631835938
-1.000976562
-1.42578125
1.520507812
0.9169921875
0.1790771484
0.93359375
-0.07708740234
-0.83984375
0.1304931641
0.2354736328
-1.487304688
1.03515625
-0.1618652344
0.78125
0.9384765625
0.3630371094
-1.07421875
0.71484375
-0.06964111328
-0.3220214844
1.19921875
0.2056884766
-0.3850097656
-0.3923339844
1.32421875
0.3359375
-1.208984375
0.3039550781
1.819335938
1.803710938
-0.2768554688
-0.8193359375
-0.01669311523
0.1685791016
-2.478515625
2.107421875
0.3837890625
-0.7133789062
0.007297515869
-0.08721923828
-0.5190429688
-0.008895874023
0.6103515625
-0.6547851562
-0.9150390625
-0.4311523438
0.548828125
-1.046875
1.215820312
0.7485351562
-1.712890625
-1.59375
0.03851318359
-0.03918457031
0.810546875
-0.3681640625
-0.8115234375
0.2379150391
-0.6293945312
1.151367188
-0.337890625
-0.486328125
-0.9038085938
-1.2109375
0.923828125
-1.034179688
0.02964782715
-0.6528320312
-1.168945312
0.1762695312
0.7934570312
0.228515625
-0.3168945312
0.6484375
-0.1901855469
-0.8735351562
-0.03338623047
-0.5346679688
0.000572681427
0.07061767578
1.840820312
0.4885253906
-0.5473632812
0.427734375
-1.478515625
0.2220458984
-0.9326171875
-1.118164062
1.270507812
-0.2751464844
0.662109375
-0.09527587891
-0.3620605469
-0.5458984375
0.59765625
-0.5219726562
-0.1239624023
-0.4467773438
-0.3227539062
-1.015625
0.2133789062
0.6635742188
0.7514648438
-0.91796875
0.76171875
0.2307128906
0.4875488281
-1.763671875
-1.004882812
-0.09808349609
-0.4604492188
1.771484375
-0.03631591797
-0.3798828125
-1.170898438
0.04760742188
0.007793426514
0.06365966797
-0.3874511719
-1.090820312
0.87109375
1.663085938
-0.5776367188
-0.4743652344
-0.3566894531
0.6235351562
-0.2587890625
1.69140625
-0.5986328125
-1.541992188
2.181640625
1.731445312
-0.1854248047
0.6186523438
1.015625
-0.1190795898
0.8334960938
-0.142578125
-0.3193359375
0.2253417969
0.2585449219
-0.2126464844
-0.2009277344
0.86328125
0.8266601562
-0.1247558594
-1.053710938
-2.482421875
0.01198577881
0.796875
0.2749023438
1.005859375
-0.9106445312
0.4262695312
-0.106262207
-1.51171875
0.08129882812
0.49609375
-1.484375
-0.9360351562
0.03793334961
1.322265625
-0.091796875
1.283203125
-1
-0.9970703125
-0.5473632812
1.272460938
-1.052734375
0.876953125
0.5424804688
-1.390625
-0.8022460938
-0.3762207031
0.3920898438
-0.3540039062
0.7553710938
1.465820312
-0.2673339844
0.6791992188
0.08825683594
-0.09704589844
0.2788085938
0.3974609375
-0.8642578125
1.48828125
0.1584472656
-1.265625
2.087890625
0.9296875
0.05563354492
0.3259277344
-1.275390625
-0.2951660156
0.23046875
-0.4013671875
1.287109375
-0.7626953125
0.1783447266
-1.411132812
1.921875
-1.829101562
0.6259765625
0.3571777344
0.130859375
-2.154296875
1.274414062
0.2186279297
0.1483154297
1.171875
-0.4016113281
-0.5629882812
1.118164062
0.9033203125
-0.1291503906
-0.8676757812
0.7680664062
-0.921875
-0.2121582031
1.12109375
0.6206054688
0.9145507812
-1.041992188
-1.411132812
-0.2937011719
0.62109375
-0.6708984375
0.2100830078
2.9140625
-0.4326171875
-0.4404296875
0.5063476562
0.6298828125
0.6650390625
-0.1200561523
1.658203125
-0.2033691406
-0.8046875
0.4487304688
-0.646484375
-1.852539062
-0.6372070312
-2.52734375
1.676757812
0.4948730469
-0.1185302734
0.2292480469
-0.982421875
-0.4250488281
-2.568359375
-0.2448730469
-1.193359375
2.767578125
0.9677734375
0.3449707031
0.5146484375
-0.1740722656
-0.9067382812
0.3383789062
1.6640625
1.185546875
0.09918212891
-0.1293945312
-1.08984375
-0.07940673828
1.381835938
0.6865234375
-0.7900390625
0.4750976562
0.2758789062
-0.8784179688
0.6362304688
0.09259033203
0.1446533203
-1.490234375
-1.193359375
-0.6801757812
0.5561523438
-0.06665039062
-1.194335938
-0.3723144531
1.94140625
1.081054688
1.6484375
0.568359375
0.1834716797
0.3288574219
-0.521484375
0.03408813477
-0.7260742188
-0.6616210938
-0.4775390625
0.8701171875
-0.3474121094
-0.4133300781
0.8657226562
-2.0078125
0.06488037109
0.7553710938
0.6372070312
-1.744140625
3.541015625
-0.8569335938
-2.158203125
0.3671875
0.1161499023
-0.759765625
1.537109375
0.7768554688
0.2951660156
0.5380859375
1.254882812
0.5419921875
0.7817382812
0.8647460938
-0.7822265625
0.4946289062
0.0539855957
0.7241210938
0.3879394531
-0.9228515625
0.3178710938
-0.1788330078
-0.4665527344
-1.177734375
1.025390625
-0.4875488281
-0.7250976562
0.6860351562
0.3962402344
0.2437744141
-0.6997070312
-1.224609375
-0.5708007812
-1.821289062
0.615234375
1.009765625
-0.6245117188
0.2648925781
0.1684570312
1.452148438
-1.096679688
-1.505859375
-0.595703125
-1.166992188
-1.290039062
-0.6870117188
0.08471679688
0.4438476562
-0.6264648438
-0.2661132812
0.2153320312
0.5971679688
0.4467773438
0.4931640625
0.2604980469
0.7895507812
0.9404296875
-2.7890625
1.06640625
0.9541015625
-0.89453125
-0.5693359375
-1.483398438
0.03460693359
1.514648438
0.3439941406
-0.91015625
0.04830932617
-0.3728027344
0.4113769531
-0.3786621094
0.01374053955
-0.0235748291
1.043945312
-1.116210938
-0.05880737305
1.708984375
1.032226562
1.118164062
-0.533203125
0.1378173828
1.103515625
-0.1486816406
0.002521514893
-2.5703125
-0.7563476562
0.537109375
0.6342773438
0.837890625
0.5146484375
0.04531860352
0.1103515625
-1.200195312
0.07861328125
-0.2641601562
-0.5537109375
1.323242188
-0.7578125
-1.560546875
0.1770019531
-0.8920898438
-0.0908203125
0.6245117188
-0.5908203125
-0.1463623047
1.4375
0.4772949219
0.6796875
0.0703125
0.74609375
1.25390625
-0.6752929688
-1.232421875
-0.1851806641
-0.4279785156
-0.6987304688
0.4311523438
-0.6030273438
0.404296875
0.03161621094
-1.423828125
-1.047851562
1.079101562
-0.07122802734
-1.170898438
1.301757812
0.4487304688
1.567382812
1.171875
-0.6591796875
0.3525390625
-1.733398438
-0.6030273438
1.4921875
-0.4838867188
-1.21484375
0.615234375
1.614257812
0.2010498047
-1.318359375
-0.7485351562
0.2580566406
1.663085938
0.9750976562
1.197265625
-0.9418945312
0.125
-0.2734375
-1.155273438
0.3298339844
1.487304688
-1.444335938
0.4030761719
0.5649414062
-0.5698242188
-1.424804688
-0.5991210938
-1.31640625
-0.7373046875
-0.5942382812
0.1958007812
1.259765625
1.447265625
-0.7006835938
-0.3076171875
-1.374023438
2.8515625
0.3608398438
-0.04336547852
-1.221679688
1.330078125
0.32421875
-0.9057617188
2.220703125
-0.814453125
-0.03784179688
0.06304931641
-0.2015380859
-1.890625
-0.4162597656
1.728515625
1.2578125
-0.369140625
-0.4133300781
0.72265625
-0.4382324219
-1.751953125
1.130859375
0.8916015625
-0.1137084961
0.298828125
-0.3950195312
-1.328125
1.002929688
0.06323242188
-0.5751953125
-1.3984375
0.61328125
-0.7290039062
-0.4519042969
1.513671875
0.3720703125
0.2600097656
-1.76953125
0.630859375
-0.001684188843
0.271484375
-0.02575683594
-0.98046875
1.046875
-0.3715820312
1.227539062
-0.44140625
1.065429688
-0.9067382812
0.6801757812
-0.1997070312
0.4953613281
1.133789062
0.1821289062
0.1197509766
-0.8657226562
-0.7705078125
0.43359375
0.4001464844
1.194335938
1.224609375
-0.6352539062
0.7524414062
-1.657226562
0.2734375
0.03451538086
-0.4309082031
-1.334960938
0.4758300781
1.345703125
-2.033203125
-1.03515625
0.007835388184
-1.1484375
-0.8432617188
0.5322265625
0.7993164062
-1.293945312
0.439453125
-1.765625
0.1842041016
0.6904296875
1.416015625
2.62109375
-0.1044311523
0.1387939453
1.395507812
-1.266601562
0.9770507812
1.28515625
-0.5249023438
-1.11328125
0.1552734375
-0.06378173828
0.951171875
0.3461914062
-0.3662109375
0.006359100342
-0.9853515625
-1.08984375
0.4392089844
-0.1353759766
-1.595703125
0.2445068359
1.25390625
0.6899414062
0.7846679688
0.595703125
1.125976562
-1.16796875
-0.09783935547
-1.212890625
-0.0007619857788
0.5903320312
0.4165039062
1.096679688
0.107421875
1.075195312
-0.2556152344
0.07275390625
-1.220703125
1.603515625
-2.447265625
0.953125
-1.103515625
0.7958984375
0.505859375
0.1793212891
-0.2153320312
0.7509765625
-0.8051757812
-1.206054688
-0.06665039062
-1.052734375
1.74609375
0.07171630859
-1.146484375
0.90625
-1.004882812
-0.03897094727
-0.3598632812
-0.4157714844
-0.1001586914
1.40234375
0.3427734375
0.7109375
-1.578125
-0.5649414062
-0.1461181641
2.318359375
-1.138671875
-1.1328125
-1.693359375
0.7041015625
0.06066894531
1.840820312
0.5791015625
-0.04037475586
-0.01038360596
0.1260986328
-0.587890625
-2.326171875
0.3010253906
0.06234741211
2.271484375
-0.73828125
-0.89453125
1.646484375
-0.560546875
0.1257324219
-0.1998291016
-0.4489746094
-0.9956054688
-1.794921875
-0.275390625
0.2391357422
1.733398438
0.3669433594
-1.684570312
-0.203125
-0.1318359375
-0.525390625
-0.4270019531
-0.06884765625
-1.615234375
-0.61328125
-0.80859375
-1.421875
-0.1864013672
1.407226562
0.8408203125
1.5546875
0.3669433594
1.014648438
-0.4250488281
-0.07830810547
-0.2322998047
0.3430175781
1.375976562
0.1879882812
0.376953125
1.237304688
0.6430664062
-0.1374511719
-0.002023696899
-0.6806640625
0.9086914062
-0.66796875
0.9970703125
0.7744140625
0.01338195801
-0.0279083252
0.1572265625
1.038085938
1.052734375
-0.1956787109
0.1457519531
0.4401855469
1.2265625
-0.9135742188
1.317382812
-0.1495361328
-0.1854248047
-0.8315429688
0.2436523438
0.6850585938
0.3481445312
0.7348632812
0.1705322266
-1.1328125
0.8837890625
-0.2194824219
0.8139648438
0.003759384155
1.6484375
-1.024414062
1.869140625
-0.9453125
0.9614257812
-1.094726562
-0.2619628906
0.1541748047
1.627929688
-1.331054688
0.8173828125
0.00496673584
-1.147460938
0.4018554688
0.3239746094
-0.8989257812
1.02734375
-0.5278320312
-2.87109375
1.016601562
-1.0859375
-0.5458984375
1.453125
-1.163085938
0.7182617188
-1.055664062
-1.685546875
-0.9423828125
1.901367188
-1.370117188
2.1796875
0.2211914062
-0.5400390625
0.8422851562
-1.544921875
-0.1697998047
-1.32421875
-0.8662109375
-0.3999023438
-1.82421875
-0.5620117188
-0.9946289062
-1.739257812
0.2498779297
0.8959960938
-0.06457519531
1.676757812
-0.4165039062
-1.479492188
-1.170898438
-0.04611206055
0.9555664062
-0.4462890625
1.247070312
0.2565917969
1.685546875
0.9897460938
1.342773438
-0.8623046875
0.7934570312
-1.947265625
0.3967285156
0.607421875
-0.9047851562
0.3718261719
-0.2578125
-0.2496337891
-0.5786132812
-1.16015625
2.244140625
-0.4460449219
-1.9453125
0.1080932617
0.02648925781
-0.3723144531
-0.58203125
0.5102539062
0.3063964844
-2.08984375
-3.314453125
0.0569152832
-1.366210938
-0.037109375
1.53125
-0.94140625
-0.4294433594
1.592773438
-0.2514648438
-0.1810302734
1.0859375
-1.083984375
-1.0390625
-0.5971679688
-0.01120758057
-0.8911132812
-0.4123535156
-0.279296875
0.328125
-1.37109375
0.9443359375
-0.2807617188
0.7880859375
0.1209716797
-0.7690429688
-0.06170654297
0.2348632812
0.53515625
-0.3020019531
0.9296875
-0.1545410156
1.958007812
0.05377197266
-1.236328125
-2.140625
0.08233642578
-1.3203125
-0.4348144531
-0.9877929688
0.3623046875
-0.490234375
-0.892578125
-0.7905273438
0.3430175781
0.3051757812
0.4367675781
0.1912841797
-1.359375
-0.6220703125
0.9956054688
-1.346679688
0.5537109375
-0.00209236145
0.3740234375
0.6655273438
-1.600585938
0.1871337891
-1.00390625
-0.7875976562
0.615234375
-1.323242188
-0.2922363281
-1.282226562
0.5595703125
-0.7807617188
1.5859375
1.328125
-0.3347167969
-1.500976562
-0.4609375
0.02439880371
-0.2094726562
1.318359375
0.8266601562
-0.8608398438
0.1850585938
-0.94921875
0.7368164062
-0.8247070312
-0.07189941406
1.776367188
-2.142578125
-0.9868164062
0.521484375
0.1461181641
-1.67578125
0.853515625
1.258789062
1.278320312
1.4375
-0.3405761719
-0.8989257812
2.1640625
0.1767578125
0.2291259766
-0.5361328125
-0.7680664062
0.9174804688
1.141601562
1.579101562
0.1248779297
-0.5439453125
-0.1384277344
-0.359375
0.8940429688
1.1796875
0.06604003906
0.5703125
-0.927734375
0.74609375
0.4489746094
-1.646484375
-1.012695312
-0.3474121094
-0.05236816406
-0.4504394531
-0.1678466797
-0.4182128906
1.233398438
0.005332946777
1.416992188
1.41796875
0.3916015625
0.1359863281
-0.4594726562
1.366210938
0.3923339844
-0.2592773438
-2.7109375
-1.270507812
1.004882812
-1.229492188
-0.3537597656
-0.01398468018
0.05334472656
-0.9077148438
-0.4577636719
-0.4328613281
-1.692382812
-0.4819335938
-1.149414062
1.120117188
-0.4260253906
-1.065429688
-0.677734375
0.583984375
0.1328125
0.7294921875
0.7084960938
-0.1302490234
1.06640625
-1.64453125
-1.245117188
-1.188476562
1.09765625
-2.111328125
-1.063476562
-1.59765625
-0.669921875
0.1263427734
-2.677734375
-0.4250488281
0.7119140625
0.4230957031
-0.0182800293
-0.01455688477
0.5063476562
-1.9765625
-0.6958007812
0.5561523438
-0.7104492188
0.5244140625
0.9370117188
0.4860839844
-0.3095703125
1.470703125
-0.2778320312
0.8115234375
-1.352539062
0.5400390625
-0.4443359375
-0.8559570312
0.6787109375
0.658203125
-0.1279296875
-1.884765625
-0.5288085938
-0.6611328125
-0.7133789062
-2.384765625
0.04904174805
1.115234375
0.6528320312
-0.02812194824
0.2736816406
-0.6943359375
0.4655761719
0.91015625
0.51171875
1.262695312
1.094726562
-0.1857910156
0.1862792969
-0.3898925781
-0.8100585938
-0.36328125
-1.688476562
-0.44140625
0.4555664062
0.3591308594
1.333007812
-1.0234375
-1.016601562
2.11328125
0.8134765625
1.0546875
-1.416015625
-2.451171875
-0.6362304688
-1.154296875
1.0234375
-0.5883789062
-1.33203125
-1.275390625
-0.4421386719
0.2252197266
1.0390625
0.8452148438
-2.13671875
-0.3596191406
-0.5727539062
0.09191894531
0.603515625
1.663085938
1.651367188
-1.389648438
0.5244140625
0.2393798828
0.08972167969
0.8715820312
-0.1676025391
-1.014648438
0.06774902344
0.1560058594
0.9301757812
0.3408203125
1.237304688
-0.08575439453
0.1211547852
0.5908203125
-0.3269042969
-1.309570312
-0.3444824219
-0.06610107422
0.9008789062
1.750976562
0.2595214844
0.599609375
-0.3835449219
1.66015625
1.262695312
-0.3161621094
0.4333496094
1.178710938
-1.124023438
-0.5932617188
0.1146850586
-0.599609375
-1.627929688
0.01837158203
-0.1249389648
0.4523925781
-1.549804688
0.6323242188
-0.2493896484
1.930664062
0.7045898438
0.09411621094
0.1597900391
-0.68359375
1.197265625
-0.3896484375
-1.653320312
-0.9765625
0.1811523438
0.2080078125
-0.2873535156
-0.1704101562
-0.2097167969
1.139648438
0.04455566406
-2.169921875
-0.9370117188
-0.3566894531
-1.439453125
0.03866577148
-0.7045898438
1.76953125
0.003717422485
0.7827148438
0.09478759766
-0.7133789062
1.157226562
-0.6821289062
-0.6831054688
0.3967285156
0.6962890625
0.8603515625
0.8295898438
-0.54296875
0.6831054688
-0.1358642578
0.5859375
-3.154296875
0.4216308594
0.4272460938
0.1744384766
-0.3759765625
0.4375
-0.8388671875
0.3510742188
-2.78515625
-1.387695312
-0.3322753906
0.5229492188
0.1666259766
1.93359375
1.3671875
-1.166992188
-2.1171875
0.3569335938
-0.7534179688
1.161132812
0.4909667969
1.850585938
-0.4108886719
0.482421875
-0.58203125
0.8715820312
-1.575195312
-0.962890625
0.7456054688
1.049804688
-0.4387207031
-0.3100585938
0.1472167969
-1.469726562
-1.155273438
0.3381347656
0.2286376953
0.7919921875
-1.06640625
-0.69921875
-0.66796875
-0.376953125
0.05258178711
0.3374023438
1.975585938
-2.103515625
0.50390625
-1.022460938
-0.2294921875
0.8955078125
-0.8466796875
1.387695312
-0.5004882812
0.7856445312
-0.93359375
1.22265625
0.65625
-0.845703125
-0.3305664062
-0.1018066406
-1.209960938
-0.8266601562
0.3928222656
0.6381835938
-0.05221557617
-0.787109375
0.4929199219
-2.05859375
-0.2846679688
0.4460449219
-1.147460938
1.116210938
-0.1018066406
-0.484375
-1.271484375
0.8203125
-0.2010498047
-0.4812011719
-0.3547363281
-0.1086425781
-0.8725585938
-0.3637695312
0.4562988281
0.1888427734
-1.55859375
-1.0859375
-0.8618164062
0.1577148438
-0.1666259766
-1.19140625
1.272460938
-0.1916503906
0.865234375
-0.8823242188
-1.885742188
0.6860351562
0.29296875
-0.9633789062
1.6875
-1.401367188
1.708984375
-0.4091796875
1.705078125
-0.2098388672
0.798828125
0.3937988281
0.3742675781
-0.3977050781
1.987304688
-1.509765625
0.748046875
-1.754882812
-0.5009765625
0.4631347656
0.3408203125
-0.71875
0.6723632812
1.387695312
0.5571289062
1.256835938
1.09375
1.81640625
0.3349609375
-0.5034179688
-0.9760742188
2.125
0.4797363281
0.5615234375
-0.2797851562
-1.7421875
0.642578125
2.306640625
-0.3857421875
0.6420898438
-1.8359375
-1.392578125
0.1610107422
-0.5439453125
-0.2934570312
-0.6201171875
-0.8774414062
-0.5859375
1.400390625
0.1282958984
-2.3671875
0.6166992188
0.3276367188
0.8598632812
-0.1253662109
0.09692382812
-0.5703125
-0.8823242188
1.997070312
1.415039062
-0.787109375
0.6240234375
0.3889160156
-0.3198242188
-1.146484375
-0.4458007812
-0.5927734375
0.4758300781
1.50390625
-0.8076171875
1.208984375
0.2932128906
0.5346679688
-0.5678710938
-0.3540039062
-0.1479492188
0.5986328125
-2.41015625
-0.783203125
-0.1555175781
0.1987304688
-1.186523438
-1.54296875
-0.09948730469
0.9653320312
0.794921875
0.08099365234
0.3015136719
-0.4929199219
-0.7744140625
2.48828125
1.021484375
0.2626953125
-0.296875
0.5703125
-0.3293457031
-0.1732177734
0.2800292969
0.9677734375
-0.7475585938
-0.779296875
-0.1450195312
1.145507812
-1.454101562
-0.65625
-0.2291259766
-0.8388671875
1.1171875
1.362304688
-0.3627929688
1.235351562
0.03044128418
0.6528320312
-0.1221313477
0.357421875
0.07012939453
0.7729492188
-0.6142578125
0.685546875
0.6977539062
-1.235351562
-1.034179688
-0.4169921875
-0.6811523438
0.6298828125
-0.07977294922
1.223632812
-0.720703125
0.615234375
-0.03515625
-0.349609375
0.3488769531
-0.5864257812
1.212890625
-0.4692382812
-1.557617188
-1.196289062
0.8583984375
-0.5595703125
-0.04162597656
-1.25390625
1.434570312
0.4296875
-1.541992188
0.2629394531
0.7700195312
-1.072265625
0.5170898438
1.088867188
0.4943847656
0.7709960938
-1.245117188
-0.5122070312
-0.8041992188
-2.1484375
-0.6376953125
-0.7646484375
0.736328125
-0.1296386719
-0.4831542969
-0.1563720703
-1.256835938
0.5952148438
-0.6240234375
0.6372070312
1.865234375
-0.7094726562
0.2110595703
0.4865722656
0.880859375
0.04449462891
0.75
-0.994140625
0.3708496094
0.07019042969
1.169921875
0.2301025391
-0.5874023438
-0.5541992188
-0.873046875
-0.34765625
-0.8125
-0.1155395508
-0.8974609375
-0.07885742188
-0.4655761719
0.02174377441
-1.376953125
0.03219604492
-0.14453125
-0.09143066406
-0.9331054688
0.5131835938
1.084960938
0.6704101562
-0.3728027344
-0.5629882812
0.6811523438
1.721679688
1.118164062
1.20703125
-0.05233764648
0.517578125
-1.518554688
0.5200195312
0.9072265625
-0.3642578125
0.7983398438
0.8217773438
-1.065429688
0.7963867188
-0.3659667969
-0.2192382812
1.239257812
0.9409179688
-1.510742188
-0.7490234375
0.9936523438
0.6088867188
-2.21484375
-0.4389648438
2.478515625
-0.01728820801
-0.478515625
0.7700195312
-0.46875
1.509765625
1.325195312
0.4763183594
0.3247070312
-2.171875
2.041015625
1.33203125
-0.02583312988
-0.6713867188
0.845703125
1.16796875
0.2071533203
1.993164062
-1.63671875
0.6875
-1.84375
-0.1038208008
-0.8935546875
1.639648438
-0.4499511719
-0.2219238281
-2.173828125
-0.55078125
0.4436035156
-0.5991210938
-0.1539306641
0.3500976562
-1.733398438
-1.594726562
-0.1822509766
-0.5620117188
-0.4279785156
0.7670898438
0.9370117188
0.7387695312
0.8989257812
2.966796875
1.130859375
1.961914062
0.1793212891
1.994140625
0.1950683594
1.70703125
1.602539062
-0.2270507812
0.08801269531
0.6518554688
-0.25
-1.245117188
1.05078125
0.1674804688
-0.0005602836609
-0.7905273438
-0.3596191406
-1.39453125
-1.909179688
-1.752929688
-1.079101562
-0.8701171875
-0.982421875
-1.3125
0.3159179688
0.7983398438
0.2094726562
-0.4802246094
-0.865234375
1.637695312
-0.7065429688
0.3049316406
0.4533691406
1.579101562
0.4340820312
-1.439453125
-1.034179688
-0.06420898438
-0.48828125
-0.919921875
-0.9560546875
-1.177734375
2.005859375
1.041992188
0.4975585938
-0.6215820312
-1.111328125
0.7084960938
-1.130859375
-0.1567382812
1.046875
-0.71484375
0.1365966797
-0.3444824219
0.9516601562
1.408203125
1.244140625
-0.5297851562
-0.353515625
1.0625
0.1427001953
0.4313964844
0.09936523438
2.40234375
0.521484375
-1.471679688
0.4553222656
-0.3095703125
-0.9477539062
0.03019714355
0.4204101562
1.330078125
0.2829589844
0.4929199219
-0.7407226562
0.5405273438
-1.766601562
1.879882812
-0.3005371094
-1.219726562
-0.6313476562
0.008460998535
0.1920166016
-0.5942382812
-0.2795410156
-0.1557617188
-1.565429688
-0.1212158203
-1.801757812
0.2685546875
-0.09759521484
-0.5048828125
0.8813476562
0.3864746094
-0.01742553711
0.1121826172
0.02299499512
-0.4213867188
0.4592285156
0.3605957031
-0.6762695312
-0.1865234375
0.3095703125
-1.77734375
-0.03021240234
-0.494140625
0.5200195312
0.1555175781
-0.8286132812
-1.62890625
-0.4279785156
1.955078125
-1.63671875
-0.7373046875
0.9575195312
0.2095947266
1.153320312
-1.578125
1.549804688
-1.262695312
-0.6899414062
-0.3132324219
-0.5502929688
0.6518554688
-0.8286132812
-0.68359375
1.904296875
-0.7197265625
0.2517089844
1.41015625
-0.3820800781
-1.541015625
1.059570312
0.6240234375
0.7583007812
0.7392578125
-1.11328125
-0.732421875
0.6796875
1.263671875
0.5991210938
-0.927734375
-0.2099609375
-0.8837890625
-0.763671875
0.1551513672
-1.181640625
-0.3046875
-0.0456237793
-0.7563476562
0.85546875
-1.533203125
-2.63671875
-1.854492188
-0.3625488281
-0.6791992188
-0.6801757812
-0.4653320312
-0.5712890625
1.576171875
0.5278320312
-0.1323242188
-0.2673339844
0.03997802734
-0.880859375
-0.3471679688
-2.259765625
1.018554688
2.576171875
-0.9624023438
-1.966796875
0.509765625
-0.19140625
-0.1413574219
-0.3168945312
0.4379882812
0.798828125
0.4311523438
-0.6640625
-0.1483154297
1.0625
-0.8784179688
0.1788330078
0.1239624023
0.04489135742
-0.9790039062
-0.1583251953
0.2590332031
-0.5883789062
0.1042480469
-2.45703125
0.06884765625
1.193359375
-0.3835449219
-0.5297851562
0.365234375
0.8427734375
1.467773438
-0.2263183594
-0.9243164062
0.9575195312
-0.6884765625
0.6879882812
0.4399414062
-1.15234375
-0.3017578125
1.048828125
-0.3020019531
-0.2680664062
0.580078125
-0.1018066406
0.7109375
-1.55859375
0.6943359375
-1.029296875
-1.2578125
0.8154296875
0.09448242188
0.6826171875
-0.4538574219
0.7749023438
-2.427734375
-0.4580078125
0.08477783203
2.015625
0.8325195312
0.3725585938
-0.3059082031
-1.482421875
-1.26953125
0.841796875
-0.7719726562
-1.450195312
1.35546875
-0.6743164062
0.470703125
2.404296875
-0.7495117188
0.1359863281
-2.009765625
0.9165039062
-0.6337890625
-1.456054688
0.7749023438
1.905273438
0.4399414062
-0.9814453125
0.3764648438
-0.8022460938
-0.2937011719
1.772460938
0.008270263672
-0.6342773438
0.3479003906
-0.771484375
-0.12890625
1.099609375
0.8813476562
1.245117188
0.580078125
2.26953125
-1.891601562
-0.09417724609
-0.6474609375
0.1434326172
-0.365234375
-0.1728515625
-0.5131835938
1.3203125
-1.087890625
0.6420898438
0.6928710938
0.7407226562
0.2425537109
0.6533203125
-1.602539062
1.634765625
-0.08532714844
1.065429688
-0.361328125
0.541015625
-0.1571044922
-1.71484375
0.1329345703
0.07843017578
-0.2448730469
0.3837890625
-1.056640625
0.1951904297
1.291992188
0.3542480469
-1.458984375
-0.619140625
0.6591796875
0.1320800781
-0.8779296875
-1.828125
-0.6665039062
0.556640625
-0.1357421875
-0.9536132812
0.00183391571
-1.44921875
-0.01438140869
0.3728027344
-0.6572265625
0.8076171875
0.3828125
-0.4890136719
-0.3442382812
0.3376464844
-0.6616210938
0.5830078125
0.3798828125
-1.094726562
-0.900390625
2.548828125
2.712890625
-0.1995849609
0.6005859375
-0.21875
0.7309570312
0.78515625
-0.1072387695
0.8041992188
-1.50390625
-0.9462890625
-1.1875
-0.34375
0.7368164062
0.4985351562
-0.611328125
-1.349609375
-1.676757812
0.5249023438
0.9165039062
1.493164062
0.8149414062
0.42578125
-0.34375
0.2340087891
0.04321289062
-0.6411132812
0.478515625
-0.3303222656
0.3276367188
0.3742675781
0.2905273438
0.1704101562
0.2434082031
-0.2924804688
1.346679688
1.439453125
-0.3696289062
-1.184570312
0.7490234375
0.1871337891
0.130859375
-0.3552246094
2.083984375
-0.04180908203
1.46484375
0.3674316406
0.7680664062
0.09497070312
0.9921875
0.1343994141
-1.958984375
-0.1123657227
2.13671875
-1.353515625
-0.9584960938
0.94921875
0.4213867188
1.782226562
0.2088623047
-1.110351562
0.2741699219
0.02912902832
1.561523438
-0.8432617188
0.2514648438
0.873046875
0.3715820312
-0.3264160156
0.1790771484
-0.4123535156
0.1134033203
0.8090820312
0.5283203125
-0.1904296875
-0.748046875
2.2578125
-0.5263671875
-0.124206543
-0.8540039062
-0.611328125
-0.580078125
-1.123046875
0.09991455078
0.2370605469
-0.7763671875
-0.6625976562
-0.6616210938
0.9609375
-0.7626953125
-0.6674804688
-0.5288085938
2.140625
0.42578125
1.750976562
-0.8256835938
0.5122070312
0.2061767578
0.478515625
-0.08795166016
-1.41796875
0.5517578125
-1.158203125
-1.228515625
-0.3125
-1.841796875
-0.205078125
-0.6254882812
0.3806152344
0.890625
-0.09771728516
0.4072265625
-0.008163452148
-0.2364501953
1.225585938
0.3615722656
1.245117188
1.034179688
-0.02821350098
1.57421875
-0.7280273438
-0.5708007812
-1.174804688
-0.03179931641
0.7407226562
-0.1065063477
-1.086914062
1.094726562
-0.8349609375
-1.506835938
0.2553710938
0.2410888672
0.966796875
1.302734375
0.80859375
-1.522460938
-0.2114257812
-0.05395507812
-0.112121582
0.6494140625
0.3251953125
-0.07592773438
0.4289550781
0.546875
0.1479492188
0.2175292969
1.11328125
1.694335938
-0.2196044922
0.2775878906
-0.2873535156
-1.798828125
0.4633789062
0.4296875
0.5361328125
-0.04833984375
0.1470947266
2.158203125
0.2266845703
-1.225585938
-0.9399414062
-1.90234375
-0.6528320312
-0.2014160156
-0.5786132812
0.482421875
-0.4304199219
0.3063964844
-1.374023438
0.6962890625
-1.109375
-0.4020996094
0.6435546875
0.1976318359
-0.1508789062
-0.96484375
-0.1182250977
1.107421875
-0.513671875
1.889648438
-0.9365234375
-0.9926757812
0.5717773438
1.948242188
-1.20703125
-0.6142578125
0.7021484375
-0.572265625
-1.200195312
-1.564453125
1.125976562
-0.5888671875
-1.201171875
0.5234375
-2.3515625
-2.162109375
0.93359375
1.702148438
0.2216796875
1.430664062
0.2509765625
-0.9521484375
-0.06970214844
-0.04824829102
0.779296875
0.02159118652
1.544921875
0.4116210938
1.576171875
-0.1245727539
0.2873535156
0.4787597656
-1.693359375
0.8291015625
1.393554688
0.4594726562
0.1589355469
-0.3037109375
-0.03637695312
-0.5952148438
-0.2541503906
0.2003173828
1.264648438
-0.7739257812
0.5317382812
0.6850585938
-0.7553710938
-0.8745117188
0.9008789062
-0.05578613281
1.125
0.728515625
-1.049804688
1.858398438
1.37890625
-0.6157226562
-1.576171875
0.650390625
0.4978027344
-0.5185546875
-0.3786621094
-1.130859375
1.334960938
2.787109375
0.08288574219
-0.2364501953
0.4558105469
-0.08074951172
-0.4475097656
-1.033203125
0.5263671875
-0.3403320312
-0.658203125
0.9697265625
0.2917480469
0.1915283203
-2.35546875
-1.947265625
-0.007617950439
1.09375
-0.603515625
-0.89453125
-0.904296875
-0.443359375
-0.634765625
-1.610351562
-0.1925048828
-0.006675720215
0.57421875
0.7958984375
-1.142578125
-0.5922851562
-0.4792480469
-0.1469726562
-0.05282592773
1.420898438
-0.2614746094
1.026367188
2.28515625
0.04080200195
0.8989257812
0.5224609375
1.329101562
-0.6215820312
-0.8852539062
0.2452392578
-1.797851562
0.7939453125
-0.7509765625
1.767578125
-1.086914062
1.5234375
0.314453125
0.2580566406
-0.4462890625
-0.34765625
-0.003799438477
-0.2614746094
1.41796875
0.5112304688
0.1462402344
-0.1793212891
1.586914062
0.7133789062
1.924804688
1.348632812
-1.159179688
1.178710938
0.1378173828
-1.553710938
0.7392578125
-1.85546875
0.2609863281
-0.5458984375
-0.5102539062
0.6958007812
0.720703125
-1.533203125
0.6411132812
-0.4074707031
-1.55859375
-0.2320556641
0.5307617188
-0.7172851562
0.3828125
0.8642578125
0.8227539062
0.04632568359
-1.157226562
-0.8017578125
0.004196166992
-1.001953125
-0.59765625
-1.510742188
0.8735351562
0.005249023438
-0.2370605469
-0.9658203125
0.958984375
0.9155273438
-0.02726745605
1.124023438
0.1242675781
0.1895751953
0.6586914062
0.3310546875
-0.1733398438
1.796875
-0.8876953125
1.006835938
1.143554688
0.5756835938
0.9345703125
0.6381835938
0.4848632812
-0.1343994141
-0.9448242188
-0.9829101562
1.615234375
0.0810546875
1.067382812
-0.345703125
-0.14453125
-0.03500366211
-0.59765625
-1.775390625
0.1296386719
-0.56640625
1.177734375
0.734375
-0.8530273438
1.109375
1.25390625
-0.1154785156
-0.4799804688
-0.1531982422
0.537109375
-0.9858398438
-2.421875
0.4697265625
-0.96484375
-0.666015625
-0.203125
-0.279296875
-0.8422851562
1.19140625
0.6333007812
0.5078125
1.287109375
1.2421875
0.8740234375
1.956054688
-0.1932373047
0.8862304688
0.7197265625
1.982421875
-0.6098632812
-1.452148438
0.2687988281
1.041015625
-0.1057739258
-0.3227539062
0.1466064453
-2.58984375
0.7973632812
0.1745605469
-0.576171875
-0.2893066406
0.4482421875
0.02420043945
-1.166992188
-1.252929688
-0.008972167969
-1.708984375
-0.8383789062
-0.5947265625
-1.770507812
0.68359375
1.50390625
-1.59765625
-0.6401367188
-1.046875
1.064453125
-1.279296875
0.7075195312
1.3125
0.4682617188
-2.33203125
-0.01094055176
-0.3137207031
-0.6513671875
-0.2093505859
1.092773438
0.8125
-1.673828125
1.672851562
1.331054688
0.2283935547
-2.07421875
-0.6040039062
1.002929688
-0.7270507812
0.04223632812
-0.9291992188
-1.881835938
0.578125
-0.54296875
-0.5522460938
0.4365234375
2.1875
-0.4421386719
0.4650878906
-0.2126464844
-0.006706237793
2.34375
-1.413085938
-0.4467773438
-0.58984375
-1.596679688
1.4296875
0.3559570312
0.06970214844
0.4790039062
-1.150390625
-0.4963378906
0.275390625
1.809570312
1.227539062
2.306640625
0.8217773438
-1.131835938
-0.1473388672
-2.00390625
0.9892578125
-0.2573242188
2.01953125
-0.2805175781
0.4255371094
-1.731445312
-0.5830078125
-0.333984375
-0.7065429688
0.42578125
0.1372070312
-0.2717285156
-0.3024902344
-0.1112670898
0.2185058594
0.004005432129
-1.189453125
-0.7236328125
-0.6274414062
0.09069824219
-0.6176757812
0.2719726562
-0.623046875
0.01260375977
1.827148438
1.598632812
-0.06243896484
0.8505859375
-0.7421875
-1.505859375
-0.3090820312
0.5209960938
-0.5693359375
-0.8002929688
-0.03182983398
-0.7163085938
0.9331054688
-1.413085938
-0.560546875
-0.6025390625
0.2091064453
-0.5341796875
-0.8989257812
-0.8334960938
-0.7685546875
-0.9306640625
0.28125
1.223632812
0.8793945312
-2.162109375
0.6157226562
-0.91796875
1.891601562
-0.1534423828
1.173828125
0.1710205078
1.091796875
-0.1434326172
0.1381835938
0.6875
0.3618164062
-1.227539062
0.2839355469
-0.8774414062
0.1430664062
0.2917480469
-0.2346191406
1.672851562
1.153320312
-1.051757812
2.001953125
-0.1064453125
-0.1478271484
1.693359375
0.7622070312
0.1815185547
0.8618164062
0.7807617188
-1.036132812
-1.330078125
0.5444335938
0.30859375
1.708007812
1.614257812
-1.627929688
2.837890625
0.2663574219
0.7280273438
-0.6015625
-0.7578125
1.013671875
1.305664062
-1.40625
1.275390625
-0.5190429688
-1.198242188
-0.4345703125
-1.705078125
-0.1636962891
0.2788085938
-1.546875
-0.1129760742
0.650390625
0.03713989258
1.288085938
-0.1218261719
1.875
0.1456298828
0.4694824219
-0.8984375
-0.0634765625
0.3388671875
1.3515625
0.3542480469
-1.706054688
-0.2362060547
-1.28515625
0.7778320312
0.07250976562
0.59375
0.9033203125
0.1235961914
0.7548828125
-2.025390625
0.7924804688
0.4538574219
-0.03707885742
0.623046875
-1.6328125
1.168945312
-0.25390625
0.6596679688
0.1403808594
0.7338867188
0.1221313477
0.9038085938
-0.7553710938
1.66015625
0.7231445312
-0.8471679688
0.2155761719
2.984375
0.4946289062
0.8471679688
-1.174804688
-1.288085938
-1.779296875
-0.03674316406
-0.7373046875
-0.1588134766
-0.6635742188
0.75390625
-0.2775878906
-0.5537109375
-2.015625
0.8774414062
-0.5327148438
1.969726562
-1.051757812
-0.4633789062
0.8955078125
-0.04040527344
-0.5649414062
1.625
-0.36328125
-2.033203125
0.765625
-1.43359375
-0.1315917969
0.6875
-0.7265625
-1.46484375
0.03735351562
0.3566894531
-0.82421875
-0.2998046875
-0.2392578125
1.116210938
-1.352539062
0.3544921875
0.1827392578
-0.1302490234
-1.243164062
-0.4699707031
0.5053710938
0.9663085938
1.486328125
-1.412109375
1.69140625
0.4704589844
0.6069335938
1.821289062
-0.498046875
-0.7021484375
1.022460938
-0.5473632812
0.5751953125
-0.09204101562
0.7353515625
-0.04098510742
-1.028320312
0.2819824219
0.9692382812
0.2036132812
-0.69140625
1.272460938
0.611328125
-2.16796875
-0.7978515625
-0.1878662109
1.192382812
1.216796875
0.5170898438
-1.697265625
-0.8764648438
0.240234375
-0.287109375
3.31640625
-0.8916015625
-1.427734375
0.3461914062
-0.9399414062
-0.6694335938
-0.2215576172
1.474609375
0.5913085938
-0.4948730469
-0.9462890625
-0.7890625
-0.1558837891
-0.4680175781
0.884765625
0.38671875
0.08251953125
0.6494140625
0.328125
-1.592773438
-0.6040039062
0.9614257812
1.046875
1.438476562
0.7548828125
0.5375976562
-0.5322265625
-1.091796875
0.2568359375
-0.34765625
-0.07055664062
2.197265625
-1.037109375
0.9174804688
0.09075927734
0.5883789062
1.228515625
-1.209960938
0.5571289062
1.033203125
0.05023193359
-0.09130859375
0.6469726562
0.3024902344
-0.08032226562
0.06903076172
-0.1119995117
-0.6323242188
2.025390625
-1.662109375
0.9287109375
0.7265625
-0.04287719727
-0.634765625
-0.03948974609
-0.9360351562
0.6176757812
-1.094726562
0.5708007812
-0.9282226562
-1.466796875
-1.090820312
-0.7353515625
-1.505859375
-0.001865386963
0.9975585938
0.5595703125
1.84765625
1.1796875
-0.5024414062
-1.098632812
0.3449707031
-1.864257812
-2.1328125
-0.828125
-1.022460938
1.516601562
0.8041992188
-0.007740020752
-1.658203125
1.853515625
-0.6606445312
0.7563476562
-0.4458007812
-1.2109375
-0.7841796875
0.900390625
-0.4926757812
0.102722168
-1.073242188
0.9350585938
-0.2890625
0.00643157959
1.388671875
-0.2836914062
0.1677246094
1.151367188
2.8515625
-1.25390625
0.001396179199
-0.8369140625
-0.8618164062
0.9760742188
0.6313476562
-0.2700195312
0.8579101562
1.516601562
0.5190429688
1.456054688
-0.2744140625
-0.5815429688
0.6518554688
-1.435546875
1.651367188
0.3327636719
0.2866210938
-1.98828125
-1.649414062
0.9819335938
0.007400512695
0.6103515625
2.599609375
-0.1431884766
0.595703125
-0.720703125
-0.771484375
-0.78125
-1.6953125
-1.064453125
-1.752929688
0.8852539062
-1.091796875
-1.59765625
-0.3269042969
-0.7094726562
-0.07928466797
0.6772460938
0.501953125
1.047851562
0.4440917969
0.1156005859
-0.8647460938
0.05020141602
-2.037109375
0.3903808594
-1.15234375
-1.543945312
0.04446411133
0.6235351562
0.2978515625
-1.216796875
-0.9448242188
0.5161132812
0.8901367188
-0.2250976562
0.837890625
2.177734375
0.1318359375
1.715820312
-0.8481445312
0.146484375
1.059570312
-2.1171875
-0.7724609375
-0.1143188477
-1.614257812
-0.25390625
-0.02416992188
-0.5390625
0.4692382812
1.012695312
0.7983398438
-1.520507812
-0.1644287109
-1.447265625
1.098632812
0.6665039062
-0.6479492188
0.2973632812
0.03430175781
0.55078125
0.08502197266
-1.583984375
-0.6708984375
0.6025390625
0.7919921875
0.03421020508
-1.134765625
-0.1838378906
-0.9580078125
-0.1009521484
-0.2578125
-0.35546875
0.9516601562
-0.06134033203
-2.353515625
-0.7788085938
0.1530761719
0.2902832031
-2.552734375
0.4946289062
0.1098022461
-2.02734375
-1.708984375
-1.208984375
-0.1617431641
0.09460449219
1.748046875
-0.7270507812
0.01323699951
-0.7055664062
-0.07232666016
0.5366210938
0.3308105469
2.658203125
-0.3171386719
-1.9296875
-0.6450195312
0.615234375
0.2919921875
-0.1975097656
1.0078125
-0.5771484375
0.6733398438
-0.505859375
-0.3869628906
-0.845703125
-0.2275390625
-0.7973632812
-0.6782226562
0.02989196777
0.2375488281
0.44921875
-1.413085938
0.6684570312
-1.678710938
-0.6811523438
0.9409179688
-0.2780761719
-0.3188476562
1.649414062
-1.879882812
0.5107421875
0.4562988281
0.1951904297
-0.7446289062
-1.251953125
0.08056640625
-1.278320312
-0.02508544922
0.3095703125
0.2115478516
0.7197265625
0.345703125
-0.703125
0.8315429688
-0.1785888672
-0.5498046875
2.12109375
-0.4157714844
1.13671875
0.1934814453
0.02348327637
0.1929931641
-0.03948974609
-0.4086914062
1.775390625
1.4453125
-0.6030273438
1.223632812
0.100769043
-1.900390625
-0.6088867188
-1.416015625
-0.6118164062
0.3083496094
-0.6899414062
1.241210938
0.08197021484
0.06622314453
-0.8227539062
-0.5678710938
0.1257324219
-1.276367188
1.38671875
-0.2849121094
-0.8959960938
-1.947265625
-1.10546875
0.2330322266
1.26953125
0.8579101562
0.09014892578
0.84375
0.6162109375
-0.1530761719
0.3605957031
-0.7280273438
-0.494140625
-1.588867188
0.8623046875
-1.444335938
-1.282226562
-2.34765625
-0.5717773438
-1.297851562
-0.361328125
-0.4580078125
-0.4897460938
-0.03451538086
-0.1124267578
-1.047851562
-1.409179688
-0.5209960938
0.5043945312
0.1906738281
1.165039062
1.12109375
-0.1363525391
1.92578125
-0.8271484375
0.8676757812
-0.49609375
1.26953125
-0.0491027832
3.083984375
-1.298828125
-0.1834716797
1.049804688
0.1854248047
0.8017578125
-0.57421875
-1.1640625
1.491210938
-0.8940429688
1.813476562
0.3381347656
-0.1638183594
0.5981445312
0.6704101562
0.6220703125
1.287109375
0.9536132812
0.4255371094
-0.4392089844
-0.8461914062
0.8950195312
-1.02734375
0.1328125
2.298828125
0.4956054688
-0.2102050781
1.361328125
-0.7568359375
-0.8989257812
0.8564453125
1.0546875
-0.08770751953
-0.5634765625
0.1249389648
0.9555664062
2.265625
0.5288085938
0.3098144531
1.47265625
-0.4582519531
-0.4272460938
-0.2751464844
-0.6357421875
0.5512695312
1.48046875
0.466796875
-0.3647460938
1.553710938
1.189453125
0.3173828125
-0.1682128906
0.006713867188
-1.203125
-0.3706054688
-1.811523438
1.987304688
0.509765625
0.1857910156
-2.037109375
-0.9848632812
0.1339111328
0.4291992188
-1.720703125
0.67578125
0.421875
0.7348632812
-0.3513183594
-0.1348876953
0.1078491211
0.4643554688
1.703125
0.5434570312
-1.360351562
-0.4279785156
-1.010742188
0.140625
-1.99609375
-0.8422851562
-0.1184692383
0.3425292969
-0.7885742188
-0.3950195312
0.1882324219
-0.1378173828
0.638671875
-0.2626953125
-0.6279296875
-0.1232910156
-0.623046875
-0.02439880371
-0.3408203125
0.2807617188
-0.3842773438
0.3422851562
-0.6352539062
0.1961669922
1.428710938
0.6508789062
1.004882812
2.96484375
-1.981445312
0.5170898438
0.7861328125
0.03436279297
0.8598632812
-1.284179688
0.2353515625
-0.5356445312
-0.01457214355
-1.483398438
-0.3645019531
1.340820312
0.9643554688
-0.9208984375
-1.115234375
-0.1190795898
-1.083007812
2.08984375
1.244140625
-0.6645507812
1.202148438
-0.1202392578
-0.7797851562
0.1060180664
-0.4450683594
0.2692871094
0.1947021484
4.05078125
-0.318359375
-2.13671875
-1.076171875
0.2924804688
0.8720703125
-0.91796875
-0.6259765625
1.010742188
0.66015625
-0.5541992188
0.2237548828
-0.837890625
-0.986328125
-1.547851562
1.666992188
0.3337402344
0.8208007812
1.260742188
-1.001953125
1.252929688
0.03402709961
0.935546875
1.015625
-0.90625
2.24609375
-2.224609375
0.1352539062
0.8530273438
0.869140625
0.1236572266
1.862304688
-1.677734375
-1.067382812
-0.6157226562
0.775390625
-1.513671875
1.088867188
-0.3337402344
-0.7221679688
0.67578125
2.103515625
0.7065429688
0.2299804688
-0.8515625
-0.58984375
1.0625
2.345703125
-2.349609375
0.6401367188
1.482421875
-1.336914062
0.08947753906
-0.1110229492
-0.9389648438
0.5048828125
0.1013793945
-0.02880859375
-0.2380371094
-1.16796875
-0.4575195312
0.6875
1.568359375
1.698242188
-0.6259765625
-1.271484375
-0.1278076172
0.1500244141
1.131835938
-1.239257812
-1.0078125
0.2452392578
-1.930664062
-0.2208251953
0.2290039062
0.6162109375
0.41796875
-1.329101562
-1.323242188
-0.3251953125
-0.2663574219
-1.143554688
-0.7705078125
0.4614257812
2.25
1.565429688
0.5297851562
-0.09521484375
-1.481445312
0.1556396484
-0.5458984375
1.703125
0.568359375
0.9575195312
-1.215820312
-2.44140625
-1.0234375
-0.4145507812
-0.7861328125
1.047851562
0.3518066406
-1.079101562
-0.2534179688
1.450195312
1.286132812
-0.4145507812
0.08447265625
-0.3500976562
0.1237792969
-2.4765625
-0.04040527344
0.4455566406
-0.3686523438
-0.2719726562
1.05078125
0.9248046875
0.3173828125
-2.3984375
-1.6015625
0.03530883789
1.650390625
1.250976562
-0.6962890625
-0.5151367188
-0.3662109375
-0.3583984375
-0.05807495117
-0.9096679688
-0.6293945312
0.2502441406
-0.880859375
-0.1936035156
-0.5532226562
0.6069335938
-0.8081054688
0.9599609375
0.2242431641
-0.7885742188
0.07824707031
-0.1239624023
0.3381347656
0.8041992188
0.2275390625
-0.4089355469
-0.2069091797
0.2182617188
1.325195312
0.1590576172
0.1877441406
-2.056640625
-1.059570312
1.55078125
0.4177246094
-1.479492188
0.2705078125
-0.5014648438
1.958007812
-0.4714355469
-1.838867188
-1.381835938
-0.1984863281
1.565429688
-0.8818359375
-0.7397460938
0.5063476562
-1.243164062
-0.1483154297
0.3291015625
0.7280273438
0.6333007812
-0.7133789062
-1.411132812
-0.3493652344
0.5087890625
-0.212890625
-0.4152832031
0.93359375
1.650390625
0.9643554688
0.904296875
0.576171875
1.547851562
0.3115234375
-1.779296875
-1.368164062
0.1729736328
-0.7114257812
0.3388671875
-0.06677246094
-0.3117675781
-1.276367188
-1.715820312
-0.9018554688
-1.118164062
-0.3801269531
2.373046875
1.69921875
-0.4006347656
0.5747070312
-0.2391357422
1.264648438
-0.951171875
-0.3903808594
-1.256835938
1.193359375
-0.9331054688
-0.5078125
-0.431640625
0.9575195312
-1.177734375
0.04891967773
0.4150390625
-1.19140625
1.2421875
0.4787597656
-0.1182250977
0.4609375
-1.418945312
-1.455078125
-1.053710938
-0.1154174805
0.1896972656
-0.6508789062
0.5346679688
-0.9194335938
-0.2795410156
-1.911132812
0.9482421875
1.072265625
-0.09436035156
-1.66796875
-1.123046875
-0.1032104492
-1.0390625
0.7163085938
1.490234375
0.4460449219
-0.07135009766
1.451171875
0.3051757812
0.9711914062
0.6669921875
0.3930664062
-0.5263671875
-0.07025146484
0.08422851562
-1.147460938
-1.159179688
-1.029296875
-0.1477050781
0.2563476562
-1.147460938
0.5668945312
-0.9594726562
-0.3500976562
-0.9619140625
-1.759765625
-1.2734375
0.09436035156
-1.129882812
-0.1024780273
-1.081054688
-0.7543945312
-1.194335938
-0.1263427734
0.4829101562
0.2039794922
-0.1130371094
-0.3354492188
-0.6645507812
-0.572265625
-0.193359375
-0.6264648438
-0.728515625
1.375976562
1.674804688
0.008842468262
0.6352539062
1.490234375
1.67578125
0.921875
-1.806640625
-0.6748046875
0.4692382812
-1.040039062
-1.685546875
1.010742188
-0.798828125
0.05255126953
1.220703125
0.7158203125
0.5625
0.4692382812
-0.02359008789
0.265625
0.2391357422
-0.9321289062
0.08782958984
1.166992188
0.2761230469
-2.802734375
0.8310546875
-1.5390625
-1.259765625
-1.131835938
-0.1871337891
-0.4030761719
0.1146850586
-0.1578369141
0.4379882812
0.2680664062
0.4692382812
-0.2189941406
-0.1061401367
1.303710938
-0.8837890625
-0.2269287109
-3.82421875
0.9375
1.150390625
0.7143554688
-1.11328125
0.4772949219
0.2395019531
1.047851562
-0.8427734375
-0.002288818359
-0.03771972656
0.89453125
0.3762207031
1.629882812
1.600585938
1.678710938
-0.5258789062
0.3215332031
1.262695312
-0.5546875
-2.056640625
-0.5161132812
-0.0228729248
-0.7924804688
0.2214355469
-0.15234375
-1.174804688
1.694335938
1.486328125
1.7109375
1.4375
0.3676757812
1.345703125
0.9501953125
-0.3471679688
-0.966796875
0.2139892578
-0.7368164062
1.514648438
-0.6625976562
0.9775390625
-0.02754211426
0.3833007812
-1.7734375
-0.9047851562
0.8779296875
-1.391601562
0.3347167969
-0.3857421875
-2.521484375
1.323242188
-0.4985351562
1.50390625
2.240234375
-0.6752929688
0.01526641846
0.8720703125
0.2722167969
-0.6669921875
-1.321289062
0.8266601562
-0.4711914062
-1.192382812
1.88671875
0.3459472656
0.6552734375
0.4399414062
0.8950195312
0.763671875
0.8442382812
1.130859375
0.486328125
-1.131835938
-0.2401123047
-2.591796875
-1.202148438
0.8408203125
0.330078125
0.9995117188
-1.037109375
-0.4028320312
-1.123046875
-0.2486572266
-1.83984375
-0.7622070312
0.4245605469
-0.7919921875
-0.6884765625
0.04174804688
-1.107421875
-0.01081848145
0.4572753906
-0.01515960693
-0.2717285156
0.02767944336
0.958984375
0.2424316406
-1.98046875
0.9975585938
-0.607421875
0.314453125
0.7421875
-0.02359008789
-1.220703125
-1.126953125
0.3254394531
-0.3930664062
-0.2135009766
-0.880859375
0.92578125
1.9375
-1.59765625
-1.689453125
-0.2006835938
0.68359375
-1.473632812
0.2827148438
0.603515625
-0.6640625
-1.548828125
-0.2147216797
2.2421875
-0.6762695312
-2.703125
0.4907226562
0.5546875
1.328125
0.6821289062
-2.62109375
-0.6240234375
0.3061523438
-1.180664062
-0.3356933594
0.6923828125
-0.7329101562
-0.4252929688
-0.384765625
-0.880859375
2.046875
-0.47265625
-0.4685058594
0.283203125
-1.025390625
0.689453125
1.53515625
0.171875
-0.86328125
0.09069824219
0.78125
0.6611328125
-0.361328125
1.653320312
0.3266601562
0.6342773438
2.53125
0.5825195312
-0.7153320312
0.74609375
0.609375
-0.09552001953
-2.2109375
-0.3820800781
-1.50390625
0.8344726562
-1.404296875
-0.7001953125
0.1774902344
0.2384033203
0.2440185547
1.700195312
-2.158203125
-0.1270751953
-0.1533203125
0.08666992188
-1.494140625
1.177734375
-1.243164062
-0.640625
2.21484375
-0.984375
0.8344726562
-0.08526611328
0.6372070312
1.872070312
-0.8911132812
-0.4753417969
-0.3200683594
0.3283691406
-0.4467773438
0.2629394531
1.006835938
1.049804688
1.043945312
1.666992188
-0.003496170044
0.6166992188
-0.2590332031
-0.662109375
-0.2039794922
-1.176757812
0.345703125
0.587890625
-1.04296875
0.51953125
-0.1502685547
-0.1356201172
0.4838867188
1.723632812
0.806640625
0.412109375
1.521484375
-0.4704589844
-0.818359375
0.7485351562
-2.150390625
1.130859375
-0.02296447754
-0.7744140625
1.348632812
-0.1064453125
0.2012939453
-0.830078125
0.7290039062
0.3315429688
0.09729003906
-0.2951660156
-1.197265625
-0.6801757812
1.248046875
0.1629638672
1.44921875
-0.9287109375
-0.1292724609
0.060546875
0.4086914062
2.078125
-0.6254882812
0.8017578125
1.124023438
0.9033203125
1.119140625
1.213867188
-0.5708007812
0.01219940186
0.5302734375
-1.30859375
0.3034667969
-1.26171875
-0.02252197266
-0.1798095703
1.135742188
1.608398438
-0.09582519531
-0.6943359375
0.1806640625
-0.5170898438
-0.8579101562
1.409179688
-0.6640625
1.051757812
-0.2885742188
-0.1453857422
-0.23828125
0.3798828125
-1.299804688
0.3623046875
1.625
-0.9448242188
0.3642578125
0.6713867188
-0.005634307861
1.897460938
0.5786132812
0.08306884766
-0.102355957
-0.5146484375
0.2213134766
1.104492188
0.1716308594
-0.3901367188
0.7758789062
1.204101562
0.01969909668
-0.7944335938
0.6684570312
-0.3005371094
0.4013671875
0.7211914062
-0.7880859375
0.7622070312
0.3068847656
-0.994140625
0.4033203125
0.4543457031
-0.6899414062
0.3500976562
-0.9526367188
-0.7622070312
-0.08410644531
0.4489746094
0.4636230469
1.263671875
-0.4770507812
0.1354980469
0.02014160156
-0.1934814453
1.587890625
0.318359375
-0.5590820312
1.9375
0.06216430664
0.287109375
0.87109375
-1.607421875
-0.07086181641
0.9008789062
1.174804688
-0.5615234375
-0.7182617188
-0.640625
0.09747314453
0.658203125
0.002679824829
-0.1118164062
-0.689453125
-0.03820800781
-0.7578125
-0.8935546875
0.3269042969
0.2049560547
2.607421875
0.7905273438
0.121887207
-1.86328125
-0.3342285156
2.517578125
-1.112304688
-0.5625
-1.305664062
0.2497558594
-0.9692382812
-0.3908691406
-0.5625
-0.8256835938
-0.6499023438
0.8920898438
0.1184082031
-0.7353515625
0.05590820312
1.689453125
-0.7465820312
1.016601562
0.1716308594
-1.081054688
-0.923828125
-0.009452819824
0.06524658203
0.51171875
-1.252929688
0.2005615234
0.2595214844
0.3488769531
0.751953125
0.76171875
-1.018554688
-0.1580810547
0.4228515625
-1.307617188
0.6723632812
0.501953125
-1.129882812
-0.1352539062
1.250976562
0.5483398438
1.666992188
-1.177734375
-0.9975585938
1.606445312
1.250976562
0.4912109375
1.571289062
1.8515625
0.1409912109
-1.770507812
-1.2890625
-0.4309082031
0.705078125
0.5205078125
-0.8354492188
-1.931640625
0.07025146484
-1.204101562
-0.984375
-0.06207275391
-0.5610351562
-0.1187133789
-1.913085938
0.01425170898
0.3591308594
0.1599121094
0.7534179688
-1.013671875
0.1876220703
1.3828125
1.12109375
0.7407226562
-0.3637695312
-0.2993164062
-0.9516601562
0.7475585938
0.007942199707
1.247070312
-0.4907226562
0.2316894531
-0.4599609375
-0.5551757812
1.34375
-0.6318359375
0.5966796875
-0.6455078125
-0.568359375
0.5776367188
-2.259765625
-0.5224609375
-0.4096679688
0.9223632812
-0.6870117188
1.920898438
0.5703125
2.16796875
-1.009765625
-0.2783203125
0.2288818359
0.3122558594
-1.435546875
-1.06640625
0.4125976562
1.166015625
0.3273925781
0.2727050781
-0.1153564453
1.4609375
0.2044677734
-0.921875
0.8432617188
-0.3276367188
0.46875
-0.263671875
1.033203125
-0.55078125
-1.096679688
-1.803710938
0.1982421875
-0.5297851562
-0.3225097656
0.8193359375
0.7192382812
1.677734375
-0.2409667969
2.609375
0.6225585938
0.515625
1.067382812
0.2204589844
-1.6484375
-0.4716796875
-0.9624023438
1.061523438
1.106445312
-0.2661132812
-0.5034179688
1.221679688
0.9770507812
-1.514648438
-0.5703125
0.4306640625
0.09674072266
0.3256835938
0.02992248535
1.498046875
-0.5283203125
-1.481445312
0.2121582031
1.256835938
-0.1927490234
0.7983398438
0.3486328125
0.2917480469
-0.2922363281
0.8466796875
0.7143554688
-0.0403137207
-0.4348144531
1.1484375
-0.552734375
0.859375
-1.374023438
0.728515625
-0.00691986084
1.807617188
0.4187011719
-0.6264648438
-1.171875
-0.833984375
-0.09283447266
-3.322265625
-0.4445800781
-2.35546875
0.4118652344
0.3962402344
2.7265625
-0.6196289062
2.572265625
0.007904052734
0.4602050781
-1.067382812
-0.23046875
-2.166015625
-0.1796875
-1.06640625
0.4304199219
1.411132812
0.4792480469
0.3681640625
1.114257812
0.6362304688
-1.23828125
-0.2227783203
-0.07366943359
-0.87109375
0.8232421875
-1.879882812
0.6669921875
-0.6616210938
-0.1217651367
-1.525390625
-0.9306640625
0.5810546875
-0.1291503906
0.9194335938
-0.7680664062
-1.161132812
-1.018554688
-0.291015625
1.01953125
0.5390625
1.451171875
0.8706054688
-0.5068359375
1.0625
1.247070312
0.8559570312
1.639648438
-0.1181640625
1.84375
-0.9711914062
-1.022460938
-0.4946289062
-0.3510742188
1.090820312
-0.2763671875
1.98828125
-0.9799804688
-0.07635498047
-0.7436523438
0.7954101562
1.37109375
0.5483398438
-0.2561035156
0.1181030273
1.0703125
-2.916015625
0.1729736328
0.4951171875
-1.018554688
0.05737304688
-0.3051757812
0.6694335938
1.0703125
-0.2260742188
-0.1429443359
0.4738769531
1.969726562
1.142578125
0.6435546875
-0.07153320312
-1.6953125
-0.1130981445
-0.4191894531
0.6381835938
2.287109375
-1.671875
-1.836914062
-0.7138671875
-0.1579589844
0.1221923828
0.05743408203
-0.6625976562
1.633789062
0.6772460938
-0.5551757812
-1.901367188
-0.3115234375
-0.6596679688
0.5380859375
-0.9560546875
2.232421875
-0.05920410156
0.07922363281
-0.4052734375
-0.09393310547
-1.01953125
0.55078125
-1.997070312
0.279296875
-0.8579101562
-1.454101562
-1.216796875
0.106628418
1.009765625
1.754882812
-0.3471679688
0.1876220703
-0.3957519531
-1.705078125
-0.6098632812
-0.548828125
0.76171875
-0.9838867188
-0.9306640625
-1.577148438
0.3483886719
0.4309082031
0.4892578125
-0.1422119141
-1.072265625
-0.3098144531
1.5078125
-0.7680664062
-2.16015625
-0.4008789062
-0.2414550781
0.7495117188
-0.66796875
-0.04187011719
0.5361328125
1.649414062
-1.672851562
0.2307128906
1.055664062
1.391601562
-1.10546875
-1.651367188
-0.8120117188
-0.06158447266
-1.373046875
-0.6240234375
0.1616210938
-0.1553955078
0.86328125
0.7309570312
-1.5546875
0.3310546875
0.5532226562
-0.5234375
-1.96875
-0.55078125
-0.3684082031
0.2736816406
-0.09283447266
0.2971191406
0.1153564453
-0.4521484375
1.2109375
-0.1740722656
1.115234375
0.60546875
-0.7890625
-2.0859375
0.2512207031
-2.408203125
0.1096191406
2.34375
1.646484375
1.048828125
0.7153320312
0.07623291016
0.02485656738
0.2039794922
-0.6010742188
-0.78125
-0.5947265625
0.9682617188
-2.15234375
0.6147460938
0.353515625
-0.6108398438
0.4870605469
1.932617188
0.06689453125
-0.4169921875
1.672851562
0.6274414062
2.359375
0.7836914062
-2.193359375
1.301757812
-0.3518066406
-0.3618164062
-0.4152832031
-0.5244140625
0.4196777344
0.8061523438
-1.161132812
-0.1784667969
-0.4953613281
0.2293701172
-0.3151855469
-0.03649902344
2.2734375
-0.08508300781
-0.7060546875
-0.634765625
0.5551757812
-2.484375
-0.583984375
0.91015625
-1.341796875
0.5615234375
-0.3293457031
-0.5795898438
-0.8325195312
-0.8608398438
-0.3249511719
0.06555175781
0.2395019531
-0.03009033203
0.2340087891
-0.9848632812
-1.409179688
-1.498046875
0.7016601562
2.779296875
-0.9443359375
0.06964111328
1.284179688
1.82421875
0.37890625
-0.3081054688
-0.7216796875
-0.6997070312
0.6293945312
-0.6337890625
-0.2797851562
0.01832580566
-0.607421875
0.4748535156
1.01171875
0.4116210938
-1.329101562
-0.4306640625
1.505859375
-1.196289062
-2.0546875
-1.13671875
0.9096679688
0.06646728516
0.51171875
-0.4509277344
0.7221679688
1.994140625
1.206054688
-0.1055908203
0.3828125
-0.8891601562
-0.3542480469
1.516601562
0.2648925781
-0.5219726562
-0.003381729126
0.007637023926
0.931640625
0.1575927734
-1.341796875
-0.1247558594
0.1357421875
-0.1158447266
1.224609375
-0.06982421875
1.3984375
1.330078125
-3.08203125
-0.7465820312
0.1584472656
0.1574707031
0.3881835938
0.4116210938
-0.8276367188
-0.02992248535
0.123046875
-0.908203125
2.544921875
0.3645019531
-0.673828125
-0.8159179688
-0.4929199219
0.8022460938
-0.1497802734
-0.05914306641
0.67578125
-0.5908203125
-1.34765625
-1.787109375
-0.09869384766
-0.3303222656
-0.3171386719
1.366210938
1.036132812
2.080078125
1.217773438
1.461914062
-1.64453125
-1.061523438
0.2047119141
-2.396484375
-1.041015625
0.4167480469
0.5932617188
1.241210938
1.40625
1.182617188
-0.8754882812
-0.106628418
-0.318359375
0.2631835938
2.208984375
0.04602050781
1.321289062
0.04040527344
0.5771484375
0.05123901367
0.7260742188
1.048828125
0.5263671875
0.1719970703
-0.1345214844
-0.7670898438
-0.6567382812
-0.6518554688
-1.134765625
2.80859375
0.3017578125
-1.520507812
1.151367188
-0.1309814453
-2.0703125
-0.2888183594
0.4660644531
0.4584960938
0.1822509766
1.279296875
-0.751953125
-0.8032226562
-1.21484375
0.6630859375
0.953125
-0.2602539062
-0.4331054688
-0.564453125
2.333984375
-0.6977539062
-0.697265625
-0.130859375
0.3474121094
0.1274414062
0.3051757812
-0.9140625
-0.4799804688
-0.03421020508
0.646484375
0.3647460938
0.3171386719
0.6821289062
2.31640625
-0.8090820312
0.1779785156
-1.293945312
-0.2315673828
-0.2551269531
-0.8330078125
-0.830078125
0.6650390625
0.4523925781
0.5727539062
0.607421875
-0.2563476562
1.619140625
0.2719726562
2.873046875
0.1606445312
-0.3022460938
1.23828125
-1.530273438
0.1568603516
-0.6201171875
0.6181640625
0.9145507812
-2.791015625
-0.6787109375
1.30859375
2.98828125
0.1842041016
0.5546875
0.5239257812
0.5546875
-0.55078125
1.211914062
-0.2172851562
-0.3977050781
2.3203125
0.7509765625
0.08129882812
1.583984375
2.591796875
0.4365234375
-0.02922058105
0.5717773438
0.607421875
0.1497802734
0.06207275391
1.196289062
1.66796875
0.939453125
-0.837890625
-0.7734375
-0.4577636719
-0.1531982422
-1.009765625
-1.072265625
0.65234375
-1.369140625
0.4694824219
0.6469726562
0.2303466797
-1.127929688
-0.8232421875
-0.05718994141
-0.4782714844
-1.153320312
-0.3298339844
-0.2888183594
-0.006923675537
1.359375
0.04840087891
0.1220703125
-0.7319335938
-0.3698730469
-0.5537109375
-0.9848632812
0.662109375
-0.1568603516
-1.538085938
0.06524658203
-0.5986328125
0.1133422852
1.233398438
0.337890625
-0.3212890625
0.4829101562
0.9819335938
0.5004882812
-1.139648438
1.243164062
-1.698242188
-2.23046875
0.01329803467
2.0546875
0.8564453125
-0.2978515625
1.1796875
-0.857421875
0.6708984375
-0.09106445312
0.28125
0.09906005859
-0.525390625
1.217773438
-0.8666992188
-0.2524414062
-1.166992188
0.3010253906
1.025390625
0.6352539062
1.108398438
0.5346679688
-0.4296875
-1.375976562
1.041992188
-0.87109375
-0.7192382812
1.021484375
0.01538848877
-0.7231445312
-1.103515625
-0.8740234375
0.3312988281
-2.298828125
0.6572265625
0.712890625
-0.3322753906
0.03875732422
0.3818359375
1.845703125
-2.2109375
0.5991210938
1.104492188
1.224609375
-1.809570312
0.06216430664
-0.4162597656
0.59765625
-0.8520507812
0.5043945312
2.060546875
-2.0078125
-2.466796875
-0.6186523438
-0.9663085938
-0.02813720703
-0.06579589844
-0.8012695312
-1.560546875
-0.03720092773
-0.9291992188
-1.923828125
0.4228515625
0.6557617188
-0.833984375
-1.229492188
1.227539062
0.4077148438
-0.3166503906
-2.140625
-0.7524414062
-0.1860351562
0.9462890625
-0.9321289062
-0.923828125
0.9897460938
-0.2025146484
-0.2668457031
-0.4672851562
-0.7392578125
0.5893554688
0.2159423828
1.453125
-1.763671875
1.64453125
0.3439941406
-0.4418945312
-0.712890625
2.10546875
0.3073730469
-0.2846679688
0.5043945312
-0.8505859375
0.2322998047
0.7924804688
0.2858886719
0.9516601562
-0.007392883301
0.09820556641
-0.7729492188
-0.3850097656
0.4899902344
1.237304688
-0.2124023438
-0.3747558594
-0.2993164062
0.7587890625
0.2785644531
-1.302734375
0.3874511719
-0.03350830078
-1.118164062
0.759765625
-0.3903808594
-1.047851562
0.1032104492
0.8369140625
0.1363525391
1.643554688
0.2456054688
0.076171875
1.71484375
0.008163452148
0.3972167969
-0.9296875
-0.6518554688
0.1374511719
0.0325012207
0.576171875
0.85546875
0.4255371094
0.1236572266
-0.7700195312
2.31640625
1.470703125
-0.2048339844
0.4077148438
0.01658630371
-1.651367188
0.06475830078
0.3024902344
-1.102539062
1.224609375
1.270507812
1.923828125
2.40234375
-0.1875
1.27734375
0.8271484375
-0.21875
-0.5302734375
-0.3029785156
-1.100585938
-1.267578125
1.30078125
-0.5922851562
-1.010742188
1.943359375
-0.5673828125
-1.905273438
-0.4611816406
1.517578125
0.2590332031
1.309570312
-0.2927246094
1.329101562
-0.02557373047
0.5668945312
-0.3041992188
-1.158203125
-0.008079528809
0.2456054688
0.2357177734
-1.103515625
-1.869140625
0.5512695312
-0.7534179688
0.8979492188
-1.247070312
0.106262207
0.3820800781
-1.271484375
-0.09802246094
0.509765625
-0.1737060547
-0.3068847656
1.524414062
1.528320312
0.7465820312
1.658203125
1.69140625
0.3713378906
1.52734375
0.3383789062
-0.82421875
0.01647949219
-0.3374023438
0.08905029297
0.2393798828
0.7260742188
0.8803710938
-0.1223754883
0.3928222656
0.912109375
-1.10546875
0.3735351562
1.58984375
-1.32421875
0.1782226562
1.743164062
0.1636962891
1.458984375
-1.623046875
-1.250976562
0.4741210938
1.604492188
1.229492188
1.125976562
-1.764648438
-0.9790039062
0.3837890625
1.379882812
-1.016601562
-0.412109375
-0.7802734375
0.7329101562
-0.06127929688
-0.6206054688
-0.8779296875
-0.1204833984
-1.06640625
-0.779296875
1.14453125
0.2717285156
-0.7490234375
-1.10546875
-0.8051757812
-1.41015625
-0.416015625
1.604492188
0.4814453125
-1.688476562
-1.431640625
-0.09936523438
-1.944335938
-0.744140625
0.8188476562
-0.5395507812
0.9692382812
0.3051757812
-0.904296875
0.578125
-1.4375
0.8408203125
0.5107421875
-0.62109375
-0.9970703125
0.6611328125
-0.1175537109
-0.1477050781
-0.1688232422
0.9301757812
-0.8247070312
0.7915039062
0.7954101562
-1.307617188
0.7553710938
-0.3662109375
1.00390625
0.857421875
-0.5610351562
0.5219726562
0.1661376953
0.6469726562
-0.6650390625
0.09808349609
0.1072387695
-0.8540039062
1.181640625
-0.9609375
-0.8032226562
1.50390625
-1.13671875
0.6342773438
-1.606445312
0.6557617188
0.2822265625
2.736328125
1.194335938
1.455078125
0.04736328125
-1.263671875
0.1132202148
-0.296875
-0.4682617188
-0.06555175781
-0.9780273438
1.056640625
0.3000488281
-0.8500976562
-0.3322753906
1.694335938
0.5805664062
0.4890136719
3.46875
-0.4797363281
-1.814453125
-1.607421875
-1.89453125
0.1953125
0.1079101562
-1.448242188
-0.578125
0.1630859375
1.553710938
2.044921875
0.7543945312
1.11328125
1.0390625
-1.18359375
-0.5537109375
-0.003797531128
2.255859375
-1.1484375
0.509765625
0.08837890625
0.2622070312
0.3081054688
0.8969726562
1.0234375
-0.3662109375
0.2766113281
0.9145507812
-0.8671875
-0.09167480469
0.1489257812
0.9497070312
-0.607421875
-1.698242188
0.1207275391
0.3937988281
0.1095581055
0.9038085938
-0.3757324219
-1.190429688
1.668945312
-1.422851562
-0.8168945312
0.587890625
0.83984375
0.3349609375
-1.932617188
-1.366210938
-0.103515625
2.650390625
0.2592773438
1.076171875
0.529296875
-1.317382812
-0.28125
0.8056640625
1.071289062
0.5336914062
-1.76953125
1.321289062
0.5981445312
0.06182861328
0.66796875
-0.01001739502
0.05139160156
0.5825195312
-0.6899414062
-0.5366210938
1.779296875
-0.0009565353394
1.053710938
0.6801757812
0.5288085938
-1.797851562
0.1429443359
0.2429199219
1.694335938
0.08599853516
0.59375
-1.395507812
-0.7529296875
-0.3137207031
-1.58203125
0.09619140625
0.638671875
0.4345703125
-0.5307617188
-0.2563476562
1.123046875
-2.373046875
1.206054688
-1.404296875
-0.5395507812
0.91015625
-0.8212890625
0.7421875
1.171875
0.9692382812
-0.6420898438
-1.120117188
-0.509765625
0.1286621094
1.53125
-0.008087158203
-0.5859375
-0.4191894531
-0.8364257812
0.2387695312
-0.9174804688
-0.04895019531
0.802734375
0.8237304688
0.2661132812
0.3959960938
0.06536865234
1.733398438
0.5913085938
-0.2944335938
-1.624023438
1.169921875
1.926757812
-1.765625
0.2602539062
-0.1584472656
-1.041992188
0.892578125
-1.938476562
0.8012695312
0.248046875
-0.8134765625
-0.9672851562
-1.461914062
-0.2061767578
1.208007812
0.4812011719
1.220703125
1.688476562
0.6474609375
0.1430664062
-0.09698486328
0.1015625
0.2980957031
-0.1076049805
1.63671875
2.044921875
-1.51953125
1.287109375
-1.088867188
-0.1026611328
1.586914062
-0.6298828125
-0.5087890625
0.615234375
-0.4184570312
-0.6484375
1.041992188
0.5810546875
0.9487304688
-0.2702636719
-1.103515625
0.6513671875
-0.6103515625
0.1500244141
1.416992188
-0.7749023438
-0.81640625
-1.225585938
-0.8540039062
-0.04223632812
0.576171875
0.5283203125
1.288085938
1.829101562
-0.4377441406
-0.669921875
0.1519775391
-2.375
0.3063964844
1.078125
-0.1466064453
0.4506835938
-1.118164062
-0.3049316406
0.5244140625
-0.4526367188
0.3190917969
-0.703125
-1.098632812
-1.08203125
2.0625
-0.6796875
0.3344726562
1.201171875
-0.06402587891
-1.1015625
-1.7890625
-0.8681640625
-1.150390625
0.1807861328
-0.2205810547
-0.4592285156
0.6865234375
-1.091796875
-2.11328125
0.01750183105
-0.6171875
0.9516601562
1.451171875
-0.9228515625
0.3251953125
-0.9194335938
-0.9711914062
0.7182617188
0.3239746094
0.3818359375
1.206054688
-1.260742188
-0.4580078125
-0.09802246094
-0.1612548828
0.453125
-1.1015625
-0.8081054688
-1.30078125
-1.05078125
-0.8383789062
-0.2218017578
0.8081054688
0.3168945312
1.759765625
-1.379882812
0.3325195312
-0.4458007812
-1.176757812
-0.1297607422
0.2087402344
-0.1376953125
-0.01364898682
-0.849609375
-0.5498046875
0.34765625
-1.30078125
-0.7143554688
1.313476562
0.8276367188
1.047851562
-0.4514160156
-0.3762207031
0.7451171875
-0.3024902344
2.228515625
0.330078125
-1.131835938
1.560546875
0.2215576172
-1.375976562
0.6313476562
1.014648438
-0.9624023438
-0.03948974609
-0.2224121094
1.626953125
-1.208007812
0.490234375
-0.6875
-0.3288574219
0.9140625
2.9453125
-0.5078125
-1.301757812
-0.3771972656
-0.7309570312
1.64453125
-1.013671875
0.2374267578
-1.194335938
-0.1774902344
1.641601562
-1.989257812
-0.8505859375
-0.5581054688
0.06005859375
-0.9809570312
-1.154296875
-0.01921081543
-1.024414062
-1.341796875
0.1429443359
-1.7109375
0.9638671875
-1.864257812
-0.3366699219
1.515625
0.6069335938
-1.018554688
1.016601562
0.5336914062
0.8115234375
-1.299804688
-1.408203125
-1.33984375
-0.00443649292
1.073242188
0.8134765625
-1.702148438
0.3420410156
-0.1247558594
1.073242188
0.07122802734
0.4599609375
-1.956054688
0.02647399902
-0.8881835938
1.291015625
-0.2043457031
-0.6899414062
-1.2890625
1.272460938
1.015625
-0.3391113281
0.7768554688
0.1318359375
-0.7192382812
0.2690429688
-1.1640625
-0.7456054688
-0.724609375
0.6240234375
1.274414062
-0.7456054688
-1.291992188
0.5610351562
-0.1524658203
1.088867188
1.43359375
0.7719726562
0.2012939453
-1.095703125
-0.2263183594
-1.50390625
-1.896484375
-0.8515625
1.702148438
3.333984375
-1.37890625
-1.69140625
0.8666992188
-0.2758789062
-0.8017578125
-0.4975585938
-0.5405273438
1.44921875
0.3947753906
-0.6904296875
-1.63671875
-0.650390625
0.7807617188
0.2766113281
-0.37109375
0.1778564453
0.9008789062
-0.7797851562
-1.856445312
-0.4899902344
-0.6958007812
-0.3208007812
-0.1916503906
-0.9956054688
-0.8017578125
0.8647460938
0.6865234375
1.053710938
0.8403320312
-0.9321289062
0.8388671875
-0.3120117188
-0.4282226562
-0.8334960938
0.6591796875
-0.1793212891
2.494140625
-1.764648438
-0.4221191406
-0.3657226562
-0.01077270508
-0.02914428711
-0.341796875
-0.125
0.5590820312
0.853515625
0.6909179688
-0.8540039062
-0.07855224609
-0.3342285156
0.06195068359
-0.4582519531
-0.4912109375
-0.4399414062
-1.060546875
-0.2700195312
-0.1009521484
-1.204101562
1.845703125
0.5751953125
-0.3669433594
1.129882812
0.06536865234
-2.0546875
-1.208007812
0.1088867188
-0.611328125
-0.7705078125
0.1585693359
0.2810058594
-1.112304688
-0.09619140625
-1.17578125
-1.715820312
1.180664062
1.010742188
0.09729003906
-0.04693603516
0.8208007812
0.6899414062
0.5634765625
0.2719726562
0.8115234375
0.541015625
1.220703125
-1.359375
0.6982421875
0.896484375
-0.3449707031
-0.6176757812
1.059570312
-0.0583190918
1.765625
0.6533203125
-0.1148071289
0.1143188477
-0.1300048828
-1.671875
0.7387695312
-0.1441650391
-1.403320312
1.78515625
-0.41796875
0.8583984375
0.6616210938
-0.4260253906
-0.3696289062
0.8940429688
0.2484130859
0.1378173828
-0.5854492188
-0.08233642578
-0.9702148438
-0.5454101562
-1.44921875
-0.4968261719
-0.1413574219
-0.21484375
-1.115234375
-1.794921875
-0.6450195312
-1.046875
0.025390625
-0.3503417969
-1.275390625
0.07824707031
-0.92578125
-1.047851562
-0.01165008545
-0.2327880859
-0.8955078125
-0.4462890625
0.1481933594
0.6943359375
-1.146484375
-0.38671875
-1.500976562
0.7426757812
0.626953125
0.5639648438
-0.3022460938
1.518554688
-0.1740722656
0.6875
1.724609375
-0.5859375
0.9692382812
-0.4536132812
1.92578125
-0.07287597656
-1.291015625
1.08203125
-0.4294433594
0.1931152344
-1.959960938
-0.1174926758
0.1545410156
-1.65625
2.259765625
-2.29296875
-0.7250976562
-1.09765625
-1.759765625
-1.454101562
2.259765625
1.20703125
0.3159179688
-1.232421875
0.5151367188
1.287109375
-0.1135864258
0.6235351562
0.4943847656
0.3286132812
-3.544921875
-0.1403808594
-0.6606445312
0.529296875
-1.307617188
0.6528320312
-0.3547363281
-1.80859375
0.1400146484
-0.2005615234
-0.2436523438
0.669921875
0.8920898438
-0.02119445801
0.02629089355
-0.5922851562
-0.8647460938
2.16796875
0.98828125
1.534179688
1.109375
-0.3190917969
-0.06286621094
0.6069335938
-1.794921875
0.9848632812
0.04711914062
0.53125
-1.10546875
0.2646484375
0.3918457031
0.4094238281
-1.54296875
1.025390625
-0.3718261719
1.145507812
-1.899414062
-0.6630859375
0.845703125
-0.1900634766
1.0234375
0.623046875
0.9033203125
-0.4069824219
0.7768554688
0.3557128906
-1.045898438
0.537109375
-1.052734375
-0.08221435547
-0.6508789062
0.0002858638763
-0.09936523438
-0.05505371094
0.2298583984
-0.7495117188
-0.0171661377
-0.06762695312
1.263671875
0.8696289062
0.008758544922
0.3688964844
0.4599609375
-1.334960938
-1.563476562
0.212890625
0.3747558594
-0.513671875
-0.4653320312
2.353515625
1.505859375
1.959960938
1.064453125
-0.3063964844
-1.078125
-0.6630859375
-0.08044433594
1.795898438
0.369140625
0.17578125
-0.8876953125
-0.6450195312
-0.6611328125
-0.0174407959
-0.9155273438
-1.0390625
0.7045898438
0.57421875
0.04455566406
0.72265625
-0.3857421875
-0.6567382812
-0.1005859375
0.6362304688
-0.3947753906
-0.09893798828
-0.009620666504
-1.250976562
-0.2526855469
-0.21875
-0.2381591797
-0.8271484375
-0.3803710938
-0.4799804688
0.5927734375
0.3635253906
-1.504882812
0.6005859375
0.7026367188
1.39453125
-1.970703125
0.8676757812
1.477539062
0.3508300781
0.1103515625
0.6899414062
-2.6953125
-2.208984375
-0.2209472656
-0.1829833984
1.775390625
-1.491210938
1.073242188
1.192382812
1.526367188
-0.888671875
1.55078125
-0.2844238281
1.331054688
-0.3041992188
-0.4833984375
-0.3205566406
-0.2497558594
0.1846923828
0.02732849121
0.9501953125
-0.2484130859
0.2092285156
0.5532226562
0.9072265625
-1.671875
0.1239013672
-0.6298828125
0.2451171875
2.306640625
-0.3881835938
0.6635742188
0.1525878906
-0.4223632812
0.888671875
0.3999023438
0.06335449219
-0.2868652344
0.8315429688
0.4631347656
-0.5576171875
-0.2463378906
-0.1511230469
-1.211914062
0.9584960938
-1.197265625
-1.348632812
-0.8095703125
-0.8520507812
-1.770507812
-0.1259765625
-1.372070312
1.2890625
-0.04605102539
-0.8032226562
0.6557617188
-1.61328125
-1.358398438
-0.6767578125
0.1497802734
-0.7963867188
-1.581054688
0.1392822266
-0.9345703125
0.7133789062
-0.5629882812
-0.3896484375
0.5815429688
-2
-0.5
-0.88671875
-0.7890625
0.96484375
-1.844726562
-0.1682128906
1.487304688
-0.8115234375
-1.721679688
-0.0189666748
0.3117675781
1.534179688
0.5322265625
2.0546875
1.299804688
2.36328125
-0.3356933594
-0.4013671875
-0.7182617188
-0.2563476562
-0.61328125
0.2770996094
-0.908203125
0.62109375
-0.3220214844
0.7065429688
-0.609375
-0.4760742188
-0.4011230469
0.9541015625
-0.3884277344
-0.677734375
-0.4318847656
1.849609375
-0.3376464844
-1.647460938
-1.22265625
0.8374023438
-0.7470703125
-0.6518554688
0.8520507812
0.6323242188
0.4638671875
-1.740234375
-0.1530761719
0.814453125
0.8076171875
-0.3325195312
-0.3286132812
-0.5200195312
-0.6416015625
-0.3598632812
-0.5727539062
-0.931640625
-0.2719726562
-0.4895019531
-0.6264648438
0.4836425781
-1.151367188
-0.748046875
-0.7573242188
1.182617188
-1.360351562
1.071289062
0.388671875
2.91796875
0.09533691406
0.2235107422
-2.279296875
-2.216796875
-0.01934814453
0.8544921875
-0.003311157227
-0.07843017578
-0.3583984375
-0.9985351562
0.6176757812
-0.2436523438
-0.5112304688
-0.71875
0.63671875
-0.5424804688
1.133789062
-0.5659179688
-2.72265625
-1.713867188
0.5244140625
-0.3657226562
0.5356445312
1.4140625
-0.9633789062
1.340820312
1.034179688
1.109375
0.642578125
0.6147460938
1.71875
0.0986328125
-0.1942138672
-1.115234375
-0.1459960938
-0.6000976562
0.4692382812
0.3608398438
0.1462402344
-3.306640625
0.5141601562
0.619140625
-0.7631835938
-0.2075195312
-0.2476806641
-0.1616210938
-0.6391601562
0.4970703125
-0.8608398438
0.7270507812
0.3857421875
0.4245605469
1.146484375
0.8447265625
-0.002796173096
-0.5400390625
-0.1729736328
0.6611328125
-1.340820312
-0.4172363281
0.478515625
-0.3127441406
-0.7797851562
0.0361328125
0.837890625
-1.2734375
-0.541015625
-0.1990966797
0.00609588623
1.615234375
-0.509765625
-0.8159179688
-1.362304688
-0.7802734375
-0.6552734375
-0.05908203125
1.081054688
-1.169921875
-1.310546875
0.59765625
-2.634765625
-0.3684082031
0.7495117188
0.763671875
1.018554688
1.21484375
1.549804688
-0.61328125
-1.040039062
0.3361816406
0.1676025391
-0.2474365234
-1.077148438
0.6411132812
0.1505126953
-1.931640625
-0.6396484375
0.1057739258
0.1959228516
-0.2006835938
1.469726562
-1.966796875
-0.6450195312
0.05584716797
1.44921875
1.395507812
2.158203125
-1.755859375
-0.3002929688
-0.3942871094
-2.37890625
1.018554688
-0.4538574219
0.7319335938
-0.2447509766
0.845703125
0.3483886719
-0.6303710938
0.4057617188
1.29296875
1.749023438
-0.03085327148
0.26171875
-0.1790771484
0.6782226562
-2.103515625
-0.1380615234
-2.205078125
0.03057861328
0.123840332
-1.23046875
-2.896484375
-0.7719726562
0.509765625
-0.9194335938
0.3430175781
0.4519042969
1.125
0.9458007812
-0.1860351562
-0.484375
-0.2043457031
0.4816894531
-2.509765625
-0.8583984375
0.1477050781
1.834960938
0.09429931641
-0.1095581055
-1.751953125
1.21875
-0.740234375
1.918945312
0.6333007812
-0.7524414062
-0.06884765625
-0.765625
2.59765625
0.3374023438
-0.9794921875
-1.172851562
-1.021484375
1.244140625
0.9990234375
0.9624023438
-0.2814941406
-0.501953125
0.4011230469
-0.8349609375
-0.06069946289
1.116210938
-0.8374023438
0.1291503906
-2.126953125
0.2658691406
0.8666992188
-1.577148438
-1.009765625
1.176757812
-0.5458984375
1.578125
0.2369384766
-1.642578125
-1.849609375
-0.09771728516
-1.58984375
-0.4326171875
0.4714355469
1.733398438
-1.833007812
1.529296875
-0.7099609375
0.8544921875
-1.172851562
0.1839599609
0.677734375
-0.4533691406
0.80859375
1.169921875
-1.291992188
0.9521484375
-0.3596191406
-0.2573242188
0.4611816406
-0.7353515625
1.3671875
2.587890625
1.170898438
0.7592773438
-0.4936523438
-0.1394042969
1.275390625
0.3271484375
-1.060546875
-0.5551757812
2.056640625
-0.837890625
-0.6147460938
-0.0380859375
-0.5810546875
-0.642578125
-0.1599121094
0.841796875
1.112304688
0.513671875
-1.010742188
0.5815429688
-2.12109375
-0.1571044922
-0.1533203125
0.2946777344
-1.372070312
-0.2194824219
2.08203125
-1.490234375
-0.3618164062
1.594726562
1.385742188
1.573242188
0.544921875
0.3989257812
-0.6918945312
-0.51171875
-0.2824707031
0.2368164062
-0.1596679688
3.1328125
-1.541992188
-0.9282226562
-0.64453125
1.499023438
1.213867188
-1.33984375
0.06964111328
-0.07403564453
-1.5390625
-1.279296875
0.6728515625
-0.6518554688
-0.7631835938
0.9985351562
-0.1317138672
-1.315429688
1.221679688
0.2602539062
0.3383789062
1.170898438
1.536132812
-1.036132812
-0.7055664062
0.01545715332
1.633789062
-0.6767578125
-0.8266601562
1.268554688
0.08984375
-1.002929688
1.901367188
-0.09002685547
-0.3571777344
0.55078125
1.45703125
-0.5068359375
1.170898438
1.000976562
-0.1375732422
-0.8491210938
1.173828125
-0.4792480469
-0.740234375
-0.09564208984
0.763671875
0.3386230469
-1.47265625
-0.7734375
-0.4936523438
0.3540039062
2.349609375
-0.2219238281
-0.1661376953
0.720703125
-0.2419433594
0.7705078125
1.061523438
-0.576171875
-0.4621582031
0.2219238281
0.130859375
-0.3598632812
-0.458984375
-0.5356445312
-0.8403320312
-0.5541992188
-1.415039062
1.940429688
1.10546875
0.08599853516
0.1249389648
-0.1843261719
1.888671875
0.2963867188
-0.8002929688
-1.198242188
0.5043945312
1.665039062
0.2182617188
-1.388671875
0.08978271484
1.387695312
1.044921875
-1.40625
0.4465332031
0.6596679688
-0.6420898438
-1.956054688
1.041015625
-0.3603515625
-0.650390625
2.541015625
-0.734375
0.42578125
1.284179688
2.703125
1.352539062
0.708984375
0.7504882812
-1.249023438
-0.07391357422
0.2819824219
-0.2668457031
0.4348144531
1.123046875
-0.6787109375
-1.524414062
-0.8090820312
-0.3510742188
-1.977539062
0.4567871094
0.05725097656
1.846679688
-0.03540039062
0.5014648438
-0.5346679688
-0.09222412109
-1.463867188
0.1622314453
-0.5854492188
1.333984375
-0.7875976562
-0.9580078125
0.3347167969
-0.2521972656
-1.059570312
0.5756835938
-0.8403320312
-1.838867188
-2.111328125
1.676757812
-1.173828125
-2.087890625
-0.1939697266
-0.5712890625
1.731445312
-0.05004882812
-0.6801757812
0.3530273438
1.028320312
0.6948242188
-2.330078125
-1.528320312
1.04296875
0.8969726562
0.279296875
-0.5776367188
-0.3581542969
-1.618164062
-0.2028808594
1.067382812
2.568359375
-0.1932373047
-0.6586914062
1.0859375
0.4787597656
2.51171875
1.030273438
-0.06500244141
-0.5146484375
0.3208007812
-0.3972167969
0.6791992188
0.3298339844
0.03047180176
-1.717773438
-0.9580078125
0.5512695312
-0.2573242188
0.4370117188
1.340820312
0.2059326172
-0.2357177734
-0.1134033203
-0.7412109375
0.5400390625
0.80859375
1.45703125
-0.7856445312
0.04928588867
0.09649658203
-0.2941894531
-0.6494140625
1.399414062
-0.1251220703
-0.775390625
-1.436523438
-0.2651367188
0.3740234375
-0.88671875
-0.4528808594
-1.732421875
1.833007812
0.1219482422
-0.30078125
-0.1350097656
0.5859375
-1.033203125
-1.41015625
1.296875
1.997070312
0.5903320312
0.6352539062
-0.623046875
0.6005859375
0.6782226562
0.4719238281
-0.607421875
-2.1484375
-0.01867675781
0.5112304688
1.883789062
-1.240234375
0.05581665039
1.979492188
0.3703613281
0.16796875
-0.03515625
-0.8798828125
-2.0546875
-1.263671875
-0.4895019531
0.06146240234
-0.95703125
-1.049804688
1.506835938
-1.231445312
-1.263671875
1.611328125
-0.3854980469
0.1645507812
0.1911621094
-0.2976074219
0.4291992188
1.477539062
0.1672363281
0.6904296875
-0.5649414062
-0.07281494141
1.129882812
0.3864746094
0.80859375
-0.4353027344
-0.5668945312
-1.454101562
-1.0078125
0.2856445312
-0.9536132812
1.548828125
-0.5854492188
-1.049804688
0.06781005859
-1.290039062
-1.545898438
1.090820312
0.8666992188
0.5092773438
0.8149414062
-1.049804688
-1.430664062
0.904296875
0.869140625
1.37109375
-0.5092773438
-1.560546875
0.5971679688
0.5073242188
1.16796875
-0.8383789062
-1.553710938
0.1638183594
-0.509765625
1.552734375
-0.08520507812
-1.5
-1.885742188
-0.4521484375
-0.1617431641
0.2091064453
-1.349609375
-1.2734375
0.2585449219
2.427734375
0.560546875
-0.9794921875
1.06640625
-0.9750976562
-0.6787109375
0.4191894531
-0.42578125
1.116210938
0.3989257812
-0.2514648438
-0.6469726562
0.5771484375
0.4399414062
-0.03762817383
0.8798828125
-1.194335938
-0.4514160156
0.7114257812
-2.21484375
0.7475585938
-1.318359375
-1.46875
0.06069946289
0.2614746094
-0.1240234375
-0.634765625
0.873046875
0.2453613281
-0.1040649414
-0.2622070312
0.5595703125
-1.459960938
-0.4008789062
-0.2364501953
-1.549804688
-0.02743530273
0.8544921875
-0.244140625
0.1586914062
-0.6865234375
0.78515625
0.44140625
0.004890441895
-0.8500976562
0.3283691406
-1.2421875
0.7451171875
-1.236328125
-1.705078125
-0.9541015625
-1.155273438
1.212890625
-0.7041015625
-0.6201171875
1.212890625
-1.470703125
-2.5625
-0.48046875
-0.1799316406
-0.8549804688
-0.1672363281
0.1446533203
0.0966796875
1.58203125
-1.022460938
-0.02960205078
0.5844726562
1.89453125
0.2824707031
0.5483398438
2.06640625
0.982421875
-0.3278808594
-0.8598632812
-0.51953125
-0.8803710938
0.9467773438
-0.2785644531
-1.116210938
-1.809570312
-0.7529296875
-0.1999511719
-2.234375
0.6333007812
-0.3862304688
1.260742188
0.7807617188
-0.2126464844
0.1477050781
0.5307617188
-0.6982421875
0.7387695312
0.3181152344
0.8505859375
-0.1867675781
-0.2983398438
-0.873046875
-2.1015625
0.4880371094
-0.2139892578
0.3605957031
-0.3139648438
0.4438476562
0.5581054688
1.4453125
0.9267578125
-1.23046875
-0.5747070312
0.09075927734
-0.3068847656
-2.171875
0.6572265625
0.5610351562
-1.111328125
-1.810546875
-0.1342773438
0.1439208984
-0.9506835938
-1.572265625
1.219726562
1.443359375
0.2563476562
0.6684570312
-0.265625
-1.028320312
-1.076171875
0.2205810547
-0.1244506836
0.1550292969
0.93359375
1.196289062
0.4514160156
0.5810546875
0.78515625
-0.6186523438
-1.798828125
0.802734375
0.4169921875
0.2265625
-0.4970703125
-1.225585938
0.2358398438
-1.094726562
-1.98828125
0.2651367188
0.3034667969
-0.8012695312
1.125
-2.666015625
0.7172851562
0.9711914062
1.294921875
-1.666992188
0.03994750977
-0.2573242188
-2.923828125
-0.822265625
2.64453125
-1.018554688
0.2097167969
-0.7119140625
-0.7080078125
0.5288085938
-0.1271972656
-0.1342773438
-0.7119140625
-0.3295898438
-0.787109375
0.3854980469
-0.3879394531
-0.3806152344
1.112304688
-0.2211914062
0.583984375
0.2426757812
-0.3063964844
0.2189941406
0.2276611328
-0.2761230469
0.751953125
-0.546875
1.986328125
0.4255371094
1.15234375
0.3425292969
-0.03204345703
0.97265625
-0.3977050781
-1.333984375
-1.234375
0.5224609375
0.4008789062
0.2902832031
-2.671875
0.2717285156
-0.56640625
0.1820068359
-0.2359619141
-0.1591796875
2.404296875
-1.221679688
-0.9135742188
-0.0500793457
-0.6469726562
-0.5825195312
-1.40234375
0.4436035156
0.3996582031
0.1129150391
0.72265625
0.216796875
-1.4296875
0.03065490723
-0.5048828125
0.1640625
0.9306640625
0.595703125
2.212890625
-0.08343505859
-0.3452148438
0.6489257812
0.4792480469
-0.5009765625
-1.431640625
0.07891845703
-0.1196289062
-0.4262695312
0.03607177734
1.52734375
-0.4445800781
-0.09844970703
0.3071289062
0.912109375
0.4130859375
0.2227783203
0.9057617188
-0.7163085938
-0.705078125
-1.728515625
-1.111328125
0.466796875
-0.3483886719
1.345703125
1.138671875
-2.294921875
0.1639404297
-0.5170898438
1.305664062
0.7612304688
-0.5170898438
0.90625
2.0625
-1.041015625
0.7084960938
1.015625
0.2561035156
0.3522949219
-0.3264160156
-2.203125
-0.509765625
-0.5600585938
-0.01132965088
0.05816650391
-1.603515625
0.1177368164
-0.1243286133
0.1677246094
0.5029296875
-0.1639404297
0.4189453125
0.2565917969
-1.049804688
-1.400390625
-0.8295898438
1.981445312
-0.6088867188
-0.3764648438
-0.1417236328
1.927734375
2.7578125
-1.916992188
2.12890625
-0.4338378906
-2.662109375
-0.2668457031
-3.41015625
-1.548828125
0.4279785156
-0.6796875
-0.03411865234
-1.852539062
0.873046875
0.4765625
0.4741210938
-0.2966308594
-0.9189453125
1.12109375
-1.529296875
1.478515625
0.3930664062
0.6274414062
-0.791015625
0.1809082031
-0.3208007812
0.9970703125
-0.00373840332
-1.372070312
-0.48046875
-1.967773438
0.009429931641
1.73046875
-0.9125976562
0.4711914062
0.4174804688
1.24609375
-1.043945312
-1.483398438
0.7573242188
1.108398438
-0.2342529297
0.4331054688
0.1004638672
1.504882812
0.4096679688
0.5712890625
-0.05029296875
0.6455078125
0.4912109375
-0.296875
-0.9560546875
-0.3020019531
1.529296875
0.1671142578
-1.455078125
0.9116210938
-0.2888183594
-0.1644287109
-0.08728027344
0.9018554688
0.4724121094
-0.693359375
0.5478515625
-0.1553955078
0.955078125
0.677734375
-1.243164062
0.8935546875
-1.021484375
-2.32421875
0.7895507812
-0.3872070312
1.287109375
-0.4526367188
-0.4421386719
1.024414062
-1.712890625
0.80078125
-1.076171875
-0.41796875
1.948242188
-0.6665039062
0.6416015625
-0.3630371094
0.1435546875
0.1099853516
0.2283935547
-1.147460938
-2.330078125
0.8662109375
-0.2355957031
-0.06292724609
0.9287109375
-0.02793884277
0.4614257812
0.0265045166
0.2658691406
-0.4072265625
0.2075195312
-0.2663574219
-0.7216796875
-2.4609375
1.068359375
1.408203125
1.107421875
1.510742188
-0.2332763672
0.3352050781
1.330078125
-0.8383789062
1.418945312
1.025390625
-0.666015625
1.823242188
-1.895507812
0.7397460938
-2.28515625
0.6806640625
-0.4077148438
0.7075195312
-1.1640625
-1.951171875
-0.8959960938
-1.231445312
-0.9760742188
-2.23046875
0.9912109375
0.9799804688
-0.5961914062
-0.875
0.17578125
0.4389648438
0.1892089844
-1.138671875
1.241210938
1.823242188
1.10546875
-1.516601562
-0.27734375
-0.3454589844
-0.1450195312
-1.873046875
-0.4130859375
-1.258789062
1.211914062
-1.267578125
-0.9482421875
0.3205566406
-1.0546875
-0.7729492188
-1.287109375
0.8466796875
1.583007812
-1.068359375
-0.4519042969
-0.8979492188
0.564453125
-1.243164062
-0.1104125977
-0.6494140625
-0.07135009766
-1.82421875
-2.572265625
0.6499023438
-0.5161132812
0.59375
0.8452148438
2.212890625
-1.568359375
-0.7685546875
0.1629638672
0.1506347656
0.6635742188
-0.5795898438
2.158203125
-0.6630859375
-0.4047851562
0.3681640625
-0.1968994141
0.04702758789
-0.3171386719
0.4460449219
0.3332519531
0.8452148438
-2.412109375
-1.0078125
0.5234375
-0.3188476562
0.7666015625
-0.7416992188
-0.06604003906
0.9340820312
-0.09777832031
-1.1484375
0.5239257812
-0.564453125
-1.215820312
-0.1085205078
-0.02186584473
-2.794921875
0.008811950684
-1.696289062
1.1015625
-1.08984375
1.170898438
0.6586914062
-1.334960938
0.02577209473
0.1008911133
0.8569335938
0.677734375
0.01570129395
-0.4260253906
-0.6220703125
0.4152832031
-0.2919921875
0.240234375
1.208007812
-0.5893554688
-1.608398438
1.163085938
-1.1875
1.536132812
-0.5473632812
-0.8505859375
-1.090820312
0.8286132812
-0.1291503906
-0.4074707031
-0.6044921875
0.7368164062
-0.1657714844
-0.1583251953
-1.744140625
-1.337890625
0.7431640625
-0.7841796875
1.62890625
1.524414062
-0.880859375
0.1455078125
0.1358642578
0.6967773438
-1.146484375
0.3718261719
-1.055664062
1.40625
1.288085938
-1.633789062
-0.1669921875
-0.9516601562
0.4755859375
0.01335906982
-0.6420898438
0.07476806641
0.2006835938
1.943359375
0.1845703125
0.3786621094
-0.06353759766
0.06274414062
-0.3012695312
-0.4465332031
-1.083984375
0.8837890625
-0.08959960938
-0.06262207031
0.4274902344
-0.6596679688
0.89453125
-0.7407226562
-0.1828613281
-0.2147216797
0.6235351562
1.013671875
1.704101562
-0.5502929688
-0.3627929688
-0.2045898438
1.25390625
-1.282226562
0.5415039062
-1.024414062
-0.6948242188
1.081054688
0.2491455078
1.350585938
-0.4011230469
1.6328125
1.026367188
-0.05267333984
-0.2486572266
-0.8725585938
-1.161132812
-0.8862304688
-2.583984375
0.03646850586
-0.8325195312
-0.8862304688
-0.9501953125
0.4912109375
1.83203125
2.201171875
0.09954833984
1.270507812
0.41796875
0.6206054688
0.1396484375
0.1594238281
-0.4079589844
0.2858886719
0.1036987305
-0.1413574219
-1.125976562
-0.81640625
-2.236328125
1.041992188
1.723632812
-0.7026367188
-1.237304688
-0.100769043
1.75390625
1.40625
0.232421875
-0.3405761719
-1.524414062
0.7075195312
0.2873535156
0.4252929688
-0.3208007812
0.4567871094
1.638671875
2.0234375
1.958984375
-0.5009765625
0.4487304688
0.6733398438
-0.5190429688
-0.236328125
-1.939453125
-0.1402587891
-1.295898438
-0.1295166016
0.2069091797
0.4208984375
-0.1956787109
0.9453125
-1.506835938
-0.9360351562
-0.5595703125
0.1275634766
-1.455078125
0.1100463867
0.263671875
1.284179688
0.5498046875
0.3054199219
-0.9130859375
0.5053710938
-0.5834960938
1.307617188
0.8608398438
0.8950195312
-1.575195312
-0.3454589844
2.048828125
0.677734375
-0.8979492188
0.6630859375
-1.470703125
-0.1668701172
0.7133789062
-0.5903320312
-2.09765625
-0.4362792969
0.6181640625
1.6171875
-1.895507812
-0.8266601562
-0.1095581055
0.705078125
1.162109375
-0.4396972656
-0.779296875
0.40625
-0.03518676758
-0.3842773438
-1.747070312
-0.07189941406
1.721679688
0.03071594238
-0.509765625
-0.1195678711
-0.3688964844
1.389648438
-1.477539062
-0.392578125
-0.767578125
-1.043945312
0.1959228516
0.3544921875
1.236328125
1.21875
-0.8081054688
0.9228515625
0.6381835938
0.7026367188
1.254882812
0.6831054688
-0.9345703125
0.740234375
1.256835938
0.4091796875
0.2342529297
1.147460938
-0.8247070312
-0.6137695312
-0.5244140625
1.463867188
-0.2973632812
1.331054688
0.08020019531
-0.06530761719
1.046875
-1.056640625
-1.806640625
-0.5981445312
1.888671875
0.3393554688
-1.206054688
-0.9350585938
0.009841918945
1.890625
0.8862304688
-0.734375
0.1467285156
0.2052001953
-0.01173400879
1.442382812
-0.1475830078
-0.208984375
0.04357910156
0.560546875
-0.1334228516
-0.7788085938
1.548828125
0.06439208984
0.9526367188
1.481445312
0.9731445312
0.6684570312
0.2242431641
1.20703125
0.8779296875
0.01002502441
1.0546875
-1.362304688
-0.1557617188
-0.1262207031
0.2199707031
-0.6103515625
-0.04321289062
-0.9443359375
-0.3498535156
0.845703125
-1.560546875
1.296875
0.7607421875
1.1484375
1.146484375
1.826171875
0.5380859375
0.3347167969
0.783203125
0.7587890625
1.284179688
-1.05078125
1.538085938
-1.141601562
-0.1392822266
0.2712402344
-1.489257812
-1.40625
0.3679199219
1.040039062
0.6962890625
0.646484375
1.818359375
0.9462890625
1.907226562
-0.986328125
0.05581665039
-0.64453125
-0.8032226562
0.4558105469
-0.1329345703
1.284179688
0.9775390625
-1.384765625
-1.291992188
0.6821289062
-0.6118164062
-0.2243652344
0.181640625
-0.3032226562
1.415039062
-0.9106445312
0.486328125
1.315429688
0.2790527344
-2.787109375
1.091796875
-1.313476562
0.8046875
-1.323242188
-0.2893066406
-0.2788085938
-0.3352050781
-0.4128417969
0.6616210938
-0.2209472656
0.4086914062
0.1480712891
0.2003173828
0.2590332031
1.0859375
1.096679688
0.2296142578
1.9375
1.064453125
-1.8203125
0.3134765625
0.5444335938
0.7788085938
-2.51171875
-0.3208007812
-0.12109375
-1.48046875
-1.240234375
-0.318359375
0.1795654297
0.7392578125
-0.6533203125
0.8950195312
-0.9951171875
-0.08782958984
-1.176757812
0.8579101562
0.884765625
-0.859375
1.888671875
1.411132812
-0.6123046875
-1.439453125
0.83984375
0.4077148438
-0.376953125
1.202148438
0.2807617188
-0.9340820312
0.1721191406
-0.7387695312
0.9326171875
-0.3676757812
0.2548828125
0.666015625
0.1632080078
-1.272460938
1.234375
-1.866210938
-0.5190429688
0.3024902344
-0.7626953125
1.1484375
0.9633789062
-0.1456298828
0.8056640625
-1.302734375
0.966796875
0.220703125
-0.66015625
2.21484375
-0.1998291016
0.5747070312
-1.170898438
0.6313476562
-0.4558105469
1.419921875
-1.635742188
-0.958984375
1.017578125
-0.1745605469
1.444335938
1.30078125
-0.8852539062
-0.3388671875
0.5717773438
0.9614257812
-0.6484375
0.06246948242
-0.8940429688
-0.1942138672
-0.7192382812
-0.3068847656
-0.7260742188
-1.138671875
0.1997070312
-0.7377929688
0.3291015625
0.5366210938
-0.3466796875
0.7622070312
-0.79296875
2.3828125
-1.28125
0.37109375
1.358398438
-0.7353515625
-0.841796875
-0.5659179688
3.125
-0.1556396484
-1.075195312
-0.4167480469
1.104492188
-0.2276611328
-1.258789062
-0.1436767578
0.6279296875
1.506835938
0.6196289062
-0.0322265625
-0.6513671875
0.7758789062
0.3884277344
0.8969726562
-0.09484863281
0.802734375
-0.4260253906
0.2062988281
-0.3254394531
0.34375
0.1749267578
-0.2130126953
-0.9575195312
1.744140625
2.62890625
-0.1458740234
0.09271240234
0.5693359375
0.4536132812
1.944335938
-0.04309082031
-0.8676757812
-0.7329101562
-0.3315429688
0.5395507812
-0.4038085938
1.395507812
-0.04742431641
-0.8837890625
-0.05612182617
0.2457275391
-0.6508789062
-1.543945312
-0.1734619141
0.8603515625
-0.630859375
0.720703125
1.333984375
-0.2418212891
1.526367188
0.5634765625
-0.6591796875
0.7358398438
0.375
1.94140625
0.09039306641
-0.7797851562
1.444335938
-0.6669921875
0.004852294922
-0.08697509766
-0.9731445312
0.2873535156
-0.7436523438
-0.7329101562
0.07843017578
-0.7309570312
0.7744140625
-0.84765625
-0.59765625
1.182617188
0.7426757812
-0.2303466797
-0.578125
0.08123779297
0.6640625
-1.1953125
0.759765625
-0.8569335938
2.28125
-2.1015625
-0.5239257812
0.875
-0.40625
-0.08251953125
-1.358398438
-0.326171875
-0.1939697266
-0.2932128906
-0.8051757812
-0.4057617188
-0.8051757812
0.892578125
0.7490234375
1.6953125
1.1796875
0.4660644531
-0.3315429688
-1.7890625
-0.2763671875
-1.213867188
0.08319091797
1.493164062
1.540039062
-1.366210938
0.4365234375
-1.47265625
-1.2421875
-0.6040039062
0.04138183594
1.241210938
0.1242675781
-0.583984375
1.004882812
0.91796875
-1.396484375
2.126953125
0.7021484375
0.2022705078
0.2524414062
1.33984375
-0.2902832031
-2.03125
-0.3405761719
1.139648438
1.744140625
0.58203125
1.420898438
-1.029296875
-0.3386230469
-0.02949523926
-1.44921875
0.1832275391
-0.84765625
1.923828125
1.213867188
0.01905822754
-0.1756591797
-1.061523438
0.2524414062
-0.4143066406
-0.59375
-1.49609375
1.708984375
-0.06610107422
-1.0625
-1.8203125
-1.387695312
-0.02207946777
0.2009277344
-1.6640625
-0.5903320312
0.1025390625
0.8071289062
0.3225097656
0.892578125
1.009765625
-0.1783447266
-1.198242188
1.17578125
1.423828125
-0.568359375
1.608398438
0.1545410156
-0.6967773438
0.2379150391
0.26953125
-0.529296875
-0.2666015625
-0.568359375
0.6489257812
-0.7368164062
0.466796875
-0.2178955078
-1.583007812
-0.1622314453
-0.3059082031
0.7006835938
0.1259765625
0.7221679688
0.3090820312
-0.4147949219
0.2474365234
1.942382812
2.072265625
0.4919433594
-1.454101562
1.293945312
-0.7236328125
-0.01664733887
-1.872070312
0.7436523438
0.7275390625
1.561523438
-1.361328125
0.671875
0.2183837891
-0.666015625
1.681640625
0.576171875
1.106445312
1.083984375
0.935546875
-1.491210938
0.07574462891
0.4697265625
-0.8940429688
1.42578125
-0.3173828125
-0.6484375
0.08074951172
-0.8911132812
1.063476562
-1.23046875
1.421875
-0.615234375
-0.4453125
-1.125976562
-0.2536621094
-0.8251953125
-1.147460938
-1.765625
2.525390625
0.1514892578
1.056640625
-0.333984375
0.3820800781
-2.1640625
0.2963867188
0.9624023438
0.007350921631
0.9282226562
-0.2174072266
0.5673828125
-1.759765625
-0.5698242188
0.05880737305
0.6352539062
0.2746582031
0.80859375
0.9677734375
-0.82421875
-0.5517578125
0.9809570312
-0.9047851562
-0.7197265625
1.201171875
0.5561523438
-0.02365112305
-0.03698730469
1.01171875
-0.2299804688
-1.321289062
0.8911132812
0.955078125
0.5854492188
0.6083984375
0.4272460938
0.1134033203
0.8315429688
-1.0078125
0.8227539062
-1.086914062
0.8540039062
-1.509765625
0.8442382812
0.8022460938
-0.9916992188
0.1502685547
0.5346679688
0.4177246094
0.583984375
-0.8422851562
0.01194000244
0.5385742188
0.2075195312
0.5185546875
1.8046875
-0.892578125
0.9892578125
-0.712890625
2.41015625
-0.3732910156
-1.432617188
1.688476562
-1.216796875
0.6845703125
0.02020263672
-0.697265625
0.599609375
-0.2061767578
-0.1286621094
-0.1568603516
0.1297607422
-0.1870117188
-0.2371826172
-0.06079101562
1.006835938
-1.0390625
-0.8608398438
-0.01959228516
-1.680664062
0.498046875
2.037109375
-1.243164062
1.329101562
0.6469726562
0.6186523438
-1.766601562
0.2880859375
-0.9907226562
-0.1092529297
0.2281494141
1.951171875
-2.28125
0.974609375
0.71875
-0.3745117188
-0.9379882812
-0.3942871094
0.1256103516
-0.08587646484
-0.1448974609
-1.884765625
-0.5771484375
-1.598632812
1.005859375
0.478515625
0.2232666016
-1.135742188
-0.2861328125
-0.6596679688
-2.15234375
-0.6640625
1.249023438
-0.783203125
-0.1401367188
0.4165039062
-0.2385253906
-1.2265625
-0.7329101562
-1.362304688
0.4499511719
0.8979492188
-0.3664550781
0.3210449219
-0.2209472656
-0.4033203125
1.041015625
1.048828125
0.1806640625
-0.3256835938
1.298828125
-0.982421875
0.2915039062
0.6635742188
-0.3806152344
0.8100585938
0.2142333984
0.3725585938
1.112304688
-1.385742188
0.833984375
0.6591796875
-0.658203125
-0.8442382812
2.177734375
1.899414062
-1.75
-0.4934082031
0.2397460938
0.4345703125
-1.446289062
0.2275390625
0.8232421875
-0.2744140625
-0.05096435547
0.9584960938
-0.5112304688
1.630859375
0.2424316406
1.13671875
0.4467773438
0.4052734375
0.2199707031
-1.470703125
-0.6875
-1.41796875
-0.283203125
2.1953125
0.392578125
-0.306640625
1.521484375
0.4597167969
0.2219238281
2.537109375
2.607421875
-1.23828125
0.5263671875
-0.3703613281
-0.3435058594
-0.3908691406
-1.22265625
1.115234375
-1.12109375
1.932617188
-0.31640625
0.1193237305
-1.360351562
0.8251953125
0.0859375
-0.3427734375
-1.126953125
-0.006553649902
0.7622070312
0.1812744141
-0.8549804688
-1.443359375
-0.72265625
-0.9360351562
0.8818359375
0.8891601562
1.322265625
0.2080078125
-0.7348632812
0.7006835938
1.213867188
-2.12109375
-0.5512695312
1.037109375
-2.19921875
-0.65234375
-0.7094726562
0.1783447266
0.06628417969
0.1185302734
1.857421875
-1.463867188
-2.359375
0.5283203125
0.693359375
-0.9057617188
-1.248046875
-0.619140625
0.4677734375
-1.0546875
0.791015625
-2.853515625
2.123046875
-0.1726074219
0.1492919922
0.2971191406
-0.4135742188
-1.482421875
-0.06420898438
-0.4738769531
1.110351562
-1.270507812
0.1678466797
0.2939453125
1.263671875
1.486328125
0.3295898438
1.060546875
-0.7143554688
-0.525390625
-1.219726562
-1.633789062
1.135742188
0.06689453125
0.6962890625
1.020507812
0.07635498047
-2.650390625
0.2379150391
-1.509765625
-0.48046875
-0.849609375
-2.583984375
0.2301025391
0.4304199219
0.09967041016
0.4509277344
-1.802734375
0.7080078125
0.91015625
0.8305664062
0.6411132812
0.435546875
0.4682617188
-1.15234375
-1.161132812
0.1866455078
-1.247070312
0.6420898438
-0.2453613281
0.1268310547
1.891601562
0.390625
-0.62109375
-0.05450439453
-0.3823242188
0.5444335938
0.4580078125
-0.1065063477
0.04290771484
2.1640625
0.4665527344
-0.1326904297
0.4274902344
-1.749023438
-1.045898438
0.650390625
-0.4484863281
-1.206054688
1.383789062
1.634765625
-0.6591796875
0.9135742188
0.2568359375
0.7163085938
-1.78125
0.6889648438
2.20703125
0.008483886719
-0.01983642578
1.409179688
-0.2805175781
0.4631347656
-0.04690551758
-1.395507812
-0.3537597656
-0.100769043
0.04321289062
0.77734375
-0.05587768555
-0.2229003906
1.071289062
-0.7416992188
-1.953125
-0.08978271484
-0.1225585938
1.033203125
0.8813476562
-1.642578125
-0.703125
0.7280273438
1.106445312
-0.6147460938
0.9624023438
0.8017578125
0.03839111328
-0.6513671875
0.4040527344
-0.3920898438
-0.4240722656
1.103515625
1.694335938
1.026367188
0.1499023438
0.3249511719
1.208984375
1.075195312
0.2541503906
-0.03176879883
0.08801269531
0.8012695312
0.6176757812
-1.147460938
0.5961914062
1.904296875
-0.6918945312
-0.1529541016
-1.033203125
-0.8017578125
-0.3723144531
-0.5498046875
1.0703125
-0.5205078125
0.1848144531
1.022460938
-0.8637695312
-0.1607666016
-0.07836914062
-0.1547851562
-0.1474609375
1.2578125
0.3134765625
-1.280273438
-1.157226562
0.703125
0.9516601562
-1.040039062
-0.2727050781
1.155273438
-0.908203125
-0.7856445312
0.3110351562
1.375
0.5263671875
0.7446289062
-0.478515625
0.8979492188
0.9995117188
-0.5678710938
-0.3835449219
0.9975585938
-0.1324462891
0.4221191406
-0.6508789062
-0.6293945312
-0.7216796875
1.936523438
0.02871704102
-0.974609375
0.5302734375
-1.78515625
0.4282226562
-0.4799804688
-0.6420898438
0.2509765625
0.2639160156
2.494140625
0.5161132812
0.65625
0.1907958984
-1.137695312
-0.04473876953
1.681640625
-0.759765625
-1.727539062
-1.012695312
0.2058105469
-0.1607666016
0.5029296875
-0.7524414062
1.247070312
-1.53125
-0.2526855469
-1.17578125
1.090820312
0.1685791016
1.59765625
0.07781982422
1.859375
-0.5439453125
-0.3557128906
0.4145507812
0.9340820312
-0.04739379883
1.751953125
-0.4367675781
0.4926757812
-0.8095703125
-0.1813964844
1.3359375
-0.3271484375
1.826171875
-0.619140625
0.6479492188
-1.3203125
-0.1359863281
0.3439941406
-0.5698242188
0.3620605469
1.279296875
0.1323242188
-1.873046875
-1.266601562
-0.8735351562
-2.25
0.6049804688
1.794921875
0.1921386719
-1.546875
-0.2313232422
-1.010742188
-1.99609375
0.4304199219
-0.7983398438
0.1311035156
1.579101562
-0.5561523438
-0.9321289062
-2.748046875
1.594726562
-0.3952636719
1.708984375
-1.514648438
0.3835449219
-1.041992188
-0.669921875
-1.629882812
-0.5385742188
0.8056640625
-0.998046875
0.3979492188
-0.970703125
-1.201171875
0.9526367188
0.3049316406
-1.100585938
-2.265625
-0.3532714844
-0.619140625
-0.0008153915405
0.7045898438
-0.02290344238
-0.01696777344
-1.03515625
-0.4636230469
0.1138916016
0.3635253906
-0.7890625
0.2360839844
1.2578125
-1.249023438
0.6137695312
-0.5366210938
-0.1409912109
-1.168945312
-0.9829101562
1.184570312
-1.161132812
-0.2105712891
-0.546875
3.126953125
1.431640625
0.09155273438
-0.759765625
1.06640625
1.069335938
0.9033203125
0.1762695312
0.8950195312
-0.4267578125
-0.3862304688
1.07421875
0.5815429688
0.9223632812
-0.78125
0.8291015625
-0.6499023438
-0.09063720703
-0.4587402344
-1.2265625
-1.004882812
-0.515625
0.8579101562
-1.637695312
1.577148438
-2.87890625
-0.5869140625
0.3813476562
-0.4919433594
-0.1502685547
-1.234375
0.04071044922
-0.4458007812
-0.7622070312
0.7358398438
1.224609375
2
1.474609375
-0.615234375
-0.8916015625
-0.9887695312
-0.2817382812
-0.6171875
1.845703125
1.53515625
0.9145507812
-0.595703125
0.7548828125
0.4721679688
0.5590820312
-0.5712890625
1.265625
-0.1439208984
0.3237304688
-1.201171875
-0.005439758301
1.177734375
1.403320312
-0.7758789062
0.1640625
-0.04739379883
-1.389648438
2.015625
0.002967834473
1.185546875
0.626953125
0.8823242188
0.9799804688
-1.481445312
0.04611206055
1.412109375
-0.9208984375
-1.181640625
-0.7661132812
0.3366699219
-0.1779785156
-1.09765625
0.04138183594
0.07958984375
-1.1796875
-0.7080078125
-1.323242188
0.8911132812
-0.2099609375
-0.265625
-1.170898438
0.1612548828
0.2205810547
0.419921875
0.6879882812
2.001953125
1.030273438
0.6508789062
-0.2464599609
-0.7592773438
1.215820312
-0.865234375
1.963867188
-0.3024902344
1.750976562
0.4035644531
0.08862304688
-0.4431152344
-0.2310791016
0.515625
-0.8852539062
0.6743164062
-0.3103027344
-1.572265625
-0.2166748047
0.1354980469
-0.6098632812
-1.063476562
-1.0390625
-0.4309082031
1.2890625
-0.6171875
1.483398438
0.8994140625
-0.84765625
0.3781738281
-0.8081054688
-1.229492188
0.39453125
0.08135986328
-0.658203125
1.809570312
-1.624023438
-0.412109375
-0.1516113281
-2.015625
-0.2875976562
1.138671875
1.319335938
-0.7153320312
0.9194335938
0.5224609375
0.953125
0.4899902344
-2.859375
-0.3232421875
0.8359375
-1.412109375
0.328125
0.7006835938
0.509765625
1.66796875
-1.2421875
0.7885742188
-0.03265380859
-0.03158569336
-0.1864013672
-0.6342773438
-3.029296875
0.2431640625
-0.3493652344
-0.6669921875
-0.06561279297
1.193359375
1.895507812
0.3127441406
0.9267578125
-0.2171630859
-0.4641113281
0.68359375
-1.208007812
0.9252929688
1.357421875
0.5771484375
-0.2268066406
-0.4284667969
-0.435546875
1.83984375
-1.184570312
-0.263671875
-0.771484375
0.6264648438
-0.822265625
-1.69921875
1.139648438
-0.1397705078
-0.2893066406
0.1838378906
-0.90625
-0.102722168
-0.5170898438
0.04940795898
0.1370849609
0.3061523438
-0.1394042969
1.353515625
-0.62109375
0.3061523438
-0.005706787109
-0.5146484375
-0.9907226562
0.1844482422
-0.1735839844
0.6948242188
1.173828125
1.368164062
-0.3715820312
-0.6538085938
0.2504882812
-0.349609375
-0.1524658203
-2.0234375
0.2244873047
0.1534423828
0.6645507812
0.005348205566
0.2329101562
0.5390625
-1.305664062
0.9448242188
1.90625
-1.747070312
0.2788085938
0.4792480469
1.245117188
-1.044921875
0.71875
-1.3828125
-0.3127441406
0.650390625
-0.1151123047
-0.05819702148
-0.546875
-0.1970214844
0.6108398438
0.2878417969
1.319335938
1.200195312
-0.6889648438
1.024414062
0.4914550781
-1.668945312
0.9052734375
1.057617188
1.981445312
-1.51953125
-0.2127685547
0.525390625
1.346679688
0.6884765625
-0.8037109375
0.2026367188
-1.23828125
1.279296875
-0.04650878906
0.6586914062
-0.1468505859
0.3234863281
-0.5581054688
-0.5102539062
-2.01171875
1.318359375
1.424804688
-0.2384033203
-0.5043945312
0.5986328125
0.1334228516
0.900390625
0.0009326934814
-0.40234375
0.01210021973
0.7583007812
-0.3181152344
-1.71484375
-0.8408203125
-2.67578125
0.9912109375
-1.125976562
-0.5620117188
0.5043945312
0.3894042969
0.548828125
1.412109375
-0.5751953125
-1.618164062
-0.5649414062
-0.2143554688
-1.079101562
0.3596191406
-0.01867675781
-0.6704101562
0.3757324219
-0.5854492188
-1.278320312
-0.8037109375
-0.2474365234
-0.5400390625
0.7153320312
1.6015625
-1.802734375
0.1244506836
-0.5942382812
-0.84375
-0.7651367188
-0.5
-1.810546875
-0.9609375
-0.1997070312
-0.333984375
1.388671875
-0.9248046875
0.2326660156
-0.6166992188
0.4897460938
-0.1981201172
-0.54296875
-1.620117188
1.396484375
1.075195312
-0.8237304688
0.3928222656
-1.576171875
0.1155395508
0.3046875
2.03515625
0.9096679688
1.180664062
0.7412109375
0.8935546875
0.5126953125
0.3725585938
0.373046875
-0.8540039062
1.016601562
-0.56640625
1.721679688
-0.8984375
0.5678710938
-0.2907714844
0.2435302734
1.903320312
0.2780761719
-0.1167602539
0.4372558594
0.4775390625
-1.391601562
0.02763366699
0.9213867188
-0.9848632812
0.1431884766
0.1329345703
0.1812744141
-0.09875488281
-0.6044921875
-0.03649902344
0.7309570312
-0.6201171875
-0.3818359375
1.999023438
0.09051513672
-0.3679199219
0.3315429688
0.2619628906
-0.7373046875
-0.07470703125
1.85546875
-1.161132812
1.467773438
0.4448242188
0.7373046875
-0.7490234375
-1.189453125
0.814453125
-0.01323699951
-0.005989074707
0.09375
0.7016601562
0.2174072266
-0.6831054688
-0.3508300781
-0.3254394531
-1.611328125
0.5322265625
0.4968261719
0.1220092773
0.4682617188
1.068359375
1.385742188
-0.2514648438
0.07580566406
2.4375
0.7915039062
0.4211425781
0.6142578125
-1.06640625
0.5361328125
-0.3894042969
0.03820800781
1.373046875
1.963867188
1.53515625
0.05004882812
0.3666992188
1.418945312
1.185546875
0.2741699219
0.2814941406
-2.41015625
-1.208984375
0.2471923828
0.5551757812
-1.572265625
0.9858398438
0.06506347656
0.6689453125
0.06896972656
1.149414062
-1.41796875
0.7534179688
0.03140258789
-1.7578125
-0.2371826172
1.141601562
1.461914062
-0.1081542969
0.2817382812
-0.05517578125
0.7465820312
0.3974609375
-0.6279296875
0.345703125
-0.6938476562
-0.9375
0.6586914062
-0.7978515625
0.09820556641
1.02734375
0.2700195312
0.919921875
0.2775878906
-0.4675292969
0.1555175781
-1.515625
1.401367188
-0.1221923828
1.868164062
-0.1091308594
0.1787109375
-0.8525390625
-0.724609375
-0.466796875
0.2255859375
-0.1918945312
0.4018554688
0.6918945312
-0.728515625
2
-0.4260253906
-0.3227539062
-0.6303710938
-0.5034179688
0.9775390625
1.645507812
0.07391357422
0.3576660156
1.012695312
-2.4375
-0.6118164062
1.12890625
-0.7890625
0.359375
0.9453125
0.05383300781
-0.3583984375
-0.7236328125
-2.640625
-0.6977539062
0.3295898438
-0.5620117188
0.1213378906
0.919921875
-1.263671875
-1.114257812
-1.923828125
0.07061767578
0.517578125
-0.3974609375
-1.314453125
-0.84765625
1.655273438
-0.1151123047
0.7827148438
0.1389160156
-1.071289062
1.8125
-1.341796875
0.97265625
-0.7080078125
-2.638671875
-0.9052734375
-0.2712402344
-1.473632812
-1.015625
0.03936767578
0.8916015625
-0.1953125
1.845703125
0.4711914062
0.09521484375
1.09375
0.01892089844
1.705078125
-1.715820312
0.3149414062
0.07623291016
0.958984375
-0.3271484375
0.008682250977
-0.41796875
-0.5234375
2.1953125
2.00390625
-0.07861328125
-1.68359375
-0.8100585938
0.939453125
0.8662109375
-2.017578125
-0.07922363281
-0.771484375
0.3701171875
-1.395507812
-0.1090698242
1.083007812
1.881835938
0.2392578125
0.3356933594
0.6552734375
1.739257812
-1.127929688
-0.8076171875
-0.6235351562
-0.837890625
0.6474609375
-0.568359375
0.7309570312
-0.291015625
-0.626953125
0.1820068359
1.40625
1.065429688
0.2912597656
-0.5576171875
1.184570312
-0.1938476562
-1.32421875
0.6665039062
0.6787109375
0.02056884766
0.533203125
-1.048828125
0.01840209961
-1.064453125
1.038085938
-0.8388671875
0.779296875
0.7524414062
-1.012695312
-1.46484375
0.1750488281
-0.4050292969
-2.12109375
-0.5073242188
0.3283691406
0.3049316406
0.3796386719
0.5102539062
0.2429199219
0.5073242188
-0.01358032227
0.580078125
0.07220458984
-0.03881835938
1.5390625
1.908203125
-1.109375
1.021484375
-0.1315917969
1.127929688
-0.76953125
-0.5903320312
0.6743164062
0.7919921875
-0.5854492188
0.6762695312
-1.478515625
0.04821777344
0.4938964844
-0.3874511719
-0.6669921875
-0.2301025391
-0.5336914062
1.69140625
-0.1391601562
1.356445312
-2.365234375
-0.4184570312
0.6694335938
0.8706054688
0.5590820312
-0.6845703125
-0.4677734375
-2.224609375
-0.732421875
-0.8413085938
0.4833984375
0.3737792969
-0.4821777344
-0.1087646484
0.630859375
-0.6083984375
-0.65234375
0.2133789062
0.4196777344
0.8110351562
0.8188476562
-1.499023438
-0.1141967773
-0.1490478516
-1.640625
-1.545898438
0.5532226562
1.602539062
0.6303710938
-2.130859375
0.1207275391
-1.245117188
-0.2019042969
-0.2504882812
-0.326171875
0.8911132812
-0.6176757812
-0.6689453125
-0.337890625
-0.9350585938
-0.9291992188
-0.2293701172
-3.51171875
-1.389648438
0.0791015625
1.03515625
1.00390625
1.3828125
-1.336914062
-0.4040527344
0.5229492188
0.95703125
-0.0368347168
0.4487304688
0.8984375
-0.2783203125
-0.1617431641
0.6533203125
0.4367675781
-0.6645507812
-0.4086914062
0.283203125
1.166015625
-0.2181396484
0.9833984375
0.2346191406
-0.1876220703
-0.4528808594
-0.37890625
-0.7045898438
-0.4406738281
1.654296875
0.1623535156
-0.6333007812
0.1964111328
-2.416015625
1.572265625
-0.5869140625
0.05255126953
1.481445312
0.5009765625
-0.4621582031
0.7353515625
-2.572265625
0.07995605469
-0.8720703125
0.3181152344
-0.1868896484
-2.265625
1.881835938
-0.9892578125
0.4587402344
-1.091796875
0.2219238281
-0.2062988281
-1.404296875
-0.5625
-0.7465820312
-0.912109375
2.2890625
1.17578125
0.3034667969
-0.09063720703
1.966796875
-0.1628417969
-1.625
1.016601562
-0.5600585938
0.9150390625
-0.1644287109
-1.348632812
-0.5805664062
-1.396484375
0.2673339844
-0.009757995605
0.5283203125
-0.3764648438
0.9599609375
0.9609375
-0.3942871094
-0.43359375
-0.3950195312
0.2342529297
-0.05355834961
-0.1157226562
-0.6665039062
0.8833007812
-0.1547851562
1.958007812
-1.176757812
1.04296875
-0.2644042969
0.3681640625
-0.9931640625
-0.03350830078
0.8359375
1.845703125
0.9736328125
-0.7060546875
0.7509765625
-0.4809570312
-1.063476562
-0.5498046875
-0.6000976562
-1.423828125
1.231445312
-0.2983398438
-1.14453125
0.55859375
-0.3566894531
0.4111328125
1.647460938
0.3740234375
-0.66015625
0.06988525391
-0.587890625
-0.1491699219
-1.9765625
0.5986328125
0.6489257812
0.3876953125
-1.831054688
0.1329345703
-0.5864257812
-1.287109375
1.622070312
0.9028320312
-0.4682617188
1.717773438
-0.9155273438
1.090820312
-0.6713867188
-0.5200195312
-0.9477539062
-0.1274414062
-0.06646728516
-1.474609375
-0.2451171875
2.10546875
-0.5703125
0.412109375
-0.80078125
-0.595703125
-1.866210938
-0.568359375
0.55859375
-0.4963378906
-0.4943847656
1.827148438
-1.192382812
0.912109375
-0.9541015625
0.2259521484
-1.62109375
0.3442382812
0.4216308594
-1.4296875
-0.2385253906
-1.046875
0.05459594727
1.1796875
-0.4094238281
0.400390625
0.962890625
1.209960938
-0.7124023438
-0.7001953125
-0.4299316406
0.2761230469
-1.704101562
1.631835938
-0.6850585938
0.9829101562
-0.6069335938
0.07482910156
0.6669921875
-0.6450195312
0.02835083008
0.5947265625
0.003465652466
0.7026367188
0.6821289062
0.3669433594
0.6713867188
1.629882812
-1.928710938
0.416015625
0.4616699219
0.2758789062
-0.2570800781
-0.64453125
-0.5043945312
1.549804688
-0.04040527344
-0.2817382812
-1.224609375
-3.03515625
-0.626953125
0.3408203125
1.565429688
0.9633789062
1.006835938
0.5068359375
-0.564453125
-1.110351562
-0.1107788086
0.1784667969
0.5161132812
-0.1083374023
-0.07025146484
-0.5209960938
0.9750976562
-0.81640625
-0.537109375
-0.2709960938
-0.8549804688
0.1120605469
-0.2587890625
1.682617188
-1.116210938
0.1791992188
1.201171875
-1.15234375
-0.421875
0.9409179688
1.50390625
-0.6606445312
-0.3149414062
-1.647460938
1.45703125
0.02409362793
1.62890625
-0.474609375
-0.962890625
0.912109375
-0.974609375
0.2526855469
1.182617188
0.4145507812
0.7416992188
0.6484375
0.8564453125
-0.8115234375
-0.4916992188
1.344726562
0.0407409668
-0.900390625
2.279296875
0.1165771484
-1.168945312
0.5087890625
0.921875
-1.775390625
-0.06530761719
0.521484375
0.5629882812
1.810546875
-0.1365966797
0.6137695312
-0.7041015625
-0.4616699219
-0.3093261719
1.21484375
0.2045898438
-0.3737792969
0.1544189453
1.715820312
2.12109375
0.251953125
0.5283203125
0.3967285156
-0.2232666016
0.5600585938
-0.4533691406
-1.3046875
0.849609375
0.1430664062
0.7319335938
0.6821289062
-0.1259765625
-1.663085938
0.244140625
-0.3127441406
0.53515625
-0.9760742188
-0.5190429688
-0.07501220703
1.375976562
0.818359375
0.04699707031
1.959960938
2.341796875
-0.1246337891
0.681640625
-0.2702636719
-0.6142578125
0.8857421875
1.173828125
-1.326171875
0.2497558594
0.3256835938
-0.4675292969
0.01273345947
0.2814941406
-0.72265625
-0.4614257812
0.2443847656
-0.2712402344
-0.4462890625
-1.23046875
-1.526367188
-1.02734375
-2.3515625
2.568359375
-0.2344970703
-0.7314453125
0.623046875
1.162109375
-0.58984375
-0.8911132812
-0.1094360352
0.1973876953
0.1849365234
-1.215820312
0.02502441406
-1.126953125
-0.08026123047
0.3061523438
0.6079101562
-1.034179688
-0.09356689453
-0.1740722656
-0.6772460938
-0.9350585938
1.268554688
0.4709472656
1.37890625
-1.358398438
0.6030273438
1.0625
2.384765625
-1.517578125
-0.3793945312
-0.2697753906
0.7329101562
-0.1871337891
0.4462890625
-0.71484375
1.185546875
-0.7817382812
-0.6616210938
-0.640625
-0.7294921875
-2.12890625
1.24609375
-1.01171875
0.1898193359
-1.087890625
0.8676757812
-1.53125
-0.8598632812
-0.1457519531
0.3139648438
-0.8740234375
0.734375
-0.970703125
-1.85546875
0.1768798828
2.04296875
0.34375
-1.576171875
-0.06121826172
-1.053710938
-0.2023925781
1.018554688
-0.004634857178
0.2534179688
0.2445068359
-1.348632812
1.165039062
0.8569335938
-0.2172851562
-0.2412109375
0.6948242188
-0.2956542969
0.4733886719
-0.8139648438
-0.9291992188
-0.02111816406
-1.36328125
0.51171875
0.4602050781
-0.6508789062
0.8037109375
1.11328125
-0.1901855469
-0.6870117188
-0.3828125
0.9877929688
-1.142578125
1.119140625
-1.157226562
0.09478759766
-0.3474121094
0.3251953125
0.2543945312
-1.197265625
-0.2088623047
0.8051757812
-0.6821289062
-1.104492188
-1.225585938
-0.205078125
-0.1149291992
-1.02734375
1.663085938
-0.2973632812
0.7685546875
0.6557617188
2.130859375
0.662109375
1.776367188
-0.1843261719
-0.2746582031
0.3615722656
-1.892578125
0.9145507812
-1.15234375
-0.9750976562
-1.251953125
1.15234375
1.340820312
0.9619140625
1.020507812
1.405273438
-0.796875
1.385742188
0.3374023438
0.3693847656
1.982421875
0.888671875
-1.489257812
-0.06854248047
1.467773438
0.9575195312
0.9780273438
-1.65625
2.646484375
0.2614746094
1.737304688
1.915039062
1.013671875
0.515625
0.9711914062
-0.1674804688
-0.7861328125
0.55078125
0.3061523438
-0.5053710938
0.2281494141
-0.4982910156
0.4821777344
1.686523438
-0.1234741211
0.53125
1.512695312
-0.404296875
-1.084960938
1.370117188
0.984375
-1.870117188
0.3171386719
2.203125
-0.8969726562
1.224609375
-0.3605957031
2.4296875
0.6889648438
-1.452148438
-1.90234375
-0.06173706055
-1.295898438
-0.294921875
1.131835938
0.2014160156
0.08197021484
0.1518554688
0.1287841797
0.6899414062
-0.2084960938
0.7475585938
0.02522277832
-1.258789062
-0.2365722656
-1.237304688
0.3696289062
-0.005729675293
-0.02914428711
-1.959960938
-2.375
-0.2873535156
-0.1752929688
-0.53125
-0.1932373047
-1.263671875
-0.06359863281
0.2132568359
-0.002418518066
-1.548828125
1.302734375
0.6928710938
-1.09375
0.6508789062
0.08258056641
-0.06072998047
-1.405273438
-0.6904296875
1.342773438
0.5478515625
-2.17578125
-0.4174804688
-1.385742188
1.483398438
-0.1273193359
-2.033203125
-0.3615722656
-0.5966796875
-1.115234375
-0.6401367188
0.1954345703
0.4016113281
0.9887695312
0.3916015625
-0.4436035156
-0.9887695312
-0.7153320312
-0.1826171875
-1.270507812
-0.9462890625
-0.3530273438
-0.7236328125
-0.07269287109
0.7045898438
0.88671875
0.4436035156
-0.7465820312
1.48046875
0.611328125
1.421875
0.771484375
-1.40625
0.77734375
-1.212890625
-0.72265625
-1.786132812
0.6533203125
1.548828125
0.2724609375
0.2377929688
-0.509765625
-1.119140625
-0.99609375
0.3608398438
0.02005004883
0.0260925293
1.07421875
-0.984375
-0.2264404297
1.299804688
-0.865234375
1.735351562
-1.295898438
0.07440185547
-0.1130371094
0.1844482422
2.06640625
-0.7192382812
-0.2817382812
-0.05120849609
-0.3391113281
2.115234375
0.771484375
-0.1048583984
0.114440918
0.04815673828
-0.5278320312
0.4438476562
-2.16015625
-1.064453125
-0.6875
0.02084350586
1.435546875
-0.04809570312
-0.2797851562
-0.2333984375
-1.377929688
-0.1710205078
-0.4384765625
0.3044433594
-1.541992188
1.098632812
-1.317382812
-1.639648438
-0.95703125
-1.235351562
-0.3637695312
-0.4306640625
0.3093261719
0.880859375
0.2312011719
0.7705078125
-2.103515625
-0.06585693359
0.1505126953
-0.08404541016
-1.212890625
0.8876953125
1.2890625
-0.7192382812
1.352539062
-0.3112792969
0.7890625
-0.2692871094
0.2237548828
-1.279296875
0.3576660156
0.009254455566
1.837890625
-0.6108398438
-1.435546875
-0.3059082031
-2.16796875
0.8081054688
-0.5791015625
-0.1477050781
1.729492188
1.489257812
0.8564453125
-1.0546875
-0.3444824219
0.001216888428
-1.1640625
2.17578125
-0.3994140625
-0.05932617188
-0.552734375
-0.1553955078
0.7119140625
-0.2797851562
-0.2191162109
-0.2648925781
-0.26953125
0.02610778809
-0.02520751953
0.4875488281
-1.643554688
-0.4958496094
0.1788330078
0.05856323242
1.079101562
-2.505859375
0.002456665039
1.5546875
1.836914062
0.02659606934
1.034179688
0.008857727051
1.12109375
0.802734375
0.1420898438
0.9497070312
0.3366699219
1.090820312
-1.484375
1.223632812
-0.0217590332
0.2900390625
-0.5815429688
0.7119140625
0.00553894043
0.3308105469
-0.9033203125
-1.049804688
0.5131835938
-0.3337402344
-0.7963867188
1.643554688
1.029296875
0.4575195312
-1.125976562
-0.1657714844
2.060546875
1.119140625
-2.9453125
-1.850585938
-0.923828125
-1.388671875
2.138671875
-0.3823242188
0.8388671875
0.263671875
-1.517578125
-0.4094238281
-0.2802734375
0.6430664062
-1.053710938
0.4328613281
-0.05261230469
0.7407226562
0.4267578125
-0.4631347656
-0.03558349609
0.2293701172
-0.59765625
-1.418945312
0.6333007812
0.50390625
0.7143554688
-0.02630615234
-1.068359375
-0.1021728516
0.06622314453
1.495117188
1.409179688
1.907226562
-0.1114501953
0.5854492188
1.05859375
-0.2978515625
-0.7934570312
0.849609375
0.5854492188
0.5512695312
-0.509765625
1.739257812
-0.6059570312
-0.5844726562
-0.5791015625
0.3273925781
0.3576660156
-0.666015625
0.755859375
0.80859375
-0.22265625
-1.48828125
0.7563476562
-0.564453125
-1.180664062
-0.2119140625
-1.891601562
2.00390625
1.415039062
-1.6484375
1.319335938
0.1516113281
1.579101562
1.161132812
-1.146484375
-0.7944335938
-1.129882812
1.182617188
-1.248046875
0.4916992188
-0.3232421875
2.3359375
0.01232910156
0.5932617188
1.021484375
-1.065429688
-0.7182617188
0.06063842773
0.9448242188
-0.4743652344
-0.5698242188
0.9829101562
-0.44140625
-0.8212890625
-0.05996704102
-0.21875
-0.2416992188
0.623046875
-1.279296875
0.6157226562
-0.53125
0.484375
1.546875
-0.1623535156
-0.2761230469
-1.124023438
1.435546875
0.6005859375
-0.09729003906
0.150390625
0.4304199219
1.1953125
1.721679688
1.068359375
-1.020507812
-0.3618164062
-0.06787109375
0.666015625
-1.73828125
-1.443359375
-1.213867188
-0.4548339844
1.47265625
-0.4458007812
-0.4421386719
0.3188476562
-0.09100341797
0.9946289062
-0.2790527344
-1.42578125
0.66015625
-0.3432617188
-0.3056640625
-0.9599609375
-0.353515625
-0.6381835938
-1.1640625
0.04681396484
-0.5805664062
0.2093505859
-1.375
0.9853515625
-0.54296875
1.154296875
0.006912231445
0.3637695312
-0.0221862793
0.8149414062
-2.55078125
0.7001953125
-1.024414062
-0.9809570312
-2.75390625
1.178710938
-1.249023438
-2.794921875
0.2233886719
-1.905273438
-0.3356933594
0.7612304688
1.389648438
0.2873535156
-2.58984375
1.204101562
1.736328125
0.1964111328
0.08538818359
-1.53125
1.502929688
0.6982421875
1.905273438
-0.2178955078
-1.180664062
-0.5546875
-0.01640319824
0.2961425781
-0.3342285156
0.6499023438
-1.61328125
-0.4719238281
1.627929688
0.2978515625
0.9868164062
0.23046875
0.05673217773
-0.66796875
1.1484375
1.267578125
0.8891601562
0.01116943359
-0.5952148438
1.092773438
0.6103515625
-0.9536132812
-1.5546875
-0.4248046875
-0.5219726562
-1.103515625
-0.9916992188
-1.048828125
-0.537109375
-0.5883789062
0.1016235352
-0.955078125
-0.06927490234
0.9653320312
2.451171875
-0.09661865234
2.396484375
0.2817382812
1.58203125
0.1540527344
0.2099609375
-0.896484375
-1.438476562
1.109375
-0.4931640625
-0.07501220703
-0.9755859375
-1.250976562
1.306640625
0.2181396484
-0.9399414062
-1.55859375
0.703125
0.2849121094
1.337890625
0.7900390625
1.581054688
-0.2690429688
-0.3994140625
0.6157226562
-0.1430664062
-2.802734375
-0.642578125
-1.59375
-0.564453125
-0.5341796875
0.4833984375
1.6328125
0.1273193359
0.08538818359
0.640625
0.2834472656
0.7119140625
-0.4306640625
-1.1171875
0.6469726562
0.4477539062
-1.787109375
-0.9580078125
-0.4067382812
0.3430175781
0.3405761719
-0.2619628906
-1.87890625
0.3583984375
-0.09375
-3.02734375
-0.07830810547
-1.321289062
-0.001203536987
-0.326171875
0.6049804688
0.501953125
-0.8276367188
-2.166015625
2.080078125
1.4765625
-1.389648438
-1.409179688
-1.17578125
-2.1328125
0.962890625
1.748046875
0.412109375
-0.7514648438
0.007190704346
0.2971191406
1.561523438
-0.2583007812
0.004531860352
0.3037109375
1.416015625
-0.5092773438
0.8168945312
0.3525390625
1.912109375
1.46484375
-0.05462646484
-1.004882812
-0.01173400879
-0.1414794922
0.1486816406
-1.698242188
-0.3449707031
0.4497070312
-0.3344726562
0.6782226562
-0.623046875
-0.5830078125
0.9267578125
0.3662109375
-0.9086914062
-0.658203125
-1.137695312
0.8129882812
-1.16015625
1.978515625
-0.6752929688
-0.2292480469
0.87890625
-1.35546875
0.04583740234
0.8681640625
1.846679688
-0.7104492188
-0.5009765625
-1.354492188
-0.2458496094
1.349609375
-0.1296386719
0.33203125
0.9272460938
-1.357421875
-1.346679688
1.029296875
1.46484375
2.01171875
2.025390625
0.2565917969
-2.228515625
0.2037353516
-0.8862304688
0.9438476562
-0.552734375
-0.9951171875
-0.1448974609
0.1865234375
0.4216308594
0.08917236328
2.478515625
2.03515625
-1.5390625
0.08959960938
-0.3049316406
-2.015625
-1.666992188
-0.02032470703
-0.919921875
1.545898438
1.918945312
-0.9282226562
-0.2995605469
-0.0233001709
0.5009765625
2.078125
1.240234375
-1.862304688
-0.669921875
0.1577148438
1.297851562
-1.171875
-1.75390625
-2.259765625
-1.759765625
-2.19140625
-0.1667480469
0.873046875
0.1153564453
0.7280273438
0.01940917969
-2.28125
1.057617188
1.333007812
-1.306640625
-0.2504882812
0.2907714844
1.12109375
-1.396484375
0.1845703125
0.94140625
-0.7084960938
1.009765625
1.3125
-1.747070312
1.150390625
-0.4233398438
1.231445312
0.1292724609
0.6098632812
0.2062988281
1.719726562
1.190429688
0.3251953125
0.7373046875
0.494140625
-1.711914062
0.5615234375
0.02554321289
0.4497070312
-1.01171875
0.4409179688
2.01953125
0.259765625
1.004882812
-3.103515625
0.05374145508
-0.2485351562
-0.2585449219
-0.8647460938
-0.2408447266
9.351968765e-05
0.806640625
-0.2883300781
-1.073242188
-1.068359375
-1.625976562
-2.751953125
-1.162109375
1.28125
0.8745117188
-0.83203125
-0.958984375
-0.9116210938
-0.6015625
-0.1024780273
-1.475585938
0.2102050781
0.3037109375
-1.107421875
-0.6748046875
2.16015625
-0.4287109375
1.231445312
-1.219726562
-0.314453125
0.205078125
-0.06365966797
-0.6372070312
1.741210938
-0.07788085938
-0.4611816406
2.140625
-0.5166015625
0.70703125
1.641601562
0.1599121094
0.5229492188
-1.407226562
0.98046875
0.890625
0.5434570312
-0.4375
-1.392578125
-0.6938476562
0.1488037109
-0.2197265625
2.412109375
-0.7016601562
-1.499023438
0.07141113281
-0.6967773438
-0.7446289062
0.05053710938
-1.670898438
-0.9584960938
-0.2646484375
-0.1768798828
-0.7924804688
-0.1458740234
-0.2313232422
1.185546875
-1.606445312
0.2719726562
-0.201171875
-0.1040039062
1.163085938
-3.69921875
0.2629394531
1.735351562
-0.1017456055
-1.749023438
-0.6611328125
-0.87890625
0.5092773438
1.75
-0.9780273438
0.4836425781
1.706054688
1.513671875
-0.4411621094
-1.373046875
-1.065429688
-0.7109375
0.57421875
0.96484375
1.854492188
1.315429688
1.576171875
1.348632812
1.838867188
0.783203125
-0.833984375
1.373046875
0.921875
0.3422851562
-0.7900390625
1.296875
-0.2381591797
-0.2056884766
-0.7875976562
-2.447265625
-1.514648438
-0.4953613281
0.5244140625
-1.633789062
-0.45703125
0.779296875
-1.736328125
-0.7104492188
-1.469726562
-0.1613769531
0.1259765625
-1.133789062
-0.1429443359
0.2315673828
0.08099365234
-1.37890625
-0.05041503906
-0.7182617188
-0.1011962891
0.5517578125
-0.1215209961
0.04656982422
0.7104492188
0.5458984375
-0.3068847656
0.7607421875
-0.7104492188
-1.125976562
-0.9296875
-0.09771728516
-0.2644042969
-0.5122070312
0.02236938477
-0.8994140625
0.1906738281
0.4184570312
0.06536865234
1.393554688
0.5756835938
1.891601562
-0.7973632812
-0.8901367188
0.8447265625
0.77734375
-0.7758789062
0.04293823242
0.03982543945
2.6015625
0.3251953125
-1.020507812
0.01508331299
0.8564453125
1.116210938
-1.58984375
0.9008789062
1.344726562
-3.201171875
1.196289062
-0.4455566406
0.1459960938
0.8090820312
-0.8256835938
-1.017578125
0.9096679688
0.091796875
-6.359815598e-05
0.1428222656
-1.180664062
-0.7236328125
-0.07629394531
0.2692871094
-1.603515625
-1.934570312
1.643554688
-0.49609375
1.125
-0.7504882812
0.2600097656
0.9736328125
-2.52734375
-0.7763671875
0.4040527344
-2.42578125
0.9912109375
-0.375
-1.026367188
-0.896484375
-0.1872558594
1.739257812
-1.375976562
-0.7055664062
1.015625
-0.7114257812
-0.006935119629
0.5698242188
-3.091796875
-0.4453125
0.8374023438
-0.3703613281
-0.9418945312
0.9248046875
0.02807617188
1.104492188
-0.1456298828
-0.01766967773
1.328125
-2.26953125
-0.384765625
-0.6381835938
0.5971679688
0.9780273438
-0.4282226562
0.06195068359
0.4089355469
1.416992188
-1.53515625
0.2015380859
0.4709472656
-0.7573242188
-1.377929688
1.884765625
0.87109375
-2.0234375
-0.5747070312
-0.9091796875
1.4140625
-0.6245117188
0.748046875
0.8286132812
-0.01870727539
-0.0003736019135
1.352539062
-0.3581542969
-0.6845703125
-0.1380615234
0.06384277344
-1.532226562
0.3044433594
-1.030273438
0.9165039062
0.2446289062
2.4921875
1.37109375
-1.954101562
0.9868164062
-1.540039062
0.55859375
0.5268554688
0.5014648438
0.2700195312
0.2045898438
0.703125
-1.495117188
0.2932128906
0.04711914062
-0.3127441406
-0.001882553101
0.826171875
0.626953125
-1.12890625
-0.625
-0.3913574219
-0.8305664062
-0.6625976562
-0.546875
0.1193847656
0.4123535156
-0.1663818359
0.4997558594
-0.3212890625
1.107421875
1.749023438
-0.7143554688
1.504882812
0.7060546875
0.3334960938
0.5869140625
0.6704101562
0.6088867188
1.076171875
1.435546875
0.4384765625
0.9682617188
-0.3747558594
-0.2775878906
0.2489013672
-0.4809570312
0.7080078125
-0.6030273438
0.8623046875
-1.302734375
1.416992188
0.5922851562
-1.080078125
-1.58203125
1.364257812
0.4919433594
-1.057617188
2.0078125
-0.3168945312
-1.3359375
-1.666015625
-0.3293457031
0.8212890625
-0.7353515625
1.000976562
-0.1661376953
-0.3322753906
1.86328125
-0.6201171875
0.4819335938
-2.119140625
1.516601562
-0.9018554688
-1.274414062
0.43359375
-0.4931640625
-0.1694335938
0.07904052734
-0.6577148438
2.021484375
0.0810546875
-1.405273438
0.4228515625
0.4104003906
0.1162719727
1.169921875
0.9125976562
-1.387695312
-0.9243164062
-0.5786132812
1.799804688
0.654296875
0.87109375
-1.177734375
0.1970214844
-1.375976562
-1.084960938
-0.322265625
-0.4345703125
0.1696777344
0.96875
0.0192565918
1.083984375
-0.5532226562
-0.3369140625
1.546875
0.4541015625
-0.08758544922
-0.1265869141
0.5107421875
-1.701171875
0.54296875
-1.19140625
-1.05859375
-0.6782226562
-0.3740234375
-0.263671875
-0.2286376953
0.033203125
-0.1787109375
-0.9921875
-0.9633789062
-0.7080078125
-0.7026367188
-0.2888183594
-0.2763671875
-1.509765625
-1.650390625
-0.626953125
0.4624023438
0.02349853516
0.4704589844
0.7875976562
0.7348632812
0.7270507812
0.8920898438
0.6201171875
1.55859375
-0.6469726562
-0.5532226562
-0.5561523438
-1.602539062
-1.66015625
-0.1665039062
0.007888793945
-1.137695312
0.9077148438
-2.12890625
0.4204101562
0.6030273438
-0.7021484375
-0.7377929688
0.7705078125
-0.3032226562
0.6440429688
-0.8251953125
0.02751159668
0.3393554688
-0.8212890625
-0.556640625
0.6743164062
1.35546875
1.456054688
1.028320312
1.104492188
-0.4758300781
0.5048828125
0.626953125
2.45703125
0.4838867188
-1.024414062
1.2734375
0.4353027344
0.4323730469
0.1961669922
0.08190917969
0.4331054688
1.094726562
-1.024414062
0.7529296875
0.1923828125
-0.3125
0.5517578125
-0.7817382812
0.6479492188
-1.009765625
0.8237304688
-0.2119140625
1.764648438
-1.013671875
-1.111328125
-0.003347396851
-0.6962890625
1.7421875
0.0224609375
-0.09674072266
-0.8310546875
0.798828125
0.39453125
0.2033691406
1.130859375
1.111328125
-0.4038085938
0.7495117188
0.8955078125
0.396484375
2.6640625
-0.6186523438
1.172851562
-0.904296875
1.44140625
-0.9624023438
-1.291992188
-1.189453125
-0.8833007812
1.248046875
-0.5244140625
-2.078125
-1.12109375
-1.202148438
0.4809570312
-0.1713867188
-0.1665039062
-0.4636230469
0.5659179688
-0.9970703125
0.5146484375
0.7456054688
0.3132324219
-1.5859375
0.11328125
0.4611816406
0.78515625
0.07678222656
0.3088378906
-0.8447265625
0.3073730469
-0.09118652344
1.509765625
0.4233398438
0.4304199219
-1.499023438
0.439453125
-1.684570312
1.73828125
-0.568359375
0.9658203125
1.24609375
0.6840820312
1.483398438
-0.3278808594
0.357421875
1.1015625
-0.2829589844
-0.62109375
-1.838867188
-0.359375
-1.448242188
2.505859375
-0.7993164062
0.5834960938
-0.3520507812
0.1920166016
-0.3315429688
-0.779296875
-1.241210938
-0.654296875
1.170898438
1.311523438
-0.06085205078
-0.525390625
0.2186279297
0.744140625
-0.5541992188
0.01243591309
2.232421875
0.1304931641
-1.102539062
1.150390625
-0.07568359375
0.8784179688
0.02911376953
0.08703613281
0.3933105469
0.5078125
-1.497070312
1.014648438
-0.357421875
0.4562988281
-0.5908203125
0.5356445312
0.9858398438
0.27734375
1.122070312
-0.2160644531
-1.345703125
0.369140625
0.2985839844
0.5043945312
-2.14453125
-1.548828125
-1.052734375
-0.1649169922
-0.7700195312
0.9306640625
0.1895751953
0.1481933594
-0.3117675781
0.1772460938
-1.485351562
-0.5625
-0.03948974609
1.130859375
-0.4479980469
-0.08526611328
0.3642578125
-0.9819335938
0.9077148438
-1.07421875
-0.1311035156
0.09344482422
-0.2403564453
0.2059326172
-0.7709960938
2.322265625
-1.487304688
-0.1672363281
1.4453125
0.3229980469
-0.9926757812
0.462890625
-1.04296875
0.4094238281
1.845703125
0.3540039062
0.3681640625
1.813476562
-0.3500976562
0.2003173828
1.797851562
-0.5131835938
-1.35546875
0.56640625
-1.091796875
0.3642578125
-1.125
0.6025390625
-1.426757812
0.5766601562
0.3955078125
-0.890625
0.9072265625
-0.2398681641
0.7856445312
0.4396972656
0.4523925781
-1.297851562
0.6611328125
0.1457519531
-1.240234375
0.7919921875
0.1207885742
0.736328125
1.26171875
0.04434204102
0.2291259766
1.870117188
0.921875
1.129882812
-0.57421875
-2.40625
0.5625
0.6044921875
-1.178710938
-0.1317138672
-1.196289062
0.396484375
-0.5419921875
-1.131835938
0.1401367188
-0.01444244385
-0.6611328125
1.655273438
-0.2325439453
-1.78125
0.2186279297
-0.9638671875
1.15234375
1.58984375
-0.818359375
1.693359375
-0.4592285156
-1.03125
1.564453125
-0.8940429688
0.4194335938
-1.505859375
0.1170043945
0.8608398438
-1.041015625
0.9975585938
-0.2829589844
-0.5341796875
-1.171875
0.6435546875
-0.5732421875
-0.1085205078
-1.3359375
0.8637695312
0.287109375
1.072265625
-2.48046875
-0.1467285156
1.223632812
0.1530761719
0.5986328125
-0.4353027344
-0.2641601562
0.2218017578
-0.8833007812
1.016601562
0.002012252808
-0.5009765625
0.3425292969
-0.5732421875
1.122070312
0.6430664062
-1.25
-1.875976562
1.256835938
0.64453125
-0.6323242188
-0.1959228516
0.3117675781
1.1875
-0.3464355469
0.108215332
0.783203125
-1.41796875
0.2541503906
0.4719238281
-0.1330566406
-2.03125
0.9165039062
0.6274414062
1.184570312
0.1068115234
-1.001953125
0.6899414062
-1.153320312
-1.114257812
-1.017578125
-1.067382812
0.4123535156
-0.2983398438
-0.4252929688
-0.09161376953
0.59375
-1.487304688
0.6640625
-0.935546875
0.7368164062
-1.037109375
0.5390625
0.662109375
-1.125976562
1.1171875
-0.01756286621
-0.6259765625
0.3500976562
0.4643554688
0.8681640625
1.446289062
-0.4753417969
0.5795898438
0.3249511719
0.4184570312
0.2232666016
-0.3400878906
-0.498046875
0.09130859375
-1.194335938
-1.012695312
1.540039062
-0.1691894531
0.2822265625
0.7958984375
0.6025390625
-1.004882812
1.41796875
0.380859375
2.359375
-0.4235839844
-2.0703125
-0.07806396484
-1.600585938
0.05880737305
-0.005077362061
-0.5415039062
0.1750488281
-0.3601074219
0.4384765625
-0.8408203125
-1.666015625
-1.330078125
0.5126953125
-0.4733886719
-1.505859375
0.9287109375
1.0625
-0.7407226562
-0.9716796875
0.8129882812
-0.9321289062
0.8505859375
-0.8212890625
-0.9370117188
-1.165039062
-0.8115234375
1.327148438
-0.5483398438
-0.4875488281
-0.2471923828
-0.2296142578
0.04049682617
0.6806640625
1.529296875
0.51171875
0.7290039062
-0.7280273438
-0.4560546875
0.07751464844
0.7236328125
-0.6235351562
-0.1093139648
-0.1030273438
1.25
0.1363525391
-0.4558105469
-1.783203125
-1.538085938
2.21484375
0.5932617188
0.02236938477
0.08404541016
-0.4172363281
0.5380859375
0.619140625
-0.4885253906
2.376953125
1.513671875
-0.1491699219
-0.1369628906
0.1206665039
2.638671875
-0.6259765625
0.05032348633
-1.985351562
0.07427978516
-0.5815429688
1.142578125
0.02844238281
-1.065429688
0.6381835938
0.8813476562
0.3386230469
-2.19921875
0.66015625
-1.44921875
1.000976562
-0.1301269531
-2.09375
0.09790039062
-0.4821777344
-0.1372070312
1.350585938
-0.3759765625
0.09118652344
-1.877929688
-0.8989257812
0.6171875
-1.395507812
-1.094726562
0.564453125
0.1278076172
0.3671875
-0.4572753906
0.5444335938
-0.9365234375
0.3190917969
1.233398438
-1.764648438
0.7221679688
-1.603515625
0.7104492188
0.8642578125
0.3864746094
1.485351562
-1.189453125
-1.19921875
-0.07543945312
-0.5825195312
-0.7529296875
-0.6728515625
-0.1604003906
1.466796875
-1.022460938
0.6166992188
-1.083984375
-0.5727539062
-0.7495117188
-0.2680664062
0.9453125
-1.217773438
-0.9453125
1.061523438
0.1834716797
-1.439453125
0.3801269531
-1.21875
1.205078125
-0.8540039062
0.6162109375
-0.6328125
-0.3337402344
0.955078125
2.052734375
0.5239257812
-0.02268981934
-0.8828125
-0.07135009766
0.3005371094
-0.2883300781
-1.026367188
1.209960938
1.297851562
-0.6298828125
0.2834472656
1.107421875
0.2280273438
-0.1749267578
-1.744140625
-0.5493164062
-0.3178710938
0.4663085938
0.4943847656
0.2885742188
-0.2470703125
-0.7475585938
1.19140625
-0.06561279297
-0.3994140625
0.9799804688
0.556640625
0.4575195312
-1.567382812
0.2114257812
-1.676757812
-0.7744140625
-0.6362304688
-0.3723144531
0.5478515625
-0.44140625
-2.224609375
0.3234863281
-1.861328125
-0.2741699219
-0.9809570312
0.06011962891
1.364257812
-0.4167480469
1.021484375
-1.909179688
2.083984375
-0.97265625
0.703125
0.1107788086
0.3098144531
-1.337890625
-0.02470397949
0.7163085938
0.01549530029
0.3220214844
-0.06604003906
0.2663574219
-0.8481445312
-0.8256835938
-0.2534179688
-0.8862304688
1.053710938
-1.141601562
-1.352539062
-0.3046875
-1.630859375
0.1379394531
-0.2292480469
-1.578125
-0.576171875
-0.3000488281
-1.870117188
-0.6938476562
1.319335938
-0.7309570312
-1.272460938
-0.927734375
-0.5678710938
-0.5546875
-2.064453125
2.203125
1.174804688
-0.1212768555
0.3754882812
-0.404296875
-0.5590820312
1.030273438
0.115234375
0.02742004395
-0.2340087891
1.256835938
-0.4963378906
2.064453125
0.04147338867
0.1921386719
-0.06506347656
-0.07940673828
0.57421875
-1.026367188
0.1108398438
-0.8657226562
0.4382324219
1.345703125
1.469726562
0.4035644531
-0.97265625
-2.623046875
0.1096191406
-0.1434326172
0.03366088867
-0.5151367188
-1.025390625
-0.06927490234
-0.3315429688
0.3942871094
0.2573242188
-0.02844238281
1.3359375
-0.2174072266
-0.2337646484
-0.3779296875
-0.7666015625
-0.33984375
-1.505859375
0.890625
1.376953125
0.2724609375
-1.092773438
-0.03936767578
-0.3522949219
-1.610351562
0.8764648438
-0.3713378906
-0.9487304688
-0.7353515625
-0.4113769531
0.7197265625
0.3874511719
1.630859375
-1.013671875
0.05908203125
0.3278808594
-0.4208984375
-0.3520507812
1.06640625
-0.3681640625
0.02586364746
0.6674804688
-2.322265625
0.2077636719
1.151367188
-0.939453125
0.04083251953
1.345703125
-0.05456542969
0.3369140625
0.4565429688
-0.7998046875
0.6279296875
0.4851074219
0.2946777344
-0.9379882812
0.6416015625
0.7348632812
-0.4125976562
-0.8178710938
0.3337402344
1.146484375
-0.7104492188
-0.08477783203
0.5815429688
0.1045532227
0.8579101562
1.674804688
0.8452148438
0.8120117188
-0.5336914062
-0.7377929688
-0.21484375
-0.02507019043
0.3977050781
2.423828125
0.07348632812
1.20703125
-0.3332519531
-1.408203125
1.306640625
0.07873535156
0.9013671875
1.139648438
-0.4411621094
-0.09405517578
-0.7231445312
-0.2646484375
0.3620605469
1.216796875
1.353515625
-1.125976562
0.7416992188
-0.4963378906
0.4660644531
-1.625976562
1.930664062
-1.430664062
1.255859375
0.939453125
-0.1535644531
0.4721679688
-0.1376953125
-0.1169433594
1.092773438
0.5341796875
-1.088867188
-0.03924560547
-0.5771484375
-2.34765625
-0.3374023438
0.9526367188
0.05511474609
1.194335938
-1.270507812
-0.04827880859
-0.05291748047
-1.452148438
-0.4541015625
0.5307617188
1.485351562
-0.8432617188
-2.33984375
0.40234375
1.287109375
-0.4633789062
1.33203125
0.1376953125
-1.150390625
-1.15234375
-0.05700683594
2.06640625
0.4338378906
-0.376953125
-0.8720703125
-0.1540527344
-1.33203125
0.3742675781
1.137695312
-2.041015625
1.099609375
-2.0234375
-1.215820312
1.427734375
-1.422851562
0.8051757812
-1.448242188
0.6166992188
0.6625976562
0.080078125
-1.408203125
-0.5825195312
-0.7963867188
0.4130859375
-2.3359375
-0.8540039062
-0.2917480469
0.3510742188
0.5297851562
2.5234375
0.8149414062
0.7827148438
0.3842773438
0.9169921875
1.012695312
0.4362792969
-0.002542495728
-0.4367675781
0.4016113281
1.506835938
0.3278808594
-0.07531738281
-0.09771728516
0.7172851562
-1.532226562
0.1134643555
-0.380859375
0.3107910156
0.06414794922
0.4377441406
0.197265625
-0.578125
0.2944335938
0.6103515625
0.9360351562
0.3395996094
-0.04483032227
-0.3889160156
0.3330078125
-1.012695312
-0.2895507812
-1.051757812
1.487304688
0.1982421875
1.0859375
0.04373168945
-0.9897460938
-1.721679688
0.7890625
-0.4665527344
-0.3388671875
-1.642578125
-1.908203125
-0.7099609375
-1.948242188
-1.75390625
0.5903320312
-0.2307128906
0.4914550781
0.6303710938
0.2033691406
-1.928710938
0.9096679688
-1.165039062
0.3552246094
2.15625
-1.212890625
-2.060546875
-0.07385253906
-0.3471679688
-0.06665039062
0.677734375
-0.84375
0.1527099609
0.8374023438
-1.733398438
-1.733398438
-1.733398438
-1.733398438
-1.733398438
-1.733398438
-1.733398438
-1.733398438
-1.733398438
-1.733398438
-1.733398438
-1.733398438
-1.733398438
-1.733398438
-1.733398438
-1.733398438
-1.733398438
-1.733398438
-1.733398438
-1.733398438
-1.733398438
-1.733398438
-1.733398438
-1.733398438
-1.733398438
-1.733398438
-1.733398438
-1.733398438
-1.733398438
-1.733398438
-1.733398438
-1.733398438
-1.733398438
-1.733398438
-1.733398438
-1.733398438
-1.733398438
-1.733398438
-1.733398438
-1.733398438
-1.733398438
-1.733398438
-1.733398438
-1.733398438
-1.733398438
-1.733398438
-1.733398438
-1.733398438
-1.733398438
-1.733398438
-1.733398438
-1.733398438
-1.733398438
-1.733398438
-1.733398438
-1.733398438
-1.733398438
-1.733398438
-1.733398438
-1.733398438
-1.733398438
-1.733398438
-1.733398438
-1.733398438
